Exud_tot,Exud_liq,Exud_ads,Exud_ads_soil,Exud_ads_roots,Exud_decay
0.0,0.0,0.0,0.0,0.0,0.0
0.0,0.0,0.0,0.0,0.0,0.0
0.0,0.0,0.0,0.0,0.0,0.0
0.0,0.0,0.0,0.0,0.0,0.0
0.0,0.0,0.0,0.0,0.0,0.0
0.0,0.0,0.0,0.0,0.0,0.0
0.0,0.0,0.0,0.0,0.0,0.0
0.0,0.0,0.0,0.0,0.0,0.0
0.0,0.0,0.0,0.0,0.0,0.0
0.0,0.0,0.0,0.0,0.0,0.0
0.0,0.0,0.0,0.0,0.0,0.0
0.0,0.0,0.0,0.0,0.0,0.0
0.0,0.0,0.0,0.0,0.0,0.0
0.0,0.0,0.0,0.0,0.0,0.0
0.0,0.0,0.0,0.0,0.0,0.0
0.0,0.0,0.0,0.0,0.0,0.0
0.0,0.0,0.0,0.0,0.0,0.0
0.0,0.0,0.0,0.0,0.0,0.0
0.0,0.0,0.0,0.0,0.0,0.0
0.0,0.0,0.0,0.0,0.0,0.0
0.0,0.0,0.0,0.0,0.0,0.0
0.0,0.0,0.0,0.0,0.0,0.0
0.0,0.0,0.0,0.0,0.0,0.0
0.0,0.0,0.0,0.0,0.0,0.0
0.0,0.0,0.0,0.0,0.0,0.0
0.0,0.0,0.0,0.0,0.0,0.0
0.0,0.0,0.0,0.0,0.0,0.0
0.0,0.0,0.0,0.0,0.0,0.0
0.0,0.0,0.0,0.0,0.0,0.0
0.0,0.0,0.0,0.0,0.0,0.0
0.0,0.0,0.0,0.0,0.0,0.0
0.0,0.0,0.0,0.0,0.0,0.0
0.0,0.0,0.0,0.0,0.0,0.0
0.0,0.0,0.0,0.0,0.0,0.0
0.0,0.0,0.0,0.0,0.0,0.0
0.0,0.0,0.0,0.0,0.0,0.0
0.0,0.0,0.0,0.0,0.0,0.0
4.545128260492599e-08,1.7603131205397847e-08,2.685003119321288e-08,0.0,2.685003119321288e-08,9.981202063152648e-10
9.216510083850576e-08,2.1014494388629083e-08,6.865041827779466e-08,0.0,6.865041827779466e-08,2.5001881720819893e-09
1.4014145470013964e-07,2.2100889705740422e-08,1.1391541685483716e-07,0.0,1.1391541685483718e-07,4.125148139562073e-09
1.8938034418973024e-07,2.280797687949599e-08,1.6076329069872056e-07,0.0,1.6076329069872056e-07,5.809076611513644e-09
2.398817693072615e-07,2.3454785679213673e-08,2.0888595388304174e-07,0.0,2.0888595388304174e-07,7.541029745006143e-09
2.916457300527307e-07,2.4093548263925327e-08,2.5823293489364666e-07,0.0,2.5823293489364666e-07,9.31924689515868e-09
3.446722264261373e-07,2.4732813687069214e-08,3.0879588648502776e-07,0.0,3.0879588648502776e-07,1.1143526254040356e-08
3.989612584274818e-07,2.5373986657895177e-08,3.6057334448223916e-07,0.0,3.605733444822392e-07,1.3013927287347212e-08
4.545128260567629e-07,2.6017304024559633e-08,4.135649686847484e-07,0.0,4.1356496868474845e-07,1.493055334745487e-08
5.11326929313981e-07,2.6662811711551484e-08,4.6777060201849245e-07,0.0,4.677706020184925e-07,1.6893515583937145e-08
5.694035681991366e-07,2.7310524382800377e-08,5.231901168449827e-07,0.0,5.231901168449827e-07,1.890292697135388e-08
6.287427427122287e-07,2.7960451536258725e-08,5.798233898661736e-07,0.0,5.798233898661736e-07,2.09589013097962e-08
6.893444528532577e-07,2.861260176697361e-08,6.376702980422058e-07,0.0,6.376702980422058e-07,2.3061553044078153e-08
7.512086986222241e-07,2.92669834608929e-08,6.967307179433456e-07,0.0,6.967307179433455e-07,2.5210997217985582e-08
8.143354800191265e-07,2.992360490518227e-08,7.570045256626329e-07,0.0,7.57004525662633e-07,2.7407349451311288e-08
8.787247970439663e-07,3.0582474303521876e-08,8.184915968192203e-07,0.0,8.184915968192203e-07,2.9650725921224176e-08
9.44376649696742e-07,3.124359977619213e-08,8.811918065756361e-07,0.0,8.811918065756362e-07,3.194124334491374e-08
1.0112910379774533e-06,3.190698935814323e-08,9.451050296563377e-07,0.0,9.451050296563377e-07,3.4279018962972386e-08
1.0794679618861016e-06,3.2572650997033996e-08,1.0102311403656654e-06,0.0,1.0102311403656654e-06,3.666417052340251e-08
1.1489074214226854e-06,3.32405925516249e-08,1.0765700126048595e-06,0.0,1.0765700126048595e-06,3.909681626620061e-08
1.2196094165872045e-06,3.391082179055601e-08,1.1441215198881583e-06,0.0,1.1441215198881583e-06,4.157707490848994e-08
1.2915739473796608e-06,3.45833463914994e-08,1.2128855353579847e-06,0.0,1.2128855353579847e-06,4.4105065630176705e-08
1.3648010138000531e-06,3.525817394073251e-08,1.2828619317992102e-06,0.0,1.2828619317992102e-06,4.668090806010977e-08
1.4392906158483796e-06,3.593531193312153e-08,1.3540505816525265e-06,0.0,1.3540505816525265e-06,4.9304722262731754e-08
1.5150427535246423e-06,3.6614767772716145e-08,1.4264513570267123e-06,0.0,1.4264513570267123e-06,5.197662872521383e-08
1.5920574268288399e-06,3.729654877416635e-08,1.5000641297095888e-06,0.0,1.500064129709589e-06,5.4696748345084454e-08
1.6703346357609717e-06,3.79806621655468e-08,1.5748887711770366e-06,0.0,1.5748887711770369e-06,5.746520241838813e-08
1.74987438032104e-06,3.866711509393484e-08,1.6509251525986356e-06,0.0,1.6509251525986358e-06,6.028211262846915e-08
1.8306766605090462e-06,3.9355876967938124e-08,1.7281731494594098e-06,0.0,1.7281731494594098e-06,6.314763408169755e-08
1.9127414763249845e-06,4.004641707199308e-08,1.8066331680081186e-06,0.0,1.8066331680081186e-06,6.60618912448728e-08
1.996068827768858e-06,4.0738286466806834e-08,1.886305577643783e-06,0.0,1.886305577643783e-06,6.902496365826842e-08
2.080658714840665e-06,4.143225283813317e-08,1.9671895127667466e-06,0.0,1.967189512766747e-06,7.203694923578491e-08
2.166511137540409e-06,4.2128459328556354e-08,2.049284714231887e-06,0.0,2.049284714231887e-06,7.5097963979967e-08
2.253626095868087e-06,4.2826938208348225e-08,2.132591029669205e-06,0.0,2.132591029669205e-06,7.820812799053416e-08
2.3420035898236967e-06,4.3527702640993263e-08,2.217108324641234e-06,0.0,2.2171083246412345e-06,8.13675625414694e-08
2.4316436194072434e-06,4.423076256855066e-08,2.3028364673032167e-06,0.0,2.3028364673032167e-06,8.457638953547513e-08
2.5225461846187273e-06,4.494376621066171e-08,2.3897709768372117e-06,0.0,2.389770976837212e-06,8.78314415708546e-08
2.6134487498302333e-06,4.5150827289060965e-08,2.4771893991077777e-06,0.0,2.4771893991077777e-06,9.11085234333943e-08
2.7043513150417384e-06,4.526914453279683e-08,2.564687536869685e-06,0.0,2.564687536869685e-06,9.439463363925809e-08
2.795253880253241e-06,4.5372428654032965e-08,2.6521941894938255e-06,0.0,2.6521941894938255e-06,9.768726210538378e-08
2.8861564454647436e-06,4.5473383927005284e-08,2.7396970946288708e-06,0.0,2.7396970946288708e-06,1.0098596690886589e-07
2.9770590106762394e-06,4.5574176164817787e-08,2.8271941534400583e-06,0.0,2.8271941534400583e-06,1.0429068107136382e-07
3.0679615758877335e-06,4.5675172729932964e-08,2.9146849996574154e-06,0.0,2.914684999657416e-06,1.0760140350038404e-07
3.1588641410992246e-06,4.5776436182545605e-08,3.0021695604070577e-06,0.0,3.0021695604070577e-06,1.109181445096204e-07
3.2497667063107102e-06,4.587797765675905e-08,3.0896478122720634e-06,0.0,3.089647812272064e-06,1.1424091638188916e-07
3.340669271522196e-06,4.597979963771439e-08,3.177119740133199e-06,0.0,3.177119740133199e-06,1.1756973175128333e-07
3.431571836733676e-06,4.6081903159535685e-08,3.2645853302464815e-06,0.0,3.264585330246482e-06,1.209046033276596e-07
3.5224744019451528e-06,4.618428901351658e-08,3.352044569081742e-06,0.0,3.3520445690817425e-06,1.2424554384989348e-07
3.6133769671566257e-06,4.6286957950548644e-08,3.4394974431281544e-06,0.0,3.4394974431281544e-06,1.2759256607792334e-07
3.7042795323680974e-06,4.6389910714932354e-08,3.526943938861816e-06,0.0,3.5269439388618166e-06,1.3094568279134834e-07
3.7951820975795635e-06,4.649314805002605e-08,3.6143840427404114e-06,0.0,3.6143840427404114e-06,1.3430490678912627e-07
3.88608466279103e-06,4.659667069918264e-08,3.7018177412023885e-06,0.0,3.7018177412023885e-06,1.376702508894577e-07
3.976987228002491e-06,4.6700479405847656e-08,3.7892450206669426e-06,0.0,3.7892450206669426e-06,1.4104172792969986e-07
4.067889793213949e-06,4.6804574913617285e-08,3.876665867534047e-06,0.0,3.876665867534047e-06,1.444193507662828e-07
4.158792358425399e-06,4.6908957966173024e-08,3.964080268184601e-06,0.0,3.964080268184601e-06,1.4780313227462906e-07
4.2496949236368515e-06,4.7013629307272866e-08,4.05148820898051e-06,0.0,4.05148820898051e-06,1.5119308534906835e-07
4.340597488848298e-06,4.7118589680736456e-08,4.138889676264807e-06,0.0,4.138889676264807e-06,1.5458922290275334e-07
4.431500054059741e-06,4.722383983041375e-08,4.226284656361754e-06,0.0,4.226284656361754e-06,1.5799155786757359e-07
4.52240261927118e-06,4.732938050015741e-08,4.313673135576956e-06,0.0,4.313673135576956e-06,1.6140010319406857e-07
4.6133051844826145e-06,4.743521243381666e-08,4.401055100197459e-06,0.0,4.401055100197459e-06,1.6481487185133907e-07
4.70420774969405e-06,4.7541336375174606e-08,4.488430536491917e-06,0.0,4.488430536491917e-06,1.682358768269587e-07
4.795110314905477e-06,4.764775306797667e-08,4.575799430710622e-06,0.0,4.575799430710622e-06,1.7166313112688164e-07
4.886012880116904e-06,4.775446325586155e-08,4.663161769085691e-06,0.0,4.663161769085691e-06,1.750966477753521e-07
4.9769154453283275e-06,4.786146768234992e-08,4.750517537831167e-06,0.0,4.750517537831167e-06,1.7853643981481108e-07
5.067818010539745e-06,4.7968767090827706e-08,4.837866723143118e-06,0.0,4.837866723143118e-06,1.8198252030580108e-07
5.15872057575116e-06,4.8076362224505596e-08,4.925209311199785e-06,0.0,4.925209311199785e-06,1.85434902326872e-07
5.249623140962572e-06,4.8184253826406366e-08,5.01254528816168e-06,0.0,5.01254528816168e-06,1.8889359897448366e-07
5.340525706173981e-06,4.829244263932751e-08,5.099874640171745e-06,0.0,5.099874640171745e-06,1.923586233629078e-07
5.431428271385383e-06,4.840092940582585e-08,5.187197353355428e-06,0.0,5.187197353355428e-06,1.9582998862412943e-07
5.52233083659678e-06,4.85097148681825e-08,5.274513413820854e-06,0.0,5.274513413820854e-06,1.9930770790774596e-07
5.613233401808178e-06,4.861879976838033e-08,5.361822807658931e-06,0.0,5.361822807658931e-06,2.0279179438086598e-07
5.704135967017548e-06,4.872816488771444e-08,5.4491255380083434e-06,0.0,5.4491255380083434e-06,2.0628226412148686e-07
5.8404898148317e-06,6.480025850508006e-08,5.5649879910630305e-06,0.0,5.5649879910630305e-06,2.107015652635915e-07
5.978106198274321e-06,6.770463440585683e-08,5.695015779598453e-06,0.0,5.695015779598453e-06,2.153857842700086e-07
6.116985117344935e-06,6.883630696335869e-08,5.827987989271118e-06,0.0,5.827987989271118e-06,2.201608211104584e-07
6.257126572043469e-06,6.972310228592285e-08,5.962391049642587e-06,0.0,5.962391049642587e-06,2.2501242011495954e-07
6.398530562369909e-06,7.057585872196701e-08,6.098016796360737e-06,0.0,6.098016796360737e-06,2.2993790728720273e-07
6.54119708832425e-06,7.142353377984684e-08,6.234837275006007e-06,0.0,6.234837275006008e-06,2.3493627953839517e-07
6.685126149906502e-06,7.227016819224962e-08,6.3728492044643074e-06,0.0,6.3728492044643074e-06,2.4000677724994486e-07
6.830317747116653e-06,7.311646636427172e-08,6.5120525898545865e-06,0.0,6.512052589854587e-06,2.451486908977962e-07
6.976771879954714e-06,7.396269551998026e-08,6.6524478443907934e-06,0.0,6.652447844390795e-06,2.5036134004394075e-07
7.12448854842068e-06,7.480906203869329e-08,6.794035415136368e-06,0.0,6.794035415136369e-06,2.556440712456202e-07
7.27346775251455e-06,7.565575815316068e-08,6.936815737309792e-06,0.0,6.936815737309794e-06,2.6099625705159473e-07
7.42370949223632e-06,7.650296778625864e-08,7.080789229593223e-06,0.0,7.080789229593223e-06,2.6641729485683926e-07
7.575213767585999e-06,7.735086772353999e-08,7.22595629412291e-06,0.0,7.225956294122911e-06,2.719066057395508e-07
7.727980578563584e-06,7.819962829381937e-08,7.372317316916046e-06,0.0,7.372317316916047e-06,2.774636333537207e-07
7.88200992516908e-06,7.904941396731665e-08,7.519872668308504e-06,0.0,7.519872668308505e-06,2.830878428932589e-07
8.037301807402479e-06,7.990038390009745e-08,7.668622703376051e-06,0.0,7.668622703376051e-06,2.887787201263278e-07
8.193856225263778e-06,8.075269242815536e-08,7.818567762340762e-06,0.0,7.818567762340764e-06,2.945357704948626e-07
8.351673178752984e-06,8.160648951555801e-08,7.969708170963491e-06,0.0,7.969708170963491e-06,3.003585182739364e-07
8.510752667870097e-06,8.246192116147438e-08,8.122044240922608e-06,0.0,8.12204424092261e-06,3.062465057860169e-07
8.671094692615113e-06,8.331912977089665e-08,8.275576270178594e-06,0.0,8.275576270178594e-06,3.121992926656224e-07
8.832699252988038e-06,8.417825449307704e-08,8.430304543324624e-06,0.0,8.430304543324624e-06,3.18216455170337e-07
8.995566348988861e-06,8.503943153154372e-08,8.58622933192277e-06,0.0,8.586229331922771e-06,3.2429758553454803e-07
9.159695980617593e-06,8.590279442944996e-08,8.743350894825499e-06,0.0,8.7433508948255e-06,3.304422913626461e-07
9.325088147874228e-06,8.676847433436393e-08,8.901669478481073e-06,0.0,8.901669478481073e-06,3.366501950587926e-07
9.491742850758773e-06,8.763660024899165e-08,9.061185317218981e-06,0.0,9.061185317218981e-06,3.4292093329080076e-07
9.659660089271222e-06,8.850729928401664e-08,9.221898633500753e-06,0.0,9.221898633500753e-06,3.4925415648645147e-07
9.828839863411571e-06,8.937834963504845e-08,9.383812043688534e-06,0.0,9.383812043688534e-06,3.5564947008798853e-07
9.99928217317983e-06,9.025038103096274e-08,9.546925292431955e-06,0.0,9.546925292431957e-06,3.621064997169118e-07
1.0170987018575996e-05,9.112488729773808e-08,9.711237242624623e-06,0.0,9.711237242624625e-06,3.686248886536346e-07
1.034395439960006e-05,9.200225492670405e-08,9.876747825863088e-06,0.0,9.876747825863088e-06,3.7520431881026877e-07
1.051818431625203e-05,9.288266061454065e-08,1.0043457165265698e-05,0.0,1.0043457165265698e-05,3.8184449037179396e-07
1.0693676768531902e-05,9.37662419654911e-08,1.0211365410021332e-05,0.0,1.0211365410021332e-05,3.885451165450776e-07
1.0870431756439684e-05,9.465312860668319e-08,1.0380472705621036e-05,0.0,1.0380472705621036e-05,3.9530592221196495e-07
1.104844927997537e-05,9.554344783227281e-08,1.0550779188741592e-05,0.0,1.0550779188741592e-05,4.0212664340150803e-07
1.1227729339138963e-05,9.643732571053688e-08,1.07222849864967e-05,0.0,1.07222849864967e-05,4.0900702693172824e-07
1.1408271933930458e-05,9.733488738859463e-08,1.089499021644642e-05,0.0,1.089499021644642e-05,4.159468300954432e-07
1.1590077064349853e-05,9.824839374558671e-08,1.1068886061079792e-05,0.0,1.1068886061079792e-05,4.22942609524477e-07
1.1771882194769262e-05,9.860989759666327e-08,1.124330255172331e-05,0.0,1.1243302551723311e-05,4.299697454492833e-07
1.1953687325188659e-05,9.885855891872376e-08,1.14178150234055e-05,0.0,1.14178150234055e-05,4.3701374286443957e-07
1.2135492455608059e-05,9.90857315819182e-08,1.1592335313695437e-05,0.0,1.1592335313695438e-05,4.440714103307063e-07
1.2317297586027449e-05,9.930930984857774e-08,1.176684615158546e-05,0.0,1.1766846151585462e-05,4.511421245934093e-07
1.249910271644684e-05,9.953270674959013e-08,1.1941344223867597e-05,0.0,1.1941344223867597e-05,4.5822578582965284e-07
1.2680907846866227e-05,9.975656428697053e-08,1.2115828886202939e-05,0.0,1.2115828886202939e-05,4.653223963763212e-07
1.2862712977285612e-05,9.998100298167459e-08,1.2290299996232462e-05,0.0,1.2290299996232462e-05,4.724319780714762e-07
1.3044518107704987e-05,1.0020604625031794e-07,1.2464757505011515e-05,0.0,1.2464757505011515e-05,4.795545564431551e-07
1.3226323238124359e-05,1.0043169955683748e-07,1.2639201380836371e-05,0.0,1.2639201380836371e-05,4.866901577311518e-07
1.3408128368543737e-05,1.0065796506192703e-07,1.2813631595150225e-05,0.0,1.2813631595150225e-05,4.938388083315779e-07
1.3589933498963098e-05,1.0088484431961138e-07,1.298804811994964e-05,0.0,1.2988048119949641e-05,5.010005346938479e-07
1.3771738629382466e-05,1.0111233877164317e-07,1.3162450927309314e-05,0.0,1.3162450927309314e-05,5.081753633015066e-07
1.3953543759801824e-05,1.0134044983785026e-07,1.3336839989295462e-05,0.0,1.3336839989295462e-05,5.153633206685139e-07
1.4135348890221173e-05,1.0156917893254705e-07,1.3511215277950268e-05,0.0,1.351121527795027e-05,5.225644333383597e-07
1.4317154020640526e-05,1.0179852746750846e-07,1.368557676528932e-05,0.0,1.368557676528932e-05,5.297787278836979e-07
1.4498959151059875e-05,1.0202849685242522e-07,1.3859924423301376e-05,0.0,1.3859924423301376e-05,5.370062309060734e-07
1.4680764281479211e-05,1.0225908849497015e-07,1.4034258223948583e-05,0.0,1.4034258223948583e-05,5.442469690356614e-07
1.486256941189855e-05,1.0249030380072666e-07,1.4208578139166815e-05,0.0,1.4208578139166815e-05,5.51500968931011e-07
1.504437454231788e-05,1.0272214417316059e-07,1.4382884140865937e-05,0.0,1.4382884140865937e-05,5.587682572787831e-07
1.5226179672737212e-05,1.0295461101352014e-07,1.45571762009302e-05,0.0,1.45571762009302e-05,5.66048860793488e-07
1.5407984803156534e-05,1.0318770572079616e-07,1.4731454291218518e-05,0.0,1.4731454291218518e-05,5.733428062172209e-07
1.5589789933575856e-05,1.0342142969165042e-07,1.4905718383564809e-05,0.0,1.4905718383564809e-05,5.806501203193923e-07
1.5771595063995172e-05,1.0365578432034e-07,1.5079968449778371e-05,0.0,1.5079968449778371e-05,5.87970829896459e-07
1.5953400194414484e-05,1.0389077099867554e-07,1.5254204461644159e-05,0.0,1.5254204461644159e-05,5.953049617716494e-07
1.6135205324833796e-05,1.0412639111593216e-07,1.5428426390923175e-05,0.0,1.5428426390923175e-05,6.026525427946887e-07
1.6317010455253098e-05,1.0436264605880519e-07,1.5602634209352773e-05,0.0,1.5602634209352773e-05,6.100135998415202e-07
1.6498815585672393e-05,1.0459953721132242e-07,1.5776827888647047e-05,0.0,1.5776827888647047e-05,6.173881598140252e-07
1.668062071609169e-05,1.0483706595478345e-07,1.5951007400497163e-05,0.0,1.5951007400497163e-05,6.247762496397384e-07
1.6862425846510983e-05,1.0507523366769432e-07,1.6125172716571726e-05,0.0,1.6125172716571726e-05,6.321778962715625e-07
1.7044230976930265e-05,1.053140417256979e-07,1.6299323808517086e-05,0.0,1.6299323808517086e-05,6.395931266874784e-07
1.7226036107349543e-05,1.0555349150151497e-07,1.647346064795777e-05,0.0,1.647346064795777e-05,6.470219678902558e-07
1.740784123776882e-05,1.057935843648488e-07,1.6647583206496817e-05,0.0,1.6647583206496817e-05,6.544644469071578e-07
1.7589646368188093e-05,1.0603432168235718e-07,1.682169145571609e-05,0.0,1.682169145571609e-05,6.619205907896439e-07
1.777145149860736e-05,1.0627570481753389e-07,1.6995785367176755e-05,0.0,1.6995785367176755e-05,6.693904266130726e-07
1.7953256629024877e-05,1.0651769970578414e-07,1.7169864943974446e-05,0.0,1.716986494397445e-05,6.768739853446469e-07
1.818051304204744e-05,1.2100927250560175e-07,1.7374221495193565e-05,0.0,1.737422149519357e-05,6.852822743482756e-07
1.840903199069865e-05,1.2314329164412422e-07,1.7591991634387012e-05,0.0,1.7591991634387016e-05,6.938970646675142e-07
1.8638813474977873e-05,1.2419384139675437e-07,1.7812040466188734e-05,0.0,1.7812040466188734e-05,7.025791673923859e-07
1.8869857494885023e-05,1.25219034753185e-07,1.803329955905186e-05,0.0,1.803329955905186e-05,7.113389010799794e-07
1.9102164050420086e-05,1.2626733448911414e-07,1.8255715512201026e-05,0.0,1.8255715512201026e-05,7.201812037299417e-07
1.933573314158305e-05,1.2732462336149153e-07,1.8479301529146843e-05,0.0,1.8479301529146843e-05,7.291069890747178e-07
1.957056476837394e-05,1.2838463596101388e-07,1.8704064206529344e-05,0.0,1.8704064206529344e-05,7.381159258835799e-07
1.980665893079273e-05,1.2944576104284262e-07,1.8930005788166092e-05,0.0,1.8930005788166092e-05,7.472073815838016e-07
2.004401562883943e-05,1.305077731074315e-07,1.915712718076432e-05,0.0,1.915712718076432e-05,7.563806749676825e-07
2.0282634862514047e-05,1.3157078496374672e-07,1.9385428941538333e-05,0.0,1.9385428941538333e-05,7.656351360119674e-07
2.052251663181657e-05,1.3263498029366913e-07,1.9614911533200624e-05,0.0,1.9614911533200624e-05,7.749701183222815e-07
2.0763660936747007e-05,1.3370055223952512e-07,1.984557538369743e-05,0.0,1.984557538369743e-05,7.843850008100494e-07
2.1006067777305346e-05,1.3476769048906446e-07,2.007742089972768e-05,0.0,2.007742089972768e-05,7.938791870886e-07
2.12497371534916e-05,1.3583657905606978e-07,2.031044846998199e-05,0.0,2.031044846998199e-05,8.03452104453543e-07
2.1494669065305764e-05,1.3690739629308918e-07,2.054465846617375e-05,0.0,2.054465846617375e-05,8.131032028389273e-07
2.1740863512747843e-05,1.3798031532284873e-07,2.078005124359979e-05,0.0,2.0780051243599795e-05,8.228319538252014e-07
2.198832049581783e-05,1.3905550451441489e-07,2.1016627141593766e-05,0.0,2.1016627141593766e-05,8.326378497096462e-07
2.223704001451573e-05,1.401331279319617e-07,2.125438648394672e-05,0.0,2.125438648394672e-05,8.425204026370505e-07
2.248702206884153e-05,1.412133457458321e-07,2.1493329579309474e-05,0.0,2.1493329579309474e-05,8.524791437862209e-07
2.2738266658795242e-05,1.422963146074031e-07,2.173345672157993e-05,0.0,2.173345672157993e-05,8.625136226079091e-07
2.299077378437686e-05,1.4338218799128964e-07,2.1974768190275517e-05,0.0,2.197476819027552e-05,8.726234061100557e-07
2.3244543445586397e-05,1.4447111650847017e-07,2.2217264250891264e-05,0.0,2.2217264250891264e-05,8.828080781866613e-07
2.3499575642423837e-05,1.455632481935218e-07,2.246094515524339e-05,0.0,2.2460945155243392e-05,8.930672389869225e-07
2.3755870374889185e-05,1.4665872876914608e-07,2.2705811141798413e-05,0.0,2.2705811141798413e-05,9.034005043216277e-07
2.4013427642982443e-05,1.4775770189109496e-07,2.2951862435987257e-05,0.0,2.295186243598726e-05,9.138075051040915e-07
2.4272247446703624e-05,1.4886025104829102e-07,2.319909926522775e-05,0.0,2.319909926522775e-05,9.242879304275808e-07
2.45323297860527e-05,1.4996651594993329e-07,2.3447521798951613e-05,0.0,2.3447521798951616e-05,9.348414711511474e-07
2.479367466102969e-05,1.5107667423008444e-07,2.369713018525174e-05,0.0,2.3697130185251743e-05,9.454678015478653e-07
2.505628207163459e-05,1.5218806094568676e-07,2.3947927500761347e-05,0.0,2.394792750076135e-05,9.561665099275525e-07
2.53201520178674e-05,1.533022820318471e-07,2.4199912536604474e-05,0.0,2.4199912536604477e-05,9.669371992310782e-07
2.5585284499728114e-05,1.5442046915818233e-07,2.445308448970636e-05,0.0,2.4453084489706363e-05,9.777795408635694e-07
2.5851679517216737e-05,1.5554294796856412e-07,2.4707443327154788e-05,0.0,2.470744332715479e-05,9.88693242093384e-07
2.6119337070333273e-05,1.5666989443425389e-07,2.496298914874606e-05,0.0,2.496298914874606e-05,9.996780271529534e-07
2.638825715907772e-05,1.578014568689358e-07,2.5219722069248445e-05,0.0,2.521972206924845e-05,1.0107336329603316e-06
2.6658439783450062e-05,1.5893777798225464e-07,2.5477642197439243e-05,0.0,2.547764219743925e-05,1.021859808028567e-06
2.692988494345032e-05,1.600789988894576e-07,2.5736749632556742e-05,0.0,2.5736749632556745e-05,1.0330563120041264e-06
2.7202592639078492e-05,1.6123729337212196e-07,2.599703562673085e-05,0.0,2.5997035626730853e-05,1.0443197189755194e-06
2.7475300334706666e-05,1.6179011070340273e-07,2.6257884938086984e-05,0.0,2.6257884938086984e-05,1.0556252859162794e-06
2.774800803033484e-05,1.6219838756008395e-07,2.6518852782553448e-05,0.0,2.6518852782553455e-05,1.0669568602213055e-06
2.8020715725962993e-05,1.6257526787230635e-07,2.6779830104085e-05,0.0,2.6779830104085e-05,1.0783103540056918e-06
2.829342342159116e-05,1.6294615502945148e-07,2.7040792403313235e-05,0.0,2.704079240331324e-05,1.0896848632484629e-06
2.8566131117219306e-05,1.6331654206911586e-07,2.7301734353442535e-05,0.0,2.730173435344254e-05,1.1010802217076567e-06
2.8838838812847456e-05,1.6368759404560247e-07,2.756265479332771e-05,0.0,2.7562654793327715e-05,1.1124964254741402e-06
2.9111546508475592e-05,1.6405955625041103e-07,2.782355344680143e-05,0.0,2.782355344680143e-05,1.1239335054237482e-06
2.9384254204103732e-05,1.6443248109969466e-07,2.8084430223218322e-05,0.0,2.8084430223218325e-05,1.1353914997857077e-06
2.965696189973185e-05,1.64806380894519e-07,2.834528507049264e-05,0.0,2.8345285070492643e-05,1.1468704483446924e-06
2.992966959535997e-05,1.6518125963232742e-07,2.8606117944499436e-05,0.0,2.860611794449944e-05,1.1583703912282149e-06
3.0202377290988094e-05,1.6555711959312695e-07,2.8866928802740527e-05,0.0,2.8866928802740527e-05,1.1698913686544425e-06
3.0475084986616193e-05,1.6593396269805187e-07,2.9127717603038482e-05,0.0,2.9127717603038485e-05,1.181433420879663e-06
3.074779268224431e-05,1.6631179078896216e-07,2.9388484303268296e-05,0.0,2.9388484303268296e-05,1.19299658818705e-06
3.102050037787241e-05,1.6669060568579233e-07,2.9649228861302665e-05,0.0,2.9649228861302668e-05,1.2045809108839495e-06
3.12932080735005e-05,1.6707040919830045e-07,2.990995123500129e-05,0.0,2.990995123500129e-05,1.2161864293009088e-06
3.1565915769128586e-05,1.6745120312837362e-07,3.0170651382209135e-05,0.0,3.0170651382209135e-05,1.2278131837910729e-06
3.183862346475666e-05,1.6783298927042231e-07,3.04313292607566e-05,0.0,3.04313292607566e-05,1.2394612147296408e-06
3.211133116038474e-05,1.68215769411363e-07,3.069198482846003e-05,0.0,3.069198482846003e-05,1.2511305625133438e-06
3.238403885601279e-05,1.6859954533055093e-07,3.095261804312233e-05,0.0,3.095261804312233e-05,1.262821267559917e-06
3.265674655164087e-05,1.6898431879965002e-07,3.121322886253365e-05,0.0,3.121322886253365e-05,1.2745333703075686e-06
3.2929454247268925e-05,1.6937009158254034e-07,3.147381724447193e-05,0.0,3.147381724447193e-05,1.2862669112144501e-06
3.320216194289697e-05,1.6975686543520835e-07,3.173438314670365e-05,0.0,3.173438314670365e-05,1.2980219307581168e-06
3.347486963852503e-05,1.701446421056138e-07,3.199492652698443e-05,0.0,3.199492652698443e-05,1.3097984694349887e-06
3.374757733415306e-05,1.705334233336018e-07,3.225544734305966e-05,0.0,3.225544734305966e-05,1.3215965677598105e-06
3.40202850297811e-05,1.7092321085078556e-07,3.251594555266521e-05,0.0,3.2515945552665215e-05,1.333416266265101e-06
3.429299272540912e-05,1.713140063804236e-07,3.2776421113528095e-05,0.0,3.2776421113528095e-05,1.3452576055006044e-06
3.456570042103716e-05,1.7170581163730777e-07,3.303687398336711e-05,0.0,3.303687398336711e-05,1.3571206260327393e-06
3.483840811666516e-05,1.7209862832767751e-07,3.3297304119893456e-05,0.0,3.3297304119893456e-05,1.3690053684440375e-06
3.5111115812293176e-05,1.7249245814907028e-07,3.355771148081151e-05,0.0,3.355771148081151e-05,1.3809118733325891e-06
3.538382350792118e-05,1.728873027902306e-07,3.381809602381948e-05,0.0,3.3818096023819484e-05,1.3928401813114735e-06
3.565653120354917e-05,1.7328316393098864e-07,3.407845770660998e-05,0.0,3.407845770660999e-05,1.404790333008198e-06
3.592923889917716e-05,1.7368004324214727e-07,3.433879648687089e-05,0.0,3.43387964868709e-05,1.4167623690641228e-06
3.620194659480513e-05,1.740779423853725e-07,3.4599112322285864e-05,0.0,3.459911232228587e-05,1.4287563301338909e-06
3.64746542904331e-05,1.7447686301306666e-07,3.48594051705352e-05,0.0,3.48594051705352e-05,1.4407722568848506e-06
3.6747361986059135e-05,1.7487675634929508e-07,3.511967503533857e-05,0.0,3.511967503533857e-05,1.452810194371269e-06
3.706552096429038e-05,1.8768959990849134e-07,3.541205431497783e-05,0.0,3.541205431497783e-05,1.4657770494040655e-06
3.738494247815041e-05,1.8882233124820956e-07,3.571722993580807e-05,0.0,3.5717229935808075e-05,1.4788902110941275e-06
3.770562652763845e-05,1.896856646126597e-07,3.602390218193969e-05,0.0,3.60239021819397e-05,1.4920386810861018e-06
3.802757311275441e-05,1.908347037780357e-07,3.633147638590311e-05,0.0,3.633147638590312e-05,1.5052620230732616e-06
3.835078223349827e-05,1.9210142772022697e-07,3.664010471737434e-05,0.0,3.664010471737435e-05,1.5185760884037055e-06
3.8675253889870057e-05,1.9340355735276628e-07,3.694986532398199e-05,0.0,3.6949865323982e-05,1.531985008535291e-06
3.900098808186973e-05,1.9471586467056437e-07,3.726078292288148e-05,0.0,3.726078292288148e-05,1.5454892943176856e-06
3.9327984809497316e-05,1.960318165962079e-07,3.757286448846616e-05,0.0,3.757286448846617e-05,1.5590885044349424e-06
3.9656244072752814e-05,1.9734997125424653e-07,3.78861121190424e-05,0.0,3.78861121190424e-05,1.5727819824561625e-06
3.99857658716362e-05,1.986701576218867e-07,3.820052667097813e-05,0.0,3.820052667097813e-05,1.5865690430361944e-06
4.03165502061475e-05,1.9999250294716384e-07,3.8516108687329734e-05,0.0,3.8516108687329734e-05,1.6004490158705982e-06
4.064859707628671e-05,2.0131719818212006e-07,3.883285862313324e-05,0.0,3.883285862313324e-05,1.6144212549713397e-06
4.0981906482053814e-05,2.0264444357332472e-07,3.9150776898648715e-05,0.0,3.9150776898648715e-05,1.6284851398317852e-06
4.131647842344883e-05,2.0397443667575586e-07,3.9469863911984875e-05,0.0,3.946986391198488e-05,1.6426400747881939e-06
4.165231290047175e-05,2.0530737009972645e-07,3.979012004233887e-05,0.0,3.979012004233887e-05,1.656885488033139e-06
4.198940991312257e-05,2.066434314246539e-07,4.011154565109088e-05,0.0,4.011154565109088e-05,1.6712208306070303e-06
4.23277694614013e-05,2.0798280356008896e-07,4.0434141082404825e-05,0.0,4.043414108240483e-05,1.685645575436379e-06
4.2667391545307925e-05,2.0932566517136986e-07,4.075790666370679e-05,0.0,4.075790666370679e-05,1.7001592164297812e-06
4.3008276164842465e-05,2.106721910877776e-07,4.108284270612447e-05,0.0,4.108284270612447e-05,1.7147612676302256e-06
4.335042332000489e-05,2.120225526789578e-07,4.140894950490609e-05,0.0,4.140894950490609e-05,1.7294512624198483e-06
4.3693833010795234e-05,2.1337691819922896e-07,4.1736227339822845e-05,0.0,4.173622733982285e-05,1.7442287527731673e-06
4.4038505237213504e-05,2.1473545310248654e-07,4.2064676475555974e-05,0.0,4.2064676475555974e-05,1.759093308555038e-06
4.438443999925964e-05,2.1609832033093255e-07,4.239429716206879e-05,0.0,4.239429716206879e-05,1.7740445168599117e-06
4.473163729693369e-05,2.1746568058017053e-07,4.27250896349642e-05,0.0,4.27250896349642e-05,1.7890819813893244e-06
4.508009713023565e-05,2.1883760446670225e-07,4.305705413646397e-05,0.0,4.305705413646398e-05,1.8042053893049774e-06
4.5429819499165523e-05,2.2021429598140377e-07,4.3390190814744996e-05,0.0,4.3390190814744996e-05,1.819414388439125e-06
4.57808044037233e-05,2.2159593711711989e-07,4.372449983823286e-05,0.0,4.372449983823286e-05,1.8347086283733172e-06
4.6133051843908954e-05,2.2298268887208772e-07,4.40599813828286e-05,0.0,4.40599813828286e-05,1.8500877722082773e-06
4.6486561819722514e-05,2.2437470563207715e-07,4.4396635617029875e-05,0.0,4.439663561702989e-05,1.8655514970605592e-06
4.6841334331164e-05,2.25772139604702e-07,4.4734462697916686e-05,0.0,4.4734462697916686e-05,1.8810994936426187e-06
4.719736937823338e-05,2.271724323114059e-07,4.507346557375253e-05,0.0,4.507346557375253e-05,1.8967313721694401e-06
4.7554666960930656e-05,2.2857706958329715e-07,4.5413643136660485e-05,0.0,4.5413643136660485e-05,1.912446754686887e-06
4.7913227079255844e-05,2.2998723240730368e-07,4.575499451563363e-05,0.0,4.575499451563364e-05,1.9282453312149022e-06
4.8273049733208915e-05,2.3140326925993715e-07,4.60975196352933e-05,0.0,4.609751963529331e-05,1.944126828655683e-06
4.863413492278991e-05,2.3282537199249129e-07,4.644121855965906e-05,0.0,4.644121855965906e-05,1.9600909911383507e-06
4.8996482647998794e-05,2.3425370346625737e-07,4.678609136899887e-05,0.0,4.678609136899887e-05,1.9761375755336672e-06
4.936009290883558e-05,2.3570033093163257e-07,4.713212940740028e-05,0.0,4.713212940740028e-05,1.9922631705036716e-06
4.972370316967239e-05,2.36485215843557e-07,4.747877486851806e-05,0.0,4.747877486851806e-05,2.0084430853107684e-06
5.0087313430509164e-05,2.370864685614903e-07,4.7825567476392466e-05,0.0,4.7825567476392466e-05,2.024659485555202e-06
5.045092369134595e-05,2.3764199169131102e-07,4.817237451586566e-05,0.0,4.817237451586566e-05,2.0409071837889753e-06
5.081453395218272e-05,2.381873298198505e-07,4.851916175273404e-05,0.0,4.851916175273404e-05,2.05718486962883e-06
5.117814421301949e-05,2.3873124556712025e-07,4.886592070948056e-05,0.0,4.886592070948057e-05,2.073492257971805e-06
5.154175447385624e-05,2.392758529744279e-07,4.92126493010257e-05,0.0,4.921264930102571e-05,2.0898293198560996e-06
5.1905364734692974e-05,2.398216570828239e-07,4.955934698905292e-05,0.0,4.955934698905292e-05,2.1061960885572325e-06
5.2268974995529715e-05,2.40368778811352e-07,4.9906013604469256e-05,0.0,4.9906013604469256e-05,2.1225926122491053e-06
5.263258525636645e-05,2.4091724805462985e-07,5.02526490656691e-05,0.0,5.02526490656691e-05,2.1390189426427376e-06
5.299619551720318e-05,2.41467073215195e-07,5.059925331170299e-05,0.0,5.059925331170299e-05,2.155475132284998e-06
5.335980577803991e-05,2.420182576219189e-07,5.0945826286498744e-05,0.0,5.0945826286498744e-05,2.1719612339192493e-06
5.372341603887664e-05,2.4257080339785215e-07,5.129236793514484e-05,0.0,5.129236793514484e-05,2.1884773003339463e-06
5.4087026299713356e-05,2.431247123705112e-07,5.163887820301646e-05,0.0,5.163887820301646e-05,2.2050233843263755e-06
5.4450636560550035e-05,2.4367998628622543e-07,5.198535703557031e-05,0.0,5.198535703557031e-05,2.221599538693486e-06
5.481424682138673e-05,2.4423662686044604e-07,5.233180437829715e-05,0.0,5.233180437829715e-05,2.2382058162291253e-06
5.517785708222342e-05,2.4479463578951675e-07,5.267822017671111e-05,0.0,5.267822017671111e-05,2.2548422697227706e-06
5.554146734306006e-05,2.453540147534437e-07,5.3024604376348005e-05,0.0,5.3024604376348005e-05,2.2715089519586123e-06
5.590507760389674e-05,2.4591476541635373e-07,5.337095692276566e-05,0.0,5.337095692276566e-05,2.2882059157147157e-06
5.626868786473339e-05,2.464768894265031e-07,5.3717277761544655e-05,0.0,5.3717277761544655e-05,2.3049332137622105e-06
5.663229812557002e-05,2.4704038841630235e-07,5.406356683828925e-05,0.0,5.406356683828925e-05,2.3216908988644665e-06
5.6995908386406676e-05,2.476052640021151e-07,5.440982409862829e-05,0.0,5.440982409862829e-05,2.338479023776281e-06
5.73595186472433e-05,2.4817151778405893e-07,5.475604948821619e-05,0.0,5.475604948821619e-05,2.3552976412430637e-06
5.7723128908079926e-05,2.487391513460009e-07,5.510224295273393e-05,0.0,5.510224295273393e-05,2.372146804000007e-06
5.808673916891655e-05,2.49308166255365e-07,5.5448404437889925e-05,0.0,5.544840443788993e-05,2.3890265647712647e-06
5.845034942975315e-05,2.498785640631036e-07,5.5794533889420935e-05,0.0,5.5794533889420935e-05,2.4059369762691206e-06
5.8813959690589754e-05,2.504503463033803e-07,5.6140631253093195e-05,0.0,5.6140631253093195e-05,2.4228780911931713e-06
5.917756995142635e-05,2.5102351449361927e-07,5.648669647470324e-05,0.0,5.648669647470325e-05,2.439849962229475e-06
5.954118021226293e-05,2.5159807013424317e-07,5.683272950007895e-05,0.0,5.683272950007895e-05,2.4568526420497383e-06
5.9904790473099514e-05,2.5217401470868914e-07,5.717873027508035e-05,0.0,5.717873027508035e-05,2.473886183310461e-06
6.026840073393609e-05,2.5275134968315e-07,5.752469874560084e-05,0.0,5.752469874560084e-05,2.4909506386521123e-06
6.0632010994772656e-05,2.5333007650655145e-07,5.787063485756782e-05,0.0,5.7870634857567836e-05,2.508046060698278e-06
6.099562125560923e-05,2.539101966103406e-07,5.821653855694406e-05,0.0,5.821653855694406e-05,2.5251725020548263e-06
6.135923151644576e-05,2.5449171140846916e-07,5.856240978972825e-05,0.0,5.856240978972826e-05,2.5423300153090505e-06
6.17228417772823e-05,2.550746222971636e-07,5.890824850195631e-05,0.0,5.890824850195631e-05,2.5595186530288364e-06
6.208645203811675e-05,2.5565886547265303e-07,5.925405470017168e-05,0.0,5.9254054700171685e-05,2.5767384724724034e-06
6.247278794025445e-05,2.539801841702909e-07,5.962437324285877e-05,0.0,5.962437324285877e-05,2.5944345132253826e-06
6.285975511020695e-05,2.497042801363677e-07,5.9998350579765085e-05,0.0,5.9998350579765085e-05,2.611700250305506e-06
6.324735354797352e-05,2.487316488123764e-07,6.036985468221626e-05,0.0,6.036985468221626e-05,2.6287672169448583e-06
6.3635583253554e-05,2.4917674887183716e-07,6.074057768632873e-05,0.0,6.074057768632874e-05,2.645828818353421e-06
6.402444422694845e-05,2.5006759646921774e-07,6.11114271367552e-05,0.0,6.11114271367552e-05,2.662949493724033e-06
6.441393646815688e-05,2.510835234349303e-07,6.148270565962946e-05,0.0,6.148270565962946e-05,2.6801472850924823e-06
6.480405997717921e-05,2.521322078927764e-07,6.185450117823263e-05,0.0,6.185450117823264e-05,2.697426591053805e-06
6.51948147540155e-05,2.5318879239510685e-07,6.222683785942939e-05,0.0,6.222683785942939e-05,2.7147881021910047e-06
6.558620079866573e-05,2.542469000876946e-07,6.259972234510329e-05,0.0,6.259972234510329e-05,2.732231553474754e-06
6.597821811112992e-05,2.553050147122875e-07,6.297315664395437e-05,0.0,6.297315664395437e-05,2.7497564524632473e-06
6.637086669140804e-05,2.563628646018533e-07,6.334714156048867e-05,0.0,6.334714156048867e-05,2.767362266317543e-06
6.676414653950011e-05,2.574204878681543e-07,6.372167758323135e-05,0.0,6.372167758323135e-05,2.7850484684006077e-06
6.715805765540616e-05,2.584779948933441e-07,6.409676511136984e-05,0.0,6.409676511136984e-05,2.8028145491429663e-06
6.755260003912613e-05,2.595355089238816e-07,6.447240451223992e-05,0.0,6.447240451223992e-05,2.82066001796232e-06
6.794777369066006e-05,2.60593151621839e-07,6.484859613603726e-05,0.0,6.484859613603726e-05,2.838584403000955e-06
6.834357861000793e-05,2.6165103985571723e-07,6.522534031978079e-05,0.0,6.522534031978079e-05,2.8565872503714142e-06
6.874001479716975e-05,2.62709285260645e-07,6.560263738858161e-05,0.0,6.560263738858161e-05,2.874668123327491e-06
6.913708225214551e-05,2.637679944540116e-07,6.598048765623134e-05,0.0,6.598048765623134e-05,2.8928266014601705e-06
6.953478097493522e-05,2.6482726938371145e-07,6.635889142561199e-05,0.0,6.635889142561199e-05,2.9110622799395163e-06
6.993311096553889e-05,2.6588720768178083e-07,6.673784898905267e-05,0.0,6.673784898905265e-05,2.9293747688044367e-06
7.03320722239565e-05,2.66947902995138e-07,6.711736062866353e-05,0.0,6.711736062866353e-05,2.9477636922978083e-06
7.073166475018803e-05,2.6800944528874054e-07,6.749742661665564e-05,0.0,6.749742661665564e-05,2.9662286882436558e-06
7.113188854423352e-05,2.69071904686077e-07,6.787804721878017e-05,0.0,6.787804721878017e-05,2.9847694207672715e-06
7.153274360609297e-05,2.7013529108449326e-07,6.825922269482308e-05,0.0,6.825922269482308e-05,3.003385620185387e-06
7.193422993576637e-05,2.711997438530519e-07,6.864095322597569e-05,0.0,6.864095322597569e-05,3.0220769659376282e-06
7.23363475332537e-05,2.722653602422567e-07,6.902323902966732e-05,0.0,6.902323902966732e-05,3.040843143344122e-06
7.273909639855499e-05,2.73332220180518e-07,6.940608032993127e-05,0.0,6.940608032993127e-05,3.0596838484432125e-06
7.314247653167022e-05,2.7440039764732903e-07,6.978947734611333e-05,0.0,6.978947734611333e-05,3.0785987879095524e-06
7.354648793259938e-05,2.754699636869707e-07,7.017343029027868e-05,0.0,7.017343029027868e-05,3.097587678633733e-06
7.395113060134256e-05,2.7654098717831986e-07,7.055793936683904e-05,0.0,7.055793936683904e-05,3.1166502473251787e-06
7.435640453789962e-05,2.776135351076863e-07,7.094300477264693e-05,0.0,7.094300477264693e-05,3.135786230145003e-06
7.476230974227064e-05,2.7868767275141906e-07,7.132862669715696e-05,0.0,7.132862669715696e-05,3.1549953723622646e-06
7.51688462144556e-05,2.797617214452926e-07,7.171480712551115e-05,0.0,7.171480712551115e-05,3.1742773674991794e-06
7.557601395445452e-05,2.808354236933362e-07,7.210154665501545e-05,0.0,7.210154665501545e-05,3.193631875745742e-06
7.598381296226739e-05,2.8191043943064417e-07,7.248884390932595e-05,0.0,7.248884390932595e-05,3.2130586135107896e-06
7.639224323789418e-05,2.829871390041943e-07,7.287669875623112e-05,0.0,7.287669875623114e-05,3.2325573426588585e-06
7.680130478133493e-05,2.840774122360996e-07,7.326510268869773e-05,0.0,7.326510268869774e-05,3.2521246804011035e-06
7.721036632477566e-05,2.848215340819261e-07,7.365380250857887e-05,0.0,7.365380250857887e-05,3.271742282114876e-06
7.761942786821639e-05,2.854595474525607e-07,7.404257046321256e-05,0.0,7.404257046321256e-05,3.291397857551283e-06
7.802848941165713e-05,2.8606883347385254e-07,7.443133287309652e-05,0.0,7.443133287309652e-05,3.311087705086752e-06
7.843755095509785e-05,2.8667139037218556e-07,7.48200687323725e-05,0.0,7.482006873237251e-05,3.3308108323531736e-06
7.884661249853857e-05,2.872731748027196e-07,7.52087723118359e-05,0.0,7.52087723118359e-05,3.350567011899944e-06
7.925567404197925e-05,2.8787576284034847e-07,7.559744205638218e-05,0.0,7.55974420563822e-05,3.3703562227567208e-06
7.966473558541996e-05,2.884795670776376e-07,7.598607751988128e-05,0.0,7.598607751988128e-05,3.3901784984610607e-06
8.007379712886066e-05,2.8908469554647334e-07,7.637467854655122e-05,0.0,7.637467854655122e-05,3.4100338867629512e-06
8.048285867230133e-05,2.8969117718057687e-07,7.676324505603397e-05,0.0,7.676324505603397e-05,3.4299224390867825e-06
8.089192021574202e-05,2.9029902045264566e-07,7.715177698749337e-05,0.0,7.715177698749337e-05,3.4498442077960025e-06
8.130098175918268e-05,2.909082285464855e-07,7.754027428515056e-05,0.0,7.754027428515056e-05,3.469799245485655e-06
8.171004330262336e-05,2.915188032721957e-07,7.792873689455177e-05,0.0,7.792873689455178e-05,3.4897876047993915e-06
8.2119104846064e-05,2.921307460750736e-07,7.831716476160715e-05,0.0,7.831716476160715e-05,3.5098093383817718e-06
8.252816638950464e-05,2.9274405829563876e-07,7.870555783234359e-05,0.0,7.87055578323436e-05,3.5298644988654056e-06
8.293722793294527e-05,2.9335874123612056e-07,7.909391605284206e-05,0.0,7.909391605284206e-05,3.549953138867093e-06
8.334628947638591e-05,2.9397479617767497e-07,7.948223936922196e-05,0.0,7.948223936922196e-05,3.570075310986274e-06
8.375535101982654e-05,2.94592224384738e-07,7.987052772763773e-05,0.0,7.987052772763773e-05,3.5902310678040677e-06
8.416441256326715e-05,2.95211027106291e-07,8.025878107427842e-05,0.0,8.025878107427843e-05,3.610420461882438e-06
8.457347410670776e-05,2.9583120557562517e-07,8.064699935536868e-05,0.0,8.06469993553687e-05,3.6306435457634506e-06
8.498253565014838e-05,2.964527610106663e-07,8.103518251716921e-05,0.0,8.103518251716922e-05,3.650900371968494e-06
8.539159719358897e-05,2.97075694613613e-07,8.142333050597782e-05,0.0,8.142333050597782e-05,3.671190992997534e-06
8.580065873702958e-05,2.9770000757077405e-07,8.181144326813043e-05,0.0,8.181144326813043e-05,3.6915154613283585e-06
8.620972028047014e-05,2.983257010528887e-07,8.219952075000146e-05,0.0,8.219952075000147e-05,3.711873829415797e-06
8.661878182391074e-05,2.989527762146821e-07,8.258756289800508e-05,0.0,8.25875628980051e-05,3.7322661496909694e-06
8.702784336735128e-05,2.9958123419462516e-07,8.297556965859614e-05,0.0,8.297556965859614e-05,3.7526924745605356e-06
8.743690491079186e-05,3.00211076115204e-07,8.336354097827073e-05,0.0,8.336354097827075e-05,3.7731528564059217e-06
8.784596645423241e-05,3.0084230308257346e-07,8.375147680356728e-05,0.0,8.375147680356728e-05,3.7936473475825646e-06
8.825502799767297e-05,3.014749161864479e-07,8.413937708106737e-05,0.0,8.413937708106738e-05,3.8141760004191424e-06
8.86640895411135e-05,3.021089165004269e-07,8.452724175739629e-05,0.0,8.452724175739629e-05,3.834738867216797e-06
8.907315108455403e-05,3.0274430508112153e-07,8.49150707792245e-05,0.0,8.49150707792245e-05,3.855336000248404e-06
8.948221262799455e-05,3.0338108296880634e-07,8.530286409326797e-05,0.0,8.530286409326797e-05,3.875967451757779e-06
8.98912741714351e-05,3.0401925118694666e-07,8.569062164628923e-05,0.0,8.569062164628924e-05,3.89663327395892e-06
9.030033571487559e-05,3.046588107420153e-07,8.607834338509834e-05,0.0,8.607834338509834e-05,3.917333519035243e-06
9.070939725831612e-05,3.0529976262352657e-07,8.646602925655376e-05,0.0,8.646602925655377e-05,3.93806823913882e-06
9.111845880175435e-05,3.059420431766366e-07,8.685367926802916e-05,0.0,8.685367926802916e-05,3.958837490548567e-06
9.155024598649626e-05,3.0273567002314124e-07,8.726749104562386e-05,0.0,8.726749104562386e-05,3.98001927084928e-06
9.198266443905335e-05,2.970842602163982e-07,8.768483431430136e-05,0.0,8.768483431430136e-05,4.000745864535602e-06
9.241571415942462e-05,2.9550829310717823e-07,8.809895589429339e-05,0.0,8.809895589429342e-05,4.02124997202403e-06
9.284939514760983e-05,2.9577278874862816e-07,8.85118866977861e-05,0.0,8.85118866977861e-05,4.041735661075108e-06
9.328370740360899e-05,2.966534482516677e-07,8.892477646262101e-05,0.0,8.892477646262101e-05,4.062277492736334e-06
9.371865092742214e-05,2.9771951969223233e-07,8.933803305289467e-05,0.0,8.933803305289467e-05,4.082898354835221e-06
9.415422571904917e-05,2.988382533889393e-07,8.975178297681819e-05,0.0,8.97517829768182e-05,4.103604488842047e-06
9.459043177849017e-05,2.999711999268572e-07,9.016606336989253e-05,0.0,9.016606336989256e-05,4.124397208670788e-06
9.502726910574514e-05,3.0110764909641053e-07,9.058088501502427e-05,0.0,9.058088501502428e-05,4.1452764416244745e-06
9.546473770081404e-05,3.0224475134820774e-07,9.099625120317424e-05,0.0,9.099625120317425e-05,4.16624174629162e-06
9.590283756369692e-05,3.033818356959215e-07,9.141216313124802e-05,0.0,9.141216313124804e-05,4.187292596752977e-06
9.634156869439373e-05,3.0451882381552596e-07,9.182862141048506e-05,0.0,9.182862141048506e-05,4.208428460093137e-06
9.678093109290448e-05,3.056557936382657e-07,9.224562648250775e-05,0.0,9.224562648250775e-05,4.229648816758478e-06
9.722092475922915e-05,3.067928605059009e-07,9.26631787334064e-05,0.0,9.26631787334064e-05,4.250953165316872e-06
9.766154969336784e-05,3.07930145246801e-07,9.30812785250963e-05,0.0,9.30812785250963e-05,4.272341023024706e-06
9.810280589532038e-05,3.0906776589325193e-07,9.34999262041206e-05,0.0,9.34999262041206e-05,4.293811925306572e-06
9.854469336508695e-05,3.102058357845971e-07,9.391912210431573e-05,0.0,9.391912210431575e-05,4.315365424986615e-06
9.898721210266744e-05,3.1134446336984907e-07,9.433886654780257e-05,0.0,9.433886654780259e-05,4.337001091495003e-06
9.943036210806184e-05,3.1248375244130703e-07,9.475915984551412e-05,0.0,9.475915984551412e-05,4.35871851010642e-06
9.987414338127022e-05,3.1362380245732955e-07,9.518000229759e-05,0.0,9.518000229759001e-05,4.380517281222883e-06
0.00010031855592229253,3.1476470886717044e-07,9.560139419372425e-05,0.0,9.560139419372425e-05,4.402397019701112e-06
0.0001007635997311288,3.1590652003754077e-07,9.60233358208154e-05,0.0,9.602333582081541e-05,4.42435739027587e-06
0.000101209274807779,3.1704929358287686e-07,9.644582742939607e-05,0.0,9.644582742939607e-05,4.4463980848000545e-06
0.00010165558115224315,3.1819316262346135e-07,9.686886922906832e-05,0.0,9.686886922906832e-05,4.46851876055137e-06
0.00010210251876452124,3.1933822476985444e-07,9.729246145699561e-05,0.0,9.729246145699561e-05,4.490719082755794e-06
0.0001025500876446133,3.204845632062026e-07,9.771660435329523e-05,0.0,9.771660435329524e-05,4.51299872811185e-06
0.00010299828779251926,3.216322557402016e-07,9.814129815218653e-05,0.0,9.814129815218653e-05,4.535357384592548e-06
0.00010344711920823923,3.2278137722078983e-07,9.856654308002181e-05,0.0,9.856654308002181e-05,4.5577947509966304e-06
0.0001038965818917731,3.239320001883961e-07,9.899233935505971e-05,0.0,9.899233935505971e-05,4.580310536524992e-06
0.00010434667584312098,3.250841951250748e-07,9.941868718760919e-05,0.0,9.94186871876092e-05,4.602904460386697e-06
0.0001047974010622827,3.2623803061670737e-07,9.984558678023756e-05,0.0,9.984558678023758e-05,4.625576251428447e-06
0.00010524875754925844,3.2739357348925074e-07,0.00010027303832798444,0.0,0.00010027303832798446,4.6483256477847316e-06
0.00010570074530404807,3.285508889377423e-07,0.0001007010420185634,0.0,0.0001007010420185634,4.671152396546955e-06
0.00010615336432665173,3.29710040654283e-07,0.0001011295980325467,0.0,0.0001011295980325467,4.69405625345074e-06
0.00010660661461706929,3.308710909808318e-07,0.0001015587065435071,0.0,0.0001015587065435071,4.717036982581353e-06
0.00010706049617530079,3.32030936490545e-07,0.00010198837099365694,0.0,0.00010198837099365694,4.740094245153281e-06
0.00010751500900134622,3.3320358126316653e-07,0.00010241858082435008,0.0,0.00010241858082435009,4.763224595732973e-06
0.00010796952182739166,3.3401633760908416e-07,0.0001028490958471907,0.0,0.00010284909584719072,4.786409642591888e-06
0.0001084240346534371,3.347112199459146e-07,0.0001032796869411044,0.0,0.0001032796869411044,4.809636492386808e-06
0.00010887854747948254,3.353719780847128e-07,0.00010371027449746674,0.0,0.00010371027449746676,4.832901003931078e-06
0.00010933306030552795,3.360239609999973e-07,0.00010414083435480693,0.0,0.00010414083435480693,4.856201989721046e-06
0.00010978757313157338,3.3667446423530364e-07,0.00010457135951789104,0.0,0.00010457135951789104,4.879539149447065e-06
0.00011024208595761881,3.3732553947067486e-07,0.00010500184798082328,0.0,0.00010500184798082329,4.902912437324856e-06
0.00011069659878366417,3.379777575644828e-07,0.00010543229914709241,0.0,0.00010543229914709241,4.9263218790073235e-06
0.0001111511116097096,3.386312770492433e-07,0.00010586271281269316,0.0,0.00010586271281269319,4.949767519967191e-06
0.00011160562443575496,3.3928614247343996e-07,0.00010629308888214578,0.0,0.0001062930888821458,4.973249411135761e-06
0.00011206013726180036,3.399423669840656e-07,0.00010672342728988201,0.0,0.00010672342728988201,4.996767604934302e-06
0.00011251465008784572,3.405999550850116e-07,0.00010715372797857993,0.0,0.00010715372797857993,5.020322154180785e-06
0.00011296916291389111,3.4125890889479394e-07,0.00010758399089320747,0.0,0.00010758399089320747,5.043913111788839e-06
0.00011342367573993643,3.41919229865907e-07,0.00010801421597938599,0.0,0.000108014215979386,5.0675405306845445e-06
0.0001138781885659818,3.425809192573604e-07,0.00010844440318294139,0.0,0.0001084444031829414,5.0912044637830255e-06
0.00011433270139202712,3.4324397826394576e-07,0.00010887455244978161,0.0,0.00010887455244978161,5.114904963981561e-06
0.00011478721421807241,3.439084080528117e-07,0.0001093046637258625,0.0,0.00010930466372586253,5.138642084157115e-06
0.00011524172704411776,3.4457420977250547e-07,0.00010973473695718007,0.0,0.0001097347369571801,5.162415877165183e-06
0.00011569623987016308,3.4524138455551664e-07,0.00011016477208976861,0.0,0.00011016477208976861,5.186226395838969e-06
0.00011615075269620843,3.459099335194515e-07,0.00011059476906970034,0.0,0.00011059476906970036,5.210073692988631e-06
0.0001166052655222537,3.465798577664999e-07,0.00011102472784308662,0.0,0.00011102472784308665,5.233957821400567e-06
0.00011705977834829899,3.4725115838403416e-07,0.00011145464835607828,0.0,0.00011145464835607828,5.257878833836702e-06
0.00011751429117434424,3.479238364444653e-07,0.00011188453055486602,0.0,0.00011188453055486602,5.281836783033766e-06
0.00011796880400038955,3.485978930048414e-07,0.00011231437438568209,0.0,0.0001123143743856821,5.305831721702604e-06
0.00011842331682643481,3.4927332910693945e-07,0.00011274417979480043,0.0,0.00011274417979480044,5.329863702527446e-06
0.00011887782965248004,3.4995014577727653e-07,0.00011317394672853757,0.0,0.00011317394672853757,5.353932778165208e-06
0.00011933234247852529,3.50628344026698e-07,0.00011360367513325383,0.0,0.00011360367513325383,5.3780390012447725e-06
0.00011978685530457052,3.513079248506259e-07,0.00011403336495535363,0.0,0.00011403336495535363,5.402182424366277e-06
0.00012024136813061574,3.519888892289295e-07,0.00011446301614128643,0.0,0.00011446301614128645,5.42636310010039e-06
0.00012069588095666098,3.5267123812607655e-07,0.00011489262863754729,0.0,0.0001148926286375473,5.4505810809875895e-06
0.0001211503937827062,3.5335497249025643e-07,0.00011532220239067845,0.0,0.00011532220239067847,5.474836419537476e-06
0.00012160490660875139,3.54040093254224e-07,0.00011575173734726915,0.0,0.00011575173734726915,5.499129168228018e-06
0.00012205941943479659,3.547266013345205e-07,0.0001161812334539572,0.0,0.00011618123345395722,5.523459379504858e-06
0.00012251393226084175,3.554144976321337e-07,0.00011661069065742906,0.0,0.00011661069065742906,5.547827105780566e-06
0.00012296844508688694,3.5610378303163173e-07,0.00011704010890442137,0.0,0.00011704010890442137,5.572232399433955e-06
0.00012342295791336472,3.5679439235313805e-07,0.00011746948820411827,0.0,0.00011746948820411827,5.596675316893292e-06
0.00012390019638076162,3.5338132399467406e-07,0.00011792528577880366,0.0,0.00011792528577880368,5.621529277963261e-06
0.00012437806611593667,3.47486310619744e-07,0.00011838466556296743,0.0,0.00011838466556296743,5.645914242349497e-06
0.00012485656711891225,3.458171719244201e-07,0.00011884068429219931,0.0,0.00011884068429219931,5.670065654788542e-06
0.00012533569938970158,3.4609060258109966e-07,0.00011929541310218377,0.0,0.00011929541310218377,5.694195684936745e-06
0.00012581546292830318,3.470265752555175e-07,0.0001197500527800293,0.0,0.0001197500527800293,5.718383573018376e-06
0.000126295857734718,3.4816579914685014e-07,0.00012020503775938558,0.0,0.00012020503775938562,5.742654176185594e-06
0.0001267768838089463,3.4936403324029877e-07,0.00012066050531975109,0.0,0.0001206605053197511,5.767014455954913e-06
0.0001272585411509882,3.5057865339122667e-07,0.00012111649653242411,0.0,0.00012111649653242411,5.791465965172859e-06
0.00012774082976084366,3.517975285988352e-07,0.00012157302353168898,0.0,0.00012157302353168899,5.816008700555832e-06
0.00012822374963851284,3.530173461826643e-07,0.00012203009005865514,0.0,0.00012203009005865515,5.8406422336750215e-06
0.00012870730078399579,3.542372892132216e-07,0.0001224876974611418,0.0,0.0001224876974611418,5.865366033640751e-06
0.0001291914831972924,3.5545723527152235e-07,0.00012294584640487022,0.0,0.00012294584640487022,5.8901795571506815e-06
0.00012967629687840276,3.566772502605053e-07,0.00012340453735533913,0.0,0.00012340453735533913,5.915082272803098e-06
0.00013016174182732657,3.578974472755547e-07,0.0001238637707129525,0.0,0.0001238637707129525,5.940073667098494e-06
0.0001306478180440643,3.5911794783376504e-07,0.00012432354685085146,0.0,0.0001243235468508515,5.965153245379058e-06
0.00013113452552861586,3.6033887151373087e-07,0.00012478386612568983,0.0,0.00012478386612568986,5.990320531412289e-06
0.0001316218642809813,3.6156033343178966e-07,0.00012524472888090314,0.0,0.00012524472888090317,6.015575066646335e-06
0.0001321098343011607,3.627824438577191e-07,0.00012570613544788623,0.0,0.00012570613544788623,6.04091640941677e-06
0.00013259843558915412,3.640053083942211e-07,0.0001261680861465811,0.0,0.00012616808614658112,6.066344134178783e-06
0.00013308766814496144,3.65229028287386e-07,0.00012663058128589222,0.0,0.00012663058128589222,6.091857830781821e-06
0.00013357753196858283,3.66453630608386e-07,0.00012709362117426282,0.0,0.00012709362117426282,6.117457163711647e-06
0.0001340680270600184,3.676792204289968e-07,0.00012755720605586374,0.0,0.00012755720605586376,6.143141783725648e-06
0.0001345591534192681,3.689059251833084e-07,0.00012802133617015188,0.0,0.00012802133617015188,6.168911323932914e-06
0.00013505091104633207,3.7013384306633047e-07,0.00012848601177564437,0.0,0.0001284860117756444,6.1947654276213525e-06
0.00013554329994121034,3.7136306069141737e-07,0.0001289512331301479,0.0,0.00012895123313014792,6.220703750371027e-06
0.00013603632010390285,3.725936598603372e-07,0.0001294170004843202,0.0,0.0001294170004843202,6.246725959722319e-06
0.00013652997153440962,3.7382571938622176e-07,0.0001298833140803291,0.0,0.0001298833140803291,6.272831734694351e-06
0.00013702425423273076,3.750593156236443e-07,0.00013035017415177446,0.0,0.00013035017415177446,6.2990207653327e-06
0.0001375191681988663,3.762945227076331e-07,0.00013081758092387173,0.0,0.00013081758092387173,6.325292752286953e-06
0.00013801471343281635,3.7753141272068433e-07,0.0001312855346136825,0.0,0.0001312855346136825,6.351647406413133e-06
0.00013851088993458078,3.787700558371219e-07,0.00013175403543034552,0.0,0.00013175403543034555,6.378084448398134e-06
0.0001390076977041598,3.800105204573999e-07,0.000132223083575298,0.0,0.00013222308357529802,6.404603608404415e-06
0.00013950513674155344,3.8125287332817793e-07,0.00013269267924249147,0.0,0.00013269267924249147,6.431204625733744e-06
0.00014000320704676147,3.8249717965752756e-07,0.0001331628226185955,0.0,0.0001331628226185955,6.457887248508475e-06
0.00014050190861978362,3.8374350322248503e-07,0.00013363351388319167,0.0,0.0001336335138831917,6.484651233369433e-06
0.00014100124146061967,3.849919064728923e-07,0.00013410475320895724,0.0,0.00013410475320895724,6.511496345189526e-06
0.00014150120556926963,3.862507899596942e-07,0.0001345765356465385,0.0,0.00013457653564653854,6.5384191327713864e-06
0.0001420011696779196,3.8713600632715364e-07,0.00013504863251594652,0.0,0.00013504863251594652,6.565401155645902e-06
0.0001425011337865696,3.8789097197830314e-07,0.00013552081388060031,0.0,0.00013552081388060031,6.592428933990971e-06
0.00014300109789521951,3.8860577362825366e-07,0.00013599299425533953,0.0,0.00013599299425533955,6.619497866251722e-06
0.00014350106200386947,3.8930936131794313e-07,0.0001364651460959517,0.0,0.00013646514609595172,6.646606546599811e-06
0.00014400102611251942,3.9001056964523003e-07,0.0001369372609552087,0.0,0.0001369372609552087,6.673754587665468e-06
0.00014450099022116935,3.907120334952693e-07,0.00013740933627583583,0.0,0.00013740933627583583,6.700941911838282e-06
0.00014500095432981924,3.914145305675006e-07,0.00013788137126553233,0.0,0.00013788137126553233,6.728168533719417e-06
0.0001455009184384692,3.9211828973004635e-07,0.00013835336565367237,0.0,0.0001383533656536724,6.755434495066712e-06
0.00014600088254711907,3.928233787290554e-07,0.00013882531932280463,0.0,0.00013882531932280463,6.782739845585425e-06
0.00014650084665576897,3.9352981815083405e-07,0.0001392972322003272,0.0,0.0001392972322003272,6.810084637290976e-06
0.00014700081076441884,3.9423761478967515e-07,0.00013976910422677013,0.0,0.00013976910422677013,6.837468922859083e-06
0.0001475007748730687,3.949467713994024e-07,0.00014024093534652617,0.0,0.00014024093534652617,6.86489275514318e-06
0.00014800073898171858,3.9565728954384253e-07,0.0001407127255051418,0.0,0.0001407127255051418,6.892356187032917e-06
0.00014850070309036846,3.963691704295627e-07,0.00014118447464852655,0.0,0.00014118447464852657,6.919859271412319e-06
0.0001490006671990183,3.9708241514773274e-07,0.0001416561827227234,0.0,0.0001416561827227234,6.947402061147145e-06
0.00014950063130766812,3.9779702474713783e-07,0.00014212784967384038,0.0,0.00014212784967384038,6.974984609080631e-06
0.000150000595416318,3.985130002539338e-07,0.00014259947544803216,0.0,0.00014259947544803216,7.00260696803186e-06
0.0001505005595249678,3.9923034267777213e-07,0.00014307105999149526,0.0,0.00014307105999149526,7.030269190794768e-06
0.0001510005236336176,3.9994905301334573e-07,0.00014354260325046683,0.0,0.00014354260325046683,7.057971330137424e-06
0.00015150048774226736,4.0066913224202873e-07,0.00014401410517122409,0.0,0.00014401410517122409,7.085713438801269e-06
0.0001520004518509172,4.013905813299777e-07,0.00014448556570008668,0.0,0.00014448556570008668,7.113495569500541e-06
0.00015250041595956694,4.0211340122977473e-07,0.00014495698478341563,0.0,0.00014495698478341563,7.1413177749215515e-06
0.0001530003800682167,4.028375928792608e-07,0.00014542836236761545,0.0,0.00014542836236761545,7.169180107722032e-06
0.00015350034417686647,4.035631572026555e-07,0.00014589969839913337,0.0,0.00014589969839913337,7.197082620530441e-06
0.0001540003082855162,4.042900951091963e-07,0.00014637099282446164,0.0,0.0001463709928244617,7.225025365945341e-06
0.00015450027239416586,4.050184074937975e-07,0.0001468422455901374,0.0,0.0001468422455901374,7.253008396534721e-06
0.0001550002365028156,4.057480952370553e-07,0.00014731345664274325,0.0,0.00014731345664274325,7.281031764835298e-06
0.00015550020061146533,4.0647915920533105e-07,0.0001477846259289081,0.0,0.00014778462592890813,7.309095523351852e-06
0.000156000164720115,4.07211600249156e-07,0.00014825575339530922,0.0,0.00014825575339530924,7.337199724556614e-06
0.00015650012882876461,4.0794541920530374e-07,0.0001487268389886708,0.0,0.0001487268389886708,7.365344420888514e-06
0.00015700009293741424,4.0868061689499575e-07,0.00014919788265576667,0.0,0.00014919788265576667,7.393529664752571e-06
0.00015750005704606384,4.0941719412544686e-07,0.00014966888434341926,0.0,0.00014966888434341926,7.421755508519159e-06
0.00015800002115471347,4.101551516884542e-07,0.00015013984399850166,0.0,0.00015013984399850166,7.450022004523399e-06
0.0001584999852633631,4.1089449036061436e-07,0.00015061076156793802,0.0,0.00015061076156793805,7.478329205064451e-06
0.0001589999493730625,4.1163513923079556e-07,0.00015108163706696828,0.0,0.00015108163706696828,7.5066771668634375e-06
0.0001595226391231582,4.080327767520937e-07,0.0001515791703147048,0.0,0.00015157917031470482,7.535436031701299e-06
0.00016004596014096398,4.0188134467146615e-07,0.0001520803655132028,0.0,0.00015208036551320282,7.563713283089743e-06
0.00016056991242655223,4.0010051137371405e-07,0.00015257806682832602,0.0,0.00015257806682832605,7.591745086852504e-06
0.00016109449597994597,4.003718305478048e-07,0.00015307437259908955,0.0,0.00015307437259908958,7.619751550308593e-06
0.0001616197108011513,4.013592244981099e-07,0.00015357053456159034,0.0,0.00015357053456159034,7.647817015062897e-06
0.0001621455568901691,4.025716519591371e-07,0.00015406701659513713,0.0,0.00015406701659513713,7.675968643072885e-06
0.00016267203424699995,4.038513025066773e-07,0.00015456396865092808,0.0,0.0001545639686509281,7.704214293565185e-06
0.00016319914287164352,4.0515029879587673e-07,0.0001550614367345101,0.0,0.00015506143673451014,7.732555838337507e-06
0.00016372688276410018,4.0645460953175916e-07,0.0001555594347786648,0.0,0.00015555943477866483,7.7609933759036e-06
0.00016425525392436952,4.0776026373471166e-07,0.0001560579671578849,0.0,0.00015605796715788492,7.78952650274991e-06
0.00016478425635245227,4.090662237446773e-07,0.0001565570354419162,0.0,0.0001565570354419162,7.818154686791405e-06
0.00016531389004834833,4.1037229547401616e-07,0.0001570566403778305,0.0,0.0001570566403778305,7.846877375043868e-06
0.00016584415501205788,4.116785224934925e-07,0.00015755678246566298,0.0,0.00015755678246566298,7.875694023901456e-06
0.00016637505124358093,4.129850119470314e-07,0.0001580574621245716,0.0,0.00015805746212457162,7.904604107062247e-06
0.0001669065787429171,4.1429188489113e-07,0.00015855867974094937,0.0,0.00015855867974094937,7.933607117076603e-06
0.00016743873751006659,4.1559926204244727e-07,0.0001590604356828845,0.0,0.0001590604356828845,7.962702565139574e-06
0.00016797152754502892,4.169072600427054e-07,0.00015956273030457433,0.0,0.00015956273030457433,7.991889980411878e-06
0.00016850494884780473,4.1821599059049145e-07,0.0001600655639479519,0.0,0.0001600655639479519,8.021168909262357e-06
0.00016903900141839408,4.19525561177892e-07,0.0001605689369427899,0.0,0.00016056893694278994,8.05053891442624e-06
0.00016957368525679706,4.2083597822920544e-07,0.00016107284961932943,0.0,0.00016107284961932943,8.079999659238465e-06
0.00017010900036301322,4.2214739386505513e-07,0.00016157730221848373,0.0,0.00016157730221848373,8.10955075066445e-06
0.00017064494673704316,4.234599304379597e-07,0.0001620822950110322,0.0,0.0001620822950110322,8.139191795572987e-06
0.00017118152437888644,4.247736869621029e-07,0.0001625878282785111,0.0,0.0001625878282785111,8.168922413413272e-06
0.00017171873328854367,4.260887536436691e-07,0.00016309390229808277,0.0,0.00016309390229808277,8.198742236817247e-06
0.00017225657346601472,4.2740521643004805e-07,0.00016360051733847002,0.0,0.00016360051733847002,8.228650911114716e-06
0.0001727950449112993,4.287231582339676e-07,0.0001641076736592512,0.0,0.00016410767365925122,8.258648093814098e-06
0.0001733341476243978,4.3004265934808275e-07,0.00016461537151093132,0.0,0.00016461537151093132,8.288733454118437e-06
0.00017387388160531052,4.31363797668833e-07,0.00016512361113516953,0.0,0.00016512361113516953,8.318906672472177e-06
0.00017441424685403752,4.326866488740032e-07,0.00016563239276502924,0.0,0.00016563239276502924,8.349167440134267e-06
0.00017495524337057884,4.340112865786184e-07,0.00016614171662522514,0.0,0.00016614171662522517,8.37951545877506e-06
0.00017549687115493462,4.353377824787502e-07,0.00016665158293236064,0.0,0.00016665158293236067,8.409950440095188e-06
0.0001760391302071049,4.36666206483881e-07,0.00016716199189515616,0.0,0.00016716199189515616,8.440472105464874e-06
0.00017658202052708987,4.3799662683823907e-07,0.0001676729437146693,0.0,0.0001676729437146693,8.471080185582355e-06
0.00017712554211488966,4.3932911023430716e-07,0.00016818443858450534,0.0,0.00016818443858450537,8.501774420150015e-06
0.0001776696949705042,4.4066372191803324e-07,0.000168696476691019,0.0,0.00016869647669101901,8.532554557567165e-06
0.0001782144790939335,4.420005257863513e-07,0.00016920905821350875,0.0,0.00016920905821350877,8.563420354638404e-06
0.00017875989448518483,4.433480238163659e-07,0.0001697221780699588,0.0,0.00016972217806995884,8.59436839140965e-06
0.000179305309876437,4.443089560261671e-07,0.00017023562065865677,0.0,0.00017023562065865677,8.625380261754105e-06
0.00017985072526768923,4.4512691982729603e-07,0.00017074915640967415,0.0,0.00017074915640967415,8.6564419381878e-06
0.0001803961406589416,4.4589808365791524e-07,0.0001712626942302259,0.0,0.00017126269423022592,8.687548345057808e-06
0.0001809415560501939,4.466551808805847e-07,0.0001717762030335085,0.0,0.0001717762030335085,8.718697835804826e-06
0.00018148697144144613,4.474087786082172e-07,0.00017228967274211378,0.0,0.00017228967274211378,8.749889920724142e-06
0.0001820323868326983,4.4816221150355583e-07,0.0001728031001389189,0.0,0.0001728031001389189,8.781124482275876e-06
0.0001825778022239504,4.489165213382698e-07,0.00017331648418245774,0.0,0.00017331648418245776,8.812401520154381e-06
0.00018312321761520254,4.496720324774573e-07,0.00017382982451211033,0.0,0.00017382982451211033,8.843721070614739e-06
0.00018366863300645466,4.504288461819952e-07,0.00017434312097902048,0.0,0.00017434312097902048,8.875083181252172e-06
0.00018421404839770661,4.5118699451059644e-07,0.00017485637350003443,0.0,0.00017485637350003443,8.906487903161597e-06
0.00018475946378895852,4.519464880712204e-07,0.00017536958201238133,0.0,0.00017536958201238133,8.937935288505988e-06
0.00018530487918021044,4.5270733081610945e-07,0.00017588274645963177,0.0,0.0001758827464596318,8.969425389762552e-06
0.0001858502945714622,4.534695246256954e-07,0.00017639586678734782,0.0,0.00017639586678734782,9.000958259488724e-06
0.00018639570996271395,4.5423307072920466e-07,0.0001769089429417355,0.0,0.00017690894294173555,9.0325339502492e-06
0.0001869411253539656,4.5499797014431507e-07,0.00017742197486922837,0.0,0.00017742197486922837,9.064152514592913e-06
0.00018748654074521716,4.5576422381461675e-07,0.00017793496251635712,0.0,0.00017793496251635715,9.095814005045423e-06
0.00018803195613646868,4.5653183265186316e-07,0.0001784479058297107,0.0,0.0001784479058297107,9.127518474106122e-06
0.00018857737152772004,4.5730079754851236e-07,0.00017896080475592456,0.0,0.00017896080475592456,9.159265974247001e-06
0.00018912278691897146,4.5807111938250855e-07,0.00017947365924167718,0.0,0.00017947365924167718,9.191056557911763e-06
0.00018966820231022268,4.588427990181529e-07,0.00017998646923368937,0.0,0.0001799864692336894,9.22289027751518e-06
0.00019021361770147393,4.596158373060059e-07,0.00018049923467872543,0.0,0.00018049923467872543,9.25476718544247e-06
0.00019075903309272507,4.603902350836674e-07,0.00018101195552359275,0.0,0.00018101195552359278,9.286687334048629e-06
0.00019130444848397614,4.6116599317579413e-07,0.00018152463171514248,0.0,0.00018152463171514248,9.31865077565782e-06
0.00019184986387522712,4.619431123930198e-07,0.00018203726320027133,0.0,0.00018203726320027133,9.350657562562806e-06
0.00019239527926647804,4.627215935332561e-07,0.00018254984992592055,0.0,0.00018254984992592055,9.382707747024231e-06
0.00019294069465772891,4.635014373800878e-07,0.00018306239183907877,0.0,0.00018306239183907877,9.414801381270134e-06
0.00019348611004897976,4.642826447050386e-07,0.00018357488888677955,0.0,0.00018357488888677955,9.446938517495155e-06
0.00019403152544023044,4.650652162644184e-07,0.00018408734101610597,0.0,0.00018408734101610597,9.479119207860087e-06
0.00019457694083148115,4.6584915280163495e-07,0.00018459974817418837,0.0,0.00018459974817418837,9.511343504491144e-06
0.0001951223562227318,4.666344550463277e-07,0.0001851121103082061,0.0,0.0001851121103082061,9.543611459479366e-06
0.0001956677716139823,4.6742112371487197e-07,0.00018562442736538745,0.0,0.00018562442736538745,9.575923124879974e-06
0.0001962131870052328,4.682091595086216e-07,0.00018613669929301235,0.0,0.00018613669929301238,9.608278552711821e-06
0.00019675860239648323,4.6899856311590794e-07,0.00018664892603841065,0.0,0.00018664892603841065,9.640677794956665e-06
0.00019730401778773353,4.6978933521120496e-07,0.00018716110754896375,0.0,0.00018716110754896375,9.673120903558597e-06
0.00019784943318039788,4.7058138574723983e-07,0.00018767324385878385,0.0,0.00018767324385878385,9.705607935866756e-06
0.0001984175742131707,4.6680858223466955e-07,0.00018821225878856623,0.0,0.00018821225878856628,9.738506842369822e-06
0.00019898634651359856,4.6038966068246243e-07,0.00018875504380540408,0.0,0.00018875504380540413,9.770913047511964e-06
0.0001995557500817844,4.5847766975270315e-07,0.00018929421123057137,0.0,0.00018929421123057137,9.803061181460381e-06
0.00020012578491778084,4.5873382530285434e-07,0.00018983187207140994,0.0,0.00018983187207140994,9.835179021068026e-06
0.00020069645102158595,4.5976679533074436e-07,0.00019036932787518622,0.0,0.00019036932787518625,9.867356351068981e-06
0.00020126774839320207,4.610510641007708e-07,0.00019090707435862842,0.0,0.00019090707435862842,9.899622970472893e-06
0.00020183967703263058,4.6241303804962483e-07,0.00019144527616153583,0.0,0.00019144527616153583,9.931987833045145e-06
0.00020241223693987163,4.637983399711577e-07,0.0001919839853741002,0.0,0.0001919839853741002,9.964453225800346e-06
0.00020298542811492546,4.651904423538733e-07,0.00019252321828137906,0.0,0.00019252321828137906,9.997019391192503e-06
0.00020355925055779187,4.665844563244828e-07,0.00019306298013387706,0.0,0.00019306298013387706,1.002968596759033e-05
0.0002041337042684706,4.6797901690003134e-07,0.00019360327282363102,0.0,0.00019360327282363102,1.0062452427939554e-05
0.00020470878924696133,4.6937381636886924e-07,0.00019414409721913055,0.0,0.0001941440972191306,1.0095318211461917e-05
0.00020528450549326454,4.7076886041838326e-07,0.0001946854538703366,0.0,0.0001946854538703366,1.0128282762509583e-05
0.00020586085300738002,4.7216424448308e-07,0.00019522734322138802,0.0,0.00019522734322138802,1.0161345541508904e-05
0.00020643783178930707,4.735600866780043e-07,0.00019576976567507577,0.0,0.00019576976567507577,1.019450602755328e-05
0.00020701544183904653,4.7495650787306226e-07,0.000196312721612648,0.0,0.000196312721612648,1.0227763718525489e-05
0.0002075936831565985,4.763536259727797e-07,0.00019685621140010828,0.0,0.0001968562114001083,1.026111813051741e-05
0.00020817255574196299,4.777515393136514e-07,0.00019740023539134997,0.0,0.00019740023539134997,1.029456881129934e-05
0.00020875205959513998,4.791502748456273e-07,0.00019794479392517286,0.0,0.00019794479392517286,1.0328115395121466e-05
0.0002093321947161286,4.805499987360879e-07,0.0001984898872632383,0.0,0.0001984898872632383,1.0361757454154194e-05
0.00020991296110492964,4.819508329728565e-07,0.00019903551570379333,0.0,0.00019903551570379333,1.0395494568163439e-05
0.00021049435876154319,4.83352878968776e-07,0.00019958167955149401,0.0,0.00019958167955149401,1.0429326331080415e-05
0.00021107638768596936,4.847562307678732e-07,0.00020012837910432168,0.0,0.00020012837910432168,1.0463252350879789e-05
0.00021165904787820585,4.861609791468317e-07,0.00020067561465009898,0.0,0.00020067561465009898,1.0497272248960075e-05
0.000212242339338255,4.875672115804702e-07,0.00020122338646703426,0.0,0.00020122338646703426,1.053138565964029e-05
0.0002128262620661166,4.889750126820688e-07,0.00020177169482378342,0.0,0.00020177169482378345,1.0565592229651153e-05
0.00021341081606179104,4.903844643476854e-07,0.00020232053997979046,0.0,0.00020232053997979046,1.0599891617652892e-05
0.00021399600132527823,4.917956458526769e-07,0.00020286992218565,0.0,0.00020286992218565,1.0634283493775516e-05
0.0002145818178565783,4.932086343432549e-07,0.00020341984168305982,0.0,0.00020341984168305982,1.0668767539175216e-05
0.00021516826565569128,4.946235049855701e-07,0.0002039702987050771,0.0,0.0002039702987050771,1.0703343445628564e-05
0.00021575534472261724,4.960403309846105e-07,0.00020452129347648266,0.0,0.00020452129347648266,1.073801091514997e-05
0.00021634305505735624,4.974591837158859e-07,0.00020507282621401587,0.0,0.00020507282621401587,1.0772769659624517e-05
0.00021693139665990863,4.988801328591734e-07,0.0002056248971265894,0.0,0.0002056248971265894,1.0807619400460057e-05
0.00021752036953027424,5.00303246474637e-07,0.0002061775064155414,0.0,0.0002061775064155414,1.0842559868258209e-05
0.0002181099736684525,5.017285911009521e-07,0.000206730654274851,0.0,0.000206730654274851,1.0877590802500576e-05
0.0002187002090744419,5.03156232106359e-07,0.00020728434089108892,0.0,0.00020728434089108892,1.0912711951246612e-05
0.00021929107574828236,5.045947579718299e-07,0.00020783856106207702,0.0,0.00020783856106207702,1.0947919928233536e-05
0.00021988194242213074,5.056343104434172e-07,0.0002083931117283591,0.0,0.00020839311172835912,1.0983196383328239e-05
0.00022047280909598133,5.065178788518656e-07,0.0002089477644450106,0.0,0.00020894776444501062,1.101852677211887e-05
0.00022106367576983277,5.073474414953127e-07,0.0002095024227940996,0.0,0.00020950242279409962,1.1053905534237896e-05
0.0002216545424436843,5.081596558675263e-07,0.00021005705202653755,0.0,0.00021005705202653758,1.1089330761279226e-05
0.0002222454091175358,5.089670056587226e-07,0.00021061164026642504,0.0,0.00021061164026642506,1.1124801845452028e-05
0.0002228362757913874,5.097736476708125e-07,0.00021116618352339214,0.0,0.00021116618352339217,1.1160318620324447e-05
0.00022342714246523902,5.105809526943413e-07,0.00021172068044636726,0.0,0.00021172068044636726,1.1195881066177377e-05
0.00022401800913909048,5.113893712180492e-07,0.00021227513055626786,0.0,0.00021227513055626786,1.1231489211604587e-05
0.00022460887581294197,5.121990514376267e-07,0.00021282953366046957,0.0,0.00021282953366046957,1.1267143101034817e-05
0.00022519974248679347,5.130100424768564e-07,0.00021338388966024905,0.0,0.00021338388966024908,1.130284278406755e-05
0.00022579060916064488,5.138223610077404e-07,0.00021393819848765876,0.0,0.0002139381984876588,1.1338588311978366e-05
0.00022638147583449624,5.146360130656119e-07,0.0002144924600848564,0.0,0.0002144924600848564,1.1374379736574215e-05
0.0002269723425083476,5.154510011917989e-07,0.00021504667439733766,0.0,0.00021504667439733768,1.1410217109818128e-05
0.00022756320918219881,5.162673267734576e-07,0.0002156008413717196,0.0,0.0002156008413717196,1.144610048370581e-05
0.00022815407585605012,5.170849908119184e-07,0.0002161549609550134,0.0,0.00021615496095501343,1.1482029910224789e-05
0.00022874494252990137,5.179039941677278e-07,0.00021670903309439286,0.0,0.00021670903309439286,1.1518005441340724e-05
0.00022933580920375253,5.187243375362016e-07,0.00021726305773722232,0.0,0.00021726305773722232,1.1554027128994033e-05
0.00022992667587760367,5.195460217483888e-07,0.00021781703483076485,0.0,0.00021781703483076485,1.1590095025090458e-05
0.00023051754255145473,5.203690476261578e-07,0.00021837096432232152,0.0,0.00021837096432232152,1.1626209181507145e-05
0.00023110840922530587,5.211934159359572e-07,0.00021892484615927744,0.0,0.00021892484615927744,1.1662369650092514e-05
0.0002316992758991569,5.220191274339465e-07,0.0002194786802890591,0.0,0.0002194786802890591,1.1698576482663859e-05
0.00023229014257300794,5.228461828604819e-07,0.00022003246665914053,0.0,0.00022003246665914053,1.1734829731006953e-05
0.000232881009246859,5.236745829394226e-07,0.0002205862052170442,0.0,0.0002205862052170442,1.1771129446875402e-05
0.00023347187592070998,5.24504328379858e-07,0.00022113989591034016,0.0,0.00022113989591034016,1.180747568198994e-05
0.00023406274259456093,5.253354198785392e-07,0.00022169353868664468,0.0,0.00022169353868664468,1.1843868488037734e-05
0.00023465360926841182,5.261678581189598e-07,0.00022224713349362104,0.0,0.00022224713349362104,1.1880307916671847e-05
0.00023524447594226277,5.270016437726132e-07,0.00022280068027897957,0.0,0.00022280068027897957,1.1916794019510605e-05
0.00023583534261611364,5.278367774975647e-07,0.000223354178990479,0.0,0.000223354178990479,1.1953326848137066e-05
0.00023642620928996454,5.286732599397748e-07,0.00022390762957592633,0.0,0.00022390762957592635,1.1989906454098417e-05
0.0002370170759638154,5.295110917325703e-07,0.00022446103198317746,0.0,0.00022446103198317746,1.2026532888905365e-05
0.00023760794263766655,5.303502734964603e-07,0.00022501438616013848,0.0,0.00022501438616013856,1.2063206204031636e-05
0.00023819880931151777,5.311908058389152e-07,0.00022556769205476552,0.0,0.00022556769205476552,1.2099926450913326e-05
0.00023878967598536894,5.320326893544324e-07,0.00022612094961506617,0.0,0.00022612094961506617,1.2136693680948381e-05
0.00023938054265922013,5.328759246250031e-07,0.00022667415878909917,0.0,0.0002266741587890992,1.2173507945495954e-05
0.00023997140933461203,5.337203503316603e-07,0.00022722731968111777,0.0,0.00022722731968111777,1.2210369303162617e-05
0.0002405850016500459,5.297987246666557e-07,0.0002278075584237381,0.0,0.0002278075584237381,1.2247644501641119e-05
0.0002411992252330956,5.231057064433112e-07,0.00022839170205353517,0.0,0.00022839170205353517,1.2284417473117124e-05
0.0002418140800838955,5.210443445871811e-07,0.00022897211635723226,0.0,0.00022897211635723226,1.2320919382076028e-05
0.00024242956620249752,5.212714565332084e-07,0.00022955090963034243,0.0,0.00022955090963034243,1.2357385115621842e-05
0.00024304568358890667,5.223427817606971e-07,0.00023012943067741857,0.0,0.0002301294306774186,1.239391012972742e-05
0.00024366243224312702,5.236962966168806e-07,0.00023070820877688173,0.0,0.00023070820877688176,1.2430527169628407e-05
0.0002442798121651586,5.25140529931827e-07,0.00023128742514661385,0.0,0.00023128742514661387,1.2467246488612928e-05
0.0002448978233550007,5.266132957655331e-07,0.0002318671391616525,0.0,0.0002318671391616525,1.2504070897582653e-05
0.000245516465812655,5.280948930270545e-07,0.00023244737008551526,0.0,0.00023244737008551526,1.2541000834112661e-05
0.00024613573953812147,5.295791984710009e-07,0.00023302812433895537,0.0,0.00023302812433895537,1.2578036000695118e-05
0.00024675564453140023,5.310643812001848e-07,0.0002336094042659115,0.0,0.0002336094042659115,1.2615175884288535e-05
0.0002473761807924911,5.325499618347818e-07,0.00023419121091107042,0.0,0.00023419121091107048,1.265241991958593e-05
0.0002479973483213942,5.340358844520651e-07,0.00023477354489712527,0.0,0.00023477354489712533,1.2689767539816855e-05
0.0002486191471181093,5.355222233432376e-07,0.00023535640670265245,0.0,0.00023535640670265247,1.2727218192113676e-05
0.0002492415771826355,5.370090901563747e-07,0.00023593979675076758,0.0,0.0002359397967507676,1.2764771341711542e-05
0.00024986463851497357,5.3849660455203e-07,0.0002365237154377782,0.0,0.0002365237154377782,1.2802426472643359e-05
0.0002504883311151225,5.399848471207126e-07,0.00023710816314383038,0.0,0.0002371081631438304,1.284018312417138e-05
0.00025111265498308313,5.414738863004228e-07,0.00023769314021193581,0.0,0.00023769314021193581,1.2878040884846848e-05
0.00025173761011885505,5.429638852813949e-07,0.00023827864693734628,0.0,0.00023827864693734628,1.291599929622739e-05
0.0002523631965224379,5.444549682559068e-07,0.00023886468364442363,0.0,0.00023886468364442366,1.2954057909758393e-05
0.0002529894141938321,5.459472418803654e-07,0.00023945125065994737,0.0,0.0002394512506599474,1.2992216292004293e-05
0.00025361626313303627,5.474408055684763e-07,0.00024003834830298905,0.0,0.00024003834830298905,1.3030474024478807e-05
0.00025424374334005197,5.489357544351312e-07,0.00024062597688258666,0.0,0.00024062597688258669,1.3068830703030082e-05
0.00025487185481487914,5.504321798479538e-07,0.0002412141366977496,0.0,0.0002412141366977496,1.3107285937281583e-05
0.0002555005975575178,5.519301704622612e-07,0.00024180282803703887,0.0,0.00024180282803703887,1.3145839350016662e-05
0.0002561299715679679,5.5342981193738e-07,0.00024239205117935998,0.0,0.00024239205117936,1.3184490576670537e-05
0.0002567599768462274,5.54931187484903e-07,0.00024298180639391635,0.0,0.00024298180639391635,1.3223239264826175e-05
0.00025739061339229814,5.564343782061491e-07,0.0002435720939403556,0.0,0.0002435720939403556,1.3262085073736399e-05
0.00025802188120617963,5.579394627994538e-07,0.0002441629140694714,0.0,0.0002441629140694714,1.3301027673908778e-05
0.0002584719751574616,4.6974581226623816e-07,0.0002446653457839034,0.0,0.00024466534578390344,1.3336883561291974e-05
0.0002589227003765626,4.486281442499445e-07,0.0002451038983542897,0.0,0.00024510389835428976,1.3370173878022965e-05
0.000259374056863478,4.4450694310253517e-07,0.00024552673291272187,0.0,0.00024552673291272187,1.3402817007653632e-05
0.00025982604461820475,4.4443078578020136e-07,0.00024594625693570625,0.0,0.00024594625693570625,1.3435356896718362e-05
0.00026027866364074356,4.4529903200268047e-07,0.00024636543776278703,0.0,0.00024636543776278703,1.3467926845953835e-05
0.00026073191393109215,4.4638782946232215e-07,0.0002467849679101977,0.0,0.0002467849679101977,1.3500558191432125e-05
0.00026118579548925144,4.47529636779394e-07,0.00024720500773048895,0.0,0.00024720500773048895,1.35332581219831e-05
0.0002616403083152733,4.4868972329289974e-07,0.0002476255914950409,0.0,0.0002476255914950409,1.3566027096939498e-05
0.00026209482114130837,4.494350876514117e-07,0.0002480465357413506,0.0,0.0002480465357413506,1.3598850312306344e-05
0.0002625493339673476,4.500092781460927e-07,0.00024846761166182405,0.0,0.0002484676116618241,1.3631713027377412e-05
0.0002630038467933883,4.5052051686160647e-07,0.0002488887170947251,0.0,0.00024888871709472513,1.3664609181801554e-05
0.00026345835961942923,4.5100966106841247e-07,0.00024930981340741165,0.0,0.00024930981340741165,1.3697536550949139e-05
0.00026391287244547057,4.5149131604689935e-07,0.0002497308867730933,0.0,0.00024973088677309336,1.373049435633031e-05
0.0002643673852715121,4.519705908398262e-07,0.00025015193234445804,0.0,0.00025015193234445804,1.3763482336214247e-05
0.00026482189809755373,4.5244925653957217e-07,0.00025057294843140043,0.0,0.0002505729484314005,1.3796500409613725e-05
0.0002652764109235957,4.5292792479449584e-07,0.0002509939344406106,0.0,0.0002509939344406106,1.3829548558190657e-05
0.00026573092374963765,4.5340680647378464e-07,0.0002514148901579275,0.0,0.0002514148901579275,1.3862626785236427e-05
0.00026618543657567963,4.5388597415625953e-07,0.0002518358155000307,0.0,0.0002518358155000307,1.389573510149269e-05
0.0002666399494017218,4.543654527187399e-07,0.00025225671042874444,0.0,0.00025225671042874444,1.3928873520258604e-05
0.0002670944622277638,4.5484525057849455e-07,0.00025267757492148225,0.0,0.00025267757492148225,1.3962042055703051e-05
0.0002675489750538059,4.553253704692298e-07,0.00025309840896105447,0.0,0.00025309840896105447,1.3995240722282266e-05
0.00026800348787984845,4.558058131598855e-07,0.0002535192125321498,0.0,0.0002535192125321498,1.4028469534538747e-05
0.00026845800070589065,4.5628657873965997e-07,0.0002539399856201193,0.0,0.0002539399856201193,1.4061728507031684e-05
0.0002689125135319332,4.56767667063362e-07,0.0002543607282105569,0.0,0.0002543607282105569,1.4095017654312988e-05
0.000269367026357976,4.572490779018635e-07,0.00025478144028915516,0.0,0.0002547814402891552,1.4128336990918937e-05
0.0002698215391840188,4.577308109985262e-07,0.0002552021218416531,0.0,0.0002552021218416531,1.416168653136724e-05
0.0002702760520100617,4.582128660864991e-07,0.00025562277285381914,0.0,0.00025562277285381914,1.4195066290156057e-05
0.00027073056483610454,4.5869524289425694e-07,0.00025604339331144663,0.0,0.00025604339331144663,1.4228476281763669e-05
0.00027118507766214745,4.5917794114888315e-07,0.0002564639832003502,0.0,0.0002564639832003502,1.4261916520648291e-05
0.0002716395904881903,4.596609605770116e-07,0.00025688454250636527,0.0,0.00025688454250636527,1.4295387021248047e-05
0.0002720941033142332,4.601443009040994e-07,0.00025730507121534817,0.0,0.00025730507121534817,1.4328887797980943e-05
0.0002725486161402762,4.6062796185553205e-07,0.00025772556931317575,0.0,0.00025772556931317575,1.4362418865244856e-05
0.00027300312896631903,4.611119431558318e-07,0.00025814603678574573,0.0,0.00025814603678574573,1.43959802374175e-05
0.00027345764179236194,4.6159624452919885e-07,0.00025856647361897634,0.0,0.00025856647361897634,1.4429571928856458e-05
0.00027391215461840496,4.6208086569946745e-07,0.00025898687979880635,0.0,0.00025898687979880635,1.4463193953899123e-05
0.00027436666744444786,4.625658063902579e-07,0.00025940725531119495,0.0,0.00025940725531119495,1.4496846326862712e-05
0.0002748211802704909,4.6305106632397354e-07,0.00025982760014212265,0.0,0.00025982760014212265,1.4530529062044269e-05
0.0002752756930965339,4.6353664522312075e-07,0.00026024791427759007,0.0,0.00026024791427759007,1.4564242173720639e-05
0.00027573020592257686,4.6402254280971443e-07,0.0002606681977036187,0.0,0.0002606681977036187,1.4597985676148443e-05
0.00027618471874861977,4.6450875880510356e-07,0.00026108845040625063,0.0,0.00026108845040625063,1.4631759583564107e-05
0.0002766392315746628,4.6499529293088075e-07,0.00026150867237154817,0.0,0.00026150867237154817,1.4665563910183815e-05
0.0002770937444007059,4.65482144907469e-07,0.00026192886358559494,0.0,0.00026192886358559494,1.4699398670203545e-05
0.0002775482572267489,4.659693144551294e-07,0.0002623490240344948,0.0,0.0002623490240344948,1.4733263877799019e-05
0.000278002770052792,4.66456801293681e-07,0.00026276915370437257,0.0,0.00026276915370437257,1.476715954712571e-05
0.0002784572828788351,4.66944605142411e-07,0.00026318925258137383,0.0,0.00026318925258137383,1.4801085692318848e-05
0.0002789117957048783,4.6743272572058436e-07,0.0002636093206516643,0.0,0.00026360932065166434,1.4835042327493384e-05
0.0002793663085309214,4.6792116274697067e-07,0.0002640293579014305,0.0,0.0002640293579014305,1.4869029466744001e-05
0.0002798208213569646,4.684099159394783e-07,0.00026444936431688004,0.0,0.00026444936431688004,1.4903047124145113e-05
0.0002802753341830079,4.688989850160622e-07,0.00026486933988424097,0.0,0.00026486933988424097,1.4937095313750837e-05
0.00028072984700905145,4.693883696940416e-07,0.00026528928458976244,0.0,0.00026528928458976244,1.4971174049595018e-05
0.00028118435983509507,4.6987806969032344e-07,0.0002657091984197136,0.0,0.0002657091984197136,1.5005283345691165e-05
0.00028163887266113873,4.7036808472166226e-07,0.0002661290813603845,0.0,0.00026612908136038456,1.5039423216032507e-05
0.00028209338548718197,4.7085841450409386e-07,0.00026654893339808595,0.0,0.00026654893339808595,1.507359367459193e-05
0.0002825478983132252,4.7134905875363186e-07,0.00026696875451914955,0.0,0.00026696875451914955,1.5107794735322027e-05
0.00028300241113926887,4.7184001718560025e-07,0.0002673885447099281,0.0,0.0002673885447099281,1.5142026412155076e-05
0.0002834569239653124,4.7233128951518705e-07,0.00026780830395679427,0.0,0.00026780830395679427,1.5176288719002975e-05
0.00028391143679135604,4.7282287545713375e-07,0.0002682280322461416,0.0,0.00026822803224614165,1.5210581669757316e-05
0.00028436594961739976,4.733147747259048e-07,0.0002686477295643845,0.0,0.0002686477295643845,1.524490527828934e-05
0.0002848204624434434,4.7380698703505616e-07,0.00026906739589795835,0.0,0.00026906739589795835,1.527925955844994e-05
0.00028527497526948693,4.7429951209835755e-07,0.000269487031233319,0.0,0.000269487031233319,1.5313644524069644e-05
0.00028572948809553055,4.74792349628869e-07,0.00026990663555694305,0.0,0.00026990663555694305,1.534806018895862e-05
0.0002861840009215742,4.752854993397563e-07,0.0002703262088553277,0.0,0.00027032620885532777,1.5382506566906667e-05
0.00028663851374761783,4.757789609431152e-07,0.0002707457511149915,0.0,0.0002707457511149915,1.5416983671683207e-05
0.00028709302657366144,4.762727341516218e-07,0.0002711652623224725,0.0,0.0002711652623224725,1.545149151703728e-05
0.0002875475393997051,4.767668186768778e-07,0.0002715847424643306,0.0,0.0002715847424643306,1.548603011669757e-05
0.00028800205222574867,4.77261214230192e-07,0.0002720041915271461,0.0,0.00027200419152714615,1.552059948437235e-05
0.0002884565650517923,4.777559205223848e-07,0.00027242360949752037,0.0,0.00027242360949752037,1.5555199633749516e-05
0.00028891107787783616,4.782509372647061e-07,0.00027284299636207496,0.0,0.00027284299636207496,1.558983057849654e-05
0.0002893655907038798,4.787462641673685e-07,0.00027326235210745195,0.0,0.00027326235210745195,1.56244923322605e-05
0.00028982010352992344,4.792419009404131e-07,0.0002736816767203149,0.0,0.0002736816767203149,1.565918490866808e-05
0.0002902746163559674,4.797378472936697e-07,0.00027410097018734815,0.0,0.00027410097018734815,1.5693908321325565e-05
0.000290729129182011,4.802341029360358e-07,0.0002745202324952561,0.0,0.00027452023249525617,1.5728662583818797e-05
0.00029118364200805466,4.807306675770962e-07,0.00027493946363076435,0.0,0.00027493946363076435,1.576344770971319e-05
0.0002916381548340986,4.812275409256086e-07,0.0002753586635806192,0.0,0.0002753586635806192,1.579826371255379e-05
0.0002920926676601425,4.817247226897835e-07,0.0002757778323315875,0.0,0.0002757778323315875,1.5833110605865164e-05
0.00029254718048618637,4.82222212577775e-07,0.0002761969698704571,0.0,0.0002761969698704571,1.586798840315148e-05
0.00029300169331223004,4.827200102973501e-07,0.0002766160761840362,0.0,0.0002766160761840362,1.590289711789644e-05
0.00029345620613827354,4.832181155556916e-07,0.00027703515125915453,0.0,0.00027703515125915453,1.5937836763563356e-05
0.0002939107189643172,4.837165280599977e-07,0.00027745419508266216,0.0,0.00027745419508266216,1.597280735359507e-05
0.0002943652317903576,4.842152478582016e-07,0.0002778732076410898,0.0,0.00027787320764108986,1.6007808901409584e-05
0.0002948197446163978,4.847142745658384e-07,0.00027829218892141093,0.0,0.00027829218892141093,1.604284142042105e-05
0.00029527425744243797,4.852136077298691e-07,0.00027871113891068803,0.0,0.00027871113891068803,1.607790492402005e-05
0.0002957287702684782,4.85713246980379e-07,0.00027913005759592677,0.0,0.00027913005759592677,1.611299942557107e-05
0.0002961832830945185,4.862131919935168e-07,0.00027954894496410947,0.0,0.00027954894496410947,1.614812493841548e-05
0.000296637795920559,4.867134424647928e-07,0.0002799678010022211,0.0,0.0002799678010022211,1.61832814758731e-05
0.0002970923087465995,4.872139980971798e-07,0.0002803866256972594,0.0,0.0002803866256972594,1.6218469051242958e-05
0.0002975468215726402,4.877148585960379e-07,0.0002808054190362407,0.0,0.0002808054190362407,1.6253687677803514e-05
0.00029800133439868127,4.882160236663124e-07,0.0002812241810062021,0.0,0.0002812241810062021,1.6288937368812826e-05
0.00029845584722472233,4.887174930136769e-07,0.0002816429115942003,0.0,0.0002816429115942003,1.632421813750843e-05
0.0002989103600507637,4.892192663435246e-07,0.0002820616107873127,0.0,0.0002820616107873127,1.6359529997107498e-05
0.00029936487287680506,4.897213433604495e-07,0.00028248027857263793,0.0,0.00028248027857263793,1.6394872960806753e-05
0.0002998193857028465,4.902237237693455e-07,0.00028289891493729467,0.0,0.00028289891493729467,1.6430247041782474e-05
0.00030027389852888844,4.907264072741274e-07,0.0002833175198684237,0.0,0.0002833175198684237,1.6465652253190548e-05
0.00030072841135493026,4.912293935783367e-07,0.0002837360933531855,0.0,0.0002837360933531855,1.6501088608166394e-05
0.0003011829241809725,4.917326823857167e-07,0.00028415463537876187,0.0,0.00028415463537876187,1.6536556119824974e-05
0.00030163743700701445,4.922362733985655e-07,0.000284573145932355,0.0,0.000284573145932355,1.657205480126083e-05
0.0003020919498330567,4.927401663208245e-07,0.00028499162500118786,0.0,0.00028499162500118786,1.6607584665548017e-05
0.000302546462659099,4.932443608537831e-07,0.0002854100725725051,0.0,0.0002854100725725051,1.664314572574019e-05
0.0003030009754851414,4.937488566993541e-07,0.0002858284886335715,0.0,0.00028582848863357155,1.6678737994870515e-05
0.0003034554883111837,4.94253653559678e-07,0.0002862468731716724,0.0,0.00028624687317167243,1.6714361485951686e-05
0.0003039100011372262,4.947587511364648e-07,0.0002866652261741138,0.0,0.00028666522617411386,1.675001621197594e-05
0.0003043645139632686,4.95264149130412e-07,0.0002870835476282232,0.0,0.0002870835476282232,1.678570218591508e-05
0.00030481902678931107,4.95769847242617e-07,0.0002875018375213481,0.0,0.0002875018375213481,1.6821419420720418e-05
0.0003052735396153536,4.962758451731431e-07,0.0002879200958408576,0.0,0.0002879200958408576,1.6857167929322823e-05
0.000305728052441396,4.967821426221324e-07,0.0002883383225741412,0.0,0.0002883383225741412,1.689294772463267e-05
0.00030618256526743844,4.972887392898321e-07,0.00028875651770860877,0.0,0.00028875651770860877,1.6928758819539865e-05
0.000306637078093481,4.977956348757022e-07,0.00028917468123169145,0.0,0.00028917468123169145,1.6964601226913858e-05
0.00030709159091952393,4.98302829080003e-07,0.00028959281313084036,0.0,0.00028959281313084036,1.700047495960362e-05
0.00030754610374556657,4.988103216002154e-07,0.0002900109133935286,0.0,0.0002900109133935286,1.703638003043766e-05
0.00030800061657160904,4.993181121364219e-07,0.00029042898200724865,0.0,0.00029042898200724865,1.7072316452223982e-05
0.0003084551293976516,4.998262003870864e-07,0.00029084701895951446,0.0,0.00029084701895951446,1.7108284237750157e-05
0.0003089096422236947,5.003345860504341e-07,0.00029126502423786093,0.0,0.00029126502423786093,1.7144283399783276e-05
0.00030936415504973733,5.008432688236957e-07,0.0002916829978298437,0.0,0.0002916829978298437,1.7180313951069956e-05
0.0003098186678757799,5.013522484056862e-07,0.000292100939723038,0.0,0.000292100939723038,1.72163759043363e-05
0.0003102731807018226,5.018615244938792e-07,0.00029251884990504073,0.0,0.00029251884990504073,1.7252469272287977e-05
0.00031072769352786573,5.023710967852284e-07,0.0002929367283634703,0.0,0.0002929367283634703,1.7288594067610196e-05
0.0003111822063539089,5.028809649771995e-07,0.000293354575085964,0.0,0.000293354575085964,1.7324750302967663e-05
0.000311636719179952,5.033911287661702e-07,0.00029377239006018124,0.0,0.00029377239006018124,1.7360937991004624e-05
0.00031209123200599516,5.039015878487684e-07,0.00029419017327380156,0.0,0.0002941901732738015,1.7397157144344856e-05
0.00031254574483203834,5.044123419215391e-07,0.0002946079247145252,0.0,0.0002946079247145252,1.7433407775591638e-05
0.0003130002576580814,5.049233906804114e-07,0.0002950256443700732,0.0,0.0002950256443700732,1.746968989732781e-05
0.0003134547704841247,5.054347338215498e-07,0.00029544333222818745,0.0,0.00029544333222818745,1.7506003522115716e-05
0.0003139092833101679,5.059463710404597e-07,0.00029586098827663,0.0,0.0002958609882766301,1.754234866249727e-05
0.00031436379613621133,5.064583020327201e-07,0.00029627861250318475,0.0,0.00029627861250318475,1.7578725330993892e-05
0.0003148183089622548,5.069705264930645e-07,0.0002966962048956553,0.0,0.0002966962048956553,1.761513354010654e-05
0.00031527282178829807,5.074830441170144e-07,0.0002971137654418654,0.0,0.0002971137654418654,1.7651573302315683e-05
0.00031572733461434163,5.079958545989989e-07,0.00029753129412966124,0.0,0.00029753129412966124,1.768804463008138e-05
0.0003161818474403848,5.085089576337829e-07,0.00029794879094690777,0.0,0.00029794879094690777,1.772454753584317e-05
0.00031663636026642826,5.090223529159699e-07,0.0002983662558814921,0.0,0.0002983662558814921,1.776108203202018e-05
0.00031709087309247187,5.095360401389626e-07,0.0002987836889213218,0.0,0.00029878368892132185,1.7797648131011055e-05
0.0003175453859185154,5.100500189972432e-07,0.0002992010900543242,0.0,0.0002992010900543242,1.7834245845193984e-05
0.0003179998987445589,5.105642891840521e-07,0.0002996184592684481,0.0,0.0002996184592684481,1.7870875186926704e-05
0.0003184544115706024,5.110788503936747e-07,0.00030003579655166223,0.0,0.00030003579655166223,1.7907536168546474e-05
0.0003189089243966459,5.115937023186099e-07,0.00030045310189195717,0.0,0.00030045310189195717,1.794422880237016e-05
0.00031936343722268945,5.121088446519834e-07,0.00030087037527734334,0.0,0.00030087037527734334,1.7980953100694126e-05
0.000319817950048733,5.126242770872384e-07,0.00030128761669585147,0.0,0.0003012876166958514,1.801770907579429e-05
0.0003202724628747765,5.13139999316688e-07,0.00030170482613553376,0.0,0.00030170482613553376,1.805449673992615e-05
0.00032072697570081996,5.136560110329418e-07,0.0003021220035844623,0.0,0.0003021220035844623,1.8091316105324753e-05
0.0003211814885268635,5.141723119283602e-07,0.0003025391490307305,0.0,0.0003025391490307305,1.8128167184204702e-05
0.00032163600135290713,5.146889016945684e-07,0.0003029562624624524,0.0,0.0003029562624624524,1.8165049988760174e-05
0.0003220905141789507,5.152057800239022e-07,0.00030337334386776186,0.0,0.00030337334386776186,1.8201964531164886e-05
0.0003225450270049941,5.157229466078883e-07,0.00030379039323481414,0.0,0.00030379039323481414,1.823891082357213e-05
0.00032299953983103765,5.162404011382868e-07,0.0003042074105517846,0.0,0.00030420741055178465,1.8275888878114777e-05
0.0003234540526570812,5.167581433063026e-07,0.0003046243958068696,0.0,0.0003046243958068696,1.8312898706905278e-05
0.0003239085654831247,5.172761728032874e-07,0.0003050413489882858,0.0,0.00030504134898828584,1.8349940322035623e-05
0.00032436307830916816,5.177944893199596e-07,0.0003054582700842708,0.0,0.0003054582700842708,1.838701373557743e-05
0.00032481759113521167,5.183130925472255e-07,0.0003058751590830826,0.0,0.0003058751590830826,1.842411895958186e-05
0.00032527210396125506,5.188319821755586e-07,0.0003062920159729999,0.0,0.0003062920159729999,1.8461256006079672e-05
0.0003257266167872987,5.193511578953607e-07,0.00030670884074232205,0.0,0.00030670884074232205,1.8498424887081225e-05
0.0003261811296133421,5.198706193969653e-07,0.0003071256333793687,0.0,0.0003071256333793687,1.8535625614576428e-05
0.0003266356424393857,5.20390366370714e-07,0.0003075423938724801,0.0,0.0003075423938724801,1.8572858200534818e-05
0.00032709015526542583,5.209103989505824e-07,0.0003079591222095755,0.0,0.0003079591222095755,1.8610122656899756e-05
0.0003275446680914652,5.214307167032384e-07,0.00030837581837914614,0.0,0.00030837581837914614,1.864741899561577e-05
0.0003279991809175046,5.219513191129031e-07,0.000308792482369789,0.0,0.000308792482369789,1.8684747228602815e-05
0.00032845369374354425,5.224722057708937e-07,0.00030920911417002013,0.0,0.00030920911417002013,1.8722107367753233e-05
0.00032890820656958445,5.229933763303091e-07,0.00030962571376831865,0.0,0.00030962571376831865,1.875949942493545e-05
0.0003293627193956248,5.235148304672063e-07,0.0003100422811531613,0.0,0.00031004228115316136,1.8796923411996245e-05
0.0003298172322216652,5.240365678681431e-07,0.00031045881631303567,0.0,0.00031045881631303567,1.88343793407615e-05
0.0003302717450477059,5.245585882227114e-07,0.00031087531923644653,0.0,0.00031087531923644653,1.8871867223036648e-05
0.00033072625787374703,5.250808912209127e-07,0.0003112917899119194,0.0,0.0003112917899119194,1.8909387070606762e-05
0.0003311807706997888,5.256034765525631e-07,0.00031170822832799947,0.0,0.00031170822832799947,1.8946938895236586e-05
0.0003316352835258305,5.261263439080596e-07,0.0003121246344732519,0.0,0.00031212463447325187,1.8984522708670513e-05
0.00033208979635187223,5.266494929766066e-07,0.00031254100833626305,0.0,0.00031254100833626305,1.902213852263265e-05
0.000332544309177914,5.271729234479056e-07,0.0003129573499056394,0.0,0.0003129573499056394,1.905978634882678e-05
0.0003329988220039559,5.276966350115652e-07,0.00031337365917000795,0.0,0.00031337365917000795,1.909746619893638e-05
0.00033345333482999776,5.282206273563084e-07,0.00031378993611801684,0.0,0.00031378993611801684,1.913517808462462e-05
0.0003339078476560397,5.287449001708431e-07,0.0003142061807383345,0.0,0.0003142061807383345,1.917292201753438e-05
0.0003343623604820823,5.292694531435151e-07,0.00031462239301965054,0.0,0.00031462239301965054,1.9210698009288228e-05
0.00033481687330812437,5.297942859622369e-07,0.0003150385729506737,0.0,0.0003150385729506737,1.9248506071488395e-05
0.00033527138613416636,5.303193983006778e-07,0.0003154547205201486,0.0,0.0003154547205201486,1.928634621571706e-05
0.00033572589896020905,5.308447898466426e-07,0.0003158708357168269,0.0,0.0003158708357168269,1.932421845353549e-05
0.0003361804117862518,5.313704602962111e-07,0.00031628691852947106,0.0,0.00031628691852947106,1.9362122796484503e-05
0.00033663492461229454,5.318964093403735e-07,0.00031670296894686917,0.0,0.00031670296894686917,1.9400059256084943e-05
0.00033708943743833723,5.324226366677749e-07,0.0003171189869578319,0.0,0.000317118986957832,1.943802784383748e-05
0.0003375439502643799,5.329491419662001e-07,0.0003175349725511913,0.0,0.0003175349725511913,1.947602857122252e-05
0.00033799846309042283,5.334759249228482e-07,0.00031795092571579975,0.0,0.00031795092571579975,1.9514061449700234e-05
0.0003384529759164657,5.340029852240301e-07,0.0003183668464405311,0.0,0.0003183668464405311,1.9552126490710506e-05
0.0003389074887425085,5.345303225558736e-07,0.0003187827347142797,0.0,0.0003187827347142797,1.9590223705672944e-05
0.0003393620015685516,5.350579366044252e-07,0.0003191985905259604,0.0,0.0003191985905259604,1.962835310598686e-05
0.0003398165143945947,5.355858270554679e-07,0.00031961441386450795,0.0,0.00031961441386450795,1.96665147030313e-05
0.0003402710272206378,5.361139935951864e-07,0.00032003020471887766,0.0,0.00032003020471887766,1.9704708508164992e-05
0.00034072554004668093,5.366424359089597e-07,0.00032044596307804547,0.0,0.00032044596307804547,1.9742934532726447e-05
0.00034118005287272395,5.371711536826109e-07,0.00032086168893100754,0.0,0.00032086168893100754,1.9781192788033875e-05
0.0003416345656987672,5.377001466016763e-07,0.0003212773822667802,0.0,0.0003212773822667802,1.9819483285385233e-05
0.0003420890785248103,5.382294143503115e-07,0.0003216930430744017,0.0,0.0003216930430744017,1.985780603605828e-05
0.0003425435913508535,5.387589566140341e-07,0.000322108671342929,0.0,0.000322108671342929,1.9896161051310414e-05
0.0003429981041768966,5.392887730774568e-07,0.0003225242670614403,0.0,0.0003225242670614403,1.9934548342378844e-05
0.00034345261700293985,5.39818863425867e-07,0.00032293983021903345,0.0,0.00032293983021903345,1.9972967920480516e-05
0.000343907129828983,5.403492273429573e-07,0.0003233553608048279,0.0,0.0003233553608048279,2.0011419796812162e-05
0.0003443616426550262,5.408798645134664e-07,0.00032377085880796243,0.0,0.00032377085880796243,2.0049903982550237e-05
0.0003448161554810694,5.414107746221049e-07,0.0003241863242175963,0.0,0.0003241863242175963,2.0088420488850978e-05
0.0003452706683071126,5.419419573525326e-07,0.00032460175702290963,0.0,0.00032460175702290963,2.012696932685041e-05
0.0003457251811331557,5.424734123884415e-07,0.0003250171572131029,0.0,0.0003250171572131029,2.0165550507664337e-05
0.000346179693959199,5.430051394137858e-07,0.00032543252477739684,0.0,0.00032543252477739684,2.02041640423883e-05
0.0003466342067852421,5.435371381124905e-07,0.00032584785970503203,0.0,0.00032584785970503203,2.0242809942097678e-05
0.00034708871961128534,5.440694081679888e-07,0.00032626316198526985,0.0,0.00032626316198526985,2.0281488217847607e-05
0.00034754323243732857,5.446019492632553e-07,0.0003266784316073923,0.0,0.0003266784316073923,2.032019888067304e-05
0.0003479977452633713,5.45134761081608e-07,0.000327093668560701,0.0,0.00032709366856070103,2.035894194158871e-05
0.00034845225808941395,5.456678433064883e-07,0.0003275088728345183,0.0,0.0003275088728345183,2.039771741158915e-05
0.0003489067709154568,5.46201195621001e-07,0.00032792404441818706,0.0,0.00032792404441818706,2.0436525301648732e-05
0.0003493612837414995,5.467348177075403e-07,0.00032833918330107037,0.0,0.00032833918330107037,2.0475365622721636e-05
0.00034981579656754224,5.472687092493984e-07,0.000328754289472551,0.0,0.000328754289472551,2.051423838574183e-05
0.00035027030939358504,5.478028699287449e-07,0.00032916936292203317,0.0,0.0003291693629220332,2.0553143601623168e-05
0.0003507248222196278,5.483372994278864e-07,0.00032958440363894064,0.0,0.00032958440363894064,2.0592081281259286e-05
0.0003511793350456706,5.488719974296073e-07,0.00032999941161271736,0.0,0.00032999941161271736,2.0631051435523663e-05
0.0003516338478717133,5.49406963615483e-07,0.00033041438683282815,0.0,0.00033041438683282815,2.0670054075269633e-05
0.00035208836069775597,5.499421976676597e-07,0.000330829329288758,0.0,0.000330829329288758,2.070908921133035e-05
0.0003525428735237986,5.504776992677762e-07,0.000331244238970012,0.0,0.000331244238970012,2.0748156854518854e-05
0.00035299738634984136,5.510134680973078e-07,0.000331659115866116,0.0,0.000331659115866116,2.0787257015627997e-05
0.000353451899175884,5.515495038387552e-07,0.0003320739599666148,0.0,0.0003320739599666148,2.0826389705430486e-05
0.0003539064120019268,5.520858061733854e-07,0.0003324887712610744,0.0,0.0003324887712610744,2.0865554934678922e-05
0.0003543609248279696,5.52622374783124e-07,0.00033290354973908065,0.0,0.00033290354973908065,2.0904752714105775e-05
0.0003548154376540122,5.531592093494901e-07,0.00033331829539023927,0.0,0.0003333182953902394,2.0943983054423376e-05
0.00035526995048005487,5.536963095532109e-07,0.0003337330082041777,0.0,0.0003337330082041777,2.0983245966323998e-05
0.0003557244633060976,5.542336750756462e-07,0.0003341476881705422,0.0,0.0003341476881705422,2.1022541460479748e-05
0.00035617897613214025,5.547713055978479e-07,0.0003345623352789998,0.0,0.0003345623352789998,2.106186954754264e-05
0.00035663348895818305,5.553092008004923e-07,0.000334976949519238,0.0,0.00033497694951923804,2.1101230238144607e-05
0.0003570880017842258,5.558473603643545e-07,0.0003353915308809639,0.0,0.0003353915308809639,2.1140623542897455e-05
0.00035754251461026854,5.563857839698292e-07,0.0003358060793539058,0.0,0.0003358060793539058,2.118004947239293e-05
0.00035799702743631123,5.569244712972402e-07,0.00033622059492781136,0.0,0.00033622059492781136,2.1219508037202674e-05
0.000358451540262354,5.574634220278885e-07,0.0003366350775924479,0.0,0.0003366350775924479,2.1258999247878224e-05
0.00035890605308839683,5.580026358412885e-07,0.0003370495273376044,0.0,0.0003370495273376044,2.129852311495111e-05
0.0003593605659144395,5.585421124173298e-07,0.0003374639441530894,0.0,0.00033746394415308946,2.133807964893275e-05
0.00035981507874048005,5.590818518823685e-07,0.0003378783280282889,0.0,0.0003378783280282889,2.1377668860308704e-05
0.0003602695915665191,5.596218537991906e-07,0.00033829267895315386,0.0,0.0003382926789531538,2.1417290759566138e-05
0.0003607241043925578,5.601621176394442e-07,0.0003387069969177501,0.0,0.0003387069969177501,2.145694535716825e-05
0.0003611786172185967,5.607026429818481e-07,0.00033912128191206396,0.0,0.000339121281912064,2.1496632663550836e-05
0.0003616331300446361,5.612434294666069e-07,0.00033953553392604343,0.0,0.0003395355339260435,2.1536352689126065e-05
0.00036208764287067583,5.617844767592057e-07,0.000339949752949632,0.0,0.000339949752949632,2.1576105444284622e-05
0.0003625421556967163,5.623257845363326e-07,0.00034036393897278325,0.0,0.00034036393897278325,2.1615890939396696e-05
0.00036299666852275715,5.62867352477159e-07,0.0003407780919854677,0.0,0.0003407780919854677,2.1655709184812304e-05
0.00036345118134879816,5.634091802625427e-07,0.00034119221197767417,0.0,0.00034119221197767417,2.1695560190861433e-05
0.0003639056941748392,5.639512675724195e-07,0.00034160629893941266,0.0,0.0003416062989394127,2.173544396785414e-05
0.00036436020700088045,5.644936140877413e-07,0.0003420203528607123,0.0,0.0003420203528607123,2.1775360526080473e-05
0.00036481471982692174,5.650362194901237e-07,0.00034243437373162114,0.0,0.00034243437373162114,2.1815309875810528e-05
0.0003652692326529632,5.6557908345995e-07,0.00034284836154220864,0.0,0.00034284836154220864,2.1855292027294514e-05
0.00036572374547900457,5.661222056776239e-07,0.00034326231628256415,0.0,0.00034326231628256426,2.1895306990762695e-05
0.00036617825830504596,5.666655858226944e-07,0.0003436762379427979,0.0,0.0003436762379427979,2.1935354776425403e-05
0.0003666327711310881,5.672092235759946e-07,0.0003440901265130391,0.0,0.00034409012651303916,2.1975435394473034e-05
0.0003670872839571303,5.677531186157803e-07,0.00034450398198343843,0.0,0.0003445039819834385,2.2015548855076092e-05
0.0003675417967831726,5.682972706219654e-07,0.0003449178043441656,0.0,0.0003449178043441656,2.205569516838506e-05
0.0003679963096092149,5.688416792736678e-07,0.0003453315935854106,0.0,0.00034533159358541063,2.2095874344530585e-05
0.00036845082243525725,5.693863442496009e-07,0.00034574534969738417,0.0,0.00034574534969738417,2.2136086393623364e-05
0.0003689053352612995,5.699312652283129e-07,0.0003461590726703171,0.0,0.0003461590726703171,2.2176331325754158e-05
0.0003693598480873418,5.704764418889782e-07,0.0003465727624944591,0.0,0.0003465727624944591,2.2216609150993822e-05
0.0003698143609133847,5.710218739094202e-07,0.0003469864191600819,0.0,0.0003469864191600819,2.225691987939333e-05
0.00037026887373942737,5.715675609675525e-07,0.00034740004265747617,0.0,0.00034740004265747617,2.2297263520983694e-05
0.00037072338656547017,5.721135027414665e-07,0.00034781363297695263,0.0,0.00034781363297695263,2.233764008577605e-05
0.00037117789939151297,5.726596989091041e-07,0.0003482271901088422,0.0,0.0003482271901088422,2.2378049583761604e-05
0.0003716324122175558,5.732061491488508e-07,0.0003486407140434952,0.0,0.0003486407140434952,2.2418492024911693e-05
0.00037208692504359857,5.737528531375756e-07,0.00034905420477128327,0.0,0.00034905420477128327,2.2458967419177767e-05
0.00037254143786964137,5.742998105525784e-07,0.0003494676622825974,0.0,0.0003494676622825975,2.249947577649138e-05
0.00037299595069568433,5.748470210715185e-07,0.00034988108656784856,0.0,0.00034988108656784856,2.2540017106764194e-05
0.0003734504635217272,5.753944843719004e-07,0.00035029447761746735,0.0,0.00035029447761746735,2.258059141988798e-05
0.00037390497634777004,5.759422001303974e-07,0.00035070783542190485,0.0,0.00035070783542190496,2.26211987257347e-05
0.000374359489173813,5.764901680235983e-07,0.0003511211599716329,0.0,0.0003511211599716329,2.2661839034156397e-05
0.0003748140019998558,5.770383877283684e-07,0.0003515344512571422,0.0,0.00035153445125714225,2.2702512354985255e-05
0.00037526851482589876,5.775868589212325e-07,0.0003519477092689439,0.0,0.0003519477092689439,2.2743218698033593e-05
0.0003757230276519416,5.781355812788636e-07,0.00035236093399756887,0.0,0.0003523609339975689,2.2783958073093894e-05
0.0003761775404779845,5.786845544775537e-07,0.00035277412543356824,0.0,0.00035277412543356824,2.282473048993878e-05
0.0003766320533040275,5.792337781935976e-07,0.0003531872835675128,0.0,0.0003531872835675129,2.2865535958321044e-05
0.00037708656613007045,5.797832521029322e-07,0.0003536004083899939,0.0,0.0003536004083899939,2.2906374487973635e-05
0.0003775410789561128,5.803329758813377e-07,0.00035401349989162183,0.0,0.00035401349989162183,2.2947246088609643e-05
0.0003779955917821552,5.808829492051876e-07,0.0003544265580630276,0.0,0.0003544265580630276,2.2988150769922382e-05
0.0003784501046081976,5.81433171749838e-07,0.00035483958289486245,0.0,0.00035483958289486245,2.302908854158531e-05
0.0003789046174342401,5.819836431913724e-07,0.00035525257437779665,0.0,0.0003552525743777967,2.3070059413252063e-05
0.00037935913026028244,5.825343632050368e-07,0.000355665532502521,0.0,0.000355665532502521,2.31110633945565e-05
0.00037981364308632486,5.830853314656993e-07,0.0003560784572597465,0.0,0.0003560784572597465,2.315210049511267e-05
0.0003802681559123672,5.8363654764925e-07,0.0003564913486402032,0.0,0.00035649134864020325,2.319317072451477e-05
0.00038072266873840965,5.841880114302348e-07,0.0003569042066346421,0.0,0.0003569042066346421,2.3234274092337255e-05
0.000381177181564452,5.847397224838973e-07,0.0003573170312338334,0.0,0.00035731703123383345,2.3275410608134767e-05
0.0003816316943904944,5.852916804855751e-07,0.0003577298224285667,0.0,0.0003577298224285667,2.3316580281442155e-05
0.00038208620721653686,5.858438851100074e-07,0.0003581425802096523,0.0,0.0003581425802096523,2.3357783121774517e-05
0.0003825407200425792,5.863963360312834e-07,0.0003585553045679208,0.0,0.0003585553045679208,2.3399019138627177e-05
0.00038299523286862175,5.869490329237888e-07,0.00035896799549422223,0.0,0.0003589679954942223,2.344028834147567e-05
0.0003834497456946641,5.875019754630522e-07,0.0003593806529794253,0.0,0.0003593806529794254,2.3481590739775752e-05
0.00038390425852070654,5.880551633223023e-07,0.00035979327701442075,0.0,0.00035979327701442075,2.3522926342963473e-05
0.000384358771346749,5.886085961763978e-07,0.00036020586759011753,0.0,0.00036020586759011753,2.3564295160455088e-05
0.0003848132841727913,5.891622736991689e-07,0.000360618424697445,0.0,0.00036061842469744507,2.3605697201647142e-05
0.00038526779699883293,5.897161955642603e-07,0.0003610309483273523,0.0,0.00036103094832735233,2.3647132475916378e-05
0.0003857223098248746,5.902703614463366e-07,0.00036144343847080836,0.0,0.00036144343847080836,2.368860099261987e-05
0.00038617682265091626,5.908247710184923e-07,0.00036185589511880277,0.0,0.00036185589511880277,2.373010276109496e-05
0.00038663133547695797,5.913794239545355e-07,0.0003622683182623442,0.0,0.0003622683182623442,2.377163779065922e-05
0.00038708584830299963,5.919343199282256e-07,0.0003626807078924609,0.0,0.0003626807078924609,2.3813206090610534e-05
0.0003875403611290414,5.924894586126719e-07,0.0003630930640002016,0.0,0.0003630930640002016,2.3854807670227078e-05
0.0003879948739550832,5.930448396814176e-07,0.0003635053865766345,0.0,0.0003635053865766345,2.3896442538767302e-05
0.000388449386781125,5.936004628075149e-07,0.00036391767561284747,0.0,0.00036391767561284747,2.3938110705469965e-05
0.00038890389960716677,5.941563276634361e-07,0.00036432993109994914,0.0,0.00036432993109994914,2.3979812179554142e-05
0.0003893584124332085,5.94712433922898e-07,0.00036474215302906645,0.0,0.00036474215302906645,2.4021546970219178e-05
0.00038981292525925025,5.952687812584257e-07,0.00036515434139134707,0.0,0.00036515434139134707,2.406331508664476e-05
0.000390267438085292,5.958253693425978e-07,0.00036556649617795864,0.0,0.00036556649617795864,2.4105116537990897e-05
0.00039072195091133396,5.963821978483702e-07,0.0003659786173800876,0.0,0.00036597861738008763,2.414695133339791e-05
0.0003911764637373756,5.969392664480746e-07,0.0003663907049889412,0.0,0.0003663907049889412,2.4188819481986453e-05
0.00039163097656341766,5.974965748142308e-07,0.00036680275899574587,0.0,0.0003668027589957459,2.423072099285752e-05
0.0003920854893894595,5.980541226189805e-07,0.00036721477939174796,0.0,0.000367214779391748,2.4272655875092468e-05
0.00039254000221550066,5.986119098901983e-07,0.00036762676616786203,0.0,0.0003676267661678621,2.4314624137748345e-05
0.00039299451504154075,5.991699362179979e-07,0.00036803871931544293,0.0,0.000368038719315443,2.4356625789879797e-05
0.00039344902786758094,5.997282011010506e-07,0.00036845063882596054,0.0,0.00036845063882596054,2.4398660840519302e-05
0.00039390354069362125,6.002867040988047e-07,0.00036886252469084857,0.0,0.0003688625246908486,2.4440729298673843e-05
0.0003943580535196618,6.008454448607954e-07,0.00036927437690147466,0.0,0.0003692743769014747,2.4482831173326387e-05
0.0003948125663457024,6.014044230596685e-07,0.0003696861954492034,0.0,0.0003696861954492034,2.4524966473439444e-05
0.0003952670791717432,6.01963638369173e-07,0.0003700979803254181,0.0,0.00037009798032541823,2.4567135207955895e-05
0.00039572159199778475,6.025230904636409e-07,0.000370509731521522,0.0,0.00037050973152152205,2.4609337385799096e-05
0.00039617610482382647,6.030827790153818e-07,0.0003709214490289382,0.0,0.0003709214490289382,2.4651573015872854e-05
0.0003966306176498681,6.036427036968303e-07,0.00037133313283910983,0.0,0.00037133313283910983,2.4693842107061446e-05
0.00039708513047590974,6.042028641805783e-07,0.0003717447829434997,0.0,0.0003717447829434997,2.4736144668229556e-05
0.00039753964330195156,6.047632601396053e-07,0.0003721563993335897,0.0,0.0003721563993335897,2.477848070822232e-05
0.0003979941561279935,6.053238912460472e-07,0.00037256798200088206,0.0,0.00037256798200088217,2.4820850235865385e-05
0.00039844866895403537,6.058847571713881e-07,0.00037297953093689916,0.0,0.00037297953093689916,2.4863253259964834e-05
0.0003989031817800777,6.064458575877674e-07,0.0003733910461331827,0.0,0.0003733910461331827,2.4905689789307216e-05
0.00039935769460611967,6.070071921664654e-07,0.0003738025275812937,0.0,0.00037380252758129377,2.4948159832659514e-05
0.0003998122074321622,6.075687605792675e-07,0.00037421397527281376,0.0,0.00037421397527281376,2.499066339876923e-05
0.00040026672025820484,6.081305624966444e-07,0.00037462538919934377,0.0,0.0003746253891993439,2.5033200496364315e-05
0.00040072123308424737,6.086925975902423e-07,0.0003750367693525039,0.0,0.0003750367693525039,2.5075771134153175e-05
0.00040117574591028984,6.092548655305101e-07,0.00037544811572393457,0.0,0.0003754481157239347,2.5118375320824725e-05
0.0004016302587363325,6.098173659878392e-07,0.00037585942830529627,0.0,0.0003758594283052963,2.5161013065048353e-05
0.00040208477156237506,6.103800986324794e-07,0.00037627070708826863,0.0,0.00037627070708826863,2.5203684375473914e-05
0.0004025392843884177,6.109430631346199e-07,0.0003766819520645513,0.0,0.00037668195206455135,2.524638926073176e-05
0.0004029937972144604,6.115062591649405e-07,0.0003770931632258627,0.0,0.0003770931632258627,2.5289127729432714e-05
0.00040344831004050297,6.120696863934508e-07,0.00037750434056394144,0.0,0.00037750434056394144,2.5331899790168117e-05
0.0004039028228665455,6.126333444889903e-07,0.00037791548407054677,0.0,0.00037791548407054677,2.5374705451509835e-05
0.0004043573356925883,6.131972331221528e-07,0.00037832659373745597,0.0,0.00037832659373745597,2.5417544722010175e-05
0.000404811848518631,6.137613519623505e-07,0.0003787376695564667,0.0,0.0003787376695564667,2.546041761020199e-05
0.0004052663613446731,6.143257006770194e-07,0.00037914871151939743,0.0,0.00037914871151939743,2.5503324124598685e-05
0.00040572087417071535,6.148902789377375e-07,0.00037955971961808345,0.0,0.00037955971961808345,2.5546264273694053e-05
0.00040617538699675744,6.154550864126842e-07,0.0003799706938443822,0.0,0.0003799706938443822,2.5589238065962548e-05
0.00040662989982279943,6.160201227705528e-07,0.00038038163419016984,0.0,0.00038038163419016984,2.5632245509859083e-05
0.00040708441264884163,6.165853876806983e-07,0.0003807925406473418,0.0,0.00038079254064734186,2.5675286613819098e-05
0.0004075389254748837,6.171508808114331e-07,0.00038120341320781377,0.0,0.00038120341320781377,2.5718361386258606e-05
0.0004079934383009258,6.177166018305105e-07,0.0003816142518635212,0.0,0.0003816142518635212,2.576146983557415e-05
0.00040844795112696797,6.18282550407211e-07,0.00038202505660641804,0.0,0.00038202505660641804,2.5804611970142763e-05
0.0004089024639530102,6.188487262097249e-07,0.0003824358274284783,0.0,0.00038243582742847836,2.5847787798322093e-05
0.00040935697677905227,6.194151289059676e-07,0.000382846564321696,0.0,0.000382846564321696,2.589099732845032e-05
0.0004098114896050944,6.199817581635381e-07,0.00038325726727808467,0.0,0.00038325726727808467,2.5934240568846188e-05
0.0004102660024311366,6.205486136498523e-07,0.00038366793628967776,0.0,0.00038366793628967776,2.5977517527808994e-05
0.0004107205152571789,6.211156950332564e-07,0.000384078571348527,0.0,0.00038407857134852713,2.602082821361859e-05
0.00041117502808322114,6.216830019812218e-07,0.0003844891724467046,0.0,0.0003844891724467046,2.606417263453541e-05
0.0004116295409092626,6.222505341611874e-07,0.00038489973957630093,0.0,0.00038489973957630093,2.610755079880047e-05
0.0004120840537353039,6.228182912408996e-07,0.0003853102727294276,0.0,0.0003853102727294276,2.6150962714635365e-05
0.0004125385665613454,6.233862728871577e-07,0.0003857207718982159,0.0,0.00038572077189821596,2.6194408390242336e-05
0.00041299307938738686,6.239544787669036e-07,0.00038613123707481584,0.0,0.00038613123707481584,2.623788783380416e-05
0.00041344759221342836,6.245229085469099e-07,0.0003865416682513972,0.0,0.0003865416682513972,2.628140105348422e-05
0.00041390210503946986,6.250915618939261e-07,0.0003869520654201494,0.0,0.0003869520654201494,2.6324948057426503e-05
0.0004143566178655113,6.256604384747113e-07,0.00038736242857328096,0.0,0.000387362428573281,2.6368528853755614e-05
0.0004148111306915528,6.262295379561138e-07,0.0003877727577030199,0.0,0.00038777275770302005,2.641214345057674e-05
0.00041526564351759436,6.267988600041462e-07,0.00038818305280161454,0.0,0.00038818305280161454,2.6455791855975735e-05
0.000415720156343636,6.273684042836897e-07,0.0003885933138613332,0.0,0.00038859331386133326,2.6499474078019068e-05
0.0004161746691696776,6.279381704612463e-07,0.00038900354087446253,0.0,0.00038900354087446253,2.6543190124753784e-05
0.00041662918199571907,6.285081582033017e-07,0.0003894137338333083,0.0,0.0003894137338333084,2.6586940004207545e-05
0.00041708369482176073,6.290783671760678e-07,0.00038982389273019605,0.0,0.00038982389273019605,2.6630723724388694e-05
0.00041753820764780234,6.29648797045404e-07,0.00039023401755747077,0.0,0.0003902340175574708,2.6674541293286207e-05
0.00041799272047384395,6.30219447477349e-07,0.0003906441083074969,0.0,0.0003906441083074969,2.671839271886975e-05
0.00041844723329988566,6.307903181367457e-07,0.0003910541649726593,0.0,0.0003910541649726593,2.676227800908962e-05
0.00041890174612592743,6.313614086895458e-07,0.0003914641875453611,0.0,0.0003914641875453612,2.680619717187676e-05
0.0004193562589519683,6.319327188006398e-07,0.00039187417601802487,0.0,0.00039187417601802487,2.6850150215142786e-05
0.00041981077177801,6.325042481355451e-07,0.00039228413038309436,0.0,0.00039228413038309436,2.689413714678004e-05
0.0004202652846040508,6.330759963587333e-07,0.0003926940506330306,0.0,0.0003926940506330306,2.693815797466144e-05
0.0004207197974300916,6.33647963135763e-07,0.00039310393676031516,0.0,0.00039310393676031516,2.698221270664066e-05
0.0004211743102561325,6.342201481306817e-07,0.0003935137887574497,0.0,0.00039351378875744983,2.7026301350552048e-05
0.0004216288230821734,6.347925510080198e-07,0.00039392360661695476,0.0,0.00039392360661695476,2.7070423914210623e-05
0.00042208333590821424,6.353651714328057e-07,0.00039433339033136935,0.0,0.00039433339033136935,2.7114580405412084e-05
0.0004225378487342551,6.359380090691351e-07,0.0003947431398932532,0.0,0.0003947431398932532,2.7158770831932867e-05
0.0004229923615602961,6.365110635810843e-07,0.000395152855295185,0.0,0.000395152855295185,2.720299520153009e-05
0.00042344687438633706,6.370843346327384e-07,0.0003955625365297627,0.0,0.0003955625365297627,2.7247253521941584e-05
0.0004239013872123779,6.376578218880673e-07,0.000395972183589604,0.0,0.00039597218358960405,2.7291545800885892e-05
0.00042435590003841864,6.3823152501166e-07,0.0003963817964673447,0.0,0.0003963817964673447,2.7335872046062272e-05
