errRxPlant,errW1ds,errW3ds,errC1ds,errC3ds,max(r.SinkLim3DS),max(r.SinkLim1DS),max(abs(r.OutLim1DS)),max(abs(r.InOutBC_Cdiff)),max(r.maxDiff1d3dCW_abs),errWrsi,bulkMassErrorWater_abs,bulkMassErrorWater_absLim,rhizoMassWError_absLim,rhizoMassWError_abs,bulkMassErrorC_abs,bulkMassCErrorPlant,rhizoMassCError_absLim,rhizoMassCError_abs,sum(abs(diffBCS1dsFluxIn)),sum(abs(diffBCS1dsFluxOut)),sum(abs(diffouter_R_bc_wat)),sum(abs(diffBCS1dsFluxOut_sol)),sum(abs(diffBCS1dsFluxOut_mucil)),sum(abs(diffouter_R_bc_sol)),diff1d3dCurrant,diff1d3dCurrant_rel,rhizoMassWError_rel,err
100.0,1.5677945563712878,9.419139047702636,0.0010770993341359526,0.005614350638924337,2.168404344971009e-19,2.168404344971009e-19,0.0,0.0,6.189463103378756e-06,0.05417066936373291,3.410605131648481e-13,3.410605131648481e-13,4.614364446098307e-15,4.614364446098307e-15,9.159339953157541e-16,9.159339953157541e-16,3.079811796216636e-18,3.079811796216636e-18,0.020823958713722994,0.0,0.00012622506503688678,0.0,0.0,3.560257274099967e-09,7.531063446214459e-05,7.531063446214459e-05,3.523095878347846e-14,100.0
