n_iter,err,diff1d3dCurrant_rel,maxdiff1d3dCurrant_rel,solve_gave_up,min__soil_solute,dt_inner,real_dtinner,failedLoop,cL
0.0,100.0,7.531063446214459e-05,0.006589300372866338,0.0,0.0,0.013888888888888888,0.013888888888888888,0.0,1.0
