Exud_tot,Exud_liq,Exud_ads,Exud_ads_soil,Exud_ads_roots,Exud_decay
0.0,0.0,0.0,0.0,0.0,0.0
0.0,0.0,0.0,0.0,0.0,0.0
0.0,0.0,0.0,0.0,0.0,0.0
0.0,0.0,0.0,0.0,0.0,0.0
0.0,0.0,0.0,0.0,0.0,0.0
0.0,0.0,0.0,0.0,0.0,0.0
0.0,0.0,0.0,0.0,0.0,0.0
0.0,0.0,0.0,0.0,0.0,0.0
0.0,0.0,0.0,0.0,0.0,0.0
0.0,0.0,0.0,0.0,0.0,0.0
0.0,0.0,0.0,0.0,0.0,0.0
0.0,0.0,0.0,0.0,0.0,0.0
0.0,0.0,0.0,0.0,0.0,0.0
0.0,0.0,0.0,0.0,0.0,0.0
0.0,0.0,0.0,0.0,0.0,0.0
0.0,0.0,0.0,0.0,0.0,0.0
0.0,0.0,0.0,0.0,0.0,0.0
0.0,0.0,0.0,0.0,0.0,0.0
0.0,0.0,0.0,0.0,0.0,0.0
0.0,0.0,0.0,0.0,0.0,0.0
0.0,0.0,0.0,0.0,0.0,0.0
0.0,0.0,0.0,0.0,0.0,0.0
0.0,0.0,0.0,0.0,0.0,0.0
0.0,0.0,0.0,0.0,0.0,0.0
0.0,0.0,0.0,0.0,0.0,0.0
0.0,0.0,0.0,0.0,0.0,0.0
0.0,0.0,0.0,0.0,0.0,0.0
0.0,0.0,0.0,0.0,0.0,0.0
0.0,0.0,0.0,0.0,0.0,0.0
0.0,0.0,0.0,0.0,0.0,0.0
0.0,0.0,0.0,0.0,0.0,0.0
0.0,0.0,0.0,0.0,0.0,0.0
0.0,0.0,0.0,0.0,0.0,0.0
0.0,0.0,0.0,0.0,0.0,0.0
0.0,0.0,0.0,0.0,0.0,0.0
0.0,0.0,0.0,0.0,0.0,0.0
0.0,0.0,0.0,0.0,0.0,0.0
4.5451282604019094e-08,2.4842474029978274e-09,4.275827170129276e-08,0.0,4.275827170129276e-08,2.0876349972850236e-10
9.216510083592754e-08,2.5704961502551552e-09,8.915871741784764e-08,0.0,8.915871741784764e-08,4.3588726782472036e-10
1.4014145469572527e-07,2.6567109218606956e-09,1.368143365466161e-07,0.0,1.368143365466161e-07,6.704072272485025e-10
1.893803441834127e-07,2.7436884430664484e-09,1.8572428239951192e-07,0.0,1.8572428239951195e-07,9.123733408343524e-10
2.398817692989897e-07,2.831439661559859e-09,2.358884897863678e-07,0.0,2.3588848978636781e-07,1.1618398510620343e-09
2.9164573004245606e-07,2.9199755477971054e-09,2.8730689276760074e-07,0.0,2.8730689276760074e-07,1.4188617270581421e-09
3.4467222641381176e-07,3.0093073529910593e-09,3.3997942438284474e-07,0.0,3.3997942438284474e-07,1.6834946779759595e-09
3.9896125841305697e-07,3.0994466066461425e-09,3.9390601663909076e-07,0.0,3.939060166390908e-07,1.9557951673200237e-09
4.5451282604019144e-07,3.190405115125267e-09,4.4908660049796787e-07,0.0,4.490866004979679e-07,2.235820427098252e-09
5.113269292952156e-07,3.2821949611975793e-09,5.055211058621536e-07,0.0,5.055211058621537e-07,2.523628471864246e-09
5.69403568178129e-07,3.3748285044642044e-09,5.632094615609605e-07,0.0,5.632094615609605e-07,2.81927811270454e-09
6.287427426889321e-07,3.4683183825669806e-09,6.221515953351463e-07,0.0,6.221515953351463e-07,3.1228289712186796e-09
6.893444528276246e-07,3.562677513104697e-09,6.823474338209855e-07,0.0,6.823474338209855e-07,3.434341493534307e-09
7.512086985942067e-07,3.6579190961911677e-09,7.43796902533621e-07,0.0,7.437969025336211e-07,3.753876964394549e-09
8.143354799886774e-07,3.754056617593691e-09,8.064999258497327e-07,0.0,8.064999258497327e-07,4.08149752135107e-09
8.787247970110391e-07,3.851103852423842e-09,8.704564269895227e-07,0.0,8.704564269895228e-07,4.417266169092547e-09
9.443766496612899e-07,3.949074869325587e-09,9.356663279980286e-07,0.0,9.356663279980286e-07,4.761246793935668e-09
1.01129103793943e-06,4.0479840351310165e-09,1.0021295497257955e-06,0.0,1.0021295497257955e-06,5.113504178503259e-09
1.0794679618454585e-06,4.14784601997703e-09,1.0698460118088695e-06,0.0,1.0698460118088695e-06,5.474104016611995e-09
1.148907421379378e-06,4.248675802829457e-09,1.1388156326481576e-06,0.0,1.1388156326481578e-06,5.84311292839081e-09
1.2196094165411852e-06,4.350488677433451e-09,1.2090383293881027e-06,0.0,1.2090383293881027e-06,6.2205984756490635e-09
1.291573947330884e-06,4.4533002586387865e-09,1.2805140178947315e-06,0.0,1.2805140178947315e-06,6.606629177513244e-09
1.364801013748472e-06,4.557126489126717e-09,1.353242612732996e-06,0.0,1.3532426127329959e-06,7.001274526348911e-09
1.4392906157939488e-06,4.661983646505809e-09,1.4272240271434585e-06,0.0,1.4272240271434585e-06,7.4046050039848175e-09
1.5150427534673154e-06,4.767888350773795e-09,1.5024581730182872e-06,0.0,1.5024581730182875e-06,7.816692098254744e-09
1.5920574267685688e-06,4.874857572155684e-09,1.5789449608765407e-06,0.0,1.578944960876541e-06,8.237608319872334e-09
1.6703346356977126e-06,4.9829086393027875e-09,1.6566842998387556e-06,0.0,1.6566842998387558e-06,8.66742721965397e-09
1.7498743802547466e-06,5.0920592478581615e-09,1.7356760976007841e-06,0.0,1.7356760976007843e-06,9.106223406103952e-09
1.8306766604396738e-06,5.202327469394888e-09,1.815920260406902e-06,0.0,1.815920260406902e-06,9.554072563376528e-09
1.912741476252487e-06,5.3137317607185445e-09,1.8974166930221392e-06,0.0,1.8974166930221392e-06,1.0011051469628786e-08
1.9960688276931884e-06,5.426290973554224e-09,1.9801652987038554e-06,0.0,1.9801652987038554e-06,1.0477238015778659e-08
2.080658714761779e-06,5.540024364612538e-09,2.0641659791724843e-06,0.0,2.0641659791724843e-06,1.095271122468194e-08
2.1665111374582634e-06,5.654951606041606e-09,2.149418634581478e-06,0.0,2.149418634581478e-06,1.1437551270742535e-08
2.253626095782634e-06,5.771092796281733e-09,2.235923163486382e-06,0.0,2.235923163486382e-06,1.1931839499970035e-08
2.342003589734894e-06,5.8884684713304154e-09,2.3236794628130632e-06,0.0,2.3236794628130632e-06,1.243565845049918e-08
2.431643619315042e-06,6.007099616413554e-09,2.4126874278250427e-06,0.0,2.4126874278250427e-06,1.2949091873585508e-08
2.5225461845230803e-06,6.135056609806514e-09,2.502938763150367e-06,0.0,2.502938763150367e-06,1.3472364762907142e-08
2.613448749731118e-06,6.185030281826248e-09,2.593263856877205e-06,0.0,2.593263856877205e-06,1.3999862572086136e-08
2.7043513149391547e-06,6.2355084888399175e-09,2.683584564195447e-06,0.0,2.683584564195447e-06,1.4531242254868143e-08
2.795253880147193e-06,6.286546171156588e-09,2.7739007936631434e-06,0.0,2.7739007936631434e-06,1.5066540312892e-08
2.88615644535523e-06,6.338152679330606e-09,2.8642124986846676e-06,0.0,2.864212498684668e-06,1.5605793991231814e-08
2.9770590105632697e-06,6.390337544418529e-09,2.9545196319525923e-06,0.0,2.9545196319525923e-06,1.614904106625889e-08
3.0679615757713084e-06,6.443110511066196e-09,3.0448221454046236e-06,0.0,3.044822145404624e-06,1.669631985561826e-08
3.158864140979347e-06,6.496481543536932e-09,3.135119990207231e-06,0.0,3.1351199902072314e-06,1.7247669228578674e-08
3.2497667061873865e-06,6.5504608319172664e-09,3.2254131167388387e-06,0.0,3.225413116738839e-06,1.780312861663044e-08
3.340669271395423e-06,6.605058798541225e-09,3.3157014745725442e-06,0.0,3.3157014745725446e-06,1.836273802433797e-08
3.431571836603462e-06,6.660286104628571e-09,3.405985012458379e-06,0.0,3.4059850124583794e-06,1.892653804045444e-08
3.5224744018115003e-06,6.716153657153576e-09,3.4962636783050403e-06,0.0,3.4962636783050408e-06,1.94945698493063e-08
3.613376967019538e-06,6.772672615959444e-09,3.5865374191611232e-06,0.0,3.5865374191611237e-06,2.0066875242455217e-08
3.7042795322275763e-06,6.829854401105006e-09,3.676806181195826e-06,0.0,3.676806181195826e-06,2.064349663064592e-08
3.7951820974356124e-06,6.8877107004830915e-09,3.767069909679082e-06,0.0,3.7670699096790823e-06,2.1224477056048036e-08
3.88608466264365e-06,6.946253477701528e-09,3.85732854896115e-06,0.0,3.85732854896115e-06,2.1809860204800883e-08
3.976987227851689e-06,7.0054949802445955e-09,3.9475820424515744e-06,0.0,3.9475820424515744e-06,2.239969041986998e-08
4.067889793059728e-06,7.065447747924919e-09,4.0378303325975775e-06,0.0,4.0378303325975775e-06,2.2994012714224773e-08
4.158792358267764e-06,7.126124621634875e-09,4.1280733608617834e-06,0.0,4.1280733608617834e-06,2.359287278434716e-08
4.2496949234758034e-06,7.187538752424688e-09,4.218311067699298e-06,0.0,4.218311067699298e-06,2.4196317024080715e-08
4.3405974886838374e-06,7.249703610898497e-09,4.308543392534108e-06,0.0,4.308543392534108e-06,2.4804392538830938e-08
4.431500053891877e-06,7.31263299695954e-09,4.39877027373479e-06,0.0,4.398770273734791e-06,2.541714716012734e-08
4.5224026190999156e-06,7.376341049917569e-09,4.48899164858944e-06,0.0,4.48899164858944e-06,2.6034629460558295e-08
4.613305184307952e-06,7.440842258951057e-09,4.579207453279911e-06,0.0,4.579207453279911e-06,2.6656888769090278e-08
4.704207749515992e-06,7.506151473987792e-09,4.6694176228552215e-06,0.0,4.6694176228552215e-06,2.7283975186783103e-08
4.795110314724031e-06,7.572283916967831e-09,4.759622091204148e-06,0.0,4.759622091204148e-06,2.7915939602913642e-08
4.886012879932068e-06,7.639255193540275e-09,4.849820791027007e-06,0.0,4.849820791027007e-06,2.8552833711520954e-08
4.976915445140108e-06,7.707081305207268e-09,4.9400136538065156e-06,0.0,4.940013653806516e-06,2.9194710028385478e-08
5.067818010348146e-06,7.775778661920213e-09,5.030200609777769e-06,0.0,5.030200609777769e-06,2.984162190845667e-08
5.158720575556186e-06,7.845364095174075e-09,5.120381587897268e-06,0.0,5.120381587897268e-06,3.049362356374265e-08
5.2496231407642255e-06,7.915854871590189e-09,5.210556515810958e-06,0.0,5.210556515810958e-06,3.1150770081677116e-08
5.340525705972264e-06,7.987268707037297e-09,5.3007253198212475e-06,0.0,5.3007253198212475e-06,3.1813117443978364e-08
5.4314282711803e-06,8.059623781313846e-09,5.39088792485297e-06,0.0,5.39088792485297e-06,3.2480722546016485e-08
5.52233083638834e-06,8.132938753379442e-09,5.481044254418253e-06,0.0,5.4810442544182525e-06,3.315364321670538e-08
5.613233401596377e-06,8.207232777221759e-09,5.571194230580219e-06,0.0,5.571194230580219e-06,3.3831938238935754e-08
5.704135966804415e-06,8.28252550531917e-09,5.661337773929021e-06,0.0,5.661337773929021e-06,3.451566737007577e-08
5.840489814616472e-06,9.820446364164719e-09,5.7953193938625436e-06,0.0,5.7953193938625436e-06,3.534997438976328e-08
5.978106198056423e-06,9.993112294469168e-09,5.931915913090405e-06,0.0,5.931915913090406e-06,3.619717267154677e-08
6.116985117124259e-06,1.0170147068015978e-08,6.069755934700309e-06,0.0,6.069755934700309e-06,3.705903535593241e-08
6.257126571819982e-06,1.0348353085446958e-08,6.208842592304314e-06,0.0,6.2088425923043145e-06,3.793562643022302e-08
6.398530562143599e-06,1.0527814037210363e-08,6.349175756357274e-06,0.0,6.349175756357275e-06,3.882699174911616e-08
6.541197088095107e-06,1.0708619258882155e-08,6.490755285689042e-06,0.0,6.490755285689043e-06,3.973318314718416e-08
6.685126149674503e-06,1.0890857687508144e-08,6.633581033646777e-06,0.0,6.633581033646778e-06,4.065425834021817e-08
6.8303177468817895e-06,1.1074618165170405e-08,6.777652847909085e-06,0.0,6.777652847909086e-06,4.159028080753351e-08
6.976771879716962e-06,1.125998973280525e-08,6.9229705702897465e-06,0.0,6.9229705702897465e-06,4.2541319694411205e-08
7.124488548180023e-06,1.144706190815083e-08,7.069534036538808e-06,0.0,7.0695340365388096e-06,4.350744973306382e-08
7.273467752270976e-06,1.163592495095368e-08,7.217343076139336e-06,0.0,7.217343076139337e-06,4.4488751180684217e-08
7.423709491989818e-06,1.1826670118149381e-08,7.366397512098331e-06,0.0,7.366397512098331e-06,4.548530977333731e-08
7.575213767336548e-06,1.201938991149282e-08,7.516697160730426e-06,0.0,7.516697160730426e-06,4.6497216694628955e-08
7.72798057831117e-06,1.2214178319809429e-08,7.668241831433122e-06,0.0,7.668241831433122e-06,4.7524568558238134e-08
7.882009924913678e-06,1.2411131057864149e-08,7.82103132645228e-06,0.0,7.821031326452281e-06,4.8567467403533644e-08
8.037301807144078e-06,1.2610345803712591e-08,7.975065440636753e-06,0.0,7.975065440636753e-06,4.962602070361272e-08
8.193856225002365e-06,1.2811922436192617e-08,8.130343961180967e-06,0.0,8.130343961180967e-06,5.070034138520541e-08
8.351673178488546e-06,1.3015963274205374e-08,8.28686666735436e-06,0.0,8.28686666735436e-06,5.1790547859980774e-08
8.510752667602613e-06,1.3222573319322813e-08,8.444633330216414e-06,0.0,8.444633330216414e-06,5.28967640668758e-08
8.671094692344576e-06,1.3431860503178727e-08,8.603643712316254e-06,0.0,8.603643712316254e-06,5.4019119525143226e-08
8.83269925271442e-06,1.364393594114323e-08,8.763897567375395e-06,0.0,8.763897567375395e-06,5.5157749397884105e-08
8.995566348712152e-06,1.3858914193705557e-08,8.925394639952553e-06,0.0,8.925394639952554e-06,5.631279456589373e-08
9.159695980337779e-06,1.4076913537028892e-08,9.088134665089042e-06,0.0,9.088134665089042e-06,5.7484401711709004e-08
9.325088147591294e-06,1.4298056244166071e-08,9.252117367933329e-06,0.0,9.252117367933329e-06,5.867272341379963e-08
9.491742850472698e-06,1.4522468878436976e-08,9.417342463343363e-06,0.0,9.417342463343365e-06,5.987791825089665e-08
9.65966008898199e-06,1.4750282600560975e-08,9.58380965546493e-06,0.0,9.583809655464931e-06,6.110015091650147e-08
9.828839863119175e-06,1.498163349119675e-08,9.751518637284312e-06,0.0,9.751518637284314e-06,6.23395923436648e-08
9.999282172884244e-06,1.521666289057555e-08,9.920469090153499e-06,0.0,9.920469090153499e-06,6.359641984017043e-08
1.0170987018277208e-05,1.545551775714975e-08,1.0090660683285756e-05,0.0,1.0090660683285756e-05,6.487081723430232e-08
1.0343954399298062e-05,1.56983510471227e-08,1.0262093073219522e-05,0.0,1.0262093073219522e-05,6.616297503141828e-08
1.0518184315946803e-05,1.594532211702186e-08,1.0434765903248188e-05,0.0,1.0434765903248188e-05,6.747309058159493e-08
1.069367676822343e-05,1.6196597151560727e-08,1.0608678802813217e-05,0.0,1.0608678802813218e-05,6.880136825865355e-08
1.0870431756127948e-05,1.6452349619212742e-08,1.0783831386857817e-05,0.0,1.078383138685782e-05,7.014801965091835e-08
1.1048449279660358e-05,1.6712760758160985e-08,1.0960223255138093e-05,0.0,1.0960223255138093e-05,7.151326376410497e-08
1.1227729338820657e-05,1.697802009551371e-08,1.1137853991488366e-05,0.0,1.1137853991488366e-05,7.289732723678016e-08
1.1408271933608842e-05,1.7248326002904305e-08,1.1316723163037055e-05,0.0,1.1316723163037055e-05,7.430044456888273e-08
1.1590077064024925e-05,1.753618381401055e-08,1.1496817663812436e-05,0.0,1.1496817663812438e-05,7.572321639847922e-08
1.1771882194441003e-05,1.7707744249688356e-08,1.1677015819852208e-05,0.0,1.1677015819852208e-05,7.71586303391078e-08
1.1953687324857081e-05,1.7881534754657203e-08,1.1857199715511715e-05,0.0,1.1857199715511715e-05,7.860607459070853e-08
1.2135492455273161e-05,1.8057964452738522e-08,1.2037368797968035e-05,0.0,1.2037368797968035e-05,8.006569285238588e-08
1.2317297585689232e-05,1.8237096320720738e-08,1.2217522855614526e-05,0.0,1.2217522855614526e-05,8.153763375398941e-08
1.2499102716105312e-05,1.8418994265654942e-08,1.239766167313663e-05,0.0,1.239766167313663e-05,8.302204870302602e-08
1.2680907846521392e-05,1.8603724258141024e-08,1.257778503031543e-05,0.0,1.257778503031543e-05,8.451909194782032e-08
1.2862712976937463e-05,1.8791354420967735e-08,1.2757892701866843e-05,0.0,1.2757892701866843e-05,8.60289206496516e-08
1.3044518107353531e-05,1.898195511880782e-08,1.2937984457277493e-05,0.0,1.2937984457277493e-05,8.755169495722948e-08
1.3226323237769604e-05,1.9175599052455063e-08,1.3118060060633572e-05,0.0,1.3118060060633572e-05,8.908757808357773e-08
1.3408128368185677e-05,1.9372361357903908e-08,1.3298119270442356e-05,0.0,1.3298119270442356e-05,9.063673638541962e-08
1.3589933498601754e-05,1.9572319710574623e-08,1.3478161839446016e-05,0.0,1.3478161839446018e-05,9.219933944516358e-08
1.3771738629017833e-05,1.9775554434960707e-08,1.3658187514427282e-05,0.0,1.3658187514427285e-05,9.377556015559168e-08
1.3953543759433912e-05,1.9982148620083102e-08,1.3838196036006469e-05,0.0,1.3838196036006469e-05,9.536557480735901e-08
1.4135348889849983e-05,2.0192188241097708e-08,1.4018187138429468e-05,0.0,1.4018187138429468e-05,9.696956317941613e-08
1.4317154020266051e-05,2.040576228741317e-08,1.4198160549346165e-05,0.0,1.4198160549346165e-05,9.858770863247287e-08
1.4498959150682136e-05,2.062296289778161e-08,1.4378115989578724e-05,0.0,1.4378115989578724e-05,1.002201982056267e-07
1.4680764281098209e-05,2.084388550277798e-08,1.4558053172879144e-05,0.0,1.4558053172879144e-05,1.018672227162849e-07
1.4862569411514285e-05,2.1068628975157257e-08,1.473797180567561e-05,0.0,1.473797180567561e-05,1.0352897686351628e-07
1.5044374541930362e-05,2.129729578860412e-08,1.4917871586806783e-05,0.0,1.4917871586806783e-05,1.0520565933497394e-07
1.5226179672346442e-05,2.152999218543124e-08,1.5097752207243473e-05,0.0,1.5097752207243473e-05,1.0689747291753822e-07
1.540798480276252e-05,2.1766828353822137e-08,1.5277613349796865e-05,0.0,1.5277613349796865e-05,1.0860462461183572e-07
1.5589789933178598e-05,2.200791861526468e-08,1.545745468881254e-05,0.0,1.545745468881254e-05,1.1032732575079745e-07
1.5771595063594674e-05,2.2253381622853e-08,1.5637275889849394e-05,0.0,1.5637275889849394e-05,1.1206579212242888e-07
1.5953400194010757e-05,2.250334057123854e-08,1.581707660934255e-05,0.0,1.581707660934255e-05,1.1382024409697026e-07
1.6135205324426834e-05,2.2757923418999184e-08,1.59968564942492e-05,0.0,1.59968564942492e-05,1.1559090675863812e-07
1.6317010454842903e-05,2.3017263124325893e-08,1.6176615181676436e-05,0.0,1.6176615181676436e-05,1.1737801004214443e-07
1.649881558525898e-05,2.3281497894964713e-08,1.6356352298489813e-05,0.0,1.6356352298489813e-05,1.1918178887420326e-07
1.668062071567505e-05,2.355077145341108e-08,1.6536067460901393e-05,0.0,1.6536067460901393e-05,1.210024833202434e-07
1.6862425846091116e-05,2.382523331850254e-08,1.6715760274036057e-05,0.0,1.6715760274036057e-05,1.2284033873655626e-07
1.7044230976507192e-05,2.4105039104586664e-08,1.689543033147448e-05,0.0,1.6895430331474485e-05,1.2469560592812155e-07
1.722603610692327e-05,2.4390350839526767e-08,1.7075077214771376e-05,0.0,1.7075077214771376e-05,1.265685413123651e-07
1.740784123733935e-05,2.468133730303096e-08,1.7254700492947205e-05,0.0,1.7254700492947205e-05,1.284594070891148e-07
1.7589646367755418e-05,2.4978174386768084e-08,1.743429972195161e-05,0.0,1.743429972195161e-05,1.3036847141703694e-07
1.7771451498171488e-05,2.5281045477951556e-08,1.761387444409669e-05,0.0,1.761387444409669e-05,1.322960085968485e-07
1.7953256628587564e-05,2.55901417812625e-08,1.7793424187548924e-05,0.0,1.7793424187548924e-05,1.3424229925737786e-07
1.818051304160766e-05,2.479034152601354e-08,1.801945155637339e-05,0.0,1.801945155637339e-05,1.3627114370825574e-07
1.840903199025565e-05,2.512442490742958e-08,1.8245613798745827e-05,0.0,1.8245613798745827e-05,1.3829376660239411e-07
1.863881347453153e-05,2.5521424130523754e-08,1.8472948260097094e-05,0.0,1.8472948260097094e-05,1.403437903039126e-07
1.8869857494435292e-05,2.592533309977835e-08,1.8701510165559713e-05,0.0,1.8701510165559716e-05,1.4242199577579923e-07
1.9102164049966934e-05,2.6335888677532796e-08,1.8931299502459677e-05,0.0,1.893129950245968e-05,1.4452865882972408e-07
1.933573314112647e-05,2.6753396146735834e-08,1.9162315681655174e-05,0.0,1.9162315681655177e-05,1.4666406332455593e-07
1.9570564767913904e-05,2.7178177539903334e-08,1.939455808404895e-05,0.0,1.939455808404895e-05,1.4882850632505103e-07
1.9806658930329225e-05,2.7610567277428585e-08,1.962802606475401e-05,0.0,1.962802606475401e-05,1.5102229829778948e-07
2.0044015628372447e-05,2.8050913277206034e-08,1.9862718951803497e-05,0.0,1.98627189518035e-05,1.5324576329174058e-07
2.0282634862043554e-05,2.8499578175379894e-08,2.0098636044716675e-05,0.0,2.0098636044716675e-05,1.5549923915149944e-07
2.052251663134255e-05,2.8956940614137374e-08,2.0335776612965337e-05,0.0,2.0335776612965337e-05,1.5778307776307225e-07
2.076366093626943e-05,2.9423396606766042e-08,2.0574139894330817e-05,0.0,2.0574139894330817e-05,1.600976453318475e-07
2.1006067776824207e-05,2.9899360991231794e-08,2.0813725093140348e-05,0.0,2.0813725093140348e-05,1.6244332269262805e-07
2.124973715300686e-05,3.0385268984360304e-08,2.1054531378370693e-05,0.0,2.1054531378370693e-05,1.6482050565181302e-07
2.149466906481741e-05,3.08815778496421e-08,2.129655788160574e-05,0.0,2.129655788160574e-05,1.6722960536202394e-07
2.174086351225584e-05,3.1388768692880895e-08,2.153980369483329e-05,0.0,2.153980369483329e-05,1.6967104872966346e-07
2.1988320495322163e-05,3.190734840120588e-08,2.178426786806488e-05,0.0,2.178426786806488e-05,1.7214527885607914e-07
2.223704001401638e-05,3.243785174261348e-08,2.2029949406760574e-05,0.0,2.2029949406760574e-05,1.7465275551318712e-07
2.248702206833848e-05,3.298084364507256e-08,2.2276847269038825e-05,0.0,2.2276847269038825e-05,1.7719395565458618e-07
2.2738266658288473e-05,3.3536921676367305e-08,2.2524960362648736e-05,0.0,2.2524960362648736e-05,1.797693739633693e-07
2.2990773783866353e-05,3.410671874834051e-08,2.2774287541679997e-05,0.0,2.2774287541679997e-05,1.8237952343801687e-07
2.3244543445072143e-05,3.469090607216362e-08,2.3024827602982044e-05,0.0,2.302482760298205e-05,1.8502493601793292e-07
2.3499575641905812e-05,3.529019639445407e-08,2.3276579282260986e-05,0.0,2.327657928226099e-05,1.8770616325036913e-07
2.3755870374367362e-05,3.590534754806819e-08,2.3529541249818627e-05,0.0,2.352954124981863e-05,1.904237770006683e-07
2.4013427642456808e-05,3.653716635574476e-08,2.3783712105893115e-05,0.0,2.3783712105893115e-05,1.9317837020794776e-07
2.427224744617414e-05,3.718651292992631e-08,2.403909037555565e-05,0.0,2.403909037555565e-05,1.9597055768856477e-07
2.4532329785519356e-05,3.785430541812869e-08,2.4295674503111364e-05,0.0,2.4295674503111368e-05,1.9880097698986494e-07
2.4793674660492465e-05,3.854152525011513e-08,2.4553462845945354e-05,0.0,2.4553462845945354e-05,2.016702892969957e-07
2.5056282071093464e-05,3.9249222951138545e-08,2.4812453667746577e-05,0.0,2.4812453667746577e-05,2.0457918039575146e-07
2.532015201732236e-05,3.997852459506378e-08,2.5072645131032633e-05,0.0,2.5072645131032633e-05,2.0752836169466786e-07
2.558528449917913e-05,4.0730638981980654e-08,2.533403528888732e-05,0.0,2.5334035288887323e-05,2.105185713098337e-07
2.5851679516663804e-05,4.150686563797206e-08,2.559662207580967e-05,0.0,2.559662207580967e-05,2.1355057521616188e-07
2.6119337069776355e-05,4.23086037496537e-08,2.5860403297557615e-05,0.0,2.5860403297557615e-05,2.166251684690907e-07
2.63882571585168e-05,4.313736216151524e-08,2.6125376619854333e-05,0.0,2.6125376619854333e-05,2.197431765009505e-07
2.665843978288514e-05,4.399477059921025e-08,2.6391539555789067e-05,0.0,2.639153955578907e-05,2.2290545649685863e-07
2.6929884942881363e-05,4.48825922732038e-08,2.665888945175351e-05,0.0,2.665888945175351e-05,2.2611289885465384e-07
2.7202592638505485e-05,4.581513016291074e-08,2.6927410722144353e-05,0.0,2.6927410722144353e-05,2.2936678619822083e-07
2.7475300334129593e-05,4.6531217432791095e-08,2.7196110207024606e-05,0.0,2.7196110207024606e-05,2.3265890967219956e-07
2.7748008029753707e-05,4.726141915534343e-08,2.7464758720703875e-05,0.0,2.746475872070388e-05,2.3598788989448585e-07
2.8020715725377805e-05,4.8013151289368094e-08,2.7733348209296853e-05,0.0,2.7733348209296853e-05,2.39354364791584e-07
2.8293423421001913e-05,4.878764860041019e-08,2.8001876723490977e-05,0.0,2.8001876723490977e-05,2.427590489105265e-07
2.8566131116626024e-05,4.958603366322298e-08,2.8270342403207196e-05,0.0,2.82703424032072e-05,2.4620267975560807e-07
2.8838838812250145e-05,5.0409499876954064e-08,2.8538743295336898e-05,0.0,2.8538743295336898e-05,2.4968601703629326e-07
2.9111546507874247e-05,5.1259323571803616e-08,2.8807077340798497e-05,0.0,2.8807077340798497e-05,2.5320984350395e-07
2.9384254203498375e-05,5.2136871610542137e-08,2.9075342366010083e-05,0.0,2.9075342366010086e-05,2.5677496587774435e-07
2.965696189912247e-05,5.3043609633588115e-08,2.934353607367315e-05,0.0,2.934353607367315e-05,2.603822158157367e-07
2.992966959474659e-05,5.39811112125276e-08,2.9611656032602362e-05,0.0,2.9611656032602362e-05,2.640324509316953e-07
3.0202377290370695e-05,5.4951068036798184e-08,2.987969966647432e-05,0.0,2.987969966647432e-05,2.677265558595708e-07
3.0475084985994806e-05,5.595530127100742e-08,3.0147664241356164e-05,0.0,3.0147664241356164e-05,2.714654433676353e-07
3.074779268161892e-05,5.699577424131724e-08,3.041554685185335e-05,0.0,3.041554685185335e-05,2.7525005552425105e-07
3.102050037724304e-05,5.807460663358797e-08,3.068334440569226e-05,0.0,3.068334440569227e-05,2.790813649171876e-07
3.1293208072867137e-05,5.919409041515121e-08,3.095105360652369e-05,0.0,3.095105360652369e-05,2.829603759282937e-07
3.1565915768491244e-05,6.035670772580555e-08,3.121867093470026e-05,0.0,3.121867093470026e-05,2.8688812606518567e-07
3.1838623464115366e-05,6.156515102392341e-08,3.1486192625740055e-05,0.0,3.1486192625740055e-05,2.9086568735138445e-07
3.211133115973949e-05,6.282234582088884e-08,3.1753614646142555e-05,0.0,3.1753614646142555e-05,2.948941677760349e-07
3.23840388553636e-05,6.413147639343898e-08,3.202093266616623e-05,0.0,3.202093266616624e-05,2.989747128039291e-07
3.265674655098773e-05,6.54960149304823e-08,3.2288142029111237e-05,0.0,3.2288142029111237e-05,3.0310850694601584e-07
3.292945424661184e-05,6.691975465062693e-08,3.255523771657133e-05,0.0,3.255523771657134e-05,3.072967753898792e-07
3.3202161942235946e-05,6.840684752218068e-08,3.2822214309025006e-05,0.0,3.282221430902501e-05,3.115407856887659e-07
3.347486963786007e-05,6.996184733168594e-08,3.308906594102179e-05,0.0,3.30890659410218e-05,3.1584184950658953e-07
3.3747577333484175e-05,7.158975898417133e-08,3.335578625008512e-05,0.0,3.335578625008512e-05,3.202013244148828e-07
3.402028502910828e-05,7.329609508385904e-08,3.362236831828861e-05,0.0,3.362236831828861e-05,3.246206157358156e-07
3.429299272473241e-05,7.508694104337459e-08,3.388880460526594e-05,0.0,3.388880460526594e-05,3.2910117842309353e-07
3.4565700420356526e-05,7.69690302112148e-08,3.415508687117568e-05,0.0,3.415508687117568e-05,3.336445189696341e-07
3.4838408115980634e-05,7.894983079972389e-08,3.442120608785362e-05,0.0,3.4421206087853625e-05,3.382521973272915e-07
3.511111581160475e-05,8.103764675180285e-08,3.4687152336033573e-05,0.0,3.468715233603358e-05,3.4292582881937046e-07
3.5383823507228877e-05,8.324173511743285e-08,3.495291468609041e-05,0.0,3.495291468609042e-05,3.476670860210298e-07
3.565653120285298e-05,8.557244303927477e-08,3.521848105923803e-05,0.0,3.521848105923803e-05,3.524777005756613e-07
3.5929238898477085e-05,8.804136809104704e-08,3.5483838065479406e-05,0.0,3.548383806547941e-05,3.5735946490663133e-07
3.6201946594101187e-05,9.066154649992339e-08,3.574897081382828e-05,0.0,3.574897081382828e-05,3.62314233772982e-07
3.647465428972531e-05,9.344767474618945e-08,3.601386268937478e-05,0.0,3.601386268937478e-05,3.6734392560434716e-07
3.674736198534941e-05,9.641637063464447e-08,3.627849509118865e-05,0.0,3.627849509118865e-05,3.7245052352611654e-07
3.706552096357756e-05,8.574798310810216e-08,3.660205575313994e-05,0.0,3.660205575313994e-05,3.777172273295182e-07
3.738494247743359e-05,8.480314611166713e-08,3.691724890663717e-05,0.0,3.691724890663717e-05,3.828904246847467e-07
3.770562652691749e-05,8.6478169300312e-08,3.723104324891848e-05,0.0,3.723104324891848e-05,3.8810510869870074e-07
3.802757311202929e-05,8.871236561492353e-08,3.7545468707291316e-05,0.0,3.7545468707291316e-05,3.9339203912305117e-07
3.835078223276899e-05,9.115109665973673e-08,3.7860873058764206e-05,0.0,3.7860873058764206e-05,3.9875807734504265e-07
3.867525388913657e-05,9.373933896781348e-08,3.817730865005494e-05,0.0,3.817730865005495e-05,4.042059001138104e-07
3.9000988081132036e-05,9.647709829242234e-08,3.8494773492254324e-05,0.0,3.8494773492254324e-05,4.0973749058529364e-07
3.932798480875541e-05,9.937583829967994e-08,3.881325421044084e-05,0.0,3.881325421044084e-05,4.1535476001489077e-07
3.9656244072006666e-05,1.0245066128654064e-07,3.913273374905893e-05,0.0,3.913273374905894e-05,4.210596616611924e-07
3.998576587088581e-05,1.0571905790899301e-07,3.945319260044506e-05,0.0,3.945319260044506e-05,4.2685421253175365e-07
4.0316550205392834e-05,1.0920093443922417e-07,3.9774608773319673e-05,0.0,3.977460877331968e-05,4.327404976339359e-07
4.0648597075527754e-05,1.1291893822870704e-07,4.0096957466887496e-05,0.0,4.00969574668875e-05,4.387206704115474e-07
4.0981906481290556e-05,1.1689890377324474e-07,4.042021062568509e-05,0.0,4.0420210625685095e-05,4.4479695183221693e-07
4.1316478422681255e-05,1.211703969849736e-07,4.074433639725153e-05,0.0,4.0744336397251534e-05,4.509716284447536e-07
4.1652312899699844e-05,1.2576736842285658e-07,4.106929848200328e-05,0.0,4.106929848200328e-05,4.572470492737056e-07
4.1989409912346316e-05,1.3072893602316612e-07,4.139505535503702e-05,0.0,4.139505535503702e-05,4.6362562128611754e-07
4.232776946062068e-05,1.3610032341714328e-07,4.17215593341139e-05,0.0,4.17215593341139e-05,4.701098030896381e-07
4.266739154452294e-05,1.4193398489669452e-07,4.204875546317651e-05,0.0,4.2048755463176514e-05,4.767020964497418e-07
4.30082761640531e-05,1.4829095301734525e-07,4.237658017589862e-05,0.0,4.237658017589862e-05,4.834050351371384e-07
4.335042331921114e-05,1.552424492661638e-07,4.2704959699410303e-05,0.0,4.2704959699410303e-05,4.902211705346755e-07
4.369383300999707e-05,1.6287180112251773e-07,4.303380815552387e-05,0.0,4.3033808155523885e-05,4.971530533506778e-07
4.403850523641089e-05,1.7127670826784913e-07,4.336302531743131e-05,0.0,4.336302531743131e-05,5.042032107117365e-07
4.4384439998452604e-05,1.8057189343265397e-07,4.369249398716225e-05,0.0,4.369249398716226e-05,5.113741178576906e-07
4.47316372961222e-05,1.9089215419973295e-07,4.4022076978263634e-05,0.0,4.4022076978263634e-05,5.186681636588357e-07
4.50800971294197e-05,2.0239579304541018e-07,4.4351613727118594e-05,0.0,4.43516137271186e-05,5.260876092556882e-07
4.5429819498345094e-05,2.152683323557354e-07,4.468091662665492e-05,0.0,4.468091662665492e-05,5.336345393344335e-07
4.5780804402898335e-05,2.2972630337707907e-07,4.500976729356066e-05,0.0,4.500976729356066e-05,5.413108059606003e-07
4.6133051843079485e-05,2.460207141113335e-07,4.533791316339373e-05,0.0,4.5337913163393734e-05,5.491179655744093e-07
4.648656181888852e-05,2.644395331758926e-07,4.566506507493649e-05,0.0,4.566506507493649e-05,5.570572107761349e-07
4.6841334330325456e-05,2.853081685658773e-07,4.5990896861817815e-05,0.0,4.5990896861817815e-05,5.65129299941768e-07
4.719736937739029e-05,3.0898649549637947e-07,4.631504839245384e-05,0.0,4.631504839245384e-05,5.733344894400681e-07
4.7554666960082987e-05,3.358605751061549e-07,4.663713391007474e-05,0.0,4.663713391007474e-05,5.816724749020896e-07
4.7913227078403587e-05,3.6632724502701594e-07,4.6956757482331324e-05,0.0,4.6956757482331324e-05,5.901423510452422e-07
4.8273049732352077e-05,4.0076966983622716e-07,4.727353746361693e-05,0.0,4.727353746361693e-05,5.98742598898914e-07
4.863413492192843e-05,4.395239701875053e-07,4.758713984320863e-05,0.0,4.758713984320863e-05,6.074711085323101e-07
4.8996482647132726e-05,4.828392077474373e-07,4.789731819529191e-05,0.0,4.7897318195291925e-05,6.163252440933708e-07
4.936009290796489e-05,5.308492123054548e-07,4.820394138721543e-05,0.0,4.820394138721543e-05,6.253023084439976e-07
4.972370316879703e-05,5.823452941418187e-07,4.850695958017512e-05,0.0,4.8506959580175125e-05,6.343982944800903e-07
5.008731342962918e-05,6.371885232171784e-07,4.880651593250009e-05,0.0,4.88065159325001e-05,6.43608973911912e-07
5.0450923690461324e-05,6.950012282214082e-07,4.910299185506404e-05,0.0,4.910299185506404e-05,6.529306071758795e-07
5.081453395129348e-05,7.552621490444386e-07,4.939691190773678e-05,0.0,4.939691190773678e-05,6.623598945122468e-07
5.1178144212125616e-05,8.173925999868885e-07,4.96888576137609e-05,0.0,4.96888576137609e-05,6.718939983778266e-07
5.154175447295778e-05,8.8082813330185e-07,4.997939576544022e-05,0.0,4.997939576544022e-05,6.815305742156975e-07
5.190536473378992e-05,9.450685438272715e-07,5.026902840564619e-05,0.0,5.026902840564619e-05,6.912677843164393e-07
5.226897499462206e-05,1.0097037840096301e-06,5.0558166921626857e-05,0.0,5.055816692162687e-05,7.011042889855699e-07
5.263258525545422e-05,1.0744192822340002e-06,5.08471267547627e-05,0.0,5.08471267547627e-05,7.110392184575149e-07
5.299619551628637e-05,1.1389876770122842e-06,5.113613570706414e-05,0.0,5.113613570706415e-05,7.21072132209944e-07
5.335980577711852e-05,1.2032542483384308e-06,5.14253485565687e-05,0.0,5.14253485565687e-05,7.312029722113861e-07
5.372341603795066e-05,1.2671214635186022e-06,5.1714862559417805e-05,0.0,5.1714862559417805e-05,7.414320150142547e-07
5.40870262987828e-05,1.3305356355214004e-06,5.200473083761356e-05,0.0,5.200473083761356e-05,7.517598256478398e-07
5.445063655961495e-05,1.3934767575510673e-06,5.229497258748613e-05,0.0,5.229497258748613e-05,7.621872145777572e-07
5.4814246820447104e-05,1.455951444088674e-06,5.258558017861434e-05,0.0,5.258558017861434e-05,7.727151977440907e-07
5.517785708127927e-05,1.5179884544098413e-06,5.2876523667786366e-05,0.0,5.2876523667786366e-05,7.833449590830516e-07
5.554146734211142e-05,1.5796361904811434e-06,5.316775333728104e-05,0.0,5.316775333728104e-05,7.940778143492406e-07
5.590507760294355e-05,1.6409616792247372e-06,5.345920074887437e-05,0.0,5.345920074887437e-05,8.049151748444553e-07
5.6268687863775716e-05,1.7020506891265738e-06,5.3750778664941653e-05,0.0,5.3750778664941653e-05,8.158585097074785e-07
5.6632298124607855e-05,1.7630087376592048e-06,5.4042380081588485e-05,0.0,5.40423800815885e-05,8.269093053601606e-07
5.6995908385439994e-05,1.8239628219155056e-06,5.433387654277869e-05,0.0,5.433387654277869e-05,8.380690207457904e-07
5.7359518646272174e-05,1.8850637262572067e-06,5.462511588287997e-05,0.0,5.462511588287997e-05,8.49339037134985e-07
5.7723128907104313e-05,1.946488732203594e-06,5.491591957338173e-05,0.0,5.491591957338174e-05,8.607206015189762e-07
5.8086739167936466e-05,2.0084444689826663e-06,5.520607993591971e-05,0.0,5.520607993591971e-05,8.72214763034089e-07
5.845034942876862e-05,2.0711694860557973e-06,5.549535764016869e-05,0.0,5.549535764016869e-05,8.838223025441309e-07
5.881395968960077e-05,2.134935888705494e-06,5.5783480144361415e-05,0.0,5.5783480144361415e-05,8.955436565338477e-07
5.917756995043293e-05,2.200049051526906e-06,5.607014206100921e-05,0.0,5.607014206100921e-05,9.073788378968099e-07
5.9541180211265105e-05,2.2668440390807466e-06,5.635500881415607e-05,0.0,5.635500881415607e-05,9.193273580282779e-07
5.990479047209727e-05,2.335677006546066e-06,5.6637725308837296e-05,0.0,5.6637725308837296e-05,9.31388156713896e-07
6.026840073292944e-05,2.4069097134798816e-06,5.691793147115945e-05,0.0,5.691793147115945e-05,9.435595482901037e-07
6.0632010993761604e-05,2.4808856686733323e-06,5.719528613124468e-05,0.0,5.719528613124468e-05,9.558391938435815e-07
6.099562125459372e-05,2.5578977112011766e-06,5.746949943436436e-05,0.0,5.7469499434364363e-05,9.682241090281846e-07
6.135923151542588e-05,2.638148995201536e-06,5.774037180421673e-05,0.0,5.774037180421673e-05,9.807107160076217e-07
6.172284177625802e-05,2.721712546659038e-06,5.800783428576285e-05,0.0,5.800783428576285e-05,9.932949438361349e-07
6.208645203709017e-05,2.8085026950687397e-06,5.827197699150363e-05,0.0,5.827197699150363e-05,1.005972350517821e-06
6.247278793922435e-05,2.836396606639266e-06,5.861726494011791e-05,0.0,5.861726494011791e-05,1.0191263924671608e-06
6.285975510917244e-05,2.8638925995666944e-06,5.896348292989055e-05,0.0,5.896348292989055e-05,1.0323795797152069e-06
6.324735354693448e-05,2.8953118932193094e-06,5.9306335058501226e-05,0.0,5.9306335058501226e-05,1.0457065952139534e-06
6.36355832525105e-05,2.929985464245022e-06,5.964649439455151e-05,0.0,5.964649439455151e-05,1.0591033937139642e-06
6.402444422590046e-05,2.967266142202136e-06,5.9984611780058674e-05,0.0,5.9984611780058674e-05,1.0725663036396536e-06
6.441393646710435e-05,3.0065610624795974e-06,6.0321283325983545e-05,0.0,6.0321283325983545e-05,1.0860920786411996e-06
6.480405997612214e-05,3.047361499284992e-06,6.065702055868983e-05,0.0,6.065702055868984e-05,1.0996779181473231e-06
6.519481475295395e-05,3.0892550214185906e-06,6.099223827327455e-05,0.0,6.099223827327455e-05,1.1133214582608107e-06
6.558620079759966e-05,3.1319218534549033e-06,6.132725820136097e-05,0.0,6.132725820136097e-05,1.1270207427837918e-06
6.597821811005933e-05,3.175121806467839e-06,6.166232212021695e-05,0.0,6.166232212021695e-05,1.140774183374543e-06
6.637086669033295e-05,3.2186778932408732e-06,6.19976082811925e-05,0.0,6.19976082811925e-05,1.1545805158995774e-06
6.676414653842052e-05,3.2624607178474355e-06,6.23332470628165e-05,0.0,6.233324706281651e-05,1.1684387577565774e-06
6.715805765432201e-05,3.306375573824748e-06,6.266933391159903e-05,0.0,6.266933391159903e-05,1.1823481688982436e-06
6.755260003803748e-05,3.350352660757652e-06,6.300593915952253e-05,0.0,6.300593915952253e-05,1.196308217757296e-06
6.794777368956686e-05,3.3943400424303614e-06,6.334311509484996e-05,0.0,6.334311509484996e-05,1.210318552286542e-06
6.834357860891021e-05,3.4382987156931595e-06,6.368090091743144e-05,0.0,6.368090091743144e-05,1.2243789757856128e-06
6.874001479606746e-05,3.4821991881295235e-06,6.401932618099717e-05,0.0,6.401932618099717e-05,1.2384894269407822e-06
6.913708225103869e-05,3.5260190916577487e-06,6.435841319593273e-05,0.0,6.435841319593273e-05,1.252649963448211e-06
6.953478097382385e-05,3.569741496752018e-06,6.469817872844942e-05,0.0,6.469817872844942e-05,1.2668607486224053e-06
6.993311096442294e-05,3.613353701047648e-06,6.503863522290806e-05,0.0,6.503863522290806e-05,1.2811220404672384e-06
7.033207222283599e-05,3.6568463436023988e-06,6.537979169646564e-05,0.0,6.537979169646564e-05,1.2954341827679586e-06
7.073166474906302e-05,3.7002127465737497e-06,6.572165440464526e-05,0.0,6.572165440464526e-05,1.3097975978440008e-06
7.113188854310397e-05,3.7434484193551177e-06,6.606422734308058e-05,0.0,6.606422734308058e-05,1.3242127806682795e-06
7.153274360495884e-05,3.786550681178054e-06,6.640751262966455e-05,0.0,6.640751262966455e-05,1.338680294116233e-06
7.193422993462767e-05,3.8295183716096776e-06,6.675151079786287e-05,0.0,6.675151079786287e-05,1.3532007651551175e-06
7.233634753211041e-05,3.872351627804641e-06,6.709622102248648e-05,0.0,6.709622102248648e-05,1.367774881819283e-06
7.27390963974071e-05,3.915051713260285e-06,6.744164129329922e-05,0.0,6.744164129329922e-05,1.3824033908475987e-06
7.314247653051775e-05,3.957620887279927e-06,6.778776854735632e-05,0.0,6.778776854735632e-05,1.3970870958815038e-06
7.354648793144238e-05,4.000062306822876e-06,6.813459876847642e-05,0.0,6.813459876847642e-05,1.4118268561430844e-06
7.395113060018092e-05,4.0423799552598255e-06,6.84821270593974e-05,0.0,6.848212705939741e-05,1.4266235855236956e-06
7.435640453673345e-05,4.084578593874079e-06,6.883034769083315e-05,0.0,6.883034769083315e-05,1.44147825202622e-06
7.476230974109987e-05,4.12666373303866e-06,6.917925413054779e-05,0.0,6.917925413054779e-05,1.4563918775134176e-06
7.516884621328028e-05,4.168641621005142e-06,6.952883905455427e-05,0.0,6.952883905455427e-05,1.471365537720881e-06
7.557601395327462e-05,4.210519249371897e-06,6.987909434140672e-05,0.0,6.987909434140672e-05,1.4864003624960042e-06
7.598381296108293e-05,4.252304374437673e-06,7.023001105041546e-05,0.0,7.023001105041546e-05,1.501497536229778e-06
7.639224323670515e-05,4.294005554592881e-06,7.058157938366436e-05,0.0,7.058157938366436e-05,1.516658298447913e-06
7.680130478014131e-05,4.335644781896445e-06,7.093377569738429e-05,0.0,7.093377569738429e-05,1.5318843008605765e-06
7.721036632357748e-05,4.376601384963773e-06,7.128658800410622e-05,0.0,7.128658800410622e-05,1.5471769345075033e-06
7.761942786701366e-05,4.416901957955656e-06,7.163998836795158e-05,0.0,7.163998836795158e-05,1.562537541106429e-06
7.802848941044982e-05,4.456571361773974e-06,7.19939505255969e-05,0.0,7.19939505255969e-05,1.5779675230789477e-06
7.8437550953886e-05,4.495634944579965e-06,7.234844766479462e-05,0.0,7.234844766479462e-05,1.5934683445114101e-06
7.884661249732216e-05,4.534119148979623e-06,7.270345181645203e-05,0.0,7.270345181645205e-05,1.609041531890499e-06
7.925567404075835e-05,4.572051806991039e-06,7.305893355906339e-05,0.0,7.305893355906339e-05,1.6246886747039145e-06
7.966473558419451e-05,4.609462404396207e-06,7.34148617540058e-05,0.0,7.34148617540058e-05,1.6404114257924887e-06
8.007379712763068e-05,4.646382378425021e-06,7.37712032478637e-05,0.0,7.377120324786371e-05,1.6562115013419565e-06
8.048285867106687e-05,4.682845468376895e-06,7.412792252229841e-05,0.0,7.412792252229841e-05,1.6720906803915568e-06
8.089192021450304e-05,4.718888133648426e-06,7.448498127715537e-05,0.0,7.448498127715537e-05,1.6880508036992246e-06
8.130098175793921e-05,4.754550052249261e-06,7.48423379339113e-05,0.0,7.48423379339113e-05,1.7040937717786582e-06
8.17100433013754e-05,4.7898747165537485e-06,7.519994704294662e-05,0.0,7.519994704294662e-05,1.7202215418750187e-06
8.211910484481153e-05,4.824910145673349e-06,7.555775857553985e-05,0.0,7.555775857553985e-05,1.736436123598349e-06
8.252816638824772e-05,4.859709738121937e-06,7.591571707725521e-05,0.0,7.591571707725521e-05,1.7527395728705709e-06
8.29372279316839e-05,4.894333288954838e-06,7.627376065898313e-05,0.0,7.627376065898313e-05,1.769133983745928e-06
8.334628947512009e-05,4.9288482100687345e-06,7.663181978736235e-05,0.0,7.663181978736235e-05,1.7856214776889933e-06
8.375535101855625e-05,4.963330979929251e-06,7.698981584889521e-05,0.0,7.698981584889521e-05,1.80220418973179e-06
8.416441256199241e-05,4.9978688584209e-06,7.734765945283753e-05,0.0,7.734765945283751e-05,1.8188842507339984e-06
8.45734741054286e-05,5.032561907950667e-06,7.770524843241276e-05,0.0,7.770524843241276e-05,1.8356637650651718e-06
8.498253564886478e-05,5.067525342442424e-06,7.806246552353197e-05,0.0,7.806246552353197e-05,1.8525447828903893e-06
8.539159719230095e-05,5.102892210747102e-06,7.841917571534978e-05,0.0,7.841917571534978e-05,1.8695292662040601e-06
8.580065873573713e-05,5.13881638388833e-06,7.877522330404406e-05,0.0,7.877522330404407e-05,1.8866190478047374e-06
8.620972027917329e-05,5.175475748023742e-06,7.913042874857237e-05,0.0,7.913042874857237e-05,1.9038157825771718e-06
8.661878182260948e-05,5.213075395761749e-06,7.948458553604582e-05,0.0,7.948458553604582e-05,1.921120890801912e-06
8.70278433660456e-05,5.251850439625761e-06,7.983745743258785e-05,0.0,7.983745743258785e-05,1.938535493832e-06
8.743690490948183e-05,5.292067829684934e-06,8.018877673636701e-05,0.0,8.018877673636701e-05,1.9560603434298773e-06
8.784596645291796e-05,5.334026234268116e-06,8.053824447122696e-05,0.0,8.053824447122696e-05,1.973695747422872e-06
8.825502799635411e-05,5.378052668649159e-06,8.088553383163064e-05,0.0,8.088553383163064e-05,1.9914414960743215e-06
8.866408953979029e-05,5.424494210307701e-06,8.123029853391271e-05,0.0,8.123029853391271e-05,2.00929679556987e-06
8.907315108322647e-05,5.473703004716599e-06,8.157218786158837e-05,0.0,8.157218786158838e-05,2.027260216921488e-06
8.948221262666261e-05,5.526013131013111e-06,8.191086982580351e-05,0.0,8.191086982580351e-05,2.045329669846012e-06
8.98912741700988e-05,5.5817091237008465e-06,8.224606263538203e-05,0.0,8.224606263538203e-05,2.0635024110159227e-06
9.0300335713535e-05,5.6409882834643306e-06,8.257757233630138e-05,0.0,8.257757233630138e-05,2.0817750937692727e-06
9.070939725697115e-05,5.703922148508348e-06,8.290533124685288e-05,0.0,8.290533124685288e-05,2.100143861609914e-06
9.111845880040734e-05,5.770425592589198e-06,8.322942872648793e-05,0.0,8.322942872648793e-05,2.1186044813302005e-06
9.15502459851455e-05,5.778337040681108e-06,8.363436830522607e-05,0.0,8.363436830522607e-05,2.137540639238325e-06
9.198266443769763e-05,5.786133091022383e-06,8.403995600052058e-05,0.0,8.40399560005206e-05,2.156575346154662e-06
9.241571415806372e-05,5.798227043939628e-06,8.444180391495083e-05,0.0,8.444180391495083e-05,2.1756831991732546e-06
9.28493951462437e-05,5.81395836726018e-06,8.484057655360318e-05,0.0,8.48405765536032e-05,2.194860225380354e-06
9.32837074022377e-05,5.83267811142165e-06,8.523692647626e-05,0.0,8.523692647626e-05,2.214102814556033e-06
9.371865092604562e-05,5.853787410222987e-06,8.563145574324645e-05,0.0,8.563145574324645e-05,2.2334077725761784e-06
9.415422571766745e-05,5.876768814758672e-06,8.602468455870816e-05,0.0,8.602468455870816e-05,2.2527723442006247e-06
9.459043177710325e-05,5.901199624228137e-06,8.641703794662678e-05,0.0,8.641703794662678e-05,2.27219420624833e-06
9.502726910435299e-05,5.9267493263838244e-06,8.680884833739739e-05,0.0,8.68088483373974e-05,2.291671440571771e-06
9.546473769941668e-05,5.953167307992193e-06,8.720036789574301e-05,0.0,8.720036789574301e-05,2.3112024956814933e-06
9.59028375622943e-05,5.9802668886697865e-06,8.759178452955819e-05,0.0,8.759178452955819e-05,2.3307861440663213e-06
9.634156869298587e-05,6.007909836420335e-06,8.798323741649299e-05,0.0,8.7983237416493e-05,2.350421440072551e-06
9.678093109149143e-05,6.035993417017544e-06,8.83748299933002e-05,0.0,8.83748299933002e-05,2.370107681173684e-06
9.722092475781088e-05,6.064440487515502e-06,8.876663989635781e-05,0.0,8.876663989635781e-05,2.389844373937583e-06
9.766154969194429e-05,6.093192319706442e-06,8.91587261672462e-05,0.0,8.91587261672462e-05,2.4096312049916662e-06
9.810280589389165e-05,6.122203553216675e-06,8.955113432396446e-05,0.0,8.955113432396446e-05,2.429468016710526e-06
9.854469336365298e-05,6.1514386823152636e-06,8.994389989423751e-05,0.0,8.994389989423751e-05,2.44935478710021e-06
9.89872121012282e-05,6.18086960382774e-06,9.033705088414282e-05,0.0,9.033705088414282e-05,2.4692916132576354e-06
9.94303621066174e-05,6.210473883902304e-06,9.073060952488871e-05,0.0,9.073060952488871e-05,2.4892786978263875e-06
9.987414337982055e-05,6.240233512656772e-06,9.112459352923575e-05,0.0,9.112459352923576e-05,2.509316337928034e-06
0.00010031855592083764,6.270133992836726e-06,9.151901701186638e-05,0.0,9.151901701186638e-05,2.5294049161345303e-06
0.00010076359972966867,6.300163663743005e-06,9.191389117281726e-05,0.0,9.191389117281728e-05,2.549544893108415e-06
0.00010120927480631361,6.3303131903147456e-06,9.230922481436623e-05,0.0,9.230922481436623e-05,2.5697368016326342e-06
0.00010165558115077255,6.360575174475027e-06,9.270502473451831e-05,0.0,9.270502473451831e-05,2.5899812417792125e-06
0.00010210251876304543,6.390943856823001e-06,9.310129602919359e-05,0.0,9.310129602919363e-05,2.6102788770287887e-06
0.0001025500876431322,6.4214148855384704e-06,9.349804232640099e-05,0.0,9.349804232640099e-05,2.6306304311927498e-06
0.00010299828779103295,6.451985139363931e-06,9.38952659656694e-05,0.0,9.389526596566942e-05,2.6510366859996036e-06
0.00010344711920674765,6.482652590962813e-06,9.429296813652764e-05,0.0,9.429296813652764e-05,2.671498479257187e-06
0.00010389658189027626,6.513416204140436e-06,9.469114898263766e-05,0.0,9.469114898263766e-05,2.6920167034981646e-06
0.00010434667584161884,6.544275858393324e-06,9.50898076781823e-05,0.0,9.50898076781823e-05,2.712592305043208e-06
0.00010479740106077538,6.575232296680996e-06,9.548894248067048e-05,0.0,9.548894248067048e-05,2.7332262834238973e-06
0.00010524875754774583,6.606287092528133e-06,9.58885507640977e-05,0.0,9.588855076409771e-05,2.7539196911200068e-06
0.00010570074530253024,6.6374426362804656e-06,9.628862903269045e-05,0.0,9.628862903269045e-05,2.7746736335593444e-06
0.0001061533643251286,6.6687021373541875e-06,9.668917291842206e-05,0.0,9.668917291842208e-05,2.7954892693523467e-06
0.00010660661461554095,6.700069642897155e-06,9.70901771619233e-05,0.0,9.709017716192331e-05,2.816367810720473e-06
0.00010706049617376719,6.7315500724603465e-06,9.749163557721903e-05,0.0,9.749163557721903e-05,2.837310524087809e-06
0.00010751500899980736,6.7631619536516956e-06,9.789352795966521e-05,0.0,9.789352795966521e-05,2.8583190864904594e-06
0.00010796952182584756,6.794281704761288e-06,9.829584521563651e-05,0.0,9.829584521563651e-05,2.8793949054497554e-06
0.00010842403465188773,6.824933074745103e-06,9.869856224586081e-05,0.0,9.869856224586083e-05,2.900539331281814e-06
0.00010887854747792788,6.855137617140018e-06,9.910165608572488e-05,0.0,9.91016560857249e-05,2.9217537750629712e-06
0.00010933306030396811,6.884917248593725e-06,9.950510334583631e-05,0.0,9.950510334583634e-05,2.9430397095380654e-06
0.0001097875731300083,6.914294989873657e-06,9.990887947034883e-05,0.0,9.990887947034883e-05,2.964398669785828e-06
0.00011024208595604849,6.943295300842531e-06,0.00010031295840143812,0.0,0.00010031295840143812,2.985832253767839e-06
0.00011069659878208869,6.9719443536801424e-06,0.00010071731230577104,0.0,0.00010071731230577104,3.007342122637506e-06
0.0001111511116081289,7.000270330482887e-06,0.0001011219112769549,0.0,0.0001011219112769549,3.0289300006910937e-06
0.00011160562443416907,7.0283037709269836e-06,0.00010152672298840404,0.0,0.00010152672298840405,3.0505976748380327e-06
0.00011206013726020928,7.056077985455826e-06,0.00010193171228131856,0.0,0.00010193171228131856,3.072346993434903e-06
0.0001125146500862495,7.083629548946793e-06,0.00010233684067301256,0.0,0.00010233684067301257,3.0941798642901196e-06
0.00011296916291228968,7.1109988896960365e-06,0.00010274206577097498,0.0,0.00010274206577097502,3.1160982516186354e-06
0.00011342367573832986,7.1382309929123505e-06,0.00010314734057375012,0.0,0.00010314734057375013,3.138104171667409e-06
0.00011387818856437005,7.165376243126615e-06,0.00010355261263457819,0.0,0.0001035526126345782,3.160199686665242e-06
0.00011433270139041026,7.192491428195757e-06,0.00010395782306554311,0.0,0.00010395782306554311,3.182386896671386e-06
0.00011478721421645044,7.2196409412578034e-06,0.00010436290534629228,0.0,0.00010436290534629228,3.204667928900372e-06
0.00011524172704249067,7.246898209570396e-06,0.00010476778390894058,0.0,0.00010476778390894059,3.227044923979671e-06
0.00011569623986853089,7.274347380348268e-06,0.0001051723724698277,0.0,0.0001051723724698277,3.249520018354911e-06
0.00011615075269457106,7.302085306006205e-06,0.00010557657206638369,0.0,0.0001055765720663837,3.272095322181184e-06
0.0001166052655206113,7.3302238471323205e-06,0.00010598026878157145,0.0,0.00010598026878157145,3.2947728919075266e-06
0.0001170597783466515,7.358892499521569e-06,0.00010638333115041952,0.0,0.00010638333115041953,3.317554696710434e-06
0.00011751429117269167,7.388241312269536e-06,0.00010678560728242355,0.0,0.00010678560728242357,3.3404425779985756e-06
0.00011796880399873187,7.418443999226597e-06,0.000107186921798132,0.0,0.000107186921798132,3.3634382013732813e-06
0.00011842331682477201,7.449701038995025e-06,0.00010758707278499716,0.0,0.00010758707278499716,3.386543000779862e-06
0.00011887782965081225,7.482242396165946e-06,0.00010798582913946464,0.0,0.00010798582913946466,3.4097581151816358e-06
0.0001193323424768524,7.5163292595765184e-06,0.0001083829288982429,0.0,0.00010838292889824292,3.433084319032973e-06
0.00011978685530289259,7.552253885598044e-06,0.00010877807946816283,0.0,0.00010877807946816285,3.456521949131718e-06
0.00012024136812893279,7.590336271617608e-06,0.0001091709610251778,0.0,0.0001091709610251778,3.4800708321373803e-06
0.00012069588095497299,7.630916056699044e-06,0.0001095612346793162,0.0,0.0001095612346793162,3.5037302189577403e-06
0.00012115039378101314,7.674337913490303e-06,0.00010994855713344684,0.0,0.00010994855713344684,3.527498734076018e-06
0.00012160490660705336,7.720929047241294e-06,0.00011033260321071421,0.0,0.00011033260321071421,3.551374349097844e-06
0.00012205941943309353,7.770968584420892e-06,0.00011071309645898224,0.0,0.00011071309645898224,3.575354389690388e-06
0.0001225139322591337,7.824650865564324e-06,0.00011108984581068025,0.0,0.00011108984581068025,3.599435582889134e-06
0.00012296844508517387,7.882047757350866e-06,0.00011146278318059854,0.0,0.00011146278318059854,3.6236141472244706e-06
0.00012342295791355733,7.943078083298694e-06,0.00011183199390828036,0.0,0.00011183199390828039,3.6478859219782624e-06
0.00012390019638123146,7.945651972653736e-06,0.00011228191020684405,0.0,0.00011228191020684405,3.672634201733648e-06
0.00012437806611647655,7.948175654791652e-06,0.00011273240828792358,0.0,0.00011273240828792358,3.697482173761336e-06
0.00012485656711944446,7.955103596129047e-06,0.00011317905920593912,0.0,0.00011317905920593915,3.722404317376287e-06
0.00012533569939022566,7.965778534147573e-06,0.00011362252414517095,0.0,0.00011362252414517095,3.7473967109071685e-06
0.00012581546292880156,7.979553732080592e-06,0.00011406345341296587,0.0,0.00011406345341296587,3.7724557837550995e-06
0.0001262958577351895,7.995829668298169e-06,0.00011450244969525247,0.0,0.00011450244969525247,3.797578371638857e-06
0.0001267768838093866,8.014085537956777e-06,0.00011494003652955566,0.0,0.00011494003652955569,3.822761741874146e-06
0.00012725854115139664,8.033893551745461e-06,0.00011537664401067223,0.0,0.00011537664401067223,3.848003588978944e-06
0.00012774082976121443,8.054917445275784e-06,0.00011581261030620635,0.0,0.00011581261030620635,3.873302009732328e-06
0.00012822374963884564,8.076901001445155e-06,0.00011624819317100911,0.0,0.00011624819317100913,3.898655466391369e-06
0.00012870730078428828,8.099652538786865e-06,0.00011668358550040835,0.0,0.00011668358550040835,3.924062745093061e-06
0.00012919148319754224,8.123029581532304e-06,0.00011711893070162944,0.0,0.00011711893070162944,3.949522914380529e-06
0.0001296762968786046,8.146925875906794e-06,0.00011755433571589887,0.0,0.00011755433571589888,3.975035286798934e-06
0.00013016174182747906,8.17126136753798e-06,0.00011798988107497766,0.0,0.00011798988107497766,4.000599384963421e-06
0.00013064781804416164,8.19597489085632e-06,0.00011842562824080375,0.0,0.00011842562824080376,4.026214912501571e-06
0.00013113452552865652,8.22101900450907e-06,0.00011886162479450068,0.0,0.0001188616247945007,4.051881729646754e-06
0.00013162186428096353,8.246356386885503e-06,0.00011929790806108338,0.0,0.00011929790806108338,4.077599832994638e-06
0.00013210983430108334,8.271957316320602e-06,0.0001197345076459289,0.0,0.00011973450764592893,4.103369338833825e-06
0.0001325984355890161,8.297797890326716e-06,0.00012017144722921626,0.0,0.00012017144722921628,4.129190469473112e-06
0.0001330876681447597,8.323858745898528e-06,0.000120608745856801,0.0,0.00012060874585680101,4.155063542060189e-06
0.00013357753196831715,8.350124124442732e-06,0.00012104641888442478,0.0,0.0001210464188844248,4.180988959449621e-06
0.0001340680270596892,8.376581177904448e-06,0.00012148447867903047,0.0,0.00012148447867903049,4.206967202754289e-06
0.00013455915341887566,8.403219444982582e-06,0.00012192293514859517,0.0,0.00012192293514859517,4.23299882529789e-06
0.00013505091104587798,8.430030452796864e-06,0.00012236179614536562,0.0,0.00012236179614536562,4.259084447715516e-06
0.00013554329994069702,8.457007410500872e-06,0.0001228010677761773,0.0,0.00012280106777617732,4.2852247540188624e-06
0.00013603632010333183,8.484144973096799e-06,0.00012324075464176996,0.0,0.00012324075464177,4.311420488465046e-06
0.0001365299715337859,8.511439059032943e-06,0.00012368086002164898,0.0,0.00012368086002164904,4.3376724531039774e-06
0.00013702425423205982,8.538886709916672e-06,0.00012412138601623947,0.0,0.00012412138601623947,4.363981505903708e-06
0.0001375191681981547,8.566485985307555e-06,0.00012456233365348705,0.0,0.00012456233365348705,4.390348559360105e-06
0.0001380147134320718,8.594235884008142e-06,0.0001250037029685262,0.0,0.0001250037029685262,4.416774579537443e-06
0.00013851088993380896,8.62213628957654e-06,0.000125445493058765,0.0,0.000125445493058765,4.443260585467415e-06
0.00013900769770336654,8.650187936352445e-06,0.00012588770211815247,0.0,0.00012588770211815247,4.469807648861649e-06
0.0001395051367407456,8.67839239330704e-06,0.00012633032745334175,0.0,0.00012633032745334175,4.4964168940968e-06
0.0001400032070459471,8.706752065703395e-06,0.0001267733654818162,0.0,0.0001267733654818162,4.523089498427495e-06
0.00014050190861896342,8.735270212595755e-06,0.00012721681171396865,0.0,0.00012721681171396867,4.5498266923989905e-06
0.00014100124145979367,8.763950979685472e-06,0.00012766066071968077,0.0,0.00012766066071968077,4.576629760427441e-06
0.0001415012055684379,8.792812235731762e-06,0.00012810489293613124,0.0,0.00012810489293613126,4.603500396574897e-06
0.00014200116967708212,8.82122967216827e-06,0.00012854949998401368,0.0,0.00012854949998401368,4.630440020900142e-06
0.00014250113378572632,8.849226456527802e-06,0.00012899445733864892,0.0,0.00012899445733864894,4.657449990549587e-06
0.00014300109789437056,8.876823438149309e-06,0.0001294397427329686,0.0,0.0001294397427329686,4.684531723252636e-06
0.0001435010620030148,8.904041785275215e-06,0.00012988533351945887,0.0,0.00012988533351945887,4.711686698280709e-06
0.000144001026111659,8.93090376444824e-06,0.00013033120589014656,0.0,0.00013033120589014656,4.73891645706419e-06
0.00014450099022030318,8.957433086925505e-06,0.00013077733452967298,0.0,0.00013077733452967298,4.766222603704709e-06
0.00014500095432894738,8.983655184095146e-06,0.00013122369233960305,0.0,0.00013122369233960305,4.793606805249192e-06
0.0001455009184375916,9.009597503737927e-06,0.00013167025014224437,0.0,0.00013167025014224437,4.821070791609329e-06
0.00014600088254623582,9.035289855171351e-06,0.00013211697633606258,0.0,0.0001321169763360626,4.848616355001852e-06
0.00014650084665488,9.060764819461204e-06,0.00013256383648666602,0.0,0.00013256383648666602,4.876245348752795e-06
0.00014700081076352424,9.086058237869924e-06,0.00013301079284037002,0.0,0.00013301079284037005,4.903959685284254e-06
0.00014750077487216842,9.11120979483204e-06,0.0001334578037442807,0.0,0.0001334578037442807,4.931761333055707e-06
0.00014800073898081265,9.13626371479664e-06,0.00013390482295383465,0.0,0.00013390482295383465,4.959652312181365e-06
0.00014850070308945683,9.161269593496487e-06,0.00013435179880756122,0.0,0.00013435179880756122,4.987634688399144e-06
0.00014900066719810106,9.186283390128423e-06,0.00013479867324302052,0.0,0.00013479867324302054,5.015710564952106e-06
0.00014950063130674524,9.211368611750756e-06,0.0001352453806230272,0.0,0.0001352453806230272,5.043882071967333e-06
0.00015000059541538948,9.236597721716561e-06,0.00013569184634085033,0.0,0.00013569184634085033,5.072151352822607e-06
0.00015050055952403366,9.262053796833347e-06,0.00013613798518049308,0.0,0.00013613798518049308,5.10052054670726e-06
0.00015100052363267784,9.287832476895904e-06,0.0001365836993890475,0.0,0.00013658369938904753,5.128991766734419e-06
0.0001515004877413219,9.314044223145752e-06,0.00013702887644534786,0.0,0.00013702887644534786,5.157567072828321e-06
0.00015200045184996593,9.340816888263009e-06,0.00013747338652312765,0.0,0.00013747338652312765,5.186248438575248e-06
0.00015250041595860975,9.368298566064905e-06,0.00013791707968127646,0.0,0.00013791707968127648,5.215037711268342e-06
0.0001530003800672533,9.396660622733905e-06,0.00013835978287996437,0.0,0.00013835978287996437,5.243936564555023e-06
0.0001535003441758967,9.426100706676397e-06,0.0001388012970257792,0.0,0.00013880129702577922,5.27294644344111e-06
0.0001540003082845399,9.456845378408861e-06,0.00013924139440415519,0.0,0.0001392413944041552,5.3020685019758425e-06
0.00015450027239318298,9.489151772147603e-06,0.0001396798170861701,0.0,0.0001396798170861701,5.3313035348652835e-06
0.00015500023650182572,9.523307403781575e-06,0.00014011627719251295,0.0,0.00014011627719251297,5.360651905531194e-06
0.00015550020061046808,9.559626891874507e-06,0.00014055046024381542,0.0,0.00014055046024381544,5.390113474778172e-06
0.00015600016471911028,9.598444043985453e-06,0.00014098203313903118,0.0,0.00014098203313903118,5.4196875360936756e-06
0.00015650012882775235,9.640097635073536e-06,0.00014141065842727789,0.0,0.0001414106584272779,5.449372765400926e-06
0.00015700009293639395,9.68490953640759e-06,0.00014183601620569618,0.0,0.0001418360162056962,5.479167194290138e-06
0.0001575000570450353,9.733154967095505e-06,0.00014225783386228032,0.0,0.00014225783386228032,5.50906821565946e-06
0.00015800002115367638,9.78502676591207e-06,0.00014267592175912398,0.0,0.00014267592175912398,5.53907262864032e-06
0.0001584999852623172,9.840598548992619e-06,0.00014309020998795765,0.0,0.00014309020998795765,5.569176725366961e-06
0.00015899994938432167,9.899794488128628e-06,0.0001435007784798528,0.0,0.0001435007784798528,5.599376416340211e-06
0.0001595226391364629,9.90058924312993e-06,0.0001439919952450305,0.0,0.0001439919952450305,5.63005464830247e-06
0.0001600459601548207,9.901321036005028e-06,0.00014448380431846374,0.0,0.00014448380431846374,5.660834800351943e-06
0.00016056991244049984,9.906493952129216e-06,0.0001449717272679663,0.0,0.00014497172726796634,5.691691220404302e-06
0.00016109449599387718,9.915457498001225e-06,0.0001454564184650613,0.0,0.0001454564184650613,5.722620030814677e-06
0.00016161971081499817,9.927569236191886e-06,0.00014593852388521345,0.0,0.00014593852388521347,5.753617693592817e-06
0.0001621455569039337,9.942230613368964e-06,0.00014641864522328595,0.0,0.00014641864522328598,5.784681067278806e-06
0.00016267203426067233,9.958918881504564e-06,0.00014689730794449336,0.0,0.00014689730794449336,5.815807434674399e-06
0.00016319914288520513,9.977202426266365e-06,0.00014737494595802966,0.0,0.00014737494595802968,5.846994500909082e-06
0.0001637268827775525,9.996740378496865e-06,0.0001478519020284193,0.0,0.0001478519020284193,5.878240370636326e-06
0.00016425525393768512,1.0017271983477304e-05,0.00014832843844130137,0.0,0.00014832843844130137,5.909543512906498e-06
0.0001647842563656184,1.0038601576449767e-05,0.00014880475206844817,0.0,0.00014880475206844817,5.9409027207204505e-06
0.0001653138900613539,1.0060583431791393e-05,0.00014928098955930712,0.0,0.00014928098955930712,5.972317070255366e-06
0.0001658441550249002,1.0083108760657393e-05,0.00014975726038143105,0.0,0.00014975726038143105,6.003785882811765e-06
0.0001663750512562458,1.0106095576701634e-05,0.00015023364698851644,0.0,0.00015023364698851644,6.035308691027709e-06
0.0001669065787553853,1.0129481253057317e-05,0.00015071021229250419,0.0,0.00015071021229250419,6.066885209823851e-06
0.00016743873752232612,1.0153217236699636e-05,0.0001511870049737116,0.0,0.0001511870049737116,6.09851531191491e-06
0.00016797152755705484,1.017726534867595e-05,0.00015166406320092833,0.0,0.00015166406320092835,6.1301990074505195e-06
0.0001685049488595903,1.0201595195716663e-05,0.0001521414172366646,0.0,0.0001521414172366646,6.161936427209059e-06
0.000169039001429933,1.0226182338914707e-05,0.00015261909128220242,0.0,0.00015261909128220242,6.19372780881592e-06
0.0001695736852680802,1.0251006979256392e-05,0.00015309710480338002,0.0,0.00015309710480338005,6.225573485443786e-06
0.00017010900037401844,1.0276052997882292e-05,0.00015357547349955955,0.0,0.00015357547349955955,6.257473876576585e-06
0.00017064494674776212,1.0301307243401468e-05,0.0001540542100238827,0.0,0.0001540542100238827,6.289429480477936e-06
0.00017118152438930342,1.032675899610191e-05,0.00015453332452514305,0.0,0.00015453332452514308,6.321440868058439e-06
0.00017171873329865074,1.0352399559130143e-05,0.0001550128250616074,0.0,0.0001550128250616074,6.3535086779131806e-06
0.00017225657347580544,1.0378221945354866e-05,0.00015549271791812756,0.0,0.00015549271791812756,6.385633612323015e-06
0.00017279504492075443,1.0404220635123177e-05,0.00015597300785155722,0.0,0.00015597300785155722,6.417816434074017e-06
0.00017333414763351368,1.0430391389848616e-05,0.0001564536982797084,0.0,0.0001564536982797084,6.450057963956685e-06
0.0001738738816140832,1.045673110781558e-05,0.00015693479142741388,0.0,0.0001569347914274139,6.482359078853737e-06
0.00017441424686246828,1.0483237716773538e-05,0.00015741628843538572,0.0,0.00015741628843538575,6.514720710309009e-06
0.0001749552433786676,1.0509910092649238e-05,0.00015789818944247927,0.0,0.00015789818944247927,6.54714384353912e-06
0.00017549687116268252,1.0536748003441996e-05,0.00015838049364243995,0.0,0.00015838049364244,6.579629516800556e-06
0.0001760391302145148,1.056375207409514e-05,0.000158863199319347,0.0,0.00015886319931934702,6.61217882107264e-06
0.0001765820205341666,1.0590923769261116e-05,0.00015934630386488853,0.0,0.00015934630386488853,6.644792900016959e-06
0.00017712554212163955,1.0618265393143497e-05,0.00015982980377832634,0.0,0.00015982980377832637,6.6774729501696805e-06
0.00017766969497692836,1.0645780106328936e-05,0.00016031369464926984,0.0,0.00016031369464926986,6.710220221329607e-06
0.00017821447910004,1.0673471958914657e-05,0.00016079797112401618,0.0,0.00016079797112401618,6.743036017109159e-06
0.00017875989449118505,1.0701358827176927e-05,0.00016128261361393552,0.0,0.00016128261361393552,6.775922050072611e-06
0.00017930530988235883,1.072881614293808e-05,0.00016176761398416345,0.0,0.00016176761398416345,6.808879755257335e-06
0.00017985072527353343,1.0755866995758806e-05,0.00016225294777878437,0.0,0.00016225294777878437,6.841910498990268e-06
0.00018039614066470654,1.0782532143764816e-05,0.00016273859281302724,0.0,0.00016273859281302724,6.875015707914513e-06
0.0001809415560558777,1.0808832649037813e-05,0.00016322452653673233,0.0,0.00016322452653673233,6.908196870107536e-06
0.00018148697144704603,1.083479066591624e-05,0.00016371072524547426,0.0,0.00016371072524547432,6.941455535655454e-06
0.00018203238683821396,1.086042978959451e-05,0.00016419716373148842,0.0,0.00016419716373148842,6.974793317131015e-06
0.00018257780222937682,1.0885775330325185e-05,0.0001646838150092115,0.0,0.00016468381500921154,7.008211889840126e-06
0.00018312321762053898,1.0910854608719396e-05,0.00016517065002011176,0.0,0.00016517065002011178,7.041712991707834e-06
0.00018366863301169775,1.0935697297601958e-05,0.00016565763729140082,0.0,0.00016565763729140082,7.075298422694989e-06
0.00018421404840285603,1.0960335829153726e-05,0.00016614474253012494,0.0,0.00016614474253012497,7.108970043577362e-06
0.00018475946379401144,1.0984805878242737e-05,0.00016663192814185044,0.0,0.00016663192814185047,7.142729773918296e-06
0.0001853048791851634,1.1009146941403882e-05,0.00016711915265477193,0.0,0.00016711915265477193,7.17657958898757e-06
0.00018585029457631502,1.1033403024284206e-05,0.00016760637003663997,0.0,0.00016760637003663997,7.210521515390862e-06
0.0001863957099674653,1.1057623463747137e-05,0.0001680935288786676,0.0,0.00016809352887866763,7.244557625050531e-06
0.00018694112535861735,1.1081863907649354e-05,0.00016858057142384072,0.0,0.00016858057142384074,7.278690027127262e-06
0.00018748654074976726,1.1106187480801093e-05,0.00016906743241150508,0.0,0.0001690674324115051,7.312920857461116e-06
0.00018803195614091608,1.1130666174164369e-05,0.0001695540377017061,0.0,0.0001695540377017061,7.347252265045604e-06
0.00018857737153206254,1.1155382472018203e-05,0.00017004030266528714,0.0,0.00017004030266528714,7.381686394757201e-06
0.00018912278692320646,1.1180431266693811e-05,0.00017052613029082465,0.0,0.00017052613029082465,7.416225365687997e-06
0.00018966820231434728,1.1205922071167087e-05,0.00017101140899883027,0.0,0.0001710114089988303,7.4508712443499216e-06
0.00019021361770548654,1.1231981533098393e-05,0.00017149601016044344,0.0,0.00017149601016044344,7.4856260119447115e-06
0.00019075903309662452,1.1258756216127473e-05,0.00017197978535554115,0.0,0.00017197978535554115,7.520491524955889e-06
0.00019130444848776073,1.1286415549469697e-05,0.00017246256346978796,0.0,0.00017246256346978796,7.555469468503078e-06
0.00019184986387889413,1.1315154749435066e-05,0.00017294414782726087,0.0,0.00017294414782726087,7.590561302198205e-06
0.00019239527927002498,1.1345197359903477e-05,0.00017342431371127735,0.0,0.00017342431371127735,7.625768198844186e-06
0.00019294069466115591,1.137679683716467e-05,0.000173902806846787,0.0,0.000173902806846787,7.661090977204252e-06
0.00019348611005228346,1.1410236325274145e-05,0.0001743793436957443,0.0,0.00017437934369574431,7.696530031265003e-06
0.00019403152544340957,1.1445825425441493e-05,0.0001748536147579058,0.0,0.0001748536147579058,7.732085260062245e-06
0.00019457694083453286,1.1483892469842967e-05,0.00017532529236079865,0.0,0.0001753252923607987,7.767756003891186e-06
0.0001951223562256547,1.1524770685624236e-05,0.0001757940445455406,0.0,0.00017579404454554063,7.803540994489847e-06
0.00019566777161677458,1.1568776948196368e-05,0.00017625955634060155,0.0,0.00017625955634060155,7.839438327976663e-06
0.00019621318700789185,1.161618289244783e-05,0.00017672155864624777,0.0,0.0001767215586462478,7.87544546919624e-06
0.0001967586023990059,1.1667180158272076e-05,0.00017717986294644238,0.0,0.0001771798629464424,7.911559294291421e-06
0.00019730401779011745,1.1721844397785412e-05,0.000177634397218198,0.0,0.000177634397218198,7.94777617413405e-06
0.00019784943320506893,1.1780099645121006e-05,0.00017808524143318597,0.0,0.00017808524143318597,7.984092126761903e-06
0.00019841757424189803,1.1779988442000072e-05,0.00017861669608169097,0.0,0.000178616696081691,8.020889718206986e-06
0.00019898634654341255,1.1779781293027497e-05,0.00017914877275287285,0.0,0.00017914877275287288,8.057792497512216e-06
0.0001995557501116055,1.1784035084494252e-05,0.00017967694034913876,0.0,0.00017967694034913876,8.094774677972469e-06
0.00020012578494752904,1.1792107187563773e-05,0.00018020184532947084,0.0,0.00018020184532947084,8.131832430494387e-06
0.00020069645105115608,1.1803360120884236e-05,0.00018072412867512757,0.0,0.00018072412867512757,8.168962255144201e-06
0.00020126774842254256,1.1817196842184344e-05,0.00018124439054197403,0.0,0.00018124439054197406,8.206161038384168e-06
0.00020183967706171365,1.183309317992622e-05,0.00018176315779899762,0.0,0.00018176315779899765,8.243426082789804e-06
0.0002024122369686685,1.1850614140032247e-05,0.00018228086772063105,0.0,0.00018228086772063105,8.280755108005251e-06
0.00020298542814341195,1.186941459843362e-05,0.00018279786731457273,0.0,0.00018279786731457273,8.318146230405664e-06
0.0002035592505859628,1.1889229544853442e-05,0.0001833144231114027,0.0,0.0001833144231114027,8.355597929706687e-06
0.00020413370429628745,1.1909859578913396e-05,0.0001838307357076507,0.0,0.0001838307357076507,8.39310900972337e-06
0.00020470878927438175,1.1931155964133682e-05,0.0001843469547519015,0.0,0.00018434695475190153,8.430678558346587e-06
0.00020528450552025884,1.195300762139983e-05,0.0001848631919889498,0.0,0.00018486319198894987,8.468305909909187e-06
0.0002058608530339304,1.1975330889825964e-05,0.00018537953153255316,0.0,0.0001853795315325532,8.50599061155127e-06
0.00020643783181535871,1.199806194937058e-05,0.00018589603747181895,0.0,0.000185896037471819,8.543732394169206e-06
0.00020701544186456396,1.2021151413098318e-05,0.00018641275930360722,0.0,0.00018641275930360722,8.581531147858443e-06
0.00020759368318154845,1.2044560529910177e-05,0.00018692973575019638,0.0,0.0001869297357501964,8.619386901441842e-06
0.0002081725557663086,1.2068258521940687e-05,0.0001874469974388177,0.0,0.0001874469974388177,8.657299805550212e-06
0.0002087520596188419,1.2092220701413585e-05,0.00018796456879872084,0.0,0.00018796456879872087,8.695270118707448e-06
0.0002093321947391229,1.211642711940132e-05,0.00018848246942380375,0.0,0.00018848246942380377,8.733298195917771e-06
0.00020991296112716988,1.2140861579001922e-05,0.00018900071506883359,0.0,0.00018900071506883359,8.771384479334349e-06
0.0002104943587829849,1.2165510898460649e-05,0.00018951931839389374,0.0,0.00018951931839389374,8.809529490630547e-06
0.00021107638770654098,1.2190364032418293e-05,0.0001900382898476542,0.0,0.00019003828984765422,8.847733826468499e-06
0.0002116590478978289,1.2215412080784696e-05,0.00019055763766561356,0.0,0.00019055763766561356,8.885998151430664e-06
0.0002122423393568858,1.2240647879858503e-05,0.00019107736828269972,0.0,0.00019107736828269975,8.924323194327588e-06
0.00021282626208370825,1.2266065948500134e-05,0.00019159748639137664,0.0,0.00019159748639137664,8.962709743831469e-06
0.00021341081607830105,1.2291662112328643e-05,0.00019211799531900224,0.0,0.00019211799531900227,9.00115864697015e-06
0.00021399600134066146,1.2317433225684853e-05,0.0001926388973069472,0.0,0.00019263889730694722,9.03967080802942e-06
0.00021458181787078912,1.2343377225108753e-05,0.00019316019345967783,0.0,0.00019316019345967786,9.078247186002524e-06
0.0002151682656686851,1.236949306438255e-05,0.00019368188381086913,0.0,0.00019368188381086915,9.116888793433388e-06
0.00021575534473434872,1.239578059785168e-05,0.00019420396744035227,0.0,0.0001942039674403523,9.155596696144741e-06
0.0002163430550677821,1.2422240539010133e-05,0.00019472644251584536,0.0,0.00019472644251584536,9.194372012926536e-06
0.0002169313966689884,1.2448874440903201e-05,0.00019524930631261304,0.0,0.00019524930631261304,9.233215915472108e-06
0.00021752036953796763,1.2475684660866992e-05,0.00019577255524828676,0.0,0.00019577255524828676,9.2721296288139e-06
0.00021810997367470103,1.2502674346615084e-05,0.00019629618489615808,0.0,0.00019629618489615816,9.311114431927809e-06
0.00021870020907920144,1.2529847622141356e-05,0.00019682018980000175,0.0,0.0001968201898000018,9.350171657058317e-06
0.00021929107575247752,1.255722213835727e-05,0.00019734455056573595,0.0,0.00019734455056573597,9.389303048384275e-06
0.00021988194242599134,1.2584173108420099e-05,0.0001978692592517933,0.0,0.00019786925925179333,9.428510065777984e-06
0.00022047280909955614,1.2610723660991528e-05,0.00019839429134549508,0.0,0.00019839429134549508,9.467794093069532e-06
0.0002210636757731497,1.2636894544212793e-05,0.00019891962465427702,0.0,0.00019891962465427702,9.507156574659866e-06
0.00022165454244674394,1.2662706849231661e-05,0.00019944523658150688,0.0,0.00019944523658150688,9.54659901600538e-06
0.00022224540912033972,1.2688182780631808e-05,0.00019997110335541406,0.0,0.00019997110335541406,9.58612298429386e-06
0.000222836275793933,1.2713345980000424e-05,0.00020049719970484473,0.0,0.00020049719970484473,9.625730109087896e-06
0.00022342714246751934,1.2738221796955287e-05,0.0002010234985880072,0.0,0.0002010234985880072,9.665422082556828e-06
0.00022401800914111143,1.2762837580368233e-05,0.00020154997090139566,0.0,0.00020154997090139566,9.705200659347553e-06
0.00022460887581470803,1.278722301927502e-05,0.00020207658513946762,0.0,0.00020207658513946765,9.745067655965397e-06
0.00022519974248828923,1.2811410545646732e-05,0.00020260330699310567,0.0,0.00020260330699310567,9.785024949536854e-06
0.0002257906091618811,1.2835435813674518e-05,0.00020313009887244378,0.0,0.00020313009887244378,9.825074475762874e-06
0.00022638147583547736,1.2859338271515191e-05,0.00020365691933812462,0.0,0.00020365691933812462,9.865218225837596e-06
0.00022697234250906753,1.2883161842647918e-05,0.00020418372242434773,0.0,0.00020418372242434773,9.905458242071871e-06
0.00022756320918265914,1.2906955737489297e-05,0.00020471045683327432,0.0,0.00020471045683327434,9.945796611895501e-06
0.000228154075856247,1.2930775419657e-05,0.00020523706497676327,0.0,0.0002052370649767633,9.98623545982677e-06
0.00022874494252983455,1.2954683750878262e-05,0.00020576348184195658,0.0,0.00020576348184195658,1.0026776936999735e-05
0.0002293358092034234,1.2978752272774283e-05,0.00020628963372228235,0.0,0.00020628963372228235,1.0067423208366785e-05
0.0002299266758770098,1.3003062983961046e-05,0.00020681543645870938,0.0,0.00020681543645870938,1.0108176434339407e-05
0.00023051754255059531,1.302771013882232e-05,0.00020734079366186347,0.0,0.00020734079366186347,1.0149038749909527e-05
0.00023110840922418202,1.3052802403640192e-05,0.0002078655945822933,0.0,0.00020786559458229332,1.0190012238248562e-05
0.0002316992758977697,1.307846531804953e-05,0.00020838971168133497,0.0,0.000208389711681335,1.0231098898385174e-05
0.00023229014257135247,1.3104844004767876e-05,0.00020891299796021133,0.0,0.00020891299796021136,1.0272300606373269e-05
0.00023288100924493687,1.3132106040732504e-05,0.0002094352841348656,0.0,0.0002094352841348656,1.031361906933882e-05
0.00023347187591852384,1.3160444288495194e-05,0.0002099563758578143,0.0,0.0002099563758578143,1.0355055772214378e-05
0.00023406274259209984,1.3190079347864826e-05,0.00021047605132677762,0.0,0.00021047605132677762,1.0396611917457392e-05
0.00023465360926568118,1.3221261067328704e-05,0.00021099405983938013,0.0,0.0002109940598393802,1.0438288358972284e-05
0.00023524447593926251,1.3254268286460968e-05,0.00021151012212020778,0.0,0.00021151012212020778,1.0480085532593777e-05
0.00023583534261284355,1.3289405657528687e-05,0.00021202393356825313,0.0,0.00021202393356825313,1.0522003387061736e-05
0.00023642620928642532,1.3326996105676195e-05,0.00021253517185959318,0.0,0.0002125351718595932,1.0564041321155874e-05
0.00023701707596000582,1.3367367375942331e-05,0.00021304351044973955,0.0,0.00021304351044973955,1.060619813432394e-05
0.00023760794263357051,1.341083141165683e-05,0.00021354863922260547,0.0,0.0002135486392226055,1.0648471999308245e-05
0.00023819880930713925,1.3457656313818212e-05,0.00021405029252807284,0.0,0.00021405029252807284,1.069086046524821e-05
0.00023878967598070324,1.3508032559319099e-05,0.00021454828292348082,0.0,0.00021454828292348082,1.0733360497903297e-05
0.00023938054265427988,1.3562037861746192e-05,0.00021504253623277512,0.0,0.00021504253623277515,1.0775968559758553e-05
0.00023997140935293085,1.3619562508615079e-05,0.0002155331658007343,0.0,0.0002155331658007343,1.081868104358154e-05
0.00024058500167345188,1.3618747532971896e-05,0.00021610437425414902,0.0,0.00021610437425414908,1.086187988633089e-05
0.00024119922525790659,1.3617799176152888e-05,0.00021667623734539235,0.0,0.0002166762373453924,1.090518873636133e-05
0.00024181408010881945,1.3621329114818417e-05,0.0002172441693195933,0.0,0.0002172441693195933,1.0948581674407738e-05
0.00024242956622738153,1.362870295375732e-05,0.0002178088083395927,0.0,0.0002178088083395927,1.0992054934031524e-05
0.00024304568361358374,1.363928870991214e-05,0.00021837078983792974,0.0,0.00021837078983792977,1.103560506574185e-05
0.0002436624322675513,1.365249130808758e-05,0.00021893071196271916,0.0,0.00021893071196271916,1.1079228996744583e-05
0.00024427981218928303,1.3667785352184972e-05,0.0002194891027735402,0.0,0.0002194891027735402,1.1122924063557873e-05
0.0002448978233787807,1.3684732493942234e-05,0.00022004640286978015,0.0,0.00022004640286978015,1.1166688015058313e-05
0.0002455164658360313,1.3702983285565895e-05,0.00022060296355636043,0.0,0.00022060296355636046,1.1210518994104997e-05
0.00024613573956106807,1.3722268330670992e-05,0.00022115905572449123,0.0,0.00022115905572449123,1.1254415505905804e-05
0.00024675564455389163,1.3742384334082748e-05,0.00022171488383977106,0.0,0.00022171488383977106,1.129837638003779e-05
0.0002473761808144815,1.3763179387010355e-05,0.00022227060069624491,0.0,0.00022227060069624491,1.1342400731226244e-05
0.0002479973483428483,1.3784539973501837e-05,0.00022282632044719813,0.0,0.00022282632044719815,1.1386487922148333e-05
0.00024861914713898253,1.380638063224363e-05,0.0002233821289767496,0.0,0.0002233821289767496,1.1430637529989345e-05
0.0002492415772028536,1.3828636246541635e-05,0.00022393809163889252,0.0,0.00022393809163889252,1.1474849317419491e-05
0.0002498646385344982,1.3851256510069409e-05,0.00022449425881645196,0.0,0.00022449425881645196,1.1519123207976839e-05
0.00025048833113391314,1.3874202028827137e-05,0.0002250506698396005,0.0,0.0002250506698396005,1.1563459265485559e-05
0.0002511126550010697,1.389744158135842e-05,0.00022560735574269353,0.0,0.00022560735574269353,1.1607857677017834e-05
0.0002517376101359743,1.3920950181566309e-05,0.00022616434121555762,0.0,0.00022616434121555762,1.1652318738850348e-05
0.0002523631965386328,1.3944707687460354e-05,0.0002267216460062265,0.0,0.0002267216460062265,1.1696842844945935e-05
0.0002529894142090453,1.3968697787190838e-05,0.00022727928594434052,0.0,0.00022727928594434052,1.1741430477513899e-05
0.00025361626314718657,1.3992907249634115e-05,0.000227837273698269,0.0,0.000227837273698269,1.1786082199283442e-05
0.00025424374335306354,1.4017325358926756e-05,0.0002283956193469138,0.0,0.0002283956193469138,1.1830798647222947e-05
0.0002548718548266801,1.4041943485472754e-05,0.0002289543308137814,0.0,0.00022895433081378142,1.1875580527425902e-05
0.00025550059756803225,1.406675475738411e-05,0.00022951341419965142,0.0,0.00022951341419965148,1.1920428610996652e-05
0.0002561299715771147,1.4091753804559384e-05,0.0002300728740418119,0.0,0.0002300728740418119,1.1965343730743331e-05
0.00025675997685387027,1.4116936566792119e-05,0.00023063271350849717,0.0,0.0002306327135084972,1.201032677858094e-05
0.00025739061339831714,1.4142300141852638e-05,0.00023119293455289397,0.0,0.000231192934552894,1.2055378703570475e-05
0.00025802188121048917,1.4167842666097238e-05,0.00023175353803396028,0.0,0.00023175353803396028,1.210050051043166e-05
0.0002584719751599123,1.4127152203365261e-05,0.00023220000580382843,0.0,0.00023220000580382843,1.2144817152718655e-05
0.0002589227003770623,1.4107646620388494e-05,0.00023262608331833115,0.0,0.00023262608331833115,1.218897043834264e-05
0.0002593740568619489,1.4090245703821496e-05,0.00023305066397110265,0.0,0.00023305066397110265,1.2233147187024795e-05
0.00025982604461457105,1.4073965076469987e-05,0.00023347471951800532,0.0,0.00023347471951800532,1.2277360020095773e-05
0.0002602786636348708,1.4058700175264637e-05,0.00023389835290528325,0.0,0.00023389835290528327,1.232161055432289e-05
0.0002607319139228886,1.4044423064153401e-05,0.00023432159137783804,0.0,0.00023432159137783807,1.2365899480897122e-05
0.0002611857954786476,1.4031113463523809e-05,0.00023474445460062364,0.0,0.00023474445460062364,1.2410227414500105e-05
0.00026164030830386453,1.4018757188560589e-05,0.00023516695585798747,0.0,0.00023516695585798747,1.2454595257316504e-05
0.0002620948211295777,1.4006711085377271e-05,0.0002355891064713909,0.0,0.0002355891064713909,1.2499003572809502e-05
0.00026254933395539475,1.3994973048072086e-05,0.00023601090809297648,0.0,0.0002360109080929765,1.2543452814346188e-05
0.00026300384678127925,1.3983537991262677e-05,0.00023643236534818206,0.0,0.00023643236534818206,1.2587943441834467e-05
0.00026345835960717357,1.3972400201929399e-05,0.00023685348348170842,0.0,0.00023685348348170845,1.2632475923535823e-05
0.00026391287243307976,1.396155395318189e-05,0.0002372742677437367,0.0,0.0002372742677437367,1.2677050736161189e-05
0.00026436738525898975,1.395099364954341e-05,0.0002376947232444131,0.0,0.00023769472324441313,1.2721668365033216e-05
0.00026482189808490033,1.3940713861163716e-05,0.00023811485491946575,0.0,0.0002381148549194658,1.2766329304270824e-05
0.0002652764109108141,1.39307093308902e-05,0.00023853466752293823,0.0,0.00023853466752293823,1.28110340569857e-05
0.000265730923736736,1.3920974973851972e-05,0.0002389541656273854,0.0,0.0002389541656273854,1.2855783135498607e-05
0.0002661854365626578,1.3911505877971025e-05,0.00023937335362314143,0.0,0.00023937335362314143,1.2900577061545358e-05
0.0002666399493885836,1.3902297303722234e-05,0.00023979223571836763,0.0,0.0002397922357183677,1.2945416366493628e-05
0.0002670944622145115,1.3893344683401449e-05,0.0002402108159395397,0.0,0.0002402108159395397,1.2990301591570434e-05
0.000267548975040439,1.3884643622077873e-05,0.00024062909813027739,0.0,0.00024062909813027739,1.3035233288083751e-05
0.0002680034878663671,1.387618989772319e-05,0.00024104708595098647,0.0,0.00024104708595098647,1.3080212017657434e-05
0.0002684580006922997,1.3867979461265645e-05,0.0002414647828785623,0.0,0.0002414647828785623,1.3125238352471717e-05
0.00026891251351825966,1.3860008439390159e-05,0.00024188219220337692,0.0,0.00024188219220337692,1.317031287549259e-05
0.0002693670263441933,1.3852273134913913e-05,0.0002422993170285583,0.0,0.0002422993170285583,1.3215436180721087e-05
0.00026982153917012955,1.3844770029796564e-05,0.00024271616026690099,0.0,0.00024271616026690099,1.3260608873431978e-05
0.0002702760519960683,1.3837495786789952e-05,0.00024313272463885363,0.0,0.00024313272463885363,1.3305831570424733e-05
0.0002707305648220069,1.3830447253106588e-05,0.00024354901266863445,0.0,0.00024354901266863445,1.335110490026591e-05
0.00027118507764794505,1.382362146399304e-05,0.00024396502668041825,0.0,0.00024396502668041825,1.339642950353379e-05
0.00027163959047388767,1.3817015647317807e-05,0.0002443807687935114,0.0,0.0002443807687935114,1.3441806033058443e-05
0.00027209410329983317,1.3810627227919094e-05,0.000244796240917749,0.0,0.000244796240917749,1.3487235154165044e-05
0.0002725486161257768,1.3804453833011131e-05,0.000245211444747857,0.0,0.000245211444747857,1.3532717544908663e-05
0.0002730031289517226,1.379849329967562e-05,0.0002456263817557519,0.0,0.00024562638175575194,1.3578253896295074e-05
0.00027345764177766975,1.3792743681015398e-05,0.00024604105318415045,0.0,0.00024604105318415045,1.3623844912503922e-05
0.0002739121546036209,1.3787203255265307e-05,0.0002464554600372679,0.0,0.0002464554600372679,1.3669491311087704e-05
0.0002743666674295723,1.3781870534702242e-05,0.00024686960307170546,0.0,0.00024686960307170546,1.3715193823164583e-05
0.0002748211802555351,1.3776744275611536e-05,0.00024728348278633256,0.0,0.0002472834827863326,1.3760953193591026e-05
0.0002752756930814982,1.3771823491202813e-05,0.0002476970994091909,0.0,0.0002476970994091909,1.3806770181104497e-05
0.00027573020590746465,1.3767107463026319e-05,0.00024811045288598247,0.0,0.00024811045288598247,1.3852645558455866e-05
0.0002761847187334216,1.3762595756431188e-05,0.0002485235428644989,0.0,0.0002485235428644989,1.3898580112491474e-05
0.0002766392315593775,1.3758288237181472e-05,0.0002489363686779898,0.0,0.0002489363686779898,1.3944574644206196e-05
0.00027709374438534477,1.3754185087881007e-05,0.00024934892932871954,0.0,0.00024934892932871954,1.3990629968744291e-05
0.00027754825721131325,1.3750286829488223e-05,0.00024976122346647117,0.0,0.00024976122346647117,1.4036746915353888e-05
0.0002780027700372817,1.3746594344271783e-05,0.0002501732493656973,0.0,0.0002501732493656973,1.408292632731262e-05
0.00027845728286324907,1.3743108898392523e-05,0.00025058500490310245,0.0,0.00025058500490310245,1.4129169061754081e-05
0.000278911795689209,1.373983217074823e-05,0.0002509964875290583,0.0,0.0002509964875290583,1.4175475989402436e-05
0.0002793663085151792,1.3736766283027246e-05,0.00025140769423791703,0.0,0.00025140769423791703,1.422184799423494e-05
0.0002798208213411498,1.3733913833144954e-05,0.00025181862153497096,0.0,0.00025181862153497096,1.4268285973033775e-05
0.0002802753341671228,1.3731277931798391e-05,0.00025222926540049805,0.0,0.00025222926540049805,1.431479083482636e-05
0.0002807298469930943,1.372886224499838e-05,0.0002526396212479273,0.0,0.0002526396212479273,1.4361363500168557e-05
0.00028118435981905657,1.3726671038126118e-05,0.0002530496838806376,0.0,0.0002530496838806376,1.440800490029286e-05
0.00028163887264502245,1.3724709225235138e-05,0.0002534594474437082,0.0,0.0002534594474437082,1.4454715976079108e-05
0.00028209338547099965,1.372298242415695e-05,0.0002538689053700294,0.0,0.0002538689053700294,1.4501497676813242e-05
0.0002825478982969761,1.3721497016581575e-05,0.0002542780503216676,0.0,0.0002542780503216676,1.4548350958726924e-05
0.0002830024111229504,1.3720260211828454e-05,0.0002546868741278239,0.0,0.00025468687412782395,1.4595276783298006e-05
0.00028345692394892677,1.3719280119151526e-05,0.00025509536771452983,0.0,0.0002550953677145299,1.4642276115245392e-05
0.0002839114367749026,1.3718565823245996e-05,0.0002555035210314232,0.0,0.00025550352103142327,1.4689349920233352e-05
0.00028436594960087967,1.3718127467173355e-05,0.00025591132297149427,0.0,0.00025591132297149427,1.4736499162212031e-05
0.0002848204624268592,1.3717976340112945e-05,0.000256318761286363,0.0,0.000256318761286363,1.4783724800383275e-05
0.00028527497525283603,1.3718124970998525e-05,0.0002567258224960994,0.0,0.0002567258224960994,1.4831027785738095e-05
0.0002857294880788151,1.3718587226024246e-05,0.00025713249179565236,0.0,0.0002571324917956524,1.4878409057138404e-05
0.00028618400090479516,1.3719378408435707e-05,0.000257538752959445,0.0,0.000257538752959445,1.4925869536914503e-05
0.0002866385137307763,1.3720515361717752e-05,0.0002579445882431464,0.0,0.00025794458824314644,1.4973410125912204e-05
0.0002870930265567575,1.372201656952124e-05,0.000258349978289239,0.0,0.000258349978289239,1.502103169799726e-05
0.0002875475393827394,1.3723902250348892e-05,0.00025875490203841205,0.0,0.00025875490203841205,1.5068735093978354e-05
0.0002880020522087224,1.3726194443479862e-05,0.0002591593366503148,0.0,0.0002591593366503148,1.5116521114927762e-05
0.00028845656503470466,1.3728917078325167e-05,0.00025956325744147155,0.0,0.00025956325744147155,1.5164390514907869e-05
0.00028891107786070295,1.3732096017677316e-05,0.0002599666378498847,0.0,0.0002599666378498847,1.5212343993140978e-05
0.0002893655906867022,1.3735759069140648e-05,0.000260369449431935,0.0,0.000260369449431935,1.5260382185626564e-05
0.00028982010351268696,1.373993594791949e-05,0.0002607716619084501,0.0,0.0002607716619084501,1.5308505656317382e-05
0.000290274616338666,1.3744658180455173e-05,0.00026117324327027856,0.0,0.00026117324327027856,1.535671488793225e-05
0.0002907291291646653,1.3749958928748825e-05,0.0002615741599633342,0.0,0.0002615741599633342,1.5405010272582148e-05
0.0002911836419906653,1.3755872721335733e-05,0.00026197437716696524,0.0,0.00026197437716696524,1.545339210236427e-05
0.00029163815481665243,1.376243506721044e-05,0.0002623738591892275,0.0,0.0002623738591892275,1.550186056021446e-05
0.0002920926676426398,1.3769681938453069e-05,0.00026277256999292323,0.0,0.00026277256999292323,1.555041571126344e-05
0.00029254718046864176,1.3777649101835125e-05,0.0002631704738717404,0.0,0.0002631704738717404,1.559905749506623e-05
0.0002930016932946311,1.3786371289653207e-05,0.00026356753628590775,0.0,0.00026356753628590775,1.5647785719070208e-05
0.00029345620612063444,1.379588120917751e-05,0.0002639637248577592,0.0,0.0002639637248577592,1.5696600053697696e-05
0.0002939107189466377,1.380620839569497e-05,0.0002643590105214516,0.0,0.00026435901052145164,1.574550002949111e-05
0.00029436523177254516,1.3817378061463718e-05,0.0002647533686756807,0.0,0.0002647533686756807,1.5794485035400748e-05
0.00029481974459844495,1.3829409506951802e-05,0.00026514678076804913,0.0,0.00026514678076804913,1.584355432344405e-05
0.00029527425742434187,1.3842314838411237e-05,0.0002655392355728506,0.0,0.0002655392355728506,1.5892707013080083e-05
0.00029572877025024427,1.3856097687515675e-05,0.0002659307304634128,0.0,0.0002659307304634128,1.594194209931584e-05
0.00029618328307615084,1.387075208217321e-05,0.0002663212725298971,0.0,0.0002663212725298971,1.599125846408054e-05
0.00029663779590206,1.3886260747141435e-05,0.0002667108802608103,0.0,0.0002667108802608103,1.6040654894108302e-05
0.00029709230872797146,1.390259617902444e-05,0.00026709958245904424,0.0,0.00026709958245904424,1.609013008990278e-05
0.0002975468215538977,1.3919720139560551e-05,0.00026748741872688233,0.0,0.00026748741872688233,1.613968268745488e-05
0.00029800133437982493,1.3937583962511213e-05,0.00026787443913815686,0.0,0.00026787443913815686,1.618931127915688e-05
0.0002984558472057542,1.3956129604222892e-05,0.00026826070316756626,0.0,0.00026826070316756626,1.623901443396508e-05
0.0002989103600316854,1.397529116499786e-05,0.00026864627814942866,0.0,0.00026864627814942866,1.628879071725883e-05
0.0002993648728576377,1.3994996768390181e-05,0.00026903123737951614,0.0,0.00026903123737951614,1.6338638709731455e-05
0.0002998193856835784,1.4015170667691936e-05,0.0002694156579912723,0.0,0.0002694156579912723,1.6388557024614174e-05
0.0003002738985095211,1.4035735417323014e-05,0.0002697996187694217,0.0,0.0002697996187694217,1.6438544322776306e-05
0.00030072841133546536,1.4056613957046548e-05,0.0002701831980530862,0.0,0.0002701831980530862,1.6488599325332623e-05
0.0003011829241614232,1.4077731471526154e-05,0.00027056647186627367,0.0,0.00027056647186627367,1.6538720823623318e-05
0.0003016374369873899,1.4099016929102712e-05,0.0002709495123717393,0.0,0.0002709495123717393,1.6588907686547857e-05
0.00030209194981335063,1.4120404244149321e-05,0.0002713323867037954,0.0,0.00027133238670379545,1.6639158865405858e-05
0.0003025464626393114,1.4141833052113349e-05,0.0002717151561907149,0.0,0.0002717151561907149,1.668947339648318e-05
0.00030300097546526915,1.4163249121374195e-05,0.0002720978759421908,0.0,0.0002720978759421908,1.673985040170417e-05
0.0003034554882912317,1.4184604455033456e-05,0.00027248059474852584,0.0,0.00027248059474852584,1.6790289087672417e-05
0.0003039100011172023,1.4205857144183173e-05,0.0002728633552295449,0.0,0.000272863355229545,1.6840788743474252e-05
0.0003043645139431737,1.4226971043620323e-05,0.00027324619416201057,0.0,0.0002732461941620106,1.6891348737542775e-05
0.0003048190267691466,1.4247915330130423e-05,0.0002736291429251092,0.0,0.0002736291429251092,1.694196851390697e-05
0.00030527353959511306,1.4268664001548315e-05,0.00027401222800553754,0.0,0.00027401222800553754,1.699264758802713e-05
0.00030572805242108555,1.4289195353536782e-05,0.00027439547152508686,0.0,0.00027439547152508686,1.7043385542461857e-05
0.00030618256524706053,1.4309491468395918e-05,0.0002747788917561742,0.0,0.0002747788917561742,1.7094182022490345e-05
0.0003066370780730355,1.432953773184947e-05,0.00027516250360935205,0.0,0.00027516250360935205,1.714503673183401e-05
0.00030709159089901126,1.4349322392685166e-05,0.00027554631907779933,0.0,0.00027554631907779933,1.7195949428526822e-05
0.00030754610372498516,1.4368836168349632e-05,0.00027593034763562094,0.0,0.00027593034763562094,1.7246919921014578e-05
0.00030800061655096166,1.4388071895833996e-05,0.00027631459659061805,0.0,0.00027631459659061805,1.7297948064509667e-05
0.00030845512937693686,1.4407024229040569e-05,0.0002766990713902919,0.0,0.0002766990713902919,1.734903375760438e-05
0.0003089096422029164,1.4425689376193759e-05,0.00027708377588756526,0.0,0.0002770837758875653,1.74001769391573e-05
0.0003093641550288934,1.444406487369497e-05,0.0002774687125697484,0.0,0.0002774687125697484,1.745137758545001e-05
0.0003098186678548884,1.4462149392733815e-05,0.00027785388275456595,0.0,0.00027785388275456595,1.7502635707588678e-05
0.00031027318068088195,1.447994257350172e-05,0.0002782392867582283,0.0,0.0002782392867582283,1.7553951349152013e-05
0.0003107276935068766,1.4497444883423056e-05,0.00027862492403939534,0.0,0.00027862492403939534,1.760532458405828e-05
0.0003111822063328536,1.4514657495803218e-05,0.0002790107933224115,0.0,0.00027901079332241156,1.765675551463882e-05
0.00031163671915884934,1.4531582185944197e-05,0.00027939689270300034,0.0,0.00027939689270300034,1.770824426990482e-05
0.0003120912319848307,1.4548221241697324e-05,0.00027978321973914894,0.0,0.00027978321973914894,1.775979100398443e-05
0.0003125457448108266,1.4564577387321578e-05,0.00028016977152878984,0.0,0.00028016977152878984,1.7811395894715217e-05
0.0003130002576368334,1.4580653718118023e-05,0.00028055654477633787,0.0,0.00028055654477633787,1.7863059142377476e-05
0.00031345477046281395,1.4596453642254258e-05,0.0002809435358519862,0.0,0.0002809435358519862,1.7914780968573527e-05
0.0003139092832887937,1.4611980833997744e-05,0.0002813307408396022,0.0,0.00028133074083960233,1.7966561615193736e-05
0.0003143637961148014,1.4627239190295133e-05,0.0002817181555809888,0.0,0.0002817181555809888,1.801840134351743e-05
0.000314818308940809,1.4642232794102125e-05,0.00028210577571330896,0.0,0.00028210577571330896,1.8070300433397898e-05
0.0003152728217668174,1.4656965883691644e-05,0.0002824935967005959,0.0,0.0002824935967005959,1.812225918252993e-05
0.00031572733459282564,1.467144282477341e-05,0.00028288161386224583,0.0,0.00028288161386224583,1.8174277905806446e-05
0.00031618184741882425,1.4685668086550975e-05,0.0002832698223975329,0.0,0.0002832698223975329,1.8226356934740433e-05
0.0003166363602448334,1.4699646221713007e-05,0.00028365821740617005,0.0,0.00028365821740617005,1.8278496616950396e-05
0.00031709087307084274,1.4713381848176555e-05,0.00028404679390695584,0.0,0.00028404679390695584,1.8330697315710293e-05
0.000317545385896842,1.4726879633677657e-05,0.00028443554685361364,0.0,0.00028443554685361364,1.8382959409550697e-05
0.00031799989872285066,1.4740144282079175e-05,0.0002848244711488616,0.0,0.0002848244711488616,1.8435283291909823e-05
0.0003184544115488604,1.4753180522722319e-05,0.0002852135616553172,0.0,0.0002852135616553172,1.8487669370820878e-05
0.00031890892437487056,1.4765993099483401e-05,0.00028560281320672985,0.0,0.00028560281320672985,1.8540118068657307e-05
0.00031936343720087985,1.4778586762184977e-05,0.0002859922206167896,0.0,0.0002859922206167896,1.8592629821905306e-05
0.00031981795002689056,1.4790966259675853e-05,0.00028638177868624607,0.0,0.00028638177868624607,1.8645205080968543e-05
0.0003202724628529011,1.4803136332761905e-05,0.00028677148221012205,0.0,0.00028677148221012205,1.8697844310017196e-05
0.0003207269756789115,1.4815101709295304e-05,0.0002871613259827627,0.0,0.0002871613259827627,1.8750547986853457e-05
0.0003211814885049233,1.4826867099850543e-05,0.000287551304802266,0.0,0.000287551304802266,1.8803316602806834e-05
0.0003216360013309353,1.483843719330791e-05,0.0002879414134749621,0.0,0.00028794141347496217,1.8856150662665233e-05
0.0003220905141569474,1.4849816653873599e-05,0.0002883316468184493,0.0,0.0002883316468184493,1.8909050684624562e-05
0.00032254502698295866,1.4861010118649383e-05,0.0002887219996640553,0.0,0.0002887219996640553,1.896201720025396e-05
0.00032299953980896963,1.4872022195745902e-05,0.0002891124668587337,0.0,0.0002891124668587337,1.9015050754490054e-05
0.0003234540526349822,1.4882857462561193e-05,0.0002895030432667721,0.0,0.00028950304326677215,1.9068151905648878e-05
0.00032390856546099446,1.4893520464883911e-05,0.00028989372377065517,0.0,0.00028989372377065517,1.9121321225455356e-05
0.0003243630782870067,1.4904015716018635e-05,0.0002902845032718964,0.0,0.0002902845032718964,1.917455929909167e-05
0.00032481759111301924,1.4914347695987902e-05,0.0002906753766917611,0.0,0.0002906753766917611,1.922786672527017e-05
0.0003252721039390318,1.492452085249914e-05,0.00029106633897023023,0.0,0.00029106633897023023,1.9281244116302473e-05
0.0003257266167650448,1.4934539600898416e-05,0.0002914573850659458,0.0,0.0002914573850659458,1.9334692098200627e-05
0.00032618112959105754,1.4944408324717303e-05,0.00029184850995555206,0.0,0.00029184850995555206,1.9388211310788276e-05
0.0003266356424170708,1.4954131375805877e-05,0.00029223970863343087,0.0,0.00029223970863343087,1.9441802407834136e-05
0.000327090155242979,1.4963713240530355e-05,0.0002926309759469121,0.0,0.00029263097594691215,1.949546605553657e-05
0.0003275446680688692,1.4973158226754755e-05,0.00029302230690631296,0.0,0.00029302230690631296,1.9549202935801524e-05
0.00032799918089476004,1.4982470588922746e-05,0.0002934136965606303,0.0,0.0002934136965606303,1.960301374520699e-05
0.0003284536937206532,1.4991654557697204e-05,0.00029380513996806785,0.0,0.00029380513996806785,1.9656899194888124e-05
0.00032890820654655285,1.500071434123152e-05,0.0002941966321945909,0.0,0.0002941966321945909,1.9710860010730496e-05
0.00032936271937245736,1.5009654128225108e-05,0.0002945881683106698,0.0,0.00029458816831066985,1.9764896933562367e-05
0.00032981723219836496,1.5018478089287413e-05,0.00029497974338970007,0.0,0.00029497974338970007,1.981901071937754e-05
0.000330271745024289,1.5027190380571246e-05,0.0002953713525041715,0.0,0.0002953713525041715,1.987320213954628e-05
0.00033072625785023134,1.5035795146705331e-05,0.00029576299072248276,0.0,0.00029576299072248276,1.9927471981043232e-05
0.0003311807706761832,1.5044296522837531e-05,0.00029615465310664263,0.0,0.00029615465310664263,1.9981821046703072e-05
0.0003316352835021287,1.5052698638979014e-05,0.0002965463347076888,0.0,0.0002965463347076888,2.003625015546087e-05
0.00033208979632808825,1.5061005623242213e-05,0.00029693803056223,0.0,0.00029693803056223,2.0090760142616057e-05
0.00033254430915404985,1.5069221605703085e-05,0.0002973297356882473,0.0,0.0002973297356882473,2.014535186009948e-05
0.0003329988219800143,1.5077350723197215e-05,0.00029772144508006957,0.0,0.0002977214450800696,2.0200026176747564e-05
0.00033345333480598073,1.5085397122936656e-05,0.0002981131537044534,0.0,0.0002981131537044534,2.0254783978590738e-05
0.00033390784763194666,1.5093364967560601e-05,0.0002985048564952391,0.0,0.00029850485649523904,2.0309626169146988e-05
0.0003343623604579153,1.5101258440743315e-05,0.00029889654834746096,0.0,0.00029889654834746096,2.0364553669711017e-05
0.00033481687328388524,1.5109081751821926e-05,0.00029928822411239,0.0,0.00029928822411239,2.0419567419673312e-05
0.0003352713861098567,1.5116839129378363e-05,0.00029967987860357814,0.0,0.00029967987860357814,2.04746683769002e-05
0.0003357258989358441,1.512453484880587e-05,0.00030007150656912476,0.0,0.00030007150656912476,2.0529857517913478e-05
0.00033618041176183274,1.513217323527051e-05,0.00030046310268832925,0.0,0.00030046310268832925,2.058513583823304e-05
0.0003366349245878072,1.5139758666623715e-05,0.00030085466156846025,0.0,0.00030085466156846025,2.0640504352723185e-05
0.0003370894374137998,1.5147295580752393e-05,0.0003012461777371327,0.0,0.0003012461777371327,2.0695964095914655e-05
0.000337543950239793,1.5154788484284294e-05,0.00030163764563318434,0.0,0.00030163764563318434,2.0751516122324304e-05
0.0003379984630657865,1.5162241961253227e-05,0.00030202905959775847,0.0,0.00030202905959775847,2.0807161506774835e-05
0.00033845297589178095,1.5169660682746877e-05,0.0003024204138643237,0.0,0.0003024204138643237,2.086290134471038e-05
0.00033890748871778494,1.517704941764237e-05,0.000302811702547643,0.0,0.000302811702547643,2.091873675249952e-05
0.0003393620015437822,1.5184413044278677e-05,0.0003032029196317683,0.0,0.0003032029196317683,2.0974668867735198e-05
0.00033981651436977973,1.5191756561718112e-05,0.00030359405895853187,0.0,0.00030359405895853187,2.103069884952978e-05
0.00034027102719578047,1.5199085104617816e-05,0.0003039851142123886,0.0,0.0003039851142123886,2.1086827878774074e-05
0.00034072554002178245,1.5206403956048963e-05,0.00030437607890732254,0.0,0.00030437607890732254,2.114305715841097e-05
0.000341180052847786,1.5213718564536869e-05,0.00030476694636959677,0.0,0.00030476694636959677,2.119938791365235e-05
0.0003416345656737895,1.5221034560705908e-05,0.00030515770972089183,0.0,0.00030515770972089183,2.1255821392191777e-05
0.00034208907849979343,1.5228357774981847e-05,0.000305548361860423,0.0,0.000305548361860423,2.131235886438856e-05
0.00034254359132579806,1.5235694258995207e-05,0.0003059388954434087,0.0,0.0003059388954434087,2.1369001623394078e-05
0.00034299810415180357,1.5243050307129667e-05,0.0003063293028594273,0.0,0.00030632930285942736,2.1425750985246607e-05
0.00034345261697780885,1.5250432480540874e-05,0.0003067195762083486,0.0,0.0003067195762083486,2.1482608288919342e-05
0.00034390712980381506,1.5257847633757703e-05,0.0003071097072737663,0.0,0.0003071097072737663,2.153957489629102e-05
0.0003443616426298203,1.5265302942758397e-05,0.0003074996874949925,0.0,0.0003074996874949925,2.159665219206938e-05
0.0003448161554558267,1.527280593689016e-05,0.00030788950793532357,0.0,0.00030788950793532357,2.1653841583612936e-05
0.0003452706682818341,1.528036453192957e-05,0.000308279159249249,0.0,0.000308279159249249,2.171114450065559e-05
0.00034572518110784293,1.5287987069414487e-05,0.0003086686316434918,0.0,0.0003086686316434918,2.1768562394936728e-05
0.0003461796939338502,1.5295682357538723e-05,0.00030905791483655683,0.0,0.0003090579148365569,2.1826096739754727e-05
0.0003466342067598585,1.5303459714324953e-05,0.00030944699801620554,0.0,0.00030944699801620554,2.1883749029327932e-05
0.0003470887195858679,1.531132901735071e-05,0.0003098358697905174,0.0,0.0003098358697905174,2.194152077799977e-05
0.000347543232411877,1.5319300757187428e-05,0.0003102245181354124,0.0,0.0003102245181354124,2.1999413519277123e-05
0.0003479977452378868,1.5327386095644392e-05,0.00031061293033757254,0.0,0.00031061293033757254,2.205742880466981e-05
0.00034845225806389666,1.5335596928870972e-05,0.0003110010929327226,0.0,0.0003110010929327226,2.2115568202303094e-05
0.00034890677088990704,1.5343945955914893e-05,0.0003113889916387143,0.0,0.0003113889916387143,2.217383329527788e-05
0.00034936128371591845,1.5352446753438644e-05,0.00031177661128273476,0.0,0.00031177661128273476,2.2232225679745077e-05
0.0003498157965419145,1.536111385555621e-05,0.00031216393572369055,0.0,0.00031216393572369055,2.2290746962667817e-05
0.0003502703093679271,1.5369962840263236e-05,0.00031255094776843685,0.0,0.00031255094776843685,2.2349398759226996e-05
0.00035072482219392347,1.537901042011726e-05,0.0003129376290839495,0.0,0.0003129376290839495,2.2408182689856715e-05
0.00035117933501992035,1.5388274540126475e-05,0.0003133239601029579,0.0,0.000313323960102958,2.2467100376835943e-05
0.00035163384784591653,1.5397774478746185e-05,0.00031370991992673615,0.0,0.00031370991992673615,2.2526153440434262e-05
0.00035208836067191374,1.5407530953648374e-05,0.0003140954862237206,0.0,0.0003140954862237206,2.2585343494544753e-05
0.0003525428734979115,1.5417566227801942e-05,0.0003144806351283108,0.0,0.0003144806351283108,2.2644672141798666e-05
0.0003529973863239101,1.5427904216360908e-05,0.00031486534113945154,0.0,0.00031486534113945154,2.2704140968097653e-05
0.00035345189914990814,1.5438570589541534e-05,0.000315249577023815,0.0,0.000315249577023815,2.2763751536551607e-05
0.0003539064119759073,1.5449592866008864e-05,0.0003156333137290791,0.0,0.0003156333137290791,2.2823505380819348e-05
0.0003543609248019023,1.5461000494166526e-05,0.0003160165203099227,0.0,0.0003160165203099227,2.288340399781305e-05
0.00035481543762789917,1.547282491048136e-05,0.0003163991638776048,0.0,0.0003163991638776048,2.2943448839813014e-05
0.0003552699504538952,1.548509956888844e-05,0.00031678120957901606,0.0,0.00031678120957901606,2.3003641305990652e-05
0.0003557244632798921,1.5497859927639192e-05,0.00031716262061881953,0.0,0.00031716262061881953,2.306398273343347e-05
0.0003561789761058889,1.551114338204945e-05,0.00031754335833610807,0.0,0.00031754335833610796,2.3124474387731474e-05
0.00035663348893188535,1.552498912805432e-05,0.0003179233823505665,0.0,0.0003179233823505665,2.318511745326443e-05
0.00035708800175788283,1.553943793725421e-05,0.0003183026507972585,0.0,0.0003183026507972585,2.3245913023370167e-05
0.000357542514583881,1.555453182797496e-05,0.00031868112066530806,0.0,0.0003186811206653081,2.330686209059802e-05
0.00035799702740987947,1.5570313613575716e-05,0.00031905874825899415,0.0,0.00031905874825899415,2.336796553730959e-05
0.0003584515402358789,1.5586826310361365e-05,0.0003194354897985729,0.0,0.000319435489798573,2.3429224126944606e-05
0.0003589060530618782,1.5604112394899057e-05,0.0003198113021706896,0.0,0.0003198113021706896,2.3490638496289545e-05
0.00035936056588787766,1.5622212904055707e-05,0.0003201861438346936,0.0,0.0003201861438346936,2.3552209149128417e-05
0.000359815078713793,1.5641166533399116e-05,0.00032055997573028833,0.0,0.00032055997573028833,2.3613936450105566e-05
0.0003602695915396728,1.566100817122657e-05,0.0003209327627433088,0.0,0.0003209327627433088,2.3675820625137484e-05
0.0003607241043655508,1.5681767725791845e-05,0.0003213044748792799,0.0,0.0003213044748792799,2.3737861760479043e-05
0.0003611786171914328,1.570346883594694e-05,0.0003216750885503271,0.0,0.0003216750885503271,2.380005980515876e-05
0.00036163313001732344,1.5726127596901925e-05,0.0003220445878438626,0.0,0.0003220445878438626,2.386241457655894e-05
0.0003620876428432275,1.5749750581284447e-05,0.000322412966489533,0.0,0.000322412966489533,2.3924925772410056e-05
0.0003625421556691539,1.5774335508963776e-05,0.00032278022718596573,0.0,0.00032278022718596573,2.39875929742243e-05
0.0003629966684950831,1.5799870020245665e-05,0.0003231463828099683,0.0,0.0003231463828099683,2.405041566486904e-05
0.00036345118132101684,1.5826331384528824e-05,0.00032351145669159986,0.0,0.00032351145669159986,2.4113393244888127e-05
0.00036390569414694964,1.5853686846152726e-05,0.0003238754822514727,0.0,0.0003238754822514727,2.4176525049324226e-05
0.00036436020697288207,1.5881894468062683e-05,0.0003242385021395832,0.0,0.0003242385021395832,2.42398103652363e-05
0.0003648147197988332,1.5910904437635054e-05,0.00032460056691201465,0.0,0.00032460056691201465,2.4303248449183462e-05
0.0003652692326247903,1.594066075958912e-05,0.0003249617333212894,0.0,0.00032496173332128946,2.436683854391176e-05
0.00036572374545074896,1.597110321390511e-05,0.00032532206234322787,0.0,0.00032532206234322787,2.4430579893615936e-05
0.0003661782582767096,1.6002169432517695e-05,0.00032568161708693036,0.0,0.00032568161708693036,2.44944717572615e-05
0.0003666327711026922,1.6033796942278646e-05,0.00032604046074084797,0.0,0.00032604046074084797,2.4558513419565652e-05
0.00036708728392865586,1.606592503499265e-05,0.00032639865469420866,0.0,0.00032639865469420866,2.462270419945456e-05
0.0003675417967546397,1.6098496352032084e-05,0.00032675625694664917,0.0,0.00032675625694664917,2.4687043455958435e-05
0.00036799630958062626,1.6131458114457537e-05,0.0003271133208745234,0.0,0.0003271133208745234,2.4751530591645267e-05
0.0003684508224066137,1.6164762968478343e-05,0.00032746989438430635,0.0,0.00032746989438430635,2.481616505382905e-05
0.00036890533523258235,1.6198369456867738e-05,0.0003278260194418629,0.0,0.0003278260194418629,2.4880946333851683e-05
0.000369359848058572,1.6232242154038723e-05,0.0003281817319397297,0.0,0.0003281817319397297,2.494587396480361e-05
0.00036981436088456224,1.6266351521489847e-05,0.0003285370618450105,0.0,0.0003285370618450105,2.5010947518061905e-05
0.0003702688737105541,1.630067354889076e-05,0.000328892033562652,0.0,0.000328892033562652,2.5076166599011356e-05
0.0003707233865365484,1.633518924430504e-05,0.0003292466664499589,0.0,0.0003292466664499589,2.5141530842284476e-05
0.0003711778993625428,1.6369884031051127e-05,0.00032960097542465727,0.0,0.00032960097542465727,2.5207039906834454e-05
0.00037163241218853634,1.6404747096066524e-05,0.0003299549716213627,0.0,0.0003299549716213627,2.5272693471107152e-05
0.00037208692501451614,1.6439770729942873e-05,0.0003303086630560794,0.0,0.0003303086630560794,2.5338491228493836e-05
0.00037254143784050186,1.647494968015106e-05,0.0003306620552770691,0.0,0.0003306620552770691,2.5404432883281642e-05
0.00037299595066649533,1.651028053862911e-05,0.0003310151519806707,0.0,0.0003310151519806707,2.5470518147195507e-05
0.0003734504634924918,1.6545761174048896e-05,0.000331367955581809,0.0,0.000331367955581809,2.553674673663389e-05
0.0003739049763184892,1.6581390215311495e-05,0.00033172046773251535,0.0,0.00033172046773251535,2.5603118370662283e-05
0.0003743594891444853,1.661716659180318e-05,0.0003320726897829021,0.0,0.0003320726897829021,2.566963276978005e-05
0.000374814001970496,1.6653089131385342e-05,0.00033242462318363024,0.0,0.0003324246231836303,2.5736289655480325e-05
0.00037526851479650853,1.6689156217280528e-05,0.00033277626982864815,0.0,0.00033277626982864815,2.580308875057986e-05
0.00037572302762252336,1.672536550584708e-05,0.00033312763233639826,0.0,0.00033312763233639826,2.5870029780277973e-05
0.0003761775404484984,1.6761713705557596e-05,0.00033347871426906366,0.0,0.0003334787142690637,2.5937112473877128e-05
0.00037663205327451296,1.6798196414757235e-05,0.000333829520292635,0.0,0.000333829520292635,2.6004336567120725e-05
0.00037708656610050366,1.6834808020280265e-05,0.00033418005627518503,0.0,0.00033418005627518503,2.6071701805038374e-05
0.0003775410789264874,1.6871541652135875e-05,0.00033453032932912694,0.0,0.00033453032932912694,2.6139207945224575e-05
0.0003779955917524836,1.6908389193808476e-05,0.0003348803477972361,0.0,0.0003348803477972361,2.6206854761439017e-05
0.00037845010457847013,1.694534134229964e-05,0.0003352301211887425,0.0,0.0003352301211887426,2.6274642047428037e-05
0.0003789046174044837,1.6982387713777144e-05,0.0003355796600698393,0.0,0.0003355796600698393,2.6342569620867225e-05
0.0003793591302304668,1.7019516986810608e-05,0.0003359289759163243,0.0,0.0003359289759163243,2.641063732733183e-05
0.0003798136430564684,1.7056717078063277e-05,0.00033627808093422717,0.0,0.00033627808093422717,2.647884504417793e-05
0.00038026815588248407,1.709397534108433e-05,0.0003366269878571315,0.0,0.0003366269878571315,2.654719268426814e-05
0.00038072266870850394,1.7131278780212933e-05,0.00033697570972883597,0.0,0.00033697570972883597,2.661568019945504e-05
0.00038117718153448564,1.7168614270302866e-05,0.00033732425968040073,0.0,0.00033732425968040073,2.6684307583782013e-05
0.0003816316943604667,1.720596877781577e-05,0.0003376726507063472,0.0,0.0003376726507063472,2.6753074876303697e-05
0.00038208620718646694,1.724332957367416e-05,0.0003380208954492617,0.0,0.0003380208954492617,2.6821982163531073e-05
0.0003825407200124684,1.7280684431342663e-05,0.0003383690059996566,0.0,0.0003383690059996566,2.689102958146921e-05
0.0003829952328384671,1.73180218090515e-05,0.00033871699371220353,0.0,0.00033871699371220353,2.6960217317212046e-05
0.00038344974566446676,1.7355331009497297e-05,0.00033906486904484675,0.0,0.0003390648690448468,2.7029545610122588e-05
0.00038390425849042965,1.739260231704468e-05,0.00033941264142080296,0.0,0.00033941264142080296,2.7099014752581975e-05
0.0003843587713164296,1.742982711068536e-05,0.00033976031911540737,0.0,0.00033976031911540737,2.716862509033683e-05
0.00038481328414242824,1.74669979529811e-05,0.00034010790916697405,0.0,0.00034010790916697405,2.7238377022473116e-05
0.0003852677969684295,1.7504108656871326e-05,0.0003404554173105374,0.0,0.0003404554173105374,2.7308271001020757e-05
0.00038572230979443014,1.7541154332698924e-05,0.0003408028479315069,0.0,0.0003408028479315069,2.7378307530224428e-05
0.00038617682262043174,1.7578131415566468e-05,0.00034115020403933726,0.0,0.00034115020403933726,2.74484871655281e-05
0.0003866313354464175,1.7615037678356972e-05,0.00034149748725578397,0.0,0.00034149748725578397,2.751881051227658e-05
0.0003870858482723834,1.7651872231359006e-05,0.00034184469781685416,0.0,0.0003418446978168542,2.758927822417024e-05
0.00038754036109834726,1.7688635510592634e-05,0.00034219183458623995,0.0,0.00034219183458623995,2.7659891001514713e-05
0.00038799487392435184,1.772532926082814e-05,0.00034253889507427764,0.0,0.00034253889507427764,2.7730649589246106e-05
0.0003884493867503244,1.7761956510872215e-05,0.00034288587546464866,0.0,0.00034288587546464866,2.780155477480361e-05
0.0003889038995763299,1.7798521546282715e-05,0.0003432327706442173,0.0,0.0003432327706442173,2.7872607385829824e-05
0.00038935841240229506,1.783502988037693e-05,0.0003435795742342041,0.0,0.0003435795742342041,2.794380828771406e-05
0.0003898129252282989,1.7871488224504525e-05,0.0003439262786227856,0.0,0.0003439262786227856,2.8015158381008817e-05
0.0003902674380543053,1.7907904460394526e-05,0.0003442728749952136,0.0,0.0003442728749952136,2.8086658598697136e-05
0.0003907219508803129,1.7944287611710313e-05,0.0003446193533652519,0.0,0.0003446193533652519,2.8158309903350686e-05
0.00039117646370629387,1.7980647819980155e-05,0.00034496570260217384,0.0,0.00034496570260217384,2.823011328413983e-05
0.0003916309765323021,1.801699632157181e-05,0.000345311910456996,0.0,0.00034531191045699604,2.8302069753734318e-05
0.00039208548935828536,1.8053345428383903e-05,0.00034565796358484763,0.0,0.00034565796358484763,2.83741803450539e-05
0.00039254000218422083,1.8089708602670548e-05,0.0003460038474746644,0.0,0.00034600384747466434,2.844644610688593e-05
0.0003929945150101071,1.812610027319818e-05,0.00034634954663475306,0.0,0.0003463495466347531,2.8518868102155868e-05
0.0003934490278359859,1.8162535876171856e-05,0.00034669504455602776,0.0,0.00034669504455602776,2.859144740378618e-05
0.00039390354066186594,1.8199031851552516e-05,0.0003470403237195534,0.0,0.0003470403237195534,2.866418509076005e-05
0.00039435805348781453,1.8235605668303116e-05,0.0003473853655756474,0.0,0.00034738536557564747,2.873708224386397e-05
0.0003948125663137075,1.827227579878985e-05,0.00034773015057321425,0.0,0.00034773015057321425,2.881013994170335e-05
0.00039526707913962767,1.8309061706407484e-05,0.00034807465817677087,0.0,0.00034807465817677087,2.8883359256449206e-05
0.00039572159196558574,1.8345983834547153e-05,0.00034841886688163367,0.0,0.00034841886688163367,2.895674124940496e-05
0.00039617610479152884,1.838306359133638e-05,0.00034876275423376064,0.0,0.00034876275423376064,2.9030286966431813e-05
0.00039663061761749407,1.8420323331427387e-05,0.00034910629685285487,0.0,0.00034910629685285487,2.9103997433211866e-05
0.00039708513044346076,1.8457786333241206e-05,0.00034944947045985027,0.0,0.00034944947045985027,2.9177873650369285e-05
0.0003975396432694034,1.8495476767617212e-05,0.0003497922499133106,0.0,0.00034979224991331067,2.9251916588475555e-05
0.00039799415609537186,1.853341965904444e-05,0.0003501346092533891,0.0,0.0003501346092533891,2.9326127182938345e-05
0.00039844866892129626,1.857164083645152e-05,0.00035047652175603715,0.0,0.00035047652175603715,2.940050632880761e-05
0.00039890318174727146,1.861016687191041e-05,0.00035081795999983225,0.0,0.00035081795999983225,2.9475054875528765e-05
0.00039935769457324655,1.8649025005136258e-05,0.0003511588959464346,0.0,0.0003511588959464346,2.9549773621675714e-05
0.00039981220739921286,1.868824305268353e-05,0.00035149930103682385,0.0,0.00035149930103682385,2.962466330970546e-05
0.00040026672022517516,1.8727849298066298e-05,0.00035183914630630334,0.0,0.00035183914630630334,2.9699724620805574e-05
0.0004007212330511363,1.876787236361247e-05,0.0003521784025176679,0.0,0.00035217840251766793,2.9774958169855914e-05
0.000401175745877115,1.8808341059588134e-05,0.0003525170403169161,0.0,0.0003525170403169161,2.985036450061074e-05
0.00040163025870309935,1.8849284211230822e-05,0.0003528550304107215,0.0,0.0003528550304107215,2.9925944081147008e-05
0.0004020847715290824,1.8890730463077172e-05,0.00035319234376634563,0.0,0.00035319234376634563,3.0001697299659616e-05
0.0004025392843550702,1.8932708058271118e-05,0.00035352895183609506,0.0,0.00035352895183609506,3.0077624460704067e-05
0.0004029937971810676,1.8975244594454676e-05,0.00035386482680464825,0.0,0.0003538648268046483,3.0153725781964578e-05
0.00040344831000707236,1.9018366758441854e-05,0.00035419994185700507,0.0,0.00035419994185700507,3.0230001391625503e-05
0.0004039028228330786,1.9062100039595905e-05,0.00035453427146701986,0.0,0.00035453427146701986,3.03064513264628e-05
0.0004043573356590967,1.910646842763284e-05,0.0003548677917007485,0.0,0.00035486779170074855,3.0383075530715295e-05
0.00040481184848509814,1.9151494097596903e-05,0.000355200480531668,0.0,0.000355200480531668,3.045987385583314e-05
0.000405266361311101,1.919719709041277e-05,0.0003555323181595334,0.0,0.0003555323181595334,3.053684606115484e-05
0.00040572087413711787,1.9243594992721462e-05,0.00035586328732879676,0.0,0.00035586328732879676,3.06139918155997e-05
0.00040617538696312554,1.9290702629403383e-05,0.00035619337363335433,0.0,0.00035619337363335433,3.069131070036787e-05
0.00040662989978913566,1.9338531772404394e-05,0.0003565225658040023,0.0,0.0003565225658040023,3.076880221272899e-05
0.00040708441261516544,1.938709088126473e-05,0.00035685085596305795,0.0,0.00035685085596305795,3.084646577084278e-05
0.0004075389254411931,1.9436384883235693e-05,0.00035717823983834996,0.0,0.00035717823983835,3.0924300719607416e-05
0.0004079934382672222,1.9486415003406368e-05,0.00035750471692633386,0.0,0.00035750471692633386,3.1002306337481944e-05
0.000408447951093255,1.9537178655291366e-05,0.00035783029059376504,0.0,0.0003578302905937651,3.108048184419854e-05
0.00040890246391926243,1.9588669399117594e-05,0.0003581549681108894,0.0,0.0003581549681108894,3.115882640925541e-05
0.0004093569767452661,1.9640876976341432e-05,0.00035847876060787103,0.0,0.00035847876060787103,3.123733916105362e-05
0.0004098114895712728,1.9693787420875525e-05,0.00035880168295385467,0.0,0.0003588016829538547,3.131601919654249e-05
0.000410266002397283,1.9747383251101854e-05,0.0003591237535549946,0.0,0.00035912375355499465,3.1394865591186474e-05
0.0004107205152232899,1.9801643739704228e-05,0.0003594449940745013,0.0,0.0003594449940745013,3.1473877409084354e-05
0.00041117502804930323,1.9856545257167692e-05,0.00035976542907909713,0.0,0.00035976542907909713,3.155305371303845e-05
0.0004116295408753145,1.9912061677827252e-05,0.0003600850856230699,0.0,0.0003600850856230699,3.163239357441729e-05
0.00041208405370132795,1.9968164841568237e-05,0.0003604039927771592,0.0,0.0003604039927771592,3.171189608260048e-05
0.0004125385665273441,2.0024825058354255e-05,0.0003607221811151554,0.0,0.0003607221811151554,3.1791560353834474e-05
0.00041299307935336227,2.0082011638909988e-05,0.0003610396821750833,0.0,0.0003610396821750833,3.187138553936891e-05
0.00041344759217938176,2.0139693440153285e-05,0.0003613565279065131,0.0,0.0003613565279065131,3.195137083271534e-05
0.00041390210500540293,2.0197839409547967e-05,0.0003616727501199276,0.0,0.0003616727501199276,3.20315154759274e-05
0.0004143566178314288,2.0256419116666097e-05,0.00036198837994996054,0.0,0.00036198837994996054,3.2111818764802124e-05
0.00041481113065745904,2.0315403260499244e-05,0.00036230344734403136,0.0,0.00036230344734403136,3.2192280052928445e-05
0.0004152656434834944,2.0374764143153727e-05,0.0003626179805858012,0.0,0.0003626179805858012,3.2272898754539526e-05
0.00041572015630948875,2.043447610142874e-05,0.0003629320058618946,0.0,0.0003629320058618946,3.235367434616538e-05
0.00041617466913548406,2.0494515894074344e-05,0.00036324554687436903,0.0,0.00036324554687436903,3.2434606367040734e-05
0.00041662918196148306,2.0554863042666314e-05,0.000363558624500542,0.0,0.000363558624500542,3.2515694418274784e-05
0.0004170836947874865,2.0615500121740914e-05,0.0003638712565048998,0.0,0.0003638712565048998,3.259693816084577e-05
0.00041753820761349173,2.0676413003875846e-05,0.0003641834572972224,0.0,0.0003641834572972224,3.267833731239355e-05
0.0004179927204394928,2.073759105879469e-05,0.0003644952377378222,0.0,0.0003644952377378222,3.2759891642875896e-05
0.0004184472332655033,2.0799027311475207e-05,0.00036480660498491814,0.0,0.00036480660498491814,3.284160096910995e-05
0.000418901746091513,2.0860718557709414e-05,0.00036511756238552707,0.0,0.00036511756238552707,3.29234651482765e-05
0.00041935625891751716,2.092266544318132e-05,0.0003654281094039385,0.0,0.0003654281094039385,3.300548407039727e-05
0.0004198107717435381,2.0984872502810697e-05,0.00036573824159083826,0.0,0.00036573824159083826,3.308765764988912e-05
0.0004202652845695469,2.104734816329597e-05,0.0003660479505900415,0.0,0.0003660479505900415,3.31699858162094e-05
0.00042071979739554413,2.1110104700498857e-05,0.0003663572241913102,0.0,0.0003663572241913102,3.325246850373508e-05
0.00042117431022154844,2.1173158150700542e-05,0.0003666660464299154,0.0,0.0003666660464299154,3.3335105640932524e-05
0.0004216288230475556,2.123652816481134e-05,0.00036697439774378447,0.0,0.00036697439774378447,3.341789713895977e-05
0.0004220833358735895,2.130023779609746e-05,0.00036728225519764836,0.0,0.00036728225519764836,3.350084287984365e-05
0.0004225378486995823,2.1364313207672875e-05,0.0003675895927874888,0.0,0.0003675895927874888,3.358394270442064e-05
0.000422992361525545,2.1428783286154137e-05,0.00036789638183913414,0.0,0.0003678963818391342,3.366719640025662e-05
0.000423446874351506,2.1493679143922803e-05,0.00036820259151776433,0.0,0.00036820259151776433,3.375060368981882e-05
0.0004239013871774789,2.1559033496770744e-05,0.0003685081894615236,0.0,0.0003685081894615236,3.383416421918459e-05
0.00042435590000344293,2.162487990318629e-05,0.0003688131425526194,0.0,0.0003688131425526194,3.391787754763717e-05
