Exud_tot,Exud_liq,Exud_ads,Exud_ads_soil,Exud_ads_roots,Exud_decay
0.0,0.0,0.0,0.0,0.0,0.0
0.0,0.0,0.0,0.0,0.0,0.0
0.0,0.0,0.0,0.0,0.0,0.0
0.0,0.0,0.0,0.0,0.0,0.0
0.0,0.0,0.0,0.0,0.0,0.0
0.0,0.0,0.0,0.0,0.0,0.0
0.0,0.0,0.0,0.0,0.0,0.0
0.0,0.0,0.0,0.0,0.0,0.0
0.0,0.0,0.0,0.0,0.0,0.0
0.0,0.0,0.0,0.0,0.0,0.0
0.0,0.0,0.0,0.0,0.0,0.0
0.0,0.0,0.0,0.0,0.0,0.0
0.0,0.0,0.0,0.0,0.0,0.0
0.0,0.0,0.0,0.0,0.0,0.0
0.0,0.0,0.0,0.0,0.0,0.0
0.0,0.0,0.0,0.0,0.0,0.0
0.0,0.0,0.0,0.0,0.0,0.0
0.0,0.0,0.0,0.0,0.0,0.0
0.0,0.0,0.0,0.0,0.0,0.0
0.0,0.0,0.0,0.0,0.0,0.0
0.0,0.0,0.0,0.0,0.0,0.0
0.0,0.0,0.0,0.0,0.0,0.0
0.0,0.0,0.0,0.0,0.0,0.0
0.0,0.0,0.0,0.0,0.0,0.0
0.0,0.0,0.0,0.0,0.0,0.0
0.0,0.0,0.0,0.0,0.0,0.0
0.0,0.0,0.0,0.0,0.0,0.0
0.0,0.0,0.0,0.0,0.0,0.0
0.0,0.0,0.0,0.0,0.0,0.0
0.0,0.0,0.0,0.0,0.0,0.0
0.0,0.0,0.0,0.0,0.0,0.0
0.0,0.0,0.0,0.0,0.0,0.0
0.0,0.0,0.0,0.0,0.0,0.0
0.0,0.0,0.0,0.0,0.0,0.0
0.0,0.0,0.0,0.0,0.0,0.0
0.0,0.0,0.0,0.0,0.0,0.0
0.0,0.0,0.0,0.0,0.0,0.0
4.545128260401769e-08,9.506474984855444e-10,4.445909180420901e-08,0.0,4.445909180420901e-08,4.1543301323143217e-11
9.216510083592491e-08,9.777502661716926e-10,9.11022051151479e-08,0.0,9.110220511514792e-08,8.514545460532665e-11
1.4014145469572186e-07,1.004900582013655e-09,1.390065992728661e-07,0.0,1.390065992728661e-07,1.2995484084214126e-10
1.8938034418340875e-07,1.0320823768748683e-09,1.881722891850782e-07,0.0,1.881722891850782e-07,1.759726214556948e-10
2.3988176929898586e-07,1.059295803788565e-09,2.38599273541437e-07,0.0,2.38599273541437e-07,2.2319995376017896e-10
2.9164573004245225e-07,1.086541017946044e-09,2.902875510185987e-07,0.0,2.902875510185987e-07,2.7163800590751046e-10
3.44672226413809e-07,1.1138181772160481e-09,3.4323712027970254e-07,0.0,3.4323712027970254e-07,3.2128795689043586e-10
3.9896125841305565e-07,1.1411274423131741e-09,3.9744797997420137e-07,0.0,3.974479799742014e-07,3.7215099654109423e-10
4.545128260401918e-07,1.1684689769184886e-09,4.5292012873774775e-07,0.0,4.5292012873774775e-07,4.242283255256829e-10
5.11326929295218e-07,1.1958429477560333e-09,5.09653565192126e-07,0.0,5.096535651921261e-07,4.77521155335999e-10
5.69403568178134e-07,1.223249524631144e-09,5.676482879452244e-07,0.0,5.676482879452244e-07,5.320307082784978e-10
6.287427426889403e-07,1.2506888799276779e-09,6.269042955907387e-07,0.0,6.269042955907387e-07,5.877582182740439e-10
6.89344452827637e-07,1.2781611850482375e-09,6.874215867055034e-07,0.0,6.874215867055034e-07,6.447049370853121e-10
7.512086985942227e-07,1.3056666238459534e-09,7.492001598511023e-07,0.0,7.492001598511024e-07,7.028721192746257e-10
8.143354799886981e-07,1.3332053782683117e-09,8.122400135802749e-07,0.0,8.12240013580275e-07,7.622610301550257e-10
8.787247970110645e-07,1.3607776331539546e-09,8.765411464321417e-07,0.0,8.765411464321418e-07,8.228729457689136e-10
9.443766496613202e-07,1.388383576148606e-09,9.421035569323009e-07,0.0,9.42103556932301e-07,8.847091528708493e-10
1.0112910379394658e-06,1.416023397613306e-09,1.0089272435929424e-06,0.0,1.0089272435929426e-06,9.477709489102686e-10
1.0794679618455008e-06,1.4436972905271792e-09,1.0770122049129595e-06,0.0,1.0770122049129595e-06,1.0120596420142602e-09
1.1489074213794263e-06,1.4714054503867748e-09,1.1463584393780692e-06,0.0,1.1463584393780692e-06,1.0775765509705704e-09
1.2196094165412399e-06,1.4991480751035148e-09,1.2169659454609259e-06,0.0,1.2169659454609259e-06,1.1443230052109094e-09
1.2915739473309465e-06,1.5269253649007461e-09,1.288834721621251e-06,0.0,1.288834721621251e-06,1.2123003447946994e-09
1.3648010137485419e-06,1.5547375222114042e-09,1.361964766305937e-06,0.0,1.361964766305937e-06,1.2815099203933044e-09
1.4392906157940253e-06,1.582584751577333e-09,1.4363560779491728e-06,0.0,1.436356077949173e-06,1.3519530932748333e-09
1.5150427534674005e-06,1.6104672595508762e-09,1.5120086549725602e-06,0.0,1.5120086549725604e-06,1.4236312352895655e-09
1.5920574267686624e-06,1.6383852545994157e-09,1.588922495785207e-06,0.0,1.5889224957852073e-06,1.4965457288560286e-09
1.6703346356978142e-06,1.6663389470133084e-09,1.6670975987838533e-06,0.0,1.6670975987838535e-06,1.5706979669477989e-09
1.7498743802548565e-06,1.6943285488172598e-09,1.7465339623529587e-06,0.0,1.746533962352959e-06,1.6460893530810142e-09
1.8306766604397938e-06,1.7223542736860702e-09,1.8272315848648048e-06,0.0,1.8272315848648048e-06,1.722721301302652e-09
1.9127414762526174e-06,1.7504163368642235e-09,1.909190464679574e-06,0.0,1.909190464679574e-06,1.800595236179563e-09
1.9960688276933307e-06,1.7785149550896702e-09,1.992410600145452e-06,0.0,1.992410600145452e-06,1.879712592788321e-09
2.0806587147619334e-06,1.806650346521922e-09,2.0768919895987045e-06,0.0,2.0768919895987045e-06,1.9600748167058456e-09
2.1665111374584278e-06,1.8348227306743125e-09,2.162634631363753e-06,0.0,2.162634631363753e-06,2.0416833640008352e-09
2.25362609578281e-06,1.8630323283504875e-09,2.2496385237532335e-06,0.0,2.2496385237532335e-06,2.1245397012259943e-09
2.342003589735078e-06,1.891279361584943e-09,2.3379036650680825e-06,0.0,2.3379036650680825e-06,2.2086453054110913e-09
2.4316436193152408e-06,1.919564053587607e-09,2.427430053597596e-06,0.0,2.427430053597596e-06,2.2940016640568094e-09
2.5225461845232917e-06,1.9481835247219996e-09,2.5182173899777633e-06,0.0,2.5182173899777633e-06,2.380611020806625e-09
2.6134487497313434e-06,1.9499572293584276e-09,2.609031469381344e-06,0.0,2.609031469381344e-06,2.467323120640275e-09
2.7043513149393944e-06,1.9517337733763787e-09,2.69984546812043e-06,0.0,2.69984546812043e-06,2.5541130455878353e-09
2.795253880147446e-06,1.953512722677128e-09,2.7906593865301677e-06,0.0,2.7906593865301677e-06,2.6409808946015116e-09
2.8861564453554975e-06,1.955294071494479e-09,2.8814732245175843e-06,0.0,2.8814732245175847e-06,2.727926766419226e-09
2.9770590105635492e-06,1.9570778150642743e-09,2.9722869819885226e-06,0.0,2.972286981988523e-06,2.814950759963184e-09
3.0679615757716006e-06,1.9588639495348635e-09,3.063100658847725e-06,0.0,3.0631006588477254e-06,2.902052974340531e-09
3.158864140979653e-06,1.960652471879096e-09,3.15391425499893e-06,0.0,3.1539142549989303e-06,2.989233508844002e-09
3.2497667061877054e-06,1.9624433798148876e-09,3.244727770344937e-06,0.0,3.2447277703449374e-06,3.076492462952549e-09
3.3406692713957576e-06,1.9642366717334638e-09,3.335541204787692e-06,0.0,3.3355412047876924e-06,3.1638299363319503e-09
3.431571836603809e-06,1.9660323466346455e-09,3.4263545582283385e-06,0.0,3.426354558228339e-06,3.2512460288354122e-09
3.52247440181186e-06,1.9678304040684274e-09,3.517167830567288e-06,0.0,3.5171678305672884e-06,3.33874084050416e-09
3.6133769670199125e-06,1.969630844082354e-09,3.6079810217042627e-06,0.0,3.607981021704263e-06,3.426314471568007e-09
3.7042795322279655e-06,1.9714336671739454e-09,3.6987941315383454e-06,0.0,3.698794131538346e-06,3.5139670224459313e-09
3.7951820974360173e-06,1.973238874247859e-09,3.789607159968023e-06,0.0,3.7896071599680235e-06,3.60169859374663e-09
3.886084662644069e-06,1.975046466577226e-09,3.880420106891222e-06,0.0,3.880420106891222e-06,3.6895092862690667e-09
3.976987227852122e-06,1.976856445768782e-09,3.9712329722053495e-06,0.0,3.9712329722053495e-06,3.777399201003027e-09
4.0678897930601726e-06,1.978668813731313e-09,4.062045755807312e-06,0.0,4.062045755807312e-06,3.865368439129659e-09
4.158792358268224e-06,1.9804835726463565e-09,4.152858457593556e-06,0.0,4.152858457593557e-06,3.953417102021997e-09
4.249694923476278e-06,1.9823007249454287e-09,4.243671077460086e-06,0.0,4.243671077460086e-06,4.041545291245503e-09
4.340597488684329e-06,1.9841202732848733e-09,4.334483615302484e-06,0.0,4.334483615302484e-06,4.1297531085585966e-09
4.431500053892382e-06,1.985942220524931e-09,4.425296071015943e-06,0.0,4.425296071015943e-06,4.218040655913168e-09
4.522402619100429e-06,1.9877665697111633e-09,4.516108444495263e-06,0.0,4.516108444495263e-06,4.306408035455117e-09
4.6133051843084815e-06,1.9895933240576855e-09,4.606920735634897e-06,0.0,4.606920735634897e-06,4.394855349524865e-09
4.704207749516528e-06,1.991422486931822e-09,4.6977329443289385e-06,0.0,4.6977329443289385e-06,4.483382700657873e-09
4.795110314724581e-06,1.9932540618403894e-09,4.788545070471155e-06,0.0,4.788545070471155e-06,4.571990191585169e-09
4.886012879932634e-06,1.9950880524172478e-09,4.879357113954984e-06,0.0,4.879357113954984e-06,4.660677925233852e-09
4.976915445140689e-06,1.9969244627986533e-09,4.970169074673163e-06,0.0,4.970169074673163e-06,4.749446004727198e-09
5.0678180103487395e-06,1.998763296106652e-09,5.060980952519246e-06,0.0,5.060980952519246e-06,4.838294533386496e-09
5.158720575556792e-06,2.0006045565496344e-09,5.151792747385512e-06,0.0,5.151792747385512e-06,4.927223614729837e-09
5.249623140764845e-06,2.002448248261464e-09,5.242604459164109e-06,0.0,5.242604459164109e-06,5.016233352473635e-09
5.340525705972899e-06,2.0042943753633458e-09,5.333416087747002e-06,0.0,5.333416087747002e-06,5.105323850533053e-09
5.431428271180949e-06,2.006142942050845e-09,5.424227633025875e-06,0.0,5.424227633025874e-06,5.194495213022437e-09
5.522330836389001e-06,2.0079939525878207e-09,5.515039094892156e-06,0.0,5.515039094892156e-06,5.283747544255823e-09
5.613233401597053e-06,2.009847411301007e-09,5.605850473237005e-06,0.0,5.605850473237005e-06,5.3730809487474654e-09
5.704135966805098e-06,2.0117033464178466e-09,5.6966617679275e-06,0.0,5.6966617679275e-06,5.462495531180545e-09
5.840489814617167e-06,2.9270034403508776e-09,5.831971392189421e-06,0.0,5.831971392189421e-06,5.591418987394799e-09
5.978106198057126e-06,2.957482989847562e-09,5.9694262506644145e-06,0.0,5.969426250664415e-06,5.722464402863503e-09
6.116985117124973e-06,2.9879483592789545e-09,6.108142274440407e-06,0.0,6.108142274440408e-06,5.8548943252881425e-09
6.25712657182071e-06,3.018394046232577e-09,6.248119471747759e-06,0.0,6.24811947174776e-06,5.9887060267175314e-09
6.398530562144337e-06,3.04882447721809e-09,6.389357840618976e-06,0.0,6.389357840618977e-06,6.123897048142817e-09
6.541197088095855e-06,3.0792437718040977e-09,6.531857379137554e-06,0.0,6.531857379137554e-06,6.260465186495533e-09
6.6851261496752585e-06,3.1096557762165073e-09,6.6756180854228324e-06,0.0,6.675618085422833e-06,6.3984084762093426e-09
6.830317746882556e-06,3.1400640925500517e-09,6.820639957617283e-06,0.0,6.820639957617283e-06,6.537725172722521e-09
6.97677187971774e-06,3.170472104345093e-09,6.966922993875715e-06,0.0,6.966922993875715e-06,6.6784137376800785e-09
7.124488548180817e-06,3.200882999038123e-09,7.114467192356149e-06,0.0,7.11446719235615e-06,6.820472825629208e-09
7.273467752271783e-06,3.231299787738384e-09,7.263272551212014e-06,0.0,7.2632725512120145e-06,6.963901272030479e-09
7.4237094919906385e-06,3.2617253195744283e-09,7.4133390685839145e-06,0.0,7.413339068583916e-06,7.108698087148253e-09
7.575213767337381e-06,3.2921622965979454e-09,7.564666742589701e-06,0.0,7.564666742589702e-06,7.254862451083293e-09
7.727980578312014e-06,3.3226133084734473e-09,7.717255571324487e-06,0.0,7.717255571324487e-06,7.402393679053663e-09
7.882009924914535e-06,3.3530808168684535e-09,7.87110555286789e-06,0.0,7.87110555286789e-06,7.55129122977524e-09
8.037301807144946e-06,3.3835671769061964e-09,8.026216685269937e-06,0.0,8.026216685269937e-06,7.701554698101024e-09
8.193856225003244e-06,3.4140746469243574e-09,8.182588966547998e-06,0.0,8.182588966548e-06,7.853183808322368e-09
8.351673178489437e-06,3.4446053972214275e-09,8.34022239468416e-06,0.0,8.34022239468416e-06,8.006178408055243e-09
8.510752667603515e-06,3.4751615179180496e-09,8.499116967622944e-06,0.0,8.499116967622944e-06,8.160538462652282e-09
8.671094692345484e-06,3.5057450260373154e-09,8.65927268326936e-06,0.0,8.65927268326936e-06,8.316264050088266e-09
8.832699252715344e-06,3.5363578718950797e-09,8.820689539487176e-06,0.0,8.820689539487176e-06,8.473355356272905e-09
8.995566348713088e-06,3.567001944880282e-09,8.983367534097458e-06,0.0,8.98336753409746e-06,8.631812670749865e-09
9.159695980338724e-06,3.59767907869018e-09,9.14730666487729e-06,0.0,9.147306664877292e-06,8.791636382745767e-09
9.325088147592252e-06,3.628391056087425e-09,9.312506929558628e-06,0.0,9.312506929558628e-06,8.952826977536698e-09
9.491742850473667e-06,3.6591396132263414e-09,9.478968325827336e-06,0.0,9.478968325827336e-06,9.115385033103475e-09
9.659660088982973e-06,3.6899264435960963e-09,9.646690851322325e-06,0.0,9.646690851322325e-06,9.279311217049814e-09
9.828839863120168e-06,3.7207532016211294e-09,9.815674503634786e-06,0.0,9.815674503634786e-06,9.44460628376036e-09
9.999282172885254e-06,3.751621505954702e-09,9.985919280307521e-06,0.0,9.985919280307523e-06,9.611271071777973e-09
1.0170987018278232e-05,3.782532942496834e-09,1.0157425178834353e-05,0.0,1.0157425178834353e-05,9.779306501381476e-09
1.0343954399299096e-05,3.813489067164858e-09,1.0330192196659583e-05,0.0,1.0330192196659583e-05,9.94871357234745e-09
1.0518184315947845e-05,3.844491408440722e-09,1.0504220331177524e-05,0.0,1.0504220331177524e-05,1.0119493361880776e-08
1.0693676768224487e-05,3.875541469717405e-09,1.0679509579732066e-05,0.0,1.0679509579732068e-05,1.029164702270044e-08
1.0870431756129017e-05,3.906640731463631e-09,1.0856059939616287e-05,0.0,1.0856059939616287e-05,1.0465175781268273e-08
1.104844927966144e-05,3.9377906532244415e-09,1.1033871408072066e-05,0.0,1.1033871408072066e-05,1.0640080936149564e-08
1.1227729338821755e-05,3.968992675473041e-09,1.1212943982289784e-05,0.0,1.1212943982289787e-05,1.0816363856495373e-08
1.1408271933609956e-05,4.000248221327349e-09,1.1393277659407992e-05,0.0,1.1393277659407992e-05,1.099402598063747e-08
1.159007706402605e-05,4.031967235872413e-09,1.1574872022767036e-05,0.0,1.1574872022767036e-05,1.1173074023140296e-08
1.1771882194442131e-05,4.035694902056498e-09,1.1756494187410717e-05,0.0,1.1756494187410719e-05,1.1352312129356845e-08
1.1953687324858223e-05,4.039427858867469e-09,1.193811618362416e-05,0.0,1.193811618362416e-05,1.1531713375195793e-08
1.2135492455274304e-05,4.04316576448535e-09,1.21197380115374e-05,0.0,1.21197380115374e-05,1.1711277972421809e-08
1.23172975856904e-05,4.0469086286790305e-09,1.2301359670928858e-05,0.0,1.230135967092886e-05,1.1891006132862488e-08
1.2499102716106491e-05,4.050656461235677e-09,1.2482981161576502e-05,0.0,1.2482981161576505e-05,1.2070898068754359e-08
1.2680907846522581e-05,4.054409271967849e-09,1.266460248325787e-05,0.0,1.266460248325787e-05,1.2250953992743939e-08
1.2862712976938673e-05,4.058167070714283e-09,1.2846223635750067e-05,0.0,1.2846223635750067e-05,1.2431174117888735e-08
1.3044518107354758e-05,4.061929867340244e-09,1.3027844618829758e-05,0.0,1.3027844618829758e-05,1.2611558657658356e-08
1.3226323237770848e-05,4.06569767173766e-09,1.3209465432273175e-05,0.0,1.3209465432273175e-05,1.2792107825935521e-08
1.3408128368186938e-05,4.069470493825167e-09,1.33910860758561e-05,0.0,1.33910860758561e-05,1.2972821837017159e-08
1.3589933498603031e-05,4.073248343548187e-09,1.3572706549353866e-05,0.0,1.3572706549353866e-05,1.3153700905615442e-08
1.3771738629019121e-05,4.077031230878798e-09,1.3754326852541383e-05,0.0,1.3754326852541383e-05,1.3334745246858867e-08
1.3953543759435206e-05,4.080819165815936e-09,1.3935946985193098e-05,0.0,1.3935946985193098e-05,1.3515955076293325e-08
1.4135348889851296e-05,4.084612158385363e-09,1.4117566947083028e-05,0.0,1.4117566947083028e-05,1.3697330609883157e-08
1.4317154020267384e-05,4.088410218639683e-09,1.4299186737984733e-05,0.0,1.4299186737984733e-05,1.3878872064012272e-08
1.449895915068348e-05,4.09221335665847e-09,1.4480806357671336e-05,0.0,1.4480806357671336e-05,1.406057965548519e-08
1.4680764281099567e-05,4.096021582548263e-09,1.4662425805915493e-05,0.0,1.4662425805915493e-05,1.4242453601528135e-08
1.4862569411515657e-05,4.099834906442619e-09,1.4844045082489424e-05,0.0,1.4844045082489427e-05,1.4424494119790135e-08
1.5044374541931747e-05,4.103653338502154e-09,1.5025664187164902e-05,0.0,1.5025664187164902e-05,1.4606701428344102e-08
1.5226179672347829e-05,4.107476888914663e-09,1.5207283119713228e-05,0.0,1.5207283119713228e-05,1.4789075745687922e-08
1.5407984802763924e-05,4.111305567895119e-09,1.538890187990528e-05,0.0,1.538890187990528e-05,1.4971617290745565e-08
1.5589789933180014e-05,4.115139385685769e-09,1.5570520467511464e-05,0.0,1.5570520467511464e-05,1.5154326282868184e-08
1.5771595063596104e-05,4.118978352556189e-09,1.5752138882301714e-05,0.0,1.5752138882301714e-05,1.533720294183521e-08
1.5953400194012197e-05,4.122822478803386e-09,1.5933757124045545e-05,0.0,1.5933757124045545e-05,1.5520247487855474e-08
1.6135205324428284e-05,4.1266717747518255e-09,1.6115375192511964e-05,0.0,1.6115375192511964e-05,1.570346014156831e-08
1.6317010454844377e-05,4.130526250753508e-09,1.629699308746958e-05,0.0,1.629699308746958e-05,1.5886841124044684e-08
1.649881558526047e-05,4.134385917188075e-09,1.6478610808686494e-05,0.0,1.6478610808686494e-05,1.607039065678829e-08
1.668062071567656e-05,4.1382507844629095e-09,1.666022835593036e-05,0.0,1.666022835593036e-05,1.6254108961736696e-08
1.686242584609265e-05,4.1421208630131264e-09,1.6841845728968377e-05,0.0,1.684184572896838e-05,1.6437996261262465e-08
1.704423097650874e-05,4.145996163301755e-09,1.702346292756726e-05,0.0,1.7023462927567264e-05,1.662205277817426e-08
1.7226036106924824e-05,4.149876695819745e-09,1.7205079951493287e-05,0.0,1.7205079951493287e-05,1.6806278735718022e-08
1.740784123734092e-05,4.153762471086132e-09,1.7386696800512254e-05,0.0,1.7386696800512254e-05,1.6990674357578087e-08
1.758964636775701e-05,4.15765349964803e-09,1.7568313474389484e-05,0.0,1.7568313474389484e-05,1.7175239867878316e-08
1.77714514981731e-05,4.161549792080776e-09,1.7749929972889836e-05,0.0,1.7749929972889836e-05,1.7359975491183242e-08
1.795325662858919e-05,4.1654514119967555e-09,1.793154629572477e-05,0.0,1.793154629572477e-05,1.7544881452418417e-08
1.8180513041609296e-05,5.0421451290725296e-09,1.8157703273567754e-05,0.0,1.8157703273567754e-05,1.776762291247179e-08
1.8409031990257295e-05,5.075775966528372e-09,1.838596367468528e-05,0.0,1.8385963674685282e-05,1.7992539605486517e-08
1.8638813474533184e-05,5.109397957046594e-09,1.8615485098845862e-05,0.0,1.8615485098845862e-05,1.8218977730274788e-08
1.8869857494436956e-05,5.143006012777038e-09,1.8846267553665023e-05,0.0,1.8846267553665023e-05,1.8446934759160156e-08
1.9102164049968625e-05,5.176604647050002e-09,1.9078311036884067e-05,0.0,1.907831103688407e-05,1.8676408437505453e-08
1.933573314112818e-05,5.210198066251448e-09,1.931161554629202e-05,0.0,1.931161554629202e-05,1.8907396769912112e-08
1.957056476791563e-05,5.243790203488299e-09,1.9546181079710348e-05,0.0,1.954618107971035e-05,1.913989800179314e-08
1.9806658930330967e-05,5.277384747849419e-09,1.978200763498023e-05,0.0,1.978200763498023e-05,1.9373910602887224e-08
2.0044015628374188e-05,5.31098517002713e-09,2.0019095209951687e-05,0.0,2.001909520995169e-05,1.960943325247303e-08
2.0282634862045313e-05,5.344594744816864e-09,2.0257443802474418e-05,0.0,2.025744380247442e-05,1.984646482607722e-08
2.052251663134431e-05,5.3782165709311286e-09,2.0497053410389884e-05,0.0,2.0497053410389888e-05,2.0085004383498666e-08
2.0763660936271212e-05,5.411853583343696e-09,2.0737924031522076e-05,0.0,2.073792403152208e-05,2.032505116579106e-08
2.1006067776825996e-05,5.44550857635457e-09,2.0980055663668633e-05,0.0,2.0980055663668637e-05,2.0566604581008123e-08
2.124973715300867e-05,5.479184226185169e-09,2.122344830460362e-05,0.0,2.122344830460362e-05,2.080966417886485e-08
2.1494669064819238e-05,5.512883083447869e-09,2.14681019520798e-05,0.0,2.14681019520798e-05,2.1054229655988095e-08
2.174086351225769e-05,5.546607592626518e-09,2.171401660381649e-05,0.0,2.1714016603816492e-05,2.1300300848573007e-08
2.1988320495324033e-05,5.580360101860822e-09,2.196119225749647e-05,0.0,2.1961192257496475e-05,2.154787772570018e-08
2.2237040014018267e-05,5.614142871721222e-09,2.2209628910763305e-05,0.0,2.2209628910763308e-05,2.1796960383238148e-08
2.248702206834039e-05,5.647958083096091e-09,2.245932656121902e-05,0.0,2.2459326561219024e-05,2.2047549038272246e-08
2.2738266658290397e-05,5.681807844296765e-09,2.2710285206422093e-05,0.0,2.2710285206422096e-05,2.2299644024007372e-08
2.2990773783868304e-05,5.715694197471494e-09,2.2962504843885732e-05,0.0,2.2962504843885732e-05,2.255324578509852e-08
2.324454344507409e-05,5.749619124407822e-09,2.3215985471076318e-05,0.0,2.3215985471076318e-05,2.2808354873368064e-08
2.3499575641907774e-05,5.783584551792518e-09,2.3470727085412105e-05,0.0,2.347072708541211e-05,2.306497194387352e-08
2.3755870374369344e-05,5.817592355988957e-09,2.372672968426206e-05,0.0,2.372672968426206e-05,2.332309775129324e-08
2.4013427642458807e-05,5.851644367384645e-09,2.398399326494482e-05,0.0,2.3983993264944825e-05,2.35827331466015e-08
2.427224744617616e-05,5.885742374355303e-09,2.4242517824727802e-05,0.0,2.4242517824727802e-05,2.38438790740069e-08
2.4532329785521396e-05,5.91988812688587e-09,2.4502303360826375e-05,0.0,2.450230336082638e-05,2.4106536568131093e-08
2.479367466049452e-05,5.95408333988433e-09,2.4763349870403225e-05,0.0,2.4763349870403225e-05,2.4370706751407463e-08
2.5056282071095534e-05,5.9883296962196486e-09,2.5025657350567634e-05,0.0,2.5025657350567637e-05,2.4636390831680583e-08
2.5320152017324437e-05,6.0226288495120614e-09,2.5289225798374933e-05,0.0,2.5289225798374936e-05,2.490359009999039e-08
2.558528449918124e-05,6.056982426700194e-09,2.555405521082601e-05,0.0,2.555405521082601e-05,2.5172305928525573e-08
2.585167951666592e-05,6.091392030406897e-09,2.582014558486678e-05,0.0,2.5820145584866784e-05,2.544253976873276e-08
2.6119337069778493e-05,6.1258592411237105e-09,2.60874969173878e-05,0.0,2.60874969173878e-05,2.5714293149569222e-08
2.6388257158518952e-05,6.160385619230754e-09,2.6356109205223833e-05,0.0,2.6356109205223836e-05,2.5987567675887947e-08
2.6658439782887307e-05,6.194972706869015e-09,2.6625982445153493e-05,0.0,2.6625982445153493e-05,2.626236502694503e-08
2.6929884942883552e-05,6.229622029675091e-09,2.689711663389886e-05,0.0,2.689711663389886e-05,2.6538686955020188e-08
2.720259263850769e-05,6.264744146024397e-09,2.7169511353873704e-05,0.0,2.7169511353873704e-05,2.6816540487962105e-08
2.7475300334131822e-05,6.270628403427051e-09,2.744193502547556e-05,0.0,2.7441935025475564e-05,2.7094680252831165e-08
2.774800802975595e-05,6.276521015524226e-09,2.771435843168438e-05,0.0,2.7714358431684384e-05,2.737307705604533e-08
2.8020715725380075e-05,6.282421641256936e-09,2.7986781572499346e-05,0.0,2.7986781572499346e-05,2.7651731239471383e-08
2.8293423421004193e-05,6.288330296877667e-09,2.8259204447562038e-05,0.0,2.8259204447562038e-05,2.7930643145285357e-08
2.8566131116628335e-05,6.29424699867123e-09,2.8531627056513317e-05,0.0,2.853162705651332e-05,2.820981311634078e-08
2.883883881225247e-05,6.300171762963546e-09,2.8804049398993333e-05,0.0,2.8804049398993333e-05,2.8489241496170416e-08
2.9111546507876605e-05,6.306104606123415e-09,2.9076471474641488e-05,0.0,2.907647147464149e-05,2.876892862898811e-08
2.9384254203500733e-05,6.312045544563237e-09,2.9348893283096477e-05,0.0,2.9348893283096477e-05,2.904887485969054e-08
2.9656961899124858e-05,6.317994594739573e-09,2.962131482399626e-05,0.0,2.962131482399626e-05,2.9329080533859002e-08
2.9929669594748996e-05,6.323951773153291e-09,2.9893736096978083e-05,0.0,2.9893736096978083e-05,2.960954599776125e-08
3.0202377290373124e-05,6.329917096349944e-09,3.0166157101678423e-05,0.0,3.0166157101678426e-05,2.989027159835324e-08
3.047508498599726e-05,6.335890580919851e-09,3.043857783773306e-05,0.0,3.043857783773306e-05,3.017125768328104e-08
3.074779268162139e-05,6.3418722434982616e-09,3.0710998304777e-05,0.0,3.071099830477701e-05,3.045250460088258e-08
3.102050037724552e-05,6.347862100765565e-09,3.098341850244457e-05,0.0,3.098341850244457e-05,3.073401270018948e-08
3.1293208072869644e-05,6.353860169447367e-09,3.1255838430369265e-05,0.0,3.1255838430369265e-05,3.101578233092891e-08
3.156591576849378e-05,6.3598664663147115e-09,3.1528258088183936e-05,0.0,3.152825808818393e-05,3.129781384352544e-08
3.18386234641179e-05,6.365881008184169e-09,3.180067747552062e-05,0.0,3.180067747552062e-05,3.158010758910281e-08
3.2111331159742035e-05,6.371903811918039e-09,3.207309659201063e-05,0.0,3.207309659201063e-05,3.18626639194859e-08
3.238403885536617e-05,6.377934894424437e-09,3.2345515437284545e-05,0.0,3.2345515437284545e-05,3.214548318720244e-08
3.265674655099031e-05,6.383974272657487e-09,3.2617934010972164e-05,0.0,3.2617934010972164e-05,3.2428565745485015e-08
3.292945424661443e-05,6.39002196361745e-09,3.289035231270255e-05,0.0,3.289035231270255e-05,3.271191194827283e-08
3.320216194223856e-05,6.396077984350876e-09,3.3162770342103995e-05,0.0,3.3162770342103995e-05,3.299552215021366e-08
3.3474869637862696e-05,6.402142351950779e-09,3.343518809880408e-05,0.0,3.343518809880408e-05,3.327939670666567e-08
3.374757733348683e-05,6.4082150835567505e-09,3.370760558242959e-05,0.0,3.370760558242959e-05,3.356353597369934e-08
3.402028502911095e-05,6.414296196355126e-09,3.39800227926065e-05,0.0,3.39800227926065e-05,3.384794030809935e-08
3.429299272473511e-05,6.420385707579166e-09,3.4252439728960164e-05,0.0,3.4252439728960164e-05,3.413261006736645e-08
3.456570042035924e-05,6.426483634509157e-09,3.452485639111501e-05,0.0,3.4524856391115016e-05,3.4417545609719437e-08
3.483840811598336e-05,6.432589994472654e-09,3.4797272778694786e-05,0.0,3.4797272778694786e-05,3.470274729409702e-08
3.5111115811607486e-05,6.438704804844514e-09,3.5069688891322485e-05,0.0,3.5069688891322485e-05,3.498821548015968e-08
3.538382350723162e-05,6.444828083047196e-09,3.534210472862028e-05,0.0,3.534210472862028e-05,3.5273950528291716e-08
3.565653120285575e-05,6.45095984655079e-09,3.561452029020959e-05,0.0,3.56145202902096e-05,3.5559952799603106e-08
3.5929238898479884e-05,6.4571001128733e-09,3.588693557571109e-05,0.0,3.588693557571109e-05,3.584622265593149e-08
3.620194659410402e-05,6.463248899580668e-09,3.61593505847446e-05,0.0,3.61593505847446e-05,3.6132760459844e-08
3.6474654289728154e-05,6.469406224287062e-09,3.643176531692923e-05,0.0,3.643176531692923e-05,3.6419566574639386e-08
3.674736198535229e-05,6.475572176865092e-09,3.6704179771811206e-05,0.0,3.6704179771811206e-05,3.6706641364224585e-08
3.706552096358043e-05,7.30997422484616e-09,3.702118125054841e-05,0.0,3.702118125054841e-05,3.702973880718097e-08
3.73849424774365e-05,7.347069461711991e-09,3.734024034178979e-05,0.0,3.7340240341789796e-05,3.735506618499837e-08
3.7705626526920445e-05,7.384162422329587e-09,3.766056029940924e-05,0.0,3.766056029940924e-05,3.768206508887058e-08
3.802757311203226e-05,7.421248055883404e-09,3.798214113075574e-05,0.0,3.798214113075574e-05,3.801073322063953e-08
3.835078223277196e-05,7.458330974318452e-09,3.83049828332381e-05,0.0,3.83049828332381e-05,3.8341068559549205e-08
3.8675253889139575e-05,7.49541548270445e-09,3.8629085404309024e-05,0.0,3.862908540430903e-05,3.8673069347843335e-08
3.900098808113506e-05,7.532505612990172e-09,3.895444884144972e-05,0.0,3.895444884144972e-05,3.900673407235192e-08
3.932798480875844e-05,7.569605153324882e-09,3.9281073142157104e-05,0.0,3.9281073142157104e-05,3.9342061448019435e-08
3.9656244072009695e-05,7.606717673731491e-09,3.9608958303932835e-05,0.0,3.9608958303932835e-05,3.9679050403133715e-08
3.9985765870888875e-05,7.643846548651964e-09,3.993810432427418e-05,0.0,3.993810432427418e-05,4.0017700066049146e-08
4.0316550205395924e-05,7.680994976804988e-09,4.02685112006659e-05,0.0,4.02685112006659e-05,4.035800975322659e-08
4.064859707553087e-05,7.718165991488642e-09,4.0600178930570024e-05,0.0,4.0600178930570024e-05,4.06999789693611e-08
4.098190648129369e-05,7.755362491966662e-09,4.093310751141804e-05,0.0,4.0933107511418045e-05,4.104360738369015e-08
4.1316478422684406e-05,7.792587253735666e-09,4.1267296940616474e-05,0.0,4.1267296940616474e-05,4.1388894814191945e-08
4.165231289970302e-05,7.829842929227245e-09,4.160274721554414e-05,0.0,4.160274721554414e-05,4.173584122965709e-08
4.1989409912349514e-05,7.867132065281686e-09,4.193945833354187e-05,0.0,4.1939458333541875e-05,4.208444674236528e-08
4.232776946062389e-05,7.904457112962388e-09,4.2277430291909514e-05,0.0,4.2277430291909514e-05,4.2434711601421324e-08
4.26673915445262e-05,7.941820436359665e-09,4.2616663087903155e-05,0.0,4.2616663087903155e-05,4.278663618667709e-08
4.3008276164056364e-05,7.979224320505794e-09,4.295715671873268e-05,0.0,4.295715671873268e-05,4.3140221003180426e-08
4.335042331921441e-05,8.016670978507015e-09,4.32989111815598e-05,0.0,4.32989111815598e-05,4.349546667609843e-08
4.3693833010000344e-05,8.054162557983468e-09,4.3641926473496294e-05,0.0,4.3641926473496294e-05,4.3852373946069235e-08
4.403850523641419e-05,8.091701146897034e-09,4.398620259160235e-05,0.0,4.398620259160235e-05,4.4210943664940944e-08
4.4384439998455924e-05,8.12928877883609e-09,4.433173953288522e-05,0.0,4.433173953288522e-05,4.457117679186178e-08
4.473163729612554e-05,8.16692743781718e-09,4.4678537294298044e-05,0.0,4.467853729429805e-05,4.493307438968863e-08
4.5080097129423064e-05,8.20461906265651e-09,4.502659587273872e-05,0.0,4.502659587273872e-05,4.529663762168569e-08
4.542981949834844e-05,8.242365550957606e-09,4.5375915265049004e-05,0.0,4.5375915265049004e-05,4.566186774848687e-08
4.578080440290175e-05,8.280168762755643e-09,4.572649546801369e-05,0.0,4.572649546801369e-05,4.602876612529944e-08
4.613305184308292e-05,8.318030523854222e-09,4.607833647835974e-05,0.0,4.607833647835974e-05,4.639733419932772e-08
4.6486561818891975e-05,8.355952628886352e-09,4.643143829275568e-05,0.0,4.643143829275569e-05,4.676757350739879e-08
4.6841334330328905e-05,8.393936844127684e-09,4.678580090781101e-05,0.0,4.678580090781101e-05,4.7139485673773015e-08
4.7197369377393746e-05,8.431984910086391e-09,4.714142432007554e-05,0.0,4.714142432007554e-05,4.751307240812469e-08
4.7554666960086476e-05,8.470098543891898e-09,4.7498308526038916e-05,0.0,4.7498308526038916e-05,4.788833550367911e-08
4.791322707840709e-05,8.508279441501864e-09,4.78564535221301e-05,0.0,4.78564535221301e-05,4.826527683549371e-08
4.8273049732355593e-05,8.546529279745072e-09,4.8215859304716974e-05,0.0,4.8215859304716974e-05,4.864389835887228e-08
4.863413492193202e-05,8.584849718216589e-09,4.85765258701059e-05,0.0,4.85765258701059e-05,4.902420210790217e-08
4.899648264713633e-05,8.623242401036568e-09,4.8938453214541184e-05,0.0,4.8938453214541184e-05,4.9406190194105237e-08
4.93600929079685e-05,8.662118518883349e-09,4.930164091944527e-05,0.0,4.930164091944528e-05,4.9789870004349596e-08
4.972370316880068e-05,8.670395737854208e-09,4.96648588306148e-05,0.0,4.96648588306148e-05,5.0173942448028956e-08
5.008731342963286e-05,8.678684873948516e-09,5.002807636900727e-05,0.0,5.002807636900727e-05,5.0558375751635497e-08
5.0450923690465024e-05,8.686985595954164e-09,5.0391293534461114e-05,0.0,5.0391293534461114e-05,5.094317040795018e-08
5.081453395129721e-05,8.69529792803786e-09,5.0754510326458794e-05,0.0,5.0754510326458794e-05,5.1328326910373356e-08
5.117814421212939e-05,8.703621894420427e-09,5.1117726744481657e-05,0.0,5.1117726744481657e-05,5.1713845753309495e-08
5.1541754472961564e-05,8.71195751938591e-09,5.1480942788010016e-05,0.0,5.1480942788010016e-05,5.209972743216984e-08
5.190536473379373e-05,8.72030482728381e-09,5.184415845652307e-05,0.0,5.184415845652307e-05,5.248597244337516e-08
5.2268974994625897e-05,8.728663842530162e-09,5.220737374949902e-05,0.0,5.220737374949901e-05,5.287258128435852e-08
5.263258525545806e-05,8.737034589608377e-09,5.2570588666414896e-05,0.0,5.2570588666414896e-05,5.325955445356793e-08
5.299619551629024e-05,8.745417093069734e-09,5.293380320674671e-05,0.0,5.293380320674671e-05,5.36468924504691e-08
5.335980577712241e-05,8.753811377533794e-09,5.3297017369969315e-05,0.0,5.3297017369969315e-05,5.4034595775548323e-08
5.372341603795459e-05,8.762217467688662e-09,5.366023115555658e-05,0.0,5.366023115555658e-05,5.4422664930315095e-08
5.408702629878676e-05,8.770635388291327e-09,5.402344456298116e-05,0.0,5.402344456298116e-05,5.4811100417305e-08
5.445063655961894e-05,8.779065164167864e-09,5.43866575917147e-05,0.0,5.43866575917147e-05,5.519990274008237e-08
5.48142468204511e-05,8.787506820213727e-09,5.474987024122765e-05,0.0,5.474987024122765e-05,5.5589072403243235e-08
5.517785708128328e-05,8.795960381393947e-09,5.511308251098947e-05,0.0,5.511308251098947e-05,5.597860991241799e-08
5.554146734211546e-05,8.804425872743428e-09,5.547629440046843e-05,0.0,5.547629440046843e-05,5.636851577427431e-08
5.5905077602947615e-05,8.812903319367094e-09,5.5839505909131724e-05,0.0,5.583950590913173e-05,5.6758790496519906e-08
5.626868786377978e-05,8.8213927464402e-09,5.620271703644543e-05,0.0,5.620271703644544e-05,5.714943458790539e-08
5.663229812461196e-05,8.829894179208542e-09,5.656592778187453e-05,0.0,5.656592778187453e-05,5.754044855822718e-08
5.699590838544415e-05,8.838407642988661e-09,5.692913814488283e-05,0.0,5.692913814488283e-05,5.793183291833019e-08
5.735951864627632e-05,8.846933163168134e-09,5.7292348124933035e-05,0.0,5.7292348124933035e-05,5.832358818011086e-08
5.7723128907108474e-05,8.855470765205744e-09,5.7655557721486754e-05,0.0,5.7655557721486754e-05,5.8715714856519904e-08
5.808673916794067e-05,8.864020474631794e-09,5.801876693400446e-05,0.0,5.801876693400447e-05,5.9108213461565327e-08
5.845034942877285e-05,8.872582317048294e-09,5.8381975761945495e-05,0.0,5.8381975761945495e-05,5.9501084510315154e-08
5.8813959689605e-05,8.881156318129265e-09,5.874518420476797e-05,0.0,5.874518420476797e-05,5.989432851890045e-08
5.917756995043717e-05,8.889742503620907e-09,5.9108392261929024e-05,0.0,5.9108392261929024e-05,6.028794600451823e-08
5.9541180211269353e-05,8.898340899341891e-09,5.947159993288458e-05,0.0,5.947159993288458e-05,6.068193748543431e-08
5.99047904721015e-05,8.906951531183625e-09,5.983480721708934e-05,0.0,5.983480721708934e-05,6.10763034809863e-08
6.026840073293367e-05,8.915574425110436e-09,6.0198014113996994e-05,0.0,6.0198014113996994e-05,6.147104451158646e-08
6.063201099376587e-05,8.924209607159892e-09,6.056122062305999e-05,0.0,6.056122062305999e-05,6.18661610987248e-08
6.099562125459804e-05,8.932857103443035e-09,6.092442674372962e-05,0.0,6.092442674372963e-05,6.226165376497192e-08
6.135923151543022e-05,8.941516940144613e-09,6.12876324754561e-05,0.0,6.128763247545611e-05,6.265752303398196e-08
6.17228417762624e-05,8.950189143523383e-09,6.165083781768839e-05,0.0,6.165083781768839e-05,6.30537694304958e-08
6.208645203709457e-05,8.958873825228139e-09,6.201404276978915e-05,0.0,6.201404276978915e-05,6.345039348017987e-08
6.247278793922876e-05,9.180142418767541e-09,6.239975127782758e-05,0.0,6.239975127782758e-05,6.385651898242248e-08
6.285975510917688e-05,9.204813885580562e-09,6.27862866980645e-05,0.0,6.27862866980645e-05,6.426359722678348e-08
6.324735354693894e-05,9.229451523424687e-09,6.317345229655585e-05,0.0,6.317345229655585e-05,6.467179885968159e-08
6.363558325251497e-05,9.254055252497462e-09,6.35612480763667e-05,0.0,6.35612480763667e-05,6.508112089577523e-08
6.40244442259049e-05,9.278628970546177e-09,6.394967403632951e-05,0.0,6.394967403632951e-05,6.549156060485201e-08
6.441393646710881e-05,9.303176264402826e-09,6.433873017535455e-05,0.0,6.433873017535455e-05,6.590311548985149e-08
6.480405997612666e-05,9.327700443658726e-09,6.472841649241463e-05,0.0,6.472841649241465e-05,6.631578326836505e-08
6.519481475295846e-05,9.35220456994456e-09,6.511873298653245e-05,0.0,6.511873298653247e-05,6.672956185607379e-08
6.55862007976042e-05,9.376691482549572e-09,6.550967965676977e-05,0.0,6.550967965676977e-05,6.714444935188346e-08
6.597821811006389e-05,9.401163820904388e-09,6.590125650221844e-05,0.0,6.590125650221844e-05,6.756044402454998e-08
6.637086669033753e-05,9.42562404436951e-09,6.629346352199254e-05,0.0,6.629346352199254e-05,6.797754430061816e-08
6.676414653842511e-05,9.450074440343556e-09,6.668630071521715e-05,0.0,6.668630071521716e-05,6.839574876762508e-08
6.715805765432664e-05,9.474517164019738e-09,6.707976808102193e-05,0.0,6.707976808102193e-05,6.881505614068989e-08
6.75526000380421e-05,9.498954235965102e-09,6.747386561854987e-05,0.0,6.747386561854987e-05,6.923546525627678e-08
6.794777368957151e-05,9.523387551101593e-09,6.786859332694951e-05,0.0,6.786859332694951e-05,6.965697507090107e-08
6.834357860891486e-05,9.547818894013364e-09,6.826395120536716e-05,0.0,6.826395120536716e-05,7.007958465368789e-08
6.874001479607216e-05,9.572249948672657e-09,6.865993925294389e-05,0.0,6.865993925294389e-05,7.050329317958439e-08
6.91370822510434e-05,9.596682307151702e-09,6.905655746881309e-05,0.0,6.90565574688131e-05,7.092809992315442e-08
6.95347809738286e-05,9.621117477443691e-09,6.945380585209825e-05,0.0,6.945380585209827e-05,7.135400425289577e-08
6.993311096442775e-05,9.645556890498387e-09,6.985168440191124e-05,0.0,6.985168440191125e-05,7.178100562602868e-08
7.033207222284082e-05,9.670001906563273e-09,7.025019311735056e-05,0.0,7.025019311735056e-05,7.220910358370794e-08
7.073166474906784e-05,9.694453820910714e-09,7.064933199750031e-05,0.0,7.064933199750031e-05,7.263829774661925e-08
7.11318885431088e-05,9.718913869019816e-09,7.104910104142886e-05,0.0,7.104910104142886e-05,7.306858781092203e-08
7.15327436049637e-05,9.743383231273172e-09,7.144950024818794e-05,0.0,7.144950024818794e-05,7.349997354450719e-08
7.193422993463257e-05,9.767863037221671e-09,7.185052961681179e-05,0.0,7.18505296168118e-05,7.39324547835405e-08
7.233634753211537e-05,9.792354369463178e-09,7.225218914631662e-05,0.0,7.225218914631664e-05,7.436603142926608e-08
7.27390963974121e-05,9.816858267176222e-09,7.265447883569986e-05,0.0,7.265447883569988e-05,7.480070344504668e-08
7.31424765305228e-05,9.841375729344501e-09,7.305739868393985e-05,0.0,7.305739868393985e-05,7.523647085362019e-08
7.354648793144743e-05,9.865907717703309e-09,7.346094868999518e-05,0.0,7.346094868999518e-05,7.567333373455369e-08
7.395113060018602e-05,9.8904551594366e-09,7.386512885280471e-05,0.0,7.386512885280471e-05,7.611129222187849e-08
7.435640453673854e-05,9.915018949648872e-09,7.426993917128701e-05,0.0,7.426993917128701e-05,7.655034650189061e-08
7.476230974110501e-05,9.939599953634007e-09,7.467537964434027e-05,0.0,7.467537964434028e-05,7.699049681110377e-08
7.516884621328542e-05,9.964199008960515e-09,7.50814502708421e-05,0.0,7.508145027084212e-05,7.743174343434178e-08
7.557601395327977e-05,9.988816927390793e-09,7.548815104964943e-05,0.0,7.548815104964943e-05,7.787408670296018e-08
7.598381296108808e-05,1.001345449664981e-08,7.589548197959825e-05,0.0,7.589548197959826e-05,7.831752699318569e-08
7.639224323671034e-05,1.0038112482058434e-08,7.63034430595037e-05,0.0,7.630344305950372e-05,7.876206472456574e-08
7.680130478014651e-05,1.0063201714606858e-08,7.671203387287898e-05,0.0,7.671203387287898e-05,7.920770555293103e-08
7.72103663235827e-05,1.0072415492506641e-08,7.712064014304918e-05,0.0,7.712064014304918e-05,7.965376504101781e-08
7.76194278670189e-05,1.0081641906620685e-08,7.752924599904908e-05,0.0,7.752924599904909e-05,8.010022606318918e-08
7.802848941045512e-05,1.009088081040822e-08,7.793785144049472e-05,0.0,7.793785144049472e-05,8.05470891499739e-08
7.843755095389131e-05,1.0100132229499304e-08,7.834645646682904e-05,0.0,7.834645646682904e-05,8.099435483276766e-08
7.88466124973275e-05,1.010939618964456e-08,7.875506107749383e-05,0.0,7.875506107749383e-05,8.144202364403275e-08
7.925567404076367e-05,1.0118672716688979e-08,7.916366527192968e-05,0.0,7.91636652719297e-05,8.189009611730077e-08
7.966473558419986e-05,1.012796183655911e-08,7.957226904957613e-05,0.0,7.957226904957615e-05,8.233857278717562e-08
8.007379712763605e-05,1.0137263575257295e-08,7.998087240987145e-05,0.0,7.998087240987147e-05,8.278745418933634e-08
8.048285867107223e-05,1.0146577958858949e-08,8.038947535225285e-05,0.0,8.038947535225285e-05,8.323674086054005e-08
8.089192021450842e-05,1.0155905013511378e-08,8.079807787615628e-05,0.0,8.07980778761563e-05,8.368643333862488e-08
8.130098175794466e-05,1.0165244765433258e-08,8.12066799810167e-05,0.0,8.120667998101672e-05,8.41365321625128e-08
8.171004330138083e-05,1.017459724091453e-08,8.16152816662677e-05,0.0,8.16152816662677e-05,8.458703787221271e-08
8.211910484481704e-05,1.0183962466316524e-08,8.202388293134191e-05,0.0,8.202388293134191e-05,8.50379510088232e-08
8.252816638825323e-05,1.019334046807226e-08,8.24324837756706e-05,0.0,8.24324837756706e-05,8.548927211453569e-08
8.293722793168941e-05,1.0202731272686659e-08,8.284108419868408e-05,0.0,8.284108419868408e-05,8.594100173263725e-08
8.334628947512559e-05,1.0212134906736937e-08,8.324968419981134e-05,0.0,8.324968419981134e-05,8.639314040751366e-08
8.375535101856177e-05,1.0221551396872916e-08,8.365828377848022e-05,0.0,8.365828377848022e-05,8.684568868465226e-08
8.416441256199795e-05,1.0230980769817445e-08,8.406688293411747e-05,0.0,8.406688293411747e-05,8.729864711064516e-08
8.457347410543413e-05,1.0240423052366702e-08,8.447548166614857e-05,0.0,8.447548166614857e-05,8.775201623319204e-08
8.498253564887032e-05,1.0249878271390658e-08,8.488407997399782e-05,0.0,8.488407997399784e-05,8.820579660110333e-08
8.539159719230653e-05,1.0259346453833289e-08,8.529267785708838e-05,0.0,8.529267785708838e-05,8.865998876430301e-08
8.580065873574272e-05,1.0268827626713046e-08,8.570127531484218e-05,0.0,8.57012753148422e-05,8.91145932738319e-08
8.620972027917891e-05,1.027832181712314e-08,8.610987234667994e-05,0.0,8.610987234667994e-05,8.956961068185058e-08
8.66187818226151e-05,1.0287829052231953e-08,8.651846895202123e-05,0.0,8.651846895202125e-05,9.002504154164241e-08
8.70278433660513e-05,1.0297349359283269e-08,8.69270651302844e-05,0.0,8.69270651302844e-05,9.048088640761659e-08
8.743690490948748e-05,1.0306882765596673e-08,8.733566088088657e-05,0.0,8.733566088088657e-05,9.093714583531136e-08
8.78459664529237e-05,1.0316429298567868e-08,8.774425620324371e-05,0.0,8.774425620324371e-05,9.139382038139693e-08
8.825502799635987e-05,1.0325988985669007e-08,8.815285109677051e-05,0.0,8.815285109677053e-05,9.185091060367875e-08
8.866408953979606e-05,1.0335561854448965e-08,8.856144556088052e-05,0.0,8.856144556088053e-05,9.230841706110042e-08
8.907315108323228e-05,1.0345147932533675e-08,8.897003959498599e-05,0.0,8.897003959498599e-05,9.276634031374703e-08
8.948221262666845e-05,1.035474724762646e-08,8.937863319849799e-05,0.0,8.937863319849799e-05,9.322468092284797e-08
8.989127417010468e-05,1.0364359827508335e-08,8.978722637082638e-05,0.0,8.978722637082638e-05,9.368343945078044e-08
9.030033571354086e-05,1.0373985700038257e-08,9.019581911137974e-05,0.0,9.019581911137974e-05,9.414261646107231e-08
9.070939725697703e-05,1.0383624893153504e-08,9.060441141956549e-05,0.0,9.060441141956549e-05,9.460221251840546e-08
9.111845880041325e-05,1.0393277513300856e-08,9.101300329471149e-05,0.0,9.10130032947115e-05,9.506222818845607e-08
9.155024598515145e-05,1.0569746273225899e-08,9.144414634792011e-05,0.0,9.144414634792012e-05,9.552989095810654e-08
9.198266443770362e-05,1.0595648640208566e-08,9.187607032169081e-05,0.0,9.187607032169081e-05,9.59984673725871e-08
9.241571415806972e-05,1.062152368324988e-08,9.230862441338741e-05,0.0,9.230862441338741e-05,9.64682209990518e-08
9.284939514624976e-05,1.0647366083014369e-08,9.274180863125972e-05,0.0,9.274180863125973e-05,9.693914890702904e-08
9.328370740224376e-05,1.067317975699768e-08,9.317562297407047e-05,0.0,9.317562297407047e-05,9.741124841628086e-08
9.371865092605169e-05,1.0698968311166512e-08,9.361006744066023e-05,0.0,9.361006744066023e-05,9.788451708030575e-08
9.415422571767356e-05,1.0724735073859857e-08,9.404514202993187e-05,0.0,9.404514202993187e-05,9.835895266784003e-08
9.459043177710935e-05,1.0750483125126311e-08,9.448084674083794e-05,0.0,9.448084674083794e-05,9.88345531462971e-08
9.502726910435915e-05,1.0776215322387249e-08,9.491718157236986e-05,0.0,9.491718157236986e-05,9.931131666690389e-08
9.546473769942282e-05,1.0801934322956552e-08,9.535414652354855e-05,0.0,9.535414652354855e-05,9.978924155132817e-08
9.59028375623005e-05,1.0827642603860993e-08,9.579174159341698e-05,0.0,9.5791741593417e-05,1.0026832627961865e-07
9.63415686929921e-05,1.08533424678119e-08,9.622996678102763e-05,0.0,9.622996678102765e-05,1.0074856949664344e-07
9.678093109149762e-05,1.0879036091600878e-08,9.666882208543714e-05,0.0,9.666882208543714e-05,1.0122996996891209e-07
9.722092475781711e-05,1.0904725510842716e-08,9.710830750571809e-05,0.0,9.710830750571809e-05,1.0171252658817831e-07
9.766154969195057e-05,1.0930412637504344e-08,9.754842304094622e-05,0.0,9.754842304094622e-05,1.021962383668444e-07
9.810280589389796e-05,1.0956099273109453e-08,9.798916869019433e-05,0.0,9.798916869019433e-05,1.0268110443052342e-07
9.854469336365928e-05,1.0981787118479584e-08,9.843054445252955e-05,0.0,9.843054445252955e-05,1.0316712401125336e-07
9.898721210123454e-05,1.100747778246039e-08,9.88725503270108e-05,0.0,9.88725503270108e-05,1.0365429644129351e-07
9.943036210662377e-05,1.1033172789755647e-08,9.931518631268656e-05,0.0,9.931518631268659e-05,1.0414262114744396e-07
9.987414337982692e-05,1.1058873587974754e-08,9.975845240859311e-05,0.0,9.975845240859311e-05,1.0463209764583581e-07
0.000100318555920844,1.1084581553985048e-08,0.00010020234861375288,0.0,0.00010020234861375291,1.051227255371456e-07
0.00010076359972967506,1.1110297999648917e-08,0.00010064687492717322,0.0,0.00010064687492717322,1.0561450450219339e-07
0.00010120927480632005,1.1136024177014567e-08,0.00010109203134784514,0.0,0.00010109203134784514,1.0610743429788795e-07
0.00010165558115077898,1.1161761283021312e-08,0.00010153781787474249,0.0,0.00010153781787474249,1.0660151475348674e-07
0.0001021025187630519,1.1187510463771968e-08,0.00010198423450682098,0.0,0.00010198423450682098,1.0709674576714121e-07
0.0001025500876431387,1.121327281841886e-08,0.00010243128124301757,0.0,0.00010243128124301759,1.0759312730270284e-07
0.00010299828779103945,1.1239049402704286e-08,0.00010287895808224998,0.0,0.00010287895808224998,1.080906593867657e-07
0.00010344711920675416,1.1264841232190843e-08,0.00010332726502341605,0.0,0.00010332726502341605,1.0858934210592513e-07
0.00010389658189028281,1.1290649285214007e-08,0.00010377620206539337,0.0,0.00010377620206539338,1.0908917560423441e-07
0.00010434667584162541,1.1316474505584463e-08,0.00010422576920703899,0.0,0.00010422576920703899,1.095901600808422e-07
0.00010479740106078194,1.1342317805064973e-08,0.00010467596644718909,0.0,0.00010467596644718909,1.1009229578779545e-07
0.0001052487575477524,1.1368180065643977e-08,0.00010512679378465878,0.0,0.00010512679378465878,1.1059558302799486e-07
0.00010570074530253688,1.1394062141625488e-08,0.00010557825121824197,0.0,0.00010557825121824197,1.1110002215329043e-07
0.00010615336432513526,1.1419964861552486e-08,0.00010603033874671099,0.0,0.000106030338746711,1.1160561356270486e-07
0.0001066066146155476,1.1445889029979713e-08,0.00010648305636881684,0.0,0.00010648305636881684,1.1211235770077657e-07
0.00010706049617377387,1.1471835429109646e-08,0.00010693640408328874,0.0,0.00010693640408328876,1.1262025505601145e-07
0.0001075150089998141,1.1498215419570098e-08,0.00010739038147304544,0.0,0.00010739038147304544,1.1312931134907736e-07
0.0001079695218258543,1.1508327838211223e-08,0.00010784437467177304,0.0,0.00010784437467177305,1.1363882624307011e-07
0.00010842403465189456,1.1518453604700416e-08,0.00010829836741651037,0.0,0.00010829836741651037,1.1414878177946891e-07
0.00010887854747793473,1.1528592580421291e-08,0.00010875235970683512,0.0,0.00010875235970683514,1.1465917851919334e-07
0.00010933306030397494,1.1538744791940301e-08,0.00010920635154215893,0.0,0.00010920635154215893,1.1517001702406979e-07
0.00010978757313001515,1.1548910265883709e-08,0.00010966034292189222,0.0,0.00010966034292189223,1.15681297857026e-07
0.00011024208595605535,1.1559089028943802e-08,0.00011011433384544431,0.0,0.00011011433384544433,1.1619302158209368e-07
0.00011069659878209556,1.1569281107881682e-08,0.00011056832431222328,0.0,0.00011056832431222329,1.1670518876441166e-07
0.0001111511116081358,1.1579486529529142e-08,0.00011102231432163604,0.0,0.00011102231432163606,1.172177999702289e-07
0.00011160562443417605,1.1589705320789924e-08,0.00011147630387308834,0.0,0.00011147630387308837,1.1773085576690713e-07
0.00011206013726021624,1.1599937508640728e-08,0.00011193029296598468,0.0,0.00011193029296598469,1.1824435672292399e-07
0.00011251465008625643,1.161018312013177e-08,0.00011238428159972844,0.0,0.00011238428159972845,1.1875830340787618e-07
0.00011296916291229667,1.1620442182387392e-08,0.00011283826977372181,0.0,0.00011283826977372181,1.1927269639248208e-07
0.0001134236757383369,1.1630714722606398e-08,0.00011329225748736571,0.0,0.00011329225748736571,1.197875362485851e-07
0.00011387818856437708,1.1641000768062426e-08,0.00011374624474005987,0.0,0.00011374624474005989,1.203028235491563e-07
0.0001143327013904173,1.1651300346104292e-08,0.00011420023153120291,0.0,0.00011420023153120294,1.20818558868298e-07
0.00011478721421645757,1.1661613484156179e-08,0.00011465421786019217,0.0,0.00011465421786019217,1.2133474278124595e-07
0.00011524172704249774,1.1671940209717964e-08,0.00011510820372642365,0.0,0.00011510820372642367,1.218513758643732e-07
0.00011569623986853798,1.16822805503654e-08,0.0001155621891292924,0.0,0.0001155621891292924,1.223684586951926e-07
0.00011615075269457819,1.169263453375041e-08,0.00011601617406819208,0.0,0.00011601617406819209,1.2288599185236012e-07
0.0001166052655206184,1.1703002187601348e-08,0.00011647015854251514,0.0,0.00011647015854251514,1.2340397591567782e-07
0.00011705977834665861,1.1713383539723187e-08,0.00011692414255165281,0.0,0.00011692414255165281,1.2392241146609687e-07
0.00011751429117269883,1.1723778617997839e-08,0.00011737812609499511,0.0,0.00011737812609499514,1.2444129908572076e-07
0.00011796880399873908,1.173418745038428e-08,0.00011783210917193086,0.0,0.00011783210917193089,1.2496063935780833e-07
0.00011842331682477929,1.1744610064918986e-08,0.00011828609178184758,0.0,0.00011828609178184758,1.2548043286677698e-07
0.00011887782965081949,1.1755046489715981e-08,0.00011874007392413158,0.0,0.00011874007392413158,1.260006801982055e-07
0.00011933234247685969,1.1765496752967214e-08,0.00011919405559816787,0.0,0.0001191940555981679,1.2652138193883753e-07
0.0001197868553028999,1.1775960882942813e-08,0.00011964803680334038,0.0,0.00011964803680334038,1.2704253867658445e-07
0.00012024136812894014,1.17864389079913e-08,0.0001201020175390316,0.0,0.00012010201753903161,1.2756415100052885e-07
0.00012069588095498032,1.1796930856539869e-08,0.00012055599780462285,0.0,0.00012055599780462285,1.280862195009272e-07
0.00012115039378102053,1.1807436757094626e-08,0.00012100997759949421,0.0,0.00012100997759949424,1.2860874476921355e-07
0.00012160490660706078,1.1817956638240953e-08,0.00012146395692302453,0.0,0.00012146395692302454,1.2913172739800224e-07
0.00012205941943310098,1.1828490528643631e-08,0.00012191793577459126,0.0,0.00012191793577459126,1.2965516798109142e-07
0.0001225139322591412,1.1839038457047199e-08,0.0001223719141535707,0.0,0.0001223719141535707,1.301790671134662e-07
0.0001229684450851814,1.1849600452276237e-08,0.00012282589205933785,0.0,0.00012282589205933785,1.3070342539130173e-07
0.0001234229579112216,1.1860176618500495e-08,0.00012327986949119132,0.0,0.00012327986949119132,1.3122824341177982e-07
0.00012390019637856389,1.2024261567428342e-08,0.0001237564119626232,0.0,0.0001237564119626232,1.3176015437321906e-07
0.00012437806611372002,1.2051468270225682e-08,0.00012423372164266946,0.0,0.00012423372164266946,1.322930027803259e-07
0.00012485656711669016,1.207864955626192e-08,0.00012471166138199762,0.0,0.00012471166138199762,1.3282708513625443e-07
0.0001253356993874742,1.2105799572311257e-08,0.00012519023118933746,0.0,0.0001251902311893375,1.3336239856439522e-07
0.00012581546292607216,1.2132922256618966e-08,0.00012566943106337712,0.0,0.00012566943106337712,1.338989404384565e-07
0.00012629585773248417,1.2160021235451172e-08,0.0001261492610028822,0.0,0.0001261492610028822,1.3443670836651182e-07
0.00012677688380671005,1.2187099857059305e-08,0.0001266297210066805,0.0,0.0001266297210066805,1.3497570017250348e-07
0.00012725854114874996,1.2214161221074275e-08,0.00012711081107364916,0.0,0.00012711081107364916,1.3551591387968306e-07
0.00012774082975860373,1.2241208204214663e-08,0.00012759253120270375,0.0,0.00012759253120270375,1.3605734769574955e-07
0.00012822374963627144,1.2268243482844341e-08,0.00012807488139278912,0.0,0.00012807488139278912,1.3659999999947862e-07
0.00012870730078175317,1.2295269552657401e-08,0.00012855786164287186,0.0,0.00012855786164287186,1.3714386932866136e-07
0.00012919148319504874,1.2322288732763521e-08,0.00012904147195192618,0.0,0.0001290414719519262,1.376889543898341e-07
0.00012967629687615835,1.2349303222978726e-08,0.0001295257123189302,0.0,0.0001295257123189302,1.3823525400517234e-07
0.00013016174182508186,1.2376315075100207e-08,0.00013001058274288065,0.0,0.00013001058274288065,1.3878276712609666e-07
0.00013064781804181933,1.2403326219321404e-08,0.00013049608322277467,0.0,0.00013049608322277467,1.393314928253193e-07
0.0001311345255263707,1.2430338475290699e-08,0.000130982213757606,0.0,0.000130982213757606,1.3988143028941038e-07
0.00013162186427873604,1.245735356186929e-08,0.00013146897434636217,0.0,0.00013146897434636217,1.4043257881201425e-07
0.00013210983429891535,1.2484373105872432e-08,0.00013195636498802182,0.0,0.00013195636498802184,1.4098493778764757e-07
0.00013259843558690855,1.2511398649916464e-08,0.00013244438568155267,0.0,0.00013244438568155267,1.4153850670602154e-07
0.00013308766814271576,1.2538431659478597e-08,0.00013293303642590944,0.0,0.00013293303642590947,1.4209328514683343e-07
0.00013357753196633688,1.2565473529260196e-08,0.00013342231722003262,0.0,0.00013342231722003262,1.4264927277498412e-07
0.000134068027057772,1.2592525588933521e-08,0.00013391222806284687,0.0,0.00013391222806284687,1.4320646933617795e-07
0.00013455915341702103,1.2619589108342028e-08,0.0001344027689532598,0.0,0.0001344027689532598,1.437648746528704e-07
0.00013505091104408395,1.2646665302214308e-08,0.00013489393989016122,0.0,0.00013489393989016122,1.4432448862053037e-07
0.00013554329993896086,1.2673755334444447e-08,0.00013538574087242221,0.0,0.00013538574087242224,1.448853112041881e-07
0.00013603632010165172,1.2700860321985563e-08,0.00013587817189889448,0.0,0.00013587817189889448,1.4544734243524358e-07
0.0001365299715321565,1.2727981338396977e-08,0.0001363712329684096,0.0,0.0001363712329684096,1.460105824085114e-07
0.0001370242542304752,1.275511941708124e-08,0.00013686492407977868,0.0,0.00013686492407977868,1.4657503127948266e-07
0.0001375191681966079,1.278227555424243e-08,0.00013735924523179186,0.0,0.0001373592452317919,1.4714068926178368e-07
0.00013801471343055448,1.2809450711593972e-08,0.00013785419642321808,0.0,0.00013785419642321808,1.4770755662481636e-07
0.0001385108899323151,1.2836645818840867e-08,0.00013834977765280469,0.0,0.0001383497776528047,1.482756336915639e-07
0.0001390076977018896,1.2863861775958302e-08,0.00013884598891927708,0.0,0.00013884598891927708,1.488449208365492e-07
0.00013950513673927805,1.28910994552862e-08,0.00013934283022133884,0.0,0.00013934283022133884,1.494154184839328e-07
0.00014000320704448045,1.291835970345712e-08,0.00013984030155767127,0.0,0.00013984030155767127,1.4998712710573988e-07
0.00014050190861749677,1.2945643343173246e-08,0.00014033840292693343,0.0,0.00014033840292693343,1.5056004722020562e-07
0.00014100124145832707,1.2972951174846591e-08,0.000140837134327762,0.0,0.00014083713432776201,1.5113417939023017e-07
0.00014150120556697134,1.3000695104438648e-08,0.00014133649534246015,0.0,0.00014133649534246018,1.517095294067238e-07
0.0001420011696756156,1.3011759906914555e-08,0.00014183587253541264,0.0,0.00014183587253541264,1.5228538029603872e-07
0.00014250113378425986,1.3022838830045083e-08,0.00014233524923222456,0.0,0.00014233524923222456,1.528617132052643e-07
0.00014300109789290406,1.3033931744879057e-08,0.00014283462543243083,0.0,0.00014283462543243083,1.5343852872835168e-07
0.0001435010620015483,1.3045038678927006e-08,0.00014333400113540916,0.0,0.00014333400113540918,1.5401582746020311e-07
0.00014400102611019256,1.3056159659764869e-08,0.00014383337634053591,0.0,0.00014383337634053594,1.5459360999686034e-07
0.0001445009902188368,1.3067294715037492e-08,0.00014433275104718625,0.0,0.00014433275104718628,1.5517187693550846e-07
0.00014500095432748103,1.3078443872460514e-08,0.00014483212525473411,0.0,0.00014483212525473411,1.557506288744782e-07
0.00014550091843612526,1.3089607159821795e-08,0.0001453314989625522,0.0,0.00014533149896255222,1.5632986641324918e-07
0.0001460008825447695,1.3100784604982638e-08,0.00014583087217001208,0.0,0.0001458308721700121,1.56909590152453e-07
0.00014650084665341376,1.3111976235878551e-08,0.00014633024487648402,0.0,0.00014633024487648402,1.5748980069387624e-07
0.000147000810762058,1.312318208052011e-08,0.00014682961708133702,0.0,0.00014682961708133702,1.5807049864046328e-07
0.00014750077487070222,1.31344021669933e-08,0.00014732898878393893,0.0,0.00014732898878393893,1.586516845963196e-07
0.00014800073897934646,1.3145636523460074e-08,0.00014782835998365627,0.0,0.0001478283599836563,1.5923335916671468e-07
0.00014850070308799072,1.3156885178158714e-08,0.00014832773067985445,0.0,0.00014832773067985445,1.5981552295808534e-07
0.00014900066719663493,1.3168148159404012e-08,0.00014882710087189745,0.0,0.00014882710087189745,1.6039817657803832e-07
0.00014950063130527913,1.3179425495587708e-08,0.0001493264705591482,0.0,0.00014932647055914823,1.609813206353537e-07
0.00015000059541392342,1.319071721517866e-08,0.00014982583974096822,0.0,0.00014982583974096822,1.61564955739988e-07
0.00015050055952256763,1.3202023346723185e-08,0.00015032520841671787,0.0,0.00015032520841671787,1.621490825030772e-07
0.00015100052363121186,1.3213343918845265e-08,0.00015082457658575611,0.0,0.00015082457658575611,1.6273370153693978e-07
0.00015150048773985612,1.3224678960246821e-08,0.00015132394424744082,0.0,0.00015132394424744082,1.6331881345508012e-07
0.00015200045184850038,1.323602849970795e-08,0.0001518233114011285,0.0,0.0001518233114011285,1.6390441887219114e-07
0.00015250041595714462,1.3247392566087184e-08,0.00015232267804617434,0.0,0.00015232267804617434,1.644905184041581e-07
0.00015300038006578882,1.3258771188321735e-08,0.00015282204418193247,0.0,0.00015282204418193247,1.650771126680611e-07
0.0001535003441744331,1.3270164395427784e-08,0.00015332140980775548,0.0,0.0001533214098077555,1.6566420228217887e-07
0.00015400030828307737,1.3281572216500669e-08,0.0001538207749229949,0.0,0.0001538207749229949,1.6625178786599136e-07
0.00015450027239172158,1.3292994680715232e-08,0.00015432013952700066,0.0,0.00015432013952700068,1.6683987004018344e-07
0.00015500023650036576,1.3304431817325984e-08,0.00015481950361912182,0.0,0.00015481950361912185,1.6742844942664758e-07
0.00015550020060901002,1.331588365566747e-08,0.00015531886719870588,0.0,0.00015531886719870588,1.6801752664848765e-07
0.00015600016471765423,1.3327350225154448e-08,0.00015581823026509907,0.0,0.0001558182302650991,1.686071023300216e-07
0.0001565001288262985,1.333883155528222e-08,0.00015631759281764645,0.0,0.00015631759281764645,1.6919717709678506e-07
0.00015700009293494275,1.335032767562687e-08,0.0001568169548556916,0.0,0.0001568169548556916,1.6978775157553436e-07
0.00015750005704358698,1.3361838615845507e-08,0.00015731631637857688,0.0,0.00015731631637857688,1.7037882639424995e-07
0.00015800002115223124,1.3373364405676617e-08,0.00015781567738564343,0.0,0.00015781567738564346,1.709704021821396e-07
0.00015849998526087545,1.338490507494032e-08,0.0001583150378762309,0.0,0.0001583150378762309,1.715624795696415e-07
0.0001589999493695197,1.3396460723305229e-08,0.00015881439784960828,0.0,0.00015881439784960828,1.7215505918810587e-07
0.00015952263911946592,1.3547499017504294e-08,0.00015933633746863612,0.0,0.00015933633746863615,1.7275415181225537e-07
0.00016004596013722612,1.3576084607099015e-08,0.00015985902984632906,0.0,0.00015985902984632906,1.733542062899583e-07
0.0001605699124228002,1.3604646757765938e-08,0.0001603823522214398,0.0,0.00016038235222143985,1.739555546026428e-07
0.00016109449597618837,1.3633179130664235e-08,0.000160906304603126,0.0,0.000160906304603126,1.7455819393172608e-07
0.0001616197107973904,1.3661685686086803e-08,0.00016143088698999505,0.0,0.00016143088698999505,1.7516212170924986e-07
0.0001621455568864064,1.369017007188263e-08,0.0001619560993807322,0.0,0.0001619560993807322,1.757673356022995e-07
0.00016267203424323625,1.3718635657502772e-08,0.00016248194177408427,0.0,0.00016248194177408427,1.7637383349450878e-07
0.00016319914286788014,1.3747085563448372e-08,0.00016300841416884716,0.0,0.00016300841416884716,1.7698161346950244e-07
0.00016372688276033792,1.3775522687024033e-08,0.00016353551656385487,0.0,0.00016353551656385487,1.7759067379603635e-07
0.0001642552539206097,1.3803949724933255e-08,0.00016406324895797014,0.0,0.00016406324895797014,1.7820101291462802e-07
0.00016478425634869535,1.3832369191099285e-08,0.00016459161135007558,0.0,0.00016459161135007558,1.7881262942869174e-07
0.000165313890044595,1.3860783428562586e-08,0.00016512060373906158,0.0,0.0001651206037390616,1.7942552210484613e-07
0.0001658441550083086,1.3889194654726352e-08,0.00016565022612382503,0.0,0.00016565022612382503,1.8003968982884927e-07
0.00016637505123983612,1.3917604940862207e-08,0.00016618047850327862,0.0,0.00016618047850327862,1.8065513161661412e-07
0.0001669065787391776,1.3946016236975067e-08,0.0001667113608763346,0.0,0.0001667113608763346,1.812718466060487e-07
0.000167438737506333,1.3974430382152266e-08,0.00016724287324190122,0.0,0.00016724287324190127,1.8188983404961742e-07
0.00016797152754130233,1.4002849114516935e-08,0.00016777501559888029,0.0,0.0001677750155988803,1.8250909330755722e-07
0.00016850494884408567,1.4031274079749659e-08,0.0001683077879461642,0.0,0.0001683077879461642,1.8312962384167198e-07
0.00016903900141468297,1.4059706840184824e-08,0.00016884119028263308,0.0,0.00016884119028263308,1.8375142520967241e-07
0.00016957368525309413,1.4088148880503379e-08,0.00016937522260715364,0.0,0.00016937522260715364,1.843744970599637e-07
0.00017010900035931923,1.4116601614583388e-08,0.00016990988491857778,0.0,0.0001699098849185778,1.8499883912686378e-07
0.00017064494673335828,1.414506639125724e-08,0.00017044517721574083,0.0,0.00017044517721574083,1.856244512262066e-07
0.0001711815243752113,1.4173544499521035e-08,0.00017098109949746046,0.0,0.0001709810994974605,1.86251333251292e-07
0.0001717187332848783,1.4202037173257589e-08,0.0001715176517625359,0.0,0.00017151765176253591,1.868794851691505e-07
0.00017225657346235925,1.4230545595524932e-08,0.00017205483400974662,0.0,0.00017205483400974664,1.875089070170942e-07
0.00017279504490765415,1.4259070902457398e-08,0.00017259264623785213,0.0,0.0001725926462378522,1.8813959889952756e-07
0.000173334147620763,1.4287614186820026e-08,0.00017313108844559116,0.0,0.00017313108844559116,1.887715609849955e-07
0.00017387388160168573,1.4316176501251958e-08,0.00017367016063168106,0.0,0.0001736701606316811,1.8940479350344791e-07
0.00017441424685042244,1.4344758861231171e-08,0.00017420986279481756,0.0,0.00017420986279481756,1.900392967437012e-07
0.00017495524336697313,1.4373362247787912e-08,0.00017475019493367426,0.0,0.00017475019493367426,1.9067507105108175e-07
0.0001754968711513377,1.4401987609992467e-08,0.00017529115704690245,0.0,0.00017529115704690245,1.9131211682523488e-07
0.00017603913020351628,1.4430635867238958e-08,0.00017583274913313094,0.0,0.00017583274913313094,1.9195043451808583e-07
0.00017658202052350875,1.4459307911344699e-08,0.0001763749711909655,0.0,0.0001763749711909655,1.925900246319412e-07
0.00017712554211131516,1.4488004608482807e-08,0.00017691782321898898,0.0,0.00017691782321898898,1.9323088771771924e-07
0.00017766969496693552,1.4516726800963764e-08,0.0001774613052157613,0.0,0.0001774613052157613,1.9387302437329829e-07
0.00017821447909036989,1.45454753088798e-08,0.00017800541717981902,0.0,0.00017800541717981902,1.9451643524197538e-07
0.00017875989448161816,1.4574662590468317e-08,0.0001785501586928368,0.0,0.00017855015869283682,1.951611261908944e-07
0.00017930530987286637,1.4586738287387509e-08,0.00017909491677175826,0.0,0.00017909491677175826,1.9580636282074424e-07
0.00017985072526411461,1.4598828945049051e-08,0.00017963967430985312,0.0,0.00017963967430985312,1.964521253164587e-07
0.00018039614065536297,1.4610934447725678e-08,0.00018018443130660725,0.0,0.00018018443130660727,1.970984143079667e-07
0.0001809415560466112,1.4623054823969058e-08,0.000180729187761361,0.0,0.00018072918776136104,1.9774523042620116e-07
0.00018148697143785948,1.4635190102407795e-08,0.00018127394367345383,0.0,0.00018127394367345383,1.9839257430327788e-07
0.0001820323868291078,1.4647340311746545e-08,0.00018181869904222353,0.0,0.00018181869904222356,1.990404465724993e-07
0.000182577802220356,1.4659505480765389e-08,0.0001823634538670069,0.0,0.0001823634538670069,1.9968884786835717e-07
0.0001831232176116043,1.467168563832008e-08,0.00018290820814713944,0.0,0.00018290820814713944,2.0033777882653575e-07
0.00018366863300285253,1.4683880813342601e-08,0.00018345296188195532,0.0,0.00018345296188195532,2.0098724008391478e-07
0.0001842140483941008,1.46960910348415e-08,0.0001839977150707874,0.0,0.0001839977150707874,2.016372322785727e-07
0.0001847594637853491,1.4708316331902392e-08,0.0001845424677129674,0.0,0.0001845424677129674,2.022877560497896e-07
0.00018530487917659731,1.4720556733688321e-08,0.00018508721980782563,0.0,0.00018508721980782563,2.0293881203805073e-07
0.00018585029456784558,1.4732812269440082e-08,0.00018563197135469106,0.0,0.00018563197135469106,2.0359040088504885e-07
0.0001863957099590938,1.4745082968476593e-08,0.00018617672235289167,0.0,0.00018617672235289167,2.042425232336883e-07
0.0001869411253503421,1.4757368860195064e-08,0.0001867214728017538,0.0,0.0001867214728017538,2.0489517972808728e-07
0.00018748654074159034,1.47696699740714e-08,0.00018726622270060268,0.0,0.00018726622270060268,2.055483710135817e-07
0.00018803195613283864,1.4781986339660326e-08,0.00018781097204876223,0.0,0.00018781097204876223,2.0620209773672783e-07
0.00018857737152408688,1.4794317986595812e-08,0.00018835572084555498,0.0,0.00018835572084555498,2.0685636054530572e-07
0.00018912278691533518,1.4806664944591173e-08,0.00018890046909030226,0.0,0.00018890046909030226,2.075111600883224e-07
0.00018966820230658342,1.4819027243439404e-08,0.00018944521678232397,0.0,0.00018944521678232397,2.081664970160151e-07
0.00019021361769783166,1.4831404913013466e-08,0.00018998996392093878,0.0,0.00018998996392093878,2.0882237197985408e-07
0.0001907590330890799,1.4843797983266433e-08,0.0001905347105054641,0.0,0.0001905347105054641,2.094787856325465e-07
0.00019130444848032818,1.4856206484231888e-08,0.0001910794565352159,0.0,0.0001910794565352159,2.101357386280391e-07
0.00019184986387157644,1.4868630446024058e-08,0.00019162420200950886,0.0,0.00019162420200950886,2.107932316215215e-07
0.00019239527926282466,1.488106989883822e-08,0.0001921689469276564,0.0,0.0001921689469276564,2.114512652694299e-07
0.00019294069465407296,1.4893524872950835e-08,0.00019271369128897052,0.0,0.00019271369128897058,2.1210984022944967e-07
0.00019348611004532115,1.490599539871985e-08,0.00019325843509276195,0.0,0.00019325843509276195,2.1276895716051922e-07
0.00019403152543656944,1.491848150658504e-08,0.00019380317833834001,0.0,0.00019380317833834004,2.1342861672283294e-07
0.00019457694082781769,1.493098322706819e-08,0.0001943479210250128,0.0,0.0001943479210250128,2.1408881957784448e-07
0.00019512235621906593,1.4943500590773423e-08,0.0001948926631520869,0.0,0.0001948926631520869,2.147495663882703e-07
0.00019566777161031417,1.495603362838743e-08,0.00019543740471886768,0.0,0.00019543740471886768,2.1541085781809267e-07
0.00019621318700156244,1.4968582370679808e-08,0.00019598214572465913,0.0,0.00019598214572465915,2.1607269453256318e-07
0.00019675860239281066,1.4981146848503324e-08,0.00019652688616876397,0.0,0.00019652688616876397,2.1673507719820624e-07
0.0001973040177840589,1.4993727092794128e-08,0.0001970716260504833,0.0,0.0001970716260504833,2.1739800648282198e-07
0.00019784943317530722,1.500632318095559e-08,0.0001976163653690719,0.0,0.0001976163653690719,2.1806148305438257e-07
0.00019841757420785753,1.514360062510571e-08,0.00019818369974213966,0.0,0.00019818369974213966,2.1873086509274753e-07
0.00019898634650822176,1.5173645861390172e-08,0.00019875177162836244,0.0,0.00019875177162836244,2.19401233997941e-07
0.00019955575007639994,1.5203669915441226e-08,0.00019932047344644474,0.0,0.00019932047344644474,2.2007296003978024e-07
0.00020012578491239205,1.523366581626954e-08,0.00019988980520611305,0.0,0.00019988980520611305,2.2074604046272187e-07
0.0002006964510161981,1.526363754736393e-08,0.00020045976690588873,0.0,0.00020045976690588873,2.214204727620038e-07
0.00020126774838781812,1.5293588779747163e-08,0.0002010303585443697,0.0,0.0002010303585443697,2.2209625466864556e-07
0.000201839677027252,1.5323522905650372e-08,0.0002016015801202154,0.0,0.0002016015801202154,2.2277338413095587e-07
0.00020241223693449992,1.535344306791453e-08,0.00020217343163213402,0.0,0.00020217343163213402,2.2345185929797285e-07
0.00020298542810956173,1.5383352185856534e-08,0.00020274591307887133,0.0,0.00020274591307887133,2.2413167850460422e-07
0.0002035592505524375,1.5413252977947625e-08,0.00020331902445920128,0.0,0.0002033190244592013,2.2481284025825978e-07
0.0002041337042631272,1.544314797741612e-08,0.00020389276577191634,0.0,0.00020389276577191634,2.2549534323345694e-07
0.00020470878924163082,1.5473039553139307e-08,0.00020446713701581604,0.0,0.00020446713701581604,2.261791862616548e-07
0.00020528450548794842,1.5502929941833686e-08,0.00020504213818970884,0.0,0.00020504213818970884,2.2686436829774513e-07
0.00020586085300207998,1.5532821235897865e-08,0.0002056177692924166,0.0,0.0002056177692924166,2.2755088842752385e-07
0.0002064378317840255,1.556271540604446e-08,0.0002061940303227599,0.0,0.0002061940303227599,2.2823874585952635e-07
0.00020701544183378493,1.5592614312254635e-08,0.00020677092127955509,0.0,0.00020677092127955509,2.2892793991759793e-07
0.0002075936831513583,1.5622519713568102e-08,0.00020734844216161062,0.0,0.00020734844216161062,2.2961847003411504e-07
0.00020817255573674562,1.565243327684726e-08,0.000207926592967725,0.0,0.000207926592967725,2.3031033574378863e-07
0.00020875205958994692,1.568235658468163e-08,0.00020850537369668427,0.0,0.00020850537369668427,2.3100353667799046e-07
0.0002093321947109621,1.571229114244118e-08,0.00020908478434726013,0.0,0.00020908478434726013,2.3169807255955077e-07
0.00020991296109979128,1.5742238384673756e-08,0.00020966482491820867,0.0,0.00020966482491820867,2.3239394319797994e-07
0.00021049435875643437,1.5772199679645715e-08,0.00021024549540826965,0.0,0.00021024549540826974,2.330911484850457e-07
0.0002110763876808915,1.5802176336696835e-08,0.00021082679581616406,0.0,0.00021082679581616406,2.3378968839073472e-07
0.00021165904787316247,1.583216961143836e-08,0.0002114087261405915,0.0,0.0002114087261405915,2.344895629595691e-07
0.00021224233933324742,1.5862180707635486e-08,0.00021199128638023265,0.0,0.00021199128638023268,2.3519077230713343e-07
0.0002128262620611463,1.5892210782400123e-08,0.00021257447653374702,0.0,0.00021257447653374702,2.3589331661689615e-07
0.00021341081605685914,1.5922260949244925e-08,0.0002131582965997726,0.0,0.0002131582965997726,2.365971961372514e-07
0.0002139960013203859,1.59523322813621e-08,0.00021374274657692574,0.0,0.0002137427465769258,2.3730241117877702e-07
0.00021458181785172665,1.5982425815149043e-08,0.00021432782646379974,0.0,0.00021432782646379974,2.3800896211171167e-07
0.00021516826565088132,1.6012542552655658e-08,0.00021491353625896503,0.0,0.00021491353625896503,2.387168493636032e-07
0.00021575534471784987,1.6042683463900005e-08,0.00021549987596096884,0.0,0.00021549987596096884,2.394260734171164e-07
0.00021634305505263243,1.6072849489287827e-08,0.00021608684556833515,0.0,0.00021608684556833515,2.4013663480799764e-07
0.00021693139665522897,1.6103041541715427e-08,0.00021667444507956408,0.0,0.0002166744450795641,2.4084853412317894e-07
0.00021752036952563944,1.6133260508425978e-08,0.000217262674493132,0.0,0.000217262674493132,2.415617719990088e-07
0.00021810997366386383,1.616350725277206e-08,0.00021785153380749143,0.0,0.00021785153380749143,2.422763491196005e-07
0.00021870020906990218,1.6193782616418734e-08,0.00021844102302107045,0.0,0.00021844102302107045,2.429922662153107e-07
0.00021929107574375443,1.622449961418916e-08,0.00021903114171490417,0.0,0.00021903114171490417,2.4370952923612736e-07
0.00021988194241760677,1.6237650059698353e-08,0.00021962127738203515,0.0,0.00021962127738203515,2.444273855118904e-07
0.000220472809091459,1.625081638095394e-08,0.00022021141246088738,0.0,0.00022021141246088738,2.451458141906728e-07
0.00022106367576531127,1.626399847977846e-08,0.00022080154695088984,0.0,0.00022080154695088984,2.4586481594167295e-07
0.00022165454243916358,1.6277196386080255e-08,0.0002213916808513423,0.0,0.00022139168085134233,2.4658439143516325e-07
0.00022224540911301583,1.629041012973132e-08,0.00022198181416154344,0.0,0.00022198181416154344,2.4730454134265e-07
0.0002228362757868681,1.630363974063424e-08,0.0002225719468807906,0.0,0.0002225719468807906,2.480252663368747e-07
0.0002234271424607204,1.631688524877136e-08,0.00022316207900837978,0.0,0.00022316207900837978,2.4874656709181767e-07
0.00022401800913457266,1.6330146684199666e-08,0.00022375221054360577,0.0,0.00022375221054360577,2.4946844428270025e-07
0.00022460887580842492,1.6343424077054262e-08,0.00022434234148576188,0.0,0.00022434234148576188,2.5019089858598853e-07
0.00022519974248227722,1.635671745754879e-08,0.00022493247183414026,0.0,0.00022493247183414026,2.5091393067939663e-07
0.00022579060915612947,1.637002685597601e-08,0.0002255226015880316,0.0,0.0002255226015880316,2.5163754124188923e-07
0.00022638147582998178,1.6383352302708027e-08,0.00022611273074672538,0.0,0.0002261127307467254,2.5236173095368545e-07
0.00022697234250383406,1.6396693828196843e-08,0.00022670285930950955,0.0,0.00022670285930950955,2.530865004962617e-07
0.00022756320917768626,1.6410051462974497e-08,0.000227292987275671,0.0,0.000227292987275671,2.538118505523548e-07
0.0002281540758515386,1.6423425237653524e-08,0.00022788311464449497,0.0,0.00022788311464449503,2.545377818059655e-07
0.0002287449425253909,1.643681518290926e-08,0.0002284732414152656,0.0,0.00022847324141526566,2.55264294942361e-07
0.0002293358091992432,1.6450221329325513e-08,0.0002290633675872658,0.0,0.0002290633675872658,2.559913906480711e-07
0.0002299266758730955,1.6463643707965572e-08,0.0002296534931597766,0.0,0.0002296534931597766,2.56719069610907e-07
0.0002305175425469478,1.6477082349766247e-08,0.00023024361813207806,0.0,0.00023024361813207806,2.5744733251995703e-07
0.00023110840922080004,1.649053728574364e-08,0.00023083374250344873,0.0,0.00023083374250344876,2.581761800655894e-07
0.00023169927589465237,1.6504008546998875e-08,0.00023142386627316588,0.0,0.0002314238662731659,2.589056129394557e-07
0.0002322901425685046,1.651749616471679e-08,0.0002320139894405054,0.0,0.0002320139894405054,2.5963563183449415e-07
0.00023288100924235685,1.653100017016271e-08,0.00023260411200474177,0.0,0.0002326041120047418,2.603662374449331e-07
0.00023347187591620915,1.6544520594684884e-08,0.00023319423396514816,0.0,0.00023319423396514816,2.6109743046629404e-07
0.0002340627425900614,1.6558057469714498e-08,0.0002337843553209963,0.0,0.00023378435532099632,2.6182921159539513e-07
0.00023465360926391368,1.6571610826766168e-08,0.00023437447607155658,0.0,0.00023437447607155658,2.625615815303545e-07
0.00023524447593776594,1.658518069743808e-08,0.00023496459621609792,0.0,0.00023496459621609797,2.6329454097059317e-07
0.00023583534261161824,1.6598767113412316e-08,0.000235554715753888,0.0,0.000235554715753888,2.6402809061683943e-07
0.0002364262092854705,1.6612370106455083e-08,0.00023614483468419292,0.0,0.00023614483468419292,2.647622311711311e-07
0.00023701707595932277,1.6625989708417034e-08,0.00023673495300627752,0.0,0.00023673495300627752,2.654969633368197e-07
0.00023760794263317508,1.663962595123354e-08,0.00023732507071940525,0.0,0.00023732507071940525,2.6623228781857334e-07
0.00023819880930702733,1.6653278866925006e-08,0.00023791518782283804,0.0,0.00023791518782283807,2.669682053223804e-07
0.0002387896759808796,1.666694848759711e-08,0.00023850530431583647,0.0,0.00023850530431583647,2.67704716555553e-07
0.0002393805426547319,1.6680634845441056e-08,0.00023909542019765972,0.0,0.00023909542019765972,2.684418222267301e-07
0.00023997140932858417,1.6694337910105233e-08,0.0002396855354676334,0.0,0.0002396855354676334,2.69179523040662e-07
0.0002405850016437385,1.6817084469774387e-08,0.00024029826206705584,0.0,0.00024029826206705586,2.69922492212887e-07
0.0002411992252267067,1.6848677231350334e-08,0.0002409117100756037,0.0,0.0002409117100756037,2.7066647387165555e-07
0.00024181408007748883,1.6880251398605284e-08,0.0002415257879464087,0.0,0.0002415257879464087,2.7141187968152266e-07
0.00024242956619608498,1.6911799184845358e-08,0.00024214049568994453,0.0,0.00024214049568994453,2.721587069556099e-07
0.000243045683582495,1.6943324598885668e-08,0.00024275583330463833,0.0,0.00024275583330463836,2.7290695325780314e-07
0.00024366243223671906,1.6974831336177567e-08,0.00024337180078899432,0.0,0.00024337180078899432,2.7365661638855687e-07
0.000244279812158757,1.7006322813006516e-08,0.00024398839814157756,0.0,0.00024398839814157756,2.7440769436640303e-07
0.00024489782334860896,1.7037802196048512e-08,0.0002446056253610015,0.0,0.0002446056253610015,2.751601854113974e-07
0.00024551646580627483,1.706927242821472e-08,0.00024522348244591637,0.0,0.00024522348244591637,2.759140879302648e-07
0.00024613573953175466,1.710073625132771e-08,0.00024584196939500026,0.0,0.00024584196939500026,2.7666940050303306e-07
0.0002467556445250484,1.7132196219460864e-08,0.00024646108620694773,0.0,0.00024646108620694773,2.774261218811697e-07
0.00024737618078615606,1.716365472901106e-08,0.0002470808328804603,0.0,0.0002470808328804603,2.7818425096676156e-07
0.0002479973483150777,1.7195114037262133e-08,0.00024770120941425066,0.0,0.0002477012094142507,2.7894378678973604e-07
0.0002486191471118133,1.7226576259307106e-08,0.0002483222158070423,0.0,0.0002483222158070423,2.7970472851173426e-07
0.0002492415771763628,1.725804338845052e-08,0.0002489438520575564,0.0,0.0002489438520575564,2.8046707541795046e-07
0.00024986463850872634,1.728951730718213e-08,0.0002495661181645094,0.0,0.0002495661181645094,2.8123082690970594e-07
0.00025048833110890374,1.7320999796986055e-08,0.00025018901412660906,0.0,0.00025018901412660906,2.819959824976722e-07
0.00025111265497689504,1.7352492547127846e-08,0.00025081253994255225,0.0,0.00025081253994255225,2.827625417956777e-07
0.00025173761011270036,1.7383997162544022e-08,0.0002514366956110228,0.0,0.00025143669561102284,2.835305045150364e-07
0.0002523631965163197,1.7415515170939603e-08,0.00025206148113068936,0.0,0.00025206148113068936,2.842998704593488e-07
0.00025298941418775285,1.7447048029186194e-08,0.0002526868965002039,0.0,0.0002526868965002039,2.8507063951972664e-07
0.0002536162631269999,1.747859712910125e-08,0.0002533129417182004,0.0,0.0002533129417182004,2.8584281167040133e-07
0.00025424374333406094,1.7510163802674065e-08,0.00025393961678329366,0.0,0.00025393961678329366,2.866163869646803e-07
0.0002548718548089361,1.7541749326244386e-08,0.0002545669216940786,0.0,0.0002545669216940786,2.8739136553120645e-07
0.0002555005975516251,1.757335492617647e-08,0.00025519485644912834,0.0,0.00025519485644912834,2.881677475705299e-07
0.000256129971562128,1.7604981781348456e-08,0.00025582342104699476,0.0,0.0002558234210469948,2.8894553335190857e-07
0.00025675997684044486,1.7636631027867423e-08,0.00025645261548620666,0.0,0.00025645261548620666,2.897247232103785e-07
0.00025739061338657577,1.7668303762167218e-08,0.0002570824397652695,0.0,0.0002570824397652695,2.905053175440366e-07
0.00025802188120052047,1.7700001043132225e-08,0.00025771289388266586,0.0,0.00025771289388266586,2.9128731681149543e-07
0.0002584719751518631,1.3497906438495926e-08,0.0002581665862743397,0.0,0.0002581665862743397,2.9189097108486654e-07
0.00025892270037101967,1.3524136817276302e-08,0.00025861668476812635,0.0,0.00025861668476812635,2.9249146607601794e-07
0.0002593740568579902,1.3550360198459544e-08,0.00025906741337794947,0.0,0.00025906741337794947,2.9309311984228784e-07
0.00025982604461277463,1.357661677911136e-08,0.0002595187720625337,0.0,0.0002595187720625337,2.936959334618724e-07
0.0002602786636353731,1.3602906986103307e-08,0.0002599707608203126,0.0,0.0002599707608203126,2.9429990807440863e-07
0.0002607319139257854,1.3629231246549642e-08,0.00026042337964969837,0.0,0.00026042337964969837,2.9490504484041964e-07
0.00026118579548401166,1.3655589987282123e-08,0.00026087662854908317,0.0,0.0002608766285490832,2.9551134494111854e-07
0.0002616403083100519,1.3682172386734101e-08,0.0002613305073232022,0.0,0.0002613305073232022,2.9611881446299823e-07
0.00026209482113609205,1.3690698965694926e-08,0.0002617844037560256,0.0,0.0002617844037560256,2.967266811007675e-07
0.0002625493339621323,1.3699232380708375e-08,0.000262238299807289,0.0,0.000262238299807289,2.973349224626708e-07
0.00026300384678817256,1.3707772534183376e-08,0.00026269219547679884,0.0,0.00026269219547679884,2.9794353883953925e-07
0.00026345835961421286,1.371631943404736e-08,0.00026314609076425637,0.0,0.00026314609076425637,2.9855253052240265e-07
0.000263912872440253,1.3724873088243043e-08,0.0002635999856693622,0.0,0.0002635999856693622,2.991618978026271e-07
0.0002643673852662932,1.3733433504726769e-08,0.0002640538801918166,0.0,0.0002640538801918166,2.99771640971916e-07
0.00026482189809233346,1.3742000691466236e-08,0.0002645077743313197,0.0,0.0002645077743313197,3.003817603223102e-07
0.00026527641091837365,1.3750574656444754e-08,0.00026496166808757097,0.0,0.00026496166808757097,3.0099225614618897e-07
0.00026573092374441385,1.3759155407656811e-08,0.0002654155614602699,0.0,0.00026541556146026995,3.016031287362702e-07
0.00026618543657045405,1.3767742953109578e-08,0.00026586945444911534,0.0,0.0002658694544491154,3.0221437838561106e-07
0.0002666399493964943,1.3776337300823108e-08,0.00026632334705380584,0.0,0.00026632334705380584,3.0282600538760834e-07
0.00026709446222253445,1.3784938458830279e-08,0.0002667772392740396,0.0,0.0002667772392740396,3.0343801003599906e-07
0.0002675489750485747,1.3793546435176873e-08,0.0002672311311095146,0.0,0.0002672311311095146,3.0405039262486115e-07
0.0002680034878746149,1.380216123792158e-08,0.0002676850225599284,0.0,0.0002676850225599284,3.046631534486138e-07
0.0002684580007006552,1.381078287513612e-08,0.00026813891362497804,0.0,0.00026813891362497804,3.0527629280201784e-07
0.0002689125135266954,1.3819411354905134e-08,0.00026859280430436037,0.0,0.00026859280430436037,3.058898109801768e-07
0.00026936702635273565,1.3828046685326214e-08,0.00026904669459777177,0.0,0.00026904669459777177,3.0650370827853683e-07
0.00026982153917877585,1.3836688874509981e-08,0.00026950058450490844,0.0,0.00026950058450490844,3.071179849928876e-07
0.0002702760520048161,1.3845337930579978e-08,0.00026995447402546616,0.0,0.00026995447402546616,3.077326414193627e-07
0.0002707305648308563,1.3853993861672817e-08,0.00027040836315914027,0.0,0.00027040836315914027,3.083476778544399e-07
0.0002711850776568965,1.3862656675938035e-08,0.00027086225190562567,0.0,0.0002708622519056256,3.0896309459494264e-07
0.0002716395904829367,1.3871326381538279e-08,0.0002713161402646171,0.0,0.00027131614026461716,3.0957889193803917e-07
0.00027209410330897695,1.388000298664914e-08,0.00027177002823580904,0.0,0.00027177002823580904,3.101950701812442e-07
0.00027254861613501715,1.3888686499459233e-08,0.00027222391581889526,0.0,0.00027222391581889526,3.1081162962241913e-07
0.00027300312896105745,1.3897376928170292e-08,0.0002726778030135694,0.0,0.00027267780301356946,3.114285705597721e-07
0.0002734576417870976,1.3906074280997052e-08,0.00027313168981952477,0.0,0.00027313168981952477,3.1204589329185925e-07
0.0002739121546131378,1.3914778566167404e-08,0.000273585576236454,0.0,0.000273585576236454,3.126635981175848e-07
0.00027436666743917804,1.3923489791922235e-08,0.00027403946226404986,0.0,0.00027403946226404986,3.1328168533620186e-07
0.0002748211802652182,1.3932207966515612e-08,0.00027449334790200435,0.0,0.0002744933479020044,3.139001552473126e-07
0.0002752756930912584,1.3940933098214694e-08,0.00027494723315000933,0.0,0.00027494723315000933,3.145190081508691e-07
0.0002757302059172986,1.3949665195299806e-08,0.00027540111800775606,0.0,0.00027540111800775606,3.15138244347174e-07
0.0002761847187433388,1.395840426606443e-08,0.0002758550024749358,0.0,0.0002758550024749358,3.1575786413688063e-07
0.000276639231569379,1.3967150318815234e-08,0.0002763088865512392,0.0,0.0002763088865512392,3.163778678209939e-07
0.0002770937443954193,1.397590336187211e-08,0.0002767627702363566,0.0,0.0002767627702363566,3.1699825570087065e-07
0.00027754825722145954,1.3984663403568164e-08,0.00027721665352997774,0.0,0.00027721665352997774,3.1761902807822045e-07
0.0002780027700474997,1.3993430452249733e-08,0.00027767053643179237,0.0,0.00027767053643179237,3.182401852551056e-07
0.00027845728287354004,1.4002204516276472e-08,0.00027812441894148977,0.0,0.00027812441894148977,3.1886172753394247e-07
0.00027891179569958024,1.4010985604021267e-08,0.0002785783010587587,0.0,0.0002785783010587587,3.1948365521750146e-07
0.0002793663085256204,1.4019773723870422e-08,0.0002790321827832877,0.0,0.0002790321827832877,3.2010596860890764e-07
0.00027982082135166064,1.4028568884223485e-08,0.0002794860641147647,0.0,0.0002794860641147648,3.207286680116416e-07
0.00028027533417770083,1.4037371093493408e-08,0.00027993994505287785,0.0,0.00027993994505287785,3.2135175372953943e-07
0.000280729847003741,1.404618036010654e-08,0.0002803938255973141,0.0,0.0002803938255973141,3.2197522606679397e-07
0.0002811843598297811,1.405499669250261e-08,0.00028084770574776066,0.0,0.00028084770574776066,3.2259908532795486e-07
0.0002816388726558214,1.4063820099134845e-08,0.0002813015855039043,0.0,0.0002813015855039043,3.2322333181792934e-07
0.00028209338548186157,1.4072650588469902e-08,0.00028175546486543105,0.0,0.00028175546486543116,3.238479658419828e-07
0.00028254789830790177,1.408148816898792e-08,0.00028220934383202704,0.0,0.00028220934383202704,3.2447298770573904e-07
0.000283002411133942,1.409033284918254e-08,0.0002826632224033777,0.0,0.0002826632224033777,3.250983977151812e-07
0.00028345692395998227,1.409918463756102e-08,0.00028311710057916803,0.0,0.0002831171005791681,3.257241961766523e-07
0.00028391143678602247,1.410804354264407e-08,0.000283570978359083,0.0,0.000283570978359083,3.263503833968554e-07
0.0002843659496120628,1.4116909572966056e-08,0.00028402485574280693,0.0,0.00028402485574280693,3.2697695968285463e-07
0.000284820462438103,1.4125782737075001e-08,0.0002844787327300238,0.0,0.0002844787327300238,3.276039253420754e-07
0.0002852749752641432,1.4134663043532485e-08,0.00028493260932041737,0.0,0.00028493260932041737,3.2823128068230553e-07
0.00028572948809018337,1.4143550500913794e-08,0.00028538648551367077,0.0,0.0002853864855136708,3.288590260116952e-07
0.0002861840009162237,1.4152445117807939e-08,0.00028584036130946714,0.0,0.00028584036130946714,3.294871616387575e-07
0.0002866385137422638,1.4161346902817622e-08,0.00028629423670748866,0.0,0.00028629423670748866,3.3011568787236936e-07
0.0002870930265683042,1.41702558645593e-08,0.00028674811170741776,0.0,0.00028674811170741776,3.307446050217722e-07
0.00028754753939434427,1.4179172011663216e-08,0.000287201986308936,0.0,0.000287201986308936,3.313739133965722e-07
0.00028800205222038447,1.4188095352773405e-08,0.00028765586051172497,0.0,0.00028765586051172497,3.320036133067408e-07
0.0002884565650464247,1.4197025896547776e-08,0.0002881097343154655,0.0,0.0002881097343154655,3.3263370506261567e-07
0.00028891107787246486,1.4205963651658043e-08,0.0002885636077198383,0.0,0.0002885636077198383,3.3326418897490105e-07
0.00028936559069850506,1.4214908626789793e-08,0.00028901748072452364,0.0,0.00028901748072452364,3.3389506535466803e-07
0.00028982010352454537,1.422386083064259e-08,0.0002894713533292013,0.0,0.0002894713533292013,3.345263345133558e-07
0.00029027461635058557,1.4232820271929917e-08,0.0002899252255335508,0.0,0.0002899252255335508,3.3515799676277157e-07
0.0002907291291766258,1.4241786959379204e-08,0.0002903790973372513,0.0,0.0002903790973372513,3.3579005241509167e-07
0.00029118364200266596,1.4250760901731892e-08,0.00029083296873998134,0.0,0.00029083296873998134,3.364225017828616e-07
0.0002916381548287062,1.4259742107743447e-08,0.00029128683974141944,0.0,0.00029128683974141944,3.370553451789973e-07
0.00029209266765474647,1.4268730586183371e-08,0.0002917407103412434,0.0,0.0002917407103412434,3.376885829167851e-07
0.00029254718048078666,1.4277726345835276e-08,0.00029219458053913094,0.0,0.00029219458053913094,3.3832221530988247e-07
0.00029300169330682697,1.4286729395496882e-08,0.0002926484503347591,0.0,0.0002926484503347591,3.389562426723187e-07
0.0002934562061328672,1.4295739743980005e-08,0.00029310231972780467,0.0,0.00029310231972780467,3.395906653184956e-07
0.0002939107189589074,1.4304757400110639e-08,0.0002935561887179441,0.0,0.0002935561887179441,3.402254835631878e-07
0.00029436523178494756,1.4313782373191991e-08,0.00029401005730485285,0.0,0.00029401005730485285,3.4086069772156194e-07
0.0002948197446109878,1.4322814671592481e-08,0.00029446392548820703,0.0,0.00029446392548820703,3.414963081091406e-07
0.000295274257437028,1.4331854304181044e-08,0.000294917793267682,0.0,0.000294917793267682,3.4213231504182e-07
0.00029572877026306816,1.4340901279841626e-08,0.0002953716606429525,0.0,0.0002953716606429525,3.427687188358718e-07
0.00029618328308910835,1.4349955607472495e-08,0.000295825527613693,0.0,0.000295825527613693,3.4340551980794373e-07
0.0002966377959151486,1.4359017295986378e-08,0.00029627939417957764,0.0,0.00029627939417957764,3.4404271827506e-07
0.0002970923087411888,1.4368086354310457e-08,0.0002967332603402799,0.0,0.00029673326034027986,3.4468031455462194e-07
0.000297546821567229,1.4377162791386276e-08,0.00029718712609547323,0.0,0.00029718712609547323,3.4531830896440855e-07
0.00029800133439326925,1.4386246616169927e-08,0.0002976409914448305,0.0,0.0002976409914448305,3.459567018225773e-07
0.0002984558472193094,1.4395337837631787e-08,0.00029809485638802413,0.0,0.00029809485638802413,3.465954934476646e-07
0.0002989103600453497,1.440443646475661e-08,0.0002985487209247263,0.0,0.0002985487209247263,3.472346841585863e-07
0.0002993648728713899,1.441354250654377e-08,0.00029900258505460874,0.0,0.00029900258505460874,3.478742742746384e-07
0.0002998193856974301,1.4422655972006925e-08,0.00029945644877734257,0.0,0.00029945644877734257,3.4851426411549776e-07
0.0003002738985234703,1.4431776870174305e-08,0.0002999103120925988,0.0,0.0002999103120925988,3.4915465400122213e-07
0.00030072841134951044,1.4440905210088622e-08,0.0003003641750000481,0.0,0.0003003641750000481,3.497954442522519e-07
0.0003011829241755507,1.4450041000807194e-08,0.00030081803749936045,0.0,0.00030081803749936045,3.5043663518940925e-07
0.00030163743700159095,1.445918425140186e-08,0.00030127189959020564,0.0,0.00030127189959020564,3.5107822713390015e-07
0.0003020919498276311,1.4468334970959126e-08,0.00030172576127225284,0.0,0.00030172576127225284,3.517202204073136e-07
0.0003025464626536714,1.4477493168580097e-08,0.0003021796225451711,0.0,0.0003021796225451711,3.5236261533162353e-07
0.0003030009754797116,1.4486658853380746e-08,0.000302633483408629,0.0,0.000302633483408629,3.530054122291887e-07
0.00030345548830575174,1.4495832034491515e-08,0.0003030873438622945,0.0,0.0003030873438622945,3.536486114227533e-07
0.0003039100011317919,1.450501272105781e-08,0.00030354120390583547,0.0,0.0003035412039058354,3.5429221323544775e-07
0.00030436451395783213,1.4514200922239748e-08,0.0003039950635389191,0.0,0.0003039950635389191,3.549362179907893e-07
0.00030481902678387233,1.4523396647212309e-08,0.00030444892276121246,0.0,0.00030444892276121246,3.555806260126825e-07
0.00030527353960991253,1.4532599905165286e-08,0.00030490278157238197,0.0,0.00030490278157238197,3.5622543762542014e-07
0.0003057280524359528,1.4541810705303443e-08,0.00030535663997209383,0.0,0.00030535663997209383,3.5687065315368357e-07
0.000306182565261993,1.4551029056846398e-08,0.0003058104979600136,0.0,0.0003058104979600136,3.5751627292254325e-07
0.0003066370780880332,1.4560254969028756e-08,0.0003062643555358067,0.0,0.0003062643555358067,3.581622972574597e-07
0.00030709159091407343,1.456948845110018e-08,0.0003067182126991379,0.0,0.0003067182126991379,3.5880872648428384e-07
0.0003075461037401136,1.4578729512325262e-08,0.00030717206944967207,0.0,0.00030717206944967207,3.5945556092925767e-07
0.0003080006165661538,1.4587978161983703e-08,0.0003076259257870728,0.0,0.0003076259257870728,3.601028009190149e-07
0.000308455129392194,1.4597234409370315e-08,0.00030807978171100404,0.0,0.00030807978171100404,3.607504467805819e-07
0.0003089096422182343,1.460649826379495e-08,0.0003085336372211291,0.0,0.00030853363722112916,3.6139849884137757e-07
0.00030936415504427447,1.461576973458275e-08,0.0003089874923171107,0.0,0.0003089874923171107,3.62046957429215e-07
0.00030981866787031467,1.4625048831073929e-08,0.00030944134699861125,0.0,0.00030944134699861125,3.626958228723009e-07
0.00031027318069635487,1.4634335562623948e-08,0.000309895201265293,0.0,0.000309895201265293,3.633450954992375e-07
0.0003107276935223952,1.4643629938603541e-08,0.0003103490551168175,0.0,0.0003103490551168175,3.639947756390219e-07
0.0003111822063484353,1.4652931968398748e-08,0.00031080290855284586,0.0,0.0003108029085528459,3.6464486362104776e-07
0.00031163671917447557,1.4662241661410868e-08,0.000311256761573039,0.0,0.00031125676157303905,3.652953597751054e-07
0.0003120912320005158,1.4671559027056584e-08,0.0003117106141770574,0.0,0.0003117106141770574,3.6594626443138246e-07
0.000312545744826556,1.4680884074767923e-08,0.00031216446636456077,0.0,0.00031216446636456077,3.6659757792046495e-07
0.0003130002576525962,1.469021681399237e-08,0.00031261831813520895,0.0,0.00031261831813520895,3.672493005733371e-07
0.00031345477047863647,1.4699557254192804e-08,0.00031307216948866086,0.0,0.00031307216948866086,3.679014327213827e-07
0.00031390928330467667,1.4708905404847635e-08,0.00031352602042457545,0.0,0.00031352602042457545,3.6855397469638556e-07
0.0003143637961307168,1.4718261275450727e-08,0.0003139798709426109,0.0,0.0003139798709426109,3.6920692683052997e-07
0.00031481830895675706,1.472762487551151e-08,0.0003144337210424251,0.0,0.0003144337210424251,3.698602894564014e-07
0.0003152728217827972,1.4736996214554996e-08,0.00031488757072367575,0.0,0.00031488757072367575,3.705140629069874e-07
0.0003157273346088375,1.4746375302121764e-08,0.00031534141998601966,0.0,0.00031534141998601966,3.71168247515678e-07
0.0003161818474348777,1.4755762147768064e-08,0.0003157952688291136,0.0,0.00031579526882911365,3.718228436162664e-07
0.0003166363602609179,1.476515676106579e-08,0.0003162491172526139,0.0,0.0003162491172526139,3.7247785154294923e-07
0.00031709087308695816,1.4774559151602523e-08,0.0003167029652561762,0.0,0.0003167029652561762,3.731332716303283e-07
0.00031754538591299825,1.4783969328981582e-08,0.0003171568128394559,0.0,0.0003171568128394559,3.737891042134103e-07
0.00031799989873903856,1.4793387302822153e-08,0.00031761066000210816,0.0,0.00031761066000210816,3.7444534962760725e-07
0.00031845441156507875,1.4802813082759027e-08,0.00031806450674378735,0.0,0.00031806450674378735,3.751020082087381e-07
0.000318908924391119,1.4812246678442998e-08,0.0003185183530641476,0.0,0.0003185183530641476,3.757590802930286e-07
0.00031936343721715926,1.4821688099540587e-08,0.0003189721989628426,0.0,0.0003189721989628426,3.7641656621711245e-07
0.00031981795004319946,1.4831137355734352e-08,0.0003194260444395256,0.0,0.0003194260444395256,3.770744663180316e-07
0.0003202724628692397,1.484059445672264e-08,0.0003198798894938498,0.0,0.0003198798894938498,3.7773278093323724e-07
0.00032072697569528007,1.4850059412219843e-08,0.00032033373412546713,0.0,0.00032033373412546713,3.7839151040059006e-07
0.0003211814885213202,1.4859532231956322e-08,0.00032078757833402987,0.0,0.0003207875783340299,3.7905065505836104e-07
0.00032163600134736046,1.4869012925678422e-08,0.00032124142211918953,0.0,0.00032124142211918953,3.797102152452325e-07
0.0003220905141734007,1.4878501503148639e-08,0.00032169526548059724,0.0,0.00032169526548059724,3.803701913002983e-07
0.00032254502699944086,1.4887997974145557e-08,0.00032214910841790365,0.0,0.00032214910841790365,3.8103058356306464e-07
0.00032299953982548106,1.4897502348463702e-08,0.00032260295093075917,0.0,0.00032260295093075917,3.816913923734506e-07
0.00032345405265152126,1.490701463591402e-08,0.0003230567930188136,0.0,0.0003230567930188136,3.8235261807178943e-07
0.0003239085654775615,1.491653484632347e-08,0.0003235106346817164,0.0,0.0003235106346817164,3.8301426099882817e-07
0.00032436307830360165,1.4926062989535276e-08,0.00032396447591911644,0.0,0.00032396447591911644,3.8367632149572937e-07
0.00032481759112964196,1.4935599075408935e-08,0.00032441831673066246,0.0,0.00032441831673066246,3.8433879990407087e-07
0.0003252721039556821,1.4945143113820266e-08,0.0003248721571160024,0.0,0.0003248721571160025,3.8500169656584726e-07
0.0003257266167817223,1.4954695114661344e-08,0.0003253259970747841,0.0,0.0003253259970747841,3.856650118234698e-07
0.0003261811296077625,1.496425508784069e-08,0.000325779836606655,0.0,0.00032577983660665494,3.8632874601976816e-07
0.0003266356424338028,1.497382304328314e-08,0.0003262336757112615,0.0,0.0003262336757112615,3.869928994979895e-07
0.00032709015525984295,1.4983398991521843e-08,0.00032668751438824964,0.0,0.00032668751438824975,3.8765747260182464e-07
0.00032754466808588325,1.4992982941887993e-08,0.000327141352637266,0.0,0.000327141352637266,3.883224656753605e-07
0.00032799918091192345,1.50025749043589e-08,0.000327595190457956,0.0,0.000327595190457956,3.8898787906310287e-07
0.00032845369373796376,1.5012174888928155e-08,0.0003280490278499648,0.0,0.0003280490278499648,3.896537131099786e-07
0.00032890820656400395,1.5021782905605203e-08,0.000328502864812937,0.0,0.0003285028648129371,3.903199681613367e-07
0.00032936271939004415,1.503139896441595e-08,0.00032895670134651687,0.0,0.00032895670134651687,3.9098664456294846e-07
0.0003298172322160844,1.504102307540284e-08,0.000329410537450348,0.0,0.00032941053745034793,3.916537426610089e-07
0.0003302717450421246,1.5050655248624842e-08,0.00032986437312407387,0.0,0.00032986437312407387,3.9232126280213637e-07
0.0003307262578681648,1.506029549415751e-08,0.0003303182083673373,0.0,0.0003303182083673373,3.929892053333741e-07
0.00033118077069420505,1.506994382209309e-08,0.0003307720431797808,0.0,0.0003307720431797808,3.936575706021908e-07
0.0003316352835202453,1.507960024254049e-08,0.0003312258775610462,0.0,0.0003312258775610462,3.9432635895648076e-07
0.00033208979634628545,1.5089264765625165e-08,0.00033167971151077535,0.0,0.00033167971151077535,3.949955707445654e-07
0.0003325443091723257,1.5098937401489496e-08,0.000332133545028609,0.0,0.000332133545028609,3.95665206315193e-07
0.00033299882199836595,1.5108618160292512e-08,0.00033258737811418815,0.0,0.00033258737811418815,3.963352660175403e-07
0.0003334533348244061,1.5118307052210097e-08,0.0003330412107671527,0.0,0.0003330412107671527,3.970057502012126e-07
0.0003339078476504464,1.512800408743494e-08,0.00033349504298714266,0.0,0.0003334950429871427,3.976766592162447e-07
0.0003343623604764866,1.513770927617667e-08,0.0003339488747737974,0.0,0.0003339488747737974,3.983479934131016e-07
0.0003348168733025268,1.514742262866189e-08,0.00033440270612675546,0.0,0.00033440270612675546,3.990197531426789e-07
0.00033527138612856694,1.5157144155100763e-08,0.0003348565370456556,0.0,0.0003348565370456556,3.9969193875630284e-07
0.0003357258989546073,1.516687386578056e-08,0.0003353103675301358,0.0,0.0003353103675301358,4.003645506057327e-07
0.0003361804117806475,1.5176611770986153e-08,0.00033576419757983336,0.0,0.00033576419757983336,4.01037589043161e-07
0.0003366349246066877,1.5186357881012308e-08,0.00033621802719438563,0.0,0.00033621802719438563,4.0171105442121395e-07
0.00033708943743272795,1.519611220617073e-08,0.0003366718563734288,0.0,0.0003366718563734288,4.023849470929523e-07
0.0003375439502587682,1.520587475679065e-08,0.00033712568511659954,0.0,0.0003371256851165996,4.0305926741187157e-07
0.0003379984630848084,1.5215645543218278e-08,0.0003375795134235333,0.0,0.0003375795134235333,4.0373401573190336e-07
0.00033845297591084865,1.5225424575817092e-08,0.0003380333412938654,0.0,0.0003380333412938654,4.044091924074156e-07
0.0003389074887368889,1.523521186496801e-08,0.0003384871687272307,0.0,0.0003384871687272307,4.0508479779321354e-07
0.00033936200156292905,1.5245007421069247e-08,0.0003389409957232634,0.0,0.0003389409957232634,4.0576083224454016e-07
0.00033981651438896925,1.5254811254536374e-08,0.00033939482228159765,0.0,0.00033939482228159765,4.0643729611707744e-07
0.00034027102721500944,1.5264623375802436e-08,0.00033984864840186667,0.0,0.00033984864840186667,4.0711418976694635e-07
0.00034072554004104964,1.527444379531782e-08,0.0003403024740837036,0.0,0.0003403024740837036,4.0779151355070833e-07
0.0003411800528670899,1.5284272523550582e-08,0.0003407562993267411,0.0,0.0003407562993267411,4.0846926782536536e-07
0.0003416345656931301,1.529410957098621e-08,0.0003412101241306108,0.0,0.0003412101241306108,4.0914745294836096e-07
0.0003420890785191703,1.530395494812783e-08,0.0003416639484949446,0.0,0.00034166394849494467,4.098260692775811e-07
0.00034254359134521054,1.53138086654961e-08,0.0003421177724193737,0.0,0.0003421177724193737,4.1050511717135456e-07
0.00034299810417125074,1.5323670733629423e-08,0.0003425715959035286,0.0,0.0003425715959035286,4.1118459698845384e-07
0.000343452616997291,1.533354116308384e-08,0.0003430254189470398,0.0,0.0003430254189470398,4.118645090880961e-07
0.00034390712982333124,1.5343419964433188e-08,0.0003434792415495368,0.0,0.0003434792415495369,4.1254485382994336e-07
0.00034436164264937144,1.535330714826892e-08,0.000343933063710649,0.0,0.000343933063710649,4.1322563157410377e-07
0.0003448161554754117,1.5363202725200468e-08,0.0003443868854300054,0.0,0.0003443868854300054,4.1390684268113213e-07
0.0003452706683014519,1.5373106705855063e-08,0.00034484070670723403,0.0,0.0003448407067072341,4.1458848751203044e-07
0.0003457251811274921,1.5383019100877768e-08,0.000345294527541963,0.0,0.000345294527541963,4.152705664282488e-07
0.00034617969395353234,1.5392939920931508e-08,0.0003457483479338198,0.0,0.0003457483479338198,4.159530797916865e-07
0.0003466342067795726,1.5402869176697297e-08,0.00034620216788243115,0.0,0.00034620216788243115,4.166360279646919e-07
0.0003470887196056128,1.541280687887419e-08,0.0003466559873874239,0.0,0.0003466559873874239,4.1731941131006426e-07
0.00034754323243165293,1.542275303817913e-08,0.00034710980644842373,0.0,0.0003471098064484238,4.1800323019105344e-07
0.0003479977452576933,1.5432707665347106e-08,0.0003475636250650565,0.0,0.0003475636250650565,4.186874849713615e-07
0.0003484522580837335,1.544267077113142e-08,0.0003480174432369472,0.0,0.0003480174432369473,4.1937217601514276e-07
0.00034890677090977364,1.5452642366303366e-08,0.00034847126096372035,0.0,0.00034847126096372035,4.20057303687005e-07
0.0003493612837358138,1.546262246165245e-08,0.0003489250782450002,0.0,0.0003489250782450002,4.207428683520101e-07
0.0003498157965618541,1.547261106798641e-08,0.0003493788950804104,0.0,0.0003493788950804104,4.214288703756744e-07
0.00035027030938789423,1.5482608196131317e-08,0.0003498327114695741,0.0,0.0003498327114695741,4.221153101239706e-07
0.00035072482221393443,1.5492613856931365e-08,0.0003502865274121142,0.0,0.0003502865274121142,4.2280218796332686e-07
0.0003511793350399747,1.5502628061249403e-08,0.00035074034290765273,0.0,0.00035074034290765273,4.2348950426062896e-07
0.0003516338478660148,1.551265081996631e-08,0.0003511941579558116,0.0,0.0003511941579558117,4.241772593832203e-07
0.0003520883606920551,1.5522682143981702e-08,0.00035164797255621223,0.0,0.00035164797255621223,4.248654536989028e-07
0.0003525428735180953,1.5532722044213368e-08,0.0003521017867084752,0.0,0.0003521017867084752,4.255540875759379e-07
0.0003529973863441356,1.554277053159786e-08,0.0003525556004122209,0.0,0.0003525556004122209,4.262431613830472e-07
0.00035345189917017583,1.555282761709e-08,0.0003530094136670693,0.0,0.0003530094136670693,4.269326754894128e-07
0.000353906411996216,1.556289331166301e-08,0.0003534632264726396,0.0,0.0003534632264726396,4.2762263026467903e-07
0.00035436092482225617,1.557296762630954e-08,0.0003539170388285509,0.0,0.0003539170388285509,4.28313026078952e-07
0.0003548154376482964,1.558305057204025e-08,0.0003543708507344215,0.0,0.0003543708507344216,4.290038633028016e-07
0.0003552699504743367,1.559314215988469e-08,0.00035482466218986946,0.0,0.0003548246621898695,4.2969514230726114e-07
0.0003557244633003768,1.560324240089126e-08,0.0003552784731945121,0.0,0.0003552784731945121,4.3038686346382887e-07
0.00035617897612641707,1.561335130612683e-08,0.0003557322837479664,0.0,0.00035573228374796646,4.3107902714446865e-07
0.0003566334889524572,1.562346888667726e-08,0.00035618609384984893,0.0,0.000356186093849849,4.317716337216104e-07
0.0003570880017784974,1.5633595153647283e-08,0.00035663990349977566,0.0,0.00035663990349977566,4.324646835681512e-07
0.00035754251460453767,1.564373011816051e-08,0.00035709371269736207,0.0,0.00035709371269736207,4.3315817705745594e-07
0.00035799702743057786,1.5653873791359432e-08,0.0003575475214422232,0.0,0.0003575475214422232,4.3385211456335825e-07
0.0003584515402566181,1.5664026184405527e-08,0.00035800132973397357,0.0,0.00035800132973397357,4.3454649646016074e-07
0.0003589060530826584,1.567418730847939e-08,0.00035845513757222725,0.0,0.00035845513757222736,4.352413231226365e-07
0.00035936056590869857,1.5684357174780568e-08,0.00035890894495659774,0.0,0.00035890894495659774,4.359365949260294e-07
0.0003598150787347388,1.5694535795157036e-08,0.00035936275188669755,0.0,0.0003593627518866976,4.366323122460809e-07
0.00036026959156077907,1.570472318017813e-08,0.00035981655836213994,0.0,0.00035981655836213994,4.37328475458979e-07
0.0003607241043868194,1.5714919341104393e-08,0.00036027036438253683,0.0,0.0003602703643825369,4.380250849413841e-07
0.00036117861721285963,1.5725124289215228e-08,0.00036072416994749996,0.0,0.00036072416994749996,4.3872214107043067e-07
0.0003616331300388997,1.5735338035808477e-08,0.00036117797505664026,0.0,0.00036117797505664026,4.3941964422372833e-07
0.00036208764286494,1.5745560592201288e-08,0.00036163177970956846,0.0,0.00036163177970956856,4.4011759477936206e-07
0.0003625421556909802,1.575579196972992e-08,0.00036208558390589456,0.0,0.0003620855839058946,4.4081599311589393e-07
0.0003629966685170205,1.5766032179749226e-08,0.00036253938764522836,0.0,0.00036253938764522846,4.4151483961236265e-07
0.0003634511813430607,1.5776281233634575e-08,0.00036299319092717873,0.0,0.00036299319092717873,4.4221413464828567e-07
0.000363905694169101,1.5786539142780247e-08,0.0003634469937513545,0.0,0.00036344699375135455,4.429138786036589e-07
0.0003643602069951411,1.57968059185996e-08,0.00036390079611736356,0.0,0.00036390079611736356,4.4361407185895873e-07
0.0003648147198211813,1.5807081572525712e-08,0.00036435459802481364,0.0,0.00036435459802481364,4.4431471479514115e-07
0.00036526923264722146,1.5817366116010936e-08,0.00036480839947331185,0.0,0.00036480839947331185,4.4501580779364396e-07
0.00036572374547326166,1.5827659560527122e-08,0.00036526220046246476,0.0,0.0003652622004624648,4.457173512363872e-07
0.00036617825829930197,1.583796191756591e-08,0.0003657160009918786,0.0,0.0003657160009918786,4.4641934550577375e-07
0.0003666327711253421,1.584827319863824e-08,0.0003661698010611588,0.0,0.0003661698010611588,4.471217909846899e-07
0.0003670872839513824,1.5858593415275008e-08,0.0003666236006699106,0.0,0.0003666236006699106,4.478246880565071e-07
0.00036754179677742267,1.586892257902644e-08,0.00036707739981773854,0.0,0.00036707739981773854,4.4852803710508167e-07
0.00036799630960346287,1.5879260701463036e-08,0.00036753119850424667,0.0,0.00036753119850424667,4.492318385147564e-07
0.0003684508224295031,1.5889607794174772e-08,0.0003679849967290385,0.0,0.00036798499672903857,4.4993609267036075e-07
0.00036890533525554326,1.589996386877149e-08,0.0003684387944917172,0.0,0.0003684387944917173,4.506407999572126e-07
0.00036935984808158346,1.5910328936883122e-08,0.0003688925917918855,0.0,0.0003688925917918855,4.513459607611179e-07
0.0003698143609076237,1.5920703010159467e-08,0.0003693463886291452,0.0,0.0003693463886291452,4.5205157546837213e-07
0.00037026887373366396,1.593108610027027e-08,0.0003698001850030979,0.0,0.0003698001850030979,4.527576444657612e-07
0.0003707233865597041,1.594147821890548e-08,0.00037025398091334466,0.0,0.00037025398091334466,4.5346416814056233e-07
0.00037117789938574436,1.595187937777506e-08,0.00037070777635948604,0.0,0.00037070777635948604,4.541711468805442e-07
0.00037163241221178456,1.5962289588609174e-08,0.000371161571341122,0.0,0.000371161571341122,4.548785810739686e-07
0.0003720869250378248,1.5972708863158055e-08,0.000371615365857852,0.0,0.00037161536585785204,4.5558647110959074e-07
0.00037254143786386506,1.5983137213192448e-08,0.00037206915990927527,0.0,0.00037206915990927527,4.5629481737666054e-07
0.00037299595068990526,1.599357465050314e-08,0.00037252295349498985,0.0,0.0003725229534949899,4.5700362026492266e-07
0.00037345046351594546,1.600402118690132e-08,0.00037297674661459395,0.0,0.00037297674661459406,4.5771288016461853e-07
0.00037390497634198566,1.601447683421856e-08,0.00037343053926768504,0.0,0.00037343053926768504,4.5842259746648587e-07
0.0003743594891680259,1.6024941604307064e-08,0.00037388433145385975,0.0,0.00037388433145385975,4.5913277256176046e-07
0.0003748140019940661,1.6035415509039164e-08,0.00037433812317271486,0.0,0.00037433812317271486,4.598434058421768e-07
0.0003752685148201063,1.6045898560308024e-08,0.000374791914423846,0.0,0.0003747919144238461,4.605544976999688e-07
0.0003757230276461465,1.6056390770027243e-08,0.0003752457052068486,0.0,0.00037524570520684866,4.612660485278703e-07
0.00037617754047218665,1.6066892150130984e-08,0.00037569949552131746,0.0,0.00037569949552131746,4.619780587191168e-07
0.0003766320532982269,1.6077402712574072e-08,0.00037615328536684685,0.0,0.00037615328536684685,4.6269052866744564e-07
0.00037708656612426715,1.6087922469332257e-08,0.0003766070747430307,0.0,0.0003766070747430307,4.634034587670969e-07
0.00037754107895030735,1.609845143240174e-08,0.00037706086364946214,0.0,0.00037706086364946214,4.641168494128145e-07
0.0003779955917763476,1.61089896137997e-08,0.0003775146520857339,0.0,0.00037751465208573395,4.6483070099984654e-07
0.0003784501046023878,1.6119537025564096e-08,0.0003779684400514382,0.0,0.0003779684400514383,4.6554501392394724e-07
0.00037890461742842805,1.6130093679753813e-08,0.00037842222754616697,0.0,0.00037842222754616697,4.6625978858137644e-07
0.0003793591302544683,1.6140659588448664e-08,0.0003788760145695109,0.0,0.0003788760145695109,4.6697502536890145e-07
0.0003798136430805085,1.6151234763749424e-08,0.0003793298011210609,0.0,0.00037932980112106095,4.6769072468379737e-07
0.00038026815590654853,1.6161819217777837e-08,0.000379783587200407,0.0,0.000379783587200407,4.684068869238481e-07
0.00038072266873258884,1.617241296267687e-08,0.00038023737280713885,0.0,0.00038023737280713885,4.691235124873477e-07
0.00038117718155862904,1.6183016010610486e-08,0.0003806911579408454,0.0,0.00038069115794084547,4.6984060177310056e-07
0.00038163169438466924,1.6193628373763843e-08,0.0003811449426011152,0.0,0.0003811449426011152,4.705581551804222e-07
0.00038208620721070965,1.6204250064343347e-08,0.0003815987267875361,0.0,0.00038159872678753616,4.7127617310914084e-07
0.00038254072003674974,1.621488109457658e-08,0.00038205251049969565,0.0,0.00038205251049969565,4.719946559595979e-07
0.00038299523286279,1.622552147671245e-08,0.0003825062937371806,0.0,0.0003825062937371806,4.72713604132649e-07
0.00038344974568883024,1.6236171223021372e-08,0.0003829600764995775,0.0,0.0003829600764995775,4.73433018029664e-07
0.00038390425851487044,1.6246830345794926e-08,0.00038341385878647215,0.0,0.00038341385878647226,4.7415289805252936e-07
0.0003843587713409107,1.6257498857346193e-08,0.00038386764059744963,0.0,0.00038386764059744963,4.748732446036479e-07
0.000384813284166951,1.626817677000991e-08,0.0003843214219320951,0.0,0.000384321421932095,4.755940580859402e-07
0.00038526779699299114,1.6278864096142196e-08,0.0003847752027899921,0.0,0.0003847752027899921,4.7631533890284495e-07
0.00038572230981903134,1.628956084812069e-08,0.0003852289831707249,0.0,0.0003852289831707249,4.770370874583206e-07
0.00038617682264507165,1.6300267038344824e-08,0.0003856827630738764,0.0,0.00038568276307387653,4.777593041568458e-07
0.0003866313354711118,1.6310982679235734e-08,0.0003861365424990292,0.0,0.00038613654249902924,4.784819894034202e-07
0.0003870858482971521,1.6321707783236095e-08,0.0003865903214457652,0.0,0.0003865903214457652,4.792051436035654e-07
0.0003875403611231923,1.6332442362810432e-08,0.0003870440999136663,0.0,0.0003870440999136663,4.799287671633262e-07
0.0003879948739492326,1.6343186430445212e-08,0.0003874978779023128,0.0,0.00038749787790231285,4.806528604892707e-07
0.00038844938677527275,1.6353939998648628e-08,0.00038795165541128567,0.0,0.00038795165541128567,4.813774239884923e-07
0.000388903899601313,1.6364703079950777e-08,0.00038840543244016444,0.0,0.00038840543244016444,4.821024580686098e-07
0.00038935841242735314,1.6375475686903835e-08,0.0003888592089885285,0.0,0.00038885920898852855,4.828279631377684e-07
0.0003898129252533934,1.6386257832081947e-08,0.0003893129850559566,0.0,0.0003893129850559567,4.835539396046408e-07
0.0003902674380794336,1.639704952808126e-08,0.0003897667606420271,0.0,0.00038976676064202717,4.84280387878428e-07
0.0003907219509054739,1.6407850787520246e-08,0.0003902205357463175,0.0,0.0003902205357463175,4.850073083688602e-07
0.00039117646373151415,1.6418661623039115e-08,0.00039067431036840495,0.0,0.00039067431036840495,4.857347014861979e-07
0.00039163097655755435,1.642948204730063e-08,0.0003911280845078658,0.0,0.00039112808450786585,4.864625676412323e-07
0.00039208548938359455,1.644031207298978e-08,0.00039158185816427624,0.0,0.0003915818581642763,4.87190907245287e-07
0.00039254000220963474,1.645115171332103e-08,0.00039203563133721113,0.0,0.0003920356313372112,4.87919720710239e-07
0.00039299451503567494,1.6462000980481577e-08,0.00039248940402624593,0.0,0.000392489404026246,4.886490084484785e-07
0.0003934490278617151,1.6472859887216127e-08,0.00039294317623095494,0.0,0.00039294317623095494,4.893787708729287e-07
0.00039390354068775534,1.648372844624855e-08,0.00039339694795091206,0.0,0.00039339694795091206,4.901090083970466e-07
0.00039435805351379553,1.6494606670446863e-08,0.00039385071918569023,0.0,0.0003938507191856903,4.908397214348284e-07
0.0003948125663398358,1.6505494572632508e-08,0.00039430448993486237,0.0,0.00039430448993486237,4.915709104008073e-07
0.00039526707916587604,1.6516392165649138e-08,0.0003947582601980003,0.0,0.0003947582601980004,4.923025757100561e-07
0.00039572159199191624,1.652729946236317e-08,0.00039521202997467567,0.0,0.0003952120299746757,4.930347177781857e-07
0.0003961761048179565,1.6538216475663506e-08,0.0003956657992644595,0.0,0.0003956657992644595,4.937673370213483e-07
0.0003966306176439966,1.65491432184616e-08,0.00039611956806692185,0.0,0.00039611956806692196,4.945004338562369e-07
0.00039708513047003683,1.656007970369167e-08,0.00039657333638163305,0.0,0.00039657333638163305,4.952340087000863e-07
0.000397539643296077,1.657102594431063e-08,0.00039702710420816206,0.0,0.00039702710420816206,4.959680619706756e-07
0.00039799415612211733,1.6581981953298402e-08,0.0003974808715460777,0.0,0.00039748087154607774,4.967025940863263e-07
0.0003984486689481574,1.65929477436574e-08,0.00039793463839494787,0.0,0.00039793463839494787,4.974376054659063e-07
0.0003989031817741978,1.6603923328413242e-08,0.0003983884047543405,0.0,0.0003983884047543405,4.981730965288285e-07
0.00039935769460023793,1.661490872061433e-08,0.00039884217062382225,0.0,0.00039884217062382236,4.989090676950532e-07
0.00039981220742627823,1.6625903933332262e-08,0.00039929593600295985,0.0,0.00039929593600295985,4.996455193850881e-07
0.0004002667202523185,1.6636908979661643e-08,0.00039974970089131886,0.0,0.00039974970089131886,5.003824520199896e-07
0.00040072123307835863,1.664792387272015e-08,0.0004002034652884645,0.0,0.00040020346528846457,5.011198660213643e-07
0.00040117574590439883,1.665894862564879e-08,0.00040065722919396183,0.0,0.00040065722919396183,5.01857761811369e-07
0.0004016302587304391,1.666998325161169e-08,0.00040111099260737475,0.0,0.0004011109926073748,5.025961398127123e-07
0.0004020847715564793,1.6681027763796427e-08,0.0004015647555282669,0.0,0.0004015647555282669,5.03335000448655e-07
0.0004025392843825194,1.6692082175413755e-08,0.000402018517956201,0.0,0.0004020185179562011,5.040743441430118e-07
0.0004029937972085596,1.670314649969822e-08,0.0004024722798907398,0.0,0.0004024722798907398,5.048141713201521e-07
0.0004034483100345997,1.6714220749907488e-08,0.0004029260413314449,0.0,0.0004029260413314449,5.055544824049998e-07
0.0004039028228606402,1.6725304939322888e-08,0.00040337980227787775,0.0,0.00040337980227787775,5.062952778230362e-07
0.00040435733568668027,1.6736399081249405e-08,0.0004038335627295987,0.0,0.00040383356272959874,5.070365580002993e-07
0.00040481184851272046,1.674750318901567e-08,0.00040428732268616807,0.0,0.00040428732268616807,5.077783233633857e-07
0.00040526636133876066,1.6758617275973788e-08,0.0004047410821471453,0.0,0.0004047410821471453,5.085205743394513e-07
0.00040572087416480097,1.6769741355499884e-08,0.00040519484111208926,0.0,0.00040519484111208926,5.092633113562123e-07
0.00040617538699084106,1.6780875440993817e-08,0.00040564859958055815,0.0,0.00040564859958055815,5.10006534841946e-07
0.00040662989981688136,1.6792019545879328e-08,0.0004061023575521099,0.0,0.0004061023575521101,5.10750245225492e-07
0.0004070844126429215,1.6803173683604062e-08,0.0004065561150263017,0.0,0.0004065561150263017,5.114944429362534e-07
0.00040753892546896176,1.6814337867639617e-08,0.0004070098720026899,0.0,0.00040700987200268995,5.122391284041968e-07
0.00040799343829500196,1.6825512111481577e-08,0.0004074636284808306,0.0,0.0004074636284808306,5.129843020598545e-07
0.0004084479511210421,1.6836696428649758e-08,0.00040791738446027914,0.0,0.0004079173844602792,5.13729964334325e-07
0.0004089024639470823,1.6847890832688012e-08,0.00040837113994059035,0.0,0.0004083711399405904,5.144761156592735e-07
0.0004093569767731225,1.6859095337164346e-08,0.0004088248949213185,0.0,0.0004088248949213185,5.152227564669337e-07
0.0004098114895991627,1.6870309955671184e-08,0.000409278649402017,0.0,0.000409278649402017,5.159698871901085e-07
0.00041026600242520306,1.688153470182505e-08,0.000409732403382239,0.0,0.00040973240338223907,5.167175082621705e-07
0.00041072051525124325,1.6892769589266932e-08,0.00041018615686153694,0.0,0.000410186156861537,5.174656201170639e-07
0.00041117502807728345,1.6904014631662325e-08,0.00041063990983946253,0.0,0.0004106399098394626,5.182142231893047e-07
0.0004116295409033237,1.691526984270098e-08,0.000411093662315567,0.0,0.000411093662315567,5.189633179139818e-07
0.0004120840537293639,1.6926535236097243e-08,0.000411547414289401,0.0,0.000411547414289401,5.19712904726759e-07
0.00041253856655540415,1.693781082559025e-08,0.0004120011657605147,0.0,0.00041200116576051474,5.204629840638747e-07
0.0004129930793814444,1.6949096624943406e-08,0.0004124549167284573,0.0,0.0004124549167284573,5.212135563621429e-07
0.00041344759220748455,1.696039264794506e-08,0.0004129086671927777,0.0,0.0004129086671927777,5.219646220589561e-07
0.0004139021050335249,1.6971698908408317e-08,0.0004133624171530242,0.0,0.0004133624171530242,5.227161815922837e-07
0.0004143566178595651,1.6983015420170858e-08,0.0004138161666087442,0.0,0.0004138161666087443,5.23468235400675e-07
0.00041481113068560536,1.6994342197095544e-08,0.00041426991555948504,0.0,0.00041426991555948504,5.24220783923259e-07
0.0004152656435116455,1.700567925306949e-08,0.00041472366400479264,0.0,0.00041472366400479264,5.249738275997462e-07
0.0004157201563376857,1.7017026602005292e-08,0.00041517741194421325,0.0,0.0004151774119442133,5.257273668704293e-07
0.0004161746691637259,1.7028384257841182e-08,0.0004156311593772918,0.0,0.0004156311593772918,5.264814021761844e-07
0.0004166291819897661,1.7039752234539356e-08,0.000416084906303573,0.0,0.00041608490630357304,5.272359339584715e-07
0.00041708369481580624,1.7051130546087845e-08,0.00041653865272260084,0.0,0.00041653865272260084,5.279909626593361e-07
0.00041753820764184644,1.7062519206499675e-08,0.0004169923986339185,0.0,0.00041699239863391855,5.287464887214099e-07
0.0004179927204678867,1.707391822981298e-08,0.0004174461440370689,0.0,0.000417446144037069,5.295025125879124e-07
0.000418447233293927,1.7085327630091463e-08,0.0004178998889315942,0.0,0.0004178998889315942,5.30259034702651e-07
0.00041890174611996725,1.7096747421424e-08,0.0004183536333170358,0.0,0.00041835363331703586,5.310160555100226e-07
0.0004193562589460075,1.710817761792487e-08,0.0004188073771929345,0.0,0.00041880737719293454,5.317735754550149e-07
0.0004198107717720477,1.7119618233733892e-08,0.0004192611205588307,0.0,0.0004192611205588308,5.325315949832068e-07
0.00042026528459808795,1.7131069283016523e-08,0.00041971486341426414,0.0,0.0004197148634142642,5.332901145407697e-07
0.0004207197974241281,1.7142530779963518e-08,0.00042016860575877366,0.0,0.00042016860575877366,5.340491345744693e-07
0.0004211743102501683,1.7154002738791662e-08,0.00042062234759189786,0.0,0.0004206223475918979,5.348086555316649e-07
0.0004216288230762085,1.7165485173743204e-08,0.0004210760889131745,0.0,0.0004210760889131745,5.355686778603124e-07
0.00042208333590224874,1.7176978099086244e-08,0.00042152982972214073,0.0,0.00042152982972214073,5.36329202008964e-07
0.00042253784872828894,1.718848152911452e-08,0.0004219835700183331,0.0,0.00042198357001833317,5.370902284267699e-07
0.0004229923615543292,1.7199995478148097e-08,0.0004224373098012876,0.0,0.0004224373098012876,5.378517575634786e-07
0.0004234468743803694,1.7211519960532505e-08,0.00042289104907053946,0.0,0.0004228910490705395,5.386137898694397e-07
0.00042390138720640964,1.722305499063955e-08,0.00042334478782562345,0.0,0.00042334478782562345,5.393763257956023e-07
0.00042435590003244995,1.7234600582866906e-08,0.00042379852606607354,0.0,0.0004237985260660736,5.40139365793519e-07
