n_iter,err,diff1d3dCurrant_rel,maxdiff1d3dCurrant_rel,solve_gave_up,min__soil_solute,dt_inner,real_dt ,failedLoop,cL
1.0,100.0,0.0,0.0,0.0,0.0,0.013888888888888888,0.0,0.0,1.0
2.0,0.0004974558392091821,0.0,0.0,0.0,0.0,0.013888888888888888,0.0,0.0,1.0
3.0,1.0837843145855397,0.0,0.0,0.0,0.0,0.013888888888888888,0.0,0.0,1.0
4.0,0.0026421743791121013,0.0,0.0,0.0,0.0,0.013888888888888888,0.0,0.0,0.0
1.0,100.0,0.0,0.0,0.0,0.0,0.013888888888888888,0.0,0.0,1.0
2.0,1.0835795906866093,0.0,0.0,0.0,0.0,0.013888888888888888,0.0,0.0,1.0
3.0,0.063705166554536,0.0,0.0,0.0,0.0,0.013888888888888888,0.0,0.0,1.0
4.0,1.0526468643692095e-13,0.0,0.0,0.0,0.0,0.013888888888888888,0.0,0.0,0.0
1.0,100.0,0.0,0.0,0.0,0.0,0.013888888888888888,0.0,0.0,1.0
2.0,1.0213378712468677,0.0,0.0,0.0,0.0,0.013888888888888888,0.0,0.0,1.0
3.0,0.1829572336902828,0.0,0.0,0.0,0.0,0.013888888888888888,0.0,0.0,1.0
4.0,2.491433852702074e-12,0.0,0.0,0.0,0.0,0.013888888888888888,0.0,0.0,0.0
1.0,100.0,0.0,0.0,0.0,0.0,0.013888888888888888,0.0,0.0,1.0
2.0,0.8407869920437412,0.0,0.0,0.0,0.0,0.013888888888888888,0.0,0.0,1.0
3.0,0.12253797944662323,0.0,0.0,0.0,0.0,0.013888888888888888,0.0,0.0,1.0
4.0,1.6138743289618245e-13,0.0,0.0,0.0,0.0,0.013888888888888888,0.0,0.0,0.0
1.0,100.0,0.0,0.0,0.0,0.0,0.013888888888888888,0.0,0.0,1.0
2.0,0.71968193789768,0.0,0.0,0.0,0.0,0.013888888888888888,0.0,0.0,1.0
3.0,0.08933491410525238,0.0,0.0,0.0,0.0,0.013888888888888888,0.0,0.0,1.0
4.0,9.485881464139337e-14,0.0,0.0,0.0,0.0,0.013888888888888888,0.0,0.0,0.0
1.0,100.0,0.0,0.0,0.0,0.0,0.013888888888888888,0.0,0.0,1.0
2.0,0.6313056353068214,0.0,0.0,0.0,0.0,0.013888888888888888,0.0,0.0,1.0
3.0,0.07100970701427557,0.0,0.0,0.0,0.0,0.013888888888888888,0.0,0.0,1.0
4.0,7.859507509725288e-14,0.0,0.0,0.0,0.0,0.013888888888888888,0.0,0.0,0.0
1.0,100.0,0.0,0.0,0.0,0.0,0.013888888888888888,0.0,0.0,1.0
2.0,0.5609976569782968,0.0,0.0,0.0,0.0,0.013888888888888888,0.0,0.0,1.0
3.0,0.05957515042373198,0.0,0.0,0.0,0.0,0.013888888888888888,0.0,0.0,1.0
4.0,3.022776400505827e-13,0.0,0.0,0.0,0.0,0.013888888888888888,0.0,0.0,0.0
1.0,100.0,0.0,0.0,0.0,0.0,0.013888888888888888,0.0,0.0,1.0
2.0,0.5019626611632202,0.0,0.0,0.0,0.0,0.013888888888888888,0.0,0.0,1.0
3.0,0.051561314279731915,0.0,0.0,0.0,0.0,0.013888888888888888,0.0,0.0,1.0
4.0,8.365933599188863e-14,0.0,0.0,0.0,0.0,0.013888888888888888,0.0,0.0,0.0
1.0,100.0,0.0,0.0,0.0,0.0,0.013888888888888888,0.0,0.0,1.0
2.0,0.45082853978304865,0.0,0.0,0.0,0.0,0.013888888888888888,0.0,0.0,1.0
3.0,0.045413474208545086,0.0,0.0,0.0,0.0,0.013888888888888888,0.0,0.0,1.0
4.0,1.4167678177460154e-12,0.0,0.0,0.0,0.0,0.013888888888888888,0.0,0.0,0.0
1.0,100.0,0.0,0.0,0.0,0.0,0.013888888888888888,0.0,0.0,1.0
2.0,0.4057578949010333,0.0,0.0,0.0,0.0,0.013888888888888888,0.0,0.0,1.0
3.0,0.04039780952343052,0.0,0.0,0.0,0.0,0.013888888888888888,0.0,0.0,1.0
4.0,4.2076636516584393e-13,0.0,0.0,0.0,0.0,0.013888888888888888,0.0,0.0,0.0
1.0,100.0,0.0,0.0,0.0,0.0,0.013888888888888888,0.0,0.0,1.0
2.0,0.36563743472808746,0.0,0.0,0.0,0.0,0.013888888888888888,0.0,0.0,1.0
3.0,0.03614428417737265,0.0,0.0,0.0,0.0,0.013888888888888888,0.0,0.0,1.0
4.0,1.136394186649203e-12,0.0,0.0,0.0,0.0,0.013888888888888888,0.0,0.0,0.0
1.0,100.0,0.0,0.0,0.0,0.0,0.013888888888888888,0.0,0.0,1.0
2.0,0.32971854932167594,0.0,0.0,0.0,0.0,0.013888888888888888,0.0,0.0,1.0
3.0,0.03245087020183854,0.0,0.0,0.0,0.0,0.013888888888888888,0.0,0.0,1.0
4.0,4.316289461900215e-13,0.0,0.0,0.0,0.0,0.013888888888888888,0.0,0.0,0.0
1.0,100.0,0.0,0.0,0.0,0.0,0.013888888888888888,0.0,0.0,1.0
2.0,0.29745134111933985,0.0,0.0,0.0,0.0,0.013888888888888888,0.0,0.0,1.0
3.0,0.029197175660210857,0.0,0.0,0.0,0.0,0.013888888888888888,0.0,0.0,1.0
4.0,9.323290880095368e-14,0.0,0.0,0.0,0.0,0.013888888888888888,0.0,0.0,0.0
1.0,100.0,0.0,0.0,0.0,0.0,0.013888888888888888,0.0,0.0,1.0
2.0,0.26840405091115366,0.0,0.0,0.0,0.0,0.013888888888888888,0.0,0.0,1.0
3.0,0.026304959585903898,0.0,0.0,0.0,0.0,0.013888888888888888,0.0,0.0,1.0
4.0,7.622841833454352e-14,0.0,0.0,0.0,0.0,0.013888888888888888,0.0,0.0,0.0
1.0,100.0,0.0,0.0,0.0,0.0,0.013888888888888888,0.0,0.0,1.0
2.0,0.24222152375529354,0.0,0.0,0.0,0.0,0.013888888888888888,0.0,0.0,1.0
3.0,0.023719277445462247,0.0,0.0,0.0,0.0,0.013888888888888888,0.0,0.0,1.0
4.0,5.748923295099502e-14,0.0,0.0,0.0,0.0,0.013888888888888888,0.0,0.0,0.0
1.0,100.0,0.0,0.0,0.0,0.0,0.013888888888888888,0.0,0.0,1.0
2.0,0.21860230736884734,0.0,0.0,0.0,0.0,0.013888888888888888,0.0,0.0,1.0
3.0,0.021398999876501984,0.0,0.0,0.0,0.0,0.013888888888888888,0.0,0.0,1.0
4.0,5.145296775071755e-12,0.0,0.0,0.0,0.0,0.013888888888888888,0.0,0.0,0.0
1.0,100.0,0.0,0.0,0.0,0.0,0.013888888888888888,0.0,0.0,1.0
2.0,0.1972851098120276,0.0,0.0,0.0,0.0,0.013888888888888888,0.0,0.0,1.0
3.0,0.019311763323777077,0.0,0.0,0.0,0.0,0.013888888888888888,0.0,0.0,1.0
4.0,1.854695030789654e-12,0.0,0.0,0.0,0.0,0.013888888888888888,0.0,0.0,0.0
1.0,100.0,0.0,0.0,0.0,0.0,0.013888888888888888,0.0,0.0,1.0
2.0,0.1780402330493047,0.0,0.0,0.0,0.0,0.013888888888888888,0.0,0.0,1.0
3.0,0.017431117408887035,0.0,0.0,0.0,0.0,0.013888888888888888,0.0,0.0,1.0
4.0,2.8299277930535713e-12,0.0,0.0,0.0,0.0,0.013888888888888888,0.0,0.0,0.0
1.0,100.0,0.0,0.0,0.0,0.0,0.013888888888888888,0.0,0.0,1.0
2.0,0.16066381122071702,0.0,0.0,0.0,0.0,0.013888888888888888,0.0,0.0,1.0
3.0,0.015734822388750392,0.0,0.0,0.0,0.0,0.013888888888888888,0.0,0.0,1.0
4.0,1.306085300050672e-11,0.0,0.0,0.0,0.0,0.013888888888888888,0.0,0.0,0.0
1.0,100.0,0.0,0.0,0.0,0.0,0.013888888888888888,0.0,0.0,1.0
2.0,0.14497371793296443,0.0,0.0,0.0,0.0,0.013888888888888888,0.0,0.0,1.0
3.0,0.014203779372999397,0.0,0.0,0.0,0.0,0.013888888888888888,0.0,0.0,1.0
4.0,6.920435968698158e-12,0.0,0.0,0.0,0.0,0.013888888888888888,0.0,0.0,0.0
1.0,100.0,0.0,0.0,0.0,0.0,0.013888888888888888,0.0,0.0,1.0
2.0,0.13080651911839647,0.0,0.0,0.0,0.0,0.013888888888888888,0.0,0.0,1.0
3.0,0.012821328750689257,0.0,0.0,0.0,0.0,0.013888888888888888,0.0,0.0,1.0
4.0,1.6330107111958586e-12,0.0,0.0,0.0,0.0,0.013888888888888888,0.0,0.0,0.0
1.0,100.0,0.0,0.0,0.0,0.0,0.013888888888888888,0.0,0.0,1.0
2.0,0.11801510872913007,0.0,0.0,0.0,0.0,0.013888888888888888,0.0,0.0,1.0
3.0,0.01157277235562707,0.0,0.0,0.0,0.0,0.013888888888888888,0.0,0.0,1.0
4.0,3.6049342230698157e-12,0.0,0.0,0.0,0.0,0.013888888888888888,0.0,0.0,0.0
1.0,100.0,0.0,0.0,0.0,0.0,0.013888888888888888,0.0,0.0,1.0
2.0,0.10646680809056096,0.0,0.0,0.0,0.0,0.013888888888888888,0.0,0.0,1.0
3.0,0.010445034317215064,0.0,0.0,0.0,0.0,0.013888888888888888,0.0,0.0,1.0
4.0,1.1255735967756357e-12,0.0,0.0,0.0,0.0,0.013888888888888888,0.0,0.0,0.0
1.0,100.0,0.0,0.0,0.0,0.0,0.013888888888888888,0.0,0.0,1.0
2.0,0.09604179296154894,0.0,0.0,0.0,0.0,0.013888888888888888,0.0,0.0,1.0
3.0,0.009426413648008523,0.0,0.0,0.0,0.0,0.013888888888888888,0.0,0.0,1.0
4.0,9.837949557021045e-13,0.0,0.0,0.0,0.0,0.013888888888888888,0.0,0.0,0.0
1.0,100.0,0.0,0.0,0.0,0.0,0.013888888888888888,0.0,0.0,1.0
2.0,0.08663175891862761,0.0,0.0,0.0,0.0,0.013888888888888888,0.0,0.0,1.0
3.0,0.008506395527227616,0.0,0.0,0.0,0.0,0.013888888888888888,0.0,0.0,1.0
4.0,6.843820317818966e-13,0.0,0.0,0.0,0.0,0.013888888888888888,0.0,0.0,0.0
1.0,100.0,0.0,0.0,0.0,0.0,0.013888888888888888,0.0,0.0,1.0
2.0,0.07813876811132671,0.0,0.0,0.0,0.0,0.013888888888888888,0.0,0.0,1.0
3.0,0.007675504780727701,0.0,0.0,0.0,0.0,0.013888888888888888,0.0,0.0,1.0
4.0,2.7741145101685607e-12,0.0,0.0,0.0,0.0,0.013888888888888888,0.0,0.0,0.0
1.0,100.0,0.0,0.0,0.0,0.0,0.013888888888888888,0.0,0.0,1.0
2.0,0.07047423653713997,0.0,0.0,0.0,0.0,0.013888888888888888,0.0,0.0,1.0
3.0,0.006925186481952409,0.0,0.0,0.0,0.0,0.013888888888888888,0.0,0.0,1.0
4.0,1.0957488128429827e-12,0.0,0.0,0.0,0.0,0.013888888888888888,0.0,0.0,0.0
1.0,100.0,0.0,0.0,0.0,0.0,0.013888888888888888,0.0,0.0,1.0
2.0,0.06355803586446923,0.0,0.0,0.0,0.0,0.013888888888888888,0.0,0.0,1.0
3.0,0.006247706970586639,0.0,0.0,0.0,0.0,0.013888888888888888,0.0,0.0,1.0
4.0,5.541624960155847e-13,0.0,0.0,0.0,0.0,0.013888888888888888,0.0,0.0,0.0
1.0,100.0,0.0,0.0,0.0,0.0,0.013888888888888888,0.0,0.0,1.0
2.0,0.05731769024048824,0.0,0.0,0.0,0.0,0.013888888888888888,0.0,0.0,1.0
3.0,0.005636070302812299,0.0,0.0,0.0,0.0,0.013888888888888888,0.0,0.0,1.0
4.0,4.2200460163416255e-13,0.0,0.0,0.0,0.0,0.013888888888888888,0.0,0.0,0.0
1.0,100.0,0.0,0.0,0.0,0.0,0.013888888888888888,0.0,0.0,1.0
2.0,0.05168765333686947,0.0,0.0,0.0,0.0,0.013888888888888888,0.0,0.0,1.0
3.0,0.005083944977129066,0.0,0.0,0.0,0.0,0.013888888888888888,0.0,0.0,1.0
4.0,2.62281074497231e-13,0.0,0.0,0.0,0.0,0.013888888888888888,0.0,0.0,0.0
1.0,100.0,0.0,0.0,0.0,0.0,0.013888888888888888,0.0,0.0,1.0
2.0,0.04660865605033885,0.0,0.0,0.0,0.0,0.013888888888888888,0.0,0.0,1.0
3.0,0.004585600259970877,0.0,0.0,0.0,0.0,0.013888888888888888,0.0,0.0,1.0
4.0,2.081838409957656e-12,0.0,0.0,0.0,0.0,0.013888888888888888,0.0,0.0,0.0
1.0,100.0,0.0,0.0,0.0,0.0,0.013888888888888888,0.0,0.0,1.0
2.0,0.04202711566484817,0.0,0.0,0.0,0.0,0.013888888888888888,0.0,0.0,1.0
3.0,0.004135849015183816,0.0,0.0,0.0,0.0,0.013888888888888888,0.0,0.0,1.0
4.0,1.9351001647714589e-13,0.0,0.0,0.0,0.0,0.013888888888888888,0.0,0.0,0.0
1.0,100.0,0.0,0.0,0.0,0.0,0.013888888888888888,0.0,0.0,1.0
2.0,0.0378946003277463,0.0,0.0,0.0,0.0,0.013888888888888888,0.0,0.0,1.0
3.0,0.003729996778110706,0.0,0.0,0.0,0.0,0.013888888888888888,0.0,0.0,1.0
4.0,1.9355389796058154e-12,0.0,0.0,0.0,0.0,0.013888888888888888,0.0,0.0,0.0
1.0,100.0,0.0,0.0,0.0,0.0,0.013888888888888888,0.0,0.0,1.0
2.0,0.03416734305871674,0.0,0.0,0.0,0.0,0.013888888888888888,0.0,0.0,1.0
3.0,0.003363795722408253,0.0,0.0,0.0,0.0,0.013888888888888888,0.0,0.0,1.0
4.0,5.396826380118638e-13,0.0,0.0,0.0,0.0,0.013888888888888888,0.0,0.0,0.0
1.0,100.0,0.0,0.0,0.0,0.0,0.013888888888888888,0.0,0.0,1.0
2.0,0.030805800513439306,0.0,0.0,0.0,0.0,0.013888888888888888,0.0,0.0,1.0
3.0,0.003033402962979583,0.0,0.0,0.0,0.0,0.013888888888888888,0.0,0.0,1.0
4.0,4.3426185736321054e-13,0.0,0.0,0.0,0.0,0.013888888888888888,0.0,0.0,0.0
1.0,100.0,0.0,0.0,0.0,0.0,0.013888888888888888,0.0,0.0,1.0
2.0,0.026080675270602167,0.0,0.0,0.0,0.0,0.013888888888888888,0.0,0.0,1.0
3.0,0.0019549260522042514,0.0,0.0,0.0,0.0,0.013888888888888888,0.0,0.0,1.0
4.0,2.3802286663506662e-06,0.0,0.0,0.0,0.0,0.013888888888888888,0.0,0.0,0.0
1.0,100.0,0.0015867511719228344,0.15892729526423766,0.0,0.0,0.013888888888888888,0.0,0.0,1.0
2.0,0.024091297189233085,0.0,0.0,0.0,0.0,0.013888888888888888,0.0,0.0,1.0
3.0,0.0023495753142616363,0.0,0.0,0.0,0.0,0.013888888888888888,0.0,0.0,1.0
4.0,8.509754727827163e-06,0.0,0.0,0.0,0.0,0.013888888888888888,0.0,0.0,0.0
1.0,100.0,0.002596317928773009,0.26030763425225606,0.0,0.0,0.013888888888888888,0.0,0.0,1.0
2.0,0.021722845844490517,0.0,0.0,0.0,0.0,0.013888888888888888,0.0,0.0,1.0
3.0,0.0021392137040683033,0.0,0.0,0.0,0.0,0.013888888888888888,0.0,0.0,1.0
4.0,8.061491587737205e-06,0.0,0.0,0.0,0.0,0.013888888888888888,0.0,0.0,0.0
1.0,100.0,0.002579457738586814,0.2586128547854632,0.0,0.0,0.013888888888888888,0.0,0.0,1.0
2.0,0.01956659899724291,0.0,0.0,0.0,0.0,0.013888888888888888,0.0,0.0,1.0
3.0,0.0019271103700971048,0.0,0.0,0.0,0.0,0.013888888888888888,0.0,0.0,1.0
4.0,7.404067552615623e-06,0.0,0.0,0.0,0.0,0.013888888888888888,0.0,0.0,0.0
1.0,100.0,0.0025642984251799694,0.2570890956783174,0.0,0.0,0.013888888888888888,0.0,0.0,1.0
2.0,0.017624068404480227,0.0,0.0,0.0,0.0,0.013888888888888888,0.0,0.0,1.0
3.0,0.001735921071566743,0.0,0.0,0.0,0.0,0.013888888888888888,0.0,0.0,1.0
4.0,6.792990918804775e-06,0.0,0.0,0.0,0.0,0.013888888888888888,0.0,0.0,0.0
1.0,100.0,0.0025506567675055675,0.2557179254047223,0.0,0.0,0.013888888888888888,0.0,0.0,1.0
2.0,0.015874216126163347,0.0,0.0,0.0,0.0,0.013888888888888888,0.0,0.0,1.0
3.0,0.001563665220885477,0.0,0.0,0.0,0.0,0.013888888888888888,0.0,0.0,1.0
4.0,6.22757881133572e-06,0.0,0.0,0.0,0.0,0.013888888888888888,0.0,0.0,0.0
1.0,100.0,0.002538383917910433,0.25448437082241626,0.0,0.0,0.013888888888888888,0.0,0.0,1.0
2.0,0.014297994426626888,0.0,0.0,0.0,0.0,0.013888888888888888,0.0,0.0,1.0
3.0,0.0014084902112129,0.0,0.0,0.0,0.0,0.013888888888888888,0.0,0.0,1.0
4.0,5.705496154728623e-06,0.0,0.0,0.0,0.0,0.013888888888888888,0.0,0.0,0.0
1.0,100.0,0.0025273453872366103,0.2533749046172222,0.0,0.0,0.013888888888888888,0.0,0.0,1.0
2.0,0.012878217095802969,0.0,0.0,0.0,0.0,0.013888888888888888,0.0,0.0,1.0
3.0,0.0012687159701866104,0.0,0.0,0.0,0.0,0.013888888888888888,0.0,0.0,1.0
4.0,5.224147816917114e-06,0.0,0.0,0.0,0.0,0.013888888888888888,0.0,0.0,0.0
1.0,100.0,0.002517419712741142,0.25237731088872734,0.0,0.0,0.013888888888888888,0.0,0.0,1.0
2.0,0.011599386339766884,0.0,0.0,0.0,0.0,0.013888888888888888,0.0,0.0,1.0
3.0,0.00114282316699142,0.0,0.0,0.0,0.0,0.013888888888888888,0.0,0.0,1.0
4.0,4.7809224804776695e-06,0.0,0.0,0.0,0.0,0.013888888888888888,0.0,0.0,0.0
1.0,100.0,0.0025084972310390375,0.2514805613929312,0.0,0.0,0.013888888888888888,0.0,0.0,1.0
2.0,0.010447531461925437,0.0,0.0,0.0,0.0,0.013888888888888888,0.0,0.0,1.0
3.0,0.0010294397598709453,0.0,0.0,0.0,0.0,0.013888888888888888,0.0,0.0,1.0
4.0,4.3732700083359694e-06,0.0,0.0,0.0,0.0,0.013888888888888888,0.0,0.0,0.0
1.0,100.0,0.002500478956052293,0.2506747024205937,0.0,0.0,0.013888888888888888,0.0,0.0,1.0
2.0,0.009410060980935537,0.0,0.0,0.0,0.0,0.013888888888888888,0.0,0.0,1.0
3.0,0.000927327695007968,0.0,0.0,0.0,0.0,0.013888888888888888,0.0,0.0,1.0
4.0,3.998733547638415e-06,0.0,0.0,0.0,0.0,0.013888888888888888,0.0,0.0,0.0
1.0,100.0,0.0024932755573703284,0.24995075183428966,0.0,0.0,0.013888888888888888,0.0,0.0,1.0
2.0,0.008475628078819832,0.0,0.0,0.0,0.0,0.013888888888888888,0.0,0.0,1.0
3.0,0.0008353703896734368,0.0,0.0,0.0,0.0,0.013888888888888888,0.0,0.0,1.0
4.0,3.6549629761302534e-06,0.0,0.0,0.0,0.0,0.013888888888888888,0.0,0.0,0.0
1.0,100.0,0.0024868064326415574,0.249300605611027,0.0,0.0,0.013888888888888888,0.0,0.0,1.0
2.0,0.007634008583140431,0.0,0.0,0.0,0.0,0.013888888888888888,0.0,0.0,1.0
3.0,0.0007525610745889302,0.0,0.0,0.0,0.0,0.013888888888888888,0.0,0.0,1.0
4.0,3.3397285432898905e-06,0.0,0.0,0.0,0.0,0.013888888888888888,0.0,0.0,0.0
1.0,100.0,0.00248099886826027,0.24871695330286192,0.0,0.0,0.013888888888888888,0.0,0.0,1.0
2.0,0.00687599063963772,0.0,0.0,0.0,0.0,0.013888888888888888,0.0,0.0,1.0
3.0,0.0006779922389846328,0.0,0.0,0.0,0.0,0.013888888888888888,0.0,0.0,1.0
4.0,3.050924732425207e-06,0.0,0.0,0.0,0.0,0.013888888888888888,0.0,0.0,0.0
1.0,100.0,0.0024757872637162243,0.24819319993206085,0.0,0.0,0.013888888888888888,0.0,0.0,1.0
2.0,0.006193274983553158,0.0,0.0,0.0,0.0,0.013888888888888888,0.0,0.0,1.0
3.0,0.0006108459234442071,0.0,0.0,0.0,0.0,0.013888888888888888,0.0,0.0,1.0
4.0,2.7865665481914836e-06,0.0,0.0,0.0,0.0,0.013888888888888888,0.0,0.0,0.0
1.0,100.0,0.0024711124629393493,0.24772339866893098,0.0,0.0,0.013888888888888888,0.0,0.0,1.0
2.0,0.005578384935355422,0.0,0.0,0.0,0.0,0.013888888888888888,0.0,0.0,1.0
3.0,0.0005503850074666885,0.0,0.0,0.0,0.0,0.013888888888888888,0.0,0.0,1.0
4.0,2.544784486165033e-06,0.0,0.0,0.0,0.0,0.013888888888888888,0.0,0.0,0.0
1.0,100.0,0.00246692111444077,0.2473021864266786,0.0,0.0,0.013888888888888888,0.0,0.0,1.0
2.0,0.005024615019224707,0.0,0.0,0.0,0.0,0.013888888888888888,0.0,0.0,1.0
3.0,0.0004959948708527711,0.0,0.0,0.0,0.0,0.013888888888888888,0.0,0.0,1.0
4.0,2.3238354568373755e-06,0.0,0.0,0.0,0.0,0.013888888888888888,0.0,0.0,0.0
1.0,100.0,0.0024631651101982587,0.24692472739028015,0.0,0.0,0.013888888888888888,0.0,0.0,1.0
2.0,0.004526337648248155,0.0,0.0,0.0,0.0,0.013888888888888888,0.0,0.0,1.0
3.0,0.00044705184984934233,0.0,0.0,0.0,0.0,0.013888888888888888,0.0,0.0,1.0
4.0,2.1220870998876887e-06,0.0,0.0,0.0,0.0,0.013888888888888888,0.0,0.0,0.0
1.0,100.0,0.0024598010748422394,0.24658666161665507,0.0,0.0,0.013888888888888888,0.0,0.0,1.0
2.0,0.004077539226139593,0.0,0.0,0.0,0.0,0.013888888888888888,0.0,0.0,1.0
3.0,0.00040298672048964183,0.0,0.0,0.0,0.0,0.013888888888888888,0.0,0.0,1.0
4.0,1.9380135130287696e-06,0.0,0.0,0.0,0.0,0.013888888888888888,0.0,0.0,0.0
1.0,100.0,0.002456789903947723,0.24628405858058275,0.0,0.0,0.013888888888888888,0.0,0.0,1.0
2.0,0.0036733070354626877,0.0,0.0,0.0,0.0,0.013888888888888888,0.0,0.0,1.0
3.0,0.00036331473569292054,0.0,0.0,0.0,0.0,0.013888888888888888,0.0,0.0,1.0
4.0,1.770196431782491e-06,0.0,0.0,0.0,0.0,0.013888888888888888,0.0,0.0,0.0
1.0,100.0,0.002454096346862946,0.24601337520884303,0.0,0.0,0.013888888888888888,0.0,0.0,1.0
2.0,0.0033092159272537242,0.0,0.0,0.0,0.0,0.013888888888888888,0.0,0.0,1.0
3.0,0.0003275991956897613,0.0,0.0,0.0,0.0,0.013888888888888888,0.0,0.0,1.0
4.0,1.6173218998969252e-06,0.0,0.0,0.0,0.0,0.013888888888888888,0.0,0.0,0.0
1.0,100.0,0.002451688629831743,0.24577141797131846,0.0,0.0,0.013888888888888888,0.0,0.0,1.0
2.0,0.002981280003128368,0.0,0.0,0.0,0.0,0.013888888888888888,0.0,0.0,1.0
3.0,0.0002955753379152129,0.0,0.0,0.0,0.0,0.013888888888888888,0.0,0.0,1.0
4.0,1.4781679312168088e-06,0.0,0.0,0.0,0.0,0.013888888888888888,0.0,0.0,0.0
1.0,100.0,0.002449538115657733,0.2455553086509796,0.0,0.0,0.013888888888888888,0.0,0.0,1.0
2.0,0.0026859090483696197,0.0,0.0,0.0,0.0,0.013888888888888888,0.0,0.0,1.0
3.0,0.000266955845319464,0.0,0.0,0.0,0.0,0.013888888888888888,0.0,0.0,1.0
4.0,1.351597238382493e-06,0.0,0.0,0.0,0.0,0.013888888888888888,0.0,0.0,0.0
1.0,100.0,0.0024476189963394254,0.24536245343312857,0.0,0.0,0.013888888888888888,0.0,0.0,1.0
2.0,0.002419869301993913,0.0,0.0,0.0,0.0,0.013888888888888888,0.0,0.0,1.0
3.0,0.00024120145965104623,0.0,0.0,0.0,0.0,0.013888888888888888,0.0,0.0,1.0
4.0,1.2365701260750806e-06,0.0,0.0,0.0,0.0,0.013888888888888888,0.0,0.0,0.0
1.0,100.0,0.0024459080156102033,0.24519051500412567,0.0,0.0,0.013888888888888888,0.0,0.0,1.0
2.0,0.002180248086482033,0.0,0.0,0.0,0.0,0.013888888888888888,0.0,0.0,1.0
3.0,0.0002180284082881755,0.0,0.0,0.0,0.0,0.013888888888888888,0.0,0.0,1.0
4.0,1.1321140147490113e-06,0.0,0.0,0.0,0.0,0.013888888888888888,0.0,0.0,0.0
1.0,100.0,0.002444384218468517,0.24503738736671343,0.0,0.0,0.013888888888888888,0.0,0.0,1.0
2.0,0.0019644219343311516,0.0,0.0,0.0,0.0,0.013888888888888888,0.0,0.0,1.0
3.0,0.00019718092192748794,0.0,0.0,0.0,0.0,0.013888888888888888,0.0,0.0,1.0
4.0,1.0373384060165593e-06,0.0,0.0,0.0,0.0,0.013888888888888888,0.0,0.0,0.0
1.0,100.0,0.002443028725111418,0.2449011731090658,0.0,0.0,0.013888888888888888,0.0,0.0,1.0
2.0,0.001770306278856898,0.0,0.0,0.0,0.0,0.013888888888888888,0.0,0.0,1.0
3.0,0.00017842848273276718,0.0,0.0,0.0,0.0,0.013888888888888888,0.0,0.0,1.0
4.0,9.514193366306249e-07,0.0,0.0,0.0,0.0,0.013888888888888888,0.0,0.0,0.0
1.0,100.0,0.0024418245269379503,0.24478016289645266,0.0,0.0,0.013888888888888888,0.0,0.0,1.0
2.0,0.0015960912225712407,0.0,0.0,0.0,0.0,0.013888888888888888,0.0,0.0,1.0
3.0,0.00016156333860974003,0.0,0.0,0.0,0.0,0.013888888888888888,0.0,0.0,1.0
4.0,8.735988202021527e-07,0.0,0.0,0.0,0.0,0.013888888888888888,0.0,0.0,0.0
1.0,100.0,0.002440756302454785,0.24467281696268092,0.0,0.0,0.013888888888888888,0.0,0.0,1.0
2.0,0.0014391344476271872,0.0,0.0,0.0,0.0,0.013888888888888888,0.0,0.0,1.0
3.0,0.00014639824459490404,0.0,0.0,0.0,0.0,0.013888888888888888,0.0,0.0,1.0
4.0,8.031781958494372e-07,0.0,0.0,0.0,0.0,0.013888888888888888,0.0,0.0,0.0
1.0,100.0,0.002439810251207522,0.24457774841573762,0.0,0.0,0.013888888888888888,0.0,0.0,1.0
2.0,0.001297729050269056,0.0,0.0,0.0,0.0,0.013888888888888888,0.0,0.0,1.0
3.0,0.00013276445989023023,0.0,0.0,0.0,0.0,0.013888888888888888,0.0,0.0,1.0
4.0,7.39518636480552e-07,0.0,0.0,0.0,0.0,0.013888888888888888,0.0,0.0,0.0
1.0,100.0,0.0024389739439339892,0.24449370817422406,0.0,0.0,0.013888888888888888,0.0,0.0,1.0
2.0,0.0011703368453393028,0.0,0.0,0.0,0.0,0.013888888888888888,0.0,0.0,1.0
3.0,0.00012050993058911103,0.0,0.0,0.0,0.0,0.013888888888888888,0.0,0.0,1.0
4.0,6.820306628771584e-07,0.0,0.0,0.0,0.0,0.013888888888888888,0.0,0.0,0.0
1.0,100.0,0.002438236187429624,0.2444195713839573,0.0,0.0,0.013888888888888888,0.0,0.0,1.0
2.0,0.0010555716865083748,0.0,0.0,0.0,0.0,0.013888888888888888,0.0,0.0,1.0
3.0,0.00010949761343527777,0.0,0.0,0.0,0.0,0.013888888888888888,0.0,0.0,1.0
4.0,6.301697394159034e-07,0.0,0.0,0.0,0.0,0.013888888888888888,0.0,0.0,0.0
1.0,100.0,0.002437586902621837,0.2443543251619493,0.0,0.0,0.013888888888888888,0.0,0.0,1.0
2.0,0.000952184453587291,0.0,0.0,0.0,0.0,0.013888888888888888,0.0,0.0,1.0
3.0,9.960402458184355e-05,0.0,0.0,0.0,0.0,0.013888888888888888,0.0,0.0,1.0
4.0,5.83447025142496e-07,0.0,0.0,0.0,0.0,0.013888888888888888,0.0,0.0,0.0
1.0,100.0,0.0024370170146300408,0.2442970575460058,0.0,0.0,0.013888888888888888,0.0,0.0,1.0
2.0,0.0008590495218035998,0.0,0.0,0.0,0.0,0.013888888888888888,0.0,0.0,1.0
3.0,9.071789042970423e-05,0.0,0.0,0.0,0.0,0.013888888888888888,0.0,0.0,1.0
4.0,5.413991298383492e-07,0.0,0.0,0.0,0.0,0.013888888888888888,0.0,0.0,0.0
1.0,100.0,0.002436518353598356,0.2442469475274099,0.0,0.0,0.013888888888888888,0.0,0.0,1.0
2.0,0.0007751525414337553,0.0,0.0,0.0,0.0,0.013888888888888888,0.0,0.0,1.0
3.0,8.273893652641362e-05,0.0,0.0,0.0,0.0,0.013888888888888888,0.0,0.0,1.0
4.0,5.036156301664333e-07,0.0,0.0,0.0,0.0,0.013888888888888888,0.0,0.0,0.0
1.0,100.0,0.0024360835652897355,0.24420325606480836,0.0,0.0,0.013888888888888888,0.0,0.0,1.0
2.0,0.0006995794602584505,0.0,0.0,0.0,0.0,0.013888888888888888,0.0,0.0,1.0
3.0,7.557680958631949e-05,0.0,0.0,0.0,0.0,0.013888888888888888,0.0,0.0,1.0
4.0,4.69713299625407e-07,0.0,0.0,0.0,0.0,0.013888888888888888,0.0,0.0,0.0
1.0,100.0,0.0024357060304489135,0.24416531797946334,0.0,0.0,0.013888888888888888,0.0,0.0,1.0
2.0,0.0006315066028310373,0.0,0.0,0.0,0.0,0.013888888888888888,0.0,0.0,1.0
3.0,6.915010434134065e-05,0.0,0.0,0.0,0.0,0.013888888888888888,0.0,0.0,1.0
4.0,4.39344009604694e-07,0.0,0.0,0.0,0.0,0.013888888888888888,0.0,0.0,0.0
1.0,100.0,0.0024352308657634623,0.24411756921286637,0.0,0.0,0.013888888888888888,0.0,0.0,1.0
2.0,0.000564240303015111,0.0,0.0,0.0,0.0,0.013888888888888888,0.0,0.0,1.0
3.0,5.746942254139702e-05,0.0,0.0,0.0,0.0,0.013888888888888888,0.0,0.0,1.0
4.0,3.3434971451480195e-07,0.0,0.0,0.0,0.0,0.013888888888888888,0.0,0.0,0.0
1.0,100.0,0.0024482473728188064,0.24542559985905776,0.0,0.0,0.013888888888888888,0.0,0.0,1.0
2.0,0.00050851886672691,0.0,0.0,0.0,0.0,0.013888888888888888,0.0,0.0,1.0
3.0,5.174893953158663e-05,0.0,0.0,0.0,0.0,0.013888888888888888,0.0,0.0,1.0
4.0,3.007962104801319e-07,0.0,0.0,0.0,0.0,0.013888888888888888,0.0,0.0,0.0
1.0,100.0,0.002447822878472326,0.2453829418233127,0.0,0.0,0.013888888888888888,0.0,0.0,1.0
2.0,0.0004584856326899471,0.0,0.0,0.0,0.0,0.013888888888888888,0.0,0.0,1.0
3.0,4.678099999526174e-05,0.0,0.0,0.0,0.0,0.013888888888888888,0.0,0.0,1.0
4.0,2.7284054645741677e-07,0.0,0.0,0.0,0.0,0.013888888888888888,0.0,0.0,0.0
1.0,100.0,0.002447440474558909,0.24534451354562892,0.0,0.0,0.013888888888888888,0.0,0.0,1.0
2.0,0.0004133919961948538,0.0,0.0,0.0,0.0,0.013888888888888888,0.0,0.0,1.0
3.0,4.230483678241025e-05,0.0,0.0,0.0,0.0,0.013888888888888888,0.0,0.0,1.0
4.0,2.476746972974994e-07,0.0,0.0,0.0,0.0,0.013888888888888888,0.0,0.0,0.0
1.0,100.0,0.002447095798881208,0.2453098766537783,0.0,0.0,0.013888888888888888,0.0,0.0,1.0
2.0,0.0003727485648629662,0.0,0.0,0.0,0.0,0.013888888888888888,0.0,0.0,1.0
3.0,3.8270541496996525e-05,0.0,0.0,0.0,0.0,0.013888888888888888,0.0,0.0,1.0
4.0,2.2499606323754422e-07,0.0,0.0,0.0,0.0,0.013888888888888888,0.0,0.0,0.0
1.0,100.0,0.00244678512768619,0.24527865693562043,0.0,0.0,0.013888888888888888,0.0,0.0,1.0
2.0,0.0003361156091761464,0.0,0.0,0.0,0.0,0.013888888888888888,0.0,0.0,1.0
3.0,3.46341880532865e-05,0.0,0.0,0.0,0.0,0.013888888888888888,0.0,0.0,1.0
4.0,2.0455178039171315e-07,0.0,0.0,0.0,0.0,0.013888888888888888,0.0,0.0,0.0
1.0,100.0,0.0024465051055030406,0.2452505171898285,0.0,0.0,0.013888888888888888,0.0,0.0,1.0
2.0,0.0003030971112805507,0.0,0.0,0.0,0.0,0.013888888888888888,0.0,0.0,1.0
3.0,3.1356376500131056e-05,0.0,0.0,0.0,0.0,0.013888888888888888,0.0,0.0,1.0
4.0,1.8612426293118353e-07,0.0,0.0,0.0,0.0,0.013888888888888888,0.0,0.0,0.0
1.0,100.0,0.0024462527083699754,0.24522515353005048,0.0,0.0,0.013888888888888888,0.0,0.0,1.0
2.0,0.000273336264260623,0.0,0.0,0.0,0.0,0.013888888888888888,0.0,0.0,1.0
3.0,2.84016430310314e-05,0.0,0.0,0.0,0.0,0.013888888888888888,0.0,0.0,1.0
4.0,1.695078625050082e-07,0.0,0.0,0.0,0.0,0.013888888888888888,0.0,0.0,0.0
1.0,100.0,0.002446025210888803,0.2452022920741082,0.0,0.0,0.013888888888888888,0.0,0.0,1.0
2.0,0.0002465115490484313,0.0,0.0,0.0,0.0,0.013888888888888888,0.0,0.0,1.0
3.0,2.5738073408629076e-05,0.0,0.0,0.0,0.0,0.013888888888888888,0.0,0.0,1.0
4.0,1.545264192012685e-07,0.0,0.0,0.0,0.0,0.013888888888888888,0.0,0.0,0.0
1.0,100.0,0.0024458201566619907,0.24518168597284135,0.0,0.0,0.013888888888888888,0.0,0.0,1.0
2.0,0.00022233321553087682,0.0,0.0,0.0,0.0,0.013888888888888888,0.0,0.0,1.0
3.0,2.333692101106791e-05,0.0,0.0,0.0,0.0,0.013888888888888888,0.0,0.0,1.0
4.0,1.4101845212280577e-07,0.0,0.0,0.0,0.0,0.013888888888888888,0.0,0.0,0.0
1.0,100.0,0.002445635331672977,0.24516311273493258,0.0,0.0,0.013888888888888888,0.0,0.0,1.0
2.0,0.0002005401173764384,0.0,0.0,0.0,0.0,0.013888888888888888,0.0,0.0,1.0
3.0,2.1172284640287895e-05,0.0,0.0,0.0,0.0,0.013888888888888888,0.0,0.0,1.0
4.0,1.2883463928254421e-07,0.0,0.0,0.0,0.0,0.013888888888888888,0.0,0.0,0.0
1.0,100.0,0.0024454687403530568,0.2451463718214697,0.0,0.0,0.013888888888888888,0.0,0.0,1.0
2.0,0.0001808968846890146,0.0,0.0,0.0,0.0,0.013888888888888888,0.0,0.0,1.0
3.0,1.9220811201877175e-05,0.0,0.0,0.0,0.0,0.013888888888888888,0.0,0.0,1.0
4.0,1.1785007899972864e-07,0.0,0.0,0.0,0.0,0.013888888888888888,0.0,0.0,0.0
1.0,100.0,0.0024453185839961563,0.24513128247725938,0.0,0.0,0.013888888888888888,0.0,0.0,1.0
2.0,0.00016319139155822945,0.0,0.0,0.0,0.0,0.013888888888888888,0.0,0.0,1.0
3.0,1.7461474563621355e-05,0.0,0.0,0.0,0.0,0.013888888888888888,0.0,0.0,1.0
4.0,1.079454701463258e-07,0.0,0.0,0.0,0.0,0.013888888888888888,0.0,0.0,0.0
1.0,100.0,0.0024451832413379723,0.24511768177849835,0.0,0.0,0.013888888888888888,0.0,0.0,1.0
2.0,0.00014723243717261998,0.0,0.0,0.0,0.0,0.013888888888888888,0.0,0.0,1.0
3.0,1.587531542270215e-05,0.0,0.0,0.0,0.0,0.013888888888888888,0.0,0.0,1.0
4.0,9.90107053317682e-08,0.0,0.0,0.0,0.0,0.013888888888888888,0.0,0.0,0.0
1.0,100.0,0.002445061251040717,0.24510542287301773,0.0,0.0,0.013888888888888888,0.0,0.0,1.0
2.0,0.00013284769061096244,0.0,0.0,0.0,0.0,0.013888888888888888,0.0,0.0,1.0
3.0,1.4445243328768808e-05,0.0,0.0,0.0,0.0,0.013888888888888888,0.0,0.0,1.0
4.0,9.095237433190289e-08,0.0,0.0,0.0,0.0,0.013888888888888888,0.0,0.0,0.0
1.0,100.0,0.002444951295908747,0.2450943733938027,0.0,0.0,0.013888888888888888,0.0,0.0,1.0
2.0,0.0001198818271129699,0.0,0.0,0.0,0.0,0.013888888888888888,0.0,0.0,1.0
3.0,1.3155859702232506e-05,0.0,0.0,0.0,0.0,0.013888888888888888,0.0,0.0,1.0
4.0,8.368544888708126e-08,0.0,0.0,0.0,0.0,0.013888888888888888,0.0,0.0,0.0
1.0,100.0,0.002444852188677167,0.24508441403084807,0.0,0.0,0.013888888888888888,0.0,0.0,1.0
2.0,0.00010819484939596943,0.0,0.0,0.0,0.0,0.013888888888888888,0.0,0.0,1.0
3.0,1.1993281583420435e-05,0.0,0.0,0.0,0.0,0.013888888888888888,0.0,0.0,1.0
4.0,7.71291819676208e-08,0.0,0.0,0.0,0.0,0.013888888888888888,0.0,0.0,0.0
1.0,100.0,0.002444762859159986,0.2450754372397515,0.0,0.0,0.013888888888888888,0.0,0.0,1.0
2.0,9.766057406294586e-05,0.0,0.0,0.0,0.0,0.013888888888888888,0.0,0.0,1.0
3.0,1.094329370677432e-05,0.0,0.0,0.0,0.0,0.013888888888888888,0.0,0.0,1.0
4.0,7.121878742670543e-08,0.0,0.0,0.0,0.0,0.013888888888888888,0.0,0.0,0.0
1.0,100.0,0.002444682341634635,0.2450673459737302,0.0,0.0,0.013888888888888888,0.0,0.0,1.0
2.0,8.816698274104353e-05,0.0,0.0,0.0,0.0,0.013888888888888888,0.0,0.0,1.0
3.0,9.99197696841058e-06,0.0,0.0,0.0,0.0,0.013888888888888888,0.0,0.0,1.0
4.0,6.587115844825177e-08,0.0,0.0,0.0,0.0,0.013888888888888888,0.0,0.0,0.0
1.0,100.0,0.002444609767048341,0.24506005290072055,0.0,0.0,0.013888888888888888,0.0,0.0,1.0
2.0,7.961590818323123e-05,0.0,0.0,0.0,0.0,0.013888888888888888,0.0,0.0,1.0
3.0,9.148404655945316e-06,0.0,0.0,0.0,0.0,0.013888888888888888,0.0,0.0,1.0
4.0,6.110198345394839e-08,0.0,0.0,0.0,0.0,0.013888888888888888,0.0,0.0,0.0
1.0,100.0,0.002444544352866166,0.2450534793828426,0.0,0.0,0.013888888888888888,0.0,0.0,1.0
2.0,7.190008861719916e-05,0.0,0.0,0.0,0.0,0.013888888888888888,0.0,0.0,1.0
3.0,8.379628791249175e-06,0.0,0.0,0.0,0.0,0.013888888888888888,0.0,0.0,1.0
4.0,5.675310778585225e-08,0.0,0.0,0.0,0.0,0.013888888888888888,0.0,0.0,0.0
1.0,100.0,0.0024444853926560636,0.2450475544299865,0.0,0.0,0.013888888888888888,0.0,0.0,1.0
2.0,6.494511719835345e-05,0.0,0.0,0.0,0.0,0.013888888888888888,0.0,0.0,1.0
3.0,7.686235623914791e-06,0.0,0.0,0.0,0.0,0.013888888888888888,0.0,0.0,1.0
4.0,5.283280862267397e-08,0.0,0.0,0.0,0.0,0.013888888888888888,0.0,0.0,0.0
1.0,100.0,0.002444432249582094,0.2450422140457795,0.0,0.0,0.013888888888888888,0.0,0.0,1.0
2.0,5.8675994276166184e-05,0.0,0.0,0.0,0.0,0.013888888888888888,0.0,0.0,1.0
3.0,7.06087267730088e-06,0.0,0.0,0.0,0.0,0.013888888888888888,0.0,0.0,1.0
4.0,4.929287584384768e-08,0.0,0.0,0.0,0.0,0.013888888888888888,0.0,0.0,0.0
1.0,100.0,0.002444384349639507,0.2450374005479726,0.0,0.0,0.013888888888888888,0.0,0.0,1.0
2.0,5.3025031582386034e-05,0.0,0.0,0.0,0.0,0.013888888888888888,0.0,0.0,1.0
3.0,6.496815901828645e-06,0.0,0.0,0.0,0.0,0.013888888888888888,0.0,0.0,1.0
4.0,4.6095894861715864e-08,0.0,0.0,0.0,0.0,0.013888888888888888,0.0,0.0,0.0
1.0,100.0,0.0024443411754704117,0.24503306194675387,0.0,0.0,0.013888888888888888,0.0,0.0,1.0
2.0,4.793123241762698e-05,0.0,0.0,0.0,0.0,0.013888888888888888,0.0,0.0,1.0
3.0,5.9880176741031504e-06,0.0,0.0,0.0,0.0,0.013888888888888888,0.0,0.0,1.0
4.0,4.321148797370089e-08,0.0,0.0,0.0,0.0,0.013888888888888888,0.0,0.0,0.0
1.0,100.0,0.0024443022607517706,0.2450291513808698,0.0,0.0,0.013888888888888888,0.0,0.0,1.0
2.0,4.333962196868361e-05,0.0,0.0,0.0,0.0,0.013888888888888888,0.0,0.0,1.0
3.0,5.5290263102978895e-06,0.0,0.0,0.0,0.0,0.013888888888888888,0.0,0.0,1.0
4.0,4.0607494414136715e-08,0.0,0.0,0.0,0.0,0.013888888888888888,0.0,0.0,0.0
1.0,100.0,0.0024442671851683004,0.24502562661252608,0.0,0.0,0.013888888888888888,0.0,0.0,1.0
2.0,3.92006464205352e-05,0.0,0.0,0.0,0.0,0.013888888888888888,0.0,0.0,1.0
3.0,5.114926653188449e-06,0.0,0.0,0.0,0.0,0.013888888888888888,0.0,0.0,1.0
4.0,3.825443710360254e-08,0.0,0.0,0.0,0.0,0.013888888888888888,0.0,0.0,0.0
1.0,100.0,0.002444241332207493,0.24502302863173472,0.0,0.0,0.013888888888888888,0.0,0.0,1.0
2.0,3.546964787878296e-05,0.0,0.0,0.0,0.0,0.013888888888888888,0.0,0.0,1.0
3.0,4.74165365137863e-06,0.0,0.0,0.0,0.0,0.013888888888888888,0.0,0.0,1.0
4.0,3.611650054780532e-08,0.0,0.0,0.0,0.0,0.013888888888888888,0.0,0.0,0.0
1.0,100.0,0.002444238539975201,0.245022748038506,0.0,0.0,0.013888888888888888,0.0,0.0,1.0
2.0,3.2106010211400106e-05,0.0,0.0,0.0,0.0,0.013888888888888888,0.0,0.0,1.0
3.0,4.405105304782615e-06,0.0,0.0,0.0,0.0,0.013888888888888888,0.0,0.0,1.0
4.0,3.4212583874997435e-08,0.0,0.0,0.0,0.0,0.013888888888888888,0.0,0.0,0.0
1.0,100.0,0.002444237944401644,0.2450226881889124,0.0,0.0,0.013888888888888888,0.0,0.0,1.0
2.0,2.907321348500743e-05,0.0,0.0,0.0,0.0,0.013888888888888888,0.0,0.0,1.0
3.0,4.100036999144206e-06,0.0,0.0,0.0,0.0,0.013888888888888888,0.0,0.0,1.0
4.0,3.2504202844030046e-08,0.0,0.0,0.0,0.0,0.013888888888888888,0.0,0.0,0.0
1.0,100.0,0.0024442373680697333,0.2450226302729451,0.0,0.0,0.013888888888888888,0.0,0.0,1.0
2.0,2.633994952169843e-05,0.0,0.0,0.0,0.0,0.013888888888888888,0.0,0.0,1.0
3.0,3.825271358030648e-06,0.0,0.0,0.0,0.0,0.013888888888888888,0.0,0.0,1.0
4.0,3.093274305940827e-08,0.0,0.0,0.0,0.0,0.013888888888888888,0.0,0.0,0.0
1.0,100.0,0.002444236809052534,0.24502257409696523,0.0,0.0,0.013888888888888888,0.0,0.0,1.0
2.0,2.3876059816929865e-05,0.0,0.0,0.0,0.0,0.013888888888888888,0.0,0.0,1.0
3.0,3.577270702885567e-06,0.0,0.0,0.0,0.0,0.013888888888888888,0.0,0.0,1.0
4.0,2.951095573587369e-08,0.0,0.0,0.0,0.0,0.013888888888888888,0.0,0.0,0.0
1.0,100.0,0.002444236265581313,0.24502251948318993,0.0,0.0,0.013888888888888888,0.0,0.0,1.0
2.0,2.165492566592602e-05,0.0,0.0,0.0,0.0,0.013888888888888888,0.0,0.0,1.0
3.0,3.3533768163032705e-06,0.0,0.0,0.0,0.0,0.013888888888888888,0.0,0.0,1.0
4.0,2.8227462360438493e-08,0.0,0.0,0.0,0.0,0.013888888888888888,0.0,0.0,0.0
1.0,100.0,0.0024442357360611885,0.2450224662713487,0.0,0.0,0.013888888888888888,0.0,0.0,1.0
2.0,1.9652575882113878e-05,0.0,0.0,0.0,0.0,0.013888888888888888,0.0,0.0,1.0
3.0,3.1511933923274576e-06,0.0,0.0,0.0,0.0,0.013888888888888888,0.0,0.0,1.0
4.0,2.706325503300866e-08,0.0,0.0,0.0,0.0,0.013888888888888888,0.0,0.0,0.0
1.0,100.0,0.0024442352190525017,0.24502241431681077,0.0,0.0,0.013888888888888888,0.0,0.0,1.0
2.0,1.7847417927477897e-05,0.0,0.0,0.0,0.0,0.013888888888888888,0.0,0.0,1.0
3.0,2.968583937860755e-06,0.0,0.0,0.0,0.0,0.013888888888888888,0.0,0.0,1.0
4.0,2.6012827078943647e-08,0.0,0.0,0.0,0.0,0.013888888888888888,0.0,0.0,0.0
1.0,100.0,0.0028522163430364433,0.24502834548082966,0.0,0.0,0.013888888888888888,0.0,0.0,1.0
2.0,0.0004965976776391118,0.0,0.0,0.0,0.0,0.013888888888888888,0.0,0.0,1.0
3.0,0.0004920608709310026,0.0,0.0,0.0,0.0,0.013888888888888888,0.0,0.0,1.0
4.0,4.2989415992341354e-06,0.0,0.0,0.0,0.0,0.013888888888888888,0.0,0.0,0.0
1.0,100.0,0.0017861254971084939,0.2943206943155495,0.0,0.0,0.013888888888888888,0.0,0.0,1.0
2.0,1.0552981712758303e-05,0.0,0.0,0.0,0.0,0.013888888888888888,0.0,0.0,1.0
3.0,2.0602748680217482e-05,0.0,0.0,0.0,0.0,0.013888888888888888,0.0,0.0,1.0
4.0,2.119270192618273e-07,0.0,0.0,0.0,0.0,0.013888888888888888,0.0,0.0,0.0
1.0,100.0,0.0020345435035511463,0.22348082344090664,0.0,0.0,0.013888888888888888,0.0,0.0,1.0
2.0,8.556793662488466e-06,0.0,0.0,0.0,0.0,0.013888888888888888,0.0,0.0,1.0
3.0,2.3411538911514993e-06,0.0,0.0,0.0,0.0,0.013888888888888888,0.0,0.0,1.0
4.0,2.1206018528953805e-08,0.0,0.0,0.0,0.0,0.013888888888888888,0.0,0.0,0.0
1.0,100.0,0.0020345803254552086,0.22290487941297146,0.0,0.0,0.013888888888888888,0.0,0.0,1.0
2.0,7.848613104201614e-06,0.0,0.0,0.0,0.0,0.013888888888888888,0.0,0.0,1.0
3.0,1.7634897031458182e-06,0.0,0.0,0.0,0.0,0.013888888888888888,0.0,0.0,1.0
4.0,1.288015452580329e-08,0.0,0.0,0.0,0.0,0.013888888888888888,0.0,0.0,0.0
1.0,100.0,0.002034617962791876,0.22233066518089323,0.0,0.0,0.013888888888888888,0.0,0.0,1.0
2.0,7.204888714128098e-06,0.0,0.0,0.0,0.0,0.013888888888888888,0.0,0.0,1.0
3.0,1.3448064182544241e-06,0.0,0.0,0.0,0.0,0.013888888888888888,0.0,0.0,1.0
4.0,8.094719876946917e-09,0.0,0.0,0.0,0.0,0.013888888888888888,0.0,0.0,0.0
1.0,100.0,0.002034653497058088,0.22175614263630147,0.0,0.0,0.013888888888888888,0.0,0.0,1.0
2.0,6.62069636786777e-06,0.0,0.0,0.0,0.0,0.013888888888888888,0.0,0.0,1.0
3.0,9.72923336670733e-07,0.0,0.0,0.0,0.0,0.013888888888888888,0.0,0.0,1.0
4.0,4.654356829696068e-09,0.0,0.0,0.0,0.0,0.013888888888888888,0.0,0.0,0.0
1.0,100.0,0.002034687084852454,0.22118129852334653,0.0,0.0,0.013888888888888888,0.0,0.0,1.0
2.0,6.090356200548184e-06,0.0,0.0,0.0,0.0,0.013888888888888888,0.0,0.0,1.0
3.0,6.241917979676432e-07,0.0,0.0,0.0,0.0,0.013888888888888888,0.0,0.0,1.0
4.0,2.4586427189296496e-09,0.0,0.0,0.0,0.0,0.013888888888888888,0.0,0.0,0.0
1.0,100.0,0.0020347188667584107,0.22060612189319712,0.0,0.0,0.013888888888888888,0.0,0.0,1.0
2.0,5.611242131394439e-06,0.0,0.0,0.0,0.0,0.013888888888888888,0.0,0.0,1.0
3.0,2.8863167631077565e-07,0.0,0.0,0.0,0.0,0.013888888888888888,0.0,0.0,1.0
4.0,2.1194344644523902e-09,0.0,0.0,0.0,0.0,0.013888888888888888,0.0,0.0,0.0
1.0,100.0,0.0020347489693152906,0.22003060255877904,0.0,0.0,0.013888888888888888,0.0,0.0,1.0
2.0,5.348511055030892e-06,0.0,0.0,0.0,0.0,0.013888888888888888,0.0,0.0,1.0
3.0,2.6494487022507865e-07,0.0,0.0,0.0,0.0,0.013888888888888888,0.0,0.0,1.0
4.0,5.235432884473219e-09,0.0,0.0,0.0,0.0,0.013888888888888888,0.0,0.0,0.0
1.0,100.0,0.002034777506718711,0.21945473046671748,0.0,0.0,0.013888888888888888,0.0,0.0,1.0
2.0,5.1614207919712545e-06,0.0,0.0,0.0,0.0,0.013888888888888888,0.0,0.0,1.0
3.0,3.8369965558110716e-07,0.0,0.0,0.0,0.0,0.013888888888888888,0.0,0.0,1.0
4.0,8.355065147465417e-09,0.0,0.0,0.0,0.0,0.013888888888888888,0.0,0.0,0.0
1.0,100.0,0.0020348045822968235,0.2188784951432752,0.0,0.0,0.013888888888888888,0.0,0.0,1.0
2.0,5.017889797915721e-06,0.0,0.0,0.0,0.0,0.013888888888888888,0.0,0.0,1.0
3.0,6.766199384418547e-07,0.0,0.0,0.0,0.0,0.013888888888888888,0.0,0.0,1.0
4.0,1.150341200351112e-08,0.0,0.0,0.0,0.0,0.013888888888888888,0.0,0.0,0.0
1.0,100.0,0.002034830289774931,0.21830188546821863,0.0,0.0,0.013888888888888888,0.0,0.0,1.0
2.0,4.915056839947455e-06,0.0,0.0,0.0,0.0,0.013888888888888888,0.0,0.0,1.0
3.0,9.891756860915506e-07,0.0,0.0,0.0,0.0,0.013888888888888888,0.0,0.0,1.0
4.0,1.468517929195755e-08,0.0,0.0,0.0,0.0,0.013888888888888888,0.0,0.0,0.0
1.0,100.0,0.002034854715158836,0.21772489005202422,0.0,0.0,0.013888888888888888,0.0,0.0,1.0
2.0,4.8495835586343675e-06,0.0,0.0,0.0,0.0,0.013888888888888888,0.0,0.0,1.0
3.0,1.2979349117615462e-06,0.0,0.0,0.0,0.0,0.013888888888888888,0.0,0.0,1.0
4.0,1.790274425291443e-08,0.0,0.0,0.0,0.0,0.013888888888888888,0.0,0.0,0.0
1.0,100.0,0.0020348779370181727,0.2171474969319956,0.0,0.0,0.013888888888888888,0.0,0.0,1.0
2.0,4.817980472539744e-06,0.0,0.0,0.0,0.0,0.013888888888888888,0.0,0.0,1.0
3.0,1.602964634831101e-06,0.0,0.0,0.0,0.0,0.013888888888888888,0.0,0.0,1.0
4.0,2.1157054078672535e-08,0.0,0.0,0.0,0.0,0.013888888888888888,0.0,0.0,0.0
1.0,100.0,0.002034900022073604,0.2165696928835397,0.0,0.0,0.013888888888888888,0.0,0.0,1.0
2.0,4.816831582211461e-06,0.0,0.0,0.0,0.0,0.013888888888888888,0.0,0.0,1.0
3.0,1.9043394326779633e-06,0.0,0.0,0.0,0.0,0.013888888888888888,0.0,0.0,1.0
4.0,2.444674013373714e-08,0.0,0.0,0.0,0.0,0.013888888888888888,0.0,0.0,0.0
1.0,100.0,0.0020349210379693554,0.21599146541444744,0.0,0.0,0.013888888888888888,0.0,0.0,1.0
2.0,4.842789412249178e-06,0.0,0.0,0.0,0.0,0.013888888888888888,0.0,0.0,1.0
3.0,2.2018633441757107e-06,0.0,0.0,0.0,0.0,0.013888888888888888,0.0,0.0,1.0
4.0,2.7773749299329073e-08,0.0,0.0,0.0,0.0,0.013888888888888888,0.0,0.0,0.0
1.0,100.0,0.0020349410443418025,0.21541280078312858,0.0,0.0,0.013888888888888888,0.0,0.0,1.0
2.0,4.8928395551895605e-06,0.0,0.0,0.0,0.0,0.013888888888888888,0.0,0.0,1.0
3.0,2.4953224741100686e-06,0.0,0.0,0.0,0.0,0.013888888888888888,0.0,0.0,1.0
4.0,3.112681714905792e-08,0.0,0.0,0.0,0.0,0.013888888888888888,0.0,0.0,0.0
1.0,100.0,0.0020349600960281526,0.21483368500712108,0.0,0.0,0.013888888888888888,0.0,0.0,1.0
2.0,4.9643071185672705e-06,0.0,0.0,0.0,0.0,0.013888888888888888,0.0,0.0,1.0
3.0,2.784792596349652e-06,0.0,0.0,0.0,0.0,0.013888888888888888,0.0,0.0,1.0
4.0,3.45069036744139e-08,0.0,0.0,0.0,0.0,0.013888888888888888,0.0,0.0,0.0
1.0,100.0,0.002034978243541536,0.21425410368652958,0.0,0.0,0.013888888888888888,0.0,0.0,1.0
2.0,5.054573210853762e-06,0.0,0.0,0.0,0.0,0.013888888888888888,0.0,0.0,1.0
3.0,3.070135351840914e-06,0.0,0.0,0.0,0.0,0.013888888888888888,0.0,0.0,1.0
4.0,3.7907793865408885e-08,0.0,0.0,0.0,0.0,0.013888888888888888,0.0,0.0,0.0
1.0,100.0,0.00203499553350513,0.21367404203877105,0.0,0.0,0.013888888888888888,0.0,0.0,1.0
2.0,5.161282003625296e-06,0.0,0.0,0.0,0.0,0.013888888888888888,0.0,0.0,1.0
3.0,3.351257755478549e-06,0.0,0.0,0.0,0.0,0.013888888888888888,0.0,0.0,1.0
4.0,4.132794228497013e-08,0.0,0.0,0.0,0.0,0.013888888888888888,0.0,0.0,0.0
1.0,100.0,0.002035012009025281,0.21309348492916758,0.0,0.0,0.013888888888888888,0.0,0.0,1.0
2.0,5.282293728300812e-06,0.0,0.0,0.0,0.0,0.013888888888888888,0.0,0.0,1.0
3.0,3.6280624260044117e-06,0.0,0.0,0.0,0.0,0.013888888888888888,0.0,0.0,1.0
4.0,4.4765044300634166e-08,0.0,0.0,0.0,0.0,0.013888888888888888,0.0,0.0,0.0
1.0,100.0,0.0020350277100279826,0.21251241689729936,0.0,0.0,0.013888888888888888,0.0,0.0,1.0
2.0,5.415687695670466e-06,0.0,0.0,0.0,0.0,0.013888888888888888,0.0,0.0,1.0
3.0,3.9004790567252495e-06,0.0,0.0,0.0,0.0,0.013888888888888888,0.0,0.0,1.0
4.0,4.8211910907543234e-08,0.0,0.0,0.0,0.0,0.013888888888888888,0.0,0.0,0.0
1.0,100.0,0.0020350426735521116,0.2119308222275604,0.0,0.0,0.013888888888888888,0.0,0.0,1.0
2.0,5.559726771015122e-06,0.0,0.0,0.0,0.0,0.013888888888888888,0.0,0.0,1.0
3.0,4.168485129011371e-06,0.0,0.0,0.0,0.0,0.013888888888888888,0.0,0.0,1.0
4.0,5.166886974838688e-08,0.0,0.0,0.0,0.0,0.013888888888888888,0.0,0.0,0.0
1.0,100.0,0.002035056934019846,0.21134868488167374,0.0,0.0,0.013888888888888888,0.0,0.0,1.0
2.0,5.712815358972308e-06,0.0,0.0,0.0,0.0,0.013888888888888888,0.0,0.0,1.0
3.0,4.4319778285400145e-06,0.0,0.0,0.0,0.0,0.013888888888888888,0.0,0.0,1.0
4.0,5.5133009092849245e-08,0.0,0.0,0.0,0.0,0.013888888888888888,0.0,0.0,0.0
1.0,100.0,0.002035070523457881,0.21076598850419032,0.0,0.0,0.013888888888888888,0.0,0.0,1.0
2.0,5.873572500852674e-06,0.0,0.0,0.0,0.0,0.013888888888888888,0.0,0.0,1.0
3.0,4.690915630810519e-06,0.0,0.0,0.0,0.0,0.013888888888888888,0.0,0.0,1.0
4.0,5.8597785695269254e-08,0.0,0.0,0.0,0.0,0.013888888888888888,0.0,0.0,0.0
1.0,100.0,0.00203508347171956,0.21018271654698423,0.0,0.0,0.013888888888888888,0.0,0.0,1.0
2.0,6.0407668792722775e-06,0.0,0.0,0.0,0.0,0.013888888888888888,0.0,0.0,1.0
3.0,4.945297395020492e-06,0.0,0.0,0.0,0.0,0.013888888888888888,0.0,0.0,1.0
4.0,6.2063084570602e-08,0.0,0.0,0.0,0.0,0.013888888888888888,0.0,0.0,0.0
1.0,100.0,0.0020350958066651715,0.20959885222816832,0.0,0.0,0.013888888888888888,0.0,0.0,1.0
2.0,6.213276537772071e-06,0.0,0.0,0.0,0.0,0.013888888888888888,0.0,0.0,1.0
3.0,5.195117847338699e-06,0.0,0.0,0.0,0.0,0.013888888888888888,0.0,0.0,1.0
4.0,6.552842380589724e-08,0.0,0.0,0.0,0.0,0.013888888888888888,0.0,0.0,0.0
1.0,100.0,0.0020351075543374045,0.20901437856030164,0.0,0.0,0.013888888888888888,0.0,0.0,1.0
2.0,6.390093369886202e-06,0.0,0.0,0.0,0.0,0.013888888888888888,0.0,0.0,1.0
3.0,5.440366885047548e-06,0.0,0.0,0.0,0.0,0.013888888888888888,0.0,0.0,1.0
4.0,6.898934834856821e-08,0.0,0.0,0.0,0.0,0.013888888888888888,0.0,0.0,0.0
1.0,100.0,0.0020351187391062656,0.20842927835260905,0.0,0.0,0.013888888888888888,0.0,0.0,1.0
2.0,6.570319560262928e-06,0.0,0.0,0.0,0.0,0.013888888888888888,0.0,0.0,1.0
3.0,5.681054883306098e-06,0.0,0.0,0.0,0.0,0.013888888888888888,0.0,0.0,1.0
4.0,7.244089717753337e-08,0.0,0.0,0.0,0.0,0.013888888888888888,0.0,0.0,0.0
1.0,100.0,0.002035129383806453,0.20784353422146082,0.0,0.0,0.013888888888888888,0.0,0.0,1.0
2.0,6.753150663946183e-06,0.0,0.0,0.0,0.0,0.013888888888888888,0.0,0.0,1.0
3.0,5.917187349839596e-06,0.0,0.0,0.0,0.0,0.013888888888888888,0.0,0.0,1.0
4.0,7.588443606729709e-08,0.0,0.0,0.0,0.0,0.013888888888888888,0.0,0.0,0.0
1.0,100.0,0.0020351395098635755,0.2072571285999133,0.0,0.0,0.013888888888888888,0.0,0.0,1.0
2.0,6.937870681442664e-06,0.0,0.0,0.0,0.0,0.013888888888888888,0.0,0.0,1.0
3.0,6.148785663501655e-06,0.0,0.0,0.0,0.0,0.013888888888888888,0.0,0.0,1.0
4.0,7.931888872213824e-08,0.0,0.0,0.0,0.0,0.013888888888888888,0.0,0.0,0.0
1.0,100.0,0.0020351491373995553,0.20667004374578293,0.0,0.0,0.013888888888888888,0.0,0.0,1.0
2.0,7.123844046531861e-06,0.0,0.0,0.0,0.0,0.013888888888888888,0.0,0.0,1.0
3.0,6.375876419685648e-06,0.0,0.0,0.0,0.0,0.013888888888888888,0.0,0.0,1.0
4.0,8.27419642185417e-08,0.0,0.0,0.0,0.0,0.013888888888888888,0.0,0.0,0.0
1.0,100.0,0.0020351582853420655,0.20608226174958275,0.0,0.0,0.013888888888888888,0.0,0.0,1.0
2.0,7.3105060959756646e-06,0.0,0.0,0.0,0.0,0.013888888888888888,0.0,0.0,1.0
3.0,6.598482193379199e-06,0.0,0.0,0.0,0.0,0.013888888888888888,0.0,0.0,1.0
4.0,8.614880319690007e-08,0.0,0.0,0.0,0.0,0.013888888888888888,0.0,0.0,0.0
1.0,100.0,0.002035166971504175,0.20549376453963666,0.0,0.0,0.013888888888888888,0.0,0.0,1.0
2.0,7.4973553362715505e-06,0.0,0.0,0.0,0.0,0.013888888888888888,0.0,0.0,1.0
3.0,6.816644845674054e-06,0.0,0.0,0.0,0.0,0.013888888888888888,0.0,0.0,1.0
4.0,8.95420875557799e-08,0.0,0.0,0.0,0.0,0.013888888888888888,0.0,0.0,0.0
1.0,100.0,0.002035175212676712,0.20490453388844224,0.0,0.0,0.013888888888888888,0.0,0.0,1.0
2.0,7.68394524253763e-06,0.0,0.0,0.0,0.0,0.013888888888888888,0.0,0.0,1.0
3.0,7.030394004989257e-06,0.0,0.0,0.0,0.0,0.013888888888888888,0.0,0.0,1.0
4.0,9.291636345380616e-08,0.0,0.0,0.0,0.0,0.013888888888888888,0.0,0.0,0.0
1.0,100.0,0.0020351830246962185,0.204314551425313,0.0,0.0,0.013888888888888888,0.0,0.0,1.0
2.0,7.869888039702487e-06,0.0,0.0,0.0,0.0,0.013888888888888888,0.0,0.0,1.0
3.0,7.2397847595017705e-06,0.0,0.0,0.0,0.0,0.013888888888888888,0.0,0.0,1.0
4.0,9.627433817739023e-08,0.0,0.0,0.0,0.0,0.013888888888888888,0.0,0.0,0.0
1.0,100.0,0.0020351904225190754,0.2041373149790488,0.0,0.0,0.013888888888888888,0.0,0.0,1.0
2.0,8.054827193872498e-06,0.0,0.0,0.0,0.0,0.013888888888888888,0.0,0.0,1.0
3.0,7.444846413443244e-06,0.0,0.0,0.0,0.0,0.013888888888888888,0.0,0.0,1.0
4.0,9.961120338483384e-08,0.0,0.0,0.0,0.0,0.013888888888888888,0.0,0.0,0.0
1.0,100.0,0.002035115694402545,0.20469523840198453,0.0,0.0,0.013888888888888888,0.0,0.0,1.0
2.0,2.1140602468909717e-06,0.0,0.0,0.0,0.0,0.013888888888888888,0.0,0.0,1.0
3.0,1.7038949685639118e-06,0.0,0.0,0.0,0.0,0.013888888888888888,0.0,0.0,1.0
4.0,2.3922876878648262e-08,0.0,0.0,0.0,0.0,0.013888888888888888,0.0,0.0,0.0
1.0,100.0,0.0020407668067758625,0.20602620808519012,0.0,0.0,0.013888888888888888,0.0,0.0,1.0
2.0,1.845911565369788e-06,0.0,0.0,0.0,0.0,0.013888888888888888,0.0,0.0,1.0
3.0,1.4788771403919349e-06,0.0,0.0,0.0,0.0,0.013888888888888888,0.0,0.0,1.0
4.0,2.064209183350633e-08,0.0,0.0,0.0,0.0,0.013888888888888888,0.0,0.0,0.0
1.0,100.0,0.002040766355267307,0.20602688726355922,0.0,0.0,0.013888888888888888,0.0,0.0,1.0
2.0,1.797661886029026e-06,0.0,0.0,0.0,0.0,0.013888888888888888,0.0,0.0,1.0
3.0,1.4661227742363286e-06,0.0,0.0,0.0,0.0,0.013888888888888888,0.0,0.0,1.0
4.0,2.041878399294777e-08,0.0,0.0,0.0,0.0,0.013888888888888888,0.0,0.0,0.0
1.0,100.0,0.0020407659791951364,0.20602759613596128,0.0,0.0,0.013888888888888888,0.0,0.0,1.0
2.0,1.7586435977407403e-06,0.0,0.0,0.0,0.0,0.013888888888888888,0.0,0.0,1.0
3.0,1.4569780184115368e-06,0.0,0.0,0.0,0.0,0.013888888888888888,0.0,0.0,1.0
4.0,2.0284638927733644e-08,0.0,0.0,0.0,0.0,0.013888888888888888,0.0,0.0,0.0
1.0,100.0,0.002040765602670982,0.20602831010918915,0.0,0.0,0.013888888888888888,0.0,0.0,1.0
2.0,1.7253115214456533e-06,0.0,0.0,0.0,0.0,0.013888888888888888,0.0,0.0,1.0
3.0,1.4493486603454621e-06,0.0,0.0,0.0,0.0,0.013888888888888888,0.0,0.0,1.0
4.0,2.0184960081161756e-08,0.0,0.0,0.0,0.0,0.013888888888888888,0.0,0.0,0.0
1.0,100.0,0.0020407652256859035,0.20602902836605788,0.0,0.0,0.013888888888888888,0.0,0.0,1.0
2.0,1.69618461147436e-06,0.0,0.0,0.0,0.0,0.013888888888888888,0.0,0.0,1.0
3.0,1.4426448865285595e-06,0.0,0.0,0.0,0.0,0.013888888888888888,0.0,0.0,1.0
4.0,2.010490602718872e-08,0.0,0.0,0.0,0.0,0.013888888888888888,0.0,0.0,0.0
1.0,100.0,0.0020407648482274983,0.20602975034430632,0.0,0.0,0.013888888888888888,0.0,0.0,1.0
2.0,1.670359595529257e-06,0.0,0.0,0.0,0.0,0.013888888888888888,0.0,0.0,1.0
3.0,1.4365674365293322e-06,0.0,0.0,0.0,0.0,0.013888888888888888,0.0,0.0,1.0
4.0,2.0036556300980036e-08,0.0,0.0,0.0,0.0,0.013888888888888888,0.0,0.0,0.0
1.0,100.0,0.0020407644702836298,0.20603047563675178,0.0,0.0,0.013888888888888888,0.0,0.0,1.0
2.0,1.6472249115757492e-06,0.0,0.0,0.0,0.0,0.013888888888888888,0.0,0.0,1.0
3.0,1.4309407795853232e-06,0.0,0.0,0.0,0.0,0.013888888888888888,0.0,0.0,1.0
4.0,1.9971661676552866e-08,0.0,0.0,0.0,0.0,0.013888888888888888,0.0,0.0,0.0
1.0,100.0,0.002040764091843856,0.20603120393409127,0.0,0.0,0.013888888888888888,0.0,0.0,1.0
2.0,1.6263442015102882e-06,0.0,0.0,0.0,0.0,0.013888888888888888,0.0,0.0,1.0
3.0,1.4256530782045013e-06,0.0,0.0,0.0,0.0,0.013888888888888888,0.0,0.0,1.0
4.0,1.9913954365980097e-08,0.0,0.0,0.0,0.0,0.013888888888888888,0.0,0.0,0.0
1.0,100.0,0.002040763712896083,0.20603193499301506,0.0,0.0,0.013888888888888888,0.0,0.0,1.0
2.0,1.6073931485986632e-06,0.0,0.0,0.0,0.0,0.013888888888888888,0.0,0.0,1.0
3.0,1.4206393595015885e-06,0.0,0.0,0.0,0.0,0.013888888888888888,0.0,0.0,1.0
4.0,1.9858879621173154e-08,0.0,0.0,0.0,0.0,0.013888888888888888,0.0,0.0,0.0
1.0,100.0,0.0020407633334317177,0.2060326686154706,0.0,0.0,0.013888888888888888,0.0,0.0,1.0
2.0,1.5901072228716242e-06,0.0,0.0,0.0,0.0,0.013888888888888888,0.0,0.0,1.0
3.0,1.4158438625325202e-06,0.0,0.0,0.0,0.0,0.013888888888888888,0.0,0.0,1.0
4.0,1.980574155135691e-08,0.0,0.0,0.0,0.0,0.013888888888888888,0.0,0.0,0.0
1.0,100.0,0.002040762953442287,0.20603340463465958,0.0,0.0,0.013888888888888888,0.0,0.0,1.0
2.0,1.574280831685686e-06,0.0,0.0,0.0,0.0,0.013888888888888888,0.0,0.0,1.0
3.0,1.4112361434645373e-06,0.0,0.0,0.0,0.0,0.013888888888888888,0.0,0.0,1.0
4.0,1.9754881710858533e-08,0.0,0.0,0.0,0.0,0.013888888888888888,0.0,0.0,0.0
1.0,100.0,0.002040762572919616,0.206034142917038,0.0,0.0,0.013888888888888888,0.0,0.0,1.0
2.0,1.5597368658280872e-06,0.0,0.0,0.0,0.0,0.013888888888888888,0.0,0.0,1.0
3.0,1.4067836969984763e-06,0.0,0.0,0.0,0.0,0.013888888888888888,0.0,0.0,1.0
4.0,1.9706300055978536e-08,0.0,0.0,0.0,0.0,0.013888888888888888,0.0,0.0,0.0
1.0,100.0,0.002040762191855363,0.20603488334716685,0.0,0.0,0.013888888888888888,0.0,0.0,1.0
2.0,1.5463309242383179e-06,0.0,0.0,0.0,0.0,0.013888888888888888,0.0,0.0,1.0
3.0,1.4024590538711562e-06,0.0,0.0,0.0,0.0,0.013888888888888888,0.0,0.0,1.0
4.0,1.965616316183702e-08,0.0,0.0,0.0,0.0,0.013888888888888888,0.0,0.0,0.0
1.0,100.0,0.0020407618102435176,0.20603562582175583,0.0,0.0,0.013888888888888888,0.0,0.0,1.0
2.0,1.5339419889949534e-06,0.0,0.0,0.0,0.0,0.013888888888888888,0.0,0.0,1.0
3.0,1.3982537604490452e-06,0.0,0.0,0.0,0.0,0.013888888888888888,0.0,0.0,1.0
4.0,1.9611669670147617e-08,0.0,0.0,0.0,0.0,0.013888888888888888,0.0,0.0,0.0
1.0,100.0,0.002040761428078256,0.2060363702538362,0.0,0.0,0.013888888888888888,0.0,0.0,1.0
2.0,1.5224670478294217e-06,0.0,0.0,0.0,0.0,0.013888888888888888,0.0,0.0,1.0
3.0,1.3941564661645137e-06,0.0,0.0,0.0,0.0,0.013888888888888888,0.0,0.0,1.0
4.0,1.9564785917855398e-08,0.0,0.0,0.0,0.0,0.013888888888888888,0.0,0.0,0.0
1.0,100.0,0.002040761045351609,0.2060371165650372,0.0,0.0,0.013888888888888888,0.0,0.0,1.0
2.0,1.5118037108343704e-06,0.0,0.0,0.0,0.0,0.013888888888888888,0.0,0.0,1.0
3.0,1.3901473444145073e-06,0.0,0.0,0.0,0.0,0.013888888888888888,0.0,0.0,1.0
4.0,1.952062302978519e-08,0.0,0.0,0.0,0.0,0.013888888888888888,0.0,0.0,0.0
1.0,100.0,0.0020407606620621486,0.206037864686321,0.0,0.0,0.013888888888888888,0.0,0.0,1.0
2.0,1.5018743867471684e-06,0.0,0.0,0.0,0.0,0.013888888888888888,0.0,0.0,1.0
3.0,1.3862251409264864e-06,0.0,0.0,0.0,0.0,0.013888888888888888,0.0,0.0,1.0
4.0,1.94772706343385e-08,0.0,0.0,0.0,0.0,0.013888888888888888,0.0,0.0,0.0
1.0,100.0,0.002040760278202193,0.20603861455596248,0.0,0.0,0.013888888888888888,0.0,0.0,1.0
2.0,1.492604585656735e-06,0.0,0.0,0.0,0.0,0.013888888888888888,0.0,0.0,1.0
3.0,1.3823800999526882e-06,0.0,0.0,0.0,0.0,0.013888888888888888,0.0,0.0,1.0
4.0,1.9433944348151356e-08,0.0,0.0,0.0,0.0,0.013888888888888888,0.0,0.0,0.0
1.0,100.0,0.002040759893766656,0.20603936611952628,0.0,0.0,0.013888888888888888,0.0,0.0,1.0
2.0,1.4839226026279819e-06,0.0,0.0,0.0,0.0,0.013888888888888888,0.0,0.0,1.0
3.0,1.3785990122557762e-06,0.0,0.0,0.0,0.0,0.013888888888888888,0.0,0.0,1.0
4.0,1.9390024268583137e-08,0.0,0.0,0.0,0.0,0.013888888888888888,0.0,0.0,0.0
1.0,100.0,0.0020407595087539193,0.20604011932855043,0.0,0.0,0.013888888888888888,0.0,0.0,1.0
2.0,1.4757765457501682e-06,0.0,0.0,0.0,0.0,0.013888888888888888,0.0,0.0,1.0
3.0,1.374880117989367e-06,0.0,0.0,0.0,0.0,0.013888888888888888,0.0,0.0,1.0
4.0,1.9348723736109944e-08,0.0,0.0,0.0,0.0,0.013888888888888888,0.0,0.0,0.0
1.0,100.0,0.0020407591231586027,0.20604087413966837,0.0,0.0,0.013888888888888888,0.0,0.0,1.0
2.0,1.4681135249207802e-06,0.0,0.0,0.0,0.0,0.013888888888888888,0.0,0.0,1.0
3.0,1.3712217965144662e-06,0.0,0.0,0.0,0.0,0.013888888888888888,0.0,0.0,1.0
4.0,1.9308334838312085e-08,0.0,0.0,0.0,0.0,0.013888888888888888,0.0,0.0,0.0
1.0,100.0,0.002040758736977131,0.20604163051439356,0.0,0.0,0.013888888888888888,0.0,0.0,1.0
2.0,1.4608820808143255e-06,0.0,0.0,0.0,0.0,0.013888888888888888,0.0,0.0,1.0
3.0,1.367610775868621e-06,0.0,0.0,0.0,0.0,0.013888888888888888,0.0,0.0,1.0
4.0,1.9266997891927128e-08,0.0,0.0,0.0,0.0,0.013888888888888888,0.0,0.0,0.0
1.0,100.0,0.0020407583502067644,0.20604238841795633,0.0,0.0,0.013888888888888888,0.0,0.0,1.0
2.0,1.4540446837334507e-06,0.0,0.0,0.0,0.0,0.013888888888888888,0.0,0.0,1.0
3.0,1.3640522670792412e-06,0.0,0.0,0.0,0.0,0.013888888888888888,0.0,0.0,1.0
4.0,1.922806534735187e-08,0.0,0.0,0.0,0.0,0.013888888888888888,0.0,0.0,0.0
1.0,100.0,0.002040757962843444,0.20604314781879743,0.0,0.0,0.013888888888888888,0.0,0.0,1.0
2.0,1.4475583018327932e-06,0.0,0.0,0.0,0.0,0.013888888888888888,0.0,0.0,1.0
3.0,1.3605350352342674e-06,0.0,0.0,0.0,0.0,0.013888888888888888,0.0,0.0,1.0
4.0,1.918821004321189e-08,0.0,0.0,0.0,0.0,0.013888888888888888,0.0,0.0,0.0
1.0,100.0,0.0020407575748845673,0.2060439086902276,0.0,0.0,0.013888888888888888,0.0,0.0,1.0
2.0,1.4413936554295931e-06,0.0,0.0,0.0,0.0,0.013888888888888888,0.0,0.0,1.0
3.0,1.3570604456439008e-06,0.0,0.0,0.0,0.0,0.013888888888888888,0.0,0.0,1.0
4.0,1.914931692634077e-08,0.0,0.0,0.0,0.0,0.013888888888888888,0.0,0.0,0.0
1.0,100.0,0.0020407571863275795,0.2060446710080121,0.0,0.0,0.013888888888888888,0.0,0.0,1.0
2.0,1.435514330644186e-06,0.0,0.0,0.0,0.0,0.013888888888888888,0.0,0.0,1.0
3.0,1.3536187817574515e-06,0.0,0.0,0.0,0.0,0.013888888888888888,0.0,0.0,1.0
4.0,1.911024743271441e-08,0.0,0.0,0.0,0.0,0.013888888888888888,0.0,0.0,0.0
1.0,100.0,0.0020407567971705088,0.20604543475094902,0.0,0.0,0.013888888888888888,0.0,0.0,1.0
2.0,1.4298962992025036e-06,0.0,0.0,0.0,0.0,0.013888888888888888,0.0,0.0,1.0
3.0,1.3502107511975795e-06,0.0,0.0,0.0,0.0,0.013888888888888888,0.0,0.0,1.0
4.0,1.9070331089403187e-08,0.0,0.0,0.0,0.0,0.013888888888888888,0.0,0.0,0.0
1.0,100.0,0.002040756407409506,0.2060461998993917,0.0,0.0,0.013888888888888888,0.0,0.0,1.0
2.0,1.4245146605136189e-06,0.0,0.0,0.0,0.0,0.013888888888888888,0.0,0.0,1.0
3.0,1.3468354929316716e-06,0.0,0.0,0.0,0.0,0.013888888888888888,0.0,0.0,1.0
4.0,1.9030693789190707e-08,0.0,0.0,0.0,0.0,0.013888888888888888,0.0,0.0,0.0
1.0,100.0,0.0020407560170441295,0.20604696643621326,0.0,0.0,0.013888888888888888,0.0,0.0,1.0
2.0,1.4193467663113038e-06,0.0,0.0,0.0,0.0,0.013888888888888888,0.0,0.0,1.0
3.0,1.3434897550462268e-06,0.0,0.0,0.0,0.0,0.013888888888888888,0.0,0.0,1.0
4.0,1.8993055963697066e-08,0.0,0.0,0.0,0.0,0.013888888888888888,0.0,0.0,0.0
1.0,100.0,0.002040755626069928,0.206047734345968,0.0,0.0,0.013888888888888888,0.0,0.0,1.0
2.0,1.4143732073053186e-06,0.0,0.0,0.0,0.0,0.013888888888888888,0.0,0.0,1.0
3.0,1.340172360339658e-06,0.0,0.0,0.0,0.0,0.013888888888888888,0.0,0.0,1.0
4.0,1.895620315585204e-08,0.0,0.0,0.0,0.0,0.013888888888888888,0.0,0.0,0.0
1.0,100.0,0.00204075523448633,0.20604850361526814,0.0,0.0,0.013888888888888888,0.0,0.0,1.0
2.0,1.4095760041179413e-06,0.0,0.0,0.0,0.0,0.013888888888888888,0.0,0.0,1.0
3.0,1.3368789817527736e-06,0.0,0.0,0.0,0.0,0.013888888888888888,0.0,0.0,1.0
4.0,1.8916757759444323e-08,0.0,0.0,0.0,0.0,0.013888888888888888,0.0,0.0,0.0
1.0,100.0,0.0020407548422907867,0.20604927423213498,0.0,0.0,0.013888888888888888,0.0,0.0,1.0
2.0,1.4049377976366205e-06,0.0,0.0,0.0,0.0,0.013888888888888888,0.0,0.0,1.0
3.0,1.3336120221686278e-06,0.0,0.0,0.0,0.0,0.013888888888888888,0.0,0.0,1.0
4.0,1.888034910049112e-08,0.0,0.0,0.0,0.0,0.013888888888888888,0.0,0.0,0.0
1.0,100.0,0.002040754449481334,0.20605004618600842,0.0,0.0,0.013888888888888888,0.0,0.0,1.0
2.0,1.4004407231431278e-06,0.0,0.0,0.0,0.0,0.013888888888888888,0.0,0.0,1.0
3.0,1.330364953512129e-06,0.0,0.0,0.0,0.0,0.013888888888888888,0.0,0.0,1.0
4.0,1.8842283971436218e-08,0.0,0.0,0.0,0.0,0.013888888888888888,0.0,0.0,0.0
1.0,100.0,0.0020407540560568606,0.2060508194677217,0.0,0.0,0.013888888888888888,0.0,0.0,1.0
2.0,1.39607449363925e-06,0.0,0.0,0.0,0.0,0.013888888888888888,0.0,0.0,1.0
3.0,1.3271384836221047e-06,0.0,0.0,0.0,0.0,0.013888888888888888,0.0,0.0,1.0
4.0,1.880492793604685e-08,0.0,0.0,0.0,0.0,0.013888888888888888,0.0,0.0,0.0
1.0,100.0,0.0022404142181525967,0.20605478220473303,0.0,0.0,0.013888888888888888,0.0,0.0,1.0
2.0,0.00028892535550392555,0.0,0.0,0.0,0.0,0.013888888888888888,0.0,0.0,1.0
3.0,0.00027824141397381484,0.0,0.0,0.0,0.0,0.013888888888888888,0.0,0.0,1.0
4.0,2.4444772511260785e-06,0.0,0.0,0.0,0.0,0.013888888888888888,0.0,0.0,0.0
1.0,100.0,0.0017377443385230443,0.26157783614160685,0.0,0.0,0.013888888888888888,0.0,0.0,1.0
2.0,1.2707234983208107e-05,0.0,0.0,0.0,0.0,0.013888888888888888,0.0,0.0,1.0
3.0,1.1333794805301428e-05,0.0,0.0,0.0,0.0,0.013888888888888888,0.0,0.0,1.0
4.0,1.1052457644946812e-07,0.0,0.0,0.0,0.0,0.013888888888888888,0.0,0.0,0.0
1.0,100.0,0.001877182555394664,0.20285262300160944,0.0,0.0,0.013888888888888888,0.0,0.0,1.0
2.0,1.864578009306981e-06,0.0,0.0,0.0,0.0,0.013888888888888888,0.0,0.0,1.0
3.0,8.465637645278767e-07,0.0,0.0,0.0,0.0,0.013888888888888888,0.0,0.0,1.0
4.0,6.586467023970164e-09,0.0,0.0,0.0,0.0,0.013888888888888888,0.0,0.0,0.0
1.0,100.0,0.0018780948783892193,0.20286592490156422,0.0,0.0,0.013888888888888888,0.0,0.0,1.0
2.0,1.2223736136284068e-06,0.0,0.0,0.0,0.0,0.013888888888888888,0.0,0.0,1.0
3.0,5.005773370256056e-07,0.0,0.0,0.0,0.0,0.013888888888888888,0.0,0.0,1.0
4.0,1.5375787614837662e-09,0.0,0.0,0.0,0.0,0.013888888888888888,0.0,0.0,0.0
1.0,100.0,0.0018789955288587754,0.20287937817501245,0.0,0.0,0.013888888888888888,0.0,0.0,1.0
2.0,9.081279159976062e-07,0.0,0.0,0.0,0.0,0.013888888888888888,0.0,0.0,1.0
3.0,2.9784091382409784e-07,0.0,0.0,0.0,0.0,0.013888888888888888,0.0,0.0,1.0
4.0,4.60911782500339e-09,0.0,0.0,0.0,0.0,0.013888888888888888,0.0,0.0,0.0
1.0,100.0,0.001879883123353917,0.2028914017235625,0.0,0.0,0.013888888888888888,0.0,0.0,1.0
2.0,6.703575880566843e-07,0.0,0.0,0.0,0.0,0.013888888888888888,0.0,0.0,1.0
3.0,2.4047744615121316e-07,0.0,0.0,0.0,0.0,0.013888888888888888,0.0,0.0,1.0
4.0,8.022722937744287e-09,0.0,0.0,0.0,0.0,0.013888888888888888,0.0,0.0,0.0
1.0,100.0,0.0018807581033744556,0.20290207936225213,0.0,0.0,0.013888888888888888,0.0,0.0,1.0
2.0,4.7026427491541765e-07,0.0,0.0,0.0,0.0,0.013888888888888888,0.0,0.0,1.0
3.0,5.220143134935717e-07,0.0,0.0,0.0,0.0,0.013888888888888888,0.0,0.0,1.0
4.0,1.0988897026313767e-08,0.0,0.0,0.0,0.0,0.013888888888888888,0.0,0.0,0.0
1.0,100.0,0.0018816208820783245,0.20291149102278744,0.0,0.0,0.013888888888888888,0.0,0.0,1.0
2.0,4.391433899981096e-07,0.0,0.0,0.0,0.0,0.013888888888888888,0.0,0.0,1.0
3.0,7.890960714933813e-07,0.0,0.0,0.0,0.0,0.013888888888888888,0.0,0.0,1.0
4.0,1.3725928503760489e-08,0.0,0.0,0.0,0.0,0.013888888888888888,0.0,0.0,0.0
1.0,100.0,0.0018824718470852235,0.202919711744201,0.0,0.0,0.013888888888888888,0.0,0.0,1.0
2.0,7.540120514715973e-07,0.0,0.0,0.0,0.0,0.013888888888888888,0.0,0.0,1.0
3.0,1.0455278566602527e-06,0.0,0.0,0.0,0.0,0.013888888888888888,0.0,0.0,1.0
4.0,1.6337520842597915e-08,0.0,0.0,0.0,0.0,0.013888888888888888,0.0,0.0,0.0
1.0,100.0,0.0018833113629221406,0.2029268114102545,0.0,0.0,0.013888888888888888,0.0,0.0,1.0
2.0,1.051661444563654e-06,0.0,0.0,0.0,0.0,0.013888888888888888,0.0,0.0,1.0
3.0,1.293510386293995e-06,0.0,0.0,0.0,0.0,0.013888888888888888,0.0,0.0,1.0
4.0,1.888278070722561e-08,0.0,0.0,0.0,0.0,0.013888888888888888,0.0,0.0,0.0
1.0,100.0,0.0018841397731789683,0.20293285486123738,0.0,0.0,0.013888888888888888,0.0,0.0,1.0
2.0,1.3358312046674358e-06,0.0,0.0,0.0,0.0,0.013888888888888888,0.0,0.0,1.0
3.0,1.5344220528885727e-06,0.0,0.0,0.0,0.0,0.013888888888888888,0.0,0.0,1.0
4.0,2.1384163821329366e-08,0.0,0.0,0.0,0.0,0.013888888888888888,0.0,0.0,0.0
1.0,100.0,0.0018849574024045264,0.20293790212238894,0.0,0.0,0.013888888888888888,0.0,0.0,1.0
2.0,1.6089880684880624e-06,0.0,0.0,0.0,0.0,0.013888888888888888,0.0,0.0,1.0
3.0,1.7691372779231344e-06,0.0,0.0,0.0,0.0,0.013888888888888888,0.0,0.0,1.0
4.0,2.3866617697774054e-08,0.0,0.0,0.0,0.0,0.013888888888888888,0.0,0.0,0.0
1.0,100.0,0.0018857645583957479,0.20294200888047761,0.0,0.0,0.013888888888888888,0.0,0.0,1.0
2.0,1.8728200835019507e-06,0.0,0.0,0.0,0.0,0.013888888888888888,0.0,0.0,1.0
3.0,1.998250506718351e-06,0.0,0.0,0.0,0.0,0.013888888888888888,0.0,0.0,1.0
4.0,2.6334152260091315e-08,0.0,0.0,0.0,0.0,0.013888888888888888,0.0,0.0,0.0
1.0,100.0,0.0018865615319800268,0.20294522633799503,0.0,0.0,0.013888888888888888,0.0,0.0,1.0
2.0,2.128506252250555e-06,0.0,0.0,0.0,0.0,0.013888888888888888,0.0,0.0,1.0
3.0,2.222178762157919e-06,0.0,0.0,0.0,0.0,0.013888888888888888,0.0,0.0,1.0
4.0,2.8797393698482416e-08,0.0,0.0,0.0,0.0,0.013888888888888888,0.0,0.0,0.0
1.0,100.0,0.0018873485984379171,0.20294760167658432,0.0,0.0,0.013888888888888888,0.0,0.0,1.0
2.0,2.3768912886426606e-06,0.0,0.0,0.0,0.0,0.013888888888888888,0.0,0.0,1.0
3.0,2.4412157559519974e-06,0.0,0.0,0.0,0.0,0.013888888888888888,0.0,0.0,1.0
4.0,3.125691070703178e-08,0.0,0.0,0.0,0.0,0.013888888888888888,0.0,0.0,0.0
1.0,100.0,0.0018881260223541864,0.20294917940408283,0.0,0.0,0.013888888888888888,0.0,0.0,1.0
2.0,2.6186084129872222e-06,0.0,0.0,0.0,0.0,0.013888888888888888,0.0,0.0,1.0
3.0,2.655593791051508e-06,0.0,0.0,0.0,0.0,0.013888888888888888,0.0,0.0,1.0
4.0,3.37107165623214e-08,0.0,0.0,0.0,0.0,0.013888888888888888,0.0,0.0,0.0
1.0,100.0,0.0018888940546531114,0.20295000039008887,0.0,0.0,0.013888888888888888,0.0,0.0,1.0
2.0,2.8541318695917675e-06,0.0,0.0,0.0,0.0,0.013888888888888888,0.0,0.0,1.0
3.0,2.865494642544051e-06,0.0,0.0,0.0,0.0,0.013888888888888888,0.0,0.0,1.0
4.0,3.6164503462974084e-08,0.0,0.0,0.0,0.0,0.013888888888888888,0.0,0.0,0.0
1.0,100.0,0.0018896529348221254,0.20295010257384594,0.0,0.0,0.013888888888888888,0.0,0.0,1.0
2.0,3.083832200586493e-06,0.0,0.0,0.0,0.0,0.013888888888888888,0.0,0.0,1.0
3.0,3.071054884710063e-06,0.0,0.0,0.0,0.0,0.013888888888888888,0.0,0.0,1.0
4.0,3.861400759193983e-08,0.0,0.0,0.0,0.0,0.013888888888888888,0.0,0.0,0.0
1.0,100.0,0.0018904028917548028,0.2029495212199962,0.0,0.0,0.013888888888888888,0.0,0.0,1.0
2.0,3.308013326751718e-06,0.0,0.0,0.0,0.0,0.013888888888888888,0.0,0.0,1.0
3.0,3.2724062341616306e-06,0.0,0.0,0.0,0.0,0.013888888888888888,0.0,0.0,1.0
4.0,4.106373194728948e-08,0.0,0.0,0.0,0.0,0.013888888888888888,0.0,0.0,0.0
1.0,100.0,0.0018911441445024848,0.20294828914624938,0.0,0.0,0.013888888888888888,0.0,0.0,1.0
2.0,3.5269239344043755e-06,0.0,0.0,0.0,0.0,0.013888888888888888,0.0,0.0,1.0
3.0,3.469652538938472e-06,0.0,0.0,0.0,0.0,0.013888888888888888,0.0,0.0,1.0
4.0,4.351478915406525e-08,0.0,0.0,0.0,0.0,0.013888888888888888,0.0,0.0,0.0
1.0,100.0,0.0018918769029544803,0.2029464369323811,0.0,0.0,0.013888888888888888,0.0,0.0,1.0
2.0,3.7407749846550764e-06,0.0,0.0,0.0,0.0,0.013888888888888888,0.0,0.0,1.0
3.0,3.6628891593125444e-06,0.0,0.0,0.0,0.0,0.013888888888888888,0.0,0.0,1.0
4.0,4.5958171656177345e-08,0.0,0.0,0.0,0.0,0.013888888888888888,0.0,0.0,0.0
1.0,100.0,0.0018926013684594529,0.2029439931033251,0.0,0.0,0.013888888888888888,0.0,0.0,1.0
2.0,3.949752478284799e-06,0.0,0.0,0.0,0.0,0.013888888888888888,0.0,0.0,1.0
3.0,3.852202272149349e-06,0.0,0.0,0.0,0.0,0.013888888888888888,0.0,0.0,1.0
4.0,4.8397610811550336e-08,0.0,0.0,0.0,0.0,0.013888888888888888,0.0,0.0,0.0
1.0,100.0,0.0018933177343780398,0.20294098429434904,0.0,0.0,0.013888888888888888,0.0,0.0,1.0
2.0,4.154019644749303e-06,0.0,0.0,0.0,0.0,0.013888888888888888,0.0,0.0,1.0
3.0,4.037673020277146e-06,0.0,0.0,0.0,0.0,0.013888888888888888,0.0,0.0,1.0
4.0,5.0834307888504904e-08,0.0,0.0,0.0,0.0,0.013888888888888888,0.0,0.0,0.0
1.0,100.0,0.001894026186598209,0.20293743541374692,0.0,0.0,0.013888888888888888,0.0,0.0,1.0
2.0,4.353727087962291e-06,0.0,0.0,0.0,0.0,0.013888888888888888,0.0,0.0,1.0
3.0,4.2193790937672535e-06,0.0,0.0,0.0,0.0,0.013888888888888888,0.0,0.0,1.0
4.0,5.32631012053045e-08,0.0,0.0,0.0,0.0,0.013888888888888888,0.0,0.0,0.0
1.0,100.0,0.0018947269039937225,0.20293336978130838,0.0,0.0,0.013888888888888888,0.0,0.0,1.0
2.0,4.549009788488328e-06,0.0,0.0,0.0,0.0,0.013888888888888888,0.0,0.0,1.0
3.0,4.397389480226015e-06,0.0,0.0,0.0,0.0,0.013888888888888888,0.0,0.0,1.0
4.0,5.568913887992363e-08,0.0,0.0,0.0,0.0,0.013888888888888888,0.0,0.0,0.0
1.0,100.0,0.0018954200588499365,0.20292880925357293,0.0,0.0,0.013888888888888888,0.0,0.0,1.0
2.0,4.739997185762765e-06,0.0,0.0,0.0,0.0,0.013888888888888888,0.0,0.0,1.0
3.0,4.571783540861342e-06,0.0,0.0,0.0,0.0,0.013888888888888888,0.0,0.0,1.0
4.0,5.810515945737745e-08,0.0,0.0,0.0,0.0,0.013888888888888888,0.0,0.0,0.0
1.0,100.0,0.0018961058172506436,0.2029237743330038,0.0,0.0,0.013888888888888888,0.0,0.0,1.0
2.0,4.926800035060953e-06,0.0,0.0,0.0,0.0,0.013888888888888888,0.0,0.0,1.0
3.0,4.742619183353525e-06,0.0,0.0,0.0,0.0,0.013888888888888888,0.0,0.0,1.0
4.0,6.05148310401239e-08,0.0,0.0,0.0,0.0,0.013888888888888888,0.0,0.0,0.0
1.0,100.0,0.0018967843394355158,0.20291828427626063,0.0,0.0,0.013888888888888888,0.0,0.0,1.0
2.0,5.109532038830647e-06,0.0,0.0,0.0,0.0,0.013888888888888888,0.0,0.0,1.0
3.0,4.909969407241402e-06,0.0,0.0,0.0,0.0,0.013888888888888888,0.0,0.0,1.0
4.0,6.291483905217502e-08,0.0,0.0,0.0,0.0,0.013888888888888888,0.0,0.0,0.0
1.0,100.0,0.0018974557801258467,0.20291235718951414,0.0,0.0,0.013888888888888888,0.0,0.0,1.0
2.0,5.288293806835299e-06,0.0,0.0,0.0,0.0,0.013888888888888888,0.0,0.0,1.0
3.0,5.073896675345029e-06,0.0,0.0,0.0,0.0,0.013888888888888888,0.0,0.0,1.0
4.0,6.530477841539362e-08,0.0,0.0,0.0,0.0,0.013888888888888888,0.0,0.0,0.0
1.0,100.0,0.0018981202888247062,0.20290601010947018,0.0,0.0,0.013888888888888888,0.0,0.0,1.0
2.0,5.463180990064364e-06,0.0,0.0,0.0,0.0,0.013888888888888888,0.0,0.0,1.0
3.0,5.234459415847033e-06,0.0,0.0,0.0,0.0,0.013888888888888888,0.0,0.0,1.0
4.0,6.768371280005245e-08,0.0,0.0,0.0,0.0,0.013888888888888888,0.0,0.0,0.0
1.0,100.0,0.001898778010099982,0.20289925908203538,0.0,0.0,0.013888888888888888,0.0,0.0,1.0
2.0,5.6342835977137575e-06,0.0,0.0,0.0,0.0,0.013888888888888888,0.0,0.0,1.0
3.0,5.391719042738604e-06,0.0,0.0,0.0,0.0,0.013888888888888888,0.0,0.0,1.0
4.0,7.005446277764513e-08,0.0,0.0,0.0,0.0,0.013888888888888888,0.0,0.0,0.0
1.0,100.0,0.0018994290838304903,0.2028921192352202,0.0,0.0,0.013888888888888888,0.0,0.0,1.0
2.0,5.801693839813833e-06,0.0,0.0,0.0,0.0,0.013888888888888888,0.0,0.0,1.0
3.0,5.545733719534407e-06,0.0,0.0,0.0,0.0,0.013888888888888888,0.0,0.0,1.0
4.0,7.241015951050244e-08,0.0,0.0,0.0,0.0,0.013888888888888888,0.0,0.0,0.0
1.0,100.0,0.0019000736454588027,0.20288460484431864,0.0,0.0,0.013888888888888888,0.0,0.0,1.0
2.0,5.965493085729819e-06,0.0,0.0,0.0,0.0,0.013888888888888888,0.0,0.0,1.0
3.0,5.696560560259787e-06,0.0,0.0,0.0,0.0,0.013888888888888888,0.0,0.0,1.0
4.0,7.475612818286647e-08,0.0,0.0,0.0,0.0,0.013888888888888888,0.0,0.0,0.0
1.0,100.0,0.0019007118261994242,0.20287672939179754,0.0,0.0,0.013888888888888888,0.0,0.0,1.0
2.0,6.125763438358597e-06,0.0,0.0,0.0,0.0,0.013888888888888888,0.0,0.0,1.0
3.0,5.844249949962922e-06,0.0,0.0,0.0,0.0,0.013888888888888888,0.0,0.0,1.0
4.0,7.70883967582723e-08,0.0,0.0,0.0,0.0,0.013888888888888888,0.0,0.0,0.0
1.0,100.0,0.0019013437532514786,0.20286850562444728,0.0,0.0,0.013888888888888888,0.0,0.0,1.0
2.0,6.2825858492972565e-06,0.0,0.0,0.0,0.0,0.013888888888888888,0.0,0.0,1.0
3.0,5.988864442484987e-06,0.0,0.0,0.0,0.0,0.013888888888888888,0.0,0.0,1.0
4.0,7.940582670512508e-08,0.0,0.0,0.0,0.0,0.013888888888888888,0.0,0.0,0.0
1.0,100.0,0.0019019695499981452,0.20330536554910178,0.0,0.0,0.013888888888888888,0.0,0.0,1.0
2.0,6.436033313674824e-06,0.0,0.0,0.0,0.0,0.013888888888888888,0.0,0.0,1.0
3.0,6.13050924380533e-06,0.0,0.0,0.0,0.0,0.013888888888888888,0.0,0.0,1.0
4.0,8.171390756681923e-08,0.0,0.0,0.0,0.0,0.013888888888888888,0.0,0.0,0.0
1.0,100.0,0.001902589336165862,0.2038698414321618,0.0,0.0,0.013888888888888888,0.0,0.0,1.0
2.0,6.586124613652711e-06,0.0,0.0,0.0,0.0,0.013888888888888888,0.0,0.0,1.0
3.0,6.269161982655695e-06,0.0,0.0,0.0,0.0,0.013888888888888888,0.0,0.0,1.0
4.0,8.400217858607161e-08,0.0,0.0,0.0,0.0,0.013888888888888888,0.0,0.0,0.0
1.0,100.0,0.001903159457145429,0.20441951966847774,0.0,0.0,0.013888888888888888,0.0,0.0,1.0
2.0,1.5748952829442126e-06,0.0,0.0,0.0,0.0,0.013888888888888888,0.0,0.0,1.0
3.0,1.4241602660601617e-06,0.0,0.0,0.0,0.0,0.013888888888888888,0.0,0.0,1.0
4.0,2.1288214761114452e-08,0.0,0.0,0.0,0.0,0.013888888888888888,0.0,0.0,0.0
1.0,100.0,0.0019069580793933758,0.2057297439097666,0.0,0.0,0.013888888888888888,0.0,0.0,1.0
2.0,1.366321212233581e-06,0.0,0.0,0.0,0.0,0.013888888888888888,0.0,0.0,1.0
3.0,1.2347123689784806e-06,0.0,0.0,0.0,0.0,0.013888888888888888,0.0,0.0,1.0
4.0,1.8622033791958286e-08,0.0,0.0,0.0,0.0,0.013888888888888888,0.0,0.0,0.0
1.0,100.0,0.00190695728627884,0.20573038491406773,0.0,0.0,0.013888888888888888,0.0,0.0,1.0
2.0,1.343434998033928e-06,0.0,0.0,0.0,0.0,0.013888888888888888,0.0,0.0,1.0
3.0,1.2254302873137321e-06,0.0,0.0,0.0,0.0,0.013888888888888888,0.0,0.0,1.0
4.0,1.8398506112900095e-08,0.0,0.0,0.0,0.0,0.013888888888888888,0.0,0.0,0.0
1.0,100.0,0.0019069565445613554,0.2057310534226897,0.0,0.0,0.013888888888888888,0.0,0.0,1.0
2.0,1.3273505604203039e-06,0.0,0.0,0.0,0.0,0.013888888888888888,0.0,0.0,1.0
3.0,1.2193667762964631e-06,0.0,0.0,0.0,0.0,0.013888888888888888,0.0,0.0,1.0
4.0,1.8271944736772123e-08,0.0,0.0,0.0,0.0,0.013888888888888888,0.0,0.0,0.0
1.0,100.0,0.0019069558017272652,0.20573172538237858,0.0,0.0,0.013888888888888888,0.0,0.0,1.0
2.0,1.3149173990127157e-06,0.0,0.0,0.0,0.0,0.013888888888888888,0.0,0.0,1.0
3.0,1.2146264609560078e-06,0.0,0.0,0.0,0.0,0.013888888888888888,0.0,0.0,1.0
4.0,1.8188073513986862e-08,0.0,0.0,0.0,0.0,0.013888888888888888,0.0,0.0,0.0
1.0,100.0,0.001906955057781444,0.20573240004007165,0.0,0.0,0.013888888888888888,0.0,0.0,1.0
2.0,1.304842700972704e-06,0.0,0.0,0.0,0.0,0.013888888888888888,0.0,0.0,1.0
3.0,1.2106517152262732e-06,0.0,0.0,0.0,0.0,0.013888888888888888,0.0,0.0,1.0
4.0,1.8126148373280558e-08,0.0,0.0,0.0,0.0,0.013888888888888888,0.0,0.0,0.0
1.0,100.0,0.001906954312723292,0.20573307692499224,0.0,0.0,0.013888888888888888,0.0,0.0,1.0
2.0,1.2963818721129013e-06,0.0,0.0,0.0,0.0,0.013888888888888888,0.0,0.0,1.0
3.0,1.20715700322776e-06,0.0,0.0,0.0,0.0,0.013888888888888888,0.0,0.0,1.0
4.0,1.8074987822620545e-08,0.0,0.0,0.0,0.0,0.013888888888888888,0.0,0.0,0.0
1.0,100.0,0.0019069535665511836,0.20573375573151303,0.0,0.0,0.013888888888888888,0.0,0.0,1.0
2.0,1.2890682669114919e-06,0.0,0.0,0.0,0.0,0.013888888888888888,0.0,0.0,1.0
3.0,1.2039788256285272e-06,0.0,0.0,0.0,0.0,0.013888888888888888,0.0,0.0,1.0
4.0,1.8032099984835636e-08,0.0,0.0,0.0,0.0,0.013888888888888888,0.0,0.0,0.0
1.0,100.0,0.0019069528192625221,0.2057344362547708,0.0,0.0,0.013888888888888888,0.0,0.0,1.0
2.0,1.2825922391047474e-06,0.0,0.0,0.0,0.0,0.013888888888888888,0.0,0.0,1.0
3.0,1.2010088453277677e-06,0.0,0.0,0.0,0.0,0.013888888888888888,0.0,0.0,1.0
4.0,1.799281752891669e-08,0.0,0.0,0.0,0.0,0.013888888888888888,0.0,0.0,0.0
1.0,100.0,0.0019069520708543,0.20573511835418767,0.0,0.0,0.013888888888888888,0.0,0.0,1.0
2.0,1.276756717414314e-06,0.0,0.0,0.0,0.0,0.013888888888888888,0.0,0.0,1.0
3.0,1.1981887509588255e-06,0.0,0.0,0.0,0.0,0.013888888888888888,0.0,0.0,1.0
4.0,1.795803842393579e-08,0.0,0.0,0.0,0.0,0.013888888888888888,0.0,0.0,0.0
1.0,100.0,0.0019069513213239276,0.20573580193104682,0.0,0.0,0.013888888888888888,0.0,0.0,1.0
2.0,1.27141588463603e-06,0.0,0.0,0.0,0.0,0.013888888888888888,0.0,0.0,1.0
3.0,1.1954768645862615e-06,0.0,0.0,0.0,0.0,0.013888888888888888,0.0,0.0,1.0
4.0,1.7923183974426378e-08,0.0,0.0,0.0,0.0,0.013888888888888888,0.0,0.0,0.0
1.0,100.0,0.001906950570668439,0.2057364869143376,0.0,0.0,0.013888888888888888,0.0,0.0,1.0
2.0,1.2664689156066334e-06,0.0,0.0,0.0,0.0,0.013888888888888888,0.0,0.0,1.0
3.0,1.1928429555911556e-06,0.0,0.0,0.0,0.0,0.013888888888888888,0.0,0.0,1.0
4.0,1.7893465191580614e-08,0.0,0.0,0.0,0.0,0.013888888888888888,0.0,0.0,0.0
1.0,100.0,0.00190694981888466,0.20573717325161117,0.0,0.0,0.013888888888888888,0.0,0.0,1.0
2.0,1.2618463415553076e-06,0.0,0.0,0.0,0.0,0.013888888888888888,0.0,0.0,1.0
3.0,1.1902687210222084e-06,0.0,0.0,0.0,0.0,0.013888888888888888,0.0,0.0,1.0
4.0,1.785981336439037e-08,0.0,0.0,0.0,0.0,0.013888888888888888,0.0,0.0,0.0
1.0,100.0,0.0019069490659702321,0.20573786090427354,0.0,0.0,0.013888888888888888,0.0,0.0,1.0
2.0,1.2574881683708313e-06,0.0,0.0,0.0,0.0,0.013888888888888888,0.0,0.0,1.0
3.0,1.187738628183078e-06,0.0,0.0,0.0,0.0,0.013888888888888888,0.0,0.0,1.0
4.0,1.7831638635466075e-08,0.0,0.0,0.0,0.0,0.013888888888888888,0.0,0.0,0.0
1.0,100.0,0.0019069483119223047,0.20573854984302248,0.0,0.0,0.013888888888888888,0.0,0.0,1.0
2.0,1.2533584847080487e-06,0.0,0.0,0.0,0.0,0.013888888888888888,0.0,0.0,1.0
3.0,1.1852475412552588e-06,0.0,0.0,0.0,0.0,0.013888888888888888,0.0,0.0,1.0
4.0,1.7803590859919025e-08,0.0,0.0,0.0,0.0,0.013888888888888888,0.0,0.0,0.0
1.0,100.0,0.0019069475567381781,0.20573924004450603,0.0,0.0,0.013888888888888888,0.0,0.0,1.0
2.0,1.2494247442393466e-06,0.0,0.0,0.0,0.0,0.013888888888888888,0.0,0.0,1.0
3.0,1.1827850630137682e-06,0.0,0.0,0.0,0.0,0.013888888888888888,0.0,0.0,1.0
4.0,1.7772558662643613e-08,0.0,0.0,0.0,0.0,0.013888888888888888,0.0,0.0,0.0
1.0,100.0,0.001906946800415057,0.2057399314905276,0.0,0.0,0.013888888888888888,0.0,0.0,1.0
2.0,1.2456606745645115e-06,0.0,0.0,0.0,0.0,0.013888888888888888,0.0,0.0,1.0
3.0,1.1803491819173658e-06,0.0,0.0,0.0,0.0,0.013888888888888888,0.0,0.0,1.0
4.0,1.774700345679852e-08,0.0,0.0,0.0,0.0,0.013888888888888888,0.0,0.0,0.0
1.0,100.0,0.00190694604295085,0.2057406241661319,0.0,0.0,0.013888888888888888,0.0,0.0,1.0
2.0,1.2420451767084009e-06,0.0,0.0,0.0,0.0,0.013888888888888888,0.0,0.0,1.0
3.0,1.177933953019579e-06,0.0,0.0,0.0,0.0,0.013888888888888888,0.0,0.0,1.0
4.0,1.7715820453689425e-08,0.0,0.0,0.0,0.0,0.013888888888888888,0.0,0.0,0.0
1.0,100.0,0.001906945284343271,0.20574131805916876,0.0,0.0,0.013888888888888888,0.0,0.0,1.0
2.0,1.238561464956363e-06,0.0,0.0,0.0,0.0,0.013888888888888888,0.0,0.0,1.0
3.0,1.1755391608838064e-06,0.0,0.0,0.0,0.0,0.013888888888888888,0.0,0.0,1.0
4.0,1.7688900212081163e-08,0.0,0.0,0.0,0.0,0.013888888888888888,0.0,0.0,0.0
1.0,100.0,0.0019069445245888535,0.20574201315974078,0.0,0.0,0.013888888888888888,0.0,0.0,1.0
2.0,1.235195713457197e-06,0.0,0.0,0.0,0.0,0.013888888888888888,0.0,0.0,1.0
3.0,1.1731616937752968e-06,0.0,0.0,0.0,0.0,0.013888888888888888,0.0,0.0,1.0
4.0,1.7661436576484114e-08,0.0,0.0,0.0,0.0,0.013888888888888888,0.0,0.0,0.0
1.0,100.0,0.0019069437636860392,0.2057427094592768,0.0,0.0,0.013888888888888888,0.0,0.0,1.0
2.0,1.2319350578387043e-06,0.0,0.0,0.0,0.0,0.013888888888888888,0.0,0.0,1.0
3.0,1.170798933273604e-06,0.0,0.0,0.0,0.0,0.013888888888888888,0.0,0.0,1.0
4.0,1.7633707798958795e-08,0.0,0.0,0.0,0.0,0.013888888888888888,0.0,0.0,0.0
1.0,100.0,0.001906943001632854,0.2057434069510487,0.0,0.0,0.013888888888888888,0.0,0.0,1.0
2.0,1.2287696946691435e-06,0.0,0.0,0.0,0.0,0.013888888888888888,0.0,0.0,1.0
3.0,1.168453762671445e-06,0.0,0.0,0.0,0.0,0.013888888888888888,0.0,0.0,1.0
4.0,1.76067889190161e-08,0.0,0.0,0.0,0.0,0.013888888888888888,0.0,0.0,0.0
1.0,100.0,0.0019069422384268581,0.2057441056288916,0.0,0.0,0.013888888888888888,0.0,0.0,1.0
2.0,1.2256865197218107e-06,0.0,0.0,0.0,0.0,0.013888888888888888,0.0,0.0,1.0
3.0,1.1661169742546106e-06,0.0,0.0,0.0,0.0,0.013888888888888888,0.0,0.0,1.0
4.0,1.7577745716916373e-08,0.0,0.0,0.0,0.0,0.013888888888888888,0.0,0.0,0.0
1.0,100.0,0.001906941474065375,0.20574480548806676,0.0,0.0,0.013888888888888888,0.0,0.0,1.0
2.0,1.2226787400619826e-06,0.0,0.0,0.0,0.0,0.013888888888888888,0.0,0.0,1.0
3.0,1.1637958906121688e-06,0.0,0.0,0.0,0.0,0.013888888888888888,0.0,0.0,1.0
4.0,1.7552914560277666e-08,0.0,0.0,0.0,0.0,0.013888888888888888,0.0,0.0,0.0
1.0,100.0,0.0019069407085467855,0.20574550652430545,0.0,0.0,0.013888888888888888,0.0,0.0,1.0
2.0,1.2197412449798581e-06,0.0,0.0,0.0,0.0,0.013888888888888888,0.0,0.0,1.0
3.0,1.1614812788485221e-06,0.0,0.0,0.0,0.0,0.013888888888888888,0.0,0.0,1.0
4.0,1.7525529069251038e-08,0.0,0.0,0.0,0.0,0.013888888888888888,0.0,0.0,0.0
1.0,100.0,0.0019069399418673513,0.20574620873424898,0.0,0.0,0.013888888888888888,0.0,0.0,1.0
2.0,1.216866849712065e-06,0.0,0.0,0.0,0.0,0.013888888888888888,0.0,0.0,1.0
3.0,1.1591813468240508e-06,0.0,0.0,0.0,0.0,0.013888888888888888,0.0,0.0,1.0
4.0,1.749853609109154e-08,0.0,0.0,0.0,0.0,0.013888888888888888,0.0,0.0,0.0
1.0,100.0,0.001906939174026807,0.20574691211524268,0.0,0.0,0.013888888888888888,0.0,0.0,1.0
2.0,1.2140509749569947e-06,0.0,0.0,0.0,0.0,0.013888888888888888,0.0,0.0,1.0
3.0,1.1568924771069271e-06,0.0,0.0,0.0,0.0,0.013888888888888888,0.0,0.0,1.0
4.0,1.7471682674501363e-08,0.0,0.0,0.0,0.0,0.013888888888888888,0.0,0.0,0.0
1.0,100.0,0.0019069384050227148,0.20574761666504668,0.0,0.0,0.013888888888888888,0.0,0.0,1.0
2.0,1.211282540862752e-06,0.0,0.0,0.0,0.0,0.013888888888888888,0.0,0.0,1.0
3.0,1.1546068661237323e-06,0.0,0.0,0.0,0.0,0.013888888888888888,0.0,0.0,1.0
4.0,1.7444690578478735e-08,0.0,0.0,0.0,0.0,0.013888888888888888,0.0,0.0,0.0
1.0,100.0,0.0019069376348519894,0.20574832238155158,0.0,0.0,0.013888888888888888,0.0,0.0,1.0
2.0,1.2085627101737063e-06,0.0,0.0,0.0,0.0,0.013888888888888888,0.0,0.0,1.0
3.0,1.1523356052095206e-06,0.0,0.0,0.0,0.0,0.013888888888888888,0.0,0.0,1.0
4.0,1.741910274935044e-08,0.0,0.0,0.0,0.0,0.013888888888888888,0.0,0.0,0.0
1.0,100.0,0.0019069368635133857,0.20574902926374833,0.0,0.0,0.013888888888888888,0.0,0.0,1.0
2.0,1.2058860059203031e-06,0.0,0.0,0.0,0.0,0.013888888888888888,0.0,0.0,1.0
3.0,1.1500704608199658e-06,0.0,0.0,0.0,0.0,0.013888888888888888,0.0,0.0,1.0
4.0,1.7392946227908152e-08,0.0,0.0,0.0,0.0,0.013888888888888888,0.0,0.0,0.0
1.0,100.0,0.0019069360910058902,0.20574973731058047,0.0,0.0,0.013888888888888888,0.0,0.0,1.0
2.0,1.2032493921032885e-06,0.0,0.0,0.0,0.0,0.013888888888888888,0.0,0.0,1.0
3.0,1.1478152521374026e-06,0.0,0.0,0.0,0.0,0.013888888888888888,0.0,0.0,1.0
4.0,1.7364501030154552e-08,0.0,0.0,0.0,0.0,0.013888888888888888,0.0,0.0,0.0
1.0,100.0,0.001906935317325726,0.2057504465212584,0.0,0.0,0.013888888888888888,0.0,0.0,1.0
2.0,1.2006444325429327e-06,0.0,0.0,0.0,0.0,0.013888888888888888,0.0,0.0,1.0
3.0,1.1455659192402e-06,0.0,0.0,0.0,0.0,0.013888888888888888,0.0,0.0,1.0
4.0,1.7341127697929374e-08,0.0,0.0,0.0,0.0,0.013888888888888888,0.0,0.0,0.0
1.0,100.0,0.0019069345424701034,0.2057511568955586,0.0,0.0,0.013888888888888888,0.0,0.0,1.0
2.0,1.1980743389828613e-06,0.0,0.0,0.0,0.0,0.013888888888888888,0.0,0.0,1.0
3.0,1.1433248142448204e-06,0.0,0.0,0.0,0.0,0.013888888888888888,0.0,0.0,1.0
4.0,1.7313315713422978e-08,0.0,0.0,0.0,0.0,0.013888888888888888,0.0,0.0,0.0
1.0,100.0,0.0019069337664386868,0.20575186843356702,0.0,0.0,0.013888888888888888,0.0,0.0,1.0
2.0,1.1955330782898443e-06,0.0,0.0,0.0,0.0,0.013888888888888888,0.0,0.0,1.0
3.0,1.141089104032278e-06,0.0,0.0,0.0,0.0,0.013888888888888888,0.0,0.0,1.0
4.0,1.7288514109243134e-08,0.0,0.0,0.0,0.0,0.013888888888888888,0.0,0.0,0.0
1.0,100.0,0.0019069329892290837,0.20575258113525746,0.0,0.0,0.013888888888888888,0.0,0.0,1.0
2.0,1.1930198026123234e-06,0.0,0.0,0.0,0.0,0.013888888888888888,0.0,0.0,1.0
3.0,1.1388622662683861e-06,0.0,0.0,0.0,0.0,0.013888888888888888,0.0,0.0,1.0
4.0,1.7261626199295562e-08,0.0,0.0,0.0,0.0,0.013888888888888888,0.0,0.0,0.0
1.0,100.0,0.0020360226551526923,0.2057526133492802,0.0,0.0,0.013888888888888888,0.0,0.0,1.0
2.0,0.00018207620951068076,0.0,0.0,0.0,0.0,0.013888888888888888,0.0,0.0,1.0
3.0,0.00017483299059318082,0.0,0.0,0.0,0.0,0.013888888888888888,0.0,0.0,1.0
4.0,1.4607956723654903e-06,0.0,0.0,0.0,0.0,0.013888888888888888,0.0,0.0,0.0
1.0,100.0,0.001718639900654013,0.2593738311064978,0.0,0.0,0.013888888888888888,0.0,0.0,1.0
2.0,7.705968196875117e-06,0.0,0.0,0.0,0.0,0.013888888888888888,0.0,0.0,1.0
3.0,6.5971596637046865e-06,0.0,0.0,0.0,0.0,0.013888888888888888,0.0,0.0,1.0
4.0,5.284927898627989e-08,0.0,0.0,0.0,0.0,0.013888888888888888,0.0,0.0,0.0
1.0,100.0,0.0018107802667958698,0.20355757883155184,0.0,0.0,0.013888888888888888,0.0,0.0,1.0
2.0,8.062897939300498e-07,0.0,0.0,0.0,0.0,0.013888888888888888,0.0,0.0,1.0
3.0,1.6002043128817694e-07,0.0,0.0,0.0,0.0,0.013888888888888888,0.0,0.0,1.0
4.0,2.95827289816525e-09,0.0,0.0,0.0,0.0,0.013888888888888888,0.0,0.0,0.0
1.0,100.0,0.001811710114787485,0.2035711755193786,0.0,0.0,0.013888888888888888,0.0,0.0,1.0
2.0,5.477167565286591e-07,0.0,0.0,0.0,0.0,0.013888888888888888,0.0,0.0,1.0
3.0,3.886062456186057e-07,0.0,0.0,0.0,0.0,0.013888888888888888,0.0,0.0,1.0
4.0,7.455918147028908e-09,0.0,0.0,0.0,0.0,0.013888888888888888,0.0,0.0,0.0
1.0,100.0,0.0018126307034870106,0.20358494530408286,0.0,0.0,0.013888888888888888,0.0,0.0,1.0
2.0,3.9665091828082016e-07,0.0,0.0,0.0,0.0,0.013888888888888888,0.0,0.0,1.0
3.0,6.25518122437354e-07,0.0,0.0,0.0,0.0,0.013888888888888888,0.0,0.0,1.0
4.0,1.066003033840263e-08,0.0,0.0,0.0,0.0,0.013888888888888888,0.0,0.0,0.0
1.0,100.0,0.0018135410904163663,0.20359726834991626,0.0,0.0,0.013888888888888888,0.0,0.0,1.0
2.0,4.0948762298698243e-07,0.0,0.0,0.0,0.0,0.013888888888888888,0.0,0.0,1.0
3.0,8.380487406021107e-07,0.0,0.0,0.0,0.0,0.013888888888888888,0.0,0.0,1.0
4.0,1.322126528871972e-08,0.0,0.0,0.0,0.0,0.013888888888888888,0.0,0.0,0.0
1.0,100.0,0.0018144415990717123,0.20360823317493132,0.0,0.0,0.013888888888888888,0.0,0.0,1.0
2.0,6.837711819743856e-07,0.0,0.0,0.0,0.0,0.013888888888888888,0.0,0.0,1.0
3.0,1.035677392080423e-06,0.0,0.0,0.0,0.0,0.013888888888888888,0.0,0.0,1.0
4.0,1.5421657030287414e-08,0.0,0.0,0.0,0.0,0.013888888888888888,0.0,0.0,0.0
1.0,100.0,0.0018153325319900657,0.20361792253847286,0.0,0.0,0.013888888888888888,0.0,0.0,1.0
2.0,9.332194151645026e-07,0.0,0.0,0.0,0.0,0.013888888888888888,0.0,0.0,1.0
3.0,1.2230104984089752e-06,0.0,0.0,0.0,0.0,0.013888888888888888,0.0,0.0,1.0
4.0,1.7418986526554747e-08,0.0,0.0,0.0,0.0,0.013888888888888888,0.0,0.0,0.0
1.0,100.0,0.0018162141728794332,0.20362641323994546,0.0,0.0,0.013888888888888888,0.0,0.0,1.0
2.0,1.1647933588513112e-06,0.0,0.0,0.0,0.0,0.013888888888888888,0.0,0.0,1.0
3.0,1.4026853989125278e-06,0.0,0.0,0.0,0.0,0.013888888888888888,0.0,0.0,1.0
4.0,1.9297917587735878e-08,0.0,0.0,0.0,0.0,0.013888888888888888,0.0,0.0,0.0
1.0,100.0,0.0018170867884642061,0.20363377631587892,0.0,0.0,0.013888888888888888,0.0,0.0,1.0
2.0,1.3829258615295095e-06,0.0,0.0,0.0,0.0,0.013888888888888888,0.0,0.0,1.0
3.0,1.5763059016647834e-06,0.0,0.0,0.0,0.0,0.013888888888888888,0.0,0.0,1.0
4.0,2.110850950900745e-08,0.0,0.0,0.0,0.0,0.013888888888888888,0.0,0.0,0.0
1.0,100.0,0.0018179506301012986,0.20364007738099713,0.0,0.0,0.013888888888888888,0.0,0.0,1.0
2.0,1.5905348092543452e-06,0.0,0.0,0.0,0.0,0.013888888888888888,0.0,0.0,1.0
3.0,1.7448918017215361e-06,0.0,0.0,0.0,0.0,0.013888888888888888,0.0,0.0,1.0
4.0,2.2869708449285722e-08,0.0,0.0,0.0,0.0,0.013888888888888888,0.0,0.0,0.0
1.0,100.0,0.0018188059352147584,0.203645377034452,0.0,0.0,0.013888888888888888,0.0,0.0,1.0
2.0,1.789587033412042e-06,0.0,0.0,0.0,0.0,0.013888888888888888,0.0,0.0,1.0
3.0,1.90912003782829e-06,0.0,0.0,0.0,0.0,0.013888888888888888,0.0,0.0,1.0
4.0,2.4609477707025285e-08,0.0,0.0,0.0,0.0,0.013888888888888888,0.0,0.0,0.0
1.0,100.0,0.0018196529290889225,0.20364973145563775,0.0,0.0,0.013888888888888888,0.0,0.0,1.0
2.0,1.9814376413875047e-06,0.0,0.0,0.0,0.0,0.013888888888888888,0.0,0.0,1.0
3.0,2.069441053518127e-06,0.0,0.0,0.0,0.0,0.013888888888888888,0.0,0.0,1.0
4.0,2.633386257266901e-08,0.0,0.0,0.0,0.0,0.013888888888888888,0.0,0.0,0.0
1.0,100.0,0.0018204918240145149,0.20365319196034254,0.0,0.0,0.013888888888888888,0.0,0.0,1.0
2.0,2.167051492932215e-06,0.0,0.0,0.0,0.0,0.013888888888888888,0.0,0.0,1.0
3.0,2.22617908078023e-06,0.0,0.0,0.0,0.0,0.013888888888888888,0.0,0.0,1.0
4.0,2.8047162937432673e-08,0.0,0.0,0.0,0.0,0.013888888888888888,0.0,0.0,0.0
1.0,100.0,0.0018213228222340452,0.20365580629023747,0.0,0.0,0.013888888888888888,0.0,0.0,1.0
2.0,2.3471174618910677e-06,0.0,0.0,0.0,0.0,0.013888888888888888,0.0,0.0,1.0
3.0,2.3795605606486897e-06,0.0,0.0,0.0,0.0,0.013888888888888888,0.0,0.0,1.0
4.0,2.975656214216044e-08,0.0,0.0,0.0,0.0,0.013888888888888888,0.0,0.0,0.0
1.0,100.0,0.0018221461173013418,0.20365761907864938,0.0,0.0,0.013888888888888888,0.0,0.0,1.0
2.0,2.5221587617492616e-06,0.0,0.0,0.0,0.0,0.013888888888888888,0.0,0.0,1.0
3.0,2.529757954434985e-06,0.0,0.0,0.0,0.0,0.013888888888888888,0.0,0.0,1.0
4.0,3.14595178827372e-08,0.0,0.0,0.0,0.0,0.013888888888888888,0.0,0.0,0.0
1.0,100.0,0.0018229618931378635,0.20365867140138288,0.0,0.0,0.013888888888888888,0.0,0.0,1.0
2.0,2.692566615308508e-06,0.0,0.0,0.0,0.0,0.013888888888888888,0.0,0.0,1.0
3.0,2.676903188545785e-06,0.0,0.0,0.0,0.0,0.013888888888888888,0.0,0.0,1.0
4.0,3.3160974876657905e-08,0.0,0.0,0.0,0.0,0.013888888888888888,0.0,0.0,0.0
1.0,100.0,0.0018237703254248212,0.20365900138376328,0.0,0.0,0.013888888888888888,0.0,0.0,1.0
2.0,2.858655284012466e-06,0.0,0.0,0.0,0.0,0.013888888888888888,0.0,0.0,1.0
3.0,2.821107295896304e-06,0.0,0.0,0.0,0.0,0.013888888888888888,0.0,0.0,1.0
4.0,3.486188134972494e-08,0.0,0.0,0.0,0.0,0.013888888888888888,0.0,0.0,0.0
1.0,100.0,0.001824571582226683,0.20365864445419526,0.0,0.0,0.013888888888888888,0.0,0.0,1.0
2.0,3.0206691644616517e-06,0.0,0.0,0.0,0.0,0.013888888888888888,0.0,0.0,1.0
3.0,2.96245324561201e-06,0.0,0.0,0.0,0.0,0.013888888888888888,0.0,0.0,1.0
4.0,3.6559732946588745e-08,0.0,0.0,0.0,0.0,0.013888888888888888,0.0,0.0,0.0
1.0,100.0,0.0018253658245489946,0.20365763358085798,0.0,0.0,0.013888888888888888,0.0,0.0,1.0
2.0,3.1788227409176406e-06,0.0,0.0,0.0,0.0,0.013888888888888888,0.0,0.0,1.0
3.0,3.1010233490608296e-06,0.0,0.0,0.0,0.0,0.013888888888888888,0.0,0.0,1.0
4.0,3.825812108027652e-08,0.0,0.0,0.0,0.0,0.013888888888888888,0.0,0.0,0.0
1.0,100.0,0.0018261532068477972,0.2036559994834587,0.0,0.0,0.013888888888888888,0.0,0.0,1.0
2.0,3.3332853214077895e-06,0.0,0.0,0.0,0.0,0.013888888888888888,0.0,0.0,1.0
3.0,3.2368766855439395e-06,0.0,0.0,0.0,0.0,0.013888888888888888,0.0,0.0,1.0
4.0,3.9951329170746464e-08,0.0,0.0,0.0,0.0,0.013888888888888888,0.0,0.0,0.0
1.0,100.0,0.001826933877480843,0.2036537708157659,0.0,0.0,0.013888888888888888,0.0,0.0,1.0
2.0,3.484212060786939e-06,0.0,0.0,0.0,0.0,0.013888888888888888,0.0,0.0,1.0
3.0,3.370085626124269e-06,0.0,0.0,0.0,0.0,0.013888888888888888,0.0,0.0,1.0
4.0,4.16458194102418e-08,0.0,0.0,0.0,0.0,0.013888888888888888,0.0,0.0,0.0
1.0,100.0,0.0018277079791216406,0.20365097433246143,0.0,0.0,0.013888888888888888,0.0,0.0,1.0
2.0,3.6317333505657807e-06,0.0,0.0,0.0,0.0,0.013888888888888888,0.0,0.0,1.0
3.0,3.5006950103014244e-06,0.0,0.0,0.0,0.0,0.013888888888888888,0.0,0.0,1.0
4.0,4.333682376669849e-08,0.0,0.0,0.0,0.0,0.013888888888888888,0.0,0.0,0.0
1.0,100.0,0.0018284756491335416,0.20364763505786687,0.0,0.0,0.013888888888888888,0.0,0.0,1.0
2.0,3.7759716012699106e-06,0.0,0.0,0.0,0.0,0.013888888888888888,0.0,0.0,1.0
3.0,3.628753699537828e-06,0.0,0.0,0.0,0.0,0.013888888888888888,0.0,0.0,1.0
4.0,4.502492375712652e-08,0.0,0.0,0.0,0.0,0.013888888888888888,0.0,0.0,0.0
1.0,100.0,0.0018292370199118361,0.20364377642063208,0.0,0.0,0.013888888888888888,0.0,0.0,1.0
2.0,3.917040091729205e-06,0.0,0.0,0.0,0.0,0.013888888888888888,0.0,0.0,1.0
3.0,3.7543231513280313e-06,0.0,0.0,0.0,0.0,0.013888888888888888,0.0,0.0,1.0
4.0,4.6706742581018815e-08,0.0,0.0,0.0,0.0,0.013888888888888888,0.0,0.0,0.0
1.0,100.0,0.00182999221918902,0.20363942037530178,0.0,0.0,0.013888888888888888,0.0,0.0,1.0
2.0,4.055032801611824e-06,0.0,0.0,0.0,0.0,0.013888888888888888,0.0,0.0,1.0
3.0,3.87744289441977e-06,0.0,0.0,0.0,0.0,0.013888888888888888,0.0,0.0,1.0
4.0,4.8387363887718985e-08,0.0,0.0,0.0,0.0,0.013888888888888888,0.0,0.0,0.0
1.0,100.0,0.0018307413703213986,0.20363458752362568,0.0,0.0,0.013888888888888888,0.0,0.0,1.0
2.0,4.190045252838997e-06,0.0,0.0,0.0,0.0,0.013888888888888888,0.0,0.0,1.0
3.0,3.998161601132727e-06,0.0,0.0,0.0,0.0,0.013888888888888888,0.0,0.0,1.0
4.0,5.0061855413392635e-08,0.0,0.0,0.0,0.0,0.013888888888888888,0.0,0.0,0.0
1.0,100.0,0.001831484592546846,0.2036292972148539,0.0,0.0,0.013888888888888888,0.0,0.0,1.0
2.0,4.322159346728322e-06,0.0,0.0,0.0,0.0,0.013888888888888888,0.0,0.0,1.0
3.0,4.1165230245363014e-06,0.0,0.0,0.0,0.0,0.013888888888888888,0.0,0.0,1.0
4.0,5.173374528446037e-08,0.0,0.0,0.0,0.0,0.013888888888888888,0.0,0.0,0.0
1.0,100.0,0.0018322220012230712,0.2036235676363647,0.0,0.0,0.013888888888888888,0.0,0.0,1.0
2.0,4.451454720477118e-06,0.0,0.0,0.0,0.0,0.013888888888888888,0.0,0.0,1.0
3.0,4.232564468364902e-06,0.0,0.0,0.0,0.0,0.013888888888888888,0.0,0.0,1.0
4.0,5.339722874997269e-08,0.0,0.0,0.0,0.0,0.013888888888888888,0.0,0.0,0.0
1.0,100.0,0.0018329537080440618,0.20361741590256077,0.0,0.0,0.013888888888888888,0.0,0.0,1.0
2.0,4.578005661531103e-06,0.0,0.0,0.0,0.0,0.013888888888888888,0.0,0.0,1.0
3.0,4.346327194818055e-06,0.0,0.0,0.0,0.0,0.013888888888888888,0.0,0.0,1.0
4.0,5.5055644258383244e-08,0.0,0.0,0.0,0.0,0.013888888888888888,0.0,0.0,0.0
1.0,100.0,0.0018336798212408075,0.20361085813605484,0.0,0.0,0.013888888888888888,0.0,0.0,1.0
2.0,4.701885988998312e-06,0.0,0.0,0.0,0.0,0.013888888888888888,0.0,0.0,1.0
3.0,4.457851606303314e-06,0.0,0.0,0.0,0.0,0.013888888888888888,0.0,0.0,1.0
4.0,5.6707790299503015e-08,0.0,0.0,0.0,0.0,0.013888888888888888,0.0,0.0,0.0
1.0,100.0,0.0018344004457678032,0.20360390954144414,0.0,0.0,0.013888888888888888,0.0,0.0,1.0
2.0,4.8231607958568865e-06,0.0,0.0,0.0,0.0,0.013888888888888888,0.0,0.0,1.0
3.0,4.567173413725551e-06,0.0,0.0,0.0,0.0,0.013888888888888888,0.0,0.0,1.0
4.0,5.835355294117232e-08,0.0,0.0,0.0,0.0,0.013888888888888888,0.0,0.0,0.0
1.0,100.0,0.0018351156834716963,0.20359658446774292,0.0,0.0,0.013888888888888888,0.0,0.0,1.0
2.0,4.941898323534719e-06,0.0,0.0,0.0,0.0,0.013888888888888888,0.0,0.0,1.0
3.0,4.674334195808223e-06,0.0,0.0,0.0,0.0,0.013888888888888888,0.0,0.0,1.0
4.0,5.99913639961781e-08,0.0,0.0,0.0,0.0,0.013888888888888888,0.0,0.0,0.0
1.0,100.0,0.0018358256332524881,0.20358889646561107,0.0,0.0,0.013888888888888888,0.0,0.0,1.0
2.0,5.058157821885053e-06,0.0,0.0,0.0,0.0,0.013888888888888888,0.0,0.0,1.0
3.0,4.779373115944072e-06,0.0,0.0,0.0,0.0,0.013888888888888888,0.0,0.0,1.0
4.0,6.162138778262408e-08,0.0,0.0,0.0,0.0,0.013888888888888888,0.0,0.0,0.0
1.0,100.0,0.0018365303912070059,0.2035808583478316,0.0,0.0,0.013888888888888888,0.0,0.0,1.0
2.0,5.1719925464143495e-06,0.0,0.0,0.0,0.0,0.013888888888888888,0.0,0.0,1.0
3.0,4.882315313544169e-06,0.0,0.0,0.0,0.0,0.013888888888888888,0.0,0.0,1.0
4.0,6.324224585540067e-08,0.0,0.0,0.0,0.0,0.013888888888888888,0.0,0.0,0.0
1.0,100.0,0.0018372300507688486,0.2035724745101994,0.0,0.0,0.013888888888888888,0.0,0.0,1.0
2.0,5.283461189986171e-06,0.0,0.0,0.0,0.0,0.013888888888888888,0.0,0.0,1.0
3.0,4.983236257617769e-06,0.0,0.0,0.0,0.0,0.013888888888888888,0.0,0.0,1.0
4.0,6.485625230959074e-08,0.0,0.0,0.0,0.0,0.013888888888888888,0.0,0.0,0.0
1.0,100.0,0.0018379247028384139,0.20358673225302215,0.0,0.0,0.013888888888888888,0.0,0.0,1.0
2.0,5.3925876826663335e-06,0.0,0.0,0.0,0.0,0.013888888888888888,0.0,0.0,1.0
3.0,5.08216609486192e-06,0.0,0.0,0.0,0.0,0.013888888888888888,0.0,0.0,1.0
4.0,6.64604606752802e-08,0.0,0.0,0.0,0.0,0.013888888888888888,0.0,0.0,0.0
1.0,100.0,0.0018385859973334285,0.20413156201427385,0.0,0.0,0.013888888888888888,0.0,0.0,1.0
2.0,1.3540029562294091e-06,0.0,0.0,0.0,0.0,0.013888888888888888,0.0,0.0,1.0
3.0,1.1927338211318314e-06,0.0,0.0,0.0,0.0,0.013888888888888888,0.0,0.0,1.0
4.0,1.8457302509957643e-08,0.0,0.0,0.0,0.0,0.013888888888888888,0.0,0.0,0.0
1.0,100.0,0.001841461168606743,0.20542163651978432,0.0,0.0,0.013888888888888888,0.0,0.0,1.0
2.0,1.17935584888834e-06,0.0,0.0,0.0,0.0,0.013888888888888888,0.0,0.0,1.0
3.0,1.0385474460373387e-06,0.0,0.0,0.0,0.0,0.013888888888888888,0.0,0.0,1.0
4.0,1.653542362595715e-08,0.0,0.0,0.0,0.0,0.013888888888888888,0.0,0.0,0.0
1.0,100.0,0.0018414602608321537,0.20542219395342007,0.0,0.0,0.013888888888888888,0.0,0.0,1.0
2.0,1.156152014520752e-06,0.0,0.0,0.0,0.0,0.013888888888888888,0.0,0.0,1.0
3.0,1.0304718168222822e-06,0.0,0.0,0.0,0.0,0.013888888888888888,0.0,0.0,1.0
4.0,1.6324762464774273e-08,0.0,0.0,0.0,0.0,0.013888888888888888,0.0,0.0,0.0
1.0,100.0,0.0018414593899340156,0.2054227782711231,0.0,0.0,0.013888888888888888,0.0,0.0,1.0
2.0,1.1391799758751611e-06,0.0,0.0,0.0,0.0,0.013888888888888888,0.0,0.0,1.0
3.0,1.0250451161569202e-06,0.0,0.0,0.0,0.0,0.013888888888888888,0.0,0.0,1.0
4.0,1.6194868452584846e-08,0.0,0.0,0.0,0.0,0.013888888888888888,0.0,0.0,0.0
1.0,100.0,0.0018414585178003335,0.20542336622171026,0.0,0.0,0.013888888888888888,0.0,0.0,1.0
2.0,1.1258484887918157e-06,0.0,0.0,0.0,0.0,0.013888888888888888,0.0,0.0,1.0
3.0,1.02082704734177e-06,0.0,0.0,0.0,0.0,0.013888888888888888,0.0,0.0,1.0
4.0,1.6102051397716784e-08,0.0,0.0,0.0,0.0,0.013888888888888888,0.0,0.0,0.0
1.0,100.0,0.0018414576444359542,0.20542395700986973,0.0,0.0,0.013888888888888888,0.0,0.0,1.0
2.0,1.114977778685113e-06,0.0,0.0,0.0,0.0,0.013888888888888888,0.0,0.0,1.0
3.0,1.0173494717504504e-06,0.0,0.0,0.0,0.0,0.013888888888888888,0.0,0.0,1.0
4.0,1.603388065645294e-08,0.0,0.0,0.0,0.0,0.013888888888888888,0.0,0.0,0.0
1.0,100.0,0.0018414567698401775,0.20542455012487001,0.0,0.0,0.013888888888888888,0.0,0.0,1.0
2.0,1.105847499551568e-06,0.0,0.0,0.0,0.0,0.013888888888888888,0.0,0.0,1.0
3.0,1.0143497793079532e-06,0.0,0.0,0.0,0.0,0.013888888888888888,0.0,0.0,1.0
4.0,1.598164344806506e-08,0.0,0.0,0.0,0.0,0.013888888888888888,0.0,0.0,0.0
1.0,100.0,0.001841455894011679,0.20542514522630664,0.0,0.0,0.013888888888888888,0.0,0.0,1.0
2.0,1.0979941255453483e-06,0.0,0.0,0.0,0.0,0.013888888888888888,0.0,0.0,1.0
3.0,1.011676147554097e-06,0.0,0.0,0.0,0.0,0.013888888888888888,0.0,0.0,1.0
4.0,1.5939194079236217e-08,0.0,0.0,0.0,0.0,0.013888888888888888,0.0,0.0,0.0
1.0,100.0,0.0018414550169483011,0.20542574208198427,0.0,0.0,0.013888888888888888,0.0,0.0,1.0
2.0,1.0910993535868953e-06,0.0,0.0,0.0,0.0,0.013888888888888888,0.0,0.0,1.0
3.0,1.0092204070457108e-06,0.0,0.0,0.0,0.0,0.013888888888888888,0.0,0.0,1.0
4.0,1.590133533061954e-08,0.0,0.0,0.0,0.0,0.013888888888888888,0.0,0.0,0.0
1.0,100.0,0.0018414541386474832,0.20542634052951947,0.0,0.0,0.013888888888888888,0.0,0.0,1.0
2.0,1.0849535565129611e-06,0.0,0.0,0.0,0.0,0.013888888888888888,0.0,0.0,1.0
3.0,1.0069304451961587e-06,0.0,0.0,0.0,0.0,0.013888888888888888,0.0,0.0,1.0
4.0,1.5868889069142088e-08,0.0,0.0,0.0,0.0,0.013888888888888888,0.0,0.0,0.0
1.0,100.0,0.0018414532591060858,0.20542694045278392,0.0,0.0,0.013888888888888888,0.0,0.0,1.0
2.0,1.0793970199888966e-06,0.0,0.0,0.0,0.0,0.013888888888888888,0.0,0.0,1.0
3.0,1.0047500153618459e-06,0.0,0.0,0.0,0.0,0.013888888888888888,0.0,0.0,1.0
4.0,1.5837732986648524e-08,0.0,0.0,0.0,0.0,0.013888888888888888,0.0,0.0,0.0
1.0,100.0,0.0018414523783213193,0.20542754176639857,0.0,0.0,0.013888888888888888,0.0,0.0,1.0
2.0,1.074324190187852e-06,0.0,0.0,0.0,0.0,0.013888888888888888,0.0,0.0,1.0
3.0,1.0026596304191158e-06,0.0,0.0,0.0,0.0,0.013888888888888888,0.0,0.0,1.0
4.0,1.581190077922911e-08,0.0,0.0,0.0,0.0,0.013888888888888888,0.0,0.0,0.0
1.0,100.0,0.0018414514962907112,0.20542814440672572,0.0,0.0,0.013888888888888888,0.0,0.0,1.0
2.0,1.0696518836470675e-06,0.0,0.0,0.0,0.0,0.013888888888888888,0.0,0.0,1.0
3.0,1.000633860490988e-06,0.0,0.0,0.0,0.0,0.013888888888888888,0.0,0.0,1.0
4.0,1.578417219209814e-08,0.0,0.0,0.0,0.0,0.013888888888888888,0.0,0.0,0.0
1.0,100.0,0.0018414506130110912,0.20542874832529912,0.0,0.0,0.013888888888888888,0.0,0.0,1.0
2.0,1.0653160118275204e-06,0.0,0.0,0.0,0.0,0.013888888888888888,0.0,0.0,1.0
3.0,9.9866286710238e-07,0.0,0.0,0.0,0.0,0.013888888888888888,0.0,0.0,1.0
4.0,1.575861886170532e-08,0.0,0.0,0.0,0.0,0.013888888888888888,0.0,0.0,0.0
1.0,100.0,0.0018414497284794105,0.2054293534837097,0.0,0.0,0.013888888888888888,0.0,0.0,1.0
2.0,1.0612661055716855e-06,0.0,0.0,0.0,0.0,0.013888888888888888,0.0,0.0,1.0
3.0,9.967299964314285e-07,0.0,0.0,0.0,0.0,0.013888888888888888,0.0,0.0,1.0
4.0,1.5734709683200495e-08,0.0,0.0,0.0,0.0,0.013888888888888888,0.0,0.0,0.0
1.0,100.0,0.0018414488426934086,0.20542995985203644,0.0,0.0,0.013888888888888888,0.0,0.0,1.0
2.0,1.057469487574814e-06,0.0,0.0,0.0,0.0,0.013888888888888888,0.0,0.0,1.0
3.0,9.94832327030414e-07,0.0,0.0,0.0,0.0,0.013888888888888888,0.0,0.0,1.0
4.0,1.571099049914756e-08,0.0,0.0,0.0,0.0,0.013888888888888888,0.0,0.0,0.0
1.0,100.0,0.0018414479556506241,0.20543056740564403,0.0,0.0,0.013888888888888888,0.0,0.0,1.0
2.0,1.0538912682451754e-06,0.0,0.0,0.0,0.0,0.013888888888888888,0.0,0.0,1.0
3.0,9.929634096501018e-07,0.0,0.0,0.0,0.0,0.013888888888888888,0.0,0.0,1.0
4.0,1.5685880728491878e-08,0.0,0.0,0.0,0.0,0.013888888888888888,0.0,0.0,0.0
1.0,100.0,0.0018414470673478317,0.20543117612411682,0.0,0.0,0.013888888888888888,0.0,0.0,1.0
2.0,1.0505056499916085e-06,0.0,0.0,0.0,0.0,0.013888888888888888,0.0,0.0,1.0
3.0,9.9112211850845e-07,0.0,0.0,0.0,0.0,0.013888888888888888,0.0,0.0,1.0
4.0,1.566389449869831e-08,0.0,0.0,0.0,0.0,0.013888888888888888,0.0,0.0,0.0
1.0,100.0,0.001841446177782945,0.20543178599064132,0.0,0.0,0.013888888888888888,0.0,0.0,1.0
2.0,1.0472917164188552e-06,0.0,0.0,0.0,0.0,0.013888888888888888,0.0,0.0,1.0
3.0,9.89301334338341e-07,0.0,0.0,0.0,0.0,0.013888888888888888,0.0,0.0,1.0
4.0,1.564331211723885e-08,0.0,0.0,0.0,0.0,0.013888888888888888,0.0,0.0,0.0
1.0,100.0,0.0018414452869538378,0.2054323969909645,0.0,0.0,0.013888888888888888,0.0,0.0,1.0
2.0,1.0442295377330138e-06,0.0,0.0,0.0,0.0,0.013888888888888888,0.0,0.0,1.0
3.0,9.874980474386471e-07,0.0,0.0,0.0,0.0,0.013888888888888888,0.0,0.0,1.0
4.0,1.5619480399859277e-08,0.0,0.0,0.0,0.0,0.013888888888888888,0.0,0.0,0.0
1.0,100.0,0.0018414443948579539,0.20543300911264806,0.0,0.0,0.013888888888888888,0.0,0.0,1.0
2.0,1.0413042169373063e-06,0.0,0.0,0.0,0.0,0.013888888888888888,0.0,0.0,1.0
3.0,9.857152669032753e-07,0.0,0.0,0.0,0.0,0.013888888888888888,0.0,0.0,1.0
4.0,1.5594751246335844e-08,0.0,0.0,0.0,0.0,0.013888888888888888,0.0,0.0,0.0
1.0,100.0,0.0018414435014933925,0.20543362234573662,0.0,0.0,0.013888888888888888,0.0,0.0,1.0
2.0,1.03849866979405e-06,0.0,0.0,0.0,0.0,0.013888888888888888,0.0,0.0,1.0
3.0,9.83944571263156e-07,0.0,0.0,0.0,0.0,0.013888888888888888,0.0,0.0,1.0
4.0,1.5575421566459796e-08,0.0,0.0,0.0,0.0,0.013888888888888888,0.0,0.0,0.0
1.0,100.0,0.0018414426068567738,0.20543423668115396,0.0,0.0,0.013888888888888888,0.0,0.0,1.0
2.0,1.0358062059733733e-06,0.0,0.0,0.0,0.0,0.013888888888888888,0.0,0.0,1.0
3.0,9.82190107643703e-07,0.0,0.0,0.0,0.0,0.013888888888888888,0.0,0.0,1.0
4.0,1.5554562204200974e-08,0.0,0.0,0.0,0.0,0.013888888888888888,0.0,0.0,0.0
1.0,100.0,0.0018414417109476628,0.20543485211134563,0.0,0.0,0.013888888888888888,0.0,0.0,1.0
2.0,1.033209438191513e-06,0.0,0.0,0.0,0.0,0.013888888888888888,0.0,0.0,1.0
3.0,9.804467927822342e-07,0.0,0.0,0.0,0.0,0.013888888888888888,0.0,0.0,1.0
4.0,1.553346289285308e-08,0.0,0.0,0.0,0.0,0.013888888888888888,0.0,0.0,0.0
1.0,100.0,0.0018414408137626273,0.20543546862985554,0.0,0.0,0.013888888888888888,0.0,0.0,1.0
2.0,1.0307045972753626e-06,0.0,0.0,0.0,0.0,0.013888888888888888,0.0,0.0,1.0
3.0,9.787165736887997e-07,0.0,0.0,0.0,0.0,0.013888888888888888,0.0,0.0,1.0
4.0,1.551127647044457e-08,0.0,0.0,0.0,0.0,0.013888888888888888,0.0,0.0,0.0
1.0,100.0,0.0018414399153000934,0.20543608623068585,0.0,0.0,0.013888888888888888,0.0,0.0,1.0
2.0,1.0282802011608713e-06,0.0,0.0,0.0,0.0,0.013888888888888888,0.0,0.0,1.0
3.0,9.769961879401642e-07,0.0,0.0,0.0,0.0,0.013888888888888888,0.0,0.0,1.0
4.0,1.5489507606503688e-08,0.0,0.0,0.0,0.0,0.013888888888888888,0.0,0.0,0.0
1.0,100.0,0.0018414390155582646,0.20543670490939234,0.0,0.0,0.013888888888888888,0.0,0.0,1.0
2.0,1.0259263484801985e-06,0.0,0.0,0.0,0.0,0.013888888888888888,0.0,0.0,1.0
3.0,9.75285382468531e-07,0.0,0.0,0.0,0.0,0.013888888888888888,0.0,0.0,1.0
4.0,1.5469610371192694e-08,0.0,0.0,0.0,0.0,0.013888888888888888,0.0,0.0,0.0
1.0,100.0,0.0018414381145332851,0.20543732466172254,0.0,0.0,0.013888888888888888,0.0,0.0,1.0
2.0,1.0236384106053226e-06,0.0,0.0,0.0,0.0,0.013888888888888888,0.0,0.0,1.0
3.0,9.73583588108516e-07,0.0,0.0,0.0,0.0,0.013888888888888888,0.0,0.0,1.0
4.0,1.544925822959819e-08,0.0,0.0,0.0,0.0,0.013888888888888888,0.0,0.0,0.0
1.0,100.0,0.001841437212226443,0.20543794548414876,0.0,0.0,0.013888888888888888,0.0,0.0,1.0
2.0,1.0214115819653565e-06,0.0,0.0,0.0,0.0,0.013888888888888888,0.0,0.0,1.0
3.0,9.718927898009179e-07,0.0,0.0,0.0,0.0,0.013888888888888888,0.0,0.0,1.0
4.0,1.542945006530977e-08,0.0,0.0,0.0,0.0,0.013888888888888888,0.0,0.0,0.0
1.0,100.0,0.0018414363086328533,0.20543856737387706,0.0,0.0,0.013888888888888888,0.0,0.0,1.0
2.0,1.0192378328466343e-06,0.0,0.0,0.0,0.0,0.013888888888888888,0.0,0.0,1.0
3.0,9.702083470038203e-07,0.0,0.0,0.0,0.0,0.013888888888888888,0.0,0.0,1.0
4.0,1.540970539939176e-08,0.0,0.0,0.0,0.0,0.013888888888888888,0.0,0.0,0.0
1.0,100.0,0.001841435403751165,0.20543919032840421,0.0,0.0,0.013888888888888888,0.0,0.0,1.0
2.0,1.017112155562951e-06,0.0,0.0,0.0,0.0,0.013888888888888888,0.0,0.0,1.0
3.0,9.6852875494496e-07,0.0,0.0,0.0,0.0,0.013888888888888888,0.0,0.0,1.0
4.0,1.538659772018746e-08,0.0,0.0,0.0,0.0,0.013888888888888888,0.0,0.0,0.0
1.0,100.0,0.0018414344975805131,0.20543981434588016,0.0,0.0,0.013888888888888888,0.0,0.0,1.0
2.0,1.015032045998463e-06,0.0,0.0,0.0,0.0,0.013888888888888888,0.0,0.0,1.0
3.0,9.668609044256119e-07,0.0,0.0,0.0,0.0,0.013888888888888888,0.0,0.0,1.0
4.0,1.5367839844113024e-08,0.0,0.0,0.0,0.0,0.013888888888888888,0.0,0.0,0.0
1.0,100.0,0.0018414335901178276,0.20544043942516088,0.0,0.0,0.013888888888888888,0.0,0.0,1.0
2.0,1.0129895126451117e-06,0.0,0.0,0.0,0.0,0.013888888888888888,0.0,0.0,1.0
3.0,9.65195716957331e-07,0.0,0.0,0.0,0.0,0.013888888888888888,0.0,0.0,1.0
4.0,1.5347830494198175e-08,0.0,0.0,0.0,0.0,0.013888888888888888,0.0,0.0,0.0
1.0,100.0,0.0018414326813616718,0.20544106556470879,0.0,0.0,0.013888888888888888,0.0,0.0,1.0
2.0,1.0109846055774665e-06,0.0,0.0,0.0,0.0,0.013888888888888888,0.0,0.0,1.0
3.0,9.6353806030673e-07,0.0,0.0,0.0,0.0,0.013888888888888888,0.0,0.0,1.0
4.0,1.532686049106974e-08,0.0,0.0,0.0,0.0,0.013888888888888888,0.0,0.0,0.0
1.0,100.0,0.0018414317713105833,0.2054416927639834,0.0,0.0,0.013888888888888888,0.0,0.0,1.0
2.0,1.0090130254183438e-06,0.0,0.0,0.0,0.0,0.013888888888888888,0.0,0.0,1.0
3.0,9.618871630516944e-07,0.0,0.0,0.0,0.0,0.013888888888888888,0.0,0.0,1.0
4.0,1.5306270083037904e-08,0.0,0.0,0.0,0.0,0.013888888888888888,0.0,0.0,0.0
1.0,100.0,0.0019352175093343045,0.20544130047687792,0.0,0.0,0.013888888888888888,0.0,0.0,1.0
2.0,0.00012335169904934787,0.0,0.0,0.0,0.0,0.013888888888888888,0.0,0.0,1.0
3.0,0.00011808962146060988,0.0,0.0,0.0,0.0,0.013888888888888888,0.0,0.0,1.0
4.0,9.104531616127672e-07,0.0,0.0,0.0,0.0,0.013888888888888888,0.0,0.0,0.0
1.0,100.0,0.0017393300207239502,0.3450456911457989,0.0,0.0,0.013888888888888888,0.0,0.0,1.0
2.0,5.0755707132156e-06,0.0,0.0,0.0,0.0,0.013888888888888888,0.0,0.0,1.0
3.0,4.14929706735255e-06,0.0,0.0,0.0,0.0,0.013888888888888888,0.0,0.0,1.0
4.0,2.292998745218967e-08,0.0,0.0,0.0,0.0,0.013888888888888888,0.0,0.0,0.0
1.0,100.0,0.0017597871459905645,0.2042776568986362,0.0,0.0,0.013888888888888888,0.0,0.0,1.0
2.0,4.901056999712929e-07,0.0,0.0,0.0,0.0,0.013888888888888888,0.0,0.0,1.0
3.0,4.278911137149107e-07,0.0,0.0,0.0,0.0,0.013888888888888888,0.0,0.0,1.0
4.0,6.925294870776775e-09,0.0,0.0,0.0,0.0,0.013888888888888888,0.0,0.0,0.0
1.0,100.0,0.0017602686401047972,0.2042913802579089,0.0,0.0,0.013888888888888888,0.0,0.0,1.0
2.0,2.970116945354577e-07,0.0,0.0,0.0,0.0,0.013888888888888888,0.0,0.0,1.0
3.0,6.329652105877752e-07,0.0,0.0,0.0,0.0,0.013888888888888888,0.0,0.0,1.0
4.0,9.487469839648256e-09,0.0,0.0,0.0,0.0,0.013888888888888888,0.0,0.0,0.0
1.0,100.0,0.0017607460545736803,0.20430527448057467,0.0,0.0,0.013888888888888888,0.0,0.0,1.0
2.0,3.3547433959303126e-07,0.0,0.0,0.0,0.0,0.013888888888888888,0.0,0.0,1.0
3.0,8.039659231512808e-07,0.0,0.0,0.0,0.0,0.013888888888888888,0.0,0.0,1.0
4.0,1.1725855905645823e-08,0.0,0.0,0.0,0.0,0.013888888888888888,0.0,0.0,0.0
1.0,100.0,0.0017612191446924027,0.20431770905136723,0.0,0.0,0.013888888888888888,0.0,0.0,1.0
2.0,5.752527690919435e-07,0.0,0.0,0.0,0.0,0.013888888888888888,0.0,0.0,1.0
3.0,9.593557953795831e-07,0.0,0.0,0.0,0.0,0.013888888888888888,0.0,0.0,1.0
4.0,1.3617772413150339e-08,0.0,0.0,0.0,0.0,0.013888888888888888,0.0,0.0,0.0
1.0,100.0,0.0017616880930585584,0.20432877514910175,0.0,0.0,0.013888888888888888,0.0,0.0,1.0
2.0,7.878083339071004e-07,0.0,0.0,0.0,0.0,0.013888888888888888,0.0,0.0,1.0
3.0,1.1043760222651486e-06,0.0,0.0,0.0,0.0,0.013888888888888888,0.0,0.0,1.0
4.0,1.5255993410821335e-08,0.0,0.0,0.0,0.0,0.013888888888888888,0.0,0.0,0.0
1.0,100.0,0.0017621530675206813,0.2043385574694863,0.0,0.0,0.013888888888888888,0.0,0.0,1.0
2.0,9.810546247357724e-07,0.0,0.0,0.0,0.0,0.013888888888888888,0.0,0.0,1.0
3.0,1.241932412276405e-06,0.0,0.0,0.0,0.0,0.013888888888888888,0.0,0.0,1.0
4.0,1.6733607767640327e-08,0.0,0.0,0.0,0.0,0.013888888888888888,0.0,0.0,0.0
1.0,100.0,0.0017626142227910398,0.20434713417723038,0.0,0.0,0.013888888888888888,0.0,0.0,1.0
2.0,1.1601047407805078e-06,0.0,0.0,0.0,0.0,0.013888888888888888,0.0,0.0,1.0
3.0,1.3738139294285403e-06,0.0,0.0,0.0,0.0,0.013888888888888888,0.0,0.0,1.0
4.0,1.8107528212234856e-08,0.0,0.0,0.0,0.0,0.013888888888888888,0.0,0.0,0.0
1.0,100.0,0.0017630717018376758,0.2043545772903802,0.0,0.0,0.013888888888888888,0.0,0.0,1.0
2.0,1.3283575531224021e-06,0.0,0.0,0.0,0.0,0.013888888888888888,0.0,0.0,1.0
3.0,1.5011987286845642e-06,0.0,0.0,0.0,0.0,0.013888888888888888,0.0,0.0,1.0
4.0,1.9415953432920324e-08,0.0,0.0,0.0,0.0,0.013888888888888888,0.0,0.0,0.0
1.0,100.0,0.0017635256371067623,0.20436095314276245,0.0,0.0,0.013888888888888888,0.0,0.0,1.0
2.0,1.4880984526432625e-06,0.0,0.0,0.0,0.0,0.013888888888888888,0.0,0.0,1.0
3.0,1.6248482778536743e-06,0.0,0.0,0.0,0.0,0.013888888888888888,0.0,0.0,1.0
4.0,2.06844881168382e-08,0.0,0.0,0.0,0.0,0.013888888888888888,0.0,0.0,0.0
1.0,100.0,0.001763976151592223,0.2043663228561374,0.0,0.0,0.013888888888888888,0.0,0.0,1.0
2.0,1.6409044828893812e-06,0.0,0.0,0.0,0.0,0.013888888888888888,0.0,0.0,1.0
3.0,1.7452755552202489e-06,0.0,0.0,0.0,0.0,0.013888888888888888,0.0,0.0,1.0
4.0,2.1926661583602537e-08,0.0,0.0,0.0,0.0,0.013888888888888888,0.0,0.0,0.0
1.0,100.0,0.0017644233602865397,0.20437074307521996,0.0,0.0,0.013888888888888888,0.0,0.0,1.0
2.0,1.7878823747449878e-06,0.0,0.0,0.0,0.0,0.013888888888888888,0.0,0.0,1.0
3.0,1.8628397190950085e-06,0.0,0.0,0.0,0.0,0.013888888888888888,0.0,0.0,1.0
4.0,2.3150616644006125e-08,0.0,0.0,0.0,0.0,0.013888888888888888,0.0,0.0,0.0
1.0,100.0,0.0017648673688472163,0.20437426521226695,0.0,0.0,0.013888888888888888,0.0,0.0,1.0
2.0,1.9298267677953554e-06,0.0,0.0,0.0,0.0,0.013888888888888888,0.0,0.0,1.0
3.0,1.9777937021577978e-06,0.0,0.0,0.0,0.0,0.013888888888888888,0.0,0.0,1.0
4.0,2.4366329345369707e-08,0.0,0.0,0.0,0.0,0.013888888888888888,0.0,0.0,0.0
1.0,100.0,0.0017653082773469821,0.20437693753852598,0.0,0.0,0.013888888888888888,0.0,0.0,1.0
2.0,2.0673121240152847e-06,0.0,0.0,0.0,0.0,0.013888888888888888,0.0,0.0,1.0
3.0,2.0903090838222023e-06,0.0,0.0,0.0,0.0,0.013888888888888888,0.0,0.0,1.0
4.0,2.557323064530343e-08,0.0,0.0,0.0,0.0,0.013888888888888888,0.0,0.0,0.0
1.0,100.0,0.0017657461796774735,0.20437880480926374,0.0,0.0,0.013888888888888888,0.0,0.0,1.0
2.0,2.200780795683988e-06,0.0,0.0,0.0,0.0,0.013888888888888888,0.0,0.0,1.0
3.0,2.2005332794826547e-06,0.0,0.0,0.0,0.0,0.013888888888888888,0.0,0.0,1.0
4.0,2.678082858543052e-08,0.0,0.0,0.0,0.0,0.013888888888888888,0.0,0.0,0.0
1.0,100.0,0.0017661811636022185,0.20437990828036648,0.0,0.0,0.013888888888888888,0.0,0.0,1.0
2.0,2.3305641175651797e-06,0.0,0.0,0.0,0.0,0.013888888888888888,0.0,0.0,1.0
3.0,2.308557236279696e-06,0.0,0.0,0.0,0.0,0.013888888888888888,0.0,0.0,1.0
4.0,2.798063907082037e-08,0.0,0.0,0.0,0.0,0.013888888888888888,0.0,0.0,0.0
1.0,100.0,0.0017666133116493916,0.20438028624177115,0.0,0.0,0.013888888888888888,0.0,0.0,1.0
2.0,2.4569284824812353e-06,0.0,0.0,0.0,0.0,0.013888888888888888,0.0,0.0,1.0
3.0,2.4144673995951443e-06,0.0,0.0,0.0,0.0,0.013888888888888888,0.0,0.0,1.0
4.0,2.9182460861623752e-08,0.0,0.0,0.0,0.0,0.013888888888888888,0.0,0.0,0.0
1.0,100.0,0.0017670427015702877,0.2043799742694256,0.0,0.0,0.013888888888888888,0.0,0.0,1.0
2.0,2.5800934355118663e-06,0.0,0.0,0.0,0.0,0.013888888888888888,0.0,0.0,1.0
3.0,2.5183350671883517e-06,0.0,0.0,0.0,0.0,0.013888888888888888,0.0,0.0,1.0
4.0,3.038396735250493e-08,0.0,0.0,0.0,0.0,0.013888888888888888,0.0,0.0,0.0
1.0,100.0,0.001767469406740817,0.20437900546245638,0.0,0.0,0.013888888888888888,0.0,0.0,1.0
2.0,2.7002365299893915e-06,0.0,0.0,0.0,0.0,0.013888888888888888,0.0,0.0,1.0
3.0,2.6202118504449967e-06,0.0,0.0,0.0,0.0,0.013888888888888888,0.0,0.0,1.0
4.0,3.158464000628233e-08,0.0,0.0,0.0,0.0,0.013888888888888888,0.0,0.0,0.0
1.0,100.0,0.0017678934965324037,0.20437741066314027,0.0,0.0,0.013888888888888888,0.0,0.0,1.0
2.0,2.817511762491406e-06,0.0,0.0,0.0,0.0,0.013888888888888888,0.0,0.0,1.0
3.0,2.720152079003293e-06,0.0,0.0,0.0,0.0,0.013888888888888888,0.0,0.0,1.0
4.0,3.278052127280975e-08,0.0,0.0,0.0,0.0,0.013888888888888888,0.0,0.0,0.0
1.0,100.0,0.0017683150366322679,0.20437521863424357,0.0,0.0,0.013888888888888888,0.0,0.0,1.0
2.0,2.932049851421182e-06,0.0,0.0,0.0,0.0,0.013888888888888888,0.0,0.0,1.0
3.0,2.8182045824321883e-06,0.0,0.0,0.0,0.0,0.013888888888888888,0.0,0.0,1.0
4.0,3.398024652002955e-08,0.0,0.0,0.0,0.0,0.013888888888888888,0.0,0.0,0.0
1.0,100.0,0.0017687340893399069,0.2043724562356026,0.0,0.0,0.013888888888888888,0.0,0.0,1.0
2.0,3.0439652418665173e-06,0.0,0.0,0.0,0.0,0.013888888888888888,0.0,0.0,1.0
3.0,2.9143989596277972e-06,0.0,0.0,0.0,0.0,0.013888888888888888,0.0,0.0,1.0
4.0,3.517660883267398e-08,0.0,0.0,0.0,0.0,0.013888888888888888,0.0,0.0,0.0
1.0,100.0,0.0017691507138332405,0.20436914859008923,0.0,0.0,0.013888888888888888,0.0,0.0,1.0
2.0,3.153364842414979e-06,0.0,0.0,0.0,0.0,0.013888888888888888,0.0,0.0,1.0
3.0,3.0087809931080465e-06,0.0,0.0,0.0,0.0,0.013888888888888888,0.0,0.0,1.0
4.0,3.637207355548271e-08,0.0,0.0,0.0,0.0,0.013888888888888888,0.0,0.0,0.0
1.0,100.0,0.0017695649664060302,0.20436531921484022,0.0,0.0,0.013888888888888888,0.0,0.0,1.0
2.0,3.2603411852644925e-06,0.0,0.0,0.0,0.0,0.013888888888888888,0.0,0.0,1.0
3.0,3.1013859713669005e-06,0.0,0.0,0.0,0.0,0.013888888888888888,0.0,0.0,1.0
4.0,3.7564314201816266e-08,0.0,0.0,0.0,0.0,0.013888888888888888,0.0,0.0,0.0
1.0,100.0,0.0017699769006873421,0.20436099015313883,0.0,0.0,0.013888888888888888,0.0,0.0,1.0
2.0,3.364977471125105e-06,0.0,0.0,0.0,0.0,0.013888888888888888,0.0,0.0,1.0
3.0,3.192246110636057e-06,0.0,0.0,0.0,0.0,0.013888888888888888,0.0,0.0,1.0
4.0,3.875480992981486e-08,0.0,0.0,0.0,0.0,0.013888888888888888,0.0,0.0,0.0
1.0,100.0,0.0017703865678332092,0.20435618208556658,0.0,0.0,0.013888888888888888,0.0,0.0,1.0
2.0,3.4673526139880923e-06,0.0,0.0,0.0,0.0,0.013888888888888888,0.0,0.0,1.0
3.0,3.281397129353926e-06,0.0,0.0,0.0,0.0,0.013888888888888888,0.0,0.0,1.0
4.0,3.994444564620626e-08,0.0,0.0,0.0,0.0,0.013888888888888888,0.0,0.0,0.0
1.0,100.0,0.0017707940167125036,0.20435091443035788,0.0,0.0,0.013888888888888888,0.0,0.0,1.0
2.0,3.5675377137614776e-06,0.0,0.0,0.0,0.0,0.013888888888888888,0.0,0.0,1.0
3.0,3.368864328042486e-06,0.0,0.0,0.0,0.0,0.013888888888888888,0.0,0.0,1.0
4.0,4.1130996050150324e-08,0.0,0.0,0.0,0.0,0.013888888888888888,0.0,0.0,0.0
1.0,100.0,0.0017711992940621338,0.20434520544721635,0.0,0.0,0.013888888888888888,0.0,0.0,1.0
2.0,3.6656006711042796e-06,0.0,0.0,0.0,0.0,0.013888888888888888,0.0,0.0,1.0
3.0,3.4546843354959685e-06,0.0,0.0,0.0,0.0,0.013888888888888888,0.0,0.0,1.0
4.0,4.231275424952404e-08,0.0,0.0,0.0,0.0,0.013888888888888888,0.0,0.0,0.0
1.0,100.0,0.0017716024446371085,0.2043390723157131,0.0,0.0,0.013888888888888888,0.0,0.0,1.0
2.0,3.7615993476292375e-06,0.0,0.0,0.0,0.0,0.013888888888888888,0.0,0.0,1.0
3.0,3.538873008055339e-06,0.0,0.0,0.0,0.0,0.013888888888888888,0.0,0.0,1.0
4.0,4.3492577490417596e-08,0.0,0.0,0.0,0.0,0.013888888888888888,0.0,0.0,0.0
1.0,100.0,0.0017720035113482277,0.20433253122120495,0.0,0.0,0.013888888888888888,0.0,0.0,1.0
2.0,3.855601364852794e-06,0.0,0.0,0.0,0.0,0.013888888888888888,0.0,0.0,1.0
3.0,3.6214686687379205e-06,0.0,0.0,0.0,0.0,0.013888888888888888,0.0,0.0,1.0
4.0,4.4669884103374586e-08,0.0,0.0,0.0,0.0,0.013888888888888888,0.0,0.0,0.0
1.0,100.0,0.0017724025353828827,0.2043255974303223,0.0,0.0,0.013888888888888888,0.0,0.0,1.0
2.0,3.947659753853587e-06,0.0,0.0,0.0,0.0,0.013888888888888888,0.0,0.0,1.0
3.0,3.702495543638808e-06,0.0,0.0,0.0,0.0,0.013888888888888888,0.0,0.0,1.0
4.0,4.584239829587926e-08,0.0,0.0,0.0,0.0,0.013888888888888888,0.0,0.0,0.0
1.0,100.0,0.0017727995563180617,0.2043182853496201,0.0,0.0,0.013888888888888888,0.0,0.0,1.0
2.0,4.037827532689051e-06,0.0,0.0,0.0,0.0,0.013888888888888888,0.0,0.0,1.0
3.0,3.781978769204402e-06,0.0,0.0,0.0,0.0,0.013888888888888888,0.0,0.0,1.0
4.0,4.7008691388271544e-08,0.0,0.0,0.0,0.0,0.013888888888888888,0.0,0.0,0.0
1.0,100.0,0.0017731946122262728,0.20431060858673022,0.0,0.0,0.013888888888888888,0.0,0.0,1.0
2.0,4.126153799770793e-06,0.0,0.0,0.0,0.0,0.013888888888888888,0.0,0.0,1.0
3.0,3.859950915818068e-06,0.0,0.0,0.0,0.0,0.013888888888888888,0.0,0.0,1.0
4.0,4.8170760902140915e-08,0.0,0.0,0.0,0.0,0.013888888888888888,0.0,0.0,0.0
1.0,100.0,0.0017735877397699051,0.20430258000760793,0.0,0.0,0.013888888888888888,0.0,0.0,1.0
2.0,4.212681888107553e-06,0.0,0.0,0.0,0.0,0.013888888888888888,0.0,0.0,1.0
3.0,3.93643333971792e-06,0.0,0.0,0.0,0.0,0.013888888888888888,0.0,0.0,1.0
4.0,4.933104681431052e-08,0.0,0.0,0.0,0.0,0.013888888888888888,0.0,0.0,0.0
1.0,100.0,0.0017739789742837783,0.20429421178462998,0.0,0.0,0.013888888888888888,0.0,0.0,1.0
2.0,4.297454384517743e-06,0.0,0.0,0.0,0.0,0.013888888888888888,0.0,0.0,1.0
3.0,4.011445323832546e-06,0.0,0.0,0.0,0.0,0.013888888888888888,0.0,0.0,1.0
4.0,5.048238070822023e-08,0.0,0.0,0.0,0.0,0.013888888888888888,0.0,0.0,0.0
1.0,100.0,0.0017743683498716906,0.20428550483640542,0.0,0.0,0.013888888888888888,0.0,0.0,1.0
2.0,4.3805165557365644e-06,0.0,0.0,0.0,0.0,0.013888888888888888,0.0,0.0,1.0
3.0,4.085051082620611e-06,0.0,0.0,0.0,0.0,0.013888888888888888,0.0,0.0,1.0
4.0,5.163038852399167e-08,0.0,0.0,0.0,0.0,0.013888888888888888,0.0,0.0,0.0
1.0,100.0,0.0017747341637023566,0.20426431979144796,0.0,0.0,0.013888888888888888,0.0,0.0,1.0
2.0,2.5001654620915438e-05,0.0,0.0,0.0,0.0,0.013888888888888888,0.0,0.0,1.0
3.0,2.407756160378915e-05,0.0,0.0,0.0,0.0,0.013888888888888888,0.0,0.0,1.0
4.0,3.828147729897797e-07,0.0,0.0,0.0,0.0,0.013888888888888888,0.0,0.0,0.0
1.0,100.0,0.0017760030629316097,0.20426302205345356,0.0,0.0,0.013888888888888888,0.0,0.0,1.0
2.0,2.460070889939923e-05,0.0,0.0,0.0,0.0,0.013888888888888888,0.0,0.0,1.0
3.0,2.3666895274942353e-05,0.0,0.0,0.0,0.0,0.013888888888888888,0.0,0.0,1.0
4.0,3.807618820211902e-07,0.0,0.0,0.0,0.0,0.013888888888888888,0.0,0.0,0.0
1.0,100.0,0.0017759870003056114,0.20426172793794328,0.0,0.0,0.013888888888888888,0.0,0.0,1.0
2.0,2.350948300916215e-05,0.0,0.0,0.0,0.0,0.013888888888888888,0.0,0.0,1.0
3.0,2.2577875745161607e-05,0.0,0.0,0.0,0.0,0.013888888888888888,0.0,0.0,1.0
4.0,3.6547747957510194e-07,0.0,0.0,0.0,0.0,0.013888888888888888,0.0,0.0,0.0
1.0,100.0,0.0017759709379835192,0.20426043845906244,0.0,0.0,0.013888888888888888,0.0,0.0,1.0
2.0,2.247316244399574e-05,0.0,0.0,0.0,0.0,0.013888888888888888,0.0,0.0,1.0
3.0,2.1552344691224558e-05,0.0,0.0,0.0,0.0,0.013888888888888888,0.0,0.0,1.0
4.0,3.5067604024492487e-07,0.0,0.0,0.0,0.0,0.013888888888888888,0.0,0.0,0.0
1.0,100.0,0.001775954859791372,0.20425915354894517,0.0,0.0,0.013888888888888888,0.0,0.0,1.0
2.0,2.1495821863861004e-05,0.0,0.0,0.0,0.0,0.013888888888888888,0.0,0.0,1.0
3.0,2.059089217521783e-05,0.0,0.0,0.0,0.0,0.013888888888888888,0.0,0.0,1.0
4.0,3.3657448073921566e-07,0.0,0.0,0.0,0.0,0.013888888888888888,0.0,0.0,0.0
1.0,100.0,0.0017759387656802522,0.20425787344444424,0.0,0.0,0.013888888888888888,0.0,0.0,1.0
2.0,2.0575432842721106e-05,0.0,0.0,0.0,0.0,0.013888888888888888,0.0,0.0,1.0
3.0,1.9689477451624112e-05,0.0,0.0,0.0,0.0,0.013888888888888888,0.0,0.0,1.0
4.0,3.2321323848316447e-07,0.0,0.0,0.0,0.0,0.013888888888888888,0.0,0.0,0.0
1.0,100.0,0.001775922655619007,0.20425659702747886,0.0,0.0,0.013888888888888888,0.0,0.0,1.0
2.0,1.970897267356002e-05,0.0,0.0,0.0,0.0,0.013888888888888888,0.0,0.0,1.0
3.0,1.8843826909938966e-05,0.0,0.0,0.0,0.0,0.013888888888888888,0.0,0.0,1.0
4.0,3.1057225363131327e-07,0.0,0.0,0.0,0.0,0.013888888888888888,0.0,0.0,0.0
1.0,100.0,0.001775906529586155,0.20425532336052982,0.0,0.0,0.013888888888888888,0.0,0.0,1.0
2.0,1.8893119623773984e-05,0.0,0.0,0.0,0.0,0.013888888888888888,0.0,0.0,1.0
3.0,1.8049817990380115e-05,0.0,0.0,0.0,0.0,0.013888888888888888,0.0,0.0,1.0
4.0,2.9861699097628737e-07,0.0,0.0,0.0,0.0,0.013888888888888888,0.0,0.0,0.0
1.0,100.0,0.0017758903875612123,0.20425405169166522,0.0,0.0,0.013888888888888888,0.0,0.0,1.0
2.0,1.812454025396766e-05,0.0,0.0,0.0,0.0,0.013888888888888888,0.0,0.0,1.0
3.0,1.7303584024540084e-05,0.0,0.0,0.0,0.0,0.013888888888888888,0.0,0.0,1.0
4.0,2.873076517194501e-07,0.0,0.0,0.0,0.0,0.013888888888888888,0.0,0.0,0.0
1.0,100.0,0.0017758742295294334,0.20425278141977915,0.0,0.0,0.013888888888888888,0.0,0.0,1.0
2.0,1.7400017664427598e-05,0.0,0.0,0.0,0.0,0.013888888888888888,0.0,0.0,1.0
3.0,1.66015589310145e-05,0.0,0.0,0.0,0.0,0.013888888888888888,0.0,0.0,1.0
4.0,2.7660546368993443e-07,0.0,0.0,0.0,0.0,0.013888888888888888,0.0,0.0,0.0
1.0,100.0,0.0017758580554703626,0.204251512059055,0.0,0.0,0.013888888888888888,0.0,0.0,1.0
2.0,1.67164978638504e-05,0.0,0.0,0.0,0.0,0.013888888888888888,0.0,0.0,1.0
3.0,1.5940446979789647e-05,0.0,0.0,0.0,0.0,0.013888888888888888,0.0,0.0,1.0
4.0,2.6647296885694577e-07,0.0,0.0,0.0,0.0,0.013888888888888888,0.0,0.0,0.0
1.0,100.0,0.0017758418653670194,0.20425024321258334,0.0,0.0,0.013888888888888888,0.0,0.0,1.0
2.0,1.6071133334727817e-05,0.0,0.0,0.0,0.0,0.013888888888888888,0.0,0.0,1.0
3.0,1.531723582975395e-05,0.0,0.0,0.0,0.0,0.013888888888888888,0.0,0.0,1.0
4.0,2.568715318473402e-07,0.0,0.0,0.0,0.0,0.013888888888888888,0.0,0.0,0.0
1.0,100.0,0.0017758256592023119,0.20424897455110202,0.0,0.0,0.013888888888888888,0.0,0.0,1.0
2.0,1.5461276460736638e-05,0.0,0.0,0.0,0.0,0.013888888888888888,0.0,0.0,1.0
3.0,1.4729167335679082e-05,0.0,0.0,0.0,0.0,0.013888888888888888,0.0,0.0,1.0
4.0,2.4776755322918437e-07,0.0,0.0,0.0,0.0,0.013888888888888888,0.0,0.0,0.0
1.0,100.0,0.0017758094369567641,0.2042477057977975,0.0,0.0,0.013888888888888888,0.0,0.0,1.0
2.0,1.4884473938865177e-05,0.0,0.0,0.0,0.0,0.013888888888888888,0.0,0.0,1.0
3.0,1.4173709386316864e-05,0.0,0.0,0.0,0.0,0.013888888888888888,0.0,0.0,1.0
4.0,2.39128904253565e-07,0.0,0.0,0.0,0.0,0.013888888888888888,0.0,0.0,0.0
1.0,100.0,0.0017757931986114544,0.2042464367166891,0.0,0.0,0.013888888888888888,0.0,0.0,1.0
2.0,1.4338465646410191e-05,0.0,0.0,0.0,0.0,0.013888888888888888,0.0,0.0,1.0
3.0,1.3648549332814631e-05,0.0,0.0,0.0,0.0,0.013888888888888888,0.0,0.0,1.0
4.0,2.3092382597336948e-07,0.0,0.0,0.0,0.0,0.013888888888888888,0.0,0.0,0.0
1.0,100.0,0.0017757769441465053,0.20424516710528207,0.0,0.0,0.013888888888888888,0.0,0.0,1.0
2.0,1.3821167358077433e-05,0.0,0.0,0.0,0.0,0.013888888888888888,0.0,0.0,1.0
3.0,1.315157234297854e-05,0.0,0.0,0.0,0.0,0.013888888888888888,0.0,0.0,1.0
4.0,2.2312931455798842e-07,0.0,0.0,0.0,0.0,0.013888888888888888,0.0,0.0,0.0
1.0,100.0,0.0017757606735409421,0.2042438967878242,0.0,0.0,0.013888888888888888,0.0,0.0,1.0
2.0,1.3330659241749353e-05,0.0,0.0,0.0,0.0,0.013888888888888888,0.0,0.0,1.0
3.0,1.2680831149957863e-05,0.0,0.0,0.0,0.0,0.013888888888888888,0.0,0.0,1.0
4.0,2.1571548197535684e-07,0.0,0.0,0.0,0.0,0.013888888888888888,0.0,0.0,0.0
1.0,100.0,0.0017757443867740437,0.20424262561060358,0.0,0.0,0.013888888888888888,0.0,0.0,1.0
2.0,1.2865172879515226e-05,0.0,0.0,0.0,0.0,0.013888888888888888,0.0,0.0,1.0
3.0,1.2234546006439121e-05,0.0,0.0,0.0,0.0,0.013888888888888888,0.0,0.0,1.0
4.0,2.086585649708893e-07,0.0,0.0,0.0,0.0,0.013888888888888888,0.0,0.0,0.0
1.0,100.0,0.0017757280838236245,0.20424135343894972,0.0,0.0,0.013888888888888888,0.0,0.0,1.0
2.0,1.2423079919310905e-05,0.0,0.0,0.0,0.0,0.013888888888888888,0.0,0.0,1.0
3.0,1.1811082422392099e-05,0.0,0.0,0.0,0.0,0.013888888888888888,0.0,0.0,1.0
4.0,2.019375761324064e-07,0.0,0.0,0.0,0.0,0.013888888888888888,0.0,0.0,0.0
1.0,100.0,0.001775711764667519,0.20424008015380277,0.0,0.0,0.013888888888888888,0.0,0.0,1.0
2.0,1.2002870395623316e-05,0.0,0.0,0.0,0.0,0.013888888888888888,0.0,0.0,1.0
3.0,1.140893151903644e-05,0.0,0.0,0.0,0.0,0.013888888888888888,0.0,0.0,1.0
4.0,1.9553146106434476e-07,0.0,0.0,0.0,0.0,0.013888888888888888,0.0,0.0,0.0
1.0,100.0,0.0017756954292843128,0.204238805650007,0.0,0.0,0.013888888888888888,0.0,0.0,1.0
2.0,1.160315865603232e-05,0.0,0.0,0.0,0.0,0.013888888888888888,0.0,0.0,1.0
3.0,1.1026708857910068e-05,0.0,0.0,0.0,0.0,0.013888888888888888,0.0,0.0,1.0
4.0,1.8942302510129228e-07,0.0,0.0,0.0,0.0,0.013888888888888888,0.0,0.0,0.0
1.0,100.0,0.0017756790776497263,0.20423752983374951,0.0,0.0,0.013888888888888888,0.0,0.0,1.0
2.0,1.1222665111002976e-05,0.0,0.0,0.0,0.0,0.013888888888888888,0.0,0.0,1.0
3.0,1.0663142366629888e-05,0.0,0.0,0.0,0.0,0.013888888888888888,0.0,0.0,1.0
4.0,1.8359434805778264e-07,0.0,0.0,0.0,0.0,0.013888888888888888,0.0,0.0,0.0
1.0,100.0,0.0017756627097402667,0.20423625262189168,0.0,0.0,0.013888888888888888,0.0,0.0,1.0
2.0,1.0860203057228647e-05,0.0,0.0,0.0,0.0,0.013888888888888888,0.0,0.0,1.0
3.0,1.0317054477228063e-05,0.0,0.0,0.0,0.0,0.013888888888888888,0.0,0.0,1.0
4.0,1.7802678380442136e-07,0.0,0.0,0.0,0.0,0.013888888888888888,0.0,0.0,0.0
1.0,100.0,0.001775646325532429,0.20423497394024318,0.0,0.0,0.013888888888888888,0.0,0.0,1.0
2.0,1.051467192339164e-05,0.0,0.0,0.0,0.0,0.013888888888888888,0.0,0.0,1.0
3.0,9.987349677668241e-06,0.0,0.0,0.0,0.0,0.013888888888888888,0.0,0.0,1.0
4.0,1.7270599809317935e-07,0.0,0.0,0.0,0.0,0.013888888888888888,0.0,0.0,0.0
1.0,100.0,0.001775629925002624,0.20423369372261388,0.0,0.0,0.013888888888888888,0.0,0.0,1.0
2.0,1.0185062744361527e-05,0.0,0.0,0.0,0.0,0.013888888888888888,0.0,0.0,1.0
3.0,9.673036919859899e-06,0.0,0.0,0.0,0.0,0.013888888888888888,0.0,0.0,1.0
4.0,1.6761903802508763e-07,0.0,0.0,0.0,0.0,0.013888888888888888,0.0,0.0,0.0
1.0,100.0,0.0017756135081260299,0.20423241190940652,0.0,0.0,0.013888888888888888,0.0,0.0,1.0
2.0,9.870424585181734e-06,0.0,0.0,0.0,0.0,0.013888888888888888,0.0,0.0,1.0
3.0,9.373171862961826e-06,0.0,0.0,0.0,0.0,0.013888888888888888,0.0,0.0,1.0
4.0,1.627483718419695e-07,0.0,0.0,0.0,0.0,0.013888888888888888,0.0,0.0,0.0
1.0,100.0,0.001775597074877486,0.2042311284475297,0.0,0.0,0.013888888888888888,0.0,0.0,1.0
2.0,9.569885809052885e-06,0.0,0.0,0.0,0.0,0.013888888888888888,0.0,0.0,1.0
3.0,9.086901842651815e-06,0.0,0.0,0.0,0.0,0.013888888888888888,0.0,0.0,1.0
4.0,1.58089754969945e-07,0.0,0.0,0.0,0.0,0.013888888888888888,0.0,0.0,0.0
1.0,100.0,0.0017755806252322394,0.20422984328928293,0.0,0.0,0.013888888888888888,0.0,0.0,1.0
2.0,9.282636078936828e-06,0.0,0.0,0.0,0.0,0.013888888888888888,0.0,0.0,1.0
3.0,8.813426458537412e-06,0.0,0.0,0.0,0.0,0.013888888888888888,0.0,0.0,1.0
4.0,1.5362457776222632e-07,0.0,0.0,0.0,0.0,0.013888888888888888,0.0,0.0,0.0
1.0,100.0,0.0017755641591652765,0.2042285563917962,0.0,0.0,0.013888888888888888,0.0,0.0,1.0
2.0,9.00791486694477e-06,0.0,0.0,0.0,0.0,0.013888888888888888,0.0,0.0,1.0
3.0,8.55200222045229e-06,0.0,0.0,0.0,0.0,0.013888888888888888,0.0,0.0,1.0
4.0,1.493467337698773e-07,0.0,0.0,0.0,0.0,0.013888888888888888,0.0,0.0,0.0
1.0,100.0,0.0017755476766516732,0.2042272677166349,0.0,0.0,0.013888888888888888,0.0,0.0,1.0
2.0,8.745020899935067e-06,0.0,0.0,0.0,0.0,0.013888888888888888,0.0,0.0,1.0
3.0,8.301941148812655e-06,0.0,0.0,0.0,0.0,0.013888888888888888,0.0,0.0,1.0
4.0,1.4524327643211555e-07,0.0,0.0,0.0,0.0,0.013888888888888888,0.0,0.0,0.0
1.0,100.0,0.0017755311776649996,0.20422597722860894,0.0,0.0,0.013888888888888888,0.0,0.0,1.0
2.0,8.49329511926244e-06,0.0,0.0,0.0,0.0,0.013888888888888888,0.0,0.0,1.0
3.0,8.06259838119418e-06,0.0,0.0,0.0,0.0,0.013888888888888888,0.0,0.0,1.0
4.0,1.413059965070094e-07,0.0,0.0,0.0,0.0,0.013888888888888888,0.0,0.0,0.0
1.0,100.0,0.0017755146621791173,0.2042246848965707,0.0,0.0,0.013888888888888888,0.0,0.0,1.0
2.0,8.2521301811122e-06,0.0,0.0,0.0,0.0,0.013888888888888888,0.0,0.0,1.0
3.0,7.833380486310081e-06,0.0,0.0,0.0,0.0,0.013888888888888888,0.0,0.0,1.0
4.0,1.375251596348399e-07,0.0,0.0,0.0,0.0,0.013888888888888888,0.0,0.0,0.0
1.0,100.0,0.0017754981301694635,0.2042233906922953,0.0,0.0,0.013888888888888888,0.0,0.0,1.0
2.0,8.020949356561164e-06,0.0,0.0,0.0,0.0,0.013888888888888888,0.0,0.0,1.0
3.0,7.613725399670138e-06,0.0,0.0,0.0,0.0,0.013888888888888888,0.0,0.0,1.0
4.0,1.338934576477113e-07,0.0,0.0,0.0,0.0,0.013888888888888888,0.0,0.0,0.0
1.0,100.0,0.0017754815816082984,0.2042220945896006,0.0,0.0,0.013888888888888888,0.0,0.0,1.0
2.0,7.79922366042624e-06,0.0,0.0,0.0,0.0,0.013888888888888888,0.0,0.0,1.0
3.0,7.403118669059515e-06,0.0,0.0,0.0,0.0,0.013888888888888888,0.0,0.0,1.0
4.0,1.3040283958971295e-07,0.0,0.0,0.0,0.0,0.013888888888888888,0.0,0.0,0.0
1.0,100.0,0.0017754650164701674,0.204220796565498,0.0,0.0,0.013888888888888888,0.0,0.0,1.0
2.0,7.586452219739246e-06,0.0,0.0,0.0,0.0,0.013888888888888888,0.0,0.0,1.0
3.0,7.201076183930597e-06,0.0,0.0,0.0,0.0,0.013888888888888888,0.0,0.0,1.0
4.0,1.2704863949291595e-07,0.0,0.0,0.0,0.0,0.013888888888888888,0.0,0.0,0.0
1.0,100.0,0.0018567143693974972,0.2042189555207823,0.0,0.0,0.013888888888888888,0.0,0.0,1.0
2.0,7.66928695661767e-05,0.0,0.0,0.0,0.0,0.013888888888888888,0.0,0.0,1.0
3.0,7.329294388356541e-05,0.0,0.0,0.0,0.0,0.013888888888888888,0.0,0.0,1.0
4.0,5.142752796116963e-07,0.0,0.0,0.0,0.0,0.013888888888888888,0.0,0.0,0.0
1.0,100.0,0.0017174735670438736,0.2300311759380886,0.0,0.0,0.013888888888888888,0.0,0.0,1.0
2.0,3.1549654637435603e-06,0.0,0.0,0.0,0.0,0.013888888888888888,0.0,0.0,1.0
3.0,3.53303902803567e-06,0.0,0.0,0.0,0.0,0.013888888888888888,0.0,0.0,1.0
4.0,9.840459418101213e-08,0.0,0.0,0.0,0.0,0.013888888888888888,0.0,0.0,0.0
1.0,100.0,0.0017499185721225785,0.20500570274756777,0.0,0.0,0.013888888888888888,0.0,0.0,1.0
2.0,6.283032585201496e-06,0.0,0.0,0.0,0.0,0.013888888888888888,0.0,0.0,1.0
3.0,6.53082838503233e-06,0.0,0.0,0.0,0.0,0.013888888888888888,0.0,0.0,1.0
4.0,1.1375648177515928e-07,0.0,0.0,0.0,0.0,0.013888888888888888,0.0,0.0,0.0
1.0,100.0,0.0017503661020963933,0.2050195470907112,0.0,0.0,0.013888888888888888,0.0,0.0,1.0
2.0,6.3562871933056485e-06,0.0,0.0,0.0,0.0,0.013888888888888888,0.0,0.0,1.0
3.0,6.507120456734043e-06,0.0,0.0,0.0,0.0,0.013888888888888888,0.0,0.0,1.0
4.0,1.1229410563461708e-07,0.0,0.0,0.0,0.0,0.013888888888888888,0.0,0.0,0.0
1.0,100.0,0.0017508107701376884,0.20503356425418057,0.0,0.0,0.013888888888888888,0.0,0.0,1.0
2.0,6.392196016872641e-06,0.0,0.0,0.0,0.0,0.013888888888888888,0.0,0.0,1.0
3.0,6.469430765303681e-06,0.0,0.0,0.0,0.0,0.013888888888888888,0.0,0.0,1.0
4.0,1.1114847949252388e-07,0.0,0.0,0.0,0.0,0.013888888888888888,0.0,0.0,0.0
1.0,100.0,0.0017512516735616905,0.20504611159723116,0.0,0.0,0.013888888888888888,0.0,0.0,1.0
2.0,6.409112510631165e-06,0.0,0.0,0.0,0.0,0.013888888888888888,0.0,0.0,1.0
3.0,6.428576484113545e-06,0.0,0.0,0.0,0.0,0.013888888888888888,0.0,0.0,1.0
4.0,1.0998839580501632e-07,0.0,0.0,0.0,0.0,0.013888888888888888,0.0,0.0,0.0
1.0,100.0,0.001751688974464414,0.20505728197073048,0.0,0.0,0.013888888888888888,0.0,0.0,1.0
2.0,6.414116431782222e-06,0.0,0.0,0.0,0.0,0.013888888888888888,0.0,0.0,1.0
3.0,6.386945264892237e-06,0.0,0.0,0.0,0.0,0.013888888888888888,0.0,0.0,1.0
4.0,1.0877917919706661e-07,0.0,0.0,0.0,0.0,0.013888888888888888,0.0,0.0,0.0
1.0,100.0,0.0017521228217715473,0.2050671614978117,0.0,0.0,0.013888888888888888,0.0,0.0,1.0
2.0,6.4116273365685825e-06,0.0,0.0,0.0,0.0,0.013888888888888888,0.0,0.0,1.0
3.0,6.3458612866990614e-06,0.0,0.0,0.0,0.0,0.013888888888888888,0.0,0.0,1.0
4.0,1.0755269932543475e-07,0.0,0.0,0.0,0.0,0.013888888888888888,0.0,0.0,0.0
1.0,100.0,0.001752553352696836,0.20507582945544517,0.0,0.0,0.013888888888888888,0.0,0.0,1.0
2.0,6.404520877069879e-06,0.0,0.0,0.0,0.0,0.013888888888888888,0.0,0.0,1.0
3.0,6.306087591943982e-06,0.0,0.0,0.0,0.0,0.013888888888888888,0.0,0.0,1.0
4.0,1.0633172330593772e-07,0.0,0.0,0.0,0.0,0.013888888888888888,0.0,0.0,0.0
1.0,100.0,0.0017529806939932926,0.20508335869637803,0.0,0.0,0.013888888888888888,0.0,0.0,1.0
2.0,6.394696835797404e-06,0.0,0.0,0.0,0.0,0.013888888888888888,0.0,0.0,1.0
3.0,6.2680732946115325e-06,0.0,0.0,0.0,0.0,0.013888888888888888,0.0,0.0,1.0
4.0,1.051426768508045e-07,0.0,0.0,0.0,0.0,0.013888888888888888,0.0,0.0,0.0
1.0,100.0,0.0017534049630384704,0.20508981618489647,0.0,0.0,0.013888888888888888,0.0,0.0,1.0
2.0,6.383415036281559e-06,0.0,0.0,0.0,0.0,0.013888888888888888,0.0,0.0,1.0
3.0,6.232056347153383e-06,0.0,0.0,0.0,0.0,0.013888888888888888,0.0,0.0,1.0
4.0,1.0399639683191981e-07,0.0,0.0,0.0,0.0,0.013888888888888888,0.0,0.0,0.0
1.0,100.0,0.0017538262687891212,0.2050952635263288,0.0,0.0,0.013888888888888888,0.0,0.0,1.0
2.0,6.371506820023465e-06,0.0,0.0,0.0,0.0,0.013888888888888888,0.0,0.0,1.0
3.0,6.198143299201309e-06,0.0,0.0,0.0,0.0,0.013888888888888888,0.0,0.0,1.0
4.0,1.0290099343827559e-07,0.0,0.0,0.0,0.0,0.013888888888888888,0.0,0.0,0.0
1.0,100.0,0.001754244713154448,0.2050997577948751,0.0,0.0,0.013888888888888888,0.0,0.0,1.0
2.0,6.359521639714358e-06,0.0,0.0,0.0,0.0,0.013888888888888888,0.0,0.0,1.0
3.0,6.166359640546147e-06,0.0,0.0,0.0,0.0,0.013888888888888888,0.0,0.0,1.0
4.0,1.0186028548139367e-07,0.0,0.0,0.0,0.0,0.013888888888888888,0.0,0.0,0.0
1.0,100.0,0.0017546603893151607,0.20510335045967087,0.0,0.0,0.013888888888888888,0.0,0.0,1.0
2.0,6.34780992684489e-06,0.0,0.0,0.0,0.0,0.013888888888888888,0.0,0.0,1.0
3.0,6.136670656888644e-06,0.0,0.0,0.0,0.0,0.013888888888888888,0.0,0.0,1.0
4.0,1.0087772573468473e-07,0.0,0.0,0.0,0.0,0.013888888888888888,0.0,0.0,0.0
1.0,100.0,0.0017550733862415197,0.20510609031559524,0.0,0.0,0.013888888888888888,0.0,0.0,1.0
2.0,6.3366041319928966e-06,0.0,0.0,0.0,0.0,0.013888888888888888,0.0,0.0,1.0
3.0,6.109019156305814e-06,0.0,0.0,0.0,0.0,0.013888888888888888,0.0,0.0,1.0
4.0,9.995575733268449e-08,0.0,0.0,0.0,0.0,0.013888888888888888,0.0,0.0,0.0
1.0,100.0,0.001755483786806135,0.20510802219609495,0.0,0.0,0.013888888888888888,0.0,0.0,1.0
2.0,6.326041413691278e-06,0.0,0.0,0.0,0.0,0.013888888888888888,0.0,0.0,1.0
3.0,6.083315374504204e-06,0.0,0.0,0.0,0.0,0.013888888888888888,0.0,0.0,1.0
4.0,9.908744679546666e-08,0.0,0.0,0.0,0.0,0.013888888888888888,0.0,0.0,0.0
1.0,100.0,0.0017558916685935352,0.20510918753701377,0.0,0.0,0.013888888888888888,0.0,0.0,1.0
2.0,6.316205569651413e-06,0.0,0.0,0.0,0.0,0.013888888888888888,0.0,0.0,1.0
3.0,6.059475631265028e-06,0.0,0.0,0.0,0.0,0.013888888888888888,0.0,0.0,1.0
4.0,9.827676479895638e-08,0.0,0.0,0.0,0.0,0.013888888888888888,0.0,0.0,0.0
1.0,100.0,0.0017562971045276764,0.20510962477300593,0.0,0.0,0.013888888888888888,0.0,0.0,1.0
2.0,6.307134057706724e-06,0.0,0.0,0.0,0.0,0.013888888888888888,0.0,0.0,1.0
3.0,6.037394566158872e-06,0.0,0.0,0.0,0.0,0.013888888888888888,0.0,0.0,1.0
4.0,9.752129642841888e-08,0.0,0.0,0.0,0.0,0.013888888888888888,0.0,0.0,0.0
1.0,100.0,0.0017567001632818509,0.20510936959443676,0.0,0.0,0.013888888888888888,0.0,0.0,1.0
2.0,6.298842291789685e-06,0.0,0.0,0.0,0.0,0.013888888888888888,0.0,0.0,1.0
3.0,6.016969772670302e-06,0.0,0.0,0.0,0.0,0.013888888888888888,0.0,0.0,1.0
4.0,9.68173777779333e-08,0.0,0.0,0.0,0.0,0.013888888888888888,0.0,0.0,0.0
1.0,100.0,0.001757100909638798,0.20510845519995155,0.0,0.0,0.013888888888888888,0.0,0.0,1.0
2.0,6.291331240259872e-06,0.0,0.0,0.0,0.0,0.013888888888888888,0.0,0.0,1.0
3.0,5.998096636064512e-06,0.0,0.0,0.0,0.0,0.013888888888888888,0.0,0.0,1.0
4.0,9.616384392974264e-08,0.0,0.0,0.0,0.0,0.013888888888888888,0.0,0.0,0.0
1.0,100.0,0.0017574994048145988,0.20510691252045027,0.0,0.0,0.013888888888888888,0.0,0.0,1.0
2.0,6.28459420321787e-06,0.0,0.0,0.0,0.0,0.013888888888888888,0.0,0.0,1.0
3.0,5.980687791431781e-06,0.0,0.0,0.0,0.0,0.013888888888888888,0.0,0.0,1.0
4.0,9.555845756931574e-08,0.0,0.0,0.0,0.0,0.013888888888888888,0.0,0.0,0.0
1.0,100.0,0.0017578957067518092,0.20510477040326094,0.0,0.0,0.013888888888888888,0.0,0.0,1.0
2.0,6.278613191276436e-06,0.0,0.0,0.0,0.0,0.013888888888888888,0.0,0.0,1.0
3.0,5.9646465340036194e-06,0.0,0.0,0.0,0.0,0.013888888888888888,0.0,0.0,1.0
4.0,9.499986496929249e-08,0.0,0.0,0.0,0.0,0.013888888888888888,0.0,0.0,0.0
1.0,100.0,0.001758289870382739,0.2051020557937813,0.0,0.0,0.013888888888888888,0.0,0.0,1.0
2.0,6.273364705502964e-06,0.0,0.0,0.0,0.0,0.013888888888888888,0.0,0.0,1.0
3.0,5.949891438259752e-06,0.0,0.0,0.0,0.0,0.013888888888888888,0.0,0.0,1.0
4.0,9.448449173395853e-08,0.0,0.0,0.0,0.0,0.013888888888888888,0.0,0.0,0.0
1.0,100.0,0.0017586819478625192,0.20509879388736213,0.0,0.0,0.013888888888888888,0.0,0.0,1.0
2.0,6.268817579842992e-06,0.0,0.0,0.0,0.0,0.013888888888888888,0.0,0.0,1.0
3.0,5.936330463324699e-06,0.0,0.0,0.0,0.0,0.013888888888888888,0.0,0.0,1.0
4.0,9.401097201808158e-08,0.0,0.0,0.0,0.0,0.013888888888888888,0.0,0.0,0.0
1.0,100.0,0.001759071988786805,0.20509500827305205,0.0,0.0,0.013888888888888888,0.0,0.0,1.0
2.0,6.264945258984594e-06,0.0,0.0,0.0,0.0,0.013888888888888888,0.0,0.0,1.0
3.0,5.923891817523056e-06,0.0,0.0,0.0,0.0,0.013888888888888888,0.0,0.0,1.0
4.0,9.357679190194617e-08,0.0,0.0,0.0,0.0,0.013888888888888888,0.0,0.0,0.0
1.0,100.0,0.001759460040382913,0.2050907210573413,0.0,0.0,0.013888888888888888,0.0,0.0,1.0
2.0,6.261709911669058e-06,0.0,0.0,0.0,0.0,0.013888888888888888,0.0,0.0,1.0
3.0,5.912495263063723e-06,0.0,0.0,0.0,0.0,0.013888888888888888,0.0,0.0,1.0
4.0,9.318107805455191e-08,0.0,0.0,0.0,0.0,0.013888888888888888,0.0,0.0,0.0
1.0,100.0,0.001759846147684127,0.20508595298384336,0.0,0.0,0.013888888888888888,0.0,0.0,1.0
2.0,6.259081219287779e-06,0.0,0.0,0.0,0.0,0.013888888888888888,0.0,0.0,1.0
3.0,5.90207788198704e-06,0.0,0.0,0.0,0.0,0.013888888888888888,0.0,0.0,1.0
4.0,9.282131696051664e-08,0.0,0.0,0.0,0.0,0.013888888888888888,0.0,0.0,0.0
1.0,100.0,0.0017602303536926641,0.20508072353685164,0.0,0.0,0.013888888888888888,0.0,0.0,1.0
2.0,6.257017335039936e-06,0.0,0.0,0.0,0.0,0.013888888888888888,0.0,0.0,1.0
3.0,5.892560991019722e-06,0.0,0.0,0.0,0.0,0.013888888888888888,0.0,0.0,1.0
4.0,9.249498271109877e-08,0.0,0.0,0.0,0.0,0.013888888888888888,0.0,0.0,0.0
1.0,100.0,0.0017606126995201657,0.205075051028214,0.0,0.0,0.013888888888888888,0.0,0.0,1.0
2.0,6.255487154455237e-06,0.0,0.0,0.0,0.0,0.013888888888888888,0.0,0.0,1.0
3.0,5.883885105524583e-06,0.0,0.0,0.0,0.0,0.013888888888888888,0.0,0.0,1.0
4.0,9.22022623799467e-08,0.0,0.0,0.0,0.0,0.013888888888888888,0.0,0.0,0.0
1.0,100.0,0.00176099322452322,0.20506895269566638,0.0,0.0,0.013888888888888888,0.0,0.0,1.0
2.0,6.254457949461691e-06,0.0,0.0,0.0,0.0,0.013888888888888888,0.0,0.0,1.0
3.0,5.875992576424821e-06,0.0,0.0,0.0,0.0,0.013888888888888888,0.0,0.0,1.0
4.0,9.194156405406274e-08,0.0,0.0,0.0,0.0,0.013888888888888888,0.0,0.0,0.0
1.0,100.0,0.0017613719664208564,0.20506244477884375,0.0,0.0,0.013888888888888888,0.0,0.0,1.0
2.0,6.25389400567037e-06,0.0,0.0,0.0,0.0,0.013888888888888888,0.0,0.0,1.0
3.0,5.868823590191263e-06,0.0,0.0,0.0,0.0,0.013888888888888888,0.0,0.0,1.0
4.0,9.170873468568555e-08,0.0,0.0,0.0,0.0,0.013888888888888888,0.0,0.0,0.0
1.0,100.0,0.0017617489614081831,0.20505554259048372,0.0,0.0,0.013888888888888888,0.0,0.0,1.0
2.0,6.25376199725692e-06,0.0,0.0,0.0,0.0,0.013888888888888888,0.0,0.0,1.0
3.0,5.8623244581349935e-06,0.0,0.0,0.0,0.0,0.013888888888888888,0.0,0.0,1.0
4.0,9.150624543822729e-08,0.0,0.0,0.0,0.0,0.013888888888888888,0.0,0.0,0.0
1.0,100.0,0.0017621242442531597,0.2050482605819495,0.0,0.0,0.013888888888888888,0.0,0.0,1.0
2.0,6.2540304315052904e-06,0.0,0.0,0.0,0.0,0.013888888888888888,0.0,0.0,1.0
3.0,5.856442228396388e-06,0.0,0.0,0.0,0.0,0.013888888888888888,0.0,0.0,1.0
4.0,9.132754635730877e-08,0.0,0.0,0.0,0.0,0.013888888888888888,0.0,0.0,0.0
1.0,100.0,0.0017624978483931487,0.2050406124039629,0.0,0.0,0.013888888888888888,0.0,0.0,1.0
2.0,6.254669471910607e-06,0.0,0.0,0.0,0.0,0.013888888888888888,0.0,0.0,1.0
3.0,5.851137718732019e-06,0.0,0.0,0.0,0.0,0.013888888888888888,0.0,0.0,1.0
4.0,9.11750078734053e-08,0.0,0.0,0.0,0.0,0.013888888888888888,0.0,0.0,0.0
1.0,100.0,0.0017628698060171593,0.20503261096195538,0.0,0.0,0.013888888888888888,0.0,0.0,1.0
2.0,6.255643809610699e-06,0.0,0.0,0.0,0.0,0.013888888888888888,0.0,0.0,1.0
3.0,5.846354895167346e-06,0.0,0.0,0.0,0.0,0.013888888888888888,0.0,0.0,1.0
4.0,9.104957467356513e-08,0.0,0.0,0.0,0.0,0.013888888888888888,0.0,0.0,0.0
1.0,100.0,0.0017632401481444235,0.20502426846592206,0.0,0.0,0.013888888888888888,0.0,0.0,1.0
2.0,6.256930048943554e-06,0.0,0.0,0.0,0.0,0.013888888888888888,0.0,0.0,1.0
3.0,5.842057447728988e-06,0.0,0.0,0.0,0.0,0.013888888888888888,0.0,0.0,1.0
4.0,9.09426030122992e-08,0.0,0.0,0.0,0.0,0.013888888888888888,0.0,0.0,0.0
1.0,100.0,0.0017636089046979828,0.20501559648080045,0.0,0.0,0.013888888888888888,0.0,0.0,1.0
2.0,6.2584930007475755e-06,0.0,0.0,0.0,0.0,0.013888888888888888,0.0,0.0,1.0
3.0,5.838200553995273e-06,0.0,0.0,0.0,0.0,0.013888888888888888,0.0,0.0,1.0
4.0,9.085833075754716e-08,0.0,0.0,0.0,0.0,0.013888888888888888,0.0,0.0,0.0
1.0,100.0,0.0017639576061334683,0.20499444041082085,0.0,0.0,0.013888888888888888,0.0,0.0,1.0
2.0,2.831300540705147e-06,0.0,0.0,0.0,0.0,0.013888888888888888,0.0,0.0,1.0
3.0,2.5511567945760866e-06,0.0,0.0,0.0,0.0,0.013888888888888888,0.0,0.0,1.0
4.0,4.704140519901956e-08,0.0,0.0,0.0,0.0,0.013888888888888888,0.0,0.0,0.0
1.0,100.0,0.0017651005035358748,0.20499324233207353,0.0,0.0,0.013888888888888888,0.0,0.0,1.0
2.0,2.6747814263902225e-06,0.0,0.0,0.0,0.0,0.013888888888888888,0.0,0.0,1.0
3.0,2.4177832034410277e-06,0.0,0.0,0.0,0.0,0.013888888888888888,0.0,0.0,1.0
4.0,4.551441847292058e-08,0.0,0.0,0.0,0.0,0.013888888888888888,0.0,0.0,0.0
1.0,100.0,0.0017650910038140238,0.20499203633612192,0.0,0.0,0.013888888888888888,0.0,0.0,1.0
2.0,2.6452382548607483e-06,0.0,0.0,0.0,0.0,0.013888888888888888,0.0,0.0,1.0
3.0,2.4069910767589494e-06,0.0,0.0,0.0,0.0,0.013888888888888888,0.0,0.0,1.0
4.0,4.5356360189970804e-08,0.0,0.0,0.0,0.0,0.013888888888888888,0.0,0.0,0.0
1.0,100.0,0.0017650815065643898,0.20499082442826913,0.0,0.0,0.013888888888888888,0.0,0.0,1.0
2.0,2.617942962819645e-06,0.0,0.0,0.0,0.0,0.013888888888888888,0.0,0.0,1.0
3.0,2.395164957022922e-06,0.0,0.0,0.0,0.0,0.013888888888888888,0.0,0.0,1.0
4.0,4.51868179380203e-08,0.0,0.0,0.0,0.0,0.013888888888888888,0.0,0.0,0.0
1.0,100.0,0.001765071998104059,0.20498960754404238,0.0,0.0,0.013888888888888888,0.0,0.0,1.0
2.0,2.591488986132305e-06,0.0,0.0,0.0,0.0,0.013888888888888888,0.0,0.0,1.0
3.0,2.381764212622523e-06,0.0,0.0,0.0,0.0,0.013888888888888888,0.0,0.0,1.0
4.0,4.499894166257754e-08,0.0,0.0,0.0,0.0,0.013888888888888888,0.0,0.0,0.0
1.0,100.0,0.0017650624784182802,0.20498838627763552,0.0,0.0,0.013888888888888888,0.0,0.0,1.0
2.0,2.5653650330781245e-06,0.0,0.0,0.0,0.0,0.013888888888888888,0.0,0.0,1.0
3.0,2.3668582393258e-06,0.0,0.0,0.0,0.0,0.013888888888888888,0.0,0.0,1.0
4.0,4.479536838199113e-08,0.0,0.0,0.0,0.0,0.013888888888888888,0.0,0.0,0.0
1.0,100.0,0.0017650529474910275,0.20498716105254045,0.0,0.0,0.013888888888888888,0.0,0.0,1.0
2.0,2.5392941611997425e-06,0.0,0.0,0.0,0.0,0.013888888888888888,0.0,0.0,1.0
3.0,2.350571772486563e-06,0.0,0.0,0.0,0.0,0.013888888888888888,0.0,0.0,1.0
4.0,4.4569563632378755e-08,0.0,0.0,0.0,0.0,0.013888888888888888,0.0,0.0,0.0
1.0,100.0,0.0017650434053018242,0.20498593218549327,0.0,0.0,0.013888888888888888,0.0,0.0,1.0
2.0,2.513138180531095e-06,0.0,0.0,0.0,0.0,0.013888888888888888,0.0,0.0,1.0
3.0,2.3330540152415165e-06,0.0,0.0,0.0,0.0,0.013888888888888888,0.0,0.0,1.0
4.0,4.432447983368837e-08,0.0,0.0,0.0,0.0,0.013888888888888888,0.0,0.0,0.0
1.0,100.0,0.0017650338518305695,0.2049846999210497,0.0,0.0,0.013888888888888888,0.0,0.0,1.0
2.0,2.486841446773776e-06,0.0,0.0,0.0,0.0,0.013888888888888888,0.0,0.0,1.0
3.0,2.314458011923158e-06,0.0,0.0,0.0,0.0,0.013888888888888888,0.0,0.0,1.0
4.0,4.405891890234778e-08,0.0,0.0,0.0,0.0,0.013888888888888888,0.0,0.0,0.0
1.0,100.0,0.0017650242870564294,0.20498346445126148,0.0,0.0,0.013888888888888888,0.0,0.0,1.0
2.0,2.460397200708656e-06,0.0,0.0,0.0,0.0,0.013888888888888888,0.0,0.0,1.0
3.0,2.2949350596932584e-06,0.0,0.0,0.0,0.0,0.013888888888888888,0.0,0.0,1.0
4.0,4.3772275686652164e-08,0.0,0.0,0.0,0.0,0.013888888888888888,0.0,0.0,0.0
1.0,100.0,0.001765014710957564,0.2049822259309935,0.0,0.0,0.013888888888888888,0.0,0.0,1.0
2.0,2.4338172272070278e-06,0.0,0.0,0.0,0.0,0.013888888888888888,0.0,0.0,1.0
3.0,2.274617767032067e-06,0.0,0.0,0.0,0.0,0.013888888888888888,0.0,0.0,1.0
4.0,4.3471526605931406e-08,0.0,0.0,0.0,0.0,0.013888888888888888,0.0,0.0,0.0
1.0,100.0,0.0017650051235120225,0.20498098448631205,0.0,0.0,0.013888888888888888,0.0,0.0,1.0
2.0,2.407136824718297e-06,0.0,0.0,0.0,0.0,0.013888888888888888,0.0,0.0,1.0
3.0,2.253629970006338e-06,0.0,0.0,0.0,0.0,0.013888888888888888,0.0,0.0,1.0
4.0,4.315403534175763e-08,0.0,0.0,0.0,0.0,0.013888888888888888,0.0,0.0,0.0
1.0,100.0,0.0017649955246984387,0.2049797402221925,0.0,0.0,0.013888888888888888,0.0,0.0,1.0
2.0,2.380399174719575e-06,0.0,0.0,0.0,0.0,0.013888888888888888,0.0,0.0,1.0
3.0,2.232097682403822e-06,0.0,0.0,0.0,0.0,0.013888888888888888,0.0,0.0,1.0
4.0,4.282425511951177e-08,0.0,0.0,0.0,0.0,0.013888888888888888,0.0,0.0,0.0
1.0,100.0,0.001764985914493804,0.20497849322673053,0.0,0.0,0.013888888888888888,0.0,0.0,1.0
2.0,2.3536393083038604e-06,0.0,0.0,0.0,0.0,0.013888888888888888,0.0,0.0,1.0
3.0,2.2101100914740616e-06,0.0,0.0,0.0,0.0,0.013888888888888888,0.0,0.0,1.0
4.0,4.2482690636989884e-08,0.0,0.0,0.0,0.0,0.013888888888888888,0.0,0.0,0.0
1.0,100.0,0.0017649762928776413,0.20497724357527472,0.0,0.0,0.013888888888888888,0.0,0.0,1.0
2.0,2.3269046303759337e-06,0.0,0.0,0.0,0.0,0.013888888888888888,0.0,0.0,1.0
3.0,2.1877667252165736e-06,0.0,0.0,0.0,0.0,0.013888888888888888,0.0,0.0,1.0
4.0,4.212990964148375e-08,0.0,0.0,0.0,0.0,0.013888888888888888,0.0,0.0,0.0
1.0,100.0,0.00176496665982622,0.20497599133214967,0.0,0.0,0.013888888888888888,0.0,0.0,1.0
2.0,2.3002310527734427e-06,0.0,0.0,0.0,0.0,0.013888888888888888,0.0,0.0,1.0
3.0,2.165150444664514e-06,0.0,0.0,0.0,0.0,0.013888888888888888,0.0,0.0,1.0
4.0,4.1770516464349684e-08,0.0,0.0,0.0,0.0,0.013888888888888888,0.0,0.0,0.0
1.0,100.0,0.0017649570153186384,0.20497473655405246,0.0,0.0,0.013888888888888888,0.0,0.0,1.0
2.0,2.2736522032265587e-06,0.0,0.0,0.0,0.0,0.013888888888888888,0.0,0.0,1.0
3.0,2.142325666057117e-06,0.0,0.0,0.0,0.0,0.013888888888888888,0.0,0.0,1.0
4.0,4.1402808136613214e-08,0.0,0.0,0.0,0.0,0.013888888888888888,0.0,0.0,0.0
1.0,100.0,0.0017649473593334135,0.20497347928972662,0.0,0.0,0.013888888888888888,0.0,0.0,1.0
2.0,2.2472043324215496e-06,0.0,0.0,0.0,0.0,0.013888888888888888,0.0,0.0,1.0
3.0,2.1193641198658624e-06,0.0,0.0,0.0,0.0,0.013888888888888888,0.0,0.0,1.0
4.0,4.102902998613476e-08,0.0,0.0,0.0,0.0,0.013888888888888888,0.0,0.0,0.0
1.0,100.0,0.001764937691848112,0.20497221958004438,0.0,0.0,0.013888888888888888,0.0,0.0,1.0
2.0,2.2209121483043608e-06,0.0,0.0,0.0,0.0,0.013888888888888888,0.0,0.0,1.0
3.0,2.096316822053545e-06,0.0,0.0,0.0,0.0,0.013888888888888888,0.0,0.0,1.0
4.0,4.065152818245171e-08,0.0,0.0,0.0,0.0,0.013888888888888888,0.0,0.0,0.0
1.0,100.0,0.0017649280128416147,0.20497095746219493,0.0,0.0,0.013888888888888888,0.0,0.0,1.0
2.0,2.194803284829273e-06,0.0,0.0,0.0,0.0,0.013888888888888888,0.0,0.0,1.0
3.0,2.0732351907963315e-06,0.0,0.0,0.0,0.0,0.013888888888888888,0.0,0.0,1.0
4.0,4.026901598862956e-08,0.0,0.0,0.0,0.0,0.013888888888888888,0.0,0.0,0.0
1.0,100.0,0.001764918322291961,0.20496969296831744,0.0,0.0,0.013888888888888888,0.0,0.0,1.0
2.0,2.1688974917525282e-06,0.0,0.0,0.0,0.0,0.013888888888888888,0.0,0.0,1.0
3.0,2.050160047194032e-06,0.0,0.0,0.0,0.0,0.013888888888888888,0.0,0.0,1.0
4.0,3.988375121760432e-08,0.0,0.0,0.0,0.0,0.013888888888888888,0.0,0.0,0.0
1.0,100.0,0.0017649086201773883,0.20496842612720587,0.0,0.0,0.013888888888888888,0.0,0.0,1.0
2.0,2.1432164989602986e-06,0.0,0.0,0.0,0.0,0.013888888888888888,0.0,0.0,1.0
3.0,2.027133422255403e-06,0.0,0.0,0.0,0.0,0.013888888888888888,0.0,0.0,1.0
4.0,3.9496465343679116e-08,0.0,0.0,0.0,0.0,0.013888888888888888,0.0,0.0,0.0
1.0,100.0,0.0017648989064763185,0.20496715696358953,0.0,0.0,0.013888888888888888,0.0,0.0,1.0
2.0,2.117773105538236e-06,0.0,0.0,0.0,0.0,0.013888888888888888,0.0,0.0,1.0
3.0,2.004185350320815e-06,0.0,0.0,0.0,0.0,0.013888888888888888,0.0,0.0,1.0
4.0,3.9110387340618516e-08,0.0,0.0,0.0,0.0,0.013888888888888888,0.0,0.0,0.0
1.0,100.0,0.0017648891811678758,0.20496588549914008,0.0,0.0,0.013888888888888888,0.0,0.0,1.0
2.0,2.092584449659775e-06,0.0,0.0,0.0,0.0,0.013888888888888888,0.0,0.0,1.0
3.0,1.9813451209017116e-06,0.0,0.0,0.0,0.0,0.013888888888888888,0.0,0.0,1.0
4.0,3.872225006701628e-08,0.0,0.0,0.0,0.0,0.013888888888888888,0.0,0.0,0.0
1.0,100.0,0.0017648794442298578,0.2049646117530468,0.0,0.0,0.013888888888888888,0.0,0.0,1.0
2.0,2.067661728396925e-06,0.0,0.0,0.0,0.0,0.013888888888888888,0.0,0.0,1.0
3.0,1.958639790336066e-06,0.0,0.0,0.0,0.0,0.013888888888888888,0.0,0.0,1.0
4.0,3.8334134624121306e-08,0.0,0.0,0.0,0.0,0.013888888888888888,0.0,0.0,0.0
1.0,100.0,0.0017648696956408974,0.20496333574173156,0.0,0.0,0.013888888888888888,0.0,0.0,1.0
2.0,2.043012342227862e-06,0.0,0.0,0.0,0.0,0.013888888888888888,0.0,0.0,1.0
3.0,1.9360881274294557e-06,0.0,0.0,0.0,0.0,0.013888888888888888,0.0,0.0,1.0
4.0,3.794703729969184e-08,0.0,0.0,0.0,0.0,0.013888888888888888,0.0,0.0,0.0
1.0,100.0,0.0017648599353796875,0.20496205747981955,0.0,0.0,0.013888888888888888,0.0,0.0,1.0
2.0,2.018646946049451e-06,0.0,0.0,0.0,0.0,0.013888888888888888,0.0,0.0,1.0
3.0,1.9137124577230377e-06,0.0,0.0,0.0,0.0,0.013888888888888888,0.0,0.0,1.0
4.0,3.7560465979245195e-08,0.0,0.0,0.0,0.0,0.013888888888888888,0.0,0.0,0.0
1.0,100.0,0.0017648501634245936,0.2049607769793703,0.0,0.0,0.013888888888888888,0.0,0.0,1.0
2.0,1.994569484567844e-06,0.0,0.0,0.0,0.0,0.013888888888888888,0.0,0.0,1.0
3.0,1.8915259996418257e-06,0.0,0.0,0.0,0.0,0.013888888888888888,0.0,0.0,1.0
4.0,3.717664042337817e-08,0.0,0.0,0.0,0.0,0.013888888888888888,0.0,0.0,0.0
1.0,100.0,0.0017648403797533776,0.20495949425102586,0.0,0.0,0.013888888888888888,0.0,0.0,1.0
2.0,1.9707891624583487e-06,0.0,0.0,0.0,0.0,0.013888888888888888,0.0,0.0,1.0
3.0,1.8695459194837486e-06,0.0,0.0,0.0,0.0,0.013888888888888888,0.0,0.0,1.0
4.0,3.679376933739392e-08,0.0,0.0,0.0,0.0,0.013888888888888888,0.0,0.0,0.0
1.0,100.0,0.0017648305843451502,0.20495820930409547,0.0,0.0,0.013888888888888888,0.0,0.0,1.0
2.0,1.947306708497598e-06,0.0,0.0,0.0,0.0,0.013888888888888888,0.0,0.0,1.0
3.0,1.8477812353107473e-06,0.0,0.0,0.0,0.0,0.013888888888888888,0.0,0.0,1.0
4.0,3.641181470306998e-08,0.0,0.0,0.0,0.0,0.013888888888888888,0.0,0.0,0.0
1.0,100.0,0.0017648207771785351,0.20495692214584732,0.0,0.0,0.013888888888888888,0.0,0.0,1.0
2.0,1.924126534811261e-06,0.0,0.0,0.0,0.0,0.013888888888888888,0.0,0.0,1.0
3.0,1.8262437653429732e-06,0.0,0.0,0.0,0.0,0.013888888888888888,0.0,0.0,1.0
4.0,3.6034963875597105e-08,0.0,0.0,0.0,0.0,0.013888888888888888,0.0,0.0,0.0
1.0,100.0,0.001764810958231545,0.20495563278301981,0.0,0.0,0.013888888888888888,0.0,0.0,1.0
2.0,1.9012515906610095e-06,0.0,0.0,0.0,0.0,0.013888888888888888,0.0,0.0,1.0
3.0,1.8049404213519918e-06,0.0,0.0,0.0,0.0,0.013888888888888888,0.0,0.0,1.0
4.0,3.565963452333962e-08,0.0,0.0,0.0,0.0,0.013888888888888888,0.0,0.0,0.0
1.0,100.0,0.001764801127483054,0.20495434122067202,0.0,0.0,0.013888888888888888,0.0,0.0,1.0
2.0,1.8786824291340186e-06,0.0,0.0,0.0,0.0,0.013888888888888888,0.0,0.0,1.0
3.0,1.783879515259889e-06,0.0,0.0,0.0,0.0,0.013888888888888888,0.0,0.0,1.0
4.0,3.528469131025471e-08,0.0,0.0,0.0,0.0,0.013888888888888888,0.0,0.0,0.0
1.0,100.0,0.001764791284910921,0.2049530474632634,0.0,0.0,0.013888888888888888,0.0,0.0,1.0
2.0,1.8564214703386775e-06,0.0,0.0,0.0,0.0,0.013888888888888888,0.0,0.0,1.0
3.0,1.7630695104270146e-06,0.0,0.0,0.0,0.0,0.013888888888888888,0.0,0.0,1.0
4.0,3.491620084113819e-08,0.0,0.0,0.0,0.0,0.013888888888888888,0.0,0.0,0.0
1.0,100.0,0.0017647814304933376,0.2049517515140475,0.0,0.0,0.013888888888888888,0.0,0.0,1.0
2.0,1.8344660012793186e-06,0.0,0.0,0.0,0.0,0.013888888888888888,0.0,0.0,1.0
3.0,1.7425131441193424e-06,0.0,0.0,0.0,0.0,0.013888888888888888,0.0,0.0,1.0
4.0,3.455109796364978e-08,0.0,0.0,0.0,0.0,0.013888888888888888,0.0,0.0,0.0
1.0,100.0,0.0018363538542319987,0.20495106279509934,0.0,0.0,0.013888888888888888,0.0,0.0,1.0
2.0,6.191209708730053e-05,0.0,0.0,0.0,0.0,0.013888888888888888,0.0,0.0,1.0
3.0,5.89937981233509e-05,0.0,0.0,0.0,0.0,0.013888888888888888,0.0,0.0,1.0
4.0,4.6747579577507225e-07,0.0,0.0,0.0,0.0,0.013888888888888888,0.0,0.0,0.0
1.0,100.0,0.0017146311556722347,0.24630406365637358,0.0,0.0,0.013888888888888888,0.0,0.0,1.0
2.0,1.9641012253449843e-06,0.0,0.0,0.0,0.0,0.013888888888888888,0.0,0.0,1.0
3.0,1.5703930690423914e-06,0.0,0.0,0.0,0.0,0.013888888888888888,0.0,0.0,1.0
4.0,1.7730101920543926e-08,0.0,0.0,0.0,0.0,0.013888888888888888,0.0,0.0,0.0
1.0,100.0,0.0017425353836240738,0.20574559895420477,0.0,0.0,0.013888888888888888,0.0,0.0,1.0
2.0,1.1982509978168433e-06,0.0,0.0,0.0,0.0,0.013888888888888888,0.0,0.0,1.0
3.0,1.632268499537638e-06,0.0,0.0,0.0,0.0,0.013888888888888888,0.0,0.0,1.0
4.0,3.083638009519955e-08,0.0,0.0,0.0,0.0,0.013888888888888888,0.0,0.0,0.0
1.0,100.0,0.0017429521516624273,0.205759538528437,0.0,0.0,0.013888888888888888,0.0,0.0,1.0
2.0,1.374678332548447e-06,0.0,0.0,0.0,0.0,0.013888888888888888,0.0,0.0,1.0
3.0,1.727086776592496e-06,0.0,0.0,0.0,0.0,0.013888888888888888,0.0,0.0,1.0
4.0,3.115227703678864e-08,0.0,0.0,0.0,0.0,0.013888888888888888,0.0,0.0,0.0
1.0,100.0,0.0017433663747235641,0.20577365459794514,0.0,0.0,0.013888888888888888,0.0,0.0,1.0
2.0,1.5181961838872653e-06,0.0,0.0,0.0,0.0,0.013888888888888888,0.0,0.0,1.0
3.0,1.8055641550684667e-06,0.0,0.0,0.0,0.0,0.013888888888888888,0.0,0.0,1.0
4.0,3.1930105060519855e-08,0.0,0.0,0.0,0.0,0.013888888888888888,0.0,0.0,0.0
1.0,100.0,0.001743777288174886,0.20578629112556196,0.0,0.0,0.013888888888888888,0.0,0.0,1.0
2.0,1.6441880582460529e-06,0.0,0.0,0.0,0.0,0.013888888888888888,0.0,0.0,1.0
3.0,1.8778061754630434e-06,0.0,0.0,0.0,0.0,0.013888888888888888,0.0,0.0,1.0
4.0,3.275080784266174e-08,0.0,0.0,0.0,0.0,0.013888888888888888,0.0,0.0,0.0
1.0,100.0,0.0017441850373235979,0.20579754189809066,0.0,0.0,0.013888888888888888,0.0,0.0,1.0
2.0,1.7577121056251208e-06,0.0,0.0,0.0,0.0,0.013888888888888888,0.0,0.0,1.0
3.0,1.9457220017893e-06,0.0,0.0,0.0,0.0,0.013888888888888888,0.0,0.0,1.0
4.0,3.3515034092063684e-08,0.0,0.0,0.0,0.0,0.013888888888888888,0.0,0.0,0.0
1.0,100.0,0.0017445897556306394,0.20580749399358028,0.0,0.0,0.013888888888888888,0.0,0.0,1.0
2.0,1.8618832604648817e-06,0.0,0.0,0.0,0.0,0.013888888888888888,0.0,0.0,1.0
3.0,2.0103595722107754e-06,0.0,0.0,0.0,0.0,0.013888888888888888,0.0,0.0,1.0
4.0,3.4213703699872466e-08,0.0,0.0,0.0,0.0,0.013888888888888888,0.0,0.0,0.0
1.0,100.0,0.00174499156603287,0.20581622755880183,0.0,0.0,0.013888888888888888,0.0,0.0,1.0
2.0,1.95878206193697e-06,0.0,0.0,0.0,0.0,0.013888888888888888,0.0,0.0,1.0
3.0,2.0723932652524318e-06,0.0,0.0,0.0,0.0,0.013888888888888888,0.0,0.0,1.0
4.0,3.485982140916955e-08,0.0,0.0,0.0,0.0,0.013888888888888888,0.0,0.0,0.0
1.0,100.0,0.0017453905820596475,0.20582381617659062,0.0,0.0,0.013888888888888888,0.0,0.0,1.0
2.0,2.0498429484873897e-06,0.0,0.0,0.0,0.0,0.013888888888888888,0.0,0.0,1.0
3.0,2.1322677188476685e-06,0.0,0.0,0.0,0.0,0.013888888888888888,0.0,0.0,1.0
4.0,3.5469544779704045e-08,0.0,0.0,0.0,0.0,0.013888888888888888,0.0,0.0,0.0
1.0,100.0,0.0017457869088181501,0.20583032741242777,0.0,0.0,0.013888888888888888,0.0,0.0,1.0
2.0,2.136084466764871e-06,0.0,0.0,0.0,0.0,0.013888888888888888,0.0,0.0,1.0
3.0,2.1902920899603783e-06,0.0,0.0,0.0,0.0,0.013888888888888888,0.0,0.0,1.0
4.0,3.605317881451339e-08,0.0,0.0,0.0,0.0,0.013888888888888888,0.0,0.0,0.0
1.0,100.0,0.0017461806438558976,0.20583582336368625,0.0,0.0,0.013888888888888888,0.0,0.0,1.0
2.0,2.2182416381941686e-06,0.0,0.0,0.0,0.0,0.013888888888888888,0.0,0.0,1.0
3.0,2.2466909243031723e-06,0.0,0.0,0.0,0.0,0.013888888888888888,0.0,0.0,1.0
4.0,3.662049855236719e-08,0.0,0.0,0.0,0.0,0.013888888888888888,0.0,0.0,0.0
1.0,100.0,0.001746571878442512,0.20584036157066826,0.0,0.0,0.013888888888888888,0.0,0.0,1.0
2.0,2.296845740172073e-06,0.0,0.0,0.0,0.0,0.013888888888888888,0.0,0.0,1.0
3.0,2.3016071227536873e-06,0.0,0.0,0.0,0.0,0.013888888888888888,0.0,0.0,1.0
4.0,3.717666270166884e-08,0.0,0.0,0.0,0.0,0.013888888888888888,0.0,0.0,0.0
1.0,100.0,0.0017469606956324664,0.2058439935841987,0.0,0.0,0.013888888888888888,0.0,0.0,1.0
2.0,2.37230865003416e-06,0.0,0.0,0.0,0.0,0.013888888888888888,0.0,0.0,1.0
3.0,2.3551597960282153e-06,0.0,0.0,0.0,0.0,0.013888888888888888,0.0,0.0,1.0
4.0,3.772637580880687e-08,0.0,0.0,0.0,0.0,0.013888888888888888,0.0,0.0,0.0
1.0,100.0,0.0017473471753926089,0.20584676875791194,0.0,0.0,0.013888888888888888,0.0,0.0,1.0
2.0,2.4449422460969614e-06,0.0,0.0,0.0,0.0,0.013888888888888888,0.0,0.0,1.0
3.0,2.407425082330267e-06,0.0,0.0,0.0,0.0,0.013888888888888888,0.0,0.0,1.0
4.0,3.8273963944852223e-08,0.0,0.0,0.0,0.0,0.013888888888888888,0.0,0.0,0.0
1.0,100.0,0.0017477313916770397,0.2058487320594399,0.0,0.0,0.013888888888888888,0.0,0.0,1.0
2.0,2.5149995764340974e-06,0.0,0.0,0.0,0.0,0.013888888888888888,0.0,0.0,1.0
3.0,2.4584719669104224e-06,0.0,0.0,0.0,0.0,0.013888888888888888,0.0,0.0,1.0
4.0,3.881981811282467e-08,0.0,0.0,0.0,0.0,0.013888888888888888,0.0,0.0,0.0
1.0,100.0,0.001748113413837734,0.20584992512108305,0.0,0.0,0.013888888888888888,0.0,0.0,1.0
2.0,2.5826850763548326e-06,0.0,0.0,0.0,0.0,0.013888888888888888,0.0,0.0,1.0
3.0,2.508350073877928e-06,0.0,0.0,0.0,0.0,0.013888888888888888,0.0,0.0,1.0
4.0,3.936723006577956e-08,0.0,0.0,0.0,0.0,0.013888888888888888,0.0,0.0,0.0
1.0,100.0,0.001748493307044313,0.20585038656250626,0.0,0.0,0.013888888888888888,0.0,0.0,1.0
2.0,2.6481687834949784e-06,0.0,0.0,0.0,0.0,0.013888888888888888,0.0,0.0,1.0
3.0,2.557098835648921e-06,0.0,0.0,0.0,0.0,0.013888888888888888,0.0,0.0,1.0
4.0,3.991395484474141e-08,0.0,0.0,0.0,0.0,0.013888888888888888,0.0,0.0,0.0
1.0,100.0,0.0017488711326456691,0.20585015225952863,0.0,0.0,0.013888888888888888,0.0,0.0,1.0
2.0,2.711595091472684e-06,0.0,0.0,0.0,0.0,0.013888888888888888,0.0,0.0,1.0
3.0,2.6047607483120943e-06,0.0,0.0,0.0,0.0,0.013888888888888888,0.0,0.0,1.0
4.0,4.046172027595841e-08,0.0,0.0,0.0,0.0,0.013888888888888888,0.0,0.0,0.0
1.0,100.0,0.0017492469484999232,0.20584925557674655,0.0,0.0,0.013888888888888888,0.0,0.0,1.0
2.0,2.773084188402299e-06,0.0,0.0,0.0,0.0,0.013888888888888888,0.0,0.0,1.0
3.0,2.651361016140766e-06,0.0,0.0,0.0,0.0,0.013888888888888888,0.0,0.0,1.0
4.0,4.101185056835493e-08,0.0,0.0,0.0,0.0,0.013888888888888888,0.0,0.0,0.0
1.0,100.0,0.0017496208092643289,0.205847727602129,0.0,0.0,0.013888888888888888,0.0,0.0,1.0
2.0,2.8327460313876847e-06,0.0,0.0,0.0,0.0,0.013888888888888888,0.0,0.0,1.0
3.0,2.696928260525318e-06,0.0,0.0,0.0,0.0,0.013888888888888888,0.0,0.0,1.0
4.0,4.156215123424113e-08,0.0,0.0,0.0,0.0,0.013888888888888888,0.0,0.0,0.0
1.0,100.0,0.0017499927666566506,0.205845597329054,0.0,0.0,0.013888888888888888,0.0,0.0,1.0
2.0,2.890676828192829e-06,0.0,0.0,0.0,0.0,0.013888888888888888,0.0,0.0,1.0
3.0,2.7414934478944418e-06,0.0,0.0,0.0,0.0,0.013888888888888888,0.0,0.0,1.0
4.0,4.2112281746612454e-08,0.0,0.0,0.0,0.0,0.013888888888888888,0.0,0.0,0.0
1.0,100.0,0.0017503628696943874,0.2058428918219733,0.0,0.0,0.013888888888888888,0.0,0.0,1.0
2.0,2.9469552668018823e-06,0.0,0.0,0.0,0.0,0.013888888888888888,0.0,0.0,1.0
3.0,2.785068424782744e-06,0.0,0.0,0.0,0.0,0.013888888888888888,0.0,0.0,1.0
4.0,4.2664587848219114e-08,0.0,0.0,0.0,0.0,0.013888888888888888,0.0,0.0,0.0
1.0,100.0,0.0017507311649045429,0.20583963638302252,0.0,0.0,0.013888888888888888,0.0,0.0,1.0
2.0,3.001662606036491e-06,0.0,0.0,0.0,0.0,0.013888888888888888,0.0,0.0,1.0
3.0,2.8276773462146863e-06,0.0,0.0,0.0,0.0,0.013888888888888888,0.0,0.0,1.0
4.0,4.321929649773576e-08,0.0,0.0,0.0,0.0,0.013888888888888888,0.0,0.0,0.0
1.0,100.0,0.001751097696517579,0.20583585470231994,0.0,0.0,0.013888888888888888,0.0,0.0,1.0
2.0,3.054873166489819e-06,0.0,0.0,0.0,0.0,0.013888888888888888,0.0,0.0,1.0
3.0,2.8693384014180405e-06,0.0,0.0,0.0,0.0,0.013888888888888888,0.0,0.0,1.0
4.0,4.3772308933992746e-08,0.0,0.0,0.0,0.0,0.013888888888888888,0.0,0.0,0.0
1.0,100.0,0.001751462506640052,0.20583156898326066,0.0,0.0,0.013888888888888888,0.0,0.0,1.0
2.0,3.1066518841392465e-06,0.0,0.0,0.0,0.0,0.013888888888888888,0.0,0.0,1.0
3.0,2.9100726923865235e-06,0.0,0.0,0.0,0.0,0.013888888888888888,0.0,0.0,1.0
4.0,4.432745902330624e-08,0.0,0.0,0.0,0.0,0.013888888888888888,0.0,0.0,0.0
1.0,100.0,0.0017518256354163316,0.2058268000625635,0.0,0.0,0.013888888888888888,0.0,0.0,1.0
2.0,3.157061360326073e-06,0.0,0.0,0.0,0.0,0.013888888888888888,0.0,0.0,1.0
3.0,2.9499001729734633e-06,0.0,0.0,0.0,0.0,0.013888888888888888,0.0,0.0,1.0
4.0,4.4882602802790614e-08,0.0,0.0,0.0,0.0,0.013888888888888888,0.0,0.0,0.0
1.0,100.0,0.0017521871211635645,0.20582156751228325,0.0,0.0,0.013888888888888888,0.0,0.0,1.0
2.0,3.206154005058932e-06,0.0,0.0,0.0,0.0,0.013888888888888888,0.0,0.0,1.0
3.0,2.9888376563620438e-06,0.0,0.0,0.0,0.0,0.013888888888888888,0.0,0.0,1.0
4.0,4.543673136658836e-08,0.0,0.0,0.0,0.0,0.013888888888888888,0.0,0.0,0.0
1.0,100.0,0.001752547000512214,0.20581588973598627,0.0,0.0,0.013888888888888888,0.0,0.0,1.0
2.0,3.253982050546171e-06,0.0,0.0,0.0,0.0,0.013888888888888888,0.0,0.0,1.0
3.0,3.026905486444174e-06,0.0,0.0,0.0,0.0,0.013888888888888888,0.0,0.0,1.0
4.0,4.599055094460126e-08,0.0,0.0,0.0,0.0,0.013888888888888888,0.0,0.0,0.0
1.0,100.0,0.0017529053085181725,0.20580978405767575,0.0,0.0,0.013888888888888888,0.0,0.0,1.0
2.0,3.3005865291533557e-06,0.0,0.0,0.0,0.0,0.013888888888888888,0.0,0.0,1.0
3.0,3.064112240522015e-06,0.0,0.0,0.0,0.0,0.013888888888888888,0.0,0.0,1.0
4.0,4.654560007958212e-08,0.0,0.0,0.0,0.0,0.013888888888888888,0.0,0.0,0.0
1.0,100.0,0.0017532620787729639,0.2058032667885131,0.0,0.0,0.013888888888888888,0.0,0.0,1.0
2.0,3.346012608677671e-06,0.0,0.0,0.0,0.0,0.013888888888888888,0.0,0.0,1.0
3.0,3.100483129568109e-06,0.0,0.0,0.0,0.0,0.013888888888888888,0.0,0.0,1.0
4.0,4.7098864716730666e-08,0.0,0.0,0.0,0.0,0.013888888888888888,0.0,0.0,0.0
1.0,100.0,0.001753617343503554,0.20579635331234325,0.0,0.0,0.013888888888888888,0.0,0.0,1.0
2.0,3.390297384882467e-06,0.0,0.0,0.0,0.0,0.013888888888888888,0.0,0.0,1.0
3.0,3.136025065549421e-06,0.0,0.0,0.0,0.0,0.013888888888888888,0.0,0.0,1.0
4.0,4.765253917360242e-08,0.0,0.0,0.0,0.0,0.013888888888888888,0.0,0.0,0.0
1.0,100.0,0.0017539711336615408,0.20578905814939236,0.0,0.0,0.013888888888888888,0.0,0.0,1.0
2.0,3.4334809540426553e-06,0.0,0.0,0.0,0.0,0.013888888888888888,0.0,0.0,1.0
3.0,3.1707599293277353e-06,0.0,0.0,0.0,0.0,0.013888888888888888,0.0,0.0,1.0
4.0,4.820455525676e-08,0.0,0.0,0.0,0.0,0.013888888888888888,0.0,0.0,0.0
1.0,100.0,0.0017543234790071119,0.20578139501663686,0.0,0.0,0.013888888888888888,0.0,0.0,1.0
2.0,3.4755921753199115e-06,0.0,0.0,0.0,0.0,0.013888888888888888,0.0,0.0,1.0
3.0,3.204696738290686e-06,0.0,0.0,0.0,0.0,0.013888888888888888,0.0,0.0,1.0
4.0,4.87552030321269e-08,0.0,0.0,0.0,0.0,0.013888888888888888,0.0,0.0,0.0
1.0,100.0,0.0017546744081877157,0.20577337688162572,0.0,0.0,0.013888888888888888,0.0,0.0,1.0
2.0,3.5166646109945855e-06,0.0,0.0,0.0,0.0,0.013888888888888888,0.0,0.0,1.0
3.0,3.237850209652726e-06,0.0,0.0,0.0,0.0,0.013888888888888888,0.0,0.0,1.0
4.0,4.930339799448974e-08,0.0,0.0,0.0,0.0,0.013888888888888888,0.0,0.0,0.0
1.0,100.0,0.0017550239488042182,0.2057650160140803,0.0,0.0,0.013888888888888888,0.0,0.0,1.0
2.0,3.5567269927125426e-06,0.0,0.0,0.0,0.0,0.013888888888888888,0.0,0.0,1.0
3.0,3.2702352998989564e-06,0.0,0.0,0.0,0.0,0.013888888888888888,0.0,0.0,1.0
4.0,4.985282247478298e-08,0.0,0.0,0.0,0.0,0.013888888888888888,0.0,0.0,0.0
1.0,100.0,0.0017553721274786616,0.2057563240493985,0.0,0.0,0.013888888888888888,0.0,0.0,1.0
2.0,3.595808946811869e-06,0.0,0.0,0.0,0.0,0.013888888888888888,0.0,0.0,1.0
3.0,3.3018692729086872e-06,0.0,0.0,0.0,0.0,0.013888888888888888,0.0,0.0,1.0
4.0,5.0399428459099525e-08,0.0,0.0,0.0,0.0,0.013888888888888888,0.0,0.0,0.0
1.0,100.0,0.0017557029913252205,0.20573509744056884,0.0,0.0,0.013888888888888888,0.0,0.0,1.0
2.0,1.2601994385544818e-06,0.0,0.0,0.0,0.0,0.013888888888888888,0.0,0.0,1.0
3.0,1.0714095869017876e-06,0.0,0.0,0.0,0.0,0.013888888888888888,0.0,0.0,1.0
4.0,2.1609675849953376e-08,0.0,0.0,0.0,0.0,0.013888888888888888,0.0,0.0,0.0
1.0,100.0,0.001756743034394603,0.2057338955311773,0.0,0.0,0.013888888888888888,0.0,0.0,1.0
2.0,1.1503078277995112e-06,0.0,0.0,0.0,0.0,0.013888888888888888,0.0,0.0,1.0
3.0,9.799136710371283e-07,0.0,0.0,0.0,0.0,0.013888888888888888,0.0,0.0,1.0
4.0,2.070584095008451e-08,0.0,0.0,0.0,0.0,0.013888888888888888,0.0,0.0,0.0
1.0,100.0,0.001756738052448823,0.2057326861930158,0.0,0.0,0.013888888888888888,0.0,0.0,1.0
2.0,1.131774027397116e-06,0.0,0.0,0.0,0.0,0.013888888888888888,0.0,0.0,1.0
3.0,9.764681075998996e-07,0.0,0.0,0.0,0.0,0.013888888888888888,0.0,0.0,1.0
4.0,2.0628889643157487e-08,0.0,0.0,0.0,0.0,0.013888888888888888,0.0,0.0,0.0
1.0,100.0,0.0017567330746221345,0.2057314714651475,0.0,0.0,0.013888888888888888,0.0,0.0,1.0
2.0,1.116131043356186e-06,0.0,0.0,0.0,0.0,0.013888888888888888,0.0,0.0,1.0
3.0,9.734587771311242e-07,0.0,0.0,0.0,0.0,0.013888888888888888,0.0,0.0,1.0
4.0,2.0541447693339585e-08,0.0,0.0,0.0,0.0,0.013888888888888888,0.0,0.0,0.0
1.0,100.0,0.0017567280892861732,0.20573025219657406,0.0,0.0,0.013888888888888888,0.0,0.0,1.0
2.0,1.1022052645638767e-06,0.0,0.0,0.0,0.0,0.013888888888888888,0.0,0.0,1.0
3.0,9.70315537862679e-07,0.0,0.0,0.0,0.0,0.013888888888888888,0.0,0.0,1.0
4.0,2.045736132617286e-08,0.0,0.0,0.0,0.0,0.013888888888888888,0.0,0.0,0.0
1.0,100.0,0.0017567230964295705,0.2057290288695827,0.0,0.0,0.013888888888888888,0.0,0.0,1.0
2.0,1.089490596183411e-06,0.0,0.0,0.0,0.0,0.013888888888888888,0.0,0.0,1.0
3.0,9.669274840484447e-07,0.0,0.0,0.0,0.0,0.013888888888888888,0.0,0.0,1.0
4.0,2.0378383326360946e-08,0.0,0.0,0.0,0.0,0.013888888888888888,0.0,0.0,0.0
1.0,100.0,0.001756718096040292,0.20572780180505607,0.0,0.0,0.013888888888888888,0.0,0.0,1.0
2.0,1.0776700536826778e-06,0.0,0.0,0.0,0.0,0.013888888888888888,0.0,0.0,1.0
3.0,9.632599780147223e-07,0.0,0.0,0.0,0.0,0.013888888888888888,0.0,0.0,1.0
4.0,2.029968392418555e-08,0.0,0.0,0.0,0.0,0.013888888888888888,0.0,0.0,0.0
1.0,100.0,0.0017567130881044547,0.20572657123820487,0.0,0.0,0.013888888888888888,0.0,0.0,1.0
2.0,1.0665277907790665e-06,0.0,0.0,0.0,0.0,0.013888888888888888,0.0,0.0,1.0
3.0,9.593055700020335e-07,0.0,0.0,0.0,0.0,0.013888888888888888,0.0,0.0,1.0
4.0,2.0222007111102678e-08,0.0,0.0,0.0,0.0,0.013888888888888888,0.0,0.0,0.0
1.0,100.0,0.0017567080726070064,0.20572533735282397,0.0,0.0,0.013888888888888888,0.0,0.0,1.0
2.0,1.055916374283725e-06,0.0,0.0,0.0,0.0,0.013888888888888888,0.0,0.0,1.0
3.0,9.55072257653995e-07,0.0,0.0,0.0,0.0,0.013888888888888888,0.0,0.0,1.0
4.0,2.0141204142116267e-08,0.0,0.0,0.0,0.0,0.013888888888888888,0.0,0.0,0.0
1.0,100.0,0.001756703049532694,0.20572410029875635,0.0,0.0,0.013888888888888888,0.0,0.0,1.0
2.0,1.0457313104814428e-06,0.0,0.0,0.0,0.0,0.013888888888888888,0.0,0.0,1.0
3.0,9.505730572170049e-07,0.0,0.0,0.0,0.0,0.013888888888888888,0.0,0.0,1.0
4.0,2.005842256047834e-08,0.0,0.0,0.0,0.0,0.013888888888888888,0.0,0.0,0.0
1.0,100.0,0.0017566980188647478,0.20572286020069586,0.0,0.0,0.013888888888888888,0.0,0.0,1.0
2.0,1.0359002375409868e-06,0.0,0.0,0.0,0.0,0.013888888888888888,0.0,0.0,1.0
3.0,9.45832182371739e-07,0.0,0.0,0.0,0.0,0.013888888888888888,0.0,0.0,1.0
4.0,1.997174565568207e-08,0.0,0.0,0.0,0.0,0.013888888888888888,0.0,0.0,0.0
1.0,100.0,0.001756692980588077,0.20572161716498968,0.0,0.0,0.013888888888888888,0.0,0.0,1.0
2.0,1.0263688395765073e-06,0.0,0.0,0.0,0.0,0.013888888888888888,0.0,0.0,1.0
3.0,9.408735941820998e-07,0.0,0.0,0.0,0.0,0.013888888888888888,0.0,0.0,1.0
4.0,1.9882661438129583e-08,0.0,0.0,0.0,0.0,0.013888888888888888,0.0,0.0,0.0
1.0,100.0,0.0017566879346860753,0.20572037128322943,0.0,0.0,0.013888888888888888,0.0,0.0,1.0
2.0,1.017096256299795e-06,0.0,0.0,0.0,0.0,0.013888888888888888,0.0,0.0,1.0
3.0,9.357189456917031e-07,0.0,0.0,0.0,0.0,0.013888888888888888,0.0,0.0,1.0
4.0,1.9789934149840783e-08,0.0,0.0,0.0,0.0,0.013888888888888888,0.0,0.0,0.0
1.0,100.0,0.0017566828811410953,0.20571912263530898,0.0,0.0,0.013888888888888888,0.0,0.0,1.0
2.0,1.0080502279671116e-06,0.0,0.0,0.0,0.0,0.013888888888888888,0.0,0.0,1.0
3.0,9.303906461790085e-07,0.0,0.0,0.0,0.0,0.013888888888888888,0.0,0.0,1.0
4.0,1.9694837417854018e-08,0.0,0.0,0.0,0.0,0.013888888888888888,0.0,0.0,0.0
1.0,100.0,0.0017566778199382168,0.20571787129228927,0.0,0.0,0.013888888888888888,0.0,0.0,1.0
2.0,9.992064142917104e-07,0.0,0.0,0.0,0.0,0.013888888888888888,0.0,0.0,1.0
3.0,9.249079899303787e-07,0.0,0.0,0.0,0.0,0.013888888888888888,0.0,0.0,1.0
4.0,1.9595151922274053e-08,0.0,0.0,0.0,0.0,0.013888888888888888,0.0,0.0,0.0
1.0,100.0,0.0017566727510608493,0.20571661731396051,0.0,0.0,0.013888888888888888,0.0,0.0,1.0
2.0,9.905477764223867e-07,0.0,0.0,0.0,0.0,0.013888888888888888,0.0,0.0,1.0
3.0,9.192943565026715e-07,0.0,0.0,0.0,0.0,0.013888888888888888,0.0,0.0,1.0
4.0,1.949346270918368e-08,0.0,0.0,0.0,0.0,0.013888888888888888,0.0,0.0,0.0
1.0,100.0,0.0017566676744923048,0.20571536075378022,0.0,0.0,0.013888888888888888,0.0,0.0,1.0
2.0,9.82053051491707e-07,0.0,0.0,0.0,0.0,0.013888888888888888,0.0,0.0,1.0
3.0,9.135624698482004e-07,0.0,0.0,0.0,0.0,0.013888888888888888,0.0,0.0,1.0
4.0,1.938889971326425e-08,0.0,0.0,0.0,0.0,0.013888888888888888,0.0,0.0,0.0
1.0,100.0,0.0017566625902160156,0.20571410165930995,0.0,0.0,0.013888888888888888,0.0,0.0,1.0
2.0,9.737135992727255e-07,0.0,0.0,0.0,0.0,0.013888888888888888,0.0,0.0,1.0
3.0,9.077330735008904e-07,0.0,0.0,0.0,0.0,0.013888888888888888,0.0,0.0,1.0
4.0,1.9281412512254826e-08,0.0,0.0,0.0,0.0,0.013888888888888888,0.0,0.0,0.0
1.0,100.0,0.0017566574982156033,0.205712840073134,0.0,0.0,0.013888888888888888,0.0,0.0,1.0
2.0,9.655147396390441e-07,0.0,0.0,0.0,0.0,0.013888888888888888,0.0,0.0,1.0
3.0,9.018186009131169e-07,0.0,0.0,0.0,0.0,0.013888888888888888,0.0,0.0,1.0
4.0,1.917333391347439e-08,0.0,0.0,0.0,0.0,0.013888888888888888,0.0,0.0,0.0
1.0,100.0,0.001756652398475664,0.20571157603264306,0.0,0.0,0.013888888888888888,0.0,0.0,1.0
2.0,9.574486775430491e-07,0.0,0.0,0.0,0.0,0.013888888888888888,0.0,0.0,1.0
3.0,8.958345242752285e-07,0.0,0.0,0.0,0.0,0.013888888888888888,0.0,0.0,1.0
4.0,1.9063377726611045e-08,0.0,0.0,0.0,0.0,0.013888888888888888,0.0,0.0,0.0
1.0,100.0,0.001756647290979783,0.2057103095711555,0.0,0.0,0.013888888888888888,0.0,0.0,1.0
2.0,9.495078198143221e-07,0.0,0.0,0.0,0.0,0.013888888888888888,0.0,0.0,1.0
3.0,8.897948528448484e-07,0.0,0.0,0.0,0.0,0.013888888888888888,0.0,0.0,1.0
4.0,1.8951972683232373e-08,0.0,0.0,0.0,0.0,0.013888888888888888,0.0,0.0,0.0
1.0,100.0,0.0017566421757111413,0.2057090407175904,0.0,0.0,0.013888888888888888,0.0,0.0,1.0
2.0,9.416801096197752e-07,0.0,0.0,0.0,0.0,0.013888888888888888,0.0,0.0,1.0
3.0,8.83703621525806e-07,0.0,0.0,0.0,0.0,0.013888888888888888,0.0,0.0,1.0
4.0,1.8839093564956517e-08,0.0,0.0,0.0,0.0,0.013888888888888888,0.0,0.0,0.0
1.0,100.0,0.0017566370526548515,0.2057077694981962,0.0,0.0,0.013888888888888888,0.0,0.0,1.0
2.0,9.339624556686003e-07,0.0,0.0,0.0,0.0,0.013888888888888888,0.0,0.0,1.0
3.0,8.775774872862773e-07,0.0,0.0,0.0,0.0,0.013888888888888888,0.0,0.0,1.0
4.0,1.8724689934436332e-08,0.0,0.0,0.0,0.0,0.013888888888888888,0.0,0.0,0.0
1.0,100.0,0.0017566319217929645,0.2057064959353839,0.0,0.0,0.013888888888888888,0.0,0.0,1.0
2.0,9.263486521895255e-07,0.0,0.0,0.0,0.0,0.013888888888888888,0.0,0.0,1.0
3.0,8.714231201697804e-07,0.0,0.0,0.0,0.0,0.013888888888888888,0.0,0.0,1.0
4.0,1.8608307851504916e-08,0.0,0.0,0.0,0.0,0.013888888888888888,0.0,0.0,0.0
1.0,100.0,0.001756626783110719,0.20570522004923936,0.0,0.0,0.013888888888888888,0.0,0.0,1.0
2.0,9.18832001742614e-07,0.0,0.0,0.0,0.0,0.013888888888888888,0.0,0.0,1.0
3.0,8.652478584319568e-07,0.0,0.0,0.0,0.0,0.013888888888888888,0.0,0.0,1.0
4.0,1.8492191800812443e-08,0.0,0.0,0.0,0.0,0.013888888888888888,0.0,0.0,0.0
1.0,100.0,0.001756621636591978,0.20570394185783467,0.0,0.0,0.013888888888888888,0.0,0.0,1.0
2.0,9.114093880609644e-07,0.0,0.0,0.0,0.0,0.013888888888888888,0.0,0.0,1.0
3.0,8.590594059072314e-07,0.0,0.0,0.0,0.0,0.013888888888888888,0.0,0.0,1.0
4.0,1.8375030388802668e-08,0.0,0.0,0.0,0.0,0.013888888888888888,0.0,0.0,0.0
1.0,100.0,0.0017566164822201077,0.20570266137609414,0.0,0.0,0.013888888888888888,0.0,0.0,1.0
2.0,9.040773040463443e-07,0.0,0.0,0.0,0.0,0.013888888888888888,0.0,0.0,1.0
3.0,8.528666137860074e-07,0.0,0.0,0.0,0.0,0.013888888888888888,0.0,0.0,1.0
4.0,1.8258588921497343e-08,0.0,0.0,0.0,0.0,0.013888888888888888,0.0,0.0,0.0
1.0,100.0,0.001756611319979064,0.20570137861803875,0.0,0.0,0.013888888888888888,0.0,0.0,1.0
2.0,8.968293046926331e-07,0.0,0.0,0.0,0.0,0.013888888888888888,0.0,0.0,1.0
3.0,8.466714989011153e-07,0.0,0.0,0.0,0.0,0.013888888888888888,0.0,0.0,1.0
4.0,1.8140950762089936e-08,0.0,0.0,0.0,0.0,0.013888888888888888,0.0,0.0,0.0
1.0,100.0,0.0017566061498533185,0.20570009359496683,0.0,0.0,0.013888888888888888,0.0,0.0,1.0
2.0,8.896660945538822e-07,0.0,0.0,0.0,0.0,0.013888888888888888,0.0,0.0,1.0
3.0,8.404833410100256e-07,0.0,0.0,0.0,0.0,0.013888888888888888,0.0,0.0,1.0
4.0,1.8023212915292666e-08,0.0,0.0,0.0,0.0,0.013888888888888888,0.0,0.0,0.0
1.0,100.0,0.001756600971825765,0.20569880631709736,0.0,0.0,0.013888888888888888,0.0,0.0,1.0
2.0,8.825827670822556e-07,0.0,0.0,0.0,0.0,0.013888888888888888,0.0,0.0,1.0
3.0,8.343064643305977e-07,0.0,0.0,0.0,0.0,0.013888888888888888,0.0,0.0,1.0
4.0,1.7905413196131852e-08,0.0,0.0,0.0,0.0,0.013888888888888888,0.0,0.0,0.0
1.0,100.0,0.0017565957858810257,0.20569751679313544,0.0,0.0,0.013888888888888888,0.0,0.0,1.0
2.0,8.755747058200683e-07,0.0,0.0,0.0,0.0,0.013888888888888888,0.0,0.0,1.0
3.0,8.281419776884312e-07,0.0,0.0,0.0,0.0,0.013888888888888888,0.0,0.0,1.0
4.0,1.778780377573391e-08,0.0,0.0,0.0,0.0,0.013888888888888888,0.0,0.0,0.0
1.0,100.0,0.001756590592002501,0.20569622503022683,0.0,0.0,0.013888888888888888,0.0,0.0,1.0
2.0,8.686433593924074e-07,0.0,0.0,0.0,0.0,0.013888888888888888,0.0,0.0,1.0
3.0,8.219960461792293e-07,0.0,0.0,0.0,0.0,0.013888888888888888,0.0,0.0,1.0
4.0,1.76695776523622e-08,0.0,0.0,0.0,0.0,0.013888888888888888,0.0,0.0,0.0
1.0,100.0,0.0017565853901744361,0.2056949310350408,0.0,0.0,0.013888888888888888,0.0,0.0,1.0
2.0,8.617843383989587e-07,0.0,0.0,0.0,0.0,0.013888888888888888,0.0,0.0,1.0
3.0,8.15871291668703e-07,0.0,0.0,0.0,0.0,0.013888888888888888,0.0,0.0,1.0
4.0,1.755199573111394e-08,0.0,0.0,0.0,0.0,0.013888888888888888,0.0,0.0,0.0
1.0,100.0,0.0017565801803801377,0.2056936348121866,0.0,0.0,0.013888888888888888,0.0,0.0,1.0
2.0,8.549969858006574e-07,0.0,0.0,0.0,0.0,0.013888888888888888,0.0,0.0,1.0
3.0,8.097735008831443e-07,0.0,0.0,0.0,0.0,0.013888888888888888,0.0,0.0,1.0
4.0,1.743502016586362e-08,0.0,0.0,0.0,0.0,0.013888888888888888,0.0,0.0,0.0
1.0,100.0,0.0017565749626035918,0.20569233636646478,0.0,0.0,0.013888888888888888,0.0,0.0,1.0
2.0,8.482784001723425e-07,0.0,0.0,0.0,0.0,0.013888888888888888,0.0,0.0,1.0
3.0,8.03702988161361e-07,0.0,0.0,0.0,0.0,0.013888888888888888,0.0,0.0,1.0
4.0,1.7316898279629332e-08,0.0,0.0,0.0,0.0,0.013888888888888888,0.0,0.0,0.0
1.0,100.0,0.001820270904331175,0.20569195050723854,0.0,0.0,0.013888888888888888,0.0,0.0,1.0
2.0,5.0768705346748584e-05,0.0,0.0,0.0,0.0,0.013888888888888888,0.0,0.0,1.0
3.0,4.8261633316302874e-05,0.0,0.0,0.0,0.0,0.013888888888888888,0.0,0.0,1.0
4.0,3.9751516452489224e-07,0.0,0.0,0.0,0.0,0.013888888888888888,0.0,0.0,0.0
1.0,100.0,0.0017127746499996576,0.24486464521020923,0.0,0.0,0.013888888888888888,0.0,0.0,1.0
2.0,2.0348188842741772e-06,0.0,0.0,0.0,0.0,0.013888888888888888,0.0,0.0,1.0
3.0,1.5993442402379198e-06,0.0,0.0,0.0,0.0,0.013888888888888888,0.0,0.0,1.0
4.0,4.5746348015937585e-09,0.0,0.0,0.0,0.0,0.013888888888888888,0.0,0.0,0.0
1.0,100.0,0.001736947836188321,0.20649576727377558,0.0,0.0,0.013888888888888888,0.0,0.0,1.0
2.0,3.2293008334518824e-07,0.0,0.0,0.0,0.0,0.013888888888888888,0.0,0.0,1.0
3.0,7.54356106786628e-07,0.0,0.0,0.0,0.0,0.013888888888888888,0.0,0.0,1.0
4.0,1.5227437737257363e-08,0.0,0.0,0.0,0.0,0.013888888888888888,0.0,0.0,0.0
1.0,100.0,0.00173733658905502,0.20650976796669165,0.0,0.0,0.013888888888888888,0.0,0.0,1.0
2.0,4.796489593601629e-07,0.0,0.0,0.0,0.0,0.013888888888888888,0.0,0.0,1.0
3.0,8.426253328541372e-07,0.0,0.0,0.0,0.0,0.013888888888888888,0.0,0.0,1.0
4.0,1.5323427009746373e-08,0.0,0.0,0.0,0.0,0.013888888888888888,0.0,0.0,0.0
1.0,100.0,0.0017377231162032628,0.20652395188436773,0.0,0.0,0.013888888888888888,0.0,0.0,1.0
2.0,6.08464966403502e-07,0.0,0.0,0.0,0.0,0.013888888888888888,0.0,0.0,1.0
3.0,9.158032346325397e-07,0.0,0.0,0.0,0.0,0.013888888888888888,0.0,0.0,1.0
4.0,1.5967051835384166e-08,0.0,0.0,0.0,0.0,0.013888888888888888,0.0,0.0,0.0
1.0,100.0,0.0017381067074279922,0.20653664886721262,0.0,0.0,0.013888888888888888,0.0,0.0,1.0
2.0,7.236455690275626e-07,0.0,0.0,0.0,0.0,0.013888888888888888,0.0,0.0,1.0
3.0,9.838789193605149e-07,0.0,0.0,0.0,0.0,0.013888888888888888,0.0,0.0,1.0
4.0,1.6749828803607748e-08,0.0,0.0,0.0,0.0,0.013888888888888888,0.0,0.0,0.0
1.0,100.0,0.001738487494100345,0.20654795327413336,0.0,0.0,0.013888888888888888,0.0,0.0,1.0
2.0,8.292342552722362e-07,0.0,0.0,0.0,0.0,0.013888888888888888,0.0,0.0,1.0
3.0,1.0485185652728572e-06,0.0,0.0,0.0,0.0,0.013888888888888888,0.0,0.0,1.0
4.0,1.7532953757903092e-08,0.0,0.0,0.0,0.0,0.013888888888888888,0.0,0.0,0.0
1.0,100.0,0.001738865596857593,0.20655795283879658,0.0,0.0,0.013888888888888888,0.0,0.0,1.0
2.0,9.275474055485781e-07,0.0,0.0,0.0,0.0,0.013888888888888888,0.0,0.0,1.0
3.0,1.1105592491834649e-06,0.0,0.0,0.0,0.0,0.013888888888888888,0.0,0.0,1.0
4.0,1.8282255607710097e-08,0.0,0.0,0.0,0.0,0.013888888888888888,0.0,0.0,0.0
1.0,100.0,0.0017392411268022567,0.20656672833447073,0.0,0.0,0.013888888888888888,0.0,0.0,1.0
2.0,1.0200615384466197e-06,0.0,0.0,0.0,0.0,0.013888888888888888,0.0,0.0,1.0
3.0,1.1705025203074597e-06,0.0,0.0,0.0,0.0,0.013888888888888888,0.0,0.0,1.0
4.0,1.8993787919574433e-08,0.0,0.0,0.0,0.0,0.013888888888888888,0.0,0.0,0.0
1.0,100.0,0.0017396141865205414,0.2065743538885897,0.0,0.0,0.013888888888888888,0.0,0.0,1.0
2.0,1.107764412267714e-06,0.0,0.0,0.0,0.0,0.013888888888888888,0.0,0.0,1.0
3.0,1.2286511010181688e-06,0.0,0.0,0.0,0.0,0.013888888888888888,0.0,0.0,1.0
4.0,1.9675507359660958e-08,0.0,0.0,0.0,0.0,0.013888888888888888,0.0,0.0,0.0
1.0,100.0,0.001739984870968957,0.20658089751131492,0.0,0.0,0.013888888888888888,0.0,0.0,1.0
2.0,1.1913673192510998e-06,0.0,0.0,0.0,0.0,0.013888888888888888,0.0,0.0,1.0
3.0,1.2852156133482235e-06,0.0,0.0,0.0,0.0,0.013888888888888888,0.0,0.0,1.0
4.0,2.0334096982050594e-08,0.0,0.0,0.0,0.0,0.013888888888888888,0.0,0.0,0.0
1.0,100.0,0.0017403532683243322,0.20658642172937938,0.0,0.0,0.013888888888888888,0.0,0.0,1.0
2.0,1.271387906020554e-06,0.0,0.0,0.0,0.0,0.013888888888888888,0.0,0.0,1.0
3.0,1.34034258509956e-06,0.0,0.0,0.0,0.0,0.013888888888888888,0.0,0.0,1.0
4.0,2.0979505515342893e-08,0.0,0.0,0.0,0.0,0.013888888888888888,0.0,0.0,0.0
1.0,100.0,0.00174071946073702,0.2065909841725931,0.0,0.0,0.013888888888888888,0.0,0.0,1.0
2.0,1.3482216066287327e-06,0.0,0.0,0.0,0.0,0.013888888888888888,0.0,0.0,1.0
3.0,1.3941400975755026e-06,0.0,0.0,0.0,0.0,0.013888888888888888,0.0,0.0,1.0
4.0,2.1611581726012977e-08,0.0,0.0,0.0,0.0,0.013888888888888888,0.0,0.0,0.0
1.0,100.0,0.0017410835235582155,0.20659463690720298,0.0,0.0,0.013888888888888888,0.0,0.0,1.0
2.0,1.4221709098306176e-06,0.0,0.0,0.0,0.0,0.013888888888888888,0.0,0.0,1.0
3.0,1.4466767648160123e-06,0.0,0.0,0.0,0.0,0.013888888888888888,0.0,0.0,1.0
4.0,2.2234600144662492e-08,0.0,0.0,0.0,0.0,0.013888888888888888,0.0,0.0,0.0
1.0,100.0,0.0017414455288487956,0.20659742942680348,0.0,0.0,0.013888888888888888,0.0,0.0,1.0
2.0,1.4934893909426162e-06,0.0,0.0,0.0,0.0,0.013888888888888888,0.0,0.0,1.0
3.0,1.498021855909884e-06,0.0,0.0,0.0,0.0,0.013888888888888888,0.0,0.0,1.0
4.0,2.285120869421223e-08,0.0,0.0,0.0,0.0,0.013888888888888888,0.0,0.0,0.0
1.0,100.0,0.0017418055433366106,0.2065994068825117,0.0,0.0,0.013888888888888888,0.0,0.0,1.0
2.0,1.5623772111569303e-06,0.0,0.0,0.0,0.0,0.013888888888888888,0.0,0.0,1.0
3.0,1.5482162566185265e-06,0.0,0.0,0.0,0.0,0.013888888888888888,0.0,0.0,1.0
4.0,2.3462706111063723e-08,0.0,0.0,0.0,0.0,0.013888888888888888,0.0,0.0,0.0
1.0,100.0,0.0017421636296225242,0.20660061108270558,0.0,0.0,0.013888888888888888,0.0,0.0,1.0
2.0,1.6290103961531372e-06,0.0,0.0,0.0,0.0,0.013888888888888888,0.0,0.0,1.0
3.0,1.5973085564306685e-06,0.0,0.0,0.0,0.0,0.013888888888888888,0.0,0.0,1.0
4.0,2.4074186389495426e-08,0.0,0.0,0.0,0.0,0.013888888888888888,0.0,0.0,0.0
1.0,100.0,0.001742519846512752,0.20660108079555822,0.0,0.0,0.013888888888888888,0.0,0.0,1.0
2.0,1.6935340654884716e-06,0.0,0.0,0.0,0.0,0.013888888888888888,0.0,0.0,1.0
3.0,1.6453238163286953e-06,0.0,0.0,0.0,0.0,0.013888888888888888,0.0,0.0,1.0
4.0,2.4681337264447818e-08,0.0,0.0,0.0,0.0,0.013888888888888888,0.0,0.0,0.0
1.0,100.0,0.001742874249369992,0.20660085203922465,0.0,0.0,0.013888888888888888,0.0,0.0,1.0
2.0,1.7560809932060033e-06,0.0,0.0,0.0,0.0,0.013888888888888888,0.0,0.0,1.0
3.0,1.6922977390038136e-06,0.0,0.0,0.0,0.0,0.013888888888888888,0.0,0.0,1.0
4.0,2.528597440394921e-08,0.0,0.0,0.0,0.0,0.013888888888888888,0.0,0.0,0.0
1.0,100.0,0.0017432268903336645,0.20659995830939618,0.0,0.0,0.013888888888888888,0.0,0.0,1.0
2.0,1.816764635355775e-06,0.0,0.0,0.0,0.0,0.013888888888888888,0.0,0.0,1.0
3.0,1.738259899025635e-06,0.0,0.0,0.0,0.0,0.013888888888888888,0.0,0.0,1.0
4.0,2.5889383885476862e-08,0.0,0.0,0.0,0.0,0.013888888888888888,0.0,0.0,0.0
1.0,100.0,0.0017435778187163025,0.20659843079744106,0.0,0.0,0.013888888888888888,0.0,0.0,1.0
2.0,1.8756839089822422e-06,0.0,0.0,0.0,0.0,0.013888888888888888,0.0,0.0,1.0
3.0,1.7832292542308761e-06,0.0,0.0,0.0,0.0,0.013888888888888888,0.0,0.0,1.0
4.0,2.6487808284370047e-08,0.0,0.0,0.0,0.0,0.013888888888888888,0.0,0.0,0.0
1.0,100.0,0.0017439270811502757,0.20659629860990364,0.0,0.0,0.013888888888888888,0.0,0.0,1.0
2.0,1.9329302658012116e-06,0.0,0.0,0.0,0.0,0.013888888888888888,0.0,0.0,1.0
3.0,1.8272372071545194e-06,0.0,0.0,0.0,0.0,0.013888888888888888,0.0,0.0,1.0
4.0,2.708704760093854e-08,0.0,0.0,0.0,0.0,0.013888888888888888,0.0,0.0,0.0
1.0,100.0,0.001744274721822755,0.2065935889211043,0.0,0.0,0.013888888888888888,0.0,0.0,1.0
2.0,1.988581829285589e-06,0.0,0.0,0.0,0.0,0.013888888888888888,0.0,0.0,1.0
3.0,1.8702981510531952e-06,0.0,0.0,0.0,0.0,0.013888888888888888,0.0,0.0,1.0
4.0,2.7683508329056362e-08,0.0,0.0,0.0,0.0,0.013888888888888888,0.0,0.0,0.0
1.0,100.0,0.001744620782671703,0.20659032712640252,0.0,0.0,0.013888888888888888,0.0,0.0,1.0
2.0,2.0427149065060196e-06,0.0,0.0,0.0,0.0,0.013888888888888888,0.0,0.0,1.0
3.0,1.912433956061374e-06,0.0,0.0,0.0,0.0,0.013888888888888888,0.0,0.0,1.0
4.0,2.8278615229624336e-08,0.0,0.0,0.0,0.0,0.013888888888888888,0.0,0.0,0.0
1.0,100.0,0.001744965303557461,0.20658653700051502,0.0,0.0,0.013888888888888888,0.0,0.0,1.0
2.0,2.0953971543093626e-06,0.0,0.0,0.0,0.0,0.013888888888888888,0.0,0.0,1.0
3.0,1.953661410948098e-06,0.0,0.0,0.0,0.0,0.013888888888888888,0.0,0.0,1.0
4.0,2.8873389571590527e-08,0.0,0.0,0.0,0.0,0.013888888888888888,0.0,0.0,0.0
1.0,100.0,0.0017453083224224827,0.20658224083005158,0.0,0.0,0.013888888888888888,0.0,0.0,1.0
2.0,2.1466931145780635e-06,0.0,0.0,0.0,0.0,0.013888888888888888,0.0,0.0,1.0
3.0,1.993996585738713e-06,0.0,0.0,0.0,0.0,0.013888888888888888,0.0,0.0,1.0
4.0,2.9462787921748128e-08,0.0,0.0,0.0,0.0,0.013888888888888888,0.0,0.0,0.0
1.0,100.0,0.0017456498754325187,0.20657745952724726,0.0,0.0,0.013888888888888888,0.0,0.0,1.0
2.0,2.196666445961958e-06,0.0,0.0,0.0,0.0,0.013888888888888888,0.0,0.0,1.0
3.0,2.0334651958732763e-06,0.0,0.0,0.0,0.0,0.013888888888888888,0.0,0.0,1.0
4.0,3.0053240613317924e-08,0.0,0.0,0.0,0.0,0.013888888888888888,0.0,0.0,0.0
1.0,100.0,0.0017459899971083766,0.2065722127378875,0.0,0.0,0.013888888888888888,0.0,0.0,1.0
2.0,2.26749442135095e-06,0.0,0.0,0.0,0.0,0.013888888888888888,0.0,0.0,1.0
3.0,2.0990348706481956e-06,0.0,0.0,0.0,0.0,0.013888888888888888,0.0,0.0,1.0
4.0,3.0639187290322254e-08,0.0,0.0,0.0,0.0,0.013888888888888888,0.0,0.0,0.0
1.0,100.0,0.001746328720441677,0.2065665189342889,0.0,0.0,0.013888888888888888,0.0,0.0,1.0
2.0,2.399344769418577e-06,0.0,0.0,0.0,0.0,0.013888888888888888,0.0,0.0,1.0
3.0,2.231789697368349e-06,0.0,0.0,0.0,0.0,0.013888888888888888,0.0,0.0,1.0
4.0,3.1222683130023166e-08,0.0,0.0,0.0,0.0,0.013888888888888888,0.0,0.0,0.0
1.0,100.0,0.001746666077006207,0.20656039550722202,0.0,0.0,0.013888888888888888,0.0,0.0,1.0
2.0,2.5338929892218742e-06,0.0,0.0,0.0,0.0,0.013888888888888888,0.0,0.0,1.0
3.0,2.3669877999036493e-06,0.0,0.0,0.0,0.0,0.013888888888888888,0.0,0.0,1.0
4.0,3.180502678234084e-08,0.0,0.0,0.0,0.0,0.013888888888888888,0.0,0.0,0.0
1.0,100.0,0.0017470020970521958,0.20655385882958546,0.0,0.0,0.013888888888888888,0.0,0.0,1.0
2.0,2.6710250933572385e-06,0.0,0.0,0.0,0.0,0.013888888888888888,0.0,0.0,1.0
3.0,2.5045416026325416e-06,0.0,0.0,0.0,0.0,0.013888888888888888,0.0,0.0,1.0
4.0,3.238430176843055e-08,0.0,0.0,0.0,0.0,0.013888888888888888,0.0,0.0,0.0
1.0,100.0,0.0017473368095988384,0.20654692434339753,0.0,0.0,0.013888888888888888,0.0,0.0,1.0
2.0,2.8106117362274995e-06,0.0,0.0,0.0,0.0,0.013888888888888888,0.0,0.0,1.0
3.0,2.644334440359017e-06,0.0,0.0,0.0,0.0,0.013888888888888888,0.0,0.0,1.0
4.0,3.295970116221903e-08,0.0,0.0,0.0,0.0,0.013888888888888888,0.0,0.0,0.0
1.0,100.0,0.0017476702425155526,0.20653960662429396,0.0,0.0,0.013888888888888888,0.0,0.0,1.0
2.0,2.9525386585654287e-06,0.0,0.0,0.0,0.0,0.013888888888888888,0.0,0.0,1.0
3.0,2.7862643995095187e-06,0.0,0.0,0.0,0.0,0.013888888888888888,0.0,0.0,1.0
4.0,3.3532990120683636e-08,0.0,0.0,0.0,0.0,0.013888888888888888,0.0,0.0,0.0
1.0,100.0,0.0017480024225985905,0.20653191944182658,0.0,0.0,0.013888888888888888,0.0,0.0,1.0
2.0,3.096697659825081e-06,0.0,0.0,0.0,0.0,0.013888888888888888,0.0,0.0,1.0
3.0,2.9302342655447002e-06,0.0,0.0,0.0,0.0,0.013888888888888888,0.0,0.0,1.0
4.0,3.4102945646442095e-08,0.0,0.0,0.0,0.0,0.013888888888888888,0.0,0.0,0.0
1.0,100.0,0.0017483333756371712,0.2065238758132452,0.0,0.0,0.013888888888888888,0.0,0.0,1.0
2.0,3.2429793433190843e-06,0.0,0.0,0.0,0.0,0.013888888888888888,0.0,0.0,1.0
3.0,3.0761469431415534e-06,0.0,0.0,0.0,0.0,0.013888888888888888,0.0,0.0,1.0
4.0,3.466843301747581e-08,0.0,0.0,0.0,0.0,0.013888888888888888,0.0,0.0,0.0
1.0,100.0,0.0017486631264822306,0.20651548805904013,0.0,0.0,0.013888888888888888,0.0,0.0,1.0
2.0,3.391278041627138e-06,0.0,0.0,0.0,0.0,0.013888888888888888,0.0,0.0,1.0
3.0,3.2239011720829052e-06,0.0,0.0,0.0,0.0,0.013888888888888888,0.0,0.0,1.0
4.0,3.523527717323451e-08,0.0,0.0,0.0,0.0,0.013888888888888888,0.0,0.0,0.0
1.0,100.0,0.0017489916990992877,0.20650676786787403,0.0,0.0,0.013888888888888888,0.0,0.0,1.0
2.0,3.5414972152348624e-06,0.0,0.0,0.0,0.0,0.013888888888888888,0.0,0.0,1.0
3.0,3.373386542568971e-06,0.0,0.0,0.0,0.0,0.013888888888888888,0.0,0.0,1.0
4.0,3.579413553963899e-08,0.0,0.0,0.0,0.0,0.013888888888888888,0.0,0.0,0.0
1.0,100.0,0.0017493051541195056,0.20648546566442655,0.0,0.0,0.013888888888888888,0.0,0.0,1.0
2.0,1.987567105746891e-06,0.0,0.0,0.0,0.0,0.013888888888888888,0.0,0.0,1.0
3.0,1.7956254281511358e-06,0.0,0.0,0.0,0.0,0.013888888888888888,0.0,0.0,1.0
4.0,3.863838356847935e-08,0.0,0.0,0.0,0.0,0.013888888888888888,0.0,0.0,0.0
1.0,100.0,0.0017502597098733694,0.20648425469914986,0.0,0.0,0.013888888888888888,0.0,0.0,1.0
2.0,1.926652732275188e-06,0.0,0.0,0.0,0.0,0.013888888888888888,0.0,0.0,1.0
3.0,1.7479028138732532e-06,0.0,0.0,0.0,0.0,0.013888888888888888,0.0,0.0,1.0
4.0,3.868212963219016e-08,0.0,0.0,0.0,0.0,0.013888888888888888,0.0,0.0,0.0
1.0,100.0,0.0017502579032927191,0.20648303628328646,0.0,0.0,0.013888888888888888,0.0,0.0,1.0
2.0,1.899103738056878e-06,0.0,0.0,0.0,0.0,0.013888888888888888,0.0,0.0,1.0
3.0,1.731213673865109e-06,0.0,0.0,0.0,0.0,0.013888888888888888,0.0,0.0,1.0
4.0,3.8334881443825337e-08,0.0,0.0,0.0,0.0,0.013888888888888888,0.0,0.0,0.0
1.0,100.0,0.0017502561019195116,0.20648181288781509,0.0,0.0,0.013888888888888888,0.0,0.0,1.0
2.0,1.8734202265470408e-06,0.0,0.0,0.0,0.0,0.013888888888888888,0.0,0.0,1.0
3.0,1.7148687323780206e-06,0.0,0.0,0.0,0.0,0.013888888888888888,0.0,0.0,1.0
4.0,3.793443190303524e-08,0.0,0.0,0.0,0.0,0.013888888888888888,0.0,0.0,0.0
1.0,100.0,0.0017502542959892083,0.2064805854637411,0.0,0.0,0.013888888888888888,0.0,0.0,1.0
2.0,1.849009887177032e-06,0.0,0.0,0.0,0.0,0.013888888888888888,0.0,0.0,1.0
3.0,1.6986439069017235e-06,0.0,0.0,0.0,0.0,0.013888888888888888,0.0,0.0,1.0
4.0,3.751941177581654e-08,0.0,0.0,0.0,0.0,0.013888888888888888,0.0,0.0,0.0
1.0,100.0,0.0017502524854891275,0.20647935447469326,0.0,0.0,0.013888888888888888,0.0,0.0,1.0
2.0,1.8255624783583335e-06,0.0,0.0,0.0,0.0,0.013888888888888888,0.0,0.0,1.0
3.0,1.6824655535338248e-06,0.0,0.0,0.0,0.0,0.013888888888888888,0.0,0.0,1.0
4.0,3.709990737388002e-08,0.0,0.0,0.0,0.0,0.013888888888888888,0.0,0.0,0.0
1.0,100.0,0.0017502506704092397,0.2064781201824469,0.0,0.0,0.013888888888888888,0.0,0.0,1.0
2.0,1.8028851533049329e-06,0.0,0.0,0.0,0.0,0.013888888888888888,0.0,0.0,1.0
3.0,1.6662973355281051e-06,0.0,0.0,0.0,0.0,0.013888888888888888,0.0,0.0,1.0
4.0,3.668422716936299e-08,0.0,0.0,0.0,0.0,0.013888888888888888,0.0,0.0,0.0
1.0,100.0,0.0017502488507389945,0.20647688275683265,0.0,0.0,0.013888888888888888,0.0,0.0,1.0
2.0,1.780854889208273e-06,0.0,0.0,0.0,0.0,0.013888888888888888,0.0,0.0,1.0
3.0,1.6501289891876683e-06,0.0,0.0,0.0,0.0,0.013888888888888888,0.0,0.0,1.0
4.0,3.6268500557066244e-08,0.0,0.0,0.0,0.0,0.013888888888888888,0.0,0.0,0.0
1.0,100.0,0.001750247026466796,0.20647564232308793,0.0,0.0,0.013888888888888888,0.0,0.0,1.0
2.0,1.7593856053519983e-06,0.0,0.0,0.0,0.0,0.013888888888888888,0.0,0.0,1.0
3.0,1.6339603243725338e-06,0.0,0.0,0.0,0.0,0.013888888888888888,0.0,0.0,1.0
4.0,3.5852084525611614e-08,0.0,0.0,0.0,0.0,0.013888888888888888,0.0,0.0,0.0
1.0,100.0,0.0017502451975823822,0.20647439898226677,0.0,0.0,0.013888888888888888,0.0,0.0,1.0
2.0,1.7384120878120006e-06,0.0,0.0,0.0,0.0,0.013888888888888888,0.0,0.0,1.0
3.0,1.6177988288841453e-06,0.0,0.0,0.0,0.0,0.013888888888888888,0.0,0.0,1.0
4.0,3.543835786797831e-08,0.0,0.0,0.0,0.0,0.013888888888888888,0.0,0.0,0.0
1.0,100.0,0.0017502433640731595,0.20647315281954823,0.0,0.0,0.013888888888888888,0.0,0.0,1.0
2.0,1.7178850847447999e-06,0.0,0.0,0.0,0.0,0.013888888888888888,0.0,0.0,1.0
3.0,1.6016528729033958e-06,0.0,0.0,0.0,0.0,0.013888888888888888,0.0,0.0,1.0
4.0,3.502472338860698e-08,0.0,0.0,0.0,0.0,0.013888888888888888,0.0,0.0,0.0
1.0,100.0,0.0017502415259283463,0.20647190390983014,0.0,0.0,0.013888888888888888,0.0,0.0,1.0
2.0,1.6977646871849005e-06,0.0,0.0,0.0,0.0,0.013888888888888888,0.0,0.0,1.0
3.0,1.5855337639886891e-06,0.0,0.0,0.0,0.0,0.013888888888888888,0.0,0.0,1.0
4.0,3.4612265295684704e-08,0.0,0.0,0.0,0.0,0.013888888888888888,0.0,0.0,0.0
1.0,100.0,0.001750239683137494,0.20647065231849085,0.0,0.0,0.013888888888888888,0.0,0.0,1.0
2.0,1.6780150463770934e-06,0.0,0.0,0.0,0.0,0.013888888888888888,0.0,0.0,1.0
3.0,1.5694454720239176e-06,0.0,0.0,0.0,0.0,0.013888888888888888,0.0,0.0,1.0
4.0,3.420230732060658e-08,0.0,0.0,0.0,0.0,0.013888888888888888,0.0,0.0,0.0
1.0,100.0,0.0017502378356873273,0.20646939810423168,0.0,0.0,0.013888888888888888,0.0,0.0,1.0
2.0,1.658611017752076e-06,0.0,0.0,0.0,0.0,0.013888888888888888,0.0,0.0,1.0
3.0,1.553400148970637e-06,0.0,0.0,0.0,0.0,0.013888888888888888,0.0,0.0,1.0
4.0,3.379261791102727e-08,0.0,0.0,0.0,0.0,0.013888888888888888,0.0,0.0,0.0
1.0,100.0,0.0017502359835681505,0.20646814131915128,0.0,0.0,0.013888888888888888,0.0,0.0,1.0
2.0,1.6395269402519978e-06,0.0,0.0,0.0,0.0,0.013888888888888888,0.0,0.0,1.0
3.0,1.537404122041568e-06,0.0,0.0,0.0,0.0,0.013888888888888888,0.0,0.0,1.0
4.0,3.338465947838298e-08,0.0,0.0,0.0,0.0,0.013888888888888888,0.0,0.0,0.0
1.0,100.0,0.0017502341267678191,0.20646688200934207,0.0,0.0,0.013888888888888888,0.0,0.0,1.0
2.0,1.6207413892609333e-06,0.0,0.0,0.0,0.0,0.013888888888888888,0.0,0.0,1.0
3.0,1.5214645252138696e-06,0.0,0.0,0.0,0.0,0.013888888888888888,0.0,0.0,1.0
4.0,3.297800332860875e-08,0.0,0.0,0.0,0.0,0.013888888888888888,0.0,0.0,0.0
1.0,100.0,0.0017502322652745161,0.2064656202161524,0.0,0.0,0.013888888888888888,0.0,0.0,1.0
2.0,1.602236823523031e-06,0.0,0.0,0.0,0.0,0.013888888888888888,0.0,0.0,1.0
3.0,1.505587395534224e-06,0.0,0.0,0.0,0.0,0.013888888888888888,0.0,0.0,1.0
4.0,3.257235945299789e-08,0.0,0.0,0.0,0.0,0.013888888888888888,0.0,0.0,0.0
1.0,100.0,0.0017502303990776151,0.20646435597622242,0.0,0.0,0.013888888888888888,0.0,0.0,1.0
2.0,1.5839958911794365e-06,0.0,0.0,0.0,0.0,0.013888888888888888,0.0,0.0,1.0
3.0,1.4897801945690412e-06,0.0,0.0,0.0,0.0,0.013888888888888888,0.0,0.0,1.0
4.0,3.2169076774338673e-08,0.0,0.0,0.0,0.0,0.013888888888888888,0.0,0.0,0.0
1.0,100.0,0.0017502285281664675,0.20646308932235996,0.0,0.0,0.013888888888888888,0.0,0.0,1.0
2.0,1.566002993041681e-06,0.0,0.0,0.0,0.0,0.013888888888888888,0.0,0.0,1.0
3.0,1.4740446979849988e-06,0.0,0.0,0.0,0.0,0.013888888888888888,0.0,0.0,1.0
4.0,3.176820566599637e-08,0.0,0.0,0.0,0.0,0.013888888888888888,0.0,0.0,0.0
1.0,100.0,0.0017502266525284093,0.2064618202833417,0.0,0.0,0.013888888888888888,0.0,0.0,1.0
2.0,1.548247799922006e-06,0.0,0.0,0.0,0.0,0.013888888888888888,0.0,0.0,1.0
3.0,1.4583883672057e-06,0.0,0.0,0.0,0.0,0.013888888888888888,0.0,0.0,1.0
4.0,3.136830887011305e-08,0.0,0.0,0.0,0.0,0.013888888888888888,0.0,0.0,0.0
1.0,100.0,0.0017502247721527034,0.20646054888471388,0.0,0.0,0.013888888888888888,0.0,0.0,1.0
2.0,1.5307179530866987e-06,0.0,0.0,0.0,0.0,0.013888888888888888,0.0,0.0,1.0
3.0,1.442815688305494e-06,0.0,0.0,0.0,0.0,0.013888888888888888,0.0,0.0,1.0
4.0,3.097047054888722e-08,0.0,0.0,0.0,0.0,0.013888888888888888,0.0,0.0,0.0
1.0,100.0,0.0017502228870291542,0.20645927514927817,0.0,0.0,0.013888888888888888,0.0,0.0,1.0
2.0,1.5134009175129913e-06,0.0,0.0,0.0,0.0,0.013888888888888888,0.0,0.0,1.0
3.0,1.4273291554075436e-06,0.0,0.0,0.0,0.0,0.013888888888888888,0.0,0.0,1.0
4.0,3.057621609244258e-08,0.0,0.0,0.0,0.0,0.013888888888888888,0.0,0.0,0.0
1.0,100.0,0.0017502209971448728,0.20645799909698223,0.0,0.0,0.013888888888888888,0.0,0.0,1.0
2.0,1.4962873101135379e-06,0.0,0.0,0.0,0.0,0.013888888888888888,0.0,0.0,1.0
3.0,1.411929926280274e-06,0.0,0.0,0.0,0.0,0.013888888888888888,0.0,0.0,1.0
4.0,3.0183427473910514e-08,0.0,0.0,0.0,0.0,0.013888888888888888,0.0,0.0,0.0
1.0,100.0,0.0017502191024899043,0.20645672074521265,0.0,0.0,0.013888888888888888,0.0,0.0,1.0
2.0,1.4793684287343016e-06,0.0,0.0,0.0,0.0,0.013888888888888888,0.0,0.0,1.0
3.0,1.3966221969431707e-06,0.0,0.0,0.0,0.0,0.013888888888888888,0.0,0.0,1.0
4.0,2.979196597405835e-08,0.0,0.0,0.0,0.0,0.013888888888888888,0.0,0.0,0.0
1.0,100.0,0.0017502172030522802,0.20645544010957248,0.0,0.0,0.013888888888888888,0.0,0.0,1.0
2.0,1.4626379792751362e-06,0.0,0.0,0.0,0.0,0.013888888888888888,0.0,0.0,1.0
3.0,1.381408448844476e-06,0.0,0.0,0.0,0.0,0.013888888888888888,0.0,0.0,1.0
4.0,2.9404201632371923e-08,0.0,0.0,0.0,0.0,0.013888888888888888,0.0,0.0,0.0
1.0,100.0,0.0017502152988214837,0.20645415720379692,0.0,0.0,0.013888888888888888,0.0,0.0,1.0
2.0,1.4460889743806403e-06,0.0,0.0,0.0,0.0,0.013888888888888888,0.0,0.0,1.0
3.0,1.366292108921738e-06,0.0,0.0,0.0,0.0,0.013888888888888888,0.0,0.0,1.0
4.0,2.9018016444549388e-08,0.0,0.0,0.0,0.0,0.013888888888888888,0.0,0.0,0.0
1.0,100.0,0.00175021338978565,0.2064528720393154,0.0,0.0,0.013888888888888888,0.0,0.0,1.0
2.0,1.4297121828238723e-06,0.0,0.0,0.0,0.0,0.013888888888888888,0.0,0.0,1.0
3.0,1.3512708680202617e-06,0.0,0.0,0.0,0.0,0.013888888888888888,0.0,0.0,1.0
4.0,2.863551569038915e-08,0.0,0.0,0.0,0.0,0.013888888888888888,0.0,0.0,0.0
1.0,100.0,0.0017502114759337126,0.20645158462563673,0.0,0.0,0.013888888888888888,0.0,0.0,1.0
2.0,1.4135054584907046e-06,0.0,0.0,0.0,0.0,0.013888888888888888,0.0,0.0,1.0
3.0,1.3363512038944957e-06,0.0,0.0,0.0,0.0,0.013888888888888888,0.0,0.0,1.0
4.0,2.8254795695128717e-08,0.0,0.0,0.0,0.0,0.013888888888888888,0.0,0.0,0.0
1.0,100.0,0.001750209557255336,0.2064502949721963,0.0,0.0,0.013888888888888888,0.0,0.0,1.0
2.0,1.397461247075035e-06,0.0,0.0,0.0,0.0,0.013888888888888888,0.0,0.0,1.0
3.0,1.3215339968788253e-06,0.0,0.0,0.0,0.0,0.013888888888888888,0.0,0.0,1.0
4.0,2.7877671770067448e-08,0.0,0.0,0.0,0.0,0.013888888888888888,0.0,0.0,0.0
1.0,100.0,0.0017502076337376194,0.20644900308559913,0.0,0.0,0.013888888888888888,0.0,0.0,1.0
2.0,1.3815734441606007e-06,0.0,0.0,0.0,0.0,0.013888888888888888,0.0,0.0,1.0
3.0,1.3068128154874265e-06,0.0,0.0,0.0,0.0,0.013888888888888888,0.0,0.0,1.0
4.0,2.750178641796822e-08,0.0,0.0,0.0,0.0,0.013888888888888888,0.0,0.0,0.0
1.0,100.0,0.0017502057053704798,0.20644770897241546,0.0,0.0,0.013888888888888888,0.0,0.0,1.0
2.0,1.3658416436039882e-06,0.0,0.0,0.0,0.0,0.013888888888888888,0.0,0.0,1.0
3.0,1.2921990918307389e-06,0.0,0.0,0.0,0.0,0.013888888888888888,0.0,0.0,1.0
4.0,2.712905579663842e-08,0.0,0.0,0.0,0.0,0.013888888888888888,0.0,0.0,0.0
1.0,100.0,0.0017502037721430204,0.2064464126376145,0.0,0.0,0.013888888888888888,0.0,0.0,1.0
2.0,1.3502577493210009e-06,0.0,0.0,0.0,0.0,0.013888888888888888,0.0,0.0,1.0
3.0,1.2776856506700995e-06,0.0,0.0,0.0,0.0,0.013888888888888888,0.0,0.0,1.0
4.0,2.6760942203862522e-08,0.0,0.0,0.0,0.0,0.013888888888888888,0.0,0.0,0.0
1.0,100.0,0.0017502018340427364,0.20644511408568228,0.0,0.0,0.013888888888888888,0.0,0.0,1.0
2.0,1.334821771323113e-06,0.0,0.0,0.0,0.0,0.013888888888888888,0.0,0.0,1.0
3.0,1.2632783645807945e-06,0.0,0.0,0.0,0.0,0.013888888888888888,0.0,0.0,1.0
4.0,2.6393688839438626e-08,0.0,0.0,0.0,0.0,0.013888888888888888,0.0,0.0,0.0
1.0,100.0,0.001750199891059002,0.2064438133198852,0.0,0.0,0.013888888888888888,0.0,0.0,1.0
2.0,1.3195247312639465e-06,0.0,0.0,0.0,0.0,0.013888888888888888,0.0,0.0,1.0
3.0,1.2489708526305887e-06,0.0,0.0,0.0,0.0,0.013888888888888888,0.0,0.0,1.0
4.0,2.6029438762718128e-08,0.0,0.0,0.0,0.0,0.013888888888888888,0.0,0.0,0.0
1.0,100.0,0.0017501979431808635,0.20644251034301603,0.0,0.0,0.013888888888888888,0.0,0.0,1.0
2.0,1.3043697530729948e-06,0.0,0.0,0.0,0.0,0.013888888888888888,0.0,0.0,1.0
3.0,1.2347739038911722e-06,0.0,0.0,0.0,0.0,0.013888888888888888,0.0,0.0,1.0
4.0,2.566854489796319e-08,0.0,0.0,0.0,0.0,0.013888888888888888,0.0,0.0,0.0
1.0,100.0,0.0018073665466998433,0.20644235863826876,0.0,0.0,0.013888888888888888,0.0,0.0,1.0
2.0,3.8152673679681515e-05,0.0,0.0,0.0,0.0,0.013888888888888888,0.0,0.0,1.0
3.0,3.599809380776348e-05,0.0,0.0,0.0,0.0,0.013888888888888888,0.0,0.0,1.0
4.0,2.2554763813914863e-07,0.0,0.0,0.0,0.0,0.013888888888888888,0.0,0.0,0.0
1.0,100.0,0.0017116553584414847,0.24345883284968614,0.0,0.0,0.013888888888888888,0.0,0.0,1.0
2.0,1.5507994931754652e-06,0.0,0.0,0.0,0.0,0.013888888888888888,0.0,0.0,1.0
3.0,1.232720921427315e-06,0.0,0.0,0.0,0.0,0.013888888888888888,0.0,0.0,1.0
4.0,1.980099692022825e-08,0.0,0.0,0.0,0.0,0.013888888888888888,0.0,0.0,0.0
1.0,100.0,0.0017327093366341236,0.20725576407962923,0.0,0.0,0.013888888888888888,0.0,0.0,1.0
2.0,8.951609440153145e-07,0.0,0.0,0.0,0.0,0.013888888888888888,0.0,0.0,1.0
3.0,1.2414919958102742e-06,0.0,0.0,0.0,0.0,0.013888888888888888,0.0,0.0,1.0
4.0,2.5194198081767516e-08,0.0,0.0,0.0,0.0,0.013888888888888888,0.0,0.0,0.0
1.0,100.0,0.0017330730201074998,0.20726981762077917,0.0,0.0,0.013888888888888888,0.0,0.0,1.0
2.0,1.0162370457417058e-06,0.0,0.0,0.0,0.0,0.013888888888888888,0.0,0.0,1.0
3.0,1.3047825367461051e-06,0.0,0.0,0.0,0.0,0.013888888888888888,0.0,0.0,1.0
4.0,2.4728892462066615e-08,0.0,0.0,0.0,0.0,0.013888888888888888,0.0,0.0,0.0
1.0,100.0,0.0017334346970450535,0.2072840623224514,0.0,0.0,0.013888888888888888,0.0,0.0,1.0
2.0,1.1095564118693822e-06,0.0,0.0,0.0,0.0,0.013888888888888888,0.0,0.0,1.0
3.0,1.3519922632647223e-06,0.0,0.0,0.0,0.0,0.013888888888888888,0.0,0.0,1.0
4.0,2.469512663007809e-08,0.0,0.0,0.0,0.0,0.013888888888888888,0.0,0.0,0.0
1.0,100.0,0.0017337936826249986,0.2072968136110392,0.0,0.0,0.013888888888888888,0.0,0.0,1.0
2.0,1.1901498757823432e-06,0.0,0.0,0.0,0.0,0.013888888888888888,0.0,0.0,1.0
3.0,1.3934130571194025e-06,0.0,0.0,0.0,0.0,0.013888888888888888,0.0,0.0,1.0
4.0,2.4807054577622868e-08,0.0,0.0,0.0,0.0,0.013888888888888888,0.0,0.0,0.0
1.0,100.0,0.0017341500974445232,0.20730816635731192,0.0,0.0,0.013888888888888888,0.0,0.0,1.0
2.0,1.2626262316670484e-06,0.0,0.0,0.0,0.0,0.013888888888888888,0.0,0.0,1.0
3.0,1.4313987524673268e-06,0.0,0.0,0.0,0.0,0.013888888888888888,0.0,0.0,1.0
4.0,2.4945858153999803e-08,0.0,0.0,0.0,0.0,0.013888888888888888,0.0,0.0,0.0
1.0,100.0,0.0017345040523265576,0.20731820881295945,0.0,0.0,0.013888888888888888,0.0,0.0,1.0
2.0,1.3291950451864347e-06,0.0,0.0,0.0,0.0,0.013888888888888888,0.0,0.0,1.0
3.0,1.4669746795154245e-06,0.0,0.0,0.0,0.0,0.013888888888888888,0.0,0.0,1.0
4.0,2.5074587414059313e-08,0.0,0.0,0.0,0.0,0.013888888888888888,0.0,0.0,0.0
1.0,100.0,0.0017348556493894981,0.2073270222350212,0.0,0.0,0.013888888888888888,0.0,0.0,1.0
2.0,1.3910345693906027e-06,0.0,0.0,0.0,0.0,0.013888888888888888,0.0,0.0,1.0
3.0,1.5006326497618196e-06,0.0,0.0,0.0,0.0,0.013888888888888888,0.0,0.0,1.0
4.0,2.5181921844123486e-08,0.0,0.0,0.0,0.0,0.013888888888888888,0.0,0.0,0.0
1.0,100.0,0.0017352049829763496,0.20733468115541695,0.0,0.0,0.013888888888888888,0.0,0.0,1.0
2.0,1.4488416032008978e-06,0.0,0.0,0.0,0.0,0.013888888888888888,0.0,0.0,1.0
3.0,1.532620382954798e-06,0.0,0.0,0.0,0.0,0.013888888888888888,0.0,0.0,1.0
4.0,2.5267596915742396e-08,0.0,0.0,0.0,0.0,0.013888888888888888,0.0,0.0,0.0
1.0,100.0,0.001735552140454095,0.20734125394167346,0.0,0.0,0.013888888888888888,0.0,0.0,1.0
2.0,1.5030823283875946e-06,0.0,0.0,0.0,0.0,0.013888888888888888,0.0,0.0,1.0
3.0,1.5630833202624715e-06,0.0,0.0,0.0,0.0,0.013888888888888888,0.0,0.0,1.0
4.0,2.5335281296814117e-08,0.0,0.0,0.0,0.0,0.013888888888888888,0.0,0.0,0.0
1.0,100.0,0.0017358972030544143,0.2073468034872612,0.0,0.0,0.013888888888888888,0.0,0.0,1.0
2.0,1.5540932270479844e-06,0.0,0.0,0.0,0.0,0.013888888888888888,0.0,0.0,1.0
3.0,1.5921158959255643e-06,0.0,0.0,0.0,0.0,0.013888888888888888,0.0,0.0,1.0
4.0,2.5385580270041335e-08,0.0,0.0,0.0,0.0,0.013888888888888888,0.0,0.0,0.0
1.0,100.0,0.0017362402461676204,0.20735138743425743,0.0,0.0,0.013888888888888888,0.0,0.0,1.0
2.0,1.602132466965094e-06,0.0,0.0,0.0,0.0,0.013888888888888888,0.0,0.0,1.0
3.0,1.6197832461350384e-06,0.0,0.0,0.0,0.0,0.013888888888888888,0.0,0.0,1.0
4.0,2.5422225471806123e-08,0.0,0.0,0.0,0.0,0.013888888888888888,0.0,0.0,0.0
1.0,100.0,0.001736581339557574,0.20735505836624546,0.0,0.0,0.013888888888888888,0.0,0.0,1.0
2.0,1.6474096031979388e-06,0.0,0.0,0.0,0.0,0.013888888888888888,0.0,0.0,1.0
3.0,1.6461278278007033e-06,0.0,0.0,0.0,0.0,0.013888888888888888,0.0,0.0,1.0
4.0,2.5448860245090092e-08,0.0,0.0,0.0,0.0,0.013888888888888888,0.0,0.0,0.0
1.0,100.0,0.0017369205495387477,0.20735786586446545,0.0,0.0,0.013888888888888888,0.0,0.0,1.0
2.0,1.690113804143731e-06,0.0,0.0,0.0,0.0,0.013888888888888888,0.0,0.0,1.0
3.0,1.6711954885499422e-06,0.0,0.0,0.0,0.0,0.013888888888888888,0.0,0.0,1.0
4.0,2.5463139940586657e-08,0.0,0.0,0.0,0.0,0.013888888888888888,0.0,0.0,0.0
1.0,100.0,0.0017372579376833087,0.20735985525897918,0.0,0.0,0.013888888888888888,0.0,0.0,1.0
2.0,1.730398535371279e-06,0.0,0.0,0.0,0.0,0.013888888888888888,0.0,0.0,1.0
3.0,1.6950158388793127e-06,0.0,0.0,0.0,0.0,0.013888888888888888,0.0,0.0,1.0
4.0,2.5468153195341037e-08,0.0,0.0,0.0,0.0,0.013888888888888888,0.0,0.0,0.0
1.0,100.0,0.0017375935617629473,0.2073610685164245,0.0,0.0,0.013888888888888888,0.0,0.0,1.0
2.0,1.7684091927919713e-06,0.0,0.0,0.0,0.0,0.013888888888888888,0.0,0.0,1.0
3.0,1.7176221826865883e-06,0.0,0.0,0.0,0.0,0.013888888888888888,0.0,0.0,1.0
4.0,2.5463395864248556e-08,0.0,0.0,0.0,0.0,0.013888888888888888,0.0,0.0,0.0
1.0,100.0,0.0017379275944200486,0.20736154456021777,0.0,0.0,0.013888888888888888,0.0,0.0,1.0
2.0,1.8042722867645094e-06,0.0,0.0,0.0,0.0,0.013888888888888888,0.0,0.0,1.0
3.0,1.7390472941651793e-06,0.0,0.0,0.0,0.0,0.013888888888888888,0.0,0.0,1.0
4.0,2.5452246477005397e-08,0.0,0.0,0.0,0.0,0.013888888888888888,0.0,0.0,0.0
1.0,100.0,0.001738260186069172,0.20736131953752035,0.0,0.0,0.013888888888888888,0.0,0.0,1.0
2.0,1.8380961861552787e-06,0.0,0.0,0.0,0.0,0.013888888888888888,0.0,0.0,1.0
3.0,1.759313383419883e-06,0.0,0.0,0.0,0.0,0.013888888888888888,0.0,0.0,1.0
4.0,2.5430419060945762e-08,0.0,0.0,0.0,0.0,0.013888888888888888,0.0,0.0,0.0
1.0,100.0,0.0017385911840579614,0.20736042707251096,0.0,0.0,0.013888888888888888,0.0,0.0,1.0
2.0,1.869985653313712e-06,0.0,0.0,0.0,0.0,0.013888888888888888,0.0,0.0,1.0
3.0,1.7784509299636001e-06,0.0,0.0,0.0,0.0,0.013888888888888888,0.0,0.0,1.0
4.0,2.540285527370084e-08,0.0,0.0,0.0,0.0,0.013888888888888888,0.0,0.0,0.0
1.0,100.0,0.0017389206336749271,0.20735889848340558,0.0,0.0,0.013888888888888888,0.0,0.0,1.0
2.0,1.900031368591512e-06,0.0,0.0,0.0,0.0,0.013888888888888888,0.0,0.0,1.0
3.0,1.7964839462394713e-06,0.0,0.0,0.0,0.0,0.013888888888888888,0.0,0.0,1.0
4.0,2.5367361752368926e-08,0.0,0.0,0.0,0.0,0.013888888888888888,0.0,0.0,0.0
1.0,100.0,0.001739248632528538,0.207356762964279,0.0,0.0,0.013888888888888888,0.0,0.0,1.0
2.0,1.928316397388215e-06,0.0,0.0,0.0,0.0,0.013888888888888888,0.0,0.0,1.0
3.0,1.8134286919366379e-06,0.0,0.0,0.0,0.0,0.013888888888888888,0.0,0.0,1.0
4.0,2.5324304159682512e-08,0.0,0.0,0.0,0.0,0.013888888888888888,0.0,0.0,0.0
1.0,100.0,0.0017395754305017845,0.207354047781749,0.0,0.0,0.013888888888888888,0.0,0.0,1.0
2.0,1.9549218628869706e-06,0.0,0.0,0.0,0.0,0.013888888888888888,0.0,0.0,1.0
3.0,1.8293081834289105e-06,0.0,0.0,0.0,0.0,0.013888888888888888,0.0,0.0,1.0
4.0,2.527393470198316e-08,0.0,0.0,0.0,0.0,0.013888888888888888,0.0,0.0,0.0
1.0,100.0,0.0017399008156976578,0.207350778429372,0.0,0.0,0.013888888888888888,0.0,0.0,1.0
2.0,1.979922130662528e-06,0.0,0.0,0.0,0.0,0.013888888888888888,0.0,0.0,1.0
3.0,1.84414459235997e-06,0.0,0.0,0.0,0.0,0.013888888888888888,0.0,0.0,1.0
4.0,2.521532064090318e-08,0.0,0.0,0.0,0.0,0.013888888888888888,0.0,0.0,0.0
1.0,100.0,0.001740224939107909,0.20734697876903202,0.0,0.0,0.013888888888888888,0.0,0.0,1.0
2.0,2.031258057032346e-06,0.0,0.0,0.0,0.0,0.013888888888888888,0.0,0.0,1.0
3.0,1.8579600650245418e-06,0.0,0.0,0.0,0.0,0.013888888888888888,0.0,0.0,1.0
4.0,2.515121012443477e-08,0.0,0.0,0.0,0.0,0.013888888888888888,0.0,0.0,0.0
1.0,100.0,0.001740547735862407,0.20734267117398036,0.0,0.0,0.013888888888888888,0.0,0.0,1.0
2.0,2.1617266193321475e-06,0.0,0.0,0.0,0.0,0.013888888888888888,0.0,0.0,1.0
3.0,1.9774396137889743e-06,0.0,0.0,0.0,0.0,0.013888888888888888,0.0,0.0,1.0
4.0,2.5079119905653345e-08,0.0,0.0,0.0,0.0,0.013888888888888888,0.0,0.0,0.0
1.0,100.0,0.0017408692293773762,0.20733787663645628,0.0,0.0,0.013888888888888888,0.0,0.0,1.0
2.0,2.2951712877461926e-06,0.0,0.0,0.0,0.0,0.013888888888888888,0.0,0.0,1.0
3.0,2.111249237605734e-06,0.0,0.0,0.0,0.0,0.013888888888888888,0.0,0.0,1.0
4.0,2.5000562759895464e-08,0.0,0.0,0.0,0.0,0.013888888888888888,0.0,0.0,0.0
1.0,100.0,0.0017411894751805978,0.2073326148804638,0.0,0.0,0.013888888888888888,0.0,0.0,1.0
2.0,2.431465122460075e-06,0.0,0.0,0.0,0.0,0.013888888888888888,0.0,0.0,1.0
3.0,2.2476713808655335e-06,0.0,0.0,0.0,0.0,0.013888888888888888,0.0,0.0,1.0
4.0,2.4913874836281485e-08,0.0,0.0,0.0,0.0,0.013888888888888888,0.0,0.0,0.0
1.0,100.0,0.0017415085417059513,0.20732690444054278,0.0,0.0,0.013888888888888888,0.0,0.0,1.0
2.0,2.5704885834510984e-06,0.0,0.0,0.0,0.0,0.013888888888888888,0.0,0.0,1.0
3.0,2.38661338445269e-06,0.0,0.0,0.0,0.0,0.013888888888888888,0.0,0.0,1.0
4.0,2.4821867271304255e-08,0.0,0.0,0.0,0.0,0.013888888888888888,0.0,0.0,0.0
1.0,100.0,0.00174182639949274,0.2073207627620604,0.0,0.0,0.013888888888888888,0.0,0.0,1.0
2.0,2.712106027328316e-06,0.0,0.0,0.0,0.0,0.013888888888888888,0.0,0.0,1.0
3.0,2.5279496299813443e-06,0.0,0.0,0.0,0.0,0.013888888888888888,0.0,0.0,1.0
4.0,2.472358212253155e-08,0.0,0.0,0.0,0.0,0.013888888888888888,0.0,0.0,0.0
1.0,100.0,0.0017421430760362424,0.20731420628293465,0.0,0.0,0.013888888888888888,0.0,0.0,1.0
2.0,2.8561978325290903e-06,0.0,0.0,0.0,0.0,0.013888888888888888,0.0,0.0,1.0
3.0,2.671571690574815e-06,0.0,0.0,0.0,0.0,0.013888888888888888,0.0,0.0,1.0
4.0,2.4617128663611863e-08,0.0,0.0,0.0,0.0,0.013888888888888888,0.0,0.0,0.0
1.0,100.0,0.0017424585977245735,0.20730725050314341,0.0,0.0,0.013888888888888888,0.0,0.0,1.0
2.0,3.0026510530168685e-06,0.0,0.0,0.0,0.0,0.013888888888888888,0.0,0.0,1.0
3.0,2.8173816729330897e-06,0.0,0.0,0.0,0.0,0.013888888888888888,0.0,0.0,1.0
4.0,2.4505154131597874e-08,0.0,0.0,0.0,0.0,0.013888888888888888,0.0,0.0,0.0
1.0,100.0,0.0017427729898885514,0.20729991005192192,0.0,0.0,0.013888888888888888,0.0,0.0,1.0
2.0,3.1513481245771237e-06,0.0,0.0,0.0,0.0,0.013888888888888888,0.0,0.0,1.0
3.0,2.965266694947679e-06,0.0,0.0,0.0,0.0,0.013888888888888888,0.0,0.0,1.0
4.0,2.4386498917145657e-08,0.0,0.0,0.0,0.0,0.013888888888888888,0.0,0.0,0.0
1.0,100.0,0.001743086306947035,0.2072921987484474,0.0,0.0,0.013888888888888888,0.0,0.0,1.0
2.0,3.302183697542401e-06,0.0,0.0,0.0,0.0,0.013888888888888888,0.0,0.0,1.0
3.0,3.115134933369119e-06,0.0,0.0,0.0,0.0,0.013888888888888888,0.0,0.0,1.0
4.0,2.426122614154588e-08,0.0,0.0,0.0,0.0,0.013888888888888888,0.0,0.0,0.0
1.0,100.0,0.0017433985839181822,0.20728412968206478,0.0,0.0,0.013888888888888888,0.0,0.0,1.0
2.0,3.455046068326887e-06,0.0,0.0,0.0,0.0,0.013888888888888888,0.0,0.0,1.0
3.0,3.2668533656556435e-06,0.0,0.0,0.0,0.0,0.013888888888888888,0.0,0.0,1.0
4.0,2.4130747683232576e-08,0.0,0.0,0.0,0.0,0.013888888888888888,0.0,0.0,0.0
1.0,100.0,0.0017437098053858452,0.20727571519780202,0.0,0.0,0.013888888888888888,0.0,0.0,1.0
2.0,3.609860114253051e-06,0.0,0.0,0.0,0.0,0.013888888888888888,0.0,0.0,1.0
3.0,3.4203976694368206e-06,0.0,0.0,0.0,0.0,0.013888888888888888,0.0,0.0,1.0
4.0,2.3992076200334232e-08,0.0,0.0,0.0,0.0,0.013888888888888888,0.0,0.0,0.0
1.0,100.0,0.0017440199930814494,0.2072669669917517,0.0,0.0,0.013888888888888888,0.0,0.0,1.0
2.0,3.7664838989509576e-06,0.0,0.0,0.0,0.0,0.013888888888888888,0.0,0.0,1.0
3.0,3.5756277355482607e-06,0.0,0.0,0.0,0.0,0.013888888888888888,0.0,0.0,1.0
4.0,2.3848854684082156e-08,0.0,0.0,0.0,0.0,0.013888888888888888,0.0,0.0,0.0
1.0,100.0,0.0017443170551195413,0.20724559441268098,0.0,0.0,0.013888888888888888,0.0,0.0,1.0
2.0,1.0872697485680077e-06,0.0,0.0,0.0,0.0,0.013888888888888888,0.0,0.0,1.0
3.0,9.237524414693565e-07,0.0,0.0,0.0,0.0,0.013888888888888888,0.0,0.0,1.0
4.0,1.5790006106599467e-08,0.0,0.0,0.0,0.0,0.013888888888888888,0.0,0.0,0.0
1.0,100.0,0.0017451995865671753,0.20724438284535507,0.0,0.0,0.013888888888888888,0.0,0.0,1.0
2.0,1.009048798577416e-06,0.0,0.0,0.0,0.0,0.013888888888888888,0.0,0.0,1.0
3.0,8.596044675535752e-07,0.0,0.0,0.0,0.0,0.013888888888888888,0.0,0.0,1.0
4.0,1.530679817254628e-08,0.0,0.0,0.0,0.0,0.013888888888888888,0.0,0.0,0.0
1.0,100.0,0.0017452001374055554,0.20724316422086078,0.0,0.0,0.013888888888888888,0.0,0.0,1.0
2.0,9.8116503206823e-07,0.0,0.0,0.0,0.0,0.013888888888888888,0.0,0.0,1.0
3.0,8.431387836957595e-07,0.0,0.0,0.0,0.0,0.013888888888888888,0.0,0.0,1.0
4.0,1.5002205920054883e-08,0.0,0.0,0.0,0.0,0.013888888888888888,0.0,0.0,0.0
1.0,100.0,0.0017452006931570321,0.2072419406899816,0.0,0.0,0.013888888888888888,0.0,0.0,1.0
2.0,9.563294420984578e-07,0.0,0.0,0.0,0.0,0.013888888888888888,0.0,0.0,1.0
3.0,8.280984104636133e-07,0.0,0.0,0.0,0.0,0.013888888888888888,0.0,0.0,1.0
4.0,1.46898005531139e-08,0.0,0.0,0.0,0.0,0.013888888888888888,0.0,0.0,0.0
1.0,100.0,0.0017452012457902868,0.20724071306497407,0.0,0.0,0.013888888888888888,0.0,0.0,1.0
2.0,9.333905926717959e-07,0.0,0.0,0.0,0.0,0.013888888888888888,0.0,0.0,1.0
3.0,8.138009928333272e-07,0.0,0.0,0.0,0.0,0.013888888888888888,0.0,0.0,1.0
4.0,1.4380460162477319e-08,0.0,0.0,0.0,0.0,0.013888888888888888,0.0,0.0,0.0
1.0,100.0,0.0017452018260097762,0.2072394817423347,0.0,0.0,0.013888888888888888,0.0,0.0,1.0
2.0,9.118656743281837e-07,0.0,0.0,0.0,0.0,0.013888888888888888,0.0,0.0,1.0
3.0,8.000122367073727e-07,0.0,0.0,0.0,0.0,0.013888888888888888,0.0,0.0,1.0
4.0,1.4080613194368243e-08,0.0,0.0,0.0,0.0,0.013888888888888888,0.0,0.0,0.0
1.0,100.0,0.0017452024204803057,0.20723824695796342,0.0,0.0,0.013888888888888888,0.0,0.0,1.0
2.0,8.914958965184297e-07,0.0,0.0,0.0,0.0,0.013888888888888888,0.0,0.0,1.0
3.0,7.866187311703202e-07,0.0,0.0,0.0,0.0,0.013888888888888888,0.0,0.0,1.0
4.0,1.3786868847636032e-08,0.0,0.0,0.0,0.0,0.013888888888888888,0.0,0.0,0.0
1.0,100.0,0.0017452030115481432,0.20723700886372104,0.0,0.0,0.013888888888888888,0.0,0.0,1.0
2.0,8.721167935201716e-07,0.0,0.0,0.0,0.0,0.013888888888888888,0.0,0.0,1.0
3.0,7.735579522583674e-07,0.0,0.0,0.0,0.0,0.013888888888888888,0.0,0.0,1.0
4.0,1.3500298464029088e-08,0.0,0.0,0.0,0.0,0.013888888888888888,0.0,0.0,0.0
1.0,100.0,0.0017452035991976178,0.20723576757815565,0.0,0.0,0.013888888888888888,0.0,0.0,1.0
2.0,8.53620723887725e-07,0.0,0.0,0.0,0.0,0.013888888888888888,0.0,0.0,1.0
3.0,7.607965946287224e-07,0.0,0.0,0.0,0.0,0.013888888888888888,0.0,0.0,1.0
4.0,1.3221418764321499e-08,0.0,0.0,0.0,0.0,0.013888888888888888,0.0,0.0,0.0
1.0,100.0,0.0017452041834099918,0.20723452320627864,0.0,0.0,0.013888888888888888,0.0,0.0,1.0
2.0,8.359150345013965e-07,0.0,0.0,0.0,0.0,0.013888888888888888,0.0,0.0,1.0
3.0,7.483053238454419e-07,0.0,0.0,0.0,0.0,0.013888888888888888,0.0,0.0,1.0
4.0,1.2949637247097653e-08,0.0,0.0,0.0,0.0,0.013888888888888888,0.0,0.0,0.0
1.0,100.0,0.001745204764167971,0.20723327584083023,0.0,0.0,0.013888888888888888,0.0,0.0,1.0
2.0,8.189305685263311e-07,0.0,0.0,0.0,0.0,0.013888888888888888,0.0,0.0,1.0
3.0,7.360687340414326e-07,0.0,0.0,0.0,0.0,0.013888888888888888,0.0,0.0,1.0
4.0,1.268257154925356e-08,0.0,0.0,0.0,0.0,0.013888888888888888,0.0,0.0,0.0
1.0,100.0,0.001745205341457596,0.20723202556578957,0.0,0.0,0.013888888888888888,0.0,0.0,1.0
2.0,8.026020774107738e-07,0.0,0.0,0.0,0.0,0.013888888888888888,0.0,0.0,1.0
3.0,7.240690750857192e-07,0.0,0.0,0.0,0.0,0.013888888888888888,0.0,0.0,1.0
4.0,1.2421797203223619e-08,0.0,0.0,0.0,0.0,0.013888888888888888,0.0,0.0,0.0
1.0,100.0,0.001745205915266107,0.20723077245686883,0.0,0.0,0.013888888888888888,0.0,0.0,1.0
2.0,7.868732122603758e-07,0.0,0.0,0.0,0.0,0.013888888888888888,0.0,0.0,1.0
3.0,7.122914835383674e-07,0.0,0.0,0.0,0.0,0.013888888888888888,0.0,0.0,1.0
4.0,1.216571335486984e-08,0.0,0.0,0.0,0.0,0.013888888888888888,0.0,0.0,0.0
1.0,100.0,0.0017452064855799402,0.20722951658252595,0.0,0.0,0.013888888888888888,0.0,0.0,1.0
2.0,7.716940532045706e-07,0.0,0.0,0.0,0.0,0.013888888888888888,0.0,0.0,1.0
3.0,7.007234784237228e-07,0.0,0.0,0.0,0.0,0.013888888888888888,0.0,0.0,1.0
4.0,1.1913853582893003e-08,0.0,0.0,0.0,0.0,0.013888888888888888,0.0,0.0,0.0
1.0,100.0,0.0017452070523888419,0.2072282580050109,0.0,0.0,0.013888888888888888,0.0,0.0,1.0
2.0,7.570197354026351e-07,0.0,0.0,0.0,0.0,0.013888888888888888,0.0,0.0,1.0
3.0,6.893553141237584e-07,0.0,0.0,0.0,0.0,0.013888888888888888,0.0,0.0,1.0
4.0,1.1667037138567837e-08,0.0,0.0,0.0,0.0,0.013888888888888888,0.0,0.0,0.0
1.0,100.0,0.0017452076156827263,0.20722699677996623,0.0,0.0,0.013888888888888888,0.0,0.0,1.0
2.0,7.428097431139957e-07,0.0,0.0,0.0,0.0,0.013888888888888888,0.0,0.0,1.0
3.0,6.78174358712086e-07,0.0,0.0,0.0,0.0,0.013888888888888888,0.0,0.0,1.0
4.0,1.142487322884313e-08,0.0,0.0,0.0,0.0,0.013888888888888888,0.0,0.0,0.0
1.0,100.0,0.0017452081754534496,0.20722573295788477,0.0,0.0,0.013888888888888888,0.0,0.0,1.0
2.0,7.290300902141544e-07,0.0,0.0,0.0,0.0,0.013888888888888888,0.0,0.0,1.0
3.0,6.67175417084804e-07,0.0,0.0,0.0,0.0,0.013888888888888888,0.0,0.0,1.0
4.0,1.1187008878936636e-08,0.0,0.0,0.0,0.0,0.013888888888888888,0.0,0.0,0.0
1.0,100.0,0.0017452087317017277,0.20722446658396812,0.0,0.0,0.013888888888888888,0.0,0.0,1.0
2.0,7.156434886089921e-07,0.0,0.0,0.0,0.0,0.013888888888888888,0.0,0.0,1.0
3.0,6.563450887020935e-07,0.0,0.0,0.0,0.0,0.013888888888888888,0.0,0.0,1.0
4.0,1.0952486103310376e-08,0.0,0.0,0.0,0.0,0.013888888888888888,0.0,0.0,0.0
1.0,100.0,0.001745209284415771,0.20722319769847453,0.0,0.0,0.013888888888888888,0.0,0.0,1.0
2.0,7.026242719365612e-07,0.0,0.0,0.0,0.0,0.013888888888888888,0.0,0.0,1.0
3.0,6.456799559096982e-07,0.0,0.0,0.0,0.0,0.013888888888888888,0.0,0.0,1.0
4.0,1.0722956047419505e-08,0.0,0.0,0.0,0.0,0.013888888888888888,0.0,0.0,0.0
1.0,100.0,0.0017452098335969375,0.20722192633790293,0.0,0.0,0.013888888888888888,0.0,0.0,1.0
2.0,6.899444045115627e-07,0.0,0.0,0.0,0.0,0.013888888888888888,0.0,0.0,1.0
3.0,6.351709165206838e-07,0.0,0.0,0.0,0.0,0.013888888888888888,0.0,0.0,1.0
4.0,1.0496666648247797e-08,0.0,0.0,0.0,0.0,0.013888888888888888,0.0,0.0,0.0
1.0,100.0,0.0017452104111384387,0.20722065253437247,0.0,0.0,0.013888888888888888,0.0,0.0,1.0
2.0,6.775798843773319e-07,0.0,0.0,0.0,0.0,0.013888888888888888,0.0,0.0,1.0
3.0,6.248128640526368e-07,0.0,0.0,0.0,0.0,0.013888888888888888,0.0,0.0,1.0
4.0,1.0273781727405246e-08,0.0,0.0,0.0,0.0,0.013888888888888888,0.0,0.0,0.0
1.0,100.0,0.0017452109968157108,0.20721937631703216,0.0,0.0,0.013888888888888888,0.0,0.0,1.0
2.0,6.655072140319118e-07,0.0,0.0,0.0,0.0,0.013888888888888888,0.0,0.0,1.0
3.0,6.145976292388102e-07,0.0,0.0,0.0,0.0,0.013888888888888888,0.0,0.0,1.0
4.0,1.0055586892447118e-08,0.0,0.0,0.0,0.0,0.013888888888888888,0.0,0.0,0.0
1.0,100.0,0.0017452115786294345,0.20721809771120994,0.0,0.0,0.013888888888888888,0.0,0.0,1.0
2.0,6.537068540009009e-07,0.0,0.0,0.0,0.0,0.013888888888888888,0.0,0.0,1.0
3.0,6.045190217930067e-07,0.0,0.0,0.0,0.0,0.013888888888888888,0.0,0.0,1.0
4.0,9.838023507297033e-09,0.0,0.0,0.0,0.0,0.013888888888888888,0.0,0.0,0.0
1.0,100.0,0.001745212156576863,0.20721681673961018,0.0,0.0,0.013888888888888888,0.0,0.0,1.0
2.0,6.421625673609477e-07,0.0,0.0,0.0,0.0,0.013888888888888888,0.0,0.0,1.0
3.0,5.945758428076379e-07,0.0,0.0,0.0,0.0,0.013888888888888888,0.0,0.0,1.0
4.0,9.625112325085881e-09,0.0,0.0,0.0,0.0,0.013888888888888888,0.0,0.0,0.0
1.0,100.0,0.0017452127306570903,0.20721553342248142,0.0,0.0,0.013888888888888888,0.0,0.0,1.0
2.0,6.308563905974831e-07,0.0,0.0,0.0,0.0,0.013888888888888888,0.0,0.0,1.0
3.0,5.847609189879012e-07,0.0,0.0,0.0,0.0,0.013888888888888888,0.0,0.0,1.0
4.0,9.41662642484544e-09,0.0,0.0,0.0,0.0,0.013888888888888888,0.0,0.0,0.0
1.0,100.0,0.0017452133008678346,0.20721424777785988,0.0,0.0,0.013888888888888888,0.0,0.0,1.0
2.0,6.197737383340649e-07,0.0,0.0,0.0,0.0,0.013888888888888888,0.0,0.0,1.0
3.0,5.750710222497093e-07,0.0,0.0,0.0,0.0,0.013888888888888888,0.0,0.0,1.0
4.0,9.210435650575693e-09,0.0,0.0,0.0,0.0,0.013888888888888888,0.0,0.0,0.0
1.0,100.0,0.0017452138672064967,0.20721295982165988,0.0,0.0,0.013888888888888888,0.0,0.0,1.0
2.0,6.08901058907963e-07,0.0,0.0,0.0,0.0,0.013888888888888888,0.0,0.0,1.0
3.0,5.655008700738635e-07,0.0,0.0,0.0,0.0,0.013888888888888888,0.0,0.0,1.0
4.0,9.008569251388607e-09,0.0,0.0,0.0,0.0,0.013888888888888888,0.0,0.0,0.0
1.0,100.0,0.0017452144296752948,0.20721166956700313,0.0,0.0,0.013888888888888888,0.0,0.0,1.0
2.0,5.982268300837485e-07,0.0,0.0,0.0,0.0,0.013888888888888888,0.0,0.0,1.0
3.0,5.560471714663779e-07,0.0,0.0,0.0,0.0,0.013888888888888888,0.0,0.0,1.0
4.0,8.807510625669414e-09,0.0,0.0,0.0,0.0,0.013888888888888888,0.0,0.0,0.0
1.0,100.0,0.0017452149882723565,0.2072103770258275,0.0,0.0,0.013888888888888888,0.0,0.0,1.0
2.0,5.877384079937169e-07,0.0,0.0,0.0,0.0,0.013888888888888888,0.0,0.0,1.0
3.0,5.467075555819651e-07,0.0,0.0,0.0,0.0,0.013888888888888888,0.0,0.0,1.0
4.0,8.61198630804264e-09,0.0,0.0,0.0,0.0,0.013888888888888888,0.0,0.0,0.0
1.0,100.0,0.0017452155429939877,0.20720908220833684,0.0,0.0,0.013888888888888888,0.0,0.0,1.0
2.0,5.774270687895141e-07,0.0,0.0,0.0,0.0,0.013888888888888888,0.0,0.0,1.0
3.0,5.374772946461362e-07,0.0,0.0,0.0,0.0,0.013888888888888888,0.0,0.0,1.0
4.0,8.41774866822538e-09,0.0,0.0,0.0,0.0,0.013888888888888888,0.0,0.0,0.0
1.0,100.0,0.001745216093839294,0.20720778512386004,0.0,0.0,0.013888888888888888,0.0,0.0,1.0
2.0,5.672825132185505e-07,0.0,0.0,0.0,0.0,0.013888888888888888,0.0,0.0,1.0
3.0,5.283530852039616e-07,0.0,0.0,0.0,0.0,0.013888888888888888,0.0,0.0,1.0
4.0,8.22639840572481e-09,0.0,0.0,0.0,0.0,0.013888888888888888,0.0,0.0,0.0
1.0,100.0,0.0017452166408077814,0.20720648578000347,0.0,0.0,0.013888888888888888,0.0,0.0,1.0
2.0,5.572961562956466e-07,0.0,0.0,0.0,0.0,0.013888888888888888,0.0,0.0,1.0
3.0,5.193326321686982e-07,0.0,0.0,0.0,0.0,0.013888888888888888,0.0,0.0,1.0
4.0,8.038389237249532e-09,0.0,0.0,0.0,0.0,0.013888888888888888,0.0,0.0,0.0
1.0,100.0,0.0017452171838986813,0.20720518418313466,0.0,0.0,0.013888888888888888,0.0,0.0,1.0
2.0,5.474622742455014e-07,0.0,0.0,0.0,0.0,0.013888888888888888,0.0,0.0,1.0
3.0,5.104164637860892e-07,0.0,0.0,0.0,0.0,0.013888888888888888,0.0,0.0,1.0
4.0,7.854489975629141e-09,0.0,0.0,0.0,0.0,0.013888888888888888,0.0,0.0,0.0
1.0,100.0,0.0017452177231124847,0.20720388033891002,0.0,0.0,0.013888888888888888,0.0,0.0,1.0
2.0,5.37771740290247e-07,0.0,0.0,0.0,0.0,0.013888888888888888,0.0,0.0,1.0
3.0,5.015968274956836e-07,0.0,0.0,0.0,0.0,0.013888888888888888,0.0,0.0,1.0
4.0,7.671410945860556e-09,0.0,0.0,0.0,0.0,0.013888888888888888,0.0,0.0,0.0
1.0,100.0,0.0017452182584484933,0.2072025742520974,0.0,0.0,0.013888888888888888,0.0,0.0,1.0
2.0,5.282180493759733e-07,0.0,0.0,0.0,0.0,0.013888888888888888,0.0,0.0,1.0
3.0,4.928718190547325e-07,0.0,0.0,0.0,0.0,0.013888888888888888,0.0,0.0,1.0
4.0,7.491534281112106e-09,0.0,0.0,0.0,0.0,0.013888888888888888,0.0,0.0,0.0
1.0,100.0,0.0017969025078526366,0.2072025382289994,0.0,0.0,0.013888888888888888,0.0,0.0,1.0
2.0,3.1320425525635085e-05,0.0,0.0,0.0,0.0,0.013888888888888888,0.0,0.0,1.0
3.0,2.970809055334926e-05,0.0,0.0,0.0,0.0,0.013888888888888888,0.0,0.0,1.0
4.0,1.9982341164093933e-07,0.0,0.0,0.0,0.0,0.013888888888888888,0.0,0.0,0.0
1.0,100.0,0.0017111095754077774,0.2420942423906046,0.0,0.0,0.013888888888888888,0.0,0.0,1.0
2.0,1.6618663952428895e-06,0.0,0.0,0.0,0.0,0.013888888888888888,0.0,0.0,1.0
3.0,1.353892236360016e-06,0.0,0.0,0.0,0.0,0.013888888888888888,0.0,0.0,1.0
4.0,6.318503176167294e-09,0.0,0.0,0.0,0.0,0.013888888888888888,0.0,0.0,0.0
1.0,100.0,0.00172951384405493,0.20802588378251624,0.0,0.0,0.013888888888888888,0.0,0.0,1.0
2.0,2.4188017953850046e-07,0.0,0.0,0.0,0.0,0.013888888888888888,0.0,0.0,1.0
3.0,4.9248632917349e-07,0.0,0.0,0.0,0.0,0.013888888888888888,0.0,0.0,1.0
4.0,7.433379779198156e-09,0.0,0.0,0.0,0.0,0.013888888888888888,0.0,0.0,0.0
1.0,100.0,0.0017298546945109861,0.20803998952710093,0.0,0.0,0.013888888888888888,0.0,0.0,1.0
2.0,3.075230514712927e-07,0.0,0.0,0.0,0.0,0.013888888888888888,0.0,0.0,1.0
3.0,5.525286068774635e-07,0.0,0.0,0.0,0.0,0.013888888888888888,0.0,0.0,1.0
4.0,7.148391834729654e-09,0.0,0.0,0.0,0.0,0.013888888888888888,0.0,0.0,0.0
1.0,100.0,0.0017301937621731409,0.20805429523610466,0.0,0.0,0.013888888888888888,0.0,0.0,1.0
2.0,3.7098410656764513e-07,0.0,0.0,0.0,0.0,0.013888888888888888,0.0,0.0,1.0
3.0,5.926368337402857e-07,0.0,0.0,0.0,0.0,0.013888888888888888,0.0,0.0,1.0
4.0,7.040079024516076e-09,0.0,0.0,0.0,0.0,0.013888888888888888,0.0,0.0,0.0
1.0,100.0,0.0017305304017504774,0.20806710174227747,0.0,0.0,0.013888888888888888,0.0,0.0,1.0
2.0,4.356679995039692e-07,0.0,0.0,0.0,0.0,0.013888888888888888,0.0,0.0,1.0
3.0,6.246963295038139e-07,0.0,0.0,0.0,0.0,0.013888888888888888,0.0,0.0,1.0
4.0,7.000421746758363e-09,0.0,0.0,0.0,0.0,0.013888888888888888,0.0,0.0,0.0
1.0,100.0,0.0017308647237624802,0.20807850436421485,0.0,0.0,0.013888888888888888,0.0,0.0,1.0
2.0,4.920170880127174e-07,0.0,0.0,0.0,0.0,0.013888888888888888,0.0,0.0,1.0
3.0,6.527024186885889e-07,0.0,0.0,0.0,0.0,0.013888888888888888,0.0,0.0,1.0
4.0,6.982393194865432e-09,0.0,0.0,0.0,0.0,0.013888888888888888,0.0,0.0,0.0
1.0,100.0,0.0017311968297515875,0.20808859171444058,0.0,0.0,0.013888888888888888,0.0,0.0,1.0
2.0,5.430987038929872e-07,0.0,0.0,0.0,0.0,0.013888888888888888,0.0,0.0,1.0
3.0,6.783247528433868e-07,0.0,0.0,0.0,0.0,0.013888888888888888,0.0,0.0,1.0
4.0,6.969683401606807e-09,0.0,0.0,0.0,0.0,0.013888888888888888,0.0,0.0,0.0
1.0,100.0,0.0017315268132774874,0.2080974453395026,0.0,0.0,0.013888888888888888,0.0,0.0,1.0
2.0,5.945604913144556e-07,0.0,0.0,0.0,0.0,0.013888888888888888,0.0,0.0,1.0
3.0,7.02301306752196e-07,0.0,0.0,0.0,0.0,0.013888888888888888,0.0,0.0,1.0
4.0,6.956998585518147e-09,0.0,0.0,0.0,0.0,0.013888888888888888,0.0,0.0,0.0
1.0,100.0,0.0017318547607769507,0.20810514002228628,0.0,0.0,0.013888888888888888,0.0,0.0,1.0
2.0,6.625499805347707e-07,0.0,0.0,0.0,0.0,0.013888888888888888,0.0,0.0,1.0
3.0,7.24941394800556e-07,0.0,0.0,0.0,0.0,0.013888888888888888,0.0,0.0,1.0
4.0,6.939284496521834e-09,0.0,0.0,0.0,0.0,0.013888888888888888,0.0,0.0,0.0
1.0,100.0,0.0017321807522983753,0.20811174436083582,0.0,0.0,0.013888888888888888,0.0,0.0,1.0
2.0,7.353827291552707e-07,0.0,0.0,0.0,0.0,0.013888888888888888,0.0,0.0,1.0
3.0,7.464009620593862e-07,0.0,0.0,0.0,0.0,0.013888888888888888,0.0,0.0,1.0
4.0,6.918141893490488e-09,0.0,0.0,0.0,0.0,0.013888888888888888,0.0,0.0,0.0
1.0,100.0,0.001732504862328574,0.20811732153138418,0.0,0.0,0.013888888888888888,0.0,0.0,1.0
2.0,8.130798276566618e-07,0.0,0.0,0.0,0.0,0.013888888888888888,0.0,0.0,1.0
3.0,7.667583113264679e-07,0.0,0.0,0.0,0.0,0.013888888888888888,0.0,0.0,1.0
4.0,6.8937850740949926e-09,0.0,0.0,0.0,0.0,0.013888888888888888,0.0,0.0,0.0
1.0,100.0,0.0017328271597016835,0.20812192912797947,0.0,0.0,0.013888888888888888,0.0,0.0,1.0
2.0,8.955808791149734e-07,0.0,0.0,0.0,0.0,0.013888888888888888,0.0,0.0,1.0
3.0,7.860629824839582e-07,0.0,0.0,0.0,0.0,0.013888888888888888,0.0,0.0,1.0
4.0,6.866957703261051e-09,0.0,0.0,0.0,0.0,0.013888888888888888,0.0,0.0,0.0
1.0,100.0,0.0017331477086322022,0.20812562022735037,0.0,0.0,0.013888888888888888,0.0,0.0,1.0
2.0,9.827777439658234e-07,0.0,0.0,0.0,0.0,0.013888888888888888,0.0,0.0,1.0
3.0,8.043514070057877e-07,0.0,0.0,0.0,0.0,0.013888888888888888,0.0,0.0,1.0
4.0,6.837407724088279e-09,0.0,0.0,0.0,0.0,0.013888888888888888,0.0,0.0,0.0
1.0,100.0,0.0017334665697651705,0.20812844447795548,0.0,0.0,0.013888888888888888,0.0,0.0,1.0
2.0,1.0745308094067748e-06,0.0,0.0,0.0,0.0,0.013888888888888888,0.0,0.0,1.0
3.0,8.809764110207371e-07,0.0,0.0,0.0,0.0,0.013888888888888888,0.0,0.0,1.0
4.0,6.8061056659206895e-09,0.0,0.0,0.0,0.0,0.013888888888888888,0.0,0.0,0.0
1.0,100.0,0.00173378379951668,0.20813044737925812,0.0,0.0,0.013888888888888888,0.0,0.0,1.0
2.0,1.1706941405030287e-06,0.0,0.0,0.0,0.0,0.013888888888888888,0.0,0.0,1.0
3.0,9.791651170410786e-07,0.0,0.0,0.0,0.0,0.013888888888888888,0.0,0.0,1.0
4.0,6.771904590899488e-09,0.0,0.0,0.0,0.0,0.013888888888888888,0.0,0.0,0.0
1.0,100.0,0.0017340994508206965,0.2081316710579493,0.0,0.0,0.013888888888888888,0.0,0.0,1.0
2.0,1.2711055060834957e-06,0.0,0.0,0.0,0.0,0.013888888888888888,0.0,0.0,1.0
3.0,1.0812826286833087e-06,0.0,0.0,0.0,0.0,0.013888888888888888,0.0,0.0,1.0
4.0,6.735938876055532e-09,0.0,0.0,0.0,0.0,0.013888888888888888,0.0,0.0,0.0
1.0,100.0,0.0017344135734379837,0.20813215458744277,0.0,0.0,0.013888888888888888,0.0,0.0,1.0
2.0,1.3756077780090898e-06,0.0,0.0,0.0,0.0,0.013888888888888888,0.0,0.0,1.0
3.0,1.187175254860244e-06,0.0,0.0,0.0,0.0,0.013888888888888888,0.0,0.0,1.0
4.0,6.699481528171632e-09,0.0,0.0,0.0,0.0,0.013888888888888888,0.0,0.0,0.0
1.0,100.0,0.0017347262142359506,0.20813193425360718,0.0,0.0,0.013888888888888888,0.0,0.0,1.0
2.0,1.4840575321419481e-06,0.0,0.0,0.0,0.0,0.013888888888888888,0.0,0.0,1.0
3.0,1.2967235532285358e-06,0.0,0.0,0.0,0.0,0.013888888888888888,0.0,0.0,1.0
4.0,6.658940472619695e-09,0.0,0.0,0.0,0.0,0.013888888888888888,0.0,0.0,0.0
1.0,100.0,0.0017350374174326286,0.20813104380962974,0.0,0.0,0.013888888888888888,0.0,0.0,1.0
2.0,1.5962940026277777e-06,0.0,0.0,0.0,0.0,0.013888888888888888,0.0,0.0,1.0
3.0,1.4097678022772457e-06,0.0,0.0,0.0,0.0,0.013888888888888888,0.0,0.0,1.0
4.0,6.61787001125383e-09,0.0,0.0,0.0,0.0,0.013888888888888888,0.0,0.0,0.0
1.0,100.0,0.0017353472248181612,0.20812951469471605,0.0,0.0,0.013888888888888888,0.0,0.0,1.0
2.0,1.7121826307721118e-06,0.0,0.0,0.0,0.0,0.013888888888888888,0.0,0.0,1.0
3.0,1.5261939197567502e-06,0.0,0.0,0.0,0.0,0.013888888888888888,0.0,0.0,1.0
4.0,6.576169323793619e-09,0.0,0.0,0.0,0.0,0.013888888888888888,0.0,0.0,0.0
1.0,100.0,0.0017356556759595093,0.20812737621714947,0.0,0.0,0.013888888888888888,0.0,0.0,1.0
2.0,1.8315688210386398e-06,0.0,0.0,0.0,0.0,0.013888888888888888,0.0,0.0,1.0
3.0,1.6458803714755711e-06,0.0,0.0,0.0,0.0,0.013888888888888888,0.0,0.0,1.0
4.0,6.776176132265106e-09,0.0,0.0,0.0,0.0,0.013888888888888888,0.0,0.0,0.0
1.0,100.0,0.001735962808384749,0.20812465574096684,0.0,0.0,0.013888888888888888,0.0,0.0,1.0
2.0,1.9542940722957574e-06,0.0,0.0,0.0,0.0,0.013888888888888888,0.0,0.0,1.0
3.0,1.7686978773599877e-06,0.0,0.0,0.0,0.0,0.013888888888888888,0.0,0.0,1.0
4.0,7.562971251572903e-09,0.0,0.0,0.0,0.0,0.013888888888888888,0.0,0.0,0.0
1.0,100.0,0.001736268845285639,0.2081213788631308,0.0,0.0,0.013888888888888888,0.0,0.0,1.0
2.0,2.0802031858405248e-06,0.0,0.0,0.0,0.0,0.013888888888888888,0.0,0.0,1.0
3.0,1.8944983250607945e-06,0.0,0.0,0.0,0.0,0.013888888888888888,0.0,0.0,1.0
4.0,8.385948275499276e-09,0.0,0.0,0.0,0.0,0.013888888888888888,0.0,0.0,0.0
1.0,100.0,0.001736573852737477,0.20811756955372004,0.0,0.0,0.013888888888888888,0.0,0.0,1.0
2.0,2.2091661170070623e-06,0.0,0.0,0.0,0.0,0.013888888888888888,0.0,0.0,1.0
3.0,2.023165172980489e-06,0.0,0.0,0.0,0.0,0.013888888888888888,0.0,0.0,1.0
4.0,9.246018714353731e-09,0.0,0.0,0.0,0.0,0.013888888888888888,0.0,0.0,0.0
1.0,100.0,0.0017368776566786903,0.2081132502740282,0.0,0.0,0.013888888888888888,0.0,0.0,1.0
2.0,2.3410494228920286e-06,0.0,0.0,0.0,0.0,0.013888888888888888,0.0,0.0,1.0
3.0,2.1545710599765246e-06,0.0,0.0,0.0,0.0,0.013888888888888888,0.0,0.0,1.0
4.0,1.0141656822695515e-08,0.0,0.0,0.0,0.0,0.013888888888888888,0.0,0.0,0.0
1.0,100.0,0.0017371802876547527,0.2081084420944978,0.0,0.0,0.013888888888888888,0.0,0.0,1.0
2.0,2.4757284505642137e-06,0.0,0.0,0.0,0.0,0.013888888888888888,0.0,0.0,1.0
3.0,2.288603310155814e-06,0.0,0.0,0.0,0.0,0.013888888888888888,0.0,0.0,1.0
4.0,1.1073947979629399e-08,0.0,0.0,0.0,0.0,0.013888888888888888,0.0,0.0,0.0
1.0,100.0,0.0017374817747949508,0.20810316481031177,0.0,0.0,0.013888888888888888,0.0,0.0,1.0
2.0,2.613080986718924e-06,0.0,0.0,0.0,0.0,0.013888888888888888,0.0,0.0,1.0
3.0,2.425144074537426e-06,0.0,0.0,0.0,0.0,0.013888888888888888,0.0,0.0,1.0
4.0,1.204161235739968e-08,0.0,0.0,0.0,0.0,0.013888888888888888,0.0,0.0,0.0
1.0,100.0,0.0017377821459721836,0.20809743703364192,0.0,0.0,0.013888888888888888,0.0,0.0,1.0
2.0,2.7529891759816286e-06,0.0,0.0,0.0,0.0,0.013888888888888888,0.0,0.0,1.0
3.0,2.5640837402930916e-06,0.0,0.0,0.0,0.0,0.013888888888888888,0.0,0.0,1.0
4.0,1.3044516036189694e-08,0.0,0.0,0.0,0.0,0.013888888888888888,0.0,0.0,0.0
1.0,100.0,0.001738081583880731,0.2080912762758758,0.0,0.0,0.013888888888888888,0.0,0.0,1.0
2.0,2.8953333258520157e-06,0.0,0.0,0.0,0.0,0.013888888888888888,0.0,0.0,1.0
3.0,2.7053211107674875e-06,0.0,0.0,0.0,0.0,0.013888888888888888,0.0,0.0,1.0
4.0,1.4081044222335436e-08,0.0,0.0,0.0,0.0,0.013888888888888888,0.0,0.0,0.0
1.0,100.0,0.0019498429411821166,0.28977208552921896,0.0,0.0,0.013888888888888888,0.0,0.0,1.0
2.0,3.0399896270292754e-06,0.0,0.0,0.0,0.0,0.013888888888888888,0.0,0.0,1.0
3.0,2.8487351587741413e-06,0.0,0.0,0.0,0.0,0.013888888888888888,0.0,0.0,1.0
4.0,1.5151425036773457e-08,0.0,0.0,0.0,0.0,0.013888888888888888,0.0,0.0,0.0
1.0,100.0,0.001728403386035795,0.20730419157392546,0.0,0.0,0.013888888888888888,0.0,0.0,1.0
2.0,3.186850174849722e-06,0.0,0.0,0.0,0.0,0.013888888888888888,0.0,0.0,1.0
3.0,2.994228154311235e-06,0.0,0.0,0.0,0.0,0.013888888888888888,0.0,0.0,1.0
4.0,1.625649643497714e-08,0.0,0.0,0.0,0.0,0.013888888888888888,0.0,0.0,0.0
1.0,100.0,0.0017288079441326544,0.20729766157571267,0.0,0.0,0.013888888888888888,0.0,0.0,1.0
2.0,3.3358035640580003e-06,0.0,0.0,0.0,0.0,0.013888888888888888,0.0,0.0,1.0
3.0,3.1416927004213706e-06,0.0,0.0,0.0,0.0,0.013888888888888888,0.0,0.0,1.0
4.0,1.739342265294463e-08,0.0,0.0,0.0,0.0,0.013888888888888888,0.0,0.0,0.0
1.0,100.0,0.0017292091750910749,0.20728984889809818,0.0,0.0,0.013888888888888888,0.0,0.0,1.0
2.0,3.4867455186395986e-06,0.0,0.0,0.0,0.0,0.013888888888888888,0.0,0.0,1.0
3.0,3.2910333971314932e-06,0.0,0.0,0.0,0.0,0.013888888888888888,0.0,0.0,1.0
4.0,1.8562009730498466e-08,0.0,0.0,0.0,0.0,0.013888888888888888,0.0,0.0,0.0
1.0,100.0,0.0017296094008510765,0.20728197996572353,0.0,0.0,0.013888888888888888,0.0,0.0,1.0
2.0,3.6395687146138648e-06,0.0,0.0,0.0,0.0,0.013888888888888888,0.0,0.0,1.0
3.0,3.4421218646924072e-06,0.0,0.0,0.0,0.0,0.013888888888888888,0.0,0.0,1.0
4.0,1.9762194235168015e-08,0.0,0.0,0.0,0.0,0.013888888888888888,0.0,0.0,0.0
1.0,100.0,0.0017300086339723576,0.20727405646388825,0.0,0.0,0.013888888888888888,0.0,0.0,1.0
2.0,3.7941984134870995e-06,0.0,0.0,0.0,0.0,0.013888888888888888,0.0,0.0,1.0
3.0,3.5949265519121083e-06,0.0,0.0,0.0,0.0,0.013888888888888888,0.0,0.0,1.0
4.0,2.0994798741558173e-08,0.0,0.0,0.0,0.0,0.013888888888888888,0.0,0.0,0.0
1.0,100.0,0.0017304070353564138,0.20726608000759084,0.0,0.0,0.013888888888888888,0.0,0.0,1.0
2.0,3.950501271304294e-06,0.0,0.0,0.0,0.0,0.013888888888888888,0.0,0.0,1.0
3.0,3.7493172238806468e-06,0.0,0.0,0.0,0.0,0.013888888888888888,0.0,0.0,1.0
4.0,2.2256752431459458e-08,0.0,0.0,0.0,0.0,0.013888888888888888,0.0,0.0,0.0
1.0,100.0,0.0017307986595282094,0.20724688704082736,0.0,0.0,0.013888888888888888,0.0,0.0,1.0
2.0,2.6451608211746247e-07,0.0,0.0,0.0,0.0,0.013888888888888888,0.0,0.0,1.0
3.0,2.2645901565612843e-07,0.0,0.0,0.0,0.0,0.013888888888888888,0.0,0.0,1.0
4.0,1.4045423729020544e-09,0.0,0.0,0.0,0.0,0.013888888888888888,0.0,0.0,0.0
1.0,100.0,0.001731872310970334,0.20724661753380091,0.0,0.0,0.013888888888888888,0.0,0.0,1.0
2.0,2.029751955247973e-07,0.0,0.0,0.0,0.0,0.013888888888888888,0.0,0.0,1.0
3.0,1.1517917774401517e-07,0.0,0.0,0.0,0.0,0.013888888888888888,0.0,0.0,1.0
4.0,7.845377461716142e-10,0.0,0.0,0.0,0.0,0.013888888888888888,0.0,0.0,0.0
1.0,100.0,0.0017318715253035763,0.2072463425220536,0.0,0.0,0.013888888888888888,0.0,0.0,1.0
2.0,1.8694405876872304e-07,0.0,0.0,0.0,0.0,0.013888888888888888,0.0,0.0,1.0
3.0,1.0933644997727948e-07,0.0,0.0,0.0,0.0,0.013888888888888888,0.0,0.0,1.0
4.0,7.508745851704065e-10,0.0,0.0,0.0,0.0,0.013888888888888888,0.0,0.0,0.0
1.0,100.0,0.001731870749470133,0.2072460640269497,0.0,0.0,0.013888888888888888,0.0,0.0,1.0
2.0,1.7411939854769266e-07,0.0,0.0,0.0,0.0,0.013888888888888888,0.0,0.0,1.0
3.0,1.0519840656456229e-07,0.0,0.0,0.0,0.0,0.013888888888888888,0.0,0.0,1.0
4.0,7.196942687655507e-10,0.0,0.0,0.0,0.0,0.013888888888888888,0.0,0.0,0.0
1.0,100.0,0.0017318699750196011,0.20724578276618263,0.0,0.0,0.013888888888888888,0.0,0.0,1.0
2.0,1.6307478295204259e-07,0.0,0.0,0.0,0.0,0.013888888888888888,0.0,0.0,1.0
3.0,1.0184191292093954e-07,0.0,0.0,0.0,0.0,0.013888888888888888,0.0,0.0,1.0
4.0,6.909589814904592e-10,0.0,0.0,0.0,0.0,0.013888888888888888,0.0,0.0,0.0
1.0,100.0,0.0017318692017715773,0.20724549909352658,0.0,0.0,0.013888888888888888,0.0,0.0,1.0
2.0,1.53319257263933e-07,0.0,0.0,0.0,0.0,0.013888888888888888,0.0,0.0,1.0
3.0,9.896653183276797e-08,0.0,0.0,0.0,0.0,0.013888888888888888,0.0,0.0,1.0
4.0,6.657273677793219e-10,0.0,0.0,0.0,0.0,0.013888888888888888,0.0,0.0,0.0
1.0,100.0,0.0017318684329383615,0.20724521321623673,0.0,0.0,0.013888888888888888,0.0,0.0,1.0
2.0,1.4453784887277946e-07,0.0,0.0,0.0,0.0,0.013888888888888888,0.0,0.0,1.0
3.0,9.645371011676696e-08,0.0,0.0,0.0,0.0,0.013888888888888888,0.0,0.0,1.0
4.0,6.406848373304157e-10,0.0,0.0,0.0,0.0,0.013888888888888888,0.0,0.0,0.0
1.0,100.0,0.0017318676817798615,0.20724492528007843,0.0,0.0,0.013888888888888888,0.0,0.0,1.0
2.0,1.365262798620337e-07,0.0,0.0,0.0,0.0,0.013888888888888888,0.0,0.0,1.0
3.0,9.419192615869375e-08,0.0,0.0,0.0,0.0,0.013888888888888888,0.0,0.0,1.0
4.0,6.189821305235429e-10,0.0,0.0,0.0,0.0,0.013888888888888888,0.0,0.0,0.0
1.0,100.0,0.0017318669307115739,0.2072446354132378,0.0,0.0,0.013888888888888888,0.0,0.0,1.0
2.0,1.2919289979141154e-07,0.0,0.0,0.0,0.0,0.013888888888888888,0.0,0.0,1.0
3.0,9.21257534397146e-08,0.0,0.0,0.0,0.0,0.013888888888888888,0.0,0.0,1.0
4.0,5.994471650190577e-10,0.0,0.0,0.0,0.0,0.013888888888888888,0.0,0.0,0.0
1.0,100.0,0.0017318661796465293,0.20724434372963346,0.0,0.0,0.013888888888888888,0.0,0.0,1.0
2.0,1.2247357074580255e-07,0.0,0.0,0.0,0.0,0.013888888888888888,0.0,0.0,1.0
3.0,9.022025079899546e-08,0.0,0.0,0.0,0.0,0.013888888888888888,0.0,0.0,1.0
4.0,5.811599205799459e-10,0.0,0.0,0.0,0.0,0.013888888888888888,0.0,0.0,0.0
1.0,100.0,0.0017318654285067546,0.2072440503325691,0.0,0.0,0.013888888888888888,0.0,0.0,1.0
2.0,1.1631048169138958e-07,0.0,0.0,0.0,0.0,0.013888888888888888,0.0,0.0,1.0
3.0,8.845096672804303e-08,0.0,0.0,0.0,0.0,0.013888888888888888,0.0,0.0,1.0
4.0,5.632885999298196e-10,0.0,0.0,0.0,0.0,0.013888888888888888,0.0,0.0,0.0
1.0,100.0,0.001731864677220021,0.2072437553161687,0.0,0.0,0.013888888888888888,0.0,0.0,1.0
2.0,1.1065284160942357e-07,0.0,0.0,0.0,0.0,0.013888888888888888,0.0,0.0,1.0
3.0,8.679558537516076e-08,0.0,0.0,0.0,0.0,0.013888888888888888,0.0,0.0,1.0
4.0,5.471187012668862e-10,0.0,0.0,0.0,0.0,0.013888888888888888,0.0,0.0,0.0
1.0,100.0,0.0017318639257275401,0.20724345876748598,0.0,0.0,0.013888888888888888,0.0,0.0,1.0
2.0,1.0545594685130859e-07,0.0,0.0,0.0,0.0,0.013888888888888888,0.0,0.0,1.0
3.0,8.524337024615194e-08,0.0,0.0,0.0,0.0,0.013888888888888888,0.0,0.0,1.0
4.0,5.327762503376828e-10,0.0,0.0,0.0,0.0,0.013888888888888888,0.0,0.0,0.0
1.0,100.0,0.0017318631739554633,0.20724316076557547,0.0,0.0,0.013888888888888888,0.0,0.0,1.0
2.0,1.0067721119406268e-07,0.0,0.0,0.0,0.0,0.013888888888888888,0.0,0.0,1.0
3.0,8.378024319817955e-08,0.0,0.0,0.0,0.0,0.013888888888888888,0.0,0.0,1.0
4.0,5.187867015531075e-10,0.0,0.0,0.0,0.0,0.013888888888888888,0.0,0.0,0.0
1.0,100.0,0.0017318624218576044,0.2072428613825275,0.0,0.0,0.013888888888888888,0.0,0.0,1.0
2.0,9.62786990148178e-08,0.0,0.0,0.0,0.0,0.013888888888888888,0.0,0.0,1.0
3.0,8.240005875984635e-08,0.0,0.0,0.0,0.0,0.013888888888888888,0.0,0.0,1.0
4.0,5.056541704776832e-10,0.0,0.0,0.0,0.0,0.013888888888888888,0.0,0.0,0.0
1.0,100.0,0.001731861669393718,0.20724256068433816,0.0,0.0,0.013888888888888888,0.0,0.0,1.0
2.0,9.222654553918691e-08,0.0,0.0,0.0,0.0,0.013888888888888888,0.0,0.0,1.0
3.0,8.108885495512116e-08,0.0,0.0,0.0,0.0,0.013888888888888888,0.0,0.0,1.0
4.0,4.93844962864795e-10,0.0,0.0,0.0,0.0,0.013888888888888888,0.0,0.0,0.0
1.0,100.0,0.001731860916497024,0.2072422587308807,0.0,0.0,0.013888888888888888,0.0,0.0,1.0
2.0,8.848796993827352e-08,0.0,0.0,0.0,0.0,0.013888888888888888,0.0,0.0,1.0
3.0,7.984735837870385e-08,0.0,0.0,0.0,0.0,0.013888888888888888,0.0,0.0,1.0
4.0,4.824264614421316e-10,0.0,0.0,0.0,0.0,0.013888888888888888,0.0,0.0,0.0
1.0,100.0,0.0017318601631272094,0.20724195557720215,0.0,0.0,0.013888888888888888,0.0,0.0,1.0
2.0,8.503522002814868e-08,0.0,0.0,0.0,0.0,0.013888888888888888,0.0,0.0,1.0
3.0,7.866839195616892e-08,0.0,0.0,0.0,0.0,0.013888888888888888,0.0,0.0,1.0
4.0,4.710079755073551e-10,0.0,0.0,0.0,0.0,0.013888888888888888,0.0,0.0,0.0
1.0,100.0,0.0017318594092366035,0.20724165127067704,0.0,0.0,0.013888888888888888,0.0,0.0,1.0
2.0,8.287215820349422e-08,0.0,0.0,0.0,0.0,0.013888888888888888,0.0,0.0,1.0
3.0,7.75447785930892e-08,0.0,0.0,0.0,0.0,0.013888888888888888,0.0,0.0,1.0
4.0,4.614547321277272e-10,0.0,0.0,0.0,0.0,0.013888888888888888,0.0,0.0,0.0
1.0,100.0,0.0017318586547955125,0.20724134585591172,0.0,0.0,0.013888888888888888,0.0,0.0,1.0
2.0,8.191530797557782e-08,0.0,0.0,0.0,0.0,0.013888888888888888,0.0,0.0,1.0
3.0,7.647547233582767e-08,0.0,0.0,0.0,0.0,0.013888888888888888,0.0,0.0,1.0
4.0,4.517250613079357e-10,0.0,0.0,0.0,0.0,0.013888888888888888,0.0,0.0,0.0
1.0,100.0,0.0017318578997689163,0.2072410393725915,0.0,0.0,0.013888888888888888,0.0,0.0,1.0
2.0,8.098912667690347e-08,0.0,0.0,0.0,0.0,0.013888888888888888,0.0,0.0,1.0
3.0,7.545319436014071e-08,0.0,0.0,0.0,0.0,0.013888888888888888,0.0,0.0,1.0
4.0,4.416173170933735e-10,0.0,0.0,0.0,0.0,0.013888888888888888,0.0,0.0,0.0
1.0,100.0,0.0017318571441236946,0.2072407318574581,0.0,0.0,0.013888888888888888,0.0,0.0,1.0
2.0,8.00965637341959e-08,0.0,0.0,0.0,0.0,0.013888888888888888,0.0,0.0,1.0
3.0,7.44770585090162e-08,0.0,0.0,0.0,0.0,0.013888888888888888,0.0,0.0,1.0
4.0,4.334756332263727e-10,0.0,0.0,0.0,0.0,0.013888888888888888,0.0,0.0,0.0
1.0,100.0,0.001731856387828286,0.2072404233430323,0.0,0.0,0.013888888888888888,0.0,0.0,1.0
2.0,7.923090690026942e-08,0.0,0.0,0.0,0.0,0.013888888888888888,0.0,0.0,1.0
3.0,7.354094823884776e-08,0.0,0.0,0.0,0.0,0.013888888888888888,0.0,0.0,1.0
4.0,4.252079314693789e-10,0.0,0.0,0.0,0.0,0.013888888888888888,0.0,0.0,0.0
1.0,100.0,0.0017318556308539993,0.20724011385864627,0.0,0.0,0.013888888888888888,0.0,0.0,1.0
2.0,7.839602091262839e-08,0.0,0.0,0.0,0.0,0.013888888888888888,0.0,0.0,1.0
3.0,7.264827791467335e-08,0.0,0.0,0.0,0.0,0.013888888888888888,0.0,0.0,1.0
4.0,4.1772161736031184e-10,0.0,0.0,0.0,0.0,0.013888888888888888,0.0,0.0,0.0
1.0,100.0,0.001731854873174981,0.2072398034312146,0.0,0.0,0.013888888888888888,0.0,0.0,1.0
2.0,7.758509180667203e-08,0.0,0.0,0.0,0.0,0.013888888888888888,0.0,0.0,1.0
3.0,7.178921159072129e-08,0.0,0.0,0.0,0.0,0.013888888888888888,0.0,0.0,1.0
4.0,4.104621641997722e-10,0.0,0.0,0.0,0.0,0.013888888888888888,0.0,0.0,0.0
1.0,100.0,0.0017318541147640126,0.20723949208468517,0.0,0.0,0.013888888888888888,0.0,0.0,1.0
2.0,7.679976140012417e-08,0.0,0.0,0.0,0.0,0.013888888888888888,0.0,0.0,1.0
3.0,7.096501334989974e-08,0.0,0.0,0.0,0.0,0.013888888888888888,0.0,0.0,1.0
4.0,4.031775146421977e-10,0.0,0.0,0.0,0.0,0.013888888888888888,0.0,0.0,0.0
1.0,100.0,0.0017318533555984957,0.20723917984120432,0.0,0.0,0.013888888888888888,0.0,0.0,1.0
2.0,7.603927424915651e-08,0.0,0.0,0.0,0.0,0.013888888888888888,0.0,0.0,1.0
3.0,7.017359110706166e-08,0.0,0.0,0.0,0.0,0.013888888888888888,0.0,0.0,1.0
4.0,3.964473990078326e-10,0.0,0.0,0.0,0.0,0.013888888888888888,0.0,0.0,0.0
1.0,100.0,0.0017318525956545295,0.2072388667196935,0.0,0.0,0.013888888888888888,0.0,0.0,1.0
2.0,7.530146560580269e-08,0.0,0.0,0.0,0.0,0.013888888888888888,0.0,0.0,1.0
3.0,6.941349204184138e-08,0.0,0.0,0.0,0.0,0.013888888888888888,0.0,0.0,1.0
4.0,3.9066250403443395e-10,0.0,0.0,0.0,0.0,0.013888888888888888,0.0,0.0,0.0
1.0,100.0,0.0017318518349132075,0.20723855273846264,0.0,0.0,0.013888888888888888,0.0,0.0,1.0
2.0,7.458629193380965e-08,0.0,0.0,0.0,0.0,0.013888888888888888,0.0,0.0,1.0
3.0,6.868237706740055e-08,0.0,0.0,0.0,0.0,0.013888888888888888,0.0,0.0,1.0
4.0,3.8429788659312116e-10,0.0,0.0,0.0,0.0,0.013888888888888888,0.0,0.0,0.0
1.0,100.0,0.0017318510733535246,0.20723823791295778,0.0,0.0,0.013888888888888888,0.0,0.0,1.0
2.0,7.389092014805498e-08,0.0,0.0,0.0,0.0,0.013888888888888888,0.0,0.0,1.0
3.0,6.79772387616291e-08,0.0,0.0,0.0,0.0,0.013888888888888888,0.0,0.0,1.0
4.0,3.770384769871308e-10,0.0,0.0,0.0,0.0,0.013888888888888888,0.0,0.0,0.0
1.0,100.0,0.0017318503109578895,0.2072379222580205,0.0,0.0,0.013888888888888888,0.0,0.0,1.0
2.0,7.32159459773597e-08,0.0,0.0,0.0,0.0,0.013888888888888888,0.0,0.0,1.0
3.0,6.72982805823597e-08,0.0,0.0,0.0,0.0,0.013888888888888888,0.0,0.0,1.0
4.0,3.7209799318304257e-10,0.0,0.0,0.0,0.0,0.013888888888888888,0.0,0.0,0.0
1.0,100.0,0.0017318495477083836,0.20723760578632958,0.0,0.0,0.013888888888888888,0.0,0.0,1.0
2.0,7.256059943339919e-08,0.0,0.0,0.0,0.0,0.013888888888888888,0.0,0.0,1.0
3.0,6.66436574106252e-08,0.0,0.0,0.0,0.0,0.013888888888888888,0.0,0.0,1.0
4.0,3.6609888000880713e-10,0.0,0.0,0.0,0.0,0.013888888888888888,0.0,0.0,0.0
1.0,100.0,0.001731848783589084,0.20723728850966858,0.0,0.0,0.013888888888888888,0.0,0.0,1.0
2.0,7.19235438976447e-08,0.0,0.0,0.0,0.0,0.013888888888888888,0.0,0.0,1.0
3.0,6.60119309323861e-08,0.0,0.0,0.0,0.0,0.013888888888888888,0.0,0.0,1.0
4.0,3.620658106220184e-10,0.0,0.0,0.0,0.0,0.013888888888888888,0.0,0.0,0.0
1.0,100.0,0.0017318480185832613,0.20723697043857464,0.0,0.0,0.013888888888888888,0.0,0.0,1.0
2.0,7.130453241736527e-08,0.0,0.0,0.0,0.0,0.013888888888888888,0.0,0.0,1.0
3.0,6.540082015217582e-08,0.0,0.0,0.0,0.0,0.013888888888888888,0.0,0.0,1.0
4.0,3.56470000102768e-10,0.0,0.0,0.0,0.0,0.013888888888888888,0.0,0.0,0.0
1.0,100.0,0.0017318472526772978,0.20723665158267746,0.0,0.0,0.013888888888888888,0.0,0.0,1.0
2.0,7.070360861723645e-08,0.0,0.0,0.0,0.0,0.013888888888888888,0.0,0.0,1.0
3.0,6.48115600705917e-08,0.0,0.0,0.0,0.0,0.013888888888888888,0.0,0.0,1.0
4.0,3.516555689673788e-10,0.0,0.0,0.0,0.0,0.013888888888888888,0.0,0.0,0.0
1.0,100.0,0.0017318464858556354,0.2072363319500863,0.0,0.0,0.013888888888888888,0.0,0.0,1.0
2.0,7.011817185439106e-08,0.0,0.0,0.0,0.0,0.013888888888888888,0.0,0.0,1.0
3.0,6.424130305810306e-08,0.0,0.0,0.0,0.0,0.013888888888888888,0.0,0.0,1.0
4.0,3.47055390880945e-10,0.0,0.0,0.0,0.0,0.013888888888888888,0.0,0.0,0.0
1.0,100.0,0.0017318457181062824,0.20723601154895854,0.0,0.0,0.013888888888888888,0.0,0.0,1.0
2.0,6.954944259301072e-08,0.0,0.0,0.0,0.0,0.013888888888888888,0.0,0.0,1.0
3.0,6.36886689023352e-08,0.0,0.0,0.0,0.0,0.013888888888888888,0.0,0.0,1.0
4.0,3.425182321623791e-10,0.0,0.0,0.0,0.0,0.013888888888888888,0.0,0.0,0.0
1.0,100.0,0.001731844949415703,0.20723569038569203,0.0,0.0,0.013888888888888888,0.0,0.0,1.0
2.0,6.899543040034282e-08,0.0,0.0,0.0,0.0,0.013888888888888888,0.0,0.0,1.0
3.0,6.315529940993005e-08,0.0,0.0,0.0,0.0,0.013888888888888888,0.0,0.0,1.0
4.0,3.3755258463087424e-10,0.0,0.0,0.0,0.0,0.013888888888888888,0.0,0.0,0.0
1.0,100.0,0.0017318441797736855,0.20723536846665933,0.0,0.0,0.013888888888888888,0.0,0.0,1.0
2.0,6.845684722586015e-08,0.0,0.0,0.0,0.0,0.013888888888888888,0.0,0.0,1.0
3.0,6.263741708774184e-08,0.0,0.0,0.0,0.0,0.013888888888888888,0.0,0.0,1.0
4.0,3.33431327963842e-10,0.0,0.0,0.0,0.0,0.013888888888888888,0.0,0.0,0.0
1.0,100.0,0.0017318434091674049,0.20723504579763227,0.0,0.0,0.013888888888888888,0.0,0.0,1.0
2.0,6.793261795682946e-08,0.0,0.0,0.0,0.0,0.013888888888888888,0.0,0.0,1.0
3.0,6.21365910949025e-08,0.0,0.0,0.0,0.0,0.013888888888888888,0.0,0.0,1.0
4.0,3.29536925789195e-10,0.0,0.0,0.0,0.0,0.013888888888888888,0.0,0.0,0.0
1.0,100.0,0.0017318426375862745,0.20723472238369017,0.0,0.0,0.013888888888888888,0.0,0.0,1.0
2.0,6.742248110052504e-08,0.0,0.0,0.0,0.0,0.013888888888888888,0.0,0.0,1.0
3.0,6.165215313093361e-08,0.0,0.0,0.0,0.0,0.013888888888888888,0.0,0.0,1.0
4.0,3.2552910341616896e-10,0.0,0.0,0.0,0.0,0.013888888888888888,0.0,0.0,0.0
1.0,100.0,0.0017318418650204169,0.2072343982288726,0.0,0.0,0.013888888888888888,0.0,0.0,1.0
2.0,6.692462056209264e-08,0.0,0.0,0.0,0.0,0.013888888888888888,0.0,0.0,1.0
3.0,6.117957018415825e-08,0.0,0.0,0.0,0.0,0.013888888888888888,0.0,0.0,1.0
4.0,3.2133224445356184e-10,0.0,0.0,0.0,0.0,0.013888888888888888,0.0,0.0,0.0
1.0,100.0,0.0017318410914609146,0.2072340733376973,0.0,0.0,0.013888888888888888,0.0,0.0,1.0
2.0,6.643941412015325e-08,0.0,0.0,0.0,0.0,0.013888888888888888,0.0,0.0,1.0
3.0,6.072283775058492e-08,0.0,0.0,0.0,0.0,0.013888888888888888,0.0,0.0,1.0
4.0,3.176394998818311e-10,0.0,0.0,0.0,0.0,0.013888888888888888,0.0,0.0,0.0
1.0,100.0,0.001731840316896615,0.20723374771371036,0.0,0.0,0.013888888888888888,0.0,0.0,1.0
2.0,6.596686179975074e-08,0.0,0.0,0.0,0.0,0.013888888888888888,0.0,0.0,1.0
3.0,6.027855607422514e-08,0.0,0.0,0.0,0.0,0.013888888888888888,0.0,0.0,1.0
4.0,3.13493061037282e-10,0.0,0.0,0.0,0.0,0.013888888888888888,0.0,0.0,0.0
1.0,100.0,0.0017318395413198203,0.20723342135997203,0.0,0.0,0.013888888888888888,0.0,0.0,1.0
2.0,6.550482786196911e-08,0.0,0.0,0.0,0.0,0.013888888888888888,0.0,0.0,1.0
3.0,5.984371767519158e-08,0.0,0.0,0.0,0.0,0.013888888888888888,0.0,0.0,1.0
4.0,3.107707353262027e-10,0.0,0.0,0.0,0.0,0.013888888888888888,0.0,0.0,0.0
1.0,100.0,0.0017318387647227759,0.2072330942796726,0.0,0.0,0.013888888888888888,0.0,0.0,1.0
2.0,6.505730780603257e-08,0.0,0.0,0.0,0.0,0.013888888888888888,0.0,0.0,1.0
3.0,5.942414870609603e-08,0.0,0.0,0.0,0.0,0.013888888888888888,0.0,0.0,1.0
4.0,3.074938929932318e-10,0.0,0.0,0.0,0.0,0.013888888888888888,0.0,0.0,0.0
1.0,100.0,0.0017318379870966416,0.20723276647522004,0.0,0.0,0.013888888888888888,0.0,0.0,1.0
2.0,6.461991389517139e-08,0.0,0.0,0.0,0.0,0.013888888888888888,0.0,0.0,1.0
3.0,5.901812024113066e-08,0.0,0.0,0.0,0.0,0.013888888888888888,0.0,0.0,1.0
4.0,3.029945905572416e-10,0.0,0.0,0.0,0.0,0.013888888888888888,0.0,0.0,0.0
1.0,100.0,0.0017318372084333142,0.20723243794906332,0.0,0.0,0.013888888888888888,0.0,0.0,1.0
2.0,6.41919923432608e-08,0.0,0.0,0.0,0.0,0.013888888888888888,0.0,0.0,1.0
3.0,5.8619980514119464e-08,0.0,0.0,0.0,0.0,0.013888888888888888,0.0,0.0,1.0
4.0,2.9980597514492725e-10,0.0,0.0,0.0,0.0,0.013888888888888888,0.0,0.0,0.0
1.0,100.0,0.001731836428726676,0.2072321087031801,0.0,0.0,0.013888888888888888,0.0,0.0,1.0
2.0,6.377464737548866e-08,0.0,0.0,0.0,0.0,0.013888888888888888,0.0,0.0,1.0
3.0,5.82316764314196e-08,0.0,0.0,0.0,0.0,0.013888888888888888,0.0,0.0,1.0
4.0,2.9678119850918097e-10,0.0,0.0,0.0,0.0,0.013888888888888888,0.0,0.0,0.0
1.0,100.0,0.0017318356479681595,0.2072317787395699,0.0,0.0,0.013888888888888888,0.0,0.0,1.0
2.0,6.336869263809337e-08,0.0,0.0,0.0,0.0,0.013888888888888888,0.0,0.0,1.0
3.0,5.785734878767274e-08,0.0,0.0,0.0,0.0,0.013888888888888888,0.0,0.0,1.0
4.0,2.9410930096166763e-10,0.0,0.0,0.0,0.0,0.013888888888888888,0.0,0.0,0.0
1.0,100.0,0.00173183486615306,0.20723144805951116,0.0,0.0,0.013888888888888888,0.0,0.0,1.0
2.0,6.297202144042532e-08,0.0,0.0,0.0,0.0,0.013888888888888888,0.0,0.0,1.0
3.0,5.749117145987211e-08,0.0,0.0,0.0,0.0,0.013888888888888888,0.0,0.0,1.0
4.0,2.9201713059915166e-10,0.0,0.0,0.0,0.0,0.013888888888888888,0.0,0.0,0.0
1.0,100.0,0.0017318340832726473,0.2072311166648032,0.0,0.0,0.013888888888888888,0.0,0.0,1.0
2.0,6.258366035369075e-08,0.0,0.0,0.0,0.0,0.013888888888888888,0.0,0.0,1.0
3.0,5.713238895303435e-08,0.0,0.0,0.0,0.0,0.013888888888888888,0.0,0.0,1.0
4.0,2.8867729611804614e-10,0.0,0.0,0.0,0.0,0.013888888888888888,0.0,0.0,0.0
1.0,100.0,0.0017318332993224194,0.20723078455662014,0.0,0.0,0.013888888888888888,0.0,0.0,1.0
2.0,6.220528023579886e-08,0.0,0.0,0.0,0.0,0.013888888888888888,0.0,0.0,1.0
3.0,5.678537452840923e-08,0.0,0.0,0.0,0.0,0.013888888888888888,0.0,0.0,1.0
4.0,2.8483335763452077e-10,0.0,0.0,0.0,0.0,0.013888888888888888,0.0,0.0,0.0
1.0,100.0,0.001731832514296615,0.20723045173598154,0.0,0.0,0.013888888888888888,0.0,0.0,1.0
2.0,6.18345128672376e-08,0.0,0.0,0.0,0.0,0.013888888888888888,0.0,0.0,1.0
3.0,5.644431658003004e-08,0.0,0.0,0.0,0.0,0.013888888888888888,0.0,0.0,1.0
4.0,2.828168121063165e-10,0.0,0.0,0.0,0.0,0.013888888888888888,0.0,0.0,0.0
1.0,100.0,0.0017318317281877947,0.2072301182039806,0.0,0.0,0.013888888888888888,0.0,0.0,1.0
2.0,6.14741042574337e-08,0.0,0.0,0.0,0.0,0.013888888888888888,0.0,0.0,1.0
3.0,5.6114503702367304e-08,0.0,0.0,0.0,0.0,0.013888888888888888,0.0,0.0,1.0
4.0,2.7994328685117595e-10,0.0,0.0,0.0,0.0,0.013888888888888888,0.0,0.0,0.0
1.0,100.0,0.0017318309409916424,0.207229783961759,0.0,0.0,0.013888888888888888,0.0,0.0,1.0
2.0,6.112088708541407e-08,0.0,0.0,0.0,0.0,0.013888888888888888,0.0,0.0,1.0
3.0,5.579199853414512e-08,0.0,0.0,0.0,0.0,0.013888888888888888,0.0,0.0,1.0
4.0,2.7737222878925584e-10,0.0,0.0,0.0,0.0,0.013888888888888888,0.0,0.0,0.0
1.0,100.0,0.0017318301527023921,0.2072294490095943,0.0,0.0,0.013888888888888888,0.0,0.0,1.0
2.0,6.077523912114452e-08,0.0,0.0,0.0,0.0,0.013888888888888888,0.0,0.0,1.0
3.0,5.547558064570866e-08,0.0,0.0,0.0,0.0,0.013888888888888888,0.0,0.0,1.0
4.0,2.7453651746972763e-10,0.0,0.0,0.0,0.0,0.013888888888888888,0.0,0.0,0.0
1.0,100.0,0.0017318293633166394,0.20722911334852645,0.0,0.0,0.013888888888888888,0.0,0.0,1.0
2.0,6.043775607149603e-08,0.0,0.0,0.0,0.0,0.013888888888888888,0.0,0.0,1.0
3.0,5.516785075634821e-08,0.0,0.0,0.0,0.0,0.013888888888888888,0.0,0.0,1.0
4.0,2.721419023007233e-10,0.0,0.0,0.0,0.0,0.013888888888888888,0.0,0.0,0.0
1.0,100.0,0.0017318285728271884,0.20722877697891512,0.0,0.0,0.013888888888888888,0.0,0.0,1.0
2.0,6.010792943271041e-08,0.0,0.0,0.0,0.0,0.013888888888888888,0.0,0.0,1.0
3.0,5.486806789712775e-08,0.0,0.0,0.0,0.0,0.013888888888888888,0.0,0.0,1.0
4.0,2.6930619667551133e-10,0.0,0.0,0.0,0.0,0.013888888888888888,0.0,0.0,0.0
1.0,100.0,0.001731827781231124,0.20722843990124512,0.0,0.0,0.013888888888888888,0.0,0.0,1.0
2.0,5.978539599099118e-08,0.0,0.0,0.0,0.0,0.013888888888888888,0.0,0.0,1.0
3.0,5.4573079266039646e-08,0.0,0.0,0.0,0.0,0.013888888888888888,0.0,0.0,1.0
4.0,2.6668473904075475e-10,0.0,0.0,0.0,0.0,0.013888888888888888,0.0,0.0,0.0
1.0,100.0,0.0017318269885231382,0.20722810211605663,0.0,0.0,0.013888888888888888,0.0,0.0,1.0
2.0,5.9470460870891705e-08,0.0,0.0,0.0,0.0,0.013888888888888888,0.0,0.0,1.0
3.0,5.428727266451661e-08,0.0,0.0,0.0,0.0,0.013888888888888888,0.0,0.0,1.0
4.0,2.6436574765239683e-10,0.0,0.0,0.0,0.0,0.013888888888888888,0.0,0.0,0.0
1.0,100.0,0.0017318261946991194,0.20722776362385892,0.0,0.0,0.013888888888888888,0.0,0.0,1.0
2.0,5.9161685703094785e-08,0.0,0.0,0.0,0.0,0.013888888888888888,0.0,0.0,1.0
3.0,5.400842515268453e-08,0.0,0.0,0.0,0.0,0.013888888888888888,0.0,0.0,1.0
4.0,2.617316926175364e-10,0.0,0.0,0.0,0.0,0.013888888888888888,0.0,0.0,0.0
1.0,100.0,0.0017318253997545992,0.20722742442457887,0.0,0.0,0.013888888888888888,0.0,0.0,1.0
2.0,5.885917220284242e-08,0.0,0.0,0.0,0.0,0.013888888888888888,0.0,0.0,1.0
3.0,5.373219253422471e-08,0.0,0.0,0.0,0.0,0.013888888888888888,0.0,0.0,1.0
4.0,2.595387325727661e-10,0.0,0.0,0.0,0.0,0.013888888888888888,0.0,0.0,0.0
1.0,100.0,0.0017318246036860867,0.20722708451866187,0.0,0.0,0.013888888888888888,0.0,0.0,1.0
2.0,5.856432970729434e-08,0.0,0.0,0.0,0.0,0.013888888888888888,0.0,0.0,1.0
3.0,5.3464720638113964e-08,0.0,0.0,0.0,0.0,0.013888888888888888,0.0,0.0,1.0
4.0,2.5747180114852275e-10,0.0,0.0,0.0,0.0,0.013888888888888888,0.0,0.0,0.0
1.0,100.0,0.00173182380648884,0.20722674390608195,0.0,0.0,0.013888888888888888,0.0,0.0,1.0
2.0,5.827480450916314e-08,0.0,0.0,0.0,0.0,0.013888888888888888,0.0,0.0,1.0
3.0,5.320188320339805e-08,0.0,0.0,0.0,0.0,0.013888888888888888,0.0,0.0,1.0
4.0,2.552914482340701e-10,0.0,0.0,0.0,0.0,0.013888888888888888,0.0,0.0,0.0
1.0,100.0,0.0017318230081596743,0.20722640258712652,0.0,0.0,0.013888888888888888,0.0,0.0,1.0
2.0,5.7992296528233273e-08,0.0,0.0,0.0,0.0,0.013888888888888888,0.0,0.0,1.0
3.0,5.294715270435352e-08,0.0,0.0,0.0,0.0,0.013888888888888888,0.0,0.0,1.0
4.0,2.523801453680994e-10,0.0,0.0,0.0,0.0,0.013888888888888888,0.0,0.0,0.0
1.0,100.0,0.0017318222086945357,0.20722606056197357,0.0,0.0,0.013888888888888888,0.0,0.0,1.0
2.0,5.771410335438374e-08,0.0,0.0,0.0,0.0,0.013888888888888888,0.0,0.0,1.0
3.0,5.26952841306171e-08,0.0,0.0,0.0,0.0,0.013888888888888888,0.0,0.0,1.0
4.0,2.507417097935735e-10,0.0,0.0,0.0,0.0,0.013888888888888888,0.0,0.0,0.0
1.0,100.0,0.001731821408090386,0.2072257178302754,0.0,0.0,0.013888888888888888,0.0,0.0,1.0
2.0,5.744246248617045e-08,0.0,0.0,0.0,0.0,0.013888888888888888,0.0,0.0,1.0
3.0,5.2450055069276546e-08,0.0,0.0,0.0,0.0,0.013888888888888888,0.0,0.0,1.0
4.0,2.491914943016267e-10,0.0,0.0,0.0,0.0,0.013888888888888888,0.0,0.0,0.0
1.0,100.0,0.0017318206063441524,0.2072253743926881,0.0,0.0,0.013888888888888888,0.0,0.0,1.0
2.0,5.7176211601627226e-08,0.0,0.0,0.0,0.0,0.013888888888888888,0.0,0.0,1.0
3.0,5.2208734048556616e-08,0.0,0.0,0.0,0.0,0.013888888888888888,0.0,0.0,1.0
4.0,2.4698594480447877e-10,0.0,0.0,0.0,0.0,0.013888888888888888,0.0,0.0,0.0
1.0,100.0,0.0017318198034511785,0.20722503024874964,0.0,0.0,0.013888888888888888,0.0,0.0,1.0
2.0,5.691590281872663e-08,0.0,0.0,0.0,0.0,0.013888888888888888,0.0,0.0,1.0
3.0,5.197485166414377e-08,0.0,0.0,0.0,0.0,0.013888888888888888,0.0,0.0,1.0
4.0,2.449568339456272e-10,0.0,0.0,0.0,0.0,0.013888888888888888,0.0,0.0,0.0
1.0,100.0,0.0017318189994102028,0.20722468539855934,0.0,0.0,0.013888888888888888,0.0,0.0,1.0
2.0,5.666024305088781e-08,0.0,0.0,0.0,0.0,0.013888888888888888,0.0,0.0,1.0
3.0,5.174433975848854e-08,0.0,0.0,0.0,0.0,0.013888888888888888,0.0,0.0,1.0
4.0,2.437216889291131e-10,0.0,0.0,0.0,0.0,0.013888888888888888,0.0,0.0,0.0
1.0,100.0,0.0017318181942169715,0.20722433984191832,0.0,0.0,0.013888888888888888,0.0,0.0,1.0
2.0,5.640889813525102e-08,0.0,0.0,0.0,0.0,0.013888888888888888,0.0,0.0,1.0
3.0,5.151804103065426e-08,0.0,0.0,0.0,0.0,0.013888888888888888,0.0,0.0,1.0
4.0,2.4155395324300717e-10,0.0,0.0,0.0,0.0,0.013888888888888888,0.0,0.0,0.0
1.0,100.0,0.0017318173161460265,0.20722399147464257,0.0,0.0,0.013888888888888888,0.0,0.0,1.0
2.0,1.2611235111551043e-07,0.0,0.0,0.0,0.0,0.013888888888888888,0.0,0.0,1.0
3.0,1.156030949363275e-07,0.0,0.0,0.0,0.0,0.013888888888888888,0.0,0.0,1.0
4.0,6.233240039235375e-10,0.0,0.0,0.0,0.0,0.013888888888888888,0.0,0.0,0.0
1.0,100.0,0.0017318164372607944,0.20722364231025298,0.0,0.0,0.013888888888888888,0.0,0.0,1.0
2.0,1.2595340346145735e-07,0.0,0.0,0.0,0.0,0.013888888888888888,0.0,0.0,1.0
3.0,1.1513341832049123e-07,0.0,0.0,0.0,0.0,0.013888888888888888,0.0,0.0,1.0
4.0,6.194168292765571e-10,0.0,0.0,0.0,0.0,0.013888888888888888,0.0,0.0,0.0
1.0,100.0,0.0017318155607631354,0.20722329265111675,0.0,0.0,0.013888888888888888,0.0,0.0,1.0
2.0,1.2225477404655333e-07,0.0,0.0,0.0,0.0,0.013888888888888888,0.0,0.0,1.0
3.0,1.1146850374479836e-07,0.0,0.0,0.0,0.0,0.013888888888888888,0.0,0.0,1.0
4.0,6.009032849850692e-10,0.0,0.0,0.0,0.0,0.013888888888888888,0.0,0.0,0.0
1.0,100.0,0.0017318146863937165,0.20722294249427053,0.0,0.0,0.013888888888888888,0.0,0.0,1.0
2.0,1.1850464629285446e-07,0.0,0.0,0.0,0.0,0.013888888888888888,0.0,0.0,1.0
3.0,1.0790822206122453e-07,0.0,0.0,0.0,0.0,0.013888888888888888,0.0,0.0,1.0
4.0,5.838516670325486e-10,0.0,0.0,0.0,0.0,0.013888888888888888,0.0,0.0,0.0
1.0,100.0,0.00173181381391533,0.20722259182167818,0.0,0.0,0.013888888888888888,0.0,0.0,1.0
2.0,1.1486855190892495e-07,0.0,0.0,0.0,0.0,0.013888888888888888,0.0,0.0,1.0
3.0,1.0454198662622185e-07,0.0,0.0,0.0,0.0,0.013888888888888888,0.0,0.0,1.0
4.0,5.674680106750951e-10,0.0,0.0,0.0,0.0,0.013888888888888888,0.0,0.0,0.0
1.0,100.0,0.0017318129431098317,0.2072222406155977,0.0,0.0,0.013888888888888888,0.0,0.0,1.0
2.0,1.1139554207876765e-07,0.0,0.0,0.0,0.0,0.013888888888888888,0.0,0.0,1.0
3.0,1.0137396793436414e-07,0.0,0.0,0.0,0.0,0.013888888888888888,0.0,0.0,1.0
4.0,5.529999664811297e-10,0.0,0.0,0.0,0.0,0.013888888888888888,0.0,0.0,0.0
1.0,100.0,0.001731812073781196,0.20722188885948473,0.0,0.0,0.013888888888888888,0.0,0.0,1.0
2.0,1.0810858807680365e-07,0.0,0.0,0.0,0.0,0.013888888888888888,0.0,0.0,1.0
3.0,9.840496567211095e-08,0.0,0.0,0.0,0.0,0.013888888888888888,0.0,0.0,1.0
4.0,5.37889213890784e-10,0.0,0.0,0.0,0.0,0.013888888888888888,0.0,0.0,0.0
1.0,100.0,0.0017318112057497028,0.20722153653851802,0.0,0.0,0.013888888888888888,0.0,0.0,1.0
2.0,1.0500785026726581e-07,0.0,0.0,0.0,0.0,0.013888888888888888,0.0,0.0,1.0
3.0,9.562380738774826e-08,0.0,0.0,0.0,0.0,0.013888888888888888,0.0,0.0,1.0
4.0,5.234716222519185e-10,0.0,0.0,0.0,0.0,0.013888888888888888,0.0,0.0,0.0
1.0,100.0,0.00173181033885341,0.20722118363809194,0.0,0.0,0.013888888888888888,0.0,0.0,1.0
2.0,1.0208759010437028e-07,0.0,0.0,0.0,0.0,0.013888888888888888,0.0,0.0,1.0
3.0,9.301294222617274e-08,0.0,0.0,0.0,0.0,0.013888888888888888,0.0,0.0,1.0
4.0,5.11461134060538e-10,0.0,0.0,0.0,0.0,0.013888888888888888,0.0,0.0,0.0
1.0,100.0,0.0017318094729429278,0.20722083014492465,0.0,0.0,0.013888888888888888,0.0,0.0,1.0
2.0,9.934260658753222e-08,0.0,0.0,0.0,0.0,0.013888888888888888,0.0,0.0,1.0
3.0,9.056523675936895e-08,0.0,0.0,0.0,0.0,0.013888888888888888,0.0,0.0,1.0
4.0,4.969931703674374e-10,0.0,0.0,0.0,0.0,0.013888888888888888,0.0,0.0,0.0
1.0,100.0,0.001731808607880869,0.20722047604624982,0.0,0.0,0.013888888888888888,0.0,0.0,1.0
2.0,9.676005627701484e-08,0.0,0.0,0.0,0.0,0.013888888888888888,0.0,0.0,1.0
3.0,8.826478183280894e-08,0.0,0.0,0.0,0.0,0.013888888888888888,0.0,0.0,1.0
4.0,4.857514702386264e-10,0.0,0.0,0.0,0.0,0.013888888888888888,0.0,0.0,0.0
1.0,100.0,0.001731807743541173,0.20722012133050444,0.0,0.0,0.013888888888888888,0.0,0.0,1.0
2.0,9.433158523603542e-08,0.0,0.0,0.0,0.0,0.013888888888888888,0.0,0.0,1.0
3.0,8.610165430676508e-08,0.0,0.0,0.0,0.0,0.013888888888888888,0.0,0.0,1.0
4.0,4.750264881803216e-10,0.0,0.0,0.0,0.0,0.013888888888888888,0.0,0.0,0.0
1.0,100.0,0.0017318068798090399,0.20721976598733893,0.0,0.0,0.013888888888888888,0.0,0.0,1.0
2.0,9.204527981198327e-08,0.0,0.0,0.0,0.0,0.013888888888888888,0.0,0.0,1.0
3.0,8.406532077245371e-08,0.0,0.0,0.0,0.0,0.013888888888888888,0.0,0.0,1.0
4.0,4.63368934830905e-10,0.0,0.0,0.0,0.0,0.013888888888888888,0.0,0.0,0.0
1.0,100.0,0.0017318060165779996,0.20721941000692407,0.0,0.0,0.013888888888888888,0.0,0.0,1.0
2.0,8.989189970356851e-08,0.0,0.0,0.0,0.0,0.013888888888888888,0.0,0.0,1.0
3.0,8.214405637991281e-08,0.0,0.0,0.0,0.0,0.013888888888888888,0.0,0.0,1.0
4.0,4.544335360836199e-10,0.0,0.0,0.0,0.0,0.013888888888888888,0.0,0.0,0.0
1.0,100.0,0.001731805153749404,0.20721905338094174,0.0,0.0,0.013888888888888888,0.0,0.0,1.0
2.0,8.78620011650317e-08,0.0,0.0,0.0,0.0,0.013888888888888888,0.0,0.0,1.0
3.0,8.033377866379842e-08,0.0,0.0,0.0,0.0,0.013888888888888888,0.0,0.0,1.0
4.0,4.4382201735640224e-10,0.0,0.0,0.0,0.0,0.013888888888888888,0.0,0.0,0.0
1.0,100.0,0.001731804291232977,0.20721869610145527,0.0,0.0,0.013888888888888888,0.0,0.0,1.0
2.0,8.594377213727764e-08,0.0,0.0,0.0,0.0,0.013888888888888888,0.0,0.0,1.0
3.0,7.861891244004082e-08,0.0,0.0,0.0,0.0,0.013888888888888888,0.0,0.0,1.0
4.0,4.3518910214850413e-10,0.0,0.0,0.0,0.0,0.013888888888888888,0.0,0.0,0.0
1.0,100.0,0.0017318034289449038,0.20721833816163943,0.0,0.0,0.013888888888888888,0.0,0.0,1.0
2.0,8.413153190525759e-08,0.0,0.0,0.0,0.0,0.013888888888888888,0.0,0.0,1.0
3.0,7.6998455406233e-08,0.0,0.0,0.0,0.0,0.013888888888888888,0.0,0.0,1.0
4.0,4.258252537959922e-10,0.0,0.0,0.0,0.0,0.013888888888888888,0.0,0.0,0.0
1.0,100.0,0.001731802566804437,0.2072179795552021,0.0,0.0,0.013888888888888888,0.0,0.0,1.0
2.0,8.241704256787361e-08,0.0,0.0,0.0,0.0,0.013888888888888888,0.0,0.0,1.0
3.0,7.54630218178031e-08,0.0,0.0,0.0,0.0,0.013888888888888888,0.0,0.0,1.0
4.0,4.1754522957863334e-10,0.0,0.0,0.0,0.0,0.013888888888888888,0.0,0.0,0.0
1.0,100.0,0.0017318017047417641,0.20721762027658938,0.0,0.0,0.013888888888888888,0.0,0.0,1.0
2.0,8.079194996344778e-08,0.0,0.0,0.0,0.0,0.013888888888888888,0.0,0.0,1.0
3.0,7.400671294749449e-08,0.0,0.0,0.0,0.0,0.013888888888888888,0.0,0.0,1.0
4.0,4.089501535728962e-10,0.0,0.0,0.0,0.0,0.013888888888888888,0.0,0.0,0.0
1.0,100.0,0.0017318008426870787,0.20721726032098525,0.0,0.0,0.013888888888888888,0.0,0.0,1.0
2.0,7.925074766014664e-08,0.0,0.0,0.0,0.0,0.013888888888888888,0.0,0.0,1.0
3.0,7.262146517444033e-08,0.0,0.0,0.0,0.0,0.013888888888888888,0.0,0.0,1.0
4.0,4.0189258824325295e-10,0.0,0.0,0.0,0.0,0.013888888888888888,0.0,0.0,0.0
1.0,100.0,0.0017317999805801373,0.20721689968377846,0.0,0.0,0.013888888888888888,0.0,0.0,1.0
2.0,7.77876095621797e-08,0.0,0.0,0.0,0.0,0.013888888888888888,0.0,0.0,1.0
3.0,7.130576760037726e-08,0.0,0.0,0.0,0.0,0.013888888888888888,0.0,0.0,1.0
4.0,3.944065477488931e-10,0.0,0.0,0.0,0.0,0.013888888888888888,0.0,0.0,0.0
1.0,100.0,0.0017317991183589717,0.2072165383613863,0.0,0.0,0.013888888888888888,0.0,0.0,1.0
2.0,7.639676767350649e-08,0.0,0.0,0.0,0.0,0.013888888888888888,0.0,0.0,1.0
3.0,7.005287874359456e-08,0.0,0.0,0.0,0.0,0.013888888888888888,0.0,0.0,1.0
4.0,3.873237943840698e-10,0.0,0.0,0.0,0.0,0.013888888888888888,0.0,0.0,0.0
1.0,100.0,0.001731798255971728,0.2072161763498263,0.0,0.0,0.013888888888888888,0.0,0.0,1.0
2.0,7.507352915556602e-08,0.0,0.0,0.0,0.0,0.013888888888888888,0.0,0.0,1.0
3.0,6.88613748583821e-08,0.0,0.0,0.0,0.0,0.013888888888888888,0.0,0.0,1.0
4.0,3.8010242219375064e-10,0.0,0.0,0.0,0.0,0.013888888888888888,0.0,0.0,0.0
1.0,100.0,0.001731797393364362,0.20721581364625125,0.0,0.0,0.013888888888888888,0.0,0.0,1.0
2.0,7.381212598078419e-08,0.0,0.0,0.0,0.0,0.013888888888888888,0.0,0.0,1.0
3.0,6.772274184928234e-08,0.0,0.0,0.0,0.0,0.013888888888888888,0.0,0.0,1.0
4.0,3.7451937553697295e-10,0.0,0.0,0.0,0.0,0.013888888888888888,0.0,0.0,0.0
1.0,100.0,0.001731796530490571,0.2072154502477657,0.0,0.0,0.013888888888888888,0.0,0.0,1.0
2.0,7.26095506916079e-08,0.0,0.0,0.0,0.0,0.013888888888888888,0.0,0.0,1.0
3.0,6.663677641588297e-08,0.0,0.0,0.0,0.0,0.013888888888888888,0.0,0.0,1.0
4.0,3.6749965758524494e-10,0.0,0.0,0.0,0.0,0.013888888888888888,0.0,0.0,0.0
1.0,100.0,0.0017317956673036804,0.20721508615184847,0.0,0.0,0.013888888888888888,0.0,0.0,1.0
2.0,7.146048564534223e-08,0.0,0.0,0.0,0.0,0.013888888888888888,0.0,0.0,1.0
3.0,6.559816090336665e-08,0.0,0.0,0.0,0.0,0.013888888888888888,0.0,0.0,1.0
4.0,3.6141252714106786e-10,0.0,0.0,0.0,0.0,0.013888888888888888,0.0,0.0,0.0
1.0,100.0,0.0017317948037633489,0.20721472135640742,0.0,0.0,0.013888888888888888,0.0,0.0,1.0
2.0,7.03631874210941e-08,0.0,0.0,0.0,0.0,0.013888888888888888,0.0,0.0,1.0
3.0,6.460462882015192e-08,0.0,0.0,0.0,0.0,0.013888888888888888,0.0,0.0,1.0
4.0,3.548969208716013e-10,0.0,0.0,0.0,0.0,0.013888888888888888,0.0,0.0,0.0
1.0,100.0,0.0017317939398285966,0.20721435585933914,0.0,0.0,0.013888888888888888,0.0,0.0,1.0
2.0,6.931358788439149e-08,0.0,0.0,0.0,0.0,0.013888888888888888,0.0,0.0,1.0
3.0,6.36543495502049e-08,0.0,0.0,0.0,0.0,0.013888888888888888,0.0,0.0,1.0
4.0,3.5019607009876356e-10,0.0,0.0,0.0,0.0,0.013888888888888888,0.0,0.0,0.0
1.0,100.0,0.001731793075460845,0.2072139896587534,0.0,0.0,0.013888888888888888,0.0,0.0,1.0
2.0,6.830942053915068e-08,0.0,0.0,0.0,0.0,0.013888888888888888,0.0,0.0,1.0
3.0,6.274398141109247e-08,0.0,0.0,0.0,0.0,0.013888888888888888,0.0,0.0,1.0
4.0,3.4452483860049505e-10,0.0,0.0,0.0,0.0,0.013888888888888888,0.0,0.0,0.0
1.0,100.0,0.0017317922106263347,0.2072136227530535,0.0,0.0,0.013888888888888888,0.0,0.0,1.0
2.0,6.734619587901614e-08,0.0,0.0,0.0,0.0,0.013888888888888888,0.0,0.0,1.0
3.0,6.186949982829623e-08,0.0,0.0,0.0,0.0,0.013888888888888888,0.0,0.0,1.0
4.0,3.399752276119469e-10,0.0,0.0,0.0,0.0,0.013888888888888888,0.0,0.0,0.0
1.0,100.0,0.0017317913452918068,0.20721325514062336,0.0,0.0,0.013888888888888888,0.0,0.0,1.0
2.0,6.642253368729771e-08,0.0,0.0,0.0,0.0,0.013888888888888888,0.0,0.0,1.0
3.0,6.103078863737115e-08,0.0,0.0,0.0,0.0,0.013888888888888888,0.0,0.0,1.0
4.0,3.347576941050852e-10,0.0,0.0,0.0,0.0,0.013888888888888888,0.0,0.0,0.0
1.0,100.0,0.001731790479424816,0.20721288682050898,0.0,0.0,0.013888888888888888,0.0,0.0,1.0
2.0,6.55370682721802e-08,0.0,0.0,0.0,0.0,0.013888888888888888,0.0,0.0,1.0
3.0,6.02263804332094e-08,0.0,0.0,0.0,0.0,0.013888888888888888,0.0,0.0,1.0
4.0,3.2977961162237006e-10,0.0,0.0,0.0,0.0,0.013888888888888888,0.0,0.0,0.0
1.0,100.0,0.0017317896129965592,0.20721251779123318,0.0,0.0,0.013888888888888888,0.0,0.0,1.0
2.0,6.468487422087418e-08,0.0,0.0,0.0,0.0,0.013888888888888888,0.0,0.0,1.0
3.0,5.9451872856287e-08,0.0,0.0,0.0,0.0,0.013888888888888888,0.0,0.0,1.0
4.0,3.240201857696883e-10,0.0,0.0,0.0,0.0,0.013888888888888888,0.0,0.0,0.0
1.0,100.0,0.0017317887459788529,0.2072121480518551,0.0,0.0,0.013888888888888888,0.0,0.0,1.0
2.0,6.386766607393612e-08,0.0,0.0,0.0,0.0,0.013888888888888888,0.0,0.0,1.0
3.0,5.870861720435897e-08,0.0,0.0,0.0,0.0,0.013888888888888888,0.0,0.0,1.0
4.0,3.207434364867529e-10,0.0,0.0,0.0,0.0,0.013888888888888888,0.0,0.0,0.0
1.0,100.0,0.001731787878344943,0.207211777601266,0.0,0.0,0.013888888888888888,0.0,0.0,1.0
2.0,6.307909451830904e-08,0.0,0.0,0.0,0.0,0.013888888888888888,0.0,0.0,1.0
3.0,5.799096157227734e-08,0.0,0.0,0.0,0.0,0.013888888888888888,0.0,0.0,1.0
4.0,3.1556373065162286e-10,0.0,0.0,0.0,0.0,0.013888888888888888,0.0,0.0,0.0
1.0,100.0,0.0017317870100697185,0.207211406438385,0.0,0.0,0.013888888888888888,0.0,0.0,1.0
2.0,6.232055443837989e-08,0.0,0.0,0.0,0.0,0.013888888888888888,0.0,0.0,1.0
3.0,5.730037348629828e-08,0.0,0.0,0.0,0.0,0.013888888888888888,0.0,0.0,1.0
4.0,3.1119058223129906e-10,0.0,0.0,0.0,0.0,0.013888888888888888,0.0,0.0,0.0
1.0,100.0,0.0017317861411281913,0.2072110345626981,0.0,0.0,0.013888888888888888,0.0,0.0,1.0
2.0,6.159063652976912e-08,0.0,0.0,0.0,0.0,0.013888888888888888,0.0,0.0,1.0
3.0,5.6635341930372416e-08,0.0,0.0,0.0,0.0,0.013888888888888888,0.0,0.0,1.0
4.0,3.069938714363867e-10,0.0,0.0,0.0,0.0,0.013888888888888888,0.0,0.0,0.0
1.0,100.0,0.001731785271499086,0.20721066197331534,0.0,0.0,0.013888888888888888,0.0,0.0,1.0
2.0,6.088753918814454e-08,0.0,0.0,0.0,0.0,0.013888888888888888,0.0,0.0,1.0
3.0,5.599429776667059e-08,0.0,0.0,0.0,0.0,0.013888888888888888,0.0,0.0,1.0
4.0,3.0361631891443435e-10,0.0,0.0,0.0,0.0,0.013888888888888888,0.0,0.0,0.0
1.0,100.0,0.001731784401161069,0.20721028866936952,0.0,0.0,0.013888888888888888,0.0,0.0,1.0
2.0,6.020757197035803e-08,0.0,0.0,0.0,0.0,0.013888888888888888,0.0,0.0,1.0
3.0,5.5374262492439076e-08,0.0,0.0,0.0,0.0,0.013888888888888888,0.0,0.0,1.0
4.0,3.0008754148514426e-10,0.0,0.0,0.0,0.0,0.013888888888888888,0.0,0.0,0.0
1.0,100.0,0.0017317835300931204,0.2072099146504671,0.0,0.0,0.013888888888888888,0.0,0.0,1.0
2.0,5.95513887468333e-08,0.0,0.0,0.0,0.0,0.013888888888888888,0.0,0.0,1.0
3.0,5.4775105381122934e-08,0.0,0.0,0.0,0.0,0.013888888888888888,0.0,0.0,1.0
4.0,2.9607987787219234e-10,0.0,0.0,0.0,0.0,0.013888888888888888,0.0,0.0,0.0
1.0,100.0,0.0017317826582754065,0.2072095399158042,0.0,0.0,0.013888888888888888,0.0,0.0,1.0
2.0,5.891906220794794e-08,0.0,0.0,0.0,0.0,0.013888888888888888,0.0,0.0,1.0
3.0,5.419841018720123e-08,0.0,0.0,0.0,0.0,0.013888888888888888,0.0,0.0,1.0
4.0,2.9223604875028586e-10,0.0,0.0,0.0,0.0,0.013888888888888888,0.0,0.0,0.0
1.0,100.0,0.0017317817856893724,0.20720916446483037,0.0,0.0,0.013888888888888888,0.0,0.0,1.0
2.0,5.8307061723542164e-08,0.0,0.0,0.0,0.0,0.013888888888888888,0.0,0.0,1.0
3.0,5.3641314635508145e-08,0.0,0.0,0.0,0.0,0.013888888888888888,0.0,0.0,1.0
4.0,2.880393574523933e-10,0.0,0.0,0.0,0.0,0.013888888888888888,0.0,0.0,0.0
1.0,100.0,0.00173178091231928,0.2072087882970844,0.0,0.0,0.013888888888888888,0.0,0.0,1.0
2.0,5.7714181379904155e-08,0.0,0.0,0.0,0.0,0.013888888888888888,0.0,0.0,1.0
3.0,5.309905307769926e-08,0.0,0.0,0.0,0.0,0.013888888888888888,0.0,0.0,1.0
4.0,2.850272906976348e-10,0.0,0.0,0.0,0.0,0.013888888888888888,0.0,0.0,0.0
1.0,100.0,0.0017317800381452854,0.2072084114117488,0.0,0.0,0.013888888888888888,0.0,0.0,1.0
2.0,5.7141656221256744e-08,0.0,0.0,0.0,0.0,0.013888888888888888,0.0,0.0,1.0
3.0,5.257710317381399e-08,0.0,0.0,0.0,0.0,0.013888888888888888,0.0,0.0,1.0
4.0,2.8282177685639726e-10,0.0,0.0,0.0,0.0,0.013888888888888888,0.0,0.0,0.0
1.0,100.0,0.0017317791631528468,0.20720803380856737,0.0,0.0,0.013888888888888888,0.0,0.0,1.0
2.0,5.658735044130216e-08,0.0,0.0,0.0,0.0,0.013888888888888888,0.0,0.0,1.0
3.0,5.2071265922871075e-08,0.0,0.0,0.0,0.0,0.013888888888888888,0.0,0.0,1.0
4.0,2.783478444853668e-10,0.0,0.0,0.0,0.0,0.013888888888888888,0.0,0.0,0.0
1.0,100.0,0.0017317782873276523,0.20720765548721712,0.0,0.0,0.013888888888888888,0.0,0.0,1.0
2.0,5.605069741982032e-08,0.0,0.0,0.0,0.0,0.013888888888888888,0.0,0.0,1.0
3.0,5.158116358524827e-08,0.0,0.0,0.0,0.0,0.013888888888888888,0.0,0.0,1.0
4.0,2.7483169342428853e-10,0.0,0.0,0.0,0.0,0.013888888888888888,0.0,0.0,0.0
1.0,100.0,0.0017317774106533203,0.2072072764469855,0.0,0.0,0.013888888888888888,0.0,0.0,1.0
2.0,5.5529880993974764e-08,0.0,0.0,0.0,0.0,0.013888888888888888,0.0,0.0,1.0
3.0,5.110508170180839e-08,0.0,0.0,0.0,0.0,0.013888888888888888,0.0,0.0,1.0
4.0,2.71643206139422e-10,0.0,0.0,0.0,0.0,0.013888888888888888,0.0,0.0,0.0
1.0,100.0,0.0017317765331164889,0.2072068966875001,0.0,0.0,0.013888888888888888,0.0,0.0,1.0
2.0,5.5025758435118974e-08,0.0,0.0,0.0,0.0,0.013888888888888888,0.0,0.0,1.0
3.0,5.064460401862832e-08,0.0,0.0,0.0,0.0,0.013888888888888888,0.0,0.0,1.0
4.0,2.692108612841318e-10,0.0,0.0,0.0,0.0,0.013888888888888888,0.0,0.0,0.0
1.0,100.0,0.0017317756547042616,0.20720651620826694,0.0,0.0,0.013888888888888888,0.0,0.0,1.0
2.0,5.453681869735295e-08,0.0,0.0,0.0,0.0,0.013888888888888888,0.0,0.0,1.0
3.0,5.0198001544442677e-08,0.0,0.0,0.0,0.0,0.013888888888888888,0.0,0.0,1.0
4.0,2.6526624036719696e-10,0.0,0.0,0.0,0.0,0.013888888888888888,0.0,0.0,0.0
1.0,100.0,0.0017317747754024791,0.2072061350091543,0.0,0.0,0.013888888888888888,0.0,0.0,1.0
2.0,5.406197208914321e-08,0.0,0.0,0.0,0.0,0.013888888888888888,0.0,0.0,1.0
3.0,4.9763937582884496e-08,0.0,0.0,0.0,0.0,0.013888888888888888,0.0,0.0,1.0
4.0,2.6338840266339146e-10,0.0,0.0,0.0,0.0,0.013888888888888888,0.0,0.0,0.0
1.0,100.0,0.0017317738952005303,0.20720575308919437,0.0,0.0,0.013888888888888888,0.0,0.0,1.0
2.0,5.360053574469911e-08,0.0,0.0,0.0,0.0,0.013888888888888888,0.0,0.0,1.0
3.0,4.934309504544464e-08,0.0,0.0,0.0,0.0,0.013888888888888888,0.0,0.0,1.0
4.0,2.6026293804588016e-10,0.0,0.0,0.0,0.0,0.013888888888888888,0.0,0.0,0.0
1.0,100.0,0.001731773014085891,0.20720537044862558,0.0,0.0,0.013888888888888888,0.0,0.0,1.0
2.0,5.3152843867155035e-08,0.0,0.0,0.0,0.0,0.013888888888888888,0.0,0.0,1.0
3.0,4.893345434286651e-08,0.0,0.0,0.0,0.0,0.013888888888888888,0.0,0.0,1.0
4.0,2.5774238693892703e-10,0.0,0.0,0.0,0.0,0.013888888888888888,0.0,0.0,0.0
1.0,100.0,0.0017317721320456697,0.207204987086699,0.0,0.0,0.013888888888888888,0.0,0.0,1.0
2.0,5.2717908467665736e-08,0.0,0.0,0.0,0.0,0.013888888888888888,0.0,0.0,1.0
3.0,4.853613427235425e-08,0.0,0.0,0.0,0.0,0.013888888888888888,0.0,0.0,1.0
4.0,2.543900861598047e-10,0.0,0.0,0.0,0.0,0.013888888888888888,0.0,0.0,0.0
1.0,100.0,0.0017317712490710737,0.20720460300313975,0.0,0.0,0.013888888888888888,0.0,0.0,1.0
2.0,5.229660134293916e-08,0.0,0.0,0.0,0.0,0.013888888888888888,0.0,0.0,1.0
3.0,4.815110579503089e-08,0.0,0.0,0.0,0.0,0.013888888888888888,0.0,0.0,1.0
4.0,2.5223500660538756e-10,0.0,0.0,0.0,0.0,0.013888888888888888,0.0,0.0,0.0
1.0,100.0,0.001731770365151776,0.20720421819743645,0.0,0.0,0.013888888888888888,0.0,0.0,1.0
2.0,5.1884374751367984e-08,0.0,0.0,0.0,0.0,0.013888888888888888,0.0,0.0,1.0
3.0,4.777430064388531e-08,0.0,0.0,0.0,0.0,0.013888888888888888,0.0,0.0,1.0
4.0,2.498278831803725e-10,0.0,0.0,0.0,0.0,0.013888888888888888,0.0,0.0,0.0
1.0,100.0,0.0017317694802763475,0.2072038326694695,0.0,0.0,0.013888888888888888,0.0,0.0,1.0
2.0,5.148489016882138e-08,0.0,0.0,0.0,0.0,0.013888888888888888,0.0,0.0,1.0
3.0,4.740923499729653e-08,0.0,0.0,0.0,0.0,0.013888888888888888,0.0,0.0,1.0
4.0,2.4766020542993465e-10,0.0,0.0,0.0,0.0,0.013888888888888888,0.0,0.0,0.0
1.0,100.0,0.0017317685944356548,0.2072034464186011,0.0,0.0,0.013888888888888888,0.0,0.0,1.0
2.0,5.109592458556696e-08,0.0,0.0,0.0,0.0,0.013888888888888888,0.0,0.0,1.0
3.0,4.705371490313142e-08,0.0,0.0,0.0,0.0,0.013888888888888888,0.0,0.0,1.0
4.0,2.4438352849715076e-10,0.0,0.0,0.0,0.0,0.013888888888888888,0.0,0.0,0.0
1.0,100.0,0.0017317677076207313,0.2072030594446391,0.0,0.0,0.013888888888888888,0.0,0.0,1.0
2.0,5.0717318193164896e-08,0.0,0.0,0.0,0.0,0.013888888888888888,0.0,0.0,1.0
3.0,4.670830703209747e-08,0.0,0.0,0.0,0.0,0.013888888888888888,0.0,0.0,1.0
4.0,2.4293418510794763e-10,0.0,0.0,0.0,0.0,0.013888888888888888,0.0,0.0,0.0
1.0,100.0,0.001731766819822382,0.20720267174706175,0.0,0.0,0.013888888888888888,0.0,0.0,1.0
2.0,5.034792316849445e-08,0.0,0.0,0.0,0.0,0.013888888888888888,0.0,0.0,1.0
3.0,4.6371108020179164e-08,0.0,0.0,0.0,0.0,0.013888888888888888,0.0,0.0,1.0
4.0,2.402246154189433e-10,0.0,0.0,0.0,0.0,0.013888888888888888,0.0,0.0,0.0
1.0,100.0,0.0017317659310328015,0.20720228332568383,0.0,0.0,0.013888888888888888,0.0,0.0,1.0
2.0,4.998980273366587e-08,0.0,0.0,0.0,0.0,0.013888888888888888,0.0,0.0,1.0
3.0,4.60435417843895e-08,0.0,0.0,0.0,0.0,0.013888888888888888,0.0,0.0,1.0
4.0,2.384476162338903e-10,0.0,0.0,0.0,0.0,0.013888888888888888,0.0,0.0,0.0
1.0,100.0,0.001731765041242844,0.20720189418015852,0.0,0.0,0.013888888888888888,0.0,0.0,1.0
2.0,4.963884502038382e-08,0.0,0.0,0.0,0.0,0.013888888888888888,0.0,0.0,1.0
3.0,4.5723080183991905e-08,0.0,0.0,0.0,0.0,0.013888888888888888,0.0,0.0,1.0
4.0,2.3544819855741903e-10,0.0,0.0,0.0,0.0,0.013888888888888888,0.0,0.0,0.0
1.0,100.0,0.001731764150443018,0.20720150430980527,0.0,0.0,0.013888888888888888,0.0,0.0,1.0
2.0,4.929737478298185e-08,0.0,0.0,0.0,0.0,0.013888888888888888,0.0,0.0,1.0
3.0,4.541110354649964e-08,0.0,0.0,0.0,0.0,0.013888888888888888,0.0,0.0,1.0
4.0,2.3367120302402906e-10,0.0,0.0,0.0,0.0,0.013888888888888888,0.0,0.0,0.0
1.0,100.0,0.001731763258628955,0.20720111371466282,0.0,0.0,0.013888888888888888,0.0,0.0,1.0
2.0,4.89654065660181e-08,0.0,0.0,0.0,0.0,0.013888888888888888,0.0,0.0,1.0
3.0,4.510719052567557e-08,0.0,0.0,0.0,0.0,0.013888888888888888,0.0,0.0,1.0
4.0,2.3142792542448482e-10,0.0,0.0,0.0,0.0,0.013888888888888888,0.0,0.0,0.0
1.0,100.0,0.0017317623657916719,0.2072007223942434,0.0,0.0,0.013888888888888888,0.0,0.0,1.0
2.0,4.864116776703283e-08,0.0,0.0,0.0,0.0,0.013888888888888888,0.0,0.0,1.0
3.0,4.48116462568845e-08,0.0,0.0,0.0,0.0,0.013888888888888888,0.0,0.0,1.0
4.0,2.28743570703303e-10,0.0,0.0,0.0,0.0,0.013888888888888888,0.0,0.0,0.0
1.0,100.0,0.0017317614719230957,0.20720033034807217,0.0,0.0,0.013888888888888888,0.0,0.0,1.0
2.0,4.832377208951954e-08,0.0,0.0,0.0,0.0,0.013888888888888888,0.0,0.0,1.0
3.0,4.452140499588667e-08,0.0,0.0,0.0,0.0,0.013888888888888888,0.0,0.0,1.0
4.0,2.2747067048388957e-10,0.0,0.0,0.0,0.0,0.013888888888888888,0.0,0.0,0.0
1.0,100.0,0.0017317605770179757,0.20719993757579722,0.0,0.0,0.013888888888888888,0.0,0.0,1.0
2.0,4.801555882004773e-08,0.0,0.0,0.0,0.0,0.013888888888888888,0.0,0.0,1.0
3.0,4.424050599744768e-08,0.0,0.0,0.0,0.0,0.013888888888888888,0.0,0.0,1.0
4.0,2.2510137581079737e-10,0.0,0.0,0.0,0.0,0.013888888888888888,0.0,0.0,0.0
1.0,100.0,0.001731759681067814,0.20719954407707747,0.0,0.0,0.013888888888888888,0.0,0.0,1.0
2.0,4.7714174166506304e-08,0.0,0.0,0.0,0.0,0.013888888888888888,0.0,0.0,1.0
3.0,4.396480832045562e-08,0.0,0.0,0.0,0.0,0.013888888888888888,0.0,0.0,1.0
4.0,2.237654671555643e-10,0.0,0.0,0.0,0.0,0.013888888888888888,0.0,0.0,0.0
1.0,100.0,0.0017317587840670026,0.2071991498515053,0.0,0.0,0.013888888888888888,0.0,0.0,1.0
2.0,4.7420286504692884e-08,0.0,0.0,0.0,0.0,0.013888888888888888,0.0,0.0,1.0
3.0,4.3697072611303943e-08,0.0,0.0,0.0,0.0,0.013888888888888888,0.0,0.0,1.0
4.0,2.2173643646790432e-10,0.0,0.0,0.0,0.0,0.013888888888888888,0.0,0.0,0.0
1.0,100.0,0.0017317578860090684,0.20719875489902767,0.0,0.0,0.013888888888888888,0.0,0.0,1.0
2.0,4.7132704412582086e-08,0.0,0.0,0.0,0.0,0.013888888888888888,0.0,0.0,1.0
3.0,4.3433593814080497e-08,0.0,0.0,0.0,0.0,0.013888888888888888,0.0,0.0,1.0
4.0,2.201484857495654e-10,0.0,0.0,0.0,0.0,0.013888888888888888,0.0,0.0,0.0
1.0,100.0,0.0017317569868884534,0.2071983592188546,0.0,0.0,0.013888888888888888,0.0,0.0,1.0
2.0,4.685248856703944e-08,0.0,0.0,0.0,0.0,0.013888888888888888,0.0,0.0,1.0
3.0,4.31778881194847e-08,0.0,0.0,0.0,0.0,0.013888888888888888,0.0,0.0,1.0
4.0,2.1834629843187903e-10,0.0,0.0,0.0,0.0,0.013888888888888888,0.0,0.0,0.0
1.0,100.0,0.0017317560866986132,0.20719796281081782,0.0,0.0,0.013888888888888888,0.0,0.0,1.0
2.0,4.6578156950919777e-08,0.0,0.0,0.0,0.0,0.013888888888888888,0.0,0.0,1.0
3.0,4.2927194898031054e-08,0.0,0.0,0.0,0.0,0.013888888888888888,0.0,0.0,1.0
4.0,2.1626686355026575e-10,0.0,0.0,0.0,0.0,0.013888888888888888,0.0,0.0,0.0
1.0,100.0,0.001731755185433817,0.20719756567462136,0.0,0.0,0.013888888888888888,0.0,0.0,1.0
2.0,4.631148219617297e-08,0.0,0.0,0.0,0.0,0.013888888888888888,0.0,0.0,1.0
3.0,4.268430385904884e-08,0.0,0.0,0.0,0.0,0.013888888888888888,0.0,0.0,1.0
4.0,2.145402926360949e-10,0.0,0.0,0.0,0.0,0.013888888888888888,0.0,0.0,0.0
1.0,100.0,0.0017317541931551016,0.20719716531359017,0.0,0.0,0.013888888888888888,0.0,0.0,1.0
2.0,1.3042413857779032e-07,0.0,0.0,0.0,0.0,0.013888888888888888,0.0,0.0,1.0
3.0,1.2087164095315166e-07,0.0,0.0,0.0,0.0,0.013888888888888888,0.0,0.0,1.0
4.0,6.40469465701733e-10,0.0,0.0,0.0,0.0,0.013888888888888888,0.0,0.0,0.0
1.0,100.0,0.001731753200309605,0.20719676437271298,0.0,0.0,0.013888888888888888,0.0,0.0,1.0
2.0,1.2926008196108015e-07,0.0,0.0,0.0,0.0,0.013888888888888888,0.0,0.0,1.0
3.0,1.1968287590542898e-07,0.0,0.0,0.0,0.0,0.013888888888888888,0.0,0.0,1.0
4.0,6.376076416363348e-10,0.0,0.0,0.0,0.0,0.013888888888888888,0.0,0.0,0.0
1.0,100.0,0.0017317522108172998,0.20719636301979222,0.0,0.0,0.013888888888888888,0.0,0.0,1.0
2.0,1.242723909312206e-07,0.0,0.0,0.0,0.0,0.013888888888888888,0.0,0.0,1.0
3.0,1.1493186649904112e-07,0.0,0.0,0.0,0.0,0.013888888888888888,0.0,0.0,1.0
4.0,6.161041530977186e-10,0.0,0.0,0.0,0.0,0.013888888888888888,0.0,0.0,0.0
1.0,100.0,0.0017317512243547179,0.20719596119902736,0.0,0.0,0.013888888888888888,0.0,0.0,1.0
2.0,1.1940573640769276e-07,0.0,0.0,0.0,0.0,0.013888888888888888,0.0,0.0,1.0
3.0,1.104043869862495e-07,0.0,0.0,0.0,0.0,0.013888888888888888,0.0,0.0,1.0
4.0,5.928570472667202e-10,0.0,0.0,0.0,0.0,0.013888888888888888,0.0,0.0,0.0
1.0,100.0,0.0017317502406207059,0.20719555887053517,0.0,0.0,0.013888888888888888,0.0,0.0,1.0
2.0,1.1478644086201408e-07,0.0,0.0,0.0,0.0,0.013888888888888888,0.0,0.0,1.0
3.0,1.0616393339088025e-07,0.0,0.0,0.0,0.0,0.013888888888888888,0.0,0.0,1.0
4.0,5.70525267304161e-10,0.0,0.0,0.0,0.0,0.013888888888888888,0.0,0.0,0.0
1.0,100.0,0.0017317492593433496,0.20719515600578503,0.0,0.0,0.013888888888888888,0.0,0.0,1.0
2.0,1.1044397167371305e-07,0.0,0.0,0.0,0.0,0.013888888888888888,0.0,0.0,1.0
3.0,1.0220877774462153e-07,0.0,0.0,0.0,0.0,0.013888888888888888,0.0,0.0,1.0
4.0,5.51666055876102e-10,0.0,0.0,0.0,0.0,0.013888888888888888,0.0,0.0,0.0
1.0,100.0,0.0017317482802746188,0.20719475258226044,0.0,0.0,0.013888888888888888,0.0,0.0,1.0
2.0,1.0637761789732775e-07,0.0,0.0,0.0,0.0,0.013888888888888888,0.0,0.0,1.0
3.0,9.852421691512381e-08,0.0,0.0,0.0,0.0,0.013888888888888888,0.0,0.0,1.0
4.0,5.325452706360338e-10,0.0,0.0,0.0,0.0,0.013888888888888888,0.0,0.0,0.0
1.0,100.0,0.0017317473031902696,0.20719434858062521,0.0,0.0,0.013888888888888888,0.0,0.0,1.0
2.0,1.025750737526723e-07,0.0,0.0,0.0,0.0,0.013888888888888888,0.0,0.0,1.0
3.0,9.508855883950719e-08,0.0,0.0,0.0,0.0,0.013888888888888888,0.0,0.0,1.0
4.0,5.15400499446531e-10,0.0,0.0,0.0,0.0,0.013888888888888888,0.0,0.0,0.0
1.0,100.0,0.0017317463278829956,0.20719394398350816,0.0,0.0,0.013888888888888888,0.0,0.0,1.0
2.0,9.902191201784523e-08,0.0,0.0,0.0,0.0,0.013888888888888888,0.0,0.0,1.0
3.0,9.188047458531111e-08,0.0,0.0,0.0,0.0,0.013888888888888888,0.0,0.0,1.0
4.0,4.992291921303046e-10,0.0,0.0,0.0,0.0,0.013888888888888888,0.0,0.0,0.0
1.0,100.0,0.0017317453541677034,0.20719353877532656,0.0,0.0,0.013888888888888888,0.0,0.0,1.0
2.0,9.56995353277165e-08,0.0,0.0,0.0,0.0,0.013888888888888888,0.0,0.0,1.0
3.0,8.888223850699814e-08,0.0,0.0,0.0,0.0,0.013888888888888888,0.0,0.0,1.0
4.0,4.837407558949506e-10,0.0,0.0,0.0,0.0,0.013888888888888888,0.0,0.0,0.0
1.0,100.0,0.0017317443818719211,0.2071931329417137,0.0,0.0,0.013888888888888888,0.0,0.0,1.0
2.0,9.259196159033739e-08,0.0,0.0,0.0,0.0,0.013888888888888888,0.0,0.0,1.0
3.0,8.607743255518503e-08,0.0,0.0,0.0,0.0,0.013888888888888888,0.0,0.0,1.0
4.0,4.691386106455752e-10,0.0,0.0,0.0,0.0,0.013888888888888888,0.0,0.0,0.0
1.0,100.0,0.0017317434108353755,0.20719272646976325,0.0,0.0,0.013888888888888888,0.0,0.0,1.0
2.0,8.968210436768795e-08,0.0,0.0,0.0,0.0,0.013888888888888888,0.0,0.0,1.0
3.0,8.344747365968268e-08,0.0,0.0,0.0,0.0,0.013888888888888888,0.0,0.0,1.0
4.0,4.553791696769049e-10,0.0,0.0,0.0,0.0,0.013888888888888888,0.0,0.0,0.0
1.0,100.0,0.001731742440914139,0.20719231934817464,0.0,0.0,0.013888888888888888,0.0,0.0,1.0
2.0,8.695591388007164e-08,0.0,0.0,0.0,0.0,0.013888888888888888,0.0,0.0,1.0
3.0,8.09812615364927e-08,0.0,0.0,0.0,0.0,0.013888888888888888,0.0,0.0,1.0
4.0,4.420120107359993e-10,0.0,0.0,0.0,0.0,0.013888888888888888,0.0,0.0,0.0
1.0,100.0,0.0017317414719741724,0.2071919115660815,0.0,0.0,0.013888888888888888,0.0,0.0,1.0
2.0,8.439711721840028e-08,0.0,0.0,0.0,0.0,0.013888888888888888,0.0,0.0,1.0
3.0,7.866204374005444e-08,0.0,0.0,0.0,0.0,0.013888888888888888,0.0,0.0,1.0
4.0,4.2986533630637145e-10,0.0,0.0,0.0,0.0,0.013888888888888888,0.0,0.0,0.0
1.0,100.0,0.0017317405038909557,0.20719150311452908,0.0,0.0,0.013888888888888888,0.0,0.0,1.0
2.0,8.199446873670004e-08,0.0,0.0,0.0,0.0,0.013888888888888888,0.0,0.0,1.0
3.0,7.648246857391051e-08,0.0,0.0,0.0,0.0,0.013888888888888888,0.0,0.0,1.0
4.0,4.192733359039676e-10,0.0,0.0,0.0,0.0,0.013888888888888888,0.0,0.0,0.0
1.0,100.0,0.001731739536549989,0.20719109398508864,0.0,0.0,0.013888888888888888,0.0,0.0,1.0
2.0,7.973375864916866e-08,0.0,0.0,0.0,0.0,0.013888888888888888,0.0,0.0,1.0
3.0,7.442851509950101e-08,0.0,0.0,0.0,0.0,0.013888888888888888,0.0,0.0,1.0
4.0,4.083035418420858e-10,0.0,0.0,0.0,0.0,0.013888888888888888,0.0,0.0,0.0
1.0,100.0,0.0017317385698450824,0.2071906841700767,0.0,0.0,0.013888888888888888,0.0,0.0,1.0
2.0,7.760337796356306e-08,0.0,0.0,0.0,0.0,0.013888888888888888,0.0,0.0,1.0
3.0,7.248694694078394e-08,0.0,0.0,0.0,0.0,0.013888888888888888,0.0,0.0,1.0
4.0,3.9836535108943317e-10,0.0,0.0,0.0,0.0,0.013888888888888888,0.0,0.0,0.0
1.0,100.0,0.0017317376036795594,0.20719027366325457,0.0,0.0,0.013888888888888888,0.0,0.0,1.0
2.0,7.559507404525008e-08,0.0,0.0,0.0,0.0,0.013888888888888888,0.0,0.0,1.0
3.0,7.06542336325773e-08,0.0,0.0,0.0,0.0,0.013888888888888888,0.0,0.0,1.0
4.0,3.876425316066686e-10,0.0,0.0,0.0,0.0,0.013888888888888888,0.0,0.0,0.0
1.0,100.0,0.001731736637961198,0.2071898624581132,0.0,0.0,0.013888888888888888,0.0,0.0,1.0
2.0,7.369858910233372e-08,0.0,0.0,0.0,0.0,0.013888888888888888,0.0,0.0,1.0
3.0,6.892149769160361e-08,0.0,0.0,0.0,0.0,0.013888888888888888,0.0,0.0,1.0
4.0,3.779367880471069e-10,0.0,0.0,0.0,0.0,0.013888888888888888,0.0,0.0,0.0
1.0,100.0,0.0017317356726033399,0.20718945054991147,0.0,0.0,0.013888888888888888,0.0,0.0,1.0
2.0,7.190530718475031e-08,0.0,0.0,0.0,0.0,0.013888888888888888,0.0,0.0,1.0
3.0,6.727991972258014e-08,0.0,0.0,0.0,0.0,0.013888888888888888,0.0,0.0,1.0
4.0,3.6921906278997923e-10,0.0,0.0,0.0,0.0,0.013888888888888888,0.0,0.0,0.0
1.0,100.0,0.0017317347075269246,0.20718903793385043,0.0,0.0,0.013888888888888888,0.0,0.0,1.0
2.0,7.020752769574621e-08,0.0,0.0,0.0,0.0,0.013888888888888888,0.0,0.0,1.0
3.0,6.572267089668047e-08,0.0,0.0,0.0,0.0,0.013888888888888888,0.0,0.0,1.0
4.0,3.6048679483332316e-10,0.0,0.0,0.0,0.0,0.013888888888888888,0.0,0.0,0.0
1.0,100.0,0.0017317337426602315,0.20718862460570958,0.0,0.0,0.013888888888888888,0.0,0.0,1.0
2.0,6.859987479693513e-08,0.0,0.0,0.0,0.0,0.013888888888888888,0.0,0.0,1.0
3.0,6.424723774353995e-08,0.0,0.0,0.0,0.0,0.013888888888888888,0.0,0.0,1.0
4.0,3.5242289013856434e-10,0.0,0.0,0.0,0.0,0.013888888888888888,0.0,0.0,0.0
1.0,100.0,0.0017317327779309832,0.2071882105617201,0.0,0.0,0.013888888888888888,0.0,0.0,1.0
2.0,6.707293331327847e-08,0.0,0.0,0.0,0.0,0.013888888888888888,0.0,0.0,1.0
3.0,6.284328968530677e-08,0.0,0.0,0.0,0.0,0.013888888888888888,0.0,0.0,1.0
4.0,3.4541965780049746e-10,0.0,0.0,0.0,0.0,0.013888888888888888,0.0,0.0,0.0
1.0,100.0,0.001731731813273797,0.20718779579859042,0.0,0.0,0.013888888888888888,0.0,0.0,1.0
2.0,6.562246069427879e-08,0.0,0.0,0.0,0.0,0.013888888888888888,0.0,0.0,1.0
3.0,6.150664227221034e-08,0.0,0.0,0.0,0.0,0.013888888888888888,0.0,0.0,1.0
4.0,3.3825658632886707e-10,0.0,0.0,0.0,0.0,0.013888888888888888,0.0,0.0,0.0
1.0,100.0,0.001731730848630964,0.20718738031364486,0.0,0.0,0.013888888888888888,0.0,0.0,1.0
2.0,6.42444177926452e-08,0.0,0.0,0.0,0.0,0.013888888888888888,0.0,0.0,1.0
3.0,6.023655463276417e-08,0.0,0.0,0.0,0.0,0.013888888888888888,0.0,0.0,1.0
4.0,3.3145675320650537e-10,0.0,0.0,0.0,0.0,0.013888888888888888,0.0,0.0,0.0
1.0,100.0,0.0017317298839438977,0.2071869641037504,0.0,0.0,0.013888888888888888,0.0,0.0,1.0
2.0,6.29316705699399e-08,0.0,0.0,0.0,0.0,0.013888888888888888,0.0,0.0,1.0
3.0,5.902393117447996e-08,0.0,0.0,0.0,0.0,0.013888888888888888,0.0,0.0,1.0
4.0,3.242064827710208e-10,0.0,0.0,0.0,0.0,0.013888888888888888,0.0,0.0,0.0
1.0,100.0,0.0017317289191586566,0.20718654716677573,0.0,0.0,0.013888888888888888,0.0,0.0,1.0
2.0,6.168057215429828e-08,0.0,0.0,0.0,0.0,0.013888888888888888,0.0,0.0,1.0
3.0,5.786730450204748e-08,0.0,0.0,0.0,0.0,0.013888888888888888,0.0,0.0,1.0
4.0,3.176827000582494e-10,0.0,0.0,0.0,0.0,0.013888888888888888,0.0,0.0,0.0
1.0,100.0,0.0017317279542259612,0.20718612950062137,0.0,0.0,0.013888888888888888,0.0,0.0,1.0
2.0,6.048750472147283e-08,0.0,0.0,0.0,0.0,0.013888888888888888,0.0,0.0,1.0
3.0,5.676246105185336e-08,0.0,0.0,0.0,0.0,0.013888888888888888,0.0,0.0,1.0
4.0,3.120452358374074e-10,0.0,0.0,0.0,0.0,0.013888888888888888,0.0,0.0,0.0
1.0,100.0,0.0017317269890970972,0.2071857111033948,0.0,0.0,0.013888888888888888,0.0,0.0,1.0
2.0,5.934954787357633e-08,0.0,0.0,0.0,0.0,0.013888888888888888,0.0,0.0,1.0
3.0,5.5708369308749114e-08,0.0,0.0,0.0,0.0,0.013888888888888888,0.0,0.0,1.0
4.0,3.0634964430665463e-10,0.0,0.0,0.0,0.0,0.013888888888888888,0.0,0.0,0.0
1.0,100.0,0.0017317260237287122,0.20718529197323843,0.0,0.0,0.013888888888888888,0.0,0.0,1.0
2.0,5.826258974577245e-08,0.0,0.0,0.0,0.0,0.013888888888888888,0.0,0.0,1.0
3.0,5.469943534266007e-08,0.0,0.0,0.0,0.0,0.013888888888888888,0.0,0.0,1.0
4.0,3.006976353152873e-10,0.0,0.0,0.0,0.0,0.013888888888888888,0.0,0.0,0.0
1.0,100.0,0.0017317250580779328,0.20718487210902606,0.0,0.0,0.013888888888888888,0.0,0.0,1.0
2.0,5.7221327003894295e-08,0.0,0.0,0.0,0.0,0.013888888888888888,0.0,0.0,1.0
3.0,5.3734031891831266e-08,0.0,0.0,0.0,0.0,0.013888888888888888,0.0,0.0,1.0
4.0,2.9514732898196696e-10,0.0,0.0,0.0,0.0,0.013888888888888888,0.0,0.0,0.0
1.0,100.0,0.001731724092103833,0.2071844515089132,0.0,0.0,0.013888888888888888,0.0,0.0,1.0
2.0,5.6224074265229135e-08,0.0,0.0,0.0,0.0,0.013888888888888888,0.0,0.0,1.0
3.0,5.280676842374717e-08,0.0,0.0,0.0,0.0,0.013888888888888888,0.0,0.0,1.0
4.0,2.903380446933245e-10,0.0,0.0,0.0,0.0,0.013888888888888888,0.0,0.0,0.0
1.0,100.0,0.0017317231257704233,0.20718403017178383,0.0,0.0,0.013888888888888888,0.0,0.0,1.0
2.0,5.526991623019643e-08,0.0,0.0,0.0,0.0,0.013888888888888888,0.0,0.0,1.0
3.0,5.1918356987152357e-08,0.0,0.0,0.0,0.0,0.013888888888888888,0.0,0.0,1.0
4.0,2.8411934570725284e-10,0.0,0.0,0.0,0.0,0.013888888888888888,0.0,0.0,0.0
1.0,100.0,0.0017317221590427928,0.20718360809645575,0.0,0.0,0.013888888888888888,0.0,0.0,1.0
2.0,5.43546392864346e-08,0.0,0.0,0.0,0.0,0.013888888888888888,0.0,0.0,1.0
3.0,5.106788227043805e-08,0.0,0.0,0.0,0.0,0.013888888888888888,0.0,0.0,1.0
4.0,2.800365484162757e-10,0.0,0.0,0.0,0.0,0.013888888888888888,0.0,0.0,0.0
1.0,100.0,0.0017317211918850498,0.20718318528199736,0.0,0.0,0.013888888888888888,0.0,0.0,1.0
2.0,5.34765289712359e-08,0.0,0.0,0.0,0.0,0.013888888888888888,0.0,0.0,1.0
3.0,5.024922721825262e-08,0.0,0.0,0.0,0.0,0.013888888888888888,0.0,0.0,1.0
4.0,2.7477681604708734e-10,0.0,0.0,0.0,0.0,0.013888888888888888,0.0,0.0,0.0
1.0,100.0,0.0017317202242700138,0.20718276172734476,0.0,0.0,0.013888888888888888,0.0,0.0,1.0
2.0,5.263432124670862e-08,0.0,0.0,0.0,0.0,0.013888888888888888,0.0,0.0,1.0
3.0,4.946452780534884e-08,0.0,0.0,0.0,0.0,0.013888888888888888,0.0,0.0,1.0
4.0,2.7139144833531605e-10,0.0,0.0,0.0,0.0,0.013888888888888888,0.0,0.0,0.0
1.0,100.0,0.0017317192561600188,0.20718233743170664,0.0,0.0,0.013888888888888888,0.0,0.0,1.0
2.0,5.182171015635092e-08,0.0,0.0,0.0,0.0,0.013888888888888888,0.0,0.0,1.0
3.0,4.870521138936756e-08,0.0,0.0,0.0,0.0,0.013888888888888888,0.0,0.0,1.0
4.0,2.658992245406819e-10,0.0,0.0,0.0,0.0,0.013888888888888888,0.0,0.0,0.0
1.0,100.0,0.0017317182875294956,0.2071819123940261,0.0,0.0,0.013888888888888888,0.0,0.0,1.0
2.0,5.104304023430845e-08,0.0,0.0,0.0,0.0,0.013888888888888888,0.0,0.0,1.0
3.0,4.7979124232115465e-08,0.0,0.0,0.0,0.0,0.013888888888888888,0.0,0.0,1.0
4.0,2.6213606689438167e-10,0.0,0.0,0.0,0.0,0.013888888888888888,0.0,0.0,0.0
1.0,100.0,0.0017317173183515498,0.20718148661379668,0.0,0.0,0.013888888888888888,0.0,0.0,1.0
2.0,5.029284825375606e-08,0.0,0.0,0.0,0.0,0.013888888888888888,0.0,0.0,1.0
3.0,4.7279626172665705e-08,0.0,0.0,0.0,0.0,0.013888888888888888,0.0,0.0,1.0
4.0,2.584164948689775e-10,0.0,0.0,0.0,0.0,0.013888888888888888,0.0,0.0,0.0
1.0,100.0,0.001731716348599209,0.2071810600901568,0.0,0.0,0.013888888888888888,0.0,0.0,1.0
2.0,4.9569971866019774e-08,0.0,0.0,0.0,0.0,0.013888888888888888,0.0,0.0,1.0
3.0,4.660309928352011e-08,0.0,0.0,0.0,0.0,0.013888888888888888,0.0,0.0,1.0
4.0,2.537234064143929e-10,0.0,0.0,0.0,0.0,0.013888888888888888,0.0,0.0,0.0
1.0,100.0,0.0017317153782480726,0.20718063282265847,0.0,0.0,0.013888888888888888,0.0,0.0,1.0
2.0,4.8875094033759315e-08,0.0,0.0,0.0,0.0,0.013888888888888888,0.0,0.0,1.0
3.0,4.595441117154173e-08,0.0,0.0,0.0,0.0,0.013888888888888888,0.0,0.0,1.0
4.0,2.501927158743703e-10,0.0,0.0,0.0,0.0,0.013888888888888888,0.0,0.0,0.0
1.0,100.0,0.0017317144072829444,0.20718020481033847,0.0,0.0,0.013888888888888888,0.0,0.0,1.0
2.0,4.8202330139707626e-08,0.0,0.0,0.0,0.0,0.013888888888888888,0.0,0.0,1.0
3.0,4.5325003690308626e-08,0.0,0.0,0.0,0.0,0.013888888888888888,0.0,0.0,1.0
4.0,2.4653125092858025e-10,0.0,0.0,0.0,0.0,0.013888888888888888,0.0,0.0,0.0
1.0,100.0,0.0017317134356650721,0.20717977605269355,0.0,0.0,0.013888888888888888,0.0,0.0,1.0
2.0,4.7554993076948337e-08,0.0,0.0,0.0,0.0,0.013888888888888888,0.0,0.0,1.0
3.0,4.472099402805285e-08,0.0,0.0,0.0,0.0,0.013888888888888888,0.0,0.0,1.0
4.0,2.4356722431990214e-10,0.0,0.0,0.0,0.0,0.013888888888888888,0.0,0.0,0.0
1.0,100.0,0.0017317124633808333,0.2071793465493787,0.0,0.0,0.013888888888888888,0.0,0.0,1.0
2.0,4.692908712491746e-08,0.0,0.0,0.0,0.0,0.013888888888888888,0.0,0.0,1.0
3.0,4.413395479634067e-08,0.0,0.0,0.0,0.0,0.013888888888888888,0.0,0.0,1.0
4.0,2.3961515051341115e-10,0.0,0.0,0.0,0.0,0.013888888888888888,0.0,0.0,0.0
1.0,100.0,0.0017317114904104322,0.20717891629972807,0.0,0.0,0.013888888888888888,0.0,0.0,1.0
2.0,4.6324873863479166e-08,0.0,0.0,0.0,0.0,0.013888888888888888,0.0,0.0,1.0
3.0,4.35690006093779e-08,0.0,0.0,0.0,0.0,0.013888888888888888,0.0,0.0,1.0
4.0,2.356485424865004e-10,0.0,0.0,0.0,0.0,0.013888888888888888,0.0,0.0,0.0
1.0,100.0,0.0017317105167336984,0.20717848530315489,0.0,0.0,0.013888888888888888,0.0,0.0,1.0
2.0,4.574225162027998e-08,0.0,0.0,0.0,0.0,0.013888888888888888,0.0,0.0,1.0
3.0,4.302366139354755e-08,0.0,0.0,0.0,0.0,0.013888888888888888,0.0,0.0,1.0
4.0,2.3335288814792056e-10,0.0,0.0,0.0,0.0,0.013888888888888888,0.0,0.0,0.0
1.0,100.0,0.0017317095423308381,0.2071780535593328,0.0,0.0,0.013888888888888888,0.0,0.0,1.0
2.0,4.517754432377372e-08,0.0,0.0,0.0,0.0,0.013888888888888888,0.0,0.0,1.0
3.0,4.2495089288422073e-08,0.0,0.0,0.0,0.0,0.013888888888888888,0.0,0.0,1.0
4.0,2.2999653574913067e-10,0.0,0.0,0.0,0.0,0.013888888888888888,0.0,0.0,0.0
1.0,100.0,0.0017317085671853707,0.20717762106738122,0.0,0.0,0.013888888888888888,0.0,0.0,1.0
2.0,4.46307374756741e-08,0.0,0.0,0.0,0.0,0.013888888888888888,0.0,0.0,1.0
3.0,4.19823834588502e-08,0.0,0.0,0.0,0.0,0.013888888888888888,0.0,0.0,1.0
4.0,2.2693078144817366e-10,0.0,0.0,0.0,0.0,0.013888888888888888,0.0,0.0,0.0
1.0,100.0,0.0017317075912793739,0.20717718782726915,0.0,0.0,0.013888888888888888,0.0,0.0,1.0
2.0,4.410245590068096e-08,0.0,0.0,0.0,0.0,0.013888888888888888,0.0,0.0,1.0
3.0,4.148673539982693e-08,0.0,0.0,0.0,0.0,0.013888888888888888,0.0,0.0,1.0
4.0,2.2271714720354e-10,0.0,0.0,0.0,0.0,0.013888888888888888,0.0,0.0,0.0
1.0,100.0,0.001731706614596164,0.20717675383839446,0.0,0.0,0.013888888888888888,0.0,0.0,1.0
2.0,4.35901859241092e-08,0.0,0.0,0.0,0.0,0.013888888888888888,0.0,0.0,1.0
3.0,4.100706991338463e-08,0.0,0.0,0.0,0.0,0.013888888888888888,0.0,0.0,1.0
4.0,2.2129328637104447e-10,0.0,0.0,0.0,0.0,0.013888888888888888,0.0,0.0,0.0
1.0,100.0,0.0017317056371197277,0.20717631910013687,0.0,0.0,0.013888888888888888,0.0,0.0,1.0
2.0,4.309379680250781e-08,0.0,0.0,0.0,0.0,0.013888888888888888,0.0,0.0,1.0
3.0,4.0542166498263545e-08,0.0,0.0,0.0,0.0,0.013888888888888888,0.0,0.0,1.0
4.0,2.1805316162910725e-10,0.0,0.0,0.0,0.0,0.013888888888888888,0.0,0.0,0.0
1.0,100.0,0.0017317046588365566,0.2071758836124123,0.0,0.0,0.013888888888888888,0.0,0.0,1.0
2.0,4.2613099671205234e-08,0.0,0.0,0.0,0.0,0.013888888888888888,0.0,0.0,1.0
3.0,4.00914294451178e-08,0.0,0.0,0.0,0.0,0.013888888888888888,0.0,0.0,1.0
4.0,2.153070571662616e-10,0.0,0.0,0.0,0.0,0.013888888888888888,0.0,0.0,0.0
1.0,100.0,0.0017317036797313123,0.2071754473744137,0.0,0.0,0.013888888888888888,0.0,0.0,1.0
2.0,4.214765865282471e-08,0.0,0.0,0.0,0.0,0.013888888888888888,0.0,0.0,1.0
3.0,3.965478612702957e-08,0.0,0.0,0.0,0.0,0.013888888888888888,0.0,0.0,1.0
4.0,2.1174726388050532e-10,0.0,0.0,0.0,0.0,0.013888888888888888,0.0,0.0,0.0
1.0,100.0,0.0017317026997888583,0.20717501038576355,0.0,0.0,0.013888888888888888,0.0,0.0,1.0
2.0,4.169477117105572e-08,0.0,0.0,0.0,0.0,0.013888888888888888,0.0,0.0,1.0
3.0,3.9230391242610754e-08,0.0,0.0,0.0,0.0,0.013888888888888888,0.0,0.0,1.0
4.0,2.1042510472528968e-10,0.0,0.0,0.0,0.0,0.013888888888888888,0.0,0.0,0.0
1.0,100.0,0.001731701718997684,0.2071745726462973,0.0,0.0,0.013888888888888888,0.0,0.0,1.0
2.0,4.125565777711939e-08,0.0,0.0,0.0,0.0,0.013888888888888888,0.0,0.0,1.0
3.0,3.881920380017164e-08,0.0,0.0,0.0,0.0,0.013888888888888888,0.0,0.0,1.0
4.0,2.0868157050498574e-10,0.0,0.0,0.0,0.0,0.013888888888888888,0.0,0.0,0.0
1.0,100.0,0.0017317007373422435,0.2071741341552863,0.0,0.0,0.013888888888888888,0.0,0.0,1.0
2.0,4.082888001083296e-08,0.0,0.0,0.0,0.0,0.013888888888888888,0.0,0.0,1.0
3.0,3.841808531391136e-08,0.0,0.0,0.0,0.0,0.013888888888888888,0.0,0.0,1.0
4.0,2.0451150357386575e-10,0.0,0.0,0.0,0.0,0.013888888888888888,0.0,0.0,0.0
1.0,100.0,0.0017316997548128903,0.2071736949124171,0.0,0.0,0.013888888888888888,0.0,0.0,1.0
2.0,4.0413987458252394e-08,0.0,0.0,0.0,0.0,0.013888888888888888,0.0,0.0,1.0
3.0,3.803077004440225e-08,0.0,0.0,0.0,0.0,0.013888888888888888,0.0,0.0,1.0
4.0,2.037705436343173e-10,0.0,0.0,0.0,0.0,0.013888888888888888,0.0,0.0,0.0
1.0,100.0,0.0017316987713961117,0.20717325491739916,0.0,0.0,0.013888888888888888,0.0,0.0,1.0
2.0,4.001198271790443e-08,0.0,0.0,0.0,0.0,0.013888888888888888,0.0,0.0,1.0
3.0,3.7652506658325926e-08,0.0,0.0,0.0,0.0,0.013888888888888888,0.0,0.0,1.0
4.0,2.0066117051938185e-10,0.0,0.0,0.0,0.0,0.013888888888888888,0.0,0.0,0.0
1.0,100.0,0.001731697788334427,0.20717281416959,0.0,0.0,0.013888888888888888,0.0,0.0,1.0
2.0,3.9619872600689434e-08,0.0,0.0,0.0,0.0,0.013888888888888888,0.0,0.0,1.0
3.0,3.7285024257739176e-08,0.0,0.0,0.0,0.0,0.013888888888888888,0.0,0.0,1.0
4.0,1.980167590794228e-10,0.0,0.0,0.0,0.0,0.013888888888888888,0.0,0.0,0.0
1.0,100.0,0.0017316968076756952,0.20717237266861901,0.0,0.0,0.013888888888888888,0.0,0.0,1.0
2.0,3.923871782351344e-08,0.0,0.0,0.0,0.0,0.013888888888888888,0.0,0.0,1.0
3.0,3.6927654472817147e-08,0.0,0.0,0.0,0.0,0.013888888888888888,0.0,0.0,1.0
4.0,1.9572106869257777e-10,0.0,0.0,0.0,0.0,0.013888888888888888,0.0,0.0,0.0
1.0,100.0,0.0017316958260385545,0.2071719304141891,0.0,0.0,0.013888888888888888,0.0,0.0,1.0
2.0,3.88679226672439e-08,0.0,0.0,0.0,0.0,0.013888888888888888,0.0,0.0,1.0
3.0,3.6579598161074146e-08,0.0,0.0,0.0,0.0,0.013888888888888888,0.0,0.0,1.0
4.0,1.9359973795354414e-10,0.0,0.0,0.0,0.0,0.013888888888888888,0.0,0.0,0.0
1.0,100.0,0.001731694843414088,0.20717148740579688,0.0,0.0,0.013888888888888888,0.0,0.0,1.0
2.0,3.850817006535554e-08,0.0,0.0,0.0,0.0,0.013888888888888888,0.0,0.0,1.0
3.0,3.624232288301455e-08,0.0,0.0,0.0,0.0,0.013888888888888888,0.0,0.0,1.0
4.0,1.9120233222072247e-10,0.0,0.0,0.0,0.0,0.013888888888888888,0.0,0.0,0.0
1.0,100.0,0.0017316938597941676,0.20717104364297872,0.0,0.0,0.013888888888888888,0.0,0.0,1.0
2.0,3.815712067832152e-08,0.0,0.0,0.0,0.0,0.013888888888888888,0.0,0.0,1.0
3.0,3.591428845745873e-08,0.0,0.0,0.0,0.0,0.013888888888888888,0.0,0.0,1.0
4.0,1.8972032450053864e-10,0.0,0.0,0.0,0.0,0.013888888888888888,0.0,0.0,0.0
1.0,100.0,0.00173169287516982,0.20717059912535676,0.0,0.0,0.013888888888888888,0.0,0.0,1.0
2.0,3.7815166834394e-08,0.0,0.0,0.0,0.0,0.013888888888888888,0.0,0.0,1.0
3.0,3.559186235667102e-08,0.0,0.0,0.0,0.0,0.013888888888888888,0.0,0.0,1.0
4.0,1.8690153989451584e-10,0.0,0.0,0.0,0.0,0.013888888888888888,0.0,0.0,0.0
1.0,100.0,0.0017316918895331236,0.20717015385264226,0.0,0.0,0.013888888888888888,0.0,0.0,1.0
2.0,3.748188717248303e-08,0.0,0.0,0.0,0.0,0.013888888888888888,0.0,0.0,1.0
3.0,3.528010109053649e-08,0.0,0.0,0.0,0.0,0.013888888888888888,0.0,0.0,1.0
4.0,1.8592808473081958e-10,0.0,0.0,0.0,0.0,0.013888888888888888,0.0,0.0,0.0
1.0,100.0,0.00173169090287631,0.2071697078239945,0.0,0.0,0.013888888888888888,0.0,0.0,1.0
2.0,3.715729623597702e-08,0.0,0.0,0.0,0.0,0.013888888888888888,0.0,0.0,1.0
3.0,3.497473280197918e-08,0.0,0.0,0.0,0.0,0.013888888888888888,0.0,0.0,1.0
4.0,1.8312382610190305e-10,0.0,0.0,0.0,0.0,0.013888888888888888,0.0,0.0,0.0
1.0,100.0,0.0017316899151905752,0.20716926103959407,0.0,0.0,0.013888888888888888,0.0,0.0,1.0
2.0,3.684090001166265e-08,0.0,0.0,0.0,0.0,0.013888888888888888,0.0,0.0,1.0
3.0,3.4679462697879065e-08,0.0,0.0,0.0,0.0,0.013888888888888888,0.0,0.0,1.0
4.0,1.8229566991689593e-10,0.0,0.0,0.0,0.0,0.013888888888888888,0.0,0.0,0.0
1.0,100.0,0.0017316889264706386,0.2071688134983794,0.0,0.0,0.013888888888888888,0.0,0.0,1.0
2.0,3.6532436968413734e-08,0.0,0.0,0.0,0.0,0.013888888888888888,0.0,0.0,1.0
3.0,3.43887693209789e-08,0.0,0.0,0.0,0.0,0.013888888888888888,0.0,0.0,1.0
4.0,1.7918627330535852e-10,0.0,0.0,0.0,0.0,0.013888888888888888,0.0,0.0,0.0
1.0,100.0,0.0017316879367077688,0.2071683652005388,0.0,0.0,0.013888888888888888,0.0,0.0,1.0
2.0,3.623285158052272e-08,0.0,0.0,0.0,0.0,0.013888888888888888,0.0,0.0,1.0
3.0,3.410884254139278e-08,0.0,0.0,0.0,0.0,0.013888888888888888,0.0,0.0,1.0
4.0,1.7803845015409505e-10,0.0,0.0,0.0,0.0,0.013888888888888888,0.0,0.0,0.0
1.0,100.0,0.0017316869458951058,0.20716791614524432,0.0,0.0,0.013888888888888888,0.0,0.0,1.0
2.0,3.593686939879405e-08,0.0,0.0,0.0,0.0,0.013888888888888888,0.0,0.0,1.0
3.0,3.3830266805363444e-08,0.0,0.0,0.0,0.0,0.013888888888888888,0.0,0.0,1.0
4.0,1.754376060748352e-10,0.0,0.0,0.0,0.0,0.013888888888888888,0.0,0.0,0.0
1.0,100.0,0.0017316859540267527,0.20716746633209254,0.0,0.0,0.013888888888888888,0.0,0.0,1.0
2.0,3.5651595699229973e-08,0.0,0.0,0.0,0.0,0.013888888888888888,0.0,0.0,1.0
3.0,3.356312607790432e-08,0.0,0.0,0.0,0.0,0.013888888888888888,0.0,0.0,1.0
4.0,1.7394105524611874e-10,0.0,0.0,0.0,0.0,0.013888888888888888,0.0,0.0,0.0
1.0,100.0,0.0017316849610955407,0.2071670157606654,0.0,0.0,0.013888888888888888,0.0,0.0,1.0
2.0,3.53713927753486e-08,0.0,0.0,0.0,0.0,0.013888888888888888,0.0,0.0,1.0
3.0,3.3299196276155355e-08,0.0,0.0,0.0,0.0,0.013888888888888888,0.0,0.0,1.0
4.0,1.7225561034650003e-10,0.0,0.0,0.0,0.0,0.013888888888888888,0.0,0.0,0.0
1.0,100.0,0.001731683881592594,0.20716656297444883,0.0,0.0,0.013888888888888888,0.0,0.0,1.0
2.0,1.2376787991804606e-07,0.0,0.0,0.0,0.0,0.013888888888888888,0.0,0.0,1.0
3.0,1.1589848491926332e-07,0.0,0.0,0.0,0.0,0.013888888888888888,0.0,0.0,1.0
4.0,6.636679727392995e-10,0.0,0.0,0.0,0.0,0.013888888888888888,0.0,0.0,0.0
1.0,100.0,0.001731682802010177,0.20716610982918418,0.0,0.0,0.013888888888888888,0.0,0.0,1.0
2.0,1.216239454999481e-07,0.0,0.0,0.0,0.0,0.013888888888888888,0.0,0.0,1.0
3.0,1.1385154591624182e-07,0.0,0.0,0.0,0.0,0.013888888888888888,0.0,0.0,1.0
4.0,6.553719202040747e-10,0.0,0.0,0.0,0.0,0.013888888888888888,0.0,0.0,0.0
1.0,100.0,0.0017316817259466705,0.20716565621548094,0.0,0.0,0.013888888888888888,0.0,0.0,1.0
2.0,1.1595759181464815e-07,0.0,0.0,0.0,0.0,0.013888888888888888,0.0,0.0,1.0
3.0,1.0848385357815809e-07,0.0,0.0,0.0,0.0,0.013888888888888888,0.0,0.0,1.0
4.0,6.248590642575619e-10,0.0,0.0,0.0,0.0,0.013888888888888888,0.0,0.0,0.0
1.0,100.0,0.0017316806530531985,0.20716520205576314,0.0,0.0,0.013888888888888888,0.0,0.0,1.0
2.0,1.1053692906982963e-07,0.0,0.0,0.0,0.0,0.013888888888888888,0.0,0.0,1.0
3.0,1.0344081055112723e-07,0.0,0.0,0.0,0.0,0.013888888888888888,0.0,0.0,1.0
4.0,5.960606943646533e-10,0.0,0.0,0.0,0.0,0.013888888888888888,0.0,0.0,0.0
1.0,100.0,0.0017316795830141364,0.2071647473086979,0.0,0.0,0.013888888888888888,0.0,0.0,1.0
2.0,1.0544616188960992e-07,0.0,0.0,0.0,0.0,0.013888888888888888,0.0,0.0,1.0
3.0,9.875355704134979e-08,0.0,0.0,0.0,0.0,0.013888888888888888,0.0,0.0,1.0
4.0,5.707349846962003e-10,0.0,0.0,0.0,0.0,0.013888888888888888,0.0,0.0,0.0
1.0,100.0,0.0017316785155388835,0.20716429194799774,0.0,0.0,0.013888888888888888,0.0,0.0,1.0
2.0,1.0069668376065612e-07,0.0,0.0,0.0,0.0,0.013888888888888888,0.0,0.0,1.0
3.0,9.440756450362403e-08,0.0,0.0,0.0,0.0,0.013888888888888888,0.0,0.0,1.0
4.0,5.443339664875737e-10,0.0,0.0,0.0,0.0,0.013888888888888888,0.0,0.0,0.0
1.0,100.0,0.0017316774503633807,0.20716383595299534,0.0,0.0,0.013888888888888888,0.0,0.0,1.0
2.0,9.627360274598984e-08,0.0,0.0,0.0,0.0,0.013888888888888888,0.0,0.0,1.0
3.0,9.037519786695453e-08,0.0,0.0,0.0,0.0,0.013888888888888888,0.0,0.0,1.0
4.0,5.220013700483972e-10,0.0,0.0,0.0,0.0,0.013888888888888888,0.0,0.0,0.0
1.0,100.0,0.0017316763930749048,0.20716337930673062,0.0,0.0,0.013888888888888888,0.0,0.0,1.0
2.0,9.216176518952947e-08,0.0,0.0,0.0,0.0,0.013888888888888888,0.0,0.0,1.0
3.0,8.663258520076909e-08,0.0,0.0,0.0,0.0,0.013888888888888888,0.0,0.0,1.0
4.0,5.011362817346401e-10,0.0,0.0,0.0,0.0,0.013888888888888888,0.0,0.0,0.0
1.0,100.0,0.0017316753374669062,0.207162921994007,0.0,0.0,0.013888888888888888,0.0,0.0,1.0
2.0,8.833767686626835e-08,0.0,0.0,0.0,0.0,0.013888888888888888,0.0,0.0,1.0
3.0,8.3153180812765e-08,0.0,0.0,0.0,0.0,0.013888888888888888,0.0,0.0,1.0
4.0,4.802711442646293e-10,0.0,0.0,0.0,0.0,0.013888888888888888,0.0,0.0,0.0
1.0,100.0,0.0017316742831343973,0.20716246400136148,0.0,0.0,0.013888888888888888,0.0,0.0,1.0
2.0,8.477806133723163e-08,0.0,0.0,0.0,0.0,0.013888888888888888,0.0,0.0,1.0
3.0,7.991250214748173e-08,0.0,0.0,0.0,0.0,0.013888888888888888,0.0,0.0,1.0
4.0,4.6244280245939275e-10,0.0,0.0,0.0,0.0,0.013888888888888888,0.0,0.0,0.0
1.0,100.0,0.0017316732299240902,0.20716200531597198,0.0,0.0,0.013888888888888888,0.0,0.0,1.0
2.0,8.146497465145201e-08,0.0,0.0,0.0,0.0,0.013888888888888888,0.0,0.0,1.0
3.0,7.68919803544771e-08,0.0,0.0,0.0,0.0,0.013888888888888888,0.0,0.0,1.0
4.0,4.440477370421146e-10,0.0,0.0,0.0,0.0,0.013888888888888888,0.0,0.0,0.0
1.0,100.0,0.0017316721776920287,0.20716154592695726,0.0,0.0,0.013888888888888888,0.0,0.0,1.0
2.0,7.837566318213049e-08,0.0,0.0,0.0,0.0,0.013888888888888888,0.0,0.0,1.0
3.0,7.407162248759268e-08,0.0,0.0,0.0,0.0,0.013888888888888888,0.0,0.0,1.0
4.0,4.281809171751257e-10,0.0,0.0,0.0,0.0,0.013888888888888888,0.0,0.0,0.0
1.0,100.0,0.0017316711263073586,0.20716108582415257,0.0,0.0,0.013888888888888888,0.0,0.0,1.0
2.0,7.549093311798902e-08,0.0,0.0,0.0,0.0,0.013888888888888888,0.0,0.0,1.0
3.0,7.143229277932156e-08,0.0,0.0,0.0,0.0,0.013888888888888888,0.0,0.0,1.0
4.0,4.115439540358093e-10,0.0,0.0,0.0,0.0,0.013888888888888888,0.0,0.0,0.0
1.0,100.0,0.001731670075649312,0.2071606249985582,0.0,0.0,0.013888888888888888,0.0,0.0,1.0
2.0,7.27958334148883e-08,0.0,0.0,0.0,0.0,0.013888888888888888,0.0,0.0,1.0
3.0,6.896210602498915e-08,0.0,0.0,0.0,0.0,0.013888888888888888,0.0,0.0,1.0
4.0,3.9717369904605936e-10,0.0,0.0,0.0,0.0,0.013888888888888888,0.0,0.0,0.0
1.0,100.0,0.0017316690256039913,0.20716016344231863,0.0,0.0,0.013888888888888888,0.0,0.0,1.0
2.0,7.027432316216339e-08,0.0,0.0,0.0,0.0,0.013888888888888888,0.0,0.0,1.0
3.0,6.664545716377392e-08,0.0,0.0,0.0,0.0,0.013888888888888888,0.0,0.0,1.0
4.0,3.8443082080641147e-10,0.0,0.0,0.0,0.0,0.013888888888888888,0.0,0.0,0.0
1.0,100.0,0.001731667976070975,0.20715970114838322,0.0,0.0,0.013888888888888888,0.0,0.0,1.0
2.0,6.791005622772851e-08,0.0,0.0,0.0,0.0,0.013888888888888888,0.0,0.0,1.0
3.0,6.446839752365598e-08,0.0,0.0,0.0,0.0,0.013888888888888888,0.0,0.0,1.0
4.0,3.7065625864212127e-10,0.0,0.0,0.0,0.0,0.013888888888888888,0.0,0.0,0.0
1.0,100.0,0.0017316669269533877,0.20715923811043266,0.0,0.0,0.013888888888888888,0.0,0.0,1.0
2.0,6.569229514455749e-08,0.0,0.0,0.0,0.0,0.013888888888888888,0.0,0.0,1.0
3.0,6.242273241153618e-08,0.0,0.0,0.0,0.0,0.013888888888888888,0.0,0.0,1.0
4.0,3.592501299809067e-10,0.0,0.0,0.0,0.0,0.013888888888888888,0.0,0.0,0.0
1.0,100.0,0.0017316658781624905,0.20715877432313348,0.0,0.0,0.013888888888888888,0.0,0.0,1.0
2.0,6.36064372939955e-08,0.0,0.0,0.0,0.0,0.013888888888888888,0.0,0.0,1.0
3.0,6.049291468871611e-08,0.0,0.0,0.0,0.0,0.013888888888888888,0.0,0.0,1.0
4.0,3.476260238590895e-10,0.0,0.0,0.0,0.0,0.013888888888888888,0.0,0.0,0.0
1.0,100.0,0.0017316648296148887,0.20715830978145772,0.0,0.0,0.013888888888888888,0.0,0.0,1.0
2.0,6.164422979674697e-08,0.0,0.0,0.0,0.0,0.013888888888888888,0.0,0.0,1.0
3.0,5.8674018904969715e-08,0.0,0.0,0.0,0.0,0.013888888888888888,0.0,0.0,1.0
4.0,3.3742588039490873e-10,0.0,0.0,0.0,0.0,0.013888888888888888,0.0,0.0,0.0
1.0,100.0,0.0017316637812360286,0.20715784448143712,0.0,0.0,0.013888888888888888,0.0,0.0,1.0
2.0,5.979545812020838e-08,0.0,0.0,0.0,0.0,0.013888888888888888,0.0,0.0,1.0
3.0,5.695475524114057e-08,0.0,0.0,0.0,0.0,0.013888888888888888,0.0,0.0,1.0
4.0,3.266735619527154e-10,0.0,0.0,0.0,0.0,0.013888888888888888,0.0,0.0,0.0
1.0,100.0,0.0017316627329513035,0.2071573784192192,0.0,0.0,0.013888888888888888,0.0,0.0,1.0
2.0,5.805242145650495e-08,0.0,0.0,0.0,0.0,0.013888888888888888,0.0,0.0,1.0
3.0,5.53330316126014e-08,0.0,0.0,0.0,0.0,0.013888888888888888,0.0,0.0,1.0
4.0,3.1706913178700493e-10,0.0,0.0,0.0,0.0,0.013888888888888888,0.0,0.0,0.0
1.0,100.0,0.0017316616846963632,0.20715691159145133,0.0,0.0,0.013888888888888888,0.0,0.0,1.0
2.0,5.6403975241467833e-08,0.0,0.0,0.0,0.0,0.013888888888888888,0.0,0.0,1.0
3.0,5.379471015708645e-08,0.0,0.0,0.0,0.0,0.013888888888888888,0.0,0.0,1.0
4.0,3.071886068407572e-10,0.0,0.0,0.0,0.0,0.013888888888888888,0.0,0.0,0.0
1.0,100.0,0.0017316606364079215,0.20715644399536595,0.0,0.0,0.013888888888888888,0.0,0.0,1.0
2.0,5.484570247979345e-08,0.0,0.0,0.0,0.0,0.013888888888888888,0.0,0.0,1.0
3.0,5.2337175632125786e-08,0.0,0.0,0.0,0.0,0.013888888888888888,0.0,0.0,1.0
4.0,2.982816080944956e-10,0.0,0.0,0.0,0.0,0.013888888888888888,0.0,0.0,0.0
1.0,100.0,0.0017316595880257234,0.20715597562826646,0.0,0.0,0.013888888888888888,0.0,0.0,1.0
2.0,5.337019287314736e-08,0.0,0.0,0.0,0.0,0.013888888888888888,0.0,0.0,1.0
3.0,5.095537165600645e-08,0.0,0.0,0.0,0.0,0.013888888888888888,0.0,0.0,1.0
4.0,2.91307149745335e-10,0.0,0.0,0.0,0.0,0.013888888888888888,0.0,0.0,0.0
1.0,100.0,0.0017316585394979496,0.20715550648840877,0.0,0.0,0.013888888888888888,0.0,0.0,1.0
2.0,5.1971125881529e-08,0.0,0.0,0.0,0.0,0.013888888888888888,0.0,0.0,1.0
3.0,4.964286142795272e-08,0.0,0.0,0.0,0.0,0.013888888888888888,0.0,0.0,1.0
4.0,2.827343258617134e-10,0.0,0.0,0.0,0.0,0.013888888888888888,0.0,0.0,0.0
1.0,100.0,0.0017316574907712972,0.20715503657346845,0.0,0.0,0.013888888888888888,0.0,0.0,1.0
2.0,5.0643183545016224e-08,0.0,0.0,0.0,0.0,0.013888888888888888,0.0,0.0,1.0
3.0,4.839267049465795e-08,0.0,0.0,0.0,0.0,0.013888888888888888,0.0,0.0,1.0
4.0,2.746264652360805e-10,0.0,0.0,0.0,0.0,0.013888888888888888,0.0,0.0,0.0
1.0,100.0,0.0017316564417980142,0.2071545658820136,0.0,0.0,0.013888888888888888,0.0,0.0,1.0
2.0,4.938110600487215e-08,0.0,0.0,0.0,0.0,0.013888888888888888,0.0,0.0,1.0
3.0,4.720447935203787e-08,0.0,0.0,0.0,0.0,0.013888888888888888,0.0,0.0,1.0
4.0,2.679425826187004e-10,0.0,0.0,0.0,0.0,0.013888888888888888,0.0,0.0,0.0
1.0,100.0,0.0017316553925320968,0.20715409441244453,0.0,0.0,0.013888888888888888,0.0,0.0,1.0
2.0,4.8181246270188044e-08,0.0,0.0,0.0,0.0,0.013888888888888888,0.0,0.0,1.0
3.0,4.607305717328559e-08,0.0,0.0,0.0,0.0,0.013888888888888888,0.0,0.0,1.0
4.0,2.612296290165578e-10,0.0,0.0,0.0,0.0,0.013888888888888888,0.0,0.0,0.0
1.0,100.0,0.0017316543429313142,0.207153622163516,0.0,0.0,0.013888888888888888,0.0,0.0,1.0
2.0,4.7038126488963184e-08,0.0,0.0,0.0,0.0,0.013888888888888888,0.0,0.0,1.0
3.0,4.499424837242137e-08,0.0,0.0,0.0,0.0,0.013888888888888888,0.0,0.0,1.0
4.0,2.550978867101512e-10,0.0,0.0,0.0,0.0,0.013888888888888888,0.0,0.0,0.0
1.0,100.0,0.0017316532929542233,0.20715314913420532,0.0,0.0,0.013888888888888888,0.0,0.0,1.0
2.0,4.594984330207908e-08,0.0,0.0,0.0,0.0,0.013888888888888888,0.0,0.0,1.0
3.0,4.396349049380265e-08,0.0,0.0,0.0,0.0,0.013888888888888888,0.0,0.0,1.0
4.0,2.479780594386083e-10,0.0,0.0,0.0,0.0,0.013888888888888888,0.0,0.0,0.0
1.0,100.0,0.0017316522425640773,0.20715267532319853,0.0,0.0,0.013888888888888888,0.0,0.0,1.0
2.0,4.491150004957234e-08,0.0,0.0,0.0,0.0,0.013888888888888888,0.0,0.0,1.0
3.0,4.297999900723721e-08,0.0,0.0,0.0,0.0,0.013888888888888888,0.0,0.0,1.0
4.0,2.4271813167232817e-10,0.0,0.0,0.0,0.0,0.013888888888888888,0.0,0.0,0.0
1.0,100.0,0.0017316511917265319,0.20715220073001434,0.0,0.0,0.013888888888888888,0.0,0.0,1.0
2.0,4.391940609165481e-08,0.0,0.0,0.0,0.0,0.013888888888888888,0.0,0.0,1.0
3.0,4.203915331174776e-08,0.0,0.0,0.0,0.0,0.013888888888888888,0.0,0.0,1.0
4.0,2.3715305502005677e-10,0.0,0.0,0.0,0.0,0.013888888888888888,0.0,0.0,0.0
1.0,100.0,0.0017316501404025248,0.20715172535364254,0.0,0.0,0.013888888888888888,0.0,0.0,1.0
2.0,4.297126570967363e-08,0.0,0.0,0.0,0.0,0.013888888888888888,0.0,0.0,1.0
3.0,4.1139020945193215e-08,0.0,0.0,0.0,0.0,0.013888888888888888,0.0,0.0,1.0
4.0,2.309195653807563e-10,0.0,0.0,0.0,0.0,0.013888888888888888,0.0,0.0,0.0
1.0,100.0,0.0017316490885624172,0.20715124919333264,0.0,0.0,0.013888888888888888,0.0,0.0,1.0
2.0,4.206385322033266e-08,0.0,0.0,0.0,0.0,0.013888888888888888,0.0,0.0,1.0
3.0,4.0276477931669796e-08,0.0,0.0,0.0,0.0,0.013888888888888888,0.0,0.0,1.0
4.0,2.270400187036976e-10,0.0,0.0,0.0,0.0,0.013888888888888888,0.0,0.0,0.0
1.0,100.0,0.0017316480361750472,0.2071507722487172,0.0,0.0,0.013888888888888888,0.0,0.0,1.0
2.0,4.119668920765557e-08,0.0,0.0,0.0,0.0,0.013888888888888888,0.0,0.0,1.0
3.0,3.944928665029319e-08,0.0,0.0,0.0,0.0,0.013888888888888888,0.0,0.0,1.0
4.0,2.2070480052709738e-10,0.0,0.0,0.0,0.0,0.013888888888888888,0.0,0.0,0.0
1.0,100.0,0.0017316469832156793,0.207150294518991,0.0,0.0,0.013888888888888888,0.0,0.0,1.0
2.0,4.0363932469073414e-08,0.0,0.0,0.0,0.0,0.013888888888888888,0.0,0.0,1.0
3.0,3.865696767226809e-08,0.0,0.0,0.0,0.0,0.013888888888888888,0.0,0.0,1.0
4.0,2.1592434622737143e-10,0.0,0.0,0.0,0.0,0.013888888888888888,0.0,0.0,0.0
1.0,100.0,0.0017316459296500485,0.20714981600396168,0.0,0.0,0.013888888888888888,0.0,0.0,1.0
2.0,3.956686177299356e-08,0.0,0.0,0.0,0.0,0.013888888888888888,0.0,0.0,1.0
3.0,3.789687650824736e-08,0.0,0.0,0.0,0.0,0.013888888888888888,0.0,0.0,1.0
4.0,2.1091139660307986e-10,0.0,0.0,0.0,0.0,0.013888888888888888,0.0,0.0,0.0
1.0,100.0,0.001731644875454212,0.20714933670287589,0.0,0.0,0.013888888888888888,0.0,0.0,1.0
2.0,3.880046414251602e-08,0.0,0.0,0.0,0.0,0.013888888888888888,0.0,0.0,1.0
3.0,3.716696441538826e-08,0.0,0.0,0.0,0.0,0.013888888888888888,0.0,0.0,1.0
4.0,2.07075418579168e-10,0.0,0.0,0.0,0.0,0.013888888888888888,0.0,0.0,0.0
1.0,100.0,0.0017316438206045344,0.2071488566153599,0.0,0.0,0.013888888888888888,0.0,0.0,1.0
2.0,3.806523368454699e-08,0.0,0.0,0.0,0.0,0.013888888888888888,0.0,0.0,1.0
3.0,3.6463293667263516e-08,0.0,0.0,0.0,0.0,0.013888888888888888,0.0,0.0,1.0
4.0,2.0216417164704243e-10,0.0,0.0,0.0,0.0,0.013888888888888888,0.0,0.0,0.0
1.0,100.0,0.0017316427650769157,0.20714837574143463,0.0,0.0,0.013888888888888888,0.0,0.0,1.0
2.0,3.73591507104546e-08,0.0,0.0,0.0,0.0,0.013888888888888888,0.0,0.0,1.0
3.0,3.5789627747061396e-08,0.0,0.0,0.0,0.0,0.013888888888888888,0.0,0.0,1.0
4.0,1.9768883706057887e-10,0.0,0.0,0.0,0.0,0.013888888888888888,0.0,0.0,0.0
1.0,100.0,0.0017316417088482302,0.20714789407990836,0.0,0.0,0.013888888888888888,0.0,0.0,1.0
2.0,3.667855356709742e-08,0.0,0.0,0.0,0.0,0.013888888888888888,0.0,0.0,1.0
3.0,3.513726288082635e-08,0.0,0.0,0.0,0.0,0.013888888888888888,0.0,0.0,1.0
4.0,1.9286476268812694e-10,0.0,0.0,0.0,0.0,0.013888888888888888,0.0,0.0,0.0
1.0,100.0,0.001731640651897392,0.20714741163136108,0.0,0.0,0.013888888888888888,0.0,0.0,1.0
2.0,3.602595610412485e-08,0.0,0.0,0.0,0.0,0.013888888888888888,0.0,0.0,1.0
3.0,3.4513769565697786e-08,0.0,0.0,0.0,0.0,0.013888888888888888,0.0,0.0,1.0
4.0,1.9001684651961696e-10,0.0,0.0,0.0,0.0,0.013888888888888888,0.0,0.0,0.0
1.0,100.0,0.0017316395942042833,0.20714692839489723,0.0,0.0,0.013888888888888888,0.0,0.0,1.0
2.0,3.53957495567168e-08,0.0,0.0,0.0,0.0,0.013888888888888888,0.0,0.0,1.0
3.0,3.391159193402451e-08,0.0,0.0,0.0,0.0,0.013888888888888888,0.0,0.0,1.0
4.0,1.8719798804134012e-10,0.0,0.0,0.0,0.0,0.013888888888888888,0.0,0.0,0.0
1.0,100.0,0.00173163853574905,0.20714644437059881,0.0,0.0,0.013888888888888888,0.0,0.0,1.0
2.0,3.478749805197195e-08,0.0,0.0,0.0,0.0,0.013888888888888888,0.0,0.0,1.0
3.0,3.332699565844784e-08,0.0,0.0,0.0,0.0,0.013888888888888888,0.0,0.0,1.0
4.0,1.8203969516931672e-10,0.0,0.0,0.0,0.0,0.013888888888888888,0.0,0.0,0.0
1.0,100.0,0.0017316374765120736,0.20714595955773457,0.0,0.0,0.013888888888888888,0.0,0.0,1.0
2.0,3.420236408443263e-08,0.0,0.0,0.0,0.0,0.013888888888888888,0.0,0.0,1.0
3.0,3.2766839235468366e-08,0.0,0.0,0.0,0.0,0.013888888888888888,0.0,0.0,1.0
4.0,1.791772369946867e-10,0.0,0.0,0.0,0.0,0.013888888888888888,0.0,0.0,0.0
1.0,100.0,0.0017316364164763345,0.2071454739562875,0.0,0.0,0.013888888888888888,0.0,0.0,1.0
2.0,3.3638792919675334e-08,0.0,0.0,0.0,0.0,0.013888888888888888,0.0,0.0,1.0
3.0,3.2227373805193336e-08,0.0,0.0,0.0,0.0,0.013888888888888888,0.0,0.0,1.0
4.0,1.7593697888397917e-10,0.0,0.0,0.0,0.0,0.013888888888888888,0.0,0.0,0.0
1.0,100.0,0.0017316353556242477,0.20714498756621683,0.0,0.0,0.013888888888888888,0.0,0.0,1.0
2.0,3.309339895810116e-08,0.0,0.0,0.0,0.0,0.013888888888888888,0.0,0.0,1.0
3.0,3.170428380506516e-08,0.0,0.0,0.0,0.0,0.013888888888888888,0.0,0.0,1.0
4.0,1.7256594141027373e-10,0.0,0.0,0.0,0.0,0.013888888888888888,0.0,0.0,0.0
1.0,100.0,0.0017316342939390338,0.20714450038677004,0.0,0.0,0.013888888888888888,0.0,0.0,1.0
2.0,3.256544117188904e-08,0.0,0.0,0.0,0.0,0.013888888888888888,0.0,0.0,1.0
3.0,3.119690085776351e-08,0.0,0.0,0.0,0.0,0.013888888888888888,0.0,0.0,1.0
4.0,1.6877351146802788e-10,0.0,0.0,0.0,0.0,0.013888888888888888,0.0,0.0,0.0
1.0,100.0,0.0017316332314066959,0.20714401241785546,0.0,0.0,0.013888888888888888,0.0,0.0,1.0
2.0,3.205779666452387e-08,0.0,0.0,0.0,0.0,0.013888888888888888,0.0,0.0,1.0
3.0,3.07099183962817e-08,0.0,0.0,0.0,0.0,0.013888888888888888,0.0,0.0,1.0
4.0,1.6554777328775394e-10,0.0,0.0,0.0,0.0,0.013888888888888888,0.0,0.0,0.0
1.0,100.0,0.0017316321680104772,0.20714352365915656,0.0,0.0,0.013888888888888888,0.0,0.0,1.0
2.0,3.1565670353215797e-08,0.0,0.0,0.0,0.0,0.013888888888888888,0.0,0.0,1.0
3.0,3.023893366535646e-08,0.0,0.0,0.0,0.0,0.013888888888888888,0.0,0.0,1.0
4.0,1.639639966499692e-10,0.0,0.0,0.0,0.0,0.013888888888888888,0.0,0.0,0.0
1.0,100.0,0.0017316311037360163,0.20714303411050408,0.0,0.0,0.013888888888888888,0.0,0.0,1.0
2.0,3.108916398186405e-08,0.0,0.0,0.0,0.0,0.013888888888888888,0.0,0.0,1.0
3.0,2.978121492868445e-08,0.0,0.0,0.0,0.0,0.013888888888888888,0.0,0.0,1.0
4.0,1.6113058056127367e-10,0.0,0.0,0.0,0.0,0.013888888888888888,0.0,0.0,0.0
1.0,100.0,0.0017316300385694448,0.20714254377146393,0.0,0.0,0.013888888888888888,0.0,0.0,1.0
2.0,3.0627580106626036e-08,0.0,0.0,0.0,0.0,0.013888888888888888,0.0,0.0,1.0
3.0,2.9337546867985427e-08,0.0,0.0,0.0,0.0,0.013888888888888888,0.0,0.0,1.0
4.0,1.580065480884561e-10,0.0,0.0,0.0,0.0,0.013888888888888888,0.0,0.0,0.0
1.0,100.0,0.00173162897249741,0.2071420526419064,0.0,0.0,0.013888888888888888,0.0,0.0,1.0
2.0,3.018149998158949e-08,0.0,0.0,0.0,0.0,0.013888888888888888,0.0,0.0,1.0
3.0,2.8908714165463323e-08,0.0,0.0,0.0,0.0,0.013888888888888888,0.0,0.0,1.0
4.0,1.5576888399028373e-10,0.0,0.0,0.0,0.0,0.013888888888888888,0.0,0.0,0.0
1.0,100.0,0.0017316279055075415,0.20714156072137052,0.0,0.0,0.013888888888888888,0.0,0.0,1.0
2.0,2.9748831214945264e-08,0.0,0.0,0.0,0.0,0.013888888888888888,0.0,0.0,1.0
3.0,2.849355439202073e-08,0.0,0.0,0.0,0.0,0.013888888888888888,0.0,0.0,1.0
4.0,1.5347309480738652e-10,0.0,0.0,0.0,0.0,0.013888888888888888,0.0,0.0,0.0
1.0,100.0,0.0017316268375875143,0.20714106800961002,0.0,0.0,0.013888888888888888,0.0,0.0,1.0
2.0,2.9329355870094423e-08,0.0,0.0,0.0,0.0,0.013888888888888888,0.0,0.0,1.0
3.0,2.8089553761918886e-08,0.0,0.0,0.0,0.0,0.013888888888888888,0.0,0.0,1.0
4.0,1.5011656287834306e-10,0.0,0.0,0.0,0.0,0.013888888888888888,0.0,0.0,0.0
1.0,100.0,0.0017316257687241949,0.20714057450671597,0.0,0.0,0.013888888888888888,0.0,0.0,1.0
2.0,2.8921286694329596e-08,0.0,0.0,0.0,0.0,0.013888888888888888,0.0,0.0,1.0
3.0,2.7698252549193434e-08,0.0,0.0,0.0,0.0,0.013888888888888888,0.0,0.0,1.0
4.0,1.4693439621037344e-10,0.0,0.0,0.0,0.0,0.013888888888888888,0.0,0.0,0.0
1.0,100.0,0.001731624698907422,0.20714008021168795,0.0,0.0,0.013888888888888888,0.0,0.0,1.0
2.0,2.8527311887679274e-08,0.0,0.0,0.0,0.0,0.013888888888888888,0.0,0.0,1.0
3.0,2.732010122701671e-08,0.0,0.0,0.0,0.0,0.013888888888888888,0.0,0.0,1.0
4.0,1.4535060376341924e-10,0.0,0.0,0.0,0.0,0.013888888888888888,0.0,0.0,0.0
1.0,100.0,0.0017316236281254892,0.20713958512478342,0.0,0.0,0.013888888888888888,0.0,0.0,1.0
2.0,2.8142708993256214e-08,0.0,0.0,0.0,0.0,0.013888888888888888,0.0,0.0,1.0
3.0,2.6949025981469695e-08,0.0,0.0,0.0,0.0,0.013888888888888888,0.0,0.0,1.0
4.0,1.4180516425065522e-10,0.0,0.0,0.0,0.0,0.013888888888888888,0.0,0.0,0.0
1.0,100.0,0.0017316225563671283,0.20713908924542712,0.0,0.0,0.013888888888888888,0.0,0.0,1.0
2.0,2.7771895364459538e-08,0.0,0.0,0.0,0.0,0.013888888888888888,0.0,0.0,1.0
3.0,2.659333839391553e-08,0.0,0.0,0.0,0.0,0.013888888888888888,0.0,0.0,1.0
4.0,1.3956748571230356e-10,0.0,0.0,0.0,0.0,0.013888888888888888,0.0,0.0,0.0
1.0,100.0,0.0017316214836234662,0.2071385925732657,0.0,0.0,0.013888888888888888,0.0,0.0,1.0
2.0,2.7409015143718306e-08,0.0,0.0,0.0,0.0,0.013888888888888888,0.0,0.0,1.0
3.0,2.6244305526308833e-08,0.0,0.0,0.0,0.0,0.013888888888888888,0.0,0.0,1.0
4.0,1.383905474108181e-10,0.0,0.0,0.0,0.0,0.013888888888888888,0.0,0.0,0.0
1.0,100.0,0.0017316204098831057,0.20713809510795478,0.0,0.0,0.013888888888888888,0.0,0.0,1.0
2.0,2.705924128268023e-08,0.0,0.0,0.0,0.0,0.013888888888888888,0.0,0.0,1.0
3.0,2.590747812745465e-08,0.0,0.0,0.0,0.0,0.013888888888888888,0.0,0.0,1.0
4.0,1.3433652484436706e-10,0.0,0.0,0.0,0.0,0.013888888888888888,0.0,0.0,0.0
1.0,100.0,0.0017316193351377483,0.20713759684928565,0.0,0.0,0.013888888888888888,0.0,0.0,1.0
2.0,2.671591872800998e-08,0.0,0.0,0.0,0.0,0.013888888888888888,0.0,0.0,1.0
3.0,2.5576927679194247e-08,0.0,0.0,0.0,0.0,0.013888888888888888,0.0,0.0,1.0
4.0,1.3272366112755075e-10,0.0,0.0,0.0,0.0,0.013888888888888888,0.0,0.0,0.0
1.0,100.0,0.001731618259377515,0.20713709779688494,0.0,0.0,0.013888888888888888,0.0,0.0,1.0
2.0,2.6383900756531134e-08,0.0,0.0,0.0,0.0,0.013888888888888888,0.0,0.0,1.0
3.0,2.52593237994625e-08,0.0,0.0,0.0,0.0,0.013888888888888888,0.0,0.0,1.0
4.0,1.3218607003011734e-10,0.0,0.0,0.0,0.0,0.013888888888888888,0.0,0.0,0.0
1.0,100.0,0.001731617182593034,0.20713659795026299,0.0,0.0,0.013888888888888888,0.0,0.0,1.0
2.0,2.6059569231687616e-08,0.0,0.0,0.0,0.0,0.013888888888888888,0.0,0.0,1.0
3.0,2.4947212238593077e-08,0.0,0.0,0.0,0.0,0.013888888888888888,0.0,0.0,1.0
4.0,1.2987572821330272e-10,0.0,0.0,0.0,0.0,0.013888888888888888,0.0,0.0,0.0
1.0,100.0,0.0017316161047761648,0.20713609730912005,0.0,0.0,0.013888888888888888,0.0,0.0,1.0
2.0,2.5744333648362378e-08,0.0,0.0,0.0,0.0,0.013888888888888888,0.0,0.0,1.0
3.0,2.4643484624699104e-08,0.0,0.0,0.0,0.0,0.013888888888888888,0.0,0.0,1.0
4.0,1.2753632292794317e-10,0.0,0.0,0.0,0.0,0.013888888888888888,0.0,0.0,0.0
1.0,100.0,0.0017316150259180172,0.20713559587338537,0.0,0.0,0.013888888888888888,0.0,0.0,1.0
2.0,2.54385282277611e-08,0.0,0.0,0.0,0.0,0.013888888888888888,0.0,0.0,1.0
3.0,2.434994278351607e-08,0.0,0.0,0.0,0.0,0.013888888888888888,0.0,0.0,1.0
4.0,1.2522597716286603e-10,0.0,0.0,0.0,0.0,0.013888888888888888,0.0,0.0,0.0
1.0,100.0,0.0017316139460147417,0.2071350936421349,0.0,0.0,0.013888888888888888,0.0,0.0,1.0
2.0,2.513854935747678e-08,0.0,0.0,0.0,0.0,0.013888888888888888,0.0,0.0,1.0
3.0,2.406211125811026e-08,0.0,0.0,0.0,0.0,0.013888888888888888,0.0,0.0,1.0
4.0,1.2439776615691e-10,0.0,0.0,0.0,0.0,0.013888888888888888,0.0,0.0,0.0
1.0,100.0,0.001731612865050835,0.207134590615351,0.0,0.0,0.013888888888888888,0.0,0.0,1.0
2.0,2.48482331674087e-08,0.0,0.0,0.0,0.0,0.013888888888888888,0.0,0.0,1.0
3.0,2.3782460286963015e-08,0.0,0.0,0.0,0.0,0.013888888888888888,0.0,0.0,1.0
4.0,1.2160790209423823e-10,0.0,0.0,0.0,0.0,0.013888888888888888,0.0,0.0,0.0
1.0,100.0,0.0017316117830211003,0.20713408679275572,0.0,0.0,0.013888888888888888,0.0,0.0,1.0
2.0,2.456345293501554e-08,0.0,0.0,0.0,0.0,0.013888888888888888,0.0,0.0,1.0
3.0,2.350819997594932e-08,0.0,0.0,0.0,0.0,0.013888888888888888,0.0,0.0,1.0
4.0,1.207360963470038e-10,0.0,0.0,0.0,0.0,0.013888888888888888,0.0,0.0,0.0
1.0,100.0,0.0017316106999204512,0.2071335821736152,0.0,0.0,0.013888888888888888,0.0,0.0,1.0
2.0,2.4286402815354612e-08,0.0,0.0,0.0,0.0,0.013888888888888888,0.0,0.0,1.0
3.0,2.324204758740867e-08,0.0,0.0,0.0,0.0,0.013888888888888888,0.0,0.0,1.0
4.0,1.1839668231468343e-10,0.0,0.0,0.0,0.0,0.013888888888888888,0.0,0.0,0.0
1.0,100.0,0.001731609615739398,0.20713307675772172,0.0,0.0,0.013888888888888888,0.0,0.0,1.0
2.0,2.4015615211858863e-08,0.0,0.0,0.0,0.0,0.013888888888888888,0.0,0.0,1.0
3.0,2.2981503840264685e-08,0.0,0.0,0.0,0.0,0.013888888888888888,0.0,0.0,1.0
4.0,1.1676927421120254e-10,0.0,0.0,0.0,0.0,0.013888888888888888,0.0,0.0,0.0
1.0,100.0,0.0017316085304736814,0.20713257054462025,0.0,0.0,0.013888888888888888,0.0,0.0,1.0
2.0,2.3753211627385123e-08,0.0,0.0,0.0,0.0,0.013888888888888888,0.0,0.0,1.0
3.0,2.2729198813738608e-08,0.0,0.0,0.0,0.0,0.013888888888888888,0.0,0.0,1.0
4.0,1.1434267209827422e-10,0.0,0.0,0.0,0.0,0.013888888888888888,0.0,0.0,0.0
1.0,100.0,0.0017316073947689554,0.2071320731028393,0.0,0.0,0.013888888888888888,0.0,0.0,1.0
2.0,9.496456086704918e-08,0.0,0.0,0.0,0.0,0.013888888888888888,0.0,0.0,1.0
3.0,8.999719305579605e-08,0.0,0.0,0.0,0.0,0.013888888888888888,0.0,0.0,1.0
4.0,5.314348644181204e-10,0.0,0.0,0.0,0.0,0.013888888888888888,0.0,0.0,0.0
1.0,100.0,0.0017316062584669786,0.2071315751450348,0.0,0.0,0.013888888888888888,0.0,0.0,1.0
2.0,9.1983251490014e-08,0.0,0.0,0.0,0.0,0.013888888888888888,0.0,0.0,1.0
3.0,8.723614911889273e-08,0.0,0.0,0.0,0.0,0.013888888888888888,0.0,0.0,1.0
4.0,5.176458928015839e-10,0.0,0.0,0.0,0.0,0.013888888888888888,0.0,0.0,0.0
1.0,100.0,0.0017316051238452125,0.20713107606775938,0.0,0.0,0.013888888888888888,0.0,0.0,1.0
2.0,8.6884450072399e-08,0.0,0.0,0.0,0.0,0.013888888888888888,0.0,0.0,1.0
3.0,8.245376464848806e-08,0.0,0.0,0.0,0.0,0.013888888888888888,0.0,0.0,1.0
4.0,4.866378033566386e-10,0.0,0.0,0.0,0.0,0.013888888888888888,0.0,0.0,0.0
1.0,100.0,0.0017316039906932494,0.2071305758289584,0.0,0.0,0.013888888888888888,0.0,0.0,1.0
2.0,8.211199255251922e-08,0.0,0.0,0.0,0.0,0.013888888888888888,0.0,0.0,1.0
3.0,7.802719378799933e-08,0.0,0.0,0.0,0.0,0.013888888888888888,0.0,0.0,1.0
4.0,4.6003244990661314e-10,0.0,0.0,0.0,0.0,0.013888888888888888,0.0,0.0,0.0
1.0,100.0,0.0017316028588036027,0.20713007443004355,0.0,0.0,0.013888888888888888,0.0,0.0,1.0
2.0,7.76890146125072e-08,0.0,0.0,0.0,0.0,0.013888888888888888,0.0,0.0,1.0
3.0,7.395237045573114e-08,0.0,0.0,0.0,0.0,0.013888888888888888,0.0,0.0,1.0
4.0,4.3508352111755774e-10,0.0,0.0,0.0,0.0,0.013888888888888888,0.0,0.0,0.0
1.0,100.0,0.0017316017279982812,0.20712957188390646,0.0,0.0,0.013888888888888888,0.0,0.0,1.0
2.0,7.360370501935383e-08,0.0,0.0,0.0,0.0,0.013888888888888888,0.0,0.0,1.0
3.0,7.020042408432852e-08,0.0,0.0,0.0,0.0,0.013888888888888888,0.0,0.0,1.0
4.0,4.098874819951202e-10,0.0,0.0,0.0,0.0,0.013888888888888888,0.0,0.0,0.0
1.0,100.0,0.0017316005981101034,0.20712906820617677,0.0,0.0,0.013888888888888888,0.0,0.0,1.0
2.0,6.98336156509388e-08,0.0,0.0,0.0,0.0,0.013888888888888888,0.0,0.0,1.0
3.0,6.674306500727734e-08,0.0,0.0,0.0,0.0,0.013888888888888888,0.0,0.0,1.0
4.0,3.886001778064238e-10,0.0,0.0,0.0,0.0,0.013888888888888888,0.0,0.0,0.0
1.0,100.0,0.0017315994689917665,0.20712856341280803,0.0,0.0,0.013888888888888888,0.0,0.0,1.0
2.0,6.635586217689908e-08,0.0,0.0,0.0,0.0,0.013888888888888888,0.0,0.0,1.0
3.0,6.355384868921068e-08,0.0,0.0,0.0,0.0,0.013888888888888888,0.0,0.0,1.0
4.0,3.700300905474063e-10,0.0,0.0,0.0,0.0,0.013888888888888888,0.0,0.0,0.0
1.0,100.0,0.0017315983405044794,0.20712805751868144,0.0,0.0,0.013888888888888888,0.0,0.0,1.0
2.0,6.314187841513138e-08,0.0,0.0,0.0,0.0,0.013888888888888888,0.0,0.0,1.0
3.0,6.060287197237838e-08,0.0,0.0,0.0,0.0,0.013888888888888888,0.0,0.0,1.0
4.0,3.5018122337737346e-10,0.0,0.0,0.0,0.0,0.013888888888888888,0.0,0.0,0.0
1.0,100.0,0.0017315972125255042,0.2071275505375849,0.0,0.0,0.013888888888888888,0.0,0.0,1.0
2.0,6.017171479199505e-08,0.0,0.0,0.0,0.0,0.013888888888888888,0.0,0.0,1.0
3.0,5.7872335742212615e-08,0.0,0.0,0.0,0.0,0.013888888888888888,0.0,0.0,1.0
4.0,3.3408128749440215e-10,0.0,0.0,0.0,0.0,0.013888888888888888,0.0,0.0,0.0
1.0,100.0,0.001731596084940472,0.20712704248249014,0.0,0.0,0.013888888888888888,0.0,0.0,1.0
2.0,5.7423023932154526e-08,0.0,0.0,0.0,0.0,0.013888888888888888,0.0,0.0,1.0
3.0,5.533804708257808e-08,0.0,0.0,0.0,0.0,0.013888888888888888,0.0,0.0,1.0
4.0,3.1763256270988246e-10,0.0,0.0,0.0,0.0,0.013888888888888888,0.0,0.0,0.0
1.0,100.0,0.001731594957646438,0.2071265333649724,0.0,0.0,0.013888888888888888,0.0,0.0,1.0
2.0,5.4873908739113356e-08,0.0,0.0,0.0,0.0,0.013888888888888888,0.0,0.0,1.0
3.0,5.2983165576274374e-08,0.0,0.0,0.0,0.0,0.013888888888888888,0.0,0.0,1.0
4.0,3.0313094662992273e-10,0.0,0.0,0.0,0.0,0.013888888888888888,0.0,0.0,0.0
1.0,100.0,0.001731593830545195,0.20712602319622372,0.0,0.0,0.013888888888888888,0.0,0.0,1.0
2.0,5.2507572334980466e-08,0.0,0.0,0.0,0.0,0.013888888888888888,0.0,0.0,1.0
3.0,5.078971725137015e-08,0.0,0.0,0.0,0.0,0.013888888888888888,0.0,0.0,1.0
4.0,2.897772419694977e-10,0.0,0.0,0.0,0.0,0.013888888888888888,0.0,0.0,0.0
1.0,100.0,0.0017315927035498595,0.207125511986797,0.0,0.0,0.013888888888888888,0.0,0.0,1.0
2.0,5.030784254586544e-08,0.0,0.0,0.0,0.0,0.013888888888888888,0.0,0.0,1.0
3.0,4.8746601177956065e-08,0.0,0.0,0.0,0.0,0.013888888888888888,0.0,0.0,1.0
4.0,2.7578413894198475e-10,0.0,0.0,0.0,0.0,0.013888888888888888,0.0,0.0,0.0
1.0,100.0,0.0017315915765799812,0.20712499974633192,0.0,0.0,0.013888888888888888,0.0,0.0,1.0
2.0,4.825796584086874e-08,0.0,0.0,0.0,0.0,0.013888888888888888,0.0,0.0,1.0
3.0,4.6834956764562075e-08,0.0,0.0,0.0,0.0,0.013888888888888888,0.0,0.0,1.0
4.0,2.643194016783953e-10,0.0,0.0,0.0,0.0,0.013888888888888888,0.0,0.0,0.0
1.0,100.0,0.0017315904495603818,0.207124486484018,0.0,0.0,0.013888888888888888,0.0,0.0,1.0
2.0,4.634698646647544e-08,0.0,0.0,0.0,0.0,0.013888888888888888,0.0,0.0,1.0
3.0,4.504796954137379e-08,0.0,0.0,0.0,0.0,0.013888888888888888,0.0,0.0,1.0
4.0,2.5282557515591143e-10,0.0,0.0,0.0,0.0,0.013888888888888888,0.0,0.0,0.0
1.0,100.0,0.0017315893224211613,0.20712397220858406,0.0,0.0,0.013888888888888888,0.0,0.0,1.0
2.0,4.456303313337833e-08,0.0,0.0,0.0,0.0,0.013888888888888888,0.0,0.0,1.0
3.0,4.337299802475883e-08,0.0,0.0,0.0,0.0,0.013888888888888888,0.0,0.0,1.0
4.0,2.4207280639530057e-10,0.0,0.0,0.0,0.0,0.013888888888888888,0.0,0.0,0.0
1.0,100.0,0.001731588195097417,0.20712345692863232,0.0,0.0,0.013888888888888888,0.0,0.0,1.0
2.0,4.289186591298786e-08,0.0,0.0,0.0,0.0,0.013888888888888888,0.0,0.0,1.0
3.0,4.180221043815458e-08,0.0,0.0,0.0,0.0,0.013888888888888888,0.0,0.0,1.0
4.0,2.3280218268379213e-10,0.0,0.0,0.0,0.0,0.013888888888888888,0.0,0.0,0.0
1.0,100.0,0.001731587067531521,0.20712294065171463,0.0,0.0,0.013888888888888888,0.0,0.0,1.0
2.0,4.1325696597278816e-08,0.0,0.0,0.0,0.0,0.013888888888888888,0.0,0.0,1.0
3.0,4.0325697007032834e-08,0.0,0.0,0.0,0.0,0.013888888888888888,0.0,0.0,1.0
4.0,2.239965332730853e-10,0.0,0.0,0.0,0.0,0.013888888888888888,0.0,0.0,0.0
1.0,100.0,0.0017315859396653164,0.20712242338556475,0.0,0.0,0.013888888888888888,0.0,0.0,1.0
2.0,3.98570275485316e-08,0.0,0.0,0.0,0.0,0.013888888888888888,0.0,0.0,1.0
3.0,3.8933228216826665e-08,0.0,0.0,0.0,0.0,0.013888888888888888,0.0,0.0,1.0
4.0,2.1447884208880736e-10,0.0,0.0,0.0,0.0,0.013888888888888888,0.0,0.0,0.0
1.0,100.0,0.0017315848114424234,0.20712190513716752,0.0,0.0,0.013888888888888888,0.0,0.0,1.0
2.0,3.847663188186076e-08,0.0,0.0,0.0,0.0,0.013888888888888888,0.0,0.0,1.0
3.0,3.76242086179326e-08,0.0,0.0,0.0,0.0,0.013888888888888888,0.0,0.0,1.0
4.0,2.0703907910081546e-10,0.0,0.0,0.0,0.0,0.013888888888888888,0.0,0.0,0.0
1.0,100.0,0.0017315836828260714,0.2071213859135531,0.0,0.0,0.013888888888888888,0.0,0.0,1.0
2.0,3.7177462330612455e-08,0.0,0.0,0.0,0.0,0.013888888888888888,0.0,0.0,1.0
3.0,3.6387696590743836e-08,0.0,0.0,0.0,0.0,0.013888888888888888,0.0,0.0,1.0
4.0,1.9909071235720508e-10,0.0,0.0,0.0,0.0,0.013888888888888888,0.0,0.0,0.0
1.0,100.0,0.0017315825537640777,0.20712086572072871,0.0,0.0,0.013888888888888888,0.0,0.0,1.0
2.0,3.595180315834542e-08,0.0,0.0,0.0,0.0,0.013888888888888888,0.0,0.0,1.0
3.0,3.5217008084938425e-08,0.0,0.0,0.0,0.0,0.013888888888888888,0.0,0.0,1.0
4.0,1.9131670397291353e-10,0.0,0.0,0.0,0.0,0.013888888888888888,0.0,0.0,0.0
1.0,100.0,0.001731581424215584,0.20712034456536627,0.0,0.0,0.013888888888888888,0.0,0.0,1.0
2.0,3.479605090053013e-08,0.0,0.0,0.0,0.0,0.013888888888888888,0.0,0.0,1.0
3.0,3.4110588505160234e-08,0.0,0.0,0.0,0.0,0.013888888888888888,0.0,0.0,1.0
4.0,1.8364439927708003e-10,0.0,0.0,0.0,0.0,0.013888888888888888,0.0,0.0,0.0
1.0,100.0,0.0017315802941412959,0.2071198224528103,0.0,0.0,0.013888888888888888,0.0,0.0,1.0
2.0,3.3704538647255324e-08,0.0,0.0,0.0,0.0,0.013888888888888888,0.0,0.0,1.0
3.0,3.306377357525779e-08,0.0,0.0,0.0,0.0,0.013888888888888888,0.0,0.0,1.0
4.0,1.7741066373309995e-10,0.0,0.0,0.0,0.0,0.013888888888888888,0.0,0.0,0.0
1.0,100.0,0.001731579163487438,0.20711929938896362,0.0,0.0,0.013888888888888888,0.0,0.0,1.0
2.0,3.2672093520162916e-08,0.0,0.0,0.0,0.0,0.013888888888888888,0.0,0.0,1.0
3.0,3.207099806385491e-08,0.0,0.0,0.0,0.0,0.013888888888888888,0.0,0.0,1.0
4.0,1.7111879248907666e-10,0.0,0.0,0.0,0.0,0.013888888888888888,0.0,0.0,0.0
1.0,100.0,0.0017315780322488842,0.20711877537906426,0.0,0.0,0.013888888888888888,0.0,0.0,1.0
2.0,3.1690752634467114e-08,0.0,0.0,0.0,0.0,0.013888888888888888,0.0,0.0,1.0
3.0,3.1126173593208966e-08,0.0,0.0,0.0,0.0,0.013888888888888888,0.0,0.0,1.0
4.0,1.6546628138095962e-10,0.0,0.0,0.0,0.0,0.013888888888888888,0.0,0.0,0.0
1.0,100.0,0.001731576900378533,0.2071182504278722,0.0,0.0,0.013888888888888888,0.0,0.0,1.0
2.0,3.076375660451434e-08,0.0,0.0,0.0,0.0,0.013888888888888888,0.0,0.0,1.0
3.0,3.023031750122756e-08,0.0,0.0,0.0,0.0,0.013888888888888888,0.0,0.0,1.0
4.0,1.599009477047152e-10,0.0,0.0,0.0,0.0,0.013888888888888888,0.0,0.0,0.0
1.0,100.0,0.001731575767846544,0.20711772454020122,0.0,0.0,0.013888888888888888,0.0,0.0,1.0
2.0,2.988346219432781e-08,0.0,0.0,0.0,0.0,0.013888888888888888,0.0,0.0,1.0
3.0,2.9378198715181744e-08,0.0,0.0,0.0,0.0,0.013888888888888888,0.0,0.0,1.0
4.0,1.5459716606485804e-10,0.0,0.0,0.0,0.0,0.013888888888888888,0.0,0.0,0.0
1.0,100.0,0.0017315746346215886,0.2071171977208453,0.0,0.0,0.013888888888888888,0.0,0.0,1.0
2.0,2.9044216913790464e-08,0.0,0.0,0.0,0.0,0.013888888888888888,0.0,0.0,1.0
3.0,2.8565196452075964e-08,0.0,0.0,0.0,0.0,0.013888888888888888,0.0,0.0,1.0
4.0,1.5049111621235793e-10,0.0,0.0,0.0,0.0,0.013888888888888888,0.0,0.0,0.0
1.0,100.0,0.0017315735006768662,0.20711666997401548,0.0,0.0,0.013888888888888888,0.0,0.0,1.0
2.0,2.824709619447484e-08,0.0,0.0,0.0,0.0,0.013888888888888888,0.0,0.0,1.0
3.0,2.7790598802146628e-08,0.0,0.0,0.0,0.0,0.013888888888888888,0.0,0.0,1.0
4.0,1.4842439406272837e-10,0.0,0.0,0.0,0.0,0.013888888888888888,0.0,0.0,0.0
1.0,100.0,0.0017315723659872579,0.2071161413035063,0.0,0.0,0.013888888888888888,0.0,0.0,1.0
2.0,2.7487915170048638e-08,0.0,0.0,0.0,0.0,0.013888888888888888,0.0,0.0,1.0
3.0,2.705225525945387e-08,0.0,0.0,0.0,0.0,0.013888888888888888,0.0,0.0,1.0
4.0,1.4442959259609422e-10,0.0,0.0,0.0,0.0,0.013888888888888888,0.0,0.0,0.0
1.0,100.0,0.0017315712305269227,0.2071156117136424,0.0,0.0,0.013888888888888888,0.0,0.0,1.0
2.0,2.6762924895460986e-08,0.0,0.0,0.0,0.0,0.013888888888888888,0.0,0.0,1.0
3.0,2.6344876567045825e-08,0.0,0.0,0.0,0.0,0.013888888888888888,0.0,0.0,1.0
4.0,1.4252669632761587e-10,0.0,0.0,0.0,0.0,0.013888888888888888,0.0,0.0,0.0
1.0,100.0,0.0017315700942723443,0.20711508120748193,0.0,0.0,0.013888888888888888,0.0,0.0,1.0
2.0,2.6071863904330983e-08,0.0,0.0,0.0,0.0,0.013888888888888888,0.0,0.0,1.0
3.0,2.5671136557939463e-08,0.0,0.0,0.0,0.0,0.013888888888888888,0.0,0.0,1.0
4.0,1.4029615335190878e-10,0.0,0.0,0.0,0.0,0.013888888888888888,0.0,0.0,0.0
1.0,100.0,0.0017315689572021218,0.20711454978917537,0.0,0.0,0.013888888888888888,0.0,0.0,1.0
2.0,2.5410692607190237e-08,0.0,0.0,0.0,0.0,0.013888888888888888,0.0,0.0,1.0
3.0,2.502436548995235e-08,0.0,0.0,0.0,0.0,0.013888888888888888,0.0,0.0,1.0
4.0,1.375867418598133e-10,0.0,0.0,0.0,0.0,0.013888888888888888,0.0,0.0,0.0
1.0,100.0,0.0017315678192951606,0.20711401746161162,0.0,0.0,0.013888888888888888,0.0,0.0,1.0
2.0,2.4778757178919148e-08,0.0,0.0,0.0,0.0,0.013888888888888888,0.0,0.0,1.0
3.0,2.440536265577557e-08,0.0,0.0,0.0,0.0,0.013888888888888888,0.0,0.0,1.0
4.0,1.3488993318651927e-10,0.0,0.0,0.0,0.0,0.013888888888888888,0.0,0.0,0.0
1.0,100.0,0.0017315666805290402,0.2071134842279462,0.0,0.0,0.013888888888888888,0.0,0.0,1.0
2.0,2.417415410296782e-08,0.0,0.0,0.0,0.0,0.013888888888888888,0.0,0.0,1.0
3.0,2.381318359775259e-08,0.0,0.0,0.0,0.0,0.013888888888888888,0.0,0.0,1.0
4.0,1.330752531035041e-10,0.0,0.0,0.0,0.0,0.013888888888888888,0.0,0.0,0.0
1.0,100.0,0.0017315655408894472,0.20711295009103234,0.0,0.0,0.013888888888888888,0.0,0.0,1.0
2.0,2.3595052511896018e-08,0.0,0.0,0.0,0.0,0.013888888888888888,0.0,0.0,1.0
3.0,2.3245488853540507e-08,0.0,0.0,0.0,0.0,0.013888888888888888,0.0,0.0,1.0
4.0,1.302650298299916e-10,0.0,0.0,0.0,0.0,0.013888888888888888,0.0,0.0,0.0
1.0,100.0,0.0017315644003535336,0.207112415054045,0.0,0.0,0.013888888888888888,0.0,0.0,1.0
2.0,2.303928731285108e-08,0.0,0.0,0.0,0.0,0.013888888888888888,0.0,0.0,1.0
3.0,2.2698602077970007e-08,0.0,0.0,0.0,0.0,0.013888888888888888,0.0,0.0,1.0
4.0,1.2837474036581374e-10,0.0,0.0,0.0,0.0,0.013888888888888888,0.0,0.0,0.0
1.0,100.0,0.0017315632589065969,0.2071118791191566,0.0,0.0,0.013888888888888888,0.0,0.0,1.0
2.0,2.25048096561817e-08,0.0,0.0,0.0,0.0,0.013888888888888888,0.0,0.0,1.0
3.0,2.2173932857201616e-08,0.0,0.0,0.0,0.0,0.013888888888888888,0.0,0.0,1.0
4.0,1.26421442506911e-10,0.0,0.0,0.0,0.0,0.013888888888888888,0.0,0.0,0.0
1.0,100.0,0.0017315621165314406,0.20711134228930342,0.0,0.0,0.013888888888888888,0.0,0.0,1.0
2.0,2.1992476939346673e-08,0.0,0.0,0.0,0.0,0.013888888888888888,0.0,0.0,1.0
3.0,2.166973749286695e-08,0.0,0.0,0.0,0.0,0.013888888888888888,0.0,0.0,1.0
4.0,1.2372463814815675e-10,0.0,0.0,0.0,0.0,0.013888888888888888,0.0,0.0,0.0
1.0,100.0,0.0017315609732130458,0.20711080456651756,0.0,0.0,0.013888888888888888,0.0,0.0,1.0
2.0,2.1501068587087334e-08,0.0,0.0,0.0,0.0,0.013888888888888888,0.0,0.0,1.0
3.0,2.1186408378410794e-08,0.0,0.0,0.0,0.0,0.013888888888888888,0.0,0.0,1.0
4.0,1.2282989424519438e-10,0.0,0.0,0.0,0.0,0.013888888888888888,0.0,0.0,0.0
1.0,100.0,0.0017315598289360838,0.2071102659532141,0.0,0.0,0.013888888888888888,0.0,0.0,1.0
2.0,2.1026341513485705e-08,0.0,0.0,0.0,0.0,0.013888888888888888,0.0,0.0,1.0
3.0,2.0719164770161072e-08,0.0,0.0,0.0,0.0,0.013888888888888888,0.0,0.0,1.0
4.0,1.2059935848436986e-10,0.0,0.0,0.0,0.0,0.013888888888888888,0.0,0.0,0.0
1.0,100.0,0.001731558683685105,0.20710972645154668,0.0,0.0,0.013888888888888888,0.0,0.0,1.0
2.0,2.0570475451973244e-08,0.0,0.0,0.0,0.0,0.013888888888888888,0.0,0.0,1.0
3.0,2.0270375307193064e-08,0.0,0.0,0.0,0.0,0.013888888888888888,0.0,0.0,1.0
4.0,1.1841923068836996e-10,0.0,0.0,0.0,0.0,0.013888888888888888,0.0,0.0,0.0
1.0,100.0,0.0017315575374480413,0.20710918606326392,0.0,0.0,0.013888888888888888,0.0,0.0,1.0
2.0,2.0129445275928666e-08,0.0,0.0,0.0,0.0,0.013888888888888888,0.0,0.0,1.0
3.0,1.983568064234068e-08,0.0,0.0,0.0,0.0,0.013888888888888888,0.0,0.0,1.0
4.0,1.169069995572401e-10,0.0,0.0,0.0,0.0,0.013888888888888888,0.0,0.0,0.0
1.0,100.0,0.001731556390209149,0.20710864479033456,0.0,0.0,0.013888888888888888,0.0,0.0,1.0
2.0,1.9706070092354216e-08,0.0,0.0,0.0,0.0,0.013888888888888888,0.0,0.0,1.0
3.0,1.941830675779749e-08,0.0,0.0,0.0,0.0,0.013888888888888888,0.0,0.0,1.0
4.0,1.1412198619312121e-10,0.0,0.0,0.0,0.0,0.013888888888888888,0.0,0.0,0.0
1.0,100.0,0.0017315552419598066,0.2071081026346998,0.0,0.0,0.013888888888888888,0.0,0.0,1.0
2.0,1.9296629924025216e-08,0.0,0.0,0.0,0.0,0.013888888888888888,0.0,0.0,1.0
3.0,1.901335663991151e-08,0.0,0.0,0.0,0.0,0.013888888888888888,0.0,0.0,1.0
4.0,1.1363050268197402e-10,0.0,0.0,0.0,0.0,0.013888888888888888,0.0,0.0,0.0
1.0,100.0,0.0017315540926837502,0.20710755959778684,0.0,0.0,0.013888888888888888,0.0,0.0,1.0
2.0,1.8902316369596895e-08,0.0,0.0,0.0,0.0,0.013888888888888888,0.0,0.0,1.0
3.0,1.8624622990116156e-08,0.0,0.0,0.0,0.0,0.013888888888888888,0.0,0.0,1.0
4.0,1.1069426896092062e-10,0.0,0.0,0.0,0.0,0.013888888888888888,0.0,0.0,0.0
1.0,100.0,0.0017315529423724823,0.20710701568145187,0.0,0.0,0.013888888888888888,0.0,0.0,1.0
2.0,1.8520121477590824e-08,0.0,0.0,0.0,0.0,0.013888888888888888,0.0,0.0,1.0
3.0,1.8245174402219033e-08,0.0,0.0,0.0,0.0,0.013888888888888888,0.0,0.0,1.0
4.0,1.1027839707799638e-10,0.0,0.0,0.0,0.0,0.013888888888888888,0.0,0.0,0.0
1.0,100.0,0.0017315517910134132,0.20710647088688613,0.0,0.0,0.013888888888888888,0.0,0.0,1.0
2.0,1.815277716352984e-08,0.0,0.0,0.0,0.0,0.013888888888888888,0.0,0.0,1.0
3.0,1.7881477338409438e-08,0.0,0.0,0.0,0.0,0.013888888888888888,0.0,0.0,1.0
4.0,1.0899300096732882e-10,0.0,0.0,0.0,0.0,0.013888888888888888,0.0,0.0,0.0
1.0,100.0,0.0017315506414445037,0.20710592521544025,0.0,0.0,0.013888888888888888,0.0,0.0,1.0
2.0,1.7794674362957145e-08,0.0,0.0,0.0,0.0,0.013888888888888888,0.0,0.0,1.0
3.0,1.752680382280274e-08,0.0,0.0,0.0,0.0,0.013888888888888888,0.0,0.0,1.0
4.0,1.0892998010854663e-10,0.0,0.0,0.0,0.0,0.013888888888888888,0.0,0.0,0.0
1.0,100.0,0.001731549491687359,0.20710537866888606,0.0,0.0,0.013888888888888888,0.0,0.0,1.0
2.0,1.7449169835688176e-08,0.0,0.0,0.0,0.0,0.013888888888888888,0.0,0.0,1.0
3.0,1.7186501407831352e-08,0.0,0.0,0.0,0.0,0.013888888888888888,0.0,0.0,1.0
4.0,1.0630879377979913e-10,0.0,0.0,0.0,0.0,0.013888888888888888,0.0,0.0,0.0
1.0,100.0,0.0017315483407606045,0.20710483124781104,0.0,0.0,0.013888888888888888,0.0,0.0,1.0
2.0,1.7114984848109986e-08,0.0,0.0,0.0,0.0,0.013888888888888888,0.0,0.0,1.0
3.0,1.6855600401129248e-08,0.0,0.0,0.0,0.0,0.013888888888888888,0.0,0.0,1.0
4.0,1.0445631792048615e-10,0.0,0.0,0.0,0.0,0.013888888888888888,0.0,0.0,0.0
1.0,100.0,0.0017315471886580856,0.20710428295370228,0.0,0.0,0.013888888888888888,0.0,0.0,1.0
2.0,1.6790666287653958e-08,0.0,0.0,0.0,0.0,0.013888888888888888,0.0,0.0,1.0
3.0,1.6535771927383296e-08,0.0,0.0,0.0,0.0,0.013888888888888888,0.0,0.0,1.0
4.0,1.0370019903411268e-10,0.0,0.0,0.0,0.0,0.013888888888888888,0.0,0.0,0.0
1.0,100.0,0.001731546035372119,0.20710373378769312,0.0,0.0,0.013888888888888888,0.0,0.0,1.0
2.0,1.6475226042087455e-08,0.0,0.0,0.0,0.0,0.013888888888888888,0.0,0.0,1.0
3.0,1.622390629816901e-08,0.0,0.0,0.0,0.0,0.013888888888888888,0.0,0.0,1.0
4.0,1.0304489479912e-10,0.0,0.0,0.0,0.0,0.013888888888888888,0.0,0.0,0.0
1.0,100.0,0.0017315448808961752,0.20710318375059428,0.0,0.0,0.013888888888888888,0.0,0.0,1.0
2.0,1.6170466017763288e-08,0.0,0.0,0.0,0.0,0.013888888888888888,0.0,0.0,1.0
3.0,1.5920526659204e-08,0.0,0.0,0.0,0.0,0.013888888888888888,0.0,0.0,1.0
4.0,1.016082794734554e-10,0.0,0.0,0.0,0.0,0.013888888888888888,0.0,0.0,0.0
1.0,100.0,0.001731543725224495,0.20710263284335365,0.0,0.0,0.013888888888888888,0.0,0.0,1.0
2.0,1.5874439031371802e-08,0.0,0.0,0.0,0.0,0.013888888888888888,0.0,0.0,1.0
3.0,1.562920774269694e-08,0.0,0.0,0.0,0.0,0.013888888888888888,0.0,0.0,1.0
4.0,9.944076046894758e-11,0.0,0.0,0.0,0.0,0.013888888888888888,0.0,0.0,0.0
1.0,100.0,0.0017315425683513755,0.20710208106683833,0.0,0.0,0.013888888888888888,0.0,0.0,1.0
2.0,1.5586244154691135e-08,0.0,0.0,0.0,0.0,0.013888888888888888,0.0,0.0,1.0
3.0,1.5343497641214685e-08,0.0,0.0,0.0,0.0,0.013888888888888888,0.0,0.0,1.0
4.0,9.882326257559276e-11,0.0,0.0,0.0,0.0,0.013888888888888888,0.0,0.0,0.0
1.0,100.0,0.0017315414102699292,0.2071015284220286,0.0,0.0,0.013888888888888888,0.0,0.0,1.0
2.0,1.530730547747419e-08,0.0,0.0,0.0,0.0,0.013888888888888888,0.0,0.0,1.0
3.0,1.5066927491207173e-08,0.0,0.0,0.0,0.0,0.013888888888888888,0.0,0.0,1.0
4.0,9.765128605936275e-11,0.0,0.0,0.0,0.0,0.013888888888888888,0.0,0.0,0.0
1.0,100.0,0.0017315402509746668,0.2071009749094548,0.0,0.0,0.013888888888888888,0.0,0.0,1.0
2.0,1.5035414246290766e-08,0.0,0.0,0.0,0.0,0.013888888888888888,0.0,0.0,1.0
3.0,1.4799482777256686e-08,0.0,0.0,0.0,0.0,0.013888888888888888,0.0,0.0,1.0
4.0,9.568539705635972e-11,0.0,0.0,0.0,0.0,0.013888888888888888,0.0,0.0,0.0
1.0,100.0,0.0017315390904970595,0.207100420530019,0.0,0.0,0.013888888888888888,0.0,0.0,1.0
2.0,1.4770977353240783e-08,0.0,0.0,0.0,0.0,0.013888888888888888,0.0,0.0,1.0
3.0,1.4535510806484146e-08,0.0,0.0,0.0,0.0,0.013888888888888888,0.0,0.0,1.0
4.0,9.629027359113136e-11,0.0,0.0,0.0,0.0,0.013888888888888888,0.0,0.0,0.0
1.0,100.0,0.0017315379287575392,0.2070998652843149,0.0,0.0,0.013888888888888888,0.0,0.0,1.0
2.0,1.4515041071679691e-08,0.0,0.0,0.0,0.0,0.013888888888888888,0.0,0.0,1.0
3.0,1.4282131968604349e-08,0.0,0.0,0.0,0.0,0.013888888888888888,0.0,0.0,1.0
4.0,9.505528900999667e-11,0.0,0.0,0.0,0.0,0.013888888888888888,0.0,0.0,0.0
1.0,100.0,0.0017315367657882788,0.20709930917275762,0.0,0.0,0.013888888888888888,0.0,0.0,1.0
2.0,1.4262621147544528e-08,0.0,0.0,0.0,0.0,0.013888888888888888,0.0,0.0,1.0
3.0,1.4033315751294317e-08,0.0,0.0,0.0,0.0,0.013888888888888888,0.0,0.0,1.0
4.0,9.296338323388837e-11,0.0,0.0,0.0,0.0,0.013888888888888888,0.0,0.0,0.0
1.0,100.0,0.0017315356015828065,0.20709875219587975,0.0,0.0,0.013888888888888888,0.0,0.0,1.0
2.0,1.4017815443858115e-08,0.0,0.0,0.0,0.0,0.013888888888888888,0.0,0.0,1.0
3.0,1.3791198279745152e-08,0.0,0.0,0.0,0.0,0.013888888888888888,0.0,0.0,1.0
4.0,9.330362261506867e-11,0.0,0.0,0.0,0.0,0.013888888888888888,0.0,0.0,0.0
1.0,100.0,0.001731534436137938,0.20709819435441112,0.0,0.0,0.013888888888888888,0.0,0.0,1.0
2.0,1.378076928704329e-08,0.0,0.0,0.0,0.0,0.013888888888888888,0.0,0.0,1.0
3.0,1.3556854889222464e-08,0.0,0.0,0.0,0.0,0.013888888888888888,0.0,0.0,1.0
4.0,9.116131043068113e-11,0.0,0.0,0.0,0.0,0.013888888888888888,0.0,0.0,0.0
1.0,100.0,0.0017315332694480064,0.20709763564853004,0.0,0.0,0.013888888888888888,0.0,0.0,1.0
2.0,1.3548867035796289e-08,0.0,0.0,0.0,0.0,0.013888888888888888,0.0,0.0,1.0
3.0,1.3328541822871236e-08,0.0,0.0,0.0,0.0,0.013888888888888888,0.0,0.0,1.0
4.0,9.007754854157309e-11,0.0,0.0,0.0,0.0,0.013888888888888888,0.0,0.0,0.0
1.0,100.0,0.0017315321015079254,0.2070970760789893,0.0,0.0,0.013888888888888888,0.0,0.0,1.0
2.0,1.3322239482132446e-08,0.0,0.0,0.0,0.0,0.013888888888888888,0.0,0.0,1.0
3.0,1.3103498122344444e-08,0.0,0.0,0.0,0.0,0.013888888888888888,0.0,0.0,1.0
4.0,8.992631882341624e-11,0.0,0.0,0.0,0.0,0.013888888888888888,0.0,0.0,0.0
1.0,100.0,0.0017315309323139253,0.20709651564598136,0.0,0.0,0.013888888888888888,0.0,0.0,1.0
2.0,1.3101932897267024e-08,0.0,0.0,0.0,0.0,0.013888888888888888,0.0,0.0,1.0
3.0,1.2885748997466076e-08,0.0,0.0,0.0,0.0,0.013888888888888888,0.0,0.0,1.0
4.0,8.888036274270267e-11,0.0,0.0,0.0,0.0,0.013888888888888888,0.0,0.0,0.0
1.0,100.0,0.0017315297619141677,0.2070959543496364,0.0,0.0,0.013888888888888888,0.0,0.0,1.0
2.0,1.2885506012173708e-08,0.0,0.0,0.0,0.0,0.013888888888888888,0.0,0.0,1.0
3.0,1.2672562551647288e-08,0.0,0.0,0.0,0.0,0.013888888888888888,0.0,0.0,1.0
4.0,8.695228232135344e-11,0.0,0.0,0.0,0.0,0.013888888888888888,0.0,0.0,0.0
1.0,100.0,0.001731528590198643,0.20709539219064943,0.0,0.0,0.013888888888888888,0.0,0.0,1.0
2.0,1.2675865119502327e-08,0.0,0.0,0.0,0.0,0.013888888888888888,0.0,0.0,1.0
3.0,1.2463401130027001e-08,0.0,0.0,0.0,0.0,0.013888888888888888,0.0,0.0,1.0
4.0,8.750675276309529e-11,0.0,0.0,0.0,0.0,0.013888888888888888,0.0,0.0,0.0
1.0,100.0,0.001731527417214691,0.2070948291687952,0.0,0.0,0.013888888888888888,0.0,0.0,1.0
2.0,1.2470278320019608e-08,0.0,0.0,0.0,0.0,0.013888888888888888,0.0,0.0,1.0
3.0,1.2261418060343003e-08,0.0,0.0,0.0,0.0,0.013888888888888888,0.0,0.0,1.0
4.0,8.580550494926724e-11,0.0,0.0,0.0,0.0,0.013888888888888888,0.0,0.0,0.0
1.0,100.0,0.0017315262430305182,0.20709426528484148,0.0,0.0,0.013888888888888888,0.0,0.0,1.0
2.0,1.2267248882930946e-08,0.0,0.0,0.0,0.0,0.013888888888888888,0.0,0.0,1.0
3.0,1.2060175926572201e-08,0.0,0.0,0.0,0.0,0.013888888888888888,0.0,0.0,1.0
4.0,8.647339151706962e-11,0.0,0.0,0.0,0.0,0.013888888888888888,0.0,0.0,0.0
