-103.06131108595336,-99.09175020855548
-104.08326472982581,-100.11154967865764
-104.93264272779854,-100.958782504411
-105.66513979568843,-101.68914334522096
-106.31191943164897,-102.33379564330087
-106.89003941940379,-102.90979712690088
-107.4100497074345,-103.42769768949088
-107.87931295573685,-103.8948599365117
-108.30348930336237,-104.31694395291221
-108.6872296764767,-104.69860061120282
-109.03451824738814,-105.04381403047944
-109.34885387816438,-105.35608302003565
-109.63335445880162,-105.63852541752729
-109.89082238735409,-105.89394356909754
-110.12378929340822,-106.12486905284665
-110.33454896174526,-106.33359560249023
-110.52518311153169,-106.5222048865454
-110.69758257598083,-106.692587687988
-110.85346533888976,-106.84646194078562
-110.9943922991798,-106.98538849443361
-111.12178130273067,-107.11078514578533
-111.23691978629019,-107.22393928295779
-111.34097626340478,-107.3260193712582
-111.43501080998276,-107.41808543874312
-111.51998466440664,-107.50109867632712
-111.59676902815997,-107.5759302384057
-111.66615313692344,-107.64336931394742
-111.72885166075568,-107.70413052667114
-111.78551148419697,-107.75886071514603
-111.8367179129123,-107.80814513943078
-111.88300034937413,-107.8525131567529
-111.92483747753046,-107.89244340617317
-111.9626619937255,-107.92836853950271
-111.99686491915115,-107.96067953375106
-112.02779952696153,-107.98972961823723
-112.01246055233864,-107.88998564853084,-107.38049314602314
-112.03696500609392,-107.91131851429627,-107.38756835474463
-112.05970223239048,-107.93097965960244,-107.39298094318413
-112.0796768377858,-107.9479982143608,-107.395764912131
-112.09775001395816,-107.96321686493242,-107.3967616892185
-112.11411110939828,-107.97682158735667,-107.39615805939289
-112.12893098782293,-107.98897992784075,-107.39412233908399
-112.1423636925675,-107.99984271558216,-107.3908060975926
-112.1545481170276,-108.0095457285242,-107.38634582368294
-112.16560947902903,-108.01821117299178,-107.38086440768008
-112.17566065470398,-108.02594902069431,-107.37447248071076
-112.18480338439254,-108.03285821604885,-107.36726962405807
-112.19312936234444,-108.03902776593343,-107.35934546075312
-112.20072122107517,-108.04453772301571,-107.35078064056329
-112.20765342029296,-108.04946007280049,-107.34164772853303
-112.21399304942958,-108.05385953362826,-107.33201200632286
-112.2198005520293,-108.05779427803834,-107.32193219477209
-112.2251303794495,-108.06131658308605,-107.31146110528772
-112.23003158071533,-108.06447341655945,-107.30064622701444
-112.23454833464659,-108.06730696530795,-107.28953025600991
-112.23872042985998,-108.06985511136246,-107.27815157211575
-112.24258369770328,-108.07215186095496,-107.26654466863995
-112.24617040268022,-108.07422773105205,-107.2547405394754
-112.2495095945359,-108.0761100976044,-107.24276702786423
-112.25262742571205,-108.07782350925132,-107.23064914055354
-112.25554743756982,-108.07938996990718,-107.2184093307792
-112.25829081844027,-108.08082919329595,-107.20606775314646
-112.26087663624516,-108.08215883219184,-107.19364249317269
-112.26332204821036,-108.08339468491525,-107.1811497740512
-112.26564248988646,-108.08455088126153,-107.168604142808
-112.26785184552593,-108.08564004995267,-107.15601863795507
-112.2699626016658,-108.0866734694425,-107.14340494047099
-112.27198598552349,-108.08766120369064,-107.13077350972857
-112.27393208975936,-108.08861222444314,-107.11813370590856
-112.27580998489248,-108.08953452131796,-107.10549390020338
-112.27762782062723,-108.0904352009318,-107.09286157404637
-112.27939291716595,-108.0913205761498,-107.08024340845236
-112.28080383786038,-108.09136611748102,-107.08034934718432
-112.28215734715059,-108.0913603089014,-107.08040393776788
-112.28345755319052,-108.09130768313703,-107.08041184466157
-112.28470939985576,-108.09121297978108,-107.08037775777636
-112.28591738953016,-108.09108049457716,-107.08030592259077
-112.28708558348524,-108.09091409986439,-107.08020016636111
-112.2882176436039,-108.09071728542457,-107.08006393869536
-112.28931687177162,-108.09049319622432,-107.07990034880196
-112.29038624540172,-108.09024466643137,-107.07971219905578
-112.29142844945665,-108.08997425007509,-107.07950201525273
-112.29244590530699,-108.08968424868539,-107.07927207388542
-112.2934407967195,-108.08937673618277,-107.07902442670641
-112.29441509330526,-108.08905358134012,-107.07876092289715
-112.29537057163388,-108.08871646800539,-107.07848322902579
-112.29630883427444,-108.08836691334507,-107.07819284705482
-112.29723132694534,-108.08800628427524,-107.07789113055895
-112.29813935399477,-108.08763581229142,-107.07757929936288
-112.29903409376627,-108.08725660796203,-107.07725845378032
-112.29991661435885,-108.08686967556429,-107.07692958892527
-112.30078786976301,-108.08647591174257,-107.07659359408305
-112.30164871852622,-108.08607612200443,-107.07625126858395
-112.30249994426357,-108.0856710386558,-107.0759033390038
-112.30334225225965,-108.08526131942298,-107.07555045835709
-112.30417627938074,-108.08484755652655,-107.07519321493032
-112.30500260084955,-108.08443028317642,-107.07483213869526
-112.30582173630967,-108.08400997938503,-107.07446770704902
-112.30663415531463,-108.08358707722772,-107.07410035000777
-112.30744028194025,-108.08316196436822,-107.07373045342399
-112.30824049916261,-108.08273498965012,-107.07335836491971
-112.30903515438102,-108.08230646961775,-107.07298440068722
-112.30982456218707,-108.08187668862286,-107.07260884484289
-112.31060900651298,-108.08144590087716,-107.07223195145265
-112.31138874453612,-108.08101433534503,-107.07185394970308
-112.31216400917906,-108.08058219782725,-107.07147504586719
-112.31293501149239,-108.08014967324749,-107.07109542556339
-112.28892622571233,-108.01671270881361,-106.98066534800851,-106.47331899256828
-112.28958025134006,-108.01585027365827,-106.9796594264235,-106.45823224282204
-112.29011323800988,-108.01494380926813,-106.97865532318893,-106.44316548190028
-112.29066376482642,-108.01408999167232,-106.97772591116343,-106.42818578811628
-112.29123043107712,-108.01328729282191,-106.97686944698613,-106.41329219821219
-112.29181320734256,-108.01253499589599,-106.97608469563755,-106.39848415723273
-112.29241191787217,-108.01183230281644,-106.9753703754201,-106.38376105726942
-112.293026393492,-108.01117842948226,-106.97472522682922,-106.36912230056443
-112.29365646652717,-108.0105726022453,-106.9741480095603,-106.3545672968238
-112.29430196914379,-108.01001405665997,-106.97363750129497,-106.34009546220612
-112.294962732475,-108.00950203696068,-106.97319249721542,-106.32570621905158
-112.29563858628057,-108.0090357957823,-106.97281180963381,-106.31139899569371
-112.29632935877595,-108.00861459382516,-106.97249426746613,-106.29717322608427
-112.29703487669707,-108.00823769987066,-106.97223871612977,-106.2830283498668
-112.29775496538971,-108.00790439067306,-106.97204401724589,-106.26896381222753
-112.29848944908319,-108.00761395121198,-106.97190904879193,-106.25497906422389
-112.29923815128973,-108.00736567497887,-106.9718327052408,-106.24107356307805
-112.30000089491496,-108.0071588637094,-106.97181389703297,-106.22724677176612
-112.30077750237628,-108.00699282738142,-106.971851550439,-106.21349815903369
-112.30156779588789,-108.00686688439234,-106.97194460760115,-106.19982719958392
-112.302371597646,-108.00678036156033,-106.97209202636984,-106.18623337404858
-112.30318873001924,-108.00673259415008,-106.97229278017562,-106.1727161689943
-112.30401901567187,-108.0067229258083,-106.97254585780108,-106.15927507682034
-112.30486227774779,-108.00675070864642,-106.97285026334474,-106.14590959586307
-112.30571834003449,-108.00681530325059,-106.9732050160866,-106.13261923038691
-112.30658702705257,-108.00691607856933,-106.97360915021041,-106.11940349042038
-112.30746816415072,-108.00705241188308,-106.97406171464912,-106.10626189172895
-112.30836157758395,-108.00722368874786,-106.97456177289828,-106.09319395574825
-112.30926709461252,-108.00742930295374,-106.9751084028442,-106.08019920952952
-112.31018454355765,-108.00766865644981,-106.97570069656521,-106.06727718565762
-112.3111137538732,-108.00794115928288,-106.97633776014673,-106.05442742217899
-112.31205455619546,-108.00824622952088,-106.97701871348548,-106.04164946251822
-112.31300678238692,-108.00858329317218,-106.97774269009236,-106.02894285539057
-112.31397026558196,-108.0089517841079,-106.97850883690036,-106.01630715471818
-112.31494484021476,-108.00935114397527,-106.97931631406804,-106.00374191953983
-112.31593034204334,-108.00978082209967,-106.98016429477104,-105.99124671390683
-112.31692660818136,-108.01024027541355,-106.98105196502998,-105.97882110681606
-112.31759510300961,-108.00991385197115,-106.98083673980996,-105.9786280654689
-112.31826312929911,-108.00958921052907,-106.9806223082201,-105.97843541728541
-112.31892922523674,-108.00926553656696,-106.98040825093078,-105.97824299546872
-112.31959335244541,-108.00894280342143,-106.98019455870116,-105.97805079968913
-112.32025552151688,-108.0086210088779,-106.97998123359669,-105.9778588332943
-112.32091574448425,-108.00830015136195,-106.979768277816,-105.97766709947922
-112.32157403279913,-108.00798022890217,-106.97955569317034,-105.97747560106032
-112.3222303974089,-108.00766123919625,-106.97934348114595,-105.97728434053658
-112.322884848863,-108.00734317968663,-106.97913164296733,-105.97709332014773
-112.32353739737265,-108.00702604760313,-106.97892017963323,-105.97690254190684
-112.32418805287797,-108.00670984001265,-106.97870909195848,-105.97671200763862
-112.3248368250672,-108.00639455383313,-106.97849838058686,-105.97652171899165
-112.3254837234276,-108.00608018587917,-106.97828804603486,-105.97633167748154
-112.32612875725569,-108.00576673286828,-106.97807808869648,-105.97614188449448
-112.3267719356847,-108.00545419143883,-106.97786850885797,-105.97595234130111
-112.3274132676895,-108.00514255815901,-106.97765930670874,-105.9757630490676
-112.3280527621073,-108.00483182954184,-106.9774504823548,-105.97557400886888
-112.3286904276475,-108.00452200205368,-106.97724203582695,-105.97538522169636
-112.32932627289262,-108.00421307211455,-106.97703396708198,-105.97519668845965
-112.32996030631607,-108.0039050361147,-106.97682627601841,-105.97500841000159
-112.33059253628561,-108.00359789041644,-106.97661896247901,-105.97482038710152
-112.33122297106772,-108.00329163135747,-106.9764120262536,-105.9746326204773
-112.33185161883961,-108.00298625526206,-106.97620546709067,-105.9744451107973
-112.33247848768629,-108.00268175843699,-106.97599928469364,-105.97425785867699
-112.33310358561232,-108.00237813718248,-106.97579347873163,-105.97407086468931
-112.33372692053909,-108.00207538778866,-106.9755880488361,-105.97388412936131
-112.3343485003154,-108.0017735065469,-106.97538299461291,-105.9736976531867
-112.33496833271941,-108.00147248974754,-106.97517831563935,-105.97351143662246
-112.33558642545825,-108.00117233368164,-106.97497401146698,-105.97332548009226
-112.33620278617131,-108.00087303464322,-106.97477008162329,-105.97313978398738
-112.33681742244096,-108.00057458893656,-106.97456652561925,-105.97295434867488
-112.3374303417805,-108.00027699286807,-106.9743633429425,-105.97276917449118
-112.33804155164826,-107.999980242756,-106.9741605330658,-105.97258426174967
-112.33865105944363,-107.99968433492761,-106.97395809544544,-105.97239961073994
-112.33925887251264,-107.99938926572324,-106.97375602952498,-105.97221522173123
-112.32490163359266,-107.96465483122583,-106.9261150423241,-105.90198551986481,-105.39623080583443
-112.32546595819305,-107.96419593196984,-106.9256766970398,-105.90146059876936,-105.38170376282152
-112.32597120713903,-107.96371832520592,-106.92524159741505,-105.9009738129525,-105.3672320879581
-112.32648611329667,-107.96327181086855,-106.92484972153707,-105.90055182400197,-105.35283901034356
-112.3270129911001,-107.96285763923919,-106.92450166885178,-105.90019426297006,-105.33852468944194
-112.3275517238881,-107.96247534648757,-106.92419673256661,-105.89989995656073,-105.32428860736958
-112.32810213533767,-107.96212443499714,-106.92393418545237,-105.89966772911099,-105.31013023577812
-112.32866405642388,-107.96180441673438,-106.9237133127022,-105.89949642526032,-105.29604905563546
-112.3292373252296,-107.9615148134448,-106.92353341221224,-105.8993849100161,-105.28204455737493
-112.32982178510734,-107.96125515556548,-106.92339379380368,-105.89933206805892,-105.26811624037583
-112.3304172834235,-107.9610249813915,-106.92329377854743,-105.89933680305353,-105.25426361243504
-112.33102367074663,-107.96082383649082,-106.92323269825073,-105.89939803707061,-105.2404861893411
-112.33164080031233,-107.96065127327722,-106.92320989504617,-105.89951471007349,-105.22678349450388
-112.33226852764707,-107.96050685067144,-106.92322472103831,-105.89968577944599,-105.21315505862039
-112.33290671032275,-107.96039013386346,-106.92327653803824,-105.89991021960158,-105.1996004194187
-112.33355520777413,-107.96030069409697,-106.92336471730076,-105.90018702158301,-105.18611912138606
-112.33421388116248,-107.96023810849401,-106.92348863930239,-105.90051519270753,-105.17271071554217
-112.33488259328087,-107.96020195991423,-106.92364769354846,-105.90089375623855,-105.15937475923457
-112.33556120848289,-107.96019183682725,-106.92384127839195,-105.90132175107149,-105.14611081594626
-112.33624959261846,-107.96020733318865,-106.92406880085225,-105.90179823141797,-105.13291845509904
-112.33694761298521,-107.9602480483314,-106.92432967645232,-105.90232226651416,-105.1197972518786
-112.33765513828946,-107.96031358686538,-106.92462332906312,-105.90289294033744,-105.10674678706664
-112.3383720386164,-107.96040355859238,-106.92494919076618,-105.90350935134586,-105.09376664689408
-112.33909818539368,-107.96051757840578,-106.92530670169869,-105.90417061219877,-105.08085642287156
-112.33983345136838,-107.96065526620525,-106.9256953099138,-105.90487584949724,-105.06801571163948
-112.34057771057493,-107.96081624680713,-106.92611447124071,-105.90562420352784,-105.05524411481964
-112.3413308383122,-107.96100014986652,-106.92656364915712,-105.90641482802144,-105.04254123888012
-112.34209271112618,-107.96120660980246,-106.92704231466439,-105.90724688991669,-105.02990669500294
-112.3428632067799,-107.96143526571126,-106.92754994615251,-105.90811956911539,-105.01734009894184
-112.3436422042429,-107.96168576130408,-106.92808602929075,-105.90903205826778,-105.00484107091016
-112.34442958366624,-107.96195774482852,-106.92865005690358,-105.90998356254421,-104.99240923545106
-112.34522522637232,-107.96225086900742,-106.9292415288639,-105.91097329942689,-104.98004422132848
-112.34602901483292,-107.96256479096371,-106.92985995197343,-105.91200049849049,-104.96774566140449
-112.34684083265407,-107.96289917215742,-106.93050483985631,-105.9130644011992,-104.95551319253221
-112.34766056456162,-107.96325367832021,-106.93117571285109,-105.9141642607027,-104.94334645544572
-112.34848809634197,-107.9636279793199,-106.9318720978259,-105.91529934160988,-104.93124509468637
-112.34932331485246,-107.96402174916459,-106.93259352815535,-105.91646891982197,-104.9192087584667
-112.3498656479299,-107.96377230146743,-106.9324414607596,-105.91637417899452,-104.91911406829156
-112.35040785983975,-107.96352433174282,-106.9322901627226,-105.91627953488519,-104.91901919762448
-112.35094871352564,-107.96327709799459,-106.93213916969631,-105.9161849160949,-104.91892434518051
-112.35148817313599,-107.96303057278574,-106.93198846658939,-105.9160903223809,-104.9188295189205
-112.3520262444631,-107.96278475318557,-106.93183805291424,-105.9159957550724,-104.91873472025411
-112.35256293454161,-107.96253963702316,-106.93168792865788,-105.91590121559946,-104.91863995043951
-112.3530982499866,-107.96229522192192,-106.93153809366035,-105.91580670528977,-104.91854521065763
-112.35363219708042,-107.9620515053413,-106.93138854763741,-105.91571222538003,-104.91845050202002
-112.35416478185726,-107.96180848461952,-106.93123929020373,-105.91561777702476,-104.91835582557228
-112.35469601018231,-107.9615661570219,-106.93109032090622,-105.91552336131593,-104.91826118230722
-112.35522588777721,-107.96132451975355,-106.93094163923236,-105.9154289792888,-104.91816657316903
-112.35575442026155,-107.96108356998705,-106.93079324462998,-105.91533463193397,-104.9180719990624
-112.35628161316617,-107.960843304869,-106.93064513651174,-105.91524032020122,-104.91797746085582
-112.35680747195121,-107.9606037215327,-106.93049731426599,-105.9151460450086,-104.9178829593897
-112.35733200201362,-107.96036481710416,-106.93034977726117,-105.91505180724474,-104.91778849547767
-112.35785520869274,-107.96012658870318,-106.93020252484608,-105.91495760776941,-104.91769406990727
-112.35837709728112,-107.959889033453,-106.93005555635858,-105.91486344742066,-104.91759968344633
-112.3588976730225,-107.9596521484762,-106.92990887112153,-105.91476932701148,-104.91750533683961
-112.35941694111796,-107.95941593090146,-106.92976246844928,-105.91467524733565,-104.9174110308148
-112.3599349067287,-107.95918037786467,-106.92961634764877,-105.91458120916842,-104.91731676608235
-112.36045157497753,-107.95894548650867,-106.92947050801891,-105.9144872132668,-104.91722254333654
-112.36096695094784,-107.95871125398416,-106.92932494885213,-105.91439326037019,-104.91712836325533
-112.36148103968783,-107.95847767745121,-106.92917966943531,-105.9142993512019,-104.91703422650234
-112.36199384621648,-107.95824475408503,-106.92903466905575,-105.91420548647496,-104.9169401337321
-112.36250537551031,-107.9580124810641,-106.9288899469897,-105.91411166688049,-104.916846085579
-112.36301563252226,-107.95778085558577,-106.92874550251737,-105.91401789310308,-104.91675208267175
-112.36352462216844,-107.95754987485536,-106.92860133491315,-105.91392416581122,-104.91665812562482
-112.36403234933724,-107.95731953609273,-106.92845744345098,-105.91383048566215,-104.91656421504244
-112.36453881888441,-107.95708983652906,-106.92831382740266,-105.9137368533011,-104.91647035151833
-112.36504403563768,-107.95686077340946,-106.92817048603925,-105.91364326936173,-104.91637653563546
-112.36554800439755,-107.95663234399342,-106.92802741863235,-105.9135497344686,-104.91628276796955
-112.36605072993372,-107.9564045455524,-106.92788462445162,-105.91345624923349,-104.91618904908397
-112.36655221699179,-107.95617737537457,-106.92774210276954,-105.91336281426157,-104.91609537953708
-112.36705247028334,-107.95595083075644,-106.9275998528537,-105.91326943014327,-104.91600175987375
-112.36755149449857,-107.95572490901348,-106.92745787397683,-105.91317609746388,-104.91590819063451
-112.35821885174741,-107.93461059857337,-106.89937006147468,-105.87339936330476,-104.85619608080673,-104.35136648878338
-112.35870783898099,-107.93432549771556,-106.89914016912465,-105.87318014114942,-104.8559272088173,-104.33714160668026
-112.35915718165676,-107.93402571317084,-106.89890822545101,-105.87297742569446,-104.85570654248671,-104.32298244208314
-112.35961562025476,-107.9337481154218,-106.89870530791667,-105.87281546048963,-104.85554686593326,-104.30889866731738
-112.36008279992491,-107.93349220475874,-106.8985308231136,-105.87269347432071,-104.85544704763564,-104.29488983271823
-112.36055863339541,-107.93325769791409,-106.898384358556,-105.87261081967979,-104.85540599464207,-104.28095548562428
-112.36104299306977,-107.93304428460382,-106.89826548133279,-105.87256683685929,-104.85542261711426,-104.26709516853528
-112.36153575905576,-107.9328516612746,-106.89817376558206,-105.87256087573404,-104.85549584200545,-104.25330843010312
-112.36203681683577,-107.93267953025078,-106.89810879226256,-105.87259229592567,-104.85562461331989,-104.23959482555382
-112.3625460558536,-107.93252759905384,-106.89807014880115,-105.87266046668232,-104.85580789201612,-104.22595391674014
-112.3630633685509,-107.93239557987278,-106.89805742875711,-105.87276476667488,-104.85604465577859,-104.21238527205821
-112.36358864972952,-107.93228318917053,-106.89807023153244,-105.87290458375995,-104.85633389870543,-104.19888846627038
-112.36412179611774,-107.93219014738811,-106.89810816212929,-105.87307931474827,-104.85667463098153,-104.18546308030905
-112.36466270608845,-107.93211617874005,-106.89817083097138,-105.87328836521355,-104.8570658785768,-104.17210870110128
-112.36521127944404,-107.93206101104008,-106.8982578537367,-105.87353114929545,-104.85750668292981,-104.15882492137399
-112.36576741728496,-107.9320243755798,-106.89836885122959,-105.87380708953177,-104.85799610065868,-104.14561133948547
-112.36633102190262,-107.93200600702001,-106.89850344925941,-105.87411561669107,-104.85853320326646,-104.13246755924565
-112.3669019967024,-107.93200564329473,-106.89866127852493,-105.87445616960679,-104.85911707685108,-104.11939318974076
-112.36748024614236,-107.93202302553705,-106.8988419745223,-105.87482819503661,-104.85974682184256,-104.10638784518305
-112.36806567569197,-107.9320578980113,-106.89904517745417,-105.87523114751922,-104.8604215527368,-104.0934511447535
-112.36865819178989,-107.9321100080426,-106.89927053213476,-105.87566448922588,-104.86114039782596,-104.08058271244082
-112.36925770181448,-107.93217910596408,-106.89951768791573,-105.87612768983746,-104.86190249895998,-104.06778217690896
-112.36986411406126,-107.93226494506763,-106.89978629861422,-105.87662022642265,-104.86270701131039,-104.05504917136673
-112.37047733772327,-107.93236728155121,-106.90007602243425,-105.87714158330625,-104.86355310312234,-104.04238333342072
-112.37109728286218,-107.9324858744638,-106.9003865218889,-105.8776912519431,-104.86443995547998,-104.02978430494348
-112.37172386039323,-107.93262048566059,-106.90071746373266,-105.87826873080218,-104.86536676208182,-104.01725173194788
-112.37235698206942,-107.93277087976064,-106.90106851889671,-105.87887352525479,-104.86633272902414,-104.00478526446993
-112.37299656046072,-107.9329368240999,-106.9014393624199,-105.87950514745913,-104.86733707458193,-103.99238455644598
-112.37364250894802,-107.93311808869697,-106.90182967339308,-105.88016311626023,-104.8683790290093,-103.98004926561
-112.37429474170823,-107.93331444621434,-106.90223913489977,-105.88084695708659,-104.86945783433744,-103.96777905338543
-112.37495317369934,-107.93352567191766,-106.902667433954,-105.88155620184317,-104.87057274417049,-103.95557358477444
-112.37561772065379,-107.93375154363625,-106.90311426143776,-105.88229038880526,-104.87172302348411,-103.94343252824757
-112.3762882990576,-107.93399184172529,-106.90357931204609,-105.88304906252328,-104.87290794843926,-103.93135555564905
-112.37696482614679,-107.93424634903364,-106.90406228423375,-105.88383177372859,-104.87412680619873,-103.91934234210326
-112.37764721989296,-107.93451485086804,-106.90456288016122,-105.88463807923948,-104.87537889474429,-103.90739256592005
-112.37833539897309,-107.93479713491745,-106.90508080558921,-105.88546754181083,-104.87666352267603,-103.89550590852372
-112.37902928273634,-107.9350929912027,-106.90561576981366,-105.88631973003638,-104.87798000903739,-103.88368205437162
-112.37947925670721,-107.93489031320877,-106.90549134844493,-105.88624997007246,-104.87793912020896,-103.8836294125335
-112.37992920934418,-107.93468884454985,-106.90536765399484,-105.88618048232424,-104.8778979870942,-103.88357631029236
-112.3803781481848,-107.93448794473977,-106.90524423105184,-105.8861110474665,-104.87785677448299,-103.88352318957467
-112.38082604394943,-107.93428758857947,-106.90512106165956,-105.88604165743749,-104.87781548814634,-103.88347006407571
-112.38127290129374,-107.93408777427562,-106.90499814527058,-105.885972312622,-104.87777412922112,-103.88341693446965
-112.38171872566313,-107.933888500648,-106.90487548184078,-105.8859030137601,-104.87773269888817,-103.8833638012357
-112.3821635220675,-107.93368976631916,-106.90475307121825,-105.88583376156457,-104.87769119835663,-103.88331066491091
-112.38260729517076,-107.93349156973788,-106.90463091313586,-105.88576455668955,-104.87764962882254,-103.88325752604791
-112.38305004939316,-107.93329390922928,-106.904509007238,-105.88569539973646,-104.87760799145829,-103.88320438519723
-112.38349178897376,-107.9330967830299,-106.90438735310109,-105.8856262912602,-104.8775662874083,-103.8831512428982
-112.38393251801804,-107.93290018931097,-106.90426595024661,-105.88555723177265,-104.87752451778407,-103.88309809967026
-112.38437224051835,-107.9327041261907,-106.90414479814848,-105.88548822174484,-104.87748268366224,-103.88304495600931
-112.38481096039186,-107.93250859175802,-106.90402389625066,-105.8854192616193,-104.87744078609379,-103.88299181239529
-112.38524868147836,-107.93231358406965,-106.90390324396382,-105.88535035180617,-104.8773988260983,-103.88293866928541
-112.38568540755853,-107.93211910116264,-106.90378284067515,-105.88528149268943,-104.87735680466803,-103.88288552711721
-112.38612114236597,-107.93192514106175,-106.90366268575399,-105.88521268463258,-104.87731472277358,-103.88283238631445
-112.3865558895861,-107.93173170177847,-106.90354277855047,-105.88514392797515,-104.87727258135862,-103.88277924728035
-112.38698965286228,-107.93153878131615,-106.90342311840085,-105.8850752230394,-104.8772303813477,-103.8827261104064
-112.38742243580056,-107.93134637767217,-106.90330370462843,-105.88500657012922,-104.87718812364324,-103.88267297606798
-112.38785424197542,-107.93115448884247,-106.90318453654744,-105.88493796953409,-104.87714580913016,-103.88261984462939
-112.38828507492369,-107.93096311281774,-106.90306561346056,-105.88486942152721,-104.87710343867367,-103.88256671644126
-112.38871493815759,-107.93077224759233,-106.9029469346663,-105.88480092637175,-104.87706101312558,-103.88251359184714
-112.38914383515919,-107.93058189116033,-106.90282849945578,-105.88473248431853,-104.87701853332179,-103.88246047118027
-112.38957176938099,-107.9303920415161,-106.90271030711297,-105.88466409560523,-104.87697600008116,-103.88240735476248
-112.3899987442518,-107.93020269665818,-106.90259235691872,-105.88459576046148,-104.87693341421128,-103.88235424291032
-112.3904247631775,-107.93001385459026,-106.90247464815091,-105.88452747910708,-104.87689077650545,-103.88230113593131
-112.39084982953639,-107.92982551331787,-106.90235718008284,-105.88445925175309,-104.87684808774547,-103.88224803412712
-112.39127394668732,-107.92963767085355,-106.9022399519867,-105.88439107860312,-104.87680534870114,-103.8821949377926
-112.3916971179632,-107.92945032521322,-106.90212296313122,-105.88432295985184,-104.87676256013035,-103.88214184721616
-112.39211934668019,-107.92926347442183,-106.9020062127863,-105.88425489568971,-104.87671972278262,-103.88208876268295
-112.39254063613274,-107.92907711650983,-106.90188970022001,-105.88418688629959,-104.87667683739642,-103.88203568447226
-112.39296098959336,-107.92889124951373,-106.90177342469951,-105.88411893185778,-104.8766339046996,-103.88198261285767
-112.39338041031614,-107.92870587147762,-106.90165738549211,-105.8840510325356,-104.87659092541188,-103.8819295481097
-112.393798901537,-107.92852098045414,-106.90154158186643,-105.88398318850003,-104.87654790024496,-103.88187649049586
-112.39421646647155,-107.92833657450183,-106.9014260130899,-105.88391539991139,-104.87650482989983,-103.88182344027761
-112.38779454766207,-107.91454311008157,-106.88353122816486,-105.85936666112885,-104.8410974490005,-103.82813819667219,-103.32387547166968
-112.38821311735403,-107.9143395916673,-106.8833848827743,-105.85925440694429,-104.84099442865812,-103.8280111761407,-103.30982124108063
-112.38860793963306,-107.91412769702411,-106.88323742033528,-105.85915109671673,-104.84091629886991,-103.82793759397063,-103.29583774710763
-112.38900831803663,-107.9139303133825,-106.88310885941077,-105.85907394405162,-104.84087629829939,-103.82792233616107,-103.28192760753326
-112.38941526238429,-107.91374817311397,-106.88299977738356,-105.85902327904721,-104.84087430961209,-103.82796451749637,-103.26809048111292
-112.38982869932754,-107.91358108732221,-106.88290991241335,-105.85899871141118,-104.8409097119384,-103.82806308396647,-103.2543259453876
-112.39024853564413,-107.91342885176337,-106.88283898944194,-105.85899984034056,-104.84098187919658,-103.82821698890977,-103.24063357684113
-112.39067468316398,-107.91329126592903,-106.8827867369086,-105.85902626938885,-104.84109019268534,-103.82842520052805,-103.22701295652531
-112.39110705788066,-107.91316813319837,-106.88275288734326,-105.85907760733147,-104.84123404196049,-103.82868670247389,-103.21346367070421
-112.39154557885253,-107.91305926034521,-106.88273717714843,-105.85915346817565,-104.84141282497781,-103.82900049395079,-103.19998531108655
-112.39199016744807,-107.91296445714674,-106.88273934637569,-105.85925347107963,-104.8416259480936,-103.82936558965775,-103.18657747490322
-112.39244074684049,-107.91288353611138,-106.88275913856167,-105.85937724028099,-104.84187282603506,-103.82978101968118,-103.17323976492723
-112.39289724167477,-107.91281631227763,-106.88279630058531,-105.85952440499504,-104.84215288179632,-103.83024582928766,-103.15997178938937
-112.39335957782932,-107.91276260305708,-106.88285058254415,-105.85969459930904,-104.84246554651351,-103.83075907868833,-103.14677316186138
-112.39382768225373,-107.91272222812138,-106.8829217376613,-105.85988746209536,-104.8428102593485,-103.83131984280818,-103.13364350114259
-112.39430148285236,-107.91269500931097,-106.88300952220011,-105.86010263691766,-104.84318646735352,-103.83192721102941,-103.12058243111603
-112.39478090840278,-107.91268077056561,-106.88311369539639,-105.86033977195062,-104.84359362534737,-103.83258028694878,-103.10758958061776
-112.39526588849436,-107.91267933786172,-106.88323401938942,-105.86059851989192,-104.84403119577809,-103.83327818811888,-103.09466458328633
-112.39575635348034,-107.91269053915839,-106.88337025916097,-105.86087853788014,-104.84449864859081,-103.83402004579683,-103.08180707741882
-112.39625223443711,-107.91271420435186,-106.88352218248198,-105.8611794874215,-104.84499546110663,-103.83480500470715,-103.06901670583883
-112.39675346313497,-107.91275016522917,-106.88368955985352,-105.86150103430546,-104.84552111788554,-103.83563222278764,-103.0562931157457
-112.39725997201823,-107.9127982554388,-106.88387216446829,-105.86184284854441,-104.84607511061829,-103.83650087097021,-103.04363595859726
-112.39777169417617,-107.91285831045239,-106.88406977216358,-105.862204604307,-104.8466569380133,-103.83741013295844,-103.03104488998854
-112.3982885633352,-107.91293016753427,-106.88428216137494,-105.86258597984298,-104.84726610566854,-103.8383592049878,-103.01851956950914
-112.39881051383381,-107.91301366570607,-106.88450911309192,-105.86298665741855,-104.84790212596084,-103.83934729561014,-103.00605966062611
-112.39933748061158,-107.91310864571905,-106.88475041081786,-105.86340632325373,-104.84856451793786,-103.84037362548294,-102.99366483056862
-112.39986939919373,-107.9132149500261,-106.88500584053178,-105.86384466746173,-104.84925280721104,-103.84143742716049,-102.98133475021436
-112.40040620568168,-107.91333242275931,-106.88527519065585,-105.86430138399666,-104.84996652586088,-103.84253794490255,-102.96906909399226
-112.4009478367473,-107.91346090970706,-106.88555825201976,-105.86477617059451,-104.85070521233193,-103.84367443446953,-102.95686753976834
-112.40149422961635,-107.91360025828597,-106.88585481782373,-105.86526872871598,-104.85146841133346,-103.84484616293027,-102.94472976874559
-112.40204532206523,-107.91375031752301,-106.88616468360954,-105.86577876349769,-104.85225567374992,-103.84605240848072,-102.93265546537239
-112.40260105240613,-107.91391093802416,-106.88648764721697,-105.86630598368528,-104.8530665565288,-103.84729246023741,-102.92064431722343
-112.40316135947975,-107.91408197195497,-106.88682350875555,-105.86685010158742,-104.85390062259754,-103.84856561806926,-102.90869601491976
-112.40372618264777,-107.91426327302004,-106.88717207057404,-105.86741083302583,-104.85475744077338,-103.84987119242,-102.89681025203826
-112.40429546178375,-107.91445469644131,-106.88753313722874,-105.86798789728415,-104.85563658567382,-103.85120850413499,-102.88498672502367
-112.4048691372644,-107.91465609893717,-106.88790651545395,-105.868581017061,-104.8565376376323,-103.8525768842925,-102.87322513310373
-112.40544714994087,-107.91486733866199,-106.88829201408105,-105.86918991835769,-104.85746018254233,-103.85397567401702,-102.86152517824394
-112.41434678337446,-107.91179931771022,-106.88593447252505,-105.86737649522256,-104.8560409797958,-103.85280257925638,-102.86042235857002
-112.42281893340162,-107.90885855157184,-106.88367492942021,-105.86563850354389,-104.85468058052246,-103.85167730827665,-102.85936310603483
-112.43089871187142,-107.90604004674096,-106.88150921351152,-105.86397251664694,-104.8533762458538,-103.85059782806309,-102.85834580049475
-112.43861318561223,-107.9033365724826,-106.87943175999898,-105.86237425345467,-104.8521246405761,-103.8495614244466,-102.8573679714127
-112.44598682291219,-107.90074137227091,-106.87743738571353,-105.86083973857154,-104.85092267204286,-103.84856557552138,-102.85642731697814
-112.45304192763403,-107.89824819165464,-106.87552129290177,-105.85936529214315,-104.84976747714559,-103.84760794585962,-102.85552170500578
-112.45979888313039,-107.89585123841245,-106.8736790381368,-105.85794750575903,-104.84865640359814,-103.84668637162913,-102.85464915971052
-112.46627635646314,-107.89354514202185,-106.87190650130776,-105.85658321878917,-104.84758699167654,-103.84579884585914,-102.85380784835297
-112.47249147668217,-107.89132491700141,-106.87019985757051,-105.85526949695996,-104.84655695765005,-103.84494350500582,-102.85299606901165
-112.47845999117506,-107.88918592985144,-106.86855555202806,-105.85400361298365,-104.8455641787651,-103.84411861675962,-102.85221223948878
-112.4841964032015,-107.88712386923076,-106.86697027688005,-105.85278302906387,-104.84460667966822,-103.84332256900353,-102.8514548872511
-112.48971409321291,-107.88513471902219,-106.86544095077869,-105.85160538108343,-104.84368262012799,-103.84255385982148,-102.8507226403246
-112.4950254261516,-107.88321473397514,-106.86396470015514,-105.85046846429368,-104.8427902839137,-103.84181108844027,-102.85001421903661
-112.50014184660188,-107.88136041766084,-106.86253884231708,-105.84937022036017,-104.84192806872674,-103.84109294702697,-102.8493284285358
-112.50507396337437,-107.87956850249542,-106.86116087012962,-105.84830872561787,-104.84109447706804,-103.84039821324538,-102.84866415200293
-112.50983162487252,-107.87783593161103,-106.85982843811217,-105.84728218041191,-104.8402881079491,-103.83972574350001,-102.84802034448931
-112.51442398640299,-107.87615984239132,-106.8585393498109,-105.84628889941375,-104.83950764935955,-103.8390744667936,-102.8473960273119
-112.51885957041803,-107.87453755149373,-106.85729154631018,-105.8453273028108,-104.83875187141284,-103.83844337913816,-102.846790282955
-112.52314632055231,-107.87296654121586,-106.85608309577613,-105.84439590828752,-104.83801962010881,-103.83783153846838,-102.84620225042904
-112.52729165018332,-107.87144444706321,-106.85491218391901,-105.84349332370873,-104.83730981163885,-103.83723805999534,-102.84563112103038
-112.53130248615885,-107.86996904640286,-106.85377710529028,-105.84261824044549,-104.83662142719491,-103.83666211197423,-102.84507613448017
-112.53518530825157,-107.86853824809994,-106.85267625533264,-105.84176942727657,-104.83595350822269,-103.83610291183082,-102.84453657538911
-112.53894618481105,-107.8671500830307,-106.85160812310134,-105.8409457248044,-104.83530515207565,-103.83555972261556,-102.84401177002094
-112.54259080504708,-107.86580269540073,-106.85057128460507,-105.8401460403475,-104.83467550804113,-103.83503184976315,-102.8435010833363
-112.54612450830267,-107.86449433477925,-106.84956439669399,-105.8393693432512,-104.8340637736903,-103.83451863811278,-102.84300391627212
-112.54955231065206,-107.86322334879597,-106.84858619145761,-105.83861466059085,-104.83346919153497,-103.83401946918245,-102.84251970325512
-112.55287892908761,-107.86198817641986,-106.84763547106752,-105.83788107321374,-104.83289104594498,-103.83353375865103,-102.84204790990235
-112.55610880356906,-107.86078734178842,-106.84671110304433,-105.83716771210949,-104.83232866032519,-103.83306095405767,-102.84158803092282
-112.55924611713972,-107.85961944851951,-106.84581201589218,-105.83647375506018,-104.83178139450744,-103.83260053267163,-102.841139588172
-112.56229481430242,-107.85848317446738,-106.84493719507654,-105.8357984235542,-104.8312486423481,-103.83215199953322,-102.84070212886489
-112.56525861784854,-107.85737726689365,-106.84408567931895,-105.83514097994392,-104.8307298295156,-103.83171488564706,-102.84027522392556
-112.56814104426051,-107.85630053799446,-106.84325655716498,-105.8345007248125,-104.83022441144173,-103.83128874631166,-102.83985846646347
-112.57094541785874,-107.85525186077871,-106.84244896382239,-105.83387699454774,-104.8297318714321,-103.83087315957664,-102.83945147036492
-112.57367488378908,-107.85423016524733,-106.84166207822909,-105.83326915909291,-104.829251718916,-103.83046772481475,-102.83905386898948
-112.57633241996037,-107.85323443485002,-106.84089512033478,-105.83267661986018,-104.82878348782131,-103.8300720613952,-102.8386653139588
-112.57322376825353,-107.8442571490685,-106.82954148625782,-105.81754985651261,-104.80769085784505,-103.79936914545478,-102.79189177868561,-102.28836128729812
-112.57574901243096,-107.84334099516532,-106.82884293405338,-105.81702132448865,-104.80729133873388,-103.79906171111814,-102.79163979768123,-102.27422558985423
-112.57819933641696,-107.84244072732427,-106.82815949187044,-105.81650990371108,-104.80691509120119,-103.79879077776123,-102.79145093616243,-102.26017121491186
-112.58059416982924,-107.84157132812904,-106.82750539652137,-105.81602902792339,-104.80657416997857,-103.79856525795672,-102.79132635005587,-102.24619720225908
-112.58293745411201,-107.84073304574484,-106.8268806339644,-105.8155784646504,-104.80626812579897,-103.79838442305778,-102.79126485359787,-102.23230300029458
-112.58523131333395,-107.83992497200654,-106.82628442751236,-105.8151574947875,-104.80599620371194,-103.79824734334588,-102.79126509887082,-102.21848788206499
-112.58747776123322,-107.83914623210352,-106.82571602410395,-105.8147654157813,-104.80575766181563,-103.79815310403397,-102.79132576479118,-102.20475113881128
-112.58967871025003,-107.83839598688482,-106.82517469884026,-105.81440154802102,-104.80555177859637,-103.79810081185227,-102.79144555920317,-102.19109208028505
-112.59183598014745,-107.83767343295766,-106.82465975512063,-105.81406523504207,-104.80537785314843,-103.79808959517594,-102.79162321874857,-102.17751003474284
-112.59395130294243,-107.83697780041348,-106.8241705230084,-105.81375584240146,-104.80523520441352,-103.79811860344815,-102.79185750820268,-102.16400434842546
-112.59602632765484,-107.8363083507749,-106.82370635770253,-105.81347275656762,-104.80512317037048,-103.7981870065166,-102.79214721971782,-102.15057438494415
-112.59806262485752,-107.8356643751572,-106.82326663814746,-105.81321538388164,-104.80504110724266,-103.79829399395312,-102.79249117204047,-102.1372195246357
-112.6000616909833,-107.83504519258796,-106.82285076574848,-105.81298314957738,-104.8049883887254,-103.79843877436447,-102.79288820970794,-102.12393916389256
-112.60202495240482,-107.8344501484749,-106.82245816318881,-105.81277549686104,-104.80496440523702,-103.7986205747006,-102.79333720223204,-102.1107327144742
-112.60395376926157,-107.83387861317932,-106.82208827332074,-105.81259188604002,-104.8049685632017,-103.79883863958707,-102.79383704331264,-102.09759960284677
-112.60584943908275,-107.83332998071768,-106.82174055815705,-105.81243179372854,-104.80500028438988,-103.7990922307,-102.79438665008644,-102.0845392695532
-112.6077132001621,-107.83280366752746,-106.82141449790345,-105.81229471207347,-104.805059005262,-103.79938062613472,-102.79498496237147,-102.07155116857595
-112.6095462347486,-107.8322991113347,-106.82110959006926,-105.81218014804213,-104.80514417636458,-103.7997031198226,-102.79563094196186,-102.05863476674782
-112.61134967203311,-107.83181577009407,-106.82082534864107,-105.81208762276513,-104.80525526177534,-103.80005902099577,-102.79632357197676,-102.04578954321539
-112.61312459096011,-107.83135312099876,-106.8205613033031,-105.81201667090744,-104.8053917385626,-103.80044765365476,-102.79706185620688,-102.03301498889552
-112.61487202284933,-107.83091065953495,-106.82031699869019,-105.81196684006228,-104.80555309625984,-103.80086835604915,-102.79784481847831,-102.02031060594679
-112.61659295386985,-107.83048789860545,-106.82009199369618,-105.81193769019029,-104.80573883637982,-103.80132048019533,-102.79867150205718,-102.00767590728088
-112.61828832735927,-107.83008436770001,-106.81988586081852,-105.81192879308827,-104.80594847195427,-103.80180339141948,-102.79954096908277,-101.9951104160999
-112.61995904600272,-107.829699612115,-106.81969818554167,-105.81193973188826,-104.8061815270979,-103.80231646792168,-102.80045230002412,-101.98261366545528
-112.62160597387854,-107.82933319221424,-106.81952856575198,-105.81197010058033,-104.80643753659163,-103.80285910035784,-102.80140459315668,-101.97018519782479
-112.62322993839874,-107.82898468274706,-106.81937661119979,-105.81201950357644,-104.80671604550218,-103.80343069145613,-102.80239696407757,-101.95782456472749
-112.62483173211137,-107.82865367218216,-106.81924194297083,-105.81208755527841,-104.80701660880311,-103.8040306556343,-102.80342854522179,-101.94553132633594
-112.62641211442234,-107.8283397621014,-106.8191241930074,-105.81217387968721,-104.8073387910312,-103.80465841864961,-102.80449848541575,-101.93330505112625
-112.62797181320131,-107.82804256661117,-106.81902300364196,-105.81227811002312,-104.80768216595382,-103.80531341726146,-102.80560594944549,-101.92114531554022
-112.62951152630771,-107.82776171179667,-106.81893802716463,-105.81239988837079,-104.80804631625398,-103.80599509890698,-102.806750117639,-101.9090517036602
-112.63103192302538,-107.82749683520112,-106.81886892540989,-105.81253886534013,-104.80843083322935,-103.80670292139048,-102.80793018546359,-101.89702380689705
-112.63253364540824,-107.82724758532457,-106.81881536935785,-105.81269469973907,-104.80883531650235,-103.8074363525856,-102.80914536314181,-101.88506122369692
-112.63401730956888,-107.82701362116617,-106.8187770387715,-105.81286705827566,-104.809259373755,-103.8081948701589,-102.8103948752872,-101.87316355926448
-112.63548350688757,-107.82679461178196,-106.81875362184537,-105.81305561526894,-104.80970262047059,-103.80897796130071,-102.81167796055196,-101.86133042529897
-112.63693280514623,-107.82659023585822,-106.81874481486562,-105.81326005236878,-104.81016467968304,-103.80978512246334,-102.81299387128212,-101.84956143973463
-112.63836574961915,-107.8264001813221,-106.8187503219007,-105.81348005830053,-104.81064518174762,-103.81061585911898,-102.81434187319545,-101.83785622650437
-112.63978286409241,-107.82622414496144,-106.8187698544984,-105.81371532861476,-104.81114376411547,-103.811469685522,-102.8157212450647,-101.82621441530623
-112.64089105439542,-107.82569307808748,-106.81853514751593,-105.81353957724602,-104.81101197643673,-103.81136694024806,-102.81562923637046,-101.82610216934823
-112.64198522834286,-107.82517762937172,-106.81829864252812,-105.81336230419654,-104.8108788319794,-103.81126284892247,-102.81553564744871,-101.82598823142266
-112.64306460499971,-107.82467625403636,-106.81806033063864,-105.81318352241114,-104.8107444093743,-103.81115764861214,-102.8154410767254,-101.82587348408194
-112.64412924820535,-107.82418817324883,-106.8178206761334,-105.81300359095148,-104.81060898928831,-103.81105156786103,-102.81534572730986,-101.82575812356687
-112.64517927620423,-107.82371269891216,-106.81758010647353,-105.81282284122325,-104.81047282927358,-103.81094481037337,-102.81524976841011,-101.82564230506414
-112.64621482842435,-107.82324920068484,-106.8173389982622,-105.81264156554478,-104.81033615681781,-103.81083755628858,-102.81515334961041,-101.8255261655169
-112.64723606064334,-107.82279709864883,-106.81709768289738,-105.81246002146229,-104.81019917266444,-103.81072996487102,-102.81505660340143,-101.8254098262348
-112.64824314194688,-107.82235585786263,-106.81685645212714,-105.81227843599201,-104.81006205404485,-103.81062217700712,-102.81495964720868,-101.82529339474526
-112.64923625217226,-107.82192498365404,-106.81661556286565,-105.81209700930589,-104.80992495749182,-103.81051431737889,-102.8148625851527,-101.82517696639387
-112.65021557972362,-107.8215040175079,-106.81637524135465,-105.81191591792253,-104.8097880212826,-103.8104064963589,-102.81476550958904,-101.8250606257476
-112.65118131971185,-107.82109253346697,-106.81613568677218,-105.81173531747662,-104.80965136756087,-103.81029881165722,-102.8146685024483,-101.82494444781653
-112.6521336723662,-107.82069013497036,-106.81589707437116,-105.81155534513121,-104.8095151041903,-103.81019134976614,-102.81457163641602,-101.82482849913109
-112.65307284168277,-107.8202964520705,-106.81565955821569,-105.81137612168135,-104.80937932637133,-103.81008418722047,-102.81447497596334,-101.82471283868475
-112.65399903426645,-107.81991113896991,-106.81542327356975,-105.81119775339202,-104.80924411805557,-103.80997739170223,-102.81437857825108,-101.8245975187601
-112.65491245835203,-107.81953387184701,-106.81518833899709,-105.81102033361519,-104.8091095531913,-103.80987102301458,-102.81428249392896,-101.82448258566139
-112.65581332296516,-107.81916434691867,-106.81495485819917,-105.81084394420466,-104.80897569681375,-103.80976513393446,-102.81418676783473,-101.82436808035409
-112.65670183721298,-107.81880227871962,-106.81472292163859,-105.81066865676729,-104.80884260600955,-103.80965977096803,-102.81409143961477,-101.82425403903376
-112.65757820967869,-107.81844739856284,-106.81449260796695,-105.81049453376322,-104.80871033076605,-103.80955497501643,-102.81399654427133,-101.82414049362725
-112.65844264791447,-107.81809945316682,-106.81426398529256,-105.81032162948411,-104.80857891472677,-103.80945078196832,-102.81390211265085,-101.82402747224153
-112.65929535800703,-107.81775820341842,-106.8140371122977,-105.81014999091347,-104.80844839585413,-103.80934722321837,-102.8138081718685,-101.82391499955138
-112.6601365442198,-107.8174234232669,-106.81381203923543,-105.80997965849662,-104.808318807026,-103.80924432613776,-102.81371474569802,-101.82380309715865
-112.66096640868378,-107.81709489871878,-106.81358880880882,-105.8098106668181,-104.8081901765569,-103.80914211447981,-102.81362185490242,-101.82369178389357
-112.66178515115172,-107.81677242694032,-106.8133674569617,-105.80964304521234,-104.80806252867144,-103.80904060875515,-102.81352951754654,-101.82358107610374
-112.66259296878476,-107.81645581543599,-106.81314801357712,-105.80947681830327,-104.80793588392127,-103.80893982655743,-102.81343774926366,-101.82347098789779
-112.66339005598653,-107.81614488131054,-106.81293050310572,-105.80931200648868,-104.80781025955925,-103.80883978285819,-102.81334656349891,-101.82336153136879
-112.66417660426302,-107.81583945059359,-106.8127149451247,-105.80914862637299,-104.8076856698748,-103.80874049027024,-102.81325597172716,-101.82325271679473
-112.66495280211733,-107.81553935762885,-106.81250135484076,-105.80898669115453,-104.80756212649291,-103.80864195928314,-102.8131659836469,-101.82314455281654
-112.66571883495625,-107.81524444450807,-106.81228974353442,-105.80882621097003,-104.80743963864147,-103.80854419847313,-102.8130766073535,-101.8230370465968
-112.66647488504105,-107.81495456057101,-106.81208011897263,-105.80866719321283,-104.80731821339741,-103.80844721469767,-102.81298784950063,-101.82293020396905
-112.66722113143426,-107.81466956193161,-106.81187248576667,-105.8085096428101,-104.80719785590162,-103.80835101326421,-102.81289971543899,-101.82282402956409
-112.66795774996456,-107.8143893110428,-106.8116668456923,-105.80835356246989,-104.80707856954984,-103.80825559808052,-102.81281220934115,-101.8227185269258
-112.66868491322622,-107.814113676317,-106.81146319799693,-105.80819895291994,-104.80696035617918,-103.80816097180256,-102.81272533432401,-101.82261369862329
-112.66940279056321,-107.81384253175179,-106.81126153965278,-105.8080458131017,-104.80684321621656,-103.80806713595032,-102.81263909254395,-101.82250954633821
-112.6701115480756,-107.81357575659776,-106.81106186559833,-105.80789414035961,-104.80672714882795,-103.80797409102703,-102.81255348529679,-101.82240607095756
-112.67081134864243,-107.81331323505671,-106.81086416895846,-105.80774393060935,-104.80661215204671,-103.80788183661933,-102.81246851309963,-101.8223032726477
-112.66661265777957,-107.80723722628213,-106.80394300139868,-105.79821569079735,-104.79323375753013,-103.78864690878872,-102.78399117363678,-101.77853396951416,-101.2752732942167
-112.6673046353673,-107.80699706150199,-106.80377534001208,-105.79809679545122,-104.79315573650764,-103.78860442982743,-102.78398192530057,-101.77856003416089,-101.26142481465027
-112.66797870829538,-107.80675360118079,-106.80360394646935,-105.79797825928603,-104.79308369547215,-103.788576564762,-102.78400179892238,-101.7786415765312,-101.24764976280612
-112.66865067971692,-107.80652140431152,-106.80344273868644,-105.79787293167595,-104.79302951998426,-103.78857380594089,-102.78405831824581,-101.77877888900062,-101.2339465048507
-112.66932100042858,-107.80630056742747,-106.80329179694887,-105.79778076739778,-104.79299303848829,-103.78859582661067,-102.78415092051173,-101.77897098846832,-101.22031469091681
-112.66998976772165,-107.8060909204896,-106.8031509888193,-105.79770159089726,-104.79297400148329,-103.78864224967613,-102.78427900269747,-101.779216851811,-101.2067539168966
-112.67065706475181,-107.80589228723106,-106.80302017398722,-105.79763521907928,-104.79297215235223,-103.78871269256106,-102.78444196091094,-101.7795154666955,-101.19326378102687
-112.67132297241119,-107.80570449567749,-106.80289921430357,-105.79758147095107,-104.79298723702594,-103.78880677664446,-102.78463919850006,-101.7798658353317,-101.17984388597148
-112.67198756975144,-107.80552737834891,-106.80278797413044,-105.79754016802191,-104.79301900442009,-103.7889241276872,-102.78487012640011,-101.78026697464198,-101.16649383910222
-112.67265093366969,-107.80536077182698,-106.80268632010456,-105.79751113421214,-104.79306720646917,-103.78906437595408,-102.78513416327928,-101.78071791630799,-101.15321325266781
-112.67331313869794,-107.80520451640444,-106.80259412094809,-105.7974941957687,-104.79313159813472,-103.7892271562882,-102.78543073562801,-101.78121770676233,-101.14000174390709
-112.6739742568973,-107.80505845582448,-106.80251124734194,-105.79748918120711,-104.79321193740692,-103.78941210815131,-102.78575927779272,-101.78176540711613,-101.12685893509592
-112.67463435780076,-107.80492243706456,-106.80243757182613,-105.79749592126129,-104.79330798529568,-103.78961887563672,-102.78611923196908,-101.78236009303947,-101.11378445354337
-112.6752935084089,-107.80479631016902,-106.80237296873172,-105.79751424884554,-104.79341950581431,-103.789847107457,-102.78651004815701,-101.78300085459955,-101.10077793154326
-112.67595177320788,-107.80467992810415,-106.802317314124,-105.79754399901555,-104.79354626594998,-103.79009645690671,-102.78693118408056,-101.78368679605798,-101.0878390062807
-112.67660921420453,-107.80457314663155,-106.80227048575351,-105.79758500892794,-104.7936880356247,-103.7903665818105,-102.78738210509161,-101.78441703565521,-101.0749673197255
-112.67726589096473,-107.80447582418957,-106.80223236300866,-105.79763711779964,-104.79384458765422,-103.79065714446679,-102.78786228406666,-101.78519070538802,-101.06216251851556
-112.67792186067729,-107.80438782180188,-106.80220282688745,-105.79770016687762,-104.79401569770873,-103.79096781158509,-102.78837120129263,-101.78600695077499,-101.04942425382589
-112.67857717819741,-107.80430900297199,-106.80218175995118,-105.79777399939212,-104.79420114425857,-103.79129825421144,-102.78890834434308,-101.78686493061744,-101.03675218123212
-112.6792318961131,-107.80423923360439,-106.80216904629927,-105.79785846052911,-104.79440070853853,-103.79164814767239,-102.78947320797529,-101.78776381678348,-101.02414596059585
-112.67988606480033,-107.80417838192061,-106.802164571536,-105.79795339739364,-104.7946141745008,-103.79201717150355,-102.79006529400688,-101.78870279397093,-101.01160525592577
-112.68053973248374,-107.80412631838315,-106.80216822273992,-105.79805865897424,-104.79484132876823,-103.79240500938096,-102.79068411120038,-101.78968105948329,-100.99912973525186
-112.6811929452998,-107.80408291563015,-106.80217988844325,-105.79817409612089,-104.7950819606054,-103.79281134907342,-102.79132917517215,-101.79069782303567,-100.98671907052861
-112.68184574735942,-107.80404804841143,-106.80219945860773,-105.79829956151681,-104.79533586188013,-103.7932358823817,-102.79200000828358,-101.79175230653986,-100.9743729375146
-112.6824981808068,-107.80402159352535,-106.80222682459869,-105.79843490964629,-104.79560282701868,-103.79367830506958,-102.79269613952405,-101.79284374388217,-100.96209101564273
-112.68315028587682,-107.80400342975824,-106.80226187915927,-105.79857999676364,-104.79588265296319,-103.79413831679878,-102.7934171044012,-101.7939713807148,-100.94987298790399
-112.68380210094686,-107.80399343782284,-106.80230451638174,-105.79873468086038,-104.79617513913026,-103.79461562106844,-102.79416244483683,-101.79513447425427,-100.93771854073728
-112.68445366259333,-107.80399150030566,-106.80235463168546,-105.79889882163842,-104.79648008737274,-103.79510992515463,-102.79493170906369,-101.79633229308223,-100.92562736391912
-112.68510500564526,-107.8039975016143,-106.80241212179294,-105.7990722804819,-104.79679730194253,-103.79562094005394,-102.79572445152647,-101.79756411695384,-100.91359915046161
-112.68575616323187,-107.80401132792407,-106.80247688470384,-105.79925492042833,-104.79712658945354,-103.79614838042824,-102.79654023278799,-101.79882923661349,-100.9016335965151
-112.68640716684236,-107.80403286713856,-106.80254881968072,-105.79944660614957,-104.79746775885235,-103.79669196455502,-102.79737861943866,-101.8001269536161,-100.88973040127685
-112.68705804637062,-107.80406200884013,-106.80262782722383,-105.79964720392401,-104.79782062138317,-103.79725141427592,-102.7982391840071,-101.8014565801509,-100.8778892669001
-112.68770883016484,-107.804098644247,-106.80271380905005,-105.79985658161064,-104.79818499055132,-103.7978264549386,-102.79912150486092,-101.80281743885493,-100.8661098983906
-112.68835954507495,-107.80414266617227,-106.80280666807333,-105.80007460862578,-104.79856068209173,-103.79841681534954,-102.80002516612448,-101.80420886264963,-100.85439200352786
-112.68901021649961,-107.80419396898448,-106.80290630838475,-105.80030115592021,-104.79894751393827,-103.79902222772482,-102.8009497575915,-101.80563019457162,-100.842735292778
-112.68966086843017,-107.8042524485696,-106.8030126352336,-105.80053609595633,-104.79934530619202,-103.79964242764173,-102.80189487464216,-101.80708078761099,-100.83113947921389
-112.69031152348947,-107.80431800228861,-106.80312555500221,-105.80077930267908,-104.79975388108343,-103.80027715398232,-102.80286011814839,-101.80856000453579,-100.81960427841847
-112.69074355551416,-107.80413929921741,-106.8029679911041,-105.80071435038766,-104.79970652153415,-103.80024205982971,-102.80283088003583,-101.80852642985587,-100.81954454937579
-112.69117307922347,-107.80396477266837,-106.80281424638721,-105.80064799572804,-104.7996580228825,-103.80020597818083,-102.80280065573695,-101.80849163199612,-100.81948348836592
-112.69159946941629,-107.80379372650984,-106.80266365565862,-105.80058006978696,-104.79960826802152,-103.80016888198165,-102.80276959566217,-101.80845613654546,-100.81942191111396
-112.69202266256268,-107.80362597641756,-106.80251603251065,-105.80051074637336,-104.79955739011777,-103.80013087570003,-102.80273778841658,-101.80842002986466,-100.81935990585694
-112.692442626041,-107.80346137187368,-106.80237122488654,-105.80044019624313,-104.79950552089689,-103.80009206106634,-102.80270531387916,-101.8083833778274,-100.81929753218407
-112.69285933616811,-107.80329977519948,-106.8022290947166,-105.80036857323698,-104.79945277918651,-103.80005252996939,-102.80267224422417,-101.8083462397329,-100.81923484341299
-112.69327277631638,-107.80314105948635,-106.80208951571433,-105.8002960157718,-104.79939927202153,-103.80001236530397,-102.80263864467982,-101.80830866925413,-100.81917188775233
-112.69368293600765,-107.80298510743457,-106.80195237204983,-105.80022264859649,-104.79934509596667,-103.79997164196044,-102.80260457427829,-101.8082707150388,-100.81910870884752
-112.6940898101502,-107.80283181036461,-106.80181755722121,-105.80014858433684,-104.79929033828712,-103.7999304277053,-102.8025700865222,-101.80823242123755,-100.81904534625569
-112.69449339835816,-107.80268106733803,-106.80168497305763,-105.8000739248282,-104.79923507795924,-103.79988878394218,-102.8025352299614,-101.80819382796086,-100.81898183585666
-112.69489370435836,-107.80253278438784,-106.80155452884983,-105.79999876228011,-104.7991793865584,-103.79984676638584,-102.80250004871039,-101.80815497169431,-100.81891821022717
-112.69529073548085,-107.80238687384998,-106.8014261405963,-105.79992318030332,-104.79912332904301,-103.79980442565858,-102.80246458290608,-101.8081158856674,-100.81885449897673
-112.69568450219836,-107.80224325376103,-106.80129973032899,-105.7998472547993,-104.79906696443437,-103.79976180780804,-102.80242886910735,-101.8080766001758,-100.81879072903901
-112.69607501772649,-107.80210184733001,-106.80117522552335,-105.79977105474819,-104.79901034642165,-103.79971895477158,-102.80239294065609,-101.80803714287585,-100.81872692494053
-112.69646229767734,-107.80196258247396,-106.80105255858071,-105.79969464290463,-104.79895352389471,-103.79967590478334,-102.80235682799216,-101.80799753903959,-100.81866310903284
-112.69684635974446,-107.80182539139687,-106.80093166636205,-105.79961807640728,-104.79889654141222,-103.79963269273378,-102.80232055893336,-101.80795781178385,-100.81859930170128
-112.69722722344078,-107.80169021022901,-106.80081248978853,-105.79954140733189,-104.79883943962848,-103.79958935049923,-102.80228415893436,-101.80791798228334,-100.81853552156107
-112.69760490985115,-107.8015569786893,-106.8006949734702,-105.79946468316679,-104.79878225565686,-103.79954590721917,-102.80224765130009,-101.80787806994225,-100.81847178561185
-112.69797944142076,-107.80142563979057,-106.800579065383,-105.79938794724487,-104.79872502340348,-103.79950238955439,-102.8022110573892,-101.80783809256319,-100.81840810939372
-112.69835084176883,-107.80129613957556,-106.80046471657994,-105.7993112391278,-104.79866777386205,-103.79945882191313,-102.80217439678998,-101.80779806648964,-100.8183445071162
-112.69871913552927,-107.80116842688561,-106.80035188093828,-105.79923459495498,-104.79861053538329,-103.79941522665912,-102.80213768748305,-101.80775800674064,-100.8182809917827
-112.69908434818745,-107.80104245313122,-106.80024051491289,-105.79915804773862,-104.79855333390186,-103.7993716242867,-102.80210094597923,-101.80771792712319,-100.81821757529222
-112.69944650596877,-107.80091817211682,-106.80013057734463,-105.79908162765493,-104.79849619316082,-103.79932803359345,-102.8020641874541,-101.80767784034408,-100.81815426854297
-112.6998056357085,-107.8007955398526,-106.80002202925948,-105.79900536228108,-104.79843913489364,-103.7992844718204,-102.80202742585708,-101.80763775809606,-100.81809108150892
-112.70016176475505,-107.80067451440236,-106.79991483370499,-105.79892927682427,-104.79838217900152,-103.79924095478921,-102.80199067402033,-101.80759769115174,-100.81802802332855
-112.70051492087578,-107.80055505573758,-106.79980895559491,-105.79885339432194,-104.79832534370726,-103.79919749702074,-102.80195394375028,-101.80755764943494,-100.81796510236782
-112.70086513217844,-107.80043712560918,-106.79970436157247,-105.79877773582541,-104.79826864569645,-103.7991541118435,-102.80191724591342,-101.80751764209371,-100.81790232628823
-112.70121242703239,-107.8003206874233,-106.79960101987992,-105.7987023205617,-104.7982121002427,-103.79911081149075,-102.80188059051191,-101.80747767756105,-100.81783970210181
-112.70155683401185,-107.80020570613962,-106.79949890025063,-105.7986271660888,-104.79815572132745,-103.79906760719312,-102.8018439867566,-101.80743776361516,-100.81777723622626
-112.70189838182965,-107.80009214816454,-106.79939797379804,-105.79855228842528,-104.79809952173906,-103.79902450925425,-102.80180744312581,-101.80739790742855,-100.81771493453041
-112.70223709929364,-107.79997998126693,-106.79929821292725,-105.79847770217997,-104.7980435131739,-103.79898152712995,-102.80177096742796,-101.80735811561854,-100.8176528023798
-112.70257301525514,-107.79986917448966,-106.79919959124348,-105.79840342065975,-104.79798770631874,-103.79893866949078,-102.80173456685021,-101.80731839428776,-100.81759084467389
-112.70290615856865,-107.79975969807302,-106.79910208347324,-105.79832945597302,-104.79793211093036,-103.79889594428387,-102.80169824800673,-101.80727874906341,-100.81752906588184
-112.70323655805979,-107.79965152338842,-106.7990056653957,-105.7982558191264,-104.79787673591123,-103.7988533587921,-102.8016620169865,-101.80723918513785,-100.81746747008026
-112.70356424248492,-107.79954462286557,-106.79891031376907,-105.79818252010433,-104.79782158936959,-103.79881091967908,-102.80162587938666,-101.80719970729426,-100.81740606097591
-112.69965575150866,-107.79468115452443,-106.79368866010365,-105.79201865435597,-104.78895002066182,-103.78604150680138,-102.783014112984,-101.77944271281295,-100.7745829744514,-100.27140207841178
-112.6999869752892,-107.79458693404824,-106.79360760106185,-105.79197144765946,-104.78892411619265,-103.78603581334843,-102.7830295179547,-101.77948315050747,-100.77465791324762,-100.25760591534743
-112.70030808586681,-107.79448780826912,-106.79352226546996,-105.79192069299356,-104.78889886904452,-103.78603644574859,-102.78305985799824,-101.779552899348,-100.77478817898938,-100.24388296553583
-112.70063222708198,-107.79439619032277,-106.79344470959641,-105.79187795058877,-104.78888512853119,-103.78605359296813,-102.78311418985436,-101.77965829261319,-100.77497316792756,-100.23023078427664
-112.70095951190113,-107.79431209660159,-106.79337492426063,-105.79184316879787,-104.78888276223948,-103.78608702854942,-102.78319215443227,-101.7797987501506,-100.7752118882055,-100.21664901125183
-112.70128992910492,-107.79423545064338,-106.79331282374683,-105.79181624330148,-104.78889161621753,-103.7861365200632,-102.7832933892576,-101.77997368364149,-100.7755033352937,-100.20313725972564
-112.70162345618226,-107.79416616702389,-106.79325831413877,-105.791797062933,-104.7889115298829,-103.78620182875515,-102.78341752700979,-101.78018250429832,-100.77584651545892,-100.18969514533354
-112.70196007096992,-107.7941041616592,-106.79321130300498,-105.79178551876477,-104.78894234489945,-103.78628271860565,-102.78356420451301,-101.78042463070823,-100.7762404495008,-100.17632228822666
-112.70229975171918,-107.7940493518299,-106.7931716994151,-105.79178150409737,-104.78898390524982,-103.7863789564769,-102.78373306291627,-101.78069948897848,-100.77668417275602,-100.16301831318924
-112.70264247686154,-107.79400165596216,-106.79313941374004,-105.79178491426084,-104.78903605714925,-103.78649031212841,-102.78392374778552,-101.78100651285287,-100.77717673512359,-100.14978284978457
-112.7029882248542,-107.79396099348419,-106.79311435752264,-105.79179564647538,-104.78909864899043,-103.7866165582357,-102.78413590917314,-101.78134514378424,-100.77771720103597,-100.13661553244364
-112.70333697406917,-107.79392728471856,-106.79309644337971,-105.79181359973606,-104.78917153128877,-103.78675747038369,-102.78436920163671,-101.78171483093537,-100.77830464934719,-100.1235160004667
-112.70368870272638,-107.79390045081153,-106.79308558493595,-105.79183867472246,-104.789254556634,-103.78691282704933,-102.78462328423277,-101.782115031144,-100.77893817318247,-100.11048389798435
-112.70404338885754,-107.79388041368972,-106.79308169678302,-105.79187077373068,-104.78934757965166,-103.78708240958264,-102.78489782049932,-101.78254520887018,-100.77961687976806,-100.09751887389648
-112.70440101027472,-107.79386709601796,-106.79308469443771,-105.79190980060326,-104.78945045695532,-103.78726600217165,-102.78519247841535,-101.78300483611662,-100.78033989023453,-100.08462058178196
-112.7047615445668,-107.7938604211818,-106.79309449432206,-105.79195566067806,-104.78956304710519,-103.78746339180103,-102.78550693034374,-101.78349339232267,-100.7811063393888,-100.07178867977471
-112.70512496908952,-107.79386031326266,-106.79311101373614,-105.79200826073178,-104.78968521056038,-103.7876743682054,-102.78584085297068,-101.78401036425991,-100.78191537549519,-100.05902283044773
-112.70549126096363,-107.79386669701995,-106.79313417083635,-105.79206750892865,-104.78981680963122,-103.78789872381738,-102.78619392723466,-101.78455524591323,-100.78276616004094,-100.04632270067964
-112.70586039707909,-107.79387949787883,-106.79316388461966,-105.79213331477679,-104.78995770843719,-103.78813625371893,-102.78656583825816,-101.7851275383638,-100.7836578675043,-100.03368796152134
-112.70623235409376,-107.79389864191212,-106.79320007490075,-105.79220558907805,-104.79010777285629,-103.78838675558343,-102.78695627526844,-101.78572674966225,-100.78458968511765,-100.02111828805755
-112.70660710844604,-107.7939240558358,-106.79324266230373,-105.7922842438944,-104.7902668704913,-103.78865002963542,-102.7873649315391,-101.78635239472585,-100.78556081265727,-100.0086133592925
-112.70698463635367,-107.79395566699203,-106.79329156824082,-105.79236919250269,-104.79043487062259,-103.78892587859413,-102.7877915043113,-101.78700399521118,-100.78657046220758,-99.9961728580092
-112.70736491382569,-107.79399340334409,-106.79334671490292,-105.79246034936267,-104.79061164417415,-103.78921410763157,-102.7882356947328,-101.7876810794101,-100.7876178579565,-99.98379647065879
-112.70774791667378,-107.79403719347232,-106.79340802525188,-105.79255763008827,-104.7907970636856,-103.78951452433981,-102.78869720780888,-101.78838318216029,-100.78870223600657,-99.97148388726507
-112.7081336205201,-107.79408696656637,-106.7934754230087,-105.7926609514165,-104.79099100327775,-103.78982693868613,-102.78917575233535,-101.78910984473136,-100.78982284415986,-99.95923480129964
-112.70852200080806,-107.79414265241994,-106.79354883264396,-105.79277023117751,-104.79119333861699,-103.79015116296553,-102.78967104082778,-101.7898606147085,-100.79097894170171,-99.94704890955455
-112.70891303280925,-107.79420418142148,-106.7936281793642,-105.79288538826322,-104.79140394688088,-103.79048701175884,-102.7901827894624,-101.79063504589367,-100.79216979920962,-99.93492591204074
-112.70930669162685,-107.79427148454353,-106.7937133890978,-105.79300634259685,-104.79162270672452,-103.79083430188896,-102.79071071801083,-101.79143269819679,-100.79339469834986,-99.92286551187154
-112.70970295220704,-107.7943444933387,-106.7938043884869,-105.79313301510864,-104.79184949825276,-103.79119285238512,-102.79125454978733,-101.79225313754547,-100.79465293169851,-99.91086741517084
-112.71010178934606,-107.79442313993286,-106.79390110487712,-105.79326532771096,-104.7920842029917,-103.79156248444556,-102.79181401159167,-101.79309593578667,-100.7959438025541,-99.89893133097108
-112.71050317769802,-107.79450735701856,-106.79400346630759,-105.79340320327468,-104.79232670386294,-103.79194302140439,-102.79238883366027,-101.79396067060156,-100.79726662476732,-99.88705697112803
-112.71090709178767,-107.79459707785465,-106.79411140150707,-105.79354656561223,-104.79257688516313,-103.79233428870295,-102.79297874961895,-101.7948469254203,-100.79862072257123,-99.87524405023467
-112.7113135060114,-107.79469223625318,-106.79422483987769,-105.79369533944902,-104.79283463253161,-103.7927361138479,-102.79358349642212,-101.79575428932218,-100.80000543039696,-99.86349228551809
-112.71172239465265,-107.7947927665823,-106.79434371149436,-105.79384945041068,-104.79309983293322,-103.793148326386,-102.79420281431082,-101.79668235695848,-100.80142009271691,-99.85180139676581
-112.7121337318832,-107.79489860375338,-106.79446794708872,-105.79400882499625,-104.79337237462869,-103.79357075786629,-102.7948364467583,-101.79763072846264,-100.8028640638752,-99.84017110623569
-112.71254749177346,-107.79500968322067,-106.79459747804624,-105.79417339056542,-104.793652147159,-103.79400324181711,-102.79548414042972,-101.79859900937412,-100.8043367079348,-99.82860113858438
-112.7129636482995,-107.79512594097322,-106.79473223639428,-105.7943430753153,-104.79393904131476,-103.79444561370389,-102.79614564512113,-101.79958681054087,-100.80583739850016,-99.81709122076607
-112.71341698792516,-107.7949092247194,-106.79453027222965,-105.7941610473771,-104.79380806257782,-103.79434570178913,-102.79606837922442,-101.7995229455185,-100.80577396209792,-99.81700337201687
-112.71386812110921,-107.79469537606533,-106.79433098829438,-105.79398134271005,-104.7936765150466,-103.79424528785637,-102.79599061032539,-101.79945846622118,-100.80570960175557,-99.81691446265286
-112.71431688075327,-107.79448415684163,-106.79413414276867,-105.79380371984875,-104.79354438990462,-103.79414436732704,-102.79591238912973,-101.79939357627649,-100.80564488005992,-99.81682533873678
-112.71476323950961,-107.79427547662162,-106.79393964447233,-105.79362808913696,-104.79341179617212,-103.79404302340724,-102.79583378161311,-101.7993283341675,-100.80557985855145,-99.8167360656785
-112.71520718310553,-107.79406926010782,-106.7937474180132,-105.7934543777483,-104.79327884062023,-103.79394133884227,-102.79575485207683,-101.79926279080253,-100.80551457960266,-99.81664668168057
-112.71564870108685,-107.79386543732443,-106.79355739369262,-105.79328251920771,-104.79314561943411,-103.79383938829777,-102.7956756586264,-101.79919699217048,-100.80544908124486,-99.81655722069745
-112.71608778639542,-107.79366394307897,-106.79336950690339,-105.79311245265659,-104.79301221939207,-103.79373723922662,-102.79559625384526,-101.79913097997455,-100.80538339801925,-99.81646771350846
-112.71652443497584,-107.79346471648508,-106.79318369760692,-105.79294412223229,-104.79287871893625,-103.79363495268535,-102.79551668541524,-101.7990647921124,-100.80531756137214,-99.81637818808302
-112.71695864541611,-107.79326770053025,-106.7929999098638,-105.79277747651776,-104.7927451890938,-103.79353258403795,-102.79543699665241,-101.7989984630882,-100.805251599986,-99.81628866988015
-112.71739041863633,-107.79307284169785,-106.79281809142162,-105.79261246805984,-104.79261169427399,-103.79343018356217,-102.79535722696532,-101.79893202436104,-100.80518554005674,-99.81619918209806
-112.71781975761427,-107.79288008963508,-106.79263819335557,-105.7924490529514,-104.7924782929687,-103.79332779698473,-102.79527741226212,-101.79886550465818,-100.8051194055457,-99.81610974590227
-112.71824666713724,-107.79268939685174,-106.792460169742,-105.79228719045528,-104.79234503835609,-103.79322546594202,-102.79519758530178,-101.79879893024622,-100.80505321839878,-99.81602038062421
-112.71867115359531,-107.79250071846612,-106.7922839773832,-105.79212684268705,-104.79221197884394,-103.79312322839698,-102.79511777601284,-101.79873232517726,-100.80498699874609,-99.81593110394341
-112.71909322478996,-107.79231401197083,-106.79210957555502,-105.79196797432667,-104.7920791585391,-103.79302111899793,-102.79503801176753,-101.79866571150191,-100.80492076507532,-99.8158419320448
-112.71951288976952,-107.79212923702916,-106.79193692578671,-105.79181055236822,-104.79194661766718,-103.79291916940122,-102.7949583176295,-101.79859910946116,-100.8048545343872,-99.81575287976044
-112.7199301586821,-107.79194635529248,-106.79176599166505,-105.791654545898,-104.7918143929431,-103.79281740855562,-102.79487871657224,-101.79853253765752,-100.80478832233642,-99.81566396069833
-112.72034504264725,-107.7917653302391,-106.79159673866042,-105.79149992589907,-104.79168251790145,-103.79271586295619,-102.7947992296739,-101.79846601320578,-100.8047221433536,-99.81557518735336
-112.72075755364045,-107.79158612702868,-106.79142913397082,-105.79134666507636,-104.79155102318954,-103.79261455686901,-102.79471987628934,-101.79839955186755,-100.80465601075619,-99.81548657120887
-112.72116770438649,-107.79140871236764,-106.79126314637807,-105.79119473769778,-104.79141993682603,-103.79251351253119,-102.79464067420562,-101.79833316817272,-100.804589936847,-99.8153981228263
-112.72157550828003,-107.79123305440373,-106.79109874613397,-105.79104411946622,-104.79128928444403,-103.79241275033706,-102.79456163978413,-101.79826687553079,-100.80452393300637,-99.81530985192975
-112.7219809792934,-107.7910591226101,-106.79093590483731,-105.7908947873864,-104.79115908949287,-103.79231228899383,-102.79448278808051,-101.79820068632415,-100.8044580097681,-99.81522176747507
-112.72238413190861,-107.79088688769419,-106.79077459533654,-105.79074671965739,-104.79102937342856,-103.79221214566758,-102.79440413295698,-101.79813461199544,-100.80439217689046,-99.81513387771446
-112.72278498105423,-107.79071632151387,-106.79061479164021,-105.79059989557578,-104.7909001558865,-103.7921123361171,-102.79432568718607,-101.79806866312941,-100.80432644342393,-99.81504619025912
-112.72318354204624,-107.79054739699838,-106.79045646883309,-105.79045429544516,-104.79077145483261,-103.79201287480987,-102.79424746253963,-101.7980028495229,-100.80426081776906,-99.81495871213131
-112.72357983053527,-107.79038008807686,-106.79029960300079,-105.7903099004954,-104.79064328670077,-103.79191377502754,-102.79416946986962,-101.79793718024675,-100.80419530772632,-99.81487144981048
-112.72397386246224,-107.79021436961594,-106.79014417116292,-105.79016669281167,-104.7905156665193,-103.79181504896358,-102.79409171918385,-101.79787166370556,-100.80412992054485,-99.81478440927705
-112.72436565401631,-107.79005021736134,-106.78999015121194,-105.79002465526956,-104.7903886080244,-103.79171670781092,-102.7940142197137,-101.79780630769157,-100.80406466296829,-99.81469759605541
-112.72475522159466,-107.78988760788177,-106.78983752185421,-105.78988377147394,-104.7902621237613,-103.79161876183976,-102.79393697997371,-101.79774111943014,-100.80399954127068,-99.81461101524542
-112.72514258177324,-107.78972651852435,-106.7896862625625,-105.78974402570907,-104.79013622518087,-103.79152122047196,-102.79386000781938,-101.79767610562585,-100.80393456129481,-99.81452467155853
-112.72552775127319,-107.7895669273665,-106.78953635352597,-105.789605402887,-104.79001092272159,-103.79142409234358,-102.79378331049459,-101.79761127249866,-100.80386972848122,-99.81443856934308
-112.72591074693375,-107.78940881317557,-106.78938777560788,-105.78946788850473,-104.78988622588896,-103.79132738536704,-102.79370689468004,-101.79754662582253,-100.80380504790128,-99.81435271261593
-112.72629158568674,-107.78925215536988,-106.78924051030481,-105.7893314686024,-104.78976214332437,-103.79123110678348,-102.79363076653404,-101.79748217095774,-100.80374052428233,-99.81426710508394
-112.72667028453962,-107.78909693398914,-106.78909453971583,-105.78919612973239,-104.7896386828755,-103.79113526321751,-102.7935549317338,-101.79741791288191,-100.80367616203405,-99.81418175016917
-112.72704686054783,-107.78894312965468,-106.78894984650127,-105.78906185891816,-104.78951585164835,-103.79103986071684,-102.79347939550667,-101.7973538562158,-100.80361196526908,-99.81409665102679
-112.72742133079997,-107.7887907235435,-106.78880641385597,-105.78892864362798,-104.78939365606563,-103.79094490479761,-102.7934041626652,-101.79729000525033,-100.80354793782597,-99.81401181056704
-112.72378612920348,-107.78432334036701,-106.78415352231067,-105.78390722427758,-104.78340971936709,-103.78226039238454,-102.78084870829404,-101.7789471173912,-100.77615852223997,-99.77173009335004,-99.26860678483466
-112.7241543546852,-107.78417311799137,-106.7840131505522,-105.78377965804233,-104.78330723798479,-103.7821911288522,-102.78080949380487,-101.77893720115584,-100.77618069414864,-99.77179338140935,-99.25480246333215
-112.7245164413239,-107.78402088222693,-106.7838710315511,-105.78365076221857,-104.78320406964653,-103.78212478389389,-102.78077839844505,-101.77894365049667,-100.77623331702056,-99.77191286013677,-99.24107225156389
-112.72488177456191,-107.78387570995089,-106.78373611743936,-105.78352936547888,-104.7831089030349,-103.78206993663713,-102.7807638115736,-101.77897408891822,-100.77632158577649,-99.77208706660963,-99.22741292037735
-112.72525064795082,-107.78373780110428,-106.78360857894356,-105.78341559910635,-104.78302179579275,-103.78202653116254,-102.78076555879737,-101.77902819156984,-100.77644494194622,-99.7723150223623,-99.21382412173324
-112.72562307431211,-107.78360712394662,-106.7834883787815,-105.78330941422304,-104.78294266737056,-103.78199443179932,-102.78078342152789,-101.77910560634052,-100.7766028050133,-99.77259572907016,-99.2003054752982
-112.72599906154694,-107.7834836429434,-106.78337547616259,-105.78321075875124,-104.78287143531452,-103.7819734999082,-102.78081717755109,-101.77920597824351,-100.77679459540289,-99.77292820016443,-99.18685660390958
-112.72637861706411,-107.7833673227101,-106.78326983055996,-105.78311958116463,-104.78280801926351,-103.78196359911057,-102.78086660750846,-101.77932895661742,-100.77701974111541,-99.77331146378964,-99.17347713503653
-112.72676174827119,-107.78325812836633,-106.78317140200767,-105.78303583073368,-104.7827523410681,-103.78196459542721,-102.78093149508359,-101.7794741953446,-100.77727767792214,-99.77374456287173,-99.16016670096307
-112.72714846242948,-107.78315602538684,-106.78308015095527,-105.78295945738513,-104.78270432459087,-103.78197635716661,-102.78101162697709,-101.77964135289483,-100.77756784943011,-99.77422655509223,-99.14692493888155
-112.72753876657937,-107.78306097953012,-106.78299603820196,-105.78289041164055,-104.78266389558372,-103.78199875486375,-102.78110679289985,-101.77983009235406,-100.77788970710446,-99.77475651280513,-99.13375149092526
-112.72793266749088,-107.78297295679116,-106.78291902485385,-105.78282864457533,-104.7826309815837,-103.78203166121601,-102.78121678553818,-101.78004008139877,-100.7782427102106,-99.77533352285802,-99.12064600409977
-112.72833017163875,-107.78289192337843,-106.78284907230507,-105.78277410780082,-104.78260551183428,-103.78207495103727,-102.7813414005298,-101.78027099227492,-100.7786263257604,-99.77595668642219,-99.1076081302231
-112.72873128519608,-107.78281784570635,-106.78278614223288,-105.78272675345785,-104.78258741721864,-103.78212850121496,-102.78148043643449,-101.78052250176394,-100.77904002843684,-99.77662511879602,-99.0946375258354
-112.72913601402799,-107.78275069038749,-106.78273019659142,-105.78268653420743,-104.7825766301909,-103.78219219065524,-102.78163369468244,-101.78079429111696,-100.77948330048137,-99.77733794916989,-99.08173385206767
-112.72954436369601,-107.78269042423256,-106.78268119761262,-105.7826534032281,-104.78257308471703,-103.78226590023442,-102.78180097952739,-101.78108604599396,-100.77995563158697,-99.7780943204016,-99.06889677452031
-112.72995633945958,-107.7826370142478,-106.78263910780362,-105.78262731420823,-104.78257671621301,-103.78234951274467,-102.78198209799025,-101.781397456389,-100.78045651877555,-99.77889338877638,-99.05612596312376
-112.73037194627615,-107.78259042762939,-106.7826038899411,-105.78260822133564,-104.78258746148289,-103.7824429128354,-102.78217685979548,-101.78172821654812,-100.7809854662671,-99.77973432375904,-99.04342109198906
-112.73079118880882,-107.78255063176631,-106.78257550707377,-105.7825960792946,-104.7826052586673,-103.78254598696479,-102.78238507731832,-101.78207802489767,-100.78154198536214,-99.7806163077668,-99.03078183927977
-112.73121407142973,-107.78251759423688,-106.78255392251802,-105.78259084325617,-104.78263004718829,-103.78265862334683,-102.78260656552581,-101.78244658396657,-100.78212559431753,-99.78153853593426,-99.01820788707262
-112.73164059822913,-107.78249128281263,-106.78253909986132,-105.78259246887623,-104.78266176770455,-103.78278071190677,-102.78284114192573,-101.78283360031543,-100.78273581822981,-99.78250021588914,-99.00569892122805
-112.73207077302278,-107.78247166545951,-106.78253100296259,-105.7826009122909,-104.78270036206732,-103.78291214424056,-102.7830886265229,-101.78323878447796,-100.78337218893614,-99.78350056755336,-98.99325463128704
-112.73250459936772,-107.78245871034788,-106.78252959596145,-105.7826161301204,-104.78274577328636,-103.78305281357994,-102.78334884177664,-101.78366185089823,-100.78403424490621,-99.78453882292995,-98.9808747103494
-112.73294208056339,-107.78245238584717,-106.78253484327172,-105.78263807945753,-104.78279794548297,-103.78320261474354,-102.78362161254203,-101.78410251784958,-100.78472153111393,-99.78561422587163,-98.9685588549325
-112.73338321965998,-107.78245266052794,-106.78254670958246,-105.7826667178627,-104.78285682385038,-103.78336144409393,-102.78390676601882,-101.78456050736474,-100.78543359892574,-99.78672603187233,-98.95630676485345
-112.7338280194636,-107.7824595031609,-106.78256515985566,-105.78270200335717,-104.7829223546163,-103.78352919949981,-102.78420413170643,-101.78503554517185,-100.78617000599475,-99.78787350786523,-98.94411814311566
-112.73427648254416,-107.7824728827186,-106.7825901593272,-105.7827438944188,-104.7829944850092,-103.78370578030024,-102.78451354136014,-101.78552736063304,-100.78693031615929,-99.7890559320282,-98.93199269580218
-112.73472861124027,-107.78249276837428,-106.78262167350444,-105.78279234997488,-104.78307316322284,-103.78389108726677,-102.78483482894576,-101.78603568667967,-100.78771409933692,-99.79027259358664,-98.9199301319656
-112.7351844076696,-107.78251912950637,-106.78265966816957,-105.78284732940081,-104.78315833838985,-103.7840850225763,-102.78516783060627,-101.786560259764,-100.7885209314398,-99.79152279264068,-98.90793016354102
-112.73564387373678,-107.78255193570061,-106.78270410938107,-105.78290879251728,-104.78324996055422,-103.78428748978179,-102.78551238462498,-101.7871008198043,-100.78935039428085,-99.79280583998457,-98.89599250525093
-112.73610701114006,-107.78259115675067,-106.7827549634729,-105.78297669958485,-104.7833479806428,-103.78449839378047,-102.78586833138513,-101.7876571101253,-100.79020207547462,-99.79412105692002,-98.88411687450083
-112.73657382137756,-107.78263676265861,-106.78281219705401,-105.78305101129907,-104.78345235043828,-103.78471764078358,-102.7862355133318,-101.7882288774036,-100.791075568346,-99.79546777508165,-98.87230299128817
-112.7370443057566,-107.78268872363843,-106.78287577701076,-105.78313168878854,-104.78356302255702,-103.78494513829277,-102.78661377494136,-101.78881587162056,-100.79197047184827,-99.79684533627487,-98.8605505781224
-112.73751846539689,-107.78274701011382,-106.7829456705037,-105.7832186936081,-104.78367995042322,-103.7851807950715,-102.78700296268562,-101.78941784601041,-100.79288639047465,-99.79825309230654,-98.84885935993665
-112.7379963012394,-107.78281159272096,-106.78302184496896,-105.78331198773543,-104.78380308824622,-103.78542452111667,-102.78740292499285,-101.7900345570011,-100.7938229341612,-99.7996904048062,-98.83722906398702
-112.73847781405325,-107.78288244231003,-106.7831042681192,-105.7834115335688,-104.78393239100232,-103.78567622764214,-102.78781351222891,-101.79066576418548,-100.79477971823059,-99.80115664510119,-98.82565941981137
-112.73896300445011,-107.78295952995465,-106.78319290795181,-105.78351729393141,-104.78406781442276,-103.78593582706341,-102.78823457667455,-101.79131123028307,-100.79575636332073,-99.80265119406967,-98.8141501591604
-112.73928405754137,-107.78286584740111,-106.78310120478885,-105.78343198273946,-104.78398904044508,-103.78583105588933,-102.78815351332014,-101.79124719054629,-100.79570159094594,-99.80259410827763,-98.8140675352263
-112.73960345387314,-107.78277287530719,-106.78301013724796,-105.78334716497966,-104.78391052535896,-103.78572775609014,-102.78807353867033,-101.79118389398852,-100.7956472005127,-99.80253693673572,-98.81398463053816
-112.73992097670707,-107.78268038977306,-106.78291948932076,-105.78326263602672,-104.78383208529672,-103.78562568389175,-102.7879944725157,-101.79112126030078,-100.79559329638761,-99.80248016212363,-98.81390221810771
-112.74023665027838,-107.78258839611294,-106.78282926829817,-105.7831784071453,-104.78375374094989,-103.78552477534666,-102.78791626485355,-101.79105925265739,-100.79553985632666,-99.8024237793078,-98.81382030198297
-112.74055050823355,-107.7824969088545,-106.78273949044876,-105.78309449823387,-104.78367552087009,-103.78542498203305,-102.78783887865171,-101.79099784276549,-100.79548685848066,-99.80236777066635,-98.81373886525702
-112.74086258236973,-107.78240594075865,-106.78265017016538,-105.78301092710184,-104.78359745094241,-103.78532626012337,-102.78776228050498,-101.79093700518374,-100.79543428318915,-99.80231212009664,-98.81365789215596
-112.74117290263491,-107.78231550285774,-106.78256132002402,-105.78292770955585,-104.78351955452845,-103.78522856968368,-102.7876864400433,-101.79087671685349,-100.7953821126999,-99.80225681309533,-98.81357736839436
-112.74148149734025,-107.78222560467785,-106.78247295101455,-105.78284485964684,-104.78344185275985,-103.78513187423924,-102.7876113295842,-101.79081695681805,-100.79533033093954,-99.80220183656904,-98.81349728100486
-112.74178839333082,-107.78213625441745,-106.78238507272708,-105.78276238987142,-104.78336436478189,-103.78503614039109,-102.78753692382959,-101.7907577059789,-100.79527892331171,-99.80214717865819,-98.81341761817092
-112.74209361613761,-107.78204745910476,-106.7822976935149,-105.78268031134753,-104.78328710796586,-103.78494133748049,-102.78746319959744,-101.7906989468767,-100.79522787651207,-99.80209282857233,-98.81333836906984
-112.74239719010204,-107.7819592247269,-106.78221082062954,-105.78259863396124,-104.78321009808948,-103.78484743729517,-102.78739013559286,-101.79064066351198,-100.79517717838596,-99.80203877647315,-98.81325952376577
-112.7426991384906,-107.78187155634885,-106.78212446034446,-105.78251736650056,-104.78313334950013,-103.78475441381457,-102.78731771220781,-101.79058284118652,-100.79512681779885,-99.80198501336203,-98.81318107310317
-112.74299948359281,-107.78178445821439,-106.78203861806044,-105.78243651677022,-104.78305687525653,-103.78466224298705,-102.78724591134873,-101.79052546636888,-100.79507678453062,-99.80193153099428,-98.81310300862904
-112.74329824680835,-107.78169793383579,-106.78195329839939,-105.78235609169401,-104.78298068725518,-103.78457090253379,-102.78717471628417,-101.79046852657575,-100.79502706918065,-99.80187832179821,-98.81302532251702
-112.74359544872213,-107.78161198607127,-106.7818685052851,-105.78227609740266,-104.78290479633947,-103.78448037177314,-102.78710411150804,-101.79041201026516,-100.79497766308259,-99.80182537880457,-98.81294800750246
-112.74389110917404,-107.78152661719591,-106.78178424201761,-105.78219653931524,-104.78282921240094,-103.78439063147052,-102.7870340826246,-101.79035590674737,-100.7949285582348,-99.80177269558905,-98.81287105682935
-112.74418524731995,-107.78144182896429,-106.78170051133857,-105.7821174222104,-104.78275394446764,-103.78430166370235,-102.78696461624283,-101.79030020610354,-100.79487974723646,-99.80172026622003,-98.8127944642024
-112.74447788168438,-107.78135762266348,-106.78161731548695,-105.78203875028775,-104.78267900078164,-103.78421345173498,-102.78689569988356,-101.79024489911376,-100.79483122323029,-99.80166808521028,-98.81271822374207
-112.74476903021132,-107.78127399916471,-106.78153465625293,-105.78196052722646,-104.78260438887187,-103.78412597991958,-102.78682732189861,-101.7901899771947,-100.79478297985418,-99.80161614747784,-98.81264232994917
-112.7450587103048,-107.78119095896363,-106.78145253502032,-105.78188275623249,-104.78253011561466,-103.78403923359393,-102.78675947139489,-101.79013543234146,-100.79473501119574,-99.80156444830892,-98.81256677767037
-112.74534693887054,-107.78110850222242,-106.78137095281063,-105.78180544008634,-104.78245618729298,-103.78395319899916,-102.7866921381704,-101.79008125707728,-100.7946873117523,-99.80151298332375,-98.8124915620664
-112.74563373235024,-107.78102662880319,-106.78128991031824,-105.78172858118248,-104.78238260964704,-103.78386786320297,-102.78662531265562,-101.7900274444098,-100.79463987639741,-99.80146174845049,-98.81241667858887
-112.74591910675237,-107.78094533829878,-106.78120940794261,-105.78165218156435,-104.78230938791914,-103.78378321402927,-102.7865589858592,-101.78997398778819,-100.79459270034685,-99.80141073989668,-98.81234212295345
-112.74620307768448,-107.78086463006395,-106.78112944582108,-105.78157624296061,-104.78223652689881,-103.7836992399997,-102.78649314932302,-101.7899208810692,-100.79454577913229,-99.80135995412726,-98.81226789111957
-112.7464856603728,-107.78078450323434,-106.781050023849,-105.78150076680826,-104.78216403095479,-103.7836159302729,-102.78642779507598,-101.78986811848154,-100.79449910857343,-99.80130938784251,-98.81219397927032
-112.7467668696927,-107.78070495675605,-106.78097114171067,-105.78142575428559,-104.7820919040747,-103.78353327459828,-102.78636291559715,-101.7898156945967,-100.79445268475466,-99.80125903795782,-98.81212038379357
-112.74704672018622,-107.78062598940191,-106.78089279889659,-105.78135120633257,-104.7820201498936,-103.78345126326951,-102.78629850378238,-101.7897636043051,-100.7944065040079,-99.80120890159152,-98.81204710127159
-112.74732522608504,-107.78054759979358,-106.78081499472655,-105.78127712367557,-104.78194877172422,-103.78336988708413,-102.78623455291124,-101.78971184278916,-100.79436056289018,-99.80115897604416,-98.81197412846029
-112.74760240132194,-107.78046978641149,-106.78073772836072,-105.78120350684084,-104.78187777257718,-103.7832891373017,-102.7861710566157,-101.78966040549952,-100.79431485816532,-99.80110925878496,-98.81190146227843
-112.74787825955529,-107.7803925476183,-106.7806609988236,-105.78113035618023,-104.78180715519197,-103.78320900561657,-102.78610800885964,-101.78960928813991,-100.79426938679296,-99.801059747443,-98.81182909979856
-112.74815281417811,-107.78031588166633,-106.78058480501265,-105.78105767188148,-104.78173692205237,-103.78312948412126,-102.78604540391007,-101.78955848664467,-100.79422414591004,-99.80101043979073,-98.8117570382318
-112.74842607833578,-107.78023978671399,-106.78050914571507,-105.7809854539869,-104.78166707541,-103.78305056528232,-102.78598323631884,-101.78950799716436,-100.79417913282009,-99.80096133373664,-98.8116852749216
-112.74869806493338,-107.780164260832,-106.78043401961504,-105.78091370240179,-104.78159761729727,-103.7829722419097,-102.78592150089906,-101.78945781604801,-100.79413434497906,-99.80091242731254,-98.81161380733124
-112.74896878665557,-107.78008930202115,-106.78035942531183,-105.78084241691428,-104.78152854955117,-103.78289450714041,-102.78586019271313,-101.78940793983429,-100.79408977998878,-99.80086371866872,-98.81154263303975
-112.74923825596875,-107.78001490821357,-106.78028536132187,-105.78077159719855,-104.78145987382061,-103.78281735440947,-102.7857993070496,-101.78935836523287,-100.79404543558235,-99.80081520606225,-98.81147174973133
-112.74527885168854,-107.77555376344937,-106.77572705360443,-105.77603538793363,-104.77636445466808,-103.77677103088311,-102.77710162899616,-101.77684410801366,-100.77581058662562,-99.77362557680917,-98.76952969256344,-98.26645077949496
-112.7455382364649,-107.77547408861662,-106.77564842777585,-105.77596134524275,-104.77629576447357,-103.77670946092087,-102.77706386509023,-101.77682946376538,-100.77582063600731,-99.77366554435608,-98.76961166520366,-98.25266725035308
-112.74579538917794,-107.77539424497355,-106.77556975586522,-105.77588743997205,-104.7762275689853,-103.77664927630515,-102.77703065702707,-101.77682422852327,-100.77584805703314,-99.77373671494541,-98.76975029301752,-98.23895825694832
-112.74605714722827,-107.77532100017574,-106.7754977873646,-105.77582041997665,-104.77616663982396,-103.77659732213571,-102.77700912160107,-101.77683562732469,-100.7758995432785,-99.77384355071608,-98.76994358889743,-98.2253201032996
-112.74632361926909,-107.77525441973259,-106.7754325732688,-105.7757603173526,-104.77611298062963,-103.77655352832386,-102.77699910776794,-101.77686341527355,-100.77597471719433,-99.7739854522018,-98.77019053895077,-98.2117524044586
-112.74659482020245,-107.7751944974936,-106.77537410347803,-105.77570711530335,-104.77606656064634,-103.77651781318382,-102.77700047866377,-101.77690737254908,-100.776073225515,-99.77416183807739,-98.77049014498267,-98.19825477860238
-112.74687076408735,-107.77514122686891,-106.77532236754844,-105.77566079672349,-104.77602734885251,-103.7764900966063,-102.77701309707784,-101.77696727767903,-100.77619471358135,-99.7743721290613,-98.77084142133519,-98.18482684779062
-112.74715146496038,-107.77509460152665,-106.7752773553661,-105.77562134495182,-104.77599531498971,-103.77647030171069,-102.77703682904435,-101.77704291291249,-100.77633883183533,-99.77461575415754,-98.77124339772688,-98.17146823938076
-112.74743693672191,-107.77505461519898,-106.77523905692044,-105.77558874352164,-104.7759704293031,-103.7764583544678,-102.77707154362153,-101.77713406415852,-100.77650523587799,-99.77489215075295,-98.77169511925507,-98.15817858614813
-112.74772719299978,-107.77502126153199,-106.7752074621494,-105.77556297600316,-104.7759526623816,-103.77645418341558,-102.77711711269109,-101.77724052087058,-100.77669358642129,-99.77520076458728,-98.77219564627146,-98.14495752627961
-112.74802224710243,-107.77499453403455,-106.7751825608876,-105.77554402595237,-104.77594198510376,-103.77645771948016,-102.77717341082551,-101.77736207595503,-100.77690354922106,-99.77554104967092,-98.77274405418876,-98.13180470329391
-112.7483221120052,-107.77497442606351,-106.77516434285207,-105.77553187689676,-104.77593836861827,-103.77646889583424,-102.77724031517046,-101.77749852566826,-100.77713479497073,-99.77591246813769,-98.77333943320863,-98.11871976587881
-112.74862680036352,-107.77496093083762,-106.77515279765723,-105.77552651235169,-104.77594178435609,-103.77648764779603,-102.77731770536533,-101.77764966954928,-100.77738699922887,-99.77631449013242,-98.77398088808766,-98.10570236776465
-112.74893632452304,-107.77495404144736,-106.77514791482564,-105.77552791583135,-104.77595220403626,-103.77651391272863,-102.77740546345892,-101.7778153103411,-100.77765984232883,-99.77674659367463,-98.7746675378772,-98.09275216756916
-112.74925069654523,-107.77495375088114,-106.77514968381506,-105.77553607087641,-104.77596959968808,-103.77654762996156,-102.7775034738413,-101.77799525392227,-100.77795300929293,-99.77720826452311,-98.77539851566478,-98.07986882864137
-112.74956992821899,-107.77496005203633,-106.77515809402996,-105.77555096106526,-104.77599394365636,-103.77658874070185,-102.77761162316479,-101.77818930922855,-100.77826618973859,-99.7776989960345,-98.77617296831347,-98.06705201890243
-112.74989403108263,-107.77497293774093,-106.77517313484371,-105.77557257003598,-104.77602520861738,-103.77663718796215,-102.77772980027883,-101.77839728818451,-100.77859907779171,-99.77821828902924,-98.77699005621065,-98.0543014106941
-112.75022301643365,-107.77499240076239,-106.77519479560756,-105.77560088149474,-104.77606336758129,-103.7766929164803,-102.77785789615523,-101.77861900562564,-100.77895137198959,-99.77876565164469,-98.77784895300421,-98.04161668061214
-112.75055689534577,-107.77501843382373,-106.77522306566709,-105.77563587923186,-104.77610839390171,-103.77675587265175,-102.77799580382475,-101.77885427923066,-100.77932277519591,-99.77934059920533,-98.77874884536241,-98.0289975093635
-112.75089567868415,-107.77505102961793,-106.7752579343766,-105.77567754713506,-104.77616026128322,-103.7768260044653,-102.77814341831832,-101.77910292945974,-100.77971299452112,-99.77994265409777,-98.77968893274011,-98.01644358162761
-112.75123937711925,-107.77509018082061,-106.77529939111169,-105.77572586920148,-104.77621894378686,-103.77690326144051,-102.77830063660618,-101.77936477948799,-100.7801217412375,-99.7805713456402,-98.78066842713989,-98.00395458591103
-112.7515880011438,-107.77513588010547,-106.77534742528493,-105.77578082955253,-104.77628441583978,-103.7769875945754,-102.7784673575518,-101.77963965515781,-100.7805487307172,-99.78122620998086,-98.78168655291101,-97.99153021444067
-112.75194156109254,-107.77518812016334,-106.77540202636487,-105.77584241245209,-104.77635665224737,-103.77707895629892,-102.77864348186603,-101.77992738492767,-100.78099368236255,-99.7819067899836,-98.78274254653108,-97.97917016303609
-112.75230006715255,-107.77524689371073,-106.77546318388421,-105.77591060231332,-104.77643562819391,-103.77717730041564,-102.7788289120511,-101.78022779980768,-100.78145631952047,-99.78261263509668,-98.78383565637209,-97.96687413096416
-112.75266352937393,-107.77531219349903,-106.7755308874489,-105.77598538370668,-104.77652131924471,-103.77728258205529,-102.77902355235035,-101.78054073330252,-100.78193636940733,-99.78334330123546,-98.78496514248634,-97.95464182081486
-112.7530319576808,-107.77538401232403,-106.77560512674734,-105.7760667413682,-104.77661370134894,-103.77739475762671,-102.7792273087035,-101.7808660213625,-100.78243356304418,-99.78409835067937,-98.78613027641025,-97.94247293839284
-112.75340536188483,-107.77546234303782,-106.77568589156213,-105.77615466020973,-104.77671275084414,-103.77751378477662,-102.779440088706,-101.78120350233603,-100.78294763519104,-99.78487735196451,-98.78733034096228,-97.93036719260172
-112.75378375169595,-107.77554717855811,-106.77577317177901,-105.77624912532708,-104.77681844445912,-103.777639622349,-102.77966180156766,-101.78155301692226,-100.78347832428288,-99.78567987978066,-98.78856463004989,-97.91832429533723
-112.75416713673374,-107.77563851187783,-106.77586695739623,-105.77635012200798,-104.77693075931654,-103.77777223034741,-102.77989235807536,-101.78191440812802,-100.78402537237055,-99.78650551487577,-98.78983244848695,-97.90634396138923
-112.75455552654334,-107.77573633607967,-106.7759672385388,-105.77645763574542,-104.7770496729413,-103.777911569905,-102.780131670563,-101.78228752123204,-100.7845885250683,-99.78735384396455,-98.79113311181435,-97.89442590834636
-112.75494893060302,-107.7758406443418,-106.77607400546378,-105.77657165224142,-104.77717516325906,-103.77805760324732,-102.78037965287344,-101.78267220374026,-100.78516753149327,-99.78822445963179,-98.7924659461191,-97.88256985649765
-112.75534708420348,-107.77595116961578,-106.7761869946753,-105.77669191075542,-104.77730697056535,-103.77821006824347,-102.78063603203853,-101.78306816730324,-100.78576209375053,-99.78911708144635,-98.79383076208852,-97.8707762519398
-112.75575054404183,-107.77606842479395,-106.77630670323836,-105.77681888938675,-104.77744554824963,-103.77836937865436,-102.78090110095229,-101.78347554126283,-100.78637207357511,-99.79003108224377,-98.79522598088211,-97.85904340899151
-112.75615904644144,-107.77619214439915,-106.77643286940227,-105.77695232938012,-104.77759063900366,-103.77853527594678,-102.78117459013502,-101.78389404032363,-100.78699717516432,-99.79096618190592,-98.79665141063779,-97.84737174380999
-112.75657260072403,-107.77632232208535,-106.77656548404224,-105.77709221735167,-104.77774222238551,-103.77870772642254,-102.78145641915317,-101.78432352051625,-100.78763716109144,-99.79192199557251,-98.79810641787078,-97.83576098652598
-112.75699121618908,-107.77645895163973,-106.776704538202,-105.77723854015798,-104.77790027836289,-103.77888669733437,-102.78174650893587,-101.78476383992235,-100.78829179718063,-99.79289814383314,-98.79959037884028,-97.82421086958004
-112.75741490214317,-107.77660202700847,-106.77685002311831,-105.77739128491795,-104.77806478732913,-103.77907215687469,-102.78204478175776,-101.78521485864731,-100.78896085246046,-99.79389425263962,-98.80110267936783,-97.81272112760429
-112.75749369491182,-107.77663343003574,-106.77687849410246,-105.77741534170323,-104.77808787307482,-103.77909096006844,-102.78198991982536,-101.78517180070813,-100.78892563282159,-99.79386146445178,-98.80106287552364,-97.8126538038755
-112.75757098196368,-107.7766635346857,-106.77690566448486,-105.77743809334085,-104.77810958814409,-103.77910831199915,-102.78193743234887,-101.78513056061405,-100.7888918053987,-99.79382976557481,-98.8010239968401,-97.81258747626936
-112.75764685568912,-107.77669243419598,-106.77693162901697,-105.77745963749604,-104.77813003675195,-103.7791243306545,-102.78188714495917,-101.78509100373728,-100.78885926591701,-99.79379907465247,-98.80098597992637,-97.81252208932608
-112.75772140053193,-107.77672021337952,-106.77695647375191,-105.77748006269333,-104.77814931318079,-103.77913912236508,-102.78183890071176,-101.78505300920683,-100.78882792103451,-99.79376931832962,-98.8009487641454,-97.812457586249
-112.75779469268569,-107.77674694858457,-106.77698027613353,-105.77749944856413,-104.77816750223234,-103.77915278257927,-102.78179255739848,-101.78501646758349,-100.78879768638286,-99.79374043045622,-98.80091229486617,-97.81239391575332
-112.75786680122756,-107.77677270887516,-106.77700310620347,-105.77751786709888,-104.77818468055975,-103.77916539737559,-102.7817479859914,-101.78498127962447,-100.78876848553938,-99.79371235121482,-98.80087652276896,-97.81233103148766
-112.75793778904836,-107.77679755698826,-106.77702502757516,-105.77753538365151,-104.77820091773192,-103.77917704467447,-102.78170506922467,-101.78494735517556,-100.78874024913571,-99.79368502637136,-98.80084140317945,-97.81226889139819
-112.75800771357389,-107.77682155007405,-106.7770460981859,-105.77755205771604,-104.77821627706108,-103.77918779519413,-102.78166370028832,-101.78491461214995,-100.78871291404623,-99.79365840660829,-98.80080689548811,-97.81220745717923
-112.75807662738387,-107.77684474033083,-106.77706637094234,-105.7775679435928,-104.77823081631266,-103.77919771327166,-102.78162378169031,-101.78488297564279,-100.7886864226917,-99.79363244696249,-98.80077296267399,-97.8121466938298
-112.75814457872768,-107.77686717553354,-106.77708589425741,-105.77758309094345,-104.77824458829805,-103.77920685755203,-102.78158522424567,-101.7848523771478,-100.7886607224295,-99.79360710634211,-98.80073957090248,-97.8120865692823
-112.75821161198402,-107.77688889950457,-106.77710471252864,-105.77759754528459,-104.77825764140191,-103.77921528160022,-102.78154794620453,-101.78482275388203,-100.78863576502852,-99.79358234711047,-98.8007066891791,-97.81202705408332
-112.75827776805399,-107.77690995251699,-106.7771228665479,-105.77761134841111,-104.7782700200342,-103.77922303442686,-102.7815118724803,-101.78479404819113,-100.78861150621,-99.79355813472544,-98.80067428905285,-97.81196812112098
-112.75834308471028,-107.77693037165156,-106.77714039386416,-105.7776245387712,-104.77828176503152,-103.77923016095416,-102.78147693397506,-101.78476620702689,-100.78858790524116,-99.79353443741725,-98.80064234434748,-97.81190974537745
-112.75840759690205,-107.77695019111,-106.77715732910184,-105.77763715179529,-104.77829291400822,-103.77923670242389,-102.78144306698614,-101.78473918149194,-100.7885649245867,-99.793511225919,-98.80061083094347,-97.81185190372963
-112.75847133702834,-107.77696944249455,-106.7771737042448,-105.77764922018926,-104.77830350167021,-103.77924269676103,-102.78141021268212,-101.78471292643411,-100.7885425295925,-99.79348847321427,-98.80057972656674,-97.8117945747544
-112.75853433517861,-107.77698815505441,-106.77718954888692,-105.77766077419335,-104.778313560091,-103.77924817889323,-102.7813783166395,-101.78468740009114,-100.78852068821438,-99.79346615432812,-98.80054901061978,-97.81173773857498
-112.75859661934113,-107.77700635589962,-106.77720489044926,-105.77767184180675,-104.77832311895261,-103.77925318103124,-102.78134732842764,-101.78466256376998,-100.78849937076927,-99.79344424613019,-98.80051866401769,-97.81168137670882
-112.7586582155985,-107.77702407020091,-106.77721975438332,-105.77768244899755,-104.77833220576956,-103.77925773292672,-102.78131720124797,-101.78463838157005,-100.78847854972231,-99.79342272716843,-98.80048866905295,-97.81162547194515
-112.75871914829985,-107.77704132136647,-106.77723416435042,-105.77769261988757,-104.77834084608564,-103.779261862099,-102.7812878916086,-101.7846148201326,-100.7884581994947,-99.7934015775196,-98.8004590092721,-97.811570008231
-112.75877944020212,-107.77705813118627,-106.77724814236865,-105.77770237690498,-104.77834906363852,-103.77926559402758,-102.78125935902598,-101.78459184841122,-100.78843829628599,-99.7933807786497,-98.80042966936233,-97.81151497056808
-112.75883911261421,-107.77707451998019,-106.77726170896325,-105.77771174093917,-104.77835688052419,-103.77926895233978,-102.78123156577054,-101.78456943747645,-100.78841881792412,-99.79336031329618,-98.80040063505241,-97.8114603449204
-112.75889818551657,-107.7770905067199,-106.7772748832904,-105.77772073146862,-104.77836431733385,-103.77927195896905,-102.78120447662943,-101.78454756033203,-100.78839974372322,-99.79334016535704,-98.80037189302392,-97.81140611813436
-112.75895667767385,-107.77710610914471,-106.77728768325505,-105.77772936668272,-104.778371393284,-103.7792746343044,-102.78117805870117,-101.78452619175926,-100.78838105436506,-99.79332031979882,-98.80034343083496,-97.811352277868
-112.75901460672804,-107.77712134385652,-106.77730012560735,-105.7777376635813,-104.77837812632296,-103.77927699731367,-102.78115228119852,-101.78450530816295,-100.78836273177902,-99.79330076256171,-98.80031523684207,-97.81129881251965
-112.75907198929298,-107.77713622641691,-106.77731222604135,-105.77774563807681,-104.7783845332399,-103.77927906566765,-102.78112711528418,-101.78448488744712,-100.78834475904779,-99.79328148048643,-98.80028730014068,-97.81124571117338
-112.75912884103015,-107.7771507714246,-106.77732399927363,-105.77775330507525,-104.77839062975157,-103.77928085584094,-102.78110253391115,-101.78446490889093,-100.78832712031088,-99.79326246123904,-98.80025961050328,-97.81119296354159
-112.7591851767251,-107.7771649925935,-106.77733545912285,-105.77776067855852,-104.7783964305901,-103.77928238321148,-102.7810785116856,-101.78444535304399,-100.78830980068466,-99.7932436932474,-98.80023215832723,-97.81114055991834
-112.75924101035605,-107.77717890282291,-106.77734661858057,-105.77776777165727,-104.7784019495804,-103.7792836621489,-102.78105502474115,-101.78442620162892,-100.78829278618664,-99.7932251656429,-98.80020493458665,-97.81108849113389
-112.7592963551504,-107.77719251425565,-106.77735748987084,-105.77777459671277,-104.77840719970696,-103.77928470609167,-102.78103205062239,-101.78440743745305,-100.78827606366877,-99.79320686820846,-98.80017793079051,-97.81103674851705
-112.7593512236375,-107.77720583833165,-106.77736808450452,-105.77778116533297,-104.77841219317354,-103.77928552761522,-102.78100956817578,-101.7843890443234,-100.78825962075099,-99.79318879132593,-98.80015113893924,-97.81098532385526
-112.75940562770582,-107.77721888584658,-106.77737841333861,-105.77778748845343,-104.77841694146784,-103.77928613850474,-102.78098755746149,-101.78437100697917,-100.78824344576918,-99.79317092593533,-98.80012455149058,-97.81093420936267
-112.75945957864359,-107.77723166699342,-106.77738848661876,-105.77779357638143,-104.77842145540893,-103.77928654980981,-102.78096599966128,-101.7843533110211,-100.78822752772157,-99.79315326349433,-98.80009816132811,-97.8108833976524
-112.75951308717916,-107.77724419140355,-106.77739831402091,-105.7777994388393,-104.77842574519389,-103.77928677189803,-102.78094487699852,-101.78433594285029,-100.7882118562213,-99.79313579593898,-98.80007196172608,-97.8108328817023
-112.75956616352444,-107.77725646819135,-106.77740790469656,-105.7778050850103,-104.77842982044596,-103.77928681450814,-102.78092417266782,-101.78431888961352,-100.78819642145432,-99.79311851565313,-98.8000459463281,-97.81078265483791
-112.75961881740604,-107.7772685059858,-106.77741726730497,-105.77781052357277,-104.77843369025156,-103.77928668679311,-102.7809038707663,-101.78430213915017,-100.78818121413829,-99.79310141543445,-98.80002010911562,-97.81073271070075
-112.7596710580998,-107.77728031296603,-106.77742641004927,-105.77781576273672,-104.77843736319942,-103.77928639736398,-102.78088395623469,-101.78428567994851,-100.78816622548966,-99.79308448847002,-98.79999444439102,-97.81068304323517
-112.75972289445566,-107.77729189688624,-106.77743534070177,-105.77782081027047,-104.77844084740882,-103.77928595432239,-102.7808644147951,-101.78426950109609,-100.78815144718507,-99.79306772830529,-98.79996894674989,-97.81063364666129
-112.75977433493293,-107.77730326511215,-106.77744406664077,-105.777825673538,-104.77844415056916,-103.77928536530392,-102.78084523290704,-101.78425359224676,-100.78813687133585,-99.79305112882467,-98.79994361106624,-97.81058451546211
-112.75982538761791,-107.77731442463869,-106.77745259486896,-105.77783035951866,-104.7784472799617,-103.77928463750368,-102.78082639771367,-101.78423794357903,-100.788122490456,-99.79303468422643,-98.79991843247178,-97.81053564436397
-112.75987606024864,-107.7773253821155,-106.777460932039,-105.77783487483308,-104.77845024248691,-103.77928377770716,-102.78080789699885,-101.78422254576353,-100.78810829743739,-99.79301838900261,-98.79989340633885,-97.8104870283213
-112.75992636023939,-107.77733614387155,-106.77746908447857,-105.77783922576918,-104.77845304469189,-103.77928279231999,-102.78078971914871,-101.78420738993303,-100.78809428552677,-99.79300223792265,-98.79986852826815,-97.81043866250513
-112.75997629469991,-107.77734671593514,-106.77747705821074,-105.77784341830292,-104.77845569279275,-103.77928168739356,-102.78077185311462,-101.78419246765444,-100.78808044830384,-99.79298622601475,-98.79984379407236,-97.81039054228762
-112.76002587044808,-107.77735710404629,-106.77748485896672,-105.77784745811198,-104.77845819268943,-103.77928046864211,-102.78075428837248,-101.78417777089685,-100.78806677965736,-99.79297034854807,-98.7998191997623,-97.81034266323036
-112.76007509403253,-107.77736731368046,-106.77749249220965,-105.77785135059985,-104.77846054999138,-103.7792791414707,-102.78073701489694,-101.78416329201248,-100.78805327376958,-99.79295460102013,-98.79979474153618,-97.81029502107316
-112.7601239717483,-107.77737735006383,-106.77749996315023,-105.7778551009119,-104.77846277003404,-103.77927771099337,-102.78072002312939,-101.78414902371104,-100.788039925097,-99.79293897914151,-98.79977041576657,-97.81024761172262
-112.76017250964574,-107.77738721818267,-106.77750727675637,-105.77785871394583,-104.77846485789111,-103.77927618204824,-102.78070330394839,-101.78413495903851,-100.78802672835418,-99.79292347882452,-98.79974621899275,-97.81020043124526
-112.7602207135538,-107.777396922807,-106.77751443777697,-105.77786219437546,-104.77846681839851,-103.77927455922169,-102.78068684864901,-101.78412109136009,-100.788013678501,-99.79290809617198,-98.7997221479098,-97.81015347585725
-112.76026858908041,-107.77740646849102,-106.77752145074273,-105.77786554665227,-104.77846865615761,-103.7792728468545,-102.78067064891117,-101.7841074143358,-100.78800077072228,-99.79289282746124,-98.79969819935603,-97.81010674191252
-112.76031614163638,-107.77741585959711,-106.77752831999004,-105.77786877502946,-104.77847037555946,-103.77927104906665,-102.78065469678631,-101.78409392191097,-100.78798800042222,-99.792877669141,-98.79967437031134,-97.81006022590192
-112.7603633764343,-107.77742510029515,-106.77753504966077,-105.77787188356224,-104.77847198078628,-103.77926916976067,-102.7806389846676,-101.78408060829305,-100.78797536320603,-99.79286261781587,-98.79965065788274,-97.81001392443898
-112.76041029851265,-107.77743419458639,-106.7775416437261,-105.77787487613165,-104.77847347583548,-103.77926721264598,-102.78062350528056,-101.78406746794455,-100.78796285487446,-99.79284767024278,-98.79962705930323,-97.80996783425954
-112.76045691273015,-107.77744314629854,-106.77754810598186,-105.77787775644065,-104.77847486451715,-103.77926518123844,-102.7806082516546,-101.78405449556054,-100.78795047140622,-99.7928328233169,-98.7996035719193,-97.8099219522102
-112.76050322378613,-107.7774519591055,-106.77755444006833,-105.7778805280338,-104.77847615047367,-103.77926307888035,-102.78059321711412,-101.78404168606266,-100.78793820895348,-99.792818074068,-98.79958019318742,-97.80987627524378
-112.76054923622418,-107.77746063653173,-106.77756064947486,-105.77788319430245,-104.7784773371859,-103.77926090874756,-102.78057839526004,-101.78402903458431,-100.78792606383088,-99.79280341965249,-98.79955692066936,-97.80983080041742
-112.76059495443974,-107.77746918195962,-106.77756673754713,-105.77788575849179,-104.77847842798042,-103.77925867385753,-102.78056377995348,-101.78401653645837,-100.78791403250582,-99.79278885734509,-98.79953375202328,-97.80978552488192
-112.76064038268929,-107.77747759863888,-106.77757270749696,-105.77788822371141,-104.77847942604095,-103.77925637708167,-102.78054936530559,-101.78400418720958,-100.78790211159262,-99.792774384535,-98.79951068500169,-97.80974044588073
-112.76068552509493,-107.77748588969108,-106.77757856240666,-105.7778905929395,-104.77848033441276,-103.77925402115027,-102.78053514566106,-101.78399198254087,-100.78789029784117,-99.79275999871585,-98.79948771744289,-97.80969556074241
-112.76073038565134,-107.77749405811676,-106.7775843052364,-105.7778928690304,-104.77848115601077,-103.77925160866118,-102.78052111558736,-101.78397991832712,-100.7878785881347,-99.79274569748625,-98.79946484727238,-97.80965086688171
-112.76077496823432,-107.77750210680408,-106.77758993883303,-105.77789505472381,-104.77848189362913,-103.77924914209,-102.78050726986562,-101.78396799060603,-100.78786697947966,-99.79273147853922,-98.79944207249274,-97.80960636178995
-112.76081927660377,-107.77751003853156,-106.77759546593258,-105.77789715264726,-104.77848254994396,-103.77924662379324,-102.78049360347673,-101.78395619556791,-100.78785546899901,-99.79271733965822,-98.79941939118073,-97.80956204303203
-112.76086331440897,-107.7775178559738,-106.7776008891665,-105.77789916532258,-104.7784831275204,-103.77924405601614,-102.78048011159336,-101.78394452955168,-100.78784405393128,-99.79270327871778,-98.79939680148912,-97.80951790824896
-112.76090708519197,-107.77752556170458,-106.77760621106438,-105.77790109516874,-104.77848362881574,-103.77924144089577,-102.78046678956667,-101.78393298903094,-100.78783273161548,-99.79268929366788,-98.79937430163152,-97.8094739551428
-112.76095059239967,-107.77753315820905,-106.77761143406664,-105.77790294451466,-104.77848405619221,-103.77923878047447,-102.78045363292576,-101.78392157061677,-100.7878214994977,-99.79267538254412,-98.79935188989349,-97.80943018148804
-112.76099383938013,-107.7775406478802,-106.77761656052073,-105.77790471559561,-104.77848441191416,-103.77923607669717,-102.78044063736137,-101.78391027104361,-100.78781035511713,-99.79266154345231,-98.79932956461717,-97.80938658511587
-112.7610368293891,-107.77754803302516,-106.77762159268765,-105.77790641055962,-104.77848469815441,-103.77923333141847,-102.78042779872045,-101.78389908716562,-100.78779929610543,-99.79264777457144,-98.7993073242066,-97.80934316392111
-112.76107956559778,-107.77755531587326,-106.77762653275009,-105.77790803147599,-104.77848491700308,-103.77923054641111,-102.7804151130021,-101.78388801595322,-100.78778832018203,-99.7926340741471,-98.79928516711907,-97.80929991585162
-112.76112205108898,-107.77756249857171,-106.77763138280801,-105.77790958033087,-104.7784850704636,-103.779227723363,-102.78040257634382,-101.78387705448294,-100.78777742514836,-99.79262044048946,-98.7992630918663,-97.80925683891161
-112.76116428887087,-107.77756958320006,-106.77763614489335,-105.7779110590419,-104.77848516046708,-103.7792248638909,-102.78039018502378,-101.78386619993867,-100.78776660888713,-99.79260687197096,-98.79924109701072,-97.80921393115678
-112.76120628186486,-107.77757657175732,-106.77764082095703,-105.7779124694457,-104.77848518886094,-103.77922196953044,-102.78037793544205,-101.78385544959792,-100.78775586935296,-99.79259336702025,-98.79921918116221,-97.80917119069237
-112.76124803293278,-107.77758346618968,-106.77764541289682,-105.77791381332516,-104.77848515743509,-103.77921904176095,-102.78036582413385,-101.78384480084122,-100.7877452045787,-99.79257992412586,-98.79919734297876,-97.80912861567201
-112.7612895448511,-107.77759026836456,-106.7776499225313,-105.77791509238426,-104.77848506789825,-103.77921608198358,-102.78035384774113,-101.78383425113071,-100.78773461265999,-99.79256654182564,-98.7991755811602,-97.80908620429419
-112.76133082033625,-107.77759698009567,-106.77765435162524,-105.77791630827286,-104.77848492190202,-103.77921309154442,-102.78034200302555,-101.7838237980208,-100.78772409176258,-99.79255321871109,-98.79915389445021,-97.80904395480219
-112.76140013681574,-107.77763244196747,-106.77769019959725,-105.77794924939336,-104.77851341832798,-103.77924045063062,-102.78036426425989,-101.78375791815188,-100.7876695442855,-99.79250417260843,-98.79910179024303,-97.80897334565908
-112.76146792251346,-107.77766648894182,-106.77772461526047,-105.77798075022109,-104.77854046110922,-103.77926627691568,-102.78038489701484,-101.78369500020787,-100.78761732169,-99.79245699403651,-98.79905128476034,-97.8089043138723
-112.76153427777751,-107.77769922259888,-106.77775770138476,-105.77801091539432,-104.77856615844642,-103.7792906864077,-102.78040403369579,-101.78363482526231,-100.78756725196378,-99.79241154517028,-98.79900226190657,-97.8088367509821
-112.76159929305915,-107.77773073443083,-106.7777895505418,-105.77803983916006,-104.77859060776746,-103.7793137835472,-102.78042179321434,-101.78357719592775,-100.78751918003762,-99.79236770175643,-98.79895461699815,-97.80877055913251
-112.76166305023938,-107.7777611071811,-106.77782024645302,-105.77806760674058,-104.77861389713395,-103.77933566269981,-102.78043828270947,-101.78352193376614,-100.78747296571962,-99.79232535144989,-98.79890825536333,-97.80870564977027
-112.76172562364677,-107.77779041588357,-106.77784986504021,-105.77809429540496,-104.77863610635426,-103.77935640935442,-102.78045359896063,-101.783468877065,-100.78742848195712,-99.792284392431,-98.7988630911863,-97.80864194257458
-112.76178708092803,-107.77781872875161,-106.7778784753251,-105.77811997538612,-104.77865730793502,-103.77937610114698,-102.78046782959457,-101.78341787890741,-100.78738561332163,-99.79224473219328,-98.79881904648875,-97.80857936451143
-112.76184748379073,-107.77784610793769,-106.77790614019786,-105.77814471066552,-104.77867756789755,-103.77939480874089,-102.78048105412503,-101.78336880550499,-100.7873442547031,-99.79220628650172,-98.79877605025705,-97.80851784902423
-112.76190688866616,-107.77787261021004,-106.7779329171015,-105.77816855967038,-104.77869694650047,-103.77941259660302,-102.78049334486383,-101.78332153475576,-100.78730431017605,-99.79216897848254,-98.7987340376743,-97.80845733531946
-112.7619653472711,-107.77789828752704,-106.77795885861309,-105.77819157586691,-104.77871549885657,-103.77942952366867,-102.7805047677048,-101.78327595498403,-100.78726569201099,-99.79213273783336,-98.79869294945827,-97.80839776775255
-112.76202290710629,-107.77792318754636,-106.77798401295883,-105.77821380828556,-104.77873327547765,-103.77944564392746,-102.78051538281159,-101.78323196384189,-100.78722831981057,-99.79209750013007,-98.79865273127683,-97.80833909528428
-112.76207961189009,-107.77794735406805,-106.7780084244622,-105.77823530197792,-104.7787503227492,-103.77946100693389,-102.78052524521769,-101.783189467346,-100.7871921197526,-99.79206320621944,-98.79861333323618,-97.8082812710048
-112.76213550193953,-107.77797082742381,-106.77803213393786,-105.77825609841871,-104.77876668334767,-103.7794756582567,-102.78053440535375,-101.78314837903238,-100.78715702392584,-99.79202980168797,-98.7985747094345,-97.80822425171931
-112.76219061450558,-107.77799364481949,-106.7780551790381,-105.77827623585873,-104.77878239660677,-103.77948963987278,-102.78054290950988,-101.78310861921081,-100.78712296974457,-99.79199723639239,-98.7985368175671,-97.80816799758082
-112.76224498406985,-107.77801584063832,-106.77807759455955,-105.77829574963795,-104.77879749884275,-103.77950299051723,-102.78055080024573,-101.78307011430745,-100.78708989943026,-99.79196546404256,-98.79849961857308,-97.8081124717614
-112.76229864260297,-107.77803744670467,-106.77809941271013,-105.77831467245791,-104.77881202363744,-103.77951574598836,-102.78055811674824,-101.78303279627953,-100.78705775955295,-99.79193444183552,-98.79846307632972,-97.80805764016893
-112.76235161980905,-107.77805849253379,-106.77812066336145,-105.77833303463851,-104.77882600210378,-103.77952793943209,-102.78056489516221,-101.78299660210705,-100.78702650063099,-99.79190413013387,-98.79842715738005,-97.80800347119282
-112.76240394331595,-107.77807900552641,-106.77814137424606,-105.77835086431979,-104.77883946309663,-103.77953960157032,-102.78057116886043,-101.78296147331969,-100.78699607675833,-99.79187449216613,-98.79839183068036,-97.80794993546984
-112.76245563887463,-107.77809901117205,-106.77816157116271,-105.7783681876709,-104.7788524334287,-103.77955076093198,-102.7805769687106,-101.78292735559917,-100.78696644529346,-99.79184549377857,-98.79835706739196,-97.80789700569025
-112.76250673051604,-107.77811853320931,-106.7781812781388,-105.7783850290559,-104.77886493804316,-103.77956144403953,-102.78058232329454,-101.78289419840613,-100.78693756656494,-99.79181710319848,-98.79832284068198,-97.80784465641331
-112.76255724070296,-107.77813759378121,-106.77820051758736,-105.77840141119374,-104.77887700017943,-103.7795716755866,-102.78058725911399,-101.78286195465485,-100.7869094036156,-99.79178929082886,-98.79828912554963,-97.80779286390488
-112.76260719045997,-107.77815621356754,-106.77821931044097,-105.77841735529493,-104.77888864151517,-103.7795814785913,-102.78059180077,-101.78283058041733,-100.78688192197063,-99.79176202906262,-98.79825589866988,-97.80774160599232
-112.76265659949205,-107.77817441190638,-106.77823767627486,-105.77843288118713,-104.77889988229666,-103.77959087453648,-102.78059597112599,-101.78280003465919,-100.78685508942948,-99.791735292116,-98.79822313825386,-97.80769086193509
-112.76270548629337,-107.77819220690489,-106.77825563341871,-105.77844800742899,-104.77891074145697,-103.77959988349642,-102.78059979145422,-101.78277027899996,-100.78682887587632,-99.79170905587532,-98.79819082391833,-97.80764061230248
-112.76275386824824,-107.77820961554238,-106.77827319906113,-105.7784627514167,-104.7789212367262,-103.77960852425538,-102.78060328157298,-101.78274127750443,-100.78680325311832,-99.79168329776927,-98.79815893658022,-97.80759083887703
-112.76280176171116,-107.77822665375247,-106.77829038933267,-105.77847712946881,-104.77893138471991,-103.7796168144031,-102.78060645995846,-101.78271299648044,-100.78677819472503,-99.79165799663888,-98.7981274583452,-97.80754152454918
-112.76284918208866,-107.77824333650607,-106.77830721938987,-105.77849115691181,-104.77894120102799,-103.77962477043033,-102.78060934385461,-101.78268540430489,-100.78675367589159,-99.79163313262774,-98.79809637241654,-97.80749265323392
-112.76289614391928,-107.77825967789336,-106.778323703498,-105.77850484816437,-104.77895070030122,-103.77963240782115,-102.7806119493786,-101.78265847127153,-100.78672967331951,-99.79160868708665,-98.79806566301352,-97.80744420979414
-112.76294266092579,-107.77827569117719,-106.77833985508542,-105.77851821679307,-104.7789598963103,-103.77963974111746,-102.78061429159727,-101.78263216943482,-100.78670616509403,-99.79158464247543,-98.79803531529002,-97.80739617996508
-112.76298874608618,-107.7782913888652,-106.77835568681607,-105.77853127558609,-104.77896880202124,-103.77964678399913,-102.78061638461773,-101.78260647248715,-100.78668313058733,-99.79156098228535,-98.79800531526833,-97.80734855029282
-112.76303441167693,-107.77830678275434,-106.77837121063497,-105.77854403659975,-104.77897742964467,-103.77965354933819,-102.7806182416515,-101.78258135563051,-100.78666055035725,-99.79153769095745,-98.79797564977116,-97.80730130807135
-112.76307966933524,-107.77832188399421,-106.77838643783204,-105.77855651122337,-104.77898579070197,-103.77966004926833,-102.78061987509194,-101.78255679547661,-100.78663840607,-99.79151475382142,-98.79794630636911,-97.8072544412931
-112.7631245300945,-107.77833670312314,-106.77840137907867,-105.77856871021672,-104.778993896065,-103.77966629522892,-102.78062129656671,-101.78253276993891,-100.78661668041364,-99.79149215702489,-98.79791727332193,-97.8072079385947
-112.76316900442889,-107.7783512501141,-106.77841604447408,-105.77858064375741,-104.779001756005,-103.77967229801693,-102.78062251699643,-101.7825092581436,-100.78659535702924,-99.79146988747952,-98.79788853953286,-97.80716178921452
-112.76321310229143,-107.77836553441301,-106.77843044358433,-105.77859232148028,-104.77900938023323,-103.7796780678308,-102.78062354664499,-101.78248624034559,-100.78657442044481,-99.79144793280759,-98.79786009450378,-97.80711598295076
-112.76325683315109,-107.77837956497693,-106.7784445854806,-105.7786037525167,-104.77901677794188,-103.77968361431411,-102.78062439516874,-101.7824636978531,-100.78655385601505,-99.79142628129308,-98.79783192829328,-97.8070705101224
-112.76330020602315,-107.77839335030497,-106.77845847877069,-105.77861494552671,-104.77902395783725,-103.77968894659142,-102.780625071658,-101.78244161295652,-100.78653364986698,-99.79140492183939,-98.79780403148271,-97.80702536153811
-112.76334322949131,-107.77840689846093,-106.77847213162198,-105.77862590872242,-104.77903092816466,-103.77969407329572,-102.78062558466901,-101.78241996885592,-100.78651378884103,-99.79138384392076,-98.79777639513345,-97.80698052845591
-112.76338591175173,-107.77842021711788,-106.77848555180631,-105.7786366499135,-104.77903769675444,-103.77969900261614,-102.78062594227573,-101.78239874961626,-100.78649426045808,-99.7913630375568,-98.79774901076642,-97.80693600256414
-112.76342826062447,-107.77843331357012,-106.77849874671222,-105.77864717651983,-104.7790442710359,-103.7797037423143,-102.78062615209033,-101.78237794009975,-100.78647505286443,-99.79134249326817,-98.7977218703251,-97.80689177594778
-112.76347028357446,-107.77844619475468,-106.77851172336676,-105.77865749559406,-104.7790506580608,-103.77970829974973,-102.78062622129227,-101.78235752591405,-100.7864561547913,-99.79132220204292,-98.79769496614546,-97.80684784105912
-112.76351198774888,-107.77845886728899,-106.77852448847342,-105.77866761385957,-104.77905686454183,-103.77971268191973,-102.78062615667099,-101.78233749337838,-100.7864375555296,-99.7913021553186,-98.79766829094348,-97.80680419070774
-112.76355337997883,-107.7784713374729,-106.77853704841434,-105.7786775377134,-104.77906289685673,-103.77971689546536,-102.78062596463519,-101.78231782946435,-100.78641924488188,-99.79128234494169,-98.79764183777878,-97.80676081802555
-112.76359446681163,-107.77848361132149,-106.77854940928341,-105.77868727325956,-104.77906876108172,-103.77972094670601,-102.78062565124976,-101.78229852176761,-100.78640121314082,-99.79126276315137,-98.79761560004212,-97.8067177164552
-112.76363525451592,-107.7784956945705,-106.77856157689187,-105.77869682631498,-104.77907446299872,-103.77972484164842,-102.78062522224761,-101.78227955846103,-100.78638345105203,-99.79124340254913,-98.79758957142896,-97.80667487972589
-112.76367574910854,-107.77850759270319,-106.77857355679531,-105.77870620243677,-104.7790800081226,-103.77972858601463,-102.78062468305923,-101.78226092826792,-100.78636594979346,-99.79122425608311,-98.79756374592782,-97.80663230184271
-112.76371595636107,-107.77851931095745,-106.778585354301,-105.77871540692998,-104.77908540170996,-103.77973218525241,-102.78062403882583,-101.78224262042485,-100.78634870094585,-99.79120531702324,-98.79753811779726,-97.80658997706433
-112.76375588181781,-107.7785308543442,-106.77859697448652,-105.77872444486641,-104.77909064877815,-103.77973564455507,-102.78062329442031,-101.78222462465412,-100.786331696471,-99.7911865789448,-98.7975126815533,-97.80654789989192
-112.76379553080852,-107.7785422276597,-106.7786084222121,-105.77873332109714,-104.77909575411837,-103.77973896887562,-102.78062245446354,-101.78220693113651,-100.78631492869104,-99.7911680357118,-98.79748743195607,-97.80650606505705
-112.76383490845564,-107.77855343549363,-106.7786197021289,-105.77874204026128,-104.77910072230497,-103.77974216293707,-102.78062152333618,-101.78218953048167,-100.78629839026436,-99.7911496814571,-98.79746236399167,-97.80646446750409
-112.763874019689,-107.77856448224378,-106.77863081869388,-105.77875060680059,-104.77910555771014,-103.77974523124787,-102.78062050519513,-101.78217241370605,-100.78628207416811,-99.79113151056796,-98.79743747285994,-97.80642310237872
-112.76391286926015,-107.77857537213043,-106.77864177618416,-105.77875902497455,-104.77911026451966,-103.77974817811837,-102.78061940399128,-101.78215557221468,-100.78626597368492,-99.79111351767712,-98.79741275396867,-97.80638196502356
-112.76395146174038,-107.7785861091946,-106.77865257869558,-105.77876729885888,-104.77911484673173,-103.77975100766085,-102.78061822347156,-101.78213899777096,-100.78625008237852,-99.7910956976416,-98.7973882029138,-97.80634105095838
-112.76398980154521,-107.77859669732295,-106.77866323016755,-105.77877543237042,-104.77911930818189,-103.77975372381431,-102.78061696720326,-101.7821226824884,-100.7862343940873,-99.79107804553858,-98.79736381547735,-97.80630035587922
-112.76402789292649,-107.77860714023952,-106.77867373437496,-105.77878342925952,-104.77912365253628,-103.7797563303394,-102.78061563857139,-101.78210661880009,-100.78621890289996,-99.79106055664498,-98.79733958760944,-97.80625987564135
-112.76406573999262,-107.77861744152648,-106.77868409494904,-105.77879129313081,-104.77912788331194,-103.77975883083839,-102.7806142407985,-101.78209079945071,-100.78620360315023,-99.79104322643435,-98.79731551542606,-97.8062196062568
-112.76410334671128,-107.7786276046269,-106.77869431538016,-105.77879902744617,-104.77913200388059,-103.77976122876002,-102.78061277695076,-101.78207521747728,-100.78618848940019,-99.79102605056194,-98.79729159519599,-97.80617954388259
-112.76414071691464,-107.77863763284998,-106.77870439902318,-105.77880663553027,-104.77913601747431,-103.77976352740566,-102.78061124994481,-101.78205986619254,-100.7861735564294,-99.79100902485823,-98.79726782333637,-97.80613968481647
-112.7641778543115,-107.7786475293832,-106.77871434910973,-105.77881412058295,-104.7791399271979,-103.77976572994199,-102.78060966256099,-101.78204473917513,-100.7861587992248,-99.79099214531821,-98.79724419640235,-97.80610002548714
-112.76421476248564,-107.77865729729112,-106.77872416874692,-105.77882148567815,-104.77914373602842,-103.77976783940112,-102.78060801744417,-101.78202983025045,-100.7861442129672,-99.79097540809266,-98.79722071108074,-97.80606056244845
-112.76425144490986,-107.77866693952915,-106.77873386093144,-105.77882873377781,-104.77914744682876,-103.77976985869451,-102.780606317118,-101.78201513348453,-100.78612979302646,-99.79095880948346,-98.79719736418589,-97.8060212923758
-112.76428790494197,-107.77867645893971,-106.77874342854552,-105.77883586772838,-104.7791510623449,-103.77977179061088,-102.78060456398366,-101.7820006431649,-100.78611553494561,-99.79094234593084,-98.7971741526489,-97.80598221205571
-112.76432414583859,-107.77868585826612,-106.77875287437098,-105.77884289027455,-104.7791545852194,-103.77977363782963,-102.7806027603335,-101.78198635379651,-100.78610143443825,-99.79092601401132,-98.79715107351498,-97.80594331838303
-112.76436017075658,-107.77869514015421,-106.77876220109104,-105.77884980406124,-104.77915801799357,-103.77977540292363,-102.7806009083539,-101.78197226008821,-100.78608748737712,-99.79090981042806,-98.79712812393686,-97.80590460835556
-112.76439598275671,-107.7787043071558,-106.7787714112936,-105.77885661163728,-104.77916136311167,-103.77977708836386,-102.78059901013106,-101.7819583569439,-100.78607368978938,-99.79089373200907,-98.79710530117275,-97.80586607907203
-112.76443158480933,-107.77871336173473,-106.77878050747752,-105.77886331546136,-104.77916462292646,-103.77977869652501,-102.78059706765626,-101.78194463945268,-100.78606003784594,-99.79087777569602,-98.7970826025764,-97.80582772772229
-112.76446697979563,-107.77872230626782,-106.77878949205353,-105.77886991790321,-104.77916779970091,-103.77978022968757,-102.78059508282841,-101.78193110287815,-100.78604652785468,-99.7908619385401,-98.79706002559374,-97.80578955158434
-112.76450217051641,-107.77873114305403,-106.7787983673535,-105.77887642125287,-104.77917089561738,-103.77978169004737,-102.78059305746412,-101.78191774265575,-100.78603315625874,-99.79084621770153,-98.79703756776337,-97.80575154802519
-112.76453715969112,-107.77873987431323,-106.77880713562917,-105.77888282771961,-104.77917391277687,-103.77978307971509,-102.78059099329711,-101.78190455437996,-100.78601991962518,-99.79083061043826,-98.79701522670568,-97.80571371449022
-112.76457194996057,-107.77874850218927,-106.77881579905542,-105.7788891394352,-104.77917685320212,-103.77978440071935,-102.7805888919818,-101.78189153379654,-100.78600681463965,-99.79081511410378,-98.79699300012196,-97.80567604850262
-112.76460654389771,-107.77875702876038,-106.77882435974043,-105.77889535846381,-104.77917971884764,-103.77978565501726,-102.78058675510358,-101.78187867680191,-100.78599383810578,-99.79079972614525,-98.7969708857924,-97.80563854766118
-112.76464094400401,-107.7787654560361,-106.77883281972291,-105.7789014867999,-104.77918251159795,-103.7797868444926,-102.7805845841778,-101.7818659794323,-100.78598098693713,-99.79078444409838,-98.79694888157235,-97.80560120963739
-112.76468114042775,-107.7788063475099,-106.77887392831288,-105.77894294578684,-104.77922099658983,-103.77982072044496,-102.78061693553938,-101.78189190420511,-100.78589972464381,-99.79071257639289,-98.79687778065596,-97.80551757590754
-112.76471982554511,-107.77884570152281,-106.77891348490743,-105.77898283125711,-104.77925789446097,-103.77985298768382,-102.78064758735671,-101.78191602792091,-100.78582229340304,-99.79064385315904,-98.79680940548347,-97.80543656376425
-112.76475710822609,-107.77888362882125,-106.77895160132105,-105.77902125660471,-104.77929332101621,-103.77988376642239,-102.78067666908323,-101.78193849899462,-100.78574840707891,-99.79057804001941,-98.79674355443431,-97.8053579834088
-112.76479308649452,-107.7789202291278,-106.77898837824245,-105.77905832394552,-104.77932738053029,-103.77991316486975,-102.78070429721227,-101.78195945061267,-100.78567780797479,-99.7905149259255,-98.79668004596263,-97.80528166391413
-112.76482784893865,-107.77895559256672,-106.77902390666958,-105.77909412556804,-104.77936016722711,-103.77994128076487,-102.78073057692099,-101.7819790026538,-100.78561026334984,-99.79045432025693,-98.79661871607826,-97.8052074508482
-112.76486147584762,-107.77898980081899,-106.77905826907525,-105.77912874511449,-104.77939176648714,-103.77996820263431,-102.78075560342965,-101.7819972633013,-100.78554556246158,-99.79039605040664,-98.79655941627826,-97.80513520433388
-112.76489404016326,-107.77902292809067,-106.77909154038505,-105.7791622585735,-104.77942225586366,-103.77999401085253,-102.78077946315035,-101.7820143304107,-100.78548351400813,-99.79033995968979,-98.79650201175087,-97.80506479736228
-112.76492560831788,-107.77905504196535,-106.77912378883795,-105.77919473515212,-104.7794517059744,-103.78001877857074,-102.78080223469077,-101.78203029269895,-100.78542394392119,-99.79028590553659,-98.79644637982322,-97.80499611433478
-112.76495624095227,-107.77908620413453,-106.77915507672384,-105.77922623802445,-104.77948018126772,-103.78004257251604,-102.78082398971911,-101.78204523077126,-100.78536669345625,-99.79023375793103,-98.79639240862022,-97.804929049803
-112.76498599355307,-107.77911647104598,-106.77918546103791,-105.77925682499452,-104.77950774069996,-103.78006545369621,-102.7808447937251,-101.78205921801998,-100.7853116175327,-99.7901833980493,-98.79633999589244,-97.80486350736714
-112.76501491698124,-107.77914589444173,-106.77921499402426,-105.77928654904835,-104.77953443830124,-103.78008747799116,-102.78086470666155,-101.78207232138811,-100.78525858327235,-99.79013471706462,-98.79628904798935,-97.8047993987109
-112.7650430579687,-107.77917452186294,-106.77924372368534,-105.77931545887017,-104.77956032370257,-103.78010869670055,-102.78088378353456,-101.78208460206372,-100.78520746874261,-99.7900876151164,-98.79623947897275,-97.80473664276933
-112.76507045952629,-107.77920239706533,-106.77927169420153,-105.77934359926805,-104.77958544257181,-103.78012915699934,-102.78090207489748,-101.78209611606593,-100.78515816183385,-99.79004200039132,-98.79619120982561,-97.80467516498346
-112.76509716132186,-107.77922956040356,-106.7792989463191,-105.77937101156712,-104.77960983701546,-103.78014890235552,-102.78091962730133,-101.78210691477504,-100.78511055928485,-99.78999778832436,-98.79614416776555,-97.80461489665666
-112.76512319999884,-107.77925604915544,-106.77932551767786,-105.77939773394246,-104.77963354591965,-103.78016797288639,-102.78093648368124,-101.78211704539,-100.78506456581485,-99.78995490088862,-98.79609828563423,-97.80455577437993
-112.76514860946546,-107.77928189781623,-106.77935144310803,-105.77942380171939,-104.77965660525692,-103.78018640567771,-102.78095268370124,-101.78212655133483,-100.78502009335695,-99.7899132659661,-98.796053501355,-97.8044977395222
-112.76517342115987,-107.7793071383683,-106.77937675490254,-105.7794492476501,-104.77967904836926,-103.78020423507837,-102.78096826407149,-101.78213547262956,-100.78497706038821,-99.78987281680007,-98.79600975746358,-97.80444073778995
-112.76519766426695,-107.77933180050157,-106.77940148303969,-105.77947410213942,-104.77970090619897,-103.78022149294146,-102.78098325881056,-101.78214384620145,-100.78493539131775,-99.78983349149232,-98.79596700067322,-97.80438471881665
-112.76522136592261,-107.77935591182161,-106.77942565539325,-105.77949839345763,-104.77972220750662,-103.78023820885127,-102.78099769949038,-101.78215170617239,-100.78489501595213,-99.78979523256656,-98.79592518150164,-97.80432963581461
-112.76524455139693,-107.77937949803582,-106.77944929792042,-105.77952214793147,-104.77974297906628,-103.78025441032675,-102.78101161545594,-101.782159084116,-100.78485586901706,-99.78975798657572,-98.79588425393148,-97.80427544525367
-112.76526724425578,-107.7794025831178,-106.77947243482775,-105.77954539011209,-104.77976324583709,-103.78027012299982,-102.78102503401787,-101.78216600928359,-100.78481788972671,-99.78972170374911,-98.7958441751076,-97.80422210657812
-112.76528946650453,-107.77942518945378,-106.77949508871905,-105.7795681429252,-104.77978303111732,-103.78028537077658,-102.78103798062732,-101.78217250880931,-100.78478102140059,-99.78968633767923,-98.79580490506787,-97.80416958195286
-112.76531123872633,-107.7794473379829,-106.77951728073694,-105.77959042781438,-104.77980235669004,-103.78030017598812,-102.78105047903765,-101.78217860789746,-100.78474521112086,-99.78965184503986,-98.79576640649954,-97.80411783603458
-112.76533258018007,-107.7794690482972,-106.779539030664,-105.77961226484419,-104.77982124292993,-103.7803145595032,-102.78106255142853,-101.78218432997153,-100.7847104094082,-99.78961818532136,-98.79572864451288,-97.80406683575919
-112.76535350893225,-107.77949033877582,-106.77956035705793,-105.77963367283658,-104.77983970894147,-103.78032854087046,-102.78107421855667,-101.78218969684451,-100.78467656996048,-99.7895853206163,-98.79569158645559,-97.80401655016698
-112.76537404193024,-107.77951122665922,-106.77958127732695,-105.77965466944799,-104.7798577726388,-103.78034213840323,-102.78108549985015,-101.78219472883355,-100.7846436493825,-99.78955321539829,-98.7956552017243,-97.8039669502263
-112.7653941951038,-107.77953172815262,-106.77960180783376,-105.77967527127416,-104.77987545085212,-103.78035536928907,-102.78109641352478,-101.78219944489217,-100.78461160696662,-99.7895218363415,-98.79561946160689,-97.80391800868381
-112.76541398343518,-107.77955185849747,-106.77962196396803,-105.77969549392421,-104.77989275940418,-103.78036824967053,-102.78110697667269,-101.78220386271478,-100.78458040448106,-99.78949115214823,-98.79558433913623,-97.80386969992878
-112.76543342103388,-107.77957163204732,-106.77964176022296,-105.77971535209801,-104.77990971318887,-103.78038079472611,-102.78111720534905,-101.78220799883663,-100.78455000598112,-99.78946113339394,-98.79554980895644,-97.80382199986612
-112.76545252120366,-107.7795910623359,-106.77966121026377,-105.77973485965548,-104.77992632624223,-103.78039301874456,-102.78112711465234,-101.78221186872626,-100.78452037764009,-99.78943175238771,-98.79551584720183,-97.80377488580321
-112.76547129649259,-107.77961016212824,-106.7796803269797,-105.7797540296697,-104.77994261179707,-103.7804049351821,-102.78113671878693,-101.78221548685966,-100.78449148758601,-99.78940298304,-98.79548243138433,-97.8037283363435
-112.76548975876398,-107.77962894349291,-106.77969912255664,-105.77977287450024,-104.7799585823573,-103.78041655673891,-102.7811460311441,-101.78221886681038,-100.78446330577324,-99.78937480075719,-98.79544954030247,-97.8036823313017
-112.7655079192249,-107.77964741783066,-106.77971760850622,-105.779791405823,-104.77997424972934,-103.78042789539293,-102.78115506434052,-101.78222202129795,-100.78443580383423,-99.78934718231861,-98.79541715393499,-97.8036368516032
-112.76552578849065,-107.77966559594033,-106.77973579573221,-105.77980963469707,-104.7799896250895,-103.78043896246908,-102.78116383029108,-101.78222496226782,-100.78440895497701,-99.78932010579481,-98.79538525337172,-97.80359187921934
-112.7655433766101,-107.77968348804461,-106.77975369455676,-105.77982757159181,-104.78000471901261,-103.78044976866961,-102.78117234024324,-101.78222770093392,-100.78438273386278,-99.78929355044552,-98.79535382072486,-97.80354739708409
-112.76556069311349,-107.77970110383839,-106.77977131476896,-105.77984522643598,-104.7800195415216,-103.78046032412564,-102.7811806048316,-101.7822302478391,-100.78435711651402,-99.78926749664504,-98.79532283906448,-97.8035033890328
-112.76557774704362,-107.77971845252084,-106.77978866565736,-105.77986260865046,-104.78003410212138,-103.78047063843226,-102.78118863411646,-101.78223261290033,-100.78433208022052,-99.78924192580588,-98.79529229235511,-97.8034598397441
-112.76559454698943,-107.77973554282941,-106.77980575604442,-105.77987972718348,-104.78004840983438,-103.7804807206855,-102.78119643762294,-101.78223480545248,-100.7843076034544,-99.78921682030798,-98.79526216539148,-97.80341673467709
-112.76561110111706,-107.77975238307134,-106.77982259431796,-105.77989659054239,-104.78006247323341,-103.78049057951645,-102.7812040243782,-101.78223683429096,-100.78428366579529,-99.78919216343783,-98.79523244374846,-97.80337406002674
-112.7656274171888,-107.77976898114316,-106.77983918845132,-105.77991320681427,-104.7800763004629,-103.78050022311396,-102.78121140293662,-101.78223870770151,-100.78426024785219,-99.78916793932542,-98.79520311372727,-97.80333180267208
-112.76564350259852,-107.77978534456652,-106.7798555460391,-105.77992958370177,-104.78008989927496,-103.78050965926134,-102.7812185814182,-101.78224043350204,-100.78423733120417,-99.78914413289398,-98.79517416230983,-97.80328995013306
-112.76565936438924,-107.77980148050614,-106.77987167431566,-105.77994572854242,-104.78010327704965,-103.78051889535786,-102.78122556753223,-101.78224201907035,-100.78421489833634,-99.78912072980893,-98.79514557711724,-97.80324849053203
-112.76567500927727,-107.77981739579452,-106.77988758017977,-105.77996164833314,-104.7801164408197,-103.78052793844435,-102.78123236860493,-101.78224347137488,-100.78419293258531,-99.78909771643258,-98.79511734636922,-97.80320741255565
-112.76569044366597,-107.77983309694555,-106.7799032702085,-105.77997734974468,-104.78012939728558,-103.78053679521923,-102.78123899159716,-101.78224479699593,-100.78417141808137,-99.78907507977674,-98.7950894588449,-97.80316670541796
-112.76570567367799,-107.77984859018783,-106.77991875069087,-105.77999283915551,-104.78014215284963,-103.780545472073,-102.78124544314004,-101.78224600216289,-100.78415033971211,-99.78905280747311,-98.79506190385544,-97.8031263588341
-112.76572070515125,-107.77986388146012,-106.77993402762323,-105.78000812264736,-104.78015471361229,-103.78055397508588,-102.78125172953494,-101.78224709275837,-100.7841296830606,-99.78903088772299,-98.79503467120288,-97.80308636298264
-112.7657355436744,-107.77987897644765,-106.77994910674589,-105.78002320604213,-104.78016708540913,-103.78056231006475,-102.78125785679083,-101.78224807435632,-100.78410943437865,-99.78900930927463,-98.79500775115893,-97.80304670848463
-112.76575019459375,-107.77989388058914,-106.77996399355025,-105.78003809490926,-104.78017927381858,-103.78057048255201,-102.78126383063491,-101.78224895223536,-100.78408958054285,-99.78898806138744,-98.79498113443458,-97.8030073863754
-112.76576466302292,-107.77990859908665,-106.77997869328871,-105.78005279457587,-104.78019128417249,-103.78057849783664,-102.78126965652491,-101.78224973139307,-100.78407010901482,-99.78896713379986,-98.79495481215353,-97.80296838808007
-112.7657789538619,-107.77992313692472,-106.77999321099408,-105.78006731014615,-104.78020312157582,-103.78058636097416,-102.78127533966976,-101.78225041656806,-100.78405100781265,-99.78894651670565,-98.79492877583051,-97.8029297053922
-112.76579307180893,-107.77993749888293,-106.78000755149212,-105.78008164651435,-104.78021479091967,-103.78059407680036,-102.78128088504448,-101.78225101225647,-100.78403226548018,-99.78892620072901,-98.79490301735082,-97.80289133045568
-112.76580702136451,-107.77995168953952,-106.78002171940534,-105.78009580836863,-104.78022629688576,-103.7806016499363,-102.78128629739643,-101.78225152271976,-100.78401387105167,-99.7889061768949,-98.79487752894393,-97.80285325573885
-112.76582080685473,-107.77996571329521,-106.78003571917695,-105.78010980021509,-104.78023764397025,-103.78060908481227,-102.78129158126946,-101.78225195200987,-100.78399581403562,-99.78888643661702,-98.79485230317407,-97.80281547402623
-112.76583443242473,-107.7799795743669,-106.78004955506452,-105.78012362637163,-104.78024883647834,-103.78061638566308,-102.78129674100069,-101.78225230396757,-100.78397808437573,-99.78886697166448,-98.79482733291069,-97.8027779783907
-112.76584790206194,-107.77999327681094,-106.78006323116354,-105.7801372909917,-104.78025987854771,-103.78062355655166,-102.78130178074434,-101.78225258224676,-100.78396067243887,-99.78884777415273,-98.794802611321,-97.80274076218606
-112.76586121959382,-107.78000682452087,-106.78007675140508,-105.78015079806201,-104.78027077414676,-103.7806306013678,-102.78130670447155,-101.78225279031582,-100.78394356898421,-99.78882883651853,-98.79477813184927,-97.80270381902845
-112.76587438870452,-107.7800202212445,-106.78009011957303,-105.78016415141998,-104.78028152709217,-103.78063752384594,-102.78131151598872,-101.78225293147669,-100.78392676515038,-99.7888101515089,-98.79475388820586,-97.80266714278507
-112.76588741293635,-107.78003347058547,-106.78010333930573,-105.7801773547553,-104.78029214105058,-103.78064432756709,-102.78131621893986,-101.7822530088676,-100.78391025242964,-99.78879171216013,-98.7947298743504,-97.80263072755908
-112.76590029570201,-107.7800465760153,-106.78011641410798,-105.78019041162219,-104.78030261955085,-103.7806510159713,-102.78132081681967,-101.78225302547717,-100.78389402265408,-99.788773511786,-98.79470608448041,-97.80259456767814
-112.76591304028354,-107.78005954087284,-106.78012934735082,-105.7802033254392,-104.78031296598438,-103.78065759235864,-102.7813253129753,-101.78225298414696,-100.78387806797383,-99.78875554396132,-98.79468251301896,-97.80255865768385
-112.76592564984742,-107.78007236837925,-106.7801421422862,-105.78021609950406,-104.78032318361981,-103.78066405990363,-102.78132971062102,-101.78225288758651,-100.783862380847,-99.78873780251236,-98.7946591546047,-97.80252299232133
-112.7659381274424,-107.78008506163603,-106.78015480204544,-105.78022873699231,-104.78033327560195,-103.78067042165473,-102.78133401283833,-101.78225273837388,-100.78384695401822,-99.78872028149954,-98.7946360040777,-97.80248756652637
-112.76595047601272,-107.7800976236382,-106.78016732965214,-105.78024124096983,-104.78034324496404,-103.78067668054658,-102.78133822258835,-101.78225253896872,-100.78383178051062,-99.7887029752115,-98.79461305647474,-97.80245237542138
-112.76596269839472,-107.78011005727116,-106.7801797280194,-105.78025361439074,-104.78035309462639,-103.78068283939896,-102.78134234271165,-101.78225229171252,-100.78381685360611,-99.78868587814793,-98.79459030701342,-97.80241741429946
-112.76597479732935,-107.78012236532327,-106.78019199996211,-105.78026586010935,-104.78036282740796,-103.7806889009286,-102.78134637594002,-101.78225199884054,-100.78380216683873,-99.78866898501533,-98.79456775108989,-97.80238267862316
-112.76598677545968,-107.78013455048324,-106.78020414819476,-105.7802779808782,-104.78037244602461,-103.78069486774757,-102.78135032489554,-101.78225166248173,-100.78378771397718,-99.7886522907117,-98.79454538426486,-97.80234816401128
-112.76599863534243,-107.78014661535194,-106.78021617534287,-105.7802899793596,-104.78038195310087,-103.78070074237502,-102.78135419210231,-101.78225128467,-100.78377348901888,-99.78863579032203,-98.79452320225951,-97.80231386623393
-112.76601037944901,-107.78015856244353,-106.78022808394468,-105.78030185812715,-104.78039135117135,-103.78070652723892,-102.78135797998877,-101.78225086734753,-100.78375948617848,-99.78861947910933,-98.79450120094869,-97.80227978120769
-112.76602201016648,-107.78017039418624,-106.78023987645136,-105.78031361966625,-104.78040064268141,-103.78071222467692,-102.7813616908887,-101.78225041236544,-100.78374569987331,-99.7886033525017,-98.79447937634879,-97.80224590498312
-112.76603352980396,-107.78018211292925,-106.78025155523451,-105.78032526638158,-104.7804098299949,-103.78071783694404,-102.78136532704944,-101.78224992149282,-100.78373212471884,-99.78858740608965,-98.79445772461624,-97.80221223374376
-112.76604494059615,-107.78019372094575,-106.78026312258885,-105.78033680059984,-104.7804189153965,-103.78072336621531,-102.78136889063443,-101.78224939641905,-100.78371875551785,-99.78857163561692,-98.7944362420392,-97.80217876379805
-112.76605624470868,-107.7802052204388,-106.78027458073821,-105.7803482245756,-104.78042790109818,-103.78072881459204,-102.78137238372985,-101.7822488387605,-100.78370558725447,-99.78855603697518,-98.79441492503321,-97.80214549157566
-112.76609598072835,-107.78024564359238,-106.78031531447738,-105.78038923878579,-104.7804693284188,-103.78076728942715,-102.78140612754763,-101.78228060873928,-100.78372922703616,-99.78844926798347,-98.79431332563937,-97.80203592420746
-112.76613419115615,-107.78028451475504,-106.78035448429252,-105.7804286710307,-104.78050914803735,-103.7808041379105,-102.78143821773183,-101.78231062930526,-100.78375103022567,-99.78834764135429,-98.79421624109293,-97.80193067685772
-112.7661709880003,-107.78032194785989,-106.78039220498776,-105.78046663745879,-104.78054747802395,-103.7808394809701,-102.78146878025136,-101.7823390366288,-100.78377115318156,-99.78825076575744,-98.79412332911104,-97.80182942497834
-112.76620647189083,-107.78035804528106,-106.78042857972568,-105.78050324244734,-104.78058442449027,-103.7808734272768,-102.7814979282733,-101.78236595300454,-100.78378973589206,-99.78815828945694,-98.7940342821002,-97.8017318769163
-112.76624073361026,-107.78039289937543,-106.78046370157466,-105.78053858016125,-104.78062008316684,-103.78090607485386,-102.78152576383465,-101.78239148864665,-100.78380690407613,-99.7880698953654,-98.79394882275777,-97.80163776971958
-112.76627385530449,-107.78042659371306,-106.7804976547485,-105.78057273580647,-104.78065454067603,-103.78093751238173,-102.78155237920537,-101.78241574316716,-100.78382277094498,-99.7879852968675,-98.79386670042214,-97.8015468656797
-112.76630591148265,-107.7804592040949,-106.78053051563197,-105.78060578666795,-104.7806878755881,-103.78096782028263,-102.78157785802462,-101.78243880681318,-100.78383743868328,-99.78790423421445,-98.7937876879233,-97.8014589493489
-112.7663369699094,-107.78049079946004,-106.78056235369496,-105.78063780303438,-104.78072015936095,-103.78099707168393,-102.78160227630732,-101.78246076155871,-100.78385099974909,-99.78782647143692,-98.7937115788848,-97.80137382498415
-112.76636709236485,-107.78052144265914,-106.78059323227203,-105.78066884898678,-104.7807514571415,-103.78102533324018,-102.78162570330387,-101.78248168203835,-100.78386353798612,-99.78775179366814,-98.79363818538408,-97.8012913143306
-112.76639633528731,-107.78055119110846,-106.78062320922139,-105.78069898306558,-104.78078182844445,-103.78105266583032,-102.78164820223049,-101.78250163634235,-100.78387512957407,-99.78768000480794,-98.79356733590909,-97.80121125468462
-112.76642475035871,-107.78058009738533,-106.78065233752513,-105.78072825887777,-104.78081132776914,-103.7810791251897,-102.781669830929,-101.78252068673174,-100.78388584387659,-99.78761092550852,-98.79349887359716,-97.80113349722595
-112.7664523850072,-107.7806082097393,-106.78068066580398,-105.78075672561748,-104.7808400051287,-103.78110476245291,-102.78169064243482,-101.78253889025497,-100.78389574417426,-99.78754439141163,-98.79343265469431,-97.80105790555689
-112.7664792828367,-107.78063557252953,-106.78070823875854,-105.7807844285126,-104.78086790650418,-103.78112962462008,-102.78171068546504,-101.78255629927915,-100.7839048882971,-99.78748025159481,-98.79336854719617,-97.80098435441542
-112.76650548401794,-107.78066222662235,-106.78073509756948,-105.78081140922983,-104.78089507425629,-103.78115375497867,-102.78173000485863,-101.7825729619669,-100.78391332918919,-99.78741836721657,-98.79330642966252,-97.80091272855073
-112.76653102561642,-107.78068820972514,-106.7807612802343,-105.7808377062151,-104.78092154747169,-103.78117719345968,-102.78174864195037,-101.78258892268416,-100.78392111539443,-99.78735861031231,-98.7932461901645,-97.80084292172593
-112.76655594190892,-107.78071355670814,-106.7807868218915,-105.78086335502176,-104.78094736229619,-103.78119997697827,-102.78176663492529,-101.78260422238276,-100.78392829150553,-99.78730086275044,-98.79318772537232,-97.80077483585386
-112.76658026463475,-107.78073829986009,-106.78081175507815,-105.78088838857103,-104.78097255219976,-103.78122213970636,-102.7817840191051,-101.78261889891333,-100.78393489853799,-99.78724501528747,-98.7931309397288,-97.80070838021395
-112.76660402323452,-107.78076246913119,-106.78083610997479,-105.7809128373999,-104.78099714822854,-103.78124371333091,-102.7818008272177,-101.78263298731721,-100.78394097427326,-99.78719096673835,-98.79307574472296,-97.80064347076303
-112.76662724505995,-107.78078609234656,-106.78085991462049,-105.78093672987866,-104.78102117922607,-103.78126472728106,-102.78181708963473,-101.78264652008463,-100.78394655356381,-99.78713862324057,-98.793022058248,-97.80058002952838
-112.76664995556422,-107.78080919539998,-106.78088319510822,-105.78096009240853,-104.78104467203384,-103.78128520893337,-102.78183283458603,-101.78265952738674,-100.78395166860544,-99.78708789759654,-98.79296980402357,-97.80051798405809
-112.76667217845996,-107.78083180241438,-106.78090597574631,-105.7809829495852,-104.78106765165799,-103.78130518378347,-102.78184808833953,-101.78267203727235,-100.78395634917123,-99.78703870868037,-98.79291891108028,-97.8004572669349
-112.76669393587909,-107.78085393590474,-106.78092827922288,-105.7810053243648,-104.78109014143766,-103.7813246756181,-102.78186287538048,-101.78268407586091,-100.78396062283582,-99.78699098091774,-98.79286931330233,-97.80039781534119
-112.76671524850077,-107.78087561690793,-106.78095012673651,-105.78102723819663,-104.78111216318018,-103.78134370665424,-102.78187721855751,-101.78269566750204,-100.7839645151638,-99.78694464380928,-98.79282094901183,-97.80033957066571
-112.76673613566757,-107.78089686510117,-106.78097153811566,-105.78104871114343,-104.78113373728313,-103.78136229766415,-102.78189113921316,-101.78270683491743,-100.78396804987747,-99.78689963150022,-98.79277376059184,-97.80028247814617
-112.76675661550696,-107.78091769892558,-106.78099253194327,-105.781069762008,-104.78115488286325,-103.78138046810766,-102.78190465732193,-101.78271759934948,-100.78397124902733,-99.78685588241134,-98.79272769416403,-97.80022648656372
-112.76677670501385,-107.78093813567008,-106.78101312564111,-105.78109040841815,-104.78117561784276,-103.78139823622072,-102.78191779158342,-101.78272798066398,-100.78397413311599,-99.78681333887815,-98.79268269927357,-97.8001715479448
-112.76679642015854,-107.78095819158118,-106.7810333355805,-105.78111066693877,-104.781195959063,-103.78141561913145,-102.78193055954237,-101.78273799747812,-100.78397672124314,-99.78677194685537,-98.79263872862958,-97.80011761731431
-112.76681577594461,-107.78097788192194,-106.78105317714186,-105.78113055313224,-104.78121592234632,-103.7814326329247,-102.78194297765809,-101.78274766723867,-100.78397903120116,-99.78673165561679,-98.79259573784363,-97.80006465244887
-112.76683478649619,-107.78099722106082,-106.78107266480404,-105.78115008164875,-104.78123552258769,-103.78144929273513,-102.78195506140021,-101.78275700632364,-100.78398107959043,-99.78669241750937,-98.79255368521417,-97.80001261367161
-112.76685346512858,-107.78101622254339,-106.7810918122167,-105.78116926629932,-104.78125477382856,-103.78146561282287,-102.78196682532763,-101.78276603012812,-100.78398288191819,-99.78665418772478,-98.79251253152711,-97.79996146366378
-112.76687182438796,-107.78103489913282,-106.7811106322411,-105.78118812009747,-104.78127368930004,-103.78148160661881,-102.78197828313742,-101.78277475311893,-100.78398445266558,-99.78661692407039,-98.79247223985479,-97.79991116727362
-112.76688987613147,-107.78105326289119,-106.78112913703195,-105.78120665534173,-104.78129228150593,-103.78149728680856,-102.78198944775083,-101.78278318892579,-100.78398580538848,-99.78658058679798,-98.79243277540792,-97.79986169137725
-112.7669076315569,-107.78107132521005,-106.78114733806837,-105.78122488364703,-104.7813105622552,-103.7815126653666,-102.78200033134995,-101.78279135038277,-100.7839869527689,-99.78654513840853,-98.79239410536252,-97.79981300471312
-112.76692510126378,-107.78108909687208,-106.7811652462158,-105.78124281600729,-104.78132854272523,-103.78152775362054,-102.78201094544421,-101.78279924959875,-100.78398790669354,-99.78651054350499,-98.79235619873259,-97.79976507776225
-112.76694229528277,-107.78110658808141,-106.78118287175687,-105.78126046282686,-104.78134623349423,-103.78154256228505,-102.7820213009068,-101.78280689799884,-100.78398867830357,-99.78647676863673,-98.7923190262348,-97.79971788262037
-112.76695922312214,-107.78112380851071,-106.78120022443842,-105.78127783396796,-104.78136364458915,-103.78155710151046,-102.78203140802451,-101.78281430637684,-100.78398927805343,-99.78644378216815,-98.79228256017196,-97.7996713928866
-112.76697589380164,-107.78114076733564,-106.78121731350672,-105.78129493878613,-104.78138078552153,-103.7815713809195,-102.7820412765361,-101.7828214849371,-100.78398971575858,-99.78641155415347,-98.79224677432389,-97.79962558356031
-112.76699231588367,-107.78115747326669,-106.7812341477391,-105.7813117861626,-104.78139766532098,-103.78158540964206,-102.78205091566943,-101.78282844333543,-100.78399000064304,-99.78638005622595,-98.79221164385196,-97.79958043095131
-112.76700849750289,-107.78117393457906,-106.78125073547436,-105.78132838453476,-104.7814142925656,-103.7815991963459,-102.78206033417256,-101.78283519071205,-100.78399014137649,-99.78634926148796,-98.7921771452006,-97.7995359125851
-112.76702444639486,-107.78119015914208,-106.78126708464221,-105.78134474192613,-104.78143067541288,-103.78161274926889,-102.78206954034826,-101.78284173572938,-100.78399014611725,-99.78631914442025,-98.79214325602084,-97.79949200713243
-112.76704016992146,-107.78120615444489,-106.78128320278937,-105.78136086597262,-104.78144682162598,-103.78162607624525,-102.7820785420807,-101.78284808660071,-100.78399002254477,-99.78628968078982,-98.79210995508689,-97.79944869432812
-112.7670556750969,-107.78122192762288,-106.78129909710599,-105.78137676394937,-104.78146273860136,-103.78163918473446,-102.7820873468657,-101.78285425112253,-100.7839897778954,-99.78626084757138,-98.79207722222942,-97.7994059549094
-112.76707096859973,-107.78123748547007,-106.78131477443834,-105.7813924427836,-104.78147843338178,-103.78165208183445,-102.78209596182543,-101.78286023669204,-100.78398941898448,-99.78623262286507,-98.79204503826288,-97.79936377054624
-112.76708605680491,-107.78125283447162,-106.78133024132126,-105.78140790908732,-104.78149391268931,-103.78166477431522,-102.78210439374206,-101.7828660503415,-100.78398895224208,-99.78620498583304,-98.79201338492996,-97.79932212378904
-112.76710094579646,-107.78126798081671,-106.78134550399156,-105.78142316917102,-104.78150918293963,-103.78167726863376,-102.78211264907429,-101.7828716987573,-100.78398838373627,-99.78617791663359,-98.79198224484445,-97.79928099801427
-112.76711564138236,-107.78128293041367,-106.78136056840293,-105.78143822905871,-104.78152425025696,-103.7816895709493,-102.78212073397323,-101.7828771882971,-100.78398771919203,-99.78615139635626,-98.79195160143395,-97.7992403773705
-112.76713014911755,-107.7812976889135,-106.78137544024975,-105.78145309451199,-104.78153912049883,-103.78170168714858,-102.7821286543082,-101.78288252501721,-100.78398696402105,-99.78612540697416,-98.79192143889897,-97.79920024673919
-112.76714447431178,-107.78131226171766,-106.78139012497493,-105.78146777103798,-104.78155379926393,-103.781713622854,-102.78213641567568,-101.78288771468277,-100.78398612333399,-99.78609993128411,-98.7918917421594,-97.79916059168423
-112.76715862204914,-107.78132665399815,-106.78140462779027,-105.78148226390991,-104.78156829191312,-103.78172538344509,-102.78214402342147,-101.78289276279116,-100.78398520196566,-99.78607495286523,-98.79186249681959,-97.79912139841916
-112.76717259719346,-107.78134087070282,-106.78141895368152,-105.78149657817234,-104.78158260357472,-103.7817369740641,-102.78215148264692,-101.78289767457969,-100.78398420448468,-99.786050456027,-98.79183368912206,-97.79908265376267
-112.76718640441034,-107.78135491657794,-106.78143310743145,-105.78151071866444,-104.78159673916831,-103.78174839964021,-102.7821587982336,-101.78290245505084,-100.78398313521984,-99.78602642577692,-98.79180530591958,-97.79904434511232
-112.767200048169,-107.78136879616989,-106.78144709362134,-105.78152469002131,-104.78161070340583,-103.78175966489057,-102.78216597484457,-101.78290710897492,-100.78398199826427,-99.78600284777166,-98.79177733463209,-97.79900646040404
-112.76721353276038,-107.7813825138439,-106.78146091664993,-105.78153849669361,-104.78162450081173,-103.78177077434133,-102.7821730169466,-101.78291164091314,-100.78398079749994,-99.7859797082913,-98.79174976322513,-97.7989689880916
-112.76722686229927,-107.78139607378574,-106.78147458073514,-105.78155214294878,-104.78163813572411,-103.78178173232841,-102.78217992881056,-101.78291605521873,-100.78397953659965,-99.78595699419454,-98.79172258016987,-97.7989319171085
-112.76724004073964,-107.78140948001774,-106.78148808993019,-105.78156563288773,-104.78165161231175,-103.78179254301519,-102.78218671453023,-101.78292035605689,-100.7839782190481,-99.78593469289594,-98.79169577442279,-97.7988952368485
-112.76725307188116,-107.78142273640528,-106.7815014481301,-105.78157897045126,-104.78166493458063,-103.78180321039903,-102.78219337802852,-101.7829245474111,-100.78397684814904,-99.78591279233257,-98.79166933539784,-97.79885893714011
-112.76726595937569,-107.78143584666329,-106.78151465907841,-105.7815921594268,-104.78167810638074,-103.78181373831845,-102.78219992306553,-101.78292863309267,-100.78397542703573,-99.7858912809363,-98.79164325294107,-97.79882300822172
-112.76727870673601,-107.7814488143652,-106.7815277263759,-105.78160520345739,-104.78169113141526,-103.78182413046224,-102.78220635324786,-101.78293261675013,-100.78397395868099,-99.78587014760814,-98.79161751730874,-97.79878744072099
-112.7672913173418,-107.78146164294927,-106.78154065348728,-105.78161810604837,-104.78170401324738,-103.78183439037696,-102.78221267203627,-101.78293650187784,-100.78397244590654,-99.78584938169423,-98.79159211914615,-97.79875222563511
-112.76730379445242,-107.78147433573098,-106.78155344375348,-105.78163087057979,-104.78171675531266,-103.78184452147867,-102.78221888275765,-101.78294029182804,-100.78397089139534,-99.78582897296674,-98.79156704947121,-97.7987173543151
-112.76731614120068,-107.7814868958974,-106.78156610038603,-105.78164350030075,-104.78172936091379,-103.78185452704875,-102.78222498860146,-101.78294398980859,-100.78396929769043,-99.7858089115937,-98.79154229964766,-97.79868281844033
-112.76732836061106,-107.78149932652518,-106.78157862648521,-105.78165599834773,-104.7817418332388,-103.78186441025159,-102.78223099263732,-101.78294759890038,-100.78396766721234,-99.78578918812875,-98.79151786137669,-97.79864861001066
-112.76734045559691,-107.78151163057818,-106.78159102503764,-105.78166836774234,-104.78175417535883,-103.78187417413281,-102.78223689781365,-101.78295112205655,-100.78396600225867,-99.7857697934845,-98.7914937266726,-97.79861472132313
-112.7673524289699,-107.7815238109165,-106.78160329892536,-105.78168061140015,-104.7817663902373,-103.78188382162851,-102.78224270696697,-101.78295456211255,-100.78396430501506,-99.78575071891999,-98.79146988785314,-97.79858114496335
-112.76736428344361,-107.78153587030066,-106.78161545093012,-105.78169273213541,-104.78177848073452,-103.78189335556988,-102.78224842282691,-101.78295792179132,-100.78396257756005,-99.78573195602192,-98.79144633752229,-97.79854787378862
-112.76737602163534,-107.78154781139318,-106.78162748373487,-105.78170473266229,-104.7817904496091,-103.78190277868491,-102.78225404801793,-101.78296120370527,-100.78396082186784,-99.78571349668664,-98.79142306855425,-97.79851490091275
-112.76738764608059,-107.7815596367734,-106.78163939993871,-105.78171661561008,-104.7818022995332,-103.78191209361364,-102.78225958507485,-101.78296441037229,-100.78395903982413,-99.78569533311504,-98.7914000740904,-97.79848221970407
-112.76739915922197,-107.78157134892611,-106.78165120204558,-105.78172838351182,-104.78181403308115,-103.7819213028968,-102.78226503643164,-101.78296754420502,-100.7839572332161,-99.7856774577842,-98.79137734751279,-97.79844982375903
-112.76741056342372,-107.78158295025644,-106.78166289247905,-105.78174003881927,-104.7818256527447,-103.78193040899141,-102.78227040443711,-101.7829706075265,-100.78395540374764,-99.7856598634442,-98.79135488244222,-97.79841770690125
-112.76742186097279,-107.78159444309078,-106.78167447358337,-105.78175158390377,-104.78183716093372,-103.78193941427126,-102.78227569135557,-101.78297360257149,-100.7839535530415,-99.78564254310365,-98.79133267272576,-97.79838586316936
-112.76743305408104,-107.78160582967935,-106.78168594762603,-105.78176302105909,-104.78184855997918,-103.78194832103026,-102.78228089937052,-101.78297653149028,-100.7839516826427,-99.7856254900168,-98.79131071242509,-97.79835428680612
-112.76744414488681,-107.78161711219737,-106.78169731679895,-105.78177435250252,-104.78185985213443,-103.78195713148361,-102.7822860305855,-101.7829793963497,-100.78394979402007,-99.78560869767068,-98.7912889958053,-97.79832297224763
-112.76747851648386,-107.78165207816619,-106.78173255142495,-105.78180991656282,-104.78189568258098,-103.78199333152288,-102.7823191430679,-101.78300739677263,-100.78397489719349,-99.78562290248014,-98.79114342039962,-97.79817326577192
-112.76751156438257,-107.78168569753343,-106.78176642909642,-105.78184411097257,-104.78193012490486,-103.78202811779872,-102.78235082481528,-101.7830339454999,-100.78399847120563,-99.78563556236534,-98.79100514129664,-97.79803054821127
-112.76754338841197,-107.78171807184316,-106.78179905213351,-105.78187703900501,-104.78196328379774,-103.78206159698102,-102.78238118535222,-101.78305915691168,-100.78402063998854,-99.7856468185527,-98.79087358386894,-97.79789427141226
-112.7675740779872,-107.7817492920599,-106.78183051220108,-105.78190879318393,-104.78199525305999,-103.78209386464891,-102.78241032280418,-101.78308313344523,-100.7840415144833,-99.7856567969336,-98.79074823353425,-97.79776394454034
-112.76760371353548,-107.78177944000512,-106.78186089175084,-105.78193945673374,-104.78202611706479,-103.78212500677618,-102.78243832541817,-101.78310596717918,-100.78406119434742,-99.78566561006728,-98.79062862800545,-97.7976391266315
-112.76763236761175,-107.78180858949155,-106.78189026516391,-105.78196910473254,-104.78205595192668,-103.7821551009215,-102.78246527278671,-101.78312774111777,-100.78407976935571,-99.78567335885981,-98.79051435077109,-97.79751942037332
-112.76766010586213,-107.78183680730321,-106.7819186997387,-105.78199780510933,-104.78208482651267,-103.78218421725869,-102.78249123690765,-101.78314853030261,-100.78409732061154,-99.7856801340114,-98.79040502554624,-97.79740446681545
-112.76768698783864,-107.78186415402406,-106.78194625652552,-105.78202561948623,-104.78211280329577,-103.78221241944641,-102.78251628307876,-101.78316840275137,-100.78411392157078,-99.78568601724199,-98.7903003114991,-97.79729394081723
-112.76771306768974,-107.78189068474087,-106.78197299103526,-105.78205260389416,-104.7821399390809,-103.782239765368,-102.78254047065911,-101.7831874202574,-100.78412963891476,-99.78569108233677,-98.79019989913402,-97.79718754712134
-112.7677383947862,-107.78191644967977,-106.78199895388065,-105.78207880941983,-104.78216628566061,-103.7822663077994,-102.78256385375568,-101.78320563910913,-100.78414453333305,-99.78569539607633,-98.79010350676215,-97.79708501698899
-112.76776301424098,-107.78194149473522,-106.78202419130935,-105.78210428274399,-104.78219189036061,-103.78229209496504,-102.78258648179525,-101.78322311069026,-100.784158660178,-99.7856990190191,-98.79001087741874,-97.79698610525965
-112.76778696736196,-107.78196586193052,-106.78204874566805,-105.78212906660977,-104.78221679651479,-103.7823171710219,-102.78260840002257,-101.78323988200279,-100.78417207003606,-99.78570200618269,-98.78992177618342,-97.796890587796
-112.76781029205779,-107.78198958983091,-106.78207265581872,-105.78215320024307,-104.78224104389142,-103.78234157649388,-102.782629649947,-101.78325599613547,-100.78418480923736,-99.78570440764858,-98.78983598785153,-97.79679825926215
-112.76783302318799,-107.78201271389959,-106.78209595749743,-105.7821767197145,-104.78226466905976,-103.782365348645,-102.7826502697261,-101.7832714926658,-100.78419692029411,-99.78570626908348,-98.7897533148899,-97.7967089311753
-112.7678551928657,-107.78203526680562,-106.78211868362449,-105.78219965825242,-104.78228770570776,-103.78238852180361,-102.78267029449975,-101.78328640801125,-100.78420844228393,-99.78570763219496,-98.78967357564035,-97.79662243019213
-112.76787683073809,-107.78205727870954,-106.78214086459253,-105.78222204653402,-104.78231018493699,-103.78241112766237,-102.78268975669798,-101.78330077575116,-100.78421941119952,-99.78570853514351,-98.78959660274893,-97.79653859661053
-112.76789796421647,-107.78207877749716,-106.78216252850177,-105.78224391292251,-104.782332135503,-103.78243319552337,-102.78270868629343,-101.78331462689246,-100.78422986023959,-99.78570901288926,-98.78952224176452,-97.79645728303353
-112.76791861868777,-107.78209978899488,-106.78218370137729,-105.78226528368646,-104.78235358403792,-103.78245475252531,-102.7827271110354,-101.78332799011508,-100.78423982007567,-99.78570909750665,-98.78945034990579,-97.79637835319342
-112.76793881770851,-107.78212033716692,-106.78220440736753,-105.78228618320033,-104.78237455525353,-103.78247582384974,-102.78274505666124,-101.78334089199318,-100.78424931909333,-99.78570881846795,-98.78938079497222,-97.79630168091256
-112.76795858316812,-107.78214044428154,-106.78222466891205,-105.78230663411358,-104.78239507211282,-103.78249643289637,-102.78276254707714,-101.78335335718519,-100.78425838359887,-99.78570820288736,-98.78931345436898,-97.79622714917483
-112.76797793544017,-107.7821601310649,-106.7822445068963,-105.78232665750714,-104.78241515598855,-103.78251660144441,-102.782779604524,-101.78336540860744,-100.78426703800875,-99.7857072757432,-98.78924821424123,-97.79615464929837
-112.76799689351101,-107.78217941683187,-106.78226394078372,-105.78234627302648,-104.78243482679821,-103.78253634979016,-102.7827962497188,-101.78337706758296,-100.784275305012,-99.78570606006953,-98.7891849686964,-97.79608408019519
-112.76801547510242,-107.78219831961091,-106.78228298874134,-105.78236549900859,-104.78245410313278,-103.78255569687823,-102.78281250198985,-101.7833883539829,-100.78428320572388,-99.78570457713505,-98.7891236191141,-97.79601534771264
-112.76803369678292,-107.78221685625711,-106.78230166775377,-105.78238435259695,-104.7824730023731,-103.78257466041998,-102.78282837939823,-101.78339928635353,-100.78429075982372,-99.785702846604,-98.78906407352821,-97.79594836404394
-112.76805157405185,-107.78223504253798,-106.78231999370976,-105.78240284982891,-104.78249154077866,-103.78259325698417,-102.78284389883142,-101.7834098820156,-100.78429798566454,-99.78570088666568,-98.78900624605785,-97.79588304718592
-112.76806912143856,-107.78225289323424,-106.78233798150364,-105.78242100573812,-104.78250973359134,-103.78261150210253,-102.78285907611144,-101.78342015717638,-100.7843049003935,-99.78569871417281,-98.78895005641529,-97.79581932046933
-112.7680863525724,-107.7822704222109,-106.78235564510693,-105.78243883442673,-104.78252759510863,-103.78262941034441,-102.78287392607213,-101.78343012701171,-100.78431152004231,-99.78569634474785,-98.78889542944493,-97.79575711211932
-112.76810328025906,-107.78228764249523,-106.78237299764706,-105.78245634914495,-104.78254513876432,-103.78264699539918,-102.7828884626435,-101.78343980575362,-100.78431785962182,-99.78569379289141,-98.78884229471923,-97.79569635487071
-112.76811991653909,-107.78230456633601,-106.78239005146692,-105.78247356235111,-104.78256237718932,-103.78266427013777,-102.78290269891514,-101.78344920675761,-100.78432393319595,-99.785691072069,-98.78879058616104,-97.79563698560656
-112.76813627275322,-107.78232120527005,-106.78240681819196,-105.78249048577933,-104.78257932228024,-103.78268124668287,-102.78291664720831,-101.78345834257735,-100.78432975396215,-99.78568819480266,-98.78874024171517,-97.79557894504634
-112.76815235958294,-107.78233757016365,-106.78242330877201,-105.78250713048186,-104.78259598524254,-103.7826979364531,-102.7829303191219,-101.7834672250139,-100.78433533430633,-99.78568517273582,-98.78869120303185,-97.79552217744319
-112.76816818711823,-107.78235367128119,-106.78243953355023,-105.78252350689853,-104.78261237666052,-103.78271435023366,-102.78294372560397,-101.78347586518922,-100.78434068588055,-99.78568201671945,-98.78864341520433,-97.79546663033365
-112.76818376488184,-107.78236951830998,-106.78245550228844,-105.78253962488238,-104.78262850652374,-103.78273049820389,-102.78295687698123,-101.78348427357851,-100.7843458196404,-99.78567873685809,-98.7885968265013,-97.79541225428329
-112.76819910187501,-107.78238512040711,-106.78247122421405,-105.78255549374714,-104.78264438427489,-103.78274638998587,-102.78296978300877,-101.78349246006196,-100.78435074590077,-99.78567534257253,-98.78855138813981,-97.79535900266924
-112.76821420662338,-107.78240048624546,-106.78248670806654,-105.782571122314,-104.78266001885726,-103.78276203469257,-102.78298245291874,-101.78350043397485,-100.78435547438885,-99.78567184265842,-98.78850705408126,-97.79530683148624
-112.76822908719583,-107.78241562403346,-106.78250196211744,-105.78258651893177,-104.78267541873537,-103.78277744094923,-102.78299489544364,-101.78350820413318,-100.7843600142742,-99.78566824532322,-98.78846378082844,-97.79525569915295
-112.7682437512492,-107.78243054156036,-106.7825169942158,-105.78260169152288,-104.78269059194115,-103.78279261693997,-102.78300711886297,-101.78351577888158,-100.78436437421874,-99.78566455823993,-98.78842152725782,-97.7952055663516
-112.76825820604519,-107.78244524621329,-106.78253181180546,-105.78261664760073,-104.78270554609203,-103.78280757042677,-102.78301913102365,-101.7835231661152,-100.78436856240205,-99.78566078857799,-98.78838025444996,-97.79515639586688
-112.76827245848098,-107.7824597450088,-106.78254642195695,-105.78263139430203,-104.78272028842348,-103.78282230878213,-102.78303093937338,-101.78353037331482,-100.7843725865588,-99.78565694304415,-98.78833992554432,-97.79510815244736
-112.76828651511477,-107.78247404461838,-106.78256083139296,-105.78264593841216,-104.7827348258147,-103.7828368390156,-102.78304255098766,-101.78353740757439,-100.78437645400862,-99.7856530279162,-98.78830050560298,-97.79506080267505
-112.76830038218414,-107.78248815138743,-106.7825750465076,-105.78266028638511,-104.78274916480882,-103.78285116779402,-102.78305397259065,-101.78354427562356,-100.78438017168084,-99.7856490490707,-98.78826196148155,-97.79501431484297
-112.76831406563333,-107.7825020713629,-106.78258907339426,-105.78267444437114,-104.78276331164116,-103.78286530147062,-102.7830652105853,-101.7835509838587,-100.78438374614743,-99.78564501201899,-98.78822426172111,-97.79496865885177
-112.76832757111511,-107.78251581029531,-106.78260291784767,-105.78268841821917,-104.78277727224143,-103.7828792460874,-102.78307627105595,-101.78355753834646,-100.78438718362845,-99.7856409219153,-98.78818737642324,-97.79492380609021
-112.7683409040305,-107.78252937367907,-106.78261658540438,-105.7827022135175,-104.78279105227514,-103.7828930074167,-102.78308715981042,-101.78356394486674,-100.78439049003684,-99.78563678360362,-98.78815127717405,-97.79487972936339
-112.76835406952738,-107.78254276675092,-106.7826300813414,-105.7827158355924,-104.78280465714201,-103.78290659096012,-102.78309788237948,-101.7835702089128,-100.7843936709795,-99.78563260162083,-98.78811593693372,-97.79483640278697
-112.76836707252373,-107.78255599451396,-106.78264341070022,-105.78272928953255,-104.7828180920009,-103.78292000197389,-102.7831084440427,-101.78357633571814,-100.78439673178625,-99.78562838022762,-98.78808132996244,-97.79479380171671
-112.76837991771808,-107.78256906174785,-106.7826565782972,-105.78274258019931,-104.78283136178021,-103.78293324547927,-102.78311884983914,-101.7835823302677,-100.78439967752207,-99.78562412342241,-98.78804743173755,-97.79475190266956
-112.7683926096061,-107.78258197302603,-106.78266958874093,-105.78275571224428,-104.78284447119562,-103.78294632628058,-102.78312910458592,-101.78358819731703,-100.78440251300728,-99.78561983496243,-98.7880142188836,-97.79471068325641
-112.7684051524872,-107.78259473272207,-106.7826824464385,-105.78276869011573,-104.78285742475666,-103.78295924897223,-102.78313921288552,-101.78359394140038,-100.78440524282713,-99.78561551837551,-98.78798166910161,-97.7946701221156
-112.76841755047815,-107.78260734502406,-106.78269515561027,-105.78278151807355,-104.78287022678185,-103.78297201795387,-102.78314917914106,-101.78359956684633,-100.78440787134817,-99.78561117697663,-98.78794976110711,-97.79463019885253
-112.76842980752485,-107.78261981394598,-106.78270772030092,-105.78279420020013,-104.78288288140965,-103.78298463744154,-102.78315900756809,-101.7836050777901,-100.78441040273167,-99.78560681388308,-98.78791847457396,-97.79459089398783
-112.76844192740593,-107.7826321433318,-106.78272014438403,-105.78280674040526,-104.78289539260362,-103.78299711147312,-102.78316870220019,-101.78361047817988,-100.78441284094082,-99.78560243202206,-98.78788779007395,-97.79455218889777
-112.76845391375363,-107.78264433687647,-106.78273243158286,-105.78281914244698,-104.78290776417336,-103.78300944392949,-102.78317826691014,-101.78361577179787,-100.78441518976246,-99.78559803415325,-98.7878576890375,-97.79451406577846
-112.76846577004753,-107.7826563981198,-106.78274458546441,-105.78283140992572,-104.7829199997687,-103.78302163852877,-102.78318770540497,-101.78362096225635,-100.78441745280398,-99.78559362286656,-98.787828153693,-97.79447650758686
-112.76847749963251,-107.78266833046436,-106.7827566094574,-105.78284354630208,-104.78293210289763,-103.78303369884443,-102.78319702124371,-101.78362605301541,-100.78441963351193,-99.78558920060121,-98.78779916703175,-97.79443949800834
-112.76848910572208,-107.78268013717933,-106.78276850685612,-105.78285555490122,-104.78294407693087,-103.78304562830996,-102.78320621784243,-101.78363104738852,-100.78442173517804,-99.78558476965223,-98.78777071276323,-97.79440302141303
-112.76850059140611,-107.78269182140788,-106.78278028082786,-105.78286743892004,-104.78295592510904,-103.78305743022644,-102.78321529848238,-101.78363594855087,-100.78442376094814,-99.78558033217989,-98.78774277527788,-97.79436706282107
-112.76851195965624,-107.78270338617298,-106.78279193441878,-105.7828792014331,-104.78296765054866,-103.7830691077682,-102.78322426631532,-101.78364075954501,-100.78442571382848,-99.78557589021621,-98.78771533960871,-97.79433160786532
-112.76852321332969,-107.78271483438138,-106.78280347055801,-105.782890845397,-104.78297925624682,-103.78308066398817,-102.78323312436937,-101.78364548328727,-100.78442759669288,-99.78557144567279,-98.7876883913984,-97.79429664276103
-112.76853435518734,-107.78272616884146,-106.78281489207541,-105.7829023736679,-104.78299074509837,-103.78309210183461,-102.78324187556557,-101.78365012258385,-100.78442941229864,-99.78556700035632,-98.78766191687507,-97.79426215428144
-112.76854538787902,-107.78273739224898,-106.78282620168748,-105.78291378898783,-104.78300211988287,-103.78310342413859,-102.78325052270611,-101.78365468012025,-100.78443116327723,-99.78556255596038,-98.787635902809,-97.7942281297178
-112.76855631396369,-107.78274850720705,-106.78283740201734,-105.78292509400428,-104.78301338328374,-103.78311463363313,-102.78325906849291,-101.7836591584793,-100.78443285215211,-99.7855581140824,-98.78761033649424,-97.79419455686052
-112.76856713590921,-107.7827595162262,-106.78284849559478,-105.7829362912708,-104.78302453788926,-103.78312573295422,-102.78326751552919,-101.78366356014327,-100.7844344813417,-99.78555367622772,-98.78758520572173,-97.79416142397477
-112.76857785609143,-107.78277042172338,-106.7828594848553,-105.78294738324561,-104.78303558619098,-103.7831367246393,-102.78327586631808,-101.7836678874928,-100.78443605315853,-99.78554924380832,-98.78756049874775,-97.7941287197696
-112.76858847681511,-107.7827812260431,-106.78287037216137,-105.78295837231319,-104.78304653060557,-103.78314761114929,-102.78328412328442,-101.7836721428284,-100.7844375698307,-99.78554481816421,-98.78753620428662,-97.79409643339133
-112.768599000293,-107.78279193143642,-106.7828811597814,-105.78296926076322,-104.78305737345386,-103.78315839484775,-102.7832922887546,-101.7836763283511,-100.78443903348355,-99.7855404005456,-98.78751231146713,-97.79406455438169
-112.76860942866985,-107.78280254008509,-106.78289184991388,-105.7829800508147,-104.78306811698467,-103.78316907802449,-102.78330036497952,-101.78368044618496,-100.78444044616184,-99.78553599213475,-98.78748880982907,-97.79403307267481
-112.76861976401808,-107.78281305409736,-106.78290244468323,-105.78299074461192,-104.7830787633713,-103.78317966289268,-102.78330835413264,-101.78368449837576,-100.7844418098291,-99.7855315940454,-98.78746568929914,-97.79400197857424
-112.76863000834251,-107.78282347551273,-106.7829129461446,-105.78300134422918,-104.78308931471587,-103.78319015159248,-102.78331625831292,-101.78368848689361,-100.78444312637032,-99.78552720732532,-98.78744294017173,-97.79397126273463
-112.7686401635737,-107.78283380629509,-106.78292335627701,-105.78301185166406,-104.78309977304296,-103.78320054618558,-102.78332407954004,-101.78369241362883,-100.78444439758823,-99.78552283295295,-98.78742055308449,-97.79394091613767
-112.76865023159655,-107.78284404836185,-106.78293367701255,-105.78302226886666,-104.78311014032869,-103.78321084868367,-102.7833318197825,-101.78369628041959,-100.7844456252309,-99.78551847186434,-98.78739851902556,-97.79391093010065
-112.76866021422165,-107.78285420355505,-106.7829439102074,-105.78303259771053,-104.78312041847185,-103.78322106102011,-102.78333948092977,-101.7837000890247,-100.78444681096508,-99.78551412492683,-98.7873768292892,-97.79388129623237
