6.063037768006325,0.013216039165854454,0.019559675827622414,0.0
7.006971647962928,0.013216039165854454,0.019559675827622414,0.5676355697214603
7.042895618826151,0.014821859076619148,0.028112048283219337,0.5676355697214603
7.9863032307475805,0.014821859076619148,0.028112048283219337,1.2459375746548176
8.301358411088586,0.20461912639439106,0.043737759813666344,1.2459375746548176
8.922141017392278,0.20461912639439106,0.043737759813666344,1.595856886357069
8.962268618866801,0.20548888482153416,0.07281284406781197,1.595856886357069
11.11371349543333,0.20548888482153416,0.07281284406781197,3.086073124781251
13.175327107310295,0.2114386186003685,0.100139694288373,3.086073124781251
14.696309035643935,0.2114386186003685,0.100139694288373,4.073991287499666
15.207112602889538,0.4160895813256502,0.13997030071914196,4.073991287499666
16.3744904268533,0.4160895813256502,0.13997030071914196,4.701084503903985
16.405519358813763,0.41699542850255966,0.14837978035211563,4.701084503903985
17.52450230717659,0.41699542850255966,0.14837978035211563,5.1617815010249615
17.59986648708582,0.42290754802525043,0.16505382023751736,5.1617815010249615
19.164222568273544,0.42290754802525043,0.16505382023751736,6.028710599988699
20.216737719252706,0.42696853540837765,0.18321267887949944,6.028710599988699
21.805731432512403,0.42696853540837765,0.18321267887949944,7.029793819412589
21.956344863399863,0.468235420063138,0.26401788368821144,7.029793819412589
22.997044272720814,0.468235420063138,0.26401788368821144,7.6883272640407085
23.027504922822118,0.47136058658361435,0.2717554084956646,7.6883272640407085
24.426953176036477,0.47136058658361435,0.2717554084956646,8.47534317523241
24.545253459364176,0.48226130940020084,0.27997566387057304,8.47534317523241
26.987881150096655,0.48226130940020084,0.27997566387057304,10.10646123625338
28.882465284317732,0.5188779067248106,0.3095715381205082,10.10646123625338
30.43843541480601,0.5188779067248106,0.3095715381205082,10.952516885474324
30.474045934155583,0.5199386477470398,0.3222039546817541,10.952516885474324
31.85490659624338,0.5199386477470398,0.3222039546817541,11.600979061797261
31.919662300497293,0.52095677703619,0.3391735516488552,11.600979061797261
32.86053163930774,0.52095677703619,0.3391735516488552,12.214757516980171
32.90033436566591,0.5218188520520926,0.3601317834109068,12.214757516980171
34.20109120756388,0.5218188520520926,0.3601317834109068,13.004427148029208
36.340767592191696,0.5291958712041378,0.37864432856440544,13.004427148029208
38.4859847612679,0.5291958712041378,0.37864432856440544,14.353675018996
38.51504055596888,0.5300855673849583,0.38977594673633575,14.353675018996
39.84851897880435,0.5300855673849583,0.38977594673633575,15.162233451381326
39.89363704621792,0.5310259964317083,0.4127442557364702,15.162233451381326
41.04401767998934,0.5310259964317083,0.4127442557364702,15.97000927850604
41.12158786319196,0.5319893732666969,0.42684377916157246,15.97000927850604
42.80023443326354,0.5319893732666969,0.42684377916157246,16.981045242398977
44.491960959509015,0.539067717269063,0.46097252890467644,16.981045242398977
46.21041128411889,0.539067717269063,0.46097252890467644,18.308989161625504
46.23514301516116,0.5399845857173204,0.4786327090114355,18.308989161625504
47.689186319708824,0.5399845857173204,0.4786327090114355,18.810702588409185
47.71981843188405,0.5407976526767015,0.4877744372934103,18.810702588409185
59.13533602282405,0.5407976526767015,0.4877744372934103,24.510869339108467
59.16377689689398,0.5417247712612152,0.49793326668441296,24.510869339108467
62.648933339864016,0.5417247712612152,0.49793326668441296,27.208628645166755
64.37355697154999,0.5451785456389189,0.6269998829811811,27.208628645166755
65.65607860125601,0.5451785456389189,0.6269998829811811,27.894502291455865
65.68632633797824,0.5460290741175413,0.6413275618106127,27.894502291455865
67.29695423133671,0.5460290741175413,0.6413275618106127,28.66828303411603
67.37280533276498,0.5468600280582905,0.6975578963756561,28.66828303411603
69.28499627485871,0.5468600280582905,0.6975578963756561,29.886213755235076
69.33212943933904,0.5477556344121695,0.7210354562848806,29.886213755235076
70.6818753387779,0.5477556344121695,0.7210354562848806,30.792565731331706
72.869404559955,0.5518458820879459,0.7453657798469067,30.792565731331706
74.39117497950792,0.5518458820879459,0.7453657798469067,31.868423599749804
74.44486495479941,0.5526710972189903,0.7835462242364883,31.868423599749804
75.63710220344365,0.5526710972189903,0.7835462242364883,32.664695302024484
75.66117957606912,0.5535424333065748,0.7946639321744442,32.664695302024484
77.49395365081728,0.5535424333065748,0.7946639321744442,33.881611201912165
77.5814944319427,0.5546346232295036,0.8286064472049475,33.881611201912165
79.55180890113115,0.5546346232295036,0.8286064472049475,35.348256062716246
80.65340633317828,0.5587294455617666,0.8641006331890821,35.348256062716246
81.62867856957018,0.5587294455617666,0.8641006331890821,35.87236716970801
81.74850462377071,0.5596336126327515,0.9097203966230154,35.87236716970801
83.13618183135986,0.5596336126327515,0.9097203966230154,36.71255308389664
83.16451622359455,0.5604668166488409,0.9155065715312958,36.71255308389664
84.92874376475811,0.5604668166488409,0.9155065715312958,38.1237043235451
85.00971431098878,0.5615190155804157,0.952222429215908,38.1237043235451
86.4156975839287,0.5615190155804157,0.952222429215908,39.0422104652971
87.86236791871488,0.565437676385045,0.9730079285800457,39.0422104652971
89.77059805579484,0.565437676385045,0.9730079285800457,40.23341834358871
89.80665125139058,0.566298384219408,0.9864238798618317,40.23341834358871
91.02998377382755,0.566298384219408,0.9864238798618317,41.12475083768368
91.19311034679413,0.5676452908664942,1.009958028793335,41.12475083768368
92.49501079134643,0.5676452908664942,1.009958028793335,42.0510194581002
92.73524791188538,0.5685311071574688,1.0258822292089462,42.0510194581002
93.91916942410171,0.5685311071574688,1.0258822292089462,42.803283736109734
95.63875683955848,0.5725630205124617,1.0538934338837862,42.803283736109734
97.5955719370395,0.5725630205124617,1.0538934338837862,43.85977128520608
98.00032656826079,0.5738614238798618,1.278794625774026,43.85977128520608
100.2995007187128,0.5738614238798618,1.278794625774026,45.45365285873413
100.34115642681718,0.5747599303722382,1.3020655121654272,45.45365285873413
101.71216871589422,0.5747599303722382,1.3020655121654272,46.17254229076207
102.11943281441927,0.5757863912731409,1.319173799827695,46.17254229076207
104.27693410031497,0.5757863912731409,1.319173799827695,47.41976369917393
106.20792467519641,0.5797239225357771,1.3501872196793556,47.41976369917393
107.44454447552562,0.5797239225357771,1.3501872196793556,48.04042383655906
107.47519918717444,0.5808408726006746,1.3662937637418509,48.04042383655906
109.29241425171494,0.5808408726006746,1.3662937637418509,49.511649291962385
109.31482864171267,0.5817700494080782,1.3756080381572247,49.511649291962385
110.68939177505672,0.5817700494080782,1.3756080381572247,50.38494988903403
110.74864070303738,0.5827162861824036,1.3911440297961235,50.38494988903403
112.42915667966008,0.5827162861824036,1.3911440297961235,51.476646991446614
114.78897886350751,0.5901401247829199,1.4021314661949873,51.476646991446614
116.7972693759948,0.5901401247829199,1.4021314661949873,52.73416139371693
116.82979534380138,0.5910707525908947,1.421133354306221,52.73416139371693
118.80082445032895,0.5910707525908947,1.421133354306221,54.15514246560633
119.2323531601578,0.6519651357084513,1.73655735142529,54.15514246560633
122.05743089877069,0.6519651357084513,1.73655735142529,56.25561575591564
122.19802687130868,0.6734105069190264,1.8145165834575891,56.25561575591564
124.70883904770017,0.6734105069190264,1.8145165834575891,58.051013961434364
126.79759571515024,0.6772232167422771,1.8406068831682205,58.051013961434364
128.59311065077782,0.6772232167422771,1.8406068831682205,59.05424297042191
128.63489210419357,0.6780418828129768,1.8563070353120565,59.05424297042191
130.21707251481712,0.6780418828129768,1.8563070353120565,60.04204691015184
130.25506070815027,0.6789233069866896,1.8780379239469767,60.04204691015184
131.7588401120156,0.6789233069866896,1.8780379239469767,61.26052809879184
131.82100413553417,0.6798311937600374,1.9263183288276196,61.26052809879184
134.40259562432766,0.6798311937600374,1.9263183288276196,63.10742578655481
135.31516960449517,0.6838238574564457,1.9586154036223888,63.10742578655481
137.30900545604527,0.6838238574564457,1.9586154036223888,64.59558703564107
137.3368613962084,0.6846760865300894,1.9764177184551954,64.59558703564107
139.80296472273767,0.6846760865300894,1.9764177184551954,66.32946920767426
139.81734758242965,0.6855321452021599,1.985135592520237,66.32946920767426
142.42343956790864,0.6855321452021599,1.985135592520237,68.11595807597041
142.49467557109892,0.6863883510231972,1.9932611864060163,68.11595807597041
144.7726269364357,0.6863883510231972,1.9932611864060163,69.82303670607507
146.26084572821856,0.6904567964375019,2.014606898650527,69.82303670607507
148.68023650720716,0.6904567964375019,2.014606898650527,71.54222384095192
148.8559958189726,0.6913729533553123,2.036405187100172,71.54222384095192
151.60725906305015,0.6913729533553123,2.036405187100172,73.17368161305785
151.68474585562944,0.6926589775830507,2.069469766691327,73.17368161305785
152.89396819099784,0.6926589775830507,2.069469766691327,73.71821603178978
152.91726281680167,0.6934878546744585,2.087306970730424,73.71821603178978
154.25200006365776,0.6934878546744585,2.087306970730424,74.60820373147726
157.25991886667907,0.697519900277257,2.1180582754313946,74.60820373147726
159.21960070729256,0.697519900277257,2.1180582754313946,75.80462668649852
159.42243852838874,0.7008840851485729,2.1493958923965693,75.80462668649852
161.35314272344112,0.7008840851485729,2.1493958923965693,77.01326245069504
161.41119015216827,0.701857315376401,2.1554953176528215,77.01326245069504
163.250095192343,0.701857315376401,2.1554953176528215,78.04937603510916
163.2867066077888,0.7027297392487526,2.184873666614294,78.04937603510916
164.22149749100208,0.7027297392487526,2.184873666614294,78.58760792575777
165.30773949623108,0.7259300723671913,2.1970099955797195,78.58760792575777
166.7386843841523,0.7259300723671913,2.1970099955797195,79.33408824540675
166.88821977563202,0.7268541306257248,2.202918155118823,79.33408824540675
168.2355359569192,0.7268541306257248,2.202918155118823,79.98456176929176
168.28037070669234,0.7282947767525911,2.222257576882839,79.98456176929176
170.1732889469713,0.7282947767525911,2.222257576882839,81.65303619764745
170.21674764156342,0.7291351594030857,2.257288472726941,81.65303619764745
171.84678544849157,0.7291351594030857,2.257288472726941,82.2822478916496
172.86354587227106,0.7331259828060865,2.2785772997885942,82.2822478916496
174.05679696798325,0.7331259828060865,2.2785772997885942,83.01725318655372
174.0779307037592,0.7339723985642195,2.2844967022538185,83.01725318655372
176.00405405648053,0.7339723985642195,2.2844967022538185,84.55512161552906
176.0811439268291,0.7352398615330458,2.32856747508049,84.55512161552906
177.92065420001745,0.7352398615330458,2.32856747508049,85.85443315654993
178.19341636821628,0.7409085370600224,2.3497020602226257,85.85443315654993
180.48168660141528,0.7409085370600224,2.3497020602226257,87.2156985308975
182.02389311417937,0.7457230091094971,2.3811449985951185,87.2156985308975
183.77322352305055,0.7457230091094971,2.3811449985951185,88.46690373308957
183.80071154795587,0.7466104067862034,2.3879426792263985,88.46690373308957
185.09701332636178,0.7466104067862034,2.3879426792263985,89.11566496454179
185.3764489684254,0.747583257034421,2.414173549041152,89.11566496454179
187.32415288314223,0.747583257034421,2.414173549041152,90.16964022442698
187.4329623915255,0.7484805416315794,2.441330326721072,90.16964022442698
189.35615838877857,0.7484805416315794,2.441330326721072,91.78226423636079
190.75534459203482,0.753112617880106,2.470431501045823,91.78226423636079
192.14309109188616,0.753112617880106,2.470431501045823,92.52004883438349
192.1705527678132,0.7539698034524918,2.480214484035969,92.52004883438349
193.39804779551923,0.7539698034524918,2.480214484035969,93.17094399407506
193.44977096281946,0.7548963781446218,2.5104337595403194,93.17094399407506
194.69910615123808,0.7548963781446218,2.5104337595403194,94.03966658376157
194.74867230840027,0.7558037843555212,2.544395115226507,94.03966658376157
196.3487680964172,0.7558037843555212,2.544395115226507,94.68726711161435
197.94479791633785,0.7598747406154871,2.568500626832247,94.68726711161435
198.92220696806908,0.7598747406154871,2.568500626832247,95.20277010276914
199.10025690309703,0.7647946234792471,2.6026037260890007,95.20277010276914
200.22772832773626,0.7647946234792471,2.6026037260890007,95.80564053542912
200.28039084374905,0.7659754138439894,2.6084050443023443,95.80564053542912
202.1442459989339,0.7659754138439894,2.6084050443023443,97.03944716975093
202.29229828342795,0.7672711480408907,2.652511080726981,97.03944716975093
203.6022147834301,0.7672711480408907,2.652511080726981,97.86185593344271
204.92335057631135,0.771424675360322,2.6630358081310987,97.86185593344271
206.5204567462206,0.771424675360322,2.6630358081310987,98.88823697529733
206.53562150895596,0.7722800429910421,2.6692073233425617,98.88823697529733
208.19620345905423,0.7722800429910421,2.6692073233425617,99.91697635874152
208.20812572166324,0.7732247617095709,2.6750637236982584,99.91697635874152
209.6057699751109,0.7732247617095709,2.6750637236982584,100.64703338034451
209.72941202111542,0.7742704823613167,2.689691036939621,100.64703338034451
211.1813807040453,0.7742704823613167,2.689691036939621,101.76094955019653
212.5406643692404,0.7784036677330732,2.695484073832631,101.76094955019653
214.29509583488107,0.7784036677330732,2.695484073832631,103.00432751700282
214.3680160511285,0.7792375441640615,2.73509038425982,103.00432751700282
216.02708687074482,0.7792375441640615,2.73509038425982,103.9821457695216
216.14791459403932,0.7802490945905447,2.763415453955531,103.9821457695216
217.70718230307102,0.7802490945905447,2.763415453955531,105.0256979111582
217.81830840744078,0.7811366003006697,2.803337700664997,105.0256979111582
219.47662369161844,0.7811366003006697,2.803337700664997,106.17241682484746
220.84158925525844,0.7850990388542414,2.844193695113063,106.17241682484746
222.12858787551522,0.7850990388542414,2.844193695113063,107.01077675633132
222.18678139522672,0.7860103957355022,2.855986025184393,107.01077675633132
223.73649276793003,0.7860103957355022,2.855986025184393,107.76117384061217
223.7632483188063,0.7871299553662539,2.872008252888918,107.76117384061217
225.43496692739427,0.7871299553662539,2.872008252888918,108.96921514347196
225.57043385319412,0.7880553435534239,2.897153964266181,108.96921514347196
227.2893577348441,0.7880553435534239,2.897153964266181,109.52208542637527
229.03638544119895,0.7922293823212385,2.927794536575675,109.52208542637527
230.2642522957176,0.7922293823212385,2.927794536575675,110.52687479369342
230.43931876309216,0.7931782696396112,2.9510189089924097,110.52687479369342
232.04108856245875,0.7931782696396112,2.9510189089924097,110.95288382098079
232.0778147187084,0.7941023968160152,2.976558955386281,110.95288382098079
233.60266587510705,0.7941023968160152,2.976558955386281,111.66427847370505
233.65570298023522,0.7950036451220512,3.021129859611392,111.66427847370505
234.4693574476987,0.7950036451220512,3.021129859611392,112.23542115092278
236.9091100282967,0.7994416262954473,3.067255424335599,112.23542115092278
238.00189491175115,0.7994416262954473,3.067255424335599,112.80866199731827
238.06117319129407,0.8003139551728964,3.0873139705508947,112.80866199731827
239.04885057732463,0.8003139551728964,3.0873139705508947,113.29926331527531
239.09588718786836,0.8011957425624132,3.099958596751094,113.29926331527531
240.0595000758767,0.8011957425624132,3.099958596751094,113.59968748316169
240.11967109143734,0.8020794000476599,3.1468752324581146,113.59968748316169
241.33316259644926,0.8020794000476599,3.1468752324581146,114.27052717469633
242.18193644098938,0.8182179406285286,3.1535815559327602,114.27052717469633
243.0751355495304,0.8182179406285286,3.1535815559327602,114.91071447357535
243.1030893921852,0.8190674558281898,3.158351793885231,114.91071447357535
244.52738945558667,0.8190674558281898,3.158351793885231,115.4198865685612
244.60122827999294,0.8203261382877827,3.1969622373580933,115.4198865685612
245.39760728366673,0.8203261382877827,3.1969622373580933,115.72459511458874
245.42456024698913,0.8212011326104403,3.2148962430655956,115.72459511458874
246.29577001184225,0.8212011326104403,3.2148962430655956,116.12494140304625
247.2893106676638,0.8251885697245598,3.2387247905135155,116.12494140304625
249.09866081178188,0.8251885697245598,3.2387247905135155,117.14991542696953
249.1428443789482,0.8261414654552937,3.252758711576462,117.14991542696953
251.00159673951566,0.8261414654552937,3.252758711576462,118.55959516018629
251.13916058652103,0.8270457312464714,3.261939523741603,118.55959516018629
252.58861142024398,0.8270457312464714,3.261939523741603,119.22297402471304
252.64495579525828,0.8279739078134298,3.2687949910759926,119.22297402471304
253.3672643713653,0.8279739078134298,3.2687949910759926,119.7161408290267
255.05699492618442,0.8320213556289673,3.2888828478753567,119.7161408290267
256.53849400021136,0.8320213556289673,3.2888828478753567,120.80689178407192
256.56342431530356,0.8328863829374313,3.3037980180233717,120.80689178407192
258.0063786599785,0.8328863829374313,3.3037980180233717,121.85901477746665
258.03735541924834,0.8337729200720787,3.3285097535699606,121.85901477746665
259.55478180758655,0.8337729200720787,3.3285097535699606,122.78234982863069
259.6253943480551,0.8346969597041607,3.3557090535759926,122.78234982863069
261.3938524071127,0.8346969597041607,3.3557090535759926,124.19958703964949
261.8600184749812,0.8385813795030117,3.368608497083187,124.19958703964949
263.3439291063696,0.8385813795030117,3.368608497083187,125.26212050765753
263.37369032390416,0.8394616264849901,3.379590542986989,125.26212050765753
264.3188444636762,0.8394616264849901,3.379590542986989,125.82542116753757
264.3584172744304,0.840742377564311,3.393554935231805,125.82542116753757
265.4777731951326,0.840742377564311,3.393554935231805,126.57294155657291
265.5017196442932,0.8416447341442108,3.39851132966578,126.57294155657291
266.9918086491525,0.8416447341442108,3.39851132966578,127.68833277188241
267.41345297545195,0.8455268386751413,3.4223640859127045,127.68833277188241
268.81648064032197,0.8455268386751413,3.4223640859127045,128.5607345327735
268.8361681587994,0.8463903740048409,3.4271268360316753,128.5607345327735
270.61000807769597,0.8463903740048409,3.4271268360316753,130.13134797476232
270.6539944615215,0.8473283797502518,3.444000383839011,130.13134797476232
272.4580485858023,0.8473283797502518,3.444000383839011,131.52961259149015
272.5068593900651,0.8482409846037626,3.4658813048154116,131.52961259149015
274.58912834338844,0.8482409846037626,3.4658813048154116,133.19201818481088
275.01738901622593,0.8522465582937002,3.484584314748645,133.19201818481088
276.32963837869465,0.8522465582937002,3.484584314748645,134.21463920734823
276.3463510721922,0.8530475459992886,3.492493014782667,134.21463920734823
277.7288938835263,0.8530475459992886,3.492493014782667,135.2374665196985
277.75234819203615,0.8539410941302776,3.4974032789468765,135.2374665196985
279.22082268446684,0.8539410941302776,3.4974032789468765,136.1853315383196
279.24017574451864,0.85486782155931,3.5021895486861467,136.1853315383196
281.3764157295227,0.85486782155931,3.5021895486861467,137.17582494579256
282.6306205280125,0.8615708015859127,3.5456845555454493,137.17582494579256
284.2856570519507,0.8615708015859127,3.5456845555454493,138.2052504234016
284.3473388347775,0.8625057097524405,3.58413240686059,138.2052504234016
285.35967399552464,0.8625057097524405,3.58413240686059,138.97936062142253
285.4050554037094,0.8637148644775152,3.599293291568756,138.97936062142253
286.99531498365104,0.8637148644775152,3.599293291568756,140.16381494142115
287.0149359218776,0.8645544592291117,3.606086516752839,140.16381494142115
288.98452409543097,0.8645544592291117,3.606086516752839,141.1715123411268
289.95236312039196,0.868462584912777,3.624609522521496,141.1715123411268
291.4561107419431,0.868462584912777,3.624609522521496,142.220349393785
291.5032312143594,0.8693645931780338,3.634759273380041,142.220349393785
292.88286891952157,0.8693645931780338,3.634759273380041,143.19683481752872
292.9174856673926,0.8702317290008068,3.6396444849669933,143.19683481752872
294.5799957122654,0.8702317290008068,3.6396444849669933,144.3095204140991
294.62244882807136,0.8711500652134418,3.660503104329109,144.3095204140991
296.1796507202089,0.8711500652134418,3.660503104329109,145.44866864569485
298.2620629053563,0.8757282271981239,3.6941444035619497,145.44866864569485
299.80234205909073,0.8757282271981239,3.6941444035619497,146.17912516370416
299.82694179937243,0.8766965828835964,3.7082883790135384,146.17912516370416
300.4303340911865,0.8766965828835964,3.7082883790135384,146.5669641662389
300.44899773970246,0.8776651006191969,3.7171495743095875,146.5669641662389
302.3265690598637,0.8776651006191969,3.7171495743095875,147.76853034831583
302.38377285189927,0.8787272404879332,3.754094546660781,147.76853034831583
303.9030529242009,0.8787272404879332,3.754094546660781,148.85283397510648
305.8708035312593,0.8839199896901846,3.7936186380684376,148.85283397510648
307.2858170811087,0.8839199896901846,3.7936186380684376,149.83622951246798
307.33500247076154,0.8849188480526209,3.82537411339581,149.83622951246798
309.2877984587103,0.8849188480526209,3.82537411339581,151.2831993792206
309.40514292009175,0.8858204856514931,3.8731602486222982,151.2831993792206
311.0075170751661,0.8858204856514931,3.8731602486222982,152.45326859131455
311.0432626027614,0.886778773739934,3.8959639072418213,152.45326859131455
312.23179727233946,0.886778773739934,3.8959639072418213,153.0890536736697
313.6480394937098,0.8909165523946285,3.920050060376525,153.0890536736697
314.8524006269872,0.8909165523946285,3.920050060376525,153.81895580329
314.8947598002851,0.8918915819376707,3.949894329532981,153.81895580329
316.38210508413613,0.8918915819376707,3.949894329532981,154.86466765776277
316.4397901427001,0.892881479114294,3.9950821958482265,154.86466765776277
318.15057668089867,0.892881479114294,3.9950821958482265,155.77534670196474
318.2894871328026,0.8939343318343163,4.04660352319479,155.77534670196474
320.3825891893357,0.8939343318343163,4.04660352319479,157.29494334943593
321.98699386417866,0.8979608360677958,4.089580716565251,157.29494334943593
323.7015021312982,0.8979608360677958,4.089580716565251,158.51365082338452
323.7552427072078,0.8989026937633753,4.11620126478374,158.51365082338452
325.7318216115236,0.8989026937633753,4.11620126478374,159.74401380307972
325.8361207470298,0.8998956512659788,4.145180217921734,159.74401380307972
327.4087225664407,0.8998956512659788,4.145180217921734,160.81209055520594
327.51072008535266,0.9009152501821518,4.175557017326355,160.81209055520594
328.84352337569,0.9009152501821518,4.175557017326355,161.71236013434827
329.6838837508112,0.9050196669995785,4.2174830716103315,161.71236013434827
331.1815320570022,0.9050196669995785,4.2174830716103315,162.75472682714462
331.2817089240998,0.9059666451066732,4.2835562992841005,162.75472682714462
333.02703220769763,0.9059666451066732,4.2835562992841005,163.95672339946032
333.1440509278327,0.9070893656462431,4.340295011177659,163.95672339946032
334.2869876921177,0.9070893656462431,4.340295011177659,164.73251953534782
334.3245882354677,0.9080451019108295,4.361178521066904,164.73251953534782
336.508090864867,0.9080451019108295,4.361178521066904,165.9939520061016
339.0798009559512,0.9362580608576536,4.410049166530371,165.9939520061016
339.9045314602554,0.9362580608576536,4.410049166530371,166.582146583125
340.00361042283475,0.9378705732524395,4.477827034890652,166.582146583125
340.87643878906965,0.9378705732524395,4.477827034890652,167.2001219149679
340.9943646080792,0.9401473570615053,4.533411156386137,167.2001219149679
342.3466320410371,0.9401473570615053,4.533411156386137,168.04020949825644
342.40122415311635,0.94113664701581,4.5758683905005455,168.04020949825644
343.8201661352068,0.94113664701581,4.5758683905005455,168.801582576707
345.39522646181285,0.9454815778881311,4.598008845001459,168.801582576707
347.1432479862124,0.9454815778881311,4.598008845001459,169.76390902884305
347.1665652114898,0.9464670456945896,4.612471088767052,169.76390902884305
348.7503455989063,0.9464670456945896,4.612471088767052,170.95624519698322
348.7811712976545,0.9474352952092886,4.624060977250338,170.95624519698322
350.1023850198835,0.9474352952092886,4.624060977250338,171.46861004270613
350.2203672789037,0.9484673254191875,4.651778817176819,171.46861004270613
351.60612155869603,0.9484673254191875,4.651778817176819,172.23976036161184
353.2958932630718,0.9527077320963144,4.701745845377445,172.23976036161184
354.7036479562521,0.9527077320963144,4.701745845377445,173.169224396348
354.7966253347695,0.9554582759737968,4.768583707511425,173.169224396348
356.9020786937326,0.9554582759737968,4.768583707511425,174.45719167776406
356.97885186225176,0.9563972353935242,4.813925446942449,174.45719167776406
358.7575505487621,0.9563972353935242,4.813925446942449,175.60009618848562
358.8818411268294,0.9578506518155336,4.881588341668248,175.60009618848562
360.31708427518606,0.9578506518155336,4.881588341668248,176.69708454981446
362.10099583119154,0.962022801861167,4.939375823363662,176.69708454981446
363.0450284499675,0.962022801861167,4.939375823363662,177.1310235466808
363.2273843642324,0.9677702002227306,5.005654275417328,177.1310235466808
364.75800413638353,0.9677702002227306,5.005654275417328,178.4941857624799
364.84996666945517,0.9687383472919464,5.0648429822176695,178.4941857624799
366.78070554323494,0.9687383472919464,5.0648429822176695,180.04161540046334
366.82565189525485,0.9696666542440653,5.095464596524835,180.04161540046334
368.1894852556288,0.9696666542440653,5.095464596524835,181.05560809746385
368.75469066016376,0.9739088546484709,5.136200077831745,181.05560809746385
370.182855155319,0.9739088546484709,5.136200077831745,182.07524286210537
370.2478965707123,0.9748825915157795,5.170101450756192,182.07524286210537
371.73122718930244,0.9748825915157795,5.170101450756192,183.15752922929823
371.78179388679564,0.9758955202996731,5.199013292789459,183.15752922929823
373.2384607437998,0.9758955202996731,5.199013292789459,184.23217294365168
373.2813371475786,0.9768654480576515,5.227671658620238,184.23217294365168
374.7430084403604,0.9768654480576515,5.227671658620238,185.29659653827548
375.33363954909146,0.9811855275183916,5.265159230679274,185.29659653827548
376.95476736687124,0.9811855275183916,5.265159230679274,186.34546015784144
377.0628446917981,0.9821504149585962,5.331366891041398,186.34546015784144
378.40669175609946,0.9821504149585962,5.331366891041398,187.49317425116897
378.426346603781,0.983114093542099,5.343304166570306,187.49317425116897
379.9164558593184,0.983114093542099,5.343304166570306,188.8191299699247
379.99642238765955,0.9840422123670578,5.406018791720271,188.8191299699247
381.4589847829193,0.9840422123670578,5.406018791720271,189.88381880521774
382.00060205720365,0.9881507270038128,5.444961611181498,189.88381880521774
383.46189435198903,0.9881507270038128,5.444961611181498,190.9645079728216
383.5120841115713,0.9891511742025614,5.47274237126112,190.9645079728216
385.77648937515914,0.9891511742025614,5.47274237126112,192.8633902221918
385.8208631761372,0.9901322834193707,5.504331203177571,192.8633902221918
387.1181546691805,0.9901322834193707,5.504331203177571,193.7985264658928
387.15694534778595,0.9910324402153492,5.536301860585809,193.7985264658928
388.5024094507098,0.9910324402153492,5.536301860585809,194.75695488229394
389.0433595124632,0.9953149668872356,5.569089736789465,194.75695488229394
390.4375991001725,0.9953149668872356,5.569089736789465,195.763909868896
390.48150635138154,0.9963275343179703,5.595604633912444,195.763909868896
391.9387441407889,0.9963275343179703,5.595604633912444,196.8406108506024
391.98048802278936,0.997306102886796,5.619226636365056,196.8406108506024
393.637691186741,0.997306102886796,5.619226636365056,197.91868092864752
393.74968227371573,0.9983532838523388,5.702712660655379,197.91868092864752
395.2981541790068,0.9983532838523388,5.702712660655379,199.06067266315222
396.2705585900694,1.0025183409452438,5.767862301319838,199.06067266315222
397.58321109227836,1.0025183409452438,5.767862301319838,199.90550570376217
397.6315436158329,1.0064385645091534,5.7961959429085255,199.90550570376217
398.87055842764676,1.0064385645091534,5.7961959429085255,200.7095870822668
399.2580007929355,1.0076576173305511,5.838696889579296,200.7095870822668
400.21033518761396,1.0076576173305511,5.838696889579296,201.44701714254916
400.2406257931143,1.0086173955351114,5.856230277568102,201.44701714254916
401.9191984478384,1.0086173955351114,5.856230277568102,202.45113981701434
402.71839212439954,1.01285295560956,5.92084470950067,202.45113981701434
404.03310905210674,1.01285295560956,5.92084470950067,203.34219204448164
404.10648676753044,1.0138260945677757,5.971585638821125,203.34219204448164
405.252028606832,1.0138260945677757,5.971585638821125,204.12181734479964
405.2975436002016,1.0147995818406343,6.006501255556941,204.12181734479964
406.5408557243645,1.0147995818406343,6.006501255556941,204.70532185956836
406.60958493873477,1.0179816000163555,6.0470962356776,204.70532185956836
407.5661495234817,1.0179816000163555,6.0470962356776,205.24766012467444
408.50170398131013,1.0221679955720901,6.055960921570659,205.24766012467444
409.37288181483746,1.0221679955720901,6.055960921570659,205.76677582412958
409.4630061928183,1.0231792647391558,6.120090221986175,205.76677582412958
410.95924317091703,1.0231792647391558,6.120090221986175,206.75175656937063
411.0596936028451,1.024151673540473,6.193297114223242,206.75175656937063
412.07253905944526,1.024151673540473,6.193297114223242,207.33168949000537
412.1573502179235,1.0251461397856474,6.261669473722577,207.33168949000537
413.9025788195431,1.0251461397856474,6.261669473722577,208.17833413369954
414.9309902768582,1.0316104423254728,6.270847175270319,208.17833413369954
417.10865860804915,1.0316104423254728,6.270847175270319,209.55924225226045
417.3184575550258,1.0327240824699402,6.30880131572485,209.55924225226045
418.734631376341,1.0327240824699402,6.30880131572485,210.54579159617424
418.7723593916744,1.0336542874574661,6.334579557180405,210.54579159617424
420.11712979339063,1.0336542874574661,6.334579557180405,211.56728292442858
420.37085648439825,1.0348066184669733,6.377679344266653,211.56728292442858
421.2864414919168,1.0348066184669733,6.377679344266653,212.18232927285135
422.00820717588067,1.0390216652303934,6.413176741451025,212.18232927285135
423.30507577210665,1.0390216652303934,6.413176741451025,213.0302909705788
423.34658434800804,1.0400196127593517,6.4471008367836475,213.0302909705788
424.6113797929138,1.0400196127593517,6.4471008367836475,213.93635412678123
424.6372116673738,1.0409696903079748,6.466497739776969,213.93635412678123
425.9759127665311,1.0409696903079748,6.466497739776969,214.81324592605233
426.00384179875255,1.041940577328205,6.488137304782867,214.81324592605233
427.3777403868735,1.041940577328205,6.488137304782867,215.67801074124873
428.0633531641215,1.0464890208095312,6.527444671839476,215.67801074124873
429.4606618192047,1.0464890208095312,6.527444671839476,216.6549732349813
429.49743188917637,1.0474641900509596,6.557856662198901,216.6549732349813
431.24593601189554,1.0474641900509596,6.557856662198901,218.14840769954026
431.33509090170264,1.048412187024951,6.633326536044478,218.14840769954026
432.22134056687355,1.048412187024951,6.633326536044478,218.75765576772392
432.2936849016696,1.049351355060935,6.698058554902673,218.75765576772392
433.3622014001012,1.049351355060935,6.698058554902673,219.6210180260241
434.0349646396935,1.0536978263407946,6.728940233588219,219.6210180260241
435.469124995172,1.0536978263407946,6.728940233588219,220.58010531403124
435.5519232451916,1.0587055999785662,6.791798552498221,220.58010531403124
437.38346906378865,1.0587055999785662,6.791798552498221,221.71852846071124
437.4835780672729,1.0597021747380495,6.871284460648894,221.71852846071124
439.1218118350953,1.0597021747380495,6.871284460648894,222.93306359648705
439.2219570912421,1.0611129608005285,6.9412217400968075,222.93306359648705
440.61285238713026,1.0611129608005285,6.9412217400968075,224.14948213659227
441.73845776356757,1.0774036888033152,6.956129690632224,224.14948213659227
443.16696973517537,1.0774036888033152,6.956129690632224,225.13789140619338
443.2076462563127,1.0782510247081518,6.985411239787936,225.13789140619338
444.5288353562355,1.0782510247081518,6.985411239787936,226.03385104238987
444.56411703675985,1.0791898854076862,7.014215879142284,226.03385104238987
445.95095400698483,1.0791898854076862,7.014215879142284,227.01240415871143
446.0434730090201,1.0802842266857624,7.055537214502692,227.01240415871143
447.946216031909,1.0802842266857624,7.055537214502692,228.34637462720275
449.0279520880431,1.084616519510746,7.064799297600985,228.34637462720275
450.6973448768258,1.084616519510746,7.064799297600985,229.42911997064948
450.8054296411574,1.0856065396219492,7.10336777754128,229.42911997064948
452.5145729351789,1.0856065396219492,7.10336777754128,230.4993277490139
452.55523890815675,1.0865620076656342,7.132908519357443,230.4993277490139
453.4362369850278,1.0865620076656342,7.132908519357443,230.90072885528207
453.50891170836985,1.0875517968088388,7.176320442929864,230.90072885528207
454.3501719404012,1.0875517968088388,7.176320442929864,231.2222252264619
457.33044322021306,1.0917317848652601,7.220137532800436,231.2222252264619
458.44584711641073,1.0917317848652601,7.220137532800436,232.05185786262155
458.4847341030836,1.0927432719618082,7.248710360378027,232.05185786262155
459.80713639594615,1.0927432719618082,7.248710360378027,232.59243818372488
459.89494809135795,1.0937962718307972,7.2974277045577765,232.59243818372488
461.24862688034773,1.0937962718307972,7.2974277045577765,233.60197034850717
461.29625599086285,1.0947227720171213,7.3250585328787565,233.60197034850717
463.42122215405107,1.0947227720171213,7.3250585328787565,234.9308178834617
464.5157020278275,1.0988163705915213,7.401008697226644,234.9308178834617
465.9000914823264,1.0988163705915213,7.401008697226644,235.82475630007684
465.9400722403079,1.0997973587363958,7.432187281548977,235.82475630007684
467.60994383879006,1.0997973587363958,7.432187281548977,236.74440086260438
467.67721628956497,1.100744554772973,7.47006100974977,236.74440086260438
469.41795717552304,1.100744554772973,7.47006100974977,237.9304736442864
469.466167466715,1.1017210148274899,7.504796292632818,237.9304736442864
471.06537877582014,1.1017210148274899,7.504796292632818,239.0968051366508
471.84617150761187,1.1133945416659117,7.538793368265033,239.0968051366508
473.6041197460145,1.1133945416659117,7.538793368265033,240.42317718453705
473.63805411197245,1.114298976957798,7.5524415746331215,240.42317718453705
475.5303183160722,1.114298976957798,7.5524415746331215,241.4943784251809
475.57305890507996,1.1152724474668503,7.581764634698629,241.4943784251809
477.0481468681246,1.1152724474668503,7.581764634698629,242.33627080917358
477.0864388644695,1.1162481661885977,7.603265058249235,242.33627080917358
479.12633410282433,1.1162481661885977,7.603265058249235,243.66525482572615
480.32598401606083,1.1209223847836256,7.6688239350914955,243.66525482572615
481.8591273557395,1.1209223847836256,7.6688239350914955,244.80910972505808
482.0101432558149,1.1221125572919846,7.677971238270402,244.80910972505808
483.6001950073987,1.1221125572919846,7.677971238270402,245.70547303929925
483.69556958414614,1.1231389790773392,7.7020387295633554,245.70547303929925
485.2338978610933,1.1231389790773392,7.7020387295633554,246.77627418003976
485.30997276492417,1.124214006587863,7.726370936259627,246.77627418003976
486.7091107349843,1.124214006587863,7.726370936259627,247.74007557705045
487.69779327884316,1.1284370217472315,7.735565567389131,247.74007557705045
489.5308483764529,1.1284370217472315,7.735565567389131,248.83005900867283
489.61105276830494,1.1389526296406984,7.787700103595853,248.83005900867283
491.1266929078847,1.1389526296406984,7.787700103595853,249.86121621914208
491.19507962837815,1.139954436570406,7.822430534288287,249.86121621914208
492.5176466628909,1.139954436570406,7.822430534288287,250.8109871353954
492.59238793328404,1.1408851835876703,7.8528997134417295,250.8109871353954
494.0558324176818,1.1408851835876703,7.8528997134417295,251.85910787433386
494.9966682754457,1.1448873970657587,7.861981073394418,251.85910787433386
496.0267979558557,1.1448873970657587,7.861981073394418,252.4226200953126
496.08784608729184,1.1458908263593912,7.8952348344028,252.4226200953126
497.16464085131884,1.1458908263593912,7.8952348344028,253.25460720807314
497.2380640376359,1.1467957738786936,7.952552465721965,253.25460720807314
498.66078460775316,1.1467957738786936,7.952552465721965,254.13622092455626
498.7094239592552,1.1478385515511036,7.987362328916788,254.13622092455626
499.8719657678157,1.1478385515511036,7.987362328916788,255.0153253953904
500.7933709230274,1.1519824583083391,8.069356413558125,255.0153253953904
502.22588217817247,1.1519824583083391,8.069356413558125,256.0423010252416
502.2530592363328,1.1529534365981817,8.088079573586583,256.0423010252416
503.3650832604617,1.1529534365981817,8.088079573586583,256.87750275433064
503.42286840081215,1.1539421938359737,8.132970672100782,256.87750275433064
504.8610635716468,1.1539421938359737,8.132970672100782,257.83233368210495
504.8792985640466,1.1550332959741354,8.142171334475279,257.83233368210495
506.36924872361124,1.1550332959741354,8.142171334475279,258.9258424397558
507.3126664310694,1.1591690052300692,8.171447031199932,258.9258424397558
508.51486891135573,1.1591690052300692,8.171447031199932,259.8362434376031
508.59249288775027,1.1601119618862867,8.237325355410576,259.8362434376031
510.0595890879631,1.1601119618862867,8.237325355410576,260.732431108132
510.11065023578703,1.1610865835100412,8.267352318391204,260.732431108132
511.8661341164261,1.1610865835100412,8.267352318391204,261.9783615488559
511.94076343625784,1.1623703073710203,8.295800043269992,261.9783615488559
512.6309953499585,1.1623703073710203,8.295800043269992,262.51950161345303
513.3854811880738,1.1665578484535217,8.326132122427225,262.51950161345303
514.7588548362255,1.1665578484535217,8.326132122427225,263.5459892451763
514.7949017193168,1.1674953438341618,8.351803941652179,263.5459892451763
516.356623833999,1.1674953438341618,8.351803941652179,264.4582783859223
516.4081512875855,1.1684893127530813,8.372382095083594,264.4582783859223
517.4486441519111,1.1684893127530813,8.372382095083594,265.22807626239955
517.5034506190568,1.1694763731211424,8.40407046675682,265.22807626239955
518.5756643079221,1.1694763731211424,8.40407046675682,266.0426479950547
519.8029087781906,1.1737254727631807,8.422369331121445,266.0426479950547
520.830117451027,1.1737254727631807,8.422369331121445,266.6552705466747
520.8842967953533,1.1753140799701214,8.448967650532722,266.6552705466747
522.6689846478403,1.1753140799701214,8.448967650532722,267.76154973357916
522.7337593194097,1.1762689556926489,8.500043958425522,267.76154973357916
524.1801783349365,1.1762689556926489,8.500043958425522,268.74811788648367
524.2394050527364,1.1771998330950737,8.548535415902734,268.74811788648367
525.4888004995883,1.1771998330950737,8.548535415902734,269.5206392221153
526.6614435259253,1.2166520711034536,8.597238659858704,269.5206392221153
527.6796822324395,1.2166520711034536,8.597238659858704,270.4167330004275
527.830797880888,1.2177405785769224,8.646048672497272,270.4167330004275
529.2777876574546,1.2177405785769224,8.646048672497272,271.3371842764318
529.2990208864212,1.2187084555625916,8.65581045486033,271.3371842764318
530.7021524887532,1.2187084555625916,8.65581045486033,272.40495260991156
530.7719849068671,1.219736846163869,8.69435222633183,272.40495260991156
532.2988351881504,1.219736846163869,8.69435222633183,273.15333209373057
533.1061764471233,1.2238655220717192,8.717007670551538,273.15333209373057
534.2429232839495,1.2238655220717192,8.717007670551538,273.67263993807137
534.2887757588178,1.2248630784451962,8.746935961768031,273.67263993807137
535.5030271876603,1.2248630784451962,8.746935961768031,274.59070640802383
535.5383812393993,1.2258114665746689,8.770506901666522,274.59070640802383
536.8910875990987,1.2258114665746689,8.770506901666522,275.37608340382576
536.9513936899602,1.2267816346138716,8.816653555259109,275.37608340382576
538.3105337917805,1.2267816346138716,8.816653555259109,276.34274022467434
539.4099604766816,1.2316816877573729,8.888369247317314,276.34274022467434
541.3181337676942,1.2316816877573729,8.888369247317314,277.142694786191
541.3694227989763,1.2326755058020353,8.905872223898768,277.142694786191
543.01593513228,1.2326755058020353,8.905872223898768,278.2901129126549
543.0708048082888,1.2336707543581724,8.933482939377427,278.2901129126549
544.3717523291707,1.2336707543581724,8.933482939377427,279.08263269253075
544.4197594188154,1.2346513215452433,8.968140689656138,279.08263269253075
545.5477149002254,1.2346513215452433,8.968140689656138,279.9302271362394
546.6423245947808,1.241417396813631,8.994736326858401,279.9302271362394
548.0431770998985,1.241417396813631,8.994736326858401,280.72789607197046
548.090226540342,1.242356225848198,9.035225173458457,280.72789607197046
550.0709499884397,1.242356225848198,9.035225173458457,282.09830785542727
550.1123492233455,1.2433113735169172,9.06701018102467,282.09830785542727
551.4905406516045,1.2433113735169172,9.06701018102467,283.0850995220244
551.5485121682286,1.2443261742591858,9.107622142881155,283.0850995220244
552.998209733516,1.2443261742591858,9.107622142881155,284.169324234128
553.8475807178766,1.2490225154906511,9.143161868676543,284.169324234128
555.0099331531674,1.2490225154906511,9.143161868676543,284.9183015488088
555.0439259093255,1.2500296737998724,9.167888520285487,284.9183015488088
556.3814196363091,1.2500296737998724,9.167888520285487,285.9056783653796
556.4197564125061,1.250917362049222,9.191867157816887,285.9056783653796
557.8499933164567,1.250917362049222,9.191867157816887,286.88417913764715
557.8959516249597,1.251882079988718,9.23158236220479,286.88417913764715
559.2086415048689,1.251882079988718,9.23158236220479,287.82621251791716
559.9741140697151,1.255965106189251,9.245445432141423,287.82621251791716
561.1601297780871,1.255965106189251,9.245445432141423,288.76712720654905
561.1954817492515,1.2569429464638233,9.268234219402075,288.76712720654905
562.1558073908091,1.2569429464638233,9.268234219402075,289.4328825492412
562.183515612036,1.257879452779889,9.282973615452647,289.4328825492412
563.4677400998771,1.257879452779889,9.282973615452647,290.3513387180865
563.5489639993757,1.2589044403284788,9.343243384733796,290.3513387180865
564.9495790284127,1.2589044403284788,9.343243384733796,291.3484058789909
566.2544829621911,1.263101290911436,9.35317225009203,291.3484058789909
567.2513821199536,1.263101290911436,9.35317225009203,291.8761616125703
567.3015447873622,1.2640625685453415,9.395032042637467,291.8761616125703
568.8314379863441,1.2640625685453415,9.395032042637467,292.73773930594325
568.9146847426891,1.2652022279798985,9.42595437169075,292.73773930594325
570.3397841509432,1.2652022279798985,9.42595437169075,293.72782335430384
570.3875616230071,1.266184227541089,9.458508411422372,293.72782335430384
572.2306003347039,1.266184227541089,9.458508411422372,294.63000816479325
573.3932887390256,1.270313935354352,9.475190494209528,294.63000816479325
574.3970131240785,1.270313935354352,9.475190494209528,295.24027755111456
574.4652837123722,1.271322164684534,9.524894002825022,295.24027755111456
575.2614228595048,1.271322164684534,9.524894002825022,295.54341546818614
575.4665010701865,1.2724668364971876,9.548778481781483,295.54341546818614
576.1021277811378,1.2724668364971876,9.548778481781483,295.9015734642744
576.1290954556316,1.273533707484603,9.562315996736288,295.9015734642744
577.1988455373794,1.273533707484603,9.562315996736288,296.6061631590128
579.138408606872,1.2776683531701565,9.604895122349262,296.6061631590128
580.3829360790551,1.2776683531701565,9.604895122349262,297.0309734623879
580.4235940612853,1.278636422008276,9.632488837465644,297.0309734623879
581.6029247064143,1.278636422008276,9.632488837465644,297.542520230636
581.8545789774507,1.2795900087803602,9.644286949187517,297.542520230636
582.7453645784408,1.2795900087803602,9.644286949187517,298.20312059111893
582.7967869602144,1.2837105058133602,9.680077271535993,298.20312059111893
583.9044848121703,1.2837105058133602,9.680077271535993,298.753269912675
585.8996214512736,1.2878186460584402,9.723098237067461,298.753269912675
587.3972532860935,1.2878186460584402,9.723098237067461,299.8035968504846
587.613024994731,1.2913054823875427,9.76109422929585,299.8035968504846
589.5746862404048,1.2913054823875427,9.76109422929585,300.98407556675375
589.6139635741711,1.2922498993575573,9.77067743986845,300.98407556675375
590.5308576431125,1.2922498993575573,9.77067743986845,301.25649012997746
590.5737654268742,1.2932140342891216,9.784578189253807,301.25649012997746
591.7181932684034,1.2932140342891216,9.784578189253807,301.6599266137928
592.4554416015744,1.2975051663815975,9.823647821322083,301.6599266137928
594.4166103564203,1.2975051663815975,9.823647821322083,302.6277679670602
594.463495772332,1.2983962446451187,9.858107266947627,302.6277679670602
595.8696061428636,1.2983962446451187,9.858107266947627,303.05064640566707
595.9466584641486,1.2994076255708933,9.924156364053488,303.05064640566707
597.4567976631224,1.2994076255708933,9.924156364053488,304.1395235043019
597.5148534793407,1.300527986139059,9.933614181354642,304.1395235043019
599.3620634786785,1.300527986139059,9.933614181354642,305.3610293697566
601.896564386785,1.3048300314694643,10.019630694761872,305.3610293697566
603.3151070978492,1.3048300314694643,10.019630694761872,306.1415335480124
603.3909820672125,1.305739650502801,10.076757853850722,306.1415335480124
604.7346219569445,1.305739650502801,10.076757853850722,306.90405916422606
604.8190660364926,1.3067378383129835,10.115725109353662,306.90405916422606
606.4498289506882,1.3067378383129835,10.115725109353662,307.9922431316227
606.5239164140075,1.307839935645461,10.12663795426488,307.9922431316227
608.3351633660495,1.307839935645461,10.12663795426488,308.91738661937416
610.4200688749552,1.3140725083649158,10.155071001499891,308.91738661937416
612.7589036468416,1.3140725083649158,10.155071001499891,310.5672061406076
612.7845601551235,1.3150463365018368,10.171593375504017,310.5672061406076
614.209079567343,1.3150463365018368,10.171593375504017,311.41761586256325
614.2935945484787,1.3162362463772297,10.195554783567786,311.41761586256325
616.1121180392802,1.3162362463772297,10.195554783567786,312.4408264849335
616.2883783169091,1.3172398824244738,10.273413332179189,312.4408264849335
617.822576507926,1.3172398824244738,10.273413332179189,313.3511987403035
618.7982132714242,1.3214579652994871,10.29626432992518,313.3511987403035
620.2381674908102,1.3214579652994871,10.29626432992518,314.1366919185966
620.3017995487899,1.3223812822252512,10.347658306360245,314.1366919185966
622.1226240582764,1.3223812822252512,10.347658306360245,315.45964501053095
622.2265649959445,1.3760813008993864,10.386638363823295,315.45964501053095
623.6593643054366,1.3760813008993864,10.386638363823295,316.6328957732767
623.7917201500386,1.3873037938028574,10.40327568911016,316.6328957732767
625.3752552680671,1.3873037938028574,10.40327568911016,317.5146783683449
626.7670437321067,1.392172584310174,10.467228811234236,317.5146783683449
627.7805327549577,1.392172584310174,10.467228811234236,318.03509998880327
628.0896702595055,1.3933036848902702,10.48148388788104,318.03509998880327
629.4101755153388,1.3933036848902702,10.48148388788104,318.68002398498356
629.5221747476608,1.3942891713231802,10.557044560089707,318.68002398498356
630.9473012741655,1.3942891713231802,10.557044560089707,319.43941562995315
631.0457186345011,1.3952903002500534,10.615418303757906,319.43941562995315
632.36502979137,1.3952903002500534,10.615418303757906,320.3901334647089
634.9232267979532,1.4041716791689396,10.644088484346867,320.3901334647089
636.1270664781332,1.4041716791689396,10.644088484346867,321.0677733644843
636.2527626883239,1.4054049104452133,10.666611168533564,321.0677733644843
637.0881043970585,1.4054049104452133,10.666611168533564,321.53915215469897
637.121670467779,1.4062977861613035,10.689275605604053,321.53915215469897
638.5095110237598,1.4062977861613035,10.689275605604053,322.29183258861303
638.7067500725389,1.4073825366795063,10.699194572865963,322.29183258861303
639.5366225671023,1.4073825366795063,10.699194572865963,322.80178026109934
641.8095135111362,1.436675412580371,10.767848640680313,322.80178026109934
642.9665681179613,1.436675412580371,10.767848640680313,323.58671826682985
643.0500028524548,1.437683219090104,10.827495506033301,323.58671826682985
644.022714426741,1.437683219090104,10.827495506033301,324.14864109270275
644.107644347474,1.4386408161371946,10.898186391219497,324.14864109270275
645.0795186311007,1.4386408161371946,10.898186391219497,324.9214515648782
645.1489193234593,1.4397319350391626,10.93027325347066,324.9214515648782
646.8137925025076,1.4397319350391626,10.93027325347066,325.7552013080567
648.1646869927645,1.4439130891114473,10.987260462716222,325.7552013080567
649.697570875287,1.4439130891114473,10.987260462716222,326.7072801217437
649.7752823084593,1.4448693078011274,11.014341928064823,326.7072801217437
651.0669646561146,1.4448693078011274,11.014341928064823,327.2335819154978
651.1056041177362,1.4458399657160044,11.03788623958826,327.2335819154978
652.8305980954319,1.4458399657160044,11.03788623958826,328.5728099774569
652.8465199321508,1.446801844984293,11.047451401129365,328.5728099774569
654.5448816362768,1.446801844984293,11.047451401129365,329.5770197492093
655.8778020720929,1.4617173708975315,11.09378064237535,329.5770197492093
657.1892201416194,1.4617173708975315,11.09378064237535,330.30919487401843
657.2394192907959,1.462677575647831,11.133685516193509,330.30919487401843
658.5417685117573,1.462677575647831,11.133685516193509,331.15809621475637
658.6198314707726,1.464428735896945,11.19452129676938,331.15809621475637
660.5779818948358,1.464428735896945,11.19452129676938,332.4767517428845
660.6057059522718,1.4653808530420065,11.215774225071073,332.4767517428845
661.3092213962227,1.4653808530420065,11.215774225071073,332.9512977749109
662.3380826544017,1.4742654990404844,11.224947359412909,332.9512977749109
663.570285314694,1.4742654990404844,11.224947359412909,333.96103018149734
663.5931383855641,1.4752172976732254,11.241375831887126,333.96103018149734
665.6381059885025,1.4752172976732254,11.241375831887126,334.87694228999317
665.6687721367925,1.4779552780091763,11.251620275899768,334.87694228999317
666.7616035267711,1.4779552780091763,11.251620275899768,335.5189122483134
666.84910880588,1.4791182670742273,11.265758108347654,335.5189122483134
667.8967785574496,1.4791182670742273,11.265758108347654,336.1595724336803
669.3461470808834,1.487545607611537,11.275087365880609,336.1595724336803
670.6781010162085,1.487545607611537,11.275087365880609,337.04428220540285
670.7339979279786,1.4885383658111095,11.311744220554829,337.04428220540285
672.537490176037,1.4885383658111095,11.311744220554829,337.9632491841912
672.6140883713961,1.4896772354841232,11.362459620460868,337.9632491841912
673.7794092800468,1.4896772354841232,11.362459620460868,338.45421781018376
673.8551611192524,1.4949388690292835,11.399127187207341,338.45421781018376
674.944213502109,1.4949388690292835,11.399127187207341,339.2538721822202
676.6588777601719,1.5066468566656113,11.420636963099241,339.2538721822202
678.2407705876976,1.5066468566656113,11.420636963099241,340.2415904812515
678.3153393752873,1.5076072923839092,11.478011053055525,340.2415904812515
679.5930656194687,1.5076072923839092,11.478011053055525,341.0226404033601
679.6322996038944,1.508711265400052,11.508342947810888,341.0226404033601
681.3560329712927,1.508711265400052,11.508342947810888,342.01272791065276
681.4042633883655,1.509698973968625,11.52411364018917,342.01272791065276
683.2885488644242,1.509698973968625,11.52411364018917,343.11068218387663
685.1709086671472,1.5248878058046103,11.55312473885715,343.11068218387663
686.0693721864372,1.5248878058046103,11.55312473885715,343.6190853305161
686.1433793734759,1.5264738723635674,11.610382525250316,343.6190853305161
687.5478548761457,1.5264738723635674,11.610382525250316,344.4985730908811
687.6014586389065,1.5273906700313091,11.652442308142781,344.4985730908811
689.2696081269532,1.5273906700313091,11.652442308142781,345.44371531903744
689.3555830623955,1.5283814575523138,11.719088263809681,345.44371531903744
691.0930556189269,1.5283814575523138,11.719088263809681,346.54305633716285
692.7628571037203,1.5327526777982712,11.780025500804186,346.54305633716285
693.9455843437463,1.5327526777982712,11.780025500804186,347.31673481315374
693.962556598708,1.533689295873046,11.790475009009242,347.31673481315374
694.8527069371194,1.533689295873046,11.790475009009242,347.8039471451193
694.9676989037544,1.5347805451601744,11.83694333396852,347.8039471451193
696.4333507400006,1.5347805451601744,11.83694333396852,348.6093362700194
696.6426137387753,1.5359827261418104,11.852687388658524,348.6093362700194
698.5888895113021,1.5359827261418104,11.852687388658524,349.511415945366
701.700111143291,1.5403863359242678,11.897382471710443,349.511415945366
702.6829352751374,1.5403863359242678,11.897382471710443,350.00314523279667
702.712792860344,1.541360143572092,11.916902741417289,350.00314523279667
704.720972482115,1.541360143572092,11.916902741417289,351.2817418202758
704.8309677280486,1.5423864424228668,11.987490002065897,351.2817418202758
706.2643060106784,1.5423864424228668,11.987490002065897,352.0818500611931
706.3527722023427,1.5433850809931755,12.034525457769632,352.0818500611931
707.199714075774,1.5433850809931755,12.034525457769632,352.4888180680573
708.0313428156078,1.549607664346695,12.056367820128798,352.4888180680573
708.9454461485147,1.549607664346695,12.056367820128798,353.14636952988803
709.0123628322035,1.550574442371726,12.097102843225002,353.14636952988803
710.381549468264,1.550574442371726,12.097102843225002,353.79239067435265
710.4627075977623,1.5515352468937635,12.152030050754547,353.79239067435265
711.637441271916,1.5515352468937635,12.152030050754547,354.5965933650732
711.7194941155612,1.5524784624576569,12.205941051244736,354.5965933650732
713.2580061312765,1.5524784624576569,12.205941051244736,355.6199376080185
714.0960793737322,1.5678993090987206,12.222639132291079,355.6199376080185
715.3119485788047,1.5678993090987206,12.222639132291079,356.53574115782976
715.3527732156217,1.5688579175621271,12.240567876026034,356.53574115782976
716.24959782511,1.5688579175621271,12.240567876026034,357.0873691793531
716.2936973795295,1.5698182545602322,12.250128349289298,357.0873691793531
717.4442684929818,1.5698182545602322,12.250128349289298,357.7950980197638
717.6392045710236,1.5710014272481203,12.310396464541554,357.7950980197638
718.4372815880924,1.5710014272481203,12.310396464541554,358.2203682810068
720.0851953532547,1.5752377342432737,12.355157259851694,358.2203682810068
721.6808335520327,1.5752377342432737,12.355157259851694,359.22857922129333
721.7578199878335,1.576195601373911,12.405382104218006,359.22857922129333
723.5501705873758,1.576195601373911,12.405382104218006,360.26980735734105
723.5729672499001,1.5772108789533377,12.421806119382381,360.26980735734105
725.0505379401147,1.5772108789533377,12.421806119382381,361.09098488651216
725.1886730063707,1.57820575684309,12.453474059700966,361.09098488651216
726.4770420528948,1.57820575684309,12.453474059700966,362.06619032658637
727.672438679263,1.5825709626078606,12.508114682510495,362.06619032658637
729.2698264941573,1.5825709626078606,12.508114682510495,363.11976895295084
729.3604979459196,1.5836815424263477,12.556695256382227,363.11976895295084
731.0562283229083,1.5836815424263477,12.556695256382227,364.1978034880012
731.1309405192733,1.5846673604100943,12.598342226818204,364.1978034880012
732.3399359360337,1.5846673604100943,12.598342226818204,364.8502025641501
732.4087645057589,1.5856897290796041,12.634983118623495,364.8502025641501
733.84079856053,1.5856897290796041,12.634983118623495,365.8460166938603
734.6992680095136,1.5900058075785637,12.649621393531561,365.8460166938603
736.1734373867512,1.5900058075785637,12.649621393531561,367.0263106804341
736.2567280884832,1.590962516143918,12.693458372727036,367.0263106804341
738.1186557114124,1.590962516143918,12.693458372727036,368.0897075049579
738.1997634228319,1.5919710230082273,12.733393663540483,368.0897075049579
739.4155400712043,1.5919710230082273,12.733393663540483,368.90989277884364
739.4358453974128,1.592940740287304,12.746876038610935,368.90989277884364
741.2805627882481,1.592940740287304,12.746876038610935,370.18106222711504
741.9696862529963,1.6017467994242907,12.814768351614475,370.18106222711504
743.3382266517729,1.6017467994242907,12.814768351614475,371.0900936052203
743.4342810511589,1.602748766541481,12.846800968050957,371.0900936052203
744.9980931393802,1.602748766541481,12.846800968050957,372.0486621838063
745.057451248169,1.603686809539795,12.89347960986197,372.0486621838063
746.4058027360588,1.603686809539795,12.89347960986197,372.89108273386955
746.4736771788448,1.604597233235836,12.92723829112947,372.89108273386955
748.1491722427309,1.604597233235836,12.92723829112947,374.0497402828187
749.018253615126,1.6141623053699732,12.9971629306674,374.0497402828187
750.6475861445069,1.6141623053699732,12.9971629306674,374.9018067214638
750.7626955490559,1.6163138560950756,13.077149050310254,374.9018067214638
752.0483308564872,1.6163138560950756,13.077149050310254,375.7624550051987
752.1115298438817,1.6172779705375433,13.124386252835393,375.7624550051987
754.4192544184625,1.6172779705375433,13.124386252835393,377.43302906118333
754.5148641318083,1.6182529982179403,13.197260765358806,377.43302906118333
756.3486766554415,1.6182529982179403,13.197260765358806,378.7200085166842
757.0590094253421,1.6223383862525225,13.229413425549865,378.7200085166842
758.3437640629709,1.6223383862525225,13.229413425549865,379.6943880263716
758.3952951524407,1.6233374550938606,13.274479066953063,379.6943880263716
759.8550804294646,1.6233374550938606,13.274479066953063,380.7275608703494
759.8985347338021,1.624222382903099,13.300980243831873,380.7275608703494
761.2481199242175,1.624222382903099,13.300980243831873,381.4380415249616
761.3183505218476,1.6251950114965439,13.327237928286195,381.4380415249616
763.3620102051646,1.6251950114965439,13.327237928286195,382.52579303458333
766.025924904272,1.6292926538735628,13.336770489811897,382.52579303458333
766.9710996877402,1.6292926538735628,13.336770489811897,382.9771234188229
767.0120379757136,1.6302454005926847,13.367708737030625,382.9771234188229
768.3464823644608,1.6302454005926847,13.367708737030625,383.45056398026645
768.429854568094,1.6313516311347485,13.401138572022319,383.45056398026645
769.6964688058943,1.6313516311347485,13.401138572022319,384.1939828861505
769.7495739031583,1.6322819162160158,13.440103774890304,384.1939828861505
771.0512066036463,1.6322819162160158,13.440103774890304,384.9826990813017
772.3923378270119,1.6363869421184063,13.456340938806534,384.9826990813017
774.5304368790239,1.6363869421184063,13.456340938806534,386.3116279877722
774.5934905987233,1.637366909533739,13.501065146178007,386.3116279877722
775.949188541621,1.637366909533739,13.501065146178007,387.11194703541696
776.0127029083669,1.638292845338583,13.53853446058929,387.11194703541696
777.3084306120872,1.638292845338583,13.53853446058929,387.7528294958174
777.3678629845381,1.6392421331256628,13.571012526750565,387.7528294958174
779.0589519664645,1.6392421331256628,13.571012526750565,389.0146762896329
779.985509576276,1.6435378603637218,13.633912121877074,389.0146762896329
780.8366610147059,1.6435378603637218,13.633912121877074,389.40718802809715
780.9308744762093,1.644540447741747,13.671696843579412,389.40718802809715
781.7359695956111,1.644540447741747,13.671696843579412,390.0818506125361
781.8085675947368,1.6454792656004429,13.702591143548489,390.0818506125361
782.8665927238762,1.6454792656004429,13.702591143548489,390.6474507674575
782.9339486397803,1.6464270316064358,13.753760306164622,390.6474507674575
784.4749665595591,1.6464270316064358,13.753760306164622,391.48018358647823
786.4658112898469,1.6507134772837162,13.770497128367424,391.48018358647823
788.0333026442677,1.6507134772837162,13.770497128367424,392.4671907555312
788.2116354554892,1.6517850756645203,13.815253717824817,392.4671907555312
789.4442839827389,1.6517850756645203,13.815253717824817,392.9264642018825
789.5199661906809,1.652742562815547,13.842531291767955,392.9264642018825
791.2201208788902,1.652742562815547,13.842531291767955,394.0798073001206
791.2505812495947,1.6537797302007675,13.859141271561384,394.0798073001206
792.9845979623497,1.6537797302007675,13.859141271561384,395.03396995924413
795.412295492366,1.6581942532211542,13.86955519206822,395.03396995924413
796.4098766315728,1.6581942532211542,13.86955519206822,395.6039022989571
796.6881850324571,1.6601818092167377,13.890294037759304,395.6039022989571
798.0257681477815,1.6601818092167377,13.890294037759304,396.53507219813764
798.227027496323,1.6612104289233685,13.93836047872901,396.53507219813764
799.7030939850956,1.6612104289233685,13.93836047872901,397.22970797494054
799.8439373020083,1.6623253300786018,13.994272390380502,397.22970797494054
801.1279619839042,1.6623253300786018,13.994272390380502,398.04255850985646
802.3948373552412,1.6664427947252989,14.064467929303646,398.04255850985646
803.3029890470207,1.6664427947252989,14.064467929303646,398.4186914488673
803.4235211461782,1.667564284056425,14.153596667572856,398.4186914488673
804.3640371318907,1.667564284056425,14.153596667572856,399.1638057306409
804.3938654102385,1.6692749056965113,14.16423729993403,399.1638057306409
805.6311343610287,1.6692749056965113,14.16423729993403,399.7671626191586
805.7622285913676,1.6703369040042162,14.185154227539897,399.7671626191586
806.8991734720767,1.6703369040042162,14.185154227539897,400.4822897296399
808.2746103461832,1.6744684260338545,14.225015798583627,400.4822897296399
809.6311407089233,1.6744684260338545,14.225015798583627,401.3356798142195
809.6713800076395,1.6754078529775143,14.258431313559413,401.3356798142195
811.0270338077098,1.6754078529775143,14.258431313559413,402.1492109578103
811.0482662990689,1.676351372152567,14.268007278442383,402.1492109578103
812.45379518345,1.676351372152567,14.268007278442383,403.0304391570389
812.4748721756041,1.6773453187197447,14.282607093453407,403.0304391570389
814.1285068187863,1.6773453187197447,14.282607093453407,404.17503332160413
816.0873509589583,1.6820510029792786,14.390508484095335,404.17503332160413
817.4030812364072,1.6820510029792786,14.390508484095335,404.8661799579859
817.527371712029,1.6833329051733017,14.503198763355613,404.8661799579859
818.4155380744487,1.6833329051733017,14.503198763355613,405.2699305228889
818.4598695151508,1.6843509934842587,14.517787516117096,405.2699305228889
819.1891655717045,1.6843509934842587,14.517787516117096,405.60973224043846
819.4053565431386,1.6855587866157293,14.64802435413003,405.60973224043846
820.792440155521,1.6855587866157293,14.64802435413003,406.33273804560304
823.718677515164,1.6901105102151632,14.731213636696339,406.33273804560304
824.6342594195157,1.6901105102151632,14.731213636696339,406.85649861209095
824.6733272951096,1.6911295000463724,14.754176093265414,406.85649861209095
825.8520337641239,1.6911295000463724,14.754176093265414,407.73414280824363
826.1608602311462,1.6969481855630875,14.80427934974432,407.73414280824363
827.3090480677783,1.6969481855630875,14.80427934974432,408.0839100908488
827.4087469633669,1.6979964431375265,14.864029800519347,408.0839100908488
828.5763653311878,1.6979964431375265,14.864029800519347,408.5967577043921
830.6882118955255,1.702124509960413,14.940877832472324,408.5967577043921
831.9122460000217,1.702124509960413,14.940877832472324,409.15670603327453
831.9442607201636,1.7033053487539291,14.959283024072647,409.15670603327453
833.6999744512141,1.7033053487539291,14.959283024072647,410.0694163199514
833.7599977795035,1.7043518368154764,14.98272106051445,410.0694163199514
835.4276399724185,1.7043518368154764,14.98272106051445,411.0090914256871
835.4831786882132,1.7054155766963959,15.02224238589406,411.0090914256871
836.6005769558251,1.7054155766963959,15.02224238589406,411.8373183775693
838.7586570642889,1.7097568437457085,15.047513734549284,411.8373183775693
839.7173268068582,1.7097568437457085,15.047513734549284,412.45238382928073
839.7608735281974,1.7107557710260153,15.061035620048642,412.45238382928073
840.7934138122946,1.7107557710260153,15.061035620048642,413.0442812908441
841.0639038719237,1.7120538037270308,15.106744026765227,413.0442812908441
842.8613833878189,1.7120538037270308,15.106744026765227,414.3829524908215
842.9448431599885,1.7130600418895483,15.176868006587029,414.3829524908215
844.0393781922758,1.7130600418895483,15.176868006587029,414.80490569397807
845.5033690072596,1.7173253502696753,15.243487674742937,414.80490569397807
847.0242425948381,1.7173253502696753,15.243487674742937,415.70443401299417
847.1585540510714,1.7185268215835094,15.335263660177588,415.70443401299417
848.4156663324684,1.7185268215835094,15.335263660177588,416.409614643082
848.5024408437312,1.7196009121835232,15.388209151104093,416.409614643082
849.6144417971373,1.7196009121835232,15.388209151104093,417.14482299797237
849.7052631527185,1.7206137403845787,15.459835648536682,417.14482299797237
851.0944673921913,1.7206137403845787,15.459835648536682,417.64747197926044
854.0435004550964,1.7331049870699644,15.541828755289316,417.64747197926044
855.6172601561993,1.7331049870699644,15.541828755289316,418.6012985613197
855.6686077471823,1.737748872488737,15.575908243656158,418.6012985613197
856.4286097846925,1.737748872488737,15.575908243656158,418.9263561964035
856.4847065322101,1.738737441599369,15.625224895775318,418.9263561964035
857.9294034671038,1.738737441599369,15.625224895775318,419.949026748538
857.9762527756393,1.73975177295506,15.638878844678402,419.949026748538
859.463375499472,1.73975177295506,15.638878844678402,420.54466986842453
861.8733932711184,1.743927989155054,15.67339807935059,420.54466986842453
863.2420101240277,1.743927989155054,15.67339807935059,421.2490863017738
863.3093757834285,1.7497879955917597,15.719173390418291,421.2490863017738
864.3110906910151,1.7497879955917597,15.719173390418291,421.6861217394471
864.3537608757615,1.7508139535784721,15.737591624259949,421.6861217394471
865.1096433158964,1.7508139535784721,15.737591624259949,422.2090000640601
865.1598318442702,1.751802572980523,15.771743694320321,422.2090000640601
866.8683709837496,1.751802572980523,15.771743694320321,423.47802061215043
868.3535281158984,1.7561724670231342,15.867138464003801,423.47802061215043
869.4118280541152,1.7561724670231342,15.867138464003801,424.0312655083835
869.5589095819741,1.7572310976684093,15.93656550347805,424.0312655083835
871.238501124084,1.7572310976684093,15.93656550347805,425.14297891780734
871.3344745244831,1.7582566477358341,15.958465181291103,425.14297891780734
872.3028669636697,1.7582566477358341,15.958465181291103,425.7538992706686
872.395052626729,1.7593236677348614,16.04340736195445,425.7538992706686
873.5622415244579,1.7593236677348614,16.04340736195445,426.3084487412125
875.469081023708,1.7636639177799225,16.110560150817037,426.3084487412125
876.4965458400548,1.7636639177799225,16.110560150817037,427.0105427913368
876.5401176717132,1.7646778859198093,16.141511972993612,427.0105427913368
877.9781678598374,1.7646778859198093,16.141511972993612,428.0816919617355
878.0953610651195,1.7657374255359173,16.175671873614192,428.0816919617355
879.2475595157593,1.7657374255359173,16.175671873614192,428.8082127980888
879.3224620763212,1.766735501587391,16.22860685363412,428.8082127980888
880.3939514644444,1.766735501587391,16.22860685363412,429.51560504734516
881.7693412192166,1.7712275348603725,16.254308311268687,429.51560504734516
883.586945431307,1.7712275348603725,16.254308311268687,430.78239335119724
883.642936758697,1.7722549363970757,16.268641399219632,430.78239335119724
885.0911371298134,1.7722549363970757,16.268641399219632,431.82393581978977
885.2372882626951,1.7734144777059555,16.331268126145005,431.82393581978977
887.2760621570051,1.7734144777059555,16.331268126145005,433.2619983870536
887.3570360187441,1.7743945065885782,16.375726833939552,433.2619983870536
888.6495251264423,1.7743945065885782,16.375726833939552,434.04871691018343
890.6243108827621,1.7789224572479725,16.464753409847617,434.04871691018343
892.0707653518766,1.7789224572479725,16.464753409847617,435.2144499402493
892.1392010226846,1.7799978666007519,16.525726167485118,435.2144499402493
894.5149609409273,1.7799978666007519,16.525726167485118,436.4460643995553
894.7356671523303,1.782675314694643,16.583445586264133,436.4460643995553
896.1899578440934,1.782675314694643,16.583445586264133,437.39428328350186
896.4827937744558,1.783756185323,16.656861416995525,437.39428328350186
897.9745542109013,1.783756185323,16.656861416995525,438.2854971215129
900.945166895166,1.7882543671876192,16.670419605448842,438.2854971215129
901.8530742414296,1.7882543671876192,16.670419605448842,438.83656320534647
901.9428413230926,1.7893105577677488,16.731897812336683,438.83656320534647
903.5708063989878,1.7893105577677488,16.731897812336683,439.555129872635
903.6963751241565,1.7903925068676472,16.82866010069847,439.555129872635
905.0766667835414,1.7903925068676472,16.82866010069847,440.49642546474934
905.1407028473914,1.791656231507659,16.868926759809256,440.49642546474934
906.607657443732,1.791656231507659,16.868926759809256,441.0802436545491
909.4520503561944,1.8060452044010162,16.97077189013362,441.0802436545491
910.9152060691267,1.8060452044010162,16.97077189013362,441.81409162282944
911.0600888319314,1.8079639580100775,17.042249858379364,441.81409162282944
912.1756204478443,1.8079639580100775,17.042249858379364,442.5857855696231
912.2672197632492,1.8090096469968557,17.122764950618148,442.5857855696231
914.2493073027581,1.8090096469968557,17.122764950618148,443.92985877394676
914.3172264173627,1.810062164440751,17.15262251533568,443.92985877394676
916.0753996204585,1.810062164440751,17.15262251533568,445.22930165566504
918.1374927703291,1.8147610202431679,17.251332810148597,445.22930165566504
918.8674812633544,1.8147610202431679,17.251332810148597,445.7580089587718
919.0704776830971,1.8159379735589027,17.342907017096877,445.7580089587718
920.6695182174444,1.8159379735589027,17.342907017096877,446.8536013197154
920.7652011569589,1.8169764410704374,17.429938288405538,446.8536013197154
922.3905339743942,1.8169764410704374,17.429938288405538,448.189384419471
922.4908919278532,1.8202874306589365,17.51361404173076,448.189384419471
924.4335604682565,1.8202874306589365,17.51361404173076,449.30308596231043
925.8096296321601,1.8247385509312153,17.549661004915833,449.30308596231043
927.6945573873818,1.8247385509312153,17.549661004915833,450.66662047058344
927.7358885202557,1.825748199597001,17.573562750592828,450.66662047058344
929.5060059055686,1.825748199597001,17.573562750592828,451.9897542372346
929.5660124476999,1.8268876802176237,17.623773753643036,451.9897542372346
931.2369843032211,1.8268876802176237,17.623773753643036,452.88177296333015
931.3306796588004,1.8280961122363806,17.696983817964792,452.88177296333015
932.6062323227525,1.8280961122363806,17.696983817964792,453.5139247830957
934.416476437822,1.8492248747497797,17.794298766180873,453.5139247830957
935.790119079873,1.8492248747497797,17.794298766180873,454.1479079686105
935.9511887021363,1.8503622859716415,17.880062106996775,454.1479079686105
937.9322168771178,1.8503622859716415,17.880062106996775,455.7362338695675
938.0036868788302,1.8514124657958746,17.931836867704988,455.7362338695675
939.6157068237662,1.8514124657958746,17.931836867704988,456.8194826617837
939.658957298845,1.852500045672059,17.95204239524901,456.8194826617837
940.9890014640987,1.852500045672059,17.95204239524901,457.5207124836743
942.5250094998628,1.8583917953073978,17.97013221308589,457.5207124836743
943.8526098243892,1.8583917953073978,17.97013221308589,458.1985837202519
943.9674975536764,1.8594378232955933,18.041216844692826,458.1985837202519
945.5685338359326,1.8594378232955933,18.041216844692826,459.36094096675515
945.677693111822,1.8604473620653152,18.106503132730722,459.36094096675515
947.2188127860427,1.8604473620653152,18.106503132730722,460.4143967926502
947.3002176079899,1.8615019414573908,18.167357759550214,460.4143967926502
948.416488846764,1.8615019414573908,18.167357759550214,461.0638108048588
950.6090074833483,1.8657261487096548,18.261893348768353,461.0638108048588
951.8981669750065,1.8657261487096548,18.261893348768353,461.8960334956646
951.9867629371583,1.8668162990361452,18.302901605144143,461.8960334956646
953.5596741680056,1.8668162990361452,18.302901605144143,463.0025033019483
953.5919647347182,1.8678214568644762,18.32802766188979,463.0025033019483
954.8943023197353,1.8678214568644762,18.32802766188979,463.8799123801291
954.9693639352918,1.8688173927366734,18.394493713974953,463.8799123801291
956.1792437378317,1.8688173927366734,18.394493713974953,464.46239924803376
958.9995586387813,1.890304621309042,18.47492522932589,464.46239924803376
960.194683264941,1.890304621309042,18.47492522932589,465.01693518832326
960.2655766364187,1.8913503903895617,18.524818249046803,465.01693518832326
961.5416015982628,1.8913503903895617,18.524818249046803,465.5734257157892
961.7892915476114,1.892501650378108,18.544945316389203,465.5734257157892
962.5317834243178,1.892501650378108,18.544945316389203,466.05953790806234
962.7127638496459,1.8936318326741457,18.590677158907056,466.05953790806234
963.9912087377161,1.8936318326741457,18.590677158907056,466.8650746718049
965.6287386082113,1.9040745422244072,18.62279461324215,466.8650746718049
967.9740730244666,1.9040745422244072,18.62279461324215,468.05497034080327
968.0540977437049,1.9051158130168915,18.670225838199258,468.05497034080327
969.3159932233393,1.9051158130168915,18.670225838199258,468.5978419519961
969.5128824524581,1.9061643816530704,18.757218772545457,468.5978419519961
970.7841595336795,1.9061643816530704,18.757218772545457,469.3795911539346
970.8764504157007,1.9123118333518505,18.833710918202996,469.3795911539346
971.8843594193459,1.9123118333518505,18.833710918202996,469.738015582785
974.1872668061405,1.92303622700274,18.86350203305483,469.738015582785
975.07944666408,1.92303622700274,18.86350203305483,470.17395299859345
975.1127083096653,1.9240565858781338,18.886451460421085,470.17395299859345
976.7136019356549,1.9240565858781338,18.886451460421085,471.2890875302255
976.8162107151002,1.9251063354313374,18.969668466597795,471.2890875302255
978.5671663675457,1.9251063354313374,18.969668466597795,472.0805826243013
978.6308455169201,1.9261175841093063,19.014354871585965,472.0805826243013
980.0241521243006,1.9261175841093063,19.014354871585965,472.7491959799081
981.3461376708001,1.9303944818675518,19.10389001108706,472.7491959799081
983.0541163627058,1.9303944818675518,19.10389001108706,474.03369202651083
983.1460313312709,1.9313974007964134,19.181751700118184,474.03369202651083
984.5416128821671,1.9313974007964134,19.181751700118184,474.80136536993086
984.6572341192514,1.9324452318251133,19.263056652620435,474.80136536993086
986.158061819151,1.9324452318251133,19.263056652620435,475.8932204861194
986.4094757437706,1.9336577951908112,19.359267104417086,475.8932204861194
987.221220003441,1.9336577951908112,19.359267104417086,476.26156366989017
988.5141557976604,1.9562202282249928,19.418930964544415,476.26156366989017
990.0303232427686,1.9562202282249928,19.418930964544415,477.128664938733
990.2117641419172,1.9574685413390398,19.486377593129873,477.128664938733
992.0784331597388,1.9574685413390398,19.486377593129873,478.19098881073296
992.1348650101572,1.958522230386734,19.510769428685308,478.19098881073296
993.9266168735921,1.958522230386734,19.510769428685308,479.3758640382439
994.0611309166998,1.971840312704444,19.605167008936405,479.3758640382439
996.0195856038481,1.971840312704444,19.605167008936405,480.6289129294455
996.9878620244563,1.9760844483971596,19.671396017074585,480.6289129294455
998.3458923026919,1.9760844483971596,19.671396017074585,481.62131597846746
998.381087936461,1.9771172441542149,19.69451023824513,481.62131597846746
999.7847514804453,1.9771172441542149,19.69451023824513,482.4431273788214
999.932785930112,1.978143261745572,19.79635819606483,482.4431273788214
1001.7480247523636,1.978143261745572,19.79635819606483,483.6605681646615
1001.8524294160306,1.979181518778205,19.87610872089863,483.6605681646615
1003.4524813052267,1.979181518778205,19.87610872089863,484.7081939354539
1004.3988949824125,1.9834695998579264,19.935228176414967,484.7081939354539
1005.9184742663056,1.9834695998579264,19.935228176414967,485.73168299905956
1006.1448314152658,1.9846150297671556,20.035220071673393,485.73168299905956
1007.4058178924024,1.9846150297671556,20.035220071673393,486.52098982036114
1007.4699614830315,1.9856001175940037,20.079174492508173,486.52098982036114
1008.5961613319814,1.9856001175940037,20.079174492508173,487.4294683858752
1008.7159401979297,1.9866350069642067,20.16835444048047,487.4294683858752
1010.1116622649133,1.9866350069642067,20.16835444048047,488.1352198738605
1011.3323654308915,1.9909095056355,20.274430263787508,488.1352198738605
1012.8672120794654,1.9909095056355,20.274430263787508,489.1741126012057
1012.9245273657143,1.99192382581532,20.31657118164003,489.1741126012057
1014.2194173075259,1.99192382581532,20.31657118164003,489.86343470029533
1014.2472624350339,1.9929799269884825,20.332276817411184,489.86343470029533
1015.842552119866,1.9929799269884825,20.332276817411184,491.0014110468328
1015.993844492361,1.9940285850316286,20.39091606810689,491.0014110468328
1017.4322238955647,1.9940285850316286,20.39091606810689,491.77485472522676
1019.6589960400015,1.9982279129326344,20.46886079199612,491.77485472522676
1020.2225099150091,1.9982279129326344,20.46886079199612,492.0981043763459
1020.3255520872772,1.9994285553693771,20.54385238699615,492.0981043763459
1021.5647581275553,1.9994285553693771,20.54385238699615,492.85146832838655
1021.7774675320834,2.000599205493927,20.594887178391218,492.85146832838655
1023.1801250576973,2.000599205493927,20.594887178391218,493.59827673248947
1023.2228002883494,2.0023269690573215,20.628987800329924,493.59827673248947
1024.1400698628277,2.0023269690573215,20.628987800329924,494.0891602616757
1026.1892048232257,2.006608910858631,20.650691956281662,494.0891602616757
1028.096708452329,2.006608910858631,20.650691956281662,495.13981754519045
1028.1561017669737,2.007680829614401,20.703180097043514,495.13981754519045
1029.4870370402932,2.007680829614401,20.703180097043514,496.00686107575893
1029.590555159375,2.00931453704834,20.744443111121655,496.00686107575893
1030.4075592476875,2.00931453704834,20.744443111121655,496.29914605244994
1030.5118683744222,2.0103740487247705,20.783058496192098,496.29914605244994
1032.7765681724995,2.0103740487247705,20.783058496192098,496.9406203683466
1035.5145581960678,2.0277388636022806,20.853704856708646,496.9406203683466
1036.9089143909514,2.0277388636022806,20.853704856708646,497.39916260167956
1036.989973841235,2.0287710912525654,20.922123104333878,497.39916260167956
1038.346520949155,2.0287710912525654,20.922123104333878,497.965248150751
1038.4256787858903,2.0298324823379517,20.96659175865352,497.965248150751
1039.505209043622,2.0298324823379517,20.96659175865352,498.70072588324547
1039.753284726292,2.0309491138905287,20.989492589607835,498.70072588324547
1041.3041210155934,2.0309491138905287,20.989492589607835,499.18820792622864
1043.5828931741416,2.0352089442312717,21.04824731312692,499.18820792622864
1044.871326630935,2.0352089442312717,21.04824731312692,499.9672954697162
1044.899304592982,2.036235362291336,21.062176818028092,499.9672954697162
1046.0712321754545,2.036235362291336,21.062176818028092,500.5234004892409
1046.187102491036,2.03725178912282,21.14185923524201,500.5234004892409
1047.7532492149621,2.03725178912282,21.14185923524201,501.5322218500078
1047.795659251511,2.0382790584117174,21.164434807375073,501.5322218500078
1049.3912648763508,2.0382790584117174,21.164434807375073,502.7052839025855
1051.397796832025,2.0424668714404106,21.245193362236023,502.7052839025855
1052.4801998920739,2.0424668714404106,21.245193362236023,503.1779282782227
1052.6300359200686,2.049527160823345,21.289170576259494,503.1779282782227
1054.2510651443154,2.049527160823345,21.289170576259494,504.51704094931483
1054.4887039978057,2.0506329499185085,21.34056381508708,504.51704094931483
1055.295139444992,2.0506329499185085,21.34056381508708,504.9783582892269
1055.3929309044033,2.0517351496964693,21.41884772479534,504.9783582892269
1057.1222607102245,2.0517351496964693,21.41884772479534,506.18708352930844
1059.732484407723,2.055943548679352,21.432728359475732,506.18708352930844
1060.6011439356953,2.055943548679352,21.432728359475732,506.5881543494761
1060.6844856925309,2.057248532772064,21.495523305609822,506.5881543494761
1061.375159965828,2.057248532772064,21.495523305609822,506.90591603703797
1061.4029209110886,2.05823034979403,21.512909583747387,506.90591603703797
1062.3632397372276,2.05823034979403,21.512909583747387,507.27046530880034
1062.4579512402415,2.059308161959052,21.598257783800364,507.27046530880034
1063.48518951796,2.059308161959052,21.598257783800364,507.54237248934805
1065.4717860464007,2.0637302827090025,21.682308331131935,507.54237248934805
1066.2483579441905,2.0637302827090025,21.682308331131935,507.8496803101152
1066.271157938987,2.0648109018802643,21.69831095263362,507.8496803101152
1067.287303486839,2.0648109018802643,21.69831095263362,508.3156328368932
1067.4011766687036,2.0659816917032003,21.73016752488911,508.3156328368932
1068.39583491534,2.0659816917032003,21.73016752488911,508.8983231205493
1068.4756288155913,2.067031318321824,21.797751981765032,508.8983231205493
1069.60635246709,2.067031318321824,21.797751981765032,509.61043865047395
1071.9711795188487,2.071310756728053,21.878859223797917,509.61043865047395
1073.6328183040023,2.071310756728053,21.878859223797917,510.4178092237562
1073.6904753204435,2.0723677165806293,21.90913348644972,510.4178092237562
1074.901734430343,2.0723677165806293,21.90913348644972,511.2446943335235
1075.0023528002203,2.0734470672905445,21.982719875872135,511.2446943335235
1077.0771591030061,2.0734470672905445,21.982719875872135,512.1967713665217
1077.1486375816166,2.074466062709689,22.035224474966526,512.1967713665217
1078.295220831409,2.074466062709689,22.035224474966526,512.6769687253982
1080.4060345478356,2.078915849328041,22.077992668375373,512.6769687253982
1081.3421090524644,2.078915849328041,22.077992668375373,513.2269756868482
1081.3945407792926,2.08097124658525,22.108857272192836,513.2269756868482
1082.32551750727,2.08097124658525,22.108857272192836,513.870135223493
1082.5329527333379,2.0822452884167433,22.16383570805192,513.870135223493
1083.882012711838,2.0822452884167433,22.16383570805192,514.3038328252733
1083.9111308641732,2.0832872167229652,22.183311173692346,514.3038328252733
1085.317701196298,2.0832872167229652,22.183311173692346,515.3129943739623
1086.1829383037984,2.0874856263399124,22.258604722097516,515.3129943739623
1087.1361158192158,2.0874856263399124,22.258604722097516,516.0157962609082
1087.254828164354,2.088532058522105,22.350276919081807,516.0157962609082
1088.2026028018445,2.088532058522105,22.350276919081807,516.3005166091025
1088.292948935181,2.08955336548388,22.4331916552037,516.3005166091025
1089.3030827455223,2.08955336548388,22.4331916552037,516.7131562884897
1089.4942654836923,2.090768886730075,22.46410490013659,516.7131562884897
1090.8710579238832,2.090768886730075,22.46410490013659,517.7525888159871
1094.4846072029322,2.0949850138276815,22.493206351995468,517.7525888159871
1095.6895152106881,2.0949850138276815,22.493206351995468,518.5230499356985
1095.720299616456,2.0960761662572622,22.5139842312783,518.5230499356985
1096.959110075608,2.0960761662572622,22.5139842312783,519.1694617755711
1096.9830487333238,2.0970761738717556,22.528256440535188,519.1694617755711
1097.6755401156843,2.0970761738717556,22.528256440535188,519.5634924545884
1097.9587271790951,2.098367964848876,22.598666541278362,519.5634924545884
1099.0731946434826,2.098367964848876,22.598666541278362,520.2712494563311
1100.604536851868,2.103586822748184,22.64034608192742,520.2712494563311
1101.9197679441422,2.103586822748184,22.64034608192742,521.2064900416881
1102.143913116306,2.104731062427163,22.667330915108323,521.2064900416881
1103.0401865392923,2.104731062427163,22.667330915108323,521.783113444224
1103.1511969212443,2.105780741199851,22.73777925595641,521.783113444224
1104.5908417310566,2.105780741199851,22.73777925595641,522.8921218328178
1104.6396665349603,2.106822419911623,22.779958087950945,522.8921218328178
1105.9700151272118,2.106822419911623,22.779958087950945,523.730127921328
1107.726354898885,2.111085645854473,22.831737553700805,523.730127921328
1108.4702197164297,2.111085645854473,22.831737553700805,524.074836332351
1108.5384228564799,2.112110245972872,22.880759881809354,524.074836332351
1109.7762370761484,2.112110245972872,22.880759881809354,524.5832402780652
1109.8406647443771,2.113113034516573,22.928838962689042,524.5832402780652
1111.2704550996423,2.113113034516573,22.928838962689042,525.4054762013257
1111.445059357211,2.114194445312023,22.962845485657454,525.4054762013257
1113.0418092217296,2.114194445312023,22.962845485657454,526.3589133769274
1114.9029013067484,2.1186349298805,23.017693309113383,526.3589133769274
1116.56893469207,2.1186349298805,23.017693309113383,527.3860363438725
1116.656144419685,2.1196884382516146,23.07244313135743,527.3860363438725
1118.1962260492146,2.1196884382516146,23.07244313135743,528.4436828512698
1118.3160787243396,2.12109362706542,23.180982019752264,528.4436828512698
1120.0986646078527,2.12109362706542,23.180982019752264,529.4850537404418
1120.201648203656,2.1221621856093407,23.2589851077646,529.4850537404418
1121.7728768978268,2.1221621856093407,23.2589851077646,530.4924881272018
1123.0209050830454,2.132860129699111,23.29899795912206,530.4924881272018
1123.9155387878418,2.132860129699111,23.29899795912206,531.0876588858664
1123.9402040801942,2.133918719366193,23.312964614480734,531.0876588858664
1125.1412466075271,2.133918719366193,23.312964614480734,531.8285090327263
1125.2296277284622,2.134930018335581,23.37610246054828,531.8285090327263
1126.2561431769282,2.134930018335581,23.37610246054828,532.541576134041
1126.4076537508518,2.136014237999916,23.44828142412007,532.541576134041
1127.8821315523237,2.136014237999916,23.44828142412007,533.450685415417
1129.253310015425,2.140404487028718,23.49417364411056,533.450685415417
1130.8957074321806,2.140404487028718,23.49417364411056,534.4959845524281
1130.9375480879098,2.141432134434581,23.51385710388422,534.4959845524281
1132.8872131742537,2.141432134434581,23.51385710388422,535.7107076141983
1132.9582165759057,2.1425205431878567,23.575870409607887,535.7107076141983
1134.1761932075024,2.1425205431878567,23.575870409607887,536.2712878938764
1134.2310492824763,2.1440773215144873,23.596589639782906,536.2712878938764
1135.402011282742,2.1440773215144873,23.596589639782906,536.8623344618827
1137.683342879638,2.1488048266619444,23.609972974285483,536.8623344618827
1139.0269568189979,2.1488048266619444,23.609972974285483,537.9417180214077
1139.2601670324802,2.149941658601165,23.690109431743622,537.9417180214077
1140.3873265031725,2.149941658601165,23.690109431743622,538.3912113457918
1140.4529396165162,2.1509959679096937,23.745285730808973,538.3912113457918
1141.6655226647854,2.1509959679096937,23.745285730808973,539.1686594225466
1141.7487843316048,2.1520164888352156,23.813962077721953,539.1686594225466
1142.6648657768965,2.1520164888352156,23.813962077721953,539.7809013705701
1144.1985201016068,2.156235333532095,23.926005590707064,539.7809013705701
1145.1710179522634,2.156235333532095,23.926005590707064,540.3643343634903
1145.343246160075,2.157411403954029,24.030119597911835,540.3643343634903
1146.6116044335067,2.157411403954029,24.030119597911835,541.2290334012359
1146.709689192474,2.158432384952903,24.10492169857025,541.2290334012359
1147.892559407279,2.158432384952903,24.10492169857025,542.1052329614758
1147.9836289584637,2.1595760881900787,24.15839054621756,542.1052329614758
1149.82253523916,2.1595760881900787,24.15839054621756,543.4076410010457
1151.0477144848555,2.163867559283972,24.17917332611978,543.4076410010457
1152.7799155358225,2.163867559283972,24.17917332611978,544.4729757178575
1152.8088910076767,2.164855968207121,24.20106335915625,544.4729757178575
1154.4641765467823,2.164855968207121,24.20106335915625,545.5505236014724
1154.5986392628402,2.1659034974873066,24.285772232338786,545.5505236014724
1156.046405280009,2.1659034974873066,24.285772232338786,546.3778598960489
1156.0844577085227,2.1669153850525618,24.299729155376554,546.3778598960489
1157.529962355271,2.1669153850525618,24.299729155376554,547.4406918790191
1158.959619095549,2.1715935114771128,24.355241311714053,547.4406918790191
1160.6240915693343,2.1715935114771128,24.355241311714053,548.5442553516477
1160.7125360816717,2.1726010218262672,24.430391697213054,548.5442553516477
1162.308619754389,2.1726010218262672,24.430391697213054,549.5377459153533
1162.3787027802318,2.1736532915383577,24.48613750934601,549.5377459153533
1163.8453876990825,2.1736532915383577,24.48613750934601,550.2870646659285
1163.958659088239,2.1746574603021145,24.565507672727108,550.2870646659285
1164.9050844796002,2.1746574603021145,24.565507672727108,550.7482231911272
1166.307821020484,2.1789357997477055,24.642446223646402,550.7482231911272
1167.202579146251,2.1789357997477055,24.642446223646402,551.264689700678
1167.2643349971622,2.1799880992621183,24.694201560691,551.264689700678
1168.9690964389592,2.1799880992621183,24.694201560691,552.6749998535961
1169.1174220684916,2.1811398807913065,24.786380911245942,552.6749998535961
1169.9097974468023,2.1811398807913065,24.786380911245942,553.14548917301
1170.0618918780237,2.182287061586976,24.80063634365797,553.14548917301
1170.8999138846993,2.182287061586976,24.80063634365797,553.7155026439577
1171.8956938274205,2.1863881926983595,24.81434137187898,553.7155026439577
1172.6505815200508,2.1863881926983595,24.81434137187898,554.0854919385165
1172.75412940979,2.1874257028102875,24.876802396029234,554.0854919385165
1173.9946112390608,2.1874257028102875,24.876802396029234,555.0488321576267
1174.0971622988582,2.1884960494935513,24.915542386472225,555.0488321576267
1175.1605533324182,2.1884960494935513,24.915542386472225,555.7387682739645
1175.2710110079497,2.18950785882771,25.012243811041117,555.7387682739645
1175.9499091487378,2.18950785882771,25.012243811041117,556.1456010043621
1177.0335094332695,2.1938378494232893,25.032440461218357,556.1456010043621
1178.2506176382303,2.1938378494232893,25.032440461218357,556.857451101765
1178.388878583908,2.1948927976191044,25.150228053331375,556.857451101765
1180.2234052028507,2.1948927976191044,25.150228053331375,558.1580541487783
1180.332074675709,2.1958744563162327,25.237010095268488,558.1580541487783
1182.1509677600116,2.1958744563162327,25.237010095268488,559.5271084494889
1182.2055584713817,2.1968861538916826,25.274315908551216,559.5271084494889
1183.876845791936,2.1968861538916826,25.274315908551216,560.8209618609399
1184.6196740977466,2.201158780604601,25.322314517572522,560.8209618609399
1186.0587697867304,2.201158780604601,25.322314517572522,561.8027197793126
1186.1589351855218,2.202211569994688,25.382642433047295,561.8027197793126
1187.5963411163539,2.202211569994688,25.382642433047295,562.6152241844684
1187.661388527602,2.2034365832805634,25.428741488605738,562.6152241844684
1188.9952371325344,2.2034365832805634,25.428741488605738,563.4129116591066
1189.1055432148278,2.2044855430722237,25.489194286987185,563.4129116591066
1190.844746613875,2.2044855430722237,25.489194286987185,564.4929233826697
1191.8488533776253,2.2086933497339487,25.564375907182693,564.4929233826697
1193.6185165271163,2.2086933497339487,25.564375907182693,565.7222210094333
1193.7769777663052,2.2099148016422987,25.619696812704206,565.7222210094333
1194.6105118710548,2.2099148016422987,25.619696812704206,566.2354002539068
1194.6472941860557,2.211001429706812,25.63410049676895,566.2354002539068
1196.7326554618776,2.211001429706812,25.63410049676895,567.7348185572773
1196.8168260660022,2.2120306082069874,25.692289743572474,567.7348185572773
1198.2370217572898,2.2120306082069874,25.692289743572474,568.7810802683234
1199.1833085436374,2.2298230342566967,25.775954108685255,568.7810802683234
1200.8966830763966,2.2298230342566967,25.775954108685255,569.786214504391
1201.003119232133,2.2308492939919233,25.86846361681819,569.786214504391
1202.1206850800663,2.2308492939919233,25.86846361681819,570.4931548200548
1202.257355067879,2.231966733932495,25.90770922601223,570.4931548200548
1203.3526792116463,2.231966733932495,25.90770922601223,571.3772477861494
1203.3735385537148,2.2329728733748198,25.922021258622408,571.3772477861494
1205.041753390804,2.2329728733748198,25.922021258622408,572.6086364369839
1205.628687236458,2.2420458905398846,25.935576308518648,572.6086364369839
1207.1804268267006,2.2420458905398846,25.935576308518648,573.6043290942907
1207.2849668953568,2.243109229952097,26.00828787125647,573.6043290942907
1208.5674691163003,2.243109229952097,26.00828787125647,574.2866227477789
1208.6296851467341,2.244144506752491,26.053830599412322,574.2866227477789
1210.0723212789744,2.244144506752491,26.053830599412322,575.0282549727708
1210.1712187044322,2.2459838204085827,26.068188110366464,575.0282549727708
1211.3037245944142,2.2459838204085827,26.068188110366464,575.596982171759
1212.0152533464134,2.250138448551297,26.121676091104746,575.596982171759
1213.3661356158555,2.250138448551297,26.121676091104746,576.478562977165
1213.4490447957069,2.2511763777583838,26.15749084018171,576.478562977165
1214.989902883768,2.2511763777583838,26.15749084018171,577.482542546466
1215.0543331950903,2.25223539955914,26.189568540081382,577.482542546466
1215.8035961519927,2.25223539955914,26.189568540081382,577.9782848563045
1215.8826398737729,2.253233216702938,26.245387786999345,577.9782848563045
1217.286376375705,2.253233216702938,26.245387786999345,578.9353579580784
1218.474678531289,2.2608334962278605,26.3250648714602,578.9353579580784
1220.0306723993272,2.2608334962278605,26.3250648714602,579.9687430914491
1220.101564284414,2.262004017829895,26.383620105683804,579.9687430914491
1221.6170040667057,2.262004017829895,26.383620105683804,580.8115336541086
1221.739745941013,2.26302944496274,26.418910255655646,580.8115336541086
1223.3870297987014,2.26302944496274,26.418910255655646,581.8615744244307
1223.5160736273974,2.2640575040131807,26.510109961032867,581.8615744244307
1224.8012077473104,2.2640575040131807,26.510109961032867,582.8562709726393
1226.1558904517442,2.268238762393594,26.534284932538867,582.8562709726393
1227.5091310441494,2.268238762393594,26.534284932538867,583.8213266730309
1227.645183591172,2.2692710515111685,26.604801066219807,583.8213266730309
1228.7688089348376,2.2692710515111685,26.604801066219807,584.6774667929858
1228.8177252355963,2.2702858205884695,26.64548127166927,584.6774667929858
1230.6576805859804,2.2702858205884695,26.64548127166927,585.8471180722117
1230.7708055116236,2.271363228559494,26.70748595148325,585.8471180722117
1232.0907394159585,2.271363228559494,26.70748595148325,586.7193075399846
1233.195988163352,2.275575974956155,26.808773942291737,586.7193075399846
1234.2814446501434,2.275575974956155,26.808773942291737,587.5115916710347
1234.3520919270813,2.2766226027160883,26.849702874198556,587.5115916710347
1235.8425394315273,2.2766226027160883,26.849702874198556,588.5110934264958
1235.904878238216,2.2778013329952955,26.894256342202425,588.5110934264958
1237.1769488509744,2.2778013329952955,26.894256342202425,589.474351067096
1237.2954053077847,2.278879102319479,26.92665259540081,589.474351067096
1238.3739035390317,2.278879102319479,26.92665259540081,590.2994480021298
1239.1662670243531,2.283112360164523,26.971984669566154,590.2994480021298
1240.275383837521,2.283112360164523,26.971984669566154,591.023604914546
1240.3398492112756,2.288163824006915,27.01734422519803,591.023604914546
1241.7981251701713,2.288163824006915,27.01734422519803,591.9633745867759
1241.869380660355,2.2891721427440643,27.057979868724942,591.9633745867759
1243.2003016192466,2.2891721427440643,27.057979868724942,592.9106099270284
1243.2674140520394,2.290312083438039,27.082048300653696,592.9106099270284
1244.3431533332914,2.290312083438039,27.082048300653696,593.4937959108502
1245.0746505912393,2.2947163861244917,27.153235867619514,593.4937959108502
1246.104214007035,2.2947163861244917,27.153235867619514,594.1016007196158
1246.1721062827855,2.295707205310464,27.199243051931262,594.1016007196158
1246.7304187919945,2.295707205310464,27.199243051931262,594.3697176259011
1246.7546728365123,2.2966431714594364,27.213142838329077,594.3697176259011
1247.651793267578,2.2966431714594364,27.213142838329077,595.0019753016531
1247.6861221995205,2.2976554185152054,27.2407533749938,595.0019753016531
1248.6100631635636,2.2976554185152054,27.2407533749938,595.6015503946692
1249.5257389675826,2.3065531700849533,27.313050262629986,595.6015503946692
1250.207390870899,2.3065531700849533,27.313050262629986,595.9360562302172
1250.3358409516513,2.307634798809886,27.411358205601573,595.9360562302172
1251.1326186228544,2.307634798809886,27.411358205601573,596.5333279240876
1251.201479787007,2.3086433093994856,27.44726978428662,596.5333279240876
1251.7805207874626,2.3086433093994856,27.44726978428662,596.8764439374208
1251.8637230563909,2.309684470295906,27.520593782886863,596.8764439374208
1252.5734895970672,2.309684470295906,27.520593782886863,597.3827148489654
1253.3586913254112,2.3139910474419594,27.58069702796638,597.3827148489654
1254.5762053281069,2.3139910474419594,27.58069702796638,598.3221293296665
1254.6169862560928,2.3150022886693478,27.607119916006923,598.3221293296665
1255.6102109272033,2.3150022886693478,27.607119916006923,598.8980445507914
1255.6496755238622,2.3160835783928633,27.623931663110852,598.8980445507914
1256.5979043766856,2.3160835783928633,27.623931663110852,599.6826118696481
1256.645045273006,2.317162597551942,27.650908367708325,599.6826118696481
1258.2851029317826,2.317162597551942,27.650908367708325,600.9105132929981
1259.0491464734077,2.323733065277338,27.688445607200265,600.9105132929981
1260.5233522560447,2.323733065277338,27.688445607200265,601.9373969845474
1260.6109019238502,2.3248475044965744,27.706405276432633,601.9373969845474
1261.917089888826,2.3248475044965744,27.706405276432633,602.7889732848853
1261.9782408326864,2.3259317446500063,27.7563349455595,602.7889732848853
1263.0410385355353,2.3259317446500063,27.7563349455595,603.4855013657361
1263.0934111271054,2.3269116021692753,27.80139316432178,603.4855013657361
1263.949205627665,2.3269116021692753,27.80139316432178,604.05993007496
1264.7860238477588,2.3314760979264975,27.84547176398337,604.05993007496
1265.9648326840252,2.3314760979264975,27.84547176398337,604.8375109359622
1266.1137180309743,2.337713222950697,27.916003830730915,604.8375109359622
1267.1409201398492,2.337713222950697,27.916003830730915,605.6221345178783
1267.3015067521483,2.338699610903859,28.03837422095239,605.6221345178783
1268.5088973361999,2.338699610903859,28.03837422095239,606.3948646113276
1268.586369868368,2.3397563584148884,28.103867005556822,606.3948646113276
1269.879638819024,2.3397563584148884,28.103867005556822,607.357255011797
1270.9129219837487,2.3440127056092024,28.130441272631288,607.357255011797
1272.4211311582476,2.3440127056092024,28.130441272631288,608.2904481645674
1272.4762260522693,2.345040975138545,28.154330000281334,608.2904481645674
1273.4602207802236,2.345040975138545,28.154330000281334,608.8466295488179
1273.530174376443,2.3460991457104683,28.19841316714883,608.8466295488179
1274.9289707504213,2.3460991457104683,28.19841316714883,609.694784950465
1275.0045449472964,2.3480262011289597,28.255068227648735,609.694784950465
1276.466992503032,2.3480262011289597,28.255068227648735,610.4086229018867
1277.8902566786855,2.3585160430520773,28.327555550262332,610.4086229018867
1279.0391472112387,2.3585160430520773,28.327555550262332,611.316460672766
1279.0940327011049,2.3595848344266415,28.356579342857003,611.316460672766
1280.314602131024,2.3595848344266415,28.356579342857003,612.2254807148129
1280.3633458483964,2.360652344301343,28.37779137119651,612.2254807148129
1281.3301248028874,2.360652344301343,28.37779137119651,612.8327389992774
1281.3552116043866,2.3616801854223013,28.39584773592651,612.8327389992774
1282.1732910051942,2.3616801854223013,28.39584773592651,613.2561031132936
1283.4314059671015,2.3823323510587215,28.40917702205479,613.2561031132936
1284.71812206693,2.3823323510587215,28.40917702205479,613.8397517744452
1284.7693776991218,2.383424861356616,28.42670669592917,613.8397517744452
1285.660377111286,2.383424861356616,28.42670669592917,614.3483027648181
1285.8236076831818,2.3846043720841408,28.49832673370838,614.3483027648181
1286.67133558169,2.3846043720841408,28.49832673370838,614.778890542686
1286.7428640965372,2.385863546282053,28.557856997475028,614.778890542686
1287.6896655149758,2.385863546282053,28.557856997475028,615.2369526363909
1288.6189700160176,2.390141036361456,28.571644930168986,615.2369526363909
1289.5643405299634,2.390141036361456,28.571644930168986,615.9536211248487
1289.632095945999,2.391183776780963,28.631606571376324,615.9536211248487
1290.6672230307013,2.391183776780963,28.631606571376324,616.554926732555
1290.7256084028631,2.3922087252140045,28.67915438860655,616.554926732555
1291.5830724537373,2.3922087252140045,28.67915438860655,617.1013567317277
1291.6539098359644,2.39322292432189,28.74053150601685,617.1013567317277
1292.6514366921037,2.39322292432189,28.74053150601685,617.7748682796955
1293.8756574150175,2.399909909814596,28.81459785811603,617.7748682796955
1294.6353591866791,2.399909909814596,28.81459785811603,618.2096204869449
1294.6597599461675,2.4009105898439884,28.82985690049827,618.2096204869449
1295.9964053183794,2.4009105898439884,28.82985690049827,619.1276724692434
1296.0264120493084,2.401980757713318,28.853264631703496,619.1276724692434
1297.3395501989871,2.401980757713318,28.853264631703496,619.9285433087498
1297.3894890993834,2.4030061457306147,28.88870863430202,619.9285433087498
1299.06474266015,2.4030061457306147,28.88870863430202,621.078054793179
1300.0968330930918,2.407649563625455,28.984036076813936,621.078054793179
1301.3276637140661,2.407649563625455,28.984036076813936,621.8751164339483
1301.3516857828945,2.4086352232843637,28.9978121612221,621.8751164339483
1302.735970767215,2.4086352232843637,28.9978121612221,622.7843995187432
1302.7723405081779,2.4096659999340773,29.023631064221263,622.7843995187432
1304.2456274162978,2.4096659999340773,29.023631064221263,623.7146543320268
1304.3109702188522,2.410655878484249,29.04377040453255,623.7146543320268
1305.4444019179791,2.410655878484249,29.04377040453255,624.2446284499019
1306.5987006612122,2.4211470745503902,29.144389107823372,624.2446284499019
1307.4912352487445,2.4211470745503902,29.144389107823372,624.9147548787296
1307.6278191637248,2.4221861846745014,29.26673630811274,624.9147548787296
1308.9176540803164,2.4221861846745014,29.26673630811274,625.7581201028079
1309.0179724954069,2.4232264440506697,29.346219658851624,625.7581201028079
1310.364117771387,2.4232264440506697,29.346219658851624,626.783027395606
1310.4087021108717,2.4242659211158752,29.37800690345466,626.783027395606
1311.8697050400078,2.4242659211158752,29.37800690345466,627.7811069656163
1312.932938810438,2.4287211541086435,29.40494578704238,627.7811069656163
1314.4308003373444,2.4287211541086435,29.40494578704238,628.8974531553686
1314.5173302087933,2.4297302924096584,29.46866217069328,628.8974531553686
1315.8728417996317,2.4297302924096584,29.46866217069328,629.7401679083705
1315.9189845882356,2.4307309594005346,29.488780301064253,629.7401679083705
1317.0440420079976,2.4307309594005346,29.488780301064253,630.6099613402039
1317.104997528717,2.431742198765278,29.53426804766059,630.6099613402039
1318.3824012745172,2.431742198765278,29.53426804766059,631.5117308609188
1319.4658465068787,2.436075307428837,29.602091643959284,631.5117308609188
1320.739087715745,2.436075307428837,29.602091643959284,632.3801281694323
1320.7891815267503,2.4370980337262154,29.628330808132887,632.3801281694323
1322.0389813147485,2.4370980337262154,29.628330808132887,633.0301219522953
1322.0944604873657,2.4381732251495123,29.657975900918245,633.0301219522953
1323.4140621703118,2.4381732251495123,29.657975900918245,633.8727117478848
1323.4890388902277,2.451296016573906,29.687022196128964,633.8727117478848
1324.9021883830428,2.451296016573906,29.687022196128964,634.8684640396386
1325.5156522709876,2.4555746279656887,29.707788575440645,634.8684640396386
1326.638151889667,2.4555746279656887,29.707788575440645,635.6409480273724
1326.6825207676739,2.4566913582384586,29.740638688206673,635.6409480273724
1327.8487823791802,2.4566913582384586,29.740638688206673,636.507541636005
1327.9579957276583,2.457869229838252,29.791855880990624,636.507541636005
1329.5710496231914,2.457869229838252,29.791855880990624,637.6313689481467
1329.6675118189305,2.4590748231858015,29.844587601721287,637.6313689481467
1331.01118452847,2.4590748231858015,29.844587601721287,638.4101554919034
1333.3493860829622,2.4635595325380564,29.912193555384874,638.4101554919034
1334.801880966872,2.4635595325380564,29.912193555384874,639.374621052295
1334.9327835459262,2.4648701660335064,29.992576835677028,639.374621052295
1336.075906155631,2.4648701660335064,29.992576835677028,640.1111358590424
1336.2085397075862,2.4659562334418297,30.099697018042207,640.1111358590424
1337.3742020837963,2.4659562334418297,30.099697018042207,640.7971764057875
1337.404982600361,2.467043085023761,30.123256029561162,640.7971764057875
1338.9621054790914,2.467043085023761,30.123256029561162,641.8204346299171
1340.5158985424787,2.4713799599558115,30.141346611082554,641.8204346299171
1341.9732109773904,2.4713799599558115,30.141346611082554,642.5894791446626
1342.0939571522176,2.4724614210426807,30.24374556541443,642.5894791446626
1344.0767719708383,2.4724614210426807,30.24374556541443,643.7550733406097
1344.2089776955545,2.47363256290555,30.351217463612556,643.7550733406097
1345.277684699744,2.47363256290555,30.351217463612556,644.3620681539178
1345.4687614552677,2.4866933338344097,30.481961840763688,644.3620681539178
1346.9882455393672,2.4866933338344097,30.481961840763688,645.5264873094857
1348.450393639505,2.495283665135503,30.516640048474073,645.5264873094857
1349.9830546472222,2.495283665135503,30.516640048474073,646.6129733324051
1350.113833796233,2.496387105435133,30.630278823897243,646.6129733324051
1351.516684083268,2.496387105435133,30.630278823897243,647.5320710446686
1351.6295853815973,2.5045208651572466,30.71130029670894,647.5320710446686
1353.107926139608,2.5045208651572466,30.71130029670894,648.4682372808456
1353.2040772400796,2.505768807604909,30.79591609723866,648.4682372808456
1355.0090131331235,2.505768807604909,30.79591609723866,649.5114213582128
1355.9395864475518,2.5152590721845627,30.81422883272171,649.5114213582128
1357.8969604093581,2.5152590721845627,30.81422883272171,650.4649339746684
1357.9645102918148,2.516343653202057,30.854630218818784,650.4649339746684
1359.2484082151204,2.516343653202057,30.854630218818784,651.3764156773686
1359.3466918431222,2.5174485743045807,30.92312636040151,651.3764156773686
1360.6617130395025,2.5174485743045807,30.92312636040151,652.1035866867751
1360.810286866501,2.5187432505190372,31.043160179629922,652.1035866867751
1361.5768844522536,2.5187432505190372,31.043160179629922,652.509706504643
1362.6754533611238,2.5274737011641264,31.112014815211296,652.509706504643
1363.832693643868,2.5274737011641264,31.112014815211296,653.3713699001819
1363.9113575220108,2.5285674408078194,31.161358054727316,653.3713699001819
1364.7336904630065,2.5285674408078194,31.161358054727316,653.875907741487
1364.765715263784,2.5296917110681534,31.1795589402318,653.875907741487
1366.5467584431171,2.5296917110681534,31.1795589402318,655.1959119588137
1366.6787068154663,2.530990766361356,31.292688723653555,655.1959119588137
1368.1713733132929,2.530990766361356,31.292688723653555,656.2066218722612
1369.3710794392973,2.5353049132972956,31.400280045345426,656.2066218722612
1370.8992027845234,2.5353049132972956,31.400280045345426,657.3286933153868
1370.9844785127789,2.536392765119672,31.464582299813628,657.3286933153868
1372.2642386835068,2.536392765119672,31.464582299813628,658.1446240637451
1372.4316830467433,2.5375424660742283,31.546870047226548,658.1446240637451
1374.0701314080507,2.5375424660742283,31.546870047226548,659.2415376082063
1374.1292137149721,2.538652054965496,31.598645489662886,659.2415376082063
1375.4551801383495,2.538652054965496,31.598645489662886,660.0260185673833
1376.3661227151752,2.5428639724850655,31.616395868360996,660.0260185673833
1377.9101844783872,2.5428639724850655,31.616395868360996,661.032968306914
1378.0606500003487,2.543948832899332,31.72900084219873,661.032968306914
1379.2971341647208,2.543948832899332,31.72900084219873,661.7233926542103
1379.4478319119662,2.5450833234936,31.846529388800263,661.7233926542103
1380.726996716112,2.5450833234936,31.846529388800263,662.4366943016648
1380.8896372914314,2.546122781932354,31.987161591649055,662.4366943016648
1382.0431250687689,2.546122781932354,31.987161591649055,663.0930176302791
1383.170424155891,2.550389250740409,32.103812493383884,663.0930176302791
1384.6835467200726,2.550389250740409,32.103812493383884,664.1547860298306
1384.8353038877249,2.5515814516693354,32.20835816860199,664.1547860298306
1386.19453012757,2.5515814516693354,32.20835816860199,665.0668730493635
1386.3692866358906,2.557697743177414,32.28384024836123,665.0668730493635
1387.786155499518,2.557697743177414,32.28384024836123,665.8580051138997
1387.8398586381227,2.5598386246711016,32.32048993371427,665.8580051138997
1389.0249738618731,2.5598386246711016,32.32048993371427,666.4744977355003
1390.3754390720278,2.564191784709692,32.35409382171929,666.4744977355003
1391.8131563924253,2.564191784709692,32.35409382171929,667.2968398369849
1391.9512972161174,2.5653308369219303,32.46972303465009,667.2968398369849
1393.4647642821074,2.5653308369219303,32.46972303465009,668.2254130654037
1393.547818992287,2.5664579179137945,32.51948211155832,668.2254130654037
1394.277144920081,2.5664579179137945,32.51948211155832,668.7185594215989
1394.359841182828,2.567590769380331,32.54282441176474,668.7185594215989
1395.8116802629083,2.567590769380331,32.54282441176474,669.6503534503281
1397.1808551307768,2.5719388518482447,32.560504015535116,669.6503534503281
1398.9899811670184,2.5719388518482447,32.560504015535116,670.7698144875467
1399.0382050070912,2.573022712022066,32.594637885689735,670.7698144875467
1400.438872108236,2.573022712022066,32.594637885689735,671.7616739254445
1400.4807551577687,2.574088303372264,32.62892943806946,671.7616739254445
1401.4831224586815,2.574088303372264,32.62892943806946,672.5212156493217
1401.524006843567,2.5752137321978807,32.662487994879484,672.5212156493217
1402.8056588694453,2.5752137321978807,32.662487994879484,673.228175604716
1404.5540846195072,2.579826118424535,32.75461562164128,673.228175604716
1406.33625674434,2.579826118424535,32.75461562164128,674.2835347596556
1406.4487853962928,2.580944240093231,32.844749733805656,674.2835347596556
1407.7688234336674,2.580944240093231,32.844749733805656,675.0692968517542
1407.8218337595463,2.5821451917290688,32.863868134096265,675.0692968517542
1409.1499651577324,2.5821451917290688,32.863868134096265,675.8632549121976
1409.2160919867456,2.583216581493616,32.91448752768338,675.8632549121976
1410.3490385077894,2.583216581493616,32.91448752768338,676.546533536166
1412.187407458201,2.5874763410538435,33.01459242217243,676.546533536166
1413.8060687910765,2.5874763410538435,33.01459242217243,677.5690066516399
1413.855990651995,2.588628724217415,33.04594527930021,677.5690066516399
1415.138382267207,2.588628724217415,33.04594527930021,678.4285448137671
1415.2080626524985,2.589736895635724,33.08088516257703,678.4285448137671
1416.697852510959,2.589736895635724,33.08088516257703,679.5007265564054
1416.8978691678494,2.5908496752381325,33.229309318587184,679.5007265564054
1418.495472515002,2.5908496752381325,33.229309318587184,680.5892298184335
1419.5005531907082,2.5952224154025316,33.28411019966006,680.5892298184335
1421.1887936796993,2.5952224154025316,33.28411019966006,681.5452212113887
1421.332819774747,2.6002699695527554,33.37276637367904,681.5452212113887
1422.2961990833282,2.6002699695527554,33.37276637367904,681.9514934122562
1422.350175600499,2.601387368515134,33.41503980383277,681.9514934122562
1424.0168107319623,2.601387368515134,33.41503980383277,682.9715065434575
1424.1130335852504,2.602443179115653,33.486202055588365,682.9715065434575
1425.3776357881725,2.602443179115653,33.486202055588365,683.870224358514
1426.966625539586,2.6142799369990826,33.60153464227915,683.870224358514
1428.372055169195,2.6142799369990826,33.60153464227915,684.8574322685599
1428.4247465524822,2.6153655368834734,33.64686580747366,684.8574322685599
1429.5190851148218,2.6153655368834734,33.64686580747366,685.4559517428279
1429.6529241912067,2.616457475349307,33.749536260962486,685.4559517428279
1430.6584607120603,2.616457475349307,33.749536260962486,686.1328155808151
1430.7426389828324,2.617582034319639,33.81770397722721,686.1328155808151
1431.9732545111328,2.617582034319639,33.81770397722721,686.8715483490378
1433.4802366830409,2.630251968279481,33.882529731839895,686.8715483490378
1435.0537539161742,2.630251968279481,33.882529731839895,687.9168998114765
1435.1783855538815,2.6313922591507435,33.98399100266397,687.9168998114765
1436.3449582643807,2.6313922591507435,33.98399100266397,688.6914787329733
1436.486491780728,2.6325205117464066,34.103570656850934,688.6914787329733
1438.1547713913023,2.6325205117464066,34.103570656850934,689.9490730781108
1438.2743980772793,2.6336591616272926,34.17190405540168,689.9490730781108
1439.306739501655,2.6336591616272926,34.17190405540168,690.691105760634
1440.2800023276359,2.6391199324280024,34.19619143381715,690.691105760634
1441.8274869807065,2.6391199324280024,34.19619143381715,691.7238684352487
1441.9670227244496,2.640170343220234,34.31435753405094,691.7238684352487
1443.3391589652747,2.640170343220234,34.31435753405094,692.7384072113782
1443.4376724231988,2.6412525922060013,34.39540722966194,692.7384072113782
1444.8754914663732,2.6412525922060013,34.39540722966194,693.8048516884446
1444.9797993302345,2.64265207760036,34.48893030360341,693.8048516884446
1446.4578592758626,2.64265207760036,34.48893030360341,694.7923616096377
1447.8428325559944,2.6470062360167503,34.61762709543109,694.7923616096377
1449.2616072669625,2.6470062360167503,34.61762709543109,695.6511580776423
1449.4149304963648,2.6481167767196894,34.71640660613775,695.6511580776423
1450.6832229550928,2.6481167767196894,34.71640660613775,696.512582315132
1450.9053706116974,2.6494004409760237,34.87164600007236,696.512582315132
1452.0972498115152,2.6494004409760237,34.87164600007236,697.4179227910936
1452.2024299707264,2.650551874190569,34.9590825047344,697.4179227910936
1453.4819292873144,2.650551874190569,34.9590825047344,698.3369081262499
1454.726683786139,2.658370917662978,35.00475766696036,698.3369081262499
1455.9014050308615,2.658370917662978,35.00475766696036,699.1602840609848
1456.0895650517195,2.659720042720437,35.11524001322687,699.1602840609848
1457.2211894616485,2.659720042720437,35.11524001322687,699.9149732217193
1457.3983716387302,2.6609251871705055,35.236511861905456,699.9149732217193
1458.4299002029002,2.6609251871705055,35.236511861905456,700.4559081364423
1458.4667908847332,2.6620715986937284,35.25786725617945,700.4559081364423
1460.0342076644301,2.6620715986937284,35.25786725617945,701.3988878373057
1461.8160069491714,2.6665761675685644,35.36269813030958,701.3988878373057
1463.1466205120087,2.6665761675685644,35.36269813030958,702.1551400870085
1463.3000564109534,2.6686604768037796,35.48794214054942,702.1551400870085
1464.5628015641123,2.6686604768037796,35.48794214054942,703.1752972025424
1464.6166905201972,2.6698104962706566,35.52728344500065,703.1752972025424
1465.890705158934,2.6698104962706566,35.52728344500065,704.050178039819
1465.9251715559512,2.6710835471749306,35.55371404439211,704.050178039819
1467.5829963441938,2.6710835471749306,35.55371404439211,705.1744595691562
1468.7536183986813,2.6753289978951216,35.633546736091375,705.1744595691562
1469.9856032952666,2.6753289978951216,35.633546736091375,706.0058130249381
1470.0409594364464,2.6763926949352026,35.65805730968714,706.0058130249381
1471.305691935122,2.6763926949352026,35.65805730968714,706.8226526714861
1471.3919846285135,2.67751232534647,35.733435640111566,706.8226526714861
1473.1276783477515,2.67751232534647,35.733435640111566,707.741896411404
1473.2175856083632,2.678601175546646,35.81442327238619,707.741896411404
1474.7516219764948,2.678601175546646,35.81442327238619,708.8876341860741
1476.3527009543031,2.6923566684126854,35.89976122789085,708.8876341860741
1477.6974851936102,2.6923566684126854,35.89976122789085,709.7551378998905
1477.737010391429,2.6934756580740213,35.930165346711874,709.7551378998905
1479.3603606522083,2.6934756580740213,35.930165346711874,710.7451326325536
1479.4590957835317,2.694555388763547,36.01532374881208,710.7451326325536
1480.570096861571,2.694555388763547,36.01532374881208,711.1913565676659
1480.6848988998681,2.695695139467716,36.11476147174835,711.1913565676659
1482.4161304514855,2.695695139467716,36.11476147174835,712.6050989404321
1483.4164723567665,2.699966289103031,36.14770488627255,712.6050989404321
1484.4335185717791,2.699966289103031,36.14770488627255,713.1298592053354
1484.5379540398717,2.701107829809189,36.165897972881794,713.1298592053354
1485.0736569035798,2.701107829809189,36.165897972881794,713.4158330112696
1485.1812391001731,2.7022435422986746,36.25402385741472,713.4158330112696
1486.0866551045328,2.7022435422986746,36.25402385741472,713.7899376749992
1486.3866586387157,2.7034291736781597,36.41003587655723,713.7899376749992
1487.0630443803966,2.7034291736781597,36.41003587655723,714.165809251368
1487.9606771226972,2.707644861191511,36.474950985983014,714.165809251368
1489.6728122755885,2.707644861191511,36.474950985983014,715.4127833787352
1489.768774645403,2.708813102915883,36.55334735289216,715.4127833787352
1491.1382976267487,2.708813102915883,36.55334735289216,716.2484390772879
1491.2053024228662,2.7099469751119614,36.60488536581397,716.2484390772879
1492.6721859015524,2.7099469751119614,36.60488536581397,717.3352833017707
1492.919106638059,2.7110545746982098,36.83249213732779,717.3352833017707
1493.9512624442577,2.7110545746982098,36.83249213732779,717.9111055787653
1495.2873423993587,2.7357437293976545,36.8587550111115,717.9111055787653
1496.3596561066806,2.7357437293976545,36.8587550111115,718.447459327057
1496.4351977910846,2.7368184812366962,36.92008681409061,718.447459327057
1497.988212151453,2.7368184812366962,36.92008681409061,719.4854797236621
1498.0256952028722,2.737947292625904,36.94645299948752,719.4854797236621
1498.962049882859,2.737947292625904,36.94645299948752,720.0383191276342
1499.070238839835,2.739071073010564,37.033471995964646,720.0383191276342
1500.2470522355288,2.739071073010564,37.033471995964646,720.7341281790286
1501.2395090907812,2.7575587015599012,37.068189177662134,720.7341281790286
1502.6145568490028,2.7575587015599012,37.068189177662134,721.7723408285528
1502.7154156994075,2.7586278803646564,37.16125448606908,721.7723408285528
1504.07335062325,2.7586278803646564,37.16125448606908,722.5331073570997
1504.1335442140698,2.761737395077944,37.17964308708906,722.5331073570997
1505.3673573751003,2.761737395077944,37.17964308708906,723.5281130895019
1505.5030048880726,2.7628081645816565,37.289810651913285,723.5281130895019
1506.6112073212862,2.7628081645816565,37.289810651913285,724.3367375265807
1507.8527296762913,2.775481468066573,37.42120316810906,724.3367375265807
1509.0121936649084,2.775481468066573,37.42120316810906,725.2576130349189
1509.1201915889978,2.7767434511333704,37.49194882437587,725.2576130349189
1510.8778279908001,2.7767434511333704,37.49194882437587,726.3534628208727
1510.9939940832555,2.7778651136904955,37.572448370978236,726.3534628208727
1512.4851762205362,2.7778651136904955,37.572448370978236,727.4072773493826
1512.612421374768,2.7789544854313135,37.669090224429965,727.4072773493826
1513.9572264403105,2.7789544854313135,37.669090224429965,728.2532439921051
1515.4051887560636,2.8112897407263517,37.727053456008434,728.2532439921051
1517.1226617302746,2.8112897407263517,37.727053456008434,729.337668178603
1517.180579867214,2.8124406207352877,37.7633485160768,729.337668178603
1518.2984794937074,2.8124406207352877,37.7633485160768,730.0588625837117
1518.3611981514841,2.813523441553116,37.795481679961085,730.0588625837117
1519.8490348868072,2.813523441553116,37.795481679961085,730.8735557440668
1519.9857277888805,2.815697830170393,37.915316531434655,730.8735557440668
1521.548108831048,2.815697830170393,37.915316531434655,731.6429744176567
1522.8512449283153,2.820299658924341,38.067457627505064,731.6429744176567
1524.3489913474768,2.820299658924341,38.067457627505064,732.5427627563477
1524.474479623139,2.826474942266941,38.1360394153744,732.5427627563477
1525.720544828102,2.826474942266941,38.1360394153744,733.3371776919812
1525.866891760379,2.827637253329158,38.257639192044735,733.3371776919812
1526.9188974294811,2.827637253329158,38.257639192044735,734.0385976228863
1526.9697434268892,2.8287217523902655,38.27606408111751,734.0385976228863
1528.8845616076142,2.8287217523902655,38.27606408111751,735.3900471106172
1529.9801633451134,2.8330812118947506,38.294000301510096,735.3900471106172
1531.5565006192774,2.8330812118947506,38.294000301510096,736.4568086247891
1531.608466340229,2.834233133122325,38.33796601369977,736.4568086247891
1532.8194293957204,2.834233133122325,38.33796601369977,737.3980063628405
1532.883027099073,2.835838971659541,38.392940666526556,737.3980063628405
1533.7169688548893,2.835838971659541,38.392940666526556,737.9337794538587
1533.9642338324338,2.8369756434112787,38.51177116110921,737.9337794538587
1535.2815146837384,2.8369756434112787,38.51177116110921,738.6879667397588
1536.5668560564518,2.843646289780736,38.57360969297588,738.6879667397588
1537.8964757863432,2.843646289780736,38.57360969297588,739.6697192247957
1537.9825936350971,2.844747718423605,38.65234387665987,739.6697192247957
1539.2592291384935,2.844747718423605,38.65234387665987,740.2981048263609
1539.3452251050621,2.845821738243103,38.71716196462512,740.2981048263609
1540.4657140560448,2.845821738243103,38.71716196462512,740.9963899217546
1540.4915327522904,2.8469107169657946,38.73565598577261,740.9963899217546
1541.799548374489,2.8469107169657946,38.73565598577261,741.7729831933975
1542.778787503019,2.8595235999673605,38.76954164169729,741.7729831933975
1544.1273988280445,2.8595235999673605,38.76954164169729,742.6495090592653
1544.2251277323812,2.860595729202032,38.84375783242285,742.6495090592653
1545.3796129319817,2.860595729202032,38.84375783242285,743.3870160859078
1545.4853879828006,2.8619596548378468,38.938944801688194,743.3870160859078
1547.0523148998618,2.8619596548378468,38.938944801688194,744.434109531343
1547.1991453897208,2.863094214349985,39.073554430156946,744.434109531343
1548.3469234630466,2.863094214349985,39.073554430156946,744.9078495707363
1549.4546269997954,2.8738875053822994,39.193511225283146,744.9078495707363
1550.8021391164511,2.8738875053822994,39.193511225283146,745.8375992812216
1550.9089277163148,2.875030856579542,39.288651153445244,745.8375992812216
1552.5178394485265,2.875030856579542,39.288651153445244,746.8478696085513
1552.5779934190214,2.8832676596939564,39.319663625210524,746.8478696085513
1553.9694905672222,2.8832676596939564,39.319663625210524,747.9287346713245
1554.1062960643321,2.88454576022923,39.37493806518614,747.9287346713245
1555.5634974464774,2.88454576022923,39.37493806518614,748.9270799905062
1556.6431128643453,2.8991166204214096,39.428340811282396,748.9270799905062
1558.4258981589228,2.8991166204214096,39.428340811282396,750.1014618705958
1558.4772018957883,2.9002322610467672,39.47213896922767,750.1014618705958
1559.7912680152804,2.9002322610467672,39.47213896922767,751.0545278228819
1559.8582661040127,2.901331452652812,39.51429892703891,751.0545278228819
1561.210375495255,2.901331452652812,39.51429892703891,751.991487018764
1561.2809235882014,2.9024505224078894,39.56314138695598,751.991487018764
1562.8794326614588,2.9024505224078894,39.56314138695598,753.072429433465
1563.7206001076847,2.9066792130470276,39.62078060954809,753.072429433465
1565.0825287830085,2.9066792130470276,39.62078060954809,754.0191246680915
1565.1504724677652,2.907811563462019,39.65665232203901,754.0191246680915
1566.1195477358997,2.907811563462019,39.65665232203901,754.6393241733313
1566.1718993429095,2.9089103639125824,39.69841797463596,754.6393241733313
1567.658331219107,2.9089103639125824,39.69841797463596,755.4863567072898
1567.7538195233792,2.9101498760282993,39.76695214025676,755.4863567072898
1568.8926188685,2.9101498760282993,39.76695214025676,756.191074706614
1569.8563603069633,2.922895908355713,39.80804452672601,756.191074706614
1571.3897069841623,2.922895908355713,39.80804452672601,757.3112445566803
1571.504669105634,2.923968318849802,39.91582467779517,757.3112445566803
1572.8522543683648,2.923968318849802,39.91582467779517,758.1923938021064
1572.9817390404642,2.925069509074092,40.01297288201749,758.1923938021064
1574.2240983396769,2.925069509074092,40.01297288201749,759.0738306809217
1574.3752167709172,2.9263373725116253,40.10989239253104,759.0738306809217
1575.3099747374654,2.9263373725116253,40.10989239253104,759.6567085161805
1576.7037397641689,2.930834624916315,40.127698972821236,759.6567085161805
1577.379703540355,2.930834624916315,40.127698972821236,759.9354655463248
1577.508257156238,2.931904185563326,40.223832400515676,759.9354655463248
1578.4936848394573,2.931904185563326,40.223832400515676,760.5405976232141
1578.5676127634943,2.9330199249088764,40.26140283420682,760.5405976232141
1579.8911249041557,2.9330199249088764,40.26140283420682,761.4404649380594
1580.0164184197783,2.9343346003443003,40.34541864693165,761.4404649380594
1581.0769337192178,2.9343346003443003,40.34541864693165,762.2877596821636
1582.1458753868937,2.9390663374215364,40.40954623185098,762.2877596821636
1583.913168758154,2.9390663374215364,40.40954623185098,763.4420203063637
1583.9636947996914,2.9401508271694183,40.428238335996866,763.4420203063637
1585.4446639716625,2.9401508271694183,40.428238335996866,764.3656588196754
1585.5329071190208,2.9419090077281,40.495768774300814,764.3656588196754
1586.7844676338136,2.9419090077281,40.495768774300814,765.2580505553633
1586.9889181721956,2.9432679526507854,40.541848035529256,765.2580505553633
1587.7143159043044,2.9432679526507854,40.541848035529256,765.6879585273564
1589.2726808134466,2.9636728204786777,40.649723280221224,765.6879585273564
1590.3132287990302,2.9636728204786777,40.649723280221224,766.3013339005411
1590.4442484397441,2.964728970080614,40.76909255422652,766.3013339005411
1591.3919051475823,2.964728970080614,40.76909255422652,766.9868104439229
1591.6477421242744,2.9660324659198523,40.84314121492207,766.9868104439229
1592.6694937720895,2.9660324659198523,40.84314121492207,767.5527330320328
1592.76106980443,2.9671658389270306,40.921497942879796,767.5527330320328
1594.4894704669714,2.9671658389270306,40.921497942879796,768.6928430963308
1595.894834594801,2.9840184208005667,41.00117922760546,768.6928430963308
1597.4415482040495,2.9840184208005667,41.00117922760546,769.7984121832997
1597.4908728152514,2.9851535242050886,41.03195895627141,769.7984121832997
1598.8718253616244,2.9851535242050886,41.03195895627141,770.580057034269
1599.0574136190116,2.9922297559678555,41.164674669504166,770.580057034269
1600.5037272162735,2.9922297559678555,41.164674669504166,771.3738548513502
1600.7733759079129,2.993610581383109,41.18326202407479,771.3738548513502
1602.1899955235422,2.993610581383109,41.18326202407479,772.338177440688
1603.337374765426,2.9978177696466446,41.209216391667724,772.338177440688
1604.8276004828513,2.9978177696466446,41.209216391667724,773.2841173708439
1604.9178680106997,2.998828826472163,41.286842208355665,773.2841173708439
1605.771141987294,2.998828826472163,41.286842208355665,773.7887146472931
1605.798184517771,2.9999287966638803,41.30542886070907,773.7887146472931
1606.707787675783,2.9999287966638803,41.30542886070907,774.3359418120235
1606.8541956320405,3.000968074426055,41.40903624519706,774.3359418120235
1608.298641635105,3.000968074426055,41.40903624519706,775.4045235179365
1609.273744912818,3.0053939055651426,41.4272787142545,775.4045235179365
1610.0802893284708,3.0053939055651426,41.4272787142545,775.8938688132912
1610.2359515242279,3.006662270054221,41.47364766150713,775.8938688132912
1611.528024731204,3.006662270054221,41.47364766150713,776.8296147268265
1611.6400721240789,3.007783930748701,41.57571108452976,776.8296147268265
1613.0060057863593,3.007783930748701,41.57571108452976,777.779533078894
1613.0347981285304,3.008830649778247,41.5938034709543,777.779533078894
1614.0964065361768,3.008830649778247,41.5938034709543,778.5541569925845
1615.2818600833416,3.021609565243125,41.723610289394855,778.5541569925845
1617.0885823257267,3.021609565243125,41.723610289394855,779.8840229716152
1617.2263720221817,3.022676784545183,41.82638072781265,779.8840229716152
1618.5305532235652,3.022676784545183,41.82638072781265,780.802318552509
1618.6073714829981,3.023757355287671,41.87997982092202,780.802318552509
1619.722661567852,3.023757355287671,41.87997982092202,781.3256454840302
1619.7750363759696,3.0249118246138096,41.904719499871135,781.3256454840302
1620.8861932512373,3.0249118246138096,41.904719499871135,782.0421129539609
1621.972706111148,3.029231123626232,42.00142148695886,782.0421129539609
1623.2104592993855,3.029231123626232,42.00142148695886,782.9134462792426
1623.3662000782788,3.030550980940461,42.06993208453059,782.9134462792426
1624.7169244717807,3.030550980940461,42.06993208453059,783.732483079657
1624.7988283652812,3.0316773019731045,42.138318279758096,783.732483079657
1626.3424465674907,3.0316773019731045,42.138318279758096,784.8668187148869
1626.4632478393614,3.032868802547455,42.22225405275822,784.8668187148869
1627.2480489760637,3.032868802547455,42.22225405275822,785.4422495290637
1628.2173079494387,3.0369017980992794,42.24029594659805,785.4422495290637
1629.721466941759,3.0369017980992794,42.24029594659805,786.545363439247
1629.7784196548164,3.038267383351922,42.275172270834446,786.545363439247
1631.3221638482064,3.038267383351922,42.275172270834446,787.6181012764573
1631.4316188115627,3.039728919044137,42.36565565317869,787.6181012764573
1632.6303976923227,3.039728919044137,42.36565565317869,788.5201236885041
1632.6599369961768,3.0408828407526016,42.38396557047963,788.5201236885041
1633.8204363975674,3.0408828407526016,42.38396557047963,789.4289870485663
1635.6153740249574,3.0451744217425585,42.44089342281222,789.4289870485663
1636.9439678564668,3.0451744217425585,42.44089342281222,790.1212476771325
1637.007665483281,3.046287251636386,42.4821713976562,790.1212476771325
1638.071291623637,3.046287251636386,42.4821713976562,790.7723405435681
1638.205961883068,3.047364352270961,42.609728537499905,790.7723405435681
1639.6667490880936,3.047364352270961,42.609728537499905,791.7242160197347
1639.7068308573216,3.0497171357274055,42.640836073085666,791.7242160197347
1640.4903022591025,3.0497171357274055,42.640836073085666,792.2732731085271
1641.9361731875688,3.054150979965925,42.6833510491997,792.2732731085271
1642.965811431408,3.054150979965925,42.6833510491997,792.9993343893439
1643.1025577522814,3.0552476812154055,42.79385437257588,792.9993343893439
1644.1662925649434,3.0552476812154055,42.79385437257588,793.7095982823521
1644.2035089731216,3.056375190615654,42.819405153393745,793.7095982823521
1645.2701808921993,3.056375190615654,42.819405153393745,794.3240207713097
1645.3509508352727,3.0576566960662603,42.86053963378072,794.3240207713097
1646.2592282667756,3.0576566960662603,42.86053963378072,795.0267741009593
1647.492862123996,3.062043337151408,42.96305524930358,795.0267741009593
1648.6784537807107,3.062043337151408,42.96305524930358,795.6597984749824
1648.793775362894,3.0631770081818104,43.02111537382007,795.6597984749824
1650.4573902003467,3.0631770081818104,43.02111537382007,796.6331442296505
1650.5095188841224,3.0642283260822296,43.05100802704692,796.6331442296505
1651.666320629418,3.0642283260822296,43.05100802704692,797.4599191341549
1651.713267877698,3.0653838086873293,43.08326177299023,797.4599191341549
1653.359257640317,3.0653838086873293,43.08326177299023,798.4609410893172
1654.3779442440718,3.069813622161746,43.12048462405801,798.4609410893172
1655.7977404240519,3.069813622161746,43.12048462405801,799.2984239533544
1655.9137592185289,3.0708428900688887,43.17824204266071,799.2984239533544
1657.3799711056054,3.0708428900688887,43.17824204266071,800.251076458022
1657.4441153313965,3.071928922086954,43.23489513061941,800.251076458022
1659.1270889602602,3.071928922086954,43.23489513061941,801.4663412366062
1659.1756023149937,3.07300129160285,43.253303810954094,801.4663412366062
1660.4791878368706,3.07300129160285,43.253303810954094,802.4488078411669
1661.9719501882792,3.0924869515001774,43.27170888148248,802.4488078411669
1663.0849915798753,3.0924869515001774,43.27170888148248,803.3513335697353
1663.2644613347948,3.096360631287098,43.36010115593672,803.3513335697353
1664.0008760038763,3.096360631287098,43.36010115593672,803.8329299837351
1664.0496807657182,3.0974800307303667,43.393236327916384,803.8329299837351
1665.1265676971525,3.0974800307303667,43.393236327916384,804.3900033328682
1665.2238193154335,3.098596092313528,43.48316891118884,804.3900033328682
1666.1583895161748,3.098596092313528,43.48316891118884,804.9371883012354
1667.331153601408,3.1364280823618174,43.50102464295924,804.9371883012354
1668.8104374147952,3.1364280823618174,43.50102464295924,805.8098082765937
1668.9174320027232,3.13761237449944,43.5645679756999,805.8098082765937
1669.9716585874557,3.13761237449944,43.5645679756999,806.5537375826389
1670.018462203443,3.1387190874665976,43.588224813342094,806.5537375826389
1672.1052018683404,3.1387190874665976,43.588224813342094,807.9496318344027
1672.2141660433263,3.13980776630342,43.67083058133721,807.9496318344027
1673.69475986436,3.13980776630342,43.67083058133721,808.7834099624306
1674.7222200520337,3.1444669701159,43.79507031664252,808.7834099624306
1676.1426676791161,3.1444669701159,43.79507031664252,809.4999351110309
1676.2762384489179,3.1456240210682154,43.89841334708035,809.4999351110309
1677.6621763594449,3.1456240210682154,43.89841334708035,810.4942346978933
1677.766986137256,3.146755062043667,43.98831878043711,810.4942346978933
1679.039409097284,3.146755062043667,43.98831878043711,811.5490292739123
1679.125231295824,3.147892951965332,44.06663066893816,811.5490292739123
1681.2839684151113,3.147892951965332,44.06663066893816,812.6347969546914
1682.283528931439,3.1521463226526976,44.14407026208937,812.6347969546914
1683.6225965879858,3.1521463226526976,44.14407026208937,813.644780062139
1683.757897587493,3.1532098408788443,44.24518213048577,813.644780062139
1685.2449982315302,3.1532098408788443,44.24518213048577,814.8453957550228
1685.3360614757985,3.154322912916541,44.32500743865967,814.8453957550228
1686.3506703395396,3.154322912916541,44.32500743865967,815.5042417291552
1686.4816067405045,3.1555511243641376,44.43171801418066,815.5042417291552
1687.7273766305298,3.1555511243641376,44.43171801418066,816.2727976031601
1689.008263349533,3.160812381654978,44.58516486175358,816.2727976031601
1690.3023518826813,3.160812381654978,44.58516486175358,817.0486521832645
1690.4311603456736,3.161982463672757,44.69973114132881,817.0486521832645
1691.4985304959118,3.161982463672757,44.69973114132881,817.7192563544959
1691.6461426354945,3.1631995160132647,44.802111994475126,817.7192563544959
1693.173193179071,3.1631995160132647,44.802111994475126,818.7598851509392
1693.275343010202,3.164296418428421,44.89522818662226,818.7598851509392
1694.6356965396553,3.164296418428421,44.89522818662226,819.7385700754821
1695.6878488194197,3.16856836527586,44.91529873944819,819.7385700754821
1697.059214843437,3.16856836527586,44.91529873944819,820.7207794003189
1697.0925620310009,3.170053454115987,44.941121054813266,820.7207794003189
1698.053283220157,3.170053454115987,44.941121054813266,821.4773674458265
1698.1177602633834,3.1711466442793608,44.98991715721786,821.4773674458265
1699.3705812152475,3.1711466442793608,44.98991715721786,822.2562139220536
1699.4268840067089,3.1722703147679567,45.01072377152741,822.2562139220536
1700.7492342051119,3.1722703147679567,45.01072377152741,823.2276520412415
1701.8686525616795,3.18415180593729,45.04349828697741,823.2276520412415
1703.1873366441578,3.18415180593729,45.04349828697741,823.9989161286503
1703.259336495772,3.185345087200403,45.070256082341075,823.9989161286503
1704.5844335462898,3.185345087200403,45.070256082341075,824.9903328772634
1704.7175374776125,3.1866065710783005,45.12764199450612,824.9903328772634
1705.9552528522909,3.1866065710783005,45.12764199450612,825.8475464247167
1706.025088293478,3.1876668594777584,45.16436977311969,825.8475464247167
1707.2187001630664,3.1876668594777584,45.16436977311969,826.7675894033164
1708.4920561481267,3.1952378693968058,45.26899124868214,826.7675894033164
1709.413739927113,3.1952378693968058,45.26899124868214,827.3441794365644
1709.5128782708198,3.196342870593071,45.34301460534334,827.3441794365644
1710.2756727393717,3.196342870593071,45.34301460534334,827.8035748954862
1710.344187580049,3.197471261024475,45.38102233968675,827.8035748954862
1711.9352585710585,3.197471261024475,45.38102233968675,828.786262543872
1712.0360644552857,3.1985816303640604,45.447784611955285,828.786262543872
1713.2370096314698,3.1985816303640604,45.447784611955285,829.5751257445663
1714.2989636063576,3.2029176596552134,45.4842985663563,829.5751257445663
1715.4034126475453,3.2029176596552134,45.4842985663563,830.1714619062841
1715.5603336803615,3.204025160521269,45.60003600642085,830.1714619062841
1716.3648443035781,3.204025160521269,45.60003600642085,830.7279926333576
1716.500415172428,3.205146759748459,45.66229926608503,830.7279926333576
1717.8813755884767,3.205146759748459,45.66229926608503,831.5372527129948
1717.9183468017727,3.2062331195920706,45.68409309908748,831.5372527129948
1719.2066504564136,3.2062331195920706,45.68409309908748,832.315670421347
1720.2528670988977,3.210804285481572,45.72693068347871,832.315670421347
1721.3450448755175,3.210804285481572,45.72693068347871,832.8956813104451
1721.3953327257186,3.211878838017583,45.76987665891647,832.8956813104451
1722.76557623595,3.211878838017583,45.76987665891647,833.7882411330938
1722.854133663699,3.2130255103111267,45.83353296481073,833.7882411330938
1724.1041926518083,3.2130255103111267,45.83353296481073,834.5686506405473
1724.2263380289078,3.21412904933095,45.92545330710709,834.5686506405473
1725.2116285599768,3.21412904933095,45.92545330710709,835.3045192956924
1726.3066778369248,3.2184707522392273,45.99615750461817,835.3045192956924
1727.3165346514434,3.2184707522392273,45.99615750461817,836.1412376463413
1727.3597740922123,3.219585372135043,46.02458026818931,836.1412376463413
1728.3441668339074,3.219585372135043,46.02458026818931,836.8456368781626
1728.4029991216958,3.220696283504367,46.075240064412355,836.8456368781626
1729.6537964344025,3.220696283504367,46.075240064412355,837.6766450833529
1729.7347466219217,3.2217023614794016,46.14842616766691,837.6766450833529
1731.2761602196842,3.2217023614794016,46.14842616766691,838.716309659183
1732.1730722561479,3.24218044988811,46.221155524253845,838.716309659183
1733.6562500074506,3.24218044988811,46.221155524253845,839.7365789543837
1733.72423177585,3.2434592936187983,46.25461505167186,839.7365789543837
1735.0085901767015,3.2434592936187983,46.25461505167186,840.6363727729768
1735.1090211551636,3.2488546427339315,46.32834100537002,840.6363727729768
1736.219710888341,3.2488546427339315,46.32834100537002,841.4319601543248
1736.3283743280917,3.249998213723302,46.420075392350554,841.4319601543248
1737.8167336247861,3.249998213723302,46.420075392350554,842.3235476594418
1740.063486566767,3.2583964113146067,46.44443734176457,842.3235476594418
1741.1471343375742,3.2583964113146067,46.44443734176457,842.8686889968812
1741.2139449436218,3.259543212130666,46.50345819443464,842.8686889968812
1742.688704321161,3.259543212130666,46.50345819443464,843.5301392842084
1742.9588810019195,3.2608126867562532,46.54037956893444,843.5301392842084
1744.0022034551948,3.2608126867562532,46.54037956893444,844.2893711123616
1744.0721635315567,3.261934196576476,46.57966356724501,844.2893711123616
1745.0701220557094,3.261934196576476,46.57966356724501,844.6990098524839
1747.4893051311374,3.2665257081389427,46.65801281668246,844.6990098524839
1748.676267085597,3.2665257081389427,46.65801281668246,845.3225798904896
1749.0479753427207,3.267990766093135,46.771192053332925,845.3225798904896
1750.2251076549292,3.267990766093135,46.771192053332925,846.1363682895899
1750.361298168078,3.2690892778337,46.83319883979857,846.1363682895899
1751.8697773516178,3.2690892778337,46.83319883979857,846.9552652332932
1752.1058494802564,3.2703581787645817,46.894872952252626,846.9552652332932
1753.1242349352688,3.2703581787645817,46.894872952252626,847.4161165207624
1755.3704976644367,3.274711739271879,46.95950643904507,847.4161165207624
1757.0141750089824,3.274711739271879,46.95950643904507,848.2366314344108
1757.1191605441272,3.2758498415350914,47.056136487051845,848.2366314344108
1758.0761921908706,3.2758498415350914,47.056136487051845,848.6714230123907
1758.1638877857476,3.277325378730893,47.106911877170205,848.6714230123907
1759.5311279278249,3.277325378730893,47.106911877170205,849.3787532113492
1759.5688763074577,3.285265985876322,47.12533551827073,849.3787532113492
1760.9428930748254,3.285265985876322,47.12533551827073,850.2404982503504
1762.5690013468266,3.297239998355508,47.24614631384611,850.2404982503504
1764.3471485748887,3.297239998355508,47.24614631384611,851.2509352304041
1764.8977121245116,3.299384478479624,47.31940714083612,851.2509352304041
1765.9153958987445,3.299384478479624,47.31940714083612,851.8049868848175
1766.0283943489194,3.3004667591303587,47.40608132444322,851.8049868848175
1767.1158781070262,3.3004667591303587,47.40608132444322,852.3705879934132
1767.189001729712,3.305865379050374,47.45465294457972,852.3705879934132
1768.347349487245,3.305865379050374,47.45465294457972,852.7693048100919
1770.7416298091412,3.310260910540819,47.554247399792075,852.7693048100919
1771.7789721284062,3.310260910540819,47.554247399792075,853.4377631731331
1771.8630078844726,3.3113311771303415,47.62124462984502,853.4377631731331
1772.5822612959892,3.3113311771303415,47.62124462984502,853.9020294956863
1772.7217624466866,3.312475299462676,47.64214685931802,853.9020294956863
1773.5466062948108,3.312475299462676,47.64214685931802,854.288667852059
1773.6810020711273,3.313582079485059,47.725952330976725,854.288667852059
1774.446500070393,3.313582079485059,47.725952330976725,854.81231296435
1775.7305716257542,3.318034639582038,47.80865792371333,854.81231296435
1777.6798409763724,3.318034639582038,47.80865792371333,856.2354045975953
1777.8025985360146,3.3193244747817516,47.82753456197679,856.2354045975953
1779.4371592719108,3.3193244747817516,47.82753456197679,857.1068774256855
1779.6222232356668,3.320447726175189,47.93068394064903,857.1068774256855
1781.1925563607365,3.320447726175189,47.93068394064903,857.972635101527
1781.304773138836,3.322082206606865,48.016013817861676,857.972635101527
1782.926440436393,3.322082206606865,48.016013817861676,859.0583800096065
1785.1552502494305,3.3263318948447704,48.034510258585215,859.0583800096065
1786.3057632148266,3.3263318948447704,48.034510258585215,859.7591048590839
1786.3915125634521,3.3274856749922037,48.082038298249245,859.7591048590839
1787.5214123968035,3.3274856749922037,48.082038298249245,860.1626646481454
1787.663644719869,3.3286484852433205,48.183439714834094,860.1626646481454
1789.5072046350688,3.3286484852433205,48.183439714834094,861.493916567415
1789.6359491478652,3.330530382692814,48.20698830112815,861.493916567415
1790.5625037904829,3.330530382692814,48.20698830112815,861.8783175237477
1792.466979343444,3.337657805532217,48.258782090619206,861.8783175237477
1793.6437933146954,3.337657805532217,48.258782090619206,862.5548205766827
1793.7248771768063,3.3387336544692516,48.31917018815875,862.5548205766827
1794.625184873119,3.3387336544692516,48.31917018815875,863.0190260894597
1794.6519204191864,3.3402627911418676,48.33742028474808,863.0190260894597
1795.5391142908484,3.3402627911418676,48.33742028474808,863.4908002130687
1795.606447359547,3.341374011710286,48.397367184981704,863.4908002130687
1796.668746523559,3.341374011710286,48.397367184981704,863.9095143731683
1798.4896365515888,3.345803674310446,48.50195270217955,863.9095143731683
1799.6151455156505,3.345803674310446,48.50195270217955,864.5083560664207
1799.694857802242,3.346949053928256,48.55581123940647,864.5083560664207
1800.6719868723303,3.346949053928256,48.55581123940647,864.9921106230468
1800.707589359954,3.3480812162160873,48.575558204203844,864.9921106230468
1801.3426185436547,3.3480812162160873,48.575558204203844,865.4100958313793
1801.4118013959378,3.349221834912896,48.62619152106345,865.4100958313793
1802.5846184883267,3.349221834912896,48.62619152106345,865.7328884676099
1804.8035531248897,3.3536451533436775,48.729502791538835,865.7328884676099
1806.774044143036,3.3536451533436775,48.729502791538835,866.6060230620205
1807.0448297075927,3.3549000173807144,48.76229856722057,866.6060230620205
1808.0674075074494,3.3549000173807144,48.76229856722057,867.1687780302018
1808.333895470947,3.3561628498136997,48.836775885894895,867.1687780302018
1810.2497385907918,3.3561628498136997,48.836775885894895,867.9766710866243
1810.4239715151489,3.3572777807712555,48.96988260932267,867.9766710866243
1811.291554460302,3.3572777807712555,48.96988260932267,868.5599114280194
1812.5165263880044,3.3615856487303972,48.989335149526596,868.5599114280194
1814.423455061391,3.3615856487303972,48.989335149526596,869.7847972158343
1814.568320453167,3.3626981675624847,49.105665653944016,869.7847972158343
1815.6892533879727,3.3626981675624847,49.105665653944016,870.4893253408372
1815.998989611864,3.3638971988111734,49.23064639791846,870.4893253408372
1817.414562748745,3.3638971988111734,49.23064639791846,871.3849388528615
1817.553323559463,3.3650273084640503,49.33933664113283,871.3849388528615
1819.1254889275879,3.3650273084640503,49.33933664113283,872.2212824895978
1822.7996162641793,3.381756817921996,49.362329576164484,872.2212824895978
1823.9650196116418,3.381756817921996,49.362329576164484,872.7122603207827
1824.13407911174,3.3830582331866026,49.41105378046632,872.7122603207827
1825.8888807408512,3.3830582331866026,49.41105378046632,873.7019495051354
1826.029106657952,3.384260704740882,49.531718865036964,873.7019495051354
1828.0671292431653,3.384260704740882,49.531718865036964,874.8815340679139
1828.219948451966,3.3856321200728416,49.600675251334906,874.8815340679139
1829.911624295637,3.3856321200728416,49.600675251334906,876.2787376083434
1831.6213030517101,3.3900658302009106,49.64789870753884,876.2787376083434
1833.2414900343865,3.3900658302009106,49.64789870753884,877.054335379973
1833.4188708681613,3.3912211395800114,49.805346170440316,877.054335379973
1834.8045175261796,3.3912211395800114,49.805346170440316,877.7881428804249
1835.038056699559,3.3925039544701576,49.97976383008063,877.7881428804249
1835.833229996264,3.3925039544701576,49.97976383008063,878.3050655536354
1836.015260996297,3.3936972562223673,50.12254564277828,878.3050655536354
1837.537011263892,3.3936972562223673,50.12254564277828,879.2912787236273
1839.6909584999084,3.3981454577296972,50.173808980733156,879.2912787236273
1841.0726753529161,3.3981454577296972,50.173808980733156,880.0294299013913
1841.1710662059486,3.3992671985179186,50.249415799975395,880.0294299013913
1842.849137660116,3.3992671985179186,50.249415799975395,881.0306897331029
1842.9500317685306,3.4003663659095764,50.34248698502779,881.0306897331029
1843.9731003139168,3.4003663659095764,50.34248698502779,881.6098051164299
1844.0516688469797,3.40149462595582,50.40470456704497,881.6098051164299
1845.3908287156373,3.40149462595582,50.40470456704497,882.7561943139881
1847.2242161482573,3.40595013089478,50.55217704921961,882.7561943139881
1848.6299407798797,3.40595013089478,50.55217704921961,883.4891126360744
1848.6776510532945,3.407130353152752,50.58714336529374,883.4891126360744
1850.2345912065357,3.407130353152752,50.58714336529374,884.6168730128556
1850.482957456261,3.4085727371275425,50.72847521305084,884.6168730128556
1851.6999375429004,3.4085727371275425,50.72847521305084,885.2963106352836
1851.7898073960096,3.4096546974033117,50.791068552061915,885.2963106352836
1853.1925263628364,3.4096546974033117,50.791068552061915,886.1396367028356
1854.9907893761992,3.414270142093301,50.8870243281126,886.1396367028356
1856.7130909319967,3.414270142093301,50.8870243281126,887.2879019193351
1856.9639205783606,3.4158267118036747,50.984330190345645,887.2879019193351
1858.221845554188,3.4158267118036747,50.984330190345645,888.0470084398985
1858.3787804301828,3.4177047554403543,51.03582186438143,888.0470084398985
1859.4245152883232,3.4177047554403543,51.03582186438143,888.6138115469366
1859.6434089522809,3.423154355958104,51.13650519773364,888.6138115469366
1860.7489517964423,3.423154355958104,51.13650519773364,889.266943115741
1863.5253406036645,3.4274155851453543,51.23452636413276,889.266943115741
1865.1892402600497,3.4274155851453543,51.23452636413276,890.0312468409538
1865.3769067469984,3.42880929261446,51.26496798731387,890.0312468409538
1867.2877719067037,3.42880929261446,51.26496798731387,890.8052949961275
1867.345933035016,3.429995883256197,51.31314931809902,890.8052949961275
1868.6691762320697,3.429995883256197,51.31314931809902,891.4848530720919
1868.8406041953713,3.4312171563506126,51.457158675417304,891.4848530720919
1870.2680241763592,3.4312171563506126,51.457158675417304,892.4039216246456
1872.7348384540528,3.444528402760625,51.52336038276553,892.4039216246456
1874.210310852155,3.444528402760625,51.52336038276553,893.0717546436936
1874.2987402100116,3.445710664615035,51.591796142980456,893.0717546436936
1874.927717346698,3.445710664615035,51.591796142980456,893.4031168725342
1875.2926780804992,3.4468663670122623,51.65345307439566,893.4031168725342
1876.4005559794605,3.4468663670122623,51.65345307439566,893.7961985711008
1876.4668655078858,3.4480251893401146,51.702631724998355,893.7961985711008
1877.3817928731441,3.4480251893401146,51.702631724998355,894.3230755217373
1879.375221574679,3.4606001898646355,51.80956313572824,894.3230755217373
1880.2170048672706,3.4606001898646355,51.80956313572824,894.7599254027009
1880.296208474785,3.4617772940546274,51.86537604033947,894.7599254027009
1881.8774795439094,3.4617772940546274,51.86537604033947,895.6045293975621
1882.098477177322,3.4629071429371834,51.938634127378464,895.6045293975621
1883.6372982989997,3.4629071429371834,51.938634127378464,896.6429464332759
1883.9162632282823,3.4642332289367914,52.04881934821606,896.6429464332759
1885.766496060416,3.4642332289367914,52.04881934821606,897.72797258012
1888.35442975536,3.4686953872442245,52.070957876741886,897.72797258012
1889.34524403885,3.4686953872442245,52.070957876741886,898.4232378080487
1889.4601093567908,3.4698918517678976,52.17075525410473,898.4232378080487
1890.2561159525067,3.4698918517678976,52.17075525410473,898.9137835353613
1890.2860349882394,3.4710119422525167,52.1930935382843,898.9137835353613
1891.812231818214,3.4710119422525167,52.1930935382843,899.3649366609752
1891.9315639082342,3.4721866343170404,52.256702134385705,899.3649366609752
1893.1460860352963,3.4721866343170404,52.256702134385705,899.8390700835735
1895.360513208434,3.482623787596822,52.41659086756408,899.8390700835735
1896.3950008191168,3.482623787596822,52.41659086756408,900.6067822948098
1896.5519660767168,3.4838949516415596,52.50746686011553,900.6067822948098
1898.6389446370304,3.4838949516415596,52.50746686011553,901.8849887214601
1898.7728834990412,3.4850800316780806,52.61776704341173,901.8849887214601
1900.2209698129445,3.4850800316780806,52.61776704341173,902.7125413827598
1900.4055075235665,3.4977768883109093,52.78187435492873,902.7125413827598
1901.8950473554432,3.4977768883109093,52.78187435492873,903.6700940597802
1903.6767274010926,3.5024591963738203,52.90157352387905,903.6700940597802
1904.5686476044357,3.5024591963738203,52.90157352387905,904.2550732269883
1904.7047181464732,3.503610946238041,53.02657466009259,904.2550732269883
1905.9894097559154,3.503610946238041,53.02657466009259,905.1366909593344
1906.1771375909448,3.5048686377704144,53.16340494714677,905.1366909593344
1907.5319735109806,3.5048686377704144,53.16340494714677,905.9091640785336
1907.613259928301,3.5060149990022182,53.21708136424422,905.9091640785336
1909.899793677032,3.5060149990022182,53.21708136424422,906.9381564110518
1911.9205940440297,3.5104870442301035,53.35541921667755,906.9381564110518
1913.4257999192923,3.5104870442301035,53.35541921667755,908.0755253732204
1913.540612777695,3.511798357591033,53.439405182376504,908.0755253732204
1915.0610695350915,3.511798357591033,53.439405182376504,909.2670204974711
1915.1958857439458,3.5130638796836138,53.51561886444688,909.2670204974711
1916.290313480422,3.5130638796836138,53.51561886444688,909.7982056383044
1916.4810032043606,3.514394585043192,53.59772520698607,909.7982056383044
1917.3612233996391,3.514394585043192,53.59772520698607,910.0780515521765
1919.069247564301,3.519021088257432,53.70520105957985,910.0780515521765
1920.2126861196011,3.519021088257432,53.70520105957985,910.8672828748822
1920.3151624184102,3.5235508624464273,53.7769361268729,910.8672828748822
1921.7621475048363,3.5235508624464273,53.7769361268729,911.7869655564427
1921.9229246843606,3.5280044227838516,53.905550971627235,911.7869655564427
1923.3007762432098,3.5280044227838516,53.905550971627235,912.4228523485363
1923.6274534352124,3.529216807335615,54.03234628215432,912.4228523485363
1925.0122402012348,3.529216807335615,54.03234628215432,913.2272604629397
1929.106748573482,3.5336632188409567,54.091341353952885,913.2272604629397
1930.386686919257,3.5336632188409567,54.091341353952885,913.8751365672797
1930.5446470249444,3.534829230979085,54.226048501208425,913.8751365672797
1932.0067990068346,3.534829230979085,54.226048501208425,914.5653304960579
1932.0647804718465,3.541197629645467,54.25561215914786,914.5653304960579
1933.4884841404855,3.541197629645467,54.25561215914786,915.5555326137692
1933.6159413009882,3.542402571067214,54.35786274634302,915.5555326137692
1934.528058361262,3.542402571067214,54.35786274634302,916.124089198187
1935.8119195997715,3.546846093609929,54.48969061858952,916.124089198187
1937.2032284401357,3.546846093609929,54.48969061858952,917.1313362810761
1937.3530572857708,3.548066206276417,54.622878486290574,917.1313362810761
1938.390535838902,3.548066206276417,54.622878486290574,917.7986690551043
1938.4780933391303,3.5492392983287573,54.69519868679345,917.7986690551043
1939.886332564056,3.5492392983287573,54.69519868679345,918.6728751435876
1940.0682303644717,3.5504275038838387,54.83085120841861,918.6728751435876
1941.4245210755616,3.5504275038838387,54.83085120841861,919.4228732604533
1942.7562275715172,3.5570295359939337,54.99012249149382,919.4228732604533
1944.3287761323154,3.5570295359939337,54.99012249149382,920.3443824071437
1944.497342724353,3.5582107603549957,55.13598048314452,920.3443824071437
1946.152386052534,3.5582107603549957,55.13598048314452,921.4453406166285
1946.239170651883,3.5594804752618074,55.20671313256025,921.4453406166285
1947.8001434355974,3.5594804752618074,55.20671313256025,922.2709487657994
1947.8948084693402,3.560629900544882,55.274128790944815,922.2709487657994
1949.4713333919644,3.560629900544882,55.274128790944815,923.4088901206851
1950.8562585562468,3.565108923241496,55.33024630136788,923.4088901206851
1951.9612135197967,3.565108923241496,55.33024630136788,924.1906535290182
1952.122035311535,3.5662821661680937,55.444433968514204,924.1906535290182
1954.0175633653998,3.5662821661680937,55.444433968514204,925.3670165855438
1954.0786273982376,3.567474188283086,55.474785620346665,925.3670165855438
1955.2411331497133,3.567474188283086,55.474785620346665,925.9181699976325
1955.2821570094675,3.5686377603560686,55.502960251644254,925.9181699976325
1956.572026392445,3.5686377603560686,55.502960251644254,926.5114956926554
1957.8298014495522,3.5730665251612663,55.63505978882313,926.5114956926554
1958.436644025147,3.5730665251612663,55.63505978882313,926.8530328627676
1958.5265516117215,3.5749445986002684,55.71321205794811,926.8530328627676
1959.2459560707211,3.5749445986002684,55.71321205794811,927.2726629972458
1959.3047247715294,3.576145511120558,55.74036324210465,927.2726629972458
1959.9906901530921,3.576145511120558,55.74036324210465,927.720296472311
1960.0841437447816,3.5773120634257793,55.80459263175726,927.720296472311
1961.1941496450454,3.5773120634257793,55.80459263175726,928.5145898610353
1962.284647623077,3.5816532634198666,55.924222487956285,928.5145898610353
1964.0661251377314,3.5816532634198666,55.924222487956285,929.8489250969142
1964.2044422924519,3.5828436352312565,56.04057057388127,929.8489250969142
1965.641528552398,3.5828436352312565,56.04057057388127,930.6841455847025
1965.70415090397,3.584014715626836,56.095469042658806,930.6841455847025
1966.8549525998533,3.584014715626836,56.095469042658806,931.5520823877305
1967.0026362147182,3.58579489775002,56.193541672080755,931.5520823877305
1968.4316349793226,3.58579489775002,56.193541672080755,932.517613761127
1969.586726995185,3.5906859282404184,56.2987190335989,932.517613761127
1970.866949800402,3.5906859282404184,56.2987190335989,933.317363223061
1971.076998082921,3.591985320672393,56.44979006424546,933.317363223061
1972.6323985289782,3.591985320672393,56.44979006424546,934.3976237419993
1972.7042386122048,3.5931634809821844,56.49465499445796,934.3976237419993
1974.217146879062,3.5931634809821844,56.49465499445796,935.6382381953299
1974.4205482080579,3.5943012926727533,56.64457925222814,935.6382381953299
1975.1792172081769,3.5943012926727533,56.64457925222814,936.0196818336844
1976.303365683183,3.6124807372689247,56.666928086429834,936.0196818336844
1977.2144186962396,3.6124807372689247,56.666928086429834,936.7323957309127
1977.3151298239827,3.6136578992009163,56.75019153766334,936.7323957309127
1978.8579795267433,3.6136578992009163,56.75019153766334,937.9076804611832
1979.3445057533681,3.614837631583214,56.91702969931066,937.9076804611832
1981.1148844826967,3.614837631583214,56.91702969931066,939.015696765855
1981.2713088728487,3.6159683503210545,57.06266324967146,939.015696765855
1982.687740156427,3.6159683503210545,57.06266324967146,939.8965991027653
1983.8175123948604,3.6206223368644714,57.188627203926444,939.8965991027653
1985.1625434923917,3.6206223368644714,57.188627203926444,940.9592598862946
1985.2405934594572,3.6217927299439907,57.23773941397667,940.9592598862946
1986.687063118443,3.6217927299439907,57.23773941397667,941.846522750333
1986.8810595031828,3.6229794695973396,57.39740726351738,941.846522750333
1988.4046916831285,3.6229794695973396,57.39740726351738,942.9716532938182
1988.4904166515917,3.6241725608706474,57.472713420167565,942.9716532938182
1989.7155683282763,3.6241725608706474,57.472713420167565,943.9115728344768
1990.6008546147496,3.6286080218851566,57.57849312014878,943.9115728344768
1992.2280153352767,3.6286080218851566,57.57849312014878,945.0729112494737
1992.412181507796,3.62987950630486,57.71468933671713,945.0729112494737
1993.4898814130574,3.62987950630486,57.71468933671713,945.6907512396574
1993.6089754402637,3.6310343369841576,57.80631580762565,945.6907512396574
1994.7449970860034,3.6310343369841576,57.80631580762565,946.5536689627916
1994.8480282649398,3.632235610857606,57.88247649744153,946.5536689627916
1996.0262901838869,3.632235610857606,57.88247649744153,947.319348262623
1997.2238779012114,3.6427518893033266,57.95140299573541,947.319348262623
1999.129998082295,3.6427518893033266,57.95140299573541,948.6969445180148
1999.2742574959993,3.6439617089927197,58.04176941141486,948.6969445180148
2000.693025143817,3.6439617089927197,58.04176941141486,949.4905448053032
2000.7940543238074,3.6451801918447018,58.116505056619644,949.4905448053032
2001.800986720249,3.6451801918447018,58.116505056619644,949.9610581044108
2001.9566631950438,3.646384611725807,58.24940085038543,949.9610581044108
2003.301443239674,3.646384611725807,58.24940085038543,951.0162726026028
2004.4988826662302,3.6509250663220882,58.29366295970976,951.0162726026028
2005.653030347079,3.6509250663220882,58.29366295970976,951.6504886485636
2005.6837033480406,3.6520885303616524,58.317080492153764,951.6504886485636
2007.3028494287282,3.6520885303616524,58.317080492153764,952.502368029207
2007.391570713371,3.653250962495804,58.393017990514636,952.502368029207
2008.2852105405182,3.653250962495804,58.393017990514636,952.912265246734
2008.315115524456,3.654442934319377,58.41515563055873,952.912265246734
2009.2107412032783,3.654442934319377,58.41515563055873,953.2779197264463
2010.4619696382433,3.6591827422380447,58.484373953193426,953.2779197264463
2011.3278355356306,3.6591827422380447,58.484373953193426,953.7653558030725
2011.4018218386918,3.660392066463828,58.537675650790334,953.7653558030725
2012.7071904353797,3.660392066463828,58.537675650790334,954.6050720773637
2012.8081844076514,3.6617383919656277,58.604646710678935,954.6050720773637
2014.1977492831647,3.6617383919656277,58.604646710678935,955.505381166935
2014.5414550676942,3.663248248398304,58.75602752715349,955.505381166935
2015.8842122070491,3.663248248398304,58.75602752715349,956.222447598353
2016.91372079961,3.6790518537163734,58.77876455895603,956.222447598353
2018.5064573436975,3.6790518537163734,58.77876455895603,957.3448319733143
2018.5858177859336,3.680434949696064,58.812201006338,957.3448319733143
2020.0269754603505,3.680434949696064,58.812201006338,958.286747854203
2020.134493144229,3.6817607432603836,58.8611273560673,958.286747854203
2021.5931471120566,3.6817607432603836,58.8611273560673,959.1824206449091
2021.6861379165202,3.682964164763689,58.92585135623813,959.1824206449091
2023.1192268710583,3.682964164763689,58.92585135623813,959.9744048845023
2024.2855618707836,3.6922590155154467,59.100540697574615,959.9744048845023
2025.5910406336188,3.6922590155154467,59.100540697574615,960.6013553477824
2025.7127485703677,3.6935290191322565,59.193648694083095,960.6013553477824
2027.1220362242311,3.6935290191322565,59.193648694083095,961.5894323252141
2027.158369217068,3.6946118995547295,59.2226996421814,961.5894323252141
2028.2732445057482,3.6946118995547295,59.2226996421814,962.4540971722454
2028.3411954157054,3.6958054527640343,59.274446273222566,962.4540971722454
2029.639262540266,3.6958054527640343,59.274446273222566,963.3534901533276
2030.3998562600464,3.708195723593235,59.41371111385524,963.3534901533276
2032.0550558511168,3.708195723593235,59.41371111385524,964.4169785194099
2032.2048767097294,3.7093179635703564,59.538299683481455,964.4169785194099
2033.5381269548088,3.7093179635703564,59.538299683481455,965.3032497186214
2033.6842371746898,3.710535518825054,59.646977769210935,965.3032497186214
2034.4171158187091,3.710535518825054,59.646977769210935,965.8469120766968
2034.4513579159975,3.7117317095398903,59.673206984996796,965.8469120766968
2035.8975512459874,3.7117317095398903,59.673206984996796,966.5306137409061
2037.1866210345179,3.7162759248167276,59.6955033801496,966.5306137409061
2038.4410903900862,3.7162759248167276,59.6955033801496,967.363825276494
2038.4929346907884,3.7174789886921644,59.72443548589945,967.363825276494
2039.8609494119883,3.7174789886921644,59.72443548589945,968.2014560140669
2039.9068048633635,3.7186364606022835,59.75927368178964,968.2014560140669
2041.3270516507328,3.7186364606022835,59.75927368178964,969.0931661725044
2041.3634354956448,3.7198196928948164,59.78218501806259,969.0931661725044
2042.355283016339,3.7198196928948164,59.78218501806259,969.7443506252021
2043.382229262963,3.7282519172877073,59.804155107587576,969.7443506252021
2044.7242844942957,3.7282519172877073,59.804155107587576,970.7204561214894
2044.7634594794363,3.7294437792152166,59.83470278419554,970.7204561214894
2045.8128706049174,3.7294437792152166,59.83470278419554,971.4888685755432
2045.9767763242126,3.730587549507618,59.88210479170084,971.4888685755432
2047.3151326477528,3.730587549507618,59.88210479170084,972.2692844551057
2047.4753554277122,3.7318167742341757,60.024622313678265,972.2692844551057
2048.7502923831344,3.7318167742341757,60.024622313678265,973.158685574308
2049.815193215385,3.736334787681699,60.11084737069905,973.158685574308
2050.7383358422667,3.736334787681699,60.11084737069905,973.7872400972992
2050.8790063690394,3.737656492739916,60.228538723662496,973.7872400972992
2052.0043138507754,3.737656492739916,60.228538723662496,974.493689654395
2052.1297382768244,3.742803055793047,60.32665569335222,974.493689654395
2053.4165180437267,3.742803055793047,60.32665569335222,975.2933384794742
2053.5430757403374,3.7439574282616377,60.43092817813158,975.2933384794742
2054.9966480713338,3.7439574282616377,60.43092817813158,976.2140870075673
2056.495902776718,3.76160978525877,60.56597134284675,976.2140870075673
2057.5274594035,3.76160978525877,60.56597134284675,976.9215651452541
2057.634135151282,3.7627835273742676,60.649020032957196,976.9215651452541
2059.3241524137557,3.7627835273742676,60.649020032957196,978.0712627619505
2059.3613497130573,3.7639896888285875,60.6772172562778,978.0712627619505
2060.659674655646,3.7639896888285875,60.6772172562778,978.8691290747374
2060.7842640262097,3.765157710760832,60.78618060424924,978.8691290747374
2062.095427185297,3.765157710760832,60.78618060424924,979.7060899529606
2063.6285246796906,3.7694834116846323,60.96144208498299,979.7060899529606
2064.7652218155563,3.7694834116846323,60.96144208498299,980.4024960659444
2064.8377849515527,3.77063375338912,61.024027245119214,980.4024960659444
2065.9476256482303,3.77063375338912,61.024027245119214,981.0496771857142
2066.03163314797,3.773787124082446,61.08758585341275,981.0496771857142
2067.5645539481193,3.773787124082446,61.08758585341275,982.0333234723657
2067.7084246762097,3.774977507069707,61.195375142619014,982.0333234723657
2068.956041548401,3.774977507069707,61.195375142619014,982.9226087387651
2070.1901016794145,3.7797351740300655,61.32459134794772,982.9226087387651
2071.860427958891,3.7797351740300655,61.32459134794772,984.1024939548224
2071.984117364511,3.7811043485999107,61.417781706899405,984.1024939548224
2073.4231990668923,3.7811043485999107,61.417781706899405,985.1847686562687
2073.556792823598,3.782288633286953,61.538883313536644,985.1847686562687
2075.1226511970162,3.782288633286953,61.538883313536644,986.1487343981862
2075.161144312471,3.7834650333970785,61.56980262696743,986.1487343981862
2076.5408078525215,3.7834650333970785,61.56980262696743,987.0408618096262
2077.5686904117465,3.7878898549824953,61.592592768371105,987.0408618096262
2078.606536215171,3.7878898549824953,61.592592768371105,987.8315805196762
2078.6802410837263,3.789142109453678,61.63582570850849,987.8315805196762
2079.238497722894,3.789142109453678,61.63582570850849,988.1072891503572
2079.3285337239504,3.790372721850872,61.67727952636778,988.1072891503572
2080.052143359557,3.790372721850872,61.67727952636778,988.4741595145315
2080.2578464429826,3.7915541417896748,61.868962751701474,988.4741595145315
2081.228441622108,3.7915541417896748,61.868962751701474,989.0898842122406
2082.46536048688,3.7959793750196695,61.952778685837984,989.0898842122406
2083.7990735173225,3.7959793750196695,61.952778685837984,990.0722805596888
2083.8533260039985,3.797158546745777,61.99222105555236,990.0722805596888
2084.8277802113444,3.797158546745777,61.99222105555236,990.8100043479353
2084.9087289143354,3.798375451937318,62.03506132028997,990.8100043479353
2086.2951429523528,3.798375451937318,62.03506132028997,991.7767899539322
2086.3917327038944,3.799532111734152,62.12361549958587,991.7767899539322
2087.883482253179,3.799532111734152,62.12361549958587,992.8908891938627
2088.824054123834,3.804310753941536,62.17748369835317,992.8908891938627
2090.433548320085,3.804310753941536,62.17748369835317,993.8855690695345
2090.498727347702,3.805695639923215,62.200067326426506,993.8855690695345
2091.6351297199726,3.805695639923215,62.200067326426506,994.7082050442696
2091.752049067989,3.8069884236902,62.30556017160416,994.7082050442696
2092.6310567967594,3.8069884236902,62.30556017160416,995.2193106617779
2092.784521304071,3.8082240764051676,62.38055971078575,995.2193106617779
2093.93647069484,3.8082240764051676,62.38055971078575,995.8757382035255
2094.823434950784,3.812624678015709,62.41878757998347,995.8757382035255
2096.003626747057,3.812624678015709,62.41878757998347,996.6429691687226
2096.111863994971,3.81383197940886,62.51754182390869,996.6429691687226
2097.4198953788728,3.81383197940886,62.51754182390869,997.4702495895326
2097.504061318934,3.8149757608771324,62.573841540142894,997.4702495895326
2098.7640445157886,3.8149757608771324,62.573841540142894,998.4041142165661
2098.8554298989475,3.8160690404474735,62.658043252304196,998.4041142165661
2100.137243989855,3.8160690404474735,62.658043252304196,999.3022422008216
2100.944736333564,3.8210164830088615,62.698358450084925,999.3022422008216
2102.289951039478,3.8210164830088615,62.698358450084925,1000.2739688977599
2102.4184535909444,3.8221871741116047,62.78730161860585,1000.2739688977599
2103.4179075751454,3.8221871741116047,62.78730161860585,1000.9772223029286
2103.483894528821,3.823406595736742,62.8383436948061,1000.9772223029286
2104.8326149322093,3.823406595736742,62.8383436948061,1001.9652240667492
2104.884369408712,3.824582224711776,62.86855805851519,1001.9652240667492
2106.110493917018,3.824582224711776,62.86855805851519,1002.723010038957
2107.0632947683334,3.8288939651101828,62.96130769699812,1002.723010038957
2108.590749744326,3.8288939651101828,62.96130769699812,1003.3239630702883
2108.705418407917,3.830037746578455,63.06289486028254,1003.3239630702883
2109.7142935469747,3.830037746578455,63.06289486028254,1003.7930140867829
2110.055563636124,3.8315023817121983,63.12510599195957,1003.7930140867829
2111.4037674069405,3.8315023817121983,63.12510599195957,1004.1674368716776
2111.499961823225,3.832718212157488,63.15562352724373,1004.1674368716776
2112.37590492703,3.832718212157488,63.15562352724373,1004.6819763239473
2113.9253928512335,3.837321335449815,63.224987333640456,1004.6819763239473
2115.8034806400537,3.837321335449815,63.224987333640456,1005.9716520421207
2115.9682049956173,3.8384342547506094,63.36025767400861,1005.9716520421207
2117.6142128407955,3.8384342547506094,63.36025767400861,1006.5697106327862
2117.7031521517783,3.839586026966572,63.41186469234526,1006.5697106327862
2118.938701523468,3.839586026966572,63.41186469234526,1007.3881141506135
2119.038418153301,3.8407120890915394,63.49398045614362,1007.3881141506135
2120.958917669952,3.8407120890915394,63.49398045614362,1008.773300178349
2122.205933496356,3.8489841055125,63.625999024137855,1008.773300178349
2124.0275064799935,3.8489841055125,63.625999024137855,1010.039112335071
2124.135992700234,3.850168228149414,63.71078222617507,1010.039112335071
2125.1994833443314,3.850168228149414,63.71078222617507,1010.6214359942824
2125.328384162858,3.8513787407428026,63.80052833259106,1010.6214359942824
2127.1888414602727,3.8513787407428026,63.80052833259106,1011.9279235135764
2127.3317694589496,3.852600984275341,63.91743724048138,1011.9279235135764
2128.214959880337,3.852600984275341,63.91743724048138,1012.3886492084712
2131.0890334919095,3.857356971129775,63.990471014752984,1012.3886492084712
2132.3060584831983,3.857356971129775,63.990471014752984,1013.1257385890931
2132.383699323982,3.858502633869648,64.05191829428077,1013.1257385890931
2133.101155258715,3.858502633869648,64.05191829428077,1013.4444022588432
2133.3660661112517,3.859865888953209,64.07511197403073,1013.4444022588432
2134.7159088682383,3.859865888953209,64.07511197403073,1014.1559899263084
2134.868522427976,3.861154045909643,64.19418948888779,1014.1559899263084
2136.4786841496825,3.861154045909643,64.19418948888779,1015.1800855100155
2138.8519106265157,3.8655902706086636,64.30059615336359,1015.1800855100155
2140.17745859921,3.8655902706086636,64.30059615336359,1016.0973114930093
2140.3509157467633,3.8669472858309746,64.372619189322,1016.0973114930093
2141.2638086993247,3.8669472858309746,64.372619189322,1016.5570353604853
2141.3671403247863,3.868133306503296,64.45923197455704,1016.5570353604853
2142.3992836885154,3.868133306503296,64.45923197455704,1017.1142334770411
2142.5464645177126,3.8695781249552965,64.57992120087147,1017.1142334770411
2143.1060568466783,3.8695781249552965,64.57992120087147,1017.4231242183596
2144.876484563574,3.8741326928138733,64.6939725484699,1017.4231242183596
2146.538853606209,3.8741326928138733,64.6939725484699,1018.4103367365897
2146.6389200221747,3.875306935980916,64.7804307024926,1018.4103367365897
2147.7428527157754,3.875306935980916,64.7804307024926,1019.0131780281663
2147.886384299025,3.876460447907448,64.89939241111279,1019.0131780281663
2149.406883779913,3.876460447907448,64.89939241111279,1020.0124880019575
2149.543956551701,3.8777083307504654,65.00718214921653,1020.0124880019575
2151.2212300207466,3.8777083307504654,65.00718214921653,1020.941323230043
2153.3317290358245,3.882427606731653,65.09864922612906,1020.941323230043
2154.546120662242,3.882427606731653,65.09864922612906,1021.552700066939
2154.738963998854,3.883627839386463,65.1840466670692,1021.552700066939
2155.8954815603793,3.883627839386463,65.1840466670692,1022.2936398610473
2156.0172652397305,3.8849932234734297,65.27105201035738,1022.2936398610473
2157.0740830115974,3.8849932234734297,65.27105201035738,1022.9635143317282
2157.139416931197,3.886170994490385,65.31100421398878,1022.9635143317282
2158.8589172754437,3.886170994490385,65.31100421398878,1024.200495654717
2161.0056470837444,3.890591276809573,65.43363771960139,1024.200495654717
2162.527254426852,3.890591276809573,65.43363771960139,1025.0112032815814
2162.572571037337,3.891797959804535,65.45772228576243,1025.0112032815814
2164.3184355311096,3.891797959804535,65.45772228576243,1025.7207008320838
2164.4538895636797,3.8930129930377007,65.49022130854428,1025.7207008320838
2165.189633199945,3.8930129930377007,65.49022130854428,1026.1460746396333
2165.2643157150596,3.8941686060279608,65.54913360252976,1026.1460746396333
2166.1630135551095,3.8941686060279608,65.54913360252976,1026.671342311427
2168.5239696986973,3.8986777495592833,65.64773841388524,1026.671342311427
2169.4522655680776,3.8986777495592833,65.64773841388524,1027.1935445796698
2169.817193996161,3.9000769667327404,65.7651969846338,1027.1935445796698
2171.1370697803795,3.9000769667327404,65.7651969846338,1028.1854643877596
2171.2464844789356,3.905247202143073,65.85842184536159,1028.1854643877596
2172.5580530762672,3.905247202143073,65.85842184536159,1029.022506205365
2172.7779232431203,3.906373331323266,66.0447456818074,1029.022506205365
2174.3508752007037,3.906373331323266,66.0447456818074,1029.9195320177823
2175.9081524591893,3.910824665799737,66.08596187643707,1029.9195320177823
2176.8312609624118,3.910824665799737,66.08596187643707,1030.6224661562592
2176.9588843397796,3.911973897367716,66.18917676992714,1030.6224661562592
2177.6862147990614,3.911973897367716,66.18917676992714,1030.952294472605
2177.94372311607,3.913180761039257,66.32013217918575,1030.952294472605
2179.1383474953473,3.913180761039257,66.32013217918575,1031.725167715922
2179.254588743672,3.9144246336072683,66.40327669121325,1031.725167715922
2179.903197083622,3.9144246336072683,66.40327669121325,1032.1086824201047
2180.94234425202,3.918740825727582,66.51676454767585,1032.1086824201047
2181.9755519255996,3.918740825727582,66.51676454767585,1032.781695343554
2182.1111626811326,3.9199437461793423,66.62555039487779,1032.781695343554
2183.355504544452,3.9199437461793423,66.62555039487779,1033.4064065981656
2183.4207258541137,3.9211671091616154,66.65921472758055,1033.4064065981656
2184.2551839724183,3.9211671091616154,66.65921472758055,1033.7700220942497
2184.3119918163866,3.9225314371287823,66.69239800423384,1033.7700220942497
2185.7391215600073,3.9225314371287823,66.69239800423384,1034.6750837434083
2187.0774101652205,3.930920362472534,66.76208316907287,1034.6750837434083
2188.310744512826,3.930920362472534,66.76208316907287,1035.3886434827
2188.3614527639,3.9321950785815716,66.79732169397175,1035.3886434827
2189.7003778722137,3.9321950785815716,66.79732169397175,1036.26173231937
2189.8554946202785,3.9333164785057306,66.87883444689214,1036.26173231937
2191.1694121919572,3.9333164785057306,66.87883444689214,1037.1883916594088
2191.2392545081675,3.9345197807997465,66.93803800269961,1037.1883916594088
2192.357851659879,3.9345197807997465,66.93803800269961,1037.9460295643657
2194.7467001136392,3.9401047229766846,66.97660801187158,1037.9460295643657
2196.2202129084617,3.9401047229766846,66.97660801187158,1038.725726308301
2196.575103212148,3.941475687548518,67.12045552022755,1038.725726308301
2197.4410691447556,3.941475687548518,67.12045552022755,1039.203826956451
2197.5708139315248,3.9427186213433743,67.23055314272642,1039.203826956451
2198.794391239062,3.9427186213433743,67.23055314272642,1040.0828127022833
2198.9267750885338,3.9438670724630356,67.26260175742209,1040.0828127022833
2199.748475389555,3.9438670724630356,67.26260175742209,1040.5959932226688
2202.1578014157712,3.948538290336728,67.38389875739813,1040.5959932226688
2203.357132203877,3.948538290336728,67.38389875739813,1040.9505079314113
2203.4873871598393,3.949713310226798,67.48549065180123,1040.9505079314113
2204.5793653205037,3.949713310226798,67.48549065180123,1041.8461728580296
2204.669096712023,3.950859421864152,67.5582107398659,1041.8461728580296
2206.005038935691,3.950859421864152,67.5582107398659,1042.6985467020422
2206.039031168446,3.9520730655640364,67.58111789636314,1042.6985467020422
2207.338264480233,3.9520730655640364,67.58111789636314,1043.6298210192472
2209.4434522539377,3.9577504731714725,67.66724291630089,1043.6298210192472
2210.7742285523564,3.9577504731714725,67.66724291630089,1044.484787620604
2210.930586511269,3.9591402877122164,67.75220322236419,1044.484787620604
2212.117835747078,3.9591402877122164,67.75220322236419,1045.360178090632
2212.155219718814,3.960255617275834,67.78149428777397,1045.360178090632
2213.5202935431153,3.960255617275834,67.78149428777397,1046.0870785340667
2213.5676728431135,3.961905609816313,67.8192562777549,1046.0870785340667
2214.7668687216938,3.961905609816313,67.8192562777549,1046.889319397509
2216.3522819336504,3.9665169212967157,67.84102764166892,1046.889319397509
2217.616894396022,3.9665169212967157,67.84102764166892,1047.8684541136026
2217.8063467890024,3.967705812305212,67.97153998538852,1047.8684541136026
2219.083383731544,3.967705812305212,67.97153998538852,1048.4306377023458
2219.2303261868656,3.96890115365386,68.09748200140893,1048.4306377023458
2220.813556369394,3.96890115365386,68.09748200140893,1049.4050843119621
2221.30978891626,3.9703277200460434,68.19522104226053,1049.4050843119621
2222.213747927919,3.9703277200460434,68.19522104226053,1049.7370051611215
2224.1325234360993,3.9831748604774475,68.21765083819628,1049.7370051611215
2225.9600480794907,3.9831748604774475,68.21765083819628,1050.7560218572617
2226.0198823902756,3.984311241656542,68.25503092259169,1050.7560218572617
2227.59440055117,3.984311241656542,68.25503092259169,1051.7908301781863
2227.6815981678665,3.985484527423978,68.33039314113557,1051.7908301781863
2228.8794986344874,3.985484527423978,68.33039314113557,1052.507086476311
2229.072136618197,3.9867574106901884,68.41169795952737,1052.507086476311
2230.920811066404,3.9867574106901884,68.41169795952737,1053.1580306421965
2232.754927933216,3.9914936684072018,68.47587800957263,1053.1580306421965
2233.8320973273367,3.9914936684072018,68.47587800957263,1053.6554354801774
2233.9965073075145,3.9926701802760363,68.61425701715052,1053.6554354801774
2235.1228995472193,3.9926701802760363,68.61425701715052,1054.4515911005437
2235.4756874721497,3.994076056405902,68.73327328637242,1054.4515911005437
2236.8843665178865,3.994076056405902,68.73327328637242,1055.2914870437235
2237.0038434155285,3.995247019454837,68.82125750929117,1055.2914870437235
2238.015955111012,3.995247019454837,68.82125750929117,1055.7404228635132
2242.483042921871,3.9995637498795986,68.8784936312586,1055.7404228635132
2243.4644060190767,3.9995637498795986,68.8784936312586,1056.1460398808122
2243.687139671296,4.000820301473141,68.97010063193738,1056.1460398808122
2245.111985247582,4.000820301473141,68.97010063193738,1057.0569477397949
2245.2265412136912,4.001981861889362,69.05095810070634,1057.0569477397949
2246.255746308714,4.001981861889362,69.05095810070634,1057.4641634430736
2246.593173868954,4.003442078828812,69.09417415224016,1057.4641634430736
2247.9451351929456,4.003442078828812,69.09417415224016,1058.2253843471408
2249.4201544821262,4.008927954360843,69.20160218514502,1058.2253843471408
2250.488415600732,4.008927954360843,69.20160218514502,1058.8041094727814
2250.667721958831,4.010147346183658,69.33935695327818,1058.8041094727814
2252.0243648905307,4.010147346183658,69.33935695327818,1059.3726324811578
2252.363845460117,4.011517930775881,69.50011917576194,1059.3726324811578
2252.9492809921503,4.011517930775881,69.50011917576194,1059.7276328280568
2253.055033063516,4.012649159878492,69.59047248214483,1059.7276328280568
2253.9056890364736,4.012649159878492,69.59047248214483,1060.3735651932657
2255.036674739793,4.01721122674644,69.62355909869075,1060.3735651932657
2255.9016782511026,4.01721122674644,69.62355909869075,1060.862830201164
2256.1669281311333,4.018547102808952,69.7226865068078,1060.862830201164
2257.782861104235,4.018547102808952,69.7226865068078,1061.7620853558183
2257.857867848128,4.019936116412282,69.77147379331291,1061.7620853558183
2259.0254427716136,4.019936116412282,69.77147379331291,1062.3683358430862
2259.153622087091,4.021101428195834,69.8764905501157,1062.3683358430862
2260.0085228402168,4.021101428195834,69.8764905501157,1062.9015966188163
2261.8115225434303,4.0258350148797035,70.03031939454377,1062.9015966188163
2263.123460287228,4.0258350148797035,70.03031939454377,1063.7483671810478
2263.2008680440485,4.026972644031048,70.09876713342965,1063.7483671810478
2264.8790691122413,4.026972644031048,70.09876713342965,1064.7517574168742
2264.9562542438507,4.02820934727788,70.16709026135504,1064.7517574168742
2265.8405033797026,4.02820934727788,70.16709026135504,1065.4306833334267
2265.8726395964622,4.029308415949345,70.18996222503483,1065.4306833334267
2267.3377074599266,4.029308415949345,70.18996222503483,1066.5115335863084
2269.2683238927275,4.033939929679036,70.26524660363793,1066.5115335863084
2270.1460977513343,4.033939929679036,70.26524660363793,1066.9707262460142
2270.222768513486,4.038579314947128,70.3196303639561,1066.9707262460142
2271.1458092797548,4.038579314947128,70.3196303639561,1067.5136590804905
2271.2467774562538,4.039793400093913,70.4118656553328,1067.5136590804905
2272.491260316223,4.039793400093913,70.4118656553328,1068.2911884076893
2272.6911452040076,4.041129814460874,70.48637442104518,1068.2911884076893
2273.8327404577285,4.041129814460874,70.48637442104518,1068.847469760105
2276.28471615538,4.045520970597863,70.51762146130204,1068.847469760105
2277.4013078529388,4.045520970597863,70.51762146130204,1069.6691437084228
2277.5545848868787,4.046747222542763,70.63360892422497,1069.6691437084228
2278.302430694923,4.046747222542763,70.63360892422497,1070.20342284441
2278.505524072796,4.048056207597256,70.66666469722986,1070.20342284441
2279.3556028679013,4.048056207597256,70.66666469722986,1070.6674363333732
2279.5130903888494,4.051160402595997,70.81191249378026,1070.6674363333732
2281.1710749156773,4.051160402595997,70.81191249378026,1071.543324155733
2283.562832565978,4.06052203848958,70.8791303820908,1071.543324155733
2285.0266413968056,4.06052203848958,70.8791303820908,1072.3483784422278
2285.395328309387,4.061882995069027,71.03075538761914,1072.3483784422278
2287.3364989086986,4.061882995069027,71.03075538761914,1073.2477037236094
2287.4270225893706,4.063071247190237,71.10256616957486,1073.2477037236094
2289.2606789637357,4.063071247190237,71.10256616957486,1074.4081393051893
2289.345040598884,4.064268428832293,71.17723241634667,1074.4081393051893
2290.3685905542225,4.064268428832293,71.17723241634667,1075.0054751280695
2291.610241062939,4.068713042885065,71.21864003501832,1075.0054751280695
2292.580283395946,4.068713042885065,71.21864003501832,1075.2818175759166
2292.6442050989717,4.069872535765171,71.25654169730842,1075.2818175759166
2293.7868665549904,4.069872535765171,71.25654169730842,1075.8428738377988
2293.888376267627,4.071071928367019,71.31802364625037,1075.8428738377988
2295.3046682793647,4.071071928367019,71.31802364625037,1076.7206594385207
2295.479221487418,4.072297250851989,71.44856494665146,1076.7206594385207
2297.0381571277976,4.072297250851989,71.44856494665146,1077.431031262502
2298.1230125799775,4.0769127663224936,71.54293697699904,1077.431031262502
2299.329062048346,4.0769127663224936,71.54293697699904,1078.3811710737646
2299.550435954705,4.078252673149109,71.63707987591624,1078.3811710737646
2300.810426717624,4.078252673149109,71.63707987591624,1078.7216678839177
2300.870993660763,4.0794284120202065,71.67295082099736,1078.7216678839177
2302.091696113348,4.0794284120202065,71.67295082099736,1079.345183763653
2302.1729026120156,4.082374896854162,71.74027628079057,1079.345183763653
2303.5689877681434,4.082374896854162,71.74027628079057,1080.4538890868425
2306.798290204257,4.086840249598026,71.82438999973238,1080.4538890868425
2307.7839272152632,4.086840249598026,71.82438999973238,1080.958943368867
2307.9245256539434,4.088159402832389,71.85126205906272,1080.958943368867
2308.8390211630613,4.088159402832389,71.85126205906272,1081.4714975710958
2309.2040268275887,4.089457996189594,72.02187574468553,1081.4714975710958
2310.797700131312,4.089457996189594,72.02187574468553,1082.1360852457583
2310.930266642943,4.090654319152236,72.14234626106918,1082.1360852457583
2312.0820950977504,4.090654319152236,72.14234626106918,1082.5952939484268
2314.3952439539135,4.097150009125471,72.27853141725063,1082.5952939484268
2315.740624219179,4.097150009125471,72.27853141725063,1083.3861681744456
2315.8113796245307,4.098342351615429,72.33455650694668,1083.3861681744456
2316.635238682851,4.098342351615429,72.33455650694668,1083.8494723830372
2316.7638309001923,4.099565707147121,72.43129405379295,1083.8494723830372
2317.8605924621224,4.099565707147121,72.43129405379295,1084.2366099953651
2317.9286568854004,4.100758219137788,72.48306002467871,1084.2366099953651
2319.3214048221707,4.100758219137788,72.48306002467871,1085.0483101122081
2321.902783486992,4.105388276278973,72.5603819489479,1085.0483101122081
2322.7650439869612,4.105388276278973,72.5603819489479,1085.5336976293474
2322.8166110832244,4.106613200157881,72.59990869276226,1085.5336976293474
2323.9222637135535,4.106613200157881,72.59990869276226,1086.0851887036115
2324.1161089595407,4.10791870392859,72.64633950404823,1086.0851887036115
2325.200705079362,4.10791870392859,72.64633950404823,1086.8289772383869
2325.346046315506,4.111960180103779,72.73324711807072,1086.8289772383869
2327.177123038098,4.111960180103779,72.73324711807072,1088.1290568262339
2329.357476571575,4.116585586220026,72.86870507337153,1088.1290568262339
2330.667743537575,4.116585586220026,72.86870507337153,1088.7530351541936
2330.746405147016,4.1178538501262665,72.90125746838748,1088.7530351541936
2331.4993599597365,4.1178538501262665,72.90125746838748,1089.1190218143165
2331.610595555976,4.119091432541609,72.95924714393914,1089.1190218143165
2332.625761203468,4.119091432541609,72.95924714393914,1089.6857512313873
2332.705112947151,4.120218073949218,73.00756772048771,1089.6857512313873
2334.0499310251325,4.120218073949218,73.00756772048771,1090.508888458833
2336.027738612145,4.124698778614402,73.06360590085387,1090.508888458833
2337.2522462364286,4.124698778614402,73.06360590085387,1091.2449016477913
2337.384624471888,4.1258898209780455,73.16330084204674,1091.2449016477913
2338.676651351154,4.1258898209780455,73.16330084204674,1092.0065077319741
2338.8543659802526,4.12720500677824,73.2581750638783,1092.0065077319741
2339.810789819807,4.12720500677824,73.2581750638783,1092.6011539772153
2340.071679679677,4.128591071814299,73.32642236165702,1092.6011539772153
2340.948205668479,4.128591071814299,73.32642236165702,1093.0123619996011
2343.2091124970466,4.13319006934762,73.46268804185092,1093.0123619996011
2344.328501984477,4.13319006934762,73.46268804185092,1093.648609958589
2344.4678340200335,4.134487112984061,73.56554340943694,1093.648609958589
2346.349398408085,4.134487112984061,73.56554340943694,1094.7048525698483
2346.4554206356406,4.135734865441918,73.64018128626049,1094.7048525698483
2348.1321943961084,4.135734865441918,73.64018128626049,1095.240038221702
2348.2991367634386,4.137042848393321,73.76410570554435,1095.240038221702
2349.402743374929,4.137042848393321,73.76410570554435,1095.9992235936224
2354.0565437972546,4.1415105406194925,73.82292567566037,1095.9992235936224
2355.4174176827073,4.1415105406194925,73.82292567566037,1096.6679773665965
2355.5616710241884,4.142758876085281,73.93766516819596,1096.6679773665965
2356.539229204878,4.142758876085281,73.93766516819596,1097.24752234295
2356.6021895334125,4.143966747447848,73.99326786957681,1097.24752234295
2358.2876094840467,4.143966747447848,73.99326786957681,1098.364682994783
2358.381861863658,4.145388932898641,74.03897979855537,1098.364682994783
2359.988150496036,4.145388932898641,74.03897979855537,1099.2474674582481
2361.474505390972,4.150165116414428,74.13778125308454,1099.2474674582481
2363.30473729223,4.150165116414428,74.13778125308454,1100.1615028940141
2363.521863602102,4.151359589770436,74.3106359615922,1100.1615028940141
2365.3025433793664,4.151359589770436,74.3106359615922,1101.3298975992948
2365.475931867957,4.152581533417106,74.47584745846689,1101.3298975992948
2367.4983166754246,4.152581533417106,74.47584745846689,1102.6813461519778
2367.731486303732,4.153886158019304,74.65891865640879,1102.6813461519778
2369.62508562766,4.153886158019304,74.65891865640879,1103.7803761586547
2370.740681502968,4.158344231545925,74.80276825651526,1103.7803761586547
2372.6292185951024,4.158344231545925,74.80276825651526,1105.0550318267196
2372.7494250964373,4.15963432751596,74.88754906132817,1105.0550318267196
2373.9048486109823,4.15963432751596,74.88754906132817,1105.8020488917828
2374.063708020374,4.160906631499529,75.004274668172,1105.8020488917828
2375.197776539251,4.160906631499529,75.004274668172,1106.589035488665
2375.359644131735,4.162143452093005,75.14369083568454,1106.589035488665
2376.558685157448,4.162143452093005,75.14369083568454,1107.4022180717438
2378.016744280234,4.166555304080248,75.22754825279117,1107.4022180717438
2379.0034704152495,4.166555304080248,75.22754825279117,1108.0514831189066
2379.0496811419725,4.167819697409868,75.25546933338046,1108.0514831189066
2380.000308007002,4.167819697409868,75.25546933338046,1108.787630284205
2380.2099809981883,4.169322332367301,75.44198529608548,1108.787630284205
2380.890706203878,4.169322332367301,75.44198529608548,1109.243979634717
2381.018848501146,4.170539744198322,75.54083121940494,1109.243979634717
2382.0889853537083,4.170539744198322,75.54083121940494,1109.7099489923567
2383.192590666935,4.174945455044508,75.65132085233927,1109.7099489923567
2384.182999558747,4.174945455044508,75.65132085233927,1110.2441980279982
2384.3057973701507,4.176234068349004,75.75857504270971,1110.2441980279982
2385.4007194321603,4.176234068349004,75.75857504270971,1110.7425107248127
2385.578597093001,4.177878901362419,75.90993832238019,1110.7425107248127
2386.805013777688,4.177878901362419,75.90993832238019,1111.6839906405658
2386.9491427242756,4.179128063842654,76.04507178254426,1111.6839906405658
2387.727599442005,4.179128063842654,76.04507178254426,1112.198069004342
2388.8506682869047,4.193810628727078,76.07224282622337,1112.198069004342
2389.7364548575133,4.193810628727078,76.07224282622337,1112.8314609397203
2389.9112427718937,4.195139633491635,76.22018778137863,1112.8314609397203
2391.301310664043,4.195139633491635,76.22018778137863,1113.722143471241
2391.3663701824844,4.199957873672247,76.26680209673941,1113.722143471241
2392.8548508193344,4.199957873672247,76.26680209673941,1114.6650314535946
2392.933119421825,4.20119945704937,76.32963143289089,1114.6650314535946
2394.5967936422676,4.20119945704937,76.32963143289089,1115.7821320984513
2395.373759454116,4.205821793526411,76.48606181703508,1115.7821320984513
2397.025220395997,4.205821793526411,76.48606181703508,1117.0230564512312
2397.0681354235858,4.207079745829105,76.51815298013389,1117.0230564512312
2398.4379406683147,4.207079745829105,76.51815298013389,1117.9762832727283
2398.537582559511,4.208323819562793,76.58927008882165,1117.9762832727283
2399.52364654094,4.208323819562793,76.58927008882165,1118.7358106598258
2399.683932514861,4.209611652418971,76.72507406957448,1118.7358106598258
2401.1567202527076,4.209611652418971,76.72507406957448,1119.4727431479841
2403.6063905041665,4.218094890937209,76.78330750204623,1119.4727431479841
2405.152850119397,4.218094890937209,76.78330750204623,1120.448686560616
2405.279658811167,4.21931441500783,76.89233579300344,1120.448686560616
2406.4489419478923,4.21931441500783,76.89233579300344,1121.225898258388
2406.485709760338,4.220557225868106,76.92111852951348,1121.225898258388
2407.8555603753775,4.220557225868106,76.92111852951348,1121.9260406140238
2408.2041486874223,4.221842790022492,77.03983228094876,1121.9260406140238
2409.4291850551963,4.221842790022492,77.03983228094876,1122.784994089976
2412.2618490047753,4.226607045158744,77.0670522339642,1122.784994089976
2414.0277866460383,4.226607045158744,77.0670522339642,1123.994557261467
2414.1301734261215,4.228018261492252,77.14711589924991,1123.994557261467
2415.3853150829673,4.228018261492252,77.14711589924991,1124.8414922636002
2415.662101501599,4.229336636140943,77.19833623990417,1124.8414922636002
2416.919097583741,4.229336636140943,77.19833623990417,1125.6960492953658
2417.2347242627293,4.2308251447975636,77.27961810678244,1125.6960492953658
2418.597095562145,4.2308251447975636,77.27961810678244,1126.3865190930665
2423.1996009349823,4.235828083008528,77.35773941501975,1126.3865190930665
2424.3826963081956,4.235828083008528,77.35773941501975,1127.1627423018217
2424.5460314471275,4.237134208902717,77.49562950246036,1127.1627423018217
2425.4016350191087,4.237134208902717,77.49562950246036,1127.773255906999
2425.598456894979,4.238432873040438,77.65123842284083,1127.773255906999
2427.1171788349748,4.238432873040438,77.65123842284083,1128.3735805898905
2427.269062263891,4.23967588506639,77.77088904380798,1128.3735805898905
2429.1101342514157,4.23967588506639,77.77088904380798,1129.1746598724276
2431.653629183769,4.24437328055501,77.87808880396187,1129.1746598724276
2432.8212153874338,4.24437328055501,77.87808880396187,1129.7871055193245
2433.0345360394567,4.245688935741782,77.9875170364976,1129.7871055193245
2434.227709988132,4.245688935741782,77.9875170364976,1130.2079297192395
2434.467573000118,4.246929828077555,78.12818141654134,1130.2079297192395
2435.93808343634,4.246929828077555,78.12818141654134,1130.9764707852155
2435.978141611442,4.248250914737582,78.15538325160742,1130.9764707852155
2437.2470992468297,4.248250914737582,78.15538325160742,1131.681501692161
2439.284397846088,4.275811726227403,78.28278781473637,1131.681501692161
2440.5717145521194,4.275811726227403,78.28278781473637,1132.1443698741496
2440.6748100649565,4.278080267831683,78.33792083896697,1132.1443698741496
2441.842264767736,4.278080267831683,78.33792083896697,1132.7794063016772
2441.974352490157,4.279306039214134,78.43656221032143,1132.7794063016772
2443.120028387755,4.279306039214134,78.43656221032143,1133.4557514563203
2443.288709418848,4.280583802610636,78.58006621338427,1133.4557514563203
2444.9326939675957,4.280583802610636,78.58006621338427,1134.4768281020224
2446.949087737128,4.286206165328622,78.74638711847365,1134.4768281020224
2448.114021031186,4.286206165328622,78.74638711847365,1135.3144763913006
2448.4163015838712,4.287567488849163,78.87581936083734,1135.3144763913006
2449.4003205001354,4.287567488849163,78.87581936083734,1135.891277199611
2449.6016237381846,4.288842901587486,79.04771225340664,1135.891277199611
2451.299044638872,4.288842901587486,79.04771225340664,1137.0139958411455
2451.5112293381244,4.290035001933575,79.19161390326917,1137.0139958411455
2452.9008576031774,4.290035001933575,79.19161390326917,1137.7275293767452
2455.3118971120566,4.294495576992631,79.23552846722305,1137.7275293767452
2456.3076379075646,4.294495576992631,79.23552846722305,1138.2079829238355
2456.4663232322782,4.2958823796361685,79.3407989218831,1138.2079829238355
2457.7280051950365,4.2958823796361685,79.3407989218831,1138.9989025648683
2457.8129255715758,4.297156292945147,79.40764921158552,1138.9989025648683
2458.755959738046,4.297156292945147,79.40764921158552,1139.2628821656108
2458.9057395271957,4.298399483785033,79.5288002602756,1139.2628821656108
2459.9667770564556,4.298399483785033,79.5288002602756,1139.960156340152
2462.8516981117427,4.303005818277597,79.68681708164513,1139.960156340152
2464.1527251731604,4.303005818277597,79.68681708164513,1140.8090035282075
2464.380242874846,4.304250381886959,79.86382461711764,1140.8090035282075
2466.475064266473,4.304250381886959,79.86382461711764,1142.3254749402404
2466.651864618063,4.305520033463836,80.00900217145681,1142.3254749402404
2467.9464507997036,4.305520033463836,80.00900217145681,1142.8766233809292
2468.101994467899,4.306706616654992,80.15325568057597,1142.8766233809292
2469.1145420651883,4.306706616654992,80.15325568057597,1143.7006429675967
2470.6313465237617,4.340341631323099,80.21915702335536,1143.7006429675967
2472.001241175458,4.340341631323099,80.21915702335536,1144.5780919585377
2472.2488831318915,4.344635501503944,80.4259666223079,1144.5780919585377
2473.4507984351367,4.344635501503944,80.4259666223079,1145.4370025843382
2473.534642010927,4.345893004909158,80.49209037050605,1145.4370025843382
2475.096263423562,4.345893004909158,80.49209037050605,1146.6033039353788
2475.313639579341,4.347935453057289,80.67334407567978,1146.6033039353788
2476.8685192149132,4.347935453057289,80.67334407567978,1147.6684052292258
2478.045842472464,4.3524733409285545,80.79440886341035,1147.6684052292258
2479.831365980208,4.3524733409285545,80.79440886341035,1149.0910110790282
2479.872748594731,4.353694232180715,80.8215958904475,1149.0910110790282
2481.4807553999126,4.353694232180715,80.8215958904475,1150.0864917114377
2481.6873211935163,4.355037106201053,80.99138824269176,1150.0864917114377
2483.2351900599897,4.355037106201053,80.99138824269176,1150.9682870637625
2483.4600534830242,4.356418902054429,81.15221569687128,1150.9682870637625
2485.189464651048,4.356418902054429,81.15221569687128,1152.1198514923453
2486.5186857376248,4.361335624009371,81.33963326923549,1152.1198514923453
2487.8868565876037,4.361335624009371,81.33963326923549,1152.918340506032
2488.038485331461,4.362638927996159,81.46221749298275,1152.918340506032
2489.7497886437923,4.362638927996159,81.46221749298275,1154.024429352954
2489.889213031158,4.363922450691462,81.55703518539667,1154.024429352954
2491.432246739045,4.363922450691462,81.55703518539667,1155.048666337505
2491.542682239786,4.365113701671362,81.63590236008167,1155.048666337505
2492.8703719768673,4.365113701671362,81.63590236008167,1155.9278824981302
2494.2440882511437,4.369932793080807,81.81142395921052,1155.9278824981302
2495.9388932865113,4.369932793080807,81.81142395921052,1157.1002387441695
2496.0836235918105,4.371244017034769,81.8644431848079,1157.1002387441695
2496.9265243615955,4.371244017034769,81.8644431848079,1157.5780542232096
2497.058094844222,4.3725258484482765,81.95815881341696,1157.5780542232096
2498.696389099583,4.3725258484482765,81.95815881341696,1158.6360933948308
2498.817813543603,4.374618308618665,82.0469391811639,1158.6360933948308
2500.6747033670545,4.374618308618665,82.0469391811639,1159.9834661521018
2501.893467016518,4.379116343334317,82.11193789727986,1159.9834661521018
2503.2408066187054,4.379116343334317,82.11193789727986,1160.7814289182425
2503.440599108115,4.385381290689111,82.2979347910732,1160.7814289182425
2504.597486594692,4.385381290689111,82.2979347910732,1161.6657551061362
2504.772998675704,4.386667914688587,82.4470982607454,1161.6657551061362
2506.312226092443,4.386667914688587,82.4470982607454,1162.770927645266
2506.401349036023,4.387927798554301,82.503592338413,1162.770927645266
2507.9400888551027,4.387927798554301,82.503592338413,1163.8688644003123
2509.101372435689,4.392473313957453,82.66150981746614,1163.8688644003123
2510.73580464907,4.392473313957453,82.66150981746614,1165.1343757361174
2510.7848695516586,4.393780190497637,82.69908209331334,1165.1343757361174
2512.0379336643964,4.393780190497637,82.69908209331334,1165.946461353451
2512.181507671252,4.395071733742952,82.82590205967426,1165.946461353451
2513.635635847226,4.395071733742952,82.82590205967426,1166.7884393353015
2513.7439065184444,4.396350787952542,82.89701886102557,1166.7884393353015
2515.4237619359046,4.396350787952542,82.89701886102557,1167.8261515907943
2517.009498436004,4.400872189551592,83.09461962804198,1167.8261515907943
2518.303408689797,4.400872189551592,83.09461962804198,1168.8814396131784
2518.4232282359153,4.402082242071629,83.1929239127785,1168.8814396131784
2519.2704382427037,4.402082242071629,83.1929239127785,1169.2692602425814
2519.4311378281564,4.403254194185138,83.32427722029388,1169.2692602425814
2520.127941964194,4.403254194185138,83.32427722029388,1169.7184854224324
2520.2512634433806,4.404674340039492,83.36988880857825,1169.7184854224324
2521.2447700202465,4.404674340039492,83.36988880857825,1170.291736625135
2522.2802428957075,4.409291075542569,83.52884868904948,1170.291736625135
2523.186405306682,4.409291075542569,83.52884868904948,1170.734667249024
2523.446643639356,4.410613179206848,83.71038008853793,1170.734667249024
2524.678954578936,4.410613179206848,83.71038008853793,1171.323502149433
2524.730437135324,4.411891611292958,83.7504788134247,1171.323502149433
2526.268006971106,4.411891611292958,83.7504788134247,1172.0514303147793
2526.5783574748784,4.413138343021274,83.85263168998063,1172.0514303147793
2527.2713419012725,4.413138343021274,83.85263168998063,1172.4702182412148
2528.8341270163655,4.417610293254256,83.9136130232364,1172.4702182412148
2529.8663559723645,4.417610293254256,83.9136130232364,1172.9604043141007
2530.026688279584,4.418903067708015,84.02743492461741,1172.9604043141007
2531.0612657871097,4.418903067708015,84.02743492461741,1173.6145379189402
2531.2024125680327,4.420075768604875,84.14476040564477,1173.6145379189402
2532.447144517675,4.420075768604875,84.14476040564477,1174.432206157595
2532.5117694269866,4.4213233813643456,84.19046448543668,1174.432206157595
2533.6268566809595,4.4213233813643456,84.19046448543668,1175.005514074117
2535.6742685157806,4.425884095951915,84.29530400037766,1175.005514074117
2537.119933595881,4.425884095951915,84.29530400037766,1175.7721859384328
2537.3062890749425,4.427293760702014,84.37160043790936,1175.7721859384328
2538.648870622739,4.427293760702014,84.37160043790936,1176.5429675504565
2538.834098244086,4.428529184311628,84.52768581546843,1176.5429675504565
2540.633079564199,4.428529184311628,84.52768581546843,1177.6847023982555
2540.8856572136283,4.429809948429465,84.74175427109003,1177.6847023982555
2541.507856927812,4.429809948429465,84.74175427109003,1178.1306671984494
2542.8952113557607,4.434533519670367,84.87679167836905,1178.1306671984494
2544.0943826194853,4.434533519670367,84.87679167836905,1179.0358894579113
2544.243181850761,4.435807576403022,85.01227277517319,1179.0358894579113
2545.7666401788592,4.435807576403022,85.01227277517319,1180.0091972500086
2545.8061437122524,4.43699549511075,85.04002885147929,1180.0091972500086
2547.3715747576207,4.43699549511075,85.04002885147929,1181.0785829853266
2547.4274374060333,4.438282078132033,85.08653161302209,1181.0785829853266
2549.070027112961,4.438282078132033,85.08653161302209,1182.0461699701846
2550.376807047054,4.449838925153017,85.26155541278422,1182.0461699701846
2552.142872687429,4.449838925153017,85.26155541278422,1183.2937347143888
2552.4047857318074,4.451100999489427,85.43068494461477,1183.2937347143888
2554.0036727581173,4.451100999489427,85.43068494461477,1184.2561388239264
2554.1878559868783,4.452327623963356,85.5872764531523,1184.2561388239264
2555.456945002079,4.452327623963356,85.5872764531523,1185.011953735724
2555.4922990668565,4.453556567430496,85.61498506739736,1185.011953735724
2556.5715115852654,4.453556567430496,85.61498506739736,1185.6781184468418
2557.7537508476526,4.459187081083655,85.64502327516675,1185.6781184468418
2558.943516537547,4.459187081083655,85.64502327516675,1186.3722124546766
2559.1139143723994,4.46050182543695,85.77457854151726,1186.3722124546766
2560.4112250898033,4.46050182543695,85.77457854151726,1187.1510093770921
2560.537341810763,4.46180528961122,85.87317507341504,1187.1510093770921
2562.168127439916,4.46180528961122,85.87317507341504,1188.2117538526654
2562.3364534154534,4.463104493916035,85.9622408170253,1188.2117538526654
2564.143134202808,4.463104493916035,85.9622408170253,1189.4286867380142
2565.4585600160062,4.475486721843481,86.06439670175314,1189.4286867380142
2566.682327698916,4.475486721843481,86.06439670175314,1190.2671462260187
2566.9062475878745,4.476779844611883,86.260219136253,1190.2671462260187
2567.9584361836314,4.476779844611883,86.260219136253,1191.098646555096
2568.137164771557,4.478040726855397,86.421062592417,1191.098646555096
2569.4221400022507,4.478040726855397,86.421062592417,1191.941069599241
2569.511574631557,4.479487914592028,86.45804331824183,1191.941069599241
2571.0446890275925,4.479487914592028,86.45804331824183,1193.0384125821292
2572.3655287828296,4.487120546400547,86.53083879873157,1193.0384125821292
2573.4485090710223,4.487120546400547,86.53083879873157,1193.5801685005426
2573.504925550893,4.488528311252594,86.55861718207598,1193.5801685005426
2574.896050931886,4.488528311252594,86.55861718207598,1194.5307397898287
2575.1038804091513,4.48999073728919,86.74955066479743,1194.5307397898287
2576.7208482343704,4.48999073728919,86.74955066479743,1195.7294262368232
2576.787878377363,4.49126042239368,86.80221749283373,1195.7294262368232
2577.817516155541,4.49126042239368,86.80221749283373,1196.4509476348758
2581.5022022556514,4.497248433530331,86.85480735637248,1196.4509476348758
2582.434823282063,4.497248433530331,86.85480735637248,1196.8721112441272
2582.6399466097355,4.499192018061876,86.992749908939,1196.8721112441272
2583.477320726961,4.499192018061876,86.992749908939,1197.3806440755725
2583.6625526472926,4.500429322943091,87.15007347241044,1197.3806440755725
2584.720802837983,4.500429322943091,87.15007347241044,1198.1253671329468
2584.90669032,4.501728294417262,87.30143757164478,1198.1253671329468
2585.8049244191498,4.501728294417262,87.30143757164478,1198.6553368642926
2587.126645019278,4.506191227585077,87.39302188158035,1198.6553368642926
2588.3550269193947,4.506191227585077,87.39302188158035,1199.7298694960773
2588.5390158630908,4.50782111659646,87.55585106275976,1199.7298694960773
2589.817155379802,4.50782111659646,87.55585106275976,1200.6434615198523
2589.935296282172,4.5090504083782434,87.66340433061123,1200.6434615198523
2591.66765582934,4.5090504083782434,87.66340433061123,1202.074053203687
2591.7396154347807,4.51029377989471,87.69125292822719,1202.074053203687
2593.057618599385,4.51029377989471,87.69125292822719,1202.972536355257
2594.3826706837863,4.514747973531485,87.71826047822833,1202.972536355257
2595.537239002064,4.514747973531485,87.71826047822833,1203.8162610717118
2595.725830802694,4.515921225771308,87.80464702285826,1203.8162610717118
2597.1020040679723,4.515921225771308,87.80464702285826,1204.8290506079793
2597.3427388481796,4.5171962808817625,88.01433767937124,1204.8290506079793
2598.9647667948157,4.5171962808817625,88.01433767937124,1205.7774807810783
2599.0285814311355,4.518416414037347,88.06571100279689,1205.7774807810783
2600.4655594564974,4.518416414037347,88.06571100279689,1206.4759411811829
2601.978490628302,4.531774969771504,88.15403805486858,1206.4759411811829
2603.1190730948,4.531774969771504,88.15403805486858,1207.2681422811002
2603.240788316354,4.533050831407309,88.24390060268342,1207.2681422811002
2604.3980967365205,4.533050831407309,88.24390060268342,1208.1654158029705
2604.5193577390164,4.534345254302025,88.34358875639737,1208.1654158029705
2605.5993046108633,4.534345254302025,88.34358875639737,1208.97405904904
2605.6350848078728,4.53555047698319,88.37188314087689,1208.97405904904
2606.897583179176,4.53555047698319,88.37188314087689,1209.7111318353564
2608.67850372009,4.554426798596978,88.4619605243206,1209.7111318353564
2609.849409321323,4.554426798596978,88.4619605243206,1210.2833549790084
2609.9243961833417,4.559105256572366,88.50111137330532,1210.2833549790084
2611.3254909012467,4.559105256572366,88.50111137330532,1211.0767538808286
2611.4114871080965,4.560357391834259,88.5710175819695,1211.0767538808286
2612.6592117771506,4.560357391834259,88.5710175819695,1211.881573786959
2612.8481582663953,4.56154446490109,88.72990277037024,1211.881573786959
2614.644422141835,4.56154446490109,88.72990277037024,1213.0758592933416
2615.776026673615,4.566105220466852,88.84851916320622,1213.0758592933416
2617.1565306875855,4.566105220466852,88.84851916320622,1214.1732644420117
2617.3375917822123,4.567429734393954,88.96015637554228,1214.1732644420117
2618.6515790913254,4.567429734393954,88.96015637554228,1215.0005656853318
2618.7947348877788,4.568714389577508,89.09230400063097,1215.0005656853318
2620.2627367395908,4.568714389577508,89.09230400063097,1216.083416664973
2620.4517790600657,4.5699399542063475,89.26090664044023,1216.083416664973
2621.636745594442,4.5699399542063475,89.26090664044023,1216.8298100940883
2622.4801879953593,4.574438808485866,89.29352167621255,1216.8298100940883
2623.605638615787,4.574438808485866,89.29352167621255,1217.6336942408234
2623.7687334939837,4.575714902952313,89.42190280742943,1217.6336942408234
2625.1671197321266,4.575714902952313,89.42190280742943,1218.7408712916076
2625.303058454767,4.576895385980606,89.50897188298404,1218.7408712916076
2626.8890679683536,4.576895385980606,89.50897188298404,1219.8306048382074
2627.0364363715053,4.578200750052929,89.61081118322909,1219.8306048382074
2628.1201629471034,4.578200750052929,89.61081118322909,1220.518122913316
2629.2091425005347,4.582742875441909,89.68126167356968,1220.518122913316
2630.447406742722,4.582742875441909,89.68126167356968,1221.366170341149
2630.536388365552,4.584014117717743,89.75831087306142,1221.366170341149
2631.693903259933,4.584014117717743,89.75831087306142,1221.9272600524127
2631.861083863303,4.58526436239481,89.89575854502618,1221.9272600524127
2632.8797230999917,4.58526436239481,89.89575854502618,1222.4849071782082
2632.939483959228,4.5864746440202,89.94726492092013,1222.4849071782082
2634.203157188371,4.5864746440202,89.94726492092013,1223.295662973076
2635.1854444481432,4.591585798189044,89.99888313934207,1223.295662973076
2636.3588830884546,4.591585798189044,89.99888313934207,1224.1375853978097
2636.552553214133,4.59284563921392,90.15935598872602,1224.1375853978097
2638.013085756451,4.59284563921392,90.15935598872602,1225.0587449949235
2638.2230328954756,4.59408139064908,90.36094272322953,1225.0587449949235
2639.507648238912,4.59408139064908,90.36094272322953,1225.7948303241283
2639.615961499512,4.5953364837914705,90.4309593141079,1225.7948303241283
2641.027759468183,4.5953364837914705,90.4309593141079,1226.8317161984742
2642.1623977161944,4.599813770502806,90.50391921959817,1226.8317161984742
2643.4868559911847,4.599813770502806,90.50391921959817,1227.7961094863713
2643.650758124888,4.601152326911688,90.62285050749779,1227.7961094863713
2645.2681126594543,4.601152326911688,90.62285050749779,1228.5538743380457
2645.427157504484,4.6024231016635895,90.75832581333816,1228.5538743380457
2646.8545988723636,4.6024231016635895,90.75832581333816,1229.4169847667217
2646.9034108370543,4.6037324368953705,90.79168181307614,1229.4169847667217
2648.0234748553485,4.6037324368953705,90.79168181307614,1229.9339039847255
2649.215605435893,4.6083741039037704,90.8854267038405,1229.9339039847255
2650.1561067402363,4.6083741039037704,90.8854267038405,1230.5043392553926
2650.3155166190118,4.609573107212782,91.02007999457419,1230.5043392553926
2651.456877009943,4.609573107212782,91.02007999457419,1231.2938260454684
2651.681005373597,4.6109784711152315,91.16756257787347,1231.2938260454684
2653.4808569867164,4.6109784711152315,91.16756257787347,1232.5242562778294
2653.5629970878363,4.6122150011360645,91.22693303972483,1232.5242562778294
2655.0605849400163,4.6122150011360645,91.22693303972483,1233.336574519053
2656.2239041868597,4.632765717804432,91.26294868439436,1233.336574519053
2657.315313803032,4.632765717804432,91.26294868439436,1234.0827463306487
2657.524291574955,4.652200408279896,91.41030050627887,1234.0827463306487
2658.653752796352,4.652200408279896,91.41030050627887,1234.613688506186
2658.843125225976,4.653482550755143,91.55462654493749,1234.613688506186
2659.561811901629,4.653482550755143,91.55462654493749,1235.0704760365188
2659.642521187663,4.654724143445492,91.62019206210971,1235.0704760365188
2660.867179548368,4.654724143445492,91.62019206210971,1235.9838289357722
2662.2606120798737,4.659259762614965,91.66572591848671,1235.9838289357722
2663.559208098799,4.659259762614965,91.66572591848671,1236.6784389391541
2663.6024907995015,4.660656167194247,91.69378960691392,1236.6784389391541
2665.083562379703,4.660656167194247,91.69378960691392,1237.6172095183283
2665.226893575862,4.666131418198347,91.77375284023583,1237.6172095183283
2666.596662219614,4.666131418198347,91.77375284023583,1238.5680470503867
2666.6498729400337,4.66742368042469,91.81562636606395,1238.5680470503867
2668.038997299969,4.66742368042469,91.81562636606395,1239.369448121637
2669.033255310729,4.673921579495072,91.9164386689663,1239.369448121637
2670.2827147040516,4.673921579495072,91.9164386689663,1240.2182657998055
2670.3691494297236,4.675122149288654,91.98537253774703,1240.2182657998055
2671.297107156366,4.675122149288654,91.98537253774703,1240.7502076867968
2671.531292065978,4.676371021196246,92.0129054710269,1240.7502076867968
2672.6204769574106,4.676371021196246,92.0129054710269,1241.5639846026897
2672.690352851525,4.677673792466521,92.07210733182728,1241.5639846026897
2673.7639505509287,4.677673792466521,92.07210733182728,1242.4184340275824
2674.9099821615964,4.682431288063526,92.09918162599206,1242.4184340275824
2676.3177262004465,4.682431288063526,92.09918162599206,1243.3841505367309
2676.5530247930437,4.683706879615784,92.28791068308055,1243.3841505367309
2677.9452266320586,4.683706879615784,92.28791068308055,1244.4587986133993
2678.0076021198183,4.684932209551334,92.32952768728137,1244.4587986133993
2679.5445951595902,4.684932209551334,92.32952768728137,1245.584461266175
2679.7451386116445,4.686123341321945,92.51279519125819,1245.584461266175
2681.5734540540725,4.686123341321945,92.51279519125819,1247.2037813011557
2682.5299298707396,4.693653846159577,92.66572059690952,1247.2037813011557
2683.6240639202297,4.693653846159577,92.66572059690952,1247.9396109953523
2683.83076203987,4.694950919598341,92.80474217049778,1247.9396109953523
2685.019793326035,4.694950919598341,92.80474217049778,1248.7607323918492
2685.177592135966,4.696218658238649,92.9446613676846,1248.7607323918492
2686.676187908277,4.696218658238649,92.9446613676846,1249.7177010979503
2686.8150257468224,4.6975189708173275,93.01953974738717,1249.7177010979503
2688.5760884601623,4.6975189708173275,93.01953974738717,1251.0041832216084
2689.7594842929393,4.702147901058197,93.07728397473693,1251.0041832216084
2691.1185382511467,4.702147901058197,93.07728397473693,1251.7993665859103
2691.2036976590753,4.7033991031348705,93.15269766934216,1251.7993665859103
2692.550898939371,4.7033991031348705,93.15269766934216,1252.8731405586004
2692.7325579039752,4.704598104581237,93.29845001734793,1252.8731405586004
2694.0041235592216,4.704598104581237,93.29845001734793,1253.7056681104004
2694.1754447072744,4.705793017521501,93.40605686046183,1253.7056681104004
2695.517204804346,4.705793017521501,93.40605686046183,1254.579249035567
2696.54797603935,4.7103672455996275,93.43656622245908,1254.579249035567
2697.843911955133,4.7103672455996275,93.43656622245908,1255.5044007524848
2698.0444328151643,4.711767608299851,93.57349239848554,1255.5044007524848
2699.561861259863,4.711767608299851,93.57349239848554,1256.4879493843764
2699.7038611248136,4.712980151176453,93.70716784149408,1256.4879493843764
2701.001424752176,4.712980151176453,93.70716784149408,1257.4773117322475
2701.1510205566883,4.714259695261717,93.82427724264562,1257.4773117322475
2702.4541690740734,4.714259695261717,93.82427724264562,1258.334505064413
2703.540132245049,4.726042548194528,93.90453709848225,1258.334505064413
2704.8781216070056,4.726042548194528,93.90453709848225,1259.2419004254043
2705.010407520458,4.727331278845668,94.00721253082156,1259.2419004254043
2706.2720892559737,4.727331278845668,94.00721253082156,1260.0925362743437
2706.399905389175,4.728682320564985,94.0980276428163,1260.0925362743437
2708.228807322681,4.728682320564985,94.0980276428163,1261.4577958863229
2708.325790749863,4.729858940467238,94.18509867042303,1261.4577958863229
2709.761041957885,4.729858940467238,94.18509867042303,1262.3715563938022
2711.3658954054117,4.7396580539643764,94.31318822316825,1262.3715563938022
2712.3252052627504,4.7396580539643764,94.31318822316825,1263.0500728134066
2712.53737943992,4.740945994853973,94.48302508331835,1263.0500728134066
2714.011041395366,4.740945994853973,94.48302508331835,1264.1496282555163
2714.272232344374,4.742339929565787,94.64335946924984,1264.1496282555163
2715.593864530325,4.742339929565787,94.64335946924984,1265.0699585527182
2715.7488175556064,4.7437136601656675,94.78524934872985,1265.0699585527182
2716.8503836281598,4.7437136601656675,94.78524934872985,1265.707125177607
2718.1699903272092,4.748545981943607,94.81205097027123,1265.707125177607
2718.9756303466856,4.748545981943607,94.81205097027123,1266.2123550996184
2719.044028364122,4.7499792985618114,94.8714707326144,1266.2123550996184
2719.970230700448,4.7499792985618114,94.8714707326144,1266.8729892838746
2720.0868782885373,4.7511937487870455,94.96810006722808,1266.8729892838746
2721.6731688156724,4.7511937487870455,94.96810006722808,1267.6580901034176
2721.7554743196815,4.752418950200081,95.0301602948457,1267.6580901034176
2723.3655689228326,4.752418950200081,95.0301602948457,1268.568309199065
2724.7994634620845,4.75703364983201,95.12108740210533,1268.568309199065
2726.3485444951802,4.75703364983201,95.12108740210533,1269.4170621149242
2726.3934451676905,4.758244698867202,95.15200482681394,1269.4170621149242
2727.821257919073,4.758244698867202,95.15200482681394,1270.2657655123621
2727.991772428155,4.759496759623289,95.28245707601309,1270.2657655123621
2729.0657366793603,4.759496759623289,95.28245707601309,1270.7478200364858
2729.1723026148975,4.760696029290557,95.36783973686397,1270.7478200364858
2730.621979450807,4.760696029290557,95.36783973686397,1271.5958608854562
2731.7320309523493,4.765268038958311,95.49180580303073,1271.5958608854562
2733.243803586811,4.765268038958311,95.49180580303073,1272.468661159277
2733.296659387648,4.7665269039571285,95.5248984824866,1272.468661159277
2734.621538506821,4.7665269039571285,95.5248984824866,1273.3932706080377
2734.6985152959824,4.767808236181736,95.55270047299564,1273.3932706080377
2736.241548070684,4.767808236181736,95.55270047299564,1274.37440668419
2736.3684679400176,4.771038193255663,95.66611373797059,1274.37440668419
2737.909233443439,4.771038193255663,95.66611373797059,1275.2560556586832
2738.939823148772,4.775605762377381,95.7961039505899,1275.2560556586832
2740.149662701413,4.775605762377381,95.7961039505899,1275.852908777073
2740.382636791095,4.776824904605746,95.98881638236344,1275.852908777073
2741.9893738459796,4.776824904605746,95.98881638236344,1277.046805229038
2742.0592145211995,4.778050446882844,96.0308856870979,1277.046805229038
2743.378884708509,4.778050446882844,96.0308856870979,1277.7264015767723
2743.5682259555906,4.779261916875839,96.18591083586216,1277.7264015767723
2745.274287108332,4.779261916875839,96.18591083586216,1279.0804122313857
2746.8190770391375,4.783814864233136,96.21809445135295,1279.0804122313857
2748.1292319949716,4.783814864233136,96.21809445135295,1279.6898422744125
2748.1651702076197,4.785060195252299,96.24590379372239,1279.6898422744125
2748.7331856954843,4.785060195252299,96.24590379372239,1280.006412891671
2748.820876872167,4.786324627697468,96.29426232911646,1280.006412891671
2749.5184210799634,4.786324627697468,96.29426232911646,1280.4454079046845
2749.555049153045,4.787569148465991,96.32310022599995,1280.4454079046845
2750.1562600191683,4.787569148465991,96.32310022599995,1280.7111912965775
2751.043778432533,4.808617619797587,96.35005695000291,1280.7111912965775
2751.8834299389273,4.808617619797587,96.35005695000291,1281.195741219446
2751.984020959586,4.810000313445926,96.42701276019216,1281.195741219446
2752.745600949973,4.810000313445926,96.42701276019216,1281.822437228635
2752.9394112080336,4.811252756044269,96.58738697133958,1281.822437228635
2753.774672875181,4.811252756044269,96.58738697133958,1282.4246579557657
2753.8226251117885,4.812542350962758,96.6147273145616,1282.4246579557657
2754.351506764069,4.812542350962758,96.6147273145616,1282.7321501802653
2755.3371338211,4.819820078089833,96.65447600185871,1282.7321501802653
2756.2763938512653,4.819820078089833,96.65447600185871,1283.4083427432925
2756.4269480723888,4.821056889370084,96.7758099026978,1283.4083427432925
2757.761007592082,4.821056889370084,96.7758099026978,1284.5475283097476
2757.8237692359835,4.822300478816032,96.82669913396239,1284.5475283097476
2759.1091207042336,4.822300478816032,96.82669913396239,1285.5366593245417
2759.2671894282103,4.825721809640527,96.94268586114049,1285.5366593245417
2760.589673211798,4.825721809640527,96.94268586114049,1286.3947343099862
2761.6525118667632,4.830290976911783,97.01878906972706,1286.3947343099862
2763.2502370942384,4.830290976911783,97.01878906972706,1287.3638250362128
2763.432260842994,4.83148817718029,97.15664906241,1287.3638250362128
2764.501911783591,4.83148817718029,97.15664906241,1288.2148284055293
2764.73396567069,4.833004953339696,97.32744586095214,1288.2148284055293
2766.27414342016,4.833004953339696,97.32744586095214,1289.4032246246934
2766.3202126584947,4.834253674373031,97.36151346936822,1289.4032246246934
2767.5360792577267,4.834253674373031,97.36151346936822,1290.1877662166953
2768.7564316075295,4.838853720575571,97.49646893702447,1290.1877662166953
2770.047555696219,4.838853720575571,97.49646893702447,1291.0224532410502
2770.1584697384387,4.8400834035128355,97.59545940160751,1291.0224532410502
2771.8202216923237,4.8400834035128355,97.59545940160751,1292.1760352309793
2771.9739678241313,4.841723730787635,97.68971942551434,1292.1760352309793
2773.589700255543,4.841723730787635,97.68971942551434,1293.2765399068594
2773.697500983253,4.842930419370532,97.77864317595959,1293.2765399068594
2775.3378372080624,4.842930419370532,97.77864317595959,1294.523198992014
2776.5968442484736,4.863259373232722,97.89327564276755,1294.523198992014
2778.098632821813,4.863259373232722,97.89327564276755,1295.54037967138
2778.2693552710116,4.864558344706893,98.04473015852273,1295.54037967138
2780.4892295803875,4.864558344706893,98.04473015852273,1296.6972935125232
2780.6733260937035,4.865864189341664,98.17216483876109,1296.6972935125232
2782.506828883663,4.865864189341664,98.17216483876109,1297.5700165387243
2782.5788514520973,4.867124292999506,98.22704970277846,1297.5700165387243
2783.5659834165126,4.867124292999506,98.22704970277846,1297.8514601103961
2786.3498566672206,4.8716966807842255,98.3387500513345,1297.8514601103961
2787.5851832963526,4.8716966807842255,98.3387500513345,1298.6919620055705
2787.7582320198417,4.872943751513958,98.46533615887165,1298.6919620055705
2789.035405786708,4.872943751513958,98.46533615887165,1299.3292849268764
2789.218255819753,4.874226065352559,98.60608907975256,1299.3292849268764
2790.583789817989,4.874226065352559,98.60608907975256,1299.9900162778795
2790.867743836716,4.875436196103692,98.68884130753577,1299.9900162778795
2791.9088246840984,4.875436196103692,98.68884130753577,1300.7145840395242
2795.4499053750187,4.880101777613163,98.71590068005025,1300.7145840395242
2796.9072566255927,4.880101777613163,98.71590068005025,1301.20861088112
2796.9792629349977,4.881362738087773,98.75343645177782,1301.20861088112
2798.1371033862233,4.881362738087773,98.75343645177782,1301.7783618997782
2798.727650227025,4.882672103121877,98.87615165114403,1301.7783618997782
2800.1160889603198,4.882672103121877,98.87615165114403,1302.3142508435994
2800.1678414996713,4.883884994313121,98.91975069791079,1302.3142508435994
2800.998251883313,4.883884994313121,98.91975069791079,1302.683309968561
2804.142746223137,4.888364752754569,99.0044634193182,1302.683309968561
2805.209431014955,4.888364752754569,99.0044634193182,1303.208720644936
2805.290979243815,4.890035631135106,99.04823994077742,1303.208720644936
2806.806953419,4.890035631135106,99.04823994077742,1303.8691769614816
2806.9806956723332,4.8950685895979404,99.10911794938147,1303.8691769614816
2808.97030531615,4.8950685895979404,99.10911794938147,1305.394332382828
2809.118005555123,4.896284310147166,99.2344611696899,1305.394332382828
2810.4240516908467,4.896284310147166,99.2344611696899,1306.277070062235
2813.0880158282816,4.90089737996459,99.32210656441748,1306.277070062235
2814.3343367427588,4.90089737996459,99.32210656441748,1306.9233327433467
2814.4008959624916,4.902143081650138,99.371851650998,1306.9233327433467
2815.933171391487,4.902143081650138,99.371851650998,1307.8982942067087
2816.034434394911,4.903309091925621,99.45742031186819,1307.8982942067087
2817.1728866193444,4.903309091925621,99.45742031186819,1308.5553632676601
2817.3282016143203,4.904778979718685,99.60083680786192,1308.5553632676601
2818.430709635839,4.904778979718685,99.60083680786192,1309.1450304854661
2820.578237656504,4.917276551946998,99.68895919248462,1309.1450304854661
2821.83742762357,4.917276551946998,99.68895919248462,1309.9444816336036
2822.014991078526,4.918556533753872,99.83099778555334,1309.9444816336036
2823.3068089280277,4.918556533753872,99.83099778555334,1310.5462790988386
2823.360637648031,4.919821426272392,99.86572956107557,1310.5462790988386
2824.9217509552836,4.919821426272392,99.86572956107557,1311.5277658849955
2825.0320607684553,4.9209873247891665,99.96403785608709,1311.5277658849955
2826.0998051203787,4.9209873247891665,99.96403785608709,1312.0614558495581
2827.7401528079063,4.932566307485104,100.00909078121185,1312.0614558495581
2828.752648541704,4.932566307485104,100.00909078121185,1312.6473481860012
2828.903033455834,4.936513727530837,100.0803401619196,1312.6473481860012
2830.4832112416625,4.936513727530837,100.0803401619196,1313.5676028244197
2830.655009638518,4.937783500179648,100.23611470870674,1313.5676028244197
2832.7344988603145,4.937783500179648,100.23611470870674,1314.9552038479596
2832.916794558987,4.939012911170721,100.30742003209889,1314.9552038479596
2834.7094244472682,4.939012911170721,100.30742003209889,1316.2464418634772
2837.3809738084674,4.943766485899687,100.38232216052711,1316.2464418634772
2838.6490263920277,4.943766485899687,100.38232216052711,1316.7286341004074
2838.79970648326,4.945008497685194,100.49358752183616,1316.7286341004074
2839.621063720435,4.945008497685194,100.49358752183616,1317.045386241749
2839.777481371537,4.946260500699282,100.53888533264399,1317.045386241749
2841.148766743019,4.946260500699282,100.53888533264399,1317.621618911624
2841.2037749234587,4.947426680475473,100.57813345640898,1317.621618911624
2842.6701007988304,4.947426680475473,100.57813345640898,1318.364069024101
2845.632527410984,4.962029514834285,100.67800323106349,1318.364069024101
2847.114400431514,4.962029514834285,100.67800323106349,1319.6380489412695
2847.2989520858973,4.963294005021453,100.83949923142791,1319.6380489412695
2848.5957554243505,4.963294005021453,100.83949923142791,1320.2719317674637
2848.6589831002057,4.9645060654729605,100.86722868867218,1320.2719317674637
2850.209781391546,4.9645060654729605,100.86722868867218,1321.273545280099
2850.290846399963,4.965740416198969,100.94005472399294,1321.273545280099
2851.5084452591836,4.965740416198969,100.94005472399294,1322.0334302019328
2852.6083608195186,4.9704289473593235,100.97590439021587,1322.0334302019328
2853.5229181163013,4.9704289473593235,100.97590439021587,1322.6002783924341
2853.722740540281,4.971697900444269,101.16087250225246,1322.6002783924341
2854.2635740358382,4.971697900444269,101.16087250225246,1322.990383611992
2854.384951779619,4.972948083654046,101.25717921555042,1322.990383611992
2855.6782454345375,4.972948083654046,101.25717921555042,1323.6657151430845
2855.8104903548956,4.974242916330695,101.35874919220805,1323.6657151430845
2863.1128867473453,4.974242916330695,101.35874919220805,1324.6227062419057
2865.6958362348378,4.978768466040492,101.45266243629158,1324.6227062419057
2867.199441280216,4.978768466040492,101.45266243629158,1325.2222589161247
2867.3247589524835,4.9801338613033295,101.56409365870059,1325.2222589161247
2868.1922281514853,4.9801338613033295,101.56409365870059,1325.778983173892
2868.3689405750483,4.981352154165506,101.70385994575918,1325.778983173892
2869.56091446802,4.981352154165506,101.70385994575918,1326.4736621174961
2869.630285203457,4.982594246044755,101.74719999544322,1326.4736621174961
2871.1651366762817,4.982594246044755,101.74719999544322,1327.187050120905
2873.4006761629134,5.0112830474972725,101.91087740473449,1327.187050120905
2875.0602420512587,5.0112830474972725,101.91087740473449,1327.966924155131
2875.1138382498175,5.012542819604278,101.9404670111835,1327.966924155131
2876.2465543281287,5.012542819604278,101.9404670111835,1328.5548374373466
2876.4530282150954,5.0138637609779835,102.03545403666794,1328.5548374373466
2877.3697082214057,5.0138637609779835,102.03545403666794,1329.057985354215
2877.517285807058,5.015145504847169,102.15637391805649,1329.057985354215
2879.021342970431,5.015145504847169,102.15637391805649,1329.8848004769534
2881.117435146123,5.019798187538981,102.32995240204036,1329.8848004769534
2882.2966401111335,5.019798187538981,102.32995240204036,1330.4509740751237
2882.44868805632,5.024520209059119,102.45344965904951,1330.4509740751237
2883.3927250914276,5.024520209059119,102.45344965904951,1331.0768394675106
2883.619142340496,5.027146644890308,102.64733621105552,1331.0768394675106
2885.1791298389435,5.027146644890308,102.64733621105552,1332.0996864140034
2885.310182766989,5.028660962358117,102.75231533311307,1332.0996864140034
2886.1924279034138,5.028660962358117,102.75231533311307,1332.520988093689
2889.9363822881132,5.0339130368083715,102.8985757380724,1332.520988093689
2891.638226144016,5.0339130368083715,102.8985757380724,1333.4441110435873
2891.8763221018016,5.035286501049995,103.11357617005706,1333.4441110435873
2893.7891428861767,5.035286501049995,103.11357617005706,1334.7315929401666
2893.924799228087,5.036678614094853,103.1500634830445,1334.7315929401666
2895.2963699232787,5.036678614094853,103.1500634830445,1335.5488885287195
2895.3578113541007,5.038079217076302,103.18590303137898,1335.5488885287195
2896.6731546483934,5.038079217076302,103.18590303137898,1336.2918152809143
2899.3869073316455,5.057057198137045,103.27352406829596,1336.2918152809143
2900.701213028282,5.057057198137045,103.27352406829596,1336.8232582453638
2900.77185481973,5.060365475714207,103.33158792555332,1336.8232582453638
2901.420185117051,5.060365475714207,103.33158792555332,1337.1894978564233
2901.691505374387,5.061952264979482,103.47720407322049,1337.1894978564233
2902.908077167347,5.061952264979482,103.47720407322049,1337.8289663810283
2903.0334597397596,5.063258480280638,103.57694953493774,1337.8289663810283
2904.2156037595123,5.063258480280638,103.57694953493774,1338.5586253535002
2908.2849947474897,5.06783758290112,103.63846489787102,1338.5586253535002
2909.442008865997,5.06783758290112,103.63846489787102,1339.0181627292186
2909.517637643963,5.069178197532892,103.69510562345386,1339.0181627292186
2910.7474822755903,5.069178197532892,103.69510562345386,1339.4237770587206
2910.9011738076806,5.0705163311213255,103.80815819092095,1339.4237770587206
2912.269461357966,5.0705163311213255,103.80815819092095,1340.1713555734605
2912.317573113367,5.071869816631079,103.84039830602705,1340.1713555734605
2913.62530563958,5.071869816631079,103.84039830602705,1340.7612315565348
2915.256744382903,5.076519088819623,103.93400157243013,1340.7612315565348
2916.098004659638,5.076519088819623,103.93400157243013,1341.396948929876
2916.244132552296,5.077828552573919,104.05320517718792,1341.396948929876
2917.9589738473296,5.077828552573919,104.05320517718792,1342.4186768867075
2918.0644816458225,5.0792939979583025,104.1467233709991,1342.4186768867075
2919.1260825134814,5.0792939979583025,104.1467233709991,1343.1576030869037
2919.3504037596285,5.08076155371964,104.33174341730773,1343.1576030869037
2921.094043472782,5.08076155371964,104.33174341730773,1344.303607802838
2922.555000524968,5.09229395724833,104.50954929739237,1344.303607802838
2924.392559040338,5.09229395724833,104.50954929739237,1345.4945103749633
2924.5878897402436,5.093710632994771,104.67746088467538,1345.4945103749633
2926.064783990383,5.093710632994771,104.67746088467538,1346.4314780514687
2926.137783015147,5.0950108375400305,104.74262712150812,1346.4314780514687
2927.493734849617,5.0950108375400305,104.74262712150812,1347.2048288173974
2927.7409680429846,5.096334440633655,104.94782987609506,1347.2048288173974
2929.441583778709,5.096334440633655,104.94782987609506,1348.4875927865505
2930.5653483830392,5.100935021415353,105.02749830111861,1348.4875927865505
2932.0573808643967,5.100935021415353,105.02749830111861,1349.659695373848
2932.186857735738,5.102208005264401,105.14178318344057,1349.659695373848
2933.5130067169666,5.102208005264401,105.14178318344057,1350.5286494530737
2933.6204079203308,5.103487737476826,105.23094245232642,1350.5286494530737
2934.985169995576,5.103487737476826,105.23094245232642,1351.2617890574038
2935.175613962114,5.105166537687182,105.36284375749528,1351.2617890574038
2935.7910127658397,5.105166537687182,105.36284375749528,1351.5894606616348
2936.591849897057,5.114000542089343,105.42981372959912,1351.5894606616348
2937.742254421115,5.114000542089343,105.42981372959912,1352.404143087566
2938.1285609994084,5.115386426448822,105.4966291282326,1352.404143087566
2939.4534382428974,5.115386426448822,105.4966291282326,1353.1922453269362
2939.574501555413,5.116752428933978,105.59470804966986,1353.1922453269362
2940.9114315044135,5.116752428933978,105.59470804966986,1354.1568319629878
2941.166882088408,5.118084540590644,105.80826139450073,1354.1568319629878
2941.8426625430584,5.118084540590644,105.80826139450073,1354.5323320738971
2943.54521776177,5.122833492234349,105.8804609104991,1354.5323320738971
2944.3081000242382,5.122833492234349,105.8804609104991,1355.067482760176
2944.5014626141638,5.124112391844392,106.05513545684516,1355.067482760176
2945.9991066753864,5.124112391844392,106.05513545684516,1355.7375536169857
2946.122481783852,5.125451933592558,106.16283879615366,1355.7375536169857
2946.84218900837,5.125451933592558,106.16283879615366,1356.2366232387722
2946.9615149516612,5.127214903011918,106.25269060209394,1356.2366232387722
2948.7505192793906,5.127214903011918,106.25269060209394,1357.4431569110602
2950.0227170027792,5.13188348710537,106.29604148492217,1357.4431569110602
2950.857123736292,5.13188348710537,106.29604148492217,1358.1052494924515
2951.099831128493,5.133210938423872,106.52371036447585,1358.1052494924515
2951.8729324787855,5.133210938423872,106.52371036447585,1358.6129876803607
2952.143946520984,5.134552262723446,106.735650613904,1358.6129876803607
2953.766631839797,5.134552262723446,106.735650613904,1359.7744575962424
2953.9750795755535,5.135924447327852,106.9124207329005,1359.7744575962424
2955.6747992578894,5.135924447327852,106.9124207329005,1361.0206387098879
2957.430541511625,5.147659715265036,107.11049018800259,1361.0206387098879
2959.006442002952,5.147659715265036,107.11049018800259,1362.1063323859125
2959.1790072210133,5.153069131076336,107.19543082639575,1362.1063323859125
2960.5182907599956,5.153069131076336,107.19543082639575,1362.9855545908213
2960.6605433616787,5.1544030122458935,107.31868779286742,1362.9855545908213
2962.248813452199,5.1544030122458935,107.31868779286742,1363.9928015880287
2962.4177950061858,5.155749846249819,107.46470420993865,1363.9928015880287
2963.95412151888,5.155749846249819,107.46470420993865,1365.0770576577634
2965.6729984954,5.160638328641653,107.4953917209059,1365.0770576577634
2966.7931587435305,5.160638328641653,107.4953917209059,1365.704027587548
2966.936596127227,5.161955900490284,107.61644824780524,1365.704027587548
2968.4569197520614,5.161955900490284,107.61644824780524,1366.6422593761235
2968.588835503906,5.1633313447237015,107.73143949918449,1366.6422593761235
2970.118934703991,5.1633313447237015,107.73143949918449,1367.6857648156583
2970.4034492000937,5.164736591279507,107.93567852675915,1367.6857648156583
2972.252654403448,5.164736591279507,107.93567852675915,1368.6681600101292
2973.741933880374,5.179819876328111,108.08269502595067,1368.6681600101292
2974.795386314392,5.179819876328111,108.08269502595067,1369.2563538681716
2975.0077139977366,5.181217510253191,108.26410997286439,1369.2563538681716
2976.124926039949,5.181217510253191,108.26410997286439,1369.9422322642058
2976.3840022720397,5.182574013248086,108.43879402987659,1369.9422322642058
2977.8183860965073,5.182574013248086,108.43879402987659,1370.8283020537347
2978.0307074300945,5.183936886489391,108.61026220023632,1370.8283020537347
2979.444108715281,5.183936886489391,108.61026220023632,1371.499044245109
2981.50871489197,5.188769072294235,108.79644582420588,1371.499044245109
2983.4260347113013,5.188769072294235,108.79644582420588,1373.059168085456
2983.498828407377,5.190080989152193,108.82878350839019,1373.059168085456
2985.090947350487,5.190080989152193,108.82878350839019,1373.846220470965
2985.2958342749625,5.1913345996290445,109.02087215706706,1373.846220470965
2986.8903674911708,5.1913345996290445,109.02087215706706,1374.7407627888024
2987.146668255329,5.1926602106541395,109.22241240181029,1374.7407627888024
2988.306238807738,5.1926602106541395,109.22241240181029,1375.5410193540156
2989.765848044306,5.197392465546727,109.44027099944651,1375.5410193540156
2990.8056195173413,5.197392465546727,109.44027099944651,1376.29244665429
2990.9515317715704,5.198873421177268,109.53345141932368,1376.29244665429
2992.527954619378,5.198873421177268,109.53345141932368,1377.3909067511559
2992.6426493003964,5.200252644717693,109.58394734375179,1377.3909067511559
2994.03595360741,5.200252644717693,109.58394734375179,1378.355341134593
2994.262390397489,5.201616808772087,109.7702569309622,1378.355341134593
2995.70154091157,5.201616808772087,109.7702569309622,1379.2935705091804
2996.90598937124,5.206146148964763,109.89208097942173,1379.2935705091804
2998.2689630221575,5.206146148964763,109.89208097942173,1380.1510595660657
2998.441098611802,5.207465732470155,110.02934377081692,1380.1510595660657
2999.3953772429377,5.207465732470155,110.02934377081692,1380.7375387940556
2999.476849908009,5.208838844671845,110.07902350090444,1380.7375387940556
3001.013521820307,5.208838844671845,110.07902350090444,1381.837998399511
3001.1653080396354,5.21036827377975,110.2144994288683,1381.837998399511
3002.1194411125034,5.21036827377975,110.2144994288683,1382.5354628469795
3003.5241285823286,5.215045327320695,110.24584781564772,1382.5354628469795
3004.976152483374,5.215045327320695,110.24584781564772,1383.533284759149
3005.1713593117893,5.216401312500238,110.41313405893743,1383.533284759149
3006.3836223948747,5.216401312500238,110.41313405893743,1384.3785924687982
3006.5342209953815,5.217651154845953,110.5234891846776,1384.3785924687982
3007.8882298935205,5.217651154845953,110.5234891846776,1385.3547047302127
3008.1948258597404,5.219145333394408,110.67376713827252,1385.3547047302127
3009.1871214788407,5.219145333394408,110.67376713827252,1386.169018741697
3010.400838116184,5.223874036222696,110.79131789319217,1386.169018741697
3011.682834336534,5.223874036222696,110.79131789319217,1387.043214911595
3011.760191624984,5.225243527442217,110.85631273686886,1387.043214911595
3012.8338047116995,5.225243527442217,110.85631273686886,1387.7481864318252
3012.9384336285293,5.226614512503147,110.92896508425474,1387.7481864318252
3013.9341886434704,5.226614512503147,110.92896508425474,1388.3541619069874
3013.9956378750503,5.228809921070933,110.96074046753347,1388.3541619069874
3015.0763164702803,5.228809921070933,110.96074046753347,1388.797307845205
3018.1880705319345,5.233438892289996,111.04233535379171,1388.797307845205
3019.460715599358,5.233438892289996,111.04233535379171,1389.7215716522187
3019.6091454438865,5.234753103926778,111.16214196942747,1389.7215716522187
3020.7851243950427,5.234753103926778,111.16214196942747,1390.2839963920414
3020.880353566259,5.236262120306492,111.24262232705951,1390.2839963920414
3021.942747125402,5.236262120306492,111.24262232705951,1390.82385610044
3022.161617739126,5.237631658092141,111.42375637963414,1390.82385610044
3023.572193680331,5.237631658092141,111.42375637963414,1391.8463491946459
3025.4579315353185,5.24223848991096,111.6019445117563,1391.8463491946459
3026.797590436414,5.24223848991096,111.6019445117563,1392.283410942182
3026.906898835674,5.243561955168843,111.68574411980808,1392.283410942182
3028.294102208689,5.243561955168843,111.68574411980808,1393.1565717142075
3028.351125502959,5.245390240103006,111.72547592408955,1393.1565717142075
3029.8606217000633,5.245390240103006,111.72547592408955,1393.5804447084665
3030.1847787350416,5.247102292254567,111.77041134983301,1393.5804447084665
3031.653543462977,5.247102292254567,111.77041134983301,1393.9932447802275
3034.071794407442,5.251491999253631,111.90870410576463,1393.9932447802275
3035.4830872043967,5.251491999253631,111.90870410576463,1394.5841714348644
3035.6846238914877,5.2528384029865265,112.07025349326432,1394.5841714348644
3036.7933821547776,5.2528384029865265,112.07025349326432,1395.2151302732527
3036.920468116179,5.255490200594068,112.16429365426302,1395.2151302732527
3038.6176952533424,5.255490200594068,112.16429365426302,1395.7922164052725
3038.707157153636,5.256814243271947,112.22411931678653,1395.7922164052725
3039.8035504426807,5.256814243271947,112.22411931678653,1396.3422139976174
3041.8726654779166,5.270470125600696,112.38341782987118,1396.3422139976174
3043.0684156958014,5.270470125600696,112.38341782987118,1396.7452354989946
3043.1918661892414,5.2718782015144825,112.4669743347913,1396.7452354989946
3044.5261361710727,5.2718782015144825,112.4669743347913,1397.295177610591
3044.6521549019963,5.273231314495206,112.58378546312451,1397.295177610591
3045.949599770829,5.273231314495206,112.58378546312451,1397.9219640605152
3046.1049177329987,5.2745557483285666,112.72011867538095,1397.9219640605152
3047.4501165952533,5.2745557483285666,112.72011867538095,1398.8012552410364
3050.6150597725064,5.2863253355026245,112.8528821580112,1398.8012552410364
3051.586713910103,5.2863253355026245,112.8528821580112,1399.1603274252266
3051.705891728401,5.287629839032888,112.95053762197495,1399.1603274252266
3053.602201011032,5.287629839032888,112.95053762197495,1400.2355014327914
3053.8143428117037,5.288931883871555,113.13182765804231,1400.2355014327914
3054.465745806694,5.288931883871555,113.13182765804231,1400.6434906888753
3054.661156253889,5.290239876136184,113.29951869882643,1400.6434906888753
3055.9961972478777,5.290239876136184,113.29951869882643,1401.4338850975037
3058.2731636613607,5.294913977384567,113.43636779300869,1401.4338850975037
3059.212933111936,5.294913977384567,113.43636779300869,1401.94930485636
3059.2994572892785,5.297211727127433,113.51088008098304,1401.94930485636
3060.0867911167443,5.297211727127433,113.51088008098304,1402.308546628803
3060.2587514072657,5.2985878717154264,113.54349139332771,1402.308546628803
3061.5468746870756,5.2985878717154264,113.54349139332771,1403.2025867179036
3061.6029965449125,5.3001882415264845,113.57685676962137,1403.2025867179036
3062.8960844650865,5.3001882415264845,113.57685676962137,1403.980633692816
3064.9784408230335,5.304863156750798,113.66520209237933,1403.980633692816
3066.3671128191054,5.304863156750798,113.66520209237933,1404.7333697490394
3066.4827172067016,5.308623623102903,113.75896869972348,1404.7333697490394
3067.281749650836,5.308623623102903,113.75896869972348,1405.2106436733156
3067.4836484435946,5.309920694679022,113.892638027668,1405.2106436733156
3068.556090965867,5.309920694679022,113.892638027668,1405.8432443328202
3068.7367067392915,5.311201715841889,114.04599500074983,1405.8432443328202
3070.2551528029144,5.311201715841889,114.04599500074983,1406.8837812878191
3072.513963893056,5.32309009693563,114.14190034940839,1406.8837812878191
3074.269004367292,5.32309009693563,114.14190034940839,1408.1334474124014
3074.498711436987,5.324430713430047,114.30792039446533,1408.1334474124014
3075.9567960668355,5.324430713430047,114.30792039446533,1409.0132371000946
3076.0420706234872,5.3256725668907166,114.38009093143046,1409.0132371000946
3077.0860797800124,5.3256725668907166,114.38009093143046,1409.7910086605698
3077.41266784817,5.3269896022975445,114.56971471756697,1409.7910086605698
3078.8011533915997,5.3269896022975445,114.56971471756697,1410.6905277054757
3080.8064071163535,5.338832542300224,114.6981035862118,1410.6905277054757
3082.2289884444326,5.338832542300224,114.6981035862118,1411.705956298858
3082.406764378771,5.340192066505551,114.86353506147861,1411.705956298858
3084.1269298624247,5.340192066505551,114.86353506147861,1412.6902741957456
3084.3021671958268,5.353672506287694,114.99639792740345,1412.6902741957456
3085.417715964839,5.353672506287694,114.99639792740345,1413.245545051992
3085.548438495025,5.355099651962519,115.10256952047348,1413.245545051992
3087.2408290989697,5.355099651962519,115.10256952047348,1414.359349641949
3089.7551507670432,5.366382854059339,115.20450821705163,1414.359349641949
3090.8191227838397,5.366382854059339,115.20450821705163,1414.8562040086836
3090.956340741366,5.367711639031768,115.32089715264738,1414.8562040086836
3092.42353370972,5.367711639031768,115.32089715264738,1415.7170433271676
3092.663844782859,5.36905057169497,115.48057466000319,1415.7170433271676
3094.5261352118105,5.36905057169497,115.48057466000319,1416.9950101673603
3094.6995163336396,5.370405854657292,115.51756915077567,1416.9950101673603
3095.6917810589075,5.370405854657292,115.51756915077567,1417.4537138156593
3099.3769534956664,5.3751270323991776,115.57605683244765,1417.4537138156593
3100.515861582011,5.3751270323991776,115.57605683244765,1417.8818832561374
3100.6566377840936,5.37645279429853,115.69858964905143,1417.8818832561374
3101.5337986908853,5.37645279429853,115.69858964905143,1418.4842858854681
3101.71013696678,5.377841068431735,115.85489824414253,1418.4842858854681
3103.3369252309203,5.377841068431735,115.85489824414253,1419.6466649025679
3103.3978214282542,5.379130689427257,115.90751138143241,1419.6466649025679
3104.4736476428807,5.379130689427257,115.90751138143241,1420.4024217575788
3106.8531070630997,5.383805338293314,115.96107906661928,1420.4024217575788
3107.6889013387263,5.383805338293314,115.96107906661928,1420.9011227041483
3107.807000476867,5.385114042088389,116.06425132788718,1420.9011227041483
3109.0210344158113,5.385114042088389,116.06425132788718,1421.67978416197
3109.32388433069,5.386407535523176,116.1872425749898,1421.67978416197
3110.8594707604498,5.386407535523176,116.1872425749898,1422.5594918932766
3110.9780050273985,5.387741347774863,116.29426368512213,1422.5594918932766
3112.530081704259,5.387741347774863,116.29426368512213,1423.4789599049836
3114.6477545015514,5.395433854311705,116.32539831101894,1423.4789599049836
3115.5464279279113,5.395433854311705,116.32539831101894,1423.8782285936177
3115.5881929323077,5.397192986682057,116.35776218026876,1423.8782285936177
3116.3100071810186,5.397192986682057,116.35776218026876,1424.2179363500327
3116.465985255316,5.398486310616136,116.49213315919042,1424.2179363500327
3117.471077054739,5.398486310616136,116.49213315919042,1424.7701715808362
3117.6308173574507,5.399802133440971,116.62449500150979,1424.7701715808362
3119.1451420523226,5.399802133440971,116.62449500150979,1425.9957439471036
3120.3904118314385,5.407615032047033,116.8164774812758,1425.9957439471036
3121.763762731105,5.407615032047033,116.8164774812758,1426.9223718773574
3121.8671489469707,5.409030828624964,116.88907563686371,1426.9223718773574
3123.892554819584,5.409030828624964,116.88907563686371,1427.9171357173473
3124.2997195031494,5.410621477290988,117.02392096817493,1427.9171357173473
3125.287819907069,5.410621477290988,117.02392096817493,1428.3584888130426
3125.4785328134894,5.41201663389802,117.19025406986475,1428.3584888130426
3126.706829879433,5.41201663389802,117.19025406986475,1429.0329920928925
3128.880871657282,5.42003259062767,117.26142264157534,1429.0329920928925
3130.55048010312,5.42003259062767,117.26142264157534,1429.6322839930654
3130.7733792681247,5.421428954228759,117.40241125039756,1429.6322839930654
3131.902936046943,5.421428954228759,117.40241125039756,1430.2329858392477
3131.9915998913348,5.422748696058989,117.47778903879225,1430.2329858392477
3133.0067154355347,5.422748696058989,117.47778903879225,1430.954706599936
3133.091257546097,5.426180616021156,117.54275782965124,1430.954706599936
3134.4742432683706,5.426180616021156,117.54275782965124,1431.8668138254434
3136.7126528918743,5.43075761757791,117.7378043550998,1431.8668138254434
3137.998041294515,5.43075761757791,117.7378043550998,1432.5980731099844
3138.0424031373113,5.432056982070208,117.77042680606246,1432.5980731099844
3139.214948423207,5.432056982070208,117.77042680606246,1433.2159003987908
3139.373712060973,5.433539459481835,117.82578599452972,1433.2159003987908
3140.616141937673,5.433539459481835,117.82578599452972,1433.9707520063967
3140.740863246843,5.434881184250116,117.87586122006178,1433.9707520063967
3142.048159947619,5.434881184250116,117.87586122006178,1434.730011953041
3143.949439432472,5.439317865297198,118.02522473223507,1434.730011953041
3145.6372151076794,5.439317865297198,118.02522473223507,1435.688501143828
3145.6960827019066,5.44056835770607,118.05698395892978,1435.688501143828
3146.987464044243,5.44056835770607,118.05698395892978,1436.665085811168
3147.1897272393107,5.441899921745062,118.19509565085173,1436.665085811168
3147.9479269348085,5.441899921745062,118.19509565085173,1437.0692165214568
3148.1463874150068,5.443320766091347,118.36925173550844,1437.0692165214568
3149.814032088965,5.443320766091347,118.36925173550844,1438.190512880683
3153.5957335084677,5.447970148175955,118.47168025746942,1438.190512880683
3154.6483880560845,5.447970148175955,118.47168025746942,1438.5862612053752
3154.7058312352747,5.449274552986026,118.51162234134972,1438.5862612053752
3155.585210463032,5.449274552986026,118.51162234134972,1439.057678932324
3155.637180702761,5.4506007470190525,118.5468850210309,1439.057678932324
3156.4629837628454,5.4506007470190525,118.5468850210309,1439.6615129709244
3156.5399550311267,5.451945912092924,118.5906211938709,1439.6615129709244
3157.8090674877167,5.451945912092924,118.5906211938709,1440.027524303645
3161.7822961043566,5.460833175107837,118.663022140041,1440.027524303645
3163.237162362784,5.460833175107837,118.663022140041,1440.5728621073067
3163.615267891437,5.465417139232159,118.86719023436308,1440.5728621073067
3164.81147294119,5.465417139232159,118.86719023436308,1441.2432439103723
3164.9402984995395,5.467197060585022,118.98585028760135,1441.2432439103723
3166.05969068408,5.467197060585022,118.98585028760135,1441.998389331624
3166.155116064474,5.468602387234569,119.0628031976521,1441.998389331624
3166.8850706052035,5.468602387234569,119.0628031976521,1442.3253071662039
3168.2412590943277,5.473180407658219,119.27279454469681,1442.3253071662039
3170.2769174631685,5.473180407658219,119.27279454469681,1443.209727525711
3170.3375788107514,5.474529331550002,119.30488202162087,1443.209727525711
3171.421946775168,5.474529331550002,119.30488202162087,1443.8724200874567
3171.4973812662065,5.475827453657985,119.36326029896736,1443.8724200874567
3172.484984397888,5.475827453657985,119.36326029896736,1444.206513993442
3172.631191328168,5.477157788351178,119.48248922266066,1444.206513993442
3173.6248528975993,5.477157788351178,119.48248922266066,1444.6598182469606
3176.483063178137,5.482072275131941,119.57077759318054,1444.6598182469606
3178.1219363640994,5.482072275131941,119.57077759318054,1445.082977898419
3178.203685639426,5.4834559708833694,119.61418862082064,1445.082977898419
3179.3945352789015,5.4834559708833694,119.61418862082064,1445.9601562377065
3179.5561184063554,5.484821313992143,119.75829506106675,1445.9601562377065
3180.4707328155637,5.484821313992143,119.75829506106675,1446.3350054584444
3180.652960622683,5.486171608790755,119.91713329963386,1446.3350054584444
3181.768850641325,5.486171608790755,119.91713329963386,1446.9798063654453
3183.4646489378065,5.490701548755169,120.12173014506698,1446.9798063654453
3184.467923471704,5.490701548755169,120.12173014506698,1447.5560933761299
3184.5851842630655,5.492060383781791,120.21276215836406,1447.5560933761299
3186.2888579834253,5.492060383781791,120.21276215836406,1448.6471167057753
3186.4371647126973,5.493550220504403,120.26998592540622,1448.6471167057753
3187.7976418547332,5.493550220504403,120.26998592540622,1449.2866863217205
3187.9118479210883,5.494849136099219,120.36720906756818,1449.2866863217205
3188.9633587636054,5.494849136099219,120.36720906756818,1449.7595392111689
3192.1551539395005,5.499449053779244,120.46139596775174,1449.7595392111689
3193.1410920992494,5.499449053779244,120.46139596775174,1450.2910709232092
3193.2520758304745,5.500821810215712,120.56231856904924,1450.2910709232092
3194.650353766978,5.500821810215712,120.56231856904924,1451.0810069907457
3194.7599297035486,5.502179307863116,120.65859225578606,1451.0810069907457
3195.9079428631812,5.502179307863116,120.65859225578606,1451.6994382310659
3195.9936013501137,5.5035131406039,120.72057481482625,1451.6994382310659
3197.1533347908407,5.5035131406039,120.72057481482625,1452.3594463188201
3199.6169474553317,5.509243834763765,120.78100559860468,1452.3594463188201
3200.755427950993,5.509243834763765,120.78100559860468,1453.0497641023248
3200.8355546798557,5.510587457567453,120.84965611808002,1453.0497641023248
3201.8481178358197,5.510587457567453,120.84965611808002,1453.6986229009926
3202.053868766874,5.512076122686267,120.99894619733095,1453.6986229009926
3202.991245465353,5.512076122686267,120.99894619733095,1454.0480315424502
3203.0714722648263,5.513380974531174,121.05923012271523,1454.0480315424502
3204.2220990508795,5.513380974531174,121.05923012271523,1454.6631501987576
3206.468491273001,5.518186392262578,121.1982645560056,1454.6631501987576
3207.932345682755,5.518186392262578,121.1982645560056,1455.4154890906066
3208.1271380111575,5.519817570224404,121.37864729389548,1455.4154890906066
3209.6681677289307,5.519817570224404,121.37864729389548,1456.3624406587332
3209.9086886066943,5.521161414682865,121.51302473805845,1456.3624406587332
3211.2823632936925,5.521161414682865,121.51302473805845,1457.2295098230243
3211.5224465839565,5.5225006472319365,121.72894131578505,1457.2295098230243
3212.732174370438,5.5225006472319365,121.72894131578505,1457.989578006789
3214.4845186602324,5.527632808312774,121.83477027527988,1457.989578006789
3215.8425898123533,5.527632808312774,121.83477027527988,1458.9152922462672
3216.079726928845,5.529109552502632,121.95972347073257,1458.9152922462672
3217.5152494832873,5.529109552502632,121.95972347073257,1459.6970056705177
3217.652566999197,5.530442206189036,122.04950002208352,1459.6970056705177
3218.879084823653,5.530442206189036,122.04950002208352,1460.5043125785887
3218.9611755795777,5.531791489571333,122.11231881007552,1460.5043125785887
3219.9408604316413,5.531791489571333,122.11231881007552,1461.1789108738303
3223.0736783947796,5.536762077361345,122.18256971426308,1461.1789108738303
3224.2990649677813,5.536762077361345,122.18256971426308,1461.7516657989472
3224.418936310336,5.53810428455472,122.27209878154099,1461.7516657989472
3225.871200667694,5.53810428455472,122.27209878154099,1462.6622809246182
3226.000065151602,5.539404787123203,122.38256371207535,1462.6622809246182
3227.537684323266,5.539404787123203,122.38256371207535,1463.3255643006414
3227.685157071799,5.5407349318265915,122.49936312064528,1463.3255643006414
3229.429480612278,5.5407349318265915,122.49936312064528,1464.0954836327583
3231.895714852959,5.553652182221413,122.61131974123418,1464.0954836327583
3232.887841939926,5.553652182221413,122.61131974123418,1464.4738775119185
3232.9879567697644,5.554984927177429,122.68931834027171,1464.4738775119185
3233.7652682270855,5.554984927177429,122.68931834027171,1464.9419151209295
3233.9458400327712,5.556341741234064,122.83637086488307,1464.9419151209295
3235.7911061160266,5.556341741234064,122.83637086488307,1466.2481142953038
3235.8848237190396,5.557850627228618,122.92154938541353,1466.2481142953038
3236.4097541943192,5.557850627228618,122.92154938541353,1466.6286152936518
3238.7156184669584,5.566936153918505,122.9527114070952,1466.6286152936518
3239.9291012510657,5.566936153918505,122.9527114070952,1467.2428795266896
3239.992380667478,5.568237487226725,123.00707052461803,1467.2428795266896
3241.207041302696,5.568237487226725,123.00707052461803,1467.820680230856
3241.3514456097037,5.569689203053713,123.10533639229834,1467.820680230856
3243.1347904298455,5.569689203053713,123.10533639229834,1468.8617630153894
3243.3297736961395,5.571003647521138,123.26954976469278,1468.8617630153894
3244.392336599529,5.571003647521138,123.26954976469278,1469.4294011108577
3245.591133952141,5.575680488720536,123.43700685724616,1469.4294011108577
3246.637817863375,5.575680488720536,123.43700685724616,1469.9842429365963
3246.7152300756425,5.5770135428756475,123.49386558867991,1469.9842429365963
3248.0589213967323,5.5770135428756475,123.49386558867991,1470.5469630565494
3248.299112247303,5.578358286991715,123.56639057397842,1470.5469630565494
3249.890159888193,5.578358286991715,123.56639057397842,1471.410277640447
3249.962367847562,5.579711884260178,123.61753275245428,1471.410277640447
3251.084902824834,5.579711884260178,123.61753275245428,1472.180528871715
3253.6266460306942,5.584419617429376,123.70555347763002,1472.180528871715
3254.9532813951373,5.584419617429376,123.70555347763002,1472.9665259402245
3255.135410081595,5.5859139654785395,123.87546740099788,1472.9665259402245
3256.4775619562715,5.5859139654785395,123.87546740099788,1473.5867220051587
3256.6330740116537,5.587237648665905,124.0176953971386,1473.5867220051587
3257.7833950873464,5.587237648665905,124.0176953971386,1474.338206877932
3257.87675367482,5.588530810549855,124.09565926156938,1474.338206877932
3258.8652315996587,5.588530810549855,124.09565926156938,1474.994931453839
3261.5444663669914,5.593006370589137,124.13107343018055,1474.994931453839
3262.7743562366813,5.593006370589137,124.13107343018055,1475.8300844412297
3262.8714181035757,5.594493359327316,124.21135219559073,1475.8300844412297
3264.7881196867675,5.594493359327316,124.21135219559073,1476.981150943786
3265.0182205569,5.5958945862948895,124.33698802813888,1476.981150943786
3265.998300496489,5.5958945862948895,124.33698802813888,1477.5728349015117
3266.199510956183,5.597549034282565,124.45862471871078,1477.5728349015117
3267.306004270911,5.597549034282565,124.45862471871078,1478.2329247612506
3269.3711313623935,5.602174706757069,124.58700613863766,1478.2329247612506
3270.781287556514,5.602174706757069,124.58700613863766,1479.145916884765
3271.012660300359,5.603509142994881,124.77433774992824,1479.145916884765
3272.1792180389166,5.603509142994881,124.77433774992824,1479.9645336214453
3272.3974345792085,5.604964889585972,124.9036928974092,1479.9645336214453
3273.303287157789,5.604964889585972,124.9036928974092,1480.3630309347063
3273.4533249400556,5.610402395948768,125.03283221274614,1480.3630309347063
3274.754212750122,5.610402395948768,125.03283221274614,1481.039264921099
3276.8653566390276,5.614926105365157,125.14714145101607,1481.039264921099
3277.6937687974423,5.614926105365157,125.14714145101607,1481.6134786624461
3277.733763176948,5.616253497079015,125.17878072150052,1481.6134786624461
3279.3693835400045,5.616253497079015,125.17878072150052,1482.6689987201244
3279.559161119163,5.6233841329813,125.27517851628363,1482.6689987201244
3280.139113623649,5.6233841329813,125.27517851628363,1483.0793613605201
3280.3402582164854,5.625056313350797,125.39065283723176,1483.0793613605201
3281.3444913588464,5.625056313350797,125.39065283723176,1483.6380412206054
3284.193718487397,5.62980280071497,125.53996679000556,1483.6380412206054
3285.54375378415,5.62980280071497,125.53996679000556,1484.348453996703
3285.667812367901,5.631114395335317,125.62230279110372,1484.348453996703
3286.5569496639073,5.631114395335317,125.62230279110372,1484.956032641232
3286.7249257601798,5.632373848930001,125.76920825988054,1484.956032641232
3288.024180945009,5.632373848930001,125.76920825988054,1485.6389998849481
3288.115605102852,5.633691132068634,125.84137624874711,1485.6389998849481
3288.7398709394038,5.633691132068634,125.84137624874711,1486.0587210152298
3292.9463611077517,5.640850743278861,126.03065441921353,1486.0587210152298
3294.2346438709646,5.640850743278861,126.03065441921353,1486.6124277040362
3294.2831992749125,5.642161466181278,126.06300783157349,1486.6124277040362
3295.6424253880978,5.642161466181278,126.06300783157349,1487.14111421071
3295.8393272385,5.64351812005043,126.24010843224823,1487.14111421071
3297.567846108228,5.64351812005043,126.24010843224823,1487.973664764315
3297.712521025911,5.644762301817536,126.36733544617891,1487.973664764315
3298.8249161727726,5.644762301817536,126.36733544617891,1488.737133802846
3300.9514145217836,5.649270141497254,126.49005593918264,1488.737133802846
3302.3137593083084,5.649270141497254,126.49005593918264,1489.2786261644214
3302.497879587114,5.6507342383265495,126.62116887047887,1489.2786261644214
3303.460212694481,5.6507342383265495,126.62116887047887,1489.524005388841
3303.8411746714264,5.652030762284994,126.68317912705243,1489.524005388841
3304.7591716703027,5.652030762284994,126.68317912705243,1489.8955689389259
3305.0678943656385,5.653554357588291,126.81443059444427,1489.8955689389259
3305.8011548351496,5.653554357588291,126.81443059444427,1490.3443339485675
3309.245648337528,5.658211363479495,126.87265270575881,1490.3443339485675
3310.4858484510332,5.658211363479495,126.87265270575881,1491.0743939001113
3310.7407508268952,5.659524466842413,126.9494548626244,1491.0743939001113
3311.939988480881,5.659524466842413,126.9494548626244,1491.5845107771456
3312.036205166951,5.660856302827597,126.99837622419,1491.5845107771456
3313.2851303387433,5.660856302827597,126.99837622419,1492.163309276104
3313.381778564304,5.662224728614092,127.07817447371781,1492.163309276104
3315.0104957353324,5.662224728614092,127.07817447371781,1493.1238610595465
3316.155976936221,5.666863225400448,127.2012366130948,1493.1238610595465
3317.367535147816,5.666863225400448,127.2012366130948,1493.5261660553515
3317.5380117911845,5.669949971139431,127.35054923407733,1493.5261660553515
3318.6596399936825,5.669949971139431,127.35054923407733,1494.1055888775736
3318.896534334868,5.671416565775871,127.49965903349221,1494.1055888775736
3320.0028187707067,5.671416565775871,127.49965903349221,1494.7156322132796
3320.139782883227,5.682569427415729,127.6052834969014,1494.7156322132796
3321.062752870843,5.682569427415729,127.6052834969014,1495.369084039703
3323.2713933754712,5.687494874000549,127.65067005343735,1495.369084039703
3324.8114226218313,5.687494874000549,127.65067005343735,1496.20743435435
3324.86025987193,5.692521996796131,127.68553334102035,1496.20743435435
3325.927468219772,5.692521996796131,127.68553334102035,1496.7319236863405
3326.019515959546,5.6937304101884365,127.76451480574906,1496.7319236863405
3327.466752592474,5.6937304101884365,127.76451480574906,1497.5635177809745
3327.62613222003,5.694987174123526,127.9144917614758,1497.5635177809745
3329.4258831441402,5.694987174123526,127.9144917614758,1498.7110992483795
3331.509925896302,5.7076594810932875,128.06157574616373,1498.7110992483795
3332.932231463492,5.7076594810932875,128.06157574616373,1499.6906651388854
3333.098144548014,5.708961762487888,128.2062541078776,1499.6906651388854
3334.4578548874706,5.708961762487888,128.2062541078776,1500.5139823388308
3334.561405006796,5.71141148544848,128.28905277140439,1500.5139823388308
3335.8766211476177,5.71141148544848,128.28905277140439,1501.3715946096927
3336.038392757997,5.712755398824811,128.4086905606091,1501.3715946096927
3337.6175645235926,5.712755398824811,128.4086905606091,1502.4449586253613
3339.8309087604284,5.717444032430649,128.53669499233365,1502.4449586253613
3341.2148800343275,5.717444032430649,128.53669499233365,1503.433241777122
3341.347233913839,5.718979988247156,128.64333220757544,1503.433241777122
3342.937548235059,5.718979988247156,128.64333220757544,1504.4964577425271
3343.065178120509,5.720338314771652,128.70737097226083,1504.4964577425271
3344.5451849307865,5.720338314771652,128.70737097226083,1505.4618522617966
3344.672134965658,5.721621407195926,128.81926055252552,1505.4618522617966
3346.002761531621,5.721621407195926,128.81926055252552,1506.421478100121
3348.3809371180832,5.734385209158063,128.9385019093752,1506.421478100121
3349.660250362009,5.734385209158063,128.9385019093752,1507.2187094166875
3349.7380494363606,5.7357301246374846,128.98048011772335,1507.2187094166875
3351.090372050181,5.7357301246374846,128.98048011772335,1508.0905093420297
3351.2632072921842,5.73709942214191,129.12786145880818,1508.0905093420297
3352.582225875929,5.73709942214191,129.12786145880818,1508.9520573019981
3352.7599228844047,5.738598629832268,129.2614532429725,1508.9520573019981
3354.457926975563,5.738598629832268,129.2614532429725,1510.0393952000886
3357.884417191148,5.743348078802228,129.34149497933686,1510.0393952000886
3358.9830612391233,5.743348078802228,129.34149497933686,1510.5497878212482
3359.071862794459,5.744673941284418,129.40654616430402,1510.5497878212482
3360.0834527797997,5.744673941284418,129.40654616430402,1511.1000570300967
3360.363885687664,5.746035715565085,129.45465194433928,1511.1000570300967
3361.796068871394,5.746035715565085,129.45465194433928,1511.808951627463
3361.917358564213,5.747455490753055,129.54246794059873,1511.808951627463
3363.2332090791315,5.747455490753055,129.54246794059873,1512.5257645994425
3364.3966103810817,5.752290179952979,129.60719243250787,1512.5257645994425
3365.3871502391994,5.752290179952979,129.60719243250787,1513.1668535135686
3365.6145293600857,5.753586784005165,129.80650924518704,1513.1668535135686
3366.660410558805,5.753586784005165,129.80650924518704,1513.786183346063
3366.808178829029,5.7548964489251375,129.9206283967942,1513.786183346063
3368.2601827308536,5.7548964489251375,129.9206283967942,1514.7427010219544
3368.422639587894,5.756302895024419,130.05937234312296,1514.7427010219544
3369.230815730989,5.756302895024419,130.05937234312296,1515.2325094528496
3370.5140255242586,5.7609179094433784,130.25804731622338,1515.2325094528496
3371.0648950003088,5.7609179094433784,130.25804731622338,1515.4999710284173
3371.1682120598853,5.762352153658867,130.29680862650275,1515.4999710284173
3372.0852220710367,5.762352153658867,130.29680862650275,1516.145846132189
3372.299333171919,5.7636366579681635,130.45995311439037,1516.145846132189
3373.569173645228,5.7636366579681635,130.45995311439037,1516.8854650631547
3373.814643053338,5.771084705367684,130.67599982954562,1516.8854650631547
3374.537858625874,5.771084705367684,130.67599982954562,1517.3962397966534
3375.9842671919614,5.785888085141778,130.75673595629632,1517.3962397966534
3377.7115669269115,5.785888085141778,130.75673595629632,1518.6918616592884
3377.9245320986956,5.787188729271293,130.9455072004348,1518.6918616592884
3379.6356794256717,5.787188729271293,130.9455072004348,1519.7967961840332
3379.7495374828577,5.788619456812739,131.0313371028751,1519.7967961840332
3380.929965995252,5.788619456812739,131.0313371028751,1520.4179809931666
3381.0448183231056,5.790403949096799,131.11472200416028,1520.4179809931666
3382.696028387174,5.790403949096799,131.11472200416028,1521.69421017915
3384.189799459651,5.803400294855237,131.32863182201982,1521.69421017915
3385.741986138746,5.803400294855237,131.32863182201982,1522.8447527848184
3385.8743574507535,5.804749688133597,131.4351775702089,1522.8447527848184
3387.8569143060595,5.804749688133597,131.4351775702089,1524.2003371287137
3388.0296671707183,5.806113192811608,131.55848917923868,1524.2003371287137
3389.7581675611436,5.806113192811608,131.55848917923868,1525.3991273492575
3389.973980454728,5.807553248479962,131.76219774223864,1525.3991273492575
3391.705502163619,5.807553248479962,131.76219774223864,1526.4953577872366
3392.8661520555615,5.811946718022227,131.8132624849677,1526.4953577872366
3394.145003238693,5.811946718022227,131.8132624849677,1527.5651598703116
3394.322156475857,5.813304152339697,131.94316810555756,1527.5651598703116
3395.6263135150075,5.813304152339697,131.94316810555756,1528.4967045150697
3395.7189780715853,5.814608434215188,132.01259452104568,1528.4967045150697
3397.019848614931,5.814608434215188,132.01259452104568,1529.4088387768716
3397.284248087555,5.815984301269054,132.21160731092095,1529.4088387768716
3398.3691453672945,5.815984301269054,132.21160731092095,1530.220992429182
3399.2269682064652,5.82066947594285,132.24293150939047,1530.220992429182
3400.606460602954,5.82066947594285,132.24293150939047,1531.1737022176385
3400.69489813596,5.822001609951258,132.3054306525737,1531.1737022176385
3401.7166591510177,5.822001609951258,132.3054306525737,1531.9364291094244
3401.921959647909,5.8233836852014065,132.4727608691901,1531.9364291094244
3403.568689784035,5.8233836852014065,132.4727608691901,1532.9270777739584
3403.70802266337,5.824686039239168,132.59245665371418,1532.9270777739584
3404.973844671622,5.824686039239168,132.59245665371418,1533.7178389839828
3405.6870442070067,5.829298473894596,132.64675295725465,1533.7178389839828
3407.248998703435,5.829298473894596,132.64675295725465,1534.7111513502896
3407.426520384848,5.830665037035942,132.80969039537013,1534.7111513502896
3408.6382450256497,5.830665037035942,132.80969039537013,1535.4260241184384
3408.773704327643,5.832011880353093,132.93319182097912,1535.4260241184384
3410.0470363125205,5.832011880353093,132.93319182097912,1536.3182144835591
3410.383697476238,5.8333384450525045,133.10574701428413,1536.3182144835591
3411.5632345229387,5.8333384450525045,133.10574701428413,1537.0108213983476
3413.438827103004,5.838031899183989,133.22737487591803,1537.0108213983476
3414.5822861026973,5.838031899183989,133.22737487591803,1537.3518821727484
3414.9363962430507,5.839408993721008,133.33262404426932,1537.3518821727484
3416.0517051238567,5.839408993721008,133.33262404426932,1537.9282932356
3416.201987562701,5.840762685984373,133.45667707920074,1537.9282932356
3417.3405644949526,5.840762685984373,133.45667707920074,1538.6214639358222
3417.4020852595568,5.842017989605665,133.50534949824214,1538.6214639358222
3418.3581045549363,5.842017989605665,133.50534949824214,1539.2084617726505
3419.6869657244533,5.846667321398854,133.66538087837398,1539.2084617726505
3420.7185952216387,5.846667321398854,133.66538087837398,1539.8057696763426
3420.8984620198607,5.848019156605005,133.8089506458491,1539.8057696763426
3421.748303554952,5.848019156605005,133.8089506458491,1540.2350192386657
3421.8323919083923,5.8494625221937895,133.85556413792074,1540.2350192386657
3422.939700048417,5.8494625221937895,133.85556413792074,1541.022416273132
3423.115335587412,5.8535966370254755,133.98252807930112,1541.022416273132
3423.838004373014,5.8535966370254755,133.98252807930112,1541.3358215652406
3425.4662626981735,5.868063954636455,134.18619657866657,1541.3358215652406
3426.4571085199714,5.868063954636455,134.18619657866657,1541.6891328021884
3426.6022213473916,5.869446359574795,134.30449857749045,1541.6891328021884
3428.3643535487354,5.869446359574795,134.30449857749045,1542.79399385117
3428.617093656212,5.870811322703958,134.42656698822975,1542.79399385117
3429.917724970728,5.870811322703958,134.42656698822975,1543.703294398263
3430.075531249866,5.87218052893877,134.53673962317407,1543.703294398263
3430.943591810763,5.87218052893877,134.53673962317407,1544.182916821912
3432.0650081839412,5.879217725247145,134.58073877170682,1544.182916821912
3433.7342002280056,5.879217725247145,134.58073877170682,1545.3471263609827
3433.9483519159257,5.88055144995451,134.7702833544463,1545.3471263609827
3440.84182347171,5.88055144995451,134.7702833544463,1546.3948717415333
3441.125823818147,5.882020775228739,134.96980641968548,1546.3948717415333
3442.10989321582,5.882020775228739,134.96980641968548,1547.2258221954107
3442.307059239596,5.883365971967578,135.1454570721835,1547.2258221954107
3443.2601211760193,5.883365971967578,135.1454570721835,1547.8937475886196
3445.3631110619754,5.899123838171363,135.32863331958652,1547.8937475886196
3446.0736063364893,5.899123838171363,135.32863331958652,1548.3668814022094
3446.2432637196034,5.900446489453316,135.4864803608507,1548.3668814022094
3447.3980705272406,5.900446489453316,135.4864803608507,1549.1210622172803
3447.5381758157164,5.905856687575579,135.6008142028004,1549.1210622172803
3448.595509495586,5.905856687575579,135.6008142028004,1549.7704894766212
3448.8722691722214,5.907243903726339,135.8611597213894,1549.7704894766212
3449.886691244319,5.907243903726339,135.8611597213894,1550.3649415094405
3451.31986361742,5.913834232836962,135.89726167544723,1550.3649415094405
3452.6482070107013,5.913834232836962,135.89726167544723,1551.177741182968
3452.7209006994963,5.915200749412179,135.9447229746729,1551.177741182968
3454.0370158031583,5.915200749412179,135.9447229746729,1551.932225316763
3454.144967470318,5.920600546523929,136.01873273774981,1551.932225316763
3455.3654108308256,5.920600546523929,136.01873273774981,1552.490630896762
3455.4757190998644,5.922033762559295,136.11626164615154,1552.490630896762
3456.7666045203805,5.922033762559295,136.11626164615154,1553.3591173514724
3457.6501504238695,5.931424913927913,136.2418741211295,1553.3591173514724
3458.964739823714,5.931424913927913,136.2418741211295,1554.3947991356254
3459.037734698504,5.932854579761624,136.2946551181376,1554.3947991356254
3460.3874503355473,5.932854579761624,136.2946551181376,1555.2475099414587
3460.6568459793925,5.934398368000984,136.4927560184151,1555.2475099414587
3462.0623866599053,5.934398368000984,136.4927560184151,1556.2752138003707
3462.287666823715,5.93578446470201,136.7055284064263,1556.2752138003707
3463.8017655145377,5.93578446470201,136.7055284064263,1557.2370640076697
3465.174583904445,5.940963497385383,136.772162174806,1557.2370640076697
3466.3259030673653,5.940963497385383,136.772162174806,1558.0246524270624
3466.576621156186,5.953373381868005,136.97546740062535,1558.0246524270624
3467.844021545723,5.953373381868005,136.97546740062535,1558.9103782568127
3468.054010823369,5.954772647470236,137.12469385750592,1558.9103782568127
3469.0721031427383,5.954772647470236,137.12469385750592,1559.6789792850614
3469.3727886956185,5.956391116604209,137.20151253044605,1559.6789792850614
3470.7271301858127,5.956391116604209,137.20151253044605,1560.433383954689
3471.91306162253,5.960996171459556,137.40384691767395,1560.433383954689
3472.9794533401728,5.960996171459556,137.40384691767395,1561.2314109578729
3473.1756538674235,5.962388018146157,137.5736741963774,1561.2314109578729
3474.250439710915,5.962388018146157,137.5736741963774,1561.8471078947186
3474.3905882015824,5.963787004351616,137.6740927565843,1561.8471078947186
3475.9167337715626,5.963787004351616,137.6740927565843,1562.5437215864658
3476.0390221271664,5.965179538354278,137.78735052980483,1562.5437215864658
3477.179927121848,5.965179538354278,137.78735052980483,1562.9988788813353
3478.7173075154424,5.970022952184081,137.93548817560077,1562.9988788813353
3479.7824992872775,5.970022952184081,137.93548817560077,1563.5541162230074
3480.098693244159,5.971583712846041,138.0809647962451,1563.5541162230074
3480.826190158725,5.971583712846041,138.0809647962451,1564.1307271160185
3480.9060560371727,5.973023537546396,138.14462497085333,1564.1307271160185
3482.1352559663355,5.973023537546396,138.14462497085333,1564.6278063114733
3482.321596795693,5.974409453570843,138.31652927026153,1564.6278063114733
3483.175181750208,5.974409453570843,138.31652927026153,1565.194559654221
3486.036194773391,5.982708504423499,138.4323067907244,1565.194559654221
3487.0269551873207,5.982708504423499,138.4323067907244,1565.902963705361
3487.240847060457,5.98408180847764,138.61021168902516,1565.902963705361
3489.0301952641457,5.98408180847764,138.61021168902516,1567.1626436691731
3489.1520516239107,5.985483912751079,138.71073100343347,1567.1626436691731
3490.786214424297,5.985483912751079,138.71073100343347,1568.255254453048
3490.93484589085,5.986903466284275,138.82743911072612,1568.255254453048
3492.6708623040468,5.986903466284275,138.82743911072612,1569.1859144382179
3494.019845791161,5.992187609896064,138.8932072147727,1569.1859144382179
3494.825591403991,5.992187609896064,138.8932072147727,1569.6095325443894
3494.977049458772,5.993618372827768,138.99371265806258,1569.6095325443894
3495.8917903602123,5.993618372827768,138.99371265806258,1570.0396587904543
3496.1275642588735,5.9950527884066105,139.18780524097383,1570.0396587904543
3497.4395198393613,5.9950527884066105,139.18780524097383,1570.7066201642156
3497.51491211541,5.996514443308115,139.2242194004357,1570.7066201642156
3499.4442470613867,5.996514443308115,139.2242194004357,1572.0821078680456
3500.9812342748046,6.010812923312187,139.3544501643628,1572.0821078680456
3502.2366873640567,6.010812923312187,139.3544501643628,1572.804732432589
3502.2994037233293,6.01224241964519,139.4037083685398,1572.804732432589
3503.2729635722935,6.01224241964519,139.4037083685398,1573.4294280037284
3503.5288585778326,6.01362294703722,139.62229137308896,1573.4294280037284
3504.402923233807,6.01362294703722,139.62229137308896,1574.0544149167836
3504.5644122958183,6.022071208804846,139.75508546456695,1574.0544149167836
3506.110730264336,6.022071208804846,139.75508546456695,1575.2099086120725
3507.410838443786,6.035382602363825,139.79088784381747,1575.2099086120725
3508.704388456419,6.035382602363825,139.79088784381747,1576.2918224334717
3508.824879543856,6.037629414349794,139.83335453644395,1576.2918224334717
3510.272714879364,6.037629414349794,139.83335453644395,1577.1958074551076
3510.4452032111585,6.039036929607391,139.9769856147468,1577.1958074551076
3511.458391163498,6.039036929607391,139.9769856147468,1577.8387910667807
3511.677063236013,6.040649948641658,140.16068066097796,1577.8387910667807
3513.0677295234054,6.040649948641658,140.16068066097796,1578.6470327917486
3514.4596663452685,6.045426433905959,140.29927948862314,1578.6470327917486
3516.1540698818862,6.045426433905959,140.29927948862314,1579.7097226642072
3516.3287386838347,6.046809609979391,140.4241095725447,1579.7097226642072
3517.9525821004063,6.046809609979391,140.4241095725447,1580.6805538721383
3518.020663395524,6.048278886824846,140.47582722082734,1580.6805538721383
3519.4190064575523,6.048278886824846,140.47582722082734,1581.601160908118
3519.6446519251913,6.049670374020934,140.6696387194097,1581.601160908118
3521.2425636108965,6.049670374020934,140.6696387194097,1582.6767899021506
3522.5821052491665,6.054350448772311,140.79062336683273,1582.6767899021506
3529.28917850554,6.054350448772311,140.79062336683273,1583.481708670035
3529.4556253291667,6.058189390227199,140.9379010628909,1583.481708670035
3530.574625145644,6.058189390227199,140.9379010628909,1584.1858466099948
3530.735025860369,6.059705739840865,141.06409016624093,1584.1858466099948
3531.836564078927,6.059705739840865,141.06409016624093,1585.0855134818703
3532.041224235669,6.061026373878121,141.25456040725112,1585.0855134818703
3533.1772095412016,6.061026373878121,141.25456040725112,1585.851303640753
3534.410021448508,6.072815835475922,141.3676801044494,1585.851303640753
3535.921625619754,6.072815835475922,141.3676801044494,1586.7801217846572
3536.0416853595525,6.07428933493793,141.42717662639916,1586.7801217846572
3537.4855305012316,6.07428933493793,141.42717662639916,1587.5309663377702
3537.5305693093687,6.075730977579951,141.4635464772582,1587.5309663377702
3538.5675393696874,6.075730977579951,141.4635464772582,1588.3064976166934
3538.730103030801,6.0772055853158236,141.60622032172978,1588.3064976166934
3539.7534979879856,6.0772055853158236,141.60622032172978,1588.9011718407273
3540.804234907031,6.082115087658167,141.73130888305604,1588.9011718407273
3542.2907315269113,6.082115087658167,141.73130888305604,1589.840693641454
3542.539045171812,6.084056541323662,141.90143736451864,1589.840693641454
3543.6877125427127,6.084056541323662,141.90143736451864,1590.527188707143
3543.8509176671505,6.085607076063752,141.9394165147096,1590.527188707143
3544.7186331748962,6.085607076063752,141.9394165147096,1590.8846205528826
3545.0288435239345,6.087163053452969,142.00738706812263,1590.8846205528826
3545.8218622040004,6.087163053452969,142.00738706812263,1591.4131702762097
3549.3066116794944,6.091876398772001,142.18744885921478,1591.4131702762097
3550.8160558920354,6.091876398772001,142.18744885921478,1592.2180863451213
3550.998247375712,6.093240644782782,142.3507806379348,1592.2180863451213
3552.3362223915756,6.093240644782782,142.3507806379348,1593.070488344878
3552.552696235478,6.094686569646001,142.54842812009156,1593.070488344878
3553.4853883571923,6.094686569646001,142.54842812009156,1593.6136746983975
3553.6115146800876,6.096073916181922,142.65537127293646,1593.6136746983975
3554.503437511623,6.096073916181922,142.65537127293646,1594.1025818623602
3555.7017259616405,6.117473606020212,142.71785642951727,1594.1025818623602
3556.978096412495,6.117473606020212,142.71785642951727,1594.9754876196384
3557.227117460221,6.1188534293323755,142.94247651286423,1594.9754876196384
3558.4461392872036,6.1188534293323755,142.94247651286423,1595.9103106409311
3558.6193483453244,6.120289735496044,143.10307128168643,1595.9103106409311
3560.0303302761167,6.120289735496044,143.10307128168643,1596.976079845801
3560.275478390977,6.121702682226896,143.32905098982155,1596.976079845801
3561.790491303429,6.121702682226896,143.32905098982155,1597.8928394317627
3563.401002312079,6.128367483615875,143.45569574274123,1597.8928394317627
3564.779442621395,6.128367483615875,143.45569574274123,1598.899927681312
3565.036215990782,6.129959542304277,143.66508032940328,1598.899927681312
3566.1986025832593,6.129959542304277,143.66508032940328,1599.675731368363
3566.425076091662,6.131306866183877,143.86735636740923,1599.675731368363
3567.7806022074074,6.131306866183877,143.86735636740923,1600.6077072229236
3568.056592995301,6.132925445213914,144.0270642489195,1600.6077072229236
3569.395397078246,6.132925445213914,144.0270642489195,1601.50539082475
3570.7912352867424,6.137834222987294,144.18036939576268,1601.50539082475
3571.645335920155,6.137834222987294,144.18036939576268,1601.9293775837868
3571.7531746402383,6.139292377978563,144.24637606739998,1601.9293775837868
3572.879383839667,6.139292377978563,144.24637606739998,1602.716154679656
3573.0597963295877,6.147730210795999,144.39154314808547,1602.716154679656
3574.270721649751,6.147730210795999,144.39154314808547,1603.3791572544724
3574.4259903933853,6.149140387773514,144.50399680435658,1603.3791572544724
3575.61783984676,6.149140387773514,144.50399680435658,1604.166560953483
3576.8196738231927,6.15399288572371,144.74177642911673,1604.166560953483
3578.285200316459,6.15399288572371,144.74177642911673,1605.0543796177953
3578.3770141750574,6.155392322689295,144.81088904477656,1605.0543796177953
3579.5389589797705,6.155392322689295,144.81088904477656,1605.812386220321
3579.6408663708717,6.156768765300512,144.87514674291015,1605.812386220321
3580.9898157157004,6.156768765300512,144.87514674291015,1606.7265928369015
3581.160584392026,6.158088728785515,145.03335333243012,1606.7265928369015
3582.1083001196384,6.158088728785515,145.03335333243012,1607.3494368065149
3583.4446272552013,6.162814565002918,145.17321208678186,1607.3494368065149
3584.6592456176877,6.162814565002918,145.17321208678186,1608.1069743148983
3584.760987220332,6.164578724652529,145.26569820567966,1608.1069743148983
3586.5947113744915,6.164578724652529,145.26569820567966,1609.2771965507418
3586.853113003075,6.166187392547727,145.4973688889295,1609.2771965507418
3587.515747876838,6.166187392547727,145.4973688889295,1609.6736177504063
3587.8078094907105,6.167933717370033,145.72609421797097,1609.6736177504063
3588.368144053966,6.167933717370033,145.72609421797097,1610.0560706183314
3589.6012877449393,6.172608012333512,145.76226725801826,1610.0560706183314
3590.4928933847696,6.172608012333512,145.76226725801826,1610.567346168682
3590.6856820527464,6.174323253333569,145.9392972495407,1610.567346168682
3591.2780780587345,6.174323253333569,145.9392972495407,1610.919170120731
3591.4532612152398,6.1757099106907845,146.08781518228352,1610.919170120731
3592.766703603789,6.1757099106907845,146.08781518228352,1611.6903458815068
3592.912431113422,6.177303681150079,146.1893523503095,1611.6903458815068
3594.1368281077594,6.177303681150079,146.1893523503095,1612.4419339448214
3595.43623945117,6.18443663045764,146.37840809859335,1612.4419339448214
3596.62551644817,6.18443663045764,146.37840809859335,1613.132761735469
3596.743632979691,6.1858693193644285,146.45120769366622,1613.132761735469
3597.672848954797,6.1858693193644285,146.45120769366622,1613.7493018843234
3597.8279859274626,6.187509369105101,146.50997032225132,1613.7493018843234
3599.009951064363,6.187509369105101,146.50997032225132,1614.6959930304438
3599.134080272168,6.188899252563715,146.58751536346972,1614.6959930304438
3600.3714975081384,6.188899252563715,146.58751536346972,1615.519931660965
3601.697052160278,6.193675700575113,146.79197007603943,1615.519931660965
3603.044720251113,6.193675700575113,146.79197007603943,1616.4333308525383
3603.135214138776,6.195099927484989,146.86766792275012,1616.4333308525383
3604.275634203106,6.195099927484989,146.86766792275012,1617.2700490280986
3604.4091001916677,6.196528462693095,146.97488654591143,1617.2700490280986
3605.3251057192683,6.196528462693095,146.97488654591143,1617.803940564394
3605.5653257109225,6.197976509109139,147.17963950522244,1617.803940564394
3606.2101072072983,6.197976509109139,147.17963950522244,1618.2479015141726
3607.686164399609,6.2026840671896935,147.24055928178132,1618.2479015141726
3608.5852300822735,6.2026840671896935,147.24055928178132,1618.5496061649173
3609.043038934469,6.204237965866923,147.3113500121981,1618.5496061649173
3610.1901066303253,6.204237965866923,147.3113500121981,1619.1428261306137
3610.387823579833,6.205938007682562,147.3801406957209,1619.1428261306137
3611.0317368768156,6.205938007682562,147.3801406957209,1619.5465785115957
3611.2664502188563,6.207448963075876,147.42937090061605,1619.5465785115957
3612.3025446273386,6.207448963075876,147.42937090061605,1619.8566667232662
3617.627826979384,6.212159477174282,147.64072021655738,1619.8566667232662
3619.1059440672398,6.212159477174282,147.64072021655738,1620.9584150798619
3619.234082719311,6.213622072711587,147.67782870307565,1620.9584150798619
3620.5173668507487,6.213622072711587,147.67782870307565,1621.683103242889
3620.672828271985,6.2149414177984,147.8168520424515,1621.683103242889
3621.666051723063,6.2149414177984,147.8168520424515,1622.1497007068247
3621.8167975153774,6.21634428575635,147.9307621344924,1622.1497007068247
3622.726034389809,6.21634428575635,147.9307621344924,1622.632506819442
3625.8499348331243,6.22954829595983,148.00690994039178,1622.632506819442
3627.1063870303333,6.22954829595983,148.00690994039178,1623.0828224867582
3627.288715766743,6.230887830257416,148.13642936758697,1623.0828224867582
3628.284465858713,6.230887830257416,148.13642936758697,1623.6519730892032
3628.544898752123,6.232352506369352,148.3485873285681,1623.6519730892032
3629.8066382445395,6.232352506369352,148.3485873285681,1624.5944114681333
3630.1470413524657,6.233837585896254,148.5193656180054,1624.5944114681333
3632.4161562509835,6.233837585896254,148.5193656180054,1626.1363471858203
3634.4231021683663,6.238392727449536,148.74872789345682,1626.1363471858203
3635.6703517995775,6.238392727449536,148.74872789345682,1626.8664271607995
3636.0548335108906,6.23986548371613,148.91964466497302,1626.8664271607995
3637.861814517528,6.23986548371613,148.91964466497302,1627.9251386709511
3638.139240439981,6.241315070539713,149.1613047681749,1627.9251386709511
3639.695765018463,6.241315070539713,149.1613047681749,1628.8854798004031
3639.900589047,6.242640927433968,149.31744486279786,1628.8854798004031
3641.308399597183,6.242640927433968,149.31744486279786,1629.8703294955194
3643.3977404907346,6.2565654050558805,149.43820121139288,1629.8703294955194
3645.398109626025,6.2565654050558805,149.43820121139288,1631.238620966673
3645.7093735653907,6.2582353968173265,149.61340731196105,1631.238620966673
3647.2253778669983,6.2582353968173265,149.61340731196105,1631.9953408278525
3647.3600567020476,6.259633330628276,149.7305672969669,1631.9953408278525
3648.525961490348,6.259633330628276,149.7305672969669,1632.67076703161
3648.699523760006,6.261016014963388,149.88043756596744,1632.67076703161
3649.916865594685,6.261016014963388,149.88043756596744,1633.4248941782862
3652.7031638715416,6.265728939324617,150.03832513280213,1633.4248941782862
3653.7596976403147,6.265728939324617,150.03832513280213,1634.0137883555144
3653.909023689106,6.267095316201448,150.1679170243442,1634.0137883555144
3655.4727086164057,6.267095316201448,150.1679170243442,1635.0755954701453
3655.7139843441546,6.268451169133186,150.31162065267563,1635.0755954701453
3657.1363853868097,6.268451169133186,150.31162065267563,1636.1195884495974
3657.3033699002117,6.269808882847428,150.46766897663474,1636.1195884495974
3658.871808115393,6.269808882847428,150.46766897663474,1637.1057883370668
3660.6444690823555,6.274625612422824,150.58521159738302,1637.1057883370668
3661.5619734395295,6.274625612422824,150.58521159738302,1637.7810118496418
3661.6971398815513,6.277647407725453,150.6220842897892,1637.7810118496418
3663.1228455901146,6.277647407725453,150.6220842897892,1638.5174673572183
3663.327523019165,6.279077533632517,150.7128301411867,1638.5174673572183
3664.1506611872464,6.279077533632517,150.7128301411867,1638.9240527953953
3664.2590379044414,6.2804503701627254,150.8127293009311,1638.9240527953953
3665.777158405632,6.2804503701627254,150.8127293009311,1639.7654566802084
3668.061083383858,6.285129522904754,151.0124633219093,1639.7654566802084
3669.450051596388,6.285129522904754,151.0124633219093,1640.6702737081796
3669.7131812907755,6.286772722378373,151.1703021787107,1640.6702737081796
3671.205959495157,6.286772722378373,151.1703021787107,1641.2889466434717
3671.298388838768,6.288190398365259,151.24199245497584,1641.2889466434717
3672.2329116296023,6.288190398365259,151.24199245497584,1641.6400647722185
3672.3232121858746,6.289524644613266,151.3090278543532,1641.6400647722185
3673.1351284831762,6.289524644613266,151.3090278543532,1641.9049740415066
3676.374563543126,6.294248320162296,151.35560982488096,1641.9049740415066
3677.336094116792,6.294248320162296,151.35560982488096,1642.3343217168003
3677.56836531125,6.298465725034475,151.55036413483322,1642.3343217168003
3678.653391715139,6.298465725034475,151.55036413483322,1642.9958114139736
3678.7291112467647,6.299910461530089,151.6001269929111,1642.9958114139736
3679.9221797436476,6.299910461530089,151.6001269929111,1643.9380632676184
3680.0502629876137,6.30130379833281,151.6858449038118,1643.9380632676184
3681.332934478298,6.30130379833281,151.6858449038118,1644.767628159374
3683.2606478482485,6.319318167865276,151.7338862195611,1644.767628159374
3684.5757754594088,6.319318167865276,151.7338862195611,1645.5213925689459
3684.810431526974,6.32081738486886,151.8260383196175,1645.5213925689459
3685.9331029318273,6.32081738486886,151.8260383196175,1645.9950323943049
3686.0671376548707,6.322353841736913,151.93530103191733,1645.9950323943049
3687.2280177082866,6.322353841736913,151.93530103191733,1646.5239234641194
3687.400930289179,6.323811756446958,152.02369908429682,1646.5239234641194
3688.5219223462045,6.323811756446958,152.02369908429682,1647.2778356410563
3691.3143177628517,6.328508211299777,152.1311278939247,1647.2778356410563
3691.9883211813867,6.328508211299777,152.1311278939247,1647.7548193465918
3692.2917571738362,6.330979784950614,152.18860423192382,1647.7548193465918
3693.822500521317,6.330979784950614,152.18860423192382,1648.5833975020796
3693.9548722952604,6.332335740327835,152.2409758362919,1648.5833975020796
3695.293508661911,6.332335740327835,152.2409758362919,1649.455107819289
3695.551060948521,6.333768624812365,152.4476791638881,1649.455107819289
3697.1743929348886,6.333768624812365,152.4476791638881,1650.051413103938
3700.9619597997516,6.339938195422292,152.52824055217206,1650.051413103938
3702.425503404811,6.339938195422292,152.52824055217206,1650.6259066481143
3702.493679240346,6.341304421424866,152.5758786611259,1650.6259066481143
3703.5930917281657,6.341304421424866,152.5758786611259,1651.3353149238974
3703.6397676467896,6.342935800552368,152.61279581300914,1651.3353149238974
3704.9601755272597,6.342935800552368,152.61279581300914,1652.1320467628539
3705.232718607411,6.344374258071184,152.84348880127072,1652.1320467628539
3707.1881769467145,6.344374258071184,152.84348880127072,1653.3535299692303
3710.05271560885,6.349198266863823,152.9421565514058,1653.3535299692303
3711.3181490469724,6.349198266863823,152.9421565514058,1653.7831037063152
3711.496925059706,6.350635204464197,153.09659637883306,1653.7831037063152
3712.693840779364,6.350635204464197,153.09659637883306,1654.1403371896595
3713.1168569028378,6.352227654308081,153.23654211126268,1654.1403371896595
3713.888824155554,6.352227654308081,153.23654211126268,1654.682522688061
3714.18500376679,6.353753050789237,153.50577694177628,1654.682522688061
3715.9620284587145,6.353753050789237,153.50577694177628,1655.670724151656
3718.5969097204506,6.358457837253809,153.5982162170112,1655.670724151656
3719.970465004444,6.358457837253809,153.5982162170112,1656.4247196242213
3720.0440378263593,6.359889253973961,153.64307147450745,1656.4247196242213
3720.799705900252,6.359889253973961,153.64307147450745,1656.7694962341338
3721.014814833179,6.36122764647007,153.82371318154037,1656.7694962341338
3722.380312792957,6.36122764647007,153.82371318154037,1657.5362772326916
3722.514057982713,6.362803524360061,153.9275916069746,1657.5362772326916
3723.6362180933356,6.362803524360061,153.9275916069746,1657.9776044748724
3726.2920753527433,6.369549956172705,153.9630924835801,1657.9776044748724
3727.488010983914,6.369549956172705,153.9630924835801,1658.4078420121223
3727.635107565671,6.371124343946576,154.08841004036367,1658.4078420121223
3728.5494328960776,6.371124343946576,154.08841004036367,1658.9096895083785
3728.7638663202524,6.372574733570218,154.23970871977508,1658.9096895083785
3729.8121671527624,6.372574733570218,154.23970871977508,1659.5509859286249
3730.037145620212,6.374456165358424,154.38000685162842,1659.5509859286249
3731.370535885915,6.374456165358424,154.38000685162842,1660.2321802452207
3733.545110180974,6.379380786791444,154.4882137682289,1660.2321802452207
3734.678214225918,6.379380786791444,154.4882137682289,1660.9070810489357
3734.8129382431507,6.380945045500994,154.604038272053,1660.9070810489357
3735.966122565791,6.380945045500994,154.604038272053,1661.6229306086898
3736.266058618203,6.382462481036782,154.84596968628466,1661.6229306086898
3737.203606342897,6.382462481036782,154.84596968628466,1662.2946569751948
3737.4226515907794,6.3839026764035225,155.01841314136982,1662.2946569751948
3738.553792901337,6.3839026764035225,155.01841314136982,1663.0013816896826
3740.6654770243913,6.395833395421505,155.07650131359696,1663.0013816896826
3742.2041194643825,6.395833395421505,155.07650131359696,1663.969188341871
3742.3473452758044,6.3972365614026785,155.19805001281202,1663.969188341871
3743.2902018819004,6.3972365614026785,155.19805001281202,1664.4756271336228
3743.3920967113227,6.398670757189393,155.27793845161796,1664.4756271336228
3744.481865108013,6.398670757189393,155.27793845161796,1664.9879321604967
3744.6704542394727,6.400035351514816,155.42372680455446,1664.9879321604967
3746.194930590689,6.400035351514816,155.42372680455446,1665.7213821671903
3749.2072056643665,6.424177929759026,155.52626850456,1665.7213821671903
3750.443652421236,6.424177929759026,155.52626850456,1666.6244955901057
3750.6559810955077,6.425514502450824,155.69415194168687,1666.6244955901057
3752.0489941202104,6.425514502450824,155.69415194168687,1667.6679996643215
3752.117124773562,6.426878597587347,155.7447906471789,1667.6679996643215
3753.0642679724842,6.426878597587347,155.7447906471789,1668.1375352535397
3753.1236949358135,6.428308334201574,155.78107623942196,1668.1375352535397
3754.457496980205,6.428308334201574,155.78107623942196,1668.5750014502555
3755.6077515147626,6.43295712955296,155.88150790147483,1668.5750014502555
3756.729267016053,6.43295712955296,155.88150790147483,1669.267496470362
3756.9352635052055,6.434416325762868,156.0737992208451,1669.267496470362
3758.6186794731766,6.434416325762868,156.0737992208451,1670.3758737295866
3758.7905878517777,6.43579613044858,156.21983925625682,1670.3758737295866
3759.517618851736,6.43579613044858,156.21983925625682,1670.8840863052756
3759.708605647087,6.437251565977931,156.40043496340513,1670.8840863052756
3760.6479210760444,6.437251565977931,156.40043496340513,1671.4114730041474
3762.4646675996482,6.4418901819735765,156.54913486912847,1671.4114730041474
3764.5995039697737,6.4418901819735765,156.54913486912847,1673.1418125405908
3764.7992045655847,6.4434690196067095,156.65615058131516,1673.1418125405908
3765.7770012952387,6.4434690196067095,156.65615058131516,1673.7841185759753
3766.0090720709413,6.444898745045066,156.87236760929227,1673.7841185759753
3767.477052481845,6.444898745045066,156.87236760929227,1674.8067947048694
3767.7220534347,6.44625610858202,157.08585441857576,1674.8067947048694
3769.377537418157,6.44625610858202,157.08585441857576,1675.7872403748333
3771.52999936603,6.451015925034881,157.16923083923757,1675.7872403748333
3772.289724815637,6.451015925034881,157.16923083923757,1676.0876773577183
3772.4204334132373,6.452873269096017,157.29059301503003,1676.0876773577183
3773.2739975973964,6.452873269096017,157.29059301503003,1676.3856887686998
3773.410208934918,6.45510258898139,157.39920579828322,1676.3856887686998
3774.045756747946,6.45510258898139,157.39920579828322,1676.7754107527435
3774.2295123040676,6.4564931355416775,157.5583087336272,1676.7754107527435
3775.2860524728894,6.4564931355416775,157.5583087336272,1677.2169876042753
3776.488170903176,6.46111635863781,157.69292519427836,1677.2169876042753
3777.8513539731503,6.46111635863781,157.69292519427836,1678.1752986721694
3777.9334118030965,6.462512193247676,157.75493814609945,1678.1752986721694
3778.683007899672,6.462512193247676,157.75493814609945,1678.7791866399348
3778.83547122404,6.463806677609682,157.89658361300826,1678.7791866399348
3779.8936517760158,6.463806677609682,157.89658361300826,1679.3224657699466
3780.0155832711607,6.4651799239218235,157.9926801994443,1679.3224657699466
3780.8214821573347,6.4651799239218235,157.9926801994443,1680.0034592337906
3782.1146035715938,6.478788772597909,158.12288628704846,1680.0034592337906
3782.778708888218,6.478788772597909,158.12288628704846,1680.5010804813355
3782.976253354922,6.480220900848508,158.2587487976998,1680.5010804813355
3783.9941239040345,6.480220900848508,158.2587487976998,1681.1247958820313
3784.208243051544,6.481682527810335,158.45852084457874,1681.1247958820313
3785.623626669869,6.481682527810335,158.45852084457874,1681.8854967411608
3785.7012096755207,6.482998630031943,158.50675574317575,1681.8854967411608
3786.4467343725264,6.482998630031943,158.50675574317575,1682.4211060311645
3787.655561596155,6.489936646074057,158.5776095278561,1682.4211060311645
3789.099754150957,6.489936646074057,158.5776095278561,1683.4120727796108
3789.331772968173,6.491442834958434,158.79629102163017,1683.4120727796108
3790.93945206888,6.491442834958434,158.79629102163017,1684.551040129736
3791.187361795455,6.498764667659998,159.0030210055411,1684.551040129736
3792.4740447960794,6.498764667659998,159.0030210055411,1685.4754313919693
3792.659583294764,6.500258766114712,159.1412852909416,1685.4754313919693
3793.555284993723,6.500258766114712,159.1412852909416,1686.1078191436827
3794.8177877627313,6.504992784932256,159.28255561366677,1686.1078191436827
3795.7926269881427,6.504992784932256,159.28255561366677,1686.6458401922137
3796.097417514771,6.506271496415138,159.56021600402892,1686.6458401922137
3797.598832476884,6.506271496415138,159.56021600402892,1687.5136870127171
3797.752672808245,6.5076795015484095,159.68980422988534,1687.5136870127171
3799.449866788462,6.5076795015484095,159.68980422988534,1688.7764239162207
3799.6998130232096,6.509045146405697,159.9088140577078,1688.7764239162207
3800.7506906203926,6.509045146405697,159.9088140577078,1689.3980941716582
3802.239844519645,6.52647159434855,160.14007856324315,1689.3980941716582
3803.4095418453217,6.52647159434855,160.14007856324315,1690.2606936264783
3803.562206275761,6.528006112203002,160.27976210415363,1690.2606936264783
3804.7552638985217,6.528006112203002,160.27976210415363,1691.2187302764505
3804.9023353755474,6.529650880023837,160.38951955921948,1691.2187302764505
3806.16082229279,6.529650880023837,160.38951955921948,1692.1786996237934
3806.3033375870436,6.531036786735058,160.49192276969552,1692.1786996237934
3807.549501521513,6.531036786735058,160.49192276969552,1692.8806083668023
3808.525942198932,6.535745583474636,160.5986733622849,1692.8806083668023
3809.9157935921103,6.535745583474636,160.5986733622849,1693.7246726173908
3809.964478019625,6.537271220237017,160.63531989231706,1693.7246726173908
3811.5166277159005,6.537271220237017,160.63531989231706,1694.4924575164914
3811.677405850962,6.539108891040087,160.7540673930198,1694.4924575164914
3812.8033803943545,6.539108891040087,160.7540673930198,1695.2467635888606
3812.96506286785,6.551488058641553,160.89071652852,1695.2467635888606
3813.727102190256,6.551488058641553,160.89071652852,1695.700308766216
3815.8874783590436,6.556185705587268,161.07585240155458,1695.700308766216
3816.7008435092866,6.556185705587268,161.07585240155458,1696.274581829086
3816.9341250211,6.557521242648363,161.26338434778154,1696.274581829086
3818.5162134580314,6.557521242648363,161.26338434778154,1697.245092554018
3818.6286441124976,6.558984277769923,161.36529123969376,1697.245092554018
3819.6413111761212,6.558984277769923,161.36529123969376,1697.8635566476732
3819.9011907037348,6.560626517981291,161.50236839614809,1697.8635566476732
3822.0402206480503,6.560626517981291,161.50236839614809,1698.8544591218233
3823.8989726118743,6.565286794677377,161.64999564364552,1698.8544591218233
3825.206095583737,6.565286794677377,161.64999564364552,1699.8319940622896
3825.325245084241,6.566662950441241,161.76036830805242,1699.8319940622896
3826.940502487123,6.566662950441241,161.76036830805242,1700.6934899333864
3827.0281105190516,6.568194169551134,161.82173868827522,1700.6934899333864
3827.9580442644656,6.568194169551134,161.82173868827522,1701.274413779378
3828.063720604405,6.569691207259893,161.91711853258312,1701.274413779378
3829.4579271525145,6.569691207259893,161.91711853258312,1702.1750640198588
3830.832157963887,6.57435879483819,162.02351060695946,1702.1750640198588
3832.1938665192574,6.57435879483819,162.02351060695946,1702.7443821318448
3832.307995973155,6.575862422585487,162.0886739604175,1702.7443821318448
3832.794749069959,6.575862422585487,162.0886739604175,1703.1253110915422
3832.9113687723875,6.577400939539075,162.18632131628692,1703.1253110915422
3834.0179376844317,6.577400939539075,162.18632131628692,1703.5127028208226
3834.4135821834207,6.578876595944166,162.38158105313778,1703.5127028208226
3835.2434001471847,6.578876595944166,162.38158105313778,1703.8834804780781
3838.4020318351686,6.583662251010537,162.48039500787854,1703.8834804780781
3839.599039591849,6.583662251010537,162.48039500787854,1704.511397574097
3839.800374902785,6.587307306006551,162.64018793031573,1704.511397574097
3840.676868563518,6.587307306006551,162.64018793031573,1704.9450618792325
3840.815777199343,6.588760742917657,162.72261951863766,1704.9450618792325
3842.0814941227436,6.588760742917657,162.72261951863766,1705.8020040802658
3842.334296165034,6.590262921527028,162.93116104975343,1705.8020040802658
3843.7182969208807,6.590262921527028,162.93116104975343,1706.5462488420308
3845.7956094313413,6.594983926042914,163.07488350570202,1706.5462488420308
3847.3489703331143,6.594983926042914,163.07488350570202,1707.4992615226656
3847.6202144715935,6.596581054851413,163.22647327557206,1707.4992615226656
3848.627047436312,6.596581054851413,163.22647327557206,1708.1521070338786
3848.6805733442307,6.597909828647971,163.27122630365193,1708.1521070338786
3849.5847745612264,6.597909828647971,163.27122630365193,1708.586953382939
3849.7158321775496,6.599326154217124,163.3795357234776,1708.586953382939
3850.640136383474,6.599326154217124,163.3795357234776,1709.0397183597088
3852.540903080255,6.603949088603258,163.4223025944084,1709.0397183597088
3853.8346768599004,6.603949088603258,163.4223025944084,1709.7689960822463
3853.983293566853,6.6053751446306705,163.5604231711477,1709.7689960822463
3854.8731903359294,6.6053751446306705,163.5604231711477,1710.2639281693846
3855.029535971582,6.606951544061303,163.60237113758922,1710.2639281693846
3855.626187728718,6.606951544061303,163.60237113758922,1710.6783287450671
3855.8054173365235,6.608507212251425,163.6746043972671,1710.6783287450671
3857.1542878430337,6.608507212251425,163.6746043972671,1711.5312166977674
3860.5245776101947,6.613379640504718,163.8745948728174,1711.5312166977674
3861.7919877115637,6.613379640504718,163.8745948728174,1711.9636453539133
3861.9497410841286,6.6148004829883575,164.00505182892084,1711.9636453539133
3862.9203514996916,6.6148004829883575,164.00505182892084,1712.6462268624455
3863.262389022857,6.616308463737369,164.17073291912675,1712.6462268624455
3864.4366138614714,6.616308463737369,164.17073291912675,1713.2140909954906
3864.6866750437766,6.617703290656209,164.26612427271903,1713.2140909954906
3866.554852211848,6.617703290656209,164.26612427271903,1714.0022105053067
3871.551392359659,6.630941022187471,164.35393736883998,1714.0022105053067
3873.1445415187627,6.630941022187471,164.35393736883998,1714.6159585565329
3873.234954772517,6.63228802755475,164.4151252489537,1714.6159585565329
3873.9408187698573,6.63228802755475,164.4151252489537,1714.9513873700052
3874.1603067237884,6.633723493665457,164.62385537475348,1714.9513873700052
3875.6043849866837,6.633723493665457,164.62385537475348,1715.6934617981315
3875.6867556758225,6.635088698938489,164.6872551832348,1715.6934617981315
3877.6064812596887,6.635088698938489,164.6872551832348,1716.8903661947697
3880.2977938558906,6.639971688389778,164.83302265778184,1716.8903661947697
3881.2088205628097,6.639971688389778,164.83302265778184,1717.332238316536
3881.5836427602917,6.641585448756814,164.91026850230992,1717.332238316536
3882.755060251802,6.641585448756814,164.91026850230992,1717.7576309330761
3882.8828235678375,6.642977632582188,165.01782219856977,1717.7576309330761
3884.231738895178,6.642977632582188,165.01782219856977,1718.2187948469073
3884.2989194244146,6.644440598785877,165.06546916998923,1718.2187948469073
3885.179595200345,6.644440598785877,165.06546916998923,1718.7728742286563
3888.0371897108853,6.6558429673314095,165.19506907090545,1718.7728742286563
3889.110677175224,6.6558429673314095,165.19506907090545,1719.1955942884088
3889.208894651383,6.657414294779301,165.26923571527004,1719.1955942884088
3890.3163621071726,6.657414294779301,165.26923571527004,1719.889841236174
3890.5027923360467,6.658690188080072,165.43942882865667,1719.889841236174
3892.307178746909,6.658690188080072,165.43942882865667,1721.063942907378
3892.5630477871746,6.660101342946291,165.6669798810035,1721.063942907378
3893.5832534562796,6.660101342946291,165.6669798810035,1721.6756664346904
3896.4307235591114,6.677790658548474,165.73381492123008,1721.6756664346904
3897.1457182150334,6.677790658548474,165.73381492123008,1722.0615183021873
3897.212986147031,6.679202942177653,165.79057826846838,1722.0615183021873
3904.0152534339577,6.679202942177653,165.79057826846838,1723.0098625682294
3904.070994284004,6.6806324273347855,165.82677715085447,1723.0098625682294
3905.47003669478,6.6806324273347855,165.82677715085447,1724.2522103637457
3905.7130873110145,6.682034034281969,166.03674316219985,1724.2522103637457
3906.880075039342,6.682034034281969,166.03674316219985,1724.713398911059
3908.208663923666,6.686754109337926,166.22788931056857,1724.713398911059
3909.5766248796135,6.686754109337926,166.22788931056857,1725.494960669428
3909.737675394863,6.688119634985924,166.36210993677378,1725.494960669428
3910.777752351016,6.688119634985924,166.36210993677378,1726.2982715666294
3910.928471069783,6.689473491162062,166.4921672269702,1726.2982715666294
3911.741965191439,6.689473491162062,166.4921672269702,1726.7574557252228
3911.8379685990512,6.690791934728622,166.5598474740982,1726.7574557252228
3912.9861165843904,6.690791934728622,166.5598474740982,1727.410377960652
3915.17384063825,6.703344848006964,166.7058989070356,1727.410377960652
3915.9871326982975,6.703344848006964,166.7058989070356,1727.7121857739985
3916.197255251929,6.704696584492922,166.9025862943381,1727.7121857739985
3916.752267325297,6.704696584492922,166.9025862943381,1728.0167464446276
3916.9800648931414,6.706341356039047,167.10015418753028,1728.0167464446276
3918.0223352443427,6.706341356039047,167.10015418753028,1728.6681466717273
3918.099429404363,6.707763481885195,167.16496897675097,1728.6681466717273
3919.2762605231255,6.707763481885195,167.16496897675097,1729.4373677149415
3920.652451682836,6.7123612854629755,167.31173619255424,1729.4373677149415
3922.258488988504,6.7123612854629755,167.31173619255424,1730.679133374244
3922.4686230644584,6.7137293089181185,167.50029325298965,1730.679133374244
3924.2629055138677,6.7137293089181185,167.50029325298965,1732.064278498292
3924.5042990799993,6.715187106281519,167.7007081080228,1732.064278498292
3925.9774304460734,6.715187106281519,167.7007081080228,1733.0119024273008
3926.266420343891,6.7166328225284815,167.85482186824083,1733.0119024273008
3927.791319835931,6.7166328225284815,167.85482186824083,1734.0295861456543
3929.8579791840166,6.725658258423209,167.93332853727043,1734.0295861456543
3931.392744515091,6.725658258423209,167.93332853727043,1735.084731131792
3931.60052013956,6.7270044311881065,168.12459615804255,1735.084731131792
3932.6654528249055,6.7270044311881065,168.12459615804255,1735.789365844801
3932.851775376126,6.729819823056459,168.17964008264244,1735.789365844801
3933.837230099365,6.729819823056459,168.17964008264244,1736.2721393406391
3933.906554978341,6.7316888477653265,168.22222726233304,1736.2721393406391
3934.6214779186994,6.7316888477653265,168.22222726233304,1736.6278905104846
3937.1309833135456,6.736209319904447,168.31256740540266,1736.6278905104846
3938.092575740069,6.736209319904447,168.31256740540266,1737.1731521263719
3938.361444491893,6.737588515505195,168.51689133420587,1737.1731521263719
3939.9471985008568,6.737588515505195,168.51689133420587,1737.9130922183394
3940.0834772158414,6.738965163007379,168.577172126621,1737.9130922183394
3941.690334731713,6.738965163007379,168.577172126621,1738.4407623764127
3941.8638430479914,6.74037167057395,168.73496956564486,1738.4407623764127
3943.2287272084504,6.74037167057395,168.73496956564486,1738.7936842739582
3947.06342962943,6.744902573525906,168.7857116945088,1738.7936842739582
3948.0630506630987,6.744902573525906,168.7857116945088,1739.066671980545
3948.1477347947657,6.746368620544672,168.8383336290717,1739.066671980545
3949.915171554312,6.746368620544672,168.8383336290717,1739.8673523124307
3950.0686484444886,6.747908579185605,168.96320846490562,1739.8673523124307
3951.4901613518596,6.747908579185605,168.96320846490562,1740.8569012638181
3951.6028789132833,6.749317264184356,169.05353564955294,1740.8569012638181
3953.1731937956065,6.749317264184356,169.05353564955294,1741.8524425756186
3955.5976244434714,6.7568647749722,169.20714282244444,1741.8524425756186
3957.1171483956277,6.7568647749722,169.20714282244444,1742.2962911073118
3957.3907629437745,6.758287252858281,169.26837489381433,1742.2962911073118
3958.386308627203,6.758287252858281,169.26837489381433,1742.6875704284757
3958.5406208019704,6.759680349379778,169.40907587856054,1742.6875704284757
3960.2532565314323,6.759680349379778,169.40907587856054,1743.3828762173653
3960.3632558956742,6.761096678674221,169.49382595159113,1743.3828762173653
3961.377236975357,6.761096678674221,169.49382595159113,1743.9848043937236
3962.7974885627627,6.7668870240449905,169.60819826461375,1743.9848043937236
3964.510797139257,6.7668870240449905,169.60819826461375,1745.108152989298
3964.7409177310765,6.768290430307388,169.82920513115823,1745.108152989298
3966.2391569279134,6.768290430307388,169.82920513115823,1746.0103671960533
3966.501479608938,6.769734853878617,169.99898215942085,1746.0103671960533
3968.1955865845084,6.769734853878617,169.99898215942085,1747.030683265999
3968.3522952124476,6.771180722862482,170.13835038244724,1747.030683265999
3970.1489235106856,6.771180722862482,170.13835038244724,1748.2542724385858
3972.0206721797585,6.783007491379976,170.1768569983542,1748.2542724385858
3972.847637059167,6.783007491379976,170.1768569983542,1748.7077166195959
3972.9105105195194,6.784511160105467,170.2136912830174,1748.7077166195959
3974.4920856058598,6.784511160105467,170.2136912830174,1749.304217690602
3974.8805855177343,6.786063559353352,170.38903360255063,1749.304217690602
3976.368463659659,6.786063559353352,170.38903360255063,1750.2577969059348
3976.5694751199335,6.787426844239235,170.56197227723897,1750.2577969059348
3977.5731200743467,6.787426844239235,170.56197227723897,1750.9737233240157
3980.892627891153,6.796279115602374,170.64145919308066,1750.9737233240157
3981.924264807254,6.796279115602374,170.64145919308066,1751.6597546562552
3982.243675528094,6.797837924212217,170.80800200253725,1751.6597546562552
3983.437990596518,6.797837924212217,170.80800200253725,1752.2557345889509
3983.6014558784664,6.799238387495279,170.95162983052433,1752.2557345889509
3984.8452483825386,6.799238387495279,170.95162983052433,1753.1152217648923
3985.028134679422,6.800667950883508,171.1124140638858,1753.1152217648923
3986.3769375272095,6.800667950883508,171.1124140638858,1753.8448413740844
3989.380834631622,6.808374831452966,171.19949764758348,1753.8448413740844
3990.2661126796156,6.808374831452966,171.19949764758348,1754.3395106699318
3990.378853963688,6.809951798990369,171.29001391679049,1754.3395106699318
3991.2411147039384,6.809951798990369,171.29001391679049,1754.9231524784118
3991.4447173923254,6.811545817181468,171.3854838926345,1754.9231524784118
3993.2604460716248,6.811545817181468,171.3854838926345,1756.159145532176
3993.4497760068625,6.813256738707423,171.52593408338726,1756.159145532176
3994.899793431163,6.813256738707423,171.52593408338726,1757.2620400562882
3998.2979883998632,6.821019262075424,171.61896674707532,1757.2620400562882
3999.4651428833604,6.821019262075424,171.61896674707532,1757.7243472542614
3999.563813539222,6.8224618174135685,171.7019069250673,1757.7243472542614
4000.5441004037857,6.8224618174135685,171.7019069250673,1758.3081175647676
4000.683417264372,6.823955355212092,171.83122908510268,1758.3081175647676
4002.342992234975,6.823955355212092,171.83122908510268,1759.1618304569274
4002.5699446722865,6.825440902262926,172.03744664788246,1759.1618304569274
4004.0640041362494,6.825440902262926,172.03744664788246,1759.7559995986521
4007.5608033165336,6.8304653242230415,172.1503967884928,1759.7559995986521
4008.6383607108146,6.8304653242230415,172.1503967884928,1760.3497716635466
4008.764555072412,6.8320006020367146,172.2485891263932,1760.3497716635466
4009.6736538112164,6.8320006020367146,172.2485891263932,1760.720286078751
4009.734415596351,6.8334449250251055,172.29684972018003,1760.720286078751
4011.0650553349406,6.8334449250251055,172.29684972018003,1761.396417113021
4011.182827072218,6.8348939418792725,172.3961131479591,1761.396417113021
4012.3992882911116,6.8348939418792725,172.3961131479591,1762.0648596081883
4014.3402200117707,6.839774781838059,172.61804643273354,1762.0648596081883
4015.50467418693,6.839774781838059,172.61804643273354,1762.789085995406
4015.592816432938,6.841216217726469,172.69376496970654,1762.789085995406
4016.8166311867535,6.841216217726469,172.69376496970654,1763.253658194095
4016.893012939021,6.842721685767174,172.75030015595257,1763.253658194095
4017.7387491203845,6.842721685767174,172.75030015595257,1763.8993257191032
4018.031668493524,6.844209281727672,173.02903301268816,1763.8993257191032
4019.228235611692,6.844209281727672,173.02903301268816,1764.6096430700272
4021.5227080788463,6.8490496426820755,173.12753723561764,1764.6096430700272
4022.742386179045,6.8490496426820755,173.12753723561764,1765.07893149741
4022.8937067613006,6.850525097921491,173.261298796162,1765.07893149741
4024.191615846008,6.850525097921491,173.261298796162,1765.7799407783896
4024.3918772041798,6.852044578641653,173.43371250480413,1765.7799407783896
4025.8585039991885,6.852044578641653,173.43371250480413,1766.4871301632375
4026.0524325612932,6.853404922410846,173.6094933245331,1766.4871301632375
4027.3156927637756,6.853404922410846,173.6094933245331,1767.1589570194483
4029.1004767753184,6.860644213855267,173.77684335969388,1767.1589570194483
4030.286139115691,6.860644213855267,173.77684335969388,1767.8016889244318
4030.6354167833924,6.862188369035721,174.0127710904926,1767.8016889244318
4031.4666837919503,6.862188369035721,174.0127710904926,1768.3757156282663
4031.736531374976,6.86373483762145,174.25222079269588,1768.3757156282663
4032.981644535437,6.86373483762145,174.25222079269588,1768.9919177163392
4033.2031512316316,6.865211946889758,174.443582046777,1768.9919177163392
4033.9326020460576,6.865211946889758,174.443582046777,1769.437104512006
4035.3533992134035,6.870256297290325,174.61591294407845,1769.437104512006
4036.7011982761323,6.870256297290325,174.61591294407845,1770.3936617150903
4037.0153871513903,6.871930558234453,174.7355668283999,1770.3936617150903
4037.771091295406,6.871930558234453,174.7355668283999,1770.936264988035
4037.9524684976786,6.873379675671458,174.9004912097007,1770.936264988035
4039.1879490111023,6.873379675671458,174.9004912097007,1771.3146514892578
4039.2849581297487,6.8748235907405615,174.9824327994138,1771.3146514892578
4040.786924995482,6.8748235907405615,174.9824327994138,1772.0539352614433
4043.0664936397225,6.879473216831684,175.162239395082,1772.0539352614433
4043.853902315721,6.879473216831684,175.162239395082,1772.5553428977728
4044.0155610069633,6.880926562473178,175.29315279051661,1772.5553428977728
4045.230761282146,6.880926562473178,175.29315279051661,1773.1897584516555
4045.414898565039,6.882389411330223,175.44731720536947,1773.1897584516555
4046.466497251764,6.882389411330223,175.44731720536947,1773.5205881334841
4046.595117939636,6.883853279054165,175.54966471157968,1773.5205881334841
4047.640449171886,6.883853279054165,175.54966471157968,1774.2451673671603
4049.8947560563684,6.888767337426543,175.60092302970588,1774.2451673671603
4050.752102890983,6.888767337426543,175.60092302970588,1774.6616603378206
4050.865628272295,6.890368938446045,175.673319356516,1774.6616603378206
4052.3118592519313,6.890368938446045,175.673319356516,1775.425192097202
4052.7073725387454,6.891872026026249,175.81662718206644,1775.425192097202
4054.0052425879985,6.891872026026249,175.81662718206644,1776.0773174185306
4054.3050183411688,6.893520096316934,175.91224845312536,1776.0773174185306
4055.5414314549416,6.893520096316934,175.91224845312536,1776.6468446459621
4058.4624214004725,6.8990472089499235,176.2921768128872,1776.6468446459621
4059.547191414982,6.8990472089499235,176.2921768128872,1777.1231623124331
4059.7960098050535,6.900487525388598,176.51678322814405,1777.1231623124331
4060.806005783379,6.900487525388598,176.51678322814405,1777.5005517173558
4060.878109063953,6.901971140876412,176.5609526950866,1777.5005517173558
4062.0024163667113,6.901971140876412,176.5609526950866,1778.108838453889
4062.2309180330485,6.9034244902431965,176.75168198160827,1778.108838453889
4063.1374464761466,6.9034244902431965,176.75168198160827,1778.6708191744983
4065.4145377408713,6.908200535923243,176.86239927075803,1778.6708191744983
4066.353400187567,6.908200535923243,176.86239927075803,1779.1626039650291
4066.6511932034045,6.909690396860242,177.11958504281938,1779.1626039650291
4068.274329846725,6.909690396860242,177.11958504281938,1780.284574393183
4068.338718248531,6.911178635433316,177.17470378242433,1780.284574393183
4069.986003164202,6.911178635433316,177.17470378242433,1781.2821097057313
4070.1143555678427,6.914403792470694,177.28796950913966,1781.2821097057313
4071.1569055840373,6.914403792470694,177.28796950913966,1781.8440047930926
4075.515562400222,6.9192759189754725,177.36874897032976,1781.8440047930926
4076.6798059269786,6.9192759189754725,177.36874897032976,1782.352724827826
4076.8356644026935,6.920702354982495,177.44058958627284,1782.352724827826
4077.9573602192104,6.920702354982495,177.44058958627284,1782.989983836189
4078.198519838974,6.922149362042546,177.65090443007648,1782.989983836189
4079.5965933632106,6.922149362042546,177.65090443007648,1783.821510726586
4079.953247560188,6.923586919903755,177.85465236380696,1783.821510726586
4081.074285104871,6.923586919903755,177.85465236380696,1784.5215168166906
4083.22203576006,6.928313218057156,178.02583832107484,1784.5215168166906
4084.3239918649197,6.928313218057156,178.02583832107484,1785.3970227949321
4084.5334637351334,6.9298051334917545,178.2154267281294,1785.3970227949321
4086.1120253484696,6.9298051334917545,178.2154267281294,1786.57376290299
4086.2365457285196,6.931239431723952,178.32013454660773,1786.57376290299
4087.8213369064033,6.931239431723952,178.32013454660773,1787.4873675704002
4087.929312404245,6.9327040165662766,178.41230036504567,1787.4873675704002
4089.5066544953734,6.9327040165662766,178.41230036504567,1788.6067806687206
4091.2512851115316,6.937822809442878,178.47171834483743,1788.6067806687206
4092.7401243522763,6.937822809442878,178.47171834483743,1789.7875422909856
4093.027146924287,6.9393194280564785,178.7336368560791,1789.7875422909856
4094.6906707230955,6.9393194280564785,178.7336368560791,1790.7457096446306
4094.8843684755266,6.94082479737699,178.8921426422894,1790.7457096446306
4095.769909527153,6.94082479737699,178.8921426422894,1791.1992236766964
4095.9212195798755,6.942289113998413,179.01815333403647,1791.1992236766964
4097.019928909838,6.942289113998413,179.01815333403647,1791.8631108459085
4099.420608935878,6.949294524267316,179.2325313873589,1791.8631108459085
4101.091875819489,6.949294524267316,179.2325313873589,1793.233730752021
4101.410394638777,6.958062985911965,179.50947506539524,1793.233730752021
4102.554206324741,6.958062985911965,179.50947506539524,1793.8282012529671
4102.754796212539,6.959466300904751,179.6833090800792,1793.8282012529671
4104.261806247756,6.959466300904751,179.6833090800792,1794.5603536237031
4104.386926172301,6.960947075858712,179.772945843637,1794.5603536237031
4105.458507616073,6.960947075858712,179.772945843637,1795.0607552453876
4107.910617975518,6.9655328579247,179.8171977251768,1795.0607552453876
4109.010035270825,6.9655328579247,179.8171977251768,1795.7499464098364
4109.305750440806,6.967136807739735,179.93177375383675,1795.7499464098364
4110.579624002799,6.967136807739735,179.93177375383675,1796.4170700702816
4110.812109807506,6.9787336606532335,180.04085717350245,1796.4170700702816
4111.9202849417925,6.9787336606532335,180.04085717350245,1797.1267823912203
4112.12694035098,6.980185355991125,180.2215107753873,1797.1267823912203
4113.313187927008,6.980185355991125,180.2215107753873,1797.6084460802376
4115.053640795872,6.991423221305013,180.44902338832617,1797.6084460802376
4116.297912284732,6.991423221305013,180.44902338832617,1798.57793039456
4116.457963420078,6.99310134164989,180.58496811240911,1798.57793039456
4117.548308460042,6.99310134164989,180.58496811240911,1799.470157891512
4117.668821688741,6.9945241287350655,180.69581460393965,1799.470157891512
4118.51420930773,6.9945241287350655,180.69581460393965,1799.9765145946294
4118.786008931696,6.995995044708252,180.92195936106145,1799.9765145946294
4119.894353499636,6.995995044708252,180.92195936106145,1800.4030918553472
4122.079870739952,7.000859914347529,180.9615963269025,1800.4030918553472
4123.140479326248,7.000859914347529,180.9615963269025,1801.114050079137
4123.482652308419,7.002322660759091,181.21819109283388,1801.114050079137
4124.5200080070645,7.002322660759091,181.21819109283388,1801.6260238271207
4124.597779562697,7.003689184784889,181.27950563654304,1801.6260238271207
4126.0145749896765,7.003689184784889,181.27950563654304,1802.6585232485086
4126.172432424501,7.005302904173732,181.37620022892952,1802.6585232485086
4128.189351763576,7.005302904173732,181.37620022892952,1803.8279932811856
4130.57387656346,7.017240663990378,181.4240229949355,1803.8279932811856
4131.625492274761,7.017240663990378,181.4240229949355,1804.6940381117165
4131.762914216146,7.018730221316218,181.54153418913484,1804.6940381117165
4133.116989552975,7.018730221316218,181.54153418913484,1805.228824466467
4133.232724335045,7.020215546712279,181.6437172330916,1805.228824466467
4135.024794375524,7.020215546712279,181.6437172330916,1806.039784077555
4135.34224678576,7.021771194413304,181.78425340913236,1806.039784077555
4136.415763149038,7.021771194413304,181.78425340913236,1806.4801696315408
4138.675125617534,7.026567151769996,181.96514777466655,1806.4801696315408
4139.949782559648,7.026567151769996,181.96514777466655,1807.0585043672472
4140.212151572108,7.028061447665095,182.17690271884203,1807.0585043672472
4141.202202625573,7.028061447665095,182.17690271884203,1807.355929782614
4141.422733958811,7.02953433431685,182.38006382249296,1807.355929782614
4142.5989234671,7.02953433431685,182.38006382249296,1807.9958857987076
4142.8290030080825,7.0310114324092865,182.5705545656383,1807.9958857987076
4144.150669852272,7.0310114324092865,182.5705545656383,1808.8024131786078
4146.14195079729,7.0357150081545115,182.8455572873354,1808.8024131786078
4147.406115800142,7.0357150081545115,182.8455572873354,1809.557612426579
4147.586983535439,7.03784641623497,183.0143385436386,1809.557612426579
4148.688565636054,7.03784641623497,183.0143385436386,1810.141861371696
4148.842085892335,7.039272181689739,183.14767906814814,1810.141861371696
4150.301459083334,7.039272181689739,183.14767906814814,1810.715718826279
4150.413082931191,7.040690127760172,183.21219019033015,1810.715718826279
4151.788480604067,7.040690127760172,183.21219019033015,1811.3273579012603
4153.67898212187,7.045569127425551,183.48302735760808,1811.3273579012603
4155.408590231091,7.045569127425551,183.48302735760808,1812.4607073068619
4155.974473299459,7.0479112677276134,183.69870186410844,1812.4607073068619
4157.752444354817,7.0479112677276134,183.69870186410844,1813.6372977234423
4157.816230403259,7.049516579136252,183.74985602125525,1813.6372977234423
4159.054211400449,7.049516579136252,183.74985602125525,1814.4464089721441
4159.371097549796,7.050992175936699,184.00555972196162,1814.4464089721441
4161.328016059473,7.050992175936699,184.00555972196162,1815.6359990015626
4163.350259806961,7.059821888804436,184.1145565006882,1815.6359990015626
4164.268455106765,7.059821888804436,184.1145565006882,1816.0960769299418
4164.381847966462,7.061340097337961,184.196416772902,1816.0960769299418
4165.4611094892025,7.061340097337961,184.196416772902,1816.567919023335
4165.742822287604,7.062956593930721,184.38114258274436,1816.567919023335
4166.8610311653465,7.062956593930721,184.38114258274436,1817.2586693540215
4167.040193701163,7.064377808943391,184.52666817232966,1817.2586693540215
4168.468363694847,7.064377808943391,184.52666817232966,1818.3064278103411
4170.905951101333,7.070047203451395,184.7132658548653,1818.3064278103411
4172.280688326806,7.070047203451395,184.7132658548653,1819.2829057630152
4172.712713059038,7.071545500308275,184.98456151038408,1819.2829057630152
4174.196442773566,7.071545500308275,184.98456151038408,1820.3975988868624
4174.585944186896,7.073119038715959,185.27843710035086,1820.3975988868624
4175.978120511398,7.073119038715959,185.27843710035086,1821.0693977270275
4176.162477944046,7.0745894350111485,185.4164282605052,1821.0693977270275
4177.171134915203,7.0745894350111485,185.4164282605052,1821.6772551760077
4181.332877891138,7.0794183518737555,185.5690975189209,1821.6772551760077
4182.998956359923,7.0794183518737555,185.5690975189209,1822.846989043057
4183.4058005437255,7.081136483699083,185.6182626504451,1822.846989043057
4184.448051121086,7.081136483699083,185.6182626504451,1823.4041699748486
4184.680612934753,7.082666091620922,185.82384304143488,1823.4041699748486
4185.579653499648,7.082666091620922,185.82384304143488,1823.775342963636
4186.036737311631,7.084124216809869,185.8829669188708,1823.775342963636
4187.073374697939,7.084124216809869,185.8829669188708,1824.428859271109
4189.594561902806,7.0902148596942425,186.03400729224086,1824.428859271109
4191.275102252141,7.0902148596942425,186.03400729224086,1825.199374774471
4191.491914799437,7.097461083903909,186.22704800218344,1825.199374774471
4192.994689628482,7.097461083903909,186.22704800218344,1826.124115915969
4193.233465567231,7.098861420527101,186.42684980481863,1826.124115915969
4195.03887950629,7.098861420527101,186.42684980481863,1827.1952402442694
4195.265574444085,7.10061614215374,186.6176650840789,1827.1952402442694
4196.392246441916,7.10061614215374,186.6176650840789,1827.8968357369304
4198.714738108218,7.105512233451009,186.8479252681136,1827.8968357369304
4199.487868819386,7.105512233451009,186.8479252681136,1828.439488619566
4199.741018835455,7.107049752026796,187.0685543064028,1828.439488619566
4201.152090812102,7.107049752026796,187.0685543064028,1829.0853595770895
4201.455542327836,7.108595889061689,187.32837886549532,1829.0853595770895
4203.548164376989,7.108595889061689,187.32837886549532,1830.4274540282786
4203.785219708458,7.110112966969609,187.54398774169385,1830.4274540282786
4206.096987327561,7.110112966969609,187.54398774169385,1831.8471311442554
4210.138935599476,7.122266221791506,187.59818947315216,1831.8471311442554
4211.038313452154,7.122266221791506,187.59818947315216,1832.3215634077787
4211.158896073699,7.123666008934379,187.70235928334296,1832.3215634077787
4212.709025964141,7.123666008934379,187.70235928334296,1833.0505124311894
4212.824563290924,7.125356318429112,187.74318137206137,1833.0505124311894
4214.070336528122,7.125356318429112,187.74318137206137,1833.677554184571
4214.338009579107,7.126889817416668,187.93210467882454,1833.677554184571
4215.080292606726,7.126889817416668,187.93210467882454,1834.238495927304
4216.659470519051,7.131676705554128,188.1004489492625,1834.238495927304
4217.867311412469,7.131676705554128,188.1004489492625,1835.1688096951693
4218.180338382721,7.133203953504562,188.23076671920717,1835.1688096951693
4219.726239787415,7.133203953504562,188.23076671920717,1835.784951010719
4219.886199943721,7.134692769497633,188.37742823176086,1835.784951010719
4221.0602018125355,7.134692769497633,188.37742823176086,1836.214485263452
4221.198951739818,7.136138286441565,188.49683869443834,1836.214485263452
4222.760112412274,7.136138286441565,188.49683869443834,1837.2793520409614
4224.765921715647,7.140981502830982,188.60538072697818,1837.2793520409614
4225.973173554987,7.140981502830982,188.60538072697818,1837.9751943200827
4226.058655735105,7.14235900901258,188.66977923735976,1837.9751943200827
4226.9772891402245,7.14235900901258,188.66977923735976,1838.4304769039154
4227.097715450451,7.143874915316701,188.7747276648879,1838.4304769039154
4228.141160445288,7.143874915316701,188.7747276648879,1839.084253611043
4228.323928328231,7.145732559263706,188.8584451097995,1839.084253611043
4229.416729958728,7.145732559263706,188.8584451097995,1839.5723813381046
4231.586791006848,7.154490550979972,188.90011071413755,1839.5723813381046
4232.786221135408,7.154490550979972,188.90011071413755,1840.2918227873743
4232.910703919828,7.155891586095095,189.01104109734297,1840.2918227873743
4234.367244597524,7.155891586095095,189.01104109734297,1841.0530158560723
4234.634938199073,7.157461853697896,189.08909518271685,1841.0530158560723
4235.601428313181,7.157461853697896,189.08909518271685,1841.5992465503514
4235.744368387386,7.162572165951133,189.19762347266078,1841.5992465503514
4237.188982134685,7.162572165951133,189.19762347266078,1842.6735352054238
4239.691613247618,7.173511385917664,189.28888444788754,1842.6735352054238
4240.827134056017,7.173511385917664,189.28888444788754,1843.1573604233563
4241.269491871819,7.174976654350758,189.55133586376905,1843.1573604233563
4242.387650579214,7.174976654350758,189.55133586376905,1843.6633443795145
4242.555531319231,7.176498321816325,189.68348258920014,1843.6633443795145
4243.77894321084,7.176498321816325,189.68348258920014,1844.39086593315
4243.971779320389,7.182153984904289,189.74412062205374,1844.39086593315
4244.985146306455,7.182153984904289,189.74412062205374,1844.9278919491917
4247.944434799254,7.187024040147662,189.951634850353,1844.9278919491917
4249.380548795685,7.187024040147662,189.951634850353,1845.63975456357
4249.677985312417,7.188441269099712,190.21383908204734,1845.63975456357
4250.738158047199,7.188441269099712,190.21383908204734,1846.3072665613145
4250.877336831763,7.189901964738965,190.33322514407337,1846.3072665613145
4251.938210479915,7.189901964738965,190.33322514407337,1847.0723867099732
4252.007120424882,7.19149212539196,190.3878003358841,1847.0723867099732
4253.739459516481,7.19149212539196,190.3878003358841,1848.2222100291401
4255.357075551525,7.196587176993489,190.42963712476194,1848.2222100291401
4256.521055163816,7.196587176993489,190.42963712476194,1848.7954695522785
4256.718451185152,7.198197428137064,190.57323271222413,1848.7954695522785
4257.522743575275,7.198197428137064,190.57323271222413,1849.237291013822
4257.711961086839,7.199719315394759,190.73953988589346,1849.237291013822
4259.147267200053,7.199719315394759,190.73953988589346,1850.1430657152086
4259.2154353205115,7.20132246427238,190.78103471919894,1850.1430657152086
4259.949936579913,7.20132246427238,190.78103471919894,1850.6186243426055
4261.717580800876,7.206281583756208,190.898272998631,1850.6186243426055
4263.126631852239,7.206281583756208,190.898272998631,1851.5328239221126
4263.3989766687155,7.207793358713388,191.1178179681301,1851.5328239221126
4265.022924393415,7.207793358713388,191.1178179681301,1852.5233934428543
4265.529555242509,7.20934434607625,191.1800082102418,1852.5233934428543
4266.286107555032,7.20934434607625,191.1800082102418,1852.9056587293744
4266.4855564162135,7.210860293358564,191.26862130500376,1852.9056587293744
4267.79720867984,7.210860293358564,191.26862130500376,1853.9363977760077
4269.711253749207,7.215691654011607,191.41893174499273,1853.9363977760077
4271.026355724782,7.215691654011607,191.41893174499273,1854.5373080261052
4271.232805056497,7.21730418689549,191.56313791126013,1854.5373080261052
4272.451100125909,7.21730418689549,191.56313791126013,1855.1381670944393
4272.598485359922,7.21889160759747,191.645593483001,1855.1381670944393
4274.083139158785,7.21889160759747,191.645593483001,1856.272705277428
4274.184255314991,7.220473095774651,191.71555370651186,1856.272705277428
4275.672600664198,7.220473095774651,191.71555370651186,1857.3362509366125
4277.610595233738,7.22554288059473,191.97266684658825,1857.3362509366125
4279.332418207079,7.22554288059473,191.97266684658825,1858.5410855505615
4279.5010110307485,7.226960487663746,192.1053004823625,1858.5410855505615
4281.16606657207,7.226960487663746,192.1053004823625,1859.8684520944953
4281.35499117896,7.2309071104973555,192.26747908070683,1859.8684520944953
4282.587084043771,7.2309071104973555,192.26747908070683,1860.7219832595438
4282.681958654895,7.232372596859932,192.3275765646249,1860.7219832595438
4284.0751134976745,7.232372596859932,192.3275765646249,1861.6497413888574
4285.508501537144,7.237106345593929,192.5688770338893,1861.6497413888574
4286.498281804845,7.237106345593929,192.5688770338893,1862.1550087761134
4286.747839687392,7.238683834671974,192.78266785666347,1862.1550087761134
4288.529513688758,7.238683834671974,192.78266785666347,1863.2511184848845
4288.7102181669325,7.2401600908488035,192.9455985892564,1863.2511184848845
4289.971747610718,7.2401600908488035,192.9455985892564,1864.207813365385
4290.110340246931,7.241609290242195,193.0491782091558,1864.207813365385
4291.137443348765,7.241609290242195,193.0491782091558,1864.8523593265563
4292.744747804478,7.26829488016665,193.24336369149387,1864.8523593265563
4294.416179375723,7.26829488016665,193.24336369149387,1865.9016343355179
4294.531040294096,7.2698174472898245,193.3297466672957,1865.9016343355179
4296.210450110957,7.2698174472898245,193.3297466672957,1866.9869311377406
4296.2706731669605,7.271273074671626,193.37050375528634,1866.9869311377406
4297.827617947012,7.271273074671626,193.37050375528634,1868.1879884060472
4297.975513132289,7.272810623049736,193.47936418652534,1868.1879884060472
4299.01720274426,7.272810623049736,193.47936418652534,1868.812008537352
4300.361530199647,7.277552777901292,193.5972025115043,1868.812008537352
4301.543174561113,7.277552777901292,193.5972025115043,1869.617120347917
4301.6602375507355,7.279205277562141,193.6913989316672,1869.617120347917
4303.157090047374,7.279205277562141,193.6913989316672,1870.4098744504154
4303.258681982756,7.280620504170656,193.75337591953576,1870.4098744504154
4304.752784481272,7.280620504170656,193.75337591953576,1871.1804065443575
4304.895631263033,7.28219448402524,193.84117633104324,1871.1804065443575
4306.032476384193,7.28219448402524,193.84117633104324,1871.8881584275514
4307.755071945488,7.286997368559241,193.99786559678614,1871.8881584275514
4308.974198248237,7.286997368559241,193.99786559678614,1872.6766741350293
4309.323095312342,7.289207769557834,194.07726402580738,1872.6766741350293
4310.084591170773,7.289207769557834,194.07726402580738,1873.2335772104561
4310.174766896293,7.290697688236833,194.15659811161458,1873.2335772104561
4311.4229531195015,7.290697688236833,194.15659811161458,1873.833114316687
4311.549639247358,7.292339527979493,194.25884729996324,1873.833114316687
4312.598999239504,7.292339527979493,194.25884729996324,1874.4985697437078
4316.0015981364995,7.310825208202004,194.43253995850682,1874.4985697437078
4317.415970183909,7.310825208202004,194.43253995850682,1875.3265409953892
4317.513931091875,7.312339687719941,194.48346247337759,1875.3265409953892
4319.3454959876835,7.312339687719941,194.48346247337759,1876.0636179763824
4319.476123003289,7.315594287589192,194.59982577897608,1876.0636179763824
4320.197215003893,7.315594287589192,194.59982577897608,1876.4143825974315
4320.536637214944,7.317242128774524,194.77028284966946,1876.4143825974315
4321.446671580896,7.317242128774524,194.77028284966946,1877.0688607916236
4324.88443877548,7.32204644754529,194.8638201765716,1877.0688607916236
4325.807501183823,7.32204644754529,194.8638201765716,1877.5413959473372
4326.167785577476,7.323763309046626,195.0278948172927,1877.5413959473372
4327.240870889276,7.323763309046626,195.0278948172927,1878.1739237923175
4327.379911752418,7.325239177793264,195.0786814801395,1878.1739237923175
4329.013056375086,7.325239177793264,195.0786814801395,1879.1424137521535
4329.243323214352,7.326813165098429,195.2764013595879,1879.1424137521535
4330.770018924028,7.326813165098429,195.2764013595879,1879.8475132789463
4333.738020038232,7.341058578342199,195.3379899393767,1879.8475132789463
4334.557816687971,7.341058578342199,195.3379899393767,1880.4602665584534
4334.838750215247,7.3424866534769535,195.60457595437765,1880.4602665584534
4336.15582481958,7.3424866534769535,195.60457595437765,1881.3141901362687
4336.300636557862,7.344010412693024,195.72964268177748,1881.3141901362687
4337.569062868133,7.344010412693024,195.72964268177748,1882.4221422094852
4337.837654007599,7.345616053789854,195.96822394244373,1882.4221422094852
4338.5659221392125,7.345616053789854,195.96822394244373,1882.9467531125993
4340.297980351374,7.350304182618856,196.14965076372027,1882.9467531125993
4341.438757900149,7.350304182618856,196.14965076372027,1883.667491434142
4341.720778347924,7.351778220385313,196.39747733436525,1883.667491434142
4342.940780567005,7.351778220385313,196.39747733436525,1884.5703929308802
4343.076486127451,7.354885257780552,196.50915420614183,1884.5703929308802
4344.484903238714,7.354885257780552,196.50915420614183,1885.1702838353813
4344.671266159043,7.356315253302455,196.65697952918708,1885.1702838353813
4345.506478436291,7.356315253302455,196.65697952918708,1885.5938158798963
4346.789063107222,7.3618627320975065,196.89939927868545,1885.5938158798963
4347.898962475359,7.3618627320975065,196.89939927868545,1886.2262564133853
4348.06380202435,7.363489393144846,197.01182065345347,1886.2262564133853
4349.28786174953,7.363489393144846,197.01182065345347,1886.910068191588
4349.34286852926,7.3650234416127205,197.05270392261446,1886.910068191588
4350.328896183521,7.3650234416127205,197.05270392261446,1887.421452820301
4350.612852526829,7.366457348689437,197.28437796793878,1887.421452820301
4351.417486213148,7.366457348689437,197.28437796793878,1887.9314238764346
4352.683603711426,7.379407346248627,197.53629540465772,1887.9314238764346
4353.272171579301,7.379407346248627,197.53629540465772,1888.329492405057
4353.331410286948,7.380919273942709,197.5843474175781,1888.329492405057
4354.439046826214,7.380919273942709,197.5843474175781,1889.1729594916105
4354.52692778036,7.382343541830778,197.63827732764184,1889.1729594916105
4355.969238033518,7.382343541830778,197.63827732764184,1890.0664803087711
4356.333739455789,7.389889011159539,197.86250698380172,1890.0664803087711
4357.493856439367,7.389889011159539,197.86250698380172,1890.8360125701874
4358.859347524121,7.394840849563479,197.94877994805574,1890.8360125701874
4359.47593273595,7.394840849563479,197.94877994805574,1891.1338707879186
4359.5525972135365,7.396434538066387,197.99004079587758,1891.1338707879186
4360.6059586871415,7.396434538066387,197.99004079587758,1891.6079192329198
4360.8239792604,7.397931614890695,198.19575591012836,1891.6079192329198
4361.795790875331,7.397931614890695,198.19575591012836,1892.2023937217891
4361.921739378944,7.399537235498428,198.3039276972413,1892.2023937217891
4362.64649139531,7.399537235498428,198.3039276972413,1892.600727017969
4364.255163406953,7.404346330091357,198.60241243988276,1892.600727017969
4365.5021448154,7.404346330091357,198.60241243988276,1893.359595052898
4365.845590423793,7.406079461798072,198.73232102580369,1893.359595052898
4367.509669132531,7.406079461798072,198.73232102580369,1894.6927580665797
4367.732688408345,7.411552540957928,198.9279763288796,1894.6927580665797
4369.067090051249,7.411552540957928,198.9279763288796,1895.8002228531986
4369.445546841249,7.413019256666303,199.29000374674797,1895.8002228531986
4370.247511059046,7.413019256666303,199.29000374674797,1896.2562377061695
4371.447543585673,7.425904911011457,199.3912703767419,1896.2562377061695
4372.912562059239,7.425904911011457,199.3912703767419,1897.2407272141427
4373.105167295784,7.427324926480651,199.57347511313856,1897.2407272141427
4375.383589496836,7.427324926480651,199.57347511313856,1898.4518151842058
4375.551297208294,7.428739981725812,199.70217310637236,1898.4518151842058
4377.11992447637,7.428739981725812,199.70217310637236,1899.2888087127358
4377.295556010678,7.430253729224205,199.81718601845205,1899.2888087127358
4378.420721502975,7.430253729224205,199.81718601845205,1899.6601690929383
4381.227081792429,7.435210829600692,200.0128102209419,1899.6601690929383
4382.8407631684095,7.435210829600692,200.0128102209419,1900.4306360334158
4383.064948324114,7.436632793396711,200.22625261172652,1900.4306360334158
4384.307396221906,7.436632793396711,200.22625261172652,1901.043732125312
4384.4614299517125,7.450952848419547,200.3348852172494,1901.043732125312
4386.325083775446,7.450952848419547,200.3348852172494,1902.1706510409713
4386.491341652349,7.4524120558053255,200.47630541585386,1902.1706510409713
4388.417754629627,7.4524120558053255,200.47630541585386,1902.8021204005927
4391.629326343536,7.457163883373141,200.52555061876774,1902.8021204005927
4392.757459610701,7.457163883373141,200.52555061876774,1903.3255615122616
4392.9285876229405,7.458655240014195,200.66610915213823,1903.3255615122616
4394.243037045002,7.458655240014195,200.66610915213823,1904.0368290562183
4394.451247470453,7.460476376116276,200.72232053428888,1904.0368290562183
4395.973501726985,7.460476376116276,200.72232053428888,1904.7492486312985
4396.109347824007,7.461993793025613,200.8325322456658,1904.7492486312985
4397.568912779912,7.461993793025613,200.8325322456658,1905.5454794242978
4399.550664797425,7.467057164758444,201.05663407035172,1905.5454794242978
4400.620954236016,7.467057164758444,201.05663407035172,1906.1236759554595
4400.874871900305,7.468553403392434,201.09671439416707,1906.1236759554595
4402.458354640752,7.468553403392434,201.09671439416707,1906.4506370685995
4402.518238540739,7.469978347420692,201.1371873859316,1906.4506370685995
4404.151693193242,7.469978347420692,201.1371873859316,1906.9894683845341
4404.298195794225,7.471994565799832,201.25544127821922,1906.9894683845341
4405.3168246317655,7.471994565799832,201.25544127821922,1907.3708687908947
4408.780512901023,7.489427084103227,201.3171838633716,1907.3708687908947
4409.73976621218,7.489427084103227,201.3171838633716,1907.8550170958042
4409.915688281879,7.490912463515997,201.47475876659155,1907.8550170958042
4411.111865391955,7.490912463515997,201.47475876659155,1908.2462423127145
4411.265623327345,7.492339089512825,201.59648180380464,1908.2462423127145
4412.26521246694,7.492339089512825,201.59648180380464,1908.66788950935
4412.465416043997,7.493881426751614,201.78149631246924,1908.66788950935
4413.573346354067,7.493881426751614,201.78149631246924,1909.199541427195
4416.237218882889,7.512960867956281,201.96642482839525,1909.199541427195
4417.738382028416,7.512960867956281,201.96642482839525,1909.83119959943
4417.978594068438,7.515494503080845,202.1629984602332,1909.83119959943
4419.117079820484,7.515494503080845,202.1629984602332,1910.4213023465127
4419.2583733685315,7.517030403017998,202.28474030271173,1910.4213023465127
4420.3869832754135,7.517030403017998,202.28474030271173,1911.1231858301908
4420.715160263702,7.518659735098481,202.4914881810546,1911.1231858301908
4421.975231278688,7.518659735098481,202.4914881810546,1911.814612152055
4424.409182839096,7.523491084575653,202.66669304855168,1911.814612152055
4425.5538925956935,7.523491084575653,202.66669304855168,1912.655602172017
4425.769490735605,7.525081962347031,202.86279189027846,1912.655602172017
4426.674261305481,7.525081962347031,202.86279189027846,1913.066560242325
4426.963340945542,7.526594758033752,203.1175970789045,1913.066560242325
4428.711505528539,7.526594758033752,203.1175970789045,1914.0747936349362
4428.8148493450135,7.5280468836426735,203.20763884298503,1914.0747936349362
4430.234416551888,7.5280468836426735,203.20763884298503,1914.9067844375968
4432.104327099398,7.532844349741936,203.24686950445175,1914.9067844375968
4433.164389474317,7.532844349741936,203.24686950445175,1915.552323905751
4433.235388427973,7.534334324300289,203.30437379144132,1915.552323905751
4434.493820624426,7.534334324300289,203.30437379144132,1916.5606158077717
4434.661888331175,7.5357897616922855,203.43983457796276,1916.5606158077717
4435.514517603442,7.5357897616922855,203.43983457796276,1916.940781649202
4435.825155291706,7.537393242120743,203.7195766158402,1916.940781649202
4437.344469729811,7.537393242120743,203.7195766158402,1918.0092846471816
4439.665886273608,7.549290683120489,203.88383162394166,1918.0092846471816
4440.621529798955,7.549290683120489,203.88383162394166,1918.595542408526
4440.943508824334,7.55086238309741,204.1294544953853,1918.595542408526
4442.311838408932,7.55086238309741,204.1294544953853,1919.4374942760915
4442.57157690078,7.552376391366124,204.36236467584968,1919.4374942760915
4443.997404104099,7.552376391366124,204.36236467584968,1920.3785015009344
4444.310369864106,7.553936291486025,204.63908120803535,1920.3785015009344
4445.045467117801,7.553936291486025,204.63908120803535,1920.7341166324914
4447.0881696641445,7.567659933120012,204.70875460840762,1920.7341166324914
4447.87354369089,7.567659933120012,204.70875460840762,1921.070645134896
4448.0855434164405,7.569280251860619,204.89718236029148,1921.070645134896
4448.911022759974,7.569280251860619,204.89718236029148,1921.4512950666249
4449.096627559513,7.570876939222217,205.04927363432944,1921.4512950666249
4449.879726486281,7.570876939222217,205.04927363432944,1921.8978942334652
4449.954651271924,7.572438310831785,205.11056230962276,1921.8978942334652
4450.858479056507,7.572438310831785,205.11056230962276,1922.4299048576504
4454.298916189,7.579537063837051,205.16303510591388,1922.4299048576504
4455.399403797463,7.579537063837051,205.16303510591388,1923.0702609736472
4455.71847759001,7.58115116506815,205.3626698218286,1923.0702609736472
4456.943624835461,7.58115116506815,205.3626698218286,1923.6736474260688
4457.059483405203,7.582705752924085,205.4557800143957,1923.6736474260688
4458.134354023263,7.582705752924085,205.4557800143957,1924.1517900004983
4458.205350695178,7.584195850417018,205.51100384630263,1924.1517900004983
4459.68820454739,7.584195850417018,205.51100384630263,1924.8140481039882
4461.692756665871,7.605722175911069,205.77755207382143,1924.8140481039882
4462.84179899469,7.605722175911069,205.77755207382143,1925.4013015329838
4463.13754378818,7.607318963855505,206.04818651638925,1925.4013015329838
4464.416629876941,7.607318963855505,206.04818651638925,1926.1226056236774
4464.716659680009,7.608805321156979,206.3128407280892,1926.1226056236774
4466.574127836153,7.608805321156979,206.3128407280892,1927.2257477007806
4466.866837583482,7.610288988798857,206.55797310173512,1927.2257477007806
4467.493079807609,7.610288988798857,206.55797310173512,1927.5247721932828
4469.195035157725,7.621275840327144,206.6127245184034,1927.5247721932828
4470.24760617502,7.621275840327144,206.6127245184034,1928.049768967554
4470.445876998827,7.622742036357522,206.7866973746568,1928.049768967554
4471.392625911161,7.622742036357522,206.7866973746568,1928.6758932881057
4471.564816715196,7.6241845935583115,206.93854221515357,1928.6758932881057
4472.489688906819,7.6241845935583115,206.93854221515357,1929.3090987987816
4472.774157196283,7.6256295423954725,207.18580255657434,1929.3090987987816
4474.024927783757,7.6256295423954725,207.18580255657434,1930.2251724787056
4475.422452151775,7.6303418800234795,207.3148406893015,1930.2251724787056
4476.230190359056,7.6303418800234795,207.3148406893015,1930.7979814819992
4476.594489675015,7.632002040743828,207.50937473401427,1930.7979814819992
4477.6422544158995,7.632002040743828,207.50937473401427,1931.4742188174278
4477.813599111512,7.633533496409655,207.64497195370495,1931.4742188174278
4478.865261843428,7.633533496409655,207.64497195370495,1932.0317205414176
4478.9457229133695,7.6349775940179825,207.7085854448378,1932.0317205414176
4479.85511219129,7.6349775940179825,207.7085854448378,1932.4750417452306
4480.87696647644,7.639810303226113,207.7992782238871,1932.4750417452306
4482.278137380257,7.639810303226113,207.7992782238871,1933.4636911191046
4482.365259030834,7.641216058284044,207.873071430251,1933.4636911191046
4483.378976587206,7.641216058284044,207.873071430251,1934.0993355102837
4483.473971331492,7.642670653760433,207.9440117329359,1934.0993355102837
4484.719348533079,7.642670653760433,207.9440117329359,1934.9695439487696
4485.020134249702,7.644195970147848,208.2143027894199,1934.9695439487696
4485.754919691011,7.644195970147848,208.2143027894199,1935.4000770784914
4487.122519247234,7.649194309487939,208.29981069266796,1935.4000770784914
4488.232056923211,7.649194309487939,208.29981069266796,1936.2499949540943
4488.35789013654,7.650699956342578,208.39137710630894,1936.2499949540943
4489.6288475468755,7.650699956342578,208.39137710630894,1937.1098808646202
4489.885562285781,7.652276577427983,208.60900146327913,1937.1098808646202
4491.400651182979,7.652276577427983,208.60900146327913,1938.1468371674418
4491.504217827693,7.653890425339341,208.69427508115768,1938.1468371674418
4493.1033870298415,7.653890425339341,208.69427508115768,1939.223941469565
4494.666066583246,7.658732205629349,208.92538513615727,1939.223941469565
4496.3702406752855,7.658732205629349,208.92538513615727,1940.3850633054972
4496.578826548532,7.6604760978370905,209.11896745301783,1940.3850633054972
4498.461406920105,7.6604760978370905,209.11896745301783,1941.5764763373882
4498.725032612681,7.661990635097027,209.32864531688392,1941.5764763373882
4500.242670560256,7.661990635097027,209.32864531688392,1942.6858721226454
4500.306376170367,7.663487629964948,209.3699140138924,1942.6858721226454
4501.86781129241,7.663487629964948,209.3699140138924,1943.9096505381167
4504.670979628339,7.6684949435293674,209.5680759754032,1943.9096505381167
4505.445938987657,7.6684949435293674,209.5680759754032,1944.4306274913251
4505.629790056497,7.672043908387423,209.71043181046844,1944.4306274913251
4506.71858272329,7.672043908387423,209.71043181046844,1945.060018826276
4506.8810451589525,7.673518793657422,209.8597550559789,1945.060018826276
4507.962301975116,7.673518793657422,209.8597550559789,1945.906621813774
4508.2543976362795,7.6750076320022345,210.06123387627304,1945.906621813774
4509.321461921558,7.6750076320022345,210.06123387627304,1946.5151477251202
4510.495832132176,7.6800617054104805,210.10117679089308,1946.5151477251202
4511.269366845489,7.6800617054104805,210.10117679089308,1947.0296319685876
4511.372544310987,7.681615633890033,210.1564217042178,1947.0296319685876
4512.053267128766,7.681615633890033,210.1564217042178,1947.4166358709335
4512.3559194188565,7.683198023587465,210.3414246328175,1947.4166358709335
4513.847285585478,7.683198023587465,210.3414246328175,1948.4113037269562
4513.981007412076,7.684694612398744,210.4215424656868,1948.4113037269562
4515.545907787979,7.684694612398744,210.4215424656868,1949.5654484145343
4517.384321181104,7.694872008636594,210.51702897064388,1949.5654484145343
4518.6779557634145,7.694872008636594,210.51702897064388,1950.3211309406906
4519.1047722660005,7.697504175826907,210.6773400772363,1950.3211309406906
4519.888226032257,7.697504175826907,210.6773400772363,1950.8898598104715
4519.985017782077,7.699004152789712,210.75381949357688,1950.8898598104715
4521.065869593993,7.699004152789712,210.75381949357688,1951.3314383160323
4521.215289687738,7.700500641018152,210.87624803371727,1951.3314383160323
4523.030127147213,7.700500641018152,210.87624803371727,1952.5396906994283
4526.41275187023,7.7071864027529955,211.08860047720373,1952.5396906994283
4527.502571275458,7.7071864027529955,211.08860047720373,1952.9465883877128
4527.732743287459,7.713867735117674,211.29978469014168,1952.9465883877128
4529.001896759495,7.713867735117674,211.29978469014168,1953.4311580639333
4529.240527503192,7.715381892398,211.50489730760455,1953.4311580639333
4530.053968463093,7.715381892398,211.50489730760455,1953.9436170496047
4530.1666971948,7.7168254386633635,211.6057417616248,1953.9436170496047
4531.883848300204,7.7168254386633635,211.6057417616248,1954.6368755996227
4534.594407021999,7.722675835713744,211.64573179744184,1954.6368755996227
4535.609853550792,7.722675835713744,211.64573179744184,1955.312306130305
4535.790332078934,7.724093731492758,211.8028213456273,1955.312306130305
4537.0455220956355,7.724093731492758,211.8028213456273,1956.095445740968
4537.106946345419,7.725504174828529,211.85498269461095,1956.095445740968
4538.202607778832,7.725504174828529,211.85498269461095,1956.8382275812328
4538.4789656270295,7.736096240580082,212.09512033686042,1956.8382275812328
4540.433132961392,7.736096240580082,212.09512033686042,1958.00395392254
4542.6736665554345,7.742066433653235,212.22933752276003,1958.00395392254
4543.560530275106,7.742066433653235,212.22933752276003,1958.4529706444591
4543.638575188816,7.743513409048319,212.2845232784748,1958.4529706444591
4545.26593102701,7.743513409048319,212.2845232784748,1959.4285987243056
4545.437546951696,7.744991794228554,212.43454225361347,1959.4285987243056
4546.859647816047,7.744991794228554,212.43454225361347,1960.276552008465
4547.014655863866,7.746469082310796,212.5049562845379,1960.276552008465
4548.536238826811,7.746469082310796,212.5049562845379,1961.1604223512113
4550.926597567275,7.751523731276393,212.8129208367318,1961.1604223512113
4552.325091660023,7.751523731276393,212.8129208367318,1962.2554095145315
4552.509712411091,7.753269303590059,212.92081044055521,1962.2554095145315
4553.760877886787,7.753269303590059,212.92081044055521,1963.0458422005177
4554.0283157117665,7.754933623597026,213.12472350522876,1963.0458422005177
4555.865244751796,7.754933623597026,213.12472350522876,1963.937577560544
4555.952883204445,7.756549194455147,213.1769744772464,1963.937577560544
4557.116465317085,7.756549194455147,213.1769744772464,1964.6560787055641
4561.685923187062,7.761389024555683,213.34291369840503,1964.6560787055641
4562.70079904981,7.761389024555683,213.34291369840503,1965.1837917342782
4562.878377024084,7.763036714866757,213.5026507936418,1965.1837917342782
4563.648711221293,7.763036714866757,213.5026507936418,1965.6243333220482
4563.820687323809,7.764620713889599,213.66438183747232,1965.6243333220482
4565.053531419486,7.764620713889599,213.66438183747232,1966.2493922896683
4565.221301263198,7.766157200559974,213.7995333801955,1966.2493922896683
4566.233624449,7.766157200559974,213.7995333801955,1966.624571526423
4568.244525047019,7.770988492295146,214.10170414485037,1966.624571526423
4570.020083641633,7.770988492295146,214.10170414485037,1967.8502501025796
4570.357306569815,7.77505268715322,214.40872148796916,1967.8502501025796
4571.905909132212,7.77505268715322,214.40872148796916,1968.9485042970628
4572.012936830521,7.777024295181036,214.50128195807338,1968.9485042970628
4573.372802771628,7.777024295181036,214.50128195807338,1969.4313816837966
4573.697827087715,7.7787803169339895,214.6046529971063,1969.4313816837966
4574.724949544296,7.7787803169339895,214.6046529971063,1969.9308553356677
4578.38599030301,7.783690573647618,214.6484900843352,1969.9308553356677
4579.469859695062,7.783690573647618,214.6484900843352,1970.4719167184085
4579.677721625194,7.7853096425533295,214.82835809141397,1970.4719167184085
4581.244886148721,7.7853096425533295,214.82835809141397,1971.4512432795018
4581.482915302739,7.787940030917525,215.04323646984994,1971.4512432795018
4582.587655590847,7.787940030917525,215.04323646984994,1971.8737078122795
4582.8074271101505,7.789477698504925,215.2447960153222,1971.8737078122795
4583.962926717475,7.789477698504925,215.2447960153222,1972.4794648364186
4587.377732632682,7.794864313676953,215.49114549346268,1972.4794648364186
4588.941516928375,7.794864313676953,215.49114549346268,1973.4262283407152
4589.141048513353,7.796423468738794,215.66696175560355,1973.4262283407152
4590.526615811512,7.796423468738794,215.66696175560355,1973.9821823984385
4590.763127388433,7.798015059903264,215.86267513409257,1973.9821823984385
4591.689297752455,7.798015059903264,215.86267513409257,1974.3360389452428
4591.955130808055,7.799671432003379,216.0339938029647,1974.3360389452428
4593.292858967558,7.799671432003379,216.0339938029647,1975.090088315308
4596.010900048539,7.804474055767059,216.26115434616804,1975.090088315308
4597.5730636511,7.804474055767059,216.26115434616804,1976.1432491242886
4597.936657633632,7.806022034958005,216.56742312386632,1976.1432491242886
4598.964245161042,7.806022034958005,216.56742312386632,1976.8561954796314
4599.149129640311,7.80756033398211,216.72283202037215,1976.8561954796314
4600.513093331829,7.80756033398211,216.72283202037215,1977.8290006630123
4600.722792916,7.8091772850602865,216.86889098398387,1977.8290006630123
4601.951077353209,7.8091772850602865,216.86889098398387,1978.3798922598362
4604.620971828699,7.825669335201383,216.96338663250208,1978.3798922598362
4605.899171805009,7.825669335201383,216.96338663250208,1979.0945502445102
4606.062985114753,7.827208383008838,217.10817035473883,1979.0945502445102
4607.206600498408,7.827208383008838,217.10817035473883,1979.6128048803657
4607.447633327916,7.834091659635305,217.2413311637938,1979.6128048803657
4608.574585873634,7.834091659635305,217.2413311637938,1980.3748793881387
4608.647463243455,7.835814772173762,217.29784538410604,1980.3748793881387
4610.083102023229,7.835814772173762,217.29784538410604,1981.2554969433695
4612.4627930261195,7.840703101828694,217.34195061586797,1981.2554969433695
4613.988517612219,7.840703101828694,217.34195061586797,1981.952847102657
4614.363931311294,7.842366712167859,217.65423150733113,1981.952847102657
4615.358165267855,7.842366712167859,217.65423150733113,1982.3080508504063
4615.4630248155445,7.843877211213112,217.74159704335034,1982.3080508504063
4616.309380704537,7.843877211213112,217.74159704335034,1982.7375781368464
4616.571714548394,7.846644714474678,217.82952358014882,1982.7375781368464
4617.447560874745,7.846644714474678,217.82952358014882,1983.206918373704
4620.922920072451,7.851368272677064,217.92548595368862,1983.206918373704
4622.23047865741,7.851368272677064,217.92548595368862,1984.2216300666332
4622.459601659328,7.853014392778277,218.05037662945688,1984.2216300666332
4624.259083807468,7.853014392778277,218.05037662945688,1984.8670793026686
4624.381441038102,7.8545854315161705,218.15981986932456,1984.8670793026686
4625.696667423472,7.8545854315161705,218.15981986932456,1985.6113546937704
4625.830503014848,7.856041168794036,218.2649364322424,1985.6113546937704
4627.385420840234,7.856041168794036,218.2649364322424,1986.3635099511594
4629.235579319298,7.868252322077751,218.4274758491665,1986.3635099511594
4630.682100981474,7.868252322077751,218.4274758491665,1987.069737315178
4630.82480763644,7.8708705976605415,218.474225807935,1987.069737315178
4632.06091077812,7.8708705976605415,218.474225807935,1987.7900375686586
4632.375456539914,7.872418645769358,218.74297576770186,1987.7900375686586
4633.773881128058,7.872418645769358,218.74297576770186,1988.5634170677513
4634.125855278224,7.874276401475072,218.9099248982966,1988.5634170677513
4635.03604038991,7.874276401475072,218.9099248982966,1989.1735580936074
4636.5798234101385,7.879216022789478,218.978695563972,1989.1735580936074
4637.584635971114,7.879216022789478,218.978695563972,1989.8128671571612
4637.761732755229,7.880785411223769,219.1236589513719,1989.8128671571612
4638.96042529121,7.880785411223769,219.1236589513719,1990.7331489939243
4639.152716007084,7.882319727912545,219.27700491063297,1990.7331489939243
4640.99928638339,7.882319727912545,219.27700491063297,1991.8126039188355
4641.432647459209,7.8839159570634365,219.44015838950872,1991.8126039188355
4643.1953254155815,7.8839159570634365,219.44015838950872,1992.6296266317368
4647.146477743983,7.902134181931615,219.50281778909266,1992.6296266317368
4648.187440900132,7.902134181931615,219.50281778909266,1993.0351261850446
4648.41622447595,7.903805032372475,219.54844157770276,1993.0351261850446
4649.724169598892,7.903805032372475,219.54844157770276,1993.519604831934
4649.871624041349,7.905333559960127,219.6700643338263,1993.519604831934
4650.78023830615,7.905333559960127,219.6700643338263,1994.0098709054291
4650.988241089508,7.906974293291569,219.8463183939457,1994.0098709054291
4652.128252957016,7.906974293291569,219.8463183939457,1994.7379439193755
4655.650672864169,7.911957684904337,220.08768809214234,1994.7379439193755
4657.026598069817,7.911957684904337,220.08768809214234,1995.6382669713348
4657.177677096799,7.913483440876007,220.2284089382738,1995.6382669713348
4658.212471371517,7.913483440876007,220.2284089382738,1996.0653879139572
4658.2816289924085,7.915055537596345,220.287203758955,1996.0653879139572
4658.989522214979,7.915055537596345,220.287203758955,1996.3541072420776
4659.0478270202875,7.9165820349007845,220.33190749958158,1996.3541072420776
4660.256252296269,7.9165820349007845,220.33190749958158,1996.9806950297207
4663.176805468276,7.9244958981871605,220.4834857378155,1996.9806950297207
4665.422531155869,7.9244958981871605,220.4834857378155,1998.4212365336716
4665.678711485118,7.925983594730496,220.66029560938478,1998.4212365336716
4666.434949919581,7.925983594730496,220.66029560938478,1998.8827857170254
4666.619980631396,7.9275438245385885,220.82211359404027,1998.8827857170254
4667.323810439557,7.9275438245385885,220.82211359404027,1999.2690259870142
4667.48001357168,7.929213933646679,220.93746819533408,1999.2690259870142
4668.7014681994915,7.929213933646679,220.93746819533408,1999.8765170965344
4670.627903208137,7.9341338742524385,221.12537222914398,1999.8765170965344
4671.57089163363,7.9341338742524385,221.12537222914398,2000.4911696184427
4671.786513917148,7.935670133680105,221.3158938009292,2000.4911696184427
4673.818837031722,7.935670133680105,221.3158938009292,2001.5838372875005
4674.119304055348,7.937167389318347,221.58987382985651,2001.5838372875005
4675.4862419795245,7.937167389318347,221.58987382985651,2002.2034039963037
4675.660431912169,7.943029617890716,221.72074410691857,2002.2034039963037
4676.315944943577,7.943029617890716,221.72074410691857,2002.6235988400877
4681.65001986362,7.949635686352849,221.86676845140755,2002.6235988400877
4682.889185946435,7.949635686352849,221.86676845140755,2003.1726088840514
4683.1582255624235,7.951215744018555,222.09161969646811,2003.1726088840514
4684.506502838805,7.951215744018555,222.09161969646811,2004.1109779272228
4684.824042059481,7.9528866950422525,222.17028321139514,2004.1109779272228
4685.778361486271,7.9528866950422525,222.17028321139514,2004.8034530505538
4686.137020830065,7.954488946124911,222.4263108074665,2004.8034530505538
4687.276220316067,7.954488946124911,222.4263108074665,2005.5061883814633
4692.547680316493,7.960052456706762,222.5767296552658,2005.5061883814633
4693.550178710371,7.960052456706762,222.5767296552658,2005.7752477377653
4693.749685848132,7.96330632828176,222.75769817270339,2005.7752477377653
4694.923534769565,7.96330632828176,222.75769817270339,2006.182608338073
4695.124420663342,7.964837657287717,222.92642849683762,2006.182608338073
4696.300919225439,7.964837657287717,222.92642849683762,2006.7349094823003
4696.421625874937,7.969573296606541,222.99697878211737,2006.7349094823003
4697.604446651414,7.969573296606541,222.99697878211737,2007.097254594788
4700.871284825727,7.989649780094624,223.16349192149937,2007.097254594788
4701.967970004305,7.989649780094624,223.16349192149937,2007.8212511967868
4702.294696861878,7.9912756979465485,223.42910883389413,2007.8212511967868
4703.100801173598,7.9912756979465485,223.42910883389413,2008.3433446474373
4703.297745736316,7.9990648459643126,223.5900298859924,2008.3433446474373
4704.967701818794,7.9990648459643126,223.5900298859924,2009.231818875298
4705.324204647914,8.000667853280902,223.72112198732793,2009.231818875298
4706.45479901135,8.000667853280902,223.72112198732793,2009.9970616642386
4708.667351741344,8.017799088731408,223.82796413823962,2009.9970616642386
4709.621765667573,8.017799088731408,223.82796413823962,2010.5029304716736
4710.05530706048,8.01961232163012,224.13255011849105,2010.5029304716736
4711.530111212283,8.01961232163012,224.13255011849105,2011.3107922747731
4711.735118798912,8.021198529750109,224.31573534570634,2011.3107922747731
4712.795308899134,8.021198529750109,224.31573534570634,2012.0867358390242
4713.096126841381,8.022724498063326,224.5304929446429,2012.0867358390242
4714.365127200261,8.022724498063326,224.5304929446429,2012.8001461923122
4717.244818497449,8.031586525961757,224.57526333071291,2012.8001461923122
4718.245477395132,8.031586525961757,224.57526333071291,2013.3233742136508
4718.43004950881,8.03538754209876,224.69691701605916,2013.3233742136508
4719.622042862698,8.03538754209876,224.69691701605916,2013.8985886201262
4719.766327621415,8.037094032391906,224.82638189941645,2013.8985886201262
4720.873704971746,8.037094032391906,224.82638189941645,2014.587313849479
4721.1414486747235,8.038679352030158,225.049565942958,2014.587313849479
4722.233587056398,8.038679352030158,225.049565942958,2015.3198980689049
4723.998538963497,8.05246334709227,225.10049453936517,2015.3198980689049
4724.719349727035,8.05246334709227,225.10049453936517,2015.7045172061771
4724.909504512325,8.054120440036058,225.24343462474644,2015.7045172061771
4726.40297466144,8.054120440036058,225.24343462474644,2016.677940985188
4726.607093047351,8.055754518136382,225.43316791206598,2016.677940985188
4728.081158922985,8.055754518136382,225.43316791206598,2017.5331852920353
4728.202696846798,8.057311847805977,225.529668552801,2017.5331852920353
4729.512679636478,8.057311847805977,225.529668552801,2018.1532575245947
4731.778375474736,8.06218782812357,225.66792007535696,2018.1532575245947
4733.311199415475,8.06218782812357,225.66792007535696,2019.0938060376793
4733.489905940369,8.064067162573338,225.74858260154724,2019.0938060376793
4734.7903301641345,8.064067162573338,225.74858260154724,2019.848010232672
4735.045404976234,8.072697447612882,225.88315236754715,2019.848010232672
4736.307125573978,8.072697447612882,225.88315236754715,2020.6283371858299
4736.4167870767415,8.079536339268088,225.97626988589764,2020.6283371858299
4737.762955158949,8.079536339268088,225.97626988589764,2021.1704163309187
4740.624261351302,8.08435713686049,226.12796063907444,2021.1704163309187
4742.2203284632415,8.08435713686049,226.12796063907444,2022.0761774107814
4742.567901140079,8.085992705076933,226.46066550910473,2022.0761774107814
4743.284078223631,8.085992705076933,226.46066550910473,2022.4813127443194
4743.622852029279,8.087642684578896,226.76329010166228,2022.4813127443194
4745.551093436778,8.087642684578896,226.76329010166228,2023.5843360144645
4745.832663007081,8.089089499786496,227.0143344067037,2023.5843360144645
4747.196236394346,8.089089499786496,227.0143344067037,2024.3407738078386
4748.570019602776,8.094032246619463,227.2425912450999,2024.3407738078386
4750.228854436427,8.094032246619463,227.2425912450999,2025.580234065652
4750.381896365434,8.095647914335132,227.3853534888476,2025.580234065652
4751.92872267589,8.095647914335132,227.3853534888476,2026.556703556329
4752.114601248875,8.097324673086405,227.5438415929675,2026.556703556329
4753.034306619316,8.097324673086405,227.5438415929675,2027.2182157821953
4753.507245443761,8.09896564297378,227.8539673332125,2027.2182157821953
4754.734711430967,8.09896564297378,227.8539673332125,2028.0311352591962
4756.484485540539,8.109875597059727,228.0505725890398,2028.0311352591962
4757.882233759388,8.109875597059727,228.0505725890398,2028.9261295925826
4758.102475076914,8.111526736989617,228.2234945744276,2028.9261295925826
4759.861894670874,8.111526736989617,228.2234945744276,2030.1716795898974
4759.985424185172,8.113120937719941,228.3198372013867,2030.1716795898974
4761.20070434548,8.113120937719941,228.3198372013867,2030.9641548581421
4761.3908883184195,8.114745197817683,228.4804650451988,2030.9641548581421
4762.720238983631,8.114745197817683,228.4804650451988,2031.930333463475
4764.583180543035,8.119351997971535,228.6861084960401,2031.930333463475
4766.074265832081,8.119351997971535,228.6861084960401,2032.8109302073717
4766.328442875296,8.12089180573821,228.90860001556575,2032.8109302073717
4767.92344163917,8.12089180573821,228.90860001556575,2033.8079516999424
4768.181940803304,8.122750787064433,229.12434516474605,2033.8079516999424
4769.849788092077,8.122750787064433,229.12434516474605,2034.956637950614
4770.08417516388,8.124385258182883,229.33377685397863,2034.956637950614
4771.777865905315,8.124385258182883,229.33377685397863,2036.1615642663091
4773.24601428397,8.129518657922745,229.3832836188376,2036.1615642663091
4774.738597650081,8.129518657922745,229.3832836188376,2037.2005997262895
4775.0907339360565,8.131004184484482,229.68099396303296,2037.2005997262895
4776.660991011187,8.131004184484482,229.68099396303296,2038.3129555657506
4776.929417595267,8.132865216583014,229.79683848284185,2038.3129555657506
4778.400175947696,8.132865216583014,229.79683848284185,2039.143252812326
4778.624766247347,8.134405324235559,229.97459418699145,2039.143252812326
4780.192950332537,8.134405324235559,229.97459418699145,2040.1961825564504
4781.600355494767,8.139344280585647,230.10388277471066,2040.1961825564504
4782.920473353937,8.139344280585647,230.10388277471066,2041.222165690735
4783.169071953744,8.1409663092345,230.29953207075596,2041.222165690735
4784.173457423225,8.1409663092345,230.29953207075596,2041.8861570842564
4784.506176395342,8.142577297985554,230.53177013807,2041.8861570842564
4786.058897230774,8.142577297985554,230.53177013807,2043.0082414280623
4786.199779490009,8.144068844616413,230.66044455766678,2043.0082414280623
4787.757078239694,8.144068844616413,230.66044455766678,2043.9652506448328
4789.02456025593,8.148936610668898,230.92921596951783,2043.9652506448328
4789.925924530253,8.148936610668898,230.92921596951783,2044.5030250940472
4790.0458854641765,8.150412516668439,231.0396884623915,2044.5030250940472
4791.579042997211,8.150412516668439,231.0396884623915,2045.6417567804456
4791.709138641134,8.15222692862153,231.14550840482116,2045.6417567804456
4793.43676738441,8.15222692862153,231.14550840482116,2046.9691800493747
4793.677646527067,8.153976438567042,231.34591584466398,2046.9691800493747
4794.810468124226,8.153976438567042,231.34591584466398,2047.7203743997961
4796.328529216349,8.174462974071503,231.65803571231663,2047.7203743997961
4797.653715141118,8.174462974071503,231.65803571231663,2048.6607626266778
4797.818692019209,8.175955452024937,231.81136166118085,2048.6607626266778
4799.156858151779,8.175955452024937,231.81136166118085,2049.563768317923
4799.374936226755,8.177485039457679,231.97774025425315,2049.563768317923
4800.637713273987,8.177485039457679,231.97774025425315,2050.3897577039897
4800.90066408366,8.179064307361841,232.2309576123953,2050.3897577039897
4802.320114959031,8.179064307361841,232.2309576123953,2051.4163420386612
4803.458841551095,8.196486663073301,232.38827444426715,2051.4163420386612
4804.968746326864,8.196486663073301,232.38827444426715,2052.560709739104
4805.101147575304,8.19805639050901,232.4916623327881,2052.560709739104
4806.190211379901,8.19805639050901,232.4916623327881,2053.2326699346304
4806.473976036534,8.19960449822247,232.7599442806095,2053.2326699346304
4807.856385847554,8.19960449822247,232.7599442806095,2054.1409287583083
4808.018871951848,8.20129680633545,232.89742941968143,2054.1409287583083
4809.502242481336,8.20129680633545,232.89742941968143,2055.1668754070997
4811.043512167409,8.212268950417638,233.0501342229545,2055.1668754070997
4812.0653272960335,8.212268950417638,233.0501342229545,2055.781403867528
4812.1936227194965,8.213836448267102,233.15038039721549,2055.781403867528
4813.6143120434135,8.213836448267102,233.15038039721549,2056.5428385064006
4813.871233800426,8.215568190440536,233.2309123761952,2056.5428385064006
4814.93941102922,8.215568190440536,233.2309123761952,2056.8846890218556
4815.268379284069,8.217107810080051,233.33851237222552,2056.8846890218556
4816.518861135468,8.217107810080051,233.33851237222552,2057.3158306851983
4819.148478427902,8.222091237083077,233.46783289685845,2057.3158306851983
4820.521941903979,8.222091237083077,233.46783289685845,2058.363677015528
4820.779928999022,8.223639344796538,233.69517830386758,2058.363677015528
4821.968088563532,8.223639344796538,233.69517830386758,2058.9206800833344
4822.11706055887,8.225208753719926,233.8291440512985,2058.9206800833344
4823.646520791575,8.225208753719926,233.8291440512985,2059.673307750374
4823.705493347719,8.22690462693572,233.87470906041563,2059.673307750374
4824.745690105483,8.22690462693572,233.87470906041563,2060.2936773430556
4828.36457920447,8.250049609690905,234.0844242144376,2060.2936773430556
4829.0726579502225,8.250049609690905,234.0844242144376,2060.8287588823587
4829.328211223707,8.251642309129238,234.14347104169428,2060.8287588823587
4830.415753636509,8.251642309129238,234.14347104169428,2061.2080810125917
4830.641657380387,8.253171866759658,234.3321751728654,2061.2080810125917
4831.569081213325,8.253171866759658,234.3321751728654,2061.5779495034367
4831.894202345982,8.254849575459957,234.43887104280293,2061.5779495034367
4832.594956543297,8.254849575459957,234.43887104280293,2062.04922420159
4835.617077667266,8.25954625941813,234.53779039531946,2062.04922420159
4837.042268311605,8.25954625941813,234.53779039531946,2062.6857314407825
4837.449455223978,8.26108498685062,234.62808277085423,2062.6857314407825
4839.407435581088,8.26108498685062,234.62808277085423,2063.6105282641947
4839.664089307189,8.262683564797044,234.82429992221296,2063.6105282641947
4840.898227702826,8.262683564797044,234.82429992221296,2064.409083897248
4841.060529531911,8.264209024608135,234.9524981379509,2064.409083897248
4842.280587846413,8.264209024608135,234.9524981379509,2064.8317659366876
4843.959655243903,8.270116901025176,235.157938670367,2064.8317659366876
4845.365063033998,8.270116901025176,235.157938670367,2065.8323331922293
4845.652720967308,8.271711379289627,235.4324300698936,2065.8323331922293
4846.241760680452,8.271711379289627,235.4324300698936,2066.1207718309015
4846.445744976401,8.27354871109128,235.5308753438294,2066.1207718309015
4847.9804705530405,8.27354871109128,235.5308753438294,2067.1751685533673
4848.209440506995,8.275078386068344,235.59569324366748,2067.1751685533673
4849.330219458789,8.275078386068344,235.59569324366748,2067.9304182175547
4852.267907263711,8.28799369558692,235.70009956508875,2067.9304182175547
4853.550230287015,8.28799369558692,235.70009956508875,2068.7232095953077
4853.763806074858,8.28962610475719,235.84335487149656,2068.7232095953077
4855.3340178877115,8.28962610475719,235.84335487149656,2069.783378297463
4855.565846003592,8.291274763643742,235.98881041817367,2069.783378297463
4857.03769874759,8.291274763643742,235.98881041817367,2070.657834082842
4857.201479203999,8.292829191312194,236.12666695006192,2070.657834082842
4858.243768936023,8.292829191312194,236.12666695006192,2071.4334464669228
4861.190160667524,8.309956308454275,236.2638229802251,2071.4334464669228
4862.5630247127265,8.309956308454275,236.2638229802251,2072.1369380112737
4862.86321862787,8.311668548732996,236.46818439662457,2072.1369380112737
4863.843977700919,8.311668548732996,236.46818439662457,2072.880305569619
4864.058643791825,8.31329289637506,236.58964953571558,2072.880305569619
4864.779594279826,8.31329289637506,236.58964953571558,2073.248270848766
4865.067701255903,8.31487231515348,236.7275451272726,2073.248270848766
4866.07837843895,8.31487231515348,236.7275451272726,2073.8214274775237
4868.391655934975,8.320193594321609,236.9079332333058,2073.8214274775237
4869.488852273673,8.320193594321609,236.9079332333058,2074.4775169342756
4869.758298745379,8.321792401373386,237.15892794542015,2074.4775169342756
4871.272230500355,8.321792401373386,237.15892794542015,2075.3753716181964
4871.418021446094,8.325923033058643,237.23511814326048,2075.3753716181964
4873.279044659808,8.325923033058643,237.23511814326048,2076.6680705063045
4873.476751215756,8.327455000951886,237.32956711761653,2076.6680705063045
4874.666027879342,8.327455000951886,237.32956711761653,2077.4482739735395
4878.8300257679075,8.332309413701296,237.43349840305746,2077.4482739735395
4879.564986355603,8.332309413701296,237.43349840305746,2077.743805665523
4879.781322835013,8.33383739925921,237.62496086023748,2077.743805665523
4880.712290022522,8.33383739925921,237.62496086023748,2078.2449057158083
4880.988677952439,8.335481436923146,237.71519158780575,2078.2449057158083
4882.268886486068,8.335481436923146,237.71519158780575,2078.742419453338
4882.803838755935,8.33705634623766,237.8083284497261,2078.742419453338
4884.280183210969,8.33705634623766,237.8083284497261,2079.4168006442487
4887.70352322422,8.34187294356525,238.14766752161086,2079.4168006442487
4888.866856034845,8.34187294356525,238.14766752161086,2080.11490733549
4889.052481500432,8.343853740021586,238.32144539244473,2080.11490733549
4890.911422340199,8.343853740021586,238.32144539244473,2080.763297766447
4891.3349148109555,8.345611412078142,238.55898546613753,2080.763297766447
4892.45857937634,8.345611412078142,238.55898546613753,2081.0716258417815
4892.80249732919,8.347355093806982,238.81797461397946,2081.0716258417815
4894.31242601946,8.347355093806982,238.81797461397946,2082.0567399971187
4899.206169934943,8.368477845564485,238.91122215799987,2082.0567399971187
4900.275090551004,8.368477845564485,238.91122215799987,2082.500273283571
4900.616881519556,8.370322478935122,238.95646465197206,2082.500273283571
4901.637101083994,8.370322478935122,238.95646465197206,2083.0749742556363
4901.74771841988,8.37190113030374,239.0500815026462,2083.0749742556363
4902.767563967034,8.37190113030374,239.0500815026462,2083.646133515984
4902.992154611275,8.373660799115896,239.12703894264996,2083.646133515984
4904.561534808949,8.373660799115896,239.12703894264996,2084.3749487288296
4906.575214661658,8.378461936488748,239.45312828943133,2084.3749487288296
4907.848779760301,8.378461936488748,239.45312828943133,2085.2069121729583
4908.1736770272255,8.380047585815191,239.75728851370513,2085.2069121729583
4909.652638847008,8.380047585815191,239.75728851370513,2085.9098376482725
4909.8486705087125,8.381588684394956,239.92843447811902,2085.9098376482725
4910.922866020352,8.381588684394956,239.92843447811902,2086.628247456625
4911.062043080106,8.383249372243881,240.0429244041443,2086.628247456625
4912.372077578679,8.383249372243881,240.0429244041443,2087.5639974325895
4913.597775302827,8.388147559016943,240.10899637266994,2087.5639974325895
4915.2911486029625,8.388147559016943,240.10899637266994,2088.6128452308476
4915.674510683864,8.389844499528408,240.4347274079919,2088.6128452308476
4917.632767522708,8.389844499528408,240.4347274079919,2089.9364946968853
4917.992567552254,8.391457919031382,240.7539309039712,2089.9364946968853
4918.932997964323,8.391457919031382,240.7539309039712,2090.67575356178
4919.1654529403895,8.393018277361989,240.9592700432986,2090.67575356178
4919.919445792213,8.393018277361989,240.9592700432986,2091.2585179451853
4921.207949463278,8.397954668849707,241.00905559584498,2091.2585179451853
4922.394089333713,8.397954668849707,241.00905559584498,2091.990579875186
4922.516823248938,8.399491306394339,241.1113976035267,2091.990579875186
4923.201604228467,8.399491306394339,241.1113976035267,2092.442320143804
4923.528138279915,8.401040626689792,241.39865398034453,2092.442320143804
4925.057180548087,8.401040626689792,241.39865398034453,2093.4229436609894
4925.402109915391,8.402709238231182,241.6911490559578,2093.4229436609894
4927.351227007806,8.402709238231182,241.6911490559578,2094.8417390789837
4928.604712085798,8.430434357374907,241.89696022495627,2094.8417390789837
4930.023165330291,8.430434357374907,241.89696022495627,2095.7514765150845
4930.215789183974,8.431973276659846,242.0548501033336,2095.7514765150845
4931.479057166725,8.431973276659846,242.0548501033336,2096.706494435668
4931.612542539835,8.433673257008195,242.1681209821254,2096.706494435668
4932.993573322892,8.433673257008195,242.1681209821254,2097.651788836345
4933.338625468314,8.435151536017656,242.49134570546448,2097.651788836345
4935.434150123969,8.435151536017656,242.49134570546448,2098.9142563305795
4936.636374915019,8.446090063080192,242.54794023372233,2098.9142563305795
4938.250981256366,8.446090063080192,242.54794023372233,2100.172740805894
4938.472180005163,8.447681054472923,242.7493907082826,2100.172740805894
4940.521072709933,8.447681054472923,242.7493907082826,2101.534468339756
4940.734873276204,8.449200475588441,242.92523556947708,2101.534468339756
4942.273434931412,8.449200475588441,242.92523556947708,2102.456499814987
4942.358745887876,8.450732422992587,242.97068583592772,2102.456499814987
4943.712257735431,8.450732422992587,242.97068583592772,2103.073228418827
4946.53900850378,8.455510029569268,243.0641296952963,2103.073228418827
4947.715430120006,8.455510029569268,243.0641296952963,2103.507949030027
4947.911084391177,8.457299750298262,243.24240533076227,2103.507949030027
4948.93925104104,8.457299750298262,243.24240533076227,2104.189475061372
4949.07387589477,8.458898121491075,243.35673196800053,2104.189475061372
4950.090070780367,8.458898121491075,243.35673196800053,2104.7700210679322
4950.376633996144,8.460471550002694,243.6023297458887,2104.7700210679322
4952.3182899374515,8.460471550002694,243.6023297458887,2105.4527634233236
4956.305216331035,8.465753555297852,243.7391589395702,2105.4527634233236
4957.279793376103,8.465753555297852,243.7391589395702,2105.8924513775855
4957.487314550206,8.467430895194411,243.9239104669541,2105.8924513775855
4958.500828683376,8.467430895194411,243.9239104669541,2106.560237718746
4958.657667035237,8.469033492729068,244.06335959769785,2106.560237718746
4960.101992685348,8.469033492729068,244.06335959769785,2107.294911943376
4960.297366283834,8.470600701868534,244.24198714271188,2107.294911943376
4961.272909004241,8.470600701868534,244.24198714271188,2107.8114978708327
4964.650554643944,8.475411526858807,244.4292304944247,2107.8114978708327
4966.061785701662,8.475411526858807,244.4292304944247,2108.2189648374915
4966.175191003829,8.477049186825752,244.512060534209,2108.2189648374915
4967.230619799346,8.477049186825752,244.512060534209,2108.832551887259
4967.47771788761,8.480697482824326,244.72733351960778,2108.832551887259
4969.11728685163,8.480697482824326,244.72733351960778,2110.0651409104466
4969.4000689107925,8.482247890904546,244.97638370655477,2110.0651409104466
4971.933658899739,8.482247890904546,244.97638370655477,2111.577010486275
4975.640141775832,8.493014117702842,245.08775807358325,2111.577010486275
4976.755736038089,8.493014117702842,245.08775807358325,2112.048079410568
4976.905812591314,8.494568325579166,245.21809785068035,2112.048079410568
4977.85382408835,8.494568325579166,245.21809785068035,2112.506588149816
4978.016240844503,8.496862057596445,245.35521444119513,2112.506588149816
4979.253928387538,8.496862057596445,245.35521444119513,2113.1827137097716
4979.572756541893,8.49860723875463,245.44301848486066,2113.1827137097716
4980.821394525468,8.49860723875463,245.44301848486066,2113.8606249745935
4983.645222259685,8.503547839820385,245.67020787671208,2113.8606249745935
4984.961517576128,8.503547839820385,245.67020787671208,2114.480675654486
4985.055532768369,8.505071656778455,245.74411797709763,2114.480675654486
4986.949816798791,8.505071656778455,245.74411797709763,2115.4613264240324
4987.152957452461,8.506623843684793,245.8923913575709,2115.4613264240324
4988.161974463612,8.506623843684793,245.8923913575709,2116.038061885163
4988.4149062894285,8.508312633261085,246.03119298629463,2116.038061885163
4989.397757912055,8.508312633261085,246.03119298629463,2116.792421210557
4991.647773627192,8.513199549168348,246.14825856499374,2116.792421210557
4992.963245848194,8.513199549168348,246.14825856499374,2117.496337065473
4993.127763930708,8.514778407290578,246.2950728405267,2117.496337065473
4994.213829115033,8.514778407290578,246.2950728405267,2118.120641410351
4994.371488776058,8.516400024294853,246.3942762389779,2118.120641410351
4995.274755546823,8.516400024294853,246.3942762389779,2118.6346882339567
4995.360634226352,8.517976552248001,246.46837265230715,2118.6346882339567
4996.345520457253,8.517976552248001,246.46837265230715,2119.18479652144
4999.174626683816,8.522867102175951,246.77181239239872,2119.18479652144
5000.481933359057,8.522867102175951,246.77181239239872,2119.9829063490033
5000.565838603303,8.524568995460868,246.83516418375075,2119.9829063490033
5002.437973771244,8.524568995460868,246.83516418375075,2121.441284760833
5002.512453965843,8.526037901639938,246.8957263752818,2121.441284760833
5003.506490146741,8.526037901639938,246.8957263752818,2121.9608935769647
5003.875624824315,8.527547389268875,247.03626995906234,2121.9608935769647
5004.629799099639,8.527547389268875,247.03626995906234,2122.3487222902477
5007.42095666565,8.532470850273967,247.21266676858068,2122.3487222902477
5008.626675307751,8.532470850273967,247.21266676858068,2122.9898589774966
5008.783384144306,8.534390395507216,247.33982080034912,2122.9898589774966
5010.1548340227455,8.534390395507216,247.33982080034912,2123.7112645842135
5010.360055556521,8.535946931689978,247.4522165376693,2123.7112645842135
5012.065839087591,8.535946931689978,247.4522165376693,2124.834117345512
5012.30013619177,8.537490079179406,247.67341079562902,2124.834117345512
5013.5662830565125,8.537490079179406,247.67341079562902,2125.801033133641
5016.696344612166,8.544602498412132,247.7175525315106,2125.801033133641
5017.388180339709,8.544602498412132,247.7175525315106,2126.0966179464012
5017.636268964037,8.546404859051108,247.85061824321747,2126.0966179464012
5018.380653711036,8.546404859051108,247.85061824321747,2126.5273432750255
5018.62597819604,8.555094795301557,247.9836857430637,2126.5273432750255
5019.635282322764,8.555094795301557,247.9836857430637,2127.1984154582024
5019.798002418131,8.563180780038238,248.11530198715627,2127.1984154582024
5020.774252459407,8.563180780038238,248.11530198715627,2127.717893216759
5025.725319828838,8.568018766120076,248.20105656422675,2127.717893216759
5026.821391705424,8.568018766120076,248.20105656422675,2128.2665204554796
5026.911443270743,8.569518003612757,248.2593445070088,2128.2665204554796
5028.056333607063,8.569518003612757,248.2593445070088,2128.81391791068
5028.408493312076,8.571076331660151,248.55985608696938,2128.81391791068
5030.024350529537,8.571076331660151,248.55985608696938,2129.795247716829
5030.130207339302,8.57266409136355,248.64608961343765,2129.795247716829
5031.319955280051,8.57266409136355,248.64608961343765,2130.492705931887
5034.738015603274,8.578156558796763,248.833140918985,2130.492705931887
5036.0414313972,8.578156558796763,248.833140918985,2131.440387636423
5036.320207467303,8.57970779389143,249.07706470042467,2131.440387636423
5038.005334813148,8.57970779389143,249.07706470042467,2132.410201529041
5038.155108926818,8.58122537098825,249.2139987424016,2132.410201529041
5039.610416263342,8.58122537098825,249.2139987424016,2133.0945167280734
5039.760351341218,8.582846350967884,249.35388827882707,2133.0945167280734
5041.191451495513,8.582846350967884,249.35388827882707,2133.5986544191837
5046.144103543833,8.59011397138238,249.42358890548348,2133.5986544191837
5046.998352166265,8.59011397138238,249.42358890548348,2134.1006098911166
5047.388121003285,8.591702051460743,249.6372691821307,2134.1006098911166
5048.42223502323,8.591702051460743,249.6372691821307,2134.7942498717457
5048.689243355766,8.597522597759962,249.8504625428468,2134.7942498717457
5049.6903832722455,8.597522597759962,249.8504625428468,2135.410617109388
5049.9099723454565,8.599040556699038,250.03977726213634,2135.410617109388
5051.028444901109,8.599040556699038,250.03977726213634,2136.0072380304337
5053.559057287872,8.603958785533905,250.23429156467319,2136.0072380304337
5054.615544816479,8.603958785533905,250.23429156467319,2136.583068739623
5054.744855972007,8.605578323826194,250.2990038432181,2136.583068739623
5055.423542138189,8.605578323826194,250.2990038432181,2136.9679111596197
5055.543503124267,8.607330234721303,250.4065035432577,2136.9679111596197
5056.617236705497,8.607330234721303,250.4065035432577,2137.5732349418104
5056.757693171501,8.609008725732565,250.51933941058815,2137.5732349418104
5058.18662036024,8.609008725732565,250.51933941058815,2138.0978694651276
5061.72220460698,8.619517225772142,250.7609448172152,2138.0978694651276
5062.832603704184,8.619517225772142,250.7609448172152,2138.664130076766
5063.0980761591345,8.621083173900843,251.00949173793197,2138.664130076766
5064.152727659792,8.621083173900843,251.00949173793197,2139.1981150005013
5064.513164291158,8.628835393115878,251.19147775880992,2139.1981150005013
5065.318428687751,8.628835393115878,251.19147775880992,2139.608224676922
5065.538793999702,8.630595864728093,251.3788588233292,2139.608224676922
5066.421927912161,8.630595864728093,251.3788588233292,2140.120054392144
5068.9264989402145,8.63552225753665,251.66071219556034,2140.120054392144
5070.562745371833,8.63552225753665,251.66071219556034,2141.3033382501453
5070.920998016372,8.6371761970222,251.9259457681328,2141.3033382501453
5072.223230654374,8.6371761970222,251.9259457681328,2142.2518246360123
5072.434739936143,8.638907166197896,252.10769901238382,2142.2518246360123
5073.997021714225,8.638907166197896,252.10769901238382,2143.4947034921497
5074.133122483268,8.640465693548322,252.23398583754897,2143.4947034921497
5075.00455920957,8.640465693548322,252.23398583754897,2144.0830919835716
5077.848157916218,8.655304772779346,252.2781099434942,2144.0830919835716
5078.838821718469,8.655304772779346,252.2781099434942,2144.4938135761768
5079.028301080689,8.656854081898928,252.4578012805432,2144.4938135761768
5079.901052104309,8.656854081898928,252.4578012805432,2145.045272530988
5080.047844015062,8.658448811620474,252.53162627480924,2145.045272530988
5081.495319556445,8.658448811620474,252.53162627480924,2145.975561743602
5081.751132339239,8.66020767018199,252.69814799539745,2145.975561743602
5083.072752095759,8.66020767018199,252.69814799539745,2146.4452698212117
5087.455815821886,8.665957476943731,252.74353615567088,2146.4452698212117
5088.542196489871,8.665957476943731,252.74353615567088,2147.1976723708212
5088.630196308717,8.66755585744977,252.81722187623382,2147.1976723708212
5089.915148239583,8.66755585744977,252.81722187623382,2147.8892920520157
5090.1941123809665,8.66924461722374,252.98034609295428,2147.8892920520157
5091.169079516083,8.66924461722374,252.98034609295428,2148.33946441859
5091.355779770762,8.670986101031303,253.03379224799573,2148.33946441859
5092.491525014862,8.670986101031303,253.03379224799573,2148.9614708628505
5099.157537499443,8.68374646268785,253.1601828560233,2148.9614708628505
5100.206382105127,8.68374646268785,253.1601828560233,2149.493758138269
5100.555066931993,8.685329241678119,253.4635437093675,2149.493758138269
5101.399164155126,8.685329241678119,253.4635437093675,2150.0596798229963
5101.653213050216,8.686881629750133,253.69593808054924,2150.0596798229963
5102.732407394797,8.686881629750133,253.69593808054924,2150.667647967115
5102.883894355968,8.68850831873715,253.81474907137454,2150.667647967115
5104.561458243057,8.68850831873715,253.81474907137454,2151.8732743319124
5106.552156805992,8.693459797650576,254.06981140561402,2151.8732743319124
5107.743718167767,8.693459797650576,254.06981140561402,2152.5553429778665
5108.05023160018,8.695058098062873,254.31516900099814,2152.5553429778665
5108.73038203083,8.695058098062873,254.31516900099814,2152.9686068743467
5108.882774479687,8.696640886366367,254.45419243723154,2152.9686068743467
5109.999732591212,8.696640886366367,254.45419243723154,2153.772190200165
5110.195640383288,8.69829073548317,254.62907376140356,2153.772190200165
5111.280564820394,8.69829073548317,254.62907376140356,2154.383287921548
5114.131842115894,8.728726036846638,254.7717748619616,2154.383287921548
5115.052739486098,8.728726036846638,254.7717748619616,2154.676102709025
5115.392817107961,8.731243403628469,254.8983002193272,2154.676102709025
5116.200508099049,8.731243403628469,254.8983002193272,2155.1454190164804
5116.3532571308315,8.732746690511703,255.0244742333889,2155.1454190164804
5117.43945572339,8.732746690511703,255.0244742333889,2155.765912072733
5117.525605872273,8.734279219061136,255.09957875311375,2155.765912072733
5119.336817339063,8.734279219061136,255.09957875311375,2156.7211979478598
5121.974104655907,8.739124953746796,255.3637379128486,2156.7211979478598
5123.4903630800545,8.739124953746796,255.3637379128486,2157.739674044773
5123.799896281213,8.740560309961438,255.65963334962726,2157.739674044773
5124.661701666191,8.740560309961438,255.65963334962726,2158.1970363724977
5124.815618030727,8.742106270045042,255.78890423104167,2158.1970363724977
5125.948564101011,8.742106270045042,255.78890423104167,2158.852738128975
5126.122227203101,8.743767539039254,255.83849000744522,2158.852738128975
5127.038655437529,8.743767539039254,255.83849000744522,2159.3289494663477
5129.375416066498,8.758323451504111,256.0698832832277,2159.3289494663477
5130.228422664106,8.758323451504111,256.0698832832277,2159.786275431514
5130.498932857066,8.761874346062541,256.3013335932046,2159.786275431514
5131.732264207676,8.761874346062541,256.3013335932046,2160.6880826726556
5131.949737522751,8.7635806966573,256.44505274295807,2160.6880826726556
5132.7994499932975,8.7635806966573,256.44505274295807,2161.049648836255
5133.018509367481,8.772200791165233,256.5753771122545,2161.049648836255
5134.157534563914,8.772200791165233,256.5753771122545,2161.7867146395147
5136.425870070234,8.777210103347898,256.6949800364673,2161.7867146395147
5137.833239333704,8.777210103347898,256.6949800364673,2162.7046156730503
5138.1253044921905,8.778809130191803,256.94364840723574,2162.7046156730503
5139.515584714711,8.778809130191803,256.94364840723574,2163.564573150128
5139.7787305004895,8.780400607734919,257.1528255827725,2163.564573150128
5141.334141975269,8.780400607734919,257.1528255827725,2164.662895111367
5141.558653039858,8.782070046290755,257.34363474696875,2164.662895111367
5142.584645096213,8.782070046290755,257.34363474696875,2165.133642492816
5145.417404128239,8.807177431881428,257.5764514915645,2165.133642492816
5146.437907503918,8.807177431881428,257.5764514915645,2165.691933721304
5146.542944287881,8.808706119656563,257.6686142422259,2165.691933721304
5147.650676231831,8.808706119656563,257.6686142422259,2166.4490122105926
5147.94322372973,8.810319809243083,257.9177973140031,2166.4490122105926
5149.241302443668,8.810319809243083,257.9177973140031,2167.2692418713123
5149.427205728367,8.811865884810686,258.06352097168565,2167.2692418713123
5150.863938644528,8.811865884810686,258.06352097168565,2168.201633742079
5153.021028684452,8.823875097557902,258.23548330552876,2168.201633742079
5154.451308364049,8.823875097557902,258.23548330552876,2169.0311407912523
5154.692152163014,8.825531788170338,258.30798291042447,2169.0311407912523
5156.1470007207245,8.825531788170338,258.30798291042447,2169.877423707396
5156.318497015163,8.827120766043663,258.4501897357404,2169.877423707396
5157.231934826821,8.827120766043663,258.4501897357404,2170.2668764088303
5157.476713301614,8.832623675465584,258.5079805627465,2170.2668764088303
5158.038202431053,8.832623675465584,258.5079805627465,2170.5646209102124
5163.605198839679,8.837448691949248,258.59251293353736,2170.5646209102124
5164.4288309868425,8.837448691949248,258.59251293353736,2171.0630913171917
5164.647174611688,8.83925848454237,258.77813547849655,2171.0630913171917
5166.416561191902,8.83925848454237,258.77813547849655,2172.433709712699
5166.515764510259,8.840889995917678,258.86291052401066,2172.433709712699
5167.556661743671,8.840889995917678,258.86291052401066,2172.8996168319136
5167.756209209561,8.842514615505934,259.0413111150265,2172.8996168319136
5168.860733836889,8.842514615505934,259.0413111150265,2173.526392996311
5172.371185623109,8.847418986260891,259.0898930877447,2173.526392996311
5173.639229547232,8.847418986260891,259.0898930877447,2174.3526029251516
5173.86946977675,8.849040914326906,259.2978032846004,2174.3526029251516
5174.766939967871,8.849040914326906,259.2978032846004,2175.027264216915
5174.923088235781,8.850746875628829,259.4392235670239,2175.027264216915
5176.3670992497355,8.850746875628829,259.4392235670239,2176.076655589044
5176.73158082366,8.852424597367644,259.7542559951544,2176.076655589044
5177.862201768905,8.852424597367644,259.7542559951544,2176.7358273323625
5179.888194939122,8.857337785884738,259.8813609071076,2176.7358273323625
5181.706425007433,8.857337785884738,259.8813609071076,2177.976073525846
5182.014952838421,8.859057918190956,260.10887193866074,2177.976073525846
5183.390193207189,8.859057918190956,260.10887193866074,2178.7164762634784
5183.845094671473,8.864024950191379,260.2872863225639,2178.7164762634784
5185.226417815313,8.864024950191379,260.2872863225639,2179.4815145395696
5185.347588159144,8.86570261232555,260.36731270328164,2179.4815145395696
5186.164093559608,8.86570261232555,260.36731270328164,2179.8670820482075
5187.5063324943185,8.872963424772024,260.54356358759105,2179.8670820482075
5188.370524736121,8.872963424772024,260.54356358759105,2180.333878858015
5188.541792269796,8.874627074226737,260.70323181152344,2180.333878858015
5189.341243928298,8.874627074226737,260.70323181152344,2180.974403899163
5189.70351581648,8.876331843435764,260.923284759745,2180.974403899163
5190.703624751419,8.876331843435764,260.923284759745,2181.67214339599
5190.867469431832,8.878067545592785,261.0712473914027,2181.67214339599
5191.642316745594,8.878067545592785,261.0712473914027,2182.0059413369745
5193.574658419937,8.883079424500465,261.12086554057896,2182.0059413369745
5194.7170046158135,8.883079424500465,261.12086554057896,2182.549099113792
5194.7865642383695,8.88471637479961,261.1696534752846,2182.549099113792
5195.675633670762,8.88471637479961,261.1696534752846,2182.922008752823
5195.74457231164,8.886401755735278,261.2196824029088,2182.922008752823
5196.9475493673235,8.886401755735278,261.2196824029088,2183.339574612677
5197.1344047077,8.888095006346703,261.3929737135768,2183.339574612677
5198.208091119304,8.888095006346703,261.3929737135768,2183.772968079895
5201.233182920143,8.892990723252296,261.5692905895412,2183.772968079895
5202.39321536012,8.892990723252296,261.5692905895412,2184.4638870358467
5202.669356934726,8.894664542749524,261.726964129135,2184.4638870358467
5203.719909833744,8.894664542749524,261.726964129135,2185.144427113235
5203.927651239559,8.896256672218442,261.90020333975554,2185.144427113235
5204.807129595429,8.896256672218442,261.90020333975554,2185.556024905294
5205.068696377799,8.897893531247973,262.1332777161151,2185.556024905294
5205.977972853929,8.897893531247973,262.1332777161151,2186.1284593958408
5208.391527775675,8.902914920821786,262.41987911239266,2186.1284593958408
5209.4426476527005,8.902914920821786,262.41987911239266,2186.862664150074
5209.871428307146,8.904663352295756,262.69017877429724,2186.862664150074
5210.9061263389885,8.904663352295756,262.69017877429724,2187.3889794740826
5211.139597415924,8.906310131773353,262.8943823464215,2187.3889794740826
5212.400785675272,8.906310131773353,262.8943823464215,2188.197820920497
5212.617340020835,8.907984912395477,263.0720653887838,2188.197820920497
5213.89805736579,8.907984912395477,263.0720653887838,2188.8560065161437
5217.324960971251,8.912978310137987,263.1210283469409,2188.8560065161437
5218.911317624152,8.912978310137987,263.1210283469409,2189.4471109360456
5219.313869843259,8.914853353053331,263.39679899811745,2189.4471109360456
5220.494770301506,8.914853353053331,263.39679899811745,2190.1989552527666
5220.883454771712,8.919274872168899,263.73738457635045,2190.1989552527666
5222.2922482043505,8.919274872168899,263.73738457635045,2191.319688150659
5222.5722446125,8.926333470270038,263.975980265066,2191.319688150659
5223.850102178752,8.926333470270038,263.975980265066,2192.1607480458915
5225.855795679614,8.931440107524395,264.1239948011935,2192.1607480458915
5227.043601185083,8.931440107524395,264.1239948011935,2192.851967545226
5227.146378139034,8.937178831547499,264.20366636663675,2192.851967545226
5228.031455684453,8.937178831547499,264.20366636663675,2193.503652555868
5228.188556464389,8.938867380842566,264.3490991741419,2193.503652555868
5229.05326090008,8.938867380842566,264.3490991741419,2194.1590965352952
5229.297399159521,8.940455041825771,264.5598556175828,2194.1590965352952
5229.949432587251,8.940455041825771,264.5598556175828,2194.5685605760664
5231.828401884064,8.950363341718912,264.71917763724923,2194.5685605760664
5233.197138246149,8.950363341718912,264.71917763724923,2195.500317107886
5233.439323447645,8.952037269249558,264.928123857826,2195.500317107886
5234.587044261396,8.952037269249558,264.928123857826,2196.428370844573
5234.835731294006,8.953744838014245,265.16292884759605,2196.428370844573
5236.00592848286,8.953744838014245,265.16292884759605,2197.127304237336
5236.131044063717,8.9553496055305,265.2716059293598,2197.127304237336
5237.46162410453,8.9553496055305,265.2716059293598,2198.252672245726
5239.107090791687,8.960513008758426,265.46479658409953,2198.252672245726
5240.09161799401,8.960513008758426,265.46479658409953,2198.6829044930637
5240.373400487006,8.962147258222103,265.73154283314943,2198.6829044930637
5241.413874447346,8.962147258222103,265.73154283314943,2199.20139202103
5241.527387125418,8.963839888572693,265.8161849193275,2199.20139202103
5242.393975071609,8.963839888572693,265.8161849193275,2199.5320220123976
5242.560816736892,8.970663752406836,265.9296723678708,2199.5320220123976
5243.528901353478,8.970663752406836,265.9296723678708,2200.235825881362
5244.93128365092,8.975663153454661,266.0154906846583,2200.235825881362
5246.180406769738,8.975663153454661,266.0154906846583,2201.108686901629
5246.3607314210385,8.987452317029238,266.10691687092185,2201.108686901629
5247.548155440018,8.987452317029238,266.10691687092185,2201.659394575283
5247.63010712713,8.989032845944166,266.1664511114359,2201.659394575283
5248.28690263629,8.989032845944166,266.1664511114359,2202.075974293053
5248.60729589127,8.990717997774482,266.39487293735147,2202.075974293053
5249.840219065547,8.990717997774482,266.39487293735147,2202.937210071832
5251.400021502748,9.001739148050547,266.72705116681755,2202.937210071832
5253.207324946299,9.001739148050547,266.72705116681755,2204.292110333219
5253.456739030778,9.003353375941515,266.9635885283351,2204.292110333219
5254.775128059089,9.003353375941515,266.9635885283351,2205.314333276823
5254.997500678524,9.004929643124342,267.1764222923666,2205.314333276823
5256.16182057932,9.004929643124342,267.1764222923666,2206.073952011764
5256.4595314227045,9.006567150354385,267.4139903243631,2206.073952011764
5258.067868387327,9.006567150354385,267.4139903243631,2207.2638125903904
5259.553029475734,9.011480489745736,267.53673681244254,2207.2638125903904
5260.939192548394,9.011480489745736,267.53673681244254,2208.333771791309
5261.303871426731,9.013163942843676,267.6790959443897,2208.333771791309
5263.1746378950775,9.013163942843676,267.6790959443897,2209.549143783748
5263.314834492281,9.014677330851555,267.8032459374517,2209.549143783748
5264.454515039921,9.014677330851555,267.8032459374517,2210.3309825770557
5264.798595357686,9.016315311193466,268.12034706398845,2210.3309825770557
5265.808712484315,9.016315311193466,268.12034706398845,2211.1446926575154
5267.307782718912,9.021333003416657,268.3231811262667,2211.1446926575154
5268.7287811003625,9.021333003416657,268.3231811262667,2212.048812620342
5268.806097570807,9.022919533774257,268.38739376328886,2212.048812620342
5270.137705380097,9.022919533774257,268.38739376328886,2212.6957060843706
5270.220946408808,9.024622866883874,268.44197645410895,2212.6957060843706
5271.278297327459,9.024622866883874,268.44197645410895,2213.380796022713
5271.521172108129,9.026213925331831,268.66333271190524,2213.380796022713
5272.54549863562,9.026213925331831,268.66333271190524,2213.931029792875
5274.312865234911,9.031127393245697,268.78256451524794,2213.931029792875
5275.823474133387,9.031127393245697,268.78256451524794,2214.774282535538
5276.271161103621,9.059941595420241,269.17341727390885,2214.774282535538
5277.476907188073,9.059941595420241,269.17341727390885,2215.644555648789
5277.789346192032,9.066123567521572,269.39814380556345,2215.644555648789
5279.446516823024,9.066123567521572,269.39814380556345,2216.980571657419
5279.6728988438845,9.067710475996137,269.6137021705508,2216.980571657419
5280.761262258515,9.067710475996137,269.6137021705508,2217.8791531752795
5282.111687861383,9.07266596518457,269.8541124742478,2217.8791531752795
5283.868540707976,9.07266596518457,269.8541124742478,2218.772077480331
5284.049832969904,9.07518408074975,270.00840885564685,2218.772077480331
5284.963197896257,9.07518408074975,270.00840885564685,2219.234083140269
5285.236106311902,9.077011682093143,270.10238313116133,2219.234083140269
5286.28706513904,9.077011682093143,270.10238313116133,2219.6845927536488
5286.378975179046,9.08090190216899,270.15917654149234,2219.6845927536488
5287.96817054227,9.08090190216899,270.15917654149234,2220.5742264110595
5292.5916699282825,9.085724810138345,270.3101111650467,2220.5742264110595
5293.93175756,9.085724810138345,270.3101111650467,2221.4250722154975
5294.070637291297,9.088225046172738,270.4274819046259,2221.4250722154975
5295.171609591693,9.088225046172738,270.4274819046259,2221.8524216786027
5295.445171371102,9.089805632829666,270.4875482171774,2221.8524216786027
5296.747794304043,9.089805632829666,270.4875482171774,2222.2164995912462
5296.860110990703,9.09146587178111,270.55251077748835,2222.2164995912462
5297.777852863073,9.09146587178111,270.55251077748835,2222.554795768112
5303.579726982862,9.096470160409808,270.67928636074066,2222.554795768112
5304.842077279463,9.096470160409808,270.67928636074066,2223.2346480712295
5305.063143895939,9.098848724737763,270.8682057354599,2223.2346480712295
5306.298753304407,9.098848724737763,270.8682057354599,2224.006606478244
5306.628087867051,9.100570153445005,271.09580421820283,2224.006606478244
5307.927149191499,9.100570153445005,271.09580421820283,2224.7813405748457
5308.071908190846,9.102192362770438,271.22574220970273,2224.7813405748457
5310.24791280739,9.102192362770438,271.22574220970273,2226.0989470947534
5312.976186439395,9.107131378725171,271.28387495689094,2226.0989470947534
5314.392672490329,9.107131378725171,271.28387495689094,2227.0328789334744
5314.531470241025,9.111197475343943,271.3834697883576,2227.0328789334744
5315.235374143347,9.111197475343943,271.3834697883576,2227.4749115668237
5315.478764465079,9.112851386889815,271.58422793634236,2227.4749115668237
5316.582031643018,9.112851386889815,271.58422793634236,2228.0875656418502
5316.841867465526,9.114515006542206,271.79619373753667,2228.0875656418502
5317.783989226446,9.114515006542206,271.79619373753667,2228.6700734458864
5319.2281762789935,9.11954877898097,271.8444935772568,2228.6700734458864
5320.1622572653,9.11954877898097,271.8444935772568,2229.3066229540855
5320.344538297504,9.121263280510902,271.9898114576936,2229.3066229540855
5321.92556851171,9.121263280510902,271.9898114576936,2230.0587698742747
5322.276736771688,9.122917590662837,272.29929538071156,2230.0587698742747
5323.4882880188525,9.122917590662837,272.29929538071156,2230.8604800272733
5323.719541423023,9.124567091464996,272.51124131307006,2230.8604800272733
5325.155674064532,9.124567091464996,272.51124131307006,2231.9761002156883
5326.599817903712,9.129560263827443,272.6032802667469,2231.9761002156883
5328.073282323778,9.129560263827443,272.6032802667469,2232.8664243463427
5328.25566681847,9.131387585774064,272.7406604848802,2232.8664243463427
5329.6381955277175,9.131387585774064,272.7406604848802,2233.613409182057
5329.764313880354,9.133205087855458,272.84467728435993,2233.613409182057
5331.070627084002,9.133205087855458,272.84467728435993,2234.375549145043
5331.22540117614,9.135085171088576,272.93880971334875,2234.375549145043
5333.190013417974,9.135085171088576,272.93880971334875,2235.7011791523546
5334.514248447493,9.157220320776105,273.0635161884129,2235.7011791523546
5336.0724609829485,9.157220320776105,273.0635161884129,2236.7093435879797
5336.328533099964,9.158998373895884,273.28621294535697,2236.7093435879797
5337.406722839922,9.158998373895884,273.28621294535697,2237.154168833047
5337.728375324979,9.160673014819622,273.587966741994,2237.154168833047
5339.4621407631785,9.160673014819622,273.587966741994,2238.1670453473926
5339.68507425487,9.162322586402297,273.7609269078821,2238.1670453473926
5340.660528970882,9.162322586402297,273.7609269078821,2238.9180061686784
5342.096482485533,9.175429712980986,273.84034785069525,2238.9180061686784
5342.6937605552375,9.175429712980986,273.84034785069525,2239.2451342437416
5342.995704744011,9.177024319767952,274.1316162440926,2239.2451342437416
5343.804930265993,9.177024319767952,274.1316162440926,2239.601961940527
5344.146233251318,9.178706159815192,274.4360804390162,2239.601961940527
5344.734150119126,9.178706159815192,274.4360804390162,2239.9132654592395
5344.966399751604,9.18037947267294,274.6229729279876,2239.9132654592395
5345.638555131853,9.18037947267294,274.6229729279876,2240.306989349425
5347.018812237307,9.185313371941447,274.75947910919785,2240.306989349425
5347.996301360428,9.185313371941447,274.75947910919785,2240.9966619666666
5348.1610515750945,9.187878908589482,274.88641808740795,2240.9966619666666
5349.188486887142,9.187878908589482,274.88641808740795,2241.6663558539003
5349.38196660392,9.189456176012754,275.03190481103957,2241.6663558539003
5350.738320218399,9.189456176012754,275.03190481103957,2242.5770539138466
5350.891212597489,9.191450491547585,275.16455159150064,2242.5770539138466
5352.431753648445,9.191450491547585,275.16455159150064,2243.285903811455
5355.861455116421,9.196300502866507,275.29053118266165,2243.285903811455
5357.25532913208,9.196300502866507,275.29053118266165,2243.7988218069077
5357.422606032342,9.19808429479599,275.42406742088497,2243.7988218069077
5358.571890182793,9.19808429479599,275.42406742088497,2244.4385105911642
5358.8781769908965,9.199887858703732,275.49872567877173,2244.4385105911642
5359.821519806981,9.199887858703732,275.49872567877173,2244.9524101968855
5359.977295899764,9.201485039666295,275.60449855588377,2244.9524101968855
5361.3953027278185,9.201485039666295,275.60449855588377,2245.67103019543
5363.22433938086,9.206366730853915,275.79337366856635,2245.67103019543
5364.482327751815,9.206366730853915,275.79337366856635,2246.367994191125
5364.695935064927,9.208051422610879,275.98798581957817,2246.367994191125
5366.878461431712,9.208051422610879,275.98798581957817,2247.621798744425
5367.195469714701,9.209738513454795,276.2674022708088,2247.621798744425
5368.257971920073,9.209738513454795,276.2674022708088,2248.247270639986
5368.367866000161,9.211496576666832,276.31855101138353,2248.247270639986
5369.4582125823945,9.211496576666832,276.31855101138353,2249.005826845765
5371.266069093719,9.222488485276699,276.5925234835595,2249.005826845765
5372.055923052132,9.222488485276699,276.5925234835595,2249.528868369758
5372.238748176023,9.224161006510258,276.7160024996847,2249.528868369758
5373.942526187748,9.224161006510258,276.7160024996847,2250.7216553855687
5374.195830214769,9.22594765946269,276.9234544131905,2250.7216553855687
5375.590660927817,9.22594765946269,276.9234544131905,2251.685404293239
5375.902071431279,9.22771729156375,277.18431319855154,2251.685404293239
5377.375173918903,9.22771729156375,277.18431319855154,2252.7270167004317
5379.323078991845,9.232633819803596,277.4802173897624,2252.7270167004317
5380.590757215396,9.232633819803596,277.4802173897624,2253.6721737347543
5381.032920308411,9.234288340434432,277.75665732845664,2253.6721737347543
5382.060122683644,9.234288340434432,277.75665732845664,2254.166438717395
5382.356262590736,9.235912369564176,278.03525484725833,2254.166438717395
5383.748261416331,9.235912369564176,278.03525484725833,2255.06310970895
5383.9212363138795,9.237538788467646,278.18477759696543,2255.06310970895
5385.228867184371,9.237538788467646,278.18477759696543,2255.7246397547424
5386.833893753588,9.24622761271894,278.30470162816346,2255.7246397547424
5387.8217309881,9.24622761271894,278.30470162816346,2256.3835617229342
5388.188736394048,9.247870372608304,278.6178637240082,2256.3835617229342
5389.807307884097,9.247870372608304,278.6178637240082,2257.448607781902
5390.145519806072,9.249545214697719,278.9248649608344,2257.448607781902
5391.215147636831,9.249545214697719,278.9248649608344,2258.139151794836
5391.32700413093,9.251183241605759,279.0080353356898,2258.139151794836
5392.697528678924,9.251183241605759,279.0080353356898,2259.0023276507854
5393.831077314913,9.256243063136935,279.16998932138085,2259.0023276507854
5395.422030624002,9.256243063136935,279.16998932138085,2260.1656170170754
5395.5310742575675,9.259367810562253,279.25790547020733,2260.1656170170754
5397.068487953395,9.259367810562253,279.25790547020733,2261.326168594882
5397.295946404338,9.261206924915314,279.4014497231692,2261.326168594882
5398.521689295769,9.261206924915314,279.4014497231692,2262.1923087555915
5398.818641930819,9.262768313288689,279.6705100890249,2262.1923087555915
5400.0547632835805,9.262768313288689,279.6705100890249,2262.9821992591023
5401.807804966345,9.26849271543324,279.9220071043819,2262.9821992591023
5403.569478623569,9.26849271543324,279.9220071043819,2264.327831177041
5403.720139266923,9.27038824930787,280.0497152283788,2264.327831177041
5405.141037102789,9.27038824930787,280.0497152283788,2265.4475141242146
5405.388001630083,9.272036856040359,280.25472635775805,2265.4475141242146
5407.139605395496,9.272036856040359,280.25472635775805,2266.4332904238254
5407.449218410999,9.273603254929185,280.5184173062444,2266.4332904238254
5408.648836547509,9.273603254929185,280.5184173062444,2267.1767786964774
5410.43438026309,9.278560288250446,280.70124127343297,2267.1767786964774
5411.698233295232,9.278560288250446,280.70124127343297,2267.9467471800745
5411.896345032379,9.280170768499374,280.85632641613483,2267.9467471800745
5412.742629842833,9.280170768499374,280.85632641613483,2268.5490987338126
5413.169203108177,9.281858429312706,281.2071863729507,2268.5490987338126
5414.291553227231,9.281858429312706,281.2071863729507,2269.261389218271
5414.609694337472,9.283561920747161,281.47074201889336,2269.261389218271
5416.1312630120665,9.283561920747161,281.47074201889336,2270.45161155425
5418.268109148368,9.289951868355274,281.70468471571803,2270.45161155425
5419.739126373082,9.289951868355274,281.70468471571803,2271.590622998774
5419.835997726768,9.293137656524777,281.7884275522083,2271.590622998774
5420.734851060435,9.293137656524777,281.7884275522083,2272.120416022837
5421.002336207777,9.294775556772947,282.0069989413023,2272.120416022837
5422.495643021539,9.294775556772947,282.0069989413023,2272.9074137583375
5422.685791511089,9.296522246673703,282.1702266857028,2272.9074137583375
5423.720500066876,9.296522246673703,282.1702266857028,2273.550666658208
5425.134220933542,9.304561356082559,282.44191688112915,2273.550666658208
5426.0421013608575,9.304561356082559,282.44191688112915,2273.861134480685
5426.213260795921,9.306301288306713,282.54130830802023,2273.861134480685
5427.815763698891,9.306301288306713,282.54130830802023,2275.0473672561347
5428.1609994564205,9.307935258373618,282.699533989653,2275.0473672561347
5429.222145292908,9.307935258373618,282.699533989653,2275.596946382895
5429.569909242913,9.309537779539824,283.00863495469093,2275.596946382895
5430.813010906801,9.309537779539824,283.00863495469093,2276.3749589771032
5432.898749109358,9.322807928547263,283.2963349018246,2276.3749589771032
5434.4544574432075,9.322807928547263,283.2963349018246,2277.4548137001693
5434.687622578815,9.32440828718245,283.48672422766685,2277.4548137001693
5435.91242050007,9.32440828718245,283.48672422766685,2278.1911734566092
5436.12647488527,9.325971495360136,283.65515848621726,2278.1911734566092
5437.423646872863,9.325971495360136,283.65515848621726,2278.818003738299
5437.49678844586,9.327473344281316,283.7137158624828,2278.818003738299
5438.722896499559,9.327473344281316,283.7137158624828,2279.793702920899
5440.909019894898,9.341192692518234,284.0004179235548,2279.793702920899
5442.071428511292,9.341192692518234,284.0004179235548,2280.6332940794528
5442.2941741757095,9.342923894524574,284.1623610518873,2280.6332940794528
5442.993398210034,9.342923894524574,284.1623610518873,2281.003943560645
5443.330266430974,9.344530114904046,284.46314662881196,2281.003943560645
5444.149777796119,9.344530114904046,284.46314662881196,2281.3337976057082
5444.31456066668,9.346145963296294,284.61646343767643,2281.3337976057082
5445.386743379757,9.346145963296294,284.61646343767643,2281.8171584270895
5446.924411179498,9.351199878379703,284.6651026830077,2281.8171584270895
5447.853595972061,9.351199878379703,284.6651026830077,2282.271090855822
5448.039615899324,9.352832328528166,284.8354555144906,2282.271090855822
5449.168298164383,9.352832328528166,284.8354555144906,2283.1226145420223
5449.3585262876,9.354637699201703,285.0150291863829,2283.1226145420223
5450.576225452125,9.354637699201703,285.0150291863829,2284.0817067176104
5450.640712454915,9.35628311894834,285.0657425299287,2284.0817067176104
5451.869756087661,9.35628311894834,285.0657425299287,2285.0012890547514
5453.536655755714,9.373461531475186,285.3268151860684,2285.0012890547514
5454.542995244265,9.373461531475186,285.3268151860684,2285.456031985581
5454.910903982818,9.37507675215602,285.66092444211245,2285.456031985581
5456.11148667708,9.37507675215602,285.66092444211245,2286.183389151469
5456.3732243757695,9.376754321157932,285.8900186251849,2286.183389151469
5457.8720367420465,9.376754321157932,285.8900186251849,2287.0588793866336
5458.008855484426,9.37835443019867,285.9956840015948,2287.0588793866336
5459.0330993793905,9.37835443019867,285.9956840015948,2287.7422710433602
5460.272457620129,9.387919962406158,286.04723810218275,2287.7422710433602
5461.30053322576,9.387919962406158,286.04723810218275,2288.4046110566705
5461.61120368354,9.389663193374872,286.3469868823886,2288.4046110566705
5462.806293090805,9.389663193374872,286.3469868823886,2289.094419961795
5463.164606500417,9.391515117138624,286.6848874967545,2289.094419961795
5464.725244203582,9.391515117138624,286.6848874967545,2290.138567559421
5464.910992396995,9.393128015100956,286.8567212074995,2290.138567559421
5466.144456366077,9.393128015100956,286.8567212074995,2291.086186779663
5467.773294435814,9.398412792012095,286.9756881054491,2291.086186779663
5469.105923267081,9.398412792012095,286.9756881054491,2291.8769164420664
5469.327918464318,9.403792399913073,287.1672111246735,2291.8769164420664
5470.504770739004,9.403792399913073,287.1672111246735,2292.496721301228
5470.854204455391,9.405412526801229,287.4406843688339,2292.496721301228
5471.973428804427,9.405412526801229,287.4406843688339,2293.131295181811
5472.140993025154,9.407010726630688,287.570673186332,2293.131295181811
5473.2460513450205,9.407010726630688,287.570673186332,2293.8865153770894
5474.637329889461,9.412100927904248,287.7985278777778,2293.8865153770894
5476.045429781079,9.412100927904248,287.7985278777778,2294.9570401012897
5476.161650687456,9.413714887574315,287.89945740811527,2294.9570401012897
5477.350542796776,9.413714887574315,287.89945740811527,2295.534003140405
5477.679438907653,9.415322598069906,288.19317752867937,2295.534003140405
5478.9252509158105,9.415322598069906,288.19317752867937,2296.426187172532
5479.089483516291,9.41706638224423,288.3217038009316,2296.426187172532
5480.764985371381,9.41706638224423,288.3217038009316,2297.504722913727
5482.3798919525,9.432747786864638,288.40735571086407,2297.504722913727
5483.354681251571,9.432747786864638,288.40735571086407,2297.9453249387443
5483.561809685081,9.434404445812106,288.59772597812116,2297.9453249387443
5484.728446738794,9.434404445812106,288.59772597812116,2298.638250404969
5485.077741283923,9.436022125184536,288.8935079276562,2298.638250404969
5486.636100497097,9.436022125184536,288.8935079276562,2299.881148491055
5486.863506859168,9.437661664560437,289.1033955719322,2299.881148491055
5487.8299015481025,9.437661664560437,289.1033955719322,2300.352559240535
5489.814941206947,9.44817315414548,289.30594664253294,2300.352559240535
5491.061127051711,9.44817315414548,289.30594664253294,2301.1611588243395
5491.397671783343,9.449718492105603,289.60041038692,2301.1611588243395
5492.899855535477,9.449718492105603,289.60041038692,2302.1739917695522
5493.077768718824,9.45139598287642,289.75447676330805,2302.1739917695522
5494.734379576519,9.45139598287642,289.75447676330805,2303.020942721516
5494.9734470918775,9.45311082340777,289.93321370892227,2303.020942721516
5496.323874697089,9.45311082340777,289.93321370892227,2303.89995729737
5497.902259038761,9.458786496892571,290.1232632417232,2303.89995729737
5499.455571683124,9.458786496892571,290.1232632417232,2304.9693278651685
5499.724711049348,9.460379475727677,290.3555219247937,2304.9693278651685
5500.942959669977,9.460379475727677,290.3555219247937,2305.75750762783
5501.27759238705,9.462048487737775,290.5963834952563,2305.75750762783
5502.172968855128,9.462048487737775,290.5963834952563,2306.452857878059
5502.434442199767,9.463648896664381,290.84822087548673,2306.452857878059
5503.676415223628,9.463648896664381,290.84822087548673,2307.25726611726
5505.238371387124,9.468613527715206,291.04045281000435,2307.25726611726
5506.593046834692,9.468613527715206,291.04045281000435,2308.1959430612624
5506.907747199759,9.470265137031674,291.30167431011796,2308.1959430612624
5508.088378507644,9.470265137031674,291.30167431011796,2308.9313240330666
5508.316835979,9.471910076215863,291.47893415018916,2308.9313240330666
5509.450403770432,9.471910076215863,291.47893415018916,2309.81921040453
5509.609338635579,9.473540663719177,291.6199640315026,2309.81921040453
5511.200517775491,9.473540663719177,291.6199640315026,2311.082909407094
5512.4161583818495,9.478578582406044,291.9067929107696,2311.082909407094
5513.705641074106,9.478578582406044,291.9067929107696,2311.9276870358735
5513.862269368023,9.480200301855803,292.0500575527549,2311.9276870358735
5515.015617029741,9.480200301855803,292.0500575527549,2312.664322340861
5515.139951135963,9.481842122972012,292.1367745231837,2312.664322340861
5516.5105560570955,9.481842122972012,292.1367745231837,2313.493834087625
5516.818654932082,9.483471782878041,292.4095968566835,2313.493834087625
5518.743369543925,9.483471782878041,292.4095968566835,2314.4652319233865
5520.0264250822365,9.491518627852201,292.4584777150303,2314.4652319233865
5521.60984037444,9.491518627852201,292.4584777150303,2315.556717937812
5521.7522049266845,9.493114529177547,292.5689949989319,2315.556717937812
5523.1151954922825,9.493114529177547,292.5689949989319,2316.449109815061
5523.302871454507,9.494701350107789,292.72379222884774,2316.449109815061
5525.132186809555,9.494701350107789,292.72379222884774,2317.815576724708
5525.451020620763,9.496423153206706,292.98502423241735,2317.815576724708
5526.716465599835,9.496423153206706,292.98502423241735,2318.692575801164
5528.405738724396,9.501724800094962,293.14753777720034,2318.692575801164
5529.879971455783,9.501724800094962,293.14753777720034,2319.571252429858
5529.971566228196,9.503320610150695,293.20791269652545,2319.571252429858
5531.159165607765,9.503320610150695,293.20791269652545,2320.317459974438
5531.4911078270525,9.504933211952448,293.48272225633264,2320.317459974438
5532.860078742728,9.504933211952448,293.48272225633264,2321.0623284410685
5533.151322573423,9.519969366490841,293.637543015182,2321.0623284410685
5534.256202368066,9.519969366490841,293.637543015182,2321.8132117595524
5537.041832478717,9.525536388158798,293.74108493328094,2321.8132117595524
5538.660841647536,9.525536388158798,293.74108493328094,2322.799786042422
5538.7647739723325,9.530859716236591,293.8077195379883,2322.799786042422
5539.80939729698,9.530859716236591,293.8077195379883,2323.1392291318625
5539.949897726998,9.532504385337234,293.8869445435703,2323.1392291318625
5540.699606567621,9.532504385337234,293.8869445435703,2323.565112296492
5540.771159641445,9.534131227061152,293.94825340248644,2323.565112296492
5542.272884052247,9.534131227061152,293.94825340248644,2324.3226992078125
5545.609248444438,9.539014795795083,294.1999572403729,2324.3226992078125
5546.700838485733,9.539014795795083,294.1999572403729,2325.0254484526813
5546.806289708242,9.540599456056952,294.2905541919172,2325.0254484526813
5548.013621382415,9.540599456056952,294.2905541919172,2325.6463781818748
5548.22245256044,9.542260903865099,294.4751707389951,2325.6463781818748
5549.251857159659,9.542260903865099,294.4751707389951,2326.0218729693443
5549.596924131736,9.5466777253896,294.58005603030324,2326.0218729693443
5550.562441267073,9.5466777253896,294.58005603030324,2326.6300709489733
5554.289067009464,9.55168147943914,294.65894062817097,2326.6300709489733
5555.562774345279,9.55168147943914,294.65894062817097,2327.3583911601454
5555.657085135579,9.553358308970928,294.7394040059298,2327.3583911601454
5556.730866866186,9.553358308970928,294.7394040059298,2327.9436017926782
5556.907596828416,9.555556248873472,294.88843985274434,2327.9436017926782
5557.994279643521,9.555556248873472,294.88843985274434,2328.6230585519224
5558.21103338711,9.557161338627338,295.09473236463964,2328.6230585519224
5559.374309459701,9.557161338627338,295.09473236463964,2329.2610888443887
5563.773514306173,9.561873063445091,295.20734340697527,2329.2610888443887
5565.160673491657,9.561873063445091,295.20734340697527,2330.077333468944
5565.277908092365,9.563518054783344,295.2773523554206,2330.077333468944
5566.504562901333,9.563518054783344,295.2773523554206,2330.5797044914216
5566.860176347196,9.565274387598038,295.596628587693,2330.5797044914216
5568.086154796183,9.565274387598038,295.596628587693,2331.3758810907602
5568.383870875463,9.566914426162839,295.7994488645345,2331.3758810907602
5569.370634632185,9.566914426162839,295.7994488645345,2331.9776899181306
5573.2251225709915,9.575343867763877,296.1322513241321,2331.9776899181306
5574.43502192758,9.575343867763877,296.1322513241321,2332.6586010865867
5574.591284960508,9.579963598400354,296.26937015354633,2332.6586010865867
5575.953548265621,9.579963598400354,296.26937015354633,2333.1980763766915
5576.037341892719,9.581610070541501,296.33634318597615,2333.1980763766915
5577.176907619461,9.581610070541501,296.33634318597615,2333.8907638303936
5577.335149664432,9.584599224850535,296.3915666937828,2333.8907638303936
5578.731232220307,9.584599224850535,296.3915666937828,2334.681986713782
5581.535578420386,9.589678525924683,296.4399237856269,2334.681986713782
5583.078191008419,9.589678525924683,296.4399237856269,2335.8209470380098
5583.306833468378,9.591308994218707,296.64100371301174,2335.8209470380098
5585.049666250125,9.591308994218707,296.64100371301174,2336.9061237052083
5585.208445975557,9.593042876571417,296.7504742797464,2336.9061237052083
5586.475668830797,9.593042876571417,296.7504742797464,2337.719466941431
5586.619962584227,9.594591904431581,296.88016779720783,2337.719466941431
5587.8108069859445,9.594591904431581,296.88016779720783,2338.389073666185
5590.955717982724,9.605237178504467,297.0006733164191,2338.389073666185
5592.0145320519805,9.605237178504467,297.0006733164191,2339.0487123485655
5592.240466771647,9.606860056519508,297.1945951655507,2339.0487123485655
5593.125310353935,9.606860056519508,297.1945951655507,2339.6245986558497
5593.51608017087,9.608632607385516,297.48387244157493,2339.6245986558497
5594.709641264752,9.608632607385516,297.48387244157493,2340.505698479712
5594.98475715518,9.610269555822015,297.66727529652417,2340.505698479712
5596.124590108171,9.610269555822015,297.66727529652417,2341.1789828538895
5599.731703005731,9.625608153641224,297.74004937522113,2341.1789828538895
5600.988099275157,9.625608153641224,297.74004937522113,2341.627877622843
5601.362443028018,9.627392886206508,297.8739638477564,2341.627877622843
5602.411657199264,9.627392886206508,297.8739638477564,2342.3480153121054
5602.638599909842,9.62917834892869,297.98776104301214,2342.3480153121054
5603.575642023236,9.62917834892869,297.98776104301214,2342.8795183971524
5603.925016429275,9.631102865561843,298.0622944496572,2342.8795183971524
5604.99312889576,9.631102865561843,298.0622944496572,2343.31830987148
5607.635722760111,9.640809640288353,298.12589930184186,2343.31830987148
5608.48173770681,9.640809640288353,298.12589930184186,2343.6329844538122
5608.820466358215,9.64251733198762,298.41636318154633,2343.6329844538122
5609.6991533488035,9.64251733198762,298.41636318154633,2344.28050904721
5609.873824646696,9.644111100584269,298.57348949089646,2344.28050904721
5611.156197544187,9.644111100584269,298.57348949089646,2344.7165139038116
5611.40505640395,9.64720493555069,298.76133844815195,2344.7165139038116
5612.185815339908,9.64720493555069,298.76133844815195,2345.17222346738
5614.079393491149,9.652468821033835,298.8256022706628,2345.17222346738
5615.352408489212,9.652468821033835,298.8256022706628,2345.659273205325
5615.579707287252,9.65405554138124,298.896660387516,2345.659273205325
5616.9086147248745,9.65405554138124,298.896660387516,2346.3970483671874
5617.202259415761,9.65579667314887,298.99504733271897,2346.3970483671874
5618.186975952238,9.65579667314887,298.99504733271897,2346.891959005967
5618.28013703227,9.65744586661458,299.05973439104855,2346.891959005967
5619.533419800922,9.65744586661458,299.05973439104855,2347.282479442656
5622.6356236394495,9.662760954350233,299.20076092518866,2347.282479442656
5624.2300199549645,9.662760954350233,299.20076092518866,2348.3866854719818
5624.435977753252,9.664393965154886,299.39397088065743,2348.3866854719818
5626.402908416465,9.664393965154886,299.39397088065743,2349.9857863746583
5626.615311611444,9.66618662700057,299.5813742727041,2349.9857863746583
5627.6265036948025,9.66618662700057,299.5813742727041,2350.607881747186
5628.047339668497,9.668057261034846,299.82974300533533,2350.607881747186
5628.873127056286,9.668057261034846,299.82974300533533,2351.235871369019
5630.522601947188,9.673086024820805,300.05831725522876,2351.235871369019
5631.681754352525,9.673086024820805,300.05831725522876,2351.8491956908256
5631.949656032026,9.674846656620502,300.29840131662786,2351.8491956908256
5633.410911079496,9.674846656620502,300.29840131662786,2352.907317493111
5633.525185072795,9.676801459863782,300.34743149392307,2352.907317493111
5634.789562348276,9.676801459863782,300.34743149392307,2353.710036119446
5635.1344273444265,9.678424099460244,300.64432784356177,2353.710036119446
5636.1684485040605,9.678424099460244,300.64432784356177,2354.4025114886463
5637.738702932373,9.69455792568624,300.6924164239317,2354.4025114886463
5639.054708419368,9.69455792568624,300.6924164239317,2355.195788675919
5639.137553663924,9.696186512708664,300.7578799072653,2355.195788675919
5640.596661804244,9.696186512708664,300.7578799072653,2356.1510303281248
5640.7720479834825,9.697878893464804,300.9219100419432,2356.1510303281248
5642.297791691497,9.697878893464804,300.9219100419432,2357.2720943894237
5642.625413259491,9.699703268706799,301.22265253029764,2357.2720943894237
5644.015959652141,9.699703268706799,301.22265253029764,2358.21542044729
5645.657460192218,9.704795034602284,301.4476630873978,2358.21542044729
5646.55874970369,9.704795034602284,301.4476630873978,2359.0002718437463
5646.724039658904,9.706432403996587,301.5941731594503,2359.0002718437463
5648.3831889517605,9.706432403996587,301.5941731594503,2359.967477535829
5648.690644055605,9.708082914352417,301.8377943634987,2359.967477535829
5650.16641972214,9.708082914352417,301.8377943634987,2361.1867934111506
5650.339565243572,9.709924826398492,301.98272948898375,2361.1867934111506
5651.863457687199,9.709924826398492,301.98272948898375,2362.2297332771122
5653.2369304876775,9.714877597987652,302.2356726974249,2362.2297332771122
5654.493195740506,9.714877597987652,302.2356726974249,2363.164839014411
5654.8381761573255,9.716607069596648,302.50332915224135,2363.164839014411
5655.994936823845,9.716607069596648,302.50332915224135,2363.9103671833873
5656.239199921489,9.71850467287004,302.6722368039191,2363.9103671833873
5657.5443703867495,9.71850467287004,302.6722368039191,2364.8030187897384
5657.756972394884,9.720148364081979,302.87048074416816,2364.8030187897384
5659.27211660333,9.720148364081979,302.87048074416816,2365.836369253695
5660.760767469183,9.725107984617352,303.02473696134984,2365.836369253695
5662.306883534417,9.725107984617352,303.02473696134984,2367.0041034389287
5662.438442796469,9.726817727088928,303.0850339811295,2367.0041034389287
5663.833057424054,9.726817727088928,303.0850339811295,2368.062098544091
5664.149422649294,9.730262471362948,303.36152954772115,2368.062098544091
5665.211287204176,9.730262471362948,303.36152954772115,2368.666775373742
5665.49032596685,9.731944674625993,303.6120084580034,2368.666775373742
5666.736011618748,9.731944674625993,303.6120084580034,2369.3817930873483
5669.907394727692,9.751822816208005,303.68006906844676,2369.3817930873483
5670.777030063793,9.751822816208005,303.68006906844676,2369.915968919173
5670.904432399198,9.75336080417037,303.7975666038692,2369.915968919173
5672.024264993146,9.75336080417037,303.7975666038692,2370.5547581613064
5672.300722891465,9.75502434372902,304.03273200802505,2370.5547581613064
5673.6402100827545,9.75502434372902,304.03273200802505,2371.246202332899
5673.769770851359,9.756685914471745,304.1420594174415,2371.246202332899
5675.143810195848,9.756685914471745,304.1420594174415,2372.096401175484
5678.44744547084,9.761627646163106,304.27567161619663,2372.096401175484
5679.187305819243,9.761627646163106,304.27567161619663,2372.5699355918914
5679.2713149841875,9.763237906619906,304.34066322259605,2372.5699355918914
5680.653930777684,9.763237906619906,304.34066322259605,2373.5695630516857
5680.77298627235,9.764805054292083,304.42420551739633,2373.5695630516857
5681.870602061972,9.764805054292083,304.42420551739633,2374.2881732843816
5682.063541576266,9.766419123858213,304.5806539263576,2374.2881732843816
5683.726352065802,9.766419123858213,304.5806539263576,2375.1775214113295
5685.273389471695,9.77128722332418,304.6557797957212,2375.1775214113295
5686.508360711858,9.77128722332418,304.6557797957212,2375.757804496214
5686.701606418937,9.772939514368773,304.8327941466123,2375.757804496214
5687.616170190275,9.772939514368773,304.8327941466123,2376.3823582399637
5688.273097315803,9.774761006236076,305.0290185082704,2376.3823582399637
5689.332187563181,9.774761006236076,305.0290185082704,2376.967057896778
5689.560071794316,9.776390125975013,305.23294835165143,2376.967057896778
5691.223498627543,9.776390125975013,305.23294835165143,2377.7597314920276
5693.322028655559,9.781922915950418,305.3894452881068,2377.7597314920276
5694.816115159541,9.781922915950418,305.3894452881068,2378.6863871011883
5694.923550130799,9.7834815941751,305.4714351054281,2378.6863871011883
5696.025489443913,9.7834815941751,305.4714351054281,2379.0776824448258
5696.11137107946,9.785083593800664,305.5216652415693,2379.0776824448258
5697.389885088429,9.785083593800664,305.5216652415693,2379.732149416581
5697.680260360241,9.78664650209248,305.7750398106873,2379.732149416581
5698.868681320921,9.78664650209248,305.7750398106873,2380.4484314564615
5702.82370788604,9.795375572517514,305.8241364583373,2380.4484314564615
5703.83157855086,9.795375572517514,305.8241364583373,2380.983530668542
5703.926496664062,9.796967992559075,305.8936221767217,2380.983530668542
5704.619193483144,9.796967992559075,305.8936221767217,2381.3635647185147
5704.903795091435,9.798637084662914,306.08263069950044,2381.3635647185147
5705.763725776225,9.798637084662914,306.08263069950044,2381.7260625567287
5705.876703446731,9.800274474546313,306.17359321936965,2381.7260625567287
5706.830884244293,9.800274474546313,306.17359321936965,2382.090135684237
5709.329386251047,9.809312606230378,306.2464426588267,2382.090135684237
5710.545945551246,9.809312606230378,306.2464426588267,2382.7397959586233
5710.813179479912,9.810974465683103,306.4805295653641,2382.7397959586233
5712.114477528259,9.810974465683103,306.4805295653641,2383.6608011312783
5712.489225899801,9.812746630981565,306.7503588926047,2383.6608011312783
5714.127644512802,9.812746630981565,306.7503588926047,2384.9234728310257
5714.398880375549,9.814412519335747,307.0091086477041,2384.9234728310257
5715.413393296301,9.814412519335747,307.0091086477041,2385.5526499729604
5718.131377644837,9.82424383983016,307.15669958107173,2385.5526499729604
5719.304146615788,9.82424383983016,307.15669958107173,2386.146006580442
5719.572532547638,9.826018879190087,307.41022174432874,2386.146006580442
5720.833225782961,9.826018879190087,307.41022174432874,2387.1508678030223
5721.0862499233335,9.827582117170095,307.6513979807496,2387.1508678030223
5722.3617232795805,9.827582117170095,307.6513979807496,2387.8841758556664
5722.609991595149,9.83132560737431,307.87497300468385,2387.8841758556664
5723.929823931307,9.83132560737431,307.87497300468385,2388.723555058241
5727.603237895295,9.844616182148457,308.10472578927875,2388.723555058241
5728.583955319598,9.844616182148457,308.10472578927875,2389.3503987882286
5728.881981210783,9.846193920820951,308.2433843817562,2389.3503987882286
5730.798949997872,9.846193920820951,308.2433843817562,2390.5478205271065
5731.078349141404,9.847788661718369,308.46472653746605,2390.5478205271065
5732.085170332342,9.847788661718369,308.46472653746605,2391.2622482180595
5732.179799871519,9.849526753649116,308.5375951677561,2391.2622482180595
5733.522788261995,9.849526753649116,308.5375951677561,2392.0229026414454
5737.604191683233,9.85453880392015,308.75354581326246,2392.0229026414454
5738.779654255137,9.85453880392015,308.75354581326246,2392.5942884292454
5739.136575736105,9.856395237147808,308.95335391163826,2392.5942884292454
5740.801779445261,9.856395237147808,308.95335391163826,2393.4909593891352
5740.99702042155,9.85821452923119,309.04303177818656,2393.4909593891352
5742.29011342302,9.85821452923119,309.04303177818656,2394.0123060420156
5742.5689689181745,9.859838178381324,309.274894753471,2394.0123060420156
5743.899487264454,9.859838178381324,309.274894753471,2394.7290478236973
5746.594151420519,9.869033707305789,309.5303437113762,2394.7290478236973
5748.098578311503,9.869033707305789,309.5303437113762,2395.6695008948445
5748.393423039466,9.87063848786056,309.8030611034483,2395.6695008948445
5750.102602884173,9.87063848786056,309.8030611034483,2396.6811378635466
5750.4013390392065,9.872304448857903,309.9845220670104,2396.6811378635466
5752.130145723,9.872304448857903,309.9845220670104,2397.5578148402274
5752.3134361207485,9.874000521376729,310.15623003430665,2397.5578148402274
5753.23656511493,9.874000521376729,310.15623003430665,2398.111033586785
5755.900975530967,9.87892747297883,310.30672126449645,2398.111033586785
5756.607436468825,9.87892747297883,310.30672126449645,2398.3939145840704
5756.921011207625,9.880513252690434,310.60597372055054,2398.3939145840704
5758.598485495895,9.880513252690434,310.60597372055054,2399.6164043284953
5758.7850164640695,9.882114179432392,310.77504076063633,2399.6164043284953
5759.777012474835,9.882114179432392,310.77504076063633,2400.031494880095
5760.1646182872355,9.883749520406127,311.089792560786,2400.031494880095
5761.278291376308,9.883749520406127,311.089792560786,2400.757610214874
5764.863952057436,9.888730458915234,311.2372476439923,2400.757610214874
5765.96719779633,9.888730458915234,311.2372476439923,2401.1278300192207
5766.437539746985,9.893348732963204,311.4421319756657,2401.1278300192207
5767.836325444281,9.893348732963204,311.4421319756657,2402.265160078183
5768.1169740427285,9.894970580935478,311.70618505962193,2402.265160078183
5768.836035460234,9.894970580935478,311.70618505962193,2402.7440005447716
5769.163464723155,9.896633200347424,312.00997091829777,2402.7440005447716
5770.591750251129,9.896633200347424,312.00997091829777,2403.528615919873
5774.236981656402,9.907926538959146,312.22931526601315,2403.528615919873
5775.484903234988,9.907926538959146,312.22931526601315,2404.0663690473884
5775.660134579986,9.909588739275932,312.3941025286913,2404.0663690473884
5776.763597130775,9.909588739275932,312.3941025286913,2404.7260450515896
5776.90825480409,9.911229779943824,312.52769730985165,2404.7260450515896
5777.920248167589,9.911229779943824,312.52769730985165,2405.3661289755255
5778.066519299522,9.912840189412236,312.5795478653163,2405.3661289755255
5779.448957938701,9.912840189412236,312.5795478653163,2406.3053889870644
5783.078857919201,9.917764527723193,312.8218780141324,2406.3053889870644
5784.157838443294,9.917764527723193,312.8218780141324,2406.986728247255
5784.533287694678,9.919511418789625,313.1251902859658,2406.986728247255
5786.343329202384,9.919511418789625,313.1251902859658,2408.096001986414
5786.698679262772,9.92115955799818,313.4570014588535,2408.096001986414
5788.205895308405,9.92115955799818,313.4570014588535,2408.8267033901066
5788.474363703281,9.922808606177568,313.7007610928267,2408.8267033901066
5789.799936296418,9.922808606177568,313.7007610928267,2409.8266819957644
5792.540780931711,9.927811186760664,313.93050035089254,2409.8266819957644
5793.465228846297,9.927811186760664,313.93050035089254,2410.45136905089
5793.590506415814,9.92946732789278,313.9836277831346,2410.45136905089
5794.683281535283,9.92946732789278,313.9836277831346,2411.042508315295
5794.963863823563,9.93111771531403,314.2311988584697,2411.042508315295
5796.073223775253,9.93111771531403,314.2311988584697,2411.5994179807603
5796.427952678874,9.932766743004322,314.5588439460844,2411.5994179807603
5797.29278900288,9.932766743004322,314.5588439460844,2411.9183326158673
5799.568820780143,9.940046407282352,314.60672562010586,2411.9183326158673
5800.271078903228,9.940046407282352,314.60672562010586,2412.2642326857895
5800.395367434248,9.941643496975303,314.70504758507013,2412.2642326857895
5801.1249542776495,9.941643496975303,314.70504758507013,2412.6678391695023
5801.253940284252,9.943267446011305,314.80407941155136,2412.6678391695023
5802.013525014743,9.943267446011305,314.80407941155136,2413.086621671915
5802.090815579519,9.944867035374045,314.8643367718905,2413.086621671915
5803.688219703734,9.944867035374045,314.8643367718905,2413.6609950587153
5806.226467052475,9.949860516935587,315.12596650235355,2413.6609950587153
5807.126521671191,9.949860516935587,315.12596650235355,2414.1179572306573
5807.456612333655,9.951493496075273,315.42755580320954,2414.1179572306573
5808.477910969406,9.951493496075273,315.42755580320954,2414.776891125366
5808.901523701847,9.9533631503582,315.73137914575636,2414.776891125366
5809.967067016289,9.9533631503582,315.73137914575636,2415.4998617582023
5810.164347331971,9.955146441236138,315.7817116174847,2415.4998617582023
5811.105734637007,9.955146441236138,315.7817116174847,2416.051327686757
5814.190227150917,9.960146566852927,316.0013720318675,2416.051327686757
5815.448230454698,9.960146566852927,316.0013720318675,2416.749537376687
5815.542494598776,9.969079619273543,316.0736133046448,2416.749537376687
5816.26926581189,9.969079619273543,316.0736133046448,2417.1489898487926
5816.376239787787,9.970817800611258,316.1695851162076,2417.1489898487926
5817.175590047613,9.970817800611258,316.1695851162076,2417.6786074694246
5817.3364250753075,9.972519170492887,316.3192267846316,2417.6786074694246
5818.488508703187,9.972519170492887,316.3192267846316,2418.4914896152914
5820.153259722516,9.97746753320098,316.5896747894585,2418.4914896152914
5821.565189639106,9.97746753320098,316.5896747894585,2419.3472512960434
5821.818336248398,9.979040823876858,316.8013894688338,2419.3472512960434
5823.3273266572505,9.979040823876858,316.8013894688338,2420.2506815884262
5823.418038705364,9.980596141889691,316.85985434800386,2420.2506815884262
5824.822440756485,9.980596141889691,316.85985434800386,2421.039798753336
5825.161847639829,9.982428533956409,317.08691288903356,2421.039798753336
5825.938628967851,9.982428533956409,317.08691288903356,2421.3736069034785
5827.84707329236,9.987437594681978,317.27629040926695,2421.3736069034785
5829.124485211447,9.987437594681978,317.27629040926695,2422.1187086123973
5829.383161759004,9.989996563643217,317.51973542943597,2422.1187086123973
5830.140284139663,9.989996563643217,317.51973542943597,2422.453762449324
5830.553689127788,9.991712374612689,317.84365779161453,2422.453762449324
5831.29421765171,9.991712374612689,317.84365779161453,2422.860297260806
5831.367865199223,9.993394054472446,317.89384444616735,2422.860297260806
5832.2865580916405,9.993394054472446,317.89384444616735,2423.450693393126
5834.358185019344,9.998604012653232,318.2220698669553,2423.450693393126
5835.605695523322,9.998604012653232,318.2220698669553,2424.0744425058365
5835.798344315961,10.0002644918859,318.3783388119191,2424.0744425058365
5836.430743334815,10.0002644918859,318.3783388119191,2424.4895734265447
5836.671722050756,10.001977544277906,318.5628414340317,2424.4895734265447
5837.453266927972,10.001977544277906,318.5628414340317,2424.988569188863
5837.692590070888,10.003593504428864,318.76457025296986,2424.988569188863
5839.077404337004,10.003593504428864,318.76457025296986,2425.8694525696337
5840.79171166569,10.029922503978014,318.9955807868391,2425.8694525696337
5841.652546681464,10.029922503978014,318.9955807868391,2426.4411728587
5842.129775054753,10.031764408573508,319.3403571918607,2426.4411728587
5843.164263507351,10.031764408573508,319.3403571918607,2426.9148979373276
5843.366713637486,10.033332075923681,319.5302316918969,2426.9148979373276
5844.3497148267925,10.033332075923681,319.5302316918969,2427.6935260202736
5844.487701078877,10.035104298964143,319.6039588712156,2427.6935260202736
5845.516090091318,10.035104298964143,319.6039588712156,2428.5278153494
5847.007432863116,10.040241591632366,319.8307971470058,2428.5278153494
5848.015151076019,10.040241591632366,319.8307971470058,2429.2089261282235
5848.33488675952,10.041724856942892,320.12473822943866,2429.2089261282235
5849.1211017835885,10.041724856942892,320.12473822943866,2429.6181298475713
5849.4988287668675,10.04339137673378,320.43559336289763,2429.6181298475713
5850.733894094825,10.04339137673378,320.43559336289763,2430.3489995785058
5851.117843884975,10.045002114027739,320.78034967556596,2430.3489995785058
5852.66253557615,10.045002114027739,320.78034967556596,2431.2948268111795
5854.110610168427,10.050014846026897,321.05793180689216,2431.2948268111795
5855.878054341301,10.050014846026897,321.05793180689216,2432.5553574487567
5856.116103524342,10.051794240251184,321.2374524399638,2432.5553574487567
5857.955988299102,10.051794240251184,321.2374524399638,2433.9574579931796
5858.125638091937,10.053452830761671,321.3898258563131,2433.9574579931796
5859.450548356399,10.053452830761671,321.3898258563131,2434.7669443525374
5859.6630978398025,10.055060410872102,321.5855584163219,2434.7669443525374
5861.207855023444,10.055060410872102,321.5855584163219,2435.931890551001
5862.696855856106,10.059934182092547,321.7558621801436,2435.931890551001
5863.848631603643,10.059934182092547,321.7558621801436,2436.7978519219905
5864.114648608491,10.061600744724274,321.90180585719645,2436.7978519219905
5866.0195441655815,10.061600744724274,321.90180585719645,2437.755071854219
5866.318539371714,10.063336735591292,321.97442615404725,2437.755071854219
5867.714335450903,10.063336735591292,321.97442615404725,2438.337310889736
5867.974047860131,10.064993185922503,322.19675214774907,2438.337310889736
5869.504682566971,10.064993185922503,322.19675214774907,2439.3985755443573
5873.676541803405,10.074985461309552,322.25235773436725,2439.3985755443573
5874.858819982037,10.074985461309552,322.25235773436725,2439.8918798156083
5875.163865027949,10.076570399105549,322.52437915839255,2439.8918798156083
5876.340885909274,10.076570399105549,322.52437915839255,2440.6213169433177
5876.679742256179,10.078456552699208,322.7241640724242,2440.6213169433177
5878.3651297912,10.078456552699208,322.7241640724242,2441.2946711760014
5878.686351066455,10.08014801517129,322.98016603291035,2441.2946711760014
5879.742946865037,10.08014801517129,322.98016603291035,2441.742738660425
5882.700182398781,10.103124415501952,323.0940004941076,2441.742738660425
5883.898328807205,10.103124415501952,323.0940004941076,2442.1997059956193
5884.223109966144,10.111389005556703,323.2000874634832,2442.1997059956193
5885.444244556129,10.111389005556703,323.2000874634832,2442.7398504111916
5885.88968920894,10.113137705251575,323.43415873497725,2442.7398504111916
5887.757410632446,10.113137705251575,323.43415873497725,2443.4150703139603
5887.870110724121,10.11476395279169,323.531104369089,2443.4150703139603
5889.1978355217725,10.11476395279169,323.531104369089,2444.0104018505663
5891.314839944243,10.119594749063253,323.80841358937323,2444.0104018505663
5892.727934014052,10.119594749063253,323.80841358937323,2444.555897746235
5893.146399915218,10.121444139629602,323.9166634604335,2444.555897746235
5894.173627000302,10.121444139629602,323.9166634604335,2445.288448113948
5894.320315871388,10.123070189729333,324.03551971167326,2445.288448113948
5895.732935503125,10.123070189729333,324.03551971167326,2446.154399977997
5895.9512112457305,10.124723952263594,324.2255083080381,2446.154399977997
5897.647198099643,10.124723952263594,324.2255083080381,2447.175481038168
5900.065117476508,10.129992989823222,324.4741272330284,2447.175481038168
5901.314645184204,10.129992989823222,324.4741272330284,2447.9776086565107
5901.7383351922035,10.131575006991625,324.8624411262572,2447.9776086565107
5902.934450196102,10.131575006991625,324.8624411262572,2448.8871654197574
5903.331750802696,10.133085362613201,325.23350016213953,2448.8871654197574
5904.855883384123,10.133085362613201,325.23350016213953,2449.749374365434
5905.057204974815,10.134834075346589,325.34435218013823,2449.749374365434
5906.456549296156,10.134834075346589,325.34435218013823,2450.6721918918192
5909.380359686911,10.139810437336564,325.5489991642535,2450.6721918918192
5910.826776949689,10.139810437336564,325.5489991642535,2451.5640612933785
5910.970107519999,10.14143380895257,325.66931453347206,2451.5640612933785
5912.507934963331,10.14143380895257,325.66931453347206,2452.477915775031
5912.760437510908,10.143122037872672,325.89850294589996,2452.477915775031
5913.750176712871,10.143122037872672,325.89850294589996,2453.1229033712298
5913.935291780159,10.144769998267293,326.063188906759,2453.1229033712298
5915.2144663743675,10.144769998267293,326.063188906759,2453.923552695662
5918.58700799197,10.149798108264804,326.2725477181375,2453.923552695662
5919.534602174535,10.149798108264804,326.2725477181375,2454.4106253851205
5919.795376904309,10.151712354272604,326.5192849487066,2454.4106253851205
5920.9910670202225,10.151712354272604,326.5192849487066,2454.9804975166917
5921.120956774801,10.153374284505844,326.57861650548875,2454.9804975166917
5922.15114745684,10.153374284505844,326.57861650548875,2455.463190274313
5922.4424293953925,10.155968284234405,326.70265693590045,2455.463190274313
5923.738551959395,10.155968284234405,326.70265693590045,2456.407253790647
5928.194540910423,10.17656746134162,326.8969227299094,2456.407253790647
5929.314177596942,10.17656746134162,326.8969227299094,2456.78506703116
5929.431648025289,10.17828886397183,326.9769945871085,2456.78506703116
5930.31442454271,10.17828886397183,326.9769945871085,2457.2513011805713
5930.464058019221,10.179963633418083,327.0844239909202,2457.2513011805713
5931.508225647733,10.179963633418083,327.0844239909202,2457.903852324933
5931.623628027737,10.181675933301449,327.1760776694864,2457.903852324933
5932.547913134098,10.181675933301449,327.1760776694864,2458.1954955700785
5935.780600359663,10.186789859086275,327.2535799574107,2458.1954955700785
5936.810906184837,10.186789859086275,327.2535799574107,2458.7890619765967
5937.171796016395,10.188564639538527,327.4630792699754,2458.7890619765967
5938.745548952371,10.188564639538527,327.4630792699754,2459.8216644153
5938.8398027364165,10.19023378007114,327.5445682723075,2459.8216644153
5940.637209711596,10.19023378007114,327.5445682723075,2460.300631158054
5940.817434038967,10.191900940611959,327.6346853002906,2460.300631158054
5941.917369408533,10.191900940611959,327.6346853002906,2460.994893817231
5945.484484735876,10.206340793520212,327.76220532134175,2460.994893817231
5946.908885259181,10.206340793520212,327.76220532134175,2461.69654975459
5947.202363867313,10.208120057359338,327.95706582814455,2461.69654975459
5948.972806762904,10.208120057359338,327.95706582814455,2462.931513743475
5949.173862991855,10.20981883816421,328.12313253618777,2462.931513743475
5950.374767320231,10.20981883816421,328.12313253618777,2463.6201537810266
5950.728450268507,10.211662301793694,328.22148626483977,2463.6201537810266
5951.374626226723,10.211662301793694,328.22148626483977,2464.0181653704494
5955.058485776186,10.218728324398398,328.27013350464404,2464.0181653704494
5956.4620979093015,10.218728324398398,328.27013350464404,2464.6656479854137
5956.537306765094,10.22051944769919,328.33222746104,2464.6656479854137
5957.642073923722,10.22051944769919,328.33222746104,2465.167443374172
5957.876536874101,10.22215298935771,328.5164747014642,2465.167443374172
5958.838124893606,10.22215298935771,328.5164747014642,2465.7665317617357
5959.154803046957,10.223834609612823,328.7289611212909,2465.7665317617357
5960.5062980391085,10.223834609612823,328.7289611212909,2466.5632721241564
5963.0938276313245,10.228834150359035,328.8223268799484,2466.5632721241564
5964.251527711749,10.228834150359035,328.8223268799484,2467.1702850982547
5964.4002241212875,10.230529570952058,328.93369748815894,2467.1702850982547
5965.402752319351,10.230529570952058,328.93369748815894,2467.675498450175
5965.724539658055,10.232381355017424,329.10877071134746,2467.675498450175
5967.372330261394,10.232381355017424,329.10877071134746,2468.470707155764
5967.752855943516,10.23408337496221,329.34434701129794,2468.470707155764
5969.379920979962,10.23408337496221,329.34434701129794,2469.5092429444194
5971.858877167106,10.244176210835576,329.5300325695425,2469.5092429444194
5972.914236655459,10.244176210835576,329.5300325695425,2469.8348637633026
5973.127741731703,10.245770389214158,329.7319875936955,2469.8348637633026
5974.143646596,10.245770389214158,329.7319875936955,2470.377792943269
5974.495300360024,10.247337758541107,330.05106239020824,2470.377792943269
5975.975926894695,10.247337758541107,330.05106239020824,2471.330785188824
5976.312660176307,10.249048279598355,330.35392227210104,2471.330785188824
5977.582504227757,10.249048279598355,330.35392227210104,2472.1755394805223
5980.171750048175,10.257054103538394,330.5039379168302,2472.1755394805223
5981.143780581653,10.257054103538394,330.5039379168302,2472.518976483494
5981.337798232213,10.25876958295703,330.63409337960184,2472.518976483494
5982.505629515275,10.25876958295703,330.63409337960184,2473.190820094198
5982.6720267590135,10.260331191122532,330.7857934758067,2473.190820094198
5983.829242631793,10.260331191122532,330.7857934758067,2473.7520051728934
5984.073640873656,10.261979842558503,331.00826568715274,2473.7520051728934
5985.711132410914,10.261979842558503,331.00826568715274,2474.8016329668462
5988.735687216744,10.26697269640863,331.2634152472019,2474.8016329668462
5990.066994795576,10.26697269640863,331.2634152472019,2475.515410827473
5990.234985979274,10.268623536452651,331.4106419105083,2475.515410827473
5991.980922011659,10.268623536452651,331.4106419105083,2476.649968756363
5992.138327131048,10.270240657031536,331.53004565648735,2476.649968756363
5993.680730421096,10.270240657031536,331.53004565648735,2477.6069169156253
5993.748436680064,10.271904928609729,331.57970891706645,2477.6069169156253
5994.999922297895,10.271904928609729,331.57970891706645,2478.2772843800485
5999.390967747197,10.279912233352661,331.6283109970391,2478.2772843800485
6000.683678679168,10.279912233352661,331.6283109970391,2478.5915649197996
6000.9408261962235,10.281620845198631,331.85276777483523,2478.5915649197996
6001.813134595752,10.281620845198631,331.85276777483523,2479.211743665859
6001.997450927272,10.28325530514121,331.9109184201807,2479.211743665859
6003.151831248775,10.28325530514121,331.9109184201807,2479.9474277552217
6003.224011698738,10.284836374223232,331.9677490107715,2479.9474277552217
6004.418296201155,10.284836374223232,331.9677490107715,2480.510357555002
6007.914886560291,10.289959140121937,332.12470357120037,2480.510357555002
6009.2824231907725,10.289959140121937,332.12470357120037,2481.226886756718
6009.801428347826,10.292016798630357,332.41426573880017,2481.226886756718
6010.994509667158,10.292016798630357,332.41426573880017,2481.8404149599373
6011.07868434675,10.2937331199646,332.4638811480254,2481.8404149599373
6012.219605023041,10.2937331199646,332.4638811480254,2482.3954414464533
6012.55525774695,10.29545077867806,332.6791489981115,2482.3954414464533
6013.389550531283,10.29545077867806,332.6791489981115,2483.0023798886687
6016.830505443737,10.312804754823446,332.78255606256425,2483.0023798886687
6017.444875614718,10.312804754823446,332.78255606256425,2483.3049468547106
6017.6239408236,10.314515778794885,332.8721670024097,2483.3049468547106
6018.941527372226,10.314515778794885,332.8721670024097,2483.7969962507486
6019.102116711438,10.316159019246697,333.01888238824904,2483.7969962507486
6020.654457127675,10.316159019246697,333.01888238824904,2484.820467768237
6020.903586855158,10.317798592150211,333.2308645080775,2484.820467768237
6022.663765704259,10.317798592150211,333.2308645080775,2486.0509150363505
6024.276764759794,10.32273399271071,333.5696788467467,2486.0509150363505
6025.657288271934,10.32273399271071,333.5696788467467,2486.7970395796
6025.927686408162,10.324368743225932,333.7980165556073,2486.7970395796
6026.923141023144,10.324368743225932,333.7980165556073,2487.5062701664865
6027.057966841385,10.326280895620584,333.9223960209638,2487.5062701664865
6027.8120707422495,10.326280895620584,333.9223960209638,2487.9595052301884
6028.236405575648,10.327923124656081,334.29507662169635,2487.9595052301884
6029.736460605636,10.327923124656081,334.29507662169635,2488.7420700490475
6031.634802654386,10.332833424210548,334.5511377379298,2488.7420700490475
6032.710869316012,10.332833424210548,334.5511377379298,2489.4506042134017
6032.820773735642,10.334385743364692,334.65110174939036,2489.4506042134017
6034.432828307152,10.334385743364692,334.65110174939036,2490.571876000613
6034.527346815914,10.335969081148505,334.71831917762756,2490.571876000613
6035.314425319433,10.335969081148505,334.71831917762756,2491.07385061495
6035.555126674473,10.337554890662432,334.9461906570941,2491.07385061495
6036.792578928173,10.337554890662432,334.9461906570941,2491.808336475864
6038.427748112008,10.34943063929677,335.16637915559113,2491.808336475864
6039.576637655497,10.34943063929677,335.16637915559113,2492.588124446571
6039.8705017752945,10.351611118763685,335.41073877736926,2492.588124446571
6040.959105055779,10.351611118763685,335.41073877736926,2493.3446242120117
6041.137411886826,10.353239746764302,335.5717505849898,2493.3446242120117
6042.161074491218,10.353239746764302,335.5717505849898,2494.070907641202
6042.368673820049,10.354884115979075,335.7694493737072,2494.070907641202
6043.893608627841,10.354884115979075,335.7694493737072,2495.144245373085
6045.505783179775,10.366899974644184,336.11445780843496,2495.144245373085
6046.8919779881835,10.366899974644184,336.11445780843496,2495.850665701553
6047.043024362996,10.368527734652162,336.22889573313296,2495.850665701553
6049.033881757408,10.368527734652162,336.22889573313296,2497.2365730442107
6049.337068155408,10.370180483907461,336.4921519905329,2497.2365730442107
6050.607097759843,10.370180483907461,336.4921519905329,2498.0445423480123
6050.797089396045,10.371810156852007,336.6703271381557,2498.0445423480123
6052.31179394573,10.371810156852007,336.6703271381557,2499.040409071371
6054.013008439913,10.377153307199478,336.944845514372,2499.040409071371
6055.31329757534,10.377153307199478,336.944845514372,2500.0415327213705
6055.7093777656555,10.378832079470158,337.211771780625,2500.0415327213705
6057.271410312504,10.378832079470158,337.211771780625,2501.1213587429374
6057.581090779975,10.38046775944531,337.49982087127864,2501.1213587429374
6059.291249498725,10.38046775944531,337.49982087127864,2502.3950329124928
6059.5202393289655,10.38201005756855,337.71257818490267,2502.3950329124928
6060.965931447223,10.38201005756855,337.71257818490267,2503.4446719232947
6062.458917740732,10.386956110596657,337.78297180496156,2503.4446719232947
6064.389975484461,10.386956110596657,337.78297180496156,2504.976504387334
6064.589397544041,10.388778312131763,337.94238868169487,2504.976504387334
6066.010429499671,10.388778312131763,337.94238868169487,2505.8685960136354
6066.104997498915,10.39899598993361,338.00702078454196,2505.8685960136354
6067.237290516496,10.39899598993361,338.00702078454196,2506.566708061844
6067.672537330538,10.400573650375009,338.2253535799682,2506.566708061844
6068.464529264718,10.400573650375009,338.2253535799682,2506.9765623714775
6073.33098167181,10.409232277423143,338.4429199025035,2506.9765623714775
6075.141478259116,10.409232277423143,338.4429199025035,2507.8343489822
6075.363113727421,10.410870498046279,338.65006613358855,2507.8343489822
6076.80643315427,10.410870498046279,338.65006613358855,2508.6793485265225
6077.164467068389,10.412556756287813,338.9435800779611,2508.6793485265225
6078.145180694759,10.412556756287813,338.9435800779611,2509.2571850623935
6078.41652691178,10.414226450026035,339.18674261868,2509.2571850623935
6079.366035411134,10.414226450026035,339.18674261868,2509.893200594932
6081.133745726198,10.422731844708323,339.3605970032513,2509.893200594932
6083.013132834807,10.422731844708323,339.3605970032513,2511.251248912886
6083.342599814758,10.424448657780886,339.62992513366044,2511.251248912886
6084.953819366172,10.424448657780886,339.62992513366044,2512.2859789431095
6085.174056867138,10.426079517230392,339.8163568470627,2512.2859789431095
6087.033482018858,10.426079517230392,339.8163568470627,2513.309890355915
6087.170060772449,10.428149744868279,339.91049393080175,2513.309890355915
6088.208350485191,10.428149744868279,339.91049393080175,2513.7922156434506
6091.515319675207,10.433193417266011,340.0722463708371,2513.7922156434506
6092.637623699382,10.433193417266011,340.0722463708371,2514.4996575322
6092.896808791906,10.434840876609087,340.31477369740605,2514.4996575322
6094.109076650813,10.434840876609087,340.31477369740605,2515.4586025122553
6094.4653547834605,10.440525252372026,340.5288345143199,2515.4586025122553
6096.155709464103,10.440525252372026,340.5288345143199,2516.7371705342084
6096.4821369200945,10.442234732210636,340.82011756300926,2516.7371705342084
6097.633647795767,10.442234732210636,340.82011756300926,2517.6688640378416
6098.879552781582,10.44715022481978,340.9625510312617,2517.6688640378416
6099.488515239209,10.44715022481978,340.9625510312617,2518.0186267402023
6099.673670226708,10.448855774477124,341.0969956330955,2518.0186267402023
6100.995720596984,10.448855774477124,341.0969956330955,2518.6745662093163
6101.192291015759,10.450628688558936,341.2472312524915,2518.6745662093163
6102.855683954433,10.450628688558936,341.2472312524915,2519.71133864671
6103.249207735062,10.452405029907823,341.5934249907732,2519.71133864671
6105.2145804315805,10.452405029907823,341.5934249907732,2521.135634975508
6106.443156370893,10.45755093358457,341.7261548191309,2521.135634975508
6107.630269492045,10.45755093358457,341.7261548191309,2521.9917287360877
6107.808559834957,10.459210492670536,341.89054724015296,2521.9917287360877
6109.281017508358,10.459210492670536,341.89054724015296,2523.101705024019
6109.643729459494,10.460815342143178,342.2216678634286,2523.101705024019
6111.001312946901,10.460815342143178,342.2216678634286,2523.9076756890863
6111.285789208487,10.462678039446473,342.4930641222745,2523.9076756890863
6112.476528113708,10.462678039446473,342.4930641222745,2524.7004484105855
6114.097153330222,10.471654931083322,342.8161662071943,2524.7004484105855
6115.820405995473,10.471654931083322,342.8161662071943,2525.9249646347016
6116.05607303977,10.473299581557512,342.9937727805227,2525.9249646347016
6117.343199592084,10.473299581557512,342.9937727805227,2527.017274580896
6117.605647584423,10.474931111559272,343.2416212577373,2527.017274580896
6119.0947887040675,10.474931111559272,343.2416212577373,2527.9521280433983
6119.423328280449,10.476597161963582,343.543285029009,2527.9521280433983
6121.07980639115,10.476597161963582,343.543285029009,2529.1146264113486
6122.752096302807,10.481792710721493,343.76908303424716,2529.1146264113486
6123.730456523597,10.481792710721493,343.76908303424716,2529.676547197625
6124.066006748006,10.483546750620008,344.0700794737786,2529.676547197625
6125.182404873893,10.483546750620008,344.0700794737786,2530.488545222208
6125.519860779867,10.485196961089969,344.384351355955,2530.488545222208
6126.7924938984215,10.485196961089969,344.384351355955,2531.3528655022383
6127.044291738421,10.486784121021628,344.5967266317457,2531.3528655022383
6128.149992927909,10.486784121021628,344.5967266317457,2532.0569575689733
6129.533157208934,10.491644140332937,344.8280018158257,2532.0569575689733
6131.08912268281,10.491644140332937,344.8280018158257,2533.161776313558
6131.263894192874,10.493230508640409,344.97867527604103,2533.161776313558
6132.57025208883,10.493230508640409,344.97867527604103,2533.802551012486
6132.779396736994,10.494896398857236,345.1607815604657,2533.802551012486
6134.486996360123,10.494896398857236,345.1607815604657,2535.003310384229
6134.833557574078,10.496722171083093,345.4769247006625,2535.003310384229
6136.466651659459,10.496722171083093,345.4769247006625,2536.034370072186
6138.7782822698355,10.502365566790104,345.52967875637114,2536.034370072186
6140.3167940452695,10.502365566790104,345.52967875637114,2536.4687210638076
6140.456657355651,10.504226550459862,345.64170146919787,2536.4687210638076
6141.187804901972,10.504226550459862,345.64170146919787,2536.805116020143
6141.327790603042,10.505968051031232,345.72088789753616,2536.805116020143
6142.206399969757,10.505968051031232,345.72088789753616,2537.411024481058
6142.287999311462,10.507978377863765,345.77393201738596,2537.411024481058
6143.231200840324,10.507978377863765,345.77393201738596,2537.9025527182966
6145.9698890298605,10.513034608215094,345.82302894443274,2537.9025527182966
6147.0790397152305,10.513034608215094,345.82302894443274,2538.4526015780866
6147.335370726883,10.51485987007618,345.93002124503255,2538.4526015780866
6148.444802919403,10.51485987007618,345.93002124503255,2539.1860232055187
6148.757179459557,10.516498230397701,346.17484536767006,2539.1860232055187
6150.141079543158,10.516498230397701,346.17484536767006,2540.0836369879544
6150.289381960407,10.518109358847141,346.29083834029734,2540.0836369879544
6151.615679901093,10.518109358847141,346.29083834029734,2541.004719682038
6154.943984795362,10.536026975139976,346.50702866725624,2541.004719682038
6155.840210435912,10.536026975139976,346.50702866725624,2541.5333333797753
6156.066179404035,10.53765194490552,346.70159162022173,2541.5333333797753
6156.920646727085,10.53765194490552,346.70159162022173,2542.0714528318495
6157.107493357733,10.53992810472846,346.87048277258873,2542.0714528318495
6158.187387587503,10.53992810472846,346.87048277258873,2542.433153713122
6158.355043077841,10.541548302397132,347.01349877007306,2542.433153713122
6159.727689139545,10.541548302397132,347.01349877007306,2543.131174594164
6162.190502040088,10.551511239260435,347.0931900367141,2543.131174594164
6163.3663307875395,10.551511239260435,347.0931900367141,2543.6099794711918
6163.580954397097,10.55315968953073,347.29064317047596,2543.6099794711918
6165.486238799989,10.55315968953073,347.29064317047596,2544.8971561472863
6165.802429320291,10.554881691932678,347.57422824949026,2544.8971561472863
6167.0756417308,10.554881691932678,347.57422824949026,2545.670687779784
6167.46170385927,10.55661279335618,347.6878548376262,2545.670687779784
6168.527458162978,10.55661279335618,347.6878548376262,2546.3186317738146
6170.347983203828,10.570804730057716,347.9169347304851,2546.3186317738146
6171.549986870959,10.570804730057716,347.9169347304851,2547.0089836642146
6171.953842217103,10.572422038763762,348.27700153551996,2547.0089836642146
6172.900195974857,10.572422038763762,348.27700153551996,2547.551152702421
6173.151973815635,10.574237540364265,348.43785273842514,2547.551152702421
6174.527985448018,10.574237540364265,348.43785273842514,2548.753572786227
6174.74463095516,10.575813576579094,348.62371701188385,2548.753572786227
6175.668259605765,10.575813576579094,348.62371701188385,2549.3531569354236
6177.2388684637845,10.597943859174848,348.898571273312,2549.3531569354236
6178.145407591015,10.597943859174848,348.898571273312,2549.888539576903
6178.464726448059,10.599518107250333,349.19854509457946,2549.888539576903
6179.38849514164,10.599518107250333,349.19854509457946,2550.299042042345
6179.573422087356,10.601074054837227,349.3580460958183,2550.299042042345
6180.667519299313,10.601074054837227,349.3580460958183,2551.045137172565
6181.042702348903,10.604965545237064,349.7018254995346,2551.045137172565
6181.976002248004,10.604965545237064,349.7018254995346,2551.685529548675
6183.420130992308,10.610098177567124,349.751054411754,2551.685529548675
6184.532780453563,10.610098177567124,349.751054411754,2552.5127297230065
6184.886307228357,10.611760409548879,350.0638340897858,2552.5127297230065
6186.023663371801,10.611760409548879,350.0638340897858,2553.2548194173723
6186.082560159266,10.613430261611938,350.1129537783563,2553.2548194173723
6186.781071849167,10.613430261611938,350.1129537783563,2553.617677040398
6187.027129266411,10.615035608410835,350.3459096457809,2553.617677040398
6187.90712652728,10.615035608410835,350.3459096457809,2554.2192303948104
6189.189146671444,10.620068809017539,350.46408270671964,2554.2192303948104
6190.572195166722,10.620068809017539,350.46408270671964,2555.159590821713
6190.766148887575,10.621726330369711,350.6351081393659,2555.159590821713
6191.388035895303,10.621726330369711,350.6351081393659,2555.5751192606986
6191.580086922273,10.62420447729528,350.7871429827064,2555.5751192606986
6193.255173493177,10.62420447729528,350.7871429827064,2556.728886846453
6193.579064903781,10.625918619334698,351.0787334628403,2556.728886846453
6194.908594978973,10.625918619334698,351.0787334628403,2557.6801453344524
6196.136982001364,10.630892779678106,351.31081566400826,2557.6801453344524
6198.042298799381,10.630892779678106,351.31081566400826,2559.1328511741012
6198.376212824136,10.632613802328706,351.5987577456981,2559.1328511741012
6199.826157243922,10.632613802328706,351.5987577456981,2560.029817087576
6200.007770368829,10.634269963949919,351.7350942119956,2560.029817087576
6201.7703519538045,10.634269963949919,351.7350942119956,2561.236791666597
6202.07744512707,10.636121759191155,351.88222622685134,2561.236791666597
6203.50825211592,10.636121759191155,351.88222622685134,2562.0320988595486
6207.493724208325,10.652873665094376,351.9727586656809,2562.0320988595486
6208.447761114687,10.652873665094376,351.9727586656809,2562.6015541683882
6208.525826405734,10.654399322345853,352.0409049820155,2562.6015541683882
6209.467885507271,10.654399322345853,352.0409049820155,2563.140392202884
6209.6558751594275,10.656119951978326,352.1809269860387,2563.140392202884
6210.624082060531,10.656119951978326,352.1809269860387,2563.8165715951473
6210.960092971101,10.657778831198812,352.4693527985364,2563.8165715951473
6212.027657000348,10.657778831198812,352.4693527985364,2564.4409417975694
6213.326595084742,10.662636550143361,352.5393796041608,2564.4409417975694
6214.424584291875,10.662636550143361,352.5393796041608,2564.948193905875
6214.742432983592,10.66428585909307,352.82457144744694,2564.948193905875
6216.504992419854,10.66428585909307,352.82457144744694,2566.056460529566
6216.850213268772,10.665990790352225,352.99971658550203,2566.056460529566
6217.950134651735,10.665990790352225,352.99971658550203,2566.5269877053797
6218.082409612834,10.667542938143015,353.1186756528914,2566.5269877053797
6219.684642843902,10.667542938143015,353.1186756528914,2567.19720774889
6223.469660706818,10.673709020018578,353.38677899353206,2567.19720774889
6224.837570408359,10.673709020018578,353.38677899353206,2567.9020975753665
6225.036219082773,10.675421612337232,353.5543581042439,2567.9020975753665
6225.951621137559,10.675421612337232,353.5543581042439,2568.3295667245984
6226.154147256166,10.6770048327744,353.7403813507408,2568.3295667245984
6227.179392891005,10.6770048327744,353.7403813507408,2568.7908840533346
6227.526879835874,10.678586270660162,354.06680826842785,2568.7908840533346
6228.90430550836,10.678586270660162,354.06680826842785,2569.8042687308043
6230.675012962893,10.683582613244653,354.3797369785607,2569.8042687308043
6232.398102588952,10.683582613244653,354.3797369785607,2571.1139307338744
6232.531346660107,10.685267074033618,354.49226807802916,2571.1139307338744
6233.97403321974,10.685267074033618,354.49226807802916,2572.064386319369
6234.1919659320265,10.686855681240559,354.6799618937075,2572.064386319369
6235.240454280749,10.686855681240559,354.6799618937075,2572.699710365385
6235.564793111756,10.696404997259378,354.94333259761333,2572.699710365385
6236.665184751153,10.696404997259378,354.94333259761333,2573.4541513901204
6238.096404790878,10.701251750811934,355.1203880030662,2573.4541513901204
6239.565176960081,10.701251750811934,355.1203880030662,2574.246767004952
6240.021262222901,10.703127667307854,355.2526042032987,2574.246767004952
6241.327126506716,10.703127667307854,355.2526042032987,2574.9624765422195
6241.681160172448,10.704931478947401,355.4383992962539,2574.9624765422195
6242.495342031121,10.704931478947401,355.4383992962539,2575.393772693351
6242.663566824049,10.708126658573747,355.5912099312991,2575.393772693351
6243.309723615646,10.708126658573747,355.5912099312991,2575.712823325768
6246.096956659108,10.713214114308357,355.64887589402497,2575.712823325768
6246.996599815786,10.713214114308357,355.64887589402497,2576.2740961853415
6247.0724356547,10.715656159445643,355.7026918232441,2576.2740961853415
6248.359236938879,10.715656159445643,355.7026918232441,2577.0570839345455
6248.502708559856,10.717241799458861,355.82397483475506,2577.0570839345455
6249.75903423503,10.717241799458861,355.82397483475506,2577.7682060990483
6249.985066846013,10.71901936084032,355.8731194343418,2577.7682060990483
6251.2808634750545,10.71901936084032,355.8731194343418,2578.430484648794
6253.966117883101,10.724254189059138,356.00116022862494,2578.430484648794
6255.228999404237,10.724254189059138,356.00116022862494,2579.1140989679843
6255.423856342211,10.725805707275867,356.1608414724469,2579.1140989679843
6256.453944636509,10.725805707275867,356.1608414724469,2579.9182144049555
6256.761312626302,10.727513547986746,356.3382971920073,2579.9182144049555
6258.104287371039,10.727513547986746,356.3382971920073,2580.7978137340397
6258.269879743457,10.742652107030153,356.4552120938897,2580.7978137340397
6260.01218431443,10.742652107030153,356.4552120938897,2581.931116618216
6262.280949063599,10.747966196388006,356.6127109583467,2581.931116618216
6263.331168100238,10.747966196388006,356.6127109583467,2582.591862278059
6263.436364306137,10.749582717195153,356.69911221042275,2582.591862278059
6264.670249484479,10.749582717195153,356.69911221042275,2583.0747046731412
6264.93893930316,10.751344848424196,356.7922574672848,2583.0747046731412
6265.73588000983,10.751344848424196,356.7922574672848,2583.424575060606
6266.1468055062,10.752959419041872,356.8445187676698,2583.424575060606
6266.851255347952,10.752959419041872,356.8445187676698,2583.8219590969384
6269.223736040294,10.7580093909055,357.3142544385046,2583.8219590969384
6271.335312850773,10.7580093909055,357.3142544385046,2585.0827956087887
6271.701960498467,10.759666321799159,357.63432498276234,2585.0827956087887
6272.703516840935,10.759666321799159,357.63432498276234,2585.598046535626
6272.811001800001,10.76130624115467,357.70966010168195,2585.598046535626
6274.511202886701,10.76130624115467,357.70966010168195,2586.309879463166
6274.815608063713,10.76389530673623,357.9456778559834,2586.309879463166
6275.614427123219,10.76389530673623,357.9456778559834,2586.55532220006
6278.219607830048,10.769213896244764,357.99450371973217,2586.55532220006
6279.241720939055,10.769213896244764,357.99450371973217,2587.250419732183
6279.522432852536,10.770944844931364,358.2572010681033,2587.250419732183
6281.277670640498,10.770944844931364,358.2572010681033,2588.403874395415
6281.480084395036,10.772662628442049,358.39503893069923,2588.403874395415
6283.34299200587,10.772662628442049,358.39503893069923,2589.4649806115776
6283.433074286208,10.774267096072435,358.4727890752256,2589.4649806115776
6284.21734691225,10.774267096072435,358.4727890752256,2589.95429934375
6288.098243081942,10.779246628284454,358.67491345480084,2589.95429934375
6289.3576217684895,10.779246628284454,358.67491345480084,2590.7794505860656
6289.777989918366,10.781156774610281,358.8615589234978,2590.7794505860656
6290.916114863008,10.781156774610281,358.8615589234978,2591.164623171091
6290.9761297516525,10.782775351777673,358.91188861615956,2591.164623171091
6291.581761755049,10.782775351777673,358.91188861615956,2591.559285538271
6291.730750735849,10.784571385011077,359.02208568528295,2591.559285538271
6293.322106571868,10.784571385011077,359.02208568528295,2592.741646433249
6295.958534911275,10.795562533661723,359.18457721173763,2592.741646433249
6297.864755665883,10.795562533661723,359.18457721173763,2593.8629167620093
6298.1454927083105,10.797170462086797,359.4356574509293,2593.8629167620093
6299.3680171798915,10.797170462086797,359.4356574509293,2594.592410253361
6299.472640275955,10.798809081315994,359.51665466465056,2594.592410253361
6300.31725454703,10.798809081315994,359.51665466465056,2595.129576332867
6300.641954474151,10.800394410267472,359.81514260172844,2595.129576332867
6301.753094075248,10.800394410267472,359.81514260172844,2595.926957130432
6304.378495654091,10.805355520918965,360.01613498292863,2595.926957130432
6305.60038375482,10.805355520918965,360.01613498292863,2596.699441159144
6305.75335001573,10.807101452723145,360.1199293937534,2596.699441159144
6306.810241185129,10.807101452723145,360.1199293937534,2597.1974482126534
6306.9820213411,10.808730062097311,360.270106093958,2597.1974482126534
6308.183434678242,10.808730062097311,360.270106093958,2597.9812808297575
6308.461165163666,10.812159024178982,360.5332126431167,2597.9812808297575
6309.964863317087,10.812159024178982,360.5332126431167,2598.8056911602616
6312.311386479065,10.81707956455648,360.7046105321497,2598.8056911602616
6313.044694360346,10.81707956455648,360.7046105321497,2599.247200306505
6313.219171447679,10.818724634125829,360.8330230321735,2599.247200306505
6314.437730295584,10.818724634125829,360.8330230321735,2600.0139340534806
6314.75089905411,10.820436425507069,361.0833196286112,2600.0139340534806
6315.585997769609,10.820436425507069,361.0833196286112,2600.495874669403
6315.96140774712,10.825457157567143,361.3010762985796,2600.495874669403
6316.976400587708,10.825457157567143,361.3010762985796,2601.051281752065
6321.100969400257,10.843062579631805,361.5605642404407,2601.051281752065
6322.045451760292,10.843062579631805,361.5605642404407,2601.5656989943236
6322.188525089994,10.844682039692998,361.67783738859,2601.5656989943236
6323.622757742181,10.844682039692998,361.67783738859,2602.291880985722
6323.714785017073,10.846435820683837,361.7414240241051,2602.291880985722
6324.480151735246,10.846435820683837,361.7414240241051,2602.617231125012
6324.582766516134,10.853177981451154,361.81922611780465,2602.617231125012
6325.733617087826,10.853177981451154,361.81922611780465,2603.2428359221667
6329.105840766802,10.858123742043972,362.100782815367,2603.2428359221667
6330.669900206849,10.858123742043972,362.100782815367,2603.632640281692
6330.878127392381,10.859898626804352,362.1588771492243,2603.632640281692
6332.387910978869,10.859898626804352,362.1588771492243,2604.3501688167453
6332.793084459379,10.861721850931644,362.3494044393301,2604.3501688167453
6333.884638005868,10.861721850931644,362.3494044393301,2605.00927230902
6334.017072152346,10.863392479717731,362.4485194962472,2605.00927230902
6335.1477643642575,10.863392479717731,362.4485194962472,2605.9292381126434
6337.956559535116,10.868586648255587,362.6767580471933,2605.9292381126434
6339.428688870743,10.868586648255587,362.6767580471933,2606.816043527797
6339.571915116161,10.8720459099859,362.79162285104394,2606.816043527797
6340.978101264685,10.8720459099859,362.79162285104394,2607.5545712877065
6341.354190664366,10.873758582398295,362.87322698533535,2607.5545712877065
6342.540176309645,10.873758582398295,362.87322698533535,2608.4074356984347
6342.6043674349785,10.875315522775054,362.9220927003771,2608.4074356984347
6343.847372915596,10.875315522775054,362.9220927003771,2608.899051245302
6346.946774451062,10.880180343985558,363.2525362037122,2608.899051245302
6348.364219374955,10.880180343985558,363.2525362037122,2609.6851004622877
6348.844676567242,10.885899187996984,363.4688853658736,2609.6851004622877
6350.784895479679,10.885899187996984,363.4688853658736,2610.684016920626
6350.911874065176,10.897188825532794,363.5600983276963,2610.684016920626
6351.862088562921,10.897188825532794,363.5600983276963,2611.3792089670897
6352.2387146912515,10.898833092302084,363.88039620406926,2611.3792089670897
6352.927343787625,10.898833092302084,363.88039620406926,2611.7903112769127
6356.092963038012,10.904072569683194,364.0737487655133,2611.7903112769127
6357.481160508469,10.904072569683194,364.0737487655133,2612.6737320106477
6357.710180943832,10.905701071023941,364.268741697073,2612.6737320106477
6359.076788198203,10.905701071023941,364.268741697073,2613.67436459288
6359.368835039437,10.90758229419589,364.5267564058304,2613.67436459288
6360.962407812476,10.90758229419589,364.5267564058304,2614.677834616974
6361.318162826821,10.909258395433426,364.800178213045,2614.677834616974
6363.02299487032,10.909258395433426,364.800178213045,2615.5366361197084
6366.923955472186,10.919707523658872,365.02899280562997,2615.5366361197084
6367.898761712015,10.919707523658872,365.02899280562997,2615.95264666155
6368.054513784125,10.921398613601923,365.1495012752712,2615.95264666155
6369.060649745166,10.921398613601923,365.1495012752712,2616.6476043127477
6369.315717548132,10.923122186213732,365.36893428489566,2616.6476043127477
6369.936361707747,10.923122186213732,365.36893428489566,2616.952311243862
6370.288403017446,10.92502723261714,365.6927373185754,2616.952311243862
6371.9016328994185,10.92502723261714,365.6927373185754,2617.910308184102
6374.547749875113,10.929948495700955,365.82603337056935,2617.910308184102
6375.826733028516,10.929948495700955,365.82603337056935,2618.8878353610635
6376.114420507103,10.93182017095387,366.1030987985432,2618.8878353610635
6377.995608931407,10.93182017095387,366.1030987985432,2620.2540755886585
6378.103323895484,10.933452619239688,366.2002173680812,2620.2540755886585
6379.404994519427,10.933452619239688,366.2002173680812,2621.1354108452797
6379.7037298139185,10.935110179707408,366.4888799171895,2621.1354108452797
6380.989752182737,10.935110179707408,366.4888799171895,2621.9264044556767
6383.785107135773,10.943775011226535,366.6487449053675,2621.9264044556767
6384.739900687709,10.943775011226535,366.6487449053675,2622.3838793765754
6384.88035498932,10.9454464931041,366.72647877782583,2622.3838793765754
6385.474042328075,10.9454464931041,366.72647877782583,2622.687010601163
6385.685252536088,10.947081243619323,366.8430079445243,2622.687010601163
6386.915439272299,10.947081243619323,366.8430079445243,2623.418238837272
6387.205555167049,10.948694873601198,366.9530242085457,2623.418238837272
6388.605902763084,10.948694873601198,366.9530242085457,2624.3063387088478
6390.807998705655,10.95375670492649,367.0407381448895,2624.3063387088478
6392.144646214321,10.95375670492649,367.0407381448895,2625.243306234479
6392.3581416439265,10.955289140343666,367.24008569680154,2625.243306234479
6393.8955000098795,10.955289140343666,367.24008569680154,2626.082785025239
6394.112560307607,10.957041719928384,367.4100515022874,2626.082785025239
6395.510453475639,10.957041719928384,367.4100515022874,2626.984201868996
6395.793831847608,10.958800980821252,367.4893858358264,2626.984201868996
6396.5188700817525,10.958800980821252,367.4893858358264,2627.355283288285
6398.163106244057,10.97009677812457,367.69182186573744,2627.355283288285
6399.671060191467,10.97009677812457,367.69182186573744,2628.232019651681
6399.900835331529,10.97232068888843,367.8941007107496,2628.232019651681
6401.483957745135,10.97232068888843,367.8941007107496,2628.9824960790575
6401.665104603395,10.977215640246868,368.04238439910114,2628.9824960790575
6403.003097306937,10.977215640246868,368.04238439910114,2629.3160591088235
6403.184457352385,10.978851459920406,368.191710755229,2629.3160591088235
6404.164419513196,10.978851459920406,368.191710755229,2629.6857759114355
6409.682920159772,10.989141525700688,368.24487209133804,2629.6857759114355
6410.6259044948965,10.989141525700688,368.24487209133804,2630.1914436053485
6410.90672612004,10.990742564201355,368.4952999185771,2630.1914436053485
6411.926481952891,10.990742564201355,368.4952999185771,2630.649473024532
6412.0756962783635,10.992439476773143,368.6338268984109,2630.649473024532
6412.903246760368,10.992439476773143,368.6338268984109,2630.9689294788986
6413.026862403378,10.994114357978106,368.72150268778205,2630.9689294788986
6414.270488606766,10.994114357978106,368.72150268778205,2631.536225553602
6417.511725043878,10.999130681157112,369.0091411471367,2631.536225553602
6419.11813839525,10.999130681157112,369.0091411471367,2632.382344543934
6419.215090811253,11.00082722119987,369.078954834491,2632.382344543934
6420.6799998711795,11.00082722119987,369.078954834491,2632.9619783516973
6420.819632818922,11.002564933151007,369.1935660354793,2632.9619783516973
6421.9155038148165,11.002564933151007,369.1935660354793,2633.4611328989267
6422.199913278222,11.00416500121355,369.4507924001664,2633.4611328989267
6423.5700269993395,11.00416500121355,369.4507924001664,2634.1051946282387
6427.1380447838455,11.017224172130227,369.64771088957787,2634.1051946282387
6428.215014044195,11.017224172130227,369.64771088957787,2634.690427368507
6428.3501253686845,11.018866322934628,369.76459949463606,2634.690427368507
6429.316760530695,11.018866322934628,369.76459949463606,2635.3135505355895
6429.676804127172,11.020479559898376,370.086307939142,2635.3135505355895
6430.444438891485,11.020479559898376,370.086307939142,2635.6031769514084
6430.53446813114,11.022047819569707,370.1450447551906,2635.6031769514084
6432.209267208353,11.022047819569707,370.1450447551906,2636.676119470969
6435.161131592467,11.036177918314934,370.2884777430445,2636.676119470969
6436.289467103779,11.036177918314934,370.2884777430445,2637.375727839768
6436.356831619516,11.037796918302774,370.34608860872686,2637.375727839768
6437.518619405106,11.037796918302774,370.34608860872686,2638.1312736943364
6437.786937961355,11.039603311568499,370.58518392778933,2638.1312736943364
6438.6577867381275,11.039603311568499,370.58518392778933,2638.652169978246
6438.861574411392,11.041268859058619,370.76232868433,2638.652169978246
6439.9711374323815,11.041268859058619,370.76232868433,2639.2470470499247
6442.947363704443,11.049348725005984,371.0074062757194,2639.2470470499247
6444.323165630922,11.049348725005984,371.0074062757194,2640.1812825351954
6444.521908812225,11.05100391805172,371.17963057011366,2640.1812825351954
6445.696066645905,11.05100391805172,371.17963057011366,2640.8472432754934
6445.989256046712,11.052639946341515,371.45788827724755,2640.8472432754934
6447.201014529914,11.052639946341515,371.45788827724755,2641.695801433176
6447.311330182478,11.054231034591794,371.5483231227845,2641.695801433176
6448.417689522728,11.054231034591794,371.5483231227845,2642.3239000011235
6451.603226618841,11.059187155216932,371.83990407548845,2642.3239000011235
6452.525204453617,11.059187155216932,371.83990407548845,2642.7945340964943
6452.762059871107,11.060844825580716,371.97332325205207,2642.7945340964943
6454.567917101085,11.060844825580716,371.97332325205207,2643.8638871517032
6454.966417133808,11.062668439000845,372.1658916324377,2643.8638871517032
6456.4882584773,11.062668439000845,372.1658916324377,2644.849819017574
6456.567182654515,11.064204366877675,372.21718954481184,2644.849819017574
6457.5971044152975,11.064204366877675,372.21718954481184,2645.2245337851346
6462.203017130494,11.069220958277583,372.27031192556024,2645.2245337851346
6463.772723751143,11.069220958277583,372.27031192556024,2645.880868870765
6464.113195098937,11.070957530289888,372.4677605256438,2645.880868870765
6465.615660959855,11.070957530289888,372.4677605256438,2646.1986109633
6466.052220087498,11.072855204343796,372.5251809284091,2646.1986109633
6467.591389171779,11.072855204343796,372.5251809284091,2646.978859158233
6467.885832995176,11.074709665030241,372.6232612859458,2646.978859158233
6469.142971782014,11.074709665030241,372.6232612859458,2647.3711108062416
6471.8551205750555,11.079679634422064,372.75904258713126,2647.3711108062416
6473.46757116355,11.079679634422064,372.75904258713126,2648.2485262025148
6473.869220191613,11.08148286677897,373.0403435397893,2648.2485262025148
6475.8212671186775,11.08148286677897,373.0403435397893,2649.4877871405333
6476.018838979304,11.083138028159738,373.22680511698127,2649.4877871405333
6477.975144557655,11.083138028159738,373.22680511698127,2650.6370578799397
6478.441363899037,11.093055380508304,373.3578618094325,2650.6370578799397
6479.676922852173,11.093055380508304,373.3578618094325,2651.322881968692
6483.332691136748,11.105885524302721,373.7139220237732,2651.322881968692
6484.1773738749325,11.105885524302721,373.7139220237732,2651.719405632466
6484.333074780181,11.10747149400413,373.83514290489256,2651.719405632466
6485.659807659686,11.10747149400413,373.83514290489256,2652.3606892656535
6485.903989173472,11.109054412692785,374.067924387753,2652.3606892656535
6487.287516515702,11.109054412692785,374.067924387753,2653.2733676210046
6487.351553607732,11.110652351751924,374.11757720820606,2653.2733676210046
6488.769952239469,11.110652351751924,374.11757720820606,2654.0612299479544
6491.583107519895,11.115642692893744,374.2755487319082,2654.0612299479544
6492.794530715793,11.115642692893744,374.2755487319082,2654.8372658062726
6492.874474711716,11.11729385331273,374.3360561300069,2654.8372658062726
6494.558703282848,11.11729385331273,374.3360561300069,2656.0001673530787
6494.84475761652,11.11903589591384,374.5925515498966,2656.0001673530787
6496.438731344417,11.11903589591384,374.5925515498966,2657.264722565189
6496.520587813109,11.120712328702211,374.6423658747226,2657.264722565189
6498.031722264364,11.120712328702211,374.6423658747226,2657.9441333245486
6500.708899682388,11.125860145315528,374.8621569033712,2657.9441333245486
6501.719765635207,11.125860145315528,374.8621569033712,2658.4411585014313
6501.860785000026,11.12755830772221,374.9268127679825,2658.4411585014313
6502.7462570834905,11.12755830772221,374.9268127679825,2658.8222256340086
6502.9840728435665,11.137075571343303,375.0424901973456,2658.8222256340086
6503.896144686267,11.137075571343303,375.0424901973456,2659.2370205242187
6504.090493276715,11.138762813061476,375.15914297662675,2659.2370205242187
6505.172332622111,11.138762813061476,375.15914297662675,2660.0853383187205
6508.001330761239,11.14403690956533,375.35072263516486,2660.0853383187205
6509.054764935747,11.14403690956533,375.35072263516486,2660.6940989121795
6509.253094298765,11.145769640803337,375.4070900697261,2660.6940989121795
6510.565831625834,11.145769640803337,375.4070900697261,2661.4017352405936
6510.846838423982,11.147448442876339,375.58321520499885,2661.4017352405936
6511.572609355673,11.147448442876339,375.58321520499885,2661.888391915709
6511.697982972488,11.149055441841483,375.681584186852,2661.888391915709
6512.74314330332,11.149055441841483,375.681584186852,2662.594652507454
6516.987236155197,11.154007252305746,375.8458707742393,2662.594652507454
6517.890346895903,11.154007252305746,375.8458707742393,2663.20260758698
6518.073576403782,11.1557083632797,375.9308369103819,2663.20260758698
6518.710122447461,11.1557083632797,375.9308369103819,2663.665542619303
6518.917484747246,11.157383643090725,376.10493062250316,2663.665542619303
6519.591505199671,11.157383643090725,376.10493062250316,2664.0996321626008
6519.968945587054,11.160712094977498,376.18459015339613,2664.0996321626008
6521.368018195033,11.160712094977498,376.18459015339613,2664.656231822446
6525.132590511814,11.165651435032487,376.3693498894572,2664.656231822446
6526.489204740152,11.165651435032487,376.3693498894572,2665.2733811326325
6527.061889585108,11.16728401556611,376.6178296841681,2665.2733811326325
6528.554235151038,11.16728401556611,376.6178296841681,2666.151420203969
6528.678663963452,11.168884545564651,376.7033386621624,2666.151420203969
6529.682666901499,11.168884545564651,376.7033386621624,2666.6515440996736
6529.77515703626,11.170451553538442,376.78256806358695,2666.6515440996736
6531.738072827458,11.170451553538442,376.78256806358695,2667.319503903389
6535.683537852019,11.179741710424423,376.9520916901529,2667.319503903389
6537.543619407341,11.179741710424423,376.9520916901529,2668.179605646059
6537.712396038696,11.181340700015426,377.09146520122886,2668.179605646059
6539.310831852257,11.181340700015426,377.09146520122886,2669.0750423241407
6539.433842955157,11.187974952161312,377.1967273186892,2669.0750423241407
6540.426004558802,11.187974952161312,377.1967273186892,2669.537288494408
6540.549527782947,11.189642472192645,377.3018611241132,2669.537288494408
6541.907225532457,11.189642472192645,377.3018611241132,2670.358878830448
6544.19823397696,11.194705614820123,377.3508987724781,2670.358878830448
6545.509235903621,11.194705614820123,377.3508987724781,2670.9203969109803
6545.851334311068,11.196356475353241,377.49927015043795,2670.9203969109803
6547.4172802604735,11.196356475353241,377.49927015043795,2671.6589354071766
6547.539036920294,11.198039393872023,377.5786259174347,2671.6589354071766
6548.471206184477,11.198039393872023,377.5786259174347,2672.204022344202
6548.572967907414,11.2004091758281,377.6692181881517,2672.204022344202
6549.296923985705,11.2004091758281,377.6692181881517,2672.499085141346
6553.121702680364,11.205217456445098,377.76520213857293,2672.499085141346
6554.495290840045,11.205217456445098,377.76520213857293,2673.2086144052446
6554.76883267425,11.206904828548431,377.9991308543831,2673.2086144052446
6556.759566325694,11.206904828548431,377.9991308543831,2674.5415845029056
6556.974983373657,11.2085166182369,378.19694189727306,2674.5415845029056
6558.531814983115,11.2085166182369,378.19694189727306,2675.5621262360364
6558.887812048197,11.217349503189325,378.50506779178977,2675.5621262360364
6560.206811470911,11.217349503189325,378.50506779178977,2676.518151078373
6562.464394403622,11.226807685568929,378.55370952375233,2676.518151078373
6563.304927486926,11.226807685568929,378.55370952375233,2676.9875625092536
6563.401872633025,11.228440817445517,378.63160578906536,2676.9875625092536
6564.946126643568,11.228440817445517,378.63160578906536,2678.01111423783
6565.096280807629,11.230133330449462,378.76771355234087,2678.01111423783
6566.490956505761,11.230133330449462,378.76771355234087,2678.8384678699076
6566.7836746592075,11.23716763779521,378.9294824395329,2678.8384678699076
6567.975962610915,11.23716763779521,378.9294824395329,2679.631080886349
6570.030782546848,11.242199890315533,378.97792148031294,2679.631080886349
6571.387728787959,11.242199890315533,378.97792148031294,2680.354239091277
6571.566128855571,11.243811527267098,379.14140728488564,2680.354239091277
6572.818446116522,11.243811527267098,379.14140728488564,2681.1303965374827
6573.272094812244,11.245609279721975,379.31590040028095,2681.1303965374827
6574.13068189472,11.245609279721975,379.31590040028095,2681.7160432804376
6574.269654551521,11.247272750362754,379.42586851492524,2681.7160432804376
6575.398385317996,11.247272750362754,379.42586851492524,2682.2438820358366
6580.949395239353,11.254597986117005,379.5851554758847,2682.2438820358366
6581.836631858721,11.254597986117005,379.5851554758847,2682.699052738026
6582.100865824148,11.256228923797607,379.66373044624925,2682.699052738026
6582.913609577343,11.256228923797607,379.66373044624925,2683.03765627183
6583.132168613374,11.257942836731672,379.86730110645294,2683.03765627183
6584.036308703944,11.257942836731672,379.86730110645294,2683.5361588075757
6584.264407483861,11.259592996910214,380.0607355609536,2683.5361588075757
6585.418463403359,11.259592996910214,380.0607355609536,2684.0936486851424
6587.232531230897,11.264861503615975,380.4368221722543,2684.0936486851424
6588.7000745963305,11.264861503615975,380.4368221722543,2684.7392534166574
6588.961076119915,11.26666959747672,380.656312065199,2684.7392534166574
6590.533783651888,11.26666959747672,380.656312065199,2685.477995445952
6590.621265595779,11.26832820661366,380.7175672892481,2685.477995445952
6591.858089253306,11.26832820661366,380.7175672892481,2685.9680944178253
6591.996223604307,11.269914055243134,380.8259833082557,2685.9680944178253
6593.486609060317,11.269914055243134,380.8259833082557,2686.4457673411816
6597.40223406069,11.275037797167897,381.1036243084818,2686.4457673411816
6598.999263871461,11.275037797167897,381.1036243084818,2687.6563438102603
6599.225222650915,11.276856642216444,381.2997219134122,2687.6563438102603
6600.62666580826,11.276856642216444,381.2997219134122,2688.365938525647
6600.928348207846,11.27858966588974,381.56015478633344,2688.365938525647
6602.754153247923,11.27858966588974,381.56015478633344,2689.452878765762
6603.021587669849,11.283154059201479,381.7835369091481,2689.452878765762
6604.549461601302,11.283154059201479,381.7835369091481,2690.3073127046227
6606.697783704847,11.288286020979285,381.84344178810716,2690.3073127046227
6607.596364023164,11.288286020979285,381.84344178810716,2691.0397921111435
6607.836905743927,11.289913661777973,382.05405787937343,2691.0397921111435
6608.866839598864,11.289913661777973,382.05405787937343,2691.7131885830313
6608.975097773597,11.291594553738832,382.13696922920644,2691.7131885830313
6609.85642452538,11.291594553738832,382.13696922920644,2692.2916294354945
6610.106356848031,11.293269753456116,382.3594107758254,2692.2916294354945
6612.160613447428,11.293269753456116,382.3594107758254,2693.9005105737597
6613.738754579797,11.298224644735456,382.4843360558152,2693.9005105737597
6615.475896047428,11.298224644735456,382.4843360558152,2694.998717390001
6615.6296455562115,11.299891293048859,382.6279522962868,2694.998717390001
6616.546385606751,11.299891293048859,382.6279522962868,2695.4898448102176
6616.717137075961,11.301536152139306,382.7685689944774,2695.4898448102176
6617.9924109093845,11.301536152139306,382.7685689944774,2696.160309739411
6618.165930191055,11.303194381296635,382.9170926939696,2696.160309739411
6619.665318120271,11.303194381296635,382.9170926939696,2697.2388213481754
6621.995696982369,11.308419987559319,383.15076643787324,2697.2388213481754
6622.833436716348,11.308419987559319,383.15076643787324,2697.6308056432754
6622.910986447707,11.309963766485453,383.2108129095286,2697.6308056432754
6623.680207565427,11.309963766485453,383.2108129095286,2698.208597442135
6623.828826090321,11.31163202598691,383.34944131039083,2698.208597442135
6624.838973823935,11.31163202598691,383.34944131039083,2698.7793657518923
6624.899480851367,11.313285795971751,383.3994071856141,2698.7793657518923
6625.47122974135,11.313285795971751,383.3994071856141,2699.1458210181445
6630.843280440196,11.318266997113824,383.5757795665413,2699.1458210181445
6631.7431995961815,11.318266997113824,383.5757795665413,2699.7467866018414
6631.891998412088,11.319857317954302,383.70719757676125,2699.7467866018414
6633.5731098130345,11.319857317954302,383.70719757676125,2700.4571842327714
6633.871263157576,11.321500128135085,383.87515460699797,2700.4571842327714
6635.536660831422,11.321500128135085,383.87515460699797,2701.5036834552884
6635.807021275163,11.32317571900785,384.09617124684155,2701.5036834552884
6636.945327831432,11.32317571900785,384.09617124684155,2702.2551938183606
6638.904523488134,11.328065210953355,384.3441223911941,2702.2551938183606
6639.87731785886,11.328065210953355,384.3441223911941,2702.617710834369
6640.151063555852,11.329665740951896,384.59211305715144,2702.617710834369
6640.714292729273,11.329665740951896,384.59211305715144,2702.906851734966
6641.03790509142,11.331388533115387,384.884776301682,2702.906851734966
6642.420358680189,11.331388533115387,384.884776301682,2703.7961511220783
6642.711459413171,11.333281027153134,385.10598768666387,2703.7961511220783
6643.707029821351,11.333281027153134,385.10598768666387,2704.3349567353725
6646.063503282145,11.35306548140943,385.4391848538071,2704.3349567353725
6647.354844911024,11.35306548140943,385.4391848538071,2704.9934867843986
6647.561142072082,11.354844814166427,385.62603213079274,2704.9934867843986
6649.389967782423,11.354844814166427,385.62603213079274,2706.2387327961624
6649.569146996364,11.356520993635058,385.7701068110764,2706.2387327961624
6650.647642731667,11.356520993635058,385.7701068110764,2706.8773942310363
6650.732857076451,11.358115322887897,385.8418747950345,2706.8773942310363
6651.800215996802,11.358115322887897,385.8418747950345,2707.393321186304
6654.6039740573615,11.36512947268784,386.1361218970269,2707.393321186304
6655.756339486688,11.36512947268784,386.1361218970269,2707.82248583436
6656.0682063438,11.366954054683447,386.25810089334846,2707.82248583436
6657.486967448145,11.366954054683447,386.25810089334846,2708.5249675717205
6657.85726919584,11.36878795735538,386.4893645700067,2708.5249675717205
6658.874291976914,11.36878795735538,386.4893645700067,2709.081365088001
6659.068471508101,11.3704117462039,386.62588532269,2709.081365088001
6660.536765798926,11.3704117462039,386.62588532269,2709.8648332357407
6663.3834394440055,11.38305496610701,386.6858541909605,2709.8648332357407
6664.311247719452,11.38305496610701,386.6858541909605,2710.3944446630776
6664.60860799998,11.384663926437497,386.9424566645175,2710.3944446630776
6665.834232915193,11.384663926437497,386.9424566645175,2711.2198314107955
6666.188532819971,11.391813647001982,387.14227345585823,2711.2198314107955
6667.229967776686,11.391813647001982,387.14227345585823,2712.066311104223
6667.621189499274,11.393460996448994,387.4063921365887,2712.066311104223
6669.42318546772,11.393460996448994,387.4063921365887,2713.1630087830126
6672.106726216152,11.401501139625907,387.692061252892,2713.1630087830126
6673.467216972262,11.401501139625907,387.692061252892,2713.8959782589227
6673.6480364035815,11.403104519471526,387.8507045712322,2713.8959782589227
6674.914269335568,11.403104519471526,387.8507045712322,2714.640605196357
6675.101915853098,11.40475245937705,387.9918943773955,2714.640605196357
6676.573408395052,11.40475245937705,387.9918943773955,2715.729740479961
6676.980458345264,11.40637556090951,388.3630372006446,2715.729740479961
6678.593134684488,11.40637556090951,388.3630372006446,2716.9404419511557
6681.02181292139,11.438797239214182,388.62752200849354,2716.9404419511557
6682.109205164015,11.438797239214182,388.62752200849354,2717.63423191756
6682.33013488166,11.440387645736337,388.8328130207956,2717.63423191756
6683.823005946353,11.440387645736337,388.8328130207956,2718.611557951197
6683.975584732369,11.442066358402371,388.93918420001864,2718.611557951197
6684.9835558868945,11.442066358402371,388.93918420001864,2719.2756794653833
6685.427124546841,11.44380577094853,389.14061111211777,2719.2756794653833
6686.516152448952,11.44380577094853,389.14061111211777,2719.6108074281365
6691.959201756865,11.44929469935596,389.21745767071843,2719.6108074281365
6692.6622197031975,11.44929469935596,389.21745767071843,2719.9678773246706
6692.874060306698,11.450929086655378,389.3885895572603,2719.9678773246706
6694.277208507061,11.450929086655378,389.3885895572603,2720.7678608689457
6694.721164003015,11.452577525749803,389.5550582408905,2720.7678608689457
6696.862122748047,11.452577525749803,389.5550582408905,2722.2403095904738
6697.217481590807,11.454175533726811,389.8836057446897,2722.2403095904738
6699.155570374802,11.454175533726811,389.8836057446897,2723.676004514098
6701.567841012031,11.45923824608326,390.04179604537785,2723.676004514098
6703.086747663096,11.45923824608326,390.04179604537785,2724.485544051975
6703.501030255109,11.460840735584497,390.42262735776603,2724.485544051975
6704.7185033317655,11.460840735584497,390.42262735776603,2725.4662822093815
6704.90673135221,11.46260029822588,390.4905129428953,2725.4662822093815
6706.6940456759185,11.46260029822588,390.4905129428953,2726.7335567474365
6707.15899656713,11.464251510798931,390.72360360622406,2726.7335567474365
6707.999871158972,11.464251510798931,390.72360360622406,2727.1420688442886
6710.247639130801,11.4691416118294,390.9438246730715,2727.1420688442886
6711.686701709405,11.4691416118294,390.9438246730715,2727.593071842566
6711.917787024751,11.470726028084755,391.13084959052503,2727.593071842566
6713.414971319959,11.470726028084755,391.13084959052503,2728.2399007081985
6713.706254826859,11.47241273894906,391.2280709128827,2728.2399007081985
6714.770300650969,11.47241273894906,391.2280709128827,2728.873727504164
6714.8319638911635,11.474176790565252,391.27901460789144,2728.873727504164
6716.655815143138,11.474176790565252,391.27901460789144,2730.21640236862
6718.645395113155,11.479401417076588,391.38780025951564,2730.21640236862
6719.809061642736,11.479401417076588,391.38780025951564,2730.9501092676073
6720.014792375267,11.481074815616012,391.53755996376276,2730.9501092676073
6721.199832947925,11.481074815616012,391.53755996376276,2731.8235882371664
6721.493842685595,11.482754915952682,391.77058912441134,2731.8235882371664
6722.66226869449,11.482754915952682,391.77058912441134,2732.3531332146376
6722.838379992172,11.48448064737022,391.8412091303617,2732.3531332146376
6723.8873683698475,11.48448064737022,391.8412091303617,2732.69220940955
6726.764873245731,11.48935311473906,391.8899702448398,2732.69220940955
6728.260992038995,11.48935311473906,391.8899702448398,2733.501932490617
6728.405833736062,11.491018595173955,392.02085344307125,2733.501932490617
6730.204444715753,11.491018595173955,392.02085344307125,2734.5667829290032
6730.560942359269,11.492691595107317,392.3260801304132,2734.5667829290032
6731.582297232002,11.492691595107317,392.3260801304132,2735.1005112025887
6731.876956002787,11.502800399437547,392.5832481253892,2735.1005112025887
6732.625398661941,11.502800399437547,392.5832481253892,2735.511565029621
6735.330738522112,11.513949524611235,392.6475278735161,2735.511565029621
6736.8571564517915,11.513949524611235,392.6475278735161,2736.424501353875
6736.989687291905,11.515706475824118,392.6974716093391,2736.424501353875
6738.3092543091625,11.515706475824118,392.6974716093391,2737.269089616835
6738.608298132196,11.517425926402211,392.91764408536255,2737.269089616835
6739.937592038885,11.517425926402211,392.91764408536255,2738.0490803252906
6740.159155528992,11.519088694825768,393.11553154326975,2738.0490803252906
6741.361174363643,11.519088694825768,393.11553154326975,2738.6105076782405
6743.639492755756,11.52557441405952,393.33755019307137,2738.6105076782405
6744.833701638505,11.52557441405952,393.33755019307137,2739.3071150574833
6745.083918662742,11.527178192511201,393.5656556338072,2739.3071150574833
6746.503220692277,11.527178192511201,393.5656556338072,2740.164100177586
6746.693315286189,11.529160309582949,393.70832380093634,2740.164100177586
6748.208037914708,11.529160309582949,393.70832380093634,2741.3610988203436
6748.594838114455,11.530675575137138,394.0626131016761,2741.3610988203436
6750.195639306679,11.530675575137138,394.0626131016761,2742.3503688685596
6751.45213278383,11.547628123313189,394.2796984501183,2742.3503688685596
6752.527249932289,11.547628123313189,394.2796984501183,2743.063327819109
6752.811917839572,11.549261638894677,394.52903655171394,2743.063327819109
6754.430501271039,11.549261638894677,394.52903655171394,2744.1859952863306
6754.6733006723225,11.550908215343952,394.7553828712553,2744.1859952863306
6756.657259395346,11.550908215343952,394.7553828712553,2745.6348208803684
6756.902844553813,11.552521903067827,394.9489037655294,2745.6348208803684
6757.9453400708735,11.552521903067827,394.9489037655294,2746.1224567964673
6759.3386298995465,11.558646868914366,395.16302038542926,2746.1224567964673
6760.9197244904935,11.558646868914366,395.16302038542926,2747.1304161082953
6761.165712697431,11.560247866436839,395.37189236469567,2747.1304161082953
6762.738249344751,11.560247866436839,395.37189236469567,2748.0807233098894
6762.967188479379,11.562002714723349,395.5329570546746,2748.0807233098894
6764.491630677134,11.562002714723349,395.5329570546746,2748.9833583682775
6764.632510069758,11.56382672674954,395.65523213893175,2748.9833583682775
6765.88375204429,11.56382672674954,395.65523213893175,2749.683107160032
6767.389166291803,11.569173090159893,395.72941124625504,2749.683107160032
6768.959544951096,11.569173090159893,395.72941124625504,2750.8281015343964
6769.296402767301,11.57099386304617,395.9727633725852,2750.8281015343964
6770.74353695102,11.57099386304617,395.9727633725852,2751.9752903804183
6771.012118052691,11.572751633822918,396.0799201056361,2751.9752903804183
6772.69880207628,11.572751633822918,396.0799201056361,2753.2602977696806
6772.947799552232,11.574349872767925,396.31095485016704,2753.2602977696806
6774.836470140144,11.574349872767925,396.31095485016704,2754.4276919215918
6776.613561220467,11.579302538186312,396.4990245383233,2754.4276919215918
6777.452191866934,11.579302538186312,396.4990245383233,2754.7924924604595
6777.566613428295,11.580942139029503,396.54832584783435,2754.7924924604595
6778.572377117351,11.580942139029503,396.54832584783435,2755.401640858501
6778.708824938163,11.582596234977245,396.66320948302746,2755.401640858501
6779.589582035318,11.582596234977245,396.66320948302746,2756.0760827623308
6779.885874668136,11.58455021865666,396.9414015747607,2756.0760827623308
6781.317540546879,11.58455021865666,396.9414015747607,2756.906351555139
6782.882292022929,11.589954931288958,397.1856128834188,2756.906351555139
6784.760101286694,11.589954931288958,397.1856128834188,2758.0637185797095
6785.101717505604,11.591586079448462,397.4712915290147,2758.0637185797095
6785.969520492479,11.591586079448462,397.4712915290147,2758.7120935432613
6786.131607376039,11.593092227354646,397.6200176421553,2758.7120935432613
6786.536260180175,11.593092227354646,397.6200176421553,2758.984230592847
6786.782428812236,11.594696076586843,397.8229243699461,2758.984230592847
6787.879221668467,11.594696076586843,397.8229243699461,2759.732719263062
6789.7043909318745,11.5996087603271,397.9519710056484,2759.732719263062
6790.918961195275,11.5996087603271,397.9519710056484,2760.644610658288
6791.226076962426,11.601213060319424,398.23582845926285,2760.644610658288
6793.182493491098,11.601213060319424,398.23582845926285,2761.9298551417887
6793.539715103805,11.602835297584534,398.5531826019287,2761.9298551417887
6795.196009606123,11.602835297584534,398.5531826019287,2763.0548173170537
6795.345258431509,11.604475287720561,398.65089369751513,2763.0548173170537
6796.687196003273,11.604475287720561,398.65089369751513,2763.9641470462084
6798.059322299436,11.609493643045425,398.7044049743563,2763.9641470462084
6799.8136254977435,11.609493643045425,398.7044049743563,2765.282488638535
6800.149513015524,11.611138811334968,399.027845826,2765.282488638535
6801.557133143768,11.611138811334968,399.027845826,2766.287392295897
6801.867002673447,11.612926760688424,399.30023440532386,2766.287392295897
6803.598225463182,11.612926760688424,399.30023440532386,2767.581605128944
6803.96050732024,11.614565068855882,399.6090153902769,2767.581605128944
6805.85548539646,11.614565068855882,399.6090153902769,2768.635672211647
6808.824370063841,11.619540732353926,399.79680189304054,2768.635672211647
6810.363238452002,11.619540732353926,399.79680189304054,2769.913080504164
6810.733166944236,11.62112072110176,400.1385812088847,2769.913080504164
6811.742176061496,11.62112072110176,400.1385812088847,2770.517576208338
6811.934003315866,11.622738659381866,400.28543572872877,2770.517576208338
6813.820517195389,11.622738659381866,400.28543572872877,2771.6629261150956
6814.321127908304,11.633754620328546,400.5605927053839,2771.6629261150956
6815.930165275931,11.633754620328546,400.5605927053839,2772.724787224084
6819.434501467273,11.644157079979777,400.6728042960167,2772.724787224084
6820.7874842993915,11.644157079979777,400.6728042960167,2773.2006550151855
6821.076545771211,11.645839599892497,400.7917062919587,2773.2006550151855
6821.588034188375,11.645839599892497,400.7917062919587,2773.5158677678555
6821.907301452011,11.647422458976507,401.0987037625164,2773.5158677678555
6823.275203280151,11.647422458976507,401.0987037625164,2774.5449680332094
6823.924576167017,11.649197619408369,401.185792600736,2774.5449680332094
6824.831089863554,11.649197619408369,401.185792600736,2775.091807525605
6828.730989487842,11.658699562773108,401.37253975495696,2775.091807525605
6830.107993667945,11.658699562773108,401.37253975495696,2775.7601440660655
6830.291193932295,11.660368330776691,401.4986280295998,2775.7601440660655
6831.716223217547,11.660368330776691,401.4986280295998,2776.6040716897696
6831.824712026864,11.661975119262934,401.59333303011954,2776.6040716897696
6832.767193930224,11.661975119262934,401.59333303011954,2777.116374682635
6832.997311756015,11.663796218112111,401.6578933186829,2777.116374682635
6834.806650822982,11.663796218112111,401.6578933186829,2777.91998289153
6836.579638712108,11.66867508366704,401.74935439042747,2777.91998289153
6837.818181471899,11.66867508366704,401.74935439042747,2778.691449476406
6838.20477659069,11.670837540179491,401.95756015740335,2778.691449476406
6839.493911283091,11.670837540179491,401.95756015740335,2779.625927651301
6839.89300188981,11.672592710703611,402.26693538948894,2779.625927651301
6840.687524750829,11.672592710703611,402.26693538948894,2780.1534195225686
6841.047193495557,11.674296839162707,402.5747807584703,2780.1534195225686
6842.026910560206,11.674296839162707,402.5747807584703,2780.7251376621425
6844.531165948138,11.68262125365436,402.6231984589249,2780.7251376621425
6845.8203065712005,11.68262125365436,402.6231984589249,2781.69285319373
6845.899726130068,11.684429856017232,402.68507493287325,2781.69285319373
6847.038913896307,11.684429856017232,402.68507493287325,2782.4550362508744
6847.426467640325,11.686091223731637,403.0439119450748,2782.4550362508744
6849.458182921633,11.686091223731637,403.0439119450748,2783.8867203053087
6849.763387447223,11.687693111598492,403.3351643681526,2783.8867203053087
6851.337689140812,11.687693111598492,403.3351643681526,2785.051671396941
6853.768705818802,11.697504803538322,403.41742396354675,2785.051671396941
6855.335266860202,11.697504803538322,403.41742396354675,2785.740917339921
6855.5628176201135,11.699152123183012,403.6240752283484,2785.740917339921
6856.746998116374,11.699152123183012,403.6240752283484,2786.580563114956
6856.846434080973,11.700779601931572,403.708992311731,2786.580563114956
6857.702353412285,11.700779601931572,403.708992311731,2786.9915148001164
6858.045425446704,11.702399520203471,404.02379635721445,2786.9915148001164
6859.12997417897,11.702399520203471,404.02379635721445,2787.6301872003824
6861.838463297114,11.707587398588657,404.1420292407274,2787.6301872003824
6863.136242989451,11.707587398588657,404.1420292407274,2788.1448008082807
6863.352203439921,11.716247137635946,404.23028640449047,2788.1448008082807
6864.418108807877,11.716247137635946,404.23028640449047,2788.5440158843994
6864.930754015222,11.718041930347681,404.2915610279888,2788.5440158843994
6865.593404367566,11.718041930347681,404.2915610279888,2788.869517309591
6865.785310370848,11.721929118037224,404.38693915493786,2788.869517309591
6866.753708129749,11.721929118037224,404.38693915493786,2789.3125212676823
6870.898005926982,11.728724563494325,404.55539212562144,2789.3125212676823
6872.86416593194,11.728724563494325,404.55539212562144,2790.0410490427166
6873.139860603958,11.730376170948148,404.8068849463016,2790.0410490427166
6874.304518206045,11.730376170948148,404.8068849463016,2790.545575974509
6874.615402461961,11.732148621231318,404.8976636212319,2790.545575974509
6875.607234330848,11.732148621231318,404.8976636212319,2791.260425405577
6875.696949040517,11.73376426845789,404.97406774014235,2791.260425405577
6876.591392166913,11.73376426845789,404.97406774014235,2791.836748048663
6878.577967481688,11.741558905690908,405.0621613841504,2791.836748048663
6880.0255773272365,11.741558905690908,405.0621613841504,2792.586576944217
6880.495939519256,11.743160523474216,405.50042828917503,2792.586576944217
6881.811367508024,11.743160523474216,405.50042828917503,2793.507084712386
6882.14291379787,11.74496310390532,405.69298227876425,2793.507084712386
6883.571088783443,11.74496310390532,405.69298227876425,2794.385360756889
6883.914157804102,11.746562311425805,405.99516508728266,2794.385360756889
6884.715696884319,11.746562311425805,405.99516508728266,2794.928702943027
6886.953018872067,11.751588938757777,406.1094227656722,2794.928702943027
6888.1476977895945,11.751588938757777,406.1094227656722,2795.528599318117
6888.41147008352,11.75327692553401,406.3617058508098,2795.528599318117
6889.654570447281,11.75327692553401,406.3617058508098,2796.2257307879627
6890.021974995732,11.754941085353494,406.67854369804263,2796.2257307879627
6890.849085409194,11.754941085353494,406.67854369804263,2796.72971149534
6890.978624036536,11.7565893009305,406.7730231452733,2796.72971149534
6892.574207406491,11.7565893009305,406.7730231452733,2798.0790362358093
6894.585040302947,11.761469904333353,407.13518012315035,2798.0790362358093
6895.368311148137,11.761469904333353,407.13518012315035,2798.5979890357703
6895.564399423078,11.763088092207909,407.3184859864414,2798.5979890357703
6896.4775782655925,11.763088092207909,407.3184859864414,2799.285670954734
6896.827880809084,11.764778323471546,407.5789452251047,2799.285670954734
6898.813843168318,11.764778323471546,407.5789452251047,2800.7752625923604
6899.157329751179,11.766399061307311,407.8777450937778,2800.7752625923604
6901.005925893784,11.766399061307311,407.8777450937778,2801.806247945875
6902.492898115888,11.771638905629516,408.16960989125073,2801.806247945875
6904.379068760201,11.771638905629516,408.16960989125073,2802.943966280669
6904.548710254952,11.773242613300681,408.3050953038037,2802.943966280669
6906.589074814692,11.773242613300681,408.3050953038037,2804.4516616500914
6906.926068983972,11.774866389110684,408.61256686225533,2804.4516616500914
6908.651154840365,11.774866389110684,408.61256686225533,2805.6421145219356
6908.865193024278,11.77685641311109,408.81421375088394,2805.6421145219356
6910.6134382318705,11.77685641311109,408.81421375088394,2806.962921373546
6912.041040277109,11.781951000913978,409.0197322964668,2806.962921373546
6913.315870771185,11.781951000913978,409.0197322964668,2807.9659226462245
6913.461791947484,11.783670511096716,409.07582356594503,2807.9659226462245
6914.704793779179,11.783670511096716,409.07582356594503,2808.8113278169185
6914.933088650927,11.785293638706207,409.28632920980453,2808.8113278169185
6916.182009600103,11.785293638706207,409.28632920980453,2809.611193927005
6916.37267138809,11.787041038274765,409.43986704945564,2809.611193927005
6917.754255671054,11.787041038274765,409.43986704945564,2810.5306529644877
6920.385691031814,11.792145127430558,409.53610896132886,2810.5306529644877
6921.121005821973,11.792145127430558,409.53610896132886,2810.9515735227615
6921.383181018755,11.793860718607903,409.7315872143954,2810.9515735227615
6923.118185868487,11.793860718607903,409.7315872143954,2812.1132443565875
6923.2355642952025,11.79547125659883,409.8384900391102,2812.1132443565875
6924.184424079955,11.79547125659883,409.8384900391102,2812.6480983272195
6924.384302118793,11.797114804387093,409.9940284136683,2812.6480983272195
6925.88251086697,11.797114804387093,409.9940284136683,2813.6388214044273
6928.46870896779,11.802180560305715,410.139272371307,2813.6388214044273
6930.036954419687,11.802180560305715,410.139272371307,2814.6833693478256
6930.161404436454,11.803817121312022,410.2534741573036,2814.6833693478256
6932.012164177373,11.803817121312022,410.2534741573036,2815.566309608519
6932.281082207337,11.806075101718307,410.5006470475346,2815.566309608519
6933.4178573563695,11.806075101718307,410.5006470475346,2816.3936678487808
6933.536495329812,11.807733608409762,410.57994935661554,2816.3936678487808
6934.366607120261,11.807733608409762,410.57994935661554,2816.8901862259954
6939.901747494936,11.812766505405307,410.77706778422,2816.8901862259954
6941.232596792281,11.812766505405307,410.77706778422,2817.5302629210055
6941.448863662779,11.814368333667517,410.85492466948926,2817.5302629210055
6942.739869335666,11.814368333667517,410.85492466948926,2818.535619325936
6943.009094154462,11.815944211557508,411.0963032115251,2818.535619325936
6943.981486024335,11.815944211557508,411.0963032115251,2818.82351623103
6944.274168133736,11.817544078454375,411.3741965033114,2818.82351623103
6945.485941784456,11.817544078454375,411.3741965033114,2819.2677228823304
6947.877750363201,11.823679493740201,411.6855532824993,2819.2677228823304
6949.393431698903,11.823679493740201,411.6855532824993,2820.1435718182474
6949.742564558983,11.825283350422978,412.01594828628004,2820.1435718182474
6950.6559952273965,11.825283350422978,412.01594828628004,2820.4701063539833
6950.885013584048,11.826929077506065,412.2151790317148,2820.4701063539833
6952.522460566834,11.826929077506065,412.2151790317148,2821.5130001977086
6952.716448973864,11.828606348484755,412.37486729584634,2821.5130001977086
6954.201403079554,11.828606348484755,412.37486729584634,2822.32223158516
6958.124826962128,11.833746388554573,412.44164589606225,2822.32223158516
6959.899353491142,11.833746388554573,412.44164589606225,2823.31110214442
6960.058840606362,11.835383439436555,412.5498255919665,2823.31110214442
6962.098462633789,11.835383439436555,412.5498255919665,2824.3325885068625
6962.235126147047,11.837046440690756,412.64881490543485,2824.3325885068625
6963.5124757085,11.837046440690756,412.64881490543485,2824.8654624503106
6963.604566339403,11.838739231228828,412.7151835579425,2824.8654624503106
6964.553316794336,11.838739231228828,412.7151835579425,2825.4099778998643
6967.380603099242,11.845311088487506,413.04348278976977,2825.4099778998643
6968.714443225414,11.845311088487506,413.04348278976977,2826.0266283284873
6968.981847351417,11.84698829613626,413.1517865564674,2826.0266283284873
6970.411265067756,11.84698829613626,413.1517865564674,2826.789160484448
6970.588696407154,11.84877442009747,413.2191280834377,2826.789160484448
6972.439409496263,11.84877442009747,413.2191280834377,2827.5480819270015
6972.6559461914,11.852188888937235,413.4146436210722,2827.5480819270015
6973.858212132007,11.852188888937235,413.4146436210722,2828.2541664354503
6976.885859183967,11.865213517099619,413.7521279901266,2828.2541664354503
6979.162637138739,11.865213517099619,413.7521279901266,2829.7008439600468
6979.260134426877,11.866880528628826,413.8367533329874,2829.7008439600468
6980.716062979773,11.866880528628826,413.8367533329874,2830.633436901495
6980.833438578993,11.8685517385602,413.93021852336824,2830.633436901495
6981.889560487121,11.8685517385602,413.93021852336824,2831.262471428141
6982.289109937847,11.870371051132679,414.2486652303487,2831.262471428141
6983.773926919326,11.870371051132679,414.2486652303487,2832.2309446614236
6986.222846085206,11.881424233317375,414.43303183838725,2832.2309446614236
6987.756607206538,11.881424233317375,414.43303183838725,2833.2705567572266
6987.952136266977,11.889734061434865,414.61080352962017,2833.2705567572266
6989.043973073363,11.889734061434865,414.61080352962017,2833.8326504826546
6989.207718817517,11.891159666702151,414.7318563051522,2833.8326504826546
6991.15268535167,11.891159666702151,414.7318563051522,2835.0489645414054
6991.343679016456,11.892937926575541,414.8822958059609,2835.0489645414054
6992.975684419274,11.892937926575541,414.8822958059609,2836.3197921644896
6995.552745115012,11.915799006819725,415.04664553143084,2836.3197921644896
6997.026867276058,11.915799006819725,415.04664553143084,2837.0738987885416
6997.357309849933,11.917475007474422,415.32192217744887,2837.0738987885416
6999.056004246697,11.917475007474422,415.32192217744887,2838.133516330272
6999.465964691713,11.91919468715787,415.66981545835733,2838.133516330272
7001.020760435611,11.91919468715787,415.66981545835733,2839.184515185654
7001.3849480338395,11.920868746936321,415.96614946611226,2839.184515185654
7002.639309853315,11.920868746936321,415.96614946611226,2839.9518002774566
7006.699154669419,11.925802633166313,416.0915375892073,2839.9518002774566
7008.092734456062,11.925802633166313,416.0915375892073,2840.455961301923
7008.480434589088,11.927590446546674,416.2425435539335,2840.455961301923
7009.580790150911,11.927590446546674,416.2425435539335,2841.0685306824744
7009.821990532801,11.929403798654675,416.47311497852206,2841.0685306824744
7011.364319600165,11.929403798654675,416.47311497852206,2841.7352289929986
7011.5242182109505,11.931062147021294,416.5233673490584,2841.7352289929986
7013.298805713654,11.931062147021294,416.5233673490584,2842.271471330896
7017.174191178754,11.938762510195374,416.59335369989276,2842.271471330896
7018.43568742834,11.938762510195374,416.59335369989276,2843.01437921077
7018.700986396521,11.940425558015704,416.8227046728134,2843.01437921077
7019.783593932167,11.940425558015704,416.8227046728134,2843.8641252387315
7020.19299858436,11.942052656784654,417.16936356946826,2843.8641252387315
7021.025279976428,11.942052656784654,417.16936356946826,2844.451450370252
7021.240220597014,11.943824049085379,417.36877405643463,2844.451450370252
7023.645886046812,11.943824049085379,417.36877405643463,2845.9324515294284
7025.498632511124,11.952928898856044,417.5323548875749,2845.9324515294284
7027.34470292367,11.952928898856044,417.5323548875749,2847.1297650411725
7027.647675456479,11.954552168026567,417.80792263895273,2847.1297650411725
7028.864179227501,11.954552168026567,417.80792263895273,2847.885163748637
7029.1007005907595,11.95619635656476,418.01013906672597,2847.885163748637
7030.145611487329,11.95619635656476,418.01013906672597,2848.422488277778
7030.503113651648,11.95774800516665,418.3413804676384,2848.422488277778
7032.265201656148,11.95774800516665,418.3413804676384,2849.7846906892955
7037.087342351675,11.96519349515438,418.51830475218594,2849.7846906892955
7038.050507007167,11.96519349515438,418.51830475218594,2850.16398223117
7038.164941363037,11.966868285089731,418.6052296049893,2850.16398223117
7039.773312292993,11.966868285089731,418.6052296049893,2850.7037784308195
7039.920739971101,11.969746498391032,418.72477131150663,2850.7037784308195
7041.269207214937,11.969746498391032,418.72477131150663,2851.396714989096
7041.532066717744,11.971619071438909,418.9034011699259,2851.396714989096
7043.185851724818,11.971619071438909,418.9034011699259,2852.1100222673267
7047.210157493129,11.976979054510593,419.0008615683764,2852.1100222673267
7048.13129616715,11.976979054510593,419.0008615683764,2852.510945195332
7048.258465530351,11.978760026395321,419.05303001590073,2852.510945195332
7049.423108540475,11.978760026395321,419.05303001590073,2853.486583562568
7049.8875945061445,11.980533018708229,419.43846231140196,2853.486583562568
7051.270223408937,11.980533018708229,419.43846231140196,2854.1241533923894
7051.831360621378,11.982447052374482,419.7502409275621,2854.1241533923894
7053.160424523056,11.982447052374482,419.7502409275621,2854.805662766099
7055.576201630756,11.987415209412575,419.8905823007226,2854.805662766099
7056.748157046735,11.987415209412575,419.8905823007226,2855.605670053512
7057.250115571544,11.989114889875054,420.30371136404574,2855.605670053512
7057.994283115491,11.989114889875054,420.30371136404574,2856.069286890328
7058.290622200817,11.999316241592169,420.56940953060985,2856.069286890328
7059.316162198782,11.999316241592169,420.56940953060985,2856.6758681107312
7059.419546443969,12.000930422917008,420.65154174156487,2856.6758681107312
7060.49808864668,12.000930422917008,420.65154174156487,2857.3603991363198
7063.716037996113,12.00604871287942,420.8885557539761,2857.3603991363198
7065.160968460143,12.00604871287942,420.8885557539761,2858.312133207917
7065.4461066816,12.007624281570315,421.16062381491065,2858.312133207917
7066.909239029512,12.007624281570315,421.16062381491065,2859.329057423398
7067.163555527106,12.009228140115738,421.39709122665226,2859.329057423398
7069.071840556338,12.009228140115738,421.39709122665226,2860.536719767377
7069.259068029001,12.010775605216622,421.5741261728108,2860.536719767377
7070.707166058943,12.010775605216622,421.5741261728108,2861.4856104142964
7074.530113816261,12.015789084136486,421.8090486396104,2861.4856104142964
7075.53933240287,12.015789084136486,421.8090486396104,2862.0271092746407
7075.870644532144,12.017523415386677,421.9606802444905,2862.0271092746407
7077.783813223243,12.017523415386677,421.9606802444905,2862.8807298969477
7078.087600760162,12.01913046464324,422.22375090047717,2862.8807298969477
7078.9904022123665,12.01913046464324,422.22375090047717,2863.365356095135
7079.722648393363,12.020869607105851,422.40008512325585,2863.365356095135
7080.657750738785,12.020869607105851,422.40008512325585,2864.03987621516
7085.357031054795,12.02580139413476,422.52259375713766,2864.03987621516
7086.705224806443,12.02580139413476,422.52259375713766,2865.018060196191
7087.023203415796,12.027446473017335,422.77801052108407,2865.018060196191
7088.103166826069,12.027446473017335,422.77801052108407,2865.888954464346
7088.233745783567,12.029087401926517,422.8925774153322,2865.888954464346
7089.894591700286,12.029087401926517,422.8925774153322,2866.995242802426
7090.075441354886,12.03069707006216,423.0441560242325,2866.995242802426
7092.372498651966,12.03069707006216,423.0441560242325,2868.3362666592
7094.803240735084,12.036219298839569,423.3735267650336,2868.3362666592
7095.352568287402,12.036219298839569,423.3735267650336,2868.581565687433
7095.650211259723,12.03790257871151,423.5669468026608,2868.581565687433
7097.043752973899,12.03790257871151,423.5669468026608,2869.520394142717
7097.384217891842,12.039474518969655,423.87935415655375,2869.520394142717
7099.065859923139,12.039474518969655,423.87935415655375,2870.5653937868774
7099.506812140346,12.041169529780746,424.2114506755024,2870.5653937868774
7100.769736282527,12.041169529780746,424.2114506755024,2871.6027055885643
7102.444529827684,12.046061316505075,424.44809228926897,2871.6027055885643
7104.200336951762,12.046061316505075,424.44809228926897,2872.93331772089
7104.476689947769,12.047940850257874,424.6683632656932,2872.93331772089
7106.163069846109,12.047940850257874,424.6683632656932,2873.8962821606547
7106.2629065122455,12.049611119553447,424.74637722596526,2873.8962821606547
7107.004585631192,12.049611119553447,424.74637722596526,2874.450584474951
7107.198302907869,12.051246697083116,424.89905951730907,2874.450584474951
7108.094386709854,12.051246697083116,424.89905951730907,2874.951324643567
7109.899745047092,12.05625363253057,425.22855759598315,2874.951324643567
7111.184312365949,12.05625363253057,425.22855759598315,2875.610897164792
7111.48729092814,12.057924581691623,425.48320445232093,2875.610897164792
7112.310568174347,12.057924581691623,425.48320445232093,2876.110536934808
7112.431399401277,12.059836905449629,425.53436866775155,2876.110536934808
7113.541290000081,12.059836905449629,425.53436866775155,2876.752117946744
7113.919747220352,12.061471043154597,425.87149575538933,2876.752117946744
7115.230232380331,12.061471043154597,425.87149575538933,2877.664170237258
7117.1095697321,12.08482020907104,426.1775546018034,2877.664170237258
7118.070970017463,12.08482020907104,426.1775546018034,2878.3292278368026
7118.147802406922,12.086366577073932,426.235309233889,2878.3292278368026
7119.514385767281,12.086366577073932,426.235309233889,2879.0570941120386
7119.97193845734,12.088118925690651,426.61931945197284,2879.0570941120386
7121.498001104221,12.088118925690651,426.61931945197284,2879.992837436497
7121.820373680443,12.089777525514364,426.8666820526123,2879.992837436497
7123.2354041244835,12.089777525514364,426.8666820526123,2881.0181041695178
7125.506832990795,12.094636941328645,427.02164790406823,2881.0181041695178
7126.581895299256,12.094636941328645,427.02164790406823,2881.4543484356254
7126.68504149653,12.096315510571003,427.1126688029617,2881.4543484356254
7127.569202074781,12.096315510571003,427.1126688029617,2882.04583180137
7127.643387166783,12.098005829378963,427.17607649601996,2882.04583180137
7128.553258150816,12.098005829378963,427.17607649601996,2882.5609247125685
7128.748013172299,12.099709508940578,427.33087876811624,2882.5609247125685
7130.087462102994,12.099709508940578,427.33087876811624,2883.1689841598272
7132.595782125369,12.10472926683724,427.56803072988987,2883.1689841598272
7133.7951568719,12.10472926683724,427.56803072988987,2883.86708557792
7134.230856681243,12.106592191383243,427.8592482302338,2883.86708557792
7135.926802098751,12.106592191383243,427.8592482302338,2884.9627830889076
7136.212028641254,12.108099898323417,428.076697582379,2884.9627830889076
7137.224606303498,12.108099898323417,428.076697582379,2885.4240547828376
7137.482336798683,12.10988144017756,428.1477698497474,2885.4240547828376
7138.71153989248,12.10988144017756,428.1477698497474,2885.750923315063
7144.673810001463,12.115224035456777,428.294241566211,2885.750923315063
7145.680098108947,12.115224035456777,428.294241566211,2886.3290270119905
7145.971929773688,12.116922315210104,428.3629798255861,2886.3290270119905
7147.011787878349,12.116922315210104,428.3629798255861,2886.8976321909577
7147.260106788948,12.118620375171304,428.58600565977395,2886.8976321909577
7148.571921877563,12.118620375171304,428.58600565977395,2887.4221634082496
7148.782485960051,12.120277693495154,428.78309809602797,2887.4221634082496
7149.926546456292,12.120277693495154,428.78309809602797,2887.852404486388
7152.634398011491,12.126507923007011,429.0116883609444,2887.852404486388
7153.958384431899,12.126507923007011,429.0116883609444,2888.605699006468
7154.242409527302,12.12806298211217,429.23971384577453,2888.605699006468
7155.750914223492,12.12806298211217,429.23971384577453,2889.8894361238927
7155.834024447948,12.129763770848513,429.31062470190227,2889.8894361238927
7157.139109386131,12.129763770848513,429.31062470190227,2890.613088781014
7157.4161897189915,12.131469430401921,429.57304549589753,2890.613088781014
7158.452121935785,12.131469430401921,429.57304549589753,2891.2434285096824
7162.849630212411,12.148591896519065,429.78657689131796,2891.2434285096824
7164.2964438945055,12.148591896519065,429.78657689131796,2891.995538024232
7164.507471218705,12.150238266214728,429.9786286186427,2891.995538024232
7165.6461369358,12.150238266214728,429.9786286186427,2892.5928768534213
7165.948236996308,12.152008408680558,430.1170905046165,2892.5928768534213
7167.620528392494,12.152008408680558,430.1170905046165,2893.4731420762837
7167.794618871063,12.153824089094996,430.24051250331104,2893.4731420762837
7168.886318096891,12.153824089094996,430.24051250331104,2894.3309770394117
7171.77579754591,12.158756596967578,430.3352950979024,2894.3309770394117
7172.973664660007,12.158756596967578,430.3352950979024,2894.995682477951
7173.461832046509,12.167018562555313,430.5876625776291,2894.995682477951
7174.536094816402,12.167018562555313,430.5876625776291,2895.6600643526763
7174.87434637174,12.168923895806074,430.67145921476185,2895.6600643526763
7176.092265864834,12.168923895806074,430.67145921476185,2896.204769641161
7176.185880968347,12.170464461669326,430.74468681402504,2896.204769641161
7177.568454025313,12.170464461669326,430.74468681402504,2896.868751710281
7180.008836109191,12.175571260973811,430.86887571029365,2896.868751710281
7181.115017622709,12.175571260973811,430.86887571029365,2897.476243238896
7181.3367077913135,12.179273886606097,431.0591371692717,2897.476243238896
7182.674621511251,12.179273886606097,431.0591371692717,2898.046544197947
7182.933183874935,12.180972538888454,431.2598074823618,2898.046544197947
7184.629290791228,12.180972538888454,431.2598074823618,2899.184069501236
7185.03060201928,12.182756591588259,431.4766525346786,2899.184069501236
7186.328631995246,12.182756591588259,431.4766525346786,2899.998806633055
7188.598919447511,12.197811707854271,431.7482369504869,2899.998806633055
7190.157151443884,12.197811707854271,431.7482369504869,2900.886996142566
7190.380475139245,12.199383175000548,431.90127739682794,2900.886996142566
7192.275715595111,12.199383175000548,431.90127739682794,2902.1537488102913
7192.76083859615,12.200984055176377,432.3521434497088,2902.1537488102913
7194.211435284466,12.200984055176377,432.3521434497088,2902.8416310064495
7194.592673158273,12.204054780304432,432.4877233169973,2902.8416310064495
7196.1252129636705,12.204054780304432,432.4877233169973,2903.5625145379454
7199.149202251807,12.208945525810122,432.70358086563647,2903.5625145379454
7200.211905760691,12.208945525810122,432.70358086563647,2904.191845383495
7200.295601438731,12.21060361340642,432.7690037675202,2904.191845383495
7201.837263835594,12.21060361340642,432.7690037675202,2905.1028438173234
7202.107209593058,12.21241775341332,432.92437025904655,2905.1028438173234
7203.710447914898,12.21241775341332,432.92437025904655,2906.3247454781085
7203.985885063186,12.216408686712384,433.1138669773936,2906.3247454781085
7205.4107276163995,12.216408686712384,433.1138669773936,2907.1712792199105
7208.657077591866,12.221434444189072,433.289040254429,2907.1712792199105
7210.59090603143,12.221434444189072,433.289040254429,2908.288901463151
7210.817871639505,12.223389830440283,433.48654484562576,2908.288901463151
7212.240528300405,12.223389830440283,433.48654484562576,2909.07784996368
7212.356479173526,12.225157422944903,433.580910846591,2909.07784996368
7213.166520232335,12.225157422944903,433.580910846591,2909.417304292321
7213.49299582839,12.22677313350141,433.8361430168152,2909.417304292321
7214.508013643324,12.22677313350141,433.8361430168152,2909.9223749376833
7217.773404451087,12.243482280522585,434.066507153213,2909.9223749376833
7218.991793356836,12.243482280522585,434.066507153213,2910.6306543797255
7219.257519336417,12.245166160166264,434.2975792456418,2910.6306543797255
7220.885223336518,12.245166160166264,434.2975792456418,2911.5550828278065
7221.522646877915,12.246911181136966,434.52562549337745,2911.5550828278065
7222.5940890312195,12.246911181136966,434.52562549337745,2912.3826128840446
7222.783749047667,12.249843712896109,434.69518428854644,2912.3826128840446
7224.2092927359045,12.249843712896109,434.69518428854644,2913.252087974921
7229.096917103976,12.254753161221743,435.03645301423967,2913.252087974921
7230.691441018134,12.254753161221743,435.03645301423967,2914.109235154465
7231.025435782969,12.256356697529554,435.32556075043976,2914.109235154465
7232.563648752868,12.256356697529554,435.32556075043976,2915.2566430307925
7232.82756472379,12.258030576631427,435.55962818674743,2915.2566430307925
7234.24801037088,12.258030576631427,435.55962818674743,2916.1615239307284
7234.607668733224,12.25959656573832,435.90419880114496,2916.1615239307284
7235.89115142636,12.25959656573832,435.90419880114496,2916.9267488457263
7237.8736743070185,12.271732972934842,436.1255208924413,2916.9267488457263
7239.339402707294,12.271732972934842,436.1255208924413,2917.609611036256
7239.605157518759,12.273317439481616,436.36272471770644,2917.609611036256
7240.640490427613,12.273317439481616,436.36272471770644,2918.2207840271294
7241.004780815914,12.274975458160043,436.54455823637545,2918.2207840271294
7242.160611130297,12.274975458160043,436.54455823637545,2918.861884687096
7242.325873563066,12.27676978893578,436.6712994724512,2918.861884687096
7243.613357013091,12.27676978893578,436.6712994724512,2919.513085035607
7247.73553904146,12.281672228127718,436.77744195237756,2919.513085035607
7248.447960712016,12.281672228127718,436.77744195237756,2919.974248152226
7248.824475912377,12.286589495837688,436.93815566413105,2919.974248152226
7249.826088923961,12.286589495837688,436.93815566413105,2920.742666643113
7250.0355560760945,12.288435470312834,437.1006579976529,2920.742666643113
7251.2951988987625,12.288435470312834,437.1006579976529,2921.3202297650278
7251.749565815553,12.290184339508414,437.4218794312328,2921.3202297650278
7253.404558064416,12.290184339508414,437.4218794312328,2922.166115567088
7256.520244475454,12.296063397079706,437.5278928205371,2922.166115567088
7257.834185421467,12.296063397079706,437.5278928205371,2922.6710818540305
7258.069101788104,12.297786798328161,437.7332312501967,2922.6710818540305
7259.602825503796,12.297786798328161,437.7332312501967,2923.516972761601
7259.8561001978815,12.299382247030735,437.8949248213321,2923.516972761601
7261.246954480186,12.299382247030735,437.8949248213321,2924.5572824142873
7261.418476136401,12.303015483543277,437.968999940902,2924.5572824142873
7262.853240620345,12.303015483543277,437.968999940902,2925.4780649878085
7266.403362110257,12.316924853250384,438.0830914750695,2925.4780649878085
7267.967641370371,12.316924853250384,438.0830914750695,2926.5179735478014
7268.0355715397745,12.318599482998252,438.13295578584075,2926.5179735478014
7269.6157036833465,12.318599482998252,438.13295578584075,2927.7287640254945
7269.738151120022,12.320148112252355,438.2287545539439,2927.7287640254945
7270.794010475278,12.320148112252355,438.2287545539439,2928.3323592897505
7271.243448099121,12.321818951517344,438.5754530560225,2928.3323592897505
7272.396529624239,12.321818951517344,438.5754530560225,2929.116643153131
7275.858282279223,12.331301329657435,438.8115822356194,2929.116643153131
7276.894510351121,12.331301329657435,438.8115822356194,2929.6259025167674
7277.127063618973,12.332988949492574,438.9708682075143,2929.6259025167674
7278.294230567291,12.332988949492574,438.9708682075143,2930.2125744000077
7278.4947379063815,12.334846192970872,439.0205159820616,2930.2125744000077
7279.331875808537,12.334846192970872,439.0205159820616,2930.5393679887056
7279.7385361325,12.33658298291266,439.38106765411794,2930.5393679887056
7281.303701423109,12.33658298291266,439.38106765411794,2931.551454352215
7285.917050231248,12.342154363170266,439.44871613010764,2931.551454352215
7286.9074050709605,12.342154363170266,439.44871613010764,2932.0164379775524
7287.154621163383,12.34379674308002,439.67783378623426,2932.0164379775524
7288.130347942933,12.34379674308002,439.67783378623426,2932.477488975972
7288.5875015910715,12.34547128342092,439.9024455677718,2932.477488975972
7289.900754045695,12.34547128342092,439.9024455677718,2933.3027656730264
7290.001239839941,12.347126124426723,439.9741269182414,2933.3027656730264
7291.233263526112,12.347126124426723,439.9741269182414,2933.8681939113885
7293.473761251196,12.352225383743644,440.3019176404923,2933.8681939113885
7294.612761743367,12.352225383743644,440.3019176404923,2934.541864225641
7294.792781835422,12.353750372305512,440.45765645056963,2934.541864225641
7295.700377585366,12.353750372305512,440.45765645056963,2935.044318392873
7295.87284123525,12.355400683358312,440.6057455651462,2935.044318392873
7297.212923856452,12.355400683358312,440.6057455651462,2935.7777390945703
7297.5618682634085,12.357031920924783,440.91013502143323,2935.7777390945703
7298.17728809081,12.357031920924783,440.91013502143323,2936.059458013624
7299.982905074954,12.362213103100657,441.13204742223024,2936.059458013624
7301.524464625865,12.362213103100657,441.13204742223024,2936.957754600793
7301.8869604784995,12.363754710182548,441.4714056607336,2936.957754600793
7303.40528514795,12.363754710182548,441.4714056607336,2938.0085578113794
7303.704221963882,12.365414220839739,441.7368706520647,2938.0085578113794
7305.460672346875,12.365414220839739,441.7368706520647,2939.024156687781
7305.79701388441,12.367144502699375,441.8557598236948,2939.024156687781
7307.297684570774,12.367144502699375,441.8557598236948,2939.7935110367835
7309.473537659273,12.37831543944776,442.2753264065832,2939.7935110367835
7310.891708638519,12.37831543944776,442.2753264065832,2940.8110532425344
7311.154245454818,12.379926458001137,442.48654383048415,2940.8110532425344
7312.427268223837,12.379926458001137,442.48654383048415,2941.5875617824495
7312.793700627983,12.38156220689416,442.7658797875047,2941.5875617824495
7314.253381101415,12.38156220689416,442.7658797875047,2942.3835519999266
7314.603739392012,12.383208645507693,443.0912473499775,2942.3835519999266
7316.3218931518495,12.383208645507693,443.0912473499775,2943.4802768398076
7318.062677418813,12.38840409182012,443.13966658338904,2943.4802768398076
7319.26087631844,12.38840409182012,443.13966658338904,2944.440316129476
7319.503775175661,12.394194835796952,443.3464748188853,2944.440316129476
7320.411335112527,12.394194835796952,443.3464748188853,2944.935751290992
7320.597977355123,12.39580918289721,443.52333051897585,2944.935751290992
7321.620005916804,12.39580918289721,443.52333051897585,2945.3704056274146
7321.695012718439,12.39754525385797,443.5736839380115,2945.3704056274146
7322.804962659255,12.39754525385797,443.5736839380115,2946.15911407955
7324.197012644261,12.402506113052368,443.67289307899773,2946.15911407955
7325.281979272142,12.402506113052368,443.67289307899773,2946.6202807519585
7325.356886100024,12.404150994494557,443.72344114258885,2946.6202807519585
7326.660296604037,12.404150994494557,443.72344114258885,2947.479701280594
7326.94512575306,12.40578100271523,443.9969769511372,2947.479701280594
7328.532671306282,12.40578100271523,443.9969769511372,2948.830096784979
7328.966778732836,12.409668562933803,444.36618632636964,2948.830096784979
7329.542084887624,12.409668562933803,444.36618632636964,2949.1601228415966
7330.9262971282005,12.415059342980385,444.4337573032826,2949.1601228415966
7332.463921658695,12.415059342980385,444.4337573032826,2950.2068645320833
7332.631864691153,12.416732551530004,444.53878204897046,2950.2068645320833
7333.481191353872,12.416732551530004,444.53878204897046,2950.85277784802
7333.853100122884,12.418318159878254,444.88046376779675,2950.85277784802
7335.545679660514,12.418318159878254,444.88046376779675,2952.0352448560297
7335.634480368346,12.419990256428719,444.9527459014207,2952.0352448560297
7336.249194405973,12.419990256428719,444.9527459014207,2952.4904562924057
7337.915244212374,12.436146104708314,445.0836911741644,2952.4904562924057
7338.616057451814,12.436146104708314,445.0836911741644,2952.9404618982226
7338.8216474261135,12.43774531595409,445.2706591654569,2952.9404618982226
7339.7248042132705,12.43774531595409,445.2706591654569,2953.305163560435
7339.959817565978,12.439383236691356,445.4687832053751,2953.305163560435
7340.606310363859,12.439383236691356,445.4687832053751,2953.61246634461
7340.787326792255,12.44176870957017,445.6255907379091,2953.61246634461
7341.652715355158,12.44176870957017,445.6255907379091,2954.193258939311
7342.889779794961,12.455474954098463,445.67327284254134,2954.193258939311
7343.875751847401,12.455474954098463,445.67327284254134,2954.9187297616154
7344.012563832104,12.457088571041822,445.78872216679156,2954.9187297616154
7345.422288844362,12.457088571041822,445.78872216679156,2955.932912765071
7345.527190728113,12.458893433213234,445.8476802613586,2955.932912765071
7346.338331883773,12.458893433213234,445.8476802613586,2956.5216233730316
7346.759091287851,12.460511131212115,446.2443576734513,2956.5216233730316
7347.99277911149,12.460511131212115,446.2443576734513,2957.0526828207076
7349.844417659566,12.465567588806152,446.44000189192593,2957.0526828207076
7351.432901952416,12.465567588806152,446.44000189192593,2957.8637919891626
7351.50425625965,12.467162046581507,446.4898940157145,2957.8637919891626
7352.427331188694,12.467162046581507,446.4898940157145,2958.5431845840067
7352.625849591568,12.468998096883297,446.5754386149347,2958.5431845840067
7353.613445775583,12.468998096883297,446.5754386149347,2959.1507910117507
7353.938022593036,12.470654854550958,446.8497594036162,2959.1507910117507
7355.076898107305,12.470654854550958,446.8497594036162,2959.4831673856825
7356.934450566769,12.484815148636699,446.93517319113016,2959.4831673856825
7357.750140000135,12.484815148636699,446.93517319113016,2959.924021942541
7357.877737114206,12.486451908946037,447.04847173951566,2959.924021942541
7359.044609019533,12.486451908946037,447.04847173951566,2960.5423742774874
7359.283379083499,12.488044356927276,447.27015890553594,2960.5423742774874
7360.287902764976,12.488044356927276,447.27015890553594,2961.2289605606347
7360.39207023941,12.489702317863703,447.3400380257517,2961.2289605606347
7360.950593143702,12.489702317863703,447.3400380257517,2961.603820895776
7362.672521993518,12.494782838970423,447.63286029547453,2961.603820895776
7364.172440264374,12.494782838970423,447.63286029547453,2962.219810018316
7364.418324915692,12.496330887079239,447.8652622234076,2962.219810018316
7365.953463347629,12.496330887079239,447.8652622234076,2963.131015924737
7366.244812039658,12.49817506223917,448.1335868667811,2963.131015924737
7367.4164681993425,12.49817506223917,448.1335868667811,2963.986544314772
7367.546090738848,12.499854151159525,448.2415212467313,2963.986544314772
7368.740248879418,12.499854151159525,448.2415212467313,2964.6914226710796
7371.7031729109585,12.504976423457265,448.2937775235623,2964.6914226710796
7372.75703955628,12.504976423457265,448.2937775235623,2965.247519172728
7373.097689654678,12.506575440987945,448.57478091679513,2965.247519172728
7374.402755655348,12.506575440987945,448.57478091679513,2966.1046591065824
7374.568501573056,12.508265847340226,448.71713620610535,2966.1046591065824
7376.253152880818,12.508265847340226,448.71713620610535,2966.9909006413072
7376.4824442546815,12.509826822206378,448.90397860109806,2966.9909006413072
7378.029240299016,12.509826822206378,448.90397860109806,2967.6815154254436
7380.48610560596,12.515116503462195,449.0033250581473,2967.6815154254436
7381.787709660828,12.515116503462195,449.0033250581473,2968.183321170509
7382.012334333733,12.516847854480147,449.20971013233066,2968.183321170509
7383.528515292332,12.516847854480147,449.20971013233066,2969.1022976860404
7383.828048925847,12.518689146265388,449.49889791943133,2969.1022976860404
7385.812343399972,12.518689146265388,449.49889791943133,2970.4282003175467
7386.103387201205,12.520283494144678,449.7487539742142,2970.4282003175467
7387.631766051054,12.520283494144678,449.7487539742142,2971.3974638730288
7390.9734484720975,12.53942578472197,449.8879855982959,2971.3974638730288
7392.681460235268,12.53942578472197,449.8879855982959,2972.308121085167
7392.802347609773,12.541814347729087,449.949543742463,2972.308121085167
7394.251722171903,12.541814347729087,449.949543742463,2973.1590123064816
7394.51582820341,12.543402398005128,450.1702008154243,2973.1590123064816
7395.782161748037,12.543402398005128,450.1702008154243,2974.0003831181675
7396.023183755577,12.545163569971919,450.4008265566081,2974.0003831181675
7397.182559244335,12.545163569971919,450.4008265566081,2974.905019564554
7400.122059196234,12.551258318126202,450.4655869361013,2974.905019564554
7400.942103046924,12.551258318126202,450.4655869361013,2975.235307369381
7401.081711919978,12.552961947396398,450.56542240455747,2975.235307369381
7402.294182533398,12.552961947396398,450.56542240455747,2976.0249084979296
7402.546327112243,12.55453640408814,450.79368348419666,2976.0249084979296
7404.262655256316,12.55453640408814,450.79368348419666,2977.1134605295956
7404.499264083803,12.556219251826406,450.9835091754794,2977.1134605295956
7406.386583443731,12.556219251826406,450.9835091754794,2978.277995856479
7415.467732109129,12.568593798205256,451.0379458013922,2978.277995856479
7417.508858378977,12.568593798205256,451.0379458013922,2979.3716175705194
7417.652807246894,12.570417841896415,451.1615394372493,2979.3716175705194
7419.40386332944,12.570417841896415,451.1615394372493,2980.158609069884
7419.7956727240235,12.572094891220331,451.37444603443146,2980.158609069884
7420.746855245903,12.572094891220331,451.37444603443146,2980.794741086662
7420.828409196809,12.573879634961486,451.43134385347366,2980.794741086662
7421.764963420108,12.573879634961486,451.43134385347366,2981.3633543606848
7426.201375611126,12.578857945278287,451.5723799429834,2981.3633543606848
7427.108051249757,12.578857945278287,451.5723799429834,2982.0618529561907
7427.474664684385,12.580564333125949,451.8602054324001,2982.0618529561907
7428.447736792266,12.580564333125949,451.8602054324001,2982.653248619288
7428.759636765346,12.585134973749518,452.1549760196358,2982.653248619288
7430.601426264271,12.585134973749518,452.1549760196358,2983.9209369216114
7431.075301211327,12.58682755380869,452.400897430256,2983.9209369216114
7431.7839618790895,12.58682755380869,452.400897430256,2984.345928793773
7433.663511419669,12.602963322773576,452.5355990063399,2984.345928793773
7434.7931069191545,12.602963322773576,452.5355990063399,2985.18760506995
7434.999819887802,12.604578802362084,452.72278135456145,2985.18760506995
7436.998445643112,12.604578802362084,452.72278135456145,2986.764045186341
7437.445931170136,12.612825490534306,453.1312373895198,2986.764045186341
7438.712650081143,12.612825490534306,453.1312373895198,2987.6311704181135
7439.006095325574,12.614451490342617,453.41193519346416,2987.6311704181135
7440.2442037165165,12.614451490342617,453.41193519346416,2988.484809057787
7442.314326519147,12.61948611587286,453.69906114041805,2988.484809057787
7444.094469744712,12.61948611587286,453.69906114041805,2989.741861278191
7444.3765614349395,12.621086472645402,453.9044065438211,2989.741861278191
7446.031038509682,12.621086472645402,453.9044065438211,2990.9427465610206
7446.223207887262,12.622659251093864,454.0747077986598,2990.9427465610206
7448.302528062835,12.622659251093864,454.0747077986598,2992.130953460932
7448.467701818794,12.624408602714539,454.2160633057356,2992.130953460932
7449.772309636697,12.624408602714539,454.2160633057356,2993.053602674976
7451.413165200502,12.640502788126469,454.62316034175456,2993.053602674976
7452.912564348429,12.640502788126469,454.62316034175456,2994.202727828175
7453.143756765872,12.642146376892924,454.8207653295249,2994.202727828175
7454.638496808708,12.642146376892924,454.8207653295249,2995.185167780146
7454.7359713204205,12.643795596435666,454.90062870271504,2995.185167780146
7456.341008923948,12.643795596435666,454.90062870271504,2996.243513893336
7456.498229555786,12.645418236032128,455.03916146978736,2996.243513893336
7457.868295263499,12.645418236032128,455.03916146978736,2997.232353720814
7459.1566784475,12.650196451693773,455.3587486259639,2997.232353720814
7460.847217919305,12.650196451693773,455.3587486259639,2998.250017989427
7461.140636727214,12.651833852753043,455.62841210514307,2998.250017989427
7462.403060337529,12.651833852753043,455.62841210514307,2999.1174434907734
7462.775059964508,12.653497289866209,455.9523322582245,2999.1174434907734
7464.475792773068,12.653497289866209,455.9523322582245,2999.989516472444
7464.737328540534,12.655213100835681,456.152362998575,2999.989516472444
7466.205106448382,12.655213100835681,456.152362998575,3000.9520447030663
7467.697657162324,12.660211443901062,456.38040268421173,3000.9520447030663
7469.054371267557,12.660211443901062,456.38040268421173,3001.8406784068793
7469.249125694856,12.661853851750493,456.5381542239338,3001.8406784068793
7470.428223103285,12.661853851750493,456.5381542239338,3002.6842950843275
7470.72941926308,12.663623444736004,456.79847034811974,3002.6842950843275
7472.679514665157,12.663623444736004,456.79847034811974,3004.077220423147
7473.065264631063,12.665166892111301,457.10470839589834,3004.077220423147
7475.145060826093,12.665166892111301,457.10470839589834,3005.5523698814213
7476.625785375014,12.670355793088675,457.29657796025276,3005.5523698814213
7478.218833791092,12.670355793088675,457.29657796025276,3006.693760236725
7478.334207793698,12.671936020255089,457.40209922380745,3006.693760236725
7479.2915261965245,12.671936020255089,457.40209922380745,3007.0602170974016
7479.497956451029,12.673596059903502,457.58489274792373,3007.0602170974016
7481.079933792353,12.673596059903502,457.58489274792373,3007.966064725071
7481.374218687415,12.675235897302628,457.85228255949914,3007.966064725071
7482.593293502927,12.675235897302628,457.85228255949914,3008.875819783658
7484.694091472775,12.67988620698452,458.15560137853026,3008.875819783658
7485.922817490995,12.67988620698452,458.15560137853026,3009.5816840603948
7486.0017106719315,12.681488996371627,458.20529114082456,3009.5816840603948
7486.672050200403,12.681488996371627,458.20529114082456,3010.0025578700006
7486.959177147597,12.683154415339231,458.47157307341695,3010.0025578700006
7488.992150586098,12.683154415339231,458.47157307341695,3011.2947208099067
7489.170893955976,12.68468770198524,458.6147311348468,3011.2947208099067
7490.749387361109,12.68468770198524,458.6147311348468,3012.431258264929
7492.496251763776,12.689797643572092,458.76190454885364,3012.431258264929
7494.2039683219045,12.689797643572092,458.76190454885364,3013.6054752208292
7495.004404524341,12.691493405029178,459.0826457608491,3013.6054752208292
7496.0923600792885,12.691493405029178,459.0826457608491,3014.508321750909
7496.378550792113,12.693082155659795,459.30470192991197,3014.508321750909
7497.705155676231,12.693082155659795,459.30470192991197,3015.105003161356
7497.8639820590615,12.694923467934132,459.4256835337728,3015.105003161356
7499.0415740683675,12.694923467934132,459.4256835337728,3016.047621179372
7500.68029875122,12.700171023607254,459.5006943810731,3016.047621179372
7502.068169102073,12.700171023607254,459.5006943810731,3016.68056259118
7502.418243102729,12.701933115720749,459.79571138322353,3016.68056259118
7503.260285032913,12.701933115720749,459.79571138322353,3017.14385259524
7503.7106882072985,12.703568544238806,460.2219456322491,3017.14385259524
7504.547522075474,12.703568544238806,460.2219456322491,3017.7272994592786
7504.798889003694,12.705166973173618,460.4499613586813,3017.7272994592786
7505.873281039298,12.705166973173618,460.4499613586813,3018.28419168666
7507.816973451525,12.726369785144925,460.7047469187528,3018.28419168666
7509.111399464309,12.726369785144925,460.7047469187528,3018.997768063098
7509.248769734055,12.728001674637198,460.8118830937892,3018.997768063098
7510.125353807583,12.728001674637198,460.8118830937892,3019.6004812270403
7510.428211580962,12.72967162169516,461.08197914622724,3019.6004812270403
7512.467957744375,12.72967162169516,461.08197914622724,3020.853415945545
7512.617207804695,12.731374371796846,461.19533797353506,3020.853415945545
7513.881955780089,12.731374371796846,461.19533797353506,3021.8798536974937
7515.247788859531,12.73632894270122,461.30560740455985,3021.8798536974937
7516.497753987089,12.73632894270122,461.30560740455985,3022.690895324573
7516.921360254288,12.737922500818968,461.69891123473644,3022.690895324573
7518.156476834789,12.737922500818968,461.69891123473644,3023.5258817262948
7518.507076719776,12.739461708813906,461.9879765100777,3023.5258817262948
7519.708184910938,12.739461708813906,461.9879765100777,3024.140162177384
7519.872447695583,12.741086525842547,462.13496023230255,3024.140162177384
7521.875208070502,12.741086525842547,462.13496023230255,3025.0077693555504
7523.359861671925,12.763143127784133,462.26916306465864,3025.0077693555504
7525.147730736062,12.763143127784133,462.26916306465864,3026.172484718263
7525.6657749619335,12.764730755239725,462.6787779480219,3026.172484718263
7527.164951028302,12.764730755239725,462.6787779480219,3027.2683201693
7527.467783963308,12.766345974057913,462.9426265396178,3027.2683201693
7528.989031687379,12.766345974057913,462.9426265396178,3028.2172396034002
7529.237383803353,12.767981503158808,463.1257035918534,3028.2172396034002
7530.317259492353,12.767981503158808,463.1257035918534,3028.891029238701
7532.20660876669,12.781737089157104,463.3992722723633,3028.891029238701
7533.656239686534,12.781737089157104,463.3992722723633,3029.920187007636
7533.802932323888,12.783377230167389,463.5068691186607,3029.920187007636
7535.050771083683,12.783377230167389,463.5068691186607,3030.744731005281
7535.16293175146,12.784981800243258,463.5986055377871,3030.744731005281
7536.559550460428,12.784981800243258,463.5986055377871,3031.6759421005845
7536.964363429695,12.78656079992652,463.9469656832516,3031.6759421005845
7538.982538059354,12.78656079992652,463.9469656832516,3032.807692706585
7541.0564981512725,12.79157586209476,464.255307469517,3032.807692706585
7542.2460609879345,12.79157586209476,464.255307469517,3033.717727886513
7542.602803954855,12.793211702257395,464.5735888238996,3033.717727886513
7544.244240051135,12.793211702257395,464.5735888238996,3034.7559172213078
7544.609572984278,12.794809790328145,464.89325085654855,3034.7559172213078
7545.809577129781,12.794809790328145,464.89325085654855,3035.5752911102027
7546.196699762717,12.796493401750922,465.2365728933364,3035.5752911102027
7547.708809165284,12.796493401750922,465.2365728933364,3036.420931922272
7549.77247123234,12.8015355207026,465.5024245660752,3036.420931922272
7551.39108155109,12.8015355207026,465.5024245660752,3037.6864424794912
7551.668570423499,12.803111029788852,465.762988133356,3037.6864424794912
7553.452429179102,12.803111029788852,465.762988133356,3039.043031519279
7553.646970119327,12.804919822141528,465.9240578021854,3039.043031519279
7555.321289815009,12.804919822141528,465.9240578021854,3040.3245623577386
7555.650263255462,12.806834045797586,466.1886119414121,3040.3245623577386
7557.912923658267,12.806834045797586,466.1886119414121,3041.9429602790624
7559.638146230951,12.811866024509072,466.5824334695935,3041.9429602790624
7561.267545156181,12.811866024509072,466.5824334695935,3043.0568732935935
7561.720382433385,12.813667137175798,466.9507687576115,3043.0568732935935
7563.522012986243,12.813667137175798,466.9507687576115,3044.2214904539287
7563.895249672234,12.822179490700364,467.271911598742,3044.2214904539287
7565.654529016465,12.822179490700364,467.271911598742,3045.4818421583623
7565.883513566107,12.823843671008945,467.42461818642914,3045.4818421583623
7567.548371491954,12.823843671008945,467.42461818642914,3046.968499654904
7568.900460647419,12.832868861034513,467.7115756329149,3046.968499654904
7571.001176608726,12.832868861034513,467.7115756329149,3048.3260778915137
7571.320721210912,12.834529040381312,467.99468517675996,3048.3260778915137
7572.799293264747,12.834529040381312,467.99468517675996,3049.4423574563116
7573.015579579398,12.836520295590162,468.1708126757294,3049.4423574563116
7574.8030671756715,12.836520295590162,468.1708126757294,3050.7208776809275
7575.152415893972,12.838230546563864,468.45328050106764,3050.7208776809275
7576.999135097489,12.838230546563864,468.45328050106764,3052.0780645124614
7578.344953006133,12.850807106122375,468.58278181403875,3052.0780645124614
7579.5587819274515,12.850807106122375,468.58278181403875,3052.7356471139938
7579.789127483964,12.852423364296556,468.77170490659773,3052.7356471139938
7581.192758096382,12.852423364296556,468.77170490659773,3053.707217603922
7581.810862833634,12.854203555732965,468.91489679552615,3053.707217603922
7582.334924407303,12.854203555732965,468.91489679552615,3054.02190111205
7582.537877343595,12.855829652398825,469.09261990338564,3054.02190111205
7583.492201523855,12.855829652398825,469.09261990338564,3054.654090611264
7585.2264404296875,12.862808890640736,469.33303454332054,3054.654090611264
7587.2358503919095,12.862808890640736,469.33303454332054,3055.843676518649
7587.449468394741,12.864546423777938,469.5095752906054,3055.843676518649
7589.158961607143,12.864546423777938,469.5095752906054,3056.948918780312
7589.301247721538,12.866249611601233,469.6176432855427,3056.948918780312
7590.804227625951,12.866249611601233,469.6176432855427,3057.926034424454
7590.953495552763,12.867838598787785,469.7555672097951,3057.926034424454
7591.993090014905,12.867838598787785,469.7555672097951,3058.686568180099
7594.77388426289,12.881095718592405,469.8219625465572,3058.686568180099
7595.659267939627,12.881095718592405,469.8219625465572,3059.2548284828663
7596.061424892396,12.882863868027925,470.08745119534433,3059.2548284828663
7596.913189958781,12.882863868027925,470.08745119534433,3059.7793425917625
7597.16899028793,12.884505467489362,470.32755886018276,3059.7793425917625
7598.262470232323,12.884505467489362,470.32755886018276,3060.3139879219234
7598.690365348011,12.888061258941889,470.5556296091527,3060.3139879219234
7599.840889260173,12.888061258941889,470.5556296091527,3060.876713687554
7602.501656495035,12.897905165329576,470.60367828421295,3060.876713687554
7603.356696147472,12.897905165329576,470.60367828421295,3061.2086340952665
7603.706911476329,12.899504963308573,470.93117163330317,3061.2086340952665
7605.0687347352505,12.899504963308573,470.93117163330317,3061.9306171387434
7605.502479188144,12.901257831603289,471.3179682418704,3061.9306171387434
7607.3688952904195,12.901257831603289,471.3179682418704,3063.1762184239924
7607.595951680094,12.902891272678971,471.52657382935286,3063.1762184239924
7609.579450940713,12.902891272678971,471.52657382935286,3064.5650068800896
7611.1818610001355,12.909633342176676,471.91780046746135,3064.5650068800896
7612.571088466793,12.909633342176676,471.91780046746135,3065.460098804906
7612.80139753595,12.911460837349296,472.03631256334484,3065.460098804906
7614.3437465541065,12.911460837349296,472.03631256334484,3066.3139228373766
7614.523664755747,12.913425385951996,472.1967435646802,3066.3139228373766
7615.774692103267,12.913425385951996,472.1967435646802,3067.110421936959
7616.0306952781975,12.915121937170625,472.4250102378428,3067.110421936959
7617.203705132008,12.915121937170625,472.4250102378428,3067.748442273587
7619.873160172254,12.927822494879365,472.58865004591644,3067.748442273587
7621.678180605173,12.927822494879365,472.58865004591644,3068.7265290860087
7621.950226940215,12.929464515298605,472.8312188293785,3068.7265290860087
7623.592832967639,12.929464515298605,472.8312188293785,3069.81040000543
7623.855537671596,12.93114979378879,473.0526952110231,3069.81040000543
7625.237582616508,12.93114979378879,473.0526952110231,3070.7545266691595
7625.395130785182,12.932793943211436,473.196300111711,3070.7545266691595
7626.487645963207,12.932793943211436,473.196300111711,3071.442443087697
7630.198619350791,12.937776362523437,473.54153908230364,3071.442443087697
7632.011937784031,12.937776362523437,473.54153908230364,3072.4925257023424
7632.265330052003,12.939668847247958,473.7236869931221,3072.4925257023424
7634.8611207567155,12.939668847247958,473.7236869931221,3073.8232927750796
7635.070065703243,12.941601004451513,473.8473235014826,3073.8232927750796
7636.1325672362,12.941601004451513,473.8473235014826,3074.26213552244
7636.436475330964,12.943406578153372,473.998423486948,3074.26213552244
7637.129643367603,12.943406578153372,473.998423486948,3074.7691830117255
7640.199511472136,12.948414698243141,474.27267599105835,3074.7691830117255
7642.275889843702,12.948414698243141,474.27267599105835,3075.973307548091
7642.565601374954,12.95015424862504,474.4373834822327,3075.973307548091
7644.145890323445,12.95015424862504,474.4373834822327,3076.8945913761854
7644.3534205053,12.951955704018474,474.6154885943979,3076.8945913761854
7644.98869998008,12.951955704018474,474.6154885943979,3077.2719984203577
7645.395636755973,12.954437078908086,474.72557193785906,3077.2719984203577
7646.9036799725145,12.954437078908086,474.72557193785906,3078.006852976978
7648.928836964071,12.966175101697445,475.0018904004246,3078.006852976978
7650.661893330514,12.966175101697445,475.0018904004246,3079.229978751391
7650.807083407417,12.967824069783092,475.12517058104277,3079.229978751391
7652.4550714716315,12.967824069783092,475.12517058104277,3080.417148685083
7652.641883030534,12.969422409310937,475.28409090824425,3080.417148685083
7654.425006698817,12.969422409310937,475.28409090824425,3081.409541187808
7654.594024447724,12.971064960584044,475.3926891963929,3081.409541187808
7656.106878457591,12.971064960584044,475.3926891963929,3082.4787509851158
7659.540368910879,12.976313184946775,475.62221339531243,3082.4787509851158
7660.870329486206,12.976313184946775,475.62221339531243,3083.0730859935284
7661.301591612399,12.977983955293894,475.99278341047466,3083.0730859935284
7663.239365648478,12.977983955293894,475.99278341047466,3084.40410800837
7663.640496792272,12.98052828386426,476.32599049061537,3084.40410800837
7665.013810690492,12.98052828386426,476.32599049061537,3085.204648403451
7665.432537371293,12.986188096925616,476.6367297619581,3085.204648403451
7666.303841294721,12.986188096925616,476.6367297619581,3085.7830805554986
7668.268828455359,13.00416935235262,476.7760368846357,3085.7830805554986
7670.065973067656,13.00416935235262,476.7760368846357,3086.770740820095
7670.329964632168,13.006005125120282,477.0101621374488,3086.770740820095
7672.141587255523,13.006005125120282,477.0101621374488,3088.2375640477985
7672.373112624511,13.007686037570238,477.1865793392062,3088.2375640477985
7673.5799202192575,13.007686037570238,477.1865793392062,3089.024094503373
7673.8161035217345,13.009283246472478,477.3165934756398,3089.024094503373
7675.144425531849,13.009283246472478,477.3165934756398,3089.830361066386
7678.153826948255,13.014078380540013,477.4628321249038,3089.830361066386
7679.436789771542,13.014078380540013,477.4628321249038,3090.3359918259084
7679.617478672415,13.024709472432733,477.51863292232156,3090.3359918259084
7680.512977063656,13.024709472432733,477.51863292232156,3090.9053858388215
7680.655039647594,13.026355242356658,477.63764797896147,3090.9053858388215
7681.671493515372,13.026355242356658,477.63764797896147,3091.469070246443
7681.880268441513,13.027926679700613,477.8258879240602,3091.469070246443
7683.708106227219,13.027926679700613,477.8258879240602,3092.491117082536
7686.587770322338,13.035158660262823,477.8753627259284,3092.491117082536
7687.661660248414,13.035158660262823,477.8753627259284,3092.951718531549
7687.946334423497,13.037703497335315,478.03637973964214,3092.951718531549
7689.415885737166,13.037703497335315,478.03637973964214,3094.1670611277223
7689.7023829277605,13.039289496839046,478.277550900355,3094.1670611277223
7691.256284683943,13.039289496839046,478.277550900355,3095.039964487776
7691.4436732158065,13.04099627584219,478.44244608283043,3095.039964487776
7693.634776910767,13.04099627584219,478.44244608283043,3096.0935863871127
7696.765173628926,13.059802316129208,478.6199316661805,3096.0935863871127
7698.647437015548,13.059802316129208,478.6199316661805,3097.180502710864
7698.8977734763175,13.061482287943363,478.8411399181932,3097.180502710864
7700.3268819749355,13.061482287943363,478.8411399181932,3097.61520059593
7700.574824599549,13.063309140503407,479.07333175837994,3097.61520059593
7701.941206198186,13.063309140503407,479.07333175837994,3098.534669207409
7702.017413513735,13.065139852464199,479.1254321690649,3098.534669207409
7703.3783905450255,13.065139852464199,479.1254321690649,3099.4653346519917
7705.989663433284,13.070008419454098,479.4095230475068,3099.4653346519917
7706.955244552344,13.070008419454098,479.4095230475068,3100.327999379486
7707.042173469439,13.07162538729608,479.45995153672993,3100.327999379486
7707.79986910522,13.07162538729608,479.45995153672993,3100.7701189313084
7708.137091692537,13.07323300652206,479.7440671529621,3100.7701189313084
7709.849169263616,13.07323300652206,479.7440671529621,3102.0823971051723
7710.052678188309,13.074691882357001,479.9329773019999,3102.0823971051723
7711.478322159499,13.074691882357001,479.9329773019999,3102.9784878082573
7713.195812020451,13.097077684476972,480.31702835671604,3102.9784878082573
7714.482795963064,13.097077684476972,480.31702835671604,3103.810922384262
7714.734848892316,13.098720273002982,480.493903061375,3103.810922384262
7715.895871030167,13.098720273002982,480.493903061375,3104.299171797931
7716.271099254489,13.100302370265126,480.8446866348386,3104.299171797931
7717.17047967948,13.100302370265126,480.8446866348386,3104.9362712409347
7717.360067179427,13.102988397702575,481.0044427700341,3104.9362712409347
7719.504006413743,13.102988397702575,481.0044427700341,3106.4802695922554
7720.773230027407,13.10779726319015,481.33745343238115,3106.4802695922554
7722.101620927453,13.10779726319015,481.33745343238115,3107.2981654088944
7722.209280963987,13.10942636243999,481.42270674183965,3107.2981654088944
7723.510400760919,13.10942636243999,481.42270674183965,3107.8597528580576
7723.686390720308,13.111088303849101,481.58504090458155,3107.8597528580576
7724.890529179946,13.111088303849101,481.58504090458155,3108.3860829025507
7725.038437409326,13.112757595255971,481.72038043662906,3108.3860829025507
7726.574141135439,13.112757595255971,481.72038043662906,3109.3390278387815
7728.79996185191,13.11781532689929,481.76933903992176,3109.3390278387815
7730.255549583584,13.11781532689929,481.76933903992176,3110.5817801672965
7730.3683855813,13.120206378400326,481.8562037087977,3110.5817801672965
7731.6432388313115,13.120206378400326,481.8562037087977,3111.059946231544
7731.8267905358225,13.121856978163123,481.9591744598001,3111.059946231544
7732.865456249565,13.121856978163123,481.9591744598001,3111.6698918044567
7733.087337225676,13.123530644923449,482.1140291951597,3111.6698918044567
7734.1546034161,13.123530644923449,482.1140291951597,3112.345979940146
7736.599140647799,13.12829327583313,482.30514195747674,3112.345979940146
7738.361775686964,13.12829327583313,482.30514195747674,3113.7901243772358
7738.678474847227,13.130192251875997,482.5019642226398,3113.7901243772358
7739.760033007711,13.130192251875997,482.5019642226398,3114.4678151756525
7739.826244495809,13.131798161193728,482.55221633054316,3114.4678151756525
7740.830224042758,13.131798161193728,482.55221633054316,3115.1239311713725
7740.961745709181,13.133470080792904,482.6734333410859,3115.1239311713725
7742.0051874239,13.133470080792904,482.6734333410859,3115.7025444693863
7744.630770798773,13.157514125108719,482.96798177063465,3115.7025444693863
7746.985992927104,13.157514125108719,482.96798177063465,3117.4560670293868
7747.164963999763,13.159211575984955,483.088949797675,3117.4560670293868
7747.833311319351,13.159211575984955,483.088949797675,3117.755901833996
7747.904169730842,13.160834146663547,483.14817267656326,3117.755901833996
7748.950428318232,13.160834146663547,483.14817267656326,3118.4255642089993
7749.039094388485,13.16250229626894,483.1992034893483,3118.4255642089993
7749.756424335763,13.16250229626894,483.1992034893483,3118.797274591401
7752.964363096282,13.190659983083606,483.4379908628762,3118.797274591401
7754.390996284783,13.190659983083606,483.4379908628762,3119.667898988351
7754.58961972408,13.192679369822145,483.57722233608365,3119.667898988351
7756.053578708321,13.192679369822145,483.57722233608365,3120.458938445896
7756.297434831038,13.19431784003973,483.6429547239095,3120.458938445896
7757.722119927406,13.19431784003973,483.6429547239095,3121.05504973419
7757.899858746678,13.19612138159573,483.76669868826866,3121.05504973419
7758.794441917911,13.19612138159573,483.76669868826866,3121.5362863764167
7763.505400080234,13.201397536322474,483.98005371168256,3121.5362863764167
7764.409898519516,13.201397536322474,483.98005371168256,3122.027425279841
7764.683988330886,13.203065305948257,484.2333716545254,3122.027425279841
7766.5084167514,13.203065305948257,484.2333716545254,3123.220129908994
7766.795193172991,13.204686244949698,484.4914314541966,3123.220129908994
7768.308676797897,13.204686244949698,484.4914314541966,3124.2842530924827
7768.559710752219,13.20627711340785,484.6967809665948,3124.2842530924827
7770.012136073783,13.20627711340785,484.6967809665948,3125.33690245077
7771.95926457271,13.211239432916045,485.0416421480477,3125.33690245077
7773.7644713521,13.211239432916045,485.0416421480477,3126.6358978897333
7774.059862026945,13.212929183617234,485.30049765482545,3126.6358978897333
7775.692785091698,13.212929183617234,485.30049765482545,3127.602410933003
7775.851626504213,13.214532721787691,485.4434814695269,3127.602410933003
7777.665780453011,13.214532721787691,485.4434814695269,3128.7889190502465
7778.235670071095,13.216281393542886,485.68857398815453,3128.7889190502465
7779.79945762828,13.216281393542886,485.68857398815453,3129.851531162858
7781.683862268925,13.221430825069547,485.8874209821224,3129.851531162858
7783.658362919465,13.221430825069547,485.8874209821224,3131.2644671741873
7783.921071067452,13.223057514056563,486.1142161898315,3131.2644671741873
7785.869428496808,13.223057514056563,486.1142161898315,3132.6102903336287
7786.2040550950915,13.224680604413152,486.4035474099219,3132.6102903336287
7787.880838166922,13.224680604413152,486.4035474099219,3133.6676552612334
7788.347897987813,13.226355304941535,486.8123890887946,3133.6676552612334
7790.049878798425,13.226355304941535,486.8123890887946,3134.718883978203
7792.05987239629,13.231473237276077,487.1978328451514,3134.718883978203
7793.502654751763,13.231473237276077,487.1978328451514,3135.4565706495196
7793.961510403082,13.233126865699887,487.61133981868625,3135.4565706495196
7795.630889547989,13.233126865699887,487.61133981868625,3136.5652489382774
7796.028870830312,13.234758926555514,487.9619485363364,3136.5652489382774
7798.006768789142,13.234758926555514,487.9619485363364,3137.9354288522154
7798.350946351886,13.236457705497742,488.2896592300385,3137.9354288522154
7800.443760979921,13.236457705497742,488.2896592300385,3139.408878294751
7802.099869903177,13.266313845291734,488.3452416639775,3139.408878294751
7803.9454820957035,13.266313845291734,488.3452416639775,3140.5576919782907
7804.330205511302,13.26790251582861,488.6924552489072,3140.5576919782907
7806.098715739325,13.26790251582861,488.6924552489072,3141.6166620422155
7806.465342428535,13.269744090735912,488.9775336328894,3141.6166620422155
7808.115359514952,13.269744090735912,488.9775336328894,3142.829041371122
7808.344492496923,13.271327018737793,489.1498695593327,3142.829041371122
7809.676515117288,13.271327018737793,489.1498695593327,3143.6341541968286
7811.489609263837,13.290350314229727,489.54678810574114,3143.6341541968286
7812.968331286684,13.290350314229727,489.54678810574114,3144.7386764660478
7813.2527767997235,13.292050587013364,489.7396500725299,3144.7386764660478
7814.221261329949,13.292050587013364,489.7396500725299,3145.3266088441014
7814.374775255099,13.293720666319132,489.8703037649393,3145.3266088441014
7816.0386281348765,13.293720666319132,489.8703037649393,3146.484162181616
7816.159045834094,13.295435016974807,489.9700018763542,3146.484162181616
7817.630485827103,13.295435016974807,489.9700018763542,3147.5388339310884
7819.951598692685,13.300679013133049,490.2265758458525,3147.5388339310884
7821.480518996716,13.300679013133049,490.2265758458525,3148.5302483066916
7821.576926900074,13.302317621186376,490.31262187100947,3148.5302483066916
7823.236548187211,13.302317621186376,490.31262187100947,3149.574851701036
7823.448935769498,13.304016061127186,490.47340462729335,3149.574851701036
7824.845797108486,13.304016061127186,490.47340462729335,3150.407531717792
7825.109517356381,13.305620150640607,490.7042078282684,3150.407531717792
7826.756682459265,13.305620150640607,490.7042078282684,3151.4457404501736
7828.414120560512,13.310523496940732,490.75377343408763,3151.4457404501736
7829.959518015385,13.310523496940732,490.75377343408763,3152.481283698231
7830.1138836070895,13.312211466953158,490.83731042407453,3152.481283698231
7831.395355679095,13.312211466953158,490.83731042407453,3153.3112244978547
7831.7817566767335,13.31391785852611,491.16502989269793,3153.3112244978547
7833.0623017549515,13.31391785852611,491.16502989269793,3154.3223962821066
7833.195899479091,13.315517667680979,491.27773127146065,3154.3223962821066
7834.562004175037,13.315517667680979,491.27773127146065,3155.042484614998
7836.0094096604735,13.320431275293231,491.3916853405535,3155.042484614998
7837.528168426827,13.320431275293231,491.3916853405535,3156.0088281985372
7837.682110002264,13.322022402659059,491.51599083840847,3156.0088281985372
7839.067870464176,13.322022402659059,491.51599083840847,3156.6932598873973
7839.503577763215,13.32366649247706,491.90801270864904,3156.6932598873973
7840.629267372191,13.32366649247706,491.90801270864904,3157.2855630088598
7840.755898481235,13.325366823002696,492.007118627429,3157.2855630088598
7841.650091383606,13.325366823002696,492.007118627429,3157.757786137983
7843.503489306197,13.336083866655827,492.1790504474193,3157.757786137983
7844.568519998342,13.336083866655827,492.1790504474193,3158.591233033687
7844.663842761889,13.33994066528976,492.2559487875551,3158.591233033687
7845.571836614981,13.33994066528976,492.2559487875551,3158.9663363285363
7845.876155367121,13.34155967272818,492.5087389871478,3158.9663363285363
7847.28810393624,13.34155967272818,492.5087389871478,3159.8270950671285
7847.814867563546,13.343439163640141,492.76734732463956,3159.8270950671285
7849.16342430748,13.343439163640141,492.76734732463956,3160.5812315177172
7850.848085660487,13.348391911014915,493.09742244519293,3160.5812315177172
7851.692924231291,13.348391911014915,493.09742244519293,3161.067819317803
7852.125437973067,13.3500682618469,493.49836849048734,3161.067819317803
7853.387382298708,13.3500682618469,493.49836849048734,3162.0052431132644
7853.511502655223,13.365646205842495,493.5857408903539,3162.0052431132644
7854.770611261949,13.365646205842495,493.5857408903539,3162.721405087039
7855.1534002851695,13.367282073944807,493.94318313524127,3162.721405087039
7856.727514199913,13.367282073944807,493.94318313524127,3164.089730599895
7858.62687798962,13.372255373746157,494.02596317231655,3164.089730599895
7859.573351601139,13.372255373746157,494.02596317231655,3164.478038035333
7859.807334182784,13.373969754204154,494.20264979824424,3164.478038035333
7860.560600452125,13.373969754204154,494.20264979824424,3165.007831128314
7860.862430112436,13.375527292490005,494.4849358946085,3165.007831128314
7862.798988405615,13.375527292490005,494.4849358946085,3166.3371205069125
7862.908401954919,13.377178873866796,494.58140244334936,3166.3371205069125
7864.195761134848,13.377178873866796,494.58140244334936,3167.029611174017
7865.632662760094,13.382063291966915,494.73846712335944,3167.029611174017
7866.766091607511,13.382063291966915,494.73846712335944,3167.830074539408
7867.072348067537,13.383703421801329,495.0086686722934,3167.830074539408
7868.631826892495,13.383703421801329,495.0086686722934,3168.7975238431245
7869.027336888015,13.385284211486578,495.36165798828006,3168.7975238431245
7870.096524331719,13.385284211486578,495.36165798828006,3169.4345937892795
7870.325289111584,13.386980241164565,495.54992067441344,3169.4345937892795
7871.951446931809,13.386980241164565,495.54992067441344,3170.6635905131698
7874.7515243552625,13.409978717565536,495.6471999641508,3170.6635905131698
7875.630103152245,13.409978717565536,495.6471999641508,3171.186455713585
7875.909237263724,13.411552833393216,495.8532735425979,3171.186455713585
7876.643283875659,13.411552833393216,495.8532735425979,3171.571066532284
7876.995495317504,13.415310280397534,496.15419104509056,3171.571066532284
7877.724471516907,13.415310280397534,496.15419104509056,3172.059190005064
7877.880878757685,13.416985120624304,496.2483170386404,3172.059190005064
7878.593796918169,13.416985120624304,496.2483170386404,3172.568669544533
7880.294120963663,13.42208744212985,496.5048063285649,3172.568669544533
7881.885543681681,13.42208744212985,496.5048063285649,3173.530313193798
7882.372522773221,13.423893662169576,496.77305862121284,3173.530313193798
7883.514888435602,13.423893662169576,496.77305862121284,3174.1765291970223
7883.622791679576,13.42606469988823,496.86622693762183,3174.1765291970223
7884.809582576156,13.42606469988823,496.86622693762183,3174.971385989338
7885.111077731475,13.42771797068417,496.9816140457988,3174.971385989338
7886.401570674032,13.42771797068417,496.9816140457988,3175.791899198666
7891.626112341881,13.432777052745223,497.2229291237891,3175.791899198666
7893.245538648218,13.432777052745223,497.2229291237891,3176.5919285658747
7893.338733745739,13.434474501758814,497.2942399624735,3176.5919285658747
7894.104121027514,13.434474501758814,497.2942399624735,3177.034361023456
7894.382734250277,13.436095671728253,497.5631290283054,3177.034361023456
7896.129031036049,13.436095671728253,497.5631290283054,3178.345430860296
7896.308998243883,13.43769920244813,497.6847045291215,3178.345430860296
7897.316630739719,13.43769920244813,497.6847045291215,3179.06031932123
7899.841323250905,13.453064430505037,497.7325418461114,3179.06031932123
7900.88320299238,13.453064430505037,497.7325418461114,3179.5526427906007
7901.265529889613,13.45487137325108,497.9196224436164,3179.5526427906007
7901.9036503992975,13.45487137325108,497.9196224436164,3180.035074921325
7902.117673533037,13.456548042595387,498.09788674116135,3180.035074921325
7903.42364982143,13.456548042595387,498.09788674116135,3180.7384171728045
7903.789649695158,13.458083359524608,498.42655199207366,3180.7384171728045
7905.362473903224,13.458083359524608,498.42655199207366,3181.4850112572312
7909.605351263657,13.463577458634973,498.5202535688877,3181.4850112572312
7910.288156323135,13.463577458634973,498.5202535688877,3181.778503730893
7910.621161092073,13.467745764181018,498.6433275267482,3181.778503730893
7911.645914271474,13.467745764181018,498.6433275267482,3182.1906401794404
7911.948481310159,13.46951992623508,498.74545799568295,3182.1906401794404
7912.737758295611,13.46951992623508,498.74545799568295,3182.636511899531
7912.924813063815,13.471146995201707,498.81988583132625,3182.636511899531
7914.266728915274,13.471146995201707,498.81988583132625,3182.969694731757
7918.873489310965,13.4761803150177,499.38662538304925,3182.969694731757
7920.023134572431,13.4761803150177,499.38662538304925,3183.480516988784
7920.469544176012,13.477849755436182,499.70056602731347,3183.480516988784
7921.664385436103,13.477849755436182,499.70056602731347,3184.1797004565597
7922.081370264292,13.479457754641771,500.0478690639138,3184.1797004565597
7923.166641730815,13.479457754641771,500.0478690639138,3184.9174188524485
7923.554972331971,13.481105022132397,500.28568909317255,3184.9174188524485
7924.6530554722995,13.481105022132397,500.28568909317255,3185.7359249126166
7926.84818729572,13.490451311692595,500.39254080690444,3185.7359249126166
7928.059832671657,13.490451311692595,500.39254080690444,3186.4196629710495
7928.169572709128,13.492082869634032,500.4744796920568,3186.4196629710495
7929.728007895872,13.492082869634032,500.4744796920568,3187.321802355349
7930.019682606682,13.493730619549751,500.7513413242996,3187.321802355349
7931.27134751901,13.493730619549751,500.7513413242996,3188.222905687988
7931.638716340065,13.495435880497098,501.0789375770837,3188.222905687988
7932.971248647198,13.495435880497098,501.0789375770837,3189.1141608953476
7935.963002797216,13.50031240656972,501.22012373432517,3189.1141608953476
7937.222614044324,13.50031240656972,501.22012373432517,3190.0100817587227
7937.469195039943,13.501924557611346,501.45224329829216,3190.0100817587227
7938.734562952071,13.501924557611346,501.45224329829216,3190.916708726436
7938.829061793163,13.5090925488621,501.5056440271437,3190.916708726436
7940.471173647791,13.5090925488621,501.5056440271437,3191.956192739308
7940.648294305429,13.510798461735249,501.63198727555573,3191.956192739308
7941.298744903877,13.510798461735249,501.63198727555573,3192.347657909617
7944.377483913675,13.516301229596138,501.7645329385996,3192.347657909617
7945.723377628252,13.516301229596138,501.7645329385996,3192.7036728356034
7945.916553314775,13.51813717186451,501.9398981742561,3192.7036728356034
7947.005216207355,13.51813717186451,501.9398981742561,3193.2228953372687
7947.15641461499,13.519753262400627,502.0742095541209,3193.2228953372687
7947.818732190877,13.519753262400627,502.0742095541209,3193.5712512861937
7948.308678273112,13.521521674469113,502.41080294921994,3193.5712512861937
7949.578790804371,13.521521674469113,502.41080294921994,3194.467987213284
7952.104074487463,13.526617038995028,502.7868771776557,3194.467987213284
7952.827327502891,13.526617038995028,502.7868771776557,3194.7436514161527
7953.226377941668,13.528255747631192,503.1662675384432,3194.7436514161527
7954.042229376733,13.528255747631192,503.1662675384432,3195.244648789987
7954.28460800834,13.529970100149512,503.3563284315169,3195.244648789987
7955.124551359564,13.529970100149512,503.3563284315169,3195.657633088529
7955.217389319092,13.535249466076493,503.43204279243946,3195.657633088529
7956.110164359212,13.535249466076493,503.43204279243946,3196.190348884091
7958.3140262831,13.540592223405838,503.5475284643471,3196.190348884091
7959.562966991216,13.540592223405838,503.5475284643471,3196.865553341806
7959.767497487366,13.542206009849906,503.59778113663197,3196.865553341806
7961.277709249407,13.542206009849906,503.59778113663197,3197.6035967785865
7961.399006107822,13.54377375729382,503.7020298037678,3197.6035967785865
7962.794807218015,13.54377375729382,503.7020298037678,3198.245878443122
7962.921295138076,13.545436017215252,503.7971965558827,3198.245878443122
7964.228563085198,13.545436017215252,503.7971965558827,3198.91166235134
7966.243862217292,13.555691244080663,503.98509534075856,3198.91166235134
7966.7370509803295,13.555691244080663,503.98509534075856,3199.2290307581425
7966.929048599675,13.557225540280342,504.1466877479106,3199.2290307581425
7968.552698597312,13.557225540280342,504.1466877479106,3200.339288108051
7968.889700671658,13.559090185910463,504.4521111212671,3200.339288108051
7971.531002774835,13.559090185910463,504.4521111212671,3202.293962376192
7971.728457862511,13.560696717351675,504.62249679863453,3202.293962376192
7973.151248084381,13.560696717351675,504.62249679863453,3203.3222898431122
7974.532774349675,13.565611267462373,504.94454816170037,3203.3222898431122
7976.939075388014,13.565611267462373,504.94454816170037,3205.087485069409
7977.243672745302,13.567260958254337,505.21770415082574,3205.087485069409
7978.80840517208,13.567260958254337,505.21770415082574,3206.2554828282446
7978.953852875158,13.568946028128266,505.349652081728,3206.2554828282446
7980.763421786949,13.568946028128266,505.349652081728,3207.7210752163082
7981.124503668398,13.570593176409602,505.60566628165543,3207.7210752163082
7983.020419573411,13.570593176409602,505.60566628165543,3208.94844548963
7984.685920204967,13.590642798691988,505.7363950293511,3208.94844548963
7985.878282137215,13.590642798691988,505.7363950293511,3209.902676027268
7986.154971970245,13.592301398515701,505.9307760614902,3209.902676027268
7988.2844559866935,13.592301398515701,505.9307760614902,3211.3244842235
7988.596375629306,13.593950629234314,506.2208568174392,3211.3244842235
7990.355214575306,13.593950629234314,506.2208568174392,3212.4834418874234
7990.72610546276,13.59557269886136,506.55928266979754,3212.4834418874234
7992.164163539186,13.59557269886136,506.55928266979754,3213.4715101085603
7996.758086659014,13.600703492760658,506.7176527287811,3213.4715101085603
7997.920976230875,13.600703492760658,506.7176527287811,3214.3949383199215
7998.300670949742,13.602362863719463,507.05924253724515,3214.3949383199215
7999.511004010215,13.602362863719463,507.05924253724515,3214.9316978361458
7999.911334434524,13.604051072150469,507.3870366383344,3214.9316978361458
8001.348792038858,13.604051072150469,507.3870366383344,3215.768542520702
8001.53256293945,13.605639733374119,507.5419886559248,3215.768542520702
8003.10504999198,13.605639733374119,507.5419886559248,3216.3004594556987
8005.910837922245,13.617727138102055,507.73814895935357,3216.3004594556987
8007.068852555007,13.617727138102055,507.73814895935357,3216.69513043575
8007.212083969265,13.619349466636777,507.8503169026226,3216.69513043575
8008.554500926286,13.619349466636777,507.8503169026226,3217.2186704427004
8008.959473833442,13.621195560321212,507.90593269839883,3217.2186704427004
8009.5683901477605,13.621195560321212,507.90593269839883,3217.593248700723
8009.660470595583,13.622825799509883,507.9724107738584,3217.593248700723
8010.521068371832,13.622825799509883,507.9724107738584,3217.922424433753
8014.025065815076,13.62774758785963,508.1542900018394,3217.922424433753
8015.978070739657,13.62774758785963,508.1542900018394,3219.2132203653455
8016.491591643542,13.629479449242353,508.5164408944547,3219.2132203653455
8017.359788257629,13.629479449242353,508.5164408944547,3219.9211048129946
8017.497544853017,13.631028717383742,508.6421196926385,3219.9211048129946
8018.569385146722,13.631028717383742,508.6421196926385,3220.7757180612534
8018.772056398913,13.6326401270926,508.826774019748,3220.7757180612534
8020.1501979753375,13.6326401270926,508.826774019748,3221.4319407604635
8022.094812138006,13.637746680527925,509.1253078598529,3221.4319407604635
8023.595477472991,13.637746680527925,509.1253078598529,3222.5904731880873
8023.864919908345,13.63933426886797,509.3770269602537,3222.5904731880873
8026.1140818390995,13.63933426886797,509.3770269602537,3223.892389724031
8026.445909904316,13.640968658030033,509.6698296163231,3223.892389724031
8027.74885571748,13.640968658030033,509.6698296163231,3224.693317528814
8028.081531256437,13.642505425959826,509.9643484838307,3224.693317528814
8029.45435853675,13.642505425959826,509.9643484838307,3225.490921234712
8031.546363502741,13.647435374557972,510.30836660787463,3225.490921234712
8033.300586776808,13.647435374557972,510.30836660787463,3226.663900654763
8033.544792093337,13.649148896336555,510.5203381795436,3226.663900654763
8035.659714216366,13.649148896336555,510.5203381795436,3228.1592991389334
8035.760571824387,13.650768704712391,510.5873593930155,3228.1592991389334
8037.212971558794,13.650768704712391,510.5873593930155,3229.292651142925
8037.409178907052,13.652381464838982,510.7479209434241,3229.292651142925
8039.089109076187,13.652381464838982,510.7479209434241,3230.6491700094193
8040.912829561159,13.657361876219511,510.9122152104974,3230.6491700094193
8042.34757008031,13.657361876219511,510.9122152104974,3231.6805235948414
8042.6704606395215,13.65901498682797,511.1957848314196,3231.6805235948414
8044.284609070048,13.65901498682797,511.1957848314196,3232.9285639766604
8044.515709107742,13.66064241528511,511.415363650769,3232.9285639766604
8046.413180774078,13.66064241528511,511.415363650769,3234.3221853896976
8046.632871415466,13.66421465948224,511.57270657271147,3234.3221853896976
8048.05988147296,13.66421465948224,511.57270657271147,3235.4704463537782
8049.701521581039,13.682911798357964,511.7465252354741,3235.4704463537782
8050.918455680832,13.682911798357964,511.7465252354741,3235.906367685646
8051.157786509022,13.684458637610078,511.93235309422016,3235.906367685646
8052.398331146687,13.684458637610078,511.93235309422016,3236.6299800816923
8052.503733038902,13.686099786311388,512.0172290690243,3236.6299800816923
8053.568394307047,13.686099786311388,512.0172290690243,3237.1028543245047
8053.754031343386,13.687740966677666,512.1745070312172,3237.1028543245047
8055.452073056251,13.687740966677666,512.1745070312172,3237.934646992013
8057.50937618129,13.697985833510756,512.5153037309647,3237.934646992013
8058.466368280351,13.697985833510756,512.5153037309647,3238.627231767401
8058.935713520274,13.70002775080502,512.7626237720251,3238.627231767401
8060.161187915131,13.70002775080502,512.7626237720251,3239.012656316161
8060.369699515402,13.701727310195565,512.943982290104,3239.012656316161
8061.812041142955,13.701727310195565,512.943982290104,3239.8889753539115
8062.182388227433,13.703353989869356,513.2985041551292,3239.8889753539115
8063.477135311812,13.703353989869356,513.2985041551292,3240.515719776973
8065.27404204011,13.714669074863195,513.4033413957804,3240.515719776973
8066.179877851158,13.714669074863195,513.4033413957804,3240.9477602504194
8066.530426137149,13.716330895200372,513.6991497799754,3240.9477602504194
8067.90603165701,13.716330895200372,513.6991497799754,3241.5842147488147
8068.070545531809,13.717965934425592,513.845449462533,3241.5842147488147
8069.4981368314475,13.717965934425592,513.845449462533,3242.35754645057
8069.954317472875,13.719596825540066,514.286997448653,3242.35754645057
8070.808237947524,13.719596825540066,514.286997448653,3243.0311706848443
8072.837910296395,13.724562304094434,514.7248745001853,3243.0311706848443
8074.39634437114,13.724562304094434,514.7248745001853,3244.3439596462995
8074.7069364544,13.726225383579731,515.0146399047226,3244.3439596462995
8076.174763027579,13.726225383579731,515.0146399047226,3245.3868810664862
8076.339649695903,13.72781877219677,515.1696665454656,3245.3868810664862
8078.370615251362,13.72781877219677,515.1696665454656,3246.7853383030742
8078.557089671493,13.729589872062206,515.3439852055162,3246.7853383030742
8080.346589410678,13.729589872062206,515.3439852055162,3248.0454242099077
8081.811621783301,13.734641395509243,515.417088970542,3248.0454242099077
8083.292499994859,13.734641395509243,515.417088970542,3249.076926501468
8083.505803875625,13.736238842830062,515.5941618308425,3249.076926501468
8085.22475672327,13.736238842830062,515.5941618308425,3250.358123684302
8085.386377222836,13.737965086475015,515.7231841590255,3250.358123684302
8087.411457695067,13.737965086475015,515.7231841590255,3251.7619833815843
8087.821229215711,13.739729078486562,515.8733120709658,3251.7619833815843
8088.451828438789,13.739729078486562,515.8733120709658,3252.111130306497
8090.301047673449,13.744925394654274,516.229515651241,3252.111130306497
8091.116041190922,13.744925394654274,516.229515651241,3252.5276378598064
8091.423301912844,13.746528562158346,516.5200611315668,3252.5276378598064
8092.8635813221335,13.746528562158346,516.5200611315668,3253.385919051245
8092.9512859229,13.748310007154942,516.5733138974756,3253.385919051245
8093.746618576348,13.748310007154942,516.5733138974756,3253.9319121949375
8093.9510181210935,13.749929215759039,516.7461167313159,3253.9319121949375
8095.610205639154,13.749929215759039,516.7461167313159,3255.2336960230023
8096.853690389544,13.764344677329063,516.9312995504588,3255.2336960230023
8098.037886796519,13.764344677329063,516.9312995504588,3255.9740054272115
8098.273169701919,13.765999246388674,517.1225818283856,3255.9740054272115
8099.945757234469,13.765999246388674,517.1225818283856,3257.016513053328
8100.3088002782315,13.767667906358838,517.4514920543879,3257.016513053328
8101.357448026538,13.767667906358838,517.4514920543879,3257.6687556337565
8101.56168117933,13.769297303631902,517.641527172178,3257.6687556337565
8102.864340243861,13.769297303631902,517.641527172178,3258.7313113622367
8104.634919533506,13.774161202833056,518.005723444745,3258.7313113622367
8106.0168838351965,13.774161202833056,518.005723444745,3259.7109308298677
8106.169301560149,13.775765493512154,518.1482107695192,3259.7109308298677
8107.7209061309695,13.775765493512154,518.1482107695192,3260.818839471787
8107.884619420394,13.777320060878992,518.27482345514,3260.818839471787
8109.096703123301,13.777320060878992,518.27482345514,3261.5705150645226
8109.283862777054,13.778945768252015,518.4378292001784,3261.5705150645226
8110.539860608056,13.778945768252015,518.4378292001784,3262.296351497993
8114.798468204215,13.814969850704074,518.5658232532442,3262.296351497993
8116.00673121959,13.814969850704074,518.5658232532442,3262.9679978173226
8116.11665353179,13.816651731729507,518.6617651544511,3262.9679978173226
8117.114146282896,13.816651731729507,518.6617651544511,3263.3412502259016
8117.396677330136,13.818264421075583,518.9333534706384,3263.3412502259016
8118.729112695903,13.818264421075583,518.9333534706384,3264.16483839415
8118.845262303948,13.81982838921249,519.0349399540573,3264.16483839415
8119.9472492821515,13.81982838921249,519.0349399540573,3264.900870623067
8123.425827534869,13.824927603825927,519.1202653702348,3264.900870623067
8124.154285669327,13.824927603825927,519.1202653702348,3265.428477892652
8124.3356652688235,13.82652692310512,519.2820480633527,3265.428477892652
8125.2030209023505,13.82652692310512,519.2820480633527,3266.100786946714
8125.356151739135,13.828049970790744,519.4174895100296,3266.100786946714
8126.45254127495,13.828049970790744,519.4174895100296,3266.5861731301993
8126.775978002697,13.829702289775014,519.7253758758307,3266.5861731301993
8127.639042867348,13.829702289775014,519.7253758758307,3267.144489219412
8129.8909019660205,13.83455084450543,519.9449112061411,3267.144489219412
8131.318385519087,13.83455084450543,519.9449112061411,3268.189866801724
8131.56420910731,13.83640492707491,520.1615804266185,3268.189866801724
8132.786466728896,13.83640492707491,520.1615804266185,3268.806559987366
8133.114408100024,13.854748081415892,520.28642481938,3268.806559987366
8134.331533208489,13.854748081415892,520.28642481938,3269.3807881157845
8134.493366543204,13.85648837313056,520.4194626919925,3269.3807881157845
8136.028697203845,13.85648837313056,520.4194626919925,3270.2860690765083
8138.433403596282,13.861450681462884,520.765041841194,3270.2860690765083
8139.027284039184,13.861450681462884,520.765041841194,3270.7042019814253
8139.191507937387,13.862997930496931,520.8974178209901,3270.7042019814253
8140.729406856,13.862997930496931,520.8974178209901,3271.8611656297
8140.9623688831925,13.864720841869712,521.0593228172511,3271.8611656297
8142.614943191409,13.864720841869712,521.0593228172511,3272.8496040012687
8142.932892309502,13.866649696603417,521.2322610747069,3272.8496040012687
8143.781469563022,13.866649696603417,521.2322610747069,3273.3024751041085
8146.589947113767,13.883395770564675,521.4518820587546,3273.3024751041085
8147.847142532468,13.883395770564675,521.4518820587546,3273.9431177768856
8148.235012687743,13.88504048064351,521.8182177152485,3273.9431177768856
8149.851742260158,13.88504048064351,521.8182177152485,3274.9004665650427
8149.919696621597,13.886770023033023,521.8682068120688,3274.9004665650427
8151.154234619811,13.886770023033023,521.8682068120688,3275.76404527016
8151.281171651557,13.8883838634938,521.97558876127,3275.76404527016
8152.602761300281,13.8883838634938,521.97558876127,3276.561445258558
8154.737996434793,13.897460829466581,522.2025143299252,3276.561445258558
8155.582544280216,13.897460829466581,522.2025143299252,3277.0477212835103
8155.82723319903,13.899093916639686,522.4121618848294,3277.0477212835103
8157.263306410983,13.899093916639686,522.4121618848294,3277.9093561284244
8157.335110794753,13.900674395263195,522.4620581381023,3277.9093561284244
8158.5444689281285,13.900674395263195,522.4620581381023,3278.8068152125925
8158.851079178974,13.902263924479485,522.7423352319747,3278.8068152125925
8159.737945331261,13.902263924479485,522.7423352319747,3279.396506179124
8162.243120813742,13.907260255888104,522.9798594228923,3279.396506179124
8163.08682718128,13.907260255888104,522.9798594228923,3279.8337817359716
8163.279342032969,13.908885303884745,523.1178458742797,3279.8337817359716
8164.543550232425,13.908885303884745,523.1178458742797,3280.7118797879666
8164.669691812247,13.91061982512474,523.2234695907682,3280.7118797879666
8166.333040731028,13.91061982512474,523.2234695907682,3281.5947807151824
8166.661301475018,13.912213725969195,523.5240632854402,3281.5947807151824
8168.039313949645,13.912213725969195,523.5240632854402,3282.438855787739
8171.35591333732,13.929152142256498,523.6303468737751,3282.438855787739
8172.455086603761,13.929152142256498,523.6303468737751,3283.0861112121493
8172.594354949892,13.930666329339147,523.7460165806115,3283.0861112121493
8173.766838103533,13.930666329339147,523.7460165806115,3283.945627959445
8174.052590340376,13.932344000786543,523.993902316317,3283.945627959445
8175.4222970716655,13.932344000786543,523.993902316317,3284.7123161628842
8175.582370286807,13.933950049802661,524.1229582689703,3284.7123161628842
8176.9168451838195,13.933950049802661,524.1229582689703,3285.5374388676137
8178.830612938851,13.93895599246025,524.3715288881212,3285.5374388676137
8180.966659339145,13.93895599246025,524.3715288881212,3286.96516623348
8181.275574075058,13.940573511645198,524.6618901174515,3286.96516623348
8183.4598124325275,13.940573511645198,524.6618901174515,3288.3975668884814
8183.653261151165,13.94219515286386,524.8447343241423,3288.3975668884814
8185.059338267893,13.94219515286386,524.8447343241423,3289.4939884245396
8185.133338378742,13.943832313641906,524.8951738402247,3289.4939884245396
8186.475303621963,13.943832313641906,524.8951738402247,3290.394747659564
8187.8619961850345,13.964731123298407,524.9466021247208,3290.394747659564
8189.461018823087,13.964731123298407,524.9466021247208,3291.4580642152578
8189.551700327545,13.966353543102741,525.011043343693,3291.4580642152578
8190.4215100910515,13.966353543102741,525.011043343693,3292.0882066600025
8190.481457900256,13.96798176318407,525.0605701319873,3292.0882066600025
8191.315284403041,13.96798176318407,525.0605701319873,3292.427254214883
8191.561030961573,13.969566952437162,525.2864771727473,3292.427254214883
8192.548956260085,13.969566952437162,525.2864771727473,3293.228895282373
8194.529886798933,13.974576452746987,525.4421455468982,3293.228895282373
8195.901465192437,13.974576452746987,525.4421455468982,3294.1337962839752
8196.147370504215,13.976304322481155,525.6533192917705,3294.1337962839752
8197.528304275125,13.976304322481155,525.6533192917705,3295.0089017488062
8197.692912911996,13.977943059056997,525.7959198709577,3295.0089017488062
8199.346731984988,13.977943059056997,525.7959198709577,3296.310607884079
8199.480842988938,13.97946890629828,525.9057788681239,3296.310607884079
8200.787117505446,13.97946890629828,525.9057788681239,3297.1373379994184
8202.452592521906,13.994132013991475,526.0486967526376,3297.1373379994184
8203.833058286458,13.994132013991475,526.0486967526376,3298.082666894421
8204.240523219109,13.996107008308172,526.3756760638207,3298.082666894421
8205.717832071707,13.996107008308172,526.3756760638207,3298.920705774799
8206.038123436272,13.99780554138124,526.6729743797332,3298.920705774799
8207.767901949584,13.99780554138124,526.6729743797332,3300.1057815738022
8208.02824065648,13.999361159279943,526.9230895191431,3300.1057815738022
8209.133747979999,13.999361159279943,526.9230895191431,3300.9385880883783
8211.23123418726,14.004306579008698,527.0953636951745,3300.9385880883783
8212.934628810734,14.004306579008698,527.0953636951745,3302.0537954811007
8213.045024327934,14.005869636312127,527.1705848611891,3302.0537954811007
8214.41013998352,14.005869636312127,527.1705848611891,3303.066728984937
8214.516797760502,14.007494956254959,527.2329910844564,3303.066728984937
8215.474236028269,14.007494956254959,527.2329910844564,3303.6687752120197
8215.558339403942,14.011134471744299,527.2927880380303,3303.6687752120197
8216.805540231988,14.011134471744299,527.2927880380303,3304.385596431792
8218.454973647371,14.016304282471538,527.5197649057955,3304.385596431792
8219.669077755883,14.016304282471538,527.5197649057955,3305.1613488942385
8220.004291379824,14.017978401854634,527.8202487826347,3305.1613488942385
8221.403786741197,14.017978401854634,527.8202487826347,3306.1296306699514
8221.527412015945,14.019604291766882,527.9205526337028,3306.1296306699514
8223.017721354961,14.019604291766882,527.9205526337028,3307.156464997679
8223.351952103898,14.021209951490164,528.2288814596832,3307.156464997679
8224.647267483175,14.021209951490164,528.2288814596832,3308.0760640390217
8225.982894098386,14.02636481449008,528.4191176015884,3308.0760640390217
8227.484203947708,14.02636481449008,528.4191176015884,3309.1487508900464
8227.872058680281,14.027991713955998,528.7216592933983,3309.1487508900464
8229.291624527425,14.027991713955998,528.7216592933983,3310.008451094851
8229.610557084903,14.029595073312521,529.0056592598557,3310.008451094851
8230.91482312046,14.029595073312521,529.0056592598557,3310.9387810807675
8231.130588646978,14.031255481764674,529.1713767293841,3310.9387810807675
8232.276211103424,14.031255481764674,529.1713767293841,3311.9381637405604
8233.585002100095,14.036314882338047,529.3044058326632,3311.9381637405604
8235.361867953092,14.036314882338047,529.3044058326632,3312.998764595017
8235.59896471724,14.03806814365089,529.4680682849139,3312.998764595017
8236.414735095575,14.03806814365089,529.4680682849139,3313.342460723594
8236.606237610802,14.039742873981595,529.6408710815012,3313.342460723594
8237.827936319634,14.039742873981595,529.6408710815012,3314.001834023744
8238.018636999652,14.041384926065803,529.786863990128,3314.001834023744
8239.096050258726,14.041384926065803,529.786863990128,3314.8364601451904
8241.673016047105,14.046435697004199,530.0943817831576,3314.8364601451904
8242.267954139039,14.046435697004199,530.0943817831576,3315.1055845115334
8242.629044484347,14.04807553626597,530.4133628159761,3315.1055845115334
8244.135339267552,14.04807553626597,530.4133628159761,3316.3540543150157
8244.489235591143,14.049618903547525,530.7403335105628,3316.3540543150157
8245.281680068001,14.049618903547525,530.7403335105628,3316.8835227377713
8245.352779818699,14.051320474594831,530.7940582167357,3316.8835227377713
8246.711595827714,14.051320474594831,530.7940582167357,3317.7722562216222
8248.612636687234,14.056413050740957,531.1275196708739,3317.7722562216222
8249.820890441537,14.056413050740957,531.1275196708739,3318.5460211262107
8250.03072646074,14.058017361909151,531.2850884217769,3318.5460211262107
8251.735984247178,14.058017361909151,531.2850884217769,3319.7956946715713
8252.055630842224,14.059629619121552,531.5698310807347,3319.7956946715713
8253.813037447631,14.059629619121552,531.5698310807347,3320.8314083833247
8254.169692471623,14.06127791851759,531.8848587591201,3320.8314083833247
8255.586107054725,14.06127791851759,531.8848587591201,3321.657942617312
8257.294329358265,14.066191285848618,531.980901543051,3321.657942617312
8258.2301389575,14.066191285848618,531.980901543051,3322.278050594032
8258.571553925052,14.067828906700015,532.2886434085667,3322.278050594032
8259.808761456981,14.067828906700015,532.2886434085667,3322.925403535366
8260.097813274711,14.069535257294774,532.5350536815822,3322.925403535366
8261.799464629963,14.069535257294774,532.5350536815822,3323.7657862231135
8262.010377667844,14.071157837286592,532.7248838096857,3323.7657862231135
8263.286684071645,14.071157837286592,532.7248838096857,3324.5866019763052
8264.709357829764,14.094796733930707,532.8377395514399,3324.5866019763052
8265.915673561394,14.094796733930707,532.8377395514399,3325.413216056302
8266.200872039422,14.096358621492982,533.0733143799007,3325.413216056302
8267.614770611748,14.096358621492982,533.0733143799007,3326.440369365737
8267.967286871746,14.097954090684652,533.4060834627599,3326.440369365737
8269.476500730962,14.097954090684652,533.4060834627599,3327.6348677426577
8269.65609915182,14.099594380706549,533.5667329896241,3327.6348677426577
8271.47526327148,14.099594380706549,533.5667329896241,3328.851405458525
8273.000060828403,14.104792226105928,533.7029877454042,3328.851405458525
8274.453121459112,14.104792226105928,533.7029877454042,3329.742535667494
8274.754527982324,14.112974233925343,533.756143251434,3329.742535667494
8275.37788010016,14.112974233925343,533.756143251434,3330.0297007784247
8275.57708304748,14.115667162463069,533.9397053234279,3330.0297007784247
8276.291593128815,14.115667162463069,533.9397053234279,3330.419207058847
8276.493997735903,14.117182670161128,534.1273888796568,3330.419207058847
8277.39581936039,14.117182670161128,534.1273888796568,3330.8494977727532
8278.61903273873,14.12218671105802,534.2500267773867,3330.8494977727532
8279.572063863277,14.12218671105802,534.2500267773867,3331.457007912919
8279.760116538033,14.123939022421837,534.4153139293194,3331.457007912919
8280.496669631451,14.123939022421837,534.4153139293194,3332.029758654535
8280.877074507996,14.133628187701106,534.7567074988037,3332.029758654535
8281.813845159486,14.133628187701106,534.7567074988037,3332.5996350608766
8282.016640599817,14.1356734149158,534.9202221259475,3332.5996350608766
8283.528932800516,14.1356734149158,534.9202221259475,3333.4754901323467
8284.967788916081,14.145612485706806,535.1140514779836,3333.4754901323467
8286.63702486828,14.145612485706806,535.1140514779836,3334.7988648246974
8286.905208935961,14.147250773385167,535.3543139919639,3334.7988648246974
8287.776468176395,14.147250773385167,535.3543139919639,3335.3049056958407
8288.019421897829,14.148887334391475,535.5691735632718,3335.3049056958407
8289.020399903879,14.148887334391475,535.5691735632718,3335.7965616937727
8289.086923331022,14.150500312447548,535.6193987671286,3335.7965616937727
8290.290445465595,14.150500312447548,535.6193987671286,3336.7923166248947
8291.592448936775,14.155394352972507,535.7756474856287,3336.7923166248947
8293.026752291247,14.155394352972507,535.7756474856287,3337.8561554923654
8293.448823668063,14.157047854736447,536.1482587810606,3337.8561554923654
8295.048316212371,14.157047854736447,536.1482587810606,3339.0246738735586
8295.283134605736,14.158721286803484,536.354938365519,3339.0246738735586
8296.492568667978,14.158721286803484,536.354938365519,3339.9547531306744
8296.6578649804,14.160605831071734,536.499831950292,3339.9547531306744
8297.959229119122,14.160605831071734,536.499831950292,3340.7932698559016
8300.54816474393,14.174979124218225,536.5926881860942,3340.7932698559016
8301.596638031304,14.174979124218225,536.5926881860942,3341.4428594633937
8301.903541726992,14.176809296011925,536.7687978837639,3341.4428594633937
8302.894849577919,14.176809296011925,536.7687978837639,3341.8881324008107
8303.020121632144,14.178466962650418,536.875141793862,3341.8881324008107
8303.995471876115,14.178466962650418,536.875141793862,3342.657415801659
8304.26445635967,14.180059991776943,537.1134169101715,3342.657415801659
8305.714122954756,14.180059991776943,537.1134169101715,3343.623530426994
8307.75454047881,14.185136092826724,537.3280996493995,3343.623530426994
8309.15453010425,14.185136092826724,537.3280996493995,3344.465251773596
8309.310315262526,14.190011693164706,537.4431447889656,3344.465251773596
8310.476982107386,14.190011693164706,537.4431447889656,3344.9183295536786
8310.661005599424,14.191679226234555,537.5961747374386,3344.9183295536786
8311.80414927937,14.191679226234555,537.5961747374386,3345.823526121676
8312.079931506887,14.193344205617905,537.6811782401055,3345.823526121676
8313.243554959074,14.193344205617905,537.6811782401055,3346.4332620557398
8315.03813720122,14.200302878394723,537.7310039848089,3346.4332620557398
8315.79736411944,14.200302878394723,537.7310039848089,3346.998481620103
8316.135816086084,14.20194878615439,538.0368905682117,3346.998481620103
8317.777473229915,14.20194878615439,538.0368905682117,3347.862946268171
8318.039205104113,14.203558325767517,538.263273332268,3347.862946268171
8319.226186672226,14.203558325767517,538.263273332268,3348.5632010661066
8319.378356603906,14.206226482987404,538.3830425664783,3348.5632010661066
8320.324955645949,14.206226482987404,538.3830425664783,3349.2277700733393
8322.042437527329,14.211334705352783,538.6107510421425,3349.2277700733393
8323.923865167424,14.211334705352783,538.6107510421425,3350.4478652421385
8324.166766237468,14.212914852425456,538.8013994861394,3350.4478652421385
8325.413984859362,14.212914852425456,538.8013994861394,3351.153319956735
8325.580203337595,14.214558865875006,538.9398995693773,3351.153319956735
8326.773122442886,14.214558865875006,538.9398995693773,3352.0008731111884
8326.860653543845,14.216172855347395,539.005238186568,3352.0008731111884
8328.571722339839,14.216172855347395,539.005238186568,3353.1190697010607
8329.961942618713,14.228072933852673,539.2591756284237,3353.1190697010607
8331.038610683754,14.228072933852673,539.2591756284237,3353.820668604225
8331.273921657354,14.229863066226244,539.4556741975248,3353.820668604225
8332.67414444685,14.229863066226244,539.4556741975248,3354.6561668999493
8332.765928605571,14.231491755694151,539.5244162362069,3354.6561668999493
8334.211894396693,14.231491755694151,539.5244162362069,3355.6514212545007
8334.420646179467,14.233356909826398,539.6387376021594,3355.6514212545007
8335.419821407646,14.233356909826398,539.6387376021594,3356.2966707032174
8336.91703598015,14.23824723996222,539.9714676849544,3356.2966707032174
8338.31824431941,14.23824723996222,539.9714676849544,3357.2657436728477
8338.477294089273,14.240069502964616,540.0990721732378,3357.2657436728477
8339.433417415246,14.240069502964616,540.0990721732378,3357.9800740778446
8339.756218999624,14.241712952032685,540.3917713370174,3357.9800740778446
8341.225679228082,14.241712952032685,540.3917713370174,3358.982205361128
8341.551575496793,14.243285771459341,540.6764783691615,3358.982205361128
8342.845686132088,14.243285771459341,540.6764783691615,3359.925946490839
8344.286054624245,14.248376263305545,540.7244532126933,3359.925946490839
8344.977225067094,14.248376263305545,540.7244532126933,3360.1993758361787
8345.327683083713,14.250002704560757,541.0553045328707,3360.1993758361787
8347.00028482452,14.250002704560757,541.0553045328707,3361.466830726713
8347.186899075285,14.251654773950577,541.2066382132471,3361.466830726713
8348.723828811198,14.251654773950577,541.2066382132471,3362.56326033175
8348.950849182904,14.253241183236241,541.402350846678,3362.56326033175
8350.140092626214,14.253241183236241,541.402350846678,3363.370487473905
8351.81872846745,14.258251314982772,541.5457542724907,3363.370487473905
8352.903689153492,14.258251314982772,541.5457542724907,3364.027606599033
8353.337197799236,14.260071437805891,541.8129173144698,3364.027606599033
8354.47076500766,14.260071437805891,541.8129173144698,3364.8094672914594
8354.672056524083,14.261697417125106,541.9739396981895,3364.8094672914594
8356.153289452195,14.261697417125106,541.9739396981895,3365.576806191355
8356.296533571556,14.263340396806598,542.09177165851,3365.576806191355
8358.1245401185,14.263340396806598,542.09177165851,3366.003690287471
8361.637126233429,14.279318757355213,542.1423333771527,3366.003690287471
8362.944089762866,14.279318757355213,542.1423333771527,3366.5467729438096
8363.019565494731,14.280973847955465,542.1997332815081,3366.5467729438096
8364.046889776364,14.280973847955465,542.1997332815081,3366.996471721679
8364.370305242017,14.282629197463393,542.4908298887312,3366.996471721679
8365.621611891314,14.282629197463393,542.4908298887312,3367.3608893342316
8365.942029124126,14.284346038475633,542.7195879146457,3367.3608893342316
8367.905432628468,14.284346038475633,542.7195879146457,3368.3376375269145
8370.178424719721,14.30474567040801,542.7688524723053,3368.3376375269145
8370.898430747911,14.30474567040801,542.7688524723053,3368.794096007943
8370.981969695538,14.3064054120332,542.8390129972249,3368.794096007943
8371.950862815604,14.3064054120332,542.8390129972249,3369.4471259117126
8372.191901385784,14.308050081133842,543.0661394223571,3369.4471259117126
8374.041749199852,14.308050081133842,543.0661394223571,3370.940259175375
8374.36456130445,14.309733912348747,543.3278920073062,3370.940259175375
8375.814070668072,14.309733912348747,543.3278920073062,3371.8105433862656
8377.31492723152,14.321638068184257,543.529477018863,3371.8105433862656
8378.579041184857,14.321638068184257,543.529477018863,3372.764186611399
8378.779022959992,14.323492791503668,543.6741196662188,3372.764186611399
8380.177136817947,14.323492791503668,543.6741196662188,3373.6291271243244
8380.58805032447,14.325359545648098,543.9647353347391,3373.6291271243244
8382.034655923024,14.325359545648098,543.9647353347391,3374.6140020061284
8382.33716115728,14.326949264854193,544.2251234538853,3374.6140020061284
8384.510566562414,14.326949264854193,544.2251234538853,3376.0143664274365
8386.236937096342,14.331965062767267,544.337618438527,3376.0143664274365
8387.441269064322,14.331965062767267,544.337618438527,3376.637195993215
8387.561165763065,14.333642091602087,544.4463141821325,3376.637195993215
8388.860676219687,14.333642091602087,544.4463141821325,3377.48747863248
8389.097133968025,14.335309140384197,544.6096554268152,3377.48747863248
8390.680771937594,14.335309140384197,544.6096554268152,3378.4480583723634
8390.949787802994,14.336971089243889,544.8554566726089,3378.4480583723634
8392.561007028446,14.336971089243889,544.8554566726089,3379.6935378778726
8393.701505955309,14.341826478019357,545.1792927160859,3379.6935378778726
8394.943783035502,14.341826478019357,545.1792927160859,3380.4126482326537
8395.099122287706,14.343514129519463,545.3231497891247,3380.4126482326537
8396.384517563507,14.343514129519463,545.3231497891247,3381.314018810168
8396.665767092258,14.34516166895628,545.5703036803752,3381.314018810168
8398.103129696101,14.34516166895628,545.5703036803752,3382.274338139221
8398.29669611156,14.34676156938076,545.7082818970084,3382.274338139221
8399.633289156482,14.34676156938076,545.7082818970084,3382.9687947779894
8401.058476580307,14.351790690794587,545.8191768694669,3382.9687947779894
8402.652860336006,14.351790690794587,545.8191768694669,3384.090669700876
8402.718822196126,14.353413630276918,545.8686252105981,3384.090669700876
8404.363420834765,14.353413630276918,545.8686252105981,3385.160390274599
8404.690780242905,14.365776194259524,546.1664553005248,3385.160390274599
8406.889879196882,14.365776194259524,546.1664553005248,3386.279047967866
8407.028939833865,14.37781741283834,546.227337045595,3386.279047967866
8408.133486144245,14.37781741283834,546.227337045595,3386.8756585065275
8409.371112886816,14.382796851918101,546.3619509339333,3386.8756585065275
8410.214592183009,14.382796851918101,546.3619509339333,3387.474585067481
8410.308232525364,14.384446090087295,546.4408323094249,3387.474585067481
8410.917303191498,14.384446090087295,546.4408323094249,3387.842076683417
8411.015234420076,14.38605429045856,546.5290745738894,3387.842076683417
8412.0815452151,14.38605429045856,546.5290745738894,3388.5029351692647
8412.388783827424,14.387619288638234,546.8209145944566,3388.5029351692647
8413.305264020339,14.387619288638234,546.8209145944566,3388.9565059598535
8414.799084659666,14.392557263374329,546.9070128481835,3388.9565059598535
8416.087876368314,14.392557263374329,546.9070128481835,3389.977177945897
8416.28483348526,14.394183363765478,547.094358984381,3389.977177945897
8417.918190393597,14.394183363765478,547.094358984381,3391.0435132719576
8418.273606739938,14.395844204351306,547.420973578468,3391.0435132719576
8419.509588086978,14.395844204351306,547.420973578468,3392.070153577253
8419.748412847519,14.39748459123075,547.6284926086664,3392.070153577253
8421.45784450695,14.39748459123075,547.6284926086664,3393.210427157581
8423.088042439893,14.402812216430902,547.7333696540445,3393.210427157581
8424.693244695663,14.402812216430902,547.7333696540445,3394.1156937927008
8424.765078231692,14.40440708398819,547.7948815301061,3394.1156937927008
8426.428360471502,14.40440708398819,547.7948815301061,3395.186808215454
8426.561498282477,14.406102193519473,547.904810808599,3395.186808215454
8427.711479017511,14.406102193519473,547.904810808599,3396.0301115065813
8427.87455932051,14.407665940001607,548.0522704981267,3396.0301115065813
8429.138038327917,14.407665940001607,548.0522704981267,3396.9271903187037
8430.844881612808,14.412552641704679,548.3420540727675,3396.9271903187037
8432.354237249121,14.412552641704679,548.3420540727675,3397.74615325965
8432.570141922683,14.414147179573774,548.5349052362144,3397.74615325965
8433.870843328536,14.414147179573774,548.5349052362144,3398.6244610305876
8433.961877061054,14.415747348219156,548.604556709528,3398.6244610305876
8435.014109281823,14.415747348219156,548.604556709528,3399.2065615262836
8435.188203884289,14.417345836758614,548.7534108944237,3399.2065615262836
8436.02530140616,14.417345836758614,548.7534108944237,3399.6228439696133
8437.441163282841,14.422357497736812,548.964874509722,3399.6228439696133
8438.91200205125,14.422357497736812,548.964874509722,3400.4382978174835
8439.11936667934,14.423952395096421,549.1022316664457,3400.4382978174835
8440.448221584782,14.423952395096421,549.1022316664457,3401.3423596955836
8440.768917193636,14.425664516165853,549.2559881415218,3401.3423596955836
8441.739914176986,14.425664516165853,549.2559881415218,3401.924899270758
8441.934475993738,14.427298495545983,549.403711117804,3401.924899270758
8443.497537994757,14.427298495545983,549.403711117804,3402.7814397159964
8445.077635299414,14.432180186733603,549.6754847262055,3402.7814397159964
8446.473396902904,14.432180186733603,549.6754847262055,3403.6556812115014
8446.806300982833,14.433821314945817,549.9644401278347,3403.6556812115014
8448.04180723615,14.433821314945817,549.9644401278347,3404.4738827887923
8448.279965961352,14.435735760256648,550.1703691482544,3404.4738827887923
8449.413682803512,14.435735760256648,550.1703691482544,3405.100768899545
8449.615785416216,14.4374048281461,550.3626294117421,3405.100768899545
8450.925259131938,14.4374048281461,550.3626294117421,3406.0004864875227
8452.655916184187,14.442226337268949,550.4642278198153,3406.0004864875227
8453.722750280052,14.442226337268949,550.4642278198153,3406.8008586131036
8454.008618006483,14.444171633571386,550.705628708005,3406.8008586131036
8455.56147091277,14.444171633571386,550.705628708005,3407.8353783525527
8455.820901539177,14.44582419283688,550.9318127706647,3407.8353783525527
8457.176982712,14.44582419283688,550.9318127706647,3408.8497289884835
8457.456323467195,14.447474071756005,551.1895932741463,3408.8497289884835
8458.371680103242,14.447474071756005,551.1895932741463,3409.556132087484
8459.96386083588,14.464934010058641,551.4233540017158,3409.556132087484
8461.382804034278,14.464934010058641,551.4233540017158,3410.67071647197
8461.685145677999,14.470615083351731,551.7058479562402,3410.67071647197
8463.175379158929,14.470615083351731,551.7058479562402,3411.694539487362
8463.314656192437,14.472257575020194,551.8271706607193,3411.694539487362
8464.615116715431,14.472257575020194,551.8271706607193,3412.269640078768
8464.82938778773,14.473858833312988,552.007220312953,3412.269640078768
8471.063679207116,14.473858833312988,552.007220312953,3413.066224142909
8472.542024753988,14.47926696203649,552.0852165296674,3413.066224142909
8473.747380539775,14.47926696203649,552.0852165296674,3413.799059310928
8473.8423813954,14.480924172326922,552.1545418407768,3413.799059310928
8474.911349253729,14.480924172326922,552.1545418407768,3414.5108611285686
8475.244990976527,14.48252777196467,552.4532599300146,3414.5108611285686
8476.197993716225,14.48252777196467,552.4532599300146,3415.0474571436644
8476.404767936096,14.48857919126749,552.5043871700764,3415.0474571436644
8477.412617310882,14.48857919126749,552.5043871700764,3415.3518577646464
8480.360685169697,14.493507139384747,552.5661855619401,3415.3518577646464
8481.685828953981,14.493507139384747,552.5661855619401,3415.944437377155
8481.765879359096,14.495131248608232,552.6317069139332,3415.944437377155
8482.936116894707,14.495131248608232,552.6317069139332,3416.571278847754
8483.116064177826,14.496713617816567,552.7887034378946,3416.571278847754
8484.27782279253,14.496713617816567,552.7887034378946,3417.42524564825
8484.364968076348,14.498257115483284,552.8584035933018,3417.42524564825
8485.824333287776,14.498257115483284,552.8584035933018,3418.4326916076243
