0.0026421743791121013,3.8066273311265775e-07,3.857749786545432e-05,0.0,0.0,0.0,0.0,300.0,0.07639520842810836,0.0,8.83002690490823,0.0,1.20082402303702e-14,1.20082402303702e-14,0.0,0.0,0.0,1.3102101753537099e-06,0.0,1.3102101750761541e-06,0.0,1.3102101753537099e-06,0.0,1.3102101753537099e-06,0.0,1.6112613120141094e-13,8.673932122339224e-14,1.6112613120141094e-13,8.673932122339224e-14,0.0,0.0,nan,nan,5.612550388461006e-14,nan,5.612550388461006e-14,nan,0.0026421743791121013
0.0,0.0,0.0,0.0,0.0,0.0,0.0,0.0,0.0,0.0,0.0,0.0,0.0,0.0,2.0595638700844666e-14,0.0,0.0,0.0,0.0,0.0,0.0,0.0,0.0,0.0,0.0,1.9553867056901382e-13,1.0526468643692095e-13,1.9553867056901382e-13,1.0526468643692095e-13,0.0,0.0,nan,nan,1.8738051852916472e-14,nan,1.8738051852916472e-14,nan,1.0526468643692095e-13
2.491433852702074e-12,0.0,8.326672684688674e-16,0.0,0.0,0.0,0.0,3.211154741560787e-16,1.959341293816367e-11,0.0,7.683156145932279e-09,0.0,0.0,0.0,0.0,0.0,0.0,1.1102230246251565e-15,0.0,0.0,0.0,0.0,0.0,0.0,0.0,2.1489575018822458e-13,1.156852181431117e-13,2.1489575018822458e-13,1.156852181431117e-13,0.0,0.0,nan,nan,7.504964965724027e-14,nan,7.504964965724027e-14,nan,2.491433852702074e-12
1.6138743289618245e-13,1.6653345369377348e-16,0.0,0.0,0.0,0.0,0.0,0.0,2.411776094004371e-11,0.0,0.0,0.0,0.0,0.0,0.0,0.0,0.0,2.7755575615628914e-16,0.0,0.0,0.0,0.0,0.0,0.0,0.0,1.9228000607191854e-13,1.0351044368027528e-13,1.9228000607191854e-13,1.0351044368027528e-13,0.0,0.0,nan,nan,3.7566581966713845e-14,nan,3.7566581966713845e-14,nan,1.6138743289618245e-13
0.0,0.0,0.0,0.0,0.0,0.0,0.0,0.0,0.0,0.0,0.0,0.0,3.594717748438886e-14,3.594717748438886e-14,0.0,0.0,0.0,3.3306690738754696e-16,0.0,0.0,0.0,0.0,0.0,0.0,0.0,1.7620882305905729e-13,9.485881464139337e-14,1.7620882305905729e-13,9.485881464139337e-14,0.0,0.0,nan,nan,1.8801627237724098e-14,nan,1.8801627237724098e-14,nan,9.485881464139337e-14
0.0,0.0,0.0,0.0,0.0,0.0,0.0,0.0,0.0,0.0,0.0,0.0,0.0,0.0,0.0,0.0,0.0,4.440892098500626e-16,0.0,0.0,0.0,0.0,0.0,0.0,0.0,1.4599745667791524e-13,7.859507509725288e-14,1.4599745667791524e-13,7.859507509725288e-14,0.0,0.0,nan,nan,3.763587749984554e-14,nan,3.763587749984554e-14,nan,7.859507509725288e-14
3.022776400505827e-13,1.1102230246251565e-16,0.0,0.0,0.0,0.0,0.0,0.0,6.708931250074314e-11,0.0,0.0,0.0,0.0,0.0,0.0,0.0,0.0,1.6653345369377348e-16,0.0,0.0,0.0,0.0,0.0,0.0,0.0,1.4754619882372932e-13,7.942881225971001e-14,1.4754619882372932e-13,7.942881225971001e-14,0.0,0.0,nan,nan,3.7665095539551247e-14,nan,3.7665095539551247e-14,nan,3.022776400505827e-13
0.0,0.0,0.0,0.0,0.0,0.0,0.0,0.0,0.0,0.0,0.0,0.0,0.0,0.0,1.1730125660761824e-14,0.0,0.0,5.551115123125783e-16,0.0,0.0,0.0,0.0,0.0,0.0,0.0,1.5540477907890864e-13,8.365933599188863e-14,1.5540477907890864e-13,8.365933599188863e-14,0.0,0.0,nan,nan,0.0,nan,0.0,nan,8.365933599188863e-14
1.4167678177460154e-12,2.7755575615628914e-16,0.0,0.0,0.0,0.0,0.0,100.0,0.0,0.0,0.0,0.0,1.1957079735588676e-14,1.1957079735588676e-14,0.0,0.0,0.0,1.1102230246251565e-16,0.0,0.0,0.0,0.0,0.0,0.0,0.0,1.4072850008798113e-13,7.575862815980067e-14,1.4072850008798113e-13,7.575862815980067e-14,0.0,0.0,nan,nan,1.8857508377403207e-14,nan,1.8857508377403207e-14,nan,1.4167678177460154e-12
4.2076636516584393e-13,1.6653345369377348e-16,0.0,0.0,0.0,0.0,0.0,0.0,2.1760854790166485e-10,0.0,0.0,0.0,1.1950833192256177e-14,1.1950833192256177e-14,0.0,0.0,0.0,2.220446049250313e-16,0.0,0.0,0.0,0.0,0.0,0.0,0.0,1.3838964391490235e-13,7.449954748300192e-14,1.3838964391490235e-13,7.449954748300192e-14,0.0,0.0,nan,nan,0.0,nan,0.0,nan,4.2076636516584393e-13
1.136394186649203e-12,0.0,7.611305586242616e-16,0.0,0.0,0.0,0.0,66.66666666666666,2.0134616269748772e-10,0.0,1.2716275075846607e-08,0.0,1.592615840345666e-14,1.592615840345666e-14,1.6062717407059254e-14,0.0,0.0,3.885780586188048e-16,0.0,0.0,0.0,0.0,0.0,0.0,0.0,1.4290171981525728e-13,7.692854146893995e-14,1.4290171981525728e-13,7.692854146893995e-14,0.0,0.0,nan,nan,9.438899617994837e-14,nan,9.438899617994837e-14,nan,1.136394186649203e-12
4.316289461900215e-13,0.0,1.1389935954777104e-15,0.0,0.0,0.0,0.0,6.452871692661685e-16,0.0,0.0,8.563870222330554e-09,0.0,0.0,0.0,0.0,0.0,0.0,1.1102230246251565e-16,0.0,0.0,0.0,0.0,0.0,0.0,0.0,1.5120455106357959e-13,8.139821964231626e-14,1.5120455106357959e-13,8.139821964231626e-14,0.0,0.0,nan,nan,0.0,nan,0.0,nan,4.316289461900215e-13
0.0,1.6653345369377348e-16,0.0,0.0,0.0,0.0,0.0,0.0,1.3368989125267646e-10,0.0,0.0,0.0,1.1932285495167839e-14,1.1932285495167839e-14,1.9747399003349553e-14,0.0,0.0,5.551115123125783e-17,0.0,0.0,0.0,0.0,0.0,0.0,0.0,1.7318855598496673e-13,9.323290880095368e-14,1.7318855598496673e-13,9.323290880095368e-14,0.0,0.0,nan,nan,0.0,nan,0.0,nan,9.323290880095368e-14
0.0,0.0,0.0,0.0,0.0,0.0,0.0,0.0,0.0,0.0,0.0,0.0,2.3852332178369917e-14,2.3852332178369917e-14,0.0,0.0,0.0,1.1102230246251565e-16,0.0,0.0,0.0,0.0,0.0,0.0,0.0,1.416011778047465e-13,7.622841833454352e-14,1.416011778047465e-13,7.622841833454352e-14,0.0,0.0,nan,nan,5.670423362413956e-14,nan,5.670423362413956e-14,nan,7.622841833454352e-14
0.0,0.0,0.0,0.0,0.0,0.0,0.0,0.0,0.0,0.0,0.0,0.0,0.0,0.0,0.0,0.0,0.0,4.996003610813204e-16,0.0,0.0,0.0,0.0,0.0,0.0,0.0,1.0679144700636331e-13,5.748923295099502e-14,1.0679144700636331e-13,5.748923295099502e-14,0.0,0.0,nan,nan,5.672341381391103e-14,nan,5.672341381391103e-14,nan,5.748923295099502e-14
5.145296775071755e-12,5.162537064506978e-15,3.6955587428207345e-15,0.0,0.0,0.0,0.0,49.999999999999986,5.923875059004178e-09,0.0,5.9238666553261e-09,0.0,1.191402057077428e-14,1.191402057077428e-14,1.3445323450382847e-14,0.0,0.0,9.270362255620057e-15,0.0,0.0,0.0,0.0,0.0,0.0,0.0,2.5184982680066803e-12,1.3557877308984064e-12,2.5184982680066803e-12,1.3557877308984064e-12,0.0,0.0,nan,nan,1.8913576667403275e-14,nan,1.8913576667403275e-14,nan,5.145296775071755e-12
0.0,0.0,0.0,0.0,0.0,0.0,0.0,0.0,0.0,0.0,0.0,0.0,0.0,0.0,0.0,0.0,0.0,3.1086244689504383e-15,0.0,0.0,0.0,0.0,0.0,0.0,0.0,3.445263676806658e-12,1.854695030789654e-12,3.445263676806658e-12,1.854695030789654e-12,0.0,0.0,nan,nan,0.0,nan,0.0,nan,1.854695030789654e-12
0.0,4.9404924595819466e-15,0.0,0.0,0.0,0.0,0.0,0.0,6.785054406266937e-09,0.0,0.0,0.0,0.0,0.0,0.0,0.0,0.0,1.9984014443252818e-15,0.0,0.0,0.0,0.0,0.0,0.0,0.0,5.256846689906776e-12,2.8299277930535713e-12,5.256846689906776e-12,2.8299277930535713e-12,0.0,0.0,nan,nan,3.78469819304562e-14,nan,3.78469819304562e-14,nan,2.8299277930535713e-12
1.306085300050672e-11,5.9396931817445875e-15,2.052156492198881e-14,0.0,0.0,0.0,0.0,100.0,9.132666365226145e-09,0.0,5.1416683129772526e-08,0.0,1.1896031994239371e-14,1.1896031994239371e-14,0.0,0.0,0.0,1.3877787807814457e-14,0.0,0.0,0.0,0.0,0.0,0.0,0.0,4.151764827046186e-12,2.235027073709201e-12,4.151764827046186e-12,2.235027073709201e-12,0.0,0.0,nan,nan,1.8927736325732815e-14,nan,1.8927736325732815e-14,nan,1.306085300050672e-11
6.920435968698158e-12,0.0,1.1027175270972323e-14,0.0,0.0,0.0,0.0,3.239553193336013e-16,0.0,0.0,1.1517885518815045e-07,0.0,0.0,0.0,0.0,0.0,0.0,2.3314683517128287e-15,0.0,0.0,0.0,0.0,0.0,0.0,0.0,2.9556141027238606e-12,1.5911010893467235e-12,2.9556141027238606e-12,1.5911010893467235e-12,0.0,0.0,nan,nan,0.0,nan,0.0,nan,6.920435968698158e-12
0.0,0.0,0.0,0.0,0.0,0.0,0.0,0.0,0.0,0.0,0.0,0.0,1.188419005147462e-14,1.188419005147462e-14,1.1249925084750913e-14,0.0,0.0,1.7763568394002505e-15,0.0,0.0,0.0,0.0,0.0,0.0,0.0,3.0334650137731436e-12,1.6330107111958586e-12,3.0334650137731436e-12,1.6330107111958586e-12,0.0,0.0,nan,nan,5.6805075666964045e-14,nan,5.6805075666964045e-14,nan,1.6330107111958586e-12
3.6049342230698157e-12,1.0547118733938987e-15,2.6927200104409418e-15,0.0,0.0,0.0,0.0,200.0,2.150017819977382e-09,0.0,6.793020493765298e-08,0.0,2.3756627068230075e-14,2.3756627068230075e-14,0.0,0.0,0.0,8.382183835919932e-15,0.0,0.0,0.0,0.0,0.0,0.0,0.0,2.615751737462299e-12,1.408142367131507e-12,2.615751737462299e-12,1.408142367131507e-12,0.0,0.0,nan,nan,1.8938144979493777e-14,nan,1.8938144979493777e-14,nan,3.6049342230698157e-12
5.69355647711024e-13,5.551115123125783e-17,5.085257766256917e-15,0.0,0.0,0.0,0.0,50.0,1.0536829675508592e-10,0.0,2.2702594027803428e-07,0.0,2.3744932713032194e-14,2.3744932713032194e-14,0.0,0.0,0.0,4.773959005888173e-15,0.0,0.0,0.0,0.0,0.0,0.0,0.0,2.0908547034240318e-12,1.1255735967756357e-12,2.0908547034240318e-12,1.1255735967756357e-12,0.0,0.0,nan,nan,0.0,nan,0.0,nan,1.1255735967756357e-12
0.0,0.0,0.0,0.0,0.0,0.0,0.0,0.0,0.0,0.0,0.0,0.0,1.1866648299259406e-14,1.1866648299259406e-14,0.0,0.0,0.0,1.27675647831893e-15,0.0,0.0,0.0,0.0,0.0,0.0,0.0,1.8274880614000457e-12,9.837949557021045e-13,1.8274880614000457e-12,9.837949557021045e-13,0.0,0.0,nan,nan,1.3260449380170975e-13,nan,1.3260449380170975e-13,nan,9.837949557021045e-13
4.230164681903891e-13,1.6653345369377348e-16,3.457769959779852e-15,0.0,0.0,0.0,0.0,50.0,2.573493080402975e-10,0.0,1.0973958702964304e-07,0.0,3.558257743533424e-14,3.558257743533424e-14,0.0,0.0,0.0,2.9976021664879227e-15,0.0,0.0,0.0,0.0,0.0,0.0,0.0,1.2713014894709772e-12,6.843820317818966e-13,1.2713014894709772e-12,6.843820317818966e-13,0.0,0.0,nan,nan,9.472894927656463e-14,nan,9.472894927656463e-14,nan,6.843820317818966e-13
2.7741145101685607e-12,1.3322676295501878e-15,1.6476622377199301e-15,0.0,0.0,0.0,0.0,100.0,3.4235471628537677e-09,0.0,2.0239183779182024e-08,0.0,1.1855098678996256e-14,1.1855098678996256e-14,0.0,0.0,0.0,4.107825191113079e-15,0.0,0.0,0.0,0.0,0.0,0.0,0.0,1.2450386977753537e-12,6.702439355948164e-13,1.2450386977753537e-12,6.702439355948164e-13,0.0,0.0,nan,nan,1.8947856157199482e-14,nan,1.8947856157199482e-14,nan,2.7741145101685607e-12
1.0957488128429827e-12,1.7208456881689926e-15,3.040470972244059e-16,0.0,0.0,0.0,0.0,66.66666666666667,5.3135287509241295e-09,0.0,1.9782668152497333e-09,0.0,1.579915558395867e-14,1.579915558395867e-14,0.0,0.0,0.0,3.3306690738754696e-16,0.0,0.0,0.0,0.0,0.0,0.0,0.0,8.355710067322449e-13,4.4981445237150033e-13,8.355710067322449e-13,4.4981445237150033e-13,0.0,0.0,nan,nan,1.8949719883634797e-14,nan,1.8949719883634797e-14,nan,1.0957488128429827e-12
5.541624960155847e-13,5.551115123125783e-16,1.7589240639276204e-15,0.0,0.0,0.0,0.0,300.0,1.6599630176666953e-09,0.0,1.8773451148459311e-07,0.0,2.3687325922378627e-14,2.3687325922378627e-14,0.0,0.0,0.0,8.326672684688674e-16,0.0,0.0,0.0,0.0,0.0,0.0,0.0,6.908596019780909e-13,3.719116999340149e-13,6.908596019780909e-13,3.719116999340149e-13,0.0,0.0,nan,nan,5.685420237031384e-14,nan,5.685420237031384e-14,nan,5.541624960155847e-13
4.2200460163416255e-13,2.220446049250313e-16,0.0,0.0,0.0,0.0,0.0,9.76143949418404e-16,7.076556942778492e-10,0.0,0.0,0.0,0.0,0.0,0.0,0.0,0.0,1.6653345369377348e-15,0.0,0.0,0.0,0.0,0.0,0.0,0.0,5.725391586628863e-13,3.0821604153351296e-13,5.725391586628863e-13,3.0821604153351296e-13,0.0,0.0,nan,nan,1.8952916723870763e-14,nan,1.8952916723870763e-14,nan,4.2200460163416255e-13
0.0,9.992007221626409e-16,0.0,0.0,0.0,0.0,0.0,0.0,5.640261428792061e-09,0.0,0.0,0.0,5.916169733689364e-14,5.916169733689364e-14,1.4256621005783423e-14,0.0,0.0,1.3322676295501878e-15,0.0,0.0,0.0,0.0,0.0,0.0,0.0,4.872108050531643e-13,2.62281074497231e-13,4.872108050531643e-13,2.62281074497231e-13,0.0,0.0,nan,nan,1.7058855424722904e-13,nan,1.7058855424722904e-13,nan,2.62281074497231e-13
2.081838409957656e-12,5.551115123125783e-17,0.0,0.0,0.0,0.0,0.0,0.0,7.146953962418584e-10,0.0,0.0,0.0,0.0,0.0,0.0,0.0,0.0,3.885780586188048e-16,0.0,0.0,0.0,0.0,0.0,0.0,0.0,3.7264162459827784e-13,2.0060484022181114e-13,3.7264162459827784e-13,2.0060484022181114e-13,0.0,0.0,nan,nan,5.686654977628539e-14,nan,5.686654977628539e-14,nan,2.081838409957656e-12
0.0,3.3306690738754696e-16,0.0,0.0,0.0,0.0,0.0,0.0,8.904709707755026e-10,0.0,0.0,0.0,1.1821126551956275e-14,1.1821126551956275e-14,0.0,0.0,0.0,3.3306690738754696e-16,0.0,0.0,0.0,0.0,0.0,0.0,0.0,3.594623481484797e-13,1.9351001647714589e-13,3.594623481484797e-13,1.9351001647714589e-13,0.0,0.0,nan,nan,7.582651291619185e-14,nan,7.582651291619185e-14,nan,1.9351001647714589e-13
1.9355389796058154e-12,0.0,0.0,0.0,0.0,0.0,0.0,0.0,0.0,0.0,0.0,0.0,1.1815561055673361e-14,1.1815561055673361e-14,1.9451434972114337e-14,0.0,0.0,1.2212453270876722e-15,0.0,0.0,0.0,0.0,0.0,0.0,0.0,2.973216236167237e-13,1.6005768777017595e-13,2.973216236167237e-13,1.6005768777017595e-13,0.0,0.0,nan,nan,9.478815291424613e-14,nan,9.478815291424613e-14,nan,1.9355389796058154e-12
5.396826380118638e-13,0.0,7.216449660063518e-16,0.0,0.0,0.0,0.0,300.0,0.0,0.0,1.733884696554866e-07,0.0,1.1810022601364669e-14,1.1810022601364669e-14,0.0,0.0,0.0,8.326672684688674e-16,0.0,0.0,0.0,0.0,0.0,0.0,0.0,2.573904153847841e-13,1.3856144817035325e-13,2.573904153847841e-13,1.3856144817035325e-13,0.0,0.0,nan,nan,1.1375120619019877e-13,nan,1.1375120619019877e-13,nan,5.396826380118638e-13
4.3426185736321054e-13,7.216449660063518e-16,1.0948510389028343e-15,0.0,0.0,0.0,0.0,300.0,3.6367889921190176e-09,0.0,7.47060143927282e-07,0.0,1.1804510992215965e-14,1.1804510992215965e-14,0.0,0.0,0.0,5.551115123125783e-17,0.0,0.0,0.0,0.0,0.0,0.0,0.0,1.9325786209320597e-13,1.0403685468205622e-13,1.9325786209320597e-13,1.0403685468205622e-13,0.0,0.0,nan,nan,1.8959349243096755e-14,nan,1.8959349243096755e-14,nan,4.3426185736321054e-13
2.3802286663506662e-06,1.9423709988810323e-09,3.982165589457112e-13,0.0,0.0,0.0,0.0,0.0008559508190696375,0.015720294658315374,0.0,5.0657481466985265e-05,0.0,1.7447680574742146e-14,1.7447680574742146e-14,0.0,0.0,0.0,8.88256135311849e-12,0.0,8.882339308513565e-12,0.0,4.446054635565133e-12,0.0,4.446054635565133e-12,0.0,2.415658267180466e-13,1.300425687121358e-13,2.415658267180466e-13,1.300425687121358e-13,0.0,0.0,nan,nan,9.459758300404371e-15,nan,9.459758300404371e-15,nan,2.3802286663506662e-06
8.50975409362336e-06,5.158589472989298e-10,1.5138035356599681e-12,4.099970336955835e-19,4.333451958874809e-18,0.0,0.0,0.003195266334507181,0.00443956258979052,5.1981358909444275e-05,0.0002157758876357392,7.072787825186184e-05,1.7141316556917765e-14,1.7141316556917765e-14,2.7948918521617404e-14,0.0,3.882513038895887e-14,3.375161261587323e-11,5.955835551187386e-12,3.3751501593570765e-11,0.0,1.689570705565302e-11,0.0,1.689570705565302e-11,0.0,2.447897873356157e-13,1.3177812926650473e-13,2.447897873356157e-13,1.3177812926650473e-13,1.0587911840678754e-22,9.926167350636332e-23,2.329507823337538e-13,2.1839135843789418e-13,3.784023298969709e-14,5.823870616657133e-14,3.784023298969709e-14,1.4559676541642833e-14,8.50975409362336e-06
8.061492931983532e-06,5.673706551906927e-10,1.4700717899971882e-12,7.28210106622283e-19,4.553682509155461e-18,0.0,0.0,0.0030531745253144405,0.005498958459117259,5.664909266629796e-05,0.000234599251646883,0.00015520644939561327,1.6864690050774197e-14,1.6864690050774197e-14,0.0,1.9155750777322548e-14,0.0,3.277955684666267e-11,9.271389632940624e-12,3.277939031320898e-11,0.0,1.6408652214749964e-11,0.0,1.6408652214749964e-11,0.0,2.2284123296653264e-13,1.1996252426785185e-13,2.2284123296653264e-13,1.1996252426785185e-13,5.293955920339377e-23,2.6469779601696886e-23,5.743991893162156e-14,2.871995946581078e-14,2.8380985925203646e-14,7.180151449119483e-15,2.8380985925203646e-14,7.180151449119483e-15,8.061492931983532e-06
7.404067628691352e-06,5.240381560600654e-10,1.3833592999612898e-12,6.872878273580596e-19,4.326130669467489e-18,0.0,0.0,0.00282926659860755,0.005687730700700733,5.4276080125758804e-05,0.0002473218502137673,0.00010500044614614186,3.322950400041656e-14,3.322950400041656e-14,1.2065149285690387e-14,0.0,1.2260567491250174e-14,3.0831670549957835e-11,8.712501994779582e-12,3.0831615038806603e-11,0.0,1.5434098443734e-11,0.0,1.5434098443734e-11,0.0,2.183713546064836e-13,1.175562465601605e-13,2.183713546064836e-13,1.175562465601605e-13,7.940933880509066e-23,2.6469779601696886e-23,5.666370381093166e-14,1.8887901270310552e-14,9.460572393287282e-15,3.3054615118699803e-14,9.460572393287282e-15,2.833252724459983e-14,7.404067628691352e-06
6.792991489281114e-06,4.82909008932508e-10,1.299365920860709e-12,6.474243392779041e-19,4.096745532468499e-18,0.0,0.0,0.0026205078333911827,0.00587668889502397,5.180984783720561e-05,0.000260593898028184,9.746938016090995e-05,1.6389004024586595e-14,1.6389004024586595e-14,0.0,0.0,1.1946193965833492e-14,2.8950286612428044e-11,8.168250372327442e-12,2.895006456782312e-11,0.0,1.4491907673885862e-11,0.0,1.4491907673885862e-11,0.0,2.1250424302286218e-13,1.1439779376234287e-13,2.1250424302286218e-13,1.1439779376234287e-13,2.6469779601696886e-23,2.6469779601696886e-23,1.3977046940030645e-14,1.3977046940030645e-14,9.46079212490581e-15,9.698759648913293e-32,9.46079212490581e-15,9.698759648913293e-32,6.792991489281114e-06
6.227576986078466e-06,4.4455778755217564e-10,1.2185387518753746e-12,6.093343264310623e-19,3.872325400244484e-18,0.0,0.0,0.0024266058868580684,0.006074469866589598,4.9327308548567485e-05,0.0002746033663735088,9.137609816649379e-05,3.237055075846649e-14,3.237055075846649e-14,2.0527114039867983e-14,1.7463083852010785e-14,0.0,2.7146618286622015e-11,7.649772959641241e-12,2.714639624201709e-11,0.0,1.3589018799109454e-11,0.0,1.3589018799109454e-11,0.0,2.0174535617226438e-13,1.086059427313279e-13,2.0174535617226438e-13,1.086059427313279e-13,1.5881867761018131e-22,5.293955920339377e-23,6.620706445277862e-14,2.2069021484259537e-14,9.460990201475667e-15,2.4828252097461675e-14,9.460990201475667e-15,2.4828252097461675e-14,6.227576986078466e-06
5.705495698474764e-06,4.089823748442569e-10,1.141235869926691e-12,5.732295470543478e-19,3.654935876151819e-18,0.0,0.0,0.002246708112467994,0.006285101687298582,4.685683622562001e-05,0.0002894503775232781,8.603382907323512e-05,3.2003340361700116e-14,3.2003340361700116e-14,1.7126712337241947e-14,0.0,1.1363452796768433e-14,2.5420165972178665e-11,7.158102708047068e-12,2.541994392757374e-11,0.0,1.2724710174438769e-11,0.0,1.2724710174438769e-11,0.0,1.9757236619542018e-13,1.063594894843115e-13,1.9757236619542018e-13,1.063594894843115e-13,1.0587911840678754e-22,1.0587911840678754e-22,3.630401802605508e-14,3.630401802605508e-14,1.8922337510842384e-14,9.076223864847778e-15,1.8922337510842384e-14,6.8071678986358324e-15,5.705495698474764e-06
5.224148868709331e-06,3.760844440506592e-10,1.067367318815737e-12,5.391364709273622e-19,3.4457889212167986e-18,0.0,0.0,0.0020799067902594636,0.006512342414911232,4.4417920944016304e-05,0.00030535669457449726,8.133830650568947e-05,1.5836528598718226e-14,1.5836528598718226e-14,1.2377460342332395e-14,1.661029437836845e-14,0.0,2.3779422875236378e-11,6.690490404745792e-12,2.3779256341782684e-11,0.0,1.1903811270030928e-11,0.0,1.1903811270030928e-11,0.0,2.1468797597418714e-13,1.1557336667441329e-13,2.1468797682122008e-13,1.1557336713039806e-13,0.0,0.0,0.0,0.0,3.784531883805911e-14,1.7279730492945754e-14,3.784531883805911e-14,1.7279730492945754e-14,5.224148868709331e-06
4.780925039982112e-06,3.4572845205719733e-10,9.973716286443459e-13,5.067904002540886e-19,3.245104962275231e-18,0.0,0.0,0.0019253209826812928,0.006760217066109858,4.2025893934193215e-05,0.0003224366989695153,7.720245220298038e-05,3.1376788148260007e-14,3.1376788148260007e-14,1.3571933294737943e-14,1.6213633721626862e-14,2.166984021709326e-14,2.2219781570242958e-11,6.246877297351482e-12,2.2219615036789264e-11,0.0,1.1122547327602206e-11,0.0,1.1122547327602206e-11,0.0,2.2061308274896291e-13,1.1876304012845245e-13,2.206130831724794e-13,1.1876304035644484e-13,2.6469779601696886e-22,1.5881867761018131e-22,6.634674180394582e-14,3.9808045082367487e-14,1.892294959485822e-14,2.8198034482816268e-14,1.892294959485822e-14,2.6539326572062366e-14,4.780925039982112e-06
4.373272402883025e-06,3.1777525508923906e-10,9.314024491919813e-13,4.766677910673575e-19,3.053555683071404e-18,0.0,0.0,0.0017821177109585346,0.007033867202517801,3.9695463919044624e-05,0.0003410230701517513,7.35522179948407e-05,4.666795722224601e-14,4.666795722224601e-14,0.0,0.0,0.0,2.0741353079500868e-11,5.827659837583271e-12,2.0741186546047174e-11,0.0,1.0382861237445695e-11,0.0,1.0382861237445695e-11,0.0,2.0837066049288283e-13,1.1217255479752255e-13,2.0837066006936635e-13,1.1217255456953016e-13,5.293955920339377e-23,5.293955920339377e-23,1.1647539116692665e-14,1.1647539116692665e-14,9.461605582281497e-15,1.1647812531927672e-14,9.461605582281497e-15,1.1647812531927672e-14,4.373272402883025e-06
3.9987333196068176e-06,2.920804397212167e-10,8.686974925725287e-13,4.48503945571152e-19,2.8712101701860417e-18,0.0,0.0,0.0016495116240691607,0.007339380266898137,3.743835393441966e-05,0.00036130460488115884,7.032443280088356e-05,1.5438175199104225e-14,1.5438175199104225e-14,1.4046143116331973e-14,0.0,2.0706736207444652e-14,1.934469251452242e-11,5.433085042960141e-12,1.9344525981068728e-11,0.0,9.683809309990465e-12,0.0,9.683809309990465e-12,0.0,1.9725294214662032e-13,1.0618753335798938e-13,1.9725294214662032e-13,1.0618753335798938e-13,2.117582368135751e-22,2.117582368135751e-22,4.141347241490701e-14,4.141347241490701e-14,0.0,1.1647809417740776e-14,0.0,1.4236211510572063e-14,3.9987333196068176e-06
3.654960569326664e-06,2.685048980448135e-10,8.094805645874296e-13,4.217165286142348e-19,2.6991567670911362e-18,0.0,0.0,0.0015267701218342471,0.007684687539018659,3.526510045868815e-05,0.0003837756535168514,6.746509341364862e-05,3.066793380867484e-14,3.066793380867484e-14,0.0,0.0,2.0256589768152365e-14,1.8027801473863292e-11,5.057427493240598e-12,1.8027523918107136e-11,0.0,9.024281322211891e-12,0.0,9.024281322211891e-12,0.0,2.0901573503041615e-13,1.1251981894084631e-13,2.090157358774491e-13,1.1251981939683111e-13,2.117582368135751e-22,2.117582368135751e-22,3.7189481880348565e-14,3.7189481880348565e-14,0.0,4.648791868986666e-15,0.0,6.97318780348e-15,3.654960569326664e-06
3.3397268333199068e-06,2.4691081444621663e-10,7.53731507085843e-13,3.9641141931501256e-19,2.5367284023548727e-18,0.0,0.0,0.001413207947512727,0.008079829673993297,3.318478121552049e-05,0.00040888598933669265,6.49278656626977e-05,4.572744466451187e-14,4.572744466451187e-14,0.0,1.479582947124429e-14,0.0,1.6787349288449605e-11,4.7087861042140696e-12,1.678712724384468e-11,0.0,8.40327807338781e-12,0.0,8.40327807338781e-12,0.0,2.461127031589454e-13,1.3249029693605114e-13,2.4611270231191245e-13,1.3249029648006636e-13,1.0587911840678754e-22,0.0,1.6839815590398656e-14,0.0,9.461925531473957e-15,1.473517273922452e-14,9.461925531473957e-15,1.473517273922452e-14,3.3397268333199068e-06
3.0509238838309866e-06,2.2716598590577792e-10,7.01442190789166e-13,3.7343565062073966e-19,2.38345660269486e-18,0.0,0.0,0.001308185301924868,0.008538005402415012,3.1204026763220554e-05,0.00043724735738231665,6.267291190934628e-05,1.5162941975637374e-14,1.5162941975637374e-14,0.0,1.447833273046641e-14,0.0,1.5620116311509946e-11,4.378623381981871e-12,1.561989426690502e-11,0.0,7.81896769552759e-12,0.0,7.81896769552759e-12,0.0,1.9357927085435217e-13,1.0420987924216826e-13,1.935792710661104e-13,1.0420987935616446e-13,2.117582368135751e-22,2.117582368135751e-22,3.0718784483584084e-14,3.0718784483584084e-14,1.8924023753335348e-14,3.83993413412853e-15,1.8924023753335348e-14,3.83993413412853e-15,3.0509238838309866e-06
2.7865614062823103e-06,2.091457494430927e-10,6.523202915414601e-13,3.5141279399212785e-19,2.240311985057721e-18,0.0,0.0,0.0012111033671084002,0.009076998687373003,2.9328086155911155e-05,0.0004697962035721951,6.066588359815445e-05,4.5283983257437095e-14,4.5283983257437095e-14,1.1484993875040864e-14,1.4173813785544546e-14,0.0,1.4526879699161555e-11,4.071479103548714e-12,1.4526768676859092e-11,0.0,7.271905300143544e-12,0.0,7.271905300143544e-12,0.0,2.271626944865334e-13,1.2228890446941717e-13,2.2716269363950046e-13,1.222889040134324e-13,8.470329472543003e-22,4.235164736271502e-22,1.1275600892797798e-13,5.637800446398899e-14,9.462089707832413e-15,4.404629229375458e-14,9.462089707832413e-15,4.404629229375458e-14,2.7865614062823103e-06
2.5447854486353873e-06,1.9273108870111355e-10,6.066047540623994e-13,3.316133988500586e-19,2.1060028469581393e-18,0.0,0.0,0.0011214087945460016,0.009720914142149806,2.756089760070347e-05,0.0005076709109581555,5.887705443147681e-05,3.007406322501275e-14,3.007406322501275e-14,0.0,1.3881496055175733e-14,1.863606258670014e-14,1.3502643447793616e-11,3.783972749334704e-12,1.3502476914339923e-11,0.0,6.7591487962204155e-12,0.0,6.7591487962204155e-12,0.0,2.297151425887533e-13,1.2366296847601404e-13,2.297151430122698e-13,1.2366296870400643e-13,5.293955920339377e-22,2.117582368135751e-22,6.500952065130454e-14,2.600380826052182e-14,9.462159864243151e-15,3.900656759518602e-14,9.462159864243151e-15,3.73812939453866e-14,2.5447854486353873e-06
2.3238365332286243e-06,1.7780632908110043e-10,5.636659643768045e-13,3.1340219048409113e-19,1.981268583956761e-18,0.0,0.0,0.0010385804318379908,0.010503637358889003,2.5904266924783872e-05,0.0005526071890726459,5.728067053233974e-05,1.4989517277136933e-14,1.4989517277136933e-14,1.3519439840462183e-14,0.0,0.0,1.2544520977542106e-11,3.5137712031668648e-12,1.2544465466390875e-11,0.0,6.27919938267496e-12,0.0,6.27919938267496e-12,0.0,1.6879954682500736e-13,9.087016555611395e-14,1.6879954661324912e-13,9.087016544211775e-14,1.0587911840678754e-22,1.0587911840678754e-22,1.2049178396577877e-14,1.2049178396577877e-14,2.8386669307474028e-14,3.162977944953788e-14,2.8386669307474028e-14,3.162977944953788e-14,2.3238365332286243e-06
2.122086530060649e-06,1.6426490162200372e-10,5.2361855823635e-13,2.950851029997169e-19,1.866323716659706e-18,0.0,0.0,0.0009621338531318792,0.011474413362898683,2.435962639938182e-05,0.0006070291514221149,5.585431836569706e-05,1.495164522461098e-14,1.495164522461098e-14,1.4628254636526575e-14,0.0,1.7919290948750126e-14,1.1649625708542999e-11,3.26234772845303e-12,1.1649514686240536e-11,0.0,5.831057858785016e-12,0.0,5.831057858785016e-12,0.0,1.7914203307282833e-13,9.643785489698417e-14,1.7914203307282833e-13,9.643785489698417e-14,5.293955920339377e-22,1.0587911840678754e-22,5.605767489316915e-14,1.1211534978633829e-14,1.892456020924313e-14,6.446771038411606e-14,1.892456020924313e-14,6.306623841924398e-14,2.122086530060649e-06
1.938013513028779e-06,1.5200718183729656e-10,4.858133144275513e-13,2.803679055411734e-19,1.759011003022998e-18,0.0,0.0,0.0008916200825651701,0.012707131947381337,2.2926170798589536e-05,0.0006746165138412965,5.457847944274555e-05,2.984599902097275e-14,2.984599902097275e-14,1.5797559551182463e-14,0.0,1.7581191119528418e-14,1.0817069462376594e-11,3.0286277195240317e-12,1.08169029289229e-11,0.0,5.414002579584576e-12,0.0,5.414002579584576e-12,0.0,2.148046786053254e-13,1.1563619141305695e-13,2.1480467839356716e-13,1.1563619129906074e-13,4.235164736271502e-22,2.117582368135751e-22,4.187879232967799e-14,2.0939396164838994e-14,2.838699445640756e-14,1.8322361189081265e-14,2.838699445640756e-14,1.701362110414689e-14,1.938013513028779e-06
1.7701950389890793e-06,1.409353154755672e-10,4.51209682609639e-13,2.668153783851046e-19,1.6608619546254308e-18,0.0,0.0,0.0008266173483411754,0.0143182269215564,2.160246951797066e-05,0.0007612799986385132,5.343608615319286e-05,1.490321549018229e-14,1.490321549018229e-14,1.7026155932095395e-14,0.0,0.0,1.0042466858095622e-11,2.8130844232747627e-12,1.0042300324641928e-11,0.0,5.026534743990396e-12,0.0,5.026534743990396e-12,0.0,2.1281872038270646e-13,1.1456708692864733e-13,2.1281872027682735e-13,1.1456708687164924e-13,4.235164736271502e-22,0.0,3.923381597201372e-14,0.0,1.892475559855462e-14,5.76258807454404e-14,1.892475559855462e-14,5.76258807454404e-14,1.7701950389890793e-06
1.617322456993534e-06,1.3096168986268374e-10,4.18911028958275e-13,2.532628512290358e-19,1.571057291391115e-18,0.0,0.0,0.0007667371166895099,0.016502595142117472,2.038651893509623e-05,0.0008764472480798839,5.241219520979577e-05,4.4675924942156995e-14,4.4675924942156995e-14,0.0,1.2579673701471273e-14,3.388375015763656e-14,9.322875804684827e-12,2.610570754769927e-12,9.322820293533596e-12,0.0,4.666989017465539e-12,0.0,4.666989017465539e-12,0.0,1.9970260630131926e-13,1.0750626549608665e-13,1.9970260619544015e-13,1.0750626543908855e-13,4.235164736271502e-22,4.235164736271502e-22,3.6862541380298316e-14,3.6862541380298316e-14,3.7849678182653105e-14,1.612769838468769e-14,3.7849678182653105e-14,1.382374147258945e-14,1.617322456993534e-06
1.4781647533434998e-06,1.2199955726674911e-10,3.8860425106925873e-13,2.414043899674756e-19,1.4891396316455784e-18,0.0,0.0,0.0007116128970176698,0.01961237429208291,1.9274592168707674e-05,0.0010378498381425332,5.1493682635372955e-05,4.4667006269687445e-14,4.4667006269687445e-14,1.9653199371208415e-14,0.0,1.6639341595267946e-14,8.652967231626008e-12,2.4226799915209075e-12,8.652800698172314e-12,0.0,4.331479619423817e-12,0.0,4.331479619423817e-12,0.0,2.1452155316665364e-13,1.1548377598322193e-13,2.1452155284901628e-13,1.1548377581222766e-13,4.235164736271502e-22,6.352747104407253e-22,3.472558245970094e-14,5.208837368955141e-14,9.462457174998645e-15,2.278913485048767e-14,9.462457174998645e-15,2.3874331748129937e-14,1.4781647533434998e-06
1.3515972890242748e-06,1.1397516303439742e-10,3.6100168401077854e-13,2.2996944517954254e-19,1.4158893838624604e-18,0.0,0.0,0.0006609093488048596,0.024358134596685985,1.826388037823509e-05,0.0012804990931351056,5.0669015724057716e-05,5.957623848282316e-14,5.957623848282316e-14,0.0,0.0,0.0,8.033795850792558e-12,2.2503683828132776e-12,8.033684828490095e-12,0.0,4.0215608620997045e-12,0.0,4.0215608620997045e-12,0.0,2.3564471343891935e-13,1.2685504508383734e-13,2.3564471290952376e-13,1.2685504479884683e-13,0.0,2.117582368135751e-22,0.0,1.6395362979506754e-14,1.8924982186520253e-14,2.2544086463337882e-14,1.8924982186520253e-14,2.2544086463337882e-14,1.3515972890242748e-06
1.236567885243227e-06,1.068121219521498e-10,3.350512146256907e-13,2.208638409965588e-19,1.349035475159392e-18,0.0,0.0,0.0006143100090064026,0.032413135000921564,1.7349820712809727e-05,0.0016876096140559698,4.992801290245267e-05,1.490694597886873e-14,1.490694597886873e-14,1.1243482963191072e-14,1.1906576767112215e-14,0.0,7.461253836993365e-12,2.0892362848173026e-12,7.460976281237208e-12,0.0,3.734679232536564e-12,0.0,3.734679232536564e-12,0.0,1.7184929142734804e-13,9.251194008768817e-14,1.7184929142734804e-13,9.251194008768817e-14,4.235164736271502e-22,4.235164736271502e-22,3.103137155973219e-14,3.103137155973219e-14,0.0,3.879000358561449e-15,0.0,3.879000358561449e-15,1.236567885243227e-06
1.1321115587643822e-06,1.004433126092872e-10,3.11335621678729e-13,2.1260526976082939e-19,1.2893380587833342e-18,0.0,0.0,0.0005715233054820173,0.04889261436362501,1.6528028277673157e-05,0.0025132195755386906,4.926169479979381e-05,1.4927492517662835e-14,1.4927492517662835e-14,0.0,0.0,1.5793273378559394e-14,6.931621943095934e-12,1.9418917639885056e-12,6.931510920793471e-12,0.0,3.4697245077097705e-12,0.0,3.4697245077097705e-12,0.0,1.801432425203905e-13,9.697683779100025e-14,1.8014324262626962e-13,9.697683784799834e-14,4.235164736271502e-22,0.0,2.9425361979008925e-14,0.0,1.8925098448609836e-14,2.6667272607356343e-14,1.8925098448609836e-14,2.5747711482964744e-14,1.1321115587643822e-06
1.037337469222097e-06,9.480750249346919e-11,2.894107768471583e-13,2.064642808932357e-19,1.235769603212134e-18,0.0,0.0,0.0005322788303924046,0.10054739511019878,1.579429234114785e-05,0.005086207916671858,4.866210963318116e-05,2.991112254082644e-14,2.991112254082644e-14,1.8550596886302778e-14,1.1495342956210583e-14,1.55300521555834e-14,6.443900968378102e-12,1.8053281079534715e-12,6.443678923773177e-12,0.0,3.225919531502086e-12,0.0,3.225919531502086e-12,0.0,1.913211618267278e-13,1.0299426732232906e-13,1.913211619326069e-13,1.0299426737932717e-13,8.470329472543003e-22,4.235164736271502e-22,5.590818776011651e-14,2.7954093880058254e-14,3.785029625727989e-14,3.406973455837697e-14,3.785029625727989e-14,3.319615162098269e-14,1.037337469222097e-06
9.514194885395312e-07,8.984259167138616e-11,2.6944448358197934e-13,1.9926450084157415e-19,1.1905416541006829e-18,0.0,0.0,0.0004963228982867673,1.7594358306900344,1.514261671408247e-05,0.08721894549214562,4.812220841171365e-05,1.499104302511918e-14,1.499104302511918e-14,1.3526818355085163e-14,0.0,0.0,5.994760243765995e-12,1.6811117871053423e-12,5.99453819916107e-12,0.0,3.0012103913179544e-12,0.0,3.0012103913179544e-12,0.0,1.9201907114656427e-13,1.0336997410963712e-13,1.9201907104068515e-13,1.0336997405263902e-13,4.235164736271502e-22,4.235164736271502e-22,2.6601833985780816e-14,2.6601833985780816e-14,1.8925192908969568e-14,4.156619253435206e-15,1.8925192908969568e-14,4.156619253435206e-15,9.514194885395312e-07
8.735966808678811e-07,8.549574938352293e-11,2.508390886199191e-13,1.9354702844760763e-19,1.1497849108986145e-18,0.0,0.0,0.00046342270987858485,0.09109634388211045,1.4569412032959515e-05,0.004416767222892555,4.76357413607414e-05,3.0067711404889063e-14,3.0067711404889063e-14,1.8598705676243154e-14,1.111071598392739e-14,1.5029082731209734e-14,5.580536033278349e-12,1.5652906314743829e-12,5.580313988673424e-12,0.0,2.7934876634105876e-12,0.0,2.7934876634105876e-12,0.0,1.963449120762973e-13,1.0569871188676982e-13,1.9634491175865993e-13,1.0569871171577552e-13,6.352747104407253e-22,8.470329472543003e-22,3.8032780789194317e-14,5.071037438559242e-14,9.462616636407537e-15,7.923652562041299e-15,9.462616636407537e-15,8.716017818245429e-15,8.735966808678811e-07
8.031777148261896e-07,8.171586606905834e-11,2.3385304375943053e-13,1.895236219481497e-19,1.1163412975385243e-18,0.0,0.0,0.0004333609109726426,0.04725029989022284,1.4069199456029077e-05,0.002230204710160609,4.719714189240519e-05,1.50839430138475e-14,1.50839430138475e-14,0.0,0.0,2.958105172492074e-14,5.201561403822552e-12,1.459181573744887e-12,5.201339359217627e-12,0.0,2.603417481594761e-12,0.0,2.603417481594761e-12,0.0,2.0007218437571462e-13,1.0770522112978289e-13,2.0007218437571462e-13,1.0770522112978289e-13,8.470329472543003e-22,0.0,4.8405357368065164e-14,0.0,9.462634827873022e-15,4.4624564830149243e-14,9.462634827873022e-15,4.311186771726283e-14,8.031777148261896e-07
7.395212820536105e-07,7.845701910743204e-11,2.1834043829512013e-13,1.8550021544869177e-19,1.0885953708507013e-18,0.0,0.0,0.00040593762867764677,0.0322498642326051,1.3638031378460355e-05,0.0014781052697541383,4.680146560519944e-05,1.5141273361215057e-14,1.5141273361215057e-14,1.4312624159070468e-14,0.0,1.4559423895859423e-14,4.854006085963647e-12,1.3607799427389203e-12,4.853950574812416e-12,0.0,2.42994513399708e-12,0.0,2.42994513399708e-12,0.0,1.9256029319293314e-13,1.0366133115342831e-13,1.925602929811749e-13,1.036613310394321e-13,6.352747104407253e-22,4.235164736271502e-22,3.4701633782140236e-14,2.313442252142683e-14,1.8925302450381922e-14,1.5182260961876354e-14,1.8925302450381922e-14,1.590522576958475e-14,7.395212820536105e-07
6.82029903397461e-07,7.567461886506895e-11,2.0373249700950082e-13,1.8295911660692887e-19,1.0655045374421748e-18,0.0,0.0,0.000380965631069678,0.024756278053931255,1.3270485805213703e-05,0.0010976008913436304,4.644430463717207e-05,1.5205838970541135e-14,1.5205838970541135e-14,1.675900896421279e-14,2.115655977708087e-14,1.433543275900004e-14,4.535760655954846e-12,1.273818297541598e-12,4.535649633652383e-12,0.0,2.270794663417064e-12,0.0,2.270794663417064e-12,0.0,1.94738684904626e-13,1.0483402870630028e-13,1.94738684904626e-13,1.0483402870630028e-13,8.470329472543003e-22,4.235164736271502e-22,4.428371307731832e-14,2.214185653865916e-14,9.462666005312923e-15,2.836980384667377e-14,9.462666005312923e-15,2.836980384667377e-14,6.82029903397461e-07
6.301709419027783e-07,7.332940900636153e-11,1.9067915610618305e-13,1.8168856718604742e-19,1.0470746029235192e-18,0.0,0.0,0.00035827429549180334,0.020318155059211765,1.296233634302085e-05,0.0008685439574974037,4.612172053981534e-05,3.0555310469280507e-14,3.0555310469280507e-14,0.0,0.0,4.235468769704557e-14,4.246270002283836e-12,1.1943312676680449e-12,4.246158979981374e-12,0.0,2.1253554471911684e-12,0.0,2.1253554471911684e-12,0.0,2.208038182308335e-13,1.1886571910562383e-13,2.2080381844259175e-13,1.1886571921962003e-13,0.0,0.0,0.0,0.0,2.838803798322245e-14,1.7902634921551197e-14,2.838803798322245e-14,1.989181657950133e-14,6.301709419027783e-07
5.834460884854198e-07,7.138445715387301e-11,1.7912226251985048e-13,1.8084153423879312e-19,1.0342589214132236e-18,0.0,0.0,0.0003377031781656609,0.017426697915983752,1.2709479419071789e-05,0.000716822431714001,4.583019204944669e-05,3.07135205084239e-14,3.07135205084239e-14,0.0,0.0,0.0,3.982203455876743e-12,1.120948490970754e-12,3.9821479447255115e-12,0.0,1.99390504107555e-12,0.0,1.99390504107555e-12,0.0,1.7553645279732435e-13,9.44968563414574e-14,1.7553645290320346e-13,9.449685639845547e-14,8.470329472543003e-22,0.0,4.070984545639343e-14,0.0,0.0,3.6894004960801836e-14,0.0,3.6894004960801836e-14,5.834460884854198e-07
5.414020410192862e-07,6.980478476500111e-11,1.6826228430033492e-13,1.7745340244977592e-19,1.0276424023472017e-18,0.0,0.0,0.0003191056427008557,0.015426822994113184,1.2507014446667923e-05,0.0006086199567210555,4.5566577468835205e-05,0.0,0.0,1.9231670675188238e-14,0.0,0.0,3.741951193347859e-12,1.0515138067525694e-12,3.741784659894165e-12,0.0,1.8730572648451016e-12,0.0,1.8730572648451016e-12,0.0,2.058078808082388e-13,1.1079292897145996e-13,2.0580788070235968e-13,1.1079292891446185e-13,4.235164736271502e-22,0.0,1.954831739864103e-14,0.0,1.892540432085299e-14,2.8712138925850576e-14,1.892540432085299e-14,2.8712138925850576e-14,5.414020410192862e-07
5.036172502747789e-07,6.855934830471437e-11,1.583798519187411e-13,1.7745340244977592e-19,1.0253493813620663e-18,0.0,0.0,0.00030234511063646926,0.013990655617095735,1.2352057614333471e-05,0.0005286443065479002,4.532806747065496e-05,1.5537101056783392e-14,1.5537101056783392e-14,2.005288673589078e-14,0.0,2.7008786357536287e-14,3.5234037909503968e-12,9.912707060001415e-13,3.5231817463454718e-12,0.0,1.7636447857682924e-12,0.0,1.7636447857682924e-12,0.0,2.0711322470456905e-13,1.1149563711374053e-13,2.071132244928108e-13,1.1149563699974432e-13,2.117582368135751e-21,8.470329472543003e-22,9.396334077329897e-14,3.758533630931959e-14,9.462711917092002e-15,7.223568941466336e-14,9.462711917092002e-15,7.341025347018634e-14,5.036172502747789e-07
4.69713008516914e-07,6.761654652926405e-11,1.4944112267150209e-13,1.7999450129153882e-19,1.0248255509149075e-18,0.0,0.0,0.00028729569239101444,0.012933556667517578,1.2240012367999284e-05,0.0004667613176893393,4.511213604534762e-05,1.563852503836501e-14,1.563852503836501e-14,0.0,1.9585128184344946e-14,0.0,3.3261726706257377e-12,9.38972015797533e-13,3.3259506260208127e-12,0.0,1.6651124923328098e-12,0.0,1.6651124923328098e-12,0.0,2.06579939380077e-13,1.1120855265980249e-13,2.0657993948595612e-13,1.1120855271680058e-13,0.0,0.0,0.0,0.0,1.892544142307428e-14,9.041926252222564e-15,1.892544142307428e-14,9.041926252222564e-15,4.69713008516914e-07
4.393444905590005e-07,6.6954868564984e-11,1.4152930255853757e-13,1.8168856718604742e-19,1.0278033591145777e-18,0.0,0.0,0.0002738450053155187,0.012146023131107879,1.2168051686280663e-05,0.00041832852258747344,4.4916526281234956e-05,3.1495229030049825e-14,3.1495229030049825e-14,1.2490184978578566e-14,0.0,0.0,3.148148408627094e-12,8.885980808357906e-13,3.147926364022169e-12,0.0,1.5754064719430971e-12,0.0,1.5754064719430971e-12,0.0,2.1409091791360234e-13,1.1525195132803146e-13,2.1409091780772322e-13,1.1525195127103334e-13,1.2705494208814505e-21,4.235164736271502e-22,5.2250642766460136e-14,1.741688092215338e-14,3.7850914554683346e-14,5.769450305548249e-14,3.7850914554683346e-14,5.769450305548249e-14,4.393444905590005e-07
3.343469047645326e-07,3.5464093310686605e-11,1.077227037056535e-13,1.0926725019580474e-19,5.360796247624041e-19,0.0,0.0,0.0002086804077022503,0.0059992701412424874,7.2943993517362875e-06,0.00030158515686288064,4.468036694062527e-05,3.153349467740209e-14,3.153349467740209e-14,0.0,1.9016341611406326e-14,1.2941710129652983e-14,2.396804976712019e-12,6.71484038045523e-13,2.3966384432583254e-12,0.0,1.1995404669562504e-12,0.0,1.1995404669562504e-12,0.0,1.9540741194695826e-13,1.0519402574534216e-13,1.9540741226459562e-13,1.0519402591633645e-13,1.2705494208814505e-21,4.235164736271502e-22,5.036773672082167e-14,1.6789245573607223e-14,9.462735783907251e-15,1.8888254937920516e-14,9.462735783907251e-15,1.9412928686196085e-14,3.343469047645326e-07
3.0079826081369223e-07,3.1730214207040914e-11,9.7057973873509e-14,1.0079692072326174e-19,4.752857070997034e-19,0.0,0.0,0.00018810635084719006,0.005122235710346423,6.730667446295308e-06,0.00025904483185513935,4.363273250857488e-05,3.157254172012666e-14,3.157254172012666e-14,0.0,1.1889289034715387e-14,1.2941710129652983e-14,2.157107825695448e-12,6.071002200563277e-13,2.1569968033929854e-12,0.0,1.079525357994271e-12,0.0,1.079525357994271e-12,0.0,1.8835810233425879e-13,1.0139915814284556e-13,1.8835810265189614e-13,1.0139915831383983e-13,1.2705494208814505e-21,1.6940658945086007e-21,4.8615815443575453e-14,6.48210872581006e-14,1.8925484448768533e-14,1.1141332165594009e-14,1.8925484448768533e-14,1.164775635493919e-14,3.0079826081369223e-07
2.7284039458261885e-07,2.9319768816736013e-11,8.823570391039183e-14,9.613823951336309e-20,4.36916955695642e-19,0.0,0.0,0.00017096504262780802,0.004552339009240393,6.371596538547301e-06,0.00022602236320937844,4.333464058047347e-05,1.5806150147505005e-14,1.5806150147505005e-14,1.1861219559853181e-14,1.1901464055050075e-14,1.2941710129652983e-14,1.957767281624001e-12,5.512543667091662e-13,1.9577117704727698e-12,0.0,3.347599939002103e-21,0.0,0.0,0.0,2.0154401379413766e-13,1.0849755372449708e-13,2.0154401379413766e-13,1.0849755372449708e-13,4.235164736271502e-22,0.0,1.566055679554943e-14,0.0,9.462748029609541e-15,3.4258104556196596e-15,9.462748029609541e-15,2.936408961959708e-15,2.7284039458261885e-07
2.4767470995359433e-07,2.715712111803729e-11,8.005452869407749e-14,9.063252535621014e-20,4.019959969006049e-19,0.0,0.0,0.00015550794195296277,0.0040775898927763055,6.0480451688766654e-06,0.00020449034110423334,4.321125522653208e-05,3.165270255566941e-14,3.165270255566941e-14,0.0,1.191172708213217e-14,1.2941710129652983e-14,1.7790213746593508e-12,5.014722549812557e-13,1.778854841205657e-12,0.0,3.047333376645354e-21,0.0,0.0,0.0,1.9242727034248955e-13,1.0358972072158801e-13,1.9242727055424778e-13,1.0358972083558419e-13,1.2705494208814505e-21,0.0,4.545381118708225e-14,0.0,0.0,5.681831605010349e-14,0.0,5.729180201718768e-14,2.4767470995359433e-07
2.249944685871174e-07,2.521024550347996e-11,7.258755388411142e-14,8.639736061993863e-20,3.7090377519007204e-19,0.0,0.0,0.00014155648260209076,0.0036777245129227926,5.756409161883794e-06,0.00017502770746335552,4.310290482618013e-05,3.169368714248095e-14,3.169368714248095e-14,2.035306643809881e-14,0.0,1.2941710129652983e-14,1.6176504580300843e-12,4.561094593714419e-13,1.6174839245763906e-12,0.0,2.7735365938903018e-21,0.0,0.0,0.0,2.0840483263579244e-13,1.1219095074906374e-13,2.0840483284755068e-13,1.1219095086305994e-13,4.235164736271502e-22,0.0,1.4674065028900496e-14,0.0,1.8925515957536394e-14,1.192289787195209e-14,1.8925515957536394e-14,1.238147086702717e-14,2.249944685871174e-07
2.0455303331828794e-07,2.3453388123328566e-11,6.601204892474626e-14,8.089164646278568e-20,3.436943946621877e-19,0.0,0.0,0.0001289588113204543,0.0033369519481502093,5.492050519409917e-06,0.00021933329331085937,4.300507008635073e-05,3.1735198681577235e-14,3.1735198681577235e-14,0.0,1.881263486697066e-14,1.2941710129652983e-14,1.4716561302918763e-12,4.1515721092863177e-13,1.4714895968381825e-12,0.0,2.5262095907369465e-21,0.0,0.0,0.0,1.8842496888497136e-13,1.0143515453411356e-13,1.884249690967296e-13,1.0143515464810975e-13,8.470329472543003e-22,4.235164736271502e-22,2.8452003949165715e-14,1.4226001974582858e-14,9.462762230091427e-15,2.222853702258224e-15,9.462762230091427e-15,2.6674244427098684e-15,2.0455303331828794e-07
1.861231998526932e-07,2.1867279781419198e-11,6.014066442139745e-14,7.835054762102278e-20,3.1635278073968273e-19,0.0,0.0,0.00011758167034538589,0.0030448355189273855,5.252844561155381e-06,0.0003043655596887853,4.291668789156668e-05,1.588859358504697e-14,1.588859358504697e-14,1.9384475989104576e-14,1.1932504235972131e-14,1.2941710129652983e-14,1.3394285680590201e-12,3.779275017908892e-13,1.339206523454095e-12,0.0,2.301216464122523e-21,0.0,0.0,0.0,2.1358222105161577e-13,1.1497810362561693e-13,2.1358222094573665e-13,1.1497810356861884e-13,4.235164736271502e-22,8.470329472543003e-22,1.380449080496553e-14,2.760898160993106e-14,9.462766062100442e-15,1.639313351712738e-14,9.462766062100442e-15,1.68245317675781e-14,1.861231998526932e-07
1.6950679943693366e-07,2.0437278977393547e-11,5.490271753812774e-14,7.453889935837843e-20,2.9476194908510254e-19,0.0,0.0,0.0001073071885617992,0.0027930755330764535,5.037086062423319e-06,0.00018234208542805644,4.283681946696319e-05,1.5909803720153183e-14,1.5909803720153183e-14,1.3266922467736182e-14,0.0,1.2941710129652983e-14,1.2209122601802846e-12,3.442771750510848e-13,1.2207457267265909e-12,0.0,2.097730033434478e-21,0.0,0.0,0.0,1.89880574741798e-13,1.0221875346955015e-13,1.89880574741798e-13,1.0221875346955015e-13,4.235164736271502e-22,4.235164736271502e-22,1.3407239271009625e-14,1.3407239271009625e-14,0.0,4.60882279684588e-15,0.0,5.027806687468232e-15,1.6950679943693366e-07
1.5452605219316742e-07,1.914607355651067e-11,5.004779001610802e-14,7.284483346386983e-20,2.736621811678702e-19,0.0,0.0,9.802749908107282e-05,0.0025745206412862375,4.963923012547655e-06,0.00024632513739437554,4.2764605364176626e-05,4.7793628025959665e-14,4.7793628025959665e-14,1.8674615869316453e-14,1.8774387012705073e-14,1.2941710129652983e-14,1.1143308498162696e-12,3.1447043197491624e-13,1.1141088052113446e-12,0.0,1.917404659897918e-21,0.0,0.0,0.0,2.0296216229433597e-13,1.092609881733454e-13,2.029621624002151e-13,1.092609882303435e-13,8.470329472543003e-22,1.2705494208814505e-21,2.6064423198186444e-14,3.909663479727966e-14,9.462772629536496e-15,1.995593803683858e-14,9.462772629536496e-15,1.9548673995270446e-14,1.5452605219316742e-07
1.4101747766207466e-07,1.797796267297391e-11,4.562223063387259e-14,6.903318520122548e-20,2.544367690988709e-19,0.0,0.0,8.964523202940909e-05,0.002383615855360728,4.95641822800731e-06,0.000254761658303024,4.269928191560783e-05,4.7858376037265404e-14,4.7858376037265404e-14,1.8391292326484773e-14,1.8761624844791255e-14,1.2941710129652983e-14,1.017075312859106e-12,2.8660157147202916e-13,1.0170198017078746e-12,0.0,1.7486598149371005e-21,0.0,0.0,0.0,1.954066658657696e-13,1.0519362410610518e-13,1.9540666565401137e-13,1.0519362399210899e-13,4.235164736271502e-22,1.2705494208814505e-21,1.267759359639676e-14,3.803278078919028e-14,1.8925550871693213e-14,1.545109832982716e-14,1.8925550871693213e-14,1.5847280338284266e-14,1.4101747766207466e-07
1.2883504424956606e-07,1.6924704432448783e-11,4.185717492426997e-14,6.818615225397118e-20,2.376250630301506e-19,0.0,0.0,8.207404345785383e-05,0.0022168013349836337,4.94962822412412e-06,0.0004044044492378715,4.264016690103547e-05,3.194907013464922e-14,3.194907013464922e-14,0.0,1.8748857366858606e-14,1.2941710129652983e-14,9.295342273674123e-13,2.6283446248654943e-13,9.294232050649498e-13,0.0,1.6047303883528737e-21,0.0,0.0,0.0,2.2524038151084702e-13,1.212540622459817e-13,2.2524038129908878e-13,1.2125406213198552e-13,2.117582368135751e-21,8.470329472543003e-22,6.170881651226211e-14,2.4683526604904842e-14,1.8925555930747996e-14,3.008359410137304e-14,1.8925555930747996e-14,3.046928120523679e-14,1.2883504424956606e-07
1.178501675854797e-07,1.5973150525217635e-11,3.815675990844373e-14,6.522153693858113e-20,2.2343769472448157e-19,0.0,0.0,7.523481425025304e-05,0.00207041695138189,4.943481519559349e-06,0.00023290769562355244,4.258664012169249e-05,3.199284689046947e-14,3.199284689046947e-14,1.7933391412089815e-14,0.0,1.2941710129652983e-14,8.514300375850326e-13,2.4153619455788477e-13,8.512635041313388e-13,0.0,1.4756902127946014e-21,0.0,0.0,0.0,1.739293691418054e-13,9.363171208848775e-14,1.739293691418054e-13,9.363171208848775e-14,8.470329472543003e-22,8.470329472543003e-22,2.4046532369939485e-14,2.4046532369939485e-14,3.785112098167762e-14,5.4105677657034414e-14,3.785112098167762e-14,5.3729943784416115e-14,1.178501675854797e-07
1.0794416668159293e-07,1.511340576761927e-11,3.504824801535101e-14,6.522153693858113e-20,2.0666928103693268e-19,0.0,0.0,6.905727016860034e-05,0.0019411610545924185,4.937914484362754e-06,0.0005553196168296927,4.2538146144804664e-05,3.2036887061930434e-14,3.2036887061930434e-14,1.7748665732594203e-14,1.1941335758377911e-14,1.2941710129652983e-14,7.810418978237976e-13,2.2080764811983985e-13,7.808198532188726e-13,0.0,1.3499587596865412e-21,0.0,0.0,0.0,1.759682583408017e-13,9.472931100121174e-14,1.7596825865843905e-13,9.472931117220603e-14,0.0,4.235164736271502e-22,0.0,1.1720794079687449e-14,9.462782300590611e-15,4.3953772039288726e-15,9.462782300590611e-15,4.761658637589612e-15,1.0794416668159293e-07
9.901013586173229e-08,1.4335934269805164e-11,3.2061426407905724e-14,6.225692162319107e-20,1.956480850387915e-19,0.0,0.0,6.347726410772423e-05,0.0018268888520699955,4.932869407182137e-06,0.00029570897515611276,4.24941849980602e-05,0.0,0.0,1.4480401133435095e-14,2.3879588843423827e-14,1.2941710129652983e-14,7.160383397319947e-13,2.024054227085265e-13,7.159273174295322e-13,0.0,1.2382893769918824e-21,0.0,0.0,0.0,2.236219613444902e-13,1.2038281518861464e-13,2.236219613444902e-13,1.2038281518861464e-13,8.470329472543003e-22,8.470329472543003e-22,2.2866334462212255e-14,2.2866334462212255e-14,1.8925568306136458e-14,9.646908807599932e-15,1.8925568306136458e-14,9.289615888799935e-15,9.901013586173229e-08
9.095191875968286e-08,1.3633476488962332e-11,2.9352856469122314e-14,6.013933925505532e-20,1.8555567749932656e-19,0.0,0.0,5.843569948905304e-05,0.0017259591019601992,4.928294178067578e-06,0.0004785860047388594,4.24543076969567e-05,1.6062830772615708e-14,1.6062830772615708e-14,0.0,0.0,1.2941710129652983e-14,6.588618539637991e-13,1.868653193630716e-13,6.586398093588741e-13,0.0,1.1439907871608373e-21,0.0,0.0,0.0,1.766974429482057e-13,9.512185427068176e-14,1.766974429482057e-13,9.512185427068176e-14,1.6940658945086007e-21,4.235164736271502e-22,4.463727565677345e-14,1.1159318914193363e-14,9.462785822845118e-15,2.7550064378299018e-14,9.462785822845118e-15,2.7550064378299018e-14,9.095191875968286e-08
8.368385439741223e-08,1.2998293970271766e-11,2.7299241872556676e-14,5.759824041329242e-20,1.7507156494949181e-19,0.0,0.0,5.388145208460568e-05,0.001636076867277167,4.9241424581117445e-06,0.000532677156337985,4.241810575513334e-05,6.434070695581218e-14,6.434070695581218e-14,0.0,1.1934830446332765e-14,1.2941710129652983e-14,6.066813718064168e-13,1.7148108829166762e-13,6.066258606551855e-13,0.0,1.0505193779423451e-21,0.0,0.0,0.0,1.9906604018510664e-13,1.071635817066115e-13,1.9906604018510664e-13,1.071635817066115e-13,8.470329472543003e-22,0.0,2.1796564428892245e-14,0.0,9.462787327941985e-15,1.839118159251409e-14,9.462787327941985e-15,1.8050604155615683e-14,8.368385439741223e-08
7.713028291586833e-08,1.2424188958538787e-11,2.513435570366035e-14,5.844527336054672e-20,1.6388838625875283e-19,0.0,0.0,4.9767837871121916e-05,0.0015561799504163365,4.920371980931283e-06,0.00046763870843412314,4.238521567456586e-05,1.6107611817142393e-14,1.6107611817142393e-14,1.7221683159941626e-14,1.1931528130450113e-14,1.2941710129652983e-14,5.597744490160039e-13,1.5841138422499258e-13,5.595524044110789e-13,0.0,9.711100391372545e-22,0.0,0.0,0.0,1.9039885585530522e-13,1.0249776067943259e-13,1.9039885606706346e-13,1.0249776079342878e-13,0.0,0.0,0.0,0.0,9.462788684602187e-15,1.26461263630681e-14,9.462788684602187e-15,1.2978919162096206e-14,7.713028291586833e-08
7.121680067386549e-08,1.1900405126085832e-11,2.3322876580834102e-14,5.759824041329242e-20,1.5728797812128812e-19,0.0,0.0,4.604926982432604e-05,0.0014843872534124713,4.916996525639078e-06,0.000720072249002857,4.221372160154298e-05,3.2260255404336297e-14,3.2260255404336297e-14,1.5053181453400836e-14,1.8659378406367197e-14,1.2941710129652983e-14,5.169198402654729e-13,1.4589860321776632e-13,5.166422845093166e-13,0.0,8.95009422782376e-22,0.0,0.0,0.0,1.9823665110335378e-13,1.0671709518110292e-13,1.9823665110335378e-13,1.0671709518110292e-13,2.541098841762901e-21,0.0,6.246724889397578e-14,0.0,0.0,5.661195764883486e-14,0.0,5.628660157039328e-14,7.121680067386549e-08
6.586993097366182e-08,1.1417876451599404e-11,2.1318305820791937e-14,5.505714157152952e-20,1.4863132292591229e-19,0.0,0.0,4.2684375696574294e-05,0.0014193281300628239,4.914414526781755e-06,0.0008191076634620638,4.201499866559002e-05,3.230543337472033e-14,3.230543337472033e-14,0.0,1.8646585141451824e-14,1.2941710129652983e-14,4.784506124622112e-13,1.352891496994047e-13,4.782285678572862e-13,0.0,8.304893350032398e-22,0.0,0.0,0.0,2.019971565949504e-13,1.0874149490861129e-13,2.0199715638319216e-13,1.087414947946151e-13,0.0,8.470329472543003e-22,0.0,2.0367281515522097e-14,2.8388373029493987e-14,2.3868334564674948e-14,2.8388373029493987e-14,2.418657902553728e-14,6.586993097366182e-08
6.110107234586008e-08,1.1011300563489838e-11,2.0285889260200288e-14,5.336307567702092e-20,1.429841164093087e-19,0.0,0.0,3.967877156233508e-05,0.0013648817302620755,4.912125472614097e-06,0.0008360455973537208,4.201727183548786e-05,1.6175372436093403e-14,1.6175372436093403e-14,1.69831003975296e-14,1.1918946238370131e-14,1.2941710129652983e-14,4.444777879086814e-13,1.260405484009546e-13,4.442557433037564e-13,0.0,7.742410533496339e-22,0.0,0.0,0.0,2.0294882249329558e-13,1.0925380693410717e-13,2.0294882270505382e-13,1.0925380704810335e-13,8.470329472543003e-22,0.0,1.9931617739788954e-14,0.0,3.785116801387983e-14,1.2768920445620611e-14,3.785116801387983e-14,1.2457483361581086e-14,6.110107234586008e-08
5.675293062730436e-08,1.0624979644962567e-11,1.8532080041348676e-14,5.505714157152952e-20,1.357037612747883e-19,0.0,0.0,3.693592959901769e-05,0.0013140296436128592,4.910029153850503e-06,0.000948646518325246,4.202035153131914e-05,3.2396177716342557e-14,3.2396177716342557e-14,0.0,1.1914001500700045e-14,1.2941710129652983e-14,4.1167069753100805e-13,1.1720808530449248e-13,4.1155967522854553e-13,0.0,7.204743135336871e-22,0.0,0.0,0.0,1.8653454024366904e-13,1.004174766621154e-13,1.8653454024366904e-13,1.004174766621154e-13,8.470329472543003e-22,0.0,1.951420166146872e-14,0.0,3.785117159647603e-14,2.7137420167902063e-14,3.785117159647603e-14,2.7137420167902063e-14,5.675293062730436e-08
5.283197345299452e-08,1.0276418631010104e-11,1.7301856102855203e-14,5.251604272976662e-20,1.299102171013779e-19,0.0,0.0,3.445822275708007e-05,0.0012685055830681704,4.908109759277079e-06,0.0013723326257955822,4.202343651886682e-05,1.6220860439574516e-14,1.6220860439574516e-14,3.09700692590863e-14,1.8608195712641255e-14,1.2941710129652983e-14,3.8452574457892297e-13,1.1013569568504185e-13,3.843592111252292e-13,0.0,6.774609216809297e-22,0.0,0.0,0.0,1.855846847841439e-13,9.990613925342586e-14,1.855846847841439e-13,9.990613925342586e-14,1.6940658945086007e-21,0.0,3.822782069067198e-14,0.0,1.8925587412887552e-14,1.433568780194923e-14,1.8925587412887552e-14,1.4037027639408624e-14,5.283197345299452e-08
4.929144594285135e-08,9.958827720696906e-12,1.624277533175175e-14,5.082197683525802e-20,1.2557496139452425e-19,0.0,0.0,3.221864160123543e-05,0.0012274244244193564,4.906349655324668e-06,0.0008609044396889179,4.20246439243332e-05,1.624368219659001e-14,1.624368219659001e-14,0.0,1.859539669735054e-14,1.2941710129652983e-14,3.5899061501254437e-13,1.017289726580058e-13,3.588240815588506e-13,0.0,8.470329472543003e-22,0.0,0.0,0.0,1.8728100064729686e-13,1.0081932004223429e-13,1.8728100054141774e-13,1.0081931998523619e-13,8.470329472543003e-22,0.0,1.8729711142414616e-14,0.0,9.462794434156283e-15,3.4533518463306065e-14,9.462794434156283e-15,3.482617539943578e-14,4.929144594285135e-08
4.609929876004404e-08,9.6727166586689e-12,1.4949720907442652e-14,5.590417451878382e-20,1.1734564829059147e-19,0.0,0.0,3.0196432373899877e-05,0.0011907310428532479,4.90473327677769e-06,0.0017059851231804079,4.202205932020137e-05,3.253309924234682e-14,3.253309924234682e-14,0.0,0.0,1.2941710129652983e-14,3.3717473257866004e-13,9.54822757876374e-14,3.3700819912496627e-13,0.0,8.470329472543003e-22,0.0,0.0,0.0,2.2032050365595847e-13,1.1860553549577037e-13,2.2032050344420024e-13,1.1860553538177416e-13,2.541098841762901e-21,8.470329472543003e-22,5.5081958384342384e-14,1.8360652794780795e-14,0.0,5.59436066257725e-14,0.0,5.565671633538393e-14,4.609929876004404e-08
4.3209463365058943e-08,9.410276614456207e-12,1.4302284101125302e-14,4.912791094074942e-20,1.1881800730839398e-19,0.0,0.0,2.8366721652055146e-05,0.0011575924060674792,4.903246470347844e-06,0.001649918369067116,4.2026222950070014e-05,1.6289458635959214e-14,1.6289458635959214e-14,1.5739152693742795e-14,1.8569795880587984e-14,1.2941710129652983e-14,3.149702720861569e-13,8.978079793692382e-14,3.1480373863246314e-13,0.0,8.470329472543003e-22,0.0,0.0,0.0,2.095157994987448e-13,1.1278901955115919e-13,2.0951579960462392e-13,1.1278901960815729e-13,1.6940658945086007e-21,8.470329472543003e-22,3.601171514338639e-14,1.8005857571693195e-14,2.8388387044142573e-14,2.9260037089862723e-14,2.8388387044142573e-14,2.954138360034217e-14,4.3209463365058943e-08
4.060712745649772e-08,9.174212577859988e-12,1.3148762707405758e-14,5.251604272976662e-20,1.10347518648764e-19,0.0,0.0,2.67151741240192e-05,0.0011278905325815105,4.901876063567905e-06,0.0019781149573911663,4.202589267415232e-05,3.262481110326252e-14,3.262481110326252e-14,1.674270081872691e-14,0.0,1.2941710129652983e-14,2.9687363678476686e-13,8.462344178722542e-14,2.9665159217984183e-13,0.0,2.541098841762901e-21,0.0,0.0,0.0,1.9554751990986422e-13,1.0526945031859734e-13,1.9554752022750158e-13,1.0526945048959163e-13,5.082197683525802e-21,3.3881317890172014e-21,1.0598708580115131e-13,7.065805720076754e-14,0.0,3.0637434292419237e-14,0.0,3.036142137086591e-14,4.060712745649772e-08
3.825498120926936e-08,8.958796020750584e-12,1.2564541661733784e-14,4.997494388800372e-20,1.0979498254693118e-19,0.0,0.0,2.5222437802935716e-05,0.001101046553626267,4.900610881853014e-06,0.0015699762583538596,4.2027106631041734e-05,4.900616109224351e-14,4.900616109224351e-14,1.6723257403034853e-14,0.0,1.2941710129652983e-14,2.7988722450800196e-13,7.960705418770216e-14,2.7960966875184567e-13,0.0,4.913452838564984e-22,0.0,0.0,0.0,1.7869382285552548e-13,9.619656907947829e-14,1.7869382253788813e-13,9.6196568908484e-14,4.235164736271502e-21,8.470329472543003e-22,8.667936086838315e-14,1.733587217367663e-14,3.785118677908117e-14,7.151173708977768e-14,3.785118677908117e-14,7.178261488178441e-14,3.825498120926936e-08
3.611342574018191e-08,8.751074328355852e-12,1.1936575640849566e-14,3.5575383784680614e-20,1.2407204346205707e-19,0.0,0.0,2.3864365641928963e-05,0.001075553095124287,4.89986753124585e-06,0.002490791589970781,4.203026844449278e-05,3.2716799610987754e-14,3.2716799610987754e-14,1.5948028890523025e-14,1.8531389686119547e-14,1.2941710129652983e-14,2.635114348947809e-13,2.986575888855114e-14,2.6334490144108713e-13,0.0,8.470329472543003e-22,0.0,0.0,0.0,1.7934488268388459e-13,9.654705529524626e-14,1.793448827897637e-13,9.654705535224436e-14,8.470329472543003e-22,0.0,1.701923523899757e-14,0.0,1.8925594255562098e-14,2.0210698798023787e-14,1.8925594255562098e-14,2.0476629045366204e-14,3.611342574018191e-08
3.421448189086943e-08,8.577656780679133e-12,1.1401968842178308e-14,2.879912020664621e-20,1.3126676436418438e-19,0.0,0.0,2.2657649627721215e-05,0.0010542276909547043,4.899479704766269e-06,0.0012898061817850487,4.2034488820209175e-05,1.6381441199046404e-14,1.6381441199046404e-14,0.0,1.8518586767204e-14,1.2941710129652983e-14,2.510214258677479e-13,1.873700234624229e-15,2.509104035652854e-13,0.0,8.470329472543003e-22,0.0,0.0,0.0,1.8919802475609775e-13,1.0185131510038707e-13,1.8919802454433951e-13,1.0185131498639087e-13,0.0,8.470329472543003e-22,0.0,1.6713957476863053e-14,0.0,2.585485913682817e-14,0.0,2.5593698943526875e-14,3.421448189086943e-08
3.250364609664726e-08,8.426770535890928e-12,1.0709480848675564e-14,2.625802136488331e-20,1.2983740051679707e-19,0.0,0.0,2.1571559141267995e-05,0.0010358631954761838,4.898910104008295e-06,0.0021239247237503393,4.2039190578020143e-05,3.280901796048447e-14,3.280901796048447e-14,1.6067461242033085e-14,1.1855729074303437e-14,1.2941710129652983e-14,2.3792079417717105e-13,2.4073972745856904e-15,2.3792079417717105e-13,0.0,8.470329472543003e-22,0.0,0.0,0.0,1.9192718098972463e-13,1.0332050671519212e-13,1.919271814132411e-13,1.033205069431845e-13,1.6940658945086007e-21,0.0,3.283887680476169e-14,0.0,3.785119147939967e-14,4.5410809738089646e-14,3.785119147939967e-14,4.56673679851975e-14,3.250364609664726e-08
3.0933223883313305e-08,8.278788353453328e-12,1.0010647748985462e-14,2.964615315390051e-20,1.2421224233767582e-19,0.0,0.0,2.0573654806522783e-05,0.0010179881194905091,4.898363254910614e-06,0.0013697156104868536,4.204215623330475e-05,3.2855201809773164e-14,3.2855201809773164e-14,0.0,0.0,1.2941710129652983e-14,2.2709611968707577e-13,2.0047928384681243e-15,2.26929586233382e-13,0.0,8.470329472543003e-22,0.0,0.0,0.0,2.0471362972124918e-13,1.1020385880329293e-13,2.0471362993300742e-13,1.1020385891728911e-13,2.541098841762901e-21,0.0,4.8405357368057755e-14,0.0,0.0,5.218794490631367e-14,0.0,5.193582923043776e-14,3.0933223883313305e-08
2.9511322677869548e-08,8.143956786880093e-12,9.43967085882517e-15,2.710505431213761e-20,1.2414375763830561e-19,0.0,0.0,1.967063933342301e-05,0.0010019255552163786,4.8978392682490985e-06,0.004117282842195104,4.2041667493515524e-05,1.6450714939164864e-14,1.6450714939164864e-14,1.6682119606953908e-14,2.367904863156144e-14,1.2941710129652983e-14,2.1721513476791188e-13,1.6027370362289223e-15,2.1710411246544936e-13,0.0,9.926167350636332e-24,0.0,0.0,0.0,1.8686813423826541e-13,1.0059706092100506e-13,1.868681341323863e-13,1.0059706086400696e-13,4.235164736271502e-21,1.6940658945086007e-21,7.930239398596674e-14,3.1720957594386694e-14,2.838839541844109e-14,6.245173400747834e-14,2.838839541844109e-14,6.269955834877786e-14,2.9511322677869548e-08
2.822798113689937e-08,8.020587623839946e-12,9.386966859193912e-15,2.879912020664621e-20,1.2177878143066901e-19,0.0,0.0,1.8855908654548652e-05,0.0009874389510426203,4.8973361108950805e-06,0.004957511320853405,4.204379884930774e-05,3.2947698488710443e-14,3.2947698488710443e-14,0.0,1.1831421939373934e-14,1.2941710129652983e-14,2.077227279073668e-13,1.868579782116514e-15,2.074451721512105e-13,0.0,8.470329472543003e-22,0.0,0.0,0.0,1.9485217591098613e-13,1.0489512452516383e-13,1.9485217580510701e-13,1.0489512446816573e-13,2.541098841762901e-21,0.0,4.6785094359921747e-14,0.0,2.8388396191462967e-14,3.3871054335711166e-14,2.8388396191462967e-14,3.3627377685813965e-14,2.822798113689937e-08
2.7065165635566494e-08,7.906952313710717e-12,8.704460049661287e-15,2.710505431213761e-20,1.1888970408629976e-19,0.0,0.0,1.8118014481388102e-05,0.0009741158922085575,4.896851236862728e-06,0.004185835115620278,4.2045607724736963e-05,1.6497002156556587e-14,1.6497002156556587e-14,1.668542797112314e-14,1.8454569570371533e-14,1.2941710129652983e-14,1.9878543255913428e-13,2.6675710037617592e-15,1.9845236565174673e-13,0.0,8.470329472543003e-22,0.0,0.0,0.0,1.8742830062269895e-13,1.0089861630459379e-13,1.8742830062269895e-13,1.0089861630459379e-13,2.541098841762901e-21,0.0,4.6014969349881785e-14,0.0,9.462798962763723e-15,3.4032502160199196e-14,9.462798962763723e-15,3.427216766836961e-14,2.7065165635566494e-08
2.6013738088478474e-08,7.803207916202404e-12,8.604765628765167e-15,2.710505431213761e-20,1.1792041026937835e-19,0.0,0.0,1.745124510793337e-05,0.0009620212177420891,4.89638302771517e-06,0.0024927103240263925,4.204873252023337e-05,0.0,0.0,0.0,0.0,1.2941710129652983e-14,1.9051427102567686e-13,1.5994454036701243e-15,1.904587598744456e-13,0.0,8.470329472543003e-22,0.0,0.0,0.0,2.237580062439453e-13,1.2045605248556893e-13,2.237580062439453e-13,1.2045605248556893e-13,0.0,0.0,0.0,0.0,9.462799172147277e-15,1.5090194055618024e-14,9.462799172147277e-15,1.5325978337737056e-14,2.6013738088478474e-08
4.298940586786111e-06,1.6914330525961872e-09,1.1761768443727417e-12,6.028316872729802e-18,7.793449069670508e-18,0.0,0.0,0.0018299845235868729,0.2849978671892989,0.0016685023351172264,0.006659769050125401,0.014355092490924395,2.2416676781861317e-14,2.2416676781861317e-14,2.2577818951540036e-14,1.8428961859057353e-14,1.2941710129652983e-14,2.5057067531975008e-11,3.13249211882131e-12,2.5056956509672546e-11,0.0,1.2578438290944405e-11,0.0,1.2578438290944405e-11,0.0,1.746519386142884e-13,9.402069422040307e-14,1.7465193872016751e-13,9.402069427740116e-14,8.470329472543003e-22,0.0,1.4849452260320377e-14,0.0,1.2601731436513966e-14,8.584987904062931e-15,1.2601731436513966e-14,8.352961180031276e-15,4.298940586786111e-06
2.119271331617048e-07,8.154525016542277e-11,6.151489707519306e-14,1.4626955494510566e-19,1.2832897676450392e-18,0.0,0.0,8.269147546511377e-05,0.011697248125291408,1.3154002447237611e-05,0.00026870824942001637,1.9732110786443902e-05,2.1937685814465907e-14,2.1937685814465907e-14,1.1391815217705185e-14,0.0,1.2941710129652983e-14,1.3264389586709058e-12,1.950898157887533e-14,1.326050380612287e-12,0.0,8.470329472543003e-22,0.0,0.0,0.0,2.2010556407677045e-13,1.1848982668308233e-13,2.2010556365325398e-13,1.1848982645508994e-13,3.3881317890172014e-21,1.6940658945086007e-21,5.801108976405302e-14,2.900554488202651e-14,2.5203463279378495e-14,3.149863492866818e-14,2.5203463279378495e-14,3.1838548255236535e-14,2.119271331617048e-07
2.1206360226956755e-08,1.3294381676210544e-11,5.371403104485484e-15,2.2916180160305963e-20,2.8025240579157724e-19,0.0,0.0,1.3196606390877035e-05,0.002382154007238741,4.899449501432306e-06,0.0001686485313866398,2.4856340472707577e-05,0.0,0.0,2.1405533440055656e-14,1.691698188593399e-14,0.0,1.1257661469699087e-13,2.7742705897004158e-14,1.1229905894083458e-13,0.0,1.6940658945086007e-21,0.0,0.0,0.0,1.7761316291826692e-13,9.561481545954525e-14,1.7761316297120648e-13,9.56148154880443e-14,0.0,8.470329472543003e-22,0.0,1.4168917700554841e-14,1.8902597729677152e-14,1.1955186021955697e-14,1.8902597729677152e-14,1.1955186021955697e-14,2.1206360226956755e-08
1.2877813273179929e-08,1.1266988170434515e-11,3.360603099725814e-15,2.4591550688478716e-20,2.448728500950988e-19,0.0,0.0,1.0798758772065914e-05,0.0020540997667432615,4.707599740365421e-06,0.00019539303400624593,3.199239944036595e-05,2.2719970837183614e-14,2.2719970837183614e-14,2.1756631595188842e-14,1.767012645638186e-14,1.2941710129652983e-14,9.309220061481938e-14,3.0812767020161805e-14,0.0,0.0,8.470329472543003e-22,0.0,0.0,0.0,1.993385844560188e-13,1.0731030095725529e-13,1.9933858456189791e-13,1.0731030101425338e-13,8.470329472543003e-22,8.470329472543003e-22,1.3847229166589683e-14,1.3847229166589683e-14,1.890259797229748e-14,2.055475885656666e-15,1.890259797229748e-14,1.8391100029559644e-15,1.2877813273179929e-08
8.094985639417432e-09,9.917165076036206e-12,2.3055512673781016e-15,2.2029218637465472e-20,2.1873456748753655e-19,0.0,0.0,9.154740604130098e-06,0.0018028771603789218,4.453143518495505e-06,0.0003210489315324201,3.24382175584812e-05,2.2809181051553775e-14,2.2809181051553775e-14,1.1495760139939849e-14,1.567453380586853e-14,1.2941710129652983e-14,8.043565813409259e-14,3.0594514594434347e-14,0.0,0.0,1.49719690872098e-22,0.0,0.0,0.0,1.9002253073068858e-13,1.0229517289397929e-13,1.900225303071721e-13,1.022951726659869e-13,0.0,0.0,0.0,0.0,2.5203464254711638e-14,1.0575995796709919e-14,2.5203464254711638e-14,1.0258715922808622e-14,8.094985639417432e-09
4.6537384661231746e-09,8.753120233670169e-12,1.7244233337941968e-15,2.710836283266408e-20,1.9361674394291646e-19,0.0,0.0,8.678882448126423e-06,0.0015721194139162952,4.17540551408188e-06,0.0006768497385730898,3.268717171924385e-05,2.0826958115849765e-14,2.0826958115849765e-14,1.1528689699952064e-14,1.6763899028837594e-14,1.2941710129652983e-14,7.011058400507864e-14,3.0468344896124055e-14,0.0,0.0,1.5881867761018131e-22,0.0,0.0,0.0,2.0212755669736342e-13,1.088116934317572e-13,2.0212755701500077e-13,1.0881169360275147e-13,1.6940658945086007e-21,0.0,2.6475858449931625e-14,0.0,1.890259838842572e-14,2.96823210752824e-14,1.890259838842572e-14,2.957889835376574e-14,4.6537384661231746e-09
2.4602873136001967e-09,7.693243461785047e-12,1.814119370099142e-15,2.2065828097040867e-20,1.7042339803061352e-19,0.0,0.0,9.680691486955685e-06,0.001347703105911672,3.88432527046528e-06,0.0010672020523781744,3.292546613316587e-05,2.179357066547467e-14,2.179357066547467e-14,2.1713474826960267e-14,1.634380037814496e-14,2.5883420259305965e-14,7.710498906021712e-14,2.991132293608969e-14,0.0,0.0,3.1763735522036263e-22,0.0,0.0,0.0,2.1260620918736952e-13,1.1445268539223315e-13,2.1260620945206732e-13,1.144526855347284e-13,3.3881317890172014e-21,1.6940658945086007e-21,5.179681552760207e-14,2.5898407763801036e-14,1.260173237770836e-14,4.066914383217433e-14,1.260173237770836e-14,4.107381193000691e-14,2.4602873136001967e-09
2.119004189238093e-09,6.743265669670206e-12,2.3075552236602768e-15,1.89035001729982e-20,1.4823578357112828e-19,0.0,0.0,1.0538458450707616e-05,0.0011255211307329644,3.7037757732384094e-06,0.000805751481334761,3.315321798939957e-05,2.065327594017034e-14,2.065327594017034e-14,1.1588012336218424e-14,1.5943785615310474e-14,1.2941710129652983e-14,8.404388296412435e-14,2.8892945524025554e-14,0.0,0.0,8.470329472543003e-22,0.0,0.0,0.0,2.0094022775093037e-13,1.0817251649105286e-13,2.009402275921117e-13,1.0817251640555572e-13,2.541098841762901e-21,8.470329472543003e-22,3.8011232471459734e-14,1.2670410823819909e-14,1.260173248485698e-14,2.97956662553196e-14,1.260173248485698e-14,2.9597688406447046e-14,2.119004189238093e-09
5.234787475272635e-09,5.94764235470602e-12,2.940519525240554e-15,2.498231204742356e-20,1.2411577108478195e-19,0.0,0.0,1.1318974981925716e-05,0.0010457214530196599,3.732713747732476e-06,0.001202956805641763,3.336806068964339e-05,2.0589824513802293e-14,2.0589824513802293e-14,0.0,1.364569117057835e-14,0.0,8.992806499463768e-14,2.7086217888838373e-14,0.0,0.0,2.117582368135751e-22,0.0,0.0,0.0,1.8978685750950703e-13,1.0216830250227061e-13,1.897868572977488e-13,1.0216830238827441e-13,8.470329472543003e-22,8.470329472543003e-22,1.2401076767491001e-14,1.2401076767491001e-14,6.300866290752571e-15,1.6373518334636072e-14,6.300866290752571e-15,1.6373518334636072e-14,5.234787475272635e-09
8.355584002860197e-09,5.384855298404406e-12,3.552713678800501e-15,1.9722241823216382e-20,1.0297049693071413e-19,0.0,0.0,1.2057364051653738e-05,0.0010377895618790625,3.7603381792376515e-06,0.0020582603181480605,3.357295713786893e-05,2.1774357396669085e-14,2.1774357396669085e-14,2.1714625680495364e-14,0.0,2.5883420259305965e-14,9.586775817638227e-14,2.485042388390005e-14,0.0,0.0,8.470329472543003e-22,0.0,0.0,0.0,1.875395993162605e-13,1.0095853193174067e-13,1.8753959947507918e-13,1.0095853201723782e-13,0.0,1.6940658945086007e-21,0.0,2.4281514770946862e-14,1.2601732668657016e-14,3.481029916860254e-14,1.2601732668657016e-14,3.518970297425489e-14,8.355584002860197e-09
1.1503715721955412e-08,5.145170066317012e-12,4.511796664322909e-15,2.1674208109646166e-20,8.009253118581383e-20,0.0,0.0,1.2765868721051931e-05,0.0010260117319562086,3.7867353447786875e-06,0.003548773286316034,3.376781257655455e-05,2.177855764070775e-14,2.177855764070775e-14,2.057868279571527e-14,2.5625511704418452e-14,1.2941710129652983e-14,9.997558336749535e-14,2.3783127077809746e-14,0.0,0.0,2.541098841762901e-21,0.0,0.0,0.0,1.8918025717772562e-13,1.0184175024776421e-13,1.8918025728360474e-13,1.0184175030476231e-13,2.541098841762901e-21,3.3881317890172014e-21,3.566710542909414e-14,4.7556140572125526e-14,1.8902599120850126e-14,6.5019041513222155e-15,1.8902599120850126e-14,6.6876728413599926e-15,1.1503715721955412e-08
1.4684217522671981e-08,5.295641139995963e-12,5.400581735128198e-15,2.2823766041605947e-20,6.333895965822776e-20,0.0,0.0,1.3452638533397751e-05,0.0010117580156002593,3.811984641872289e-06,0.007174587272084996,3.3950323798706284e-05,2.3265210452082035e-14,2.3265210452082035e-14,2.1738712250773864e-14,0.0,2.0256589768151974e-14,1.1879386363489175e-13,2.1495525141604178e-14,1.1857181902996672e-13,0.0,1.2705494208814505e-21,0.0,0.0,0.0,1.8934746688401115e-13,1.0193176455158476e-13,1.8934746677813203e-13,1.0193176449458666e-13,2.541098841762901e-21,8.470329472543003e-22,3.493655197645857e-14,1.1645517325486192e-14,2.5203465636141445e-14,2.1289749756128868e-14,2.5203465636141445e-14,2.1107786082999564e-14,1.4684217522671981e-08
1.790204823994928e-08,5.818134457067355e-12,6.541371502400537e-15,1.800816747500718e-20,5.823146347768652e-20,0.0,0.0,1.4120037979809529e-05,0.0009945452533522293,3.8361577784558636e-06,0.009120359926884742,3.412391736920387e-05,2.1802409409437772e-14,2.1802409409437772e-14,2.053782422173303e-14,2.4147067436973593e-14,1.2941710129652983e-14,1.3955503419538218e-13,1.7775518125033365e-14,1.392774784392259e-13,0.0,8.470329472543003e-22,0.0,0.0,0.0,1.9668416837978872e-13,1.0588134434665568e-13,1.96684167744514e-13,1.0588134400466711e-13,1.6940658945086007e-21,8.470329472543003e-22,2.2819668473512175e-14,1.1409834236756087e-14,6.300866440963417e-15,7.844367322832125e-15,6.300866440963417e-15,7.844367322832125e-15,1.790204823994928e-08
2.115667443762193e-08,6.641174890281253e-12,7.498116225863147e-15,1.7329277714280698e-20,5.929976609134219e-20,0.0,0.0,1.4768591101167826e-05,0.0009748022476514433,3.859320222823255e-06,0.014103000312167584,3.428950057638525e-05,2.3341726152695e-14,2.3341726152695e-14,0.0,0.0,1.941256519447897e-14,1.624256285026604e-13,1.5746652832954304e-14,1.6231460620019789e-13,0.0,8.470329472543003e-22,0.0,0.0,0.0,2.061608715135756e-13,1.1098295509674878e-13,2.0616087093124044e-13,1.1098295478325924e-13,0.0,2.541098841762901e-21,0.0,3.354491265606285e-14,1.8902599409232657e-14,4.053398545689238e-14,1.8902599409232657e-14,4.088341636600352e-14,2.115667443762193e-08
2.444763861179638e-08,7.678755993597934e-12,8.486491351338878e-15,1.9394095199318015e-20,7.263938911127178e-20,0.0,0.0,1.5399096750163554e-05,0.0009529204352833893,3.881532227795829e-06,0.019928718061908424,3.444862986874634e-05,3.505680783195254e-14,3.505680783195254e-14,2.055395391733183e-14,2.2826047313596384e-14,2.5883420259305965e-14,1.846856001463948e-13,1.1904396875059007e-14,1.8435253323900724e-13,0.0,4.235164736271502e-22,0.0,0.0,0.0,2.6973635522117446e-13,1.4520766030765034e-13,2.69736355274114e-13,1.452076603361494e-13,1.6940658945086007e-21,1.6940658945086007e-21,2.1921197618730784e-14,2.1921197618730784e-14,6.3008664956853095e-15,7.706775507779001e-15,6.3008664956853095e-15,8.04929886368029e-15,2.444763861179638e-08
2.7772749590843428e-08,8.866238363917143e-12,9.823435011312951e-15,2.3107859866758703e-20,8.971450892485725e-20,0.0,0.0,1.601064601818993e-05,0.0009289227617206088,3.902849370099364e-06,0.020957829105330762,3.459933200445088e-05,3.509236829231855e-14,3.509236829231855e-14,2.05827327129266e-14,1.1108449782541878e-14,1.8636062586699807e-14,2.081113059659856e-13,8.210626331151016e-15,2.0794477251229182e-13,0.0,6.352747104407253e-22,0.0,0.0,0.0,1.9464933179822365e-13,1.0478592708680856e-13,1.946493318511632e-13,1.0478592711530759e-13,1.6940658945086007e-21,0.0,2.1492816053860478e-14,0.0,1.2601733038136733e-14,1.6623575314883473e-14,1.2601733038136733e-14,1.6791490217054015e-14,2.7772749590843428e-08
3.112793074096019e-08,1.0157349000624846e-11,1.0700269380807355e-14,2.469504184394431e-20,1.1222572111715966e-19,0.0,0.0,1.6602012687832567e-05,0.0009845851605181921,3.923322373125332e-06,0.03158072104274708,3.474511556879876e-05,2.3412917164661833e-14,2.3412917164661833e-14,1.1733533538681721e-14,2.1638522442716068e-14,0.0,2.3170354523927017e-13,4.5824079848896634e-15,2.315370117855764e-13,0.0,3.3881317890172014e-21,0.0,0.0,0.0,1.7474970061751342e-13,9.407332261654109e-14,1.7474970061751342e-13,9.407332261654109e-14,5.082197683525802e-21,1.6940658945086007e-21,6.323263460143773e-14,2.107754486714591e-14,1.8902599620448224e-14,3.8368238756493646e-14,1.8902599620448224e-14,3.8368238756493646e-14,3.112793074096019e-08
3.4508978990683066e-08,1.1524391865380538e-11,1.1706405527695624e-14,2.597040173853894e-20,1.3824820972803888e-19,0.0,0.0,1.7171950214411897e-05,0.0012391436307095164,3.942998704498718e-06,0.13206786668670545,3.4879557282028307e-05,4.1297819865120694e-14,4.1297819865120694e-14,2.192113265903488e-14,0.0,1.7919290948749817e-14,2.5540680681501726e-13,1.7228504650503795e-15,2.5518476221009223e-13,0.0,8.470329472543003e-22,0.0,0.0,0.0,2.0938981372017003e-13,1.127211973989548e-13,2.0938981419662607e-13,1.1272119765544623e-13,0.0,0.0,0.0,0.0,6.300866559157719e-15,1.4860236090320425e-14,6.300866559157719e-15,1.4860236090320425e-14,3.4508978990683066e-08
3.7907831828249065e-08,1.2945731457773104e-11,1.2939100420570383e-14,2.906029812847998e-20,1.6295720668121784e-19,0.0,0.0,1.771737105616013e-05,0.00149872627246966,3.9619219311202534e-06,0.1822823395917649,3.500794853123428e-05,2.199382758356162e-14,2.199382758356162e-14,2.1967582663768783e-14,2.0565172718709593e-14,3.5162382239056244e-14,2.8160807019617096e-13,4.036630595975692e-15,2.814415367424772e-13,0.0,1.6940658945086007e-21,0.0,0.0,0.0,2.2472687660042788e-13,1.2097762621815262e-13,2.2472687628279053e-13,1.2097762604715832e-13,3.3881317890172014e-21,1.6940658945086007e-21,4.056829950846577e-14,2.0284149754232885e-14,1.8902599728900348e-14,2.4721642975413347e-14,1.8902599728900348e-14,2.4404698834702918e-14,3.7907831828249065e-08
4.132862561128162e-08,1.4410767057094455e-11,1.4216924950902572e-14,3.278630288973468e-20,1.9098904942353272e-19,0.0,0.0,1.9186003854816896e-05,0.0017637676485769817,3.980132231760674e-06,0.03678439640487614,3.5133227828531415e-05,2.0807994540971665e-14,2.0807994540971665e-14,1.1736569629814592e-14,2.0066270092976957e-14,1.2941710129652983e-14,3.0558888752807434e-13,9.157653449168429e-15,3.052558206206868e-13,0.0,8.470329472543003e-22,0.0,0.0,0.0,2.1458642259890486e-13,1.1551869726209422e-13,2.1458642270478398e-13,1.1551869731909232e-13,1.6940658945086007e-21,1.6940658945086007e-21,1.9905006768172432e-14,1.9905006768172432e-14,1.260173318352609e-14,9.486108545787143e-15,1.260173318352609e-14,9.641618521947588e-15,4.132862561128162e-08
4.476539861544456e-08,1.591171167481721e-11,1.5668704632060425e-14,3.6038738588670497e-20,2.1579150476234799e-19,0.0,0.0,2.1859350721366756e-05,0.0020346683415862904,3.9976673838331965e-06,0.01813412437482288,3.525174296490606e-05,2.2096730075130766e-14,2.2096730075130766e-14,0.0,1.959022996063053e-14,1.6941875078818007e-14,3.3123503939691545e-13,1.3046228654418988e-14,3.3095748364075916e-13,0.0,2.329340604949326e-21,0.0,0.0,0.0,2.134889664356857e-13,1.1492790169943959e-13,2.1348896638274615e-13,1.1492790167094055e-13,1.6940658945086007e-21,0.0,1.9536932239989834e-14,0.0,1.2601733211429372e-14,3.6021707887807144e-14,1.2601733211429372e-14,3.632697659872076e-14,4.476539861544456e-08
4.8212746072092094e-08,1.743968249996055e-11,1.658910609012509e-14,4.219252977812835e-20,2.4485212802393353e-19,0.0,0.0,2.4653431917631868e-05,0.0023116162601894167,4.014562267424945e-06,0.02173142068358322,3.536390992589038e-05,2.3420358219170312e-14,2.3420358219170312e-14,1.1726240211426444e-14,1.9135508436535148e-14,1.663934159526768e-14,3.5832448119776927e-13,1.8910797041334797e-14,3.58046925441613e-13,0.0,1.6940658945086007e-21,0.0,0.0,0.0,2.273990602518486e-13,1.2241614767966265e-13,2.273990600930299e-13,1.2241614759416548e-13,0.0,1.6940658945086007e-21,0.0,1.9179481221305027e-14,1.890259985491998e-14,1.2886388955228249e-14,1.890259985491998e-14,1.2886388955228249e-14,4.8212746072092094e-08
5.16683256300517e-08,1.89907978540357e-11,1.8170895125605336e-14,4.6083574608026524e-20,2.7184650155005544e-19,0.0,0.0,2.7573218249822137e-05,0.0025952077848263467,4.030848877712738e-06,0.01479907541912159,3.547126105117523e-05,2.114661417556784e-14,2.114661417556784e-14,1.171746376434527e-14,0.0,1.6347423321666498e-14,3.86468634872017e-13,2.5126048310664633e-14,3.861910791158607e-13,0.0,3.8116482626443515e-21,0.0,0.0,0.0,2.858449098285022e-13,1.5387940766462042e-13,2.8584490977556264e-13,1.538794076361214e-13,1.6940658945086007e-21,1.6940658945086007e-21,1.8832231666561375e-14,1.8832231666561375e-14,1.2601733259349018e-14,1.1476047072881514e-14,1.2601733259349018e-14,1.1623175881508198e-14,5.16683256300517e-08
5.513181963379073e-08,2.0560400400552637e-11,1.939922144368626e-14,5.2147588729072166e-20,2.9929847576384984e-19,0.0,0.0,3.062305460919675e-05,0.002885653427310946,4.046557844378507e-06,0.014063373730220636,3.557416260317648e-05,2.3386628982066907e-14,2.3386628982066907e-14,1.170633313429245e-14,1.8284509781466932e-14,1.2941710129652983e-14,4.1339154321917704e-13,3.0864906506585087e-14,4.1311398746302075e-13,0.0,1.6940658945086007e-21,0.0,0.0,0.0,1.9558400423031812e-13,1.0528909098886117e-13,1.95584004124439e-13,1.0528909093186307e-13,0.0,1.6940658945086007e-21,0.0,1.849478299438314e-14,1.260173327988366e-14,1.0114471894770647e-14,1.260173327988366e-14,1.0258964350410227e-14,5.513181963379073e-08
5.859787427133275e-08,2.2147451718523823e-11,2.0658726828831938e-14,5.57242111998194e-20,3.2579088358800734e-19,0.0,0.0,3.3809897606892434e-05,0.0031835039826431104,4.068886900159945e-06,0.014197083398029352,3.567254688257505e-05,4.4721510772898384e-14,4.4721510772898384e-14,1.1692892656369437e-14,0.0,1.2941710129652983e-14,4.407030296249559e-13,3.7097924212380897e-14,4.404254738687996e-13,0.0,1.2705494208814505e-21,0.0,0.0,0.0,2.0248373266463283e-13,1.0900343428486752e-13,2.0248373329990754e-13,1.090034346268561e-13,3.3881317890172014e-21,0.0,3.633350951103427e-14,0.0,1.2601733298439835e-14,2.881172925751958e-14,1.2601733298439835e-14,2.8669799556743624e-14,5.859787427133275e-08
6.206286945896888e-08,2.374908148158263e-11,2.2316104179798207e-14,6.439679047424872e-20,3.553399151498713e-19,0.0,0.0,3.7138450950996294e-05,0.003489310884558426,4.4273045509296065e-06,0.005316684074803936,3.576502724171265e-05,2.1610676932360504e-14,2.1610676932360504e-14,1.121144392694266e-14,1.7503387259423996e-14,1.5530052155583166e-14,4.692357613578224e-13,4.293496540420949e-14,4.690137167528974e-13,0.0,8.470329472543003e-22,0.0,0.0,0.0,2.0053225339423734e-13,1.07952890917213e-13,2.0053225334129778e-13,1.0795289088871393e-13,1.6940658945086007e-21,1.6940658945086007e-21,1.784778539827739e-14,1.784778539827739e-14,1.2601733315218043e-14,3.499886756309059e-14,1.2601733315218043e-14,3.499886756309059e-14,6.206286945896888e-08
6.552699395743832e-08,2.536155073440923e-11,2.3494926716298244e-14,6.933392833399306e-20,3.826557551852687e-19,0.0,0.0,4.0614833546154735e-05,0.0038032439958030134,4.800715342484095e-06,0.009561277128957973,3.585401030190948e-05,4.3589722710974756e-14,4.3589722710974756e-14,2.3318545050094414e-14,2.1670775947542056e-14,1.527546113663918e-14,4.992117830227016e-13,5.0054084453524315e-14,4.989897384177766e-13,0.0,3.0605682664462024e-22,0.0,0.0,0.0,2.2078837024201408e-13,1.1885740296184304e-13,2.2078837013613497e-13,1.1885740290484493e-13,1.6940658945086007e-21,0.0,1.753753112328444e-14,0.0,6.300866665199361e-15,1.7263742008862794e-14,6.300866665199361e-15,1.7263742008862794e-14,6.552699395743832e-08
6.898886751839793e-08,2.6985257563473095e-11,2.5177841310464792e-14,7.433287224890026e-20,4.1117673783732115e-19,0.0,0.0,4.424747303125337e-05,0.004126324423051796,5.189620749222286e-06,0.006374121331045355,3.593942447091053e-05,2.32612461816023e-14,2.32612461816023e-14,1.163919568633775e-14,1.6783820586063736e-14,0.0,5.287437154777308e-13,5.885543618780615e-14,5.284661597215745e-13,0.0,2.117582368135751e-21,0.0,0.0,0.0,1.7577561256349114e-13,9.462560365123843e-14,1.7577561251055158e-13,9.462560362273938e-14,1.6940658945086007e-21,0.0,1.7235664820070532e-14,0.0,0.0,2.3834017033777866e-14,0.0,2.3834017033777866e-14,6.898886751839793e-08
7.2440353084622e-08,2.861472009016301e-11,2.6498188586783492e-14,7.841462121254198e-20,4.378658935284797e-19,0.0,0.0,4.804353398625306e-05,0.0044586761257495834,5.5934804590855065e-06,0.012059380312762947,3.602054076523533e-05,3.331553293024206e-14,3.331553293024206e-14,1.1617013844160905e-14,0.0,2.9581051724920313e-14,5.568878691519785e-13,6.465902999119473e-14,5.564992910933597e-13,0.0,8.470329472543003e-22,0.0,0.0,0.0,2.3773640760333847e-13,1.2798107058917e-13,2.3773640723276155e-13,1.2798107038967666e-13,1.6940658945086007e-21,3.3881317890172014e-21,1.694187507881931e-14,3.388375015763862e-14,6.300866678300659e-15,3.2295888910832194e-14,6.300866678300659e-15,3.216352871037797e-14,7.2440353084622e-08
7.588448668017766e-08,3.025274198750391e-11,2.823008120845199e-14,9.109050757810746e-20,4.631138200858471e-19,0.0,0.0,5.201100656541032e-05,0.004801109811409514,6.012547347451003e-06,0.008559316919270664,3.6098790867003924e-05,2.280141461838519e-14,2.280141461838519e-14,2.3185568509107475e-14,0.0,1.4559423895859218e-14,5.883071807488705e-13,7.29172410450326e-14,5.880296249927142e-13,0.0,2.541098841762901e-21,0.0,0.0,0.0,3.716759295241399e-13,2.0008497584471939e-13,3.7167592947120036e-13,2.0008497581622033e-13,1.6940658945086007e-21,0.0,1.6655865271133173e-14,0.0,1.890260005185217e-14,4.2420984389475715e-14,1.890260005185217e-14,4.2420984389475715e-14,7.588448668017766e-08
7.932011607433976e-08,3.1896861875009894e-11,2.943640729822614e-14,9.529779437242422e-20,4.927472956224141e-19,0.0,0.0,5.616024517711562e-05,0.005154453359868984,6.446689056318293e-06,0.011801306766913329,3.617205028325611e-05,3.4039172372684344e-14,3.4039172372684344e-14,1.1445910532401959e-14,0.0,1.4335432758999848e-14,6.177280909014371e-13,8.069169154942005e-14,6.175060462965121e-13,0.0,1.2705494208814505e-21,0.0,0.0,0.0,5.724302444960371e-13,3.081574095729481e-13,5.724302447077953e-13,3.0815740968694427e-13,3.3881317890172014e-21,0.0,3.2754705388563086e-14,0.0,1.89026000672452e-14,3.185950279418256e-14,1.89026000672452e-14,3.160360317334576e-14,7.932011607433976e-08
8.274291319425371e-08,3.35462120571662e-11,3.1131611776813506e-14,1.0506282006162934e-19,5.2227262485059905e-19,0.0,0.0,6.0502250965101e-05,0.005519671974168289,6.896734783408254e-06,0.006135811619627519,3.62420924072313e-05,5.740230004646748e-14,5.740230004646748e-14,2.3000615918496194e-14,1.9955475542800287e-14,1.4118229232348331e-14,6.497580251618729e-13,9.001405894053428e-14,6.494804694057166e-13,0.0,5.082197683525802e-21,0.0,0.0,0.0,8.411947047476664e-13,4.528418679025905e-13,8.411947046417873e-13,4.528418678455924e-13,0.0,1.6940658945086007e-21,0.0,1.6106067773886516e-14,0.0,2.1516993043049387e-14,0.0,2.1768653780394996e-14,8.274291319425371e-08
8.615004318131764e-08,3.51979118944153e-11,3.229399092855166e-14,1.092409824509223e-19,5.483324962987711e-19,0.0,0.0,6.504579495989221e-05,0.005896982214960837,7.36185782209667e-06,0.012806166483681075,3.6309796827609064e-05,3.469004204450917e-14,3.469004204450917e-14,2.3114569733383312e-14,1.5210436293974636e-14,1.3907509393059554e-14,6.804556917927584e-13,9.849733654916948e-14,6.801781360366022e-13,0.0,2.964615315390051e-21,0.0,0.0,0.0,1.0744026933812282e-12,5.7838514651168e-13,1.0744026928518326e-12,5.783851462266896e-13,5.082197683525802e-21,1.6940658945086007e-21,4.752525996136309e-14,1.5841753320454363e-14,1.2601733395990362e-14,3.354041918033687e-14,1.2601733395990362e-14,3.329288841147829e-14,8.615004318131764e-08
8.954191041666864e-08,3.685334816793763e-11,3.391136201206604e-14,1.1797803772925512e-19,5.738677932337482e-19,0.0,0.0,6.98047541948917e-05,0.006287951223347877,7.842224157418383e-06,0.013598259845902117,3.6374594777147226e-05,1.1777734656470504e-14,1.1777734656470504e-14,1.1776583919319569e-14,1.9339185321362168e-14,2.740597439220559e-14,7.132072710192006e-13,1.067095450294459e-13,7.128186929605818e-13,0.0,2.541098841762901e-21,0.0,0.0,0.0,1.240649296901776e-12,6.678809814780801e-13,1.2406492970076551e-12,6.678809815350783e-13,1.6940658945086007e-21,3.3881317890172014e-21,1.558416383556892e-14,3.116832767113784e-14,1.2601733403738308e-14,6.331152864692289e-14,1.2601733403738308e-14,6.343328158662851e-14,8.954191041666864e-08
9.291746423730617e-08,3.8508626972839215e-11,3.5865359159283044e-14,1.2756496164820416e-19,6.014060860541834e-19,0.0,0.0,7.479010442587865e-05,0.006692581973627733,8.337561922812446e-06,0.03935612410463601,3.643618649736247e-05,3.505490487988256e-14,3.505490487988256e-14,1.1940157799262119e-14,0.0,1.3504393178767968e-14,7.434608484402361e-13,1.1520106003828688e-13,7.43016759230386e-13,0.0,1.6940658945086007e-21,0.0,0.0,0.0,1.4431726544272258e-12,7.769057470859894e-13,1.4431726547978028e-12,7.769057472854827e-13,1.6940658945086007e-21,1.6940658945086007e-21,1.5333064863929644e-14,1.5333064863929644e-14,6.300866705408113e-15,2.779155904846176e-14,6.300866705408113e-15,2.779155904846176e-14,9.291746423730617e-08
9.627380676932873e-08,4.0166516963593036e-11,3.727795967164586e-14,1.3524506396739897e-19,6.301963666670392e-19,0.0,0.0,8.002126458755798e-05,0.007113115570492048,8.848841037420484e-06,1.2921812809888218,3.649505160601593e-05,2.3499711894628746e-14,2.3499711894628746e-14,1.1744099876881429e-14,2.878910186282118e-14,0.0,7.759348719105219e-13,1.249778664934908e-13,7.756573161543656e-13,0.0,2.541098841762901e-21,0.0,0.0,0.0,1.606704329515938e-12,8.649400497158735e-13,1.6067043291983006e-12,8.649400495448792e-13,1.6940658945086007e-21,0.0,1.508823238774859e-14,0.0,3.150433354323548e-14,2.251477889521932e-14,3.150433354323548e-14,2.251477889521932e-14,9.627380676932873e-08
9.960931816819381e-08,4.182297559500948e-11,3.893132823270284e-14,1.4100491097194133e-19,6.566605273119774e-19,0.0,0.0,8.550898987638187e-05,0.00754980130273739,9.375058697446234e-06,0.03815445755659338,3.65519992882409e-05,1.2304713771693882e-14,1.2304713771693882e-14,1.230157379143678e-14,0.0,1.2941710129652983e-14,8.068545831463325e-13,1.3513898066664136e-13,8.0674356084387e-13,0.0,8.68539643180679e-22,0.0,0.0,0.0,1.8473155212611276e-12,9.944687080552546e-13,1.8473155216317045e-12,9.94468708254748e-13,5.082197683525802e-21,0.0,4.454835678095886e-14,0.0,6.3008667116177896e-15,2.471075385191573e-14,6.3008667116177896e-15,2.482676678079796e-14,9.960931816819381e-08
2.3923319712130123e-08,8.800016797365665e-12,9.530797481902294e-15,2.5159160000228382e-20,1.0860840392003765e-19,0.0,0.0,1.3806545078372227e-05,0.0008920637429873288,4.218609515033367e-06,0.05916092104615464,3.7041705983928144e-05,2.2763316630293078e-14,2.2763316630293078e-14,1.1384468870625538e-14,0.0,1.2941710129652983e-14,2.015054789694659e-13,3.9888603656853945e-15,2.0128343436454088e-13,0.0,1.6940658945086007e-21,0.0,0.0,0.0,2.038934425092561e-12,1.097623259369866e-12,2.0389344254631377e-12,1.0976232595693593e-12,6.776263578034403e-21,3.3881317890172014e-21,5.846607870337606e-14,2.923303935168803e-14,0.0,2.0212182022472443e-14,0.0,1.9983795784930382e-14,2.3923319712130123e-08
2.06420412242664e-08,7.631665985199709e-12,7.885905625372782e-15,2.143261176323104e-20,9.142789342790047e-20,0.0,0.0,1.2851937571484625e-05,0.0008569133482548513,4.218532065195938e-06,0.05166257613175704,3.6350779486417554e-05,4.737709140425142e-14,4.737709140425142e-14,2.3682674067303944e-14,1.444161671401684e-14,1.2941710129652983e-14,1.7386092565629951e-13,7.10853306252828e-15,1.7363888105137448e-13,0.0,4.235164736271502e-22,0.0,0.0,0.0,2.1864924747699615e-12,1.1770584513210813e-12,2.1864924743993846e-12,1.177058451121588e-12,3.3881317890172014e-21,1.6940658945086007e-21,2.8781563840465025e-14,1.4390781920232512e-14,1.89026001514005e-14,2.8332238808052915e-14,1.89026001514005e-14,2.84446683271325e-14,2.06420412242664e-08
2.0418126076732895e-08,7.575540596335485e-12,8.198566691993792e-15,2.900082977950873e-20,8.570844631835666e-20,0.0,0.0,1.2755867629101349e-05,0.0008528399075441391,4.217863500641739e-06,0.02145708240638715,3.621284754731267e-05,3.7025269229012203e-14,3.7025269229012203e-14,1.1854986570430921e-14,1.8048184360825756e-14,1.2941710129652983e-14,1.713629238508929e-13,7.435589588535093e-15,1.712519015484304e-13,0.0,1.6940658945086007e-21,0.0,0.0,0.0,2.228660048300478e-12,1.1997585974997338e-12,2.2286600487239943e-12,1.1997585977277263e-12,5.082197683525802e-21,1.6940658945086007e-21,4.251573213696068e-14,1.4171910712320227e-14,1.890260015851373e-14,2.856564777115064e-14,1.890260015851373e-14,2.834420864114172e-14,2.0418126076732895e-08
2.0283297798764238e-08,7.546192905666528e-12,7.96502813002384e-15,2.3750930714365667e-20,8.90762626947514e-20,0.0,0.0,1.270510610292795e-05,0.0008506475517040343,4.217608753617329e-06,0.012134049360451949,3.620643810091166e-05,2.284863028430062e-14,2.284863028430062e-14,1.2356133012381378e-14,1.377406456616583e-14,1.2941710129652983e-14,1.7169599075828046e-13,7.496815284896785e-15,1.7152945730458669e-13,0.0,1.2705494208814505e-21,0.0,0.0,0.0,2.2464623626045865e-12,1.209342149579844e-12,2.2464623626045865e-12,1.209342149579844e-12,1.6940658945086007e-21,1.6940658945086007e-21,1.3959597443221786e-14,1.3959597443221786e-14,6.300866721641781e-15,2.159404741034344e-14,6.300866721641781e-15,2.1703108255850226e-14,2.0283297798764238e-08
2.01857951188046e-08,7.524373695608453e-12,7.719843016481528e-15,2.4669607379326597e-20,9.131981556031688e-20,0.0,0.0,1.2673766903616728e-05,0.0008493229954783151,4.217357700831312e-06,0.0183248457117872,3.620597994668511e-05,3.5653282324313025e-14,3.5653282324313025e-14,1.1882170633384333e-14,1.3764362156250438e-14,1.2941710129652983e-14,1.712519015484304e-13,8.02203429402338e-15,1.709743457922741e-13,0.0,1.6940658945086007e-21,0.0,0.0,0.0,2.3390693966003387e-12,1.2591954618021741e-12,2.339069397182674e-12,1.2591954621156637e-12,3.3881317890172014e-21,1.6940658945086007e-21,2.7507103449005275e-14,1.3753551724502637e-14,6.300866723568719e-15,4.8352991353589194e-14,6.300866723568719e-15,4.824554026169233e-14,2.01857951188046e-08
2.010488072316623e-08,7.506372159922341e-12,7.885905625372782e-15,2.4622302240153923e-20,9.161275620434259e-20,0.0,0.0,1.264951620645935e-05,0.0008481078825577059,4.217107619482005e-06,0.021667732757655104,3.620253315344388e-05,1.1452758230889827e-14,1.1452758230889827e-14,1.2380425549547023e-14,1.8009802504053737e-14,1.2941710129652983e-14,1.699196339188802e-13,7.287732178550015e-15,1.6975310046518644e-13,0.0,4.235164736271502e-22,0.0,0.0,0.0,2.3804605486859994e-12,1.2814776356191536e-12,2.3804605485801203e-12,1.2814776355621555e-12,3.3881317890172014e-21,5.082197683525802e-21,2.7107000126110644e-14,4.0660500189165966e-14,1.890260017592222e-14,2.223651517111482e-14,1.890260017592222e-14,2.244829150607782e-14,2.010488072316623e-08
2.0035240499534042e-08,7.491167839961244e-12,7.890202802610875e-15,2.5425101714144823e-20,8.687674927102969e-20,0.0,0.0,1.2632029819818102e-05,0.0008473046156316533,4.216858891671583e-06,0.01771234635557857,3.620144188122518e-05,1.2391259502895475e-14,1.2391259502895475e-14,1.2392609716414963e-14,1.4393174997931148e-14,1.2941710129652983e-14,1.6986412276764895e-13,7.282705978969243e-15,1.6975310046518644e-13,0.0,3.3881317890172014e-21,0.0,0.0,0.0,2.398207918062558e-12,1.291031609096971e-12,2.3982079182213766e-12,1.2910316091824683e-12,3.3881317890172014e-21,3.3881317890172014e-21,2.6718369299929822e-14,2.6718369299929822e-14,6.300866726877634e-15,8.55834476435254e-15,6.300866726877634e-15,8.76708488055626e-15,2.0035240499534042e-08
1.9973458241105798e-08,7.476452091912292e-12,7.841429064684871e-15,2.7694221164025783e-20,8.806101873042338e-20,0.0,0.0,1.2617041637326441e-05,0.0008465585013900319,4.216610607608337e-06,0.02434143909359768,3.6199169926808054e-05,2.4807310462555435e-14,2.4807310462555435e-14,1.2404819663617277e-14,1.4383490453130303e-14,1.2941710129652983e-14,1.6964207816272392e-13,8.071608561371974e-15,1.6936452240656763e-13,0.0,3.3881317890172014e-21,0.0,0.0,0.0,2.38948336446819e-12,1.28633490436976e-12,2.38948336446819e-12,1.28633490436976e-12,5.082197683525802e-21,3.3881317890172014e-21,3.95110867562566e-14,2.634072450417107e-14,6.300866728296963e-15,1.12155401186464e-14,6.300866728296963e-15,1.1421329845594042e-14,1.9973458241105798e-08
1.991353685693203e-08,7.463345358983475e-12,7.761046591581555e-15,3.030437198788175e-20,8.459559843170565e-20,0.0,0.0,1.2604500440062515e-05,0.000845604979206666,4.216363064132702e-06,0.03616804580038676,3.6197470811416274e-05,1.1938021357098209e-14,1.1938021357098209e-14,1.149644567304806e-14,1.3725536445546677e-14,1.2941710129652983e-14,1.688649220454863e-13,7.206538758459407e-15,1.6864287744056128e-13,0.0,8.470329472543003e-22,0.0,0.0,0.0,2.334241725386467e-12,1.2565965728199047e-12,2.3342417254923463e-12,1.256596572876903e-12,3.3881317890172014e-21,0.0,2.5973606392614674e-14,0.0,1.8902600188742784e-14,2.353890310656421e-14,1.8902600188742784e-14,2.333598152805935e-14,1.991353685693203e-08
1.9857652404737746e-08,7.450355623668816e-12,7.980681276235986e-15,1.984661640532547e-20,9.075067049661633e-20,0.0,0.0,1.259230499468212e-05,0.0008450259490212407,4.2161156772269415e-06,0.036042244157065556,3.61939987909322e-05,1.1509655110589964e-14,1.1509655110589964e-14,1.19498196482503e-14,1.3715827276218831e-14,1.2941710129652983e-14,1.699196339188802e-13,7.994390587242574e-15,1.6958656701149266e-13,0.0,5.955700410381799e-23,0.0,0.0,0.0,2.252047058076317e-12,1.2123485688009956e-12,2.252047058076317e-12,1.2123485688009956e-12,5.082197683525802e-21,1.6940658945086007e-21,3.842487131278562e-14,1.2808290437595208e-14,6.300866730743404e-15,1.8712368133415712e-14,6.300866730743404e-15,1.851223585391394e-14,1.9857652404737746e-08
1.9805146924157416e-08,7.437059825204544e-12,7.541757345711897e-15,2.7315991768260557e-20,8.583519707287145e-20,0.0,0.0,1.2583283855026938e-05,0.0008443760357444314,4.215868779736687e-06,0.039725877804278636,3.6193592373949064e-05,2.304776287613008e-14,2.304776287613008e-14,0.0,1.435444499753989e-14,1.2941710129652983e-14,1.6825429938194247e-13,7.526696505623896e-15,1.6803225477701744e-13,0.0,1.6940658945086007e-21,0.0,0.0,0.0,2.234179255092304e-12,1.202729762081305e-12,2.234179254986425e-12,1.2027297620243069e-12,1.6940658945086007e-21,3.3881317890172014e-21,1.2634618702848146e-14,2.5269237405696293e-14,6.300866731796644e-15,1.0463186992693374e-14,6.300866731796644e-15,1.0463186992693374e-14,1.9805146924157416e-08
1.9753958146287314e-08,7.424638681815542e-12,7.869672422386555e-15,2.1175823681357508e-20,9.22501492276253e-20,0.0,0.0,1.2574023334016853e-05,0.0008437028471178755,4.215622111733731e-06,0.037893064831726386,3.6192543635500394e-05,1.1978255590471144e-14,1.1978255590471144e-14,1.1538720091545365e-14,1.7933071664267105e-14,1.2941710129652983e-14,1.6792123247455493e-13,7.389531975539678e-15,1.6775469902086115e-13,0.0,1.6940658945086007e-21,0.0,0.0,0.0,2.1640189122816963e-12,1.1649602177514072e-12,2.164018912440515e-12,1.1649602178369045e-12,1.6940658945086007e-21,0.0,1.2465593703478933e-14,0.0,0.0,2.1620310459928988e-14,0.0,2.1620310459928988e-14,1.9753958146287314e-08
1.9704718618902586e-08,7.41310756121041e-12,7.565011135712596e-15,2.2553991951262713e-20,8.982754892076194e-20,0.0,0.0,1.2565360768606625e-05,0.0008431744404511861,4.215375682801381e-06,0.06509528907620188,3.618841294441106e-05,3.7397247311911097e-14,3.7397247311911097e-14,2.49324285980285e-14,0.0,1.2941710129652983e-14,1.6892043319671757e-13,7.714076201236073e-15,1.687538997430238e-13,0.0,8.470329472543003e-22,0.0,0.0,0.0,2.048899111621607e-12,1.102987567104345e-12,2.048899111727486e-12,1.1029875671613428e-12,1.6940658945086007e-21,1.6940658945086007e-21,1.2301031410363694e-14,1.2301031410363694e-14,1.890260020085408e-14,7.015528184526256e-15,1.890260020085408e-14,6.919425058710828e-15,1.9704718618902586e-08
1.9656441493164117e-08,7.39959447604466e-12,7.940035338180147e-15,2.819487566238964e-20,9.040793590109717e-20,0.0,0.0,1.255652099017222e-05,0.0008420614434593203,4.21512935920486e-06,0.0386221436592785,3.618682739278363e-05,1.247819042828554e-14,1.247819042828554e-14,1.2478553118104932e-14,1.3676983923821096e-14,1.2941710129652983e-14,1.6725509865977983e-13,7.576957508362283e-15,1.6692203175239229e-13,0.0,3.3881317890172014e-21,0.0,0.0,0.0,1.9230727447908755e-12,1.0352512313125967e-12,1.9230727450026337e-12,1.035251231426593e-12,6.776263578034403e-21,3.3881317890172014e-21,4.85630295418918e-14,2.42815147709459e-14,1.260173346880976e-14,3.120596857607046e-14,1.260173346880976e-14,3.130081954438678e-14,1.9656441493164117e-08
1.9610923240408277e-08,7.387683254192197e-12,7.311895462613621e-15,2.169462877787276e-20,9.238126455548161e-20,0.0,0.0,1.254951154028273e-05,0.0008413407086692425,4.2148831686131485e-06,0.040205792931911066,3.618390556503777e-05,2.4981278238199262e-14,2.4981278238199262e-14,2.4981818324740065e-14,0.0,1.2941710129652983e-14,1.667554982986985e-13,7.176658043611141e-15,1.6647794254254222e-13,0.0,1.6940658945086007e-21,0.0,0.0,0.0,1.8373300000089174e-12,9.890931843265537e-13,1.837330000061857e-12,9.890931843550529e-13,1.6940658945086007e-21,3.3881317890172014e-21,1.1984606165081011e-14,2.3969212330162022e-14,6.300866735120023e-15,2.5280375577044548e-14,6.300866735120023e-15,2.5280375577044548e-14,1.9610923240408277e-08
1.9564216610287803e-08,7.376064695972134e-12,7.646648488821522e-15,2.0399254691431687e-20,9.441926285611213e-20,0.0,0.0,1.2544349759321717e-05,0.0008410581103005652,4.2146373889344204e-06,0.15790829762773034,3.618238090131827e-05,3.750928534955834e-14,3.750928534955834e-14,1.2503281475604981e-14,1.7881928079598052e-14,1.2941710129652983e-14,1.6714407635731732e-13,7.303268596923338e-15,1.6692203175239229e-13,0.0,1.6940658945086007e-21,0.0,0.0,0.0,1.70191051053794e-12,9.161925654610915e-13,1.7019105107496982e-12,9.161925655750878e-13,6.776263578034403e-21,3.3881317890172014e-21,4.7329682759875435e-14,2.3664841379937717e-14,1.2601733471541196e-14,2.218609339012671e-14,1.2601733471541196e-14,2.2370977501711097e-14,1.9564216610287803e-08
1.951986395735007e-08,7.363689000836896e-12,7.629300436556997e-15,2.501258318479551e-20,8.831484789646718e-20,0.0,0.0,1.2535955520071357e-05,0.0008404551455991083,4.214391439534927e-06,0.12494223278448176,3.617948864470967e-05,3.4827768563091085e-14,3.4827768563091085e-14,1.2044244305761786e-14,1.3647846716201272e-14,1.2941710129652983e-14,1.6692203175239229e-13,7.36394694966074e-15,1.667554982986985e-13,0.0,1.6940658945086007e-21,0.0,0.0,0.0,1.5911031489166492e-12,8.56541437926956e-13,1.5911031491284075e-12,8.56541438040952e-13,1.6940658945086007e-21,0.0,1.1684051778495895e-14,0.0,1.8902600209089053e-14,1.487911404128083e-14,1.8902600209089053e-14,1.4787831133052112e-14,1.951986395735007e-08
1.947818151608988e-08,7.351649715595737e-12,7.597527989367247e-15,2.501258318479551e-20,8.305717082225978e-20,0.0,0.0,1.2531103850796028e-05,0.0008395040517755331,4.214145544949145e-06,0.5088015350328925,3.618027500237628e-05,3.6176458931377706e-14,3.6176458931377706e-14,1.25280713318636e-14,1.7856359384613926e-14,1.2941710129652983e-14,1.6592283103022964e-13,7.687349366240406e-15,1.6570078642530461e-13,0.0,5.082197683525802e-21,0.0,0.0,0.0,1.5146607799744958e-12,8.153900790996933e-13,1.5146607803450727e-12,8.153900792991866e-13,6.776263578034403e-21,6.776263578034403e-21,4.615743055529647e-14,4.615743055529647e-14,6.30086673690303e-15,1.730927427875613e-14,6.30086673690303e-15,1.7219121808554274e-14,1.947818151608988e-08
1.9434652807725655e-08,7.340450074983787e-12,7.812491987424036e-15,2.169462877787276e-20,9.045372079850284e-20,0.0,0.0,1.2524340993795152e-05,0.0008389005838753284,4.2138998219815135e-06,3.7423423074395883,3.61756355258817e-05,2.3275441261485636e-14,2.3275441261485636e-14,2.508097440650421e-14,2.855405988876378e-14,1.2941710129652983e-14,1.667554982986985e-13,7.353713448228537e-15,1.6647794254254222e-13,0.0,2.541098841762901e-21,0.0,0.0,0.0,1.4105945510952176e-12,7.593679177554834e-13,1.410594551412855e-12,7.593679179264776e-13,1.6940658945086007e-21,1.6940658945086007e-21,1.1398203416942466e-14,1.1398203416942466e-14,6.300866737395807e-15,2.0748577339105473e-14,6.300866737395807e-15,2.0837627027256142e-14,1.9434652807725655e-08
1.939065681820408e-08,7.328042349786311e-12,7.620813779314253e-15,2.5803242957919773e-20,8.452556008606001e-20,0.0,0.0,1.2517347249302796e-05,0.0008383823416360911,4.213654173105787e-06,0.29607751056010123,3.617454905051362e-05,1.1651953982061533e-14,1.1651953982061533e-14,1.2084680096167916e-14,1.783079275565476e-14,1.2941710129652983e-14,1.663669202400797e-13,7.67665916416156e-15,1.6603385333269216e-13,0.0,3.3881317890172014e-21,0.0,0.0,0.0,1.3301952445648228e-12,7.160864135545998e-13,1.3301952446177624e-12,7.16086413583099e-13,1.6940658945086007e-21,1.6940658945086007e-21,1.1260460777462794e-14,1.1260460777462794e-14,1.2601733475692076e-14,3.41337410633516e-14,1.2601733475692076e-14,3.404576750390997e-14,1.939065681820408e-08
1.9349735809807066e-08,7.316331523197581e-12,7.854582704798707e-15,2.2553991951262713e-20,8.996345715024258e-20,0.0,0.0,1.2512458098239807e-05,0.0008373754083491925,4.213408536684514e-06,0.2541367122679398,3.6170450257612235e-05,3.76964481030628e-14,3.76964481030628e-14,1.2098158026924164e-14,1.7818010216094566e-14,1.2941710129652983e-14,1.6464607455191071e-13,6.950079511023357e-15,1.6447954109821694e-13,0.0,1.6940658945086007e-21,0.0,0.0,0.0,1.2677216549513694e-12,6.824548929857387e-13,1.2677216544219738e-12,6.824548927007483e-13,5.082197683525802e-21,1.6940658945086007e-21,3.3378022543344926e-14,1.112600751444831e-14,2.5203466953031588e-14,2.911924832494136e-14,2.5203466953031588e-14,2.894540206628499e-14,1.9349735809807066e-08
1.9309511367381663e-08,7.305859723168661e-12,7.722237632581043e-15,2.2087916908104494e-20,9.228814383254775e-20,0.0,0.0,1.2507401108504615e-05,0.0008370793816548122,4.213162975867668e-06,0.11362261867945792,3.616944197365711e-05,2.5155962710612717e-14,2.5155962710612717e-14,1.2577810695508658e-14,1.4248008918286333e-14,1.2941710129652983e-14,1.6575629757653587e-13,7.272842637453929e-15,1.6553425297161084e-13,0.0,8.470329472543003e-22,0.0,0.0,0.0,1.1991485358103614e-12,6.455398016466494e-13,1.199148535863301e-12,6.455398016751485e-13,0.0,3.3881317890172014e-21,0.0,2.1989454379588098e-14,1.2601733477270413e-14,7.644876443175077e-15,1.2601733477270413e-14,7.644876443175077e-15,1.9309511367381663e-08
1.9266884034912457e-08,7.293331545926128e-12,7.421905274077942e-15,2.1644965312249915e-20,9.121011270218882e-20,0.0,0.0,1.25031346792048e-05,0.0008366828991527222,4.212917535806151e-06,0.17740908511995845,3.61677647701578e-05,2.518097386625838e-14,2.518097386625838e-14,1.2125114798811345e-14,1.779244668700734e-14,1.2941710129652983e-14,1.6564527527407336e-13,7.791575276921074e-15,1.6542323066914832e-13,0.0,1.6940658945086007e-21,0.0,0.0,0.0,1.1363774651436947e-12,6.117481375639964e-13,1.1363774653025134e-12,6.117481376494935e-13,1.6940658945086007e-20,1.0164395367051604e-20,1.0866508796910138e-13,6.519905278146083e-14,1.2601733477962696e-14,5.102235691854494e-14,1.2601733477962696e-14,5.110725268712821e-14,1.9266884034912457e-08
1.922619304244681e-08,7.281878092836486e-12,7.757075121363677e-15,2.1175823681357508e-20,8.974589860390029e-20,0.0,0.0,1.2496819777849418e-05,0.0008359522277202477,4.212671710325884e-06,0.2720105632434655,3.6166238348749224e-05,2.5205998766706424e-14,2.5205998766706424e-14,3.780825154360609e-14,1.777966569752221e-14,1.2941710129652983e-14,1.6503465261052952e-13,7.458990451175574e-15,1.6475709685437323e-13,0.0,5.459392042849983e-23,0.0,0.0,0.0,1.046534763505404e-12,5.633829533828823e-13,1.046534763505404e-12,5.633829533828823e-13,3.3881317890172014e-21,3.3881317890172014e-21,2.1482492895332433e-14,2.1482492895332433e-14,6.300866739299382e-15,1.090922864710914e-14,6.300866739299382e-15,1.090922864710914e-14,1.922619304244681e-08
1.918826064576541e-08,7.270754066121326e-12,7.452979342788957e-15,2.7065320519490007e-20,8.455862082343553e-20,0.0,0.0,1.2493120351154786e-05,0.0008353933297378655,4.2124261317631925e-06,0.5740286621776607,3.616216646076947e-05,2.5231037312970593e-14,2.5231037312970593e-14,1.2615236215552863e-14,1.3570138919994031e-14,1.2941710129652983e-14,1.6509016376176078e-13,7.38839875245009e-15,1.6475709685437323e-13,0.0,3.3881317890172014e-21,0.0,0.0,0.0,1.026299724381955e-12,5.524897881477363e-13,1.0262997242231363e-12,5.524897880622391e-13,6.776263578034403e-21,6.776263578034403e-21,4.2475356322964983e-14,4.2475356322964983e-14,1.2601733479184144e-14,6.968709143894618e-14,1.2601733479184144e-14,6.968709143894618e-14,1.918826064576541e-08
1.9147065125196982e-08,7.2583424266006e-12,7.56989756821848e-15,2.7784746527152516e-20,8.243624091283944e-20,0.0,0.0,1.2486628278840852e-05,0.0008343842689622907,4.2121804186285925e-06,0.5179367575959011,3.616228709051499e-05,4.6949478197727895e-14,4.6949478197727895e-14,1.2627731971991693e-14,1.775410526869661e-14,1.2941710129652983e-14,1.642574964932919e-13,6.795191453926642e-15,1.6392442958590436e-13,0.0,1.6940658945086007e-21,0.0,0.0,0.0,9.822517539569857e-13,5.287773645055264e-13,9.822517541158043e-13,5.287773645910237e-13,1.3552527156068805e-20,6.776263578034403e-21,8.399352151752512e-14,4.199676075876256e-14,1.8902600219585727e-14,3.912642762613949e-14,1.8902600219585727e-14,3.8962375518692366e-14,1.9147065125196982e-08
1.910859021744733e-08,7.247072038031526e-12,7.560732916677072e-15,2.6529850777442275e-20,8.745844029684109e-20,0.0,0.0,1.2482789272586768e-05,0.0008339672136549981,4.211934846934017e-06,0.2039797925632275,3.615950535445587e-05,3.525482401933087e-14,3.525482401933087e-14,0.0,0.0,1.2941710129652983e-14,1.6370238498097933e-13,7.051611559559343e-15,1.6342482922482304e-13,0.0,8.470329472543003e-22,0.0,0.0,0.0,9.712460551945715e-13,5.228526467713138e-13,9.71246055141632e-13,5.228526467428147e-13,6.776263578034403e-21,3.3881317890172014e-21,4.152883027677075e-14,2.0764415138385374e-14,6.300866740111148e-15,1.938579544234766e-14,6.300866740111148e-15,1.9548019671990736e-14,1.910859021744733e-08
1.9071064814251415e-08,7.236118184505226e-12,7.36731484767e-15,1.9333886519672488e-20,9.471601840798352e-20,0.0,0.0,1.2478323307728915e-05,0.0008333346971823089,4.21168908910195e-06,0.16901130518257662,3.6157875612337377e-05,2.5306233853511525e-14,2.5306233853511525e-14,1.2192523371179624e-14,1.354099760451204e-14,1.2941710129652983e-14,1.6409096303959814e-13,7.242419279842083e-15,1.638689184346731e-13,0.0,1.6940658945086007e-21,0.0,0.0,0.0,9.028103708559115e-13,4.860115409581158e-13,9.028103710147302e-13,4.860115410436129e-13,6.776263578034403e-21,3.3881317890172014e-21,4.107121231228839e-14,2.0535606156144195e-14,6.300866740341824e-15,9.70641645663747e-15,6.300866740341824e-15,9.70641645663747e-15,1.9071064814251415e-08
1.903187027256063e-08,7.224079965643735e-12,7.566029402732366e-15,2.0834255741668704e-20,8.903559610553639e-20,0.0,0.0,1.24733046815596e-05,0.000832594694091384,4.2114431373578826e-06,1.4649720875864496,3.615694105179976e-05,3.799698902604145e-14,3.799698902604145e-14,1.177976715587972e-14,1.3531283882892864e-14,1.2941710129652983e-14,1.6370238498097933e-13,6.520134210569455e-15,1.6342482922482304e-13,0.0,1.6940658945086007e-21,0.0,0.0,0.0,8.583504500912181e-13,4.620773513439233e-13,8.583504500912181e-13,4.620773513439233e-13,3.3881317890172014e-21,3.3881317890172014e-21,2.031178483564125e-14,2.031178483564125e-14,1.2601733481111499e-14,1.499601678216775e-14,1.2601733481111499e-14,1.5154704790444656e-14,1.903187027256063e-08
1.899279030761967e-08,7.211571618927625e-12,7.544004256932824e-15,2.1644965312249915e-20,8.877935367538629e-20,0.0,0.0,1.2469077908970228e-05,0.0008321941181652781,4.211197638937198e-06,2.3573939484019566,3.6153388473366035e-05,3.538298286593868e-14,3.538298286593868e-14,0.0,0.0,1.2941710129652983e-14,1.6286971771251046e-13,7.36259006879136e-15,1.6264767310758543e-13,0.0,1.6940658945086007e-21,0.0,0.0,0.0,7.989877562438833e-13,4.3012052492331493e-13,7.989877561380042e-13,4.301205248663168e-13,0.0,3.3881317890172014e-21,0.0,2.0092789850890394e-14,1.8902600222263752e-14,1.6639571238651137e-14,1.8902600222263752e-14,1.6796548325808223e-14,1.899279030761967e-08
1.8954508026346098e-08,7.2021158402358995e-12,7.577831300698757e-15,2.4077200200549056e-20,8.876448098062543e-20,0.0,0.0,1.2463904437077897e-05,0.0008316392862182803,4.210951753205755e-06,0.9764554103114331,3.615173506586414e-05,3.670136413846287e-14,3.670136413846287e-14,1.2690349237456936e-14,1.7690213238474483e-14,1.2941710129652983e-14,1.637578961322106e-13,7.096988604702422e-15,1.634803403760543e-13,0.0,1.6940658945086007e-21,0.0,0.0,0.0,7.846476731682444e-13,4.2240080204679194e-13,7.84647672744728e-13,4.2240080181879953e-13,3.3881317890172014e-21,3.3881317890172014e-21,1.9878466759147558e-14,1.9878466759147558e-14,6.30086674093979e-15,2.8420387820806405e-14,6.30086674093979e-15,2.849803915365014e-14,1.8954508026346098e-08
1.8917908923200716e-08,7.191240822732098e-12,7.69505501592758e-15,2.7315991768260557e-20,8.696209966153173e-20,0.0,0.0,1.2459859591145177e-05,0.0008309224240387956,4.210705826319291e-06,7.325437248824336,3.61494879703898e-05,2.4494538957697724e-14,2.4494538957697724e-14,1.270289847111113e-14,1.3502143051254437e-14,1.2941710129652983e-14,1.645350522494482e-13,6.4413667619288215e-15,1.6436851879575443e-13,0.0,4.714929491552258e-23,0.0,0.0,0.0,7.822465335822455e-13,4.2110819222758946e-13,7.822465337410641e-13,4.2110819231308663e-13,0.0,0.0,0.0,0.0,1.2601733482225436e-14,2.2819042848640715e-14,1.2601733482225436e-14,2.274221105453755e-14,1.8917908923200716e-08
1.887966599604451e-08,7.180377055719541e-12,7.561955511955243e-15,2.5858793599090686e-20,8.502020224054236e-20,0.0,0.0,1.2456361054503319e-05,0.000830573737058156,4.210460026764422e-06,0.9280172441733618,3.614608681661004e-05,2.452150799153435e-14,2.452150799153435e-14,1.2715455642818506e-14,1.7664660042495783e-14,1.2941710129652983e-14,1.6397994073713562e-13,7.282087109722805e-15,1.6364687382974807e-13,0.0,8.470329472543003e-22,0.0,0.0,0.0,7.362959547457624e-13,3.963715339556362e-13,7.362959544810646e-13,3.96371533813141e-13,3.3881317890172014e-21,3.3881317890172014e-21,1.9463250743290675e-14,1.9463250743290675e-14,6.300866741274559e-15,7.602937366513554e-15,6.300866741274559e-15,7.602937366513554e-15,1.887966599604451e-08
1.8842182771326737e-08,7.167987942910506e-12,7.283604593613869e-15,2.4622302240153923e-20,8.812315421959097e-20,0.0,0.0,1.2450981143327995e-05,0.0008297917252168821,4.210213904700577e-06,1.021985527963819,3.614507479324617e-05,3.5553890576898894e-14,3.5553890576898894e-14,1.2273468293036523e-14,1.4131954863111659e-14,1.2941710129652983e-14,1.6431300764452317e-13,7.082052612147069e-15,1.6403545188836688e-13,0.0,5.2112378590840744e-23,0.0,0.0,0.0,7.149492453273709e-13,3.84879921238581e-13,7.149492452214918e-13,3.848799211815829e-13,3.3881317890172014e-21,6.776263578034403e-21,1.9262080192972422e-14,3.8524160385944845e-14,2.5203466965705708e-14,2.151965264865827e-14,2.5203466965705708e-14,2.1594896189387847e-14,1.8842182771326737e-08
1.8804877336265515e-08,7.156413147958094e-12,7.71764729902173e-15,2.4432165786662115e-20,8.544288413266242e-20,0.0,0.0,1.2447273112207667e-05,0.0008291154939764312,4.209967805324456e-06,2.386657721085188,3.61421082471955e-05,3.8223228615285164e-14,3.8223228615285164e-14,1.2740593507245034e-14,1.4122285289418121e-14,1.2941710129652983e-14,1.634803403760543e-13,6.752437664496769e-15,1.6325829577112927e-13,0.0,1.6940658945086007e-21,0.0,0.0,0.0,6.949102989024162e-13,3.740923189407285e-13,6.949102987435976e-13,3.7409231885523127e-13,0.0,3.3881317890172014e-21,0.0,1.9065025664144054e-14,1.890260022470781e-14,2.3086873727312975e-14,1.890260022470781e-14,2.323582129974725e-14,1.8804877336265515e-08
2.4444803507567453e-06,1.1385077437353176e-09,7.805659626751224e-13,5.331161199259275e-18,5.183639735367995e-18,0.0,0.0,0.0013956460945458164,0.24721396992974268,0.0014454440608189793,0.06344043816234265,0.012421054512362528,2.9760261923404775e-14,2.9760261923404775e-14,1.8394428435487582e-14,1.3461187985221905e-14,1.2941710129652983e-14,1.632599611056662e-11,3.120813909725923e-12,1.6325663043659233e-11,0.0,8.211875623942433e-12,0.0,8.211875623942433e-12,0.0,1.5244561952721385e-12,8.206632627457998e-13,1.5244561950603803e-12,8.206632626318036e-13,3.3881317890172014e-21,6.776263578034403e-21,1.8871962113114736e-14,3.774392422622947e-14,9.442040921368431e-15,1.7176662244616683e-14,9.442040921368431e-15,1.7029223148893614e-14,2.4444803507567453e-06
1.1052608197775706e-07,4.674087571495127e-11,3.7050938577586826e-14,1.6638270177363394e-19,7.730149716606607e-19,0.0,0.0,5.514232225608047e-05,0.009464510011805927,1.8967789613285184e-05,0.09761546525717771,1.7740352379813445e-05,6.067553331131129e-14,6.067553331131129e-14,1.4918308476798155e-14,1.4887985659883466e-14,2.5883420259305965e-14,7.663314427475143e-13,4.0617828310495773e-14,7.659983758401268e-13,0.0,8.470329472543003e-22,0.0,0.0,0.0,1.0278258056801247e-12,5.533113262550678e-13,1.0278258063153994e-12,5.533113265970564e-13,6.776263578034403e-21,3.3881317890172014e-21,3.7272125173401596e-14,1.8636062586700798e-14,9.442040917860761e-15,1.059211665465121e-14,9.442040917860761e-15,1.0810510812479071e-14,1.1052608197775706e-07
6.587352624883876e-09,6.305079666944216e-12,2.152802317486082e-15,3.717700098154887e-20,1.3233804738053277e-19,0.0,0.0,7.762748009694501e-06,0.001473781018230497,3.578470045003446e-06,0.004302087480006482,2.5243391806238897e-05,3.725713803265067e-14,3.725713803265067e-14,1.8625339716177472e-14,1.6221051403144752e-14,1.2941710129652983e-14,5.367928324062632e-14,1.716427290500331e-14,0.0,0.0,1.6940658945086007e-21,0.0,0.0,0.0,1.2579870251948861e-12,6.772144321300239e-13,1.2579870251948861e-12,6.772144321300239e-13,3.3881317890172014e-21,0.0,1.84047254131055e-14,0.0,4.72102045640746e-15,2.2395099430161472e-14,4.72102045640746e-15,2.2502941000451174e-14,6.587352624883876e-09
1.5374990184414078e-09,5.608276262949016e-12,1.577923392343183e-15,3.839326334404054e-20,1.1082414205886263e-19,0.0,0.0,6.369507097295984e-06,0.0011685782407503495,3.635357108749798e-06,0.010863620646099187,3.2479364317339214e-05,2.0221350888633594e-14,2.0221350888633594e-14,2.023008971066486e-14,1.688701895345113e-14,2.5883420259305965e-14,6.755707104844078e-14,1.9240903839632504e-14,0.0,0.0,1.6940658945086007e-21,0.0,0.0,0.0,1.2337805195223849e-12,6.641833001194866e-13,1.2337805194694453e-12,6.641833000909875e-13,0.0,0.0,0.0,0.0,1.4163061361408004e-14,1.3740059191724842e-14,1.4163061361408004e-14,1.3562539047128915e-14,1.5374990184414078e-09
4.6074984554904175e-09,5.288606997910627e-12,2.926864601008121e-15,3.30746860387651e-20,9.327679532806032e-20,0.0,0.0,8.120596491233494e-06,0.0009615511657368378,3.669137891315181e-06,0.004053370454357259,3.2911838180620495e-05,4.044861181596544e-14,4.044861181596544e-14,1.5032726386988094e-14,0.0,1.2941710129652983e-14,8.665290707199347e-14,1.8698312256996005e-14,0.0,0.0,1.6940658945086007e-21,0.0,0.0,0.0,1.055632291597441e-12,5.682804421464733e-13,1.0556322922327156e-12,5.682804424884619e-13,6.776263578034403e-21,6.776263578034403e-21,3.591051803137846e-14,3.591051803137846e-14,9.442040902684537e-15,6.102060777370541e-15,9.442040902684537e-15,6.2072687218079625e-15,4.6074984554904175e-09
8.023191034499438e-09,5.179414871759798e-12,3.968950264381261e-15,3.4148642043936353e-20,7.537520223629753e-20,0.0,0.0,9.762357830996729e-06,0.0009193790279470181,3.701103355352628e-06,0.004247672227127255,3.314723594266678e-05,6.069136776377494e-14,6.069136776377494e-14,0.0,1.4482620941472882e-14,3.494261735006139e-14,1.0297318553398327e-13,1.8240773763846482e-14,1.028066520802895e-13,0.0,1.6940658945086007e-21,0.0,0.0,0.0,8.578647707122124e-13,4.618158946847824e-13,8.578647714533663e-13,4.618158950837691e-13,3.3881317890172014e-21,0.0,1.773690028079915e-14,0.0,1.4163061347275952e-14,1.2332846577724474e-14,1.4163061347275952e-14,1.2367489405189993e-14,8.023191034499438e-09
1.0988226512625453e-08,5.278151791009184e-12,4.768792382073734e-15,2.483469147974397e-20,6.417948810984992e-20,0.0,0.0,1.1110330998926298e-05,0.0009099336133071181,3.73146295321398e-06,0.016029641605878903,3.337006569767851e-05,4.047953032718637e-14,4.047953032718637e-14,1.8807320883183906e-14,1.5637135086464064e-14,1.2941710129652983e-14,1.1357581541915351e-13,1.5384453916363155e-14,1.1324274851176597e-13,0.0,1.6940658945086007e-21,0.0,0.0,0.0,7.313828321040162e-13,3.9372664375154264e-13,7.313828316275602e-13,3.937266434950512e-13,0.0,3.3881317890172014e-21,0.0,1.752264454773039e-14,1.4163061341177425e-14,1.177317774270435e-14,1.4163061341177425e-14,1.173895338880114e-14,1.0988226512625453e-08
1.3725713434407765e-08,5.587800625943285e-12,5.8553082325359965e-15,1.9694939078677648e-20,5.84089240489554e-20,0.0,0.0,1.2296553878196682e-05,0.0009237476314973281,3.7603393567334122e-06,0.0368959478733236,3.358253910239619e-05,3.768842706625702e-14,3.768842706625702e-14,2.0255427965965404e-14,1.3509933942925126e-14,1.2941710129652983e-14,1.2562173523633646e-13,1.2898136690518908e-14,1.2523315717771766e-13,0.0,1.0587911840678754e-22,0.0,0.0,0.0,6.672667394860804e-13,3.5921091156748004e-13,6.672667394331409e-13,3.5921091153898103e-13,3.3881317890172014e-21,0.0,1.731238637820081e-14,0.0,1.8884081780925363e-14,2.1268809870414447e-14,1.8884081780925363e-14,2.1336437246790964e-14,1.3725713434407765e-08
1.6337280472194765e-08,6.090553870256891e-12,6.804815856354321e-15,1.995926696614817e-20,5.1253286068487327e-20,0.0,0.0,1.3380065264721269e-05,0.0009323154050195774,3.7878397184971607e-06,0.028363116794017505,3.378579768914769e-05,3.773018123004422e-14,3.773018123004422e-14,0.0,1.5716520274461206e-14,1.2941710129652983e-14,1.4499512701604544e-13,1.2000434373885411e-14,1.4477308241112041e-13,0.0,5.082197683525802e-21,0.0,0.0,0.0,6.656878775071414e-13,3.583609599407431e-13,6.656878773483227e-13,3.58360959855246e-13,3.3881317890172014e-21,6.776263578034403e-21,1.7106023791974163e-14,3.4212047583948325e-14,1.416306133077235e-14,2.3587905583066487e-14,1.416306133077235e-14,2.3587905583066487e-14,1.6337280472194765e-08
1.888078184795912e-08,6.754137352195715e-12,7.529489663113842e-15,1.835132848962861e-20,5.1044362125103354e-20,0.0,0.0,1.4392482082483915e-05,0.0009377858537130792,3.8140598427252235e-06,0.04118551872027243,3.397863160679133e-05,2.554905172377067e-14,2.554905172377067e-14,1.5163056401332084e-14,2.5315462074554546e-14,2.5883420259305965e-14,1.6220358389773537e-13,8.627223954621317e-15,1.6187051699034782e-13,0.0,1.6940658945086007e-21,0.0,0.0,0.0,6.90756550886512e-13,3.718562242533724e-13,6.907565506747538e-13,3.7185622413937626e-13,0.0,0.0,0.0,0.0,1.8884081768478804e-14,1.3932325801798483e-14,1.8884081768478804e-14,1.3866295821695173e-14,1.888078184795912e-08
2.1383366812049128e-08,7.548976769147187e-12,8.469590136519284e-15,1.9355038782155393e-20,6.030637049879706e-20,0.0,0.0,1.5353811910652042e-05,0.0009407120582294115,3.839086539863551e-06,0.01440211079542105,3.4158681416166935e-05,4.061593537077143e-14,4.061593537077143e-14,2.0309395522740322e-14,1.419436878589257e-14,2.070673620744383e-14,1.826871987020695e-13,5.6487184503380824e-15,1.822986206434507e-13,0.0,5.082197683525802e-21,0.0,0.0,0.0,7.439526284901454e-13,4.004933649904242e-13,7.43952628172508e-13,4.0049336481942985e-13,3.3881317890172014e-21,0.0,1.6704593915249944e-14,0.0,9.44204088160344e-15,1.0832024048063622e-14,9.44204088160344e-15,1.0864650626521645e-14,2.1383366812049128e-08
2.386765506933313e-08,8.443030134856473e-12,9.179335784190451e-15,2.3298218239617834e-20,7.689425477273991e-20,0.0,0.0,1.6271687592519807e-05,0.0009402544999428273,3.862997975242592e-06,0.02540099839138134,3.433345632314933e-05,3.847717123421413e-14,3.847717123421413e-14,0.0,1.3876590666528356e-14,2.025658976815158e-14,2.0089485630592208e-13,4.160408740244615e-15,2.0061730054976579e-13,0.0,1.6940658945086007e-21,0.0,0.0,0.0,7.57559816283414e-13,4.078185470231069e-13,7.575598164951722e-13,4.0781854713710316e-13,6.776263578034403e-21,3.3881317890172014e-21,3.3018677483665356e-14,1.6509338741832678e-14,1.41630613188676e-14,1.5026270593094308e-14,1.41630613188676e-14,1.521974188828436e-14,2.386765506933313e-08
2.633505046711669e-08,9.416171169117163e-12,1.033625983433852e-14,2.945267053011721e-20,8.70342839578982e-20,0.0,0.0,1.715059470891615e-05,0.001080394882713602,3.885865440452607e-06,0.0627541902599636,3.449665898475873e-05,3.041018013855575e-14,3.041018013855575e-14,1.2863536454438817e-14,2.312067303540132e-14,1.2941710129652983e-14,2.1799229088514949e-13,5.380510361178907e-15,2.1765922397776194e-13,0.0,1.6940658945086007e-21,0.0,0.0,0.0,7.607863201752049e-13,4.095554767028908e-13,7.607863200163862e-13,4.095554766173937e-13,1.0164395367051604e-20,3.3881317890172014e-21,4.8952809421468485e-14,1.6317603140489497e-14,9.442040877139012e-15,3.8691063219298423e-14,9.442040877139012e-15,3.856358030918542e-14,2.633505046711669e-08
2.8796938272112646e-08,1.0451098198315182e-11,1.1188354812453361e-14,3.5049666579249595e-20,1.0700082729819561e-19,0.0,0.0,1.7995896226220956e-05,0.0013516910908905522,3.907754660072491e-06,0.03950307641583466,3.46528516964675e-05,1.886278108651615e-14,1.886278108651615e-14,0.0,3.3704325056120627e-14,1.941256519447861e-14,2.3697710460623966e-13,8.417940195658913e-15,2.366440376988521e-13,0.0,1.6940658945086007e-21,0.0,0.0,0.0,8.026129720350333e-13,4.3207209390151803e-13,8.026129722997311e-13,4.3207209404401327e-13,3.3881317890172014e-21,0.0,1.6129300471720765e-14,0.0,9.44204087526327e-15,2.6021431931900033e-14,9.44204087526327e-15,2.595842604344507e-14,2.8796938272112646e-08
3.1254608286798016e-08,1.153715672313953e-11,1.1981153235266461e-14,3.541430976255821e-20,1.260028648000016e-19,0.0,0.0,1.880839452836432e-05,0.0016299737626880408,3.928725414241782e-06,0.034846227017519875,3.480392246336873e-05,3.0427544426553844e-14,3.0427544426553844e-14,1.521111274215808e-14,2.185324984806084e-14,1.2941710129652983e-14,2.5673907444456745e-13,1.289526866411702e-14,2.565725409908737e-13,0.0,1.6940658945086007e-21,0.0,0.0,0.0,8.288937692090393e-13,4.46219883010362e-13,8.288937688384624e-13,4.4621988281086863e-13,0.0,3.3881317890172014e-21,0.0,1.594434681531044e-14,2.832612262079566e-14,3.8740277354701475e-14,2.832612262079566e-14,3.867799395059424e-14,3.1254608286798016e-08
3.37106153576204e-08,1.2663327433394628e-11,1.3025263141948606e-14,4.288248079521386e-20,1.479468495396031e-19,0.0,0.0,1.9592557650278e-05,0.001915610115674564,3.9488328903073585e-06,0.026793276031416586,3.494505939077782e-05,1.8814490836404422e-14,1.8814490836404422e-14,2.0460614424818213e-14,2.126903509015238e-14,1.8636062586699473e-14,2.7716717809767033e-13,1.6291464860036263e-14,2.7688962234151404e-13,0.0,5.082197683525802e-21,0.0,0.0,0.0,8.38889853052064e-13,4.5160109291769726e-13,8.388898529461849e-13,4.516010928606992e-13,1.3552527156068805e-20,1.0164395367051604e-20,6.305064346513708e-14,4.7287982598852804e-14,9.442040872127702e-15,3.5404868536398676e-14,9.442040872127702e-15,3.534329485198755e-14,3.37106153576204e-08
3.6161796253100013e-08,1.3823291559240539e-11,1.3626828740321048e-14,4.6933957263028165e-20,1.6866999787068865e-19,0.0,0.0,2.0343243801301882e-05,0.002209527775133176,3.968127325144223e-06,2.1107825588125984,3.5079741933192584e-05,4.100129100583383e-14,4.100129100583383e-14,1.8777509383369755e-14,2.0714448044743223e-14,1.8270649594803414e-14,2.964295475749168e-13,1.9744356376474863e-14,2.961519918187605e-13,0.0,3.3881317890172014e-21,0.0,0.0,0.0,8.404154537806445e-13,4.5242237231913067e-13,8.404154541512214e-13,4.5242237251862397e-13,6.776263578034403e-21,3.3881317890172014e-21,3.1168327671137015e-14,1.5584163835568507e-14,1.416306130625314e-14,1.82020500561101e-14,1.416306130625314e-14,1.8019420791333074e-14,3.6161796253100013e-08
3.8615082879180897e-08,1.501120876400687e-11,1.481503086187104e-14,5.692201630630265e-20,1.8627355621153754e-19,0.0,0.0,2.1848255651833895e-05,0.0025120827965611162,3.986655378732749e-06,0.49217913302073873,3.52108257186593e-05,2.0543113270295725e-14,2.0543113270295725e-14,1.3226188561421796e-14,2.0187275801724048e-14,2.5883420259305965e-14,3.146927163300006e-13,2.460649025584481e-14,3.144706717250756e-13,0.0,1.9058241313221758e-21,0.0,0.0,0.0,8.078812068691246e-13,4.3490815229484076e-13,8.078812066044268e-13,4.349081521523455e-13,3.3881317890172014e-21,0.0,1.540877935510391e-14,0.0,9.442040869708142e-15,1.9923326037496884e-14,9.442040869708142e-15,1.9923326037496884e-14,3.8615082879180897e-08
4.1065743354801375e-08,1.6223210041880738e-11,1.5760084123500802e-14,5.871013823338386e-20,2.0782227016888126e-19,0.0,0.0,2.4582648202849204e-05,0.002823686111413539,4.2697355561766536e-06,0.14863589077686518,3.533172825551347e-05,3.739073022543578e-14,3.739073022543578e-14,1.519382548664034e-14,1.9685520507857438e-14,1.7581191119527825e-14,3.339550858072471e-13,2.7873300004036025e-14,3.336775300510908e-13,0.0,5.082197683525802e-21,0.0,0.0,0.0,8.606396968774958e-13,4.633097257097349e-13,8.606396967186771e-13,4.633097256242377e-13,1.0164395367051604e-20,6.776263578034403e-21,4.570930016155501e-14,3.047286677437001e-14,1.4163061303100437e-14,2.225976282569014e-14,1.4163061303100437e-14,2.2200244743268506e-14,4.1065743354801375e-08
4.351244885148869e-08,1.7457289288768144e-11,1.68189627725281e-14,7.032031614306261e-20,2.3059675509010583e-19,0.0,0.0,2.7458152750088447e-05,0.003145803424992273,4.6478532979573085e-06,0.41943494998145003,3.545224114462971e-05,1.8643959575088442e-14,1.8643959575088442e-14,1.3448754092797784e-14,1.6168357998869425e-14,1.2941710129652983e-14,3.548827898214313e-13,3.2152682102597486e-14,3.54605234065275e-13,0.0,1.6940658945086007e-21,0.0,0.0,0.0,7.878176746234983e-13,4.2410731466765033e-13,7.878176745705587e-13,4.2410731463915133e-13,3.3881317890172014e-21,3.3881317890172014e-21,1.5067054137807503e-14,1.5067054137807503e-14,1.4163061301851342e-14,4.184692628495051e-14,1.4163061301851342e-14,4.184692628495051e-14,4.351244885148869e-08
4.5958083104738036e-08,1.8710241308449653e-11,1.7826168344545382e-14,7.334328382697232e-20,2.5220919064870175e-19,0.0,0.0,3.048461099401205e-05,0.0034785414329672297,5.029586855428661e-06,0.12254165693882754,3.556455741451297e-05,2.0688155135880946e-14,2.0688155135880946e-14,2.0686185102106795e-14,1.8751195103911928e-14,3.3883750157635465e-14,3.7453373735729656e-13,3.6761885833869296e-14,3.74200670449909e-13,0.0,1.6940658945086007e-21,0.0,0.0,0.0,7.405200618237871e-13,3.986455051642495e-13,7.405200618767267e-13,3.986455051927485e-13,0.0,3.3881317890172014e-21,0.0,1.490057197381951e-14,1.8884081734399818e-14,1.2630725279705314e-14,1.8884081734399818e-14,1.2688931386985063e-14,4.5958083104738036e-08
4.839818006721686e-08,1.99786423266519e-11,1.8975559607100855e-14,7.833566589919002e-20,2.745338009080771e-19,0.0,0.0,3.367065276556051e-05,0.0038225042928886886,5.414699928551395e-06,0.07732527482711184,3.5670159985067595e-05,3.030151633773656e-14,3.030151633773656e-14,1.3719674909437663e-14,1.8315492134613508e-14,3.327868319053484e-14,3.959610417325621e-13,4.093956577671875e-14,3.956834859764058e-13,0.0,3.3881317890172014e-21,0.0,0.0,0.0,6.997879215030033e-13,3.767180983434142e-13,6.997879216088824e-13,3.767180984004123e-13,1.0164395367051604e-20,6.776263578034403e-21,4.4210758031052624e-14,2.947383868736842e-14,9.442040866621652e-15,3.131635615361289e-14,9.442040866621652e-15,3.120122249128343e-14,4.839818006721686e-08
5.0834320538549874e-08,2.1261320019918663e-11,1.9876248114776993e-14,8.814129775149957e-20,2.9741750405137495e-19,0.0,0.0,3.702588127358946e-05,0.004179552843757902,5.802902411580316e-06,0.15617426890980518,3.5774785196798165e-05,4.1599132354164353e-14,4.1599132354164353e-14,0.0,1.1115074360279521e-14,1.634742332166624e-14,4.158340338733524e-13,4.5819844671800937e-14,4.155564781171961e-13,0.0,1.6940658945086007e-21,0.0,0.0,0.0,7.262612669948387e-13,3.9096954233669264e-13,7.262612676301134e-13,3.9096954267868124e-13,6.776263578034403e-21,3.3881317890172014e-21,2.9152061403344646e-14,1.4576030701672323e-14,9.442040866158068e-15,2.442655301645617e-14,9.442040866158068e-15,2.4540429720495588e-14,5.0834320538549874e-08
5.3265782997554817e-08,2.2555340199198203e-11,2.1256567311791235e-14,9.288441411321402e-20,3.1953614759886967e-19,0.0,0.0,4.056073081295501e-05,0.004549314220608341,6.193404652070476e-06,0.04520828188005102,3.5872123368065836e-05,2.8099445886108873e-14,2.8099445886108873e-14,1.838430606965494e-14,2.1831385591977733e-14,1.6065571195430618e-14,4.3692827134123036e-13,4.952345198327155e-14,4.365952044338428e-13,0.0,1.6940658945086007e-21,0.0,0.0,0.0,7.638469672554544e-13,4.112031203851285e-13,7.638469670436961e-13,4.112031202711323e-13,3.3881317890172014e-21,3.3881317890172014e-21,1.4417842435313444e-14,1.4417842435313444e-14,9.442040865801864e-15,2.9906143739490483e-14,9.442040865801864e-15,2.9849823318135506e-14,5.3265782997554817e-08
5.568916417968509e-08,2.3859991066439363e-11,2.2286396432843704e-14,1.012062599203942e-19,3.4270688103117267e-19,0.0,0.0,4.429030249518137e-05,0.004933961507387035,6.586590792129063e-06,0.2140490511839021,3.596773761371794e-05,4.1845622854629235e-14,4.1845622854629235e-14,1.4226057409231783e-14,1.7118214735634365e-14,1.5793273378558914e-14,4.583555757164959e-13,5.397327514682108e-14,4.580225088091083e-13,0.0,1.6940658945086007e-21,0.0,0.0,0.0,7.200384163994654e-13,3.876195839128185e-13,7.200384158700698e-13,3.8761958362782804e-13,3.3881317890172014e-21,0.0,1.426229279594436e-14,0.0,9.442040865546374e-15,1.5042455449579464e-14,9.442040865546374e-15,1.515388104550228e-14,5.568916417968509e-08
5.81048811618458e-08,2.5174902031583014e-11,2.3311577329130595e-14,1.0493042646330043e-19,3.6665143418023744e-19,0.0,0.0,4.8223699062375805e-05,0.005334030977496914,6.9823670222229e-06,1.8435162876855082,3.6058185364359325e-05,4.5165318480721803e-14,4.5165318480721803e-14,1.8226648201992293e-14,0.0,1.2941710129652983e-14,4.780620344035924e-13,5.869501851231032e-14,4.778399897986674e-13,0.0,3.3881317890172014e-21,0.0,0.0,0.0,6.709137791456758e-13,3.61174229028283e-13,6.709137796221319e-13,3.611742292847744e-13,1.6940658945086007e-20,1.0164395367051604e-20,7.05466091610118e-14,4.232796549660708e-14,2.360510216346361e-14,2.821900679716726e-14,2.360510216346361e-14,2.821900679716726e-14,5.81048811618458e-08
6.051459069559466e-08,2.6499257787333167e-11,2.4515071899995932e-14,1.1380621329143295e-19,3.8810263883913804e-19,0.0,0.0,5.237988661314968e-05,0.005751770849703922,7.380435935309632e-06,5.478285150343257,3.614309928340294e-05,4.3940241375981603e-14,4.3940241375981603e-14,1.5026277993710186e-14,1.6471785632117836e-14,2.5883420259305965e-14,5.012101844670269e-13,6.262866451656918e-14,5.009326287108706e-13,0.0,1.6940658945086007e-21,0.0,0.0,0.0,6.005183328013999e-13,3.232781209875877e-13,6.005183328013999e-13,3.232781209875877e-13,0.0,3.3881317890172014e-21,0.0,1.3958871326319315e-14,9.442040865313592e-15,1.9084640052301566e-14,9.442040865313592e-15,1.9139167595308145e-14,6.051459069559466e-08
6.291303015561687e-08,2.7828094753805816e-11,2.5522093185766766e-14,1.1839766423770493e-19,4.124831323191407e-19,0.0,0.0,5.6770148243725625e-05,0.006186708656109958,7.77972843031534e-06,0.0856386655033424,3.622571193031674e-05,3.610434155444609e-14,3.610434155444609e-14,2.1126368087760556e-14,1.6062697256678874e-14,3.00581654624186e-14,5.228040222959862e-13,6.834232173181324e-14,5.224709553885987e-13,0.0,3.3881317890172014e-21,0.0,0.0,0.0,5.052970143258653e-13,2.7201745626961033e-13,5.052970145905631e-13,2.7201745641210557e-13,1.3552527156068805e-20,6.776263578034403e-21,5.524353893232234e-14,2.762176946616117e-14,9.442040865325727e-15,3.9113360780968047e-14,9.442040865325727e-15,3.900546185467572e-14,6.291303015561687e-08
6.530380440084932e-08,2.916597119248881e-11,2.6663965455390518e-14,1.26569086775812e-19,4.353064452870314e-19,0.0,0.0,6.141830486280636e-05,0.006642314357735381,8.181336587498089e-06,0.08639117159504457,3.630438807097078e-05,1.795889294582003e-14,1.795889294582003e-14,1.4959783157297222e-14,0.0,1.479052586245995e-14,5.46007683510652e-13,7.326535702854767e-14,5.457301277544957e-13,0.0,1.6940658945086007e-21,0.0,0.0,0.0,4.4358626935117916e-13,2.3879659923582815e-13,4.435862692982396e-13,2.3879659920732915e-13,6.776263578034403e-21,3.3881317890172014e-21,2.7330614242640663e-14,1.3665307121320332e-14,4.7210204327085794e-15,3.491103894352957e-14,4.7210204327085794e-15,3.48042773565463e-14,6.530380440084932e-08
6.768430732428813e-08,3.050475646422581e-11,2.761918266142185e-14,1.3798060116282127e-19,4.584781166087814e-19,0.0,0.0,6.634151203273248e-05,0.007119081047294354,8.583726816910707e-06,0.08073654088588571,3.63816918039705e-05,3.07989469590403e-14,3.07989469590403e-14,1.5389604840180043e-14,1.9698078300206353e-14,2.911884779171803e-14,5.657141421977485e-13,7.75462556245951e-14,5.654365864415922e-13,0.0,1.6940658945086007e-21,0.0,0.0,0.0,4.300298561372807e-13,2.3149875077435597e-13,4.300298562431598e-13,2.314987508313541e-13,3.3881317890172014e-21,0.0,1.3522085117831733e-14,0.0,0.0,1.5952040316408735e-14,0.0,1.5899218990857716e-14,6.768430732428813e-08
7.005302075024423e-08,3.185223448683361e-11,2.8942025824956545e-14,1.4179645249472993e-19,4.836609696734234e-19,0.0,0.0,7.156288762752659e-05,0.0076201056194518235,8.987930969437832e-06,0.038303307044763764,3.645340071739598e-05,2.976508820392424e-14,2.976508820392424e-14,2.1360266631439085e-14,1.9380386143723236e-14,5.176684051861193e-14,5.888067811099518e-13,8.164423367804884e-14,5.884737142025642e-13,0.0,3.3881317890172014e-21,0.0,0.0,0.0,4.472371703275762e-13,2.407619953662929e-13,4.47237170592274e-13,2.4076199550878815e-13,6.776263578034403e-21,0.0,2.6762333707154167e-14,0.0,1.8884081731642717e-14,1.4269943881312055e-14,1.8884081731642717e-14,1.4531298164852566e-14,7.005302075024423e-08
7.24099191743043e-08,3.3201678782869987e-11,3.0411144705034907e-14,1.505867599395442e-19,5.061227091585531e-19,0.0,0.0,7.711134842612674e-05,0.008146748749397461,9.393483873601517e-06,0.027599005210984063,3.652353842534884e-05,3.200990654792818e-14,3.200990654792818e-14,1.7659108714657973e-14,1.9072191360647145e-14,1.411822923234814e-14,6.107891969975299e-13,8.81942185588395e-14,6.105116412413736e-13,0.0,2.964615315390051e-21,0.0,0.0,0.0,5.272188467934586e-13,2.83818676018671e-13,5.272188467934586e-13,2.83818676018671e-13,3.3881317890172014e-21,3.3881317890172014e-21,1.3242501912089235e-14,1.3242501912089235e-14,9.442040866126757e-15,1.1018317474440257e-14,9.442040866126757e-15,1.1070046664461103e-14,7.24099191743043e-08
7.475626732388025e-08,3.4553378258873945e-11,3.126174935072844e-14,1.554484317276036e-19,5.291503622201526e-19,0.0,0.0,8.301051688049983e-05,0.008701235703767352,9.79873638368202e-06,0.03050361666094881,3.658897848747177e-05,4.4396593548519625e-14,4.4396593548519625e-14,1.6331702077937856e-14,1.67435194657511e-14,1.2941710129652983e-14,6.358802373540584e-13,9.227542085825751e-14,6.356581927491334e-13,0.0,1.2705494208814505e-21,0.0,0.0,0.0,6.403500369506432e-13,3.447207943744795e-13,6.403500371624015e-13,3.4472079448847566e-13,1.3552527156068805e-20,0.0,5.2424165119845364e-14,0.0,9.4420408664967e-15,4.802197371827328e-14,9.4420408664967e-15,4.7970777584245276e-14,7.475626732388025e-08
7.70893327910568e-08,3.59075187260433e-11,3.262455106060031e-14,1.6321217163719978e-19,5.536702456682948e-19,0.0,0.0,8.929761859625523e-05,0.009286947259572022,1.0205067437179984e-05,0.048512830722070036,3.665359546932138e-05,3.488670943077044e-14,3.488670943077044e-14,1.4756730420259605e-14,2.857216765094551e-14,1.3702987196102607e-14,6.610267888618182e-13,9.635501325546728e-14,6.607492331056619e-13,0.0,2.117582368135751e-21,0.0,0.0,0.0,7.318913509338651e-13,3.9400039561359416e-13,7.318913509868047e-13,3.940003956420932e-13,6.776263578034403e-21,3.3881317890172014e-21,2.5943474598655097e-14,1.2971737299327548e-14,9.442040866928329e-15,2.979484350734539e-14,9.442040866928329e-15,2.979484350734539e-14,7.70893327910568e-08
7.94070157110691e-08,3.726337423543232e-11,3.382747714219132e-14,1.7004278713990276e-19,5.780808565451536e-19,0.0,0.0,9.600763883171762e-05,0.009907379875682017,1.0612690638716568e-05,0.05517838402568407,3.671382356163073e-05,2.1721187870829058e-14,2.1721187870829058e-14,1.7332816802871963e-14,3.367345133515258e-14,2.5883420259305965e-14,6.885603198725221e-13,1.021879487122714e-13,6.882827641163658e-13,0.0,1.6940658945086007e-21,0.0,0.0,0.0,8.26338963585465e-13,4.4484454987502707e-13,8.263389632148881e-13,4.448445496755337e-13,6.776263578034403e-21,6.776263578034403e-21,2.567908724448479e-14,2.567908724448479e-14,1.416306130112847e-14,6.1189239785436465e-15,1.416306130112847e-14,6.1690790931218735e-15,7.94070157110691e-08
8.171046706432257e-08,3.862407066023011e-11,3.481938896901087e-14,1.671297104894998e-19,6.089583295941179e-19,0.0,0.0,0.00010319009180143403,0.010567554106135647,1.0707362497323751e-05,0.3014463635704816,3.677295824975483e-05,1.753209612567233e-14,1.753209612567233e-14,1.751699035008911e-14,0.0,1.2941710129652983e-14,7.16537940093076e-13,1.0372351379849174e-13,7.162048731856885e-13,0.0,1.6940658945086007e-21,0.0,0.0,0.0,9.228752471951033e-13,4.968131021536298e-13,9.228752468245264e-13,4.968131019541365e-13,3.3881317890172014e-21,3.3881317890172014e-21,1.2709415166871332e-14,1.2709415166871332e-14,1.888408173593019e-14,1.8220373386565796e-14,1.888408173593019e-14,1.8319666974503483e-14,8.171046706432257e-08
8.400250745518869e-08,3.998096114067284e-11,3.598099052322597e-14,1.7680532034021816e-19,6.337546693026964e-19,0.0,0.0,0.00011087740549694786,0.011267764976861076,1.1099725229985964e-05,0.24522122992330833,3.6830258244505293e-05,3.598956862897528e-14,3.598956862897528e-14,1.4612564200160826e-14,1.693130062751862e-14,2.6247975474224737e-14,7.429057369279235e-13,1.0858312476942307e-13,7.42794714625461e-13,0.0,3.3881317890172014e-21,0.0,0.0,0.0,9.62570139622057e-13,5.181821254384425e-13,9.62570139516178e-13,5.181821253814444e-13,3.3881317890172014e-21,6.776263578034403e-21,1.2581308075409662e-14,2.5162616150819324e-14,9.442040868563923e-15,1.626744827586683e-14,9.442040868563923e-15,1.6365741014693826e-14,8.400250745518869e-08
2.128798708359626e-08,7.728405053065795e-12,9.317609157131757e-15,3.0540207233327645e-20,7.76077334888046e-20,0.0,0.0,1.4236181423295807e-05,0.0008387768894762397,4.24595954257856e-06,0.030585150804023034,3.7274744280809485e-05,5.1349941844218596e-14,5.1349941844218596e-14,2.193655199387446e-14,2.6591665581148358e-14,1.2941710129652983e-14,1.975641872320466e-13,4.22967866100426e-15,1.9712009802219654e-13,0.0,1.6940658945086007e-21,0.0,0.0,0.0,1.026657771185364e-12,5.52682536131454e-13,1.026657771555941e-12,5.526825363309473e-13,0.0,3.3881317890172014e-21,0.0,1.2455179673651167e-14,4.7210204346435014e-15,2.66135597951117e-14,4.7210204346435014e-15,2.66622134693258e-14,2.128798708359626e-08
1.8619807622525583e-08,6.8518396216795635e-12,7.817026626251072e-15,2.7606647720961465e-20,6.757431594516484e-20,0.0,0.0,1.3611855202960939e-05,0.0008608020133980975,4.2457109529458366e-06,0.13350665443371573,3.65758803270319e-05,4.391857845481594e-14,4.391857845481594e-14,1.7131199976532064e-14,1.7262475405532187e-14,1.2941710129652983e-14,1.7474910407599964e-13,6.728173544252254e-15,1.745270594710746e-13,0.0,1.6940658945086007e-21,0.0,0.0,0.0,1.0686637943063329e-12,5.752957145857393e-13,1.0686637937769373e-12,5.752957143007487e-13,6.776263578034403e-21,0.0,2.4663110123011496e-14,0.0,9.442040869993347e-15,1.820854712035329e-14,9.442040869993347e-15,1.806403484162033e-14,1.8619807622525583e-08
1.8400441353147446e-08,6.798868731754413e-12,8.05007396045165e-15,3.170438777270054e-20,6.795792632503386e-20,0.0,0.0,1.351701504477782e-05,0.0008576289603609369,4.2450309227391e-06,0.3796269939957967,3.643713174980969e-05,5.40928743951645e-14,5.40928743951645e-14,2.197763716839782e-14,2.6376479579146853e-14,1.2941710129652983e-14,1.7247314687551807e-13,6.378632842808507e-15,1.7225110227059304e-13,0.0,3.3881317890172014e-21,0.0,0.0,0.0,1.118243618821452e-12,6.019861112525178e-13,1.1182436190332102e-12,6.01986111366514e-13,3.3881317890172014e-21,3.3881317890172014e-21,1.2210360417166622e-14,1.2210360417166622e-14,9.44204087064919e-15,4.0685828563789986e-14,9.44204087064919e-15,4.063813122666949e-14,1.8400441353147446e-08
1.827241273380052e-08,6.77082032318136e-12,7.85281707894204e-15,2.6546747697044217e-20,7.304502378863822e-20,0.0,0.0,1.3466399602349509e-05,0.0008558308609671443,4.2447669803238415e-06,0.12006057828088258,3.6431314803282316e-05,1.804304931794659e-14,1.804304931794659e-14,2.1998067955439114e-14,1.4387031985115508e-14,1.2941710129652983e-14,1.7180701306074297e-13,6.934016291583074e-15,1.7141843500212417e-13,0.0,5.082197683525802e-21,0.0,0.0,0.0,1.1298218628641178e-12,6.082190483237094e-13,1.1298218628641178e-12,6.082190483237094e-13,6.776263578034403e-21,6.776263578034403e-21,2.4183049585337295e-14,2.4183049585337295e-14,4.721020435623721e-15,1.0769153571309951e-14,4.721020435623721e-15,1.0721920441611224e-14,1.827241273380052e-08
1.8188566805789416e-08,6.749854116891297e-12,7.981067385299141e-15,3.091670257478196e-20,6.46303457873426e-20,0.0,0.0,1.3434983456054354e-05,0.0008541872596871987,4.244505138788586e-06,2.363695492708819,3.643072384469042e-05,3.6110315218877565e-14,3.6110315218877565e-14,0.0,1.7221011716958457e-14,1.2941710129652983e-14,1.6869838859179254e-13,6.498734706831702e-15,1.68365321684405e-13,0.0,1.6940658945086007e-21,0.0,0.0,0.0,1.1024264966589597e-12,5.934712512510429e-13,1.1024264971354158e-12,5.934712515075345e-13,0.0,0.0,0.0,0.0,2.8326122615369972e-14,1.744814582835011e-14,2.8326122615369972e-14,1.7494923699203594e-14,1.8188566805789416e-08
1.812483293475744e-08,6.736644147236392e-12,8.029568578838007e-15,3.191864714399273e-20,7.013901485374418e-20,0.0,0.0,1.3415672169383982e-05,0.0008531420014966849,4.244244511768551e-06,0.07793162654707649,3.642835664884852e-05,5.885797107223885e-14,5.885797107223885e-14,1.8067192191110446e-14,2.873557323327797e-14,1.2941710129652983e-14,1.6897594434794883e-13,6.709175088443454e-15,1.6869838859179254e-13,0.0,3.3881317890172014e-21,0.0,0.0,0.0,1.1155040927027996e-12,6.005113371987386e-13,1.1155040928616183e-12,6.005113372842358e-13,3.3881317890172014e-21,6.776263578034403e-21,1.1860660357486426e-14,2.3721320714972852e-14,9.442040872281478e-15,2.858641475370217e-14,9.442040872281478e-15,2.85400834494012e-14,1.812483293475744e-08
1.807233166133513e-08,6.724855581528891e-12,7.953025893431245e-15,2.491198634955019e-20,6.88993716888558e-20,0.0,0.0,1.3400984384185965e-05,0.0008524181145781456,4.24398405126139e-06,0.11005855886774568,3.642475775662118e-05,3.440770173052664e-14,3.440770173052664e-14,0.0,1.7195496419605395e-14,1.2941710129652983e-14,1.6903145549918008e-13,6.6614485552657046e-15,1.6869838859179254e-13,0.0,1.6940658945086007e-21,0.0,0.0,0.0,1.1539027996879245e-12,6.211825826286595e-13,1.153902799264408e-12,6.211825824006671e-13,0.0,3.3881317890172014e-21,0.0,1.1748502812734784e-14,2.3605102181817654e-14,2.5287144081692364e-14,2.3605102181817654e-14,2.5333037265143708e-14,1.807233166133513e-08
1.8030873097120103e-08,6.714685426019792e-12,7.917688429193351e-15,3.223180184673633e-20,6.053492537653259e-20,0.0,0.0,1.3390850032232972e-05,0.0008516683025024158,4.243723713578206e-06,0.25358442945467435,3.642370429063553e-05,4.416209728004992e-14,4.416209728004992e-14,0.0,1.7182739539909184e-14,1.2941710129652983e-14,1.6986412276764895e-13,6.570836332546718e-15,1.6964207816272392e-13,0.0,5.082197683525802e-21,0.0,0.0,0.0,1.057705213206742e-12,5.693963617882334e-13,1.0577052137890772e-12,5.693963621017229e-13,1.0164395367051604e-20,0.0,3.491533974089097e-14,0.0,1.4163061309697501e-14,2.505026229601109e-14,1.4163061309697501e-14,2.4913872483147146e-14,1.8030873097120103e-08
1.7991767722755064e-08,6.705205444825118e-12,7.936929971026154e-15,2.963405021273317e-20,6.75335043576187e-20,0.0,0.0,1.3384509700458131e-05,0.0008514767242855654,4.243463764188879e-06,0.15217099776320187,3.64225536262345e-05,2.953386016099515e-14,2.953386016099515e-14,1.723274656786749e-14,1.3130017879042383e-14,1.2941710129652983e-14,1.6853185513809876e-13,6.008267768656539e-15,1.6830981053317373e-13,0.0,5.082197683525802e-21,0.0,0.0,0.0,1.0339442229949024e-12,5.566050649219831e-13,1.0339442233125398e-12,5.566050650929774e-13,6.776263578034403e-21,6.776263578034403e-21,2.3060866309915613e-14,2.3060866309915613e-14,2.3605102183749116e-14,2.1709925047133613e-14,2.3605102183749116e-14,2.1664883708861553e-14,1.7991767722755064e-08
1.79553823004228e-08,6.696243960131964e-12,7.699058478565583e-15,2.1760670418547362e-20,7.101628270936815e-20,0.0,0.0,1.3377314622682803e-05,0.0008507394456242172,4.243203781450328e-06,0.2289855581319002,3.6419601641367915e-05,3.623189446748886e-14,3.623189446748886e-14,1.7247269037600353e-14,1.4329306060454273e-14,1.2941710129652983e-14,1.6858736628933002e-13,6.818834950707663e-15,1.6814327707947996e-13,0.0,1.6940658945086007e-21,0.0,0.0,0.0,9.622338538390787e-13,5.180010921042397e-13,9.622338539449579e-13,5.180010921612378e-13,1.6940658945086007e-20,6.776263578034403e-21,5.712203091708978e-14,2.284881236683591e-14,9.442040873834969e-15,4.685852353433532e-14,9.442040873834969e-15,4.694777786487691e-14,1.79553823004228e-08
1.792403140031244e-08,6.68890247527278e-12,7.655106505063094e-15,2.6945767598996285e-20,6.53793931820829e-20,0.0,0.0,1.337233476526121e-05,0.000850088890125387,4.242943499238941e-06,5.434615470220989,3.641659754553159e-05,3.6256307269338467e-14,3.6256307269338467e-14,1.726180304083496e-14,1.714447197763367e-14,1.2941710129652983e-14,1.6997514507011147e-13,6.2568753877200745e-15,1.6975310046518644e-13,0.0,3.3881317890172014e-21,0.0,0.0,0.0,9.661216610850941e-13,5.200940224156096e-13,9.661216612968523e-13,5.200940225296059e-13,3.3881317890172014e-21,0.0,1.132031136625697e-14,0.0,9.442040874141039e-15,5.213601647268197e-14,9.442040874141039e-15,5.2091795932840845e-14,1.792403140031244e-08
1.789233951174345e-08,6.680023583543063e-12,7.953413345061973e-15,3.582659001036345e-20,6.580259378789395e-20,0.0,0.0,1.336817354505903e-05,0.0008492354543187368,4.242683371724713e-06,1.0574034784856208,3.641413459270857e-05,2.9638706190380094e-14,2.9638706190380094e-14,0.0,1.7131717149241182e-14,1.2941710129652983e-14,1.691424778016426e-13,6.338080427175067e-15,1.687538997430238e-13,0.0,5.082197683525802e-21,0.0,0.0,0.0,9.023627120422412e-13,4.857705519787264e-13,9.023627118834225e-13,4.857705518932292e-13,3.3881317890172014e-21,6.776263578034403e-21,1.1218096365207246e-14,2.2436192730414492e-14,1.888408174884181e-14,3.851888537252404e-14,1.888408174884181e-14,3.8387421599921567e-14,1.789233951174345e-08
1.786011691707926e-08,6.671703573643563e-12,7.738979198742978e-15,3.354079348994881e-20,6.361665052915621e-20,0.0,0.0,1.3362717856919263e-05,0.0008485152364041773,4.242423132700978e-06,2.1988578846966376,3.641310765733904e-05,3.4582651585174027e-14,3.4582651585174027e-14,1.483656099267871e-14,1.6858436732739442e-14,1.2941710129652983e-14,1.6892043319671757e-13,6.718724730696077e-15,1.6853185513809876e-13,0.0,3.3881317890172014e-21,0.0,0.0,0.0,8.832024604404141e-13,4.754559790553764e-13,8.832024607580515e-13,4.754559792263708e-13,1.0164395367051604e-20,6.776263578034403e-21,3.335313214622021e-14,2.2235421430813474e-14,1.416306131201585e-14,4.442799100714103e-14,1.416306131201585e-14,4.442799100714103e-14,1.786011691707926e-08
1.7831841002978313e-08,6.663587058233661e-12,7.522324275784214e-15,2.144516135643867e-20,7.233650734468637e-20,0.0,0.0,1.3358805828938172e-05,0.0008477837647083277,4.2421626364678716e-06,3.2472086266128755,3.6409487215636105e-05,1.8164867492524526e-14,1.8164867492524526e-14,1.7305472467481896e-14,1.7106209030996866e-14,1.2941710129652983e-14,1.6747714326470486e-13,6.5856533404568225e-15,1.6714407635731732e-13,0.0,8.470329472543003e-22,0.0,0.0,0.0,8.711927317109361e-13,4.68990760051779e-13,8.711927319226943e-13,4.689907601657751e-13,6.776263578034403e-21,6.776263578034403e-21,2.2038211484642175e-14,2.2038211484642175e-14,1.8884081749824857e-14,1.1062292774987874e-14,1.8884081749824857e-14,1.1062292774987874e-14,1.7831841002978313e-08
1.7802819337380455e-08,6.655640144750679e-12,7.75786957805578e-15,2.5914225160234114e-20,6.985121668581227e-20,0.0,0.0,1.3355683407076736e-05,0.0008474659973079098,4.241902165068684e-06,1.1909423076422327,3.640774053847409e-05,0.0,0.0,1.4871439753089856e-14,1.4281215077385238e-14,1.2941710129652983e-14,1.6842083283563625e-13,6.3672975841479636e-15,1.6830981053317373e-13,0.0,1.6940658945086007e-21,0.0,0.0,0.0,8.053513458863268e-13,4.3354624765312483e-13,8.053513458863268e-13,4.3354624765312483e-13,0.0,0.0,0.0,0.0,1.4163061312692984e-14,2.1290100818234192e-14,1.4163061312692984e-14,2.1290100818234192e-14,1.7802819337380455e-08
1.777502499369983e-08,6.647515756364542e-12,7.977977989572883e-15,2.3595607545851022e-20,7.595578271148091e-20,0.0,0.0,1.3352038835275158e-05,0.0008462768465240588,4.241641675145188e-06,4.901221570174768,3.640473367505955e-05,4.466768519883994e-14,4.466768519883994e-14,0.0,1.7080702963989854e-14,1.2941710129652983e-14,1.6819878823071122e-13,6.576277299181711e-15,1.6792123247455493e-13,0.0,5.542110104105285e-23,0.0,0.0,0.0,7.815988577132224e-13,4.2075952770477533e-13,7.815988578720411e-13,4.207595277902725e-13,6.776263578034403e-21,6.776263578034403e-21,2.1654103223471932e-14,2.1654103223471932e-14,4.721020437663897e-15,1.0065905358167759e-14,4.721020437663897e-15,1.0023611638175457e-14,1.777502499369983e-08
1.7747610550854046e-08,6.641234753100575e-12,7.679220933999858e-15,3.101806433705535e-20,6.089314544900685e-20,0.0,0.0,1.3349050298464341e-05,0.0008458846494727179,4.241380935693045e-06,3.832096264973659,3.6403011683665e-05,3.469957121843113e-14,3.469957121843113e-14,1.8201218696063507e-14,0.0,1.2941710129652983e-14,1.6892043319671757e-13,6.230208106948743e-15,1.6858736628933002e-13,0.0,3.3881317890172014e-21,0.0,0.0,0.0,7.516429504723774e-13,4.0463330994199046e-13,7.516429503664983e-13,4.0463330988499235e-13,1.3552527156068805e-20,6.776263578034403e-21,4.293405347548e-14,2.146702673774e-14,9.442040875511552e-15,1.4297561107066802e-14,9.442040875511552e-15,1.4297561107066802e-14,1.7747610550854046e-08
1.7716971397503575e-08,6.6337409849013246e-12,7.670387779317078e-15,2.3777347901366825e-20,7.03122616818649e-20,0.0,0.0,1.3344626644784534e-05,0.0008454766689194498,4.241120142750588e-06,1.8252919664918918,3.639936228850747e-05,4.456893920784541e-14,4.456893920784541e-14,1.4923766412082596e-14,1.4252363778507106e-14,1.2941710129652983e-14,1.6897594434794883e-13,6.609543727638087e-15,1.687538997430238e-13,0.0,3.3881317890172014e-21,0.0,0.0,0.0,7.14028738470031e-13,3.843843831160239e-13,7.140287377288772e-13,3.8438438271703726e-13,6.776263578034403e-21,0.0,2.1283154988380333e-14,0.0,9.442040875681468e-15,1.3302144870599078e-14,9.442040875681468e-15,1.33437140733197e-14,1.7716971397503575e-08
1.7690417933173818e-08,6.625156214440393e-12,7.771164654037494e-15,2.879912020664621e-20,6.720873778699931e-20,0.0,0.0,1.3341512235238478e-05,0.0008447385364555827,4.240859150894829e-06,0.9826428818875619,3.639882233127104e-05,3.645273253338111e-14,3.645273253338111e-14,1.8225818977540395e-14,1.6785938261343717e-14,1.2941710129652983e-14,1.6775469902086115e-13,6.391766600724435e-15,1.674216321134736e-13,0.0,8.470329472543003e-22,0.0,0.0,0.0,7.060646867693817e-13,3.8009708074971123e-13,7.0606468698114e-13,3.8009708086370746e-13,6.776263578034403e-21,0.0,2.1102406326058634e-14,0.0,0.0,1.8423629600991246e-14,0.0,1.8382413427387238e-14,1.7690417933173818e-08
1.766090537655037e-08,6.6161547661894664e-12,7.905224527834553e-15,3.4312676365127753e-20,6.181444807211644e-20,0.0,0.0,1.3337025655310265e-05,0.0008438117281387204,4.240597866199787e-06,0.4594992488253641,3.6395910430333736e-05,3.4787407178666427e-14,3.4787407178666427e-14,1.7393087165472598e-14,1.4233130680539528e-14,1.2941710129652983e-14,1.66644475996236e-13,6.216875273308336e-15,1.6631140908884845e-13,0.0,8.470329472543003e-22,0.0,0.0,0.0,6.710679087036503e-13,3.6125720187218974e-13,6.710679087565899e-13,3.612572019006888e-13,2.0328790734103208e-20,6.776263578034403e-21,6.277410555520181e-14,2.092470185173394e-14,1.888408175197034e-14,4.687684650624317e-14,1.888408175197034e-14,4.675423923552065e-14,1.766090537655037e-08
1.763428958668714e-08,6.609761786133099e-12,7.833762298407764e-15,2.7368472108223646e-20,6.316016459099122e-20,0.0,0.0,1.3336156242471086e-05,0.000843908081052245,4.240336926723144e-06,1.4013962752299727,3.639539647953817e-05,3.4816713243490326e-14,3.4816713243490326e-14,1.8250487357545467e-14,1.4223514432831062e-14,1.2941710129652983e-14,1.6747714326470486e-13,6.254982013138859e-15,1.6708856520608606e-13,0.0,3.3881317890172014e-21,0.0,0.0,0.0,6.44386000803613e-13,3.46893482100224e-13,6.443860007506734e-13,3.4689348207172497e-13,6.776263578034403e-21,0.0,2.0749965301823846e-14,0.0,9.442040876121309e-15,1.787276142154341e-14,9.442040876121309e-15,1.7832233617866444e-14,1.763428958668714e-08
1.7606295666465425e-08,6.601158460897437e-12,7.779487294958744e-15,2.5198340424616482e-20,6.835296884470505e-20,0.0,0.0,1.3331516751556372e-05,0.000842852388530639,4.240075302173427e-06,0.3764752629218376,3.6392485973363534e-05,5.226904932198002e-14,5.226904932198002e-14,1.499354117843773e-14,1.7004197067305438e-14,1.2941710129652983e-14,1.6825429938194247e-13,6.207987016739171e-15,1.678102101720924e-13,0.0,3.3881317890172014e-21,0.0,0.0,0.0,6.435942102444086e-13,3.4646723605540823e-13,6.435942106149855e-13,3.464672362549016e-13,6.776263578034403e-21,6.776263578034403e-21,2.057812293907582e-14,2.057812293907582e-14,1.8884081752496665e-14,1.2580149176366298e-14,1.8884081752496665e-14,1.2620341346258842e-14,1.7606295666465425e-08
1.7579453121779846e-08,6.593422988438672e-12,7.849677207933296e-15,3.6095929157475643e-20,5.623883573020094e-20,0.0,0.0,1.3328166384482305e-05,0.0008421178637376597,4.239813698446806e-06,2.2382765543942273,3.6388802798077525e-05,3.3579594842693585e-14,3.3579594842693585e-14,1.1192619246876606e-14,0.0,1.2941710129652983e-14,1.6708856520608606e-13,6.246032998675577e-15,1.6681100944992977e-13,0.0,3.3881317890172014e-21,0.0,0.0,0.0,6.212947641414775e-13,3.344627348745866e-13,6.212947638238402e-13,3.344627347035923e-13,1.3552527156068805e-20,0.0,4.081820689763295e-14,0.0,1.4163061314550684e-14,3.240784632428866e-14,1.4163061314550684e-14,3.2328122225089914e-14,1.7579453121779846e-08
1.755292720766332e-08,6.585803903775732e-12,7.798872251018375e-15,2.678553366528855e-20,6.656732931010022e-20,0.0,0.0,1.3325470609870006e-05,0.0008417449716100338,4.239552038277662e-06,5.829095876369586,3.6389515235300564e-05,3.6576480726310537e-14,3.6576480726310537e-14,1.5028428109671633e-14,1.672552813545832e-14,1.2941710129652983e-14,1.6614487563515468e-13,6.4963160750527375e-15,1.6586731987899839e-13,0.0,1.6940658945086007e-21,0.0,0.0,0.0,6.104132266744372e-13,3.286048571152332e-13,6.104132266744372e-13,3.286048571152332e-13,6.776263578034403e-21,6.776263578034403e-21,2.0242837840272136e-14,2.0242837840272136e-14,9.442040876478524e-15,1.21774908788392e-14,9.442040876478524e-15,1.2256565494935558e-14,1.755292720766332e-08
1.752676850740817e-08,6.57856859652501e-12,7.75548596383174e-15,1.8343690949244365e-20,7.330655142234227e-20,0.0,0.0,1.3322445288835871e-05,0.0008411506659842181,4.239290091911119e-06,0.33836956957632114,3.6384699962010834e-05,5.6068016024760916e-14,5.6068016024760916e-14,1.8300019757863785e-14,0.0,1.2941710129652983e-14,1.662558979376172e-13,5.85522192597312e-15,1.6592283103022964e-13,0.0,8.470329472543003e-22,0.0,0.0,0.0,6.010953899348424e-13,3.235887691986616e-13,6.010953895642655e-13,3.235887689991683e-13,6.776263578034403e-21,0.0,2.007925935267397e-14,0.0,1.8884081753166534e-14,2.3216946388375934e-14,1.8884081753166534e-14,2.3334599832911626e-14,1.752676850740817e-08
1.749906727646087e-08,6.570686580883942e-12,8.10424785748013e-15,3.109891588004066e-20,6.096680140854822e-20,0.0,0.0,1.3319418718332487e-05,0.000840440487192785,4.2390282575240024e-06,0.3427407592967631,3.6383511757507906e-05,4.5191427785775944e-14,4.5191427785775944e-14,1.748101957619774e-14,1.67013654449093e-14,1.2941710129652983e-14,1.667554982986985e-13,6.0630151014242645e-15,1.6642243139131097e-13,0.0,5.082197683525802e-21,0.0,0.0,0.0,5.594550928141603e-13,3.0117247268404583e-13,5.594550932376767e-13,3.011724729120382e-13,6.776263578034403e-21,1.3552527156068805e-20,1.991830336587899e-14,3.983660673175798e-14,9.442040876681984e-15,1.8051197912873514e-14,9.442040876681984e-15,1.8167908244206747e-14,1.749906727646087e-08
1.74724668017327e-08,6.563205862359565e-12,7.516792024291677e-15,3.101806433705535e-20,5.835626555906202e-20,0.0,0.0,1.331640443704003e-05,0.0008398797310873069,4.238765983404232e-06,1.0593124374435536,3.637936029280612e-05,1.832554000327104e-14,1.832554000327104e-14,0.0,1.4165820756452083e-14,1.2941710129652983e-14,1.6714407635731732e-13,6.1857674237385325e-15,1.6686652060116103e-13,0.0,3.3881317890172014e-21,0.0,0.0,0.0,5.596743778534279e-13,3.012905207961235e-13,5.596743776946092e-13,3.012905207106264e-13,6.776263578034403e-21,0.0,1.9759907315255696e-14,0.0,9.442040876775282e-15,3.307512025905068e-14,9.442040876775282e-15,3.307512025905068e-14,1.74724668017327e-08
1.7444842344353864e-08,6.55538988957333e-12,7.795710652732571e-15,1.901584250360973e-20,7.562725275484746e-20,0.0,0.0,1.3313424968649939e-05,0.0008393768936516056,4.238503735134313e-06,0.6503441299365829,3.6378810858587085e-05,1.7511115675241954e-14,1.7511115675241954e-14,1.833733315749501e-14,1.6927709618344534e-14,1.2941710129652983e-14,1.6708856520608606e-13,6.011972351202845e-15,1.6669998714746725e-13,0.0,5.2112378590840744e-23,0.0,0.0,0.0,5.568356711926633e-13,2.997623547015997e-13,5.568356710867842e-13,2.997623546446016e-13,2.0328790734103208e-20,6.776263578034403e-21,5.881203183179651e-14,1.9604010610598836e-14,1.4163061315295561e-14,4.36118351660355e-14,1.4163061315295561e-14,4.3726703915375363e-14,1.7444842344353864e-08
1.74206962838568e-08,6.5485598839467944e-12,7.745347419691975e-15,3.1282934739784147e-20,6.193601434482339e-20,0.0,0.0,1.3311507589803653e-05,0.0008387758375358571,4.23824124952614e-06,0.9459462589381943,3.637450709869794e-05,3.670095578591488e-14,3.670095578591488e-14,1.1253883673180203e-14,1.2935927395974278e-14,1.2941710129652983e-14,1.670330540548548e-13,5.838420827927065e-15,1.6669998714746725e-13,0.0,8.470329472543003e-22,0.0,0.0,0.0,5.343085309909234e-13,2.8763527854445723e-13,5.343085312026816e-13,2.8763527865845337e-13,0.0,6.776263578034403e-21,0.0,1.9450554558852463e-14,1.8884081753895404e-14,2.1426281343610017e-14,1.8884081753895404e-14,2.1388291483071697e-14,1.74206962838568e-08
1.7391377994651236e-08,6.540740851471443e-12,7.70865830583387e-15,2.3041787304013262e-20,7.18717928002989e-20,0.0,0.0,1.3306905490799538e-05,0.0008382466728724908,4.237978636005645e-06,2.4418286137935548,3.637274441877469e-05,5.632331631572107e-14,5.632331631572107e-14,1.83622840951425e-14,1.6653042418924996e-14,1.2941710129652983e-14,1.6725509865977983e-13,6.426098157072295e-15,1.670330540548548e-13,0.0,1.6940658945086007e-21,0.0,0.0,0.0,5.26311944163272e-13,2.833304614843397e-13,5.263119434750577e-13,2.8333046111385207e-13,1.3552527156068805e-20,6.776263578034403e-21,3.8598964580868367e-14,1.9299482290434183e-14,1.8884081754055486e-14,3.6450865650988316e-14,1.8884081754055486e-14,3.6526255238684264e-14,1.7391377994651236e-08
1.7365879551592517e-08,6.53205147263033e-12,7.346162112673928e-15,2.3610806006393682e-20,7.086803614329661e-20,0.0,0.0,1.3303776306009454e-05,0.0008373193719065524,4.237715750300299e-06,0.5422997599162278,3.6370439591697223e-05,3.511050759015398e-14,3.511050759015398e-14,1.8374781623039035e-14,1.6889472807650494e-14,1.2941710129652983e-14,1.6697754290362354e-13,5.95676019799616e-15,1.6653345369377348e-13,0.0,5.1285197978287716e-23,0.0,0.0,0.0,5.184346744741622e-13,2.790898766353673e-13,5.184346743153436e-13,2.7908987654987015e-13,1.3552527156068805e-20,6.776263578034403e-21,3.830147737793295e-14,1.9150738688966476e-14,1.8884081754208408e-14,2.46120132077707e-14,1.8884081754208408e-14,2.4649417483162447e-14,1.7365879551592517e-08
1.7338889191480968e-08,6.525813945846194e-12,7.89469280518767e-15,2.2807060090186374e-20,6.864369147915423e-20,0.0,0.0,1.3303317313387323e-05,0.0008372737987758346,4.2374531742452e-06,0.14446549578461715,3.6368579377608005e-05,5.642553036137942e-14,5.642553036137942e-14,1.5167952737809983e-14,1.6628882090607295e-14,1.2941710129652983e-14,1.6647794254254222e-13,6.4168458784628194e-15,1.663669202400797e-13,0.0,6.776263578034403e-21,0.0,0.0,0.0,5.000035087876787e-13,2.6916779385241297e-13,5.000035083641623e-13,2.6916779362442056e-13,6.776263578034403e-21,1.3552527156068805e-20,1.9004270324232506e-14,3.800854064846501e-14,9.442040877177417e-15,1.9338582623293844e-14,9.442040877177417e-15,1.9449937225731233e-14,1.7338889191480968e-08
1.731291101349824e-08,6.517010466437859e-12,7.673400224396098e-15,2.3351086879159882e-20,7.340049617929633e-20,0.0,0.0,1.3298162765477932e-05,0.0008363801139273557,4.237189767765491e-06,5.95010879508315,3.636619356490747e-05,1.8400521992169997e-14,1.8400521992169997e-14,1.8399820078220967e-14,1.661680222415237e-14,1.2941710129652983e-14,1.6592283103022964e-13,6.327848519414094e-15,1.6570078642530461e-13,0.0,3.3881317890172014e-21,0.0,0.0,0.0,5.027829528314222e-13,2.706640569950551e-13,5.027829527784826e-13,2.7066405696655606e-13,0.0,0.0,0.0,0.0,4.721020438623867e-15,2.283861073118947e-14,4.721020438623867e-15,2.2875447200110745e-14,1.731291101349824e-08
1.728671826132282e-08,6.510227665931325e-12,7.650677281771653e-15,2.0678709558036897e-20,6.983668128110834e-20,0.0,0.0,1.3295361340603966e-05,0.0008358646108277518,4.2369265174584765e-06,2.1054394331136486,3.6363887889352804e-05,3.6826135156390054e-14,3.6826135156390054e-14,2.261000966570749e-14,3.320944511292769e-14,1.2941710129652983e-14,1.670330540548548e-13,6.5340595182400115e-15,1.66644475996236e-13,0.0,3.3881317890172014e-21,0.0,0.0,0.0,4.908230990485921e-13,2.6422568726175543e-13,4.908230988368339e-13,2.6422568714775925e-13,0.0,0.0,0.0,0.0,1.4163061315973123e-14,1.3014997441887822e-14,1.4163061315973123e-14,1.294187947873115e-14,1.728671826132282e-08
1.7261335323811715e-08,6.502122225548368e-12,7.594485448702462e-15,2.3289555581486213e-20,6.969071108112856e-20,0.0,0.0,1.3292641709466774e-05,0.0008352558517593207,4.23666297564233e-06,0.39731340672511634,3.6362786014910706e-05,5.5276880455971043e-14,5.5276880455971043e-14,1.7613428539064094e-14,0.0,1.2941710129652983e-14,1.663669202400797e-13,5.81322088372642e-15,1.6603385333269216e-13,0.0,1.6940658945086007e-21,0.0,0.0,0.0,4.779253095789666e-13,2.572823969125947e-13,4.779253095260271e-13,2.5728239688409567e-13,1.3552527156068805e-20,6.776263578034403e-21,3.715601263392e-14,1.857800631696e-14,9.442040877380727e-15,2.198910000877545e-14,9.442040877380727e-15,2.198910000877545e-14,1.7261335323811715e-08
1.460794926144982e-06,8.750563690254187e-10,4.991487464484893e-13,4.9973890185452124e-18,5.71778954081346e-18,0.0,0.0,0.001185482517411419,0.22941966166639668,0.0013245116145366037,0.24811716053572036,0.011377216910654077,4.0241402814648826e-14,4.0241402814648826e-14,1.7836320095961237e-14,1.735401616316277e-14,1.2941710129652983e-14,1.3382628338831637e-11,2.335872835283975e-12,1.3382517316529174e-11,0.0,5.270173186744387e-12,0.0,5.270173186744387e-12,0.0,1.3279380855692274e-12,7.14871313067221e-13,1.3279380860192136e-12,7.14871313309463e-13,1.3552527156068805e-20,1.3552527156068805e-20,3.6880272280421496e-14,3.6880272280421496e-14,2.6414232212964048e-14,1.1021005367710207e-14,2.6414232212964048e-14,1.1057021575157807e-14,1.460794926144982e-06
5.284845688216851e-08,3.096181373900546e-11,1.8346498467243808e-14,1.3960188864072045e-19,5.820460430834406e-19,0.0,0.0,4.225601960950672e-05,0.008292355930586843,1.5997027290827024e-05,0.0029327174228271774,1.74985602172315e-05,3.612081493593429e-14,3.612081493593429e-14,2.0139476251350045e-14,2.2137613190673794e-14,2.5883420259305965e-14,3.659295089164516e-13,4.5407029922188727e-14,3.656519531602953e-13,0.0,6.776263578034403e-21,0.0,0.0,0.0,1.1543965393581587e-12,6.214483783989646e-13,1.1543965390669911e-12,6.214483782422198e-13,6.776263578034403e-21,6.776263578034403e-21,1.8281851709822672e-14,1.8281851709822672e-14,1.1320385230419268e-14,3.179725401608571e-14,1.1320385230419268e-14,3.1707986037376874e-14,5.284845688216851e-08
2.9587535109542646e-09,4.42445325917835e-12,2.299528920302938e-15,3.3121395224603926e-20,8.187608710395417e-20,0.0,0.0,7.597493006152467e-06,0.0008588254613625481,3.562454239924285e-06,0.0030408624733321934,2.5075316014961266e-05,5.428846407664274e-14,5.428846407664274e-14,1.4834015023155316e-14,1.6334188894784432e-14,1.2941710129652983e-14,6.7390537594747e-14,6.639494591450085e-15,0.0,0.0,8.470329472543003e-22,0.0,0.0,0.0,1.337244664142888e-12,7.198813403549495e-13,1.3372446636399623e-12,7.198813400842085e-13,1.3552527156068805e-20,0.0,3.625129867258614e-14,0.0,7.546923483768116e-15,3.260533861872117e-14,7.546923483768116e-15,3.260533861872117e-14,2.9587535109542646e-09
7.45447631454312e-09,4.560957622054518e-12,4.003350924564673e-15,2.5666515662582584e-20,6.634243840987352e-20,0.0,0.0,9.787539971163922e-06,0.0008480419262994511,3.618728709220393e-06,0.0031452776871157056,3.2274610415774225e-05,4.028248402636535e-14,4.028248402636535e-14,1.8114741784958763e-14,2.9459582169544726e-14,2.5883420259305965e-14,9.381384558082573e-14,6.7540274199079055e-15,0.0,0.0,3.3881317890172014e-21,0.0,0.0,0.0,1.21920410108148e-12,6.563363503980345e-13,1.2192041005785541e-12,6.563363501272936e-13,6.776263578034403e-21,6.776263578034403e-21,1.797149179631589e-14,1.797149179631589e-14,7.54692348042791e-15,5.1773992994902785e-15,7.54692348042791e-15,5.2300508177901794e-15,7.45447631454312e-09
1.066113067967256e-08,4.905033077216759e-12,5.012014510217583e-15,3.1773792446190625e-20,4.86116190348013e-20,0.0,0.0,1.1623780950314159e-05,0.0008834589084371463,3.6523518873184243e-06,0.011133553874572133,3.270907873630016e-05,2.0152625174649597e-14,2.0152625174649597e-14,2.358562041137403e-14,1.568481822644903e-14,1.2941710129652983e-14,1.1179945857975326e-13,6.043359229473638e-15,1.113553693699032e-13,0.0,1.6940658945086007e-21,0.0,0.0,0.0,9.710781253406438e-13,5.227622447891093e-13,9.710781252082949e-13,5.227622447178617e-13,1.3552527156068805e-20,0.0,3.563868542476588e-14,0.0,1.1320385215777618e-14,4.0163634029618336e-14,1.1320385215777618e-14,4.0094026344991615e-14,1.066113067967256e-08
1.322118940343619e-08,5.349720979807733e-12,6.342133844577749e-15,2.21371563474826e-20,4.913501108358191e-20,0.0,0.0,1.311997448934207e-05,0.000914795024980345,3.684192920632292e-06,0.025751988682207953,3.294519948177008e-05,4.499138380629119e-14,4.499138380629119e-14,1.4989933130464994e-14,0.0,2.3295078233373737e-14,1.2972956042744954e-13,5.102715886712645e-15,1.29396493520062e-13,0.0,3.3881317890172014e-21,0.0,0.0,0.0,7.762981022508614e-13,4.1790596242277536e-13,7.762981025949685e-13,4.179059626080192e-13,6.776263578034403e-21,6.776263578034403e-21,1.766916652939735e-14,1.766916652939735e-14,1.1320385211224562e-14,2.5882894351434305e-15,1.1320385211224562e-14,2.4847578577376934e-15,1.322118940343619e-08
1.5421239663027162e-08,5.887205646768119e-12,6.7312850365759925e-15,2.2728278990911314e-20,4.8566046910092274e-20,0.0,0.0,1.4387612389385776e-05,0.0009388105420725119,3.7144479080916148e-06,0.01643433048315281,3.317267191365535e-05,4.0364134217736804e-14,4.0364134217736804e-14,1.819606947349316e-14,1.7374800644893585e-14,1.2941710129652983e-14,1.4682699500667695e-13,5.694593014401333e-15,1.4666046155298318e-13,0.0,3.3881317890172014e-21,0.0,0.0,0.0,6.630467528351489e-13,3.569391585158444e-13,6.630467533380747e-13,3.5693915878658536e-13,1.3552527156068805e-20,6.776263578034403e-21,3.5041856984100396e-14,1.7520928492050198e-14,1.509384694272161e-14,2.313339247332183e-14,1.509384694272161e-14,2.321894496027938e-14,1.5421239663027162e-08
1.741983390485219e-08,6.515554955007751e-12,7.567454746371982e-15,3.009966617639986e-20,3.756381505529497e-20,0.0,0.0,1.5520402311827133e-05,0.0009591340778827163,3.7432345141487844e-06,0.020513141737864005,3.338554306799071e-05,2.961809903019997e-14,2.961809903019997e-14,2.0202829184711015e-14,2.584691408642603e-14,2.2185788793689317e-14,1.6364687382974807e-13,5.775414513817383e-15,1.6325829577112927e-13,0.0,3.3881317890172014e-21,0.0,0.0,0.0,6.202053150755775e-13,3.3387624978712337e-13,6.202053152873357e-13,3.338762499011196e-13,6.776263578034403e-21,2.0328790734103208e-20,1.7374594622931397e-14,5.2123783868794184e-14,1.5093846937650583e-14,4.5133793248331896e-14,1.5093846937650583e-14,4.5065922882544934e-14,1.741983390485219e-08
1.9299232915347442e-08,7.224215341461992e-12,8.534106091263907e-15,3.1981979073654666e-20,5.507711061241206e-20,0.0,0.0,1.6564195072972654e-05,0.0009759355529844679,3.7706572437710915e-06,0.047409596630212505,3.359230034693775e-05,2.969631363999247e-14,2.969631363999247e-14,2.0222404387757924e-14,1.7352342130233446e-14,2.1669840217091906e-14,1.7857937351095643e-13,8.872998221664358e-15,1.7824630660356888e-13,0.0,3.3881317890172014e-21,0.0,0.0,0.0,6.335750494507309e-13,3.4107360309146085e-13,6.335750496360193e-13,3.4107360319120756e-13,6.776263578034403e-21,0.0,1.7230131701347464e-14,0.0,1.1320385199803769e-14,4.7030102784205745e-14,1.1320385199803769e-14,4.6996449758957653e-14,1.9299232915347442e-08
2.110555003529277e-08,8.001424370884105e-12,8.831159467476199e-15,3.770619871989166e-20,6.538082311682883e-20,0.0,0.0,1.75404695087004e-05,0.001033448375003256,3.796809800494367e-06,0.02018232858652435,3.378508720790347e-05,2.990650555340099e-14,2.990650555340099e-14,2.024424328419479e-14,2.421370515517149e-14,1.2941710129652983e-14,1.9279022822615843e-13,1.079693446013057e-14,1.9245716131877089e-13,0.0,3.3881317890172014e-21,0.0,0.0,0.0,6.766714209117008e-13,3.642737507410638e-13,6.766714208587613e-13,3.642737507125647e-13,6.776263578034403e-21,0.0,1.7087507242819916e-14,0.0,7.546923464479275e-15,2.3545680400906016e-14,7.546923464479275e-15,2.3512305942506432e-14,2.110555003529277e-08
2.287040404887958e-08,8.838328760057314e-12,9.568712050225187e-15,4.0542855087586154e-20,8.054138536658263e-20,0.0,0.0,1.8471783984773774e-05,0.0013155701246438936,3.8217781540631545e-06,0.025114820044185606,3.397122831867719e-05,4.053440359454241e-14,4.053440359454241e-14,2.3635409974590557e-14,1.7329561898784044e-14,1.2941710129652983e-14,2.057243264630415e-13,1.4090237538265791e-14,2.0539125955565396e-13,0.0,6.776263578034403e-21,0.0,0.0,0.0,7.255019926302828e-13,3.905608007937933e-13,7.255019932920273e-13,3.905608011500314e-13,6.776263578034403e-21,6.776263578034403e-21,1.6946689479238843e-14,1.6946689479238843e-14,1.8867308656601544e-14,3.306632087958968e-14,1.8867308656601544e-14,3.303322145928979e-14,2.287040404887958e-08
2.4610021536892906e-08,9.724983547162964e-12,1.0408303848360898e-14,4.628601057945583e-20,9.295848620619409e-20,0.0,0.0,1.9366115342056304e-05,0.0016060429209153813,3.845639691362078e-06,0.24684923643133297,3.414863548408833e-05,3.0100431685467655e-14,3.0100431685467655e-14,2.0294563202592475e-14,0.0,1.2941710129652983e-14,2.206013149930186e-13,1.696279831541282e-14,2.2026824808563106e-13,0.0,3.3881317890172014e-21,0.0,0.0,0.0,7.584217138038215e-13,4.0828253387523367e-13,7.584217140420495e-13,4.0828253400347943e-13,1.3552527156068805e-20,6.776263578034403e-21,3.36152946792956e-14,1.68076473396478e-14,1.1320385191506932e-14,1.533060607263011e-14,1.1320385191506932e-14,1.539626177315529e-14,2.4610021536892906e-08
2.633274962380124e-08,1.065444945211322e-11,1.090564566697963e-14,4.93251256959766e-20,1.1306793713608757e-19,0.0,0.0,2.0225232774077212e-05,0.0019055548389452148,3.868465148506994e-06,0.032213430416417506,3.4315742046995335e-05,3.654809843869398e-14,3.654809843869398e-14,2.032299212897297e-14,4.4221651513382195e-14,2.5883420259305965e-14,2.379763053284023e-13,1.9209069654869663e-14,2.3764323842101476e-13,0.0,1.6940658945086007e-21,0.0,0.0,0.0,8.259658627200405e-13,4.446436978108591e-13,8.259658631964966e-13,4.4464369806735054e-13,0.0,1.3552527156068805e-20,0.0,3.3340700863273265e-14,3.773461729778281e-15,2.648730694177531e-14,3.773461729778281e-15,2.6519866630701894e-14,2.633274962380124e-08
2.8047517055822253e-08,1.1617992699394123e-11,1.1626372981492757e-14,6.519403006841984e-20,1.271024039820425e-19,0.0,0.0,2.105847924310213e-05,0.002214293102417452,3.8903195619643495e-06,0.01823987981743232,3.447688087811408e-05,4.070721430662138e-14,4.070721430662138e-14,2.3563479242193706e-14,0.0,3.882513038895649e-14,2.527422715559169e-13,2.203058631902954e-14,2.5240920464852934e-13,0.0,6.776263578034403e-21,0.0,0.0,0.0,8.023731465645127e-13,4.3194298822190707e-13,8.023731461145264e-13,4.3194298797966513e-13,6.776263578034403e-21,6.776263578034403e-21,1.653476902332018e-14,1.653476902332018e-14,1.5093846916565423e-14,3.814025117885123e-14,1.5093846916565423e-14,3.823713581351385e-14,2.8047517055822253e-08
2.975404538446234e-08,1.2613930525963577e-11,1.2400748877044522e-14,6.361775706730961e-20,1.4854089244354208e-19,0.0,0.0,2.1861397354493394e-05,0.002534440625042675,4.126994802120338e-06,1.1337647838855371,3.4630747224444285e-05,4.414978608782915e-14,4.414978608782915e-14,1.8269275397828668e-14,2.089658502311559e-14,1.2941710129652983e-14,2.717825964282383e-13,2.4301928313690524e-14,2.7144952952085077e-13,0.0,5.082197683525802e-21,0.0,0.0,0.0,8.407363804876649e-13,4.5259513737417275e-13,8.407363807788324e-13,4.525951375309175e-13,6.776263578034403e-21,1.3552527156068805e-20,1.6400874025881525e-14,3.280174805176305e-14,1.509384691434057e-14,2.4857888392457965e-14,1.509384691434057e-14,2.4921955115118937e-14,2.975404538446234e-08
3.1458607301544e-08,1.3634644865478766e-11,1.2957306330560787e-14,6.670384459627615e-20,1.6854458028436157e-19,0.0,0.0,2.2640741219206808e-05,0.0028649871343219115,4.487691248995312e-06,0.04393480540218854,3.477597289931844e-05,5.4799685784451726e-14,5.4799685784451726e-14,1.4644619510388165e-14,1.7271467319575595e-14,1.2941710129652983e-14,2.917110997202599e-13,2.8428775775245865e-14,2.9137803281287233e-13,0.0,3.3881317890172014e-21,0.0,0.0,0.0,8.192496637488456e-13,4.4102815426290803e-13,8.19249663695906e-13,4.41028154234409e-13,2.0328790734103208e-20,2.0328790734103208e-20,4.8805910929978415e-14,4.8805910929978415e-14,2.2640770368623006e-14,1.607819182769776e-14,2.2640770368623006e-14,1.6046416745034327e-14,3.1458607301544e-08
3.315950783653776e-08,1.4679288759310722e-11,1.3422224451626808e-14,7.800093885343801e-20,1.8752550481850024e-19,0.0,0.0,2.4431626453516093e-05,0.00320843009113309,4.853060625151156e-06,0.0873108451908011,3.49134050097072e-05,3.515068796225877e-14,3.515068796225877e-14,0.0,0.0,1.2941710129652983e-14,3.0941915696303113e-13,3.051088858677898e-14,3.0897506775318107e-13,0.0,1.6940658945086007e-21,0.0,0.0,0.0,8.151884023893687e-13,4.3884184808470023e-13,8.151884023628989e-13,4.388418480704507e-13,6.776263578034403e-21,6.776263578034403e-21,1.6138030022760615e-14,1.6138030022760615e-14,1.5093846910768374e-14,2.653982974334541e-14,1.5093846910768374e-14,2.653982974334541e-14,3.315950783653776e-08
3.4861008718226e-08,1.574345516525682e-11,1.4376852336987715e-14,7.803743549718168e-20,2.1118171102606036e-19,0.0,0.0,2.7296827227919978e-05,0.0035651679453476332,5.221381933153625e-06,1.1780835220052455,3.5049093491637544e-05,5.844152717309014e-14,5.844152717309014e-14,1.448886272717513e-14,1.930062159567484e-14,1.2941710129652983e-14,3.2651659154225854e-13,3.398542381738957e-14,3.2623903578610225e-13,0.0,3.3881317890172014e-21,0.0,0.0,0.0,8.375657301056591e-13,4.5088827541540055e-13,8.375657296556729e-13,4.5088827517315865e-13,2.0328790734103208e-20,1.3552527156068805e-20,4.802707771553177e-14,3.2018051810354515e-14,1.1320385182035109e-14,2.5796119433060103e-14,1.1320385182035109e-14,2.5733583385949652e-14,3.4861008718226e-08
3.6559606478906074e-08,1.682739820252232e-11,1.532721089671567e-14,8.748665402744341e-20,2.271210474320483e-19,0.0,0.0,3.0332539858255447e-05,0.003936467297716965,5.593239343751371e-06,0.30493708186899837,3.517668001813738e-05,2.3313576169467016e-14,2.3313576169467016e-14,1.1656578127871199e-14,0.0,1.2941710129652983e-14,3.463340725318176e-13,3.670810166389963e-14,3.458899833219675e-13,0.0,3.3881317890172014e-21,0.0,0.0,0.0,8.155431259146125e-13,4.390328070420664e-13,8.155431263116592e-13,4.390328072558093e-13,0.0,1.3552527156068805e-20,0.0,3.176319588678636e-14,7.546923454116451e-15,4.609443871408689e-14,7.546923454116451e-15,4.609443871408689e-14,3.6559606478906074e-08
3.8256957583658805e-08,1.792735849336307e-11,1.584452019187596e-14,9.374195368226888e-20,2.4883671495267683e-19,0.0,0.0,3.355208799636812e-05,0.004323690945140008,5.967668839559867e-06,0.1007863292215171,3.529934305151096e-05,4.8798054573572675e-14,4.8798054573572675e-14,2.058172685218114e-14,1.8361946218691213e-14,1.7255613506202957e-14,3.6587399776522034e-13,3.967861884019205e-14,3.6548541970660153e-13,0.0,6.776263578034403e-21,0.0,0.0,0.0,8.099936754715523e-13,4.3604536134098773e-13,8.099936752862638e-13,4.3604536124124113e-13,3.3881317890172014e-20,2.0328790734103208e-20,7.877860010230045e-14,4.726716006138027e-14,0.0,3.252735635550044e-14,0.0,3.2435036517216144e-14,3.8256957583658805e-08
3.9951771802995713e-08,1.9039720987032997e-11,1.6764367671839864e-14,9.784605497653231e-20,2.7055070940336093e-19,0.0,0.0,3.696722591457483e-05,0.004727892671135803,6.345246539466307e-06,0.14250811774421962,3.5417050335302214e-05,4.1258214669867226e-14,4.1258214669867226e-14,2.0627142071005424e-14,1.7924969863088724e-14,1.6941875078817452e-14,3.8574698990601064e-13,4.3267112381828025e-14,3.8546943414985435e-13,0.0,3.3881317890172014e-21,0.0,0.0,0.0,7.669512492935834e-13,4.1287425415321894e-13,7.669512495318114e-13,4.128742542814646e-13,2.710505431213761e-20,6.776263578034403e-21,6.252546627411143e-14,1.5631366568527857e-14,7.546923453299018e-15,5.049727931096263e-14,7.546923453299018e-15,5.0588870506810804e-14,3.9951771802995713e-08
4.164638850581124e-08,2.016504829944654e-11,1.7291701332779595e-14,1.0978883475536016e-19,2.884909043689369e-19,0.0,0.0,4.059440470994147e-05,0.005150507192079921,6.724809934742239e-06,0.1951206816176985,3.552814381529233e-05,4.135372696695828e-14,4.135372696695828e-14,1.411070400362015e-14,2.1600019159657307e-14,1.2941710129652983e-14,4.04121180963557e-13,4.574093411525766e-14,4.038436252074007e-13,0.0,6.776263578034403e-21,0.0,0.0,0.0,7.441199331676615e-13,4.005834304202773e-13,7.441199338029362e-13,4.0058343076226586e-13,0.0,6.776263578034403e-21,0.0,1.5508512554813118e-14,7.546923453040983e-15,5.400786598974102e-14,7.546923453040983e-15,5.397757554330819e-14,4.164638850581124e-08
4.3337595203196415e-08,2.1302976655353698e-11,1.8127344713647242e-14,1.150126026608363e-19,3.1192474718894015e-19,0.0,0.0,4.445209831488679e-05,0.005593839889142058,7.107257559446257e-06,0.08059029518476056,3.5633922115833454e-05,3.451037043645163e-14,3.451037043645163e-14,2.0724294339780626e-14,2.1205981514038956e-14,3.269484664333196e-14,4.260480856999038e-13,4.9807486217549476e-14,4.257150187925163e-13,0.0,5.082197683525802e-21,0.0,0.0,0.0,7.67512897709038e-13,4.131766073612508e-13,7.675128978149171e-13,4.131766074182489e-13,2.710505431213761e-20,1.3552527156068805e-20,6.154853387196154e-14,3.077426693598077e-14,1.509384690575018e-14,2.4493500628280252e-14,1.509384690575018e-14,2.4493500628280252e-14,4.3337595203196415e-08
4.502412703197593e-08,2.2449772899833548e-11,1.9057472200705905e-14,1.1878108250931684e-19,3.330714684750006e-19,0.0,0.0,4.8557283950965486e-05,0.0060591211710328855,7.491496588075211e-06,0.32032663430129044,3.573481063063889e-05,3.4376470993220926e-14,3.4376470993220926e-14,2.0776035572129195e-14,0.0,1.606557119543037e-14,4.459765889919254e-13,5.316701405829303e-14,4.455880109333066e-13,0.0,3.3881317890172014e-21,0.0,0.0,0.0,7.387824552262483e-13,3.977100962596659e-13,7.387824548027318e-13,3.9771009603167355e-13,6.776263578034403e-21,6.776263578034403e-21,1.5267205304991397e-14,1.5267205304991397e-14,1.13203851791937e-14,1.0913804305949576e-14,1.13203851791937e-14,1.0913804305949576e-14,4.502412703197593e-08
4.6708437193418975e-08,2.36045236092224e-11,2.0111438044670194e-14,1.2237867415564424e-19,3.5502505885189154e-19,0.0,0.0,5.293127725269638e-05,0.006548497219272431,7.877168624231522e-06,0.1902104780050421,3.583536096131065e-05,5.705939921855229e-14,5.705939921855229e-14,1.1413544708158623e-14,1.6360767375371217e-14,1.2941710129652983e-14,4.671818487622659e-13,5.6462660405322496e-14,4.668487818548783e-13,0.0,3.3881317890172014e-21,0.0,0.0,0.0,6.626615727514845e-13,3.5673180382425874e-13,6.626615725397263e-13,3.567318037102625e-13,2.0328790734103208e-20,6.776263578034403e-21,4.544611367459545e-14,1.5148704558198482e-14,3.773461726398996e-15,2.807871577023426e-14,3.773461726398996e-15,2.807871577023426e-14,4.6708437193418975e-08
4.838712360819616e-08,2.476725539731109e-11,2.0451320669788277e-14,1.32360247763321e-19,3.7568674460308084e-19,0.0,0.0,5.76004488549475e-05,0.007064780095074903,8.264052628789194e-06,0.35056190114694613,3.592952149142087e-05,2.0888946396069854e-14,2.0888946396069854e-14,1.8064421173842123e-14,0.0,1.2941710129652983e-14,4.869438186005937e-13,5.962881685132058e-14,4.866662628444374e-13,0.0,6.776263578034403e-21,0.0,0.0,0.0,5.045982221371591e-13,2.7164127420590613e-13,5.045982224812662e-13,2.7164127439114995e-13,1.3552527156068805e-20,6.776263578034403e-21,3.006321640603665e-14,1.5031608203018325e-14,1.1320385179315517e-14,4.107321475679534e-14,1.1320385179315517e-14,4.1043855775553883e-14,4.838712360819616e-08
5.0063499421919724e-08,2.5937625907341654e-11,2.151485040714243e-14,1.4194058416983162e-19,3.970255120691683e-19,0.0,0.0,6.259201883169983e-05,0.007610513802718239,8.653283151101188e-06,0.05615911925040964,3.601998168543365e-05,4.189451737146299e-14,4.189451737146299e-14,1.8382498494654055e-14,1.713966635098024e-14,3.0550922273277464e-14,5.08537656429553e-13,6.256799655866001e-14,5.081490783709341e-13,0.0,3.3881317890172014e-21,0.0,0.0,0.0,4.216347185539227e-13,2.26979381164573e-13,4.21634718395104e-13,2.2697938107907588e-13,6.776263578034403e-21,0.0,1.4915893685823086e-14,0.0,7.546923453028573e-15,2.115053881165299e-14,7.546923453028573e-15,2.126707070593207e-14,5.0063499421919724e-08
5.1733732638313056e-08,2.7113274103298706e-11,2.2467894162455817e-14,1.4391835083718717e-19,4.1920640012792554e-19,0.0,0.0,6.793736312184541e-05,0.008188514085608292,9.043586047810383e-06,0.027487277204836832,3.610876125707827e-05,3.5982200273527374e-14,3.5982200273527374e-14,1.7994426620986293e-14,3.069945091122639e-14,1.2941710129652983e-14,5.294653604437372e-13,6.646774241727951e-14,5.290767823851183e-13,0.0,3.3881317890172014e-21,0.0,0.0,0.0,4.2534233129903157e-13,2.2897530704413253e-13,4.253423309813942e-13,2.2897530687313823e-13,6.776263578034403e-21,0.0,1.4801538912246546e-14,0.0,7.546923453248734e-15,2.3561341670727872e-14,7.546923453248734e-15,2.3503522427364122e-14,5.1733732638313056e-08
5.3396343524738715e-08,2.8293054401069443e-11,2.3397538680812007e-14,1.5250415983905064e-19,4.40294747307015e-19,0.0,0.0,7.366998943807069e-05,0.008802295539726213,9.434570301435884e-06,0.021652401926458287,3.619427368396118e-05,5.3165487590588675e-14,5.3165487590588675e-14,1.795609646846065e-14,1.711529119130079e-14,1.4790525862459737e-14,5.502820421554588e-13,7.082379249221036e-14,5.497824417943775e-13,0.0,3.3881317890172014e-21,0.0,0.0,0.0,4.91374707848835e-13,2.645226358255582e-13,4.913747084576399e-13,2.645226361532973e-13,6.776263578034403e-21,6.776263578034403e-21,1.4688522235822987e-14,1.4688522235822987e-14,1.1320385180300884e-14,3.3106971326934794e-14,1.1320385180300884e-14,3.3221726860130406e-14,5.3396343524738715e-08
5.505775614061335e-08,2.947788968326975e-11,2.375728114221526e-14,1.5996649465701e-19,4.624777365030816e-19,0.0,0.0,7.983573817174561e-05,0.009456225455242141,9.826323392271497e-06,0.017641545985219585,3.627352288356231e-05,2.6326244311988377e-14,2.6326244311988377e-14,0.0,1.7103067474018223e-14,1.2941710129652983e-14,5.69044811271624e-13,7.399932943643121e-14,5.686562332130052e-13,0.0,6.776263578034403e-21,0.0,0.0,0.0,6.282997908243387e-13,3.382337635673148e-13,6.282997903743524e-13,3.3823376332507284e-13,1.3552527156068805e-20,0.0,2.915364489391484e-14,0.0,1.509384690776197e-14,3.339615103545082e-14,1.509384690776197e-14,3.3424621752446094e-14,5.505775614061335e-08
5.6708460533649803e-08,3.0667245597139405e-11,2.4935507799072776e-14,1.6372568441434163e-19,4.859230566325251e-19,0.0,0.0,8.647809258900856e-05,0.010155260659175708,1.0219350809535958e-05,0.01467493385150521,3.635035343048003e-05,3.9098954023664474e-14,3.9098954023664474e-14,1.787310185806954e-14,1.709082132504092e-14,1.433543275899945e-14,5.936362512670712e-13,7.844508757913952e-14,5.932476732084524e-13,0.0,9.628382330117242e-22,0.0,0.0,0.0,7.53697297539691e-13,4.057392303169438e-13,7.536972978837981e-13,4.057392305021876e-13,6.776263578034403e-21,6.776263578034403e-21,1.4466418762215902e-14,1.4466418762215902e-14,1.5093846908573978e-14,5.453230860304598e-15,1.5093846908573978e-14,5.481485942482342e-15,5.6708460533649803e-08
5.835351500361509e-08,3.185893792915584e-11,2.5928283622243435e-14,1.7110956573223194e-19,5.084965303381388e-19,0.0,0.0,9.365394405474401e-05,0.01090357953148595,1.0612470683490613e-05,0.02306420112655107,3.642550520993256e-05,4.2542000553846235e-14,4.2542000553846235e-14,2.206095830043563e-14,1.8191334335638034e-14,1.4118229232347949e-14,6.178391132038996e-13,8.21399861059207e-14,6.175615574477433e-13,0.0,3.3881317890172014e-21,0.0,0.0,0.0,8.800678896099151e-13,4.737685398668683e-13,8.800678898216733e-13,4.737685399808646e-13,0.0,6.776263578034403e-21,0.0,1.4357290813925367e-14,7.546923454749271e-15,3.538892710021589e-14,7.546923454749271e-15,3.53328432220856e-14,5.835351500361509e-08
5.999169278638132e-08,3.3052400503814057e-11,2.669566988613338e-14,1.7787893565708292e-19,5.316075941506281e-19,0.0,0.0,0.00010142895019264663,0.011708227955501528,1.1005984035802638e-05,0.01618368518661615,3.649542900368871e-05,2.154551518533657e-14,2.154551518533657e-14,1.7782103839642218e-14,0.0,2.5883420259305965e-14,6.379896611008462e-13,8.683174314099957e-14,6.377676164959212e-13,0.0,1.6940658945086007e-21,0.0,0.0,0.0,9.42421933205321e-13,5.073357050114637e-13,9.42421932834744e-13,5.073357048119703e-13,0.0,6.776263578034403e-21,0.0,1.424941864007253e-14,1.8867308638163413e-14,8.989493319962962e-15,1.8867308638163413e-14,9.045155817300196e-15,5.999169278638132e-08
6.162107164010048e-08,3.4247546592548463e-11,2.7673018776545328e-14,1.88110456858675e-19,5.5191287661124705e-19,0.0,0.0,0.00010987610889661623,0.012576088728269883,1.1399790872357213e-05,0.02334978490178294,3.6565735934374374e-05,3.338053812004522e-14,3.338053812004522e-14,2.2228423724988302e-14,1.7628323655608653e-14,1.3702987196102432e-14,6.603051438958119e-13,9.093706467125936e-14,6.598610546859618e-13,0.0,6.776263578034403e-21,0.0,0.0,0.0,1.0940481916197019e-12,5.88960943135192e-13,1.0940481914608832e-12,5.88960943049695e-13,6.776263578034403e-21,0.0,1.4142782674492013e-14,0.0,1.1320385183749569e-14,1.9142720131301263e-14,1.1320385183749569e-14,1.9087474185756382e-14,6.162107164010048e-08
6.324286549098351e-08,3.544455453208246e-11,2.8474082351434474e-14,1.9008295036551717e-19,5.758688671109681e-19,0.0,0.0,0.00011908198715601883,0.013516730371282565,1.1793700638018164e-05,0.026398194500398205,3.663416314560764e-05,3.535678856729877e-14,3.535678856729877e-14,2.1486569243627086e-14,1.3398591225888586e-14,2.7008786357535236e-14,6.818434705735399e-13,9.439971925735639e-14,6.815659148173836e-13,0.0,3.3881317890172014e-21,0.0,0.0,0.0,1.1475034556961843e-12,6.177376121952774e-13,1.1475034557491238e-12,6.177376122237766e-13,0.0,6.776263578034403e-21,0.0,1.4037363737334167e-14,1.8867308641125696e-14,2.377060308469232e-14,1.8867308641125696e-14,2.3798020158607765e-14,6.324286549098351e-08
6.485580971545636e-08,3.664652092761323e-11,2.913917754381205e-14,1.9739729836072632e-19,6.02676542187308e-19,0.0,0.0,0.00012916965632455823,0.014541388679287028,1.1837596077694636e-05,0.03582016573395107,3.66958398613561e-05,2.3890488481620548e-14,2.3890488481620548e-14,2.1564313076239325e-14,1.702928649726676e-14,2.5883420259305965e-14,7.052691763931307e-13,9.738682275956741e-14,7.049361094857431e-13,0.0,1.2705494208814505e-21,0.0,0.0,0.0,1.2524985718025238e-12,6.742598230816474e-13,1.2524985718289936e-12,6.742598230958969e-13,0.0,0.0,0.0,0.0,7.546923457114465e-15,2.6424323427092216e-14,7.546923457114465e-15,2.6397109911719308e-14,6.485580971545636e-08
6.646089062121357e-08,3.784592061656039e-11,3.0381491929176657e-14,2.0263083607040247e-19,6.268324495362387e-19,0.0,0.0,0.0001402419855376566,0.015659417415520134,1.221711116383583e-05,0.059734379370494514,3.676024290148244e-05,3.726027420333283e-14,3.726027420333283e-14,1.757821100715965e-14,1.70169053429409e-14,1.2941710129652983e-14,7.294165271787278e-13,1.0135924941811001e-13,7.291389714225716e-13,0.0,3.3881317890172014e-21,0.0,0.0,0.0,1.3382554123869079e-12,7.204254582865283e-13,1.338255412492787e-12,7.204254583435263e-13,1.3552527156068805e-20,1.3552527156068805e-20,2.766020421031601e-14,2.766020421031601e-14,1.1320385186734175e-14,1.066984314988877e-14,1.1320385186734175e-14,1.0642830888749813e-14,6.646089062121357e-08
1.8456467912377933e-08,6.7207995929184365e-12,8.791816806554551e-15,2.4872354847147177e-20,5.360309564528424e-20,0.0,0.0,1.4703958339894002e-05,0.0008399208831606337,4.228879625514251e-06,0.02054391208498505,3.712437114154995e-05,4.2860410579135924e-14,4.2860410579135924e-14,1.2424894046366016e-14,1.7004557739734747e-14,1.2941710129652983e-14,1.8207657603852567e-13,4.093258837862191e-15,1.8179902028236938e-13,0.0,1.0164395367051604e-20,0.0,0.0,0.0,1.3086573860134772e-12,7.044918991788342e-13,1.3086573860664167e-12,7.044918992073332e-13,2.0328790734103208e-20,2.0328790734103208e-20,4.118466869989042e-14,4.118466869989042e-14,1.8867308646185507e-14,2.0136770208120424e-14,1.8867308646185507e-14,2.0083143656301195e-14,1.8456467912377933e-08
1.653504426494017e-08,6.120485612618437e-12,7.864580430638685e-15,3.0259948257199785e-20,4.9954293636972744e-20,0.0,0.0,1.4156142873292603e-05,0.0008617793843378271,4.228672588063281e-06,0.5577632164086971,3.642558686887461e-05,2.1683850521747298e-14,2.1683850521747298e-14,0.0,1.646269815052427e-14,1.2941710129652983e-14,1.6608936448392342e-13,4.499298340127735e-15,1.6570078642530461e-13,0.0,1.6940658945086007e-21,0.0,0.0,0.0,1.3346603787671864e-12,7.18490137331296e-13,1.3346603788730655e-12,7.18490137388294e-13,2.0328790734103208e-20,1.3552527156068805e-20,4.088350110427876e-14,2.7255667402852508e-14,3.773461729553764e-15,2.2997261568156636e-14,3.773461729553764e-15,2.3023878769045705e-14,1.653504426494017e-08
1.632516711490936e-08,6.077723419822417e-12,7.852032228899707e-15,2.7813781393564876e-20,6.359462962301084e-20,0.0,0.0,1.4072298065545134e-05,0.0008608612333689116,4.227987770140136e-06,0.05324325989797299,3.6286791950044746e-05,4.898501648824672e-14,4.898501648824672e-14,0.0,1.698052884621682e-14,1.2941710129652983e-14,1.6409096303959814e-13,3.898658116020123e-15,1.6381340728344185e-13,0.0,1.0164395367051604e-20,0.0,0.0,0.0,1.3690962308303722e-12,7.37028051898635e-13,1.369096231200949e-12,7.370280520981282e-13,6.776263578034403e-21,0.0,1.3528902059310634e-14,0.0,1.1320385189552695e-14,3.7522041223869674e-14,1.1320385189552695e-14,3.757488916925541e-14,1.632516711490936e-08
1.6194210898736087e-08,6.052146180936692e-12,7.628088635024025e-15,3.0161985740582476e-20,5.527787703160516e-20,0.0,0.0,1.4015586650968476e-05,0.0008593539805356965,4.227712830078103e-06,0.09825845194208034,3.628080401684948e-05,6.445301000388543e-14,6.445301000388543e-14,2.171632792776106e-14,1.2586030881621049e-14,1.2941710129652983e-14,1.6525669721545455e-13,4.052916610591759e-15,1.6486811915683575e-13,0.0,6.776263578034403e-21,0.0,0.0,0.0,1.3797872015524416e-12,7.427833415172555e-13,1.3797872022406559e-12,7.427833418877432e-13,0.0,0.0,0.0,0.0,1.5093846920499198e-14,2.1196692052575212e-14,1.5093846920499198e-14,2.1249159112111288e-14,1.6194210898736087e-08
1.610203875250083e-08,6.032582618977245e-12,7.344693824136492e-15,3.8714131733657234e-20,5.0062152813011536e-20,0.0,0.0,1.3976470480653798e-05,0.000858278139625172,4.227439938508317e-06,0.08875210659492756,3.6280851308707256e-05,2.4895969579494993e-14,2.4895969579494993e-14,2.4519615615514157e-14,1.430561240231371e-14,1.2941710129652983e-14,1.6397994073713562e-13,4.30113218767943e-15,1.6370238498097933e-13,0.0,3.3881317890172014e-21,0.0,0.0,0.0,1.3569701182479564e-12,7.305001797648381e-13,1.3569701179832586e-12,7.305001796223428e-13,6.776263578034403e-21,6.776263578034403e-21,1.3335286287442148e-14,1.3335286287442148e-14,3.773461730375074e-15,3.5604625446132215e-14,3.773461730375074e-15,3.552648800916192e-14,1.610203875250083e-08
1.6034778463230215e-08,6.019831486576696e-12,7.475066574320124e-15,3.459380449312887e-20,5.672163364677684e-20,0.0,0.0,1.3953432789766964e-05,0.0008576514065480214,4.227167913679449e-06,0.4085358852834868,3.627652420243453e-05,4.3504963625189414e-14,4.3504963625189414e-14,1.2453798217667145e-14,1.604160286578469e-14,1.2941710129652983e-14,1.6286971771251046e-13,4.2666318433240225e-15,1.6253665080512292e-13,0.0,1.6940658945086007e-21,0.0,0.0,0.0,1.353386240731088e-12,7.285708644946495e-13,1.3533862402281622e-12,7.285708642239086e-13,1.3552527156068805e-20,6.776263578034403e-21,2.6481083604547643e-14,1.3240541802273821e-14,1.509384692241102e-14,1.3473457141163078e-14,1.509384692241102e-14,1.344759637889597e-14,1.6034778463230215e-08
1.5983654021481826e-08,6.0093294523585e-12,7.572339602015503e-15,2.8861334839981495e-20,5.818153661766756e-20,0.0,0.0,1.3936427448401265e-05,0.0008570198893545779,4.226896180579672e-06,1.0168735170395509,3.6275924165969616e-05,4.307699782295356e-14,4.307699782295356e-14,1.2459402782281794e-14,1.6396004652001236e-14,1.2941710129652983e-14,1.624256285026604e-13,4.044080436231658e-15,1.6220358389773537e-13,0.0,3.3881317890172014e-21,0.0,0.0,0.0,1.3466208047257523e-12,7.249288150849931e-13,1.3466208049110408e-12,7.249288151847396e-13,2.0328790734103208e-20,2.0328790734103208e-20,3.9441402299895016e-14,3.9441402299895016e-14,1.1320385192428334e-14,2.8605651985092805e-14,1.1320385192428334e-14,2.85542953388e-14,1.5983654021481826e-08
1.5938713566732158e-08,5.999277721574396e-12,7.581490223184897e-15,3.693102504546707e-20,5.390278791474105e-20,0.0,0.0,1.3924186258255541e-05,0.0008560085169257426,4.226624515318664e-06,0.20358383616983544,3.6274040782220806e-05,3.739461828029449e-14,3.739461828029449e-14,2.1785385996830813e-14,1.4276885939570818e-14,1.2941710129652983e-14,1.627031842588167e-13,4.135115001420833e-15,1.6231460620019789e-13,0.0,3.3881317890172014e-21,0.0,0.0,0.0,1.2730653537736017e-12,6.853315760443825e-13,1.2730653536412528e-12,6.853315759731349e-13,6.776263578034403e-21,0.0,1.305503508700553e-14,0.0,1.886730865498436e-14,1.2213752803358074e-14,1.886730865498436e-14,1.2315746563720145e-14,1.5938713566732158e-08
1.5902346931905824e-08,5.9919209582493276e-12,7.769578378321021e-15,3.359422795666041e-20,5.467040083987698e-20,0.0,0.0,1.3913261254431417e-05,0.0008555341160514881,4.2263524654768445e-06,0.19301440203391074,3.6270973250480936e-05,3.685760689151749e-14,3.685760689151749e-14,2.1802624665743974e-14,1.600539933672748e-14,1.2941710129652983e-14,1.6275869541004795e-13,3.881670843331505e-15,1.6248113965389166e-13,0.0,6.776263578034403e-21,0.0,0.0,0.0,1.202896846603641e-12,6.475576365801406e-13,1.2028968468683389e-12,6.475576367226357e-13,6.776263578034403e-21,6.776263578034403e-21,1.2964217451617667e-14,1.2964217451617667e-14,1.509384692466705e-14,3.24869196662963e-14,1.509384692466705e-14,3.24869196662963e-14,1.5902346931905824e-08
1.5869875376519333e-08,5.984067402752537e-12,7.68243047217207e-15,2.964615315390051e-20,5.956002915642417e-20,0.0,0.0,1.3906621930438595e-05,0.0008550906397145493,4.2260807250481025e-06,0.5003686868481746,3.6269218221171643e-05,3.5559008715168003e-14,3.5559008715168003e-14,0.0,1.68964520350715e-14,1.2941710129652983e-14,1.6187051699034782e-13,3.91012071512739e-15,1.6148193893172902e-13,0.0,3.3881317890172014e-21,0.0,0.0,0.0,1.2324862170354125e-12,6.634865359190901e-13,1.2324862169030636e-12,6.634865358478424e-13,6.776263578034403e-21,0.0,1.2874654636753299e-14,0.0,1.132038519396227e-14,2.3536777934090062e-14,1.132038519396227e-14,2.3536777934090062e-14,1.5869875376519333e-08
1.5838946898660164e-08,5.9759531749843304e-12,7.551557142823479e-15,2.7784746527152516e-20,6.764179524136752e-20,0.0,0.0,1.3898736945631487e-05,0.000854169613484881,4.225808727258088e-06,1.733076264311052,3.6265482767583e-05,4.992748480214442e-14,4.992748480214442e-14,2.1837092780841498e-14,1.4248166198995e-14,1.2941710129652983e-14,1.6109336087311021e-13,4.063557496806504e-15,1.6076029396572267e-13,0.0,6.776263578034403e-21,0.0,0.0,0.0,1.1670102863555054e-12,6.282387596499289e-13,1.1670102860113983e-12,6.282387594646851e-13,3.3881317890172014e-20,2.0328790734103208e-20,6.393160407101333e-14,3.8358962442608e-14,1.1320385194381098e-14,4.113152116339035e-14,1.1320385194381098e-14,4.113152116339035e-14,1.5838946898660164e-08
1.5811142087190336e-08,5.970285151065729e-12,7.625866498750254e-15,3.223180184673633e-20,5.94970193434709e-20,0.0,0.0,1.3894575824292355e-05,0.0008538724245493545,4.225536984995622e-06,5.07189244377597,3.6266145374578066e-05,2.497512279548945e-14,2.497512279548945e-14,2.1854325156241675e-14,1.5969197538055192e-14,1.2941710129652983e-14,1.6114887202434147e-13,4.2480013076994625e-15,1.6081580511695392e-13,0.0,3.3881317890172014e-21,0.0,0.0,0.0,1.0778279242952279e-12,5.802290572690083e-13,1.0778279247981537e-12,5.802290575397492e-13,1.3552527156068805e-20,6.776263578034403e-21,2.5398381719523527e-14,1.2699190859761763e-14,1.5093846926347895e-14,3.497282705900051e-14,1.5093846926347895e-14,3.502243390589271e-14,1.5811142087190336e-08
1.5783944585375093e-08,5.963691123584805e-12,7.448429925158487e-15,3.980153651211657e-20,5.827796544893055e-20,0.0,0.0,1.3888391673314695e-05,0.0008529326701935295,4.225264654985645e-06,0.5572394681994048,3.626122581296976e-05,2.4986526949709202e-14,2.4986526949709202e-14,1.2493196364565933e-14,1.6319663555676933e-14,1.2941710129652983e-14,1.6214807274650411e-13,4.55702107958704e-15,1.617594946878853e-13,0.0,3.3881317890172014e-21,0.0,0.0,0.0,1.0286458826112583e-12,5.537527997536788e-13,1.0286458826112583e-12,5.537527997536788e-13,0.0,0.0,0.0,0.0,7.5469234634037e-15,4.4590344216078396e-14,7.5469234634037e-15,4.45410731174971e-14,1.5783944585375093e-08
1.5760174168255187e-08,5.9578468876007055e-12,7.490509454225691e-15,3.2109141024577384e-20,5.665756767286838e-20,0.0,0.0,1.388409088046972e-05,0.000852130108470165,4.224992331556767e-06,4.495029147793652,3.625941359644964e-05,2.4997954703165465e-14,2.4997954703165465e-14,2.1664769446110443e-14,3.261388363548035e-14,1.2941710129652983e-14,1.6120438317557273e-13,4.11703285424347e-15,1.6087131626818518e-13,0.0,3.3881317890172014e-21,0.0,0.0,0.0,9.693897865884745e-13,5.218533583328945e-13,9.693897868267025e-13,5.218533584611403e-13,1.3552527156068805e-20,6.776263578034403e-21,2.5056890872874473e-14,1.2528445436437236e-14,1.5093846927224524e-14,1.5734166447543877e-14,1.5093846927224524e-14,1.5685226583010304e-14,1.5760174168255187e-08
1.5735721260765207e-08,5.95184319240875e-12,7.477333525899404e-15,2.1039861930964924e-20,5.948734221165062e-20,0.0,0.0,1.3881230841942287e-05,0.0008519890681488458,4.224720036855237e-06,0.1775495523841566,3.625755393495471e-05,3.576579359608562e-14,3.576579359608562e-14,2.1906025542930332e-14,1.593299744814299e-14,1.2941710129652983e-14,1.6103784972187896e-13,3.7711843482058e-15,1.607047828144914e-13,0.0,3.3881317890172014e-21,0.0,0.0,0.0,9.289029225110336e-13,5.000579915160689e-13,9.289029223786847e-13,5.000579914448213e-13,6.776263578034403e-21,1.3552527156068805e-20,1.2444783029516118e-14,2.4889566059032236e-14,1.509384692760347e-14,4.290102043124438e-14,1.509384692760347e-14,4.285240737693136e-14,1.5735721260765207e-08
1.5710421488973395e-08,5.944897009014137e-12,7.53889667198358e-15,3.585661649140751e-20,4.9167852127182323e-20,0.0,0.0,1.3875878508333456e-05,0.000851007598074496,4.224447353323784e-06,1.224028140805234,3.625514896819589e-05,4.3402290067810844e-14,4.3402290067810844e-14,2.170079622417237e-14,1.5920931137738465e-14,1.2941710129652983e-14,1.6076029396572267e-13,4.484733555978824e-15,1.605937605120289e-13,0.0,6.776263578034403e-21,0.0,0.0,0.0,8.844396270875558e-13,4.761219852157062e-13,8.844396270346162e-13,4.761219851872072e-13,6.776263578034403e-21,6.776263578034403e-21,1.2362230571608878e-14,1.2362230571608878e-14,1.1320385195960973e-14,3.776323346873713e-14,1.1320385195960973e-14,3.771494288885384e-14,1.5710421488973395e-08
1.5686045108572958e-08,5.9390612470547276e-12,7.571729167404183e-15,2.940314780002031e-20,5.98825199933023e-20,0.0,0.0,1.3872673083787128e-05,0.0008507513936572093,4.224174613040024e-06,34.35885629794029,3.6252000982246624e-05,4.3883241547123564e-14,4.3883241547123564e-14,1.2515996743891383e-14,3.1817730047385135e-14,1.2941710129652983e-14,1.6148193893172902e-13,4.139113419868159e-15,1.6114887202434147e-13,0.0,6.776263578034403e-21,0.0,0.0,0.0,8.237878875274036e-13,4.434712244834435e-13,8.237878878185712e-13,4.434712246401883e-13,6.776263578034403e-21,6.776263578034403e-21,1.2280766119736661e-14,1.2280766119736661e-14,1.509384692826141e-14,8.778941061731666e-15,1.509384692826141e-14,8.778941061731666e-15,1.5686045108572958e-08
1.5664084167290527e-08,5.9321269872380515e-12,7.738979198742978e-15,2.871179323868013e-20,6.558914698282535e-20,0.0,0.0,1.3868847311979292e-05,0.0008498953614406507,4.223901480513968e-06,0.5513132074442466,3.6251982452415946e-05,5.008779744070261e-14,5.008779744070261e-14,1.234571443570639e-14,1.6800378490039612e-14,1.2941710129652983e-14,1.5987211554602254e-13,3.980585511778002e-15,1.59539048638635e-13,0.0,6.776263578034403e-21,0.0,0.0,0.0,8.002747921809286e-13,4.308133773087366e-13,8.002747926309148e-13,4.308133775509785e-13,6.776263578034403e-21,6.776263578034403e-21,1.2200368305532163e-14,1.2200368305532163e-14,1.1320385196410136e-14,2.0445409746637233e-14,1.1320385196410136e-14,2.0421580597748376e-14,1.5664084167290527e-08
1.564065676717191e-08,5.925600315653254e-12,7.481453496197086e-15,2.784922734380229e-20,5.977023678183692e-20,0.0,0.0,1.3866099089175888e-05,0.0008493934975559675,4.223628449683052e-06,1.0444867349825906,3.624759928272774e-05,5.3896707426961223e-14,5.3896707426961223e-14,2.5054962431800694e-14,2.488120333370909e-14,1.2941710129652983e-14,1.5903944827755367e-13,4.101965387709618e-15,1.5870638137016613e-13,0.0,1.6940658945086007e-21,0.0,0.0,0.0,7.685631808424734e-13,4.137420081814007e-13,7.685631804983663e-13,4.1374200799615693e-13,0.0,6.776263578034403e-21,0.0,1.2121016316553091e-14,1.1320385196605291e-14,2.1803903814958835e-14,1.1320385196605291e-14,2.1851252140289905e-14,1.564065676717191e-08
1.562079542531624e-08,5.920510634675486e-12,7.389241117689684e-15,2.969451558923739e-20,5.527725375420222e-20,0.0,0.0,1.3864139854220757e-05,0.0008491217331691063,4.223355136453687e-06,42.28813636952502,3.624583317817516e-05,2.1993300146096284e-14,2.1993300146096284e-14,2.1992230189999994e-14,1.587266787388382e-14,1.2941710129652983e-14,1.5959455978986625e-13,4.223162669145628e-15,1.592614928824787e-13,0.0,6.776263578034403e-21,0.0,0.0,0.0,7.433568185038865e-13,4.001726215221503e-13,7.433568187156447e-13,4.0017262163614655e-13,6.776263578034403e-21,0.0,1.2042689878320116e-14,0.0,1.1320385196783413e-14,9.784810670031395e-15,1.1320385196783413e-14,9.737768311040862e-15,1.562079542531624e-08
1.5594991490450273e-08,5.913870129138168e-12,7.53051273330663e-15,4.4305572227170955e-20,4.3355254740631794e-20,0.0,0.0,1.385821784714876e-05,0.0008481770576880511,4.223081482260294e-06,0.7747040737121208,3.6244011731967774e-05,2.5078597424012493e-14,2.5078597424012493e-14,2.200947908477242e-14,1.6217903877329502e-14,1.2941710129652983e-14,1.599276266972538e-13,3.661520917178913e-15,1.5959455978986625e-13,0.0,3.3881317890172014e-21,0.0,0.0,0.0,7.016137627148842e-13,3.777010067476338e-13,7.016137627942936e-13,3.777010067903823e-13,6.776263578034403e-21,0.0,1.1965369237046794e-14,0.0,1.1320385196946136e-14,3.02409880699835e-14,1.1320385196946136e-14,3.02409880699835e-14,1.5594991490450273e-08
1.557548478835338e-08,5.908713056849197e-12,7.478363731264635e-15,3.240938887586473e-20,5.325733843212404e-20,0.0,0.0,1.3857717224561764e-05,0.0008478870587552445,4.222807833819497e-06,0.29952179656570854,3.624083088446213e-05,2.5090208782707437e-14,2.5090208782707437e-14,2.4745129285032268e-14,1.6205186203412893e-14,1.2941710129652983e-14,1.6081580511695392e-13,4.030911319541816e-15,1.6042722705833512e-13,0.0,3.3881317890172014e-21,0.0,0.0,0.0,6.698944057018855e-13,3.606254678773027e-13,6.698944057018855e-13,3.606254678773027e-13,6.776263578034403e-21,6.776263578034403e-21,1.1889035143030549e-14,1.1889035143030549e-14,7.546923464730013e-15,6.2929096908995436e-15,7.546923464730013e-15,6.246467552959325e-15,1.557548478835338e-08
1.555398056499983e-08,5.902730170671568e-12,7.530717330666735e-15,3.410293921443298e-20,4.879117041450173e-20,0.0,0.0,1.3854614552905863e-05,0.0008473160897766871,4.222533856645198e-06,3.118804239693493,3.623851968108007e-05,2.4759298428143238e-14,2.4759298428143238e-14,2.18271451738296e-14,2.8266642496968522e-14,1.2941710129652983e-14,1.5970558209232877e-13,4.120896244884581e-15,1.5948353748740374e-13,0.0,1.0164395367051604e-20,0.0,0.0,0.0,6.571181031633553e-13,3.537475778076399e-13,6.571181036398113e-13,3.5374757806413134e-13,6.776263578034403e-21,1.3552527156068805e-20,1.1813668834675359e-14,2.3627337669350718e-14,7.546923464820947e-15,1.6290150365693418e-14,7.546923464820947e-15,1.6290150365693418e-14,1.555398056499983e-08
1.553303298725434e-08,5.897711203474483e-12,7.810914104653604e-15,4.7825493475603245e-20,4.7125362502275e-20,0.0,0.0,1.3851230501983382e-05,0.0008466111941594674,4.222259605582819e-06,1.7836617430369184,3.6235460946883284e-05,3.715924954003572e-14,3.715924954003572e-14,1.2386056202648308e-14,1.6728331048683174e-14,1.2941710129652983e-14,1.6114887202434147e-13,3.96305340254012e-15,1.6064927166326015e-13,0.0,8.470329472543003e-22,0.0,0.0,0.0,6.285081501267597e-13,3.3834593000770103e-13,6.285081501532295e-13,3.3834593002195056e-13,1.3552527156068805e-20,0.0,2.3478504046236702e-14,0.0,7.546923464904396e-15,3.244385620367782e-14,7.546923464904396e-15,3.244385620367782e-14,1.553303298725434e-08
1.5513135172883456e-08,5.8915022060804316e-12,7.575797802392803e-15,3.3934216154842323e-20,4.7170523395399456e-20,0.0,0.0,1.384814728215929e-05,0.0008460052558453931,4.221985216109733e-06,0.39649233540826334,3.623363534765792e-05,4.372803152033187e-14,4.372803152033187e-14,2.2078505751533045e-14,1.4114183990867399e-14,1.2941710129652983e-14,1.605937605120289e-13,4.145762670969629e-15,1.6042722705833512e-13,0.0,3.3881317890172014e-21,0.0,0.0,0.0,6.00381038475449e-13,3.2320421108460757e-13,6.003810386077979e-13,3.232042111558552e-13,0.0,6.776263578034403e-21,0.0,1.166576687743373e-14,2.264077039494329e-14,2.6157171825097414e-14,2.264077039494329e-14,2.6179956817976417e-14,1.5513135172883456e-08
1.5491985867028433e-08,5.8859296527020246e-12,7.783645278309895e-15,3.657966481003457e-20,4.458922141572426e-20,0.0,0.0,1.3845917746990105e-05,0.0008454637743752656,4.221710597085319e-06,0.6824375267051062,3.6231706213110004e-05,2.513687637456743e-14,2.513687637456743e-14,2.1881389517441014e-14,1.6154320585868975e-14,1.2941710129652983e-14,1.6081580511695392e-13,4.32819804987564e-15,1.6048273820956638e-13,0.0,1.0164395367051604e-20,0.0,0.0,0.0,5.878427835591849e-13,3.164544696222872e-13,5.878427833738964e-13,3.1645446952254053e-13,6.776263578034403e-21,6.776263578034403e-21,1.1593196010389042e-14,1.1593196010389042e-14,1.5093846930103425e-14,2.4499997792789294e-14,1.5093846930103425e-14,2.4522641043984108e-14,1.5491985867028433e-08
1.547082420849158e-08,5.879180652156407e-12,7.48721764591281e-15,3.1974792564946944e-20,5.927809088392006e-20,0.0,0.0,1.3843537055453351e-05,0.000844809108343933,4.221435835181271e-06,0.16024188762847738,3.6229209018490756e-05,4.4228077565316295e-14,4.4228077565316295e-14,1.813032443534794e-14,2.8190095065611492e-14,1.2941710129652983e-14,1.5903944827755367e-13,3.8925020723723994e-15,1.5881740367262864e-13,0.0,6.776263578034403e-21,0.0,0.0,0.0,5.88676302268676e-13,3.1690317925776893e-13,5.886763026127831e-13,3.1690317944301276e-13,6.776263578034403e-21,6.776263578034403e-21,1.1521522464729757e-14,1.1521522464729757e-14,1.1320385197675286e-14,2.3133353451830708e-14,1.1320385197675286e-14,2.3110850189718035e-14,1.547082420849158e-08
1.5450016875047097e-08,5.8738453073933e-12,7.41463591961873e-15,2.914581169673301e-20,5.522998146342124e-20,0.0,0.0,1.3840757918198845e-05,0.0008440229573900504,4.221160774831169e-06,0.7176901337016378,3.622617154914486e-05,2.4827147788205595e-14,2.4827147788205595e-14,1.815095459987581e-14,1.6680303089918762e-14,1.2941710129652983e-14,1.602051824534101e-13,3.951366028459299e-15,1.5987211554602254e-13,0.0,6.776263578034403e-21,0.0,0.0,0.0,5.574867844632752e-13,3.001128696870326e-13,5.574867846485637e-13,3.001128697867793e-13,0.0,0.0,0.0,0.0,1.1320385197765605e-14,1.5543670361959525e-14,1.1320385197765605e-14,1.5588400348612645e-14,1.5450016875047097e-08
1.5428210949075236e-08,5.866950720734964e-12,7.293117497484113e-15,3.553502599087806e-20,5.3404252046415814e-20,0.0,0.0,1.3837982192300865e-05,0.0008438804397603671,4.220885454320876e-06,0.53391252364198,3.622549498317889e-05,3.7261155094367004e-14,3.7261155094367004e-14,2.1935678139346663e-14,1.2343651892758553e-14,1.2941710129652983e-14,1.5909495942878493e-13,3.547430400916371e-15,1.5876189252139739e-13,0.0,3.3881317890172014e-21,0.0,0.0,0.0,5.522049860617626e-13,2.9726950959390834e-13,5.522049857176555e-13,2.972695094086645e-13,2.710505431213761e-20,1.3552527156068805e-20,4.5523206318657436e-14,2.2761603159328718e-14,1.1320385197849274e-14,4.0055600801910765e-14,1.1320385197849274e-14,4.0055600801910765e-14,1.5428210949075236e-08
1.540789730800528e-08,5.862398549950901e-12,7.629502384766638e-15,3.306684708482324e-20,4.826656896640172e-20,0.0,0.0,1.3836382882844729e-05,0.0008433740843796172,4.220610185543022e-06,0.4344949061969464,3.622127250265432e-05,4.3909184984896684e-14,4.3909184984896684e-14,1.2591562065185963e-14,1.610346309103073e-14,1.2941710129652983e-14,1.5981660439479128e-13,3.822224971428807e-15,1.5942802633617248e-13,0.0,3.3881317890172014e-21,0.0,0.0,0.0,5.376396072440123e-13,2.8942850285276706e-13,5.376396072969519e-13,2.894285028812661e-13,6.776263578034403e-21,6.776263578034403e-21,1.1311722359150463e-14,1.1311722359150463e-14,1.886730866321154e-14,1.7277110227967514e-14,1.886730866321154e-14,1.7321297210647737e-14,1.540789730800528e-08
1.5387735675535765e-08,5.8557562890926785e-12,7.338397831473715e-15,3.696015429283432e-20,5.181731430295501e-20,0.0,0.0,1.3833093364127381e-05,0.0008428517349967325,4.220334330019458e-06,0.6799591531880734,3.6219384710870724e-05,4.436625287991234e-14,4.436625287991234e-14,1.2597459083085784e-14,1.6644284061983273e-14,1.2941710129652983e-14,1.588729148238599e-13,3.911799295690439e-15,1.585953590677036e-13,0.0,3.3881317890172014e-21,0.0,0.0,0.0,5.205795955339079e-13,2.802445558715975e-13,5.205795950574519e-13,2.8024455561510604e-13,6.776263578034403e-21,1.3552527156068805e-20,1.1243476673725724e-14,2.2486953347451448e-14,1.132038519799918e-14,2.9404704289896555e-14,1.132038519799918e-14,2.9404704289896555e-14,1.5387735675535765e-08
1.5368990439106244e-08,5.850912796251643e-12,7.273443782444743e-15,3.1431656789169417e-20,5.869269414200291e-20,0.0,0.0,1.3829661014476886e-05,0.0008417031498859931,4.220058344562343e-06,6.088201815170599,3.6216210870071865e-05,1.823400543614366e-14,1.823400543614366e-14,2.4880849690339725e-14,1.2314569559795684e-14,1.2941710129652983e-14,1.5948353748740374e-13,4.062794189143893e-15,1.591504705800162e-13,0.0,6.776263578034403e-21,0.0,0.0,0.0,5.227372375241526e-13,2.8140608318936636e-13,5.227372374182735e-13,2.814060831323682e-13,1.3552527156068805e-20,6.776263578034403e-21,2.2352099054513196e-14,1.1176049527256598e-14,1.8867308663444285e-14,3.599520003755457e-14,1.8867308663444285e-14,3.599520003755457e-14,1.5368990439106244e-08
1.534671783506038e-08,5.844252698223108e-12,7.59245641090176e-15,3.573635919406264e-20,5.117811218207467e-20,0.0,0.0,1.3826404020647883e-05,0.0008413700249846473,4.219782250745962e-06,1.0381846663303382,3.621378126690651e-05,2.2217695397751236e-14,2.2217695397751236e-14,2.200812233085717e-14,1.571583493787103e-14,1.2941710129652983e-14,1.607047828144914e-13,4.305828622220847e-15,1.6037171590710386e-13,0.0,6.776263578034403e-21,0.0,0.0,0.0,4.995926558264549e-13,2.689466186341857e-13,4.995926556411664e-13,2.6894661853443907e-13,0.0,6.776263578034403e-21,0.0,1.1109426281192477e-14,3.773461732709863e-15,2.3304056950598372e-14,3.773461732709863e-15,2.3304056950598372e-14,1.534671783506038e-08
1.5327176586238903e-08,5.8383134603198455e-12,7.63636544621422e-15,2.0954437859446276e-20,6.53034816282106e-20,0.0,0.0,1.3825436366006282e-05,0.000841013881333406,4.219505861359562e-06,0.41149736746881455,3.6213097171471574e-05,2.523125213704812e-14,2.523125213704812e-14,2.4908222867612267e-14,1.5703772338134225e-14,1.2941710129652983e-14,1.582067810090848e-13,3.872369828430705e-15,1.5776269179923474e-13,0.0,3.3881317890172014e-21,0.0,0.0,0.0,4.99869508253515e-13,2.6909565710232536e-13,4.998695083858639e-13,2.6909565717357295e-13,2.710505431213761e-20,1.3552527156068805e-20,4.4174370575882375e-14,2.2087185287941187e-14,1.1320385198188655e-14,2.4675844537483956e-14,1.1320385198188655e-14,2.469741433166008e-14,1.5327176586238903e-08
1.5305511457450352e-08,5.833191043544602e-12,7.57640790919237e-15,5.824852877240364e-20,4.044894804189817e-20,0.0,0.0,1.3823086698677571e-05,0.0008406643275236368,4.219229374710003e-06,0.3783839765423159,3.620804509276659e-05,2.4922862206303833e-14,2.4922862206303833e-14,1.829533743090547e-14,1.659626129623261e-14,1.2941710129652983e-14,1.5931700403370996e-13,4.0537555470772765e-15,1.5903944827755367e-13,0.0,6.776263578034403e-21,0.0,0.0,0.0,4.914080901266344e-13,2.6454060656758565e-13,4.91408089941346e-13,2.6454060646783895e-13,4.0657581468206416e-20,1.3552527156068805e-20,6.58712079647731e-14,2.1957069321591034e-14,1.509384693099223e-14,3.9047204539358703e-14,1.509384693099223e-14,3.8982876360545924e-14,1.5305511457450352e-08
9.104536547474322e-07,7.427695444109189e-10,3.279653686511704e-13,4.663935316514657e-18,6.371647313768495e-18,0.0,0.0,0.00199243545148106,0.28526418789159336,0.0012371117385706549,1.8155947673904171,0.010615939835955284,2.055385720189573e-14,2.055385720189573e-14,2.0610871023168398e-14,1.658092922014098e-14,1.2941710129652983e-14,1.1129541732657344e-11,1.7438901613668016e-12,1.1129153154598725e-11,0.0,3.461897435386163e-12,0.0,3.461897435386163e-12,0.0,1.5162870840367793e-12,8.162655703090244e-13,1.5162870839838397e-12,8.162655702805254e-13,0.0,0.0,0.0,0.0,9.425684266760787e-15,1.5049913378431826e-14,9.425684266760787e-15,1.5071230518914355e-14,9.104536547474322e-07
2.2928836808603192e-08,2.4197175145334576e-11,8.168065545861203e-15,1.337778477696291e-19,4.98224468111793e-19,0.0,0.0,3.54706106328035e-05,0.007532565823436921,1.3747064387770403e-05,0.02287984240021838,1.1467283488898603e-05,3.618277647527749e-14,3.618277647527749e-14,2.0574935393311838e-14,1.6568632707488615e-14,2.5883420259305965e-14,2.353672812205332e-13,3.77114330229841e-14,2.349231920106831e-13,0.0,6.776263578034403e-21,0.0,0.0,0.0,1.2165395513076038e-12,6.549019384956388e-13,1.2165395513076038e-12,6.549019384956388e-13,1.3552527156068805e-20,1.3552527156068805e-20,2.1693488642212152e-14,2.1693488642212152e-14,1.5709473772612327e-14,5.5669708446984196e-14,1.5709473772612327e-14,5.563793047622196e-14,2.2928836808603192e-08
6.923069458007934e-09,4.404844605570494e-12,4.168144532322311e-15,3.011181465353902e-20,5.453607619704214e-20,0.0,0.0,1.1224711957623705e-05,0.0009481752882935558,2.540986067050061e-06,0.0020123449890581953,1.104925700998819e-05,2.0868132106380805e-14,2.0868132106380805e-14,2.058253830819066e-14,1.7327790799411668e-14,3.777580254060384e-14,9.026113190202523e-14,3.3752262010952033e-15,0.0,0.0,1.6940658945086007e-21,0.0,0.0,0.0,1.4180984822762378e-12,7.634075226096815e-13,1.418098482368882e-12,7.634075226595549e-13,1.3552527156068805e-20,2.710505431213761e-20,2.155994265731929e-14,4.311988531463858e-14,1.2567579013519448e-14,1.6864971859869293e-14,1.2567579013519448e-14,1.6786015999102117e-14,6.923069458007934e-09
9.486660601523738e-09,4.569055722646849e-12,4.778475219215338e-15,3.237616550590606e-20,3.856635567604483e-20,0.0,0.0,1.2239000823632262e-05,0.0009059908354763213,2.288524553407677e-06,1.1378810403125201,2.0083687724469726e-05,2.0897367391925405e-14,2.0897367391925405e-14,1.6285680811193312e-14,2.632356656085792e-14,1.2941710129652983e-14,1.0652589921278377e-13,4.1562413890067385e-15,1.0602629885170245e-13,0.0,1.0164395367051604e-20,0.0,0.0,0.0,1.0979843096050878e-12,5.910798806543272e-13,1.0979843097903762e-12,5.910798807540739e-13,1.3552527156068805e-20,1.3552527156068805e-20,2.1427816969467147e-14,2.1427816969467147e-14,1.2567579008825385e-14,2.4085671300632393e-14,1.2567579008825385e-14,2.4090902767031313e-14,9.486660601523738e-09
1.1725843261345903e-08,5.028988220257171e-12,5.653968127688473e-15,3.640706256236832e-20,2.593482734987593e-20,0.0,0.0,1.3652574832674147e-05,0.0009264817106818539,2.354620138795221e-06,0.007217713457740564,2.0984921512944868e-05,3.2585374813363155e-14,3.2585374813363155e-14,2.371482400455219e-14,2.4222634666438205e-14,1.2941710129652983e-14,1.2351231148954867e-13,4.695592681262184e-15,1.230682222796986e-13,0.0,3.3881317890172014e-21,0.0,0.0,0.0,8.565245624974933e-13,4.610944179708807e-13,8.565245626166073e-13,4.610944180350036e-13,1.3552527156068805e-20,0.0,2.1297089558041026e-14,0.0,6.283789502116747e-15,2.4318295946363493e-14,6.283789502116747e-15,2.4255901344833375e-14,1.1725843261345903e-08
1.3618354048807155e-08,5.590430878605057e-12,6.5763730757279706e-15,3.618901956349727e-20,2.6551522767345953e-20,0.0,0.0,1.4953980259804874e-05,0.0009547846326823507,2.4173651394147368e-06,0.005805626098055662,2.151533599808236e-05,2.3689796499103226e-14,2.3689796499103226e-14,2.0619874317645385e-14,1.1373819016504982e-14,2.5883420259305965e-14,1.4016565685892601e-13,6.53662031068683e-15,1.396660564978447e-13,0.0,6.776263578034403e-21,0.0,0.0,0.0,6.756921530144505e-13,3.6374657968153907e-13,6.756921528953365e-13,3.637465796174162e-13,1.3552527156068805e-20,1.3552527156068805e-20,2.1167738853383716e-14,2.1167738853383716e-14,1.885136849982252e-14,1.7261019702463385e-14,1.885136849982252e-14,1.72351798526094e-14,1.3618354048807155e-08
1.5256916437872595e-08,6.216590105571774e-12,7.0671603959302715e-15,3.350885918502604e-20,3.0129527889918075e-20,0.0,0.0,1.6111403013994808e-05,0.0009811975175976395,2.4770388645110617e-06,0.14611118258175124,2.2019378279401456e-05,4.12659609972657e-14,4.12659609972657e-14,2.0954129280534784e-14,2.1441209764347164e-14,2.5883420259305965e-14,1.5520917884259688e-13,7.954495454008865e-15,1.5476508963274682e-13,0.0,6.776263578034403e-21,0.0,0.0,0.0,6.379846491252683e-13,3.434474308652813e-13,6.37984648807631e-13,3.43447430694287e-13,4.0657581468206416e-20,2.710505431213761e-20,6.311923117595874e-14,4.207948745063916e-14,1.8851368493760028e-14,3.468313863881704e-14,1.8851368493760028e-14,3.4703685521896906e-14,1.5256916437872595e-08
1.6733367528633593e-08,6.9028748139282445e-12,7.674002571506941e-15,4.0508553695482516e-20,4.796706578948931e-20,0.0,0.0,1.7157864930063154e-05,0.0010050596054021399,2.5338608716452676e-06,0.009909509847241132,2.2498013545350345e-05,2.0983779871610607e-14,2.0983779871610607e-14,1.3758426183721221e-14,2.027598853850127e-14,3.882513038895895e-14,1.729727472365994e-13,1.0899201044050138e-14,1.7258416917798058e-13,0.0,6.776263578034403e-21,0.0,0.0,0.0,6.235203678026926e-13,3.3566084812169506e-13,6.235203681997393e-13,3.356608483354379e-13,1.3552527156068805e-20,1.3552527156068805e-20,2.0913083472027074e-14,2.0913083472027074e-14,6.28378949606911e-15,9.655063017249632e-15,6.28378949606911e-15,9.563158662775549e-15,1.6733367528633593e-08
1.810818570593418e-08,7.642614588837905e-12,8.058682133248438e-15,5.023448134605342e-20,5.888612271304144e-20,0.0,0.0,1.8132294687304766e-05,0.0012789956421721971,2.8284030270991676e-06,0.043121529188548904,2.2954525321454357e-05,2.0997868779102507e-14,2.0997868779102507e-14,2.0988297697846875e-14,0.0,4.333968043418175e-14,1.8962609260597674e-13,1.2402283635194723e-14,1.8918200339612667e-13,0.0,6.776263578034403e-21,0.0,0.0,0.0,6.155383926647258e-13,3.3136389699893017e-13,6.155383929691283e-13,3.3136389716279967e-13,1.3552527156068805e-20,1.3552527156068805e-20,2.0787737809247872e-14,2.0787737809247872e-14,1.5709473735979085e-14,2.5335374043802195e-14,1.5709473735979085e-14,2.5375975604769826e-14,1.810818570593418e-08
1.9416256890366874e-08,8.428576080285123e-12,8.774274555136346e-15,4.6773291456418245e-20,7.855857540997347e-20,0.0,0.0,1.9047989134018587e-05,0.0015786633766584279,3.165702616769172e-06,0.0320978845601811,2.3387641821727647e-05,2.751891475428334e-14,2.751891475428334e-14,1.3753644165214644e-14,1.7252141362904758e-14,2.1177343848520676e-14,2.061129045216603e-13,1.53215350300833e-14,2.0555779300934773e-13,0.0,3.3881317890172014e-21,0.0,0.0,0.0,6.488856114670735e-13,3.493157656526221e-13,6.488856114406037e-13,3.4931576563837257e-13,1.3552527156068805e-20,1.3552527156068805e-20,2.0663686859820243e-14,2.0663686859820243e-14,1.5709473732210945e-14,3.620226603377113e-14,1.5709473732210945e-14,3.6171996580565634e-14,1.9416256890366874e-08
2.0683919136376562e-08,9.255546554318406e-12,9.252728172374725e-15,6.034115889662381e-20,1.0060964946361462e-19,0.0,0.0,1.9922804162446817e-05,0.0018882556817783125,3.5079493096090594e-06,0.3502819730027355,2.3803680742543402e-05,4.1253532686389403e-14,4.1253532686389403e-14,2.0720633475698873e-14,1.743039979558061e-14,1.2941710129652983e-14,2.209898930516374e-13,1.7743356592571423e-14,2.206013149930186e-13,0.0,3.3881317890172014e-21,0.0,0.0,0.0,7.105315526444501e-13,3.825017367409102e-13,7.105315528032687e-13,3.8250173682640733e-13,0.0,0.0,0.0,0.0,1.2567578983081344e-14,2.657914995980633e-14,1.2567578983081344e-14,2.657914995980633e-14,2.0683919136376562e-08
2.1925561559119434e-08,1.0119206471014955e-11,9.565813270063677e-15,5.849473940663181e-20,1.1669275251445586e-19,0.0,0.0,2.0762451667731752e-05,0.002208440826540564,3.85459276161712e-06,0.017206069972462917,2.419680996275823e-05,3.370487442468917e-14,3.370487442468917e-14,2.0745992719514824e-14,1.6650381482038983e-14,2.0256589768150283e-14,2.356448369766895e-13,2.05622551238544e-14,2.3514523661560816e-13,0.0,3.3881317890172014e-21,0.0,0.0,0.0,7.861248598113648e-13,4.231960186059739e-13,7.861248600495928e-13,4.2319601873421963e-13,0.0,0.0,0.0,0.0,1.8851368471056693e-14,1.6630846444481042e-14,1.8851368471056693e-14,1.659594958443567e-14,2.1925561559119434e-08
2.3151653444480347e-08,1.101467920599562e-11,1.0259205675332993e-14,6.538942115511084e-20,1.3239146455491868e-19,0.0,0.0,2.1579185073615173e-05,0.0025409126193281753,4.205721633132643e-06,0.05211467155645795,2.4575456663233295e-05,3.578983287814536e-14,3.578983287814536e-14,2.0773026942631852e-14,1.7217944822957858e-14,1.9825598496487546e-14,2.5268676040468563e-13,2.3148898430323785e-14,2.5224267119483557e-13,0.0,6.776263578034403e-21,0.0,0.0,0.0,7.903799485599138e-13,4.254866682333536e-13,7.903799486393231e-13,4.2548666827610213e-13,1.3552527156068805e-20,0.0,2.0299109415365466e-14,0.0,1.2567578978620084e-14,2.697000560435241e-14,1.2567578978620084e-14,2.6999741001931628e-14,2.3151653444480347e-08
2.4366114399813886e-08,1.1935279568492981e-11,1.0442000203194632e-14,7.423508088695807e-20,1.495809682940041e-19,0.0,0.0,2.2366330383693418e-05,0.0028855823993160514,4.560697829861518e-06,0.12517568662731693,2.4936823624846157e-05,3.566109206674605e-14,3.566109206674605e-14,2.0801721602491216e-14,2.407137514395048e-14,3.8825130388954833e-14,2.672306820272752e-13,2.5911909200260356e-14,2.669531262711189e-13,0.0,3.3881317890172014e-21,0.0,0.0,0.0,8.276961266785924e-13,4.4557515393930674e-13,8.276961265727133e-13,4.455751538823086e-13,2.710505431213761e-20,1.3552527156068805e-20,4.036009268114003e-14,2.0180046340570015e-14,1.256757897680992e-14,1.605161573223072e-14,1.256757897680992e-14,1.6041762070025547e-14,2.4366114399813886e-08
2.5575253653872927e-08,1.2881504940198105e-11,1.1145306598793511e-14,7.598905307435494e-20,1.6749295031576313e-19,0.0,0.0,2.313156161305769e-05,0.0032451363348871406,4.919535403370328e-06,0.029490058252921638,2.528260841486328e-05,4.166474350902871e-14,4.166474350902871e-14,0.0,1.719483342875169e-14,1.2941710129652983e-14,2.83550960489265e-13,2.870503480284875e-14,2.831623824306462e-13,0.0,3.3881317890172014e-21,0.0,0.0,0.0,8.289534662156186e-13,4.4625201980796036e-13,8.289534664670815e-13,4.462520199433309e-13,4.0657581468206416e-20,4.0657581468206416e-20,6.018655306429851e-14,6.018655306429851e-14,1.8851368462884365e-14,3.3914138686225107e-14,1.8851368462884365e-14,3.3933730909614025e-14,2.5575253653872927e-08
2.6779564210404002e-08,1.3847976958432561e-11,1.1711405847270488e-14,8.557233931111012e-20,1.8752030779274665e-19,0.0,0.0,2.53279095303437e-05,0.0036195906468633353,5.281350850762352e-06,0.07955622678601781,2.561393351916034e-05,2.2335752558118804e-14,2.2335752558118804e-14,1.7680571596545898e-14,2.3094487857864165e-14,1.8636062586698378e-14,2.972067036921544e-13,3.1383437493417944e-14,2.968181256335356e-13,0.0,1.0164395367051604e-20,0.0,0.0,0.0,8.336870918082125e-13,4.488002810407073e-13,8.336870918479172e-13,4.4880028106208155e-13,2.710505431213761e-20,5.421010862427522e-20,3.989101164075331e-14,7.978202328150661e-14,1.2567578973942152e-14,2.940246078802728e-14,1.2567578973942152e-14,2.9373243370881177e-14,2.6779564210404002e-08
2.798135976151155e-08,1.483349114846085e-11,1.1987838429771608e-14,9.149940848451688e-20,2.0651214455762905e-19,0.0,0.0,2.828241106787459e-05,0.004010967917927149,5.646898689611831e-06,0.0904540721778112,2.5930703747786636e-05,4.423589805229809e-14,4.423589805229809e-14,1.3635296170575624e-14,1.7171506526491367e-14,1.2941710129652983e-14,3.1452618287630685e-13,3.420764620491478e-14,3.1413760481768804e-13,0.0,3.3881317890172014e-21,0.0,0.0,0.0,8.093629838557486e-13,4.357058399819492e-13,8.093629837101648e-13,4.357058399035768e-13,1.3552527156068805e-20,1.3552527156068805e-20,1.982999344184477e-14,1.982999344184477e-14,6.28378948642599e-15,1.2665018456050048e-14,6.28378948642599e-15,1.2684383927695386e-14,2.798135976151155e-08
2.9183573502100436e-08,1.5836435398860004e-11,1.2949217975076384e-14,9.352740694897684e-20,2.2869379336712223e-19,0.0,0.0,3.142961416753843e-05,0.004420912653212871,6.0150326037488515e-06,0.85745746892327,2.6234129897051e-05,2.0996071480001246e-14,2.0996071480001246e-14,2.0932905171885063e-14,0.0,2.5883420259305965e-14,3.306799278846029e-13,3.7838678472057576e-14,3.3029134982598407e-13,0.0,3.3881317890172014e-21,0.0,0.0,0.0,7.95575638423691e-13,4.2828367336150684e-13,7.955756381060536e-13,4.282836731905126e-13,1.3552527156068805e-20,1.3552527156068805e-20,1.9715630257391566e-14,1.9715630257391566e-14,1.2567578971971039e-14,1.4045637958080085e-14,1.2567578971971039e-14,1.3968622808207132e-14,2.9183573502100436e-08
3.03842202242371e-08,1.6853549005081314e-11,1.3325335939355567e-14,1.0268331365241076e-19,2.4659627613488057e-19,0.0,0.0,3.4784390199762256e-05,0.004850784464516142,6.385750185461972e-06,0.503348678682773,2.6526527231599517e-05,2.7148575182941417e-14,2.7148575182941417e-14,2.0982384877544632e-14,2.176669978401061e-14,1.7581191119526847e-14,3.4766634016136777e-13,3.975802946423931e-14,3.4716673980028645e-13,0.0,1.6940658945086007e-21,0.0,0.0,0.0,8.274549425710461e-13,4.454453168621668e-13,8.274549425181065e-13,4.454453168336678e-13,0.0,1.3552527156068805e-20,0.0,1.9602399631010327e-14,1.5709473714107332e-14,2.949011395709182e-14,1.5709473714107332e-14,2.94996855617517e-14,3.03842202242371e-08
3.158237681426377e-08,1.7884269108850415e-11,1.3858122927672172e-14,1.0649249935954255e-19,2.7057745323085006e-19,0.0,0.0,3.836663598594175e-05,0.005302560114587904,6.758652570730465e-06,0.9098881800616335,2.680634548709078e-05,3.4627239048622747e-14,3.4627239048622747e-14,2.096672538092264e-14,2.135670095625908e-14,1.2941710129652983e-14,3.637090628672013e-13,4.363058297419553e-14,3.6320946250611996e-13,0.0,3.3881317890172014e-21,0.0,0.0,0.0,8.036086056635176e-13,4.326080751547566e-13,8.036086056635176e-13,4.326080751547566e-13,0.0,0.0,0.0,0.0,9.425684228088008e-15,1.250515487051715e-14,9.425684228088008e-15,1.2486121149253043e-14,3.158237681426377e-08
3.278060977713096e-08,1.8925379228068356e-11,1.4871912950707793e-14,1.1402271655104244e-19,2.8817295146588177e-19,0.0,0.0,4.219551669164972e-05,0.005778246502812005,7.1341741168249245e-06,0.1454605432219749,2.7076471354112937e-05,5.400837899886095e-14,5.400837899886095e-14,2.1148184313959287e-14,2.0961517054421205e-14,1.2941710129652983e-14,3.8180569816859133e-13,4.601281769257101e-14,3.814726312612038e-13,0.0,3.3881317890172014e-21,0.0,0.0,0.0,7.40610058174788e-13,3.9869395306276905e-13,7.406100581218485e-13,3.9869395303426994e-13,0.0,1.3552527156068805e-20,0.0,1.9379271090862072e-14,1.5709473713067405e-14,2.7413308158030594e-14,1.5709473713067405e-14,2.7375457542693303e-14,3.278060977713096e-08
3.39800568687673e-08,1.997858177945966e-11,1.479494549741109e-14,1.1934751336775803e-19,3.0743440735979113e-19,0.0,0.0,4.6294206634854295e-05,0.006280990095512244,7.511451405323768e-06,0.15929087923718235,2.7337014848530177e-05,4.2184274796119003e-14,4.2184274796119003e-14,0.0,1.3324611795215241e-14,1.6639341595266545e-14,3.9890313274781874e-13,4.9509908450491565e-14,3.984590435379687e-13,0.0,3.3881317890172014e-21,0.0,0.0,0.0,7.174858622452617e-13,3.8624546281506474e-13,7.174858616232219e-13,3.86245462480201e-13,0.0,0.0,0.0,0.0,6.283789485142567e-15,3.0136952044597524e-14,6.283789485142567e-15,3.0155769997794274e-14,3.39800568687673e-08
3.517645711235505e-08,2.10407920390721e-11,1.5605644894835306e-14,1.3055371875697612e-19,3.2715332990456877e-19,0.0,0.0,5.0686700977850264e-05,0.006812754919005101,7.89051010660017e-06,0.45032270067920976,2.758421165708992e-05,2.113567309358795e-14,2.113567309358795e-14,1.69880013321781e-14,1.6317300205123115e-14,1.6347423321665397e-14,4.194977698546154e-13,5.313259890184914e-14,4.192202140984591e-13,0.0,3.3881317890172014e-21,0.0,0.0,0.0,7.237580228442808e-13,3.896219663824486e-13,7.237580225531132e-13,3.8962196622570386e-13,1.3552527156068805e-20,0.0,1.9160480958775173e-14,0.0,9.425684227701101e-15,2.004952526109926e-14,9.425684227701101e-15,2.009630436810136e-14,3.517645711235505e-08
3.6372908013399957e-08,2.2111744707743423e-11,1.6109619187869023e-14,1.3182456240571645e-19,3.4823404467651743e-19,0.0,0.0,5.540935235099575e-05,0.007377413118847292,8.271509049143229e-06,0.06320241114472486,2.7826524241127587e-05,2.6751020421543664e-14,2.6751020421543664e-14,1.3378275764761205e-14,1.6305364994095017e-14,2.5883420259305965e-14,4.3864911702939935e-13,5.6028703988166684e-14,4.3826053897078054e-13,0.0,6.776263578034403e-21,0.0,0.0,0.0,6.22392774656707e-13,3.3505382886256274e-13,6.223927742331906e-13,3.350538286345704e-13,1.3552527156068805e-20,1.3552527156068805e-20,1.905267445255085e-14,1.905267445255085e-14,1.8851368455591198e-14,3.0802831820149496e-14,1.8851368455591198e-14,3.07935286392917e-14,3.6372908013399957e-08
3.756442799100392e-08,2.318901212694744e-11,1.6797054299279756e-14,1.4085281820249274e-19,3.703759598446706e-19,0.0,0.0,6.04853652984509e-05,0.007977966230476074,8.653697348017108e-06,0.26440183591233357,2.805831610238296e-05,3.348871712608512e-14,3.348871712608512e-14,1.6748861645776612e-14,2.100948336704999e-14,1.2941710129652983e-14,4.576894419017208e-13,5.895355968202768e-14,4.57300863843102e-13,0.0,3.8116482626443515e-21,0.0,0.0,0.0,4.682996677973757e-13,2.521006077506617e-13,4.682996678238454e-13,2.5210060776491117e-13,1.3552527156068805e-20,1.3552527156068805e-20,1.894590710921566e-14,1.894590710921566e-14,6.283789485327539e-15,3.322051238289564e-14,6.283789485327539e-15,3.322051238289564e-14,3.756442799100392e-08
3.8755454732188406e-08,2.427302389985261e-11,1.737037857340202e-14,1.4553445903376443e-19,3.909515124791783e-19,0.0,0.0,6.596112611281476e-05,0.008618570647393579,9.03696531821731e-06,0.2345115035440049,2.8281273170457624e-05,2.6559878131341598e-14,2.6559878131341598e-14,1.662390303568002e-14,2.0425940016343696e-14,1.5530052155582172e-14,4.7883919052083e-13,6.261300837538784e-14,4.784506124622112e-13,0.0,3.3881317890172014e-21,0.0,0.0,0.0,4.4178719203193574e-13,2.378280986863722e-13,4.4178719189958685e-13,2.378280986151246e-13,1.3552527156068805e-20,0.0,1.8840164367346615e-14,0.0,9.425684228282623e-15,1.467306675575529e-14,9.425684228282623e-15,1.4627069681285837e-14,3.8755454732188406e-08
3.994390199187599e-08,2.5362662775984898e-11,1.8059220250015753e-14,1.4902003527950276e-19,4.1361019316455535e-19,0.0,0.0,7.18816046470781e-05,0.009304112389825689,9.421177405067203e-06,0.1632703778524354,2.849452847733765e-05,2.1325886378894148e-14,2.1325886378894148e-14,1.3232891322438392e-14,1.337066906730942e-14,3.055092227327644e-14,4.996558722325517e-13,6.664965318443649e-14,4.991562718714704e-13,0.0,1.0164395367051604e-20,0.0,0.0,0.0,4.69406557631134e-13,2.5269648175825166e-13,4.694065577105433e-13,2.5269648180100025e-13,1.3552527156068805e-20,1.3552527156068805e-20,1.873543193489673e-14,1.873543193489673e-14,3.1418947428881434e-15,2.1635671282685724e-14,3.1418947428881434e-15,2.1672264384220923e-14,3.994390199187599e-08
4.113102133627778e-08,2.645730625536629e-11,1.8611060344597365e-14,1.5827564816657827e-19,4.350505296930466e-19,0.0,0.0,7.829904392847227e-05,0.010040607857935462,9.806196972434895e-06,0.0286037438835871,2.8703431611193396e-05,2.251848513852563e-14,2.251848513852563e-14,2.137417159620066e-14,1.854976078032621e-14,1.2941710129652983e-14,5.19528864373342e-13,6.968345625016262e-14,5.191402863147232e-13,0.0,6.776263578034403e-21,0.0,0.0,0.0,6.325788612892013e-13,3.4053732331544164e-13,6.325788610509733e-13,3.4053732318719587e-13,1.3552527156068805e-20,0.0,1.8631695783001218e-14,0.0,1.2567578972176203e-14,2.6119273753265786e-14,1.2567578972176203e-14,2.6119273753265786e-14,4.113102133627778e-08
4.2313576044697057e-08,2.7556530908736553e-11,1.9305354655485736e-14,1.6335277995372393e-19,4.544318070092858e-19,0.0,0.0,8.527284540864076e-05,0.010834564786642877,1.0192173445933937e-05,0.02432840637385927,2.890577113845193e-05,2.624313540359166e-14,2.624313540359166e-14,2.071774730809889e-14,1.3389205729281616e-14,1.2941710129652983e-14,5.405120795387575e-13,7.303950627465515e-14,5.400679903289074e-13,0.0,6.776263578034403e-21,0.0,0.0,0.0,7.480480980490129e-13,4.0269808653052407e-13,7.480480982607711e-13,4.026980866445203e-13,1.3552527156068805e-20,1.3552527156068805e-20,1.852894213995375e-14,1.852894213995375e-14,1.885136845936308e-14,2.9313734934093883e-14,1.885136845936308e-14,2.933182983220135e-14,4.2313576044697057e-08
4.349317170865428e-08,2.8656521582799606e-11,2.0073710373829398e-14,1.7437001818729007e-19,4.74096371837242e-19,0.0,0.0,9.287893378035487e-05,0.01169194149806399,1.0577933732842035e-05,0.012626663340664583,2.9098382239031102e-05,2.1485494167788972e-14,2.1485494167788972e-14,1.306983322651518e-14,1.8378977165341776e-14,1.2941710129652983e-14,5.58497692537685e-13,7.623990149603923e-14,5.581091144790662e-13,0.0,6.776263578034403e-21,0.0,0.0,0.0,8.919764373399118e-13,4.801792899198844e-13,8.919764371281536e-13,4.801792898058883e-13,2.710505431213761e-20,0.0,3.685431497069476e-14,0.0,1.570947371718144e-14,4.3954003412327204e-14,1.570947371718144e-14,4.391801241669787e-14,4.349317170865428e-08
4.467027603263063e-08,2.9763665918353066e-11,2.039519281920891e-14,1.7884233669988595e-19,4.979405482668155e-19,0.0,0.0,0.00010120296646664223,0.012625245222423412,1.0965284246149363e-05,0.012839226637143349,2.928640140401287e-05,3.6758106979228276e-14,3.6758106979228276e-14,1.2415472416119918e-14,1.7928656198271648e-14,1.4335432758999e-14,5.811462422400382e-13,7.996957536656331e-14,5.808131753326506e-13,0.0,6.776263578034403e-21,0.0,0.0,0.0,9.596361352831781e-13,5.166026575723769e-13,9.596361354949363e-13,5.16602657686373e-13,1.3552527156068805e-20,0.0,1.8326328544374856e-14,0.0,1.2567578974680947e-14,1.4129705854714823e-14,1.2567578974680947e-14,1.4174448431835515e-14,4.467027603263063e-08
4.584186729757683e-08,3.0869011898658126e-11,2.1069242641482354e-14,1.874298459149091e-19,5.179338362081957e-19,0.0,0.0,0.00011034677861771687,0.013641567650092369,1.1351703003090578e-05,0.011456539624211554,2.946766316413671e-05,3.619134156939503e-14,3.619134156939503e-14,2.1596008061843858e-14,1.7499434145414677e-14,1.2941710129652983e-14,6.03073146976385e-13,8.357039297202804e-14,6.02629057766535e-13,0.0,1.0164395367051604e-20,0.0,0.0,0.0,1.0743065740834626e-12,5.783334024361456e-13,1.0743065743746302e-12,5.783334025928904e-13,1.3552527156068805e-20,2.710505431213761e-20,1.822644228228342e-14,3.645288456456684e-14,9.425684231783927e-15,2.4038203788694758e-14,9.425684231783927e-15,2.4073802757652465e-14,4.584186729757683e-08
4.700737654188715e-08,3.1979356389122884e-11,2.1966990711383792e-14,1.9232125088623123e-19,5.419326627422941e-19,0.0,0.0,0.00012043818862264341,0.014757845942291485,1.1738941671462097e-05,0.010468074961096849,2.9643665342036884e-05,3.562694241336468e-14,3.562694241336468e-14,2.1655559715883125e-14,1.708985567936535e-14,1.3907509393058754e-14,6.233347171757941e-13,8.690432137496886e-14,6.229461391171753e-13,0.0,5.082197683525802e-21,0.0,0.0,0.0,1.1860783291369968e-12,6.385036936321344e-13,1.1860783291899363e-12,6.385036936606336e-13,0.0,0.0,0.0,0.0,2.1993263209459662e-14,2.1039832715986184e-14,2.1993263209459662e-14,2.103098129288312e-14,4.700737654188715e-08
4.817126660974819e-08,3.3089346136491945e-11,2.2554816730408407e-14,1.9983919992904893e-19,5.601855109423708e-19,0.0,0.0,0.00013162297767008318,0.015987028905214445,1.212617726708878e-05,0.012108939581432842,2.981108931128643e-05,4.099545206016301e-14,4.099545206016301e-14,2.050497016167109e-14,1.687457546318621e-14,1.3702987196102019e-14,6.459277557269161e-13,9.106806881940748e-14,6.455391776682973e-13,0.0,3.3881317890172014e-21,0.0,0.0,0.0,1.3170166267143278e-12,7.089919443548875e-13,1.3170166265555092e-12,7.089919442693904e-13,2.710505431213761e-20,4.0657581468206416e-20,3.605889364755082e-14,5.4088340471326236e-14,6.283789489021997e-15,1.2492240113365599e-14,6.283789489021997e-15,1.2536257872750253e-14,4.817126660974819e-08
4.932834129231537e-08,3.419854766197093e-11,2.3409322985856863e-14,2.0798410648332915e-19,5.847850596687444e-19,0.0,0.0,0.00014409443084093294,0.0173490359684741,1.2512215211311069e-05,0.01464033484079408,2.997614247928376e-05,3.8278091755007714e-14,3.8278091755007714e-14,2.177961985341354e-14,1.6324448009881938e-14,2.5883420259305965e-14,6.669664820435628e-13,9.436895519435431e-14,6.66577903984944e-13,0.0,1.0164395367051604e-20,0.0,0.0,0.0,1.4056247820459165e-12,7.566925329882822e-13,1.4056247815959303e-12,7.566925327460404e-13,5.421010862427522e-20,4.0657581468206416e-20,7.172925084113497e-14,5.379693813085122e-14,1.2567578979338232e-14,2.3842921655803393e-14,1.2567578979338232e-14,2.3877946145933104e-14,4.932834129231537e-08
5.048220371235761e-08,3.5308862051231594e-11,2.4248399354956764e-14,2.152001351373308e-19,6.059581572704566e-19,0.0,0.0,0.0001580844649243368,0.018870059983944157,1.289779947871559e-05,0.012568547942053533,3.013735859544101e-05,6.554659735193473e-14,6.554659735193473e-14,1.540828764896066e-14,1.637934733622904e-14,2.6622946552426816e-14,6.888933867799096e-13,9.835798276690002e-14,6.883382752675971e-13,0.0,4.658681209898652e-21,0.0,0.0,0.0,1.4767139140895329e-12,7.949620741070229e-13,1.4767139136395466e-12,7.949620738647809e-13,2.710505431213761e-20,2.710505431213761e-20,3.5672142862875704e-14,3.5672142862875704e-14,1.2567578980713787e-14,1.9499740162490454e-14,1.2567578980713787e-14,1.9534576679082665e-14,5.048220371235761e-08
5.163059080393747e-08,3.642601480129994e-11,2.4761209313758148e-14,2.0812247620324667e-19,6.363859207510812e-19,0.0,0.0,0.0001739010189921384,0.020583307785475374,1.2897501689559706e-05,0.0132899373602496,3.029126564670615e-05,2.1915235527671015e-14,2.1915235527671015e-14,2.0355582470936567e-14,1.5623161244239013e-14,1.2941710129652983e-14,7.08988423525625e-13,9.862617699356835e-14,7.086553566182374e-13,0.0,1.3552527156068805e-20,0.0,0.0,0.0,1.5882760716714078e-12,8.550195323167352e-13,1.5882760713273006e-12,8.550195321314913e-13,1.3552527156068805e-20,0.0,1.774071107465153e-14,0.0,6.283789491083195e-15,2.6611402466389142e-14,6.283789491083195e-15,2.6628727598203197e-14,5.163059080393747e-08
3.828138375190527e-07,1.4564549126112094e-10,1.9287128815443618e-13,6.675054950705257e-20,1.4568826557678563e-18,0.0,0.0,0.00036309515761056394,0.020146257646098478,5.195598767563429e-06,0.20401624100973062,2.8088052941764744e-05,2.236559741071873e-14,2.236559741071873e-14,2.0808660194063683e-14,1.5911311631354847e-14,1.2941710129652983e-14,4.1227576907942876e-12,7.723532431988671e-14,4.122369112735669e-12,0.0,2.0852763960022003e-12,0.0,2.0852763960022003e-12,0.0,1.6328486020825062e-12,8.790143432856906e-13,1.6328486020295666e-12,8.790143432571916e-13,0.0,0.0,0.0,0.0,1.2567578980796402e-14,2.1842642685878748e-14,1.2567578980796402e-14,2.1868491967163812e-14,3.828138375190527e-07
3.807613005561815e-07,1.4578338623919012e-10,1.941801493637369e-13,8.872847007080953e-20,1.4605010000906506e-18,0.0,0.0,0.00037278625311298565,0.020608923478062494,5.242326547399853e-06,0.7238079942953595,2.7516430424628772e-05,3.462575355834761e-14,3.462575355834761e-14,1.6765747544236344e-14,1.6126430235220565e-14,1.2941710129652983e-14,4.148292820360666e-12,7.716799752514254e-14,4.147959753453279e-12,0.0,2.0974333381218457e-12,0.0,2.0974333381218457e-12,0.0,1.6833809876586018e-12,9.062175338724855e-13,1.6833809873144947e-12,9.062175336872417e-13,0.0,0.0,0.0,0.0,1.2567578979120599e-14,1.757866397921088e-14,1.2567578979120599e-14,1.760437631072606e-14,3.807613005561815e-07
3.654773152598425e-07,1.4064853847200528e-10,1.8823433583867729e-13,8.018789825709542e-20,1.4097572869830076e-18,0.0,0.0,0.0003689184923353163,0.020298589141569928,5.092233480321345e-06,0.14093986190065574,2.746595371998286e-05,4.04295847288289e-14,4.04295847288289e-14,2.3239847275075144e-14,1.611439990384299e-14,1.2941710129652983e-14,4.024058863905111e-12,7.419399860783598e-14,4.0235037523927986e-12,0.0,2.034816759532987e-12,0.0,2.034816759532987e-12,0.0,1.7755161071497072e-12,9.558167995053987e-13,1.775516107176177e-12,9.558167995196482e-13,1.3552527156068805e-20,0.0,1.7460225524064144e-14,0.0,9.425684233153869e-15,2.1117932024684464e-14,9.425684233153869e-15,2.1143508849906122e-14,3.654773152598425e-07
3.506729690243087e-07,1.3565112627419456e-10,1.8246175111531332e-13,7.233210067427874e-20,1.366977390639277e-18,0.0,0.0,0.00036473031880557505,0.019983044412906843,4.942951589295166e-06,0.07343413367306495,2.7530844188252847e-05,5.567548572471715e-14,5.567548572471715e-14,1.725597223155047e-14,1.6102368568814995e-14,1.2941710129652983e-14,3.901601264288956e-12,7.151179047779305e-14,3.901101663927875e-12,0.0,1.9720891586416656e-12,0.0,1.9720891586416656e-12,0.0,1.852974449631685e-12,9.9751508920719e-13,1.8529744496846245e-12,9.975150892356892e-13,1.3552527156068805e-20,1.3552527156068805e-20,1.736869092105463e-14,1.736869092105463e-14,1.5709473720227672e-14,1.5104506469979986e-14,1.5709473720227672e-14,1.509602555674586e-14,3.506729690243087e-07
3.3657623741276034e-07,1.3086815037957745e-10,1.7669991189910377e-13,7.803743549718168e-20,1.3083642945371566e-18,0.0,0.0,0.0003604758134556736,0.019671174414491413,4.803730417801366e-06,0.1647311097471966,2.759320400701097e-05,3.5041794307422774e-14,3.5041794307422774e-14,2.2738311970490472e-14,1.6870362480498856e-14,1.2941710129652983e-14,3.779310198126495e-12,6.949047773511948e-14,3.77908815352157e-12,0.0,1.911026892287282e-12,0.0,1.911026892287282e-12,0.0,1.9260010516289693e-12,1.0368276320327513e-12,1.9260010518142578e-12,1.036827632132498e-12,1.3552527156068805e-20,1.3552527156068805e-20,1.7278111046629312e-14,1.7278111046629312e-14,9.425684231314916e-15,2.02396054987907e-14,9.425684231314916e-15,2.02396054987907e-14,3.3657623741276034e-07
3.232132890317476e-07,1.263101096139497e-10,1.7127196356086677e-13,6.530398803164104e-20,1.2657659184197358e-18,0.0,0.0,0.00035623427657727067,0.01936867472151102,4.67021986364021e-06,0.6112485460797664,2.7654980693071547e-05,3.389072652964775e-14,3.389072652964775e-14,1.847690082278014e-14,1.5151904425537174e-14,1.2941710129652983e-14,3.66345842550686e-12,6.628145985968301e-14,3.662903313994548e-12,0.0,1.8519630273772236e-12,0.0,1.8519630273772236e-12,0.0,1.9641411123034573e-12,1.0573596399261373e-12,1.9641411122769876e-12,1.0573596399118877e-12,0.0,1.3552527156068805e-20,0.0,1.718847104119933e-14,1.2567578974248761e-14,1.5124031348539993e-14,1.2567578974248761e-14,1.511563843436211e-14,3.232132890317476e-07
3.1057159653919537e-07,1.2197176732475412e-10,1.6606932582745605e-13,7.456295891142692e-20,1.2200940389954227e-18,0.0,0.0,0.00035203617486181233,0.019073840389683436,4.545151203686964e-06,0.12252895622371558,2.7714941670067646e-05,3.4504266077584805e-14,3.4504266077584805e-14,1.4594676297826513e-14,1.5148869763488307e-14,1.2941710129652983e-14,3.552047544985726e-12,6.46082841703883e-14,3.5514924334734133e-12,0.0,1.7955081865750344e-12,0.0,1.7955081865750344e-12,0.0,2.065985484871941e-12,1.112185705341174e-12,2.0659854851631085e-12,1.1121857054979186e-12,1.3552527156068805e-20,1.3552527156068805e-20,1.709975635195443e-14,1.709975635195443e-14,1.256757897365058e-14,2.448101527561458e-14,1.256757897365058e-14,2.44893648715476e-14,3.1057159653919537e-07
2.9861618229410284e-07,1.1784362139847432e-10,1.6111135030206514e-13,7.254875514820962e-20,1.1877695235655103e-18,0.0,0.0,0.0003478964366481846,0.01878651982512633,4.426012911528118e-06,0.3864781387495455,2.7769735575999103e-05,3.5116071289780285e-14,3.5116071289780285e-14,2.5458188882342634e-14,1.605425184571999e-14,1.2941710129652983e-14,3.4451885788655545e-12,6.213117918472795e-14,3.444855511958167e-12,0.0,1.7416623698807143e-12,0.0,1.7416623698807143e-12,0.0,2.1450173395214e-12,1.1547310666960183e-12,2.145017339441991e-12,1.1547310666532697e-12,0.0,1.3552527156068805e-20,0.0,1.7011952724986756e-14,2.1993263203219987e-14,2.891570119079008e-14,2.1993263203219987e-14,2.8907394468241734e-14,2.9861618229410284e-07
2.87309660678229e-07,1.1391587455379641e-10,1.5632039735877425e-13,6.092163393612787e-20,1.13663412681485e-18,0.0,0.0,0.0003438285478310553,0.018508076023307698,4.3128468059630865e-06,0.590301267913662,2.7822064261118906e-05,5.184587811949637e-14,5.184587811949637e-14,1.294907863202281e-14,1.574321660749079e-14,1.2941710129652983e-14,3.3424374379364963e-12,5.994420333007733e-14,3.3419933487266462e-12,0.0,1.6904810884454946e-12,0.0,1.6904810884454946e-12,0.0,2.212422795454756e-12,1.1910175677871522e-12,2.212422795931212e-12,1.1910175680436436e-12,1.3552527156068805e-20,0.0,1.6925046197656047e-14,0.0,9.425684229808676e-15,1.462778835475031e-14,9.425684229808676e-15,1.4619524067544232e-14,2.87309660678229e-07
2.7660585535293866e-07,1.1017430787882459e-10,1.517533958321874e-13,6.136167649663461e-20,1.1005547356367643e-18,0.0,0.0,0.000339827818948717,0.018237629182232873,4.205200091835532e-06,0.20166072173881103,2.7871659849628304e-05,1.9663244145634955e-14,1.9663244145634955e-14,1.8145704749780096e-14,1.6030201367118703e-14,1.2941710129652983e-14,3.245903545945339e-12,5.800582270661474e-14,3.2454039455842576e-12,0.0,1.6404655411861313e-12,0.0,1.6404655411861313e-12,0.0,2.2309380790531077e-12,1.200984933917845e-12,2.2309380788678193e-12,1.2009849338180981e-12,0.0,1.3552527156068805e-20,0.0,1.683902309118765e-14,1.2567578973055985e-14,1.4882332640925004e-14,1.2567578973055985e-14,1.482477665833579e-14,2.7660585535293866e-07
2.6647257721391797e-07,1.0661042336348557e-10,1.473238239673365e-13,8.449976228536869e-20,1.0567174942202754e-18,0.0,0.0,0.00033590175102652287,0.017974369339494773,4.103587224226216e-06,2.3005337685216762,2.7922508345011245e-05,1.8918224370686542e-14,1.8918224370686542e-14,2.6774284930639415e-14,1.6798507234996567e-14,1.2941710129652983e-14,3.1513125442472756e-12,5.645188172602722e-14,3.1510349884911193e-12,0.0,1.5922263507661683e-12,0.0,1.5922263507661683e-12,0.0,2.280353118783183e-12,1.2275866216930439e-12,2.2803531186243643e-12,1.2275866216075468e-12,2.710505431213761e-20,0.0,3.350774000699036e-14,0.0,1.2567578973179762e-14,2.8027092134037402e-14,1.2567578973179762e-14,2.79534657974331e-14,2.6647257721391797e-07
2.5687139288404963e-07,1.0321429021605732e-10,1.433346082378161e-13,5.638975132477927e-20,1.0224377243248886e-18,0.0,0.0,0.00033205202789760306,0.017718814423220944,4.006493063314326e-06,0.2266281716009259,2.796810248355305e-05,3.754583800684712e-14,3.754583800684712e-14,1.360521811685571e-14,1.6786535012121137e-14,1.2941710129652983e-14,3.059941189320625e-12,5.4314120865711496e-14,3.0595526112620064e-12,0.0,1.5467072067565368e-12,0.0,1.5467072067565368e-12,0.0,2.3108469598167604e-12,1.2440024263280913e-12,2.3108469595917673e-12,1.2440024262069703e-12,1.3552527156068805e-20,1.3552527156068805e-20,1.6669573802219736e-14,1.6669573802219736e-14,6.2837894867147316e-15,2.461397898168668e-14,6.2837894867147316e-15,2.4638397611628827e-14,2.5687139288404963e-07
2.4776733847787633e-07,9.997505229960833e-11,1.3908069409980218e-13,3.941207076182084e-20,1.0229261182596706e-18,0.0,0.0,0.00032827837159183054,0.017469789093915902,3.914464257212029e-06,0.9194150475778406,2.8012168731066586e-05,4.1023638719983206e-14,4.1023638719983206e-14,1.934486031635234e-14,1.4158174410238602e-14,1.2941710129652983e-14,2.9723445926777003e-12,5.298267129910207e-14,2.972011525770313e-12,0.0,1.5028533972838432e-12,0.0,1.5028533972838432e-12,0.0,2.3031730816280746e-12,1.2398713335936658e-12,2.3031730815354304e-12,1.2398713335437924e-12,1.3552527156068805e-20,1.3552527156068805e-20,1.6586121617978326e-14,1.6586121617978326e-14,1.5709473717233736e-14,3.591815442259767e-14,1.5709473717233736e-14,3.591005562791388e-14,2.4776733847787633e-07
2.3912857582532573e-07,9.688465336101429e-11,1.3489933887575242e-13,5.082903495303877e-20,9.805540041414935e-19,0.0,0.0,0.0003245788302092121,0.017228427896707366,3.825857833770864e-06,0.4144846175092561,2.805360726919027e-05,4.2156346190929e-14,4.2156346190929e-14,1.9565005237415306e-14,1.598211594167494e-14,1.2941710129652983e-14,2.890465644611595e-12,5.1027093250595674e-14,2.8899660442505137e-12,0.0,1.4614420784653248e-12,0.0,1.4614420784653248e-12,0.0,2.3173015896672325e-12,1.247477158897861e-12,2.317301589270186e-12,1.247477158684118e-12,0.0,1.3552527156068805e-20,0.0,1.6503500837814047e-14,9.425684230677098e-15,3.1500488936832877e-14,9.425684230677098e-15,3.1573015004991355e-14,2.3912857582532573e-07
2.3092541751736485e-07,9.39331305381092e-11,1.3163709622965245e-13,8.080623286477301e-20,9.199197768105464e-19,0.0,0.0,0.00032095163319421753,0.016993235934702998,3.7417615347615283e-06,0.16750109147758366,2.809545591807529e-05,2.1068045835966826e-14,2.1068045835966826e-14,1.965560622350113e-14,1.6750624329109856e-14,1.2941710129652983e-14,2.8099744753262712e-12,4.925096346186578e-14,2.8095858972676524e-12,0.0,1.4199752484955752e-12,0.0,1.4199752484955752e-12,0.0,2.3283196253886514e-12,1.2534085180095437e-12,2.328319625441591e-12,1.2534085180380426e-12,2.710505431213761e-20,0.0,3.2843398197681994e-14,0.0,9.425684231071861e-15,3.398244232385708e-14,9.425684231071861e-15,3.395838679602046e-14,2.3092541751736485e-07
2.2312960506563892e-07,9.111381311893586e-11,1.2801883681917934e-13,5.762937291673496e-20,9.193102422774635e-19,0.0,0.0,0.0003174031802614122,0.016764511552015984,3.6620847195018922e-06,0.10658888481089458,2.8131339497130565e-05,4.0033940354779e-14,4.0033940354779e-14,1.9954874583912995e-14,1.5958080265405184e-14,1.2941710129652983e-14,2.7348678877103794e-12,4.8020793684777754e-14,2.734368287349298e-12,0.0,1.3818945987509323e-12,0.0,1.3818945987509323e-12,0.0,2.3152177387653042e-12,1.2463553556702198e-12,2.3152177389770625e-12,1.2463553557842158e-12,1.3552527156068805e-20,1.3552527156068805e-20,1.6340704282077294e-14,1.6340704282077294e-14,6.283789487676628e-15,5.552558646764721e-14,6.283789487676628e-15,5.5549523349297295e-14,2.2312960506563892e-07
2.1571419368966683e-07,8.841794324482863e-11,1.2442576584649781e-13,6.13675224144773e-20,8.727643000671788e-19,0.0,0.0,0.0003139241852672802,0.01654189440643351,3.5854822860327477e-06,0.09522415146977559,2.8171280471984523e-05,4.323376522946312e-14,4.323376522946312e-14,1.743773399853189e-14,1.3300604790938786e-14,1.2941710129652983e-14,2.6597613000944875e-12,4.611335860676334e-14,2.6593172108846375e-12,0.0,1.3444800828210646e-12,0.0,1.3444800828210646e-12,0.0,2.330471015286804e-12,1.2545666796272648e-12,2.330471015405918e-12,1.2545666796913876e-12,1.3552527156068805e-20,1.3552527156068805e-20,1.6260504506459732e-14,1.6260504506459732e-14,0.0,2.1278664079610315e-14,0.0,2.1302483479699434e-14,2.1571419368966683e-07
2.0865687258385886e-07,8.583867263090374e-11,1.211173179668425e-13,6.279479768486994e-20,8.535214781308431e-19,0.0,0.0,0.0003105209221876372,0.01632568171555947,3.512589421825728e-06,0.09520321154353795,2.82061185204175e-05,4.37771684022562e-14,4.37771684022562e-14,1.7722126310124558e-14,1.6714721912778812e-14,1.2941710129652983e-14,2.5882629373086274e-12,4.509054443329947e-14,2.5878743592500086e-12,0.0,1.307953745310897e-12,0.0,1.307953745310897e-12,0.0,2.3200782365565506e-12,1.248971916243298e-12,2.3200782364242017e-12,1.2489719161720504e-12,0.0,0.0,0.0,0.0,9.425684232513337e-15,2.896514676148133e-14,9.425684232513337e-15,2.895724573945146e-14,2.0865687258385886e-07
2.0193814444968146e-07,8.33725189763799e-11,1.179331370402946e-13,4.108764664369113e-20,8.311083151132244e-19,0.0,0.0,0.000307187599937996,0.01611437971422501,3.4870348141725657e-06,0.11948860389589028,2.8238589953916925e-05,3.603642173669512e-14,3.603642173669512e-14,2.084729731069978e-14,1.5922034535395576e-14,1.2941710129652983e-14,2.5210389331675742e-12,4.3987758097935494e-14,2.520539332806493e-12,0.0,1.2747580768746047e-12,0.0,1.2747580768746047e-12,0.0,2.3472479907138578e-12,1.2635982591739023e-12,2.3472479905153344e-12,1.2635982590670308e-12,1.3552527156068805e-20,0.0,1.61024437093131e-14,0.0,9.425684233054718e-15,2.0379913562138763e-14,9.425684233054718e-15,2.0340600457273527e-14,2.0193814444968146e-07
1.9553276183152014e-07,8.100858225418025e-11,1.150688724410734e-13,4.5274683575248905e-20,8.112751947490309e-19,0.0,0.0,0.00030392034722312005,0.01590829337746352,3.485587991977587e-06,0.14026234927581202,2.8268270566527656e-05,3.0151275115610526e-14,3.0151275115610526e-14,1.8290910398512606e-14,1.5672599703039664e-14,1.2941710129652983e-14,2.4545920851437586e-12,4.276451996435939e-14,2.4542035070851398e-12,0.0,1.2415624084383126e-12,0.0,1.2415624084383126e-12,0.0,2.3259969420080687e-12,1.252158143661401e-12,2.3259969421271827e-12,1.2521581437255236e-12,1.3552527156068805e-20,1.3552527156068805e-20,1.6024560063802518e-14,1.6024560063802518e-14,1.8851368467232756e-14,3.4123043050507575e-14,1.8851368467232756e-14,3.4146516824676693e-14,1.9553276183152014e-07
1.8942329029679813e-07,7.874373626948964e-11,1.1196732682511133e-13,4.083366536472728e-20,7.832821846225813e-19,0.0,0.0,0.00030072269752944123,0.015709204882914704,3.484168088570625e-06,0.1730847821201444,2.830128097361268e-05,4.53861617228102e-14,4.53861617228102e-14,2.143779846880918e-14,1.566618136627855e-14,1.2941710129652983e-14,2.391586928496281e-12,4.101486475462229e-14,2.391198350437662e-12,0.0,1.2090328738167955e-12,0.0,1.2090328738167955e-12,0.0,2.2833318560177563e-12,1.2291901706998081e-12,2.2833318562427494e-12,1.2291901708209289e-12,0.0,0.0,0.0,0.0,9.425684234193365e-15,8.308652085945589e-15,9.425684234193365e-15,8.308652085945589e-15,1.8942329029679813e-07
1.8359491631425858e-07,7.657235354938015e-11,1.0917019797771928e-13,3.6969858941627755e-20,7.651706111584509e-19,0.0,0.0,0.0002975942821647699,0.01551416754483439,3.482773583255289e-06,0.22146007699872144,2.8329071855967078e-05,2.1265160000524196e-14,2.1265160000524196e-14,2.1248724898819953e-14,1.6666863389668175e-14,1.2941710129652983e-14,2.330913240200516e-12,4.007949559567839e-14,2.3303581286882036e-12,0.0,1.1780021402785223e-12,0.0,1.1780021402785223e-12,0.0,2.362885281587247e-12,1.2720163102720324e-12,2.362885281600482e-12,1.2720163102791573e-12,1.3552527156068805e-20,0.0,1.5871031344628357e-14,0.0,1.885136846956272e-14,3.429209190506038e-14,1.885136846956272e-14,3.423784452803543e-14,1.8359491631425858e-07
1.7802636709693142e-07,7.449053274241718e-11,1.0657303999456002e-13,3.791832652852114e-20,7.485819670111301e-19,0.0,0.0,0.00029452424481860793,0.015324642116636922,3.481403129965388e-06,0.2865011779978124,2.8358901356724006e-05,4.792462597115621e-14,4.792462597115621e-14,1.5826548838000547e-14,1.6654900601732492e-14,1.2941710129652983e-14,2.2732926652224705e-12,3.909131193723203e-14,2.2730151094663142e-12,0.0,1.1487477635796495e-12,0.0,1.1487477635796495e-12,0.0,2.357454014571359e-12,1.2690924864692055e-12,2.3574540147566474e-12,1.269092486568952e-12,0.0,0.0,0.0,0.0,1.2567578980502175e-14,2.3122609692186242e-14,1.2567578980502175e-14,2.313032237053587e-14,1.7802636709693142e-07
1.7270569504300195e-07,7.24923865890166e-11,1.0404985961341722e-13,4.4434931837427307e-20,7.267618523748967e-19,0.0,0.0,0.00029151927197249033,0.015139609401538514,3.4800558542030983e-06,0.43909789874015975,2.838521760665912e-05,3.887873527723507e-14,3.887873527723507e-14,1.9428412555840574e-14,1.6642938501524057e-14,1.2941710129652983e-14,2.216116179454275e-12,3.7766671092922166e-14,2.2157831125468874e-12,0.0,1.1208256545103268e-12,0.0,1.1208256545103268e-12,0.0,2.3438084026036113e-12,1.2617466194811318e-12,2.343808402630081e-12,1.2617466194953812e-12,2.710505431213761e-20,2.710505431213761e-20,3.144083315009413e-14,3.144083315009413e-14,6.283789490650635e-15,2.2974513526240218e-14,6.283789490650635e-15,2.2920780952005778e-14,1.7270569504300195e-07
1.6761719452772628e-07,7.057212921726634e-11,1.0158907709634894e-13,4.9368289136402516e-20,6.947867524959352e-19,0.0,0.0,0.0002885772310540506,0.014958701737787834,3.4787304605667563e-06,1.4902731633963238,2.841236320317192e-05,5.656248809263569e-14,5.656248809263569e-14,2.1847382343741988e-14,1.5849967419748015e-14,1.2941710129652983e-14,2.1611046285840985e-12,3.688944372540722e-14,2.1607160505254797e-12,0.0,1.0927925231385416e-12,0.0,1.0927925231385416e-12,0.0,2.3196497852754585e-12,1.2487412672896816e-12,2.319649785196049e-12,1.2487412672469332e-12,1.3552527156068805e-20,1.3552527156068805e-20,1.5646176118966563e-14,1.5646176118966563e-14,1.2567578982102097e-14,2.7320036991119825e-14,1.2567578982102097e-14,2.731239715974647e-14,1.6761719452772628e-07
1.6274973548341445e-07,6.872964798882597e-11,9.910814559944936e-14,2.914581169673301e-20,6.93381824407283e-19,0.0,0.0,0.00028569886538672346,0.014783020390129254,3.4774261403942175e-06,2.324986682436369,2.843406669591918e-05,3.320904825100016e-14,3.320904825100016e-14,1.1449371265559261e-14,0.0,1.2941710129652983e-14,2.1102564140562663e-12,3.640471636949113e-14,2.1098678359976475e-12,0.0,1.0667577932110817e-12,0.0,1.0667577932110817e-12,0.0,2.3197489903926998e-12,1.2487946725600028e-12,2.319748990141237e-12,1.2487946724246322e-12,1.3552527156068805e-20,2.710505431213761e-20,1.5572633575516663e-14,3.1145267151033326e-14,1.2567578982901486e-14,2.6134678178673734e-14,1.2567578982901486e-14,2.6157489943159044e-14,1.6274973548341445e-07
1.580888837803267e-07,6.695771719933548e-11,9.65976975559801e-14,2.9342082006585146e-20,6.789347748524365e-19,0.0,0.0,0.00028287272443445127,0.014611437336356763,3.476141383064464e-06,2.6462175109533783,2.8456215985953596e-05,6.064060668470673e-14,6.064060668470673e-14,2.223740552516327e-14,1.6607056115510303e-14,1.2941710129652983e-14,2.060684956006753e-12,3.523296469458458e-14,2.060462911401828e-12,0.0,1.0419443086107094e-12,0.0,1.0419443086107094e-12,0.0,2.316875139461605e-12,1.2472475871868204e-12,2.3168751394880746e-12,1.2472475872010701e-12,1.3552527156068805e-20,1.3552527156068805e-20,1.5499779149432368e-14,1.5499779149432368e-14,9.425684237772548e-15,1.465988933186823e-14,9.425684237772548e-15,1.4637184289020732e-14,1.580888837803267e-07
1.5362469139239332e-07,6.52522224918851e-11,9.408879768059091e-14,3.7652496224539874e-20,6.550785353316801e-19,0.0,0.0,0.000280105168674283,0.014443371010755705,3.474875617673266e-06,7.602281994889877,2.8479579561423653e-05,5.873344360137454e-14,5.873344360137454e-14,1.7008628518291506e-14,1.6595096560098957e-14,1.2941710129652983e-14,2.0093371411178396e-12,3.4278415231732045e-14,2.0089485630592208e-12,0.0,1.0165202013467933e-12,0.0,1.0165202013467933e-12,0.0,2.297081290944666e-12,1.2365919288894036e-12,2.2970812911431895e-12,1.236591928996275e-12,1.3552527156068805e-20,1.3552527156068805e-20,1.5427603227898346e-14,1.5427603227898346e-14,2.1993263222849712e-14,9.883433814742024e-15,2.1993263222849712e-14,9.921099339950645e-15,1.5362469139239332e-07
1.493464686402102e-07,6.3613133342765e-11,9.199561148534511e-14,2.1760670418547362e-20,6.421258555260416e-19,0.0,0.0,0.0002773939982397103,0.014280142757847043,3.4736279931501212e-06,1.5731159928763183,2.8499946837904894e-05,3.7146481699208297e-14,3.7146481699208297e-14,1.7350500794257106e-14,1.6583137594682374e-14,1.2941710129652983e-14,1.9642620863180582e-12,3.34598236325045e-14,1.9639290194106707e-12,0.0,3.3881317890172014e-21,0.0,0.0,0.0,2.2977468783646187e-12,1.2369502357698443e-12,2.297746878324914e-12,1.23695023574847e-12,2.710505431213761e-20,0.0,3.071219275264119e-14,0.0,6.2837894926330224e-15,4.360946818936552e-14,6.2837894926330224e-15,4.3631962756863476e-14,1.493464686402102e-07
1.4524341530579946e-07,6.203449106796502e-11,8.988100526738739e-14,4.9010939558250234e-20,6.072324793240763e-19,0.0,0.0,0.0002747420561785216,0.014120968464503055,3.472397909522027e-06,0.9764309178014593,2.8521899796998012e-05,5.2306629403807574e-14,5.2306629403807574e-14,1.7422989184411532e-14,3.1216853341644415e-14,1.2941710129652983e-14,1.920297254542902e-12,3.2709628797100827e-14,1.9199641876355145e-12,0.0,6.776263578034403e-21,0.0,0.0,0.0,2.2582866236629774e-12,1.215707525436373e-12,2.2582866238747356e-12,1.2157075255503692e-12,2.710505431213761e-20,0.0,3.0570498668430624e-14,0.0,1.885136847905492e-14,2.3689452011737467e-14,1.885136847905492e-14,2.3667061225336963e-14,1.4524341530579946e-07
1.4130506229046493e-07,6.051410854979314e-11,8.786044010992957e-14,5.590417451878382e-20,5.947514303164484e-19,0.0,0.0,0.00027213856649068704,0.01396486124512515,3.4711841592893394e-06,0.626482596333986,2.854011544740671e-05,4.870849873904841e-14,4.870849873904841e-14,2.1418529441309097e-14,1.5076496366508156e-14,1.2941710129652983e-14,1.8745005547771143e-12,3.142263114484907e-14,1.874000954416033e-12,0.0,3.3881317890172014e-21,0.0,0.0,0.0,2.254943835638795e-12,1.2139079963091351e-12,2.25494383562556e-12,1.2139079963020104e-12,0.0,1.3552527156068805e-20,0.0,1.521505301121088e-14,1.2567578986795878e-14,3.7295183917934206e-14,1.2567578986795878e-14,3.7272895959417516e-14,1.4130506229046493e-07
1.3752508388949062e-07,5.905081460306305e-11,8.586685148553769e-14,4.212232762282896e-20,5.879256428945361e-19,0.0,0.0,0.0002695871252588749,0.01381233624162293,3.4699860671551017e-06,0.4929736975139547,2.8556777448919342e-05,3.624544420906608e-14,3.624544420906608e-14,2.170275552510839e-14,1.654726408151122e-14,1.2941710129652983e-14,1.833533325168446e-12,3.067486785748278e-14,1.833089235958596e-12,0.0,6.776263578034403e-21,0.0,0.0,0.0,2.2365621807466923e-12,1.2040125667617326e-12,2.236562180905511e-12,1.2040125668472298e-12,0.0,0.0,0.0,0.0,1.8851368481314207e-14,1.898388122550231e-14,1.8851368481314207e-14,1.897648586857769e-14,1.3752508388949062e-07
1.3389377324546434e-07,5.763948109494139e-11,8.413604547326823e-14,5.2194002507464025e-20,5.715298253895568e-19,0.0,0.0,0.00026708993385010844,0.013664532918876315,3.468803270685602e-06,0.5046385820325673,2.857477559048932e-05,5.415765939868903e-14,5.415765939868903e-14,2.1986958245501697e-14,1.6535307323268845e-14,1.2941710129652983e-14,1.7933987628282466e-12,3.0169811082335913e-14,1.7930101847696278e-12,0.0,6.776263578034403e-21,0.0,0.0,0.0,2.21939030623766e-12,1.1947684004775506e-12,2.219390306012667e-12,1.1947684003564295e-12,1.3552527156068805e-20,0.0,1.507657698835572e-14,0.0,1.2567578988276526e-14,1.8617748014364212e-14,1.2567578988276526e-14,1.8610386310918437e-14,1.3389377324546434e-07
1.3040455639986105e-07,5.6277546975391575e-11,8.229441579671361e-14,3.8219868664911026e-20,5.559000986066154e-19,0.0,0.0,0.0002646327476990973,0.01351791578843384,3.4676345042131167e-06,0.4390858697566352,2.859161397808919e-05,5.477115653790399e-14,5.477115653790399e-14,1.1774796278838173e-14,1.6523351082437222e-14,1.2941710129652983e-14,1.7539303343028223e-12,2.9195835870926556e-14,1.753652778546666e-12,0.0,1.3552527156068805e-20,0.0,0.0,0.0,2.1703804822480665e-12,1.1683848532253362e-12,2.1703804819701338e-12,1.168384853075716e-12,1.3552527156068805e-20,0.0,1.5008279923855805e-14,0.0,1.2567578988996354e-14,1.9332200142618687e-14,1.2567578988996354e-14,1.935418520722364e-14,1.3040455639986105e-07
1.2704778110810617e-07,5.4964401199798974e-11,8.039770315072991e-14,5.405769312817399e-20,5.392133154187539e-19,0.0,0.0,0.0002622348345162171,0.013377039749138883,3.4664802330990376e-06,0.43242470216846374,2.8608001721994388e-05,2.5490589332084546e-14,2.5490589332084546e-14,1.311716375161676e-14,1.651139534654318e-14,1.2941710129652983e-14,1.714239861172473e-12,2.875951764958274e-14,1.7136847496601604e-12,0.0,6.776263578034403e-21,0.0,0.0,0.0,2.1566086055464658e-12,1.160971013914556e-12,2.1566086055464658e-12,1.160971013914556e-12,1.3552527156068805e-20,2.710505431213761e-20,1.4940598841899293e-14,2.9881197683798586e-14,1.5709473737127183e-14,8.710596638369309e-15,1.5709473737127183e-14,8.674120103032753e-15,1.2704778110810617e-07
5.142758224287391e-07,6.285334379350315e-10,2.406807579258988e-13,4.11765127598916e-18,6.133670821244619e-18,0.0,0.0,0.008319407553952163,1.1005398844084968,0.0010926093597433332,0.016166726117189934,0.009363929895246327,5.593479210844179e-14,5.593479210844179e-14,2.416987474356102e-14,1.715620184913224e-14,1.2941710129652983e-14,9.72194547088634e-12,1.346575730482831e-12,9.721445870525258e-12,0.0,2.508271368384385e-12,0.0,2.508271368384385e-12,0.0,3.2077253967364945e-12,1.7268206185540009e-12,3.2077253965545147e-12,1.7268206184560355e-12,1.3552527156068805e-20,1.3552527156068805e-20,1.4873525446425e-14,1.4873525446425e-14,1.6145031286038062e-14,2.1991016469302563e-14,1.6145031286038062e-14,2.2041854295656028e-14,5.142758224287391e-07
9.840465729786831e-08,5.0422721267452016e-11,6.806147073624546e-14,1.121959507618529e-19,5.669918524323051e-19,0.0,0.0,0.0003320914891500323,0.028114702942917166,1.3334593102251481e-05,0.15718768046831655,1.4399573679607286e-05,3.8340114612692566e-14,3.8340114612692566e-14,2.0951544731951465e-14,2.0487891214045877e-14,2.5883420259301087e-14,1.5435430711363551e-12,4.406471052084716e-14,1.5429879596240426e-12,0.0,1.0164395367051604e-20,0.0,0.0,0.0,2.362698023499556e-12,1.2719155032867615e-12,2.3626980236319048e-12,1.271915503358009e-12,1.3552527156068805e-20,1.3552527156068805e-20,1.48033760152516e-14,1.48033760152516e-14,1.3454192734302162e-14,2.2884802408100774e-14,1.3454192734302162e-14,2.2928172216833753e-14,9.840465729786831e-08
1.137557496355527e-07,5.052694791268365e-11,7.309737397470639e-14,2.663191337338007e-20,3.4102604638214637e-19,0.0,0.0,0.000295817898816075,0.015345375469072596,3.5446214523480833e-06,0.019219142688595734,2.3881366159686726e-05,3.478241504144419e-14,3.478241504144419e-14,0.0,1.505184062436829e-14,1.2941710129652983e-14,1.5608625503205076e-12,2.509303351441118e-14,1.5604739722618888e-12,0.0,6.776263578034403e-21,0.0,0.0,0.0,1.3723678988202298e-12,7.387892948490703e-13,1.3723678989889746e-12,7.387892949399111e-13,2.710505431213761e-20,2.710505431213761e-20,2.946756813127186e-14,2.946756813127186e-14,1.6145031276614077e-14,3.4996772526662886e-14,1.6145031276614077e-14,3.497518956488264e-14,1.137557496355527e-07
1.1229471153036782e-07,4.957935803510835e-11,7.184783664125112e-14,1.8677463625979998e-20,3.266416096592031e-19,0.0,0.0,0.000294981220107305,0.015146799676176095,3.5998209173152256e-06,0.4190950875265826,3.0985405249822796e-05,5.237783693739894e-14,5.237783693739894e-14,1.5677096824374285e-14,1.3849852766114799e-14,1.2941710129652983e-14,1.5412671139358736e-12,2.399901717074975e-14,1.5408785358772548e-12,0.0,6.776263578034403e-21,0.0,0.0,0.0,1.3452901259607437e-12,7.242124683769993e-13,1.3452901262585287e-12,7.242124685373065e-13,2.710505431213761e-20,4.0657581468206416e-20,2.932948639641355e-14,4.399422959462033e-14,1.3454192726765599e-14,2.8083907784714172e-14,1.3454192726765599e-14,2.8083907784714172e-14,1.1229471153036782e-07
1.1114892128231372e-07,4.890316933699571e-11,7.120769601867643e-14,2.8960600257166703e-20,3.157092263377446e-19,0.0,0.0,0.00029572326578659273,0.01507391361129573,3.632088402075163e-06,0.5453943030874742,3.143726262372741e-05,3.1873602623191516e-14,3.1873602623191516e-14,2.1911152677714492e-14,1.6636587063651225e-14,1.2941710129652983e-14,1.5264456365571277e-12,2.4611053182363034e-14,1.5259460361960464e-12,0.0,1.0164395367051604e-20,0.0,0.0,0.0,1.1125253508865686e-12,5.989077857255148e-13,1.1125253512174409e-12,5.989077859036338e-13,1.3552527156068805e-20,2.710505431213761e-20,1.4596247110412263e-14,2.9192494220824526e-14,1.8835869812384006e-14,7.593992232120387e-15,1.8835869812384006e-14,7.540538509228879e-15,1.1114892128231372e-07
1.0998814335885188e-07,4.830213579064228e-11,7.048287836907461e-14,4.027249747653177e-20,3.1181984247645445e-19,0.0,0.0,0.00029664613404925777,0.015029710939586053,3.6626631980775325e-06,1.8859887492246101,3.168637296965501e-05,3.241146432514149e-14,3.241146432514149e-14,1.8992324540758087e-14,1.7207272479052605e-14,1.2941710129652983e-14,1.511846203783307e-12,2.425437088205798e-14,1.5115131368759194e-12,0.0,6.776263578034403e-21,0.0,0.0,0.0,9.503289385890807e-13,5.115922975307524e-13,9.503289386023155e-13,5.115922975378772e-13,0.0,0.0,0.0,0.0,5.381677087878541e-15,1.2630831861011379e-14,5.381677087878541e-15,1.2648566811672727e-14,1.0998814335885188e-07
1.0877864907069851e-07,4.77389411734906e-11,6.966795443570693e-14,4.155010130476085e-20,3.035183264012823e-19,0.0,0.0,0.0002974504213485562,0.014990453376541365,3.6917286141026485e-06,0.3620390434387413,3.192727527765407e-05,3.828196042944967e-14,3.828196042944967e-14,2.2456813474466945e-14,3.351505629374565e-14,1.2941710129652983e-14,1.4973577933119486e-12,2.429012389620839e-14,1.4968581929508673e-12,0.0,1.3552527156068805e-20,0.0,0.0,0.0,8.943144683452075e-13,4.814379263826138e-13,8.943144681797714e-13,4.814379262935543e-13,2.710505431213761e-20,0.0,2.892172907346543e-14,0.0,1.0763354173217253e-14,2.959289185501153e-14,1.0763354173217253e-14,2.9642319257298596e-14,1.0877864907069851e-07
1.0755274981267206e-07,4.7213821724468303e-11,6.919606950418431e-14,3.8593628537624377e-20,3.121386997261175e-19,0.0,0.0,0.0002981297537138981,0.014951396538481014,3.7193916370858302e-06,0.5816965397353537,3.2156175247331094e-05,3.861890246814009e-14,3.861890246814009e-14,1.9300506933943553e-14,1.6412843584427512e-14,1.2941710129652983e-14,1.4830914274455154e-12,2.4182844376265684e-14,1.4826473382356653e-12,0.0,1.0164395367051604e-20,0.0,0.0,0.0,8.506257957211726e-13,4.579189241758804e-13,8.506257959097698e-13,4.579189242774084e-13,2.710505431213761e-20,1.3552527156068805e-20,2.8787931827314286e-14,1.4393965913657143e-14,1.3454192713641442e-14,2.2076178412716027e-14,1.3454192713641442e-14,2.2055093237536737e-14,1.0755274981267206e-07
1.0633268254509085e-07,4.672816718703169e-11,6.841014643386434e-14,5.987414997570231e-20,3.090171684741175e-19,0.0,0.0,0.0002986977745434793,0.014910205204751803,3.7457499604382565e-06,0.9336112562747243,3.237389188000993e-05,4.000612873116744e-14,4.000612873116744e-14,1.6741959878378304e-14,3.530824387897364e-14,1.2941710129652983e-14,1.466882171285988e-12,2.4063149405658952e-14,1.466438082076138e-12,0.0,6.776263578034403e-21,0.0,0.0,0.0,8.591661820740679e-13,4.625164858186581e-13,8.591661820542155e-13,4.62516485807971e-13,0.0,1.3552527156068805e-20,0.0,1.4327587792393828e-14,5.381677084428217e-15,3.798117616935649e-14,5.381677084428217e-15,3.797418018921847e-14,1.0633268254509085e-07
1.051433457813297e-07,4.6291026722405134e-11,6.771605092424603e-14,5.825507197243969e-20,3.1739962909366124e-19,0.0,0.0,0.00029919986747597137,0.014866725481063884,3.7708931438898754e-06,0.4405773420677212,3.258101231370176e-05,5.0864159550521407e-14,5.0864159550521407e-14,1.3139898751233782e-14,1.280681805779055e-14,2.5883420259305965e-14,1.4525047831170923e-12,2.4099280230539393e-14,1.4520606939072422e-12,0.0,6.776263578034403e-21,0.0,0.0,0.0,8.324646234966339e-13,4.4814218746196196e-13,8.324646238374323e-13,4.481421876454246e-13,0.0,0.0,0.0,0.0,1.345419270881026e-14,2.174800939262191e-14,1.345419270881026e-14,2.172711793307088e-14,1.051433457813297e-07
1.0399561432383912e-07,4.5900429256304265e-11,6.67833525657216e-14,6.772300223841429e-20,3.051296050463722e-19,0.0,0.0,0.0002996440289522561,0.014820771453311654,3.794901964886681e-06,11.678317762347175,3.2779582804257266e-05,2.5955252574352984e-14,2.5955252574352984e-14,0.0,2.208866408473136e-14,2.0706736207441535e-14,1.4371281942260339e-12,2.4677373200584557e-14,1.4366841050161838e-12,0.0,6.776263578034403e-21,0.0,0.0,0.0,8.360938121054241e-13,4.500958951342763e-13,8.360938119499142e-13,4.500958950505604e-13,1.3552527156068805e-20,2.710505431213761e-20,1.4196369761933226e-14,2.8392739523866452e-14,1.614503124822439e-14,3.440652561397822e-14,1.614503124822439e-14,3.4434253246184514e-14,1.0399561432383912e-07
1.0290046336174174e-07,4.556368281945778e-11,6.645380394434434e-14,6.234185508948813e-20,3.1787589530211144e-19,0.0,0.0,0.0003000523696559359,0.014772451927479637,3.817850696786235e-06,4.077589884452083,3.2967006983767505e-05,3.919511397935421e-14,3.919511397935421e-14,1.3056545336013596e-14,2.1427871502880035e-14,2.5883420259305965e-14,1.424027562535457e-12,2.677246356623291e-14,1.4234724510231445e-12,0.0,6.776263578034403e-21,0.0,0.0,0.0,8.687431066284426e-13,4.676720489474884e-13,8.687431065854292e-13,4.676720489243329e-13,2.710505431213761e-20,1.3552527156068805e-20,2.8263036841356705e-14,1.4131518420678353e-14,1.0763354164151254e-14,2.764926957926961e-14,1.0763354164151254e-14,2.7621668611384143e-14,1.0290046336174174e-07
1.0186024761945712e-07,4.527857610262018e-11,6.571819346349126e-14,7.019777565514914e-20,3.1608737783607263e-19,0.0,0.0,0.0003004353219110032,0.014723549015162202,4.136236999517216e-06,0.02933210997497268,3.314764046293212e-05,2.4889740450446596e-14,2.4889740450446596e-14,2.0557918609420696e-14,1.7129228169956272e-14,1.2941710129652983e-14,1.4124257319281242e-12,2.890959707559722e-14,1.4120926650207366e-12,0.0,1.6940658945086007e-20,0.0,0.0,0.0,9.151732448037543e-13,4.926668692662769e-13,9.15173244783902e-13,4.926668692555898e-13,0.0,1.3552527156068805e-20,0.0,1.4067164713974131e-14,1.0763354163041813e-14,2.4088947812428227e-14,1.0763354163041813e-14,2.4088947812428227e-14,1.0186024761945712e-07
1.0087911398151372e-07,4.504649942006005e-11,6.495117826336143e-14,8.651457855806568e-20,3.1990732130302775e-19,0.0,0.0,0.0003008017957041991,0.014669809954363722,4.530708277939187e-06,0.15825421515266114,3.332032985020863e-05,3.847535720216169e-14,3.847535720216169e-14,1.185714807125742e-14,2.0216875794213256e-14,1.9412565194476587e-14,1.3988810110276972e-12,3.196025492296252e-14,1.3982148772129221e-12,0.0,3.3881317890172014e-21,0.0,0.0,0.0,7.85095689686733e-13,4.2264198359006027e-13,7.850956897760685e-13,4.226419836381524e-13,2.710505431213761e-20,1.3552527156068805e-20,2.800660626680072e-14,1.400330313340036e-14,8.072515621606626e-15,2.4636002825056138e-14,8.072515621606626e-15,2.460181464461615e-14,1.0087911398151372e-07
9.99552399040933e-08,4.486737907361854e-11,6.47592005354452e-14,8.893543429258344e-20,3.3662684626432176e-19,0.0,0.0,0.0003011405819635913,0.01461440016906191,4.92626735528278e-06,0.8986487323129289,3.3484695502038665e-05,2.3575534367950568e-14,2.3575534367950568e-14,1.1900996471939104e-14,1.6329480653062123e-14,1.9016390394589358e-14,1.385891401639583e-12,3.4281028869163125e-14,1.3853918012785016e-12,0.0,3.3881317890172014e-21,0.0,0.0,0.0,8.016944362767089e-13,4.315776168842574e-13,8.016944362303867e-13,4.315776168593207e-13,2.710505431213761e-20,0.0,2.7879856501735293e-14,0.0,1.614503124215959e-14,1.592765681049305e-14,1.614503124215959e-14,1.596849695616098e-14,9.99552399040933e-08
9.908793897535295e-08,4.474301344375276e-11,6.375264194103037e-14,9.279385110869758e-20,3.4376323484085055e-19,0.0,0.0,0.00030146752313785663,0.014557738336390706,5.324851381520957e-06,0.27237158643241793,3.364182202769641e-05,3.2534554178495186e-14,3.2534554178495186e-14,1.7893702225348306e-14,1.70947691315297e-14,2.5883420259305965e-14,1.378175351618438e-12,3.711479977971652e-14,1.377731262408588e-12,0.0,3.3881317890172014e-21,0.0,0.0,0.0,7.492521579632606e-13,4.03346270283411e-13,7.492521579665693e-13,4.0334627028519215e-13,1.3552527156068805e-20,1.3552527156068805e-20,1.3877034717161315e-14,1.3877034717161315e-14,1.6145031241383404e-14,3.724756666695852e-14,1.6145031241383404e-14,3.717303087773958e-14,9.908793897535295e-08
9.827697933535534e-08,4.466908940268879e-11,6.39345090491721e-14,9.389466242107245e-20,3.571063708562411e-19,0.0,0.0,0.00030176757225865885,0.01449810978011719,5.7242656053772075e-06,0.9299595734941842,3.379335082472427e-05,4.1312211977924266e-14,4.1312211977924266e-14,1.3769120035305132e-14,1.8634034288517973e-14,1.2941710129652983e-14,1.3675172105820366e-12,4.062370681757942e-14,1.3670731213721865e-12,0.0,1.3552527156068805e-20,0.0,0.0,0.0,5.898369711196813e-13,3.1752800422104735e-13,5.89836971218943e-13,3.1752800427448305e-13,1.3552527156068805e-20,1.3552527156068805e-20,1.3814617260516816e-14,1.3814617260516816e-14,1.0763354160577808e-14,2.6948285260613107e-14,1.0763354160577808e-14,2.6901066738254082e-14,9.827697933535534e-08
9.752120809133974e-08,4.464611711903169e-11,6.292560565441123e-14,1.032913614693255e-19,3.662335152719985e-19,0.0,0.0,0.0003020525077888027,0.014435581961537085,6.124502839472332e-06,0.37051591801813444,3.393669207755699e-05,4.0031119240608674e-14,4.0031119240608674e-14,2.000469365401396e-14,1.815932046613226e-14,3.5838581897495576e-14,1.3573031587554851e-12,4.2477973160818205e-14,1.3569700918480976e-12,0.0,1.3552527156068805e-20,0.0,0.0,0.0,5.272401231625333e-13,2.8383012976494033e-13,5.272401230632717e-13,2.8383012971150463e-13,4.0657581468206416e-20,2.710505431213761e-20,4.1258012055677743e-14,2.7505341370451827e-14,1.3454192700493904e-14,2.0481529201276924e-14,1.3454192700493904e-14,2.0461383434849438e-14,9.752120809133974e-08
9.681687300270582e-08,4.4675503609368166e-11,6.265013219208212e-14,1.0568666702294625e-19,3.899964943759478e-19,0.0,0.0,0.000302316378297022,0.014370889624726588,6.526374669236833e-06,0.06985107239867729,3.407683641710088e-05,3.648664149086763e-14,3.648664149086763e-14,2.0559239572321822e-14,1.752673307539315e-14,1.2941710129652983e-14,1.3581913371751853e-12,4.511014419014683e-14,1.3577472479653352e-12,0.0,6.776263578034403e-21,0.0,0.0,0.0,6.367327308826296e-13,3.4277348345184524e-13,6.367327310546832e-13,3.427734835444671e-13,5.421010862427522e-20,2.710505431213761e-20,5.47647594810914e-14,2.73823797405457e-14,1.0763354160363988e-14,3.3172136976054234e-14,1.0763354160363988e-14,3.319219268160203e-14,9.681687300270582e-08
9.616402059828777e-08,4.475264877772018e-11,6.221757584140524e-14,1.128184610861628e-19,4.0007247709627554e-19,0.0,0.0,0.00030255029946620103,0.014301709290359474,6.929215335400034e-06,0.10957722037494166,3.4210694098764826e-05,3.1065161036307393e-14,3.1065161036307393e-14,2.041110872392749e-14,1.7594442534304253e-14,1.7255613506201644e-14,1.3565260026382475e-12,4.827471779638267e-14,1.355970891125935e-12,0.0,6.776263578034403e-21,0.0,0.0,0.0,7.743276695296622e-13,4.1684521580964136e-13,7.743276694502529e-13,4.1684521576689283e-13,0.0,1.3552527156068805e-20,0.0,1.3630169767999765e-14,1.0763354160475084e-14,1.7883166876254788e-14,1.0763354160475084e-14,1.789647775595427e-14,9.616402059828777e-08
9.555843233134352e-08,4.487879367780821e-11,6.169382081446269e-14,1.2487507291553083e-19,4.0652965152792738e-19,0.0,0.0,0.00030274937426249306,0.014231111966608916,7.33299611861499e-06,0.39441718550479304,3.433907399519565e-05,2.3836383541025548e-14,2.3836383541025548e-14,1.5302001647101242e-14,1.6867887837447622e-14,1.2941710129652983e-14,1.3585244040825728e-12,5.1311794978699686e-14,1.3581913371751853e-12,0.0,6.776263578034403e-21,0.0,0.0,0.0,1.0069480617872585e-12,5.420721725981528e-13,1.0069480616482921e-12,5.420721725233429e-13,5.421010862427522e-20,4.0657581468206416e-20,5.427842161120209e-14,4.070881620840156e-14,1.8835869781259774e-14,1.746578553779977e-14,1.8835869781259774e-14,1.74459079366566e-14,9.555843233134352e-08
9.500053376532977e-08,4.5051570664459456e-11,6.116585817398517e-14,1.302917301971519e-19,4.258589296897156e-19,0.0,0.0,0.000302939047346323,0.014338774465658396,7.736726780171691e-06,0.0730265905764933,3.446021288476918e-05,3.698151539094877e-14,3.698151539094877e-14,1.267787999954031e-14,1.7024563608032937e-14,1.2941710129652983e-14,1.358135826023954e-12,5.376878199375328e-14,1.3574141810579476e-12,0.0,6.776263578034403e-21,0.0,0.0,0.0,1.1863347486054464e-12,6.386417323886784e-13,1.1863347487444127e-12,6.386417324634885e-13,8.131516293641283e-20,4.0657581468206416e-20,8.105695121905438e-14,4.052847560952719e-14,1.076335416109061e-14,4.148547894570159e-14,1.076335416109061e-14,4.1544847575135726e-14,9.500053376532977e-08
9.448369676195706e-08,4.526909624241677e-11,6.11082223870697e-14,1.3888499385191628e-19,4.361908042405876e-19,0.0,0.0,0.00030308580114780356,0.014984765877148285,8.142164045200764e-06,0.03954225986730139,3.458016531148521e-05,3.710395247799587e-14,3.710395247799587e-14,2.1046999657508118e-14,1.9695996956554693e-14,1.634742332166481e-14,1.3626322292736859e-12,5.708218690606497e-14,1.3621881400638358e-12,0.0,1.0164395367051604e-20,0.0,0.0,0.0,1.3532456964295686e-12,7.284952050264331e-13,1.353245696389864e-12,7.284952050050588e-13,6.776263578034403e-20,5.421010862427522e-20,6.724912166907473e-14,5.379929733525978e-14,1.3454192701975227e-14,3.197657073805702e-14,1.3454192701975227e-14,3.197657073805702e-14,9.448369676195706e-08
9.400997516321808e-08,4.552999313400911e-11,6.10333684854078e-14,1.4646568857809586e-19,4.6192413158849665e-19,0.0,0.0,0.00030319785429182,0.015533077895539538,8.547025192568703e-06,0.03817144981693387,3.469167469085222e-05,5.83042744729812e-14,5.83042744729812e-14,1.6886539500627513e-14,1.9349951693832013e-14,1.2941710129652983e-14,1.3645196084155486e-12,5.97039502539717e-14,1.3640755192056986e-12,0.0,1.0164395367051604e-20,0.0,0.0,0.0,1.482910398189561e-12,7.982978386077273e-13,1.4829103982226482e-12,7.982978386255392e-13,1.3552527156068805e-20,1.3552527156068805e-20,1.3390598027705096e-14,1.3390598027705096e-14,1.0763354162182073e-14,2.5728840281402016e-14,1.0763354162182073e-14,2.5735378741448117e-14,9.400997516321808e-08
9.357785183338776e-08,4.5832065430152376e-11,6.065329353480385e-14,1.50533745974065e-19,4.687562462886212e-19,0.0,0.0,0.0003032834533532458,0.01600489533022017,8.952196770176069e-06,0.05953521713612855,3.4801751474015584e-05,5.703583952013598e-14,5.703583952013598e-14,2.1490260141458022e-14,1.901553450399335e-14,2.5883420259305965e-14,1.3657963648938676e-12,6.223920013500898e-14,1.3652967645327863e-12,0.0,1.0164395367051604e-20,0.0,0.0,0.0,1.6367016129661637e-12,8.810885416083309e-13,1.6367016128007276e-12,8.810885415192714e-13,2.710505431213761e-20,1.3552527156068805e-20,2.666361650319652e-14,1.333180825159826e-14,1.3454192703612852e-14,2.436600830192054e-14,1.3454192703612852e-14,2.4418086331954034e-14,9.357785183338776e-08
9.318186037362188e-08,4.6173989101942207e-11,6.070059990310892e-14,1.5562602519253964e-19,4.887999643699903e-19,0.0,0.0,0.000303316380981574,0.01640052700652774,9.357728265240009e-06,0.1540232741388413,3.490609559329376e-05,4.654771710012417e-14,4.654771710012417e-14,1.4770791858570586e-14,1.869216379334173e-14,1.2941710129652983e-14,1.3692935674214368e-12,6.624920533205533e-14,1.3689605005140493e-12,0.0,1.0164395367051604e-20,0.0,0.0,0.0,1.7750131301680564e-12,9.55546030996513e-13,1.7750131299232109e-12,9.55546030864705e-13,2.710505431213761e-20,2.710505431213761e-20,2.654690074300892e-14,2.654690074300892e-14,2.1526708327398717e-14,2.298254211545561e-14,2.1526708327398717e-14,2.2989023373807405e-14,9.318186037362188e-08
9.282002993777172e-08,4.6553071861187435e-11,6.045699576877404e-14,1.5974601245383814e-19,5.152841651882125e-19,0.0,0.0,0.000303303236517477,0.016732240405975672,9.76274786437505e-06,0.9700965452920896,3.500838183947666e-05,6.150340155184885e-14,6.150340155184885e-14,1.5349812747941533e-14,1.837929611795235e-14,1.5275461136637707e-14,1.3750112159982564e-12,6.860970094884399e-14,1.3744561044859438e-12,0.0,3.3881317890172014e-21,0.0,0.0,0.0,1.815823308397885e-12,9.775154481061652e-13,1.8158233084640595e-12,9.77515448141789e-13,1.3552527156068805e-20,0.0,1.3215519818209022e-14,0.0,1.6145031246906352e-14,1.7022939101432096e-14,1.6145031246906352e-14,1.703584504464774e-14,9.282002993777172e-08
9.249658515810935e-08,4.697099020523877e-11,6.04074582015702e-14,1.6706959960902358e-19,5.285214196141506e-19,0.0,0.0,0.00030325655301334303,0.017003867875727822,1.0168309674665437e-05,0.1707073364314993,3.5105860917772554e-05,4.837770552194657e-14,4.837770552194657e-14,2.218754326001628e-14,1.8158277117488374e-14,1.2941710129652983e-14,1.3798406861553758e-12,7.206635196961106e-14,1.3793965969455257e-12,0.0,1.0164395367051604e-20,0.0,0.0,0.0,1.921218826760187e-12,1.0342532082636858e-12,1.9212188267800393e-12,1.0342532082743729e-12,2.710505431213761e-20,1.3552527156068805e-20,2.631602417229452e-14,1.315801208614726e-14,1.0763354165600234e-14,1.2881907101125326e-14,1.0763354165600234e-14,1.2888331992447581e-14,9.249658515810935e-08
9.220227499746533e-08,4.742212622383649e-11,6.027491188403637e-14,1.7532763599742727e-19,5.483727009230434e-19,0.0,0.0,0.00030316055858643407,0.01810714304700943,1.0572708294809488e-05,0.9823261600832436,3.519842111897069e-05,3.39567374533738e-14,3.39567374533738e-14,1.694509055750014e-14,1.8231671361047974e-14,1.2941710129652983e-14,1.3875012250252894e-12,7.519789361676933e-14,1.3869461135129768e-12,0.0,1.0164395367051604e-20,0.0,0.0,0.0,1.9762364436301705e-12,1.0638709415308309e-12,1.9762364437228148e-12,1.0638709415807042e-12,5.421010862427522e-20,2.710505431213761e-20,5.240369092920998e-14,2.620184546460499e-14,1.076335416668319e-14,2.0105819168441513e-14,1.076335416668319e-14,2.008662812246464e-14,9.220227499746533e-08
9.194025185010216e-08,4.790544741549517e-11,5.96715441190367e-14,1.8621051791712866e-19,5.6754626758315165e-19,0.0,0.0,0.0003030207845086386,0.019881302442160836,1.0977244920519048e-05,0.8887975076555723,3.528972877217283e-05,2.640870802600272e-14,2.640870802600272e-14,2.2676154713734456e-14,0.0,2.5883420259305965e-14,1.3917755836700962e-12,7.862531698682489e-14,1.3913870056114774e-12,0.0,6.776263578034403e-21,0.0,0.0,0.0,2.0009573208026728e-12,1.0771789760819325e-12,2.0009573207563507e-12,1.077178976056996e-12,4.0657581468206416e-20,2.710505431213761e-20,3.913274212538047e-14,2.6088494750253648e-14,8.072515625886927e-15,2.1980597442190804e-14,8.072515625886927e-15,2.198696678366927e-14,9.194025185010216e-08
9.170908796659836e-08,4.842001021595905e-11,5.990231966955306e-14,1.896602100272659e-19,5.863222574977711e-19,0.0,0.0,0.00030283269459471335,0.02190737114038044,1.1380499655033275e-05,0.10695012255978248,3.5377500236712815e-05,3.8159500822353516e-14,3.8159500822353516e-14,1.9035839625110182e-14,1.6916963748239327e-14,2.5883420259305965e-14,1.3979373214567659e-12,8.124742233591273e-14,1.397548743398147e-12,0.0,1.0164395367051604e-20,0.0,0.0,0.0,2.051125475943181e-12,1.104186089839109e-12,2.0511254760556777e-12,1.1041860898996695e-12,1.3552527156068805e-20,2.710505431213761e-20,1.2987981693484295e-14,2.597596338696859e-14,5.381677084547403e-15,1.4383355877421582e-14,5.381677084547403e-15,1.443409081878815e-14,9.170908796659836e-08
9.15065356293936e-08,4.8965161562145816e-11,5.972189850016945e-14,2.0048037027448808e-19,6.052692987715772e-19,0.0,0.0,0.00030259402718317736,0.024247010628218837,1.1784032463728323e-05,0.06551064867753265,3.5460566185018034e-05,3.6706135000072977e-14,3.6706135000072977e-14,1.2246512519380548e-14,1.6955788949674144e-14,1.4118229232347072e-14,1.408095862132086e-12,8.45483668557046e-14,1.4075962617710047e-12,0.0,1.0164395367051604e-20,0.0,0.0,0.0,2.1218094261674922e-12,1.142237508695712e-12,2.1218094261873446e-12,1.142237508706399e-12,0.0,1.3552527156068805e-20,0.0,1.2932121425615612e-14,1.345419271302078e-14,3.486286144770454e-14,1.345419271302078e-14,3.4888119814991406e-14,9.15065356293936e-08
9.132795009622182e-08,4.953473221146925e-11,5.992160726921958e-14,2.001651944224535e-19,6.303666780978968e-19,0.0,0.0,0.00030229140193969593,0.02697672308813038,1.2186048947638155e-05,0.060454700928421846,3.5543012188918394e-05,2.346720319607904e-14,2.346720319607904e-14,1.1959319349057259e-14,1.853217642339653e-14,1.2941710129652983e-14,1.4150902671872245e-12,8.765057969978502e-14,1.414535155674912e-12,0.0,3.3881317890172014e-21,0.0,0.0,0.0,2.174021635265429e-12,1.1703450017193653e-12,2.174021635457335e-12,1.1703450018226744e-12,1.3552527156068805e-20,0.0,1.2876662368124184e-14,0.0,1.3454192714764568e-14,2.4389258577432332e-14,1.3454192714764568e-14,2.44081211130684e-14,9.132795009622182e-08
9.117497002337436e-08,5.0131912210997875e-11,5.987512646392804e-14,2.1219189715187891e-19,6.471800798547796e-19,0.0,0.0,0.0003019612559831303,0.03021239946292647,1.2587867959438646e-05,0.03291792607539432,3.5619696649596204e-05,3.4991190055173675e-14,3.4991190055173675e-14,1.8573462426081308e-14,1.8609090576303236e-14,1.3702987196101607e-14,1.423361428720682e-12,9.129164241491764e-14,1.4228618283596006e-12,0.0,3.3881317890172014e-21,0.0,0.0,0.0,2.190176496379707e-12,1.17904167734203e-12,2.1901764964922036e-12,1.1790416774025905e-12,2.710505431213761e-20,1.3552527156068805e-20,2.5643200749965626e-14,1.2821600374982813e-14,1.0763354173277114e-14,2.0347033906143715e-14,1.0763354173277114e-14,2.0372076409412815e-14,9.117497002337436e-08
9.104843918726445e-08,5.075163788236823e-11,5.984959425980801e-14,2.161577630565994e-19,6.634793872999205e-19,0.0,0.0,0.000301568365702968,0.03410886466485579,1.2988208104347431e-05,0.026207073951644167,3.569585606226507e-05,3.0663440798302956e-14,3.0663440798302956e-14,0.0,1.868674306578564e-14,1.3504393178766817e-14,1.4296896999610453e-12,9.399858547769846e-14,1.4291345884487328e-12,0.0,6.776263578034403e-21,0.0,0.0,0.0,2.2459572131329037e-12,1.2090702115504572e-12,2.2459572131262863e-12,1.2090702115468948e-12,4.0657581468206416e-20,1.3552527156068805e-20,3.830079406968178e-14,1.2766931356560594e-14,8.072515631107801e-15,2.8314517511414715e-14,8.072515631107801e-15,2.8289581784852484e-14,9.104843918726445e-08
9.094226237074224e-08,5.139367001825114e-11,5.98748948698883e-14,2.2478513371274287e-19,6.860483089238466e-19,0.0,0.0,0.00033466235480537844,0.03889506687188717,1.3387006975300292e-05,0.02969118412330389,3.577158929941308e-05,3.644216906397426e-14,3.644216906397426e-14,2.1100258681561286e-14,1.8765145917491358e-14,1.3311473276213025e-14,1.4370171719235714e-12,9.747590136855218e-14,1.43651757156249e-12,0.0,3.3881317890172014e-21,0.0,0.0,0.0,2.3146354088174142e-12,1.2460418689353968e-12,2.3146354089232933e-12,1.2460418689923949e-12,5.421010862427522e-20,2.710505431213761e-20,5.085060511467806e-14,2.542530255733903e-14,2.6908385441022783e-14,2.3333719516496652e-14,2.6908385441022783e-14,2.334613437125403e-14,9.094226237074224e-08
9.085820459559437e-08,5.205747500634252e-11,5.993415373413697e-14,2.320313763753134e-19,7.095391412857418e-19,0.0,0.0,0.0003893189713437952,0.04492529169241853,1.3792790698874015e-05,0.0255314592196904,3.584072142796197e-05,3.68754671213716e-14,3.68754671213716e-14,1.607149122124475e-14,1.6068456541096755e-14,1.2941710129652983e-14,1.4479528687161292e-12,1.009016748024798e-13,1.4475642906575104e-12,0.0,6.776263578034403e-21,0.0,0.0,0.0,2.3233990188133448e-12,1.2507595989659477e-12,2.3233990186148214e-12,1.2507595988590762e-12,1.3552527156068805e-20,0.0,1.2658756161630416e-14,0.0,1.0763354178071006e-14,3.067685433192918e-14,1.0763354178071006e-14,3.06953976651945e-14,9.085820459559437e-08
4.704074916332727e-08,2.1514711785252573e-11,3.3710857697556585e-14,3.964123242637096e-20,1.5430329829061147e-19,0.0,0.0,0.00017650923410196743,0.008847661426161106,4.186443074799167e-06,0.0346569554926526,3.62998143843201e-05,4.353114469465597e-14,4.353114469465597e-14,2.011479242255128e-14,1.8924265546597296e-14,1.2941710129652983e-14,7.145395386487507e-13,9.41734727908843e-15,7.140399382876694e-13,0.0,3.3881317890172014e-21,0.0,0.0,0.0,2.3024172317271108e-12,1.2394644355484386e-12,2.3024172319057818e-12,1.239464435644623e-12,1.3552527156068805e-20,1.3552527156068805e-20,1.2605242079357616e-14,1.2605242079357616e-14,5.381677089737206e-15,1.7529385468647615e-14,5.381677089737206e-15,1.7492455583531083e-14,4.704074916332727e-08
4.5515352053105975e-08,2.1008727610803925e-11,3.315517072002248e-14,2.7210727439261967e-20,1.5970500964748987e-19,0.0,0.0,0.00017402757226473792,0.008778656083853342,4.18613309545787e-06,0.16317715087985865,3.561471160481087e-05,3.718691938089748e-14,3.718691938089748e-14,1.5707398007617605e-14,1.5388545008739173e-14,1.2941710129652983e-14,7.004952173872425e-13,9.715073154880172e-15,7.000511281773925e-13,0.0,6.776263578034403e-21,0.0,0.0,0.0,2.2835400168781694e-12,1.229302230312547e-12,2.2835400169972834e-12,1.22930223037667e-12,0.0,1.3552527156068805e-20,0.0,1.2552178547135526e-14,1.3454192726020203e-14,1.485073810055909e-14,1.3454192726020203e-14,1.4875254383019773e-14,4.5515352053105975e-08
4.535656204321229e-08,2.104305331034116e-11,3.277979308312557e-14,3.844680588158273e-20,1.483207767930952e-19,0.0,0.0,0.00017536153017986384,0.008815623164837357,4.18546153509958e-06,0.24261865116106587,3.547511864060133e-05,3.169711181639655e-14,3.169711181639655e-14,2.195498557095651e-14,1.6032647768436068e-14,1.2941710129652983e-14,7.031042414951116e-13,9.392718928375282e-15,7.026046411340303e-13,0.0,6.776263578034403e-21,0.0,0.0,0.0,2.2775620110956793e-12,1.2260840796399415e-12,2.2775620112743504e-12,1.2260840797361259e-12,1.3552527156068805e-20,0.0,1.249955989885577e-14,0.0,1.0763354182081982e-14,2.175243779760532e-14,1.0763354182081982e-14,2.173412766477905e-14,4.535656204321229e-08
4.518587175989596e-08,2.1056167257661627e-11,3.2947072456275145e-14,3.8052902127423394e-20,1.506832412487961e-19,0.0,0.0,0.00017655920922635127,0.00884171799293544,4.185191416138635e-06,0.30067105069078537,3.5467884297987515e-05,4.8963538070291584e-14,4.8963538070291584e-14,2.1266445948455677e-14,1.8947620059587536e-14,1.2941710129652983e-14,7.04047931066043e-13,9.398642471589767e-15,7.03603841856193e-13,0.0,6.776263578034403e-21,0.0,0.0,0.0,2.2331036894316323e-12,1.2021507508724941e-12,2.2331036896566254e-12,1.202150750993615e-12,1.3552527156068805e-20,0.0,1.2447380563022522e-14,0.0,1.6145031274893048e-14,2.366733914609289e-14,1.6145031274893048e-14,2.366733914609289e-14,4.518587175989596e-08
4.4999421055025024e-08,2.1051473196368976e-11,3.3043312939589695e-14,3.049612704595609e-20,1.553054117088215e-19,0.0,0.0,0.00017765503864041254,0.008861952926004966,4.184921994648483e-06,0.13998997742993638,3.5462935740178126e-05,4.4298034463340695e-14,4.4298034463340695e-14,2.214957374913711e-14,1.8944188259914938e-14,1.2941710129652983e-14,7.066569551739121e-13,9.368144950594975e-15,7.062128659640621e-13,0.0,5.082197683525802e-21,0.0,0.0,0.0,2.231902418113891e-12,1.2015040683098072e-12,2.231902418067569e-12,1.2015040682848707e-12,5.421010862427522e-20,2.710505431213761e-20,4.9582540243143534e-14,2.4791270121571767e-14,1.3454192730441085e-14,1.9071844858473412e-14,1.3454192730441085e-14,1.9083950123378825e-14,4.4999421055025024e-08
4.4794586222556576e-08,2.10278480647894e-11,3.324441376722902e-14,2.9983052072947575e-20,1.5550395917674131e-19,0.0,0.0,0.00017865435728502428,0.0088760223444121,4.184652440458626e-06,0.18816361361900902,3.546096896282732e-05,3.337274173044078e-14,3.337274173044078e-14,2.22485589956255e-14,1.6772493659636622e-14,1.2941710129652983e-14,7.073230889886872e-13,9.446821057789189e-15,7.067679774763747e-13,0.0,3.3881317890172014e-21,0.0,0.0,0.0,2.191878498348207e-12,1.1799579191422213e-12,2.1918784981496835e-12,1.1799579190353498e-12,1.3552527156068805e-20,2.710505431213761e-20,1.2344318004024195e-14,2.468863600804839e-14,1.6145031278033232e-14,1.787778744069886e-14,1.6145031278033232e-14,1.790189774068632e-14,4.4794586222556576e-08
4.456999255463186e-08,2.0989985713233205e-11,3.297768879137473e-14,4.263025185462781e-20,1.3900333564710283e-19,0.0,0.0,0.0001795544907554163,0.008884258419700284,4.184382515535925e-06,0.37659125865920057,3.545853123889403e-05,3.843678124161683e-14,3.843678124161683e-14,2.5528804649598932e-14,1.4143508351987195e-14,1.2941710129652983e-14,7.071565555349935e-13,9.864710910359903e-15,7.068789997788372e-13,0.0,3.3881317890172014e-21,0.0,0.0,0.0,2.130815879546022e-12,1.1470859690439432e-12,2.1308158794070556e-12,1.1470859689691332e-12,2.710505431213761e-20,2.710505431213761e-20,2.4586848186947386e-14,2.4586848186947386e-14,1.8835869825978702e-14,2.154977972697491e-14,1.8835869825978702e-14,2.1525768830343183e-14,4.456999255463186e-08
4.4323558920613414e-08,2.0937565046439452e-11,3.311760110940604e-14,3.020952239063103e-20,1.52921741064976e-19,0.0,0.0,0.00018036090829457417,0.008890296906097403,4.184112786867554e-06,0.3172262677421375,3.54555037678865e-05,2.5681105273142373e-14,2.5681105273142373e-14,2.2449716842891404e-14,1.8933920300142013e-14,1.2941710129652983e-14,7.05546732149287e-13,9.458505357346195e-15,7.052691763931307e-13,0.0,1.0164395367051604e-20,0.0,0.0,0.0,2.0765119433045714e-12,1.1178524327612593e-12,2.07651194317884e-12,1.117852432693574e-12,0.0,2.710505431213761e-20,0.0,2.4485896233808618e-14,1.6145031280668277e-14,3.3351693763505536e-14,1.6145031280668277e-14,3.3351693763505536e-14,4.4323558920613414e-08
4.405803584280076e-08,2.08728846531577e-11,3.295076662209872e-14,3.405030306758868e-20,1.6388513280828253e-19,0.0,0.0,0.00018109601709098133,0.008895409461810637,4.183843590374833e-06,0.33159111337000585,3.545421361895455e-05,3.896298581336418e-14,3.896298581336418e-14,2.187648812769765e-14,1.5340805096976625e-14,1.2941710129652983e-14,7.068789997788372e-13,9.403809389462622e-15,7.064349105689871e-13,0.0,6.776263578034403e-21,0.0,0.0,0.0,2.0089952738147905e-12,1.0815060618750025e-12,2.0089952739603742e-12,1.0815060619533748e-12,1.3552527156068805e-20,2.710505431213761e-20,1.2192884947340192e-14,2.4385769894680385e-14,8.072515640907921e-15,2.3266794606946092e-14,8.072515640907921e-15,2.328465550352256e-14,4.405803584280076e-08
4.377331011884283e-08,2.0794978667513995e-11,3.315577483360446e-14,3.504710774248187e-20,1.4096254751511693e-19,0.0,0.0,0.00018172389324997175,0.008894459058415604,4.183574203327946e-06,1.0180636266690783,3.5451679601385e-05,3.3985528221661647e-14,3.3985528221661647e-14,1.9616788063800994e-14,1.672493174731791e-14,1.2941710129652983e-14,7.071565555349935e-13,9.445934871086332e-15,7.067124663251434e-13,0.0,6.776263578034403e-21,0.0,0.0,0.0,1.923263628778902e-12,1.0353539902353475e-12,1.9232636286068485e-12,1.0353539901427256e-12,1.3552527156068805e-20,2.710505431213761e-20,1.2143229541323739e-14,2.4286459082647477e-14,5.38167709428733e-15,1.647183458362854e-14,5.38167709428733e-15,1.647183458362854e-14,4.377331011884283e-08
4.3472056432510976e-08,2.0707298322596293e-11,3.3143922902990365e-14,3.8332335417084355e-20,1.3969838411208693e-19,0.0,0.0,0.0001822861983752128,0.008892588541113619,4.183305620926127e-06,0.5347753889618688,3.544933567805418e-05,4.9957342553607994e-14,4.9957342553607994e-14,1.304970134721262e-14,1.532799253287852e-14,1.2941710129652983e-14,7.045475314271243e-13,9.185830231062635e-15,7.039924199148118e-13,0.0,6.776263578034403e-21,0.0,0.0,0.0,1.8516240304894945e-12,9.96788115626215e-13,1.8516240304431724e-12,9.967881156012784e-13,1.3552527156068805e-20,1.3552527156068805e-20,1.209397693722184e-14,1.209397693722184e-14,1.6145031283815585e-14,3.5733192307108e-14,1.6145031283815585e-14,3.574500298048665e-14,4.3472056432510976e-08
4.315499406746393e-08,2.060920019539881e-11,3.28910480588496e-14,2.997108517880778e-20,1.464206765400699e-19,0.0,0.0,0.00018276648174191148,0.008885927113930325,4.183037503717003e-06,3.350086803012537,3.544996688431975e-05,2.0894869524261092e-14,2.0894869524261092e-14,1.7230745948755877e-14,1.185466853265827e-14,1.2941710129652983e-14,7.030487303438804e-13,9.481677588439695e-15,7.026601522852616e-13,0.0,6.776263578034403e-21,0.0,0.0,0.0,1.7626473859987977e-12,9.48889157556857e-13,1.7626473860120326e-12,9.48889157563982e-13,2.710505431213761e-20,1.3552527156068805e-20,2.4090244507146387e-14,1.2045122253573194e-14,1.34541927372376e-14,7.181289007862891e-15,1.34541927372376e-14,7.181289007862891e-15,4.315499406746393e-08
4.282511291957102e-08,2.050161993830339e-11,3.3042007329491154e-14,3.0645740995743713e-20,1.4875320241534152e-19,0.0,0.0,0.00018318576219269247,0.008878198714401635,4.182770324510204e-06,0.8063994096819375,3.5449393777860314e-05,3.445790875648343e-14,3.445790875648343e-14,1.7386313040125568e-14,1.5315180879856952e-14,1.2941710129652983e-14,7.0038419508478e-13,9.185666695302675e-15,6.999401058749299e-13,0.0,6.776263578034403e-21,0.0,0.0,0.0,1.7345355807683124e-12,9.337556785669912e-13,1.7345355809536008e-12,9.337556786667377e-13,2.710505431213761e-20,0.0,2.3993321374951075e-14,0.0,1.614503128547854e-14,3.034935724857534e-14,1.614503128547854e-14,3.033764161172972e-14,4.282511291957102e-08
4.248311953349338e-08,2.0388186582930052e-11,3.2981239380926845e-14,4.048959248230204e-20,1.4881695786014592e-19,0.0,0.0,0.0001835324712573104,0.008869863969750445,4.182503728642215e-06,0.4210879098087877,3.544686154191562e-05,3.359635311373425e-14,3.359635311373425e-14,2.251957801553611e-14,0.0,1.2941710129652983e-14,7.000511281773925e-13,9.022729086076684e-15,6.995515278163111e-13,0.0,1.0164395367051604e-20,0.0,0.0,0.0,1.6393929111707533e-12,8.825373530418425e-13,1.6393929112766324e-12,8.825373530988405e-13,0.0,1.3552527156068805e-20,0.0,1.1948587513011602e-14,1.3454192738502657e-14,2.571195803328259e-14,1.3454192738502657e-14,2.5676951963802285e-14,4.248311953349338e-08
4.213012408799657e-08,2.026639310271641e-11,3.2518023020013085e-14,3.179477822774736e-20,1.5768939309117433e-19,0.0,0.0,0.00018381235231900944,0.008857044266448198,4.182237775198714e-06,0.28672767957327067,3.544634982035238e-05,3.4777271859900534e-14,3.4777271859900534e-14,2.0303875770590807e-14,1.4067668802704578e-14,1.2941710129652983e-14,6.954437026251981e-13,9.113143373363568e-15,6.949441022641167e-13,0.0,3.3881317890172014e-21,0.0,0.0,0.0,1.6000627099260033e-12,8.613646546212056e-13,1.6000627100914394e-12,8.613646547102651e-13,6.776263578034403e-20,4.0657581468206416e-20,5.950449039856404e-14,3.570269423913843e-14,8.072515643432896e-15,2.9020427546718464e-14,8.072515643432896e-15,2.904948284061786e-14,4.213012408799657e-08
4.176800619877231e-08,2.0138311842012124e-11,3.2764278468507285e-14,3.7728638862923e-20,1.3285243804705857e-19,0.0,0.0,0.00018404043527602497,0.008843610065048121,4.18197287496669e-06,2.089023959560142,3.5446289391423035e-05,5.356565583484163e-14,5.356565583484163e-14,2.11855522903728e-14,1.8906755292894454e-14,1.2941710129652983e-14,6.920020112488601e-13,8.926362033591624e-15,6.916689443414725e-13,0.0,6.776263578034403e-21,0.0,0.0,0.0,1.5237344852839664e-12,8.202747433016211e-13,1.5237344852839664e-12,8.202747433016211e-13,4.0657581468206416e-20,2.710505431213761e-20,3.5560763433178837e-14,2.3707175622119222e-14,1.3454192739560443e-14,2.058776585063449e-14,1.3454192739560443e-14,2.0529886272758093e-14,4.176800619877231e-08
4.140196297848682e-08,2.0005704117218384e-11,3.237837496206059e-14,3.3796508450800295e-20,1.4741204635504352e-19,0.0,0.0,0.0001842294445674997,0.008828696070332043,4.18170914753696e-06,0.9795022828162679,3.544510209915132e-05,3.602627343196982e-14,3.602627343196982e-14,2.1259861498064554e-14,1.6641707136111702e-14,1.2941710129652983e-14,6.899480986533035e-13,9.004665027941791e-15,6.894484982922222e-13,0.0,6.776263578034403e-21,0.0,0.0,0.0,1.4961611048982485e-12,8.054311155329454e-13,1.496161104832074e-12,8.054311154973215e-13,1.3552527156068805e-20,1.3552527156068805e-20,1.1806652203017405e-14,1.1806652203017405e-14,1.0763354192019306e-14,1.734123953010249e-14,1.0763354192019306e-14,1.7352769609577295e-14,4.140196297848682e-08
4.102773072330128e-08,1.9868669538024584e-11,3.2452618527644345e-14,3.512889807015026e-20,1.3538257902130818e-19,0.0,0.0,0.0001843586490093164,0.008813177145971792,4.181446391346712e-06,0.8478729829602062,3.544638097151404e-05,4.069434164430739e-14,4.069434164430739e-14,2.0730401995781365e-14,1.5853627095267317e-14,1.2941710129652983e-14,6.84452494681409e-13,9.263309128619271e-15,6.838973831690964e-13,0.0,1.0164395367051604e-20,0.0,0.0,0.0,1.514931465409101e-12,8.155357976796163e-13,1.5149314656076244e-12,8.155357977864877e-13,2.710505431213761e-20,2.710505431213761e-20,2.3520173645214318e-14,2.3520173645214318e-14,8.072515644270035e-15,3.3977203683014183e-14,8.072515644270035e-15,3.398868828794338e-14,4.102773072330128e-08
4.0651730008139397e-08,1.9728558339711158e-11,3.1843472454362544e-14,2.86492538630947e-20,1.4116477641659396e-19,0.0,0.0,0.00018445120382933741,0.008794450347567314,4.1811846190386765e-06,0.9214275030295035,3.5445312696530856e-05,2.727682214397705e-14,2.727682214397705e-14,2.0874622990898398e-14,1.661793047155374e-14,1.2941710129652983e-14,6.833422716567839e-13,9.425420959462063e-15,6.828981824469338e-13,0.0,6.776263578034403e-21,0.0,0.0,0.0,1.452414519593063e-12,7.818809370877498e-13,1.4524145197783516e-12,7.818809371874964e-13,0.0,1.3552527156068805e-20,0.0,1.1713887306509706e-14,1.883586983717891e-14,8.653972427908589e-15,1.883586983717891e-14,8.642532940231247e-15,4.0651730008139397e-08
4.026857449827975e-08,1.9582157636940258e-11,3.205950411021845e-14,4.180603169707417e-20,1.3022936007785516e-19,0.0,0.0,0.00018450188744220574,0.008777533106886766,4.180924072283407e-06,18.29949843431444,3.544666425756148e-05,5.831576255557785e-14,5.831576255557785e-14,1.1859020732941395e-14,1.660604243877666e-14,1.2941710129652983e-14,6.782907568947394e-13,9.202853666245592e-15,6.778466676848893e-13,0.0,6.776263578034403e-21,0.0,0.0,0.0,1.4214413850177235e-12,7.652071134928858e-13,1.4214413849250793e-12,7.652071134430124e-13,0.0,1.3552527156068805e-20,0.0,1.1668049359702778e-14,1.8835869837685044e-14,2.1023264903329275e-14,1.8835869837685044e-14,2.0977686009229918e-14,4.026857449827975e-08
3.988418009074206e-08,1.943699014489458e-11,3.1887762243190415e-14,2.286988957586611e-20,1.4012749970779217e-19,0.0,0.0,0.0001845126658005928,0.008756124243107155,4.180664702325211e-06,0.7047961258955359,3.5444843024687034e-05,4.233789533009326e-14,4.233789533009326e-14,1.8649550267511625e-14,1.888994817187761e-14,1.2941710129652983e-14,6.75182132425789e-13,8.980575958477242e-15,6.745715097622451e-13,0.0,1.0164395367051604e-20,0.0,0.0,0.0,1.3722548946016835e-12,7.387284610835692e-13,1.3722548945288917e-12,7.387284610443829e-13,2.710505431213761e-20,2.710505431213761e-20,2.324513750825996e-14,2.324513750825996e-14,1.0763354193230133e-14,1.9806288057966858e-14,1.0763354193230133e-14,1.9789262595452845e-14,3.988418009074206e-08
3.9496578868085446e-08,1.9285792698963368e-11,3.165231045390273e-14,3.083246467926228e-20,1.3254462028575478e-19,0.0,0.0,0.00018449591433063406,0.008737347489079068,4.180406765634695e-06,0.22883617937302136,3.5446194694380964e-05,3.761988521905468e-14,3.761988521905468e-14,1.3855394456641503e-14,1.8886603224149937e-14,1.2941710129652983e-14,6.717959522006822e-13,8.71059559243223e-15,6.712963518396009e-13,0.0,3.3881317890172014e-21,0.0,0.0,0.0,1.315400167456923e-12,7.081217529171777e-13,1.3154001673708962e-12,7.081217528708667e-13,1.3552527156068805e-20,1.3552527156068805e-20,1.1577441327400686e-14,1.1577441327400686e-14,5.381677096738841e-15,2.217718596637997e-14,5.381677096738841e-15,2.2188492204445933e-14,3.9496578868085446e-08
3.911028643076875e-08,1.913476293624441e-11,3.133971999426327e-14,2.3057350823048188e-20,1.4469397382936157e-19,0.0,0.0,0.0001844511130550808,0.008715148189208415,4.180149877698247e-06,0.16671397627877454,3.5448196996384805e-05,4.3429512934987187e-14,4.3429512934987187e-14,1.3929520030376356e-14,1.6570379548306993e-14,1.2941710129652983e-14,6.67021993194794e-13,9.256290163184316e-15,6.664668816824815e-13,0.0,3.3881317890172014e-21,0.0,0.0,0.0,1.3024149255237967e-12,7.011313841250583e-13,1.3024149255635014e-12,7.011313841464325e-13,4.0657581468206416e-20,2.710505431213761e-20,3.459798894456058e-14,2.3065325963040385e-14,8.0725156452806e-15,2.0249990629470058e-14,8.0725156452806e-15,2.0261253138162754e-14,3.911028643076875e-08
3.872161938497651e-08,1.8981869641590953e-11,3.1125771255484304e-14,3.24204557667032e-20,1.4428421136746705e-19,0.0,0.0,0.00018437148222365528,0.008694093301779985,4.179894233941408e-06,0.16937540764398498,3.544708508796529e-05,3.457917023066798e-14,3.457917023066798e-14,2.1783422882167145e-14,1.578203234054024e-14,1.2941710129652983e-14,6.628586568524497e-13,8.57908366229796e-15,6.620815007352121e-13,0.0,1.0164395367051604e-20,0.0,0.0,0.0,1.2626996909973094e-12,6.79751410040987e-13,1.2626996909708396e-12,6.797514100267376e-13,2.710505431213761e-20,1.3552527156068805e-20,2.2976459363298363e-14,1.1488229681649182e-14,1.3454192742401616e-14,3.484657517364862e-14,1.3454192742401616e-14,3.483535605736606e-14,3.872161938497651e-08
3.833407155636345e-08,1.8827637060722166e-11,3.090839764772854e-14,3.277262311991911e-20,1.2975521468647297e-19,0.0,0.0,0.00018426248772928188,0.008671396327176695,4.179639770404337e-06,0.2820856095795113,3.5447845255016426e-05,3.858741797147487e-14,3.858741797147487e-14,1.4078014368799402e-14,1.654660530475414e-14,1.2941710129652983e-14,6.59472476627343e-13,8.717004533360869e-15,6.591394097199554e-13,0.0,6.776263578034403e-21,0.0,0.0,0.0,1.2197023392361595e-12,6.566045678456063e-13,1.2197023390574885e-12,6.56604567749422e-13,1.3552527156068805e-20,2.710505431213761e-20,1.1444137454891754e-14,2.288827490978351e-14,1.0763354194120759e-14,1.6764085433601305e-14,1.0763354194120759e-14,1.6752909376645572e-14,3.833407155636345e-08
3.794675980349508e-08,1.867118923405199e-11,3.0569764683805844e-14,2.905952659224301e-20,1.3349415089213987e-19,0.0,0.0,0.0001841243383197889,0.008646982137555981,4.17938651462047e-06,0.2049056731922095,3.544978050752651e-05,3.891179951796818e-14,3.891179951796818e-14,2.190866878067207e-14,1.5758169097312255e-14,1.2941710129652983e-14,6.550870956800736e-13,8.663278205954437e-15,6.544764730165298e-13,0.0,6.776263578034403e-21,0.0,0.0,0.0,1.2733008799228492e-12,6.854583672625836e-13,1.273300879830205e-12,6.854583672127103e-13,1.3552527156068805e-20,0.0,1.1400382389111244e-14,0.0,8.072515645730472e-15,2.6180018185855167e-14,8.072515645730472e-15,2.6207851503084438e-14,3.794675980349508e-08
3.7560503819375044e-08,1.8514937706526826e-11,3.070885716507769e-14,2.9390944791484754e-20,1.2452149853107726e-19,0.0,0.0,0.00018398252535085094,0.008626028228013524,4.179134920386024e-06,0.7941561499449751,3.545129241618014e-05,2.2063666364439752e-14,2.2063666364439752e-14,1.7432893857696792e-14,1.6522831883264366e-14,1.2941710129652983e-14,6.497580251618729e-13,8.800940851746131e-15,6.492029136495603e-13,0.0,3.3881317890172014e-21,0.0,0.0,0.0,1.2405732102258075e-12,6.678400216000875e-13,1.2405732103052169e-12,6.67840021642836e-13,2.710505431213761e-20,1.3552527156068805e-20,2.2713921263546343e-14,1.1356960631773171e-14,1.883586984034383e-14,2.9202398490161104e-14,1.883586984034383e-14,2.91802166455047e-14,3.7560503819375044e-08
3.71765142904697e-08,1.8359129302738087e-11,3.040668596434677e-14,3.766202247294645e-20,1.1824881906301396e-19,0.0,0.0,0.00018379888214194436,0.008599255206052717,4.178884299294298e-06,31.56992439550968,3.545149159549418e-05,2.4599778137460306e-14,2.4599778137460306e-14,1.430121423554963e-14,1.1776993550874495e-14,1.2941710129652983e-14,6.454281553658348e-13,8.388721628425647e-15,6.449285550047534e-13,0.0,1.0164395367051604e-20,0.0,0.0,0.0,1.2344931668117017e-12,6.645669408245747e-13,1.2344931667587621e-12,6.645669407960755e-13,0.0,0.0,0.0,0.0,8.072515645984929e-15,1.874988073337298e-14,8.072515645984929e-15,1.8716734214692887e-14,3.71765142904697e-08
3.6792407111126187e-08,1.8201364790209967e-11,3.0378347545449915e-14,2.6298974893327522e-20,1.3696215470841105e-19,0.0,0.0,0.00018361304833831643,0.008576055241815365,4.178635302809881e-06,0.8855979928895058,3.545232839279817e-05,4.473532383307487e-14,4.473532383307487e-14,2.2158290188167795e-14,1.8863346822056953e-14,1.2941710129652983e-14,6.406541963599466e-13,8.526367654154736e-15,6.40099084847634e-13,0.0,1.0164395367051604e-20,0.0,0.0,0.0,1.233318043356964e-12,6.639343344883048e-13,1.2333180431849104e-12,6.639343343956829e-13,2.710505431213761e-20,1.3552527156068805e-20,2.2542203847076507e-14,1.1271101923538253e-14,1.0763354194801514e-14,3.1304121123750705e-14,1.0763354194801514e-14,3.1337142348564785e-14,3.6792407111126187e-08
3.641250842481496e-08,1.8044435987851193e-11,3.0046663745229214e-14,4.4796753052144916e-20,1.1802981086717247e-19,0.0,0.0,0.00018340804379071983,0.008551469274352129,4.178387471234588e-06,0.39754128990563226,3.545307254038684e-05,2.2520638452039617e-14,2.2520638452039617e-14,2.010825912603972e-14,1.571044518389581e-14,1.2941710129652983e-14,6.357692150515959e-13,8.162607378629898e-15,6.352696146905146e-13,0.0,1.0164395367051604e-20,0.0,0.0,0.0,1.2221999291625614e-12,6.57949099951125e-13,1.222199929083152e-12,6.579490999083764e-13,2.710505431213761e-20,1.3552527156068805e-20,2.2457315111067943e-14,1.1228657555533971e-14,8.072515646210944e-15,2.0001299759227247e-14,8.072515646210944e-15,1.9968402884623258e-14,3.641250842481496e-08
3.603448458007038e-08,1.7887143447152485e-11,2.9700126008903247e-14,2.432916914592035e-20,1.3159933264271285e-19,0.0,0.0,0.00018318176171910138,0.008526650437565475,4.1781407864357445e-06,0.48562066170788964,3.5453386906623684e-05,5.290076748468554e-14,5.290076748468554e-14,2.904952042789869e-14,3.2950575057699216e-14,1.2941710129652983e-14,6.301625887772389e-13,8.443311551239785e-15,6.2977401071862e-13,0.0,6.776263578034403e-21,0.0,0.0,0.0,1.1860694419258639e-12,6.384989093636762e-13,1.186069441793515e-12,6.384989092924285e-13,1.3552527156068805e-20,0.0,1.1186531659621256e-14,0.0,1.8835869841401608e-14,2.37662188789609e-14,1.8835869841401608e-14,2.375529439315122e-14,3.603448458007038e-08
3.565982371772142e-08,1.7730863213824334e-11,2.9291378288516964e-14,4.0374249922498175e-20,1.1514079701193471e-19,0.0,0.0,0.00018293052074841933,0.008500278416319356,4.1778953974346715e-06,1.7498789147192348,3.5453506758535214e-05,5.3047627983223184e-14,5.3047627983223184e-14,1.7678128097855702e-14,1.1757574594464803e-14,1.2941710129652983e-14,6.274425423669072e-13,8.43760819383955e-15,6.268319197033634e-13,0.0,3.3881317890172014e-21,0.0,0.0,0.0,1.196923958711946e-12,6.443422410309406e-13,1.196923958758268e-12,6.443422410558773e-13,2.710505431213761e-20,1.3552527156068805e-20,2.2289441329635928e-14,1.1144720664817964e-14,1.883586984163218e-14,2.29699523489651e-14,1.883586984163218e-14,2.2948185040413604e-14,3.565982371772142e-08
3.5285952598094875e-08,1.757386121865699e-11,2.9378041069720514e-14,3.289280983910213e-20,1.220958960270948e-19,0.0,0.0,0.00018267447145459866,0.008474937694873185,4.17765145299641e-06,3.6232809043061773,3.5455527916842686e-05,3.447489648186349e-14,3.447489648186349e-14,1.1489238805486278e-14,1.6451516605573877e-14,1.2941710129652983e-14,6.215583603363939e-13,8.098439429433498e-15,6.211142711265438e-13,0.0,3.3881317890172014e-21,0.0,0.0,0.0,1.161326869188834e-12,6.251791954000548e-13,1.1613268690763374e-12,6.251791953394942e-13,0.0,0.0,0.0,0.0,1.0763354195343848e-14,2.225551782023614e-14,1.0763354195343848e-14,2.2233831566574526e-14,3.5285952598094875e-08
3.491588552116191e-08,1.7417784453500876e-11,2.883167113374721e-14,1.9536920967917412e-20,1.2770252046998943e-19,0.0,0.0,0.00018240622902911162,0.00844967950537708,4.17740879801552e-06,0.9518227493940127,3.5456553260246015e-05,4.154013979106282e-14,4.154013979106282e-14,1.777583521043117e-14,1.3093444434719645e-14,1.2941710129652983e-14,6.184497358674435e-13,8.11676396701295e-15,6.178946243551309e-13,0.0,6.776263578034403e-21,0.0,0.0,0.0,1.1486686187352343e-12,6.183648565229369e-13,1.1486686186293552e-12,6.183648564659387e-13,0.0,0.0,0.0,0.0,2.152670839092724e-14,1.1056768242584099e-14,2.152670839092724e-14,1.1056768242584099e-14,3.491588552116191e-08
3.4550719582028045e-08,1.7262513032990907e-11,2.906892728450566e-14,2.997108517880778e-20,1.267561475609652e-19,0.0,0.0,0.0001821222925479006,0.008423219095027861,4.17716726246819e-06,0.43085060981377604,3.545678538877742e-05,3.565802556515436e-14,3.565802556515436e-14,1.27033343138986e-14,1.6427746523297313e-14,1.2941710129652983e-14,6.125655538369301e-13,7.89718889757813e-15,6.119549311733863e-13,0.0,3.3881317890172014e-21,0.0,0.0,0.0,1.1275632116170955e-12,6.070031445099142e-13,1.127563211729592e-12,6.070031445704746e-13,0.0,0.0,0.0,0.0,5.381677097789118e-15,2.7424049395385222e-14,5.381677097789118e-15,2.7424049395385222e-14,3.4550719582028045e-08
4.674755813508596e-07,6.006676250548459e-10,3.1035707296310074e-13,3.877233789845512e-18,6.032670217275873e-18,0.0,0.0,0.041820996378245254,6.755758451131653,0.0010244747662748821,0.04775541379447441,0.00876541931913575,3.3115793868778285e-14,3.3115793868778285e-14,2.0304185625803236e-14,2.3476928556425957e-14,1.2941710129652983e-14,1.1164069668723187e-11,1.1194440972857204e-12,1.1163514557210874e-11,0.0,3.3130165277839296e-12,0.0,3.3130165277839296e-12,0.0,2.1201312722189147e-12,1.141334105043242e-12,2.120131272416611e-12,1.141334105149668e-12,2.710505431213761e-20,2.710505431213761e-20,2.1961112236214667e-14,2.1961112236214667e-14,7.057731200865208e-15,1.3452422672466926e-14,7.057731200865208e-15,1.3463146006308545e-14,4.674755813508596e-07
1.773078302865863e-08,2.0531399692979343e-11,1.9999890494145394e-14,8.579212160311534e-20,3.804531897130142e-19,0.0,0.0,0.0010079785199120213,0.11841329744706737,9.644103442280542e-06,0.008701799601267279,1.6637245543157086e-05,4.09564774199201e-14,4.09564774199201e-14,2.6526018877372556e-14,2.809359186021942e-14,2.5883420259305965e-14,5.156985949383852e-13,2.2939286657602803e-14,5.150879722748414e-13,0.0,6.776263578034403e-21,0.0,0.0,0.0,1.5427711909370172e-12,8.305228075107547e-13,1.542771190908893e-12,8.305228074956145e-13,8.131516293641283e-20,5.421010862427522e-20,6.562956743665542e-14,4.375304495777028e-14,9.410308264579323e-15,2.8710625425018786e-14,9.410308264579323e-15,2.872931897705815e-14,1.773078302865863e-08
3.083506833926612e-08,1.6583380872466133e-11,2.5913304626039502e-14,5.368635779446823e-20,6.927833444970144e-20,0.0,0.0,0.00035911736497824223,0.012835577336499385,3.4452635134300665e-06,0.025008802621741797,2.3858769716761314e-05,3.3905996837347905e-14,3.3905996837347905e-14,1.3713024027622918e-14,1.6389228581896822e-14,3.7775802540599666e-14,5.598854713184664e-13,7.346390562126385e-15,5.594968932598476e-13,0.0,6.776263578034403e-21,0.0,0.0,0.0,1.37161556817498e-12,7.383842913311506e-13,1.3716155682237837e-12,7.383842913574231e-13,8.131516293641283e-20,5.421010862427522e-20,6.537741378135828e-14,4.358494252090552e-14,1.1762885327260264e-14,2.676474658346811e-14,1.1762885327260264e-14,2.6735483864810108e-14,3.083506833926612e-08
3.1150977901640905e-08,1.6520956833664685e-11,2.63191943924911e-14,4.809663112612813e-20,7.382648764337835e-20,0.0,0.0,0.0003441413957068622,0.011109599454199925,3.5005273604850843e-06,0.01394607728190323,3.075456703101675e-05,5.5725946070714865e-14,5.5725946070714865e-14,1.7443381671740288e-14,1.7140516154268684e-14,1.2941710129652983e-14,5.571099137569036e-13,7.435723475857454e-15,5.564992910933597e-13,0.0,6.776263578034403e-21,0.0,0.0,0.0,9.447978654632862e-13,5.08614744924136e-13,9.44797865484793e-13,5.086147449357138e-13,2.710505431213761e-20,2.710505431213761e-20,2.170895367226231e-14,2.170895367226231e-14,2.1173193583172416e-14,1.941693106680353e-14,2.1173193583172416e-14,1.941693106680353e-14,3.1150977901640905e-08
3.1929587932130046e-08,1.6803724439712722e-11,2.66641388060817e-14,4.082930684335199e-20,8.244883941848377e-20,0.0,0.0,0.00032922139555100497,0.0185355171981588,3.534850965897039e-06,0.06466155714844517,3.12058733004958e-05,2.6870725339663423e-14,2.6870725339663423e-14,2.6458970887209315e-14,1.712991140191793e-14,1.2941710129652983e-14,5.681011217006926e-13,9.073901066698014e-15,5.676015213396113e-13,0.0,1.0164395367051604e-20,0.0,0.0,0.0,6.644390673128113e-13,3.5768868568857817e-13,6.644390674699756e-13,3.5768868577318475e-13,2.710505431213761e-20,0.0,2.1625964864443233e-14,0.0,1.4115462385025366e-14,2.606658405859187e-14,1.4115462385025366e-14,2.6074503822838965e-14,3.1929587932130046e-08
3.275080784266173e-08,1.7200264129024262e-11,2.685133545037782e-14,4.608263195769919e-20,9.470914719984255e-20,0.0,0.0,0.00030971382583914385,0.02998958861627706,3.567392466355096e-06,0.20095872430100298,3.145852091060031e-05,4.13571236039939e-14,4.13571236039939e-14,2.0591967237862436e-14,1.3758187353527743e-14,2.329507823337016e-14,5.808131753326506e-13,1.0588905566281753e-14,5.805356195764944e-13,0.0,6.776263578034403e-21,0.0,0.0,0.0,5.938457085272404e-13,3.1968603508515486e-13,5.938457086513175e-13,3.1968603515194954e-13,2.710505431213761e-20,2.710505431213761e-20,2.1543500045034996e-14,2.1543500045034996e-14,1.4115462381479733e-14,2.1967177036958105e-14,1.4115462381479733e-14,2.1996105439616618e-14,3.275080784266173e-08
3.351539986146546e-08,1.7645659409300124e-11,2.7792854074943428e-14,4.669497200437554e-20,1.0424465274129389e-19,0.0,0.0,0.00028628279668700717,0.045869195318720184,3.5983408084929665e-06,0.1342166777638118,3.1695713651241855e-05,4.0479858097708635e-14,4.0479858097708635e-14,2.5431816751946853e-14,1.3746912542504812e-14,2.5883420259305965e-14,5.974110095507967e-13,1.270065472558369e-14,5.968558980384842e-13,0.0,1.0164395367051604e-20,0.0,0.0,0.0,6.03168309246591e-13,3.2470468760357297e-13,6.031683092085407e-13,3.247046875830893e-13,2.710505431213761e-20,2.710505431213761e-20,2.1461554479128216e-14,2.1461554479128216e-14,1.411546237818773e-14,3.113693561102533e-14,1.411546237818773e-14,3.110811724403154e-14,3.351539986146546e-08
3.4213325319968646e-08,1.8121685001321535e-11,2.789859245605516e-14,5.787511835382686e-20,1.1661009016337813e-19,0.0,0.0,0.00026006369552585647,0.06981004469166364,3.6278078245277323e-06,0.21909314791390466,3.192323895843452e-05,3.834410926287786e-14,3.834410926287786e-14,1.7910969295019778e-14,1.7097467460350525e-14,2.5883420259305965e-14,6.123990203832363e-13,1.4456286707347793e-14,6.117328865684613e-13,0.0,3.3881317890172014e-21,0.0,0.0,0.0,6.484874450258823e-13,3.4910141999168333e-13,6.484874449812146e-13,3.4910141996763723e-13,5.421010862427522e-20,2.710505431213761e-20,4.276024697604176e-14,2.138012348802088e-14,1.1762885312649967e-14,1.6390241819887102e-14,1.1762885312649967e-14,1.636414270870894e-14,3.4213325319968646e-08
3.485967005810065e-08,1.8629004507065517e-11,2.8733389089349e-14,5.639134171726968e-20,1.3498714972774882e-19,0.0,0.0,0.0003425724746974419,0.11176990216352259,3.7855699339315e-06,0.016716789096663007,3.214133727287252e-05,3.858239251890797e-14,3.858239251890797e-14,2.0644662393663583e-14,1.9201731957217962e-14,1.2941710129652983e-14,6.287192988452261e-13,1.6689655943014532e-14,6.282196984841448e-13,0.0,1.0164395367051604e-20,0.0,0.0,0.0,6.568782264059749e-13,3.536184445186783e-13,6.568782264994463e-13,3.5361844456899693e-13,5.421010862427522e-20,2.710505431213761e-20,4.259840489677908e-14,2.129920244838954e-14,1.176288531039375e-14,3.369642692228593e-14,1.176288531039375e-14,3.3701626988168994e-14,3.485967005810065e-08
3.547022585550372e-08,1.9169063430601426e-11,2.8981180686006603e-14,6.273630378282327e-20,1.4663366048888838e-19,0.0,0.0,0.0007780651416628587,0.20820697002120436,4.128652122625324e-06,0.5191434792173995,3.2348217055778884e-05,2.9157082881281293e-14,2.9157082881281293e-14,1.807605742949037e-14,2.2241733078779073e-14,2.11773438485187e-14,6.45705711121991e-13,1.854486077398224e-14,6.449840661559847e-13,0.0,6.776263578034403e-21,0.0,0.0,0.0,7.22188916507038e-13,3.887772665279585e-13,7.221889164493422e-13,3.88777266496899e-13,2.710505431213761e-20,0.0,2.121878679147515e-14,0.0,9.410308246713158e-15,1.9338556077856363e-14,9.410308246713158e-15,1.932819521202306e-14,3.547022585550372e-08
3.605374637434413e-08,1.97410591317798e-11,2.963193364121826e-14,7.053623639187151e-20,1.6622268870077023e-19,0.0,0.0,0.0028645355240409023,0.6978589344756383,4.47578179533387e-06,0.02552985807909133,3.254524020316476e-05,3.8248645644170094e-14,3.8248645644170094e-14,2.1178858234838806e-14,1.370185080139525e-14,1.2941710129652983e-14,6.59694521232268e-13,2.030032066465891e-14,6.591949208711867e-13,0.0,3.3881317890172014e-21,0.0,0.0,0.0,7.512763479187683e-13,4.0443595612578036e-13,7.512763477367885e-13,4.0443595602781484e-13,2.710505431213761e-20,0.0,2.1138872002283102e-14,0.0,9.410308245311728e-15,2.2586776157388285e-14,9.410308245311728e-15,2.2566132468452024e-14,3.605374637434413e-08
3.6618732821031325e-08,2.0345457057321055e-11,3.0283660712106824e-14,7.410237373705631e-20,1.8660984552160645e-19,0.0,0.0,0.00363953041932598,0.7066918510512227,4.827195700623551e-06,0.3396460127721341,3.273309642911586e-05,4.1813893003231755e-14,4.1813893003231755e-14,2.149675373450226e-14,1.91913367256198e-14,2.025658976814848e-14,6.744049763085513e-13,2.2714186601165377e-14,6.738498647962388e-13,0.0,6.776263578034403e-21,0.0,0.0,0.0,7.896390259932297e-13,4.250878060470137e-13,7.896390260594042e-13,4.250878060826375e-13,2.710505431213761e-20,2.710505431213761e-20,2.10594536187974e-14,2.10594536187974e-14,1.1762885305130527e-14,2.6545733567270094e-14,1.1762885305130527e-14,2.6563728931880876e-14,3.6618732821031325e-08
3.717636000664156e-08,2.0981095837510667e-11,3.03271294106436e-14,8.063541229520693e-20,2.0194271614637884e-19,0.0,0.0,0.0013659203713994705,0.25677873311494215,5.181980454054505e-06,0.058580816619551994,3.291170986780373e-05,5.4774400066005456e-14,5.4774400066005456e-14,2.1851498242668964e-14,2.6210600384281636e-14,2.5883420259305965e-14,6.89392987140991e-13,2.4785878085306593e-14,6.888933867799096e-13,0.0,6.776263578034403e-21,0.0,0.0,0.0,8.560010869511e-13,4.608126144325376e-13,8.560010867736698e-13,4.608126143370211e-13,0.0,2.710505431213761e-20,0.0,2.09805272312085e-14,1.4115462364624218e-14,2.6925177434006344e-14,1.4115462364624218e-14,2.6971277804387024e-14,3.717636000664156e-08
3.7728040621716596e-08,2.1648936507982352e-11,3.037885472612905e-14,9.831079974939528e-20,2.1185930240010986e-19,0.0,0.0,0.0009172033246940143,0.16378214996096824,5.539659688315179e-06,0.27045593972018755,3.3083392400778844e-05,5.565319449908749e-14,5.565319449908749e-14,1.6212041878117468e-14,1.9184433867291886e-14,1.2941710129652983e-14,7.048805983345119e-13,2.6631828685401556e-14,7.044920202758931e-13,0.0,1.0164395367051604e-20,0.0,0.0,0.0,8.731097954278181e-13,4.700227764322152e-13,8.731097952801664e-13,4.700227763527296e-13,5.421010862427522e-20,0.0,4.1804176962309256e-14,0.0,1.1762885302796928e-14,4.000840638318283e-14,1.1762885302796928e-14,3.996758147871019e-14,3.7728040621716596e-08
3.827410267845076e-08,2.234553341814816e-11,3.11918339329039e-14,9.464053431093403e-20,2.354482627372381e-19,0.0,0.0,0.0007225346973723516,0.12328355291610163,5.900605350947379e-06,1.8682206008620657,3.32484320948938e-05,2.270000063314548e-14,2.270000063314548e-14,2.2683017981467237e-14,1.91809907829073e-14,2.5883420259305965e-14,7.198130980157202e-13,2.928000992646659e-14,7.193134976546389e-13,0.0,3.3881317890172014e-21,0.0,0.0,0.0,7.898341416856567e-13,4.251928430308619e-13,7.898341416658044e-13,4.2519284302017477e-13,0.0,0.0,0.0,0.0,9.41030824155889e-15,1.9644887997090295e-14,9.41030824155889e-15,1.9655056158579472e-14,3.827410267845076e-08
3.881923795752448e-08,2.3070009770264696e-11,3.155436654184333e-14,9.80751592753223e-20,2.5255243116975184e-19,0.0,0.0,0.0006121937203582169,0.10042374039776335,6.263773363504172e-06,1.064340282389098,3.340246828541504e-05,3.722282294942661e-14,3.722282294942661e-14,1.8294526254913607e-14,2.6422766538049806e-14,1.2941710129652983e-14,7.353007092092412e-13,3.146196612407951e-14,7.346900865456973e-13,0.0,6.776263578034403e-21,0.0,0.0,0.0,7.911869601286424e-13,4.259211082317692e-13,7.911869600872833e-13,4.2592110820950434e-13,2.710505431213761e-20,0.0,2.0746656712983346e-14,0.0,0.0,1.8340963886845896e-14,0.0,1.8330833556060562e-14,3.881923795752448e-08
3.936693998981961e-08,2.3822211124019414e-11,3.179500225747461e-14,1.0815042749547682e-19,2.6854910263135306e-19,0.0,0.0,0.0005402326875726499,0.08563973578887275,6.630197821242597e-06,0.2082362745695737,3.355374117370732e-05,3.0133912041608193e-14,3.0133912041608193e-14,1.5065551986323444e-14,1.6223412486547167e-14,1.2941710129652983e-14,7.520095657298498e-13,3.383941924206972e-14,7.51620987671231e-13,0.0,3.3881317890172014e-21,0.0,0.0,0.0,7.898813272832628e-13,4.252182445390237e-13,7.8988132716084e-13,4.2521824447311966e-13,5.421010862427522e-20,2.710505431213761e-20,4.133931045747159e-14,2.0669655228735796e-14,7.057731180497502e-15,1.2383782104724993e-14,7.057731180497502e-15,1.2409013934604222e-14,3.936693998981961e-08
3.991400529244073e-08,2.459902883106671e-11,3.2139997806781095e-14,1.1673085171642477e-19,2.9036607733230754e-19,0.0,0.0,0.0004890962768432189,0.07520595061868955,6.998256785741604e-06,1.747829810169613,3.369740871454567e-05,5.0357187557826235e-14,5.0357187557826235e-14,2.457682019633884e-14,1.917069517701691e-14,1.7919290948747075e-14,7.666645096549018e-13,3.6003067377321184e-14,7.659983758401268e-13,0.0,1.0164395367051604e-20,0.0,0.0,0.0,7.492713856622522e-13,4.0335662116540755e-13,7.492713856175844e-13,4.033566211413614e-13,0.0,2.710505431213761e-20,0.0,2.05931244483355e-14,1.176288530053554e-14,2.2503902297804897e-14,1.176288530053554e-14,2.251395766076191e-14,3.991400529244073e-08
4.046198512483944e-08,2.5397535136448418e-11,3.227437619167794e-14,1.19920243188923e-19,3.094577571324739e-19,0.0,0.0,0.00045042093938299174,0.06741697231488647,7.3679522506133575e-06,5.966670444322284,3.383397752630315e-05,3.263100978911652e-14,3.263100978911652e-14,1.8250498194878406e-14,3.455218958700153e-14,1.2941710129652983e-14,7.834288773267417e-13,3.8644300265771255e-14,7.829847881168917e-13,0.0,1.0164395367051604e-20,0.0,0.0,0.0,6.991299091445461e-13,3.7636386935953047e-13,6.991299090155059e-13,3.76363869290064e-13,0.0,0.0,0.0,0.0,7.057731180243141e-15,1.3539626753836833e-14,7.057731180243141e-15,1.352459942114667e-14,4.046198512483944e-08
4.1011068638106465e-08,2.6218908657241216e-11,3.283797798425293e-14,1.214429334186466e-19,3.287924122194397e-19,0.0,0.0,0.0004200532215149864,0.061371041477889174,7.739893991092666e-06,0.08748847895612982,3.3967448992503443e-05,4.2874405768145614e-14,4.2874405768145614e-14,2.1466379958019297e-14,1.6961172686182093e-14,1.2941710129652983e-14,7.99860178091194e-13,4.0924753490787484e-14,7.993050665788815e-13,0.0,6.776263578034403e-21,0.0,0.0,0.0,6.028282997481639e-13,3.2452164967489314e-13,6.028282999996268e-13,3.245216498102636e-13,2.710505431213761e-20,0.0,2.0441458598034504e-14,0.0,9.410308240342934e-15,2.0526556768149555e-14,9.410308240342934e-15,2.0526556768149555e-14,4.1011068638106465e-08
4.1562025117191286e-08,2.7059067101964682e-11,3.363467331985049e-14,1.305860011365575e-19,3.4694639967769654e-19,0.0,0.0,0.0003953703137233786,0.056497276824287034,8.113525255812381e-06,0.4695648597365776,3.409264622785015e-05,3.8722857229567947e-14,3.8722857229567947e-14,1.4754393984452493e-14,2.6785427336240388e-14,1.6941875078815565e-14,8.154033004359462e-13,4.3004364373066045e-14,8.148481889236336e-13,0.0,1.0164395367051604e-20,0.0,0.0,0.0,5.239162266398288e-13,2.8204077053388286e-13,5.239162265604195e-13,2.8204077049113433e-13,2.710505431213761e-20,2.710505431213761e-20,2.0366315444849046e-14,2.0366315444849046e-14,2.1173193541074185e-14,1.6005857911587806e-14,2.1173193541074185e-14,1.6010830219109267e-14,4.1562025117191286e-08
4.2112155630294124e-08,2.7916371397474348e-11,3.390754530379441e-14,1.3699497787826171e-19,3.679649022797548e-19,0.0,0.0,0.000374810679682193,0.052478700652383914,8.488505188659286e-06,0.3121428258113846,3.421515555244998e-05,5.4285429979522506e-14,5.4285429979522506e-14,1.8832765182897197e-14,1.9529646234208685e-14,1.663934159526533e-14,8.348877145181177e-13,4.5885033879176447e-14,8.342215807033426e-13,0.0,6.776263578034403e-21,0.0,0.0,0.0,5.069532649586225e-13,2.729090686704217e-13,5.069532648775588e-13,2.729090686267825e-13,2.710505431213761e-20,5.421010862427522e-20,2.0291626827609117e-14,4.0583253655218235e-14,1.8820616481441856e-14,2.0663437553042e-14,1.8820616481441856e-14,2.0673345698596082e-14,4.2112155630294124e-08
4.266441128639685e-08,2.8791946638200106e-11,3.4259555964606135e-14,1.456016129114809e-19,3.8949728420271865e-19,0.0,0.0,0.0003572962348773764,0.04910796497382292,8.864618078669048e-06,0.07171848564538208,3.433322300687522e-05,2.887743261186784e-14,2.887743261186784e-14,1.7673630281305377e-14,1.9153648662874056e-14,1.2941710129652983e-14,8.550382624150643e-13,4.8249045606206913e-14,8.544831509027517e-13,0.0,6.776263578034403e-21,0.0,0.0,0.0,7.214091532422279e-13,3.8835749515830326e-13,7.214091532157581e-13,3.8835749514405373e-13,2.710505431213761e-20,0.0,2.0217388818930984e-14,0.0,7.057731180800568e-15,2.0701366104719802e-14,7.057731180800568e-15,2.0721109896903605e-14,4.266441128639685e-08
4.321951089299179e-08,2.968288264925151e-11,3.486148913438102e-14,1.45817650577116e-19,4.108311651110277e-19,0.0,0.0,0.0003421870786414548,0.0462217611512793,9.241805944272628e-06,0.5381271844202185,3.44460594421821e-05,3.315509568144417e-14,3.315509568144417e-14,1.8082353840382244e-14,1.9150256359570986e-14,2.5883420259305965e-14,8.744671653460045e-13,5.0816206331129805e-14,8.739675649849232e-13,0.0,6.776263578034403e-21,0.0,0.0,0.0,8.903143851481203e-13,4.792845543552902e-13,8.903143849893016e-13,4.79284554269793e-13,0.0,2.710505431213761e-20,0.0,2.0143597535974625e-14,7.057731181133612e-15,2.3227394631762826e-14,7.057731181133612e-15,2.324706636128369e-14,4.321951089299179e-08
4.3772346768230614e-08,3.0587371136458734e-11,3.4834253660920856e-14,1.5274390390197447e-19,4.27078847999783e-19,0.0,0.0,0.000328954734360471,0.043721363197632875,9.619782304069625e-06,0.04581090954211547,3.455222498073724e-05,3.267611679168304e-14,3.267611679168304e-14,1.6331680890670115e-14,1.6902369542700604e-14,1.2941710129652983e-14,8.953948693601887e-13,5.38758297817374e-14,8.947842466966449e-13,0.0,6.776263578034403e-21,0.0,0.0,0.0,1.005438909768352e-12,5.41259748060369e-13,1.0054389096260769e-12,5.412597479837779e-13,5.421010862427522e-20,5.421010862427522e-20,4.014049827963262e-14,4.014049827963262e-14,1.646803942358432e-14,2.4421723815447042e-14,1.646803942358432e-14,2.4451123964502558e-14,4.3772346768230614e-08
4.4326286168718806e-08,3.1503858578891655e-11,3.5549334313937033e-14,1.5961121704340754e-19,4.527644394977615e-19,0.0,0.0,0.00033021161741524666,0.0415294467122259,9.998715227858711e-06,0.04109015093475786,3.465632930168428e-05,4.57017032375601e-14,4.57017032375601e-14,1.5310606266038163e-14,1.3580013071684631e-14,1.5530052155581115e-14,9.153233726522103e-13,5.64323344992144e-14,9.147127499886665e-13,0.0,1.0164395367051604e-20,0.0,0.0,0.0,1.1978381922466477e-12,6.44834402024367e-13,1.1978381922168692e-12,6.448344020083364e-13,8.131516293641283e-20,5.421010862427522e-20,5.99920195044954e-14,3.99946796696636e-14,7.057731182004792e-15,2.6315190089377606e-14,7.057731182004792e-15,2.6271250068820204e-14,4.4326286168718806e-08
4.488100117191968e-08,3.243231308365903e-11,3.593432813755361e-14,1.7377237538415857e-19,4.713147690222333e-19,0.0,0.0,0.000333081442368515,0.03959098765321241,1.0378229687952277e-05,0.08560830950895011,3.475659417082858e-05,5.298661630269135e-14,5.298661630269135e-14,1.6839829779567754e-14,1.3618223018681527e-14,1.52754611366372e-14,9.357514763053132e-13,5.95461189652938e-14,9.351963647930006e-13,0.0,1.3552527156068805e-20,0.0,0.0,0.0,1.3588912956739e-12,7.315344106857178e-13,1.3588912956209604e-12,7.315344106572187e-13,5.421010862427522e-20,0.0,3.9849731736179594e-14,0.0,1.1762885304227475e-14,2.4483181781707504e-14,1.1762885304227475e-14,2.444913006852015e-14,4.488100117191968e-08
4.54368953121073e-08,3.3371860672448535e-11,3.657338202047191e-14,1.7758677517965296e-19,4.908146981283413e-19,0.0,0.0,0.00033579325401910694,0.03785643495302183,1.0757922335928216e-05,0.6347646195724911,3.485378024793683e-05,4.6696744801027335e-14,4.6696744801027335e-14,1.555656922890668e-14,1.9136744067237704e-14,1.5029082731207594e-14,9.555689572948722e-13,6.174758927609845e-14,9.549583346313284e-13,0.0,6.776263578034403e-21,0.0,0.0,0.0,1.5082375666652464e-12,8.119322590534071e-13,1.5082375668703872e-12,8.119322591638409e-13,2.710505431213761e-20,2.710505431213761e-20,1.9852823528755667e-14,1.9852823528755667e-14,2.1173193549385096e-14,2.080307413469963e-14,2.1173193549385096e-14,2.0837002727183995e-14,4.54368953121073e-08
4.599017261097459e-08,3.4318557577199973e-11,3.700329371585716e-14,1.8253510881422562e-19,5.127279282024651e-19,0.0,0.0,0.00033833510116761947,0.03629636778291809,1.1137967225349542e-05,0.6362981930712265,3.494758416887571e-05,3.558023510285989e-14,3.558023510285989e-14,1.877588766473338e-14,1.7318632856320644e-14,1.4790525862458298e-14,9.783840404509192e-13,6.47937228681177e-14,9.777179066361441e-13,0.0,6.776263578034403e-21,0.0,0.0,0.0,1.5728393733946723e-12,8.467094665942141e-13,1.5728393733516589e-12,8.467094665710587e-13,2.710505431213761e-20,2.710505431213761e-20,1.9781209147505064e-14,1.9781209147505064e-14,7.0577311837777864e-15,2.7484443172954666e-14,7.0577311837777864e-15,2.7489272630549632e-14,4.599017261097459e-08
4.65452091370939e-08,3.527501571798199e-11,3.773117082619121e-14,1.8840724275971595e-19,5.353413708810634e-19,0.0,0.0,0.0003407374115184528,0.03488040567861869,1.151769409073099e-05,0.2625614422294903,3.503686844796479e-05,2.350336361071269e-14,2.350336361071269e-14,1.5175235881657038e-14,1.606993484044761e-14,2.5883420259305965e-14,9.975353876257032e-13,6.728547315004453e-14,9.96869253810928e-13,0.0,3.3881317890172014e-21,0.0,0.0,0.0,1.704292250206477e-12,9.17474731687604e-13,1.7042922502561078e-12,9.174747317143218e-13,0.0,2.710505431213761e-20,0.0,1.9710019095947342e-14,1.411546236896456e-14,1.6991443900920056e-14,1.411546236896456e-14,1.697219559290429e-14,4.65452091370939e-08
4.709854944235142e-08,3.6237822964534094e-11,3.797989237135176e-14,2.0270517814986168e-19,5.522685943536889e-19,0.0,0.0,0.0003429485030344019,0.03359405347735552,1.1897941250279336e-05,0.2388694199281863,3.512178822214687e-05,4.459904802014702e-14,4.459904802014702e-14,2.1372217363868918e-14,1.6830815654951228e-14,1.2941710129652983e-14,1.017741446673881e-12,7.018671777339522e-14,1.0173528686152622e-12,0.0,1.3552527156068805e-20,0.0,0.0,0.0,1.805322302604135e-12,9.71862422651223e-13,1.8053223025644303e-12,9.718624226298487e-13,2.710505431213761e-20,0.0,1.963924978605845e-14,0.0,4.705154123493092e-15,2.0694353064121858e-14,4.705154123493092e-15,2.070394266239068e-14,4.709854944235142e-08
4.7652753558941736e-08,3.720888599552999e-11,3.86367582116077e-14,1.978071310186115e-19,5.765512075445409e-19,0.0,0.0,0.000345026794738492,0.032410485833717605,1.2277550429205144e-05,0.10852465309270788,3.520619956463497e-05,3.9512317894357647e-14,3.9512317894357647e-14,2.1525264129134253e-14,1.9123323328459438e-14,1.4118229232346635e-14,1.0385581283856027e-12,7.238209073992214e-14,1.0379475057220588e-12,0.0,6.776263578034403e-21,0.0,0.0,0.0,1.8901945581755897e-12,1.0175518576050657e-12,1.8901945582616165e-12,1.0175518576513765e-12,2.710505431213761e-20,0.0,1.956889766962334e-14,0.0,7.0577311860477944e-15,2.0070794727535205e-14,7.0577311860477944e-15,2.0051684235054808e-14,4.7652753558941736e-08
4.820358422288918e-08,3.8182763853096203e-11,3.9406740297251535e-14,2.0939067346352105e-19,5.932831678005978e-19,0.0,0.0,0.000346918849062014,0.031322973454897776,1.2656964776568074e-05,0.07631760788452305,3.5287721188623526e-05,6.232187483326937e-14,6.232187483326937e-14,1.729552495251887e-14,2.5574191907068577e-14,2.7815018786115814e-14,1.0587641874337805e-12,7.540435443426009e-14,1.0580980536190054e-12,0.0,1.0164395367051604e-20,0.0,0.0,0.0,1.922742895342929e-12,1.0350736628622676e-12,1.922742895561305e-12,1.0350736629798262e-12,5.421010862427522e-20,2.710505431213761e-20,3.8997918475375086e-14,1.9498959237687543e-14,2.3525770623016134e-14,1.3381900721219647e-14,2.3525770623016134e-14,1.3358097980698091e-14,4.820358422288918e-08
4.8754522051266056e-08,3.916343649300409e-11,3.983794422783791e-14,2.150930055786171e-19,6.230881229662301e-19,0.0,0.0,0.00034865749156624045,0.03366038292846675,1.303633664971598e-05,0.028976465645102475,3.536589105027825e-05,4.0205282977657544e-14,4.0205282977657544e-14,1.90745538940358e-14,1.911664751398492e-14,3.882513038895895e-14,1.0811906925312087e-12,7.812911854278821e-14,1.0807466033213586e-12,0.0,1.0164395367051604e-20,0.0,0.0,0.0,2.022819336087776e-12,1.0889479943388738e-12,2.022819336114246e-12,1.0889479943531235e-12,2.710505431213761e-20,2.710505431213761e-20,1.942943102001767e-14,1.942943102001767e-14,2.3525770626030024e-14,1.4572256992702657e-14,2.3525770626030024e-14,1.4534308406784162e-14,4.8754522051266056e-08
4.930431857441106e-08,4.0148396953855145e-11,4.019831497895735e-14,2.2607093556614705e-19,6.383527317342684e-19,0.0,0.0,0.0003502263389543082,0.03857932690374306,1.3414741147296723e-05,0.04603717923574151,3.544028861326513e-05,3.732530023547377e-14,3.732530023547377e-14,1.871197202761678e-14,1.6782652317431243e-14,1.3504393178766416e-14,1.1054490656192684e-12,8.125912906102098e-14,1.1048939541069558e-12,0.0,6.776263578034403e-21,0.0,0.0,0.0,2.094065023489433e-12,1.1273018141868572e-12,2.094065023456346e-12,1.1273018141690452e-12,5.421010862427522e-20,2.710505431213761e-20,3.872061916914205e-14,1.9360309584571026e-14,1.411546237751729e-14,2.922989850683845e-14,1.411546237751729e-14,2.9220445111461076e-14,4.930431857441106e-08
4.985294858089341e-08,4.113534496052692e-11,4.0785210514192923e-14,2.2917681315835576e-19,6.641863000477814e-19,0.0,0.0,0.0003671636461811192,0.044829387142384436,1.3792836357580698e-05,0.027837316772009818,3.551402841707702e-05,1.8836005048832937e-14,1.8836005048832937e-14,1.8884862822357674e-14,1.599924209496864e-14,1.3311473276212632e-14,1.1263767696334526e-12,8.403770806229222e-14,1.1257106358186775e-12,0.0,1.3552527156068805e-20,0.0,0.0,0.0,2.1877989460265663e-12,1.1777617663572456e-12,2.1877989459736267e-12,1.1777617663287465e-12,5.421010862427522e-20,5.421010862427522e-20,3.8583183073947145e-14,3.8583183073947145e-14,1.1762885316253682e-14,3.01529118234409e-14,1.1762885316253682e-14,3.0157621744063116e-14,4.985294858089341e-08
5.03989618691849e-08,4.212500628490794e-11,4.158418850960877e-14,2.3732194450357256e-19,6.786652475356059e-19,0.0,0.0,0.00043826672608946886,0.0530423712729882,1.4170474693644264e-05,0.024468863251346045,3.558289866587693e-05,3.647908230620237e-14,3.647908230620237e-14,1.6859046290609928e-14,1.675845782078389e-14,1.2941710129652983e-14,1.148636741277187e-12,8.679421348006678e-14,1.1481926520673369e-12,0.0,6.776263578034403e-21,0.0,0.0,0.0,2.230590702448722e-12,1.200797930041674e-12,2.2305907025281314e-12,1.2007979300844225e-12,2.710505431213761e-20,5.421010862427522e-20,1.9223273520006743e-14,3.8446547040013486e-14,2.1173193572364447e-14,1.5342205550666915e-14,2.1173193572364447e-14,1.5304659620900828e-14,5.03989618691849e-08
2.160859134782845e-08,1.1125332825958553e-11,1.9563093711701365e-14,3.9314101477550383e-20,5.61881431426076e-20,0.0,0.0,0.0001716114902582808,0.007902495215192326,4.12757148567896e-06,0.05297781285805317,3.597736464859758e-05,1.981077576827632e-14,1.981077576827632e-14,1.980065805436439e-14,1.5975598229900027e-14,1.2941710129652983e-14,4.177769241664464e-13,4.246017957852029e-15,4.1722181265413383e-13,0.0,3.3881317890172014e-21,0.0,0.0,0.0,2.1978917492304375e-12,1.1831950433731623e-12,2.197891749309847e-12,1.1831950434159107e-12,2.710505431213761e-20,2.710505431213761e-20,1.9155352213102362e-14,1.9155352213102362e-14,9.410308255456673e-15,1.461923501374236e-14,9.410308255456673e-15,1.461455835506874e-14,2.160859134782845e-08
2.0707341592653502e-08,1.0746229497593592e-11,1.8997145527340913e-14,4.854023535484209e-20,6.27294271349273e-20,0.0,0.0,0.00016675455326910013,0.0077349105153247,4.127620636155429e-06,0.027833942309804623,3.530232687827297e-05,3.397457960973929e-14,3.397457960973929e-14,1.9834756384042096e-14,2.3215792248494547e-14,1.2941710129652983e-14,4.0600856010541975e-13,3.808089626579176e-15,4.0573100434926346e-13,0.0,3.3881317890172014e-21,0.0,0.0,0.0,2.214643975038595e-12,1.1922132994126704e-12,2.214643974919481e-12,1.1922132993485475e-12,0.0,2.710505431213761e-20,0.0,1.9087909186985977e-14,1.6468039448801458e-14,3.996581427466552e-14,1.6468039448801458e-14,3.9942513310186356e-14,2.0707341592653502e-08
2.0628574383306257e-08,1.0768293881390954e-11,1.8828511842712325e-14,3.435447013989495e-20,5.2429720884851276e-20,0.0,0.0,0.00016732712847015798,0.0077463603298630335,4.12700679974674e-06,0.39853312863449575,3.516716697562074e-05,2.7308212542024652e-14,2.7308212542024652e-14,1.83896114118407e-14,1.9096762292996715e-14,1.2941710129652983e-14,4.0706327197881365e-13,3.783913042797112e-15,4.0639713816403855e-13,0.0,6.776263578034403e-21,0.0,0.0,0.0,2.166700312502516e-12,1.1664037007853879e-12,2.1667003124826638e-12,1.1664037007747008e-12,2.710505431213761e-20,2.710505431213761e-20,1.9020939407524416e-14,1.9020939407524416e-14,1.1762885321743802e-14,2.7380096312745106e-14,1.1762885321743802e-14,2.74033155260361e-14,2.0628574383306257e-08
2.054161162784642e-08,1.0774523531686401e-11,1.9371562529340324e-14,4.4756695141019776e-20,5.481434042464118e-20,0.0,0.0,0.00016769803486241144,0.0077415474096979384,4.126785042814045e-06,0.0852298488138658,3.51634492170424e-05,3.980706275138707e-14,3.980706275138707e-14,1.990000453907323e-14,1.6710803837970456e-14,1.2941710129652983e-14,4.0650816046650107e-13,4.064022486739767e-15,4.059530489541885e-13,0.0,3.3881317890172014e-21,0.0,0.0,0.0,2.115732361423861e-12,1.138966031433259e-12,2.1157323614172437e-12,1.1389660314296966e-12,2.710505431213761e-20,2.710505431213761e-20,1.8954437910986393e-14,1.8954437910986393e-14,2.3525770645666458e-15,8.834101283568701e-15,2.3525770645666458e-15,8.834101283568701e-15,2.054161162784642e-08
2.0459101547530383e-08,1.0773694007462226e-11,1.916429539959086e-14,5.573869400760103e-20,4.604227330669049e-20,0.0,0.0,0.00016802822484741087,0.007732416762897047,4.126564629253914e-06,0.09316911343378817,3.516205234708422e-05,3.987064195456681e-14,3.987064195456681e-14,1.678385453346071e-14,1.592809595328212e-14,1.2941710129652983e-14,4.0573100434926346e-13,3.692205132037507e-15,4.052869151394134e-13,0.0,6.776263578034403e-21,0.0,0.0,0.0,2.0752699411331653e-12,1.1171838234843964e-12,2.075269941159635e-12,1.117183823498646e-12,2.710505431213761e-20,2.710505431213761e-20,1.8888399802816038e-14,1.8888399802816038e-14,0.0,3.067559138727439e-14,0.0,3.0661756935355895e-14,2.0459101547530383e-08
2.0377185352319927e-08,1.076819071324784e-11,1.912010672824892e-14,4.2351647362715017e-20,5.644713401078822e-20,0.0,0.0,0.00016834796544332493,0.007720599054106284,4.126344463234165e-06,0.05683344977704277,3.516002259299745e-05,1.99674845547761e-14,1.99674845547761e-14,1.8345572393883337e-14,1.6687145202849494e-14,1.2941710129652983e-14,4.0445424787094453e-13,3.8851889359061224e-15,4.040656698123257e-13,0.0,6.776263578034403e-21,0.0,0.0,0.0,1.981703891427642e-12,1.066814242599285e-12,1.981703891427642e-12,1.066814242599285e-12,0.0,0.0,0.0,0.0,7.057731194858252e-15,2.3156589211629625e-14,7.057731194858252e-15,2.3170375631084855e-14,2.0377185352319927e-08
2.0300137891630506e-08,1.0760090489968622e-11,1.9250767832241355e-14,5.248871197447825e-20,6.132256211317875e-20,0.0,0.0,0.00016867348243998132,0.007711851469210595,4.126124475982406e-06,0.06918916422728841,3.515670370574582e-05,3.717413675560906e-14,3.717413675560906e-14,1.9997641563243896e-14,2.6662358986630535e-14,1.2941710129652983e-14,4.0695224967635113e-13,3.861011845366359e-15,4.0628611586157604e-13,0.0,5.082197683525802e-21,0.0,0.0,0.0,1.9290713657259963e-12,1.0384804797776158e-12,1.9290713657723184e-12,1.0384804798025524e-12,2.710505431213761e-20,2.710505431213761e-20,1.8757694512051878e-14,1.8757694512051878e-14,9.410308260486963e-15,2.4647262550780777e-14,9.410308260486963e-15,2.4642682977657256e-14,2.0300137891630506e-08
2.0221401823379375e-08,1.0749393923017051e-11,1.9194420442654988e-14,4.325677096385109e-20,5.44587599611437e-20,0.0,0.0,0.0001689920868143869,0.0077029727891784,4.125905009540252e-06,0.07701089361097782,3.515465601567395e-05,4.006562242410244e-14,4.006562242410244e-14,1.864702063993994e-14,1.6663488217948664e-14,1.2941710129652983e-14,4.0550895974433843e-13,3.901893965679314e-15,4.051203816857196e-13,0.0,6.776263578034403e-21,0.0,0.0,0.0,1.840246969197121e-12,9.906634816291063e-13,1.840246969303e-12,9.906634816861045e-13,0.0,0.0,0.0,0.0,1.1762885326378585e-14,1.0578848396230966e-14,1.1762885326378585e-14,1.0583412178973085e-14,2.0221401823379375e-08
2.014154461523135e-08,1.073397466289318e-11,1.932984053640298e-14,3.205323093336344e-20,6.841727527631645e-20,0.0,0.0,0.000169288542104661,0.007689615264476344,4.125685598641197e-06,0.08457655115260537,3.515198936216734e-05,2.0065920319428687e-14,2.0065920319428687e-14,1.8701567428838833e-14,1.9077054518125076e-14,1.2941710129652983e-14,4.046207813246383e-13,4.1160267846895846e-15,4.040656698123257e-13,0.0,3.3881317890172014e-21,0.0,0.0,0.0,1.7522161138948963e-12,9.432736719653857e-13,1.7522161139676882e-12,9.43273672004572e-13,0.0,0.0,0.0,0.0,1.8820616523325467e-14,2.7129421732788515e-14,1.8820616523325467e-14,2.7124873631911265e-14,2.014154461523135e-08
2.0058473000759387e-08,1.0715468863111239e-11,1.869910247213463e-14,3.4144989710325696e-20,7.583765013690013e-20,0.0,0.0,0.0001695549740724556,0.0076766755497899,4.125466376113587e-06,0.32972700155993173,3.5149479681154496e-05,4.801389229776031e-14,4.801389229776031e-14,1.8631737426785814e-14,1.9073788588387602e-14,1.2941710129652983e-14,4.0778491694482e-13,4.091738166297075e-15,4.071187831300449e-13,0.0,6.776263578034403e-21,0.0,0.0,0.0,1.7152220663037067e-12,9.233585993693275e-13,1.7152220663037067e-12,9.233585993693275e-13,2.710505431213761e-20,2.710505431213761e-20,1.8564993471068857e-14,1.8564993471068857e-14,2.1173193589884325e-14,9.133040724411731e-15,2.1173193589884325e-14,9.119443145169432e-15,2.0058473000759387e-08
1.997238876697848e-08,1.069375818983064e-11,1.9245324651792943e-14,3.681427757194353e-20,5.484122055671174e-20,0.0,0.0,0.0001698027660667578,0.007661022431468163,4.125247325281947e-06,0.23287153507683553,3.514803106439112e-05,3.224976748033048e-14,3.224976748033048e-14,1.881335134287407e-14,1.9070528074068436e-14,1.2941710129652983e-14,4.0589753780295723e-13,4.13238373904211e-15,4.052869151394134e-13,0.0,3.3881317890172014e-21,0.0,0.0,0.0,1.627922620019552e-12,8.763625304460974e-13,1.6279226199798474e-12,8.763625304247233e-13,2.710505431213761e-20,2.710505431213761e-20,1.850163663303838e-14,1.850163663303838e-14,9.41030826263136e-15,3.0273324412152315e-14,9.41030826263136e-15,3.025073912088691e-14,1.997238876697848e-08
1.9883039737559374e-08,1.0668538148762675e-11,1.926868743383749e-14,3.8191700228215094e-20,6.793196382013555e-20,0.0,0.0,0.00017002125560774397,0.007648593940097755,4.125028578689953e-06,2.127720440880382,3.514537302486621e-05,2.7707051200466504e-14,2.7707051200466504e-14,2.016427797100545e-14,1.4023896019178642e-14,1.2941710129652983e-14,4.06064071256651e-13,4.281081725953824e-15,4.0550895974433843e-13,0.0,1.0164395367051604e-20,0.0,0.0,0.0,1.5564800138035242e-12,8.379027029363638e-13,1.556480013829994e-12,8.379027029506134e-13,2.710505431213761e-20,2.710505431213761e-20,1.8438710760590847e-14,1.8438710760590847e-14,9.410308263048574e-15,3.0039812800699467e-14,9.410308263048574e-15,3.004881619131859e-14,1.9883039737559374e-08
1.97896441212913e-08,1.0640759914953019e-11,1.9257009585808437e-14,3.240938887586473e-20,6.612787542008426e-20,0.0,0.0,0.00017020943965081025,0.007635482202462523,4.124810223904536e-06,1.1608139433999953,3.514582435819359e-05,3.273003649600881e-14,3.273003649600881e-14,1.8928379094280673e-14,1.4014464927056832e-14,1.2941710129652983e-14,4.0523140398818214e-13,4.278330945218693e-15,4.0478731477833207e-13,0.0,1.0164395367051604e-20,0.0,0.0,0.0,1.5460076018252324e-12,8.322650704418534e-13,1.5460076018847894e-12,8.322650704739148e-13,2.710505431213761e-20,0.0,1.837621147136305e-14,0.0,9.410308263426402e-15,1.5514097464069464e-14,9.410308263426402e-15,1.550063815452863e-14,1.97896441212913e-08
1.9692845054722322e-08,1.060947965661754e-11,1.888374814593246e-14,2.959771169481837e-20,6.604986741142923e-20,0.0,0.0,0.00017036005896988587,0.0076179795860219284,4.124591930930586e-06,0.24559491749933554,3.51438944236722e-05,2.0235048427782907e-14,2.0235048427782907e-14,1.898698589746561e-14,1.906077936265441e-14,1.2941710129652983e-14,4.051758928369509e-13,4.124423146043698e-15,4.0445424787094453e-13,0.0,6.776263578034403e-21,0.0,0.0,0.0,1.54602747755833e-12,8.322757701812271e-13,1.5460274775450952e-12,8.322757701741022e-13,0.0,0.0,0.0,0.0,9.410308263768557e-15,9.24660871459468e-15,9.410308263768557e-15,9.224252310545853e-15,1.9692845054722322e-08
1.95937648387843e-08,1.0576203384601965e-11,1.9172976264971735e-14,4.513978368363577e-20,8.351326837091381e-20,0.0,0.0,0.00017051250372072358,0.00760588338970398,4.124374011070157e-06,0.1473197009624468,3.514181342494232e-05,3.809171631155219e-14,3.809171631155219e-14,1.9016577392583702e-14,1.1544676604516452e-14,1.2941710129652983e-14,4.016231791581504e-13,4.251248991713352e-15,4.0112357879706906e-13,0.0,1.6940658945086007e-20,0.0,0.0,0.0,1.4897660004095428e-12,8.019884273589043e-13,1.4897660002904288e-12,8.019884272947815e-13,0.0,0.0,0.0,0.0,7.057731198058825e-15,1.5111066288595336e-14,7.057731198058825e-15,1.50887851528115e-14,1.95937648387843e-08
1.9493500538604493e-08,1.0541380947835831e-11,1.89202656065697e-14,2.7368472108223646e-20,6.268719947548251e-20,0.0,0.0,0.00017063967999914056,0.007591564249283155,4.124156447406143e-06,0.11419322916636652,3.5141704580194327e-05,4.1847109775772835e-14,4.1847109775772835e-14,0.0,1.905430792825698e-14,1.2941710129652983e-14,4.028999356364693e-13,4.0544172163986936e-15,4.0228931297292547e-13,0.0,6.776263578034403e-21,0.0,0.0,0.0,1.3796673499444636e-12,7.427188215842019e-13,1.3796673499113764e-12,7.427188215663901e-13,0.0,0.0,0.0,0.0,9.410308264359216e-15,1.685463683123997e-14,9.410308264359216e-15,1.6841313007657963e-14,1.9493500538604493e-08
1.938849620080613e-08,1.0503992613015254e-11,1.9086070664261393e-14,2.757739477467668e-20,6.192086470149697e-20,0.0,0.0,0.00017073080196237643,0.007576188626836754,4.123939148603711e-06,0.46626191424129226,3.513906046153386e-05,3.833444653664523e-14,3.833444653664523e-14,1.9166635856016377e-14,2.97762302312722e-14,1.2941710129652983e-14,4.0228931297292547e-13,4.2888784805592604e-15,4.0190073491430667e-13,0.0,3.3881317890172014e-21,0.0,0.0,0.0,1.3283877306150856e-12,7.151133712985697e-13,1.3283877307011124e-12,7.151133713448806e-13,5.421010862427522e-20,2.710505431213761e-20,3.6260789102343045e-14,1.8130394551171522e-14,4.705154132306875e-15,2.217194733685116e-14,4.705154132306875e-15,2.2211785134022584e-14,1.938849620080613e-08
1.928204299835763e-08,1.0463810583028266e-11,1.9109708772221206e-14,3.569618339811874e-20,6.179962327524472e-20,0.0,0.0,0.0001708089671650078,0.0075612603474736065,4.123722068124256e-06,1.5003921164731584,3.5139007887232714e-05,4.199346272486888e-14,4.199346272486888e-14,2.0370684120009705e-14,1.5773753117409764e-14,1.2941710129652983e-14,4.011790899483003e-13,4.092268745392729e-15,4.00679489587219e-13,0.0,6.776263578034403e-21,0.0,0.0,0.0,1.214816417607246e-12,6.539743208119803e-13,1.2148164177065076e-12,6.539743208654159e-13,0.0,0.0,0.0,0.0,7.057731198633507e-15,1.875400193710071e-14,7.057731198633507e-15,1.8767236941996336e-14,1.928204299835763e-08
1.91726782101065e-08,1.0422953348439088e-11,1.869391076059253e-14,3.443790552723566e-20,5.840418282508385e-20,0.0,0.0,0.00017086627302463346,0.007543533096348798,4.123505412384534e-06,0.6470248750221089,3.513693998184189e-05,4.2067275177488197e-14,4.2067275177488197e-14,1.736841596247215e-14,1.9044643002734587e-14,1.2941710129652983e-14,3.990696662015125e-13,4.4770667094754736e-15,3.9851455468919994e-13,0.0,3.3881317890172014e-21,0.0,0.0,0.0,1.187749239175308e-12,6.394031976572676e-13,1.1877492390826637e-12,6.394031976073943e-13,2.710505431213761e-20,2.710505431213761e-20,1.8009935908626938e-14,1.8009935908626938e-14,9.410308265054332e-15,1.893353673966643e-14,9.410308265054332e-15,1.8898360637967098e-14,1.91726782101065e-08
1.9061713254316306e-08,1.0379737256221095e-11,1.8762030047820556e-14,3.319677625758101e-20,6.188341070795422e-20,0.0,0.0,0.00017089064109752363,0.00752618727039255,4.123288792683903e-06,12.936622917199253,3.513495096770822e-05,4.214146778324153e-14,4.214146778324153e-14,1.807928163040616e-14,1.904143274742778e-14,1.2941710129652983e-14,3.9895864389905e-13,4.323602669773303e-15,3.984035323867374e-13,0.0,6.776263578034403e-21,0.0,0.0,0.0,1.1614191705611518e-12,6.2522888416487e-13,1.1614191706670309e-12,6.252288842218681e-13,0.0,2.710505431213761e-20,0.0,1.7950304846848055e-14,4.705154132622443e-15,1.479516529781476e-14,4.705154132622443e-15,1.4755723210231726e-14,1.9061713254316306e-08
1.8949854270871158e-08,1.0335790430005571e-11,1.8681131360246605e-14,3.0161985740582476e-20,7.623654798509293e-20,0.0,0.0,0.00017093926347902218,0.007510780107091616,4.123073039714242e-06,0.3098442475781802,3.513485948480499e-05,3.6292977952969794e-14,3.6292977952969794e-14,3.489650345812888e-14,1.573814064521145e-14,1.2941710129652983e-14,3.954059302202495e-13,4.385298677319072e-15,3.949063298591682e-13,0.0,1.3552527156068805e-20,0.0,0.0,0.0,1.1460985703002226e-12,6.169813176973295e-13,1.1460985704458064e-12,6.169813177757018e-13,2.710505431213761e-20,0.0,1.7891067359916277e-14,0.0,7.057731199063685e-15,8.552527803727816e-15,7.057731199063685e-15,8.561263787184125e-15,1.8949854270871158e-08
1.8838929640721885e-08,1.0290823056997028e-11,1.8731374122698824e-14,2.6852414003269386e-20,5.552719802831441e-20,0.0,0.0,0.00017093269396240533,0.007492665256361461,4.122857036577107e-06,1.6147043218521797,3.513287599841256e-05,3.4982581528934666e-14,3.4982581528934666e-14,1.8507321950397525e-14,1.5726270226580207e-14,1.2941710129652983e-14,3.95516952522712e-13,4.489876458105689e-15,3.9507286331286195e-13,0.0,6.776263578034403e-21,0.0,0.0,0.0,1.128470072556646e-12,6.074913366008472e-13,1.128470072602968e-12,6.074913366257839e-13,0.0,0.0,0.0,0.0,9.410308265576181e-15,1.7549460041168995e-14,9.410308265576181e-15,1.753639916790591e-14,1.8838929640721885e-08
1.872318940203185e-08,1.0244748022784759e-11,1.8552022740326692e-14,3.497538430692352e-20,5.883830918137532e-20,0.0,0.0,0.00017094519879019138,0.00748166133005381,4.122641866056611e-06,0.5458426756060201,3.513219669047757e-05,3.936023110196764e-14,3.936023110196764e-14,1.4119525035007976e-14,1.5714400011899834e-14,1.2941710129652983e-14,3.9429570719562435e-13,4.315221171646351e-15,3.93796106834543e-13,0.0,6.776263578034403e-21,0.0,0.0,0.0,1.0384841170152962e-12,5.590490342868224e-13,1.0384841171277928e-12,5.590490343473829e-13,2.710505431213761e-20,2.710505431213761e-20,1.777375762683584e-14,1.777375762683584e-14,1.411546239858035e-14,2.881763210798806e-14,1.411546239858035e-14,2.882197145930683e-14,1.872318940203185e-08
1.8609051810578397e-08,1.0196736200914124e-11,1.87641650547262e-14,2.715794227328107e-20,6.944640126269047e-20,0.0,0.0,0.0001709218047055256,0.00746607694269237,4.12242664974304e-06,0.457414336288967,3.513073986272398e-05,4.117040178560965e-14,4.117040178560965e-14,2.0581944185725082e-14,1.6474265451963622e-14,1.2941710129652983e-14,3.9307446186853667e-13,3.969149257130089e-15,3.9246383920499284e-13,0.0,6.776263578034403e-21,0.0,0.0,0.0,1.013206513929587e-12,5.45441296467232e-13,1.013206513942822e-12,5.454412964743567e-13,2.710505431213761e-20,0.0,1.7715677765299944e-14,0.0,4.705154132925921e-15,2.439829241956932e-14,4.705154132925921e-15,2.4419918277058742e-14,1.8609051810578397e-08
1.849312489907478e-08,1.0148070947295786e-11,1.8501292931356897e-14,2.6691619659326898e-20,7.038941743807845e-20,0.0,0.0,0.00017089897429276076,0.0074506837941714765,4.122211964759423e-06,0.718407807700725,3.513006381236254e-05,4.124155207438437e-14,4.124155207438437e-14,1.8394391826445018e-14,1.6462440725148064e-14,1.2941710129652983e-14,3.9257486150745535e-13,4.395396570734252e-15,3.9201974999514277e-13,0.0,3.3881317890172014e-21,0.0,0.0,0.0,9.946985183798053e-13,5.354778537249158e-13,9.946985183665704e-13,5.354778537177911e-13,5.421010862427522e-20,2.710505431213761e-20,3.531595249237748e-14,1.765797624618874e-14,1.1762885332465324e-14,1.415328892590959e-14,1.1762885332465324e-14,1.4179155430190876e-14,1.849312489907478e-08
1.8375143873370795e-08,1.0099268529621186e-11,1.8511450014977786e-14,4.289868584500574e-20,5.42022840543221e-20,0.0,0.0,0.0001708580774286642,0.007433214944498806,4.1219977495150814e-06,0.9563144334138599,3.513063581224535e-05,4.259308131442104e-14,4.259308131442104e-14,2.0653101123164142e-14,1.483061074670565e-14,1.2941710129652983e-14,3.894662370385049e-13,4.392546509397117e-15,3.890776589798861e-13,0.0,6.776263578034403e-21,0.0,0.0,0.0,9.479252049886758e-13,5.102982912710758e-13,9.47925204975441e-13,5.10298291263951e-13,5.421010862427522e-20,2.710505431213761e-20,3.5201298769241314e-14,1.7600649384620657e-14,7.057731199561968e-15,3.579044650273243e-14,7.057731199561968e-15,3.576896106240181e-14,1.8375143873370795e-08
1.8259143733217713e-08,1.004886965404434e-11,1.845985754658199e-14,3.8667773039344976e-20,4.995507499448153e-20,0.0,0.0,0.00017080690308695764,0.007414302011440382,4.121783675684895e-06,0.41354454348506,3.5129240578147805e-05,2.0692135025952002e-14,2.0692135025952002e-14,1.9796476322211895e-14,1.9019123334412988e-14,1.2941710129652983e-14,3.8707925753556083e-13,4.047085847680739e-15,3.86468634872017e-13,0.0,6.776263578034403e-21,0.0,0.0,0.0,9.328882250997636e-13,5.022034066717353e-13,9.328882250368979e-13,5.022034066378926e-13,2.710505431213761e-20,2.710505431213761e-20,1.754369354341132e-14,1.754369354341132e-14,7.057731199637981e-15,2.5729078284356942e-14,7.057731199637981e-15,2.5733361467024556e-14,1.8259143733217713e-08
1.8141316432324182e-08,9.99831907318523e-12,1.8125984733548088e-14,3.4144989710325696e-20,5.371239904179533e-20,0.0,0.0,0.0001707352742841874,0.00740126511459757,4.121569860040275e-06,8.105758619749025,3.5126038234539736e-05,4.023306451394844e-14,4.023306451394844e-14,1.4245751395970225e-14,2.2963135628899636e-14,1.2941710129652983e-14,3.8574698990601064e-13,4.2156519248887424e-15,3.8535841184739184e-13,0.0,6.776263578034403e-21,0.0,0.0,0.0,9.1175375030368e-13,4.908260466030335e-13,9.11753750244123e-13,4.908260465709719e-13,5.421010862427522e-20,8.131516293641283e-20,3.4974210264608725e-14,5.246131539691309e-14,1.1762885332846543e-14,3.330106240357566e-14,1.1762885332846543e-14,3.329679303660084e-14,1.8141316432324182e-08
1.8022166345061775e-08,9.947971248510461e-12,1.82202617192474e-14,5.3032650978793066e-20,6.897586535413612e-20,0.0,0.0,0.0001706703509507064,0.007385991325778504,4.121356582073615e-06,1.142392877447895,3.512721397996466e-05,4.0410747900066475e-14,4.0410747900066475e-14,1.9255140676589088e-14,1.3906188703765119e-14,1.2941710129652983e-14,3.8680170177940454e-13,4.597848807637308e-15,3.863576125695545e-13,0.0,6.776263578034403e-21,0.0,0.0,0.0,8.890946129510428e-13,4.786279121807452e-13,8.890946128749422e-13,4.786279121397777e-13,2.710505431213761e-20,0.0,1.7430880607216935e-14,0.0,7.0577311997724296e-15,2.451248710541123e-14,7.0577311997724296e-15,2.4525254025778636e-14,1.8022166345061775e-08
1.790585451959046e-08,9.895993497624061e-12,1.8286269730710238e-14,3.323997312199322e-20,5.522649811353008e-20,0.0,0.0,0.00017059245229496977,0.007367928643169783,4.1211435730041435e-06,1.7382159733388944,3.512523442719979e-05,2.8599132550443087e-14,2.8599132550443087e-14,1.8407480581133978e-14,1.640332004621166e-14,1.2941710129652983e-14,3.8391512191537913e-13,4.466630428457163e-15,3.833044992518353e-13,0.0,1.3552527156068805e-20,0.0,0.0,0.0,8.484393138893942e-13,4.567418714540184e-13,8.484393138827768e-13,4.56741871450456e-13,0.0,0.0,0.0,0.0,1.6468039466274752e-14,2.014950596785436e-14,1.6468039466274752e-14,2.017071597413631e-14,1.790585451959046e-08
1.7788358580700158e-08,9.845452882113396e-12,1.7915229690410198e-14,3.8751178758147513e-20,6.365438602638145e-20,0.0,0.0,0.00017049525857381855,0.007353145132429947,4.120930816088039e-06,0.7252832854869328,3.512582132041269e-05,5.730067838667599e-14,5.730067838667599e-14,0.0,1.5619445687812846e-14,1.2941710129652983e-14,3.840816553690729e-13,4.207433576353686e-15,3.8363756615922284e-13,0.0,6.776263578034403e-21,0.0,0.0,0.0,8.345551547226591e-13,4.49267586920561e-13,8.345551547458202e-13,4.4926758693302927e-13,0.0,2.710505431213761e-20,0.0,1.7319509265211915e-14,1.1762885333145437e-14,3.480436810883085e-14,1.1762885333145437e-14,3.482128190696416e-14,1.7788358580700158e-08
1.7668568919066173e-08,9.791027921008242e-12,1.7895438319320948e-14,3.8935885137243115e-20,4.8507134400497585e-20,0.0,0.0,0.00017042090076587203,0.007340990141265052,4.120718753167479e-06,2.5687606312295896,3.5125121984319496e-05,2.087150110005451e-14,2.087150110005451e-14,2.047130007559105e-14,1.6379673159056208e-14,1.2941710129652983e-14,3.8019587478288486e-13,4.119319326428171e-15,3.797517855730348e-13,0.0,1.0164395367051604e-20,0.0,0.0,0.0,8.035442652493376e-13,4.325734386631338e-13,8.035442652625725e-13,4.3257343867025853e-13,2.710505431213761e-20,2.710505431213761e-20,1.726435558440788e-14,1.726435558440788e-14,1.4115462399877102e-14,1.2185519093135855e-14,1.4115462399877102e-14,1.2193949061377388e-14,1.7668568919066173e-08
1.7552235304563434e-08,9.740112936660815e-12,1.7934397861771453e-14,5.416376670210057e-20,6.6394038093224e-20,0.0,0.0,0.00017031347054198773,0.007321694797514023,4.120506627660203e-06,2.8002070141541013,3.5122579891844945e-05,3.9385430732631366e-14,3.9385430732631366e-14,2.056183826016064e-14,3.2735700026810074e-14,1.2941710129652983e-14,3.802513859341161e-13,4.3725916325978255e-15,3.797517855730348e-13,0.0,1.3552527156068805e-20,0.0,0.0,0.0,7.997230187616874e-13,4.30516340125284e-13,7.997230187352177e-13,4.305163401110344e-13,2.710505431213761e-20,0.0,1.720955206044035e-14,0.0,1.882061653329683e-14,2.3877716650171105e-14,1.882061653329683e-14,2.3881918254367858e-14,1.7552235304563434e-08
1.743254878383912e-08,9.685704343141044e-12,1.7901033751011054e-14,2.4490826533252816e-20,5.589755224399324e-20,0.0,0.0,0.0001701868429016531,0.007304537790619313,4.120295058781099e-06,0.9322031329130414,3.512180591482286e-05,4.188708086358038e-14,4.188708086358038e-14,2.0256179750301063e-14,1.6356027066171598e-14,1.2941710129652983e-14,3.7664316110408436e-13,4.3057928780316796e-15,3.760325384405405e-13,0.0,3.3881317890172014e-21,0.0,0.0,0.0,7.770800747804203e-13,4.1832692310991556e-13,7.770800747506418e-13,4.183269230938848e-13,0.0,2.710505431213761e-20,0.0,1.7155095369274627e-14,1.4115462400061808e-14,2.7806183117450833e-14,1.4115462400061808e-14,2.7818748044300112e-14,1.743254878383912e-08
1.7316293044974725e-08,9.633749036754692e-12,1.773813648979159e-14,2.6637805855273233e-20,5.900475484261315e-20,0.0,0.0,0.00017008042571157634,0.007286507009812777,4.120083793057568e-06,0.28239403635902927,3.512180980934852e-05,2.885597522933688e-14,2.885597522933688e-14,1.902945528570246e-14,1.6344204318264396e-14,1.2941710129652983e-14,3.760325384405405e-13,4.281681214451842e-15,3.7547742692822794e-13,0.0,6.776263578034403e-21,0.0,0.0,0.0,7.668151839999302e-13,4.1280100587741415e-13,7.668151840330175e-13,4.128010058952261e-13,5.421010862427522e-20,2.710505431213761e-20,3.420196445763332e-14,1.710098222881666e-14,9.410308266763541e-15,1.8433055808944142e-14,9.410308266763541e-15,1.8441406004101083e-14,1.7316293044974725e-08
3.9751569412352e-07,5.869879227035895e-10,3.428537539307271e-13,3.793670040294734e-18,6.1381609437623464e-18,0.0,0.0,0.014458812554072057,4.416046631041502,0.0009993059768130094,0.23869452321808415,0.008535676392934455,3.3483905712756765e-14,3.3483905712756765e-14,1.577406987082785e-14,1.4766738344845338e-14,1.2941710129652983e-14,1.1824041745711611e-11,9.814794739901442e-13,1.1823431123048067e-11,0.0,3.620326261000173e-12,0.0,3.620326261000173e-12,0.0,1.7124532732294364e-12,9.218680699823572e-13,1.7124532733336611e-12,9.218680700384648e-13,0.0,2.710505431213761e-20,0.0,1.7047209398253675e-14,1.2536999449844061e-14,1.3468133415938171e-14,1.2536999449844061e-14,1.3480619322365422e-14,3.9751569412352e-07
4.574143032828913e-09,1.6611062377922948e-11,9.570644082560846e-15,9.155477879374319e-20,3.386832568332562e-19,0.0,0.0,0.0016716248381206458,0.21791319265012687,8.715720722544008e-06,0.00329919133836092,1.663237129130532e-05,2.3296387918005466e-14,2.3296387918005466e-14,2.1298058951968983e-14,1.7861045138276803e-14,1.2941710129652983e-14,2.8382851624542127e-13,1.8533087057610017e-14,2.832734047331087e-13,0.0,6.776263578034403e-21,0.0,0.0,0.0,1.7095510718468973e-12,9.203057226593421e-13,1.7095510719271338e-12,9.20305722702536e-13,2.710505431213761e-20,2.710505431213761e-20,1.6991352739494518e-14,1.6991352739494518e-14,6.268499722623193e-15,2.8059316034769037e-14,6.268499722623193e-15,2.8059316034769037e-14,4.574143032828913e-09
1.5227009016990966e-08,9.678295131866197e-12,1.6152886565621937e-14,4.075831240503344e-20,4.5772168597989845e-20,0.0,0.0,0.0007221760127171685,0.02720464063157554,3.427920797613295e-06,0.004132087890884535,2.3878763057851718e-05,5.0518707254763495e-14,5.0518707254763495e-14,1.6073618776231987e-14,1.6305951990445896e-14,2.5183868360398382e-14,3.47499806707674e-13,5.661900405216144e-15,3.4688918404413016e-13,0.0,1.3552527156068805e-20,0.0,0.0,0.0,1.0432767242203573e-12,5.616290471977632e-13,1.0432767240846997e-12,5.616290471247344e-13,0.0,0.0,0.0,0.0,8.35799962767913e-15,2.34172556339149e-14,8.35799962767913e-15,2.3404851331469107e-14,1.5227009016990966e-08
1.53223426027793e-08,9.694790881208105e-12,1.590702041004102e-14,4.1595572140465115e-20,5.486027724424825e-20,0.0,0.0,0.0006513564397477473,0.018578061536139133,3.483019600401727e-06,0.024778926318416737,3.073335106311124e-05,5.3909553767630436e-14,5.3909553767630436e-14,2.170864757514695e-14,1.705248538500949e-14,1.2941710129652983e-14,3.4661162828797387e-13,6.4787593974537255e-15,3.4622305022935507e-13,0.0,1.3552527156068805e-20,0.0,0.0,0.0,6.396546847167217e-13,3.4434646414785583e-13,6.396546847704884e-13,3.443464641768002e-13,0.0,2.710505431213761e-20,0.0,1.688053129204455e-14,1.04474995317781e-14,1.838500963209631e-14,1.04474995317781e-14,1.8339675602517055e-14,1.53223426027793e-08
1.5967404897092277e-08,1.0094361384739513e-11,1.645360261264122e-14,5.783018681594261e-20,7.175004794244263e-20,0.0,0.0,0.0006236862107933741,0.0139734093904446,3.5173625014519956e-06,0.013992261366854443,3.1186734591889714e-05,3.411948783292857e-14,3.411948783292857e-14,1.6959466096628114e-14,1.9119724560968293e-14,1.2941710129652983e-14,3.614331056667197e-13,7.951513519152264e-15,3.608224830031759e-13,0.0,1.0164395367051604e-20,0.0,0.0,0.0,5.463972739175851e-13,2.9414303340383087e-13,5.463972738514107e-13,2.9414303336820713e-13,2.710505431213761e-20,5.421010862427522e-20,1.6825562008118376e-14,3.365112401623675e-14,8.357999623313729e-15,3.7558118434994334e-14,8.357999623313729e-15,3.7545794869938554e-14,1.5967404897092277e-08
1.6749437915005267e-08,1.065117737256135e-11,1.7041380965116003e-14,5.341682847400561e-20,7.395444710816981e-20,0.0,0.0,0.0005960080621930671,0.014551280419225187,3.549924475363287e-06,0.03430618317490903,3.143745442279989e-05,4.368032644902053e-14,4.368032644902053e-14,1.8716360278177192e-14,1.703128722977615e-14,2.329507823336896e-14,3.780309398848658e-13,9.804773085001505e-15,3.7742031722132197e-13,0.0,6.776263578034403e-21,0.0,0.0,0.0,5.181045773399762e-13,2.7891217484766736e-13,5.18104577391675e-13,2.789121748754985e-13,0.0,0.0,0.0,0.0,1.8805499148029427e-14,2.4223096006456335e-14,1.8805499148029427e-14,2.423537952370099e-14,1.6749437915005267e-08
1.753275200954391e-08,1.1281629904824231e-11,1.7759751592303307e-14,4.9698828102579853e-20,1.0648544486557688e-19,0.0,0.0,0.0005618564722480643,0.019833669154648265,3.5808979972160037e-06,0.37525705306759516,3.167670875521885e-05,4.12149061126232e-14,4.12149061126232e-14,1.7076261350456988e-14,1.9112792819662723e-14,1.2941710129652983e-14,3.9629410863994963e-13,1.1025445357207405e-14,3.957945082788683e-13,0.0,1.6940658945086007e-20,0.0,0.0,0.0,5.57483361638827e-13,3.001110270717471e-13,5.574833617273353e-13,3.0011102711939395e-13,5.421010862427522e-20,5.421010862427522e-20,3.3432990496468803e-14,3.3432990496468803e-14,1.4626499334180853e-14,2.314463871343647e-14,1.4626499334180853e-14,2.316300423525105e-14,1.753275200954391e-08
1.8281486444388248e-08,1.1957907707244276e-11,1.8106338637432274e-14,5.649710155034439e-20,1.1211091555857747e-19,0.0,0.0,0.000522561812470004,0.028031197485835223,3.699830648048419e-06,0.2281289065179626,3.190245729336099e-05,5.424553955898366e-14,5.424553955898366e-14,1.829602305340154e-14,1.9109334054037237e-14,1.2941710129652983e-14,4.165001676881275e-13,1.2917344200057584e-14,4.160560784782774e-13,0.0,6.776263578034403e-21,0.0,0.0,0.0,6.088102177132426e-13,3.2774190639983103e-13,6.088102176702292e-13,3.277419063766756e-13,0.0,2.710505431213761e-20,0.0,1.666239340906646e-14,1.0447499522351496e-14,2.3720615603325344e-14,1.0447499522351496e-14,2.3708411547964346e-14,1.8281486444388248e-08
1.8993434862064456e-08,1.266962176002955e-11,1.941597246007529e-14,6.642064701611965e-20,1.281596113768402e-19,0.0,0.0,0.00048087673242714707,0.03962822333644673,4.030923294767981e-06,0.03866373440384051,3.2115654676516307e-05,4.438468265517196e-14,4.438468265517196e-14,2.1037018513480262e-14,1.6998749254811474e-14,1.2941710129652983e-14,4.369837824924616e-13,1.488485042519605e-14,4.363731598289178e-13,0.0,6.776263578034403e-21,0.0,0.0,0.0,6.670054555143485e-13,3.590702540940707e-13,6.670054554498284e-13,3.5907025405933756e-13,2.710505431213761e-20,2.710505431213761e-20,1.6608576390675385e-14,1.6608576390675385e-14,1.6715999232800513e-14,1.6477002339153915e-14,1.6715999232800513e-14,1.6456727942280344e-14,1.8993434862064456e-08
1.9674776028471372e-08,1.3411987941428941e-11,1.9298809195527613e-14,6.939598832777077e-20,1.3941601676203455e-19,0.0,0.0,0.000438457085386671,0.05724424842463831,4.3666054134028665e-06,0.38097935277920075,3.232200119465454e-05,3.551728413169907e-14,3.551728413169907e-14,1.727525242040544e-14,1.9102431125145092e-14,2.117734384851772e-14,4.55580018154933e-13,1.6502783424414326e-14,4.550249066426204e-13,0.0,6.776263578034403e-21,0.0,0.0,0.0,6.48382241530171e-13,3.49044785603426e-13,6.483822415901415e-13,3.4904478563571007e-13,2.710505431213761e-20,0.0,1.6555042064665387e-14,0.0,1.462649932640767e-14,2.733879819594549e-14,1.462649932640767e-14,2.7354965433199155e-14,1.9674776028471372e-08
2.0335055275152473e-08,1.4182798898643852e-11,2.0137468711691507e-14,8.176418516641088e-20,1.5562332552181644e-19,0.0,0.0,0.00039771783412965544,0.08855290618412497,4.705847315006733e-06,0.01661885806950141,3.2515386857287405e-05,5.20379701216753e-14,5.20379701216753e-14,2.1600051873118152e-14,2.1022486599619673e-14,1.2941710129652983e-14,4.76674255622811e-13,1.825914909658991e-14,4.762301664129609e-13,0.0,1.0164395367051604e-20,0.0,0.0,0.0,6.932255250397577e-13,3.731853515779324e-13,6.932255247920171e-13,3.7318535144456576e-13,2.710505431213761e-20,0.0,1.6501788323459132e-14,0.0,8.357999613947923e-15,2.0528789916696224e-14,8.357999613947923e-15,2.0544905147717086e-14,2.0335055275152473e-08
2.0979341597293305e-08,1.4981795978773307e-11,2.078987106413455e-14,7.999081556707606e-20,1.7634641166866916e-19,0.0,0.0,0.00036652996537366267,0.16083096213347212,5.049140897522084e-06,0.1701806137126635,3.270272274202355e-05,3.774147939127518e-14,3.774147939127518e-14,2.1360080058760938e-14,1.6965483751762646e-14,4.051317953629516e-14,4.96713781217295e-13,2.021505359425677e-14,4.961586697049825e-13,0.0,1.3552527156068805e-20,0.0,0.0,0.0,7.326213296097797e-13,3.943933663553973e-13,7.326213295638712e-13,3.943933663306833e-13,5.421010862427522e-20,5.421010862427522e-20,3.2897626160090286e-14,3.2897626160090286e-14,8.357999612968293e-15,2.3452705272973748e-14,8.357999612968293e-15,2.3448689398783172e-14,2.0979341597293305e-08
2.1610194731459615e-08,1.580273359765081e-11,2.1429030041047993e-14,8.495728849085274e-20,1.9653811889207772e-19,0.0,0.0,0.0008046873925216166,0.5204502728574254,5.395537936472434e-06,0.05947206814077342,3.288076547534746e-05,5.250897537976526e-14,5.250897537976526e-14,1.750300676740868e-14,1.4309777652056414e-14,2.5883420259305965e-14,5.146993942162226e-13,2.2235446415553293e-14,5.142553050063725e-13,0.0,6.776263578034403e-21,0.0,0.0,0.0,7.919683054079899e-13,4.263417312501728e-13,7.919683052228048e-13,4.2634173115048177e-13,2.710505431213761e-20,5.421010862427522e-20,1.639611426772879e-14,3.279222853545758e-14,1.044749951518018e-14,1.2859663569219565e-14,1.044749951518018e-14,1.2857662065162097e-14,2.1610194731459615e-08
2.2233099673458505e-08,1.6649113476506407e-11,2.160289751741865e-14,9.815445422917749e-20,2.088059508685401e-19,0.0,0.0,0.001103733355791993,0.5552883699173414,5.745559905209554e-06,0.05495362590110949,3.305021420111788e-05,3.517263309947215e-14,3.517263309947215e-14,1.602501471062328e-14,1.4303762930517085e-14,1.941256519447494e-14,5.369038547087257e-13,2.4134932755747878e-14,5.363487431964131e-13,0.0,1.3552527156068805e-20,0.0,0.0,0.0,8.262904282875251e-13,4.4481842178023533e-13,8.262904282114245e-13,4.4481842173926793e-13,2.710505431213761e-20,5.421010862427522e-20,1.634368983988696e-14,3.268737967977392e-14,1.0447499514334563e-14,3.1626396760727265e-14,1.0447499514334563e-14,3.161442613364145e-14,2.2233099673458505e-08
2.2850956514978052e-08,1.751528848565698e-11,2.2105987398918165e-14,9.637675469120011e-20,2.32376002816601e-19,0.0,0.0,0.000944060817324418,0.19637720676183137,6.097761162862582e-06,0.08175513776230599,3.321339347601279e-05,3.331339650072378e-14,3.331339650072378e-14,2.0972367176170353e-14,2.1764865570746152e-14,1.2941710129652983e-14,5.581646256302975e-13,2.6088620281132282e-14,5.576650252692161e-13,0.0,1.0164395367051604e-20,0.0,0.0,0.0,8.224544264395486e-13,4.427533799625547e-13,8.224544264426506e-13,4.4275337996422467e-13,2.710505431213761e-20,0.0,1.6291537769726257e-14,0.0,1.462649931912881e-14,2.7874154868860254e-14,1.462649931912881e-14,2.7850290010239658e-14,2.2850956514978052e-08
2.3462668284299607e-08,1.840043726291313e-11,2.294545227301201e-14,1.0063686279005486e-19,2.461709207308734e-19,0.0,0.0,0.0015510900422701205,0.21501968790886358,6.452881218097423e-06,2.6239186204238005,3.336823760637894e-05,3.027677069220335e-14,3.027677069220335e-14,1.5193627622227598e-14,1.8204120021948446e-14,1.8636062586696093e-14,5.772049505026189e-13,2.8178107320578512e-14,5.76594327839075e-13,0.0,1.3552527156068805e-20,0.0,0.0,0.0,7.589335769854549e-13,4.085580861082277e-13,7.589335768886748e-13,4.0855808605612785e-13,0.0,0.0,0.0,0.0,4.178999805262737e-15,3.319735286875344e-14,4.178999805262737e-15,3.322510653769901e-14,2.3462668284299607e-08
2.4073618989863188e-08,1.9303161877736337e-11,2.3469337466552553e-14,1.088692735480987e-19,2.6951352110285096e-19,0.0,0.0,0.0036023490016859356,0.49354653231441054,6.8104065973402025e-06,0.597426916788,3.3516398148117275e-05,3.238944579183929e-14,3.238944579183929e-14,1.7853043758498128e-14,2.7131669856275216e-14,1.8270649594800158e-14,5.978550987606468e-13,2.99018573871154e-14,5.973554983995655e-13,0.0,1.3552527156068805e-20,0.0,0.0,0.0,7.426773089337551e-13,3.998068199053993e-13,7.426773089219677e-13,3.9980681989905376e-13,5.421010862427522e-20,2.710505431213761e-20,3.237608538599274e-14,1.618804269299637e-14,6.268499707683116e-15,2.314413462203881e-14,6.268499707683116e-15,2.3116469160571206e-14,2.4073618989863188e-08
2.468152639704388e-08,2.022281233363871e-11,2.3993406834726022e-14,1.143370946482534e-19,2.8225933656032825e-19,0.0,0.0,0.019498106990115893,2.532126092926703,7.170107462222411e-06,1.069327343863711,3.365712046397227e-05,6.585985703775092e-14,6.585985703775092e-14,1.794918523863224e-14,2.0492632418016478e-14,1.7919290948746375e-14,6.212808045802376e-13,3.2516542639798166e-14,6.206146707654625e-13,0.0,3.3881317890172014e-21,0.0,0.0,0.0,7.308688975278161e-13,3.9344997642094876e-13,7.308688976154973e-13,3.934499764681503e-13,8.131516293641283e-20,2.710505431213761e-20,4.841008718958241e-14,1.6136695729860802e-14,6.268499707559695e-15,2.7971676534010158e-14,6.268499707559695e-15,2.7979555879512694e-14,2.468152639704388e-08
2.5285570922398945e-08,2.1155584453395447e-11,2.4654201536947688e-14,1.2194939729508941e-19,3.052103483274533e-19,0.0,0.0,0.0028679295386774347,0.3780136150751797,7.531892989121188e-06,0.5263403818743646,3.379560201049117e-05,3.8395108205759583e-14,3.8395108205759583e-14,1.8048908475039116e-14,2.010027342387437e-14,1.758119111952481e-14,6.43318731619047e-13,3.439839156816412e-14,6.426525978042719e-13,0.0,1.6940658945086007e-20,0.0,0.0,0.0,6.898809415552997e-13,3.71384855897313e-13,6.898809414796127e-13,3.7138485585656824e-13,5.421010862427522e-20,5.421010862427522e-20,3.2171226421627635e-14,3.2171226421627635e-14,1.2536999415037459e-14,2.4175851103550792e-14,1.2536999415037459e-14,2.4175851103550792e-14,2.5285570922398945e-08
2.5888942578987666e-08,2.2100489671914964e-11,2.498507522482508e-14,1.3481018991844684e-19,3.310678897116043e-19,0.0,0.0,0.001613267119493024,0.21041261816713763,7.8952118903324e-06,0.7980096329434688,3.392803607967579e-05,5.257162901757637e-14,5.257162901757637e-14,1.8241592442916094e-14,1.6434550839207182e-14,1.2941710129652983e-14,6.653566586578563e-13,3.679120335447363e-14,6.649125694480063e-13,0.0,6.776263578034403e-21,0.0,0.0,0.0,5.849033323225712e-13,3.148720695179028e-13,5.849033323527633e-13,3.1487206953415615e-13,2.710505431213761e-20,2.710505431213761e-20,1.603479320470295e-14,1.603479320470295e-14,8.357999610073931e-15,1.9714902117822605e-14,8.357999610073931e-15,1.9718816911730035e-14,2.5888942578987666e-08
2.6488463937545224e-08,2.3057281957040618e-11,2.576441113878026e-14,1.343875897965283e-19,3.4306139845780877e-19,0.0,0.0,0.001151117079546238,0.1484437832378702,8.260212708321048e-06,0.12701829633735326,3.405265640322423e-05,4.0825225600718175e-14,4.0825225600718175e-14,1.5605260746879688e-14,1.6862526806960224e-14,1.6941875078814934e-14,6.839528943203277e-13,3.883004838729773e-14,6.832312493543213e-13,0.0,6.776263578034403e-21,0.0,0.0,0.0,5.211247416091873e-13,2.805380253449697e-13,5.211247417200295e-13,2.8053802540463966e-13,5.421010862427522e-20,5.421010862427522e-20,3.196846759765131e-14,3.196846759765131e-14,1.0447499512775736e-14,2.775422550202544e-14,1.0447499512775736e-14,2.775422550202544e-14,2.6488463937545224e-08
2.708721151368327e-08,2.402658269062924e-11,2.6264871105265675e-14,1.3855398233572658e-19,3.67947339316718e-19,0.0,0.0,0.0009101851882355769,0.11606950460338891,8.62693396959859e-06,1.3552083994681752,3.4172251719651346e-05,4.224745221938413e-14,4.224745221938413e-14,1.5646855346072405e-14,1.9061460465095557e-14,1.2941710129652983e-14,7.066569551739121e-13,4.126595445333397e-14,7.061018436615996e-13,0.0,6.776263578034403e-21,0.0,0.0,0.0,4.871332178884958e-13,2.6223930685844617e-13,4.871332180291165e-13,2.622393069341468e-13,5.421010862427522e-20,2.710505431213761e-20,3.186786619742121e-14,1.5933933098710604e-14,2.0894999026148504e-15,2.877169409474031e-14,2.0894999026148504e-15,2.877169409474031e-14,2.708721151368327e-08
2.7684756583439875e-08,2.5002483414005832e-11,2.665090312800616e-14,1.4807398175886214e-19,3.8573186252104972e-19,0.0,0.0,0.0007619819906201127,0.09610786390363109,8.993710612256559e-06,0.13060939084100406,3.428906725587526e-05,1.8492529305944396e-14,1.8492529305944396e-14,1.848514584430302e-14,1.4249634497208548e-14,1.2941710129652983e-14,7.271405699782463e-13,4.3369274666872e-14,7.265854584659337e-13,0.0,6.776263578034403e-21,0.0,0.0,0.0,7.123401127899028e-13,3.834753421973565e-13,7.123401127171109e-13,3.8347534215817026e-13,2.710505431213761e-20,0.0,1.588388922790217e-14,0.0,1.6715999221570566e-14,2.943365322236295e-14,1.6715999221570566e-14,2.944528707739155e-14,2.7684756583439875e-08
2.8278816967021076e-08,2.598877332467366e-11,2.7264170679182755e-14,1.5671711937038907e-19,4.0633596285770754e-19,0.0,0.0,0.0006614029490848935,0.08254929692217416,9.36231429043023e-06,0.026885279374992764,3.4401341773876884e-05,4.561087837115212e-14,4.561087837115212e-14,1.8603965431235336e-14,1.6827432275869443e-14,1.6065571195428103e-14,7.500666754367558e-13,4.5625891411655115e-14,7.494560527732119e-13,0.0,6.776263578034403e-21,0.0,0.0,0.0,8.63513738217611e-13,4.648569135861408e-13,8.63513738134893e-13,4.648569135416111e-13,5.421010862427522e-20,2.710505431213761e-20,3.166820065549593e-14,1.5834100327747965e-14,1.253699941679058e-14,3.049726494393792e-14,1.253699941679058e-14,3.049726494393792e-14,2.8278816967021076e-08
2.8872368279514954e-08,2.698103041717646e-11,2.8134078841576523e-14,1.6084317088342624e-19,4.2785960048941767e-19,0.0,0.0,0.0005885391982249565,0.07273504392180997,9.731786794485853e-06,0.023562128023863795,3.450578506659926e-05,4.363972509196151e-14,4.363972509196151e-14,1.569396122731143e-14,2.929424086441742e-14,1.5793273378556488e-14,7.724931805341839e-13,4.7883964555665013e-14,7.718825578706401e-13,0.0,6.776263578034403e-21,0.0,0.0,0.0,1.0581881029677787e-12,5.696563167072743e-13,1.0581881029131848e-12,5.696563166778846e-13,2.710505431213761e-20,2.710505431213761e-20,1.578456455718928e-14,1.578456455718928e-14,1.2536999417520937e-14,2.6155076830661116e-14,1.2536999417520937e-14,2.6162784235060894e-14,2.8872368279514954e-08
2.946305270026265e-08,2.797960095066314e-11,2.8547739556381544e-14,1.597375910731419e-19,4.45329298403834e-19,0.0,0.0,0.0005332805023017885,0.06524802087008733,1.0101882379612831e-05,0.021574889935710124,3.4611166233767146e-05,2.417188834729007e-14,2.417188834729007e-14,1.8853982205785123e-14,1.3152984326226531e-14,1.5530052155580585e-14,7.921996392212804e-13,5.003298568997928e-14,7.917000388601991e-13,0.0,6.776263578034403e-21,0.0,0.0,0.0,1.1865761419657665e-12,6.387716821132408e-13,1.1865761419227532e-12,6.387716820900853e-13,2.710505431213761e-20,0.0,1.573528009255459e-14,0.0,1.2536999418363466e-14,2.111765843201382e-14,1.2536999418363466e-14,2.1125341771446968e-14,2.946305270026265e-08
3.0052257153675615e-08,2.8985749677098668e-11,2.933773533145533e-14,1.7590215155963593e-19,4.671520089617539e-19,0.0,0.0,0.0004898025362917206,0.05935937968990166,1.0472525245168227e-05,0.03763752481562264,3.471089571277582e-05,4.422206114672052e-14,4.422206114672052e-14,2.1980208155384023e-14,1.904462335759015e-14,1.2941710129652983e-14,8.154033004359462e-13,5.2865598575873185e-14,8.146816554699399e-13,0.0,1.0164395367051604e-20,0.0,0.0,0.0,1.3823109944662988e-12,7.441419795244296e-13,1.3823109945639061e-12,7.441419795769747e-13,0.0,0.0,0.0,0.0,1.6715999225750725e-14,2.7769141264097616e-14,1.6715999225750725e-14,2.7742333377068426e-14,3.0052257153675615e-08
3.063916207349626e-08,2.9996848198528164e-11,2.952567113511702e-14,1.8076762691789973e-19,4.843985877876688e-19,0.0,0.0,0.00045463441417314596,0.054593026780470844,1.084370535382057e-05,0.1074207714593252,3.480436037259588e-05,3.690880570775205e-14,3.690880570775205e-14,1.9591011484711294e-14,1.6780198006184636e-14,1.2941710129652983e-14,8.393286066166183e-13,5.5107056252126e-14,8.387734951043058e-13,0.0,6.776263578034403e-21,0.0,0.0,0.0,1.4846711095983698e-12,7.992456855671753e-13,1.484671109667853e-12,7.992456856045803e-13,5.421010862427522e-20,2.710505431213761e-20,3.1274915744175615e-14,1.5637457872087807e-14,1.0447499516970804e-14,2.4250583369234712e-14,1.0447499516970804e-14,2.4246765582180364e-14,3.063916207349626e-08
3.12222922705967e-08,3.101126348164372e-11,3.039766514859721e-14,1.8397635559748722e-19,5.114812240244061e-19,0.0,0.0,0.00043090107053862884,0.05064551025977755,1.1214927435410175e-05,2.5668639740593875,3.489763520056345e-05,3.9163712060914704e-14,3.9163712060914704e-14,0.0,1.9037927604040726e-14,2.5883420259305965e-14,8.636980020071405e-13,5.787933586025869e-14,8.632539127972905e-13,0.0,1.3552527156068805e-20,0.0,0.0,0.0,1.643214331729023e-12,8.845945452874403e-13,1.6432143315801306e-12,8.845945452072867e-13,0.0,0.0,0.0,0.0,1.6715999228686524e-14,1.413144038932658e-14,1.6715999228686524e-14,1.4135246325332324e-14,3.12222922705967e-08
3.1804787224185376e-08,3.202917307074807e-11,3.122579971402873e-14,1.9238093049074326e-19,5.288115462770488e-19,0.0,0.0,0.00043370386253919503,0.04732151004008983,1.1586393236702472e-05,0.0844318209923334,3.4986433405833486e-05,4.119154660336214e-14,4.119154660336214e-14,1.4074680807767685e-14,1.675641989076718e-14,1.2941710129652983e-14,8.845701948700935e-13,6.019249472965231e-14,8.840705945090122e-13,0.0,6.776263578034403e-21,0.0,0.0,0.0,1.7464503761976861e-12,9.401697919553203e-13,1.7464503761844513e-12,9.401697919481956e-13,0.0,0.0,0.0,0.0,6.2684997113793486e-15,1.8633043995338573e-14,6.2684997113793486e-15,1.865201471820086e-14,3.1804787224185376e-08
3.238403699456994e-08,3.305089791060753e-11,3.139537187424303e-14,2.0140201110089785e-19,5.5271100764351875e-19,0.0,0.0,0.00043617639372399517,0.04448161016686711,1.1958116927429615e-05,0.36149665214247284,3.5071886956008195e-05,4.9943320719676045e-14,4.9943320719676045e-14,1.752974372829105e-14,1.6744495244539486e-14,1.2941710129652983e-14,9.068856776650591e-13,6.270582792646274e-14,9.063860773039778e-13,0.0,6.776263578034403e-21,0.0,0.0,0.0,1.8438419596062757e-12,9.925987793227143e-13,1.8438419595731885e-12,9.925987793049025e-13,2.710505431213761e-20,2.710505431213761e-20,1.5492564721416073e-14,1.5492564721416073e-14,1.25369994240927e-14,4.1186687858594e-14,1.25369994240927e-14,4.114508132296681e-14,3.238403699456994e-08
3.295981463632405e-08,3.407496085320438e-11,3.230100352645869e-14,2.061516193071045e-19,5.654716129834457e-19,0.0,0.0,0.00043831621861743954,0.04201921288975798,1.2329660092994079e-05,0.2471719164875254,3.51570055222584e-05,3.944886145617763e-14,3.944886145617763e-14,1.6900100631557664e-14,1.9027926164259965e-14,1.41182292323462e-14,9.288680935526372e-13,6.466340625579994e-14,9.28368493191556e-13,0.0,6.776263578034403e-21,0.0,0.0,0.0,1.9125807602434605e-12,1.0296030622815152e-12,1.912580760154125e-12,1.029603062233423e-12,5.421010862427522e-20,0.0,3.08895014871981e-14,0.0,1.2536999425513508e-14,2.6953241348527118e-14,1.2536999425513508e-14,2.6953241348527118e-14,3.295981463632405e-08
3.353249840133479e-08,3.510064668257042e-11,3.275943452361556e-14,2.033800895063567e-19,5.942927108438884e-19,0.0,0.0,0.0004401254017748577,0.039858532401534565,1.2700473901093532e-05,0.16406659429225484,3.5236112661799865e-05,3.123763542233759e-14,3.123763542233759e-14,2.1021841727477614e-14,1.3414319552866003e-14,1.3907509393057481e-14,9.55069356933791e-13,6.749578632982496e-14,9.542922008165533e-13,0.0,6.776263578034403e-21,0.0,0.0,0.0,2.0112351185479846e-12,1.0827118415441603e-12,2.0112351185512933e-12,1.0827118415459413e-12,5.421010862427522e-20,5.421010862427522e-20,3.0794351552184496e-14,3.0794351552184496e-14,1.4626499331520912e-14,3.6700325042323974e-14,1.4626499331520912e-14,3.669280679485039e-14,3.353249840133479e-08
3.410266826730299e-08,3.6126074427944266e-11,3.3456649596006326e-14,2.206163126342005e-19,6.064926020022139e-19,0.0,0.0,0.0004416147912572796,0.03794790341304868,1.3070647782481193e-05,0.30189558891992757,3.5309431470781355e-05,5.929629941446317e-14,5.929629941446317e-14,1.4187973726709293e-14,1.6708592550967987e-14,1.3702987196100783e-14,9.761080832504376e-13,6.961496982355775e-14,9.754974605868938e-13,0.0,1.3552527156068805e-20,0.0,0.0,0.0,2.0817844016839266e-12,1.1206907648233425e-12,2.081784401558195e-12,1.1206907647556573e-12,2.710505431213761e-20,5.421010862427522e-20,1.534983812722357e-14,3.069967625444714e-14,6.268499714301498e-15,2.4763919806444136e-14,6.268499714301498e-15,2.4778910072670804e-14,3.410266826730299e-08
3.4669605570467494e-08,3.715275249809711e-11,3.3904364385357514e-14,2.2701905198678024e-19,6.334496790643592e-19,0.0,0.0,0.00044280946035903345,0.04047226637827565,1.3440756513557441e-05,0.6192501063338735,3.53869418982018e-05,2.7888208361310348e-14,2.7888208361310348e-14,2.020677265555358e-14,1.4177473002108795e-14,4.051317953629805e-14,1.000088900582341e-12,7.211126668940202e-14,9.99644811372491e-13,0.0,1.3552527156068805e-20,0.0,0.0,0.0,2.1561738533649835e-12,1.1607369729858183e-12,2.1561738533054265e-12,1.160736972953757e-12,0.0,5.421010862427522e-20,0.0,3.060547224194806e-14,2.0894999050443344e-14,2.2483650647762327e-14,2.0894999050443344e-14,2.247244244704061e-14,3.4669605570467494e-08
3.523474763511769e-08,3.81805301386734e-11,3.458580836521537e-14,2.324303011889139e-19,6.505117955396019e-19,0.0,0.0,0.000443694687049887,0.047465662265524594,1.3810714722261946e-05,0.2144494975710648,3.545943648960475e-05,4.3361101158327667e-14,4.3361101158327667e-14,1.8509102804391215e-14,1.6684560150985592e-14,1.2941710129652983e-14,1.023348072948238e-12,7.495297357955469e-14,1.0227374502846942e-12,0.0,6.776263578034403e-21,0.0,0.0,0.0,2.2192571531597027e-12,1.1946967199400896e-12,2.2192571531001457e-12,1.1946967199080283e-12,5.421010862427522e-20,2.710505431213761e-20,3.051173619359628e-14,1.525586809679814e-14,1.462649933733838e-14,3.1927480211947325e-14,1.462649933733838e-14,3.194237870947973e-14,3.523474763511769e-08
3.579437509171206e-08,3.920813478972528e-11,3.521262707660503e-14,2.329914206638702e-19,6.764948589789267e-19,0.0,0.0,0.0004576410167356326,0.05686158496421824,1.417985567641466e-05,0.5620843901733562,3.5528181192107524e-05,2.8285460031521095e-14,2.8285460031521095e-14,2.056482636746661e-14,1.6672517486056465e-14,5.2495950948442746e-14,1.0482725798510728e-12,7.778394737713141e-14,1.0477729794899915e-12,0.0,1.0164395367051604e-20,0.0,0.0,0.0,2.2988108605452386e-12,1.237523011222847e-12,2.2988108604989165e-12,1.2375230111979102e-12,2.710505431213761e-20,2.710505431213761e-20,1.520923240944678e-14,1.520923240944678e-14,1.462649933945116e-14,3.086815233695241e-14,1.462649933945116e-14,3.084215966687438e-14,3.579437509171206e-08
3.8638560079823e-08,2.2264137236715813e-11,4.247285112226049e-14,3.4800583408665856e-20,1.263455166649935e-19,0.0,0.0,0.0005294967385251861,0.02186977344271521,4.112502416893e-06,0.054820947777918926,3.550248718931592e-05,4.732023142495916e-14,4.732023142495916e-14,2.5760088680812705e-14,1.9008078345567207e-14,1.2941710129652983e-14,8.998357614586894e-13,9.034304455812864e-15,8.99114116492683e-13,0.0,6.776263578034403e-21,0.0,0.0,0.0,2.2812095006421986e-12,1.2280476392891826e-12,2.2812095007017556e-12,1.2280476393212442e-12,2.710505431213761e-20,2.710505431213761e-20,1.5162827428792487e-14,1.5162827428792487e-14,8.357999623343322e-15,1.824300808263691e-14,8.357999623343322e-15,1.823930617352923e-14,3.8638560079823e-08
3.868250786926979e-08,2.247081568934035e-11,4.283875062361567e-14,4.4434931837427307e-20,1.5552178449492456e-19,0.0,0.0,0.0005403211207500598,0.022326794939644547,4.1125344231148924e-06,0.05765239786247894,3.4816357184942526e-05,4.1857250328274924e-14,4.1857250328274924e-14,2.0912606714245964e-14,1.9004783306461447e-14,1.2941710129652983e-14,9.084955010507656e-13,9.087569291141696e-15,9.07940389538453e-13,0.0,6.776263578034403e-21,0.0,0.0,0.0,2.285007355401916e-12,1.2300921453157946e-12,2.2850073554581645e-12,1.2300921453460748e-12,5.421010862427522e-20,2.710505431213761e-20,3.023340951961513e-14,1.5116704759807565e-14,1.4626499342065975e-14,2.7310799325264552e-14,1.4626499342065975e-14,2.7310799325264552e-14,3.868250786926979e-08
3.833460407107118e-08,2.2400105239811102e-11,4.3333591874030254e-14,3.239001271816653e-20,1.2995885161305831e-19,0.0,0.0,0.0005459284632253217,0.022565917725139852,4.111844155300933e-06,0.06898788065534762,3.468281444628635e-05,4.3690949950189045e-14,4.3690949950189045e-14,0.0,1.9001491730670102e-14,1.2941710129652983e-14,9.032219416837961e-13,9.238860871846261e-15,9.026668301714835e-13,0.0,1.3552527156068805e-20,0.0,0.0,0.0,2.2830856154544097e-12,1.2290576115716568e-12,2.2830856154345573e-12,1.2290576115609697e-12,0.0,2.710505431213761e-20,0.0,1.5070861834076537e-14,1.4626499343158642e-14,2.945036826355679e-14,1.4626499343158642e-14,2.947980391399513e-14,3.833460407107118e-08
3.793421757039221e-08,2.229415563425758e-11,4.298728498614701e-14,4.3231884527254513e-20,1.4067409283506258e-19,0.0,0.0,0.000550842915194739,0.022779368028113638,4.111542322726974e-06,0.08738975173699035,3.468098101673486e-05,4.368399405586399e-14,4.368399405586399e-14,2.1420761320886958e-14,1.8998204972380332e-14,1.2941710129652983e-14,8.98892071887758e-13,8.997892507589232e-15,8.983924715266767e-13,0.0,1.3552527156068805e-20,0.0,0.0,0.0,2.214829146947799e-12,1.1923129833416937e-12,2.2148291469643426e-12,1.1923129833505996e-12,2.710505431213761e-20,2.710505431213761e-20,1.5025296114245614e-14,1.5025296114245614e-14,1.6715999250460593e-14,3.0105998509512377e-14,1.6715999250460593e-14,3.008765685086153e-14,3.793421757039221e-08
3.75189831122191e-08,2.217516573468549e-11,4.257701680716822e-14,3.2100760718803804e-20,1.3740498640704783e-19,0.0,0.0,0.0005555920276309414,0.022994980033625195,4.111241884676628e-06,0.0919683613441141,3.4681349765286824e-05,3.048519779150894e-14,3.048519779150894e-14,2.1923740538160028e-14,1.8994923424174494e-14,1.2941710129652983e-14,8.930634010084759e-13,8.97271771907395e-15,8.924527783449321e-13,0.0,6.776263578034403e-21,0.0,0.0,0.0,2.1376593860561615e-12,1.1507700462897452e-12,2.1376593859767522e-12,1.1507700462469967e-12,2.710505431213761e-20,5.421010862427522e-20,1.4980005093554598e-14,2.9960010187109196e-14,1.4626499345060605e-14,3.0245657812586304e-14,1.4626499345060605e-14,3.023102871569992e-14,3.75189831122191e-08
3.710087816704821e-08,2.2049320264011193e-11,4.2128685039797764e-14,3.345512082515198e-20,1.3534563816736343e-19,0.0,0.0,0.0005603531529959863,0.02320433418207552,4.110941950883452e-06,0.14912380690766336,3.468427151275348e-05,5.357194221678516e-14,5.357194221678516e-14,1.603718710567356e-14,1.8991647229503918e-14,1.2941710129652983e-14,8.887335312124378e-13,8.555988511644142e-15,8.881784197001252e-13,0.0,6.776263578034403e-21,0.0,0.0,0.0,2.081680456764904e-12,1.120634807966954e-12,2.0816804567483603e-12,1.120634807958048e-12,5.421010862427522e-20,0.0,2.986997259075423e-14,0.0,1.2536999439333028e-14,2.3894093641910493e-14,1.2536999439333028e-14,2.3912325057782547e-14,3.710087816704821e-08
3.668347071010051e-08,2.1919808187254326e-11,4.1626442457999595e-14,3.582659001036345e-20,1.2644025693096608e-19,0.0,0.0,0.0005651308446180397,0.023419583901691608,4.110642482064389e-06,0.3541222744854626,3.468517984924422e-05,4.411130520026666e-14,4.411130520026666e-14,1.5729270892957903e-14,1.6589805473663155e-14,1.2941710129652983e-14,8.796852135617428e-13,8.394137774184483e-15,8.79296635503124e-13,0.0,1.3552527156068805e-20,0.0,0.0,0.0,2.019010364180407e-12,1.0868975035980369e-12,2.019010364226729e-12,1.0868975036229737e-12,2.710505431213761e-20,2.710505431213761e-20,1.489023727276925e-14,1.489023727276925e-14,1.2536999439979382e-14,2.6327262572359564e-14,1.2536999439979382e-14,2.633089793035078e-14,3.668347071010051e-08
3.6267794531156664e-08,2.178668247388126e-11,4.185897855357408e-14,4.404571325722362e-20,1.129879358828814e-19,0.0,0.0,0.0005700513761048154,0.02364365053815878,4.110343985136713e-06,0.4505287001402594,3.468627814480018e-05,5.445229598577262e-14,5.445229598577262e-14,1.5978790235496294e-14,1.6578037618823257e-14,1.2941710129652983e-14,8.72191208145523e-13,8.486691035241179e-15,8.715805854819791e-13,0.0,1.3552527156068805e-20,0.0,0.0,0.0,1.9832930561804608e-12,1.067669740536929e-12,1.9832930561010514e-12,1.0676697404941804e-12,2.710505431213761e-20,2.710505431213761e-20,1.4845755608026097e-14,1.4845755608026097e-14,1.0447499533806007e-14,9.275090591155212e-15,1.0447499533806007e-14,9.282339587318678e-15,3.6267794531156664e-08
3.585216017095345e-08,2.1651434630458763e-11,4.138727685048211e-14,3.8219868664911026e-20,1.249407160447619e-19,0.0,0.0,0.0005750587462493105,0.023868289418415227,4.110046137434262e-06,0.8980429086873881,3.468922192462334e-05,4.117822992173482e-14,4.117822992173482e-14,1.62066438352914e-14,1.45385798815666e-14,1.2941710129652983e-14,8.674727602908661e-13,8.715919248275882e-15,8.668621376273222e-13,0.0,6.776263578034403e-21,0.0,0.0,0.0,1.901012597601564e-12,1.023375552349044e-12,1.9010125976081815e-12,1.0233755523526064e-12,0.0,2.710505431213761e-20,0.0,1.4801538912246423e-14,1.2536999441101141e-14,1.7866146953375137e-14,1.2536999441101141e-14,1.7866146953375137e-14,3.585216017095345e-08
3.543858480313427e-08,2.151563348204264e-11,4.098433821362571e-14,3.7461462540380125e-20,1.0924122442385548e-19,0.0,0.0,0.0005802019033112776,0.02410380688892614,4.10974931439056e-06,2.9089122787088,3.469088167010342e-05,4.881530082211947e-14,4.881530082211947e-14,2.767033825204893e-14,1.6554502660511033e-14,1.2941710129652983e-14,8.61644089411584e-13,8.769082841845934e-15,8.611444890505027e-13,0.0,1.3552527156068805e-20,0.0,0.0,0.0,1.8275912665578316e-12,9.838505143214771e-13,1.827591266567758e-12,9.838505143268209e-13,0.0,0.0,0.0,0.0,8.357999627723798e-15,1.1637598778076626e-14,8.357999627723798e-15,1.16520106651083e-14,3.543858480313427e-08
3.5023790436519186e-08,2.137427286431237e-11,4.0890736339348975e-14,3.1156538526969205e-20,1.276564901185378e-19,0.0,0.0,0.0005854085061316526,0.02434187856641979,4.109452917539962e-06,1.041943437295081,3.469319326392327e-05,4.5217796619446584e-14,4.5217796619446584e-14,2.2594510039890478e-14,1.8975348115482777e-14,1.2941710129652983e-14,8.530953721219703e-13,8.431811456099702e-15,8.524847494584264e-13,0.0,6.776263578034403e-21,0.0,0.0,0.0,1.7661527390222774e-12,9.507762005943973e-13,1.7661527389163982e-12,9.507762005373992e-13,1.0842021724855044e-19,8.131516293641283e-20,5.88555640537289e-14,4.414167304029668e-14,1.2536999442025244e-14,2.6094497692771068e-14,1.2536999442025244e-14,2.6094497692771068e-14,3.5023790436519186e-08
3.4613034347871274e-08,2.1232867967982196e-11,4.072642487360507e-14,2.9778960857887617e-20,1.2327339927656927e-19,0.0,0.0,0.0005907259854062958,0.02458340970039278,4.109157191586084e-06,0.46056331706878983,3.469548434036889e-05,5.588361205044745e-14,5.588361205044745e-14,2.2793467721088458e-14,1.897210485734166e-14,1.2941710129652983e-14,8.460454559156005e-13,8.48507176623701e-15,8.453793221008254e-13,0.0,2.710505431213761e-20,0.0,0.0,0.0,1.6830362038171783e-12,9.060319257630926e-13,1.6830362038502655e-12,9.060319257809045e-13,2.710505431213761e-20,5.421010862427522e-20,1.4670455172802173e-14,2.9340910345604347e-14,1.0447499535353259e-14,2.1185753249962556e-14,1.0447499535353259e-14,2.1185753249962556e-14,3.4613034347871274e-08
3.42017273817973e-08,2.1088824288162853e-11,3.990699712077214e-14,5.0913656046507296e-20,1.1124039071888967e-19,0.0,0.0,0.0005961929345475802,0.02483857410266803,4.108862409821268e-06,0.20000030603584262,3.4697760939947585e-05,4.6018572020143065e-14,4.6018572020143065e-14,2.299493202990614e-14,1.4513069625741067e-14,1.2941710129652983e-14,8.390510508604621e-13,8.323827583232094e-15,8.385514504993807e-13,0.0,6.776263578034403e-21,0.0,0.0,0.0,1.6162107694326606e-12,8.700576687221306e-13,1.616210769535231e-12,8.700576687773475e-13,2.710505431213761e-20,2.710505431213761e-20,1.4627275025126518e-14,1.4627275025126518e-14,1.671599925704741e-14,2.586232237761279e-14,1.671599925704741e-14,2.586232237761279e-14,3.42017273817973e-08
3.3793500423301987e-08,2.094566339874946e-11,4.0086431493547103e-14,3.542380497943864e-20,1.1304402451681162e-19,0.0,0.0,0.0006018401457886234,0.025100912901776722,4.108568496889472e-06,0.6039356024438355,3.470071878919201e-05,3.526773911929808e-14,3.526773911929808e-14,1.719430396822421e-14,1.5740909176179368e-14,1.2941710129652983e-14,8.35387314879199e-13,8.474482946610533e-15,8.347766922156552e-13,0.0,6.776263578034403e-21,0.0,0.0,0.0,1.5916257818254953e-12,8.56822787846687e-13,1.5916257819181395e-12,8.568227878965604e-13,2.710505431213761e-20,2.710505431213761e-20,1.4584348319256744e-14,1.4584348319256744e-14,1.4626499350299383e-14,2.1502929556675282e-14,1.4626499350299383e-14,2.1527854297012545e-14,3.3793500423301987e-08
3.338507551833488e-08,2.0798487263036166e-11,3.919024374267629e-14,4.4796753052144916e-20,1.1201259427046365e-19,0.0,0.0,0.0006075621141723654,0.025362274542456837,4.108275116553872e-06,0.9368702034507067,3.4701738246068795e-05,5.061645077802213e-14,5.061645077802213e-14,1.7554825930830556e-14,1.8962408690293944e-14,1.2941710129652983e-14,8.242295734817162e-13,8.216085889899149e-15,8.237854842718662e-13,0.0,6.776263578034403e-21,0.0,0.0,0.0,1.5929298467574888e-12,8.575248074817809e-13,1.5929298468302807e-12,8.575248075209671e-13,2.710505431213761e-20,0.0,1.454167283039279e-14,0.0,8.357999628941168e-15,1.560693525769821e-14,8.357999628941168e-15,1.5617586032441863e-14,3.338507551833488e-08
3.2978457188694406e-08,2.0651214710727516e-11,3.924897487880864e-14,4.4507531393241976e-20,1.0829685661308588e-19,0.0,0.0,0.0006134925156037286,0.02565490418284354,4.107982744822651e-06,0.3271127604971591,3.4703521514257746e-05,3.65039082972398e-14,3.65039082972398e-14,1.8246281089627614e-14,1.8959187927824165e-14,1.2941710129652983e-14,8.191225475684405e-13,8.48335008465013e-15,8.187894806610529e-13,0.0,6.776263578034403e-21,0.0,0.0,0.0,1.5537515246841485e-12,8.364338704503807e-13,1.5537515246444438e-12,8.364338704290065e-13,5.421010862427522e-20,2.710505431213761e-20,2.899849271939743e-14,1.4499246359698716e-14,1.0447499536402153e-14,2.527842662073064e-14,1.0447499536402153e-14,2.5292586221134354e-14,3.2978457188694406e-08
3.25725611678491e-08,2.0501902940308828e-11,3.879729123708623e-14,3.1873659599232996e-20,1.1773011306884975e-19,0.0,0.0,0.0006194963716901641,0.025930559457328712,4.107690639905094e-06,0.37284893580854966,3.470714329732151e-05,3.5761409338998745e-14,3.5761409338998745e-14,1.7316644401856947e-14,1.5705475159218934e-14,1.2941710129652983e-14,8.105738302788268e-13,8.030806209658551e-15,8.100187187665142e-13,0.0,3.3881317890172014e-21,0.0,0.0,0.0,1.4948176862435261e-12,8.047079105370584e-13,1.4948176861111772e-12,8.047079104658107e-13,0.0,2.710505431213761e-20,0.0,1.4457066733925046e-14,1.2536999443928933e-14,2.9719250688912514e-14,1.2536999443928933e-14,2.9712191484473343e-14,3.25725611678491e-08
3.216926588131963e-08,2.035154438886108e-11,3.831363411565416e-14,4.749430886306968e-20,1.2455061266002727e-19,0.0,0.0,0.0006257326203436903,0.026215367937665476,4.107399552871727e-06,2.9466187105803088,3.4710723668678535e-05,3.51253954795116e-14,3.51253954795116e-14,1.8708860637072846e-14,1.8952763500145862e-14,1.2941710129652983e-14,8.007483565108942e-13,8.045211083340085e-15,8.000267115448878e-13,0.0,2.0328790734103208e-20,0.0,0.0,0.0,1.4577262286812479e-12,7.847403990549606e-13,1.457726228750731e-12,7.847403990923654e-13,2.710505431213761e-20,2.710505431213761e-20,1.4415131805037665e-14,1.4415131805037665e-14,1.0447499536794402e-14,2.5395731197144452e-14,1.0447499536794402e-14,2.5388692468985597e-14,3.216926588131963e-08
3.176792831010041e-08,2.020207810272466e-11,3.833369564255209e-14,4.276467947043152e-20,1.1112196831326808e-19,0.0,0.0,0.0006322021982329655,0.026524828917427593,4.107109538674484e-06,0.6130375987995236,3.4711155344456516e-05,3.82101818133142e-14,3.82101818133142e-14,0.0,3.136370706298018e-14,1.2941710129652983e-14,7.950862190853059e-13,8.389743236685306e-15,7.945311075729933e-13,0.0,6.776263578034403e-21,0.0,0.0,0.0,1.4305222266097564e-12,7.700956193827253e-13,1.4305222265369645e-12,7.700956193435391e-13,2.710505431213761e-20,0.0,1.4373439449853178e-14,0.0,6.2684997221789396e-15,2.127618963775135e-14,6.2684997221789396e-15,2.126215289710299e-14,3.176792831010041e-08
3.136824583491046e-08,2.005056095965443e-11,3.764175922899756e-14,2.879912020664621e-20,1.3051937083396217e-19,0.0,0.0,0.0006387958982832302,0.02684777775527561,4.106819914271858e-06,2.12849185833353,3.471293847368123e-05,4.529965797305588e-14,4.529965797305588e-14,1.803928972136e-14,1.567004303152211e-14,1.2941710129652983e-14,7.899236820207989e-13,7.879861606879162e-15,7.892020370547925e-13,0.0,1.3552527156068805e-20,0.0,0.0,0.0,1.4012325851787682e-12,7.543280736992512e-13,1.4012325851159025e-12,7.543280736654086e-13,0.0,0.0,0.0,0.0,1.0447499537120605e-14,2.1603227033360392e-14,1.0447499537120605e-14,2.1603227033360392e-14,3.136824583491046e-08
3.097102525667725e-08,1.989838703753841e-11,3.7300189245860176e-14,4.839961380881577e-20,9.846895491560711e-20,0.0,0.0,0.0006456038746970651,0.0271684519065724,4.106530793233113e-06,0.6394818270568542,3.4717186104366516e-05,3.3868382176557515e-14,3.3868382176557515e-14,1.5225735431863306e-14,1.894316998532024e-14,1.2941710129652983e-14,7.830958104193542e-13,8.030088724931606e-15,7.824851877558103e-13,0.0,6.776263578034403e-21,0.0,0.0,0.0,1.364989976495193e-12,7.348175245703715e-13,1.364989976458797e-12,7.348175245507784e-13,0.0,2.710505431213761e-20,0.0,1.4290774089969048e-14,1.253699944471564e-14,9.622670142297202e-15,1.253699944471564e-14,9.605225127535969e-15,3.097102525667725e-08
3.057645562449524e-08,1.9746199342187645e-11,3.6861745174908696e-14,3.2552964993769314e-20,1.0626227064594079e-19,0.0,0.0,0.0006527212326909007,0.027512598057651768,4.1062430261623506e-06,1.948474371995134,3.471955724600034e-05,2.3021093953442955e-14,2.3021093953442955e-14,2.0331422385854357e-14,2.7000808076172628e-14,1.2941710129652983e-14,7.741030039198904e-13,7.83120560548045e-15,7.734923812563466e-13,0.0,1.3552527156068805e-20,0.0,0.0,0.0,1.3235663483256375e-12,7.125178678443679e-13,1.323566348332255e-12,7.125178678479302e-13,5.421010862427522e-20,5.421010862427522e-20,2.8499593919923943e-14,2.8499593919923943e-14,1.4626499352350958e-14,2.449562951276796e-14,1.4626499352350958e-14,2.449562951276796e-14,3.057645562449524e-08
3.018351572224778e-08,1.9594569419264708e-11,3.6630714693412505e-14,5.476970317815439e-20,1.0663421547306334e-19,0.0,0.0,0.000659972762697766,0.027856958031460637,4.10595549705226e-06,0.4299354454704178,3.472312210787812e-05,2.109346982004679e-14,2.109346982004679e-14,2.0718145890539893e-14,1.5634612787163414e-14,1.2941710129652983e-14,7.678302438307583e-13,7.884401665811672e-15,7.670530877135207e-13,0.0,6.776263578034403e-21,0.0,0.0,0.0,1.305424681045918e-12,7.027516312626969e-13,1.3054246810128308e-12,7.02751631244885e-13,2.710505431213761e-20,0.0,1.4209054152356651e-14,0.0,1.0447499537513366e-14,2.3665869750631302e-14,1.0447499537513366e-14,2.3648524492825212e-14,3.018351572224778e-08
2.9792634137677033e-08,1.9440575057861092e-11,3.6388649937756395e-14,4.375972563735819e-20,1.1783771374368013e-19,0.0,0.0,0.0006675061955205001,0.028226420797067536,4.105668853896264e-06,5.80816694124413,3.472436351554344e-05,4.2780157439027775e-14,4.2780157439027775e-14,2.1553417889688146e-14,1.6389781795978464e-14,1.2941710129652983e-14,7.590039707849883e-13,7.589047675220481e-15,7.582823258189819e-13,0.0,2.0328790734103208e-20,0.0,0.0,0.0,1.279592815475108e-12,6.888455163163327e-13,1.27959281552143e-12,6.888455163412694e-13,5.421010862427522e-20,2.710505431213761e-20,2.8337087325940056e-14,1.4168543662970028e-14,8.357999630098881e-15,2.13464836965393e-14,8.357999630098881e-15,2.1370697824861414e-14,2.9792634137677033e-08
2.9404214239188272e-08,1.9287595394472866e-11,3.6119293651904885e-14,3.525122774298533e-20,1.267926018249364e-19,0.0,0.0,0.0006753073314786243,0.028598992898271686,4.10538302171168e-06,0.6151099439640791,3.472670088499553e-05,3.1613233004236595e-14,3.1613233004236595e-14,2.3213131138071883e-14,1.5610993671070167e-14,1.2941710129652983e-14,7.535083668130937e-13,7.700359123512335e-15,7.528977441495499e-13,0.0,1.3552527156068805e-20,0.0,0.0,0.0,1.3418759630642202e-12,7.223745158855403e-13,1.3418759631287403e-12,7.223745159202736e-13,8.131516293641283e-20,2.710505431213761e-20,4.2384790531230155e-14,1.4128263510410052e-14,1.2536999445270315e-14,3.13819775172298e-14,1.2536999445270315e-14,3.13819775172298e-14,2.9404214239188272e-08
2.9017310465298174e-08,1.9133801537712243e-11,3.549967417464481e-14,5.1334669189993883e-20,9.651284399022147e-20,0.0,0.0,0.0006833805310427752,0.02898492664017217,4.105097839061626e-06,0.30873178973235066,3.473033974190557e-05,4.834636430075342e-14,4.834636430075342e-14,2.1956173088616595e-14,1.5599184427569407e-14,1.2941710129652983e-14,7.461808948505677e-13,7.637505015564703e-15,7.455147610357926e-13,0.0,6.776263578034403e-21,0.0,0.0,0.0,1.3497144479543646e-12,7.265942216434903e-13,1.3497144479312036e-12,7.265942216310221e-13,0.0,0.0,0.0,0.0,1.2536999445383062e-14,3.0202676886400026e-14,1.2536999445383062e-14,3.019579778905658e-14,2.9017310465298174e-08
2.8634696253035165e-08,1.898035693455073e-11,3.4964534873765974e-14,5.107545460138302e-20,9.579603360354959e-20,0.0,0.0,0.0006917988794139394,0.029396023017971302,4.104813361146375e-06,0.36507155410178294,3.473147241920912e-05,4.8624570849261936e-14,4.8624570849261936e-14,1.1521132044789803e-14,1.6354489626680384e-14,1.2941710129652983e-14,7.377987110146478e-13,7.381490949621669e-15,7.371880883511039e-13,0.0,1.3552527156068805e-20,0.0,0.0,0.0,1.3227860973276594e-12,7.12097833912434e-13,1.3227860974054144e-12,7.12097833954292e-13,0.0,0.0,0.0,0.0,1.4626499353068786e-14,1.841473351650816e-14,1.4626499353068786e-14,1.8401014214204933e-14,2.8634696253035165e-08
2.8255262142472164e-08,1.8827324141133108e-11,3.486851561573017e-14,6.113324966613505e-20,8.680044382153564e-20,0.0,0.0,0.0007004775457329903,0.029817136711249918,4.1045294556371035e-06,0.3161928777258473,3.473271396811117e-05,4.8905160491359613e-14,4.8905160491359613e-14,2.0251825433281535e-14,1.6342725970648437e-14,1.2941710129652983e-14,7.333023077649159e-13,7.550637359934599e-15,7.327471962526033e-13,0.0,2.0328790734103208e-20,0.0,0.0,0.0,1.29476326862885e-12,6.970122538199058e-13,1.2947632685941085e-12,6.970122538012033e-13,2.710505431213761e-20,2.710505431213761e-20,1.4008785594888621e-14,1.4008785594888621e-14,8.357999630389742e-15,2.576062475744546e-14,8.357999630389742e-15,2.5753784442852405e-14,2.8255262142472164e-08
2.7877003618060807e-08,1.8673000164004155e-11,3.453851012423393e-14,4.289032271287734e-20,9.919520501118944e-20,0.0,0.0,0.0007095429801612476,0.030258066667078903,4.104246422766005e-06,0.6242415849985782,3.4736970024237395e-05,2.6602743079289492e-14,2.6602743079289492e-14,1.3293416105646753e-14,1.3018593623881623e-14,1.2941710129652983e-14,7.238099009043708e-13,7.4300805421007e-15,7.231437670895957e-13,0.0,1.3552527156068805e-20,0.0,0.0,0.0,1.3424893283990704e-12,7.227047099563946e-13,1.3424893283461308e-12,7.227047099278956e-13,5.421010862427522e-20,5.421010862427522e-20,2.7938814840684407e-14,2.7938814840684407e-14,6.2684997228375225e-15,2.043938642612926e-14,6.2684997228375225e-15,2.0449618056244126e-14,2.7877003618060807e-08
2.75024797808889e-08,1.8519671934626406e-11,3.4149736563623947e-14,4.3554299070396094e-20,8.656956414006532e-20,0.0,0.0,0.0007189772313100714,0.03070816222998345,4.1039639860419404e-06,0.9368432961181283,3.4740685571324146e-05,3.714776287951076e-14,3.714776287951076e-14,1.190669223687671e-14,1.891470599983041e-14,1.2941710129652983e-14,7.143174940438257e-13,7.386816539124145e-15,7.134293156241256e-13,0.0,1.3552527156068805e-20,0.0,0.0,0.0,1.3238041905935344e-12,7.126459059029222e-13,1.323804190651437e-12,7.126459059340931e-13,0.0,2.710505431213761e-20,0.0,1.393025000640992e-14,1.4626499353386142e-14,1.660019970211326e-14,1.4626499353386142e-14,1.6607001668801282e-14,2.75024797808889e-08
2.7130190386653725e-08,1.836639510549346e-11,3.391290674805642e-14,3.355148719131727e-20,8.847049283938748e-20,0.0,0.0,0.000728787562777168,0.03119207207607276,4.1036823877973154e-06,0.9973203474899319,3.474249509477622e-05,5.0185013312357024e-14,5.0185013312357024e-14,2.1205446960827396e-14,1.8911573139476142e-14,1.2941710129652983e-14,7.087108677694687e-13,7.131581007097492e-15,7.083222897108499e-13,0.0,6.776263578034403e-21,0.0,0.0,0.0,1.3251934964492983e-12,7.133938134387885e-13,1.3251934965253989e-12,7.13393813479756e-13,2.710505431213761e-20,2.710505431213761e-20,1.3891311501849724e-14,1.3891311501849724e-14,1.2536999445838773e-14,2.339101522560677e-14,1.2536999445838773e-14,2.339101522560677e-14,2.7130190386653725e-08
2.675888734222128e-08,1.8211632554601462e-11,3.3621752924887106e-14,4.1392100396060156e-20,1.0836257641177285e-19,0.0,0.0,0.000739022044477537,0.031686667571694666,4.103401596484055e-06,7.076036910007469,3.474488036965251e-05,3.913155392037704e-14,3.913155392037704e-14,2.5927742483260446e-14,1.439194485076519e-14,1.2941710129652983e-14,7.003286839335487e-13,7.088547933960745e-15,6.998845947236987e-13,0.0,6.776263578034403e-21,0.0,0.0,0.0,1.2954604617184408e-12,6.97387575037688e-13,1.2954604616787362e-12,6.973875750163137e-13,5.421010862427522e-20,2.710505431213761e-20,2.7705180152121185e-14,1.3852590076060592e-14,1.0447499538261044e-14,2.644403922747023e-14,1.0447499538261044e-14,2.6457567320181556e-14,2.675888734222128e-08
2.6394546079452058e-08,1.805952873094866e-11,3.303673773586312e-14,3.969323281065094e-20,9.71307924567751e-20,0.0,0.0,0.0007497651081759885,0.032208160324240585,4.103121479905841e-06,5.244236066129473,3.474799763104009e-05,3.7757861970382667e-14,3.7757861970382667e-14,1.340559609885106e-14,1.6283910697652332e-14,1.2941710129652983e-14,6.918354777951663e-13,7.469067130233583e-15,6.91335877434085e-13,0.0,6.776263578034403e-21,0.0,0.0,0.0,1.2828301887746867e-12,6.905882973440843e-13,1.2828301887813042e-12,6.905882973476467e-13,2.710505431213761e-20,2.710505431213761e-20,1.381408391879566e-14,1.381408391879566e-14,1.044749953831957e-14,1.8148079791173535e-14,1.044749953831957e-14,1.816157027977504e-14,2.6394546079452058e-08
2.60288210477133e-08,1.7906360141561494e-11,3.265664930278687e-14,4.239397785540344e-20,9.346190459678703e-20,0.0,0.0,0.0007609076193568535,0.032759788706604176,4.102841934854071e-06,1.3911876995109766,3.475052471111481e-05,3.4442891570010285e-14,3.4442891570010285e-14,2.3828805256298486e-14,1.6272148245239962e-14,1.2941710129652983e-14,6.855627177060342e-13,7.387386916062031e-15,6.848410727400278e-13,0.0,1.3552527156068805e-20,0.0,0.0,0.0,1.2653854677228203e-12,6.811972490866694e-13,1.2653854677757599e-12,6.811972491151685e-13,0.0,0.0,0.0,0.0,8.357999630699974e-15,2.3109050447809347e-14,8.357999630699974e-15,2.3102323901324758e-14,2.60288210477133e-08
2.5668280163840506e-08,1.77538827310749e-11,3.2403347764344935e-14,5.447416332175365e-20,1.0404991769228635e-19,0.0,0.0,0.0007726269010780675,0.03333213115518239,4.102563174500654e-06,0.8092424548478173,3.475357838550402e-05,4.195185451485456e-14,4.195185451485456e-14,2.3898316646933745e-14,1.8899102330807326e-14,1.2941710129652983e-14,6.77125022718883e-13,7.151997506359724e-15,6.764588889041079e-13,0.0,1.3552527156068805e-20,0.0,0.0,0.0,1.2439714957126874e-12,6.696694267768622e-13,1.2439714958053316e-12,6.696694268267355e-13,5.421010862427522e-20,2.710505431213761e-20,2.7475420537867243e-14,1.3737710268933621e-14,1.4626499353798552e-14,3.8138061338908615e-14,1.4626499353798552e-14,3.814141531492998e-14,2.5668280163840506e-08
2.2554824449954884e-07,5.580760567891993e-10,2.32575487074156e-13,4.795205899035936e-18,5.1408536407076765e-18,0.0,0.0,0.23518990136428855,9.769987495512156,0.0009822079166530388,0.3201623119475193,0.00837603968842737,2.5896368451754907e-14,2.5896368451754907e-14,1.561141109461855e-14,1.5479256615322685e-14,1.2941710129652983e-14,9.542866497014302e-12,7.866703667258603e-12,9.542089340897064e-12,0.0,2.2382096176443156e-12,0.0,2.2382096176443156e-12,0.0,2.2413266533481074e-12,1.2065774339205532e-12,2.2413266533472802e-12,1.206577433920108e-12,2.710505431213761e-20,2.710505431213761e-20,1.369983925509783e-14,1.369983925509783e-14,1.6911406526415124e-14,3.215623369982116e-14,1.6911406526415124e-14,3.2146199510580695e-14,2.2554824449954884e-07
1.98011229877494e-08,2.1872596361187265e-11,2.9046126999483754e-14,2.2242454564689942e-19,2.869008852604414e-19,0.0,0.0,0.22139871656233837,0.7652927448497793,1.2636419810330185e-05,0.014759933820042561,1.6265300204267425e-05,3.689496940997379e-14,3.689496940997379e-14,1.930381507337719e-14,1.5844398364572297e-14,1.2941710129652983e-14,6.895595205946847e-13,1.8641346573188552e-13,6.889488979311409e-13,0.0,1.3552527156068805e-20,0.0,0.0,0.0,1.6418402986445349e-12,8.838548595701753e-13,1.6418402985880798e-12,8.838548595397837e-13,5.421010862427522e-20,2.710505431213761e-20,2.7321223354685953e-14,1.3660611677342977e-14,1.12742710131964e-14,3.0464951278285334e-14,1.12742710131964e-14,3.0436602481321576e-14,1.98011229877494e-08
2.519388291397614e-08,1.865550496808799e-11,3.2296996514099746e-14,6.692892539710808e-20,6.622063716438779e-20,0.0,0.0,0.032103828860243475,30.446149449567738,6.988502367814772e-06,0.616419482543099,2.3503215677555417e-05,4.089253811404517e-14,4.089253811404517e-14,2.0552254589152095e-14,1.900452964094232e-14,1.2941710129652983e-14,6.811773367587648e-13,1.2618227425955811e-13,6.806222252464522e-13,0.0,6.776263578034403e-21,0.0,0.0,0.0,7.939983483822697e-13,4.2743456795873085e-13,7.9399834853566e-13,4.274345680413058e-13,2.710505431213761e-20,0.0,1.3621564890141501e-14,0.0,9.395225841448512e-15,2.5600619385936218e-14,9.395225841448512e-15,2.5590642527251133e-14,2.519388291397614e-08
2.472880421537115e-08,1.837406888028272e-11,3.20869820157368e-14,1.1392102356669074e-19,4.946404286747797e-20,0.0,0.0,0.036213564989553707,1.090970599322329,7.197673423918066e-06,0.022833853329023518,3.031757244978011e-05,3.336589217071824e-14,3.336589217071824e-14,2.1187601731933407e-14,1.9025108799868436e-14,1.2941710129652983e-14,6.656897255652439e-13,1.0293490441376831e-13,6.651901252041625e-13,0.0,1.3552527156068805e-20,0.0,0.0,0.0,5.557420355606247e-13,2.9917361585240645e-13,5.557420354984311e-13,2.991736158189256e-13,2.710505431213761e-20,2.710505431213761e-20,1.3582697718187558e-14,1.3582697718187558e-14,9.395225838937036e-15,1.236916635999009e-14,9.395225838937036e-15,1.2372482490381509e-14,2.472880421537115e-08
2.4694458478711906e-08,1.8417920599937975e-11,3.144538905453787e-14,1.0403000554150329e-19,6.6290004823378e-20,0.0,0.0,0.22418278887485363,2.895264108683692,7.14056000322595e-06,0.059996646288771,3.0779463223577095e-05,5.576770182519387e-14,5.576770182519387e-14,2.073925027558098e-14,1.6953678632710244e-14,1.2941710129652983e-14,6.672440377997191e-13,9.335988376559048e-14,6.66577903984944e-13,0.0,6.776263578034403e-21,0.0,0.0,0.0,6.71474123615511e-13,3.614758802809042e-13,6.714741235418532e-13,3.6147588024125187e-13,2.710505431213761e-20,0.0,1.3544008996144541e-14,0.0,1.8790451673325235e-14,2.1777826017933134e-14,1.8790451673325235e-14,2.1771212648355868e-14,2.4694458478711906e-08
2.4806424248227767e-08,1.8615099690437044e-11,3.156071357376817e-14,1.109413230386062e-19,7.850419705898795e-20,0.0,0.0,0.18915264452429234,2.604373091963512,7.133440077234169e-06,0.05445328403877871,3.103915531855538e-05,5.057910444166037e-14,5.057910444166037e-14,0.0,1.6943081383575262e-14,1.2941710129652983e-14,6.744604874597826e-13,9.220216819161636e-14,6.737388424937762e-13,0.0,1.3552527156068805e-20,0.0,0.0,0.0,5.725190533861046e-13,3.0820521822346846e-13,5.725190532582535e-13,3.0820521815464213e-13,0.0,0.0,0.0,0.0,7.51618066766985e-15,2.6426070365715535e-14,7.51618066766985e-15,2.640463802965251e-14,2.4806424248227767e-08
2.4946085071825205e-08,1.8887061770483962e-11,3.191591904254622e-14,1.0943476372891706e-19,8.834051313454002e-20,0.0,0.0,0.04313910205594691,5.3275597119069555,7.143373496907448e-06,0.17118237611995737,3.128075362497887e-05,3.8695131920743575e-14,3.8695131920743575e-14,2.1410337141281946e-14,1.9014770607851272e-14,1.2941710129652983e-14,6.822320486321587e-13,9.247309268490266e-14,6.815659148173836e-13,0.0,6.776263578034403e-21,0.0,0.0,0.0,5.919531035967609e-13,3.1866718564746383e-13,5.919531037260854e-13,3.1866718571708336e-13,0.0,0.0,0.0,0.0,9.39522583270333e-15,1.9837684382884837e-14,9.39522583270333e-15,1.9817956843927798e-14,2.4946085071825205e-08
2.507538162377414e-08,1.9205927648748657e-11,3.1719705221122614e-14,1.0334024343651274e-19,1.0121324885040163e-19,0.0,0.0,0.02010027133705576,1.216420581723073,7.1598303223555016e-06,0.042348375585501766,3.151298244167219e-05,3.3796338937276295e-14,3.3796338937276295e-14,1.4038643218320394e-14,1.2365329762879107e-14,1.2941710129652983e-14,6.910028105266974e-13,9.34680304416267e-14,6.903366767119223e-13,0.0,2.0328790734103208e-20,0.0,0.0,0.0,6.480865816423649e-13,3.4888562248090166e-13,6.480865816947358e-13,3.488856225090945e-13,0.0,2.710505431213761e-20,0.0,1.34290020234622e-14,1.1274270997212006e-14,3.1599210180309694e-14,1.1274270997212006e-14,3.159265296715752e-14,2.507538162377414e-08
2.5180812475593964e-08,1.9560898285326278e-11,3.174558445471569e-14,1.0387734422263715e-19,1.2547450939880264e-19,0.0,0.0,0.013426181508630623,0.7076307848562018,7.1774326365778166e-06,0.5009678262179951,3.1734559002702076e-05,2.914977584388407e-14,2.914977584388407e-14,1.877872897977812e-14,1.6910718978818612e-14,2.5883420259305965e-14,7.013278846557114e-13,9.49198328449947e-14,7.006617508409363e-13,0.0,1.3552527156068805e-20,0.0,0.0,0.0,6.30402211779054e-13,3.393655636450779e-13,6.304022118095563e-13,3.3936556366149826e-13,5.421010862427522e-20,2.710505431213761e-20,2.678203128688348e-14,1.339101564344174e-14,7.516180663604655e-15,1.821998972123551e-14,7.516180663604655e-15,1.8229797718573336e-14,2.5180812475593964e-08
2.5266966594876374e-08,1.9946227475607284e-11,3.1603888338093566e-14,1.2619671672437146e-19,1.4814676521990177e-19,0.0,0.0,0.010262683189024967,0.509469332984138,7.188113742242543e-06,0.023399003394657628,3.194731442304436e-05,4.574984990724982e-14,4.574984990724982e-14,2.1650847572521046e-14,1.689976347499824e-14,2.1177343848516734e-14,7.048250871832806e-13,9.460318649304399e-14,7.041589533685055e-13,0.0,1.3552527156068805e-20,0.0,0.0,0.0,6.525249383487012e-13,3.5127493107969717e-13,6.525249383026893e-13,3.512749310549275e-13,8.131516293641283e-20,5.421010862427522e-20,4.005960609769867e-14,2.670640406513245e-14,1.1274270993824458e-14,2.541900357010731e-14,1.1274270993824458e-14,2.5402703067625515e-14,2.5266966594876374e-08
2.5334184542304784e-08,2.0364468832538383e-11,3.211688312783142e-14,1.0405498964618588e-19,1.4797206059222627e-19,0.0,0.0,0.008426033301683693,0.40443668740908717,7.199659600979826e-06,0.06356114705854013,3.2149690160433706e-05,4.032982892873759e-14,4.032982892873759e-14,2.455438658179186e-14,2.306836052531303e-14,2.0706736207438704e-14,7.133738044728943e-13,9.557969929842625e-14,7.12430114901963e-13,0.0,1.0164395367051604e-20,0.0,0.0,0.0,7.193023616418079e-13,3.8722334222292094e-13,7.193023617181153e-13,3.872233422639996e-13,8.131516293641283e-20,5.421010862427522e-20,3.994668024947885e-14,2.6631120166319233e-14,1.1274270992457251e-14,2.2302871189566596e-14,1.1274270992457251e-14,2.230774755525195e-14,2.5334184542304784e-08
2.5386475319444592e-08,2.0813086562474184e-11,3.193744247648329e-14,1.2065853517029178e-19,1.7148363377438175e-19,0.0,0.0,0.00723301802522022,0.33965310793244846,7.205389638633723e-06,0.23998826584738,3.234485061617223e-05,4.4637229893311876e-14,4.4637229893311876e-14,1.1162017198186476e-14,2.2562030325877977e-14,2.025658976814668e-14,7.21478432552658e-13,9.699188244104426e-14,7.206457652841891e-13,0.0,2.0328790734103208e-20,0.0,0.0,0.0,7.744845822020719e-13,4.16929686892575e-13,7.744845822122049e-13,4.1692968689802985e-13,2.710505431213761e-20,2.710505431213761e-20,1.3278088696808723e-14,1.3278088696808723e-14,3.758090330432084e-15,3.043042045155163e-14,3.758090330432084e-15,3.043366221361102e-14,2.5386475319444592e-08
2.5423297006045646e-08,2.12922677684001e-11,3.181665591555846e-14,1.443246958719741e-19,1.9229815688971693e-19,0.0,0.0,0.00640157991139557,0.29592630368694206,7.208230643378499e-06,0.4916595749535611,3.253132030420467e-05,4.1283309474749833e-14,4.1283309474749833e-14,2.271160744051737e-14,1.686646841127654e-14,1.982559849648409e-14,7.298606163885779e-13,9.917308603416468e-14,7.292499937250341e-13,0.0,1.3552527156068805e-20,0.0,0.0,0.0,8.336013187165034e-13,4.487541066569988e-13,8.336013187938448e-13,4.487541066986342e-13,2.710505431213761e-20,2.710505431213761e-20,1.3240786784267191e-14,1.3240786784267191e-14,1.1274270990331274e-14,3.151192130955599e-14,1.1274270990331274e-14,3.150545599948017e-14,2.5423297006045646e-08
2.544791477706645e-08,2.1802130128407748e-11,3.1859677280254074e-14,1.242340656706219e-19,1.9737915688838157e-19,0.0,0.0,0.005794835334352266,0.2646451791759334,7.20782297610441e-06,0.6195368486081128,3.270728041858879e-05,4.838384816596638e-14,4.838384816596638e-14,2.1737619587524906e-14,2.16120925983827e-14,3.882513038894821e-14,7.399081347614356e-13,1.0108567512336253e-13,7.392420009466605e-13,0.0,2.0328790734103208e-20,0.0,0.0,0.0,8.282603087034349e-13,4.458788710698578e-13,8.282603087127407e-13,4.4587887107486736e-13,0.0,0.0,0.0,0.0,1.879045164925299e-14,3.681016426091982e-14,1.879045164925299e-14,3.6829505795692176e-14,2.544791477706645e-08
2.5463051697221427e-08,2.2340016332692986e-11,3.1908000945107127e-14,1.2392833077629988e-19,2.1557153760163553e-19,0.0,0.0,0.005337981244695531,0.24154566991132312,7.202399538987093e-06,3.429158492080963,3.287889818286266e-05,4.405693259686607e-14,4.405693259686607e-14,2.365059600589254e-14,1.823024888252111e-14,1.2941710129652983e-14,7.509548538564559e-13,1.0324221579503843e-13,7.503997423441433e-13,0.0,1.3552527156068805e-20,0.0,0.0,0.0,7.665663552631989e-13,4.1266705345320836e-13,7.66566355362047e-13,4.1266705350642135e-13,0.0,0.0,0.0,0.0,1.691140648342106e-14,1.7464726594013325e-14,1.691140648342106e-14,1.7448653773661758e-14,2.5463051697221427e-08
2.546965332711861e-08,2.290772178155362e-11,3.202459435449126e-14,1.3705257454629436e-19,2.3741978632869585e-19,0.0,0.0,0.004985418426578988,0.22373287739012904,7.195285123331538e-06,5.3930114220319165,3.304291384035548e-05,2.500755481049952e-14,2.500755481049952e-14,1.7921454987929467e-14,3.547999936366768e-14,1.2941710129652983e-14,7.627787290687138e-13,1.0335025166036156e-13,7.622236175564012e-13,0.0,6.776263578034403e-21,0.0,0.0,0.0,7.431671348818071e-13,4.0007050879455824e-13,7.431671350147764e-13,4.000705088661398e-13,0.0,2.710505431213761e-20,0.0,1.3129887132556422e-14,2.066949681226457e-14,1.908602095814644e-14,2.066949681226457e-14,1.906678748052654e-14,2.546965332711861e-08
2.546352192528163e-08,2.3498320305037284e-11,3.1599061549095024e-14,1.5552745126324755e-19,2.5149782116263975e-19,0.0,0.0,0.004710629517461808,0.20991394984845319,7.179976065840399e-06,0.17718531853679345,3.319881799861505e-05,4.320290912406711e-14,4.320290912406711e-14,2.0916439079712862e-14,2.6992841037440948e-14,1.827064959479943e-14,7.696621118213898e-13,1.0665221340031927e-13,7.691070003090772e-13,0.0,1.3552527156068805e-20,0.0,0.0,0.0,6.908121021479731e-13,3.7188612926449247e-13,6.908121021206762e-13,3.7188612924979764e-13,2.710505431213761e-20,2.710505431213761e-20,1.3093252402833887e-14,1.3093252402833887e-14,9.395225823519988e-15,1.1012409195956396e-14,9.395225823519988e-15,1.1018802466897444e-14,2.546352192528163e-08
2.5451880901356886e-08,2.411412149093956e-11,3.1624601032248135e-14,1.2912808229579154e-19,2.7981907150114967e-19,0.0,0.0,0.00449465887472081,0.19894137731199216,7.166976658963053e-06,0.36506977012238057,3.335170173442286e-05,3.6881000701236034e-14,3.6881000701236034e-14,1.52672950720735e-14,1.897808215335444e-14,2.5883420259305965e-14,7.772116283888408e-13,1.145076852464633e-13,7.764899834228345e-13,0.0,1.3552527156068805e-20,0.0,0.0,0.0,6.312342237157067e-13,3.398134621368102e-13,6.312342237897394e-13,3.398134621766643e-13,0.0,2.710505431213761e-20,0.0,1.3056781834915808e-14,7.516180658724297e-15,1.8307141526980898e-14,7.516180658724297e-15,1.8307141526980898e-14,2.5451880901356886e-08
2.543181832805228e-08,2.4755524527083766e-11,3.186654370472742e-14,1.33884972076364e-19,2.982756084872284e-19,0.0,0.0,0.004326143964620592,0.19039727927201774,7.495408243643594e-06,0.15347097143202165,3.349690791027093e-05,5.266939273633093e-14,5.266939273633093e-14,1.7441729506152368e-14,1.6413418813499252e-14,1.758119111952413e-14,7.894240816597176e-13,1.163198078323368e-13,7.889244812986362e-13,0.0,2.0328790734103208e-20,0.0,0.0,0.0,5.676498210513173e-13,3.0558395556775856e-13,5.676498210234e-13,3.0558395555272977e-13,2.710505431213761e-20,5.421010862427522e-20,1.3020474392607352e-14,2.6040948785214703e-14,7.516180658724633e-15,2.6212938843114578e-14,7.516180658724633e-15,2.620658110873594e-14,2.543181832805228e-08
2.5403258664506488e-08,2.5418490661855564e-11,3.151425306559009e-14,1.5190255387750736e-19,3.2226056673819744e-19,0.0,0.0,0.004195400383945246,0.19966453088360397,7.85769830753283e-06,0.47479873007295337,3.3637148123043606e-05,2.995138841222993e-14,2.995138841222993e-14,2.0156734329746197e-14,1.9180640212019538e-14,1.7255613506199684e-14,7.975842208907125e-13,1.110164630749055e-13,7.971401316808624e-13,0.0,1.0164395367051604e-20,0.0,0.0,0.0,5.445359104057918e-13,2.931410022156048e-13,5.445359105110506e-13,2.931410022722689e-13,2.710505431213761e-20,0.0,1.2984329048241188e-14,0.0,1.1274270988217553e-14,3.508920084229743e-14,1.1274270988217553e-14,3.5063840502001255e-14,2.5403258664506488e-08
2.536758865883868e-08,2.6100333409333652e-11,3.139016943890941e-14,1.6030196433203154e-19,3.440255743819315e-19,0.0,0.0,0.004097652940281465,0.39078777806483755,8.221265289600581e-06,0.09633363096826503,3.377089059653442e-05,4.027613721525841e-14,4.027613721525841e-14,1.916804824264276e-14,1.896843279055998e-14,1.6941875078814306e-14,8.064104939364825e-13,1.0729490820783263e-13,8.057998712729386e-13,0.0,1.3552527156068805e-20,0.0,0.0,0.0,6.734774854739813e-13,3.6255435369609924e-13,6.734774854990035e-13,3.625543537095695e-13,0.0,0.0,0.0,0.0,9.395225823725769e-15,1.2085486318134072e-14,9.395225823725769e-15,1.2069680032078442e-14,2.536758865883868e-08
2.5323636048737825e-08,2.6802420670061292e-11,3.1340654070857144e-14,1.5396964552018812e-19,3.649918731990679e-19,0.0,0.0,0.02818866333481759,3.7551405345023854,8.586437107280325e-06,0.3530766302484249,3.390217925977569e-05,4.40426533167773e-14,4.40426533167773e-14,2.3400329135480137e-14,1.8484767475957183e-14,3.882513038895895e-14,8.154033004359462e-13,1.3647949158033918e-13,8.148481889236336e-13,0.0,1.3552527156068805e-20,0.0,0.0,0.0,9.796882234194837e-13,5.273973344714772e-13,9.796882233146127e-13,5.273973344150219e-13,2.710505431213761e-20,0.0,1.2912520584783541e-14,0.0,1.3153316153647256e-14,3.789948681918503e-14,1.3153316153647256e-14,3.788057175339605e-14,2.5323636048737825e-08
2.5273531315795368e-08,2.7523063553620326e-11,3.1236899695082034e-14,1.5093357070476963e-19,3.8355965297038443e-19,0.0,0.0,0.01281520891320387,1.3488318544961826,8.953072886250374e-06,0.14152819138081704,3.402621693870535e-05,3.69421654763745e-14,3.69421654763745e-14,1.558736550026676e-14,1.896208149379651e-14,1.634742332166305e-14,8.254508188088039e-13,1.1079982270911029e-13,8.248401961452601e-13,0.0,1.3552527156068805e-20,0.0,0.0,0.0,1.1483689058748256e-12,6.182035115563325e-13,1.1483689058487565e-12,6.182035115422987e-13,5.421010862427522e-20,2.710505431213761e-20,2.5753710904435978e-14,1.2876855452217989e-14,9.395225824433631e-15,2.8696638835018393e-14,9.395225824433631e-15,2.871235785278516e-14,2.5273531315795368e-08
2.5214904650511146e-08,2.8258610603380016e-11,3.120309413089618e-14,1.6941505956858496e-19,4.0543781129319767e-19,0.0,0.0,0.011810403736894433,0.25456521954385153,9.320158086269307e-06,0.10588171237588169,3.4149058522336026e-05,3.479021855559363e-14,3.479021855559363e-14,3.349110129978702e-14,1.8958929943906006e-14,1.2941710129652983e-14,8.322231792590173e-13,1.0402695153578362e-13,8.315570454442422e-13,0.0,2.0328790734103208e-20,0.0,0.0,0.0,1.3101955731709313e-12,7.053199542552921e-13,1.3101955732763968e-12,7.053199543120675e-13,0.0,0.0,0.0,0.0,7.516180659936757e-15,2.8078266676966626e-14,7.516180659936757e-15,2.8078266676966626e-14,2.5214904650511146e-08
2.5150516809827716e-08,2.901276431594207e-11,3.119257486031765e-14,1.7753828759785586e-19,4.1965049884794623e-19,0.0,0.0,0.014305093746973493,0.20218867082752817,9.688546336483704e-06,0.07019782002520322,3.426763061486505e-05,3.211436965709161e-14,3.211436965709161e-14,2.11971697139175e-14,1.596476975338269e-14,1.579327337855594e-14,8.438250098663502e-13,1.0692411811065501e-13,8.430478537491126e-13,0.0,1.3552527156068805e-20,0.0,0.0,0.0,1.5238987740371893e-12,8.203631851634852e-13,1.5238987740914214e-12,8.203631851926799e-13,0.0,0.0,0.0,0.0,1.691140648588492e-14,2.744132794019715e-14,1.691140648588492e-14,2.744132794019715e-14,2.5150516809827716e-08
2.5078603073167336e-08,2.9779127161692774e-11,3.080803879588836e-14,1.871698461056752e-19,4.393826231491248e-19,0.0,0.0,0.008082927678361579,0.2672110474776427,1.0057320012539348e-05,0.0339478819905828,3.437719953035077e-05,3.646855562347531e-14,3.646855562347531e-14,1.838066334557944e-14,2.7929732947979755e-14,3.1060104311160115e-14,8.540390616929017e-13,1.0336152730162735e-13,8.535949724830516e-13,0.0,6.776263578034403e-21,0.0,0.0,0.0,1.6629274437640605e-12,8.952067405684314e-13,1.6629274437362465e-12,8.952067405534584e-13,2.710505431213761e-20,0.0,1.2770804542245855e-14,0.0,1.1274270991370209e-14,2.54359253610245e-14,1.1274270991370209e-14,2.54359253610245e-14,2.5078603073167336e-08
2.500043670369304e-08,3.0556581793909275e-11,3.089877534762963e-14,1.8923747315983808e-19,4.607099775291468e-19,0.0,0.0,0.013485410290252152,0.4163213572490289,1.0426245766973224e-05,0.0605085344105381,3.4488602359428124e-05,3.7502547031506183e-14,3.7502547031506183e-14,2.5715035496716228e-14,1.5941415939634622e-14,2.5883420259305965e-14,8.558154185323019e-13,9.959342592251366e-14,8.552047958687581e-13,0.0,1.3552527156068805e-20,0.0,0.0,0.0,1.8617136094342326e-12,1.0022196569208642e-12,1.8617136094603405e-12,1.0022196569349188e-12,8.131516293641283e-20,2.710505431213761e-20,3.820729742133763e-14,1.2735765807112545e-14,2.442758714985718e-14,2.608750883420366e-14,2.442758714985718e-14,2.610616497878116e-14,2.500043670369304e-08
2.4914265608941848e-08,3.134729166045243e-11,3.094705607596727e-14,1.9142241857536418e-19,4.875691575625641e-19,0.0,0.0,0.04818093038449478,1.1059674752856106,1.0795930025803993e-05,0.07924660291035283,3.459512130436101e-05,4.683959261387518e-14,4.683959261387518e-14,2.0043968825914956e-14,1.666351319091554e-14,4.50872481936198e-14,8.680278718031786e-13,1.0580475121427922e-13,8.673617379884035e-13,0.0,6.776263578034403e-21,0.0,0.0,0.0,1.898169633674185e-12,1.0218450944324724e-12,1.8981696337039894e-12,1.021845094448517e-12,0.0,0.0,0.0,0.0,1.3153316158734139e-14,2.9005262876595316e-14,1.3153316158734139e-14,2.9023867920133863e-14,2.4914265608941848e-08
2.4821325233999104e-08,3.21484379761609e-11,3.064446835700068e-14,1.9298414705911495e-19,5.055667520166215e-19,0.0,0.0,0.02729829157479742,1.3127020144506836,1.1165322889374747e-05,0.04091770645047582,3.469578253662313e-05,3.4891216532271254e-14,3.4891216532271254e-14,1.889569567086257e-14,1.5918071905277956e-14,1.4790525862457336e-14,8.779088567223425e-13,1.0460058992326255e-13,8.774092563612612e-13,0.0,1.3552527156068805e-20,0.0,0.0,0.0,2.0108757971957168e-12,1.0825184074302452e-12,2.010875797110569e-12,1.0825184073844073e-12,0.0,0.0,0.0,0.0,1.3153316159950627e-14,2.339061979415462e-14,1.3153316159950627e-14,2.337515798836789e-14,2.4821325233999104e-08
2.4723771204541847e-08,3.29612974167629e-11,3.05943000808309e-14,2.088623349742043e-19,5.217347606114822e-19,0.0,0.0,0.010186449603873464,0.3827136494826654,1.1535615964580603e-05,0.07311891055697797,3.479431116415978e-05,3.4704502712185976e-14,3.4704502712185976e-14,1.4036146513657286e-14,2.7548959601800478e-14,1.2941710129652983e-14,8.900102876907567e-13,1.0210733952338467e-13,8.894551761784442e-13,0.0,6.776263578034403e-21,0.0,0.0,0.0,2.108171606830129e-12,1.1348958367284452e-12,2.108171606806244e-12,1.1348958367155872e-12,0.0,2.710505431213761e-20,0.0,1.2631570830883938e-14,1.3153316161261067e-14,2.2046936224233476e-14,1.3153316161261067e-14,2.2046936224233476e-14,2.4723771204541847e-08
2.461725471776755e-08,3.3781084076943795e-11,3.033591725493941e-14,2.0148882471530703e-19,5.448443896380553e-19,0.0,0.0,0.00867806245201597,0.3211311085291291,1.1905171885788345e-05,0.3622028159306667,3.48922533975266e-05,4.2201297824456966e-14,4.2201297824456966e-14,1.1798957455089315e-14,3.331564632743052e-14,2.5883420259305965e-14,8.980594046192891e-13,9.80430091888211e-14,8.972267373508203e-13,0.0,6.776263578034403e-21,0.0,0.0,0.0,2.1343339530505614e-12,1.1489798599210644e-12,2.134333953081684e-12,1.1489798599378187e-12,5.421010862427522e-20,2.710505431213761e-20,2.519428618355662e-14,1.259714309177831e-14,1.1274270996567325e-14,2.0652073768894316e-14,1.1274270996567325e-14,2.0645922741710728e-14,2.461725471776755e-08
2.450509110478105e-08,3.4609685009748934e-11,3.017234058750391e-14,2.0938382046913738e-19,5.698427719877822e-19,0.0,0.0,0.011370671310105994,0.4050312269865303,1.2274984921958275e-05,0.10039068209880689,3.498646385226383e-05,2.4614917015069765e-14,2.4614917015069765e-14,2.049639315944437e-14,1.6645939241667137e-14,3.882513038895895e-14,9.122147481832599e-13,9.839984103175488e-14,9.115486143684848e-13,0.0,1.3552527156068805e-20,0.0,0.0,0.0,2.219417692547378e-12,1.1947831433992145e-12,2.2194176925872893e-12,1.1947831434207002e-12,2.710505431213761e-20,0.0,1.256286575314523e-14,0.0,1.503236133045695e-14,1.9850562451730228e-14,1.503236133045695e-14,1.9850562451730228e-14,2.450509110478105e-08
2.438579301974291e-08,3.544255368243962e-11,3.0207044680137596e-14,2.17270142643812e-19,5.858927104020286e-19,0.0,0.0,0.017151743208867854,0.5694999837843693,1.2643803693406398e-05,0.017146304362026424,3.507684963143829e-05,3.806628533208054e-14,3.806628533208054e-14,1.822737774073511e-14,1.5391910271899e-14,2.7815018786114113e-14,9.205969320191798e-13,9.736994908039796e-14,9.201528428093297e-13,0.0,1.0164395367051604e-20,0.0,0.0,0.0,2.2674529120906046e-12,1.2206420300758619e-12,2.267452912158175e-12,1.2206420301122372e-12,0.0,0.0,0.0,0.0,9.395225832658451e-15,2.3008390675317228e-14,9.395225832658451e-15,2.3005331862411708e-14,2.438579301974291e-08
2.4261364799381082e-08,3.628384990900325e-11,3.001890932827191e-14,2.17837788610219e-19,6.053491970174914e-19,0.0,0.0,0.038138792550871506,1.029261937361515,1.301254970351525e-05,0.024484276520371447,3.516562363727401e-05,4.720843270557888e-14,4.720843270557888e-14,1.9826305216623406e-14,1.585975243226977e-14,1.370298719610037e-14,9.336420525585254e-13,1.0544008304318037e-13,9.33142452197444e-13,0.0,1.3552527156068805e-20,0.0,0.0,0.0,2.3987289373625196e-12,1.2913120903596963e-12,2.398728937289366e-12,1.2913120903203152e-12,2.710505431213761e-20,0.0,1.2494758587304679e-14,0.0,1.3153316167375058e-14,2.586228379616056e-14,1.3153316167375058e-14,2.5847031210765326e-14,2.4261364799381082e-08
2.4130067002199288e-08,3.71285058657026e-11,3.010096974192945e-14,2.2819168211482806e-19,6.288295773135658e-19,0.0,0.0,0.11942165153454984,8.965128089096448,1.3380780916221427e-05,0.2173587437418428,3.525112055555406e-05,4.488041432300277e-14,4.488041432300277e-14,1.4134060325924666e-14,1.661016521563802e-14,2.5883420259305965e-14,9.43911615536308e-13,1.0215119579374945e-13,9.43245481721533e-13,0.0,2.0328790734103208e-20,0.0,0.0,0.0,2.3963015927975594e-12,1.2900053735667376e-12,2.396301592783478e-12,1.290005373559157e-12,2.710505431213761e-20,2.710505431213761e-20,1.2460926933532212e-14,1.2460926933532212e-14,1.315331616910659e-14,3.2938519790529944e-14,1.315331616910659e-14,3.2926350761328674e-14,2.4130067002199288e-08
2.399310982267381e-08,3.797964144825924e-11,2.97049501484257e-14,2.3237897754683527e-19,6.488276165874184e-19,0.0,0.0,0.021941665372730536,1.2064588347112137,1.3748351652362919e-05,0.028854284389380837,3.5334819042148344e-05,4.9904099569963794e-14,4.9904099569963794e-14,2.0391644400119338e-14,1.583644005894628e-14,1.3311473276211856e-14,9.55291401538716e-13,9.817592098055753e-14,9.547918011776346e-13,0.0,1.3552527156068805e-20,0.0,0.0,0.0,2.383739686229137e-12,1.2832428996677044e-12,2.3837396861966185e-12,1.2832428996501987e-12,2.710505431213761e-20,2.710505431213761e-20,1.2427242026956388e-14,1.2427242026956388e-14,9.3952258363672e-15,2.3616915588786343e-14,9.3952258363672e-15,2.361388155543732e-14,2.399310982267381e-08
2.384947233379762e-08,3.883306279878683e-11,2.964861968013013e-14,2.476177355960873e-19,6.635337654127945e-19,0.0,0.0,0.01963531449185322,0.6215960956918205,1.4114449359816673e-05,0.0145378240798445,3.54148659059189e-05,3.010690861876296e-14,3.010690861876296e-14,1.2069941664716287e-14,1.5824787016621516e-14,1.312398773711031e-14,9.654499422140361e-13,9.387519777966486e-14,9.646172749455673e-13,0.0,6.776263578034403e-21,0.0,0.0,0.0,2.4183271560089657e-12,1.3018624348748608e-12,2.418327156035022e-12,1.3018624348888877e-12,0.0,2.710505431213761e-20,0.0,1.2393702972398956e-14,1.1274271005253078e-14,2.958973831963302e-14,1.1274271005253078e-14,2.957763493960658e-14,2.384947233379762e-08
1.5789300223222315e-08,1.3408392310327253e-11,2.2129672043906917e-14,7.2350696479063e-20,4.651352547285083e-20,0.0,0.0,0.011926020760197149,0.6188599298790126,5.005199170870098e-06,0.04618453210068675,3.560414015820307e-05,4.542950442814343e-14,4.542950442814343e-14,1.9834465780302973e-14,1.3981221903368389e-14,1.2941710129652983e-14,4.606870440682087e-13,3.147315040604351e-14,4.600209102534336e-13,0.0,6.776263578034403e-21,0.0,0.0,0.0,2.3691168453121967e-12,1.275370959250702e-12,2.3691168453132824e-12,1.2753709592512867e-12,0.0,0.0,0.0,0.0,1.3153316174156559e-14,2.2080452775694362e-14,1.3153316174156559e-14,2.2077435083638097e-14,1.5789300223222315e-08
1.5307264558456337e-08,1.3150263143194966e-11,2.1504750597164875e-14,6.752929998226882e-20,6.35413755579538e-20,0.0,0.0,0.02150841866470915,1.229255811069311,4.9203365793766645e-06,0.053763346742373104,3.49333698435484e-05,4.0188154995708024e-14,4.0188154995708024e-14,1.9361510014524023e-14,1.8909249679708634e-14,1.2941710129652983e-14,4.545253062815391e-13,2.992142166826097e-14,4.537481501643015e-13,0.0,1.3552527156068805e-20,0.0,0.0,0.0,2.361197221313988e-12,1.2711075737298567e-12,2.361197221257016e-12,1.2711075736991868e-12,5.421010862427522e-20,5.421010862427522e-20,2.4654188528733688e-14,2.4654188528733688e-14,1.5032361343280107e-14,2.590949938599307e-14,1.5032361343280107e-14,2.5924547300609168e-14,1.5307264558456337e-08
1.5001991635240407e-08,1.3010240081803962e-11,2.162278696827186e-14,6.250276722500611e-20,6.039678217569973e-20,0.0,0.0,0.13328389826182666,59.19181222674074,4.881210860617035e-06,1.2429145008696545,3.4804843292746926e-05,3.064628441586906e-14,3.064628441586906e-14,2.0142286774600088e-14,1.890596980328526e-14,1.2941710129652983e-14,4.443667656062189e-13,2.911965801397256e-14,4.4381165409390633e-13,0.0,6.776263578034403e-21,0.0,0.0,0.0,2.342010982798966e-12,1.2607790112244964e-12,2.3420109827867586e-12,1.2607790112179248e-12,2.710505431213761e-20,0.0,1.2294057677151099e-14,0.0,1.3153316176475838e-14,2.104663899288168e-14,1.3153316176475838e-14,2.103163140660609e-14,1.5001991635240407e-08
1.468874173699475e-08,1.2857352296737428e-11,2.093646322487905e-14,6.697588656875186e-20,4.6516030655914524e-20,0.0,0.0,0.03069159179567858,1.1530222463581965,4.837124556461822e-06,0.1398543981544141,3.4804675350497945e-05,3.9032224548254646e-14,3.9032224548254646e-14,2.5244684477201592e-14,2.7906388756823306e-14,1.2941710129652983e-14,4.3892667278555564e-13,2.7571268219794257e-14,4.3826053897078054e-13,0.0,1.3552527156068805e-20,0.0,0.0,0.0,2.316615904656844e-12,1.2471080328451647e-12,2.3166159046308135e-12,1.247108032831152e-12,5.421010862427522e-20,5.421010862427522e-20,2.4522395385223623e-14,2.4522395385223623e-14,1.503236134570251e-14,1.7473028583953996e-14,1.503236134570251e-14,1.748500256276774e-14,1.468874173699475e-08
1.4381254272355908e-08,1.2702389965119212e-11,2.071719001695092e-14,6.123438970691974e-20,6.033754623354216e-20,0.0,0.0,0.013528550453231297,0.5754321152080317,4.790379378162341e-06,0.3127233612937978,3.480756044070557e-05,3.832668138850217e-14,3.832668138850217e-14,1.5493820576220752e-14,2.200616786522419e-14,1.2941710129652983e-14,4.326539126964235e-13,2.7003106774983344e-14,4.318767565791859e-13,0.0,6.776263578034403e-21,0.0,0.0,0.0,2.292022319272328e-12,1.2338685235126774e-12,2.292022319216028e-12,1.2338685234823694e-12,2.710505431213761e-20,2.710505431213761e-20,1.2228512898434551e-14,1.2228512898434551e-14,1.503236134676529e-14,2.2331651626783996e-14,1.503236134676529e-14,2.231075302232043e-14,1.4381254272355908e-08
1.4079365310870428e-08,1.2544849343190479e-11,2.051615850294124e-14,7.72845041022979e-20,5.396571254224065e-20,0.0,0.0,0.0085796321101506,0.3806040723412068,4.740488070807716e-06,7.676232975107693,3.481030533597809e-05,4.093284950494444e-14,4.093284950494444e-14,2.1031009354911375e-14,1.8896163580998114e-14,1.2941710129652983e-14,4.2321701698710967e-13,2.8000061242514345e-14,4.2260639432356584e-13,0.0,6.776263578034403e-21,0.0,0.0,0.0,2.2051317992135e-12,1.1870925925844543e-12,2.205131799260339e-12,1.1870925926096692e-12,2.710505431213761e-20,2.710505431213761e-20,1.2196001897324136e-14,1.2196001897324136e-14,1.5032361347738613e-14,3.137473489481328e-14,1.5032361347738613e-14,3.137175731723951e-14,1.4079365310870428e-08
1.378602432274498e-08,1.239047657277641e-11,2.0127213585945713e-14,7.604922000594248e-20,5.37498485234909e-20,0.0,0.0,0.0062314268284491044,0.28259373840239865,4.694748136963075e-06,0.22963480345518303,3.4813201822253835e-05,3.92382165819e-14,3.92382165819e-14,1.7281728302989737e-14,1.88929063202013e-14,1.2941710129652983e-14,4.1655567883935873e-13,2.6615003123207428e-14,4.159450561758149e-13,0.0,1.3552527156068805e-20,0.0,0.0,0.0,2.150141765357449e-12,1.1574897081311194e-12,2.150141765386814e-12,1.1574897081469275e-12,0.0,0.0,0.0,0.0,1.315331618004972e-14,2.2094436439389172e-14,1.315331618004972e-14,2.2097406121706295e-14,1.378602432274498e-08
1.3500916099945407e-08,1.2238160156596536e-11,1.979297562468976e-14,4.962196328981895e-20,3.516430294641452e-20,0.0,0.0,0.004860841045240727,0.22380127925228668,4.6440345763996945e-06,8.924047346088388,3.481408895260741e-05,4.2793773663378476e-14,4.2793773663378476e-14,1.609471788488433e-14,2.1977002359924454e-14,1.2941710129652983e-14,4.1033842990145786e-13,2.730908519610232e-14,4.097833183891453e-13,0.0,6.776263578034403e-21,0.0,0.0,0.0,2.0974134829423346e-12,1.1291043964245797e-12,2.0974134829742845e-12,1.1291043964417792e-12,5.421010862427522e-20,2.710505431213761e-20,2.426299151805552e-14,1.213149575902776e-14,1.6911406518120122e-14,1.9068253939758072e-14,1.6911406518120122e-14,1.9056406624480187e-14,1.3500916099945407e-08
1.3221267506957809e-08,1.2086035071597142e-11,1.944713375588888e-14,6.016319460674919e-20,3.9296408660782093e-20,0.0,0.0,0.0039647802166022355,0.18464713577941788,4.594279347326487e-06,0.584720850806995,3.4818821455163085e-05,3.1738232674796113e-14,3.1738232674796113e-14,1.9549412963856108e-14,1.6480527832970065e-14,1.2941710129652983e-14,4.018452237630754e-13,2.7186012634557838e-14,4.0123460109953157e-13,0.0,1.3552527156068805e-20,0.0,0.0,0.0,2.029204847938322e-12,1.0923855184906423e-12,2.0292048479418376e-12,1.0923855184925348e-12,2.710505431213761e-20,2.710505431213761e-20,1.2099497900571284e-14,1.2099497900571284e-14,1.1274271012635073e-14,2.7661412850643996e-14,1.1274271012635073e-14,2.762891866638971e-14,1.3221267506957809e-08
1.294947338539734e-08,1.1937853387685607e-11,1.9147807006052163e-14,7.288914148007602e-20,4.240719494044151e-20,0.0,0.0,0.0033322288595679047,0.1567015269408444,4.547718747144768e-06,0.6315431913615107,3.4819789657763637e-05,4.065560469292521e-14,4.065560469292521e-14,2.205607481357992e-14,1.570726199314724e-14,1.2941710129652983e-14,3.9535041906901824e-13,2.7985270139215915e-14,3.946287741030119e-13,0.0,2.0328790734103208e-20,0.0,0.0,0.0,1.9296729084019864e-12,1.03880430933512e-12,1.929672908394335e-12,1.038804309331001e-12,5.421010862427522e-20,5.421010862427522e-20,2.413533678451589e-14,2.413533678451589e-14,2.442758719513783e-14,2.5868037974063643e-14,2.442758719513783e-14,2.5841521762017333e-14,1.294947338539734e-08
1.2682130384325112e-08,1.179030936052297e-11,1.862926446456405e-14,4.636296562934668e-20,4.633180916199895e-20,0.0,0.0,0.0031005085726979976,0.15790047992667147,4.499714753365737e-06,0.10839066896967672,3.482515442028685e-05,3.312419048193268e-14,3.312419048193268e-14,1.9984718190501045e-14,2.194783487966425e-14,1.2941710129652983e-14,3.890776589798861e-13,2.883670509252472e-14,3.883005028626485e-13,0.0,6.776263578034403e-21,0.0,0.0,0.0,1.8823441325855615e-12,1.013325723788531e-12,1.8823441326188555e-12,1.0133257238064543e-12,2.710505431213761e-20,2.710505431213761e-20,1.2036005908964266e-14,1.2036005908964266e-14,1.503236135146761e-14,1.4060797115148552e-14,1.503236135146761e-14,1.404610453718079e-14,1.2682130384325112e-08
1.2421280411405814e-08,1.164586816351121e-11,1.8525178195157512e-14,6.943603926128375e-20,6.224190231842532e-20,0.0,0.0,0.0036883625573071372,0.18843873024103625,4.456140310969438e-06,0.1033129459922707,3.482737306943775e-05,5.145631768775208e-14,5.145631768775208e-14,1.6135293702933183e-14,1.887670634663231e-14,1.2941710129652983e-14,3.822497873784414e-13,2.903169802349776e-14,3.816946758661288e-13,0.0,2.0328790734103208e-20,0.0,0.0,0.0,1.7976762301269308e-12,9.677462986157816e-13,1.797676230151953e-12,9.677462986292517e-13,8.131516293641283e-20,5.421010862427522e-20,3.601352741831253e-14,2.4009018278875015e-14,1.3153316183022846e-14,1.9821175305676767e-14,1.3153316183022846e-14,1.981531365395248e-14,1.2421280411405814e-08
1.2165688145580037e-08,1.150130872022225e-11,1.8226518241926724e-14,7.884689347721801e-20,4.027235637285736e-20,0.0,0.0,0.004577066644788379,0.23471386227942637,4.4080374332533625e-06,0.10417273662289611,3.483020645950522e-05,5.72297366593785e-14,5.72297366593785e-14,2.2868764095805087e-14,2.8033758001995253e-14,1.2941710129652983e-14,3.7531089347453417e-13,2.926183529836321e-14,3.748668042646841e-13,0.0,1.3552527156068805e-20,0.0,0.0,0.0,1.7037987867076484e-12,9.172090845891443e-13,1.7037987867775452e-12,9.17209084626772e-13,2.710505431213761e-20,0.0,1.1973176786114684e-14,0.0,1.503236135253457e-14,3.2312790509630574e-14,1.503236135253457e-14,3.23274063909901e-14,1.2165688145580037e-08
1.1914445999633642e-08,1.1359190546451256e-11,1.7805326148698208e-14,7.378430054297402e-20,5.263356130341374e-20,0.0,0.0,0.006074320100947595,0.31265435194819285,4.364985033683951e-06,0.131970634051222,3.483190479205571e-05,3.873236823862668e-14,3.873236823862668e-14,1.157430699384473e-14,1.5660258007350572e-14,1.2941710129652983e-14,3.699818229563334e-13,2.947397772255042e-14,3.694822225952521e-13,0.0,1.3552527156068805e-20,0.0,0.0,0.0,1.7166620174218293e-12,9.24133770860938e-13,1.7166620174112827e-12,9.241337708552605e-13,1.0842021724855044e-19,5.421010862427522e-20,4.776803025977731e-14,2.3884015129888653e-14,1.5032361352997636e-14,2.2394466358254188e-14,1.5032361352997636e-14,2.2382804092216822e-14,1.1914445999633642e-08
1.1666671605797868e-08,1.1217655349214593e-11,1.7711102263556294e-14,6.576925848756494e-20,4.3032071223726645e-20,0.0,0.0,0.00913069879545554,0.47128246084232917,4.319828023385149e-06,1.1137628122670122,3.483341388950275e-05,2.5320228077006948e-14,2.5320228077006948e-14,2.2157159338684013e-14,1.886705561975281e-14,1.2941710129652983e-14,3.65152352799214e-13,3.012785497518987e-14,3.6465275243813267e-13,0.0,1.0164395367051604e-20,0.0,0.0,0.0,1.6433216346409092e-12,8.846523098581991e-13,1.6433216346215222e-12,8.846523098477624e-13,2.710505431213761e-20,2.710505431213761e-20,1.1911000205211106e-14,1.1911000205211106e-14,1.127427101506469e-14,1.837272039733373e-14,1.127427101506469e-14,1.837272039733373e-14,1.1666671605797868e-08
1.142546564246848e-08,1.1078716580950594e-11,1.737463562792132e-14,6.270332670013608e-20,3.9105193728724127e-20,0.0,0.0,0.01882043918244984,0.971111293799105,4.273351740250196e-06,0.12962722293195364,3.483376360430026e-05,3.3044716884129775e-14,3.3044716884129775e-14,2.4095635406723455e-14,1.6398591609553484e-14,1.2941710129652983e-14,3.5799141429038173e-13,3.046285285716966e-14,3.5726976932437537e-13,0.0,1.3552527156068805e-20,0.0,0.0,0.0,1.5789243870392846e-12,8.499852230029052e-13,1.5789243870194582e-12,8.499852229922319e-13,2.710505431213761e-20,0.0,1.1880153449363157e-14,0.0,1.1274271015353238e-14,1.9676756117007505e-14,1.1274271015353238e-14,1.9694158908384574e-14,1.142546564246848e-08
1.1187576081991761e-08,1.0939686258959401e-11,1.7039210940896107e-14,7.91737966602375e-20,5.3753850323962e-20,0.0,0.0,0.2173697805390522,12.637450352887347,4.23074835894075e-06,0.23164118133935258,3.4838009654430725e-05,4.082101608716928e-14,4.082101608716928e-14,1.696739619621297e-14,2.7663695178703466e-14,1.2941710129652983e-14,3.5127456499139953e-13,3.0567849757428754e-14,3.5044189772293066e-13,0.0,1.3552527156068805e-20,0.0,0.0,0.0,1.5380575890775336e-12,8.279853256904868e-13,1.5380575891106209e-12,8.279853257082987e-13,5.421010862427522e-20,2.710505431213761e-20,2.3698932105684054e-14,1.1849466052842027e-14,5.637135507808286e-15,2.5970219530996062e-14,5.637135507808286e-15,2.5952861692387847e-14,1.1187576081991761e-08
1.0952675170504625e-08,1.08028732610984e-11,1.6575912330428774e-14,6.58346788536934e-20,6.142176775234839e-20,0.0,0.0,0.015696920415190788,0.8296301022926791,4.185710541306483e-06,0.4931798062078598,3.483964608841654e-05,3.7178058979115054e-14,3.7178058979115054e-14,2.0468157049964052e-14,1.398697353901399e-14,1.2941710129652983e-14,3.4611202792689255e-13,3.0884473566947125e-14,3.4544589411211746e-13,0.0,1.3552527156068805e-20,0.0,0.0,0.0,1.478769998061954e-12,7.96068929513226e-13,1.4787699981335826e-12,7.96068929551786e-13,2.710505431213761e-20,2.710505431213761e-20,1.1818936783915321e-14,1.1818936783915321e-14,1.6911406523785674e-14,1.7148642858430917e-14,1.6911406523785674e-14,1.7145757338851843e-14,1.0952675170504625e-08
1.0721985504995119e-08,1.0667427547739978e-11,1.6264672581555668e-14,7.005838130271346e-20,4.943074889993269e-20,0.0,0.0,0.008051139200757625,0.425883032093238,4.145285041870687e-06,0.5221422642382764,3.4841218337800646e-05,2.984876520442633e-14,2.984876520442633e-14,1.6795959828658818e-14,2.762637607069796e-14,1.2941710129652983e-14,3.389510894180603e-13,3.227657154328879e-14,3.3845148905697897e-13,0.0,2.0328790734103208e-20,0.0,0.0,0.0,1.5373525031060421e-12,8.276057554833044e-13,1.5373525030675782e-12,8.27605755462598e-13,2.710505431213761e-20,0.0,1.1788564423511882e-14,0.0,3.758090338692357e-15,3.427534488270189e-14,3.758090338692357e-15,3.427822298706688e-14,1.0721985504995119e-08
1.0496351537880673e-08,1.0532921160916014e-11,1.606556397824517e-14,5.2652483704658795e-20,3.5229368370075935e-20,0.0,0.0,0.005371298788750005,0.2850368565787774,4.10030736392707e-06,0.35375438866909287,3.484402340031794e-05,4.220536853973205e-14,4.220536853973205e-14,1.884967153806553e-14,1.6351775966761e-14,1.2941710129652983e-14,3.3478775307571595e-13,5.5435878085074015e-14,3.3428815271463463e-13,0.0,1.3552527156068805e-20,0.0,0.0,0.0,1.5222044387929108e-12,8.194510706048226e-13,1.5222044387671648e-12,8.194510705909629e-13,2.710505431213761e-20,2.710505431213761e-20,1.1758347765059542e-14,1.1758347765059542e-14,1.1274271016278463e-14,2.7013542618441384e-14,1.1274271016278463e-14,2.701067189127683e-14,1.0496351537880673e-08
1.0274348924615987e-08,1.039936711709751e-11,1.5870753663476106e-14,6.512796618041453e-20,3.1877464948665196e-20,0.0,0.0,0.004005774621440442,0.2135090580404321,4.085740593575505e-06,0.7238827966503434,3.4843863748747106e-05,4.137707035743729e-14,4.137707035743729e-14,1.914591103401633e-14,1.4062449291474146e-14,1.2941710129652983e-14,3.2912561565012766e-13,5.5084822782999984e-14,3.2845948183535256e-13,0.0,6.776263578034403e-21,0.0,0.0,0.0,1.4913166812556273e-12,8.028232081853814e-13,1.4913166812320527e-12,8.028232081726906e-13,2.710505431213761e-20,2.710505431213761e-20,1.172828561432533e-14,1.172828561432533e-14,1.5032361355284118e-14,2.6317396223751678e-14,1.5032361355284118e-14,2.6331713162182618e-14,1.0274348924615987e-08
1.0054578544415174e-08,1.026723763790131e-11,1.5542329308074988e-14,7.171823512650909e-20,5.811280210692207e-20,0.0,0.0,0.003178549957699459,0.1700399810289562,4.085505039710559e-06,0.12870092797017477,3.4847903366163694e-05,3.136897789262445e-14,3.136897789262445e-14,1.566577657884463e-14,1.556626127141413e-14,1.2941710129652983e-14,3.2174263253637037e-13,4.832590973383275e-14,3.2107649872159527e-13,0.0,6.776263578034403e-21,0.0,0.0,0.0,1.4385469454527006e-12,7.744155808015518e-13,1.4385469454956106e-12,7.744155808246517e-13,8.131516293641283e-20,5.421010862427522e-20,3.5095130367774454e-14,2.3396753578516305e-14,9.395225847193826e-15,2.3851171190560725e-14,9.395225847193826e-15,2.3848315104919417e-14,1.0054578544415174e-08
9.838704140495771e-09,1.0136201720235305e-11,1.5476266050304856e-14,5.831623459295544e-20,2.3775217289151424e-20,0.0,0.0,0.0026228796896873626,0.14079510172513202,4.0852712518899865e-06,0.1443473795060373,3.4848346109458845e-05,2.5866599855798193e-14,2.5866599855798193e-14,2.403157102309329e-14,2.6038490129946854e-14,1.2941710129652983e-14,3.1846747461372615e-13,4.1434493575560905e-14,3.1769031849648854e-13,0.0,6.776263578034403e-21,0.0,0.0,0.0,1.3911067895095932e-12,7.488770357897749e-13,1.3911067895313067e-12,7.488770358014639e-13,5.421010862427522e-20,2.710505431213761e-20,2.3337240239667653e-14,1.1668620119833826e-14,1.6911406525182683e-14,3.0861275122553276e-14,1.6911406525182683e-14,3.088121686776308e-14,9.838704140495771e-09
9.625629100842631e-09,1.0004756486932264e-11,1.4885374978208064e-14,7.744679362516437e-20,5.071749243548409e-20,0.0,0.0,0.0022245613660487355,0.12014669580846771,4.085037386217182e-06,0.17750229938405127,3.485183179969242e-05,3.9373540958857805e-14,3.9373540958857805e-14,1.146766409380216e-14,2.6016283289888674e-14,1.2941710129652983e-14,3.1125102495366264e-13,3.476250358685029e-14,3.1058489113888754e-13,0.0,6.776263578034403e-21,0.0,0.0,0.0,1.3624191982486065e-12,7.334335928639799e-13,1.3624191981890495e-12,7.334335928319185e-13,0.0,2.710505431213761e-20,0.0,1.1639014447902557e-14,1.5032361355909363e-14,1.36368034262576e-14,1.5032361355909363e-14,1.3651011389819026e-14,9.625629100842631e-09
9.415971003577246e-09,9.875371392490842e-12,1.4955697292646272e-14,7.479353683765988e-20,5.854040634030967e-20,0.0,0.0,0.0019251357246508674,0.10440180378112035,4.084804086677872e-06,0.15577030931039676,3.485293995352309e-05,4.3525281540660995e-14,4.3525281540660995e-14,2.5993849894078137e-14,1.6293261259269694e-14,1.2941710129652983e-14,3.036459972349803e-13,2.850285085220967e-14,3.0292435226897396e-13,0.0,2.0328790734103208e-20,0.0,0.0,0.0,1.3329171648313006e-12,7.175517098180983e-13,1.3329171648563228e-12,7.175517098315685e-13,2.710505431213761e-20,2.710505431213761e-20,1.160955862703864e-14,1.160955862703864e-14,1.3153316186575222e-14,3.550371025159688e-14,1.3153316186575222e-14,3.5489538245269405e-14,9.415971003577246e-09
9.210448254799366e-09,9.748943175497357e-12,1.46716508281881e-14,5.849435610978983e-20,4.799215554115001e-20,0.0,0.0,0.0016916659711497554,0.09213841468245225,4.084571013941411e-06,0.31522409096016596,3.485396262778326e-05,5.180706503455017e-14,5.180706503455017e-14,2.102715479583094e-14,1.883212034032614e-14,1.2941710129652983e-14,3.002598170098736e-13,2.339238845868214e-14,2.9964919434632975e-13,0.0,1.3552527156068805e-20,0.0,0.0,0.0,1.316573368626675e-12,7.087533244262864e-13,1.3165733685644297e-12,7.087533243927778e-13,0.0,2.710505431213761e-20,0.0,1.1580251522392492e-14,1.503236135624925e-14,1.9618260874021927e-14,1.503236135624925e-14,1.9618260874021927e-14,9.210448254799366e-09
9.008279354962598e-09,9.621886896334126e-12,1.3942142551094001e-14,6.194353738567948e-20,5.660149069137542e-20,0.0,0.0,0.001504230414135909,0.08225270968820586,4.084337492704092e-06,0.09327204946921483,3.485433503624417e-05,4.221876406934954e-14,4.221876406934954e-14,1.5456794251428778e-14,2.594967051629947e-14,1.2941710129652983e-14,2.9659608102861057e-13,2.592289786048139e-14,2.9598545836506673e-13,0.0,2.0328790734103208e-20,0.0,0.0,0.0,1.307421240404558e-12,7.038264426758473e-13,1.3074212404064192e-12,7.038264426768492e-13,0.0,2.710505431213761e-20,0.0,1.1551092010544911e-14,3.758090339100124e-15,3.4250442682079174e-14,3.758090339100124e-15,3.42419823010132e-14,9.008279354962598e-09
8.807787917217987e-09,9.494910018497566e-12,1.4168072751776697e-14,5.637066311503921e-20,3.0681740851052845e-20,0.0,0.0,0.0013511087096964914,0.07429574822676382,4.084105288001801e-06,0.6546214556155007,3.485785512677415e-05,3.539290711486131e-14,3.539290711486131e-14,1.7681988707373576e-14,2.1782608323093982e-14,1.2941710129652983e-14,2.8949065367100957e-13,2.743293860311121e-14,2.8871349755377196e-13,0.0,6.776263578034403e-21,0.0,0.0,0.0,1.2647348555421482e-12,6.808470038538926e-13,1.2647348555950878e-12,6.808470038823918e-13,0.0,0.0,0.0,0.0,7.516180678270445e-15,1.126061384895953e-14,7.516180678270445e-15,1.127467906735693e-14,8.807787917217987e-09
8.612402244342997e-09,9.3709147432651e-12,1.4109554439861657e-14,5.059559719386663e-20,4.149785761408761e-20,0.0,0.0,0.0012234129757632132,0.06755451669578033,4.083873121154704e-06,0.47613382996433773,3.4859596809573535e-05,5.339350055879196e-14,5.339350055879196e-14,2.1239014987711037e-14,1.6246453274268614e-14,1.2941710129652983e-14,2.8282931552325863e-13,2.6627212507483396e-14,2.821076705572523e-13,0.0,1.3552527156068805e-20,0.0,0.0,0.0,1.2270740417508059e-12,6.605729898025079e-13,1.2270740417818252e-12,6.605729898192065e-13,0.0,0.0,0.0,0.0,1.5032361356671497e-14,3.240925184217976e-14,1.5032361356671497e-14,3.2417669829671235e-14,8.612402244342997e-09
8.418063770712246e-09,9.246262477866996e-12,1.3737748254732069e-14,7.229613522211559e-20,6.400128802870214e-20,0.0,0.0,0.0011149587350748804,0.06186264851753791,4.083641508463925e-06,0.2275734819773079,3.4861231100116254e-05,3.615322860149854e-14,3.615322860149854e-14,2.633846731011163e-14,1.3003548607820604e-14,1.2941710129652983e-14,2.768341111902828e-13,2.6803501176880722e-14,2.761679773755077e-13,0.0,1.3552527156068805e-20,0.0,0.0,0.0,1.2065419199411035e-12,6.495198955071761e-13,1.2065419199398627e-12,6.495198955065081e-13,0.0,0.0,0.0,0.0,1.6911406526392468e-14,2.8364895839128253e-14,1.6911406526392468e-14,2.837889075517282e-14,8.418063770712246e-09
8.22609590807402e-09,9.122780940610981e-12,1.3341051692148552e-14,6.701738381925064e-20,3.613422007983819e-20,0.0,0.0,0.0010222153927660566,0.05704968317095401,4.0834101533556925e-06,0.2723261508464807,3.486413627406339e-05,1.800235157406845e-14,1.800235157406845e-14,2.138099472298874e-14,1.622305052528814e-14,1.2941710129652983e-14,2.722266856380884e-13,2.5771511432134305e-14,2.7133850721838826e-13,0.0,6.776263578034403e-21,0.0,0.0,0.0,1.200985933027817e-12,6.465289310162519e-13,1.2009859330385703e-12,6.465289310220407e-13,2.710505431213761e-20,2.710505431213761e-20,1.1435907814840739e-14,1.1435907814840739e-14,1.1274271017680383e-14,2.221319616603797e-14,1.1274271017680383e-14,2.2196444132730248e-14,8.22609590807402e-09
8.037935491873041e-09,9.00122602695066e-12,1.3062588950774156e-14,5.932254977128658e-20,4.15789154666027e-20,0.0,0.0,0.0009414923733858775,0.052789193218370334,4.083179025647408e-06,0.17713515593581397,3.486393837344186e-05,5.072618658981519e-14,5.072618658981519e-14,1.9025721972425514e-14,2.1743754321771946e-14,1.2941710129652983e-14,2.67841304690819e-13,2.5615625020563446e-14,2.6728619317850644e-13,0.0,1.3552527156068805e-20,0.0,0.0,0.0,1.1955182617224687e-12,6.435855096263929e-13,1.1955182617501793e-12,6.435855096413104e-13,2.710505431213761e-20,2.710505431213761e-20,1.140746980583248e-14,1.140746980583248e-14,1.3153316187387164e-14,1.8974631471823466e-14,1.3153316187387164e-14,1.8980201597017014e-14,8.037935491873041e-09
7.854250499480344e-09,8.88102944503509e-12,1.2633147742646168e-14,7.939098430335703e-20,5.782820911199142e-20,0.0,0.0,0.0009249774726601511,0.05459414255289695,4.082948053248734e-06,0.1704997714711052,3.486687062012553e-05,3.276840931291986e-14,3.276840931291986e-14,1.3492267949633637e-14,1.8810264669795324e-14,1.2941710129652983e-14,2.62234678416462e-13,2.4777948656026438e-14,2.615130334504556e-13,0.0,1.3552527156068805e-20,0.0,0.0,0.0,1.171291826138474e-12,6.30543648710531e-13,1.1712918261250323e-12,6.305436487032949e-13,2.710505431213761e-20,0.0,1.137917288125569e-14,0.0,9.395225848196357e-15,2.8073247050410644e-14,9.395225848196357e-15,2.8059356279975014e-14,7.854250499480344e-09
7.671763857232393e-09,8.761336958708113e-12,1.2602131722773214e-14,3.758574488077693e-20,4.4397504967072853e-20,0.0,0.0,0.0009852345342203639,0.05835443276542258,4.082718883707861e-06,0.34455615180388294,3.486599337101104e-05,2.8253465057379957e-14,2.8253465057379957e-14,2.159511102691301e-14,2.1724331027484637e-14,1.2941710129652983e-14,2.5779378631796135e-13,2.441312301559619e-14,2.5701663020072374e-13,0.0,1.3552527156068805e-20,0.0,0.0,0.0,1.150148569782771e-12,6.191615612489475e-13,1.1501485697804963e-12,6.19161561247723e-13,1.0842021724855044e-19,8.131516293641283e-20,4.5404063975210634e-14,3.405304798140798e-14,9.395225848255394e-15,2.7740510464156476e-14,9.395225848255394e-15,2.7751595583223073e-14,7.671763857232393e-09
7.49142084558519e-09,8.641542610962661e-12,1.2711447600577306e-14,6.481877775172946e-20,5.242169923739024e-20,0.0,0.0,0.0010557265281771263,0.06281998032948911,4.082487893595242e-06,0.20233867953548335,3.4868331929757984e-05,3.6422178202613045e-14,3.6422178202613045e-14,2.6070699180956222e-14,1.617624749699161e-14,1.2941710129652983e-14,2.5224267119483557e-13,2.362957886710001e-14,2.515210262288292e-13,0.0,1.3552527156068805e-20,0.0,0.0,0.0,1.1494457147868774e-12,6.187831920468951e-13,1.1494457148183102e-12,6.187831920638165e-13,0.0,2.710505431213761e-20,0.0,1.132299810650605e-14,7.516180678648934e-15,2.7116385899740483e-14,7.516180678648934e-15,2.711362146035831e-14,7.49142084558519e-09
1.9982259978442507e-07,5.36288243661382e-10,1.2713088666745692e-13,4.871826469637136e-18,5.1005677512661414e-18,0.0,0.0,0.00817630362249055,1.125992638389584,0.0009666645935054984,0.0254421321628551,0.008229720637387097,3.379751638565666e-14,3.379751638565666e-14,2.318129593367502e-14,1.8795287921919695e-14,1.2941710129652983e-14,6.390055151683782e-12,1.4354256642734072e-12,6.389277995566545e-12,0.0,2.0261570199409107e-12,0.0,2.0261570199409107e-12,0.0,2.0890443434133024e-12,1.1245990223944327e-12,2.0890443433587085e-12,1.1245990223650431e-12,5.421010862427522e-20,2.710505431213761e-20,2.259023638522306e-14,1.129511819261153e-14,1.7068574248047525e-14,1.8509231971877883e-14,1.7068574248047525e-14,1.8534050664098445e-14,1.9982259978442507e-07
6.318414945639856e-09,1.7586080632114754e-11,1.4850348323454843e-14,1.8947414038374583e-19,2.7327533656098695e-19,0.0,0.0,0.00022670157480934107,0.031742780101543126,1.1611895833373495e-05,0.003666442692099291,1.6409094604135156e-05,5.0681452857059195e-14,5.0681452857059195e-14,2.517709289411813e-14,2.1290922009927443e-14,2.5883420259295196e-14,3.7703173916270316e-13,7.018997984706783e-14,3.761990718942343e-13,0.0,6.776263578034403e-21,0.0,0.0,0.0,1.2137549038640524e-12,6.534028741973479e-13,1.2137549038243477e-12,6.534028741759737e-13,0.0,2.710505431213761e-20,0.0,1.1266310920028478e-14,1.0241144544576952e-14,3.3766357710789276e-14,1.0241144544576952e-14,3.3777360108218663e-14,6.318414945639856e-09
7.433203318545608e-09,9.708783607377144e-12,1.2978692352004272e-14,8.44401112527549e-20,5.987501646509238e-20,0.0,0.0,0.00019290900451698862,0.011334622030332312,4.098700355232641e-06,0.00705790167387676,2.3652166022071494e-05,2.087973186418679e-14,2.087973186418679e-14,2.05416625234434e-14,1.4224767485719596e-14,2.5183868360395592e-14,2.8016478026415825e-13,3.77523744842168e-14,2.7949864644938316e-13,0.0,1.3552527156068805e-20,0.0,0.0,0.0,9.12279130745551e-13,4.911088756072009e-13,9.12279130745551e-13,4.911088756072009e-13,2.710505431213761e-20,0.0,1.1237620803575453e-14,0.0,1.1948001964900065e-14,2.810675743872544e-14,1.1948001964900065e-14,2.8087552274776875e-14,7.433203318545608e-09
7.148580899275614e-09,9.50653879267237e-12,1.1778964011900896e-14,6.015760435744345e-20,5.3983119865953043e-20,0.0,0.0,0.0001851563687493013,0.011015212623155031,4.049119177042297e-06,0.011957958578790208,3.042165824273741e-05,4.459608918989733e-14,4.459608918989733e-14,1.1411746260463617e-14,1.89244403272783e-14,1.2941710129652983e-14,2.7133850721838826e-13,3.6001260802514824e-14,2.7067237340361316e-13,0.0,1.3552527156068805e-20,0.0,0.0,0.0,1.1351071150752147e-12,6.110642677123866e-13,1.1351071150586711e-12,6.110642677034806e-13,2.710505431213761e-20,5.421010862427522e-20,1.1209047175190724e-14,2.2418094350381447e-14,1.3654859384868187e-14,2.6890016153101746e-14,1.3654859384868187e-14,2.6896857700057046e-14,7.148580899275614e-09
7.040242880068643e-09,9.586562988993439e-12,1.1727050949871955e-14,6.698477801235884e-20,6.270230929020652e-20,0.0,0.0,0.00017956524491874045,0.010672746972912941,3.990780285773969e-06,0.02095008003658104,3.088447290115287e-05,4.43406359639074e-14,4.43406359639074e-14,2.2343846947768697e-14,1.6865097144008758e-14,1.2941710129652983e-14,2.681188604469753e-13,3.5807712255860196e-14,2.672306820272752e-13,0.0,2.0328790734103208e-20,0.0,0.0,0.0,9.628872457080225e-13,5.183528337316256e-13,9.628872456881702e-13,5.183528337209384e-13,0.0,2.710505431213761e-20,0.0,1.1180589371766535e-14,1.3654859381755778e-14,2.9621024774339235e-14,1.3654859381755778e-14,2.964695664876731e-14,7.040242880068643e-09
7.0004343510013155e-09,9.831945603030304e-12,1.1855107849939278e-14,8.043777108737834e-20,8.78354452607253e-20,0.0,0.0,0.00017618717196889034,0.010445039912213296,3.9551748091115545e-06,0.17054277483607147,3.115077787237737e-05,4.033429615521258e-14,4.033429615521258e-14,2.1360928743455832e-14,1.6854557574766424e-14,1.2941710129652983e-14,2.7372548672133235e-13,3.751611173452575e-14,2.731148640577885e-13,0.0,1.0164395367051604e-20,0.0,0.0,0.0,8.197108165655259e-13,4.412764074933541e-13,8.197108165489823e-13,4.412764074844482e-13,5.421010862427522e-20,0.0,2.2304493470207335e-14,0.0,1.194800195663936e-14,2.8775397325708696e-14,1.194800195663936e-14,2.877675870136871e-14,7.0004343510013155e-09
6.9834645528946875e-09,1.0182268830587617e-11,1.1532299716522023e-14,6.418510576460278e-20,8.874974639724012e-20,0.0,0.0,0.00017395443167665979,0.010666483811308115,3.932195083969788e-06,0.032129128550399615,3.1402617254854605e-05,2.2948214283000807e-14,2.2948214283000807e-14,2.301198977253642e-14,1.8914239558629662e-14,2.5883420259305965e-14,2.785549568784518e-13,3.842847427749154e-14,2.778888230636767e-13,0.0,6.776263578034403e-21,0.0,0.0,0.0,6.854624278129125e-13,3.690062293972115e-13,6.854624278542715e-13,3.690062294194764e-13,2.710505431213761e-20,2.710505431213761e-20,1.1124018611866484e-14,1.1124018611866484e-14,1.877543164282693e-14,2.3943018281260063e-14,1.877543164282693e-14,2.3959313438892496e-14,6.9834645528946875e-09
6.96977163087191e-09,1.0605698800217656e-11,1.1227121759393892e-14,9.062566027018922e-20,1.0844625958462337e-19,0.0,0.0,0.00017214360357108345,0.012746085711418966,3.912670926616128e-06,0.02209938130502922,3.1639058229490755e-05,4.422623144560738e-14,4.422623144560738e-14,1.866387937891939e-14,1.8910863524950693e-14,2.5883420259305965e-14,2.827182932207961e-13,4.0100590088097545e-14,2.82052159406021e-13,0.0,1.3552527156068805e-20,0.0,0.0,0.0,7.141599797950923e-13,3.8445503449607364e-13,7.141599797189917e-13,3.844550344551063e-13,5.421010862427522e-20,0.0,2.2191808707077e-14,0.0,1.7068574218104e-14,2.748140677956377e-14,1.7068574218104e-14,2.7480052281718653e-14,6.96977163087191e-09
6.956595252756008e-09,1.109510724251514e-11,1.1058986106350618e-14,7.513576443516167e-20,1.1619576181823511e-19,0.0,0.0,0.00017057214440401733,0.015035126282288244,4.1514119954496205e-06,0.09037772706019488,3.186348632873331e-05,3.8509515009058885e-14,3.8509515009058885e-14,1.934004282053522e-14,1.6822372537306173e-14,1.2941710129652983e-14,2.9032332093947844e-13,4.0654441258818464e-14,2.8965718712470334e-13,0.0,1.3552527156068805e-20,0.0,0.0,0.0,6.918563692112531e-13,3.7244829144270713e-13,6.918563692559209e-13,3.7244829146675317e-13,1.0842021724855044e-19,5.421010862427522e-20,4.427161326551356e-14,2.213580663275678e-14,1.3654859372641736e-14,2.0997129752440906e-14,1.3654859372641736e-14,2.0994427593023565e-14,6.956595252756008e-09
6.939108038892641e-09,1.163383121356607e-11,1.1034857329927271e-14,8.973578538408101e-20,1.3512196547483014e-19,0.0,0.0,0.00016910013147340038,0.01756427262362076,4.4824546851168945e-06,0.13964506552469794,3.208185123694907e-05,4.7257995410960736e-14,4.7257995410960736e-14,1.8390106335051666e-14,2.0594649481351268e-14,2.117734384851575e-14,2.957634137601417e-13,4.2462057601856213e-14,2.950972799453666e-13,0.0,1.3552527156068805e-20,0.0,0.0,0.0,6.7601405721885e-13,3.63919870954508e-13,6.760140572387024e-13,3.6391987096519514e-13,0.0,5.421010862427522e-20,0.0,2.2080029722753074e-14,8.534287106912603e-15,2.234849975459338e-14,8.534287106912603e-15,2.2375453260900554e-14,6.939108038892641e-09
6.917990644489824e-09,1.2221974888557575e-11,1.078646091432988e-14,9.799036616881828e-20,1.5175560195149392e-19,0.0,0.0,0.00016766570986408939,0.02040215714751123,4.817054928024965e-06,0.11980182141618939,3.228480623650074e-05,4.8121485750714904e-14,4.8121485750714904e-14,1.4363905459261922e-14,1.3491780340596266e-14,2.5883420259305965e-14,3.0475622025960547e-13,4.4809087361877616e-14,3.0397906414236786e-13,0.0,1.3552527156068805e-20,0.0,0.0,0.0,7.53755960362062e-13,4.0577081038027795e-13,7.537559604315452e-13,4.05770810417683e-13,5.421010862427522e-20,0.0,2.2024476708423967e-14,0.0,1.1948001948507528e-14,1.9201761051406876e-14,1.1948001948507528e-14,1.9185629636353887e-14,6.917990644489824e-09
6.894276632039749e-09,1.2851651143093193e-11,1.1193861841464234e-14,9.443182816139743e-20,1.6423081579186144e-19,0.0,0.0,0.00019113205003373854,0.023627384556839704,5.154696684539021e-06,0.08099021236969818,3.2483556841416206e-05,5.072885113154077e-14,5.072885113154077e-14,1.6906574328835778e-14,2.3704865673689464e-14,2.0256589768145777e-14,3.1080693574381257e-13,4.510504549915645e-14,3.1002977962657496e-13,0.0,1.3552527156068805e-20,0.0,0.0,0.0,8.075757720925067e-13,4.34743727038723e-13,8.075757719915906e-13,4.3474372698439665e-13,0.0,0.0,0.0,0.0,1.024114452646127e-14,1.6560206994839444e-14,1.024114452646127e-14,1.6560206994839444e-14,6.894276632039749e-09
6.8673736357826475e-09,1.3519892276993346e-11,1.0673597779488639e-14,9.749736488088631e-20,1.8073505858088074e-19,0.0,0.0,0.00022292616604487417,0.027350763582752992,5.495479723891297e-06,0.15985681937416527,3.2672471409272595e-05,5.3880123280063194e-14,5.3880123280063194e-14,2.3003725723786698e-14,1.8894248746267346e-14,1.2941710129652983e-14,3.193556530334263e-13,4.7141905474878026e-14,3.1885605267234496e-13,0.0,2.0328790734103208e-20,0.0,0.0,0.0,8.500253389285202e-13,4.575956791839062e-13,8.500253390244732e-13,4.575956792355608e-13,5.421010862427522e-20,0.0,2.191403733859898e-14,0.0,1.1948001946757189e-14,2.9135717090574993e-14,1.1948001946757189e-14,2.9143742353511383e-14,6.8673736357826475e-09
6.836865752896494e-09,1.422134333172728e-11,1.0735058681549447e-14,1.1058261674801503e-19,1.9538309528429889e-19,0.0,0.0,0.0002605133038925776,0.0317244395559445,5.838979712619988e-06,0.1307000147700376,3.2852154605259344e-05,5.069904575932677e-14,5.069904575932677e-14,2.3726092245650406e-14,2.6917608044292873e-14,2.5883420259305965e-14,3.265721026934898e-13,4.897658639914265e-14,3.2585045772748344e-13,0.0,1.3552527156068805e-20,0.0,0.0,0.0,8.374094893113122e-13,4.508041660257876e-13,8.374094891888894e-13,4.5080416595988353e-13,5.421010862427522e-20,5.421010862427522e-20,2.185914849194479e-14,2.185914849194479e-14,1.1948001946153081e-14,2.1974169140020814e-14,1.1948001946153081e-14,2.198217430182046e-14,6.836865752896494e-09
6.805904002783677e-09,1.4954439822420835e-11,1.038726228206641e-14,1.1798582919160562e-19,2.113021671711314e-19,0.0,0.0,0.00030577155369881036,0.036957262281080414,6.18546796365812e-06,0.06933651046901002,3.302547760218356e-05,4.527528868627758e-14,4.527528868627758e-14,1.5325885658938268e-14,1.5996434579988608e-14,1.901639039458618e-14,3.3573144264664734e-13,5.146535739685665e-14,3.3517633113433476e-13,0.0,2.0328790734103208e-20,0.0,0.0,0.0,7.572753009767148e-13,4.076653833830928e-13,7.572753009353558e-13,4.076653833608279e-13,5.421010862427522e-20,5.421010862427522e-20,2.1804478558482892e-14,2.1804478558482892e-14,6.827429683265728e-15,3.73997379454857e-14,6.827429683265728e-15,3.7394414518264076e-14,6.805904002783677e-09
6.771967610451359e-09,1.5714685167343042e-11,1.0546826565938435e-14,1.274784585617722e-19,2.302480277705734e-19,0.0,0.0,0.00036148092406996835,0.043363485144600804,6.534304863829571e-06,1.2425508366662843,3.3192608360761286e-05,5.474586235679226e-14,5.474586235679226e-14,1.8256107926525675e-14,2.0152709105604784e-14,1.2941710129652983e-14,3.4372504842394846e-13,5.379333676983683e-14,3.4305891460917337e-13,0.0,6.776263578034403e-21,0.0,0.0,0.0,7.055422026231998e-13,3.7981581091363424e-13,7.055422025901126e-13,3.798158108958223e-13,5.421010862427522e-20,5.421010862427522e-20,2.1750026315199977e-14,2.1750026315199977e-14,1.194800194543303e-14,1.556134492619614e-14,1.194800194543303e-14,1.5558689859667184e-14,6.771967610451359e-09
6.7358002334399e-09,1.6498578681808862e-11,1.0384591996512966e-14,1.323873477191271e-19,2.479373555898568e-19,0.0,0.0,0.00043183337920651337,0.05142158600685454,6.884822124472602e-06,0.272003873315792,3.335169047408084e-05,4.475085298878147e-14,4.475085298878147e-14,2.0745604324634232e-14,1.6821505310620802e-14,1.8270649594798693e-14,3.4849900742983664e-13,5.490659716342021e-14,3.478883847662928e-13,0.0,1.0164395367051604e-20,0.0,0.0,0.0,6.292597961101538e-13,3.3875056495035476e-13,6.292597960687947e-13,3.387505649280899e-13,5.421010862427522e-20,5.421010862427522e-20,2.1695790547963086e-14,2.1695790547963086e-14,6.827429683027389e-15,1.6123738473405117e-14,6.827429683027389e-15,1.6118441581659582e-14,6.7358002334399e-09
6.6992042437494675e-09,1.7305776648301652e-11,1.0323581785917284e-14,1.340014756160775e-19,2.683804639663964e-19,0.0,0.0,0.0005239158115669146,0.061951827834265144,7.237891553690795e-06,0.10554780878963507,3.350392677479747e-05,3.8779278774150395e-14,3.8779278774150395e-14,1.9376084469331764e-14,1.9367878491455107e-14,3.5838581897489934e-14,3.5860203695392556e-13,5.740587362134325e-14,3.5799141429038173e-13,0.0,1.0164395367051604e-20,0.0,0.0,0.0,5.164457707465703e-13,2.7801918649192916e-13,5.164457707945468e-13,2.7801918651775644e-13,0.0,0.0,0.0,0.0,1.1948001945301193e-14,2.4962854777313902e-14,1.1948001945301193e-14,2.4962854777313902e-14,6.6992042437494675e-09
6.6590791144202395e-09,1.8130366594264043e-11,1.0264760890614668e-14,1.5636019429194138e-19,2.8087000467039075e-19,0.0,0.0,0.0006499851680146965,0.07629716795722166,7.5923556044463235e-06,0.6940181681118632,3.365088302913549e-05,3.503836894013402e-14,3.503836894013402e-14,2.1022535631313142e-14,1.6710581640400408e-14,3.516238223904691e-14,3.6887159993170826e-13,6.025808273049419e-14,3.6837199957062694e-13,0.0,1.3552527156068805e-20,0.0,0.0,0.0,4.916617089561049e-13,2.6467713765107987e-13,4.916617089643767e-13,2.646771376555329e-13,5.421010862427522e-20,0.0,2.1587963629019905e-14,0.0,1.1948001945435008e-14,3.319666309918577e-14,1.1948001945435008e-14,3.3194027815935845e-14,6.6590791144202395e-09
6.617630539772435e-09,1.8973307223248906e-11,1.0014340920107131e-14,1.5677333393546278e-19,2.996272941356186e-19,0.0,0.0,0.0008333652978232539,0.09715854356093863,7.94838815027578e-06,0.16078436026386592,3.379493870832492e-05,5.881846732875143e-14,5.881846732875143e-14,2.024055062297077e-14,1.8871707937078496e-14,1.2941710129652983e-14,3.755329380794592e-13,6.178251640139754e-14,3.747557819622216e-13,0.0,6.776263578034403e-21,0.0,0.0,0.0,5.163589121420733e-13,2.7797242774216317e-13,5.163589121247026e-13,2.779724277328119e-13,0.0,0.0,0.0,0.0,1.1948001945692056e-14,2.2268064944580266e-14,1.1948001945692056e-14,2.2275951167556746e-14,6.617630539772435e-09
6.576585246677659e-09,1.9831963713205726e-11,1.0018955469581784e-14,1.6724785659197627e-19,3.1908167105157936e-19,0.0,0.0,0.0011255784870203781,0.1303331216870523,8.305887042226726e-06,0.11710724606577777,3.393113003894208e-05,3.9489343220186057e-14,3.9489343220186057e-14,1.971161694542882e-14,1.5220014888998162e-14,1.694187507881367e-14,3.861910791158607e-13,6.465922022104958e-14,3.855249453010856e-13,0.0,6.776263578034403e-21,0.0,0.0,0.0,7.965904725982985e-13,4.2882999087948506e-13,7.965904726586827e-13,4.2882999091199183e-13,5.421010862427522e-20,5.421010862427522e-20,2.148098826318866e-14,2.148098826318866e-14,1.1948001946065634e-14,2.127935244942013e-14,1.1948001946065634e-14,2.1268863551108648e-14,6.576585246677659e-09
6.775857085504853e-09,2.070448753413181e-11,9.866004263798308e-15,1.6845577365891239e-19,3.3647532164093476e-19,0.0,0.0,0.0016660191664999897,0.1916838144172837,8.664664158678578e-06,0.1135487516648143,3.406173185985223e-05,3.876921471311243e-14,3.876921471311243e-14,1.745527132119028e-14,1.8865416818750104e-14,2.5883420259305965e-14,3.965716643961059e-13,6.676474078681891e-14,3.9573899712763705e-13,0.0,2.0328790734103208e-20,0.0,0.0,0.0,1.0823019847891295e-12,5.826375863523746e-13,1.0823019847601782e-12,5.826375863367891e-13,5.421010862427522e-20,5.421010862427522e-20,2.142781696946696e-14,2.142781696946696e-14,6.827429683742715e-15,2.5608034529675645e-14,6.827429683742715e-15,2.5621113198996216e-14,6.775857085504853e-09
7.56326133067094e-09,2.159079671373679e-11,9.886440969814668e-15,1.7265401080553094e-19,3.5532413855259744e-19,0.0,0.0,0.0030080985025690127,0.3442610961575749,9.025059009702868e-06,0.03564561486033078,3.4191557993072895e-05,4.597090077937435e-14,4.597090077937435e-14,2.637668919194844e-14,1.886229552136749e-14,1.2941710129652983e-14,4.0573100434926346e-13,8.431249016191643e-14,4.0506487053448836e-13,0.0,6.776263578034403e-21,0.0,0.0,0.0,1.2759071919875289e-12,6.868614279535748e-13,1.2759071920321966e-12,6.868614279776209e-13,0.0,0.0,0.0,0.0,1.0241144526119169e-14,2.3621709622399702e-14,1.0241144526119169e-14,2.3629537428526644e-14,7.56326133067094e-09
8.38544057336312e-09,2.2485362871667584e-11,9.674878644465298e-15,1.6380837595697926e-19,3.979824960690902e-19,0.0,0.0,0.01210754491069603,1.3899843622494124,9.385466914738404e-06,0.03812406342584514,3.431300151091152e-05,4.4424772385998635e-14,4.4424772385998635e-14,1.5005778027372363e-14,1.6652897825212047e-14,1.2941710129652983e-14,4.1283643170686446e-13,6.586859799519264e-14,4.122258090433206e-13,0.0,1.3552527156068805e-20,0.0,0.0,0.0,1.4503149386169207e-12,7.80750665860782e-13,1.4503149386121645e-12,7.807506658582215e-13,0.0,0.0,0.0,0.0,6.827429684473491e-15,1.6684133707824164e-14,6.827429684473491e-15,1.6676325220909427e-14,8.38544057336312e-09
9.246352388849141e-09,2.3390241996270505e-11,9.920978044823822e-15,1.6084038295408862e-19,4.110476211584091e-19,0.0,0.0,0.006602715622550142,0.7375756382126725,9.746948140612539e-06,0.0564352576701464,3.4430970121941486e-05,4.505975740589055e-14,4.505975740589055e-14,1.858927324349204e-14,1.8856100884117058e-14,3.882513038895895e-14,4.2549297418759124e-13,6.085375070633517e-14,4.2471581807035363e-13,0.0,1.3552527156068805e-20,0.0,0.0,0.0,1.5819957084354318e-12,8.516386130089383e-13,1.5819957083994495e-12,8.516386129895679e-13,5.421010862427522e-20,5.421010862427522e-20,2.1269554719926534e-14,2.1269554719926534e-14,1.1948001948613972e-14,2.2246079539068802e-14,1.1948001948613972e-14,2.2256465197116922e-14,9.246352388849141e-09
1.0141845444755763e-08,2.430471990683927e-11,9.94672470510296e-15,1.6933510596420555e-19,4.3275456494430054e-19,0.0,0.0,0.007125991510563221,0.857416395317448,1.0108884719074172e-05,0.10410008339585795,3.4546864781493225e-05,3.432307940334659e-14,3.432307940334659e-14,1.967967979333531e-14,1.8853027328628252e-14,1.2941710129652983e-14,4.3309800190627357e-13,6.192932658295098e-14,4.3232084578903596e-13,0.0,1.3552527156068805e-20,0.0,0.0,0.0,1.756031874204325e-12,9.453278171189805e-13,1.7560318742485791e-12,9.45327817142804e-13,0.0,0.0,0.0,0.0,8.534287106779288e-15,2.2530629140415947e-14,8.534287106779288e-15,2.2538399215990298e-14,1.0141845444755763e-08
1.1073846401349546e-08,2.522383613267193e-11,9.827668878990918e-15,1.7971476304150289e-19,4.539949389526118e-19,0.0,0.0,0.0054895612629826535,0.7335415926088017,1.0471043924529997e-05,0.06689427760950288,3.4656356423101e-05,4.653979913862599e-14,4.653979913862599e-14,2.651362589175654e-14,1.884996947465737e-14,1.527546113663566e-14,4.432010314303625e-13,6.37144631288074e-14,4.4259040876681865e-13,0.0,6.776263578034403e-21,0.0,0.0,0.0,1.8914343973011462e-12,1.0182193024455279e-12,1.8914343972070544e-12,1.0182193023948752e-12,5.421010862427522e-20,0.0,2.11650781412471e-14,0.0,8.534287107468488e-15,3.617125220727286e-14,8.534287107468488e-15,3.6160917563785074e-14,1.1073846401349546e-08
1.2041380149918911e-08,2.6151468508934367e-11,1.01900391627131e-14,1.8602548309531895e-19,4.700487195848326e-19,0.0,0.0,0.002073950663985372,0.26551062444608137,1.083325383096699e-05,0.18886178696875158,3.4765354958738173e-05,3.952361146553652e-14,3.952361146553652e-14,2.3595417810636814e-14,2.7429352983145598e-14,1.5029082731206108e-14,4.511946372076636e-13,6.548517286557614e-14,4.5025094763673223e-13,0.0,1.3552527156068805e-20,0.0,0.0,0.0,1.937334706802845e-12,1.0429288991355058e-12,1.937334706785474e-12,1.0429288991261544e-12,0.0,0.0,0.0,0.0,1.024114452986146e-14,1.698712545693317e-14,1.024114452986146e-14,1.7000012064016262e-14,1.2041380149918911e-08
1.304425477080803e-08,2.7085804205161105e-11,1.0173696351043538e-14,1.9273350158310154e-19,4.907541353218795e-19,0.0,0.0,0.001581880502960459,0.24082080925095206,1.1196507281257359e-05,0.8500955522835779,3.486849897267319e-05,2.6828429015928837e-14,2.6828429015928837e-14,2.405284071646964e-14,1.4068915742123292e-14,1.2941710129652983e-14,4.656830476790219e-13,8.645928783529298e-14,4.649614027130156e-13,0.0,1.3552527156068805e-20,0.0,0.0,0.0,2.056112534843238e-12,1.1068707822829466e-12,2.0561125348599885e-12,1.1068707822919638e-12,0.0,0.0,0.0,0.0,1.1948001952635164e-14,3.6986502235533786e-14,1.1948001952635164e-14,3.6973647202086145e-14,1.304425477080803e-08
1.4080855507698862e-08,2.8022638126450236e-11,1.009494362071074e-14,1.9193288113605746e-19,5.29234072073835e-19,0.0,0.0,0.009692402490199245,1.1859631549568261,1.1558981455718888e-05,1.1263175714195535,3.497215665458824e-05,4.4033863619684334e-14,4.4033863619684334e-14,2.455545705453179e-14,1.884088909861093e-14,2.5883420259305965e-14,4.743982984223294e-13,8.01562688236772e-14,4.737321646075543e-13,0.0,2.0328790734103208e-20,0.0,0.0,0.0,2.1076719085739015e-12,1.1346268332617537e-12,2.1076719085489826e-12,1.134626833248339e-12,5.421010862427522e-20,5.421010862427522e-20,2.1009888142839036e-14,2.1009888142839036e-14,1.7068574219776126e-14,2.861197789543907e-14,1.7068574219776126e-14,2.860428374577196e-14,1.4080855507698862e-08
1.5151366963698096e-08,2.8965069559091604e-11,1.0801020823204174e-14,1.3940898909553258e-19,2.4935570127828873e-19,0.0,0.0,0.0026681033222735245,0.43914201970249295,1.1815885552061601e-05,0.21846343126281498,3.506629253108198e-05,4.873233124760288e-14,4.873233124760288e-14,1.3844700111625554e-14,1.586597705151886e-14,1.4335432758996746e-14,4.894973315572315e-13,6.915150284402817e-14,4.886646642887627e-13,0.0,1.3552527156068805e-20,0.0,0.0,0.0,2.189120670815188e-12,1.178473292854917e-12,2.189120670881466e-12,1.1784732928905965e-12,0.0,0.0,0.0,0.0,1.1948001955126602e-14,3.005734045281363e-14,1.1948001955126602e-14,3.0054780202349164e-14,1.5151366963698096e-08
1.6255915634241264e-08,2.991058149563043e-11,1.0684995418963703e-14,1.151746801216899e-19,2.860330940841088e-19,0.0,0.0,0.0012355094197912487,0.19118470062509257,1.2289020698444805e-05,0.14547988249050647,3.516256599293626e-05,2.5866413485972712e-14,2.5866413485972712e-14,1.898402468577436e-14,1.5191578585813267e-14,1.4118229232345324e-14,5.009881398621019e-13,5.797591908681743e-14,5.002109837448643e-13,0.0,1.3552527156068805e-20,0.0,0.0,0.0,2.249805646602235e-12,1.211141945705356e-12,2.249805646591068e-12,1.2111419456993444e-12,0.0,0.0,0.0,0.0,8.534287111773256e-15,2.6378346363810095e-14,8.534287111773256e-15,2.63732347764903e-14,1.6255915634241264e-08
1.7393959958037833e-08,3.0857246804258834e-11,1.0722995845927784e-14,1.1460953629540467e-19,2.9423080625393217e-19,0.0,0.0,0.0008288207066604453,0.12443472202400152,1.265025048999169e-05,0.066534048453574,3.5255404374421765e-05,5.31004871143464e-14,5.31004871143464e-14,1.621532097077786e-14,1.6555028103892953e-14,1.3907509393056632e-14,5.118683255034284e-13,5.886837571396058e-14,5.110356582349596e-13,0.0,2.0328790734103208e-20,0.0,0.0,0.0,2.3230572516453887e-12,1.2505756148278355e-12,2.3230572516458023e-12,1.250575614828058e-12,0.0,0.0,0.0,0.0,1.5361716803025522e-14,2.734532787962286e-14,1.5361716803025522e-14,2.735553326416461e-14,1.7393959958037833e-08
1.8561704737177065e-08,3.180709954109556e-11,1.0861335171035027e-14,1.0850703645194352e-19,3.0093689311097915e-19,0.0,0.0,0.000636380251640223,0.09340392146101095,1.3011384900154822e-05,0.11213324119702267,3.53422947507559e-05,4.1465304645616486e-14,4.1465304645616486e-14,1.4781780398110513e-14,1.4733494256255545e-14,2.5883420259305965e-14,5.24469356832924e-13,5.96569915557703e-14,5.238032230181489e-13,0.0,1.3552527156068805e-20,0.0,0.0,0.0,2.421280255448292e-12,1.3034521822409104e-12,2.4212802554598724e-12,1.3034521822471445e-12,1.6263032587282567e-19,1.6263032587282567e-19,6.25920030900702e-14,6.25920030900702e-14,1.3654859382174738e-14,2.6248432561269306e-14,1.3654859382174738e-14,2.625607328489475e-14,1.8561704737177065e-08
1.9762528315114922e-08,3.275903282665545e-11,1.127969655434433e-14,1.1075826267792667e-19,3.134575793020539e-19,0.0,0.0,0.0005242476645461876,0.11871856554074088,1.3372667235803527e-05,0.04647011958878748,3.542850687857001e-05,4.8217382033525137e-14,4.8217382033525137e-14,2.3802066768054444e-14,1.260581771049643e-14,1.2941710129652983e-14,5.361822097427194e-13,6.119838542191201e-14,5.35460564776713e-13,0.0,6.776263578034403e-21,0.0,0.0,0.0,2.413223114867594e-12,1.299114767169315e-12,2.4132231148498096e-12,1.2991147671597413e-12,0.0,5.421010862427522e-20,0.0,2.0827718979002383e-14,5.120572268984032e-15,2.952072207895235e-14,5.120572268984032e-15,2.9518179600089296e-14,1.9762528315114922e-08
2.0994944010859067e-08,3.371142789691482e-11,1.1667910520262182e-14,1.2613185222594626e-19,3.1605214225370915e-19,0.0,0.0,0.0012393822725853324,0.26865112963174775,1.3732665638573911e-05,0.06637392646239161,3.5514125204914374e-05,5.811481054513098e-14,5.811481054513098e-14,2.2577890732155508e-14,1.653678512563057e-14,2.5883420259305965e-14,5.471734176865084e-13,6.802624078624339e-14,5.465072838717333e-13,0.0,6.776263578034403e-21,0.0,0.0,0.0,2.4159021856116104e-12,1.300556996171849e-12,2.415902185617504e-12,1.3005569961750217e-12,0.0,0.0,0.0,0.0,2.218914650194612e-14,2.192121630135836e-14,2.218914650194612e-14,2.192121630135836e-14,2.0994944010859067e-08
2.2256549030548244e-08,3.4661408271185876e-11,1.177582428043965e-14,1.2373930899234824e-19,3.4095526258609585e-19,0.0,0.0,0.004126534842800238,1.5619660966411337,1.4090861643323869e-05,0.018710514497430088,3.559424798130848e-05,4.318320901097721e-14,4.318320901097721e-14,2.1580967762039092e-14,1.6530713019576313e-14,1.2941710129652983e-14,5.577760475716786e-13,6.286764649525232e-14,5.571099137569036e-13,0.0,6.776263578034403e-21,0.0,0.0,0.0,2.4464469028460427e-12,1.3170001890841747e-12,2.4464469028204e-12,1.3170001890703705e-12,5.421010862427522e-20,5.421010862427522e-20,2.075538163314736e-14,2.075538163314736e-14,6.8274296938697215e-15,1.985366979862223e-14,6.8274296938697215e-15,1.9846068853063798e-14,2.2256549030548244e-08
1.4038595265159917e-09,1.5080503959867409e-12,1.3844441052834806e-15,2.7684504461371036e-20,3.80307477134785e-20,0.0,0.0,0.00312021682202722,0.3419454831037721,4.072962409501162e-06,0.018544620610825704,3.574965499920741e-05,4.32943800009941e-14,4.32943800009941e-14,2.13979184942872e-14,1.652455744137736e-14,1.2941710129652983e-14,3.141931159689193e-14,4.321574298215735e-15,0.0,0.0,1.0164395367051604e-20,0.0,0.0,0.0,2.3733968090366818e-12,1.277674999868899e-12,2.373396809052411e-12,1.2776749998773666e-12,5.421010862427522e-20,5.421010862427522e-20,2.0719326075719853e-14,2.0719326075719853e-14,1.365485938919135e-14,1.46569872686332e-14,1.365485938919135e-14,1.4649399527165397e-14,1.4038595265159917e-09
7.849662487157042e-10,9.941969482000701e-13,1.397735073462211e-15,3.259701503420992e-20,3.1143036238632726e-20,0.0,0.0,0.11504257460943082,2.268358357196411,4.073157246203131e-06,0.048538027425620855,3.507965965080303e-05,3.8946459809224776e-14,3.8946459809224776e-14,2.1681011448158317e-14,2.1444956177676655e-14,1.2941710129652983e-14,2.298161660974074e-14,5.247794987751308e-15,0.0,0.0,6.776263578034403e-21,0.0,0.0,0.0,2.332647975887571e-12,1.2557386067675797e-12,2.3326479758263597e-12,1.2557386067346275e-12,5.421010862427522e-20,5.421010862427522e-20,2.06833955700826e-14,2.06833955700826e-14,1.0241144542871277e-14,2.043875026228029e-14,1.0241144542871277e-14,2.0433700540164838e-14,7.849662487157042e-10
7.508367761478386e-10,9.753723700504609e-13,1.3042167484290357e-15,4.115089703294931e-20,4.470234238243981e-20,0.0,0.0,0.0037523404401873816,0.345927393516742,4.072587161548168e-06,0.03660280845048541,3.494839116170166e-05,2.554273949823641e-14,2.554273949823641e-14,1.6536320925572095e-14,1.5751906291631154e-14,1.2941710129652983e-14,2.475797344914099e-14,5.444396274169481e-15,0.0,0.0,6.776263578034403e-21,0.0,0.0,0.0,2.302694916091455e-12,1.2396139218748693e-12,2.30269491608644e-12,1.2396139218721696e-12,5.421010862427522e-20,5.421010862427522e-20,2.0647589466784615e-14,2.0647589466784615e-14,1.0241144543763688e-14,1.2826774350582769e-14,1.0241144543763688e-14,1.2841897291455924e-14,7.508367761478386e-10
7.19391796784984e-10,9.523016802728051e-13,1.0370338861126152e-15,3.512889807015026e-20,5.29892554191712e-20,0.0,0.0,0.001879356319063323,0.18395813384322485,4.072402784739598e-06,0.02858740949932759,3.494327338845892e-05,2.616317152416718e-14,2.616317152416718e-14,1.6723417286016734e-14,1.3998459587276301e-14,1.2941710129652983e-14,2.1871393585115584e-14,4.8349992074816815e-15,0.0,0.0,1.3552527156068805e-20,0.0,0.0,0.0,2.2625254669422784e-12,1.2179894296108742e-12,2.2625254669314217e-12,1.2179894296050294e-12,5.421010862427522e-20,0.0,2.0611907120864308e-14,0.0,1.3654859392776227e-14,2.700566987772905e-14,1.3654859392776227e-14,2.6998121474707228e-14,7.19391796784984e-10
6.907069216704903e-10,9.292625294451614e-13,1.5232729226890833e-15,4.513978368363577e-20,2.935618282222068e-20,0.0,0.0,0.0012410300832456317,0.12384361297246946,4.072220462454377e-06,0.04794523397354947,3.494341963228188e-05,3.855100245218678e-14,3.855100245218678e-14,2.1843988239762676e-14,2.7263709150170866e-14,1.2941710129652983e-14,2.2870594307278225e-14,5.2412553671942785e-15,0.0,0.0,6.776263578034403e-21,0.0,0.0,0.0,2.1978556061662356e-12,1.183175586411986e-12,2.1978556061348028e-12,1.1831755863950647e-12,0.0,0.0,0.0,0.0,1.0241144545333357e-14,2.027770944844529e-14,1.0241144545333357e-14,2.026012689349185e-14,6.907069216704903e-10
6.654627051376062e-10,9.062992944787251e-13,1.4549852902591316e-15,3.3586218206189324e-20,3.187810046022244e-20,0.0,0.0,0.0009172447187374598,0.0926809121670418,4.072038617696608e-06,0.0436701052438131,3.494059852897115e-05,2.7429423928544653e-14,2.7429423928544653e-14,1.5319203732541146e-14,2.7517901292396916e-14,1.2941710129652983e-14,2.1815882433884326e-14,5.040542143553667e-15,0.0,0.0,6.776263578034403e-21,0.0,0.0,0.0,2.1477627181097698e-12,1.1562089913203835e-12,2.1477627180946737e-12,1.156208991312257e-12,5.421010862427522e-20,1.0842021724855044e-19,2.054091114352559e-14,4.108182228705118e-14,1.5361716819033305e-14,2.903396896595719e-14,1.5361716819033305e-14,2.904399883691874e-14,6.654627051376062e-10
6.411511474055818e-10,8.852252660686444e-13,1.121270291988505e-15,3.078588993261391e-20,2.45344422837541e-20,0.0,0.0,0.0007245100330410963,0.07329501682733172,4.071857279008726e-06,0.04728450363783392,3.49395205579697e-05,2.4627419222914455e-14,2.4627419222914455e-14,2.415232448083766e-14,2.1396331440978254e-14,1.2941710129652983e-14,1.9984014443252818e-14,5.314071013596683e-15,0.0,0.0,1.3552527156068805e-20,0.0,0.0,0.0,2.0951648128831527e-12,1.1278938658017065e-12,2.095164812883101e-12,1.1278938658016787e-12,1.0842021724855044e-19,5.421010862427522e-20,4.101119248856917e-14,2.0505596244284584e-14,1.1948001971095542e-14,4.210309721326246e-14,1.1948001971095542e-14,4.210560037005279e-14,6.411511474055818e-10
6.186922622781953e-10,8.658202579634935e-13,1.2287917140018453e-15,2.4432165786662115e-20,5.714274123415936e-20,0.0,0.0,0.0005938992558450006,0.06044754921241217,4.071676333755422e-06,0.061555746794020046,3.4938602514911623e-05,5.268916507873116e-14,5.268916507873116e-14,2.4036087726815438e-14,1.4906902059144006e-14,1.2941710129652983e-14,2.1260770921571748e-14,7.923706798409048e-15,0.0,0.0,2.710505431213761e-20,0.0,0.0,0.0,1.9648287067195252e-12,1.057729793872611e-12,1.9648287067311058e-12,1.0577297938788452e-12,0.0,5.421010862427522e-20,0.0,2.047040256670064e-14,8.53428712269261e-15,4.761828831772682e-14,8.53428712269261e-15,4.7625784899640816e-14,6.186922622781953e-10
5.989556495990834e-10,8.477011029361125e-13,1.3540625196262721e-15,4.5141770426168086e-20,5.493083686845447e-20,0.0,0.0,0.0005023300619453993,0.05126691304700548,4.071495449684187e-06,0.08164267059901552,3.493755384223967e-05,3.0981022546868965e-14,3.0981022546868965e-14,1.7653012258198762e-14,2.1377010061242757e-14,1.2941710129652983e-14,1.9317880628477724e-14,7.171328416441382e-15,0.0,0.0,1.3552527156068805e-20,0.0,0.0,0.0,1.876330485236562e-12,1.0100883861269174e-12,1.8763304852630316e-12,1.0100883861411669e-12,5.421010862427522e-20,5.421010862427522e-20,2.0435329487686333e-14,2.0435329487686333e-14,1.5361716821639884e-14,2.636520764250921e-14,1.5361716821639884e-14,2.637269138013127e-14,5.989556495990834e-10
5.803281257551004e-10,8.309881339008912e-13,1.2425077236865807e-15,3.833467496577078e-20,3.824464408273619e-20,0.0,0.0,0.0004336142905330762,0.044274905207184655,4.071315050490118e-06,0.13578235154909313,3.493588702163159e-05,5.2803996681426336e-14,5.2803996681426336e-14,2.936161138346141e-14,1.5710767346291113e-14,1.2941710129652983e-14,2.120525977034049e-14,7.377555209384584e-15,0.0,0.0,6.776263578034403e-21,0.0,0.0,0.0,1.761284932197796e-12,9.481557053362245e-13,1.761284932229229e-12,9.481557053531458e-13,0.0,0.0,0.0,0.0,6.827429698829198e-15,2.2908383977720322e-14,6.827429698829198e-15,2.2908383977720322e-14,5.803281257551004e-10
5.633768205406171e-10,8.141965752310836e-13,1.2325475812854657e-15,2.4259029524396987e-20,3.126520346900248e-20,0.0,0.0,0.0003803179339738077,0.03882227025071615,4.071134598170935e-06,0.1421341944272772,3.493489392030851e-05,3.621572516315604e-14,3.621572516315604e-14,1.8026642134281215e-14,2.791352796666253e-14,1.2941710129652983e-14,1.7486012637846216e-14,6.020658021229196e-15,0.0,0.0,6.776263578034403e-21,0.0,0.0,0.0,1.657613220557642e-12,8.923459251713947e-13,1.6576132205673613e-12,8.923459251766269e-13,0.0,0.0,0.0,0.0,1.0241144548686644e-14,1.8021450458246314e-14,1.0241144548686644e-14,1.801647833782743e-14,5.633768205406171e-10
5.467658190307417e-10,8.001344083319694e-13,1.0892074392614738e-15,6.327852025333054e-20,6.069391874797628e-20,0.0,0.0,0.00033781956641720746,0.03457978807884148,4.070954667098617e-06,0.2399310794393424,3.493312687595262e-05,2.4507862127107272e-14,2.4507862127107272e-14,2.5493160981313462e-14,2.134801936459351e-14,1.2941710129652983e-14,1.942890293094024e-14,6.425225489496574e-15,0.0,0.0,1.3552527156068805e-20,0.0,0.0,0.0,1.6105325750974024e-12,8.670009160885477e-13,1.6105325750971956e-12,8.670009160884365e-13,1.0842021724855044e-19,1.0842021724855044e-19,4.066165534982742e-14,4.066165534982742e-14,1.3654859398789478e-14,2.4197769303246356e-14,1.3654859398789478e-14,2.419280565826108e-14,5.467658190307417e-10
5.328392649862067e-10,7.854183609985699e-13,1.2658490090568385e-15,5.837157185158046e-20,6.261511199902179e-20,0.0,0.0,0.00030398146989019906,0.031050137634280578,4.070774527696488e-06,0.3494693650116707,3.493104574092191e-05,3.9990013370032896e-14,3.9990013370032896e-14,1.3343067789120622e-14,3.138627831959747e-14,1.2941710129652983e-14,1.915134717478395e-14,2.738379860768355e-15,0.0,0.0,1.3552527156068805e-20,0.0,0.0,0.0,1.535428998756767e-12,8.26570271905568e-13,1.5354289987510801e-12,8.265702719025065e-13,0.0,5.421010862427522e-20,0.0,2.029623084401962e-14,1.7068574249105933e-14,3.0030979884179744e-14,1.7068574249105933e-14,3.0018591888187596e-14,5.328392649862067e-10
5.185346431032229e-10,7.726571934688173e-13,1.1866928732135989e-15,4.163621447953113e-20,5.583240082505589e-20,0.0,0.0,0.0002751705595192852,0.02818991448496607,4.070595206373512e-06,0.7235000043496496,3.492926005333996e-05,6.016858812701482e-14,6.016858812701482e-14,1.5627822845285696e-14,2.132868774687406e-14,1.2941710129652983e-14,1.7486012637846216e-14,2.737237215645344e-15,0.0,0.0,6.776263578034403e-21,0.0,0.0,0.0,1.438956449449828e-12,7.746360298294959e-13,1.4389564494647173e-12,7.746360298375111e-13,0.0,5.421010862427522e-20,0.0,2.0261751559480387e-14,1.5361716824706143e-14,1.952988944012962e-14,1.5361716824706143e-14,1.9519995879116384e-14,5.185346431032229e-10
5.046333343327101e-10,7.590404624099796e-13,1.1240151438116956e-15,3.856558775477455e-20,4.081600920721496e-20,0.0,0.0,0.00025083286066301296,0.025743626233039843,4.070415932694452e-06,0.8895115875905283,3.492827714856651e-05,3.956504453735786e-14,3.956504453735786e-14,2.3302132060738838e-14,1.4231076379215353e-14,1.2941710129652983e-14,1.837419105754634e-14,3.1756278417008266e-15,0.0,0.0,6.776263578034403e-21,0.0,0.0,0.0,1.3768047228926765e-12,7.411777783822806e-13,1.376804722881096e-12,7.411777783760464e-13,1.0842021724855044e-19,1.0842021724855044e-19,4.045477844649583e-14,4.045477844649583e-14,1.1948001975136023e-14,1.836340756022447e-14,1.1948001975136023e-14,1.8368345951393013e-14,5.046333343327101e-10
4.934920814315896e-10,7.485404990546059e-13,1.0821115497893178e-15,2.966127488564329e-20,4.244794013184602e-20,0.0,0.0,0.00023077675072176237,0.02353860302822534,4.070236252638715e-06,0.6994696907256728,3.4925396487946365e-05,4.8987416468451246e-14,4.8987416468451246e-14,2.624308886839221e-14,2.130935329997376e-14,1.2941710129652983e-14,2.1260770921571748e-14,1.4377719250899494e-14,0.0,0.0,6.776263578034403e-21,0.0,0.0,0.0,1.4086184684016175e-12,7.583041295824699e-13,1.408618468380938e-12,7.583041295713375e-13,0.0,5.421010862427522e-20,0.0,2.019314324132419e-14,1.7068574250672734e-14,2.5998514458048856e-14,1.7068574250672734e-14,2.599111941269244e-14,4.934920814315896e-10
4.817585076696631e-10,7.355595829698816e-13,9.171947447016606e-16,2.6852414003269386e-20,4.355244430488052e-20,0.0,0.0,0.00021297256356214445,0.02162202783650616,4.0700569450405875e-06,0.6182708252841167,3.4925684983451133e-05,2.6761641630996862e-14,2.6761641630996862e-14,2.6544840474258423e-14,1.3867259065618502e-14,1.2941710129652983e-14,1.6930901125533637e-14,2.2013203525196252e-14,0.0,0.0,6.776263578034403e-21,0.0,0.0,0.0,1.4042585389147063e-12,7.559570408506538e-13,1.404258538897956e-12,7.559570408416365e-13,0.0,0.0,0.0,0.0,1.1948001975778853e-14,2.1827728722011705e-14,1.1948001975778853e-14,2.1837572117151278e-14,4.817585076696631e-10
4.710079755073528e-10,7.257739100936668e-13,1.1060518526157679e-15,3.0847004866196066e-20,2.438318250501988e-20,0.0,0.0,0.00019801759941430664,0.02021215998715766,4.069878062098478e-06,30.20581558435994,3.492333360629565e-05,3.45659441395588e-14,3.45659441395588e-14,2.3023202316001864e-14,1.5663761424554284e-14,1.2941710129652983e-14,1.609823385706477e-14,2.5768278704881e-14,0.0,0.0,2.0328790734103208e-20,0.0,0.0,0.0,1.3562847603926795e-12,7.301312298301507e-13,1.3562847603897844e-12,7.30131229828592e-13,5.421010862427522e-20,5.421010862427522e-20,2.012499798445647e-14,2.012499798445647e-14,1.1948001976062392e-14,2.7124386177963932e-14,1.1948001976062392e-14,2.7126842874474936e-14,4.710079755073528e-10
4.616437754428161e-10,7.152917862556057e-13,1.0355470984145593e-15,5.2296996758467647e-20,4.971986646324362e-20,0.0,0.0,0.00018439232862851648,0.018813438076306217,4.069698725911297e-06,2.1191910480080534,3.49218540434542e-05,3.442933198709226e-14,3.442933198709226e-14,2.2934262009167636e-14,1.6419121179811726e-14,1.2941710129652983e-14,1.6819878823071122e-14,2.2510391199240597e-14,0.0,0.0,1.3552527156068805e-20,0.0,0.0,0.0,1.2982809251734625e-12,6.98905920234243e-13,1.29828092515878e-12,6.989059202263389e-13,5.421010862427522e-20,0.0,2.009109754146068e-14,0.0,1.5361716826702027e-14,2.3017258951713787e-14,1.5361716826702027e-14,2.3009901277035562e-14,4.616437754428161e-10
4.5099409421377863e-10,7.073426321988771e-13,1.217454592664719e-15,3.333696141633848e-20,3.019780486324577e-20,0.0,0.0,0.0001729824909894494,0.017635616387623846,4.069519468217533e-06,0.41771751401927976,3.4918899094677344e-05,4.063443226845745e-14,4.063443226845745e-14,1.536626105399382e-14,1.6413265194640976e-14,1.2941710129652983e-14,1.8540724511240114e-14,2.095485536590052e-14,0.0,0.0,6.776263578034403e-21,0.0,0.0,0.0,1.223060250552362e-12,6.584122383220053e-13,1.22306025058152e-12,6.58412238337702e-13,5.421010862427522e-20,5.421010862427522e-20,2.0057311116603272e-14,2.0057311116603272e-14,1.0241144551341551e-14,2.942527812397039e-14,1.0241144551341551e-14,2.942772655782994e-14,4.5099409421377863e-10
4.4215924068673514e-10,6.960003083944439e-13,1.0444360777476668e-15,5.013977171193552e-20,5.525058397741884e-20,0.0,0.0,0.00016191825153990584,0.01639388717610419,4.069341038383242e-06,0.19740051242124065,3.4920990110148563e-05,4.0697497811067e-14,4.0697497811067e-14,1.3477144471921783e-14,1.6407409314558386e-14,1.2941710129652983e-14,1.3988810110276972e-14,1.7756493816439014e-14,0.0,0.0,1.3552527156068805e-20,0.0,0.0,0.0,1.156701736940165e-12,6.226893395854994e-13,1.1567017369544339e-12,6.226893395931808e-13,5.421010862427522e-20,5.421010862427522e-20,2.0023638135630207e-14,2.0023638135630207e-14,1.024114455153283e-14,2.8158604891783735e-14,1.024114455153283e-14,2.8168382185148935e-14,4.4215924068673514e-10
4.3455947984528156e-10,6.867600073909128e-13,1.1060518526157679e-15,4.520331613405486e-20,4.923306236162412e-20,0.0,0.0,0.0001522695839843797,0.015413462773907396,4.069162163086267e-06,0.14036395769976914,3.491884085794943e-05,4.1025994739535047e-14,4.1025994739535047e-14,2.714241540165931e-14,2.125133758836698e-14,1.2941710129652983e-14,1.559863349598345e-14,1.5404431125636957e-14,0.0,0.0,2.0328790734103208e-20,0.0,0.0,0.0,1.0961347165625853e-12,5.900841858841305e-13,1.0961347165586562e-12,5.900841858820153e-13,5.421010862427522e-20,0.0,1.9990078028137325e-14,0.0,1.3654859402279984e-14,3.6503349735161085e-14,1.3654859402279984e-14,3.648870837555075e-14,4.3455947984528156e-10
4.253213572194971e-10,6.781064533689154e-13,9.534353327576943e-16,2.8861334839981495e-20,3.927069032049091e-20,0.0,0.0,0.00014417531091339762,0.014590333803941829,4.068983359647913e-06,0.08892845814371775,3.49159152976917e-05,4.116001353874401e-14,4.116001353874401e-14,2.0559629533769498e-14,1.639569785872095e-14,1.2941710129652983e-14,1.687538997430238e-14,1.3492397294005143e-14,0.0,0.0,1.3552527156068805e-20,0.0,0.0,0.0,1.0394659315050207e-12,5.595775762580789e-13,1.0394659314984033e-12,5.595775762545166e-13,5.421010862427522e-20,5.421010862427522e-20,1.9956630227538085e-14,1.9956630227538085e-14,1.3654859402499124e-14,2.943592277614634e-14,1.3654859402499124e-14,2.9433486632574696e-14,4.253213572194971e-10
4.178350430521595e-10,6.694303040333627e-13,1.2060109012779447e-15,3.375402382250268e-20,3.9090715734405564e-20,0.0,0.0,0.0001362611098162705,0.013785345034680494,4.068804380321901e-06,0.15263481049957425,3.491493590011165e-05,4.0527720283748584e-14,4.0527720283748584e-14,2.056666228344247e-14,1.638984227851394e-14,1.2941710129652983e-14,1.5931700403370996e-14,1.1505331135833689e-14,0.0,0.0,6.776263578034403e-21,0.0,0.0,0.0,9.873302984461402e-13,5.315113065521247e-13,9.873302984465538e-13,5.315113065523473e-13,1.0842021724855044e-19,5.421010862427522e-20,3.9846588342063415e-14,1.9923294171031707e-14,2.0482289104054148e-14,2.8302047260091695e-14,2.0482289104054148e-14,2.831420763100348e-14,4.178350430521595e-10
4.1084024964685553e-10,6.617134712631342e-13,9.51817968857363e-16,4.3157139113410416e-20,4.072307938301696e-20,0.0,0.0,0.0001297995581593654,0.013047642517693464,4.06862586430909e-06,0.11103835860288558,3.491258594862211e-05,3.174520830360692e-14,3.174520830360692e-14,2.715023852682535e-14,1.5622637180932953e-14,1.2941710129652983e-14,1.4988010832439613e-14,1.0034220966403783e-14,0.0,0.0,6.776263578034403e-21,0.0,0.0,0.0,9.372797901834225e-13,5.045675258516033e-13,9.372797901739099e-13,5.045675258464824e-13,0.0,0.0,0.0,0.0,1.365485940289237e-14,3.041578606618629e-14,1.365485940289237e-14,3.0420642102917535e-14,4.1084024964685553e-10
4.027742237019798e-10,6.549768284869116e-13,9.43689570931383e-16,2.3351086879159882e-20,2.8361965556159394e-20,0.0,0.0,0.00012297388036787294,0.012410958377494851,4.068446909202522e-06,0.1205814272389456,3.491038464287815e-05,4.2058007810748594e-14,4.2058007810748594e-14,1.4053402767702594e-14,1.3867454670419238e-14,1.2941710129652983e-14,1.6264767310758543e-14,8.017447823423826e-15,0.0,0.0,6.776263578034403e-21,0.0,0.0,0.0,8.85797772659544e-13,4.768531181796e-13,8.857977727147583e-13,4.768531182093237e-13,5.421010862427522e-20,0.0,1.985695505783423e-14,0.0,3.413714850767306e-15,3.6214202241620054e-14,3.413714850767306e-15,3.6219050193727366e-14,4.027742237019798e-10
3.9739261167673047e-10,6.473949547108697e-13,1.0605390551611693e-15,3.430221996495653e-20,4.651347230987327e-20,0.0,0.0,0.00011742677322499386,0.011831279708671228,4.068268208468989e-06,0.09907509200876817,3.491130492749821e-05,5.288486704286153e-14,5.288486704286153e-14,1.3663792373815864e-14,2.1202981765331984e-14,1.2941710129652983e-14,1.4876988529977098e-14,6.4724937781884966e-15,0.0,0.0,1.3552527156068805e-20,0.0,0.0,0.0,8.685326533021278e-13,4.675587552274256e-13,8.685326532851706e-13,4.67558755218297e-13,0.0,0.0,0.0,0.0,1.877543167944745e-14,2.196828049197033e-14,1.877543167944745e-14,2.196828049197033e-14,3.9739261167673047e-10
3.891627673423888e-10,6.401544203001748e-13,9.43689570931383e-16,3.020952239063103e-20,3.256955564780262e-20,0.0,0.0,0.00011200850843074237,0.011246070312549998,4.06808928302125e-06,0.11076341801115296,3.491089554756805e-05,6.363646226272076e-14,6.363646226272076e-14,2.1410064398071095e-14,2.8307876370664827e-14,1.2941710129652983e-14,1.3489209749195652e-14,5.180193329253163e-15,0.0,0.0,1.3552527156068805e-20,0.0,0.0,0.0,8.369789696666403e-13,4.505724036062647e-13,8.369789696713965e-13,4.505724036088252e-13,0.0,5.421010862427522e-20,0.0,1.9791056260662292e-14,1.5361716828812953e-14,3.248944916672881e-14,1.5361716828812953e-14,3.248944916672881e-14,3.891627673423888e-10
3.8346610026461494e-10,6.335479616022776e-13,8.044330061068549e-16,3.7804628142050784e-20,2.887757934078156e-20,0.0,0.0,0.00010701924336212174,0.010771843471091716,4.067910512275101e-06,0.08160234782683173,3.490745306782281e-05,2.7328903091140247e-14,2.7328903091140247e-14,1.3659169371655792e-14,1.636056578155308e-14,1.2941710129652983e-14,1.587618925213974e-14,4.293167105004018e-15,0.0,0.0,6.776263578034403e-21,0.0,0.0,0.0,8.104995752455239e-13,4.3631770328194004e-13,8.104995752480054e-13,4.36317703283276e-13,5.421010862427522e-20,1.0842021724855044e-19,1.9758270612918296e-14,3.951654122583659e-14,1.3654859403534546e-14,2.394081197054473e-14,1.3654859403534546e-14,2.3935988111594387e-14,3.8346610026461494e-10
3.7726532769361176e-10,6.26485742170259e-13,1.0007415106216803e-15,5.096295346345411e-20,6.261420686792687e-20,0.0,0.0,0.00010266629798909695,0.010294114490971836,4.06773158099868e-06,0.38563279904242453,3.4906965729075655e-05,4.3341501947474065e-14,4.3341501947474065e-14,1.3466285982394992e-14,1.5593265622787208e-14,1.2941710129652983e-14,1.3711254354120683e-14,2.90458720345338e-15,0.0,0.0,1.3552527156068805e-20,0.0,0.0,0.0,7.450246097693346e-13,4.010704466126432e-13,7.450246098094528e-13,4.010704466342402e-13,1.0842021724855044e-19,1.0842021724855044e-19,3.9451186820435384e-14,3.9451186820435384e-14,1.1948001978212233e-14,1.983661394871366e-14,1.1948001978212233e-14,1.9841429829740295e-14,3.7726532769361176e-10
3.725390915661544e-10,6.212036684557319e-13,8.044330061068549e-16,2.6570385332444042e-20,2.5353936568726367e-20,0.0,0.0,9.813133824107434e-05,0.009834097044010703,4.06755362977029e-06,0.4273183792911721,3.490477979188255e-05,4.422012840055489e-14,4.422012840055489e-14,2.2068735830897562e-14,2.1164293404931938e-14,1.2941710129652983e-14,1.6209256159527285e-14,2.4776850755848303e-15,0.0,0.0,1.6940658945086007e-20,0.0,0.0,0.0,7.368344349642996e-13,3.9666141498628203e-13,7.368344349808432e-13,3.9666141499518795e-13,1.0842021724855044e-19,5.421010862427522e-20,3.93860482307872e-14,1.96930241153936e-14,1.3654859403799837e-14,1.4068001564658962e-14,1.3654859403799837e-14,1.406078967048706e-14,3.725390915661544e-10
3.6740957172008116e-10,6.141471569005729e-13,1.0459102296143537e-15,3.9729366848912584e-20,5.917636274962721e-20,0.0,0.0,9.462965956010813e-05,0.009418561452111908,4.06737424902633e-06,0.8689678824770133,3.490374090570544e-05,4.0916289782399816e-14,4.0916289782399816e-14,2.1927729091748164e-14,1.558151763296669e-14,1.2941710129652983e-14,1.3211653993039363e-14,2.389360893110442e-15,0.0,0.0,1.3552527156068805e-20,0.0,0.0,0.0,6.981521017999894e-13,3.7583748456197766e-13,6.981521018229436e-13,3.7583748457433463e-13,0.0,0.0,0.0,0.0,1.19480019784312e-14,2.1952818677984635e-14,1.19480019784312e-14,2.1950418675942656e-14,3.6740957172008116e-10
3.614356706752377e-10,6.079771706632105e-13,1.0220686874352607e-15,2.4077200200549056e-20,3.6906892551182504e-20,0.0,0.0,9.09425271218887e-05,0.008967454555303477,4.067195408889779e-06,6.6224246674569995,3.49020860404616e-05,4.372825434951132e-14,4.372825434951132e-14,1.4718055369404057e-14,1.6337146187340372e-14,1.2941710129652983e-14,1.5709655798445965e-14,2.3774502783079083e-15,0.0,0.0,2.0328790734103208e-20,0.0,0.0,0.0,6.901891326441387e-13,3.7155076496396663e-13,6.901891326453795e-13,3.7155076496463457e-13,5.421010862427522e-20,5.421010862427522e-20,1.9628207118387447e-14,1.9628207118387447e-14,1.194800197853185e-14,2.5271164690655312e-14,1.194800197853185e-14,2.527835284786324e-14,3.614356706752377e-10
3.562179442427007e-10,6.01738782312145e-13,9.13828881074737e-16,2.3732043291327245e-20,2.764638914186861e-20,0.0,0.0,8.736555727740902e-05,0.008664144910105474,4.0670175547070075e-06,0.6596522599394442,3.4898630964438206e-05,4.2241291641621386e-14,4.2241291641621386e-14,2.1793384317335528e-14,1.633129150270303e-14,1.2941710129652983e-14,1.3711254354120683e-14,2.093020176673298e-15,0.0,0.0,2.0328790734103208e-20,0.0,0.0,0.0,6.613020459886002e-13,3.5599992732135153e-13,6.613020459526179e-13,3.5599992730198105e-13,5.421010862427522e-20,1.0842021724855044e-19,1.9595958359464605e-14,3.919191671892921e-14,1.5361716829663666e-14,1.7711224951299102e-14,1.5361716829663666e-14,1.7711224951299102e-14,3.562179442427007e-10
3.508111822304401e-10,5.965234096948341e-13,1.003815992552122e-15,3.6224896746851414e-20,4.445642451575529e-20,0.0,0.0,8.427132386088123e-05,0.008321186902332536,4.066838253113786e-06,0.7229979479129104,3.489697050032824e-05,4.233660766252425e-14,4.233660766252425e-14,1.4911692512104352e-14,1.3813888792115508e-14,1.2941710129652983e-14,1.4765966227514582e-14,2.0812426369306288e-15,0.0,0.0,1.3552527156068805e-20,0.0,0.0,0.0,6.448450576307773e-13,3.4714060699284067e-13,6.448450576274686e-13,3.4714060699105944e-13,5.421010862427522e-20,1.0842021724855044e-19,1.956381539487924e-14,3.912763078975848e-14,8.534287127655725e-15,4.0902564301637584e-14,8.534287127655725e-15,4.090972887762316e-14,3.508111822304401e-10
3.4689155472430874e-10,5.912603650302022e-13,9.773746735086136e-16,3.8369751077936337e-20,4.3620456767706493e-20,0.0,0.0,8.138565190793357e-05,0.008057382748549072,4.066658901613059e-06,0.7080813156806542,3.4896635991687557e-05,5.917303741363042e-14,5.917303741363042e-14,1.386900261736877e-14,2.6893756836339577e-14,1.2941710129652983e-14,1.3489209749195652e-14,2.4833691341583632e-15,0.0,0.0,1.3552527156068805e-20,0.0,0.0,0.0,6.241640316936646e-13,3.3600735286909623e-13,6.241640317081403e-13,3.360073528768889e-13,0.0,0.0,0.0,0.0,1.365485940434791e-14,2.500634017437034e-14,1.365485940434791e-14,2.5003955893270576e-14,3.4689155472430874e-10
3.4185028506161476e-10,5.871736177023288e-13,1.0735345726716592e-15,5.305970155488455e-20,4.387975145166897e-20,0.0,0.0,7.872648241247878e-05,0.007791567715217399,4.066480447541656e-06,3.5175817024598808,3.489306839462632e-05,4.252506357665663e-14,4.252506357665663e-14,1.5107406906635675e-14,2.1106257271716966e-14,1.2941710129652983e-14,1.4155343563970746e-14,1.9161791418608602e-15,0.0,0.0,1.3552527156068805e-20,0.0,0.0,0.0,5.917174174178336e-13,3.185403082801878e-13,5.917174174343772e-13,3.185403082890937e-13,1.0842021724855044e-19,5.421010862427522e-20,3.899968954627035e-14,1.9499844773135176e-14,3.413714851110545e-15,2.6522227300952313e-14,3.413714851110545e-15,2.6517466534967577e-14,3.4185028506161476e-10
3.3723751538745374e-10,5.798249757586881e-13,9.582710459383785e-16,3.3711485653336923e-20,2.9113932573142945e-20,0.0,0.0,7.608917864570844e-05,0.007579718852136289,4.066301938642347e-06,4.5918101561922,3.489396279086553e-05,4.1794505898441e-14,4.1794505898441e-14,2.3709453912617197e-14,2.6139848813503268e-14,1.2941710129652983e-14,1.3433698597964394e-14,2.241855381085822e-15,0.0,0.0,6.776263578034403e-21,0.0,0.0,0.0,6.055413987285215e-13,3.259821971594812e-13,6.055413987496146e-13,3.2598219717083627e-13,0.0,0.0,0.0,0.0,1.877543168123199e-14,2.043787944915595e-14,1.877543168123199e-14,2.044738543959742e-14,3.3723751538745374e-10
3.3340612243577913e-10,5.745630188323964e-13,7.468261590855957e-16,2.814393636936159e-20,2.894657995072896e-20,0.0,0.0,7.356983174117379e-05,0.007237615179534722,4.066122451533001e-06,4.034435508147947,3.489230044255612e-05,6.982253313488537e-14,6.982253313488537e-14,2.1349180050246386e-14,2.6857946057396515e-14,1.2941710129652983e-14,1.099120794378905e-14,1.5338268710607666e-15,0.0,0.0,6.776263578034403e-21,0.0,0.0,0.0,5.578717109034876e-13,3.003200878342724e-13,5.57871710896043e-13,3.003200878302647e-13,5.421010862427522e-20,1.0842021724855044e-19,1.943629113580727e-14,3.887258227161454e-14,1.1948001979041423e-14,2.785224360198505e-14,1.1948001979041423e-14,2.785461622687661e-14,3.3340612243577913e-10
3.2949911751409216e-10,5.706389908820942e-13,8.1773032027145e-16,4.7825493475603245e-20,4.2267024967378335e-20,0.0,0.0,7.145680348767033e-05,0.007060180223270163,4.065944057593579e-06,2.5455422742570684,3.489260768654526e-05,4.280275822214243e-14,4.280275822214243e-14,1.5405331799901726e-14,1.4082787730961441e-14,1.2941710129652983e-14,1.3655743202889425e-14,2.2834594501956887e-15,0.0,0.0,1.3552527156068805e-20,0.0,0.0,0.0,5.684269499287853e-13,3.060023087629066e-13,5.684269499416066e-13,3.060023087698087e-13,5.421010862427522e-20,5.421010862427522e-20,1.9404669414281503e-14,1.9404669414281503e-14,1.8775431681464964e-14,1.874403565768692e-14,1.8775431681464964e-14,1.874640442246105e-14,3.2949911751409216e-10
3.246973217349673e-10,5.663812444508723e-13,9.582710459383785e-16,5.27341788409962e-20,5.384161125375041e-20,0.0,0.0,6.890825122595753e-05,0.006768192857984262,4.065764397785137e-06,4.010271762799893,3.488728164357642e-05,4.6694876525123936e-14,4.6694876525123936e-14,1.4357596114097057e-14,1.5528655954587455e-14,1.2941710129652983e-14,1.6042722705833512e-14,2.423793271353457e-15,0.0,0.0,1.3552527156068805e-20,0.0,0.0,0.0,5.724010798795528e-13,3.0814170933216363e-13,5.724010798646635e-13,3.0814170932414825e-13,0.0,5.421010862427522e-20,0.0,1.9373150419049995e-14,1.536171683037937e-14,2.551982146937325e-14,1.536171683037937e-14,2.5507996883389847e-14,3.246973217349673e-10
3.209163537971332e-10,5.612852487466885e-13,9.61481343191782e-16,3.350869190962532e-20,4.0130046389455595e-20,0.0,0.0,6.684668191743484e-05,0.006562671545635189,4.065585122501482e-06,2.549972979972639,3.488819506013077e-05,4.798344343904909e-14,4.798344343904909e-14,1.7814090894715522e-14,1.6284457002739455e-14,1.2941710129652983e-14,1.3600232051658168e-14,2.640058880814114e-15,0.0,0.0,1.3552527156068805e-20,0.0,0.0,0.0,5.216466137533934e-13,2.8081896572090657e-13,5.21646613776968e-13,2.8081896573359756e-13,5.421010862427522e-20,0.0,1.9341733650349675e-14,0.0,1.0241144553644002e-14,2.494011020329808e-14,1.0241144553644002e-14,2.4954276695887287e-14,3.209163537971332e-10
3.1801758213053915e-10,5.570489289082122e-13,8.81212206892831e-16,4.126189529083109e-20,5.1168436239330757e-20,0.0,0.0,6.498249870672659e-05,0.006407316098015317,4.065406350815153e-06,0.808962257905352,3.4886493462053416e-05,3.144552542404869e-14,3.144552542404869e-14,2.153145972557281e-14,1.6278603055033253e-14,1.2941710129652983e-14,1.4377388168895777e-14,2.2262695734315744e-15,0.0,0.0,1.3552527156068805e-20,0.0,0.0,0.0,5.401369027997842e-13,2.907728764892081e-13,5.401369027927532e-13,2.907728764854231e-13,0.0,5.421010862427522e-20,0.0,1.9310418611654056e-14,1.1948001979316438e-14,2.8876427871493585e-14,1.1948001979316438e-14,2.8874070612075504e-14,3.1801758213053915e-10
3.135434719817711e-10,5.523198674408996e-13,8.101585801848734e-16,2.286988957586611e-20,2.2855377669359526e-20,0.0,0.0,6.314334126846762e-05,0.0061853893782841335,4.065227660858927e-06,8.837430381286678,3.4882976562967586e-05,2.820459433502942e-14,2.820459433502942e-14,2.157634211637409e-14,2.1038545849030603e-14,1.2941710129652983e-14,1.4488410471358293e-14,2.0842105611943002e-15,0.0,0.0,6.776263578034403e-21,0.0,0.0,0.0,5.269899539949654e-13,2.836954557441738e-13,5.269899539825577e-13,2.8369545573749436e-13,0.0,0.0,0.0,0.0,1.7068574256256336e-14,2.115750737393944e-14,1.7068574256256336e-14,2.115044702665114e-14,3.135434719817711e-10
3.1041785886774616e-10,5.484529075765456e-13,9.321907481344796e-16,1.9628515098583553e-20,2.6477010850586386e-20,0.0,0.0,6.140575753918012e-05,0.0059933696167399665,4.0650480640717055e-06,1.3809347678261124,3.48825115584239e-05,5.5511456836015985e-14,5.5511456836015985e-14,1.599466086164014e-14,2.102887270578166e-14,1.2941710129652983e-14,1.404432126150823e-14,2.2569404258395396e-15,0.0,0.0,6.776263578034403e-21,0.0,0.0,0.0,4.946150883532784e-13,2.6626703572734285e-13,4.946150883450066e-13,2.662670357228899e-13,5.421010862427522e-20,0.0,1.9248091754196927e-14,0.0,1.1948001979440507e-14,2.5141266474965534e-14,1.1948001979440507e-14,2.515536438140009e-14,3.1041785886774616e-10
3.0681334583057723e-10,5.440112107921927e-13,1.0619908546843355e-15,3.397647546904327e-20,3.6938440018446136e-20,0.0,0.0,5.983072788940585e-05,0.0057800835714057214,4.064868599508884e-06,1.6942110814218234,3.487979052935323e-05,3.359248119460539e-14,3.359248119460539e-14,1.6019380384804364e-14,0.0,1.2941710129652983e-14,1.1934897514720433e-14,1.8112965175958106e-15,0.0,0.0,6.776263578034403e-21,0.0,0.0,0.0,5.058211701896247e-13,2.7229962604442336e-13,5.058211701875567e-13,2.722996260433101e-13,0.0,0.0,0.0,0.0,1.1948001979499795e-14,1.7999824351872974e-14,1.1948001979499795e-14,1.799747848658536e-14,3.0681334583057723e-10
3.033978775923392e-10,5.393707637747723e-13,9.104505742017336e-16,3.796560036127733e-20,5.151930083064215e-20,0.0,0.0,5.800020915758418e-05,0.005634486350733351,4.0646896023372085e-06,0.6409806767196271,3.487875541506254e-05,2.8371671792903472e-14,2.8371671792903472e-14,2.8364357112335077e-14,2.490822688929827e-14,1.2941710129652983e-14,1.0880185641326534e-14,1.2359308588649974e-15,0.0,0.0,1.3552527156068805e-20,0.0,0.0,0.0,5.1111279163883e-13,2.7514827419658933e-13,5.111127916284903e-13,2.751482741910231e-13,0.0,0.0,0.0,0.0,1.8775431682161724e-14,2.962511769324638e-14,1.8775431682161724e-14,2.963214396829419e-14,3.033978775923392e-10
3.002596728667821e-10,5.343745819174421e-13,8.864419988414313e-16,4.612248012327848e-20,4.503024133115798e-20,0.0,0.0,5.6489922144535184e-05,0.005497966065320808,4.0645102602339845e-06,1.1705381538449402,3.487710444994517e-05,3.5399691123811736e-14,3.5399691123811736e-14,2.1753476609474473e-14,1.3375257370997366e-14,1.2941710129652983e-14,1.1823875212257917e-14,2.1890559442269026e-15,0.0,0.0,6.776263578034403e-21,0.0,0.0,0.0,4.900686386075862e-13,2.6381953720703e-13,4.90068638601796e-13,2.6381953720391293e-13,5.421010862427522e-20,0.0,1.915535221310227e-14,0.0,1.5361716830931814e-14,3.760502625559055e-14,1.5361716830931814e-14,3.7595672934795725e-14,3.002596728667821e-10
2.9795325046303466e-10,5.311869544790129e-13,1.1226435567921847e-15,2.4738582944771985e-20,3.143878372433689e-20,0.0,0.0,5.5036052813188636e-05,0.005366440340524894,4.064329775884831e-06,0.5478761939758009,3.48753791606182e-05,4.844294513182483e-14,4.844294513182483e-14,1.4986022918135717e-14,1.5481673475840257e-14,1.2941710129652983e-14,1.1213252548714081e-14,1.6898423085520336e-15,0.0,0.0,1.3552527156068805e-20,0.0,0.0,0.0,4.898933291538391e-13,2.637251625514989e-13,4.898933291455672e-13,2.6372516254704596e-13,0.0,0.0,0.0,0.0,1.1948001979668414e-14,2.1015896160108085e-14,1.1948001979668414e-14,2.1025234483218552e-14,2.9795325046303466e-10
2.9428573881629634e-10,5.283551024257396e-13,7.967349055175334e-16,3.6105866096179364e-20,3.414200360113872e-20,0.0,0.0,5.3861995801771315e-05,0.005207020282074323,4.064151329992496e-06,0.38881978265960604,3.487392249867324e-05,4.248766386717743e-14,4.248766386717743e-14,2.1840733411388004e-14,1.547580103428852e-14,1.2941710129652983e-14,1.2989609388114332e-14,2.1872023466069894e-15,0.0,0.0,1.3552527156068805e-20,0.0,0.0,0.0,4.940098984932113e-13,2.6594124277462667e-13,4.940098984770813e-13,2.6594124276594334e-13,0.0,0.0,0.0,0.0,8.534287128372806e-15,2.888148009113204e-14,8.534287128372806e-15,2.888148009113204e-14,2.9428573881629634e-10
2.9127357137834517e-10,5.239382743106163e-13,1.0906210770260937e-15,3.654041623133957e-20,3.38053635739723e-20,0.0,0.0,5.233447849592296e-05,0.005070276171833604,4.0639708485898506e-06,0.24644332285254808,3.487155306766899e-05,4.28864144222143e-14,4.28864144222143e-14,2.080962094178879e-14,2.5984084188663037e-14,1.2941710129652983e-14,1.2656542480726785e-14,1.904873750600988e-15,0.0,0.0,2.0328790734103208e-20,0.0,0.0,0.0,4.689834126670142e-13,2.5246868936385353e-13,4.689834126413716e-13,2.5246868935004925e-13,0.0,5.421010862427522e-20,0.0,1.9063502046652486e-14,1.1948001979774252e-14,2.5998561094982384e-14,1.1948001979774252e-14,2.5991579741304894e-14,2.9127357137834517e-10
2.8779510757669205e-10,5.199107805769825e-13,1.0022799304547519e-15,3.512889807015026e-20,3.892547662139822e-20,0.0,0.0,5.1269323329177613e-05,0.00495900328104021,4.063791551043444e-06,0.3216552159117113,3.487173551238037e-05,4.2624372083492585e-14,4.2624372083492585e-14,2.192720916310131e-14,2.0961160871270644e-14,1.2941710129652983e-14,1.2045919817182948e-14,1.7417878788870421e-15,0.0,0.0,2.0328790734103208e-20,0.0,0.0,0.0,4.882454812294429e-13,2.6283807359588456e-13,4.882454811996644e-13,2.6283807357985384e-13,5.421010862427522e-20,5.421010862427522e-20,1.9033080755586253e-14,1.9033080755586253e-14,1.3654859405514855e-14,2.6442664494305168e-14,1.3654859405514855e-14,2.6449634707246296e-14,2.8779510757669205e-10
2.861188318382588e-10,5.16840832774463e-13,6.15648449243079e-16,3.0540207233327645e-20,2.8062904168840685e-20,0.0,0.0,4.996255208149277e-05,0.004827370229875791,4.063612154781327e-06,0.44738047498851025,3.487018705564413e-05,4.798735101641227e-14,4.798735101641227e-14,1.4346128350554167e-14,1.5458184196105555e-14,1.2941710129652983e-14,1.2212453270876722e-14,1.946514639651477e-15,0.0,0.0,1.3552527156068805e-20,0.0,0.0,0.0,4.738147823969158e-13,2.550695693749482e-13,4.73814782432071e-13,2.550695693938733e-13,0.0,0.0,0.0,0.0,1.536171683126878e-14,1.6112654038719633e-14,1.536171683126878e-14,1.6114973741287832e-14,2.861188318382588e-10
2.8175818672345097e-10,5.129147526911334e-13,7.385278330912554e-16,3.50880267380209e-20,2.6145097912446936e-20,0.0,0.0,4.882125974535584e-05,0.0046811528930443755,4.063432630897449e-06,0.23597241848381575,3.4869772768079346e-05,3.044356082665832e-14,3.044356082665832e-14,1.6883799206122795e-14,1.5452312078716258e-14,1.2941710129652983e-14,1.27675647831893e-14,2.0213544731188468e-15,0.0,0.0,1.3552527156068805e-20,0.0,0.0,0.0,4.4936574641698706e-13,2.419078755850551e-13,4.4936574638844933e-13,2.4190787556969234e-13,5.421010862427522e-20,5.421010862427522e-20,1.897252852221129e-14,1.897252852221129e-14,6.827429702814302e-15,2.112898294529395e-14,6.827429702814302e-15,2.1131298957893458e-14,2.8175818672345097e-10
2.805104073620617e-10,5.100604092750677e-13,9.582710459383785e-16,3.8667773039344976e-20,5.498436132301748e-20,0.0,0.0,4.767665117622452e-05,0.004548706671715576,4.063253111912723e-06,0.28697216998846936,3.4865033193152856e-05,4.6380008175578815e-14,4.6380008175578815e-14,2.0611269106214645e-14,2.6896058824130915e-14,1.2941710129652983e-14,1.2601031329495527e-14,1.7395718695238464e-15,0.0,0.0,6.776263578034403e-21,0.0,0.0,0.0,4.527353151387784e-13,2.4372182161371007e-13,4.5273531518096463e-13,2.4372182163642023e-13,5.421010862427522e-20,0.0,1.8942396657648103e-14,0.0,1.365485940568396e-14,1.676442404847259e-14,1.365485940568396e-14,1.676442404847259e-14,2.805104073620617e-10
2.770445592927544e-10,5.062077494977689e-13,1.056171682913856e-15,4.411895329290092e-20,5.704889553102923e-20,0.0,0.0,4.673474981995124e-05,0.004444378601265103,4.063072251508947e-06,0.4542474967545578,3.486278956985077e-05,3.4246221451768446e-14,3.4246221451768446e-14,2.056329067796282e-14,2.6883379139968072e-14,1.2941710129652983e-14,1.2490009027033011e-14,1.7604336195024428e-15,0.0,0.0,6.776263578034403e-21,0.0,0.0,0.0,4.5074205464707183e-13,2.4264878608556557e-13,4.507420546143982e-13,2.426487860679763e-13,0.0,0.0,0.0,0.0,8.534287128586493e-15,2.6632791377037147e-14,8.534287128586493e-15,2.6630482709268678e-14,2.770445592927544e-10
2.7466254414869883e-10,5.023347865695807e-13,9.222205069512407e-16,3.9366533980858685e-20,3.5812274411320085e-20,0.0,0.0,4.566571176524731e-05,0.00437597490338457,4.062893166439779e-06,0.42269996072354526,3.486487723575547e-05,2.923228179598221e-14,2.923228179598221e-14,1.5983288470082137e-14,2.7366000363103677e-14,1.2941710129652983e-14,1.2434497875801753e-14,2.1483280439041447e-15,0.0,0.0,1.0164395367051604e-20,0.0,0.0,0.0,4.3237442367672674e-13,2.327609060613434e-13,4.3237442366762775e-13,2.327609060564451e-13,5.421010862427522e-20,5.421010862427522e-20,1.8882419149035276e-14,1.8882419149035276e-14,1.877543168296396e-14,2.294179234828576e-14,1.877543168296396e-14,2.294409736108073e-14,2.7466254414869883e-10
2.7157478247097886e-10,4.999142428039979e-13,8.599750569898517e-16,4.083366536472728e-20,5.976001935767757e-20,0.0,0.0,4.4593410470443535e-05,0.0042583115571954685,4.062712521651036e-06,0.2771963382434543,3.486068975532488e-05,3.470611459871131e-14,3.470611459871131e-14,1.4765257421477595e-14,2.0903123094635958e-14,1.2941710129652983e-14,1.0658141036401503e-14,1.4675801330395028e-15,0.0,0.0,1.3552527156068805e-20,0.0,0.0,0.0,4.4243094886510296e-13,2.3817465346751527e-13,4.4243094886138064e-13,2.3817465346551144e-13,0.0,5.421010862427522e-20,0.0,1.885257260015511e-14,1.1948001980114134e-14,2.9296432155903885e-14,1.1948001980114134e-14,2.9282623939648156e-14,2.7157478247097886e-10
2.686004478330849e-10,4.962504086484453e-13,1.2021721300496787e-15,4.1052708162335475e-20,4.797406550306422e-20,0.0,0.0,4.353435264346108e-05,0.00412974473182714,4.062531659466775e-06,0.3363482289074346,3.485842238809999e-05,2.9927334242608156e-14,2.9927334242608156e-14,1.745579046183678e-14,2.4764282445756222e-14,1.2941710129652983e-14,1.1546319456101628e-14,1.8121223385461344e-15,0.0,0.0,1.0164395367051604e-20,0.0,0.0,0.0,4.3803886377880746e-13,2.3581025435368383e-13,4.380388637473746e-13,2.358102543367625e-13,0.0,0.0,0.0,0.0,1.1948001980159664e-14,2.0918601806089984e-14,1.1948001980159664e-14,2.0911708593719788e-14,2.686004478330849e-10
2.674535008706049e-10,4.931723770873075e-13,7.870063977598499e-16,3.174961516769456e-20,4.0869383612030455e-20,0.0,0.0,4.273916942024474e-05,0.004062448471265801,4.0623530063983505e-06,0.35654850394696275,3.4858750473380696e-05,3.517491896713567e-14,3.517491896713567e-14,2.906452056329406e-14,1.541708106634262e-14,1.2941710129652983e-14,1.3156142841808105e-14,2.1563709230193495e-15,0.0,0.0,1.3552527156068805e-20,0.0,0.0,0.0,4.3365331301183403e-13,2.3344937287179946e-13,4.336533130296184e-13,2.3344937288137333e-13,5.421010862427522e-20,5.421010862427522e-20,1.879316167255673e-14,1.879316167255673e-14,6.827429702974044e-15,1.3952819490226646e-14,6.827429702974044e-15,1.3952819490226646e-14,2.674535008706049e-10
2.6497067475766914e-10,4.900195930498436e-13,7.83081154346659e-16,2.6852414003269386e-20,2.534800169005154e-20,0.0,0.0,4.1975368892747475e-05,0.003990030370712803,4.0621714881816985e-06,0.2418538546989289,3.485639916901869e-05,7.216868356417287e-14,7.216868356417287e-14,2.791061893882885e-14,1.4594484179360724e-14,1.2941710129652983e-14,9.658940314238862e-15,1.5734809471380465e-15,0.0,0.0,1.3552527156068805e-20,0.0,0.0,0.0,4.1712317632746434e-13,2.2455067447226498e-13,4.1712317630926637e-13,2.2455067446246844e-13,5.421010862427522e-20,0.0,1.8763596406022382e-14,0.0,1.3654859405998754e-14,2.1482673599290513e-14,1.3654859405998754e-14,2.148725461509162e-14,2.6497067475766914e-10
2.628911357859102e-10,4.869618378753936e-13,8.196123257993793e-16,4.571624440401939e-20,6.216931555054201e-20,0.0,0.0,4.119486278761483e-05,0.003934866067448984,4.061992039263434e-06,0.27889199998497866,3.485554656999046e-05,4.791061054936025e-14,4.791061054936025e-14,2.234994376927524e-14,2.0864432063441276e-14,1.2941710129652983e-14,1.4210854715202004e-14,2.186853822725743e-15,0.0,0.0,2.0328790734103208e-20,0.0,0.0,0.0,4.2951850520604093e-13,2.3122347430203257e-13,4.295185051688178e-13,2.312234742819942e-13,5.421010862427522e-20,5.421010862427522e-20,1.8734124017102222e-14,1.8734124017102222e-14,1.877543168331715e-14,1.664413211465019e-14,1.877543168331715e-14,1.6648705934961993e-14,2.628911357859102e-10
2.6019406976290733e-10,4.830832157671146e-13,8.617648093045562e-16,3.4385782134977485e-20,4.0785116500586675e-20,0.0,0.0,4.0196896561160754e-05,0.0038153454918429482,4.061811023874651e-06,0.18628737128347114,3.485375273686461e-05,3.359573505972903e-14,3.359573505972903e-14,1.5963020101734785e-14,1.6161540618151122e-14,1.2941710129652983e-14,9.43689570931383e-15,1.6905903059123059e-15,0.0,0.0,6.776263578034403e-21,0.0,0.0,0.0,4.298639435404577e-13,2.3140943474581536e-13,4.2986394353425384e-13,2.3140943474247564e-13,0.0,0.0,0.0,0.0,8.534287128811438e-15,2.5351742992690998e-14,8.534287128811438e-15,2.5351742992690998e-14,2.6019406976290733e-10
2.5719454321287696e-10,4.801388081406956e-13,1.014503308166385e-15,4.773539827444783e-20,5.942706793239453e-20,0.0,0.0,3.931973053775098e-05,0.0036948507702805598,4.0616307319299e-06,0.3204290503114171,3.485214230151146e-05,6.060177322775032e-14,6.060177322775032e-14,1.805618950574672e-14,2.0845086849566622e-14,1.2941710129652983e-14,1.071365218763276e-14,1.7436875400302656e-15,0.0,0.0,2.0328790734103208e-20,0.0,0.0,0.0,4.3058626806960573e-13,2.3179828501694133e-13,4.3058626809111243e-13,2.317982850285191e-13,1.6263032587282567e-19,1.6263032587282567e-19,5.602636838090404e-14,5.602636838090404e-14,6.827429703073622e-15,2.4418385827487018e-14,6.827429703073622e-15,2.442066557595378e-14,2.5719454321287696e-10
2.556569244644496e-10,4.777528361789382e-13,1.0068810866857322e-15,4.001726457736675e-20,5.827407715921836e-20,0.0,0.0,3.8529232258317515e-05,0.0036642806949346318,4.0614505043875345e-06,0.34744068037391074,3.4849935283531935e-05,2.7942981797071627e-14,2.7942981797071627e-14,1.1237117176360634e-14,1.5387724098639285e-14,1.2941710129652983e-14,1.2156942119645464e-14,1.8612923934080975e-15,0.0,0.0,1.3552527156068805e-20,0.0,0.0,0.0,4.2398492158402684e-13,2.282445702154455e-13,4.2398492158361325e-13,2.2824457021522283e-13,0.0,0.0,0.0,0.0,1.0241144554646763e-14,2.7869601996742936e-14,1.0241144554646763e-14,2.7876430549992712e-14,2.556569244644496e-10
2.534513683959772e-10,4.75188836040466e-13,9.321907481344796e-16,3.5220685157256885e-20,3.735584000869407e-20,0.0,0.0,3.80045678757144e-05,0.003563691513331517,4.061269375747389e-06,0.2990548313404329,3.4847043403203165e-05,4.192148085536445e-14,4.192148085536445e-14,1.8305097280186006e-14,2.082574185831246e-14,1.2941710129652983e-14,1.0325074129013956e-14,1.570131862649967e-15,0.0,0.0,6.776263578034403e-21,0.0,0.0,0.0,4.732748594909428e-13,2.547789116997579e-13,4.732748595099679e-13,2.5477891170999973e-13,5.421010862427522e-20,5.421010862427522e-20,1.8617154539121406e-14,1.8617154539121406e-14,8.534287128902261e-15,2.269222545541694e-14,8.534287128902261e-15,2.2687680192431382e-14,2.534513683959772e-10
2.5162389313120506e-10,4.724303977728071e-13,8.777083671441752e-16,3.497538430692352e-20,5.024631340495154e-20,0.0,0.0,3.723571795875118e-05,0.003496480139122745,4.061088802660338e-06,0.24318801230203604,3.4847271465272143e-05,4.3640355632263026e-14,4.3640355632263026e-14,1.3971299053700252e-14,2.0816069450149214e-14,1.2941710129652983e-14,1.2101430968414206e-14,1.3544672533686124e-15,0.0,0.0,6.776263578034403e-21,0.0,0.0,0.0,4.52105453681359e-13,2.4338274715533687e-13,4.5210545368466774e-13,2.4338274715711806e-13,1.0842021724855044e-19,1.0842021724855044e-19,3.7176280076328603e-14,3.7176280076328603e-14,5.120572277359173e-15,1.8059684471105556e-14,5.120572277359173e-15,1.8066491740035486e-14,2.5162389313120506e-10
2.4875040279803424e-10,4.681352344175042e-13,8.688869536365456e-16,3.164776263771409e-20,4.2106832220976206e-20,0.0,0.0,3.6572336091129565e-05,0.003450179522574649,4.06090711145722e-06,0.23727124912657502,3.484686895014743e-05,5.572240364582205e-14,5.572240364582205e-14,2.0031442178963856e-14,2.0806397103267954e-14,1.2941710129652983e-14,1.2490009027033011e-14,1.772950147319011e-15,0.0,0.0,1.3552527156068805e-20,0.0,0.0,0.0,4.093501482012448e-13,2.203662061725122e-13,4.093501482070351e-13,2.2036620617562928e-13,0.0,5.421010862427522e-20,0.0,1.8559215833639034e-14,1.3654859406338197e-14,2.3197056721961176e-14,1.3654859406338197e-14,2.320158783959414e-14,2.4875040279803424e-10
2.4683471348813705e-10,4.666775305567648e-13,7.468261590855957e-16,4.2990572922206714e-20,4.954320804155108e-20,0.0,0.0,3.568504751149171e-05,0.003372661759434718,4.060727280671038e-06,0.23029701580190554,3.4843917934621914e-05,5.836648570123604e-14,5.836648570123604e-14,1.86885975389021e-14,1.3624408565983391e-14,1.2941710129652983e-14,1.2434497875801753e-14,2.5455138414892482e-15,0.0,0.0,1.3552527156068805e-20,0.0,0.0,0.0,4.2060474833823874e-13,2.264249154341948e-13,4.2060474837215315e-13,2.2642491545245203e-13,0.0,0.0,0.0,0.0,2.2189146535375357e-14,1.65603872329051e-14,2.2189146535375357e-14,1.6553601116022337e-14,2.4683471348813705e-10
2.4493162873557096e-10,4.622562554768805e-13,5.633766544994711e-16,2.943972647615874e-20,3.131076607297912e-20,0.0,0.0,3.522780145039766e-05,0.0032770217915830658,4.060545433116666e-06,0.16276024212115192,3.484356075085878e-05,3.989998580244063e-14,3.989998580244063e-14,1.8819257030382514e-14,2.5756446687442377e-14,1.2941710129652983e-14,9.658940314238862e-15,1.6426044929577857e-15,0.0,0.0,6.776263578034403e-21,0.0,0.0,0.0,4.1139342177670625e-13,2.214661653345543e-13,4.1139342172955695e-13,2.2146616530917235e-13,1.0842021724855044e-19,1.0842021724855044e-19,3.7003273266076565e-14,3.7003273266076565e-14,8.53428712901943e-15,3.617939247961755e-14,8.53428712901943e-15,3.6181651009643127e-14,2.4493162873557096e-10
2.4368388112794493e-10,4.607683905887417e-13,7.488863730937846e-16,3.316434168583317e-20,3.427357806622525e-20,0.0,0.0,3.463862634102126e-05,0.0032188003277452246,4.060364839400254e-06,0.26483945760771144,3.483941050461422e-05,5.010161019910119e-14,5.010161019910119e-14,2.9630008802779776e-14,2.669323644962532e-14,1.2941710129652983e-14,9.325873406851315e-15,1.4916631330444346e-15,0.0,0.0,2.0328790734103208e-20,0.0,0.0,0.0,4.1014001950506153e-13,2.2079141902110021e-13,4.101400195013392e-13,2.207914190190964e-13,0.0,0.0,0.0,0.0,1.3654859406476983e-14,1.8831771895369866e-14,1.3654859406476983e-14,1.8834026927329557e-14,2.4368388112794493e-10
2.412388883486008e-10,4.581763412375893e-13,7.195067539997724e-16,2.722390773910936e-20,4.6623432680297655e-20,0.0,0.0,3.381570082992004e-05,0.003157306901142656,4.06018370795167e-06,0.3897143192697069,3.4837761224252014e-05,4.5532944808090945e-14,4.5532944808090945e-14,1.9869952310610003e-14,1.452967520489291e-14,1.2941710129652983e-14,1.1435297153639112e-14,1.5017522571260288e-15,0.0,0.0,1.3552527156068805e-20,0.0,0.0,0.0,4.1916016466630696e-13,2.256472500915012e-13,4.1916016467954185e-13,2.2564725009862597e-13,5.421010862427522e-20,0.0,1.8444413601620852e-14,0.0,1.877543168396847e-14,3.618232353553148e-14,1.877543168396847e-14,3.618232353553148e-14,2.412388883486008e-10
6.240801592052869e-10,1.0114474062230621e-12,1.1102230246251565e-15,3.618526336874044e-20,4.937694153455783e-20,0.0,0.0,8.204969166556274e-05,0.00952868254808791,4.059977036523023e-06,0.08454062461198983,3.4830270177857555e-05,2.940451937400874e-14,2.940451937400874e-14,1.9318862262661654e-14,1.3887283864510219e-14,1.2941710129652983e-14,2.5202062658991053e-14,3.5919417729833586e-15,0.0,0.0,2.0328790734103208e-20,0.0,0.0,0.0,4.2076202515502515e-13,2.2650958254763395e-13,4.207620251624698e-13,2.2650958255164164e-13,5.421010862427522e-20,5.421010862427522e-20,1.8415934618216826e-14,1.8415934618216826e-14,1.536171683239003e-14,2.151850914486415e-14,1.536171683239003e-14,2.152750141780392e-14,6.240801592052869e-10
6.196436757247174e-10,1.0096920916965111e-12,1.1470812255482868e-15,4.119228428336591e-20,4.016100472314911e-20,0.0,0.0,8.413930415331034e-05,0.009761419556928379,4.059791092893493e-06,0.14099699639874275,3.4829792856709744e-05,5.3490064792572315e-14,5.3490064792572315e-14,2.0119255997143723e-14,1.6097168136236607e-14,1.2941710129652983e-14,2.220446049250313e-14,2.8080181903804883e-15,0.0,0.0,2.0328790734103208e-20,0.0,0.0,0.0,4.3162246938066175e-13,2.3235610514416403e-13,4.316224693608094e-13,2.3235610513347693e-13,0.0,0.0,0.0,0.0,1.5361716832444086e-14,2.5271979279011954e-14,1.5361716832444086e-14,2.5269734676535802e-14,6.196436757247174e-10
6.011301312997399e-10,9.818080790157607e-13,1.2609709600486848e-15,5.457942750363767e-20,6.971630436811673e-20,0.0,0.0,8.339003483617301e-05,0.00962163271252533,4.059606529186574e-06,0.1390399910239729,3.4830593232250396e-05,3.586216383849354e-14,3.586216383849354e-14,2.471828400357021e-14,1.6091315776435454e-14,1.2941710129652983e-14,1.9984014443252818e-14,1.9283470444766322e-15,0.0,0.0,1.3552527156068805e-20,0.0,0.0,0.0,4.327262449465969e-13,2.3295030264232073e-13,4.3272624494328817e-13,2.329503026405395e-13,0.0,0.0,0.0,0.0,1.5361716832501338e-14,2.8729268353787645e-14,1.5361716832501338e-14,2.873823294333559e-14,6.011301312997399e-10
5.837634490721534e-10,9.569146646600486e-13,1.1226435567921847e-15,3.38495392514239e-20,4.324806608766324e-20,0.0,0.0,8.263851478327063e-05,0.009500918709247998,4.05942158363838e-06,0.1116848702374174,3.482769779230201e-05,3.658917467702034e-14,3.658917467702034e-14,1.4537269174109724e-14,1.6085463485268408e-14,1.2941710129652983e-14,2.2537527399890678e-14,2.7627805161788183e-15,0.0,0.0,1.3552527156068805e-20,0.0,0.0,0.0,4.543199438084712e-13,2.44574877633517e-13,4.543199438088848e-13,2.445748776337396e-13,0.0,0.0,0.0,0.0,1.1948001980881893e-14,2.6671181082593147e-14,1.1948001980881893e-14,2.6673418785511394e-14,5.837634490721534e-10
5.676822541720622e-10,9.31568699941533e-13,1.1046579618885443e-15,3.6969858941627755e-20,4.3676763833187066e-20,0.0,0.0,8.180283940797421e-05,0.009369233750552586,4.059238317414289e-06,0.1129070963654447,3.482734054086511e-05,4.460395549518824e-14,4.460395549518824e-14,2.4104038560683874e-14,1.3587073131844154e-14,1.2941710129652983e-14,1.8707257964933888e-14,2.0444380454214408e-15,0.0,0.0,1.3552527156068805e-20,0.0,0.0,0.0,4.4061936300661867e-13,2.371994191734913e-13,4.4061936297766735e-13,2.3719941915790587e-13,0.0,5.421010862427522e-20,0.0,1.83028927422514e-14,2.3896003961865206e-14,3.174896278900302e-14,2.3896003961865206e-14,3.174449425096094e-14,5.676822541720622e-10
5.517901215225609e-10,9.089915876763076e-13,1.343782689223772e-15,3.8815925969143684e-20,5.747941140579201e-20,0.0,0.0,8.123131278987599e-05,0.009247385508764127,4.059054677355087e-06,0.11558793035877449,3.482575662451544e-05,4.9999547946349545e-14,4.9999547946349545e-14,2.0521776814694427e-14,2.7116420808900594e-14,1.2941710129652983e-14,1.8707257964933888e-14,2.1077574967247905e-15,0.0,0.0,1.3552527156068805e-20,0.0,0.0,0.0,4.982795292178405e-13,2.682397208103104e-13,4.982795292199084e-13,2.682397208114236e-13,0.0,0.0,0.0,0.0,8.53428712927605e-15,3.238518625424602e-14,8.53428712927605e-15,3.239410963683313e-14,5.517901215225609e-10
5.379774317042656e-10,8.870047977572452e-13,1.0920328848366135e-15,2.1561938672109948e-20,2.4507629709974395e-20,0.0,0.0,8.04521177592183e-05,0.009113418444177573,4.058870568708588e-06,0.09151141170547562,3.482268680660752e-05,3.527172802435984e-14,3.527172802435984e-14,2.3921994061370262e-14,1.6067907172311587e-14,1.2941710129652983e-14,1.9040324872321435e-14,2.320747551183974e-15,0.0,0.0,1.3552527156068805e-20,0.0,0.0,0.0,4.918757719464697e-13,2.647923745681203e-13,4.918757719419202e-13,2.647923745656712e-13,0.0,0.0,0.0,0.0,1.8775431684496613e-14,1.736952056230648e-14,1.8775431684496613e-14,1.7365065696812173e-14,5.379774317042656e-10
5.23648057784372e-10,8.661731412695188e-13,1.0220686874352607e-15,3.6422416731934915e-20,4.523617034027582e-20,0.0,0.0,7.992470308464908e-05,0.009071075584678432,4.058686308879419e-06,0.24825554386713275,3.4822261628753147e-05,4.4955387118224276e-14,4.4955387118224276e-14,2.0745615271969567e-14,2.0690253211616163e-14,1.2941710129652983e-14,1.7930101847696278e-14,1.892148008094711e-15,0.0,0.0,6.776263578034403e-21,0.0,0.0,0.0,5.287249116038442e-13,2.8462943861389805e-13,5.287249116145976e-13,2.8462943861968695e-13,5.421010862427522e-20,5.421010862427522e-20,1.8219017880528723e-14,1.8219017880528723e-14,1.3654859406974641e-14,1.580395912828543e-14,1.3654859406974641e-14,1.580395912828543e-14,5.23648057784372e-10
5.107931998967012e-10,8.481425395225386e-13,1.3755121145835177e-15,3.254194316680914e-20,3.977643184657618e-20,0.0,0.0,7.934616069906153e-05,0.008946797442366044,4.05850303822786e-06,0.19193325253882318,3.48212519049297e-05,4.5691497603127336e-14,4.5691497603127336e-14,2.0832348583549768e-14,2.0680571424488165e-14,1.2941710129652983e-14,1.7819079545233762e-14,1.8913360359041955e-15,0.0,0.0,6.776263578034403e-21,0.0,0.0,0.0,4.938444236811168e-13,2.6585216241953594e-13,4.938444236835984e-13,2.6585216242087183e-13,5.421010862427522e-20,5.421010862427522e-20,1.819123016165351e-14,1.819123016165351e-14,1.0241144555283998e-14,2.6492213488949878e-14,1.0241144555283998e-14,2.6501096041670396e-14,5.107931998967012e-10
4.961488012018378e-10,8.288638749033259e-13,1.1129951213863744e-15,3.132877056618295e-20,2.4656657428254368e-20,0.0,0.0,7.865605389541767e-05,0.008859774256982514,4.058318403103653e-06,0.18906335539126698,3.481901067585119e-05,5.067309967042296e-14,5.067309967042296e-14,2.1608658642441913e-14,1.6050351776626296e-14,1.2941710129652983e-14,1.73749903353837e-14,1.7089483096661008e-15,0.0,0.0,1.3552527156068805e-20,0.0,0.0,0.0,5.270387956427392e-13,2.837217487568186e-13,5.27038795634881e-13,2.837217487525883e-13,0.0,5.421010862427522e-20,0.0,1.8163527077572717e-14,6.82742970355916e-15,2.610819431726271e-14,6.82742970355916e-15,2.6112628830097914e-14,4.961488012018378e-10
4.856632526096408e-10,8.129147620819458e-13,9.710485573708405e-16,3.9293565365797834e-20,4.211198365288676e-20,0.0,0.0,7.842087354838366e-05,0.008815211745188416,4.058135800510305e-06,0.3211281547479332,3.4816746033530064e-05,3.730858724955479e-14,3.730858724955479e-14,1.548264410866706e-14,1.4464819239114935e-14,1.2941710129652983e-14,1.815214645262131e-14,1.975122819604031e-15,0.0,0.0,1.3552527156068805e-20,0.0,0.0,0.0,5.469501429465122e-13,2.944406603888206e-13,5.469501429502345e-13,2.944406603908245e-13,5.421010862427522e-20,5.421010862427522e-20,1.8135908242208044e-14,1.8135908242208044e-14,1.1948001981294065e-14,2.8269096791983915e-14,1.1948001981294065e-14,2.8275738446802298e-14,4.856632526096408e-10
4.751525133012159e-10,7.971237758249841e-13,1.066334393690002e-15,3.164776263771409e-20,4.235802527517748e-20,0.0,0.0,7.796025695840122e-05,0.008739927582475717,4.057950649144464e-06,0.2813575335639124,3.481568158090454e-05,3.403654766388847e-14,3.403654766388847e-14,1.8694057654372543e-14,2.0651526100947137e-14,1.2941710129652983e-14,1.7319479184152442e-14,1.899571894653114e-15,0.0,0.0,1.3552527156068805e-20,0.0,0.0,0.0,5.210868833470042e-13,2.8051764503816675e-13,5.210868833416275e-13,2.8051764503527237e-13,5.421010862427522e-20,5.421010862427522e-20,1.810837327182589e-14,1.810837327182589e-14,1.3654859407269662e-14,1.923155618013074e-14,1.3654859407269662e-14,1.9240398274926204e-14,4.751525133012159e-10
4.6292784712640703e-10,7.804986958499014e-13,1.2262814116578437e-15,4.1539172801477486e-20,3.7704262579821014e-20,0.0,0.0,7.75669568190913e-05,0.008663876406225542,4.0577677763154956e-06,0.38130967889951284,3.4815322220233715e-05,4.6471888827657233e-14,4.6471888827657233e-14,2.5564686910208544e-14,1.3516674436354579e-14,1.2941710129652983e-14,1.6486811915683575e-14,1.6000747335833945e-15,0.0,0.0,6.776263578034403e-21,0.0,0.0,0.0,5.399373691264592e-13,2.9066546116570614e-13,5.399373690946127e-13,2.906654611485622e-13,0.0,0.0,0.0,0.0,1.3654859407347313e-14,2.4850556857964846e-14,1.3654859407347313e-14,2.4852764030614105e-14,4.6292784712640703e-10
4.541310760912185e-10,7.675873481385078e-13,8.916411167297361e-16,2.97307357884171e-20,2.864260568409951e-20,0.0,0.0,7.713412455306084e-05,0.008576279108008894,4.057584221425197e-06,1.1008733931064973,3.481234443250119e-05,3.77878822226721e-14,3.77878822226721e-14,1.694971740222347e-14,1.6026946015958318e-14,1.2941710129652983e-14,1.659783421814609e-14,1.4714357068135312e-15,0.0,0.0,1.3552527156068805e-20,0.0,0.0,0.0,5.280461551656533e-13,2.84264042432031e-13,5.280461551536592e-13,2.842640424255742e-13,1.0842021724855044e-19,1.0842021724855044e-19,3.6107106805382935e-14,3.6107106805382935e-14,1.3654859407425861e-14,2.3314336023514166e-14,1.3654859407425861e-14,2.3316539855258517e-14,4.541310760912185e-10
4.443387195942856e-10,7.532155104589372e-13,1.1524414473843944e-15,2.425533234697334e-20,3.0841576448132395e-20,0.0,0.0,7.683221967353469e-05,0.008525386696337308,4.057401029594631e-06,0.9406367594892073,3.4810630835431866e-05,2.572473875514929e-14,2.572473875514929e-14,1.7004692746843104e-14,1.3804335969546849e-14,1.2941710129652983e-14,1.7041923427996153e-14,1.886464283501352e-15,0.0,0.0,6.776263578034403e-21,0.0,0.0,0.0,5.39067814976884e-13,2.901973525065422e-13,5.390678149727481e-13,2.9019735250431566e-13,5.421010862427522e-20,5.421010862427522e-20,1.802626774803615e-14,1.802626774803615e-14,1.5361716833443175e-14,3.001263229559985e-14,1.5361716833443175e-14,3.001263229559985e-14,4.443387195942856e-10
4.349496548839148e-10,7.402010918500849e-13,1.2161883888976235e-15,4.034758558282194e-20,4.607900043214568e-20,0.0,0.0,7.674546876846885e-05,0.008476496471448483,4.05721740373265e-06,1.9286920126860914,3.4809696753215845e-05,4.6870260964256104e-14,4.6870260964256104e-14,1.9004152336770853e-14,2.0612799141995627e-14,1.2941710129652983e-14,1.709743457922741e-14,1.8323853229679237e-15,0.0,0.0,1.3552527156068805e-20,0.0,0.0,0.0,5.565040436971816e-13,2.995838290717331e-13,5.56504043682706e-13,2.995838290639404e-13,5.421010862427522e-20,5.421010862427522e-20,1.799906444652248e-14,1.799906444652248e-14,1.7068574259480795e-14,2.1125887478422637e-14,1.7068574259480795e-14,2.1130281838792564e-14,4.349496548839148e-10
4.2534635949180453e-10,7.268432878671455e-13,1.2136520182768033e-15,5.3918154876177e-20,6.64249491192096e-20,0.0,0.0,7.646034710833557e-05,0.008414900668808954,4.057033699504545e-06,3.4713658726788545,3.480925422622744e-05,4.2636455696301693e-14,4.2636455696301693e-14,2.1326909984680277e-14,2.0603117444867975e-14,1.2941710129652983e-14,1.4710455076283324e-14,1.4482389488413395e-15,0.0,0.0,1.3552527156068805e-20,0.0,0.0,0.0,5.355586924218912e-13,2.883082802102787e-13,5.355586924185825e-13,2.8830828020849754e-13,0.0,0.0,0.0,0.0,6.827429703832199e-15,1.549749371929634e-14,6.827429703832199e-15,1.549749371929634e-14,4.2534635949180453e-10
4.171671553033918e-10,7.164076890650644e-13,9.104505742017336e-16,4.5935433133830304e-20,5.701663428749581e-20,0.0,0.0,7.616985711484741e-05,0.008400974606881894,4.056849293148398e-06,9.686457152986137,3.480571728593902e-05,3.8385192950090464e-14,3.8385192950090464e-14,2.144283692572741e-14,1.3786569235882912e-14,1.2941710129652983e-14,1.5376588891058418e-14,1.7882304017109464e-15,0.0,0.0,6.776263578034403e-21,0.0,0.0,0.0,5.21270708284811e-13,2.806166038496455e-13,5.212707083050769e-13,2.806166038605553e-13,5.421010862427522e-20,5.421010862427522e-20,1.7944903416065778e-14,1.7944903416065778e-14,1.5361716833712192e-14,2.4770950362459723e-14,1.5361716833712192e-14,2.4777522068427828e-14,4.171671553033918e-10
4.095298671958343e-10,7.048309172072248e-13,1.0934428697813141e-15,2.9342082006585146e-20,5.612580925595344e-20,0.0,0.0,7.597561688681037e-05,0.0083689868359587,4.056666748096875e-06,3.951668924327831,3.4804719602129275e-05,5.322696482808823e-14,5.322696482808823e-14,2.0980757545049097e-14,2.6439866074217767e-14,1.2941710129652983e-14,1.3156142841808105e-14,1.3618740972040703e-15,0.0,0.0,2.0328790734103208e-20,0.0,0.0,0.0,5.399363110799986e-13,2.9066489158564017e-13,5.399363110626278e-13,2.906648915762889e-13,5.421010862427522e-20,5.421010862427522e-20,1.7917944949279833e-14,1.7917944949279833e-14,1.8775431685757702e-14,1.7318865543112073e-14,1.8775431685757702e-14,1.7318865543112073e-14,4.095298671958343e-10
4.0102301820284097e-10,6.927337116717636e-13,1.1604353567155542e-15,4.012469366885912e-20,4.5424576397385685e-20,0.0,0.0,7.595674165352751e-05,0.008317659624931396,4.056481619660866e-06,4.705217724800793,3.480489975036463e-05,4.3102931855755657e-14,4.3102931855755657e-14,2.6077107196277502e-14,1.599184034039079e-14,1.2941710129652983e-14,1.3766765505351941e-14,1.3612869387075605e-15,0.0,0.0,1.3552527156068805e-20,0.0,0.0,0.0,5.383340457797997e-13,2.8980234120661084e-13,5.383340457636697e-13,2.898023411979275e-13,0.0,0.0,0.0,0.0,8.534287129939446e-15,1.4726690404122218e-14,8.534287129939446e-15,1.4715770420135773e-14,4.0102301820284097e-10
3.948728387211145e-10,6.821476497497336e-13,1.1240151438116956e-15,4.4467212940005004e-20,5.074558270846809e-20,0.0,0.0,7.598388060614036e-05,0.008271611051177671,4.056297990350082e-06,181.39982389846546,3.480197718140315e-05,4.3196887841506636e-14,4.3196887841506636e-14,2.5837593585226937e-14,1.522333613498673e-14,1.2941710129652983e-14,1.3877787807814457e-14,1.520156788767621e-15,0.0,0.0,6.776263578034403e-21,0.0,0.0,0.0,5.268343241708564e-13,2.8361167525928356e-13,5.268343241902952e-13,2.8361167526974807e-13,5.421010862427522e-20,1.0842021724855044e-19,1.7864270284562456e-14,3.572854056912491e-14,1.3654859407982035e-14,2.1962087848183212e-14,1.3654859407982035e-14,2.1964268573816037e-14,3.948728387211145e-10
3.878656998684979e-10,6.726522171355977e-13,1.0934428697813141e-15,3.077423523224069e-20,5.035364212261381e-20,0.0,0.0,7.55215550222543e-05,0.008197719572575776,4.056114100034414e-06,7.420303232938556,3.4802219958164045e-05,5.204891758696712e-14,5.204891758696712e-14,2.4566797754640516e-14,2.055470937670989e-14,1.2941710129652983e-14,1.3988810110276972e-14,1.4026161496213462e-15,0.0,0.0,1.3552527156068805e-20,0.0,0.0,0.0,5.26569234648152e-13,2.834689691367356e-13,5.265692346609733e-13,2.834689691436377e-13,0.0,5.421010862427522e-20,0.0,1.7837553361980285e-14,5.120572278022675e-15,2.421775741908154e-14,5.120572278022675e-15,2.421993488333429e-14,3.878656998684979e-10
3.7982516834645816e-10,6.638340494133779e-13,1.217454592664719e-15,2.997108517880778e-20,4.6486386244116883e-20,0.0,0.0,7.570719931722757e-05,0.008255040584577272,4.055930804483996e-06,3.4545080666735366,3.4797369472425954e-05,4.0697026736490675e-14,4.0697026736490675e-14,1.705428559585357e-14,1.5211596755592557e-14,1.2941710129652983e-14,1.6986412276764895e-14,1.8693475345220524e-15,0.0,0.0,2.0328790734103208e-20,0.0,0.0,0.0,5.204796123249305e-13,2.801907317297418e-13,5.204796123034238e-13,2.801907317181641e-13,5.421010862427522e-20,5.421010862427522e-20,1.7810916233089106e-14,1.7810916233089106e-14,1.3654859408138313e-14,1.8704751111608424e-14,1.3654859408138313e-14,1.8704751111608424e-14,3.7982516834645816e-10
3.737380241242537e-10,6.551032535016924e-13,1.0920328848366135e-15,2.4490826533252816e-20,4.732768819493117e-20,0.0,0.0,7.564335744445573e-05,0.008215869842975988,4.055746504804326e-06,3.4460772220547726,3.479757809616889e-05,5.160093569688154e-14,5.160093569688154e-14,2.0210865817213795e-14,1.520572722517283e-14,1.2941710129652983e-14,1.482147737874584e-14,2.1233411439039067e-15,0.0,0.0,1.3552527156068805e-20,0.0,0.0,0.0,4.930145276170429e-13,2.6540540296931647e-13,4.930145276249011e-13,2.6540540297354683e-13,1.0842021724855044e-19,5.421010862427522e-20,3.556871708190002e-14,1.778435854095001e-14,5.120572278080811e-15,2.932547181969332e-14,5.120572278080811e-15,2.932330084902263e-14,3.737380241242537e-10
3.670207649893745e-10,6.455458533879283e-13,1.0488523176472411e-15,2.260165806702743e-20,2.796748102083455e-20,0.0,0.0,7.584845436006752e-05,0.008211257159944906,4.055562597466553e-06,1.8696123241944684,3.4794069748426116e-05,3.963549318769334e-14,3.963549318769334e-14,3.4632775590941705e-14,2.6363889019488488e-14,1.2941710129652983e-14,1.4377388168895777e-14,1.7085511027381276e-15,0.0,0.0,2.0328790734103208e-20,0.0,0.0,0.0,5.011493990066377e-13,2.6978466300794933e-13,5.011493989867853e-13,2.697846629972622e-13,1.0842021724855044e-19,5.421010862427522e-20,3.551575986149965e-14,1.7757879930749825e-14,8.534287130182502e-15,1.7070939756856596e-14,8.534287130182502e-15,1.707961071038389e-14,3.670207649893745e-10
3.6105965906240295e-10,6.366002922053147e-13,1.0778315928076987e-15,4.262183605119873e-20,6.183630265216439e-20,0.0,0.0,7.562020628855274e-05,0.008157423741142282,4.0553784208619435e-06,3.6017802457381287,3.479305674238115e-05,4.682747238857726e-14,4.682747238857726e-14,1.7499049616819867e-14,1.595673806733395e-14,1.2941710129652983e-14,1.559863349598345e-14,1.6759899932479696e-15,0.0,0.0,1.3552527156068805e-20,0.0,0.0,0.0,5.079781756854201e-13,2.7346081071698356e-13,5.07978175662259e-13,2.7346081070451526e-13,5.421010862427522e-20,5.421010862427522e-20,1.7731480049785355e-14,1.7731480049785355e-14,1.7068574260459702e-14,8.54767251339858e-15,1.7068574260459702e-14,8.55416606050929e-15,3.6105965906240295e-10
3.560185367928221e-10,6.287721954241298e-13,1.0735345726716592e-15,3.0504948179162596e-20,4.7729493546500885e-20,0.0,0.0,7.593806180318628e-05,0.00818284016998208,4.055194750100098e-06,15.52999481588388,3.479131005731708e-05,3.9840920204375246e-14,3.9840920204375246e-14,2.5948745799599995e-14,1.5950888008951626e-14,1.2941710129652983e-14,1.4377388168895777e-14,1.6646622984871583e-15,0.0,0.0,2.0328790734103208e-20,0.0,0.0,0.0,4.911643690887337e-13,2.644094037801318e-13,4.911643690928696e-13,2.6440940378235826e-13,1.0842021724855044e-19,1.0842021724855044e-19,3.541031709489534e-14,3.541031709489534e-14,6.827429704221365e-15,2.4422719302400883e-14,6.827429704221365e-15,2.4418396697214617e-14,3.560185367928221e-10
3.5010785315293413e-10,6.212560542083396e-13,1.0619908546843355e-15,3.614558653293887e-20,5.621109681655712e-20,0.0,0.0,7.586606705002732e-05,0.00817752604500423,4.055009370806417e-06,19.187266149796752,3.4790227759348196e-05,4.0011720545414515e-14,4.0011720545414515e-14,1.771168345729761e-14,1.5945038040912423e-14,1.2941710129652983e-14,1.509903313490213e-14,1.7381306416544436e-15,0.0,0.0,2.0328790734103208e-20,0.0,0.0,0.0,4.897740070976801e-13,2.6366092769304334e-13,4.897740070869268e-13,2.6366092768725443e-13,5.421010862427522e-20,5.421010862427522e-20,1.7678915075206584e-14,1.7678915075206584e-14,1.0241144556387683e-14,1.573469986707534e-14,1.0241144556387683e-14,1.5728225570051442e-14,3.5010785315293413e-10
3.4466346517246675e-10,6.129327630981186e-13,1.1564453092915794e-15,3.3626247879376414e-20,5.2768935395010034e-20,0.0,0.0,7.581907320662041e-05,0.008137896758834926,4.054825414449463e-06,39.96203633285005,3.4789864074939395e-05,5.2842324678447815e-14,5.2842324678447815e-14,3.23005223983998e-14,3.0352762241452204e-14,1.2941710129652983e-14,1.454392162258955e-14,1.684409523323516e-15,0.0,0.0,1.3552527156068805e-20,0.0,0.0,0.0,5.165566280002675e-13,2.780788644779541e-13,5.165566279986132e-13,2.7807886447706356e-13,0.0,5.421010862427522e-20,0.0,1.7652749286595306e-14,8.534287130368905e-15,2.8317605366775288e-14,8.534287130368905e-15,2.8308985747152193e-14,3.4466346517246675e-10
3.399500227909809e-10,6.060690916359992e-13,9.630824789273724e-16,5.0517544897321836e-20,5.360891739821223e-20,0.0,0.0,7.642717875921391e-05,0.00817545006148213,4.054642048233374e-06,4873.200326691361,3.478695698533971e-05,3.9955904940451156e-14,3.9955904940451156e-14,1.9429619531923113e-14,1.5170512202709976e-14,1.2941710129652983e-14,1.3489209749195652e-14,1.1753993822584175e-15,0.0,0.0,2.0328790734103208e-20,0.0,0.0,0.0,4.888827250305735e-13,2.631811222047069e-13,4.888827250235424e-13,2.6318112220092187e-13,5.421010862427522e-20,5.421010862427522e-20,1.7626660837195184e-14,1.7626660837195184e-14,1.0241144556497072e-14,2.0673728109298246e-14,1.0241144556497072e-14,2.0671576389053733e-14,3.399500227909809e-10
3.338377185123572e-10,5.97414057962493e-13,8.345155887641791e-16,3.3711485653336923e-20,4.6234790521286313e-20,0.0,0.0,7.636502257401612e-05,0.008137922755030013,4.054457284288925e-06,16.21544874425626,3.4787755709739616e-05,3.4609777548153707e-14,3.4609777548153707e-14,2.6997794384855276e-14,1.5164643383818054e-14,1.2941710129652983e-14,1.3100631690576847e-14,1.9052274027704208e-15,0.0,0.0,2.0328790734103208e-20,0.0,0.0,0.0,5.115897160688987e-13,2.754050177882241e-13,5.115897160895782e-13,2.754050177993565e-13,1.0842021724855044e-19,5.421010862427522e-20,3.5201298769241105e-14,1.7600649384620553e-14,8.53428713045902e-15,3.147833253703021e-14,8.53428713045902e-15,3.1486926716959785e-14,3.338377185123572e-10
3.286327931930822e-10,5.9154137713915e-13,9.121412916732176e-16,4.0692859202798455e-20,5.681972015046747e-20,0.0,0.0,7.656789660334937e-05,0.008152215738987818,4.054273079860513e-06,47.540356881047295,3.4784941444088944e-05,4.396002422406004e-14,4.396002422406004e-14,2.7107404378687614e-14,1.3461082827362407e-14,1.2941710129652983e-14,1.4099832412739488e-14,2.126581962008184e-15,0.0,0.0,1.3552527156068805e-20,0.0,0.0,0.0,5.031196846962772e-13,2.7084533046931536e-13,5.0311968471158e-13,2.7084533047755334e-13,0.0,5.421010862427522e-20,0.0,1.757471458850382e-14,1.1948001982704599e-14,2.362491440536442e-14,1.1948001982704599e-14,2.361847826813085e-14,3.286327931930822e-10
3.248141366741065e-10,5.857580815223703e-13,1.1116099371267112e-15,3.276167519139585e-20,4.4727106489392944e-20,0.0,0.0,7.677272243430817e-05,0.008196912479397116,4.0540887490278145e-06,23.10419990760828,3.478325678903035e-05,3.615037632835707e-14,3.615037632835707e-14,1.9085045801930976e-14,2.0448215604167997e-14,1.2941710129652983e-14,1.2378986724570495e-14,1.2267490519280144e-15,0.0,0.0,6.776263578034403e-21,0.0,0.0,0.0,4.858106228100448e-13,2.615273118560685e-13,4.858106228145943e-13,2.615273118585176e-13,5.421010862427522e-20,0.0,1.7548856110480572e-14,0.0,8.534287130547017e-15,2.6642821103216133e-14,8.534287130547017e-15,2.664067888072653e-14,3.248141366741065e-10
3.20327557605605e-10,5.797810788692238e-13,9.820925191391734e-16,4.305727672170463e-20,4.588307344068746e-20,0.0,0.0,7.718792893459372e-05,0.008240279360276432,4.053905877808296e-06,7.406456904466182,3.4781554449898406e-05,2.20277752889364e-14,2.20277752889364e-14,2.6986208256445356e-14,2.0438534715634224e-14,1.2941710129652983e-14,1.4710455076283324e-14,1.8921796408969415e-15,0.0,0.0,6.776263578034403e-21,0.0,0.0,0.0,5.083726199300959e-13,2.7367315260113273e-13,5.083726199313367e-13,2.7367315260180073e-13,5.421010862427522e-20,0.0,1.7523073614174858e-14,0.0,1.365485940894436e-14,1.9119053928211176e-14,1.365485940894436e-14,1.912974930409404e-14,3.20327557605605e-10
3.1543770679752945e-10,5.734851687304845e-13,1.117140368961273e-15,2.819487566238964e-20,4.2630030121543166e-20,0.0,0.0,7.73263540135811e-05,0.008235895068983534,4.053721392036413e-06,7.539955332794761,3.477863263136754e-05,3.7330157383769945e-14,3.7330157383769945e-14,1.8869673098697024e-14,1.3685928610567553e-14,1.2941710129652983e-14,1.482147737874584e-14,1.838527347724385e-15,0.0,0.0,1.3552527156068805e-20,0.0,0.0,0.0,4.801543863728428e-13,2.584823798574905e-13,4.80154386371602e-13,2.5848237985682255e-13,1.0842021724855044e-19,1.0842021724855044e-19,3.4994733530369296e-14,3.4994733530369296e-14,1.0241144556759493e-14,2.5577846747844918e-14,1.0241144556759493e-14,2.5575710810746976e-14,3.1543770679752945e-10
3.1120318461182274e-10,5.668219568889844e-13,9.305364597889227e-16,4.407827940825846e-20,4.669245631185352e-20,0.0,0.0,7.771148985259322e-05,0.008203522956945543,4.053535462213261e-06,28.251413100789524,3.477816686305863e-05,3.752289380276962e-14,3.752289380276962e-14,3.2830524830346353e-14,1.5898241487165784e-14,1.2941710129652983e-14,1.3600232051658168e-14,1.689865966076904e-15,0.0,0.0,2.0328790734103208e-20,0.0,0.0,0.0,4.828705698486958e-13,2.5994458782412315e-13,4.828705698367017e-13,2.599445878176663e-13,5.421010862427522e-20,5.421010862427522e-20,1.7471735231067337e-14,1.7471735231067337e-14,1.1948001982945115e-14,2.2573642127734503e-14,1.1948001982945115e-14,2.2569376511308252e-14,3.1120318461182274e-10
3.079264472363145e-10,5.608380921630634e-13,9.036560719766055e-16,4.551964830778767e-20,4.544407259448616e-20,0.0,0.0,7.810225751493936e-05,0.008231295945367824,4.053350027819683e-06,66.04028521866103,3.477586644027026e-05,3.570388843933604e-14,3.570388843933604e-14,2.208440610561735e-14,1.4311631488371923e-14,1.2941710129652983e-14,1.199040866595169e-14,1.4040910377781012e-15,0.0,0.0,6.776263578034403e-21,0.0,0.0,0.0,4.708048543365848e-13,2.534492293544993e-13,4.708048543523012e-13,2.5344922936295995e-13,5.421010862427522e-20,5.421010862427522e-20,1.7446178681325407e-14,1.7446178681325407e-14,1.1948001983003424e-14,2.4823648943697064e-14,1.1948001983003424e-14,2.4830038009142418e-14,3.079264472363145e-10
3.0294839325851454e-10,5.559782196507833e-13,1.0948510389028343e-15,3.0161985740582476e-20,3.5330556147288623e-20,0.0,0.0,7.85357082596452e-05,0.00824192748581869,4.053166985291326e-06,49.02667602418317,3.4774261389565364e-05,3.712303787781762e-14,3.712303787781762e-14,2.0395435311831284e-14,1.5886543221107886e-14,1.2941710129652983e-14,1.27675647831893e-14,1.2346411752003291e-15,0.0,0.0,1.3552527156068805e-20,0.0,0.0,0.0,4.769437918016114e-13,2.567540146710371e-13,4.769437917912716e-13,2.567540146654709e-13,5.421010862427522e-20,5.421010862427522e-20,1.742069678739227e-14,1.742069678739227e-14,1.0241144556909467e-14,3.179871879754724e-14,1.0241144556909467e-14,3.1807225109002484e-14,3.0294839325851454e-10
2.99444820814233e-10,5.505146268931981e-13,9.757969893912614e-16,5.107545460138302e-20,3.931678240432689e-20,0.0,0.0,7.885057877595847e-05,0.008358571723318392,4.0529813402996875e-06,74.06234084345976,3.47750610168672e-05,4.124263016232953e-14,4.124263016232953e-14,2.2119861724008512e-14,2.039013137691427e-14,1.2941710129652983e-14,1.582067810090848e-14,2.067388772924829e-15,0.0,0.0,1.3552527156068805e-20,0.0,0.0,0.0,4.618390291065747e-13,2.4862264043099496e-13,4.618390291142261e-13,2.48622640435114e-13,5.421010862427522e-20,1.0842021724855044e-19,1.7395289222618125e-14,3.479057844523625e-14,1.365485940927769e-14,2.1411011727739247e-14,1.365485940927769e-14,2.1402517822461953e-14,2.99444820814233e-10
2.954497598040233e-10,5.453396398015393e-13,7.50940934905391e-16,5.174532524640686e-20,4.812836368029687e-20,0.0,0.0,7.941339616878923e-05,0.008337956106127063,4.0527967586719545e-06,189.6547938561953,3.4771569426286433e-05,3.208571163608125e-14,3.208571163608125e-14,2.1049791067703478e-14,2.038045094365405e-14,1.2941710129652983e-14,1.3933298959045715e-14,1.8661667814155777e-15,0.0,0.0,6.776263578034403e-21,0.0,0.0,0.0,4.765510255395968e-13,2.5654257609833153e-13,4.765510255594492e-13,2.565425761090187e-13,0.0,5.421010862427522e-20,0.0,1.736995566225605e-14,1.3654859409341951e-14,2.9263416943660125e-14,1.3654859409341951e-14,2.926977809508618e-14,2.954497598040233e-10
2.927905524436321e-10,5.39644406906184e-13,1.0175362097255202e-15,5.2625223809637355e-20,6.956259775241054e-20,0.0,0.0,7.976628795882085e-05,0.008370306502250253,4.0526109212774135e-06,44.46747578850211,3.4769153401414806e-05,5.481922669922872e-14,5.481922669922872e-14,2.215099214795339e-14,2.037077059155479e-14,1.2941710129652983e-14,1.1823875212257917e-14,2.18151678223228e-15,0.0,0.0,6.776263578034403e-21,0.0,0.0,0.0,4.5030954557787293e-13,2.424159526955358e-13,4.5030954557332343e-13,2.424159526930867e-13,0.0,5.421010862427522e-20,0.0,1.7344695783448145e-14,1.3654859409405465e-14,1.9870863244943325e-14,1.3654859409405465e-14,1.9870863244943325e-14,2.927905524436321e-10
2.881149715644295e-10,5.347747216624059e-13,8.252325904466732e-16,4.636296562934668e-20,6.199850987413258e-20,0.0,0.0,8.038666943891974e-05,0.00841804383867043,4.052427566890933e-06,6.045870670106309,3.4769396731336346e-05,4.4100326390426726e-14,4.4100326390426726e-14,2.21650489377243e-14,1.58631477185712e-14,1.2941710129652983e-14,1.2156942119645464e-14,1.1166190206948292e-15,0.0,0.0,1.3552527156068805e-20,0.0,0.0,0.0,4.762237006266379e-13,2.563663666855056e-13,4.762237006191932e-13,2.563663666814979e-13,0.0,0.0,0.0,0.0,1.1948001983284712e-14,1.806183042447698e-14,1.1948001983284712e-14,1.8066058875940044e-14,2.881149715644295e-10
2.850272906976347e-10,5.300657457964322e-13,9.566618574882216e-16,5.948559877262394e-20,5.8184409868037e-20,0.0,0.0,8.100813089783048e-05,0.00849666181859585,4.052241828288381e-06,6.34216899701541,3.4767148233170524e-05,4.240047758670816e-14,4.240047758670816e-14,1.5500298567849857e-14,1.4276295099007605e-14,1.2941710129652983e-14,1.2323475573339238e-14,1.189839716521801e-15,0.0,0.0,1.3552527156068805e-20,0.0,0.0,0.0,4.68041931315469e-13,2.519618600038707e-13,4.68041931318571e-13,2.519618600055406e-13,1.0842021724855044e-19,5.421010862427522e-20,3.4588791576852376e-14,1.7294395788426188e-14,1.0241144557147712e-14,4.002548408713919e-14,1.0241144557147712e-14,4.0017039446791675e-14,2.850272906976347e-10
2.817379753765986e-10,5.258475896951861e-13,5.848462687947774e-16,2.6945767598996285e-20,3.0653707964029297e-20,0.0,0.0,8.167743533979791e-05,0.008538483675547319,4.05205716796234e-06,8.351873429024765,3.4766701572765424e-05,5.405035228687173e-14,5.405035228687173e-14,1.9904102953159862e-14,2.034173004694635e-14,1.2941710129652983e-14,1.404432126150823e-14,1.673469966528475e-15,0.0,0.0,1.3552527156068805e-20,0.0,0.0,0.0,4.363986797824277e-13,2.349272911343104e-13,4.36398679795249e-13,2.3492729114121254e-13,0.0,0.0,0.0,0.0,1.5361716835790576e-14,2.872079962886394e-14,1.5361716835790576e-14,2.872712393882332e-14,2.817379753765986e-10
2.7822182110306803e-10,5.211652541465053e-13,9.646809571707696e-16,4.8776155264052534e-20,6.632568640300061e-20,0.0,0.0,8.212188730673634e-05,0.008571294890775455,4.0518715976090145e-06,2.661075668330549,3.476257114499753e-05,6.019161079603721e-14,6.019161079603721e-14,2.7633421677737573e-14,3.016497991104885e-14,1.2941710129652983e-14,1.1934897514720433e-14,1.6096183990403363e-15,0.0,0.0,3.3881317890172014e-20,0.0,0.0,0.0,4.363995350569518e-13,2.349277515557913e-13,4.363995350532295e-13,2.349277515537874e-13,1.0842021724855044e-19,1.0842021724855044e-19,3.44887733839026e-14,3.44887733839026e-14,1.3654859409652241e-14,3.305778987233606e-14,1.3654859409652241e-14,3.305568481694429e-14,2.7822182110306803e-10
2.744410210794546e-10,5.164664643097388e-13,7.343435057440258e-16,2.6298974893327522e-20,2.9028232608486426e-20,0.0,0.0,8.247982517697735e-05,0.008553913810155848,4.051686642964466e-06,13.432592813222858,3.476204808645639e-05,4.866361382262244e-14,4.866361382262244e-14,2.0810385742219935e-14,1.583975357493404e-14,1.2941710129652983e-14,1.0602629885170245e-14,1.167253252083759e-15,0.0,0.0,6.776263578034403e-21,0.0,0.0,0.0,4.62266652993968e-13,2.4885284397226033e-13,4.62266652983835e-13,2.4885284396680545e-13,5.421010862427522e-20,0.0,1.7219490443208135e-14,0.0,8.534287131070119e-15,2.9213822044321445e-14,8.534287131070119e-15,2.9230638174437616e-14,2.744410210794546e-10
2.7273960878076235e-10,5.116146216390435e-13,8.08254562088053e-16,5.251604272976662e-20,5.901714350963264e-20,0.0,0.0,8.3427540041797e-05,0.008706085130226277,4.0514998748603714e-06,4.949433994957385,3.4761007028488016e-05,4.070899884758995e-14,4.070899884758995e-14,1.8070257529437033e-14,1.425273997780875e-14,1.2941710129652983e-14,1.2490009027033011e-14,1.4400355583546044e-15,0.0,0.0,1.0164395367051604e-20,0.0,0.0,0.0,4.4630320297907336e-13,2.402592110331615e-13,4.4630320296728604e-13,2.4025921102681605e-13,1.0842021724855044e-19,5.421010862427522e-20,3.438933195556292e-14,1.719466597778146e-14,6.8274297048857475e-15,2.3040568224180102e-14,6.8274297048857475e-15,2.304686518188007e-14,2.7273960878076235e-10
2.690344287376489e-10,5.079613827836137e-13,9.272190286951957e-16,5.967826518404415e-20,7.20578393963864e-20,0.0,0.0,8.406595664261949e-05,0.008660773841016036,4.051315426141059e-06,4.494977219648252,3.475747990393955e-05,4.314184506446651e-14,4.314184506446651e-14,1.808932448151422e-14,1.4246851494099568e-14,1.2941710129652983e-14,1.3933298959045715e-14,1.8911919360633363e-15,0.0,0.0,1.3552527156068805e-20,0.0,0.0,0.0,4.3272644900018323e-13,2.329504124908572e-13,4.32726449010523e-13,2.3295041249642346e-13,5.421010862427522e-20,0.0,1.7169912985659128e-14,0.0,1.5361716836058892e-14,2.455841323825594e-14,1.5361716836058892e-14,2.455841323825594e-14,2.690344287376489e-10
2.6553088909386737e-10,5.035057109571106e-13,8.653332088726038e-16,6.752929998226882e-20,5.897588239905967e-20,0.0,0.0,8.521998311499639e-05,0.008865668849698765,4.051129056325996e-06,2.3106619786444877,3.475652398452733e-05,4.448560580409575e-14,4.448560580409575e-14,3.6215639271196627e-14,1.505902087642827e-14,1.2941710129652983e-14,1.3156142841808105e-14,1.6278154714088402e-15,0.0,0.0,1.3552527156068805e-20,0.0,0.0,0.0,4.426082722102298e-13,2.382701122648386e-13,4.4260827220940264e-13,2.3827011226439334e-13,1.0842021724855044e-19,5.421010862427522e-20,3.429046231722307e-14,1.7145231158611534e-14,1.5361716836124163e-14,3.7426155288053944e-14,1.5361716836124163e-14,3.743243414197768e-14,2.6553088909386737e-10
2.636152443498964e-10,4.990997821276358e-13,9.13828881074737e-16,4.02674866243168e-20,5.959494051101073e-20,0.0,0.0,8.582948343368513e-05,0.008903862648613621,4.050945050686157e-06,4.4029456260028,3.4754827699113356e-05,4.1596994591256284e-14,4.1596994591256284e-14,2.1004785207809097e-14,2.659400730340738e-14,1.2941710129652983e-14,1.176836406102666e-14,1.5221300690819873e-15,0.0,0.0,1.3552527156068805e-20,0.0,0.0,0.0,4.635103616955777e-13,2.495223719286121e-13,4.635103616926825e-13,2.4952237192705355e-13,0.0,5.421010862427522e-20,0.0,1.7120620190178877e-14,1.0241144557459151e-14,3.2015898174620854e-14,1.0241144557459151e-14,3.2015898174620854e-14,2.636152443498964e-10
2.604393704075229e-10,4.952968493590839e-13,8.120581339769891e-16,3.240938887586473e-20,3.7394107842626215e-20,0.0,0.0,8.683357166085085e-05,0.008976531806146538,4.050758860359029e-06,2.261577434406713,3.4754387352095596e-05,5.4449897191300307e-14,5.4449897191300307e-14,2.0932261207588273e-14,1.5810512786835243e-14,1.2941710129652983e-14,1.099120794378905e-14,1.269636329299932e-15,0.0,0.0,2.710505431213761e-20,0.0,0.0,0.0,4.659749181047437e-13,2.508491210410104e-13,4.659749180935767e-13,2.5084912103499883e-13,5.421010862427522e-20,0.0,1.709607977565845e-14,0.0,8.53428713125146e-15,3.708929877701872e-14,8.53428713125146e-15,3.7087211825703335e-14,2.604393704075229e-10
2.57427329258823e-10,4.916290570425234e-13,8.270975252328749e-16,5.878188958296951e-20,7.612797417757573e-20,0.0,0.0,8.696965423733956e-05,0.009015624457622651,4.050573673901466e-06,2.8760983614710933,3.475207877023948e-05,4.220052224090491e-14,4.220052224090491e-14,1.4012806678936169e-14,1.358533882112587e-14,1.2941710129652983e-14,1.2323475573339238e-14,1.6151944607825355e-15,0.0,0.0,1.3552527156068805e-20,0.0,0.0,0.0,4.562092969406685e-13,2.4559197652475296e-13,4.562092969427364e-13,2.455919765258662e-13,0.0,0.0,0.0,0.0,1.0241144557543918e-14,2.3192437594019043e-14,1.0241144557543918e-14,2.318826966561685e-14,2.57427329258823e-10
2.5397421016439904e-10,4.867571034592774e-13,9.338421059357628e-16,2.4017529228511044e-20,3.5744009924593644e-20,0.0,0.0,8.859597905244703e-05,0.00915781220580388,4.050387445755232e-06,3.5498866351540905,3.475096624021206e-05,5.106356913579113e-14,5.106356913579113e-14,2.123626586925701e-14,1.5798817055761836e-14,1.2941710129652983e-14,9.992007221626409e-15,9.015972740812029e-16,0.0,0.0,6.776263578034403e-21,0.0,0.0,0.0,4.5031596925607665e-13,2.424194107658508e-13,4.5031596926041935e-13,2.424194107681886e-13,0.0,5.421010862427522e-20,0.0,1.704720939825358e-14,1.3654859410114206e-14,2.846372138827419e-14,1.3654859410114206e-14,2.846372138827419e-14,2.5397421016439904e-10
2.519325514388365e-10,4.834476390986698e-13,9.272190286951957e-16,3.593656445351658e-20,4.149526494268845e-20,0.0,0.0,8.914795876119178e-05,0.009151101314286082,4.050200331070934e-06,1.4790890076345053,3.474992453298338e-05,3.4481705901290766e-14,3.4481705901290766e-14,2.119147415590067e-14,2.50877056787028e-14,1.2941710129652983e-14,1.049160758270773e-14,1.5299490041263093e-15,0.0,0.0,6.776263578034403e-21,0.0,0.0,0.0,4.0981655029463785e-13,2.2061728525559992e-13,4.098165503060116e-13,2.2061728526172274e-13,5.421010862427522e-20,5.421010862427522e-20,1.7022878834636578e-14,1.7022878834636578e-14,1.1948001983898142e-14,2.141395026973506e-14,1.1948001983898142e-14,2.1416028285287678e-14,2.519325514388365e-10
2.5049580478088434e-10,4.803129554416473e-13,8.214900197283516e-16,4.2990572922206714e-20,4.5431713338902387e-20,0.0,0.0,8.99264988161797e-05,0.009167778235858752,4.050014368553159e-06,1.4136959756268555,3.474823820294219e-05,3.5752466081656144e-14,3.5752466081656144e-14,2.123702939856573e-14,2.3949186502371855e-14,1.2941710129652983e-14,1.0047518372857667e-14,1.4873813178369456e-15,0.0,0.0,1.3552527156068805e-20,0.0,0.0,0.0,4.203895446648869e-13,2.2630906445121868e-13,4.203895446555811e-13,2.263090644462091e-13,5.421010862427522e-20,5.421010862427522e-20,1.6998617623442052e-14,1.6998617623442052e-14,1.536171683650185e-14,1.8503256032131145e-14,1.536171683650185e-14,1.849910592424012e-14,2.5049580478088434e-10
2.475719893990978e-10,4.758454382430384e-13,1.047382306668854e-15,4.459610368262565e-20,5.20238426741648e-20,0.0,0.0,9.129508364688433e-05,0.00928680989160671,4.049827151792926e-06,2.7928316352796307,3.474532539099249e-05,3.420644866592678e-14,3.420644866592678e-14,2.2276212146684635e-14,1.5017953435136658e-14,1.2941710129652983e-14,1.0325074129013956e-14,1.0784027794826524e-15,0.0,0.0,1.3552527156068805e-20,0.0,0.0,0.0,4.4465657141306207e-13,2.3937277688195853e-13,4.4465657139196897e-13,2.3937277687060343e-13,5.421010862427522e-20,0.0,1.697442546856631e-14,0.0,1.5361716836562656e-14,3.603176025876411e-14,1.5361716836562656e-14,3.602761605722765e-14,2.475719893990978e-10
2.44610369643651e-10,4.727163741297734e-13,9.20548301573787e-16,5.048202668657684e-20,5.428242971793625e-20,0.0,0.0,9.234633954004671e-05,0.009476770251306036,4.049642067905505e-06,2.647102955044519,3.4742989889564836e-05,5.110874288390024e-14,5.110874288390024e-14,2.227917337178383e-14,1.2892401747860873e-14,1.2941710129652983e-14,1.1657341758564144e-14,1.4860787760396292e-15,0.0,0.0,1.3552527156068805e-20,0.0,0.0,0.0,4.1796112358625706e-13,2.2500176813670938e-13,4.179611235724018e-13,2.2500176812925062e-13,5.421010862427522e-20,0.0,1.6950302075588884e-14,0.0,1.0241144557748586e-14,2.639208458656002e-14,1.0241144557748586e-14,2.6383807962620684e-14,2.44610369643651e-10
2.433500604053773e-10,4.695022154087971e-13,9.630824789273724e-16,3.6214992468676724e-20,3.7113711444587204e-20,0.0,0.0,9.387478469900674e-05,0.00958329601417124,4.049456296239738e-06,2.000589260153338,3.474250152812061e-05,4.851078622567651e-14,4.851078622567651e-14,2.2019040979542934e-14,2.6679590963655582e-14,1.2941710129652983e-14,1.1435297153639112e-14,1.4958882665590868e-15,0.0,0.0,1.3552527156068805e-20,0.0,0.0,0.0,4.4849607451871075e-13,2.4143970353801875e-13,4.484960745300845e-13,2.4143970354414157e-13,5.421010862427522e-20,5.421010862427522e-20,1.6926247151760617e-14,1.6926247151760617e-14,1.1948001984086418e-14,1.9775787404798054e-14,1.1948001984086418e-14,1.9773721185238468e-14,2.433500604053773e-10
2.404262518603825e-10,4.664432885421931e-13,9.40418540046196e-16,4.163406045513798e-20,4.380511781449168e-20,0.0,0.0,9.548659637810517e-05,0.009732839159998551,4.049268629519617e-06,4.4004920509756715,3.474020664011123e-05,5.682528992974331e-14,5.682528992974331e-14,1.6908728967901583e-14,1.500035442910211e-14,1.2941710129652983e-14,1.1213252548714081e-14,1.265196660091813e-15,0.0,0.0,2.0328790734103208e-20,0.0,0.0,0.0,4.602353077697329e-13,2.4775930622112416e-13,4.602353077395408e-13,2.4775930620487074e-13,5.421010862427522e-20,0.0,1.6902260405991805e-14,0.0,1.1948001984132404e-14,2.5793206503363047e-14,1.1948001984132404e-14,2.580558625210476e-14,2.404262518603825e-10
2.384350139604251e-10,4.624568342735992e-13,8.289582644243109e-16,4.1943101021223016e-20,4.5194842582603995e-20,0.0,0.0,9.61324704792693e-05,0.009711798134167374,4.0490827100489704e-06,3.6788275758118036,3.473917802379074e-05,3.343271030880604e-14,3.343271030880604e-14,1.827808357847045e-14,1.4994488269103673e-14,1.2941710129652983e-14,1.2212453270876722e-14,1.463221816065739e-15,0.0,0.0,2.0328790734103208e-20,0.0,0.0,0.0,4.4907780511939626e-13,2.4175286762517224e-13,4.4907780511939626e-13,2.4175286762517224e-13,5.421010862427522e-20,5.421010862427522e-20,1.6878341548840472e-14,1.6878341548840472e-14,1.5361716836800267e-14,2.3420244450076552e-14,1.5361716836800267e-14,2.3418184078434952e-14,2.384350139604251e-10
2.368092436489023e-10,4.604571093839552e-13,9.18873053048877e-16,7.432683947104275e-20,7.065076382279714e-20,0.0,0.0,9.794861331843456e-05,0.009861298410376853,4.0488960327441315e-06,3.7704585966224795,3.473570615437317e-05,3.659417811213258e-14,3.659417811213258e-14,1.9231624530368767e-14,1.3532102448175062e-14,1.2941710129652983e-14,1.1324274851176597e-14,1.3372157537919692e-15,0.0,0.0,2.0328790734103208e-20,0.0,0.0,0.0,4.3149107725507694e-13,2.322853725833895e-13,4.314910772441168e-13,2.322853725774893e-13,5.421010862427522e-20,5.421010862427522e-20,1.6854490292500692e-14,1.6854490292500692e-14,1.024114455790557e-14,3.987357631935485e-14,1.024114455790557e-14,3.987563377943325e-14,2.368092436489023e-10
2.3329313506530315e-10,4.567118965601222e-13,6.473657049138938e-16,3.488295176864171e-20,3.878719983454388e-20,0.0,0.0,9.851529238833986e-05,0.009981919201634146,4.048708738765472e-06,1.858948374407857,3.4733333798499896e-05,4.2859686164597696e-14,4.2859686164597696e-14,1.6680697581321842e-14,2.99655124220672e-14,1.2941710129652983e-14,1.2156942119645464e-14,1.8169796484352895e-15,0.0,0.0,1.3552527156068805e-20,0.0,0.0,0.0,4.257483955448252e-13,2.291939043445106e-13,4.257483955528902e-13,2.291939043488522e-13,5.421010862427522e-20,0.0,1.6830706350791108e-14,0.0,1.8775431689563937e-14,2.4878627472748003e-14,1.8775431689563937e-14,2.4872463802550776e-14,2.3329313506530315e-10
2.3162956160433586e-10,4.5245908040821675e-13,8.101585801848734e-16,5.819307450913661e-20,5.047402474240004e-20,0.0,0.0,0.00010068941584909755,0.01020046777792808,4.048522081966885e-06,2.636468948524824,3.473541714742732e-05,5.013423052583439e-14,5.013423052583439e-14,1.735037416682118e-14,1.5740343362496586e-14,1.2941710129652983e-14,1.049160758270773e-14,1.3256038370761036e-15,0.0,0.0,1.3552527156068805e-20,0.0,0.0,0.0,4.1455771228056116e-13,2.2316960356860927e-13,4.14557712313028e-13,2.231696035860872e-13,5.421010862427522e-20,5.421010862427522e-20,1.6806989439143407e-14,1.6806989439143407e-14,8.534287131651689e-15,3.2785551870984693e-14,8.534287131651689e-15,3.2785551870984693e-14,2.3162956160433586e-10
2.2880658198937615e-10,4.5013428450615106e-13,8.08254562088053e-16,5.070891334295928e-20,6.055447220205298e-20,0.0,0.0,0.00010198656994136997,0.010328396398247825,4.048334571485004e-06,3.6268971736132007,3.473371893178545e-05,4.9795340126417257e-14,4.9795340126417257e-14,2.3006490648964583e-14,2.0148148374208726e-14,1.2941710129652983e-14,1.1601830607332886e-14,1.4189205345972288e-15,0.0,0.0,6.776263578034403e-21,0.0,0.0,0.0,4.002417885478686e-13,2.154628864349005e-13,4.002417885304978e-13,2.1546288642554926e-13,0.0,0.0,0.0,0.0,6.8274297053465165e-15,2.876069717950643e-14,6.8274297053465165e-15,2.8768892277719716e-14,2.2880658198937615e-10
2.2755888625637683e-10,4.470255311976896e-13,8.617648093045562e-16,5.42365719446819e-20,5.713788025030525e-20,0.0,0.0,0.00010407337369717781,0.010523251989626514,4.048149425479709e-06,2.966971985834397,3.47307493820679e-05,3.3432500872394984e-14,3.3432500872394984e-14,1.7415567501701724e-14,2.0138470381997592e-14,1.2941710129652983e-14,1.0658141036401503e-14,1.3140102756259114e-15,0.0,0.0,2.0328790734103208e-20,0.0,0.0,0.0,4.253205148042878e-13,2.289635625310263e-13,4.253205147943616e-13,2.2896356252568274e-13,0.0,0.0,0.0,0.0,1.536171683708582e-14,1.477136660259257e-14,1.536171683708582e-14,1.4773412498243895e-14,2.2755888625637683e-10
2.2544163654010496e-10,4.4474262621914995e-13,8.139532547199557e-16,3.761436710465899e-20,3.867165041437008e-20,0.0,0.0,0.00010595802504731663,0.01071055223375296,4.047960965089247e-06,6.097419321847799,3.472843021889199e-05,3.490385360459587e-14,3.490385360459587e-14,1.6793920899904e-14,2.7005062659146568e-14,1.2941710129652983e-14,1.0547118733938987e-14,1.0528307424862843e-15,0.0,0.0,1.3552527156068805e-20,0.0,0.0,0.0,4.251790591985027e-13,2.2888741247874066e-13,4.251790592023284e-13,2.2888741248080013e-13,0.0,0.0,0.0,0.0,1.3654859410792475e-14,1.3631061657541178e-14,1.3654859410792475e-14,1.3629018632712411e-14,2.2544163654010496e-10
2.2236661792971165e-10,4.4107314666081273e-13,7.50940934905391e-16,4.746408658265449e-20,6.468476824664693e-20,0.0,0.0,0.00010833962067882403,0.010965741453943132,4.047773080573874e-06,10.728713241331207,3.47267877345912e-05,4.165570132572228e-14,4.165570132572228e-14,1.1761167452099955e-14,1.4134991376304828e-14,1.2941710129652983e-14,1.0325074129013956e-14,1.5212441607876785e-15,0.0,0.0,1.3552527156068805e-20,0.0,0.0,0.0,4.1539420166752135e-13,2.2361991241427034e-13,4.153942016576986e-13,2.2361991240898245e-13,5.421010862427522e-20,5.421010862427522e-20,1.6712786457630655e-14,1.6712786457630655e-14,1.7068574263552005e-14,2.5479583863367065e-14,1.7068574263552005e-14,2.5483664187470417e-14,2.2236661792971165e-10
2.214591871583118e-10,4.382363194085356e-13,8.101585801848734e-16,2.8347144325000766e-20,4.1616321947611566e-20,0.0,0.0,0.0001095856529659031,0.010842174851678519,4.047585665416267e-06,10.926955311223173,3.47251060139143e-05,4.221858971806608e-14,4.221858971806608e-14,2.1792710129248153e-14,2.565369168259436e-14,1.2941710129652983e-14,1.0658141036401503e-14,1.3851809511138787e-15,0.0,0.0,1.3552527156068805e-20,0.0,0.0,0.0,4.483801518729729e-13,2.4137729869032756e-13,4.483801518617026e-13,2.413772986842604e-13,5.421010862427522e-20,0.0,1.668940048343681e-14,0.0,1.0241144558167772e-14,9.473478881178312e-15,1.0241144558167772e-14,9.461255037460663e-15,2.214591871583118e-10
2.2012328127469374e-10,4.3546041287461773e-13,6.614917107302101e-16,5.926810042546634e-20,7.334481610058452e-20,0.0,0.0,0.00011187393259534727,0.011191920245413708,4.047398006832606e-06,4.005465808548026,3.472529032943202e-05,3.263016434781161e-14,3.263016434781161e-14,2.183289231741945e-14,2.5641772950822662e-14,1.2941710129652983e-14,9.71445146547012e-15,1.1034926697370512e-15,0.0,0.0,1.3552527156068805e-20,0.0,0.0,0.0,4.1681691712035143e-13,2.2438580539899472e-13,4.1681691712696887e-13,2.2438580540255714e-13,1.0842021724855044e-19,1.0842021724855044e-19,3.3332159730281903e-14,3.3332159730281903e-14,6.827429705469375e-15,3.510054698896057e-14,6.827429705469375e-15,3.5092409146964636e-14,2.2012328127469374e-10
2.1760276665261848e-10,4.323994081705406e-13,7.811111357431004e-16,2.4017529228511044e-20,5.488254796247407e-20,0.0,0.0,0.00011418638245148064,0.011389562519175079,4.047209831937028e-06,2.8102558488460017,3.472477220993957e-05,5.274144699450985e-14,5.274144699450985e-14,1.8389688222628892e-14,1.3478876723614546e-14,1.2941710129652983e-14,8.992806499463768e-15,1.3735553120088588e-15,0.0,0.0,1.3552527156068805e-20,0.0,0.0,0.0,4.0630539863827697e-13,2.1872712062952441e-13,4.063053986616448e-13,2.1872712064210406e-13,0.0,0.0,0.0,0.0,1.877543169010679e-14,2.088303900616449e-14,1.877543169010679e-14,2.0885070627820894e-14,2.1760276665261848e-10
2.1695998618270225e-10,4.304469397386863e-13,9.121412916732176e-16,2.9390944791484754e-20,3.224032473462784e-20,0.0,0.0,0.00011580687270913705,0.011560952146919521,4.047022995383614e-06,9.060602722929744,3.4720045423519085e-05,4.4549992495967427e-14,4.4549992495967427e-14,1.839899768964737e-14,2.0080404764309567e-14,1.2941710129652983e-14,9.2148511043888e-15,1.1337238170310724e-15,0.0,0.0,6.776263578034403e-21,0.0,0.0,0.0,4.297889123309558e-13,2.3136904305900294e-13,4.297889123397446e-13,2.3136904306373424e-13,5.421010862427522e-20,5.421010862427522e-20,1.66196336034113e-14,1.66196336034113e-14,1.5361716837413714e-14,2.0085028180685654e-14,1.5361716837413714e-14,2.0085028180685654e-14,2.1695998618270225e-10
2.140362036026448e-10,4.2737510789363766e-13,6.843874359417885e-16,5.719824779334099e-20,7.070151355680667e-20,0.0,0.0,0.00011973447961913459,0.01205074297484562,4.046834529330558e-06,4.339264360843319,3.471836607215188e-05,3.665699071052559e-14,3.665699071052559e-14,2.195145937310621e-14,1.3467050165998016e-14,1.2941710129652983e-14,9.936496070395151e-15,6.965688386909296e-16,0.0,0.0,2.0328790734103208e-20,0.0,0.0,0.0,4.064060214461224e-13,2.1878128908779145e-13,4.0640602144508843e-13,2.1878128908723483e-13,1.0842021724855044e-19,1.0842021724855044e-19,3.3193014834726555e-14,3.3193014834726555e-14,6.827429705540877e-15,1.506914754964533e-14,6.827429705540877e-15,1.507319948499076e-14,2.140362036026448e-10
6.402369903965765e-10,1.0234646397269223e-12,1.0863746452860992e-15,5.0934789353282415e-20,7.552438820189868e-20,0.0,0.0,0.0002888267704222389,0.02886845844068725,4.046640724638304e-06,0.377768488029426,3.471398914912161e-05,3.7230311316718954e-14,3.7230311316718954e-14,1.6353618176992404e-14,1.5681875626034788e-14,1.2941710129652983e-14,2.1649348980190553e-14,2.140744531393465e-15,0.0,0.0,1.3552527156068805e-20,0.0,0.0,0.0,4.146986315521456e-13,2.232454648951336e-13,4.146986315468723e-13,2.2324546489229477e-13,0.0,5.421010862427522e-20,0.0,1.6573445501963623e-14,2.2189146543098425e-14,1.949712031229727e-14,2.2189146543098425e-14,1.9501166617228738e-14,6.402369903965765e-10
6.397725697088023e-10,1.0194110539644578e-12,1.0160208906275295e-15,5.936486473548906e-20,5.532126925802557e-20,0.0,0.0,0.0003108389424800567,0.031133866608568626,4.04644758512995e-06,0.1293280237522989,3.4712851084299054e-05,3.422165245624982e-14,3.422165245624982e-14,0.0,2.6530361993912773e-14,1.2941710129652983e-14,1.942890293094024e-14,2.3890968658931076e-15,0.0,0.0,6.776263578034403e-21,0.0,0.0,0.0,4.0443629978195413e-13,2.177209252592794e-13,4.0443629977595707e-13,2.1772092525605098e-13,1.0842021724855044e-19,5.421010862427522e-20,3.3100895179319016e-14,1.6550447589659508e-14,1.536171683759825e-14,3.776226973565933e-14,1.536171683759825e-14,3.775620870044415e-14,6.397725697088023e-10
6.155229638864812e-10,9.842347511707993e-13,1.1032623100843847e-15,5.12717376097446e-20,6.126521495818261e-20,0.0,0.0,0.00032692716706920875,0.0325883531505993,4.046256201230235e-06,0.19768161016096739,3.47112005976281e-05,3.4376467380053525e-14,3.4376467380053525e-14,1.78149870652662e-14,2.0041714483483742e-14,1.2941710129652983e-14,2.0650148258027912e-14,1.9831132014602303e-15,0.0,0.0,1.3552527156068805e-20,0.0,0.0,0.0,4.3140980453592795e-13,2.3224162089339234e-13,4.314098045562973e-13,2.3224162090435783e-13,1.0842021724855044e-19,5.421010862427522e-20,3.3055026828762196e-14,1.6527513414381098e-14,8.534287132040067e-15,2.5709581773957087e-14,8.534287132040067e-15,2.5719669501248132e-14,6.155229638864812e-10
5.926826903672969e-10,9.51959327609898e-13,1.0934428697813141e-15,4.10789148092192e-20,5.692133747367512e-20,0.0,0.0,0.0003459857743324297,0.03438445583649107,4.046063134480375e-06,0.23565466145646904,3.471133231568062e-05,5.362790622487178e-14,5.362790622487178e-14,1.650514132608887e-14,1.4900611613904508e-14,1.2941710129652983e-14,2.220446049250313e-14,2.6360642232243523e-15,0.0,0.0,1.3552527156068805e-20,0.0,0.0,0.0,4.467378533989531e-13,2.404931971803789e-13,4.4673785342997236e-13,2.4049319719707754e-13,1.0842021724855044e-19,5.421010862427522e-20,3.300928542306268e-14,1.650464271153134e-14,1.1948001984917373e-14,2.299438275554481e-14,1.1948001984917373e-14,2.2988338494766168e-14,5.926826903672969e-10
5.711355169151946e-10,9.19035347245238e-13,1.2815744444133687e-15,3.715376564528561e-20,2.924161499043354e-20,0.0,0.0,0.0003662960264776735,0.03629772013013369,4.045872125162651e-06,0.16609446922459373,3.470775485053719e-05,5.133876810365331e-14,5.133876810365331e-14,1.9616797020565924e-14,2.0022372450880653e-14,1.2941710129652983e-14,1.759703494030873e-14,1.7531417116309396e-15,0.0,0.0,2.0328790734103208e-20,0.0,0.0,0.0,4.7148282958487e-13,2.5381420499698976e-13,4.714828295763914e-13,2.538142049924255e-13,0.0,0.0,0.0,0.0,1.024114455855617e-14,1.9578474655873103e-14,1.024114455855617e-14,1.957646268642948e-14,5.711355169151946e-10
5.510993951044191e-10,8.894390350812541e-13,8.829589126839103e-16,3.504710774248187e-20,3.466764698877941e-20,0.0,0.0,0.000390876904175605,0.038576833300967193,4.045681176569888e-06,0.20497466571267395,3.470665790288926e-05,5.1852397296520986e-14,5.1852397296520986e-14,2.302306109366658e-14,1.565263324723967e-14,1.2941710129652983e-14,1.765254609153999e-14,1.7523666796258818e-15,0.0,0.0,1.3552527156068805e-20,0.0,0.0,0.0,4.762786826053644e-13,2.563959652336273e-13,4.762786826085698e-13,2.563959652353529e-13,5.421010862427522e-20,5.421010862427522e-20,1.645909067203218e-14,1.645909067203218e-14,1.194800198505022e-14,1.7023892106709463e-14,1.194800198505022e-14,1.702991968564492e-14,5.510993951044191e-10
5.323127942546554e-10,8.637482064044442e-13,9.883479487474066e-16,5.689640796719236e-20,5.492030700099496e-20,0.0,0.0,0.00042016248596813907,0.041483768686070975,4.045487435608622e-06,0.11141475037488205,3.470426605591973e-05,4.4133525551193043e-14,4.4133525551193043e-14,1.7441041755570535e-14,2.000303043569831e-14,1.2941710129652983e-14,2.1538326677728037e-14,2.3734585092441494e-15,0.0,0.0,1.3552527156068805e-20,0.0,0.0,0.0,4.849120872037347e-13,2.6104360155684517e-13,4.849120871732841e-13,2.6104360154045266e-13,5.421010862427522e-20,5.421010862427522e-20,1.64364088134612e-14,1.64364088134612e-14,1.365485941156693e-14,3.2130876589641535e-14,1.365485941156693e-14,3.2130876589641535e-14,5.323127942546554e-10
5.158945121038746e-10,8.364221068980157e-13,9.789498150196916e-16,4.328993062449983e-20,5.338331198117428e-20,0.0,0.0,0.00045529019290399135,0.04467407150973489,4.045296178771762e-06,0.09938705817863924,3.470450683064127e-05,3.6885125462427544e-14,3.6885125462427544e-14,1.750387220829084e-14,1.9993359420309306e-14,1.2941710129652983e-14,1.687538997430238e-14,1.6886574553906358e-15,0.0,0.0,6.776263578034403e-21,0.0,0.0,0.0,4.601521634785167e-13,2.477145470043486e-13,4.601521634827044e-13,2.477145470066029e-13,0.0,5.421010862427522e-20,0.0,1.641378938345575e-14,1.8775431691019644e-14,2.0713867822041798e-14,1.8775431691019644e-14,2.0705853170147026e-14,5.158945121038746e-10
4.988659472802353e-10,8.120797537883429e-13,9.036560719766055e-16,4.3123877344219895e-20,6.042657736030153e-20,0.0,0.0,0.0004985701279550678,0.048716209016832185,4.045104308464076e-06,0.12679869867487845,3.470146779332014e-05,3.5216236319667993e-14,3.5216236319667993e-14,2.0566195878648954e-14,1.3413981512064366e-14,1.2941710129652983e-14,1.815214645262131e-14,2.0089234974190416e-15,0.0,0.0,1.3552527156068805e-20,0.0,0.0,0.0,4.981397787968214e-13,2.6816448871322643e-13,4.981397787877224e-13,2.6816448870832817e-13,5.421010862427522e-20,5.421010862427522e-20,1.6391232124631518e-14,1.6391232124631518e-14,1.7068574264670815e-14,3.8581534492076987e-14,1.7068574264670815e-14,3.8579533582705967e-14,4.988659472802353e-10
4.838134049136459e-10,7.888053041666744e-13,8.706583865735264e-16,6.684587391856928e-20,8.613733832822928e-20,0.0,0.0,0.0005504675002877048,0.05396056146181194,4.0449122077945355e-06,0.16181826313154643,3.4700935640521925e-05,4.6356403021857576e-14,4.6356403021857576e-14,2.0800994930047814e-14,1.3227884744640236e-14,1.2941710129652983e-14,1.6153745008296028e-14,2.83608901882336e-15,0.0,0.0,1.3552527156068805e-20,0.0,0.0,0.0,5.203680128126175e-13,2.801306541622919e-13,5.203680127935924e-13,2.8013065415205006e-13,0.0,0.0,0.0,0.0,1.706857426478062e-14,2.7027157153582793e-14,1.706857426478062e-14,2.7015168173624086e-14,4.838134049136459e-10
4.684847690487251e-10,7.672376447085775e-13,1.134928168126152e-15,4.245316963550045e-20,5.0539478224782265e-20,0.0,0.0,0.0006202881239906055,0.06060021315535271,4.044720784534522e-06,0.04652000015852183,3.4697363211508826e-05,3.645012543996668e-14,3.645012543996668e-14,1.8045000279807502e-14,1.5623395199580233e-14,1.2941710129652983e-14,1.6486811915683575e-14,4.2936331429687145e-15,0.0,0.0,6.776263578034403e-21,0.0,0.0,0.0,4.799677495064687e-13,2.5838190729541624e-13,4.799677494911658e-13,2.583819072871782e-13,1.0842021724855044e-19,5.421010862427522e-20,3.269260619608886e-14,1.634630309804443e-14,1.1948001985424532e-14,2.728543883691831e-14,1.1948001985424532e-14,2.7295415960962817e-14,4.684847690487251e-10
4.553210503865576e-10,7.465264153381399e-13,1.149764460151469e-15,5.679543821953874e-20,5.696547963167526e-20,0.0,0.0,0.0007098715340642965,0.06893110089956381,4.044529945575088e-06,0.0749761497976424,3.469879312204568e-05,3.6540641754755e-14,3.6540641754755e-14,2.4526347633992583e-14,1.9954675277783743e-14,1.2941710129652983e-14,1.5487611193520934e-14,4.870855019248462e-15,0.0,0.0,2.0328790734103208e-20,0.0,0.0,0.0,5.236136708291656e-13,2.8187789511672447e-13,5.23613670836662e-13,2.8187789512076e-13,0.0,0.0,0.0,0.0,1.3654859412004041e-14,2.905546811507116e-14,1.3654859412004041e-14,2.905148272749623e-14,4.553210503865576e-10
4.4198295107256014e-10,7.270566309505454e-13,1.0205600981444537e-15,5.975035492063548e-20,6.655219805434876e-20,0.0,0.0,0.0008393903725717759,0.08090032119433614,4.044337831241509e-06,0.1419690881024721,3.4695165940863615e-05,3.137097340313194e-14,3.137097340313194e-14,1.8315438046845664e-14,1.9945004230390415e-14,1.2941710129652983e-14,1.6153745008296028e-14,6.3572133248507736e-15,0.0,0.0,6.776263578034403e-21,0.0,0.0,0.0,5.172855846495559e-13,2.784712850303208e-13,5.172855846370706e-13,2.7847128502359963e-13,0.0,5.421010862427522e-20,0.0,1.6301619702710475e-14,1.3654859412094997e-14,2.5334311016140944e-14,1.3654859412094997e-14,2.5326351135215286e-14,4.4198295107256014e-10
4.2992345566906233e-10,7.088436720712835e-13,1.0385185452638062e-15,4.3023937749054426e-20,4.143935404736842e-20,0.0,0.0,0.001024724620606109,0.09847408992533449,4.044147831954319e-06,0.12184518709071318,3.469294263804575e-05,4.875417420353801e-14,4.875417420353801e-14,2.1733977742450258e-14,2.357744328797568e-14,1.2941710129652983e-14,1.459943277382081e-14,7.366962985185172e-15,0.0,0.0,1.3552527156068805e-20,0.0,0.0,0.0,4.942078340890518e-13,2.6604779780218425e-13,4.942078340980991e-13,2.660477978070547e-13,5.421010862427522e-20,5.421010862427522e-20,1.6279369488143207e-14,1.6279369488143207e-14,1.5361716838709607e-14,3.079647694534956e-14,1.5361716838709607e-14,3.079647694534956e-14,4.2992345566906233e-10
4.18546843431162e-10,6.905308313086907e-13,1.0503202712244532e-15,4.6702173758319764e-20,5.999340415361172e-20,0.0,0.0,0.0013302789523427763,0.12610336222386687,4.043952920496688e-06,0.18326290376104354,3.4692342290502514e-05,5.375274590759518e-14,5.375274590759518e-14,2.1966241547058887e-14,1.4836044874603982e-14,1.2941710129652983e-14,1.2101430968414206e-14,7.973031174941799e-15,0.0,0.0,1.3552527156068805e-20,0.0,0.0,0.0,5.209003509687823e-13,2.8041722872539034e-13,5.209003509634056e-13,2.8041722872249587e-13,0.0,0.0,0.0,0.0,8.534287132673587e-15,2.44892901538223e-14,8.534287132673587e-15,2.449127469921564e-14,4.18546843431162e-10
4.0786764609975623e-10,6.74647312576491e-13,1.0906210770260937e-15,4.8421844360615933e-20,6.905966178445657e-20,0.0,0.0,0.0019235299229122635,0.1807516127961523,4.043760746241961e-06,0.08719899179874797,3.4691265663615534e-05,3.820236529545757e-14,3.820236529545757e-14,1.8686575443527974e-14,2.355344801555733e-14,1.2941710129652983e-14,1.3322676295501878e-14,9.187625567593608e-15,0.0,0.0,1.3552527156068805e-20,0.0,0.0,0.0,4.891526455994539e-13,2.6332642903308796e-13,4.891526455928364e-13,2.633264290295256e-13,5.421010862427522e-20,5.421010862427522e-20,1.6235050779947077e-14,1.6235050779947077e-14,1.3654859412369036e-14,2.4560993320091605e-14,1.3654859412369036e-14,2.4560993320091605e-14,4.0786764609975623e-10
3.9686877483520103e-10,6.588503554924716e-13,9.992007221626409e-16,4.6083574608026524e-20,5.204792190797565e-20,0.0,0.0,0.003529184339801981,0.3242346765326566,4.04357120045818e-06,0.08733917104002999,3.4688276086511424e-05,3.3680833850772637e-14,3.3680833850772637e-14,3.10709994617816e-14,1.5588314737583072e-14,1.2941710129652983e-14,1.5487611193520934e-14,9.957438404286608e-15,0.0,0.0,1.3552527156068805e-20,0.0,0.0,0.0,5.1170266572994e-13,2.7546582218368225e-13,5.117026657489716e-13,2.754658221939276e-13,0.0,0.0,0.0,0.0,1.365485941245999e-14,2.2512831842895582e-14,1.365485941245999e-14,2.251876929305195e-14,3.9686877483520103e-10
3.8879039172125143e-10,6.447668581480759e-13,9.742167503148516e-16,5.10473525609605e-20,6.572825233730039e-20,0.0,0.0,0.02306627035159064,1.5954625456179545,4.043378287229556e-06,0.17720790848989393,3.468843056989053e-05,3.7463732983048454e-14,3.7463732983048454e-14,1.851714920941237e-14,2.5541807327054623e-14,1.2941710129652983e-14,1.587618925213974e-14,1.0819389424017263e-14,0.0,0.0,2.0328790734103208e-20,0.0,0.0,0.0,5.103134409908763e-13,2.7471795831551593e-13,5.103134409908779e-13,2.747179583155168e-13,5.421010862427522e-20,0.0,1.6190972721764906e-14,0.0,8.534287132844013e-15,2.886624748608154e-14,8.534287132844013e-15,2.887612980292032e-14,3.8879039172125143e-10
3.783145650064421e-10,6.299400476633192e-13,8.741904837807691e-16,6.286331357833883e-20,4.580534135800941e-20,0.0,0.0,0.004914613724567647,0.5208402847823479,4.043186795801984e-06,0.11246251705429959,3.468791409518448e-05,2.5558578743883213e-14,2.5558578743883213e-14,2.554979287224012e-14,2.670995027338947e-14,1.2941710129652983e-14,1.3822276656583199e-14,1.1299121609990275e-14,0.0,0.0,6.776263578034403e-21,0.0,0.0,0.0,5.013235135920234e-13,2.6987839442783527e-13,5.01323513601536e-13,2.698783944329562e-13,1.0842021724855044e-19,5.421010862427522e-20,3.233804664946281e-14,1.6169023324731406e-14,1.536171683922022e-14,2.863171023742266e-14,1.536171683922022e-14,2.862578888551915e-14,3.783145650064421e-10
3.7032333451372294e-10,6.171665185323448e-13,8.968100940422724e-16,4.636296562934668e-20,6.042664971237646e-20,0.0,0.0,0.0022101291760421404,0.22430178015603228,4.04299406787529e-06,0.06768866084633698,3.468371796994221e-05,4.854926198427227e-14,4.854926198427227e-14,1.8595295998487664e-14,1.98773071439303e-14,1.2941710129652983e-14,1.4432899320127035e-14,1.2489456153412479e-14,0.0,0.0,6.776263578034403e-21,0.0,0.0,0.0,5.125917914745255e-13,2.759444668550126e-13,5.125917914765805e-13,2.7594446685611893e-13,0.0,5.421010862427522e-20,0.0,1.6147133358814217e-14,8.534287132955744e-15,3.020925979584669e-14,8.534287132955744e-15,3.0205317572201143e-14,3.7032333451372294e-10
3.6154747746221846e-10,6.032358415819251e-13,1.1892867405121382e-15,1.6336979852750078e-20,3.2603348376859284e-20,0.0,0.0,0.001405144000122638,0.14039242445942687,4.04280267870627e-06,0.11739020544414792,3.468265876494233e-05,3.727808016553623e-14,3.727808016553623e-14,1.8633358973530902e-14,1.9867636211912643e-14,1.2941710129652983e-14,1.1657341758564144e-14,1.2370595579518615e-14,0.0,0.0,1.3552527156068805e-20,0.0,0.0,0.0,5.095624617016371e-13,2.74313682275526e-13,5.095624616884152e-13,2.743136822684082e-13,5.421010862427522e-20,5.421010862427522e-20,1.6125302582962378e-14,1.6125302582962378e-14,1.3654859412817304e-14,1.6050716048273496e-14,1.3654859412817304e-14,1.604481070756405e-14,3.6154747746221846e-10
3.5223400134978496e-10,5.899996878595592e-13,9.036560719766055e-16,2.814393636936159e-20,3.879461238856232e-20,0.0,0.0,0.0010254376006368783,0.10131548949108254,4.042611999293212e-06,0.16051693380718926,3.4682153359774374e-05,3.8934220953234724e-14,3.8934220953234724e-14,2.5487658977699646e-14,1.9857965310776288e-14,1.2941710129652983e-14,1.1823875212257917e-14,1.485663800280818e-14,0.0,0.0,6.776263578034403e-21,0.0,0.0,0.0,4.995274302132985e-13,2.6891150561179676e-13,4.995274302029329e-13,2.689115056062166e-13,1.0842021724855044e-19,5.421010862427522e-20,3.2207061514853485e-14,1.6103530757426743e-14,1.5361716839517498e-14,2.1295394183584812e-14,1.5361716839517498e-14,2.1299325761944192e-14,3.5223400134978496e-10
3.4600085438115897e-10,5.798396516031788e-13,1.047382306668854e-15,5.10473525609605e-20,6.57769007598492e-20,0.0,0.0,0.00080254153011004,0.07916273676501624,4.042418548264195e-06,0.06822705199633718,3.4681072044104984e-05,3.6670626639070656e-14,3.6670626639070656e-14,1.3043384828352571e-14,2.6060267888923753e-14,1.2941710129652983e-14,1.4710455076283324e-14,1.53337014088068e-14,0.0,0.0,1.3552527156068805e-20,0.0,0.0,0.0,5.266704009750467e-13,2.8352343018859545e-13,5.266704009547807e-13,2.835234301776856e-13,0.0,5.421010862427522e-20,0.0,1.6081817643751258e-14,1.365485941299056e-14,2.635709915630727e-14,1.365485941299056e-14,2.6349246601814108e-14,3.4600085438115897e-10
3.3761726975676605e-10,5.67856066362038e-13,1.0325671005860945e-15,6.231307705393841e-20,7.249301533815184e-20,0.0,0.0,0.0006569795164768978,0.06479713827984392,4.042227878846889e-06,0.18115864639745466,3.467734810882693e-05,3.9301293234858565e-14,3.9301293234858565e-14,1.7037522105013328e-14,1.5547393749056473e-14,1.2941710129652983e-14,1.3100631690576847e-14,1.5645749965742295e-14,0.0,0.0,1.0164395367051604e-20,0.0,0.0,0.0,5.054647964556181e-13,2.721077787271876e-13,5.05464796448251e-13,2.7210777872322164e-13,0.0,0.0,0.0,0.0,8.534287133172236e-15,3.8082619357111137e-14,8.534287133172236e-15,3.8090461337931134e-14,3.3761726975676605e-10
3.3054136764399195e-10,5.572999666546955e-13,9.820925191391734e-16,5.75234536597258e-20,5.809723769562859e-20,0.0,0.0,0.0005569908453899248,0.05421779107656955,4.04203582278838e-06,0.15543936281700066,3.467511819723993e-05,4.176697847652948e-14,4.176697847652948e-14,1.8779502134653664e-14,1.9828952829711302e-14,1.2941710129652983e-14,1.4488410471358293e-14,1.681091223327235e-14,0.0,0.0,6.776263578034403e-21,0.0,0.0,0.0,5.002586149019921e-13,2.6930512558864735e-13,5.002586149155889e-13,2.693051255959669e-13,1.6263032587282567e-19,5.421010862427522e-20,4.8115699813708533e-14,1.603856660456951e-14,1.3654859413159463e-14,4.607429340000075e-14,1.3654859413159463e-14,4.6080166976688806e-14,3.3054136764399195e-10
3.2483127005911294e-10,5.471399843886084e-13,9.453208419344607e-16,3.911054823038845e-20,4.5122084082175094e-20,0.0,0.0,0.0004814201840678683,0.04677458126311072,4.041844376759582e-06,0.12215019582066634,3.4675879478927594e-05,5.287019623368281e-14,5.287019623368281e-14,1.9675597177557767e-14,1.3153293465581375e-14,1.2941710129652983e-14,1.4876988529977098e-14,1.7933919740191826e-14,0.0,0.0,6.776263578034403e-21,0.0,0.0,0.0,4.804244008593246e-13,2.5862773724470294e-13,4.804244008903181e-13,2.5862773726138766e-13,0.0,5.421010862427522e-20,0.0,1.6017028208538396e-14,1.3654859413242204e-14,1.966569999779631e-14,1.3654859413242204e-14,1.966569999779631e-14,3.2483127005911294e-10
3.1774081983506067e-10,5.358164866996483e-13,8.706583865735264e-16,4.289032271287734e-20,4.6889993869990464e-20,0.0,0.0,0.00042143635303170133,0.041046578681518696,4.041650905546505e-06,0.2009749828699739,3.467468218446577e-05,2.67161575631101e-14,2.67161575631101e-14,2.6175660084246937e-14,1.5529858033204334e-14,1.2941710129652983e-14,1.0824674490095276e-14,1.709382657651116e-14,0.0,0.0,1.3552527156068805e-20,0.0,0.0,0.0,4.883558097982159e-13,2.628974669739981e-13,4.883558097928393e-13,2.628974669711037e-13,5.421010862427522e-20,5.421010862427522e-20,1.5995547583300636e-14,1.5995547583300636e-14,5.1205722799964106e-15,2.647540497829259e-14,5.1205722799964106e-15,2.6479310193275742e-14,3.1774081983506067e-10
3.119144662749859e-10,5.276259818956553e-13,7.385278330912554e-16,4.595885563886244e-20,5.310258960777426e-20,0.0,0.0,0.0003750803671878993,0.03663398771952383,4.0414600861193355e-06,0.14194506529834588,3.467109685806979e-05,3.998934195538635e-14,3.998934195538635e-14,2.5000594040006e-14,1.475977932347969e-14,1.2941710129652983e-14,1.5487611193520934e-14,1.8636686353665315e-14,0.0,0.0,6.776263578034403e-21,0.0,0.0,0.0,4.891461658743082e-13,2.633229407909221e-13,4.89146165899227e-13,2.6332294080433665e-13,5.421010862427522e-20,5.421010862427522e-20,1.5974124496736245e-14,1.5974124496736245e-14,5.120572280026547e-15,3.506671223751181e-14,5.120572280026547e-15,3.5064762245172515e-14,3.119144662749859e-10
3.058992155941926e-10,5.168215179951633e-13,1.1157603309187458e-15,7.643973732982205e-20,7.65959116768749e-20,0.0,0.0,0.0003362901015650967,0.03272135504378007,4.041266259887946e-06,0.17409363128601235,3.466942396482339e-05,5.926887384677193e-14,5.926887384677193e-14,1.8916951542795098e-14,1.5518168135548898e-14,1.2941710129652983e-14,1.071365218763276e-14,1.7848332933408434e-14,0.0,0.0,1.3552527156068805e-20,0.0,0.0,0.0,4.76454978722513e-13,2.5649087104145276e-13,4.764549787148099e-13,2.564908710373059e-13,1.0842021724855044e-19,5.421010862427522e-20,3.190551743593425e-14,1.5952758717967124e-14,5.1205722800562354e-15,3.0071506548824004e-14,5.1205722800562354e-15,3.0065664396275986e-14,3.058992155941926e-10
3.009010548318091e-10,5.09026729539795e-13,7.2377686124476805e-16,3.9257030197167105e-20,3.0956529454629045e-20,0.0,0.0,0.0003054865063919746,0.029704374964327516,4.041074151414266e-06,0.1768672945225422,3.466702268000692e-05,4.031234093029402e-14,4.031234093029402e-14,2.1808785638979215e-14,1.4748049051625353e-14,1.2941710129652983e-14,1.1213252548714081e-14,1.8609781874425805e-14,0.0,0.0,1.3552527156068805e-20,0.0,0.0,0.0,4.743952609094396e-13,2.5538205942321477e-13,4.743952608935681e-13,2.5538205941467064e-13,0.0,0.0,0.0,0.0,1.536171684025641e-14,2.444397744757033e-14,1.536171684025641e-14,2.444786701355769e-14,3.009010548318091e-10
2.9450801019718675e-10,4.997531414164407e-13,9.46949302817578e-16,7.455814762192932e-20,7.983971912546772e-20,0.0,0.0,0.00027663924917536206,0.027031841968653214,4.040882943546009e-06,0.11228871985861726,3.4667199262230046e-05,2.6764485400842167e-14,2.6764485400842167e-14,2.6706359983786027e-14,1.5506478688203527e-14,1.2941710129652983e-14,1.1046719095020308e-14,1.8498919857396707e-14,0.0,0.0,1.3552527156068805e-20,0.0,0.0,0.0,4.583377745787458e-13,2.467378037440357e-13,4.583377745952377e-13,2.4673780375291385e-13,0.0,5.421010862427522e-20,0.0,1.5910198166461844e-14,6.827429706819014e-15,3.8707821676584467e-14,6.827429706819014e-15,3.870005292160673e-14,2.9450801019718675e-10
2.897859054831178e-10,4.9141229304728e-13,9.757969893912614e-16,3.95120669503109e-20,5.46797223034218e-20,0.0,0.0,0.00025554105455488386,0.02483736491295882,4.040690184706138e-06,0.24478139835036056,3.466481956900985e-05,5.1960422987790913e-14,5.1960422987790913e-14,1.9015067847236356e-14,1.9761258746584085e-14,1.2941710129652983e-14,9.71445146547012e-15,1.8839140989646524e-14,0.0,0.0,1.3552527156068805e-20,0.0,0.0,0.0,4.664035640787063e-13,2.5107987480398834e-13,4.664035640580267e-13,2.510798747928559e-13,0.0,5.421010862427522e-20,0.0,1.5889002938104467e-14,1.3654859413713613e-14,2.6896452713641758e-14,1.3654859413713613e-14,2.6904211119270556e-14,2.897859054831178e-10
2.843227655108679e-10,4.827787429440077e-13,7.570711667007543e-16,5.182845032046823e-20,5.996047077049272e-20,0.0,0.0,0.0002364101560596332,0.022753459198591897,4.040497167664462e-06,0.087598897469639,3.466366039400605e-05,3.8103573885355056e-14,3.8103573885355056e-14,2.0190542163695397e-14,1.3911352820297103e-14,1.2941710129652983e-14,9.492406860545088e-15,1.9086843370505246e-14,0.0,0.0,1.3552527156068805e-20,0.0,0.0,0.0,4.401132829455906e-13,2.3692698017827266e-13,4.401132829373705e-13,2.369269801738475e-13,0.0,5.421010862427522e-20,0.0,1.5867864106283667e-14,1.706857426723502e-14,2.426312447467394e-14,1.706857426723502e-14,2.4274746600400272e-14,2.843227655108679e-10
2.793100487835862e-10,4.757332897825997e-13,9.104505742017336e-16,6.490726759191028e-20,7.395582233392767e-20,0.0,0.0,0.00021941569376793341,0.0212835482957389,4.040302762670786e-06,0.10268883415124769,3.466138876477832e-05,4.2523171089864606e-14,4.2523171089864606e-14,1.940676412492089e-14,1.9741918122483556e-14,1.2941710129652983e-14,1.0047518372857667e-14,1.943672285024521e-14,0.0,0.0,2.710505431213761e-20,0.0,0.0,0.0,4.550119196207117e-13,2.449473902249428e-13,4.55011919611044e-13,2.4494739021973834e-13,1.6263032587282567e-19,5.421010862427522e-20,4.754034433862269e-14,1.584678144620756e-14,1.5361716840593918e-14,2.9482912191820734e-14,1.5361716840593918e-14,2.9469371060310814e-14,2.793100487835862e-10
2.75648616002821e-10,4.688904052100988e-13,8.196123257993793e-16,5.682069747727828e-20,6.380183957764396e-20,0.0,0.0,0.00020529591036212713,0.02007992232022555,4.040110401101113e-06,0.2589319006096061,3.4660767013259306e-05,5.5602150719007836e-14,5.5602150719007836e-14,1.910939280787191e-14,1.4718726219227716e-14,1.2941710129652983e-14,1.071365218763276e-14,2.005241864008275e-14,0.0,0.0,2.0328790734103208e-20,0.0,0.0,0.0,4.349898611995029e-13,2.34168879276714e-13,4.3498986119288547e-13,2.3416887927315164e-13,0.0,0.0,0.0,0.0,1.5361716840675048e-14,1.9654953147281386e-14,1.5361716840675048e-14,1.9649157505504126e-14,2.75648616002821e-10
2.707811880917066e-10,4.625584550682053e-13,8.491573300505515e-16,5.2597949786655044e-20,5.269135887594847e-20,0.0,0.0,0.00019296870150013878,0.018846804465597698,4.03991687509521e-06,0.20227176330080593,3.4657217779034305e-05,5.4810575791352847e-14,5.4810575791352847e-14,1.9140054780990586e-14,1.9722577776597217e-14,1.2941710129652983e-14,1.2156942119645464e-14,1.983880654977994e-14,0.0,0.0,1.3552527156068805e-20,0.0,0.0,0.0,4.3999134066695316e-13,2.368613347707076e-13,4.399913406735706e-13,2.3686133477427e-13,5.421010862427522e-20,0.0,1.5804783748079403e-14,0.0,1.0241144560503273e-14,3.2321908494570026e-14,1.0241144560503273e-14,3.2327696456456476e-14,2.707811880917066e-10
2.6650948505602037e-10,4.546063115816941e-13,8.326672684688674e-16,4.3157139113410416e-20,4.917756248054492e-20,0.0,0.0,0.00018033078882053236,0.017510859644151073,4.039726004445712e-06,0.15526570310048154,3.465563116800314e-05,3.8349961917039944e-14,3.8349961917039944e-14,2.7174007588597584e-14,1.547141294581311e-14,1.2941710129652983e-14,1.0380585280245214e-14,2.4370649068960884e-14,0.0,0.0,6.776263578034403e-21,0.0,0.0,0.0,4.444857171980949e-13,2.3928080062318277e-13,4.4448571718579057e-13,2.3928080061655897e-13,0.0,0.0,0.0,0.0,1.706857426759279e-14,1.58939046187015e-14,1.706857426759279e-14,1.5899684921023734e-14,2.6650948505602037e-10
2.626155575106184e-10,4.4852703439735267e-13,8.063460480619538e-16,4.743384504624082e-20,7.289505223821159e-20,0.0,0.0,0.00016908167088370998,0.01618536447823964,4.0395324213303765e-06,0.11883840041070569,3.465383917848919e-05,2.765598305701929e-14,2.765598305701929e-14,2.7600409533984518e-14,1.4701134346749438e-14,1.2941710129652983e-14,1.0769163338864018e-14,2.4359722107500514e-14,0.0,0.0,1.3552527156068805e-20,0.0,0.0,0.0,4.470517302833105e-13,2.406621670916275e-13,4.470517302879634e-13,2.406621670941323e-13,5.421010862427522e-20,0.0,1.5763008069104766e-14,0.0,1.0241144560607273e-14,2.4091246936762475e-14,1.0241144560607273e-14,2.408355005275712e-14,2.626155575106184e-10
2.57152382692782e-10,4.4150415756074423e-13,6.911082593979286e-16,6.430759820087003e-20,7.656171436144096e-20,0.0,0.0,0.00016062317852624623,0.015376829735655028,4.039338313698896e-06,0.10922377520699793,3.465272308059227e-05,5.539218382235325e-14,5.539218382235325e-14,2.0718163120401608e-14,1.9693567818065707e-14,1.2941710129652983e-14,1.1379786002407855e-14,2.5012946128737318e-14,0.0,0.0,2.0328790734103208e-20,0.0,0.0,0.0,4.444519664280495e-13,2.392626315100578e-13,4.444519664373553e-13,2.392626315150674e-13,1.0842021724855044e-19,5.421010862427522e-20,3.1484405874712926e-14,1.5742202937356463e-14,1.1948001987434434e-14,2.487039917594721e-14,1.1948001987434434e-14,2.4864634132095575e-14,2.57152382692782e-10
2.5399947700893523e-10,4.35287045717719e-13,7.928578270080922e-16,2.0609201093946104e-20,4.358130587839263e-20,0.0,0.0,0.00015116412922271303,0.014473489165453116,4.039146408308335e-06,0.12724979456811872,3.464970377883877e-05,3.4735329035885094e-14,3.4735329035885094e-14,1.925912126844164e-14,2.617607344388436e-14,1.2941710129652983e-14,1.0880185641326534e-14,2.4899589993412284e-14,0.0,0.0,1.3552527156068805e-20,0.0,0.0,0.0,4.290735723224347e-13,2.3098395277750695e-13,4.2907357230640806e-13,2.309839527688793e-13,5.421010862427522e-20,5.421010862427522e-20,1.5721452653381828e-14,1.5721452653381828e-14,1.7068574267846867e-14,2.179576680903895e-14,1.7068574267846867e-14,2.1791928512515386e-14,2.5399947700893523e-10
2.5045425654953933e-10,4.298473655484871e-13,8.617648093045562e-16,3.7269449679189215e-20,5.522694864828145e-20,0.0,0.0,0.0001438339321017234,0.01397966575733032,4.03895460345376e-06,0.21453000921712392,3.4649960112352563e-05,3.484114066050455e-14,3.484114066050455e-14,1.5723194908056886e-14,2.511886331812522e-14,1.2941710129652983e-14,1.0047518372857667e-14,2.509258169191956e-14,0.0,0.0,2.0328790734103208e-20,0.0,0.0,0.0,4.3966284084305387e-13,2.3668449286594984e-13,4.396628408408825e-13,2.366844928647809e-13,1.0842021724855044e-19,5.421010862427522e-20,3.1401514001153475e-14,1.5700757000576737e-14,6.827429707171593e-15,3.01273797813615e-14,6.827429707171593e-15,3.013887951281313e-14,2.5045425654953933e-10
2.4680732175828784e-10,4.2391675348996383e-13,7.065416064076988e-16,4.755469580273365e-20,6.120593163967579e-20,0.0,0.0,0.00013565168909198425,0.012939467771171543,4.03876010755656e-06,0.189380394298033,3.464868867990641e-05,3.4946038924026484e-14,3.4946038924026484e-14,1.518905106734327e-14,1.966455858132463e-14,1.2941710129652983e-14,1.149080830487037e-14,3.313222816938501e-14,0.0,0.0,1.3552527156068805e-20,0.0,0.0,0.0,4.687412522523571e-13,2.5233832670954075e-13,4.687412522452226e-13,2.523383267057001e-13,0.0,5.421010862427522e-20,0.0,1.568011576347613e-14,1.1948001987606906e-14,1.3035035968718098e-14,1.1948001987606906e-14,1.3033121866520048e-14,2.4680732175828784e-10
2.427390114829242e-10,4.1787212903095536e-13,9.28879225241625e-16,1.9240889893320997e-20,2.3588157759991735e-20,0.0,0.0,0.00012950460664561526,0.012323397829276531,4.03856554561765e-06,0.1590843234634777,3.464525374048606e-05,4.3062815113389e-14,4.3062815113389e-14,2.0743845650977278e-14,1.5436350935569103e-14,1.2941710129652983e-14,9.270362255620057e-15,3.2903153061397206e-14,0.0,0.0,1.3552527156068805e-20,0.0,0.0,0.0,4.2816838098940333e-13,2.3049665948887165e-13,4.28168380986198e-13,2.3049665948714615e-13,5.421010862427522e-20,0.0,1.5659528727746493e-14,0.0,1.5361716841280596e-14,2.480286862375486e-14,1.5361716841280596e-14,2.480478021285881e-14,2.427390114829242e-10
2.3933907945284697e-10,4.117320276946554e-13,9.820925191391734e-16,5.3997935173636234e-20,7.205874969422374e-20,0.0,0.0,0.00012368537942521716,0.01174025146758811,4.0383719867578505e-06,0.14489728727924267,3.464406103241114e-05,3.6470938824478325e-14,3.6470938824478325e-14,1.44520085540956e-14,1.320739834072491e-14,1.2941710129652983e-14,7.494005416219807e-15,3.3051477461898054e-14,0.0,0.0,6.776263578034403e-21,0.0,0.0,0.0,4.2639169420830666e-13,2.295402124783421e-13,4.263916942064455e-13,2.295402124773402e-13,0.0,0.0,0.0,0.0,1.536171684135125e-14,1.9291279675829676e-14,1.536171684135125e-14,1.9287461510629114e-14,2.3933907945284697e-10
2.366511167516117e-10,4.0694886871441074e-13,7.751710408992441e-16,5.661830788503733e-20,6.232954077239112e-20,0.0,0.0,0.00011778101189638229,0.011295552448748261,4.038178998500681e-06,0.2929009367676928,3.4643541296495853e-05,4.3625412624292484e-14,4.3625412624292484e-14,1.9400648077702176e-14,1.3201494857416978e-14,1.2941710129652983e-14,1.0602629885170245e-14,3.380087669581238e-14,0.0,0.0,2.0328790734103208e-20,0.0,0.0,0.0,4.260425903737394e-13,2.293522787792296e-13,4.2604259037952966e-13,2.293522787823467e-13,5.421010862427522e-20,5.421010862427522e-20,1.561851640867952e-14,1.561851640867952e-14,1.1948001987771805e-14,3.5969588485225486e-14,1.1948001987771805e-14,3.5971495067886636e-14,2.366511167516117e-10
2.3226313306628265e-10,4.0117380533177996e-13,8.581815721242673e-16,2.5858793599090686e-20,3.6009039516106554e-20,0.0,0.0,0.0001120914228172222,0.010647613998635643,4.0379854691457115e-06,0.13563604375829014,3.4641286880564195e-05,2.9485990044042564e-14,2.9485990044042564e-14,1.9428069084449494e-14,2.6391182770742856e-14,1.2941710129652983e-14,8.826273045769994e-15,3.362269771795519e-14,0.0,0.0,1.3552527156068805e-20,0.0,0.0,0.0,4.2443973418958573e-13,2.2848941030857084e-13,4.2443973419847793e-13,2.284894103133578e-13,1.0842021724855044e-19,1.0842021724855044e-19,3.11961814045331e-14,3.11961814045331e-14,1.3654859414657348e-14,2.5819450376451926e-14,1.3654859414657348e-14,2.5823258554973528e-14,2.3226313306628265e-10
2.3022901692747408e-10,3.972682017367651e-13,7.043575467574348e-16,3.4218453735000765e-20,4.278864602376319e-20,0.0,0.0,0.00010697372383556465,0.010098933027912763,4.037789949343284e-06,0.2022127326542103,3.463875310366607e-05,2.840765673387441e-14,2.840765673387441e-14,2.83943787274815e-14,1.4648366209386924e-14,1.2941710129652983e-14,9.936496070395151e-15,3.3953716752714336e-14,0.0,0.0,1.3552527156068805e-20,0.0,0.0,0.0,4.2027533449681667e-13,2.2624758148472935e-13,4.2027533450219334e-13,2.262475814876238e-13,5.421010862427522e-20,5.421010862427522e-20,1.5577718351058734e-14,1.5577718351058734e-14,1.7068574268396854e-14,1.3600260176096029e-14,1.7068574268396854e-14,1.360406338084326e-14,2.3022901692747408e-10
2.2613162707631616e-10,3.917916886210528e-13,6.030054506389723e-16,5.515478954935336e-20,5.534241937598961e-20,0.0,0.0,0.0001032558071357263,0.009876841907897095,4.037596792718345e-06,0.15074753756160592,3.463761467956184e-05,4.1925690885906464e-14,4.1925690885906464e-14,1.47013204534707e-14,1.464250373445359e-14,1.2941710129652983e-14,8.992806499463768e-15,3.3745072769890087e-14,0.0,0.0,6.776263578034403e-21,0.0,0.0,0.0,4.357016644213312e-13,2.345520655934277e-13,4.3570166442763845e-13,2.3455206559682313e-13,5.421010862427522e-20,1.0842021724855044e-19,1.5557399146270286e-14,3.111479829254057e-14,1.1948001987929673e-14,3.591809389627295e-14,1.1948001987929673e-14,3.591049740837652e-14,2.2613162707631616e-10
2.2309492942087376e-10,3.8768927612539616e-13,8.214900197283516e-16,5.72985077261894e-20,4.429517071206672e-20,0.0,0.0,9.91079615358847e-05,0.009392541992092154,4.037402547544423e-06,0.09208734741882389,3.4635914116653855e-05,5.3485618650165654e-14,5.3485618650165654e-14,1.2576156700116448e-14,2.927328276722877e-14,1.2941710129652983e-14,1.1046719095020308e-14,3.418760174866632e-14,0.0,0.0,6.776263578034403e-21,0.0,0.0,0.0,4.206261417624611e-13,2.264364321949767e-13,4.2062614176401204e-13,2.2643643219581164e-13,1.0842021724855044e-19,0.0,3.107426576040675e-14,0.0,1.0241144561126436e-14,3.2280949588371283e-14,1.0241144561126436e-14,3.226956970014976e-14,2.2309492942087376e-10
2.212206359158994e-10,3.821635322136736e-13,6.730369402342474e-16,3.541367665757917e-20,3.317771588237451e-20,0.0,0.0,9.445099100241666e-05,0.00896520111084992,4.037208406928031e-06,0.21166961013390156,3.46361189575608e-05,3.605006153770552e-14,3.605006153770552e-14,1.5261523250135234e-14,1.539544975471293e-14,1.2941710129652983e-14,7.549516567451064e-15,3.375533299079267e-14,0.0,0.0,1.3552527156068805e-20,0.0,0.0,0.0,4.2649150625015923e-13,2.2959394447548373e-13,4.2649150624602333e-13,2.2959394447325725e-13,0.0,0.0,0.0,0.0,1.8775431695477762e-14,2.0805679016572422e-14,1.8775431695477762e-14,2.0813255738719754e-14,2.212206359158994e-10
2.1784974027488546e-10,3.788448020299813e-13,6.707437923744493e-16,5.005384230566319e-20,6.451382261156101e-20,0.0,0.0,9.114825851930415e-05,0.008579863075396658,4.037013689755132e-06,0.10118069705136375,3.4631863198517494e-05,5.872012595715685e-14,5.872012595715685e-14,2.4324633177712492e-14,1.957753567277863e-14,1.2941710129652983e-14,1.099120794378905e-14,3.424824450349246e-14,0.0,0.0,1.3552527156068805e-20,0.0,0.0,0.0,4.023966713665765e-13,2.166229284028628e-13,4.023966713820861e-13,2.1662292841121215e-13,0.0,0.0,0.0,0.0,1.1948001988081103e-14,4.159134380033241e-14,1.1948001988081103e-14,4.1593235519781164e-14,2.1784974027488546e-10
2.1507457552807363e-10,3.7294430661456505e-13,6.684427777288335e-16,3.109891588004066e-20,3.702069850506511e-20,0.0,0.0,8.852914750028167e-05,0.008350714947680648,4.036821081352759e-06,0.21638013822379065,3.463076103492668e-05,3.9227288132224766e-14,3.9227288132224766e-14,2.466038445554044e-14,2.60642238324833e-14,1.2941710129652983e-14,7.993605777301127e-15,3.414136973956423e-14,0.0,0.0,1.3552527156068805e-20,0.0,0.0,0.0,4.129293862236522e-13,2.222930238552525e-13,4.129293862128989e-13,2.2229302384946365e-13,5.421010862427522e-20,5.421010862427522e-20,1.54766496535238e-14,1.54766496535238e-14,6.8274297075029806e-15,2.068555972285003e-14,6.8274297075029806e-15,2.0689338252345484e-14,2.1507457552807363e-10
2.121541069044983e-10,3.6850454247811075e-13,1.0160208906275295e-15,5.1634283647947345e-20,4.718959973083404e-20,0.0,0.0,8.443160868930781e-05,0.007963162257714986,4.036625417927054e-06,0.18340800181063233,3.4629646464482596e-05,4.3273518955339415e-14,4.3273518955339415e-14,3.398150701335204e-14,1.4613193198158533e-14,1.2941710129652983e-14,9.048317650695026e-15,3.444071811158267e-14,0.0,0.0,1.3552527156068805e-20,0.0,0.0,0.0,4.1788641531487886e-13,2.249615502977616e-13,4.178864153010236e-13,2.2496155029030288e-13,1.0842021724855044e-19,1.0842021724855044e-19,3.091318617375266e-14,3.091318617375266e-14,8.534287134413354e-15,2.4817296226436413e-14,8.534287134413354e-15,2.4821069859254244e-14,2.121541069044983e-10
2.100037314317492e-10,3.654361822819381e-13,8.063460480619538e-16,4.2990572922206714e-20,5.114007214999714e-20,0.0,0.0,8.136738211263737e-05,0.007591234650439414,4.036430564936109e-06,0.14330378172008512,3.462660556286134e-05,4.2354846534820654e-14,4.2354846534820654e-14,2.952097817476952e-14,1.5372079754481776e-14,1.2941710129652983e-14,8.826273045769994e-15,3.429322941376492e-14,0.0,0.0,6.776263578034403e-21,0.0,0.0,0.0,4.111961899580386e-13,2.2135998917263644e-13,4.111961899541095e-13,2.213599891705213e-13,5.421010862427522e-20,5.421010862427522e-20,1.5436588436534162e-14,1.5436588436534162e-14,1.1948001988226551e-14,2.7598547573925916e-14,1.1948001988226551e-14,2.760043194833353e-14,2.100037314317492e-10
2.0772258264442647e-10,3.6078015540270936e-13,6.614917107302101e-16,3.289280983910213e-20,2.957300072975666e-20,0.0,0.0,7.917806123256776e-05,0.007610701940479003,4.036235966923885e-06,0.10994360644595916,3.4624847595910104e-05,5.1495164114596216e-14,5.1495164114596216e-14,1.966320827588299e-14,1.3781948597794648e-14,1.2941710129652983e-14,8.659739592076221e-15,3.407484958418954e-14,0.0,0.0,1.3552527156068805e-20,0.0,0.0,0.0,3.9138849958029016e-13,2.106968793612328e-13,3.913884995519592e-13,2.1069687934598136e-13,0.0,0.0,0.0,0.0,1.1948001988273795e-14,1.4477754567229972e-14,1.1948001988273795e-14,1.448340038338774e-14,2.0772258264442647e-10
2.0523800980325758e-10,3.5699438014521783e-13,7.791361360319881e-16,4.190887571889255e-20,4.9344556538073066e-20,0.0,0.0,7.579682117895275e-05,0.007242756844092922,4.036041909123338e-06,0.2270814021168913,3.4623060248378013e-05,4.358168530453535e-14,4.358168530453535e-14,2.1321546196375576e-14,1.9529193011478444e-14,1.2941710129652983e-14,7.93809462606987e-15,3.436364113561312e-14,0.0,0.0,1.3552527156068805e-20,0.0,0.0,0.0,3.8442201075372726e-13,2.0694659682243614e-13,3.844220107688233e-13,2.0694659683056282e-13,0.0,5.421010862427522e-20,0.0,1.539673408053717e-14,1.7068574269029193e-14,2.289242351012445e-14,1.7068574269029193e-14,2.2890544000805062e-14,2.0523800980325758e-10
2.0236112102076025e-10,3.539041167453135e-13,8.214900197283516e-16,4.770532872924386e-20,4.975668532359659e-20,0.0,0.0,7.379508767093547e-05,0.007023541661939299,4.035846359114749e-06,0.22576904671785172,3.462255980555397e-05,5.2960269411694444e-14,5.2960269411694444e-14,3.641862235129036e-14,2.5657140740538825e-14,1.2941710129652983e-14,8.604228440844963e-15,3.464202247098644e-14,0.0,0.0,6.776263578034403e-21,0.0,0.0,0.0,4.0391871002865193e-13,2.1744229023058802e-13,4.039187100298927e-13,2.1744229023125593e-13,1.0842021724855044e-19,1.0842021724855044e-19,3.075376795072036e-14,3.075376795072036e-14,1.3654859415276017e-14,1.7693414367422975e-14,1.3654859415276017e-14,1.768215185032086e-14,2.0236112102076025e-10
1.9929533778738737e-10,3.489844317191194e-13,8.363598243587769e-16,3.5896612729710505e-20,2.715104265715606e-20,0.0,0.0,7.139880064786404e-05,0.00677240844552527,4.035649329067099e-06,0.2132091873017234,3.4619062019640314e-05,4.1031187146479016e-14,4.1031187146479016e-14,2.681347561536874e-14,1.9509856671934835e-14,1.2941710129652983e-14,9.2148511043888e-15,3.456556734399112e-14,0.0,0.0,6.776263578034403e-21,0.0,0.0,0.0,3.866579973863616e-13,2.0815029955334107e-13,3.8665799737602184e-13,2.0815029954777487e-13,5.421010862427522e-20,1.0842021724855044e-19,1.5357084987430787e-14,3.0714169974861574e-14,1.1948001988412044e-14,2.904425127832021e-14,1.1948001988412044e-14,2.903112859330452e-14,1.9929533778738737e-10
1.9832189203661825e-10,3.467365680925436e-13,6.955527313080394e-16,5.2842909222088824e-20,7.018927178012632e-20,0.0,0.0,6.893067467306949e-05,0.006552510177512083,4.035454847508354e-06,0.13253094196429221,3.461836011626944e-05,3.307535852300481e-14,3.307535852300481e-14,2.018244822094459e-14,1.9500188662074492e-14,1.2941710129652983e-14,1.1379786002407855e-14,2.5578284378471417e-14,0.0,0.0,1.3552527156068805e-20,0.0,0.0,0.0,3.8886454267018954e-13,2.0933815306965616e-13,3.888645426892147e-13,2.0933815307989802e-13,1.0842021724855044e-19,5.421010862427522e-20,3.067467383910016e-14,1.533733691955008e-14,1.1948001988457001e-14,3.7145610785253526e-14,1.1948001988457001e-14,3.715122756107791e-14,1.9832189203661825e-10
1.9586637015411624e-10,3.4211712104099304e-13,8.741904837807691e-16,4.289032271287734e-20,5.354195758794825e-20,0.0,0.0,6.700028798745687e-05,0.006350867338132664,4.035261657397531e-06,0.11455790293979864,3.4616795710856284e-05,4.048482153249051e-14,4.048482153249051e-14,1.9926536552359587e-14,1.9490520759234235e-14,1.2941710129652983e-14,8.881784197001252e-15,2.4696260731361717e-14,0.0,0.0,2.0328790734103208e-20,0.0,0.0,0.0,4.0982186288702736e-13,2.2062014519307583e-13,4.0982186287441285e-13,2.2062014518628504e-13,1.0842021724855044e-19,5.421010862427522e-20,3.063527915106434e-14,1.531763957553217e-14,1.536171684235901e-14,2.1275200180190183e-14,1.536171684235901e-14,2.126772076370919e-14,1.9586637015411624e-10
1.944134264348861e-10,3.389956381440708e-13,4.871083751574258e-16,4.404571325722362e-20,6.021981656458187e-20,0.0,0.0,6.40478278467044e-05,0.006037522702082471,4.035064141896379e-06,0.1336222572334245,3.46168100580338e-05,3.366493677377768e-14,3.366493677377768e-14,2.1376338450420688e-14,2.4144655320361655e-14,1.2941710129652983e-14,7.438494264988549e-15,2.3875726743118065e-14,0.0,0.0,6.776263578034403e-21,0.0,0.0,0.0,3.81489859656558e-13,2.0536812661533588e-13,3.8148985964518427e-13,2.0536812660921303e-13,0.0,5.421010862427522e-20,0.0,1.5297992760197686e-14,1.3654859415480433e-14,3.40735985358209e-14,1.3654859415480433e-14,3.406799616841941e-14,1.944134264348861e-10
1.9085360845954743e-10,3.3540193130060657e-13,7.570711667007543e-16,3.0351685634159585e-20,5.395476788351843e-20,0.0,0.0,6.282327783681107e-05,0.005820515348336373,4.034868139246565e-06,0.12200205961245505,3.461321227838028e-05,2.0006836148754415e-14,2.0006836148754415e-14,1.5542745857152436e-14,1.9471185280940394e-14,1.2941710129652983e-14,7.93809462606987e-15,2.35413143135265e-14,0.0,0.0,1.3552527156068805e-20,0.0,0.0,0.0,3.7385105711471027e-13,2.0125591621735637e-13,3.738510571091268e-13,2.0125591621435062e-13,0.0,0.0,0.0,0.0,1.1948001988588791e-14,2.04690732861407e-14,1.1948001988588791e-14,2.04690732861407e-14,1.9085360845954743e-10
1.8982203563414531e-10,3.3086727270847956e-13,5.848462687947774e-16,5.861076290375223e-20,7.528487863745874e-20,0.0,0.0,6.125180553221541e-05,0.005762042977377429,4.0346733948012215e-06,0.25914274760963063,3.461079324072888e-05,4.009062201835774e-14,4.009062201835774e-14,2.0042435648785764e-14,1.9461517706783236e-14,1.2941710129652983e-14,8.93729534823251e-15,2.31768723704017e-14,0.0,0.0,6.776263578034403e-21,0.0,0.0,0.0,3.702360045885977e-13,1.993098184480144e-13,3.702360045797055e-13,1.9930981844322745e-13,5.421010862427522e-20,5.421010862427522e-20,1.525884993985559e-14,1.525884993985559e-14,1.1948001988631729e-14,2.854367109288092e-14,1.1948001988631729e-14,2.854367109288092e-14,1.8982203563414531e-10
1.8796224209558116e-10,3.2934133531007296e-13,7.343435057440258e-16,2.9390944791484754e-20,3.3188659790132144e-20,0.0,0.0,5.8285005772505366e-05,0.005480547140638842,4.034477382956135e-06,0.24103043619805609,3.461026642423395e-05,4.016729836564138e-14,4.016729836564138e-14,2.1449977563309723e-14,1.2976196076153491e-14,1.2941710129652983e-14,8.881784197001252e-15,2.2014608204857694e-14,0.0,0.0,2.0328790734103208e-20,0.0,0.0,0.0,3.5637790896121597e-13,1.9184956474687138e-13,3.563779089634907e-13,1.9184956474809592e-13,5.421010862427522e-20,5.421010862427522e-20,1.523935354946416e-14,1.523935354946416e-14,5.120572280860366e-15,2.2903984217988538e-14,5.120572280860366e-15,2.2905844515602082e-14,1.8796224209558116e-10
1.8646570110586283e-10,3.263301012242201e-13,8.214900197283516e-16,5.0934789353282415e-20,6.524732783119831e-20,0.0,0.0,5.803515462219927e-05,0.005464276447156387,4.034282198677788e-06,0.25431897625084776,3.460793059897315e-05,3.6633051134324714e-14,3.6633051134324714e-14,1.9903468368335688e-14,1.5307819890573214e-14,1.2941710129652983e-14,8.659739592076221e-15,2.2115701144932257e-14,0.0,0.0,1.3552527156068805e-20,0.0,0.0,0.0,3.88832860182498e-13,2.093210973787151e-13,3.8883286017732814e-13,2.09321097375932e-13,0.0,5.421010862427522e-20,0.0,1.5219906916975853e-14,8.534287134797269e-15,2.1537051883516688e-14,8.534287134797269e-15,2.15314781123253e-14,1.8646570110586283e-10
1.8318194681160755e-10,3.2210692175701707e-13,7.32242375526988e-16,3.715376564528561e-20,3.080248553695681e-20,0.0,0.0,5.574364509683135e-05,0.005187556370578836,4.034084010418444e-06,0.14753540923551692,3.460735614336806e-05,3.7250892518782866e-14,3.7250892518782866e-14,1.8621313346949897e-14,1.530197863011337e-14,1.2941710129652983e-14,9.159339953157541e-15,2.1802842994976324e-14,0.0,0.0,2.710505431213761e-20,0.0,0.0,0.0,3.832958552821437e-13,2.0634035150916645e-13,3.832958552931038e-13,2.0634035151506662e-13,5.421010862427522e-20,1.0842021724855044e-19,1.520050985214825e-14,3.04010197042965e-14,1.8775431696619282e-14,1.4664458263382026e-14,1.8775431696619282e-14,1.466074715158565e-14,1.8318194681160755e-10
1.8188882480628916e-10,3.192763229268044e-13,8.005932084973442e-16,3.049318610115481e-20,4.5634237247344646e-20,0.0,0.0,5.4205487275831786e-05,0.005010293444672103,4.033889798620942e-06,0.31380339371496313,3.4604995268550235e-05,3.1717295554883755e-14,3.1717295554883755e-14,2.1516708926545705e-14,1.453113903063764e-14,1.2941710129652983e-14,7.105427357601002e-15,2.05923101448004e-14,0.0,0.0,1.3552527156068805e-20,0.0,0.0,0.0,3.778874076460591e-13,2.0342881210437156e-13,3.77887407643164e-13,2.03428812102813e-13,5.421010862427522e-20,5.421010862427522e-20,1.5181162165707535e-14,1.5181162165707535e-14,8.534287134856304e-15,2.3585601229506778e-14,8.534287134856304e-15,2.358930761769402e-14,1.8188882480628916e-10
1.79462346869486e-10,3.165058285504831e-13,4.996003610813204e-16,3.668738189848873e-20,5.504188892141835e-20,0.0,0.0,5.2246559069781125e-05,0.0048525636156885954,4.033691545829285e-06,0.18204627346136198,3.460261660213016e-05,3.183262411513259e-14,3.183262411513259e-14,1.9971885936687157e-14,1.5290296377713702e-14,1.2941710129652983e-14,1.0103029524088925e-14,2.1228375777987695e-14,0.0,0.0,1.3552527156068805e-20,0.0,0.0,0.0,3.6983411989514897e-13,1.990934711336116e-13,3.6983411990383436e-13,1.9909347113828722e-13,0.0,0.0,0.0,0.0,6.8274297079082815e-15,1.843620024425225e-14,6.8274297079082815e-15,1.843620024425225e-14,1.79462346869486e-10
1.7831452381384668e-10,3.14077075253467e-13,5.661048867003676e-16,3.323997312199322e-20,4.302351442842621e-20,0.0,0.0,5.120091345595014e-05,0.004755218392308263,4.033495990462534e-06,0.20470745203473192,3.4602089158648934e-05,4.792147622946103e-14,4.792147622946103e-14,1.8754427567516144e-14,2.5514862064611254e-14,1.2941710129652983e-14,9.381384558082573e-15,2.0210709289951646e-14,0.0,0.0,2.710505431213761e-20,0.0,0.0,0.0,3.8700455805279145e-13,2.0833686418414806e-13,3.870045580546526e-13,2.0833686418515e-13,0.0,5.421010862427522e-20,0.0,1.514261417569749e-14,2.3896003977759504e-14,2.4139411005069132e-14,2.3896003977759504e-14,2.4143107982020668e-14,1.7831452381384668e-10
1.767162634654771e-10,3.1054900276801134e-13,7.021666937153402e-16,4.595885563886244e-20,5.3090381201252564e-20,0.0,0.0,4.954450346744798e-05,0.004693986166466919,4.0332981860150916e-06,0.13952658666032963,3.459904314961672e-05,4.0039947328926834e-14,4.0039947328926834e-14,2.0016649685909155e-14,1.3053917899798135e-14,1.2941710129652983e-14,6.050715484207103e-15,1.890176828623416e-14,0.0,0.0,6.776263578034403e-21,0.0,0.0,0.0,3.697139387287148e-13,1.9902877378876586e-13,3.6971393871858184e-13,1.9902877378331098e-13,5.421010862427522e-20,0.0,1.5123413498368254e-14,0.0,1.1948001988919597e-14,2.280542445207462e-14,1.1948001988919597e-14,2.280542445207462e-14,1.767162634654771e-10
1.7517612246656231e-10,3.079815701786815e-13,7.447602459741819e-16,6.293175487632115e-20,5.2870652704366277e-20,0.0,0.0,4.858211252308733e-05,0.004524718847672124,4.033102958586539e-06,0.3689129897501983,3.459742702356206e-05,2.034848504402382e-14,2.034848504402382e-14,2.159603711463222e-14,1.52727736685577e-14,1.2941710129652983e-14,8.493206138382448e-15,1.9598136140119715e-14,0.0,0.0,6.776263578034403e-21,0.0,0.0,0.0,3.891768642943659e-13,2.0950628573487663e-13,3.891768643026377e-13,2.095062857393296e-13,5.421010862427522e-20,5.421010862427522e-20,1.5104261451894037e-14,1.5104261451894037e-14,8.534287134970747e-15,2.775850978426383e-14,8.534287134970747e-15,2.7749290750791806e-14,1.7517612246656231e-10
1.7192141557315775e-10,3.053876147498143e-13,5.79553433516819e-16,4.5107983902525426e-20,5.092598322482649e-20,0.0,0.0,4.767746582777187e-05,0.004383549589360271,4.032904819923418e-06,0.25898769961005846,3.459561505532001e-05,3.336281788739459e-14,3.336281788739459e-14,1.650784496062625e-14,1.526693294336845e-14,1.2941710129652983e-14,7.93809462606987e-15,1.8844300574853036e-14,0.0,0.0,2.0328790734103208e-20,0.0,0.0,0.0,3.5748034221723317e-13,1.924430396368999e-13,3.574803422116497e-13,1.9244303963389414e-13,0.0,5.421010862427522e-20,0.0,1.5085157851752516e-14,1.3654859415997842e-14,2.5375521171395424e-14,1.3654859415997842e-14,2.5379204120767176e-14,1.7192141557315775e-10
6.648885115397459e-10,1.1788586497060725e-12,1.3483611784316361e-15,5.1939076807746513e-20,6.75371470141768e-20,0.0,0.0,0.0001245059001644596,0.018849565588191515,4.032700181159838e-06,0.24703819124191734,3.458930229466605e-05,3.788509074483628e-14,3.788509074483628e-14,2.0135915636002163e-14,1.3676072911392357e-14,1.2941710129652983e-14,2.481348460037225e-14,1.0695709471914951e-14,0.0,0.0,2.0328790734103208e-20,0.0,0.0,0.0,3.926580347090147e-13,2.113803105048378e-13,3.9265803470611957e-13,2.1138031050327926e-13,5.421010862427522e-20,1.0842021724855044e-19,1.5066102514353725e-14,3.013220502870745e-14,1.1948001989046471e-14,3.408677957539995e-14,1.1948001989046471e-14,3.4088618723968815e-14,6.648885115397459e-10
6.542821522452347e-10,1.1716718373708682e-12,1.1267533089989422e-15,4.8421844360615933e-20,5.0374179370226246e-20,0.0,0.0,0.00012746774681745004,0.01943598229501184,4.032495841932933e-06,0.1379024490602753,3.458741053774322e-05,3.864479915304419e-14,3.864479915304419e-14,2.021070094788464e-14,1.935519207644023e-14,1.2941710129652983e-14,2.4980018054066022e-14,1.1998275838802265e-14,0.0,0.0,6.776263578034403e-21,0.0,0.0,0.0,3.8978814584885916e-13,2.0983535804047875e-13,3.897881458569242e-13,2.098353580448204e-13,5.421010862427522e-20,5.421010862427522e-20,1.5047095257034156e-14,1.5047095257034156e-14,2.2189146551185546e-14,2.6375017862352356e-14,2.2189146551185546e-14,2.6369507377389125e-14,6.542821522452347e-10
6.244522171317309e-10,1.1276443525520256e-12,9.742167503148516e-16,2.9537048151447305e-20,3.995167190966263e-20,0.0,0.0,0.00012430541400949144,0.01901586479420441,4.03229362380585e-06,0.12078105834352915,3.458502805866504e-05,4.913866421284126e-14,4.913866421284126e-14,2.2826294782352298e-14,1.5249380593561023e-14,1.2941710129652983e-14,2.398081733190338e-14,1.205312213447855e-14,0.0,0.0,1.3552527156068805e-20,0.0,0.0,0.0,4.0359136516111523e-13,2.1726607007557788e-13,4.0359136516049485e-13,2.1726607007524388e-13,5.421010862427522e-20,0.0,1.5028135898050937e-14,0.0,1.706857427022537e-14,2.2933258517928142e-14,1.706857427022537e-14,2.2931424004007823e-14,6.244522171317309e-10
5.96002573288707e-10,1.0858229800400933e-12,1.2237659599594665e-15,3.60561540168466e-20,4.6508427627308994e-20,0.0,0.0,0.00012213101333779922,0.018992478562242475,4.032090692561521e-06,0.0766785485715733,3.4582036797645194e-05,4.189785495484233e-14,4.189785495484233e-14,2.0353825455163496e-14,1.524353069497778e-14,1.2941710129652983e-14,2.4091839634365897e-14,9.806907478494979e-15,0.0,0.0,1.3552527156068805e-20,0.0,0.0,0.0,4.085780648465413e-13,2.1995056914276497e-13,4.0857806483103167e-13,2.1995056913441564e-13,0.0,5.421010862427522e-20,0.0,1.5009224256576014e-14,1.194800198921965e-14,2.5033421622221793e-14,1.194800198921965e-14,2.5027925006188222e-14,5.96002573288707e-10
5.698341071521871e-10,1.0474850730740259e-12,1.167055121521967e-15,3.9220460994821986e-20,4.416787271407537e-20,0.0,0.0,0.00012045848484226046,0.01875759947711248,4.0318873937673515e-06,0.13745458822423465,3.4580738843942405e-05,4.08588085394829e-14,4.08588085394829e-14,1.6418328428547405e-14,1.2915633217229851e-14,1.2941710129652983e-14,2.2870594307278225e-14,9.852650200341318e-15,0.0,0.0,1.3552527156068805e-20,0.0,0.0,0.0,4.4169745711032334e-13,2.3777979152360274e-13,4.416974571037059e-13,2.3777979152004037e-13,1.0842021724855044e-19,1.0842021724855044e-19,2.998072030538082e-14,2.998072030538082e-14,8.534287135203739e-15,3.1320612417602796e-14,8.534287135203739e-15,3.131695261245935e-14,5.698341071521871e-10
5.446972238994086e-10,1.0100551043683627e-12,1.237537672871711e-15,3.940296761566366e-20,4.335610242608892e-20,0.0,0.0,0.00011830175345480219,0.01856256142775172,4.031683861619405e-06,0.18029855167936495,3.4579570081207666e-05,5.0818864016814426e-14,5.0818864016814426e-14,2.120054518218601e-14,2.5821949840684188e-14,1.2941710129652983e-14,2.0372592501871623e-14,9.737724826820812e-15,0.0,0.0,1.3552527156068805e-20,0.0,0.0,0.0,4.467020252172409e-13,2.4047390973047215e-13,4.467020252303724e-13,2.4047390973754126e-13,1.0842021724855044e-19,1.0842021724855044e-19,2.9943086814757116e-14,2.9943086814757116e-14,1.1948001989354132e-14,2.2143269208074584e-14,1.1948001989354132e-14,2.2156062447135044e-14,5.446972238994086e-10
5.21914188191187e-10,9.74250527848373e-13,1.0692202836592015e-15,3.1420241623806867e-20,4.3401817406496733e-20,0.0,0.0,0.00011547604772754981,0.01813954091746536,4.031481604883301e-06,0.11803959224351877,3.457901219887701e-05,3.5122866809343736e-14,3.5122866809343736e-14,2.0554415983845708e-14,1.4460811588572565e-14,1.2941710129652983e-14,1.7985612998927536e-14,9.622900332389284e-15,0.0,0.0,6.776263578034403e-21,0.0,0.0,0.0,4.777534669462383e-13,2.5718988855709146e-13,4.777534669467553e-13,2.5718988855736974e-13,5.421010862427522e-20,5.421010862427522e-20,1.4952773842522567e-14,1.4952773842522567e-14,6.827429708243392e-15,1.7042960065495425e-14,6.827429708243392e-15,1.7037484122451998e-14,5.21914188191187e-10
5.000610378931711e-10,9.43000512510116e-13,1.0370338861126152e-15,7.237052673748089e-20,7.399728247741462e-20,0.0,0.0,0.0001129739620944441,0.017860364969350517,4.0312803960947545e-06,0.2653581625310289,3.4577283164759975e-05,3.644263136377468e-14,3.644263136377468e-14,2.061795258279548e-14,1.3634998466689063e-14,1.2941710129652983e-14,2.0816681711721685e-14,8.374818099406731e-15,0.0,0.0,1.3552527156068805e-20,0.0,0.0,0.0,4.725469716776483e-13,2.543870665358078e-13,4.725469716765109e-13,2.5438706653519555e-13,5.421010862427522e-20,0.0,1.4934051280896672e-14,0.0,6.8274297082858264e-15,2.6036498083108028e-14,6.8274297082858264e-15,2.603467505425471e-14,5.000610378931711e-10
4.795155668737158e-10,9.115961936306007e-13,1.2199830576784482e-15,2.6079812948334626e-20,2.730823111264518e-20,0.0,0.0,0.00011103432830094446,0.017714240840701764,4.031078065623933e-06,0.06123491135605171,3.4577351432108306e-05,4.194728989849209e-14,4.194728989849209e-14,2.5627923745186008e-14,1.521428895366287e-14,1.2941710129652983e-14,1.6653345369377348e-14,8.210587735662032e-15,0.0,0.0,1.3552527156068805e-20,0.0,0.0,0.0,4.921791484655995e-13,2.649556917987506e-13,4.921791484794548e-13,2.6495569180620937e-13,5.421010862427522e-20,5.421010862427522e-20,1.4915375546161607e-14,1.4915375546161607e-14,1.5361716843741183e-14,2.241888336133592e-14,1.5361716843741183e-14,2.241342111411071e-14,4.795155668737158e-10
4.618179975669844e-10,8.830512677990986e-13,9.61481343191782e-16,5.23792463454753e-20,5.599291600350273e-20,0.0,0.0,0.00010896171102320073,0.017515642387934457,4.030874192012738e-06,0.13160023654965453,3.4572411918658275e-05,3.3658610956458225e-14,3.3658610956458225e-14,2.1685771560430918e-14,1.4443230611722702e-14,1.2941710129652983e-14,1.787459069646502e-14,7.846093032533975e-15,0.0,0.0,1.3552527156068805e-20,0.0,0.0,0.0,5.111395858062068e-13,2.7516269834920913e-13,5.111395857940059e-13,2.7516269834264096e-13,5.421010862427522e-20,0.0,1.489674646285909e-14,0.0,8.534287135467398e-15,1.7697398618662756e-14,8.534287135467398e-15,1.7690124718696184e-14,4.618179975669844e-10
4.4388790310535354e-10,8.561304638317301e-13,1.2060109012779447e-15,6.185080748730223e-20,7.581598587597218e-20,0.0,0.0,0.00010768446879204072,0.017386613094242605,4.03067285398328e-06,0.22932581323168003,3.4574348027038806e-05,6.417548809792927e-14,6.417548809792927e-14,2.0799810615625498e-14,3.040519082799448e-14,1.2941710129652983e-14,1.7763568394002505e-14,8.713892553271401e-15,0.0,0.0,1.3552527156068805e-20,0.0,0.0,0.0,4.997332304867542e-13,2.690222944454883e-13,4.997332304750703e-13,2.6902229443919853e-13,0.0,0.0,0.0,0.0,1.536171684394297e-14,1.9714922444623876e-14,1.536171684394297e-14,1.9714922444623876e-14,4.4388790310535354e-10
4.2818091717512406e-10,8.316926105607664e-13,1.0190492755571723e-15,3.7728638862923e-20,5.561854144275888e-20,0.0,0.0,0.00010589780203641651,0.017166989685155745,4.030468497804793e-06,0.15224414290202398,3.4570597242524285e-05,3.696118147546256e-14,3.696118147546256e-14,2.0857766740731022e-14,1.519674923355076e-14,1.2941710129652983e-14,1.8207657603852567e-14,8.689881206073243e-15,0.0,0.0,1.3552527156068805e-20,0.0,0.0,0.0,5.239651481539679e-13,2.8206710654113074e-13,5.239651481556223e-13,2.8206710654202134e-13,5.421010862427522e-20,5.421010862427522e-20,1.4859627553090547e-14,1.4859627553090547e-14,5.1205722813485726e-15,2.1743744619634847e-14,5.1205722813485726e-15,2.1740116731986623e-14,4.2818091717512406e-10
4.129098097601106e-10,8.07911516759532e-13,1.1294848361806833e-15,3.0351685634159585e-20,4.8036804715092e-20,0.0,0.0,0.00010284470468195914,0.016778189956378274,4.030265262032197e-06,0.15536754030767064,3.456877860945126e-05,3.842243371392755e-14,3.842243371392755e-14,1.5241945925812816e-14,1.4425651021794742e-14,1.2941710129652983e-14,1.7263968032921184e-14,8.405711429279695e-15,0.0,0.0,1.3552527156068805e-20,0.0,0.0,0.0,5.129088544194919e-13,2.761151519240347e-13,5.129088544210429e-13,2.761151519248696e-13,5.421010862427522e-20,5.421010862427522e-20,1.4841137380063623e-14,1.4841137380063623e-14,1.877543169840449e-14,2.1993876510135918e-14,1.877543169840449e-14,2.1993876510135918e-14,4.129098097601106e-10
3.971301078739981e-10,7.848897344039925e-13,1.0370338861126152e-15,5.651684130190869e-20,5.647995534052715e-20,0.0,0.0,0.00010147766027777125,0.016798381588662707,4.0300644011206155e-06,0.34255586976366786,3.456700542236846e-05,3.7691291665527756e-14,3.7691291665527756e-14,2.0970076180655367e-14,2.3846120500284108e-14,1.2941710129652983e-14,1.7819079545233762e-14,8.651915784538901e-15,0.0,0.0,1.3552527156068805e-20,0.0,0.0,0.0,5.048397572884463e-13,2.7177130026105263e-13,5.048397572876191e-13,2.717713002606073e-13,5.421010862427522e-20,0.0,1.4822693165336645e-14,0.0,1.7068574271392033e-14,2.325847982309305e-14,1.7068574271392033e-14,2.3254860952730035e-14,3.971301078739981e-10
3.836607095503061e-10,7.629410236461663e-13,9.51817968857363e-16,4.02674866243168e-20,5.42370175542653e-20,0.0,0.0,9.94395572959673e-05,0.01665538079088579,4.029863022204415e-06,0.050510025894506795,3.456579812752644e-05,3.9195814896516774e-14,3.9195814896516774e-14,3.312837617921216e-14,1.3593876399448821e-14,1.2941710129652983e-14,1.6764367671839864e-14,8.537976238326084e-15,0.0,0.0,3.3881317890172014e-20,0.0,0.0,0.0,5.09442848172205e-13,2.7424929050773585e-13,5.094428481677589e-13,2.7424929050534236e-13,5.421010862427522e-20,5.421010862427522e-20,1.4804294737774633e-14,1.4804294737774633e-14,1.5361716844356513e-14,3.228001446617938e-14,1.5361716844356513e-14,3.227820727692475e-14,3.836607095503061e-10
3.711648230332171e-10,7.428675339204831e-13,1.1657341758564144e-15,5.2625223809637355e-20,5.783410381797107e-20,0.0,0.0,9.859975280795269e-05,0.016716915839556472,4.0296574615737194e-06,0.11255356228538657,3.456386034776299e-05,2.2381187716404374e-14,2.2381187716404374e-14,1.953537431875755e-14,1.517336803234927e-14,1.2941710129652983e-14,1.7041923427996153e-14,8.843845487016973e-15,0.0,0.0,2.710505431213761e-20,0.0,0.0,0.0,5.242606194959074e-13,2.822261681634169e-13,5.24260619492702e-13,2.822261681616914e-13,5.421010862427522e-20,5.421010862427522e-20,1.478594192709122e-14,1.478594192709122e-14,8.534287135811045e-15,3.829560073242567e-14,8.534287135811045e-15,3.829560073242567e-14,3.711648230332171e-10
3.591048257704296e-10,7.244654628110104e-13,9.726339438262527e-16,4.6579111162972426e-20,5.018513158073619e-20,0.0,0.0,9.627500420790431e-05,0.016362814427298845,4.029455769820119e-06,0.21322040034159104,3.45603779457999e-05,3.3679171020006925e-14,3.3679171020006925e-14,2.255721862130251e-14,1.4402213596629964e-14,1.2941710129652983e-14,1.4488410471358293e-14,8.380318994576025e-15,0.0,0.0,1.3552527156068805e-20,0.0,0.0,0.0,5.141588943398568e-13,2.7678808817683855e-13,5.14158894313387e-13,2.76788088162589e-13,0.0,0.0,0.0,0.0,1.1948001990215446e-14,3.400279308605944e-14,1.1948001990215446e-14,3.400099037197366e-14,3.591048257704296e-10
3.4859956271540877e-10,7.056277624214766e-13,1.0022799304547519e-15,5.799547436469874e-20,7.896809986261721e-20,0.0,0.0,9.358115412543287e-05,0.016121517010272143,4.029252937731309e-06,0.2272440801027889,3.4559746642813385e-05,5.708269574001795e-14,5.708269574001795e-14,2.0107011629161434e-14,2.453649958224647e-14,1.2941710129652983e-14,1.4988010832439613e-14,8.975505227302686e-15,0.0,0.0,1.3552527156068805e-20,0.0,0.0,0.0,5.159416465094756e-13,2.777478003789495e-13,5.159416464998596e-13,2.777478003737729e-13,1.0842021724855044e-19,5.421010862427522e-20,2.9498744958852737e-14,1.4749372479426368e-14,1.1948001990294856e-14,2.4830485911990185e-14,1.1948001990294856e-14,2.4830485911990185e-14,3.4859956271540877e-10
3.3707714983210235e-10,6.885624926088492e-13,1.1004656964352382e-15,2.297942781943122e-20,3.2728062385758916e-20,0.0,0.0,9.201620784536162e-05,0.01629973345303497,4.029051881890987e-06,0.1699001554523676,3.455741930867216e-05,3.886287042912896e-14,3.886287042912896e-14,2.264589418844578e-14,1.2850418529176731e-14,1.2941710129652983e-14,1.6431300764452317e-14,9.41047266164359e-15,0.0,0.0,1.3552527156068805e-20,0.0,0.0,0.0,5.289085620415915e-13,2.8472830348644367e-13,5.289085620359046e-13,2.8472830348338223e-13,5.421010862427522e-20,5.421010862427522e-20,1.473115550606822e-14,1.473115550606822e-14,1.536171684476598e-14,1.177321493790986e-14,1.536171684476598e-14,1.1771416676883755e-14,3.3707714983210235e-10
3.2639748341534637e-10,6.716488627385231e-13,1.0007415106216803e-15,5.270696119849098e-20,4.964632208196449e-20,0.0,0.0,9.064487865127089e-05,0.016096103002086467,4.028845854222547e-06,0.3120490223675968,3.4556732740387035e-05,2.891295672460452e-14,2.891295672460452e-14,2.128206505984347e-14,2.4512736698248218e-14,1.2941710129652983e-14,1.482147737874584e-14,8.398704036903217e-15,0.0,0.0,6.776263578034403e-21,0.0,0.0,0.0,4.89226379558176e-13,2.633661223685399e-13,4.892263795598304e-13,2.6336612236943045e-13,1.0842021724855044e-19,1.0842021724855044e-19,2.942596695364987e-14,2.942596695364987e-14,1.53617168448661e-14,1.0760092031766031e-14,1.53617168448661e-14,1.0769072245446357e-14,3.2639748341534637e-10
3.1673493124481417e-10,6.553030436698053e-13,9.961119953842058e-16,5.484170401413702e-20,6.344981245130506e-20,0.0,0.0,8.836748318874527e-05,0.015961271193373986,4.028643923081908e-06,0.16741472644983577,3.455364169892091e-05,3.904859371979122e-14,3.904859371979122e-14,2.0026102034399128e-14,1.51441484116052e-14,1.2941710129652983e-14,1.3933298959045715e-14,8.763738518565795e-15,0.0,0.0,2.0328790734103208e-20,0.0,0.0,0.0,5.227150024093502e-13,2.8139411331976646e-13,5.227150024097638e-13,2.8139411331998906e-13,5.421010862427522e-20,5.421010862427522e-20,1.469485622557523e-14,1.469485622557523e-14,1.1948001990528356e-14,1.1414139731030031e-14,1.1948001990528356e-14,1.1412345901117877e-14,3.1673493124481417e-10
3.085108793549505e-10,6.401960619479702e-13,9.930136612989092e-16,4.770532872924386e-20,4.3314189182888937e-20,0.0,0.0,8.705124744176386e-05,0.015371895893678782,4.0284438178175124e-06,0.08124356764838098,3.455506013548478e-05,2.755784535085969e-14,2.755784535085969e-14,1.4754719909131822e-14,1.9161971351760707e-14,1.2941710129652983e-14,1.3822276656583199e-14,8.580329120057094e-15,0.0,0.0,2.710505431213761e-20,0.0,0.0,0.0,4.798156510477284e-13,2.583000278568364e-13,4.798156510526915e-13,2.583000278595082e-13,0.0,5.421010862427522e-20,0.0,1.4676773587015486e-14,6.827429708916755e-15,2.4783514515451527e-14,6.827429708916755e-15,2.4787097760519903e-14,3.085108793549505e-10
2.9893547950740917e-10,6.249760033204039e-13,9.757969893912614e-16,4.947716588954397e-20,4.9631291149079264e-20,0.0,0.0,8.531446847147422e-05,0.015226592749350247,4.028239095461605e-06,0.20076556137673846,3.4552623020554415e-05,4.476585180675886e-14,4.476585180675886e-14,2.1426194964414804e-14,1.9152310580058868e-14,1.2941710129652983e-14,1.2878587085651816e-14,8.506655275191575e-15,0.0,0.0,2.0328790734103208e-20,0.0,0.0,0.0,4.741945290303323e-13,2.5527399906742734e-13,4.741945290455835e-13,2.552739990756375e-13,0.0,0.0,0.0,0.0,1.1948001990679235e-14,3.2377776012453116e-14,1.1948001990679235e-14,3.237240775070682e-14,2.9893547950740917e-10
2.9072593037233824e-10,6.128227124252998e-13,1.0692202836592015e-15,5.138356268829797e-20,5.843730953429012e-20,0.0,0.0,8.218994223909543e-05,0.01534927845061755,4.028035985754743e-06,0.22598361704688422,3.455144917269144e-05,2.3827148751814306e-14,2.3827148751814306e-14,1.969737452879653e-14,2.7082004379415913e-14,1.2941710129652983e-14,1.509903313490213e-14,9.179773396426354e-15,0.0,0.0,1.3552527156068805e-20,0.0,0.0,0.0,4.969850920430153e-13,2.6754288410315796e-13,4.969850920363979e-13,2.675428840995956e-13,1.0842021724855044e-19,5.421010862427522e-20,2.9281482981619434e-14,1.4640741490809717e-14,1.7068574272504355e-14,2.619176824598324e-14,1.7068574272504355e-14,2.6189981021947344e-14,2.9072593037233824e-10
2.8192061827366555e-10,5.993542237488257e-13,8.95090418262362e-16,5.14114809531605e-20,6.663651911092034e-20,0.0,0.0,8.041649076540268e-05,0.015120132391803664,4.027833452579239e-06,0.5777920841963904,3.4547628832831983e-05,5.804519966185428e-14,5.804519966185428e-14,2.141587855191032e-14,2.518365467222935e-14,1.2941710129652983e-14,1.226796442210798e-14,8.170416238374535e-15,0.0,0.0,2.710505431213761e-20,0.0,0.0,0.0,4.65129610599395e-13,2.5039406512171596e-13,4.651296106318618e-13,2.503940651391939e-13,5.421010862427522e-20,5.421010862427522e-20,1.4622791706599807e-14,1.4622791706599807e-14,1.1948001990825726e-14,1.199899099039331e-14,1.1948001990825726e-14,1.1990065826014858e-14,2.8192061827366555e-10
2.749461362538155e-10,5.865238179883774e-13,9.036560719766055e-16,4.040977500629373e-20,5.03210062395427e-20,0.0,0.0,7.900515481216997e-05,0.014691564620080338,4.0276277756239124e-06,0.35182640404858845,3.4548392234288135e-05,4.314040138774857e-14,4.314040138774857e-14,1.2571883793193969e-14,1.912332855810882e-14,1.2941710129652983e-14,1.304512053934559e-14,8.19649409638402e-15,0.0,0.0,1.3552527156068805e-20,0.0,0.0,0.0,4.737007878742107e-13,2.550082024972194e-13,4.7370078787845e-13,2.5500820249950157e-13,5.421010862427522e-20,5.421010862427522e-20,1.4604885881942245e-14,1.4604885881942245e-14,1.3654859418168285e-14,3.113920712914481e-14,1.3654859418168285e-14,3.1142772823308227e-14,2.749461362538155e-10
2.6773915549523537e-10,5.740097436863198e-13,7.967349055175334e-16,4.536175796626483e-20,6.325671099378893e-20,0.0,0.0,7.824261944493449e-05,0.015028599826024799,4.02742520955969e-06,0.24915086576623938,3.454526720314537e-05,4.679256830249559e-14,4.679256830249559e-14,2.1785546571263212e-14,1.9113667992223203e-14,1.2941710129652983e-14,1.2323475573339238e-14,8.570536065217868e-15,0.0,0.0,2.0328790734103208e-20,0.0,0.0,0.0,4.901001498442455e-13,2.6383650070809464e-13,4.901001498650801e-13,2.6383650071931055e-13,5.421010862427522e-20,5.421010862427522e-20,1.4587023855547155e-14,1.4587023855547155e-14,1.536171684552975e-14,3.23867647439112e-14,1.536171684552975e-14,3.2384984077276936e-14,2.6773915549523537e-10
2.5980563838113363e-10,5.631110308939017e-13,9.453208419344607e-16,6.647994624398644e-20,7.033194125414737e-20,0.0,0.0,7.68005852237928e-05,0.01468907613430236,4.027223884284229e-06,0.2707233517122348,3.454413024438463e-05,4.331671178599339e-14,4.331671178599339e-14,2.196987828110545e-14,1.5103251483559872e-14,1.2941710129652983e-14,1.4710455076283324e-14,8.656026684504939e-15,0.0,0.0,1.3552527156068805e-20,0.0,0.0,0.0,4.5343715967686005e-13,2.440996468541785e-13,4.534371596907153e-13,2.440996468616372e-13,5.421010862427522e-20,5.421010862427522e-20,1.4569205466912762e-14,1.4569205466912762e-14,1.5361716845618672e-14,3.8778228965734965e-14,1.5361716845618672e-14,3.8776450474221217e-14,2.5980563838113363e-10
2.5476368464850183e-10,5.511143543716273e-13,8.101585801848734e-16,5.486786271059908e-20,5.622238426493473e-20,0.0,0.0,7.457914951397713e-05,0.014647567424869265,4.027018161337773e-06,0.1962840407969835,3.4541580191628485e-05,3.09137074741867e-14,3.09137074741867e-14,2.140972640615668e-14,1.9094347039701634e-14,1.2941710129652983e-14,1.149080830487037e-14,8.363963752074196e-15,0.0,0.0,1.3552527156068805e-20,0.0,0.0,0.0,4.626133122247422e-13,2.4903946166338815e-13,4.626133122495059e-13,2.490394616767192e-13,0.0,0.0,0.0,0.0,1.3654859418405385e-14,2.312770854278495e-14,1.3654859418405385e-14,2.3131261186186303e-14,2.5476368464850183e-10
2.4834132273908843e-10,5.419914394313014e-13,8.617648093045562e-16,3.680453189935134e-20,3.7025254935242686e-20,0.0,0.0,7.387825713274678e-05,0.014381067722562136,4.026815781091428e-06,0.1473110696769986,3.4539255368981043e-05,5.913846835396566e-14,5.913846835396566e-14,2.1737888284298934e-14,1.5091568589673783e-14,1.2941710129652983e-14,1.404432126150823e-14,8.677827447554488e-15,0.0,0.0,2.0328790734103208e-20,0.0,0.0,0.0,4.521216216583696e-13,2.433914508916653e-13,4.521216216618334e-13,2.4339145089353e-13,1.0842021724855044e-19,1.0842021724855044e-19,2.9067397929660956e-14,2.9067397929660956e-14,1.19480019911715e-14,2.522674088044227e-14,1.19480019911715e-14,2.5233837509144832e-14,2.4834132273908843e-10
2.4277625383029587e-10,5.304273297454489e-13,7.928578270080922e-16,2.6516325489396533e-20,3.585381571681897e-20,0.0,0.0,7.118917269598062e-05,0.014127479702741443,4.026613811513692e-06,0.467153851214926,3.453802735868644e-05,3.216050725105262e-14,3.216050725105262e-14,2.1752036931784917e-14,1.4320199003773697e-14,1.2941710129652983e-14,1.1157741397482823e-14,7.919575513580662e-15,0.0,0.0,6.776263578034403e-21,0.0,0.0,0.0,4.3590607150706953e-13,2.3466210442985397e-13,4.35906071516944e-13,2.346621044351697e-13,0.0,0.0,0.0,0.0,1.7068574273195855e-14,1.5873557361435058e-14,1.7068574273195855e-14,1.5884189348951086e-14,2.4277625383029587e-10
2.354675115862975e-10,5.204393089496928e-13,8.15843973306311e-16,4.2990572922206714e-20,4.5878214693626994e-20,0.0,0.0,6.874170298024323e-05,0.013958378128396969,4.026408947512438e-06,0.645502159193558,3.4534963973046614e-05,4.764625356015708e-14,4.764625356015708e-14,2.1387564699857835e-14,1.3494003345938207e-14,1.2941710129652983e-14,1.2323475573339238e-14,1.0752950294718187e-14,0.0,0.0,2.0328790734103208e-20,0.0,0.0,0.0,4.557178038412008e-13,2.453273901549529e-13,4.557178038488522e-13,2.4532739015907187e-13,0.0,0.0,0.0,0.0,1.5361716845959116e-14,1.9806323225382053e-14,1.5361716845959116e-14,1.9802783537556947e-14,2.354675115862975e-10
2.308759737185285e-10,5.113826117805446e-13,7.570711667007543e-16,3.1465877438160575e-20,3.156641541984389e-20,0.0,0.0,6.696879378543414e-05,0.013787499590465529,4.0262065563145806e-06,0.24249701366233267,3.453316743387483e-05,6.647293562804853e-14,6.647293562804853e-14,2.1862529134410555e-14,2.4444336703588272e-14,1.2941710129652983e-14,1.2712053631958042e-14,1.0708320540223138e-14,0.0,0.0,1.3552527156068805e-20,0.0,0.0,0.0,4.593269267546707e-13,2.4727029582518783e-13,4.593269267524993e-13,2.4727029582401895e-13,0.0,0.0,0.0,0.0,8.534287136689147e-15,1.7148410515930737e-14,8.534287136689147e-15,1.7157248991611562e-14,2.308759737185285e-10
2.2595022661391863e-10,5.033046358371192e-13,6.425880329391634e-16,4.4948647537782565e-20,5.589583829070781e-20,0.0,0.0,6.49367684159219e-05,0.013978619539192874,4.026001219690705e-06,0.1848589565519583,3.453326777653172e-05,4.3237288088543423e-14,4.3237288088543423e-14,2.1554138273503557e-14,1.348225393593202e-14,1.2941710129652983e-14,1.2045919817182948e-14,1.0049274778134451e-14,0.0,0.0,1.3552527156068805e-20,0.0,0.0,0.0,4.648555690037923e-13,2.5024653981356166e-13,4.648555689960375e-13,2.5024653980938703e-13,0.0,0.0,0.0,0.0,1.3654859418773652e-14,1.3630058129236903e-14,1.3654859418773652e-14,1.3631823680808047e-14,2.2595022661391863e-10
2.2080651450456053e-10,4.938468445219534e-13,8.289582644243109e-16,7.553330522898627e-20,9.251679636770329e-20,0.0,0.0,6.345537112430568e-05,0.013732915834565766,4.025797151714255e-06,0.38752567148708705,3.452950176277511e-05,5.624540832489824e-14,5.624540832489824e-14,2.1943041921153773e-14,1.2835864023238336e-14,1.2941710129652983e-14,1.2212453270876722e-14,1.0321992807805461e-14,0.0,0.0,1.3552527156068805e-20,0.0,0.0,0.0,4.543525820332774e-13,2.445924478281506e-13,4.543525820369997e-13,2.445924478301544e-13,1.6263032587282567e-19,1.0842021724855044e-19,4.333705585473796e-14,2.889137056982531e-14,1.3654859418843375e-14,2.6123203123445313e-14,1.3654859418843375e-14,2.6119676297048194e-14,2.2080651450456053e-10
2.152268786217917e-10,4.851371551558015e-13,6.933340566559918e-16,5.082197683525802e-20,5.63146553702652e-20,0.0,0.0,6.276231828207118e-05,0.013518047357109871,4.025592297488082e-06,0.19341149432323362,3.4528916320779215e-05,5.1904805810247516e-14,5.1904805810247516e-14,2.1871964536922362e-14,1.5056524434403674e-14,1.2941710129652983e-14,1.1934897514720433e-14,1.3970817560937327e-14,0.0,0.0,6.776263578034403e-21,0.0,0.0,0.0,4.4399097267957947e-13,2.390144639110823e-13,4.4399097268009646e-13,2.390144639113606e-13,1.0842021724855044e-19,1.0842021724855044e-19,2.885642062659683e-14,2.885642062659683e-14,1.877543170100378e-14,2.112303103474599e-14,1.877543170100378e-14,2.1117747194747304e-14,2.152268786217917e-10
2.1104217184038101e-10,4.767645666261897e-13,6.638168205731153e-16,3.9366533980858685e-20,3.977491701756069e-20,0.0,0.0,6.0039948800566636e-05,0.01316458255567431,4.025389851047515e-06,0.3292007438420075,3.452518665356549e-05,4.405456654776076e-14,4.405456654776076e-14,1.7566430060041668e-14,1.2824072592480256e-14,1.2941710129652983e-14,1.0935696792557792e-14,1.3390336357079225e-14,0.0,0.0,6.776263578034403e-21,0.0,0.0,0.0,4.562907732699799e-13,2.45635837824576e-13,4.562907732701867e-13,2.4563583782468735e-13,5.421010862427522e-20,5.421010862427522e-20,1.4410777569610504e-14,1.4410777569610504e-14,1.1948001991606685e-14,1.5436558408653917e-14,1.1948001991606685e-14,1.5434799256698517e-14,2.1104217184038101e-10
2.0645060326803843e-10,4.688949069210805e-13,5.74211813252823e-16,5.819307450913661e-20,4.7475805009513865e-20,0.0,0.0,5.721587254269967e-05,0.01278215254142463,4.025186197428881e-06,0.4889770904441493,3.452464918474774e-05,3.6458058994464714e-14,3.6458058994464714e-14,1.2149903842793005e-14,1.4279200380018717e-14,1.2941710129652983e-14,1.021405182655144e-14,1.3146721420437623e-14,0.0,0.0,1.3552527156068805e-20,0.0,0.0,0.0,4.564910395887653e-13,2.4574364755443523e-13,4.564910395686545e-13,2.457436475436089e-13,0.0,5.421010862427522e-20,0.0,1.439338690096921e-14,2.048228912856762e-14,2.898922225333183e-14,2.048228912856762e-14,2.89962503695215e-14,2.0645060326803843e-10
2.0271633426636135e-10,4.614532721119885e-13,8.41868291085074e-16,7.585557201780985e-20,6.98050578754434e-20,0.0,0.0,5.581804780652134e-05,0.01266613515374481,4.024979252172519e-06,0.3024101946131911,3.452400359915058e-05,4.482265767674222e-14,4.482265767674222e-14,1.883308322144697e-14,2.3547517607389244e-14,1.2941710129652983e-14,9.936496070395151e-15,1.3160404313760087e-14,0.0,0.0,6.776263578034403e-21,0.0,0.0,0.0,4.443802671574766e-13,2.392240335119609e-13,4.4438026714377643e-13,2.392240335045857e-13,5.421010862427522e-20,5.421010862427522e-20,1.4376038155231883e-14,1.4376038155231883e-14,6.827429709554956e-15,2.4682826830181807e-14,6.827429709554956e-15,2.4672297362639605e-14,2.0271633426636135e-10
1.978777348835705e-10,4.529404959013656e-13,6.4018582627671775e-16,4.7825493475603245e-20,5.124351518088302e-20,0.0,0.0,5.352747492607438e-05,0.012552811750777574,4.02477645838975e-06,0.4547130127078457,3.452160107955397e-05,5.271250403325479e-14,5.271250403325479e-14,1.9345435387761785e-14,2.5612770463257507e-14,1.2941710129652983e-14,9.048317650695026e-15,1.3183951913696723e-14,0.0,0.0,1.3552527156068805e-20,0.0,0.0,0.0,4.404398459226751e-13,2.371027794167801e-13,4.4043984591631615e-13,2.371027794133569e-13,5.421010862427522e-20,5.421010862427522e-20,1.435873118098854e-14,1.435873118098854e-14,8.534287136983493e-15,1.839036255206098e-14,8.534287136983493e-15,1.839036255206098e-14,1.978777348835705e-10
1.9443406837413089e-10,4.4666443413494993e-13,6.77599954797753e-16,4.0374249922498175e-20,5.107456504884607e-20,0.0,0.0,5.089975244864946e-05,0.012388641843642178,4.024569956033978e-06,0.4545991668588622,3.4519778530021686e-05,2.6502032769813695e-14,2.6502032769813695e-14,1.8746946546525025e-14,1.8978427411539225e-14,1.2941710129652983e-14,9.880984919163893e-15,1.2654279483902089e-14,0.0,0.0,1.3552527156068805e-20,0.0,0.0,0.0,4.38353566676963e-13,2.359796689344346e-13,4.383535666595922e-13,2.3597966892508333e-13,1.0842021724855044e-19,1.0842021724855044e-19,2.868293165511485e-14,2.868293165511485e-14,1.0241144564427095e-14,2.404223888819903e-14,1.0241144564427095e-14,2.404223888819903e-14,1.9443406837413089e-10
1.9043823434167703e-10,4.409817383680179e-13,5.874748045952207e-16,4.8184189702061146e-20,5.290671365590438e-20,0.0,0.0,5.0124412850454944e-05,0.012086402512083858,4.024365794298684e-06,0.2481453058103313,3.451666482959012e-05,4.113485485228852e-14,4.113485485228852e-14,2.0373050799426273e-14,1.8968767985074974e-14,1.2941710129652983e-14,9.936496070395151e-15,1.2658281116634849e-14,0.0,0.0,6.776263578034403e-21,0.0,0.0,0.0,4.269000728601323e-13,2.2981388887810414e-13,4.2690007285607394e-13,2.298138888759194e-13,0.0,5.421010862427522e-20,0.0,1.4324241944980643e-14,1.0241144564473176e-14,2.2736895057693292e-14,1.0241144564473176e-14,2.272990070406484e-14,1.9043823434167703e-10
1.8756125356187403e-10,4.3258009451614016e-13,6.977643512971218e-16,4.854023535484209e-20,5.88347442630634e-20,0.0,0.0,4.751929085109909e-05,0.012453465086415427,4.024159467835165e-06,0.379281898895822,3.451733985392099e-05,2.678999636778353e-14,2.678999636778353e-14,2.4722256583500695e-14,1.3429383817534999e-14,1.2941710129652983e-14,1.0325074129013956e-14,1.332351470096185e-14,0.0,0.0,1.3552527156068805e-20,0.0,0.0,0.0,4.3299722056705714e-13,2.3309617743852764e-13,4.329972205602329e-13,2.3309617743485394e-13,5.421010862427522e-20,0.0,1.430705938401983e-14,0.0,8.534287137098703e-15,2.766790888843962e-14,8.534287137098703e-15,2.7674894852052406e-14,1.8756125356187403e-10
1.8233030770949665e-10,4.26984392483699e-13,1.0990647210786425e-15,5.549197221713824e-20,5.507754695627779e-20,0.0,0.0,4.48719953035443e-05,0.011572318613375644,4.023956421687661e-06,0.1872629138725057,3.451617038099869e-05,2.8084979881375264e-14,2.8084979881375264e-14,1.3460760126597699e-14,1.424406296181907e-14,1.2941710129652983e-14,9.880984919163893e-15,1.2330857609963599e-14,0.0,0.0,2.710505431213761e-20,0.0,0.0,0.0,4.22731536838245e-13,2.2756983333672194e-13,4.227315368415537e-13,2.275698333385032e-13,0.0,0.0,0.0,0.0,1.0241144564562943e-14,2.0686820926241293e-14,1.0241144564562943e-14,2.0681587730965237e-14,1.8233030770949665e-10
1.7890115496541852e-10,4.19240309947237e-13,7.889616961715915e-16,6.376982487231753e-20,7.315886211933533e-20,0.0,0.0,4.207219381070948e-05,0.01148221840122756,4.023750307409291e-06,0.14757027159418915,3.451368613285706e-05,3.772886723898357e-14,3.772886723898357e-14,1.7848256620511572e-14,1.5003969455041584e-14,1.2941710129652983e-14,8.382183835919932e-15,1.2364567961211255e-14,0.0,0.0,1.3552527156068805e-20,0.0,0.0,0.0,4.298812806698754e-13,2.314187678740731e-13,4.298812806799825e-13,2.314187678795141e-13,5.421010862427522e-20,5.421010862427522e-20,1.4272817633564453e-14,1.4272817633564453e-14,1.5361716846909983e-14,2.954959380585435e-14,1.5361716846909983e-14,2.9547851494898824e-14,1.7890115496541852e-10
1.7516685500878344e-10,4.132127127141095e-13,7.947987303456224e-16,7.347247959975845e-20,8.00273276643275e-20,0.0,0.0,4.37440021878037e-05,0.012151442570485362,4.023545448892809e-06,0.43532680285920405,3.4510675638262195e-05,5.393125054754921e-14,5.393125054754921e-14,1.3601405760092154e-14,2.420374219368378e-14,1.2941710129652983e-14,1.0769163338864018e-14,1.2536218911525245e-14,0.0,0.0,1.3552527156068805e-20,0.0,0.0,0.0,4.1677547433955705e-13,2.243634954318017e-13,4.1677547435237835e-13,2.2436349543870385e-13,5.421010862427522e-20,5.421010862427522e-20,1.425575814915213e-14,1.425575814915213e-14,8.53428713720803e-15,2.9937150468959537e-14,8.53428713720803e-15,2.994063092591111e-14,1.7516685500878344e-10
1.724932881846879e-10,4.0826304815276515e-13,6.568167990716596e-16,5.679543821953874e-20,6.549485869457014e-20,0.0,0.0,3.955559934703965e-05,0.011512322124862149,4.023341889892386e-06,0.23329936374842747,3.4510040788640044e-05,4.102857399134365e-14,4.102857399134365e-14,2.06830621562237e-14,1.4226495678660337e-14,1.2941710129652983e-14,9.603429163007604e-15,1.2018139476639286e-14,0.0,0.0,1.0164395367051604e-20,0.0,0.0,0.0,4.015083392888184e-13,2.1614471098763305e-13,4.015083392910673e-13,2.161447109888437e-13,0.0,5.421010862427522e-20,0.0,1.4238739396511828e-14,1.1948001992140529e-14,2.2936640176872735e-14,1.1948001992140529e-14,2.294359278074569e-14,1.724932881846879e-10
1.6918036969627608e-10,4.035163010553681e-13,9.40418540046196e-16,6.510592998753863e-20,6.827562273897487e-20,0.0,0.0,4.0412134219474265e-05,0.011721266942983059,4.0231337799884115e-06,0.4684221288439159,3.450759308162994e-05,5.498064428231687e-14,5.498064428231687e-14,2.3774121835893646e-14,1.4986453810783485e-14,1.2941710129652983e-14,1.0047518372857667e-14,1.2199627646915958e-14,0.0,0.0,6.776263578034403e-21,0.0,0.0,0.0,3.980190975209619e-13,2.1426634115149164e-13,3.980190975309656e-13,2.1426634115687697e-13,5.421010862427522e-20,1.0842021724855044e-19,1.4221761229938748e-14,2.8443522459877496e-14,6.827429709822285e-15,3.2791049104448445e-14,6.827429709822285e-15,3.278931302603334e-14,1.6918036969627608e-10
1.657802637970677e-10,3.9786183564950946e-13,1.0400010849839876e-15,4.6083574608026524e-20,5.899688406088786e-20,0.0,0.0,3.4995121317583833e-05,0.010893328934914336,4.022931208454489e-06,0.36226525773083007,3.450456229865523e-05,4.284158674404626e-14,4.284158674404626e-14,1.2915135236424004e-14,2.2294495320651754e-14,1.2941710129652983e-14,1.0047518372857667e-14,1.1544391533201916e-14,0.0,0.0,2.0328790734103208e-20,0.0,0.0,0.0,3.953494561349252e-13,2.128291882723073e-13,3.9534945614720364e-13,2.1282918827891722e-13,1.0842021724855044e-19,5.421010862427522e-20,2.8409647008844465e-14,1.4204823504422232e-14,1.1948001992236677e-14,2.545181050297245e-14,1.1948001992236677e-14,2.5455278524569803e-14,1.657802637970677e-10
1.6323746352053795e-10,3.9146842081114975e-13,6.231111271582837e-16,6.534791941100031e-20,7.144853418588713e-20,0.0,0.0,3.4797450551763025e-05,0.010501708544500053,4.022723890191307e-06,0.3406015669575908,3.450322753118937e-05,3.01391209981917e-14,3.01391209981917e-14,1.3007996286849393e-14,1.4974777406901775e-14,1.2941710129652983e-14,9.381384558082573e-15,1.216859418787117e-14,0.0,0.0,2.0328790734103208e-20,0.0,0.0,0.0,4.158024144355918e-13,2.238396663325386e-13,4.158024144346871e-13,2.2383966633205155e-13,1.0842021724855044e-19,5.421010862427522e-20,2.8375852151283245e-14,1.4187926075641622e-14,1.1948001992283554e-14,2.263482973646202e-14,1.1948001992283554e-14,2.2636561684563364e-14,1.6323746352053795e-10
1.595031457138684e-10,3.8680574878246185e-13,8.95090418262362e-16,5.719824779334099e-20,6.791831783816162e-20,0.0,0.0,3.114260739921639e-05,0.010410173905878424,4.022517024438402e-06,0.23875360053584538,3.450142617039751e-05,4.5063784244052025e-14,4.5063784244052025e-14,2.210105200968216e-14,1.4968939407153236e-14,1.2941710129652983e-14,9.492406860545088e-15,1.1602465745301622e-14,0.0,0.0,1.3552527156068805e-20,0.0,0.0,0.0,4.1374512974614035e-13,2.22732164542144e-13,4.137451297329313e-13,2.2273216453503317e-13,1.0842021724855044e-19,1.0842021724855044e-19,2.8342137599924278e-14,2.8342137599924278e-14,1.1948001992329685e-14,2.949981938089336e-14,1.1948001992329685e-14,2.949808949058779e-14,1.595031457138684e-10
1.567133181105374e-10,3.820659743473952e-13,5.578801654593729e-16,3.4759326033865675e-20,3.781169720141677e-20,0.0,0.0,2.859373550235319e-05,0.011115877790462452,4.0223104866168955e-06,0.5518872716625728,3.450018478074161e-05,2.8032211308044438e-14,2.8032211308044438e-14,1.3194260922365511e-14,1.4963101539302366e-14,1.2941710129652983e-14,1.1268763699945339e-14,1.2363641800679688e-14,0.0,0.0,6.776263578034403e-21,0.0,0.0,0.0,3.8205021032281867e-13,2.056697812036942e-13,3.8205021031612367e-13,2.0566978120009004e-13,5.421010862427522e-20,5.421010862427522e-20,1.4154251534430822e-14,1.4154251534430822e-14,1.5361716847339376e-14,1.591683807266171e-14,1.5361716847339376e-14,1.5918565910055616e-14,1.567133181105374e-10
1.5467908302952903e-10,3.752809650299117e-13,8.233634315563857e-16,3.091380164091916e-20,4.661185286144419e-20,0.0,0.0,2.9695655768723634e-05,0.01071621483416335,4.022106813575362e-06,0.5781185276307992,3.4499029638954746e-05,4.519721696033225e-14,4.519721696033225e-14,2.6575339444342422e-14,2.338032206431633e-14,1.2941710129652983e-14,9.159339953157541e-15,1.1414825922313334e-14,0.0,0.0,6.776263578034403e-21,0.0,0.0,0.0,3.7884378145349793e-13,2.039436585470908e-13,3.7884378146758585e-13,2.0394365855467478e-13,1.0842021724855044e-19,1.0842021724855044e-19,2.8274948273545024e-14,2.8274948273545024e-14,6.827429709954149e-15,2.152577054985828e-14,6.827429709954149e-15,2.15240447605093e-14,1.5467908302952903e-10
1.5284827535304913e-10,3.7212146894978464e-13,7.087189354717363e-16,5.0368200100504955e-20,5.393600831417268e-20,0.0,0.0,2.7524688311122155e-05,0.00976175050702155,4.021899674936909e-06,0.5224461456002071,3.4497235150259974e-05,5.364845649740241e-14,5.364845649740241e-14,2.47298803722831e-14,2.223458819493061e-14,1.2941710129652983e-14,9.325873406851315e-15,1.1272035571311166e-14,0.0,0.0,1.3552527156068805e-20,0.0,0.0,0.0,3.7951010181316665e-13,2.043023599922984e-13,3.7951010181683726e-13,2.043023599942744e-13,1.6263032587282567e-19,1.0842021724855044e-19,4.236220939615747e-14,2.8241472930771644e-14,1.024114456496892e-14,2.4480642872212395e-14,1.024114456496892e-14,2.447547163375185e-14,1.5284827535304913e-10
1.4991313321225974e-10,3.6748804316060783e-13,6.497413668604471e-16,5.048202668657684e-20,5.355829230117691e-20,0.0,0.0,2.714427010597101e-05,0.009635764978049908,4.021693411282695e-06,0.5323809626148024,3.44934679180483e-05,3.1939181165834014e-14,3.1939181165834014e-14,1.8963527986016694e-14,2.4096768994696277e-14,1.2941710129652983e-14,9.825473767932635e-15,1.1541572608427235e-14,0.0,0.0,1.3552527156068805e-20,0.0,0.0,0.0,3.887757083846717e-13,2.0929033074795074e-13,3.8877570837973444e-13,2.0929033074529285e-13,0.0,0.0,0.0,0.0,1.0241144565006038e-14,2.1784768670642976e-14,1.0241144565006038e-14,2.177960354727208e-14,1.4991313321225974e-10
1.473121943018963e-10,3.627776730337361e-13,6.4018582627671775e-16,4.815440040109811e-20,5.609923937157981e-20,0.0,0.0,2.7010632651311984e-05,0.010089847522707763,4.021484914496199e-06,0.3330251946987873,3.449289210874667e-05,5.723988447038751e-14,5.723988447038751e-14,1.6137570291101845e-14,1.493975136089078e-14,1.2941710129652983e-14,9.159339953157541e-15,1.1418465823675753e-14,0.0,0.0,1.3552527156068805e-20,0.0,0.0,0.0,3.663197676243249e-13,1.9720158351495922e-13,3.663197676091513e-13,1.9720158350679076e-13,5.421010862427522e-20,5.421010862427522e-20,1.408737973836666e-14,1.408737973836666e-14,1.1948001992549684e-14,2.901778316307104e-14,1.1948001992549684e-14,2.902122251155547e-14,1.473121943018963e-10
1.4465313010745102e-10,3.580009902447614e-13,7.32242375526988e-16,7.025779614030052e-20,8.892866343710022e-20,0.0,0.0,2.7162155102755453e-05,0.01008464443375577,4.021281234707186e-06,0.31493276515885216,3.449166726751986e-05,4.108309125875445e-14,4.108309125875445e-14,1.4339518259235903e-14,2.407299708349821e-14,1.2941710129652983e-14,7.549516567451064e-15,1.1168002838315767e-14,0.0,0.0,1.3552527156068805e-20,0.0,0.0,0.0,3.857893452809582e-13,2.0768267649324744e-13,3.857893452863607e-13,2.076826764961558e-13,0.0,0.0,0.0,0.0,1.53617168476179e-14,2.4799365616552236e-14,1.53617168476179e-14,2.4799365616552236e-14,1.4465313010745102e-10
1.4209577837966666e-10,3.5312862016455295e-13,8.252325904466732e-16,4.909869422038909e-20,4.751257885143647e-20,0.0,0.0,2.6808478959224222e-05,0.00910237582004398,4.021071949600969e-06,0.3704581387531923,3.448977144049513e-05,5.6002960666837715e-14,5.6002960666837715e-14,2.27561092530889e-14,2.2186665068595248e-14,1.2941710129652983e-14,8.992806499463768e-15,1.1319590006632413e-14,0.0,0.0,2.0328790734103208e-20,0.0,0.0,0.0,3.702630174293836e-13,1.9932436031948667e-13,3.7026301743421743e-13,1.9932436032208888e-13,0.0,0.0,0.0,0.0,1.8775431702709127e-14,1.593126146572036e-14,1.8775431702709127e-14,1.5934692708767036e-14,1.4209577837966666e-10
1.4084618834038118e-10,3.4914543820139905e-13,7.364386412590295e-16,5.598112455454472e-20,8.202689050257973e-20,0.0,0.0,2.649140111321786e-05,0.008994725654267174,4.020865433658611e-06,0.21819368548699208,3.448795512302176e-05,4.076723348268654e-14,4.076723348268654e-14,3.87577836637741e-14,2.217468465733783e-14,1.2941710129652983e-14,9.71445146547012e-15,1.1471030509035759e-14,0.0,0.0,3.3881317890172014e-20,0.0,0.0,0.0,3.6531725503748074e-13,1.9666189909961502e-13,3.653172550347407e-13,1.9666189909813999e-13,1.0842021724855044e-19,5.421010862427522e-20,2.8075278186284082e-14,1.4037639093142041e-14,1.194800199267386e-14,2.462960612681592e-14,1.194800199267386e-14,2.462103811522237e-14,1.4084618834038118e-10
1.3849226242886438e-10,3.4547651175359144e-13,7.32242375526988e-16,3.9220460994821986e-20,6.344855340066579e-20,0.0,0.0,2.6470145074453683e-05,0.008957196956904636,4.020659582583407e-06,0.8305296741441752,3.4484824440593286e-05,2.7396395253460584e-14,2.7396395253460584e-14,1.3948057705344491e-14,1.879491546354283e-14,1.2941710129652983e-14,9.825473767932635e-15,1.1602741659837816e-14,0.0,0.0,2.0328790734103208e-20,0.0,0.0,0.0,3.600415634903821e-13,1.9382182652048175e-13,3.600415634837905e-13,1.9382182651693327e-13,5.421010862427522e-20,0.0,1.402113684298846e-14,0.0,1.1948001992714045e-14,1.7961403018830223e-14,1.1948001992714045e-14,1.7954556667384128e-14,1.3849226242886438e-10
1.3597849642980978e-10,3.4058647321411943e-13,7.28021923224409e-16,4.6332005381734177e-20,4.719959894418179e-20,0.0,0.0,2.595980889523442e-05,0.007970776780636433,4.020451043683937e-06,0.1062863308006013,3.4484904877370486e-05,4.222279895454568e-14,4.222279895454568e-14,1.7092264033708975e-14,2.47575353629115e-14,1.2941710129652983e-14,8.326672684688674e-15,1.073607502580782e-14,0.0,0.0,1.3552527156068805e-20,0.0,0.0,0.0,3.559359954675426e-13,1.9161166865599397e-13,3.559359954608476e-13,1.9161166865238984e-13,5.421010862427522e-20,5.421010862427522e-20,1.40046733464312e-14,1.40046733464312e-14,8.534287137681194e-15,1.80941749814437e-14,8.534287137681194e-15,1.80941749814437e-14,1.3597849642980978e-10
1.3272366112755e-10,3.3762559860799895e-13,4.509747244882934e-16,4.1357419116073794e-20,3.399035395986592e-20,0.0,0.0,2.6244289873252044e-05,0.00905046368677582,4.020245356502598e-06,0.3469610522432412,3.448303415222478e-05,4.431550107493841e-14,4.431550107493841e-14,2.9594054450481196e-14,1.413867300069324e-14,1.2941710129652983e-14,9.381384558082573e-15,1.1259284088148642e-14,0.0,0.0,1.3552527156068805e-20,0.0,0.0,0.0,3.408916606263571e-13,1.835128246518841e-13,3.4089166061984303e-13,1.835128246483774e-13,5.421010862427522e-20,0.0,1.398824846711797e-14,0.0,6.827429710167265e-15,2.6907937266953592e-14,6.827429710167265e-15,2.690452212070826e-14,1.3272366112755e-10
1.3138687976391325e-10,3.342160412794139e-13,4.1168171577819285e-16,4.4948647537782565e-20,7.149066006077251e-20,0.0,0.0,2.603427137871618e-05,0.008727250588965084,4.020036027713529e-06,0.21489445364904267,3.4480530655990987e-05,4.097327896401793e-14,4.097327896401793e-14,2.606908757164796e-14,2.2126764524700028e-14,1.2941710129652983e-14,1.0602629885170245e-14,1.088245967306011e-14,0.0,0.0,6.776263578034403e-21,0.0,0.0,0.0,3.7281073450732625e-13,2.0069587746522078e-13,3.7281073450334545e-13,2.006958774630778e-13,5.421010862427522e-20,5.421010862427522e-20,1.3971862069335364e-14,1.3971862069335364e-14,6.8274297101892776e-15,2.8938453829613127e-14,6.8274297101892776e-15,2.894868726645981e-14,1.3138687976391325e-10
1.301518122182317e-10,3.299596604215769e-13,6.753223014464259e-16,4.520331613405486e-20,5.532127401395181e-20,0.0,0.0,2.5848770414563004e-05,0.007889775162303011,4.019829638913955e-06,0.25908765807269424,3.4479361761310015e-05,5.965980665300761e-14,5.965980665300761e-14,1.5143515427626594e-14,1.8756286388633707e-14,1.2941710129652983e-14,6.106226635438361e-15,1.0554848680803435e-14,0.0,0.0,1.3552527156068805e-20,0.0,0.0,0.0,3.7466153254365375e-13,2.0169222092191473e-13,3.7466153253737234e-13,2.0169222091853323e-13,5.421010862427522e-20,5.421010862427522e-20,1.3955514018005188e-14,1.3955514018005188e-14,1.1948001992869209e-14,2.5839858573940227e-14,1.1948001992869209e-14,2.583134068807065e-14,1.301518122182317e-10
1.2737648476544907e-10,3.2652305613970387e-13,5.661048867003676e-16,2.7939250479261703e-20,4.196919752470966e-20,0.0,0.0,2.5761724445248124e-05,0.0084998852441163,4.0196220835166894e-06,0.7649368332000975,3.44775216796232e-05,2.7669753848875705e-14,2.7669753848875705e-14,1.7893457008353736e-14,2.210280538428082e-14,1.2941710129652983e-14,9.936496070395151e-15,1.0989477326661405e-14,0.0,0.0,2.0328790734103208e-20,0.0,0.0,0.0,3.4582640233501853e-13,1.8616935308739954e-13,3.458264023488738e-13,1.8616935309485825e-13,0.0,5.421010862427522e-20,0.0,1.3939204178680688e-14,6.827429710232397e-15,2.489590776031493e-14,6.827429710232397e-15,2.4897609346519583e-14,1.2737648476544907e-10
1.242088248767898e-10,3.231476573638835e-13,6.231111271582837e-16,6.410646186672688e-20,8.058780990232142e-20,0.0,0.0,2.5646535174705043e-05,0.008302320948560692,4.019416544273409e-06,0.7817437406780487,3.447388247519644e-05,4.366711211688316e-14,4.366711211688316e-14,1.4905687433578637e-14,1.873697255408362e-14,1.2941710129652983e-14,8.43769498715119e-15,1.0418017874751571e-14,0.0,0.0,1.3552527156068805e-20,0.0,0.0,0.0,3.4133497161003893e-13,1.8375147305608739e-13,3.413349716124946e-13,1.8375147305740936e-13,5.421010862427522e-20,5.421010862427522e-20,1.3922932417542908e-14,1.3922932417542908e-14,1.1948001992943663e-14,2.6721109371014553e-14,1.1948001992943663e-14,2.6721109371014553e-14,1.242088248767898e-10
1.2388918984392163e-10,3.194157949040605e-13,7.611305586242616e-16,4.862883944809164e-20,7.473689913598268e-20,0.0,0.0,2.5462421140819827e-05,0.007859377906821348,4.019207719506361e-06,0.4484525381857333,3.447445308245392e-05,5.6052138372344826e-14,5.6052138372344826e-14,2.0163671845295962e-14,2.4686509562966193e-14,1.2941710129652983e-14,6.994405055138486e-15,1.4365626066796458e-14,0.0,0.0,2.710505431213761e-20,0.0,0.0,0.0,3.4208336216346796e-13,1.8415435549724198e-13,3.420833621621755e-13,1.8415435549654622e-13,5.421010862427522e-20,1.0842021724855044e-19,1.3906698601396994e-14,2.7813397202793988e-14,1.3654859420548733e-14,2.3469571541593724e-14,1.3654859420548733e-14,2.3471269159788414e-14,1.2388918984392163e-10
1.213754099884304e-10,3.1640612635817583e-13,6.377745716588144e-16,4.5708396795274937e-20,6.307988523066852e-20,0.0,0.0,2.52550726655276e-05,0.007679094279846755,4.0189955274462495e-06,0.30565294347860605,3.447120477432596e-05,4.230756723620152e-14,4.230756723620152e-14,1.8518260254370847e-14,2.3942252959615975e-14,1.2941710129652983e-14,7.438494264988549e-15,1.4368633527376695e-14,0.0,0.0,1.3552527156068805e-20,0.0,0.0,0.0,3.454560552413746e-13,1.8596998346617918e-13,3.4545605524589823e-13,1.859699834686144e-13,5.421010862427522e-20,5.421010862427522e-20,1.3890502597668589e-14,1.3890502597668589e-14,1.5361716848163622e-14,9.593937465681997e-15,1.5361716848163622e-14,9.592241824560456e-15,1.213754099884304e-10
1.1934114325405368e-10,3.123639016900793e-13,7.32242375526988e-16,4.7191215091702045e-20,6.999880960212756e-20,0.0,0.0,2.535801412222939e-05,0.007401034346566352,4.018787707617603e-06,0.26625167499323577,3.446882945338869e-05,3.4642931001446203e-14,3.4642931001446203e-14,1.1545654673837056e-14,1.4863876696981877e-14,1.2941710129652983e-14,8.271161533457416e-15,1.4498383004444927e-14,0.0,0.0,2.710505431213761e-20,0.0,0.0,0.0,3.4977697131988463e-13,1.882960700392398e-13,3.4977697133025024e-13,1.8829607004481992e-13,0.0,0.0,0.0,0.0,6.8274297103152555e-15,2.0415481884347803e-14,6.8274297103152555e-15,2.041209454705158e-14,1.1934114325405368e-10
1.1822231312128902e-10,3.1001717133164155e-13,5.688200336284365e-16,4.3123877344219895e-20,4.888367368344704e-20,0.0,0.0,2.4950474239463217e-05,0.007445751315544705,4.018580006016087e-06,0.17753987255750298,3.4467582985031324e-05,3.030575548773644e-14,3.030575548773644e-14,1.894698590255879e-14,1.3270803423330891e-14,1.2941710129652983e-14,8.770761894538737e-15,1.4598767642324243e-14,0.0,0.0,2.710505431213761e-20,0.0,0.0,0.0,3.5955149102081064e-13,1.9355800492094542e-13,3.59551491031564e-13,1.935580049267343e-13,0.0,0.0,0.0,0.0,1.3654859420670614e-14,2.0630290748318997e-14,1.3654859420670614e-14,2.0630290748318997e-14,1.1822231312128902e-10
1.173505050435137e-10,3.05404904187297e-13,7.28021923224409e-16,3.95120669503109e-20,4.1740977067635345e-20,0.0,0.0,2.4726210558004324e-05,0.0072336766348516,4.018373917401481e-06,0.22204408331338346,3.4466371430705005e-05,4.5638014816246994e-14,4.5638014816246994e-14,2.7493594037399843e-14,1.4852205392666836e-14,1.2941710129652983e-14,6.994405055138486e-15,1.4163300744889415e-14,0.0,0.0,1.3552527156068805e-20,0.0,0.0,0.0,3.536125081368548e-13,1.903608615159369e-13,3.536125081337787e-13,1.9036086151428094e-13,0.0,5.421010862427522e-20,0.0,1.3842140144476447e-14,1.194800199312143e-14,1.7735484131975203e-14,1.194800199312143e-14,1.7743932819156977e-14,1.173505050435137e-10
1.145025106283389e-10,3.0225024594864e-13,7.32242375526988e-16,4.469252780316089e-20,8.555294481479161e-20,0.0,0.0,2.466606904881169e-05,0.006586457626096308,4.018165747473478e-06,0.21039662195351536,3.4465854458069826e-05,4.86052660961182e-14,4.86052660961182e-14,1.5957046222772866e-14,1.4080136863746681e-14,1.2941710129652983e-14,8.271161533457416e-15,1.4438989937299488e-14,0.0,0.0,3.3881317890172014e-20,0.0,0.0,0.0,3.505864481430151e-13,1.8873183716252416e-13,3.5058644813334744e-13,1.8873183715731978e-13,0.0,0.0,0.0,0.0,6.827429710374664e-15,2.952599998617574e-14,6.827429710374664e-15,2.95293755435081e-14,1.145025106283389e-10
5.323067122803483e-10,1.2593345814473384e-12,1.0310738718936457e-15,4.338925755574552e-20,3.294867128895159e-20,0.0,0.0,0.0015610665517033096,0.21230834559867925,4.017948254321603e-06,0.9862023873452922,3.445696412285194e-05,4.290778512702824e-14,4.290778512702824e-14,2.6983043192035187e-14,2.2006982185987277e-14,1.2941710129652983e-14,2.1815882433884326e-14,1.8714164531754133e-14,0.0,0.0,6.776263578034403e-21,0.0,0.0,0.0,3.7084554438989896e-13,1.996379531124681e-13,3.708455443888779e-13,1.9963795311191847e-13,0.0,0.0,0.0,0.0,1.0241144565602553e-14,2.9110816292452945e-14,1.0241144565602553e-14,2.9110816292452945e-14,5.323067122803483e-10
5.180818173688439e-10,1.241690739388209e-12,1.0022799304547519e-15,5.618580942222821e-20,5.494577998833743e-20,0.0,0.0,0.003487710036551932,0.4617817736196435,4.017731655120633e-06,2.060395209794659,3.445304851820747e-05,5.755343693059055e-14,5.755343693059055e-14,1.572902059564474e-14,1.3247317304489905e-14,1.2941710129652983e-14,2.4646951146678475e-14,1.2334053090238683e-14,0.0,0.0,1.3552527156068805e-20,0.0,0.0,0.0,3.4628215375545243e-13,1.8641469857443572e-13,3.4628215375750746e-13,1.8641469857554202e-13,5.421010862427522e-20,5.421010862427522e-20,1.3794113289178426e-14,1.3794113289178426e-14,6.827429710431654e-15,3.087552683272768e-14,6.827429710431654e-15,3.087552683272768e-14,5.180818173688439e-10
4.861873473427808e-10,1.188163147364328e-12,9.852251986074894e-16,5.23792463454753e-20,7.628361528430483e-20,0.0,0.0,0.01996789846462815,3.845126681696498,4.0175197961607375e-06,1.1561383082499792,3.4454311207711015e-05,5.860680759899775e-14,5.860680759899775e-14,2.1243114028590835e-14,2.1983040013183844e-14,1.2941710129652983e-14,2.170486013142181e-14,1.0986523989198805e-14,0.0,0.0,2.0328790734103208e-20,0.0,0.0,0.0,3.7284448538779715e-13,2.0071404663779111e-13,3.7284448540826987e-13,2.0071404664881222e-13,0.0,0.0,0.0,0.0,1.536171684854376e-14,2.4779867455617838e-14,1.536171684854376e-14,2.477818552610887e-14,4.861873473427808e-10
4.60337597935548e-10,1.1389934750852692e-12,9.453208419344607e-16,3.4718019630641874e-20,3.4618127094121555e-20,0.0,0.0,0.0024753701626269295,0.35515261030720197,4.017305340717175e-06,3.667666495937908,3.44506019188421e-05,4.518467324722396e-14,4.518467324722396e-14,1.737966696847867e-14,2.197106872568841e-14,1.2941710129652983e-14,2.3203661214665772e-14,1.0981344530743874e-14,0.0,0.0,1.3552527156068805e-20,0.0,0.0,0.0,4.102321509154053e-13,2.2084101628998155e-13,4.102321509354838e-13,2.2084101630079043e-13,5.421010862427522e-20,0.0,1.3762280107872989e-14,0.0,1.1948001993371625e-14,2.6337184241689595e-14,1.1948001993371625e-14,2.6347264174422267e-14,4.60337597935548e-10
4.346040021743685e-10,1.093236453092767e-12,9.59877536665409e-16,6.55233503827917e-20,7.813851411900702e-20,0.0,0.0,0.0012819009889175165,0.1833389421002175,4.017093438335545e-06,1.7064107074667711,3.4450496029623575e-05,4.2500064376293704e-14,4.2500064376293704e-14,1.6242900801974746e-14,1.3229705270193535e-14,1.2941710129652983e-14,2.0317081350640365e-14,9.82026805672001e-15,0.0,0.0,2.0328790734103208e-20,0.0,0.0,0.0,4.1969101714479916e-13,2.2593302486704943e-13,4.1969101711649407e-13,2.2593302485181192e-13,1.0842021724855044e-19,5.421010862427522e-20,2.7492837101338396e-14,1.3746418550669198e-14,1.5361716848701382e-14,2.0509158169585612e-14,1.5361716848701382e-14,2.0500767906875095e-14,4.346040021743685e-10
4.106285576325903e-10,1.0502560031533392e-12,1.1253850591815436e-15,4.2856853864461685e-20,6.670483360300287e-20,0.0,0.0,0.0008545215362037069,0.12103541308475402,4.01687771854977e-06,1.3957439266679716,3.444998474985898e-05,4.2974008476699567e-14,4.2974008476699567e-14,1.70111428445848e-14,1.4811338812574093e-14,1.2941710129652983e-14,1.970645868709653e-14,1.0767100087048943e-14,0.0,0.0,2.0328790734103208e-20,0.0,0.0,0.0,4.2767083625185404e-13,2.3022881532979057e-13,4.2767083624521075e-13,2.3022881532621427e-13,5.421010862427522e-20,5.421010862427522e-20,1.3730593513484287e-14,1.3730593513484287e-14,1.1948001993499741e-14,1.7855714386929418e-14,1.1948001993499741e-14,1.7864094990696866e-14,4.106285576325903e-10
3.900532689996611e-10,1.0105805767726214e-12,1.415262216750919e-15,3.553502599087806e-20,4.722845481170916e-20,0.0,0.0,0.0006327113441082028,0.08939184432869096,4.016665797479668e-06,1.352441167054202,3.44460922737968e-05,3.714395216405707e-14,3.714395216405707e-14,1.3601499880254616e-14,1.4039211852689595e-14,1.2941710129652983e-14,1.8596235662471372e-14,1.1286046609691759e-14,0.0,0.0,2.0328790734103208e-20,0.0,0.0,0.0,4.3350696564011857e-13,2.3337058942630804e-13,4.335069656409199e-13,2.3337058942673945e-13,0.0,0.0,0.0,0.0,1.3654859421219669e-14,1.7063379209858826e-14,1.3654859421219669e-14,1.7060030823043706e-14,3.900532689996611e-10
3.689838637058796e-10,9.734324210061777e-13,9.305364597889227e-16,7.384262037861826e-20,8.806388023247039e-20,0.0,0.0,0.0004978705335801923,0.070425160559743,4.0164514763552864e-06,1.3519861261191306,3.4444959377502426e-05,5.852457661860012e-14,5.852457661860012e-14,1.6715547164020657e-14,2.1923182515179935e-14,1.2941710129652983e-14,1.8041124150158794e-14,1.0398046007324369e-14,0.0,0.0,2.0328790734103208e-20,0.0,0.0,0.0,4.101514670655288e-13,2.207975816070463e-13,4.1015146705415506e-13,2.2079758160092344e-13,0.0,0.0,0.0,0.0,2.048228913194811e-14,3.139855070159711e-14,2.048228913194811e-14,3.139855070159711e-14,3.689838637058796e-10
3.5095136341799965e-10,9.398573244567122e-13,8.509698344181189e-16,3.319677625758101e-20,4.0001455679511895e-20,0.0,0.0,0.0004069022390099373,0.05775079598325538,4.0162372592228505e-06,7.976619163048702,3.4442407884627854e-05,5.424820133321977e-14,5.424820133321977e-14,1.9207650309120893e-14,1.320622272591273e-14,1.2941710129652983e-14,2.0594637106796654e-14,1.1449896874229131e-14,0.0,0.0,1.3552527156068805e-20,0.0,0.0,0.0,4.523611903092556e-13,2.435204183170957e-13,4.5236119031618323e-13,2.435204183208251e-13,0.0,0.0,0.0,0.0,1.024114456603454e-14,1.588504735444278e-14,1.024114456603454e-14,1.5890058410390555e-14,3.5095136341799965e-10
3.3335473952455614e-10,9.063288593710869e-13,9.773746735086136e-16,4.051616336505831e-20,5.0572038083663885e-20,0.0,0.0,0.00034305520634330864,0.04872382736423265,4.016023881602169e-06,8.29613163265755,3.4442318614509525e-05,5.217998292568917e-14,5.217998292568917e-14,1.832863067885523e-14,1.478798940173991e-14,1.2941710129652983e-14,1.787459069646502e-14,1.1725508330893873e-14,0.0,0.0,1.3552527156068805e-20,0.0,0.0,0.0,4.581188472658145e-13,2.4661994820742356e-13,4.581188472779637e-13,2.466199482139638e-13,5.421010862427522e-20,0.0,1.3667656053959926e-14,0.0,1.194800199377852e-14,3.9465229451375004e-14,1.194800199377852e-14,3.9461892575628713e-14,3.3335473952455614e-10
3.1825739459590456e-10,8.75587978115381e-13,9.28879225241625e-16,4.9910297868130494e-20,6.17244181862622e-20,0.0,0.0,0.0002965406249023885,0.04241978240604623,4.015809422074051e-06,3.092344163453906,3.4439236306532806e-05,4.046353121066554e-14,4.046353121066554e-14,1.866478101855827e-14,2.3763979949590757e-14,1.2941710129652983e-14,1.8707257964933888e-14,1.1003204277485684e-14,0.0,0.0,1.3552527156068805e-20,0.0,0.0,0.0,4.608736027530127e-13,2.481029207147366e-13,4.608736027629388e-13,2.4810292072008016e-13,5.421010862427522e-20,0.0,1.3652011738668947e-14,0.0,1.1948001993850718e-14,2.728773185556526e-14,1.1948001993850718e-14,2.7289398383710825e-14,3.1825739459590456e-10
3.035232833136391e-10,8.462151829659727e-13,9.961119953842058e-16,6.750804764500536e-20,6.360782348753725e-20,0.0,0.0,0.00025707398109965873,0.03668583567175918,4.0155942840127565e-06,0.958284071800063,3.443724677623466e-05,3.599002101999842e-14,3.599002101999842e-14,2.041376173418988e-14,2.1875295365276582e-14,1.2941710129652983e-14,1.587618925213974e-14,1.1240030837768802e-14,0.0,0.0,6.776263578034403e-21,0.0,0.0,0.0,4.809792205683744e-13,2.5892641434285535e-13,4.809792205674438e-13,2.589264143423544e-13,1.0842021724855044e-19,5.421010862427522e-20,2.7272806392244055e-14,1.3636403196122028e-14,1.1948001993923295e-14,2.483950119533264e-14,1.1948001993923295e-14,2.4832842704193294e-14,3.035232833136391e-10
2.8891991285124166e-10,8.194795679282939e-13,1.2136520182768033e-15,4.898165306650563e-20,5.709934881946201e-20,0.0,0.0,0.00022591485681541118,0.03219231485041285,4.015383045069691e-06,2.125742713239082,3.4437235748903935e-05,5.489693929644611e-14,5.489693929644611e-14,1.9346722583280586e-14,1.477047964495121e-14,1.2941710129652983e-14,1.6542323066914832e-14,1.2347535948126947e-14,0.0,0.0,1.3552527156068805e-20,0.0,0.0,0.0,4.836592689846838e-13,2.6036916965748287e-13,4.836592689832362e-13,2.6036916965670365e-13,0.0,0.0,0.0,0.0,1.0241144566282284e-14,2.191633572924276e-14,1.0241144566282284e-14,2.191633572924276e-14,2.8891991285124166e-10
2.7504305716285776e-10,7.933829719303459e-13,1.2199830576784482e-15,6.784728620158149e-20,5.2188794811553877e-20,0.0,0.0,0.00020260323857076195,0.02902853878918927,4.015169216747671e-06,11.946268467687725,3.4435375732589855e-05,5.276053649013934e-14,5.276053649013934e-14,1.7233948004358884e-14,2.377735003889548e-14,1.2941710129652983e-14,1.3933298959045715e-14,1.199348938255638e-14,0.0,0.0,2.0328790734103208e-20,0.0,0.0,0.0,4.587753979167217e-13,2.4697339030763164e-13,4.587753979275784e-13,2.4697339031347617e-13,1.0842021724855044e-19,5.421010862427522e-20,2.7210585879172138e-14,1.3605292939586069e-14,1.1948001994068552e-14,3.121852948212422e-14,1.1948001994068552e-14,3.122351195743657e-14,2.7504305716285776e-10
2.63578319243783e-10,7.697498216493192e-13,9.13828881074737e-16,4.258815620709972e-20,5.2112368203706314e-20,0.0,0.0,0.00018229140622079082,0.025986308396315196,4.014953548746823e-06,2.3305674201479354,3.4432809060578805e-05,5.35565561852325e-14,5.35565561852325e-14,2.004274938891001e-14,2.1839379902730276e-14,1.2941710129652983e-14,1.6209256159527285e-14,1.3022237556564563e-14,0.0,0.0,1.3552527156068805e-20,0.0,0.0,0.0,4.654126724959061e-13,2.505464463447849e-13,4.654126724994217e-13,2.505464463466774e-13,0.0,0.0,0.0,0.0,1.5361716849609595e-14,1.664075445956016e-14,1.5361716849609595e-14,1.664407232506899e-14,2.63578319243783e-10
2.524622991412605e-10,7.467802959494054e-13,9.534353327576943e-16,4.898165306650563e-20,6.242715966015272e-20,0.0,0.0,0.00016448462972583743,0.023611967559045047,4.01473967507687e-06,3.2847714220268434,3.443277782990669e-05,6.15075811316429e-14,6.15075811316429e-14,2.4354440257748958e-14,1.8524607008485875e-14,1.2941710129652983e-14,1.3489209749195652e-14,1.357651779650884e-14,0.0,0.0,1.3552527156068805e-20,0.0,0.0,0.0,4.551049183709438e-13,2.449974544104758e-13,4.551049183688759e-13,2.4499745440936255e-13,0.0,5.421010862427522e-20,0.0,1.3574324310576599e-14,1.0241144566467905e-14,1.962769461508039e-14,1.0241144566467905e-14,1.9631008704504635e-14,2.524622991412605e-10
2.4274123481802637e-10,7.260622018206345e-13,6.684427777288335e-16,3.8481779786641993e-20,4.8965111434790016e-20,0.0,0.0,0.00015137778981936473,0.02169620585784724,4.01452252147823e-06,1.0325847347176917,3.442832195704359e-05,3.9079147980650256e-14,3.9079147980650256e-14,2.441524719366552e-14,2.5048901240140664e-14,1.2941710129652983e-14,1.532107773982716e-14,1.441036051740078e-14,0.0,0.0,2.0328790734103208e-20,0.0,0.0,0.0,4.563124423293528e-13,2.4564750296852836e-13,4.563124423246482e-13,2.456475029659957e-13,0.0,0.0,0.0,0.0,1.0241144566528859e-14,1.4610105816355002e-14,1.0241144566528859e-14,1.4623347104055337e-14,2.4274123481802637e-10
2.3325264568005986e-10,7.049420063461104e-13,8.270975252328749e-16,6.219783176008131e-20,7.582261613575217e-20,0.0,0.0,0.0001375359725067951,0.01980779742515815,4.014310418353479e-06,0.8578342336037508,3.4427670361271716e-05,3.971343542462329e-14,3.971343542462329e-14,1.297291493320776e-14,1.8505304375961096e-14,1.2941710129652983e-14,1.454392162258955e-14,1.437456057959495e-14,0.0,0.0,2.0328790734103208e-20,0.0,0.0,0.0,4.66948323159851e-13,2.5137313594611185e-13,4.669483231616087e-13,2.513731359470581e-13,5.421010862427522e-20,5.421010862427522e-20,1.3543496344164116e-14,1.3543496344164116e-14,1.0241144566589162e-14,1.5802064491493748e-14,1.0241144566589162e-14,1.5797104647020585e-14,2.3325264568005986e-10
2.2434527909200042e-10,6.855822766800299e-13,8.15843973306311e-16,5.719824779334099e-20,6.261625005623344e-20,0.0,0.0,0.0001275984938408689,0.018333222699657307,4.0140972600463675e-06,6.361155745497636,3.442642967245438e-05,5.688904686389853e-14,5.688904686389853e-14,1.8656551571414194e-14,1.8495653139993563e-14,1.2941710129652983e-14,1.3100631690576847e-14,1.5467750621632646e-14,0.0,0.0,2.0328790734103208e-20,0.0,0.0,0.0,4.622887381347837e-13,2.4886473310608805e-13,4.622887381402638e-13,2.4886473310903816e-13,0.0,5.421010862427522e-20,0.0,1.3528134810285407e-14,8.534287138873958e-15,1.8056476299431507e-14,8.534287138873958e-15,1.80515220805822e-14,2.2434527909200042e-10
2.1428993795959543e-10,6.664616962753271e-13,7.870063977598499e-16,6.12680659516676e-20,3.386618308883446e-20,0.0,0.0,0.00011792311603633496,0.016835602234881043,4.0138832466833966e-06,2.7259058899025193,3.442454461878303e-05,3.689894345625743e-14,3.689894345625743e-14,2.185474149312494e-14,2.177952139862297e-14,1.2941710129652983e-14,1.3489209749195652e-14,1.5932992227254862e-14,0.0,0.0,1.3552527156068805e-20,0.0,0.0,0.0,4.56302772242605e-13,2.456422972532267e-13,4.563027722617336e-13,2.456422972635242e-13,1.0842021724855044e-19,1.6263032587282567e-19,2.7025616168329746e-14,4.053842425249462e-14,1.706857427784587e-14,1.222800535824297e-14,1.706857427784587e-14,1.2218108146297811e-14,2.1428993795959543e-10
2.0584752909475908e-10,6.486834119077226e-13,9.678699938266253e-16,3.354079348994881e-20,3.6575267544466814e-20,0.0,0.0,0.00010882921905493796,0.01571847086910332,4.0136689333041865e-06,6.669038413932052,3.4421403963609763e-05,3.79672210297296e-14,3.79672210297296e-14,1.9423111402131552e-14,2.364512580362412e-14,1.2941710129652983e-14,1.2878587085651816e-14,2.14491892556619e-14,0.0,0.0,6.776263578034403e-21,0.0,0.0,0.0,4.743073319120679e-13,2.5533472444691615e-13,4.743073318967651e-13,2.553347244386781e-13,5.421010862427522e-20,5.421010862427522e-20,1.3497516047629863e-14,1.3497516047629863e-14,8.534287138971195e-15,2.0024116494622436e-14,8.534287138971195e-15,2.0022468826022536e-14,2.0584752909475908e-10
1.988727457353991e-10,6.329938911596609e-13,9.914608633805194e-16,4.258815620709972e-20,4.0729028126926715e-20,0.0,0.0,0.00010192805972704078,0.014682925627984886,4.0134525179278935e-06,11.489014222747915,3.4419962017067147e-05,3.409650413775884e-14,3.409650413775884e-14,3.676567717254181e-14,1.3129909219393567e-14,1.2941710129652983e-14,1.3211653993039363e-14,2.2653064525459682e-14,0.0,0.0,1.3552527156068805e-20,0.0,0.0,0.0,4.743212867268455e-13,2.5534223676761157e-13,4.743212867146446e-13,2.5534223676104345e-13,5.421010862427522e-20,1.0842021724855044e-19,1.3482258583042023e-14,2.6964517166084046e-14,1.365485942242993e-14,2.5585701566416287e-14,1.365485942242993e-14,2.5584055760320415e-14,1.988727457353991e-10
1.9134576620957938e-10,6.171495821787022e-13,7.130536482749599e-16,3.664824867999318e-20,4.235922881629563e-20,0.0,0.0,9.516435786579685e-05,0.013663281058965967,4.013237408520315e-06,6.240679868563521,3.441814350582014e-05,5.787697864402097e-14,5.787697864402097e-14,2.376269097389895e-14,2.3621355154378186e-14,1.2941710129652983e-14,1.2823075934420558e-14,2.250745625152215e-14,0.0,0.0,1.3552527156068805e-20,0.0,0.0,0.0,4.511465313407624e-13,2.4286652875615125e-13,4.511465313439677e-13,2.4286652875787674e-13,0.0,0.0,0.0,0.0,1.0241144566878509e-14,2.3990130213329928e-14,1.0241144566878509e-14,2.3988486265532125e-14,1.9134576620957938e-10
1.8303409188907143e-10,6.012034947492111e-13,9.354905487120434e-16,4.4948647537782565e-20,5.717724432110625e-20,0.0,0.0,8.869133281223366e-05,0.013222869919373456,4.013022748513e-06,8.493347312762662,3.44162178230359e-05,3.904331189071747e-14,3.904331189071747e-14,2.4638385252045325e-14,2.1731635673504735e-14,1.2941710129652983e-14,1.1435297153639112e-14,2.257375571270152e-14,0.0,0.0,6.776263578034403e-21,0.0,0.0,0.0,4.639472332103238e-13,2.497575537618486e-13,4.639472332083593e-13,2.4975755376079103e-13,5.421010862427522e-20,5.421010862427522e-20,1.3451846901808075e-14,1.3451846901808075e-14,1.7068574278222685e-14,1.820753485096541e-14,1.7068574278222685e-14,1.8210819038348336e-14,1.8303409188907143e-10
1.7693113617939336e-10,5.869326640113888e-13,1.012983452169639e-15,7.298259228859639e-20,6.40803501776855e-20,0.0,0.0,8.489780619918037e-05,0.013364339653552566,4.0128079668166925e-06,7.2761902934562865,3.44130874891905e-05,2.6198573020001404e-14,2.6198573020001404e-14,2.607037867898173e-14,1.8437747038926206e-14,1.2941710129652983e-14,1.1823875212257917e-14,2.410248813777936e-14,0.0,0.0,2.0328790734103208e-20,0.0,0.0,0.0,4.714196355949569e-13,2.5378018566202383e-13,4.714196355864783e-13,2.5378018565745954e-13,0.0,0.0,0.0,0.0,1.3654859422650312e-14,3.1814168021190223e-14,1.3654859422650312e-14,3.181252777742753e-14,1.7693113617939336e-10
1.7101707445685565e-10,5.717994514004614e-13,8.581815721242673e-16,3.284915645578128e-20,4.6077537989002003e-20,0.0,0.0,8.369485515328303e-05,0.01313115339854429,4.012592847946216e-06,1.9616389883654968,3.4413129585682195e-05,4.289432808460354e-14,4.289432808460354e-14,2.545928770833067e-14,2.496509844787573e-14,1.2941710129652983e-14,9.880984919163893e-15,3.822824461867716e-14,0.0,0.0,1.3552527156068805e-20,0.0,0.0,0.0,4.538849298602346e-13,2.443406957874226e-13,4.538849298586836e-13,2.443406957865877e-13,0.0,0.0,0.0,0.0,5.1205722835204305e-15,2.0814208158746006e-14,5.1205722835204305e-15,2.0807654566756478e-14,1.7101707445685565e-10
1.6473972354579178e-10,5.604295338254301e-13,1.227537204523176e-15,5.689640796719236e-20,5.774664686958012e-20,0.0,0.0,8.337863305086337e-05,0.013194300035411225,4.0123791132120495e-06,7.437291523557275,3.441173532294192e-05,4.07801690429595e-14,4.07801690429595e-14,2.2747749451544224e-14,2.3613931961701562e-14,1.2941710129652983e-14,1.2712053631958042e-14,3.943082439373963e-14,0.0,0.0,1.3552527156068805e-20,0.0,0.0,0.0,4.776808730914622e-13,2.571508089758618e-13,4.776808730930132e-13,2.5715080897669677e-13,1.0842021724855044e-19,5.421010862427522e-20,2.6812971517986016e-14,1.3406485758993008e-14,8.53428713924416e-15,2.6008154014705347e-14,8.53428713924416e-15,2.6008154014705347e-14,1.6473972354579178e-10
1.6020610218506984e-10,5.484350404250742e-13,8.794620319638102e-16,4.803505845702209e-20,5.011102651204615e-20,0.0,0.0,8.374571370625533e-05,0.013322569509062953,4.012164220208303e-06,16.933833990764477,3.4408671123594266e-05,4.377224149324843e-14,4.377224149324843e-14,2.502212009563858e-14,2.494647897129908e-14,1.2941710129652983e-14,1.1324274851176597e-14,3.908535176289429e-14,0.0,0.0,1.3552527156068805e-20,0.0,0.0,0.0,4.694276082370296e-13,2.5270781396901904e-13,4.694276082589499e-13,2.527078139808195e-13,1.0842021724855044e-19,5.421010862427522e-20,2.6782866570455574e-14,1.3391433285227787e-14,1.3654859422858819e-14,2.1038832256533307e-14,1.3654859422858819e-14,2.104210169433541e-14,1.6020610218506984e-10
1.5438510568818592e-10,5.355836293193645e-13,9.43689570931383e-16,3.0680838248317305e-20,4.713919940110667e-20,0.0,0.0,8.330437395594317e-05,0.013466022397812116,4.011949111281554e-06,12.098354211593687,3.4407957301736814e-05,3.99476450106774e-14,3.99476450106774e-14,2.179744803846458e-14,2.3550044574690376e-14,1.2941710129652983e-14,1.404432126150823e-14,3.946044724527191e-14,0.0,0.0,1.3552527156068805e-20,0.0,0.0,0.0,4.644447644685539e-13,2.5002539066458285e-13,4.64444764461833e-13,2.5002539066096485e-13,0.0,5.421010862427522e-20,0.0,1.3376414574651631e-14,1.877543170652278e-14,1.7780490668369e-14,1.877543170652278e-14,1.7778857782826862e-14,1.5438510568818592e-10
1.5055412538846421e-10,5.236060436639633e-13,9.899056296961976e-16,5.215962589666925e-20,6.185420210430745e-20,0.0,0.0,8.333615560289379e-05,0.013438605257532722,4.01173165006939e-06,3.179090235150727,3.4404821967732286e-05,3.911184232887202e-14,3.911184232887202e-14,1.3047226249582167e-14,2.6165904530355276e-14,1.2941710129652983e-14,1.1102230246251565e-14,4.003674249765419e-14,0.0,0.0,1.3552527156068805e-20,0.0,0.0,0.0,4.474049630017108e-13,2.408523235002468e-13,4.4740496299209484e-13,2.408523234950702e-13,0.0,5.421010862427522e-20,0.0,1.3361429513793904e-14,1.3654859422991195e-14,1.8026434127135097e-14,1.3654859422991195e-14,1.8026434127135097e-14,1.5055412538846421e-10
1.475422657230804e-10,5.130842587167614e-13,7.529898907871222e-16,6.604684752132067e-20,6.720403611274267e-20,0.0,0.0,8.283488262132431e-05,0.013652925455234617,4.011515784183886e-06,3.4609881779246003,3.440347606209385e-05,2.5323048373653137e-14,2.5323048373653137e-14,2.9138837176003417e-14,2.1647839091869793e-14,1.2941710129652983e-14,1.2601031329495527e-14,4.031504766454706e-14,0.0,0.0,2.0328790734103208e-20,0.0,0.0,0.0,4.267170992852733e-13,2.297153883823836e-13,4.267170992721418e-13,2.2971538837531447e-13,5.421010862427522e-20,5.421010862427522e-20,1.3346477989691856e-14,1.3346477989691856e-14,1.3654859423055425e-14,2.4402623918605114e-14,1.3654859423055425e-14,2.4402623918605114e-14,1.475422657230804e-10
1.4595441422632858e-10,5.02212259832709e-13,8.289582644243109e-16,2.814393636936159e-20,2.3034760163412964e-20,0.0,0.0,8.229156979903942e-05,0.013746082242192169,4.01130322723937e-06,19.75062996808262,3.4402770609104184e-05,5.0152765716974574e-14,5.0152765716974574e-14,2.2742981377242482e-14,2.2771630703300998e-14,1.2941710129652983e-14,1.27675647831893e-14,4.0238250973514576e-14,0.0,0.0,1.3552527156068805e-20,0.0,0.0,0.0,4.2478083628868387e-13,2.286730364189463e-13,4.2478083629788626e-13,2.2867303642390023e-13,5.421010862427522e-20,5.421010862427522e-20,1.3331559889887808e-14,1.3331559889887808e-14,1.1948001995228572e-14,2.4202842358662246e-14,1.1948001995228572e-14,2.4204469768718642e-14,1.4595441422632858e-10
1.42703121946412e-10,4.912018291306552e-13,7.611305586242616e-16,3.196357137050946e-20,3.613778398469911e-20,0.0,0.0,8.25999452970781e-05,0.013781437873678007,4.011085508766248e-06,15.517959831803784,3.440089700315271e-05,5.061001172811109e-14,5.061001172811109e-14,1.7254867508148106e-14,2.1623898179877915e-14,1.2941710129652983e-14,9.159339953157541e-15,4.040113647832141e-14,0.0,0.0,2.710505431213761e-20,0.0,0.0,0.0,4.2488151148437556e-13,2.287272330792577e-13,4.2488151146845233e-13,2.287272330706857e-13,5.421010862427522e-20,5.421010862427522e-20,1.3316675102426311e-14,1.3316675102426311e-14,1.3654859423180032e-14,2.4372516534338446e-14,1.3654859423180032e-14,2.4372516534338446e-14,1.42703121946412e-10
1.4006932044430666e-10,4.822539434130574e-13,6.911082593979286e-16,5.002516636959102e-20,5.045744681527138e-20,0.0,0.0,8.281769738424205e-05,0.013938658783910018,4.010871079771206e-06,1.0506651816056802,3.4399582330310844e-05,3.909131655915621e-14,3.909131655915621e-14,1.7821243362602604e-14,1.8350893036106614e-14,1.2941710129652983e-14,1.0269562977782698e-14,4.1320707577879665e-14,0.0,0.0,1.3552527156068805e-20,0.0,0.0,0.0,4.221743928044966e-13,2.2726990498064745e-13,4.2217439280098106e-13,2.2726990497875494e-13,0.0,5.421010862427522e-20,0.0,1.330182351585137e-14,1.3654859423240481e-14,2.124878623051521e-14,1.3654859423240481e-14,2.1242291110163533e-14,1.4006932044430666e-10
1.3725909437049723e-10,4.738278033861395e-13,7.83081154346659e-16,5.628787273872319e-20,8.180191735867466e-20,0.0,0.0,8.320488865034125e-05,0.014223618694563742,4.010655158686234e-06,2.2820452094539476,3.4394623564461307e-05,5.953826841646339e-14,5.953826841646339e-14,2.1029032459802725e-14,2.1599957748321958e-14,1.2941710129652983e-14,1.454392162258955e-14,4.101366274566667e-14,0.0,0.0,1.3552527156068805e-20,0.0,0.0,0.0,4.1466244379486407e-13,2.2322598387425942e-13,4.146624437980694e-13,2.2322598387598497e-13,5.421010862427522e-20,5.421010862427522e-20,1.328700501920362e-14,1.328700501920362e-14,1.8775431707037077e-14,1.8623472967900347e-14,1.8775431707037077e-14,1.862509493906982e-14,1.3725909437049723e-10
1.3510416420895599e-10,4.649259049723431e-13,6.821324464969807e-16,4.3123877344219895e-20,6.547069068493448e-20,0.0,0.0,8.354687244668466e-05,0.014268112998651201,4.010437368802002e-06,0.568352509480148,3.43926914149307e-05,5.0509831678154245e-14,5.0509831678154245e-14,2.7554749469314333e-14,1.8331593126662444e-14,1.2941710129652983e-14,1.2101430968414206e-14,4.1128031751448475e-14,0.0,0.0,2.0328790734103208e-20,0.0,0.0,0.0,4.39145560890997e-13,2.364060246131224e-13,4.3914556088954944e-13,2.3640602461234313e-13,1.0842021724855044e-19,1.0842021724855044e-19,2.6544439004035224e-14,2.6544439004035224e-14,1.1948001995437986e-14,2.6509160622460686e-14,1.1948001995437986e-14,2.6512400955014464e-14,1.3510416420895599e-10
1.3276020752324006e-10,4.5418865372770446e-13,7.065416064076988e-16,5.048202668657684e-20,6.333881890212995e-20,0.0,0.0,8.361271263572635e-05,0.014352733068034472,4.010222384192792e-06,2.1389201468662145,3.4393308615923284e-05,4.6199334521108294e-14,4.6199334521108294e-14,2.4399538932865425e-14,1.4630456042974592e-14,1.2941710129652983e-14,7.549516567451064e-15,4.0888302618966576e-14,0.0,0.0,6.776263578034403e-21,0.0,0.0,0.0,4.011308804168206e-13,2.1594151286989928e-13,4.0113088041397716e-13,2.1594151286836858e-13,5.421010862427522e-20,5.421010862427522e-20,1.3257466854319045e-14,1.3257466854319045e-14,8.534287139634092e-15,2.898492425561972e-14,8.534287139634092e-15,2.89800691594295e-14,1.3276020752324006e-10
1.3047926079711075e-10,4.4546413960274706e-13,6.255789036560346e-16,5.70978118110378e-20,7.441926076590788e-20,0.0,0.0,8.277839714381336e-05,0.014453834747942153,4.010007767529877e-06,0.7835083415045984,3.4390708601250486e-05,4.062637850662769e-14,4.062637850662769e-14,2.9258995779999515e-14,2.771583358688542e-14,1.2941710129652983e-14,9.43689570931383e-15,4.109820635119423e-14,0.0,0.0,2.0328790734103208e-20,0.0,0.0,0.0,3.9539978302056827e-13,2.1285628083574366e-13,3.9539978301255496e-13,2.128562808314298e-13,5.421010862427522e-20,0.0,1.3242746966622028e-14,0.0,1.1948001995536471e-14,1.3614740038908661e-14,1.1948001995536471e-14,1.3613123470392999e-14,1.3047926079711075e-10
1.278328621057047e-10,4.379056055138674e-13,6.977643512971218e-16,4.815440040109811e-20,5.1416163607829946e-20,0.0,0.0,8.320173379659565e-05,0.014409068198355883,4.0097896437024105e-06,4.308455936486079,3.439006273988483e-05,4.4146829546068214e-14,4.4146829546068214e-14,2.5546033525947835e-14,2.1552078416012316e-14,1.2941710129652983e-14,8.881784197001252e-15,4.123142945193651e-14,0.0,0.0,6.776263578034403e-21,0.0,0.0,0.0,3.9453291571391137e-13,2.123896185895891e-13,3.9453291572342394e-13,2.1238961859471002e-13,5.421010862427522e-20,5.421010862427522e-20,1.3228059729926388e-14,1.3228059729926388e-14,1.3654859423524842e-14,1.8498869506723318e-14,1.3654859423524842e-14,1.8498869506723318e-14,1.278328621057047e-10
1.2590476795121055e-10,4.298149111855338e-13,6.544668208791957e-16,5.926810042546634e-20,4.038607772258848e-20,0.0,0.0,8.379708765766749e-05,0.01493704264877129,4.0095733736964e-06,1.5042520899457652,3.43861859401691e-05,4.619512553909589e-14,4.619512553909589e-14,1.5546800371360038e-14,2.4154180955529523e-14,1.2941710129652983e-14,9.992007221626409e-15,4.2109640233391035e-14,0.0,0.0,2.0328790734103208e-20,0.0,0.0,0.0,4.054946141230814e-13,2.1829064953400365e-13,4.054946141322838e-13,2.182906495389576e-13,5.421010862427522e-20,0.0,1.3213405035714985e-14,0.0,1.8775431707420226e-14,2.8635352841687824e-14,1.8775431707420226e-14,2.8636965828385376e-14,1.2590476795121055e-10
1.2361122179621782e-10,4.2385609588539794e-13,1.0590852655056278e-15,5.2597949786655044e-20,5.605680575756875e-20,0.0,0.0,8.442684641479999e-05,0.01510775157974658,4.009355330252977e-06,0.6653695814882449,3.438617158463433e-05,3.607838886140529e-14,3.607838886140529e-14,2.580795544048587e-14,2.3407432759640244e-14,1.2941710129652983e-14,9.71445146547012e-15,4.115369269336566e-14,0.0,0.0,1.3552527156068805e-20,0.0,0.0,0.0,3.980149388224168e-13,2.1426410239177735e-13,3.9801493882841386e-13,2.1426410239500575e-13,0.0,0.0,0.0,0.0,1.1948001995676928e-14,1.938114565936584e-14,1.1948001995676928e-14,1.9385979264568112e-14,1.2361122179621782e-10
1.2271647790701817e-10,4.154078965655767e-13,6.521083742145178e-16,2.914581169673301e-20,5.191047214430872e-20,0.0,0.0,8.452264298525254e-05,0.015244643032711962,4.0091403153304e-06,3.652671359652275,3.438429224462393e-05,5.2617348452153694e-14,5.2617348452153694e-14,1.3086457630740093e-14,2.4816171125643268e-14,1.2941710129652983e-14,9.325873406851315e-15,4.128664096696017e-14,0.0,0.0,2.0328790734103208e-20,0.0,0.0,0.0,3.823293232252807e-13,2.0582003655764933e-13,3.8232932322631465e-13,2.0582003655820595e-13,5.421010862427522e-20,0.0,1.3184192843075364e-14,0.0,1.1948001995721915e-14,2.5644509701887382e-14,1.1948001995721915e-14,2.5650947384754685e-14,1.2271647790701817e-10
1.1952820430765465e-10,4.084115090326594e-13,5.551115123125783e-16,4.862883944809164e-20,6.393388455406252e-20,0.0,0.0,8.493191210221045e-05,0.015456103473401124,4.008921261952714e-06,93.7645247868037,3.4379879337590966e-05,3.742769565220825e-14,3.742769565220825e-14,2.2113840979622924e-14,1.4595462466928242e-14,1.2941710129652983e-14,8.215650382226158e-15,4.14099033803218e-14,0.0,0.0,2.710505431213761e-20,0.0,0.0,0.0,3.784676194127923e-13,2.037411585548944e-13,3.784676194215294e-13,2.0374115855959786e-13,0.0,0.0,0.0,0.0,6.8274297118662925e-15,1.6475131947786687e-14,6.8274297118662925e-15,1.6473524304153997e-14,1.1952820430765465e-10
1.1780174188303605e-10,4.0187671258908415e-13,7.087189354717363e-16,3.214264039834626e-20,5.727775009893798e-20,0.0,0.0,8.679549368741488e-05,0.01583482378478345,4.008705181896864e-06,3.470415220149507,3.437977337807337e-05,2.576986728346722e-14,2.576986728346722e-14,2.224562615219951e-14,2.3400339473457635e-14,1.2941710129652983e-14,1.021405182655144e-14,4.123745354285044e-14,0.0,0.0,2.710505431213761e-20,0.0,0.0,0.0,3.702399936147005e-13,1.9931196586765633e-13,3.70239993626281e-13,1.993119658738905e-13,0.0,5.421010862427522e-20,0.0,1.315510953012533e-14,1.5361716851754754e-14,2.4510400963232873e-14,1.5361716851754754e-14,2.4510400963232873e-14,1.1780174188303605e-10
1.1593666011928597e-10,3.9453015120504713e-13,6.77599954797753e-16,4.258815620709972e-20,5.184386751042095e-20,0.0,0.0,8.542782942246195e-05,0.016062545477323494,4.0084907341488824e-06,0.854091426371879,3.437736913430168e-05,3.780131252666245e-14,3.780131252666245e-14,2.872035331821492e-14,2.1480263534323966e-14,1.2941710129652983e-14,9.2148511043888e-15,4.1684606154300224e-14,0.0,0.0,1.3552527156068805e-20,0.0,0.0,0.0,3.7222133085288673e-13,2.0037858272915235e-13,3.722213308531452e-13,2.003785827292915e-13,5.421010862427522e-20,0.0,1.3140615937297559e-14,0.0,1.0241144567872858e-14,1.956361837909737e-14,1.0241144567872858e-14,1.9568430682732766e-14,1.1593666011928597e-10
1.1471427123630546e-10,3.8826763521959787e-13,6.999689834929208e-16,5.719824779334099e-20,5.1553382780757665e-20,0.0,0.0,8.66485127479486e-05,0.016003661201185106,4.00826735903512e-06,1.7763132939936281,3.437660160892163e-05,3.7918238683367564e-14,3.7918238683367564e-14,2.2506831205601704e-14,1.823509967958241e-14,1.2941710129652983e-14,8.382183835919932e-15,4.12073356714444e-14,0.0,0.0,6.776263578034403e-21,0.0,0.0,0.0,3.7465349401568696e-13,2.0168789352660544e-13,3.746534940091212e-13,2.0168789352307086e-13,5.421010862427522e-20,5.421010862427522e-20,1.3126154245846174e-14,1.3126154245846174e-14,1.1948001995893271e-14,1.769940179014767e-14,1.1948001995893271e-14,1.7702606461846052e-14,1.1471427123630546e-10
1.137943261858956e-10,3.819990464152248e-13,9.534353327576943e-16,5.505062554788738e-20,6.670383047661736e-20,0.0,0.0,8.730947380772175e-05,0.01651435718870857,4.0080532089107395e-06,2.939059030953576,3.4373402957666256e-05,5.64552039177644e-14,5.64552039177644e-14,1.729774972275364e-14,2.3336132869925344e-14,1.2941710129652983e-14,8.493206138382448e-15,4.074954705667572e-14,0.0,0.0,2.710505431213761e-20,0.0,0.0,0.0,3.849103684103582e-13,2.0720949528361877e-13,3.849103684001218e-13,2.072094952781082e-13,0.0,0.0,0.0,0.0,1.706857427990582e-14,1.939736076572177e-14,1.706857427990582e-14,1.9390958468249795e-14,1.137943261858956e-10
1.110219159318891e-10,3.7681152638860477e-13,8.916411167297361e-16,3.3369228203775455e-20,4.7359733883159716e-20,0.0,0.0,8.73459138646482e-05,0.017074789079184683,4.007834932861187e-06,2.015472347370042,3.4372641111393e-05,2.032162635419615e-14,2.032162635419615e-14,2.0320375970507287e-14,1.4566304391811748e-14,1.2941710129652983e-14,8.493206138382448e-15,4.0463474236986404e-14,0.0,0.0,2.0328790734103208e-20,0.0,0.0,0.0,3.360852563612491e-13,1.809253843446376e-13,3.360852563520984e-13,1.8092538433971147e-13,0.0,0.0,0.0,0.0,1.0241144567977824e-14,2.0012389327667157e-14,1.0241144567977824e-14,2.0017185777933435e-14,1.110219159318891e-10
1.1007676819521136e-10,3.7079779495333235e-13,5.715222817774257e-16,6.182760328183832e-20,6.609284228447949e-20,0.0,0.0,8.914364523776064e-05,0.017228677242732932,4.007614506416169e-06,0.29944282929122223,3.437010683587669e-05,6.234611117855446e-14,6.234611117855446e-14,2.5972174441724338e-14,2.14323898777947e-14,1.2941710129652983e-14,9.103828801926284e-15,4.0539104851784585e-14,0.0,0.0,1.3552527156068805e-20,0.0,0.0,0.0,3.655769618570047e-13,1.9680170754181843e-13,3.6557696187251434e-13,1.9680170755016778e-13,5.421010862427522e-20,5.421010862427522e-20,1.3082959529960104e-14,1.3082959529960104e-14,1.1948001996013421e-14,2.881740474952215e-14,1.1948001996013421e-14,2.881900181252091e-14,1.1007676819521136e-10
1.0996333985904747e-10,3.6521041210505645e-13,6.055551679337975e-16,2.8347144325000766e-20,4.161014205387004e-20,0.0,0.0,9.006906067066194e-05,0.017707012202271756,4.007398752456401e-06,0.1663150522612417,3.436818121105296e-05,3.266296205680431e-14,3.266296205680431e-14,2.3020235860506292e-14,2.1420421845411395e-14,1.2941710129652983e-14,8.992806499463768e-15,4.002519911963247e-14,0.0,0.0,2.0328790734103208e-20,0.0,0.0,0.0,3.4807757833653946e-13,1.8738123273874828e-13,3.480775783386591e-13,1.8738123273988936e-13,0.0,0.0,0.0,0.0,1.0241144568044568e-14,1.234931859333996e-14,1.0241144568044568e-14,1.234931859333996e-14,1.0996333985904747e-10
1.0792183591503935e-10,3.589390744405648e-13,7.631521572941402e-16,4.6083574608026524e-20,2.959164955158763e-20,0.0,0.0,9.212494459116713e-05,0.018168419746386912,4.007178300346987e-06,2.249022924294272,3.4365657257715295e-05,3.908733041722675e-14,3.908733041722675e-14,2.5335975919375536e-14,1.2012011672045063e-14,1.2941710129652983e-14,8.43769498715119e-15,8.055345715940815e-14,0.0,0.0,1.3552527156068805e-20,0.0,0.0,0.0,3.7249530082051403e-13,2.005260694776897e-13,3.724953008139483e-13,2.0052606947415513e-13,1.0842021724855044e-19,1.0842021724855044e-19,2.6108641286024474e-14,2.6108641286024474e-14,1.0241144568077036e-14,1.577950045832408e-14,1.0241144568077036e-14,1.5776313324319166e-14,1.0792183591503935e-10
1.0588033254360788e-10,3.54797910909517e-13,5.382005793715205e-16,3.455230021364548e-20,4.614182083691143e-20,0.0,0.0,9.178158816529154e-05,0.018265608180664614,4.006961740519256e-06,0.9594011770365405,3.43631534745409e-05,3.914704708118334e-14,3.914704708118334e-14,1.952426433805558e-14,1.8177208896004576e-14,1.2941710129652983e-14,9.159339953157541e-15,8.067607343084665e-14,0.0,0.0,2.0328790734103208e-20,0.0,0.0,0.0,3.4520707804622067e-13,1.858359511220828e-13,3.4520707803595846e-13,1.8583595111655832e-13,1.0842021724855044e-19,1.0842021724855044e-19,2.6080096332997603e-14,2.6080096332997603e-14,1.536171685216337e-14,2.3350477076542497e-14,1.536171685216337e-14,2.3350477076542497e-14,1.0588033254360788e-10
1.0497299170921025e-10,3.5006326241009055e-13,7.711855592701269e-16,5.556949305430503e-20,6.35484690134507e-20,0.0,0.0,9.406090065087889e-05,0.019518629434721213,4.006741250628289e-06,0.20487742687280483,3.436236391828337e-05,4.50952609549021e-14,4.50952609549021e-14,3.4096667088408413e-14,2.252109796248065e-14,1.2941710129652983e-14,9.603429163007604e-15,7.989665867540182e-14,0.0,0.0,6.776263578034403e-21,0.0,0.0,0.0,3.6807016332569867e-13,1.981438772009573e-13,3.6807016332244165e-13,1.9814387719920394e-13,5.421010862427522e-20,0.0,1.3025806864509506e-14,0.0,8.534287140116845e-15,3.0106693594586205e-14,8.534287140116845e-15,3.009874316319438e-14,1.0497299170921025e-10
1.0357418105011217e-10,3.4496392304900655e-13,7.731808680624463e-16,7.274627458574249e-20,7.425497983641269e-20,0.0,0.0,9.626530150221747e-05,0.01971599406017742,4.006520953492263e-06,0.6893274138750173,3.436175862346371e-05,3.9448954051837884e-14,3.9448954051837884e-14,1.3085782818134552e-14,2.1372551289281213e-14,1.2941710129652983e-14,8.881784197001252e-15,7.865300573442495e-14,0.0,0.0,6.776263578034403e-21,0.0,0.0,0.0,3.564706910421173e-13,1.9189951229241136e-13,3.564706910448315e-13,1.9189951229387248e-13,0.0,0.0,0.0,0.0,1.365485942422797e-14,3.001190371175879e-14,1.365485942422797e-14,3.000713865692231e-14,1.0357418105011217e-10
1.0141926297460301e-10,3.3907165881341564e-13,7.550332863779066e-16,3.214264039834626e-20,5.073825254152855e-20,0.0,0.0,9.911390072636755e-05,0.020687883162354724,4.006302927597249e-06,0.8952253142406438,3.4358454864169495e-05,4.952163049017374e-14,4.952163049017374e-14,1.5744071781144192e-14,2.2497240835328476e-14,1.2941710129652983e-14,9.159339953157541e-15,7.828306872907634e-14,0.0,0.0,1.3552527156068805e-20,0.0,0.0,0.0,3.6847551021980873e-13,1.9836208832810934e-13,3.6847551022332425e-13,1.9836208833000185e-13,5.421010862427522e-20,0.0,1.2997417376437781e-14,0.0,1.3654859424268256e-14,2.298378784592052e-14,1.3654859424268256e-14,2.299013432882703e-14,1.0141926297460301e-10
1.0207454591777072e-10,3.338265531263986e-13,8.54583310691029e-16,4.6579111162972426e-20,4.0004136181274634e-20,0.0,0.0,0.00010045854444224943,0.021354891979183242,4.006086701098568e-06,0.5442918748357719,3.435656595625829e-05,3.969306701540925e-14,3.969306701540925e-14,1.986793926698963e-14,1.8138617396294034e-14,1.2941710129652983e-14,5.995204332975845e-15,7.652942000718543e-14,0.0,0.0,1.3552527156068805e-20,0.0,0.0,0.0,3.6224275721812605e-13,1.9500679912392447e-13,3.6224275721949607e-13,1.95006799124662e-13,5.421010862427522e-20,0.0,1.2983268987631994e-14,0.0,1.7068574280384804e-14,1.9752529054225216e-14,1.7068574280384804e-14,1.9747774373396948e-14,1.0207454591777072e-10
1.008269578649149e-10,3.30909575967845e-13,9.20548301573787e-16,6.918760898625774e-20,7.49312522706751e-20,0.0,0.0,0.00010259310961967561,0.021880583180240686,4.005867248687425e-06,0.8041843208018123,3.435521371039863e-05,3.943869488199798e-14,3.943869488199798e-14,2.0753950450924444e-14,2.2473384304514406e-14,1.2941710129652983e-14,8.049116928532385e-15,7.6132368629849e-14,0.0,0.0,1.0164395367051604e-20,0.0,0.0,0.0,3.47506777361017e-13,1.8707395241649066e-13,3.475067773770695e-13,1.8707395242513219e-13,0.0,0.0,0.0,0.0,2.048228913652015e-14,2.74949177013823e-14,2.048228913652015e-14,2.7501250382375306e-14,1.008269578649149e-10
9.819317291367256e-11,3.255313440403009e-13,7.32242375526988e-16,4.933194348681964e-20,5.551741589089205e-20,0.0,0.0,0.00010773778923912199,0.023749921376788947,4.005645942649343e-06,0.8821102744808687,3.4353289989553964e-05,2.6330477264262063e-14,2.6330477264262063e-14,1.5060371627458974e-14,2.4667298863815888e-14,1.2941710129652983e-14,8.326672684688674e-15,7.568831309773514e-14,0.0,0.0,1.3552527156068805e-20,0.0,0.0,0.0,3.4195653594362354e-13,1.8408608090876842e-13,3.419565359436494e-13,1.8408608090878235e-13,5.421010862427522e-20,5.421010862427522e-20,1.2955064416975103e-14,1.2955064416975103e-14,1.7068574280481276e-14,2.456783555066421e-14,1.7068574280481276e-14,2.456309119877158e-14,9.819317291367256e-11
9.67817624126864e-11,3.216010077050145e-13,5.523289809442722e-16,5.839000595020884e-20,5.872738819002194e-20,0.0,0.0,0.00011036660885153366,0.024234486107618334,4.005427181469494e-06,0.19064105913951157,3.4353318957030114e-05,4.334903914401596e-14,4.334903914401596e-14,1.8643184001014564e-14,1.4502166402888202e-14,1.2941710129652983e-14,9.103828801926284e-15,7.452524135279715e-14,0.0,0.0,2.710505431213761e-20,0.0,0.0,0.0,3.5834426742900564e-13,1.9290811805978986e-13,3.5834426743763934e-13,1.9290811806443762e-13,1.0842021724855044e-19,0.0,2.588201607006593e-14,0.0,2.5602861420792454e-14,1.748608389362888e-14,2.5602861420792454e-14,1.7476605485158217e-14,9.67817624126864e-11
9.63028848024108e-11,3.171984948473131e-13,6.449812927423887e-16,3.553502599087806e-20,5.129337654138678e-20,0.0,0.0,0.00011249912318515905,0.025506861049797245,4.005206445539244e-06,1.052484804138743,3.43506181205193e-05,5.1079053222612106e-14,5.1079053222612106e-14,2.5514643342537087e-14,1.3729270879600234e-14,1.2941710129652983e-14,8.1601392309949e-15,7.364710074059333e-14,0.0,0.0,1.3552527156068805e-20,0.0,0.0,0.0,3.4993479255069453e-13,1.883810302280651e-13,3.4993479254505937e-13,1.883810302250315e-13,5.421010862427522e-20,5.421010862427522e-20,1.2926982122677215e-14,1.2926982122677215e-14,1.5361716852517093e-14,2.4225802630055493e-14,1.5361716852517093e-14,2.4225802630055493e-14,9.63028848024108e-11
9.537034295742446e-11,3.1298462573779057e-13,7.691850745534255e-16,7.058382014719112e-20,7.492096820484042e-20,0.0,0.0,0.00011673376255190595,0.027287906925315113,4.004985415910536e-06,0.5168221475762123,3.4346795849790684e-05,4.877188126542204e-14,4.877188126542204e-14,1.7193327957430533e-14,1.2319695268473536e-14,1.2941710129652983e-14,8.659739592076221e-15,4.1420613221718854e-14,0.0,0.0,1.3552527156068805e-20,0.0,0.0,0.0,3.787040005966573e-13,2.0386841006543569e-13,3.787040005844047e-13,2.038684100588397e-13,0.0,0.0,0.0,0.0,1.0241144568372013e-14,2.6431635162918836e-14,1.0241144568372013e-14,2.6437940419398538e-14,9.537034295742446e-11
9.515610331625135e-11,3.087344989146205e-13,5.4672143489065705e-16,5.292431041420126e-20,6.21091990699694e-20,0.0,0.0,0.00012421757146699615,0.028773683645658646,4.004765457142124e-06,0.6851802235080556,3.4343599926142347e-05,3.8355880658728394e-14,3.8355880658728394e-14,1.979604816581735e-14,2.3157904135707702e-14,1.2941710129652983e-14,8.548717289613705e-15,4.169355783332937e-14,0.0,0.0,1.3552527156068805e-20,0.0,0.0,0.0,3.5453082857466715e-13,1.9085522261931137e-13,3.545308285654777e-13,1.908552226143644e-13,5.421010862427522e-20,5.421010862427522e-20,1.2899021311294145e-14,1.2899021311294145e-14,8.534287140332389e-15,1.5468962317252524e-14,8.534287140332389e-15,1.547211153596532e-14,9.515610331625135e-11
9.29633832338877e-11,3.0542866989069785e-13,7.671793734223694e-16,2.992316974420348e-20,4.5495167494336025e-20,0.0,0.0,0.0001289836489289409,0.029789581952572003,4.004548092962586e-06,0.4314608168618035,3.43429114644991e-05,4.238063111951725e-14,4.238063111951725e-14,1.8188192246265752e-14,2.1264852073986633e-14,1.2941710129652983e-14,7.382983113757291e-15,4.1097039589539855e-14,0.0,0.0,1.3552527156068805e-20,0.0,0.0,0.0,3.3744844554362625e-13,1.816592324444507e-13,3.374484455346953e-13,1.8165923243964285e-13,0.0,5.421010862427522e-20,0.0,1.2885086215619435e-14,1.1948001996496168e-14,2.4240089445439425e-14,1.1948001996496168e-14,2.4247953986820725e-14,9.29633832338877e-11
9.174100116662662e-11,3.0096637571041764e-13,7.947987303456224e-16,6.365721693548471e-20,7.853711962564757e-20,0.0,0.0,0.00014063690479711372,0.03201598148306544,4.004328211538272e-06,0.8531448427763886,3.434094653243906e-05,3.801423836427928e-14,3.801423836427928e-14,2.6548360975430185e-14,2.7411768097126915e-14,1.2941710129652983e-14,7.382983113757291e-15,4.0708826775381236e-14,0.0,0.0,1.3552527156068805e-20,0.0,0.0,0.0,3.251312824897007e-13,1.7502851176454254e-13,3.2513128249525834e-13,1.7502851176753436e-13,1.0842021724855044e-19,1.0842021724855044e-19,2.574236239246345e-14,2.574236239246345e-14,1.1948001996526512e-14,2.4919404359928115e-14,1.1948001996526512e-14,2.4917833149060526e-14,9.174100116662662e-11
9.11109032919306e-11,2.973821123729409e-13,5.3533015581491455e-16,7.187312890703316e-20,7.015151586121422e-20,0.0,0.0,0.00014194510436444938,0.03331820265698232,4.004104356130886e-06,0.4407724237011591,3.4339034769528474e-05,2.4860222683599277e-14,2.4860222683599277e-14,2.085123376414863e-14,1.4467187458838073e-14,1.2941710129652983e-14,7.327471962526033e-15,3.9311059497282494e-14,0.0,0.0,1.3552527156068805e-20,0.0,0.0,0.0,3.4339028909749127e-13,1.8485791583906975e-13,3.433902890918949e-13,1.84857915836057e-13,5.421010862427522e-20,5.421010862427522e-20,1.2857306155864957e-14,1.2857306155864957e-14,1.3654859424635851e-14,2.5176624097950964e-14,1.3654859424635851e-14,2.5176624097950964e-14,9.11109032919306e-11
9.025397351073697e-11,2.9341187102414814e-13,6.425880329391634e-16,5.270696119849098e-20,5.295339610131261e-20,0.0,0.0,0.00015554057914215791,0.039013608861888066,4.003883108791618e-06,0.37164740314003447,3.4338399774720003e-05,3.0417050293666326e-14,3.0417050293666326e-14,2.478781138248518e-14,1.2871708105540845e-14,1.2941710129652983e-14,8.049116928532385e-15,4.049950448213685e-14,0.0,0.0,1.3552527156068805e-20,0.0,0.0,0.0,3.4393387365699205e-13,1.8515054469883037e-13,3.439338736599001e-13,1.8515054470039587e-13,5.421010862427522e-20,0.0,1.2843460997672031e-14,0.0,1.3654859424669457e-14,2.407241602199821e-14,1.3654859424669457e-14,2.4067712540946627e-14,9.025397351073697e-11
9.077063824062037e-11,2.903888549118724e-13,6.521083742145178e-16,4.0231835898758026e-20,7.247303192167461e-20,0.0,0.0,0.00016465786505080713,0.042142839539335335,4.003663849594791e-06,1.130115215000732,3.4334483271900715e-05,3.999146013193825e-14,3.999146013193825e-14,1.882738562069579e-14,2.1216990151748334e-14,1.2941710129652983e-14,8.604228440844963e-15,3.9291743250230205e-14,0.0,0.0,1.3552527156068805e-20,0.0,0.0,0.0,3.226279005013617e-13,1.7368086160783627e-13,3.22627900481393e-13,1.736808615970865e-13,0.0,5.421010862427522e-20,0.0,1.2829645625222538e-14,1.0241144568526898e-14,2.233629655091931e-14,1.0241144568526898e-14,2.234256111312683e-14,9.077063824062037e-11
8.905678767938197e-11,2.8671044237787766e-13,5.3533015581491455e-16,6.108041446665529e-20,3.909328313968513e-20,0.0,0.0,0.0001866068386246161,0.047235314436288714,4.003444065827198e-06,0.5350978372492147,3.433327399727711e-05,4.2456238040783104e-14,4.2456238040783104e-14,2.1104295141447297e-14,2.571995105812724e-14,1.2941710129652983e-14,6.994405055138486e-15,3.900875569102152e-14,0.0,0.0,1.3552527156068805e-20,0.0,0.0,0.0,3.2167182547358743e-13,1.7316617600771475e-13,3.2167182546522515e-13,1.7316617600321306e-13,5.421010862427522e-20,0.0,1.2815859942500542e-14,0.0,8.53428714045945e-15,1.9317923813502375e-14,8.53428714045945e-15,1.9308537067237313e-14,8.905678767938197e-11
8.884254932833893e-11,2.833580403402148e-13,6.497413668604471e-16,3.803168500721946e-20,4.7570387321383414e-20,0.0,0.0,0.00021372789806160477,0.05374760693739784,4.003223870535581e-06,0.23188230867093293,3.43312477655748e-05,3.286424146162445e-14,3.286424146162445e-14,2.2392046125487812e-14,1.367665213585796e-14,1.2941710129652983e-14,6.938893903907228e-15,4.257884508762738e-14,0.0,0.0,1.3552527156068805e-20,0.0,0.0,0.0,3.8005987047195757e-13,2.045983179494227e-13,3.800598704599053e-13,2.0459831794293455e-13,5.421010862427522e-20,0.0,1.2802103853902356e-14,0.0,1.1948001996671312e-14,2.21336316464342e-14,1.1948001996671312e-14,2.21336316464342e-14,8.884254932833893e-11
8.753195632091896e-11,2.8048465843143274e-13,6.999689834929208e-16,6.750804764500536e-20,7.138021562681932e-20,0.0,0.0,0.00024133930502688586,0.06341343010100307,4.002999430877753e-06,0.827270819109073,3.433051159598863e-05,4.199969818129262e-14,4.199969818129262e-14,1.972694903279713e-14,1.2205545158512519e-14,1.2941710129652983e-14,6.827871601444713e-15,4.1701319048595956e-14,0.0,0.0,2.0328790734103208e-20,0.0,0.0,0.0,3.853642066005854e-13,2.074538108179755e-13,3.853642065979358e-13,2.0745381081654916e-13,1.0842021724855044e-19,1.0842021724855044e-19,2.5576754528468615e-14,2.5576754528468615e-14,6.827429712399417e-15,1.8527168682794132e-14,6.827429712399417e-15,1.8530290888504074e-14,8.753195632091896e-11
8.5314035615588e-11,2.7792168314574524e-13,7.28021923224409e-16,5.171758719818137e-20,6.040162025824531e-20,0.0,0.0,0.0002962370793831973,0.0805261858341609,4.002778418430537e-06,0.09728472456955348,3.432728770490854e-05,2.0145711317270614e-14,2.0145711317270614e-14,2.3227669083346477e-14,1.799391706694689e-14,1.2941710129652983e-14,6.8833827526759706e-15,4.1521036158432987e-14,0.0,0.0,2.710505431213761e-20,0.0,0.0,0.0,3.740411368332598e-13,2.0135824217627137e-13,3.740411368372923e-13,2.0135824217844222e-13,1.6263032587282567e-19,5.421010862427522e-20,3.832404023613174e-14,1.277468007871058e-14,1.1948001996726234e-14,2.640428259247813e-14,1.1948001996726234e-14,2.639180714594259e-14,8.5314035615588e-11
8.653640040042518e-11,2.7383017349983743e-13,4.3709524189038457e-16,7.329649735998635e-20,8.837392577397575e-20,0.0,0.0,0.0003771224748553267,0.10462817538782945,4.002557516848296e-06,0.15876935816561355,3.4325338648129634e-05,3.8751485777827616e-14,3.8751485777827616e-14,1.7722364633912338e-14,1.798427141403239e-14,1.2941710129652983e-14,8.104628079763643e-15,8.651020279051565e-14,0.0,0.0,2.0328790734103208e-20,0.0,0.0,0.0,4.2622618401728625e-13,2.2945111307764983e-13,4.2622618401770307e-13,2.2945111307787425e-13,1.0842021724855044e-19,0.0,2.552202440590197e-14,0.0,8.534287140537936e-15,3.216156161868848e-14,8.534287140537936e-15,3.215221504454763e-14,8.653640040042518e-11
