4.455111905194393946e-20
8.910223810388787892e-20
8.910223810388787892e-20
1.336533571558318184e-19
4.457529574429450896e-20
8.915059148858901791e-20
1.337258872328835269e-19
1.783011829771780358e-19
1.337981142316994613e-19
1.337981142316994613e-19
1.337981142316994613e-19
1.337981142316994613e-19
0.000000000000000000e+00
8.924669336775516662e-20
8.924669336775516662e-20
8.924669336775516662e-20
0.000000000000000000e+00
0.000000000000000000e+00
4.464722219205361727e-20
8.929444438410723455e-20
0.000000000000000000e+00
0.000000000000000000e+00
0.000000000000000000e+00
0.000000000000000000e+00
0.000000000000000000e+00
4.469467639817545602e-20
4.469467639817545602e-20
4.469467639817545602e-20
0.000000000000000000e+00
0.000000000000000000e+00
0.000000000000000000e+00
0.000000000000000000e+00
0.000000000000000000e+00
4.474173894778556700e-20
4.474173894778556700e-20
8.948347789557113401e-20
0.000000000000000000e+00
1.342953745988736905e-19
1.342953745988736905e-19
1.342953745988736905e-19
8.957682935707445192e-20
1.791536587141489038e-19
2.239420733926861298e-19
3.583073174282978077e-19
0.000000000000000000e+00
0.000000000000000000e+00
0.000000000000000000e+00
0.000000000000000000e+00
0.000000000000000000e+00
0.000000000000000000e+00
0.000000000000000000e+00
0.000000000000000000e+00
0.000000000000000000e+00
0.000000000000000000e+00
0.000000000000000000e+00
0.000000000000000000e+00
0.000000000000000000e+00
0.000000000000000000e+00
8.976124927615237796e-20
1.795224985523047559e-19
4.490344270681393155e-20
4.490344270681393155e-20
1.796137708272557262e-19
2.694206562408835773e-19
0.000000000000000000e+00
4.492616815102425939e-20
4.492616815102425939e-20
4.492616815102425939e-20
4.494880153453081930e-20
8.989760306906163861e-20
8.989760306906163861e-20
8.989760306906163861e-20
0.000000000000000000e+00
1.349140302497409469e-19
1.349140302497409469e-19
1.349140302497409469e-19
0.000000000000000000e+00
4.499379435188906974e-20
8.998758870377813948e-20
8.998758870377813948e-20
0.000000000000000000e+00
9.003230978137778612e-20
1.800646195627555722e-19
2.700969293441333704e-19
0.000000000000000000e+00
0.000000000000000000e+00
4.503842557877243691e-20
4.503842557877243691e-20
0.000000000000000000e+00
9.012121391507607294e-20
1.351818208726141034e-19
2.253030347876901884e-19
9.016539912806776165e-20
1.803307982561355233e-19
2.704961973842033090e-19
3.606615965122710466e-19
4.510470393100180375e-20
4.510470393100180375e-20
9.020940786200360750e-20
1.804188157240072150e-19
0.000000000000000000e+00
9.025324117384082512e-20
9.025324117384082512e-20
1.805064823476816502e-19
0.000000000000000000e+00
0.000000000000000000e+00
4.514845005604783167e-20
1.805938002241913267e-19
0.000000000000000000e+00
0.000000000000000000e+00
9.034038571692755635e-20
9.034038571692755635e-20
0.000000000000000000e+00
0.000000000000000000e+00
0.000000000000000000e+00
0.000000000000000000e+00
0.000000000000000000e+00
4.521342052283783608e-20
1.356402615685135082e-19
2.260671026141891804e-19
9.046981280887191660e-20
9.046981280887191660e-20
9.046981280887191660e-20
9.046981280887191660e-20
0.000000000000000000e+00
0.000000000000000000e+00
9.051261531736698905e-20
1.810252306347339781e-19
0.000000000000000000e+00
9.055524957076653448e-20
1.811104991415330690e-19
2.716657487122995794e-19
1.358965748412067211e-19
2.264942914020111859e-19
3.170920079628156506e-19
3.170920079628156506e-19
9.064001727142074203e-20
1.359600259071311070e-19
1.359600259071311070e-19
1.812800345428414841e-19
2.819678566637648417e-19
3.990466329286925828e-19
7.421890913386013432e-19
1.151964808265848461e-18
0.000000000000000000e+00
0.000000000000000000e+00
2.972144497143422478e-19
3.184843881676168793e-19
5.724060428000726867e-19
1.330876989680340079e-18
1.712794734120112409e-18
2.269201265694270608e-18
0.000000000000000000e+00
0.000000000000000000e+00
0.000000000000000000e+00
0.000000000000000000e+00
0.000000000000000000e+00
0.000000000000000000e+00
1.719476882926229688e-19
1.887942324657918285e-19
1.412662726476338623e-19
3.734474149672292783e-19
5.123608183169345821e-19
1.100860487114838879e-18
0.000000000000000000e+00
0.000000000000000000e+00
0.000000000000000000e+00
0.000000000000000000e+00
2.835678077863563193e-19
4.013995022266212376e-19
7.963050851909594418e-19
1.158929301387717110e-18
1.656419985741742778e-19
1.656419985741742778e-19
3.112375507299968131e-19
3.112375507299968131e-19
0.000000000000000000e+00
0.000000000000000000e+00
6.964493121868691008e-21
1.616891781536542176e-19
0.000000000000000000e+00
2.574980159653073031e-19
3.227195529038884292e-19
3.459659015674231270e-19
0.000000000000000000e+00
0.000000000000000000e+00
2.207932549176209230e-19
3.575420185132318662e-19
0.000000000000000000e+00
0.000000000000000000e+00
5.176312455442946182e-20
1.541599964002826617e-19
9.938519914450456910e-20
3.243195040264798586e-19
4.557037256228135824e-19
6.851555395568118512e-19
0.000000000000000000e+00
2.268166003203181785e-20
2.268166003203181785e-20
2.268166003203181785e-20
2.279459775833239143e-19
5.684532223795526506e-19
9.895227119368570422e-19
1.161846859317148503e-18
0.000000000000000000e+00
0.000000000000000000e+00
9.185601739113301321e-20
3.185785029395340506e-19
0.000000000000000000e+00
0.000000000000000000e+00
2.084642197964750065e-19
2.084642197964750065e-19
0.000000000000000000e+00
0.000000000000000000e+00
0.000000000000000000e+00
1.130318410724905097e-19
5.806881427287814680e-20
1.801356734494145548e-19
4.715150073048939196e-19
5.949935880601875230e-19
6.964493121868691008e-20
1.975469062540862733e-19
5.592299747316724700e-19
5.971582278142817390e-19
8.846788560211581185e-20
8.846788560211581185e-20
1.043732820561132240e-19
1.043732820561132240e-19
3.794707603699265519e-19
6.806380305047888840e-19
1.002604665233340040e-18
1.229233036009824038e-18
0.000000000000000000e+00
0.000000000000000000e+00
0.000000000000000000e+00
0.000000000000000000e+00
0.000000000000000000e+00
0.000000000000000000e+00
0.000000000000000000e+00
0.000000000000000000e+00
5.012552752307114583e-19
9.170543375606557054e-19
1.651902476689719907e-18
2.145063881535556951e-18
1.602774565748970343e-19
3.392837527613058473e-19
3.392837527613058473e-19
4.628564482885165738e-19
6.108048697422675953e-20
2.910028747678107280e-19
3.434248027256602260e-19
3.996113215601954657e-19
0.000000000000000000e+00
0.000000000000000000e+00
0.000000000000000000e+00
0.000000000000000000e+00
0.000000000000000000e+00
0.000000000000000000e+00
0.000000000000000000e+00
0.000000000000000000e+00
3.181079290799483389e-19
5.463362509790237187e-19
8.734791981630178957e-19
1.193469422681309178e-18
0.000000000000000000e+00
0.000000000000000000e+00
0.000000000000000000e+00
0.000000000000000000e+00
0.000000000000000000e+00
0.000000000000000000e+00
0.000000000000000000e+00
0.000000000000000000e+00
0.000000000000000000e+00
0.000000000000000000e+00
0.000000000000000000e+00
0.000000000000000000e+00
1.775945746076516297e-19
2.729328385597189553e-19
5.256310011572518256e-19
7.100018393429378340e-19
4.671857277967051985e-19
7.753174910534361795e-19
1.113001292692150646e-18
1.277890373090987842e-18
2.870500543472906437e-19
3.726003820199749780e-19
3.726003820199749780e-19
5.689237962391383623e-19
0.000000000000000000e+00
0.000000000000000000e+00
0.000000000000000000e+00
0.000000000000000000e+00
2.618272954734959279e-19
6.256750037051764850e-19
9.500886225035734186e-19
1.278925635582076196e-18
9.919696960067027479e-20
3.271429471839941770e-19
3.557538378468060943e-19
6.105225254265162020e-19
9.722055939041024468e-20
9.722055939041024468e-20
1.298783852456593693e-19
1.298783852456593693e-19
1.543482259441169440e-20
2.237108128470524126e-19
2.237108128470524126e-19
2.309576502846725270e-19
1.455014373839053640e-19
4.332102951346160137e-19
4.781030413390938836e-19
6.233221344072478302e-19
0.000000000000000000e+00
8.950314809320439447e-20
8.950314809320439447e-20
8.950314809320439447e-20
0.000000000000000000e+00
0.000000000000000000e+00
0.000000000000000000e+00
0.000000000000000000e+00
8.460917995351288675e-20
8.460917995351288675e-20
2.355692741086126173e-19
2.731210681035532497e-19
0.000000000000000000e+00
0.000000000000000000e+00
0.000000000000000000e+00
0.000000000000000000e+00
1.348664681572680242e-19
1.348664681572680242e-19
1.348664681572680242e-19
2.991908599246022659e-19
2.365104218277840889e-19
2.510040967030243178e-19
4.008348135951183065e-19
4.008348135951183065e-19
2.666271488412703125e-19
5.080315388087459573e-19
8.661382459534807545e-19
1.156294087774037279e-18
0.000000000000000000e+00
0.000000000000000000e+00
0.000000000000000000e+00
3.068141564498910050e-20
0.000000000000000000e+00
0.000000000000000000e+00
0.000000000000000000e+00
0.000000000000000000e+00
0.000000000000000000e+00
1.157611694580877080e-20
4.338690985380359957e-20
1.003263468636760046e-19
3.820118592116894529e-19
5.894408165170759129e-19
7.499065026358072656e-19
9.461358020830534787e-19
0.000000000000000000e+00
0.000000000000000000e+00
0.000000000000000000e+00
0.000000000000000000e+00
8.922080377745296504e-20
3.909527625438181680e-19
5.968758834985302735e-19
6.234162491791650496e-19
5.392776430852378625e-20
1.546305702598683734e-19
3.483187708653516855e-19
3.599890025830775960e-19
2.258754526011467370e-20
6.955081644676977496e-20
2.156169424621779978e-19
2.156169424621779978e-19
3.678005286522005933e-19
7.651530956863845754e-19
1.088719681537527305e-18
1.633926555253545354e-18
8.159750725216426198e-20
3.904821886842324082e-19
4.903379616883226769e-19
5.620534178891867402e-19
0.000000000000000000e+00
4.470451666064362366e-20
4.470451666064362366e-20
4.470451666064362366e-20
9.383242760139304332e-20
9.383242760139304332e-20
9.383242760139304332e-20
9.383242760139304332e-20
8.253865497133570948e-20
4.061993555943955741e-19
4.061993555943955741e-19
4.951378150560971097e-19
5.593240895035895930e-19
1.243914940428898513e-18
1.560893492245841086e-18
1.963140027419716624e-18
2.803679055411734122e-19
4.197518827504643795e-19
6.394157604050796329e-19
7.885876738937536157e-19
0.000000000000000000e+00
0.000000000000000000e+00
1.886060029219575341e-19
1.886060029219575341e-19
0.000000000000000000e+00
0.000000000000000000e+00
0.000000000000000000e+00
1.437132567174796162e-19
8.027990044532423790e-20
8.583267198843576368e-20
2.787679544185819346e-19
2.787679544185819346e-19
2.156169424621779978e-19
3.934938613855810690e-19
3.934938613855810690e-19
7.647766365987160831e-19
1.476660771379996764e-19
1.894530358692118104e-19
1.894530358692118104e-19
1.894530358692118104e-19
0.000000000000000000e+00
0.000000000000000000e+00
0.000000000000000000e+00
6.126871651806105385e-20
0.000000000000000000e+00
1.033380195650246414e-19
1.440897158051482048e-19
1.440897158051482048e-19
3.727886115638092723e-19
3.727886115638092723e-19
6.643561749631228351e-19
6.643561749631228351e-19
6.133459685840305686e-19
1.359581995115069167e-18
2.532628512290358014e-18
3.235195284651841487e-18
0.000000000000000000e+00
0.000000000000000000e+00
0.000000000000000000e+00
0.000000000000000000e+00
5.237487057189089788e-19
9.095251558072841254e-19
1.353182190624703064e-18
1.708841913699592084e-18
0.000000000000000000e+00
0.000000000000000000e+00
0.000000000000000000e+00
0.000000000000000000e+00
0.000000000000000000e+00
0.000000000000000000e+00
0.000000000000000000e+00
0.000000000000000000e+00
0.000000000000000000e+00
0.000000000000000000e+00
0.000000000000000000e+00
0.000000000000000000e+00
0.000000000000000000e+00
8.827965605828151754e-20
8.827965605828151754e-20
3.478481970057659738e-19
7.039784939402406326e-20
4.171166691367843073e-19
7.877406409464993153e-19
1.018510061687337500e-18
0.000000000000000000e+00
0.000000000000000000e+00
0.000000000000000000e+00
0.000000000000000000e+00
4.024347647177097841e-19
7.526358310214043165e-19
1.524753419829657541e-18
2.155698850762193978e-18
0.000000000000000000e+00
0.000000000000000000e+00
0.000000000000000000e+00
0.000000000000000000e+00
4.637975960076879972e-19
7.890582477533393274e-19
1.162976236580154366e-18
1.513930221059186075e-18
3.069082712218081401e-19
5.173489012285431647e-19
7.062372484662521403e-19
7.715529001767503895e-19
1.863472483959460746e-19
1.863472483959460746e-19
2.450748660722442154e-19
5.374894624188121267e-19
0.000000000000000000e+00
0.000000000000000000e+00
0.000000000000000000e+00
0.000000000000000000e+00
0.000000000000000000e+00
0.000000000000000000e+00
0.000000000000000000e+00
0.000000000000000000e+00
0.000000000000000000e+00
0.000000000000000000e+00
0.000000000000000000e+00
0.000000000000000000e+00
8.103281862066139108e-20
2.307694207408382809e-19
2.307694207408382809e-19
5.362659703838892377e-19
0.000000000000000000e+00
0.000000000000000000e+00
0.000000000000000000e+00
0.000000000000000000e+00
0.000000000000000000e+00
0.000000000000000000e+00
0.000000000000000000e+00
7.425655504262698837e-20
3.745767922302350321e-20
3.745767922302350321e-20
1.313842215963336997e-19
1.313842215963336997e-19
0.000000000000000000e+00
6.823320963992975087e-20
6.823320963992975087e-20
6.823320963992975087e-20
5.146195728429460175e-19
8.717851322685092951e-19
1.315630396629762673e-18
1.483813494045699948e-18
6.172046742326334816e-19
9.009607115628239989e-19
1.400427806127109637e-18
1.695477616087357524e-18
0.000000000000000000e+00
0.000000000000000000e+00
0.000000000000000000e+00
0.000000000000000000e+00
0.000000000000000000e+00
0.000000000000000000e+00
0.000000000000000000e+00
0.000000000000000000e+00
0.000000000000000000e+00
0.000000000000000000e+00
0.000000000000000000e+00
0.000000000000000000e+00
5.693473127127655125e-19
8.207278685034583707e-19
1.202598555557272043e-18
1.436379648999458936e-18
0.000000000000000000e+00
1.458308390856153670e-19
6.077461396549603970e-19
7.151310944124221976e-19
0.000000000000000000e+00
2.066760391300492827e-19
2.149581390587579918e-19
4.710914908312666731e-19
2.748151339980618744e-20
2.748151339980618744e-20
2.748151339980618744e-20
2.748151339980618744e-20
0.000000000000000000e+00
0.000000000000000000e+00
0.000000000000000000e+00
0.000000000000000000e+00
4.896321008989441575e-19
9.668881092907838370e-19
1.602256934503426214e-18
2.138005273641771371e-18
0.000000000000000000e+00
0.000000000000000000e+00
0.000000000000000000e+00
0.000000000000000000e+00
3.112375507299967649e-19
3.816354001240208161e-19
4.665739817792437059e-19
4.665739817792437059e-19
3.252135943596927205e-19
5.657238939939555034e-19
7.084960029922636721e-19
9.211483301390516187e-19
0.000000000000000000e+00
0.000000000000000000e+00
0.000000000000000000e+00
7.731528512993418671e-20
1.946764057106133452e-19
3.433777453397016163e-19
4.118462419094242110e-19
4.118462419094242110e-19
9.891462528491884536e-20
9.891462528491884536e-20
2.407455865640555425e-19
3.077553041690623923e-19
9.406771453118589918e-20
9.406771453118589918e-20
2.213579435491238059e-19
3.164609205713982997e-19
0.000000000000000000e+00
0.000000000000000000e+00
0.000000000000000000e+00
0.000000000000000000e+00
0.000000000000000000e+00
0.000000000000000000e+00
0.000000000000000000e+00
0.000000000000000000e+00
0.000000000000000000e+00
0.000000000000000000e+00
0.000000000000000000e+00
0.000000000000000000e+00
1.287490079826536515e-19
3.695887093186263652e-19
4.283163269949245060e-19
6.453449910358597353e-19
0.000000000000000000e+00
0.000000000000000000e+00
2.456866120897056599e-19
2.581097619827687476e-19
0.000000000000000000e+00
0.000000000000000000e+00
0.000000000000000000e+00
0.000000000000000000e+00
1.223492034922878134e-19
1.223492034922878134e-19
3.000849502578151277e-19
5.461480214351893762e-19
4.975377417399842298e-19
1.244997260305945525e-18
1.635055932516550831e-18
2.100735823962581771e-18
1.032909621790660678e-19
1.032909621790660678e-19
3.817765722818965971e-19
6.444509007026467771e-19
0.000000000000000000e+00
0.000000000000000000e+00
0.000000000000000000e+00
0.000000000000000000e+00
3.910468773157353031e-20
7.359775163920698234e-20
9.180896000517443963e-20
9.180896000517443963e-20
0.000000000000000000e+00
0.000000000000000000e+00
0.000000000000000000e+00
0.000000000000000000e+00
7.896229363848421381e-20
6.707089220675300876e-19
8.677381970760720395e-19
1.422921236615307254e-18
0.000000000000000000e+00
0.000000000000000000e+00
0.000000000000000000e+00
0.000000000000000000e+00
0.000000000000000000e+00
0.000000000000000000e+00
0.000000000000000000e+00
0.000000000000000000e+00
4.523155938337963811e-19
1.045191599525847961e-18
1.569787338192011240e-18
2.108076776172118913e-18
0.000000000000000000e+00
0.000000000000000000e+00
0.000000000000000000e+00
0.000000000000000000e+00
2.096877118313978955e-19
2.096877118313978955e-19
2.679447556481103245e-19
2.727916664018432707e-19
0.000000000000000000e+00
0.000000000000000000e+00
0.000000000000000000e+00
0.000000000000000000e+00
4.553743239211035553e-19
6.686854544713114599e-19
6.984257223971290948e-19
9.666998797469493983e-19
2.429102263181499030e-19
6.540976648241541079e-19
9.056193927727226508e-19
1.566869780262579654e-18
3.462011884972159347e-19
4.311868275383973860e-19
4.311868275383973860e-19
5.177253603162117533e-19
4.588565704820378798e-19
1.031356728054027593e-18
1.584045726137458565e-18
2.310329421022062447e-18
4.479863143256077081e-20
4.279398679072559174e-19
5.506655304872123435e-19
5.506655304872123435e-19
0.000000000000000000e+00
0.000000000000000000e+00
0.000000000000000000e+00
0.000000000000000000e+00
0.000000000000000000e+00
0.000000000000000000e+00
0.000000000000000000e+00
0.000000000000000000e+00
1.781122058531959271e-19
1.831473461507631676e-19
1.831473461507631676e-19
1.831473461507631676e-19
0.000000000000000000e+00
0.000000000000000000e+00
0.000000000000000000e+00
0.000000000000000000e+00
1.153847103704191404e-19
1.559011196807498239e-19
1.559011196807498239e-19
1.559011196807498239e-19
0.000000000000000000e+00
4.832793537945368689e-20
1.711947701172857916e-19
3.300605051134256667e-19
0.000000000000000000e+00
0.000000000000000000e+00
0.000000000000000000e+00
0.000000000000000000e+00
1.087966763362190080e-19
1.355723289466466158e-19
3.213548887110898074e-19
3.213548887110898074e-19
0.000000000000000000e+00
2.971673923283836862e-19
5.841703892897157684e-19
5.841703892897157684e-19
5.071374484755329991e-19
9.045370728956754464e-19
1.613691879291359076e-18
2.103465152348178919e-18
8.628912863223391415e-19
1.919517830636120157e-18
2.405055938956668497e-18
3.351897601829100303e-18
2.512864410187757472e-20
2.512864410187757472e-20
4.517038478163348884e-19
4.731620158134438625e-19
1.526541600496083313e-19
2.055466618670435168e-19
2.055466618670435168e-19
2.055466618670435168e-19
2.910028747678107280e-19
2.910028747678107280e-19
3.896351557369781560e-19
3.896351557369781560e-19
6.313218900202051219e-19
1.044250451806676537e-18
1.044250451806676537e-18
1.044250451806676537e-18
0.000000000000000000e+00
0.000000000000000000e+00
0.000000000000000000e+00
0.000000000000000000e+00
7.320246959715497391e-19
1.378169662568705117e-18
2.190521316371537607e-18
3.180608716939897773e-18
4.976789138978600107e-19
1.362358380886624780e-18
2.326705391335645716e-18
3.521304191279960370e-18
6.958846235553662901e-19
1.437932542736091949e-18
1.864319516906715046e-18
2.484394691682821552e-18
0.000000000000000000e+00
0.000000000000000000e+00
0.000000000000000000e+00
0.000000000000000000e+00
3.745297348442764345e-19
7.736234251589275788e-19
1.346735328748378881e-18
1.750864159360597459e-18
0.000000000000000000e+00
2.688388459813231864e-19
4.285045565387588003e-19
4.447393546944662396e-19
7.246837437620124956e-21
7.246837437620124956e-21
6.917435735910119115e-19
1.632091317201160780e-18
6.731559061373758656e-19
6.731559061373758656e-19
6.731559061373758656e-19
1.515906631269446045e-18
0.000000000000000000e+00
0.000000000000000000e+00
0.000000000000000000e+00
0.000000000000000000e+00
1.299254426316179549e-19
5.684532223795526506e-19
7.702352933699103775e-19
1.027733309335217681e-18
8.577620312528547779e-19
2.385997697643446739e-18
3.380320262948078022e-18
4.668280916634200345e-18
0.000000000000000000e+00
0.000000000000000000e+00
0.000000000000000000e+00
0.000000000000000000e+00
5.315131744020734628e-19
9.410536043995276767e-19
1.234785807552935648e-18
1.504048170007886033e-18
0.000000000000000000e+00
0.000000000000000000e+00
0.000000000000000000e+00
0.000000000000000000e+00
0.000000000000000000e+00
7.825643284910563421e-20
2.086053919543507393e-19
2.086053919543507393e-19
0.000000000000000000e+00
0.000000000000000000e+00
2.781562084011204902e-19
4.047876340156383908e-19
2.500629489838528943e-19
2.500629489838528943e-19
2.500629489838528943e-19
5.819116347637043329e-19
0.000000000000000000e+00
0.000000000000000000e+00
0.000000000000000000e+00
2.412161604236413023e-19
2.010762102009791834e-19
3.398484413928086821e-19
3.398484413928086821e-19
3.398484413928086821e-19
8.907963161957724430e-20
5.750412564137527108e-19
8.244924593801441607e-19
1.096154748518981762e-18
0.000000000000000000e+00
0.000000000000000000e+00
0.000000000000000000e+00
0.000000000000000000e+00
2.888852923996749772e-19
7.162604716754280598e-19
9.982283283391929496e-19
1.599104089644201724e-18
3.073317876954352903e-19
5.223369841401518437e-19
6.535800335786098347e-19
6.535800335786098347e-19
1.830532313788460144e-20
1.830532313788460144e-20
1.830532313788460144e-20
1.830532313788460144e-20
7.652942678442603563e-19
1.655761182338322917e-18
2.479124264455461504e-18
3.123057533912564008e-18
2.850265867510720641e-19
4.763619180586268176e-19
8.917845213009024761e-19
8.917845213009024761e-19
1.855943302206088973e-19
1.855943302206088973e-19
1.855943302206088973e-19
1.855943302206088973e-19
0.000000000000000000e+00
5.609240406261810466e-20
1.962763568332048228e-19
1.962763568332048228e-19
0.000000000000000000e+00
4.780559839531354183e-19
5.755118302733385189e-19
5.755118302733385189e-19
0.000000000000000000e+00
0.000000000000000000e+00
0.000000000000000000e+00
0.000000000000000000e+00
7.378127544444541569e-19
7.378127544444541569e-19
9.340891112776590278e-19
1.667196127126255971e-18
2.350045854771097826e-19
3.660123479857748696e-19
6.563564193501656397e-19
7.473654037940443646e-19
0.000000000000000000e+00
0.000000000000000000e+00
0.000000000000000000e+00
0.000000000000000000e+00
6.349923661249737888e-19
8.915021769851511069e-19
1.729829507837115539e-18
1.729829507837115539e-18
1.994292016924291442e-19
5.281250426130562614e-19
6.028051141293103759e-19
6.958846235553662901e-19
1.497366021201768657e-19
6.367334894054409510e-19
9.623706002387607735e-19
1.328335890838577178e-18
3.464835328129674002e-19
8.307040343266757286e-19
1.162740949650361462e-18
1.586963284066890150e-18
3.414483925154001597e-19
7.582356599504744881e-19
1.006228083952150145e-18
1.591621965276788802e-18
1.172670058087620113e-19
2.439454888092384977e-19
4.159402344878200280e-19
7.464713134608315027e-19
0.000000000000000000e+00
0.000000000000000000e+00
0.000000000000000000e+00
0.000000000000000000e+00
2.925557685044435959e-19
7.389891890934183880e-19
7.389891890934183880e-19
1.005286936232978722e-18
4.233282440833158752e-19
4.233282440833158752e-19
4.233282440833158752e-19
4.233282440833158752e-19
0.000000000000000000e+00
0.000000000000000000e+00
0.000000000000000000e+00
0.000000000000000000e+00
6.621915352090285227e-19
1.163823269527408666e-18
1.968222225103242426e-18
2.977744326072492842e-18
0.000000000000000000e+00
1.875236830449103779e-19
1.875236830449103779e-19
4.438923217472119392e-19
0.000000000000000000e+00
0.000000000000000000e+00
0.000000000000000000e+00
0.000000000000000000e+00
1.802297882213316599e-20
3.578714202149418451e-19
6.558387881046212701e-19
8.773379038116209051e-19
0.000000000000000000e+00
0.000000000000000000e+00
0.000000000000000000e+00
0.000000000000000000e+00
0.000000000000000000e+00
0.000000000000000000e+00
0.000000000000000000e+00
0.000000000000000000e+00
0.000000000000000000e+00
0.000000000000000000e+00
0.000000000000000000e+00
0.000000000000000000e+00
0.000000000000000000e+00
2.366986513716183592e-20
5.303367397531091233e-20
2.467218745807942545e-19
1.527953322074840640e-19
1.527953322074840640e-19
1.527953322074840640e-19
1.527953322074840640e-19
0.000000000000000000e+00
0.000000000000000000e+00
0.000000000000000000e+00
0.000000000000000000e+00
0.000000000000000000e+00
7.077430848169265189e-20
4.194695384347129140e-19
4.194695384347129140e-19
1.135024149320762454e-19
1.135024149320762454e-19
1.254549909655535973e-19
1.254549909655535973e-19
0.000000000000000000e+00
0.000000000000000000e+00
0.000000000000000000e+00
3.662005775296091639e-19
0.000000000000000000e+00
0.000000000000000000e+00
9.020900888258298611e-20
9.020900888258298611e-20
3.807883671767665640e-19
3.807883671767665640e-19
3.807883671767665640e-19
4.111874385060042531e-19
0.000000000000000000e+00
0.000000000000000000e+00
3.901057295965638316e-20
3.901057295965638316e-20
0.000000000000000000e+00
2.770738885240733340e-19
2.770738885240733340e-19
3.663417496874848966e-19
2.981555974335137194e-19
3.519421895841617909e-19
3.519421895841617909e-19
4.527391103074235312e-19
1.101142831430590441e-20
1.101142831430590441e-20
1.101142831430590441e-20
1.101142831430590441e-20
0.000000000000000000e+00
0.000000000000000000e+00
0.000000000000000000e+00
0.000000000000000000e+00
9.351714311547060396e-19
2.192638898739673358e-18
3.113646056720849389e-18
3.851788212867013476e-18
1.376899113147823666e-19
3.068612138358495304e-19
4.327867786609888154e-19
7.268013261301481562e-19
0.000000000000000000e+00
0.000000000000000000e+00
0.000000000000000000e+00
0.000000000000000000e+00
1.316195085261265556e-19
1.316195085261265556e-19
1.890295193955846843e-19
5.556065560128624609e-19
8.160221299076011573e-19
1.774486967111800553e-18
2.013773774711140398e-18
2.612531953648013422e-18
6.485919506670011557e-19
1.472802065731394043e-18
2.221061559858651077e-18
2.338799139526998824e-18
1.954293238859504984e-19
3.941056074030424654e-19
3.941056074030424654e-19
4.521744216759206001e-19
0.000000000000000000e+00
0.000000000000000000e+00
9.284422249626302225e-20
9.284422249626302225e-20
1.704418519419486384e-19
8.161162446795182804e-19
1.063967496523318156e-18
2.169910181321682837e-18
4.341514428537874853e-19
8.482093819032646665e-19
9.071252291233971979e-19
1.317277405138312808e-18
0.000000000000000000e+00
0.000000000000000000e+00
0.000000000000000000e+00
0.000000000000000000e+00
0.000000000000000000e+00
0.000000000000000000e+00
0.000000000000000000e+00
0.000000000000000000e+00
0.000000000000000000e+00
0.000000000000000000e+00
0.000000000000000000e+00
0.000000000000000000e+00
0.000000000000000000e+00
0.000000000000000000e+00
0.000000000000000000e+00
0.000000000000000000e+00
3.446953521465416283e-19
4.780089265671767605e-19
6.779557595051502020e-19
6.779557595051502020e-19
5.271368375079261801e-19
5.271368375079261801e-19
5.271368375079261801e-19
8.451035944299988344e-19
1.313842215963336997e-19
5.798881671674857052e-19
1.454026168733923655e-18
2.581285849371521625e-18
0.000000000000000000e+00
0.000000000000000000e+00
0.000000000000000000e+00
0.000000000000000000e+00
3.443188930588730878e-19
4.788559595144310608e-19
5.539595475043123255e-19
5.539595475043123255e-19
0.000000000000000000e+00
2.091700805858535981e-19
2.091700805858535981e-19
5.958876783934002885e-19
1.278549176494407704e-18
2.627307972839005020e-18
3.620359988722754852e-18
4.678445312001251179e-18
1.591480793118913166e-19
3.335427516743600393e-19
3.335427516743600393e-19
3.335427516743600393e-19
0.000000000000000000e+00
0.000000000000000000e+00
0.000000000000000000e+00
0.000000000000000000e+00
3.216372330268412730e-19
3.216372330268412730e-19
3.216372330268412730e-19
4.928320031441270164e-19
0.000000000000000000e+00
0.000000000000000000e+00
0.000000000000000000e+00
0.000000000000000000e+00
0.000000000000000000e+00
2.903440713643907340e-20
7.035079200806550172e-20
2.804149629271319738e-19
1.244197284744650027e-19
3.997995511040297600e-19
3.997995511040297600e-19
3.997995511040297600e-19
0.000000000000000000e+00
0.000000000000000000e+00
0.000000000000000000e+00
9.693821507465881825e-21
1.981586522715476937e-19
3.543891736540075207e-19
4.509509296409978075e-19
4.509509296409978075e-19
0.000000000000000000e+00
5.312778874722805949e-20
5.312778874722805949e-20
5.312778874722805949e-20
2.151463686025922861e-19
2.151463686025922861e-19
2.151463686025922861e-19
2.151463686025922861e-19
0.000000000000000000e+00
0.000000000000000000e+00
2.424396524585641913e-19
5.823822086232900447e-19
0.000000000000000000e+00
0.000000000000000000e+00
0.000000000000000000e+00
0.000000000000000000e+00
0.000000000000000000e+00
0.000000000000000000e+00
2.611214346841173603e-19
2.611214346841173603e-19
1.116671768796919120e-19
3.066023982130773938e-19
3.401543144015393803e-19
3.401543144015393803e-19
8.543268420778789428e-20
8.543268420778789428e-20
8.543268420778789428e-20
8.543268420778789428e-20
0.000000000000000000e+00
0.000000000000000000e+00
0.000000000000000000e+00
0.000000000000000000e+00
0.000000000000000000e+00
0.000000000000000000e+00
0.000000000000000000e+00
1.599951122591456154e-21
0.000000000000000000e+00
0.000000000000000000e+00
0.000000000000000000e+00
0.000000000000000000e+00
2.606979182104902101e-19
2.732622402614289824e-19
4.771618936199224601e-19
1.055920683524402303e-18
0.000000000000000000e+00
0.000000000000000000e+00
0.000000000000000000e+00
5.146901589218838117e-19
0.000000000000000000e+00
0.000000000000000000e+00
0.000000000000000000e+00
0.000000000000000000e+00
7.635060871778345844e-20
7.939286872000515543e-19
1.143376835328409006e-18
1.309630579920044776e-18
4.048817487875555621e-19
4.859380961011962580e-19
6.658855400067765185e-19
6.658855400067765185e-19
0.000000000000000000e+00
0.000000000000000000e+00
0.000000000000000000e+00
0.000000000000000000e+00
0.000000000000000000e+00
0.000000000000000000e+00
0.000000000000000000e+00
0.000000000000000000e+00
0.000000000000000000e+00
0.000000000000000000e+00
0.000000000000000000e+00
0.000000000000000000e+00
8.375979413696065833e-19
1.219868616204068077e-18
1.309418821683231009e-18
1.309418821683231009e-18
8.886787338276366922e-20
5.791117202991691990e-19
1.245538420244469320e-18
1.919541359329099486e-18
4.945495977316149460e-19
9.648411130015858804e-19
1.148294332161079698e-18
1.377252043542513022e-18
2.625096275698952147e-19
3.694475371607506325e-19
3.694475371607506325e-19
3.694475371607506325e-19
4.046229331647833773e-19
6.955552218536562630e-19
1.017568913968166076e-18
1.655361194557674903e-18
5.884526114119458076e-20
4.067875729188777378e-19
4.067875729188777378e-19
4.195871818996093660e-19
0.000000000000000000e+00
0.000000000000000000e+00
0.000000000000000000e+00
0.000000000000000000e+00
0.000000000000000000e+00
0.000000000000000000e+00
0.000000000000000000e+00
0.000000000000000000e+00
4.715150073048938354e-20
4.715150073048938354e-20
4.715150073048938354e-20
4.715150073048938354e-20
3.435659748835359106e-19
4.316103440120245843e-19
1.403227720591644771e-18
1.901118392726318453e-18
0.000000000000000000e+00
0.000000000000000000e+00
0.000000000000000000e+00
0.000000000000000000e+00
0.000000000000000000e+00
0.000000000000000000e+00
0.000000000000000000e+00
0.000000000000000000e+00
0.000000000000000000e+00
0.000000000000000000e+00
0.000000000000000000e+00
0.000000000000000000e+00
0.000000000000000000e+00
4.085051675063656193e-19
9.044429581237585160e-19
9.044429581237585160e-19
2.646507386310102463e-19
1.266102497908365239e-18
2.485218195937096139e-18
3.310534159571515560e-18
4.921026136617691681e-19
8.992431169753360693e-19
2.089583223490400279e-18
3.127857387280337863e-18
6.011110482348017752e-19
1.091049022142476631e-18
1.867072373985291522e-18
2.658883478817207422e-18
9.423241538204091272e-20
9.423241538204091272e-20
9.423241538204091272e-20
9.423241538204091272e-20
5.515831495134045343e-19
5.515831495134045343e-19
7.078842569748021795e-19
1.184269703726408133e-18
2.367457087575769448e-19
2.367457087575769448e-19
2.534510807728700957e-19
2.534510807728700957e-19
0.000000000000000000e+00
0.000000000000000000e+00
6.536270909645683481e-20
4.713503064540388098e-19
3.079905910988552843e-20
1.494072004184668627e-19
1.494072004184668627e-19
1.494072004184668627e-19
8.362097484838286568e-20
1.752887626956815846e-19
6.142635876102227594e-19
1.004510489364662215e-18
1.712418275032443772e-19
4.067405155329191763e-19
6.998609726688656552e-19
1.109871976525905677e-18
0.000000000000000000e+00
0.000000000000000000e+00
2.395691519150912632e-19
2.395691519150912632e-19
1.093613649677218861e-18
2.065113382791942884e-18
2.682318057024576270e-18
3.276699899067302204e-18
4.858204526362998060e-19
1.885730627517865459e-18
3.272794136032740537e-18
3.937385597925656468e-18
0.000000000000000000e+00
1.176434648964305985e-21
1.176434648964305985e-21
1.176434648964305985e-21
9.488180730826919681e-19
1.419438990054372930e-18
1.694207066666476266e-18
2.379786122696915075e-18
0.000000000000000000e+00
0.000000000000000000e+00
0.000000000000000000e+00
0.000000000000000000e+00
0.000000000000000000e+00
0.000000000000000000e+00
0.000000000000000000e+00
0.000000000000000000e+00
0.000000000000000000e+00
0.000000000000000000e+00
0.000000000000000000e+00
7.642119479672131279e-20
2.506746950013142907e-19
2.506746950013142907e-19
2.506746950013142907e-19
2.506746950013142907e-19
0.000000000000000000e+00
2.490276864927642997e-19
2.490276864927642997e-19
4.377748615725974944e-19
8.409154870796858942e-20
8.409154870796858942e-20
4.129285617864714153e-19
4.129285617864714153e-19
7.301894579191654538e-19
2.075983638948372815e-18
2.075983638948372815e-18
2.898264401188464198e-18
0.000000000000000000e+00
0.000000000000000000e+00
0.000000000000000000e+00
0.000000000000000000e+00
0.000000000000000000e+00
0.000000000000000000e+00
2.938733753112836080e-19
2.938733753112836080e-19
0.000000000000000000e+00
4.453511007119276359e-19
9.088663524038642638e-19
1.303066074578823949e-18
0.000000000000000000e+00
0.000000000000000000e+00
9.482063270652306440e-20
9.482063270652306440e-20
6.985198371690463142e-19
1.416944948598568686e-18
2.349951739999180317e-18
2.668294956008921656e-18
3.894469261931438617e-19
4.111874385060042531e-19
5.956053340776488230e-19
5.956053340776488230e-19
0.000000000000000000e+00
0.000000000000000000e+00
0.000000000000000000e+00
1.114789473358576417e-19
2.281342071271582086e-19
2.281342071271582086e-19
2.281342071271582086e-19
2.281342071271582086e-19
0.000000000000000000e+00
0.000000000000000000e+00
0.000000000000000000e+00
0.000000000000000000e+00
2.947204082585379083e-19
2.947204082585379083e-19
2.947204082585379083e-19
6.425215478783452724e-19
0.000000000000000000e+00
0.000000000000000000e+00
0.000000000000000000e+00
2.080877607088064419e-19
0.000000000000000000e+00
0.000000000000000000e+00
0.000000000000000000e+00
0.000000000000000000e+00
0.000000000000000000e+00
5.044551774758944135e-19
5.044551774758944135e-19
5.044551774758944135e-19
2.385338894240026685e-19
2.385338894240026685e-19
2.385338894240026685e-19
2.385338894240026685e-19
3.960820176133025316e-19
3.960820176133025316e-19
3.960820176133025316e-19
3.960820176133025316e-19
0.000000000000000000e+00
0.000000000000000000e+00
0.000000000000000000e+00
0.000000000000000000e+00
0.000000000000000000e+00
0.000000000000000000e+00
0.000000000000000000e+00
0.000000000000000000e+00
0.000000000000000000e+00
0.000000000000000000e+00
0.000000000000000000e+00
0.000000000000000000e+00
6.766616813912895189e-19
2.001232981353180810e-18
2.589897351001940217e-18
3.512551517491666190e-18
0.000000000000000000e+00
0.000000000000000000e+00
0.000000000000000000e+00
0.000000000000000000e+00
1.798298004406838085e-19
6.818615225397117729e-19
1.011898498960158207e-18
1.011898498960158207e-18
7.400009228915277019e-19
1.506259867147938714e-18
2.852006990791187514e-18
4.273728264064551305e-18
0.000000000000000000e+00
0.000000000000000000e+00
2.677094687183174687e-19
4.442687808348805278e-19
6.320042221166044087e-19
7.175074924033301814e-19
1.012345544126764494e-18
1.151635406564138241e-18
0.000000000000000000e+00
0.000000000000000000e+00
0.000000000000000000e+00
0.000000000000000000e+00
3.291899434731920856e-19
6.840261622938059890e-19
1.921564826925317921e-18
2.297765098971123531e-18
0.000000000000000000e+00
1.393839772092909673e-19
1.393839772092909673e-19
1.393839772092909673e-19
0.000000000000000000e+00
0.000000000000000000e+00
0.000000000000000000e+00
0.000000000000000000e+00
3.644359255561627209e-19
5.430422339619236404e-19
9.953342991027406926e-19
1.699453965200856986e-18
0.000000000000000000e+00
0.000000000000000000e+00
0.000000000000000000e+00
0.000000000000000000e+00
1.025851013896874834e-18
2.571686142635973145e-18
3.826047822747674632e-18
4.711879584724817869e-18
0.000000000000000000e+00
0.000000000000000000e+00
0.000000000000000000e+00
0.000000000000000000e+00
9.984400865760065247e-19
9.984400865760065247e-19
1.755852242272205945e-18
2.102547533321987017e-18
1.078625872249413495e-18
1.759005087131430242e-18
2.943792422103382842e-18
3.499328392037307220e-18
8.156221421269533361e-19
1.530517949609582726e-18
2.756574612067203138e-18
3.892986954273743302e-18
0.000000000000000000e+00
0.000000000000000000e+00
0.000000000000000000e+00
0.000000000000000000e+00
0.000000000000000000e+00
0.000000000000000000e+00
0.000000000000000000e+00
4.875145185308083706e-20
1.301607295614108107e-19
1.301607295614108107e-19
1.301607295614108107e-19
1.301607295614108107e-19
0.000000000000000000e+00
0.000000000000000000e+00
0.000000000000000000e+00
0.000000000000000000e+00
0.000000000000000000e+00
0.000000000000000000e+00
0.000000000000000000e+00
0.000000000000000000e+00
0.000000000000000000e+00
0.000000000000000000e+00
0.000000000000000000e+00
0.000000000000000000e+00
0.000000000000000000e+00
0.000000000000000000e+00
0.000000000000000000e+00
0.000000000000000000e+00
6.714383115498880323e-19
1.426309368404324455e-18
1.426309368404324455e-18
1.704747921121196363e-18
1.133141853882419511e-19
2.954733264338750856e-19
5.022434803358414432e-19
7.300482857612896729e-19
0.000000000000000000e+00
0.000000000000000000e+00
0.000000000000000000e+00
0.000000000000000000e+00
0.000000000000000000e+00
0.000000000000000000e+00
0.000000000000000000e+00
0.000000000000000000e+00
1.958293116665983678e-19
6.988021814847977797e-19
8.410566592375616752e-19
8.669382215147763970e-19
1.080602282459673658e-18
1.709665417953867248e-18
2.365174804356778394e-18
3.026213433609821822e-18
2.023467596218606339e-19
2.023467596218606339e-19
4.951613437490763423e-19
6.108048697422676676e-19
0.000000000000000000e+00
0.000000000000000000e+00
0.000000000000000000e+00
0.000000000000000000e+00
0.000000000000000000e+00
0.000000000000000000e+00
0.000000000000000000e+00
0.000000000000000000e+00
3.675181843364491759e-20
3.528833373033332143e-19
1.224574354799925386e-18
1.224574354799925386e-18
1.292819328786344693e-18
2.259989782392880092e-18
4.368831241086825461e-18
5.761541635916729850e-18
0.000000000000000000e+00
0.000000000000000000e+00
0.000000000000000000e+00
0.000000000000000000e+00
1.405486475117656303e-19
1.909118148339275552e-19
1.909118148339275552e-19
3.629536178984676471e-19
5.939936186085676809e-19
7.104606488560339776e-19
8.568914696126211487e-19
8.568914696126211487e-19
4.362690252219232362e-19
4.362690252219232362e-19
5.209487912543739411e-19
5.545124717893255921e-19
7.026844158263799495e-20
7.026844158263799495e-20
7.026844158263799495e-20
7.026844158263799495e-20
8.555032767268433425e-20
8.555032767268433425e-20
1.321371397716708529e-19
5.098550125146405781e-19
0.000000000000000000e+00
0.000000000000000000e+00
0.000000000000000000e+00
0.000000000000000000e+00
0.000000000000000000e+00
0.000000000000000000e+00
0.000000000000000000e+00
0.000000000000000000e+00
4.960319053893099716e-19
4.960319053893099716e-19
7.317894090417568351e-19
1.364805364956470558e-18
8.426566103601530565e-19
2.104876873926936343e-18
2.930451653184127611e-18
3.657770610559820041e-18
0.000000000000000000e+00
0.000000000000000000e+00
0.000000000000000000e+00
0.000000000000000000e+00
1.543105800353500779e-18
2.838125061933408874e-18
3.888351801756824364e-18
4.504662385656245177e-18
0.000000000000000000e+00
0.000000000000000000e+00
3.016378439944480318e-20
5.578653105388738964e-19
0.000000000000000000e+00
0.000000000000000000e+00
0.000000000000000000e+00
0.000000000000000000e+00
0.000000000000000000e+00
1.105848570026447558e-19
2.696388215426189252e-19
6.979551485375434794e-19
1.040674090473825090e-18
2.391879870888268184e-18
3.214866493917738279e-18
4.206977362082316495e-18
0.000000000000000000e+00
0.000000000000000000e+00
2.341104951438968725e-19
8.729615669174736225e-19
0.000000000000000000e+00
0.000000000000000000e+00
0.000000000000000000e+00
0.000000000000000000e+00
0.000000000000000000e+00
8.238807133626827644e-19
8.238807133626827644e-19
1.610586091818093437e-18
4.181048742419143404e-19
1.083543369082084380e-18
1.166881999614715840e-18
1.621785749676233587e-18
5.970170556564059581e-19
5.970170556564059581e-19
6.346159070373052001e-19
6.346159070373052001e-19
0.000000000000000000e+00
4.653975471302794748e-19
4.653975471302794748e-19
1.036344810965636465e-18
0.000000000000000000e+00
0.000000000000000000e+00
0.000000000000000000e+00
1.131730132303662424e-19
2.556251320041561108e-18
4.408665318300757291e-18
7.196815436346162831e-18
9.369549060825360516e-18
0.000000000000000000e+00
0.000000000000000000e+00
0.000000000000000000e+00
0.000000000000000000e+00
0.000000000000000000e+00
0.000000000000000000e+00
0.000000000000000000e+00
0.000000000000000000e+00
0.000000000000000000e+00
0.000000000000000000e+00
0.000000000000000000e+00
5.229252014646340074e-19
0.000000000000000000e+00
3.004849380384630453e-19
3.004849380384630453e-19
3.004849380384630453e-19
0.000000000000000000e+00
0.000000000000000000e+00
0.000000000000000000e+00
0.000000000000000000e+00
0.000000000000000000e+00
0.000000000000000000e+00
0.000000000000000000e+00
1.538541233915519395e-19
0.000000000000000000e+00
0.000000000000000000e+00
0.000000000000000000e+00
0.000000000000000000e+00
6.733911930671687696e-20
1.733594098713801280e-19
5.656297792220382840e-19
9.470769498022249022e-19
0.000000000000000000e+00
0.000000000000000000e+00
0.000000000000000000e+00
0.000000000000000000e+00
1.412192152616752767e-19
9.733114424741288838e-19
1.818815024684775347e-18
2.220943916393754433e-18
1.925823520354568751e-19
6.979080911515848216e-19
7.548710568544365194e-19
1.308030628797453299e-18
0.000000000000000000e+00
0.000000000000000000e+00
0.000000000000000000e+00
0.000000000000000000e+00
0.000000000000000000e+00
0.000000000000000000e+00
0.000000000000000000e+00
0.000000000000000000e+00
5.495126245312273450e-19
8.695499064354770922e-19
1.177069923674746581e-18
1.744699641800024067e-18
0.000000000000000000e+00
7.178604227980195374e-19
7.178604227980195374e-19
1.244526686446360102e-18
9.532885247487563738e-19
1.945093519904604084e-18
3.235618801125468637e-18
4.292927677535649036e-18
0.000000000000000000e+00
5.864526725087065328e-19
8.758085387679672217e-19
8.758085387679672217e-19
4.481745438694420025e-19
4.617388353720004723e-19
1.024545171436524390e-18
1.278737406038241950e-18
7.195780173855073707e-19
2.353375164827666705e-18
3.516174936210475911e-18
4.326550179803048816e-18
9.705703497420420721e-19
2.579991771257660846e-18
3.899963211742101808e-18
5.252004260757309538e-18
0.000000000000000000e+00
0.000000000000000000e+00
0.000000000000000000e+00
3.897410348553849435e-19
6.477096246802779583e-19
6.550270481968359632e-19
6.550270481968359632e-19
6.550270481968359632e-19
0.000000000000000000e+00
0.000000000000000000e+00
0.000000000000000000e+00
0.000000000000000000e+00
0.000000000000000000e+00
0.000000000000000000e+00
0.000000000000000000e+00
0.000000000000000000e+00
0.000000000000000000e+00
0.000000000000000000e+00
0.000000000000000000e+00
0.000000000000000000e+00
0.000000000000000000e+00
0.000000000000000000e+00
0.000000000000000000e+00
0.000000000000000000e+00
0.000000000000000000e+00
0.000000000000000000e+00
0.000000000000000000e+00
0.000000000000000000e+00
4.283633843808830676e-19
4.782206848039903356e-19
7.607767587922372928e-19
7.607767587922372928e-19
1.333276916364227199e-18
2.212708873851004719e-18
3.275582286150786199e-18
4.339220380972394906e-18
5.430187052689443115e-19
8.108458174521581359e-19
1.078308234894193132e-18
1.534741349999364563e-18
1.286078358247779284e-18
1.983762926816060866e-18
2.900029053161910786e-18
3.284582011215363140e-18
9.890286093842920979e-19
2.318282119249061370e-18
3.150539047312370111e-18
4.241964528542515042e-18
9.870404348275422709e-19
2.444478264043462264e-18
3.472846848089120862e-18
4.423794267886438438e-18
0.000000000000000000e+00
0.000000000000000000e+00
0.000000000000000000e+00
2.557568926848400927e-19
1.987492224653277759e-18
3.433565695160202684e-18
4.675786569694592789e-18
6.234197784831118911e-18
0.000000000000000000e+00
0.000000000000000000e+00
0.000000000000000000e+00
0.000000000000000000e+00
5.371600607171020996e-19
5.371600607171020996e-19
6.913082927708950968e-19
9.877580599634104548e-19
8.831494909775045555e-19
2.046584537070755065e-18
2.622049309958134829e-18
4.554472628693393979e-18
0.000000000000000000e+00
5.362189129979306401e-20
5.362189129979306401e-20
5.362189129979306401e-20
0.000000000000000000e+00
4.376336894147218218e-20
4.386336588663414592e-19
4.386336588663414592e-19
0.000000000000000000e+00
0.000000000000000000e+00
0.000000000000000000e+00
0.000000000000000000e+00
0.000000000000000000e+00
0.000000000000000000e+00
0.000000000000000000e+00
0.000000000000000000e+00
0.000000000000000000e+00
0.000000000000000000e+00
0.000000000000000000e+00
0.000000000000000000e+00
8.597266771166251797e-19
1.430273953171334252e-18
2.425325907958323576e-18
3.727368484392548642e-18
9.812053189686792916e-19
1.792309952043609660e-18
2.431584540290813512e-18
2.431584540290813512e-18
0.000000000000000000e+00
7.343422722300094006e-19
1.310995244112843350e-18
2.277318664772124063e-18
0.000000000000000000e+00
0.000000000000000000e+00
0.000000000000000000e+00
0.000000000000000000e+00
0.000000000000000000e+00
0.000000000000000000e+00
0.000000000000000000e+00
0.000000000000000000e+00
1.265961325750489555e-19
4.494686219833027819e-19
4.494686219833027819e-19
5.765000353784685038e-19
5.345601401428909726e-19
5.345601401428909726e-19
5.345601401428909726e-19
5.345601401428909726e-19
0.000000000000000000e+00
0.000000000000000000e+00
0.000000000000000000e+00
0.000000000000000000e+00
1.307207124543178135e-18
2.754974660944611853e-18
4.294009997412696625e-18
5.382294398130107115e-18
0.000000000000000000e+00
0.000000000000000000e+00
0.000000000000000000e+00
0.000000000000000000e+00
7.135664363292998097e-19
8.086811776980639198e-19
9.968636641463943760e-19
1.081861067534065444e-18
1.293348724378378631e-18
2.781338561427901951e-18
3.886740086287742837e-18
4.876945130320998877e-18
0.000000000000000000e+00
0.000000000000000000e+00
0.000000000000000000e+00
0.000000000000000000e+00
1.211539458889400854e-18
1.925682348196693163e-18
3.196702342937729480e-18
4.654493102548339021e-18
1.911753361952955865e-18
2.784479641940636391e-18
3.989807525883505774e-18
4.870862963185854100e-18
2.271460020220281755e-19
8.683970004794920937e-19
1.873730994098429666e-18
2.786314879993020965e-18
1.437132567174796114e-18
2.763586162575030445e-18
4.047076364595088362e-18
5.555547928883079950e-18
0.000000000000000000e+00
0.000000000000000000e+00
0.000000000000000000e+00
6.423333183345110503e-20
2.446984069845756493e-21
2.446984069845756493e-21
2.446984069845756493e-21
2.446984069845756493e-21
0.000000000000000000e+00
0.000000000000000000e+00
0.000000000000000000e+00
0.000000000000000000e+00
7.941404454368651294e-19
1.605080377660940485e-18
1.948928696860227765e-18
2.125864468064459220e-18
0.000000000000000000e+00
0.000000000000000000e+00
0.000000000000000000e+00
0.000000000000000000e+00
0.000000000000000000e+00
0.000000000000000000e+00
0.000000000000000000e+00
0.000000000000000000e+00
0.000000000000000000e+00
0.000000000000000000e+00
0.000000000000000000e+00
0.000000000000000000e+00
0.000000000000000000e+00
1.380663704024509553e-19
1.380663704024509553e-19
1.380663704024509553e-19
0.000000000000000000e+00
0.000000000000000000e+00
0.000000000000000000e+00
0.000000000000000000e+00
5.364541999277235080e-20
5.364541999277235080e-20
2.295929860918739534e-19
2.295929860918739534e-19
1.746299592922615785e-19
1.869707587598971354e-18
1.869707587598971354e-18
1.869707587598971354e-18
5.541007196621881064e-19
5.541007196621881064e-19
5.541007196621881064e-19
5.541007196621881064e-19
0.000000000000000000e+00
0.000000000000000000e+00
1.309842338156858303e-19
1.309842338156858303e-19
7.540240239071822190e-19
7.540240239071822190e-19
1.124036249699435686e-18
1.608374394678040370e-18
0.000000000000000000e+00
0.000000000000000000e+00
0.000000000000000000e+00
0.000000000000000000e+00
3.894233975001645809e-19
1.512636142945325296e-18
2.414961518700947868e-18
2.709728984345444386e-18
0.000000000000000000e+00
0.000000000000000000e+00
0.000000000000000000e+00
0.000000000000000000e+00
0.000000000000000000e+00
0.000000000000000000e+00
0.000000000000000000e+00
0.000000000000000000e+00
0.000000000000000000e+00
0.000000000000000000e+00
0.000000000000000000e+00
0.000000000000000000e+00
8.623971837697741009e-19
8.623971837697741009e-19
8.623971837697741009e-19
1.580587008269503569e-18
0.000000000000000000e+00
0.000000000000000000e+00
0.000000000000000000e+00
0.000000000000000000e+00
0.000000000000000000e+00
1.222080313344121047e-19
2.694505919987846309e-19
4.610917963150700826e-19
2.130029046721793120e-18
4.164319841710871358e-18
5.433951643566129194e-18
7.598873741976203545e-18
6.318159925727701625e-19
1.762675563236199006e-18
1.762675563236199006e-18
3.671134908172054985e-18
0.000000000000000000e+00
0.000000000000000000e+00
0.000000000000000000e+00
0.000000000000000000e+00
3.914468650963831605e-19
3.914468650963831605e-19
7.174604350173716198e-19
7.174604350173716198e-19
8.290805545111050184e-19
8.290805545111050184e-19
1.109754333061009033e-18
2.278589214193005514e-18
0.000000000000000000e+00
0.000000000000000000e+00
0.000000000000000000e+00
7.348010817431055441e-20
1.014310189990534992e-18
3.256571102223523099e-18
5.761565164609709564e-18
6.288925524700938599e-18
3.469658710190427764e-19
3.469658710190427764e-19
3.469658710190427764e-19
3.469658710190427764e-19
5.419010923524282101e-19
1.165670271926282519e-18
1.165670271926282519e-18
1.165670271926282519e-18
0.000000000000000000e+00
0.000000000000000000e+00
2.836619225582734424e-19
2.836619225582734424e-19
0.000000000000000000e+00
0.000000000000000000e+00
1.140529863477915407e-18
1.140529863477915407e-18
2.480630100806135473e-19
4.039758941078530357e-19
1.196057578909030737e-18
1.196057578909030737e-18
0.000000000000000000e+00
0.000000000000000000e+00
0.000000000000000000e+00
0.000000000000000000e+00
0.000000000000000000e+00
0.000000000000000000e+00
0.000000000000000000e+00
0.000000000000000000e+00
1.414933245348839723e-18
3.441436042961774148e-18
6.383475577438199874e-18
6.903036175806795816e-18
0.000000000000000000e+00
0.000000000000000000e+00
0.000000000000000000e+00
0.000000000000000000e+00
2.812008212726401152e-18
3.636653608610910662e-18
5.330237164913436060e-18
7.722705253126187082e-18
0.000000000000000000e+00
0.000000000000000000e+00
0.000000000000000000e+00
0.000000000000000000e+00
1.243467895262292034e-18
2.896782093530768788e-18
5.265768546150191148e-18
5.376259288380918685e-18
3.088799756934723117e-18
6.506271826097094479e-18
9.680327802042260897e-18
1.375948553951460511e-17
0.000000000000000000e+00
0.000000000000000000e+00
0.000000000000000000e+00
0.000000000000000000e+00
1.405510003810635632e-18
2.452160382301199482e-18
4.327597206640627220e-18
6.387769563906920276e-18
2.570921460114145918e-18
4.088992731137685987e-18
6.673678476644714285e-18
6.673678476644714285e-18
3.089470324684632643e-18
5.816257611440060066e-18
7.122264772641294929e-18
1.053720750730839248e-17
2.880029664129517316e-19
6.676854850196919067e-19
1.898542000845086751e-18
2.059513553862872617e-18
7.140723032283544185e-19
7.140723032283544185e-19
1.421321285492715969e-18
1.586316245009959953e-18
8.905610292659796834e-19
1.973692646220926578e-18
3.942808961657382347e-18
5.730166123828852322e-18
1.808791801475599716e-18
3.635336001804071324e-18
5.952347571632251244e-18
8.105093571425544257e-18
0.000000000000000000e+00
0.000000000000000000e+00
1.473507926520772563e-18
1.473507926520772563e-18
4.539626023423464202e-19
1.189057792747692902e-18
2.491676822159910179e-18
3.325016070100265739e-18
2.625237447856827927e-18
5.197205934808552249e-18
7.822466911358359891e-18
1.008309196846168071e-17
0.000000000000000000e+00
0.000000000000000000e+00
0.000000000000000000e+00
0.000000000000000000e+00
2.058219475749011837e-18
5.602287677486431914e-18
8.041154348254334053e-18
1.074467175765324716e-17
1.253126423730289029e-18
4.280233947673324002e-18
4.515767928742467626e-18
5.809657813059370052e-18
0.000000000000000000e+00
0.000000000000000000e+00
0.000000000000000000e+00
0.000000000000000000e+00
0.000000000000000000e+00
0.000000000000000000e+00
4.264928532890298370e-19
4.264928532890298370e-19
1.585822142457394816e-18
2.482159465849789157e-18
4.491992184486899087e-18
4.705444487194982773e-18
0.000000000000000000e+00
0.000000000000000000e+00
0.000000000000000000e+00
0.000000000000000000e+00
0.000000000000000000e+00
0.000000000000000000e+00
0.000000000000000000e+00
0.000000000000000000e+00
1.149023721643437643e-19
1.149023721643437643e-19
2.798773322925552709e-18
4.426558889311504386e-18
6.333688863094030785e-19
1.044144572688269750e-18
2.014797272855739088e-18
2.333375775795273331e-18
2.002585881199489720e-18
3.988866378164334158e-18
6.583140066060422235e-18
7.577168522702812099e-18
0.000000000000000000e+00
0.000000000000000000e+00
0.000000000000000000e+00
0.000000000000000000e+00
9.433005945790495440e-19
9.433005945790495440e-19
9.433005945790495440e-19
1.922682439841834311e-18
0.000000000000000000e+00
0.000000000000000000e+00
0.000000000000000000e+00
0.000000000000000000e+00
1.465355234403449922e-18
3.513904417337975485e-18
4.972659853360735586e-18
7.691623849700549432e-18
1.131824247075579499e-18
1.131824247075579499e-18
1.131824247075579499e-18
1.131824247075579499e-18
7.110371018340264768e-19
7.110371018340264768e-19
1.168058434263680168e-18
1.168058434263680168e-18
9.119250824911714381e-19
9.119250824911714381e-19
1.104530963219607642e-18
1.995844910660924503e-18
4.467157649047262673e-18
5.717190049650775342e-18
8.599643169157159396e-18
1.156256441865270198e-17
9.868404409372183603e-19
1.004722247601475790e-18
1.831567576279548510e-18
1.831567576279548510e-18
2.413008637183667420e-18
5.523031275185706703e-18
9.388183785664953583e-18
1.324665414733808415e-17
2.504958769346717279e-18
4.293421780088213787e-18
6.147765131171711861e-18
7.300718144542689826e-18
1.942481834983903581e-18
5.500726074241343718e-18
6.277643516417371760e-18
7.133852653933594200e-18
0.000000000000000000e+00
0.000000000000000000e+00
0.000000000000000000e+00
0.000000000000000000e+00
0.000000000000000000e+00
0.000000000000000000e+00
0.000000000000000000e+00
0.000000000000000000e+00
8.443977336406202187e-19
2.522887633396933560e-18
3.511375082842702056e-18
3.511375082842702056e-18
0.000000000000000000e+00
0.000000000000000000e+00
0.000000000000000000e+00
0.000000000000000000e+00
2.223720302165310238e-18
4.309444820007107122e-18
5.353883501357618098e-18
7.229802663903121116e-18
1.732205905828023330e-18
1.732205905828023330e-18
1.732205905828023330e-18
2.102218131620276797e-18
0.000000000000000000e+00
0.000000000000000000e+00
3.945055951836903829e-19
2.135934748659593893e-18
2.588579744195100109e-18
4.331161803626988810e-18
8.150715707112380216e-18
1.022218183700872958e-17
0.000000000000000000e+00
0.000000000000000000e+00
0.000000000000000000e+00
0.000000000000000000e+00
0.000000000000000000e+00
0.000000000000000000e+00
0.000000000000000000e+00
0.000000000000000000e+00
0.000000000000000000e+00
0.000000000000000000e+00
0.000000000000000000e+00
0.000000000000000000e+00
0.000000000000000000e+00
0.000000000000000000e+00
0.000000000000000000e+00
0.000000000000000000e+00
0.000000000000000000e+00
0.000000000000000000e+00
0.000000000000000000e+00
0.000000000000000000e+00
0.000000000000000000e+00
0.000000000000000000e+00
0.000000000000000000e+00
0.000000000000000000e+00
0.000000000000000000e+00
0.000000000000000000e+00
0.000000000000000000e+00
0.000000000000000000e+00
0.000000000000000000e+00
0.000000000000000000e+00
0.000000000000000000e+00
0.000000000000000000e+00
3.439377282326086527e-18
5.507455280433418692e-18
8.217890125568241405e-18
8.217890125568241405e-18
2.574509585793486934e-19
2.840195586915585967e-18
3.288323073399069505e-18
5.620251834576116611e-18
5.514419773555287534e-19
1.317230347752353958e-18
1.358923191711648921e-18
1.358923191711648921e-18
0.000000000000000000e+00
0.000000000000000000e+00
0.000000000000000000e+00
0.000000000000000000e+00
2.546039867288550846e-18
4.652893151425746966e-18
7.743763433342646790e-18
1.279760904182840871e-17
0.000000000000000000e+00
0.000000000000000000e+00
0.000000000000000000e+00
0.000000000000000000e+00
0.000000000000000000e+00
0.000000000000000000e+00
0.000000000000000000e+00
0.000000000000000000e+00
0.000000000000000000e+00
0.000000000000000000e+00
0.000000000000000000e+00
0.000000000000000000e+00
1.271643505104987185e-18
1.271643505104987185e-18
1.271643505104987185e-18
1.271643505104987185e-18
0.000000000000000000e+00
0.000000000000000000e+00
0.000000000000000000e+00
0.000000000000000000e+00
1.359323179492296934e-18
4.759525188007872263e-18
5.622357652597762890e-18
6.773275434026032947e-18
3.241277451786987035e-18
4.551319783834169297e-18
5.863279704359163206e-18
6.084108252316252834e-18
0.000000000000000000e+00
0.000000000000000000e+00
0.000000000000000000e+00
0.000000000000000000e+00
0.000000000000000000e+00
0.000000000000000000e+00
0.000000000000000000e+00
0.000000000000000000e+00
0.000000000000000000e+00
0.000000000000000000e+00
8.604913596384519251e-19
8.604913596384519251e-19
0.000000000000000000e+00
0.000000000000000000e+00
0.000000000000000000e+00
0.000000000000000000e+00
5.312872989494722903e-18
9.721855945150700557e-18
1.318713831844698162e-17
1.576125968080630933e-17
5.781258680633371277e-18
1.069634382227379261e-17
1.231037686761335138e-17
1.738058668206620594e-17
0.000000000000000000e+00
0.000000000000000000e+00
1.743852608852770152e-18
1.743852608852770152e-18
0.000000000000000000e+00
0.000000000000000000e+00
0.000000000000000000e+00
0.000000000000000000e+00
1.094743026940224530e-18
4.039758941078529780e-18
7.979391529183708500e-18
1.071896666057337827e-17
0.000000000000000000e+00
0.000000000000000000e+00
0.000000000000000000e+00
0.000000000000000000e+00
2.454783831568389841e-18
3.560561815515899605e-18
7.126688166921399521e-18
7.323105695912479884e-18
4.300903904455626517e-18
6.909583034628281666e-18
8.665923497279806856e-18
1.386674696863392332e-17
0.000000000000000000e+00
1.176199362034513144e-18
1.176199362034513144e-18
1.176199362034513144e-18
0.000000000000000000e+00
1.879295529988030555e-19
1.610356687061545269e-18
1.610356687061545269e-18
0.000000000000000000e+00
0.000000000000000000e+00
4.866557212370644419e-19
4.866557212370644419e-19
9.948401965501757482e-19
9.948401965501757482e-19
9.948401965501757482e-19
9.948401965501757482e-19
3.226854362990684600e-18
7.465395466704712870e-18
1.514124332776265250e-17
2.267986008701890446e-17
4.004012974269749512e-18
8.856223566096274026e-18
1.115914733100310647e-17
1.485098160682368996e-17
0.000000000000000000e+00
0.000000000000000000e+00
0.000000000000000000e+00
0.000000000000000000e+00
0.000000000000000000e+00
2.118111763727784785e-19
2.118111763727784785e-19
4.693562497240443432e-19
0.000000000000000000e+00
0.000000000000000000e+00
0.000000000000000000e+00
1.758828621934085564e-19
0.000000000000000000e+00
8.129928106865181442e-19
8.129928106865181442e-19
8.129928106865181442e-19
1.241315019854687531e-19
2.310552943605365880e-18
2.310552943605365880e-18
2.310552943605365880e-18
0.000000000000000000e+00
0.000000000000000000e+00
0.000000000000000000e+00
0.000000000000000000e+00
2.696688206261675311e-18
3.431530463217494777e-18
3.720356933884721721e-18
3.720356933884721721e-18
0.000000000000000000e+00
0.000000000000000000e+00
0.000000000000000000e+00
0.000000000000000000e+00
3.764673227111206273e-18
7.255654815314112254e-18
9.159502536426027470e-18
1.152488909901961905e-17
7.256660666938976543e-19
7.256660666938976543e-19
2.101394627366001826e-18
2.965344704872408842e-18
3.817859837590882805e-18
6.406457228305717507e-18
1.039283544718749216e-17
1.306007749418559106e-17
2.335552179895857211e-18
2.335552179895857211e-18
2.903058372382993703e-18
2.903058372382993703e-18
3.866981866358387489e-18
6.318589324374574089e-18
9.645164170384717961e-18
1.187763126416507880e-17
2.296300437833163098e-18
4.574107322984607562e-18
9.213977342846319660e-18
1.415013242904969326e-17
3.594754888588047245e-18
9.570737032317991825e-18
1.388165827780955001e-17
1.834449841169511179e-17
8.186220504818122843e-19
2.520128894145112348e-18
3.744150324660024468e-18
3.744150324660024468e-18
7.422126200315806721e-19
7.422126200315806721e-19
3.194325944946821496e-18
5.902660854233243436e-18
1.407980516573460739e-18
3.724974439881906451e-18
6.501224921453037093e-18
9.888468502310270227e-18
2.048972699408152520e-18
2.048972699408152520e-18
2.048972699408152520e-18
2.389150542502671422e-18
0.000000000000000000e+00
0.000000000000000000e+00
0.000000000000000000e+00
0.000000000000000000e+00
0.000000000000000000e+00
0.000000000000000000e+00
0.000000000000000000e+00
0.000000000000000000e+00
0.000000000000000000e+00
0.000000000000000000e+00
0.000000000000000000e+00
0.000000000000000000e+00
2.948568746778177753e-18
4.074040246749350000e-18
9.474110572425307180e-18
1.378080253535383937e-17
0.000000000000000000e+00
0.000000000000000000e+00
0.000000000000000000e+00
0.000000000000000000e+00
1.993633213520871436e-18
3.587278646393879252e-18
6.664690515926627587e-18
9.651375745331248470e-18
1.758534513271844434e-18
7.501417895656001118e-18
1.123692730781938293e-17
1.573947211110749313e-17
5.682273469269515167e-18
8.113587429591066204e-18
1.392460990684323579e-17
2.060153534311909285e-17
0.000000000000000000e+00
0.000000000000000000e+00
0.000000000000000000e+00
0.000000000000000000e+00
0.000000000000000000e+00
1.736652828801108599e-18
1.736652828801108599e-18
1.736652828801108599e-18
3.872117003601116588e-19
4.892085844253170074e-19
3.634806606212036616e-18
4.053146767383743668e-18
0.000000000000000000e+00
9.271010894628110500e-19
9.271010894628110500e-19
9.271010894628110500e-19
0.000000000000000000e+00
7.784468072196812442e-19
9.314538976639788111e-19
1.240738566876694887e-18
0.000000000000000000e+00
0.000000000000000000e+00
2.181109839179823373e-18
5.046598771048142476e-18
6.600104253698487186e-18
1.311646988908369490e-17
1.874822725452668370e-17
2.756266386189174661e-17
0.000000000000000000e+00
0.000000000000000000e+00
0.000000000000000000e+00
0.000000000000000000e+00
0.000000000000000000e+00
0.000000000000000000e+00
2.439219601162592169e-19
2.439219601162592169e-19
0.000000000000000000e+00
0.000000000000000000e+00
0.000000000000000000e+00
0.000000000000000000e+00
0.000000000000000000e+00
0.000000000000000000e+00
0.000000000000000000e+00
0.000000000000000000e+00
1.363605401614527094e-18
1.363605401614527094e-18
3.546597536232693121e-18
3.546597536232693121e-18
5.594676145307632683e-18
1.054297203708831689e-17
1.735570508924061395e-17
2.322865508641426324e-17
4.220741647475198875e-18
5.786340878316897079e-18
1.035695419039408065e-17
1.035695419039408065e-17
7.075077978871335908e-19
1.210033622538726500e-18
1.210033622538726500e-18
1.210033622538726500e-18
0.000000000000000000e+00
3.186020316325133313e-19
3.186020316325133313e-19
1.012227900661868042e-18
0.000000000000000000e+00
5.840292171318400838e-19
5.840292171318400838e-19
1.037780061237372833e-18
1.660561035706097157e-18
4.402712558976997475e-18
4.989565219266351636e-18
5.924619006956161609e-18
0.000000000000000000e+00
0.000000000000000000e+00
0.000000000000000000e+00
0.000000000000000000e+00
3.073317876954352807e-18
5.275180023341906538e-18
7.764115752769730483e-18
1.137273492369582139e-17
0.000000000000000000e+00
1.259726222110978706e-19
1.259726222110978706e-19
1.259726222110978706e-19
0.000000000000000000e+00
0.000000000000000000e+00
1.166317310983212861e-19
1.554670152952819950e-18
2.598979426491944617e-18
3.789307768660519354e-18
4.991765152059916001e-18
5.142737010561505565e-18
0.000000000000000000e+00
0.000000000000000000e+00
0.000000000000000000e+00
3.382955476561758142e-19
0.000000000000000000e+00
0.000000000000000000e+00
0.000000000000000000e+00
2.233637646256079466e-18
0.000000000000000000e+00
0.000000000000000000e+00
0.000000000000000000e+00
0.000000000000000000e+00
0.000000000000000000e+00
1.345135377625787404e-19
1.345135377625787404e-19
1.345135377625787404e-19
0.000000000000000000e+00
0.000000000000000000e+00
0.000000000000000000e+00
0.000000000000000000e+00
7.149075718291190543e-19
5.686555691391744556e-18
1.021321740498362106e-17
1.499201847471477339e-17
3.095076035786947647e-18
1.248404803266670894e-17
1.817795644061448050e-17
2.225977880256672938e-17
1.813774002213963467e-18
5.419210917414606782e-18
6.900912711265416100e-18
8.216278410099162189e-18
5.449974683485023299e-18
9.402483348823115408e-18
1.719980396955986480e-17
2.272351169466872538e-17
0.000000000000000000e+00
2.714622952485135942e-18
5.423640193867956880e-18
1.073014867191178229e-17
5.801763936564819067e-19
5.801763936564819067e-19
5.801763936564819067e-19
5.801763936564819067e-19
0.000000000000000000e+00
0.000000000000000000e+00
0.000000000000000000e+00
0.000000000000000000e+00
0.000000000000000000e+00
9.393595385050190760e-19
3.562449993127487573e-18
5.202005788176326875e-18
0.000000000000000000e+00
7.072313357446269575e-19
1.656596450939087360e-18
1.656596450939087360e-18
0.000000000000000000e+00
0.000000000000000000e+00
0.000000000000000000e+00
0.000000000000000000e+00
0.000000000000000000e+00
0.000000000000000000e+00
0.000000000000000000e+00
8.976372836794998558e-19
3.806236663259115504e-19
2.328840620223515674e-18
2.820066790071806477e-18
2.820066790071806477e-18
1.685083815963758137e-18
2.781867957019935889e-18
2.798220398640539828e-18
2.798220398640539828e-18
0.000000000000000000e+00
3.041260032770075510e-19
3.397207982333960635e-18
5.403664333528542451e-18
0.000000000000000000e+00
0.000000000000000000e+00
0.000000000000000000e+00
0.000000000000000000e+00
0.000000000000000000e+00
0.000000000000000000e+00
0.000000000000000000e+00
0.000000000000000000e+00
0.000000000000000000e+00
6.179811211009499156e-20
6.179811211009499156e-20
6.179811211009499156e-20
1.399345486250062625e-18
3.705163280393346938e-18
3.705163280393346938e-18
4.363749043403299659e-18
0.000000000000000000e+00
0.000000000000000000e+00
0.000000000000000000e+00
0.000000000000000000e+00
0.000000000000000000e+00
4.921096722696630053e-18
7.553322192368305958e-18
8.783508140443791469e-18
4.212541897971917577e-18
6.662478818786574520e-18
1.076075950147783490e-17
1.285108387879708346e-17
5.123049376711087048e-18
1.110763125772495882e-17
1.994593772411750681e-17
3.183490393612535430e-17
6.095872598805895723e-18
1.587110926615335141e-17
2.540318865590637477e-17
3.339870910412738493e-17
2.608008562422745623e-18
5.444074863720466876e-18
5.444074863720466876e-18
1.060590540863466261e-17
0.000000000000000000e+00
0.000000000000000000e+00
0.000000000000000000e+00
0.000000000000000000e+00
1.931393938417414954e-18
1.931393938417414954e-18
1.931393938417414954e-18
1.931393938417414954e-18
3.888487091741454832e-18
4.394665745978081622e-18
1.086245051253430883e-17
1.698915746348956098e-17
5.400535017362298252e-18
5.722019313884774417e-18
9.933155372451180076e-18
9.933155372451180076e-18
7.676424314035931454e-18
1.309952923013861043e-17
1.969219841685564355e-17
2.272249996087061539e-17
4.363684339497606794e-18
8.672782111283269103e-18
9.605824195723349342e-18
1.301407889941108430e-17
1.920111930133847345e-18
7.929222473578624643e-18
1.213861152669131908e-17
1.524626953104894023e-17
0.000000000000000000e+00
0.000000000000000000e+00
0.000000000000000000e+00
6.604151188890924634e-19
1.026844512957925177e-17
2.365972427048776220e-17
3.521585359161063062e-17
4.694873045439389433e-17
1.138624039346593231e-18
5.392694080426951238e-18
7.489335911811137867e-18
1.098053514042410139e-17
0.000000000000000000e+00
0.000000000000000000e+00
0.000000000000000000e+00
8.191396817273565576e-19
0.000000000000000000e+00
0.000000000000000000e+00
2.290753548463296802e-19
2.290753548463296802e-19
5.291697165813365395e-18
5.291697165813365395e-18
7.758492395147681271e-18
1.003776394143708617e-17
7.249378536461887339e-18
1.148044928015499274e-17
1.799366207068097577e-17
2.563949908384383355e-17
5.577241383809982117e-19
4.173990134525357440e-18
8.445859631844544456e-18
1.304529559282135318e-17
3.279899801312485135e-20
1.652184821005471277e-18
1.849072923856137640e-18
1.849072923856137640e-18
6.277784688575246963e-18
1.211478284287654637e-17
1.858150293607546020e-17
2.470164538168949153e-17
6.083296512408467720e-18
9.704597648850394188e-18
1.447786359355817066e-17
1.935700865667273313e-17
0.000000000000000000e+00
0.000000000000000000e+00
0.000000000000000000e+00
0.000000000000000000e+00
0.000000000000000000e+00
2.651213124905960061e-18
6.266490915945189112e-18
9.873110147968040527e-18
0.000000000000000000e+00
5.094903177734616539e-19
5.094903177734616539e-19
5.094903177734616539e-19
1.164929118097435007e-18
1.164929118097435007e-18
1.164929118097435007e-18
1.164929118097435007e-18
3.949573460888926508e-18
4.449087612839170418e-18
4.530191017538769676e-18
9.005089606576217311e-18
1.760887382569773234e-19
1.538400061757643662e-18
3.695392990633698804e-18
3.695392990633698804e-18
0.000000000000000000e+00
0.000000000000000000e+00
0.000000000000000000e+00
0.000000000000000000e+00
0.000000000000000000e+00
8.209631554332512747e-19
8.209631554332512747e-19
8.209631554332512747e-19
6.278325848513770373e-18
1.036034232218309785e-17
1.345250668221385807e-17
1.653598895453526171e-17
0.000000000000000000e+00
3.678264102144778166e-18
3.870658224636400603e-18
6.499307332975225445e-18
9.204424693496729067e-19
9.241129454544414773e-19
1.302289627710507250e-18
1.302289627710507250e-18
6.983786650111706296e-19
6.983786650111706296e-19
6.983786650111706296e-19
6.983786650111706296e-19
1.158065798355377318e-17
2.647319126217888174e-17
3.332462901428210669e-17
4.823040894705455471e-17
5.521172508440343185e-18
1.349695238325173144e-17
1.814429276313436756e-17
1.966146994382469621e-17
7.447537188733435731e-19
6.184469892219397952e-18
8.839165263686291760e-18
1.457063722997549241e-17
0.000000000000000000e+00
1.070037899311974040e-18
1.070037899311974040e-18
3.205149143717292769e-18
0.000000000000000000e+00
8.457388691404395596e-19
1.862507807547310186e-18
6.208963261610835060e-18
1.790274720100901368e-18
1.790274720100901368e-18
2.281553829508395565e-18
2.281553829508395565e-18
0.000000000000000000e+00
0.000000000000000000e+00
0.000000000000000000e+00
0.000000000000000000e+00
1.436544349850314046e-18
7.449395955478798479e-18
8.837777070800514050e-18
9.860828170232853172e-18
0.000000000000000000e+00
0.000000000000000000e+00
0.000000000000000000e+00
0.000000000000000000e+00
0.000000000000000000e+00
2.488512212954196409e-18
8.754297268110007579e-18
9.607235917302109077e-18
0.000000000000000000e+00
0.000000000000000000e+00
0.000000000000000000e+00
0.000000000000000000e+00
0.000000000000000000e+00
0.000000000000000000e+00
0.000000000000000000e+00
0.000000000000000000e+00
1.184634398467587154e-17
1.873269831716035281e-17
2.653474232301269218e-17
3.016797250679511876e-17
0.000000000000000000e+00
1.313618693380033709e-18
1.313618693380033709e-18
1.783992559075432102e-18
5.793528894022069160e-18
1.418276672621196276e-17
2.053119631545751596e-17
2.973618569758574815e-17
0.000000000000000000e+00
0.000000000000000000e+00
0.000000000000000000e+00
0.000000000000000000e+00
3.276511669523467958e-18
1.006289258553896323e-17
1.366337082869422097e-17
1.620597550680779596e-17
0.000000000000000000e+00
0.000000000000000000e+00
2.611626098968310896e-19
2.116500048258703258e-18
0.000000000000000000e+00
0.000000000000000000e+00
0.000000000000000000e+00
0.000000000000000000e+00
3.081864674679078533e-18
6.959493274610592520e-18
1.141266311568166977e-17
1.323524861341637554e-17
0.000000000000000000e+00
0.000000000000000000e+00
0.000000000000000000e+00
0.000000000000000000e+00
1.025823955899948625e-17
1.854078065070156246e-17
2.723584443423621483e-17
3.623208137007897745e-17
0.000000000000000000e+00
0.000000000000000000e+00
0.000000000000000000e+00
0.000000000000000000e+00
7.306847369063794031e-18
1.214124085813175533e-17
1.832326964845455089e-17
2.456977882188708315e-17
0.000000000000000000e+00
0.000000000000000000e+00
3.998071979292479938e-18
8.508598891673811581e-18
3.344756643509887265e-18
9.581824928884478526e-18
1.339539666217988721e-17
2.307367746793294764e-17
8.558797358145118348e-19
1.297195665680491976e-18
2.100894642640191953e-18
4.504432980899696623e-18
0.000000000000000000e+00
0.000000000000000000e+00
6.895671694904279106e-20
6.895671694904279106e-20
1.888742300219213783e-18
4.236817626953296374e-18
6.472319922127984094e-18
6.577187306736662419e-18
0.000000000000000000e+00
0.000000000000000000e+00
3.465070615059466810e-19
8.099399627724557059e-19
0.000000000000000000e+00
2.787185441633254209e-18
6.548376422183526735e-18
6.548376422183526735e-18
0.000000000000000000e+00
0.000000000000000000e+00
0.000000000000000000e+00
2.263724962403341721e-18
6.688125094133996819e-18
1.253289948146495038e-17
1.326386538625243263e-17
1.622732779568649708e-17
3.546526950153755520e-18
3.546526950153755520e-18
3.546526950153755520e-18
7.709529185057785999e-18
0.000000000000000000e+00
0.000000000000000000e+00
0.000000000000000000e+00
0.000000000000000000e+00
1.352546915914262570e-17
2.342108450194535409e-17
2.948532865521384710e-17
4.022548290381507081e-17
0.000000000000000000e+00
2.576862455091415974e-19
7.455631059118309472e-18
8.016284519775228453e-18
0.000000000000000000e+00
0.000000000000000000e+00
0.000000000000000000e+00
4.611565002207631409e-19
1.661837467300223343e-18
7.514311619408648714e-18
9.827182139272473677e-18
9.827182139272473677e-18
0.000000000000000000e+00
2.955656765538187782e-18
4.182819276565834727e-18
4.182819276565834727e-18
1.434256184458078450e-18
4.375166341671498506e-18
7.870230158106310544e-18
7.870230158106310544e-18
1.042891669787122777e-17
2.568802701311361528e-17
3.714656519793164696e-17
4.797442264961316380e-17
7.467624810364500914e-18
1.209638340496674429e-17
2.041184702032008746e-17
2.154428889558637463e-17
0.000000000000000000e+00
0.000000000000000000e+00
0.000000000000000000e+00
0.000000000000000000e+00
7.762074638653777070e-18
1.065829204355304350e-17
1.378684940944951573e-17
1.608168518614471839e-17
2.787826598516940056e-18
9.800824120962430626e-18
9.800824120962430626e-18
9.867986775071802344e-18
0.000000000000000000e+00
0.000000000000000000e+00
0.000000000000000000e+00
0.000000000000000000e+00
0.000000000000000000e+00
0.000000000000000000e+00
0.000000000000000000e+00
9.878933499480414998e-19
3.017643107192117152e-18
1.646399703619189477e-17
1.916431454334562531e-17
1.953428559392516543e-17
6.211280837869294529e-19
6.211280837869294529e-19
2.766156672283017410e-18
2.766156672283017410e-18
0.000000000000000000e+00
0.000000000000000000e+00
0.000000000000000000e+00
1.846143601580216390e-18
3.356091591352658268e-18
5.836298175685166591e-18
1.390983976982548893e-17
2.244217323054215436e-17
1.227150158463832692e-17
2.049853848960226443e-17
2.407974085103424287e-17
3.494789707161602721e-17
1.167187872623446538e-18
3.521045375657188138e-18
5.728742637903604656e-18
7.519593810982498619e-18
3.160650503120218321e-18
5.299985147915318503e-18
9.965901430905100336e-18
1.507326893374549490e-17
1.006555721001886790e-17
1.393231555379395234e-17
1.511902047724371813e-17
1.511902047724371813e-17
4.502874204989819260e-18
8.208725699652810317e-18
1.117814675058388087e-17
1.117814675058388087e-17
0.000000000000000000e+00
0.000000000000000000e+00
0.000000000000000000e+00
0.000000000000000000e+00
1.319778505202010773e-17
2.007879248902504623e-17
2.648851432348164148e-17
3.544632890368923124e-17
0.000000000000000000e+00
3.904351312982738466e-19
3.904351312982738466e-19
3.904351312982738466e-19
0.000000000000000000e+00
0.000000000000000000e+00
0.000000000000000000e+00
0.000000000000000000e+00
0.000000000000000000e+00
5.105467560882315580e-18
7.262566368876777895e-18
9.796730128384034328e-18
0.000000000000000000e+00
0.000000000000000000e+00
0.000000000000000000e+00
0.000000000000000000e+00
8.810895539071679486e-18
1.789404746677992521e-17
2.859223829145259418e-17
4.251372476430282666e-17
4.872380563883017541e-18
6.053085670623064084e-18
6.053085670623064084e-18
7.607561711858804089e-18
0.000000000000000000e+00
8.866787949243973452e-19
8.866787949243973452e-19
8.866787949243973452e-19
0.000000000000000000e+00
9.111133425833861311e-19
9.111133425833861311e-19
9.111133425833861311e-19
1.292342872753514149e-18
1.292342872753514149e-18
4.945178339960929483e-18
8.131392768003141489e-18
0.000000000000000000e+00
0.000000000000000000e+00
0.000000000000000000e+00
0.000000000000000000e+00
0.000000000000000000e+00
0.000000000000000000e+00
0.000000000000000000e+00
0.000000000000000000e+00
0.000000000000000000e+00
0.000000000000000000e+00
0.000000000000000000e+00
0.000000000000000000e+00
0.000000000000000000e+00
0.000000000000000000e+00
0.000000000000000000e+00
0.000000000000000000e+00
0.000000000000000000e+00
4.470522252143300160e-18
7.761262898745991185e-18
9.440605713622802888e-18
1.867960582145259359e-18
5.827280804100855442e-18
6.766052125281392451e-18
1.386641168475897260e-17
0.000000000000000000e+00
0.000000000000000000e+00
0.000000000000000000e+00
0.000000000000000000e+00
5.968005916809965558e-18
5.968005916809965558e-18
8.068953499009361289e-18
1.219157461458769179e-17
6.116095510421592144e-18
6.679907698110980543e-18
1.221770322814118937e-17
1.780387375093680910e-17
0.000000000000000000e+00
6.359629247103693733e-19
5.286267919908394780e-18
7.951280623246706408e-18
0.000000000000000000e+00
0.000000000000000000e+00
0.000000000000000000e+00
0.000000000000000000e+00
9.773524954933212108e-19
5.013252730923248366e-18
5.665373985537142312e-18
5.665373985537142312e-18
0.000000000000000000e+00
0.000000000000000000e+00
0.000000000000000000e+00
0.000000000000000000e+00
1.950034545430254298e-18
2.180021637129531433e-18
2.180021637129531433e-18
6.372522970856342870e-18
1.414573256346256607e-17
2.925482393226902511e-17
4.388774161256069062e-17
5.768690241061161661e-17
0.000000000000000000e+00
5.574753224527422418e-18
9.982389162510336283e-18
1.433346800474429139e-17
1.022554055793152387e-17
2.263200272549903649e-17
3.404947745889497421e-17
3.885048961479856990e-17
0.000000000000000000e+00
0.000000000000000000e+00
0.000000000000000000e+00
0.000000000000000000e+00
6.460979092111968162e-20
5.719184106380769327e-18
6.276196501799144379e-18
9.661616608950482411e-18
0.000000000000000000e+00
0.000000000000000000e+00
0.000000000000000000e+00
9.665057680298704162e-19
0.000000000000000000e+00
0.000000000000000000e+00
0.000000000000000000e+00
0.000000000000000000e+00
4.083104675719619806e-18
9.387866148309733220e-18
9.557537435556610257e-18
9.557537435556610257e-18
1.384642406007306716e-17
2.685372669590611859e-17
3.400026131535554835e-17
4.103322881596720746e-17
0.000000000000000000e+00
0.000000000000000000e+00
0.000000000000000000e+00
0.000000000000000000e+00
0.000000000000000000e+00
0.000000000000000000e+00
5.979329100306247089e-18
5.979329100306247089e-18
0.000000000000000000e+00
0.000000000000000000e+00
0.000000000000000000e+00
6.591386872949661806e-19
0.000000000000000000e+00
2.954815614764178218e-18
3.919721431671457157e-18
5.088226911101743418e-18
1.625601515460149408e-17
3.465221198694534265e-17
5.311424210224523412e-17
7.095100896596708110e-17
1.824908956166410752e-18
1.824908956166410752e-18
1.824908956166410752e-18
1.824908956166410752e-18
0.000000000000000000e+00
0.000000000000000000e+00
0.000000000000000000e+00
0.000000000000000000e+00
0.000000000000000000e+00
0.000000000000000000e+00
0.000000000000000000e+00
0.000000000000000000e+00
0.000000000000000000e+00
0.000000000000000000e+00
0.000000000000000000e+00
1.358917309538404185e-18
0.000000000000000000e+00
0.000000000000000000e+00
0.000000000000000000e+00
0.000000000000000000e+00
0.000000000000000000e+00
0.000000000000000000e+00
6.032068665619316757e-18
6.032068665619316757e-18
3.603301686312772586e-18
1.004874007671192212e-17
1.766366038730000102e-17
2.396469142453878336e-17
9.522297335646884984e-19
1.166746121412760553e-17
1.169991316391928591e-17
1.169991316391928591e-17
0.000000000000000000e+00
0.000000000000000000e+00
0.000000000000000000e+00
0.000000000000000000e+00
0.000000000000000000e+00
0.000000000000000000e+00
0.000000000000000000e+00
0.000000000000000000e+00
0.000000000000000000e+00
0.000000000000000000e+00
0.000000000000000000e+00
0.000000000000000000e+00
4.302439151672524936e-18
1.137607599809888070e-17
1.137607599809888070e-17
1.581825793954863099e-17
0.000000000000000000e+00
0.000000000000000000e+00
0.000000000000000000e+00
0.000000000000000000e+00
1.014328424727593943e-17
2.830865283714649859e-17
4.562081219785570149e-17
6.103232962187140955e-17
1.360096685273991073e-17
2.705247944767539533e-17
4.624276966807015354e-17
5.853467651169476446e-17
9.081204928364208082e-18
1.358693786955101138e-17
2.365388327245565853e-17
2.964955893220926559e-17
0.000000000000000000e+00
5.858526908377347046e-19
5.858526908377347046e-19
4.244135050469854186e-18
9.840328796474650311e-18
1.363511875059934213e-17
2.542336451013611330e-17
3.500460710386935296e-17
0.000000000000000000e+00
0.000000000000000000e+00
0.000000000000000000e+00
0.000000000000000000e+00
0.000000000000000000e+00
0.000000000000000000e+00
0.000000000000000000e+00
0.000000000000000000e+00
0.000000000000000000e+00
0.000000000000000000e+00
0.000000000000000000e+00
0.000000000000000000e+00
0.000000000000000000e+00
9.792271441064459779e-18
9.792271441064459779e-18
9.792271441064459779e-18
0.000000000000000000e+00
9.405947948864314946e-18
1.330911106285159932e-17
1.860674334146898802e-17
0.000000000000000000e+00
0.000000000000000000e+00
0.000000000000000000e+00
0.000000000000000000e+00
1.496220762071002027e-17
1.955786722646365460e-17
1.955786722646365460e-17
1.955786722646365460e-17
0.000000000000000000e+00
1.216991645270025977e-17
1.216991645270025977e-17
1.895050342806960580e-17
0.000000000000000000e+00
0.000000000000000000e+00
0.000000000000000000e+00
0.000000000000000000e+00
3.297269858904443052e-18
3.297269858904443052e-18
3.297269858904443052e-18
3.297269858904443052e-18
7.367769037360410790e-18
1.984891715861742255e-17
3.172413084957887867e-17
4.000137210318736846e-17
0.000000000000000000e+00
5.792770093673487439e-18
1.031238496371806860e-17
1.031238496371806860e-17
0.000000000000000000e+00
0.000000000000000000e+00
0.000000000000000000e+00
0.000000000000000000e+00
0.000000000000000000e+00
0.000000000000000000e+00
0.000000000000000000e+00
1.474919648099529602e-18
4.772207153523707054e-18
1.304056044335927374e-17
2.413069223568088970e-17
3.349595319221077378e-17
4.516385556933174144e-18
1.299916170806221827e-17
1.463863515268562895e-17
2.497202535706095387e-17
4.977106776333820663e-18
1.742967929996748848e-17
3.352711694606183620e-17
3.919283209764718090e-17
0.000000000000000000e+00
0.000000000000000000e+00
0.000000000000000000e+00
0.000000000000000000e+00
2.827572443132198921e-18
1.029191500082608865e-17
1.618489968007159973e-17
2.043102290509820393e-17
8.577185031708430965e-18
1.117427628058878761e-17
1.117427628058878761e-17
1.331680494545582640e-17
5.682826393554528048e-19
5.682826393554528048e-19
5.682826393554528048e-19
5.682826393554528048e-19
0.000000000000000000e+00
0.000000000000000000e+00
0.000000000000000000e+00
0.000000000000000000e+00
2.260048604125328222e-18
3.170738430235087203e-18
6.668013943809951922e-18
6.668013943809951922e-18
1.841567270795745197e-18
1.841567270795745197e-18
1.841567270795745197e-18
2.854742201350029397e-18
0.000000000000000000e+00
0.000000000000000000e+00
0.000000000000000000e+00
0.000000000000000000e+00
2.386621208007397993e-18
2.386621208007397993e-18
8.801513472746189317e-18
9.207983408309846692e-18
2.094271315566522995e-18
2.094271315566522995e-18
6.149388610987282090e-18
6.149388610987282090e-18
1.352664559379158936e-19
1.352664559379158936e-19
1.352664559379158936e-19
1.352664559379158936e-19
1.048070335111863635e-17
1.461925927401718991e-17
1.930293972020633465e-17
2.496076099529712817e-17
4.591924425743172319e-18
6.847690807746270382e-18
6.847690807746270382e-18
9.973460023524696174e-18
0.000000000000000000e+00
0.000000000000000000e+00
0.000000000000000000e+00
0.000000000000000000e+00
0.000000000000000000e+00
1.315359816660500775e-18
1.315359816660500775e-18
3.665982124409590811e-18
5.311014222749359385e-18
1.439163093378908771e-17
1.625061531956275100e-17
2.303215520699775657e-17
0.000000000000000000e+00
6.940817374558283991e-18
1.437334325717093483e-17
1.820994369871981826e-17
1.421717743969416872e-17
2.664109789745231335e-17
4.003378287776633646e-17
5.137758927344412899e-17
7.108529898114635458e-18
2.199169875693398883e-17
3.462868917613930546e-17
4.345690771541698110e-17
0.000000000000000000e+00
0.000000000000000000e+00
3.036030780755429384e-18
3.036030780755429384e-18
0.000000000000000000e+00
0.000000000000000000e+00
0.000000000000000000e+00
0.000000000000000000e+00
6.249985537820220305e-19
6.249985537820220305e-19
6.249985537820220305e-19
6.249985537820220305e-19
7.935210525941853645e-18
1.326554768780045176e-17
1.444627044106023251e-17
2.523769371166332033e-17
2.202779765413745633e-18
2.202779765413745633e-18
2.202779765413745633e-18
2.202779765413745633e-18
2.565356924224544836e-18
2.565356924224544836e-18
2.565356924224544836e-18
2.565356924224544836e-18
0.000000000000000000e+00
7.795126570116429761e-18
7.795126570116429761e-18
1.359647287238086776e-17
0.000000000000000000e+00
0.000000000000000000e+00
6.588034034200112912e-22
5.061092445923382128e-18
0.000000000000000000e+00
0.000000000000000000e+00
0.000000000000000000e+00
0.000000000000000000e+00
6.942317328735713995e-18
1.613926578003827738e-17
1.945726441745747300e-17
2.961221889645113646e-17
1.441563020062795853e-17
1.441563020062795853e-17
2.253259987983479643e-17
2.296391611518457892e-17
0.000000000000000000e+00
0.000000000000000000e+00
0.000000000000000000e+00
0.000000000000000000e+00
6.354005889481643751e-18
9.270269740799262217e-18
1.682030968049695622e-17
1.944985287916899479e-17
0.000000000000000000e+00
0.000000000000000000e+00
0.000000000000000000e+00
0.000000000000000000e+00
3.823824361261132093e-19
3.840047395070349531e-18
3.840047395070349531e-18
3.840047395070349531e-18
0.000000000000000000e+00
0.000000000000000000e+00
0.000000000000000000e+00
0.000000000000000000e+00
0.000000000000000000e+00
0.000000000000000000e+00
0.000000000000000000e+00
0.000000000000000000e+00
0.000000000000000000e+00
0.000000000000000000e+00
0.000000000000000000e+00
0.000000000000000000e+00
0.000000000000000000e+00
0.000000000000000000e+00
0.000000000000000000e+00
0.000000000000000000e+00
0.000000000000000000e+00
0.000000000000000000e+00
0.000000000000000000e+00
0.000000000000000000e+00
1.760082113052556953e-17
3.255830536611999983e-17
3.478911368704531894e-17
4.821649172515730149e-17
0.000000000000000000e+00
0.000000000000000000e+00
0.000000000000000000e+00
0.000000000000000000e+00
2.908952309974305004e-18
3.476305565957076435e-18
7.560427857648050195e-18
1.363203060964581186e-17
5.678014775840263951e-18
5.678014775840263951e-18
5.678014775840263951e-18
5.678014775840263951e-18
0.000000000000000000e+00
0.000000000000000000e+00
0.000000000000000000e+00
0.000000000000000000e+00
0.000000000000000000e+00
0.000000000000000000e+00
0.000000000000000000e+00
0.000000000000000000e+00
0.000000000000000000e+00
0.000000000000000000e+00
0.000000000000000000e+00
0.000000000000000000e+00
0.000000000000000000e+00
4.926390678616969430e-18
8.002696699579691232e-18
9.084893050988710668e-18
2.270520048935759356e-17
5.533146260297501755e-17
7.711543829394138331e-17
9.855483627622609836e-17
7.061831324723998186e-18
1.930828073351263192e-17
2.743647948144383480e-17
4.169157340987412139e-17
0.000000000000000000e+00
0.000000000000000000e+00
0.000000000000000000e+00
0.000000000000000000e+00
0.000000000000000000e+00
0.000000000000000000e+00
0.000000000000000000e+00
0.000000000000000000e+00
0.000000000000000000e+00
7.937992793886654571e-18
8.498805073221183733e-18
1.756968090536748606e-17
1.391727483680694300e-17
2.838458581156390178e-17
3.494442658940158525e-17
3.957197345631539607e-17
1.540000012880235140e-18
1.540000012880235140e-18
1.540000012880235140e-18
1.540000012880235140e-18
1.164267961824717174e-17
3.685477411194903151e-17
6.113477943327646751e-17
8.315840662658334521e-17
1.461561820877864368e-17
1.715716409570815079e-17
2.833019335556903435e-17
3.434590957956774563e-17
3.772178880171599005e-19
1.200403916719629211e-17
1.846029487419267049e-17
1.846029487419267049e-17
0.000000000000000000e+00
0.000000000000000000e+00
0.000000000000000000e+00
0.000000000000000000e+00
0.000000000000000000e+00
0.000000000000000000e+00
0.000000000000000000e+00
0.000000000000000000e+00
0.000000000000000000e+00
0.000000000000000000e+00
0.000000000000000000e+00
2.084324560609529702e-18
0.000000000000000000e+00
0.000000000000000000e+00
0.000000000000000000e+00
0.000000000000000000e+00
1.451457423677910149e-17
2.497581935880386787e-17
2.751814757477493795e-17
3.901521399434654929e-17
8.051677556189319942e-18
1.435424972281824620e-17
1.539006513819184873e-17
1.555359543657113209e-17
1.314111031280625194e-17
3.370043518072050190e-17
5.221755773063139593e-17
6.320604556928250048e-17
4.997082636673234322e-18
1.635194751805128602e-17
2.016626040517554067e-17
2.920818418061082904e-17
4.120432947131257151e-18
4.120432947131257151e-18
4.120432947131257151e-18
7.245949229460156216e-18
0.000000000000000000e+00
0.000000000000000000e+00
0.000000000000000000e+00
1.232444702601496658e-18
2.098612359421201285e-18
4.242523335000773430e-18
4.242523335000773430e-18
4.242523335000773430e-18
5.747777350523847470e-18
1.981413586822079284e-17
2.900700797346469336e-17
3.590796774211606427e-17
0.000000000000000000e+00
0.000000000000000000e+00
0.000000000000000000e+00
0.000000000000000000e+00
0.000000000000000000e+00
0.000000000000000000e+00
0.000000000000000000e+00
0.000000000000000000e+00
0.000000000000000000e+00
0.000000000000000000e+00
0.000000000000000000e+00
0.000000000000000000e+00
1.751722956654341231e-18
1.751722956654341231e-18
4.484333594922141198e-18
4.484333594922141198e-18
0.000000000000000000e+00
0.000000000000000000e+00
0.000000000000000000e+00
0.000000000000000000e+00
2.675119453407563587e-17
5.533538601252931419e-17
8.298342373689639844e-17
1.056301495420272208e-16
3.107534478719479776e-18
3.107534478719479776e-18
8.286458619083127351e-18
1.540605288507127365e-17
1.645691489960512794e-17
3.212840673452221487e-17
4.378590942934633686e-17
4.408293564951684280e-17
2.280153872276128229e-17
4.596217235777243004e-17
6.751286694002241531e-17
8.708221616865995778e-17
1.071869019843087029e-17
1.347286488381418573e-17
2.377199731121166937e-17
3.359819712755225751e-17
0.000000000000000000e+00
0.000000000000000000e+00
0.000000000000000000e+00
0.000000000000000000e+00
0.000000000000000000e+00
1.128689048736089602e-18
1.128689048736089602e-18
4.108768597586776313e-18
0.000000000000000000e+00
0.000000000000000000e+00
0.000000000000000000e+00
0.000000000000000000e+00
1.229971248752049183e-17
2.692141286343428336e-17
3.588066269391360409e-17
4.824493203279601496e-17
6.107913407438045823e-18
2.047503332531595760e-17
2.047503332531595760e-17
2.047503332531595760e-17
1.006530427656934040e-17
2.041137056428725691e-17
2.627506790294680331e-17
3.394066901821226349e-17
0.000000000000000000e+00
0.000000000000000000e+00
4.595389025784371666e-19
4.595389025784371666e-19
1.214168790329836142e-18
1.214168790329836142e-18
1.214168790329836142e-18
1.214168790329836142e-18
0.000000000000000000e+00
0.000000000000000000e+00
0.000000000000000000e+00
0.000000000000000000e+00
1.349929937037641420e-17
1.433537971104885599e-17
2.807440705201797217e-17
3.183832736095384454e-17
4.006424665300126682e-18
4.006424665300126682e-18
4.006424665300126682e-18
4.006424665300126682e-18
3.447447624017981324e-18
3.447447624017981324e-18
8.732286175827883702e-18
8.732286175827883702e-18
7.026855922610289882e-18
1.238513340738179043e-17
1.725475523201298753e-17
2.179607532133096091e-17
0.000000000000000000e+00
0.000000000000000000e+00
0.000000000000000000e+00
0.000000000000000000e+00
4.992259254612480753e-18
1.985278174643927029e-17
2.314935162672757937e-17
3.164186865675005025e-17
0.000000000000000000e+00
0.000000000000000000e+00
0.000000000000000000e+00
0.000000000000000000e+00
0.000000000000000000e+00
0.000000000000000000e+00
0.000000000000000000e+00
0.000000000000000000e+00
3.742826835679939623e-19
4.039653061960123762e-18
4.039653061960123762e-18
4.480633707951149140e-18
0.000000000000000000e+00
1.163487985652453710e-18
2.147246167809385567e-18
3.069747397794746095e-18
0.000000000000000000e+00
0.000000000000000000e+00
5.552930361789133942e-18
8.281288188800928199e-18
0.000000000000000000e+00
3.211501890821700407e-18
1.169591916828605089e-17
1.465540522860661685e-17
0.000000000000000000e+00
0.000000000000000000e+00
0.000000000000000000e+00
3.255047619353114151e-18
0.000000000000000000e+00
4.308297796224367437e-18
4.308297796224367437e-18
5.039451930555683547e-18
8.658011974265523781e-18
1.861444310624646214e-17
2.466164072145145927e-17
2.606850362510840324e-17
1.491656195633020383e-17
1.847480619558764281e-17
3.047476901672527052e-17
5.485938878921186428e-17
0.000000000000000000e+00
0.000000000000000000e+00
0.000000000000000000e+00
0.000000000000000000e+00
6.677401892308686828e-18
9.509838892714352469e-18
1.579285283330424440e-17
2.520742404814547011e-17
1.754005239873331899e-18
1.137707008537725417e-17
2.279222724251473049e-17
2.557408343518817537e-17
1.132621869767577324e-17
1.350610504482067305e-17
2.536344869346436257e-17
3.373149893762640919e-17
0.000000000000000000e+00
0.000000000000000000e+00
0.000000000000000000e+00
0.000000000000000000e+00
0.000000000000000000e+00
0.000000000000000000e+00
0.000000000000000000e+00
0.000000000000000000e+00
2.046993348111269836e-17
3.503219449638756662e-17
5.614206136915089196e-17
7.599619013326323220e-17
2.958556676947884968e-18
2.958556676947884968e-18
2.958556676947884968e-18
2.958556676947884968e-18
0.000000000000000000e+00
0.000000000000000000e+00
0.000000000000000000e+00
0.000000000000000000e+00
0.000000000000000000e+00
8.335215953109452630e-19
7.170157427200631314e-18
8.909327826150523485e-18
6.164623439691370024e-18
1.402483625676174813e-17
1.402483625676174813e-17
2.433999172407812665e-17
1.742403829582570429e-17
2.721708618375848000e-17
4.057799566420397892e-17
5.227328543995283305e-17
4.564554673635017740e-18
1.391495726054848469e-17
2.652956601055725368e-17
3.331877036973026034e-17
2.495388179368730665e-17
4.715887697573839174e-17
7.333619198261612845e-17
9.769861537436337721e-17
8.670693939781359343e-18
1.143607710628268204e-17
1.143607710628268204e-17
1.995046405642940006e-17
0.000000000000000000e+00
4.994935643438874314e-19
4.994935643438874314e-19
4.994935643438874314e-19
0.000000000000000000e+00
0.000000000000000000e+00
0.000000000000000000e+00
0.000000000000000000e+00
3.396249188095054907e-19
4.233747132519499535e-18
6.581960690324835347e-18
1.044841316109118890e-17
4.239041088439838913e-18
9.814535466796108072e-18
1.936551133809812026e-17
1.936551133809812026e-17
6.656423121431030669e-18
1.430064547803818726e-17
3.256104057667883978e-17
4.408905016860483478e-17
2.150404600733192710e-17
4.935098647888603001e-17
7.494008122019498718e-17
1.067348569704441690e-16
5.033787397720920413e-19
5.033787397720920413e-19
5.033787397720920413e-19
5.033787397720920413e-19
1.638368184270710091e-17
3.199886069206489064e-17
4.433781609838820794e-17
6.215065722243675294e-17
0.000000000000000000e+00
3.098875919703102238e-19
1.737444863428523810e-17
1.931427760913572610e-17
2.434508568610814346e-17
5.331841821774623288e-17
8.263265504087457032e-17
1.038497451086311242e-16
0.000000000000000000e+00
0.000000000000000000e+00
0.000000000000000000e+00
0.000000000000000000e+00
0.000000000000000000e+00
0.000000000000000000e+00
0.000000000000000000e+00
0.000000000000000000e+00
9.834558384521480390e-18
2.697035548591782091e-17
3.654216013267974578e-17
5.574162948442304115e-17
0.000000000000000000e+00
0.000000000000000000e+00
1.526318077912780218e-18
1.526318077912780218e-18
4.550955089092990276e-18
1.746321062854959293e-17
2.092276376510541799e-17
2.978423128864945384e-17
1.386827339259095656e-17
1.386827339259095656e-17
2.167982593149354753e-17
2.167982593149354753e-17
2.493386475813517830e-17
5.293233001247588211e-17
7.426784881525705373e-17
8.497231003660869903e-17
9.034865167541505095e-18
9.399680493271958291e-18
1.928588435888297052e-17
3.189090810758929940e-17
0.000000000000000000e+00
1.328888815123590444e-18
1.328888815123590444e-18
2.886491231438954205e-18
3.900674954704724871e-18
1.065832439550588917e-17
1.816079225908608990e-17
2.096228314605075144e-17
7.991361751736919458e-18
1.633318926757355119e-17
3.315590475692763907e-17
4.293667360821185018e-17
0.000000000000000000e+00
1.444302936360233602e-18
1.444302936360233602e-18
1.641896900000278485e-18
0.000000000000000000e+00
0.000000000000000000e+00
0.000000000000000000e+00
0.000000000000000000e+00
0.000000000000000000e+00
1.813221077928950200e-18
1.851581082527729404e-17
3.397705320081809953e-17
2.337164483582262981e-17
4.769022839037622919e-17
7.018430003545745212e-17
8.962811780487725694e-17
0.000000000000000000e+00
8.554847478811221546e-18
8.554847478811221546e-18
1.523052001218593059e-17
3.488658129771201392e-18
8.251368514591144000e-18
1.123324212628150156e-17
2.617793263506844091e-17
1.085796535543513258e-17
1.699871305392577356e-17
2.718250488725217594e-17
4.136695979718540180e-17
3.901207291383381562e-18
3.901207291383381562e-18
3.901207291383381562e-18
3.901207291383381562e-18
1.147110838904221649e-17
1.960702160718400264e-17
3.605867784390826116e-17
5.013658894985803122e-17
1.479183341376038535e-17
1.587787082429827513e-17
2.317407440087556426e-17
2.372240176749796075e-17
1.004906359624038799e-17
1.409467235861089278e-17
2.407312340613381865e-17
3.203735951595224276e-17
0.000000000000000000e+00
0.000000000000000000e+00
0.000000000000000000e+00
0.000000000000000000e+00
2.260342712787569063e-19
2.260342712787569063e-19
2.260342712787569063e-19
2.260342712787569063e-19
2.250716536272418693e-18
3.947352940489005952e-18
3.947352940489005952e-18
3.947352940489005952e-18
1.408133453077825991e-19
1.408133453077825991e-19
9.642705421968382133e-19
9.642705421968382133e-19
2.035402525732349122e-18
2.035402525732349122e-18
2.035402525732349122e-18
2.035402525732349122e-18
0.000000000000000000e+00
0.000000000000000000e+00
0.000000000000000000e+00
8.120607803358761385e-18
1.833156939490299578e-17
2.886897983718833512e-17
3.254202645166495624e-17
4.029434844707882093e-17
0.000000000000000000e+00
2.262077953894791778e-18
2.262077953894791778e-18
2.262077953894791778e-18
0.000000000000000000e+00
0.000000000000000000e+00
0.000000000000000000e+00
0.000000000000000000e+00
0.000000000000000000e+00
3.339936202535756064e-18
1.222259425519425779e-17
2.703704168399436054e-17
1.058882357753170179e-18
9.605562439013956667e-18
1.560219101083322482e-17
2.596302449448226390e-17
0.000000000000000000e+00
5.839965710703312986e-18
5.839965710703312986e-18
6.321277477547456929e-18
1.565995689318399260e-17
2.097936497715371111e-17
2.266153711736128163e-17
2.445923219901052561e-17
0.000000000000000000e+00
0.000000000000000000e+00
3.977881419629629950e-18
5.120208287033837992e-18
0.000000000000000000e+00
1.341497253473865266e-18
2.003400562193897587e-18
6.440709123110314047e-18
0.000000000000000000e+00
4.335732252238214882e-18
4.524535307963874031e-18
4.524535307963874031e-18
0.000000000000000000e+00
0.000000000000000000e+00
0.000000000000000000e+00
0.000000000000000000e+00
6.580604849391904070e-18
8.132613318951442299e-18
2.242333851181223719e-17
2.394657138985810892e-17
1.559015314328769516e-17
1.867442068573728453e-17
2.412781585296416992e-17
2.723920609624563034e-17
5.800249276954278186e-18
5.800249276954278186e-18
1.109984914252206148e-17
1.109984914252206148e-17
1.162740067324374713e-17
1.710740973331682890e-17
2.194782950887410883e-17
2.194782950887410883e-17
0.000000000000000000e+00
1.105965625274019613e-17
1.529917673829948680e-17
1.529917673829948680e-17
0.000000000000000000e+00
0.000000000000000000e+00
0.000000000000000000e+00
6.714647813294897291e-19
1.325441567493462684e-17
3.369083841507157694e-17
5.647817168944661934e-17
7.385774663771472454e-17
3.494107963282528197e-18
1.140321928653710794e-17
1.587752083499020756e-17
3.502475354723287012e-17
2.655454171815476299e-18
3.429921688835036003e-18
6.621982997082601038e-18
1.423515630221696641e-17
4.802000361008728275e-18
7.005103645950939007e-18
1.817465360033751389e-17
1.817465360033751389e-17
2.333557829057200489e-17
3.676196224140561089e-17
5.053317977545701631e-17
8.064968032527333181e-17
8.912042449103008792e-18
1.142708326339135060e-17
1.783448458050286171e-17
2.072395513269031819e-17
1.491894423649435655e-17
2.532948796623538546e-17
4.095894579114497466e-17
5.018141699215681473e-17
2.988511644197138584e-17
5.804796785089849249e-17
8.311203745489442393e-17
1.182104593398454423e-16
4.948098838976982859e-18
6.612218589496196870e-18
2.046073670324442161e-17
2.934808578906566842e-17
6.018019094824060446e-18
1.925595880249994235e-17
2.634332758236633407e-17
3.318156867879480020e-17
2.003452325318452111e-17
3.956346195163014069e-17
6.593807387239906080e-17
8.702593847614013053e-17
6.138444827665291804e-18
2.370195827438558249e-17
2.624127187656867881e-17
3.633989278239668887e-17
7.172083838938309680e-18
1.457376066396849264e-17
2.754093511392537314e-17
4.336274000394063459e-17
0.000000000000000000e+00
1.408271684149079404e-18
1.602215759290712485e-18
1.602215759290712485e-18
0.000000000000000000e+00
1.546685102772974787e-18
1.546685102772974787e-18
1.546685102772974787e-18
1.263917858765238613e-17
3.539958033182600870e-17
5.572907398563197781e-17
6.851582159456382099e-17
1.417391699656512775e-17
3.206931736319136225e-17
5.658886242556766405e-17
7.151819458001238295e-17
7.999817375776351777e-18
1.822238743621923855e-17
2.138236148941630377e-17
2.590929672406406473e-17
0.000000000000000000e+00
0.000000000000000000e+00
6.130606831816567351e-19
6.130606831816567351e-19
0.000000000000000000e+00
0.000000000000000000e+00
0.000000000000000000e+00
0.000000000000000000e+00
1.181967421118385055e-17
2.349861154531210151e-17
3.683068955359810702e-17
4.334630521189460050e-17
0.000000000000000000e+00
5.838068709831858299e-18
5.838068709831858299e-18
5.838068709831858299e-18
8.160038951705423026e-18
1.877124713952029174e-17
2.127725587679121094e-17
2.830197951160025131e-17
2.728946044336276479e-17
4.868335687451215982e-17
7.049184652247631657e-17
9.131189577838065655e-17
0.000000000000000000e+00
0.000000000000000000e+00
6.445991314684163182e-18
6.445991314684163182e-18
2.222605630335416601e-18
4.137438309982036794e-18
1.068449712535872342e-17
1.216298725261785916e-17
6.731153191419865713e-18
1.105931214560537407e-17
1.379947843540614790e-17
1.379947843540614790e-17
9.500162717726622422e-18
1.770145923257122417e-17
2.644313629798446784e-17
3.119675284296791543e-17
0.000000000000000000e+00
0.000000000000000000e+00
0.000000000000000000e+00
3.597890086927536853e-19
1.334307767225382193e-17
1.334307767225382193e-17
2.032354089448220389e-17
2.459896910661450931e-17
8.139163118859550709e-19
8.139163118859550709e-19
8.139163118859550709e-19
5.198520600528769604e-18
2.373384259445913623e-17
3.976497050156461357e-17
6.018828481862548129e-17
8.414215892656704196e-17
3.076261904663385897e-17
5.161584081855237065e-17
7.561565764062260578e-17
8.706005508096008582e-17
5.453803978267401666e-19
5.453803978267401666e-19
4.210771363825226639e-18
7.082427754340741116e-18
1.212940004338992856e-17
3.784286451470077455e-17
4.707227373905488504e-17
6.020241085767292841e-17
0.000000000000000000e+00
2.147066761525418810e-18
5.034622666321685242e-18
5.034622666321685242e-18
2.211158332983669678e-17
3.552456769001860173e-17
4.666491559533126098e-17
5.704970717060645850e-17
0.000000000000000000e+00
6.364161461588828637e-18
6.364161461588828637e-18
6.364161461588828637e-18
1.048705315713642084e-17
1.917996112417684784e-17
2.508828945233147793e-17
3.688264384878299250e-17
0.000000000000000000e+00
0.000000000000000000e+00
6.650090961932980570e-19
3.819909774966702937e-18
5.355186402731346751e-18
1.329476738339410391e-17
1.644455351253113549e-17
2.555791628202478408e-17
1.583402510493137407e-17
2.764212614025604066e-17
4.061090348242213365e-17
5.222453398809975289e-17
0.000000000000000000e+00
5.472538700052158517e-18
8.842882797177018796e-18
1.361648990793299303e-17
0.000000000000000000e+00
4.839281575034406962e-18
4.839281575034406962e-18
1.252235274483698555e-17
0.000000000000000000e+00
1.325371275523187050e-17
1.325371275523187050e-17
1.994410836823836697e-17
4.644122831117718578e-18
1.870529327201273136e-17
1.870529327201273136e-17
2.656139150889835852e-17
0.000000000000000000e+00
7.227161568116196356e-19
7.227161568116196356e-19
9.789936218286264177e-19
1.859814948635830479e-17
2.830693230147238830e-17
3.737673169591488623e-17
4.472840122510422135e-17
1.466021390523426050e-17
2.208457533138310078e-17
4.177100039519895473e-17
6.798686422443662112e-17
7.391212438827647512e-18
1.856714749227147531e-17
3.247055216456712914e-17
4.984433023110245656e-17
9.295948368099530949e-18
1.521234409685943309e-17
2.746849909150201977e-17
2.828588294451579993e-17
2.304576655588627119e-18
2.304576655588627119e-18
1.158248439834629026e-17
1.198058400138256592e-17
1.686922583320089207e-17
3.892162273584819461e-17
6.452639346885460184e-17
8.375329727661175235e-17
8.298911179842414360e-18
2.082622259672478702e-17
2.944225644162864076e-17
3.874683689896494456e-17
3.425871812555975994e-18
1.518110681584280801e-17
1.518110681584280801e-17
1.518110681584280801e-17
7.066554709839589704e-18
1.933499168221736375e-17
2.885263033665435162e-17
5.662997881654897065e-17
2.275139319584917815e-18
8.003658434905219038e-18
1.826004216824596221e-17
2.234557324042907141e-17
5.130019752006200818e-18
5.130019752006200818e-18
1.141435718157617837e-17
1.141435718157617837e-17
0.000000000000000000e+00
0.000000000000000000e+00
0.000000000000000000e+00
0.000000000000000000e+00
1.141076611481021431e-17
3.656265950643794402e-17
5.483023967969714434e-17
7.916181107277530554e-17
1.657896999443517503e-17
2.393680110009846002e-17
3.645247463721595123e-17
5.479461429743989233e-17
9.825020440605002792e-18
3.659263212020693624e-17
5.514359481279528374e-17
7.473696683696467596e-17
1.728678366533103768e-17
2.542083811672746109e-17
4.321308575224587974e-17
5.474635400705274724e-17
8.644221219093039704e-18
1.452863557192084496e-17
2.286183393960732196e-17
4.096656026441039202e-17
3.208095818404286337e-17
5.614953761134506150e-17
7.475797501870856428e-17
1.073347474677306772e-16
6.345053221803025468e-18
1.098339681770770741e-17
1.183698544704336185e-17
1.183698544704336185e-17
0.000000000000000000e+00
8.245577515031616347e-18
1.256122214563876605e-17
1.303699878745953259e-17
5.392123509622203379e-18
2.201425983241449975e-17
4.684621888016976780e-17
5.662963176832752892e-17
1.544745456145494725e-17
2.233844110536972702e-17
3.182101318400770894e-17
4.681230815141337442e-17
5.904778436601379187e-18
5.904778436601379187e-18
1.037990643039537461e-17
1.037990643039537461e-17
3.093390204934981985e-17
5.954313099822008375e-17
9.770996208655264616e-17
1.268831149844039577e-16
2.614088082579931078e-17
5.340568908109302751e-17
7.084822681177369209e-17
1.001174120700199476e-16
1.422722419159632252e-17
2.567840965985832797e-17
4.175710670199467737e-17
4.404596030849989808e-17
