4.232433835044503,0.0012211613357067108,0.31165273673832417,0.0
24.270205035805702,0.0012211613357067108,0.31165273673832417,16.734938513487577
25.01857695169747,0.002240600064396858,0.6355077847838402,16.734938513487577
42.688283598050475,0.002240600064396858,0.6355077847838402,31.313137793913484
42.97766435705125,0.0032468773424625397,0.8309193141758442,31.313137793913484
58.099977945908904,0.0032468773424625397,0.8309193141758442,43.52213806286454
58.34289334341884,0.004157915711402893,1.022417450323701,43.52213806286454
69.21117060258985,0.004157915711402893,1.022417450323701,53.39965417794883
75.58879004977643,0.00836191512644291,1.0295300036668777,53.39965417794883
91.02984893135726,0.00836191512644291,1.0295300036668777,65.70642372407019
91.30817205645144,0.00923648290336132,1.1249797586351633,65.70642372407019
98.56924453563988,0.00923648290336132,1.1249797586351633,70.44076687656343
98.92058486863971,0.010294351726770401,1.281618133187294,70.44076687656343
108.9208071436733,0.010294351726770401,1.281618133187294,76.14054315537214
109.50445446372032,0.011289320886135101,1.6185687463730574,76.14054315537214
115.49147011525929,0.011289320886135101,1.6185687463730574,80.75337002240121
121.2141402643174,0.015461379662156105,2.014665827155113,80.75337002240121
133.76374593377113,0.015461379662156105,2.014665827155113,90.05377051047981
134.0556625891477,0.0163715947419405,2.233567638322711,90.05377051047981
153.8958801086992,0.0163715947419405,2.233567638322711,106.57635107822716
154.26952106319368,0.017246050760149956,2.3860419411212206,106.57635107822716
165.86400049366057,0.017246050760149956,2.3860419411212206,115.17968097142875
166.37188290432096,0.01810685731470585,2.764349564909935,115.17968097142875
182.51383054442704,0.01810685731470585,2.764349564909935,128.2156857661903
187.70380218327045,0.0222929734736681,2.9625579845160246,128.2156857661903
204.90065794438124,0.0222929734736681,2.9625579845160246,141.70102207176387
205.26282167620957,0.02338232658803463,3.192155646160245,141.70102207176387
220.6709055956453,0.02338232658803463,3.192155646160245,154.7561147492379
220.90443552844226,0.02444600686430931,3.334460262209177,154.7561147492379
236.6372999791056,0.02444600686430931,3.334460262209177,166.82519171014428
236.7873697206378,0.025331081822514534,3.40532748028636,166.82519171014428
251.8594932258129,0.025331081822514534,3.40532748028636,178.94808570854366
257.1303666885942,0.029260942712426186,3.61649526655674,178.94808570854366
274.31636258773506,0.029260942712426186,3.61649526655674,191.4117463361472
274.9213960785419,0.03029378317296505,3.6917325761169195,191.4117463361472
288.0108264647424,0.03029378317296505,3.6917325761169195,203.22333849035203
288.49516841210425,0.03130316361784935,3.9469622131437063,203.22333849035203
298.30987564474344,0.03130316361784935,3.9469622131437063,210.65602817758918
298.7378966677934,0.03210311010479927,4.247245196253061,210.65602817758918
308.60319612547755,0.03210311010479927,4.247245196253061,219.5655793901533
313.7502572797239,0.20740805938839912,4.654700055718422,219.5655793901533
329.15070574730635,0.20740805938839912,4.654700055718422,231.44589223712683
329.7209156844765,0.2084722388535738,4.865491343662143,231.44589223712683
342.91388522461057,0.2084722388535738,4.865491343662143,240.055957717821
343.16379965655506,0.20956381037831306,4.925659760832787,240.055957717821
358.4452553316951,0.20956381037831306,4.925659760832787,250.50059331953526
359.25166410021484,0.21064848266541958,5.052220180630684,250.50059331953526
370.90986628830433,0.21064848266541958,5.052220180630684,258.9304124135524
375.6528321933001,0.21483837440609932,5.437198778614402,258.9304124135524
392.9656393881887,0.21483837440609932,5.437198778614402,271.5578856188804
393.0950603801757,0.21575883217155933,5.555653987452388,271.5578856188804
408.1513371244073,0.21575883217155933,5.555653987452388,281.98568302206695
408.60441204719245,0.21685005351901054,5.5870731975883245,281.98568302206695
419.3651749677956,0.21685005351901054,5.5870731975883245,290.6288542691618
419.906964763999,0.21783633157610893,5.788409806787968,290.6288542691618
435.6607326101512,0.21783633157610893,5.788409806787968,302.64347017742693
442.7243540007621,0.25804916583001614,6.057120695710182,302.64347017742693
456.57086782716215,0.25804916583001614,6.057120695710182,313.0479544252157
456.719620404765,0.2589881233870983,6.135519912466407,313.0479544252157
466.236216776073,0.2589881233870983,6.135519912466407,319.9881071411073
466.9485381040722,0.2600342743098736,6.168957449495792,319.9881071411073
476.83203945308924,0.2600342743098736,6.168957449495792,325.5794334616512
476.94474309310317,0.2609156612306833,6.18468776345253,325.5794334616512
484.33594816736877,0.2609156612306833,6.18468776345253,330.89037906192243
490.9435754455626,0.3222960587590933,6.441171461716294,330.89037906192243
503.4199904836714,0.3222960587590933,6.441171461716294,339.9269627276808
503.66477496922016,0.32343162782490253,6.4487008061259985,339.9269627276808
513.4207583554089,0.32343162782490253,6.4487008061259985,347.81387823820114
513.6417410671711,0.32426944375038147,6.571573341265321,347.81387823820114
528.4343723207712,0.32426944375038147,6.571573341265321,359.9752479866147
529.1095669902861,0.4730508401989937,6.960999213159084,359.9752479866147
539.3258372377604,0.4730508401989937,6.960999213159084,365.53294726647437
544.1440001390874,0.4770804736763239,7.158781241625547,365.53294726647437
555.2089799996465,0.4770804736763239,7.158781241625547,375.3834990616888
555.6947901286185,0.4780787006020546,7.270943753421307,375.3834990616888
567.961188191548,0.4780787006020546,7.270943753421307,383.03880786150694
568.2612989619374,0.4793534129858017,7.307613113895059,383.03880786150694
579.3056351430714,0.4793534129858017,7.307613113895059,392.6408712286502
579.5914607997984,0.5014271009713411,7.312256187200546,392.6408712286502
590.4180346764624,0.5014271009713411,7.312256187200546,397.9036948066205
596.3166173957288,0.5054784845560789,7.628627499565482,397.9036948066205
602.0416847243905,0.5054784845560789,7.628627499565482,402.32347943633795
602.3438427448273,0.5065310727804899,7.81887979619205,402.32347943633795
614.3812186326832,0.5065310727804899,7.81887979619205,409.59088637679815
614.5140284430236,0.5075469203293324,7.827949961647391,409.59088637679815
632.358032187447,0.5075469203293324,7.827949961647391,422.6328783109784
632.867720708251,0.5084983073174953,7.946740932762623,422.6328783109784
641.1365205962211,0.5084983073174953,7.946740932762623,428.16342199221253
647.509045092389,0.5125140212476254,8.41986078210175,428.16342199221253
659.3650046028197,0.5125140212476254,8.41986078210175,434.43504000268877
659.9281635526568,0.5134859681129456,8.655321666970849,434.43504000268877
668.3888066206127,0.5134859681129456,8.655321666970849,439.6291515342891
668.9266709573567,0.514463884755969,8.849546855315566,439.6291515342891
677.3296565189958,0.514463884755969,8.849546855315566,446.60126485303044
677.688740959391,0.5154483132064342,8.85947042517364,446.60126485303044
689.891308883205,0.5154483132064342,8.85947042517364,456.67164209112525
696.7143748439848,0.5199145544320345,9.050974812358618,456.67164209112525
704.4141866825521,0.5199145544320345,9.050974812358618,460.7186373062432
704.6473574247211,0.5209014620631933,9.066070135682821,460.7186373062432
711.3213219493628,0.5209014620631933,9.066070135682821,463.7321553286165
711.7587746921927,0.5222826860845089,9.356201391667128,463.7321553286165
724.828669803217,0.5222826860845089,9.356201391667128,473.6861602347344
725.0946728549898,0.5233648456633091,9.376230044290423,473.6861602347344
733.6101461835206,0.5233648456633091,9.376230044290423,479.9828051980585
739.1372135542333,0.5274030864238739,9.463506167754531,479.9828051980585
747.7657501585782,0.5274030864238739,9.463506167754531,484.8390828818083
747.8838736712933,0.5284788478165865,9.468052910640836,484.8390828818083
763.485841050744,0.5284788478165865,9.468052910640836,496.77689788118005
763.8982261586934,0.5294866263866425,9.568451903760433,496.77689788118005
778.5692966226488,0.5294866263866425,9.568451903760433,508.601072806865
778.9140330031514,0.5305593945086002,9.599490089341998,508.601072806865
785.9047151785344,0.5305593945086002,9.599490089341998,514.3867893721908
792.9547500796616,0.5353932045400143,9.858990456908941,514.3867893721908
808.9572671055794,0.5353932045400143,9.858990456908941,527.0983940456063
809.231782419607,0.5364072136580944,10.005057321861386,527.0983940456063
816.8725906684995,0.5364072136580944,10.005057321861386,532.337782997638
817.0214766077697,0.5374601632356644,10.009734595194459,532.337782997638
828.2585678361356,0.5374601632356644,10.009734595194459,541.4878576789051
828.9435889385641,0.5385842155665159,10.014835450798273,541.4878576789051
838.4691413585097,0.5385842155665159,10.014835450798273,548.5162736196071
845.2645113505423,0.6681338865309954,10.194015244022012,548.5162736196071
856.9742817711085,0.6681338865309954,10.194015244022012,558.4683504067361
857.7577811237425,0.6690645534545183,10.311828160658479,558.4683504067361
871.4577210117131,0.6690645534545183,10.311828160658479,569.166634099558
872.0296972133219,0.6699967123568058,10.398074932396412,569.166634099558
890.6183632779866,0.6699967123568058,10.398074932396412,581.7150284219533
890.9825782161206,0.6708864793181419,10.751742526888847,581.7150284219533
904.8822967112064,0.6708864793181419,10.751742526888847,591.6449802722782
912.7683743685484,0.6748801823705435,10.999581962823868,591.6449802722782
921.6117579527199,0.6748801823705435,10.999581962823868,597.4444900862873
921.9650892056525,0.6898208055645227,11.328857092186809,597.4444900862873
930.2034090403467,0.6898208055645227,11.328857092186809,603.2604251150042
930.7516062799841,0.6907593347132206,11.493253976106644,603.2604251150042
936.5497042927891,0.6907593347132206,11.493253976106644,606.602968994528
936.9764773342758,0.6916687022894621,11.798180878162384,606.602968994528
945.971453178674,0.6916687022894621,11.798180878162384,611.8219241201878
952.1911061126739,0.6958686504513025,12.112970616668463,611.8219241201878
961.9338039737195,0.6958686504513025,12.112970616668463,619.8955904915929
962.5200183801353,0.696896517649293,12.180716946721077,619.8955904915929
972.3997732065618,0.696896517649293,12.180716946721077,628.2741257585585
972.7109702713788,0.6978626362979412,12.259447207674384,628.2741257585585
980.9816914517432,0.6978626362979412,12.259447207674384,634.8533379714936
981.021108912304,0.698682501912117,12.274123225361109,634.8533379714936
988.5363003201783,0.698682501912117,12.274123225361109,639.1886531244963
995.0989846419543,0.7449434082955122,12.645213581621647,639.1886531244963
998.794387685135,0.7449434082955122,12.645213581621647,639.9221248365939
999.1652166880667,0.746063657104969,12.683267530053854,639.9221248365939
1007.2848195750266,0.746063657104969,12.683267530053854,647.2088942024857
1007.8057688996196,0.7468626629561186,13.194972101598978,647.2088942024857
1021.3636989872903,0.7468626629561186,13.194972101598978,655.8997941277921
1021.9014837630093,0.7479053325951099,13.688264422118664,655.8997941277921
1037.1982467472553,0.7479053325951099,13.688264422118664,666.6550549436361
1045.7557174414396,0.7521323710680008,14.128932140767574,666.6550549436361
1056.482555763796,0.7521323710680008,14.128932140767574,674.0860786363482
1056.911435579881,0.7531530801206827,14.257608849555254,674.0860786363482
1061.0886562857777,0.7531530801206827,14.257608849555254,676.6698682736605
1061.1837833710015,0.7541667185723782,14.289799010381103,676.6698682736605
1075.0800491310656,0.7541667185723782,14.289799010381103,686.9203818123788
1075.0975735727698,0.7550669554620981,14.29794610105455,686.9203818123788
1091.2484549898654,0.7550669554620981,14.29794610105455,700.0498783346266
1095.805439794436,0.7592268418520689,14.604209765791893,700.0498783346266
1109.9858112353832,0.7592268418520689,14.604209765791893,710.4442770872265
1110.5496856421232,0.7601691074669361,14.62618961930275,710.4442770872265
1123.8796415179968,0.7601691074669361,14.62618961930275,721.3040188327432
1124.167558107525,0.7610698323696852,14.701319547370076,721.3040188327432
1142.3197043836117,0.7610698323696852,14.701319547370076,735.2785579413176
1142.5656348355114,0.7621467802673578,14.70593256317079,735.2785579413176
1156.042607307434,0.7621467802673578,14.70593256317079,746.7942813374102
1163.2977363858372,0.9970026798546314,14.784673480316997,746.7942813374102
1177.740734744817,0.9970026798546314,14.784673480316997,757.6846627257764
1178.1962349619716,0.9978642761707306,14.956167064607143,757.6846627257764
1193.4265773687512,0.9978642761707306,14.956167064607143,769.7976248580962
1193.5932537447661,0.9987282119691372,14.97883853316307,769.7976248580962
1209.6264463905245,0.9987282119691372,14.97883853316307,781.9166866671294
1210.112308992073,0.9995230846107006,15.281316069886088,781.9166866671294
1226.6151314601302,0.9995230846107006,15.281316069886088,793.2677205372602
1232.2680592797697,1.0034266170114279,15.642366917803884,793.2677205372602
1252.0049573034048,1.0034266170114279,15.642366917803884,808.2580869328231
1252.6529160700738,1.0044063366949558,15.988403130322695,808.2580869328231
1269.1238213386387,1.0044063366949558,15.988403130322695,819.2173856962472
1269.8965696059167,1.0054248943924904,16.546807557344437,819.2173856962472
1284.4008109476417,1.0054248943924904,16.546807557344437,831.1840649936348
1284.6918242108077,1.0063406601548195,16.687208024784923,831.1840649936348
1299.2326775602996,1.0063406601548195,16.687208024784923,839.8792135827243
1308.0302880965173,1.134526764973998,17.253373904153705,839.8792135827243
1327.7421786151826,1.134526764973998,17.253373904153705,855.7771924529225
1328.2983686812222,1.1353933904320002,17.68146483041346,855.7771924529225
1344.1274347268045,1.1353933904320002,17.68146483041346,865.9358711540699
1344.4897780306637,1.1363099981099367,17.713332038372755,865.9358711540699
1356.8823148794472,1.1363099981099367,17.713332038372755,874.3251250050962
1357.2913708556443,1.1373193953186274,17.947305414825678,874.3251250050962
1381.4368438720703,1.1373193953186274,17.947305414825678,892.3722074050456
1390.6601711176336,1.1413503587245941,18.464194983243942,892.3722074050456
1406.7449901681393,1.1413503587245941,18.464194983243942,902.9383441209793
1407.263808246702,1.1424722280353308,18.573717154562473,902.9383441209793
1422.34168975614,1.1424722280353308,18.573717154562473,912.2658619191498
1422.5686374064535,1.1434348970651627,18.63183220848441,912.2658619191498
1443.1007188875228,1.1434348970651627,18.63183220848441,926.3560499623418
1443.7459594551474,1.144318163394928,19.034173538908362,926.3560499623418
1457.3878817800432,1.144318163394928,19.034173538908362,934.4773646965623
1463.9708190951496,1.3295039646327496,19.038936907425523,934.4773646965623
1478.078706951812,1.3295039646327496,19.038936907425523,946.7145276349038
1478.5291327033192,1.3304052520543337,19.222280556336045,946.7145276349038
1500.7480127085,1.3304052520543337,19.222280556336045,962.5650033913553
1501.35546066612,1.3314674533903599,19.36085245758295,962.5650033913553
1518.3997777085751,1.3314674533903599,19.36085245758295,974.6661825906485
1518.7336932718754,1.332543333992362,19.480625331401825,974.6661825906485
1537.2620402127504,1.332543333992362,19.480625331401825,988.2297251261771
1544.9539844673127,1.449035519734025,19.854999151080847,988.2297251261771
1560.8300645519048,1.449035519734025,19.854999151080847,999.5079925619066
1561.473444422707,1.4499878268688917,19.927807826548815,999.5079925619066
1577.3610319159925,1.4499878268688917,19.927807826548815,1010.8723840471357
1577.9708280283958,1.4511799179017544,20.423943053930998,1010.8723840471357
1594.176236325875,1.4511799179017544,20.423943053930998,1023.2532547563314
1594.832007067278,1.4520992953330278,20.857852518558502,1023.2532547563314
1613.6196046900004,1.4520992953330278,20.857852518558502,1037.467980299145
1623.3513868320733,1.661561232060194,20.94804708659649,1037.467980299145
1636.8315558731556,1.661561232060194,20.94804708659649,1047.5656556095928
1637.4416049737483,1.6625579707324505,21.031175894662738,1047.5656556095928
1651.1028877682984,1.6625579707324505,21.031175894662738,1055.0348569210619
1651.1416871454567,1.6633981764316559,21.058620154857635,1055.0348569210619
1660.5472147539258,1.6633981764316559,21.058620154857635,1061.8290997855365
1660.7558789681643,1.6643289308995008,21.178395990282297,1061.8290997855365
1674.0471979007125,1.6643289308995008,21.178395990282297,1073.1099704019725
1683.0440075099468,1.6681708227843046,21.40258277952671,1073.1099704019725
1697.9103392343968,1.6681708227843046,21.40258277952671,1085.7585534173995
1698.1240697018802,1.66911194100976,21.41227231733501,1085.7585534173995
1706.5372307859361,1.66911194100976,21.41227231733501,1089.5342950858176
1706.9127610195428,1.6700035091489553,21.648796126246452,1089.5342950858176
1719.5358333792537,1.6700035091489553,21.648796126246452,1098.018767375499
1720.1804915480316,1.6709915976971388,21.82746854610741,1098.018767375499
1735.3664504159242,1.6709915976971388,21.82746854610741,1110.4735274519771
1744.1031382922083,1.852106211706996,22.118536105379462,1110.4735274519771
1750.926217155531,1.852106211706996,22.118536105379462,1114.4710160084069
1751.470531385392,1.8531669732183218,22.310491060838103,1114.4710160084069
1766.207042876631,1.8531669732183218,22.310491060838103,1124.2373842969537
1766.4855788350105,1.854012468829751,22.50782378576696,1124.2373842969537
1775.3087841272354,1.854012468829751,22.50782378576696,1132.1481561046094
1776.0170736201108,1.8550140280276537,22.593992989510298,1132.1481561046094
1794.7636763639748,1.8550140280276537,22.593992989510298,1144.8000668361783
1803.306699231267,2.0296332128345966,22.850713865831494,1144.8000668361783
1823.645124802366,2.0296332128345966,22.850713865831494,1161.0680284202099
1824.2662062514573,2.0305664725601673,23.112194089218974,1161.0680284202099
1843.2729005143046,2.0305664725601673,23.112194089218974,1174.435267534107
1843.435109110549,2.0316567048430443,23.116977024823427,1174.435267534107
1865.1848505698144,2.0316567048430443,23.116977024823427,1189.620362535119
1865.3139427416027,2.035458205267787,23.13800353743136,1189.620362535119
1881.9616718888283,2.035458205267787,23.13800353743136,1201.3055804166943
1890.5935365278274,2.039555422961712,23.61867304891348,1201.3055804166943
1901.5030263382941,2.039555422961712,23.61867304891348,1209.9268986731768
1901.6067297793925,2.0419765189290047,23.653867062181234,1209.9268986731768
1909.5932129528373,2.0419765189290047,23.653867062181234,1215.6067897044122
1909.8998075276613,2.043068539351225,23.658613277599216,1215.6067897044122
1929.2760366760194,2.043068539351225,23.658613277599216,1232.9547911509871
1929.4556974563748,2.0440856385976076,23.730252765119076,1232.9547911509871
1941.4205685593188,2.0440856385976076,23.730252765119076,1239.8577767964453
1948.4493862036616,2.0568798277527094,24.05466607771814,1239.8577767964453
1961.6763575207442,2.0568798277527094,24.05466607771814,1246.5810583084822
1962.3852147832513,2.057847736403346,24.16884341649711,1246.5810583084822
1970.0344227235764,2.057847736403346,24.16884341649711,1253.033396743238
1971.0937962681055,2.0592608526349068,24.73184235394001,1253.033396743238
1979.772552555427,2.0592608526349068,24.73184235394001,1259.4583697859198
1980.9030916802585,2.0602794121950865,25.260642459616065,1259.4583697859198
1992.6618280224502,2.0602794121950865,25.260642459616065,1266.7060175165534
2000.916700212285,2.0642509069293737,25.44590608589351,1266.7060175165534
2012.9393176957965,2.0642509069293737,25.44590608589351,1275.730546027422
2013.0243946239352,2.065182873979211,25.495213750749826,1275.730546027422
2025.874637015164,2.065182873979211,25.495213750749826,1285.5014193952084
2026.8244466036558,2.0663757659494877,25.970928272232413,1285.5014193952084
2044.1170077808201,2.0663757659494877,25.970928272232413,1299.2784606534988
2044.3318354561925,2.067206332460046,26.11508940719068,1299.2784606534988
2059.347559215501,2.067206332460046,26.11508940719068,1309.804901489988
2065.1917399261147,2.0713893081992865,26.11980516463518,1309.804901489988
2075.8816372398287,2.0713893081992865,26.11980516463518,1318.673744050786
2076.4869517683983,2.072294596582651,26.605434043332934,1318.673744050786
2091.5206177048385,2.072294596582651,26.605434043332934,1328.6313520669937
2091.8951336126775,2.073212234303355,26.69158407114446,1328.6313520669937
2101.780994847417,2.073212234303355,26.69158407114446,1335.0608583875
2102.4133058674634,2.0742866937071085,26.754735313355923,1335.0608583875
2115.3705444242805,2.0742866937071085,26.754735313355923,1343.0724723562598
2123.9090760145336,2.0786048229783773,27.165207646787167,1343.0724723562598
2137.7467413600534,2.0786048229783773,27.165207646787167,1356.0788725670427
2138.38421760872,2.0797561947256327,27.53004065528512,1356.0788725670427
2149.3296332191676,2.0797561947256327,27.53004065528512,1362.5760792717338
2150.2352925036103,2.081162951886654,28.108414677903056,1362.5760792717338
2159.0287489928305,2.081162951886654,28.108414677903056,1370.28148146905
2159.1039469186217,2.082144098356366,28.14927620626986,1370.28148146905
2166.7521264683455,2.082144098356366,28.14927620626986,1374.2198302485049
2184.9167005717754,2.232728324830532,28.284675167873502,1374.2198302485049
2199.457546306774,2.232728324830532,28.284675167873502,1385.3239282239228
2200.110774507746,2.2338306345045567,28.560589376837015,1385.3239282239228
2208.9428523462266,2.2338306345045567,28.560589376837015,1392.2277189362794
2209.697664283216,2.2351535372436047,29.026041984558105,1392.2277189362794
2223.408680683002,2.2351535372436047,29.026041984558105,1400.9591491203755
2224.594184976071,2.2362131979316473,29.399801950901747,1400.9591491203755
2231.051466440782,2.2362131979316473,29.399801950901747,1404.6624489519745
2239.162513498217,2.240421598777175,29.408880800008774,1404.6624489519745
2252.8108967132866,2.240421598777175,29.408880800008774,1413.270838232711
2253.0498694591224,2.241322584450245,29.480404019355774,1413.270838232711
2265.6288131754845,2.241322584450245,29.480404019355774,1423.6175191346556
2266.9358342234045,2.2423184514045715,30.602709490805864,1423.6175191346556
2278.799890467897,2.2423184514045715,30.602709490805864,1433.4368936363608
2279.5952863711864,2.2432994078844786,31.163498997688293,1433.4368936363608
2292.0660405438393,2.2432994078844786,31.163498997688293,1443.8524826001376
2302.897403439507,2.277589425444603,31.38514632359147,1443.8524826001376
2316.970070099458,2.277589425444603,31.38514632359147,1455.2329896837473
2317.605660067871,2.278602195903659,31.833466295152903,1455.2329896837473
2328.1560577023774,2.278602195903659,31.833466295152903,1463.3277323283255
2329.4164191205055,2.2796631269156933,32.58710658363998,1463.3277323283255
2340.8516794424504,2.2796631269156933,32.58710658363998,1470.4831293188035
2342.3652521725744,2.280830468982458,33.39443136937916,1470.4831293188035
2353.4328880552202,2.280830468982458,33.39443136937916,1477.7050456292927
2365.995676672086,2.6130922697484493,34.32657853886485,1477.7050456292927
2377.6554412003607,2.6130922697484493,34.32657853886485,1487.1292965523899
2378.3209556955844,2.616038655862212,34.969754530116916,1487.1292965523899
2383.650234906003,2.616038655862212,34.969754530116916,1490.5551374163479
2384.7861493453383,2.6170551739633083,35.69281700626016,1490.5551374163479
2397.9435727074742,2.6170551739633083,35.69281700626016,1500.9581988509744
2398.214296652004,2.6180082224309444,35.73107104562223,1500.9581988509744
2413.768106384203,2.6180082224309444,35.73107104562223,1509.6932034995407
2427.737124696374,2.8288338780403137,36.5610498059541,1509.6932034995407
2446.496013812721,2.8288338780403137,36.5610498059541,1521.04134404473
2446.9540576674044,2.8299239482730627,36.679232040420175,1521.04134404473
2460.3689989484847,2.8299239482730627,36.679232040420175,1530.2433428876102
2461.441718585789,2.830950427800417,37.449445962905884,1530.2433428876102
2477.3677371777594,2.830950427800417,37.449445962905884,1540.580087294802
2477.7981065399945,2.8319280948489904,37.863867826759815,1540.580087294802
2498.4618055354804,2.8319280948489904,37.863867826759815,1552.9560643229634
2510.4975078310817,2.836169073358178,38.481435684487224,1552.9560643229634
2531.031365852803,2.836169073358178,38.481435684487224,1568.566351564601
2531.9637091606855,2.838472491130233,39.201456835493445,1568.566351564601
2553.769524930045,2.838472491130233,39.201456835493445,1585.9311132282019
2554.487423878163,2.8394097574055195,39.85893899947405,1585.9311132282019
2574.311103099957,2.8394097574055195,39.85893899947405,1599.50570852682
2575.2252776026726,2.8406209759414196,40.58691354840994,1599.50570852682
2588.1293452717364,2.8406209759414196,40.58691354840994,1609.2161476481706
2598.517075151205,3.3232115637511015,41.349098935723305,1609.2161476481706
2605.4488917645067,3.3232115637511015,41.349098935723305,1613.0644602365792
2606.497550180182,3.3242032900452614,41.99873973056674,1613.0644602365792
2618.9856245294213,3.3242032900452614,41.99873973056674,1623.6173214111477
2620.1295264642686,3.3251686356961727,42.714774798601866,1623.6173214111477
2629.431326819584,3.3251686356961727,42.714774798601866,1631.6822924148291
2629.7667750362307,3.3262752052396536,42.72454226948321,1631.6822924148291
2650.5733087174594,3.3262752052396536,42.72454226948321,1645.2022672723979
2660.653022401035,3.331298502162099,42.73695057630539,1645.2022672723979
2669.548293216154,3.331298502162099,42.73695057630539,1651.024827087298
2670.415935235098,3.332286199554801,43.13343946263194,1651.024827087298
2678.389438169077,3.332286199554801,43.13343946263194,1656.9235873706639
2678.8097488749772,3.3332860600203276,43.41828993521631,1656.9235873706639
2685.1298434156924,3.3332860600203276,43.41828993521631,1660.4637577310205
2686.3236084971577,3.3343283478170633,44.02099481038749,1660.4637577310205
2697.085809452459,3.3343283478170633,44.02099481038749,1665.9606749545783
2709.2591940164566,3.3390156775712967,44.34613880328834,1665.9606749545783
2716.299975031987,3.3390156775712967,44.34613880328834,1670.1894350443035
2716.870039563626,3.3400776274502277,44.53416258469224,1670.1894350443035
2731.6951326839626,3.3400776274502277,44.53416258469224,1679.3210691399872
2732.085662871599,3.341050172224641,44.85835402086377,1679.3210691399872
2740.235387088731,3.341050172224641,44.85835402086377,1683.5797189325094
2740.9951609559357,3.3420369997620583,45.35189373604953,1683.5797189325094
2755.9465807843953,3.3420369997620583,45.35189373604953,1693.0016352795064
2766.7575066313148,3.3463786467909813,46.16081221215427,1693.0016352795064
2777.97820802778,3.3463786467909813,46.16081221215427,1701.6682693902403
2778.7655971869826,3.348662246018648,46.86892440915108,1701.6682693902403
2783.940452331677,3.348662246018648,46.86892440915108,1704.85544353351
2784.6464303527027,3.3496776930987835,47.17423243448138,1704.85544353351
2797.368542905897,3.3496776930987835,47.17423243448138,1716.0313925854862
2797.6650466341525,3.350791232660413,47.18333696760237,1716.0313925854862
2806.706548076123,3.350791232660413,47.18333696760237,1722.8264376446605
2817.042595496401,3.355287181213498,48.04176713898778,1722.8264376446605
2829.3557230867445,3.355287181213498,48.04176713898778,1729.9043861590326
2830.788632903248,3.3564159609377384,49.191710755228996,1729.9043861590326
2843.0148910414428,3.3564159609377384,49.191710755228996,1739.338148549199
2843.7222236692905,3.3575233221054077,49.776164991781116,1739.338148549199
2861.013685228303,3.3575233221054077,49.776164991781116,1753.7871646396816
2861.9892914239317,3.3584695793688297,50.38982290029526,1753.7871646396816
2877.3456183802336,3.3584695793688297,50.38982290029526,1765.6837065201253
2888.0570764597505,3.5219990257173777,50.42297072708607,1765.6837065201253
2900.628170583397,3.5219990257173777,50.42297072708607,1773.814958209172
2901.4828041121364,3.523164264857769,50.868953712284565,1773.814958209172
2909.625460959971,3.523164264857769,50.868953712284565,1778.6421222686768
2910.1999677512795,3.524392208084464,51.31773307174444,1778.6421222686768
2921.396810447797,3.524392208084464,51.31773307174444,1787.4811582490802
2922.6927778515965,3.5254437755793333,51.8743132352829,1787.4811582490802
2932.578930957243,3.5254437755793333,51.8743132352829,1792.4024928156286
2944.091158248484,3.5400486923754215,52.67567588016391,1792.4024928156286
2958.762570589781,3.5400486923754215,52.67567588016391,1803.2531640343368
2959.854573328048,3.54100276902318,53.57146971300244,1803.2531640343368
2973.3682380095124,3.54100276902318,53.57146971300244,1813.6451337505132
2973.558653606102,3.542073380202055,53.580602657049894,1813.6451337505132
2986.295714272186,3.542073380202055,53.580602657049894,1823.4523030687124
2986.7436008676887,3.5430797189474106,53.74324041232467,1823.4523030687124
3001.081092821434,3.5430797189474106,53.74324041232467,1836.3636184576899
3011.5763245206326,3.782590387389064,54.35676244832575,1836.3636184576899
3027.6972003597766,3.782590387389064,54.35676244832575,1848.675475705415
3027.9870880767703,3.7836923263967037,54.56638281792402,1848.675475705415
3037.7686422504485,3.7836923263967037,54.56638281792402,1854.638064749539
3038.07565035671,3.784652154892683,54.83828287385404,1854.638064749539
3045.423793660477,3.784652154892683,54.83828287385404,1856.761536218226
3046.22306974791,3.7859124951064587,54.87503166310489,1856.761536218226
3052.717650823295,3.7859124951064587,54.87503166310489,1861.253485508263
3063.800773287192,3.7899505272507668,55.62504610046744,1861.253485508263
3078.4737388845533,3.7899505272507668,55.62504610046744,1870.547380136326
3078.7301093321294,3.7910066563636065,55.69139692932367,1870.547380136326
3085.7409640867263,3.7910066563636065,55.69139692932367,1875.6893041487783
3086.6914389450103,3.7928270753473043,56.32014109380543,1875.6893041487783
3099.9409537557513,3.7928270753473043,56.32014109380543,1886.59796962142
3100.3920195400715,3.7939659655094147,56.33089768700302,1886.59796962142
3110.445115376264,3.7939659655094147,56.33089768700302,1894.2574315536767
3119.964981392026,3.798124948516488,56.970915514975786,1894.2574315536767
3129.55537937209,3.798124948516488,56.970915514975786,1901.0112590044737
3129.893823429942,3.799131728708744,56.980602057650685,1901.0112590044737
3139.3895141053945,3.799131728708744,56.980602057650685,1906.9934537727386
3139.8867415245622,3.8002687487751245,57.14734238944948,1906.9934537727386
3144.2731256168336,3.8002687487751245,57.14734238944948,1907.390038618818
3145.0136971734464,3.801443861797452,57.76568462885916,1907.390038618818
3160.4457502551377,3.801443861797452,57.76568462885916,1920.3662330769002
3168.4588043503463,3.8099604286253452,57.965776382014155,1920.3662330769002
3184.550638318062,3.8099604286253452,57.965776382014155,1931.8994021229446
3185.0753503795713,3.811112867668271,58.29411583393812,1931.8994021229446
3201.137931328267,3.811112867668271,58.29411583393812,1942.0772649664432
3201.225840304047,3.812018483877182,58.315394477918744,1942.0772649664432
3210.1671022437513,3.812018483877182,58.315394477918744,1949.2061840686947
3210.7045752760023,3.812950499355793,58.633473969995975,1949.2061840686947
3225.828371586278,3.812950499355793,58.633473969995975,1959.8980939406902
3234.5775347985327,3.8855656925588846,58.655542347580194,1959.8980939406902
3247.43385454081,3.8855656925588846,58.655542347580194,1969.3230865038931
3248.743569303304,3.8867014907300472,59.64073101617396,1969.3230865038931
3272.6942010279745,3.8867014907300472,59.64073101617396,1987.7026819307357
3274.774488484487,3.8878538720309734,60.37611739896238,1987.7026819307357
3294.5580279845744,3.8878538720309734,60.37611739896238,2003.1254118420184
3295.0573185123503,3.8888069298118353,60.68142670765519,2003.1254118420184
3316.9744626563042,3.8888069298118353,60.68142670765519,2019.840005762875
3327.3681784123182,3.89316463842988,60.785317009314895,2019.840005762875
3349.842367032543,3.89316463842988,60.785317009314895,2037.6105757281184
3351.256239954382,3.8943346105515957,61.43920218758285,2037.6105757281184
3368.1100833639503,3.8943346105515957,61.43920218758285,2048.331558506936
3368.1443089861423,3.9022131245583296,61.45759729295969,2048.331558506936
3382.0952602773905,3.9022131245583296,61.45759729295969,2058.5239137262106
3383.394051603973,3.9033756144344807,62.1965117957443,2058.5239137262106
3400.228714875877,3.9033756144344807,62.1965117957443,2069.2053881958127
3410.877107940614,4.194904878735542,62.895058408379555,2069.2053881958127
3430.5756978001446,4.194904878735542,62.895058408379555,2082.485112991184
3431.651563404128,4.196025878190994,63.666041661053896,2082.485112991184
3453.7726156841964,4.196025878190994,63.666041661053896,2098.6266987975687
3454.3172721806914,4.197180280461907,63.67548687197268,2098.6266987975687
3470.041396200657,4.197180280461907,63.67548687197268,2109.5501858647913
3470.7165826633573,4.198169335722923,64.31038002111018,2109.5501858647913
3484.6773312725127,4.198169335722923,64.31038002111018,2119.5307365674525
3493.285778835416,4.202423444017768,64.70012559555471,2119.5307365674525
3502.213711705059,4.202423444017768,64.70012559555471,2126.811424508691
3502.669599585235,4.203698808327317,64.97533402778208,2126.811424508691
3517.494685254991,4.203698808327317,64.97533402778208,2139.3229076229036
3518.455345403403,4.204631773754954,65.68427951075137,2139.3229076229036
3529.355873858556,4.204631773754954,65.68427951075137,2148.1671389490366
3529.981204720214,4.205574322491884,66.1031422317028,2148.1671389490366
3540.5014478117228,4.205574322491884,66.1031422317028,2156.4548473618925
3550.5217397045344,4.20986906811595,66.12297058291733,2156.4548473618925
3558.760804416612,4.20986906811595,66.12297058291733,2160.055791830644
3560.1174278631806,4.211054129526019,67.24467619881034,2160.055791830644
3572.207280850038,4.211054129526019,67.24467619881034,2168.0918103586882
3573.738360516727,4.212207591161132,68.17304218560457,2168.0918103586882
3584.201848840341,4.212207591161132,68.17304218560457,2172.910588355735
3584.964281996712,4.2131926491856575,68.56998202204704,2172.910588355735
3597.640396548435,4.2131926491856575,68.56998202204704,2183.2458314802498
3606.756308861077,4.47246608696878,68.98026908747852,2183.2458314802498
3620.903824940324,4.47246608696878,68.98026908747852,2191.2462357152253
3621.462687216699,4.4734964445233345,69.4128416646272,2191.2462357152253
3632.5422291699797,4.4734964445233345,69.4128416646272,2200.6691863220185
3633.7321959789842,4.474550914019346,70.13662601448596,2200.6691863220185
3646.0746868625283,4.474550914019346,70.13662601448596,2211.4306132998317
3647.2522394806147,4.475558223202825,70.96571785211563,2211.4306132998317
3659.269735539332,4.475558223202825,70.96571785211563,2217.171835405752
3671.8600479513407,4.479917403310537,71.77374504879117,2217.171835405752
3683.4550362974405,4.479917403310537,71.77374504879117,2225.088283104822
3684.8660382442176,4.48103167489171,72.56770882382989,2225.088283104822
3702.147195380181,4.48103167489171,72.56770882382989,2237.788242302835
3702.7312642633915,4.482118407264352,73.13259225711226,2237.788242302835
3714.398102771491,4.482118407264352,73.13259225711226,2244.843759600073
3714.8920539002866,4.483078023418784,73.61970653012395,2244.843759600073
3726.4875585995615,4.483078023418784,73.61970653012395,2253.8467679638416
3735.522419711575,4.487572245299816,73.77316170558333,2253.8467679638416
3743.7422987036407,4.487572245299816,73.77316170558333,2260.339467447251
3744.0513443164527,4.488574892282486,73.93750796280801,2260.339467447251
3747.912029305473,4.488574892282486,73.93750796280801,2262.6459267288446
3748.9057607557625,4.489721583202481,74.43384108878672,2262.6459267288446
3759.229896336794,4.489721583202481,74.43384108878672,2270.0797190330923
3760.624041164294,4.490869842469692,75.45538248866796,2270.0797190330923
3764.936584044248,4.490869842469692,75.45538248866796,2270.6705368887633
3775.644693516195,4.643653519451618,75.51271542534232,2270.6705368887633
3794.371238036081,4.643653519451618,75.51271542534232,2284.2628537900746
3795.3673463501036,4.644616836681962,76.2805033698678,2284.2628537900746
3802.3695690799505,4.644616836681962,76.2805033698678,2287.7307549435645
3802.7904039807618,4.646285805851221,76.54154599457979,2287.7307549435645
3816.322637088597,4.646285805851221,76.54154599457979,2297.2789400927722
3816.590310588479,4.647279214113951,76.59489680081606,2297.2789400927722
3823.9158490262926,4.647279214113951,76.59489680081606,2303.3047293759882
3835.2370789162815,4.651361437514424,77.10397970862687,2303.3047293759882
3843.835347002372,4.651361437514424,77.10397970862687,2309.8213684782386
3844.8105151038617,4.652324104681611,78.02961476519704,2309.8213684782386
3857.2253197636455,4.652324104681611,78.02961476519704,2320.529310565442
3858.1578710973263,4.653443744406104,78.43195982463658,2320.529310565442
3867.800035659224,4.653443744406104,78.43195982463658,2327.744941333309
3868.7809300012887,4.654382962733507,79.10450126975775,2327.744941333309
3882.1902720555663,4.654382962733507,79.10450126975775,2337.874905336648
3893.095207789913,4.673560541123152,79.68921797908843,2337.874905336648
3914.85237053968,4.673560541123152,79.68921797908843,2354.8413071632385
3915.50184256956,4.67465460114181,79.8071577064693,2354.8413071632385
3925.9310090150684,4.67465460114181,79.8071577064693,2362.673466356471
3926.8173266537488,4.675601189956069,80.51771719567478,2362.673466356471
3936.775589171797,4.675601189956069,80.51771719567478,2368.5363737121224
3936.92386960797,4.67657183855772,80.52753425575793,2368.5363737121224
3952.407439900562,4.67657183855772,80.52753425575793,2380.517280554399
3963.4512676354498,4.680929932743311,81.15630002133548,2380.517280554399
3974.297581801191,4.680929932743311,81.15630002133548,2385.3636245224625
3975.3176220804453,4.681923860684037,81.85009889863431,2385.3636245224625
3985.710992021486,4.681923860684037,81.85009889863431,2390.2076057456434
3986.557606212795,4.682987021282315,82.49092258699238,2390.2076057456434
4000.920379607007,4.682987021282315,82.49092258699238,2398.943973518908
4001.7276760097593,4.684135340154171,82.87749039568007,2398.943973518908
4011.3812984600663,4.684135340154171,82.87749039568007,2404.1882630642503
4022.858833812177,4.821715872734785,83.52767606824636,2404.1882630642503
4027.4777438323945,4.821715872734785,83.52767606824636,2407.4199134465307
4027.7293350677937,4.822758119553328,83.53709474019706,2407.4199134465307
4039.414274999872,4.822758119553328,83.53709474019706,2411.8787270952016
4040.458201793954,4.8238586988300085,84.16367940045893,2411.8787270952016
4046.2168428711593,4.8238586988300085,84.16367940045893,2414.1163410432637
4047.1265155151486,4.824930258095264,84.82722675055265,2414.1163410432637
4059.1168525796384,4.824930258095264,84.82722675055265,2424.8455563746393
4071.439049722627,4.829260367900133,84.86622860655189,2424.8455563746393
4084.58873943612,4.829260367900133,84.86622860655189,2435.666544687003
4084.79117147997,4.83027396723628,84.99376843683422,2435.666544687003
4100.935833556578,4.83027396723628,84.99376843683422,2446.4294666219503
4101.802371876314,4.831461239606142,85.51856241747737,2446.4294666219503
4109.5562518797815,4.831461239606142,85.51856241747737,2450.128033434972
4110.711708460003,4.832547500729561,86.24330151639879,2450.128033434972
4120.222545273602,4.832547500729561,86.24330151639879,2457.4809648022056
4130.790436604992,4.836890621110797,86.46923006512225,2457.4809648022056
4147.800138760358,4.836890621110797,86.46923006512225,2466.6418325472623
4148.374719796702,4.837957248091698,86.90246886387467,2466.6418325472623
4156.0290706939995,4.837957248091698,86.90246886387467,2471.3991863634437
4157.664700835943,4.8390086684376,87.93895228765905,2471.3991863634437
4177.856421012431,4.8390086684376,87.93895228765905,2488.230438582599
4179.390524633229,4.840309519320726,89.08713294565678,2488.230438582599
4189.10620225966,4.840309519320726,89.08713294565678,2494.1147895157337
4199.513253651559,4.892897764220834,89.49726845510304,2494.1147895157337
4208.156390916556,4.892897764220834,89.49726845510304,2498.5478638857603
4208.585367804393,4.893782060593367,89.9183324445039,2498.5478638857603
4227.611780617386,4.893782060593367,89.9183324445039,2515.0270058382303
4228.480319967493,4.89477433077991,90.55838728882372,2515.0270058382303
4246.47373883985,4.89477433077991,90.55838728882372,2526.0316901132464
4247.181042967364,4.895939422771335,90.93789210915565,2526.0316901132464
4255.130733767524,4.895939422771335,90.93789210915565,2531.615492535755
4266.012204447761,4.9635153245180845,91.23328373394907,2531.615492535755
4270.339637665078,4.9635153245180845,91.23328373394907,2533.311776779592
4271.6436759755015,4.964712968096137,91.94600994512439,2533.311776779592
4279.413751523942,4.964712968096137,91.94600994512439,2538.8658996578306
4280.132546167821,4.965894300490618,91.9753873758018,2538.8658996578306
4289.347280727699,4.965894300490618,91.9753873758018,2543.684627722949
4290.189634468406,4.966923087835312,92.54491372779012,2543.684627722949
4299.811097268015,4.966923087835312,92.54491372779012,2551.2374291922897
4313.399836912751,4.971494372934103,93.3137293793261,2551.2374291922897
4333.159020155668,4.971494372934103,93.3137293793261,2566.09369446896
4333.884554905817,4.972630942240357,93.719615874812,2566.09369446896
4354.973653180525,4.972630942240357,93.719615874812,2584.4576127734035
4356.019213508815,4.988027183339,94.40122226625681,2584.4576127734035
4370.7461389862,4.988027183339,94.40122226625681,2595.58315121755
4371.596141753718,4.989338357001543,94.80827743373811,2595.58315121755
4378.838763553649,4.989338357001543,94.80827743373811,2597.813059281558
4389.540496960282,4.993599474430084,95.72912579402328,2597.813059281558
4396.067514097318,4.993599474430084,95.72912579402328,2600.4216820281
4396.965359676629,4.99454846046865,96.60573763400316,2600.4216820281
4410.787907179445,4.99454846046865,96.60573763400316,2611.1496221609414
4412.023555196822,4.995660969987512,97.30204606987536,2611.1496221609414
4424.061372611672,4.995660969987512,97.30204606987536,2617.248208096251
4424.7776335235685,4.996587486937642,97.8823849260807,2617.248208096251
4437.766198311001,4.996587486937642,97.8823849260807,2627.3703766539693
4446.438145715743,5.405429812148213,98.61942884139717,2627.3703766539693
4455.600689288229,5.405429812148213,98.61942884139717,2632.4069831073284
4456.695407940075,5.406441390514374,99.1841596905142,2632.4069831073284
4466.152538044378,5.406441390514374,99.1841596905142,2637.5598299261183
4466.693026768044,5.407442007213831,99.40723237022758,2637.5598299261183
4474.561329264194,5.407442007213831,99.40723237022758,2644.121381321922
4475.5833973921835,5.408487247303128,100.09340649470687,2644.121381321922
4482.708239145577,5.408487247303128,100.09340649470687,2649.4386723302305
4493.220050411299,5.481628771871328,100.45046144537628,2649.4386723302305
4499.296376820654,5.481628771871328,100.45046144537628,2652.1447385139763
4500.593838060275,5.4826248195022345,101.27207727916539,2652.1447385139763
4513.8295728024095,5.4826248195022345,101.27207727916539,2662.53433390148
4515.125277960673,5.483724910765886,101.76520453579724,2662.53433390148
4521.203134754673,5.483724910765886,101.76520453579724,2667.1211452409625
4522.1111507155,5.484844230115414,102.0887308921665,2667.1211452409625
4529.11842010729,5.484844230115414,102.0887308921665,2672.328335655853
4541.222739979625,5.489035055041313,102.77382651530206,2672.328335655853
4554.429699622095,5.489035055041313,102.77382651530206,2682.8834111839533
4554.976285332814,5.490053541958332,102.92495045624673,2682.8834111839533
4571.123968981206,5.490053541958332,102.92495045624673,2694.844150763005
4571.856753556058,5.491143813356757,103.43065859377384,2694.844150763005
4581.644267736003,5.491143813356757,103.43065859377384,2701.9317992385477
4582.233570963144,5.492185534909368,103.45422086492181,2701.9317992385477
4589.326057355851,5.492185534909368,103.45422086492181,2704.492088502273
4601.8882995434105,5.51736712642014,104.04484112001956,2704.492088502273
4614.24923479557,5.51736712642014,104.04484112001956,2713.1731827948242
4614.59502514638,5.51831553503871,104.19663480482996,2713.1731827948242
4633.762578815222,5.51831553503871,104.19663480482996,2728.0679146647453
4635.393565217033,5.519531078636646,105.07469530776143,2728.0679146647453
4640.247392680496,5.519531078636646,105.07469530776143,2731.5007120575756
4641.443842090666,5.520432721823454,106.13135123252869,2731.5007120575756
4654.116942832246,5.520432721823454,106.13135123252869,2739.1186455395073
4668.141088947654,5.652855006977916,107.32154485024512,2739.1186455395073
4673.644685335457,5.652855006977916,107.32154485024512,2740.005706021562
4673.875820465386,5.654023287817836,107.34251717478037,2740.005706021562
4681.003367967904,5.654023287817836,107.34251717478037,2741.1290054600686
4682.0501210950315,5.655064215883613,108.09706356562674,2741.1290054600686
4696.464389087632,5.655064215883613,108.09706356562674,2751.2128879930824
4698.032985428348,5.656266987323761,108.82513515278697,2751.2128879930824
4710.631752831861,5.656266987323761,108.82513515278697,2759.886227035895
4726.074688803405,5.6606120839715,109.39407739788294,2759.886227035895
4736.59981980361,5.6606120839715,109.39407739788294,2768.8817897271365
4737.278381627053,5.661746855825186,109.90677180886269,2768.8817897271365
4749.106348484755,5.661746855825186,109.90677180886269,2775.6129172593355
4749.529697200283,5.662698080763221,110.04907042346895,2775.6129172593355
4760.044570291415,5.662698080763221,110.04907042346895,2783.59987472184
4761.07975271903,5.663851130753756,110.35250097885728,2783.59987472184
4775.143806079403,5.663851130753756,110.35250097885728,2795.011175615713
4785.726582787931,5.679206565022469,111.09347939118743,2795.011175615713
4797.292482249439,5.679206565022469,111.09347939118743,2802.290150370449
4798.29452281259,5.680299773812294,111.71906850673258,2802.290150370449
4816.121383801103,5.680299773812294,111.71906850673258,2816.415435494855
4817.114783480763,5.681381801143289,112.5384322758764,2816.415435494855
4823.855731295422,5.681381801143289,112.5384322758764,2821.37132066302
4824.806609604508,5.682677993550897,113.17546582780778,2821.37132066302
4837.04591970332,5.682677993550897,113.17546582780778,2829.1657605636865
4848.570573672652,5.6869534291327,113.99575616046786,2829.1657605636865
4859.8863964527845,5.6869534291327,113.99575616046786,2838.7662887237966
4860.9100272245705,5.68811260163784,114.34404010511935,2838.7662887237966
4869.887052832171,5.68811260163784,114.34404010511935,2842.896397393197
4870.592099638656,5.689174989238381,114.72007561288774,2842.896397393197
4881.0072694681585,5.689174989238381,114.72007561288774,2850.510496675968
4881.554830810055,5.690239120274782,115.0610540099442,2850.510496675968
4897.208879556507,5.690239120274782,115.0610540099442,2861.7074836082757
4907.288095608354,5.694679697975516,115.5749571621418,2861.7074836082757
4912.237348148599,5.694679697975516,115.5749571621418,2863.658023526892
4913.88512038812,5.695784019306302,116.945761134848,2863.658023526892
4923.639033492655,5.695784019306302,116.945761134848,2870.6857509668916
4923.984237356111,5.696722477674484,117.26824103482068,2870.6857509668916
4935.150071475655,5.696722477674484,117.26824103482068,2879.18848785758
4935.665026558563,5.697829024866223,117.48098925687373,2879.18848785758
4953.021292336285,5.697829024866223,117.48098925687373,2891.6807498261333
4962.848422622308,5.702025910839438,117.58171742968261,2891.6807498261333
4973.00090300478,5.702025910839438,117.58171742968261,2900.1279114335775
4973.176061190665,5.702937187626958,117.7160576581955,2900.1279114335775
4975.654184188694,5.702937187626958,117.7160576581955,2901.6316188424826
4975.864375660196,5.70398036763072,117.75764284096658,2901.6316188424826
4996.058188904077,5.70398036763072,117.75764284096658,2916.9424813780934
4997.574970735237,5.705053977668285,118.71244118735194,2916.9424813780934
5005.536014471203,5.705053977668285,118.71244118735194,2922.67889360711
5016.993775283918,5.795736379921436,118.99787874519825,2922.67889360711
5031.0622097328305,5.795736379921436,118.99787874519825,2932.8860646001995
5032.18761706166,5.796763569116592,119.75238460861146,2932.8860646001995
5036.671051288024,5.796763569116592,119.75238460861146,2935.9039070159197
5036.99279419519,5.798010533675551,119.94774676673114,2935.9039070159197
5046.91766962409,5.798010533675551,119.94774676673114,2944.0436466783285
5047.046973224729,5.7991394829005,119.95744458213449,2944.0436466783285
5057.042062778026,5.7991394829005,119.95744458213449,2947.94191105105
5069.868703935295,5.808569502085447,120.9569842889905,2947.94191105105
5077.7827584873885,5.808569502085447,120.9569842889905,2951.623773742467
5078.134651698172,5.8096487913280725,121.05098468437791,2951.623773742467
5094.189608756453,5.8096487913280725,121.05098468437791,2963.67601942271
5094.976742841303,5.810628518462181,121.61385069414973,2963.67601942271
5112.270843129605,5.810628518462181,121.61385069414973,2978.1311430390924
5113.847114207223,5.81179491057992,122.30106653273106,2978.1311430390924
5130.6770158763975,5.81179491057992,122.30106653273106,2993.237927539274
5144.985848579556,5.8161007687449455,122.31013121642172,2993.237927539274
5161.514584401622,5.8161007687449455,122.31013121642172,3003.4471625406295
5162.178185692057,5.817189676687121,122.87820100411773,3003.4471625406295
5172.387822911143,5.817189676687121,122.87820100411773,3011.6147738788277
5172.9595652371645,5.818311247974634,122.97814972884953,3011.6147738788277
5177.552969491109,5.818311247974634,122.97814972884953,3013.457513894886
5177.794697923586,5.819305028766394,123.131710447371,3013.457513894886
5185.517839500681,5.819305028766394,123.131710447371,3019.7001439481974
5200.864283954725,5.917055021971464,123.80559055693448,3019.7001439481974
5211.581209227443,5.917055021971464,123.80559055693448,3026.719713477418
5212.985927561298,5.918092422187328,124.4406268093735,3026.719713477418
5219.217693561688,5.918092422187328,124.4406268093735,3030.288428492844
5221.0633590482175,5.919227823615074,125.91647542081773,3030.288428492844
5245.030716234818,5.919227823615074,125.91647542081773,3045.9778537843376
5246.303751278669,5.9203598741441965,126.85112513042986,3045.9778537843376
5269.697753714398,5.9203598741441965,126.85112513042986,3061.453271759674
5284.617974115536,5.9246717020869255,128.35927509702742,3061.453271759674
5310.924706824124,5.9246717020869255,128.35927509702742,3081.4398682042956
5311.795512668788,5.925843203440309,128.8073735255748,3081.4398682042956
5335.132804360241,5.925843203440309,128.8073735255748,3100.0948148909956
5335.304458715022,5.926749719306827,128.85044763050973,3100.0948148909956
5360.098962945864,5.926749719306827,128.85044763050973,3119.3981197327375
5361.972499972209,5.927909981459379,130.40685431659222,3119.3981197327375
5383.406410040334,5.927909981459379,130.40685431659222,3134.290774187073
5398.53657800518,5.934472911059856,131.12172553502023,3134.290774187073
5416.219793917611,5.934472911059856,131.12172553502023,3148.79896196723
5416.3134207353,5.935435868799686,131.1941285841167,3148.79896196723
5424.466129329056,5.935435868799686,131.1941285841167,3151.753463283181
5424.889696883038,5.936419945210218,131.52388937585056,3151.753463283181
5437.169577663764,5.936419945210218,131.52388937585056,3162.5137313138694
5437.598000187427,5.941945305094123,131.93214723095298,3162.5137313138694
5447.820035500452,5.941945305094123,131.93214723095298,3168.9874871540815
5456.673436228186,5.946259254589677,131.9742334894836,3168.9874871540815
5474.313957391307,5.946259254589677,131.9742334894836,3181.3241495210677
5474.460712231696,5.947326323017478,131.9906410202384,3181.3241495210677
5488.421789737418,5.947326323017478,131.9906410202384,3188.6256026513875
5488.741535272449,5.948332501575351,132.08790565654635,3188.6256026513875
5497.099266864359,5.948332501575351,132.08790565654635,3194.318021800369
5497.884527396411,5.949371512979269,132.3477153275162,3194.318021800369
5509.013981264085,5.949371512979269,132.3477153275162,3204.4604788012803
5523.493783775717,5.954899568110704,132.77693303115666,3204.4604788012803
5545.193920508027,5.954899568110704,132.77693303115666,3223.9678847044706
5545.4782507792115,5.956018706783652,132.97332853637636,3223.9678847044706
5564.65444701165,5.956018706783652,132.97332853637636,3239.0080560296774
5565.571747042239,5.957055367529392,133.4835081603378,3239.0080560296774
5575.803834844381,5.957055367529392,133.4835081603378,3247.877290453762
5576.486263096333,5.95821506716311,133.92764838971198,3247.877290453762
5592.023529442027,5.95821506716311,133.92764838971198,3257.9952206183225
5602.324551271275,5.962578698992729,134.26604403927922,3257.9952206183225
5619.800755351782,5.962578698992729,134.26604403927922,3269.8786854818463
5620.258747335523,5.963575346395373,134.46083637699485,3269.8786854818463
5638.9874565918,5.963575346395373,134.46083637699485,3281.4684386420995
5639.3442871216685,5.964666264131665,134.6947106309235,3281.4684386420995
5652.540988672525,5.964666264131665,134.6947106309235,3289.808293329552
5654.024987339973,6.001793691888452,135.7582474052906,3289.808293329552
5666.147739911452,6.001793691888452,135.7582474052906,3298.578460166231
5676.507046312094,6.011892227455974,136.04760224372149,3298.578460166231
5694.986273808405,6.011892227455974,136.04760224372149,3310.6070181224495
5696.0796989332885,6.01302339695394,136.70940457843244,3310.6070181224495
5708.34887152724,6.01302339695394,136.70940457843244,3315.0732417963445
5708.81684397161,6.014147417619824,136.7412869501859,3315.0732417963445
5729.275837244466,6.014147417619824,136.7412869501859,3333.2475000899285
5731.052950311452,6.015283368527889,138.04275710694492,3333.2475000899285
5748.222256908193,6.015283368527889,138.04275710694492,3348.358119336888
5759.786790752783,6.019395031034946,138.7763604298234,3348.358119336888
5770.117297051474,6.019395031034946,138.7763604298234,3354.604033790529
5770.54995630309,6.020632384344935,138.97324015945196,3354.604033790529
5784.68458478339,6.020632384344935,138.97324015945196,3363.196362638846
5786.040460951626,6.021665330976248,139.67441789247096,3363.196362638846
5798.984321387485,6.021665330976248,139.67441789247096,3369.6863385606557
5799.849817136303,6.022779829800129,140.24048353731632,3369.6863385606557
5816.187412556261,6.022779829800129,140.24048353731632,3379.279833536595
5826.926562752575,6.027228120714426,140.5466163866222,3379.279833536595
5839.073945708573,6.027228120714426,140.5466163866222,3386.2475615832955
5839.5815163441,6.028282001614571,140.85342417098582,3386.2475615832955
5849.999476617202,6.028282001614571,140.85342417098582,3391.5910026952624
5851.300851255655,6.029309529811144,141.918691130355,3391.5910026952624
5870.15179172717,6.029309529811144,141.918691130355,3405.91820378229
5871.412677738816,6.030466992408037,142.53172759525478,3405.91820378229
5885.7264529541135,6.030466992408037,142.53172759525478,3415.8477794919163
5897.532784836367,6.034730579704046,143.7495316490531,3415.8477794919163
5929.746208323166,6.034730579704046,143.7495316490531,3440.3444161508232
5930.375667743385,6.035908801481128,143.75888462923467,3440.3444161508232
5941.501520464197,6.035908801481128,143.75888462923467,3446.8999436050653
5942.699210582301,6.036942329257727,144.6877515502274,3446.8999436050653
5949.078649669886,6.036942329257727,144.6877515502274,3449.738308204338
5949.67688238062,6.038112260401249,145.1334291473031,3449.738308204338
5964.788728130981,6.038112260401249,145.1334291473031,3458.492732817307
5979.6572099886835,6.169246448203921,145.72222951613367,3458.492732817307
5990.571633387357,6.169246448203921,145.72222951613367,3466.6536152604967
5992.003326868638,6.1702877674251795,146.37482360377908,3466.6536152604967
6005.642524236813,6.1702877674251795,146.37482360377908,3475.21272165142
6006.786045109853,6.171446597203612,147.29810616746545,3475.21272165142
6014.2261697966605,6.171446597203612,147.29810616746545,3481.0891606509686
6014.495878832415,6.172472568228841,147.31046046316624,3481.0891606509686
6028.685749964789,6.172472568228841,147.31046046316624,3489.1994073577225
6039.363382836804,6.196676312014461,147.77095862291753,3489.1994073577225
6071.783458489925,6.196676312014461,147.77095862291753,3514.079542690888
6072.101563284174,6.197788592427969,147.7804779652506,3514.079542690888
6082.74943790026,6.197788592427969,147.7804779652506,3523.2515435609967
6083.1882148925215,6.198919530957937,147.8276607375592,3523.2515435609967
6099.449825083837,6.198919530957937,147.8276607375592,3534.3790814243257
6100.5922412239015,6.200027070939541,148.43171067908406,3534.3790814243257
6107.670101677999,6.200027070939541,148.43171067908406,3539.3013153523207
6120.581326503307,6.347848009318113,148.5440468378365,3539.3013153523207
6135.746496807784,6.347848009318113,148.5440468378365,3548.285475915298
6136.815598627552,6.348997462540865,148.96462988108397,3548.285475915298
6151.070471942425,6.348997462540865,148.96462988108397,3555.0043601095676
6151.771639874205,6.350115954875946,149.3453103452921,3555.0043601095676
6164.302372850478,6.350115954875946,149.3453103452921,3564.9405857343227
6165.301599171013,6.3512479942291975,149.94209042564034,3564.9405857343227
6190.169721405953,6.3512479942291975,149.94209042564034,3581.9583486188203
6200.871347431093,6.470310913398862,150.10581452399492,3581.9583486188203
6215.995669955388,6.470310913398862,150.10581452399492,3594.078778460622
6217.112092167139,6.471452513709664,150.96301192604005,3594.078778460622
6229.250394104049,6.471452513709664,150.96301192604005,3598.5122803431004
6229.799558803439,6.472459690645337,151.3551961183548,3598.5122803431004
6242.568909196183,6.472459690645337,151.3551961183548,3609.39697871916
6243.746880535036,6.473683193325996,152.3985706344247,3609.39697871916
6260.609241830185,6.473683193325996,152.3985706344247,3622.9080889374018
6272.437959585339,6.550992373377085,152.6639861986041,3622.9080889374018
6286.060852870345,6.550992373377085,152.6639861986041,3633.676048753783
6287.1693432070315,6.55191732943058,153.5927799269557,3633.676048753783
6305.89031137526,6.55191732943058,153.5927799269557,3647.9623046778142
6306.479676114395,6.553047321736813,153.6050655413419,3647.9623046778142
6324.553930815309,6.553047321736813,153.6050655413419,3660.237247882411
6324.869204279035,6.554009389132261,153.81939089670777,3660.237247882411
6336.220024349168,6.554009389132261,153.81939089670777,3670.2785907164216
6346.538458175957,6.61665821634233,153.87614047713578,3670.2785907164216
6355.055103512481,6.61665821634233,153.87614047713578,3676.264108799398
6355.79320464842,6.617649706080556,154.58898632600904,3676.264108799398
6369.959059832618,6.617649706080556,154.58898632600904,3686.124886315316
6370.868672827259,6.618779946118593,155.23572848550975,3686.124886315316
6387.028441518545,6.618779946118593,155.23572848550975,3696.3764405790716
6388.235587248579,6.619760220870376,155.78869576752186,3696.3764405790716
6398.53061048314,6.619760220870376,155.78869576752186,3704.131384026259
6411.919239733368,6.692487413063645,155.81504417024553,3704.131384026259
6426.78533488512,6.692487413063645,155.81504417024553,3716.290616530925
6427.021845731884,6.693630306050181,155.8728988710791,3716.290616530925
6448.2245538160205,6.693630306050181,155.8728988710791,3732.339476423338
6449.52939840965,6.694808449596167,156.50886883586645,3732.339476423338
6458.369705123827,6.694808449596167,156.50886883586645,3739.3512715343386
6458.437199519947,6.695747207850218,156.54810041561723,3739.3512715343386
6470.5642698239535,6.695747207850218,156.54810041561723,3749.391361599788
6482.61558586359,6.8472255021333694,156.6367607023567,3749.391361599788
6504.69115523994,6.8472255021333694,156.6367607023567,3768.6698403228074
6504.874469308183,6.848235560581088,156.6953170672059,3768.6698403228074
6522.067433075979,6.848235560581088,156.6953170672059,3781.580274509266
6522.297157978639,6.8492337595671415,156.78285499103367,3781.580274509266
6538.068518847227,6.8492337595671415,156.78285499103367,3793.992576200515
6538.884165467694,6.850413581356406,157.13791817054152,3793.992576200515
6555.698824044317,6.850413581356406,157.13791817054152,3804.8030821569264
6567.945885628462,7.4628483559936285,157.61887604556978,3804.8030821569264
6574.834742607549,7.4628483559936285,157.61887604556978,3808.010443696752
6575.8218039590865,7.4638026636093855,158.02283114939928,3808.010443696752
6592.781001979485,7.4638026636093855,158.02283114939928,3821.647132385522
6594.584949178621,7.464915970340371,159.52461668662727,3821.647132385522
6610.267033595592,7.464915970340371,159.52461668662727,3834.9014327395707
6611.026646390557,7.465895326808095,160.1127869579941,3834.9014327395707
6626.080831931904,7.465895326808095,160.1127869579941,3841.737328644842
6642.408247971907,7.483445888385177,160.88303901068866,3841.737328644842
6660.522040780634,7.483445888385177,160.88303901068866,3852.4532081261277
6662.037559695542,7.484408024698496,161.71948753483593,3852.4532081261277
6671.0032723248005,7.484408024698496,161.71948753483593,3855.362450674176
6671.5190209914,7.485562074929476,161.75758407078683,3855.362450674176
6682.190406136215,7.485562074929476,161.75758407078683,3857.5562048070133
6682.883137511089,7.48662269487977,162.10267000086606,3857.5562048070133
6696.601866871119,7.48662269487977,162.10267000086606,3867.7681975103915
6708.005381958559,7.491146441549063,162.8323333952576,3867.7681975103915
6718.806666512042,7.491146441549063,162.8323333952576,3871.622098118067
6719.775348903611,7.492427801713347,163.35495997592807,3871.622098118067
6730.31615582481,7.492427801713347,163.35495997592807,3880.2074039131403
6731.037066707388,7.493411310017109,164.02839955501258,3880.2074039131403
6748.810647180304,7.493411310017109,164.02839955501258,3895.2499271668494
6749.049790408462,7.494401037693024,164.2207834199071,3895.2499271668494
6776.837269814685,7.494401037693024,164.2207834199071,3914.305852321908
6791.8992033246905,7.499497536569834,165.25262887775898,3914.305852321908
6811.748853420839,7.499497536569834,165.25262887775898,3928.5839442629367
6812.119887536392,7.500571934506297,165.4702061228454,3928.5839442629367
6816.0770626962185,7.500571934506297,165.4702061228454,3931.4980051536113
6817.008524416015,7.501714814454317,166.09111726284027,3931.4980051536113
6830.352734293789,7.501714814454317,166.09111726284027,3941.988729406148
6830.899117300287,7.502952514216304,166.1968113426119,3941.988729406148
6839.658671187237,7.502952514216304,166.1968113426119,3948.901748692617
6851.011179329827,7.5117235872894526,166.6137976050377,3948.901748692617
6872.532729016617,7.5117235872894526,166.6137976050377,3962.794573869556
6875.424124523997,7.512830266728997,168.90995065681636,3962.794573869556
6890.231899252161,7.512830266728997,168.90995065681636,3974.5814294498414
6891.17780376412,7.514012226834893,169.46722539700568,3974.5814294498414
6908.207116879523,7.514012226834893,169.46722539700568,3980.654650427401
6909.26423978433,7.515257507562637,170.2032425738871,3980.654650427401
6915.9028025288135,7.515257507562637,170.2032425738871,3984.056295512244
6938.5358509756625,7.519694685935974,170.2597133796662,3984.056295512244
6955.4095164351165,7.519694685935974,170.2597133796662,3997.3126541841775
6956.136548787355,7.5207769349217415,170.61951016634703,3997.3126541841775
6963.293885115534,7.5207769349217415,170.61951016634703,4001.5152248125523
6966.0177233964205,7.521850014105439,173.0037539061159,4001.5152248125523
6986.063089028001,7.521850014105439,173.0037539061159,4013.348392728716
6988.529713239521,7.5230604857206345,174.50984234176576,4013.348392728716
7001.203478004783,7.5230604857206345,174.50984234176576,4021.6168526262045
7014.086558511481,7.527372675016522,175.4253839328885,4021.6168526262045
7019.255796659738,7.527372675016522,175.4253839328885,4023.8668658472598
7019.808627519757,7.528441393747926,175.5534874033183,4023.8668658472598
7029.729656303301,7.528441393747926,175.5534874033183,4031.395824862644
7030.256022280082,7.529600955545902,175.914102608338,4031.395824862644
7049.648555420339,7.529600955545902,175.914102608338,4043.2971925884485
7050.604416120797,7.530774347484112,176.4250751286745,4043.2971925884485
7072.831530228257,7.530774347484112,176.4250751286745,4059.3265454247594
7087.6274423114955,7.53499573469162,176.45326112769544,4059.3265454247594
7101.762448396534,7.53499573469162,176.45326112769544,4071.431861417368
7102.169438509271,7.536265028640628,176.5797993466258,4071.431861417368
7123.725821599364,7.536265028640628,176.5797993466258,4087.7022309023887
7124.664523944259,7.537455121055245,176.9137096852064,4087.7022309023887
7147.365853747353,7.537455121055245,176.9137096852064,4103.227246997878
7149.18380516395,7.538494627922773,178.00271725468338,4103.227246997878
7161.818167543039,7.538494627922773,178.00271725468338,4114.562089286745
7178.137298632413,7.5428011156618595,179.57821123115718,4114.562089286745
7200.822683280334,7.5428011156618595,179.57821123115718,4132.615824561566
7203.798157274723,7.543964037671685,181.6410207543522,4132.615824561566
7229.189625304192,7.543964037671685,181.6410207543522,4150.108121844009
7231.442052135244,7.54528421163559,183.550877308473,4150.108121844009
7255.489315170795,7.54528421163559,183.550877308473,4169.211306586862
7256.221196264029,7.546373890712857,184.26161465235054,4169.211306586862
7275.937337711453,7.546373890712857,184.26161465235054,4181.877304505557
7288.378123831004,7.570308258756995,184.7437360957265,4181.877304505557
7300.900218369439,7.570308258756995,184.7437360957265,4191.877373797819
7301.4145767726,7.571294726803899,185.1088912729174,4191.877373797819
7328.078470472246,7.571294726803899,185.1088912729174,4210.735209407285
7330.414149573073,7.57250458933413,185.89629240520298,4210.735209407285
7365.3456364274025,7.57250458933413,185.89629240520298,4235.143126923591
7367.1158381477,7.573705650866032,187.3144673909992,4235.143126923591
7398.436831811443,7.573705650866032,187.3144673909992,4256.600140929222
7417.817998729646,7.578133370727301,187.3656911831349,4256.600140929222
7444.543548731133,7.578133370727301,187.3656911831349,4276.917760273442
7446.236601144075,7.579269601032138,188.86525237374008,4276.917760273442
7471.2707355525345,7.579269601032138,188.86525237374008,4295.317022398114
7473.03801516071,7.580378642305732,190.50622151605785,4295.317022398114
7495.211102968082,7.580378642305732,190.50622151605785,4312.690567182377
7496.77337853983,7.581640023738146,191.3947511371225,4312.690567182377
7512.293502829969,7.581640023738146,191.3947511371225,4326.407953141257
7526.119798237458,7.585955595597625,192.71963427215815,4326.407953141257
7558.306752372533,7.585955595597625,192.71963427215815,4348.329004200175
7559.319272408262,7.587139818817377,193.5520319007337,4348.329004200175
7574.64302640222,7.587139818817377,193.5520319007337,4360.3948548436165
7575.800395997241,7.721459062770009,194.45145127177238,4360.3948548436165
7602.744831418619,7.721459062770009,194.45145127177238,4382.525857916102
7604.684609489515,7.722610535100102,195.92395368032157,4382.525857916102
7627.633787039667,7.722610535100102,195.92395368032157,4398.459440400824
7639.242606768385,7.726973654702306,196.07559668831527,4398.459440400824
7656.462732175365,7.726973654702306,196.07559668831527,4413.264622479677
7658.304820192978,7.728195998817682,197.63330472819507,4413.264622479677
7695.807850303128,7.728195998817682,197.63330472819507,4440.256183857098
7697.171623639762,7.729321788996458,198.5533929746598,4440.256183857098
7729.222482582554,7.729321788996458,198.5533929746598,4464.7425187993795
7731.726799111813,7.7303791884332895,200.54396905191243,4464.7425187993795
7762.121024336666,7.7303791884332895,200.54396905191243,4488.296976596117
7775.757569747046,7.734723417088389,201.98970991931856,4488.296976596117
7791.198693383485,7.734723417088389,201.98970991931856,4500.504832459614
7791.865826992318,7.735823797062039,202.3358725272119,4500.504832459614
7804.722132189199,7.735823797062039,202.3358725272119,4508.993619220331
7807.483109239489,7.73705823905766,204.31501716934144,4508.993619220331
7820.10655692406,7.73705823905766,204.31501716934144,4516.872341047972
7820.981787502766,7.7381697576493025,204.8187568411231,4516.872341047972
7828.287587935105,7.7381697576493025,204.8187568411231,4518.477275151759
7847.225775979459,7.743258666247129,206.89324867725372,4518.477275151759
7870.169105103239,7.743258666247129,206.89324867725372,4539.565060727298
7870.705674735829,7.744522368535399,207.31647422537208,4539.565060727298
7881.659742441028,7.744522368535399,207.31647422537208,4546.713041486219
7882.072025442496,7.745632508769631,207.52301598899066,4546.713041486219
7890.658887252212,7.745632508769631,207.52301598899066,4550.813544770703
7893.026936655864,7.746834581717849,209.77491498552263,4550.813544770703
7910.493972565979,7.746834581717849,209.77491498552263,4564.334582595155
7931.884715816006,7.922593617811799,211.34168746694922,4564.334582595155
7948.9876305852085,7.922593617811799,211.34168746694922,4572.537242790684
7951.688140828162,7.923646165058017,213.0912018287927,4572.537242790684
7975.351366657764,7.923646165058017,213.0912018287927,4584.613855496049
7977.591301707551,7.924781426787376,214.58750224485993,4584.613855496049
7988.460709935054,7.924781426787376,214.58750224485993,4594.231425432488
7989.073933487758,7.925899006426334,214.80981296859682,4594.231425432488
8001.092142241076,7.925899006426334,214.80981296859682,4604.23388004303
8015.571886368096,8.1187060829252,215.9083591774106,4604.23388004303
8028.668853795156,8.1187060829252,215.9083591774106,4613.033795015886
8030.402227584273,8.119778661057353,217.45072614960372,4613.033795015886
8048.364028679207,8.119778661057353,217.45072614960372,4627.767852215096
8049.079158784822,8.120811210945249,217.65849089995027,4627.767852215096
8070.636619694531,8.120811210945249,217.65849089995027,4647.084799565375
8072.764601571485,8.121917931362987,219.50196681544185,4647.084799565375
8086.449393743649,8.121917931362987,219.50196681544185,4656.091397373006
8109.815510500222,8.365939319133759,221.3346039839089,4656.091397373006
8125.309677185491,8.365939319133759,221.3346039839089,4663.0346158109605
8126.941762464121,8.367013959214091,222.55087635479867,4663.0346158109605
8137.418826332316,8.367013959214091,222.55087635479867,4669.162038430572
8138.004461316392,8.36807936988771,223.00738157518208,4669.162038430572
8159.288213582709,8.36807936988771,223.00738157518208,4681.417065771297
8161.181889176369,8.369141329079866,223.88283442147076,4681.417065771297
8178.29204133153,8.369141329079866,223.88283442147076,4694.6242734231055
8192.972222935408,8.582227928563952,223.8963309377432,4694.6242734231055
8206.36433025822,8.582227928563952,223.8963309377432,4705.912860520184
8207.787757309154,8.583265956491232,225.25343341380358,4705.912860520184
8214.482778267935,8.583265956491232,225.25343341380358,4707.046072740108
8216.614754091948,8.584294883534312,227.17510479688644,4707.046072740108
8228.904029870406,8.584294883534312,227.17510479688644,4713.864028448239
8230.848204404116,8.585372032597661,228.643050910905,4713.864028448239
8246.184932565317,8.585372032597661,228.643050910905,4724.706681756303
8259.985215455294,8.590053597465158,228.65693903155625,4724.706681756303
8279.110111771151,8.590053597465158,228.65693903155625,4741.85094508715
8280.186051849276,8.59112959727645,229.10789678432047,4741.85094508715
8298.81775181368,8.59112959727645,229.10789678432047,4752.554834205657
8299.350774720311,8.592355219647288,229.2108262963593,4752.554834205657
8309.140884870663,8.592355219647288,229.2108262963593,4759.798754720017
8309.393815366551,8.593418847769499,229.2249382957816,4759.798754720017
8336.369939181954,8.593418847769499,229.2249382957816,4777.824433146045
8353.28206014447,8.597885647788644,230.8850298244506,4777.824433146045
8370.91960118711,8.597885647788644,230.8850298244506,4792.049137445167
8372.230036975816,8.598954807966948,232.0807297565043,4792.049137445167
8392.691628815606,8.598954807966948,232.0807297565043,4805.522807698697
8393.000916697085,8.600048627704382,232.12276617065072,4805.522807698697
8404.903763415292,8.600048627704382,232.12276617065072,4812.375658601522
8406.278237752616,8.601125927641988,233.37367616035044,4812.375658601522
8421.356689317152,8.601125927641988,233.37367616035044,4822.0129104387015
8432.663273187354,8.698642000555992,234.0064122248441,4822.0129104387015
8445.933036379516,8.698642000555992,234.0064122248441,4829.616245305166
8446.29796134308,8.699685487896204,234.3524022437632,4829.616245305166
8460.12384682335,8.699685487896204,234.3524022437632,4839.677322886884
8461.360758231953,8.700688727200031,235.22762368805707,4839.677322886884
8481.373077791184,8.700688727200031,235.22762368805707,4852.9864225219935
8483.177331177518,8.701853645965457,236.81229566037655,4852.9864225219935
8507.16946673952,8.701853645965457,236.81229566037655,4868.4840851686895
8519.021558076143,8.706211525946856,238.43553918786347,4868.4840851686895
8543.218976404518,8.706211525946856,238.43553918786347,4883.48916387558
8543.758184168488,8.707442020997405,238.44918431714177,4883.48916387558
8558.068826276809,8.707442020997405,238.44918431714177,4894.979553902522
8558.848943201825,8.70859169214964,239.12492209486663,4894.979553902522
8578.87136571668,8.70859169214964,239.12492209486663,4909.049334978685
8580.239844283089,8.709715919569135,240.3213718365878,4909.049334978685
8602.094773877412,8.709715919569135,240.3213718365878,4923.168174490333
8615.617000399157,8.714199911803007,242.10349195078015,4923.168174490333
8626.506754959002,8.714199911803007,242.10349195078015,4928.746201854199
8628.239838892594,8.715384412556887,243.18529494665563,4928.746201854199
8644.398376543075,8.715384412556887,243.18529494665563,4941.953434612602
8644.500710155815,8.74462272413075,243.22873526625335,4941.953434612602
8663.308330686763,8.74462272413075,243.22873526625335,4955.22073138319
8664.73195816204,8.74567792378366,243.99660258181393,4955.22073138319
8682.809178519994,8.74567792378366,243.99660258181393,4967.810937587172
8694.43118079193,8.749894158914685,245.1558136343956,4967.810937587172
8703.514581430703,8.749894158914685,245.1558136343956,4974.794992892072
8704.726014254615,8.75108733959496,245.88012558594346,4974.794992892072
8726.395378936082,8.75108733959496,245.88012558594346,4989.106156259775
8727.830392444506,8.75224919244647,247.1209505777806,4989.106156259775
8744.727225221694,8.75224919244647,247.1209505777806,5002.477611642331
8745.278485925868,8.753352271392941,247.26455746032298,5002.477611642331
8758.257441617548,8.753352271392941,247.26455746032298,5011.857677862048
8768.56957244873,8.75774253346026,248.51518889516592,5011.857677862048
8786.592831796035,8.75774253346026,248.51518889516592,5023.751132968813
8788.145371833816,8.758946826681495,249.62984622642398,5023.751132968813
8814.928779173642,8.758946826681495,249.62984622642398,5043.317853633314
8815.455364827067,8.760029196739197,250.10532669909298,5043.317853633314
8826.338362880051,8.760029196739197,250.10532669909298,5052.260252263397
8827.650635555387,8.76130634918809,250.81339384242892,5052.260252263397
8840.525754000992,8.76130634918809,250.81339384242892,5060.092616824433
8851.731568576768,8.765766782686114,251.21593182347715,5060.092616824433
8864.221231969073,8.765766782686114,251.21593182347715,5068.433845071122
8865.746512988582,8.766924226656556,252.23541333712637,5068.433845071122
8872.627427179366,8.766924226656556,252.23541333712637,5074.621772551909
8872.913653334603,8.768008066341281,252.4627834390849,5074.621772551909
8880.87851703167,8.768008066341281,252.4627834390849,5079.228658722714
8881.073424451053,8.769190639257431,252.48161626048386,5079.228658722714
8887.491727588698,8.769190639257431,252.48161626048386,5083.610961196944
8897.628023669124,8.77343107573688,253.1889768615365,5083.610961196944
8910.156549397856,8.77343107573688,253.1889768615365,5088.592448269948
8911.476040162146,8.774632379412651,254.00110748410225,5088.592448269948
8930.761887261644,8.774632379412651,254.00110748410225,5103.58145939745
8932.274551648647,8.775764249265194,255.07012284174562,5103.58145939745
8942.588980099186,8.775764249265194,255.07012284174562,5112.666358187795
8943.093783248216,8.77684378810227,255.3135781828314,5112.666358187795
8951.98915605247,8.77684378810227,255.3135781828314,5119.123457498848
8962.437540775165,8.781316449865699,255.8154981713742,5119.123457498848
8976.823145499453,8.781316449865699,255.8154981713742,5131.2652789875865
8978.035387583077,8.782422540709376,256.7292291801423,5131.2652789875865
8990.732534147799,8.782422540709376,256.7292291801423,5142.664385255426
8991.532553691417,8.783634793013334,257.1808739732951,5142.664385255426
8997.937732888386,8.783634793013334,257.1808739732951,5146.8672907575965
8998.46182716079,8.784795792773366,257.5547091793269,5146.8672907575965
9001.710299020633,8.784795792773366,257.5547091793269,5148.512873664498
9010.864183232188,8.789120079949498,258.3995226509869,5148.512873664498
9021.882562302053,8.789120079949498,258.3995226509869,5154.989881219342
9022.750208351761,8.790174068883061,258.6627019792795,5154.989881219342
9031.087422825396,8.790174068883061,258.6627019792795,5161.561368053779
9032.08070471324,8.791333861649036,259.5215982571244,5161.561368053779
9038.511804396287,8.791333861649036,259.5215982571244,5165.549782220274
9039.693902155384,8.792591605335474,260.3764247447252,5165.549782220274
9049.575664956123,8.792591605335474,260.3764247447252,5173.759700752795
9057.223592059687,8.797013457864523,260.54122347570956,5173.759700752795
9068.96126372926,8.797013457864523,260.54122347570956,5181.013068435714
9069.561467571184,8.798243578523397,260.9670120123774,5181.013068435714
9073.863637659699,8.798243578523397,260.9670120123774,5184.170744400471
9074.864327859133,8.799447391182184,261.62930479831994,5184.170744400471
9085.795910231769,8.799447391182184,261.62930479831994,5191.368444573134
9087.110557310283,8.800625743344426,262.8010929208249,5191.368444573134
9109.488397911191,8.800625743344426,262.8010929208249,5209.235134737566
9119.179063543677,8.80495829693973,263.334118636325,5209.235134737566
9130.438933687285,8.80495829693973,263.334118636325,5216.017378926277
9131.730245705694,8.806076008826494,264.04846750199795,5216.017378926277
9143.429188920185,8.806076008826494,264.04846750199795,5223.371242903173
9144.072670945898,8.807145528495312,264.4851900395006,5223.371242903173
9151.7590040043,8.807145528495312,264.4851900395006,5229.003036826849
9152.371553067118,8.808406030759215,264.8780835904181,5229.003036826849
9164.878416024148,8.808406030759215,264.8780835904181,5236.7034111935645
9175.234826691449,8.812707019969821,265.3334006257355,5236.7034111935645
9181.506231835112,8.812707019969821,265.3334006257355,5240.215347759426
9182.97666422464,8.813854571431875,266.4503782056272,5240.215347759426
9189.743135431781,8.813854571431875,266.4503782056272,5245.378528546542
9190.876369457692,8.814949510619044,267.2127493340522,5245.378528546542
9199.83261208795,8.814949510619044,267.2127493340522,5251.137479158118
9201.542754380032,8.816181290894747,268.12091934494674,5251.137479158118
9206.636010084301,8.816181290894747,268.12091934494674,5254.430228315294
9215.877630520612,8.82060126028955,268.85940356738865,5254.430228315294
9221.759809115902,8.82060126028955,268.85940356738865,5258.381502702832
9221.948505187407,8.821717139333487,268.97121031582355,5258.381502702832
9237.519426759332,8.821717139333487,268.97121031582355,5269.506912238896
9238.763152245432,8.822924621403217,269.97431723214686,5269.506912238896
9248.41077850759,8.822924621403217,269.97431723214686,5276.450090743601
9248.81771993637,8.824038291350007,270.2213686089963,5276.450090743601
9267.253678839654,8.824038291350007,270.2213686089963,5289.278318302706
9275.610908238217,8.828443221747875,271.14018143713474,5289.278318302706
9293.00743505545,8.828443221747875,271.14018143713474,5303.657083546743
9293.429823013023,8.829636605456471,271.34611660428345,5303.657083546743
9298.79223702848,8.829636605456471,271.34611660428345,5306.180106790736
9299.556503271684,8.830800486728549,271.75351740419865,5306.180106790736
9311.782193111256,8.830800486728549,271.75351740419865,5315.846944496036
9312.463325751945,8.831881146878004,272.03356044366956,5315.846944496036
9318.678549531847,8.831881146878004,272.03356044366956,5319.636789020151
9326.25423114188,8.836196526885033,272.04721226356924,5319.636789020151
9334.693780368194,8.836196526885033,272.04721226356924,5325.405221052468
9334.994851280004,8.837297596037388,272.15691117942333,5325.405221052468
9344.915667863563,8.837297596037388,272.15691117942333,5333.647234823555
9346.028254881501,8.838515426963568,272.8876665979624,5333.647234823555
9351.260141700506,8.838515426963568,272.8876665979624,5337.2629682105035
9351.915153615177,8.839686699211597,273.12619050964713,5337.2629682105035
9354.478248208761,8.839686699211597,273.12619050964713,5338.223292067647
9365.930921759456,8.899920247495174,274.35069700703025,5338.223292067647
9370.844812665135,8.899920247495174,274.35069700703025,5340.00878017582
9372.443689601496,8.901160519570112,275.53132217749953,5340.00878017582
9379.301475673914,8.901160519570112,275.53132217749953,5343.5328984912485
9379.656456226483,8.902471743524075,275.66536241956055,5343.5328984912485
9388.489684607834,8.902471743524075,275.66536241956055,5351.313094327226
9389.634818313643,8.903435682877898,276.7809431347996,5351.313094327226
9401.774078175426,8.903435682877898,276.7809431347996,5360.43272524327
9409.985682465136,9.19061946682632,277.32612526603043,5360.43272524327
9418.289054779336,9.19061946682632,277.32612526603043,5365.08594571054
9418.759094951674,9.214011887088418,277.75518532656133,5365.08594571054
9425.312171295285,9.214011887088418,277.75518532656133,5369.016262287274
9425.89270414412,9.215055217966437,278.3156030960381,5369.016262287274
9435.323378138244,9.215055217966437,278.3156030960381,5373.872858628631
9435.729769609869,9.216095115989447,278.6349678300321,5373.872858628631
9445.956022484228,9.216095115989447,278.6349678300321,5381.253216270357
9453.807654915377,9.220479723066092,279.2335084080696,5381.253216270357
9462.856193771586,9.220479723066092,279.2335084080696,5386.199081111699
9463.25877747126,9.221525631844997,279.54093533195555,5386.199081111699
9476.33305378072,9.221525631844997,279.54093533195555,5396.18840893358
9477.163574863225,9.2225276902318,280.2317909039557,5396.18840893358
9482.944594295695,9.2225276902318,280.2317909039557,5400.201973544434
9483.252555508167,9.223761973902583,280.3283043168485,5400.201973544434
9493.132809728384,9.223761973902583,280.3283043168485,5408.872603075579
9502.889155659825,9.24519693851471,280.9825469944626,5408.872603075579
9505.282746056095,9.24519693851471,280.9825469944626,5409.989336039871
9505.640393007547,9.246261678636074,281.2974735237658,5409.989336039871
9508.813839353621,9.246261678636074,281.2974735237658,5411.415917119011
9509.567646995187,9.247307166457176,281.643644426018,5411.415917119011
9520.896469300613,9.247307166457176,281.643644426018,5417.87998537533
9521.92348892428,9.248509287834167,282.3864002544433,5417.87998537533
9531.315668856725,9.248509287834167,282.3864002544433,5425.28047164157
9543.620583841577,9.419492695480585,283.92758620902896,5425.28047164157
9559.34481123276,9.419492695480585,283.92758620902896,5433.494521431625
9560.258943511173,9.42065567523241,284.63006081432104,5433.494521431625
9566.45158652775,9.42065567523241,284.63006081432104,5439.078216983005
9566.849558027461,9.421753754839301,284.86498369276524,5439.078216983005
9577.366469152272,9.421753754839301,284.86498369276524,5447.2494931761175
9577.666704140604,9.422847686335444,284.8789260778576,5447.2494931761175
9585.793147277087,9.422847686335444,284.8789260778576,5452.22138761729
9596.461635859683,9.427137834951282,285.4398395847529,5452.22138761729
9603.024451056495,9.427137834951282,285.4398395847529,5455.396114356816
9603.416770009324,9.42834030650556,285.7268678583205,5455.396114356816
9607.681070970371,9.42834030650556,285.7268678583205,5457.490143079311
9609.188783928752,9.42947137542069,286.87606326304376,5457.490143079311
9618.31797201559,9.42947137542069,286.87606326304376,5465.428327985108
9618.741433620453,9.430567255243659,287.0819290690124,5465.428327985108
9627.39053334482,9.430567255243659,287.0819290690124,5469.266008466482
9634.31547594443,9.435059608891606,287.2351362388581,5469.266008466482
9638.935745915398,9.435059608891606,287.2351362388581,5470.404934870079
9639.986268527806,9.436298770830035,288.0794571787119,5470.404934870079
9645.52199435234,9.436298770830035,288.0794571787119,5473.773493530229
9647.180382205173,9.437488194555044,289.18882994912565,5473.773493530229
9652.41166648455,9.437488194555044,289.18882994912565,5477.665563119575
9654.14566427283,9.438673255965114,290.551021553576,5477.665563119575
9671.562312835827,9.438673255965114,290.551021553576,5488.129541866481
9678.640944773331,9.48666312545538,290.74866664782166,5488.129541866481
9690.101716648787,9.48666312545538,290.74866664782166,5494.733411025256
9691.10714075528,9.487756995484233,291.55996516905725,5494.733411025256
9697.517296675593,9.487756995484233,291.55996516905725,5498.4380148444325
9699.062220804393,9.488825855776668,292.80127598159015,5498.4380148444325
9708.321553098038,9.488825855776668,292.80127598159015,5505.667617619038
9709.354742864147,9.490076508373022,293.47251905314624,5505.667617619038
9712.44800230302,9.490076508373022,293.47251905314624,5507.41525487043
9721.68235657923,9.494354387745261,293.93664173968136,5507.41525487043
9732.555732714012,9.494354387745261,293.93664173968136,5515.44126804173
9733.474500129,9.495640622451901,294.7182232029736,5515.44126804173
9738.240104790777,9.495640622451901,294.7182232029736,5517.747860448435
9739.426523411646,9.496897246688604,295.57774076238275,5517.747860448435
9748.56248673983,9.496897246688604,295.57774076238275,5525.3360768985
9749.71773706749,9.497929435223341,296.7093455158174,5525.3360768985
9757.01100388728,9.497929435223341,296.7093455158174,5531.040204016492
9766.45811885409,9.531054992228746,297.6736330445856,5531.040204016492
9777.264576718211,9.531054992228746,297.6736330445856,5536.7225853689015
9777.396699728444,9.532208552584052,297.6947816926986,5536.7225853689015
9784.53213040717,9.532208552584052,297.6947816926986,5542.102277761325
9785.685976255685,9.533299893140793,298.6420142278075,5542.102277761325
9798.41481962055,9.533299893140793,298.6420142278075,5548.871307423338
9800.160836318508,9.534461554139853,299.9848107267171,5548.871307423338
9807.296799091622,9.534461554139853,299.9848107267171,5553.967591822147
9816.630425721407,9.53883165679872,300.0767488311976,5553.967591822147
9824.617632832378,9.53883165679872,300.0767488311976,5559.442052792758
9824.83647355996,9.539985397830606,300.1903753411025,5559.442052792758
9828.086574463174,9.539985397830606,300.1903753411025,5560.884089877829
9828.709318572655,9.541259661316872,300.4270157776773,5560.884089877829
9834.830726487562,9.541259661316872,300.4270157776773,5565.506928704679
9835.380435848609,9.542303642258048,300.9244743604213,5565.506928704679
9851.683072410524,9.542303642258048,300.9244743604213,5577.652080010623
9859.745478296652,9.54668914154172,301.18776762112975,5577.652080010623
9866.807016866282,9.54668914154172,301.18776762112975,5581.4039467945695
9867.352429445833,9.547850582748652,301.5695875361562,5581.4039467945695
9877.855879627168,9.547850582748652,301.5695875361562,5588.651385834441
9878.539970645681,9.548921931535006,302.1676462478936,5588.651385834441
9886.5511687994,9.548921931535006,302.1676462478936,5594.544612802565
9888.486196983606,9.54998229071498,303.35567917488515,5594.544612802565
9900.46604740806,9.54998229071498,303.35567917488515,5602.827684888616
9906.57963645272,9.55426555685699,303.36932209320366,5602.827684888616
9914.545669741929,9.55426555685699,303.36932209320366,5608.0047142878175
9914.639200696722,9.555300394073129,303.4359567221254,5608.0047142878175
9921.374097147956,9.555300394073129,303.4359567221254,5613.667659023777
9921.813487883657,9.556404842063785,303.7319935616106,5613.667659023777
9933.224454166368,9.556404842063785,303.7319935616106,5618.451630121097
9933.936638966203,9.5574417617172,304.040380788967,5618.451630121097
9941.472841663286,9.5574417617172,304.040380788967,5624.449931431562
9949.15584751591,9.567765472456813,304.32342323102057,5624.449931431562
9955.416464840993,9.567765472456813,304.32342323102057,5628.289587711915
9955.848806515336,9.568860532715917,304.3635813873261,5628.289587711915
9961.031447503716,9.568860532715917,304.3635813873261,5632.520750969648
9961.248127680272,9.570103216916323,304.4684973899275,5632.520750969648
9964.529810972512,9.570103216916323,304.4684973899275,5634.0515565648675
9964.810814328492,9.571210727095604,304.6954802647233,5634.0515565648675
9975.616502808407,9.571210727095604,304.6954802647233,5643.307443521917
9982.75474111177,9.575659170746803,305.2486798092723,5643.307443521917
9993.325282976031,9.575659170746803,305.2486798092723,5652.106566188857
9994.14553623274,9.576655808836222,305.782940749079,5652.106566188857
9999.307193664834,9.576655808836222,305.782940749079,5656.62166669406
9999.839850125834,9.577708756551147,306.1658959891647,5656.62166669406
10005.61078250967,9.577708756551147,306.1658959891647,5661.166828280315
10005.824536023661,9.579737652093172,306.2865369170904,5661.166828280315
10018.116073120385,9.579737652093172,306.2865369170904,5670.662385044619
10023.617583796382,9.583982253447175,306.4325962886214,5670.662385044619
10031.118275936693,9.583982253447175,306.4325962886214,5675.2777457386255
10032.142621796578,9.58513860590756,307.29289274662733,5675.2777457386255
10040.253899248317,9.58513860590756,307.29289274662733,5681.830480901524
10041.211158460006,9.58624230697751,307.9063001666218,5681.830480901524
10045.1816276256,9.58624230697751,307.9063001666218,5684.577588673681
10045.499232307076,9.587278436869383,308.1705784443766,5684.577588673681
10056.641102667898,9.587278436869383,308.1705784443766,5691.636962547898
10063.194028047845,9.638856606557965,308.87250818125904,5691.636962547898
10066.429843394086,9.638856606557965,308.87250818125904,5693.255762046203
10066.735692581162,9.639910575002432,308.90734191797674,5693.255762046203
10075.956936508417,9.639910575002432,308.90734191797674,5700.770302502438
10076.166320167482,9.641126327216625,308.98612619005144,5700.770302502438
10082.98313651234,9.641126327216625,308.98612619005144,5704.210777221248
10083.308758903295,9.642308369278908,309.1234688218683,5704.210777221248
10085.819480502978,9.642308369278908,309.1234688218683,5705.87127167359
10092.923468839377,9.646533027291298,309.23894143663347,5705.87127167359
10101.422637529671,9.646533027291298,309.23894143663347,5713.234520500526
10102.498948898166,9.647524375468493,309.74543412588537,5713.234520500526
10116.620352044702,9.647524375468493,309.74543412588537,5725.716744439676
10117.795311948285,9.648575384169817,310.6319683622569,5725.716744439676
10123.543839188293,9.648575384169817,310.6319683622569,5729.565182190388
10123.72107870318,9.649650555104017,310.7285922113806,5729.565182190388
10130.906571060419,9.649650555104017,310.7285922113806,5734.808271817863
10138.31180680357,9.654063085094094,311.0784960128367,5734.808271817863
10143.68001551181,9.654063085094094,311.0784960128367,5737.777255220339
10144.877635147423,9.655167935416102,311.93641807325184,5737.777255220339
10152.908050799742,9.655167935416102,311.93641807325184,5744.833534685895
10153.89589275606,9.656404847279191,312.85449111275375,5744.833534685895
10160.662847766653,9.656404847279191,312.85449111275375,5749.428322745487
10161.56113444455,9.657541709020734,313.5158405844122,5749.428322745487
10166.330041067675,9.657541709020734,313.5158405844122,5753.251507425681
10173.20866706781,9.725109504535794,314.1598136778921,5753.251507425681
10175.43191725947,9.725109504535794,314.1598136778921,5753.9817578569055
10176.416353814304,9.726187964901328,315.0288151483983,5753.9817578569055
10186.031584223732,9.726187964901328,315.0288151483983,5762.065340710804
10186.824018063024,9.727266704663634,315.64080559648573,5762.065340710804
10196.5111916475,9.727266704663634,315.64080559648573,5770.737435659394
10197.48960977979,9.728362936526537,316.1345860417932,5770.737435659394
10207.515078259632,9.728362936526537,316.1345860417932,5777.248773727566
10213.710215203464,9.875658901408315,316.5056034810841,5777.248773727566
10226.951632527635,9.875658901408315,316.5056034810841,5786.9548675064
10227.696523718536,9.876718880608678,317.1793115865439,5786.9548675064
10236.901987005025,9.876718880608678,317.1793115865439,5793.458955939859
10237.268480202183,9.87791645154357,317.31454732082784,5793.458955939859
10244.31360270083,9.87791645154357,317.31454732082784,5798.870840698481
10244.450262930244,9.879112854599953,317.37736261822283,5798.870840698481
10251.990028955042,9.879112854599953,317.37736261822283,5802.986119082198
10257.865748945624,9.883315570652485,317.42758884839714,5802.986119082198
10265.665252970532,9.883315570652485,317.42758884839714,5809.59485989064
10265.721449287608,9.884317537769675,317.44133588671684,5809.59485989064
10274.764732975513,9.884317537769675,317.44133588671684,5817.320174196735
10275.754134435207,9.885491048917174,318.21362625434995,5817.320174196735
10286.500943435356,9.885491048917174,318.21362625434995,5823.834500504658
10287.59778590314,9.886657940223813,319.0706410948187,5823.834500504658
10295.767368052155,9.886657940223813,319.0706410948187,5828.111977020279
10301.073046583682,9.902217986062169,319.22657510638237,5828.111977020279
10305.127903124318,9.902217986062169,319.22657510638237,5831.798436880112
10305.207965707406,9.903253875672817,319.2415025588125,5831.798436880112
10309.615095803514,9.903253875672817,319.2415025588125,5835.324787789956
10310.112946851179,9.9043884370476,319.62363783083856,5835.324787789956
10312.81249865517,9.9043884370476,319.62363783083856,5836.8732772078365
10313.588097756729,9.905413864180446,320.29069539532065,5836.8732772078365
10324.479425854981,9.905413864180446,320.29069539532065,5845.95574321039
10330.28876083903,9.909699734300375,320.9646508432925,5845.95574321039
10338.22219827585,9.909699734300375,320.9646508432925,5851.2297093085945
10338.79389869608,9.910722402855754,321.35173877328634,5851.2297093085945
10349.176414972171,9.910722402855754,321.35173877328634,5857.40920558013
10349.505024883896,9.912070818245411,321.60704145394266,5857.40920558013
10361.37741675973,9.912070818245411,321.60704145394266,5865.042338071391
10361.654318755493,9.913340790197253,321.83375454321504,5865.042338071391
10369.23831256479,9.913340790197253,321.83375454321504,5869.801753103733
10374.36585283652,9.949700044468045,321.84734740294516,5869.801753103733
10384.394848795608,9.949700044468045,321.84734740294516,5877.2263011448085
10385.303371245041,9.950896115973592,322.462665097788,5877.2263011448085
10394.78940003179,9.950896115973592,322.462665097788,5884.47920772247
10395.737800400704,9.952072516083717,323.0611755941063,5884.47920772247
10407.662484426051,9.952072516083717,323.0611755941063,5893.27171394974
10407.854160752147,9.953256281092763,323.07449155673385,5893.27171394974
10415.845400160179,9.953256281092763,323.07449155673385,5897.581513389945
10421.288502288982,9.957584600895643,323.47769408114254,5897.581513389945
10432.189231643453,9.957584600895643,323.47769408114254,5905.964318679646
10432.72742764838,9.958585660904646,323.9545955453068,5905.964318679646
10443.545486524701,9.958585660904646,323.9545955453068,5914.867169877514
10444.132091736421,9.959607550874352,324.4561561886221,5914.867169877514
10454.21660005115,9.959607550874352,324.4561561886221,5922.064944056794
10454.810826191679,9.960730351507664,324.6719151735306,5922.064944056794
10467.004665656015,9.960730351507664,324.6719151735306,5932.2167161833495
10473.970696184784,9.965039910748601,325.1427296232432,5932.2167161833495
10484.586313579232,9.965039910748601,325.1427296232432,5940.265601342544
10485.867033563554,9.966140361502767,326.19598449766636,5940.265601342544
10499.66315892525,9.966140361502767,326.19598449766636,5950.241920152679
10500.367298023775,9.967323362827301,326.7868387531489,5950.241920152679
10507.979317110032,9.967323362827301,326.7868387531489,5954.394303064793
10508.672289773822,9.968417782336473,327.1790550854057,5954.394303064793
10520.291211340576,9.968417782336473,327.1790550854057,5962.534395698458
10527.105221770704,10.17207314632833,327.611138548702,5962.534395698458
10539.009886519983,10.17207314632833,327.611138548702,5969.984686112031
10539.343780275434,10.173228438943624,327.9330320954323,5969.984686112031
10549.205607652664,10.173228438943624,327.9330320954323,5976.507096065208
10549.4140820764,10.174296297132969,328.09639709070325,5976.507096065208
10557.430720316246,10.174296297132969,328.09639709070325,5982.359319763258
10557.82332781516,10.175345366820693,328.40411411598325,5982.359319763258
10568.892138289288,10.175345366820693,328.40411411598325,5990.460359433666
10576.678275892511,10.179569501429796,329.0809588506818,5990.460359433666
10589.225407088175,10.179569501429796,329.0809588506818,5998.855815658346
10590.009972276166,10.180669421330094,329.44845658913255,5998.855815658346
10596.205043880269,10.180669421330094,329.44845658913255,6003.501387514174
10596.476696467027,10.18168961070478,329.6256560217589,6003.501387514174
10603.378245867789,10.18168961070478,329.6256560217589,6007.0765589457005
10603.65494327806,10.18279123865068,329.7065460514277,6007.0765589457005
10614.53355588764,10.18279123865068,329.7065460514277,6016.938625335693
10621.00562751107,10.187112869694829,329.89443046599627,6016.938625335693
10627.781564373523,10.187112869694829,329.89443046599627,6019.024655703455
10628.181200172752,10.18832826986909,330.20080609992146,6019.024655703455
10635.67077405192,10.18832826986909,330.20080609992146,6025.022661976516
10636.362848367542,10.189603613689542,330.7773802950978,6025.022661976516
10639.70694769919,10.189603613689542,330.7773802950978,6027.549406021833
10640.133432490751,10.190870115533471,330.82354801893234,6027.549406021833
10644.961317555979,10.190870115533471,330.82354801893234,6031.2509328611195
10651.0934040118,10.195367718115449,331.64159317687154,6031.2509328611195
10656.44348215498,10.195367718115449,331.64159317687154,6035.0252115391195
10656.928452454507,10.196478778496385,331.69111655279994,6035.0252115391195
10665.031082531437,10.196478778496385,331.69111655279994,6041.892020368949
10665.320098988712,10.197687819600105,331.8217512704432,6041.892020368949
10670.575831884518,10.197687819600105,331.8217512704432,6046.544308120385
10671.043301623315,10.198762468993664,332.2100265696645,6046.544308120385
10676.593071207404,10.198762468993664,332.2100265696645,6049.840281860903
10684.05516445078,10.26719205826521,332.75642483122647,6049.840281860903
10692.179812407121,10.26719205826521,332.75642483122647,6056.327716594562
10692.524101722986,10.268222345039248,333.0793349761516,6056.327716594562
10698.180557856336,10.268222345039248,333.0793349761516,6061.084537008777
10698.899394091219,10.269250754266977,333.5938306041062,6061.084537008777
10703.783148555085,10.269250754266977,333.5938306041062,6064.45299230516
10704.999116929248,10.270440954715014,334.2308255136013,6064.45299230516
10711.577017342672,10.270440954715014,334.2308255136013,6068.7015543058515
10717.946517871693,10.313496094197035,334.4723719507456,6068.7015543058515
10728.026772543788,10.313496094197035,334.4723719507456,6077.755640693009
10728.94812816754,10.314585603773594,335.0570802129805,6077.755640693009
10739.786015568301,10.314585603773594,335.0570802129805,6086.718177145347
10740.088917555287,10.315727164968848,335.1445471011102,6086.718177145347
10746.428370939568,10.315727164968848,335.1445471011102,6090.10124790296
10746.953506203368,10.316737655550241,335.39444513618946,6090.10124790296
10755.475622083992,10.316737655550241,335.39444513618946,6095.823147654533
10762.087697159499,10.621330684050918,335.7384848315269,6095.823147654533
10773.882392462343,10.621330684050918,335.7384848315269,6102.353217832744
10774.89173303917,10.62333502061665,336.5044368188828,6102.353217832744
10785.487923478708,10.62333502061665,336.5044368188828,6107.756582524627
10786.528302671388,10.624562732875347,337.4802600312978,6107.756582524627
10791.960260087624,10.624562732875347,337.4802600312978,6112.036752520129
10792.955720795318,10.625778764486313,338.17613348923624,6112.036752520129
10800.632103415206,10.625778764486313,338.17613348923624,6118.107673486695
10806.600737944245,10.630135275423527,338.9646154921502,6118.107673486695
10812.811393616721,10.630135275423527,338.9646154921502,6122.989119911566
10813.234772948548,10.63120242394507,339.3620325922966,6122.989119911566
10819.023069564253,10.63120242394507,339.3620325922966,6127.049457727
10819.511721851304,10.632208671420813,339.6277537215501,6127.049457727
10824.673419931903,10.632208671420813,339.6277537215501,6130.817536203191
10825.6852146741,10.633699698373675,340.1267609875649,6130.817536203191
10830.053947679698,10.633699698373675,340.1267609875649,6133.200757803395
10836.438375828788,10.63790207542479,340.6140651013702,6133.200757803395
10844.543079504743,10.63790207542479,340.6140651013702,6138.828340984881
10844.806419687346,10.63890603557229,340.8661670014262,6138.828340984881
10855.830473084003,10.63890603557229,340.8661670014262,6148.331587731838
10856.145821243525,10.640099547803402,340.98677634447813,6148.331587731838
10861.50249100104,10.640099547803402,340.98677634447813,6152.865757038817
10861.804083131254,10.641158467158675,341.20539996027946,6152.865757038817
10867.223966244608,10.641158467158675,341.20539996027946,6156.008584152907
10874.038374589756,10.737616194412112,342.29919499345124,6156.008584152907
10885.215679395944,10.737616194412112,342.29919499345124,6162.125225830823
10885.950546763837,10.739104770123959,342.9350322615355,6162.125225830823
10896.678258119151,10.739104770123959,342.9350322615355,6170.14209882915
10897.926145918667,10.740169698372483,344.1297374330461,6170.14209882915
10905.56519892253,10.740169698372483,344.1297374330461,6176.240144506097
10905.926682263613,10.74134531058371,344.3625061046332,6176.240144506097
10910.195552945137,10.74134531058371,344.3625061046332,6178.077734738588
10915.493374669924,10.849130101501942,344.3763428069651,6178.077734738588
10922.047086898237,10.849130101501942,344.3763428069651,6182.440135017037
10922.183403367177,10.850164819508791,344.4166025798768,6182.440135017037
10926.452108565718,10.850164819508791,344.4166025798768,6185.385839365423
10926.865572696552,10.851388342678547,344.61079818196595,6185.385839365423
10934.386110248044,10.851388342678547,344.61079818196595,6190.340315880254
10935.272908627987,10.852432793006301,345.3279907554388,6190.340315880254
10939.36847473681,10.852432793006301,345.3279907554388,6192.977624814957
10945.444760903716,10.856872083619237,345.9068809133023,6192.977624814957
10958.216574499384,10.856872083619237,345.9068809133023,6201.121237171814
10958.355836432427,10.857986783608794,345.96245866268873,6201.121237171814
10970.711800737306,10.857986783608794,345.96245866268873,6209.821661623195
10970.836957616732,10.858997432515025,346.07189826481044,6209.821661623195
10981.072961669415,10.858997432515025,346.07189826481044,6215.898923475295
10981.937248555943,10.860009402036667,346.87811274267733,6215.898923475295
10993.036710415035,10.860009402036667,346.87811274267733,6222.917432513088
11000.034194523469,10.978644890710711,347.54723226837814,6222.917432513088
11016.760111575946,10.978644890710711,347.54723226837814,6235.372015075758
11017.745891576633,10.979866493493319,348.14684163220227,6235.372015075758
11027.671743139625,10.979866493493319,348.14684163220227,6242.30057101883
11028.263685651124,10.981009313836694,348.5241438578814,6242.30057101883
11036.84701780416,10.981009313836694,348.5241438578814,6247.319627638906
11037.452598407865,10.982088390737772,348.9670827705413,6247.319627638906
11046.587363075465,10.982088390737772,348.9670827705413,6253.917288336903
11052.996036872268,11.072616077959538,349.6163869276643,6253.917288336903
11061.897662384436,11.072616077959538,349.6163869276643,6261.032946556807
11062.661994818598,11.073725748807192,350.25694682076573,6261.032946556807
11072.39245859906,11.073725748807192,350.25694682076573,6268.926252352074
11073.013043995947,11.114134564995766,350.82628951594234,6268.926252352074
11080.20729133673,11.114134564995766,350.82628951594234,6275.344694213942
11080.465635139495,11.120414938777685,351.0640878546983,6275.344694213942
11087.148816656321,11.120414938777685,351.0640878546983,6280.620973596349
11097.030931547284,11.172880994156003,351.3220269624144,6280.620973596349
11103.290120048448,11.172880994156003,351.3220269624144,6285.5296305269
11103.466750264168,11.174104547128081,351.4561803136021,6285.5296305269
11108.759068941697,11.174104547128081,351.4561803136021,6289.578253766522
11109.187530234456,11.175346789881587,351.6587620321661,6289.578253766522
11117.458803983405,11.175346789881587,351.6587620321661,6296.547546776012
11117.810199411586,11.176499022170901,351.9676157347858,6296.547546776012
11123.510717023164,11.176499022170901,351.9676157347858,6300.33222768642
11130.158013287932,11.231151346117258,352.3181102909148,6300.33222768642
11138.677445996553,11.231151346117258,352.3181102909148,6307.315940763801
11138.764846527949,11.232277346774936,352.3725823033601,6307.315940763801
11144.027710007504,11.232277346774936,352.3725823033601,6310.788528317586
11144.228767920285,11.233453305438161,352.56642409414053,6310.788528317586
11149.305389443412,11.233453305438161,352.56642409414053,6314.952506605536
11149.717732423916,11.234563678503036,352.83410120755434,6314.952506605536
11153.125775188208,11.234563678503036,352.83410120755434,6318.018321067095
11158.308086708188,11.331712668761611,353.4429444372654,6318.018321067095
11168.481656719,11.331712668761611,353.4429444372654,6327.528439821675
11169.40137836337,11.332969572395086,354.21239603310823,6327.528439821675
11174.418990083039,11.332969572395086,354.21239603310823,6330.755433823913
11175.012669347227,11.334039663895965,354.722044987604,6330.755433823913
11178.000080307946,11.334039663895965,354.722044987604,6333.239073436707
11178.295625092462,11.335239676758647,354.9575068876147,6333.239073436707
11183.781672928482,11.335239676758647,354.9575068876147,6336.585825992748
11187.621587272733,11.339516812935472,355.4052130319178,6336.585825992748
11189.61827159673,11.339516812935472,355.4052130319178,6337.507464099675
11190.468351159245,11.340615585446358,356.11427701078355,6337.507464099675
11195.601951854303,11.340615585446358,356.11427701078355,6341.898652227595
11195.926798282191,11.341835817322135,356.35705239512026,6341.898652227595
11204.50698270835,11.341835817322135,356.35705239512026,6348.30651588738
11205.022098593414,11.342990128323436,356.7788509298116,6348.30651588738
11212.391279293224,11.342990128323436,356.7788509298116,6354.121416421607
11215.617135487497,11.347331188619137,357.06620088405907,6354.121416421607
11221.498657247052,11.347331188619137,357.06620088405907,6357.965546011925
11222.161334132776,11.34857327118516,357.5871561933309,6357.965546011925
11229.688706835732,11.34857327118516,357.5871561933309,6363.653065143153
11230.256014494225,11.349711341783404,358.0981214437634,6363.653065143153
11237.395838920027,11.349711341783404,358.0981214437634,6369.28252639994
11237.84889402613,11.351038426160812,358.2340222392231,6369.28252639994
11243.581442203373,11.351038426160812,358.2340222392231,6373.504411138594
11246.811146076769,11.355443567037582,358.5048765130341,6373.504411138594
11255.254241071641,11.355443567037582,358.5048765130341,6379.647923247889
11255.859588524327,11.360187223181129,358.9374108184129,6379.647923247889
11263.523258032277,11.360187223181129,358.9374108184129,6384.881416499615
11264.259772215039,11.361473716795444,359.49079942144454,6384.881416499615
11270.376036908478,11.361473716795444,359.49079942144454,6389.264850830659
11271.013492716476,11.362687328830361,359.9962852727622,6389.264850830659
11274.793795928359,11.362687328830361,359.9962852727622,6392.056863494217
11279.137096723542,11.417370546609163,360.09433782845736,6392.056863494217
11283.244166206568,11.417370546609163,360.09433782845736,6394.247384397313
11283.896719239652,11.41863021068275,360.5149824563414,6394.247384397313
11287.578778216615,11.41863021068275,360.5149824563414,6396.569775883108
11287.813712187111,11.419773010537028,360.6443755161017,6396.569775883108
11291.064778871834,11.419773010537028,360.6443755161017,6398.883617194369
11291.528111176565,11.420861531049013,361.0925743933767,6398.883617194369
11294.465884299949,11.420861531049013,361.0925743933767,6401.15446848236
11297.878969747573,11.447850363329053,361.3021576330066,6401.15446848236
11301.988427467644,11.447850363329053,361.3021576330066,6403.845539091155
11302.48403808102,11.449149938300252,361.74968873150647,6403.845539091155
11305.911061864346,11.449149938300252,361.74968873150647,6406.376713765785
11306.078848553821,11.450205128639936,361.90070888213813,6406.376713765785
11311.173192307353,11.450205128639936,361.90070888213813,6409.218609755859
11311.296326944605,11.451473942026496,361.97975211404264,6409.218609755859
11314.850022537634,11.451473942026496,361.97975211404264,6411.797211656347
11320.102489907295,11.455924114212394,362.5023692715913,6411.797211656347
11323.37420215644,11.455924114212394,362.5023692715913,6413.102889357135
11323.911185383797,11.45740113221109,362.8217297717929,6413.102889357135
11327.030136507004,11.45740113221109,362.8217297717929,6414.934038827196
11327.534529902041,11.45866034552455,363.20254949480295,6414.934038827196
11330.077387183905,11.45866034552455,363.20254949480295,6417.007123736665
11330.394976433367,11.459753524512053,363.45405028015375,6417.007123736665
11333.724537879229,11.459753524512053,363.45405028015375,6419.273273658007
11337.897457487881,11.469430021941662,363.70418102666736,6419.273273658007
11342.051017383114,11.469430021941662,363.70418102666736,6422.130940211937
11342.784651458263,11.4706055726856,364.19734285771847,6422.130940211937
11348.403012908995,11.4706055726856,364.19734285771847,6425.553356550634
11348.596061188728,11.471817092970014,364.2607110645622,6425.553356550634
11355.547216519713,11.471817092970014,364.2607110645622,6431.4374509863555
11356.15547564067,11.473053654655814,364.66342308558524,6431.4374509863555
11358.678331201896,11.473053654655814,364.66342308558524,6432.893261665478
11362.45264895074,11.47768153809011,364.93827942572534,6432.893261665478
11368.601616472006,11.47768153809011,364.93827942572534,6438.1964506059885
11369.210215188563,11.478826330974698,365.4463184773922,6438.1964506059885
11373.08814205788,11.478826330974698,365.4463184773922,6441.450528461486
11373.853134736419,11.480016972869635,366.06364199332893,6441.450528461486
11375.698634011671,11.480016972869635,366.06364199332893,6442.633357618004
11376.233381992206,11.481161335483193,366.47478611953557,6442.633357618004
11383.636846251786,11.481161335483193,366.47478611953557,6447.849466338754
11387.20912013948,11.534727955237031,366.8932408504188,6447.849466338754
11394.023480895907,11.534727955237031,366.8932408504188,6453.427304876968
11394.342456599697,11.535869967192411,367.1320079546422,6453.427304876968
11399.817654199898,11.535869967192411,367.1320079546422,6456.908363707364
11400.120132755488,11.53701924905181,367.39773699082434,6456.908363707364
11405.518269082531,11.53701924905181,367.39773699082434,6461.316007383168
11405.756071537733,11.53806783631444,367.59543404728174,6461.316007383168
11411.277686277404,11.53806783631444,367.59543404728174,6465.281039830297
11416.708741497248,11.549507938325405,368.0863553583622,6465.281039830297
11423.594755899161,11.549507938325405,368.0863553583622,6471.620125027373
11423.901542453095,11.5507454816252,368.30096307210624,6471.620125027373
11428.193728612736,11.5507454816252,368.30096307210624,6473.976977422833
11428.83629167825,11.551931206136942,368.8571530226618,6473.976977422833
11430.746226165444,11.551931206136942,368.8571530226618,6475.411660894752
11431.361529355869,11.553076839074492,369.3864619154483,6475.411660894752
11433.422933375463,11.553076839074492,369.3864619154483,6476.528415000066
11437.75965480879,11.557583989575505,369.9161243326962,6476.528415000066
11445.451833968982,11.557583989575505,369.9161243326962,6482.304442072287
11446.01817256771,11.558650178834796,370.41544401831925,6482.304442072287
11451.03961534053,11.558650178834796,370.41544401831925,6485.6655735280365
11451.804099420086,11.559922713786364,371.0306243766099,6485.6655735280365
11453.568964736536,11.559922713786364,371.0306243766099,6486.771494647488
11454.115232774988,11.561084724962711,371.4682702049613,6486.771494647488
11462.002843620256,11.561084724962711,371.4682702049613,6493.630287617445
11466.530738834292,11.635560492053628,371.88099575042725,6493.630287617445
11474.684588875622,11.635560492053628,371.88099575042725,6499.593738922849
11475.577715905383,11.636905116960406,372.6523679289967,6499.593738922849
11482.725397523493,11.636905116960406,372.6523679289967,6504.5507417060435
11483.296566460282,11.638039076700807,373.16579381376505,6504.5507417060435
11489.685599312186,11.638039076700807,373.16579381376505,6508.604234453291
11490.115547044203,11.639215717092156,373.46917992830276,6508.604234453291
11496.938167279586,11.639215717092156,373.46917992830276,6513.633512688801
11500.076791703701,11.780935753136873,373.48747319355607,6513.633512688801
11504.41658445634,11.780935753136873,373.48747319355607,6516.810418721288
11504.782792475075,11.782168904319406,373.75068274512887,6516.810418721288
11509.693828767166,11.782168904319406,373.75068274512887,6520.012792890891
11510.234408317134,11.78332994505763,374.2306158784777,6520.012792890891
11515.497833408415,11.78332994505763,374.2306158784777,6524.79552952759
11515.802608367056,11.784508816897869,374.4934804327786,6524.79552952759
11522.71587391384,11.784508816897869,374.4934804327786,6529.996311469004
11525.957347407937,11.788916228339076,374.6071884352714,6529.996311469004
11532.551741780713,11.788916228339076,374.6071884352714,6535.84719260782
11533.085527215153,11.79196579195559,375.09918204694986,6535.84719260782
11539.717167191207,11.79196579195559,375.09918204694986,6540.513189736754
11540.045518791303,11.793204134330153,375.38487096875906,6540.513189736754
11545.637314049527,11.793204134330153,375.38487096875906,6543.753557011485
11546.15157703124,11.794317293912172,375.88146146945655,6543.753557011485
11551.307760575786,11.794317293912172,375.88146146945655,6547.223936893046
11554.17471239157,11.798716753721237,375.89957821927965,6547.223936893046
11560.88237484917,11.798716753721237,375.89957821927965,6552.188670268282
11561.150049222633,11.801211290061474,375.9513357859105,6552.188670268282
11567.471830703318,11.801211290061474,375.9513357859105,6556.354957908392
11568.106229895726,11.802324019372463,376.4793358705938,6556.354957908392
11575.016784707084,11.802324019372463,376.4793358705938,6561.118568776175
11575.223720584065,11.803596092388034,376.60984179377556,6561.118568776175
11581.611221475527,11.803596092388034,376.60984179377556,6565.701615791768
11585.138049304485,11.809755492955446,377.0678342971951,6565.701615791768
11591.043821191415,11.809755492955446,377.0678342971951,6569.883233835921
11591.442558536306,11.81085897423327,377.4489087089896,6569.883233835921
11598.829423444346,11.81085897423327,377.4489087089896,6575.208127468824
11599.548816859722,11.903115846216679,377.907980652526,6575.208127468824
11607.84842977114,11.903115846216679,377.907980652526,6581.478234708309
11607.974390331656,11.904282169416547,377.9378843791783,6581.478234708309
11614.354525147006,11.904282169416547,377.9378843791783,6586.139309382066
11617.400062251836,11.908544216305017,378.3498288821429,6586.139309382066
11623.51080132462,11.908544216305017,378.3498288821429,6590.524224638939
11623.678651658818,11.909843930974603,378.40436285734177,6590.524224638939
11629.288897791877,11.909843930974603,378.40436285734177,6595.014287147671
11629.624147227034,11.911065543070436,378.7012579832226,6595.014287147671
11634.785879524425,11.911065543070436,378.7012579832226,6598.739493664354
11635.363392807543,11.912269487977028,379.17589325271547,6598.739493664354
11638.753837035969,11.912269487977028,379.17589325271547,6601.211818220094
11642.771253352985,11.916680809110403,379.49595014192164,6601.211818220094
11646.036398496479,11.916680809110403,379.49595014192164,6603.35118339397
11646.7678350918,11.917830988764763,380.21030443534255,6603.35118339397
11654.238302612677,11.917830988764763,380.21030443534255,6608.784246552736
11654.735304620117,11.918973809108138,380.6910046041012,6608.784246552736
11658.512060720474,11.918973809108138,380.6910046041012,6611.281477844343
11658.950211491436,11.920063268393278,381.0908241365105,6611.281477844343
11661.501994483173,11.920063268393278,381.0908241365105,6612.800622303039
11666.62356188707,11.931619646027684,381.71050224266946,6612.800622303039
11669.625375069678,11.931619646027684,381.71050224266946,6614.572035543621
11669.778124008328,11.932886689901352,381.728696513921,6614.572035543621
11675.011988863349,11.932886689901352,381.728696513921,6618.947339635342
11675.421510236338,11.934044012799859,381.854949856177,6618.947339635342
11678.180038738996,11.934044012799859,381.854949856177,6620.827404739335
11678.624708551913,11.935067782178521,382.0408900901675,6620.827404739335
11680.613566542044,11.935067782178521,382.0408900901675,6622.0905555877835
11683.266458487138,11.95596850477159,382.5320158004761,6622.0905555877835
11688.49381436035,11.95596850477159,382.5320158004761,6625.229437923059
11688.917276805267,11.957043984904885,382.9235773142427,6625.229437923059
11691.039089351892,11.957043984904885,382.9235773142427,6626.185983337462
11691.808727603406,11.958246337249875,383.4598024878651,6626.185983337462
11697.87262132205,11.958246337249875,383.4598024878651,6631.613219678402
11698.05279192701,11.95933765731752,383.47871495224535,6631.613219678402
11704.028076579794,11.95933765731752,383.47871495224535,6636.607783865184
11707.64681078121,11.963589526712894,384.0969028323889,6636.607783865184
11715.049550751224,11.963589526712894,384.0969028323889,6642.468875044957
11715.533746048808,11.964730257168412,384.5472449492663,6642.468875044957
11723.411143280566,11.964730257168412,384.5472449492663,6648.2770964205265
11724.0226389803,11.96587309986353,385.04739236459136,6648.2770964205265
11730.335688820109,11.96587309986353,385.04739236459136,6653.252224955708
11730.871083507314,11.967079492285848,385.5331776998937,6653.252224955708
11735.60852878727,11.967079492285848,385.5331776998937,6656.952147902921
11740.850233260542,12.083789099007845,385.93949104472995,6656.952147902921
11746.819482440129,12.083789099007845,385.93949104472995,6661.865286488086
11747.54712365754,12.084933660924435,386.4106659051031,6661.865286488086
11750.996170608327,12.084933660924435,386.4106659051031,6664.499033341184
11751.454482959583,12.086033631116152,386.66408334858716,6664.499033341184
11756.926983667538,12.086033631116152,386.66408334858716,6669.183653218672
11757.056722624227,12.087135251611471,386.7339146025479,6669.183653218672
11760.506448488683,12.087135251611471,386.7339146025479,6671.6321003213525
11764.60527206771,12.09148714877665,386.97847011499107,6671.6321003213525
11768.756443144754,12.09148714877665,386.97847011499107,6674.503433039412
11768.82891331613,12.092609249055386,386.99675455875695,6674.503433039412
11776.018768526614,12.092609249055386,386.99675455875695,6679.671403691173
11776.840667536482,12.093871522694826,387.7091817576438,6679.671403691173
11780.399935310706,12.093871522694826,387.7091817576438,6682.159242844209
11780.698734732345,12.095101047307253,387.7714219726622,6682.159242844209
11785.258449884132,12.095101047307253,387.7714219726622,6685.252747839317
11789.462534977123,12.146579844877124,388.04741083830595,6685.252747839317
11795.127505611628,12.146579844877124,388.04741083830595,6689.706614671275
11795.812773380429,12.147689094766974,388.4151477776468,6689.706614671275
11798.561524653807,12.147689094766974,388.4151477776468,6691.552287334576
11798.973132146522,12.148878486827016,388.6994740664959,6691.552287334576
11804.692446023226,12.148878486827016,388.6994740664959,6696.350753147155
11804.830456664786,12.14998996630311,388.82413383200765,6696.350753147155
11808.680907363072,12.14998996630311,388.82413383200765,6698.895255494863
11813.234973648563,12.155358824878931,389.02317970618606,6698.895255494863
11816.660075407475,12.155358824878931,389.02317970618606,6701.14395821467
11817.163199707866,12.156628366559744,389.3154117502272,6701.14395821467
11820.972326697782,12.156628366559744,389.3154117502272,6704.163418920711
11821.169025838375,12.157700365409255,389.4617590624839,6704.163418920711
11824.391091892496,12.157700365409255,389.4617590624839,6706.1536230724305
11824.867986395955,12.158929536119103,389.8743234425783,6706.1536230724305
11829.868386136368,12.158929536119103,389.8743234425783,6710.177567765117
11835.466347623616,12.198159206658602,390.52247330360115,6710.177567765117
11838.82170881331,12.198159206658602,390.52247330360115,6712.949574423954
11839.074739731848,12.199380919337273,390.7542868051678,6712.949574423954
11846.404407355934,12.199380919337273,390.7542868051678,6719.543637434021
11846.80528510362,12.20069239102304,390.93296511657536,6719.543637434021
11853.339943530038,12.20069239102304,390.93296511657536,6724.167782302946
11853.895827146247,12.201823819428682,391.3755022827536,6724.167782302946
11856.271564947441,12.201823819428682,391.3755022827536,6725.640715416521
11861.004579022527,12.20666590705514,391.59502776898444,6725.640715416521
11863.793985044584,12.20666590705514,391.59502776898444,6727.6526738889515
11864.178644753993,12.215112671256065,391.9505771882832,6727.6526738889515
11868.394827956334,12.215112671256065,391.9505771882832,6730.464200962335
11868.743709575385,12.216325405985117,392.047584740445,6730.464200962335
11871.872758675367,12.216325405985117,392.047584740445,6731.938210595399
11872.2320502121,12.217502726241946,392.37940793670714,6731.938210595399
11876.775850635022,12.217502726241946,392.37940793670714,6735.851818224415
11881.282094763592,12.306571751832962,392.5881226938218,6735.851818224415
11883.818161103874,12.306571751832962,392.5881226938218,6737.7504940107465
11884.550848865882,12.30791363492608,392.8939468655735,6737.7504940107465
11889.35449729301,12.30791363492608,392.8939468655735,6741.300701491535
11889.50648730807,12.309180866926908,392.912245137617,6741.300701491535
11894.494746085256,12.309180866926908,392.912245137617,6745.2149233073
11894.818668548018,12.310380497947335,393.1508505437523,6745.2149233073
11898.513154061511,12.310380497947335,393.1508505437523,6747.571138443425
11903.748924907297,12.322923168540001,393.82508585974574,6747.571138443425
11907.499052487314,12.322923168540001,393.82508585974574,6750.639478409663
11907.899962926283,12.324011579155922,394.20310515910387,6750.639478409663
11913.529771536589,12.324011579155922,394.20310515910387,6753.677846325561
11913.856090661138,12.325103217735887,394.5032894164324,6753.677846325561
11919.32323087193,12.325103217735887,394.5032894164324,6758.250004189089
11919.58143043518,12.326340049505234,394.6498675234616,6758.250004189089
11923.187227644026,12.326340049505234,394.6498675234616,6759.977042114362
11925.482634140179,12.336625177413225,394.73276584781706,6759.977042114362
11927.967882543802,12.336625177413225,394.73276584781706,6761.1090638991445
11928.60063412413,12.337725948542356,395.21996770240366,6761.1090638991445
11931.124756388366,12.337725948542356,395.21996770240366,6763.129884546623
11931.79472348839,12.338976101949811,395.6035767868161,6763.129884546623
11936.615070711821,12.338976101949811,395.6035767868161,6766.615863574669
11937.22547792457,12.34011492319405,396.1617312543094,6766.615863574669
11940.4388142284,12.34011492319405,396.1617312543094,6769.206837749109
11944.739358028397,12.420839035883546,396.6818893197924,6769.206837749109
11948.342791812494,12.420839035883546,396.6818893197924,6770.830047748983
11948.904255731031,12.42197229526937,397.1664088126272,6770.830047748983
11951.058745868504,12.42197229526937,397.1664088126272,6772.711418971419
11951.109755210578,12.423104897141457,397.19288324564695,6772.711418971419
11952.802195824683,12.423104897141457,397.19288324564695,6774.040591573343
11952.925594825298,12.424207266420126,397.25591055490077,6774.040591573343
11959.436690688133,12.424207266420126,397.25591055490077,6779.344199264422
11963.434927240014,12.428658047690988,397.513470524922,6779.344199264422
11966.326778188348,12.428658047690988,397.513470524922,6781.560676092282
11966.633350543678,12.429785838350654,397.74443236365914,6781.560676092282
11971.495965247974,12.429785838350654,397.74443236365914,6784.873110376298
11971.873469587415,12.430915718898177,397.9724908750504,6784.873110376298
11975.043904431164,12.430915718898177,397.9724908750504,6787.279259268194
11975.52461783588,12.432055030018091,398.4183023534715,6787.279259268194
11979.7189554926,12.432055030018091,398.4183023534715,6790.220090879127
11983.231629772112,12.436714185401797,398.46296633966267,6790.220090879127
11987.771368583664,12.436714185401797,398.46296633966267,6793.582488348708
11988.231448471546,12.437948476523161,398.81221400387585,6793.582488348708
11992.909893773496,12.437948476523161,398.81221400387585,6796.790454177186
11993.251311086118,12.43903747573495,399.12364106811583,6796.790454177186
11997.372581867501,12.43903747573495,399.12364106811583,6799.867340832949
11997.962394863367,12.44020683504641,399.67558319307864,6799.867340832949
12002.259759742767,12.44020683504641,399.67558319307864,6801.546110110357
12005.944009307772,12.445099022239447,399.95275646075606,6801.546110110357
12011.39943036437,12.445099022239447,399.95275646075606,6805.63698361814
12011.84908901155,12.446296894922853,400.2826313134283,6805.63698361814
12016.873833920807,12.446296894922853,400.2826313134283,6809.012157073244
12017.089659979567,12.44745778478682,400.4069528616965,6809.012157073244
12018.471698077396,12.44745778478682,400.4069528616965,6809.95378552191
12018.685204386711,12.448586944490671,400.5770832784474,6809.95378552191
12024.119020609185,12.448586944490671,400.5770832784474,6813.884804742411
12028.602067247033,12.501137413084507,400.7313194833696,6813.884804742411
12033.071506900713,12.501137413084507,400.7313194833696,6816.7823632285
12033.554912043735,12.502286154776812,401.12937263958156,6816.7823632285
12039.147748403251,12.502286154776812,401.12937263958156,6820.934403764084
12039.709265204147,12.503614269196987,401.557979343459,6820.934403764084
12042.812574146315,12.503614269196987,401.557979343459,6823.006599891931
12043.26334724389,12.504892241209745,401.8901375066489,6823.006599891931
12047.410894572735,12.504892241209745,401.8901375066489,6825.703298242763
12051.386900056154,12.54980307072401,402.0653638858348,6825.703298242763
12053.889293668792,12.54980307072401,402.0653638858348,6827.391368160024
12054.055849747732,12.551054732874036,402.1813302244991,6827.391368160024
12060.340145971626,12.551054732874036,402.1813302244991,6832.246678136289
12060.96476720646,12.552176602184772,402.7748748101294,6832.246678136289
12065.837299687788,12.552176602184772,402.7748748101294,6835.8349507935345
12066.522508168593,12.553352072834969,403.36413836851716,6835.8349507935345
12073.925074275583,12.553352072834969,403.36413836851716,6841.216200554743
12077.430043153465,12.66096398793161,403.93492737971246,6841.216200554743
12083.370375510305,12.66096398793161,403.93492737971246,6845.328943066299
12084.147140219808,12.662079019472003,404.6615397259593,6845.328943066299
12090.657038496807,12.662079019472003,404.6615397259593,6850.57002100721
12091.003958350047,12.66330492310226,404.9688321258873,6850.57002100721
12097.104946972802,12.66330492310226,404.9688321258873,6854.940866662189
12097.762994196266,12.664381831884384,405.4539632126689,6854.940866662189
12104.16999210231,12.664381831884384,405.4539632126689,6859.76424077712
12106.882394252345,12.724626060575247,405.76683706603944,6859.76424077712
12110.993087198585,12.724626060575247,405.76683706603944,6862.597334560007
12111.420752136037,12.726110799238086,406.0784708056599,6862.597334560007
12117.228271279484,12.726110799238086,406.0784708056599,6866.926812231541
12117.339352840558,12.727251371368766,406.1110342089087,6866.926812231541
12122.838234890252,12.727251371368766,406.1110342089087,6871.056547557935
12123.414816595614,12.729535425081849,406.4933112282306,6871.056547557935
12128.239414937794,12.729535425081849,406.4933112282306,6874.423937015235
12130.898267999291,12.733790583908558,406.8696708586067,6874.423937015235
12136.00170969218,12.733790583908558,406.8696708586067,6877.86915640533
12136.074807267636,12.734848076477647,406.91990745440125,6877.86915640533
12141.577350554988,12.734848076477647,406.91990745440125,6882.04277831316
12141.919079905376,12.735929327085614,407.2291178200394,6882.04277831316
12145.62561407499,12.735929327085614,407.2291178200394,6884.930274069309
12146.100322952494,12.737059749662876,407.6364995278418,6884.930274069309
12150.319356160238,12.737059749662876,407.6364995278418,6888.372338240966
12152.998061044142,12.741339549422264,408.01955645158887,6888.372338240966
12157.316061347723,12.741339549422264,408.01955645158887,6891.233467368409
12157.736413292587,12.742460191249847,408.38987583480775,6891.233467368409
12163.526131728664,12.742460191249847,408.38987583480775,6895.4360809363425
12163.93142778799,12.743533270433545,408.78739185258746,6895.4360809363425
12168.654967036098,12.743533270433545,408.78739185258746,6899.263841122389
12169.00656360574,12.744624489918351,409.125491945073,6899.263841122389
12174.562789868563,12.744624489918351,409.125491945073,6903.1948729697615
12176.358292259276,12.753958510234952,409.23236549831927,6903.1948729697615
12181.847515117377,12.753958510234952,409.23236549831927,6907.377685738727
12182.042563520372,12.755561420693994,409.3999845273793,6907.377685738727
12187.320526121184,12.755561420693994,409.3999845273793,6911.494335118681
12187.905331660062,12.801559960469604,409.93095293082297,6911.494335118681
12192.614934323356,12.801559960469604,409.93095293082297,6915.089234022424
12193.057839611545,12.802685711532831,410.3010254986584,6915.089234022424
12198.539486663416,12.802685711532831,410.3010254986584,6919.324903795496
12201.401419576257,12.823396317660809,410.62705541960895,6919.324903795496
12205.558501785621,12.823396317660809,410.62705541960895,6922.787680050358
12205.651434432715,12.824514945968986,410.70578524656594,6922.787680050358
12210.393156655133,12.824514945968986,410.70578524656594,6925.9303369876
12210.515868935734,12.82562337629497,410.8024590611458,6925.9303369876
12215.69555273652,12.82562337629497,410.8024590611458,6929.716556796804
12215.934852793813,12.829601727426052,411.02105994336307,6929.716556796804
12220.131330493838,12.829601727426052,411.02105994336307,6932.027739074081
12222.726745160297,12.83406861498952,411.2206889372319,6932.027739074081
12228.416494535282,12.83406861498952,411.2206889372319,6936.047869320959
12228.864264730364,12.835354739800096,411.55904600583017,6936.047869320959
12233.684024520218,12.835354739800096,411.55904600583017,6939.915439305827
12234.071547996253,12.836474260315299,411.9005634430796,6939.915439305827
12239.35762055032,12.836474260315299,411.9005634430796,6944.0021979138255
12239.909238891676,12.83771151304245,412.2473460454494,6944.0021979138255
12244.127335345373,12.83771151304245,412.2473460454494,6947.225299581885
12245.958247875795,12.907164929434657,412.6880783736706,6947.225299581885
12251.652481043711,12.907164929434657,412.6880783736706,6952.062512582168
12251.974785067141,12.908236829563975,413.00013203918934,6952.062512582168
12256.85943316482,12.908236829563975,413.00013203918934,6955.4467225614935
12257.213778104633,12.909496862441301,413.2666201852262,6955.4467225614935
12263.284422194585,12.909496862441301,413.2666201852262,6960.158440712839
12263.650963455439,12.910574020817876,413.54380587488413,6960.158440712839
12268.170881604776,12.910574020817876,413.54380587488413,6963.170391436666
12269.978889623657,12.915040045976639,413.90579019486904,6963.170391436666
12274.897908939049,12.915040045976639,413.90579019486904,6967.176819870248
12275.263198927045,12.916268907487392,414.2266350314021,6967.176819870248
12280.805655736476,12.916268907487392,414.2266350314021,6971.26832774654
12281.238983927295,12.917326178401709,414.48113925755024,6971.26832774654
12285.841316152364,12.917326178401709,414.48113925755024,6974.742367068306
12286.322229152545,12.918453719466925,414.92856657505035,6974.742367068306
12291.54976123944,12.918453719466925,414.92856657505035,6978.534164180979
12294.073851378635,13.010391747578979,415.3182023912668,6978.534164180979
12300.160067796707,13.010391747578979,415.3182023912668,6983.1313606295735
12300.536995977163,13.011509688571095,415.6813290640712,6983.1313606295735
12306.515025209635,13.011509688571095,415.6813290640712,6987.827920544893
12306.69509572722,13.01264824718237,415.83345119282603,6987.827920544893
12311.857648000121,13.01264824718237,415.83345119282603,6991.178805757314
12312.377337049693,13.013917921110988,416.2831220328808,6991.178805757314
12316.939793284982,13.013917921110988,416.2831220328808,6994.734660163522
12319.830972315744,13.018365399912,416.58990374580026,6994.734660163522
12325.649662440643,13.018365399912,416.58990374580026,6999.523866241798
12325.982285052538,13.0194499399513,416.8095840048045,6999.523866241798
12330.349515756592,13.0194499399513,416.8095840048045,7002.974054118618
12330.73470120877,13.020577372983098,416.9745502397418,7002.974054118618
12331.829827124253,13.020577372983098,416.9745502397418,7003.8354647587985
12331.904464328662,13.021861597895622,417.0150291994214,7003.8354647587985
12335.84342039004,13.021861597895622,417.0150291994214,7006.262046214193
12339.849185111001,13.026220358908176,417.44268227927387,7006.262046214193
12345.345327017829,13.026220358908176,417.44268227927387,7010.525465279818
12345.726541940123,13.027406830340624,417.59760686941445,7010.525465279818
12349.406684855,13.027406830340624,417.59760686941445,7013.293190807104
12349.661588311195,13.02899712882936,417.6725012883544,7013.293190807104
12351.717330936342,13.02899712882936,417.6725012883544,7014.4045344777405
12351.897481715307,13.03010306879878,417.83671983517706,7014.4045344777405
12355.447445515543,13.03010306879878,417.83671983517706,7016.305637590587
12358.463117381558,13.034497948363423,418.2207359466702,7016.305637590587
12361.82181001082,13.034497948363423,418.2207359466702,7019.015656773001
12361.880034763366,13.035620776936412,418.2569821998477,7019.015656773001
12366.143784675747,13.035620776936412,418.2569821998477,7022.254738405347
12366.574453659356,13.036777656525373,418.67922217026353,7022.254738405347
12368.8934661448,13.036777656525373,418.67922217026353,7023.655651137233
12368.92893094197,13.038771692663431,418.7040316928178,7023.655651137233
12372.954935863614,13.038771692663431,418.7040316928178,7026.696109883487
12376.575211139396,13.04307528026402,418.93174966052175,7026.696109883487
12381.137820241973,13.04307528026402,418.93174966052175,7029.788594840094
12381.535813288763,13.044419964775443,419.2168424464762,7029.788594840094
12383.626791900024,13.044419964775443,419.2168424464762,7031.226757260039
12383.844247190282,13.045499254018068,419.3405115734786,7031.226757260039
12385.754742946476,13.045499254018068,419.3405115734786,7032.482853055
12386.163242364302,13.04655816219747,419.6932570654899,7032.482853055
12390.126110965386,13.04655816219747,419.6932570654899,7035.306328339502
12393.242544032633,13.050930980592966,419.98984385095537,7035.306328339502
12395.084811309353,13.050930980592966,419.98984385095537,7036.36840490438
12395.180260492489,13.052173811942339,420.00926038622856,7036.36840490438
12398.676779087633,13.052173811942339,420.00926038622856,7038.86558515951
12398.785804599524,13.05327552370727,420.1061288956553,7038.86558515951
12401.525615187362,13.05327552370727,420.1061288956553,7040.473771415651
12401.955586349592,13.05443643592298,420.4040229059756,7040.473771415651
12406.175139667466,13.05443643592298,420.4040229059756,7043.503515707329
12409.228231947869,13.058957278728485,420.92424263618886,7043.503515707329
12414.390575319529,13.058957278728485,420.92424263618886,7047.273873012513
12414.903752312064,13.060214791446924,421.35551892220974,7047.273873012513
12419.507325172424,13.060214791446924,421.35551892220974,7050.696873065084
12419.992501690984,13.061319559812546,421.8289358969778,7050.696873065084
12425.001956064254,13.061319559812546,421.8289358969778,7054.263909989968
12425.590937430039,13.06246512196958,422.26564346812665,7054.263909989968
12431.477908566594,13.06246512196958,422.26564346812665,7058.32439057529
12434.562728744,13.066773658618331,422.6729360949248,7058.32439057529
12440.67503487505,13.066773658618331,422.6729360949248,7063.040452720597
12441.129290441051,13.06787434965372,423.0594260711223,7063.040452720597
12447.67014349997,13.06787434965372,423.0594260711223,7067.71210943535
12447.99435582012,13.069088280200958,423.3075979221612,7067.71210943535
12453.980671852827,13.069088280200958,423.3075979221612,7072.348298283294
12454.192236233503,13.07018680870533,423.4623334687203,7072.348298283294
12456.588015181944,13.07018680870533,423.4623334687203,7073.711289061233
12460.597139300779,13.075635697692633,423.93073071166873,7073.711289061233
12467.268669154495,13.075635697692633,423.93073071166873,7078.872884552926
12467.856900366023,13.076787499710917,424.45650099404156,7078.872884552926
12474.189172485843,13.076787499710917,424.45650099404156,7083.255117692053
12474.672609983012,13.078040471300483,424.84111855737865,7083.255117692053
12479.105189295486,13.078040471300483,424.84111855737865,7086.101466989145
12479.348045300692,13.079163843765855,425.072823446244,7086.101466989145
12482.93738938123,13.079163843765855,425.072823446244,7088.679231848568
12486.613462699577,13.08347037062049,425.30357151106,7088.679231848568
12491.367722613737,13.08347037062049,425.30357151106,7092.356155531481
12491.485101057217,13.084737103432417,425.4039828963578,7092.356155531481
12495.842060077935,13.084737103432417,425.4039828963578,7095.44518041797
12495.926403297111,13.098653316497803,425.44976526126266,7095.44518041797
12499.455812007189,13.098653316497803,425.44976526126266,7097.876808781177
12500.023080326617,13.09993051737547,425.9004712086171,7097.876808781177
12503.437453443184,13.09993051737547,425.9004712086171,7099.756757939234
12507.167765071616,13.104420000687242,426.22926696389914,7099.756757939234
12511.400540206581,13.104420000687242,426.22926696389914,7103.056263981387
12511.788848096505,13.10569180175662,426.5130183957517,7103.056263981387
12515.658366087824,13.10569180175662,426.5130183957517,7106.046459795907
12515.724451424554,13.106733901426196,426.54498213902116,7106.046459795907
12518.605615755543,13.106733901426196,426.54498213902116,7107.6056886371225
12518.734920676798,13.107880141586065,426.6410786025226,7107.6056886371225
12523.671724928543,13.107880141586065,426.6410786025226,7111.068254733458
12526.609630025923,13.141709260642529,426.7132095787674,7111.068254733458
12529.144821459427,13.141709260642529,426.7132095787674,7112.482223793864
12529.452525939792,13.142815500497818,426.9815166592598,7112.482223793864
12533.064329033718,13.142815500497818,426.9815166592598,7115.30173956044
12533.408506287262,13.143989091739058,427.2690266277641,7115.30173956044
12536.575912028551,13.143989091739058,427.2690266277641,7117.916037289426
12536.772305803373,13.145078783854842,427.45629228651524,7117.916037289426
12541.97787409462,13.145078783854842,427.45629228651524,7122.143233653158
12544.617046978325,13.149428524076939,427.8027382027358,7122.143233653158
12550.766433238983,13.149428524076939,427.8027382027358,7126.867187358439
12551.1077064313,13.150578564032912,428.03406848572195,7126.867187358439
12556.253174455836,13.150578564032912,428.03406848572195,7131.068470429629
12556.825191339478,13.151693992316723,428.5142457652837,7131.068470429629
12563.413309395313,13.151693992316723,428.5142457652837,7135.724621506408
12564.051302375272,13.15279390104115,429.0549482777715,7135.724621506408
12570.54094045423,13.15279390104115,429.0549482777715,7140.562239635736
12573.41926060617,13.168602118268609,429.4010104574263,7140.562239635736
12578.352815747261,13.168602118268609,429.4010104574263,7144.344474371523
12578.93257570453,13.169730268418789,429.90058991126716,7144.344474371523
12583.356875188649,13.169730268418789,429.90058991126716,7147.259252596647
12583.804658843204,13.170829368755221,430.3314084596932,7147.259252596647
12589.210635123774,13.170829368755221,430.3314084596932,7151.316477075219
12589.777370003983,13.17194478213787,430.7532812729478,7151.316477075219
12593.205214487389,13.17194478213787,430.7532812729478,7153.283454163
12596.35478374362,13.181045169010758,430.85372180864215,7153.283454163
12599.634120659903,13.181045169010758,430.85372180864215,7155.731228901073
12599.755530206487,13.182097947224975,430.94421716220677,7155.731228901073
12602.742207447067,13.182097947224975,430.94421716220677,7157.1869648844
12603.128666944802,13.183526003733277,431.2169715613127,7157.1869648844
12606.999934157357,13.183526003733277,431.2169715613127,7159.52885979414
12607.265127351508,13.184664094820619,431.4298959001899,7159.52885979414
12611.62559187971,13.184664094820619,431.4298959001899,7162.3937535993755
12614.760317344218,13.18895355798304,431.6201100349426,7162.3937535993755
12618.079595137388,13.18895355798304,431.6201100349426,7165.0195458922535
12618.120807139203,13.191903412342072,431.63961906172335,7165.0195458922535
12620.495753010735,13.191903412342072,431.63961906172335,7166.236648680642
12620.798439107835,13.19312821701169,431.73787565529346,7166.236648680642
12625.795005321503,13.19312821701169,431.73787565529346,7169.671472676098
12626.108974376693,13.194214556366205,432.0387248583138,7169.671472676098
12630.102583093569,13.194214556366205,432.0387248583138,7172.043407989666
12633.188953226432,13.198642827570438,432.3529922980815,7172.043407989666
12637.025793351233,13.198642827570438,432.3529922980815,7174.451671238989
12637.371895091608,13.199786828830838,432.6666473560035,7174.451671238989
12641.561056764796,13.199786828830838,432.6666473560035,7177.639572784305
12641.909440983087,13.201042899861932,432.9365327246487,7177.639572784305
12645.277555951849,13.201042899861932,432.9365327246487,7180.014059536159
12645.685420580208,13.202276062220335,433.2183308098465,7180.014059536159
12650.44699241221,13.202276062220335,433.2183308098465,7183.670976318419
12653.312227807939,13.206600122153759,433.33310885354877,7183.670976318419
12656.985357573256,13.206600122153759,433.33310885354877,7186.698806779459
12657.292777078226,13.207659808918834,433.5861272253096,7186.698806779459
12659.85401456058,13.207659808918834,433.5861272253096,7188.398161401972
12660.079348215833,13.208923330530524,433.69826230220497,7188.398161401972
12661.51375984028,13.208923330530524,433.69826230220497,7189.195959249511
12661.914791064337,13.210022650659084,433.9198184199631,7189.195959249511
12666.047735927626,13.210022650659084,433.9198184199631,7192.3244923930615
12669.512087922543,13.223505148664117,434.0671579595655,7192.3244923930615
12672.086063407362,13.223505148664117,434.0671579595655,7193.528031930327
12672.235112220049,13.224679911509156,434.1828034315258,7193.528031930327
12676.328730015084,13.224679911509156,434.1828034315258,7196.80098615028
12676.941697467119,13.225980496034026,434.47893176972866,7196.80098615028
12679.573309088126,13.225980496034026,434.47893176972866,7198.695104220882
12679.840764399618,13.227259250357747,434.6633617170155,7198.695104220882
12681.334656512365,13.227259250357747,434.6633617170155,7199.512060469016
12684.506174819544,13.232761019840837,435.0809903051704,7199.512060469016
12691.25126878731,13.232761019840837,435.0809903051704,7204.61837875098
12691.648422010243,13.23389358073473,435.4145563542843,7204.61837875098
12694.933886807412,13.23389358073473,435.4145563542843,7207.485310208052
12695.442274171859,13.23517382517457,435.8156631104648,7207.485310208052
12697.587938645855,13.23517382517457,435.8156631104648,7208.776869464666
12697.732899123803,13.236323585733771,435.8749049734324,7208.776869464666
12699.922804856673,13.236323585733771,435.8749049734324,7209.929275037721
12703.327676033601,13.24090613797307,436.15584847331047,7209.929275037721
12707.962499823421,13.24090613797307,436.15584847331047,7212.981661017984
12708.514642277732,13.24206862039864,436.6782675739378,7212.981661017984
12713.493236446753,13.24206862039864,436.6782675739378,7216.5570214390755
12713.925871135667,13.243204832077026,436.97446754202247,7216.5570214390755
12715.741476064548,13.243204832077026,436.97446754202247,7217.623170858249
12716.034393161535,13.244495024904609,437.2595262564719,7217.623170858249
12717.806090416387,13.244495024904609,437.2595262564719,7218.969072416425
12720.492469815537,13.26250016503036,437.32309244573116,7218.969072416425
12724.659576956183,13.26250016503036,437.32309244573116,7222.228814566508
12724.875382745638,13.263776300475001,437.4250521585345,7222.228814566508
12728.596591591835,13.263776300475001,437.4250521585345,7224.948425004259
12728.917062044144,13.264917321503162,437.68477268330753,7224.948425004259
12732.862406013533,13.264917321503162,437.68477268330753,7227.073828427121
12733.341424312443,13.266087112948298,437.8963952679187,7227.073828427121
12735.221805859357,13.266087112948298,437.8963952679187,7228.3625137824565
12739.000512007624,13.270420577377081,438.15660745091736,7228.3625137824565
12741.272063011304,13.270420577377081,438.15660745091736,7229.905837588012
12741.42423612997,13.271509025245905,438.2744313105941,7229.905837588012
12744.295756010339,13.271509025245905,438.2744313105941,7232.060299152508
12744.543612796813,13.272661918774247,438.43447316251695,7232.060299152508
12747.701585575938,13.272661918774247,438.43447316251695,7234.354514751583
12748.16875079833,13.273753060027957,438.80938606895506,7234.354514751583
12751.881749155,13.273753060027957,438.80938606895506,7237.5934950541705
12755.122078619897,13.278275080025196,439.52085891366005,7237.5934950541705
12761.331208871678,13.278275080025196,439.52085891366005,7242.569166282192
12761.76783372648,13.283387636765838,439.8536913320422,7242.569166282192
12767.571499571204,13.283387636765838,439.8536913320422,7246.847084539011
12767.978142879903,13.284629320725799,440.21770162694156,7246.847084539011
12774.201038599014,13.284629320725799,440.21770162694156,7251.577974328771
12774.84055694379,13.285918712615967,440.73076704889536,7251.577974328771
12780.94630968012,13.285918712615967,440.73076704889536,7256.243869237602
12786.561855690554,13.290487552061677,441.1665302608162,7256.243869237602
12793.095712907612,13.290487552061677,441.1665302608162,7260.869875837117
12793.4071293585,13.291783705353737,441.21819075383246,7260.869875837117
12794.98947753571,13.291783705353737,441.21819075383246,7261.86572371237
12795.286571996287,13.293058218434453,441.42496242560446,7261.86572371237
12797.856110546738,13.293058218434453,441.42496242560446,7263.297153867781
12798.446165112779,13.29434916190803,441.6755275670439,7263.297153867781
12801.917609870434,13.29434916190803,441.6755275670439,7265.967780435458
12805.480761356652,13.328796336427331,442.2906337864697,7265.967780435458
12808.276989288628,13.328796336427331,442.2906337864697,7267.552758097649
12808.756877979264,13.330157700926065,442.56579023227096,7267.552758097649
12811.472492927685,13.330157700926065,442.56579023227096,7269.684942217544
12811.691420590505,13.331378081813455,442.7612474709749,7269.684942217544
12813.952110690996,13.331378081813455,442.7612474709749,7270.978321028873
12814.115366408601,13.332516772672534,442.89137284085155,7270.978321028873
12817.565612753853,13.332516772672534,442.89137284085155,7273.420355295762
12821.506545139477,13.459249461069703,443.2430941890925,7273.420355295762
12823.744610292837,13.459249461069703,443.2430941890925,7274.443670717999
12824.169741457328,13.460451994091272,443.41216102056205,7274.443670717999
12827.07727518864,13.460451994091272,443.41216102056205,7276.456281531602
12827.191531069577,13.461627366021276,443.4931925237179,7276.456281531602
12831.590560391545,13.461627366021276,443.4931925237179,7279.872331885621
12831.937528116629,13.462853766977787,443.7432331070304,7279.872331885621
12834.691604556516,13.462853766977787,443.7432331070304,7282.161241322756
12837.877009123564,13.500414064154029,444.06200592406094,7282.161241322756
12840.501328144222,13.500414064154029,444.06200592406094,7283.6399386134
12841.058694267645,13.501606184989214,444.38359489291906,7283.6399386134
12845.260771885514,13.501606184989214,444.38359489291906,7287.0670918338
12845.486441839486,13.502780497074127,444.53593022562563,7287.0670918338
12848.969610190019,13.502780497074127,444.53593022562563,7289.145011343062
12849.66132328473,13.50400278903544,444.98176356591284,7289.145011343062
12853.124346444383,13.50400278903544,444.98176356591284,7291.612112173811
12856.070753356442,13.508389499038458,445.1993670873344,7291.612112173811
12860.32020559907,13.508389499038458,445.1993670873344,7294.7325014695525
12860.432012310252,13.510290233418345,445.2424515541643,7294.7325014695525
12863.04305822961,13.510290233418345,445.2424515541643,7296.07606738247
12863.50660450384,13.512225419282913,445.56848442554474,7296.07606738247
12867.524701310322,13.512225419282913,445.56848442554474,7298.88514544256
12867.90051482059,13.513398569077253,445.82491932809353,7298.88514544256
12871.610961811617,13.513398569077253,445.82491932809353,7301.876510920003
12876.097344299778,13.517925880849361,445.9663124643266,7301.876510920003
12879.628647016361,13.517925880849361,445.9663124643266,7304.104683035985
12879.766868252307,13.519231855869293,446.0637197121978,7304.104683035985
12883.143545687199,13.519231855869293,446.0637197121978,7306.344996392727
12883.542328495532,13.52055735886097,446.4206818342209,7306.344996392727
12885.662177048624,13.52055735886097,446.4206818342209,7307.859628416598
12886.167079564184,13.521903034299612,446.7248586509377,7307.859628416598
12888.755667869002,13.521903034299612,446.7248586509377,7309.478118840605
12893.037877341732,13.54454087279737,446.94214935041964,7309.478118840605
12895.813335951418,13.54454087279737,446.94214935041964,7311.691093362868
12895.94471474737,13.545732636004686,447.05909430235624,7311.691093362868
12900.103061649948,13.545732636004686,447.05909430235624,7314.622100459412
12900.516834499314,13.547038519755006,447.3343429174274,7314.622100459412
12905.224073011428,13.547038519755006,447.3343429174274,7318.221623945981
12905.537835475057,13.548261692747474,447.6242341194302,7318.221623945981
12910.85675046593,13.548261692747474,447.6242341194302,7322.8046250175685
12914.385991601273,13.585132649168372,447.7682328503579,7322.8046250175685
12916.634725255892,13.585132649168372,447.7682328503579,7324.617824245244
12917.345388008282,13.586334394291043,448.3208414632827,7324.617824245244
12920.138194171712,13.586334394291043,448.3208414632827,7326.977262863889
12920.246469160542,13.587469296529889,448.42135640233755,7326.977262863889
12923.770840035751,13.587469296529889,448.42135640233755,7328.9662651233375
12924.31609049812,13.588847579434514,448.8703227918595,7328.9662651233375
12929.048943737522,13.588847579434514,448.8703227918595,7332.492962827906
12932.682814475149,13.593142407014966,449.1966633051634,7332.492962827906
12936.178097220138,13.593142407014966,449.1966633051634,7334.791285350919
12936.456356983632,13.594288116320968,449.27937675081193,7334.791285350919
12940.213089143857,13.594288116320968,449.27937675081193,7337.356758348644
12940.38308234699,13.595456175506115,449.37010223418474,7337.356758348644
12942.78572139144,13.595456175506115,449.37010223418474,7339.064084013924
12943.346975136548,13.596704367548227,449.7979502044618,7339.064084013924
12947.628873024136,13.596704367548227,449.7979502044618,7342.430863054469
12951.91338956356,13.601264011114836,450.2263151779771,7342.430863054469
12955.725105235353,13.601264011114836,450.2263151779771,7344.881478218362
12956.541797211394,13.602522863075137,450.78012435883284,7344.881478218362
12959.558817956597,13.602522863075137,450.78012435883284,7347.267532072961
12960.224231688306,13.60383727401495,451.26897502690554,7347.267532072961
12966.492228860036,13.60383727401495,451.26897502690554,7352.06377280876
12967.045270977542,13.604955203831196,451.7144462391734,7352.06377280876
12974.028152860701,13.604955203831196,451.7144462391734,7357.25864250958
12977.16580228135,13.609344109892845,452.20904967188835,7357.25864250958
12982.14296933636,13.609344109892845,452.20904967188835,7360.904960831627
12982.594423595816,13.610541991889477,452.53741492703557,7360.904960831627
12987.048316383734,13.610541991889477,452.53741492703557,7364.076191449538
12987.6048384998,13.611696124076843,453.03855656832457,7364.076191449538
12993.597243187949,13.611696124076843,453.03855656832457,7368.868122201413
12994.050382710993,13.612878445535898,453.4521901290864,7368.868122201413
12997.823846381158,13.612878445535898,453.4521901290864,7371.719842931256
13001.90631631203,13.617407787591219,453.8223203327507,7371.719842931256
13004.423276577145,13.617407787591219,453.8223203327507,7373.702005583793
13005.239642878994,13.618637710809708,454.513966396451,7373.702005583793
13011.008228382096,13.618637710809708,454.513966396451,7378.392885539681
13011.518144287169,13.619801780208945,455.0013173017651,7378.392885539681
13015.107210364193,13.619801780208945,455.0013173017651,7380.962543724105
13015.1819676999,13.620961831882596,455.0678121447563,7380.962543724105
13018.965370589867,13.620961831882596,455.0678121447563,7383.901280147955
13022.4826775752,13.636339619755745,455.5791622772813,7383.901280147955
13030.09764935635,13.636339619755745,455.5791622772813,7389.613574106246
13030.629275055602,13.637447299435735,456.0074198357761,7389.613574106246
13032.757983908057,13.637447299435735,456.0074198357761,7391.489197762683
13033.308615492657,13.638655379414558,456.49996043741703,7391.489197762683
13035.37441544421,13.638655379414558,456.49996043741703,7392.9432760532945
13035.877661839128,13.639859551563859,456.92181115038693,7392.9432760532945
13041.881564410403,13.639859551563859,456.92181115038693,7397.321309925988
13044.892329856753,13.644296489655972,457.6374760456383,7397.321309925988
13049.092520147562,13.644296489655972,457.6374760456383,7400.981490671635
13049.839786408469,13.645613571628928,458.245662227273,7400.981490671635
13053.398764731362,13.645613571628928,458.245662227273,7403.888465533033
13053.957325734198,13.646836083382368,458.70258895494044,7403.888465533033
13057.659591399133,13.646836083382368,458.70258895494044,7406.057408794761
13058.159280056134,13.648053055629134,459.1388852726668,7406.057408794761
13060.158506244421,13.648053055629134,459.1388852726668,7407.097992030904
13063.623678077012,13.652601577341557,459.23506335541606,7407.097992030904
13066.319161955267,13.652601577341557,459.23506335541606,7408.40940358676
13066.513292476535,13.65382556989789,459.3867950551212,7408.40940358676
13070.678718103096,13.65382556989789,459.3867950551212,7411.600859254599
13070.746408721432,13.65500577352941,459.4334930703044,7411.600859254599
13073.87897445634,13.65500577352941,459.4334930703044,7414.040641214699
13074.122634332627,13.656193712726235,459.6606813389808,7414.040641214699
13077.818126784638,13.656193712726235,459.6606813389808,7416.258008934557
13080.886238964275,13.66070406511426,460.1597896851599,7416.258008934557
13085.721878908575,13.66070406511426,460.1597896851599,7420.50516974926
13086.130978044122,13.661835685372353,460.3261326625943,7420.50516974926
13090.283196631819,13.661835685372353,460.3261326625943,7423.058690767735
13090.827231075615,13.663018476217985,460.82041673362255,7423.058690767735
13095.370258124545,13.663018476217985,460.82041673362255,7426.5014962833375
13096.070301083848,13.664261158555746,461.3321986924857,7426.5014962833375
13099.60978974402,13.664261158555746,461.3321986924857,7428.871594702825
13103.28681441024,13.668785830959678,461.7463280707598,7428.871594702825
13105.713398655877,13.668785830959678,461.7463280707598,7430.813595002517
13106.084194110706,13.670010542497039,462.01604125089943,7430.813595002517
13108.47390929982,13.670010542497039,462.01604125089943,7432.803545195609
13109.090984888375,13.671319806948304,462.5269372947514,7432.803545195609
13111.501823501661,13.671319806948304,462.5269372947514,7434.685099840164
13111.687656411901,13.672481356188655,462.6827227603644,7434.685099840164
13116.381708420813,13.672481356188655,462.6827227603644,7437.939365198836
13119.959503488615,13.676978535950184,462.86279138736427,7437.939365198836
13123.609644519165,13.676978535950184,462.86279138736427,7440.64605339244
13123.814960356802,13.678175516426563,463.03968964517117,7440.64605339244
13127.910884136334,13.678175516426563,463.03968964517117,7443.378296060488
13128.292581427842,13.67952092923224,463.34539180994034,7443.378296060488
13131.307787451893,13.67952092923224,463.34539180994034,7445.257780458778
13131.577505916357,13.680698201060295,463.54029799439013,7445.257780458778
13134.866944484413,13.680698201060295,463.54029799439013,7447.789424814284
13138.923905417323,13.694269945845008,463.5851764995605,7447.789424814284
13140.913436364383,13.694269945845008,463.5851764995605,7448.769221715629
13141.171815719455,13.695458434522152,463.83463439531624,7448.769221715629
13145.258334506303,13.695458434522152,463.83463439531624,7451.400879571214
13145.8577223178,13.696689173579216,464.34338419139385,7451.400879571214
13151.199035888538,13.696689173579216,464.34338419139385,7455.128448687494
13151.443246159703,13.69785119406879,464.57393104583025,7455.128448687494
13154.514071006328,13.69785119406879,464.57393104583025,7457.120793228969
13157.442674204707,13.709034003317356,464.62806992791593,7457.120793228969
13161.023769332096,13.709034003317356,464.62806992791593,7459.271099288017
13161.420833755285,13.71022162400186,464.81318141520023,7459.271099288017
13163.26428197138,13.71022162400186,464.81318141520023,7460.633529614657
13163.706030845642,13.711575778201222,465.0579630751163,7460.633529614657
13168.25058464706,13.711575778201222,465.0579630751163,7464.249387817457
13168.548661796376,13.712868502363563,465.3115763068199,7464.249387817457
13170.320304151624,13.712868502363563,465.3115763068199,7465.0028855502605
13173.411915356293,13.717167884111404,465.4848055317998,7465.0028855502605
13176.675364159048,13.717167884111404,465.4848055317998,7467.124510308728
13176.894340174273,13.71840937808156,465.63216605596244,7467.124510308728
13181.471899846569,13.71840937808156,465.63216605596244,7470.726830115542
13181.871059980243,13.719603357836604,465.9872898198664,7470.726830115542
13183.683448977768,13.719603357836604,465.9872898198664,7472.154767459258
13183.818966075778,13.720753407105803,466.11517727188766,7472.154767459258
13186.85679824464,13.720753407105803,466.11517727188766,7474.172729257494
13190.424290664494,13.725112656131387,466.3589775469154,7474.172729257494
13195.539719188586,13.725112656131387,466.3589775469154,7477.736033612862
13196.030379874632,13.72630861774087,466.742838261649,7477.736033612862
13200.699822770432,13.72630861774087,466.742838261649,7481.063272321597
13201.286343455315,13.727536650374532,467.2444473952055,7481.063272321597
13204.417285552248,13.727536650374532,467.2444473952055,7483.518864177167
13204.7144584544,13.728740073740482,467.49520319886506,7483.518864177167
13206.360246945173,13.728740073740482,467.49520319886506,7484.8220246993005
13211.560070147738,13.733181843534112,467.87521716579795,7484.8220246993005
13215.576843718067,13.733181843534112,467.87521716579795,7487.795152163133
13215.885419940576,13.734418284147978,468.0642003584653,7487.795152163133
13218.006867937744,13.734418284147978,468.0642003584653,7488.959955114871
13218.082623964176,13.735590003430843,468.12959483638406,7488.959955114871
13220.51954388991,13.735590003430843,468.12959483638406,7490.027432331815
13220.956603683531,13.736856857314706,468.55717277899384,7490.027432331815
13226.249724319205,13.736856857314706,468.55717277899384,7493.791891450062
13229.027274955064,13.819396113976836,468.76029197871685,7493.791891450062
13231.923210408539,13.819396113976836,468.76029197871685,7495.525436760858
13232.420662950724,13.82070267945528,469.0436974838376,7495.525436760858
13234.961335806176,13.82070267945528,469.0436974838376,7496.948790021241
13235.138844780624,13.8218915425241,469.2106581442058,7496.948790021241
13239.551845619455,13.8218915425241,469.2106581442058,7500.464642353356
13239.894798496738,13.823073174804449,469.4916181564331,7500.464642353356
13243.401372781023,13.823073174804449,469.4916181564331,7502.897850960493
13247.715965822339,13.827619029209018,469.5285143367946,7502.897850960493
13249.700391894206,13.827619029209018,469.5285143367946,7503.7480949070305
13250.086044345051,13.828822301700711,469.8334331456572,7503.7480949070305
13254.0756528005,13.828822301700711,469.8334331456572,7506.164160879329
13254.710174219683,13.830105733126402,470.3375896792859,7506.164160879329
13257.739580452442,13.830105733126402,470.3375896792859,7508.103020327166
13257.974843412638,13.831497279927135,470.541891252622,7508.103020327166
13261.789386661723,13.831497279927135,470.541891252622,7510.803540345281
13266.026703560725,13.835882108658552,470.9574006590992,7510.803540345281
13267.906081840396,13.835882108658552,470.9574006590992,7512.161418164149
13268.170390170068,13.837051888927817,471.1855255831033,7512.161418164149
13272.342237053439,13.837051888927817,471.1855255831033,7515.626269368455
13272.53279481642,13.845501510426402,471.3366822190583,7515.626269368455
13276.350158732384,13.845501510426402,471.3366822190583,7517.501919222996
13276.738935714588,13.846646821126342,471.6391490716487,7517.501919222996
13279.954693108797,13.846646821126342,471.6391490716487,7519.910583786666
13284.273142371327,13.851120259612799,472.10903801582754,7519.910583786666
13288.393749406561,13.851120259612799,472.10903801582754,7522.50572569482
13288.848164647818,13.852317051962018,472.5099490880966,7522.50572569482
13292.394924402237,13.852317051962018,472.5099490880966,7525.484111281112
13292.5635796953,13.85352229513228,472.62387142702937,7525.484111281112
13293.706905592233,13.85352229513228,472.62387142702937,7526.045720722526
13293.759601980448,13.854680605232716,472.64963343553245,7526.045720722526
13297.000291086733,13.854680605232716,472.64963343553245,7528.836149258539
13301.751157803461,13.859119918197393,472.98902976326644,7528.836149258539
13303.567195843905,13.859119918197393,472.98902976326644,7530.127873392776
13303.871779276058,13.860500803217292,473.12742707692087,7530.127873392776
13307.00791078806,13.860500803217292,473.12742707692087,7532.274429528043
13307.40039649792,13.861700605601072,473.4066804423928,7532.274429528043
13311.25144033879,13.861700605601072,473.4066804423928,7535.222458552569
13311.420332795009,13.86282073520124,473.5666203480214,7535.222458552569
13315.284949243069,13.86282073520124,473.5666203480214,7538.15996306017
13319.16470067203,13.867651913315058,474.0022481121123,7538.15996306017
13322.868670964614,13.867651913315058,474.0022481121123,7541.085373137146
13322.971291739494,13.868868505582213,474.07234012521803,7541.085373137146
13326.17627196759,13.868868505582213,474.07234012521803,7543.30609247461
13326.757442517206,13.870099026709795,474.64441546984017,7543.30609247461
13331.31522239931,13.870099026709795,474.64441546984017,7546.3760415017605
13331.762370683253,13.871377097442746,475.00620668567717,7546.3760415017605
13336.137406077236,13.871377097442746,475.00620668567717,7549.466651596129
13339.774335002527,13.886584224179387,475.1735014170408,7549.466651596129
13342.6771283485,13.886584224179387,475.1735014170408,7551.156482079998
13342.989444803447,13.887797106057405,475.471045082435,7551.156482079998
13348.022507900372,13.887797106057405,475.471045082435,7554.581586418673
13348.694067113101,13.888981308788061,475.99016879685223,7554.581586418673
13355.487871643156,13.888981308788061,475.99016879685223,7559.6271979976445
13356.040048027411,13.890131847932935,476.46823063120246,7559.6271979976445
13359.785285567865,13.890131847932935,476.46823063120246,7562.083025807515
13362.642796950415,13.89454154856503,476.85387630201876,7562.083025807515
13368.519363619387,13.89454154856503,476.85387630201876,7566.541696820408
13369.059313694015,13.895739478990436,477.360720442608,7566.541696820408
13371.157866643742,13.895739478990436,477.360720442608,7568.389853088185
13371.727704359218,13.896937020123005,477.8558648824692,7568.389853088185
13375.950006520376,13.896937020123005,477.8558648824692,7571.068351440132
13376.466512007639,13.898075690492988,478.3179814312607,7571.068351440132
13382.037878412753,13.898075690492988,478.3179814312607,7575.4487498831
13384.827672759071,13.941716574132442,478.6537086945027,7575.4487498831
13388.502704067156,13.941716574132442,478.6537086945027,7578.009273795411
13389.027462976053,13.942975116893649,479.1472958549857,7578.009273795411
13393.320608664304,13.942975116893649,479.1472958549857,7580.765583906323
13393.867028605193,13.944103837013245,479.62745021283627,7580.765583906323
13396.533126140013,13.944103837013245,479.62745021283627,7582.716782324016
13397.161539532244,13.945277601480484,480.1628375276923,7582.716782324016
13399.996171690524,13.945277601480484,480.1628375276923,7584.434441467747
13403.140538720414,13.994818951934576,480.61965471319854,7584.434441467747
13406.733536155894,13.994818951934576,480.61965471319854,7586.2054058704525
13407.15243653953,13.99599214270711,480.9408794939518,7586.2054058704525
13412.802135847509,13.99599214270711,480.9408794939518,7591.113651217893
13413.228137444705,13.997148733586073,481.30277454294264,7591.113651217893
13416.289348764345,13.997148733586073,481.30277454294264,7593.831541148946
13416.715475251898,13.998437456786633,481.6581686027348,7593.831541148946
13422.082400044426,13.998437456786633,481.6581686027348,7598.866783581674
13424.624682603404,14.02319628559053,482.0407507773489,7598.866783581674
13430.77368074283,14.02319628559053,482.0407507773489,7603.619973061606
13431.38829051517,14.02438279800117,482.5422962382436,7603.619973061606
13436.941743679345,14.02438279800117,482.5422962382436,7607.796928655356
13437.461090611294,14.025558667257428,483.03685918077826,7607.796928655356
13443.227251127362,14.025558667257428,483.03685918077826,7611.947421953082
13443.764658920467,14.026747139170766,483.4883522707969,7611.947421953082
13449.518416121602,14.026747139170766,483.4883522707969,7616.3546134494245
13452.67720863223,14.031233130022883,483.74057888798416,7616.3546134494245
13456.420920176432,14.031233130022883,483.74057888798416,7618.909003356472
13456.934253862128,14.032458882778883,484.1008998285979,7618.909003356472
13459.421966480091,14.032458882778883,484.1008998285979,7620.911218324676
13459.652631333098,14.033792717382312,484.2998728360981,7620.911218324676
13465.474674068391,14.033792717382312,484.2998728360981,7624.436938049272
13465.808543710038,14.03500392101705,484.50766508467495,7624.436938049272
13468.642778011039,14.03500392101705,484.50766508467495,7626.071838891134
13471.477009216323,14.039359359070659,484.5961197949946,7626.071838891134
13472.974500140175,14.039359359070659,484.5961197949946,7627.092419441789
13473.633488174528,14.040595524013042,485.0048021171242,7627.092419441789
13477.15321125649,14.040595524013042,485.0048021171242,7629.469737416133
13477.439323917031,14.0417569745332,485.24892223626375,7629.469737416133
13481.413487276062,14.0417569745332,485.24892223626375,7631.592109516263
13481.963125772774,14.042930036783218,485.7725764308125,7631.592109516263
13486.347218856215,14.042930036783218,485.7725764308125,7634.3697835262865
13489.926661148667,14.04751399718225,486.0224989056587,7634.3697835262865
13492.996743008494,14.04751399718225,486.0224989056587,7636.420683018863
13493.538940897211,14.048945652320981,486.3212649989873,7636.420683018863
13497.561789987609,14.048945652320981,486.3212649989873,7639.423670178279
13497.884727971628,14.05008670501411,486.57850145734847,7639.423670178279
13499.082847353071,14.05008670501411,486.57850145734847,7639.85190708749
13499.653928991407,14.051318736746907,487.0250071492046,7639.85190708749
13502.463929632679,14.051318736746907,487.0250071492046,7642.008144166321
13506.313990991563,14.0557461977005,487.28863692469895,7642.008144166321
13507.70029460825,14.0557461977005,487.28863692469895,7642.953429918736
13508.05643581599,14.056973008438945,487.5208157468587,7642.953429918736
13511.626976091415,14.056973008438945,487.5208157468587,7645.381013756618
13512.284542374313,14.058119900524616,487.9778578411788,7645.381013756618
13517.64608991146,14.058119900524616,487.9778578411788,7649.60393916443
13517.860607443377,14.059403782710433,488.17963743396103,7649.60393916443
13521.533176731318,14.059403782710433,488.17963743396103,7652.490664476529
13525.081224983558,14.098362876102328,488.33751371875405,7652.490664476529
13526.349438833073,14.098362876102328,488.33751371875405,7653.537393039092
13526.517827827483,14.0996013879776,488.4680007118732,7653.537393039092
13528.076476439834,14.0996013879776,488.4680007118732,7654.826791303232
13528.484799068421,14.10082283243537,488.65979957021773,7654.826791303232
13531.426441112533,14.10082283243537,488.65979957021773,7657.03117791377
13531.900622237474,14.102173276245594,489.062177689746,7657.03117791377
13533.741731271148,14.102173276245594,489.062177689746,7658.588896429166
13537.63127509132,14.140723798424006,489.7122773658484,7658.588896429166
13540.155703485012,14.140723798424006,489.7122773658484,7659.622633446008
13540.762306142598,14.141904950141907,490.1634071227163,7659.622633446008
13546.20395581238,14.141904950141907,490.1634071227163,7664.344138935208
13546.82182045281,14.143168302252889,490.6520031020045,7664.344138935208
13549.770636720583,14.143168302252889,490.6520031020045,7666.79616099596
13550.141547927633,14.144366674125195,490.95539080165327,7666.79616099596
13557.235578466207,14.144366674125195,490.95539080165327,7671.9598397910595
13559.9499930311,14.14892452582717,491.070298332721,7671.9598397910595
13565.916285315529,14.14892452582717,491.070298332721,7677.174222916365
13566.061881126836,14.150614058598876,491.20332373306155,7677.174222916365
13573.61845328845,14.150614058598876,491.20332373306155,7682.432386249304
13573.839981870726,14.151812430471182,491.3569580577314,7682.432386249304
13576.403369102627,14.151812430471182,491.3569580577314,7684.69624662213
13577.06346734427,14.152958879247308,491.9145644325763,7684.69624662213
13579.271801115945,14.152958879247308,491.9145644325763,7686.093611750752
13581.628017570823,14.157394107431173,492.3214918952435,7686.093611750752
13584.55660369061,14.157394107431173,492.3214918952435,7688.688354399055
13584.675836630166,14.160076007246971,492.42089456506073,7688.688354399055
13587.201821943745,14.160076007246971,492.42089456506073,7690.716961583123
13587.672090280801,14.161243399605155,492.8806205820292,7690.716961583123
13592.715001346543,14.161243399605155,492.8806205820292,7694.316418321803
13593.24554909207,14.162439592182636,493.310293501243,7694.316418321803
13599.048103580251,14.162439592182636,493.310293501243,7699.179448805749
13601.710888817906,14.167026130482554,493.5450904350728,7699.179448805749
13607.865480100736,14.167026130482554,493.5450904350728,7703.787367189303
13608.220811035484,14.168212089687586,493.81215625442564,7703.787367189303
13612.646694179624,14.168212089687586,493.81215625442564,7706.810123927891
13613.229891691357,14.176236718893051,494.31765372492373,7706.810123927891
13619.150916928425,14.176236718893051,494.31765372492373,7711.349201783538
13619.721395142376,14.177460519596934,494.80345550738275,7711.349201783538
13625.639022447169,14.177460519596934,494.80345550738275,7715.865683909506
13628.110252676532,14.182063801214099,494.94539440982044,7715.865683909506
13632.870504992083,14.182063801214099,494.94539440982044,7719.82837529853
13633.381917208433,14.183329444378614,495.36307118088007,7719.82837529853
13639.13888302818,14.183329444378614,495.36307118088007,7724.660360202193
13639.747224370018,14.184567715972662,495.80204486101866,7724.660360202193
13645.12382248044,14.184567715972662,495.80204486101866,7728.48888178356
13645.528312211856,14.185790374875069,496.1782580073923,7728.48888178356
13648.942772787064,14.185790374875069,496.1782580073923,7731.345889965072
13652.014363005757,14.222271125763655,496.30479053221643,7731.345889965072
13655.634267384186,14.222271125763655,496.30479053221643,7734.433142976835
13656.037513313815,14.225236197933555,496.65027472004294,7734.433142976835
13659.682711523026,14.225236197933555,496.65027472004294,7736.867352794856
13659.87661005184,14.22650603018701,496.7032071426511,7736.867352794856
13662.41160725616,14.22650603018701,496.7032071426511,7738.120818162337
13662.617008823901,14.227814054116607,496.7281325738877,7738.120818162337
13665.43382662721,14.227814054116607,496.7281325738877,7739.757733108476
13669.535681532696,14.23238025791943,496.9100739173591,7739.757733108476
13672.564175579697,14.23238025791943,496.9100739173591,7742.3792671486735
13672.61201139167,14.233544690534472,496.95016412623227,7742.3792671486735
13674.337284406647,14.233544690534472,496.95016412623227,7743.061094749719
13674.94024277106,14.234733242541552,497.3470850009471,7743.061094749719
13676.508322866634,14.234733242541552,497.3470850009471,7744.092685237527
13676.690388269722,14.236052306368947,497.4074972383678,7744.092685237527
13679.230854416266,14.236052306368947,497.4074972383678,7745.5379992462695
13683.21582644619,14.268678490072489,497.8166884947568,7745.5379992462695
13686.015489399433,14.268678490072489,497.8166884947568,7747.603874053806
13686.695471227169,14.270001344382763,498.23719435185194,7747.603874053806
13692.337877413258,14.270001344382763,498.23719435185194,7752.0260901954025
13692.762697095051,14.271185845136642,498.61348156258464,7752.0260901954025
13695.709318248555,14.271185845136642,498.61348156258464,7754.532013267279
13696.062771013007,14.272383136674762,498.81813003122807,7754.532013267279
13698.070437064394,14.272383136674762,498.81813003122807,7755.81518669799
13701.935359224677,14.33087045699358,499.04258485883474,7755.81518669799
13703.131328536198,14.33087045699358,499.04258485883474,7756.614628750831
13703.326471228153,14.332130508497357,499.06695514172316,7756.614628750831
13705.364818787202,14.332130508497357,499.06695514172316,7757.404223704711
13705.44906345196,14.333322549238801,499.1085083466023,7757.404223704711
13708.158617828041,14.333322549238801,499.1085083466023,7759.106447903439
13708.856515556574,14.33461294323206,499.64036133885384,7759.106447903439
13712.460705980659,14.33461294323206,499.64036133885384,7761.738826068118
13715.76574011147,14.365085419267416,499.8210911396891,7761.738826068118
13717.718656515703,14.365085419267416,499.8210911396891,7762.9819780718535
13717.934584695846,14.366396902129054,499.95359036140144,7762.9819780718535
13722.074095331132,14.366396902129054,499.95359036140144,7766.388837896287
13722.7203218285,14.36755683273077,500.5706584658474,7766.388837896287
13724.949344260618,14.36755683273077,500.5706584658474,7766.827542632818
13725.653411500156,14.368980908766389,501.11763520538807,7766.827542632818
13728.713386379182,14.368980908766389,501.11763520538807,7768.321962200105
13733.303031992167,14.376459263265133,501.5688702724874,7768.321962200105
13735.616768520325,14.376459263265133,501.5688702724874,7770.064903223887
13735.890307920054,14.377754358574748,501.7480473257601,7770.064903223887
13739.81387844868,14.377754358574748,501.7480473257601,7773.1596245002
13740.016503835097,14.390840377658606,501.89554281160235,7773.1596245002
13742.711659107357,14.390840377658606,501.89554281160235,7774.441211985424
13743.044680051506,14.39211479946971,502.18973107635975,7774.441211985424
13745.908201958984,14.39211479946971,502.18973107635975,7776.199222685769
13749.2511347197,14.416752586141229,502.6411064043641,7776.199222685769
13752.895451463759,14.416752586141229,502.6411064043641,7779.072094423696
13753.499740097672,14.417947977781296,503.1293371822685,7779.072094423696
13755.368499964476,14.417947977781296,503.1293371822685,7780.406687123701
13755.505699912086,14.419081898406148,503.25843730196357,7780.406687123701
13758.96562855132,14.419081898406148,503.25843730196357,7782.044046707451
13759.736499307677,14.420382710173726,503.70926529355347,7782.044046707451
13762.77739302069,14.420382710173726,503.70926529355347,7783.896057069302
13766.438156247139,14.424720050767064,503.7612152285874,7783.896057069302
13767.94349678792,14.424720050767064,503.7612152285874,7784.515763953328
13768.043766524643,14.425809079781175,503.8368473444134,7784.515763953328
13769.354361228645,14.425809079781175,503.8368473444134,7785.179348906502
13769.495375076309,14.426940120756626,503.9620827753097,7785.179348906502
13772.85070817545,14.426940120756626,503.9620827753097,7787.333865785971
13773.418941112235,14.428204711526632,504.36878015100956,7787.333865785971
13776.807540867478,14.428204711526632,504.36878015100956,7789.608515165746
13782.099444609135,14.432712325826287,504.5495751928538,7789.608515165746
13784.666868763044,14.432712325826287,504.5495751928538,7791.378252802417
13784.86350594461,14.433862555772066,504.6918150316924,7791.378252802417
13786.13677223958,14.433862555772066,504.6918150316924,7791.810703415424
13786.515515228733,14.435224950313568,504.84638014808297,7791.810703415424
13789.990984436125,14.435224950313568,504.84638014808297,7793.902407322079
13790.618840808049,14.436508873477578,505.070273835212,7793.902407322079
13792.528415083885,14.436508873477578,505.070273835212,7794.586144361645
13796.648629503325,14.441064650192857,505.50446033105254,7794.586144361645
13799.456872303039,14.441064650192857,505.50446033105254,7796.663296379149
13800.01000755839,14.44230298511684,505.9248272739351,7796.663296379149
13803.015916107222,14.44230298511684,505.9248272739351,7798.739328105003
13803.063509795815,14.447585681453347,505.9583809170872,7798.739328105003
13805.53965192847,14.447585681453347,505.9583809170872,7800.326178053394
13806.117457631975,14.452202705666423,506.4366524964571,7800.326178053394
13812.410910451785,14.452202705666423,506.4366524964571,7804.246177341789
13815.473583979532,14.461236199364066,506.5837328247726,7804.246177341789
13819.502546664327,14.461236199364066,506.5837328247726,7807.474996494129
13819.903239760548,14.462406799197197,506.9671318270266,7807.474996494129
13823.58398014307,14.462406799197197,506.9671318270266,7810.020872751251
13823.684066327289,14.463508838787675,507.05074458010495,7810.020872751251
13826.438759345561,14.463508838787675,507.05074458010495,7811.642414603382
13826.671464603394,14.46474751085043,507.1895622070879,7811.642414603382
13832.209142867476,14.46474751085043,507.1895622070879,7816.65263653174
13835.299218576401,14.469307063147426,507.3944948595017,7816.65263653174
13837.802723491564,14.469307063147426,507.3944948595017,7818.197368904948
13837.998310653493,14.470526542514563,507.5480837672949,7818.197368904948
13840.16210993193,14.470526542514563,507.5480837672949,7819.836893055588
13840.524974741042,14.471769105643034,507.87367034703493,7819.836893055588
13844.374661456794,14.471769105643034,507.87367034703493,7822.519541166723
13844.662748191506,14.47292941622436,508.12851876579225,7822.519541166723
13848.518714031205,14.47292941622436,508.12851876579225,7825.537186915055
13851.145878244191,14.502537086606026,508.2369859125465,7825.537186915055
13854.570194222033,14.502537086606026,508.2369859125465,7828.307689515874
13854.960644831881,14.503773858770728,508.3980274256319,7828.307689515874
13856.846696035936,14.503773858770728,508.3980274256319,7829.294371435419
13857.329413015395,14.5049255695194,508.6259869262576,7829.294371435419
13861.12552482821,14.5049255695194,508.6259869262576,7831.539429858327
13861.55455440469,14.506177773699164,508.949332613498,7831.539429858327
13865.467052835971,14.506177773699164,508.949332613498,7834.634770816192
13867.824086636305,14.51065518334508,509.29303083382547,7834.634770816192
13870.677782204002,14.51065518334508,509.29303083382547,7836.6906582619995
13870.922092724591,14.51183969527483,509.50617520697415,7836.6906582619995
13876.009851185605,14.51183969527483,509.50617520697415,7840.210903722793
13876.504807651043,14.513003276661038,509.93894642964005,7840.210903722793
13880.451535159722,14.513003276661038,509.93894642964005,7843.189288282767
13880.815556632355,14.514216851443052,510.17096766643226,7843.189288282767
13884.004005398601,14.514216851443052,510.17096766643226,7845.284181902185
13886.920762848109,14.523153053596616,510.25499087385833,7845.284181902185
13889.948884075508,14.523153053596616,510.25499087385833,7847.436325641349
13890.31022659503,14.524490926414728,510.5518229827285,7847.436325641349
13892.157636867836,14.524490926414728,510.5518229827285,7848.599566649646
13892.506769098341,14.525829710066319,510.78311530686915,7848.599566649646
13896.420431988314,14.525829710066319,510.78311530686915,7851.247065704316
13896.599211303517,14.527030112221837,510.93219647184014,7851.247065704316
13898.98162318021,14.527030112221837,510.93219647184014,7852.7167108710855
13902.554386399686,14.531402815133333,511.304570293054,7852.7167108710855
13906.549084708095,14.531402815133333,511.304570293054,7856.225881095976
13906.891553195193,14.532604554668069,511.51717032678425,7856.225881095976
13908.441359547898,14.532604554668069,511.51717032678425,7857.251778252423
13908.760608691722,14.533801106736064,511.76828039996326,7857.251778252423
13911.562990432605,14.533801106736064,511.76828039996326,7859.395730666816
13911.958624137565,14.534948827698827,512.1127043738961,7859.395730666816
13914.168553525582,14.534948827698827,512.1127043738961,7860.8375814035535
13919.471228525043,14.53925989754498,512.3687657807022,7860.8375814035535
13923.32177652046,14.53925989754498,512.3687657807022,7863.561814583838
13923.788299439475,14.540534660220146,512.7767773717642,7863.561814583838
13926.574724899605,14.540534660220146,512.7767773717642,7865.030468616635
13926.81687887013,14.541694611310959,512.9989314880222,7865.030468616635
13929.824561700225,14.541694611310959,512.9989314880222,7866.608223548159
13930.039012797177,14.542875492945313,513.1866210382432,7866.608223548159
13932.868138115853,14.542875492945313,513.1866210382432,7868.381828036159
13935.109621290118,14.555589703842998,513.3275123070925,7868.381828036159
13940.042088875547,14.555589703842998,513.3275123070925,7872.057929005474
13940.265330983326,14.556811586022377,513.5172572135925,7872.057929005474
13942.403701748699,14.556811586022377,513.5172572135925,7873.783293519169
13942.67812843807,14.55803888849914,513.7711420599371,7873.783293519169
13943.598746387288,14.55803888849914,513.7711420599371,7874.4744637310505
13943.648490725085,14.559230687096715,513.8026434239,7874.4744637310505
13944.16296065785,14.559230687096715,513.8026434239,7874.836028108373
13944.692219309509,14.563645619899035,513.8254419602454,7874.836028108373
13945.269478885457,14.563645619899035,513.8254419602454,7875.201989907771
13945.322099315003,14.566340498626232,513.8607713915408,7875.201989907771
13945.893952071667,14.566340498626232,513.8607713915408,7875.584266131744
13945.92948409915,14.567500498145819,513.8886762782931,7875.584266131744
13946.405137984082,14.567500498145819,513.8886762782931,7875.910629848018
13946.44251736626,14.568647159263492,513.9187479559332,7875.910629848018
13947.099837092683,14.568647159263492,513.9187479559332,7876.285253062844
13947.762651186436,14.57327857427299,513.9710679072887,7876.285253062844
13948.3039849177,14.57327857427299,513.9710679072887,7876.699770694599
13948.346447421238,14.574434513226151,514.0030618105084,7876.699770694599
13948.891819488257,14.574434513226151,514.0030618105084,7877.057253789157
13948.966730201617,14.575599383562803,514.0564241129905,7877.057253789157
13949.407263096422,14.575599383562803,514.0564241129905,7877.353703631088
13949.44098813273,14.576722603291273,514.083064828068,7877.353703631088
13949.967181388289,14.576722603291273,514.083064828068,7877.708465853706
13950.41921791248,14.581657046452165,514.1157594844699,7877.708465853706
13951.039240257815,14.581657046452165,514.1157594844699,7878.003784712404
13951.074498111382,14.582877408713102,514.1402907297015,7878.003784712404
13951.654108680785,14.582877408713102,514.1402907297015,7878.3762428388
13951.719829095528,14.584222162142396,514.194221271202,7878.3762428388
13952.253054099157,14.584222162142396,514.194221271202,7878.687913445756
13952.292155744508,14.585425902158022,514.2181801367551,7878.687913445756
13952.845543675125,14.585425902158022,514.2181801367551,7879.1035038959235
13953.354342315346,14.589883683249354,514.2513995002955,7879.1035038959235
13954.112500555813,14.589883683249354,514.2513995002955,7879.5987927392125
13954.196646688506,14.591016815975308,514.3111850097775,7879.5987927392125
13954.926296981052,14.591016815975308,514.3111850097775,7880.0922459270805
13954.965143209323,14.59226500056684,514.3350614644587,7880.0922459270805
13955.751193171367,14.59226500056684,514.3350614644587,7880.552371270955
13955.847865521908,14.59344670176506,514.4022931884974,7880.552371270955
13956.39670626074,14.59344670176506,514.4022931884974,7880.928009206429
13957.124697292224,14.5978591311723,514.4688040409237,7880.928009206429
13958.164780471474,14.5978591311723,514.4688040409237,7881.6083309631795
13958.328104555607,14.599267564713955,514.5729236695915,7881.6083309631795
13958.961531028152,14.599267564713955,514.5729236695915,7882.036636447534
13959.001641867682,14.600495995953679,514.6054445039481,7882.036636447534
13959.81509012729,14.600495995953679,514.6054445039481,7882.48015990667
13959.85876228474,14.60163658671081,514.641769817099,7882.48015990667
13960.791399883106,14.60163658671081,514.641769817099,7883.082116585225
13961.612300580367,14.606180710718036,514.6994022075087,7883.082116585225
13962.200637187809,14.606180710718036,514.6994022075087,7883.438269712031
13962.276467509568,14.607455095276237,514.7529136817902,7883.438269712031
13962.94294465147,14.607455095276237,514.7529136817902,7883.9026748444885
13962.998245887458,14.614633187651634,514.7888317778707,7883.9026748444885
13963.92696550861,14.614633187651634,514.7888317778707,7884.4453068804
13963.991405552253,14.615896539762616,514.8404694404453,7884.4453068804
13964.874272035435,14.615896539762616,514.8404694404453,7884.836287783459
13965.822188556194,14.62031569890678,514.8880181070417,7884.836287783459
13966.710058171302,14.62031569890678,514.8880181070417,7885.283629763871
13966.772572871298,14.621511740610003,514.9295100420713,7885.283629763871
13967.622626839206,14.621511740610003,514.9295100420713,7885.8023977950215
13967.663236819208,14.622549859806895,514.9590294379741,7885.8023977950215
13968.374705020338,14.622549859806895,514.9590294379741,7886.225809298456
13968.416641313583,14.623709041625261,514.9878300037235,7886.225809298456
13969.277326423675,14.623709041625261,514.9878300037235,7886.824705356732
13970.112044662237,14.62810013256967,515.0608464535326,7886.824705356732
13971.007718589157,14.62810013256967,515.0608464535326,7887.444182602689
13971.102099910378,14.629295814782381,515.1404716242105,7887.444182602689
13971.7891205661,14.629295814782381,515.1404716242105,7887.953206926584
13971.852417288348,14.630507806316018,515.1847369596362,7887.953206926584
13972.698255360126,14.630507806316018,515.1847369596362,7888.57543746382
13972.788454791531,14.631699608638883,515.2557056024671,7888.57543746382
13973.457798428833,14.631699608638883,515.2557056024671,7888.909729205072
13974.406787727028,14.636191992089152,515.2971972115338,7888.909729205072
13975.249240284786,14.636191992089152,515.2971972115338,7889.391039595008
13975.348228167742,14.637377945706248,515.3673096112907,7889.391039595008
13976.260431258008,14.637377945706248,515.3673096112907,7889.870034322143
13976.312525715679,14.638538466766477,515.4046246819198,7889.870034322143
13976.968218252063,14.638538466766477,515.4046246819198,7890.2922942861915
13977.029236275703,14.63972556963563,515.4497972447425,7890.2922942861915
13978.012800404802,14.63972556963563,515.4497972447425,7890.789472222328
13978.566665204242,14.644165901467204,515.4812394976616,7890.789472222328
13979.320410398766,14.644165901467204,515.4812394976616,7891.318841047585
13979.413466703147,14.645531926304102,515.5313493516296,7891.318841047585
13980.078428277746,14.645531926304102,515.5313493516296,7891.7857825327665
13980.15343716368,14.64678905904293,515.5749432966113,7891.7857825327665
13980.7865724992,14.64678905904293,515.5749432966113,7892.238427530974
13980.83160723932,14.648056671023369,515.6119244489819,7892.238427530974
13981.733833277598,14.648056671023369,515.6119244489819,7892.783940240741
13983.461935251951,14.652602523565292,515.6619354784489,7892.783940240741
13984.189720531926,14.652602523565292,515.6619354784489,7893.13820323348
13984.288929667324,14.653845936059952,515.7390265036374,7893.13820323348
13985.040569944307,14.653845936059952,515.7390265036374,7893.586196074262
13985.123324280605,14.655103737488389,515.7994450032711,7893.586196074262
13985.970976455137,14.655103737488389,515.7994450032711,7894.12629179284
13986.119059164077,14.656401351094246,515.8423670865595,7894.12629179284
13986.80454867147,14.656401351094246,515.8423670865595,7894.627590985969
13987.358680298552,14.663938399404287,515.8879321459681,7894.627590985969
13988.055362451822,14.663938399404287,515.8879321459681,7895.100549723953
13988.100192787126,14.665162090212107,515.9173012729734,7895.100549723953
13989.008165590465,14.665162090212107,515.9173012729734,7895.771060468629
13989.075615560636,14.666404742747545,515.9689641352743,7895.771060468629
13989.893209615722,14.666404742747545,515.9689641352743,7896.218296356499
13989.956351125613,14.667656157165766,516.0154185406864,7896.218296356499
13990.659022707492,14.667656157165766,516.0154185406864,7896.686247812584
13991.267018176615,14.672275099903345,516.0616514403373,7896.686247812584
13991.873558115214,14.672275099903345,516.0616514403373,7897.07412020117
13991.94361846149,14.673493972048163,516.1224438082427,7897.07412020117
13992.64371269755,14.673493972048163,516.1224438082427,7897.502828814089
13992.689754087478,14.674720972776413,516.1555823422968,7897.502828814089
13993.630068520084,14.674720972776413,516.1555823422968,7898.133517464623
13993.693703697994,14.675955085083842,516.2078596949577,7898.133517464623
13994.306359732524,14.675955085083842,516.2078596949577,7898.554496124387
13995.055546971038,14.680364426225424,516.2546130865812,7898.554496124387
13995.935407331213,14.680364426225424,516.2546130865812,7899.078339679167
13995.975971439853,14.681558448821306,516.2870764769614,7899.078339679167
13996.782167807221,14.681558448821306,516.2870764769614,7899.6454621218145
13996.837496707216,14.683018093928695,516.3203862849623,7899.6454621218145
13997.613957533613,14.683018093928695,516.3203862849623,7900.106707107276
13997.664017476141,14.684551022946835,516.3590338025242,7900.106707107276
13998.473214080557,14.684551022946835,516.3590338025242,7900.5926823839545
13998.96421232447,14.689074136316776,516.3932717144489,7900.5926823839545
13999.711025841534,14.689074136316776,516.3932717144489,7901.064863586798
13999.782919479534,14.690336879342794,516.4513316825032,7901.064863586798
14000.496749507263,14.690336879342794,516.4513316825032,7901.537456318736
14000.554300656542,14.691578604280949,516.4982414785773,7901.537456318736
14001.164769999683,14.691578604280949,516.4982414785773,7902.017254751176
14001.274865433574,14.692939840257168,516.5816618781537,7902.017254751176
14001.983234880492,14.692939840257168,516.5816618781537,7902.539709301665
14002.622949596494,14.69744043238461,516.6379527840763,7902.539709301665
14003.406560171396,14.69744043238461,516.6379527840763,7903.021248694509
14003.462567673996,14.698680352419615,516.6803639363497,7903.021248694509
14004.074336510152,14.698680352419615,516.6803639363497,7903.409421926364
14004.119341410697,14.699872063472867,516.7148130647838,7903.409421926364
14004.89649171941,14.699872063472867,516.7148130647838,7904.002432569861
14004.966563107446,14.701901061460376,516.7566060945392,7904.002432569861
14005.606675440446,14.701901061460376,516.7566060945392,7904.40013942495
14006.14631640166,14.706518486142159,516.8400225155056,7904.40013942495
14006.850160235539,14.706518486142159,516.8400225155056,7904.919722029939
14006.918143214658,14.707839459180832,516.8916850741953,7904.919722029939
14007.521746261045,14.707839459180832,516.8916850741953,7905.331293640658
14007.618272239342,14.709065303206444,516.9631469864398,7905.331293640658
14008.409884274006,14.709065303206444,516.9631469864398,7905.880778532475
14008.449612528086,14.7112154699862,516.993117781356,7905.880778532475
14008.910420114174,14.7112154699862,516.993117781356,7906.202632356435
14009.558305677027,14.716481134295464,517.0812636874616,7906.202632356435
14010.408150484785,14.716481134295464,517.0812636874616,7906.761425789446
14010.467544823885,14.718246417120099,517.1258038394153,7906.761425789446
14011.151292663068,14.718246417120099,517.1258038394153,7907.178619818762
14011.24812785536,14.725236225873232,517.1998493876308,7907.178619818762
14011.955087218434,14.725236225873232,517.1998493876308,7907.62372857891
14012.061362423003,14.7265255600214,517.2831751964986,7907.62372857891
14012.84194707498,14.7265255600214,517.2831751964986,7908.130312638357
14013.41540242359,14.730991311371326,517.3199051767588,7908.130312638357
14014.06346449256,14.730991311371326,517.3199051767588,7908.590460030362
14014.118544636294,14.732306795194745,517.3620934151113,7908.590460030362
14014.71507315524,14.732306795194745,517.3620934151113,7908.960763197392
14014.773759743199,14.733495984226465,517.4131704661995,7908.960763197392
14015.545496415347,14.733495984226465,517.4131704661995,7909.474901974201
14015.589136140421,14.734728846699,517.4484580680728,7909.474901974201
14016.219506995752,14.734728846699,517.4484580680728,7909.835347279906
14017.772730268538,14.739884050562978,517.4909379649907,7909.835347279906
14018.574527215213,14.739884050562978,517.4909379649907,7910.194482371211
14018.613781992346,14.741079622879624,517.5190883297473,7910.194482371211
14019.679121822119,14.741079622879624,517.5190883297473,7910.5226580016315
14019.84953379631,14.742508947849274,517.5495788957924,7910.5226580016315
14020.395514756441,14.742508947849274,517.5495788957924,7910.890579085797
14020.444514967501,14.743750121444464,517.5791549161077,7910.890579085797
14021.197093969211,14.743750121444464,517.5791549161077,7911.21113691479
14022.60318597965,14.748226979747415,517.6521083693951,7911.21113691479
14023.434704331681,14.748226979747415,517.6521083693951,7911.621798474342
14023.516923347488,14.749485492706299,517.7169278282672,7911.621798474342
14024.605375632644,14.749485492706299,517.7169278282672,7912.083508094773
14024.65898689814,14.750772526487708,517.7540092971176,7912.083508094773
14025.39135912247,14.750772526487708,517.7540092971176,7912.475895514712
14025.453526735306,14.752033459022641,517.798440888524,7912.475895514712
14026.307564176619,14.752033459022641,517.798440888524,7912.867279807106
14029.238081691787,14.756436079740524,517.8268886767328,7912.867279807106
14029.720508461818,14.756436079740524,517.8268886767328,7913.159952012822
14029.785814641044,14.757698064669967,517.8830353002995,7913.159952012822
14030.509417235851,14.757698064669967,517.8830353002995,7913.473369171843
14030.616358246654,14.758954199030995,517.9651098847389,7913.473369171843
14031.274161072448,14.758954199030995,517.9651098847389,7913.809150302783
14031.335540559143,14.760141231119633,518.0138160921633,7913.809150302783
14032.023887261748,14.760141231119633,518.0138160921633,7914.2664942368865
14033.073043087497,14.76446489058435,518.0752359218895,7914.2664942368865
14034.543327447027,14.76446489058435,518.0752359218895,7914.780199576169
14034.841893179342,14.765762206166983,518.119401967153,7914.780199576169
14035.758186893538,14.765762206166983,518.119401967153,7915.273444043472
14035.987522391602,14.767060158774257,518.184427941218,7915.273444043472
14037.476645948365,14.767060158774257,518.184427941218,7915.694410795346
14037.559849664569,14.768334541469812,518.2357910182327,7915.694410795346
14038.16585224308,14.768334541469812,518.2357910182327,7916.016691474244
14039.40492013283,14.772730521857738,518.287569494918,7916.016691474244
14040.099233483896,14.772730521857738,518.287569494918,7916.419010806829
14040.199623731896,14.774011285975575,518.3644390571862,7916.419010806829
14041.02873812057,14.774011285975575,518.3644390571862,7916.857373965904
14041.06596245803,14.77534393966198,518.3929229564965,7916.857373965904
14041.976060820743,14.77534393966198,518.3929229564965,7917.192779386416
14042.073927754536,14.787761982530355,518.4705372340977,7917.192779386416
14043.157052299008,14.787761982530355,518.4705372340977,7917.5401307456195
14044.94969593361,14.792305428534746,518.5197558030486,7917.5401307456195
14045.734837939963,14.792305428534746,518.5197558030486,7917.979668626562
14045.802782179788,14.793515913188457,518.5798488073051,7917.979668626562
14046.801261801273,14.793515913188457,518.5798488073051,7918.379843719304
14046.89970988594,14.79475318826735,518.6651398632675,7918.379843719304
14047.628571208566,14.79475318826735,518.6651398632675,7918.78407924436
14047.686449831352,14.796082254499197,518.709988469258,7918.78407924436
14048.398768851534,14.796082254499197,518.709988469258,7919.2513583377
14049.412437912077,14.801122082397342,518.779814010486,7919.2513583377
14049.913356147707,14.801122082397342,518.779814010486,7919.5390012301505
14050.000677170232,14.802378563210368,518.8589743040502,7919.5390012301505
14050.709207931533,14.802378563210368,518.8589743040502,7919.923271549866
14050.847354298458,14.803743366152048,518.9482358004898,7919.923271549866
14051.40466203168,14.803743366152048,518.9482358004898,7920.220759371296
14051.445051327348,14.804926328361034,518.9770358931273,7920.220759371296
14052.463776702061,14.804926328361034,518.9770358931273,7920.691442167386
14053.742039233446,14.809440350160003,519.0334948636591,7920.691442167386
14054.573067005724,14.809440350160003,519.0334948636591,7921.153887014836
14054.690663328394,14.810658913105726,519.1081279646605,7921.153887014836
14055.364634720609,14.810658913105726,519.1081279646605,7921.604563765228
14055.421458855271,14.811886105686426,519.153697874397,7921.604563765228
14056.151622459292,14.811886105686426,519.153697874397,7921.971197515726
14056.253244962543,14.813180349767208,519.2063044644892,7921.971197515726
14056.963703427464,14.813180349767208,519.2063044644892,7922.264639293775
14058.960112836212,14.817593239247799,519.2653594296426,7922.264639293775
14059.642646091059,14.817593239247799,519.2653594296426,7922.608449326828
14059.69608502835,14.818885004147887,519.310882018879,7922.608449326828
14060.308483805507,14.818885004147887,519.310882018879,7922.930339913815
14060.41047792323,14.820339571684599,519.357742363587,7922.930339913815
14060.99534612149,14.820339571684599,519.357742363587,7923.351748192683
14061.038710381836,14.821588004007936,519.3919545281678,7923.351748192683
14061.974041135982,14.821588004007936,519.3919545281678,7923.866402270272
14063.151330076158,14.826129386201501,519.4664674159139,7923.866402270272
14063.957232303917,14.826129386201501,519.4664674159139,7924.450605163351
14063.993742037565,14.827320657670498,519.495164019987,7924.450605163351
14064.694278651848,14.827320657670498,519.495164019987,7924.874590359628
14064.778210181743,14.828537849709392,519.5634712968022,7924.874590359628
14065.382955832407,14.828537849709392,519.5634712968022,7925.181386539713
14065.467303467914,14.829733401536942,519.6284770611674,7925.181386539713
14066.272788768634,14.829733401536942,519.6284770611674,7925.605545967817
14067.715446164832,14.834234274923801,519.6667634192854,7925.605545967817
14068.397614844143,14.834234274923801,519.6667634192854,7925.947604343295
14068.496838431805,14.835490368306637,519.7437212038785,7925.947604343295
14069.571801882237,14.835490368306637,519.7437212038785,7926.583538500592
14069.687503289431,14.836677450686693,519.8179386071861,7926.583538500592
14070.544792871922,14.836677450686693,519.8179386071861,7927.0870678164065
14070.672790054232,14.838023703545332,519.8805208392441,7927.0870678164065
14071.599365117028,14.838023703545332,519.8805208392441,7927.60185062699
14072.879329051822,14.842582633718848,519.9085059985518,7927.60185062699
14073.600173948333,14.842582633718848,519.9085059985518,7927.953861879185
14073.683687120676,14.845463834702969,519.976390177384,7927.953861879185
14074.419241471216,14.845463834702969,519.976390177384,7928.3358123116195
14074.488431911916,14.846741089597344,520.026561493054,7928.3358123116195
14075.446739215404,14.846741089597344,520.026561493054,7928.845192722976
14075.547159615904,14.847985723987222,520.1036096457392,7928.845192722976
14076.499483307824,14.847985723987222,520.1036096457392,7929.448207654059
14077.852026723325,14.852553637698293,520.1416220776737,7929.448207654059
14078.634559476748,14.852553637698293,520.1416220776737,7929.861998906359
14078.684349341318,14.853811351582408,520.1789307985455,7929.861998906359
14079.729227451608,14.853811351582408,520.1789307985455,7930.246123215184
14079.950940832496,14.855241307988763,520.2277955301106,7930.246123215184
14080.77877599746,14.855241307988763,520.2277955301106,7930.615217501298
14080.904137501493,14.857560919597745,520.3331007771194,7930.615217501298
14081.840654658154,14.857560919597745,520.3331007771194,7931.133122509345
14085.353276815265,14.86208751425147,520.3873858172446,7931.133122509345
14086.090810608119,14.86208751425147,520.3873858172446,7931.4718631040305
14086.154309963807,14.864412847906351,520.4242955688387,7931.4718631040305
14086.964096069336,14.864412847906351,520.4242955688387,7931.859176531434
14087.01836353913,14.865621807053685,520.4631947185844,7931.859176531434
14087.800277087837,14.865621807053685,520.4631947185844,7932.220513315871
14087.88256032765,14.866868359968066,520.5133164301515,7932.220513315871
14088.880493072793,14.866868359968066,520.5133164301515,7932.681717308238
14089.80820058845,14.871435433626175,520.5930761620402,7932.681717308238
14090.86515224725,14.871435433626175,520.5930761620402,7933.105769313872
14090.936313964427,14.872773887589574,520.6382049638778,7933.105769313872
14091.520136514679,14.872773887589574,520.6382049638778,7933.4833659641445
14091.565780036151,14.873992269858718,520.672127513215,7933.4833659641445
14092.172773735598,14.873992269858718,520.672127513215,7933.851618822664
14092.226464016363,14.875243950635195,520.7089122720063,7933.851618822664
14093.195673475042,14.875243950635195,520.7089122720063,7934.149679614231
14094.135669166222,14.879783470183611,520.7928852252662,7934.149679614231
14094.685066498816,14.879783470183611,520.7928852252662,7934.505783041939
14094.76368659921,14.881034290418029,520.8544767890126,7934.505783041939
14095.316710177809,14.881034290418029,520.8544767890126,7934.944802561775
14095.354427943006,14.882175769656897,520.8848483525217,7934.944802561775
14095.90600334853,14.882175769656897,520.8848483525217,7935.272628793493
14095.952576084062,14.883514795452356,520.9170223567635,7935.272628793493
14096.850789623335,14.883514795452356,520.9170223567635,7935.757764853537
14097.514131300151,14.888022245839238,520.9888851866126,7935.757764853537
14098.27815166302,14.888022245839238,520.9888851866126,7936.233602926135
14098.366109216586,14.88927155919373,521.0672110337764,7936.233602926135
14099.097351651639,14.88927155919373,521.0672110337764,7936.567911418155
14099.154008595273,14.890580911189318,521.1097807772458,7936.567911418155
14099.68958164379,14.890580911189318,521.1097807772458,7936.935296462849
14099.769179843366,14.89318710938096,521.1601339317858,7936.935296462849
14100.357499225065,14.89318710938096,521.1601339317858,7937.3205957226455
14100.878060141578,14.897647820413113,521.2229037564248,7937.3205957226455
14101.692168768495,14.897647820413113,521.2229037564248,7937.832606654614
14101.812637904659,14.899190280586481,521.2737756017596,7937.832606654614
14102.412082727998,14.899190280586481,521.2737756017596,7938.2271007131785
14102.502275571227,14.900458861142397,521.3517103530467,7938.2271007131785
14103.298603571951,14.900458861142397,521.3517103530467,7938.745073160157
14103.388846527785,14.901694880798459,521.4317768830806,7938.745073160157
14104.458715504035,14.901694880798459,521.4317768830806,7939.416266292334
14105.996872011572,14.90665121935308,521.5030021108687,7939.416266292334
14107.007311495021,14.90665121935308,521.5030021108687,7939.706959800795
14107.081260753796,14.907932441681623,521.5599920786917,7939.706959800795
14107.82540340349,14.907932441681623,521.5599920786917,7939.990747632459
14107.889754818752,14.9106085896492,521.6077065709978,7939.990747632459
14108.554990880191,14.9106085896492,521.6077065709978,7940.260149544105
14108.598631026223,14.911869782954454,521.6432735100389,7940.260149544105
14109.05063020438,14.911869782954454,521.6432735100389,7940.525364087895
14112.305464228615,14.929219989106059,521.6853112149984,7940.525364087895
14113.281426722184,14.929219989106059,521.6853112149984,7940.972472796217
14113.398944253102,14.93045156262815,521.7566966973245,7940.972472796217
14114.101412015036,14.93045156262815,521.7566966973245,7941.350237119943
14114.149019263685,14.931856416165829,521.7899376451969,7941.350237119943
14114.766812819988,14.931856416165829,521.7899376451969,7941.731799630448
14114.816848123446,14.933053268119693,521.8238689936697,7941.731799630448
14115.39114779979,14.933053268119693,521.8238689936697,7942.062159890309
14116.242014735937,14.937511580064893,521.9019143767655,7942.062159890309
14117.019570913166,14.937511580064893,521.9019143767655,7942.541051408276
14117.074123267084,14.938673000782728,521.9474040772766,7942.541051408276
14117.744671767578,14.938673000782728,521.9474040772766,7942.978593291715
14117.806968584657,14.940068325027823,521.9997440502048,7942.978593291715
14118.71139537543,14.940068325027823,521.9997440502048,7943.559720505029
14118.804351840168,14.94137166813016,522.0737306084484,7943.559720505029
14119.623458275571,14.94137166813016,522.0737306084484,7944.044118594378
14120.338534988463,14.945879003033042,522.117664149031,7944.044118594378
14121.179257748649,14.945879003033042,522.117664149031,7944.451776733622
14121.251533064991,14.94708426296711,522.1733122840524,7944.451776733622
14121.907342007384,14.94708426296711,522.1733122840524,7944.860784817487
14122.003083402291,14.948449557647109,522.2518564257771,7944.860784817487
14122.846812978387,14.948449557647109,522.2518564257771,7945.486429929733
14122.937319047749,14.949736161157489,522.333372252062,7945.486429929733
14123.755238451064,14.949736161157489,522.333372252062,7946.0057560019195
14124.562850672752,14.954361848533154,522.3897290304303,7946.0057560019195
14125.177617853507,14.954361848533154,522.3897290304303,7946.442784925923
14125.22612396814,14.955613581463695,522.429481446743,7946.442784925923
14126.082818020135,14.955613581463695,522.429481446743,7947.050859777257
14126.169193143025,14.956865813583136,522.5079244356602,7947.050859777257
14127.016820620745,14.956865813583136,522.5079244356602,7947.6414683219045
14127.102008624002,14.958065854385495,522.5830688551068,7947.6414683219045
14127.907176727429,14.958065854385495,522.5830688551068,7948.134255321696
14128.492435343564,14.962453732267022,522.6231889743358,7948.134255321696
14129.197779107839,14.962453732267022,522.6231889743358,7948.543939165771
14129.350135911256,14.965836821123958,522.7485111672431,7948.543939165771
14130.16312851943,14.965836821123958,522.7485111672431,7949.08574119769
14130.23622863926,14.966917360201478,522.8060146551579,7949.08574119769
14130.801432851702,14.966917360201478,522.8060146551579,7949.4969785399735
14130.854835476726,14.968176493421197,522.8454420734197,7949.4969785399735
14131.672823021188,14.968176493421197,522.8454420734197,7950.026809403673
14132.274696240202,14.972945781424642,522.9029416013509,7950.026809403673
14132.980268979445,14.972945781424642,522.9029416013509,7950.515331078321
14133.042059496045,14.97423973493278,522.9511432014406,7950.515331078321
14133.928060200065,14.97423973493278,522.9511432014406,7951.01507576555
14133.971894169226,14.975503677502275,522.9850355889648,7951.01507576555
14134.682662051171,14.975503677502275,522.9850355889648,7951.504056897014
14134.762315323576,14.976732209324837,523.047521006316,7951.504056897014
14135.47109994106,14.976732209324837,523.047521006316,7951.983417604119
14136.064676987007,14.981190629303455,523.1214190647006,7951.983417604119
14136.724049916491,14.981190629303455,523.1214190647006,7952.472395457327
14136.791413333267,14.982405211776495,523.1779161021113,7952.472395457327
14137.599301977083,14.982405211776495,523.1779161021113,7953.037857092917
14137.670650098473,14.983949769288301,523.2363417185843,7953.037857092917
14138.321812896058,14.983949769288301,523.2363417185843,7953.44890864566
14138.35778900981,14.98524672165513,523.2644338607788,7953.44890864566
14139.103993199766,14.98524672165513,523.2644338607788,7953.993311107159
14139.700426159427,14.990139834582806,523.3173033930361,7953.993311107159
14140.278688887134,14.990139834582806,523.3173033930361,7954.390466205776
14140.333418883383,14.991381676867604,523.3615194391459,7954.390466205776
14141.080214723945,14.991381676867604,523.3615194391459,7954.845041522756
14141.163322528824,14.992599576711655,523.4353194441646,7954.845041522756
14141.879938039929,14.992599576711655,523.4353194441646,7955.329364147037
14141.924717456102,14.993853067979217,523.4686272013932,7955.329364147037
14142.593205368146,14.993853067979217,523.4686272013932,7955.758229713887
14143.277534220368,14.99971479177475,523.5183821693063,7955.758229713887
14144.002667404711,14.99971479177475,523.5183821693063,7956.135201774538
14144.0646857135,15.000962022691965,523.5564811248332,7956.135201774538
14144.936250897124,15.000962022691965,523.5564811248332,7956.773901773617
14144.99496679753,15.00224170833826,523.588075960055,7956.773901773617
14146.057434871793,15.00224170833826,523.588075960055,7957.393981974572
14146.133349243551,15.003468208014965,523.6488786414266,7957.393981974572
14146.804692560807,15.003468208014965,523.6488786414266,7957.737014636397
14148.50755248405,15.007906617596745,523.6971424613148,7957.737014636397
14149.18827604875,15.007906617596745,523.6971424613148,7958.195864647627
14149.238811420277,15.009124791249633,523.7294973321259,7958.195864647627
14149.988157056272,15.009124791249633,523.7294973321259,7958.747654484585
14150.056980440393,15.010429244488478,523.7799774184823,7958.747654484585
14150.997379688546,15.010429244488478,523.7799774184823,7959.26296547614
14151.077104441822,15.011636095121503,523.844503512606,7959.26296547614
14152.29980285652,15.011636095121503,523.844503512606,7959.815459033474
14154.411328945309,15.016045678406954,523.8816991802305,7959.815459033474
14155.159309858456,15.016045678406954,523.8816991802305,7960.154877068475
14155.266125844792,15.017492335289717,523.9530612118542,7960.154877068475
14156.202390827239,15.017492335289717,523.9530612118542,7960.673914825544
14156.47854105942,15.020656123757362,523.990290839225,7960.673914825544
14157.74582718499,15.020656123757362,523.990290839225,7961.002827489749
14157.817910099402,15.021909516304731,524.0391811523587,7961.002827489749
14158.596346475184,15.021909516304731,524.0391811523587,7961.349243424833
14160.376375816762,15.026323018595576,524.0805104970932,7961.349243424833
14161.024639481679,15.026323018595576,524.0805104970932,7961.649813912809
14161.120773473755,15.027603110298514,524.1522128265351,7961.649813912809
14161.947901267558,15.027603110298514,524.1522128265351,7962.024945437908
14162.035263329744,15.033387325704098,524.2179617658257,7962.024945437908
14163.122923612595,15.033387325704098,524.2179617658257,7962.502005280927
14163.188710872084,15.034575736150146,524.2671849336475,7962.502005280927
14164.148542353883,15.034575736150146,524.2671849336475,7962.923479391262
14166.692742541432,15.038964165374637,524.321465793997,7962.923479391262
14167.444664346054,15.038964165374637,524.321465793997,7963.22141443938
14167.480215063319,15.040187077596784,524.3490341454744,7963.22141443938
14173.142515860498,15.040187077596784,524.3490341454744,7963.4962881002575
14173.17896716483,15.041454521939158,524.3769323248416,7963.4962881002575
14173.858936185017,15.041454521939158,524.3769323248416,7963.766626568511
14174.103952942416,15.042795406654477,524.4027236159891,7963.766626568511
14174.63172605075,15.042795406654477,524.4027236159891,7964.0040366034955
14176.55750499852,15.048919446766376,524.4573144204915,7964.0040366034955
14177.705258615315,15.048919446766376,524.4573144204915,7964.420999502763
14177.772706115618,15.05017807148397,524.4944503065199,7964.420999502763
14178.422549979761,15.05017807148397,524.4944503065199,7964.854658925906
14178.477280495688,15.05142891407013,524.5406836383045,7964.854658925906
14179.11542412825,15.05142891407013,524.5406836383045,7965.260846739635
14179.171272084117,15.053230227902532,524.5857587903738,7965.260846739635
14179.78886768967,15.053230227902532,524.5857587903738,7965.766206819564
14180.659682631493,15.06425060518086,524.6612288467586,7965.766206819564
14181.580887559801,15.06425060518086,524.6612288467586,7966.352613156661
14181.658343322575,15.065548056736588,524.7203697841614,7966.352613156661
14182.600432502106,15.065548056736588,524.7203697841614,7966.819547826424
14182.757331840694,15.06691563129425,524.7506766654551,7966.819547826424
14183.425775034353,15.06691563129425,524.7506766654551,7967.20701382868
14183.510536579415,15.06813950277865,524.8226759769022,7967.20701382868
14184.36818910949,15.06813950277865,524.8226759769022,7967.74215695262
14185.545722039416,15.072617303580046,524.911611257121,7967.74215695262
14186.28695175238,15.072617303580046,524.911611257121,7968.254662353545
14186.33215896599,15.07385472767055,524.9444434568286,7968.254662353545
14186.953821035102,15.07385472767055,524.9444434568286,7968.665491940454
14187.037612371147,15.075103158131242,525.0059057381004,7968.665491940454
14187.709199564531,15.075103158131242,525.0059057381004,7969.180366462097
14187.754352066666,15.076308330520988,525.0425835270435,7969.180366462097
14188.466386731714,15.076308330520988,525.0425835270435,7969.590891083702
14189.50103064999,15.080839432775974,525.1281116548926,7969.590891083702
14190.3188867867,15.080839432775974,525.1281116548926,7970.186860516667
14190.374326996505,15.081991583108902,525.1674604304135,7970.186860516667
14190.963261490688,15.081991583108902,525.1674604304135,7970.471515864134
14191.011984607205,15.083258654922247,525.2049035225064,7970.471515864134
14191.417509127408,15.083258654922247,525.2049035225064,7970.758241597563
14191.465534353629,15.08447089791298,525.2432850003242,7970.758241597563
14192.195807924494,15.08447089791298,525.2432850003242,7971.129903702065
14192.761460164562,15.089027160778642,525.274515600875,7971.129903702065
14193.57934308052,15.089027160778642,525.274515600875,7971.707002559677
14193.697525931522,15.091078989207745,525.3660403899848,7971.707002559677
14194.40142278187,15.091078989207745,525.3660403899848,7972.138792388141
14194.451327402145,15.09227398969233,525.4080941863358,7972.138792388141
14195.196031494066,15.09227398969233,525.4080941863358,7972.5026284288615
14195.292301487178,15.093541905283928,525.436152016744,7972.5026284288615
14195.825447516516,15.093541905283928,525.436152016744,7972.89916780591
14196.475135914981,15.098164170980453,525.4829030688852,7972.89916780591
14197.071453876793,15.098164170980453,525.4829030688852,7973.323235107586
14197.14293243736,15.099537124857306,525.5380649231374,7973.323235107586
14197.835681984201,15.099537124857306,525.5380649231374,7973.748383063823
14197.901232328266,15.100728197023273,525.5940212830901,7973.748383063823
14198.415185315534,15.100728197023273,525.5940212830901,7974.073066322133
14198.48398957029,15.10194861702621,525.6323909424245,7974.073066322133
14199.26885150373,15.10194861702621,525.6323909424245,7974.594093920663
14199.776801461354,15.106529753655195,525.6955253239721,7974.594093920663
14200.625641824678,15.106529753655195,525.6955253239721,7975.148551115766
14200.676440088078,15.107709417119622,525.7385931704193,7975.148551115766
14201.548329669982,15.107709417119622,525.7385931704193,7975.7466572690755
14201.631536806002,15.108921147882938,525.804721256718,7975.7466572690755
14202.366729356349,15.108921147882938,525.804721256718,7976.177677078173
14202.46618289873,15.110354283824563,525.8747801911086,7976.177677078173
14203.073736952618,15.110354283824563,525.8747801911086,7976.5967302862555
14203.74025838077,15.11481592617929,525.9308531954885,7976.5967302862555
14204.605321876705,15.11481592617929,525.9308531954885,7977.130284352228
14204.67863975279,15.116056310012937,525.9963399283588,7977.130284352228
14205.253505550325,15.116056310012937,525.9963399283588,7977.530285811052
14205.331175575033,15.11724964901805,526.0623150616884,7977.530285811052
14206.380541831255,15.11724964901805,526.0623150616884,7978.249835574999
14206.501942124218,15.118482751771808,526.1163875479251,7978.249835574999
14207.291539324448,15.118482751771808,526.1163875479251,7978.813152890652
14207.927689500153,15.125862874090672,526.1990926060826,7978.813152890652
14208.662362348288,15.125862874090672,526.1990926060826,7979.287483986467
14208.723176758736,15.127155598253012,526.2519931104034,7979.287483986467
14209.631138395518,15.127155598253012,526.2519931104034,7979.927223127335
14209.688287617639,15.128336451947689,526.298606030643,7979.927223127335
14210.362014148384,15.128336451947689,526.298606030643,7980.368455119431
14210.45542521961,15.12949650362134,526.3842263612896,7980.368455119431
14211.192679008469,15.12949650362134,526.3842263612896,7980.84043764323
14211.755643047392,15.134630976244807,526.4347275514156,7980.84043764323
14212.531417496502,15.134630976244807,526.4347275514156,7981.330374503508
14212.664973311126,15.14034689962864,526.5039461422712,7981.330374503508
14213.418928012252,15.14034689962864,526.5039461422712,7981.755015593022
14213.520127467811,15.14165318198502,526.576822379604,7981.755015593022
14214.191955151036,15.14165318198502,526.576822379604,7982.2224655319005
14214.236604345962,15.142986906692386,526.6130965985358,7982.2224655319005
14214.902284227312,15.142986906692386,526.6130965985358,7982.676159190014
14215.470357852057,15.147570040076971,526.6443684976548,7982.676159190014
14216.14262915589,15.147570040076971,526.6443684976548,7983.134494934231
14216.24968637526,15.15295366756618,526.7191580589861,7983.134494934231
14216.983992079273,15.15295366756618,526.7191580589861,7983.601800659671
14217.038036843762,15.155641598626971,526.7618132270873,7983.601800659671
14217.64033068344,15.155641598626971,526.7618132270873,7984.02785987407
14217.68114390783,15.156876401975751,526.7908269055188,7984.02785987407
14218.341340860352,15.156876401975751,526.7908269055188,7984.482417110354
14218.930500878021,15.161512216553092,526.8645648211241,7984.482417110354
14219.823765048757,15.161512216553092,526.8645648211241,7984.9893121588975
14219.90391050838,15.162775980308652,526.9290921781212,7984.9893121588975
14220.676523219794,15.162775980308652,526.9290921781212,7985.502842606977
14220.740067940205,15.164073875173926,526.9570311307907,7985.502842606977
14221.497357921675,15.164073875173926,526.9570311307907,7985.851830396801
14221.549947630614,15.1653112154454,526.9974067974836,7985.851830396801
14222.476258693263,15.1653112154454,526.9974067974836,7986.398834915832
14225.497705873102,15.169669203460217,527.0400274023414,7986.398834915832
14225.992855938151,15.169669203460217,527.0400274023414,7986.642548827454
14226.036451371387,15.17092396505177,527.0743731055409,7986.642548827454
14226.747476862743,15.17092396505177,527.0743731055409,7987.036838753149
14226.840407796204,15.172115365043283,527.1348575167358,7987.036838753149
14227.966578582302,15.172115365043283,527.1348575167358,7987.46803788282
14228.013209512457,15.173511480912566,527.1702097821981,7987.46803788282
14229.258737534285,15.173511480912566,527.1702097821981,7987.939680431038
14230.836331678554,15.178103240206838,527.2464490309358,7987.939680431038
14231.524092871696,15.178103240206838,527.2464490309358,7988.264856854454
14231.597041863948,15.1793730314821,527.3084690719843,7988.264856854454
14232.2862088345,15.1793730314821,527.3084690719843,7988.685299769044
14232.334504263476,15.180634066462517,527.3463874422014,7988.685299769044
14233.031935526058,15.180634066462517,527.3463874422014,7989.056242909282
14233.156708059832,15.181920010596514,527.4347018301487,7989.056242909282
14233.74977451004,15.181920010596514,527.4347018301487,7989.489915212616
14234.643214024603,15.18639531172812,527.4969520065933,7989.489915212616
14235.280556699261,15.18639531172812,527.4969520065933,7989.828531173989
14235.460376838222,15.18763317540288,527.52511234954,7989.828531173989
14236.188908148557,15.18763317540288,527.52511234954,7990.216549994424
14236.283222796395,15.192382322624326,527.5949708037078,7990.216549994424
14236.978505367413,15.192382322624326,527.5949708037078,7990.610165208578
14237.038932759315,15.193624813109636,527.6472222264856,7990.610165208578
14237.847395876423,15.193624813109636,527.6472222264856,7991.002340886742
14238.82311763987,15.198366269469261,527.7157933674753,7991.002340886742
14239.55605404824,15.198366269469261,527.7157933674753,7991.403325205669
14239.63799507171,15.199574561789632,527.778473161161,7991.403325205669
14240.612275609747,15.199574561789632,527.778473161161,7991.936480084434
14240.700781011954,15.200758785009384,527.8458141870797,7991.936480084434
14241.561215395108,15.200758785009384,527.8458141870797,7992.462752347812
14241.659967495129,15.202030615881085,527.9138466194272,7992.462752347812
14242.4919245895,15.202030615881085,527.9138466194272,7993.010358108208
14243.131299704313,15.206706900149584,528.0159744713455,7993.010358108208
14243.840890668333,15.206706900149584,528.0159744713455,7993.549208980054
14243.90256695263,15.207893973216414,528.0584456343204,7993.549208980054
14244.9031154681,15.207893973216414,528.0584456343204,7994.005314303562
14244.95742546767,15.20907248556614,528.1015472784638,7994.005314303562
14245.874790787697,15.20907248556614,528.1015472784638,7994.557330695912
14245.931154256687,15.211897430941463,528.1440545208752,7994.557330695912
14246.696733180434,15.211897430941463,528.1440545208752,7994.99000210315
14247.533721515909,15.216460665687919,528.2051968164742,7994.99000210315
14248.135388111696,15.216460665687919,528.2051968164742,7995.338087897748
14248.22773414664,15.217718698084354,528.2833293806762,7995.338087897748
14249.26437035948,15.217718698084354,528.2833293806762,7995.884053478017
14249.34358269535,15.21898914128542,528.3436411805451,7995.884053478017
14250.1587550845,15.21898914128542,528.3436411805451,7996.406238626689
14250.209619550034,15.220193352550268,528.3826878052205,7996.406238626689
14251.16177983582,15.220193352550268,528.3826878052205,7996.748778149486
14252.097851255909,15.225747723132372,528.4222176037729,7996.748778149486
14252.947951171547,15.225747723132372,528.4222176037729,7997.347583733499
14253.012494178489,15.22786220163107,528.4778512362391,7997.347583733499
14253.640171566978,15.22786220163107,528.4778512362391,7997.78463188
14253.70173496008,15.229060433804989,528.5297785811126,7997.78463188
14254.44002693519,15.229060433804989,528.5297785811126,7998.3132007829845
14254.475572856143,15.230286825448275,528.5576220676303,7998.3132007829845
14254.955916699022,15.230286825448275,528.5576220676303,7998.668057210743
14255.647715549916,15.234787898138165,528.6152754686773,7998.668057210743
14256.235112087801,15.234787898138165,528.6152754686773,7999.105408702046
14256.293713044375,15.236044442281127,528.6660764124244,7999.105408702046
14257.062755642459,15.236044442281127,528.6660764124244,7999.575717642903
14257.124005140737,15.238142371177673,528.7138926833868,7999.575717642903
14257.91489050351,15.238142371177673,528.7138926833868,8000.043523078784
14257.970191681758,15.239364264532924,528.7572457734495,8000.043523078784
14258.745129948482,15.239364264532924,528.7572457734495,8000.598405381665
14259.20352887176,15.243779804557562,528.8029730375856,8000.598405381665
14259.999083984643,15.243779804557562,528.8029730375856,8001.1581714861095
14260.0865385551,15.24497745744884,528.875327585265,8001.1581714861095
14260.699688451365,15.24497745744884,528.875327585265,8001.569657085463
14260.755285887048,15.246210696175694,528.919472489506,8001.569657085463
14261.388115311041,15.246210696175694,528.919472489506,8001.986799448729
14261.439926335588,15.24739046767354,528.9592607654631,8001.986799448729
14262.325962325558,15.24739046767354,528.9592607654631,8002.502650711685
14263.229117978364,15.252017499879003,529.02239664644,8002.502650711685
14263.780569488183,15.252017499879003,529.02239664644,8002.91030245088
14263.824952257797,15.253276342526078,529.0510768387467,8002.91030245088
14264.594110567123,15.253276342526078,529.0510768387467,8003.3536558151245
14264.645128937438,15.254530746489763,529.0868316590786,8003.3536558151245
14265.459494691342,15.254530746489763,529.0868316590786,8003.841678822413
14265.495746871457,15.255734838545322,529.1149090919644,8003.841678822413
14266.007270425558,15.255734838545322,529.1149090919644,8004.139372110367
14266.632931079715,15.260088605806231,529.1814866084605,8004.139372110367
14267.337841307744,15.260088605806231,529.1814866084605,8004.607023794204
14267.389106271788,15.261305347084999,529.2246082443744,8004.607023794204
14268.013103056699,15.261305347084999,529.2246082443744,8005.0295231658965
14268.092062456533,15.26257910951972,529.289539437741,8005.0295231658965
14268.792993532494,15.26257910951972,529.289539437741,8005.469016477466
14268.84629281424,15.263785060495138,529.332796216011,8005.469016477466
14269.325120439753,15.263785060495138,529.332796216011,8005.81833566539
14270.008431235328,15.268192142248154,529.3936414569616,8005.81833566539
14270.667503088713,15.268192142248154,529.3936414569616,8006.221850050613
14270.724796384573,15.269432043656707,529.4330805949867,8006.221850050613
14271.286808498204,15.269432043656707,529.4330805949867,8006.59847650677
14271.323651779443,15.270821472629905,529.4611109681427,8006.59847650677
14272.260494306684,15.270821472629905,529.4611109681427,8007.209433851764
14272.382830856368,15.272933959960938,529.5687027312815,8007.209433851764
14273.302436698228,15.272933959960938,529.5687027312815,8007.779993603006
14273.948043065146,15.277603106573224,529.6146591901779,8007.779993603006
14274.632022531703,15.277603106573224,529.6146591901779,8008.238116772845
14274.680840121582,15.278878308832645,529.6436415892094,8008.238116772845
14275.40409175679,15.278878308832645,529.6436415892094,8008.692338813096
14275.47723902762,15.280049841850996,529.7052191011608,8008.692338813096
14276.249042628333,15.280049841850996,529.7052191011608,8009.219168014824
14276.313996519893,15.281298164278269,529.7621098570526,8009.219168014824
14276.840019388124,15.281298164278269,529.7621098570526,8009.591480111703
14277.458409080282,15.2859674282372,529.8247034270316,8009.591480111703
14278.096743706614,15.2859674282372,529.8247034270316,8009.983571499586
14278.149141192436,15.287243690341711,529.8575416747481,8009.983571499586
14278.810812542215,15.287243690341711,529.8575416747481,8010.4238099344075
14278.873293740675,15.288495801389217,529.9016058593988,8010.4238099344075
14279.625394579023,15.288495801389217,529.9016058593988,8010.91016227752
14279.683450708166,15.289668284356594,529.9417793042958,8010.91016227752
14280.449571751058,15.289668284356594,529.9417793042958,8011.441173736006
14281.209065895528,15.294142927974463,530.0160137657076,8011.441173736006
14287.3032972496,15.294142927974463,530.0160137657076,8011.94463208504
14287.359802590683,15.295694785192609,530.0467237848788,8011.94463208504
14287.979944683611,15.295694785192609,530.0467237848788,8012.3158876840025
14288.04788320139,15.29695276916027,530.0994817372411,8012.3158876840025
14288.656396403909,15.29695276916027,530.0994817372411,8012.627718474716
14288.734017260373,15.298209762200713,530.1589538417757,8012.627718474716
14289.450996637344,15.298209762200713,530.1589538417757,8013.022831667215
14290.153613684699,15.302996369078755,530.2160749919713,8013.022831667215
14290.688953412697,15.302996369078755,530.2160749919713,8013.3943179398775
14290.747993648052,15.30418562144041,530.2633948735893,8013.3943179398775
14291.333989672363,15.30418562144041,530.2633948735893,8013.80465346016
14291.3855835516,15.305548887699842,530.2991115245968,8013.80465346016
14291.914388369769,15.305548887699842,530.2991115245968,8014.085364157334
14291.950935365632,15.306786252185702,530.3272226974368,8014.085364157334
14292.838875431567,15.306786252185702,530.3272226974368,8014.658103758469
14293.946070583537,15.312218200415373,530.3751134909689,8014.658103758469
14294.59411870502,15.312218200415373,530.3751134909689,8015.0874123144895
14294.648129699752,15.313466694206,530.4200611189008,8015.0874123144895
14295.424737475812,15.313466694206,530.4200611189008,8015.438396451995
14295.488217484206,15.314739938825369,530.4660918582231,8015.438396451995
14296.117984663695,15.314739938825369,530.4660918582231,8015.8511843681335
14296.153988387436,15.315934291109443,530.4940362870693,8015.8511843681335
14296.956490967423,15.315934291109443,530.4940362870693,8016.385095531121
14297.934767048806,15.32057380862534,530.5686353798956,8016.385095531121
14298.876983774826,15.32057380862534,530.5686353798956,8016.887537848204
14298.965894503519,15.321829689666629,530.6483722254634,8016.887537848204
14299.59574839659,15.321829689666629,530.6483722254634,8017.272125888616
14299.641264103353,15.323095552623272,530.6818003039807,8017.272125888616
14300.362939249724,15.323095552623272,530.6818003039807,8017.7880666758865
14300.435987401754,15.32423173263669,530.7435112893581,8017.7880666758865
14301.262280004099,15.32423173263669,530.7435112893581,8018.1939744558185
14302.239018136635,15.328941449522972,530.7889317981899,8018.1939744558185
14302.951533224434,15.328941449522972,530.7889317981899,8018.697953253984
14303.008298749104,15.330213952809572,530.8337792363018,8018.697953253984
14303.66900261119,15.330213952809572,530.8337792363018,8019.080352913588
14303.743351057172,15.331497196108103,530.8935355469584,8019.080352913588
14304.771153563634,15.331497196108103,530.8935355469584,8019.637568380684
14304.881707107648,15.336099719628692,530.9737055301666,8019.637568380684
14305.470484560356,15.336099719628692,530.9737055301666,8019.99860448204
14307.085583731532,15.340808495879173,531.0497766789049,8019.99860448204
14307.768595272675,15.340808495879173,531.0497766789049,8020.420813426375
14307.838443843648,15.342089978978038,531.1074782796204,8020.420813426375
14308.519397187978,15.342089978978038,531.1074782796204,8020.831286007538
14308.576746542007,15.343323711305857,531.1565477848053,8020.831286007538
14309.591310046613,15.343323711305857,531.1565477848053,8021.32691546157
14309.665223712102,15.344607735052705,531.215006461367,8021.32691546157
14310.406989913434,15.344607735052705,531.215006461367,8021.751536631957
14311.557609388605,15.349949480965734,531.2751762773842,8021.751536631957
14312.287251828238,15.349949480965734,531.2751762773842,8022.099717900157
14312.366967892274,15.351250255480409,531.3417619913816,8022.099717900157
14312.950095500797,15.351250255480409,531.3417619913816,8022.4875998310745
14313.010283637792,15.352579502388835,531.3935747146606,8022.4875998310745
14313.645786592737,15.352579502388835,531.3935747146606,8022.892009802163
14313.714905902743,15.353817654773593,531.4541202187538,8022.892009802163
14314.336083816364,15.353817654773593,531.4541202187538,8023.271934626624
14315.11022163555,15.361082846298814,531.5038018729538,8023.271934626624
14315.785125497729,15.361082846298814,531.5038018729538,8023.715958241373
14315.86319055222,15.362481441348791,531.572752609849,8023.715958241373
14316.654360972345,15.362481441348791,531.572752609849,8024.230837035924
14316.746388358995,15.363785834982991,531.6482076570392,8024.230837035924
14317.501093147323,15.363785834982991,531.6482076570392,8024.6778558027
14317.558672115207,15.36512154713273,531.6972925812006,8024.6778558027
14318.243007062003,15.36512154713273,531.6972925812006,8025.119911460206
14318.884001245722,15.369762359187007,531.7794822696596,8025.119911460206
14319.461943732575,15.369762359187007,531.7794822696596,8025.491657469422
14319.562591375783,15.371101463213563,531.8669848162681,8025.491657469422
14320.28295550868,15.371101463213563,531.8669848162681,8025.94218843244
14320.330432882532,15.372336564585567,531.9062392134219,8025.94218843244
14320.892019508407,15.372336564585567,531.9062392134219,8026.300422172993
14320.953068451956,15.373540228232741,531.9591217059642,8026.300422172993
14321.713798508048,15.373540228232741,531.9591217059642,8026.724726486951
14322.498823879287,15.378190524876118,532.0044689811766,8026.724726486951
14323.07487713918,15.378190524876118,532.0044689811766,8027.106784211472
14323.170704605058,15.379471635445952,532.0842605363578,8027.106784211472
14323.88507934846,15.379471635445952,532.0842605363578,8027.603331783786
14324.00289318338,15.38094792328775,532.1360674612224,8027.603331783786
14324.63152895309,15.38094792328775,532.1360674612224,8028.002725094557
14324.699227297679,15.38225231692195,532.1916321441531,8028.002725094557
14325.244181042537,15.38225231692195,532.1916321441531,8028.366459153593
14326.137954283506,15.387167237699032,532.2270725592971,8028.366459153593
14326.864623770118,15.387167237699032,532.2270725592971,8028.830601342022
14326.961166100577,15.388398312032223,532.2738198116422,8028.830601342022
14327.73791659996,15.388398312032223,532.2738198116422,8029.330053238198
14327.838080596179,15.389690725132823,532.3627012800425,8029.330053238198
14328.48255622387,15.389690725132823,532.3627012800425,8029.781162979081
14328.535649940372,15.391013560816646,532.4069906678051,8029.781162979081
14328.98789087683,15.391013560816646,532.4069906678051,8030.079123660922
14329.696354800835,15.39555205218494,532.4619562905282,8030.079123660922
14330.387799371034,15.39555205218494,532.4619562905282,8030.500140005723
14330.45984294638,15.396843615919352,532.5182354561985,8030.500140005723
14331.088408773765,15.396843615919352,532.5182354561985,8030.91201723367
14331.14717056416,15.39822282269597,532.5659249369055,8030.91201723367
14331.628769524395,15.39822282269597,532.5659249369055,8031.231118571013
14331.694769915193,15.399521075189114,532.6238316837698,8031.231118571013
14332.311180643737,15.399521075189114,532.6238316837698,8031.650813398883
14332.859831275418,15.404107600450516,532.6733790989965,8031.650813398883
14333.773759283125,15.404107600450516,532.6733790989965,8032.237484222278
14333.832678087056,15.405384732410312,532.721800852567,8032.237484222278
14334.552850555629,15.405384732410312,532.721800852567,8032.680586369708
14334.657954841852,15.407379761338234,532.8114991281182,8032.680586369708
14335.324186995625,15.407379761338234,532.8114991281182,8033.140715017915
14335.394640980288,15.408657856285572,532.8622544426471,8033.140715017915
14335.963096451014,15.408657856285572,532.8622544426471,8033.50585799478
14336.564104167745,15.421607973054051,532.9580987598747,8033.50585799478
14337.224258603528,15.421607973054051,532.9580987598747,8033.903524573892
14337.270879121497,15.423465196043253,532.9921337496489,8033.903524573892
14337.818751107901,15.423465196043253,532.9921337496489,8034.212074680254
14337.88337491639,15.42471238039434,533.0482595134526,8034.212074680254
14338.507389802486,15.42471238039434,533.0482595134526,8034.6119144093245
14338.5542672351,15.426005732268095,533.0868316870183,8034.6119144093245
14339.097410677,15.426005732268095,533.0868316870183,8034.980552699417
14339.875717263669,15.430811371654272,533.1363517884165,8034.980552699417
14340.518509924412,15.430811371654272,533.1363517884165,8035.387802423909
14340.656006127596,15.432192075997591,533.2217345647514,8035.387802423909
14341.46994711645,15.432192075997591,533.2217345647514,8035.920374153182
14341.65921308659,15.43376069329679,533.2767016477883,8035.920374153182
14342.515578676015,15.43376069329679,533.2767016477883,8036.531220419332
14342.592761034146,15.435124188661575,533.3358086552471,8036.531220419332
14343.631226783618,15.435124188661575,533.3358086552471,8037.0843635406345
14344.919175731018,15.439663540571928,533.3702840637416,8037.0843635406345
14345.627770027146,15.439663540571928,533.3702840637416,8037.433204660192
14345.731212973595,15.441577496007085,533.4491931833327,8037.433204660192
14346.547823019326,15.441577496007085,533.4491931833327,8037.784227900207
14346.638158176094,15.4430723041296,533.5226578637958,8037.784227900207
14347.360715940595,15.4430723041296,533.5226578637958,8038.09776257351
14347.424301177263,15.44435571692884,533.5763776227832,8038.09776257351
14348.119327228516,15.44435571692884,533.5763776227832,8038.570660434663
14348.848413728178,15.44900892674923,533.6397641394287,8038.570660434663
14349.657225431874,15.44900892674923,533.6397641394287,8039.077898370102
14349.72771365568,15.450303902849555,533.7017642408609,8039.077898370102
14350.454455904663,15.450303902849555,533.7017642408609,8039.57325156033
14350.510087117553,15.45162009447813,533.7451341710985,8039.57325156033
14351.211458871141,15.45162009447813,533.7451341710985,8040.0137836989015
14351.292735904455,15.45290894806385,533.8087088800967,8040.0137836989015
14351.876546988264,15.45290894806385,533.8087088800967,8040.322994606569
14352.664289055392,15.457539992406964,533.8562152963132,8040.322994606569
14353.479001278058,15.457539992406964,533.8562152963132,8040.720404651016
14353.580982048064,15.458786794915795,533.9363599065691,8040.720404651016
14354.224499588832,15.458786794915795,533.9363599065691,8041.162526631728
14354.429997283965,15.460301542654634,534.0175587870181,8041.162526631728
14355.026234952733,15.460301542654634,534.0175587870181,8041.581810453907
14355.102607263252,15.461514184251428,534.0682533811778,8041.581810453907
14355.911086032167,15.461514184251428,534.0682533811778,8042.071841126308
14356.725794913247,15.466048587113619,534.1108453180641,8042.071841126308
14357.373847307637,15.466048587113619,534.1108453180641,8042.4903529156
14357.438813332468,15.467361411079764,534.167556501925,8042.4903529156
14358.125703943893,15.467361411079764,534.167556501925,8042.86689662002
14358.200191712007,15.468644564971328,534.2283434607089,8042.86689662002
14358.787928324193,15.468644564971328,534.2283434607089,8043.223713153973
14358.846084855497,15.46989400871098,534.2782267201692,8043.223713153973
14359.427087195218,15.46989400871098,534.2782267201692,8043.643245451152
14360.350607899949,15.474439861252904,534.3211101125926,8043.643245451152
14360.957967072725,15.474439861252904,534.3211101125926,8044.033670136705
14361.000362275168,15.475697902962565,534.3552362062037,8044.033670136705
14361.747483104467,15.475697902962565,534.3552362062037,8044.5418318305165
14361.790577739477,15.477100579068065,534.3893684390932,8044.5418318305165
14362.534783007577,15.477100579068065,534.3893684390932,8044.973545970395
14362.581234553829,15.478403652086854,534.423615815118,8044.973545970395
14363.252008412033,15.478403652086854,534.423615815118,8045.369963267818
14364.083159672096,15.48567589558661,534.4614262916148,8045.369963267818
14364.70236963965,15.48567589558661,534.4614262916148,8045.777684910223
14364.756161859259,15.486968580633402,534.5068963114172,8045.777684910223
14365.369732156396,15.486968580633402,534.5068963114172,8046.067057697102
14365.476215688512,15.488345984369516,534.5401894301176,8046.067057697102
14366.130852039903,15.488345984369516,534.5401894301176,8046.5213221963495
14366.187561653554,15.489649448543787,534.5830772202462,8046.5213221963495
14366.978681715205,15.489649448543787,534.5830772202462,8047.036221802235
14368.061324292794,15.494231646880507,534.6602152567357,8047.036221802235
14368.683697056025,15.494231646880507,534.6602152567357,8047.467653889209
14368.762741357088,15.495654873549938,534.7195861712098,8047.467653889209
14369.60665702261,15.495654873549938,534.7195861712098,8048.0125132817775
14369.670674219728,15.496935395523906,534.7745579965413,8048.0125132817775
14370.503769306466,15.496935395523906,534.7745579965413,8048.463695857674
14370.62039282173,15.498325498774648,534.8246959708631,8048.463695857674
14371.213683815673,15.498325498774648,534.8246959708631,8048.894972657785
14372.25216151774,15.502973694354296,534.893123568967,8048.894972657785
14373.068579299375,15.502973694354296,534.893123568967,8049.391938198358
14373.154637059197,15.504353057593107,534.9624865930527,8049.391938198358
14373.72955840081,15.504353057593107,534.9624865930527,8049.7600936591625
14373.796952879056,15.505669532343745,535.0195693336427,8049.7600936591625
14374.398013295606,15.505669532343745,535.0195693336427,8050.194745114073
14374.457455340773,15.506980275735259,535.0685835871845,8050.194745114073
14375.009502064437,15.506980275735259,535.0685835871845,8050.595210634172
14375.568034803495,15.511512270197272,535.1211191751063,8050.595210634172
14376.164579488337,15.511512270197272,535.1211191751063,8050.99140127562
14376.22684373334,15.512861935421824,535.1747351530939,8050.99140127562
14376.950588377193,15.512861935421824,535.1747351530939,8051.478175750002
14377.09200791642,15.514290951192379,535.2445653956383,8051.478175750002
14377.752265021205,15.514290951192379,535.2445653956383,8051.937705557793
14377.80400470458,15.515584006905556,535.2847298961133,8051.937705557793
14378.581336276606,15.515584006905556,535.2847298961133,8052.457525514066
14379.348052881658,15.520173229277134,535.3282058089972,8052.457525514066
14379.991745416075,15.520173229277134,535.3282058089972,8052.809606349096
14380.090772481635,15.521603494882584,535.4056258797646,8052.809606349096
14380.863068360835,15.521603494882584,535.4056258797646,8053.305269135162
14380.904999144375,15.522925270721316,535.4386321604252,8053.305269135162
14381.707904381678,15.522925270721316,535.4386321604252,8053.8475877307355
14381.789766613394,15.527547946199775,535.5068381726742,8053.8475877307355
14382.299551256001,15.527547946199775,535.5068381726742,8054.225596230477
14383.143617663532,15.53217082284391,535.5701769646257,8054.225596230477
14383.790528627113,15.53217082284391,535.5701769646257,8054.618004154414
14383.858920784667,15.533476993441582,535.6258779205382,8054.618004154414
14384.458168517798,15.533476993441582,535.6258779205382,8055.016565231606
14384.527901299298,15.534758895635605,535.6773931477219,8055.016565231606
14385.239046944305,15.534758895635605,535.6773931477219,8055.410926960409
14385.312111156061,15.536051098257303,535.7345342598855,8055.410926960409
14385.962736975402,15.536051098257303,535.7345342598855,8055.843649568036
14386.685170343146,15.540745794773102,535.7995653562248,8055.843649568036
14387.296699531376,15.540745794773102,535.7995653562248,8056.2587077040225
14387.362781587988,15.54230097308755,535.8570398148149,8056.2587077040225
14388.115126144141,15.54230097308755,535.8570398148149,8056.843146886677
14388.174710739404,15.543564850464463,535.9020641073585,8056.843146886677
14388.769188545644,15.543564850464463,535.9020641073585,8057.221142457798
14388.827320156619,15.544876165688038,535.9442929178476,8057.221142457798
14389.49096324481,15.544876165688038,535.9442929178476,8057.717854673043
14390.05303028971,15.549555324018002,535.9792688563466,8057.717854673043
14390.625894932076,15.549555324018002,535.9792688563466,8058.149421630427
14390.680751403794,15.55082411877811,536.0257608238608,8058.149421630427
14391.401476962492,15.55082411877811,536.0257608238608,8058.621492417529
14391.476136203855,15.552155543118715,536.0886733010411,8058.621492417529
14392.035962898284,15.552155543118715,536.0886733010411,8059.0387049708515
14392.092084599659,15.553407715633512,536.1365961320698,8059.0387049708515
14392.641712872311,15.553407715633512,536.1365961320698,8059.418237218633
14393.148417348042,15.558051070198417,536.198205595836,8059.418237218633
14393.831128511578,15.558051070198417,536.198205595836,8059.883235696703
14393.894069351256,15.559384014457464,536.2469329126179,8059.883235696703
14394.553337348625,15.559384014457464,536.2469329126179,8060.353236244991
14394.614606896415,15.56058986671269,536.2936868239194,8060.353236244991
14395.386528357863,15.56058986671269,536.2936868239194,8060.880326883867
14395.447792796418,15.561904391273856,536.3470171354711,8060.880326883867
14396.085881216452,15.561904391273856,536.3470171354711,8061.263220865279
14396.814371848479,15.566404631361365,536.4022631645203,8061.263220865279
14397.511796031147,15.566404631361365,536.4022631645203,8061.7371740452945
14397.597297180444,15.567683853209019,536.4794855117798,8061.7371740452945
14398.296789811924,15.567683853209019,536.4794855117798,8062.178503010422
14398.382421884686,15.569025665521622,536.5563159715384,8062.178503010422
14399.056972019374,15.569025665521622,536.5563159715384,8062.65387288481
14399.197208145633,15.57039443962276,536.6404657661915,8062.65387288481
14399.863440299407,15.57039443962276,536.6404657661915,8063.1244464647025
14400.465937403962,15.575079405680299,536.6950696893036,8063.1244464647025
14401.163731083274,15.575079405680299,536.6950696893036,8063.611894419417
14401.225250467658,15.578639771789312,536.7411963306367,8063.611894419417
14401.990266123787,15.578639771789312,536.7411963306367,8064.032558808103
14402.050080383196,15.579916996881366,536.7851000893861,8064.032558808103
14402.703804500401,15.579916996881366,536.7851000893861,8064.44137101993
14402.791774095967,15.581194877624512,536.8491084259003,8064.44137101993
14403.440472049639,15.581194877624512,536.8491084259003,8064.865811267868
14404.181994687766,15.585816387087107,536.9019157886505,8064.865811267868
14404.779161775485,15.585816387087107,536.9019157886505,8065.285757813603
14404.838568268344,15.5871088989079,536.9457102995366,8065.285757813603
14405.652712188661,15.5871088989079,536.9457102995366,8065.844706801698
14405.734039891511,15.58841765113175,537.0074131358415,8065.844706801698
14406.487649412826,15.58841765113175,537.0074131358415,8066.361953012645
14406.529296232387,15.589742174372077,537.040793351829,8066.361953012645
14407.537839528173,15.589742174372077,537.040793351829,8066.856208192185
14409.557889821008,15.59427553974092,537.0759672038257,8066.856208192185
14410.302607847378,15.59427553974092,537.0759672038257,8067.186294039711
14410.354029465467,15.595644464716315,537.1126969847828,8067.186294039711
14410.92331975326,15.595644464716315,537.1126969847828,8067.4903155025095
14411.187003519386,15.59707055427134,537.1714950874448,8067.4903155025095
14411.834397483617,15.59707055427134,537.1714950874448,8067.831457501277
14411.965001434088,15.598532151430845,537.2267692368478,8067.831457501277
14412.592663435265,15.598532151430845,537.2267692368478,8068.258637549356
14416.19850664027,15.603126687929034,537.2998431287706,8068.258637549356
14416.94831318967,15.603126687929034,537.2998431287706,8068.571534533054
14416.993778508157,15.604415621608496,537.3368522319943,8068.571534533054
14417.738482816145,15.604415621608496,537.3368522319943,8068.862578798085
14417.795051235706,15.605662174522877,537.3830517567694,8068.862578798085
14418.838652452454,15.605662174522877,537.3830517567694,8069.146514214575
14418.90850074403,15.60690326616168,537.4335149172693,8069.146514214575
14419.826339967549,15.60690326616168,537.4335149172693,8069.606351125985
14421.414258863777,15.611449610441923,537.5088764410466,8069.606351125985
14422.576967522502,15.611449610441923,537.5088764410466,8070.176703553647
14422.640210244805,15.612809848040342,537.556936128065,8070.176703553647
14423.220393681899,15.612809848040342,537.556936128065,8070.56998084113
14423.302701072767,15.614127492532134,537.6186335235834,8070.56998084113
14424.078115418553,15.614127492532134,537.6186335235834,8071.028788974509
14424.2084758766,15.61565469019115,537.6582371629775,8071.028788974509
14425.065011680126,15.61565469019115,537.6582371629775,8071.470146428794
14427.143805956468,15.622095869854093,537.7012052964419,8071.470146428794
14427.921993732452,15.622095869854093,537.7012052964419,8071.74553781189
14427.972917612642,15.62338875234127,537.7365595921874,8071.74553781189
14428.598484085873,15.62338875234127,537.7365595921874,8072.020998982713
14428.652214916423,15.624525612220168,537.777707291767,8072.020998982713
14429.42934400402,15.624525612220168,537.777707291767,8072.349289879203
14429.525061387569,15.625892449170351,537.8524689562619,8072.349289879203
14429.934281677008,15.625892449170351,537.8524689562619,8072.631291959435
14431.00803815201,15.630356591194868,537.9203650858253,8072.631291959435
14431.96977958642,15.630356591194868,537.9203650858253,8073.212332293391
14432.090050788596,15.631784435361624,538.0052517931908,8073.212332293391
14433.122491400689,15.631784435361624,538.0052517931908,8073.680347684771
14433.238044036552,15.633131938055158,538.0785440020263,8073.680347684771
14434.191200731322,15.633131938055158,538.0785440020263,8074.397930206731
14434.289699807763,15.634490193799138,538.1598151549697,8074.397930206731
14434.904921034351,15.634490193799138,538.1598151549697,8074.823250681162
14435.604843074456,15.639199789613485,538.2614541295916,8074.823250681162
14436.415038524196,15.639199789613485,538.2614541295916,8075.311065694317
14436.563762135804,15.6405683234334,538.3496957458556,8075.311065694317
14437.371180566028,15.6405683234334,538.3496957458556,8075.7652195151895
14437.417321955785,15.641790887340903,538.3822077102959,8075.7652195151895
14437.978783052415,15.641790887340903,538.3822077102959,8076.080448783934
14438.036756448448,15.643151212483644,538.4321072306484,8076.080448783934
14438.852352678776,15.643151212483644,538.4321072306484,8076.578206274658
14439.887216303498,15.647656051442027,538.4977409485728,8076.578206274658
14440.448044097051,15.647656051442027,538.4977409485728,8076.944341149181
14440.509673641995,15.648964727297425,538.551122231409,8076.944341149181
14441.308451833203,15.648964727297425,538.551122231409,8077.458905328065
14441.4138796255,15.650286711752415,538.6379486937076,8077.458905328065
14442.41384489648,15.650286711752415,538.6379486937076,8078.028765277937
14442.508800975978,15.651733607053757,538.6995514854789,8078.028765277937
14443.351120611653,15.651733607053757,538.6995514854789,8078.659735312685
14444.848696755245,15.656299248337746,538.8027772270143,8078.659735312685
14445.403724692762,15.656299248337746,538.8027772270143,8079.048521390185
14445.598317619413,15.657887915149331,538.8831701427698,8079.048521390185
14446.297301344573,15.657887915149331,538.8831701427698,8079.525996455923
14446.351274488494,15.659185238182545,538.928549259901,8079.525996455923
14446.900798205286,15.659185238182545,538.928549259901,8079.88896869123
14446.991049520671,15.660477992147207,539.0050272960216,8079.88896869123
14447.686669692397,15.660477992147207,539.0050272960216,8080.32332842052
14448.462892711163,15.664998516440392,539.1079884655774,8080.32332842052
14449.107543876395,15.664998516440392,539.1079884655774,8080.6573772300035
14449.17459385842,15.666314519941807,539.1587863620371,8080.6573772300035
14449.99889411591,15.666314519941807,539.1587863620371,8081.119231399149
14450.08942412585,15.667616102844477,539.229608843103,8081.119231399149
14450.853981455788,15.667616102844477,539.229608843103,8081.654561627656
14450.91971443221,15.668878244236112,539.2872763425112,8081.654561627656
14451.613791428506,15.668878244236112,539.2872763425112,8082.031272115186
14452.185057571158,15.67343258112669,539.3367294445634,8082.031272115186
14452.947744783014,15.67343258112669,539.3367294445634,8082.553959945217
14453.037145564333,15.674758683890104,539.4135332647711,8082.553959945217
14453.867096586153,15.674758683890104,539.4135332647711,8083.071666045114
14453.950122959912,15.676088608801365,539.4870445765555,8083.071666045114
14454.750767186284,15.676088608801365,539.4870445765555,8083.603031186387
14454.81384239532,15.677392123267055,539.5346091445535,8083.603031186387
14455.565345255658,15.677392123267055,539.5346091445535,8084.085685564205
14456.263181468472,15.685091381892562,539.5805458314717,8084.085685564205
14457.137152040377,15.685091381892562,539.5805458314717,8084.644707316533
14457.189057437703,15.686432724818587,539.6232440005988,8084.644707316533
14458.110492195934,15.686432724818587,539.6232440005988,8085.209467051551
14458.226251948625,15.687861360609531,539.7194474339485,8085.209467051551
14459.08147610724,15.687861360609531,539.7194474339485,8085.784633046016
14459.137299586087,15.689110705628991,539.7664171233773,8085.784633046016
14459.88919234462,15.689110705628991,539.7664171233773,8086.231474980712
14460.610967492685,15.693708751350641,539.8229052126408,8086.231474980712
14461.339674886316,15.693708751350641,539.8229052126408,8086.734928760678
14461.38373022899,15.694995695725083,539.8559458535165,8086.734928760678
14462.304831242189,15.694995695725083,539.8559458535165,8087.378193547949
14462.36899581179,15.69625760987401,539.9073816724122,8087.378193547949
14463.101270362735,15.69625760987401,539.9073816724122,8087.8831344451755
14463.21721395664,15.697586653754115,539.9969117250293,8087.8831344451755
14463.874771723524,15.697586653754115,539.9969117250293,8088.28949643299
14464.648323206231,15.702142277732491,540.04703479819,8088.28949643299
14465.301528114825,15.702142277732491,540.04703479819,8088.735733008012
14465.358834579587,15.703508080914617,540.0936362985522,8088.735733008012
14466.004621101543,15.703508080914617,540.0936362985522,8089.190106261522
14466.052914964035,15.704746913164854,540.1297536157072,8089.190106261522
14466.879265327007,15.704746913164854,540.1297536157072,8089.797516556457
14466.968916462734,15.706244660541415,540.1700796112418,8089.797516556457
14467.456884959713,15.706244660541415,540.1700796112418,8090.1246143672615
14467.98595293425,15.715895326808095,540.2270349599421,8090.1246143672615
14468.628504397348,15.715895326808095,540.2270349599421,8090.476486651227
14468.71618492715,15.717234218493104,540.2985426522791,8090.476486651227
14469.3999039419,15.717234218493104,540.2985426522791,8090.901897335425
14469.454712891951,15.718797117471695,540.3448264356703,8090.901897335425
14470.130841907114,15.718797117471695,540.3448264356703,8091.363988569006
14470.225049443543,15.720092309638858,540.4225587528199,8091.363988569006
14471.004588596523,15.720092309638858,540.4225587528199,8091.928162701428
14471.64870548062,15.724680231884122,540.4763514827937,8091.928162701428
14472.584212256595,15.724680231884122,540.4763514827937,8092.530480131507
14472.68362753652,15.725997928529978,540.5482079833746,8092.530480131507
14473.424699388444,15.725997928529978,540.5482079833746,8092.99761999771
14473.478237623349,15.727344503626227,540.5929940789938,8092.99761999771
14474.05894797109,15.727344503626227,540.5929940789938,8093.384346259758
14474.121849395335,15.728589747101068,540.6438738238066,8093.384346259758
14474.74660614878,15.728589747101068,540.6438738238066,8093.783353473991
14475.47306410037,15.733207719400525,540.7011661268771,8093.783353473991
14476.28210321255,15.733207719400525,540.7011661268771,8094.328566133976
14476.349876936525,15.734499402344227,540.7534720990807,8094.328566133976
14477.192308256403,15.734499402344227,540.7534720990807,8094.938715098426
14477.236179815605,15.735799066722393,540.7858681790531,8094.938715098426
14477.855633947998,15.735799066722393,540.7858681790531,8095.310662800446
14477.919044574723,15.737120712175965,540.8230260368437,8095.310662800446
14478.909246455878,15.737120712175965,540.8230260368437,8095.925653042272
14481.411189809442,15.742577521130443,540.8650860227644,8095.925653042272
14482.266325909644,15.742577521130443,540.8650860227644,8096.397072756663
14482.32770884037,15.74388513341546,540.9138619229198,8096.397072756663
14482.989687137306,15.74388513341546,540.9138619229198,8096.715319829062
14483.049452716485,15.745173437520862,540.9640913493931,8096.715319829062
14483.644530655816,15.745173437520862,540.9640913493931,8097.002512916923
14483.747729988769,15.746524561196566,541.0048356242478,8097.002512916923
14484.44342277944,15.746524561196566,541.0048356242478,8097.330776082352
14485.914960727096,15.755737060680985,541.0528973601758,8097.330776082352
14486.656433975324,15.755737060680985,541.0528973601758,8097.739696705714
14486.868435621262,15.75718266889453,541.1083348914981,8097.739696705714
14487.557892391458,15.75718266889453,541.1083348914981,8098.12334340997
14487.600786624476,15.758486360311508,541.1425438448787,8098.12334340997
14488.604973711073,15.758486360311508,541.1425438448787,8098.622396027669
14488.681670067832,15.75982353463769,541.2071818038821,8098.622396027669
14489.474726837128,15.75982353463769,541.2071818038821,8099.0474456157535
14493.425452493131,15.76447675190866,541.2422630246729,8099.0474456157535
14494.001781892031,15.76447675190866,541.2422630246729,8099.325568696484
14494.049023671076,15.765733884647489,541.2774935252964,8099.325568696484
14494.726807659492,15.765733884647489,541.2774935252964,8099.614646466449
14494.920084992424,15.76716035977006,541.3572416286916,8099.614646466449
14495.903596013784,15.76716035977006,541.3572416286916,8100.089583715424
14496.001519927755,15.768398443236947,541.4409748874605,8100.089583715424
14496.669828111306,15.768398443236947,541.4409748874605,8100.557168671861
14497.796520423144,15.772900115698576,541.5335627552122,8100.557168671861
14498.979042673483,15.772900115698576,541.5335627552122,8101.067355213687
14499.038959855214,15.778223443776369,541.5803258568048,8101.067355213687
14499.775255799294,15.778223443776369,541.5803258568048,8101.435063596815
14499.837519535795,15.779548360034823,541.625159714371,8101.435063596815
14500.480479575694,15.779548360034823,541.625159714371,8101.753037814051
14500.523315027356,15.781365294009447,541.6575222145766,8101.753037814051
14500.990379283205,15.781365294009447,541.6575222145766,8102.05523340404
14503.188218444586,15.786014139652252,541.6947621032596,8102.05523340404
14503.78198746778,15.786014139652252,541.6947621032596,8102.411658812314
14503.969725612551,15.787495397031307,541.7354043126106,8102.411658812314
14504.877535311505,15.787495397031307,541.7354043126106,8102.776399664581
14505.134462166578,15.788916312158108,541.7811102475971,8102.776399664581
14506.364995030686,15.788916312158108,541.7811102475971,8103.051208654419
14506.472432488576,15.790226146578789,541.8585557285696,8103.051208654419
14507.146656671539,15.790226146578789,541.8585557285696,8103.340755602345
14509.19589097239,15.79614700190723,541.9062924981117,8103.340755602345
14509.842842224985,15.79614700190723,541.9062924981117,8103.699860429391
14509.8842933923,15.797430414706469,541.938468106091,8103.699860429391
14510.847667405382,15.797430414706469,541.938468106091,8104.237569371238
14510.966295588762,15.798772111535072,542.0237304102629,8104.237569371238
14511.648043297231,15.798772111535072,542.0237304102629,8104.696149090305
14511.792819675058,15.800192277878523,542.065971121192,8104.696149090305
14512.407732777297,15.800192277878523,542.065971121192,8105.097860444337
14514.175560798496,15.80473150126636,542.1144755650312,8105.097860444337
14514.668387932703,15.80473150126636,542.1144755650312,8105.470030028373
14514.728406388313,15.806110026314855,542.1625505704433,8105.470030028373
14515.462671814486,15.806110026314855,542.1625505704433,8105.763986848295
14515.555786704645,15.807435639202595,542.2395929247141,8105.763986848295
14516.105190427974,15.807435639202595,542.2395929247141,8106.1272615697235
14516.16113810055,15.808774072676897,542.2833587005734,8106.1272615697235
14517.315716907382,15.808774072676897,542.2833587005734,8106.565828105435
14519.782548204064,15.81339062564075,542.3748802393675,8106.565828105435
14520.298107724637,15.81339062564075,542.3748802393675,8106.893352078274
14520.357151899487,15.814680188894272,542.4253827687353,8106.893352078274
14520.948819808662,15.814680188894272,542.4253827687353,8107.277685444802
14520.993582684547,15.816025933250785,542.4577923696488,8107.277685444802
14522.035171264783,15.816025933250785,542.4577923696488,8107.969963204116
14522.126183813438,15.81733345799148,542.5346190202981,8107.969963204116
14522.932400951162,15.81733345799148,542.5346190202981,8108.493585349992
14525.307472325861,15.821854760870337,542.6030150260776,8108.493585349992
14526.075195843354,15.821854760870337,542.6030150260776,8108.876991409808
14526.121374374256,15.823255447670817,542.6394383907318,8108.876991409808
14526.836564943194,15.823255447670817,542.6394383907318,8109.184862352908
14526.904666444287,15.824563125148416,542.6891406066716,8109.184862352908
14527.490422004834,15.824563125148416,542.6891406066716,8109.61284731701
14527.53898899071,15.826473791152239,542.7257623840123,8109.61284731701
14528.095714500174,15.826473791152239,542.7257623840123,8109.952490188181
14528.936142724007,15.831151885911822,542.7840471863747,8109.952490188181
14529.672067629173,15.831151885911822,542.7840471863747,8110.405611999333
14529.754290420562,15.832522032782435,542.8212240226567,8110.405611999333
14530.826085299253,15.832522032782435,542.8212240226567,8111.00325175561
14530.886400548741,15.833883605897427,542.8684530034661,8111.00325175561
14531.80640316382,15.833883605897427,542.8684530034661,8111.552139831707
14531.866327643394,15.835206950083375,542.9200742337853,8111.552139831707
14532.680272756144,15.835206950083375,542.9200742337853,8112.034519426525
14533.839779283851,15.839801635593176,543.005679924041,8112.034519426525
14534.488171916455,15.839801635593176,543.005679924041,8112.340941911563
14534.589995324612,15.842615054920316,543.0726561658084,8112.340941911563
14535.367940405384,15.842615054920316,543.0726561658084,8112.644232571125
14535.429777283221,15.84393028728664,543.1153368540108,8112.644232571125
14536.486214283854,15.84393028728664,543.1153368540108,8113.098460981622
14536.544765332714,15.845219591632485,543.155202139169,8113.098460981622
14537.498347496614,15.845219591632485,543.155202139169,8113.5859314296395
14539.300445031375,15.850033279508352,543.1948016509414,8113.5859314296395
14540.210020635277,15.850033279508352,543.1948016509414,8114.199198760092
14540.32488851063,15.851516645401716,543.2473291996866,8114.199198760092
14541.016742553562,15.851516645401716,543.2473291996866,8114.5610921587795
14541.105436539277,15.85499743744731,543.3166312333196,8114.5610921587795
14541.759934194386,15.85499743744731,543.3166312333196,8114.936285838485
14541.842424988747,15.856399910524487,543.3804302755743,8114.936285838485
14542.62056546472,15.856399910524487,543.3804302755743,8115.276898758486
14544.482821695507,15.860843487083912,543.4730700161308,8115.276898758486
14545.110811976716,15.860843487083912,543.4730700161308,8115.675820600241
14545.168313363567,15.862161111086607,543.5180983562022,8115.675820600241
14545.970458049327,15.862161111086607,543.5180983562022,8116.065636688843
14546.025014724582,15.86336288228631,543.5632353071123,8116.065636688843
14546.643060263246,15.86336288228631,543.5632353071123,8116.381475456059
14546.696769142523,15.864666037261486,543.6019391026348,8116.381475456059
14547.64725198038,15.864666037261486,543.6019391026348,8116.833576649427
14550.286555672064,15.870645117014647,543.6929692234844,8116.833576649427
14551.405738286674,15.870645117014647,543.6929692234844,8117.2671242542565
14551.467962391675,15.87196807935834,543.7411384396255,8117.2671242542565
14552.94643763639,15.87196807935834,543.7411384396255,8117.732508827001
14553.098850963637,15.873471226543188,543.7897782064974,8117.732508827001
14553.926457943395,15.873471226543188,543.7897782064974,8118.076506279409
14553.99821158126,15.874737348407507,543.837078217417,8118.076506279409
14554.576770452783,15.874737348407507,543.837078217417,8118.523637481034
14556.992062246427,15.879522696137428,543.891846138984,8118.523637481034
14557.511647030711,15.879522696137428,543.891846138984,8118.818370936438
14557.592682275921,15.880933759734035,543.9573849029839,8118.818370936438
14558.525829399005,15.880933759734035,543.9573849029839,8119.201192785054
14558.572955138981,15.882281282916665,543.9958885069937,8119.201192785054
14559.409456091002,15.882281282916665,543.9958885069937,8119.536127820611
14559.700191192329,15.883964309468865,544.04142559506,8119.536127820611
14560.838060876355,15.883964309468865,544.04142559506,8119.93376811035
14562.287100747228,15.891537668183446,544.1366973109543,8119.93376811035
14562.858273750171,15.891537668183446,544.1366973109543,8120.260907577351
14562.91770266369,15.892821423709393,544.1875609792769,8120.260907577351
14563.956039503217,15.892821423709393,544.1875609792769,8120.65870667994
14564.3009044528,15.89418119750917,544.229711227119,8120.65870667994
14565.143276751041,15.89418119750917,544.229711227119,8120.924655696377
14565.338745476678,15.896978877484798,544.2671370897442,8120.924655696377
14566.018992636353,15.896978877484798,544.2671370897442,8121.251375740394
14568.616847021505,15.90153787843883,544.330378903076,8121.251375740394
14569.500343719497,15.90153787843883,544.330378903076,8121.669459033757
14569.598629111424,15.90293875336647,544.4068956077099,8121.669459033757
14570.402158943936,15.90293875336647,544.4068956077099,8122.116940373555
14570.457658743486,15.904227586463094,544.4506200160831,8122.116940373555
14571.323552342132,15.904227586463094,544.4506200160831,8122.6278909202665
14571.425399640575,15.905471799895167,544.5276763793081,8122.6278909202665
14572.252077111974,15.905471799895167,544.5276763793081,8123.0832902844995
14573.22588441521,15.910108095034957,544.5623314417899,8123.0832902844995
14574.166618248448,15.910108095034957,544.5623314417899,8123.439759284258
14574.262929303572,15.91142975911498,544.6094608828425,8123.439759284258
14574.959093287587,15.91142975911498,544.6094608828425,8123.924659725279
14575.016220157966,15.912670481950045,544.6493161004037,8123.924659725279
14576.268962547183,15.912670481950045,544.6493161004037,8124.334355134517
14576.383352514356,15.914015796035528,544.7356127128005,8124.334355134517
14577.011213792488,15.914015796035528,544.7356127128005,8124.637807616964
14578.86644759588,15.918536689132452,544.7764681875706,8124.637807616964
14579.356268055737,15.918536689132452,544.7764681875706,8124.931746058166
14579.463672185317,15.919818980619311,544.8583458289504,8124.931746058166
14580.457743870094,15.919818980619311,544.8583458289504,8125.36567834951
14580.51074338518,15.921111853793263,544.9025368764997,8125.36567834951
14581.136485243216,15.921111853793263,544.9025368764997,8125.653531547636
14581.20652544126,15.92245714738965,544.9394991099834,8125.653531547636
14582.135359516367,15.92245714738965,544.9394991099834,8126.224115781486
14583.516154902056,15.9270398337394,545.056951360777,8126.224115781486
14584.719314387068,15.9270398337394,545.056951360777,8126.843279952183
14584.795814851299,15.928365025669336,545.1080413814634,8126.843279952183
14585.606429483742,15.928365025669336,545.1080413814634,8127.23134736903
14585.65084156394,15.929628308862448,545.1439566481858,8127.23134736903
14586.36381961219,15.929628308862448,545.1439566481858,8127.705716598779
14586.413384575397,15.930950922891498,545.1847954317927,8127.705716598779
14587.195823021233,15.930950922891498,545.1847954317927,8128.018439959735
14589.273516612127,15.938710663467646,545.2688712254167,8128.018439959735
14589.905143268406,15.938710663467646,545.2688712254167,8128.373049525544
14590.226127019152,15.940174099057913,545.3301687221974,8128.373049525544
14591.092681860551,15.940174099057913,545.3301687221974,8128.85737554729
14591.266414377838,15.9415864944458,545.3741335533559,8128.85737554729
14592.022403422743,15.9415864944458,545.3741335533559,8129.200391672552
14592.142351968214,15.942871686071157,545.4304798729718,8129.200391672552
14592.906425230205,15.942871686071157,545.4304798729718,8129.675135336816
14594.565476687625,15.947396716102958,545.523699073121,8129.675135336816
14595.39472239837,15.947396716102958,545.523699073121,8130.23853302747
14595.535147218034,15.950200956314802,545.5633234158158,8130.23853302747
14596.482292795554,15.950200956314802,545.5633234158158,8130.783051233739
14596.532098576427,15.951585059985518,545.6045606676489,8130.783051233739
14597.536145841703,15.951585059985518,545.6045606676489,8131.3653086889535
14597.589741928503,15.953108187764883,545.6378740258515,8131.3653086889535
14598.259921478108,15.953108187764883,545.6378740258515,8131.720784248784
14599.98443993181,15.957894764840603,545.7043533902615,8131.720784248784
14600.669149003923,15.957894764840603,545.7043533902615,8132.067832725123
14600.759329948574,15.959205957129598,545.7448738478124,8132.067832725123
14601.394098961726,15.959205957129598,545.7448738478124,8132.463449789211
14601.460477972403,15.960527339950204,545.802355017513,8132.463449789211
14602.340525457636,15.960527339950204,545.802355017513,8133.035666082054
14602.462622823194,15.961901964619756,545.8619331270456,8133.035666082054
14603.38061511144,15.961901964619756,545.8619331270456,8133.652349565178
14604.542142679915,15.966455256566405,545.939454479143,8133.652349565178
14605.547309845686,15.966455256566405,545.939454479143,8134.209383521229
14605.617557736114,15.967836901545525,545.9932859092951,8134.209383521229
14606.20631794259,15.967836901545525,545.9932859092951,8134.610739698634
14606.25797233358,15.969160616397858,546.0359874367714,8134.610739698634
14606.857696708292,15.969160616397858,546.0359874367714,8134.936811752617
14607.021270431578,15.970761116594076,546.1157217491418,8134.936811752617
14607.676820283756,15.970761116594076,546.1157217491418,8135.332905493677
14609.534847479314,15.975564563646913,546.1846744734794,8135.332905493677
14610.176003020257,15.975564563646913,546.1846744734794,8135.643143963069
14610.251266021281,15.977076882496476,546.2272121477872,8135.643143963069
14610.990988239646,15.977076882496476,546.2272121477872,8136.014868538827
14611.085086876526,15.978412745520473,546.2950484752655,8136.014868538827
14611.727657031268,15.978412745520473,546.2950484752655,8136.389871494845
14611.787823008373,15.979736618697643,546.3450890593231,8136.389871494845
14612.640432931483,15.979736618697643,546.3450890593231,8136.8316549714655
14613.565737633035,15.984891081228852,546.38483620435,8136.8316549714655
14614.233103241771,15.984891081228852,546.38483620435,8137.137182120234
14614.291841411963,15.986194916069508,546.427707856521,8137.137182120234
14614.96214236319,15.986194916069508,546.427707856521,8137.608123956248
14615.017621805891,15.987465949729085,546.4751830827445,8137.608123956248
14615.961004747078,15.987465949729085,546.4751830827445,8138.141121003777
14616.00695396401,15.988783854991198,546.508069332689,8138.141121003777
14617.007266903296,15.988783854991198,546.508069332689,8138.612634822726
14619.521207707003,15.999619653448462,546.5537932049483,8138.612634822726
14620.207893779501,15.999619653448462,546.5537932049483,8138.896311586723
14620.272102089599,16.001064129173756,546.6010485962033,8138.896311586723
14621.208387140185,16.001064129173756,546.6010485962033,8139.3682792037725
14621.288047293201,16.00237638130784,546.6659576203674,8139.3682792037725
14622.211589392275,16.00237638130784,546.6659576203674,8139.883172960952
14622.278043454513,16.00375283509493,546.7112826835364,8139.883172960952
14623.013976441696,16.00375283509493,546.7112826835364,8140.1837448216975
14624.945877045393,16.008276976644993,546.7962752636522,8140.1837448216975
14625.910131538287,16.008276976644993,546.7962752636522,8140.568903544918
14626.011319803074,16.0095218680799,546.8841425664723,8140.568903544918
14626.80004395172,16.0095218680799,546.8841425664723,8141.01517156139
14626.867114596069,16.01086257211864,546.9402654077858,8141.01517156139
14627.702720711008,16.01086257211864,546.9402654077858,8141.329456243664
14627.798457955942,16.01249461248517,547.0122200082988,8141.329456243664
14628.958505228162,16.01249461248517,547.0122200082988,8141.660733683035
14630.332973020151,16.017081474885345,547.1398603636771,8141.660733683035
14630.961819984019,16.017081474885345,547.1398603636771,8141.993737934157
14631.055296409875,16.01849089935422,547.2188972830772,8141.993737934157
14632.15738365613,16.01849089935422,547.2188972830772,8142.355889938772
14632.230148360133,16.020324582234025,547.2747691627592,8142.355889938772
14632.981004681438,16.020324582234025,547.2747691627592,8142.679543141276
14633.050059111789,16.021673645824194,547.3166016433388,8142.679543141276
14633.867997614667,16.021673645824194,547.3166016433388,8143.258668130264
14635.373611295596,16.02659760415554,547.4248382467777,8143.258668130264
14636.00222009793,16.02659760415554,547.4248382467777,8143.686915228143
14636.114917861298,16.028021559119225,547.5213883947581,8143.686915228143
14636.99217850715,16.028021559119225,547.5213883947581,8144.1339761689305
14637.063407186419,16.029406351968646,547.5801628567278,8144.1339761689305
14638.194066951051,16.029406351968646,547.5801628567278,8144.6536317020655
14638.321390671656,16.03093821927905,547.6845256872475,8144.6536317020655
14638.881173590198,16.03093821927905,547.6845256872475,8145.024481162429
14641.454820856452,16.04024932347238,547.7396722603589,8145.024481162429
14642.358929499984,16.04024932347238,547.7396722603589,8145.3603982087225
14642.41798927635,16.041598988696933,547.7864179741591,8145.3603982087225
14642.96470008418,16.041598988696933,547.7864179741591,8145.66272751987
14643.054534791037,16.043117705732584,547.8590212259442,8145.66272751987
14643.920405969024,16.043117705732584,547.8590212259442,8146.0795379802585
14644.020486336201,16.04445522837341,547.9374045263976,8146.0795379802585
14644.905090684071,16.04445522837341,547.9374045263976,8146.478926733136
14646.673848934472,16.04919818416238,547.9766629319638,8146.478926733136
14647.33629005216,16.04919818416238,547.9766629319638,8146.8224537447095
14647.416880771518,16.050602599978447,548.0443124249578,8146.8224537447095
14647.923485539854,16.050602599978447,548.0443124249578,8147.125723162666
14648.032742759213,16.051990324631333,548.1354170367122,8147.125723162666
14648.530094787478,16.051990324631333,548.1354170367122,8147.426745770499
14648.669204186648,16.053346451371908,548.2540067620575,8147.426745770499
14649.78255704604,16.053346451371908,548.2540067620575,8147.883298287168
14651.983339384198,16.058929881080985,548.2941047921777,8147.883298287168
14652.847509339452,16.058929881080985,548.2941047921777,8148.310060540214
14652.952247459441,16.060259517282248,548.3873432725668,8148.310060540214
14653.822247212753,16.060259517282248,548.3873432725668,8148.813603010029
14653.900004120544,16.061683060601354,548.4533722177148,8148.813603010029
14654.605628835037,16.061683060601354,548.4533722177148,8149.27188225463
14654.736816577613,16.063067646697164,548.5749932657927,8149.27188225463
14655.359090603888,16.063067646697164,548.5749932657927,8149.586456723511
14656.961335157976,16.067820413038135,548.6144694052637,8149.586456723511
14657.81146197766,16.067820413038135,548.6144694052637,8149.918779073283
14657.914550058544,16.069218607619405,548.6915859933943,8149.918779073283
14658.424939433113,16.069218607619405,548.6915859933943,8150.222349828109
14658.525952285156,16.070637073367834,548.7594692427665,8150.222349828109
14659.446386286989,16.070637073367834,548.7594692427665,8150.762209072709
14659.57037960738,16.072124142199755,548.8694229777902,8150.762209072709
14660.258710460737,16.072124142199755,548.8694229777902,8151.261825082824
14661.440419256687,16.0785440094769,548.9331682883203,8151.261825082824
14662.072484819219,16.0785440094769,548.9331682883203,8151.6009877268225
14662.158290363848,16.080619268119335,548.9999170359224,8151.6009877268225
14663.023124603555,16.080619268119335,548.9999170359224,8152.09475527145
14663.151903161779,16.082029603421688,549.0538845080882,8152.09475527145
14663.77049067244,16.082029603421688,549.0538845080882,8152.412237690762
14663.8364437446,16.08339113742113,549.1015020366758,8152.412237690762
14664.45738872327,16.08339113742113,549.1015020366758,8152.7536905147135
14665.982184587047,16.088095555081964,549.1421106681228,8152.7536905147135
14666.832236288115,16.088095555081964,549.1421106681228,8153.244451111183
14666.901402827352,16.091510698199272,549.1913718637079,8153.244451111183
14667.63272585161,16.091510698199272,549.1913718637079,8153.697767436504
14667.733715204522,16.093012837693095,549.2765410654247,8153.697767436504
14668.31606685184,16.093012837693095,549.2765410654247,8154.002101527527
14668.408963704482,16.094382671639323,549.3500541057438,8154.002101527527
14669.553667247295,16.094382671639323,549.3500541057438,8154.637226046994
14670.922475203872,16.09902815707028,549.4184706415981,8154.637226046994
14671.771967003122,16.09902815707028,549.4184706415981,8155.104898672551
14671.870339378715,16.100392691791058,549.5083583015949,8155.104898672551
14672.706749867648,16.100392691791058,549.5083583015949,8155.593113385141
14672.77273229137,16.101752944290638,549.5624907165766,8155.593113385141
14673.569739051163,16.101752944290638,549.5624907165766,8156.117160219699
14673.626923045143,16.103156248107553,549.6073800846934,8156.117160219699
14674.657363563776,16.103156248107553,549.6073800846934,8156.717183869332
14676.572052976117,16.107690539211035,549.6722735557705,8156.717183869332
14677.2134129107,16.107690539211035,549.6722735557705,8157.090306673199
14677.338498279452,16.1090200021863,549.7852524667978,8157.090306673199
14678.1734394636,16.1090200021863,549.7852524667978,8157.62950540334
14678.249576123431,16.110336765646935,549.8489694502205,8157.62950540334
14678.921248780563,16.110336765646935,549.8489694502205,8158.039087524638
14679.00028802082,16.111769502982497,549.9184212163091,8158.039087524638
14679.77151299268,16.111769502982497,549.9184212163091,8158.451001616195
14681.103763123974,16.116269797086716,549.9658446498215,8158.451001616195
14681.69536453113,16.116269797086716,549.9658446498215,8158.83689671196
14681.772678462788,16.117655823007226,550.0343702379614,8158.83689671196
14682.265841893852,16.117655823007226,550.0343702379614,8159.144266946241
14682.338468918577,16.119020158424973,550.0877542607486,8159.144266946241
14683.01621105522,16.119020158424973,550.0877542607486,8159.469116650522
14683.063028860837,16.120410511270165,550.1261538825929,8159.469116650522
14683.623718844727,16.120410511270165,550.1261538825929,8159.801075285301
14686.134594084695,16.124961491674185,550.1785923000425,8159.801075285301
14687.087485548109,16.124961491674185,550.1785923000425,8160.317771438509
14687.16973621957,16.126441000029445,550.2195865157992,8160.317771438509
14688.308591153473,16.126441000029445,550.2195865157992,8160.8900751862675
14688.407427316532,16.127807896584272,550.3019061386585,8160.8900751862675
14689.071411732584,16.127807896584272,550.3019061386585,8161.23968963325
14689.179116347805,16.129198810085654,550.3947662506253,8161.23968963325
14689.821853745729,16.129198810085654,550.3947662506253,8161.590965557843
14690.975928587839,16.133774297311902,550.4571688063443,8161.590965557843
14691.602631606162,16.133774297311902,550.4571688063443,8161.957304066047
14691.747355535626,16.135099170729518,550.5749613456428,8161.957304066047
14692.338191127405,16.135099170729518,550.5749613456428,8162.323572313413
14692.453916348517,16.136474614962935,550.6780198551714,8162.323572313413
14693.130211420357,16.136474614962935,550.6780198551714,8162.628945829347
14693.238930361345,16.137820210307837,550.7732597123832,8162.628945829347
14694.136728372425,16.137820210307837,550.7732597123832,8163.015055621043
14695.269552327693,16.1475426889956,550.8281978741288,8163.015055621043
14695.717421023175,16.1475426889956,550.8281978741288,8163.299088649452
14695.800092551857,16.148914393037558,550.9004645496607,8163.299088649452
14696.416452879086,16.148914393037558,550.9004645496607,8163.65657289885
14696.551331527531,16.15042178146541,551.0196327716112,8163.65657289885
14697.270343700424,16.15042178146541,551.0196327716112,8164.137855494395
14697.380205681548,16.151888947933912,551.0955317653716,8164.137855494395
14698.02336037904,16.151888947933912,551.0955317653716,8164.5015739854425
14699.009517412633,16.156808936968446,551.1788702253252,8164.5015739854425
14699.988817596808,16.156808936968446,551.1788702253252,8165.022277897224
14700.098127670586,16.15897972509265,551.2623086664826,8165.022277897224
14700.878940455616,16.15897972509265,551.2623086664826,8165.481900436804
14700.962563481182,16.16057850420475,551.3334286026657,8165.481900436804
14701.574729923159,16.16057850420475,551.3334286026657,8165.857665788382
14701.648568179458,16.162003729492426,551.3981536217034,8165.857665788382
14702.576087171212,16.162003729492426,551.3981536217034,8166.488041292876
14703.403063131496,16.166736556217074,551.4570500757545,8166.488041292876
14704.092767048627,16.166736556217074,551.4570500757545,8166.95368550159
14704.201100071892,16.16814663261175,551.5528288111091,8166.95368550159
14705.006654540077,16.16814663261175,551.5528288111091,8167.498873712495
14705.067484328523,16.169503148645163,551.6019393149763,8167.498873712495
14705.686271572486,16.169503148645163,551.6019393149763,8167.887718621641
14705.777235992253,16.170911591500044,551.6840868629515,8167.887718621641
14706.38121657446,16.170911591500044,551.6840868629515,8168.333958579227
14707.262436801568,16.175621286034584,551.7293682470918,8168.333958579227
14707.987335819751,16.175621286034584,551.7293682470918,8168.865636933595
14708.066317079589,16.177010469138622,551.7938307914883,8168.865636933595
14709.08825485222,16.177010469138622,551.7938307914883,8169.440525446087
14709.219357974827,16.178414853289723,551.9121476784348,8169.440525446087
14710.068483386189,16.178414853289723,551.9121476784348,8169.902746414766
14710.144684655592,16.17980824969709,551.9756127949804,8169.902746414766
14710.9460898377,16.17980824969709,551.9756127949804,8170.462396821007
14711.883169163018,16.18943054974079,552.0154820233583,8170.462396821007
14712.807699311525,16.18943054974079,552.0154820233583,8170.889451868832
14712.879772296175,16.191003147512674,552.0788230802864,8170.889451868832
14713.49686929956,16.191003147512674,552.0788230802864,8171.318718787283
14713.668398536742,16.192566346377134,552.128444025293,8171.318718787283
14714.131121551618,16.192566346377134,552.128444025293,8171.631834907457
14714.270527664572,16.19401156157255,552.2304571066052,8171.631834907457
14715.118589399382,16.19401156157255,552.2304571066052,8172.200199699029
14715.867577176541,16.19875769689679,552.318386349827,8172.200199699029
14716.643908932805,16.19875769689679,552.318386349827,8172.716297600418
14716.728543253615,16.200160793960094,552.3864142298698,8172.716297600418
14717.261007711291,16.200160793960094,552.3864142298698,8173.108082724735
14717.325363747776,16.201541228219867,552.4419791903347,8173.108082724735
14717.940485244617,16.201541228219867,552.4419791903347,8173.5112464651465
14718.001249691471,16.20288474112749,552.4938976261765,8173.5112464651465
14718.592058872804,16.20288474112749,552.4938976261765,8173.881449393928
14719.556703392416,16.207558708265424,552.5473700817674,8173.881449393928
14720.285224495456,16.207558708265424,552.5473700817674,8174.407292542979
14720.414404971525,16.20895044505596,552.646795546636,8174.407292542979
14721.242385139689,16.20895044505596,552.646795546636,8174.951307309791
14721.314504113048,16.210272081196308,552.7074954845011,8174.951307309791
14722.17183989659,16.210272081196308,552.7074954845011,8175.553794074804
14722.223439067602,16.211665868759155,552.7455449495465,8175.553794074804
14722.908454807475,16.211665868759155,552.7455449495465,8176.024195462465
14723.46403414756,16.216500386595726,552.788826726377,8176.024195462465
14724.151975061744,16.216500386595726,552.788826726377,8176.5332861263305
14724.26832897216,16.218313820660114,552.8884063623846,8176.5332861263305
14725.08904440701,16.218313820660114,552.8884063623846,8177.141324043274
14725.226736327633,16.219734758138657,553.0093295071274,8177.141324043274
14726.072926107794,16.219734758138657,553.0093295071274,8177.676108395681
14726.148982703686,16.221135603263974,553.0730485785753,8177.676108395681
14726.920869659632,16.221135603263974,553.0730485785753,8178.212541438639
14727.752080796286,16.225690251216292,553.1670007109642,8178.212541438639
14728.462765114382,16.225690251216292,553.1670007109642,8178.6688777487725
14728.522074855864,16.227285807952285,553.2056949380785,8178.6688777487725
14729.241290539503,16.227285807952285,553.2056949380785,8179.107937864959
14729.315157428384,16.228641914203763,553.2651156391948,8179.107937864959
14730.033835340291,16.228641914203763,553.2651156391948,8179.611538436264
14730.13998470828,16.23003234155476,553.3328324332833,8179.611538436264
14730.86348948069,16.23003234155476,553.3328324332833,8180.094757888466
14731.531716551632,16.234936770051718,553.3933186959475,8180.094757888466
14732.224492263049,16.234936770051718,553.3933186959475,8180.596924344078
14732.322236428037,16.236444236710668,553.4732329323888,8180.596924344078
14733.023066285998,16.236444236710668,553.4732329323888,8181.0897416789085
14733.137307759374,16.237865064293146,553.5346541311592,8181.0897416789085
14733.808153621852,16.237865064293146,553.5346541311592,8181.523097870871
14733.913122985512,16.239236077293754,553.6276329644024,8181.523097870871
14734.492683684453,16.239236077293754,553.6276329644024,8181.910827809945
14735.08089498058,16.244999254122376,553.6749308779836,8181.910827809945
14735.595153598115,16.244999254122376,553.6749308779836,8182.230587879196
14735.72284459509,16.24659637361765,553.7873266786337,8182.230587879196
14736.500577166677,16.24659637361765,553.7873266786337,8182.667250342667
14736.58064693585,16.24809736944735,553.8546284567565,8182.667250342667
14737.367218727246,16.24809736944735,553.8546284567565,8183.286996282637
14737.457218999043,16.249473571777344,553.9359078388661,8183.286996282637
14738.239072665572,16.249473571777344,553.9359078388661,8183.902296522632
14738.958113808185,16.254210527986288,553.9765731487423,8183.902296522632
14739.68202907592,16.254210527986288,553.9765731487423,8184.346450602636
14739.769610023126,16.255646156147122,554.0478405151516,8184.346450602636
14740.66920809634,16.255646156147122,554.0478405151516,8184.893665609881
14740.745533548295,16.25699733942747,554.1110612396151,8184.893665609881
14741.606772763655,16.25699733942747,554.1110612396151,8185.550839012489
14741.69387249276,16.25843827612698,554.1714928429574,8185.550839012489
14742.75443062,16.25843827612698,554.1714928429574,8186.203626297414
14743.796507349238,16.26336994022131,554.3346251063049,8186.203626297414
14744.799445258453,16.26336994022131,554.3346251063049,8186.970799578354
14744.963717591017,16.264856226742268,554.4672420416027,8186.970799578354
14745.938260931522,16.264856226742268,554.4672420416027,8187.532877258956
14746.051607720554,16.266726657748222,554.5591227468103,8187.532877258956
14747.216683873907,16.266726657748222,554.5591227468103,8188.2252694461495
14747.306826427579,16.26808724179864,554.634170036763,8188.2252694461495
14748.19737430662,16.26808724179864,554.634170036763,8188.780668454245
14749.454243604094,16.275822902098298,554.7003152538091,8188.780668454245
14750.463891534135,16.275822902098298,554.7003152538091,8189.536137409508
14750.617701347917,16.277581423521042,554.8255202360451,8189.536137409508
14751.61094254069,16.277581423521042,554.8255202360451,8190.160125270486
14751.745193416253,16.27892106026411,554.93461769633,8190.160125270486
14752.826355559751,16.27892106026411,554.93461769633,8190.8762100972235
14752.910964053124,16.2803609482944,554.9924612417817,8190.8762100972235
14754.0661402978,16.2803609482944,554.9924612417817,8191.633726421744
14755.3679452762,16.289170790463686,555.1710383780301,8191.633726421744
14756.348389811814,16.289170790463686,555.1710383780301,8192.345951309428
14756.489208919927,16.290633399039507,555.2815145924687,8192.345951309428
14757.539274107665,16.290633399039507,555.2815145924687,8193.031487260014
14757.618298858404,16.291970694437623,555.3483479935676,8193.031487260014
14758.452317195013,16.291970694437623,555.3483479935676,8193.573889601976
14758.56927799806,16.293379301205277,555.456855494529,8193.573889601976
14759.485462713987,16.293379301205277,555.456855494529,8194.193021612242
14760.752059070393,16.308437393978238,555.6004720628262,8194.193021612242
14761.527466688305,16.308437393978238,555.6004720628262,8194.73256168142
14761.661344449967,16.30974661745131,555.7150019910187,8194.73256168142
14762.546048991382,16.30974661745131,555.7150019910187,8195.351977715269
14762.60738079995,16.311124632135034,555.7638334613293,8195.351977715269
14763.337622404099,16.311124632135034,555.7638334613293,8195.865635279566
14763.446678934619,16.312449956312776,555.8638160154223,8195.865635279566
14764.292905304581,16.312449956312776,555.8638160154223,8196.360253367573
14765.640504308045,16.317204251885414,555.9573346599936,8196.360253367573
14766.48637622036,16.317204251885414,555.9573346599936,8196.795009035617
14766.568357195705,16.318604566156864,556.0129619315267,8196.795009035617
14767.696598717943,16.318604566156864,556.0129619315267,8197.458062795922
14767.911174120381,16.320314090698957,556.18987746723,8197.458062795922
14768.950592914596,16.320314090698957,556.18987746723,8198.345147971064
14769.109337888658,16.321705346927047,556.3129856903106,8198.345147971064
14769.87449188903,16.321705346927047,556.3129856903106,8198.819920098409
14770.765923524275,16.326452923938632,556.4924335740507,8198.819920098409
14771.601845968515,16.326452923938632,556.4924335740507,8199.294008435681
14771.714524231851,16.328030912205577,556.5846143625677,8199.294008435681
14772.67352209799,16.328030912205577,556.5846143625677,8199.811483111233
14772.812605744228,16.329319613054395,556.6911962367594,8199.811483111233
14773.718902029097,16.329319613054395,556.6911962367594,8200.431865692139
14773.812585778534,16.33074718900025,556.7623110618442,8200.431865692139
14774.674952844158,16.33074718900025,556.7623110618442,8200.937711885199
14775.460404744372,16.33567287772894,556.8891326021403,8200.937711885199
14776.54834748432,16.33567287772894,556.8891326021403,8201.680533887818
14776.648275535554,16.337070863693953,556.9801023621112,8201.680533887818
14777.700366759673,16.337070863693953,556.9801023621112,8202.410714432597
14777.844463868067,16.338455099612474,557.0951013173908,8202.410714432597
14778.7991393134,16.338455099612474,557.0951013173908,8203.088683845475
14778.90037195012,16.339832216501236,557.1836169119924,8203.088683845475
14779.618851771578,16.339832216501236,557.1836169119924,8203.543353695422
14780.411962412298,16.344509122893214,557.3262999430299,8203.543353695422
14781.407299701124,16.344509122893214,557.3262999430299,8204.163085995242
14781.547103172168,16.34616607055068,557.3955277279019,8204.163085995242
14782.338485142216,16.34616607055068,557.3955277279019,8204.72618803382
14782.465923316777,16.347522726282477,557.5036774128675,8204.72618803382
14783.507103011012,16.347522726282477,557.5036774128675,8205.462302006781
14783.637160671875,16.34895035251975,557.603092385456,8205.462302006781
14784.596340371296,16.34895035251975,557.603092385456,8206.161145400256
14785.598500756547,16.358698401600122,557.7349847517908,8206.161145400256
14786.463004730642,16.358698401600122,557.7349847517908,8206.705788001418
14786.582098251209,16.367400888353586,557.831994600594,8206.705788001418
14787.568132832646,16.367400888353586,557.831994600594,8207.389107270166
14787.672114888206,16.368911875411868,557.9270855356008,8207.389107270166
14788.474889466539,16.368911875411868,557.9270855356008,8207.92044285871
14788.60459641926,16.37411872856319,558.0232857298106,8207.92044285871
14789.579752512276,16.37411872856319,558.0232857298106,8208.602802999318
14790.416736174375,16.378949489444494,558.160431239754,8208.602802999318
14791.318776391447,16.378949489444494,558.160431239754,8209.215259196237
14791.403514787555,16.380349965766072,558.2294022385031,8209.215259196237
14792.246765183285,16.380349965766072,558.2294022385031,8209.779779540375
14792.374828007072,16.381712501868606,558.347647536546,8209.779779540375
14793.20347205922,16.381712501868606,558.347647536546,8210.317126497626
14793.294742604718,16.38306587934494,558.4123396873474,8210.317126497626
14794.36619357206,16.38306587934494,558.4123396873474,8211.045262712985
14795.373357616365,16.387934708967805,558.5064291246235,8211.045262712985
14796.349662268534,16.387934708967805,558.5064291246235,8211.759351052344
14796.47303844802,16.38931144401431,558.6162432171404,8211.759351052344
14797.283324863762,16.38931144401431,558.6162432171404,8212.222230542451
14797.368469724432,16.39069045893848,558.6891527567059,8212.222230542451
14798.487628344446,16.39069045893848,558.6891527567059,8212.960744127631
14798.585156532004,16.39330675639212,558.7411239817739,8212.960744127631
14799.527600865811,16.39330675639212,558.7411239817739,8213.647577021271
14802.19400685653,16.40137709490955,558.7866711094975,8213.647577021271
14802.803319055587,16.40137709490955,558.7866711094975,8213.959997197613
14802.862093387172,16.402847480028868,558.8282812573016,8213.959997197613
14803.541137360036,16.402847480028868,558.8282812573016,8214.232710540295
14803.609840104356,16.404277684167027,558.887518286705,8214.232710540295
14804.530563931912,16.404277684167027,558.887518286705,8214.640015088022
14804.638830365613,16.40562177821994,558.9775833785534,8214.640015088022
14805.574881516397,16.40562177821994,558.9775833785534,8215.34094376117
14806.559104772285,16.41037092357874,559.0715579129755,8215.34094376117
14807.639522232115,16.41037092357874,559.0715579129755,8216.05631779693
14807.696940209717,16.411695547401905,559.1193770449609,8216.05631779693
14808.556591343135,16.411695547401905,559.1193770449609,8216.486620664597
14808.630162168294,16.413146503269672,559.1706968322396,8216.486620664597
14809.663044311106,16.413146503269672,559.1706968322396,8217.020952699706
14809.73902704753,16.41451027803123,559.2338772118092,8217.020952699706
14810.517355447635,16.41451027803123,559.2338772118092,8217.555338913575
14811.960778199136,16.419378424063325,559.3452749736607,8217.555338913575
14812.918637463823,16.419378424063325,559.3452749736607,8218.098843934014
14813.050919437781,16.42077948153019,559.4574322588742,8218.098843934014
14814.129125447944,16.42077948153019,559.4574322588742,8218.533188385889
14814.196790862828,16.422078477218747,559.512841200456,8218.533188385889
14814.794117083773,16.422078477218747,559.512841200456,8218.868288766593
14814.895899489522,16.423465551808476,559.5917825400829,8218.868288766593
14815.586160376668,16.423465551808476,559.5917825400829,8219.30651303567
14816.943433431908,16.437616638839245,559.7502149287611,8219.30651303567
14817.758074009791,16.437616638839245,559.7502149287611,8219.81233332865
14817.832343442366,16.438974102959037,559.8094064109027,8219.81233332865
14818.552282243967,16.438974102959037,559.8094064109027,8220.250947477296
14818.664496248588,16.440333746373653,559.8961888067424,8220.250947477296
14819.613346088678,16.440333746373653,559.8961888067424,8220.834059353918
14819.770968664438,16.44174119271338,560.0247776117176,8220.834059353918
14820.982901383191,16.44174119271338,560.0247776117176,8221.433971244842
14822.470980757847,16.446464566513896,560.1691223103553,8221.433971244842
14823.51869469136,16.446464566513896,560.1691223103553,8222.031136285514
14823.598731257021,16.447801750153303,560.2402311358601,8222.031136285514
14824.852477289736,16.447801750153303,560.2402311358601,8222.677647612989
14824.925209436566,16.45457123965025,560.2941856440157,8222.677647612989
14825.54612229392,16.45457123965025,560.2941856440157,8223.103151936084
14825.636238252744,16.455943064764142,560.3670818824321,8223.103151936084
14826.525674117729,16.455943064764142,560.3670818824321,8223.726008148864
14828.485227324069,16.46073256060481,560.5266723632812,8223.726008148864
14829.360143544152,16.46073256060481,560.5266723632812,8224.379707358778
14829.410720549524,16.462098004296422,560.5684338528663,8224.379707358778
14830.735644763336,16.462098004296422,560.5684338528663,8224.874622799456
14830.834178492427,16.467621192336082,560.6342020016164,8224.874622799456
14831.567593300715,16.467621192336082,560.6342020016164,8225.328467773274
14831.762906195596,16.468939093872905,560.7098197676241,8225.328467773274
14832.99173845537,16.468939093872905,560.7098197676241,8225.770904911682
14836.482758831233,16.4735598359257,560.7825069222599,8225.770904911682
14837.100033819675,16.4735598359257,560.7825069222599,8226.103879228234
14837.237679220736,16.47496722266078,560.8707901351154,8226.103879228234
14838.052275320515,16.47496722266078,560.8707901351154,8226.48270875588
14838.215575929731,16.476413248106837,561.0180303864181,8226.48270875588
14839.132047327235,16.476413248106837,561.0180303864181,8226.95883249119
14839.228242624551,16.477795222774148,561.0973105989397,8226.95883249119
14840.001717336476,16.477795222774148,561.0973105989397,8227.371532136574
14841.755718996748,16.486796202138066,561.187836933881,8227.371532136574
14842.34571342729,16.486796202138066,561.187836933881,8227.791478684172
14842.475419864058,16.488530533388257,561.2559085860848,8227.791478684172
14843.360429400578,16.488530533388257,561.2559085860848,8228.428057882935
14843.517630271614,16.489859350025654,561.3739580046386,8228.428057882935
14844.57885460928,16.489859350025654,561.3739580046386,8229.056929079816
14844.719046108425,16.49127070605755,561.493951709941,8229.056929079816
14845.872941479087,16.49127070605755,561.493951709941,8229.936080088839
14846.770216085017,16.496158761903644,561.6083931140602,8229.936080088839
14847.465969495475,16.496158761903644,561.6083931140602,8230.284533293918
14847.579103875905,16.497591676190495,561.6883199568838,8230.284533293918
14848.621851036325,16.497591676190495,561.6883199568838,8230.980244511738
14848.751748537645,16.4989408608526,561.8051309529692,8230.980244511738
14849.903343359008,16.4989408608526,561.8051309529692,8231.847707623616
14850.0084177088,16.500398537144065,561.8931331001222,8231.847707623616
14850.931767204776,16.500398537144065,561.8931331001222,8232.507532948628
14851.822615167126,16.505119413137436,562.0070513244718,8232.507532948628
14852.7632673271,16.505119413137436,562.0070513244718,8233.25660871528
14852.907958664,16.506502956151962,562.1225411277264,8233.25660871528
14853.903062872589,16.506502956151962,562.1225411277264,8233.900895072147
14854.031611900777,16.507899733260274,562.237862996757,8233.900895072147
14854.979156322777,16.507899733260274,562.237862996757,8234.589160719886
14855.057287203148,16.50928694754839,562.2995963860303,8234.589160719886
14855.753923732787,16.50928694754839,562.2995963860303,8234.888896262273
14859.376077543944,16.51397874392569,562.3472883813083,8234.888896262273
14860.372173592448,16.51397874392569,562.3472883813083,8235.255183640867
14860.672438053414,16.519119136035442,562.4080175310373,8235.255183640867
14861.502570271492,16.519119136035442,562.4080175310373,8235.709374286234
14861.582498515025,16.520489439368248,562.4720867313445,8235.709374286234
14862.570037899539,16.520489439368248,562.4720867313445,8235.987954018638
14862.632623663172,16.521849609911442,562.5135068055242,8235.987954018638
14863.38344260864,16.521849609911442,562.5135068055242,8236.352163147181
14865.009149005637,16.534971544519067,562.6304416768253,8236.352163147181
14865.777376143262,16.534971544519067,562.6304416768253,8236.760140175
14866.002071967348,16.536535451188684,562.6825133822858,8236.760140175
14866.83397758007,16.536535451188684,562.6825133822858,8237.076769182459
14866.94661940448,16.537962606176734,562.7719387374818,8237.076769182459
14867.856953844428,16.537962606176734,562.7719387374818,8237.52287840657
14867.917929310352,16.539217438548803,562.822257053107,8237.52287840657
14868.625706484541,16.539217438548803,562.822257053107,8237.817015230656
14870.93561581336,16.55247094668448,562.9141109827906,8237.817015230656
14871.879365576431,16.55247094668448,562.9141109827906,8238.513030381873
14872.09670667164,16.554080057889223,562.9621507767588,8238.513030381873
14872.921310424805,16.554080057889223,562.9621507767588,8238.917115909979
14873.07242740877,16.555489351972938,563.08878605254,8238.917115909979
14874.166801668704,16.555489351972938,563.08878605254,8239.557211628184
14874.221659971401,16.556849228218198,563.1352442074567,8239.557211628184
14875.128837900236,16.556849228218198,563.1352442074567,8240.172347469255
14878.422685146332,16.562004171311855,563.2695965301245,8240.172347469255
14879.360126547515,16.562004171311855,563.2695965301245,8240.691624568775
14879.66374145262,16.563456697389483,563.3091236110777,8240.691624568775
14880.570939352736,16.563456697389483,563.3091236110777,8241.31676144898
14880.62321924232,16.564809441566467,563.3464295323938,8241.31676144898
14881.235531004146,16.564809441566467,563.3464295323938,8241.787838093936
14881.353458803147,16.566176084801555,563.4449458532035,8241.787838093936
14882.533390913159,16.566176084801555,563.4449458532035,8242.678515005857
14883.315011058003,16.572957249358296,563.5193777512759,8242.678515005857
14884.573336027563,16.572957249358296,563.5193777512759,8243.346597339958
14884.667417040095,16.574346533045173,563.6007393151522,8243.346597339958
14885.459201807156,16.574346533045173,563.6007393151522,8243.990503851324
14885.541927514598,16.5757009498775,563.6744342911988,8243.990503851324
14886.359749089926,16.5757009498775,563.6744342911988,8244.5770117715
14886.484879240394,16.5771026853472,563.7855437882245,8244.5770117715
14887.558886239305,16.5771026853472,563.7855437882245,8245.265888823196
14888.523252008483,16.581499153748155,563.9164665322751,8245.265888823196
14889.50009020418,16.581499153748155,563.9164665322751,8245.852100787684
14889.591298451647,16.582793267443776,563.9952818099409,8245.852100787684
14890.939327679574,16.582793267443776,563.9952818099409,8246.561132362112
14890.98965040408,16.58419693261385,564.0360984429717,8246.561132362112
14891.657412776724,16.58419693261385,564.0360984429717,8246.969898898154
14891.726642150432,16.585576185956597,564.0890547242016,8246.969898898154
14892.605774279684,16.585576185956597,564.0890547242016,8247.491139525548
14893.723498888314,16.593360416591167,564.1866730898619,8247.491139525548
14894.626470280811,16.593360416591167,564.1866730898619,8247.893792083487
14894.773619784042,16.594752019271255,564.3179587889463,8247.893792083487
14895.777913955972,16.594752019271255,564.3179587889463,8248.514683971182
14895.925316894427,16.596134554594755,564.4422583449632,8248.514683971182
14896.739234233275,16.596134554594755,564.4422583449632,8248.893802266568
14896.834974136204,16.59755779057741,564.4964402094483,8248.893802266568
14897.731593642384,16.59755779057741,564.4964402094483,8249.416146725416
14898.889002207667,16.602296007797122,564.5822236109525,8249.416146725416
14899.766227964312,16.602296007797122,564.5822236109525,8249.930641559884
14899.857778599486,16.6036941036582,564.6469191350043,8249.930641559884
14900.718637175858,16.6036941036582,564.6469191350043,8250.458835305646
14900.770931014791,16.605142518877983,564.6901373099536,8250.458835305646
14901.817525979131,16.605142518877983,564.6901373099536,8250.978866403922
14901.952826291323,16.60647283308208,564.7987250331789,8250.978866403922
14903.106978399679,16.60647283308208,564.7987250331789,8251.592358350754
14904.476266248152,16.627541851252317,564.9428320918232,8251.592358350754
14905.514820337296,16.627541851252317,564.9428320918232,8252.364296618849
14905.644855575636,16.628917794674635,565.0427981391549,8252.364296618849
14906.474094143137,16.628917794674635,565.0427981391549,8252.795354729518
14906.555101599544,16.63037850148976,565.1100562307984,8252.795354729518
14907.444734906778,16.63037850148976,565.1100562307984,8253.25597687997
14907.584264183417,16.63174094632268,565.1999292168766,8253.25597687997
14908.531215870753,16.63174094632268,565.1999292168766,8253.905599148944
14909.831244615838,16.63644364103675,565.354827273637,8253.905599148944
14910.949765015393,16.63644364103675,565.354827273637,8254.634745480493
14911.034598363563,16.637829864397645,565.4096636883914,8254.634745480493
14912.11438219808,16.637829864397645,565.4096636883914,8255.33612363413
14912.217633696273,16.639248879626393,565.4982555899769,8255.33612363413
14913.227981964126,16.639248879626393,565.4982555899769,8255.931767465547
14913.379819864407,16.640651492401958,565.6357327923179,8255.931767465547
14914.616890460253,16.640651492401958,565.6357327923179,8256.763967297971
14915.861372837797,16.645304834470153,565.7033786289394,8256.763967297971
14916.647274799645,16.645304834470153,565.7033786289394,8257.300526885316
14916.921496523544,16.64690712466836,565.8304997459054,8257.300526885316
14918.207475308329,16.64690712466836,565.8304997459054,8258.075280210003
14918.314524775371,16.648679107427597,565.9006713051349,8258.075280210003
14918.980497291312,16.648679107427597,565.9006713051349,8258.404844718054
14919.160260884091,16.65016515366733,565.9640716519207,8258.404844718054
14919.817022355273,16.65016515366733,565.9640716519207,8258.743322856724
14921.770590601489,16.654965898022056,566.0566701255739,8258.743322856724
14922.640936775133,16.654965898022056,566.0566701255739,8259.245680393651
14922.753081191331,16.656313970685005,566.1533473357558,8259.245680393651
14923.756825296208,16.656313970685005,566.1533473357558,8259.698321064934
14923.875888468698,16.65779657661915,566.2477419152856,8259.698321064934
14924.72806404531,16.65779657661915,566.2477419152856,8260.22133055143
14924.802135428414,16.65920833311975,566.3057061973959,8260.22133055143
14925.904667690396,16.65920833311975,566.3057061973959,8260.811605857685
14927.118393652141,16.663922257721424,566.3714388795197,8260.811605857685
14928.156778132543,16.663922257721424,566.3714388795197,8261.464115833864
14928.322156395763,16.665348701179028,566.4970329590142,8261.464115833864
14929.040253732353,16.665348701179028,566.4970329590142,8261.914664426818
14929.086891341954,16.66677275672555,566.5342431776226,8261.914664426818
14929.989711811766,16.66677275672555,566.5342431776226,8262.52678893879
14930.066109027714,16.668163180351257,566.5797045249492,8262.52678893879
14931.123657951131,16.668163180351257,566.5797045249492,8263.128566114232
14935.463153582066,16.672898383811116,566.6596048530191,8263.128566114232
14936.2906009797,16.672898383811116,566.6596048530191,8263.43195479177
14936.342073036358,16.674273448064923,566.7011726498604,8263.43195479177
14937.204345099628,16.674273448064923,566.7011726498604,8263.746046131477
14937.357011955231,16.675627291202545,566.8108349442482,8263.746046131477
14938.308023596182,16.675627291202545,566.8108349442482,8264.180143091828
14938.366788143292,16.676927084103227,566.8481426462531,8264.180143091828
14939.102405469865,16.676927084103227,566.8481426462531,8264.53452692926
14941.127686632797,16.68281247653067,566.9073499720544,8264.53452692926
14942.2015809156,16.68281247653067,566.9073499720544,8265.15036328882
14942.275878451765,16.684178229421377,566.959022063762,8265.15036328882
14943.638684066013,16.684178229421377,566.959022063762,8265.656367305666
14943.704930428416,16.686045112088323,566.9988500699401,8265.656367305666
14944.694689048454,16.686045112088323,566.9988500699401,8265.95771510899
14944.794844079763,16.68747072853148,567.0705567002296,8265.95771510899
14945.43667793274,16.68747072853148,567.0705567002296,8266.293767506257
14949.043640373275,16.692438358440995,567.2166156880558,8266.293767506257
14949.917156813666,16.692438358440995,567.2166156880558,8266.817630574107
14950.104884924367,16.69387525320053,567.3696107100695,8266.817630574107
14950.968923343346,16.69387525320053,567.3696107100695,8267.197209317237
14951.050263687968,16.695204216986895,567.4330311696976,8267.197209317237
14952.294139096513,16.695204216986895,567.4330311696976,8267.79579119198
14952.595673151314,16.696701424196362,567.4747135285288,8267.79579119198
14953.332842512056,16.696701424196362,567.4747135285288,8268.104475565255
14956.747749667615,16.703040981665254,567.5619700178504,8268.104475565255
14957.846197359264,16.703040981665254,567.5619700178504,8268.667297694832
14957.905195619911,16.704471830278635,567.6091754883528,8268.667297694832
14958.790420075879,16.704471830278635,567.6091754883528,8269.1631799303
14959.064896835014,16.708976179361343,567.7179991174489,8269.1631799303
14959.94373372756,16.708976179361343,567.7179991174489,8269.614542964846
14960.24966211617,16.71039541438222,567.8084753248841,8269.614542964846
14960.970920238644,16.71039541438222,567.8084753248841,8270.188136221841
14962.084766259417,16.719620699062943,567.9302414171398,8270.188136221841
14963.412760056555,16.719620699062943,567.9302414171398,8270.776729958132
14963.522415941581,16.725069934502244,568.00440659374,8270.776729958132
14964.030491037294,16.725069934502244,568.00440659374,8271.095916572958
14964.076751271263,16.72645209915936,568.0416925232857,8271.095916572958
14964.745333397761,16.72645209915936,568.0416925232857,8271.524960620329
14965.050408449024,16.727817794308066,568.1389650739729,8271.524960620329
14965.664691040292,16.727817794308066,568.1389650739729,8271.809255979955
14968.232806045562,16.73572484590113,568.2441736664623,8271.809255979955
14969.118238860741,16.73572484590113,568.2441736664623,8272.39258544147
14969.32144084759,16.737141102552414,568.4207133054733,8272.39258544147
14970.491482613608,16.737141102552414,568.4207133054733,8273.10751766339
14970.603942420334,16.73844807781279,568.5076737012714,8273.10751766339
14971.760228347033,16.73844807781279,568.5076737012714,8273.769413979724
14971.841172516346,16.740040246397257,568.5727236140519,8273.769413979724
14972.650192813948,16.740040246397257,568.5727236140519,8274.082841584459
14974.859074439853,16.7503576669842,568.6595357581973,8274.082841584459
14975.758656358346,16.7503576669842,568.6595357581973,8274.655042529106
14975.88341572322,16.751688912510872,568.7644887380302,8274.655042529106
14976.9737911392,16.751688912510872,568.7644887380302,8275.329798471183
14977.064701935276,16.75307596847415,568.8463578298688,8275.329798471183
14978.039145883173,16.75307596847415,568.8463578298688,8275.965604111552
14978.226085301489,16.754545215517282,568.9699653051794,8275.965604111552
14978.971799911931,16.754545215517282,568.9699653051794,8276.328508257866
14980.400948768482,16.764392722398043,569.1333763375878,8276.328508257866
14981.337193831801,16.764392722398043,569.1333763375878,8276.873882479966
14981.458441814408,16.76832215115428,569.2179670315236,8276.873882479966
14982.274745956063,16.76832215115428,569.2179670315236,8277.321437930688
14982.342496255413,16.76974342763424,569.2763682305813,8277.321437930688
14983.389697195962,16.76974342763424,569.2763682305813,8277.819711005315
14983.498081667349,16.781960628926754,569.3548578135669,8277.819711005315
14984.150806304067,16.781960628926754,569.3548578135669,8278.188222233206
14985.874031702057,16.78686168603599,569.4828451611102,8278.188222233206
14986.83406500332,16.78686168603599,569.4828451611102,8278.735609963536
14986.978224612772,16.78843392431736,569.5328500438482,8278.735609963536
14987.912505567074,16.78843392431736,569.5328500438482,8279.20044802688
14988.05731856823,16.789812698960304,569.6526098605245,8279.20044802688
14989.55032219924,16.789812698960304,569.6526098605245,8280.163537224755
14989.623966036364,16.79118900373578,569.7132400441915,8280.163537224755
14990.458594011143,16.79118900373578,569.7132400441915,8280.500766541809
14992.50319818221,16.7958648186177,569.8210722561926,8280.500766541809
14993.505832063034,16.7958648186177,569.8210722561926,8281.107142105699
14993.59903533198,16.797206055372953,569.8969143051654,8281.107142105699
14994.738527910784,16.797206055372953,569.8969143051654,8281.830120189115
14994.942435164005,16.798872515559196,570.0154152214527,8281.830120189115
14996.073995828629,16.798872515559196,570.0154152214527,8282.489233871922
14996.19631534256,16.800290659070015,570.1062342282385,8282.489233871922
14997.219996124506,16.800290659070015,570.1062342282385,8283.03737272881
14998.970213968307,16.804890593513846,570.1784040983766,8283.03737272881
15000.067032555118,16.804890593513846,570.1784040983766,8283.63976397179
15000.144697468728,16.80623926408589,570.2427138257772,8283.63976397179
15000.846038432792,16.80623926408589,570.2427138257772,8283.924883130938
15001.350492931902,16.80785026215017,570.3528187666088,8283.924883130938
15002.115198720247,16.80785026215017,570.3528187666088,8284.226804582402
15002.195609137416,16.81099329702556,570.4141652490944,8284.226804582402
15002.925921175629,16.81099329702556,570.4141652490944,8284.5915559344
15005.83496842347,16.81849816814065,570.4729400463402,8284.5915559344
15006.60746787116,16.81849816814065,570.4729400463402,8284.971434421837
15006.682342881337,16.820211231708527,570.5316709745675,8284.971434421837
15007.80492470041,16.820211231708527,570.5316709745675,8285.333261795342
15007.871961148456,16.82153287343681,570.5895518995821,8285.333261795342
15008.881721002981,16.82153287343681,570.5895518995821,8285.784800063819
15009.013809494674,16.822888849303126,570.694527624175,8285.784800063819
15009.93508160673,16.822888849303126,570.694527624175,8286.350676352158
15012.51870034635,16.827512754127383,570.7561336643994,8286.350676352158
15013.281545132399,16.827512754127383,570.7561336643994,8286.712966671214
15013.798872575164,16.829373897984624,570.8132078256458,8286.712966671214
15014.369821295142,16.829373897984624,570.8132078256458,8286.98131787777
15014.476775713265,16.830739153549075,570.8884033188224,8286.98131787777
15015.763787368312,16.830739153549075,570.8884033188224,8287.768358681351
15015.929106827825,16.83206197619438,571.0262393429875,8287.768358681351
15017.187144080177,16.83206197619438,571.0262393429875,8288.597917601466
15018.18846312724,16.850063640624285,571.13352342695,8288.597917601466
15019.324854340404,16.850063640624285,571.13352342695,8289.350561076775
15019.428818684071,16.851450443267822,571.2278091963381,8289.350561076775
15020.480999927968,16.851450443267822,571.2278091963381,8290.207815259695
15020.553027546033,16.85281650722027,571.2897482533008,8290.207815259695
15021.327769240364,16.85281650722027,571.2897482533008,8290.681587548926
15021.431689344347,16.854254342615604,571.3779750037938,8290.681587548926
15022.393749104813,16.854254342615604,571.3779750037938,8291.293643599376
15025.74026812613,16.863000702112913,571.4595006741583,8291.293643599376
15026.385871654376,16.863000702112913,571.4595006741583,8291.611150432378
15026.491315744817,16.864654421806335,571.5443361531943,8291.611150432378
15027.620102584362,16.864654421806335,571.5443361531943,8292.08607807383
15027.760263599455,16.8660919778049,571.6665016729385,8292.08607807383
15028.75651931949,16.8660919778049,571.6665016729385,8292.46620661579
15028.874452475458,16.86759035475552,571.766112389043,8292.46620661579
15029.830458920449,16.86759035475552,571.766112389043,8293.093302000314
15031.032811835408,16.874421302229166,571.9558429382741,8293.093302000314
15031.932323219255,16.874421302229166,571.9558429382741,8293.792152447626
15032.04622189328,16.875829068943858,572.0555139463395,8293.792152447626
15033.368943452835,16.875829068943858,572.0555139463395,8294.747665725648
15033.438294220716,16.877250334247947,572.111576018855,8294.747665725648
15034.75667723082,16.877250334247947,572.111576018855,8295.708509137854
15034.929189132527,16.87871026992798,572.2644635941833,8295.708509137854
15036.000457763672,16.87871026992798,572.2644635941833,8296.347420578822
15037.130758194253,16.88307618163526,572.3322262745351,8296.347420578822
15038.040616359562,16.88307618163526,572.3322262745351,8296.922884054482
15038.20214110054,16.88472628965974,572.475695900619,8296.922884054482
15039.386221872643,16.88472628965974,572.475695900619,8297.856420345604
15039.554653648287,16.88606333360076,572.6238274909556,8297.856420345604
15040.663044303656,16.88606333360076,572.6238274909556,8298.802888430655
15040.74894968234,16.887525202706456,572.7007771991193,8298.802888430655
15042.195521626621,16.887525202706456,572.7007771991193,8299.653894424438
15043.244691893458,16.89633915014565,572.790176961571,8299.653894424438
15043.959069095552,16.89633915014565,572.790176961571,8300.108954740688
15044.07372463122,16.89780435524881,572.8921015299857,8300.108954740688
15045.043193843216,16.89780435524881,572.8921015299857,8300.74799589254
15045.234492523596,16.89938868395984,573.0589268188924,8300.74799589254
15046.101828115061,16.89938868395984,573.0589268188924,8301.428326550871
15046.310086520389,16.900855971500278,573.243309725076,8301.428326550871
15047.163045041263,16.900855971500278,573.243309725076,8302.004309147596
15048.208793679252,16.9056312777102,573.3328582681715,8302.004309147596
15049.26215469651,16.9056312777102,573.3328582681715,8302.709629015997
15049.387456327677,16.907087793573737,573.4467624202371,8302.709629015997
15050.155776523054,16.907087793573737,573.4467624202371,8303.19315797463
15050.256703544408,16.90856445208192,573.5272842422128,8303.19315797463
15051.094262348488,16.90856445208192,573.5272842422128,8303.732206877321
15051.225905001163,16.909952957183123,573.6278881281614,8303.732206877321
15052.483736796305,16.909952957183123,573.6278881281614,8304.611720889807
15053.407501807436,16.914936009794474,573.6976483762264,8304.611720889807
15054.27124331519,16.914936009794474,573.6976483762264,8305.241130290553
15054.468444032595,16.91642993502319,573.8666903972626,8305.241130290553
15055.242978980765,16.91642993502319,573.8666903972626,8305.779427887872
15055.433065660298,16.918128365650773,574.0234555155039,8305.779427887872
15056.271020023152,16.918128365650773,574.0234555155039,8306.380273893476
15056.394131474197,16.919576041400433,574.122013963759,8306.380273893476
15057.372290788218,16.919576041400433,574.122013963759,8307.060568073764
15058.192233955488,16.92774228937924,574.2425003666431,8307.060568073764
15059.022691644728,16.92774228937924,574.2425003666431,8307.63932248205
15059.205051103607,16.92919917590916,574.3882238548249,8307.63932248205
15060.140031848103,16.92919917590916,574.3882238548249,8308.187924526632
15060.301312958822,16.930670952424407,574.5289823953062,8308.187924526632
15061.221431676298,16.930670952424407,574.5289823953062,8308.713344564661
15061.393980676308,16.932106969878078,574.6702231969684,8308.713344564661
15062.336445527151,16.932106969878078,574.6702231969684,8309.370247984305
15063.239539487287,16.938046695664525,574.7767906170338,8309.370247984305
15064.337186977267,16.938046695664525,574.7767906170338,8310.069222133607
15064.430085664615,16.93952216207981,574.8413150217384,8310.069222133607
15065.515472874045,16.93952216207981,574.8413150217384,8310.804406544194
15065.658663215116,16.94102338887751,574.970369970426,8310.804406544194
15066.564465675503,16.94102338887751,574.970369970426,8311.4389770329
15066.692354343832,16.94265359826386,575.0798511561006,8311.4389770329
15067.565593516454,16.94265359826386,575.0798511561006,8312.067549010739
15068.497553760186,16.947411220520735,575.1572408825159,8312.067549010739
15069.232598399743,16.947411220520735,575.1572408825159,8312.465958466753
15069.379823235795,16.949489967897534,575.2776894271374,8312.465958466753
15070.387245452031,16.949489967897534,575.2776894271374,8313.227553706616
15070.516753468663,16.95096949674189,575.3980253767222,8313.227553706616
15071.425812387839,16.95096949674189,575.3980253767222,8313.886964065954
15071.62356010452,16.95242439210415,575.5761042591184,8313.886964065954
15072.691381191835,16.95242439210415,575.5761042591184,8314.74054810591
15073.600929500535,16.958951679989696,575.6958469077945,8314.74054810591
15074.379330273718,16.958951679989696,575.6958469077945,8315.349888380617
15074.449566571042,16.960413908585906,575.746051972732,8315.349888380617
15075.446340626106,16.960413908585906,575.746051972732,8315.992365784943
15075.515502074733,16.961899053305387,575.805723188445,8315.992365784943
15076.410547884181,16.961899053305387,575.805723188445,8316.584953928366
15076.627604328096,16.9633497800678,575.9988995436579,8316.584953928366
15077.365013834089,16.9633497800678,575.9988995436579,8317.091858804226
15079.921504262835,16.968432342633605,576.1381323039532,8317.091858804226
15080.910046190023,16.968432342633605,576.1381323039532,8317.463152583688
15081.059523396194,16.969942601397634,576.2607694379985,8317.463152583688
15081.632504235953,16.969942601397634,576.2607694379985,8317.898262385279
15081.712603839114,16.971380189061165,576.3318795524538,8317.898262385279
15082.814321151003,16.971380189061165,576.3318795524538,8318.546121807769
15082.963908419013,16.97282922640443,576.4652744680643,8318.546121807769
15083.898879563436,16.97282922640443,576.4652744680643,8319.056501857936
15085.184201676399,16.97771166265011,576.5388409271836,8319.056501857936
15086.25838324055,16.97771166265011,576.5388409271836,8319.631032114848
15086.486943555996,16.979116067290306,576.7417117673904,8319.631032114848
15087.541964935139,16.979116067290306,576.7417117673904,8320.459658008069
15087.67028353922,16.98057626374066,576.8567277416587,8320.459658008069
15088.49899782613,16.98057626374066,576.8567277416587,8321.047376403585
15088.620178664103,16.98664557375014,576.9542787913233,8321.047376403585
15089.624796364456,16.98664557375014,576.9542787913233,8321.712570598349
15090.856380200014,16.991504410281777,577.0396339204162,8321.712570598349
15091.990621559322,16.991504410281777,577.0396339204162,8322.292221358046
15092.065587023273,16.9929138161242,577.0961935333908,8322.292221358046
15092.917475907132,16.9929138161242,577.0961935333908,8322.820803327486
15093.125908728689,16.994442893192172,577.2739033810794,8322.820803327486
15094.178564598784,16.994442893192172,577.2739033810794,8323.375166704878
15094.301546027884,16.99589560739696,577.3726440127939,8323.375166704878
15095.369119325653,16.99589560739696,577.3726440127939,8323.978911172599
15096.42170686461,17.000649550929666,577.5000430252403,8323.978911172599
15097.74484349601,17.000649550929666,577.5000430252403,8324.901526136324
15097.878732271492,17.002120247110724,577.6008402649313,8324.901526136324
15098.5802390147,17.002120247110724,577.6008402649313,8325.33121637255
15098.763342620805,17.003835128620267,577.6859823018312,8325.33121637255
15099.79912885651,17.003835128620267,577.6859823018312,8325.911522665992
15099.887692244723,17.00521924160421,577.7590625397861,8325.911522665992
15101.039980143309,17.00521924160421,577.7590625397861,8326.255359522998
15102.750247035176,17.010088769719005,577.8292867969722,8326.255359522998
15103.67230270058,17.010088769719005,577.8292867969722,8326.730976188555
15103.755725704134,17.01168525777757,577.9031826518476,8326.730976188555
15105.250531578436,17.01168525777757,577.9031826518476,8327.583944387734
15105.375096568838,17.01320445537567,577.9965660385787,8327.583944387734
15106.502594579011,17.01320445537567,577.9965660385787,8328.158936077729
15106.597702728584,17.01467014104128,578.0788398142904,8328.158936077729
15107.382871991023,17.01467014104128,578.0788398142904,8328.696288919076
15108.947981145233,17.027667049318552,578.1987595297396,8328.696288919076
15109.92292558588,17.027667049318552,578.1987595297396,8329.200615093112
15110.020819943398,17.029246106743813,578.2732863426208,8329.200615093112
15111.386061640456,17.029246106743813,578.2732863426208,8329.991458950564
15111.448755312711,17.030706202611327,578.3259928412735,8329.991458950564
15112.653275560588,17.030706202611327,578.3259928412735,8330.78548480384
15112.800070339814,17.032140849158168,578.4556051921099,8330.78548480384
15113.8921796754,17.032140849158168,578.4556051921099,8331.35030488111
15115.577632445842,17.03716726973653,578.5315177030861,8331.35030488111
15116.456581255421,17.03716726973653,578.5315177030861,8331.767651755363
15116.588844724,17.038663890212774,578.6050321012735,8331.767651755363
15117.351975601166,17.038663890212774,578.6050321012735,8332.122741196305
15117.429916387424,17.04011190868914,578.672581801191,8332.122741196305
15118.315286383033,17.04011190868914,578.672581801191,8332.511551415548
15118.395748648793,17.041579604148865,578.7359893247485,8332.511551415548
15119.364008259028,17.041579604148865,578.7359893247485,8333.076381172985
15120.804937478155,17.04629828967154,578.8104596678168,8333.076381172985
15121.833294427022,17.04629828967154,578.8104596678168,8333.835233824328
15122.01748136431,17.05172822624445,578.9121959339827,8333.835233824328
15123.196544563398,17.05172822624445,578.9121959339827,8334.70884956047
15123.312098000199,17.053481830284,579.0135545544326,8334.70884956047
15124.1027816087,17.053481830284,579.0135545544326,8335.275829449296
15124.211694533005,17.05493614822626,579.1041813213378,8335.275829449296
15125.128736551851,17.05493614822626,579.1041813213378,8335.730038199574
15126.819938171655,17.05996833741665,579.2427442613989,8335.730038199574
15127.84219407104,17.05996833741665,579.2427442613989,8336.485529571772
15127.937217017636,17.06143075414002,579.315950082615,8336.485529571772
15129.175403527915,17.06143075414002,579.315950082615,8337.465932816267
15129.284227363765,17.064124703407288,579.4119459353387,8337.465932816267
15130.426259696484,17.064124703407288,579.4119459353387,8338.270933123305
15130.708943711594,17.065615518018603,579.5013947822154,8338.270933123305
15131.665447946638,17.065615518018603,579.5013947822154,8338.626827249303
15134.202220669016,17.070675747469068,579.5958768315613,8338.626827249303
15135.019246935844,17.070675747469068,579.5958768315613,8339.147198557854
15135.155019138008,17.072165625169873,579.7105599232018,8339.147198557854
15136.518403571099,17.072165625169873,579.7105599232018,8339.66577835381
15136.70078265667,17.073737803846598,579.7926417551935,8339.66577835381
15137.882743423805,17.073737803846598,579.7926417551935,8340.05110745132
15138.038113527,17.07517648115754,579.9261925071478,8340.05110745132
15139.091627547517,17.07517648115754,579.9261925071478,8340.799496917054
15140.828280873597,17.08089377731085,580.054569138214,8340.799496917054
15141.556591359898,17.08089377731085,580.054569138214,8341.22954610549
15141.729546424001,17.082523677498102,580.1018878743052,8341.22954610549
15142.664384197444,17.082523677498102,580.1018878743052,8341.72704904899
15142.749838832766,17.083947632461786,580.1687124818563,8341.72704904899
15144.264081023633,17.083947632461786,580.1687124818563,8342.013401381671
15144.441244432703,17.08562213368714,580.2879399359226,8342.013401381671
15145.04806205444,17.08562213368714,580.2879399359226,8342.413021020591
15146.173417231068,17.092147121205926,580.401355965063,8342.413021020591
15147.51210064441,17.092147121205926,580.401355965063,8343.000183288008
15147.638371413574,17.093592697754502,580.4876399915665,8343.000183288008
15148.83062900044,17.093592697754502,580.4876399915665,8343.746282175183
15148.943249646574,17.09511119686067,580.580146253109,8343.746282175183
15150.161510944366,17.09511119686067,580.580146253109,8344.344653822482
15150.228938259184,17.096551785245538,580.6347547583282,8344.344653822482
15150.88023159653,17.096551785245538,580.6347547583282,8344.707852264866
15152.083167847246,17.10136784426868,580.745948208496,8344.707852264866
15153.276878271252,17.10136784426868,580.745948208496,8345.308709260076
15153.770179253072,17.102997165173292,580.9346532560885,8345.308709260076
15155.038666209206,17.102997165173292,580.9346532560885,8346.29474819079
15155.150388419628,17.104417979717255,581.0324895642698,8346.29474819079
15156.336447186768,17.104417979717255,581.0324895642698,8346.781673986465
15156.792155079544,17.10591026581824,581.1199124846607,8346.781673986465
15157.520662620664,17.10591026581824,581.1199124846607,8347.12622817047
15159.118055440485,17.110684022307396,581.2455306053162,8347.12622817047
15159.8982486967,17.110684022307396,581.2455306053162,8347.682662475854
15160.047633556649,17.11215060763061,581.3645705580711,8347.682662475854
15160.701712071896,17.11215060763061,581.3645705580711,8348.0484529268
15160.802481943741,17.113563871011138,581.4493540097028,8348.0484529268
15161.526381064206,17.113563871011138,581.4493540097028,8348.503510797396
15161.62853503786,17.11493550799787,581.520403213799,8348.503510797396
15162.450790364295,17.11493550799787,581.520403213799,8348.928139230236
15164.467157395557,17.119712971150875,581.578824410215,8348.928139230236
15165.659637503326,17.119712971150875,581.578824410215,8349.731660498306
15165.726766305044,17.121274506673217,581.6361931860447,8349.731660498306
15166.566504640505,17.121274506673217,581.6361931860447,8350.301093926653
15166.617582561448,17.12274854257703,581.6775766443461,8350.301093926653
15167.234195234254,17.12274854257703,581.6775766443461,8350.667675077915
15167.41824216023,17.12427907064557,581.8215267751366,8350.667675077915
15168.174230810255,17.12427907064557,581.8215267751366,8351.086919814348
15169.783846156672,17.13104424998164,581.9321418050677,8351.086919814348
15170.49180262722,17.13104424998164,581.9321418050677,8351.542200049385
15170.597264591604,17.13242692500353,582.0260410811752,8351.542200049385
15171.457884883508,17.13242692500353,582.0260410811752,8352.11523218453
15171.516936991364,17.13397691398859,582.0756260864437,8352.11523218453
15172.504556508735,17.13397691398859,582.0756260864437,8352.885367970914
15172.614596847445,17.135430032387376,582.1723977159709,8352.885367970914
15173.33112243563,17.135430032387376,582.1723977159709,8353.275129646063
15175.083498712629,17.14039941318333,582.311172472313,8353.275129646063
15175.94280554168,17.14039941318333,582.311172472313,8353.890622777864
15176.185000268742,17.14178133942187,582.4486792869866,8353.890622777864
15176.848597232252,17.14178133942187,582.4486792869866,8354.203482681885
15176.984122479334,17.14321473427117,582.562917560339,8354.203482681885
15178.08986855112,17.14321473427117,582.562917560339,8354.898363050073
15178.157124018297,17.144650619477034,582.6171603333205,8354.898363050073
15178.909564655274,17.144650619477034,582.6171603333205,8355.334371836856
15180.40529021807,17.149419015273452,582.7452111169696,8355.334371836856
15181.254755849019,17.149419015273452,582.7452111169696,8355.773221226409
15181.36752946861,17.150858651846647,582.8422723729163,8355.773221226409
15182.39445331879,17.150858651846647,582.8422723729163,8356.225133985281
15182.507613291964,17.152251694351435,582.9305445086211,8356.225133985281
15183.580812649801,17.152251694351435,582.9305445086211,8356.680250750855
15183.668487284333,17.15372790955007,582.9997554793954,8356.680250750855
15184.56646082364,17.15372790955007,582.9997554793954,8357.16042932868
15187.246495511383,17.160107284784317,583.057845517993,8357.16042932868
15187.986491898075,17.160107284784317,583.057845517993,8357.409548249096
15188.139522774145,17.16575402766466,583.1592196207494,8357.409548249096
15188.693153519183,17.16575402766466,583.1592196207494,8357.741396157071
15188.764574261382,17.16722421348095,583.2114745955914,8357.741396157071
15189.72287218459,17.16722421348095,583.2114745955914,8358.391275484115
15189.872980905697,17.168843243271112,583.3331735767424,8358.391275484115
15190.79170515202,17.168843243271112,583.3331735767424,8359.006809219718
15191.684039432555,17.174567947164178,583.4642359632999,8359.006809219718
15192.840409724042,17.174567947164178,583.4642359632999,8359.703601391986
15193.023691628128,17.176031911745667,583.618285017088,8359.703601391986
15194.111661331728,17.176031911745667,583.618285017088,8360.40668636188
15194.37449361384,17.17766772955656,583.7329348083586,8360.40668636188
15195.308156311512,17.17766772955656,583.7329348083586,8361.068905333057
15195.439323881641,17.17914424650371,583.8550928086042,8361.068905333057
15196.487234184518,17.17914424650371,583.8550928086042,8361.76054431498
15197.897987015545,17.18393594585359,584.0110644567758,8361.76054431498
15198.7900987342,17.18393594585359,584.0110644567758,8362.204594163224
15198.919321069494,17.185548854991794,584.1027075760067,8362.204594163224
15200.225005283952,17.185548854991794,584.1027075760067,8363.016003051773
15200.317112028599,17.186977811157703,584.1803460586816,8363.016003051773
15201.448789848015,17.186977811157703,584.1803460586816,8363.80732744746
15201.627969756722,17.18847657740116,584.3335727993399,8363.80732744746
15202.705368563533,17.18847657740116,584.3335727993399,8364.485821463168
15203.775435008109,17.193226823583245,584.4223838355392,8364.485821463168
15204.562845513225,17.193226823583245,584.4223838355392,8364.86915079318
15204.781986536458,17.194696372374892,584.6161714699119,8364.86915079318
15206.089088356122,17.194696372374892,584.6161714699119,8365.804226748645
15206.186826603487,17.196117328479886,584.6985552795231,8365.804226748645
15207.57923723571,17.196117328479886,584.6985552795231,8366.786523766816
15207.633481087163,17.197563195601106,584.743625883013,8366.786523766816
15208.46930122003,17.197563195601106,584.743625883013,8367.400144869462
15209.439028581604,17.20657248981297,584.7912027351558,8367.400144869462
15210.496750105172,17.20657248981297,584.7912027351558,8368.070888364688
15210.548485411331,17.2081000469625,584.8333194069564,8368.070888364688
15211.496133644134,17.2081000469625,584.8333194069564,8368.71327904798
15211.644321423024,17.209558064118028,584.9598852042109,8368.71327904798
15212.759027339518,17.209558064118028,584.9598852042109,8369.512379996479
15212.923496412113,17.210962008684874,585.1149295251817,8369.512379996479
15213.987746143714,17.210962008684874,585.1149295251817,8370.315112821758
15215.234448507428,17.217202490195632,585.2140708360821,8370.315112821758
15216.113985989243,17.217202490195632,585.2140708360821,8370.971321746707
15216.1765287593,17.21863090619445,585.2675145119429,8370.971321746707
15217.248440532014,17.21863090619445,585.2675145119429,8371.664935156703
15217.367767220363,17.220084462314844,585.3759309127927,8371.664935156703
15218.285278519616,17.220084462314844,585.3759309127927,8372.311463257298
15218.377604611218,17.221550649031997,585.4523932859302,8372.311463257298
15219.150323351845,17.221550649031997,585.4523932859302,8372.822351995856
15220.016657507047,17.228869000449777,585.5146466139704,8372.822351995856
15220.864375887439,17.228869000449777,585.5146466139704,8373.384117864072
15220.971768520772,17.230363126844168,585.6081920135766,8373.384117864072
15221.987564437091,17.230363126844168,585.6081920135766,8374.136334715411
15222.065914316103,17.231823725625873,585.6737423092127,8374.136334715411
15223.01531281136,17.231823725625873,585.6737423092127,8374.872466696426
15223.128507679328,17.23378813266754,585.7642969079316,8374.872466696426
15223.99179100059,17.23378813266754,585.7642969079316,8375.407557902858
15225.0449975878,17.23856684193015,585.8354773353785,8375.407557902858
15226.144068302587,17.23856684193015,585.8354773353785,8376.139449039474
15226.331331940368,17.240071019157767,585.9960561394691,8376.139449039474
15227.552514143288,17.240071019157767,585.9960561394691,8376.934226481244
15227.707146707922,17.241506105288863,586.1343933492899,8376.934226481244
15228.52335825935,17.241506105288863,586.1343933492899,8377.543511249125
15228.657646527514,17.242920069023967,586.2572984322906,8377.543511249125
15229.66567029804,17.242920069023967,586.2572984322906,8378.243797466159
15230.560479979962,17.24821917526424,586.380171796307,8378.243797466159
15231.373842189088,17.24821917526424,586.380171796307,8378.776698524132
15231.566450154409,17.24962935782969,586.5420507527888,8378.776698524132
15232.366150895134,17.24962935782969,586.5420507527888,8379.374288901687
15232.480901751667,17.251024512574077,586.6422732248902,8379.374288901687
15233.446799559519,17.251024512574077,586.6422732248902,8380.048561725765
15233.638849044219,17.252442630007863,586.8138719275594,8380.048561725765
15234.545844467357,17.252442630007863,586.8138719275594,8380.698728524148
15235.517262835056,17.257181104272604,586.9280576743186,8380.698728524148
15236.310041194782,17.257181104272604,586.9280576743186,8381.234891051427
15236.406449178234,17.258683750405908,586.9987925849855,8381.234891051427
15237.338308311999,17.258683750405908,586.9987925849855,8381.831865549088
15237.524129183963,17.260543443262577,587.1408138740808,8381.831865549088
15238.892574634403,17.260543443262577,587.1408138740808,8382.50378603302
15238.945057291538,17.26200481876731,587.1835421696305,8382.50378603302
15239.82639025338,17.26200481876731,587.1835421696305,8382.990225430578
15241.997304270044,17.26885326206684,587.2740629948676,8382.990225430578
15242.95319953002,17.26885326206684,587.2740629948676,8383.673344707116
15243.01403739117,17.270389910787344,587.3154485356063,8383.673344707116
15244.000765459612,17.270389910787344,587.3154485356063,8384.146029677242
15244.196168811992,17.271905418485403,587.4608477279544,8384.146029677242
15244.931199880317,17.271905418485403,587.4608477279544,8384.641911458224
15245.004686307162,17.274952633306384,587.5201172195375,8384.641911458224
15245.835967324674,17.274952633306384,587.5201172195375,8385.125722117722
15246.985252343118,17.280059253796935,587.6967682242393,8385.125722117722
15247.594498904422,17.280059253796935,587.6967682242393,8385.526199281216
15247.708419876173,17.281429078429937,587.7954769805074,8385.526199281216
15248.74244746007,17.281429078429937,587.7954769805074,8386.185176629573
15248.858735464513,17.28607859276235,587.8795978408307,8386.185176629573
15249.794891735539,17.28607859276235,587.8795978408307,8386.771675419062
15249.915099922568,17.28761455975473,587.9752171598375,8386.771675419062
15250.689827885479,17.28761455975473,587.9752171598375,8387.264214158058
15251.603691838682,17.294922422617674,588.0863285921514,8387.264214158058
15252.568781726062,17.294922422617674,588.0863285921514,8387.737824993208
15252.621660163626,17.29635157994926,588.1299525387585,8387.737824993208
15253.498654328287,17.29635157994926,588.1299525387585,8388.105297273025
15253.661946052685,17.297896606847644,588.2604857906699,8388.105297273025
15254.501735383645,17.297896606847644,588.2604857906699,8388.640797007829
15254.577826229855,17.299406403675675,588.3189871609211,8388.640797007829
15255.570635052398,17.299406403675675,588.3189871609211,8389.44788959995
15256.385195955634,17.303995858877897,588.4207054395229,8389.44788959995
15256.962995199487,17.303995858877897,588.4207054395229,8389.81311011687
15257.049294551834,17.30554207600653,588.4914503879845,8389.81311011687
15257.954304713756,17.30554207600653,588.4914503879845,8390.328900970519
15258.023815622553,17.307068444788456,588.5515243951231,8390.328900970519
15259.14981944114,17.307068444788456,588.5515243951231,8391.058002911508
15259.27981901355,17.308495432138443,588.6588037181646,8391.058002911508
15259.981347616762,17.308495432138443,588.6588037181646,8391.520984178409
15260.914674572647,17.313209077343345,588.8152310382575,8391.520984178409
15261.805620232597,17.313209077343345,588.8152310382575,8392.112936016172
15261.955109564587,17.31479557789862,588.8935139942914,8392.112936016172
15262.935574574396,17.31479557789862,588.8935139942914,8392.781018624082
15263.029727717862,17.31621561385691,588.967472223565,8392.781018624082
15264.157289328054,17.31621561385691,588.967472223565,8393.370286883786
15264.307582195848,17.317719591781497,589.0774792842567,8393.370286883786
15265.210536334664,17.317719591781497,589.0774792842567,8393.98383507505
15266.093392817304,17.32495976239443,589.1474286802113,8393.98383507505
15266.954540580511,17.32495976239443,589.1474286802113,8394.55832657218
15267.071806900203,17.326437141746283,589.2520803716034,8394.55832657218
15268.044282946736,17.326437141746283,589.2520803716034,8395.240514965728
15268.242136685178,17.327926406636834,589.3802962582558,8395.240514965728
15269.137972384691,17.327926406636834,589.3802962582558,8395.869180928916
15269.345499260351,17.329578494653106,589.4535563848913,8395.869180928916
15270.10105909966,17.329578494653106,589.4535563848913,8396.253364499658
15271.023130854592,17.334249269217253,589.5400862190872,8396.253364499658
15271.871543135494,17.334249269217253,589.5400862190872,8396.84588682279
15272.017869831994,17.335716845467687,589.6554115656763,8396.84588682279
15272.930611839518,17.335716845467687,589.6554115656763,8397.41759313643
15273.06610087119,17.337186452001333,589.7654366083443,8397.41759313643
15274.005029130727,17.337186452001333,589.7654366083443,8398.049821717665
15274.120456079021,17.338674537837505,589.8596078231931,8398.049821717665
15274.726283552125,17.338674537837505,589.8596078231931,8398.375467898324
15275.599947459996,17.3435623254627,589.9579518511891,8398.375467898324
15276.630675539374,17.3435623254627,589.9579518511891,8399.027233432978
15276.798231003806,17.345120014622808,590.1012870669365,8399.027233432978
15277.576086087152,17.345120014622808,590.1012870669365,8399.502629086375
15277.709988201037,17.346566330641508,590.2234707977623,8399.502629086375
15278.749114096165,17.346566330641508,590.2234707977623,8400.227905290201
15278.839045252651,17.348078027367592,590.3045534752309,8400.227905290201
15279.962596476078,17.348078027367592,590.3045534752309,8401.035146998242
15280.81494694762,17.354824490845203,590.4901745151728,8401.035146998242
15281.75267184712,17.354824490845203,590.4901745151728,8401.708864279091
15281.869320968166,17.35630696825683,590.5880489144474,8401.708864279091
15282.631260337308,17.35630696825683,590.5880489144474,8402.241890294477
15282.755232740194,17.35778769478202,590.6989941019565,8402.241890294477
15283.416627779603,17.35778769478202,590.6989941019565,8402.700470773503
15283.57018410042,17.359779281541705,590.8251059260219,8402.700470773503
15284.649916719645,17.359779281541705,590.8251059260219,8403.445284942165
15285.313920026645,17.365038458257914,590.8712039105594,8403.445284942165
15286.362111536786,17.365038458257914,590.8712039105594,8404.16094235517
15286.483748486266,17.366503946483135,590.9791845362633,8404.16094235517
15287.604030532762,17.366503946483135,590.9791845362633,8404.934303421527
15287.714255016297,17.368196649476886,591.080001372844,8404.934303421527
15288.556971827522,17.368196649476886,591.080001372844,8405.503935538232
15288.643475182354,17.36965704523027,591.1465192157775,8405.503935538232
15289.452694308013,17.36965704523027,591.1465192157775,8406.059820130467
15290.324609976262,17.382730582728982,591.2693841587752,8406.059820130467
15291.5360181313,17.382730582728982,591.2693841587752,8406.779614247382
15291.654011588544,17.384187880903482,591.3779234234244,8406.779614247382
15292.568270653486,17.384187880903482,591.3779234234244,8407.449071124196
15292.70642705448,17.385534275323153,591.4959706198424,8407.449071124196
15293.589753191918,17.385534275323153,591.4959706198424,8408.14415207319
15293.676882827654,17.387095713987947,591.5630797557533,8408.14415207319
15294.410132490098,17.387095713987947,591.5630797557533,8408.697392096743
15295.335072180256,17.39176807925105,591.6892894804478,8408.697392096743
15296.31974797137,17.39176807925105,591.6892894804478,8409.413200814277
15296.406020693481,17.393184382468462,591.7522089201957,8409.413200814277
15297.508560020477,17.393184382468462,591.7522089201957,8410.114214722067
15297.574683435261,17.39470363035798,591.8094957880676,8410.114214722067
15298.505315419286,17.39470363035798,591.8094957880676,8410.698474256322
15298.612101271749,17.396125979721546,591.8942677415907,8410.698474256322
15299.5021711234,17.396125979721546,591.8942677415907,8411.292503759265
15300.380556702614,17.400912508368492,592.005462244153,8411.292503759265
15301.361819872633,17.400912508368492,592.005462244153,8411.97754137963
15301.455373855308,17.402353083714843,592.0897235330194,8411.97754137963
15302.369338219985,17.402353083714843,592.0897235330194,8412.704927526414
15302.44800456427,17.403791761025786,592.1558451000601,8412.704927526414
15303.509152241051,17.403791761025786,592.1558451000601,8413.50233601965
15303.597337398678,17.405380439013243,592.225007051602,8413.50233601965
15304.538090346381,17.405380439013243,592.225007051602,8414.197619065642
15305.804506050423,17.410094905644655,592.3886391352862,8414.197619065642
15306.828702699393,17.410094905644655,592.3886391352862,8414.80364445597
15306.984764775261,17.41153741069138,592.535359852016,8414.80364445597
15307.890191836283,17.41153741069138,592.535359852016,8415.152601679787
15307.973912980407,17.41505597345531,592.5966038331389,8415.152601679787
15309.05938960798,17.41505597345531,592.5966038331389,8415.497468581423
15309.11379542388,17.416519548743963,592.6383856795728,8415.497468581423
15309.841645220295,17.416519548743963,592.6383856795728,8415.854724267498
15312.054411536083,17.428177723661065,592.8013796284795,8415.854724267498
15312.8875963483,17.428177723661065,592.8013796284795,8416.255438810214
15313.072958035395,17.43135934509337,592.917040321976,8416.255438810214
15313.89170707576,17.43135934509337,592.917040321976,8416.854507654905
15313.97620502673,17.432825442403555,592.9917896948755,8416.854507654905
15314.728932084516,17.432825442403555,592.9917896948755,8417.310724962503
15314.88022294268,17.43434519134462,593.1224869042635,8417.310724962503
15315.822605632246,17.43434519134462,593.1224869042635,8417.939614558592
15316.902078934014,17.43917790055275,593.2308731563389,8417.939614558592
15317.61368146725,17.43917790055275,593.2308731563389,8418.327221035957
15317.672004543245,17.440711008384824,593.2802347596735,8418.327221035957
15318.623813204467,17.440711008384824,593.2802347596735,8419.021724717692
15318.837244147435,17.442264825105667,593.3588212635368,8419.021724717692
15319.470724368468,17.442264825105667,593.3588212635368,8419.42768952623
15319.608320508152,17.44382367283106,593.4665830340236,8419.42768952623
15320.597822962329,17.44382367283106,593.4665830340236,8419.972568212077
15321.571592319757,17.448670787736773,593.5263985171914,8419.972568212077
15322.627953285351,17.448670787736773,593.5263985171914,8420.527609400451
15322.7442748826,17.450194695964456,593.622266292572,8420.527609400451
15323.574968341738,17.450194695964456,593.622266292572,8421.02629650943
15323.690828699619,17.451538261026144,593.7195872645825,8421.02629650943
15324.532955186442,17.451538261026144,593.7195872645825,8421.577139021829
15324.592980751768,17.456456130370498,593.7626066431403,8421.577139021829
15325.472412236035,17.456456130370498,593.7626066431403,8421.99879330583
15328.264696719125,17.461675023660064,593.8081482183188,8421.99879330583
15329.095218388364,17.461675023660064,593.8081482183188,8422.3979904335
15329.169811120257,17.46315285935998,593.8630815614015,8422.3979904335
15330.504154300317,17.46315285935998,593.8630815614015,8422.767978284508
15330.601807888597,17.464685067534447,593.9441773723811,8422.767978284508
15331.456220898777,17.464685067534447,593.9441773723811,8423.158284500241
15331.567568564788,17.466305946931243,594.0326304528862,8423.158284500241
15332.400786019862,17.466305946931243,594.0326304528862,8423.662379074842
15335.087336923927,17.471641283482313,594.1624993123114,8423.662379074842
15336.512354398146,17.471641283482313,594.1624993123114,8424.137261485681
15336.630509227514,17.47313936986029,594.244036398828,8424.137261485681
15337.282487854362,17.47313936986029,594.244036398828,8424.511774176732
15337.400319455191,17.474614517763257,594.3403983023018,8424.511774176732
15338.083425095305,17.474614517763257,594.3403983023018,8424.9534135852
15338.202751368284,17.47611105442047,594.4348023552448,8424.9534135852
15339.169643625617,17.47611105442047,594.4348023552448,8425.585946859792
15341.312707543373,17.48089750856161,594.6070974748582,8425.585946859792
15342.15762701258,17.48089750856161,594.6070974748582,8426.064148399979
15342.287452684715,17.482437344267964,594.6906532496214,8426.064148399979
15343.38479940407,17.482437344267964,594.6906532496214,8426.757704230025
15343.647090796381,17.4839859418571,594.8625598028302,8426.757704230025
15344.67431580834,17.4839859418571,594.8625598028302,8427.342394819483
15344.746308200061,17.485368037596345,594.9256270937622,8427.342394819483
15345.540504062548,17.485368037596345,594.9256270937622,8427.767523927614
15346.896426256746,17.490117711946368,595.0651149693877,8427.767523927614
15347.956823550165,17.490117711946368,595.0651149693877,8428.416662843898
15348.100988019258,17.49178323149681,595.1246281471103,8428.416662843898
15348.951077006757,17.49178323149681,595.1246281471103,8428.880714956671
15349.086739072576,17.493924671784043,595.192860443145,8428.880714956671
15350.259455531836,17.493924671784043,595.192860443145,8429.555582039058
15350.349581943825,17.49540031887591,595.2528167888522,8429.555582039058
15351.505032798275,17.49540031887591,595.2528167888522,8430.39773902297
15352.905474079773,17.50919659808278,595.3532621990889,8430.39773902297
15353.951535476372,17.50919659808278,595.3532621990889,8431.038186213002
15354.112258125097,17.5107060354203,595.446693520993,8431.038186213002
15354.690530028194,17.5107060354203,595.446693520993,8431.37510493584
15354.76317288354,17.512110631912947,595.5097110327333,8431.37510493584
15355.844274964184,17.512110631912947,595.5097110327333,8432.041049018502
15355.978083778173,17.513718342408538,595.5732360221446,8432.041049018502
15356.830805752426,17.513718342408538,595.5732360221446,8432.418590346351
15358.733927059919,17.518738692626357,595.711961755529,8432.418590346351
15359.576791835949,17.518738692626357,595.711961755529,8433.004423046485
15359.731647139415,17.520301681011915,595.7666647285223,8433.004423046485
15360.481409149244,17.520301681011915,595.7666647285223,8433.531432611868
15360.567613171414,17.522292226552963,595.8152389992028,8433.531432611868
15361.538533326238,17.522292226552963,595.8152389992028,8434.086102880538
15361.650828080252,17.52383614704013,595.9039601758122,8434.086102880538
15362.704616276547,17.52383614704013,595.9039601758122,8434.821327285841
15364.457648798823,17.52884933911264,596.0011068731546,8434.821327285841
15365.72028095834,17.52884933911264,596.0011068731546,8435.411242129281
15365.930905232206,17.530449079349637,596.0443502757698,8435.411242129281
15366.385316953063,17.530449079349637,596.0443502757698,8435.716923505068
15366.608705230057,17.53209327161312,596.1240971591324,8435.716923505068
15367.348511850461,17.53209327161312,596.1240971591324,8436.278908273205
15367.46052698046,17.533554777503014,596.2211316470057,8436.278908273205
15368.030442202464,17.533554777503014,596.2211316470057,8436.669059637934
15369.462132103741,17.538262017071247,596.3252465035766,8436.669059637934
15370.488992715254,17.538262017071247,596.3252465035766,8437.367242434993
15370.658073117957,17.53970161266625,596.4688170645386,8437.367242434993
15371.498239906505,17.53970161266625,596.4688170645386,8438.025149490684
15371.627972176298,17.54114706814289,596.5843806359917,8438.025149490684
15372.841852294281,17.54114706814289,596.5843806359917,8438.98473209329
15372.937518768013,17.542607255280018,596.6668038666248,8438.98473209329
15373.795372128487,17.542607255280018,596.6668038666248,8439.589086771011
15375.263513380662,17.54784155637026,596.7614722903818,8439.589086771011
15376.195476703346,17.54784155637026,596.7614722903818,8440.198368856683
15376.324878975749,17.549340533092618,596.8680851217359,8440.198368856683
15376.991822527722,17.549340533092618,596.8680851217359,8440.619080077857
15377.175514955074,17.55075772665441,597.0402415227145,8440.619080077857
15378.412249170244,17.55075772665441,597.0402415227145,8441.406018834561
15378.650365684181,17.552158512175083,597.2382353600115,8441.406018834561
15379.739105885848,17.552158512175083,597.2382353600115,8442.189276894554
15381.388265011832,17.556941946968436,597.3729133401066,8442.189276894554
15382.489960700274,17.556941946968436,597.3729133401066,8442.850803967565
15382.591786654666,17.559294445440173,597.447229359299,8442.850803967565
15383.56804051064,17.559294445440173,597.447229359299,8443.449339799583
15383.708877151832,17.560790821909904,597.5596090853214,8443.449339799583
15384.740848325193,17.560790821909904,597.5596090853214,8444.1619406268
15384.850349619985,17.562258169054985,597.652861924842,8444.1619406268
15385.7865461912,17.562258169054985,597.652861924842,8444.699871862307
15387.127978971228,17.573153456673026,597.7605265248567,8444.699871862307
15387.998724928126,17.573153456673026,597.7605265248567,8445.232984451577
15388.187009360641,17.57471946440637,597.8928360212594,8445.232984451577
15389.172292239964,17.57471946440637,597.8928360212594,8445.868269510567
15389.3772322312,17.576261293143034,597.9712879024446,8445.868269510567
15390.210282864049,17.576261293143034,597.9712879024446,8446.389261657372
15390.335283067077,17.57772227935493,598.0809789076447,8446.389261657372
15391.009810660034,17.57772227935493,598.0809789076447,8446.906015278772
15392.143735051155,17.582721108570695,598.1879600454122,8446.906015278772
15393.265021538362,17.582721108570695,598.1879600454122,8447.64634666033
15393.385520080104,17.58421890437603,598.299050649628,8447.64634666033
15394.750675095245,17.58421890437603,598.299050649628,8448.49792182818
15394.863645471632,17.585644621402025,598.4017766211182,8448.49792182818
15395.783067230135,17.585644621402025,598.4017766211182,8448.931570796296
15395.902780428529,17.59232314117253,598.4964037761092,8448.931570796296
15396.491747019812,17.59232314117253,598.4964037761092,8449.299336878583
15397.564323663712,17.60114218108356,598.6109080798924,8449.299336878583
15398.63882130012,17.60114218108356,598.6109080798924,8449.95902297832
15398.791553407907,17.60254924558103,598.6876603104174,8449.95902297832
15399.516770748422,17.60254924558103,598.6876603104174,8450.482175178826
15399.593584250659,17.604048863053322,598.7479775454849,8450.482175178826
15400.335736515,17.604048863053322,598.7479775454849,8450.929571956396
15400.416130734608,17.60552958957851,598.8022965881974,8450.929571956396
15401.397832520306,17.60552958957851,598.8022965881974,8451.47989956662
15402.430844048038,17.61042041517794,598.8957905042917,8451.47989956662
15403.06057487987,17.61042041517794,598.8957905042917,8451.84576263465
15403.13936365582,17.611805429682136,598.9416721872985,8451.84576263465
15403.887733785436,17.611805429682136,598.9416721872985,8452.26383258216
15403.997350303456,17.61500953696668,599.025828493759,8452.26383258216
15405.07800330408,17.61500953696668,599.025828493759,8453.115483134985
15405.244621643797,17.61646251194179,599.1821747049689,8453.115483134985
15406.053775323555,17.61646251194179,599.1821747049689,8453.721314013004
15407.037563020363,17.621198469772935,599.3160171508789,8453.721314013004
15407.77891211398,17.621198469772935,599.3160171508789,8454.265006536618
15407.844292100519,17.62263564579189,599.3643180280924,8454.265006536618
15408.774893091992,17.62263564579189,599.3643180280924,8454.902957806364
15408.969589259475,17.625065891072154,599.5128979794681,8454.902957806364
15409.883232763037,17.625065891072154,599.5128979794681,8455.573192460462
15409.975787172094,17.626540396362543,599.593003179878,8455.573192460462
15410.873583890498,17.626540396362543,599.593003179878,8456.152222679928
15411.774586368352,17.631316171959043,599.6476298607886,8456.152222679928
15412.744157716632,17.631316171959043,599.6476298607886,8456.713931480423
15412.893838359043,17.632802410051227,599.7713268101215,8456.713931480423
15413.679135760292,17.632802410051227,599.7713268101215,8457.220346955582
15413.795699151233,17.634300665929914,599.8688306063414,8457.220346955582
15414.521039903164,17.634300665929914,599.8688306063414,8457.688270065933
15414.678511727601,17.635758792981505,599.9359349943697,8457.688270065933
15415.478591356426,17.635758792981505,599.9359349943697,8458.120641693473
15416.369013523683,17.64066920056939,600.086445171386,8458.120641693473
15417.377106111497,17.64066920056939,600.086445171386,8458.831190928817
15417.518810428679,17.642146239057183,600.2149636913091,8458.831190928817
15418.51728425175,17.642146239057183,600.2149636913091,8459.442196449265
15418.66188638471,17.64364604651928,600.3422093261033,8459.442196449265
15419.305427405983,17.64364604651928,600.3422093261033,8459.850385975093
15419.442929418758,17.646074689924717,600.4604484587908,8459.850385975093
15420.440456315875,17.646074689924717,600.4604484587908,8460.531064070761
15421.89987856336,17.65105489268899,600.5881068520248,8460.531064070761
15423.007167989388,17.65105489268899,600.5881068520248,8461.232485961169
15423.215806100518,17.65276024490595,600.7226607613266,8461.232485961169
15424.084705756977,17.65276024490595,600.7226607613266,8461.864812029526
15424.187573511153,17.65442595630884,600.8003913983703,8461.864812029526
15424.957670157775,17.65442595630884,600.8003913983703,8462.374958004802
15425.091590706259,17.655943803489208,600.919986218214,8462.374958004802
15425.813747124746,17.655943803489208,600.919986218214,8462.892025126144
15426.93483732082,17.661359092220664,601.1639091093093,8462.892025126144
15427.938210604712,17.661359092220664,601.1639091093093,8463.692122485489
15428.08871204406,17.66292885132134,601.2795258536935,8463.692122485489
15428.909227272496,17.66292885132134,601.2795258536935,8464.28019675985
15429.007074587047,17.664511000737548,601.3558496180922,8464.28019675985
15429.982843700796,17.664511000737548,601.3558496180922,8464.980204075575
15430.169191520661,17.666015656664968,601.5195971764624,8464.980204075575
15431.40862143226,17.666015656664968,601.5195971764624,8465.876118373126
15432.180644202977,17.670791052281857,601.5919353850186,8465.876118373126
15432.79411439225,17.670791052281857,601.5919353850186,8466.277877172455
15432.92627472803,17.67231704108417,601.7090812865645,8466.277877172455
15433.865493129939,17.67231704108417,601.7090812865645,8467.011749662459
15433.937002526596,17.67381578683853,601.7687525507063,8467.011749662459
15434.69088657014,17.67381578683853,601.7687525507063,8467.383463717997
15434.900286635384,17.682755487039685,601.9485433083028,8467.383463717997
15435.810744127259,17.682755487039685,601.9485433083028,8468.058910660446
15438.439752615988,17.69434708915651,602.0081916395575,8468.058910660446
15439.520976383239,17.69434708915651,602.0081916395575,8468.612131478265
15439.63731717132,17.695854423567653,602.1042472496629,8468.612131478265
15440.886221980676,17.695854423567653,602.1042472496629,8469.102649550885
15440.960342863575,17.697422651574016,602.1632416900247,8469.102649550885
15441.853308428079,17.697422651574016,602.1632416900247,8469.716593578458
15442.07625810057,17.698950150981545,602.36442880705,8469.716593578458
15443.413873536512,17.698950150981545,602.36442880705,8470.300225107
15445.327601723373,17.70838526263833,602.4522403180599,8470.300225107
15446.099587986246,17.70838526263833,602.4522403180599,8470.736576966941
15446.156776603311,17.709894590079784,602.5004355534911,8470.736576966941
15446.959117155522,17.709894590079784,602.5004355534911,8471.206966742873
15447.157067023218,17.71138819679618,602.657405199483,8471.206966742873
15448.293288089335,17.71138819679618,602.657405199483,8472.04398032464
15448.424211304635,17.713161662220955,602.7640199828893,8472.04398032464
15448.908134395257,17.713161662220955,602.7640199828893,8472.410400396213
15450.84483818151,17.718017483130097,602.814382918179,8472.410400396213
15451.477395717055,17.718017483130097,602.814382918179,8472.757687462494
15451.59541378729,17.719632852822542,602.9187516700476,8472.757687462494
15452.594043329358,17.719632852822542,602.9187516700476,8473.140995370224
15452.727632980794,17.721184760332108,603.0350751578808,8473.140995370224
15453.627181656659,17.721184760332108,603.0350751578808,8473.47146911174
15453.70615396835,17.72273524850607,603.1001681983471,8473.47146911174
15454.625281920657,17.72273524850607,603.1001681983471,8473.842922804877
15457.133726051077,17.729825168848038,603.1533551905304,8473.842922804877
15458.083695063367,17.729825168848038,603.1533551905304,8474.53077218309
15458.15004799515,17.731391824781895,603.2097193840891,8474.53077218309
15458.86797690019,17.731391824781895,603.2097193840891,8474.95204814896
15458.952488752082,17.732916850596666,603.2814673352987,8474.95204814896
15460.054581882432,17.732916850596666,603.2814673352987,8475.624272935092
15460.261132748798,17.73449993133545,603.4610378388315,8475.624272935092
15461.100539213046,17.73449993133545,603.4610378388315,8476.045196056366
15462.163153428584,17.746431225910783,603.583177972585,8476.045196056366
15462.9354543183,17.746431225910783,603.583177972585,8476.612407337874
15463.073388567194,17.747983874753118,603.7055840715766,8476.612407337874
15463.996338531375,17.747983874753118,603.7055840715766,8477.218082787469
15464.225263111293,17.749546855688095,603.9076275341213,8477.218082787469
15465.427644627169,17.749546855688095,603.9076275341213,8477.973177818581
15465.607568351552,17.751048712059855,604.0741547048092,8477.973177818581
15466.506129380316,17.751048712059855,604.0741547048092,8478.435292523354
15467.69504593499,17.757161950692534,604.1464005447924,8478.435292523354
15468.71074249968,17.757161950692534,604.1464005447924,8479.130119301379
15468.852074492723,17.75870998762548,604.2360195480287,8479.130119301379
15470.077128892764,17.75870998762548,604.2360195480287,8480.10104695335
15470.299842048436,17.760166715830564,604.4406010359526,8480.10104695335
15471.20978567563,17.760166715830564,604.4406010359526,8480.6449211929
15471.352902339771,17.762026069685817,604.5592490080744,8480.6449211929
15472.28808972612,17.762026069685817,604.5592490080744,8481.290378455073
15473.454604756087,17.767087003216147,604.6427668314427,8481.290378455073
15474.228022258729,17.767087003216147,604.6427668314427,8481.851552346721
15474.318388685584,17.769479516893625,604.7214678563178,8481.851552346721
15475.238469408825,17.769479516893625,604.7214678563178,8482.443784544244
15475.360681023449,17.77100226469338,604.829726209864,8482.443784544244
15476.126004740596,17.77100226469338,604.829726209864,8483.021327046677
15476.278043495491,17.772626234218478,604.9710045289248,8483.021327046677
15477.20081041567,17.772626234218478,604.9710045289248,8483.625759515911
15478.104893768206,17.781059550121427,605.0885424781591,8483.625759515911
15478.907491540536,17.781059550121427,605.0885424781591,8484.123896021396
15479.052685232833,17.782523835077882,605.2133380305022,8484.123896021396
15480.065138090402,17.782523835077882,605.2133380305022,8484.911200344563
15480.246579768136,17.784053180366755,605.3578397314996,8484.911200344563
15481.259228080511,17.784053180366755,605.3578397314996,8485.645268155262
15481.429310174659,17.78568704985082,605.5054680686444,8485.645268155262
15482.415100388229,17.78568704985082,605.5054680686444,8486.25358941406
15483.180903712288,17.806015068665147,605.5970732104033,8486.25358941406
15484.228537948802,17.806015068665147,605.5970732104033,8486.935876205564
15484.356787474826,17.80766292847693,605.7154572363943,8486.935876205564
15485.267443206161,17.80766292847693,605.7154572363943,8487.531390793622
15485.373973228037,17.809198824688792,605.7973802126944,8487.531390793622
15486.421041712165,17.809198824688792,605.7973802126944,8488.340090136975
15486.639386732131,17.81072594411671,605.9932422041893,8488.340090136975
15487.561982471496,17.81072594411671,605.9932422041893,8488.897273629904
15488.80504838936,17.821730203926563,606.150148877874,8488.897273629904
15489.63980885595,17.821730203926563,606.150148877874,8489.48872132413
15489.831681886688,17.823256704956293,606.3252856060863,8489.48872132413
15490.662971900776,17.823256704956293,606.3252856060863,8490.0518391449
15490.838525611907,17.824878042563796,606.463546961546,8490.0518391449
15491.916732864454,17.824878042563796,606.463546961546,8490.823940325528
15492.048776077107,17.826416769996285,606.5743098612875,8490.823940325528
15492.884125515819,17.826416769996285,606.5743098612875,8491.430238768458
15493.74578277953,17.83150103315711,606.6684512272477,8491.430238768458
15494.582045983523,17.83150103315711,606.6684512272477,8492.022619377822
15494.763755528256,17.83320920355618,606.7977362312376,8492.022619377822
15495.581644160673,17.83320920355618,606.7977362312376,8492.63385640271
15495.791999135166,17.83479056507349,606.9381766077131,8492.63385640271
15496.752430120483,17.83479056507349,606.9381766077131,8493.326333170757
15496.88266534172,17.836322301998734,607.0505014248192,8493.326333170757
15498.058011436835,17.836322301998734,607.0505014248192,8494.112712359056
15499.242743110284,17.843287520110607,607.2290111016482,8494.112712359056
15500.256304049864,17.843287520110607,607.2290111016482,8494.875884750858
15500.368782287464,17.844957619905472,607.3294619619846,8494.875884750858
15501.352840783074,17.844957619905472,607.3294619619846,8495.59702766873
15501.475768372416,17.84652930125594,607.4268025178462,8495.59702766873
15502.738727165386,17.84652930125594,607.4268025178462,8496.233538743109
15503.00466929935,17.848173500970006,607.5508278980851,8496.233538743109
15503.99179504998,17.848173500970006,607.5508278980851,8496.706969927996
15507.020926011726,17.853228349238634,607.6799533497542,8496.706969927996
15507.757268035784,17.853228349238634,607.6799533497542,8497.05279365927
15507.981775067747,17.85478464886546,607.8747023716569,8497.05279365927
15508.978447204456,17.85478464886546,607.8747023716569,8497.73976258561
15509.051707811654,17.856372877955437,607.9285591673106,8497.73976258561
15509.742888156325,17.856372877955437,607.9285591673106,8498.20108449459
15509.804250190035,17.857968408614397,607.9759328979999,8498.20108449459
15510.613115359098,17.857968408614397,607.9759328979999,8498.679592141882
15511.960358012468,17.86292844824493,608.1204965822399,8498.679592141882
15512.769977096468,17.86292844824493,608.1204965822399,8499.117973860353
15512.90491123125,17.864476427435875,608.2235077805817,8499.117973860353
15513.979615591466,17.864476427435875,608.2235077805817,8499.754689736292
15514.197772540152,17.872039575129747,608.4178311638534,8499.754689736292
15514.884966731071,17.872039575129747,608.4178311638534,8500.14667889662
15515.140155060217,17.87352692335844,608.6611458361149,8500.14667889662
15515.841318475083,17.87352692335844,608.6611458361149,8500.657645124942
15517.18986752443,17.87882382981479,608.7936235498637,8500.657645124942
15518.208764255047,17.87882382981479,608.7936235498637,8501.318059261888
15518.598640155047,17.880592891946435,609.0534942541271,8501.318059261888
15519.52554676868,17.880592891946435,609.0534942541271,8501.976797057316
15519.71193421632,17.882164880633354,609.2159620299935,8501.976797057316
15520.505789976567,17.882164880633354,609.2159620299935,8502.566319670528
15520.637295929715,17.883623408153653,609.3331147767603,8502.566319670528
15521.600148903206,17.883623408153653,609.3331147767603,8503.207507077605
15522.570069456473,17.893657920882106,609.473813360557,8503.207507077605
15523.49410241656,17.893657920882106,609.473813360557,8503.923755800352
15523.627975864336,17.89524706825614,609.5660171620548,8503.923755800352
15524.531704913825,17.89524706825614,609.5660171620548,8504.376078324392
15524.646546855569,17.896733336150646,609.6699435152113,8504.376078324392
15525.308814067394,17.896733336150646,609.6699435152113,8504.767709039152
15525.460004599765,17.89825974404812,609.8096258491278,8504.767709039152
15526.583326516673,17.89825974404812,609.8096258491278,8505.545868590474
15527.907370429486,17.908353455364704,610.0040311552584,8505.545868590474
15528.865449517965,17.908353455364704,610.0040311552584,8506.095382228494
15528.928799916059,17.909874683246017,610.053828496486,8506.095382228494
15529.810576200485,17.909874683246017,610.053828496486,8506.599077345803
15530.07503526844,17.911399511620402,610.1868728902191,8506.599077345803
15531.22840754874,17.911399511620402,610.1868728902191,8507.403006738052
15531.360444551334,17.912863628938794,610.3067803457379,8507.403006738052
15532.295515852049,17.912863628938794,610.3067803457379,8507.987380078062
15533.474782804027,17.917618004605174,610.5159009899944,8507.987380078062
15534.363884760067,17.917618004605174,610.5159009899944,8508.608771590516
15534.456982599571,17.919176733121276,610.5891682077199,8508.608771590516
15535.37515267171,17.919176733121276,610.5891682077199,8509.126626385376
15535.618284443393,17.92082685418427,610.7979803159833,8509.126626385376
15536.38608809188,17.92082685418427,610.7979803159833,8509.629174331203
15536.500685427338,17.922351581975818,610.9006472602487,8509.629174331203
15537.484267419204,17.922351581975818,610.9006472602487,8510.389764908701
15538.219057839364,17.927303470671177,610.950795410201,8510.389764908701
15539.254900068045,17.927303470671177,610.950795410201,8511.138782804832
15539.451648788527,17.92887233197689,611.1193292979151,8511.138782804832
15540.4717950318,17.92887233197689,611.1193292979151,8511.862902881578
15540.585543964058,17.93043177947402,611.2201689183712,8511.862902881578
15541.510265339166,17.93043177947402,611.2201689183712,8512.540741408244
15541.660836640745,17.932070607319474,611.3563386071473,8512.540741408244
15542.38802335225,17.932070607319474,611.3563386071473,8513.108534298837
15543.638945491984,17.936997378244996,611.5029444769025,8513.108534298837
15544.423520095646,17.936997378244996,611.5029444769025,8513.60929678008
15544.526874480769,17.938471093773842,611.592475540936,8513.60929678008
15545.729129640386,17.938471093773842,611.592475540936,8514.511481786147
15545.78924288787,17.94010317325592,611.6396705266088,8514.511481786147
15546.809251591563,17.94010317325592,611.6396705266088,8515.191836565733
15546.96036953479,17.941615782678127,611.7713510170579,8515.191836565733
15547.947173763067,17.941615782678127,611.7713510170579,8515.867208825424
15549.009976323694,17.946483260020614,611.9013192858547,8515.867208825424
15549.939830441028,17.946483260020614,611.9013192858547,8516.54814649932
15550.089777741581,17.94923121854663,612.0098466351628,8516.54814649932
15551.117240739986,17.94923121854663,612.0098466351628,8517.134691469371
15551.299875764176,17.95082476735115,612.1798285283148,8517.134691469371
15552.387053208426,17.95082476735115,612.1798285283148,8517.991744387895
15552.494926594198,17.952401155605912,612.2782016433775,8517.991744387895
15553.462321663275,17.952401155605912,612.2782016433775,8518.67856413871
15554.462348096073,17.95724557340145,612.4847589097917,8518.67856413871
15555.425217991695,17.95724557340145,612.4847589097917,8519.355687784031
15555.486452871934,17.958713088184595,612.5335208438337,8519.355687784031
15556.61210841313,17.958713088184595,612.5335208438337,8520.11777476035
15556.743436787277,17.960261015221477,612.6519489213824,8520.11777476035
15557.710754115134,17.960261015221477,612.6519489213824,8520.725247893482
15557.877267636359,17.961739571765065,612.7861049454659,8520.725247893482
15558.75193458423,17.961739571765065,612.7861049454659,8521.292608393356
15561.677339827642,17.968716328963637,612.8608632814139,8521.292608393356
15562.428958624601,17.968716328963637,612.8608632814139,8521.679209347814
15562.558320660144,17.970240406692028,612.9731968306005,8521.679209347814
15563.595569007099,17.970240406692028,612.9731968306005,8522.299413690343
15563.879947556183,17.9771922621876,613.0947103630751,8522.299413690343
15564.423922915012,17.9771922621876,613.0947103630751,8522.639869768173
15564.653412709013,17.978788333013654,613.2183277551085,8522.639869768173
15566.219044104218,17.978788333013654,613.2183277551085,8523.253400567919
15570.075902227312,17.9839522652328,613.3155238293111,8523.253400567919
15571.135623166338,17.9839522652328,613.3155238293111,8523.6432951428
15571.610996140167,17.985562704503536,613.4386100340635,8523.6432951428
15572.578553225845,17.985562704503536,613.4386100340635,8524.11643476598
15572.699198104441,17.987100303173065,613.535712024197,8524.11643476598
15573.625803066418,17.987100303173065,613.535712024197,8524.410096842796
15573.777685962617,17.99312703497708,613.659184364602,8524.410096842796
15574.665611831471,17.99312703497708,613.659184364602,8524.76576750353
15577.137203365564,17.99971911497414,613.8058527354151,8524.76576750353
15577.732419166714,17.99971911497414,613.8058527354151,8525.114634403959
15577.90052411519,18.004050243645906,613.9468861706555,8525.114634403959
15578.758155008778,18.004050243645906,613.9468861706555,8525.677226893604
15578.855099385604,18.005595691502094,614.0328933894634,8525.677226893604
15579.801104320213,18.005595691502094,614.0328933894634,8526.16417097114
15579.984842594713,18.007108280435205,614.1890588738024,8526.16417097114
15580.876099346206,18.007108280435205,614.1890588738024,8526.705207217485
15583.26858513616,18.013981487601995,614.3089128714055,8526.705207217485
15583.96470357664,18.013981487601995,614.3089128714055,8527.168480765074
15584.322372827679,18.015549805015326,614.4953295234591,8527.168480765074
15585.387435682118,18.015549805015326,614.4953295234591,8527.915380764753
15585.593840396032,18.017095152288675,614.6776799727231,8527.915380764753
15586.438692715019,18.017095152288675,614.6776799727231,8528.39437553659
15586.618995040655,18.036766327917576,614.7979520261288,8528.39437553659
15587.319711104035,18.036766327917576,614.7979520261288,8528.871476922184
15588.805201608688,18.04401294887066,615.0016056317836,8528.871476922184
15589.886661121622,18.04401294887066,615.0016056317836,8529.657318461686
15590.074767915532,18.04556087590754,615.1759436558932,8529.657318461686
15591.420367261395,18.04556087590754,615.1759436558932,8530.536871330813
15591.574544539675,18.047079073265195,615.3004555571824,8530.536871330813
15592.591582374647,18.047079073265195,615.3004555571824,8531.244810706005
15592.84955808334,18.048678753897548,615.4130337815732,8531.244810706005
15593.81278658472,18.048678753897548,615.4130337815732,8531.818817760795
15595.165881576017,18.059762777760625,615.6330379825085,8531.818817760795
15596.34031479992,18.059762777760625,615.6330379825085,8532.67038417235
15596.496052416041,18.061263773590326,615.779232153669,8532.67038417235
15597.442916475236,18.061263773590326,615.779232153669,8533.310919893906
15597.552012756467,18.06278662197292,615.8758006952703,8533.310919893906
15598.619242183864,18.06278662197292,615.8758006952703,8534.010536419228
15598.702028743923,18.06431953050196,615.9364891462028,8534.010536419228
15599.822725111619,18.06431953050196,615.9364891462028,8534.70493702218
15600.671452112496,18.0742855835706,616.0584383308887,8534.70493702218
15601.990779915825,18.0742855835706,616.0584383308887,8535.548810655251
15602.12089859508,18.07594170421362,616.1789716184139,8535.548810655251
15603.59284177795,18.07594170421362,616.1789716184139,8536.613353643566
15603.698890062049,18.077495692297816,616.273054946214,8536.613353643566
15604.427243860438,18.077495692297816,616.273054946214,8537.064221544191
15604.59359751828,18.07896563783288,616.427308993414,8537.064221544191
15605.737004248425,18.07896563783288,616.427308993414,8537.822064567357
15606.663085173815,18.084097258746624,616.581225367263,8537.822064567357
15607.818822717294,18.084097258746624,616.581225367263,8538.542905699462
15607.939168471843,18.085606306791306,616.6790936030447,8538.542905699462
15608.816174108535,18.085606306791306,616.6790936030447,8539.17242526263
15608.904649443924,18.08716599456966,616.736134858802,8539.17242526263
15609.837601544335,18.08716599456966,616.736134858802,8539.832734216005
15609.969164811075,18.088766952976584,616.8436671439558,8539.832734216005
15610.77483917214,18.088766952976584,616.8436671439558,8540.367213325575
15611.738339558244,18.09369273111224,617.0798121709377,8540.367213325575
15612.860631115735,18.09369273111224,617.0798121709377,8541.131580326706
15613.019580980763,18.09520336613059,617.2240126058459,8541.131580326706
15613.920682443306,18.09520336613059,617.2240126058459,8541.736475935206
15614.092476639897,18.096640713512897,617.3821434751153,8541.736475935206
15615.269371040165,18.096640713512897,617.3821434751153,8542.679037351161
15615.39300067164,18.098152680322528,617.492828803137,8542.679037351161
15616.402817480266,18.098152680322528,617.492828803137,8543.28924225457
15617.306736856699,18.112459851428866,617.5631162989885,8543.28924225457
15618.370744336396,18.112459851428866,617.5631162989885,8543.940532714128
15618.518102707341,18.113985046744347,617.6972160935402,8543.940532714128
15619.57588372752,18.113985046744347,617.6972160935402,8544.785916434601
15619.72428927198,18.1155145149678,617.827450465411,8544.785916434601
15620.757149256766,18.1155145149678,617.827450465411,8545.427236255258
15620.881345469505,18.117115292698145,617.9158307798207,8545.427236255258
15621.828010372818,18.117115292698145,617.9158307798207,8546.095205748454
15622.792070357129,18.121951827779412,618.0191444642842,8546.095205748454
15623.858763955534,18.121951827779412,618.0191444642842,8546.809362888336
15624.031050533056,18.123507065698504,618.1764210481197,8546.809362888336
15625.186842292547,18.123507065698504,618.1764210481197,8547.522704184055
15625.389997899532,18.125073252245784,618.360232476145,8547.522704184055
15626.254869645461,18.125073252245784,618.360232476145,8548.082889450714
15626.347104320303,18.126575637608767,618.4342984184623,8548.082889450714
15627.228741511703,18.126575637608767,618.4342984184623,8548.615721570328
15628.150609543547,18.1313063967973,618.5950223356485,8548.615721570328
15629.135461457074,18.1313063967973,618.5950223356485,8549.187480397522
15629.337311191484,18.132829444482923,618.7821783628315,8549.187480397522
15630.163354484364,18.132829444482923,618.7821783628315,8549.71066311188
15630.779873033985,18.13444383442402,618.8838160093874,8549.71066311188
15631.568733442575,18.13444383442402,618.8838160093874,8550.082441270351
15631.637986887246,18.136039972305298,618.9372605402023,8550.082441270351
15632.360387219116,18.136039972305298,618.9372605402023,8550.379132814705
15636.927171260118,18.141435980796814,619.1607462055981,8550.379132814705
15637.600885717198,18.141435980796814,619.1607462055981,8550.87311369367
15637.73806816712,18.14314337261021,619.2753132339567,8550.87311369367
15638.403298303485,18.14314337261021,619.2753132339567,8551.361952995881
15638.507153917104,18.14515013806522,619.363522393629,8551.361952995881
15639.702033266425,18.14515013806522,619.363522393629,8552.193957336247
15639.933655360714,18.146674705669284,619.5857231449336,8552.193957336247
15640.92411492765,18.146674705669284,619.5857231449336,8552.861925682053
15642.242401394993,18.151582533493638,619.6834085285664,8552.861925682053
15642.966220596805,18.151582533493638,619.6834085285664,8553.280622052029
15643.036144023761,18.153097201138735,619.7399742230773,8553.280622052029
15643.99272387661,18.153097201138735,619.7399742230773,8553.632198913023
15644.053590591997,18.154654236510396,619.7874421160668,8553.632198913023
15645.016583679244,18.154654236510396,619.7874421160668,8554.130651801825
15645.100975243375,18.156186433508992,619.8584626354277,8554.130651801825
15646.00673661381,18.156186433508992,619.8584626354277,8554.686467891559
15647.96939745918,18.162138503044844,620.0193219743669,8554.686467891559
15648.842060759664,18.162138503044844,620.0193219743669,8555.291218226776
15648.98384997435,18.163748644292355,620.1342354603112,8555.291218226776
15649.841382389888,18.163748644292355,620.1342354603112,8555.79521817714
15650.153142899275,18.165344024077058,620.2994547504932,8555.79521817714
15651.357348658144,18.165344024077058,620.2994547504932,8556.406115084887
15651.573357019573,18.167059414088726,620.4022267051041,8556.406115084887
15652.702487563714,18.167059414088726,620.4022267051041,8557.11494177021
15654.36366098933,18.176365446299314,620.5811400543898,8557.11494177021
15655.050984285772,18.176365446299314,620.5811400543898,8557.433727486059
15655.13033221662,18.177887814119458,620.6434395164251,8557.433727486059
15655.972996404395,18.177887814119458,620.6434395164251,8558.038257449865
15656.125229055062,18.17939762212336,620.7861574180424,8558.038257449865
15656.843421934173,18.17939762212336,620.7861574180424,8558.355965018272
15656.969641083851,18.18096312135458,620.8761079609394,8558.355965018272
15657.820906067267,18.18096312135458,620.8761079609394,8558.709720950574
15659.970482248813,18.185732007026672,621.0352097284049,8558.709720950574
15660.894820908085,18.185732007026672,621.0352097284049,8559.257217139006
15661.142726520076,18.187286807224154,621.2234580367804,8559.257217139006
15662.285085348412,18.187286807224154,621.2234580367804,8559.697868570685
15662.410501172766,18.189246943220496,621.3282974809408,8559.697868570685
15663.117766482756,18.189246943220496,621.3282974809408,8560.047156101093
15663.191264588386,18.19289391860366,621.3868768624961,8560.047156101093
15663.903524408117,18.19289391860366,621.3868768624961,8560.35879131034
15666.936698839068,18.203118685632944,621.4649120699614,8560.35879131034
15667.830492703244,18.203118685632944,621.4649120699614,8560.765161246061
15667.954552868381,18.204637423157692,621.5766971074045,8560.765161246061
15669.142508773133,18.204637423157692,621.5766971074045,8561.427201746032
15669.257675334811,18.206189611926675,621.6822535227984,8561.427201746032
15670.066983828321,18.206189611926675,621.6822535227984,8561.874235110357
15670.146290775388,18.20769882760942,621.7492690067738,8561.874235110357
15670.870295200497,18.20769882760942,621.7492690067738,8562.27138081938
15672.495998444036,18.21294209174812,621.8648733347654,8562.27138081938
15673.323613248765,18.21294209174812,621.8648733347654,8562.7788246423
15673.492024995387,18.21453389339149,622.0230582263321,8562.7788246423
15674.47498217225,18.21453389339149,622.0230582263321,8563.489866478369
15674.593982812017,18.216490268707275,622.1185288205743,8563.489866478369
15675.734105939046,18.216490268707275,622.1185288205743,8564.145746078342
15675.832868363708,18.21813039854169,622.2074329853058,8564.145746078342
15676.407453903928,18.21813039854169,622.2074329853058,8564.42631980218
15677.661153223366,18.222883954644203,622.36812078394,8564.42631980218
15678.463511541486,18.222883954644203,622.36812078394,8564.922577572986
15678.647820668295,18.224472662433982,622.5295122042298,8564.922577572986
15679.610227070749,18.224472662433982,622.5295122042298,8565.525151312351
15679.794390333816,18.227655339986086,622.67923598364,8565.525151312351
15680.528122736141,18.227655339986086,622.67923598364,8566.010975632817
15680.73602226749,18.229189407080412,622.8662782702595,8566.010975632817
15681.428606711328,18.229189407080412,622.8662782702595,8566.39509999752
15683.62474457547,18.234062625095248,623.015931699425,8566.39509999752
15684.54219391942,18.234062625095248,623.015931699425,8567.006962412968
15684.666288573295,18.235631873831153,623.122037993744,8567.006962412968
15685.53328993544,18.235631873831153,623.122037993744,8567.567012552172
15685.677999304608,18.23719985038042,623.2364668492228,8567.567012552172
15686.652511844411,18.23719985038042,623.2364668492228,8568.161599935964
15686.783884039149,18.238760240375996,623.3230473212898,8568.161599935964
15687.916402501985,18.238760240375996,623.3230473212898,8568.930102750659
15689.26383942552,18.243720561265945,623.5292894449085,8568.930102750659
15690.30470710434,18.243720561265945,623.5292894449085,8569.651051551104
15690.49707663618,18.2453200109303,623.6274789460003,8569.651051551104
15691.569699941203,18.2453200109303,623.6274789460003,8570.280466258526
15691.712470604107,18.246992299333215,623.7435505334288,8570.280466258526
15692.895731206983,18.246992299333215,623.7435505334288,8571.013249123469
15692.987341739237,18.24854918010533,623.8170948699117,8571.013249123469
15693.770582111552,18.24854918010533,623.8170948699117,8571.592208094895
15695.28956601955,18.253274666145444,623.9042508322746,8571.592208094895
15696.23706551455,18.253274666145444,623.9042508322746,8572.037815008312
15696.302920950577,18.25557635165751,623.953550286591,8572.037815008312
15697.322518751025,18.25557635165751,623.953550286591,8572.671879630536
15697.569158200175,18.25725801102817,624.1525617688894,8572.671879630536
15698.542308919132,18.25725801102817,624.1525617688894,8573.268688118085
15698.623412422836,18.258795887231827,624.222574038431,8573.268688118085
15699.654372159392,18.258795887231827,624.222574038431,8573.882326208055
15703.102514090016,18.26359404437244,624.3221767768264,8573.882326208055
15703.624174142256,18.26359404437244,624.3221767768264,8574.15594263561
15703.789992991835,18.26586697436869,624.4670140165836,8574.15594263561
15704.711202947423,18.26586697436869,624.4670140165836,8574.847815036774
15704.788287680596,18.267406094819307,624.5340667050332,8574.847815036774
15705.652300095186,18.267406094819307,624.5340667050332,8575.192693397403
15705.746756622568,18.268944753333926,624.5902862474322,8575.192693397403
15706.405480271205,18.268944753333926,624.5902862474322,8575.583706006408
15708.888679392636,18.276868535205722,624.6806510277092,8575.583706006408
15709.658465610817,18.276868535205722,624.6806510277092,8575.92066173628
15709.732478123158,18.278400672599673,624.7356054261327,8575.92066173628
15710.688047083095,18.278400672599673,624.7356054261327,8576.441841579974
15710.897444928065,18.279953187331557,624.9130973797292,8576.441841579974
15712.188845036551,18.279953187331557,624.9130973797292,8576.939752720296
15712.346098212525,18.28150822594762,625.0567422993481,8576.939752720296
15713.256456781179,18.28150822594762,625.0567422993481,8577.604043539613
15714.75235073641,18.286332026124,625.1464853323996,8577.604043539613
15715.493801457807,18.286332026124,625.1464853323996,8578.038970787078
15715.670529868454,18.28789005242288,625.2997404634953,8578.038970787078
15716.725977091119,18.28789005242288,625.2997404634953,8578.514474904165
15716.901289746165,18.289467910304666,625.4288404658437,8578.514474904165
15717.770174533129,18.289467910304666,625.4288404658437,8579.063417613506
15717.869234303012,18.291014537215233,625.511239554733,8579.063417613506
15718.700719531626,18.291014537215233,625.511239554733,8579.398699341342
15720.622199932113,18.295958099886775,625.6141794323921,8579.398699341342
15721.754465183243,18.295958099886775,625.6141794323921,8579.842551153153
15721.883490188047,18.297501476481557,625.7282590344548,8579.842551153153
15722.877875363454,18.297501476481557,625.7282590344548,8580.401842700318
15723.001678282395,18.298991793766618,625.8340419754386,8580.401842700318
15724.507002195343,18.298991793766618,625.8340419754386,8581.004496997222
15724.593954596668,18.30058499239385,625.893669847399,8581.004496997222
15725.361138757318,18.30058499239385,625.893669847399,8581.368997076526
15727.995737850666,18.305380007252097,625.9734587948769,8581.368997076526
15728.470402229577,18.305380007252097,625.9734587948769,8581.693686412647
15728.587840724736,18.30694042518735,626.0810270793736,8581.693686412647
15729.708270899951,18.30694042518735,626.0810270793736,8582.113990126178
15729.76527597569,18.308473212644458,626.1257422920316,8582.113990126178
15730.67805368267,18.308473212644458,626.1257422920316,8582.459770454094
15730.744555190206,18.309997221454978,626.1732280142605,8582.459770454094
15731.483913807198,18.309997221454978,626.1732280142605,8582.786067279056
15733.500389276072,18.32363272458315,626.2238701730967,8582.786067279056
15734.512820811942,18.32363272458315,626.2238701730967,8583.48180343397
15734.588008536026,18.32555569894612,626.2893375530839,8583.48180343397
15735.497828340158,18.32555569894612,626.2893375530839,8584.057336745784
15735.6131521333,18.32711492665112,626.3885062858462,8584.057336745784
15736.320917496458,18.32711492665112,626.3885062858462,8584.36433577165
15736.396634601057,18.3285611923784,626.4500827342272,8584.36433577165
15737.1064073015,18.3285611923784,626.4500827342272,8584.667875535786
15739.298895167187,18.333244217559695,626.6304383985698,8584.667875535786
15740.6217889525,18.333244217559695,626.6304383985698,8585.467047650367
15740.84504573606,18.3347719758749,626.8093446474522,8585.467047650367
15741.787389772013,18.3347719758749,626.8093446474522,8586.068359723315
15742.048959119245,18.33651227876544,627.0236087497324,8586.068359723315
15742.806632580236,18.33651227876544,627.0236087497324,8586.486487988383
15743.013661820441,18.338245591148734,627.0968927592039,8586.486487988383
15743.498747589067,18.338245591148734,627.0968927592039,8586.81546783261
15745.151181019843,18.343770910054445,627.2574148662388,8586.81546783261
15746.236682664603,18.343770910054445,627.2574148662388,8587.484132824466
15746.438802296296,18.34541509859264,627.4350439440459,8587.484132824466
15747.409654606134,18.34541509859264,627.4350439440459,8588.131226696074
15747.587325852364,18.347317572683096,627.5852420199662,8588.131226696074
15748.540383992717,18.347317572683096,627.5852420199662,8588.88700376451
15748.641240054742,18.34890224225819,627.6738425679505,8588.88700376451
15749.331896368414,18.34890224225819,627.6738425679505,8589.239412704483
15751.4896010831,18.354633325710893,627.763638889417,8589.239412704483
15752.347784260288,18.354633325710893,627.763638889417,8589.837399585173
15752.542631007731,18.356480197981,627.8782187607139,8589.837399585173
15753.27564761974,18.356480197981,627.8782187607139,8590.20441758819
15753.400422567502,18.358064575120807,627.9457071758807,8590.20441758819
15754.134566659108,18.358064575120807,627.9457071758807,8590.712579198182
15754.29709437117,18.35956571251154,628.0878677070141,8590.712579198182
15754.878090575337,18.35956571251154,628.0878677070141,8591.10415195115
15757.463175116107,18.36443081125617,628.1691226828843,8591.10415195115
15758.4040368516,18.36443081125617,628.1691226828843,8591.586982110515
15758.495127955452,18.366029549390078,628.2362802419811,8591.586982110515
15759.5461456161,18.366029549390078,628.2362802419811,8592.204498346895
15759.686707727611,18.367656767368317,628.3357539977878,8592.204498346895
15760.672094635665,18.367656767368317,628.3357539977878,8592.752708716318
15760.758378464729,18.369234466925263,628.4115233626217,8592.752708716318
15761.342122124508,18.369234466925263,628.4115233626217,8593.166963968426
15763.680016836151,18.374074252322316,628.4639070145786,8593.166963968426
15764.948711950332,18.374074252322316,628.4639070145786,8593.705313147977
15765.127603979781,18.3756609801203,628.6154899578542,8593.705313147977
15766.02973277308,18.3756609801203,628.6154899578542,8594.163939168677
15766.095317175612,18.37725285999477,628.6623709984124,8594.163939168677
15767.108240224421,18.37725285999477,628.6623709984124,8594.545449810103
15767.187649056315,18.378779128193855,628.7292393222451,8594.545449810103
15767.92415812239,18.378779128193855,628.7292393222451,8594.85726327449
15770.712264062837,18.38398064300418,628.914876844734,8594.85726327449
15771.35092112422,18.38398064300418,628.914876844734,8595.198886049911
15771.449909429997,18.385513791814446,629.0019979178905,8595.198886049911
15772.344953415915,18.385513791814446,629.0019979178905,8595.728670572862
15772.422448236495,18.387080259621143,629.069127317518,8595.728670572862
15773.602025000378,18.387080259621143,629.069127317518,8596.386611985043
15773.744395695627,18.388632917776704,629.202270064503,8596.386611985043
15775.354621611536,18.388632917776704,629.202270064503,8597.142785249278
15777.833359286189,18.393497958779335,629.3336862921715,8597.142785249278
15778.678911684081,18.393497958779335,629.3336862921715,8597.537455718964
15778.80870243162,18.39501664787531,629.4513857997954,8597.537455718964
15779.794248912483,18.39501664787531,629.4513857997954,8598.141038931906
15779.964243732393,18.39658146724105,629.608658965677,8598.141038931906
15781.078462999314,18.39658146724105,629.608658965677,8598.94857345149
15781.14096961543,18.398100215941668,629.6617829985917,8598.94857345149
15781.820207163692,18.398100215941668,629.6617829985917,8599.412182133645
15783.742617901415,18.403059016913176,629.8568411823362,8599.412182133645
15784.46400718391,18.403059016913176,629.8568411823362,8599.845397982746
15784.681527825072,18.404649885371327,630.065139066428,8599.845397982746
15786.05414127931,18.404649885371327,630.065139066428,8600.497402399778
15786.214462539181,18.40616151317954,630.2029747907072,8600.497402399778
15786.743739183992,18.40616151317954,630.2029747907072,8600.839582744986
15786.921854490414,18.407618122175336,630.3590502738953,8600.839582744986
15788.397200528532,18.407618122175336,630.3590502738953,8601.746054861695
15789.676124040037,18.412517910823226,630.4455686993897,8601.746054861695
15790.826475946233,18.412517910823226,630.4455686993897,8602.560368184
15790.918815771118,18.414138730615377,630.5280376877636,8602.560368184
15792.083089012653,18.414138730615377,630.5280376877636,8603.38303953968
15792.282612515613,18.415766598656774,630.7144237235188,8603.38303953968
15793.413452208042,18.415766598656774,630.7144237235188,8603.889003869146
15793.482228536159,18.41822174191475,630.7669290769845,8603.889003869146
15794.454919505864,18.41822174191475,630.7669290769845,8604.287282142788
15797.046776747331,18.42319288291037,630.8182726800442,8604.287282142788
15797.962962489575,18.42319288291037,630.8182726800442,8604.639377368614
15798.051751604304,18.42469435185194,630.8930084072053,8604.639377368614
15798.785092476755,18.42469435185194,630.8930084072053,8604.971755629405
15798.983757153153,18.42637394182384,630.9511885140091,8604.971755629405
15799.813928293064,18.42637394182384,630.9511885140091,8605.42225513421
15799.893533429131,18.42787709645927,630.9984662719071,8605.42225513421
15801.271371759474,18.42787709645927,630.9984662719071,8605.92054624483
15803.175986498594,18.43284193612635,631.0876430645585,8605.92054624483
15803.807098962367,18.43284193612635,631.0876430645585,8606.241681696847
15804.006169468164,18.434351474046707,631.2604498825967,8606.241681696847
15804.853497352451,18.434351474046707,631.2604498825967,8606.719771001488
15805.060305228457,18.43592793121934,631.4447779208422,8606.719771001488
15805.887412684038,18.43592793121934,631.4447779208422,8607.109960721806
15806.122511414811,18.437425758689642,631.6373784206808,8607.109960721806
15807.071471311152,18.437425758689642,631.6373784206808,8607.570750230923
15809.512583568692,18.442166754975915,631.7110918406397,8607.570750230923
15810.14427330345,18.442166754975915,631.7110918406397,8607.938620183617
15810.279003499076,18.443790735676885,631.8279807344079,8607.938620183617
15810.998567411676,18.443790735676885,631.8279807344079,8608.300663471222
15811.109258703887,18.445386236533523,631.9228310883045,8608.300663471222
15812.013448268175,18.445386236533523,631.9228310883045,8608.968394841999
15812.188262403011,18.447023356333375,632.0478408299387,8608.968394841999
15813.096337871626,18.447023356333375,632.0478408299387,8609.664557559416
15814.834737572819,18.45185817591846,632.13802546449,8609.664557559416
15815.692044096068,18.45185817591846,632.13802546449,8610.054443459958
15815.78206670098,18.453366531059146,632.2181784212589,8610.054443459958
15816.56713444367,18.453366531059146,632.2181784212589,8610.483495647088
15816.679150639102,18.454939728602767,632.3185491766781,8610.483495647088
15817.45171441324,18.454939728602767,632.3185491766781,8610.955521890894
15817.574913792312,18.456541869789362,632.4312080647796,8610.955521890894
15818.648533085361,18.456541869789362,632.4312080647796,8611.671645540744
15820.51253961958,18.46495289169252,632.6071326732635,8611.671645540744
15821.667286917567,18.46495289169252,632.6071326732635,8612.304047450423
15821.806964335963,18.46652365103364,632.6868405397981,8612.304047450423
15822.53435801901,18.46652365103364,632.6868405397981,8612.721002526581
15822.702957423404,18.468272794038057,632.8354702014476,8612.721002526581
15823.677580380812,18.468272794038057,632.8354702014476,8613.20980485715
15823.86850434728,18.470052879303694,632.9602502882481,8613.20980485715
15824.974121233448,18.470052879303694,632.9602502882481,8613.922081436962
15826.314558245242,18.475009866058826,633.0222344920039,8613.922081436962
15827.29869106412,18.475009866058826,633.0222344920039,8614.505366316065
15827.447856195271,18.47658341564238,633.1564737726003,8614.505366316065
15828.175155488774,18.47658341564238,633.1564737726003,8614.814022172242
15828.300328692421,18.478090094402432,633.2585928868502,8614.814022172242
15829.322404680774,18.478090094402432,633.2585928868502,8615.269269203767
15829.752685720101,18.479690430685878,633.3376709651202,8615.269269203767
15830.397032756358,18.479690430685878,633.3376709651202,8615.526235301048
15833.482581043616,18.486468464136124,633.446721624583,8615.526235301048
15834.248291673139,18.486468464136124,633.446721624583,8615.932944878936
15834.333487391472,18.48800029233098,633.5190495289862,8615.932944878936
15835.275400063023,18.48800029233098,633.5190495289862,8616.231644606218
15835.616606574506,18.48957854323089,633.6543264072388,8616.231644606218
15836.526855751872,18.48957854323089,633.6543264072388,8616.634181847796
15836.692776225507,18.491131830960512,633.7960178926587,8616.634181847796
15837.328323222697,18.491131830960512,633.7960178926587,8616.983048185706
15838.37080752477,18.496334383264184,633.9858421329409,8616.983048185706
15839.123460376635,18.496334383264184,633.9858421329409,8617.371869109571
15839.265785103664,18.49813013523817,634.0877723041922,8617.371869109571
15839.974226223305,18.49813013523817,634.0877723041922,8617.737052913755
15840.172331331298,18.499674955382943,634.2481131162494,8617.737052913755
15840.958766551688,18.499674955382943,634.2481131162494,8618.08042913489
15841.020096635446,18.501151824370027,634.2935601733625,8618.08042913489
15841.845592312515,18.501151824370027,634.2935601733625,8618.600669689476
15843.156827947125,18.506156764924526,634.4572415445,8618.600669689476
15843.788628816605,18.506156764924526,634.4572415445,8618.951754238456
15843.900974188,18.507900178432465,634.5593899898231,8618.951754238456
15844.866384597495,18.507900178432465,634.5593899898231,8619.40746039711
15845.128272995353,18.5094401743263,634.8079882152379,8619.40746039711
15845.680559650064,18.5094401743263,634.8079882152379,8619.775195697322
15846.036578539759,18.51109909452498,635.0214452426881,8619.775195697322
15847.055744195357,18.51109909452498,635.0214452426881,8620.351880105212
15849.180176313967,18.517062783241272,635.1465493049473,8620.351880105212
15850.055031239986,18.517062783241272,635.1465493049473,8620.942384902388
15850.191729294136,18.5186850707978,635.266786698252,8620.942384902388
15851.457713415846,18.5186850707978,635.266786698252,8621.83613757044
15851.615143926814,18.520273629575968,635.4012286514044,8621.83613757044
15852.455095035955,18.520273629575968,635.4012286514044,8622.395569866523
15852.557338103652,18.521839048713446,635.4938986040652,8622.395569866523
15853.285724479705,18.521839048713446,635.4938986040652,8622.848138399422
15854.509470432997,18.536699686199427,635.6382581982762,8622.848138399422
15855.523060690612,18.536699686199427,635.6382581982762,8623.392175603658
15855.748051518574,18.538366746157408,635.8378425035626,8623.392175603658
15856.838305428624,18.538366746157408,635.8378425035626,8624.06800403446
15857.049565445632,18.53993472456932,636.035150937736,8624.06800403446
15858.083473391831,18.53993472456932,636.035150937736,8624.704144630581
15858.25646094419,18.542283419519663,636.1520903818309,8624.704144630581
15859.338558085263,18.542283419519663,636.1520903818309,8625.398608259857
15860.404309879988,18.54726073332131,636.2957619745284,8625.398608259857
15861.233767651021,18.54726073332131,636.2957619745284,8625.859855510294
15861.373499600217,18.548855343833566,636.419187836349,8625.859855510294
15862.25960719958,18.548855343833566,636.419187836349,8626.462919669226
15862.496192239225,18.55040187202394,636.634275784716,8626.462919669226
15863.452355993912,18.55040187202394,636.634275784716,8627.188682056963
15863.576617721468,18.552026242017746,636.7346385773271,8627.188682056963
15864.685678444803,18.552026242017746,636.7346385773271,8627.931026594713
15865.869088126346,18.556929051876068,636.8430798072368,8627.931026594713
15866.919770335779,18.556929051876068,636.8430798072368,8628.59644972533
15867.03450245224,18.55851673334837,636.948090646416,8628.59644972533
15868.10612341389,18.55851673334837,636.948090646416,8629.29223002866
15868.235307531431,18.560126984491944,637.0463124401867,8629.29223002866
15869.168533867225,18.560126984491944,637.0463124401867,8629.940811643377
15869.27879700251,18.56171099282801,637.1390241868794,8629.940811643377
15870.374658873305,18.56171099282801,637.1390241868794,8630.676750525832
15871.486886713654,18.566619221121073,637.4087911900133,8630.676750525832
15872.251302704215,18.566619221121073,637.4087911900133,8631.157009452581
15872.406089344993,18.568208338692784,637.5346682295203,8631.157009452581
15873.376516729593,18.568208338692784,637.5346682295203,8631.826128542423
15873.666903765872,18.56995940208435,637.7408093642443,8631.826128542423
15874.565105168149,18.56995940208435,637.7408093642443,8632.51825973764
15874.695495475084,18.57156309299171,637.8560260571539,8632.51825973764
15875.752094015479,18.57156309299171,637.8560260571539,8633.245259327814
15876.703128596768,18.582213206216693,638.025613386184,8633.245259327814
15877.55849337019,18.582213206216693,638.025613386184,8633.892401445657
15877.653798639774,18.583876196295023,638.1086115445942,8633.892401445657
15878.56895297952,18.583876196295023,638.1086115445942,8634.462674228474
15878.863240428269,18.585698388516903,638.3342015538365,8634.462674228474
15879.938727900386,18.585698388516903,638.3342015538365,8635.237572656944
15880.036589799449,18.58747082017362,638.4111952520907,8635.237572656944
15881.012277528644,18.58747082017362,638.4111952520907,8635.85099927336
15882.052610363811,18.592379339039326,638.5512300282717,8635.85099927336
15882.813786013052,18.592379339039326,638.5512300282717,8636.30819134228
15882.89976351522,18.594310116022825,638.6140808109194,8636.30819134228
15883.761783979833,18.594310116022825,638.6140808109194,8636.792828390375
15883.854945033789,18.59843053109944,638.6819805465639,8636.792828390375
15884.551777735353,18.59843053109944,638.6819805465639,8637.281389366835
15884.648851340637,18.600025130435824,638.7674985602498,8637.281389366835
15885.508150244132,18.600025130435824,638.7674985602498,8637.881546154618
15886.698735008016,18.605051251128316,638.8677517995238,8637.881546154618
15887.766458982602,18.605051251128316,638.8677517995238,8638.610008543357
15887.897912090644,18.606669658795,638.9808943141252,8638.610008543357
15888.882687196136,18.606669658795,638.9808943141252,8639.27281499654
15889.004581091926,18.608226059004664,639.0902729723603,8639.27281499654
15889.857385458425,18.608226059004664,639.0902729723603,8639.831184063107
15890.009414000437,18.60978656820953,639.2255844026804,8639.831184063107
15890.936327984557,18.60978656820953,639.2255844026804,8640.539062146097
15892.25825385563,18.617730394005775,639.3813002426177,8640.539062146097
15893.186256039888,18.617730394005775,639.3813002426177,8640.985945316032
15893.334424331784,18.6193660646677,639.5108270775527,8640.985945316032
15894.15008270368,18.6193660646677,639.5108270775527,8641.446132037789
15894.297358039767,18.623976597562432,639.6294615827501,8641.446132037789
15894.956015970558,18.623976597562432,639.6294615827501,8641.936994876713
15895.116950493306,18.625567704439163,639.7799964994192,8641.936994876713
15895.913799835369,18.625567704439163,639.7799964994192,8642.43467986025
15897.110990192741,18.631629034876823,639.874763539061,8642.43467986025
15898.068028662354,18.631629034876823,639.874763539061,8643.076891640201
15898.21136159636,18.633250804618,639.9985504671931,8643.076891640201
15898.876914491877,18.633250804618,639.9985504671931,8643.493935817853
15899.125040240586,18.634924763813615,640.1770929321647,8643.493935817853
15900.240562051535,18.634924763813615,640.1770929321647,8644.122567541897
15900.4115723297,18.636481972411275,640.3223050516099,8644.122567541897
15901.302819825709,18.636481972411275,640.3223050516099,8644.635270729661
15902.799343502149,18.64174759015441,640.4859851356596,8644.635270729661
15903.629060840234,18.64174759015441,640.4859851356596,8645.12901395373
15903.758736515418,18.643363619223237,640.5910415835679,8645.12901395373
15904.668117042631,18.643363619223237,640.5910415835679,8645.836508309469
15904.812608348206,18.644958129152656,640.7204422280192,8645.836508309469
15905.71248714067,18.644958129152656,640.7204422280192,8646.463417263702
15905.874474063516,18.646727381274104,640.8681173212826,8646.463417263702
15906.864298351109,18.646727381274104,640.8681173212826,8647.21947388351
15908.330125292763,18.65172864124179,640.9219643380493,8647.21947388351
15909.057961158454,18.65172864124179,640.9219643380493,8647.638342084363
15909.337533807382,18.653457414358854,641.1592159103602,8647.638342084363
15910.5382405594,18.653457414358854,641.1592159103602,8648.302399571985
15910.647011525929,18.655019694939256,641.2547211572528,8648.302399571985
15911.424896651879,18.655019694939256,641.2547211572528,8648.89212348871
15911.561094308272,18.656690107658505,641.3699251934886,8648.89212348871
15912.611085480079,18.656690107658505,641.3699251934886,8649.50068083778
15913.660642333329,18.66511912830174,641.4748679194599,8649.50068083778
15914.52662499994,18.66511912830174,641.4748679194599,8650.110081965104
15914.741645740345,18.66675048880279,641.6265839859843,8650.110081965104
15915.755491903052,18.66675048880279,641.6265839859843,8650.862872395664
15915.917811313644,18.66840103827417,641.7595887649804,8650.862872395664
15916.834692047909,18.66840103827417,641.7595887649804,8651.381873056293
15916.925218731165,18.670074908062816,641.8309845924377,8651.381873056293
15917.999270871282,18.670074908062816,641.8309845924377,8651.99311845377
15918.853130787611,18.675142450258136,641.9323412310332,8651.99311845377
15919.722087539732,18.675142450258136,641.9323412310332,8652.481414148584
15919.849303651601,18.676751790568233,642.037072474137,8652.481414148584
15920.780980704352,18.676751790568233,642.037072474137,8653.10977661796
15921.000692108646,18.678329568356276,642.2266621291637,8653.10977661796
15921.855181107298,18.678329568356276,642.2266621291637,8653.62457456626
15922.067586127669,18.679947718977928,642.4171861615032,8653.62457456626
15922.84930440411,18.679947718977928,642.4171861615032,8654.07567994669
15923.603160403669,18.684863468632102,642.5487309042364,8654.07567994669
15924.5157380905,18.684863468632102,642.5487309042364,8654.677655927837
15924.66003508307,18.68663384951651,642.6716678887606,8654.677655927837
15925.657400680706,18.68663384951651,642.6716678887606,8655.334834830835
15925.889548847452,18.688199227675796,642.8616478908807,8655.334834830835
15926.78041292727,18.688199227675796,642.8616478908807,8655.988286118954
15926.901529500261,18.68983286060393,642.9637721590698,8655.988286118954
15927.80958054401,18.68983286060393,642.9637721590698,8656.577365865931
15928.661483803764,18.69482715241611,643.1286682747304,8656.577365865931
15929.768437072635,18.69482715241611,643.1286682747304,8657.360620452091
15929.900979822502,18.69647746346891,643.245107781142,8657.360620452091
15930.813870551065,18.69647746346891,643.245107781142,8658.073673410341
15930.974593633786,18.698023280128837,643.3802397865802,8658.073673410341
15931.740186708048,18.698023280128837,643.3802397865802,8658.567778360099
15931.89861067757,18.6995720975101,643.5285824704915,8658.567778360099
15932.68833919987,18.6995720975101,643.5285824704915,8659.112039782107
15933.557157499716,18.704530507326126,643.6635570432991,8659.112039782107
15934.527717759833,18.704530507326126,643.6635570432991,8659.747724577785
15934.765635976568,18.706097073853016,643.8633707556874,8659.747724577785
15935.57874308154,18.706097073853016,643.8633707556874,8660.28265327774
15935.66946214065,18.707671033218503,643.9443092867732,8660.28265327774
15936.502605931833,18.707671033218503,643.9443092867732,8660.871237145737
15936.694542551413,18.709343772381544,644.0785756967962,8660.871237145737
15937.552842391655,18.709343772381544,644.0785756967962,8661.424890520051
15938.48542143032,18.714282672852278,644.2321150973439,8661.424890520051
15939.529908603057,18.714282672852278,644.2321150973439,8662.16921580024
15939.63751407899,18.71590906009078,644.3297763634473,8662.16921580024
15940.419356359169,18.71590906009078,644.3297763634473,8662.643689110875
15940.66891833581,18.717560101300478,644.5454436540604,8662.643689110875
15941.819673150778,18.717560101300478,644.5454436540604,8663.40673990734
15941.905447108671,18.7192195802927,644.6059629432857,8663.40673990734
15943.010523494333,18.7192195802927,644.6059629432857,8664.124943550676
15946.617325857282,18.72437246516347,644.6814771667123,8664.124943550676
15947.09547897987,18.72437246516347,644.6814771667123,8664.377457290888
15947.169851660728,18.725989423692226,644.733846526593,8664.377457290888
15947.696153525263,18.725989423692226,644.733846526593,8664.690225044265
15947.773138035089,18.727532912045717,644.7929455097765,8664.690225044265
15948.64021065645,18.727532912045717,644.7929455097765,8664.987416176125
15948.81161733903,18.729161452502012,644.9443532135338,8664.987416176125
15949.47717130743,18.729161452502012,644.9443532135338,8665.42320712842
15952.610014215112,18.734283946454525,645.0810721702874,8665.42320712842
15953.778067808598,18.734283946454525,645.0810721702874,8665.858179941773
15953.86076979898,18.73590755648911,645.1467033550143,8665.858179941773
15954.844639183953,18.73590755648911,645.1467033550143,8666.212765928358
15955.142261492088,18.737709121778607,645.1991701796651,8666.212765928358
15956.05570214428,18.737709121778607,645.1991701796651,8666.597115013748
15956.18323543109,18.739369062706828,645.3084803950042,8666.597115013748
15956.993005311117,18.739369062706828,645.3084803950042,8667.055872473866
15958.975135367364,18.74437803402543,645.5659061335027,8667.055872473866
15959.8296179194,18.74437803402543,645.5659061335027,8667.46929929778
15960.243729727343,18.747358029708266,645.6445009540766,8667.46929929778
15961.114308658987,18.747358029708266,645.6445009540766,8667.7564578671
15961.185732020065,18.748948959633708,645.6999083701521,8667.7564578671
15961.865807550028,18.748948959633708,645.6999083701521,8668.117656700313
15962.06723099202,18.75048029795289,645.8877769634128,8668.117656700313
15962.95783950761,18.75048029795289,645.8877769634128,8668.454997573048
15964.661622408777,18.75529887340963,646.1274450309575,8668.454997573048
15965.25530921854,18.75529887340963,646.1274450309575,8668.831422204152
15965.395486894995,18.757149197161198,646.2199013698846,8668.831422204152
15966.617114080116,18.757149197161198,646.2199013698846,8669.729924485087
15966.80461216718,18.75880885683,646.3793856389821,8669.729924485087
15968.002482471988,18.75880885683,646.3793856389821,8670.43493365869
15968.187377391383,18.761459436267614,646.5344176571816,8670.43493365869
15969.358998458833,18.761459436267614,646.5344176571816,8671.136984819546
15970.343313800171,18.76629296503961,646.684142479673,8671.136984819546
15971.363751258701,18.76629296503961,646.684142479673,8671.76966907829
15971.487612500787,18.767928095534444,646.7882933635265,8671.76966907829
15972.49925756827,18.767928095534444,646.7882933635265,8672.496710222214
15972.602960603312,18.769506784155965,646.8688313569874,8672.496710222214
15973.566972263157,18.769506784155965,646.8688313569874,8673.116542678326
15973.747790701687,18.771132323890924,647.01895490475,8673.116542678326
15974.705790935084,18.771132323890924,647.01895490475,8673.793057326227
15976.020124325529,18.776274466887116,647.0781977325678,8673.793057326227
15977.015323365107,18.776274466887116,647.0781977325678,8674.364659667015
15977.237611385062,18.777806436643004,647.27503779158,8674.364659667015
15978.254682943225,18.777806436643004,647.27503779158,8675.044459113851
15978.427795920521,18.779493536800146,647.427571374923,8675.044459113851
15979.41772851348,18.779493536800146,647.427571374923,8675.698595833033
15979.57933293283,18.781111497431993,647.5747819915414,8675.698595833033
15980.538742471486,18.781111497431993,647.5747819915414,8676.31190312095
15981.955672908574,18.791077671572566,647.7261659950018,8676.31190312095
15982.703818166628,18.791077671572566,647.7261659950018,8676.858597356826
15982.8193311356,18.792640199884772,647.8254836220294,8676.858597356826
15983.801460577175,18.792640199884772,647.8254836220294,8677.58097535558
15984.008830048144,18.794212399050593,648.0114642325789,8677.58097535558
15985.161620892584,18.794212399050593,648.0114642325789,8678.356783276424
15985.308419872075,18.800957649946213,648.1355055384338,8678.356783276424
15986.206572595984,18.800957649946213,648.1355055384338,8678.95751304552
15987.052670896053,18.81317172013223,648.2328053060919,8678.95751304552
15987.881025014445,18.81317172013223,648.2328053060919,8679.554145133123
15987.948990430683,18.814781287685037,648.2861708793789,8679.554145133123
15988.721427392215,18.814781287685037,648.2861708793789,8680.053776444867
15988.887478120625,18.816430408507586,648.4351146575063,8680.053776444867
15989.760549310595,18.816430408507586,648.4351146575063,8680.656470108777
15989.850854491815,18.818019036203623,648.5156968627125,8680.656470108777
15990.624747140333,18.818019036203623,648.5156968627125,8681.114067187533
15991.42927078344,18.822877295315266,648.6892723180354,8681.114067187533
15992.263595160097,18.822877295315266,648.6892723180354,8681.652675116435
15992.428577847779,18.824455624446273,648.8343725353479,8681.652675116435
15993.350713239983,18.824455624446273,648.8343725353479,8682.32914448157
15993.485690923408,18.82599109224975,648.9558628126979,8682.32914448157
15994.482090627775,18.82599109224975,648.9558628126979,8683.004796791822
15994.6065957807,18.827605165541172,649.0708215329796,8683.004796791822
15995.351646024734,18.827605165541172,649.0708215329796,8683.585150178522
15996.225143332034,18.83469422534108,649.1869759447873,8683.585150178522
15996.947472231463,18.83469422534108,649.1869759447873,8684.12422493659
15997.032119592652,18.836305264383554,649.2582419682294,8684.12422493659
15997.863266389817,18.836305264383554,649.2582419682294,8684.652958959341
15997.966778511181,18.837898334488273,649.3475611023605,8684.652958959341
15998.737913500518,18.837898334488273,649.3475611023605,8685.233837885782
15998.848637901247,18.839500391855836,649.445758568123,8685.233837885782
15999.508640047163,18.839500391855836,649.445758568123,8685.697527393699
16000.352161291987,18.844526033848524,649.5436139963567,8685.697527393699
16001.067929415032,18.844526033848524,649.5436139963567,8686.180899631232
16001.198919765651,18.84608960337937,649.660668194294,8686.180899631232
16001.900473928079,18.84608960337937,649.660668194294,8686.710947155952
16002.128495354205,18.848766749724746,649.7967749778181,8686.710947155952
16002.90369492583,18.848766749724746,649.7967749778181,8687.240500662476
16002.967147000134,18.85038230754435,649.8473328072578,8687.240500662476
16003.769631715491,18.85038230754435,649.8473328072578,8687.748486407101
16006.203439740464,18.856296434998512,649.9261428490281,8687.748486407101
16006.921372411773,18.856296434998512,649.9261428490281,8688.018390690908
16007.116182520986,18.857943745329976,649.9780875127763,8688.018390690908
16007.615090951324,18.857943745329976,649.9780875127763,8688.28381946683
16007.696320557967,18.859538642689586,650.0357614215463,8688.28381946683
16008.182464186102,18.859538642689586,650.0357614215463,8688.546208105981
16008.336403463036,18.861192282289267,650.1491159219295,8688.546208105981
16008.964495263994,18.861192282289267,650.1491159219295,8689.004029989243
16010.38534287177,18.866417018696666,650.2180283144116,8689.004029989243
16011.014378376305,18.866417018696666,650.2180283144116,8689.375073814765
16011.177113436162,18.86803063005209,650.359683457762,8689.375073814765
16011.799796696752,18.86803063005209,650.359683457762,8689.790292542428
16011.947781996801,18.869618138298392,650.4340142998844,8689.790292542428
16012.535268856212,18.869618138298392,650.4340142998844,8690.19713936001
16012.602332253009,18.871245458722115,650.4847323745489,8690.19713936001
16013.512701503932,18.871245458722115,650.4847323745489,8690.804377708584
16014.715476099402,18.876002563163638,650.6050601415336,8690.804377708584
16015.477792887017,18.876002563163638,650.6050601415336,8691.270072024316
16015.58907715045,18.87767850421369,650.6962435096502,8691.270072024316
16016.458670619875,18.87767850421369,650.6962435096502,8691.84766302444
16016.56474519521,18.879316134378314,650.7889206055552,8691.84766302444
16017.480417283252,18.879316134378314,650.7889206055552,8692.453287612647
16017.607454482466,18.881012577563524,650.8918243665248,8692.453287612647
16018.338385809213,18.881012577563524,650.8918243665248,8692.8516528178
16019.292077228427,18.885890249162912,650.9625242818147,8692.8516528178
16020.01984943822,18.885890249162912,650.9625242818147,8693.221118513495
16020.169335436076,18.887519208714366,651.0785629618913,8693.221118513495
16021.15904562734,18.887519208714366,651.0785629618913,8693.814419260249
16021.25523240678,18.889376679435372,651.146914632991,8693.814419260249
16021.891746487468,18.889376679435372,651.146914632991,8694.169897953048
16022.019205544144,18.89099618792534,651.2530206236988,8694.169897953048
16022.678686391562,18.89099618792534,651.2530206236988,8694.539112595841
16024.197704298422,18.895972978323698,651.4533854071051,8694.539112595841
16024.968319248408,18.895972978323698,651.4533854071051,8695.018564101309
16025.118036048487,18.89757994003594,651.5828978307545,8695.018564101309
16026.048257010058,18.89757994003594,651.5828978307545,8695.545479899272
16026.147745300084,18.89918983913958,651.672264797613,8695.545479899272
16026.953470215201,18.89918983913958,651.672264797613,8696.021682905033
16027.07290962711,18.900866029784083,651.7661116551608,8696.021682905033
16027.710341116413,18.900866029784083,651.7661116551608,8696.419995907694
16028.837602199987,18.906941559165716,651.8243984226137,8696.419995907694
16029.66161669977,18.906941559165716,651.8243984226137,8696.9187075831
16029.761096088216,18.90849892795086,651.9086773842573,8696.9187075831
16030.562538357452,18.90849892795086,651.9086773842573,8697.322159918025
16030.744498346001,18.910187289118767,652.033519513905,8697.322159918025
16031.619718467817,18.910187289118767,652.033519513905,8697.963924575597
16031.688280813396,18.911806408315897,652.0887137595564,8697.963924575597
16032.561043992639,18.911806408315897,652.0887137595564,8698.530570615083
16033.738507375121,18.916703494265676,652.2291685529053,8698.530570615083
16034.736477669328,18.916703494265676,652.2291685529053,8699.205111578107
16034.906982660294,18.91837563365698,652.3082465790212,8699.205111578107
16035.753008689731,18.91837563365698,652.3082465790212,8699.711531113833
16035.897769322619,18.92002396285534,652.4378555864096,8699.711531113833
16036.667902883142,18.92002396285534,652.4378555864096,8700.240721855313
16036.776943644509,18.921597380191088,652.5226960387081,8700.240721855313
16037.544269043952,18.921597380191088,652.5226960387081,8700.825817110017
16038.479011347517,18.926518637686968,652.6371809691191,8700.825817110017
16039.198530290276,18.926518637686968,652.6371809691191,8701.338635575026
16039.326061647385,18.928097564727068,652.7460255995393,8701.338635575026
16040.340219926089,18.928097564727068,652.7460255995393,8701.960465660319
16040.452004760504,18.929669553413987,652.8462435696274,8701.960465660319
16041.283189250156,18.929669553413987,652.8462435696274,8702.447281960398
16041.401364928111,18.93126007169485,652.9431568495929,8702.447281960398
16042.055071983486,18.93126007169485,652.9431568495929,8702.798629198223
16042.910957692191,18.94045329838991,653.0170408841223,8702.798629198223
16043.713643876836,18.94045329838991,653.0170408841223,8703.337950382382
16043.819270925596,18.94205356761813,653.1113315280527,8703.337950382382
16044.438110016286,18.94205356761813,653.1113315280527,8703.741811424494
16044.56012333557,18.943621456623077,653.2221172805876,8703.741811424494
16045.262207599357,18.943621456623077,653.2221172805876,8704.243235871196
16045.372943583876,18.945250349119306,653.3200757000595,8704.243235871196
16045.999784279615,18.945250349119306,653.3200757000595,8704.732908083126
16046.877708969638,18.950200770050287,653.4301830437034,8704.732908083126
16047.404192041606,18.950200770050287,653.4301830437034,8705.11182837002
16047.463693294674,18.951794316992164,653.4795360509306,8705.11182837002
16048.054388163611,18.951794316992164,653.4795360509306,8705.502032333985
16048.134231563658,18.953418077901006,653.5446179341525,8705.502032333985
16048.878014348447,18.953418077901006,653.5446179341525,8705.992389878258
16049.003364125267,18.955050447955728,653.6523157022893,8705.992389878258
16049.811535628513,18.955050447955728,653.6523157022893,8706.47760543786
16050.561007583514,18.964188860729337,653.794618209824,8706.47760543786
16051.331240897998,18.964188860729337,653.794618209824,8706.93825164251
16051.439164720476,18.966383710503578,653.879885038361,8706.93825164251
16052.221504233778,18.966383710503578,653.879885038361,8707.480298869312
16052.325007235631,18.967991050332785,653.9615482818335,8707.480298869312
16052.917076170444,18.967991050332785,653.9615482818335,8707.82259007357
16053.074392020702,18.969644591212273,654.1034108698368,8707.82259007357
16053.787025015801,18.969644591212273,654.1034108698368,8708.274458838627
16054.399344740435,18.97501865774393,654.203613422811,8708.274458838627
16055.146704955027,18.97501865774393,654.203613422811,8708.725095139816
16055.26772044599,18.97654091566801,654.3061888180673,8708.725095139816
16056.092178536579,18.97654091566801,654.3061888180673,8709.156224189326
16056.20241308026,18.978327438235283,654.4003215599805,8709.156224189326
16057.201967751607,18.978327438235283,654.4003215599805,8709.723718976602
16057.306145247072,18.979984605684876,654.4807940423489,8709.723718976602
16057.991502447054,18.979984605684876,654.4807940423489,8710.216513115913
16058.766510818154,18.984909418970346,654.5962421707809,8710.216513115913
16059.519657492638,18.984909418970346,654.5962421707809,8710.681950367987
16059.609979243949,18.98654211871326,654.6693966407329,8710.681950367987
16060.24777638726,18.98654211871326,654.6693966407329,8711.075717167929
16060.358792508021,18.988107416778803,654.7677722517401,8711.075717167929
16061.090269995853,18.988107416778803,654.7677722517401,8711.518081469461
16061.207057109103,18.989712864160538,654.8707989230752,8711.518081469461
16061.944594949484,18.989712864160538,654.8707989230752,8712.033184245229
16062.598143391311,18.995075093582273,654.9598586317152,8712.033184245229
16063.199280131608,18.995075093582273,654.9598586317152,8712.363955536857
16063.309463035315,18.99668044410646,655.0569052044302,8712.363955536857
16063.969615075737,18.99668044410646,655.0569052044302,8712.89877246134
16064.056298371404,18.999115908518434,655.1324180066586,8712.89877246134
16064.73112888448,18.999115908518434,655.1324180066586,8713.282973328605
16064.837403375655,19.000760857015848,655.2166516371071,8713.282973328605
16065.679349781945,19.000760857015848,655.2166516371071,8713.957913959399
16066.48464611359,19.007719295099378,655.3248057942837,8713.957913959399
16067.108058078215,19.007719295099378,655.3248057942837,8714.409992899746
16067.224110227078,19.009595150128007,655.3880563341081,8714.409992899746
16068.05714638345,19.009595150128007,655.3880563341081,8715.037879405543
16068.202836023644,19.016153559088707,655.5105181690305,8715.037879405543
16068.909402810037,19.016153559088707,655.5105181690305,8715.505101488903
16069.042033679783,19.0178008582443,655.6264520771801,8715.505101488903
16069.718202875927,19.0178008582443,655.6264520771801,8715.949468629435
16070.515217335895,19.026301741600037,655.7368474341929,8715.949468629435
16071.149390745908,19.026301741600037,655.7368474341929,8716.330168120563
16071.258775463328,19.027839448302984,655.8272791691124,8716.330168120563
16071.916718617082,19.027839448302984,655.8272791691124,8716.725056108087
16072.02449991554,19.02953769080341,655.9168470669538,8716.725056108087
16072.551039811224,19.02953769080341,655.9168470669538,8717.038995865732
16072.71299048327,19.031153339892626,656.0553825367242,8717.038995865732
16073.389436623082,19.031153339892626,656.0553825367242,8717.451974684373
16074.59207729064,19.038045035675168,656.1953719928861,8717.451974684373
16075.084808707237,19.038045035675168,656.1953719928861,8717.7819294855
16075.144645096734,19.039663461968303,656.2448445223272,8717.7819294855
16075.688256559893,19.039663461968303,656.2448445223272,8718.102737789974
16075.785270536318,19.041347071528435,656.3227025587112,8718.102737789974
16076.722407763824,19.041347071528435,656.3227025587112,8718.650838164613
16076.850364260375,19.042951710522175,656.4316530004144,8718.650838164613
16077.705698251724,19.042951710522175,656.4316530004144,8719.081886351109
16078.975482188165,19.047938100993633,656.5494956038892,8719.081886351109
16079.565983965993,19.047938100993633,656.5494956038892,8719.477558555081
16079.658406196162,19.049616372212768,656.6259855851531,8719.477558555081
16080.50688615255,19.049616372212768,656.6259855851531,8719.97159156017
16080.623137267306,19.051240229979157,656.7133854441345,8719.97159156017
16081.276156179607,19.051240229979157,656.7133854441345,8720.423169029877
16081.404368691146,19.05288838967681,656.8162281047553,8720.423169029877
16082.189640767872,19.05288838967681,656.8162281047553,8720.893202785403
16083.421608839184,19.058078626170754,656.9059167839587,8720.893202785403
16083.893257636577,19.058078626170754,656.9059167839587,8721.23191707395
16084.023380100727,19.059678686782718,657.0217056106776,8721.23191707395
16084.798314839602,19.059678686782718,657.0217056106776,8721.773258008063
16085.009776776657,19.061360934749246,657.1076423730701,8721.773258008063
16085.842794142663,19.061360934749246,657.1076423730701,8722.347088040784
16085.928050711751,19.063086746260524,657.1742144133896,8722.347088040784
16086.522865427658,19.063086746260524,657.1742144133896,8722.7877041623
16087.56917787902,19.069994105026126,657.2904587555677,8722.7877041623
16088.201008209959,19.069994105026126,657.2904587555677,8723.24613823928
16088.288389068097,19.072191735729575,657.3637588173151,8723.24613823928
16088.909871827811,19.072191735729575,657.3637588173151,8723.651435868815
16089.054475197569,19.07415058836341,657.4536463115364,8723.651435868815
16089.796707572415,19.07415058836341,657.4536463115364,8724.12350462377
16089.94128787145,19.077693922445178,657.5820075049996,8724.12350462377
16090.835666242987,19.077693922445178,657.5820075049996,8724.639852374792
16091.97346078232,19.082690075039864,657.6738853361458,8724.639852374792
16092.42316856794,19.082690075039864,657.6738853361458,8724.955679086968
16092.520454848185,19.084297822788358,657.7618493083864,8724.955679086968
16093.294349879026,19.084297822788358,657.7618493083864,8725.278508244082
16093.38947525993,19.086465382948518,657.8384989798069,8725.278508244082
16094.163146276027,19.086465382948518,657.8384989798069,8725.73754471168
16094.260530726984,19.088059291243553,657.9228593315929,8725.73754471168
16094.82650804706,19.088059291243553,657.9228593315929,8726.169128516689
16095.665640195832,19.09290584921837,658.0187938157469,8726.169128516689
16096.457759199664,19.09290584921837,658.0187938157469,8726.718818513677
16096.52050901018,19.094479089602828,658.0687367264181,8726.718818513677
16097.446254801005,19.094479089602828,658.0687367264181,8727.254134597257
16097.618822729215,19.097420824691653,658.1396400984377,8727.254134597257
16098.25053084828,19.097420824691653,658.1396400984377,8727.631349885836
16098.363233685493,19.09895171225071,658.2390351258218,8727.631349885836
16099.299666224048,19.09895171225071,658.2390351258218,8728.118269437924
16099.946105396375,19.10443244315684,658.3640160504729,8728.118269437924
16100.782143859193,19.10443244315684,658.3640160504729,8728.62142977491
16100.885593200102,19.10812285915017,658.4444351829588,8728.62142977491
16101.57118643634,19.10812285915017,658.4444351829588,8729.062011355534
16101.648036044091,19.109759736806154,658.5108195580542,8729.062011355534
16102.256702149287,19.109759736806154,658.5108195580542,8729.389592112973
16102.406836789101,19.111349787563086,658.6410308368504,8729.389592112973
16102.982905056328,19.111349787563086,658.6410308368504,8729.751746539026
16103.704124087468,19.116350019350648,658.7507216893137,8729.751746539026
16104.356089044362,19.116350019350648,658.7507216893137,8730.135189712048
16104.585876950994,19.117981150746346,658.963027888909,8730.135189712048
16105.365361176431,19.117981150746346,658.963027888909,8730.58089466393
16105.48752422817,19.119874101132154,659.025750881061,8730.58089466393
16106.097784491256,19.119874101132154,659.025750881061,8730.928737888113
16106.214770840481,19.121488858014345,659.1272157970816,8730.928737888113
16107.04279734753,19.121488858014345,659.1272157970816,8731.541879216209
16107.773655565456,19.12763574719429,659.2147850487381,8731.541879216209
16108.566487992182,19.12763574719429,659.2147850487381,8732.104833083227
16108.643399292603,19.12920755520463,659.2699241004884,8732.104833083227
16109.333547659218,19.12920755520463,659.2699241004884,8732.60377727449
16109.431321667507,19.13077907450497,659.3543223664165,8732.60377727449
16110.027330536395,19.13077907450497,659.3543223664165,8732.994891054928
16110.194529896602,19.13494615070522,659.4706425014883,8732.994891054928
16110.86670345813,19.13494615070522,659.4706425014883,8733.447155805305
16111.699257908389,19.13987703807652,659.5704735573381,8733.447155805305
16112.54459825717,19.13987703807652,659.5704735573381,8734.007746210322
16112.724830284715,19.14149391837418,659.7232661861926,8734.007746210322
16113.377996891737,19.14149391837418,659.7232661861926,8734.452652029693
16113.488023372367,19.14308152720332,659.8126469925046,8734.452652029693
16114.17184910737,19.14308152720332,659.8126469925046,8734.901550030336
16114.311185840517,19.14471703581512,659.919757720083,8734.901550030336
16114.944291923195,19.14471703581512,659.919757720083,8735.374719994143
16115.605701990426,19.15454636514187,660.04548211582,8735.374719994143
16116.352869136259,19.15454636514187,660.04548211582,8735.854180723429
16116.463029839098,19.15627454780042,660.1386823710054,8735.854180723429
16117.078835908324,19.15627454780042,660.1386823710054,8736.3151294142
16117.156987838447,19.15789557620883,660.1973625086248,8736.3151294142
16117.761249225587,19.15789557620883,660.1973625086248,8736.734729705378
16117.878303544596,19.15948275476694,660.2848933078349,8736.734729705378
16118.49628165923,19.15948275476694,660.2848933078349,8737.157339030877
16119.302062384784,19.16744696162641,660.388335917145,8737.157339030877
16119.831496791914,19.16744696162641,660.388335917145,8737.465426461771
16119.904601309448,19.173142665997148,660.4435470812023,8737.465426461771
16120.513985419646,19.173142665997148,660.4435470812023,8737.893723219633
16120.5928906966,19.174764584749937,660.4934927094728,8737.893723219633
16121.371044576168,19.174764584749937,660.4934927094728,8738.439140047878
16121.473916687071,19.17640201561153,660.5828232336789,8738.439140047878
16122.1358751636,19.17640201561153,660.5828232336789,8738.849107712507
16123.65694011189,19.181296564638615,660.63953682594,8738.849107712507
16124.15470327437,19.181296564638615,660.63953682594,8739.13515988551
16124.238297984004,19.182939544320107,660.7132323551923,8739.13515988551
16124.783316383138,19.182939544320107,660.7132323551923,8739.481931159273
16124.859094452113,19.184602664783597,660.7791006825864,8739.481931159273
16125.489341141656,19.184602664783597,660.7791006825864,8739.768118873239
16125.550773460418,19.18639375641942,660.8304462265223,8739.768118873239
16126.171689480543,19.18639375641942,660.8304462265223,8740.071547871456
16130.113606089726,19.19145492836833,660.955730766058,8740.071547871456
16130.857724320143,19.19145492836833,660.955730766058,8740.465830620378
16131.00244448334,19.193231660872698,661.0683230627328,8740.465830620378
16131.67082643509,19.193231660872698,661.0683230627328,8740.912141924724
16131.80239252001,19.194828771054745,661.1789726410061,8740.912141924724
16132.51452369988,19.194828771054745,661.1789726410061,8741.227391816676
16132.688485851511,19.197030490264297,661.3302029296756,8741.227391816676
16133.343789028004,19.197030490264297,661.3302029296756,8741.572101194412
16134.269152635708,19.20507560670376,661.4019688554108,8741.572101194412
16134.990451682359,19.20507560670376,661.4019688554108,8741.88988679275
16135.069351455197,19.20705061033368,661.4615642093122,8741.88988679275
16135.787327043712,19.20705061033368,661.4615642093122,8742.30330676958
16135.894058134407,19.20865971967578,661.5523333102465,8742.30330676958
16136.658544963226,19.20865971967578,661.5523333102465,8742.759236771613
16136.760594552383,19.210238909348845,661.6247521564364,8742.759236771613
16137.324163367972,19.210238909348845,661.6247521564364,8743.116176882759
16138.757736718282,19.222720136865973,661.7439425420016,8743.116176882759
16139.578323090449,19.222720136865973,661.7439425420016,8743.685935173184
16139.673873575404,19.224444519728422,661.8271109052002,8743.685935173184
16140.460224168375,19.224444519728422,661.8271109052002,8744.172811897472
16140.549760363996,19.226213371381164,661.8973143436015,8744.172811897472
16141.35323683545,19.226213371381164,661.8973143436015,8744.723604625091
16141.448463737965,19.22785792313516,661.9641257394105,8744.723604625091
16142.017999373376,19.22785792313516,661.9641257394105,8745.15280706063
16143.152565335855,19.232899317517877,662.055024061352,8745.15280706063
16143.861697552726,19.232899317517877,662.055024061352,8745.559960864484
16143.96213006787,19.234570417553186,662.1456301808357,8745.559960864484
16144.750071026385,19.234570417553186,662.1456301808357,8746.017529435456
16144.846004132181,19.236192198470235,662.2268749251962,8746.017529435456
16145.780881812796,19.236192198470235,662.2268749251962,8746.553407449275
16145.944832291454,19.23781017959118,662.3502729795873,8746.553407449275
16146.718200495467,19.23781017959118,662.3502729795873,8747.027507890016
16147.715808678418,19.242685109376907,662.4507173579186,8747.027507890016
16148.476211415604,19.242685109376907,662.4507173579186,8747.488363932818
16148.569994252175,19.244215477257967,662.5172992087901,8747.488363932818
16149.411306209862,19.244215477257967,662.5172992087901,8748.052304688841
16149.487683260813,19.245868457481265,662.571877380833,8748.052304688841
16150.197179859504,19.245868457481265,662.571877380833,8748.48515530862
16150.317737523466,19.247389875352383,662.6613819692284,8748.48515530862
16150.952683979645,19.247389875352383,662.6613819692284,8748.903569299728
16151.715317288414,19.25237032957375,662.8009585496038,8748.903569299728
16152.324264792725,19.25237032957375,662.8009585496038,8749.287901818752
16152.432482389733,19.254030030220747,662.8953417371958,8749.287901818752
16153.200166879222,19.254030030220747,662.8953417371958,8749.719065407291
16153.377053087577,19.25562246888876,663.0428236890584,8749.719065407291
16154.065223451704,19.25562246888876,663.0428236890584,8750.238608615473
16154.123945040628,19.25736280158162,663.0918455701321,8750.238608615473
16154.862761422992,19.25736280158162,663.0918455701321,8750.610391780734
16155.682019164786,19.275692423805594,663.1484773103148,8750.610391780734
16156.348357859999,19.275692423805594,663.1484773103148,8750.99247200042
16156.463200220838,19.277258072048426,663.2306687645614,8750.99247200042
16157.218152908608,19.277258072048426,663.2306687645614,8751.510007962584
16157.336580201983,19.27888949215412,663.3248581867665,8751.510007962584
16158.30017208308,19.27888949215412,663.3248581867665,8752.078577071428
16158.418013088405,19.280496452003717,663.4308782741427,8752.078577071428
16159.322126239538,19.280496452003717,663.4308782741427,8752.519056903198
16160.002401651815,19.285397313535213,663.4827024769038,8752.519056903198
16160.824683163315,19.285397313535213,663.4827024769038,8753.043528761715
16160.947094019502,19.287015533074737,663.5752391591668,8753.043528761715
16161.759231479838,19.287015533074737,663.5752391591668,8753.624751210213
16161.876227507368,19.288624273613095,663.6784784775227,8753.624751210213
16162.557529235259,19.288624273613095,663.6784784775227,8754.069207673892
16162.629281051457,19.290266513824463,663.7369362004101,8754.069207673892
16163.239855924621,19.290266513824463,663.7369362004101,8754.506295021623
16164.069572404027,19.295240733772516,663.8349303118885,8754.506295021623
16164.841647395864,19.295240733772516,663.8349303118885,8754.981613272801
16164.991941167042,19.29683144390583,663.9680784028023,8754.981613272801
16165.769647132605,19.29683144390583,663.9680784028023,8755.591049984097
16165.918633839116,19.298360692337155,664.1035959962755,8755.591049984097
16166.670164616778,19.298360692337155,664.1035959962755,8756.05997364223
16166.808001354337,19.300023432821035,664.2232534624636,8756.05997364223
16167.433783754706,19.300023432821035,664.2232534624636,8756.46634966135
16168.491077492014,19.305213497951627,664.352449901402,8756.46634966135
16169.278117304668,19.305213497951627,664.352449901402,8757.021020770073
16169.378844995052,19.30680087953806,664.4434253852814,8757.021020770073
16170.201831111684,19.30680087953806,664.4434253852814,8757.603857547045
16170.29779182747,19.308440387248993,664.5156915206462,8757.603857547045
16171.015966329724,19.308440387248993,664.5156915206462,8758.107485705987
16171.121348267421,19.310116939246655,664.604998216033,8758.107485705987
16171.984108068049,19.310116939246655,664.604998216033,8758.639036981389
16172.774844435975,19.315526567399502,664.6639801505953,8758.639036981389
16173.374918060377,19.315526567399502,664.6639801505953,8759.016895662993
16173.480379058048,19.317142095416784,664.7598458044231,8759.016895662993
16174.097616052255,19.317142095416784,664.7598458044231,8759.461404377595
16174.16987092793,19.318721257150173,664.8113246001303,8759.461404377595
16175.067329958081,19.318721257150173,664.8113246001303,8760.20006334968
16175.318194730207,19.327790500596166,664.9868068415672,8760.20006334968
16176.025657726452,19.327790500596166,664.9868068415672,8760.622711185366
16176.811059728265,19.332791570574045,665.0540574956685,8760.622711185366
16177.453080164269,19.332791570574045,665.0540574956685,8761.035071345046
16177.574458122253,19.334382398054004,665.1586600393057,8761.035071345046
16178.332553779706,19.334382398054004,665.1586600393057,8761.579952884465
16178.478425711393,19.336000986397266,665.2731110788882,8761.579952884465
16179.080069912598,19.336000986397266,665.2731110788882,8761.963677220047
16179.138685340062,19.337730498984456,665.3221172876656,8761.963677220047
16179.915850652382,19.337730498984456,665.3221172876656,8762.410985695198
16180.863745531067,19.342599811032414,665.4389356598258,8762.410985695198
16181.569206491113,19.342599811032414,665.4389356598258,8762.83788524568
16181.674488335848,19.344163227826357,665.530108936131,8762.83788524568
16182.42268929258,19.344163227826357,665.530108936131,8763.276320207864
16182.514251377434,19.345913868397474,665.6088632196188,8763.276320207864
16183.272595359012,19.345913868397474,665.6088632196188,8763.757241532207
16183.394214039668,19.347606310620904,665.7162660732865,8763.757241532207
16184.098245544359,19.347606310620904,665.7162660732865,8764.222156966105
16185.093251919374,19.352532017976046,665.8439130242914,8764.222156966105
16185.912667302415,19.352532017976046,665.8439130242914,8764.805077325553
16186.003481324762,19.354143038392067,665.9249329064041,8764.805077325553
16186.70375793986,19.354143038392067,665.9249329064041,8765.31553054601
16186.789089972153,19.35573674738407,665.9985394068062,8765.31553054601
16187.436036616564,19.35573674738407,665.9985394068062,8765.764969529584
16187.605275515467,19.35737113840878,666.1401772126555,8765.764969529584
16188.38983607106,19.35737113840878,666.1401772126555,8766.270380262285
16189.533265117556,19.36226400732994,666.2620388884097,8766.270380262285
16190.462169572711,19.36226400732994,666.2620388884097,8766.860341150314
16190.608390791342,19.36386412754655,666.3223086744547,8766.860341150314
16191.62905584462,19.36386412754655,666.3223086744547,8767.24968441017
16191.704847699031,19.369022542610765,666.3779220264405,8767.24968441017
16192.265103500336,19.369022542610765,666.3779220264405,8767.627852546051
16192.363979408517,19.37063791230321,666.4572489093989,8767.627852546051
16193.845441332087,19.37063791230321,666.4572489093989,8768.138336610049
16197.865855487064,19.375598778948188,666.5111882388592,8768.138336610049
16198.41550479643,19.375598778948188,666.5111882388592,8768.4519357346
16198.628978528082,19.377361342310905,666.5923996381462,8768.4519357346
16199.806329580024,19.377361342310905,666.5923996381462,8768.877178328112
16199.929251346737,19.37897897325456,666.6996949315071,8768.877178328112
16201.017788812518,19.37897897325456,666.6996949315071,8769.198701396585
16201.09759587422,19.380641574040055,666.761071447283,8769.198701396585
16202.090398699045,19.380641574040055,666.761071447283,8769.55713223666
16204.89280551672,19.385854033753276,666.8240146525204,8769.55713223666
16205.483264135197,19.385854033753276,666.8240146525204,8769.848498947918
16205.600882604718,19.38737139850855,666.9204005971551,8769.848498947918
16206.589500904083,19.38737139850855,666.9204005971551,8770.355275265872
16206.728663625196,19.38917371071875,666.9991286210716,8770.355275265872
16207.69645569846,19.38917371071875,666.9991286210716,8770.772871509194
16207.851881263778,19.390826411545277,667.1404545605183,8770.772871509194
16208.70616229251,19.390826411545277,667.1404545605183,8771.235522452742
16210.640844827518,19.39589194394648,667.2061322033405,8771.235522452742
16211.336315475404,19.39589194394648,667.2061322033405,8771.532444791868
16211.40319789201,19.397481359541416,667.2614779695868,8771.532444791868
16212.128138408065,19.397481359541416,667.2614779695868,8771.910314327106
16212.308932755142,19.39908842742443,667.424917621538,8771.910314327106
16213.18961597234,19.39908842742443,667.424917621538,8772.468055671081
16213.303346559405,19.4007258284837,667.4979546088725,8772.468055671081
16214.061343207955,19.4007258284837,667.4979546088725,8772.976627688855
16215.338827719912,19.40635777078569,667.6008625999093,8772.976627688855
16215.99289758876,19.40635777078569,667.6008625999093,8773.309176236391
16216.365506323054,19.408165104687214,667.704249959439,8773.309176236391
16217.04846549593,19.408165104687214,667.704249959439,8773.580226665363
16217.108152559027,19.409759394824505,667.7540049832314,8773.580226665363
16217.731243591756,19.409759394824505,667.7540049832314,8773.85024388507
16217.82056051679,19.411387894302607,667.8328149579465,8773.85024388507
16218.708842212334,19.411387894302607,667.8328149579465,8774.285102292895
16220.51308586821,19.416270712390542,667.9104356300086,8774.285102292895
16221.769829113036,19.416270712390542,667.9104356300086,8774.814760254696
16221.83621857129,19.418618235737085,667.9648717511445,8774.814760254696
16223.065147044137,19.418618235737085,667.9648717511445,8775.16232643649
16223.310008708388,19.420287415385246,668.0456255115569,8775.16232643649
16223.910136731341,19.420287415385246,668.0456255115569,8775.427621850744
16224.261184025556,19.422156419605017,668.1001112032682,8775.427621850744
16225.140831915662,19.422156419605017,668.1001112032682,8775.781194131821
16228.018778948113,19.429779827594757,668.1450230404735,8775.781194131821
16228.804551048204,19.429779827594757,668.1450230404735,8776.101537819952
16228.882223580033,19.431407295167446,668.2112200539559,8776.101537819952
16229.558849008754,19.431407295167446,668.2112200539559,8776.373329443857
16229.648139102384,19.43331576883793,668.2870295532048,8776.373329443857
16230.25045677647,19.43331576883793,668.2870295532048,8776.67707900703
16230.30979398638,19.43484322540462,668.3372869770974,8776.67707900703
16230.990937104449,19.43484322540462,668.3372869770974,8777.081970890984
16232.444521412253,19.443658156320453,668.4205773435533,8777.081970890984
16233.259892541915,19.443658156320453,668.4205773435533,8777.463501140475
16233.422453319654,19.450755747035146,668.5568996928632,8777.463501140475
16234.154880000278,19.450755747035146,668.5568996928632,8777.965369367972
16234.289983768016,19.45236560702324,668.643538236618,8777.965369367972
16234.883671896532,19.45236560702324,668.643538236618,8778.339779207483
16235.033224506304,19.454188890755177,668.7363929171115,8778.339779207483
16236.020516751334,19.454188890755177,668.7363929171115,8778.893131751567
16238.082280762494,19.460603825747967,668.8142201434821,8778.893131751567
16238.83208828047,19.460603825747967,668.8142201434821,8779.392607947811
16238.919797444716,19.464008886367083,668.8828740939498,8779.392607947811
16239.54846332036,19.464008886367083,668.8828740939498,8779.754709776491
16239.637840824202,19.465680977329612,668.9619189333171,8779.754709776491
16240.527180379257,19.465680977329612,668.9619189333171,8780.343735270202
16240.616837231442,19.467264818027616,669.0152839217335,8780.343735270202
16241.238465156406,19.467264818027616,669.0152839217335,8780.739109870046
16242.798815308139,19.47234335169196,669.1094319447875,8780.739109870046
16243.831024032086,19.47234335169196,669.1094319447875,8781.232325470075
16243.9222764913,19.473950190469623,669.1845419909805,8781.232325470075
16245.328003806993,19.473950190469623,669.1845419909805,8781.863812046126
16245.484653398395,19.475550901144743,669.2553666997701,8781.863812046126
16246.304069980979,19.475550901144743,669.2553666997701,8782.237662106752
16246.535721056163,19.477177979424596,669.3315039630979,8782.237662106752
16247.153831997886,19.477177979424596,669.3315039630979,8782.533885788172
16250.556094750762,19.483929980546236,669.4192952401936,8782.533885788172
16251.309827288613,19.483929980546236,669.4192952401936,8782.885881349444
16251.383184844628,19.485566649585962,669.4727899041027,8782.885881349444
16252.450897583738,19.485566649585962,669.4727899041027,8783.187498604879
16252.552054483443,19.487138967961073,669.5603227559477,8783.187498604879
16253.273584347218,19.487138967961073,669.5603227559477,8783.379918945953
16253.3560821563,19.48878658749163,669.6317353136837,8783.379918945953
16254.207200087607,19.48878658749163,669.6317353136837,8783.76491170004
16255.801361592487,19.49414348229766,669.7146576512605,8783.76491170004
16256.865341335535,19.49414348229766,669.7146576512605,8784.137136921287
16256.971285704523,19.49572203308344,669.7984313424677,8784.137136921287
16257.748785255477,19.49572203308344,669.7984313424677,8784.594086633995
16257.826336923987,19.497396994382143,669.8659048601985,8784.594086633995
16258.659774594009,19.497396994382143,669.8659048601985,8785.035368937999
16259.10351733677,19.499149419367313,669.9349708072841,8785.035368937999
16259.774702474475,19.499149419367313,669.9349708072841,8785.335375845432
16261.459205083549,19.50424426048994,670.0597055666149,8785.335375845432
16262.315095730126,19.50424426048994,670.0597055666149,8785.684298643842
16262.432853942737,19.50605764426291,670.1363190915436,8785.684298643842
16263.194954294711,19.50605764426291,670.1363190915436,8786.094600576907
16263.303941525519,19.507722111418843,670.2202337291092,8786.094600576907
16264.19616903551,19.507722111418843,670.2202337291092,8786.506172342226
16264.365873841569,19.509346390143037,670.3741612769663,8786.506172342226
16265.341232512146,19.509346390143037,670.3741612769663,8787.019987288862
16266.704763453454,19.514474434778094,670.473075767979,8787.019987288862
16267.213771991432,19.514474434778094,670.473075767979,8787.382265148684
16267.365660823882,19.51606081239879,670.6155466400087,8787.382265148684
16267.835509931669,19.51606081239879,670.6155466400087,8787.687062492594
16267.934849487618,19.517733981832862,670.692608108744,8787.687062492594
16268.679353639483,19.517733981832862,670.692608108744,8788.125710809603
16268.75870925188,19.51925046183169,670.7544939164072,8788.125710809603
16269.385250808671,19.51925046183169,670.7544939164072,8788.513101736084
16270.470805304125,19.527582043781877,670.9095413051546,8788.513101736084
16271.257672527805,19.527582043781877,670.9095413051546,8789.001041661948
16271.353732014075,19.529273003339767,670.9883996080607,8789.001041661948
16271.956593910232,19.529273003339767,670.9883996080607,8789.352562686428
16272.077814003453,19.530822372063994,671.0883750654757,8789.352562686428
16272.85571030341,19.530822372063994,671.0883750654757,8789.929380178452
16272.963694548234,19.53252744488418,671.1828058343381,8789.929380178452
16273.709065955132,19.53252744488418,671.1828058343381,8790.429748421535
16274.76829560101,19.537459125742316,671.3248799461871,8790.429748421535
16275.78670080565,19.537459125742316,671.3248799461871,8791.11641164124
16275.89688102901,19.53903146274388,671.4224309436977,8791.11641164124
16276.603790648282,19.53903146274388,671.4224309436977,8791.625799726695
16276.73533033207,19.540659302845597,671.5390208549798,8791.625799726695
16277.718839060515,19.540659302845597,671.5390208549798,8792.236116467044
16277.830594472587,19.543365141376853,671.6317892223597,8792.236116467044
16278.58381215483,19.543365141376853,671.6317892223597,8792.714814055711
16279.448101863265,19.548272168263793,671.7314708475024,8792.714814055711
16280.176426492631,19.548272168263793,671.7314708475024,8793.26425021328
16280.300998767838,19.54981502518058,671.8461890835315,8793.26425021328
16281.248152956367,19.54981502518058,671.8461890835315,8793.745197532699
16281.360709056258,19.55142615363002,671.9461490437388,8793.745197532699
16282.213825682178,19.55142615363002,671.9461490437388,8794.164529448375
16282.329173311591,19.553122876212,672.0389417503029,8794.164529448375
16282.880673192441,19.553122876212,672.0389417503029,8794.580841559917
16283.735661784187,19.55846423469484,672.1435922645032,8794.580841559917
16284.597531840205,19.55846423469484,672.1435922645032,8795.184254925698
16284.6735239923,19.56001030281186,672.210019653663,8795.184254925698
16285.48736752756,19.56001030281186,672.210019653663,8795.653381438926
16285.614817323163,19.56167648360133,672.2768145985901,8795.653381438926
16286.337820576504,19.56167648360133,672.2768145985901,8796.138128546998
16286.413665665314,19.563327243551612,672.334066549316,8796.138128546998
16286.999773887917,19.563327243551612,672.334066549316,8796.508425442502
16288.053760608658,19.572511319071054,672.4632032476366,8796.508425442502
16288.840931655839,19.572511319071054,672.4632032476366,8797.077522166073
16288.952431175858,19.574073377996683,672.5592523533851,8797.077522166073
16289.688193008304,19.574073377996683,672.5592523533851,8797.60456770286
16289.885297894478,19.57573930732906,672.6895069610327,8797.60456770286
16290.710781240836,19.57573930732906,672.6895069610327,8798.185637131333
16290.802048100159,19.577627589926124,672.7603328097612,8798.185637131333
16291.846766542643,19.577627589926124,672.7603328097612,8798.683977354318
16292.63541364856,19.58271741308272,672.8594226334244,8798.683977354318
16293.597460908815,19.58271741308272,672.8594226334244,8799.390089970082
16293.69262554869,19.5843578055501,672.9379686620086,8799.390089970082
16294.46279899776,19.5843578055501,672.9379686620086,8799.896303707734
16294.607516789809,19.585985044017434,673.0721765421331,8799.896303707734
16295.319182163104,19.585985044017434,673.0721765421331,8800.456916395575
16295.476356774569,19.58752533234656,673.2106271926314,8800.456916395575
16296.324091533199,19.58752533234656,673.2106271926314,8801.005795929581
16297.206521745771,19.592388652265072,673.3497371729463,8801.005795929581
16297.988663084805,19.592388652265072,673.3497371729463,8801.580094836652
16298.058408072218,19.59401456080377,673.4094248004258,8801.580094836652
16298.867755291983,19.59401456080377,673.4094248004258,8802.098109411076
16299.016444267705,19.59562992863357,673.5472581386566,8802.098109411076
16299.750819126144,19.59562992863357,673.5472581386566,8802.614763848484
16299.851988768205,19.59730327874422,673.6286772713065,8802.614763848484
16300.762066580355,19.59730327874422,673.6286772713065,8803.290558889508
16301.511091515422,19.602154705673456,673.7274286560714,8803.290558889508
16302.19061152637,19.602154705673456,673.7274286560714,8803.724557675421
16302.294009868056,19.60377538576722,673.8138914108276,8803.724557675421
16303.093749543652,19.60377538576722,673.8138914108276,8804.195402221754
16303.213546784595,19.605423474684358,673.9177809711546,8804.195402221754
16303.810121156275,19.605423474684358,673.9177809711546,8804.58075689897
16303.904067473486,19.607412518933415,674.0015533547848,8804.58075689897
16304.565162369981,19.607412518933415,674.0015533547848,8804.973613463342
16305.430278426036,19.612536000087857,674.178521912545,8804.973613463342
16306.264567721635,19.612536000087857,674.178521912545,8805.514734035358
16306.370415875688,19.614069927483797,674.2684119194746,8805.514734035358
16307.049265336245,19.614069927483797,674.2684119194746,8806.013945804909
16307.144879955798,19.61563696525991,674.3496944308281,8806.013945804909
16307.926056364551,19.61563696525991,674.3496944308281,8806.540876599029
16308.081844139844,19.617193354293704,674.4882725533098,8806.540876599029
16308.785462927073,19.617193354293704,674.4882725533098,8806.944816228002
16309.723541351035,19.622108897194266,674.588995905593,8806.944816228002
16310.542826395482,19.622108897194266,674.588995905593,8807.467775091529
16310.663739813492,19.62368598394096,674.6921147629619,8807.467775091529
16311.5463806279,19.62368598394096,674.6921147629619,8807.996017359197
16311.675802534446,19.625255033373833,674.8081236649305,8807.996017359197
16312.359029732645,19.625255033373833,674.8081236649305,8808.473957892507
16312.471160551533,19.62684628367424,674.8897231817245,8808.473957892507
16313.156309623271,19.62684628367424,674.8897231817245,8808.739254478365
16315.938975291327,19.638715850189328,674.9571083653718,8808.739254478365
16316.902612192556,19.638715850189328,674.9571083653718,8809.084348166361
16317.013291455805,19.64031434804201,675.0543822944164,8809.084348166361
16317.759312456474,19.64031434804201,675.0543822944164,8809.596815897152
16317.839293239638,19.641888435930014,675.1224479936063,8809.596815897152
16318.68570858799,19.641888435930014,675.1224479936063,8810.053514925763
16318.822602996603,19.643522657454014,675.2416314613074,8810.053514925763
16319.721453377977,19.643522657454014,675.2416314613074,8810.410916015506
16322.986371468753,19.64837741665542,675.3100018259138,8810.410916015506
16323.91566312313,19.64837741665542,675.3100018259138,8810.810527564958
16324.284382389858,19.650027226656675,675.4240225404501,8810.810527564958
16325.00271242857,19.650027226656675,675.4240225404501,8811.15081827715
16325.10903429985,19.65163343399763,675.5173870567232,8811.15081827715
16326.15501528792,19.65163343399763,675.5173870567232,8811.759995937347
16326.22252881527,19.653253883123398,675.5751602482051,8811.759995937347
16326.688018664718,19.653253883123398,675.5751602482051,8812.098834522069
16330.183189183474,19.659257531166077,675.6676204595715,8812.098834522069
16330.89980521053,19.659257531166077,675.6676204595715,8812.448722038418
16331.05757969059,19.660861290991306,675.8150462433696,8812.448722038418
16332.137388864532,19.660861290991306,675.8150462433696,8812.97410127893
16332.249592123553,19.662480119615793,675.9090152829885,8812.97410127893
16333.117527984083,19.662480119615793,675.9090152829885,8813.35792883113
16333.215336412191,19.66425210237503,675.9919630605727,8813.35792883113
16333.998208383098,19.66425210237503,675.9919630605727,8813.693908551708
16337.626329606399,19.669137213379145,676.0908959880471,8813.693908551708
16338.677635172382,19.669137213379145,676.0908959880471,8814.14619660005
16338.812267020345,19.67147485539317,676.1446428857744,8814.14619660005
16339.684606419876,19.67147485539317,676.1446428857744,8814.6402066499
16339.763026615605,19.6730869859457,676.2090062368661,8814.6402066499
16340.299279881641,19.6730869859457,676.2090062368661,8815.051914919168
16340.441692281514,19.674585530534387,676.3286215923727,8815.051914919168
16341.051109837368,19.674585530534387,676.3286215923727,8815.479543939233
16343.979363547638,19.6795706897974,676.4082003328949,8815.479543939233
16344.64659191668,19.6795706897974,676.4082003328949,8815.90634699352
16344.76462055184,19.681145379319787,676.5086464472115,8815.90634699352
16345.4600611832,19.681145379319787,676.5086464472115,8816.273497821763
16345.595239721239,19.685071390122175,676.6291968785226,8816.273497821763
16346.368114091456,19.685071390122175,676.6291968785226,8816.648878028616
16346.488065863028,19.686714868992567,676.7248370181769,8816.648878028616
16347.403010735288,19.686714868992567,676.7248370181769,8817.296549661085
16350.340606756508,19.6917617097497,676.7794170230627,8817.296549661085
16351.093260757625,19.6917617097497,676.7794170230627,8817.64603257738
16351.277485568076,19.695699829608202,676.8461486194283,8817.64603257738
16352.179210012779,19.695699829608202,676.8461486194283,8818.179842719808
16352.287205617875,19.697277188301086,676.9403884056956,8818.179842719808
16353.018961759284,19.697277188301086,676.9403884056956,8818.616868099198
16353.184245156124,19.69887376576662,677.0945208203048,8818.616868099198
16353.781025722623,19.69887376576662,677.0945208203048,8819.02017258294
16356.119709976017,19.703893626108766,677.1463175248355,8819.02017258294
16356.724998548627,19.703893626108766,677.1463175248355,8819.300077762455
16356.800554651767,19.706386459991336,677.2061833031476,8819.300077762455
16357.36579701677,19.706386459991336,677.2061833031476,8819.598588909954
16357.453292256221,19.708071859553456,677.2716835755855,8819.598588909954
16358.138322167099,19.708071859553456,677.2716835755855,8819.972199074924
16358.264667727053,19.70970033109188,677.3776053823531,8819.972199074924
16358.810332952067,19.70970033109188,677.3776053823531,8820.293178385124
16360.362743804231,19.71525272168219,677.5175862703472,8820.293178385124
16360.991624275222,19.71525272168219,677.5175862703472,8820.633059987798
16361.120577050373,19.718725506216288,677.6251516286284,8820.633059987798
16361.847701398656,19.718725506216288,677.6251516286284,8821.040332065895
16361.9218053855,19.72024067491293,677.6900135688484,8821.040332065895
16362.6417948436,19.72024067491293,677.6900135688484,8821.478570638224
16362.965064335614,19.721941504627466,677.7452899925411,8821.478570638224
16363.808368196711,19.721941504627466,677.7452899925411,8822.012899639085
16365.242898432538,19.726866206154227,677.8193683810532,8822.012899639085
16365.961605336517,19.726866206154227,677.8193683810532,8822.38383220695
16366.096216486767,19.728394731879234,677.8941825404763,8822.38383220695
16366.767411936074,19.728394731879234,677.8941825404763,8822.77620704472
16366.834354074672,19.73053458891809,677.9510052725673,8822.77620704472
16367.71321262233,19.73053458891809,677.9510052725673,8823.232660235837
16367.84304109402,19.732189301401377,678.0385513175279,8823.232660235837
16368.508292395622,19.732189301401377,678.0385513175279,8823.61827032268
16370.066839087754,19.737219525501132,678.1242935657501,8823.61827032268
16370.704627322033,19.737219525501132,678.1242935657501,8823.980508523062
16370.783980816603,19.738894747570157,678.1846265941858,8823.980508523062
16371.509133936837,19.738894747570157,678.1846265941858,8824.364367615432
16371.578404996544,19.742715127766132,678.2408816106617,8824.364367615432
16372.452375065535,19.742715127766132,678.2408816106617,8824.8906193804
16372.523238895461,19.744250647723675,678.3010121360421,8824.8906193804
16373.23134663701,19.744250647723675,678.3010121360421,8825.281397977844
16374.836801154539,19.75311861746013,678.4342478495091,8825.281397977844
16375.534387215972,19.75311861746013,678.4342478495091,8825.684953991324
16375.651393203065,19.75478034839034,678.5240554604679,8825.684953991324
16376.318037131801,19.75478034839034,678.5240554604679,8826.076204059646
16376.55638522841,19.75639514811337,678.6251975987107,8826.076204059646
16377.186250375584,19.75639514811337,678.6251975987107,8826.503977032378
16377.344159677625,19.75798935815692,678.7655997723341,8826.503977032378
16378.09631020017,19.75798935815692,678.7655997723341,8826.975880656391
16379.330006023869,19.763022162020206,678.849203415215,8826.975880656391
16380.052374875173,19.763022162020206,678.849203415215,8827.386266192421
16380.178763655946,19.76640973240137,678.9498166255653,8827.386266192421
16380.960843624547,19.76640973240137,678.9498166255653,8827.78250490129
16381.150343172252,19.768156081438065,679.0108088031411,8827.78250490129
16381.993888435885,19.768156081438065,679.0108088031411,8828.135706365108
16382.13676867634,19.76977252960205,679.1304083690047,8828.135706365108
16382.893885919824,19.76977252960205,679.1304083690047,8828.661592192948
16385.286518296227,19.775286922231317,679.2019600812346,8828.661592192948
16385.80078679137,19.775286922231317,679.2019600812346,8829.000120451674
16385.864446260035,19.776926022022963,679.2518101092428,8829.000120451674
16386.43858636543,19.776926022022963,679.2518101092428,8829.32648014836
16386.50360294804,19.77854205109179,679.3037922568619,8829.32648014836
16387.299939725548,19.77854205109179,679.3037922568619,8829.584726227447
16387.400050928816,19.780104652047157,679.3876420520246,8829.584726227447
16388.161332225427,19.780104652047157,679.3876420520246,8829.856909139082
16390.633353300393,19.785186855122447,679.5389138329774,8829.856909139082
16391.13621678762,19.785186855122447,679.5389138329774,8830.195074211806
16391.214296918362,19.786798326298594,679.5976388305426,8830.195074211806
16391.69305060804,19.786798326298594,679.5976388305426,8830.523622637615
16391.77677972056,19.788430515676737,679.6636761333793,8830.523622637615
16392.625782966614,19.788430515676737,679.6636761333793,8831.094506513327
16392.779441971332,19.792287988588214,679.7940254155546,8831.094506513327
16393.673675950617,19.792287988588214,679.7940254155546,8831.629050416872
16394.557095840573,19.797440154477954,679.8742774762213,8831.629050416872
16395.43742040731,19.797440154477954,679.8742774762213,8832.042261235416
16395.553432315588,19.799019871279597,679.974412176758,8832.042261235416
16396.39648240432,19.799019871279597,679.974412176758,8832.502319024876
16396.487576451153,19.80370480567217,680.0490129329264,8832.502319024876
16397.071016946808,19.80370480567217,680.0490129329264,8832.924747288227
16397.319424355403,19.80550791695714,680.1542656477541,8832.924747288227
16398.398638488725,19.80550791695714,680.1542656477541,8833.498654348776
16402.422087896615,19.810727670788765,680.2544325795025,8833.498654348776
16403.04539297521,19.810727670788765,680.2544325795025,8833.781166229397
16403.121851008385,19.81218438781798,680.3109124079347,8833.781166229397
16403.905786739662,19.81218438781798,680.3109124079347,8834.09043015726
16403.9966519922,19.813836354762316,680.3778243046254,8834.09043015726
16405.020364325494,19.813836354762316,680.3778243046254,8834.652079934254
16405.11125334911,19.81546992622316,680.4447544850409,8834.652079934254
16405.88591698371,19.81546992622316,680.4447544850409,8835.02307288535
16408.05733106844,19.82044222764671,680.5086861476302,8835.02307288535
16408.81397361122,19.82044222764671,680.5086861476302,8835.303400577977
16408.88572066836,19.822062207385898,680.5657445285469,8835.303400577977
16409.667630983517,19.822062207385898,680.5657445285469,8835.638294650242
16409.74923304841,19.823746517300606,680.6317725814879,8835.638294650242
16410.272638250142,19.823746517300606,680.6317725814879,8835.996739000082
16410.44344353676,19.828660706058145,680.7766691073775,8835.996739000082
16411.30401447229,19.828660706058145,680.7766691073775,8836.411891393363
16412.737816758454,19.83374554850161,680.8327493388206,8836.411891393363
16413.70017668791,19.83374554850161,680.8327493388206,8836.960330970585
16413.76279113628,19.835340805351734,680.8838312160224,8836.960330970585
16414.449767664075,19.835340805351734,680.8838312160224,8837.288055881858
16414.537922438234,19.836908616125584,680.9533963613212,8837.288055881858
16415.34865015559,19.836908616125584,680.9533963613212,8837.57213209942
16415.53582940437,19.838658226653934,681.0234690476209,8837.57213209942
16416.42800590396,19.838658226653934,681.0234690476209,8837.957531541586
16418.631934920326,19.855610236525536,681.1396963726729,8837.957531541586
16419.514903713018,19.855610236525536,681.1396963726729,8838.304254509509
16419.61727448553,19.857154056429863,681.2273225393146,8838.304254509509
16420.338647250086,19.857154056429863,681.2273225393146,8838.645571326837
16420.60276323557,19.859014900401235,681.311081463471,8838.645571326837
16421.304294560105,19.859014900401235,681.311081463471,8838.981285214424
16421.423334684223,19.86148606427014,681.4001557454467,8838.981285214424
16422.006031796336,19.86148606427014,681.4001557454467,8839.299001432955
16423.759836884215,19.866484444588423,681.4713868703693,8839.299001432955
16424.882889835164,19.866484444588423,681.4713868703693,8839.902139727026
16425.015749661252,19.86803598329425,681.583640422672,8839.902139727026
16425.624015018344,19.86803598329425,681.583640422672,8840.244567308575
16425.797228647396,19.87085050344467,681.6811580657959,8840.244567308575
16426.59948511608,19.87085050344467,681.6811580657959,8840.699896801263
16426.678623203188,19.8724168818444,681.7459445670247,8840.699896801263
16427.207592748106,19.8724168818444,681.7459445670247,8840.987597396597
16428.463520687073,19.87727334536612,681.8408358823508,8840.987597396597
16429.317227270454,19.87727334536612,681.8408358823508,8841.471263606101
16429.462883099914,19.879350632429123,681.9709051381797,8841.471263606101
16430.113744691014,19.879350632429123,681.9709051381797,8841.855729162693
16430.237849559635,19.881031474098563,682.057487655431,8841.855729162693
16430.890460481867,19.881031474098563,682.057487655431,8842.16290006414
16431.13932484947,19.882910640910268,682.2234457358718,8842.16290006414
16431.884891504422,19.882910640910268,682.2234457358718,8842.59026914835
16434.34964938648,19.888871589675546,682.2951888013631,8842.59026914835
16434.90514805168,19.888871589675546,682.2951888013631,8842.952025828883
16434.96577569656,19.890465756878257,682.3457685820758,8842.952025828883
16435.489289699122,19.890465756878257,682.3457685820758,8843.262744022533
16435.598640350625,19.89208148419857,682.4396952800453,8843.262744022533
16436.271871717647,19.89208148419857,682.4396952800453,8843.645955486223
16436.471962679178,19.893688775599003,682.6136393919587,8843.645955486223
16437.241136664525,19.893688775599003,682.6136393919587,8844.059598343447
16438.863465739414,19.90536859072745,682.7030428573489,8844.059598343447
16439.55816203542,19.90536859072745,682.7030428573489,8844.497928988189
16439.65180014074,19.906957248225808,682.7857989426702,8844.497928988189
16440.37955342233,19.906957248225808,682.7857989426702,8844.927811829373
16440.511602872983,19.908633187413216,682.8592042177916,8844.927811829373
16441.464023981243,19.908633187413216,682.8592042177916,8845.543080313131
16441.552033364773,19.910243118181825,682.9347446318716,8845.543080313131
16442.2915698383,19.910243118181825,682.9347446318716,8846.05145567283
16443.65696178004,19.915313068777323,683.0345083456486,8846.05145567283
16444.261103339493,19.915313068777323,683.0345083456486,8846.365841602907
16444.37808792852,19.91684941574931,683.1278453934938,8846.365841602907
16445.108375076205,19.91684941574931,683.1278453934938,8846.711299329996
16445.20156562142,19.918639328330755,683.2042980846018,8846.711299329996
16445.814158057794,19.918639328330755,683.2042980846018,8847.041336536407
16445.93048765324,19.920319808647037,683.3045960795134,8847.041336536407
16446.758881526068,19.920319808647037,683.3045960795134,8847.561434496194
16448.99290155247,19.92651855200529,683.3601488191634,8847.561434496194
16449.596421271563,19.92651855200529,683.3601488191634,8847.920935347676
16449.74596046284,19.930577356368303,683.4918378256261,8847.920935347676
16450.430162439123,19.930577356368303,683.4918378256261,8848.228663397953
16450.535304332152,19.93219081312418,683.5860646702349,8848.228663397953
16451.23960143514,19.93219081312418,683.5860646702349,8848.696473600343
16451.314887555316,19.933724351227283,683.6434742640704,8848.696473600343
16451.981736060232,19.933724351227283,683.6434742640704,8849.10760696046
16453.30926748179,19.942759877070785,683.7942512482405,8849.10760696046
16454.112413443625,19.942759877070785,683.7942512482405,8849.69168147631
16454.258069444448,19.94448090903461,683.8620409127325,8849.69168147631
16454.89350280352,19.94448090903461,683.8620409127325,8850.041755713522
16455.09656732902,19.947131065651774,683.9326248969883,8850.041755713522
16455.901744319126,19.947131065651774,683.9326248969883,8850.385299816728
16456.159087572247,19.94879613444209,683.9952541757375,8850.385299816728
16456.820136558264,19.94879613444209,683.9952541757375,8850.865667246282
16460.785395242274,19.955536926165223,684.0497839972377,8850.865667246282
16461.404632087797,19.955536926165223,684.0497839972377,8851.137813128531
16461.74607639201,19.957209054380655,684.1378986407071,8851.137813128531
16462.079097269103,19.957209054380655,684.1378986407071,8851.355537598953
16462.15429182723,19.95882799476385,684.2038453314453,8851.355537598953
16462.821341274306,19.95882799476385,684.2038453314453,8851.614384515211
16462.984903259203,19.9603366330266,684.336878310889,8851.614384515211
16463.608521396294,19.9603366330266,684.336878310889,8852.032754076645
16464.859979795292,19.96539654582739,684.5205946844071,8852.032754076645
16465.698811475188,19.96539654582739,684.5205946844071,8852.564150992781
16465.85905764252,19.967017777264118,684.6548223365098,8852.564150992781
16466.761405320838,19.967017777264118,684.6548223365098,8853.026627127081
16466.996886694804,19.96873066946864,684.7479797713459,8853.026627127081
16467.49081595242,19.96873066946864,684.7479797713459,8853.33528377302
16467.58593585156,19.97114486247301,684.8267509751022,8853.33528377302
16468.869654187933,19.97114486247301,684.8267509751022,8853.826647372916
16472.405122023076,19.976474437862635,684.8882100526243,8853.826647372916
16473.07159180753,19.976474437862635,684.8882100526243,8854.130923241377
16473.16017217934,19.978080229833722,684.9611658211797,8854.130923241377
16473.800708433613,19.978080229833722,684.9611658211797,8854.52208905667
16473.950523979962,19.979598445817828,685.091930411756,8854.52208905667
16474.64413622953,19.979598445817828,685.091930411756,8854.888050045818
16474.73442291282,19.981203945353627,685.1690506748855,8854.888050045818
16475.36707394384,19.981203945353627,685.1690506748855,8855.323722973466
16476.189185952768,19.98603888042271,685.2618671357632,8855.323722973466
16477.083248868585,19.98603888042271,685.2618671357632,8855.950001697987
16477.152683919296,19.987603560090065,685.3112497460097,8855.950001697987
16477.74396206066,19.987603560090065,685.3112497460097,8856.351463122293
16477.92966505699,19.98944283463061,685.3824459109455,8856.351463122293
16478.83763225749,19.98944283463061,685.3824459109455,8856.880156291649
16478.968250224367,19.99108425527811,685.4950892701745,8856.880156291649
16480.029732376337,19.99108425527811,685.4950892701745,8857.515799675137
16483.30242798105,19.99672612734139,685.5501632522792,8857.515799675137
16483.82637743652,19.99672612734139,685.5501632522792,8857.78280589357
16483.90976958163,19.999515287578106,685.6153563279659,8857.78280589357
16484.852171799168,19.999515287578106,685.6153563279659,8858.099778769538
16484.919389482588,20.00100594572723,685.6723724957556,8858.099778769538
16485.65791520849,20.00100594572723,685.6723724957556,8858.367813425139
16485.94142474793,20.00271289795637,685.7306641153991,8858.367813425139
16486.83795216866,20.00271289795637,685.7306641153991,8858.72581470944
16489.356689454988,20.007745698094368,685.8882575556636,8858.72581470944
16490.075691167265,20.007745698094368,685.8882575556636,8859.125612083822
16490.188842467964,20.009373258799314,685.982071813196,8859.125612083822
16491.114582011476,20.009373258799314,685.982071813196,8859.661131668836
16491.262530161068,20.011022178456187,686.1032561473548,8859.661131668836
16492.117040740326,20.011022178456187,686.1032561473548,8860.066767647862
16492.233130432665,20.01265131868422,686.2037398349494,8860.066767647862
16492.74909760058,20.01265131868422,686.2037398349494,8860.410198135301
16493.69237465225,20.01760063879192,686.3002183400095,8860.410198135301
16494.43310344033,20.01760063879192,686.3002183400095,8860.88979846239
16494.547392867506,20.019161568954587,686.3980762474239,8860.88979846239
16495.11337547563,20.019161568954587,686.3980762474239,8861.228316603228
16495.224462820217,20.020817508921027,686.4899163171649,8861.228316603228
16495.819767860696,20.020817508921027,686.4899163171649,8861.68261720799
16495.88764791563,20.022357327863574,686.5411465615034,8861.68261720799
16496.355632599443,20.022357327863574,686.5411465615034,8861.989275507629
16497.645971536636,20.027273239567876,686.6278859190643,8861.989275507629
16498.59366323054,20.027273239567876,686.6278859190643,8862.586680315435
16498.674419859424,20.02878429554403,686.6986732073128,8862.586680315435
16499.422295775265,20.02878429554403,686.6986732073128,8863.046960651875
16499.485793322325,20.030358092859387,686.7494560107589,8863.046960651875
16500.08718944341,20.030358092859387,686.7494560107589,8863.426866253838
16500.20202595368,20.032377308234572,686.8407132811844,8863.426866253838
16501.070952074602,20.032377308234572,686.8407132811844,8864.036559417844
16502.079661607742,20.037325341254473,687.0068627540022,8864.036559417844
16502.858587829396,20.037325341254473,687.0068627540022,8864.552041508257
16502.92295911908,20.039032151922584,687.0611962750554,8864.552041508257
16503.64308288321,20.039032151922584,687.0611962750554,8865.012502355501
16503.791015796363,20.04066165164113,687.1876609958708,8865.012502355501
16504.61922405474,20.04066165164113,687.1876609958708,8865.609156681225
16504.745900128037,20.04351400397718,687.2853293344378,8865.609156681225
16505.54615270719,20.04351400397718,687.2853293344378,8866.159979486838
16506.357087263837,20.048714516684413,687.4496232941747,8866.159979486838
16507.18659346737,20.048714516684413,687.4496232941747,8866.704483406618
16507.313820341602,20.051597667858005,687.55638727732,8866.704483406618
16507.987580651417,20.051597667858005,687.55638727732,8867.157816873863
16508.124076364562,20.053173445165157,687.6729423571378,8867.157816873863
16508.844189148396,20.053173445165157,687.6729423571378,8867.66244017519
16508.98603168875,20.054714765399694,687.795989997685,8867.66244017519
16509.741708455607,20.054714765399694,687.795989997685,8868.189449403435
16510.445169188082,20.063630484044552,687.8667198345065,8868.189449403435
16511.328646261245,20.063630484044552,687.8667198345065,8868.81086411886
16511.4260262046,20.065262153744698,687.9491832964122,8868.81086411886
16512.129329210147,20.065262153744698,687.9491832964122,8869.307439183816
16512.254480656236,20.067073607817292,688.0627809949219,8869.307439183816
16512.985513940454,20.067073607817292,688.0627809949219,8869.772236740217
16513.15785409324,20.06870668567717,688.2228032145649,8869.772236740217
16513.70140689425,20.06870668567717,688.2228032145649,8870.09289470315
16514.585216535255,20.073831459507346,688.3242069408298,8870.09289470315
16515.487969232723,20.073831459507346,688.3242069408298,8870.664019964635
16515.608919242397,20.0755651909858,688.4260568618774,8870.664019964635
16516.391251794994,20.0755651909858,688.4260568618774,8871.20040188171
16516.529316738248,20.07749219611287,688.545777309686,8871.20040188171
16517.31493587233,20.07749219611287,688.545777309686,8871.731964973733
16517.444630483165,20.079113664105535,688.6608899254352,8871.731964973733
16518.084703108296,20.079113664105535,688.6608899254352,8872.175078706816
16518.85860252008,20.084086794406176,688.735508652404,8872.175078706816
16519.616172734648,20.084086794406176,688.735508652404,8872.646061046049
16519.726121755317,20.085749173536897,688.8272869512439,8872.646061046049
16520.434397391975,20.085749173536897,688.8272869512439,8873.109474867582
16520.553132751957,20.087388752028346,688.9309714064002,8873.109474867582
16521.46180538647,20.087388752028346,688.9309714064002,8873.782025845721
16521.679489476606,20.088975021615624,689.1217652652413,8873.782025845721
16522.892496818677,20.088975021615624,689.1217652652413,8874.189038030803
16527.575050888583,20.093991812318563,689.1914712321013,8874.189038030803
16528.2938481085,20.093991812318563,689.1914712321013,8874.517502086237
16528.460349865258,20.095612313598394,689.3311674240977,8874.517502086237
16529.484082313254,20.095612313598394,689.3311674240977,8874.862050017342
16529.544658476487,20.097217243164778,689.3816836643964,8874.862050017342
16530.0314739123,20.097217243164778,689.3816836643964,8875.172897553071
16530.101722521707,20.09886227361858,689.4324064981192,8875.172897553071
16530.88405503519,20.09886227361858,689.4324064981192,8875.565388994291
16532.11490912363,20.10375722311437,689.577327594161,8875.565388994291
16532.82224298455,20.10375722311437,689.577327594161,8876.095223594457
16532.89677836746,20.10536739975214,689.6401033159345,8876.095223594457
16533.494240960106,20.10536739975214,689.6401033159345,8876.493873687461
16533.603797884658,20.107039991766214,689.7326964884996,8876.493873687461
16534.611312706023,20.107039991766214,689.7326964884996,8876.837673004717
16534.9239846766,20.10988744534552,689.9038347136229,8876.837673004717
16535.786814434454,20.10988744534552,689.9038347136229,8877.212317733094
16536.85058664903,20.114752404391766,689.9615804441273,8877.212317733094
16537.435912450776,20.114752404391766,689.9615804441273,8877.575789358467
16537.605351023376,20.11632309295237,690.1141561288387,8877.575789358467
16538.109591387212,20.11632309295237,690.1141561288387,8877.847895689309
16538.24533186853,20.117943732067943,690.2362379692495,8877.847895689309
16539.24660727568,20.117943732067943,690.2362379692495,8878.445302309468
16539.357934663072,20.11953117325902,690.329902086407,8878.445302309468
16540.016896791756,20.11953117325902,690.329902086407,8878.780071521178
16544.444301491603,20.127548960968852,690.3850637599826,8878.780071521178
16545.26459051855,20.127548960968852,690.3850637599826,8879.052993837744
16545.370380423963,20.12912680953741,690.4696237202734,8879.052993837744
16546.2678278815,20.12912680953741,690.4696237202734,8879.384402349591
16546.338812883943,20.130742819979787,690.5304097961634,8879.384402349591
16547.246543591842,20.130742819979787,690.5304097961634,8879.818707620725
16547.317285647616,20.13241916336119,690.5883335508406,8879.818707620725
16547.924941295758,20.13241916336119,690.5883335508406,8880.169581916183
16549.943441484123,20.1401711627841,690.6865611951798,8880.169581916183
16550.580939671025,20.1401711627841,690.6865611951798,8880.6367667038
16550.645263183862,20.14175764285028,690.7357989512384,8880.6367667038
16551.168814299628,20.14175764285028,690.7357989512384,8880.942494386807
16551.327764840797,20.143380964174867,690.8712015263736,8880.942494386807
16552.114662559703,20.143380964174867,690.8712015263736,8881.347608489916
16552.18142931536,20.14490663073957,690.9204199630767,8881.347608489916
16552.74681647122,20.14490663073957,690.9204199630767,8881.775871951133
16553.831992708147,20.15006512403488,691.0573007129133,8881.775871951133
16554.55214129202,20.15006512403488,691.0573007129133,8882.200063431635
16554.67671466805,20.15161420032382,691.158984163776,8882.200063431635
16555.699604520574,20.15161420032382,691.158984163776,8882.876241505146
16555.845638638362,20.153377143666148,691.2858691718429,8882.876241505146
16556.497496327385,20.153377143666148,691.2858691718429,8883.18913074769
16556.60870323144,20.155021134763956,691.3811368551105,8883.18913074769
16557.307831723243,20.155021134763956,691.3811368551105,8883.546242183074
16559.45501654409,20.159937074407935,691.5505843572319,8883.546242183074
16560.06367421709,20.159937074407935,691.5505843572319,8884.013171387836
16560.211838943884,20.16150758229196,691.6819924078882,8884.013171387836
16561.160147599876,20.16150758229196,691.6819924078882,8884.574006531388
16561.36532550305,20.16317575238645,691.8224204555154,8884.574006531388
16561.989629631862,20.16317575238645,691.8224204555154,8884.920000195503
16562.14798889309,20.164684128016233,691.9621927905828,8884.920000195503
16562.933448955417,20.164684128016233,691.9621927905828,8885.454072175547
16565.293088892475,20.169992303475738,692.0391596108675,8885.454072175547
16565.908094832674,20.169992303475738,692.0391596108675,8885.874957563356
16566.00850277953,20.171607421711087,692.1082948986441,8885.874957563356
16566.85332860425,20.171607421711087,692.1082948986441,8886.291560214013
16567.024887053296,20.17322437465191,692.2384572476149,8886.291560214013
16567.662414496765,20.17322437465191,692.2384572476149,8886.667554525658
16567.759077504277,20.17651874385774,692.3178260903805,8886.667554525658
16568.5803562887,20.17651874385774,692.3178260903805,8887.04423336126
16570.369379479438,20.184529781341553,692.3896529693156,8887.04423336126
16571.17846965231,20.184529781341553,692.3896529693156,8887.475443169475
16571.238279120997,20.186132580041885,692.4393483642489,8887.475443169475
16571.883281657472,20.186132580041885,692.4393483642489,8887.798605419695
16572.07976621203,20.187799729406834,692.50104107894,8887.798605419695
16572.812984135002,20.187799729406834,692.50104107894,8888.134029814973
16572.895678689703,20.191377514973283,692.5591563992202,8888.134029814973
16573.665812291205,20.191377514973283,692.5591563992202,8888.584681473672
16576.6359845791,20.196244103834033,692.6363456044346,8888.584681473672
16577.499062044546,20.196244103834033,692.6363456044346,8889.146430265158
16577.572842426598,20.197919191792607,692.698454964906,8889.146430265158
16578.266310263425,20.197919191792607,692.698454964906,8889.515113193542
16578.34460045956,20.19956400245428,692.7553733009845,8889.515113193542
16579.140395000577,20.19956400245428,692.7553733009845,8889.900732358918
16579.340614184737,20.202095318585634,692.8263875842094,8889.900732358918
16580.22056713514,20.202095318585634,692.8263875842094,8890.299883542582
16581.65103006363,20.206950556486845,692.9562126155943,8890.299883542582
16582.381484903395,20.206950556486845,692.9562126155943,8890.687085686252
16582.490109572187,20.208581713959575,693.0410743393004,8890.687085686252
16583.355802644044,20.208581713959575,693.0410743393004,8891.316015150398
16583.523505356163,20.21023321337998,693.1215246226639,8891.316015150398
16584.201746456325,20.21023321337998,693.1215246226639,8891.697469418868
16584.282076688483,20.211884053424,693.1888301670551,8891.697469418868
16585.17138969153,20.211884053424,693.1888301670551,8892.305078303441
16586.648433117196,20.216978665441275,693.301396863535,8892.305078303441
16587.40915880911,20.216978665441275,693.301396863535,8892.767476277426
16587.51970596239,20.218869911506772,693.3503965735435,8892.767476277426
16588.201732782647,20.218869911506772,693.3503965735435,8893.14777911827
16588.280730050057,20.22276565246284,693.4154425058514,8893.14777911827
16588.96059227176,20.22276565246284,693.4154425058514,8893.575537141412
16589.14506555721,20.224643798545003,693.5209817681462,8893.575537141412
16590.232412584126,20.224643798545003,693.5209817681462,8894.202271824703
16591.830085696653,20.229572352021933,693.6971247829497,8894.202271824703
16592.61530343443,20.229572352021933,693.6971247829497,8894.586107119918
16592.82338112034,20.231277694925666,693.7582963947207,8894.586107119918
16593.777151836082,20.231277694925666,693.7582963947207,8894.886360222474
16593.88044602424,20.23290233500302,693.8445965554565,8894.886360222474
16594.996246227995,20.23290233500302,693.8445965554565,8895.412746481597
16595.123502893373,20.234529005363584,693.9472972936928,8895.412746481597
16595.8200120572,20.234529005363584,693.9472972936928,8895.69873071462
16600.4265557006,20.25362225063145,694.0006142444909,8895.69873071462
16601.1543395333,20.25362225063145,694.0006142444909,8896.225607801229
16601.234804058447,20.25528436154127,694.0640717595816,8896.225607801229
16602.33902811259,20.25528436154127,694.0640717595816,8896.674313796684
16602.42711800337,20.2568497415632,694.1345084309578,8896.674313796684
16603.42189388536,20.2568497415632,694.1345084309578,8897.110385751352
16603.551391372457,20.258529072627425,694.1940706148744,8897.110385751352
16604.813643999398,20.258529072627425,694.1940706148744,8897.603390721604
16607.174468819052,20.26342278905213,694.2500697951764,8897.603390721604
16607.968021029606,20.26342278905213,694.2500697951764,8897.954232044518
16608.114477243274,20.265259250998497,694.3385968152434,8897.954232044518
16608.688921637833,20.265259250998497,694.3385968152434,8898.298946864903
16608.758724287152,20.266916811466217,694.3982327990234,8898.298946864903
16609.50046032667,20.266916811466217,694.3982327990234,8898.798632226884
16609.629409492016,20.26851250976324,694.5122417360544,8898.798632226884
16610.215488035232,20.26851250976324,694.5122417360544,8899.175378413871
16611.14061862044,20.273627541959286,694.596300214529,8899.175378413871
16611.835444884375,20.273627541959286,694.596300214529,8899.499381639063
16611.92483262159,20.27528545074165,694.672223938629,8899.499381639063
16612.67183252424,20.27528545074165,694.672223938629,8899.854000851512
16612.76791567169,20.27688285894692,694.7550543192774,8899.854000851512
16613.521578695625,20.27688285894692,694.7550543192774,8900.175281867385
16613.650115316734,20.278490277007222,694.865220811218,8900.175281867385
16614.256555320695,20.278490277007222,694.865220811218,8900.488659990951
16615.465701833367,20.28333048708737,694.9548996835947,8900.488659990951
16616.409493697807,20.28333048708737,694.9548996835947,8900.989461172372
16616.520190492272,20.286334231495857,695.0353789869696,8900.989461172372
16617.359834779054,20.286334231495857,695.0353789869696,8901.501367768273
16617.459058295935,20.28797854296863,695.1030802503228,8901.501367768273
16618.222502540797,20.28797854296863,695.1030802503228,8901.911684524268
16618.362910574302,20.289619863033295,695.2199981585145,8901.911684524268
16618.982469368726,20.289619863033295,695.2199981585145,8902.264628335834
16620.264994695783,20.3022952247411,695.3289102893323,8902.264628335834
16621.034846775234,20.3022952247411,695.3289102893323,8902.724151497707
16621.109268300235,20.303960194811225,695.3890839163214,8902.724151497707
16621.903820108622,20.303960194811225,695.3890839163214,8903.230646094307
16622.026607772335,20.30559461377561,695.4976959228516,8903.230646094307
16622.766216939315,20.30559461377561,695.4976959228516,8903.57961169444
16622.89035011083,20.30731468461454,695.5911298226565,8903.57961169444
16623.60067420453,20.30731468461454,695.5911298226565,8903.940139364451
16624.815336078405,20.313125947490335,695.6625251807272,8903.940139364451
16625.364902788773,20.313125947490335,695.6625251807272,8904.295351848006
16625.43805797957,20.31472291611135,695.7180416006595,8904.295351848006
16626.285047004,20.31472291611135,695.7180416006595,8904.816586323082
16626.467444121838,20.320799423381686,695.8675885908306,8904.816586323082
16627.06649691239,20.320799423381686,695.8675885908306,8905.24625986442
16627.14613101259,20.322419911623,695.9373159073293,8905.24625986442
16627.823321515694,20.322419911623,695.9373159073293,8905.59028789401
16629.307205587626,20.327312242239714,695.9993239771575,8905.59028789401
16629.951225826517,20.327312242239714,695.9993239771575,8905.958411313593
16630.096874235198,20.32887235097587,696.1208098605275,8905.958411313593
16630.999816987664,20.32887235097587,696.1208098605275,8906.409088155255
16631.199515359476,20.330516930669546,696.1846058703959,8906.409088155255
16631.71683122404,20.330516930669546,696.1846058703959,8906.740323852748
16631.900972386822,20.332154450938106,696.2430327851325,8906.740323852748
16632.575255945325,20.332154450938106,696.2430327851325,8907.113559164107
16634.612539477646,20.337024729698896,696.3448744677007,8907.113559164107
16635.3031615261,20.337024729698896,696.3448744677007,8907.43826465495
16635.423762800172,20.338601257652044,696.446311943233,8907.43826465495
16636.04975581169,20.338601257652044,696.446311943233,8907.791834019125
16636.17514816299,20.340296080335975,696.5152657981962,8907.791834019125
16636.817216167226,20.340296080335975,696.5152657981962,8908.161574186757
16636.886316895485,20.341928040608764,696.573483357206,8908.161574186757
16637.34145631641,20.341928040608764,696.573483357206,8908.48020918481
16638.837676623836,20.347101353108883,696.6261899042875,8908.48020918481
16639.402493691072,20.347101353108883,696.6261899042875,8908.73958587274
16639.470935968682,20.34867869131267,696.6853539291769,8908.73958587274
16640.04873482138,20.34867869131267,696.6853539291769,8909.06796487607
16640.109492475167,20.35033524222672,696.734770655632,8909.06796487607
16640.810832109302,20.35033524222672,696.734770655632,8909.465380005538
16640.871385021135,20.35194944217801,696.7852888256311,8909.465380005538
16641.419806480408,20.35194944217801,696.7852888256311,8909.79146262072
16642.659611644223,20.35678955167532,696.8473034650087,8909.79146262072
16643.38696236722,20.35678955167532,696.8473034650087,8910.12125797011
16643.50431040302,20.35851955600083,696.9482027217746,8910.12125797011
16644.14613311179,20.35851955600083,696.9482027217746,8910.415577646345
16644.215295791626,20.360074255615473,697.0001192744821,8910.415577646345
16644.812993938103,20.360074255615473,697.0001192744821,8910.704249611124
16644.898346960545,20.36416533216834,697.0717751104385,8910.704249611124
16645.619273049757,20.36416533216834,697.0717751104385,8911.089911168441
16646.89906372875,20.371966248378158,697.1277737393975,8911.089911168441
16647.483386052772,20.371966248378158,697.1277737393975,8911.382638784125
16647.626342192292,20.373851392418146,697.1981493588537,8911.382638784125
16648.181069418788,20.373851392418146,697.1981493588537,8911.684296442196
16648.29172622226,20.37547579035163,697.2920999694616,8911.684296442196
16649.10305116512,20.37547579035163,697.2920999694616,8912.20385744609
16649.170893019065,20.37706035003066,697.3503319807351,8912.20385744609
16649.976339047775,20.37706035003066,697.3503319807351,8912.666664117947
16651.88310679607,20.381963009014726,697.4168797619641,8912.666664117947
16652.528061531484,20.381963009014726,697.4168797619641,8912.960816442966
16652.609993083403,20.383581299334764,697.4793252795935,8912.960816442966
16653.183650141582,20.383581299334764,697.4793252795935,8913.246056362987
16653.298158556223,20.385629296302795,697.5708195660263,8913.246056362987
16654.3694977127,20.385629296302795,697.5708195660263,8913.655980862677
16654.454497067258,20.38718607276678,697.6368960775435,8913.655980862677
16655.682807289064,20.38718607276678,697.6368960775435,8914.05440546386
16659.85232263431,20.392144924029708,697.6893098000437,8914.05440546386
16661.00260381587,20.392144924029708,697.6893098000437,8914.275112612173
16661.069786900654,20.39382521621883,697.7433044817299,8914.275112612173
16661.774138847366,20.39382521621883,697.7433044817299,8914.572705976665
16662.14905082807,20.39545555599034,697.800316799432,8914.572705976665
16662.81794380024,20.39545555599034,697.800316799432,8914.828564092517
16662.908068999648,20.397039392963052,697.8725704029202,8914.828564092517
16663.7096446082,20.397039392963052,697.8725704029202,8915.15670038201
16665.479683157057,20.40222185663879,697.9546354152262,8915.15670038201
16666.476378345862,20.40222185663879,697.9546354152262,8915.479370964691
16666.53790467605,20.40412680245936,698.0035482645035,8915.479370964691
16667.483459422365,20.40412680245936,698.0035482645035,8915.833187164739
16667.564449116588,20.405747573822737,698.0578142516315,8915.833187164739
16668.06735487841,20.405747573822737,698.0578142516315,8916.115664703771
16668.19970373623,20.40750296600163,698.1347856018692,8916.115664703771
16668.682855717838,20.40750296600163,698.1347856018692,8916.432329043746
16669.854626711458,20.415548788383603,698.269708737731,8916.432329043746
16670.57101642713,20.415548788383603,698.269708737731,8916.888744650409
16670.674289787188,20.417178489267826,698.3629117216915,8916.888744650409
16671.41858159192,20.417178489267826,698.3629117216915,8917.381746063009
16671.542199261487,20.4187727086246,698.4669850543141,8917.381746063009
16672.328032322228,20.4187727086246,698.4669850543141,8917.801685787737
16672.388489291072,20.42041129618883,698.51714258641,8917.801685787737
16672.949236836284,20.42041129618883,698.51714258641,8918.102304710075
16676.465907471254,20.42734656110406,698.5772505383939,8918.102304710075
16677.225872412324,20.42734656110406,698.5772505383939,8918.41351617314
16677.371696176007,20.429010340943933,698.6556122153997,8918.41351617314
16677.957482043654,20.429010340943933,698.6556122153997,8918.69853249751
16678.0397716444,20.43065183982253,698.7258924040943,8918.69853249751
16678.972785739228,20.43065183982253,698.7258924040943,8918.99396821484
16679.094914143905,20.43422995507717,698.8287944160402,8918.99396821484
16679.700639108196,20.43422995507717,698.8287944160402,8919.279616313055
16683.269382039085,20.43919573351741,698.8866840582341,8919.279616313055
16683.882583659142,20.43919573351741,698.8866840582341,8919.574981477112
16683.953988138586,20.44083947315812,698.9480619244277,8919.574981477112
16684.492018008605,20.44083947315812,698.9480619244277,8919.865774998441
16684.647105112672,20.442329429090023,699.049024771899,8919.865774998441
16685.48863119632,20.442329429090023,699.049024771899,8920.354184437543
16685.903077827767,20.444134959951043,699.1251709554344,8920.354184437543
16687.148711115122,20.444134959951043,699.1251709554344,8920.745262645185
16692.11438716948,20.44916964136064,699.1875405311584,8920.745262645185
16693.221623109654,20.44916964136064,699.1875405311584,8921.103619156405
16693.35759471357,20.450752099975944,699.3053651154041,8921.103619156405
16694.03901588358,20.450752099975944,699.3053651154041,8921.5176876802
16694.14475350827,20.452370820567012,699.3845920264721,8921.5176876802
16694.590142484754,20.452370820567012,699.3845920264721,8921.81947122328
16694.659741429612,20.454025398939848,699.4334998372942,8921.81947122328
16695.461398927495,20.454025398939848,699.4334998372942,8922.19494166784
16696.43393164873,20.461197214201093,699.4977549277246,8922.19494166784
16697.227227713913,20.461197214201093,699.4977549277246,8922.75868050754
16697.31702116877,20.46284637413919,699.5720932520926,8922.75868050754
16698.084888439626,20.46284637413919,699.5720932520926,8923.207138687372
16698.189353831112,20.464479124173522,699.639421608299,8923.207138687372
16698.930874895304,20.464479124173522,699.639421608299,8923.663451822475
16699.04334724322,20.466100374236703,699.7375713642687,8923.663451822475
16699.714957863092,20.466100374236703,699.7375713642687,8924.036721246317
16701.670621173456,20.470896100625396,699.7978936210275,8924.036721246317
16702.319547064602,20.470896100625396,699.7978936210275,8924.411034168676
16702.44599765539,20.472684983164072,699.904081793502,8924.411034168676
16703.10612344742,20.472684983164072,699.904081793502,8924.918957302347
16703.181783355772,20.474256571382284,699.9697685483843,8924.918957302347
16703.97730298154,20.474256571382284,699.9697685483843,8925.406680265442
16704.054582687095,20.475846050307155,700.0365237351507,8925.406680265442
16704.686344996095,20.475846050307155,700.0365237351507,8925.817943712696
16706.100043602288,20.483239835128188,700.1078819334507,8925.817943712696
16706.872539380565,20.483239835128188,700.1078819334507,8926.125241244212
16706.972109531984,20.484857035800815,700.1891058012843,8926.125241244212
16707.591558944434,20.484857035800815,700.1891058012843,8926.499676188454
16707.660768583417,20.486479077488184,700.2448535785079,8926.499676188454
16708.556252239272,20.486479077488184,700.2448535785079,8926.989690095186
16708.663148436695,20.488122306764126,700.3342977240682,8926.989690095186
16709.333496153355,20.488122306764126,700.3342977240682,8927.467106504366
16711.157566118985,20.492951394990087,700.394995527342,8927.467106504366
16711.83952892013,20.492951394990087,700.394995527342,8927.822093397379
16712.000499380752,20.494780216366053,700.4637509472668,8927.822093397379
16712.65290039219,20.494780216366053,700.4637509472668,8928.124316457659
16712.72326928191,20.496396156027913,700.5241726059467,8928.124316457659
16713.49312391132,20.496396156027913,700.5241726059467,8928.482702061534
16713.617931183428,20.49810653552413,700.5940757095814,8928.482702061534
16714.348584389314,20.49810653552413,700.5940757095814,8928.905041746795
16716.3868709635,20.503022462129593,700.6493331436068,8928.905041746795
16717.124556718394,20.503022462129593,700.6493331436068,8929.37509973906
16717.184363136068,20.504591329023242,700.699164159596,8929.37509973906
16717.8154633604,20.504591329023242,700.699164159596,8929.792946802452
16717.965775486082,20.50623401813209,700.7662907801569,8929.792946802452
16718.55561302975,20.50623401813209,700.7662907801569,8930.109805157408
16718.706251252443,20.507842166349292,700.8583924267441,8930.109805157408
16719.375776566565,20.507842166349292,700.8583924267441,8930.464445058256
16720.66516615264,20.512745955958962,700.9561070147902,8930.464445058256
16721.353774804622,20.512745955958962,700.9561070147902,8930.848983665928
16721.451253788546,20.51426348462701,701.043543016538,8930.848983665928
16722.08505259268,20.51426348462701,701.043543016538,8931.178961934522
16722.23380254768,20.515928365290165,701.1111655477434,8931.178961934522
16723.07175002806,20.515928365290165,701.1111655477434,8931.675948720425
16723.164543595165,20.51749780587852,701.1649094261229,8931.675948720425
16723.770944664255,20.51749780587852,701.1649094261229,8931.997883627191
16726.302665635943,20.52783647365868,701.2213614638895,8931.997883627191
16726.777464788407,20.52783647365868,701.2213614638895,8932.29279550165
16726.845599187538,20.529406242072582,701.2766702324152,8932.29279550165
16727.39721784368,20.529406242072582,701.2766702324152,8932.614826861769
16727.46745793149,20.531084202229977,701.3338940944523,8932.614826861769
16728.27151909657,20.531084202229977,701.3338940944523,8932.96094680205
16728.55754772015,20.532834293320775,701.407504145056,8932.96094680205
16729.283576574177,20.532834293320775,701.407504145056,8933.247255913913
16732.579034995288,20.538246223703027,701.486434660852,8933.247255913913
16733.474539771676,20.538246223703027,701.486434660852,8933.614634942263
16733.613204956055,20.54342538677156,701.5863400008529,8933.614634942263
16734.400741208345,20.54342538677156,701.5863400008529,8933.890208918601
16734.510809961706,20.545052118599415,701.6763138696551,8933.890208918601
16735.188247429207,20.545052118599415,701.6763138696551,8934.328922895715
16735.319647699594,20.546843132004142,701.787798166275,8934.328922895715
16735.800739185885,20.546843132004142,701.787798166275,8934.630564102903
16736.754097655416,20.551822140812874,701.8753207176924,8934.630564102903
16737.72348906845,20.551822140812874,701.8753207176924,8935.246397729963
16737.832761285827,20.553362729027867,701.9646003004164,8935.246397729963
16738.661001008004,20.553362729027867,701.9646003004164,8935.734312908724
16738.748091433197,20.554954836145043,702.0399107094854,8935.734312908724
16739.563091475517,20.554954836145043,702.0399107094854,8936.051633741707
16739.623220499605,20.55658496916294,702.0893681198359,8936.051633741707
16740.391165716574,20.55658496916294,702.0893681198359,8936.381006825715
16743.448679637164,20.563259720802307,702.1743612680584,8936.381006825715
16744.227736206725,20.563259720802307,702.1743612680584,8936.735844373703
16744.4853622932,20.56511758454144,702.2411376629025,8936.735844373703
16745.19077500142,20.56511758454144,702.2411376629025,8937.001866254956
16745.260317336768,20.566772524267435,702.2968902997673,8937.001866254956
16745.812594396994,20.566772524267435,702.2968902997673,8937.260139837861
16745.885103348643,20.568443533033133,702.3553853761405,8937.260139837861
16746.52775507234,20.568443533033133,702.3553853761405,8937.571672065184
16748.202144203708,20.573420356959105,702.4171420000494,8937.571672065184
16749.34345780313,20.573420356959105,702.4171420000494,8937.848083095625
16749.564663549885,20.57522865757346,702.4942206237465,8937.848083095625
16750.377407519147,20.57522865757346,702.4942206237465,8938.122560309246
16750.71835967526,20.576895356178284,702.5435976237059,8938.122560309246
16751.139373108745,20.576895356178284,702.5435976237059,8938.367172611877
16751.210985071957,20.57847080565989,702.5985651426017,8938.367172611877
16751.772097172216,20.57847080565989,702.5985651426017,8938.66885567084
16754.18101950176,20.589444747194648,702.6654205620289,8938.66885567084
16755.13545615226,20.589444747194648,702.6654205620289,8939.009546879679
16755.232314473018,20.59109143540263,702.7445950936526,8939.009546879679
16755.786807095632,20.59109143540263,702.7445950936526,8939.351657863706
16755.88315806724,20.59262758307159,702.8313661720604,8939.351657863706
16756.349359363317,20.59262758307159,702.8313661720604,8939.67789936252
16756.430447988212,20.594590639695525,702.9019907284528,8939.67789936252
16757.277141897008,20.594590639695525,702.9019907284528,8939.988013887778
16761.203818727285,20.59957475401461,702.9733283147216,8939.988013887778
16762.219019724056,20.59957475401461,702.9733283147216,8940.315241530538
16762.286578813568,20.60113917477429,703.0296044107527,8940.315241530538
16763.276391888037,20.60113917477429,703.0296044107527,8940.696321096271
16763.370456608012,20.602902295067906,703.1067647952586,8940.696321096271
16764.041710516438,20.602902295067906,703.1067647952586,8941.018512321636
16764.111320262775,20.604574374854565,703.1619886085391,8941.018512321636
16764.928429942578,20.604574374854565,703.1619886085391,8941.37137962319
16767.116095056757,20.60979286953807,703.2460825499147,8941.37137962319
16767.60952464305,20.60979286953807,703.2460825499147,8941.707221183926
16767.67059756629,20.61135103739798,703.2972655612975,8941.707221183926
16768.466069903225,20.61135103739798,703.2972655612975,8942.132392052561
16768.609838519245,20.62118779681623,703.3555032406002,8942.132392052561
16769.286116268486,20.62118779681623,703.3555032406002,8942.453180462122
16769.35535307601,20.622768634930253,703.4149865750223,8942.453180462122
16769.92977737263,20.622768634930253,703.4149865750223,8942.729816066101
16771.710210923105,20.627764854580164,703.4870570078492,8942.729816066101
16772.427735500038,20.627764854580164,703.4870570078492,8943.111864518374
16772.534438423812,20.629321532323956,703.5692029651254,8943.111864518374
16773.291784785688,20.629321532323956,703.5692029651254,8943.61638065055
16773.371845791116,20.630924873054028,703.6349861212075,8943.61638065055
16773.892377566546,20.630924873054028,703.6349861212075,8943.974892573431
16773.96375169605,20.63249215297401,703.6922908723354,8943.974892573431
16774.47014917992,20.63249215297401,703.6922908723354,8944.271352358162
16776.06497711502,20.637443341314793,703.7562418486923,8944.271352358162
16776.786096567288,20.637443341314793,703.7562418486923,8944.599966099486
16776.893459752202,20.639069130644202,703.8424774482846,8944.599966099486
16777.44517704472,20.639069130644202,703.8424774482846,8944.879612309858
16777.534258903936,20.640609288588166,703.9184749014676,8944.879612309858
16778.42957229726,20.640609288588166,703.9184749014676,8945.394352477044
16778.522167891264,20.642366033047438,703.9886639807373,8945.394352477044
16779.187530431896,20.642366033047438,703.9886639807373,8945.738165043294
16781.483272632584,20.647261191159487,704.0581881459802,8945.738165043294
16782.098021719605,20.647261191159487,704.0581881459802,8946.041103856638
16782.203594751656,20.648967722430825,704.1182802692056,8946.041103856638
16782.813143696636,20.648967722430825,704.1182802692056,8946.348889326677
16782.92873333767,20.650612792000175,704.1980876531452,8946.348889326677
16783.66336246766,20.650612792000175,704.1980876531452,8946.753163753077
16783.762037323788,20.652133779600263,704.2837980221957,8946.753163753077
16784.40082521923,20.652133779600263,704.2837980221957,8947.063334498554
16785.750620564446,20.65722332522273,704.4046954922378,8947.063334498554
16786.347486976534,20.65722332522273,704.4046954922378,8947.42730285041
16786.485081400722,20.658825924620032,704.5085545834154,8947.42730285041
16787.329786531627,20.658825924620032,704.5085545834154,8947.723393129185
16787.448670428246,20.660463843494654,704.6143397912383,8947.723393129185
16787.98404029943,20.660463843494654,704.6143397912383,8948.033980829641
16788.14506147243,20.66234615817666,704.6645537745208,8948.033980829641
16788.606399636716,20.66234615817666,704.6645537745208,8948.302877543494
16791.672941144556,20.667393570765853,704.729491174221,8948.302877543494
16792.25285168737,20.667393570765853,704.729491174221,8948.584597412497
16792.32554748282,20.66902007907629,704.7921025045216,8948.584597412497
16792.971262624487,20.66902007907629,704.7921025045216,8948.884658494964
16793.036063784733,20.670664597302675,704.8426421228796,8948.884658494964
16793.95624930039,20.670664597302675,704.8426421228796,8949.15424075909
16794.03012041375,20.672215964645147,704.9025095608085,8949.15424075909
16794.855569055304,20.672215964645147,704.9025095608085,8949.498956570402
16797.1038146019,20.676843840628862,704.9961199425161,8949.498956570402
16797.573707733303,20.676843840628862,704.9961199425161,8949.768380565569
16797.655283220112,20.678413601592183,705.0636239405721,8949.768380565569
16798.286855831742,20.678413601592183,705.0636239405721,8950.120978830382
16798.43965484388,20.679932549595833,705.1982654314488,8950.120978830382
16799.04810360819,20.679932549595833,705.1982654314488,8950.422600338235
16799.250207643956,20.68160169199109,705.2528286837041,8950.422600338235
16800.166407607496,20.68160169199109,705.2528286837041,8950.721495389938
16803.136301686987,20.68664262443781,705.3607491664588,8950.721495389938
16803.7686499767,20.68664262443781,705.3607491664588,8951.045734692365
16803.83492039144,20.68822957202792,705.4171731416136,8951.045734692365
16804.34112684615,20.68822957202792,705.4171731416136,8951.367370266467
16804.400615019724,20.689827781170607,705.4668968785554,8951.367370266467
16805.158300718293,20.689827781170607,705.4668968785554,8951.66062413156
16805.23979365267,20.69141937047243,705.5388643704355,8951.66062413156
16806.018010204658,20.69141937047243,705.5388643704355,8951.99632604979
16807.351133765653,20.696362119168043,705.6397380661219,8951.99632604979
16807.932052737102,20.696362119168043,705.6397380661219,8952.35014054738
16808.120691480115,20.698018431663513,705.6888988018036,8952.35014054738
16808.98518690467,20.698018431663513,705.6888988018036,8952.675579549745
16809.046366548166,20.69964313134551,705.7385382968932,8952.675579549745
16809.530641831458,20.69964313134551,705.7385382968932,8952.992671892047
16809.602573212236,20.701302571222186,705.8004791941494,8952.992671892047
16810.392361074686,20.701302571222186,705.8004791941494,8953.309256415814
16813.578173823655,20.70671194791794,705.9122331459075,8953.309256415814
16814.287981772795,20.70671194791794,705.9122331459075,8953.604094741866
16814.370948271826,20.708307057619095,705.9852031134069,8953.604094741866
16814.929509008303,20.708307057619095,705.9852031134069,8953.836632233113
16815.052016755566,20.710036220028996,706.0935820844024,8953.836632233113
16816.035739051178,20.710036220028996,706.0935820844024,8954.225135803223
16816.10666707158,20.711908850818872,706.1519178152084,8954.225135803223
16817.00313672796,20.711908850818872,706.1519178152084,8954.488129608333
16818.57421220839,20.7167109195143,706.2299908846617,8954.488129608333
16819.16607297957,20.7167109195143,706.2299908846617,8954.75687235035
16819.27044782974,20.71833672747016,706.3189557250589,8954.75687235035
16820.18088339083,20.71833672747016,706.3189557250589,8955.18771456182
16820.276378167793,20.720018047839403,706.3860763888806,8955.18771456182
16821.04463512078,20.720018047839403,706.3860763888806,8955.639608604833
16821.119203926995,20.721623085439205,706.4395694620907,8955.639608604833
16821.632656851783,20.721623085439205,706.4395694620907,8955.980849923566
16822.947340868413,20.726550413295627,706.5575176887214,8955.980849923566
16823.751998562366,20.726550413295627,706.5575176887214,8956.458808723837
16823.840006053448,20.728068942204118,706.6320631355047,8956.458808723837
16824.592867316678,20.728068942204118,706.6320631355047,8956.983497243375
16824.70231489651,20.7296947222203,706.7253821548074,8956.983497243375
16825.25551745668,20.7296947222203,706.7253821548074,8957.299875540659
16825.4070382528,20.731401605531573,706.8126693163067,8957.299875540659
16826.160728879273,20.731401605531573,706.8126693163067,8957.82710204646
16826.901908628643,20.73653283715248,706.9316556919366,8957.82710204646
16827.806293457747,20.73653283715248,706.9316556919366,8958.32516663894
16827.942843513563,20.738141898065805,707.0322437044233,8958.32516663894
16828.915047856048,20.738141898065805,707.0322437044233,8958.952133908868
16829.064443066716,20.73965927772224,707.1661059632897,8958.952133908868
16829.811139935628,20.73965927772224,707.1661059632897,8959.425365092233
16829.887097388506,20.741208773106337,707.2293425444514,8959.425365092233
16830.43866649829,20.741208773106337,707.2293425444514,8959.715183315799
16831.275566980243,20.74603852070868,707.3462197426707,8959.715183315799
16832.03656904027,20.74603852070868,707.3462197426707,8960.241962091997
16832.162298858166,20.747638627886772,707.4519156143069,8960.241962091997
16832.771767739207,20.747638627886772,707.4519156143069,8960.625375790522
16832.89328593202,20.74924130551517,707.5530794057995,8960.625375790522
16833.555153068155,20.74924130551517,707.5530794057995,8961.008631514385
16833.625222472474,20.75104558840394,707.6095884833485,8961.008631514385
16834.312328595668,20.75104558840394,707.6095884833485,8961.489403855056
16835.319923263043,20.760110603645444,707.6805555857718,8961.489403855056
16835.91894913651,20.760110603645444,707.6805555857718,8961.843720242381
16835.99259832874,20.761584950610995,707.744921296835,8961.843720242381
16836.52609456703,20.761584950610995,707.744921296835,8962.1872080639
16836.65620900318,20.763223860412836,707.8611610531807,8962.1872080639
16837.246527208015,20.763223860412836,707.8611610531807,8962.655858693644
16837.322677416727,20.764944383874536,707.9274527207017,8962.655858693644
16837.831811480224,20.764944383874536,707.9274527207017,8962.975738825276
16838.612208964303,20.770324662327766,707.9883246961981,8962.975738825276
16839.282571254298,20.770324662327766,707.9883246961981,8963.391738776118
16839.38413352333,20.77195293083787,708.0740472860634,8963.391738776118
16840.00137586519,20.77195293083787,708.0740472860634,8963.787232035771
16840.07155395113,20.773528588935733,708.1333069223911,8963.787232035771
16840.620404291898,20.773528588935733,708.1333069223911,8964.148245895281
16840.7365140561,20.775105126202106,708.235128223896,8964.148245895281
16841.297061955556,20.775105126202106,708.235128223896,8964.50456161052
16841.975883511826,20.784208232536912,708.3169297929853,8964.50456161052
16842.421052943915,20.784208232536912,708.3169297929853,8964.830780047923
16842.501475607976,20.785784708335996,708.3842538166791,8964.830780047923
16843.02289197594,20.785784708335996,708.3842538166791,8965.197592342272
16843.097120657563,20.78738966025412,708.4480064697564,8965.197592342272
16843.773298963904,20.78738966025412,708.4480064697564,8965.582648418844
16843.838371757418,20.78909901343286,708.5032473132014,8965.582648418844
16844.517062189057,20.78909901343286,708.5032473132014,8966.062105026096
16845.290454626083,20.794307140633464,708.5819635055959,8966.062105026096
16846.02425182052,20.794307140633464,708.5819635055959,8966.575505618006
16846.13968601264,20.79592053964734,708.6869132854044,8966.575505618006
16846.552792889997,20.79592053964734,708.6869132854044,8966.868088072166
16846.62799225934,20.79749745875597,708.7472704406828,8966.868088072166
16847.221085643396,20.79749745875597,708.7472704406828,8967.242445813492
16847.384244251996,20.79911742731929,708.8912977613509,8967.242445813492
16847.96770389937,20.79911742731929,708.8912977613509,8967.605536833405
16848.73966323957,20.80639860033989,708.9748546406627,8967.605536833405
16849.645784422755,20.80639860033989,708.9748546406627,8968.23640974611
16849.719287879765,20.8080066293478,709.0337692722678,8968.23640974611
16850.350084850565,20.8080066293478,709.0337692722678,8968.649212559685
16850.435551503673,20.809614477679133,709.1034734323621,8968.649212559685
16850.96070840396,20.809614477679133,709.1034734323621,8968.98874666728
16851.05812235549,20.8113186173141,709.1791301369667,8968.98874666728
16851.793419647962,20.8113186173141,709.1791301369667,8969.513846956193
16852.494327614084,20.818080550059676,709.2440058272332,8969.513846956193
16853.020207323134,20.818080550059676,709.2440058272332,8969.880177285522
16853.09770967625,20.819668611511588,709.3118272516876,8969.880177285522
16853.791312627494,20.819668611511588,709.3118272516876,8970.333429573104
16853.873229919,20.821244472637773,709.3837829492986,8970.333429573104
16854.386370688677,20.821244472637773,709.3837829492986,8970.645874008536
16854.473370643333,20.822911132127047,709.4503932930529,8970.645874008536
16854.949898775667,20.822911132127047,709.4503932930529,8970.959091978148
16856.397365940735,20.83787996508181,709.5018257703632,8970.959091978148
16857.082743871957,20.83787996508181,709.5018257703632,8971.26086615026
16857.169823436067,20.839480383321643,709.5515276733786,8971.26086615026
16857.790013523772,20.839480383321643,709.5515276733786,8971.559062685817
16857.97775082104,20.841163916513324,709.616585817188,8971.559062685817
16858.645669868216,20.841163916513324,709.616585817188,8972.050943790004
16858.72782220319,20.842714024707675,709.6860463228077,8972.050943790004
16859.435671946034,20.842714024707675,709.6860463228077,8972.5993947424
16860.437952328473,20.852210976183414,709.751969942823,8972.5993947424
16860.960352776572,20.852210976183414,709.751969942823,8972.874286815524
16861.039437843487,20.853822587057948,709.814617972821,8972.874286815524
16861.632783472538,20.853822587057948,709.814617972821,8973.222946632653
16861.7217605114,20.855452615767717,709.8860660232604,8973.222946632653
16862.244705699384,20.855452615767717,709.8860660232604,8973.550434123725
16862.390968210995,20.857145827263594,709.9507091697305,8973.550434123725
16862.917200068012,20.857145827263594,709.9507091697305,8973.845894042403
16863.797607921064,20.86222855001688,710.0420705433935,8973.845894042403
16864.32591752708,20.86222855001688,710.0420705433935,8974.225382151082
16864.38585037738,20.86383538879454,710.0922103859484,8974.225382151082
16864.787237603217,20.86383538879454,710.0922103859484,8974.496962822974
16864.85984153673,20.865447856485844,710.1539744511247,8974.496962822974
16865.353706311435,20.865447856485844,710.1539744511247,8974.843186454847
16865.434566494077,20.86703490279615,710.2217403557152,8974.843186454847
16865.99605422467,20.86703490279615,710.2217403557152,8975.244721030816
16867.178708657622,20.871946532279253,710.2789829988033,8975.244721030816
16867.779585914686,20.871946532279253,710.2789829988033,8975.66756201908
16867.86295128055,20.873718224465847,710.3517537228763,8975.66756201908
16868.320664091036,20.873718224465847,710.3517537228763,8975.981802986935
16868.384928632528,20.87533546425402,710.401563918218,8975.981802986935
16868.894387684762,20.87533546425402,710.401563918218,8976.266427299008
16868.956606876105,20.877024145796895,710.4512420836836,8976.266427299008
16869.491632552817,20.877024145796895,710.4512420836836,8976.562585769221
16870.55557844788,20.881835704669356,710.5183562040329,8976.562585769221
16871.097091581672,20.881835704669356,710.5183562040329,8976.89095668681
16871.178066585213,20.883434584364295,710.5868698712438,8976.89095668681
16871.77738396451,20.883434584364295,710.5868698712438,8977.260152194649
16871.880280885845,20.88506061397493,710.6725261993706,8977.260152194649
16872.41629440151,20.88506061397493,710.6725261993706,8977.645558917895
16872.570976188406,20.88673392497003,710.7571046799421,8977.645558917895
16873.295641226694,20.88673392497003,710.7571046799421,8978.157547695562
16873.959500087425,20.896349729970098,710.8242172524333,8978.157547695562
16874.63238395378,20.896349729970098,710.8242172524333,8978.607535004616
16874.792231924832,20.897974209859967,710.9672706648707,8978.607535004616
16875.30688324012,20.897974209859967,710.9672706648707,8978.973928660154
16875.474236646667,20.899709220975637,711.0594318322837,8978.973928660154
16876.148267144337,20.899709220975637,711.0594318322837,8979.310851212591
16876.253580959514,20.901364490389824,711.1435513719916,8979.310851212591
16876.956776948646,20.901364490389824,711.1435513719916,8979.766177268699
16877.858402047306,20.906347109004855,711.2921450547874,8979.766177268699
16878.7108765319,20.906347109004855,711.2921450547874,8980.257284605876
16878.79591437988,20.90795668028295,711.3543492145836,8980.257284605876
16879.472564106807,20.90795668028295,711.3543492145836,8980.775491038337
16879.650319280103,20.90978561155498,711.4089784678072,8980.775491038337
16880.218735996634,20.90978561155498,711.4089784678072,8981.182142749429
16880.360999455675,20.911357950419188,711.5300934016705,8981.182142749429
16881.166086016223,20.911357950419188,711.5300934016705,8981.565547574311
16882.18071936816,20.920711306855083,711.6225724741817,8981.565547574311
16882.798679208383,20.920711306855083,711.6225724741817,8981.880127774552
16882.89610603638,20.922232635319233,711.6944849658757,8981.880127774552
16883.607983144,20.922232635319233,711.6944849658757,8982.194039581344
16883.75702526048,20.923896165564656,711.8258289843798,8982.194039581344
16884.30241973512,20.923896165564656,711.8258289843798,8982.589173190296
16884.362147048116,20.92549223266542,711.8756797593087,8982.589173190296
16884.919259544462,20.92549223266542,711.8756797593087,8982.941609600559
16885.766024664044,20.93034159205854,711.9800074845552,8982.941609600559
16886.310738118365,20.93034159205854,711.9800074845552,8983.304826945066
16886.38199046813,20.931928349658847,712.0412673857063,8983.304826945066
16886.898320171982,20.931928349658847,712.0412673857063,8983.669079998508
16886.992362271994,20.933576749637723,712.1173723135144,8983.669079998508
16887.543416390195,20.933576749637723,712.1173723135144,8984.063467713073
16887.620611315593,20.935157040134072,712.1846756730229,8984.063467713073
16888.586550887674,20.935157040134072,712.1846756730229,8984.554975081235
16889.58089693822,20.940533585846424,712.2649780642241,8984.554975081235
16890.255722599104,20.940533585846424,712.2649780642241,8984.907865678892
16890.35495096445,20.942174775525928,712.3425072655082,8984.907865678892
16890.853033239022,20.942174775525928,712.3425072655082,8985.256210185587
16890.963411571458,20.94377537444234,712.4377480074763,8985.256210185587
16891.716937480494,20.94377537444234,712.4377480074763,8985.748997628689
16891.78010191396,20.945339512079954,712.489328192547,8985.748997628689
16892.253494177014,20.945339512079954,712.489328192547,8986.064839713275
16893.040062988177,20.95080736093223,712.5771006215364,8986.064839713275
16893.631088566035,20.95080736093223,712.5771006215364,8986.43198457919
16893.71784980409,20.952411549165845,712.6511646211147,8986.43198457919
16894.386689769104,20.952411549165845,712.6511646211147,8986.905169200152
16894.47001981549,20.953995717689395,712.7134992424399,8986.905169200152
16895.178264720365,20.953995717689395,712.7134992424399,8987.403484692797
16895.247414184734,20.95558251440525,712.7693834863603,8987.403484692797
16895.977128032595,20.95558251440525,712.7693834863603,8987.96224239096
16896.74356234446,20.960548350587487,712.8574447259307,8987.96224239096
16897.38454678841,20.960548350587487,712.8574447259307,8988.311071358621
16897.452088372782,20.962861012667418,712.9140124525875,8988.311071358621
16897.936897624284,20.962861012667418,712.9140124525875,8988.673658212647
16898.025749748573,20.965306935831904,712.981386942789,8988.673658212647
16898.549937976524,20.965306935831904,712.981386942789,8989.009632019326
16898.639116819948,20.966960536316037,713.0412032138556,8989.009632019326
16899.303147839382,20.966960536316037,713.0412032138556,8989.459360240027
16900.09562223777,20.97177581116557,713.1354269571602,8989.459360240027
16900.667656375095,20.97177581116557,713.1354269571602,8989.859684344381
16900.76110869646,20.973381789401174,713.2194301765412,8989.859684344381
16901.267488904297,20.973381789401174,713.2194301765412,8990.238583732396
16901.378966588527,20.974916875362396,713.3214507903904,8990.238583732396
16902.062689321116,20.974916875362396,713.3214507903904,8990.72318911925
16902.162453573197,20.97654550522566,713.4057998862118,8990.72318911925
16902.79188512452,20.97654550522566,713.4057998862118,8991.135885871947
16903.390079183504,20.981425169855356,713.4879957027733,8991.135885871947
16904.012434946373,20.981425169855356,713.4879957027733,8991.582197360694
16904.17391726747,20.983163790777326,713.5880262292922,8991.582197360694
16904.745707591996,20.983163790777326,713.5880262292922,8991.933014273643
16904.85518343933,20.984721509739757,713.6810021698475,8991.933014273643
16905.39239936322,20.984721509739757,713.6810021698475,8992.276589367539
16905.475629867986,20.986350037157536,713.7546015623957,8992.276589367539
16906.0762469396,20.986350037157536,713.7546015623957,8992.663074223325
16906.71709277667,20.991175701841712,713.8373218607157,8992.663074223325
16907.263239640743,20.991175701841712,713.8373218607157,8993.039407085627
16907.35147131607,20.992840161547065,713.9123442582786,8993.039407085627
16907.970639592037,20.992840161547065,713.9123442582786,8993.487550329417
16908.035113552585,20.994373867288232,713.9673679377884,8993.487550329417
16908.635521220043,20.994373867288232,713.9673679377884,8993.867900155485
16908.736473616213,20.995965614914894,714.0588441435248,8993.867900155485
16909.29265201278,20.995965614914894,714.0588441435248,8994.251511288807
16910.021676672623,21.000924423336983,714.1431296877563,8994.251511288807
16910.69169700332,21.000924423336983,714.1431296877563,8994.67872143723
16910.774105854332,21.00252866372466,714.2161303404719,8994.67872143723
16911.41589559801,21.00252866372466,714.2161303404719,8995.069817267358
16911.485040171072,21.004112381488085,714.2756592407823,8995.069817267358
16911.968208393082,21.004112381488085,714.2756592407823,8995.372741222382
16912.070509763435,21.006759909912944,714.3664096016437,8995.372741222382
16912.540202433243,21.006759909912944,714.3664096016437,8995.658361665905
16913.154017616063,21.012055527418852,714.4500697758049,8995.658361665905
16913.77474048175,21.012055527418852,714.4500697758049,8996.06979355961
16913.86669728346,21.013767959550023,714.5319769755006,8996.06979355961
16914.444175191224,21.013767959550023,714.5319769755006,8996.40088411048
16914.557873636484,21.015405796468258,714.6242174133658,8996.40088411048
16915.227892968804,21.015405796468258,714.6242174133658,8996.807299306616
16915.31865238957,21.01898388750851,714.6975090205669,8996.807299306616
16915.84505419992,21.01898388750851,714.6975090205669,8997.181808019057
16916.858246622607,21.02394767664373,714.7736258488148,8997.181808019057
16917.48675831966,21.02394767664373,714.7736258488148,8997.602164944634
16917.56401963532,21.025607407093048,714.8380999453366,8997.602164944634
16918.268273005262,21.025607407093048,714.8380999453366,8997.968866204843
16918.33947789669,21.02721625752747,714.8871162645519,8997.968866204843
16918.87012950331,21.02721625752747,714.8871162645519,8998.24336223863
16918.953846739605,21.028804644942284,714.9543816614896,8998.24336223863
16919.385772632435,21.028804644942284,714.9543816614896,8998.522981746122
16920.636518973857,21.033848892897367,715.0564400143921,8998.522981746122
16921.531654875726,21.033848892897367,715.0564400143921,8998.905937507749
16921.605992559344,21.035444360226393,715.1104142349213,8998.905937507749
16922.466579191387,21.035444360226393,715.1104142349213,8999.241705484688
16922.55060110055,21.037067968398333,715.1741477902979,8999.241705484688
16923.181044433266,21.037067968398333,715.1741477902979,8999.51151374355
16923.25191819854,21.038592545315623,715.2350707873702,8999.51151374355
16924.31695746444,21.038592545315623,715.2350707873702,8999.77214311622
16928.356018543243,21.043632306158543,715.2994100749493,8999.77214311622
16929.168441759422,21.043632306158543,715.2994100749493,9000.063096756116
16929.248676024377,21.045238733291626,715.3668469656259,9000.063096756116
16929.87978710793,21.045238733291626,715.3668469656259,9000.367626380175
16929.951123472303,21.046841660514474,715.4285979159176,9000.367626380175
16930.593007352203,21.046841660514474,715.4285979159176,9000.723704725504
16930.70447334647,21.04860759153962,715.4849935490638,9000.723704725504
16931.678760424256,21.04860759153962,715.4849935490638,9001.19667652063
16933.810984268785,21.054932169616222,715.5470908973366,9001.19667652063
16934.37227167934,21.054932169616222,715.5470908973366,9001.510525491089
16934.44870093651,21.056477768346667,715.6027113571763,9001.510525491089
16935.128820773214,21.056477768346667,715.6027113571763,9001.841385921463
16935.25589988008,21.058090176433325,715.7132689040154,9001.841385921463
16936.32258396037,21.058090176433325,715.7132689040154,9002.194406520575
16936.515345575288,21.059887427836657,715.7656364440918,9002.194406520575
16937.17566435784,21.059887427836657,715.7656364440918,9002.508941337466
16938.89691114053,21.064834374934435,715.8256979044527,9002.508941337466
16939.571125704795,21.064834374934435,715.8256979044527,9002.786171842366
16939.63856975548,21.066423643380404,715.8788713812828,9002.786171842366
16940.283981204033,21.066423643380404,715.8788713812828,9003.186793858185
16940.344959788024,21.068085456267,715.9301215857267,9003.186793858185
16940.97592752613,21.068085456267,715.9301215857267,9003.592790966853
16941.050512708724,21.069751016795635,715.9840230941772,9003.592790966853
16942.01499332115,21.069751016795635,715.9840230941772,9004.002907650545
16942.90649357438,21.077697617933154,716.0763874631375,9004.002907650545
16943.513528909534,21.077697617933154,716.0763874631375,9004.357102969661
16943.627209594473,21.079314555972815,716.1652047429234,9004.357102969661
16944.303763492033,21.079314555972815,716.1652047429234,9004.800188867375
16944.39429976046,21.080850193277,716.2372921910137,9004.800188867375
16944.93666624464,21.080850193277,716.2372921910137,9005.169127874076
16945.04438849166,21.082458501681685,716.3281836863607,9005.169127874076
16945.537172712386,21.082458501681685,716.3281836863607,9005.430149126798
16946.554438548163,21.088644474744797,716.4298080857843,9005.430149126798
16947.335977923125,21.088644474744797,716.4298080857843,9005.870638990775
16947.3959041927,21.090276643633842,716.4801089409739,9005.870638990775
16948.023001240566,21.090276643633842,716.4801089409739,9006.22199443169
16948.124812800437,21.091852463781834,716.5712149590254,9006.22199443169
16948.776647284627,21.091852463781834,716.5712149590254,9006.62046533823
16948.866019252688,21.093494033440948,716.643082819879,9006.62046533823
16949.353894015774,21.093494033440948,716.643082819879,9006.941817831248
16949.96656523645,21.09852130152285,716.7249370831996,9006.941817831248
16950.40754863806,21.09852130152285,716.7249370831996,9007.251957278699
16950.488105626777,21.100246032699943,716.7913039065897,9007.251957278699
16951.119292547926,21.100246032699943,716.7913039065897,9007.554635323584
16951.212481716648,21.10185324214399,716.870604282245,9007.554635323584
16952.07295963168,21.10185324214399,716.870604282245,9007.837452042848
16952.13914912194,21.103501453995705,716.9259030651301,9007.837452042848
16953.06583393179,21.103501453995705,716.9259030651301,9008.10397336632
16955.472431067377,21.118603574112058,717.0440983623266,9008.10397336632
16956.050773881376,21.118603574112058,717.0440983623266,9008.435144394636
16956.125401563942,21.12028006464243,717.1055805701762,9008.435144394636
16957.03149315156,21.12028006464243,717.1055805701762,9008.873890485615
16957.121485751122,21.12195400521159,717.1790161114186,9008.873890485615
16957.740665489808,21.12195400521159,717.1790161114186,9009.143607856706
16957.806097187102,21.123538663610816,717.2342244647443,9009.143607856706
16958.492165327072,21.123538663610816,717.2342244647443,9009.463562324643
16960.461117448285,21.12857094593346,717.2889935281128,9009.463562324643
16961.159167366102,21.12857094593346,717.2889935281128,9009.798358717933
16961.27093231678,21.133514914661646,717.3593328520656,9009.798358717933
16961.812942888588,21.133514914661646,717.3593328520656,9010.09150076285
16961.89556319453,21.13511006347835,717.4237885717303,9010.09150076285
16962.54384613596,21.13511006347835,717.4237885717303,9010.376723371446
16962.60975493118,21.136831676587462,717.4796736054122,9010.376723371446
16963.25438208878,21.136831676587462,717.4796736054122,9010.688811024651
16965.707989359275,21.144769102334976,717.6116257160902,9010.688811024651
16966.282423755154,21.144769102334976,717.6116257160902,9011.042689042166
16966.35633971542,21.1464118398726,717.6743479836732,9011.042689042166
16967.083493588492,21.1464118398726,717.6743479836732,9011.590675711632
16967.14621143602,21.148019067943096,717.7275663726032,9011.590675711632
16967.798171607777,21.148019067943096,717.7275663726032,9011.919032296166
16967.86856593378,21.150220926851034,717.7859103642404,9011.919032296166
16968.3669789806,21.150220926851034,717.7859103642404,9012.21943404153
16969.528249103576,21.155157638713717,717.8939642608166,9012.21943404153
16970.056684803218,21.155157638713717,717.8939642608166,9012.537516325712
16970.163907431066,21.156802328303456,717.9795806705952,9012.537516325712
16970.8897161521,21.156802328303456,717.9795806705952,9012.969192992896
16971.001602364704,21.15854843892157,718.0704547856003,9012.969192992896
16971.552054520696,21.15854843892157,718.0704547856003,9013.411525141448
16971.625908108428,21.16016628779471,718.125680198893,9013.411525141448
16972.219171203673,21.16016628779471,718.125680198893,9013.719836359844
16974.133098991588,21.165010895580053,718.2040547393262,9013.719836359844
16974.812302794307,21.165010895580053,718.2040547393262,9014.11840824224
16974.955523820594,21.166617205366492,718.2754630148411,9014.11840824224
16975.517269959673,21.166617205366492,718.2754630148411,9014.442989222705
16975.583616463467,21.169041430577636,718.3301318679005,9014.442989222705
16976.235823607072,21.169041430577636,718.3301318679005,9014.771485812962
16976.32973836735,21.171511813998222,718.4124499484897,9014.771485812962
16976.986008960754,21.171511813998222,718.4124499484897,9015.170025503263
16978.361095743254,21.17804686166346,718.4765257909894,9015.170025503263
16979.099354600534,21.17804686166346,718.4765257909894,9015.541703263298
16979.15942288004,21.179581379517913,718.5267737451941,9015.541703263298
16979.914578629658,21.179581379517913,718.5267737451941,9016.044520661235
16979.99340719916,21.181206798180938,718.5833767652512,9016.044520661235
16980.471499511972,21.181206798180938,718.5833767652512,9016.324708586559
16980.58443836309,21.182901859283447,718.6447654422373,9016.324708586559
16981.39404397644,21.182901859283447,718.6447654422373,9016.605110293254
16983.0157486517,21.18793199956417,718.7219743598253,9016.605110293254
16983.617518879473,21.18793199956417,718.7219743598253,9016.936268424615
16983.725967792794,21.1897292714566,718.8106749877334,9016.936268424615
16984.518528636545,21.1897292714566,718.8106749877334,9017.214385380968
16984.665178716183,21.19139365106821,718.8649718947709,9017.214385380968
16985.30662787147,21.19139365106821,718.8649718947709,9017.479546621442
16985.370772756636,21.193013159558177,718.9186326898634,9017.479546621442
16985.813712427393,21.193013159558177,718.9186326898634,9017.75876826793
16988.551486872137,21.199746372178197,718.9763320684433,9017.75876826793
16989.606248127297,21.199746372178197,718.9763320684433,9018.023815108463
16989.672191403806,21.201405791565776,719.0319999288768,9018.023815108463
16990.475710578263,21.201405791565776,719.0319999288768,9018.28720538877
16990.558550460264,21.203935017809272,719.0895421747118,9018.28720538877
16990.99832500331,21.203935017809272,719.0895421747118,9018.543596763164
16991.068627379835,21.20545417442918,719.1399545799941,9018.543596763164
16992.58188124746,21.20545417442918,719.1399545799941,9018.806861422956
16995.499088380486,21.21034648269415,719.2041895557195,9018.806861422956
16996.247553944588,21.21034648269415,719.2041895557195,9019.209354128689
16996.332632407546,21.2124506495893,719.2716688420624,9019.209354128689
16997.410460619256,21.2124506495893,719.2716688420624,9019.573191966861
16997.481669131666,21.213995967060328,719.3333423119038,9019.573191966861
16998.03583282791,21.213995967060328,719.3333423119038,9019.844639563933
16998.09864876792,21.215610364452004,719.3854350075126,9019.844639563933
16998.523433515802,21.215610364452004,719.3854350075126,9020.137608088553
17000.54010207951,21.22076152637601,719.5012653823942,9020.137608088553
17001.42962079309,21.22076152637601,719.5012653823942,9020.521711241454
17001.563237747177,21.22234845533967,719.6156774889678,9020.521711241454
17002.239878032357,21.22234845533967,719.6156774889678,9020.911741191521
17002.313324844465,21.22676269337535,719.6698268223554,9020.911741191521
17002.94019187987,21.22676269337535,719.6698268223554,9021.175946548581
17003.01144107245,21.22836505435407,719.7310330737382,9021.175946548581
17003.671429274604,21.22836505435407,719.7310330737382,9021.511458251625
17006.3809012454,21.233330653980374,719.7936071492732,9021.511458251625
17007.086188843474,21.233330653980374,719.7936071492732,9021.873499071226
17007.326287187636,21.234991554170847,719.8723539561033,9021.873499071226
17008.152209017426,21.234991554170847,719.8723539561033,9022.175926923752
17008.226106528193,21.236637922003865,719.9283216446638,9022.175926923752
17008.674049424008,21.236637922003865,719.9283216446638,9022.506405463442
17008.750948579982,21.238210640847683,719.9854520633817,9022.506405463442
17009.35465135984,21.238210640847683,719.9854520633817,9022.81975293532
17010.42318796739,21.243079598993063,720.0500870086253,9022.81975293532
17010.994711108506,21.243079598993063,720.0500870086253,9023.116740662605
17011.123448995873,21.244668159633875,720.1492525450885,9023.116740662605
17011.94966537319,21.244668159633875,720.1492525450885,9023.402310725302
17012.085168343037,21.246395230293274,720.2309769745916,9023.402310725302
17012.836014263332,21.246395230293274,720.2309769745916,9023.658575979993
17012.970183320343,21.24796132929623,720.3554775360972,9023.658575979993
17013.720171356574,21.24796132929623,720.3554775360972,9023.990096939728
17016.506492020562,21.253123519942164,720.4222032949328,9023.990096939728
17017.440316915512,21.253123519942164,720.4222032949328,9024.267333673313
17017.56142877601,21.254695469513535,720.5040527395904,9024.267333673313
17018.664283178747,21.254695469513535,720.5040527395904,9024.703100468963
17018.874218087643,21.25630635768175,720.5818964317441,9024.703100468963
17019.571241471916,21.25630635768175,720.5818964317441,9025.046574665233
17019.65366571583,21.257964188233018,720.653730886057,9025.046574665233
17020.533692523837,21.257964188233018,720.653730886057,9025.43151670508
17022.725821312517,21.262992199510336,720.7213706020266,9025.43151670508
17023.393139580265,21.262992199510336,720.7213706020266,9025.742265602574
17023.47249645926,21.264596300199628,720.7862490788102,9025.742265602574
17024.42926760018,21.264596300199628,720.7862490788102,9026.169528627768
17024.510304799303,21.266221448779106,720.8529499396682,9026.169528627768
17025.538119571283,21.266221448779106,720.8529499396682,9026.49353288114
17025.61719966866,21.26775997504592,720.9222361873835,9026.49353288114
17026.125299537554,21.26775997504592,720.9222361873835,9026.824428632855
17027.69152660854,21.27268827147782,720.9753486737609,9026.824428632855
17028.36478849128,21.27268827147782,720.9753486737609,9027.202471653
17028.5394551605,21.2743934225291,721.0904641654342,9027.202471653
17029.37714156881,21.2743934225291,721.0904641654342,9027.499034635723
17029.50896161236,21.276010302826762,721.2036370746791,9027.499034635723
17030.15495748818,21.276010302826762,721.2036370746791,9027.873087514192
17030.234227424487,21.27762609347701,721.2700303308666,9027.873087514192
17030.714017808437,21.27762609347701,721.2700303308666,9028.189022025093
17032.57898293063,21.28247862122953,721.340958468616,9028.189022025093
17033.107694732025,21.28247862122953,721.340958468616,9028.460660329089
17033.17356465012,21.284074749797583,721.3974051848054,9028.460660329089
17034.038418879732,21.284074749797583,721.3974051848054,9028.889102468267
17034.152849780396,21.287941958755255,721.4790758155286,9028.889102468267
17034.980298575014,21.287941958755255,721.4790758155286,9029.233704796061
17035.110318735242,21.289595648646355,721.559165418148,9029.233704796061
17035.780360056087,21.289595648646355,721.559165418148,9029.56366028823
17037.016486903653,21.295399885624647,721.624761229381,9029.56366028823
17037.61771416478,21.295399885624647,721.624761229381,9029.84666309692
17037.684208991006,21.296961721032858,721.6810907740146,9029.84666309692
17038.410465145484,21.296961721032858,721.6810907740146,9030.265040565282
17038.4801683221,21.298774171620607,721.7389996983111,9030.265040565282
17038.976012093946,21.298774171620607,721.7389996983111,9030.561193861067
17039.110880343243,21.300378799438477,721.8176703248173,9030.561193861067
17039.850180841982,21.300378799438477,721.8176703248173,9031.00854574889
17041.422755222768,21.30546098202467,721.8737196847796,9031.00854574889
17042.114132387564,21.30546098202467,721.8737196847796,9031.303013224155
17042.188283791766,21.307237423956394,721.9356369003654,9031.303013224155
17042.901357689872,21.307237423956394,721.9356369003654,9031.675500394776
17043.00237567909,21.308871254324913,722.0166483409703,9031.675500394776
17043.63648613356,21.308871254324913,722.0166483409703,9032.056889105588
17043.71240525134,21.31053191423416,722.0822937954217,9032.056889105588
17044.51499569975,21.31053191423416,722.0822937954217,9032.429442107677
17046.390214666724,21.31675493530929,722.190720193088,9032.429442107677
17047.055201968178,21.31675493530929,722.190720193088,9032.783683380112
17047.15480578132,21.31837252341211,722.276645200327,9032.783683380112
17047.590572483838,21.31837252341211,722.276645200327,9033.081001067534
17047.66703321971,21.31997661292553,722.339123185724,9033.081001067534
17048.337251825258,21.31997661292553,722.339123185724,9033.558921258897
17048.39744181931,21.32156273163855,722.3896316755563,9033.558921258897
17049.119824485853,21.32156273163855,722.3896316755563,9034.004889652133
17050.855570999905,21.330644708126783,722.4503718595952,9034.004889652133
17051.867789627984,21.330644708126783,722.4503718595952,9034.296255800873
17051.941734569147,21.332324037328362,722.5077937431633,9034.296255800873
17052.63689971529,21.332324037328362,722.5077937431633,9034.557041270658
17052.705602223054,21.33386804535985,722.558162510395,9034.557041270658
17053.751216564327,21.33386804535985,722.558162510395,9034.92108419165
17053.83558711596,21.335483776405454,722.6081414408982,9034.92108419165
17054.751234414056,21.335483776405454,722.6081414408982,9035.468062287197
17058.126774599776,21.354055374860764,722.6621248032898,9035.468062287197
17058.829151088372,21.354055374860764,722.6621248032898,9035.729078242555
17058.97323883325,21.360652681440115,722.7161143645644,9035.729078242555
17059.397528829053,21.360652681440115,722.7161143645644,9035.985331291333
17059.46059062518,21.362281342968345,722.7700102757663,9035.985331291333
17059.86889166385,21.362281342968345,722.7700102757663,9036.173227187246
17060.265209125355,21.364055555313826,722.8414638638496,9036.173227187246
17060.87618642673,21.364055555313826,722.8414638638496,9036.516020243987
17062.341221647337,21.369036722928286,722.9002516530454,9036.516020243987
17063.251122476533,21.369036722928286,722.9002516530454,9036.816388366744
17063.361255439,21.37060366384685,722.9865883290768,9036.816388366744
17064.259734172374,21.37060366384685,722.9865883290768,9037.246559271589
17064.417936213315,21.372274063527584,723.1133030429482,9037.246559271589
17064.91274672188,21.372274063527584,723.1133030429482,9037.606193903834
17065.13280526735,21.373916633427143,723.2285937704146,9037.606193903834
17065.784205736592,21.373916633427143,723.2285937704146,9037.97159367986
17066.673173259944,21.37885808944702,723.2860738877207,9037.97159367986
17067.170412300155,21.37885808944702,723.2860738877207,9038.293118504807
17067.259684139863,21.380493419244885,723.3626938592643,9038.293118504807
17067.72966820933,21.380493419244885,723.3626938592643,9038.630670620129
17067.805933034047,21.38206397742033,723.4288133308291,9038.630670620129
17068.33339191228,21.38206397742033,723.4288133308291,9038.91809912026
17068.40091953799,21.383729178458452,723.4834976773709,9038.91809912026
17069.244317708537,21.383729178458452,723.4834976773709,9039.340843141079
17070.551926854998,21.38855887390673,723.5625290293247,9039.340843141079
17071.17665378563,21.38855887390673,723.5625290293247,9039.690781237558
17071.364878360182,21.390196662396193,723.6758820824325,9039.690781237558
17072.24868123792,21.390196662396193,723.6758820824325,9040.027744051069
17072.328928396106,21.391793170943856,723.7404019236565,9040.027744051069
17073.098520906642,21.391793170943856,723.7404019236565,9040.354002961889
17073.21888926439,21.393461130559444,723.8438840471208,9040.354002961889
17074.230419948697,21.393461130559444,723.8438840471208,9040.76047555916
17076.881771579385,21.40265456214547,723.9109527152032,9040.76047555916
17077.265293462202,21.40265456214547,723.9109527152032,9040.95120487921
17077.362425463274,21.404228230938315,723.9832538794726,9040.95120487921
17077.908255251125,21.404228230938315,723.9832538794726,9041.317499361932
17077.9888746161,21.405876372009516,724.0510084815323,9041.317499361932
17078.666622731835,21.405876372009516,724.0510084815323,9041.722220405936
17078.769141020253,21.40747621282935,724.1407378595322,9041.722220405936
17079.275613360107,21.40747621282935,724.1407378595322,9042.105807339773
17080.82278172858,21.412611804902554,724.216800391674,9042.105807339773
17081.374600976706,21.412611804902554,724.216800391674,9042.389347082004
17081.45542561449,21.41426419466734,724.274994270876,9042.389347082004
17081.916735809296,21.41426419466734,724.274994270876,9042.695733726025
17082.00167063251,21.415865132585168,724.3505146633834,9042.695733726025
17082.831306008622,21.415865132585168,724.3505146633834,9043.249143561348
17082.935746619478,21.41759330406785,724.4373067077249,9043.249143561348
17083.605171937495,21.41759330406785,724.4373067077249,9043.564292512834
17084.73127769865,21.42297106422484,724.5291632041335,9043.564292512834
17085.403365395963,21.42297106422484,724.5291632041335,9043.852288134396
17085.47417389974,21.424562621861696,724.5890096910298,9043.852288134396
17086.322336131707,21.424562621861696,724.5890096910298,9044.122924901545
17086.40394973196,21.42631223425269,724.6510697882622,9044.122924901545
17087.15936394222,21.42631223425269,724.6510697882622,9044.419158861041
17087.227509869263,21.428028194233775,724.7091825064272,9044.419158861041
17088.41069965996,21.428028194233775,724.7091825064272,9044.803895646706
17089.792135095224,21.438835499808192,724.7918984666467,9044.803895646706
17090.24882883206,21.438835499808192,724.7918984666467,9045.09490518272
17090.41072263941,21.440430099144578,724.8675730843097,9045.09490518272
17091.20869199559,21.440430099144578,724.8675730843097,9045.407047210261
17091.28994780034,21.44278753362596,724.9332867376506,9045.407047210261
17091.974661296234,21.44278753362596,724.9332867376506,9045.833395246416
17092.098349936306,21.444437662139535,725.0351590029895,9045.833395246416
17092.95717740059,21.444437662139535,725.0351590029895,9046.42713486217
17093.88309070468,21.449487421661615,725.1561959274113,9046.42713486217
17094.516706468537,21.449487421661615,725.1561959274113,9046.751707034186
17094.657585419714,21.45113869011402,725.2816615197808,9046.751707034186
17095.343084067106,21.45113869011402,725.2816615197808,9047.11551935412
17095.4236492794,21.45279708877206,725.3400630429387,9047.11551935412
17095.984089715406,21.45279708877206,725.3400630429387,9047.439099110663
17096.048544848338,21.454432466998696,725.3906656671315,9047.439099110663
17096.657738864422,21.454432466998696,725.3906656671315,9047.814679753035
17099.094821376726,21.460871890187263,725.4659497030079,9047.814679753035
17099.71718624793,21.460871890187263,725.4659497030079,9048.154617032036
17099.849450163543,21.462549237534404,725.5341731905937,9048.154617032036
17100.495944151655,21.462549237534404,725.5341731905937,9048.418276235461
17100.666386174038,21.46430740877986,725.5923201981932,9048.418276235461
17101.39095584862,21.46430740877986,725.5923201981932,9048.6921792645
17101.499986045063,21.465960999950767,725.684144333005,9048.6921792645
17102.15813100338,21.465960999950767,725.684144333005,9049.112877521664
17103.881818786263,21.470947690308094,725.7576986197382,9049.112877521664
17104.554092187434,21.470947690308094,725.7576986197382,9049.469238627702
17104.688411371782,21.47276590578258,725.8173059429973,9049.469238627702
17105.138194661587,21.47276590578258,725.8173059429973,9049.742975784466
17105.20352468081,21.474276842549443,725.8708773683757,9049.742975784466
17105.794485416263,21.474276842549443,725.8708773683757,9050.051987785846
17105.870426695794,21.475859412923455,725.9359964411706,9050.051987785846
17106.564438052475,21.475859412923455,725.9359964411706,9050.425490988418
17108.162360416725,21.483219953253865,725.9980985410511,9050.425490988418
17108.74209492281,21.483219953253865,725.9980985410511,9050.749489743263
17108.836508315057,21.48490147292614,726.0791419520974,9050.749489743263
17109.293401276693,21.48490147292614,726.0791419520974,9051.06573690474
17109.487922284752,21.486806677654386,726.1762655451894,9051.06573690474
17110.050614280626,21.486806677654386,726.1762655451894,9051.398622917011
17110.12258923985,21.488370338454843,726.2351784780622,9051.398622917011
17111.265400048345,21.488370338454843,726.2351784780622,9051.796242397279
17114.814831031486,21.493378277868032,726.3189840205014,9051.796242397279
17115.378309756517,21.493378277868032,726.3189840205014,9052.097013864666
17115.4491282925,21.494989026337862,726.3761292416602,9052.097013864666
17116.249871555716,21.494989026337862,726.3761292416602,9052.362604698166
17116.329869747162,21.496578143909574,726.4422884359956,9052.362604698166
17117.189803047106,21.496578143909574,726.4422884359956,9052.578438721597
17117.263779681176,21.49826230481267,726.4963171035051,9052.578438721597
17117.90355975181,21.49826230481267,726.4963171035051,9052.995602987707
17118.856117002666,21.50745009072125,726.564619095996,9052.995602987707
17119.600106751546,21.50745009072125,726.564619095996,9053.34697140567
17119.711616404355,21.509030148386955,726.651575056836,9053.34697140567
17120.263348773122,21.509030148386955,726.651575056836,9053.752066962421
17120.354047229514,21.5106507781893,726.7292924895883,9053.752066962421
17121.052335435525,21.5106507781893,726.7292924895883,9054.285939922556
17121.150472635403,21.5122557785362,726.800779748708,9054.285939922556
17121.9517557472,21.5122557785362,726.800779748708,9054.685389736667
17122.897537736222,21.517280319705606,726.9586223065853,9054.685389736667
17123.488899454474,21.517280319705606,726.9586223065853,9055.038755401969
17123.580382164568,21.518821017816663,727.0357887111604,9055.038755401969
17124.37643255107,21.518821017816663,727.0357887111604,9055.564644509926
17124.5527659636,21.521197909489274,727.1079205647111,9055.564644509926
17125.265791455284,21.521197909489274,727.1079205647111,9055.914445258677
17125.466504415497,21.522796366363764,727.2049713842571,9055.914445258677
17126.228504711762,21.522796366363764,727.2049713842571,9056.339817622676
17128.4964135997,21.5295402482152,727.2954167351127,9056.339817622676
17129.031352391466,21.5295402482152,727.2954167351127,9056.659993985668
17129.32865200378,21.531238229945302,727.3757023736835,9056.659993985668
17130.24084254913,21.531238229945302,727.3757023736835,9056.931987060234
17130.330210162327,21.532881589606404,727.4267294537276,9056.931987060234
17130.921918826178,21.532881589606404,727.4267294537276,9057.2323724702
17131.2206808161,21.534621130675077,727.4913323987275,9057.2323724702
17132.211836086586,21.534621130675077,727.4913323987275,9057.547750599682
17135.154976032674,21.539484456181526,727.5662180315703,9057.547750599682
17135.67061859183,21.539484456181526,727.5662180315703,9057.86773830466
17135.748480467126,21.541665945202112,727.6205906439573,9057.86773830466
17136.23629293777,21.541665945202112,727.6205906439573,9058.16659605503
17136.305312223732,21.543230913579464,727.6766219362617,9058.16659605503
17136.910615924746,21.543230913579464,727.6766219362617,9058.435039896518
17136.98236509785,21.545148011296988,727.7339269928634,9058.435039896518
17137.80699290335,21.545148011296988,727.7339269928634,9058.697398301214
17139.522162759677,21.553337581455708,727.8126712348312,9058.697398301214
17140.882119785994,21.553337581455708,727.8126712348312,9059.140075838193
17141.03599368222,21.555058673024178,727.9327321387827,9059.140075838193
17141.874908227473,21.555058673024178,727.9327321387827,9059.461692532524
17141.950541192666,21.556683663278818,727.9978546034545,9059.461692532524
17142.677096860483,21.556683663278818,727.9978546034545,9059.789860771969
17142.92188664712,21.558404564857483,728.0481074694544,9059.789860771969
17143.475120579824,21.558404564857483,728.0481074694544,9060.064097611234
17146.52558190748,21.5634100176394,728.1332919467241,9060.064097611234
17147.47355285473,21.5634100176394,728.1332919467241,9060.360234286636
17147.841190367937,21.565193369984627,728.1969122849405,9060.360234286636
17148.65078685619,21.565193369984627,728.1969122849405,9060.721627986059
17148.721380079165,21.56674265116453,728.257677000016,9060.721627986059
17149.224848214537,21.56674265116453,728.257677000016,9060.98506532982
17149.43347963877,21.568440571427345,728.3381498623639,9060.98506532982
17149.96100462787,21.568440571427345,728.3381498623639,9061.261044926941
17151.342057935894,21.573388488963246,728.4484982937574,9061.261044926941
17152.064408961684,21.573388488963246,728.4484982937574,9061.683173585683
17152.20910704322,21.575141921639442,728.512742722407,9061.683173585683
17152.867702107877,21.575141921639442,728.512742722407,9061.979834306985
17152.961942698807,21.582125436514616,728.571898907423,9061.979834306985
17153.488387208432,21.582125436514616,728.571898907423,9062.266869513318
17153.577095728368,21.583843767642975,728.6503903642297,9062.266869513318
17154.35536434129,21.583843767642975,728.6503903642297,9062.544175144285
17155.943612311035,21.589220004156232,728.7187870685011,9062.544175144285
17156.505469331518,21.589220004156232,728.7187870685011,9062.819796936586
17156.58370047249,21.590860022231936,728.7868832796812,9062.819796936586
17157.191316677257,21.590860022231936,728.7868832796812,9063.174295192584
17157.28975412436,21.59245540201664,728.8733897712082,9063.174295192584
17157.8542456422,21.59245540201664,728.8733897712082,9063.525571031496
17157.926391893998,21.594006510451436,728.9340904653072,9063.525571031496
17158.561476403847,21.594006510451436,728.9340904653072,9063.8822093606
17159.94446582161,21.59900453314185,728.9973207246512,9063.8822093606
17160.63347241655,21.59900453314185,728.9973207246512,9064.273345250636
17160.727584604174,21.600596521049738,729.0775921419263,9064.273345250636
17161.25776543282,21.600596521049738,729.0775921419263,9064.582174574956
17161.355797672644,21.602140268310905,729.1434175185859,9064.582174574956
17161.929532505572,21.602140268310905,729.1434175185859,9064.892669389024
17162.002891410142,21.60381706058979,729.203952299431,9064.892669389024
17162.40487021394,21.60381706058979,729.203952299431,9065.172037921846
17163.8450945355,21.608737021684647,729.2635702453554,9065.172037921846
17164.536913504824,21.608737021684647,729.2635702453554,9065.557814354077
17164.61517569609,21.610405813902617,729.3317804764956,9065.557814354077
17165.242691149935,21.610405813902617,729.3317804764956,9065.905352314934
17165.331323919818,21.611984591931105,729.4107888899744,9065.905352314934
17166.03229033202,21.611984591931105,729.4107888899744,9066.371328841895
17166.09858907573,21.613592091947794,729.4677587300539,9066.371328841895
17166.73644520715,21.613592091947794,729.4677587300539,9066.754876365885
17168.010723777115,21.618522690609097,729.5316453445703,9066.754876365885
17168.558542456478,21.618522690609097,729.5316453445703,9067.117336627096
17168.63633218035,21.620125407353044,729.5954844448715,9067.117336627096
17169.280213290825,21.620125407353044,729.5954844448715,9067.439855458215
17169.39815223962,21.621803617104888,729.6641773246229,9067.439855458215
17169.959934268147,21.621803617104888,729.6641773246229,9067.761613873765
17170.13476458378,21.62344398535788,729.7819442898035,9067.761613873765
17170.92755644396,21.62344398535788,729.7819442898035,9068.1912793573
17173.063987923786,21.629319570958614,729.8485473226756,9068.1912793573
17173.767006523907,21.629319570958614,729.8485473226756,9068.55252772756
17173.831387815997,21.630917448550463,729.9011856541038,9068.55252772756
17174.29464488849,21.630917448550463,729.9011856541038,9068.879122052342
17174.480018611997,21.632653538137674,729.9706192985177,9068.879122052342
17175.159015968442,21.632653538137674,729.9706192985177,9069.23258696124
17175.287215603516,21.639423241838813,730.0440588630736,9069.23258696124
17175.87894915417,21.639423241838813,730.0440588630736,9069.530697474256
17177.986360114068,21.646481418982148,730.0979874599725,9069.530697474256
17178.63457895629,21.646481418982148,730.0979874599725,9069.898135690019
17178.749601699412,21.649042094126344,730.1649992894381,9069.898135690019
17179.417231511325,21.649042094126344,730.1649992894381,9070.286858726293
17179.570549929515,21.650652524083853,730.23201196827,9070.286858726293
17180.131904484704,21.650652524083853,730.23201196827,9070.593341765925
17180.19630069658,21.652279073372483,730.283044513315,9070.593341765925
17180.81371641904,21.652279073372483,730.283044513315,9070.90968682617
17183.262831080705,21.657154232263565,730.3847572505474,9070.90968682617
17183.965474635363,21.657154232263565,730.3847572505474,9071.223995860666
17184.044570771977,21.658709220588207,730.4425607733428,9071.223995860666
17184.854381382465,21.658709220588207,730.4425607733428,9071.60997980833
17184.96949695982,21.66032479889691,730.5326105877757,9071.60997980833
17186.167086659,21.66032479889691,730.5326105877757,9071.923778561875
17186.468131063506,21.670392947271466,730.6005682758987,9071.923778561875
17187.1348183807,21.670392947271466,730.6005682758987,9072.192188197747
17189.51694337465,21.68355194479227,730.6808689255267,9072.192188197747
17190.19227239676,21.68355194479227,730.6808689255267,9072.518543059006
17190.33909565583,21.685210583731532,730.8090745192021,9072.518543059006
17191.087095292285,21.685210583731532,730.8090745192021,9072.962084207684
17191.174186572433,21.68716299906373,730.8812666330487,9072.962084207684
17191.83254398778,21.68716299906373,730.8812666330487,9073.260256711394
17191.94381279871,21.688822267577052,730.9556837175041,9073.260256711394
17192.366259176284,21.688822267577052,730.9556837175041,9073.547207811847
17193.259784875438,21.69996857829392,731.0528025422245,9073.547207811847
17193.920915652066,21.69996857829392,731.0528025422245,9073.983198883012
17194.002659598365,21.70149893499911,731.1160195022821,9073.983198883012
17194.696292920038,21.70149893499911,731.1160195022821,9074.412974743173
17194.78198955953,21.703041583299637,731.1919985935092,9074.412974743173
17195.431517696008,21.703041583299637,731.1919985935092,9074.781473254785
17195.512169661,21.70463628321886,731.2625902574509,9074.781473254785
17196.06010563299,21.70463628321886,731.2625902574509,9075.184278097004
17197.039215842262,21.709943402558565,731.3706853613257,9075.184278097004
17197.566074503586,21.709943402558565,731.3706853613257,9075.474101509899
17197.787073604763,21.71175278350711,731.4557724669576,9075.474101509899
17198.489446455613,21.71175278350711,731.4557724669576,9075.88646998629
17198.58805992827,21.71334092132747,731.543632151559,9075.88646998629
17199.096424555406,21.71334092132747,731.543632151559,9076.282773476094
17199.15775868483,21.71491413936019,731.5939033180475,9076.282773476094
17199.737615421414,21.71491413936019,731.5939033180475,9076.617118719965
17200.78181829676,21.719904970377684,731.6699758805335,9076.617118719965
17202.531063629314,21.719904970377684,731.6699758805335,9077.196652391925
17202.616053264588,21.72155329026282,731.7433797772974,9077.196652391925
17203.201873164624,21.72155329026282,731.7433797772974,9077.4877090659
17203.28941652365,21.72319781035185,731.8192739170045,9077.4877090659
17203.86346918717,21.72319781035185,731.8192739170045,9077.786817507818
17203.9815377295,21.724823031574488,731.9277105461806,9077.786817507818
17204.69493071176,21.724823031574488,731.9277105461806,9078.09296040237
17207.075076309964,21.72980967350304,731.9811814222485,9078.09296040237
17207.71015510708,21.72980967350304,731.9811814222485,9078.41194092296
17207.80614135973,21.731429014354944,732.0632789824158,9078.41194092296
17208.61957193911,21.731429014354944,732.0632789824158,9078.824786586687
17208.688030803576,21.732991533353925,732.1182634569705,9078.824786586687
17209.77738760598,21.732991533353925,732.1182634569705,9079.126815777272
17209.866736339405,21.73458274267614,732.1938550602645,9079.126815777272
17210.491237556562,21.73458274267614,732.1938550602645,9079.40551999025
17212.267302619293,21.741156369447708,732.2581076398492,9079.40551999025
17213.303114363924,21.741156369447708,732.2581076398492,9079.6991528254
17213.601389000192,21.742792818695307,732.3165995646268,9079.6991528254
17214.5623471234,21.742792818695307,732.3165995646268,9080.068614369258
17214.696973323822,21.74768467620015,732.4067236613482,9080.068614369258
17215.408083975315,21.74768467620015,732.4067236613482,9080.392754452303
17215.50580132194,21.749300226569176,732.4916261062026,9080.392754452303
17216.007999012247,21.749300226569176,732.4916261062026,9080.685399197042
17217.088372671977,21.754217136651278,732.5649352613837,9080.685399197042
17217.82781842351,21.754217136651278,732.5649352613837,9081.134775431827
17217.949459461495,21.75589513592422,732.6673204228282,9081.134775431827
17218.668097488582,21.75589513592422,732.6673204228282,9081.585745075718
17218.763128096238,21.76563244126737,732.7386130411178,9081.585745075718
17219.41023267992,21.76563244126737,732.7386130411178,9081.91191790253
17219.505403799936,21.767311630770564,732.8207799550146,9081.91191790253
17220.11033577472,21.767311630770564,732.8207799550146,9082.25301378034
17221.598884275183,21.777630247175694,732.9468415994197,9082.25301378034
17222.45814004354,21.777630247175694,732.9468415994197,9082.798382578418
17222.61303856224,21.77926843613386,733.0304295383394,9082.798382578418
17223.259442435578,21.77926843613386,733.0304295383394,9083.270530786365
17223.360035343096,21.780832704156637,733.1168078295887,9083.270530786365
17223.992096997797,21.780832704156637,733.1168078295887,9083.576849667355
17224.069280762225,21.78250166401267,733.1832900494337,9083.576849667355
17224.63909373246,21.78250166401267,733.1832900494337,9083.858505345881
17226.50102746114,21.7875899951905,733.3485096134245,9083.858505345881
17227.293874660507,21.7875899951905,733.3485096134245,9084.190380968153
17227.401242060587,21.789195522665977,733.4437516443431,9084.190380968153
17228.050259212032,21.789195522665977,733.4437516443431,9084.528508577496
17228.124151436612,21.794248903170228,733.4991189036518,9084.528508577496
17228.768125157803,21.794248903170228,733.4991189036518,9084.91001659818
17228.891242142767,21.79949127882719,733.5636403728276,9084.91001659818
17229.487457700074,21.79949127882719,733.5636403728276,9085.320053715259
17231.067133691162,21.807655038312078,733.6157102342695,9085.320053715259
17231.813608026132,21.807655038312078,733.6157102342695,9085.673047918826
17231.921237189323,21.80942044965923,733.7090100180358,9085.673047918826
17232.704109529033,21.80942044965923,733.7090100180358,9086.13646071963
17232.779182216153,21.81677744165063,733.7669122125953,9086.13646071963
17233.34021296911,21.81677744165063,733.7669122125953,9086.435974668711
17233.48332027532,21.81848935224116,733.8284744154662,9086.435974668711
17234.178410500288,21.81848935224116,733.8284744154662,9086.838993698359
17236.05248023942,21.82345968298614,733.8923119790852,9086.838993698359
17236.916311396286,21.82345968298614,733.8923119790852,9087.188856445253
17237.018256586045,21.825224267318845,733.9745088629425,9087.188856445253
17237.60975669138,21.825224267318845,733.9745088629425,9087.557657886297
17237.78057408519,21.826914267614484,734.0490738805383,9087.557657886297
17238.618159335107,21.826914267614484,734.0490738805383,9088.128234092146
17238.724154692143,21.828466394916177,734.1372209843248,9088.128234092146
17239.52217344567,21.828466394916177,734.1372209843248,9088.545304415748
17240.83024708368,21.833371056243777,734.208483569324,9088.545304415748
17241.454096544534,21.833371056243777,734.208483569324,9088.981202952564
17241.59850999154,21.83518168888986,734.2590502053499,9088.981202952564
17242.617779603228,21.83518168888986,734.2590502053499,9089.64984248951
17243.061900068074,21.83698738925159,734.3579551279545,9089.64984248951
17243.930717203766,21.83698738925159,734.3579551279545,9089.982695663348
17244.253370100632,21.838612969964743,734.4529727511108,9089.982695663348
17245.03247218579,21.838612969964743,734.4529727511108,9090.344436939806
17248.441789885983,21.84404931589961,734.5153090786189,9090.344436939806
17249.268831988797,21.84404931589961,734.5153090786189,9090.616874864325
17249.349222680554,21.845650466158986,734.585076758638,9090.616874864325
17250.038290617988,21.845650466158986,734.585076758638,9090.799950249493
17250.281522082165,21.847361067309976,734.6370870396495,9090.799950249493
17250.961805511266,21.847361067309976,734.6370870396495,9091.233727827668
17251.5056343358,21.849062418565154,734.730722669512,9091.233727827668
17252.095955491066,21.849062418565154,734.730722669512,9091.559650635347
17253.630571147427,21.853972209617496,734.7953334972262,9091.559650635347
17254.024992663413,21.853972209617496,734.7953334972262,9091.834727866575
17254.085884451866,21.855590481311083,734.8344601523131,9091.834727866575
17254.682664355263,21.855590481311083,734.8344601523131,9092.143607076257
17254.756953215227,21.857187731191516,734.8860687352717,9092.143607076257
17255.497377693653,21.857187731191516,734.8860687352717,9092.47968544811
17255.69864317961,21.859028074890375,734.9401871431619,9092.47968544811
17256.56931053102,21.859028074890375,734.9401871431619,9092.897465195507
17258.642822463065,21.86650955863297,735.0011716652662,9092.897465195507
17259.270702898502,21.86650955863297,735.0011716652662,9093.184668546543
17259.396867055446,21.8681154679507,735.1033911705017,9093.184668546543
17259.881362432614,21.8681154679507,735.1033911705017,9093.472924347967
17259.96945288405,21.869699025526643,735.1776817515492,9093.472924347967
17260.757256567478,21.869699025526643,735.1776817515492,9093.906955910847
17260.8979396075,21.8712822124362,735.309081947431,9093.906955910847
17261.64365094155,21.8712822124362,735.309081947431,9094.314564565197
17263.52777231671,21.876294143497944,735.4411476552486,9094.314564565197
17264.355710135773,21.876294143497944,735.4411476552486,9094.809705659747
17264.561882449314,21.878087144345045,735.5083056483418,9094.809705659747
17265.182777708396,21.878087144345045,735.5083056483418,9095.14995934628
17265.293359296396,21.885557496920228,735.5893909446895,9095.14995934628
17266.242068668827,21.885557496920228,735.5893909446895,9095.423769744113
17266.352625595406,21.887188917025924,735.6859572399408,9095.423769744113
17267.176823867485,21.887188917025924,735.6859572399408,9095.914591761306
17268.171805268154,21.892164889723063,735.754426067695,9095.914591761306
17269.09403712116,21.892164889723063,735.754426067695,9096.31869941391
17269.1941121798,21.89375240728259,735.8375137578696,9096.31869941391
17270.28809990734,21.89375240728259,735.8375137578696,9096.649965802208
17270.37925693579,21.90023347362876,735.9074073508382,9096.649965802208
17270.930915193632,21.90023347362876,735.9074073508382,9096.93689260818
17270.998662488535,21.901866933330894,735.9648207593709,9096.93689260818
17271.516445873305,21.901866933330894,735.9648207593709,9097.192321695387
17273.970299156383,21.906824603676796,736.0662945136428,9097.192321695387
17274.72125754878,21.906824603676796,736.0662945136428,9097.540747351944
17274.82844936475,21.90842831134796,736.1490331180394,9097.540747351944
17275.99762189947,21.90842831134796,736.1490331180394,9098.08407445997
17276.081319734454,21.909994268789887,736.2089487425983,9098.08407445997
17276.63789255917,21.909994268789887,736.2089487425983,9098.48851700686
17276.699763799086,21.91154775582254,736.2578589990735,9098.48851700686
17277.4595088996,21.91154775582254,736.2578589990735,9098.945873759687
17278.514016643167,21.920661190524697,736.3935984317213,9098.945873759687
17279.23532119021,21.920661190524697,736.3935984317213,9099.48611523211
17279.30165508762,21.92228308133781,736.4428853020072,9099.48611523211
17279.879775168374,21.92228308133781,736.4428853020072,9099.88218406029
17279.99247785099,21.92391498014331,736.5155734177679,9099.88218406029
17280.78873379156,21.92391498014331,736.5155734177679,9100.429154995829
17280.86909327656,21.925708912312984,736.5739470031112,9100.429154995829
17281.383962269872,21.925708912312984,736.5739470031112,9100.738420583308
17283.153307516128,21.930627670139074,736.6383899264038,9100.738420583308
17284.033080495894,21.930627670139074,736.6383899264038,9101.000355506316
17284.148189036176,21.932390861213207,736.7274394743145,9101.000355506316
17284.914671136066,21.932390861213207,736.7274394743145,9101.486255368218
17285.028017945588,21.934049202129245,736.8207497689873,9101.486255368218
17285.72979398817,21.934049202129245,736.8207497689873,9101.89925872162
17285.816474363208,21.935648960992694,736.892438005656,9101.89925872162
17286.493808355182,21.935648960992694,736.892438005656,9102.242623627186
17288.60528049618,21.94381179101765,736.9591854419559,9102.242623627186
17289.30540217273,21.94381179101765,736.9591854419559,9102.607690194622
17289.372478511184,21.945403289049864,737.0170190464705,9102.607690194622
17290.045040227473,21.945403289049864,737.0170190464705,9103.020767888054
17290.159556958824,21.947149632498622,737.0948711521924,9103.020767888054
17291.01815940626,21.947149632498622,737.0948711521924,9103.580201169476
17291.095115276054,21.948771549388766,737.154423519969,9103.580201169476
17291.846141491085,21.948771549388766,737.154423519969,9104.008265348151
17292.990708068013,21.954289849847555,737.2058506794274,9104.008265348151
17293.58578938432,21.954289849847555,737.2058506794274,9104.329569276422
17293.680363431573,21.95587471872568,737.2877615299076,9104.329569276422
17294.356137245893,21.95587471872568,737.2877615299076,9104.674662552774
17294.528604712337,21.95741461776197,737.3858017809689,9104.674662552774
17295.235305175185,21.95741461776197,737.3858017809689,9105.140675857663
17295.314509527758,21.959699898958206,737.4482829794288,9105.140675857663
17295.968680191785,21.959699898958206,737.4482829794288,9105.546732796356
17298.016063647345,21.964625215157866,737.5083640962839,9105.546732796356
17298.56476821564,21.964625215157866,737.5083640962839,9105.854914758354
17298.64672607556,21.96623733267188,737.579970350489,9105.854914758354
17299.33537584357,21.96623733267188,737.579970350489,9106.284684626386
17299.424191920087,21.96784578077495,737.6552860997617,9106.284684626386
17300.236989032477,21.96784578077495,737.6552860997617,9106.760486576706
17300.365892879665,21.969431156292558,737.7462543640286,9106.760486576706
17301.037932718173,21.969431156292558,737.7462543640286,9107.248760253191
17302.354751229286,21.974361184984446,737.846971385181,9107.248760253191
17303.125954411924,21.974361184984446,737.846971385181,9107.640868030488
17303.24933323264,21.97602085582912,737.9116836246103,9107.640868030488
17303.749115316197,21.97602085582912,737.9116836246103,9107.923198394477
17303.830484436825,21.97762495651841,737.9611292891204,9107.923198394477
17304.395924406126,21.97762495651841,737.9611292891204,9108.226138379425
17304.539508702233,21.97994986921549,738.0289727952331,9108.226138379425
17305.290709540248,21.97994986921549,738.0289727952331,9108.640942776576
17306.36644571647,21.98487501963973,738.0909831561148,9108.640942776576
17306.992341719568,21.98487501963973,738.0909831561148,9109.019101021811
17307.055395079777,21.986464077606797,738.14401948452,9109.019101021811
17307.585313487798,21.986464077606797,738.14401948452,9109.300699820742
17307.688555603847,21.988069647923112,738.206518445164,9109.300699820742
17308.266831077635,21.988069647923112,738.206518445164,9109.63438353315
17308.332722427323,21.98962321691215,738.2609602995217,9109.63438353315
17308.98353210464,21.98962321691215,738.2609602995217,9109.935986125842
17310.51198136434,21.994443584233522,738.3889683242887,9109.935986125842
17311.154574539512,21.994443584233522,738.3889683242887,9110.356329584494
17311.21943625249,21.996197927743196,738.4392286036164,9110.356329584494
17312.374937692657,21.996197927743196,738.4392286036164,9110.838349888101
17312.45411868207,21.9978508669883,738.5074552949518,9110.838349888101
17313.257958352566,21.9978508669883,738.5074552949518,9111.15013518557
17313.331030804664,21.999408217146993,738.5618681684136,9111.15013518557
17313.924873419106,21.999408217146993,738.5618681684136,9111.436985250562
17317.74852454476,22.00426885485649,738.6675680782646,9111.436985250562
17318.393668835983,22.00426885485649,738.6675680782646,9111.728594072163
17318.486565425992,22.00587334483862,738.7501620016992,9111.728594072163
17319.133083103225,22.00587334483862,738.7501620016992,9112.096214037389
17319.196508459747,22.00751564465463,738.8002220354974,9112.096214037389
17319.653525864705,22.00751564465463,738.8002220354974,9112.43199328892
17319.76304036379,22.00927021726966,738.8881442528218,9112.43199328892
17320.630502736196,22.00927021726966,738.8881442528218,9112.98172037676
17321.921254491434,22.014142045751214,738.9615737497807,9112.98172037676
17322.7585927397,22.014142045751214,738.9615737497807,9113.418671876192
17322.84125175327,22.015701413154602,739.0168135277927,9113.418671876192
17323.76037481986,22.015701413154602,739.0168135277927,9113.788397060707
17324.085427027196,22.017374696210027,739.0884806141257,9113.788397060707
17324.93780513853,22.017374696210027,739.0884806141257,9114.06773456186
17325.008952954784,22.019020456820726,739.1413435190916,9114.06773456186
17325.768503468484,22.019020456820726,739.1413435190916,9114.479715956375
17328.25010460429,22.026892628520727,739.2024355549365,9114.479715956375
17329.048434395343,22.026892628520727,739.2024355549365,9114.777595425025
17329.137604147196,22.028541397303343,739.2666671387851,9114.777595425025
17330.29373372346,22.028541397303343,739.2666671387851,9115.243804292753
17330.407627951354,22.030190236866474,739.3524537310004,9115.243804292753
17331.02262643166,22.030190236866474,739.3524537310004,9115.549560241401
17331.150936812162,22.031872186809778,739.4599384833127,9115.549560241401
17332.331990024075,22.031872186809778,739.4599384833127,9116.007547950372
17334.733729580417,22.037202207371593,739.5424226559699,9116.007547950372
17335.26390707679,22.037202207371593,739.5424226559699,9116.33542534709
17335.405421324074,22.03979852423072,739.6566182523966,9116.33542534709
17336.06506029144,22.03979852423072,739.6566182523966,9116.731321267784
17336.217882143334,22.041432222351432,739.7925633694977,9116.731321267784
17336.98931808397,22.041432222351432,739.7925633694977,9117.26900442876
17337.300811175257,22.043082501739264,739.8698601461947,9117.26900442876
17337.82258019969,22.043082501739264,739.8698601461947,9117.624563958496
17339.51141744852,22.04801745340228,739.9402881190181,9117.624563958496
17340.101634280756,22.04801745340228,739.9402881190181,9117.991068534553
17340.219498591498,22.049670323729515,740.0290025435388,9117.991068534553
17340.964727606624,22.049670323729515,740.0290025435388,9118.379365824163
17341.053483091295,22.051284911110997,740.0994556266814,9118.379365824163
17342.104366023093,22.051284911110997,740.0994556266814,9118.73162767291
17342.184215808287,22.052949011325836,740.1655079908669,9118.73162767291
17342.9435975682,22.052949011325836,740.1655079908669,9119.01010160707
17345.615665396675,22.058037603273988,740.2386454213411,9119.01010160707
17346.162345383316,22.058037603273988,740.2386454213411,9119.388983298093
17346.28294740431,22.059653462842107,740.287103286013,9119.388983298093
17346.825072135776,22.059653462842107,740.287103286013,9119.70459705405
17346.937471028417,22.06122887134552,740.386491432786,9119.70459705405
17347.62349038385,22.06122887134552,740.386491432786,9119.993823533878
17347.7519937288,22.06281479075551,740.4968498572707,9119.993823533878
17348.619928713888,22.06281479075551,740.4968498572707,9120.280888354406
17350.90925710462,22.076760224997997,740.5767884645611,9120.280888354406
17351.40424319543,22.076760224997997,740.5767884645611,9120.58979538083
17351.46547923237,22.078503467142582,740.6276652850211,9120.58979538083
17352.130939286202,22.078503467142582,740.6276652850211,9120.962373008952
17352.190569693223,22.08021003752947,740.6775308661163,9120.962373008952
17352.96236286126,22.08021003752947,740.6775308661163,9121.393257400021
17353.05711043626,22.081893648952246,740.7549739964306,9121.393257400021
17353.702472295612,22.081893648952246,740.7549739964306,9121.853928223252
17355.950239645317,22.086783627048135,740.8106662016362,9121.853928223252
17356.613333757967,22.086783627048135,740.8106662016362,9122.182060627267
17356.69662214443,22.088459776714444,740.8798185419291,9122.182060627267
17357.6132878121,22.088459776714444,740.8798185419291,9122.78711966984
17357.711416475475,22.094096599146724,740.9501966256648,9122.78711966984
17358.623922048137,22.094096599146724,740.9501966256648,9123.23455790244
17358.740815011784,22.09572950936854,741.0450545735657,9123.23455790244
17359.53986829333,22.09572950936854,741.0450545735657,9123.69978849776
17361.769297564402,22.10076367855072,741.0981283131987,9123.69978849776
17362.466129928827,22.10076367855072,741.0981283131987,9124.133857207373
17362.644828718156,22.102440059185028,741.2224512211978,9124.133857207373
17363.403307706118,22.102440059185028,741.2224512211978,9124.58468971029
17363.47947360389,22.10406032949686,741.2844646126032,9124.58468971029
17364.199427576736,22.10406032949686,741.2844646126032,9125.073136365041
17364.28828511201,22.10568124987185,741.3364008832723,9125.073136365041
17364.9593836274,22.10568124987185,741.3364008832723,9125.522796776146
17366.22900551185,22.112744338810444,741.4270946830511,9125.522796776146
17366.91242409125,22.112744338810444,741.4270946830511,9125.826595630497
17367.04389188066,22.11440021917224,741.5411848071963,9125.826595630497
17367.622394392267,22.11440021917224,741.5411848071963,9126.132126426324
17367.759960860014,22.116016468033195,741.6248050089926,9126.132126426324
17368.4107221514,22.116016468033195,741.6248050089926,9126.551250677556
17368.575735926628,22.11761120893061,741.7660875767469,9126.551250677556
17369.360405627638,22.11761120893061,741.7660875767469,9127.054042331874
17371.007762413472,22.122626861557364,741.8487650714815,9127.054042331874
17371.595623815432,22.122626861557364,741.8487650714815,9127.380124179646
17371.740055399016,22.12424569018185,741.9634252469987,9127.380124179646
17372.38246418722,22.12424569018185,741.9634252469987,9127.739426027983
17372.51033164002,22.125873999670148,742.0505746528506,9127.739426027983
17373.140338385478,22.125873999670148,742.0505746528506,9128.253053866327
17373.21517545916,22.127530220896006,742.1087341140956,9128.253053866327
17373.893137151375,22.127530220896006,742.1087341140956,9128.676594475284
17375.387577824295,22.135959655046463,742.1712736263871,9128.676594475284
17375.940847069025,22.135959655046463,742.1712736263871,9128.963265603408
17376.03160365112,22.13757192529738,742.2370156161487,9128.963265603408
17376.607361515984,22.13757192529738,742.2370156161487,9129.283598175272
17376.693478873,22.139206105843186,742.3085631802678,9129.283598175272
17377.27322641015,22.139206105843186,742.3085631802678,9129.605418037623
17377.43989429623,22.140808202326298,742.4219030495733,9129.605418037623
17378.380145171657,22.140808202326298,742.4219030495733,9130.112725045532
17379.905990861356,22.14583495259285,742.49451989308,9130.112725045532
17380.47559872642,22.14583495259285,742.49451989308,9130.449083929881
17380.551601959392,22.14733170159161,742.5567594394088,9130.449083929881
17381.918766560033,22.14733170159161,742.5567594394088,9130.998968506232
17382.000415636227,22.148934049531817,742.6288272347301,9130.998968506232
17382.935979880393,22.148934049531817,742.6288272347301,9131.306725241244
17383.022620867938,22.15653983876109,742.6874896865338,9131.306725241244
17383.844391951337,22.15653983876109,742.6874896865338,9131.573968773708
17389.87692077644,22.162148943170905,742.7432350963354,9131.573968773708
17391.10782306455,22.162148943170905,742.7432350963354,9131.884390830994
17391.19684428349,22.164161322638392,742.8176314532757,9131.884390830994
17391.87666767277,22.164161322638392,742.8176314532757,9132.196743723005
17392.00040026009,22.1657487526536,742.9297210201621,9132.196743723005
17392.6392121166,22.1657487526536,742.9297210201621,9132.651545980945
17392.726410444826,22.16736313328147,743.000008283183,9132.651545980945
17393.530758386478,22.16736313328147,743.000008283183,9133.136801989749
17394.640733215958,22.17480255663395,743.1129172164947,9133.136801989749
17395.36385161616,22.17480255663395,743.1129172164947,9133.553228361532
17395.456529473886,22.176426213234663,743.1840685941279,9133.553228361532
17396.324657108635,22.176426213234663,743.1840685941279,9133.86954479292
17396.388195447624,22.178071783855557,743.2323738988489,9133.86954479292
17397.30525900051,22.178071783855557,743.2323738988489,9134.131053064018
17397.38671724312,22.17961802147329,743.3012494333088,9134.131053064018
17398.536890711635,22.17961802147329,743.3012494333088,9134.475125180557
17400.169106628746,22.189455680549145,743.4245759248734,9134.475125180557
17400.71021653898,22.189455680549145,743.4245759248734,9134.771572405472
17400.81315409951,22.191049337387085,743.5037834569812,9134.771572405472
17401.452713141218,22.191049337387085,743.5037834569812,9135.153968943283
17401.521591788158,22.19269197806716,743.5625780411065,9135.153968943283
17402.106450827792,22.19269197806716,743.5625780411065,9135.609961384907
17402.216809956357,22.194211196154356,743.6630615182221,9135.609961384907
17403.077643910423,22.194211196154356,743.6630615182221,9136.082421964034
17406.350521543995,22.199842186644673,743.7161320690066,9136.082421964034
17407.026249757037,22.199842186644673,743.7161320690066,9136.349216962233
17407.08540144749,22.20150007493794,743.7650912851095,9136.349216962233
17407.606720689684,22.20150007493794,743.7650912851095,9136.643571218476
17407.74776435271,22.203122483566403,743.8904861751944,9136.643571218476
17408.644852491096,22.203122483566403,743.8904861751944,9136.919873775914
17408.71418470703,22.2047644816339,743.9458718989044,9136.919873775914
17409.317470781505,22.2047644816339,743.9458718989044,9137.227049171925
17411.615935398266,22.210740422829986,744.0375916175544,9137.227049171925
17412.338903127238,22.210740422829986,744.0375916175544,9137.710138764232
17412.446925152093,22.212344711646438,744.1304150354117,9137.710138764232
17413.126433717087,22.212344711646438,744.1304150354117,9138.163051998243
17413.222582997754,22.21396715193987,744.2083449754864,9138.163051998243
17413.780173355713,22.21396715193987,744.2083449754864,9138.478974884376
17413.85999639146,22.21560049057007,744.2764610666782,9138.478974884376
17414.483246896416,22.21560049057007,744.2764610666782,9138.861983744428
17415.457312211394,22.221097882837057,744.3420783355832,9138.861983744428
17416.189144743606,22.221097882837057,744.3420783355832,9139.306728173047
17416.263205552474,22.222647670656443,744.4005763828754,9139.306728173047
17417.2044352144,22.222647670656443,744.4005763828754,9139.673878787085
17417.31421131082,22.224200578406453,744.489201426506,9139.673878787085
17417.93669580482,22.224200578406453,744.489201426506,9140.009426217526
17418.06053919345,22.225790958851576,744.5920004379004,9140.009426217526
17418.737449251115,22.225790958851576,744.5920004379004,9140.34209615551
17420.856112327427,22.23080270178616,744.641824349761,9140.34209615551
17421.67971936986,22.23080270178616,744.641824349761,9140.622700542212
17421.76147224009,22.23246387206018,744.7020571902394,9140.622700542212
17422.800005711615,22.23246387206018,744.7020571902394,9140.891811260954
17422.868826836348,22.23405235260725,744.7610931973904,9140.891811260954
17423.49738859944,22.23405235260725,744.7610931973904,9141.244867520407
17423.613090854138,22.23578305542469,744.8589546363801,9141.244867520407
17424.262783670798,22.23578305542469,744.8589546363801,9141.64438307099
17425.681444119662,22.24101386591792,744.9177553486079,9141.64438307099
17426.55247764103,22.24101386591792,744.9177553486079,9142.106867969036
17426.650259412825,22.24269775673747,744.9761797543615,9142.106867969036
17427.01041012816,22.24269775673747,744.9761797543615,9142.360520061105
17427.074605789036,22.244246246293187,745.0269294921309,9142.360520061105
17427.763983923942,22.244246246293187,745.0269294921309,9142.625775214285
17427.826672207564,22.245812004432082,745.0760358404368,9142.625775214285
17428.718507135287,22.245812004432082,745.0760358404368,9142.896285519004
17430.859031699598,22.251112058758736,745.1767392028123,9142.896285519004
17431.621102852747,22.251112058758736,745.1767392028123,9143.223266625777
17431.68134780228,22.252802897244692,745.2272291276604,9143.223266625777
17432.36234076321,22.252802897244692,745.2272291276604,9143.58622059226
17432.463800132275,22.254431368783116,745.3031736221164,9143.58622059226
17433.407941915095,22.254431368783116,745.3031736221164,9143.871625209227
17433.480972638354,22.25832504965365,745.3599608801305,9143.871625209227
17434.16907328926,22.25832504965365,745.3599608801305,9144.155348040164
17436.271942853928,22.263306749984622,745.5006559360772,9144.155348040164
17437.034190317616,22.263306749984622,745.5006559360772,9144.578828984872
17437.146510940045,22.264882318675518,745.5985818188637,9144.578828984872
17437.83638392389,22.264882318675518,745.5985818188637,9144.996401662007
17438.003278896213,22.266507858410478,745.7408479135484,9144.996401662007
17438.558116506785,22.266507858410478,745.7408479135484,9145.386566653848
17438.630644880235,22.268085546791553,745.8034833688289,9145.386566653848
17439.261761019006,22.268085546791553,745.8034833688289,9145.693345746025
17440.722051285207,22.285212215036154,745.8880535289645,9145.693345746025
17441.468245109543,22.285212215036154,745.8880535289645,9146.060018250719
17441.668698117137,22.289172118529677,745.9933731518686,9146.060018250719
17442.337595451623,22.289172118529677,745.9933731518686,9146.431626593694
17442.461009915918,22.290766598656774,746.0988714713603,9146.431626593694
17443.305588711053,22.290766598656774,746.0988714713603,9146.835740827024
17443.427497718483,22.29245874658227,746.1828081887215,9146.835740827024
17444.11275114864,22.29245874658227,746.1828081887215,9147.130720183253
17446.219137869775,22.297623256221414,746.2371466625482,9147.130720183253
17447.15081743151,22.297623256221414,746.2371466625482,9147.743817059323
17447.303754059598,22.299293788149953,746.3219699077308,9147.743817059323
17447.997276872396,22.299293788149953,746.3219699077308,9148.159309806302
17448.09061356075,22.30086638405919,746.4037012178451,9148.159309806302
17448.679123960435,22.30086638405919,746.4037012178451,9148.515716446564
17448.775630475953,22.302418841049075,746.4802016206086,9148.515716446564
17449.329667383805,22.302418841049075,746.4802016206086,9148.817548001185
17451.200643615797,22.307537615299225,746.5349765811116,9148.817548001185
17452.11972302012,22.307537615299225,746.5349765811116,9149.12839538604
17452.19745283574,22.30912389419973,746.5967734418809,9149.12839538604
17452.875326985493,22.30912389419973,746.5967734418809,9149.451085053384
17452.95583924465,22.310766154900193,746.6605687849224,9149.451085053384
17453.89130537398,22.310766154900193,746.6605687849224,9149.795272771269
17453.972092246637,22.3122737724334,746.7136230450124,9149.795272771269
17454.702797759324,22.3122737724334,746.7136230450124,9150.157551927492
17457.1416840218,22.32242618687451,746.7878763992339,9150.157551927492
17457.78416311927,22.32242618687451,746.7878763992339,9150.486879875883
17457.845758546144,22.323972135782242,746.8398910593241,9150.486879875883
17458.43768635951,22.323972135782242,746.8398910593241,9150.75703064911
17458.511165848002,22.325606536120176,746.8910824451596,9150.75703064911
17458.97526815906,22.325606536120176,746.8910824451596,9151.05252298899
17459.037787260488,22.327214304357767,746.941221492365,9151.05252298899
17459.766186153516,22.327214304357767,746.941221492365,9151.526513949037
17460.71074661985,22.332183122634888,747.0563509650528,9151.526513949037
17461.42907093279,22.332183122634888,747.0563509650528,9151.875629287213
17461.490255869925,22.333773981779814,747.106223706156,9151.875629287213
17462.037715200335,22.333773981779814,747.106223706156,9152.208877272904
17462.307635124773,22.335474632680416,747.1832944117486,9152.208877272904
17462.854779317975,22.335474632680416,747.1832944117486,9152.506684623659
17462.92207179591,22.337114833295345,747.2338211257011,9152.506684623659
17463.445413157344,22.337114833295345,747.2338211257011,9152.804839029908
17464.297405347228,22.346970219165087,747.3414695262909,9152.804839029908
17464.989572238177,22.346970219165087,747.3414695262909,9153.13042719476
17465.25838606432,22.34875499084592,747.391358429566,9153.13042719476
17465.93240010366,22.34875499084592,747.391358429566,9153.428321776912
17466.079334991053,22.35457910783589,747.4419682137668,9153.428321776912
17466.791975481436,22.35457910783589,747.4419682137668,9153.724220765755
17466.864955164492,22.35678024031222,747.5042324699461,9153.724220765755
17467.644147556275,22.35678024031222,747.5042324699461,9154.053120478988
17469.675953883678,22.361711898818612,747.5904305763543,9154.053120478988
17470.40908050351,22.361711898818612,747.5904305763543,9154.436726370826
17470.491803131998,22.36334696598351,747.6598048191518,9154.436726370826
17470.93571348861,22.36334696598351,747.6598048191518,9154.727086605504
17471.151631796733,22.364987125620246,747.7171846088022,9154.727086605504
17471.993663446978,22.364987125620246,747.7171846088022,9155.140087021515
17472.27211944759,22.366769306361675,747.800791233778,9155.140087021515
17473.05956432037,22.366769306361675,747.800791233778,9155.456913094968
17476.473678771406,22.37168221361935,747.8782330583781,9155.456913094968
17477.243808463216,22.37168221361935,747.8782330583781,9155.782522410154
17477.3105386924,22.373295744881034,747.9295894987881,9155.782522410154
17478.41862682067,22.373295744881034,747.9295894987881,9156.111226430163
17478.511216735467,22.375189822167158,747.9991181381047,9156.111226430163
17479.417378200218,22.375189822167158,747.9991181381047,9156.480447862297
17479.48247934878,22.37681965343654,748.0482854489237,9156.480447862297
17480.041564997286,22.37681965343654,748.0482854489237,9156.748210368678
17482.652102755383,22.38187064602971,748.1165339946747,9156.748210368678
17483.310058046132,22.38187064602971,748.1165339946747,9157.176185676828
17483.388447783887,22.383370583876967,748.1816237829626,9157.176185676828
17484.297515951097,22.383370583876967,748.1816237829626,9157.64937704429
17484.397691855207,22.385063724592328,748.2652977593243,9157.64937704429
17485.224910059944,22.385063724592328,748.2652977593243,9158.153395580128
17485.305547490716,22.386614982038736,748.3358623478562,9158.153395580128
17486.157583393157,22.386614982038736,748.3358623478562,9158.71122412756
17487.24504384026,22.392443507909775,748.4253478087485,9158.71122412756
17488.106140499935,22.392443507909775,748.4253478087485,9159.281606443226
17488.18003935553,22.394033756107092,748.4782445151359,9159.281606443226
17488.930837040767,22.394033756107092,748.4782445151359,9159.786034546793
17489.061603926122,22.399527836591005,748.5806086268276,9159.786034546793
17489.715521223843,22.399527836591005,748.5806086268276,9160.195161733776
17489.858383659273,22.401078175753355,748.7049358859658,9160.195161733776
17490.76047508046,22.401078175753355,748.7049358859658,9160.748338259757
17491.98006461002,22.406158607453108,748.8316808119416,9160.748338259757
17492.768840650097,22.406158607453108,748.8316808119416,9161.211210791022
17492.878812979907,22.407838797196746,748.9177189301699,9161.211210791022
17493.546953735873,22.407838797196746,748.9177189301699,9161.662178207189
17493.715617289767,22.409802140668035,749.0660615451634,9161.662178207189
17494.344280639663,22.409802140668035,749.0660615451634,9162.056787990034
17494.474985338748,22.411555713042617,749.1619985029101,9162.056787990034
17495.048385547474,22.411555713042617,749.1619985029101,9162.452993141487
17495.892762115225,22.416462363675237,749.3184137865901,9162.452993141487
17496.630188845098,22.416462363675237,749.3184137865901,9162.95805503428
17496.754621228203,22.418242637068033,749.4143534433097,9162.95805503428
17497.41799248755,22.418242637068033,749.4143534433097,9163.394788781181
17497.509787850082,22.4198981449008,749.4917139243335,9163.394788781181
17498.023994559422,22.4198981449008,749.4917139243335,9163.709575589746
17498.15993549116,22.421523451805115,749.6015223711729,9163.709575589746
17498.937885815278,22.421523451805115,749.6015223711729,9164.204243056476
17499.76499225013,22.428091902285814,749.748691227287,9164.204243056476
17500.571671383455,22.428091902285814,749.748691227287,9164.687588429078
17500.670822707936,22.429727651178837,749.8324948530644,9164.687588429078
17501.314027076587,22.429727651178837,749.8324948530644,9165.133329238743
17501.446660656482,22.431322939693928,749.9413570351899,9165.133329238743
17502.11197749898,22.431322939693928,749.9413570351899,9165.60072799027
17502.201392529532,22.43299039825797,750.0210623070598,9165.60072799027
17503.045910440385,22.43299039825797,750.0210623070598,9166.169276125729
17504.48115139641,22.43826326355338,750.0821298118681,9166.169276125729
17505.062911197543,22.43826326355338,750.0821298118681,9166.544738024473
17505.19174135104,22.43989266268909,750.1933856662363,9166.544738024473
17505.88807170838,22.43989266268909,750.1933856662363,9166.955652954057
17505.99260013923,22.441432163119316,750.2748469635844,9166.955652954057
17506.633376801386,22.441432163119316,750.2748469635844,9167.323453323916
17506.731714431196,22.443154886364937,750.3581142500043,9167.323453323916
17507.387367714196,22.443154886364937,750.3581142500043,9167.630114296451
17508.266546111554,22.448223585262895,750.4592614918947,9167.630114296451
17508.931847527623,22.448223585262895,750.4592614918947,9167.975198144093
17509.00646014698,22.44975376315415,750.5212758537382,9167.975198144093
17509.5202538725,22.44975376315415,750.5212758537382,9168.313802605495
17509.601337127388,22.451381642371416,750.5903941746801,9168.313802605495
17510.267547041178,22.451381642371416,750.5903941746801,9168.651397436857
17510.441046731547,22.45312092266977,750.6908441651613,9168.651397436857
17511.08279858157,22.45312092266977,750.6908441651613,9169.028964763507
17513.341047959402,22.458202235400677,750.754096262157,9169.028964763507
17513.884532872587,22.458202235400677,750.754096262157,9169.292068015784
17513.995032001287,22.45973796211183,750.8313873931766,9169.292068015784
17514.80401223898,22.45973796211183,750.8313873931766,9169.700571112335
17514.877046260983,22.461411541327834,750.8894549328834,9169.700571112335
17515.56034240313,22.461411541327834,750.8894549328834,9170.124438976869
17515.654878696427,22.463029213249683,750.9738621115685,9170.124438976869
17516.31236681901,22.463029213249683,750.9738621115685,9170.457287585363
17517.73095580563,22.468043003231287,751.0274266041815,9170.457287585363
17518.251375690103,22.468043003231287,751.0274266041815,9170.817028868943
17518.39975565672,22.469704244285822,751.1406705863774,9170.817028868943
17519.088308753446,22.469704244285822,751.1406705863774,9171.248245516792
17519.18103413284,22.471410045400262,751.1946624554694,9171.248245516792
17519.901845803484,22.471410045400262,751.1946624554694,9171.775507474318
17520.013071347028,22.47292340360582,751.2911227419972,9171.775507474318
17520.62241601199,22.47292340360582,751.2911227419972,9172.160881673917
17523.227041956037,22.478427359834313,751.3465306777507,9172.160881673917
17523.76623344794,22.478427359834313,751.3465306777507,9172.452522335574
17523.839583415538,22.48030160367489,751.3988013416529,9172.452522335574
17524.275432638824,22.48030160367489,751.3988013416529,9172.72594768554
17524.3504912965,22.48191450163722,751.4537004455924,9172.72594768554
17525.098915690556,22.48191450163722,751.4537004455924,9172.99647286348
17525.209150874987,22.483496328815818,751.5422401670367,9172.99647286348
17525.72821683623,22.483496328815818,751.5422401670367,9173.2912146803
17527.39200301282,22.488434068858624,751.6194538250566,9173.2912146803
17528.219026187435,22.488434068858624,751.6194538250566,9173.69688464515
17528.868227094412,22.49018474109471,751.6687065772712,9173.69688464515
17529.598004339263,22.49018474109471,751.6687065772712,9173.98722835444
17529.695662096143,22.491822300478816,751.7538648582995,9173.98722835444
17530.59443442151,22.491822300478816,751.7538648582995,9174.367514479905
17530.755928767845,22.493476308882236,751.8081059493124,9174.367514479905
17531.47918585129,22.493476308882236,751.8081059493124,9174.639253793284
17533.45781302452,22.498331028968096,751.8619375154376,9174.639253793284
17534.428362740204,22.498331028968096,751.8619375154376,9174.899943083525
17534.532891491428,22.499894965440035,751.9446453321725,9174.899943083525
17535.307606291026,22.499894965440035,751.9446453321725,9175.232807392254
17535.67191996798,22.501593636348844,752.0231899544597,9175.232807392254
17536.78662287444,22.501593636348844,752.0231899544597,9175.595460169017
17536.909637482837,22.503165315836668,752.1183577775955,9175.595460169017
17537.481621649116,22.503165315836668,752.1183577775955,9175.911818349734
17539.831422552466,22.508148217573762,752.207007182762,9175.911818349734
17540.4674556721,22.508148217573762,752.207007182762,9176.209695406258
17540.526474470273,22.509763699024916,752.2561186719686,9176.209695406258
17541.266510240734,22.509763699024916,752.2561186719686,9176.535689307377
17541.39974766411,22.511370688676834,752.3712875153869,9176.535689307377
17542.016739487648,22.511370688676834,752.3712875153869,9176.992553070188
17542.110894724727,22.51289044506848,752.4496198352426,9176.992553070188
17542.79179463163,22.51289044506848,752.4496198352426,9177.387961929664
17543.90682969615,22.517875952646136,752.5025999844074,9177.387961929664
17544.52678237483,22.517875952646136,752.5025999844074,9177.771044990048
17544.604514619336,22.519446512684226,752.5600215550512,9177.771044990048
17545.128600431606,22.519446512684226,752.5600215550512,9178.169990783557
17545.23699636385,22.52113843522966,752.6511301845312,9178.169990783557
17546.00756146945,22.52113843522966,752.6511301845312,9178.57257926464
17546.113691631705,22.522794976830482,752.7444026414305,9178.57257926464
17546.850948674604,22.522794976830482,752.7444026414305,9179.042080976069
17547.83997101523,22.531098855659366,752.796060455963,9179.042080976069
17548.747804805636,22.531098855659366,752.796060455963,9179.454864170402
17548.83448034525,22.53654526360333,752.8674787580967,9179.454864170402
17549.52394123189,22.53654526360333,752.8674787580967,9179.829214140773
17549.672128215432,22.538152175024152,753.0037331171334,9179.829214140773
17550.207012092695,22.538152175024152,753.0037331171334,9180.181062253192
17550.33371785842,22.539753092452884,753.1162802949548,9180.181062253192
17551.129957387224,22.539753092452884,753.1162802949548,9180.680699191988
17552.025814751163,22.54535434395075,753.1771378871053,9180.680699191988
17552.81611650437,22.54535434395075,753.1771378871053,9181.04669483006
17552.901575604454,22.548533691093326,753.2361260633916,9181.04669483006
17553.782002096996,22.548533691093326,753.2361260633916,9181.517395045608
17553.885516311973,22.55017094127834,753.3256448730826,9181.517395045608
17554.659046031535,22.55017094127834,753.3256448730826,9181.978190168738
17554.76729082316,22.55181791074574,753.4241230282933,9181.978190168738
17555.327381506562,22.55181791074574,753.4241230282933,9182.387891167775
17556.0908949133,22.557014076039195,753.4986639078707,9182.387891167775
17556.71749932319,22.557014076039195,753.4986639078707,9182.816912006587
17556.826817831025,22.558592354878783,753.5907654762268,9182.816912006587
17557.36299483478,22.558592354878783,753.5907654762268,9183.206915641204
17557.44576607272,22.560457358136773,753.6589427720755,9183.206915641204
17558.044357463717,22.560457358136773,753.6589427720755,9183.516422517598
17558.151537444443,22.562037566676736,753.7551682554185,9183.516422517598
17559.07314906828,22.562037566676736,753.7551682554185,9183.960695972666
17559.96158974804,22.56897280178964,753.8996832221746,9183.960695972666
17560.603897860274,22.56897280178964,753.8996832221746,9184.419471859932
17560.68172495067,22.570630613714457,753.9596296064556,9184.419471859932
17561.42791850306,22.570630613714457,753.9596296064556,9184.923171563074
17561.504263628274,22.572602668777108,754.0197876151651,9184.923171563074
17562.088848395273,22.572602668777108,754.0197876151651,9185.29800597392
17562.20987754874,22.574144696816802,754.1203949861228,9185.29800597392
17563.069534918293,22.574144696816802,754.1203949861228,9185.879753928632
17563.75638728775,22.57917774654925,754.2406894434243,9185.879753928632
17564.59766877629,22.57917774654925,754.2406894434243,9186.38944074139
17564.696335591376,22.580771893262863,754.3297178950161,9186.38944074139
17565.539523823187,22.580771893262863,754.3297178950161,9186.93789334409
17565.61017269455,22.582393132150173,754.3903860859573,9186.93789334409
17566.31958124414,22.582393132150173,754.3903860859573,9187.498064652085
17566.398978119716,22.583918791264296,754.4544773455709,9187.498064652085
17567.014854276553,22.583918791264296,754.4544773455709,9187.908938214183
17567.83856750466,22.59344582259655,754.5801120214164,9187.908938214183
17568.4948286321,22.59344582259655,754.5801120214164,9188.348008647561
17568.579532675445,22.59505446255207,754.6506853681058,9188.348008647561
17569.35822880082,22.59505446255207,754.6506853681058,9188.84482852742
17569.457086870447,22.596655713394284,754.7383965682238,9188.84482852742
17570.070233395323,22.596655713394284,754.7383965682238,9189.263498729095
17570.146065380424,22.598213709890842,754.802387887612,9189.263498729095
17570.706245746464,22.598213709890842,754.802387887612,9189.623476440087
17571.36591275409,22.603019846603274,754.855267714709,9189.623476440087
17572.172167755663,22.603019846603274,754.855267714709,9190.211980238557
17572.281779332086,22.60462126508355,754.9444926101714,9190.211980238557
17573.002553628758,22.60462126508355,754.9444926101714,9190.67183592543
17573.112289085984,22.614098025485873,755.0144185330719,9190.67183592543
17573.849419476464,22.614098025485873,755.0144185330719,9191.220988823101
17573.936466433108,22.62408713810146,755.0729964151978,9191.220988823101
17574.661599216983,22.62408713810146,755.0729964151978,9191.717968495563
17575.504578227177,22.629119189456105,755.165908427909,9191.717968495563
17576.06353410147,22.629119189456105,755.165908427909,9192.085225099698
17576.15593302436,22.633886544033885,755.2420024685562,9192.085225099698
17576.753087101504,22.633886544033885,755.2420024685562,9192.475698933005
17576.874051291496,22.63541933335364,755.3346289861947,9192.475698933005
17577.53274926357,22.63541933335364,755.3346289861947,9192.975236982107
17577.644908023998,22.636970072984695,755.4333588536829,9192.975236982107
17578.454380847514,22.636970072984695,755.4333588536829,9193.536114443094
17579.224071487784,22.64156603626907,755.5257410500199,9193.536114443094
17579.83347506821,22.64156603626907,755.5257410500199,9193.943759517744
17579.939285993576,22.643114803358912,755.6063024289906,9193.943759517744
17580.545327082276,22.643114803358912,755.6063024289906,9194.42163195461
17580.606817305088,22.644782623276114,755.6573144942522,9194.42163195461
17581.351402452216,22.644782623276114,755.6573144942522,9194.968961145729
17581.448044914752,22.646398751065135,755.7411915045232,9194.968961145729
17582.23170015961,22.646398751065135,755.7411915045232,9195.45291345194
17582.9556979239,22.651338629424572,755.867646491155,9195.45291345194
17583.62274422683,22.651338629424572,755.867646491155,9195.884793274105
17583.715904692188,22.66036467254162,755.9265745468438,9195.884793274105
17584.457668559626,22.66036467254162,755.9265745468438,9196.387694641948
17584.61781194061,22.661979792639613,755.9875226709992,9196.387694641948
17585.429687988013,22.661979792639613,755.9875226709992,9196.940918963403
17585.534382203594,22.663765283301473,756.0794182550162,9196.940918963403
17586.17388805747,22.663765283301473,756.0794182550162,9197.394346145913
17586.94576977007,22.67029131576419,756.1663801614195,9197.394346145913
17587.51885389164,22.67029131576419,756.1663801614195,9197.755229704082
17587.658135114238,22.673006603494287,756.2881409171969,9197.755229704082
17588.325989210978,22.673006603494287,756.2881409171969,9198.150073615834
17588.431760428473,22.674682155251503,756.3786387555301,9198.150073615834
17589.34832513146,22.674682155251503,756.3786387555301,9198.750695507973
17589.49415641278,22.676309444010258,756.5118469297886,9198.750695507973
17590.258254604414,22.676309444010258,756.5118469297886,9199.267150953412
17591.39176265523,22.682104350998998,756.6091625243425,9199.267150953412
17592.408456793055,22.682104350998998,756.6091625243425,9199.619894111529
17592.50973393768,22.685195354744792,756.6910697594285,9199.619894111529
17593.61081967503,22.685195354744792,756.6910697594285,9199.89858936891
17593.993641307577,22.687043990939856,756.7428898159415,9199.89858936891
17594.478746095672,22.687043990939856,756.7428898159415,9200.184089772403
17594.59210387245,22.688731914386153,756.8424782902002,9200.184089772403
17595.101398065686,22.688731914386153,756.8424782902002,9200.481237357482
17597.67281441763,22.693506160750985,756.9051233250648,9200.481237357482
17598.4273030553,22.693506160750985,756.9051233250648,9200.776358334348
17598.683835003525,22.698461221531034,756.9691611137241,9200.776358334348
17599.312989931554,22.698461221531034,756.9691611137241,9201.056801537052
17599.394346004352,22.701211769133806,757.0323712583631,9201.056801537052
17600.065258648247,22.701211769133806,757.0323712583631,9201.462823472917
17600.136299515143,22.703469840809703,757.0870673898607,9201.462823472917
17601.163308860734,22.703469840809703,757.0870673898607,9201.947770839557
17602.807666948065,22.708568163216114,757.1642329674214,9201.947770839557
17603.583629895,22.708568163216114,757.1642329674214,9202.361035816371
17603.69961522706,22.710150161758065,757.262559812516,9202.361035816371
17604.59518630244,22.710150161758065,757.262559812516,9202.839646069333
17604.67822920531,22.7117565497756,757.3341422397643,9202.839646069333
17605.365622408688,22.7117565497756,757.3341422397643,9203.226784130558
17605.572591040283,22.7151720225811,757.3997971564531,9203.226784130558
17606.25793486461,22.7151720225811,757.3997971564531,9203.671850802377
17608.221331633627,22.72008976340294,757.4489695969969,9203.671850802377
17608.981124648824,22.72008976340294,757.4489695969969,9204.037439793348
17609.123210703954,22.721713231876493,757.5778510123491,9204.037439793348
17609.697285344824,22.721713231876493,757.5778510123491,9204.344576697797
17609.887941615656,22.723619736731052,757.7386907357723,9204.344576697797
17610.645529512316,22.723619736731052,757.7386907357723,9204.631113590673
17610.738722249866,22.728500586003065,757.811367791146,9204.631113590673
17611.32383515127,22.728500586003065,757.811367791146,9204.937994740903
17614.4760855902,22.733478307724,757.8802539482713,9204.937994740903
17615.09168750234,22.733478307724,757.8802539482713,9205.204985788092
17615.155155221,22.73504233546555,757.9311565998942,9205.204985788092
17615.84105438739,22.73504233546555,757.9311565998942,9205.563870171085
17616.091692447662,22.736728064715862,757.9885948002338,9205.563870171085
17616.672833217308,22.736728064715862,757.9885948002338,9205.839382631704
17616.97565066442,22.73842377588153,758.0524062868208,9205.839382631704
17617.749825339764,22.73842377588153,758.0524062868208,9206.12191471085
17620.921114085242,22.743288412690163,758.1102985069156,9206.12191471085
17621.527067203075,22.743288412690163,758.1102985069156,9206.388869935647
17621.586426170543,22.744987804442644,758.1598265133798,9206.388869935647
17622.09915187955,22.744987804442644,758.1598265133798,9206.654775753617
17622.220673991367,22.746600724756718,758.2444212548435,9206.654775753617
17622.983830008656,22.746600724756718,758.2444212548435,9207.03879623115
17623.08351275325,22.748354027047753,758.3300455454737,9207.03879623115
17624.00452459231,22.748354027047753,758.3300455454737,9207.469110898674
17627.093127330765,22.754401084035635,758.3935339562595,9207.469110898674
17627.718093754724,22.754401084035635,758.3935339562595,9207.745486875996
17627.79261985421,22.75600821338594,758.457929931581,9207.745486875996
17628.402346471325,22.75600821338594,758.457929931581,9208.10492988117
17628.51641713828,22.757640363648534,758.5167407598346,9208.10492988117
17629.497303750366,22.757640363648534,758.5167407598346,9208.652308316901
17629.637816105038,22.75926891155541,758.5833703484386,9208.652308316901
17630.496952762827,22.75926891155541,758.5833703484386,9209.191572517157
17632.80238798447,22.76417987048626,758.6610331833363,9209.191572517157
17633.30875747837,22.76417987048626,758.6610331833363,9209.479277888313
17633.392482755706,22.765896033495665,758.7345970477909,9209.479277888313
17633.93287821673,22.765896033495665,758.7345970477909,9209.815500630066
17634.000309348106,22.767531203106046,758.7927193995565,9209.815500630066
17634.610308852047,22.767531203106046,758.7927193995565,9210.106691014022
17634.69522790797,22.769377706572413,758.86299957335,9210.106691014022
17635.54079947993,22.769377706572413,758.86299957335,9210.569268675521
17637.35262100026,22.77421309426427,758.9326086957008,9210.569268675521
17637.967183794826,22.77421309426427,758.9326086957008,9210.878324843943
17638.05519690737,22.775760861113667,759.0090431515127,9210.878324843943
17638.8378506694,22.775760861113667,759.0090431515127,9211.304947873577
17638.96777818352,22.77732508815825,759.094239493832,9211.304947873577
17639.71463834867,22.77732508815825,759.094239493832,9211.670726509765
17639.84541519545,22.77953513711691,759.2098888996989,9211.670726509765
17640.48118196614,22.77953513711691,759.2098888996989,9212.007843896747
17641.990618908778,22.787389360368252,759.2821713201702,9212.007843896747
17642.582841778174,22.787389360368252,759.2821713201702,9212.296730309725
17642.646274216473,22.788991950452328,759.3337315954268,9212.296730309725
17643.159389104694,22.788991950452328,759.3337315954268,9212.590762387961
17643.229536483064,22.790717341005802,759.3851595576853,9212.590762387961
17643.985712207854,22.790717341005802,759.3851595576853,9212.882167598233
17644.10961622186,22.792404742911458,759.468119410798,9212.882167598233
17644.870094962418,22.792404742911458,759.468119410798,9213.33061247319
17646.336309900507,22.797525944188237,759.5762742683291,9213.33061247319
17647.00829427503,22.797525944188237,759.5762742683291,9213.73505616188
17647.079975204542,22.799142545089126,759.6355745811015,9213.73505616188
17647.840142359957,22.799142545089126,759.6355745811015,9214.192977448925
17647.909354453906,22.80081957578659,759.6915718559176,9214.192977448925
17648.517874550074,22.80081957578659,759.6915718559176,9214.492892973125
17648.62824971974,22.80249392427504,759.7602551002055,9214.492892973125
17649.15926306136,22.80249392427504,759.7602551002055,9214.835393838584
17650.209028044716,22.807188466191292,759.8485397920012,9214.835393838584
17651.104466039687,22.807188466191292,759.8485397920012,9215.406536798924
17651.23687624,22.808952018618584,759.9008157290518,9215.406536798924
17651.928418040276,22.808952018618584,759.9008157290518,9215.82602732256
17652.020469298586,22.810599707067013,759.9776573218405,9215.82602732256
17652.695508079603,22.810599707067013,759.9776573218405,9216.155474241823
17652.76920429617,22.812380658462644,760.0369782764465,9216.155474241823
17653.461419420317,22.812380658462644,760.0369782764465,9216.461661810055
17658.22403274104,22.81731660850346,760.08830399625,9216.461661810055
17659.14376403764,22.81731660850346,760.08830399625,9216.751404959708
17659.21536677517,22.820933176204562,760.1381246205419,9216.751404959708
17660.22152398713,22.820933176204562,760.1381246205419,9217.032552223653
17660.31333929114,22.82294007204473,760.2125351075083,9217.032552223653
17661.389670547098,22.82294007204473,760.2125351075083,9217.297727147117
17661.48243424855,22.824591159820557,760.2733870130032,9217.297727147117
17662.269739603624,22.824591159820557,760.2733870130032,9217.573837170377
17664.43493417278,22.829595029354095,760.343411270529,9217.573837170377
17665.239335218444,22.829595029354095,760.343411270529,9217.950894104317
17665.321967145428,22.831227160990238,760.4084176588804,9217.950894104317
17665.924770740792,22.831227160990238,760.4084176588804,9218.323131270707
17666.01406562701,22.832798508927226,760.480293141678,9218.323131270707
17667.007855655625,22.832798508927226,760.480293141678,9218.699356367812
17667.0774745401,22.834457248449326,760.5396083872765,9218.699356367812
17668.06946648471,22.834457248449326,760.5396083872765,9219.038130627945
17670.18550006114,22.839505918323994,760.6329040881246,9219.038130627945
17671.59178799577,22.839505918323994,760.6329040881246,9219.529274899513
17671.750624315813,22.841185469180346,760.7518840041012,9219.529274899513
17672.693109095097,22.841185469180346,760.7518840041012,9220.155030999333
17672.79084761627,22.842830199748278,760.8229694124311,9220.155030999333
17673.318733472377,22.842830199748278,760.8229694124311,9220.486805299297
17673.41270232573,22.84452448040247,760.8995521701872,9220.486805299297
17674.005155852064,22.84452448040247,760.8995521701872,9220.756662799045
17676.0623881761,22.849841825664043,760.9741017408669,9220.756662799045
17676.508145963773,22.849841825664043,760.9741017408669,9221.030451750383
17676.66168240644,22.851486993953586,761.0478618498892,9221.030451750383
17677.556705426425,22.851486993953586,761.0478618498892,9221.299622459337
17677.77193646878,22.853889437392354,761.0879571847618,9221.299622459337
17678.62276910618,22.853889437392354,761.0879571847618,9221.568867038935
17678.992371013388,22.85553421638906,761.1778846979141,9221.568867038935
17680.14581427723,22.85553421638906,761.1778846979141,9221.849669288844
17683.046822311357,22.860792031511664,761.2643462643027,9221.849669288844
17683.64930897206,22.860792031511664,761.2643462643027,9222.237837705761
17683.720586864278,22.86240727081895,761.3167921043932,9222.237837705761
17684.34013481252,22.86240727081895,761.3167921043932,9222.629176456481
17684.465881319717,22.86424826271832,761.3697025924921,9222.629176456481
17684.971380852163,22.86424826271832,761.3697025924921,9222.973692407832
17685.108798811212,22.86579086072743,761.4957947600633,9222.973692407832
17685.784846924245,22.86579086072743,761.4957947600633,9223.409271299839
17686.705555951223,22.871170938014984,761.572731602937,9223.409271299839
17687.345546012744,22.871170938014984,761.572731602937,9223.683555658907
17687.4160451591,22.872775288298726,761.6219785157591,9223.683555658907
17687.938238603994,22.872775288298726,761.6219785157591,9224.006989169866
17688.008262302727,22.87437402829528,761.6800914909691,9224.006989169866
17688.783907607198,22.87437402829528,761.6800914909691,9224.488574206829
17688.90454545617,22.876112328842282,761.7840037457645,9224.488574206829
17689.52759691514,22.876112328842282,761.7840037457645,9224.913419215009
17690.163792468607,22.885274531319737,761.8605260811746,9224.913419215009
17690.734615471214,22.885274531319737,761.8605260811746,9225.302266333252
17690.804704684764,22.886895198374987,761.9188350904733,9225.302266333252
17691.406456669793,22.886895198374987,761.9188350904733,9225.684061514214
17691.539021512493,22.888555858284235,762.0372420866042,9225.684061514214
17692.174819635227,22.888555858284235,762.0372420866042,9225.996430354193
17692.274678735062,22.890172109007835,762.1132140066475,9225.996430354193
17693.39153584838,22.890172109007835,762.1132140066475,9226.381320359185
17694.810608055443,22.895012384280562,762.2130422051996,9226.381320359185
17695.530125016347,22.895012384280562,762.2130422051996,9226.767540849745
17695.61849691905,22.896682834252715,762.2640579808503,9226.767540849745
17696.339298611507,22.896682834252715,762.2640579808503,9227.051022857428
17696.439956028014,22.898494206368923,762.3451137393713,9227.051022857428
17696.958740789443,22.898494206368923,762.3451137393713,9227.31710043922
17697.024116903543,22.900029443204403,762.4011875167489,9227.31710043922
17697.797245055437,22.900029443204403,762.4011875167489,9227.573098659515
17701.50331549719,22.907958978787065,762.4612449035048,9227.573098659515
17702.191142596304,22.907958978787065,762.4612449035048,9227.843752874061
17702.273149592802,22.910553134977818,762.5283347312361,9227.843752874061
17702.70487688668,22.910553134977818,762.5283347312361,9228.148308733478
17702.791682409123,22.91224421747029,762.5981048755348,9228.148308733478
17703.62143038772,22.91224421747029,762.5981048755348,9228.601106330752
17703.81170905754,22.916461573913693,762.6575697511435,9228.601106330752
17704.513275824487,22.916461573913693,762.6575697511435,9229.071230610833
17705.672899972647,22.921894481405616,762.7423377465457,9229.071230610833
17706.36947736703,22.921894481405616,762.7423377465457,9229.482037326321
17706.44152159244,22.923571782186627,762.803759559989,9229.482037326321
17706.84612154588,22.923571782186627,762.803759559989,9229.740257766098
17707.087147703394,22.92525391280651,762.8828526735306,9229.740257766098
17707.762240272015,22.92525391280651,762.8828526735306,9230.0230470635
17707.887798547745,22.926809012889862,762.9324277825654,9230.0230470635
17708.471357813105,22.926809012889862,762.9324277825654,9230.32975856401
17709.559493407607,22.931767400354147,762.9871786944568,9230.32975856401
17710.3197576683,22.931767400354147,762.9871786944568,9230.694249311462
17710.39461524412,22.933361088857055,763.0495091341436,9230.694249311462
17711.043983073905,22.933361088857055,763.0495091341436,9231.038390479982
17711.152248535305,22.936291692778468,763.1016189213842,9231.038390479982
17711.643401408568,22.936291692778468,763.1016189213842,9231.318087980151
17711.70611001551,22.937901463359594,763.1508576255292,9231.318087980151
17712.11892590858,22.937901463359594,763.1508576255292,9231.582518823445
17713.884494289756,22.942917009815574,763.2229246012866,9231.582518823445
17714.64349075593,22.942917009815574,763.2229246012866,9232.060428075492
17714.830803202465,22.944490160793066,763.3224856741726,9232.060428075492
17715.528580149636,22.944490160793066,763.3224856741726,9232.480583081022
17715.623640412465,22.946063661947846,763.4030530005693,9232.480583081022
17716.208212440833,22.946063661947846,763.4030530005693,9232.780177181587
17716.26738137193,22.947583880275488,763.4524210654199,9232.780177181587
17716.849163176492,22.947583880275488,763.4524210654199,9233.071978891268
17718.378504108638,22.961240001022816,763.5718366988003,9233.071978891268
17719.06814527698,22.961240001022816,763.5718366988003,9233.462528763339
17719.192716564983,22.962901720777154,763.6729148514569,9233.462528763339
17719.841180529445,22.962901720777154,763.6729148514569,9233.913663849235
17719.913444230333,22.968698596581817,763.7308826744556,9233.913663849235
17720.69448782876,22.968698596581817,763.7308826744556,9234.39587925002
17720.77483347431,22.970322215929627,763.7997091524303,9234.39587925002
17721.359693823382,22.970322215929627,763.7997091524303,9234.656169397756
17722.73517116718,22.975400667637587,763.869939673692,9234.656169397756
17723.30066878721,22.975400667637587,763.869939673692,9234.970106219873
17723.41253417544,22.977234181016684,763.965932816267,9234.970106219873
17724.030057338998,22.977234181016684,763.965932816267,9235.256445260718
17724.22591706924,22.97885736823082,764.0394668877125,9235.256445260718
17724.8112431895,22.97885736823082,764.0394668877125,9235.534355748445
17724.918590776622,22.98046313598752,764.1368048414588,9235.534355748445
17725.532789947465,22.98046313598752,764.1368048414588,9235.924722462893
17729.43136896752,22.985441772267222,764.1874819099903,9235.924722462893
17730.28913748823,22.985441772267222,764.1874819099903,9236.275924978778
17730.375577343628,22.986985232681036,764.2606679052114,9236.275924978778
17731.27434310317,22.986985232681036,764.2606679052114,9236.552245466039
17731.393780639395,22.98856719210744,764.3575467411429,9236.552245466039
17732.525539625436,22.98856719210744,764.3575467411429,9236.828808870167
17732.61432769522,22.990178000181913,764.4227568432689,9236.828808870167
17733.179200364277,22.990178000181913,764.4227568432689,9237.12304216437
17737.604631928727,22.99538063071668,764.4898295793682,9237.12304216437
17738.176580183208,22.99538063071668,764.4898295793682,9237.386214816943
17738.238530827686,22.996973879635334,764.5388575680554,9237.386214816943
17738.86082964763,22.996973879635334,764.5388575680554,9237.665646314621
17738.95249398984,22.998516576364636,764.6074604932219,9237.665646314621
17739.51039171405,22.998516576364636,764.6074604932219,9237.953564953059
17739.598166836426,23.00018583610654,764.678842689842,9237.953564953059
17740.432435618713,23.00018583610654,764.678842689842,9238.256447572261
17742.241523923352,23.008457593619823,764.7896616384387,9238.256447572261
17742.76145764813,23.008457593619823,764.7896616384387,9238.613086458296
17742.842610087246,23.010082023218274,764.8579259850085,9238.613086458296
17743.55373815261,23.010082023218274,764.8579259850085,9239.021607384086
17743.626907356083,23.011694760993123,764.9172011893243,9239.021607384086
17744.33169463277,23.011694760993123,764.9172011893243,9239.470894331113
17744.50324792415,23.013236427679658,764.9938049763441,9239.470894331113
17745.172956053168,23.013236427679658,764.9938049763441,9239.770534111187
17747.14239164628,23.018360260874033,765.0458242688328,9239.770534111187
17747.733872288838,23.018360260874033,765.0458242688328,9240.056101838127
17747.819153664634,23.019927656278014,765.117945836857,9240.056101838127
17748.734652340412,23.019927656278014,765.117945836857,9240.363170463592
17749.14583979547,23.02150041423738,765.2044760137796,9240.363170463592
17749.8035457395,23.02150041423738,765.2044760137796,9240.65961419791
17750.061893561855,23.023212894797325,765.2687547113746,9240.65961419791
17751.31253614463,23.023212894797325,765.2687547113746,9241.064290072769
17753.700336081907,23.029022999107838,765.3189179319888,9241.064290072769
17754.336325962096,23.029022999107838,765.3189179319888,9241.257399884984
17754.407016152516,23.030732138082385,765.3757548704743,9241.257399884984
17755.236271556467,23.030732138082385,765.3757548704743,9241.531456762925
17755.324794780463,23.036346158012748,765.4426751025021,9241.531456762925
17755.949144849554,23.036346158012748,765.4426751025021,9241.929624121636
17756.04096099548,23.037901544943452,765.5245905853808,9241.929624121636
17756.6540740598,23.037901544943452,765.5245905853808,9242.251965174451
17757.400517642498,23.042892089113593,765.6014269385487,9242.251965174451
17758.0199798923,23.042892089113593,765.6014269385487,9242.53917256184
17758.123869094998,23.044544208794832,765.695336651057,9242.53917256184
17758.774285236374,23.044544208794832,765.695336651057,9242.904486613348
17758.854462072253,23.046154586598277,765.7657022792846,9242.904486613348
17759.47149258852,23.046154586598277,765.7657022792846,9243.19800280407
17759.547227680683,23.048069782555103,765.8186358008534,9243.19800280407
17760.1207000874,23.048069782555103,765.8186358008534,9243.613323893398
17761.141999382526,23.053098913282156,765.9528666324914,9243.613323893398
17761.97604993172,23.053098913282156,765.9528666324914,9244.199306748807
17762.070513723418,23.054833514615893,766.0331572685391,9244.199306748807
17762.708505172282,23.054833514615893,766.0331572685391,9244.640073819086
17762.851710677147,23.0564171820879,766.1594868414104,9244.640073819086
17763.524136768654,23.0564171820879,766.1594868414104,9245.089366823435
17763.60243262723,23.058036498725414,766.2255834899843,9245.089366823435
17764.15300372988,23.058036498725414,766.2255834899843,9245.45172531344
17764.98322864063,23.068222522735596,766.2775484323502,9245.45172531344
17765.599806379527,23.068222522735596,766.2775484323502,9245.888898961246
17765.730097630993,23.06983463279903,766.3941248264164,9245.888898961246
17766.586738592014,23.06983463279903,766.3941248264164,9246.298839513212
17766.66535521671,23.071495654061437,766.4435385614634,9246.298839513212
17767.371205013245,23.071495654061437,766.4435385614634,9246.694940375164
17767.462420718744,23.073123762384057,766.5252458211035,9246.694940375164
17768.074838312343,23.073123762384057,766.5252458211035,9247.072177123278
17768.91961522773,23.07834491506219,766.5881957635283,9247.072177123278
17769.543015800416,23.07834491506219,766.5881957635283,9247.473635293543
17769.64626365155,23.079981131479144,766.6772921402007,9247.473635293543
17770.442810242996,23.079981131479144,766.6772921402007,9248.025831725448
17770.55522081256,23.081555392593145,766.7613784633577,9248.025831725448
17771.275481060147,23.081555392593145,766.7613784633577,9248.494543893263
17771.342036785558,23.083145201206207,766.8109863512218,9248.494543893263
17771.966927396134,23.083145201206207,766.8109863512218,9248.963256400079
17772.747917015105,23.088157249614596,766.9267677292228,9248.963256400079
17773.401589365676,23.088157249614596,766.9267677292228,9249.419445091859
17773.50404718332,23.089793920516968,767.0132381170988,9249.419445091859
17774.091305371374,23.089793920516968,767.0132381170988,9249.812192544341
17774.17447592877,23.09142142906785,767.0867107193917,9249.812192544341
17775.001985492185,23.09142142906785,767.0867107193917,9250.385903766379
17775.077807335183,23.093105897307396,767.1504597160965,9250.385903766379
17775.67852039635,23.093105897307396,767.1504597160965,9250.829896125942
17776.33763298765,23.09797008894384,767.2343236189336,9250.829896125942
17776.802799612284,23.09797008894384,767.2343236189336,9251.13065222837
17776.914841501042,23.099595518782735,767.3315830733627,9251.13065222837
17777.429479764774,23.099595518782735,767.3315830733627,9251.478699129075
17777.538322085515,23.10110431537032,767.4278043061495,9251.478699129075
17778.276890216395,23.10110431537032,767.4278043061495,9251.966010443866
17778.39379737526,23.102871995419264,767.5316615700722,9251.966010443866
17779.118880901486,23.102871995419264,767.5316615700722,9252.432097533718
17779.832179335877,23.10979394055903,767.5824452899396,9252.432097533718
17780.34526669793,23.10979394055903,767.5824452899396,9252.765854794532
17780.438687911257,23.11145419999957,767.6631521414965,9252.765854794532
17781.097696829587,23.11145419999957,767.6631521414965,9253.206037506461
17781.17169947177,23.113178089261055,767.7235274165869,9253.206037506461
17781.89243962057,23.113178089261055,767.7235274165869,9253.68733625114
17781.9791651126,23.114737337455153,767.7926345076412,9253.68733625114
17782.53863361664,23.114737337455153,767.7926345076412,9254.038907375187
17783.130567468703,23.119712768122554,767.844474626705,9254.038907375187
17783.69804028608,23.119712768122554,767.844474626705,9254.442635565996
17783.802917916328,23.121407639235258,767.9271907657385,9254.442635565996
17784.459579491988,23.121407639235258,767.9271907657385,9254.858329053968
17784.570273660123,23.123191580176353,768.0241733640432,9254.858329053968
17785.286643067375,23.123191580176353,768.0241733640432,9255.36632437259
17785.36966787465,23.1247944496572,768.0936787445098,9255.36632437259
17786.02242144011,23.1247944496572,768.0936787445098,9255.8024945613
17786.758615108207,23.129774630069733,768.2166130635887,9255.8024945613
17787.316460581496,23.129774630069733,768.2166130635887,9256.126462925225
17787.435959096998,23.13140282779932,768.3117761984468,9256.126462925225
17788.036068459973,23.13140282779932,768.3117761984468,9256.55844828859
17788.127008708194,23.133807130157948,768.3890679385513,9256.55844828859
17788.659040004015,23.133807130157948,768.3890679385513,9256.932611480355
17788.732972055674,23.135397348552942,768.4476879909635,9256.932611480355
17789.36637919955,23.135397348552942,768.4476879909635,9257.32093444094
17790.033977024257,23.140261169523,768.5272438246757,9257.32093444094
17790.74538925104,23.140261169523,768.5272438246757,9257.781488001347
17790.824644668028,23.14184952713549,768.5967664048076,9257.781488001347
17791.656626833603,23.14184952713549,768.5967664048076,9258.326516384259
17791.756052028388,23.14341309480369,768.6667109429836,9258.326516384259
17792.18538837135,23.14341309480369,768.6667109429836,9258.607969667763
17792.265875140205,23.146149907261133,768.7352543361485,9258.607969667763
17792.798370096833,23.146149907261133,768.7352543361485,9258.96114180237
17793.499428635463,23.151044575497508,768.8393948636949,9258.96114180237
17794.21459573321,23.151044575497508,768.8393948636949,9259.442969286814
17794.34539483674,23.152649842202663,768.9560857787728,9259.442969286814
17795.03729658015,23.152649842202663,768.9560857787728,9259.969967402518
17795.116032559425,23.15422423928976,769.0209393557161,9259.969967402518
17795.76315089129,23.15422423928976,769.0209393557161,9260.431660622358
17795.84579092078,23.156054083257914,769.0937640555203,9260.431660622358
17796.473274737597,23.156054083257914,769.0937640555203,9260.82062286511
17797.041698643938,23.16298934072256,769.1546106189489,9260.82062286511
17797.58569963835,23.16298934072256,769.1546106189489,9261.21465315856
17797.64677767642,23.16456874832511,769.2056441940367,9261.21465315856
17798.186280528083,23.16456874832511,769.2056441940367,9261.564672734588
17798.2697068993,23.166203416883945,769.2721065301448,9261.564672734588
17798.898443149403,23.166203416883945,769.2721065301448,9261.940835244954
17798.97389242798,23.167835446074605,769.3377550002187,9261.940835244954
17799.695620523766,23.167835446074605,769.3377550002187,9262.361666213721
