Exud_tot,Exud_liq,Exud_ads,Exud_ads_soil,Exud_ads_roots,Exud_decay
0.0,0.0,0.0,0.0,0.0,0.0
0.0,0.0,0.0,0.0,0.0,0.0
0.0,0.0,0.0,0.0,0.0,0.0
0.0,0.0,0.0,0.0,0.0,0.0
0.0,0.0,0.0,0.0,0.0,0.0
0.0,0.0,0.0,0.0,0.0,0.0
0.0,0.0,0.0,0.0,0.0,0.0
0.0,0.0,0.0,0.0,0.0,0.0
0.0,0.0,0.0,0.0,0.0,0.0
0.0,0.0,0.0,0.0,0.0,0.0
0.0,0.0,0.0,0.0,0.0,0.0
0.0,0.0,0.0,0.0,0.0,0.0
0.0,0.0,0.0,0.0,0.0,0.0
0.0,0.0,0.0,0.0,0.0,0.0
0.0,0.0,0.0,0.0,0.0,0.0
0.0,0.0,0.0,0.0,0.0,0.0
0.0,0.0,0.0,0.0,0.0,0.0
0.0,0.0,0.0,0.0,0.0,0.0
0.0,0.0,0.0,0.0,0.0,0.0
0.0,0.0,0.0,0.0,0.0,0.0
0.0,0.0,0.0,0.0,0.0,0.0
0.0,0.0,0.0,0.0,0.0,0.0
0.0,0.0,0.0,0.0,0.0,0.0
0.0,0.0,0.0,0.0,0.0,0.0
0.0,0.0,0.0,0.0,0.0,0.0
0.0,0.0,0.0,0.0,0.0,0.0
0.0,0.0,0.0,0.0,0.0,0.0
0.0,0.0,0.0,0.0,0.0,0.0
0.0,0.0,0.0,0.0,0.0,0.0
0.0,0.0,0.0,0.0,0.0,0.0
0.0,0.0,0.0,0.0,0.0,0.0
0.0,0.0,0.0,0.0,0.0,0.0
0.0,0.0,0.0,0.0,0.0,0.0
0.0,0.0,0.0,0.0,0.0,0.0
0.0,0.0,0.0,0.0,0.0,0.0
0.0,0.0,0.0,0.0,0.0,0.0
0.0,0.0,0.0,0.0,0.0,0.0
4.545131521158268e-08,1.0868279186031275e-10,4.533774780413315e-08,0.0,4.533774780413316e-08,4.884615589204296e-12
9.216518706507552e-08,1.1202923247435026e-10,9.204322535312108e-08,0.0,9.20432253531211e-08,9.932479480082337e-12
1.401415961518021e-07,1.1541037785568979e-10,1.4001105299802382e-07,0.0,1.4001105299802382e-07,1.5132775922561164e-11
1.8938054248266463e-07,1.1880299786199883e-10,1.8924125346749716e-07,0.0,1.892412534674972e-07,2.048601730548602e-11
2.398820260642271e-07,1.22207128704441e-10,2.397338262203691e-07,0.0,2.397338262203691e-07,2.5992715153480014e-11
2.916460469030219e-07,1.2562280129225952e-10,2.9148877071910255e-07,0.0,2.9148877071910255e-07,3.165338262703615e-11
3.4467260500554934e-07,1.2905004645310071e-10,3.445060864245764e-07,0.0,3.445060864245764e-07,3.746853451976128e-11
3.989617003782771e-07,1.3248889497741447e-10,3.9878577279604395e-07,0.0,3.98785772796044e-07,4.3438687255670204e-11
4.545133330276396e-07,1.3593937765556353e-10,4.5432782929109804e-07,0.0,4.543278292910981e-07,4.9564358886048456e-11
5.113275029600395e-07,1.3940152530741162e-10,5.111322553656461e-07,0.0,5.111322553656461e-07,5.58460690859524e-11
5.694042101818492e-07,1.4287536879262056e-10,5.691990504739091e-07,0.0,5.691990504739091e-07,6.22843391478117e-11
6.287434546994118e-07,1.463609390435234e-10,6.285282140683922e-07,0.0,6.285282140683922e-07,6.887969197630793e-11
6.893452365190429e-07,1.4985826710526788e-10,6.891197455998465e-07,0.0,6.891197455998465e-07,7.563265209111186e-11
7.5120955564703e-07,1.5336738409403676e-10,7.50973644517317e-07,0.0,7.509736445173171e-07,8.254374561897879e-11
8.14336412089638e-07,1.568883212225108e-10,8.140899102681264e-07,0.0,8.140899102681265e-07,8.96135002891593e-11
8.787258058531084e-07,1.6042110980225535e-10,8.784685422978774e-07,0.0,8.784685422978775e-07,9.684244542869315e-11
9.443777369436624e-07,1.6396578124376813e-10,9.44109540050461e-07,0.0,9.441095400504611e-07,1.0423111195760522e-10
1.0112922053675004e-06,1.675223670546217e-10,1.0110129029680616e-06,0.0,1.0110129029680618e-06,1.1178003238402352e-10
1.079469211130807e-06,1.7109089883606026e-10,1.0791786304911717e-06,0.0,1.0791786304911717e-06,1.1948974079923307e-10
1.1489087542397522e-06,1.7467140827839807e-10,1.148606722058601e-06,0.0,1.148606722058601e-06,1.273607728726822e-10
1.2196108347004893e-06,1.7826392715551017e-10,1.219297177107487e-06,0.0,1.219297177107487e-06,1.353936658469517e-10
1.2915754525191653e-06,1.8186848731873906e-10,1.2912499950733139e-06,0.0,1.2912499950733139e-06,1.4358895853270837e-10
1.3648026077019115e-06,1.8548512069059854e-10,1.364465175389917e-06,0.0,1.364465175389917e-06,1.519471913036589e-10
1.4392923002548493e-06,1.8911385925903587e-10,1.4389427174894984e-06,0.0,1.4389427174894986e-06,1.6046890609155754e-10
1.5150445301835337e-06,1.9275281856619563e-10,1.5146826228035477e-06,0.0,1.514682622803548e-06,1.691545614196679e-10
1.5920592974926138e-06,1.9640019997010812e-10,1.5916848927566905e-06,0.0,1.5916848927566907e-06,1.7800453595295817e-10
1.6703366021873537e-06,2.0005925123067378e-10,1.6699495235839022e-06,0.0,1.6699495235839024e-06,1.8701935222049777e-10
1.7498764442736017e-06,2.037299953237643e-10,1.7494765147440082e-06,0.0,1.7494765147440084e-06,1.9619953426974704e-10
1.830678823757202e-06,2.0741245613367857e-10,1.8302658656937594e-06,0.0,1.8302658656937594e-06,2.055456073087687e-10
1.912743740643985e-06,2.1110665773842538e-10,1.9123175758885378e-06,0.0,1.9123175758885378e-06,2.1505809770902467e-10
1.9960711949397824e-06,2.148126244002533e-10,1.9956316447823743e-06,0.0,1.9956316447823743e-06,2.2473753300800024e-10
2.080661186650429e-06,2.1853038055649308e-10,2.0802080718279605e-06,0.0,2.080208071827961e-06,2.345844419117329e-10
2.1665137157817574e-06,2.222599508108879e-10,2.1660468564766485e-06,0.0,2.1660468564766485e-06,2.4459935429726456e-10
2.2536287823395907e-06,2.2600135992539832e-10,2.2531479981784503e-06,0.0,2.2531479981784503e-06,2.5478280121502537e-10
2.342006386329759e-06,2.2975463281247869e-10,2.3415114963820548e-06,0.0,2.3415114963820548e-06,2.6513531489115864e-10
2.4316465277581017e-06,2.3351979452780845e-10,2.4311373505348438e-06,0.0,2.4311373505348438e-06,2.7565742872979457e-10
2.522549206635617e-06,2.3731441066067544e-10,2.5220255419460934e-06,0.0,2.5220255419460934e-06,2.8635027886263075e-10
2.6134518864282376e-06,2.3805479279486726e-10,2.6129167547839108e-06,0.0,2.6129167547839108e-06,2.970768515318628e-10
2.704354566576205e-06,2.387964840146502e-10,2.7038079332502963e-06,0.0,2.7038079332502963e-06,3.0783684189367913e-10
2.795257247080056e-06,2.395387993061208e-10,2.7946990780033796e-06,0.0,2.7946990780033796e-06,3.186302773702584e-10
2.8861599279401943e-06,2.40281737862974e-10,2.8855901890170133e-06,0.0,2.8855901890170138e-06,3.294571853182008e-10
2.9770626091570086e-06,2.4102529883628783e-10,2.9764812662650695e-06,0.0,2.97648126626507e-06,3.4031759310294813e-10
3.0679652907308795e-06,2.417694814779044e-10,3.067372309721303e-06,0.0,3.0673723097213035e-06,3.512115280987635e-10
3.1588679726621835e-06,2.4251428513073174e-10,3.1582633193593634e-06,0.0,3.158263319359364e-06,3.6213901768872495e-10
3.2497706549512793e-06,2.432597092199916e-10,3.2491542951527942e-06,0.0,3.2491542951527946e-06,3.731000892647173e-10
3.3406733375985294e-06,2.440057532452919e-10,3.3400452370750567e-06,0.0,3.340045237075057e-06,3.8409477022742355e-10
3.4315760206042857e-06,2.447524167734637e-10,3.430936145099526e-06,0.0,3.430936145099526e-06,3.9512308798631197e-10
3.5224787039688935e-06,2.4549969943208037e-10,3.521827019199502e-06,0.0,3.521827019199502e-06,4.0618506995962405e-10
3.6133813876926916e-06,2.4624760090359237e-10,3.6127178593482134e-06,0.0,3.612717859348214e-06,4.1728074357436067e-10
3.7042840717760183e-06,2.469961209200319e-10,3.703608665518832e-06,0.0,3.7036086655188322e-06,4.2841013626626587e-10
3.7951867562192074e-06,2.4774525925821516e-10,3.794499437684469e-06,0.0,3.794499437684469e-06,4.3957327547981193e-10
3.886089441022584e-06,2.484950157354075e-10,3.885390175818181e-06,0.0,3.885390175818181e-06,4.5077018866818194e-10
3.9769921261864775e-06,2.4924539020541116e-10,3.9762808798929795e-06,0.0,3.9762808798929795e-06,4.620009032932522e-10
4.067894811711213e-06,2.499963825550022e-10,4.067171549881832e-06,0.0,4.067171549881832e-06,4.732654468255741e-10
4.1587974975971e-06,2.5074799270061285e-10,4.158062185757655e-06,0.0,4.158062185757655e-06,4.845638467443561e-10
4.2497001838444636e-06,2.515002205857828e-10,4.24895278749334e-06,0.0,4.24895278749334e-06,4.95896130537443e-10
4.34060287045362e-06,2.522530661782926e-10,4.33984335506174e-06,0.0,4.33984335506174e-06,5.07262325701298e-10
4.4315055574248755e-06,2.5300652946776045e-10,4.430733888435668e-06,0.0,4.430733888435668e-06,5.186624597409815e-10
4.522408244758545e-06,2.537606104635437e-10,4.521624387587911e-06,0.0,4.521624387587911e-06,5.300965601701308e-10
4.613310932454935e-06,2.5451530919280424e-10,4.612514852491232e-06,0.0,4.612514852491232e-06,5.415646545109411e-10
4.704213620514357e-06,2.552706256987636e-10,4.703405283118364e-06,0.0,4.703405283118364e-06,5.530667702941431e-10
4.795116308937117e-06,2.560265600391163e-10,4.794295679442018e-06,0.0,4.794295679442018e-06,5.646029350589832e-10
4.886018997723523e-06,2.567831122845964e-10,4.885186041434885e-06,0.0,4.885186041434885e-06,5.761731763532009e-10
4.976921686873885e-06,2.5754028252557166e-10,4.976076369069628e-06,0.0,4.976076369069628e-06,5.877775217330045e-10
5.0678243763885504e-06,2.5829807084392276e-10,5.066966662318944e-06,0.0,5.066966662318944e-06,5.994159987630469e-10
5.158727066267815e-06,2.5905647734394086e-10,5.157856921155455e-06,0.0,5.157856921155455e-06,6.110886350164202e-10
5.2496297565119734e-06,2.5981550213801735e-10,5.248747145551761e-06,0.0,5.248747145551761e-06,6.227954580746264e-10
5.340532447121326e-06,2.6057514534498413e-10,5.339637335480453e-06,0.0,5.339637335480453e-06,6.345364955275532e-10
5.431435138096174e-06,2.6133540709057756e-10,5.430527490914109e-06,0.0,5.430527490914109e-06,6.463117749734544e-10
5.522337829436807e-06,2.6209628750672054e-10,5.521417611825281e-06,0.0,5.521417611825281e-06,6.581213240189254e-10
5.613240521143525e-06,2.628577867308955e-10,5.612307698186515e-06,0.0,5.612307698186515e-06,6.699651702788806e-10
5.704143151921766e-06,2.6361975262824753e-10,5.703197688834308e-06,0.0,5.703197688834308e-06,6.818433348313648e-10
5.840497082544807e-06,3.697137470460795e-10,5.839428896371098e-06,0.0,5.839428896371099e-06,6.984724266624232e-10
5.978113560123956e-06,3.7396390879222693e-10,5.977024291454951e-06,0.0,5.977024291454953e-06,7.153047602126506e-10
6.116992574397758e-06,3.782392940881363e-10,6.115882005048135e-06,0.0,6.115882005048136e-06,7.32330055535822e-10
6.257134125369986e-06,3.8252292393837266e-10,6.256002053784182e-06,0.0,6.256002053784182e-06,7.49548661866534e-10
6.398538213042732e-06,3.868151170206131e-10,6.3973844369837235e-06,0.0,6.397384436983724e-06,7.669609419881638e-10
6.5412048374181546e-06,3.911161697337145e-10,6.540029153975402e-06,0.0,6.540029153975403e-06,7.845672730176547e-10
6.685133998498483e-06,3.9542636128589917e-10,6.6839362040916576e-06,0.0,6.683936204091658e-06,8.023680455386204e-10
6.830325696286014e-06,3.9974595553241797e-10,6.829105586667654e-06,0.0,6.829105586667654e-06,8.203636628274851e-10
6.976779930783116e-06,4.04075202586806e-10,6.975537301040369e-06,0.0,6.97553730104037e-06,8.38554540160788e-10
7.124496701992206e-06,4.084143402364253e-10,7.123231346547775e-06,0.0,7.123231346547777e-06,8.569411041937835e-10
7.273476009915769e-06,4.127635951418866e-10,7.272187722528237e-06,0.0,7.2721877225282374e-06,8.755237923893155e-10
7.423717854556336e-06,4.17123184051872e-10,7.4224064283197595e-06,0.0,7.4224064283197595e-06,8.943030525248165e-10
7.575222235916501e-06,4.21493314745559e-10,7.573887463259507e-06,0.0,7.5738874632595076e-06,9.132793422493681e-10
7.727989153998902e-06,4.2587418683944674e-10,7.726630826683398e-06,0.0,7.7266308266834e-06,9.324531286653398e-10
7.882018608806235e-06,4.3026599259994564e-10,7.880636517925677e-06,0.0,7.880636517925677e-06,9.518248879571034e-10
8.037310600341223e-06,4.3466891763650527e-10,8.035904536318534e-06,0.0,8.035904536318534e-06,9.7139510505453e-10
8.193865128606663e-06,4.39083141522563e-10,8.192434881191812e-06,0.0,8.192434881191813e-06,9.91164273327631e-10
8.351682193605368e-06,4.435088383526411e-10,8.350227551872705e-06,0.0,8.350227551872706e-06,1.0111328943091458e-09
8.510761795340207e-06,4.4794617724409996e-10,8.509282547685521e-06,0.0,8.509282547685523e-06,1.0313014774422783e-09
8.671103933814099e-06,4.5239532279035824e-10,8.66959986795146e-06,0.0,8.66959986795146e-06,1.0516705398511392e-09
8.832708609029987e-06,4.568564354727712e-10,8.831179511988383e-06,0.0,8.831179511988384e-06,1.0722406061317877e-09
8.99557582098992e-06,4.6132364551985196e-10,8.994021485402816e-06,0.0,8.994021485402816e-06,1.093011941585172e-09
9.159705569695238e-06,4.657960735556591e-10,9.15812578884957e-06,0.0,9.15812578884957e-06,1.1139847721150577e-09
9.325097855148185e-06,4.702800761411517e-10,9.323492415467109e-06,0.0,9.32349241546711e-06,1.1351596049349603e-09
9.491752677351648e-06,4.747758239072978e-10,9.49012136457191e-06,0.0,9.49012136457191e-06,1.1565369558301148e-09
9.659670036308556e-06,4.792834844754589e-10,9.65801263547582e-06,0.0,9.65801263547582e-06,1.178117348260911e-09
9.828849932021884e-06,4.838032216767648e-10,9.827166227487027e-06,0.0,9.827166227487027e-06,1.1999013131789804e-09
9.999292364494646e-06,4.883351958775369e-10,9.997582139909909e-06,0.0,9.997582139909909e-06,1.2218893888586895e-09
1.0170997333729892e-05,4.928795642767706e-10,1.0169260372044875e-05,0.0,1.0169260372044875e-05,1.244082120742838e-09
1.0343964839730716e-05,4.974364811787484e-10,1.0342200923188237e-05,0.0,1.0342200923188239e-05,1.2664800613013801e-09
1.0518194882500245e-05,5.020060982432136e-10,1.05164037926321e-05,0.0,1.05164037926321e-05,1.2890837699020803e-09
1.069368746204164e-05,5.065885647153501e-10,1.0691868979664233e-05,0.0,1.0691868979664235e-05,1.3118938126921455e-09
1.0870442578358116e-05,5.111840276374944e-10,1.0868596483567988e-05,0.0,1.0868596483567988e-05,1.334910762489956e-09
1.1048460231452917e-05,5.157926320443409e-10,1.1046586303622186e-05,0.0,1.1046586303622186e-05,1.358135198686113e-09
1.1227740421329298e-05,5.204145211431939e-10,1.1225838439101001e-05,0.0,1.1225838439101003e-05,1.3815677071530664e-09
1.1408283147990587e-05,5.250498364806176e-10,1.1406352889273943e-05,0.0,1.1406352889273943e-05,1.4052088801626964e-09
1.159008841144475e-05,5.297285037373207e-10,1.15881296224873e-05,0.0,1.15881296224873e-05,1.4290604537143937e-09
1.1771893675584699e-05,5.312564045109984e-10,1.1769909438010685e-05,0.0,1.1769909438010685e-05,1.452981169504387e-09
1.1953698940109564e-05,5.327861575967709e-10,1.195168918322054e-05,0.0,1.195168918322054e-05,1.4769707314273244e-09
1.213550420501971e-05,5.343171486075626e-10,1.2133468858676302e-05,0.0,1.2133468858676302e-05,1.5010291948036236e-09
1.2317309470315445e-05,5.358493780433875e-10,1.2315248464322503e-05,0.0,1.2315248464322504e-05,1.5251566149011017e-09
1.2499114735997079e-05,5.37382846281753e-10,1.2497028000103796e-05,0.0,1.2497028000103796e-05,1.5493530470037562e-09
1.2680920002064928e-05,5.389175536991886e-10,1.2678807465964819e-05,0.0,1.2678807465964819e-05,1.5736185464117039e-09
1.286272526851928e-05,5.404535006713003e-10,1.2860586861850166e-05,0.0,1.2860586861850168e-05,1.5979531684411483e-09
1.3044530535360465e-05,5.41990687572803e-10,1.3042366187704469e-05,0.0,1.304236618770447e-05,1.6223569684243213e-09
1.3226335802588778e-05,5.435291147775209e-10,1.322414544347229e-05,0.0,1.322414544347229e-05,1.6468300017094508e-09
1.3408141070204535e-05,5.450687826583856e-10,1.3405924629098214e-05,0.0,1.3405924629098216e-05,1.6713723236607056e-09
1.3589946338208048e-05,5.466096915874274e-10,1.3587703744526802e-05,0.0,1.3587703744526802e-05,1.6959839896581572e-09
1.3771751606599625e-05,5.481518419357465e-10,1.376948278970259e-05,0.0,1.376948278970259e-05,1.7206650550977333e-09
1.3953556875379572e-05,5.496952340735213e-10,1.3951261764570105e-05,0.0,1.3951261764570105e-05,1.745415575391169e-09
1.41353621445482e-05,5.512398683699962e-10,1.4133040669073869e-05,0.0,1.4133040669073869e-05,1.7702356059659665e-09
1.4317167414105818e-05,5.527857451934725e-10,1.4314819503158356e-05,0.0,1.4314819503158356e-05,1.7951252022653465e-09
1.449897268405274e-05,5.543328649112986e-10,1.449659826676808e-05,0.0,1.449659826676808e-05,1.8200844197482031e-09
1.4680777954389266e-05,5.55881227889864e-10,1.4678376959847488e-05,0.0,1.4678376959847488e-05,1.84511331388906e-09
1.4862583225115719e-05,5.574308344945932e-10,1.4860155582341044e-05,0.0,1.4860155582341044e-05,1.870211940178021e-09
1.5044388496232402e-05,5.589816850899371e-10,1.5041934134193189e-05,0.0,1.5041934134193189e-05,1.8953803541207254e-09
1.5226193767739622e-05,5.605337800393623e-10,1.5223712615348339e-05,0.0,1.5223712615348339e-05,1.9206186112383052e-09
1.540799903963769e-05,5.620871197053528e-10,1.540549102575092e-05,0.0,1.540549102575092e-05,1.9459267670673345e-09
1.5589804311926925e-05,5.636417044493972e-10,1.5587269365345315e-05,0.0,1.5587269365345315e-05,1.9713048771597846e-09
1.577160958460763e-05,5.651975346319904e-10,1.5769047634075914e-05,0.0,1.5769047634075914e-05,1.9967529970829772e-09
1.5953414857680118e-05,5.667546106126199e-10,1.5950825831887085e-05,0.0,1.5950825831887085e-05,2.0222711824195386e-09
1.6135220131144687e-05,5.683129327497627e-10,1.613260395872317e-05,0.0,1.613260395872317e-05,2.0478594887673487e-09
1.631702540500167e-05,5.698725014008847e-10,1.6314382014528528e-05,0.0,1.631438201452853e-05,2.0735179717395033e-09
1.6498830679251368e-05,5.714333169224293e-10,1.649615999924748e-05,0.0,1.6496159999247483e-05,2.099246686964256e-09
1.6680635953894082e-05,5.729953796698212e-10,1.6677937912824327e-05,0.0,1.6677937912824327e-05,2.12504569008498e-09
1.6862441228930138e-05,5.745586899974526e-10,1.6859715755203383e-05,0.0,1.6859715755203383e-05,2.150915036760113e-09
1.7044246504359834e-05,5.76123248258684e-10,1.704149352632891e-05,0.0,1.7041493526328913e-05,2.1768547826631164e-09
1.722605178018349e-05,5.776890548058431e-10,1.7223271226145202e-05,0.0,1.7223271226145202e-05,2.202864983482422e-09
1.740785705640141e-05,5.792561099902109e-10,1.7405048854596502e-05,0.0,1.7405048854596502e-05,2.2289456949213895e-09
1.75896623330139e-05,5.808244141620304e-10,1.758682641162705e-05,0.0,1.758682641162705e-05,2.2550969726982542e-09
1.7771467610021298e-05,5.823939676704896e-10,1.7768603897181082e-05,0.0,1.7768603897181082e-05,2.2813188725460825e-09
1.7953272838382504e-05,5.8396464718403e-10,1.7950381262290347e-05,0.0,1.7950381262290347e-05,2.307611444975515e-09
1.8180529370080837e-05,6.875951603746136e-10,1.8177503241845465e-05,0.0,1.817750324184547e-05,2.3385330749988526e-09
1.840904845091205e-05,6.927351315087457e-10,1.840598601870829e-05,0.0,1.840598601870829e-05,2.369697072253559e-09
1.8638830068716375e-05,6.979001593948314e-10,1.863573107464606e-05,0.0,1.8635731074646066e-05,2.4010939109212222e-09
1.886987422349884e-05,7.030746307626058e-10,1.8866738424874773e-05,0.0,1.8866738424874773e-05,2.4327239933083192e-09
1.9102180915262163e-05,7.082588688328204e-10,1.9099008068657644e-05,0.0,1.9099008068657648e-05,2.464587735681699e-09
1.9335750144009122e-05,7.134531747980606e-10,1.933254000526549e-05,0.0,1.933254000526549e-05,2.496685568834647e-09
1.9570581909742628e-05,7.186578326623594e-10,1.9567334233972744e-05,0.0,1.9567334233972744e-05,2.5290179372212e-09
1.980667621246565e-05,7.238731110812666e-10,1.980339075405639e-05,0.0,1.980339075405639e-05,2.5615852981834967e-09
2.0044033052181245e-05,7.290992649753208e-10,2.004070956479501e-05,0.0,2.0040709564795014e-05,2.5943881212603156e-09
2.0282652428892555e-05,7.343365369486607e-10,2.027929066546804e-05,0.0,2.0279290665468044e-05,2.6274268875669304e-09
2.052253434260277e-05,7.395851584733386e-10,2.051913405535507e-05,0.0,2.051913405535507e-05,2.6607020892209887e-09
2.076367879331517e-05,7.448453511731906e-10,2.0760239733735133e-05,0.0,2.076023973373514e-05,2.6942142288627792e-09
2.1006085781033096e-05,7.501173276694101e-10,2.100260769988622e-05,0.0,2.100260769988622e-05,2.7279638192024823e-09
2.1249755305759952e-05,7.554012924539634e-10,2.124623795308489e-05,0.0,2.1246237953084892e-05,2.7619513826066e-09
2.149468736749922e-05,7.606974426886009e-10,2.1491130492605804e-05,0.0,2.1491130492605804e-05,2.7961774507280357e-09
2.1740881966254405e-05,7.660059688992411e-10,2.1737285317721335e-05,0.0,2.1737285317721335e-05,2.8306425641709733e-09
2.198833910202909e-05,7.713270555980384e-10,2.1984702427701303e-05,0.0,2.1984702427701303e-05,2.8653472721869314e-09
2.223705877482692e-05,7.766608818420317e-10,2.2233381821812678e-05,0.0,2.223338182181268e-05,2.900292132398768e-09
2.248704098465159e-05,7.820076217361211e-10,2.2483323499319307e-05,0.0,2.2483323499319307e-05,2.9354777105498665e-09
2.273828573150683e-05,7.873674448873432e-10,2.2734527459481667e-05,0.0,2.2734527459481667e-05,2.970904580276024e-09
2.299079301539645e-05,7.927405168173262e-10,2.2986993701556736e-05,0.0,2.2986993701556736e-05,3.0065733228979485e-09
2.3244562836323483e-05,7.981229423442567e-10,2.3240722229033097e-05,0.0,2.3240722229033104e-05,3.0424843480400656e-09
2.3499595194289654e-05,8.03510007509078e-10,2.3495713046425274e-05,0.0,2.3495713046425278e-05,3.078637856867467e-09
2.3755890089297662e-05,8.089099460944639e-10,2.3751966144937684e-05,0.0,2.3751966144937687e-05,3.1150344138826077e-09
2.4013447521351244e-05,8.14322933601479e-10,2.400948152382505e-05,0.0,2.4009481523825052e-05,3.1516745925904093e-09
2.4272267490454165e-05,8.197491428975211e-10,2.426825918233687e-05,0.0,2.4268259182336873e-05,3.1885589743924955e-09
2.453234999661026e-05,8.251887430907259e-10,2.4528299119718774e-05,0.0,2.4528299119718774e-05,3.2256881484049196e-09
2.479369503982342e-05,8.306418998564109e-10,2.4789601335212276e-05,0.0,2.478960133521228e-05,3.263062711291286e-09
2.505630262009758e-05,8.361087757354514e-10,2.5052165828054728e-05,0.0,2.505216582805473e-05,3.300683267110087e-09
2.5320172737436708e-05,8.415895304077433e-10,2.531599259747913e-05,0.0,2.531599259747913e-05,3.3385504271750867e-09
2.558530539184483e-05,8.470843209432189e-10,2.5581081642713963e-05,0.0,2.5581081642713963e-05,3.3766648099276547e-09
2.585170058332605e-05,8.525933020326091e-10,2.5847432962983193e-05,0.0,2.5847432962983193e-05,3.4150270408200975e-09
2.611935831188446e-05,8.581166261999306e-10,2.611504655750605e-05,0.0,2.6115046557506053e-05,3.4536377522091026e-09
2.6388278577524237e-05,8.636544439984525e-10,2.6383922425496982e-05,0.0,2.6383922425496982e-05,3.492497583258517e-09
2.665846138024961e-05,8.692069041918616e-10,2.6654060566165567e-05,0.0,2.6654060566165567e-05,3.5316071798507318e-09
2.692990672006482e-05,8.74774153921302e-10,2.6925460978716395e-05,0.0,2.6925460978716398e-05,3.5709671945060406e-09
2.720261459697991e-05,8.803860956842366e-10,2.7198123631463654e-05,0.0,2.7198123631463658e-05,3.610579420569292e-09
2.7475322474761623e-05,8.827474839485549e-10,2.7470789429057944e-05,0.0,2.7470789429057944e-05,3.6502982197316035e-09
2.7748030353034938e-05,8.851113994789113e-10,2.7743455118331753e-05,0.0,2.7743455118331756e-05,3.6901233037040965e-09
2.8020738231800336e-05,8.874771897923642e-10,2.801612069985441e-05,0.0,2.801612069985441e-05,3.730054756134461e-09
2.829344611105821e-05,8.898448555332368e-10,2.8288786173542056e-05,0.0,2.8288786173542056e-05,3.770092660616897e-09
2.8566153990808912e-05,8.922143972067286e-10,2.8561451539310943e-05,0.0,2.8561451539310946e-05,3.8102371007669835e-09
2.8838861871052866e-05,8.945858153160955e-10,2.8834116797077332e-05,0.0,2.8834116797077335e-05,3.850488160221604e-09
2.9111569751790448e-05,8.969591103628274e-10,2.9106781946757448e-05,0.0,2.9106781946757448e-05,3.890845922638855e-09
2.938427763302204e-05,8.993342828467103e-10,2.9379446988267496e-05,0.0,2.9379446988267496e-05,3.931310471697987e-09
2.9656985514748044e-05,9.017113332658781e-10,2.9652111921523678e-05,0.0,2.965211192152368e-05,3.971881891099318e-09
2.9929693396968835e-05,9.040902621168181e-10,2.9924776746442157e-05,0.0,2.9924776746442157e-05,4.012560264564169e-09
3.020240127968479e-05,9.064710698943746e-10,3.019744146293906e-05,0.0,3.0197441462939063e-05,4.053345675834781e-09
3.0475109162896315e-05,9.088537570917482e-10,3.0470106070930547e-05,0.0,3.047010607093055e-05,4.0942382086742485e-09
3.07478170466038e-05,9.112383242004976e-10,3.074277057033273e-05,0.0,3.074277057033273e-05,4.135237946866431e-09
3.1020524930807614e-05,9.136247717105224e-10,3.101543496106169e-05,0.0,3.101543496106169e-05,4.176344974215888e-09
3.1293232815508165e-05,9.160131001100727e-10,3.1288099243033505e-05,0.0,3.1288099243033505e-05,4.217559374547807e-09
3.1565940700705835e-05,9.184033098857375e-10,3.1560763416164244e-05,0.0,3.1560763416164244e-05,4.2588812317079096e-09
3.1838648586401006e-05,9.207954015224365e-10,3.183342748036993e-05,0.0,3.183342748036993e-05,4.300310629562398e-09
3.211135647259407e-05,9.231893755034217e-10,3.210609143556657e-05,0.0,3.210609143556658e-05,4.341847651997857e-09
3.238406435928542e-05,9.255852323102606e-10,3.2378755281670194e-05,0.0,3.2378755281670194e-05,4.383492382921194e-09
3.265677224647545e-05,9.279829724228447e-10,3.265141901859678e-05,0.0,3.265141901859678e-05,4.4252449062595555e-09
3.292948013416455e-05,9.303825963193768e-10,3.292408264626227e-05,0.0,3.292408264626227e-05,4.467105305960248e-09
3.320218802235307e-05,9.3278410447636e-10,3.319674616458261e-05,0.0,3.319674616458261e-05,4.509073665990667e-09
3.347489591104145e-05,9.351874973686032e-10,3.346940957347375e-05,0.0,3.346940957347375e-05,4.5511500703382135e-09
3.3747603800230044e-05,9.375927754692105e-10,3.374207287285157e-05,0.0,3.374207287285157e-05,4.593334603010214e-09
3.402031168991927e-05,9.399999392495724e-10,3.401473606263199e-05,0.0,3.401473606263199e-05,4.635627348033858e-09
3.4293019580109485e-05,9.42408989179369e-10,3.4287399142730856e-05,0.0,3.428739914273086e-05,4.678028389456105e-09
3.4565727470801106e-05,9.448199257265556e-10,3.4560062113064035e-05,0.0,3.4560062113064035e-05,4.720537811343607e-09
3.483843536199451e-05,9.472327493573689e-10,3.483272497354736e-05,0.0,3.483272497354736e-05,4.7631556977826375e-09
3.511114325369009e-05,9.49647460536309e-10,3.510538772409668e-05,0.0,3.510538772409668e-05,4.8058821328790105e-09
3.538385114588822e-05,9.520640597261451e-10,3.537805036462774e-05,0.0,3.537805036462774e-05,4.8487172007579945e-09
3.56565590385893e-05,9.544825473879053e-10,3.565071289505634e-05,0.0,3.565071289505634e-05,4.891660985564247e-09
3.592926693179374e-05,9.56902923980867e-10,3.5923375315298305e-05,0.0,3.5923375315298305e-05,4.934713571461722e-09
3.620197482550189e-05,9.593251899625683e-10,3.6196037625269305e-05,0.0,3.6196037625269305e-05,4.9778750426336e-09
3.647468271971418e-05,9.617493457887841e-10,3.646869982488511e-05,0.0,3.646869982488511e-05,5.021145483282204e-09
3.6747390564069075e-05,9.641752688665943e-10,3.6741361863827964e-05,0.0,3.674136186382797e-05,5.064524972240628e-09
3.7065549711514025e-05,1.0652782078220508e-09,3.705937202445116e-05,0.0,3.705937202445116e-05,5.1124088550441666e-09
3.7384971408007154e-05,1.071356479348233e-09,3.737873947524039e-05,0.0,3.737873947524039e-05,5.160576287406701e-09
3.7705655641591304e-05,1.0774597823039079e-09,3.7699369163258644e-05,0.0,3.7699369163258644e-05,5.20901855035675e-09
3.8027602412271515e-05,1.0835737658926606e-09,3.8021261102404774e-05,0.0,3.8021261102404774e-05,5.257736100857742e-09
3.835081172005071e-05,1.0896987577913752e-09,3.8344415291882674e-05,0.0,3.834441529188268e-05,5.306729410243676e-09
3.8675283564931916e-05,1.0958350640268157e-09,3.866883173090331e-05,0.0,3.866883173090332e-05,5.355998964569813e-09
3.900101794691821e-05,1.1019829734432604e-09,3.899451041868102e-05,0.0,3.899451041868102e-05,5.405545263748407e-09
3.932801486601279e-05,1.1081427595459702e-09,3.932145135443247e-05,0.0,3.932145135443248e-05,5.455368820777449e-09
3.965627432221891e-05,1.1143146821172567e-09,3.964965453737574e-05,0.0,3.964965453737574e-05,5.505470161050589e-09
3.998579631553995e-05,1.1204989886372287e-09,3.9979119966729575e-05,0.0,3.9979119966729575e-05,5.555849821738415e-09
4.031658084597929e-05,1.1266959154530199e-09,4.030984764171262e-05,0.0,4.030984764171262e-05,5.606508351211391e-09
4.064862791354041e-05,1.1329056891325926e-09,4.064183756154271e-05,0.0,4.064183756154272e-05,5.657446308573751e-09
4.09819375182269e-05,1.1391285272112638e-09,4.097508972543649e-05,0.0,4.097508972543649e-05,5.708664263200863e-09
4.131650966004238e-05,1.1453646391330968e-09,4.130960413260891e-05,0.0,4.130960413260891e-05,5.760162794330644e-09
4.16523443389905e-05,1.1516142270349652e-09,4.164538078227277e-05,0.0,4.164538078227277e-05,5.8119424906951024e-09
4.198944155507501e-05,1.1578774864423935e-09,4.198241967363839e-05,0.0,4.1982419673638396e-05,5.8640039501867385e-09
4.2327801308299746e-05,1.1641546068928985e-09,4.232072080591329e-05,0.0,4.232072080591329e-05,5.916347779556089e-09
4.266742359866854e-05,1.170445772495833e-09,4.2660284178301904e-05,0.0,4.2660284178301904e-05,5.968974594137287e-09
4.3008308426185286e-05,1.1767511624364296e-09,4.300110979000526e-05,0.0,4.300110979000526e-05,6.0218850175987645e-09
4.335045579085399e-05,1.1830709514310568e-09,4.334319764022084e-05,0.0,4.334319764022084e-05,6.075079681716709e-09
4.369386569267865e-05,1.1894053101402472e-09,4.368654772814233e-05,0.0,4.368654772814233e-05,6.128559226169104e-09
4.4038538131662895e-05,1.1957522466857133e-09,4.4031160055213074e-05,0.0,4.4031160055213074e-05,6.182324203136228e-09
4.4384473107808566e-05,1.202103357818462e-09,4.437703462965656e-05,0.0,4.437703462965656e-05,6.236374794180449e-09
4.473167062111836e-05,1.208468680874605e-09,4.472417144081474e-05,0.0,4.472417144081474e-05,6.290711622748232e-09
4.508013067159624e-05,1.214848396335466e-09,4.507257048787819e-05,0.0,4.507257048787819e-05,6.345335321714904e-09
4.5429853259246226e-05,1.2212426824213694e-09,4.542223177003173e-05,0.0,4.5422231770031735e-05,6.400246532078205e-09
4.5780838384072376e-05,1.2276517136268617e-09,4.577315528645597e-05,0.0,4.577315528645597e-05,6.455445902777733e-09
4.613308604607879e-05,1.2340756610480735e-09,4.61253410363272e-05,0.0,4.61253410363272e-05,6.510934090529799e-09
4.648659624526965e-05,1.2405146926819558e-09,4.647878901881729e-05,0.0,4.647878901881729e-05,6.566711759676481e-09
4.684136898164915e-05,1.2469689737005408e-09,4.6833499233093406e-05,0.0,4.6833499233093406e-05,6.622779582047764e-09
4.719740425522157e-05,1.2534386667027605e-09,4.718947167831803e-05,0.0,4.718947167831804e-05,6.679138236835634e-09
4.755470206599124e-05,1.2599239319459464e-09,4.754670635364881e-05,0.0,4.754670635364881e-05,6.7357884104791875e-09
4.791326241396249e-05,1.2664249275590567e-09,4.790520325823837e-05,0.0,4.790520325823837e-05,6.792730796559882e-09
4.827308529913973e-05,1.2729418097393452e-09,4.826496239123429e-05,0.0,4.826496239123429e-05,6.849966095706123e-09
4.8634170721527446e-05,1.2794747329342347e-09,4.862598375177901e-05,0.0,4.862598375177901e-05,6.907495015506495e-09
4.8996518681130106e-05,1.2860238500092725e-09,4.8988267339009666e-05,0.0,4.8988267339009666e-05,6.965318270430958e-09
4.9360129177957964e-05,1.2926190366970375e-09,4.9351813121208564e-05,0.0,4.9351813121208564e-05,7.023437712705306e-09
4.972373967576752e-05,1.2958608163120633e-09,4.9715362111755926e-05,0.0,4.9715362111755926e-05,7.081703195284425e-09
5.008735017417645e-05,1.2991058091167856e-09,5.00789109539306e-05,0.0,5.00789109539306e-05,7.1401144367340965e-09
5.0450960673185336e-05,1.3023533210059232e-09,5.0442459648315045e-05,0.0,5.0442459648315045e-05,7.198671549289261e-09
5.081457117279465e-05,1.305603352711015e-09,5.080600819479681e-05,0.0,5.080600819479681e-05,7.257374645127391e-09
5.11781816730048e-05,1.3088559048102723e-09,5.1169556593263555e-05,0.0,5.116955659326356e-05,7.316223836450135e-09
5.154179217381629e-05,1.3121109778790332e-09,5.1533104843602925e-05,0.0,5.1533104843602925e-05,7.375219235483183e-09
5.1905402675229585e-05,1.31536857248999e-09,5.189665294570262e-05,0.0,5.189665294570262e-05,7.434360954476166e-09
5.226901317724511e-05,1.3186286892133018e-09,5.226020089945021e-05,0.0,5.226020089945021e-05,7.493649105702537e-09
5.26326236798634e-05,1.3218913286166622e-09,5.2623748704733317e-05,0.0,5.2623748704733317e-05,7.55308380145947e-09
5.299623418308484e-05,1.3251564912653267e-09,5.298729636143951e-05,0.0,5.298729636143951e-05,7.61266515406775e-09
5.335984468690994e-05,1.3284241777221343e-09,5.335084386945633e-05,0.0,5.335084386945633e-05,7.672393275871656e-09
5.372345519133913e-05,1.3316943885474972e-09,5.3714391228671334e-05,0.0,5.3714391228671334e-05,7.732268279238869e-09
5.408706569637289e-05,1.3349671242994154e-09,5.407793843897203e-05,0.0,5.407793843897203e-05,7.792290276560328e-09
5.44506762020117e-05,1.3382423855334603e-09,5.44414855002459e-05,0.0,5.444148550024591e-05,7.852459380250159e-09
5.481428670825598e-05,1.3415201728027732e-09,5.480503241238044e-05,0.0,5.480503241238044e-05,7.912775702745534e-09
5.517789721510624e-05,1.3448004866580644e-09,5.516857917526307e-05,0.0,5.516857917526307e-05,7.97323935650658e-09
5.554150772256293e-05,1.3480833276476025e-09,5.553212578878127e-05,0.0,5.553212578878127e-05,8.033850454016247e-09
5.590511823062651e-05,1.3513686963171978e-09,5.5895672252822426e-05,0.0,5.5895672252822426e-05,8.094609107780216e-09
5.626872873929743e-05,1.3546565932102144e-09,5.62592185672739e-05,0.0,5.62592185672739e-05,8.155515430326774e-09
5.663233924857618e-05,1.3579470188675383e-09,5.662276473202311e-05,0.0,5.662276473202311e-05,8.216569534206716e-09
5.699594975846319e-05,1.361239973827594e-09,5.698631074695738e-05,0.0,5.698631074695738e-05,8.277771531993208e-09
5.735956026895894e-05,1.3645354586263195e-09,5.734985661196403e-05,0.0,5.734985661196403e-05,8.339121536281703e-09
5.77231707800639e-05,1.367833473797169e-09,5.771340232693041e-05,0.0,5.771340232693042e-05,8.400619659689808e-09
5.8086781291778546e-05,1.3711340198711014e-09,5.807694789174382e-05,0.0,5.807694789174382e-05,8.462266014857175e-09
5.8450391804103306e-05,1.374437097376571e-09,5.8440493306291496e-05,0.0,5.8440493306291496e-05,8.524060714445396e-09
5.88140023170387e-05,1.3777427068395277e-09,5.880403857046071e-05,0.0,5.8804038570460724e-05,8.586003871137876e-09
5.9177612830585146e-05,1.3810508487834024e-09,5.916758368413872e-05,0.0,5.916758368413872e-05,8.64809559763973e-09
5.95412233447431e-05,1.3843615237291049e-09,5.9531128647212705e-05,0.0,5.953112864721271e-05,8.710336006677665e-09
5.9904833859513056e-05,1.3876747321950137e-09,5.989467345956987e-05,0.0,5.989467345956987e-05,8.772725210999856e-09
6.026844437489546e-05,1.3909904746969762e-09,6.02582181210974e-05,0.0,6.02582181210974e-05,8.83526332337585e-09
6.0632054890890795e-05,1.39430875174829e-09,6.0621762631682456e-05,0.0,6.0621762631682456e-05,8.897950456596432e-09
6.099566540749952e-05,1.3976295638597107e-09,6.098530699121218e-05,0.0,6.098530699121218e-05,8.960786723473526e-09
6.135927592472212e-05,1.4009529115394335e-09,6.134885119957373e-05,0.0,6.134885119957373e-05,9.023772236840062e-09
6.172288644255901e-05,1.4042787952930934e-09,6.171239525665416e-05,0.0,6.171239525665416e-05,9.086907109549879e-09
6.208649690983263e-05,1.407607093114036e-09,6.207593911129053e-05,0.0,6.207593911129053e-05,9.150191448994206e-09
6.247283302747986e-05,1.4443918009203015e-09,6.246217355176432e-05,0.0,6.246217355176432e-05,9.215083914617676e-09
6.28598004190214e-05,1.4495393965978981e-09,6.284907067033104e-05,0.0,6.284907067033104e-05,9.280209293759827e-09
6.324739907939898e-05,1.4546918471823545e-09,6.323659882101895e-05,0.0,6.323659882101895e-05,9.345566532845859e-09
6.363562900861385e-05,1.4598486818920505e-09,6.362475800412244e-05,0.0,6.362475800412245e-05,9.411155809522221e-09
6.402449020666692e-05,1.4650101587259357e-09,6.401354821919359e-05,0.0,6.401354821919359e-05,9.476977314601995e-09
6.441398267355912e-05,1.470176516757328e-09,6.440296946579171e-05,0.0,6.440296946579171e-05,9.543031250649978e-09
6.480410640929155e-05,1.4753479774150388e-09,6.479302174348302e-05,0.0,6.479302174348302e-05,9.609317831100215e-09
6.519486141386526e-05,1.4805247463263871e-09,6.518370505183945e-05,0.0,6.518370505183946e-05,9.675837279465841e-09
6.558624768728144e-05,1.4857070149307895e-09,6.557501939043789e-05,0.0,6.557501939043789e-05,9.742589828629955e-09
6.59782652295413e-05,1.4908949618858204e-09,6.596696475885923e-05,0.0,6.596696475885923e-05,9.809575720205136e-09
6.637091404064615e-05,1.4960887542720547e-09,6.635954115668794e-05,0.0,6.635954115668794e-05,9.876795203942013e-09
6.676419412059727e-05,1.5012885488991662e-09,6.675274858351112e-05,0.0,6.675274858351114e-05,9.944248537241376e-09
6.715810546939608e-05,1.5064944930582385e-09,6.714658703891835e-05,0.0,6.714658703891835e-05,1.0011935984669546e-08
6.755264808704396e-05,1.5117067254703849e-09,6.754105652250096e-05,0.0,6.754105652250096e-05,1.007985781753066e-08
6.794782197354239e-05,1.516925377060836e-09,6.793615703385186e-05,0.0,6.793615703385186e-05,1.0148014313477736e-08
6.834362712889286e-05,1.5221505716500551e-09,6.833188857256508e-05,0.0,6.833188857256508e-05,1.021640575615829e-08
6.874006355309692e-05,1.5273824265723197e-09,6.872825113823548e-05,0.0,6.872825113823548e-05,1.0285032434890875e-08
6.913713124615613e-05,1.5326210532305904e-09,6.912524473045853e-05,0.0,6.912524473045853e-05,1.0353894644369383e-08
6.953483020807208e-05,1.537866557595451e-09,6.95228693488301e-05,0.0,6.95228693488301e-05,1.0422992684392215e-08
6.993316043884645e-05,1.5431190406550464e-09,6.992112499294619e-05,0.0,6.992112499294619e-05,1.0492326859614009e-08
7.033212193848087e-05,1.548378598822459e-09,7.032001166240272e-05,0.0,7.032001166240272e-05,1.0561897479317604e-08
7.0731714706977e-05,1.5536450878060932e-09,7.07195293570424e-05,0.0,7.07195293570424e-05,1.0631704846789818e-08
7.11319387443341e-05,1.5589062873985728e-09,7.111967808931928e-05,0.0,7.111967808931928e-05,1.070174872742023e-08
7.153279405055226e-05,1.5641739803819152e-09,7.152045784716766e-05,0.0,7.152045784716764e-05,1.0772029404229528e-08
7.1934280625633e-05,1.5694482705637777e-09,7.192186863019592e-05,0.0,7.192186863019592e-05,1.0842547166508596e-08
7.233639846957777e-05,1.5747292592897823e-09,7.232391043801021e-05,0.0,7.232391043801021e-05,1.0913302308283799e-08
7.27391475823883e-05,1.5800170436251297e-09,7.272658327021656e-05,0.0,7.272658327021656e-05,1.0984295128112938e-08
7.314252796406606e-05,1.5853117166761701e-09,7.312988712642048e-05,0.0,7.312988712642048e-05,1.1055525928896207e-08
7.354653961461278e-05,1.590613367883641e-09,7.353382200622718e-05,0.0,7.35338220062272e-05,1.1126995017701158e-08
7.395118253403004e-05,1.595922083290881e-09,7.393838790924114e-05,0.0,7.393838790924114e-05,1.1198702705600426e-08
7.435645672231961e-05,1.6012379457894682e-09,7.43435848350663e-05,0.0,7.434358483506631e-05,1.1270649307521111e-08
7.476236217948313e-05,1.6065610353444747e-09,7.474941278330569e-05,0.0,7.474941278330569e-05,1.1342835142104969e-08
7.516889890552239e-05,1.61189142920135e-09,7.51558717535616e-05,0.0,7.51558717535616e-05,1.1415260531578376e-08
7.55760669004391e-05,1.6172292020761482e-09,7.55629617454354e-05,0.0,7.55629617454354e-05,1.1487925801631408e-08
7.598386616423507e-05,1.622574426330675e-09,7.597068275852744e-05,0.0,7.597068275852744e-05,1.1560831281305206e-08
7.639229669691211e-05,1.6279271721342453e-09,7.637903479243709e-05,0.0,7.63790347924371e-05,1.1633977302887083e-08
7.680135849847777e-05,1.6333172002440516e-09,7.678801781594812e-05,0.0,7.678801781594812e-05,1.1707365329407335e-08
7.721042030080466e-05,1.6369914536225632e-09,7.719700239090438e-05,0.0,7.71970023909044e-05,1.1780918446652323e-08
7.761948210369727e-05,1.64066870033771e-09,7.760598679843115e-05,0.0,7.760598679843115e-05,1.185463656577533e-08
7.802854390715597e-05,1.6443485774967719e-09,7.801497103877473e-05,0.0,7.801497103877473e-05,1.1928519803761456e-08
7.843760571118121e-05,1.6480310856569484e-09,7.842395511181798e-05,0.0,7.8423955111818e-05,1.200256827757224e-08
7.884666751577337e-05,1.6517162253005985e-09,7.883293901744389e-05,0.0,7.883293901744389e-05,1.2076782104189118e-08
7.925572932093281e-05,1.6554039969108883e-09,7.92419227555353e-05,0.0,7.92419227555353e-05,1.2151161400613281e-08
7.966479112665991e-05,1.6590944009698557e-09,7.965090632597507e-05,0.0,7.965090632597508e-05,1.2225706283865576e-08
8.007385293295505e-05,1.6627874379575434e-09,8.005988972864609e-05,0.0,8.00598897286461e-05,1.2300416870986387e-08
8.04829147398186e-05,1.6664831083515798e-09,8.046887296343121e-05,0.0,8.046887296343123e-05,1.2375293279035514e-08
8.089197654725094e-05,1.6701814126269846e-09,8.087785603021322e-05,0.0,8.087785603021323e-05,1.2450335625092082e-08
8.130103835525245e-05,1.673882351256053e-09,8.128683892887494e-05,0.0,8.128683892887496e-05,1.2525544026254401e-08
8.171010016382355e-05,1.6775859247083222e-09,8.16958216592992e-05,0.0,8.169582165929923e-05,1.2600918599639884e-08
8.211916197296457e-05,1.6812921334505412e-09,8.210480422136875e-05,0.0,8.210480422136875e-05,1.2676459462384898e-08
8.252822378267591e-05,1.6850009779466777e-09,8.251378661496632e-05,0.0,8.251378661496633e-05,1.275216673164468e-08
8.293728559295794e-05,1.6887124586579132e-09,8.292276883997468e-05,0.0,8.292276883997468e-05,1.282804052459321e-08
8.334634740381107e-05,1.6924265760426594e-09,8.33317508962766e-05,0.0,8.33317508962766e-05,1.29040809584231e-08
8.375540921523567e-05,1.6961433305565675e-09,8.374073278375477e-05,0.0,8.374073278375479e-05,1.2980288150345483e-08
8.41644710272321e-05,1.6998627226525375e-09,8.414971450229186e-05,0.0,8.414971450229186e-05,1.3056662217589887e-08
8.457353283980074e-05,1.7035847527807365e-09,8.455869605177054e-05,0.0,8.455869605177056e-05,1.3133203277404133e-08
8.498259465294198e-05,1.7073094213885987e-09,8.496767743207355e-05,0.0,8.496767743207355e-05,1.3209911447054208e-08
8.53916564666562e-05,1.711036728920842e-09,8.537665864308346e-05,0.0,8.537665864308348e-05,1.3286786843824168e-08
8.580071828094382e-05,1.7147666758194767e-09,8.5785639684683e-05,0.0,8.5785639684683e-05,1.3363829585015995e-08
8.620978009580517e-05,1.7184992625238069e-09,8.61946205567547e-05,0.0,8.61946205567547e-05,1.3441039787949527e-08
8.661884191124062e-05,1.7222344894704467e-09,8.66036012591812e-05,0.0,8.660360125918121e-05,1.3518417569962266e-08
8.702790372725059e-05,1.7259723570933164e-09,8.70125817918451e-05,0.0,8.70125817918451e-05,1.3595963048409349e-08
8.743696554383547e-05,1.729712865823645e-09,8.742156215462899e-05,0.0,8.742156215462899e-05,1.3673676340663355e-08
8.78460273609956e-05,1.733456016089985e-09,8.783054234741542e-05,0.0,8.783054234741542e-05,1.3751557564114254e-08
8.825508917873139e-05,1.7372018083182016e-09,8.823952237008689e-05,0.0,8.823952237008692e-05,1.3829606836169227e-08
8.86641509970432e-05,1.7409502429314742e-09,8.8648502222526e-05,0.0,8.864850222252601e-05,1.3907824274252609e-08
8.90732128159314e-05,1.744701320350321e-09,8.905748190461525e-05,0.0,8.905748190461526e-05,1.3986209995805726e-08
8.948227463539642e-05,1.74845504099256e-09,8.946646141623714e-05,0.0,8.946646141623716e-05,1.4064764118286771e-08
8.989133645543862e-05,1.7522114052733394e-09,8.987544075727417e-05,0.0,8.987544075727417e-05,1.414348675917075e-08
9.030039827605835e-05,1.7559704136051257e-09,9.028441992760879e-05,0.0,9.02844199276088e-05,1.4222378035949296e-08
9.070946009725605e-05,1.7597320663977014e-09,9.06933989271235e-05,0.0,9.069339892712352e-05,1.4301438066130568e-08
9.111852186713871e-05,1.7634962394403124e-09,9.110237770393762e-05,0.0,9.110237770393762e-05,1.4380666961677483e-08
9.155030930594112e-05,1.797522876541385e-09,9.153405040652753e-05,0.0,9.153405040652754e-05,1.4461376537057323e-08
9.198272802986007e-05,1.8031059719648383e-09,9.196638258607685e-05,0.0,9.196638258607685e-05,1.4542337811266146e-08
9.241577802269465e-05,1.8086978537070615e-09,9.239934577436808e-05,0.0,9.239934577436808e-05,1.4623550472862217e-08
9.284945928444964e-05,1.8142943441856442e-09,9.283293997539545e-05,0.0,9.283293997539545e-05,1.4705014710033772e-08
9.328377181512611e-05,1.8198957039857573e-09,9.326716518869835e-05,0.0,9.326716518869835e-05,1.4786730723782345e-08
9.371871561472495e-05,1.8255021728205088e-09,9.370202141382525e-05,0.0,9.370202141382525e-05,1.486869872687415e-08
9.415429068324735e-05,1.8311139727327636e-09,9.413750865033165e-05,0.0,9.413750865033165e-05,1.4950918942957565e-08
9.459049702069443e-05,1.836731309942179e-09,9.457362689777873e-05,0.0,9.457362689777874e-05,1.5033391605773137e-08
9.502733462706747e-05,1.8423543764618071e-09,9.501037615573255e-05,0.0,9.501037615573257e-05,1.5116116958444612e-08
9.546480350236773e-05,1.8479833514890575e-09,9.544775642376338e-05,0.0,9.544775642376338e-05,1.519909525283494e-08
9.590290364659652e-05,1.8536184026816242e-09,9.588576770144486e-05,0.0,9.588576770144486e-05,1.5282326748965132e-08
9.63416350597553e-05,1.8592596873629469e-09,9.632440998835344e-05,0.0,9.632440998835344e-05,1.5365811714517256e-08
9.678099774184546e-05,1.864907353343313e-09,9.676368328406778e-05,0.0,9.676368328406779e-05,1.5449550424352745e-08
9.722099169286855e-05,1.8705615398531643e-09,9.720358758816863e-05,0.0,9.720358758816863e-05,1.5533543160084868e-08
9.766161691282605e-05,1.8762223783183263e-09,9.764412290023806e-05,0.0,9.764412290023806e-05,1.5617790209689965e-08
9.810287340171955e-05,1.8818899930522528e-09,9.808528921985933e-05,0.0,9.808528921985933e-05,1.5702291867153173e-08
9.854476115955066e-05,1.88756450187547e-09,9.852708654661663e-05,0.0,9.852708654661665e-05,1.5787048432145158e-08
9.898728018632098e-05,1.8932460166712353e-09,9.89695148800946e-05,0.0,9.89695148800946e-05,1.587206020972653e-08
9.943043048203222e-05,1.8989346438852443e-09,9.941257421987827e-05,0.0,9.941257421987829e-05,1.5957327510077226e-08
9.987421204668614e-05,1.904630484976143e-09,9.985626456555294e-05,0.0,9.985626456555294e-05,1.604285064824831e-08
0.00010031862488028445,1.9103336368233022e-09,0.00010030058591670369,0.0,0.0001003005859167037,1.61286299439341e-08
0.00010076366898282887,1.9160441920994925e-09,0.00010074553827291552,0.0,0.00010074553827291552,1.6214665721262927e-08
0.00010120934435431908,1.9217512733447275e-09,0.00010119112164521938,0.0,0.0001011911216452194,1.630095782636178e-08
0.00010165565099475508,1.927463375776953e-09,0.0001016373360249015,0.0,0.00010163733602490151,1.6387506477802437e-08
0.00010210258890413823,1.93318231491829e-09,0.00010208418140984801,0.0,0.00010208418140984801,1.6474311975287413e-08
0.0001025501580824701,1.9389081922994383e-09,0.00010253165779965437,0.0,0.00010253165779965437,1.6561374623464165e-08
0.00010299835852975241,1.9446411054878693e-09,0.0001029797651939154,0.0,0.00010297976519391541,1.6648694731528253e-08
0.0001034471902459868,1.950381148089796e-09,0.0001034285035922257,0.0,0.0001034285035922257,1.6736272613034503e-08
0.00010389665323117501,1.9561284100439577e-09,0.00010387787299417926,0.0,0.00010387787299417926,1.6824108585722122e-08
0.00010434674748531877,1.9618829778901703e-09,0.0001043278733993695,0.0,0.0001043278733993695,1.691220297135262e-08
0.00010479747300841982,1.967644935015353e-09,0.00010477850480738923,0.0,0.00010477850480738924,1.7000556095559367e-08
0.00010524882980047994,1.9734143618791026e-09,0.00010522976721783034,0.0,0.00010522976721783037,1.708916828770791e-08
0.00010570081786150098,1.979191336220879e-09,0.000105681660630284,0.0,0.000105681660630284,1.7178039880766163e-08
0.00010615343719148475,1.984975933250516e-09,0.00010613418504434031,0.0,0.00010613418504434032,1.7267171211183604e-08
0.0001066066877904331,1.9907682258236452e-09,0.00010658734045958849,0.0,0.0001065873404595885,1.735656261877884e-08
0.00010706056965834789,1.996568284603385e-09,0.00010704112687561664,0.0,0.00010704112687561664,1.7446214446634863e-08
0.00010751508279523692,2.0024058355758998e-09,0.00010749554426123612,0.0,0.00010749554426123612,1.7536128165215904e-08
0.00010796959593296845,2.006504105699912e-09,0.00010794996320303432,0.0,0.00010794996320303433,1.7626225828417516e-08
0.00010842410907134435,2.010605477923858e-09,0.00010840438195852004,0.0,0.00010840438195852006,1.7716507346418334e-08
0.00010887862221036514,2.0147095801255455e-09,0.00010885880052794455,0.0,0.00010885880052794455,1.7806972840467333e-08
0.0001093331353500312,2.0188164128101457e-09,0.00010931321891118661,0.0,0.00010931321891118661,1.789762243178538e-08
0.00010978764849034292,2.022925976396322e-09,0.0001097676371081249,0.0,0.00010976763710812492,1.7988456241610264e-08
0.00011024216163130076,2.0270382712994052e-09,0.00011022205511863825,0.0,0.00011022205511863827,1.8079474391196547e-08
0.0001106966747729051,2.0311532979317136e-09,0.00011067647294260536,0.0,0.00011067647294260536,1.8170677001815454e-08
0.00011115118791515644,2.035271056702755e-09,0.00011113089057990499,0.0,0.00011113089057990499,1.8262064194754767e-08
0.00011160570105805513,2.039391548019386e-09,0.00011158530803041579,0.0,0.0001115853080304158,1.8353636091318705e-08
0.00011206021420160165,2.043514772285876e-09,0.00011203972529401654,0.0,0.00011203972529401655,1.8445392812827818e-08
0.00011251472734579637,2.047640729903966e-09,0.00011249414237058583,0.0,0.00011249414237058584,1.8537334480618882e-08
0.00011296924049063974,2.0517694212728963e-09,0.00011294855926000241,0.0,0.00011294855926000241,1.862946121604475e-08
0.00011342375363613217,2.055900846789425e-09,0.00011340297596214489,0.0,0.00011340297596214489,1.872177314047428e-08
0.0001138782667822741,2.0600350068478266e-09,0.00011385739247689197,0.0,0.00011385739247689199,1.88142703752922e-08
0.0001143327799290659,2.064171901839885e-09,0.00011431180880412216,0.0,0.00011431180880412218,1.8906953041898984e-08
0.00011478729307650811,2.0683115321548992e-09,0.00011476622494371424,0.0,0.00011476622494371424,1.8999821261710768e-08
0.00011524180622460105,2.0724538981796743e-09,0.0001152206408955467,0.0,0.0001152206408955467,1.9092875156159207e-08
0.00011569631937334514,2.0765990002985027e-09,0.00011567505665949816,0.0,0.00011567505665949816,1.9186114846691362e-08
0.00011615083252274083,2.080746838893158e-09,0.00011612947223544716,0.0,0.00011612947223544716,1.92795404547696e-08
0.00011660534567278856,2.0848974143429025e-09,0.00011658388762327233,0.0,0.00011658388762327233,1.9373152101871474e-08
0.00011705985882348869,2.0890507270244486e-09,0.0001170383028228522,0.0,0.00011703830282285222,1.946694990948959e-08
0.0001175143719748417,2.0932067773119767e-09,0.00011749271783406527,0.0,0.00011749271783406527,1.9560933999131508e-08
0.00011796888512684798,2.0973655655771133e-09,0.00011794713265679008,0.0,0.00011794713265679011,1.9655104492319636e-08
0.00011842339827950803,2.101527092188919e-09,0.00011840154729090524,0.0,0.00011840154729090527,1.9749461510591075e-08
0.00011887791143282221,2.1056913575138825e-09,0.00011885596173628918,0.0,0.00011885596173628921,1.9844005175497528e-08
0.0001193324245867909,2.10985836191592e-09,0.00011931037599282038,0.0,0.00011931037599282038,1.9938735608605202e-08
0.0001197869377414146,2.1140281057563534e-09,0.00011976479006037732,0.0,0.00011976479006037734,2.0033652931494656e-08
0.0001202414508966937,2.118200589393918e-09,0.00012021920393883855,0.0,0.00012021920393883856,2.0128757265760686e-08
0.00012069596405262858,2.122375813184731e-09,0.00012067361762808236,0.0,0.00012067361762808237,2.022404873301223e-08
0.00012115047720921968,2.126553777482312e-09,0.00012112803112798735,0.0,0.00012112803112798736,2.031952745487223e-08
0.00012160499036646754,2.1307344826375616e-09,0.00012158244443843194,0.0,0.00012158244443843194,2.0415193552977525e-08
0.00012205950352437247,2.1349179289987496e-09,0.00012203685755929449,0.0,0.00012203685755929449,2.051104714897873e-08
0.00012251401668293487,2.1391041169115114e-09,0.00012249127049045343,0.0,0.00012249127049045343,2.0607088364540103e-08
0.00012296852984215528,2.1432930467188546e-09,0.00012294568323178718,0.0,0.0001229456832317872,2.070331732133945e-08
0.00012342304294940892,2.147484592598706e-09,0.00012340009573068091,0.0,0.00012340009573068091,2.0799734135425443e-08
0.00012390028172173592,2.1812580690552636e-09,0.00012387720284955865,0.0,0.00012387720284955865,2.0897614108223867e-08
0.00012437815177698025,2.187288145347671e-09,0.00012435496872340336,0.0,0.00012435496872340336,2.099576543157348e-08
0.00012485665310120114,2.1933271585554404e-09,0.0001248333655860592,0.0,0.0001248333655860592,2.1094187983417967e-08
0.00012533578569440235,2.1993710042759844e-09,0.0001253123934414361,0.0,0.00012531239344143612,2.1192881961963233e-08
0.0001258155495565849,2.2054199435956703e-09,0.000125792052289063,0.0,0.000125792052289063,2.1291847578260225e-08
0.00012629594468774978,2.2114742168703297e-09,0.00012627234212847778,0.0,0.00012627234212847778,2.1391085055137156e-08
0.00012677697108789818,2.217534046758182e-09,0.0001267532629592251,0.0,0.0001267532629592251,2.1490594626317185e-08
0.0001272586287570313,2.2235996400718697e-09,0.00012723481478085563,0.0,0.00012723481478085563,2.1590376535628577e-08
0.00012774091769515044,2.229671189398372e-09,0.00012771699759292474,0.0,0.00012771699759292474,2.1690431036295914e-08
0.0001282238379022569,2.235748874474583e-09,0.0001281998113949921,0.0,0.0001281998113949921,2.179075839029254e-08
0.00012870738937835203,2.241832863534533e-09,0.00012868325618662073,0.0,0.00012868325618662073,2.1891358867769785e-08
0.00012919157212343732,2.2479233144144192e-09,0.00012916733196737638,0.0,0.00012916733196737638,2.199223274655075e-08
0.00012967638613751425,2.2540203754446387e-09,0.00012965203873682718,0.0,0.00012965203873682718,2.20933803116517e-08
0.00013016183142058435,2.260124186364378e-09,0.0001301373764945431,0.0,0.0001301373764945431,2.219480185485467e-08
0.00013064790797264912,2.2662348790994296e-09,0.0001306233452400957,0.0,0.0001306233452400957,2.2296497674318813e-08
0.00013113461579371028,2.2723525784554266e-09,0.0001311099449730576,0.0,0.00013110994497305762,2.239846807422628e-08
0.00013162195488376947,2.2784774027383134e-09,0.00013159717569300228,0.0,0.00013159717569300228,2.2500713364459158e-08
0.0001321099252428283,2.2846094643109172e-09,0.00013208503739950368,0.0,0.0001320850373995037,2.2603233860303997e-08
0.00013259852687088857,2.290748870093328e-09,0.0001325735300921363,0.0,0.00013257353009213632,2.270602988218135e-08
0.00013308775976795194,2.2968957220140973e-09,0.00013306265377047456,0.0,0.00013306265377047456,2.2809101755397758e-08
0.0001335776239340203,2.303050117418336e-09,0.000133552408434093,0.0,0.000133552408434093,2.2912449809917986e-08
0.00013406811936909546,2.309212149439989e-09,0.00013404279408256586,0.0,0.00013404279408256586,2.3016074380155884e-08
0.0001345592460731774,2.315373019441372e-09,0.0001345338107247434,0.0,0.00013453381072474344,2.311997541453298e-08
0.00013505100404626608,2.3215371737354263e-09,0.0001350254583560365,0.0,0.00013502545835603652,2.3224153055829287e-08
0.00013554339328836266,2.3277084013947158e-09,0.0001355177369723473,0.0,0.0001355177369723473,2.332860761398902e-08
0.00013603641379946878,2.333886804082149e-09,0.00013601064657326058,0.0,0.00013601064657326058,2.343333940414025e-08
0.0001365300655795862,2.3400724798670713e-09,0.00013650418715836034,0.0,0.00013650418715836034,2.3538348745975723e-08
0.0001370243486287165,2.3462655228551954e-09,0.00013699835872723007,0.0,0.00013699835872723007,2.3643635963564235e-08
0.00013751926294686156,2.3524660234828765e-09,0.00013749316127945288,0.0,0.00013749316127945288,2.374920138517599e-08
0.00013801480853402312,2.3586740687860573e-09,0.00013798859481461122,0.0,0.00013798859481461122,2.3855045343120562e-08
0.00013851098539020297,2.364889742646628e-09,0.0001384846593322867,0.0,0.00013848465933228674,2.3961168173596748e-08
0.000139007793515403,2.371113126018381e-09,0.00013898135483206045,0.0,0.00013898135483206045,2.406757021655301e-08
0.00013950523290962504,2.3773442971344918e-09,0.00013947868131351234,0.0,0.00013947868131351237,2.4174251815557837e-08
0.000140003303572871,2.3835833316983047e-09,0.0001399766387762216,0.0,0.0001399766387762216,2.428121331767909e-08
0.00014050200550514276,2.3898303030590226e-09,0.0001404752272197663,0.0,0.0001404752272197663,2.4388455073371793e-08
0.0001410013387064422,2.3960852823736992e-09,0.00014097444664372345,0.0,0.00014097444664372345,2.4495977436373506e-08
0.0001415013031767772,2.402377961810739e-09,0.000141474297016931,0.0,0.000141474297016931,2.460378188440287e-08
0.00014200126764801196,2.4069079162245774e-09,0.00014197414895065292,0.0,0.00014197414895065295,2.471178944278608e-08
0.00014250123211994545,2.41144107821759e-09,0.0001424740006788467,0.0,0.0001424740006788467,2.4820000020521236e-08
0.00014300119659257834,2.415977065619547e-09,0.00014297385220176978,0.0,0.00014297385220176978,2.492841374293172e-08
0.000143501161065911,2.4205158788716844e-09,0.0001434737035192968,0.0,0.0001434737035192968,2.5037030735308138e-08
0.00014400112553994388,2.425057518326078e-09,0.00014397355463130257,0.0,0.0001439735546313026,2.514585112295499e-08
0.00014450109001467733,2.4296019843317183e-09,0.00014447340553766183,0.0,0.00014447340553766183,2.525487503119056e-08
0.0001450010544901119,2.4341492772346273e-09,0.00014497325623824935,0.0,0.00014497325623824935,2.5364102585346758e-08
0.00014550101896624793,2.4386993973780307e-09,0.00014547310673293978,0.0,0.0001454731067329398,2.5473533910769093e-08
0.000146000983443086,2.443252345102462e-09,0.00014597295702160806,0.0,0.00014597295702160806,2.5583169132816476e-08
0.0001465009479206264,2.4478081207458426e-09,0.00014647280710412876,0.0,0.00014647280710412879,2.569300837686115e-08
0.0001470009123988696,2.4523667246435522e-09,0.00014697265698037666,0.0,0.00014697265698037666,2.5803051768288585e-08
0.00014750087687781605,2.4569281571284415e-09,0.00014747250665022644,0.0,0.00014747250665022644,2.5913299432497314e-08
0.00014800084135746622,2.4614924185308557e-09,0.00014797235611355278,0.0,0.0001479723561135528,2.6023751494898893e-08
0.0001485008058378205,2.4660595091786524e-09,0.0001484722053702304,0.0,0.0001484722053702304,2.61344080809177e-08
0.0001490007703188793,2.4706294293971817e-09,0.00014897205442013388,0.0,0.00014897205442013388,2.6245269315990926e-08
0.0001495007348006431,2.4752021795093004e-09,0.00014947190326313804,0.0,0.00014947190326313804,2.635633532556834e-08
0.00015000069928311239,2.4797777598353483e-09,0.0001499717518991174,0.0,0.0001499717518991174,2.6467606235112265e-08
0.00015050066376628748,2.484356170693159e-09,0.00015047160032794667,0.0,0.00015047160032794667,2.6579082170097446e-08
0.00015100062825016883,2.488937412398049e-09,0.00015097144854950043,0.0,0.00015097144854950043,2.6690763256010875e-08
0.000151500592734757,2.493521485262789e-09,0.00015147129656365338,0.0,0.00015147129656365338,2.6802649618351795e-08
0.00015200055722005223,2.4981083895976224e-09,0.00015197114437028,0.0,0.00015197114437028004,2.6914741382631414e-08
0.00015250052170605514,2.5026981257102407e-09,0.00015247099196925504,0.0,0.00015247099196925506,2.702703867437296e-08
0.00015300048619276612,2.507290693905773e-09,0.00015297083936045304,0.0,0.00015297083936045304,2.7139541619111465e-08
0.0001535004506801855,2.511886094486788e-09,0.00015347068654374856,0.0,0.0001534706865437486,2.7252250342393678e-08
0.00015400041516831382,2.5164843277532687e-09,0.00015397053351901623,0.0,0.00015397053351901623,2.736516496977792e-08
0.0001545003796571514,2.5210853940026227e-09,0.00015447038028613058,0.0,0.00015447038028613058,2.7478285626834025e-08
0.0001550003441466989,2.525689293529667e-09,0.0001549702268449662,0.0,0.00015497022684496622,2.7591612439143158e-08
0.0001555003086369565,2.530296026626608e-09,0.00015547007319539755,0.0,0.00015547007319539755,2.7705145532297747e-08
0.00015600027312792473,2.5349055935830605e-09,0.00015596991933729926,0.0,0.0001559699193372993,2.7818885031901328e-08
0.00015650023761960412,2.5395179946860095e-09,0.00015646976527054586,0.0,0.00015646976527054592,2.7932831063568445e-08
0.00015700020211199505,2.544133230219829e-09,0.00015696961099501188,0.0,0.00015696961099501193,2.8046983752924534e-08
0.0001575001666050979,2.548751300466258e-09,0.00015746945651057178,0.0,0.00015746945651057184,2.8161343225605816e-08
0.0001580001310989131,2.5533722057044043e-09,0.00015796930181710014,0.0,0.00015796930181710014,2.8275909607259137e-08
0.0001585000955934412,2.557995946210725e-09,0.00015846914691447145,0.0,0.00015846914691447145,2.839068302354188e-08
0.00015900006003530834,2.562622394747472e-09,0.0001589689917493192,0.0,0.00015896899174931922,2.8505663594394504e-08
0.00015952275014299467,2.5961555072196047e-09,0.0001594915318972032,0.0,0.0001594915318972032,2.8622090284257033e-08
0.00016004607153404134,2.6026401598671423e-09,0.00016001473008560085,0.0,0.00016001473008560088,2.873880828060409e-08
0.00016057002419412757,2.609133732982405e-09,0.00016053855924274781,0.0,0.00016053855924274781,2.885581764671068e-08
0.00016109460812325732,2.6156323591073697e-09,0.00016106301937230758,0.0,0.00016106301937230763,2.897311859061985e-08
0.00016161982332143178,2.622136299924317e-09,0.0001615881104737985,0.0,0.0001615881104737985,2.909071133328249e-08
0.00016214566978865177,2.6286457964314447e-09,0.0001621138325467479,0.0,0.0001621138325467479,2.9208596107439056e-08
0.00016267214752491873,2.6351610719017145e-09,0.00016264018559069006,0.0,0.0001626401855906901,2.9326773156737464e-08
0.0001631992565302337,2.6416823337395807e-09,0.00016316716960516504,0.0,0.00016316716960516504,2.94452427349434e-08
0.00016372699680459822,2.648209775104226e-09,0.00016369478458971786,0.0,0.00016369478458971786,2.9564005105231748e-08
0.0001642553683480134,2.6547435762693825e-09,0.00016422303054389764,0.0,0.00016422303054389764,2.9683060539535302e-08
0.0001647843711604809,2.6612839060462727e-09,0.00016475190746725687,0.0,0.00016475190746725687,2.9802409317984836e-08
0.000165314005242002,2.6678309227812553e-09,0.0001652814153593508,0.0,0.0001652814153593508,2.992205172839326e-08
0.00016584427059257838,2.6743847753165354e-09,0.00016581155421973727,0.0,0.00016581155421973733,3.004198806578001e-08
0.0001663751672122115,2.6809456038964808e-09,0.00016634232404797567,0.0,0.00016634232404797567,3.016221863194393e-08
0.00016690669510090306,2.687513540945686e-09,0.00016687372484362704,0.0,0.00016687372484362707,3.028274373507487e-08
0.00016743885425865476,2.694088711758486e-09,0.00016740575660625362,0.0,0.00016740575660625362,3.0403563689399674e-08
0.0001679716446854682,2.700671235121835e-09,0.0001679384193354182,0.0,0.0001679384193354182,3.052467881485919e-08
0.00016850506638134508,2.7072612238708406e-09,0.00016847171303068442,0.0,0.00016847171303068442,3.0646089436812886e-08
0.00016903911934628728,2.7138587854000757e-09,0.0001690056376916161,0.0,0.0001690056376916161,3.0767795885768855e-08
0.00016957380358029653,2.720464022104022e-09,0.00016954019331777727,0.0,0.00016954019331777727,3.0889798497135736e-08
0.0001701091190833747,2.727077031789618e-09,0.00017007537990873194,0.0,0.00017007537990873194,3.1012097610995154e-08
0.0001706450658555237,2.733697908048305e-09,0.00017061119746404374,0.0,0.00017061119746404374,3.113469357189264e-08
0.00017118164389674393,2.7403199581192938e-09,0.00017114764599035452,0.0,0.00017114764599035452,3.125758643130058e-08
0.00017171885320703525,2.7469435266624464e-09,0.00017168472548725338,0.0,0.00017168472548725338,3.1380776255198735e-08
0.00017225669378639856,2.7535744020079873e-09,0.0001722224359486329,0.0,0.00017222243594863297,3.1504263363616577e-08
0.0001727951656348356,2.760212685938574e-09,0.00017276077737406764,0.0,0.00017276077737406764,3.162804808200894e-08
0.00017333426875234818,2.766858477021635e-09,0.0001732997497631307,0.0,0.00017329974976313073,3.175213074041177e-08
0.00017387400313893797,2.773511869858538e-09,0.00017383935311539485,0.0,0.00017383935311539485,3.1876511673253545e-08
0.00017441436879460677,2.7801729553793876e-09,0.0001743795874304322,0.0,0.0001743795874304322,3.200119121918091e-08
0.00017495536571935646,2.786841821112342e-09,0.00017492045270781447,0.0,0.00017492045270781447,3.2126169720896795e-08
0.00017549699391318887,2.793518551430386e-09,0.00017546194894711242,0.0,0.00017546194894711245,3.225144752501046e-08
0.00017603925337610597,2.8002032277775783e-09,0.00017600407614789632,0.0,0.00017600407614789632,3.2377024981898056e-08
0.0001765821441081096,2.806895928876869e-09,0.00017654683430973515,0.0,0.00017654683430973515,3.250290244557321e-08
0.0001771256661092016,2.8135967309211702e-09,0.00017709022343219714,0.0,0.00017709022343219714,3.262908027356655e-08
0.00017766981937938412,2.820305707749305e-09,0.00017763424351484956,0.0,0.00017763424351484956,3.275555882681359e-08
0.00017821460391865895,2.827022931008276e-09,0.0001781788945572584,0.0,0.0001781788945572584,3.288233846955042e-08
0.00017876001972703416,2.8337780585273523e-09,0.00017872417652828906,0.0,0.0001787241765282891,3.3009420686557476e-08
0.0001793054355363696,2.8387470928048086e-09,0.0001792694600637983,0.0,0.00017926946006379833,3.3136725478503876e-08
0.00017985085134646184,2.84371943621917e-09,0.00017981474337427266,0.0,0.00017981474337427266,3.326425275297085e-08
0.00018039626715731126,2.8486946964463687e-09,0.00018036002645997566,0.0,0.00018036002645997566,3.339200263916727e-08
0.0001809416829689185,2.8536728738608588e-09,0.00018090530932077839,0.0,0.0001809053093207784,3.351997526626447e-08
0.00018148709878128383,2.8586539687463606e-09,0.00018145059195655164,0.0,0.00018145059195655164,3.364817076344467e-08
0.00018203251459440788,2.863637981384428e-09,0.00018199587436716654,0.0,0.00018199587436716654,3.3776589259900906e-08
0.0001825779304082909,2.8686249120541493e-09,0.00018254115655249407,0.0,0.00018254115655249407,3.390523088483683e-08
0.00018312334622293358,2.873614761032073e-09,0.00018308643851240507,0.0,0.00018308643851240507,3.4034095767466675e-08
0.00018366876203833614,2.87860752859222e-09,0.00018363172024677053,0.0,0.00018363172024677053,3.4163184037015113e-08
0.00018421417785449915,2.883603215006076e-09,0.00018417700175546144,0.0,0.00018417700175546144,3.4292495822717135e-08
0.000184759593671423,2.888601820542639e-09,0.0001847222830383486,0.0,0.0001847222830383486,3.442203125381794e-08
0.00018530500948910823,2.893603345468396e-09,0.0001852675640953032,0.0,0.0001852675640953032,3.45517904595728e-08
0.00018585042530755512,2.898607790047349e-09,0.0001858128449261959,0.0,0.0001858128449261959,3.468177356924705e-08
0.00018639584112676436,2.903615154541002e-09,0.0001863581255308977,0.0,0.0001863581255308977,3.48119807121158e-08
0.00018694125694673617,2.9086254392083506e-09,0.00018690340590927948,0.0,0.0001869034059092795,3.4942412017463975e-08
0.00018748667276747113,2.913638644305908e-09,0.0001874486860612122,0.0,0.0001874486860612122,3.5073067614586113e-08
0.00018803208858896966,2.9186547700876563e-09,0.00018799396598656682,0.0,0.00018799396598656685,3.520394763278631e-08
0.0001885775044112322,2.9236738168050605e-09,0.00018853924568521403,0.0,0.00018853924568521403,3.533505220137803e-08
0.00018912292023425922,2.9286957847070554e-09,0.0001890845251570248,0.0,0.00018908452515702484,3.546638144968406e-08
0.00018966833605805114,2.9337206740400407e-09,0.00018962980440187006,0.0,0.00018962980440187006,3.559793550703635e-08
0.00019021375188260842,2.9387484850478695e-09,0.0001901750834196206,0.0,0.00019017508341962063,3.572971450277596e-08
0.0001907591677079316,2.9437792179718385e-09,0.00019072036221014734,0.0,0.00019072036221014736,3.586171856625281e-08
0.00019130458353402093,2.9488128730506744e-09,0.0001912656407733211,0.0,0.0001912656407733211,3.599394782682574e-08
0.00019184999936087708,2.9538494505205426e-09,0.0001918109191090127,0.0,0.0001918109191090127,3.612640241386227e-08
0.00019239541518850038,2.9588889506150187e-09,0.00019235619721709302,0.0,0.00019235619721709302,3.62590824567385e-08
0.00019294083101689127,2.9639313735651e-09,0.00019290147509743285,0.0,0.0001929014750974329,3.639198808483905e-08
0.00019348624684605023,2.9689767195991815e-09,0.00019344675274990313,0.0,0.00019344675274990313,3.652511942755685e-08
0.00019403166267597773,2.9740249889430598e-09,0.00019399203017437446,0.0,0.00019399203017437446,3.6658476614293144e-08
0.00019457707850667423,2.9790761818199185e-09,0.00019453730737071793,0.0,0.00019453730737071793,3.6792059774457244e-08
0.00019512249433814008,2.9841302984503257e-09,0.0001950825843388042,0.0,0.0001950825843388042,3.6925869037466534e-08
0.0001956679101703758,2.9891873390522246e-09,0.00019562786107850402,0.0,0.00019562786107850402,3.705990453274625e-08
0.00019621332600338188,2.9942473038409363e-09,0.00019617313758968837,0.0,0.00019617313758968837,3.7194166389729403e-08
0.00019675874183715873,2.999310193029137e-09,0.00019671841387222785,0.0,0.00019671841387222788,3.7328654737856685e-08
0.00019730415767170686,3.0043760068268625e-09,0.00019726368992599346,0.0,0.0001972636899259935,3.7463369706576314e-08
0.00019784957345288592,3.0094446165669165e-09,0.00019780896569684983,0.0,0.00019780896569684983,3.759831141952202e-08
0.0001984177149003221,3.0427498272244603e-09,0.0001983769374678208,0.0,0.00019837693746782082,3.773468267410415e-08
0.00019898648763140822,3.0496961967081354e-09,0.00019894556656973556,0.0,0.00019894556656973556,3.787136547600217e-08
0.0001995558916315987,3.0566514647067678e-09,0.00019951482662005897,0.0,0.00019951482662005897,3.800836007508266e-08
0.00020012592690089753,3.063612002924704e-09,0.0002000847176222056,0.0,0.0002000847176222056,3.8145666689071304e-08
0.0002006965934393058,3.0705780736455895e-09,0.0002006552395756835,0.0,0.0002006552395756835,3.828328554866555e-08
0.00020126789124682464,3.077549918512273e-09,0.00020122639248000972,0.0,0.00020122639248000972,3.842121689636453e-08
0.00020183982032345523,3.084527761414525e-09,0.0002017981763347082,0.0,0.00020179817633470822,3.855946098558714e-08
0.00020241238066919887,3.091511810348444e-09,0.00020237059113930862,0.0,0.00020237059113930862,3.869801807988254e-08
0.00020298557228405696,3.0985022590438943e-09,0.00020294363689334568,0.0,0.0002029436368933457,3.883688845222158e-08
0.0002035593951680308,3.1054992883089914e-09,0.00020351731359635812,0.0,0.00020351731359635812,3.897607238434194e-08
0.00020413384932112196,3.112503067529033e-09,0.00020409162124788825,0.0,0.00020409162124788825,3.911557016619901e-08
0.000204708934743332,3.119513755556879e-09,0.000204666559847481,0.0,0.000204666559847481,3.9255382095440396e-08
0.00020528465143466234,3.126531501749583e-09,0.00020524212939468365,0.0,0.00020524212939468365,3.939550847693362e-08
0.00020586099939511466,3.1335564468538564e-09,0.0002058183298890455,0.0,0.00020581832988904552,3.953594962233897e-08
0.00020643797862469077,3.140588723784967e-09,0.00020639516133011727,0.0,0.00020639516133011727,3.9676705849721225e-08
0.00020701558912339217,3.1476284583222403e-09,0.00020697262371745064,0.0,0.00020697262371745066,3.9817777483195885e-08
0.00020759383089122068,3.1546757697314795e-09,0.00020755071705059834,0.0,0.00020755071705059834,3.995916485260638e-08
0.00020817270392817807,3.1617307713231316e-09,0.0002081294413291135,0.0,0.0002081294413291135,4.0100868293228923e-08
0.00020875220823426618,3.1687935709547275e-09,0.00020870879655254974,0.0,0.00020870879655254974,4.024288814550241e-08
0.00020933234380948686,3.1758642714828247e-09,0.00020928878272046062,0.0,0.00020928878272046062,4.0385224754780636e-08
0.00020991311065384196,3.18294297117222e-09,0.0002098693998323997,0.0,0.00020986939983239973,4.052787847110491e-08
0.0002104945087673334,3.190029764057758e-09,0.0002104506478879203,0.0,0.0002104506478879203,4.06708496489946e-08
0.00021107653814996218,3.1971200908484346e-09,0.0002110325268914276,0.0,0.00021103252689142765,4.081413844374003e-08
0.00021165919880172793,3.2042101407555652e-09,0.00021161503684674374,0.0,0.00021161503684674374,4.095774484349441e-08
0.00021224249072263139,3.2113077275890557e-09,0.00021219817774572556,0.0,0.00021219817774572559,4.1101669178212175e-08
0.0002128264139126744,3.2184129532413564e-09,0.00021278194958793757,0.0,0.00021278194958793757,4.124591178351753e-08
0.00021341096837185854,3.2255259167741256e-09,0.00021336635237294215,0.0,0.00021336635237294215,4.1390472999631856e-08
0.00021399615410018583,3.232646713277962e-09,0.0002139513861003014,0.0,0.0002139513861003014,4.153535317118531e-08
0.00021458197109765814,3.2397754341736935e-09,0.00021453705076957696,0.0,0.00021453705076957696,4.1680552647042755e-08
0.00021516841936427715,3.2469121674791185e-09,0.00021512334638032954,0.0,0.00021512334638032954,4.1826071780142126e-08
0.0002157554989000449,3.2540569980543394e-09,0.00021571027293211948,0.0,0.0002157102729321195,4.197191092734447e-08
0.00021634320970496327,3.2612100078297105e-09,0.00021629783042450616,0.0,0.00021629783042450616,4.211807044929484e-08
0.00021693155177903432,3.268371276013933e-09,0.000216886018857048,0.0,0.00021688601885704804,4.2264550710292935e-08
0.00021752052512225996,3.2755408792846474e-09,0.00021747483822930248,0.0,0.00021747483822930248,4.241135207817278e-08
0.00021811012973464215,3.2827188919644194e-09,0.00021806428854082604,0.0,0.00021806428854082604,4.255847492419082e-08
0.000218700365616183,3.289905386188617e-09,0.0002186543697911739,0.0,0.0002186543697911739,4.270591962292183e-08
0.0002192912327668906,3.2971299845707776e-09,0.00021924508194924006,0.0,0.00021924508194924006,4.2853687666011654e-08
0.00021988209991862054,3.302545213939357e-09,0.00021983579567537255,0.0,0.00021983579567537255,4.30016980341035e-08
0.00022047296707116673,3.307963850054907e-09,0.00022042650915668358,0.0,0.0002204265091566836,4.314995063313027e-08
0.00022106383422452978,3.3133854903602444e-09,0.00022101722239344345,0.0,0.00022101722239344345,4.329844559599805e-08
0.00022165470137871008,3.3188101351688664e-09,0.0002216079353855194,0.0,0.0002216079353855194,4.3447183055570676e-08
0.0002222455685337082,3.324237784698757e-09,0.00022219864813277876,0.0,0.00022219864813277876,4.359616314471994e-08
0.00022283643568952446,3.329668439165192e-09,0.000222789360635089,0.0,0.000222789360635089,4.37453859963254e-08
0.00022342730284615936,3.335102098780999e-09,0.0002233800728923173,0.0,0.0002233800728923173,4.3894851743274375e-08
0.0002240181700036134,3.3405387637563744e-09,0.00022397078490433119,0.0,0.00022397078490433119,4.4044560518461674e-08
0.00022460903716188706,3.3459784342989994e-09,0.00022456149667099797,0.0,0.00022456149667099797,4.4194512454789615e-08
0.0002251999043209808,3.351421110614029e-09,0.00022515220819218506,0.0,0.00022515220819218506,4.4344707685167856e-08
0.00022579077148089506,3.3568667929041213e-09,0.00022574291946775963,0.0,0.00022574291946775968,4.449514634251331e-08
0.00022638163864163027,3.362315481369471e-09,0.00022633363049758912,0.0,0.00022633363049758912,4.464582855974998e-08
0.00022697250580318689,3.36776717620778e-09,0.00022692434128154093,0.0,0.00022692434128154093,4.479675446980888e-08
0.0002275633729655655,3.373221877614274e-09,0.00022751505181948226,0.0,0.00022751505181948226,4.4947924205627924e-08
0.0002281542401287665,3.3786795857817075e-09,0.00022810576211128054,0.0,0.00022810576211128054,4.5099337900151837e-08
0.00022874510729279033,3.384140300900144e-09,0.0002286964721568031,0.0,0.00022869647215680312,4.525099568633196e-08
0.00022933597445763746,3.3896040231554096e-09,0.00022928718195591721,0.0,0.00022928718195591721,4.540289769712612e-08
0.00022992684162330835,3.3950707527348744e-09,0.00022987789150849015,0.0,0.00022987789150849015,4.5555044065498676e-08
0.00023051770878980348,3.4005404898212784e-09,0.00023046860081438926,0.0,0.00023046860081438926,4.57074349244203e-08
0.00023110857595712333,3.4060132345947944e-09,0.0002310593098734819,0.0,0.0002310593098734819,4.5860070406867886e-08
0.00023169944312526834,3.411488987233107e-09,0.00023165001868563528,0.0,0.00023165001868563533,4.601295064582438e-08
0.00023229031029423897,3.416967747911402e-09,0.00023224072725071675,0.0,0.00023224072725071677,4.616607577427877e-08
0.0002328811774640357,3.4224495168022672e-09,0.0002328314355685937,0.0,0.0002328314355685937,4.631944592522585e-08
0.00023347204463465898,3.4279342940757307e-09,0.00023342214363913322,0.0,0.00023342214363913322,4.647306123166618e-08
0.00023406291180610934,3.433422079899259e-09,0.00023401285146220285,0.0,0.00023401285146220285,4.662692182660594e-08
0.00023465377897838717,3.4389128744377415e-09,0.00023460355903766968,0.0,0.00023460355903766968,4.6781027843056855e-08
0.00023524464615149292,3.444406677853474e-09,0.00023519426636540107,0.0,0.00023519426636540107,4.693537941403599e-08
0.00023583551332542716,3.449903490306168e-09,0.00023578497344526431,0.0,0.00023578497344526431,4.7089976672565745e-08
0.00023642638050019033,3.4554033119529374e-09,0.00023637568027712672,0.0,0.00023637568027712672,4.7244819751673636e-08
0.00023701724767578273,3.4609061429482834e-09,0.00023696638686085538,0.0,0.00023696638686085538,4.739990878439225e-08
0.000237608114852205,3.4664119834440984e-09,0.00023755709319631774,0.0,0.0002375570931963178,4.755524390375908e-08
0.00023819898202945752,3.4719208335896573e-09,0.0002381477992833811,0.0,0.0002381477992833811,4.771082524281646e-08
0.00023878984920754082,3.4774326935316045e-09,0.00023873850512191267,0.0,0.00023873850512191267,4.786665293461138e-08
0.00023938071638645534,3.4829475634139466e-09,0.0002393292107117797,0.0,0.0002393292107117797,4.802272711219542e-08
0.00023997158351127644,3.488465312543252e-09,0.00023991991599806115,0.0,0.0002399199159980612,4.81790479026683e-08
0.00024058517630280412,3.52155543398486e-09,0.00024053331796523798,0.0,0.00024053331796523798,4.833678213214994e-08
0.00024119940037827626,3.5289703669657368e-09,0.00024114737655948838,0.0,0.00024114737655948838,4.849484842092704e-08
0.000241814255722919,3.5363941725108838e-09,0.00024176206608153992,0.0,0.00024176206608153995,4.8653247206582086e-08
0.00024242974233673639,3.543823462138228e-09,0.00024237738653455792,0.0,0.00024237738653455792,4.8811978716366886e-08
0.00024304586021972965,3.5512584987391095e-09,0.00024299333791804036,0.0,0.00024299333791804036,4.897104319057008e-08
0.00024366260937189985,3.5586995246007823e-09,0.00024360992023149392,0.0,0.00024360992023149397,4.913044088129367e-08
0.00024427998979324825,3.566146764227215e-09,0.0002442271334744325,0.0,0.0002442271334744325,4.9290172051571305e-08
0.00024489800148377633,3.573600426205129e-09,0.0002448449776463755,0.0,0.00024484497764637556,4.9450236974579e-08
0.0002455166444434852,3.581060704826804e-09,0.0002454634527468475,0.0,0.0002454634527468475,4.961063593292561e-08
0.00024613591867237653,3.588527781454578e-09,0.000246082558775377,0.0,0.00024608255877537705,4.9771369217998955e-08
0.0002467558241704518,3.5960018260245576e-09,0.0002467022957314963,0.0,0.0002467022957314963,4.9932437129420543e-08
0.00024737636093771244,3.6034829979002047e-09,0.00024732266361474005,0.0,0.00024732266361474005,5.009383997451515e-08
0.0002479975289741603,3.6109714469479674e-09,0.0002479436624246455,0.0,0.0002479436624246455,5.025557806784042e-08
0.0002486193282797968,3.6184673144133494e-09,0.00024856529216075166,0.0,0.00024856529216075166,5.0417651730759874e-08
0.0002492417588546238,3.6259707337011355e-09,0.000249187552822599,0.0,0.000249187552822599,5.058006129105492e-08
0.0002498648206986429,3.6334818310720875e-09,0.00024981044440972934,0.0,0.00024981044440972934,5.074280708257112e-08
0.000250488513811856,3.6410007262663804e-09,0.00025043396692168496,0.0,0.00025043396692168496,5.090588944489561e-08
0.0002511128381942651,3.6485275330628082e-09,0.00025105812035800895,0.0,0.00025105812035800895,5.106930872306217e-08
0.0002517377938458716,3.656062359781601e-09,0.00025168290471824464,0.0,0.00025168290471824464,5.123306526728112e-08
0.00025236338076667776,3.6636053097374946e-09,0.00025230832000193535,0.0,0.00025230832000193535,5.1397159432691873e-08
0.0002529895989566855,3.671156481649246e-09,0.0002529343662086247,0.0,0.0002529343662086247,5.156159157913566e-08
0.00025361644841589656,3.678715970011833e-09,0.0002535610433378556,0.0,0.0002535610433378556,5.172636207094651e-08
0.0002542439291443127,3.6862813771518043e-09,0.00025418835139176744,0.0,0.00025418835139176744,5.189147116801375e-08
0.00025487204114193313,3.693844681940721e-09,0.00025481629037847153,0.0,0.00025481629037847153,5.205691877962148e-08
0.00025550078440875846,3.701415750412813e-09,0.0002554448602877626,0.0,0.0002554448602877626,5.222270524548673e-08
0.0002561301589447906,3.7089946845484716e-09,0.0002560740611191948,0.0,0.0002560740611191948,5.238883091124302e-08
0.00025676016475003135,3.71658158390085e-09,0.00025670389287232035,0.0,0.0002567038928723204,5.255529612713694e-08
0.0002573908018244826,3.724176544055052e-09,0.0002573343555466907,0.0,0.0002573343555466907,5.272210124784027e-08
0.0002580220701681461,3.731779656916957e-09,0.00025796544914185687,0.0,0.00025796544914185687,5.2889246632275715e-08
0.00025847216460400186,3.266843352765612e-09,0.0002584158619813882,0.0,0.00025841586198138824,5.3035779260836337e-08
0.000258922890279742,3.2727765923684405e-09,0.00025886643498279833,0.0,0.00025886643498279833,5.3182520351301224e-08
0.0002593742472244263,3.2786351398045745e-09,0.00025931763906527803,0.0,0.00025931763906527803,5.3329524008503584e-08
0.00025982623543805165,3.2845018059375688e-09,0.00025976947414566254,0.0,0.00025976947414566254,5.347679058318419e-08
0.0002602788549206203,3.290376608043955e-09,0.00026022194022357536,0.0,0.00026022194022357536,5.3624320436965465e-08
0.0002607321056721345,3.29625957803418e-09,0.00026067503729862353,0.0,0.00026067503729862353,5.377211393291741e-08
0.00026118598769259664,3.302150747785251e-09,0.0002611287653704132,0.0,0.0002611287653704132,5.3920171435555545e-08
0.0002616405009820125,3.308068237195823e-09,0.00026158312441971956,0.0,0.00026158312441971956,5.4068494055731827e-08
0.0002620950142722321,3.3121511842545934e-09,0.00026203748512138004,0.0,0.00026203748512138004,5.421699966779251e-08
0.0002625495275630465,3.316235623266274e-09,0.0002624918456393359,0.0,0.0002624918456393359,5.436568808725211e-08
0.0002630040408544558,3.3203211407111653e-09,0.00026294620597395313,0.0,0.00026294620597395313,5.4514559361955076e-08
0.0002634585541464601,3.3244077361840628e-09,0.0002634005661251843,0.0,0.0002634005661251843,5.466361353967142e-08
0.0002639130674390597,3.328495409184725e-09,0.00026385492609298236,0.0,0.00026385492609298236,5.4812850668148735e-08
0.0002643675807322547,3.3325841592133566e-09,0.00026430928587730046,0.0,0.00026430928587730046,5.496227079511226e-08
0.0002648220940260454,3.3366739857702517e-09,0.00026476364547809133,0.0,0.00026476364547809133,5.511187396826486e-08
0.00026527660732043174,3.340764888355798e-09,0.00026521800489530807,0.0,0.0002652180048953081,5.526166023528699e-08
0.000265731120615414,3.344856866470373e-09,0.00026567236412890373,0.0,0.00026567236412890373,5.5411629643836716e-08
0.0002661856339109923,3.3489499196143743e-09,0.0002661267231788312,0.0,0.0002661267231788312,5.556178224154974e-08
0.0002666401472071669,3.3530440472882036e-09,0.00026658108204504345,0.0,0.00026658108204504345,5.571211807603932e-08
0.00026709466050393773,3.357139248992291e-09,0.0002670354407274939,0.0,0.0002670354407274939,5.586263719489634e-08
0.00026754917380130506,3.3612355242270867e-09,0.0002674897992261352,0.0,0.0002674897992261352,5.601333964568932e-08
0.0002680036870992692,3.365332872493052e-09,0.00026794415754092073,0.0,0.00026794415754092073,5.6164225475964265e-08
0.0002684582003978301,3.3694312932906694e-09,0.00026839851567180364,0.0,0.00026839851567180364,5.631529473324489e-08
0.0002689127136969882,3.3735307861204295e-09,0.00026885287361873706,0.0,0.00026885287361873706,5.646654746503244e-08
0.00026936722699674335,3.3776313504828266e-09,0.00026930723138167406,0.0,0.00026930723138167406,5.6617983718805754e-08
0.0002698217402970958,3.3817329858783475e-09,0.0002697615889605679,0.0,0.0002697615889605679,5.6769603542021214e-08
0.00027027625359804573,3.385835691807489e-09,0.0002702159463553718,0.0,0.00027021594635537186,5.692140698211284e-08
0.0002707307668995934,3.389939467770716e-09,0.0002706703035660391,0.0,0.00027067030356603915,5.7073394086492186e-08
0.0002711852802017388,3.394044313268491e-09,0.000271124660592523,0.0,0.000271124660592523,5.722556490254842e-08
0.00027163979350448223,3.398150227801258e-09,0.0002715790174347768,0.0,0.0002715790174347768,5.737791947764824e-08
0.0002720943068078238,3.4022572108694334e-09,0.00027203337409275377,0.0,0.0002720333740927538,5.7530457859135926e-08
0.00027254882011176355,3.406365261973407e-09,0.0002724877305664073,0.0,0.00027248773056640736,5.768318009433332e-08
0.0002730033334163019,3.4104743806135436e-09,0.0002729420868556907,0.0,0.0002729420868556907,5.783608623053982e-08
0.00027345784672143874,3.4145845662901734e-09,0.00027339644296055747,0.0,0.00027339644296055747,5.798917631503241e-08
0.0002739123600271745,3.418695818503591e-09,0.0002738507988809609,0.0,0.0002738507988809609,5.81424503950656e-08
0.0002743668733335091,3.4228081367540474e-09,0.0002743051546168544,0.0,0.0002743051546168544,5.829590851787145e-08
0.0002748213866404427,3.4269215205417753e-09,0.0002747595101681915,0.0,0.0002747595101681915,5.8449550730659626e-08
0.0002752758999479755,3.4310359693669415e-09,0.0002752138655349256,0.0,0.0002752138655349256,5.8603377080617264e-08
0.0002757304132561079,3.4351514827296903e-09,0.0002756682207170103,0.0,0.0002756682207170103,5.8757387614909116e-08
0.0002761849265648398,3.439268060130109e-09,0.00027612257571439896,0.0,0.00027612257571439896,5.891158238067741e-08
0.00027663943987417134,3.4433857010682474e-09,0.00027657693052704523,0.0,0.00027657693052704523,5.906596142504198e-08
0.00027709395318410273,3.4475044050441156e-09,0.0002770312851549026,0.0,0.0002770312851549026,5.922052479510016e-08
0.00027754846649463423,3.4516241715576625e-09,0.00027748563959792476,0.0,0.00027748563959792476,5.937527253792683e-08
0.0002780029798057659,3.4557450001087964e-09,0.0002779399938560652,0.0,0.0002779399938560652,5.953020470057442e-08
0.00027845749311749787,3.4598668901973868e-09,0.0002783943479292776,0.0,0.0002783943479292776,5.968532133007283e-08
0.0002789120064298305,3.463989841323245e-09,0.0002788487018175157,0.0,0.0002788487018175157,5.984062247342962e-08
0.00027936651974276366,3.468113852986135e-09,0.000279303055520733,0.0,0.000279303055520733,5.999610817762973e-08
0.0002798210330562976,3.4722389246857744e-09,0.0002797574090388833,0.0,0.0002797574090388833,6.01517784896357e-08
0.00028027554637043264,3.4763650559218296e-09,0.00028021176237192036,0.0,0.00028021176237192036,6.030763345638763e-08
0.0002807300596851688,3.4804922461939238e-09,0.0002806661155197978,0.0,0.00028066611551979783,6.046367312480304e-08
0.00028118457300050617,3.484620495001624e-09,0.0002811204684824694,0.0,0.0002811204684824694,6.061989754177702e-08
0.0002816390863164451,3.4887498018444497e-09,0.0002815748212598891,0.0,0.0002815748212598891,6.07763067541822e-08
0.0002820935996329856,3.4928801662218755e-09,0.0002820291738520106,0.0,0.0002820291738520106,6.09329008088687e-08
0.00028254811295012785,3.4970115876333258e-09,0.0002824835262587875,0.0,0.0002824835262587875,6.108967975266416e-08
0.00028300262626787206,3.501144065578169e-09,0.0002829378784801741,0.0,0.0002829378784801741,6.12466436323737e-08
0.0002834571395862183,3.5052775995557343e-09,0.000283392230516124,0.0,0.000283392230516124,6.140379249477996e-08
0.00028391165290516675,3.509412189065298e-09,0.0002838465823665911,0.0,0.0002838465823665911,6.156112638664316e-08
0.00028436616622471773,3.51354783360609e-09,0.00028430093403152945,0.0,0.00028430093403152945,6.17186453547009e-08
0.00028482067954487114,3.5176845326772924e-09,0.00028475528551089285,0.0,0.00028475528551089285,6.18763494456684e-08
0.0002852751928656273,3.521822285778033e-09,0.00028520963680463525,0.0,0.00028520963680463525,6.203423870623826e-08
0.0002857297061869863,3.5259610924074022e-09,0.00028566398791271086,0.0,0.00028566398791271086,6.219231318308071e-08
0.00028618421950894833,3.5301009520644343e-09,0.0002861183388350734,0.0,0.00028611833883507347,6.235057292284336e-08
0.0002866387328315135,3.5342418642481267e-09,0.00028657268957167707,0.0,0.00028657268957167707,6.250901797215136e-08
0.0002870932461546821,3.538383828457426e-09,0.00028702704012247606,0.0,0.00028702704012247606,6.266764837760739e-08
0.0002875477594784542,3.542526844191228e-09,0.00028748139048742426,0.0,0.0002874813904874243,6.282646418579155e-08
0.00028800227280283,3.5466709109483967e-09,0.00028793574066647586,0.0,0.00028793574066647586,6.29854654432615e-08
0.00028845678612780953,3.550816028227728e-09,0.0002883900906595848,0.0,0.0002883900906595848,6.314465219655235e-08
0.00028891129945339306,3.5549621955279996e-09,0.0002888444404667054,0.0,0.0002888444404667054,6.330402449217666e-08
0.00028936581277958065,3.5591094123479304e-09,0.0002892987900877917,0.0,0.0002892987900877917,6.346358237662456e-08
0.0002898203261063726,3.5632576781861955e-09,0.000289753139522798,0.0,0.00028975313952279795,6.362332589636355e-08
0.0002902748394337689,3.5674069925414304e-09,0.0002902074887716785,0.0,0.0002902074887716785,6.378325509783876e-08
0.00029072935276176976,3.571557354912225e-09,0.00029066183783438737,0.0,0.00029066183783438737,6.394337002747264e-08
0.0002911838660903754,3.575708764797136e-09,0.00029111618671087897,0.0,0.00029111618671087897,6.410367073166523e-08
0.00029163837941958607,3.5798612216946686e-09,0.00029157053540110757,0.0,0.00029157053540110757,6.426415725679399e-08
0.0002920928927494017,3.584014725103287e-09,0.0002920248839050274,0.0,0.0002920248839050274,6.442482964921388e-08
0.0002925474060798225,3.588169274521423e-09,0.0002924792322225928,0.0,0.0002924792322225927,6.458568795525731e-08
0.0002930019194108487,3.5923248694474564e-09,0.00029293358035375805,0.0,0.00029293358035375805,6.474673222123419e-08
0.00029345643274248046,3.5964815093797406e-09,0.0002933879282984777,0.0,0.0002933879282984777,6.490796249343188e-08
0.0002939109460747178,3.6006391938165725e-09,0.0002938422760567059,0.0,0.0002938422760567059,6.50693788181152e-08
0.00029436545940756114,3.6047979222532557e-09,0.0002942966236283974,0.0,0.0002942966236283974,6.523098124152671e-08
0.00029481997274101034,3.608957694189823e-09,0.0002947509710135063,0.0,0.0002947509710135063,6.53927698098862e-08
0.00029527448607506577,3.613118509124709e-09,0.0002952053182119872,0.0,0.00029520531821198724,6.555474456939089e-08
0.00029572899940972754,3.6172803665560947e-09,0.00029565966522379476,0.0,0.00029565966522379476,6.571690556621543e-08
0.0002961835127449957,3.621443265982101e-09,0.00029611401204888326,0.0,0.00029611401204888326,6.587925284651201e-08
0.00029663802608087054,3.625607206900837e-09,0.0002965683586872072,0.0,0.0002965683586872072,6.60417864564102e-08
0.00029709253941735203,3.6297721888104146e-09,0.00029702270513872126,0.0,0.00029702270513872126,6.620450644201709e-08
0.00029754705275444047,3.6339382112089233e-09,0.0002974770514033798,0.0,0.0002974770514033798,6.636741284941717e-08
0.00029800156609213605,3.638105273594445e-09,0.00029793139748113777,0.0,0.0002979313974811378,6.653050572467244e-08
0.00029845607943043885,3.642273375465015e-09,0.0002983857433719495,0.0,0.0002983857433719495,6.669378511382234e-08
0.000298910592769349,3.6464425163186452e-09,0.00029884008907576974,0.0,0.00029884008907576974,6.685725106288374e-08
0.00029936510610886676,3.6506126956533095e-09,0.0002992944345925532,0.0,0.00029929443459255327,6.702090361785096e-08
0.0002998196194489921,3.6547839129669363e-09,0.00029974877992225446,0.0,0.00029974877992225446,6.718474282469585e-08
0.0003002741327897254,3.6589561677574183e-09,0.00030020312506482826,0.0,0.0003002031250648283,6.734876872936759e-08
0.0003007286461310666,3.6631294595226064e-09,0.0003006574700202293,0.0,0.0003006574700202293,6.751298137779287e-08
0.00030118315947301607,3.667303787760313e-09,0.0003011118147884124,0.0,0.0003011118147884124,6.767738081587585e-08
0.00030163767281557376,3.6714791519683176e-09,0.00030156615936933237,0.0,0.00030156615936933237,6.784196708949814e-08
0.00030209218615873996,3.6756555516443564e-09,0.0003020205037629438,0.0,0.0003020205037629438,6.80067402445187e-08
0.0003025466995025147,3.679832986286134e-09,0.0003024748479692017,0.0,0.0003024748479692017,6.817170032677407e-08
0.0003030012128468983,3.6840114553913197e-09,0.00030292919198806093,0.0,0.00030292919198806093,6.833684738207815e-08
0.00030345572619189086,3.688190958457545e-09,0.0003033835358194762,0.0,0.0003033835358194762,6.85021814562223e-08
0.0003039102395374925,3.6923714949824202e-09,0.00030383787946340255,0.0,0.00030383787946340255,6.866770259497529e-08
0.00030436475288370335,3.6965530644635133e-09,0.00030429222291979477,0.0,0.0003042922229197948,6.88334108440834e-08
0.0003048192662305236,3.700735666398369e-09,0.0003047465661886079,0.0,0.0003047465661886079,6.899930624927031e-08
0.0003052737795779533,3.704919300284501e-09,0.00030520090926979687,0.0,0.00030520090926979687,6.916538885623715e-08
0.00030572829292599277,3.7091039656193983e-09,0.00030565525216331654,0.0,0.0003056552521633166,6.933165871066249e-08
0.0003061828062746421,3.7132896619005114e-09,0.0003061095948691221,0.0,0.0003061095948691221,6.949811585820232e-08
0.0003066373196239015,3.717476388625284e-09,0.00030656393738716836,0.0,0.00030656393738716836,6.966476034449006e-08
0.00030709183297377096,3.7216641452911187e-09,0.0003070182797174106,0.0,0.0003070182797174106,6.983159221513662e-08
0.00030754634632425087,3.725852931395398e-09,0.00030747262185980376,0.0,0.00030747262185980376,6.999861151573029e-08
0.0003080008596753411,3.73004274643548e-09,0.0003079269638143028,0.0,0.00030792696381430287,7.01658182918368e-08
0.000308455373027042,3.734233589908706e-09,0.00030838130558086306,0.0,0.0003083813055808631,7.033321258899938e-08
0.0003089098863793536,3.73842546131238e-09,0.00030883564715943957,0.0,0.00030883564715943957,7.050079445273858e-08
0.0003093643997322762,3.742618360143808e-09,0.00030928998854998755,0.0,0.00030928998854998755,7.066856392855251e-08
0.0003098189130858099,3.7468122859002525e-09,0.0003097443297524621,0.0,0.0003097443297524621,7.08365210619166e-08
0.0003102734264399548,3.751007238078967e-09,0.0003101986707668185,0.0,0.0003101986707668185,7.100466589828377e-08
0.0003107279397947111,3.755203216177187e-09,0.0003106530115930118,0.0,0.00031065301159301185,7.11729984830844e-08
0.00031118245315007895,3.759400219692121e-09,0.0003111073522309975,0.0,0.00031110735223099754,7.134151886172623e-08
0.00031163696650605846,3.763598248120966e-09,0.0003115616926807308,0.0,0.0003115616926807308,7.151022707959447e-08
0.00031209147986264974,3.767797300960894e-09,0.0003120160329421668,0.0,0.0003120160329421668,7.167912318205176e-08
0.0003125459932198531,3.7719973777090754e-09,0.000312470373015261,0.0,0.000312470373015261,7.184820721443812e-08
0.0003130005065776686,3.776198477862644e-09,0.0003129247128999688,0.0,0.0003129247128999688,7.201747922207111e-08
0.0003134550199360964,3.780400600918733e-09,0.00031337905259624525,0.0,0.00031337905259624536,7.21869392502456e-08
0.00031390953329513675,3.784603746374454e-09,0.0003138333921040462,0.0,0.0003138333921040462,7.235658734423395e-08
0.0003143640466547896,3.788807913726903e-09,0.0003142877314233266,0.0,0.0003142877314233266,7.252642354928595e-08
0.0003148185600150552,3.793013102473165e-09,0.00031474207055404206,0.0,0.00031474207055404206,7.269644791062879e-08
0.0003152730733759337,3.797219312110309e-09,0.00031519640949614815,0.0,0.00031519640949614815,7.286666047346709e-08
0.00031572758673742527,3.801426542135395e-09,0.00031565074824960003,0.0,0.00031565074824960014,7.303706128298291e-08
0.00031618210009953004,3.805634792045463e-09,0.00031610508681435373,0.0,0.00031610508681435373,7.320765038433571e-08
0.0003166366134622482,3.809844061337553e-09,0.00031655942519036415,0.0,0.00031655942519036426,7.337842782266247e-08
0.0003170911268255798,3.814054349508682e-09,0.00031701376337758727,0.0,0.00031701376337758727,7.35493936430775e-08
0.0003175456401895252,3.818265656055864e-09,0.00031746810137597847,0.0,0.00031746810137597847,7.37205478906725e-08
0.00031800015355408436,3.822477980476099e-09,0.0003179224391854934,0.0,0.0003179224391854934,7.389189061051671e-08
0.00031845466691925753,3.826691322266378e-09,0.0003183767768060876,0.0,0.00031837677680608765,7.406342184765676e-08
0.0003189091802850448,3.830905680923683e-09,0.0003188311142377167,0.0,0.0003188311142377167,7.423514164711663e-08
0.0003193636936514463,3.835121055944987e-09,0.0003192854514803364,0.0,0.00031928545148033645,7.440705005389787e-08
0.0003198182070184622,3.839337446827263e-09,0.00031973978853390244,0.0,0.00031973978853390244,7.457914711297928e-08
0.00032027272038609276,3.843554853067465e-09,0.00032019412539837033,0.0,0.00032019412539837033,7.47514328693172e-08
0.0003207272337543379,3.847773274162542e-09,0.0003206484620736959,0.0,0.0003206484620736959,7.492390736784543e-08
0.00032118174712319797,3.851992709609447e-09,0.000321102798559835,0.0,0.000321102798559835,7.509657065347507e-08
0.0003216362604926731,3.856213158905118e-09,0.00032155713485674316,0.0,0.00032155713485674316,7.526942277109466e-08
0.0003220907738627635,3.860434621546484e-09,0.0003220114709643764,0.0,0.0003220114709643764,7.544246376557038e-08
0.0003225452872334692,3.864657097030486e-09,0.0003224658068826904,0.0,0.0003224658068826904,7.561569368174558e-08
0.00032299980060479034,3.868880584854047e-09,0.00032292014261164106,0.0,0.00032292014261164106,7.578911256444104e-08
0.0003234543139767271,3.873105084514085e-09,0.0003233744781511842,0.0,0.0003233744781511842,7.59627204584552e-08
0.0003239088273492796,3.877330595507527e-09,0.0003238288135012756,0.0,0.0003238288135012756,7.613651740856368e-08
0.00032436334072244823,3.8815571173312916e-09,0.00032428314866187136,0.0,0.00032428314866187136,7.631050345951969e-08
0.0003248178540962327,3.885784649482287e-09,0.0003247374836329272,0.0,0.0003247374836329272,7.648467865605375e-08
0.00032527236747063355,3.8900131914574375e-09,0.0003251918184143992,0.0,0.0003251918184143992,7.665904304287392e-08
0.00032572688084565074,3.894242742753649e-09,0.0003256461530062433,0.0,0.0003256461530062433,7.683359666466559e-08
0.0003261813942212844,3.898473302867844e-09,0.00032610048740841545,0.0,0.00032610048740841545,7.70083395660916e-08
0.0003266359075975348,3.902704871296934e-09,0.00032655482162087177,0.0,0.00032655482162087177,7.718327179179224e-08
0.0003270904209744021,3.906937447530458e-09,0.00032700915564356814,0.0,0.00032700915564356814,7.735839338638557e-08
0.0003275449343518863,3.9111710310703466e-09,0.0003274634894764608,0.0,0.0003274634894764608,7.753370439446673e-08
0.0003279994477299877,3.915405621414343e-09,0.0003279178231195057,0.0,0.0003279178231195057,7.770920486060831e-08
0.0003284539611087063,3.919641218059695e-09,0.00032837215657265887,0.0,0.00032837215657265887,7.788489482936029e-08
0.00032890847448804243,3.923877820503506e-09,0.0003288264898358766,0.0,0.0003288264898358766,7.806077434525007e-08
0.00032936298786799605,3.928115428242829e-09,0.00032928082290911503,0.0,0.00032928082290911503,7.82368434527825e-08
0.00032981750124856744,3.9323540407747256e-09,0.0003297351557923302,0.0,0.00032973515579233026,7.841310219643982e-08
0.00033027201462975677,3.936593657596254e-09,0.0003301894884854784,0.0,0.0003301894884854784,7.858955062068181e-08
0.000330726528011564,3.940834278204487e-09,0.0003306438209885158,0.0,0.00033064382098851587,7.876618876994559e-08
0.00033118104139398947,3.945075902096492e-09,0.0003310981533013987,0.0,0.00033109815330139875,7.894301668864569e-08
0.0003316355547770334,3.949318528769342e-09,0.00033155248542408335,0.0,0.00033155248542408335,7.912003442117414e-08
0.00033209006816069557,3.9535621577200986e-09,0.000332006817356526,0.0,0.000332006817356526,7.929724201190039e-08
0.00033254458154497645,3.957806788445822e-09,0.0003324611490986829,0.0,0.0003324611490986829,7.94746395051713e-08
0.00033299909492987614,3.9620524204435806e-09,0.00033291548065051037,0.0,0.00033291548065051037,7.965222694531119e-08
0.00033345360831539474,3.966299053210434e-09,0.00033336981201196496,0.0,0.00033336981201196496,7.98300043766218e-08
0.0003339081217015325,3.9705466862434304e-09,0.00033382414318300287,0.0,0.00033382414318300287,8.00079718433823e-08
0.00033436263508828935,3.974795319039643e-09,0.0003342784741635805,0.0,0.0003342784741635805,8.018612938984932e-08
0.0003348171484756657,3.979044951096133e-09,0.0003347328049536543,0.0,0.00033473280495365437,8.036447706025685e-08
0.00033527166186366153,3.983295581909626e-09,0.0003351871355531808,0.0,0.0003351871355531808,8.054301489881643e-08
0.0003357261752522771,3.987547210977466e-09,0.00033564146596211635,0.0,0.00033564146596211635,8.0721742949717e-08
0.00033618068864151246,3.991799837796795e-09,0.0003360957961804175,0.0,0.0003360957961804175,8.090066125712489e-08
0.0003366352020313677,3.996053461864706e-09,0.0003365501262080406,0.0,0.0003365501262080406,8.107976986518393e-08
0.0003370897154218432,4.000308082678288e-09,0.0003370044560449425,0.0,0.0003370044560449425,8.125906881801535e-08
0.00033754422881293887,4.004563699734636e-09,0.00033745878569107937,0.0,0.0003374587856910795,8.143855815971786e-08
0.00033799874220465494,4.0088203125308825e-09,0.000337913115146408,0.0,0.000337913115146408,8.16182379343676e-08
0.00033845325559699155,4.01307792056414e-09,0.000338367444410885,0.0,0.000338367444410885,8.17981081860182e-08
0.00033890776898994903,4.0173365233315476e-09,0.00033882177348446685,0.0,0.0003388217734844669,8.19781689587006e-08
0.00033936228238352716,4.021596120330269e-09,0.00033927610236711035,0.0,0.0003392761023671104,8.215842029642332e-08
0.0003398167957777263,4.025856711057458e-09,0.0003397304310587722,0.0,0.0003397304310587722,8.233886224317228e-08
0.0003402713091725468,4.0301182950103084e-09,0.00034018475955940885,0.0,0.00034018475955940885,8.251949484291088e-08
0.0003407258225679884,4.034380871686012e-09,0.0003406390878689772,0.0,0.0003406390878689772,8.270031813957988e-08
0.00034118033596405156,4.038644440581789e-09,0.0003410934159874339,0.0,0.0003410934159874339,8.288133217709761e-08
0.00034163484936073637,4.042909001194873e-09,0.0003415477439147358,0.0,0.0003415477439147358,8.306253699935976e-08
0.00034208936275804285,4.0471745530225155e-09,0.00034200207165083955,0.0,0.00034200207165083955,8.324393265023951e-08
0.0003425438761559711,4.051441095561989e-09,0.000342456399195702,0.0,0.000342456399195702,8.342551917358752e-08
0.0003429983895545215,4.055708628310586e-09,0.00034291072654928003,0.0,0.00034291072654928003,8.360729661323185e-08
0.00034345290295369413,4.059977150765617e-09,0.00034336505371153044,0.0,0.00034336505371153044,8.378926501297802e-08
0.0003439074163534891,4.064246662424417e-09,0.0003438193806824101,0.0,0.0003438193806824101,8.397142441660909e-08
0.0003443619297539065,4.068517162784337e-09,0.0003442737074618759,0.0,0.0003442737074618759,8.415377486788547e-08
0.00034481644315494645,4.0727886513427655e-09,0.0003447280340498846,0.0,0.0003447280340498846,8.43363164105451e-08
0.00034527095655660937,4.077061127597087e-09,0.0003451823604463934,0.0,0.0003451823604463934,8.451904908830335e-08
0.0003457254699588951,4.081334591044743e-09,0.0003456366866513592,0.0,0.0003456366866513592,8.47019729448531e-08
0.00034617998336180394,4.085609041183168e-09,0.0003460910126647389,0.0,0.0003460910126647389,8.488508802386462e-08
0.0003466344967653361,4.089884477509839e-09,0.00034654533848648957,0.0,0.00034654533848648957,8.50683943689857e-08
0.0003470890101694914,4.094160899522261e-09,0.000346999664116568,0.0,0.00034699966411656807,8.525189202384159e-08
0.00034754352357427027,4.098438306717953e-09,0.00034745398955493155,0.0,0.00034745398955493155,8.543558103203501e-08
0.0003479980369796729,4.102716698594464e-09,0.0003479083148015371,0.0,0.0003479083148015371,8.561946143714612e-08
0.0003484525503856992,4.106996074649374e-09,0.0003483626398563419,0.0,0.0003483626398563419,8.580353328273259e-08
0.00034890706379234963,4.111276434380298e-09,0.0003488169647193028,0.0,0.0003488169647193029,8.598779661232952e-08
0.000349361577199624,4.115557777284857e-09,0.0003492712893903773,0.0,0.0003492712893903773,8.617225146944956e-08
0.00034981609060752265,4.1198401028607216e-09,0.0003497256138695222,0.0,0.0003497256138695223,8.635689789758274e-08
0.0003502706040160457,4.12412341060558e-09,0.00035017993815669485,0.0,0.00035017993815669485,8.654173594019663e-08
0.00035072511742519335,4.128407700017161e-09,0.00035063426225185256,0.0,0.00035063426225185256,8.67267656407363e-08
0.0003511796308349656,4.132692970593207e-09,0.00035108858615495237,0.0,0.0003510885861549524,8.691198704262423e-08
0.0003516341442453627,4.1369792218315125e-09,0.0003515429098659516,0.0,0.00035154290986595167,8.709740018926043e-08
0.00035208865765638483,4.141266453229891e-09,0.0003519972333848075,0.0,0.0003519972333848075,8.728300512402239e-08
0.00035254317106803206,4.145554664286188e-09,0.00035245155671147747,0.0,0.0003524515567114775,8.746880189026507e-08
0.0003529976844803045,4.1498438544982774e-09,0.0003529058798459187,0.0,0.0003529058798459187,8.765479053132092e-08
0.00035345219789320234,4.154134023364085e-09,0.00035336020278808845,0.0,0.00035336020278808845,8.78409710904999e-08
0.0003539067113067258,4.158425170381541e-09,0.00035381452553794426,0.0,0.00035381452553794426,8.802734361108948e-08
0.00035436122472087497,4.162717295048634e-09,0.0003542688480954435,0.0,0.00035426884809544357,8.821390813635458e-08
0.0003548157381356499,4.167010396863387e-09,0.00035472317046054345,0.0,0.0003547231704605435,8.840066470953758e-08
0.0003552702515510509,4.171304475323849e-09,0.00035517749263320173,0.0,0.00035517749263320173,8.858761337385846e-08
0.000355724764967078,4.17559952992811e-09,0.0003556318146133756,0.0,0.00035563181461337564,8.877475417251461e-08
0.00035617927838373136,4.179895560174291e-09,0.00035608613640102256,0.0,0.00035608613640102256,8.8962087148681e-08
0.0003566337918010112,4.184192565560549e-09,0.00035654045799610016,0.0,0.00035654045799610016,8.914961234551003e-08
0.0003570883052189176,4.188490545585095e-09,0.0003569947793985659,0.0,0.0003569947793985659,8.933732980613164e-08
0.00035754281863745066,4.192789499746153e-09,0.00035744910060837734,0.0,0.00035744910060837734,8.952523957365327e-08
0.0003579973320566106,4.197089427542009e-09,0.000357903421625492,0.0,0.000357903421625492,8.971334169115985e-08
0.00035845184547639763,4.2013903284709704e-09,0.0003583577424498674,0.0,0.0003583577424498675,8.990163620171388e-08
0.0003589063588968118,4.205692202031398e-09,0.0003588120630814614,0.0,0.00035881206308146146,9.009012314835531e-08
0.00035936087231785323,4.209995047721681e-09,0.00035926638352023143,0.0,0.00035926638352023143,9.02788025741016e-08
0.000359815385739522,4.2142988650336535e-09,0.0003597207037661351,0.0,0.0003597207037661351,9.04676745219482e-08
0.0003602698991618186,4.2186036534698504e-09,0.0003601750238191302,0.0,0.0003601750238191302,9.065673903486755e-08
0.0003607244125847427,4.22290941252962e-09,0.0003606293436791744,0.0,0.0003606293436791744,9.084599615580977e-08
0.0003611789260082948,4.2272161417118685e-09,0.0003610836633462254,0.0,0.0003610836633462254,9.103544592770235e-08
0.000361633439432475,4.23152384051539e-09,0.000361537982820241,0.0,0.0003615379828202411,9.122508839345046e-08
0.0003620879528572832,4.235832508438973e-09,0.0003619923021011788,0.0,0.0003619923021011788,9.141492359593665e-08
0.0003625424662827197,4.240142144981461e-09,0.0003624466211889967,0.0,0.00036244662118899677,9.160495157802107e-08
0.0003629969797087847,4.244452749641721e-09,0.0003629009400836526,0.0,0.0003629009400836526,9.179517238254145e-08
0.0003634514931354784,4.248764321918681e-09,0.0003633552587851042,0.0,0.0003633552587851042,9.198558605231296e-08
0.0003639060065628008,4.253076861311318e-09,0.00036380957729330944,0.0,0.00036380957729330944,9.217619263012838e-08
0.0003643605199907521,4.2573903673186276e-09,0.00036426389560822596,0.0,0.000364263895608226,9.236699215875798e-08
0.0003648150334193323,4.261704839439652e-09,0.00036471821372981194,0.0,0.000364718213729812,9.255798468094961e-08
0.00036526954684854175,4.2660202771734644e-09,0.00036517253165802515,0.0,0.0003651725316580252,9.274917023942863e-08
0.0003657240602783805,4.2703366800191745e-09,0.0003656268493928237,0.0,0.0003656268493928237,9.294054887689799e-08
0.0003661785737088488,4.274654047475926e-09,0.00036608116693416526,0.0,0.0003660811669341653,9.313212063603815e-08
0.0003666330871399466,4.278972379042912e-09,0.0003665354842820081,0.0,0.00036653548428200813,9.332388555950714e-08
0.00036708760057167425,4.283291674219349e-09,0.0003669898014363101,0.0,0.0003669898014363101,9.351584368994055e-08
0.00036754211400403175,4.287611932504501e-09,0.0003674441183970293,0.0,0.0003674441183970293,9.370799506995152e-08
0.00036799662743701927,4.291933153397685e-09,0.00036789843516412367,0.0,0.00036789843516412367,9.390033974213071e-08
0.00036845114087063693,4.2962553363982436e-09,0.0003683527517375515,0.0,0.0003683527517375516,9.409287774904641e-08
0.000368905654304885,4.300578481005577e-09,0.00036880706811727074,0.0,0.00036880706811727074,9.428560913324445e-08
0.00036936016773976354,4.304902586719129e-09,0.00036926138430323953,0.0,0.0003692613843032396,9.447853393724821e-08
0.0003698146811752727,4.3092276530383896e-09,0.00036971570029541606,0.0,0.00036971570029541606,9.467165220355866e-08
0.0003702691946114124,4.313553679462896e-09,0.00037017001609375834,0.0,0.0003701700160937584,9.486496397465432e-08
0.0003707237080481832,4.3178806654922386e-09,0.00037062433169822467,0.0,0.0003706243316982248,9.505846929299134e-08
0.00037117822148558503,4.3222086106260665e-09,0.00037107864710877336,0.0,0.00037107864710877336,9.525216820100333e-08
0.00037163273492361794,4.326537514364069e-09,0.00037153296232536246,0.0,0.0003715329623253625,9.544606074110162e-08
0.00037208724836228224,4.330867376205988e-09,0.0003719872773479504,0.0,0.00037198727734795043,9.564014695567505e-08
0.00037254176180157787,4.33519819565163e-09,0.0003724415921764952,0.0,0.0003724415921764952,9.583442688709006e-08
0.00037299627524150526,4.339529972200843e-09,0.00037289590681095536,0.0,0.00037289590681095536,9.602890057769068e-08
0.0003734507886820643,4.3438627053535485e-09,0.00037335022125128915,0.0,0.00037335022125128915,9.622356806979849e-08
0.0003739053021232553,4.348196394609704e-09,0.000373804535497455,0.0,0.00037380453549745507,9.641842940571275e-08
0.0003743598155650783,4.3525310394693386e-09,0.0003742588495494111,0.0,0.0003742588495494111,9.661348462771027e-08
0.00037481432900753346,4.356866639432539e-09,0.000374713163407116,0.0,0.000374713163407116,9.680873377804542e-08
0.00037526884245062093,4.361203193999444e-09,0.000375167477070528,0.0,0.0003751674770705281,9.700417689895025e-08
0.00037572335589434086,4.36554070267025e-09,0.0003756217905396056,0.0,0.0003756217905396056,9.719981403263439e-08
0.00037617786933869337,4.369879164945223e-09,0.0003760761038143072,0.0,0.0003760761038143072,9.739564522128502e-08
0.00037663238278367873,4.3742185803246805e-09,0.00037653041689459136,0.0,0.00037653041689459136,9.759167050706702e-08
0.00037708689622929694,4.3785589483090144e-09,0.0003769847297804165,0.0,0.0003769847297804165,9.778788993212284e-08
0.00037754140967554805,4.382900268398657e-09,0.0003774390424717411,0.0,0.00037743904247174116,9.798430353857257e-08
0.0003779959231224325,4.387242540094122e-09,0.0003778933549685239,0.0,0.00037789335496852394,9.818091136851396e-08
0.0003784504365699501,4.391585762895979e-09,0.00037834766727072323,0.0,0.00037834766727072323,9.837771346402222e-08
0.0003789049500181013,4.3959299363048604e-09,0.0003788019793782978,0.0,0.0003788019793782978,9.857470986715036e-08
0.0003793594634668861,4.400275059821465e-09,0.00037925629129120623,0.0,0.00037925629129120623,9.877190061992898e-08
0.00037981397691630453,4.404621132946557e-09,0.0003797106030094072,0.0,0.0003797106030094072,9.896928576436627e-08
0.0003802684903663569,4.408968155180967e-09,0.0003801649145328593,0.0,0.0003801649145328593,9.916686534244808e-08
0.0003807230038170433,4.413316126025581e-09,0.00038061922586152106,0.0,0.0003806192258615211,9.936463939613791e-08
0.00038117751726836373,4.41766504498137e-09,0.0003810735369953514,0.0,0.00038107353699535145,9.956260796737692e-08
0.00038163203072031867,4.42201491154935e-09,0.000381527847934309,0.0,0.0003815278479343091,9.976077109808388e-08
0.0003820865441729079,4.426365725230629e-09,0.00038198215867835247,0.0,0.00038198215867835263,9.995912883015521e-08
0.0003825410576261318,4.4307174855263595e-09,0.00038243646922744075,0.0,0.0003824364692274408,1.0015768120546504e-07
0.00038299557107999033,4.435070191937789e-09,0.00038289077958153256,0.0,0.00038289077958153256,1.0035642826586509e-07
0.00038345008453448377,4.439423843966205e-09,0.0003833450897405866,0.0,0.0003833450897405866,1.0055537005318477e-07
0.0003839045979896121,4.443778441112981e-09,0.0003837993997045618,0.0,0.0003837993997045618,1.0075450660923115e-07
0.0003843591114453758,4.448133982879566e-09,0.0003842537094734171,0.0,0.0003842537094734171,1.0095383797578898e-07
0.0003848136249017746,4.452490468767465e-09,0.0003847080190471112,0.0,0.0003847080190471113,1.0115336419462062e-07
0.0003852681383588089,4.45684789827827e-09,0.00038516232842560326,0.0,0.00038516232842560326,1.013530853074662e-07
0.00038572265181647874,4.461206270913629e-09,0.0003856166376088518,0.0,0.0003856166376088518,1.0155300135604344e-07
0.0003861771652747843,4.46556558617527e-09,0.0003860709465968161,0.0,0.0003860709465968161,1.0175311238204788e-07
0.00038663167873372576,4.469925843565004e-09,0.000386525255389455,0.0,0.000386525255389455,1.0195341842715253e-07
0.00038708619219330313,4.4742870425846994e-09,0.0003869795639867275,0.0,0.00038697956398672757,1.0215391953300824e-07
0.00038754070565351665,4.4786491827363045e-09,0.00038743387238859264,0.0,0.0003874338723885927,1.0235461574124353e-07
0.00038799521911436644,4.483012263521848e-09,0.00038788818059500946,0.0,0.0003878881805950095,1.0255550709346461e-07
0.0003884497325758527,4.487376284443425e-09,0.00038834248860593703,0.0,0.00038834248860593703,1.0275659363125538e-07
0.0003889042460379754,4.4917412450032054e-09,0.00038879679642133427,0.0,0.00038879679642133427,1.0295787539617741e-07
0.0003893587595007348,4.496107144703449e-09,0.0003892511040411604,0.0,0.0003892511040411604,1.0315935242977002e-07
0.0003898132729641311,4.5004739830464795e-09,0.0003897054114653745,0.0,0.00038970541146537453,1.0336102477355023e-07
0.00039026778642816437,4.504841759534703e-09,0.00039015971869393586,0.0,0.00039015971869393586,1.0356289246901284e-07
0.0003907222998928347,4.5092104736705956e-09,0.00039061402572680335,0.0,0.00039061402572680335,1.0376495555763016e-07
0.0003911768133581423,4.513580124956728e-09,0.00039106833256393657,0.0,0.00039106833256393657,1.0396721408085247e-07
0.00039163132682408725,4.517950712895728e-09,0.0003915226392052943,0.0,0.0003915226392052943,1.0416966808010765e-07
0.0003920858402906698,4.522322236990323e-09,0.00039197694565083595,0.0,0.000391976945650836,1.0437231759680131e-07
0.00039254035375788993,4.526694696735521e-09,0.0003924312519005209,0.0,0.0003924312519005209,1.0457516267231706e-07
0.00039299486722574784,4.531068091639445e-09,0.00039288555795430823,0.0,0.0003928855579543083,1.0477820334801611e-07
0.0003934493806942438,4.535442421205831e-09,0.00039333986381215737,0.0,0.00039333986381215737,1.049814396652372e-07
0.00039390389416337786,4.5398176849376054e-09,0.0003937941694740276,0.0,0.0003937941694740276,1.0518487166529693e-07
0.00039435840763315003,4.5441938823387474e-09,0.00039424847493987815,0.0,0.00039424847493987815,1.0538849938948956e-07
0.0003948129211035606,4.548571012912642e-09,0.0003947027802096686,0.0,0.00039470278020966866,1.0559232287908724e-07
0.0003952674345746096,4.552949076162709e-09,0.00039515708528335816,0.0,0.00039515708528335816,1.0579634217533974e-07
0.0003957219480462973,4.557328071592468e-09,0.0003956113901609062,0.0,0.0003956113901609063,1.060005573194747e-07
0.00039617646151862376,4.561707998705502e-09,0.00039606569484227234,0.0,0.0003960656948422724,1.0620496835269739e-07
0.0003966309749915891,4.566088857005476e-09,0.000396519999327416,0.0,0.000396519999327416,1.0640957531619105e-07
0.00039708548846519357,4.5704706459961315e-09,0.00039697430361629646,0.0,0.00039697430361629646,1.066143782511165e-07
0.0003975400019394372,4.574853365181283e-09,0.00039742860770887337,0.0,0.0003974286077088735,1.0681937719861245e-07
0.0003979945154143202,4.57923701406482e-09,0.0003978829116051063,0.0,0.0003978829116051063,1.070245721997953e-07
0.00039844902888984266,4.583621592150696e-09,0.00039833721530495476,0.0,0.00039833721530495476,1.0722996329575937e-07
0.0003989035423660046,4.588007098942962e-09,0.0003987915188083781,0.0,0.0003987915188083782,1.0743555052757662e-07
0.00039935805584280634,4.592393533945734e-09,0.00039924582211533615,0.0,0.00039924582211533615,1.0764133393629691e-07
0.0003998125693202481,4.596780896663208e-09,0.0003997001252257884,0.0,0.0003997001252257884,1.0784731356294786e-07
0.0004002670827983297,4.60116918659967e-09,0.00040015442813969455,0.0,0.00040015442813969455,1.0805348944853482e-07
0.00040072159627705154,4.605558403259462e-09,0.00040060873085701423,0.0,0.0004006087308570143,1.0825986163404108e-07
0.0004011761097564137,4.6099485461470495e-09,0.00040106303337770707,0.0,0.00040106303337770707,1.0846643016042768e-07
0.00040163062323641613,4.61433961476695e-09,0.0004015173357017328,0.0,0.0004015173357017328,1.0867319506863341e-07
0.0004020851367170594,4.618731608623777e-09,0.0004019716378290511,0.0,0.0004019716378290511,1.0888015639957502e-07
0.00040253965019834307,4.623124527222232e-09,0.0004024259397596217,0.0,0.00040242593975962183,1.0908731419414696e-07
0.00040299416368026785,4.627518370067113e-09,0.0004028802414934046,0.0,0.0004028802414934046,1.0929466849322152e-07
0.00040344867716283345,4.631913136663292e-09,0.00040333454303035916,0.0,0.00040333454303035916,1.0950221933764889e-07
0.0004039031906460402,4.6363088265157395e-09,0.0004037888443704454,0.0,0.0004037888443704455,1.0970996676825705e-07
0.00040435770412988823,4.640705439129514e-09,0.0004042431455136232,0.0,0.0004042431455136232,1.0991791082585184e-07
0.00040481221761437774,4.645102974009767e-09,0.00040469744645985246,0.0,0.00040469744645985246,1.1012605155121692e-07
0.0004052667310995087,4.64950143066176e-09,0.00040515174720909296,0.0,0.00040515174720909296,1.103343889851138e-07
0.00040572124458528134,4.653900808590815e-09,0.00040560604776130444,0.0,0.00040560604776130455,1.1054292316828191e-07
0.00040617575807169574,4.658301107302364e-09,0.000406060348116447,0.0,0.000406060348116447,1.1075165414143841e-07
0.0004066302715587521,4.662702326301947e-09,0.00040651464827448056,0.0,0.0004065146482744806,1.1096058194527848e-07
0.0004070847850464506,4.667104465095181e-09,0.00040696894823536497,0.0,0.0004069689482353651,1.1116970662047502e-07
0.00040753929853479124,4.6715075231877906e-09,0.00040742324799906043,0.0,0.00040742324799906043,1.1137902820767892e-07
0.00040799381202377433,4.675911500085589e-09,0.0004078775475655267,0.0,0.00040787754756552673,1.1158854674751887e-07
0.0004084483255133998,4.6803163952945e-09,0.00040833184693472396,0.0,0.00040833184693472396,1.117982622806015e-07
0.00040890283900366813,4.684722208320531e-09,0.00040878614610661223,0.0,0.0004087861461066123,1.1200817484751126e-07
0.00040935735249457905,4.689128938669798e-09,0.00040924044508115157,0.0,0.0004092404450811517,1.1221828448881055e-07
0.00040981186598613295,4.6935365858485156e-09,0.000409694743858302,0.0,0.000409694743858302,1.1242859124503964e-07
0.00041026637947832984,4.697945149362995e-09,0.00041014904243802375,0.0,0.00041014904243802375,1.1263909515671672e-07
0.0004107208929711699,4.70235462871965e-09,0.0004106033408202768,0.0,0.00041060334082027684,1.1284979626433784e-07
0.0004111754064646533,4.7067650234249955e-09,0.00041105763900502147,0.0,0.0004110576390050215,1.13060694608377e-07
0.00041162991995878005,4.711176332985648e-09,0.0004115119369922178,0.0,0.00041151193699221785,1.1327179022928614e-07
0.0004120844334535504,4.715588556908333e-09,0.0004119662347818261,0.0,0.0004119662347818261,1.1348308316749503e-07
0.0004125389469489646,4.7200016946998625e-09,0.00041242053237380654,0.0,0.00041242053237380654,1.1369457346341145e-07
0.00041299346044502256,4.724415745867173e-09,0.0004128748297681192,0.0,0.0004128748297681192,1.139062611574211e-07
0.0004134479739417244,4.728830709917289e-09,0.0004133291269647246,0.0,0.00041332912696472464,1.1411814628988757e-07
0.0004139024874390705,4.733246586357348e-09,0.00041378342396358313,0.0,0.00041378342396358313,1.143302289011524e-07
0.00041435700093706083,4.73766337469459e-09,0.0004142377207646546,0.0,0.00041423772076465464,1.1454250903153512e-07
0.00041481151443569555,4.742081074436358e-09,0.00041469201736789985,0.0,0.00041469201736789985,1.1475498672133318e-07
0.0004152660279349749,4.7464996850900955e-09,0.0004151463137732789,0.0,0.000415146313773279,1.1496766201082199e-07
0.0004157205414348987,4.750919206163368e-09,0.0004156006099807524,0.0,0.0004156006099807524,1.1518053494025485e-07
0.0004161750549354676,4.755339637163842e-09,0.0004160549059902805,0.0,0.00041605490599028053,1.1539360554986315e-07
0.00041662956843668115,4.759760977599296e-09,0.00041650920180182375,0.0,0.0004165092018018238,1.1560687387985618e-07
0.0004170840819385399,4.764183226977602e-09,0.00041696349741534254,0.0,0.0004169634974153426,1.1582033997042119e-07
0.00041753859544104387,4.768606384806755e-09,0.00041741779283079733,0.0,0.0004174177928307974,1.1603400386172344e-07
0.0004179931089441932,4.77303045059486e-09,0.00041787208804814865,0.0,0.00041787208804814875,1.1624786559390616e-07
0.000418447622447988,4.777455423850114e-09,0.0004183263830673571,0.0,0.00041832638306735714,1.1646192520709058e-07
0.0004189021359524283,4.781881304080846e-09,0.000418780677888383,0.0,0.000418780677888383,1.1667618274137595e-07
0.0004193566494575145,4.786308090795482e-09,0.0004192349725111869,0.0,0.0004192349725111869,1.1689063823683947e-07
0.00041981116296324654,4.7907357835025674e-09,0.0004196892669357295,0.0,0.00041968926693572954,1.1710529173353634e-07
0.0004202656764696247,4.795164381710749e-09,0.0004201435611619715,0.0,0.0004201435611619715,1.1732014327149986e-07
0.0004207201899766489,4.7995938849287895e-09,0.0004205978551898732,0.0,0.0004205978551898732,1.175351928907412e-07
0.00042117470348431937,4.80402429266558e-09,0.00042105214901939545,0.0,0.00042105214901939556,1.1775044063124973e-07
0.00042162921699263634,4.808455604430099e-09,0.0004215064426504989,0.0,0.0004215064426504989,1.1796588653299267e-07
0.0004220837305015998,4.81288781973146e-09,0.0004219607360831442,0.0,0.00042196073608314423,1.1818153063591542e-07
0.00042253824401120997,4.817320938078873e-09,0.00042241502931729196,0.0,0.00042241502931729196,1.1839737297994133e-07
0.00042299275752146696,4.8217549589816815e-09,0.00042286932235290303,0.0,0.0004228693223529031,1.1861341360497184e-07
0.00042344727103237084,4.8261898819493265e-09,0.000423323615189938,0.0,0.000423323615189938,1.1882965255088637e-07
0.00042390178454392187,4.830625706491374e-09,0.00042377790782835786,0.0,0.0004237779078283579,1.1904608985754243e-07
0.00042435629805612023,4.835062432117514e-09,0.0004242322002681234,0.0,0.00042423220026812346,1.1926272556477564e-07
