2.7755575615628914e-16,0.0,0.0,0.0,0.0,0.0,0.0,0.0
1.3102101756312656e-06,0.0,0.0,0.0,0.0,0.0,0.0,0.0
2.7755575615628914e-16,0.0,0.0,0.0,0.0,0.0,0.0,0.0
4.440892098500626e-16,0.0,0.0,0.0,0.0,0.0,0.0,0.0
6.106226635438361e-16,0.0,0.0,0.0,0.0,0.0,0.0,0.0
6.106226635438361e-16,0.0,0.0,0.0,0.0,0.0,0.0,0.0
1.1102230246251565e-16,0.0,0.0,0.0,0.0,0.0,0.0,0.0
2.220446049250313e-16,0.0,0.0,0.0,0.0,0.0,0.0,0.0
8.326672684688674e-16,0.0,0.0,0.0,0.0,0.0,0.0,0.0
2.220446049250313e-16,0.0,0.0,0.0,0.0,0.0,0.0,0.0
1.1102230246251565e-16,0.0,0.0,0.0,0.0,0.0,0.0,0.0
9.992007221626409e-16,0.0,0.0,0.0,0.0,0.0,0.0,0.0
5.551115123125783e-17,0.0,0.0,0.0,0.0,0.0,0.0,0.0
1.1102230246251565e-16,0.0,0.0,0.0,0.0,0.0,0.0,0.0
3.3306690738754696e-16,0.0,0.0,0.0,0.0,0.0,0.0,0.0
1.1102230246251565e-16,0.0,0.0,0.0,0.0,0.0,0.0,0.0
9.159339953157541e-15,0.0,0.0,0.0,0.0,0.0,0.0,0.0
6.6058269965196814e-15,0.0,0.0,0.0,0.0,0.0,0.0,0.0
1.6486811915683575e-14,0.0,0.0,0.0,0.0,0.0,0.0,0.0
1.1324274851176597e-14,0.0,0.0,0.0,0.0,0.0,0.0,0.0
2.3869795029440866e-15,0.0,0.0,0.0,0.0,0.0,0.0,0.0
7.049916206369744e-15,0.0,0.0,0.0,0.0,0.0,0.0,0.0
1.071365218763276e-14,0.0,0.0,0.0,0.0,0.0,0.0,0.0
2.831068712794149e-15,0.0,0.0,0.0,0.0,0.0,0.0,0.0
9.992007221626409e-16,0.0,0.0,0.0,0.0,0.0,0.0,0.0
2.831068712794149e-15,0.0,0.0,0.0,0.0,0.0,0.0,0.0
1.5543122344752192e-15,0.0,0.0,0.0,0.0,0.0,0.0,0.0
1.3877787807814457e-15,0.0,0.0,0.0,0.0,0.0,0.0,0.0
1.5543122344752192e-15,0.0,0.0,0.0,0.0,0.0,0.0,0.0
1.5543122344752192e-15,0.0,0.0,0.0,0.0,0.0,0.0,0.0
4.440892098500626e-16,0.0,0.0,0.0,0.0,0.0,0.0,0.0
1.1102230246251565e-16,0.0,0.0,0.0,0.0,0.0,0.0,0.0
3.885780586188048e-16,0.0,0.0,0.0,0.0,0.0,0.0,0.0
5.551115123125783e-16,0.0,0.0,0.0,0.0,0.0,0.0,0.0
4.440892098500626e-16,0.0,0.0,0.0,0.0,0.0,0.0,0.0
6.661338147750939e-16,0.0,0.0,0.0,0.0,0.0,0.0,0.0
8.883171975782034e-12,0.0,0.0,0.0,0.0,0.0,0.0,0.0
3.375222323853677e-11,3.260756848017501e-14,0.0,8.077935669466834e-28,0.0,0.00030020030306913346,0.0,1.6543502730584954e-16
3.277950133551144e-11,5.3621585003704795e-14,1.3234889800848443e-23,4.846761401679366e-27,0.0,0.00047891994780983714,1.4385800880180336e-16,4.88202000516367e-16
3.0831670549957835e-11,5.522692939202305e-14,5.293955920344192e-23,6.462348535570529e-27,0.0,0.00047880790768700774,3.78303042955897e-16,4.2726135168829217e-16
2.8951230301998976e-11,5.684317575967287e-14,2.646977960172096e-23,6.462348535573467e-27,0.0,0.0004787478529003829,1.3994735229785081e-16,3.1561887423712673e-16
2.7145174996690002e-11,5.846598611038876e-14,5.293955920339377e-23,3.231174267791142e-27,0.0,0.0004786998110280614,2.2094610183709228e-16,1.2437811424954359e-16
2.5420887617144672e-11,6.009532934493253e-14,1.0587911840688384e-22,1.2924697071152812e-26,0.0,0.0004786624532620183,3.6343554522574473e-16,4.085441514887534e-16
2.3778978786026528e-11,6.173117269568146e-14,2.1175823681371953e-22,1.2924697071146935e-26,0.0,0.0004786345729092571,6.150139830469507e-16,3.4513978688630276e-16
2.2220558726360196e-11,6.33734832718663e-14,1.0587911840698014e-22,2.5849394142305625e-26,0.0,0.0004786150821903356,2.656527606221371e-16,5.954113050256956e-16
2.074190819101318e-11,6.502222855125266e-14,1.0587911840688384e-22,1.2924697071152812e-26,0.0,0.0004786030016455631,2.3317735196972327e-16,2.6091313221023276e-16
1.934369331380026e-11,6.667737677196601e-14,4.235164736273428e-22,1.9387045606729219e-26,0.0,0.00047859745028488434,8.290559863508142e-16,3.473485361928119e-16
1.8027468406955904e-11,6.833889724074583e-14,9.62964972193618e-35,2.584939414229387e-26,0.0,0.000478597636525647,1.6927562269278787e-28,4.152590969415765e-16
1.678623906542498e-11,7.000676057898008e-14,2.117582368136714e-22,3.877409121344668e-26,0.0,0.0004786028498117452,3.3710465000785715e-16,5.632473141301742e-16
1.562022733381241e-11,7.168093891928987e-14,3.176373552205552e-22,2.584939414229387e-26,0.0,0.00047861245295119484,4.611976493508509e-16,3.419720997091884e-16
1.4526324587649242e-11,7.336140603048539e-14,1.0587911840707643e-22,3.8774091213458437e-26,0.0,0.0004786258752036266,1.4107067353135282e-16,4.700109106955944e-16
1.3502421403188691e-11,7.504813741132171e-14,2.1175823681396027e-22,5.16987882845995e-26,0.0,0.00047864260581426376,2.6026747526658213e-16,5.772423470950142e-16
1.2544520977542106e-11,7.674111035370054e-14,5.293955920342266e-22,3.8774091213458437e-26,0.0,0.0004786621882092955,6.029854716822136e-16,4.0061560196212283e-16
1.1650236331206543e-11,7.844030397397384e-14,6.3527471044091785e-22,1.2924697071199832e-26,0.0,0.0004786842146932305,6.732752614901583e-16,1.2407253345179165e-16
1.0818179685401219e-11,8.014569922434339e-14,0.0,3.877409121344668e-26,0.0,0.0004787083216523334,0.0,3.470808668875356e-16
1.004235583579316e-11,8.185727887944495e-14,1.0587911840678754e-21,1.2924697071141057e-25,0.0,0.0004787341851679583,9.816842247229192e-16,1.0822899483696027e-15
9.322043137416358e-12,8.357502751228254e-14,8.470329472543003e-22,5.169878828463476e-26,0.0,0.00047876151706777685,7.378777502944861e-16,4.0616183650647834e-16
8.653300298533395e-12,8.529893145209383e-14,8.47032947254493e-22,1.2924697071143408e-25,0.0,0.0004787900613166422,6.950992309067462e-16,9.551619215093672e-16
8.034573006909795e-12,8.702897874074229e-14,8.470329472546855e-22,1.0339757656915197e-25,0.0,0.00047881959079568257,6.563668363544277e-16,7.205179519591778e-16
7.460809747783514e-12,8.876515907142824e-14,6.352747104411104e-22,4.70197740328915e-38,0.0,0.0004788499043329464,4.658609818914187e-16,3.096305824342275e-28
6.9311778538860835e-12,9.050746373127733e-14,2.1175823681415286e-22,4.70197740328915e-38,0.0,0.0004788808240680928,1.4724975619517056e-16,2.9318794825291415e-28
6.444456079890415e-12,9.225531929893694e-14,8.470329472543003e-22,2.5849394142282115e-26,0.0,0.00047891401549784844,5.595475193988107e-16,1.5290566941620863e-16
5.994427176858608e-12,9.400782755851725e-14,2.752857078577439e-21,2.3264454728060956e-25,0.0,0.0004789491573672604,1.7305550051359702e-15,1.3077333312755919e-15
5.580869100185737e-12,9.576559839186408e-14,1.2705494208820283e-21,1.8094575899599831e-25,0.0,0.0004789814128448157,7.61285516268003e-16,9.680988031549813e-16
5.202005493032402e-12,9.752921612476786e-14,1.2705494208822209e-21,4.70197740328915e-38,0.0,0.00047901374782808925,7.266801470237852e-16,2.3979538253233295e-28
4.853673019056259e-12,9.929867483019516e-14,2.9646153153908216e-21,3.101927297074324e-25,0.0,0.00047904606889996365,1.6207443203029924e-15,1.510017855478624e-15
4.535316566744996e-12,1.0107396997162905e-13,8.470329472543003e-22,9.4039548065783e-38,0.0,0.00047907829529310976,4.432013861087131e-16,4.3753601774389285e-28
4.2458814242252174e-12,1.0285509820464909e-13,2.117582368136136e-21,1.2924697071150461e-25,0.0,0.0004791103569465816,1.0617474526994797e-15,5.754455552401982e-16
3.981981411271818e-12,1.0464205730868897e-13,8.470329472550707e-22,2.0679515313830394e-25,0.0,0.00047914219334614254,4.0743214553193325e-16,8.8206587062449e-16
3.740396881113384e-12,1.0643484612101716e-13,4.235164736271502e-22,5.169878828461125e-26,0.0,0.0004791737524819535,1.9564316766778786e-16,2.1148779608140907e-16
3.523237257496703e-12,1.082334644740521e-13,1.2705494208814505e-21,4.70197740328915e-38,0.0,0.00047920498991621053,5.642408471846308e-16,1.8465924750457545e-28
3.325784092567119e-12,1.10037913135495e-13,4.658681209898652e-21,3.6189151799204365e-25,0.0,0.00047923586794700767,1.9908100620895313e-15,1.3657519550364704e-15
3.1495916985591066e-12,1.1184819374887624e-13,8.470329472550707e-22,1.0339757656912846e-25,0.0,0.0004792663548482651,3.4862167095595227e-16,3.7532027876630783e-16
2.3964163986534004e-12,1.1366948098131684e-13,8.470329472546855e-22,9.4039548065783e-38,0.0,0.00047928280524235536,3.360584612922004e-16,3.2860536940453775e-28
2.1566082253343666e-12,1.1458458498986649e-13,4.235164736283057e-22,5.169878828470529e-26,0.0,0.0004816394061073239,1.6218445731563822e-16,1.741300358070476e-16
1.958821993497395e-12,1.1493993131333586e-13,8.470329472546855e-22,0.0,0.0,0.0004816331884372116,3.1346528099928527e-16,0.0
1.7798540419278197e-12,1.1529581603874733e-13,4.235164736290761e-22,5.169878828465827e-26,0.0,0.00048162800603950375,1.5163544006930248e-16,1.6235148237908744e-16
1.6174284134251593e-12,1.1565210162447235e-13,4.235164736279205e-22,5.169878828470529e-26,0.0,0.0004816232781921074,1.4685934653140762e-16,1.5701628942792378e-16
1.471600619140645e-12,1.160087777265139e-13,4.235164736271502e-22,1.033975765692225e-25,0.0,0.0004816189594773197,1.4237494344607177e-16,3.0401126676893805e-16
1.3403722576299515e-12,1.1636583497260536e-13,7.703719777548943e-34,5.169878828479933e-26,0.0,0.00048161500885107224,2.5130484755802867e-28,1.472908299864554e-16
1.2215783939950597e-12,1.167232648980524e-13,4.235164736298465e-22,1.88079096131566e-37,0.0,0.0004816113893314576,1.341804743176063e-16,5.196724607911182e-28
1.113553693699032e-12,1.1708105985722459e-13,4.235164736275354e-22,1.88079096131566e-37,0.0,0.00048160806759077425,1.3042708592606434e-16,5.044057765359799e-28
1.0176304243714185e-12,1.174392129443011e-13,7.703719777548943e-34,1.550963648536927e-25,0.0,0.00048160501359122436,2.307896947316552e-28,4.0404383146863823e-16
9.29478716216181e-13,1.177977179238911e-13,0.0,9.4039548065783e-38,0.0,0.00048160220026600026,0.0,2.3814625696416044e-28
8.515965710387263e-13,1.1815656916646182e-13,4.235164736286909e-22,5.169878828475231e-26,0.0,0.00048159960322433445,1.2032932999489025e-16,1.2735688204747436e-16
7.812639424287227e-13,1.185157615888849e-13,1.2705494208822209e-21,9.4039548065783e-38,0.0,0.0004815972004814046,3.5190641981833567e-16,2.255010528801552e-28
7.167044735467698e-13,1.188752906049609e-13,4.235164736271502e-22,5.169878828465827e-26,0.0,0.0004815949722323586,1.144235321085356e-16,1.2075006777363556e-16
6.583067424514866e-13,1.1923515207465072e-13,1.5407439555097887e-33,5.169878828465827e-26,0.0,0.0004815929006241646,4.06299766275408e-28,1.1768367197099518e-16
6.075695502261169e-13,1.19595342262717e-13,8.470329472550707e-22,1.033975765692225e-25,0.0,0.00048159096956850106,2.1814070716084015e-16,2.29521128248353e-16
5.59996493620929e-13,1.1995585780232777e-13,1.5407439555097887e-33,1.033975765692225e-25,0.0,0.00048158916457706274,3.8772600106701155e-28,2.239419212386428e-16
5.171418848703979e-13,1.2031669565499016e-13,8.470329472566115e-22,2.82118644197349e-37,0.0,0.0004815874725844073,2.0839139275771451e-16,5.964790865538994e-28
4.792832797306801e-13,1.2067785308015147e-13,8.470329472550707e-22,1.0339757656941058e-25,0.0,0.000481585881812034,2.0383640151505407e-16,2.1351478207537658e-16
4.443667656062189e-13,1.2103932761084883e-13,8.47032947255841e-22,1.88079096131566e-37,0.0,0.00048158438165745273,1.9947628594826484e-16,3.795061072437163e-28
4.1361358782410207e-13,1.2140111702853214e-13,8.470329472543003e-22,2.0679515313835096e-25,0.0,0.0004815829625825078,1.9529880196735876e-16,4.0792194464305195e-16
3.8624659026709196e-13,1.21763219330959e-13,8.470329472550707e-22,1.0339757656950462e-25,0.0,0.00048158161597537777,1.9129271017520249e-16,1.994781024298288e-16
3.601008380371695e-13,1.221256327172021e-13,8.470329472566115e-22,2.06795153138445e-25,0.0,0.00048158033408189985,1.8744767488527583e-16,3.9035110536480357e-16
3.3623104300772866e-13,1.2248835556691807e-13,8.470329472581522e-22,9.4039548065783e-38,0.0,0.0004815791099152083,1.837541750836057e-16,1.737523249205451e-28
3.1596947280831955e-13,1.22851386423235e-13,8.470329472573818e-22,1.88079096131566e-37,0.0,0.00048157793718077674,1.8020342571244723e-16,3.402778850204868e-28
2.954858580039854e-13,1.2321472397750148e-13,8.47032947255841e-22,2.82118644197349e-37,0.0,0.0004815768102097367,1.7678730790947857e-16,4.9998822358731425e-28
2.795541576006144e-13,1.2357836705496595e-13,8.470329472550707e-22,2.06795153138445e-25,0.0,0.00048157572389668894,1.7349830703268804e-16,3.59135878867811e-16
2.6373347949970594e-13,1.239423288402153e-13,8.470329472550707e-22,2.0679515313835096e-25,0.0,0.0004815747289694261,1.7032945747785953e-16,3.5204583667707345e-16
2.504663143554353e-13,1.2430662768145974e-13,2.541098841765212e-21,2.0679515313825692e-25,0.0,0.0004815738955584807,5.018228803070685e-16,3.4521066968617276e-16
2.383648833870211e-13,1.2467122655962674e-13,2.311115933264683e-33,1.0339757656912846e-25,0.0,0.0004815730790491628,4.48363075124876e-28,1.6930847264386694e-16
2.2593038551121936e-13,1.2503612310965186e-13,8.47032947255841e-22,1.88079096131566e-37,0.0,0.0004815722699836346,1.6148139798281855e-16,3.0218157750087785e-28
2.1727064591914313e-13,1.2540131705846208e-13,3.0814879110195774e-33,1.0339757656931654e-25,0.0,0.00048157146703593193,5.774667804158482e-28,1.6305232581030472e-16
2.067790383364354e-13,1.2576680817237888e-13,8.470329472550707e-22,1.0339757656941058e-25,0.0,0.00048157066903355616,1.5607632680470656e-16,1.6008177341062245e-16
1.9972912213006566e-13,1.2613259624739885e-13,8.470329472573818e-22,1.0339757656931654e-25,0.0,0.00048156987491948733,1.5350725498001234e-16,1.5720933947674116e-16
1.915134717478395e-13,1.264986811086767e-13,8.470329472550707e-22,4.70197740328915e-37,0.0,0.0004815690837497167,1.510213951645474e-16,7.0226756089356295e-28
2.5055735264345458e-11,2.1866985502405081e-13,8.4723974241052e-22,1.0339757656941058e-25,0.0,0.000829957543262585,1.4863503510115674e-16,1.5172408045107065e-16
1.326272425217212e-12,8.281098264928765e-14,1.7205356741141494e-21,2.0841074027243167e-25,0.0,0.00022410868234585803,2.947991001154418e-16,2.9853772544387693e-16
1.1191048088221578e-13,9.413920563693473e-14,2.6469779604778374e-23,1.0662875083719584e-25,0.0,0.00025187067983735786,4.430964994163809e-18,1.4914605938460595e-16
9.309220061481938e-14,9.520595910357891e-14,8.999725064607756e-22,1.033975765692225e-25,0.0,0.00025184571762721194,1.4723238031436072e-16,1.4126424945786417e-16
8.060219158778636e-14,9.627650435599067e-14,5.293955920647526e-23,1.0985992510479303e-25,0.0,0.00025182580740636226,8.46675138618779e-18,1.4664539130252945e-16
6.872280522429719e-14,9.73491317528241e-14,1.1646703024762037e-21,1.2278462217593409e-25,0.0,0.0002518061529385423,1.821520683710501e-16,1.6017689574216159e-16
7.788214517745473e-14,9.842391792486682e-14,1.0587911840740384e-21,2.5849394142658273e-26,0.0,0.0002517867523153253,1.6198111265453121e-16,3.2964729173017437e-17
8.487655023259322e-14,9.950093466878536e-14,1.9058241313221758e-21,1.2924697071141057e-26,0.0,0.0002517676024500543,2.8528863209859956e-16,1.6116705500635578e-17
9.00390872971002e-14,1.0058024972599333e-13,2.117582368135751e-22,3.877409121398741e-26,0.0,0.0002517486999280712,3.1024916812415195e-17,4.728952201130663e-17
9.459100169806334e-14,1.0166192720415163e-13,9.529120656610879e-22,1.6802106192502183e-25,0.0,0.0002517300410595731,1.3668142743717743e-16,2.0047596542700352e-16
9.997558336749535e-14,1.0274602794973573e-13,1.3764285392913195e-21,3.3604212384985557e-25,0.0,0.00025171162193058386,1.9333530710934172e-16,3.923492623057479e-16
1.192379528447418e-13,1.0383260987120485e-13,1.0587911840678754e-21,1.9387045606730394e-25,0.0,0.0002516934384633947,1.456733140511811e-16,2.215511279001589e-16
1.3983258995153847e-13,1.0492172824511042e-13,1.270549420884532e-21,3.1019272970776154e-25,0.0,0.00025167548642353907,1.712702027001362e-16,3.4703827773990895e-16
1.624256285026604e-13,1.0601343598242244e-13,1.4823076576996478e-21,1.809457589959748e-25,0.0,0.0002516577614950505,1.958189436707226e-16,1.9823276765472579e-16
1.850741782050136e-13,1.071077838430019e-13,1.9058241313252573e-21,2.326445472807271e-25,0.0,0.0002516402593097915,2.4679029671959663e-16,2.4962997333981815e-16
2.0733414984874798e-13,1.0820482064216324e-13,1.9058241313237165e-21,2.5849394142658273e-26,0.0,0.00025162297545355686,2.41967574199383e-16,2.7172172807130097e-17
2.3170354523927017e-13,1.0930459343746213e-13,1.9058241313237165e-21,7.754818242741058e-26,0.0,0.0002516059054957567,2.3729245316342666e-16,7.987428093707093e-17
2.555178291174798e-13,1.1040714769457098e-13,2.3293406049524074e-21,2.5849394142470194e-26,0.0,0.0002515890450112867,2.8448285842092896e-16,2.60937304283923e-17
2.8066438062523957e-13,1.1151252743113086e-13,1.058791184070957e-21,2.0679515313863308e-25,0.0,0.0002515723895878552,1.2686690422419794e-16,2.0462738407766914e-16
3.065325770990057e-13,1.1262077535315876e-13,1.9058241313283387e-21,4.6528909456126615e-25,0.0,0.0002515559348475265,2.2409204966558267e-16,4.514078045906417e-16
3.3240077357277187e-13,1.1373193297155073e-13,2.752857078576476e-21,4.911384887037363e-25,0.0,0.00025153967645013295,3.1770307629511023e-16,4.672575042941283e-16
3.6004532688593827e-13,1.1484604071013245e-13,4.235164736302317e-22,1.2924697071197481e-25,0.0,0.00025152361010088477,4.7983137737264525e-17,1.206036192215134e-16
3.8613556796462944e-13,1.1596219911868677e-13,3.3881317890218236e-21,8.013312184109336e-25,0.0,0.0002515089810307902,3.7691521153978183e-16,7.335328504640666e-16
4.142242104876459e-13,1.170796948869581e-13,3.8116482626443515e-21,4.6528909456126615e-25,0.0,0.00025149469106139783,4.1643166710099345e-16,4.179037098351716e-16
4.419797861032748e-13,1.1819943130974473e-13,1.694065894513223e-21,2.06795153138445e-25,0.0,0.0002514792534381694,1.8179814914861273e-16,1.8227043460450256e-16
4.715672297095352e-13,1.193220572950885e-13,1.2705494208814505e-21,5.169878828475231e-26,0.0,0.00025146397896986833,1.339546590949352e-16,4.47253601218119e-17
4.994893387788579e-13,1.2044761492887944e-13,1.6940658945101414e-21,2.06795153138445e-25,0.0,0.0002514488641092799,1.755014892503984e-16,1.75624457592674e-16
5.299094496535872e-13,1.2157614541034752e-13,2.9646153153946734e-21,5.169878828456423e-25,0.0,0.00025143390557503403,3.0184123711775086e-16,4.3109027163859867e-16
5.5871973714261e-13,1.2270768902680774e-13,1.694065894511682e-21,3.6189151799270192e-25,0.0,0.0002514191001197202,1.6954074868661737e-16,2.963330512290048e-16
5.890843368661081e-13,1.238422852271759e-13,3.811648262647433e-21,1.5509636485388077e-25,0.0,0.0002514044445255903,3.750269535168601e-16,1.2473443018312651e-16
6.175615574477433e-13,1.2497997269765555e-13,8.470329472589226e-22,2.0679515313882116e-25,0.0,0.00025138993561750944,8.19457848633918e-17,1.633713775965488e-16
6.48925357893404e-13,1.2612078942336304e-13,3.8116482626505145e-21,6.72084247699335e-25,0.0,0.0002513755702584811,3.62647849654688e-16,5.216470359019839e-16
6.802891583390647e-13,1.2726477275305422e-13,8.046812998920475e-21,4.1359030627726615e-25,0.0,0.00025136134536161834,7.530261887422448e-16,3.1543220425765036e-16
7.122080702970379e-13,1.284119594506684e-13,2.117582368140373e-21,6.203854594155231e-25,0.0,0.0002513472578847041,1.94942667904968e-16,4.649903443227247e-16
7.434608484402361e-13,1.2956238574609624e-13,1.2705494208876135e-21,6.720842476997111e-25,0.0,0.0002513333048316233,1.1508104333149605e-16,4.95125696226644e-16
7.759903830617532e-13,1.3071608738512111e-13,3.388131789023364e-21,4.1359030627726615e-25,0.0,0.0002513194832593923,3.01982715427833e-16,2.995250351931333e-16
8.073541835074138e-13,1.3187309967160505e-13,2.964615315390051e-21,7.754818242688396e-25,0.0,0.00025130579027658344,2.6005330939148936e-16,5.521611969149178e-16
2.0045076709607201e-13,1.3303809851867827e-13,3.3881317890218236e-21,5.64237288394698e-37,0.0,0.00025128685831456274,2.9254188413895647e-16,3.9504495853548656e-28
1.7419399256368706e-13,1.3372387481663631e-13,4.235164736302317e-22,5.169878828531655e-26,0.0,0.00025185603526817207,3.60029896864086e-17,3.560048588910998e-17
1.7064127888488656e-13,1.3410878864051372e-13,1.5407439555097887e-33,3.101927297079496e-25,0.0,0.0002518560516450702,1.2898607880005809e-28,2.1013359007504108e-16
1.7152945730458669e-13,1.3449406980574393e-13,3.3881317890218236e-21,4.1359030627651384e-25,0.0,0.0002518561732551882,2.7939411520471363e-16,2.7568756436947506e-16
1.7158496845581794e-13,1.3487965963275378e-13,2.5410988417644418e-21,5.169878828475231e-26,0.0,0.0002518562893911072,2.0645271737469269e-16,3.391580249949067e-17
1.708633234898116e-13,1.3526555822111518e-13,1.5407439555097887e-33,3.101927297079496e-25,0.0,0.00025185640010808513,1.2335769338725378e-28,2.0031691041735256e-16
1.6925350010410511e-13,1.3565176565783715e-13,2.541098841762901e-21,1.0339757656950462e-25,0.0,0.0002518565054379587,2.005330461676888e-16,6.574269427565577e-17
1.691424778016426e-13,1.3603828202884314e-13,4.622231866529366e-33,3.1019272970757346e-25,0.0,0.00025185660541069755,3.5961188095015557e-28,1.9422466798632185e-16
1.676991878696299e-13,1.3642510742031502e-13,1.6940658945086007e-21,1.88079096131566e-37,0.0,0.00025185670005689663,1.299622719367631e-16,1.1599283108528515e-28
1.68365321684405e-13,1.3681224191874484e-13,8.47032947255841e-22,3.76158192263132e-37,0.0,0.0002518567894078615,6.408794823939794e-17,2.2853831006130795e-28
1.684763439868675e-13,1.37199685610056e-13,1.6940658945147637e-21,3.1019272970776154e-25,0.0,0.00025185687349398554,1.2643796745615096e-16,1.8569315111956845e-16
1.6775469902086115e-13,1.375874385809991e-13,3.388131789020283e-21,1.0339757656950462e-25,0.0,0.0002518569523473212,2.4949308087860673e-16,6.099950508085654e-17
1.6819878823071122e-13,1.3797550091630845e-13,3.388131789023364e-21,7.52316384526264e-37,0.0,0.00025185702599637847,2.4619954736230933e-16,4.374637830060646e-28
1.674216321134736e-13,1.383638727034584e-13,8.470329472573818e-22,4.1359030627689e-25,0.0,0.00025185709447482854,6.074796071222388e-17,2.370880424828773e-16
1.6764367671839864e-13,1.38752554026201e-13,2.541098841762901e-21,1.0339757656931654e-25,0.0,0.00025185715780970527,1.798999915940754e-16,5.844100290406965e-17
1.6830981053317373e-13,1.3914154497190723e-13,2.5410988417644418e-21,6.203854594151469e-25,0.0,0.00025185721603479105,1.776156311595106e-16,3.457844544031676e-16
1.6708856520608606e-13,1.3953084562500117e-13,1.694065894511682e-21,4.1359030627689e-25,0.0,0.0002518572691786732,1.1692570757175488e-16,2.2736187650793027e-16
1.6669998714746725e-13,1.3992045607150967e-13,1.694065894511682e-21,1.0339757656950462e-25,0.0,0.0002518573172730097,1.1547776910130038e-16,5.606945973563818e-17
1.6642243139131097e-13,1.403103763962187e-13,1.6940658945147637e-21,3.101927297081377e-25,0.0,0.0002518573603473825,1.1406525577320583e-16,1.6595107599817432e-16
1.6447954109821694e-13,1.4070060668443127e-13,3.388131789020283e-21,5.169878828463946e-25,0.0,0.0002518573984324776,2.2537376647523726e-16,2.7291254726213863e-16
1.6581180872776713e-13,1.4109114702046816e-13,1.6940658945086007e-21,2.0679515313863308e-25,0.0,0.0002518574315573967,1.1134142849073282e-16,1.0773057234097906e-16
1.6525669721545455e-13,1.4148199748978744e-13,0.0,1.0339757656912846e-25,0.0,0.0002518574597534515,0.0,5.316475834857941e-17
1.6642243139131097e-13,1.4187315817624453e-13,3.388131789023364e-21,1.0339757656988078e-25,0.0,0.00025185748304927373,2.1748933121028128e-16,5.2480355999481524e-17
1.6536771951791707e-13,1.422646291642119e-13,4.235164736271502e-21,1.0339757656988078e-25,0.0,0.0002518575014746032,2.687279671299894e-16,5.1811534759298414e-17
1.645350522494482e-13,1.4265641053816538e-13,1.694065894517845e-21,2.0679515313863308e-25,0.0,0.00025185751505954837,1.0626627860803772e-16,1.0231554893211727e-16
1.6442402994698568e-13,1.430485023812883e-13,8.470329472635448e-22,2.0679515313900924e-25,0.0,0.0002518575238321236,5.253448753549615e-17,1.0103715565870403e-16
1.6420198534206065e-13,1.4344090477753948e-13,2.541098841769064e-21,1.0339757656988078e-25,0.0,0.0002518575278219091,1.5584753022550805e-16,4.98934691856545e-17
1.6447954109821694e-13,1.4383361781041254e-13,3.388131789020283e-21,3.1019272970851385e-25,0.0,0.00025185752705786076,2.0550706353304663e-16,1.4784598000839334e-16
1.6442402994698568e-13,1.4422664156303908e-13,2.5410988417659825e-21,3.76158192263132e-37,0.0,0.0002518575215684981,1.524504994418763e-16,1.7711032145195033e-28
1.6336931807359178e-13,1.4461997611782701e-13,8.470329472573818e-22,3.1019272970889e-25,0.0,0.0002518575113812836,5.026897491377636e-17,1.442946452647574e-16
1.6459056340067946e-13,1.4501362155863174e-13,2.541098841769064e-21,3.1019272970851385e-25,0.0,0.00025185749652640866,1.4919841435208108e-16,1.425752854721562e-16
1.6325829577112927e-13,1.454075779669306e-13,8.470329472666263e-22,6.203854594158992e-25,0.0,0.00025185747703012983,4.920795267341969e-17,2.8178382662012123e-16
1.6464607455191071e-13,1.4580184542507974e-13,2.5410988417659825e-21,2.0679515313863308e-25,0.0,0.0002518574529204533,1.4608219186688792e-16,9.282895004773962e-17
1.634803403760543e-13,1.461964240148667e-13,2.5410988417721455e-21,7.237830359842754e-25,0.0,0.0002518574242246137,1.4457239601080447e-16,3.211337772028182e-16
1.642574964932919e-13,1.4659131381906117e-13,5.929230630789347e-21,4.135903062776423e-25,0.0,0.0002518573909717551,3.338848153615269e-16,1.8139587513508072e-16
1.6327217355893708e-11,2.2309903107900553e-13,3.3882351865999335e-21,1.03410198343612e-25,0.0,0.0003822535647452397,1.888575999044478e-16,4.483611801602456e-17
7.65831842386433e-13,1.1867823360909292e-13,2.541098841769064e-21,4.152058934115349e-25,0.0,0.0001726932616529405,1.3986913538416286e-16,1.7764266617294456e-16
5.551115123125783e-14,1.3218322809485132e-13,2.6469779601758515e-21,5.266814056489981e-25,0.0,0.00019091789920813005,1.4388845882330957e-16,2.223732675464629e-16
6.655787032627813e-14,1.3352845278847492e-13,1.0058516248675631e-21,2.132575016742036e-25,0.0,0.00019143367538025215,5.4003558159999203e-17,8.886335981338403e-17
8.743006318923108e-14,1.3487870287164374e-13,3.546950466627383e-21,3.4896682092193702e-25,0.0,0.00019194644929578127,1.881019734909544e-16,1.4352217054159723e-16
1.0041967257734541e-13,1.3623166001722993e-13,3.546950466627383e-21,3.231174267796549e-25,0.0,0.00019245290334392768,1.8581447401468193e-16,1.3117284311950307e-16
1.1363132657038477e-13,1.375874198317771e-13,1.7999450129184697e-21,2.0679515313863308e-25,0.0,0.0001929532071141127,9.315490454328847e-17,8.287136214165337e-17
1.2512213487525514e-13,1.3894607182173375e-13,1.482307657698107e-21,2.714186384939622e-25,0.0,0.00019344752110490277,7.579529942172247e-17,1.0737813872794215e-16
1.4366285938649526e-13,1.4030770050314192e-13,8.470329472543003e-22,1.8094575899710328e-25,0.0,0.0001939359981515936,4.279534317605146e-17,7.067532960715517e-17
1.6364687382974807e-13,1.41672385919478e-13,2.5410988417721455e-21,5.428372769883006e-25,0.0,0.00019441878403195413,1.2686575743371493e-16,2.093452521597032e-16
1.804667526528192e-13,1.4304020410720055e-13,9.317362419797304e-21,3.2311742678003107e-25,0.0,0.00019489601801900115,4.597019757534833e-16,1.2304338951675897e-16
2.0078383400345956e-13,1.444112274867996e-13,1.2705494208876135e-21,6.203854594151469e-25,0.0,0.00019536783336493378,6.195393097564185e-17,2.33288886642584e-16
2.1854740239746206e-13,1.457855252516494e-13,5.717472393966527e-21,6.462348535570529e-25,0.0,0.00019583435773019747,2.755549651691322e-16,2.3998665368245787e-16
2.3714363805993344e-13,1.4716316368316404e-13,1.9058241313283387e-21,2.326445472816675e-25,0.0,0.00019629571360549666,9.07917376396235e-17,8.532636781064186e-17
2.5729418595688003e-13,1.4854420641764086e-13,1.694065894524008e-21,2.3264454728129135e-25,0.0,0.00019675201864131922,7.977837492915452e-17,8.427640180561664e-17
2.76445533131664e-13,1.499287147078562e-13,2.1175823681449953e-21,2.8434333556623174e-25,0.0,0.00019720338597260226,9.858666647593002e-17,1.0174371993932188e-16
2.9454216843305403e-13,1.5131674764769672e-13,2.1175823681449953e-21,8.2718061255378e-25,0.0,0.0001976499245055477,9.747030912264643e-17,2.923780421500869e-16
3.132494263979879e-13,1.52708362375284e-13,2.541098841775227e-21,5.428372769886767e-25,0.0,0.00019809173918066447,1.1564810272161937e-16,1.8954921541222066e-16
3.3306690738754696e-13,1.5410361425640162e-13,2.3293406049524074e-21,6.203854594155231e-25,0.0,0.00019852893121358417,1.048250861044982e-16,2.1401766057194718e-16
3.5477176751896877e-13,1.5550255704566642e-13,5.717472393969609e-21,6.979336418431217e-25,0.0,0.00019896159830976606,2.544377446757711e-16,2.3788400815329304e-16
3.743672039036028e-13,1.5690524303547243e-13,5.929230630783184e-21,8.271806125541561e-25,0.0,0.00019938983486556466,2.609459723511924e-16,2.7857471914614736e-16
3.944622406493181e-13,1.583117231874353e-13,2.541098841762901e-21,3.3604212385004365e-25,0.0,0.00019981373214813657,1.1060577058393519e-16,1.1182840636919624e-16
4.1611158962950867e-13,1.5972126771714293e-13,4.235164736277665e-21,1.128474576789396e-36,0.0,0.00020023341909434093,1.8233049565439166e-16,3.7110243102157242e-28
4.3853809472693683e-13,1.6113250583236154e-13,6.3527471044134155e-21,7.237830359842754e-25,0.0,0.00020064843593004076,2.7052772773635007e-16,2.3522329319007e-16
4.574673972967958e-13,1.6254645711524253e-13,3.8116482626566775e-21,2.5849394142357346e-25,0.0,0.00020105808327197067,1.6056553239615058e-16,8.30267829721461e-17
4.801714581503802e-13,1.6396413490923766e-13,2.964615315396214e-21,3.1019272970889e-25,0.0,0.0002014636501942876,1.2354491208476902e-16,9.847389032502136e-17
5.013767179207207e-13,1.6538559220777667e-13,1.6940658945147637e-21,5.68686671131335e-25,0.0,0.00020186522027655713,6.984433742275041e-17,1.7844714677764152e-16
5.239697564718426e-13,1.6681088099140655e-13,3.388131789020283e-21,6.72084247699335e-25,0.0,0.00020226287464214068,1.3820782063013546e-16,2.0846469419978098e-16
5.445643935786393e-13,1.682400521274443e-13,1.6940658945147637e-21,4.652890945618304e-25,0.0,0.00020265669184204522,6.837553643850495e-17,1.4266872864252763e-16
5.662692537100611e-13,1.6967315546076001e-13,9.317362419800385e-21,4.1359030627651384e-25,0.0,0.00020304674797796076,3.7212421801174487e-16,1.253712630463645e-16
5.894729149247269e-13,1.711102399038361e-13,3.811648262653596e-21,4.652890945610781e-25,0.0,0.00020343311682491754,1.5064624721840306e-16,1.3944296190390632e-16
6.1167737541723e-13,1.7255135352020925e-13,3.8116482626505145e-21,4.652890945614542e-25,0.0,0.0002038158699461147,1.4908522711581551e-16,1.378690403525521e-16
6.36657393471296e-13,1.7399654359550437e-13,3.811648262647433e-21,9.30578189124037e-25,0.0,0.00020419507679302873,1.4754902252968186e-16,2.7264071939071697e-16
6.62914168003681e-13,1.7544585670521193e-13,3.811648262653596e-21,8.788794008387204e-25,0.0,0.00020457080480173302,1.4603709691821546e-16,2.5461539871394247e-16
6.884492975700596e-13,1.7689933878070708e-13,6.35274710442266e-21,8.78879400837968e-25,0.0,0.00020494311948697583,2.4091488081169307e-16,2.5178247672460093e-16
7.159828285807635e-13,1.7835703504514339e-13,3.8116482626505145e-21,4.652890945625827e-25,0.0,0.00020531208438599564,1.430840096974437e-16,1.3182050776017877e-16
7.43238803835311e-13,1.7981899028373388e-13,2.1175823681449953e-21,8.78879400837968e-25,0.0,0.00020567776138996462,7.868991488476263e-17,2.4624991596749005e-16
1.953437411827963e-13,1.8129096097628157e-13,2.1175823681388323e-21,2.5849394142470194e-25,0.0,0.0002060397380126451,7.790108862122612e-17,7.163187196082749e-17
1.7302825838783065e-13,1.821576053263478e-13,7.623296525294866e-21,6.203854594151469e-25,0.0,0.00020647109404859225,2.776604893283575e-16,1.7004594178364612e-16
1.7236212457305555e-13,1.826492072056878e-13,4.235164736271502e-21,5.169878828456423e-25,0.0,0.00020647559207574812,1.5273987429311253e-16,1.4017567917039655e-16
1.7091883464104285e-13,1.8314128493598562e-13,2.1175823681480768e-21,5.686866711320873e-25,0.0,0.00020648016711307806,7.562671518242121e-17,1.5254261993792107e-16
1.7108536809473662e-13,1.8363374973977086e-13,8.470329472552248e-21,5.169878828456423e-26,0.0,0.00020648471854384164,2.9959128459358623e-16,1.37202453023243e-17
1.699196339188802e-13,1.8412660173972479e-13,6.77626357804981e-21,7.754818242707204e-25,0.0,0.00020648924654845257,2.3738510297226617e-16,2.0363542742235245e-16
1.709743457922741e-13,1.846198410331445e-13,6.776263578043647e-21,4.652890945618304e-25,0.0,0.00020649375127775575,2.3514045097329435e-16,1.2090408528201024e-16
1.6947554470903015e-13,1.8511346772027395e-13,7.62329652530411e-21,8.788794008390965e-25,0.0,0.0002064982328849776,2.620550874652872e-16,2.260056662412344e-16
1.6986412276764895e-13,1.8560748189732463e-13,1.6940658945147637e-21,6.203854594162754e-25,0.0,0.00020650269151791239,5.769403640541253e-17,1.5789141759587693e-16
1.6986412276764895e-13,1.861018836617487e-13,6.776263578043647e-21,1.1373733422619177e-24,0.0,0.0002065071273248303,2.286541933318508e-16,2.8651090672815653e-16
1.6969758931395518e-13,1.8659667310980938e-13,5.082197683525802e-21,6.203854594170277e-25,0.0,0.0002065115404517783,1.6992818387722255e-16,1.5469442616052606e-16
1.6747714326470486e-13,1.8709185033968264e-13,1.694065894511682e-21,1.0339757656988078e-25,0.0,0.00020651593104602906,5.613131339258024e-17,2.552298855584999e-17
1.6892043319671757e-13,1.8758741544602898e-13,7.623296525301029e-21,4.1359030627651384e-25,0.0,0.00020652029925008613,2.503307345243222e-16,1.0107232094244851e-16
1.68365321684405e-13,1.8808336852593873e-13,5.929230630801673e-21,8.2718061255378e-25,0.0,0.00020652464520827152,1.9297495200663902e-16,2.0014051984305367e-16
1.6814327707947996e-13,1.8857970967443426e-13,5.082197683544291e-21,3.101927297081377e-25,0.0,0.00020652896906177683,1.63953071310127e-16,7.4313996603912e-17
1.6842083283563625e-13,1.8907643898674477e-13,3.3881317890172014e-21,5.169878828463946e-25,0.0,0.000206533270951184,1.0834958981138242e-16,1.2264637490760974e-16
1.6803225477701744e-13,1.8957355655809939e-13,5.082197683544291e-21,1.1373733422619177e-24,0.0,0.00020653755101624806,1.6112038505381227e-16,2.672041891764034e-16
1.6786572132332367e-13,1.9007106248414094e-13,5.929230630786265e-21,4.135903062780185e-25,0.0,0.00020654180939635617,1.8636384425890818e-16,9.622910805307172e-17
1.66644475996236e-13,1.905689568577721e-13,4.2351647362899906e-21,2.0679515313900924e-25,0.0,0.0002065460462271112,1.3198660877945591e-16,4.765427893465066e-17
1.670330540548548e-13,1.9106723977355e-13,4.235164736271502e-21,7.237830359861562e-25,0.0,0.00020655026164513243,1.3087522555153145e-16,1.6520548533374432e-16
1.6869838859179254e-13,1.9156591132603171e-13,4.2351647362899906e-21,2.0679515313976155e-25,0.0,0.00020655445578625424,1.2978240492723406e-16,4.6756237573714386e-17
1.6697754290362354e-13,1.9206497160672412e-13,7.623296525294866e-21,7.237830359846515e-25,0.0,0.0002065586287822558,2.316738342632678e-16,1.621134000967925e-16
1.6753265441593612e-13,1.9256442071054618e-13,8.470329472666263e-22,6.203854594155231e-25,0.0,0.0002065627807678453,2.553012436580791e-17,1.3766108202780175e-16
1.6830981053317373e-13,1.9306425872879799e-13,5.929230630780102e-21,8.271806125530277e-25,0.0,0.0002065669118730961,1.7725509450520597e-16,1.8185124737183654e-16
1.6620038678638593e-13,1.9356448575458903e-13,1.8488927466117464e-32,4.135903062795231e-25,0.0,0.00020657102222929825,5.482626788870603e-28,9.009061617913649e-17
1.6692203175239229e-13,1.9406510188014998e-13,6.776263578040566e-21,7.237830359861562e-25,0.0,0.00020657511196608193,1.9932978616518386e-16,1.5622026438850225e-16
1.6575629757653587e-13,1.9456610719662581e-13,5.082197683544291e-21,1.13737334226267e-24,0.0,0.00020657918121121498,1.4830859455271433e-16,2.432640167114007e-16
1.66644475996236e-13,1.9506750179485129e-13,3.388131789023364e-21,0.0,0.0,0.0002065832300914489,9.809240510057146e-17,0.0
1.6631140908884845e-13,1.9556928576690199e-13,5.929230630792428e-21,6.2038545941778e-25,0.0,0.00020658725873416652,1.703180947957542e-16,1.303181507784514e-16
1.6697754290362354e-13,1.960714592024753e-13,6.776263578040566e-21,4.1359030627726615e-25,0.0,0.00020659126726356236,1.9313754660329968e-16,8.610641552593364e-17
1.6692203175239229e-13,1.9657402219219917e-13,1.6940658945209266e-21,3.1019272970964233e-25,0.0,0.00020659525580415662,4.7912286214504735e-17,6.40093229201744e-17
1.6570078642530461e-13,1.9707697482618463e-13,5.929230630792428e-21,6.203854594170277e-25,0.0,0.00020659922447927373,1.6641057235339417e-16,1.2689483121455983e-16
1.673106098110111e-13,1.9758031719304342e-13,2.541098841769064e-21,6.203854594170277e-25,0.0,0.00020660317341003012,7.077754775820926e-17,1.2578780346714684e-16
1.6642243139131097e-13,1.9808404938283483e-13,5.082197683531965e-21,5.169878828494039e-25,0.0,0.00020660710271843053,1.4048886772626128e-16,1.0391433126266471e-16
1.6681100944992977e-13,1.9858817148422228e-13,3.388131789023364e-21,1.033975765692037e-24,0.0,0.00020661101252440213,9.295905615107813e-17,2.0603776457977786e-16
1.3380740959689774e-11,2.7668674394147665e-13,8.471363448431954e-22,7.238082795336186e-25,0.0,0.00028713127764476177,2.3069677815891582e-17,1.4299372881928837e-16
3.6759484345338933e-13,1.6921684003308366e-13,5.929230630792428e-21,9.305781891221561e-25,0.0,0.00015893745691808735,1.600824924072349e-16,1.8212078420171943e-16
6.722400414105323e-14,1.8263709054167802e-13,5.929230630792428e-21,7.270142102516845e-25,0.0,0.00017056935950305878,1.5871479750554712e-16,1.4095388426857161e-16
9.470202400052585e-14,1.8410023097731414e-13,8.576208590949791e-21,4.20052654813589e-25,0.0,0.00017096199625302438,2.276172435631505e-16,8.068267934990617e-17
1.113553693699032e-13,1.855684143384902e-13,1.355252715608113e-20,7.431700815943724e-25,0.0,0.00017135317909331766,3.5664641132924285e-16,1.4142365199314816e-16
1.301736496372996e-13,1.8703951115238606e-13,2.964615315396214e-21,1.0985992510770825e-25,0.0,0.0001717409140546499,7.735893866424212e-17,2.071310001614541e-17
1.467714838554457e-13,1.8851361799830976e-13,4.446922973103566e-21,6.591595506304509e-25,0.0,0.00017212528738048553,1.1506494049244781e-16,1.231354056734905e-16
1.6153745008296028e-13,1.899908254239751e-13,8.999725064589267e-21,4.652890945640873e-25,0.0,0.00017250638038690492,2.309247174795655e-16,8.612245094630982e-17
1.7957857423311907e-13,1.9147121898288952e-13,9.740878893455269e-21,1.2666203129740806e-24,0.0,0.0001728842702781377,2.4786399591007187e-16,2.32303355082867e-16
1.9118040484045196e-13,1.929548797600791e-13,9.634999775029992e-21,1.1761474334760932e-24,0.0,0.00017325903050681462,2.431405176151463e-16,2.13747300772794e-16
2.0644597142904786e-13,1.9444188482990726e-13,1.164670302474663e-21,1.1632227364102183e-25,0.0,0.0001736307310883436,2.9148418953340976e-17,2.0948156433155684e-17
2.202127369343998e-13,1.9593230765715372e-13,4.44692297309124e-21,4.006656092053728e-25,0.0,0.00017399943889029267,1.1038088693209677e-16,7.150281749725077e-17
2.3409052474221426e-13,1.9742621848467817e-13,7.411538288475128e-21,6.462348535593098e-25,0.0,0.0001743652178695069,1.8246545299439904e-16,1.142887904391395e-16
2.5329738306822946e-13,1.9892368464981658e-13,6.5645053412269906e-21,6.720842477000873e-25,0.0,0.0001747281293292421,1.6029793336431793e-16,1.1779396859864886e-16
2.7122748491592574e-13,2.0042477084406439e-13,3.599890025849265e-21,6.4623485356081445e-25,0.0,0.00017508823208702958,8.71935248160867e-17,1.1225083982454343e-16
2.8871349755377196e-13,2.0192953938211697e-13,6.988021814847978e-21,1.1373733422619177e-24,0.0,0.0001754455826673143,1.6789341165926314e-16,1.9580142887596958e-16
3.0742075551870585e-13,2.0343805042647494e-13,8.893845946170154e-21,6.203854594155231e-25,0.0,0.0001758002354613272,2.1196716132924528e-16,1.0585262135587812e-16
3.293476602550527e-13,2.0495036218927633e-13,2.329340604961652e-21,2.3522948669484248e-24,0.0,0.00017615224287187095,5.507146091080038e-17,3.9780704417791833e-16
3.463340725318176e-13,2.0646653111706795e-13,6.140988867618329e-21,8.27180612556037e-25,0.0,0.00017650165544728084,1.4403280977165524e-16,1.386548810352293e-16
3.658184866139891e-13,2.0798661204998607e-13,1.0799670077498492e-20,1.9387045606726632e-24,0.0,0.00017684852199670314,2.5129156079740826e-16,3.221171608560753e-16
3.855249453010856e-13,2.0951065837362152e-13,1.2070219498398432e-20,1.4992648602523627e-24,0.0,0.00017719288970191846,2.786387503774566e-16,2.46922813583233e-16
4.0545344859310717e-13,2.1103872214997272e-13,1.0587911840678754e-20,2.895132143936349e-24,0.0,0.00017753480421352954,2.4249908274162974e-16,4.726557893811353e-16
4.268807529683727e-13,2.1257043990277328e-13,8.893845946170154e-21,1.6802106192513467e-24,0.0,0.00017787428420252361,2.0210506747859305e-16,2.7192370726594114e-16
4.4836356849486947e-13,2.141039597677528e-13,3.8116482626628405e-21,5.686866711324635e-25,0.0,0.0001782110620506377,8.594141230122138e-17,9.123807441353659e-17
4.671818487622659e-13,2.1564020464309069e-13,1.6940658945209266e-21,7.237830359869085e-25,0.0,0.00017854445791281305,3.789973417998875e-17,1.1511821279640663e-16
4.892197758010752e-13,2.171804043941569e-13,8.046812998922016e-21,2.584939414243258e-25,0.0,0.00017887549962583438,1.7863229301266378e-16,4.075973516983777e-17
5.079270337660091e-13,2.1872461312259638e-13,1.1011428314305904e-20,9.82276977408225e-25,0.0,0.000179204230555622,2.4256257912848227e-16,1.5355818572178624e-16
5.28577182024037e-13,2.2027288396432066e-13,9.740878893430617e-21,1.085674553978858e-24,0.0,0.00017953069289647388,2.1292964675077847e-16,1.68270998256844e-16
5.523359547510154e-13,2.218252689502314e-13,1.0164395367051604e-20,1.0339757656935415e-24,0.0,0.00017985492754396778,2.2049108108345658e-16,1.588923790962128e-16
5.715983242282618e-13,2.2338181909834761e-13,5.082197683538128e-21,1.0339757656927892e-24,0.0,0.00018017697416203624,1.0940723581388995e-16,1.5754280089234714e-16
5.930256286035274e-13,2.2494258450283094e-13,7.199780051667716e-21,4.135903062802754e-25,0.0,0.00018049687124865597,1.5381976629793247e-16,6.248364495355701e-17
6.161182675157306e-13,2.2650761441520448e-13,9.74087889343678e-21,1.706060013393629e-24,0.0,0.00018081465619613007,2.065393405119736e-16,2.555702679243266e-16
6.362688154126772e-13,2.2807695731848883e-13,1.2705494208832994e-20,1.137373342260413e-24,0.0,0.00018113036534646667,2.6737519513907297e-16,1.6894728449657016e-16
6.589728762662617e-13,2.29650660996065e-13,1.2705494208832994e-20,2.17134910795245e-24,0.0,0.00018144403404320384,2.653744452936464e-16,3.1983207047436384e-16
6.833977828080151e-13,2.312287725942813e-13,9.31736241980963e-21,9.305781891221561e-25,0.0,0.0001817556966788224,1.9315745560789723e-16,1.359256308937581e-16
7.05324687544362e-13,2.3281133860921897e-13,3.8116482626628405e-21,2.584939414250781e-25,0.0,0.00018206538668326372,7.843232927112562e-17,3.7442673480513415e-17
7.281952818516402e-13,2.343984049883315e-13,5.505714157165278e-21,1.1373733422611654e-24,0.0,0.00018237313660393717,1.124533804220317e-16,1.6338015146864826e-16
1.8313128791191957e-13,2.3599571588942855e-13,1.1858461261566368e-20,1.292469707117115e-24,0.0,0.00018267918821700022,2.404232148312312e-16,1.8412298447224614e-16
1.6775469902086115e-13,2.3697740142710686e-13,5.505714157165278e-21,1.912855166530381e-24,0.0,0.00018298035094340486,1.1080885570775169e-16,2.702600740634333e-16
1.6397994073713562e-13,2.3757679260380217e-13,1.2281977735187355e-20,1.499264860253115e-24,0.0,0.0001829851091734141,2.4539465093703436e-16,2.1009265556650105e-16
1.6336931807359178e-13,2.3817673689007333e-13,1.1011428314305904e-20,1.499264860253115e-24,0.0,0.00018298991521734784,2.1842347346700527e-16,2.0838374659066698e-16
1.6409096303959814e-13,2.387771433742206e-13,2.329340604949326e-20,1.3441684954001746e-24,0.0,0.00018299469891538812,4.587436653312314e-16,1.8531567947262295e-16
1.6381340728344185e-13,2.3937801217959716e-13,9.317362419815793e-21,1.1890721305457296e-24,0.0,0.00018299946042023483,1.8219386195295866e-16,1.6261453925042786e-16
1.6353585152728556e-13,2.3997934340561986e-13,3.388131789023364e-21,1.499264860253115e-24,0.0,0.00018300419986546905,6.578496432431074e-17,2.0339568939644373e-16
1.6381340728344185e-13,2.4058113715113685e-13,7.623296525307192e-21,1.4992648602568766e-24,0.0,0.00018300891738353138,1.469793676598483e-16,2.0177771390265096e-16
1.6325829577112927e-13,2.4118339351365195e-13,1.8488927466117464e-32,2.067951531384074e-24,0.0,0.0001830136131051291,3.5399229461464373e-28,2.761122295382171e-16
1.613709166292665e-13,2.4178611259196164e-13,3.388131789029527e-21,6.203854594185323e-25,0.0,0.00018301828716124223,6.442166325911433e-17,8.218188724620976e-17
1.6237011735142914e-13,2.423892944826909e-13,8.470329472573818e-21,1.7577588016774408e-24,0.0,0.00018302293968049804,1.5994925475938246e-16,2.3102635202207024e-16
1.6064927166326015e-13,2.42992939282775e-13,4.235164736277665e-21,1.3441684954001746e-24,0.0,0.00018302757079106426,7.942970528445735e-17,1.7529195610273054e-16
1.6103784972187896e-13,2.4359704708909746e-13,1.3552527156074968e-20,1.3441684954031839e-24,0.0,0.0001830321806203814,2.524549116642469e-16,1.739346448070473e-16
1.607047828144914e-13,2.4420161799730107e-13,8.470329472549166e-21,1.5509636485399362e-24,0.0,0.00018303676929427677,1.5672368485961716e-16,1.9914800437514489e-16
1.5987211554602254e-13,2.448066521032354e-13,5.082197683544291e-21,1.0339757656965508e-24,0.0,0.00018304133693806585,9.340632969762458e-17,1.31748078588138e-16
1.6076029396572267e-13,2.4541214950166426e-13,8.47032947255533e-21,2.2747466845215784e-24,0.0,0.0001830458836755931,1.546446317684568e-16,2.876364906974278e-16
1.605937605120289e-13,2.460181102878169e-13,1.0164395367070093e-20,1.344168495400927e-24,0.0,0.0001830504096304011,1.8435078861612055e-16,1.6867816758027742e-16
1.6064927166326015e-13,2.466245345572844e-13,1.2705494208832994e-20,8.271806125567893e-25,0.0,0.00018305491492565782,2.2893003763156464e-16,1.0301885918453851e-16
1.6003864899971632e-13,2.472314224025558e-13,8.47032947255533e-21,2.0679515313976155e-25,0.0,0.00018305939968159512,1.5162747513677766e-16,2.5561408222516133e-17
1.5776269179923474e-13,2.4783877391865354e-13,6.776263578046729e-21,9.305781891251654e-25,0.0,0.0001830638640197041,1.2051820296212378e-16,1.1416735181900293e-16
1.5931700403370996e-13,2.4844658919661924e-13,8.470329472561492e-21,1.5509636485369269e-24,0.0,0.00018306830805792145,1.4968061367460012e-16,1.8886510587600713e-16
1.5892842597509116e-13,2.4905486833204394e-13,1.355252715608113e-20,1.34416849539867e-24,0.0,0.00018307273191693873,2.379613027965695e-16,1.6247295903356524e-16
1.6109336087311021e-13,2.496636114157107e-13,5.929230630804754e-21,1.2407709188295415e-24,0.0,0.0001830771357133087,1.0344818450757327e-16,1.4887174803273204e-16
1.61259894326804e-13,2.5027281853891957e-13,6.776263578040566e-21,1.5509636485369269e-24,0.0,0.00018308151956338768,1.1748184345634577e-16,1.8472745806953044e-16
1.5987211554602254e-13,2.50882489794625e-13,7.623296525307192e-21,1.757758801678193e-24,0.0,0.00018308588358416773,1.3133982778205042e-16,2.0783272807318436e-16
1.6042722705833512e-13,2.514926252736101e-13,6.776263578040566e-21,9.305781891236608e-25,0.0,0.0001830902278904833,1.16020332958423e-16,1.0923148523703048e-16
1.5898393712632242e-13,2.5210322506593413e-13,5.082197683550454e-21,1.8611563782473215e-24,0.0,0.00018309455259608577,8.647734890989732e-17,2.168869707233336e-16
1.592614928824787e-13,2.5271428926207e-13,1.1011428314324393e-20,1.5509636485369269e-24,0.0,0.0001830988578144807,1.8621646032817897e-16,1.7944154077401189e-16
1.5876189252139739e-13,2.533258179511464e-13,1.1011428314324393e-20,1.7577588016766884e-24,0.0,0.000183103143657659,1.850793917149694e-16,2.0191398504395913e-16
1.5842882561400984e-13,2.539378112230158e-13,8.47032947255533e-21,1.5509636485399362e-24,0.0,0.00018310741023760483,1.4150471340110496e-16,1.7689244952380323e-16
1.592614928824787e-13,2.5455026916613497e-13,1.5246593050595895e-20,8.27180612556037e-25,0.0,0.0001831116576647695,2.5317196280841126e-16,9.36748978936476e-17
1.599276266972538e-13,2.5516319186890876e-13,1.439956010332927e-20,1.0339757656927892e-24,0.0,0.0001831158860490543,2.3767310089617997e-16,1.16268730949944e-16
1.603162047558726e-13,2.557765794192251e-13,1.0164395367070093e-20,1.9645539548149454e-24,0.0,0.0001831200954994817,1.6676925379669712e-16,2.1936157352878116e-16
1.603162047558726e-13,2.5639043190466173e-13,5.082197683531965e-21,1.654361225112074e-24,0.0,0.0001831242861243534,8.289055616025004e-17,1.834362348636492e-16
1.5870638137016613e-13,2.5700474941227947e-13,3.388131789029527e-21,1.2407709188325508e-24,0.0,0.00018312845803111015,5.4934871261870413e-17,1.3662136040710596e-16
1.1127321286608094e-11,3.363934699261205e-13,8.470432870131898e-21,1.5509888920873986e-24,0.0,0.00023912482912771097,1.365330331377407e-16,1.695968198595424e-16
2.3198110099542646e-13,2.1551305318945744e-13,8.470329472561492e-21,1.3441684954001746e-24,0.0,0.00014929561059223495,1.356871810959313e-16,1.459465188182079e-16
8.942846463355636e-14,2.2159345377160088e-13,5.108667463158314e-21,1.1438356907989928e-24,0.0,0.00015296274660988406,8.133258600929423e-17,1.233233559791756e-16
1.0363931934875836e-13,2.2261552709108336e-13,2.541098841775227e-21,5.169878828486516e-25,0.0,0.00015312408357511325,4.0207684329611787e-17,5.5349580310951285e-17
1.2223555501122974e-13,2.2363888150578362e-13,1.1382005228766639e-20,1.4863401631827262e-24,0.0,0.00015328470023699036,1.7899827474634665e-16,1.5802106759381455e-16
1.3933298959045715e-13,2.246631256216289e-13,5.241016361160635e-21,1.3764802380795319e-24,0.0,0.00015344430841426304,8.19219017356934e-17,1.4532489650903458e-16
1.5687451337953462e-13,2.2568833663749884e-13,7.729175643732468e-21,1.58973773975035e-24,0.0,0.00015360294477787694,1.2008365528192023e-16,1.6667833839736836e-16
1.73749903353837e-13,2.2671458596591202e-13,6.246867986000465e-21,1.3700178895439614e-24,0.0,0.0001537606433163192,9.646969684814189e-17,1.4265067991997212e-16
1.8768320231288271e-13,2.2774193981882506e-13,9.740878893449106e-21,9.564275832659429e-25,0.0,0.0001539174355964365,1.4952579800020073e-16,9.89017200469752e-17
2.0655699373151037e-13,2.2877045974103475e-13,1.2917252445652732e-20,4.3943970042330985e-25,0.0,0.00015407335100601786,1.9710105784729034e-16,4.5129998820987744e-17
2.2082335959794364e-13,2.298002030793186e-13,9.423241538216417e-21,7.754818242729773e-25,0.0,0.00015422841696855443,1.4293259108118585e-16,7.909736095359676e-17
2.360334150353083e-13,2.3083122338431567e-13,1.1223186551131805e-20,1.7706834987478295e-24,0.0,0.00015438265912836278,1.6922731506966266e-16,1.7937653451392018e-16
2.522981823460668e-13,2.3186357080739203e-13,1.6940658945098333e-20,3.1277766912176405e-24,0.0,0.00015453610151729946,2.539329252758052e-16,3.14705730448683e-16
2.672306820272752e-13,2.328972924079385e-13,1.8422966602793358e-20,1.292469707117115e-24,0.0,0.00015468876671455948,2.7453246207455193e-16,1.2916455014292844e-16
2.8188562595232725e-13,2.3393243242522865e-13,7.199780051673879e-21,2.584939414243258e-25,0.0,0.00015484067595911673,1.0666198892726912e-16,2.5658846842060252e-17
3.0059288391726113e-13,2.349690325469166e-13,1.0587911840678754e-20,1.2666203129778422e-24,0.0,0.00015499184927486874,1.5594370743856359e-16,1.248839696587888e-16
3.1519231669108194e-13,2.360071321315744e-13,9.317362419821956e-21,2.067951531387083e-24,0.0,0.00015514230557097324,1.364357860213297e-16,2.0252735275707988e-16
3.314570840018405e-13,2.370467684185888e-13,1.0799670077504655e-20,4.911384887048648e-25,0.0,0.00015529206273879844,1.572295411118733e-16,4.77793144313427e-17
3.4877656318599293e-13,2.3808797670786684e-13,4.0234064994702526e-21,5.169878828606886e-26,0.0,0.0001554411377332688,5.823933441964309e-17,4.995953408793894e-18
3.663180869750704e-13,2.3913079052095454e-13,1.3764285392907032e-20,1.3700178895439614e-24,0.0,0.00015558954664578626,1.9810040984474562e-16,1.3151512719795194e-16
3.818612093198226e-13,2.401752417557718e-13,2.752857078613454e-21,5.686866711302065e-25,0.0,0.00015573730477618216,3.939443472244474e-17,5.4230460187483085e-17
3.996247777138251e-13,2.412213608119817e-13,1.3552527156068805e-20,2.533240625945152e-24,0.0,0.00015588442668825565,1.92841806718615e-16,2.3998091034441218e-16
4.1888714719107156e-13,2.422691307571972e-13,1.1858461261597183e-20,4.911384887078741e-25,0.0,0.00015603092042227747,1.67783419780983e-16,4.622143306874969e-17
4.3826053897078054e-13,2.4331615865975284e-13,1.5670109524216882e-20,7.754818242729773e-25,0.0,0.00015617647885262653,2.204664658756688e-16,7.25035665578781e-17
4.57744953052952e-13,2.443632590832755e-13,1.0587911840728058e-20,1.8094575899612527e-24,0.0,0.0001563204562851088,1.481291559873324e-16,1.6807128661014234e-16
4.789502128232925e-13,2.4541187373548554e-13,1.101142831431823e-20,2.3264454728099042e-24,0.0,0.00015646377567167747,1.5319459379261352e-16,2.1468631117954157e-16
4.96713781217295e-13,2.46462034249786e-13,1.1011428314355208e-20,1.6543612251105692e-24,0.0,0.0001566064518446787,1.5234307991236812e-16,1.5167608234158369e-16
5.174194406265542e-13,2.475137711763352e-13,1.1858461261597183e-20,1.2407709188340554e-24,0.0,0.00015674849915667762,1.6315348701206846e-16,1.130218753106908e-16
5.415667914121514e-13,2.4856711376646266e-13,5.505714157214582e-21,1.9645539548179546e-24,0.0,0.00015688993132225332,7.53321208047036e-17,1.7779838025335574e-16
5.585532036889163e-13,2.4962209008557953e-13,1.3976043629708282e-20,1.8094575899612527e-24,0.0,0.00015703076147222014,1.9017734398955746e-16,1.62709875538952e-16
5.804801084252631e-13,2.5067872709212245e-13,1.1011428314342882e-20,9.305781891221561e-25,0.0,0.00015717100218778338,1.4901691954012832e-16,8.314357667792334e-17
6.024070131616099e-13,2.5173705071748e-13,8.893845946194805e-21,2.378144261092964e-24,0.0,0.00015731066553671037,1.1970388374403517e-16,2.1112174176766919e-16
6.248335182590381e-13,2.527970859416278e-13,1.355252715608113e-20,2.4815418376605877e-24,0.0,0.0001574497631079844,1.8141570202917437e-16,2.1889902871425483e-16
6.449840661559847e-13,2.5385885686214676e-13,1.7364175418725483e-20,1.8094575899672712e-24,0.0,0.00015758830604334926,2.311819151211129e-16,1.5860124277225424e-16
6.659117701701689e-13,2.549223867528491e-13,1.016439536706393e-20,7.237830359884131e-25,0.0,0.00015772630506332387,1.3459701361593938e-16,6.303923526860927e-17
6.877276526040532e-13,2.5598769811852775e-13,1.0587911840715732e-20,3.2570236619305557e-24,0.0,0.00015786377049168838,1.3945284277245477e-16,2.8188772302687e-16
7.105427357601002e-13,2.5705481266207565e-13,6.77626357807138e-21,2.067951531391597e-24,0.0,0.00015800071222684276,8.87727040129312e-17,1.778511213403595e-16
4.124756092238613e-12,2.5812948962499174e-13,1.4399560103323106e-20,1.912855166530381e-24,0.0,0.0001581377800312737,1.8763736783963988e-16,1.6348109407133706e-16
4.149569576838985e-12,2.58890718189555e-13,8.470329472579981e-21,1.0856745539773535e-24,0.0,0.00015824826342368333,1.0979022445537594e-16,9.220729505811843e-17
4.023670285846492e-12,2.5945643045571324e-13,1.2281977735236659e-20,9.822769774097296e-25,0.0,0.00015823872085919723,1.5835695034536316e-16,8.290689470474702e-17
3.899602862844631e-12,2.600225700400711e-13,7.199780051673879e-21,2.3781442610914592e-24,0.0,0.00015822922824944906,9.234333838968394e-17,1.9947878918601914e-16
3.778588553160489e-12,2.6058908923560676e-13,8.89384594618248e-21,1.292469707117115e-24,0.0,0.00015821975628618374,1.1347636100360875e-16,1.0774358633645797e-16
3.663958025867942e-12,2.6115598811552555e-13,2.465190328815662e-32,3.257023661929051e-24,0.0,0.00015821030487498617,3.1290141149347126e-28,2.6984543736765376e-16
3.552325100741882e-12,2.6172326674693256e-13,3.388131789054179e-21,1.5509636485384315e-24,0.0,0.00015820087391833258,4.2782910132309016e-17,1.2771131676228207e-16
3.4449665342606295e-12,2.6229092519925926e-13,3.388131789054179e-21,1.706060013396638e-24,0.0,0.00015819146332089328,4.2563257032684637e-17,1.3962592299461047e-16
3.3416602818192587e-12,2.6285896354348805e-13,8.47032947255533e-21,8.271806125590462e-25,0.0,0.00015818207298912523,1.0586462075722763e-16,6.728625938008741e-17
3.2444602560133262e-12,2.634273818495158e-13,1.016439536706393e-20,2.6883369908003492e-24,0.0,0.00015817270282971033,1.2639194916030498e-16,2.1735730223072962e-16
3.1489810758955628e-12,2.639961801874976e-13,8.470329472592307e-21,2.067951531457801e-25,0.0,0.00015816335275037823,1.0479406938201981e-16,1.6619022765446767e-17
3.0602742562280127e-12,2.6456535862696846e-13,7.623296525313355e-21,3.825710333062267e-24,0.0,0.00015815402265938097,9.38401864741515e-17,3.0560596831995044e-16
2.972511126131394e-12,2.65134917237153e-13,5.082197683575106e-21,1.5509636485399362e-24,0.0,0.0001581447124656774,6.224697434416519e-17,1.2315326152348493e-16
2.8901880888554388e-12,2.6570485608613857e-13,5.929230630804754e-21,1.1373733422619177e-24,0.0,0.0001581354220784368,7.225976843962018e-17,8.977424022524239e-17
2.80903078575534e-12,2.662751752408751e-13,2.371692252312041e-20,1.1373733422619177e-24,0.0,0.00015812615140703743,2.876066107514427e-16,8.924130005225075e-17
2.732203352451279e-12,2.6684587476789886e-13,1.1011428314342882e-20,2.481541837663597e-24,0.0,0.00015811690036149462,1.3287312953906027e-16,1.9355672492732578e-16
2.6575963651964685e-12,2.67416954733953e-13,1.6093625997856358e-20,1.0339757656942939e-24,0.0,0.00015810766885282067,1.9324619780057556e-16,8.01734234767891e-17
2.5878188480987774e-12,2.6798841520298905e-13,5.082197683525802e-21,2.067951531384074e-24,0.0,0.00015809845679124515,6.072711022421789e-17,1.594055109490354e-16
2.5202617770503366e-12,2.6856025624071604e-13,1.1011428314330556e-20,1.6543612251105692e-24,0.0,0.00015808926408890172,1.3093600500079122e-16,1.2677851062052135e-16
2.4543700405388336e-12,2.691324779110854e-13,8.470329472567655e-21,2.1713491079532023e-24,0.0,0.00015808009065774247,1.0023291551367516e-16,1.6542708702438382e-16
2.3920865288573623e-12,2.6970508027737647e-13,2.4563955470387036e-20,2.5849394142327254e-24,0.0,0.00015807093641017703,2.892764983144918e-16,1.9579349517866998e-16
2.329192394512347e-12,2.702780634019897e-13,1.778769189236496e-20,1.2407709188340554e-24,0.0,0.00015806180125894665,2.0847275376798264e-16,9.343715323677839e-17
2.2715718195343015e-12,2.708514273478425e-13,5.082197683550454e-21,1.861156378245817e-24,0.0,0.0001580526851179353,5.927971145377765e-17,1.3934778177023103e-16
2.2163382240592e-12,2.714251721771802e-13,2.2022856628624135e-20,7.2378303598540385e-25,0.0,0.00015804358790146622,2.5566005244609692e-16,5.3879532735122135e-17
2.1631030300284237e-12,2.719992979501285e-13,1.355252715611811e-20,2.2747466845223307e-24,0.0,0.0001580345095234556,1.5658637951557906e-16,1.6836648110809453e-16
2.11086703671981e-12,2.725738047285192e-13,1.1011428314330556e-20,1.8611563782473215e-24,0.0,0.0001580254498996367,1.2662851504895545e-16,1.3696875418579794e-16
2.0609625117629093e-12,2.7314869257123714e-13,1.232595164407831e-32,3.2053248736459915e-24,0.0,0.00015801640894484923,1.4108215205040948e-28,2.345500548961817e-16
2.0119461652257087e-12,2.7372396154006244e-13,1.6093625997856358e-20,2.0679515313900924e-24,0.0,0.00015800738657642153,1.8334910116642564e-16,1.5046566560434816e-16
1.962707774083583e-12,2.7429961169274264e-13,3.388131789054179e-21,2.7917345673664684e-24,0.0,0.00015799838271015495,3.8420928738136163e-17,2.0198234130030211e-16
1.9212409441138334e-12,2.748756430882143e-13,5.929230630792428e-21,1.3441684954016792e-24,0.0,0.00015798939726334294,6.692647043559186e-17,9.67038567406049e-17
1.8751666885918894e-12,2.754520557871202e-13,2.1175823681369834e-20,3.1019272971039464e-25,0.0,0.0001579804301550503,2.3792558744127286e-16,2.219121154629353e-17
1.8328116802024397e-12,2.7602884984529494e-13,1.0164395367076256e-20,1.8611563782473215e-24,0.0,0.00015797148130237084,1.136822886217137e-16,1.3240366964561607e-16
1.7931212070720903e-12,2.766060253211065e-13,1.016439536706393e-20,2.584939414229716e-24,0.0,0.0001579625506246392,1.1316504636181726e-16,1.8287050196634377e-16
1.7537082896978973e-12,2.771835822717855e-13,1.694065894511066e-20,1.654361225115083e-24,0.0,0.0001579536380413174,1.8775415103642046e-16,1.1638796318762848e-16
1.7145174169286292e-12,2.777615207546658e-13,1.4399560103347758e-20,2.895132143935597e-24,0.0,0.00015794474347270048,1.5887145716054814e-16,2.0255305249627904e-16
9.722556093549883e-12,3.5819443217331375e-13,5.929540823522136e-21,1.034354418985976e-25,0.0,0.00020324335863404456,6.512691130144369e-17,7.196776605469054e-18
1.5414891585407986e-12,2.540642239056145e-13,2.2036091518424983e-20,3.2053248736490008e-24,0.0,0.00014143080037402623,2.408913587755785e-16,2.2177379932815289e-16
1.5600298830520387e-12,2.7136680757023257e-13,1.4426029882924803e-20,2.4880041861991675e-24,0.0,0.00015059503463791705,1.5695938319998254e-16,1.7118466216218158e-16
1.5398793351550921e-12,2.724685166732856e-13,1.704653806350512e-20,9.499652347303724e-25,0.0,0.0001507390380386035,1.8460228956921387e-16,6.499845161223745e-17
1.52522439123004e-12,2.73575018440326e-13,1.2864312886424686e-20,1.563888345608068e-24,0.0,0.00015088441445188582,1.386610563018999e-16,1.0641149943114496e-16
1.5102363803976004e-12,2.746824709538987e-13,1.709947762272084e-20,2.5914017627698005e-24,0.0,0.00015102901607510057,1.8345278500977302e-16,1.7535212135368728e-16
1.4964141037410172e-12,2.7579095359439115e-13,1.9905274260488384e-20,1.576813042679209e-24,0.0,0.0001511728725418058,2.1256398234662243e-16,1.0610988310355416e-16
1.4823142713282778e-12,2.7690053881207185e-13,1.8846483076408183e-20,2.5073912318043744e-24,0.0,0.00015131601073315818,2.0032646177458939e-16,1.6780425388443805e-16
1.4675483051007632e-12,2.7801129377514397e-13,1.4399560103323106e-20,2.3005960786631082e-24,0.0,0.00015145845557247353,1.5235268533439955e-16,1.5312013769936106e-16
1.4512835377900046e-12,2.791232809183472e-13,2.054054897092911e-20,3.412120026782744e-24,0.0,0.0001516002302261626,2.1632772034775572e-16,2.2585677307390965e-16
1.435851437747715e-12,2.8023655841202087e-13,1.545835128742796e-20,3.347496541430048e-24,0.0,0.00015174135627566362,1.620573918954582e-16,2.2036956751352396e-16
1.4256373859211635e-12,2.8135118058432785e-13,1.6093625997856358e-20,1.977478651892105e-24,0.0,0.00015188185386970861,1.6794666542847257e-16,1.294707603144856e-16
1.413480443801518e-12,2.8246719831597494e-13,9.529120656610879e-21,7.2378303598540385e-25,0.0,0.00015202174186417156,9.898931824008579e-17,4.7130541020532506e-17
1.3995471448424723e-12,2.835846593438397e-13,1.3552527156093457e-20,1.8870057723896036e-24,0.0,0.0001521610379413022,1.4014577014566604e-16,1.2221009225296927e-16
1.3860024239420454e-12,2.847036085480798e-13,2.0117032497314285e-20,3.2311742677897783e-24,0.0,0.00015229975870844253,2.0708753497461515e-16,2.0813240357094983e-16
1.3771206397450442e-12,2.8582408822161287e-13,2.879912020668319e-20,3.360421238499684e-24,0.0,0.00015243791979797707,2.9512478490743144e-16,2.1529013983637042e-16
1.368238855548043e-12,2.869461382961695e-13,1.4399560103323106e-20,2.3264454728083996e-24,0.0,0.00015257553594876788,1.4689876908669716e-16,1.4824497922026844e-16
1.3580803148727227e-12,2.8806979655379294e-13,1.0587911840678754e-20,4.988933069467971e-24,0.0,0.00015271262108399158,1.0752952376352504e-16,3.161964974625593e-16
1.3569700918480976e-12,2.8919509880613055e-13,1.2070219498423084e-20,2.067951531387083e-24,0.0,0.00015284918837543313,1.2203573233387643e-16,1.3036395557713406e-16
1.35708111415056e-12,2.9032207906718523e-13,1.5458351287415633e-20,2.740035779086418e-24,0.0,0.00015298525030744845,1.5559490695496568e-16,1.7180931619854642e-16
1.3580248037214915e-12,2.914507696994163e-13,8.046812998952831e-21,3.153626085362932e-24,0.0,0.00015312081872952216,8.063477112775444e-17,1.9668871858348416e-16
1.3602452497707418e-12,2.925812015496297e-13,1.4399560103384736e-20,1.6026624368214911e-24,0.0,0.00015325590490577809,1.4365467379670027e-16,9.942498422378137e-17
1.361799562005217e-12,2.937134040727707e-13,5.082197683538128e-21,5.169878828471469e-25,0.0,0.00015339051955992895,5.047774892708494e-17,3.190240858958088e-17
1.362021606610142e-12,2.9484524668179616e-13,1.9481757786885886e-20,2.1196503196716473e-24,0.0,0.00015352442506052867,1.9264609877920994e-16,1.30107509577593e-16
1.3673506771283428e-12,2.9597707166833464e-13,2.117582368138216e-20,1.5509636485399362e-24,0.0,0.00015365712879104922,2.0847873853188631e-16,9.469786068242621e-17
1.3729573034026998e-12,2.9711027403216424e-13,1.0164395367113234e-20,2.4815418376651016e-24,0.0,0.00015378921799570435,9.96318223847567e-17,1.5071826971598432e-16
1.375566327510569e-12,2.982450949530439e-13,2.2869889575903087e-20,1.8611563782443123e-24,0.0,0.00015392081312474518,2.2319337921859957e-16,1.1244450234190536e-16
1.3808953980287697e-12,2.993815653866054e-13,2.159934015498466e-20,4.239300639337276e-24,0.0,0.00015405192533339267,2.0987661485989395e-16,2.5478034899412573e-16
1.3893886041671522e-12,3.0051971502563434e-13,3.218725199570039e-20,2.998529720510744e-24,0.0,0.00015418256529527106,3.114005449500973e-16,1.7926754756421397e-16
1.3928302955434901e-12,3.016595723538367e-13,1.5246593050614384e-20,2.8434333556510326e-24,0.0,0.00015431274321495899,1.4686750451836508e-16,1.6910763309451943e-16
1.4006018567158662e-12,3.0280116473279635e-13,9.317362419821956e-21,2.584939414258304e-25,0.0,0.00015444246885912047,8.936528318286923e-17,1.5293347812320564e-17
1.4075962617710047e-12,3.039445184842276e-13,7.623296525313355e-21,4.0325054862020284e-24,0.0,0.0001545717515863639,7.280262950893765e-17,2.373364150242858e-16
1.4153678229433808e-12,3.0508965896798884e-13,1.0587911840740384e-20,1.3441684954016792e-24,0.0,0.00015470060037594025,1.0068120485226787e-16,7.870194834180022e-17
1.4226397837546756e-12,3.062366106442763e-13,1.3976043629708282e-20,2.895132143938606e-24,0.0,0.00015482902384929506,1.323309909010231e-16,1.6863497106906677e-16
1.4295231665073516e-12,3.0738539714078043e-13,3.0916702574831266e-20,3.412120026787258e-24,0.0,0.00015495703029497288,2.91484236677293e-16,1.977225132760491e-16
1.4371281942260339e-12,3.0853604130815895e-13,1.863472483964391e-20,1.2407709188325508e-24,0.0,0.0001550846276883214,1.7494228829213194e-16,7.152882055909138e-17
1.4466761122378102e-12,3.0968856527339e-13,1.4823076576950256e-20,2.5332406259436473e-24,0.0,0.00015521182371079533,1.3856877399217298e-16,1.4528760856911627e-16
7.16315895488151e-13,3.1084882244364543e-13,2.0752307207804314e-20,2.1196503196671334e-24,0.0,0.00015533923908918836,1.9317631203002427e-16,1.2094391080042002e-16
7.004397062360113e-13,3.11691353163527e-13,1.5670109524216882e-20,2.7917345673694777e-24,0.0,0.00015544224647857477,1.4525387635775641e-16,1.5847780685217837e-16
7.031597526463429e-13,3.123357312749105e-13,2.4140438996784538e-20,3.30872245021512e-24,0.0,0.00015544597597360083,2.2283159894912493e-16,1.8686847828087036e-16
7.050471317882057e-13,3.129805797251238e-13,2.202285662861181e-20,1.86115637825334e-24,0.0,0.0001554497135865409,2.0243649598350342e-16,1.045795453633749e-16
7.049916206369744e-13,3.1362584953147733e-13,9.740878893461432e-21,1.7577588016812023e-24,0.0,0.00015545343493506074,8.916705437318327e-17,9.826934961332665e-17
7.052136652418994e-13,3.1427154077322534e-13,2.0328790734140186e-20,2.6366382025248128e-24,0.0,0.0001554571401104108,1.8531750483748189e-16,1.4665975345301302e-16
7.068234886276059e-13,3.149176535130267e-13,1.5246593050602058e-20,1.499264860255372e-24,0.0,0.00015546082919529273,1.3841519688590244e-16,8.297495549311666e-17
7.062128659640621e-13,3.1556418781452267e-13,1.4399560103323106e-20,3.825710333066781e-24,0.0,0.00015546450227258018,1.3018880530728257e-16,2.1066656031622718e-16
7.078226893497686e-13,3.1621114373856273e-13,2.5410988417653662e-20,2.998529720510744e-24,0.0,0.00015546815942344477,2.288056520384916e-16,1.6429081509435595e-16
7.065459328714496e-13,3.1685852134687525e-13,2.032879073412786e-20,1.7577588016842116e-24,0.0,0.00015547180072916151,1.8229920372679656e-16,9.58279327329921e-17
7.03825886461118e-13,3.1750632070180886e-13,3.811648262649282e-20,1.2407709188325508e-24,0.0,0.0001554754262709747,3.40424872947976e-16,6.730678017483654e-17
7.02327085377874e-13,3.1815454186162826e-13,1.4399560103360084e-20,2.2747466845358724e-24,0.0,0.0001554790361277947,1.2808553233733313e-16,1.2278379024881832e-16
7.024381076803365e-13,3.188031848872862e-13,1.1011428314330556e-20,3.412120026781239e-24,0.0,0.00015548263037951988,9.755375314397748e-17,1.8326496564632874e-16
6.998290835724674e-13,3.1945224983947713e-13,6.776263578046729e-21,3.412120026787258e-24,0.0,0.00015548620910559133,5.979255645046821e-17,1.823614052414914e-16
6.97164548313367e-13,3.201017367771376e-13,2.0328790734115534e-20,2.6883369908003492e-24,0.0,0.0001554897723842675,1.7866186240999806e-16,1.4297236458769707e-16
6.922795670050164e-13,3.207516457600315e-13,1.2705494208839157e-20,2.481541837668111e-24,0.0,0.00015549332029388892,1.1121984190527578e-16,1.3132759568857277e-16
6.903366767119223e-13,3.2140197684606145e-13,1.1858461261584857e-20,1.6543612251090646e-24,0.0,0.00015549685291157538,1.0339423246414534e-16,8.712382402183109e-17
6.870615187892781e-13,3.220527300959735e-13,7.623296525313355e-21,4.239300639346304e-24,0.0,0.00015550037031550925,6.620562062887911e-17,2.2216679538619613e-16
6.811773367587648e-13,3.227039055669465e-13,1.4399560103347758e-20,2.4815418376620923e-24,0.0,0.0001555038725818363,1.245638730638941e-16,1.2941690031507731e-16
6.797340468267521e-13,3.233555033166763e-13,1.609362599788101e-20,3.1019272970798723e-24,0.0,0.00015550735978664952,1.3867376812988882e-16,1.6098726934874057e-16
6.736278201913137e-13,3.241854855054621e-13,9.317362419858933e-21,3.1019272970798723e-24,0.0,0.00015559624679596063,7.997193158462679e-17,1.6020943513838178e-16
6.70463684571132e-13,3.250263502179964e-13,3.557538378472992e-20,2.378144261095973e-24,0.0,0.00015568978985495535,3.0416201412493827e-16,1.2223546051597528e-16
6.673550601021816e-13,3.258678907822799e-13,1.9481757786910538e-20,2.7917345673664684e-24,0.0,0.00015578308150379852,1.659208078666293e-16,1.4280441379600703e-16
6.614708780716683e-13,3.2671010730310587e-13,1.2705494208839157e-20,2.791734567372487e-24,0.0,0.00015587612289439043,1.0779239141047347e-16,1.4212027124531343e-16
6.568634525194739e-13,3.2755299988123533e-13,1.7787691892352633e-20,2.688336990809377e-24,0.0,0.00015596891516967776,1.503302642111305e-16,1.3620274998527214e-16
6.540323838066797e-13,3.2839656861939375e-13,1.1011428314342882e-20,4.859686098755056e-24,0.0,0.00015606145946657824,9.27058531000592e-17,2.4503971561510077e-16
6.485367798347852e-13,3.29240813618187e-13,1.9481757786861234e-20,2.067951531391597e-24,0.0,0.00015615375691408983,1.633934580884794e-16,1.0377685410011683e-16
6.451505996096785e-13,3.300857349794617e-13,3.0493186101204116e-20,3.825710333060762e-24,0.0,0.0001562458086349468,2.5477608293098936e-16,1.910776386443243e-16
6.388778395205463e-13,3.309313328026346e-13,1.9481757786898212e-20,5.583469134738955e-24,0.0,0.00015633761574393361,1.621584453877185e-16,2.7755256899192424e-16
6.351585923880521e-13,3.317776071861919e-13,2.3716922523231343e-20,6.2038545941778e-25,0.0,0.00015642917934865843,1.9666702779351625e-16,3.069387845122826e-17
6.317169010117141e-13,3.326245582256213e-13,1.6940658945159962e-20,3.1019272970738538e-24,0.0,0.00015652050054863599,1.399495367705133e-16,1.5274831917989217e-16
6.271094754595197e-13,3.3347218602494067e-13,1.1011428314355208e-20,3.4121200267842484e-24,0.0,0.00015661158044076942,9.062726671960418e-17,1.6723585506846483e-16
6.212252934290063e-13,3.343204906749849e-13,1.7787691892377285e-20,2.378144261092964e-24,0.0,0.00015670242010918612,1.4585286099078994e-16,1.160136599342487e-16
6.186162693211372e-13,3.3516947227279256e-13,2.1175823681394486e-20,2.5849394142312207e-24,0.0,0.00015679302063441886,1.7299032604970878e-16,1.255141438844785e-16
6.120659534758488e-13,3.3601913091607437e-13,1.9481757786910538e-20,2.0679515313825692e-24,0.0,0.0001568833830908454,1.5856297062014985e-16,9.994464233395696e-17
1.1163903135269493e-11,4.17827652738285e-13,1.9481861184437803e-20,3.825748198387222e-24,0.0,0.0001946952682278126,1.5797907385223832e-16,1.840416253655768e-16
5.138667269477537e-13,3.0498476481682445e-13,2.286988957592774e-20,5.068096839027206e-24,0.0,0.0001399141426037887,1.8473854216784712e-16,2.4266425508767317e-16
5.562217353372034e-13,3.200881990883589e-13,2.1255233020174925e-20,2.387837783902338e-24,0.0,0.0001464382166667053,1.7103610509989075e-16,1.1379701623217383e-16
5.587752482938413e-13,3.212507932622762e-13,1.7999450129215512e-20,2.7981969159050482e-24,0.0,0.0001465655143207907,1.4428256833942389e-16,1.327313117928168e-16
5.703215677499429e-13,3.224171727084107e-13,6.8292031372871e-21,4.9630836753241846e-24,0.0,0.00014669351337981098,5.4533271072714566e-17,2.3432555853348417e-16
5.815903314498883e-13,3.235845376444216e-13,2.646977960174619e-20,1.0662875083691372e-24,0.0,0.00014682091950042855,2.1056340855536345e-16,5.010940128258161e-17
5.981326545168031e-13,3.247529681783309e-13,2.4775713707212937e-20,3.6447645740647875e-24,0.0,0.00014694775694263824,1.9633781585796608e-16,1.7048849048048513e-16
6.137867991640178e-13,3.259225378167167e-13,1.810532924756067e-20,9.822769774157482e-25,0.0,0.0001470740478497898,1.4293333748611497e-16,4.573451626523765e-17
6.293854326600012e-13,3.2709331470220103e-13,3.155197728522269e-20,3.0243791146470074e-24,0.0,0.00014719981271673916,2.4814590528777793e-16,1.4016343392034085e-16
6.442624211899783e-13,3.282653621773801e-13,2.80579663777987e-20,2.597864111305371e-24,0.0,0.00014732507056274943,2.1983367691320426e-16,1.1984146823483983e-16
6.594169654761117e-13,3.294387392518455e-13,1.0376153603889831e-20,3.114851994160041e-24,0.0,0.00014744983907374404,8.099085427904256e-17,1.4302899980621875e-16
6.735167978888512e-13,3.306135010505936e-13,2.117582368138216e-20,3.06315320586344e-24,0.0,0.000147574134735327,1.6466658730811974e-16,1.400087532553966e-16
6.905587213168474e-13,3.317896991897205e-13,1.2705494208863809e-20,5.4025233757429805e-24,0.0,0.00014769797294672776,9.8429737980779e-17,2.4580271746542376e-16
7.048805983345119e-13,3.3296738210178863e-13,1.7152417181948886e-20,3.515517603356386e-24,0.0,0.00014782136812415382,1.3238344480776918e-16,1.5921596564120593e-16
7.208678098891141e-13,3.3414659532053164e-13,8.893845946194805e-21,4.6011921573262164e-24,0.0,0.0001479443337826918,6.838730579897326e-17,2.0743343728936144e-16
7.365219545363288e-13,3.353273817552719e-13,1.7152417181948886e-20,2.9468309322231704e-24,0.0,0.0001480668826209807,1.3139919700932758e-16,1.3224473604328422e-16
7.520095657298498e-13,3.365097819216002e-13,2.8163845496205486e-20,4.394397004190969e-24,0.0,0.0001481890265905225,2.1495360998855788e-16,1.9630933696809017e-16
7.66275931596283e-13,3.3769383415122133e-13,2.2234614865450036e-20,2.3005960786631082e-24,0.0,0.00014831077695924135,1.6907200832585366e-16,1.0230673598097898e-16
7.808198532188726e-13,3.3887957478401506e-13,2.159934015500931e-20,2.3264454728083996e-24,0.0,0.00014843214437018794,1.6363483901974103e-16,1.0298704553555657e-16
7.978062654956375e-13,3.4006703833130075e-13,3.112846081162019e-20,4.1876018510587304e-24,0.0,0.0001485531388901926,2.349578633813262e-16,1.8453750163825564e-16
8.184009026024341e-13,3.4125625763018434e-13,1.7787691892414263e-20,4.65289094561379e-24,0.0,0.00014867377005688343,1.3376818075771397e-16,2.041151819282997e-16
8.364975379038242e-13,3.424472639847216e-13,2.2022856628685765e-20,8.788794008406012e-25,0.0,0.00014879404692187158,1.650104984057068e-16,3.838119878880138e-17
8.535394613318203e-13,3.4364008728182706e-13,1.1011428314355208e-20,3.774011544779207e-24,0.0,0.0001489139780844909,8.220345646492325e-17,1.6407140880547222e-16
8.764100556390986e-13,3.448329837667119e-13,2.4563955470399362e-20,8.78879400849629e-25,0.0,0.00014903337792938532,1.8270776262130844e-16,3.803671582219854e-17
8.957834474188076e-13,3.460257503280202e-13,1.905824131324641e-20,4.342698215915432e-24,0.0,0.0001491518776010276,1.4123994852206223e-16,1.871031152579637e-16
9.140466161738914e-13,3.4721969212709803e-13,1.9481757786898212e-20,3.1536260853644365e-24,0.0,0.00014926980181169944,1.4385422966557752e-16,1.3526417661489897e-16
9.384160115644136e-13,3.4841529762329973e-13,1.397604362974526e-20,8.78879400849629e-25,0.0,0.00014938735697945127,1.0282583091674693e-16,3.752810838878778e-17
9.53348511245622e-13,3.4961259817948846e-13,1.736417541873781e-20,4.911384887036611e-24,0.0,0.00014950455209194883,1.272914768132494e-16,2.0878039123228831e-16
9.776068843336816e-13,3.5081162393259413e-13,1.5670109524229208e-20,3.515517603356386e-24,0.0,0.00014962139575917127,1.144585001292469e-16,1.4877737877280067e-16
9.993117444651034e-13,3.5201240379630145e-13,1.3129010682466307e-20,2.895132143938606e-24,0.0,0.00014973789620164693,9.555260614484343e-17,1.2197797809593016e-16
1.0173528686152622e-12,3.532149655480077e-13,1.9058241313221758e-20,1.8094575899657666e-24,0.0,0.0001498540612761508,1.3820746845765805e-16,7.589800678057388e-17
1.0394463068053028e-12,3.5441933590569847e-13,1.1011428314305904e-20,3.2053248736490008e-24,0.0,0.0001499698984980897,7.956720852736976e-17,1.338524837461228e-16
1.059707877004712e-12,3.5562554061459483e-13,1.2705494208863809e-20,1.8611563782473215e-24,0.0,0.0001500854150688824,9.148026323026385e-17,7.737722398536529e-17
1.0830225605218402e-12,3.568336045102263e-13,2.1599340155033962e-20,3.877409121342317e-24,0.0,0.00015020061789409355,1.549620263065191e-16,1.6049121787210204e-16
1.1031175972675555e-12,3.580435515787109e-13,2.4563955470424014e-20,4.497794580766116e-24,0.0,0.0001503155136011072,1.756044948053506e-16,1.8534978163954344e-16
1.1255441023649837e-12,3.5925540502370575e-13,1.397604362976991e-20,2.946830932232198e-24,0.0,0.00015043010856021706,9.955833938792671e-17,1.209021254019503e-16
1.1456946502619303e-12,3.6046918731443504e-13,1.6093625997856358e-20,5.221577616750015e-24,0.0,0.00015054440889829902,1.1423702859547206e-16,2.1328982116103828e-16
4.157785227221211e-13,3.6169082020185234e-13,2.9222636680298014e-20,3.3604212385026935e-24,0.0,0.0001506590200155964,2.0669763115036661e-16,1.3666433032855548e-16
4.042322032660195e-13,3.6259047469290157e-13,1.4399560103347758e-20,4.549493369041652e-24,0.0,0.00015074961081579027,1.0149247668564185e-16,1.8421387009039597e-16
4.0478731477833207e-13,3.632893281975699e-13,1.9481757786898212e-20,2.119650319673152e-24,0.0,0.00015075633334105627,1.3683168486629637e-16,8.545275891421746e-17
4.065636716177323e-13,3.6398866638081274e-13,1.8634724839594607e-20,3.308722450230166e-24,0.0,0.00015076305537823452,1.3042497908868214e-16,1.3280960957362594e-16
4.0573100434926346e-13,3.646884389295239e-13,1.863472483961926e-20,1.292469707129152e-24,0.0,0.0001507697560787825,1.299706651826741e-16,5.165370965448273e-17
4.059530489541885e-13,3.6538864591132545e-13,2.456395547037471e-20,3.618915179919496e-24,0.0,0.00015077643554529174,1.7073025823572005e-16,1.4400454250272363e-16
4.063416270128073e-13,3.6608928738463703e-13,1.1011428314330556e-20,2.4815418376620923e-24,0.0,0.000150783093876133,7.62695047250348e-17,9.831972753108278e-17
4.078959392472825e-13,3.6679036340162263e-13,1.4399560103347758e-20,2.9468309322231704e-24,0.0,0.0001507897311666982,9.939322212042765e-17,1.1625192919239067e-16
4.065636716177323e-13,3.674918740181688e-13,2.286988957589076e-20,2.8951321439446247e-24,0.0,0.00015079634751351107,1.573175053904945e-16,1.1372182072030652e-16
4.056754931980322e-13,3.6819381928819716e-13,1.1858461261609509e-20,2.1713491079607254e-24,0.0,0.00015080294301187972,8.129276396846877e-17,8.4925885832424e-17
4.064526493152698e-13,3.6889619926330327e-13,2.1175823681406812e-20,4.65289094561379e-24,0.0,0.00015080951775575424,1.4467034720394844e-16,1.812061152412263e-16
4.0561998204680094e-13,3.69599013999115e-13,1.694065894511066e-20,2.9985297205047253e-24,0.0,0.0001508160718403288,1.1534273111101592e-16,1.1627929254442166e-16
4.0323300254385686e-13,3.7030226354676247e-13,3.5575383784680614e-20,7.341227936414139e-24,0.0,0.00015082260535855376,2.413988904314895e-16,2.834727090265769e-16
4.0323300254385686e-13,3.7100594795711717e-13,2.371692252314506e-20,5.7902642878802215e-24,0.0,0.0001508291184028774,1.603890612075308e-16,2.2263523841123426e-16
4.031774913926256e-13,3.7171006728472147e-13,2.202285662861181e-20,2.0679515313885877e-24,0.0,0.0001508356110668431,1.4843138975420788e-16,7.917594783422723e-17
4.04343225568482e-13,3.7241462158008504e-13,2.4563955470448666e-20,1.3441684954076978e-24,0.0,0.00015084208344195936,1.6500268790962463e-16,5.12469974195536e-17
4.0045744498229396e-13,3.731196108953719e-13,2.2869889575940065e-20,2.6883369908033585e-24,0.0,0.0001508485356200155,1.5310955388817532e-16,1.0206212181135612e-16
4.0190073491430667e-13,3.7382503528057485e-13,3.0493186101179464e-20,6.2038545941597446e-24,0.0,0.00015085496769153624,2.0346578648173677e-16,2.3453789212051747e-16
3.994582442601313e-13,3.745308947859451e-13,2.3716922523219017e-20,5.0664812518872945e-24,0.0,0.0001508613797467698,1.577255721313437e-16,1.9073601097177667e-16
3.97237798210881e-13,3.752371894649392e-13,1.863472483961926e-20,3.308722450218129e-24,0.0,0.00015086777187687573,1.2351700254444337e-16,1.240411385455249e-16
3.959055305813308e-13,3.7594391936568875e-13,1.9481757786898212e-20,3.8257103330637715e-24,0.0,0.000150874144170493,1.2870536301702658e-16,1.4282390965615238e-16
3.965716643961059e-13,3.766510845375143e-13,1.9481757786922864e-20,2.2747466845238354e-24,0.0,0.00015088049671637123,1.2828211725488514e-16,8.456868070908127e-17
3.9546144137148076e-13,3.773586850316495e-13,3.896351557374712e-20,3.308722450224148e-24,0.0,0.00015088682960365935,2.557232937884191e-16,1.2249793421780075e-16
3.955724636739433e-13,3.7806672089658766e-13,1.778769189236496e-20,6.617444900424222e-24,0.0,0.00015089314292004446,1.1636184431534505e-16,2.4398036650678414e-16
3.9218628344883655e-13,3.7877519218108085e-13,2.5410988417653662e-20,4.342698215912423e-24,0.0,0.00015089943675295877,1.6568990073373058e-16,1.5944999074555142e-16
3.906874823655926e-13,3.7948409893434626e-13,2.7105054312211567e-20,2.6883369908153955e-24,0.0,0.00015090571118966486,1.7616225098702706e-16,9.829988717312014e-17
3.9046543776066756e-13,3.8019344120374005e-13,3.896351557374712e-20,2.2747466845268446e-24,0.0,0.00015091196631633226,2.5241396113148945e-16,8.28344425009818e-17
3.8691272408186705e-13,3.8090321903729033e-13,1.0164395367100908e-20,3.308722450212111e-24,0.0,0.00015091820221905074,6.563477534496382e-17,1.1999163418675568e-16
3.868572129306358e-13,3.8161343248199135e-13,3.303428494299167e-20,2.9985297205167624e-24,0.0,0.00015092441898315704,2.1262733689564955e-16,1.0829684329660951e-16
3.8441472227646045e-13,3.823240815873705e-13,2.5410988417678314e-20,5.27327640503157e-24,0.0,0.00015093061669464768,1.6303542258538815e-16,1.8967446024740906e-16
3.8258285428582894e-13,3.830351663970616e-13,1.9481757786898212e-20,3.2053248736429822e-24,0.0,0.00015093679543685365,1.2459460636377004e-16,1.1482205214287883e-16
3.8113956435381624e-13,3.8374668696074717e-13,1.2705494208913113e-20,3.2053248736459915e-24,0.0,0.00015094295529516022,8.099865101440708e-17,1.1435476386442095e-16
3.7925218521195347e-13,3.844586433217508e-13,3.811648262654212e-20,5.3766739816006984e-24,0.0,0.0001509490963521169,2.4222477783575724e-16,1.9104200774829538e-16
3.768652057090094e-13,3.8517103552789384e-13,2.117582368138216e-20,4.446095792490579e-24,0.0,0.0001509552186917173,1.341436019605164e-16,1.5733702427737134e-16
3.7692071686024065e-13,3.858838636215177e-13,3.6422416731959566e-20,6.203854594156735e-24,0.0,0.00015096132239548278,2.299993784230596e-16,2.1865259506013222e-16
1.1826040147155936e-11,4.686849288259535e-13,3.7269863269544795e-20,5.997084684558418e-24,0.0,0.00018302064447045142,2.34609862369303e-16,2.1051193931042524e-16
2.8360647164049624e-13,3.5774009773156865e-13,2.0328790734152512e-20,3.6205307670624165e-24,0.0,0.00013789307455259954,1.2754840367477024e-16,1.265723230180468e-16
3.4755531785890525e-13,3.732865217520986e-13,3.308722450217041e-20,5.583469134747983e-24,0.0,0.00014352711283876392,2.0691964555262116e-16,1.9440318552947975e-16
3.4533487180965494e-13,3.745121305006663e-13,2.21287357470679e-20,3.418582375319819e-24,0.0,0.0001436400466508197,1.3793638248645138e-16,1.185443429321872e-16
3.611555499105634e-13,3.75741744777161e-13,2.975203227233195e-20,5.195728222610742e-24,0.0,0.0001437536749563842,1.8485135166463541e-16,1.7944010226525994e-16
3.7769787297747826e-13,3.769723803739723e-13,1.625244467546654e-20,3.7352374535597656e-24,0.0,0.00014386683869027452,1.0064944042696651e-16,1.2847906215365842e-16
3.9718228705964975e-13,3.7820411865842736e-13,3.959879028416319e-20,4.355622912974536e-24,0.0,0.00014397955838801638,2.444354311267159e-16,1.4921353873782636e-16
4.2021941482062175e-13,3.794370342097248e-13,2.5834504891280812e-20,3.94203260670705e-24,0.0,0.00014409185273827043,1.5895523479172262e-16,1.345007571074748e-16
4.3920422854171193e-13,3.806711961684025e-13,5.1245493308934474e-20,8.827568099595361e-24,0.0,0.000144203739019155,3.1428647582125106e-16,2.999817893469967e-16
4.563571742721706e-13,3.819066687981223e-13,2.1281702799764296e-20,3.347496541446599e-24,0.0,0.00014431523324271264,1.3009918275309254e-16,1.1329897446091777e-16
4.778399897986674e-13,3.831435119675546e-13,3.282252670612879e-20,5.16987882846846e-24,0.0,0.0001444263502810379,2.000051727618852e-16,1.7427735246661238e-16
4.983236046030015e-13,3.843817816061289e-13,2.3505164286405442e-20,2.998529720513753e-24,0.0,0.00014453710397694048,1.42769803745018e-16,1.0067610542520752e-16
5.163647287531603e-13,3.8562153008642386e-13,2.816384549623014e-20,5.2732764050375885e-24,0.0,0.00014464750724816765,1.7051857572558607e-16,1.7634321233322113e-16
5.380140777333509e-13,3.8686280654449304e-13,2.943439491711159e-20,3.567216391646969e-24,0.0,0.00014475757216862161,1.7764145954320585e-16,1.1881479523103162e-16
5.581646256302975e-13,3.8810565717904587e-13,3.5787142021543493e-20,7.703119454415117e-24,0.0,0.0001448673100431961,2.152923046059433e-16,2.5554844589137655e-16
5.784817069809378e-13,3.8935012552565795e-13,2.5834504891330116e-20,8.426902490392997e-24,0.0,0.0001449767314789182,1.5492327970787737e-16,2.784471642760556e-16
5.987987883315782e-13,3.9059625269032025e-13,1.4187801866558834e-20,4.549493369041652e-24,0.0,0.0001450858464445283,8.481047031696394e-17,1.4972997566563923e-16
6.212808045802376e-13,3.918440775689781e-13,4.065758146823107e-20,5.7127161054443474e-24,0.0,0.00014519466432741883,2.4226823203148246e-16,1.872672812611868e-16
6.416533970821092e-13,3.930936370317858e-13,1.715241718199819e-20,4.368547610051696e-24,0.0,0.00014530319398016895,1.0188343425186013e-16,1.4263711024610164e-16
6.615819003741308e-13,3.9434496609660746e-13,1.969351602373644e-20,2.0162527431010142e-24,0.0,0.0001454114437646771,1.16607786487041e-16,6.557212614681361e-17
6.853406731011091e-13,3.955980980828986e-13,2.5622746654467237e-20,7.522173695413123e-24,0.0,0.00014551942159210976,1.5123723821427304e-16,2.4366834835784913e-16
7.037703753098867e-13,3.9685306475281804e-13,1.9905274260525362e-20,1.1115239481331773e-24,0.0,0.0001456271349589746,1.17120439312359e-16,3.586399590518648e-17
7.265299473147024e-13,3.9810989643618386e-13,1.9481757786898212e-20,3.79986093891848e-24,0.0,0.000145734590978823,1.1426858056534672e-16,1.2212209866446146e-16
7.494005416219807e-13,3.9936725192368775e-13,3.091670257485592e-20,4.187601851052712e-24,0.0,0.00014584165707594654,1.807709790205328e-16,1.3405445486966555e-16
7.734368701051153e-13,4.0062436098434456e-13,4.319868031001862e-20,8.271806125539305e-24,0.0,0.00014594803702065913,2.5179409548430833e-16,2.6375951174723186e-16
7.958633752025435e-13,4.0188243536599397e-13,4.997494388800372e-20,3.4121200267842484e-24,0.0,0.00014605386888012607,2.903819094995135e-16,1.0837437184470747e-16
8.146261443187086e-13,4.03142220347201e-13,3.4304834363823816e-20,6.875938841853061e-24,0.0,0.00014615942057493768,1.9870893491887312e-16,2.1753612835431286e-16
8.396616735240059e-13,4.044037477061253e-13,3.472835083750027e-20,3.567216391634932e-24,0.0,0.0001462646995563461,2.0053662080873442e-16,1.1241610091668294e-16
8.625877789825154e-13,4.0566704803169914e-13,4.108109794190752e-20,3.5672163916409504e-24,0.0,0.00014636971297394776,2.364839455193278e-16,1.1197749810469975e-16
8.84459172567631e-13,4.069321506710501e-13,3.0916702574831266e-20,3.2570236619486113e-24,0.0,0.00014647446764547685,1.774211909152983e-16,1.0184202363351386e-16
9.063305661527465e-13,4.0819908381521733e-13,2.4563955470448666e-20,3.722312756497652e-24,0.0,0.000146578970077967,1.4052899074240873e-16,1.1593813767746455e-16
9.29478716216181e-13,4.0946787459241625e-13,3.1763735522085567e-20,6.824240053568497e-24,0.0,0.00014668322649244336,1.8115782242288484e-16,2.1172768534681914e-16
9.546807788751721e-13,4.10738549132869e-13,3.896351557374712e-20,2.584939414246267e-24,0.0,0.00014678724283912262,2.215359082088526e-16,7.988884665721936e-17
9.777734177873754e-13,4.120111326500747e-13,4.404571325724827e-20,2.119650319673152e-24,0.0,0.00014689102481917838,2.496621378013921e-16,6.525517474461832e-17
9.98812144104022e-13,4.1328564949411106e-13,2.286988957589076e-20,4.084204274486593e-24,0.0,0.000146994577897079,1.292345712002088e-16,1.2524940194028701e-16
1.0260681193585697e-12,4.145621232245813e-13,4.108109794188287e-20,4.9630836753241846e-24,0.0,0.00014709790732047258,2.31432756486436e-16,1.5161416522051115e-16
1.0482725798510728e-12,4.1584057665300716e-13,3.4728350837426314e-20,7.031035206706754e-24,0.0,0.00014720101812965098,1.9504626105717576e-16,2.139586896213458e-16
9.015010959956271e-13,4.1712699932601355e-13,2.456395547052262e-20,4.6011921573262164e-24,0.0,0.00014730448413831403,1.3753872030359146e-16,1.3947808558041546e-16
9.090506125630782e-13,4.180872116066516e-13,1.439956010337241e-20,2.8951321439416154e-24,0.0,0.00014738523036951013,8.038095301539506e-17,8.742436136603866e-17
9.04054608952265e-13,4.188439860797213e-13,5.08219768362441e-21,2.1196503196791705e-24,0.0,0.00014739393198961694,2.828373421303442e-17,6.376175672182915e-17
8.998357614586894e-13,4.196012614486035e-13,3.0493186101179464e-20,4.135903062771157e-24,0.0,0.00014740262853846448,1.691894427964812e-16,1.2393725357460227e-16
8.92008689135082e-13,4.2035898605116383e-13,2.4140438996821515e-20,4.859686098755056e-24,0.0,0.00014741130187990358,1.3353799535318117e-16,1.4507035349353044e-16
8.865130851631875e-13,4.211171599451499e-13,2.1175823681357508e-20,3.1019272970738538e-24,0.0,0.00014741995211438522,1.1678664460538193e-16,9.224534393513634e-17
8.809064588888305e-13,4.218757831772456e-13,2.710505431213761e-20,3.360421238508712e-24,0.0,0.00014742857933804492,1.4903911174096375e-16,9.955254932760616e-17
8.748557434046234e-13,4.226348557955826e-13,3.2187251995712717e-20,5.2732764050375885e-24,0.0,0.00014743718364711907,1.7645536791271944e-16,1.5562825433110758e-16
8.689160502228788e-13,4.233943778457075e-13,3.981054852097677e-20,3.308722450224148e-24,0.0,0.00014744576513654292,2.175975568344219e-16,9.7279402964708e-17
8.594236433623337e-13,4.241543493748213e-13,1.5246593050602058e-20,4.342698215915432e-24,0.0,0.00014745432390143366,8.308782573387567e-17,1.271968169836377e-16
8.546496843564455e-13,4.249147704272816e-13,2.8799120206670863e-20,5.480071558181864e-24,0.0,0.00014746286003552774,1.564791106624512e-16,1.5990506777915063e-16
8.463230116717568e-13,4.256756410499791e-13,4.235164736276432e-20,3.6189151799255146e-24,0.0,0.00014747137363305203,2.294371963902236e-16,1.0520034437856027e-16
8.40105762733856e-13,4.26436961288719e-13,4.150461441551002e-20,2.6883369908033585e-24,0.0,0.00014747986478746828,2.241868108103983e-16,7.785536798175347e-17
8.318346012003985e-13,4.271987311879623e-13,4.404571325724827e-20,6.3072521707228546e-24,0.0,0.0001474883335913885,2.3721450519205257e-16,1.8197614763534573e-16
8.240075288767912e-13,4.279609507924284e-13,4.6586812099060474e-20,6.5140473238611115e-24,0.0,0.00014749678013713417,2.5016597890670196e-16,1.872396864489143e-16
8.202327705930657e-13,4.287236201463715e-13,2.7952087259441215e-20,5.0664812518872945e-24,0.0,0.00014750520451648933,1.4966177020998768e-16,1.4508731689215397e-16
8.132383655379272e-13,4.2948673929559667e-13,2.5410988417678314e-20,9.098986738095341e-24,0.0,0.000147513606821396,1.3566045510581128e-16,2.595944057046194e-16
8.037459586773821e-13,4.3025030828244525e-13,2.9646153153949816e-20,6.5140473238611115e-24,0.0,0.0001475219871422342,1.5781155981075795e-16,1.8515513137329945e-16
7.958633752025435e-13,4.3101432714977554e-13,2.879912020676947e-20,2.0679515314066433e-24,0.0,0.00014753034556919735,1.5285937973654575e-16,5.856133759954184e-17
7.890355036010988e-13,4.317787959431859e-13,1.863472483961926e-20,5.790264287877212e-24,0.0,0.00014753868219305217,9.862383777014835e-17,1.6336463093579274e-16
7.825406989070416e-13,4.3254371470413873e-13,3.1340219048458416e-20,7.754818242696672e-24,0.0,0.00014754699710278863,1.6539051359178186e-16,2.1798343978115538e-16
7.762679388179095e-13,4.3330908347554405e-13,3.811648262649282e-20,5.2732764050375885e-24,0.0,0.00014755529038753585,2.0057399822642833e-16,1.4768209362861278e-16
7.661093981425893e-13,4.3407490230010503e-13,4.828087799349512e-20,5.2732764050375885e-24,0.0,0.00014756356213599804,2.533341813509973e-16,1.4713854228057984e-16
7.598921492046884e-13,4.3484117121928414e-13,2.4563955470473317e-20,6.41064974730402e-24,0.0,0.0001475718124361073,1.2852194880600378e-16,1.78217250183361e-16
7.503997423441433e-13,4.3560789027407846e-13,3.388131789022132e-20,7.134432783281901e-24,0.0,0.0001475800413752916,1.7676781557625546e-16,1.9761143323842248e-16
7.450706718259426e-13,4.3637505950750145e-13,3.5575383784705266e-20,7.548023089546378e-24,0.0,0.000147588249041319,1.8508017625089633e-16,2.0830222244657555e-16
7.381872890732666e-13,4.371426789581204e-13,3.6422416732058174e-20,6.307252170746929e-24,0.0,0.00014759643552011138,1.8895133760184293e-16,1.734251456530983e-16
7.310818617156656e-13,4.379107486677596e-13,4.8280877993569075e-20,4.342698215921451e-24,0.0,0.00014760460089835692,2.49764518716964e-16,1.189722901171747e-16
7.229217224846707e-13,4.386792686775196e-13,3.3034284942917713e-20,7.23783035984501e-24,0.0,0.00014761274526216313,1.7041127202325976e-16,1.9756588926903525e-16
7.14595049799982e-13,4.394482390254507e-13,2.0328790734152512e-20,1.9645539548254778e-24,0.0,0.00014762086869628044,1.0457459926341554e-16,5.3430347310584025e-17
7.067679774763747e-13,4.4021765975167124e-13,3.0493186101204116e-20,9.926167350672443e-24,0.0,0.00014762897128582894,1.5642354975120475e-16,2.6898568484488973e-16
7.006617508409363e-13,4.409875308955756e-13,3.303428494296702e-20,3.2053248736429822e-24,0.0,0.00014763705311536077,1.6898661497729306e-16,8.654584432034591e-17
6.93056723122254e-13,4.4175785249428357e-13,4.319868031004327e-20,5.1698788284744786e-24,0.0,0.0001476451142683453,2.2036839764372164e-16,1.3908623721614533e-16
6.848410727400278e-13,4.4252862458868883e-13,3.303428494296702e-20,7.754818242690653e-24,0.0,0.0001476531548291969,1.6805000868456863e-16,2.0787777970056927e-16
6.77347067323808e-13,4.432998472153942e-13,1.6093625997856358e-20,2.68833699079734e-24,0.0,0.0001476611748805799,8.164426157480213e-17,7.180518689287783e-17
9.54364365313154e-12,5.273146348466788e-13,3.049349629388452e-20,5.066493873673815e-24,0.0,0.00017534849804568046,1.5426905158059648e-16,1.3483954539574272e-16
6.906142324680786e-13,4.1488598665150703e-13,4.067081635810587e-20,3.7223127565006616e-24,0.0,0.0001364528537587748,2.0516794047602344e-16,9.870755768192055e-17
6.821210263296962e-13,4.307219706877159e-13,3.3034284942942365e-20,5.376673981606717e-24,0.0,0.00014133859435722982,1.661684911527578e-16,1.4206305243604656e-16
6.651901252041625e-13,4.320123129259678e-13,3.652829585046496e-20,5.693329059849673e-24,0.0,0.00014143950741315496,1.8321984400719829e-16,1.4988760186218219e-16
6.687983500341943e-13,4.333067372442227e-13,5.267486140747541e-20,7.651420666127543e-24,0.0,0.00014154105262447478,2.6345594135597645e-16,2.0071303680183666e-16
6.742939540060888e-13,4.3460221782473927e-13,5.870997115663765e-20,3.250561313391976e-24,0.0,0.0001416422269177145,2.928060988894176e-16,8.496264540342308e-17
6.832867605055526e-13,4.3589883724224385e-13,5.2092526256188775e-20,3.657689271132919e-24,0.0,0.00014174304798561833,2.590654373034524e-16,9.52609073450176e-17
6.897815651996098e-13,4.371966711854687e-13,3.314016406142311e-20,4.562418066118812e-24,0.0,0.00014184353191588027,1.6434506140050704e-16,1.1839770928509367e-16
6.999401058749299e-13,4.384957898094629e-13,1.567010952425386e-20,5.6093185288932745e-24,0.0,0.00014194369356443698,7.748972430205529e-17,1.4504431451383843e-16
7.062128659640621e-13,4.397962583247774e-13,2.9752032272356603e-20,7.36707733056244e-24,0.0,0.00014204354668751008,1.467104080280927e-16,1.8981489377349344e-16
7.146505609512133e-13,4.410981374760152e-13,2.7846208140985124e-20,6.449423838511425e-24,0.0,0.00014214310404884708,1.3692560700084574e-16,1.6557794390009202e-16
7.238654120556021e-13,4.4240148402141483e-13,3.0916702574806614e-20,5.079405948964454e-24,0.0,0.00014224237751852626,1.515961624809214e-16,1.299400569661003e-16
7.316924843792094e-13,4.4370635110466835e-13,3.0493186101204116e-20,2.352294866953691e-24,0.0,0.00014234137816334624,1.4909956426647345e-16,5.996150173863451e-17
7.39353023249123e-13,4.450127885762031e-13,1.5670109524204556e-20,4.161752456913439e-24,0.0,0.00014244011631299127,7.640578192613562e-17,1.0570843380245614e-16
7.523426326372373e-13,4.463208433188328e-13,2.0540548971040043e-20,6.07460762346639e-24,0.0,0.00014253860163338674,9.987319565412297e-17,1.5374688121244238e-16
7.585598815751382e-13,4.476305594966352e-13,3.4304834363823816e-20,6.64329429457854e-24,0.0,0.00014263684317928404,1.663324598328925e-16,1.6754377534652815e-16
7.699951787287773e-13,4.4894197883133377e-13,3.0493186101204116e-20,9.33163128537588e-24,0.0,0.00014273484945852592,1.474386480866798e-16,2.3450986847855154e-16
7.782108291110035e-13,4.5025514178883693e-13,4.065758146823107e-20,4.6270415514805356e-24,0.0,0.00014283262878739573,1.9603742519345364e-16,1.158691228272797e-16
7.877032359715486e-13,4.5157008592901237e-13,3.981054852102607e-20,8.220107337281824e-24,0.0,0.0001429301887460378,1.914196758286508e-16,2.0511838543201626e-16
7.965850201685498e-13,4.5288684574092316e-13,4.277516383634217e-20,2.48154183767112e-24,0.0,0.00014302753611267923,2.0510351724111153e-16,6.170402465306684e-17
8.038569809798446e-13,4.542054550909723e-13,4.002230675779034e-20,2.817583961514769e-24,0.0,0.00014312467762446498,1.9137208638420105e-16,6.981287909517885e-17
8.145151220162461e-13,4.55525946849818e-13,3.472835083750027e-20,5.867812470310077e-24,0.0,0.00014322161984283127,1.6559900174222044e-16,1.4487841853985933e-16
8.238965065743287e-13,4.568483529850445e-13,5.2516042729840577e-20,5.1440294343201594e-24,0.0,0.00014331836916887814,2.497265103761933e-16,1.2656152388357932e-16
8.315570454442422e-13,4.581717494916014e-13,5.632769099255888e-20,6.2038545941597446e-24,0.0,0.00014341484149136185,2.671134276234452e-16,1.5210119539631721e-16
8.412159857584811e-13,4.59494777417622e-13,2.7952087259465867e-20,2.7400357791059783e-24,0.0,0.00014351078461827398,1.3218772798636691e-16,6.694251161595726e-17
8.529843498195078e-13,4.608185504358109e-13,3.4304834363823816e-20,5.169878828456423e-24,0.0,0.0001436061996263785,1.6178466144786307e-16,1.2586438682805049e-16
8.629763570411342e-13,4.621440805401779e-13,5.124549330890982e-20,8.116709760700658e-24,0.0,0.00014370139946384675,2.4101540997068475e-16,1.969160983603504e-16
8.70248317852429e-13,4.634714001055384e-13,2.159934015500931e-20,1.0960143116339654e-23,0.0,0.00014379639050422202,1.013068279825237e-16,2.649708533834089e-16
8.767431225464861e-13,4.648005407317945e-13,2.837560373309302e-20,6.565746112151694e-24,0.0,0.00014389117899324668,1.3272551585302536e-16,1.5817891816594672e-16
8.88122908548894e-13,4.661315315114054e-13,2.7528570785814065e-20,6.824240053562478e-24,0.0,0.00014398577050215571,1.2841212243904826e-16,1.6383376234430943e-16
8.987810495852955e-13,4.674644010626491e-13,1.7787691892414263e-20,7.289529148123556e-24,0.0,0.0001440801705504338,8.274789778998815e-17,1.7439544238261078e-16
9.092171460167719e-13,4.68799176934621e-13,2.1599340155083266e-20,5.997059441015469e-24,0.0,0.00014417438441291145,1.0020625285485175e-16,1.4297578774888495e-16
9.219847107999612e-13,4.701358856379428e-13,2.3716922523169713e-20,7.134432783269864e-24,0.0,0.00014426841712215493,1.0973156902960669e-16,1.695016872691632e-16
9.347522755831505e-13,4.714745529687072e-13,5.548065804530458e-20,8.11670976069464e-24,0.0,0.00014436227356146776,2.5599749478444566e-16,1.9217060451941688e-16
9.41968725243214e-13,4.728152040168534e-13,5.971582278157609e-20,8.892191584963103e-24,0.0,0.00014445595846095433,2.747934168641295e-16,2.09802202922773e-16
9.529599331870031e-13,4.741578621663638e-13,3.3034284942942365e-20,1.0132962503780608e-23,0.0,0.00014454947608692322,1.5160255955655286e-16,2.382505348886724e-16
9.676148771120552e-13,4.75502550574832e-13,3.769296615289032e-20,1.1735624940608117e-23,0.0,0.00014464283068992345,1.7251568123708162e-16,2.7498044034817007e-16
4.606870440682087e-13,4.768553350937609e-13,6.183340514961323e-20,6.462348535576547e-24,0.0,0.00014473656305785863,2.8224092055195257e-16,1.5089887147280696e-16
4.5341508325691393e-13,4.77877692642089e-13,2.244637310223896e-20,5.480071558169827e-24,0.0,0.00014480912775291732,1.0218207025842399e-16,1.2752184683038068e-16
4.459765889919254e-13,4.786939866423144e-13,2.6681537838535113e-20,3.980806697917464e-24,0.0,0.0001448189656395667,1.2113627583479515e-16,9.231556044406626e-17
4.3920422854171193e-13,4.795107975706121e-13,1.6517142471532812e-20,6.048758229294015e-24,0.0,0.00014482879641558,7.478874330938513e-17,1.397906743476538e-16
4.2998937743732313e-13,4.803280724078061e-13,2.5410988417702966e-20,7.496324301261813e-24,0.0,0.00014483860408814257,1.1475297216561473e-16,1.726518266188386e-16
4.222733274161783e-13,4.811458117325611e-13,5.1669009782561624e-20,5.841963076167795e-24,0.0,0.0001448483889086472,2.327108720475877e-16,1.3408961032597483e-16
4.1627812308320244e-13,4.819640150621137e-13,3.557538378475457e-20,6.669143688708786e-24,0.0,0.00014485815080804377,1.5980241928158964e-16,1.5255363738927752e-16
4.0861758421328886e-13,4.827826824277932e-13,4.0657581468206416e-20,1.912855166534895e-24,0.0,0.00014486788987222343,1.8214848856790777e-16,4.3606718164644477e-17
4.039546475098632e-13,4.836018138664095e-13,7.030373462218088e-20,5.686866711314102e-24,0.0,0.00014487760618840225,3.141345754210992e-16,1.2920098522362972e-16
3.9507286331286195e-13,4.844214094216995e-13,3.049318610122877e-20,8.168408548967167e-24,0.0,0.00014488729984553074,1.3589281132362497e-16,1.849499919402583e-16
3.873568132917171e-13,4.852414691285083e-13,3.896351557372247e-20,5.997059441015469e-24,0.0,0.00014489697092955563,1.731853514904893e-16,1.3532621211340243e-16
3.835820550079916e-13,4.860619930269543e-13,5.1669009782561624e-20,7.23783035984501e-24,0.0,0.00014490661952766524,2.290580136030787e-16,1.6277259423174437e-16
3.770872503139344e-13,4.868829811595852e-13,3.811648262654212e-20,2.7917345673905425e-24,0.0,0.00014491624572743109,1.6853630770564652e-16,6.257183880511361e-17
3.692046668390958e-13,4.877044335549908e-13,2.879912020664621e-20,3.1019272970798723e-24,0.0,0.00014492584961193507,1.270071421492802e-16,6.929005426811021e-17
3.6493030819428895e-13,4.885263502537029e-13,1.355252715611811e-20,7.237830359857048e-24,0.0,0.0001449354312674888,5.961292322337633e-17,1.6113309678454093e-16
3.544942117628125e-13,4.893487312922206e-13,5.505714157157883e-20,8.06501097239202e-24,0.0,0.0001449449907788749,2.4155049430005615e-16,1.7894556809428152e-16
3.5188518765494337e-13,4.901715767070952e-13,2.5410988417678314e-20,4.963083675318166e-24,0.0,0.0001449545282305755,1.111969511868155e-16,1.0975132308599308e-16
3.4666713943920513e-13,4.909948865344124e-13,5.844527336054672e-20,7.134432783275882e-24,0.0,0.00014496404370668807,2.5509424769618206e-16,1.572397494409975e-16
3.401168235939167e-13,4.918186608689878e-13,1.6940658945283222e-20,5.5834691347509924e-24,0.0,0.0001449735373081291,7.3750403970329e-17,1.2264624868688377e-16
3.3345548544616577e-13,4.926428997442188e-13,2.5410988417678314e-20,7.444625512995305e-24,0.0,0.00014498300911740285,1.1034213029811742e-16,1.6298317891275404e-16
3.2923663795259017e-13,4.934676035296483e-13,1.2705494208863809e-20,4.9630836753241846e-24,0.0,0.00014499245931548924,5.50300521512003e-17,1.0829385523407611e-16
3.239630785856207e-13,4.942927718306077e-13,3.303428494301632e-20,7.754818242696672e-24,0.0,0.00014500188785821665,1.4271337193793867e-16,1.6864700432028753e-16
3.1674662892555716e-13,4.951184047234563e-13,3.981054852100142e-20,1.0960143116351691e-23,0.0,0.00014501129483987654,1.7155055936047495e-16,2.3756393715089157e-16
3.102518242315e-13,4.959445022403506e-13,4.489274620452722e-20,7.031035206700735e-24,0.0,0.00014502068034145783,1.929599512681038e-16,1.5189494586356686e-16
3.047007091083742e-13,4.96771064412103e-13,1.609362599788101e-20,6.720842476999368e-24,0.0,0.0001450300444432586,6.899930862639098e-17,1.4471381733232798e-16
2.9914959398524843e-13,4.975980912754717e-13,6.183340514966253e-20,8.271806125542314e-24,0.0,0.0001450393872270159,2.6443358170932263e-16,1.7752164883172628e-16
2.935429677108914e-13,4.9842558286587e-13,1.0164395367100908e-20,1.1063540692908782e-23,0.0,0.00014504870877377285,4.335911115863708e-17,2.3665313242791965e-16
2.873257187729905e-13,4.992535392214001e-13,3.472835083752492e-20,5.790264287883231e-24,0.0,0.00014505800916505591,1.4777164675255987e-16,1.234485778454108e-16
2.832734047331087e-13,5.000819603768034e-13,4.9127910940798723e-20,7.031035206712772e-24,0.0,0.00014506728848111522,2.0851923453484624e-16,1.4940976834189377e-16
2.773337115513641e-13,5.009108463565337e-13,4.743384504624082e-20,1.0856745539764507e-23,0.0,0.0001450765467989283,2.008259149221896e-16,2.299502127091602e-16
2.728928194528635e-13,5.017401971873707e-13,3.8963515573697816e-20,9.098986738107379e-24,0.0,0.00014508578419587372,1.6455302513454026e-16,1.9208968188041505e-16
2.6895152771544417e-13,5.025700129042114e-13,2.6258021364981918e-20,7.444625512983268e-24,0.0,0.00014509500075139876,1.1061874943409139e-16,1.5665097859936123e-16
2.636779683484747e-13,5.034002935348178e-13,2.0328790734152512e-20,6.824240053580534e-24,0.0,0.00014510419654260653,8.542795100666422e-17,1.43128524634872e-16
2.559064071760986e-13,5.042310391165165e-13,4.573977915173222e-20,8.168408548973185e-24,0.0,0.00014511337164908056,1.91737419694389e-16,1.7076284298958635e-16
2.527422715559169e-13,5.050622496708658e-13,5.082197683525802e-20,5.27327640503157e-24,0.0,0.00014512252614558543,2.1251588566178611e-16,1.0988106534006189e-16
6.389111462112851e-12,5.9031921821901e-13,2.9646463346827434e-20,6.100494882932122e-24,0.0,0.0001693501316290793,1.2366336705672486e-16,1.2670546994192336e-16
3.7969627442180354e-13,4.763734610592587e-13,3.642241673198422e-20,6.824240053586552e-24,0.0,0.00013537776792447382,1.5154032928118943e-16,1.4127496832890937e-16
2.8055335832277706e-13,4.925039648588995e-13,2.038173029340521e-20,7.451087861536894e-24,0.0,0.00013966778544334866,8.458502074508192e-17,1.5374920866640752e-16
2.716715741257758e-13,4.938605669703327e-13,4.5792718711083524e-20,6.320176867806033e-24,0.0,0.0001397585588698229,1.8955858728178993e-16,1.299889285680407e-16
2.6950663922775675e-13,4.952213349712692e-13,3.8222361744998214e-20,8.69185878034838e-24,0.0,0.0001398499123780087,1.5781957011357758e-16,1.7818673248210276e-16
2.702282841937631e-13,4.96583194234134e-13,2.6416840042641403e-20,1.0236360080355755e-23,0.0,0.00013994096508934743,1.087983172645691e-16,2.0916810746565416e-16
2.8044233602031454e-13,4.979462285365551e-13,2.3716922523219017e-20,6.333101564871155e-24,0.0,0.0001400317324719691,9.743147718702234e-17,1.2898975323586076e-16
2.8360647164049624e-13,4.993105146832606e-13,2.2975768694272897e-20,5.932435955659764e-24,0.0,0.00014012222858526856,9.414826116350674e-17,1.2043765670001704e-16
2.9054536554440347e-13,5.006761238637922e-13,5.01867021249159e-20,5.919511258594641e-24,0.0,0.0001402124664037514,2.051322137901441e-16,1.1978631332402644e-16
2.9609648066752925e-13,5.020431222530128e-13,3.906939469220321e-20,6.0358335322409294e-24,0.0,0.00014030245793447235,1.5928926070840136e-16,1.217453371624712e-16
3.013145288832675e-13,5.034115714871742e-13,2.3293406049542563e-20,8.439827187485203e-24,0.0,0.00014039221430816665,9.473033222570652e-17,1.696852120173214e-16
3.098632461728812e-13,5.047815291602e-13,3.515186731115207e-20,1.1683926152323553e-23,0.0,0.0001404817458692267,1.4259764423967813e-16,2.3415111029927343e-16
3.204103649068202e-13,5.061530491954517e-13,4.4469229730949375e-20,9.383330073654426e-24,0.0,0.0001405710622551238,1.7994222166949766e-16,1.8744031426379128e-16
3.285149929865838e-13,5.075261821794958e-13,1.8422966602928944e-20,7.703119454412107e-24,0.0,0.00014066017245553428,7.43608224268284e-17,1.53381452534204e-16
3.3612002070526614e-13,5.089009756860227e-13,3.261076846938917e-20,1.0779197357331642e-23,0.0,0.00014074908487561727,1.3129809445788313e-16,2.1394121026472881e-16
3.426148253993233e-13,5.10277474524621e-13,2.2869889575964717e-20,8.142559154830903e-24,0.0,0.00014083780738136646,9.184929883561215e-17,1.6109140228401959e-16
3.4872105203476167e-13,5.116557210311187e-13,2.689329607537334e-20,7.780667636838954e-24,0.0,0.0001409263473589788,1.0773871957997383e-16,1.5343813766563084e-16
3.5965674882731946e-13,5.130357552477781e-13,3.6422416731934915e-20,1.0546552810075177e-23,0.0,0.00014101471174595575,1.4555064731067997e-16,2.0731637050107096e-16
3.703704010149522e-13,5.144176151339436e-13,4.637505386227155e-20,8.37520370212348e-24,0.0,0.0001411029070725703,1.848625824362539e-16,1.6410682645406007e-16
3.772537837676282e-13,5.158013367492874e-13,5.590417451888243e-20,5.0664812518993316e-24,0.0,0.00014119093949742516,2.222949670024729e-16,9.895722296637518e-17
3.854139229986231e-13,5.171869544031936e-13,3.621065849512134e-20,9.848619168209486e-24,0.0,0.00014127881483517207,1.436296844389628e-16,1.917466471156942e-16
3.963496197911809e-13,5.185745007917854e-13,2.795208725939191e-20,3.0243791146710816e-24,0.0,0.00014136653858213942,1.1059767707711552e-16,5.869506931671331e-17
4.0506487053448836e-13,5.199640071913823e-13,3.303428494316423e-20,1.0572402204205422e-23,0.0,0.00014145411595837667,1.303833787479399e-16,2.045283888630043e-16
4.1427972163887716e-13,5.213549889376315e-13,3.8539999100169273e-20,1.0236360080361773e-23,0.0,0.00014154150777995046,1.5173862853813876e-16,1.9739746870633438e-16
4.2638115260729137e-13,5.227454723238248e-13,4.6163295625457976e-20,6.048758229306052e-24,0.0,0.00014162848765514284,1.8130507623497223e-16,1.1627328097506197e-16
4.3348657996489237e-13,5.241364697893571e-13,5.675120746603812e-20,6.100457017608672e-24,0.0,0.00014171495415740652,2.223404768998399e-16,1.168948340033709e-16
4.4270143106928117e-13,5.255292705102575e-13,4.1504614415460717e-20,6.927637630155681e-24,0.0,0.0001418012538408448,1.6220776438891527e-16,1.3232409125922733e-16
4.551914400963142e-13,5.269239071059798e-13,2.3293406049542563e-20,7.496324301279869e-24,0.0,0.00014188739216061533,9.081166448756485e-17,1.4273303338670885e-16
4.676259379721159e-13,5.283204111383243e-13,2.879912020679412e-20,6.720842477023443e-24,0.0,0.00014197337438740182,1.1200123007797646e-16,1.275627209836742e-16
4.756195437494171e-13,5.297188145306726e-13,2.8799120206695515e-20,3.463818815071822e-24,0.0,0.00014205920597933351,1.117272914752805e-16,6.553611712601406e-17
4.895528427084628e-13,4.845131905665405e-13,3.303428494296702e-20,1.0029564927223516e-23,0.0,0.0001484361949962353,1.2793451834314089e-16,1.8923709957654092e-16
4.994893387788579e-13,4.565836247424777e-13,3.006966962772488e-20,7.0827339949853e-24,0.0,0.0001396261057405676,1.1625061488190112e-16,1.332678384330389e-16
5.120903701083535e-13,4.577138397863062e-13,4.7857361520065184e-20,1.0029564927223516e-23,0.0,0.00013972168281575306,1.8469680645695037e-16,1.8819492933891544e-16
5.239697564718426e-13,4.588409491173798e-13,4.0657581468305024e-20,9.098986738107379e-24,0.0,0.00013981562723886382,1.5663776157076744e-16,1.7026344703272367e-16
5.357936316841005e-13,4.599703098352006e-13,3.981054852100142e-20,7.082733995027429e-24,0.0,0.0001399095757882351,1.5310791479270017e-16,1.3217004806505858e-16
5.47950573803746e-13,4.611019306272849e-13,3.515186731115207e-20,6.77254126529597e-24,0.0,0.00014000352902894018,1.3495615458876063e-16,1.2603427315293297e-16
5.595524044110789e-13,4.622358226427865e-13,1.7364175418811765e-20,1.2459407976604053e-23,0.0,0.0001400974882658945,6.654930683813689e-17,2.312280128778104e-16
3.275157922644212e-14,4.633757489290492e-13,4.1081097941932174e-20,6.87593884185908e-24,0.0,0.00014019182310957387,1.5717256984772512e-16,1.2725716065749379e-16
2.2315482794965646e-14,4.641794581509658e-13,5.929230630794894e-20,8.943890373229612e-24,0.0,0.00014026195542862871,2.2645384736980527e-16,1.65076661622976e-16
2.481348460037225e-14,4.647741739976079e-13,4.2775163836440775e-20,5.3766739816127355e-24,0.0,0.00014026877794109124,1.6308762029805094e-16,9.896547144133559e-17
2.2037927038809357e-14,4.6536910496175e-13,3.303428494301632e-20,4.3943970041879595e-24,0.0,0.0001402756031428433,1.2573132149028694e-16,8.066439117220113e-17
1.9484414082171497e-14,4.659641965413397e-13,3.7692966152964277e-20,3.3604212385026935e-24,0.0,0.00014028241462620323,1.4321530647813445e-16,6.151636325134865e-17
2.1038726316646716e-14,4.665594486688326e-13,4.319868031011723e-20,9.615974620953021e-24,0.0,0.00014028921243591842,1.6385188685952634e-16,1.7555224245139863e-16
2.1149748619109232e-14,4.67154861322205e-13,3.1340219048458416e-20,8.943890373241649e-24,0.0,0.00014029599663020073,1.1866868451507308e-16,1.6283863554847923e-16
1.9872992140790302e-14,4.67750434489954e-13,3.388131789022132e-20,5.53177034646041e-24,0.0,0.0001403027672701619,1.2807041363724557e-16,1.004418749136582e-16
1.9984014443252818e-14,4.683461679782091e-13,3.7692966152816365e-20,5.8419630761738135e-24,0.0,0.00014030952436199634,1.4223436164262002e-16,1.0578666348063237e-16
1.9373391779708982e-14,4.689420616887685e-13,5.251604272986523e-20,8.168408548967167e-24,0.0,0.0001403162679405304,1.978304675851644e-16,1.4751383756166583e-16
1.837419105754634e-14,4.695381155578357e-13,7.41153828850471e-20,7.082733994991318e-24,0.0,0.00014032299805073143,2.7871977486634286e-16,1.2756196156300942e-16
1.9262369477246466e-14,4.701343294991772e-13,6.225692162319107e-20,8.685396431830865e-24,0.0,0.00014032971473068,2.3372575766875636e-16,1.5600430901136834e-16
1.8485213360008856e-14,4.707307034524091e-13,3.430483436389777e-20,7.858215819271819e-24,0.0,0.00014033641802600576,1.2856863410222902e-16,1.4076650520535056e-16
1.887379141862766e-14,4.713272373073351e-13,3.0493186101204116e-20,7.237830359863066e-24,0.0,0.00014034310796731276,1.1408919998145333e-16,1.2930458833058488e-16
1.8707257964933888e-14,4.719239310111967e-13,2.5410988417678314e-20,1.1787323728904718e-23,0.0,0.000140349784602167,9.491318980324323e-17,2.1001612090536873e-16
1.7985612998927536e-14,4.725207845308808e-13,2.7952087259589126e-20,1.0960143116339654e-23,0.0,0.00014035644798376704,1.0422785112505866e-16,1.947543880855911e-16
1.837419105754634e-14,4.731177977242158e-13,3.3881317890319925e-20,1.1580528575766462e-23,0.0,0.00014036309813272686,1.2612338258128102e-16,2.0522710948062578e-16
1.787459069646502e-14,4.737149705254924e-13,2.202285662861181e-20,8.375203702105424e-24,0.0,0.00014036973509224635,8.184195245907001e-17,1.4802625511361196e-16
1.7763568394002505e-14,4.743123028361471e-13,3.642241673198422e-20,6.5140473238731485e-24,0.0,0.00014037635889562158,1.3512613059295942e-16,1.1482409016948582e-16
1.6542323066914832e-14,4.749097946181036e-13,3.896351557374712e-20,9.564275832644382e-24,0.0,0.00014038296959389604,1.4431058945574826e-16,1.6814138608589366e-16
1.459943277382081e-14,4.755074457869637e-13,4.404571325727292e-20,9.71937219752215e-24,0.0,0.00014038956722421973,1.6285999779072887e-16,1.7041305510358346e-16
1.5709655798445965e-14,4.761052562707625e-13,4.404571325722362e-20,1.1373733422616168e-23,0.0,0.00014039615182725833,1.6258720324996635e-16,1.9888933599750415e-16
1.5709655798445965e-14,4.767032259955193e-13,1.6093625997930314e-20,8.788794008387956e-24,0.0,0.00014040272344291644,5.930752135139445e-17,1.5327919902662726e-16
1.554312234475219e-14,4.773013548829619e-13,4.912791094074942e-20,1.1787323728886663e-23,0.0,0.00014040928210967316,1.8074177304027494e-16,2.0502947811462438e-16
1.6153745008296028e-14,4.778996428589027e-13,5.166900978251232e-20,1.0029564927211479e-23,0.0,0.00014041582786705154,1.8977367304120875e-16,1.7399309617129823e-16
1.6042722705833512e-14,4.784980898466466e-13,2.7952087259441215e-20,5.480071558181864e-24,0.0,0.00014042236075367728,1.024936264364149e-16,9.481709433504002e-17
1.4988010832439613e-14,4.790966957746164e-13,5.0821976835307324e-20,1.0443155233494011e-23,0.0,0.0001404288808095199,1.860424993343804e-16,1.8021224414089447e-16
1.2212453270876722e-14,4.796954605664274e-13,2.3716922523169713e-20,8.685396431836883e-24,0.0,0.00014043538807297846,8.667585634726114e-17,1.4948444660031205e-16
1.6653345369377348e-14,4.802943841412742e-13,2.0328790734152512e-20,9.822769774067204e-24,0.0,0.00014044188258100437,7.417059144734834e-17,1.68614832350065e-16
1.4710455076283324e-14,4.808934664334219e-13,4.065758146825572e-20,5.686866711320121e-24,0.0,0.00014044836437480165,1.4809599716559014e-16,9.7362551975636e-17
1.2045919817182948e-14,4.814927073590667e-13,3.303428494296702e-20,9.409179467796708e-24,0.0,0.0001404548334901359,1.2012944213757649e-16,1.6066799613146573e-16
1.2989609388114332e-14,4.820921068521375e-13,3.726944967928782e-20,4.859686098761075e-24,0.0,0.00014046128996779637,1.353073797820172e-16,8.276490087910299e-17
1.2989609388114332e-14,4.826916648321912e-13,4.319868031011723e-20,7.444625512995305e-24,0.0,0.00014046773384422415,1.5657561204497334e-16,1.264569840417993e-16
1.4099832412739488e-14,4.832913812237216e-13,5.3363075677070225e-20,7.65142066613958e-24,0.0,0.0001404741651571497,1.9309934555741502e-16,1.2963003713123091e-16
1.504352198367087e-14,4.83891255956651e-13,3.388131789022132e-20,1.0649950386644305e-23,0.0,0.00014048058394572788,1.2240177806292446e-16,1.7996015879618296e-16
1.2934098236883074e-14,4.844912889518284e-13,5.759824041339103e-20,7.341227936432195e-24,0.0,0.00014048699024632499,2.0774247399362147e-16,1.2372695329292536e-16
1.4377388168895777e-14,4.850914801305428e-13,4.5739779151830826e-20,1.457905829625915e-23,0.0,0.0001404933840952898,1.6470241317632748e-16,2.4507189805613847e-16
1.3822276656583199e-14,4.856918294253009e-13,8.131516293651144e-20,1.2924697071177169e-23,0.0,0.00014049976553207118,2.9232665183602107e-16,2.1669777180293069e-16
1.404432126150823e-14,4.862923367610366e-13,2.4563955470424014e-20,4.963083675318166e-24,0.0,0.00014050613459377096,8.816319310681538e-17,8.299602546747994e-17
1.099120794378905e-14,4.868930020565824e-13,5.505714157162813e-20,1.5096046179104792e-23,0.0,0.00014051249131558224,1.972858589531928e-16,2.5179211625083526e-16
1.5376588891058418e-14,4.874938252442906e-13,3.388131789027062e-20,1.3131492224291351e-23,0.0,0.00014051883573645602,1.212096028958957e-16,2.1845791856222698e-16
1.3156142841808105e-14,4.880948062420119e-13,5.2516042729815925e-20,1.0132962503786626e-23,0.0,0.00014052516789101163,1.8757040195167246e-16,1.681382501692986e-16
1.4765966227514582e-14,4.886959449830288e-13,4.150461441551002e-20,7.134432783269864e-24,0.0,0.00014053148781816965,1.4800126390473468e-16,1.1807759243670843e-16
1.2212453270876722e-14,4.892972413855282e-13,5.421010862437383e-20,8.271806125530277e-24,0.0,0.0001405377955523586,1.9299549925051975e-16,1.3654880556257688e-16
1.3655743202889425e-14,4.898986953791996e-13,2.4563955470424014e-20,4.652890945634855e-24,0.0,0.0001405440911311718,8.731004314034857e-17,7.661106789091232e-17
1.587618925213974e-14,4.90500306885461e-13,4.573977915178152e-20,1.075334796318936e-23,0.0,0.0001405503745896822,1.6231553723133864e-16,1.7660174240752278e-16
9.603429163007604e-15,4.911020758366126e-13,4.573977915173222e-20,1.2097516458600067e-23,0.0,0.00014055664596593906,1.6205459497395364e-16,1.9816716805720331e-16
1.2101430968414206e-14,4.917040021496522e-13,6.522153693863043e-20,5.790264287883231e-24,0.0,0.00014056290529346544,2.3070695921779675e-16,9.460620327386824e-17
1.2101430968414206e-14,4.923060857528218e-13,4.235164736276432e-20,1.1890721305473847e-23,0.0,0.00014056915260886378,1.4956964899761256e-16,1.9378346477187595e-16
1.3988810110276972e-14,4.929083265733554e-13,5.675120746603812e-20,8.68539643180679e-24,0.0,0.000140575387948304,2.0010267282155023e-16,1.4118449056347313e-16
1.4099832412739488e-14,4.935107245341184e-13,3.049318610125342e-20,1.3338287377441645e-23,0.0,0.00014058161134656831,1.073461115923747e-16,2.1626576631240667e-16
1.0935696792557792e-14,4.941132795630685e-13,5.505714157162813e-20,1.1994118882018901e-23,0.0,0.00014058782283975127,1.9351026727087095e-16,1.9397597790982091e-16
1.2934098236883074e-14,4.947159915826059e-13,3.557538378477922e-20,1.5923226791645783e-23,0.0,0.00014059402246222543,1.2483831316873453e-16,2.568645072696521e-16
1.1657341758564144e-14,4.953188605183877e-13,2.1175823681357508e-20,8.065010972416094e-24,0.0,0.000140600210249153,7.419039062949348e-17,1.2976958570449781e-16
1.2212453270876722e-14,4.959218862959417e-13,4.489274620462583e-20,6.927637630131607e-24,0.0,0.00014060638623552134,1.570339898813562e-16,1.1118586282868365e-16
1.2434497875801753e-14,4.965250688403307e-13,3.472835083752492e-20,8.581998855273773e-24,0.0,0.00014061255045604842,1.2128662029706057e-16,1.3738863961796166e-16
1.2045919817182948e-14,4.971284080779096e-13,3.981054852110003e-20,1.2097516458600067e-23,0.0,0.00014061870294568185,1.3881590526791933e-16,1.9317817612499592e-16
1.2989609388114332e-14,4.977319039337411e-13,6.691560283308973e-20,9.615974620928947e-24,0.0,0.00014062484373886678,2.32960283133124e-16,1.5316379482894546e-16
1.0103029524088925e-14,4.983355563347749e-13,4.8280877993593727e-20,7.754818242684634e-24,0.0,0.0001406309728704457,1.6782017027230347e-16,1.2320743011507903e-16
1.1879386363489175e-14,4.989393651982152e-13,2.4563955470424014e-20,4.963083675330203e-24,0.0,0.00014063709037237824,8.524774285892383e-17,7.865400311516389e-17
1.3100631690576847e-14,4.995433304593612e-13,4.7433845046339427e-20,1.1270335846047039e-23,0.0,0.00014064319628159436,1.6435752219799607e-16,1.7816054673005376e-16
1.2989609388114332e-14,5.001474520396306e-13,2.286988957586611e-20,1.0029564927229535e-23,0.0,0.0001406492906309746,7.911941450920773e-17,1.5814799883015185e-16
1.0880185641326534e-14,5.00751729861501e-13,3.642241673203352e-20,1.1787323728916756e-23,0.0,0.00014065537345356956,1.2580751090901282e-16,1.8539807631895533e-16
1.049160758270773e-14,5.013561638527234e-13,5.082197683540593e-20,1.1580528575766462e-23,0.0,0.00014066144478378108,1.7527066992086124e-16,1.816888491902177e-16
1.099120794378905e-14,5.01960753933294e-13,5.844527336059603e-20,7.444625513037434e-24,0.0,0.00014066750465370346,2.0124635987034162e-16,1.1650755704826165e-16
1.199040866595169e-14,5.025655000391838e-13,4.235164736286293e-20,1.3545082530579902e-23,0.0,0.00014067355309977812,1.4560321190458882e-16,2.114490351252725e-16
9.769962616701378e-15,5.031704020898203e-13,7.115076756955844e-20,6.514047323855093e-24,0.0,0.00014067959015367793,2.442324146775013e-16,1.0143532709556289e-16
1.2545520178264269e-14,5.037754600073968e-13,7.284483346386983e-20,9.305781891245635e-24,0.0,0.00014068561584772613,2.4965863374925945e-16,1.4454628088455497e-16
1.1102230246251565e-14,5.043806737229987e-13,5.421010862447244e-20,1.3131492224291351e-23,0.0,0.00014069163021660118,1.8550400264832932e-16,2.0346293848556344e-16
1.021405182655144e-14,5.049860431547612e-13,7.792703114754354e-20,7.858215819253763e-24,0.0,0.00014069763329123823,2.6624861615680214e-16,1.2145455563761852e-16
9.547918011776346e-15,5.055915682359926e-13,5.336307567711953e-20,8.168408548961148e-24,0.0,0.00014070362510667608,1.8204021814570425e-16,1.2593526960731162e-16
1.2656542480726785e-14,5.061972488815712e-13,2.456395547052262e-20,1.0546552810099251e-23,0.0,0.00014070960569269395,8.366678933505239e-17,1.6219668076594722e-16
1.7763568394002505e-14,5.06803084279076e-13,4.4892746204576526e-20,1.0132962503798663e-23,0.0,0.00014071557487710758,1.5267232577658182e-16,1.5545002835964509e-16
1.9373391779708982e-14,5.07409075176537e-13,3.9810548521050724e-20,1.0339757656924883e-23,0.0,0.00014072153292118812,1.3518007768906276e-16,1.58230098458093e-16
2.1538326677728037e-14,5.080152214545557e-13,4.235164736276432e-20,1.2614504341457746e-23,0.0,0.0001407274798447692,1.4358737370219378e-16,1.92563833107502e-16
1.8207657603852567e-14,5.08621523035791e-13,5.421010862437383e-20,1.116693826947791e-23,0.0,0.00014073341567926264,1.8350954766631198e-16,1.7004578091604105e-16
1.7763568394002505e-14,5.092279798431079e-13,2.6258021364932614e-20,8.375203702111442e-24,0.0,0.00014073934045601784,8.875112226292843e-17,1.2722010640157243e-16
2.0539125955565396e-14,5.098345917994239e-13,5.336307567711953e-20,7.754818242708709e-24,0.0,0.00014074525420627713,1.8008900585374498e-16,1.1750654070574205e-16
1.7263968032921184e-14,5.104413588312748e-13,4.0657581468305024e-20,5.4800715581999195e-24,0.0,0.00014075115696215968,1.3700089355289997e-16,8.28338977245231e-17
1.9484414082171497e-14,5.110482808526597e-13,3.472835083752492e-20,7.548023089558415e-24,0.0,0.0001407570487522074,1.168429589883533e-16,1.1381197023418577e-16
1.8818280267396403e-14,5.116553578003252e-13,6.352747104417113e-20,7.444625513049471e-24,0.0,0.00014076292961111192,2.1341134082602102e-16,1.119777742804759e-16
1.6264767310758543e-14,5.122625895891235e-13,5.505714157157883e-20,1.530284133224305e-23,0.0,0.00014076879956741338,1.8467501329260211e-16,2.2961311919809886e-16
1.7819079545233762e-14,5.128699761444011e-13,1.778769189248822e-20,6.2038545941477076e-24,0.0,0.0001407746586524248,5.957357125872867e-17,9.285884398936349e-17
1.9095836023552692e-14,5.134775173910661e-13,2.795208725953982e-20,1.0753347963213434e-23,0.0,0.0001407805068972191,9.347357290141164e-17,1.6056237671524443e-16
1.7208456881689926e-14,5.140852132529141e-13,3.218725199576202e-20,5.0664812518993316e-24,0.0,0.00014078634433244632,1.0747317121420017e-16,7.5465132376952e-17
1.9984014443252818e-14,5.146930636544392e-13,4.1504614415559324e-20,7.237830359838992e-24,0.0,0.00014079217098883061,1.3837419553015126e-16,1.0754481734420929e-16
1.8207657603852567e-14,5.153010685195148e-13,4.7433845046339427e-20,1.4062070413413508e-23,0.0,0.00014079798689680984,1.5790308420818017e-16,2.084360898629066e-16
1.5154544286133387e-14,5.159092277706963e-13,4.319868031011723e-20,9.512577044371855e-24,0.0,0.0001408037920863464,1.4358772375452217e-16,1.4065843139889184e-16
1.5265566588595902e-14,5.165175413319087e-13,3.0493186101302724e-20,1.416546799000671e-23,0.0,0.00014080958658766252,1.0120341637673071e-16,2.0895069010641455e-16
1.432187701766452e-14,5.171260091318079e-13,3.981054852100142e-20,6.2038545941477076e-24,0.0,0.00014081537043215416,1.3192802307610647e-16,9.128956881239016e-17
1.6431300764452317e-14,5.177346310935178e-13,3.726944967948504e-20,5.169878828492534e-24,0.0,0.00014082114364959237,1.233216651975112e-16,7.589059032780905e-17
1.482147737874584e-14,5.183434071400069e-13,6.522153693872904e-20,1.116693826947791e-23,0.0,0.00014082690626959356,2.154894021643927e-16,1.635275982272902e-16
1.4988010832439613e-14,5.18952337190703e-13,4.319868030996932e-20,1.116693826947791e-23,0.0,0.0001408326583207013,1.4251311462993722e-16,1.6313298571191665e-16
1.482147737874584e-14,5.195614211796899e-13,3.3034284942917713e-20,1.1787323728916756e-23,0.0,0.00014083839983532463,1.0881773987113003e-16,1.7178093177184547e-16
1.4377388168895777e-14,5.201706590253613e-13,4.6586812099085126e-20,8.892191584957085e-24,0.0,0.00014084413084149977,1.532319026177011e-16,1.2927720983350636e-16
1.4654943925052066e-14,5.207800506543306e-13,5.844527336074394e-20,6.203854594171782e-24,0.0,0.00014084985136938124,1.919499370262408e-16,8.9976588878475e-17
1.482147737874584e-14,5.213895959892564e-13,4.573977915188013e-20,1.2200914035169195e-23,0.0,0.00014085556144794064,1.4999817921552462e-16,1.7652912623934815e-16
1.4710455076283324e-14,5.219992949599836e-13,3.134021904850772e-20,1.2821299494571929e-23,0.0,0.00014086126110797958,1.0262383938359315e-16,1.8506038902712955e-16
1.5210055437364645e-14,5.22609147480537e-13,4.4045713257322225e-20,1.1787323728916756e-23,0.0,0.00014086695037591841,1.4401414319620775e-16,1.697287393796484e-16
1.3378187446733136e-14,5.232191534862673e-13,3.388131789027062e-20,9.512577044383892e-24,0.0,0.0001408726292838212,1.1061601697920616e-16,1.3664647526854514e-16
1.2212453270876722e-14,5.238293128984372e-13,4.4045713257322225e-20,3.515517603362405e-24,0.0,0.00014087829785984046,1.435881324068308e-16,5.037915921808979e-17
1.176836406102666e-14,5.244396256387231e-13,3.981054852100142e-20,8.68539643180679e-24,0.0,0.0001408839561321344,1.2958991068701782e-16,1.2416923113161665e-16
1.3489209749195652e-14,5.250500916348243e-13,3.557538378487783e-20,8.685396431842902e-24,0.0,0.0001408896041303719,1.1563297544519128e-16,1.238733867920629e-16
1.2378986724570495e-14,5.256607108111053e-13,4.5739779151929434e-20,1.3441684954010774e-23,0.0,0.00014089524188321548,1.4845204824910752e-16,1.9125262559065004e-16
1.454392162258955e-14,5.262714830880018e-13,5.251604272986523e-20,1.2821299494583966e-23,0.0,0.00014090086941816865,1.7019433114343514e-16,1.8199203095230917e-16
1.3489209749195652e-14,5.268824083972455e-13,6.098637220235893e-20,1.2200914035181232e-23,0.0,0.00014090648676565255,1.973548502692187e-16,1.7277489083416815e-16
1.326716514427062e-14,5.274934866575659e-13,2.2022856628710416e-20,7.651420666115506e-24,0.0,0.00014091209395249995,7.116254969490158e-17,1.0809349778108502e-16
1.4210854715202004e-14,5.281047177971277e-13,4.2351647362813625e-20,1.3028094647746297e-23,0.0,0.0001409176910079614,1.3665072351376345e-16,1.8361532253125045e-16
1.2434497875801753e-14,5.287161017392356e-13,6.268043809696614e-20,1.6130021944796077e-23,0.0,0.00014092327795988194,2.019474444743816e-16,2.2679568476757406e-16
1.0769163338864018e-14,5.293276384097018e-13,5.590417451893173e-20,1.0960143116327617e-23,0.0,0.00014092885483666992,1.7985239181975394e-16,1.5374080612600624e-16
1.2989609388114332e-14,5.299393277335631e-13,4.5739779151830826e-20,1.1994118882042975e-23,0.0,0.00014093442166642113,1.4693748724008393e-16,1.6784780274330352e-16
1.4932499681208355e-14,5.305511696305313e-13,5.2516042729963836e-20,1.1373733422628205e-23,0.0,0.00014093997847571167,1.6846047811029434e-16,1.5879104896008453e-16
1.1823875212257917e-14,5.311631640323899e-13,4.065758146840363e-20,8.892191584993196e-24,0.0,0.0001409455252942219,1.3023148370920823e-16,1.2385362444578687e-16
1.2156942119645464e-14,5.317753108592642e-13,5.0821976835455236e-20,9.719372197510112e-24,0.0,0.00014095106214843066,1.6255312819305476e-16,1.3505676124525045e-16
1.2378986724570495e-14,5.323876100397066e-13,4.912791094099594e-20,1.5509636485381306e-23,0.0,0.00014095658906694927,1.569070005891125e-16,2.1501027394854304e-16
1.4155343563970746e-14,5.33000061495264e-13,5.590417451883313e-20,1.1373733422616168e-23,0.0,0.00014096210607642942,1.7829100028241521e-16,1.5730458430076738e-16
1.199040866595169e-14,5.336126651506114e-13,4.912791094089733e-20,1.0546552810075177e-23,0.0,0.00014096761320425016,1.5645359579672252e-16,1.4552274145779165e-16
1.0269562977782698e-14,5.342254209311992e-13,4.743384504629012e-20,1.116693826947791e-23,0.0,0.0001409731104778932,1.5084070718513164e-16,1.5372259616661446e-16
1.2656542480726785e-14,5.348383287612885e-13,4.9127910940946635e-20,3.515517603362405e-24,0.0,0.00014097859792442448,1.5600280562614188e-16,4.828112544556623e-17
1.1268763699945339e-14,5.354513885687854e-13,6.945670167495124e-20,1.2200914035181232e-23,0.0,0.00014098407557176884,2.2023840491774397e-16,1.6717303948351902e-16
1.3877787807814457e-14,5.360646002742807e-13,3.7269449679189215e-20,7.858215819289874e-24,0.0,0.0001409895434458231,1.1800694364015812e-16,1.0741992232976816e-16
9.71445146547012e-15,5.366779638013117e-13,2.879912020679412e-20,8.892191584981159e-24,0.0,0.00014099500157316238,9.105638103301329e-17,1.2127127587942937e-16
1.1879386363489175e-14,5.372914790811967e-13,3.557538378487783e-20,1.1166938269465874e-23,0.0,0.0001410004499823057,1.1232029528686958e-16,1.519402178486417e-16
1.099120794378905e-14,5.379051460350951e-13,4.235164736286293e-20,1.1373733422616168e-23,0.0,0.00014100588869900193,1.3352338087555665e-16,1.5439470596183246e-16
1.1712852909795402e-14,5.385189645863891e-13,4.4045713257470137e-20,1.9438744395008187e-23,0.0,0.0001410113177494873,1.3866597807924523e-16,2.632628219753001e-16
1.0269562977782698e-14,5.391329346636829e-13,4.743384504629012e-20,1.4475660719714095e-23,0.0,0.00014101673716126697,1.4911960668352568e-16,1.9559282162569476e-16
1.2878587085651816e-14,5.397470561862228e-13,5.590417451893173e-20,1.302809464773426e-23,0.0,0.00014102214695929877,1.7549780524573835e-16,1.7562641681871294e-16
1.1046719095020308e-14,5.403613290802606e-13,1.6940658945233918e-20,1.1373733422628205e-23,0.0,0.00014102754717027752,5.3105519719608316e-17,1.5297047784056357e-16
1.2323475573339238e-14,5.409757532755117e-13,4.743384504663525e-20,8.478601278692608e-24,0.0,0.00014103293782170192,1.4848428366929967e-16,1.1376944843387237e-16
9.658940314238862e-15,5.415903286931097e-13,4.5739779151929434e-20,1.613002194482015e-23,0.0,0.00014103831893873373,1.4297822179813954e-16,2.159406860703653e-16
1.2156942119645464e-14,5.422050552555064e-13,3.726944967928782e-20,9.305781891281747e-24,0.0,0.00014104369054678564,1.163357926837061e-16,1.2429443345426639e-16
1.2434497875801753e-14,5.428199328928825e-13,7.962109704224936e-20,1.3234889800884554e-23,0.0,0.00014104905267318469,2.4818409602946005e-16,1.7636793910694597e-16
1.0769163338864018e-14,5.434349615268112e-13,6.945670167504984e-20,1.406207041340147e-23,0.0,0.0001410544053429227,2.161952927632002e-16,1.869606829899202e-16
1.2045919817182948e-14,5.440501410784256e-13,3.557538378472992e-20,1.0960143116375765e-23,0.0,0.000141059748580786,1.105780243219653e-16,1.453851848176576e-16
1.1934897514720433e-14,5.44665471480621e-13,2.879912020664621e-20,8.478601278704645e-24,0.0,0.0001410650824145163,8.938949259519656e-17,1.1221017760948538e-16
1.1879386363489175e-14,5.452809526553839e-13,4.5739779151929434e-20,1.0960143116327617e-23,0.0,0.00014107040686892993,1.4177191199916889e-16,1.4472033824593075e-16
1.099120794378905e-14,5.458965845199443e-13,5.421010862437383e-20,1.7370792863625618e-23,0.0,0.00014107572196752358,1.6779003020868123e-16,2.2884397605232868e-16
1.1213252548714081e-14,5.465123670099633e-13,4.912791094084803e-20,7.237830359851029e-24,0.0,0.00014108102773846657,1.5184649472044493e-16,9.513403834981614e-17
8.881784197001252e-15,5.471283000465744e-13,5.251604272986523e-20,1.1994118882042975e-23,0.0,0.00014108632420607695,1.6209138054073734e-16,1.572913203048569e-16
1.1213252548714081e-14,5.4774438354799e-13,7.623296525303494e-20,7.44462551301336e-24,0.0,0.00014109161139383214,2.349649312188372e-16,9.740681091886189e-17
1.0047518372857667e-14,5.483606174487594e-13,5.2516042729963836e-20,1.654361225107259e-23,0.0,0.00014109688932932782,1.6163871366739072e-16,2.159673260343084e-16
1.1046719095020308e-14,5.489770016659062e-13,5.929230630785033e-20,1.0753347963213434e-23,0.0,0.0001411021580355529,1.8224085386022268e-16,1.4005990423915511e-16
1.0824674490095276e-14,5.495935361298955e-13,4.573977915173222e-20,1.4889251025978572e-23,0.0,0.0001411074175388641,1.4039004472698228e-16,1.9348912879244503e-16
9.2148511043888e-15,5.502102207637477e-13,8.300922883116795e-20,6.617444900448296e-24,0.0,0.000141112667863612,2.544276593476592e-16,8.580030135057585e-17
2.1760371282653068e-14,5.5082705443619e-13,4.2351647362715017e-20,1.302809464773426e-23,0.0,0.0001411179087641879,1.2962978074194033e-16,1.6853702138073332e-16
2.0872192862952943e-14,5.514440381399684e-13,3.049318610135203e-20,1.9852334701308775e-23,0.0,0.00014112314053925574,9.320402264619506e-17,2.562377382523552e-16
2.0372592501871623e-14,5.520611718312424e-13,2.710505431223622e-20,7.031035206736846e-24,0.0,0.00014112836322132836,8.27332994117e-17,9.054595053439735e-17
1.9984014443252818e-14,5.526784554298528e-13,4.2351647362813625e-20,1.2200914035181232e-23,0.0,0.0001411335768335381,1.2909202530851462e-16,1.567694884432052e-16
1.887379141862766e-14,5.532958888698063e-13,5.759824041334173e-20,8.685396431818828e-24,0.0,0.00014113878140255281,1.7532271948803444e-16,1.1134722285061175e-16
1.9040324872321435e-14,5.539134720611211e-13,3.896351557384573e-20,1.2821299494583966e-23,0.0,0.00014114397694883123,1.1843711572098382e-16,1.6399987258116514e-16
1.8263168755083825e-14,5.545312049302039e-13,5.590417451888243e-20,8.065010972404057e-24,0.0,0.00014114916349693143,1.6969750555786013e-16,1.0292936636059259e-16
1.6431300764452317e-14,5.551490873993257e-13,4.404571325737153e-20,1.0960143116351691e-23,0.0,0.00014115434107027066,1.3351720226647029e-16,1.3956437628016931e-16
1.7985612998927536e-14,5.557671193929545e-13,6.606856988583543e-20,7.8582158192658e-24,0.0,0.0001411595096927395,2.000007673710818e-16,9.98406653129058e-17
1.7208456881689926e-14,5.563853008366441e-13,4.912791094089733e-20,7.444625513025397e-24,0.0,0.0001411646693884176,1.4851456671575567e-16,9.437406695522793e-17
1.6264767310758543e-14,5.570036316505458e-13,4.912791094089733e-20,1.3234889800884554e-23,0.0,0.00014116982017992806,1.4831117315345825e-16,1.6740082023489856e-16
1.7041923427996153e-14,5.576221117592049e-13,6.606856988583543e-20,1.1580528575778499e-23,0.0,0.00014117496209092582,1.9918017646392876e-16,1.4614844746696103e-16
1.4710455076283324e-14,5.582407410778358e-13,6.776263578034403e-20,1.2200914035169195e-23,0.0,0.0001411800951426207,2.0400835035639746e-16,1.5363419653165838e-16
1.6542323066914832e-14,5.588595195395917e-13,5.590417451888243e-20,1.0132962503822737e-23,0.0,0.0001411852193606794,1.6807733406258226e-16,1.2731008048058523e-16
1.4210854715202004e-14,5.594784470650891e-13,5.421010862432453e-20,1.1580528575766462e-23,0.0,0.0001411903347675112,1.6276208957874024e-16,1.4517328212943907e-16
1.2545520178264269e-14,5.60097523570964e-13,5.590417451917825e-20,1.4889251025978572e-23,0.0,0.00014119544138444228,1.676200989367067e-16,1.8623626072536424e-16
1.504352198367087e-14,5.607167489916878e-13,5.759824041344033e-20,1.3028094647746297e-23,0.0,0.00014120053923721412,1.7246491107866276e-16,1.625947406925497e-16
1.27675647831893e-14,5.61336123248446e-13,3.7269449679435734e-20,5.997059441045562e-24,0.0,0.00014120562834813222,1.1144356441695595e-16,7.467913106815431e-17
1.3322676295501878e-14,5.619556462587013e-13,4.573977915188013e-20,1.6336817097922297e-23,0.0,0.00014121070873849924,1.365863688117278e-16,2.0298538829561906e-16
1.304512053934559e-14,5.625753179520142e-13,5.759824041339103e-20,1.220091403519327e-23,0.0,0.0001412157804325573,1.717649677788733e-16,1.5126109327289307e-16
1.1934897514720433e-14,5.631951382489754e-13,6.268043809711405e-20,1.0753347963201397e-23,0.0,0.00014122084345221894,1.8666817233687593e-16,1.330200824271754e-16
1.1823875212257917e-14,5.638151070839532e-13,7.623296525298564e-20,1.0546552810075177e-23,0.0,0.0001412258978227716,2.267225590883584e-16,1.3017386373514525e-16
1.2156942119645464e-14,5.644352243697576e-13,5.2516042729815925e-20,1.1166938269538096e-23,0.0,0.00014123094356401685,1.5597621475593737e-16,1.3752708301011024e-16
1.3433698597964394e-14,5.650554900262813e-13,4.743384504638873e-20,1.1166938269526059e-23,0.0,0.00014123598069745738,1.4069218206016656e-16,1.3722403426354443e-16
1.2101430968414206e-14,5.656759039933213e-13,5.929230630780102e-20,1.0132962503786626e-23,0.0,0.00014124100924948837,1.7562891447213006e-16,1.242440360642459e-16
1.3211653993039363e-14,5.662964661838681e-13,6.437450399147474e-20,1.3234889800872517e-23,0.0,0.00014124602923972323,1.904269420249036e-16,1.619211524291265e-16
1.2378986724570495e-14,5.669171765198311e-13,8.639736062003724e-20,1.2200914035157158e-23,0.0,0.00014125104068992846,2.552305051814522e-16,1.4894326013051192e-16
1.2434497875801753e-14,5.675380349376724e-13,4.0657581468452935e-20,1.0546552810087214e-23,0.0,0.00014125604362541475,1.1994773019321469e-16,1.2846515337676713e-16
1.0047518372857667e-14,5.681590413496074e-13,4.4045713257470137e-20,1.1580528575766462e-23,0.0,0.00014126103806537277,1.2976970214100973e-16,1.4075071034824974e-16
8.992806499463768e-15,5.687801956876263e-13,4.235164736291223e-20,1.4889251025978572e-23,0.0,0.0001412660240338372,1.246120133408849e-16,1.805691491937518e-16
9.547918011776346e-15,5.694014978722163e-13,5.929230630780102e-20,1.5302841332267123e-23,0.0,0.00014127100155190205,1.7422427577612555e-16,1.851792588197356e-16
9.769962616701378e-15,5.700229478299654e-13,3.8963515573796423e-20,7.651420666151617e-24,0.0,0.00014127597064209833,1.1433783161910163e-16,9.238745187034504e-17
1.2378986724570495e-14,5.706445454846436e-13,4.743384504624082e-20,1.2407709188307452e-23,0.0,0.00014128093132617889,1.390088370123524e-16,1.4949071963512842e-16
9.992007221626409e-15,5.712662907585733e-13,5.082197683535663e-20,1.4268865566551764e-23,0.0,0.00014128588362546094,1.4874030404816257e-16,1.7153978497868038e-16
1.0158540675320182e-14,5.71888183577386e-13,5.759824041348964e-20,7.237830359838992e-24,0.0,0.0001412908275620034,1.6834883894892333e-16,8.682357656566408e-17
1.1546319456101628e-14,5.725102238847817e-13,5.590417451907965e-20,7.03103520676092e-24,0.0,0.0001412957631622459,1.6318104549604124e-16,8.415956217871868e-17
1.049160758270773e-14,5.731324115679536e-13,3.7269449679189215e-20,9.305781891221561e-24,0.0,0.00014130069043859954,1.0864350741977572e-16,1.111457984749052e-16
1.2656542480726785e-14,5.737547465706534e-13,5.929230630799824e-20,1.3028094647758334e-23,0.0,0.00014130560941736641,1.726136863630372e-16,1.5526663190526718e-16
1.1601830607332886e-14,5.743772288161602e-13,3.218725199576202e-20,1.282129949460804e-23,0.0,0.00014131052011971535,9.358098861203089e-17,1.5247104485360028e-16
9.992007221626409e-15,5.749998582327418e-13,4.404571325751944e-20,1.2821299494571929e-23,0.0,0.00014131542256796585,1.27889525855462e-16,1.5214109430529223e-16
1.0658141036401503e-14,5.756226347369306e-13,4.404571325742083e-20,1.0339757656948957e-23,0.0,0.00014132031678147693,1.2772130084582632e-16,1.224292142472954e-16
9.159339953157541e-15,5.762455582908831e-13,3.7269449679189215e-20,1.01329625038107e-23,0.0,0.00014132520279072874,1.0792989998403198e-16,1.1972156887141145e-16
9.048317650695026e-15,5.76868628756486e-13,4.2351647362715017e-20,1.3028094647746297e-23,0.0,0.00014133008060152242,1.2248670775527302e-16,1.535957423831938e-16
1.0935696792557792e-14,5.774918460869777e-13,3.557538378487783e-20,1.468245587281624e-23,0.0,0.0001413349502420053,1.0275402804733627e-16,1.7272703965877882e-16
1.071365218763276e-14,5.781152102102901e-13,5.251604272986523e-20,1.0753347963201397e-23,0.0,0.00014133981173403322,1.514860387602807e-16,1.262320745780416e-16
8.715250743307479e-15,5.78738721047841e-13,4.4045713257322225e-20,1.613002194478404e-23,0.0,0.00014134466509779347,1.268867759971825e-16,1.8894108855701319e-16
8.049116928532385e-15,5.793623785245897e-13,3.049318610125342e-20,1.509604617911683e-23,0.0,0.00014134951035426629,8.773004699938374e-17,1.7644978830312972e-16
7.882583474838611e-15,5.799861825615662e-13,5.251604272986523e-20,1.3441684954010774e-23,0.0,0.00014135434752339982,1.5089370901248518e-16,1.5677584251768507e-16
7.549516567451064e-15,5.806101330960082e-13,7.115076756945984e-20,1.0546552810075177e-23,0.0,0.000141359176629018,2.0417052817013022e-16,1.2274519482764045e-16
8.604228440844963e-15,5.812342300370035e-13,3.726944967928782e-20,1.0960143116363728e-23,0.0,0.00014136399768801278,1.0680743896186995e-16,1.2728574206665e-16
8.43769498715119e-15,5.818584733223326e-13,6.945670167495124e-20,1.5302841332267123e-23,0.0,0.0001413688107241893,1.9879180249428418e-16,1.773397946004704e-16
8.992806499463768e-15,5.8248286286571e-13,4.0657581468206416e-20,1.1166938269489948e-23,0.0,0.0001413736157554262,1.162150527876106e-16,1.291337780424198e-16
8.715250743307479e-15,5.83107398599488e-13,5.251604272986523e-20,1.5923226791681894e-23,0.0,0.00014137841280405908,1.4991672782191412e-16,1.8374243187507456e-16
1.0935696792557792e-14,5.837320804437662e-13,4.9127910940946635e-20,9.512577044383892e-24,0.0,0.00014138320188937615,1.4006331031736355e-16,1.0953432161543068e-16
8.826273045769994e-15,5.843569083244602e-13,5.590417451878382e-20,8.892191584981159e-24,0.0,0.00014138798303200528,1.5917653397803123e-16,1.0217285273710205e-16
8.93729534823251e-15,5.849818821695018e-13,5.759824041339103e-20,1.1994118882030938e-23,0.0,0.00014139275625298892,1.637885212900687e-16,1.375215452942736e-16
8.548717289613705e-15,5.856070019017047e-13,5.421010862437383e-20,1.2407709188319489e-23,0.0,0.00014139752157205914,1.5395531552267004e-16,1.4196153882572418e-16
1.0436096431476471e-14,5.862322674412978e-13,5.590417451888243e-20,1.7370792863625618e-23,0.0,0.00014140227900825573,1.5856215381044086e-16,1.9832453313910955e-16
7.716050021144838e-15,5.868576787042188e-13,3.049318610135203e-20,1.6130021944832188e-23,0.0,0.0001414070285795177,8.637731663984865e-17,1.8376824602274423e-16
9.270362255620057e-15,5.874832356898214e-13,4.0657581468206416e-20,1.5716431638555674e-23,0.0,0.00014141177032380253,1.1502196159567085e-16,1.786772158614985e-16
8.881784197001252e-15,5.881089382558566e-13,4.0657581468305024e-20,1.5716431638519563e-23,0.0,0.00014141650424487088,1.1487454680941578e-16,1.7829940546698243e-16
1.0158540675320182e-14,5.887347863366925e-13,3.5575383785075045e-20,1.4475660719714095e-23,0.0,0.00014142123036488572,1.0038657099078917e-16,1.638762661274027e-16
7.105427357601002e-15,5.893607798510331e-13,5.590417451878382e-20,1.778438316991417e-23,0.0,0.00014142594870217203,1.575486671360398e-16,2.0090890436021497e-16
7.882583474838611e-15,5.899869187244319e-13,7.115076756965705e-20,1.1166938269489948e-23,0.0,0.00014143065927663348,2.00260484792694e-16,1.25886222549529e-16
6.8833827526759706e-15,5.906132028841228e-13,7.623296525288703e-20,1.4475660719702058e-23,0.0,0.00014143536210850608,2.1429121875699996e-16,1.62842282809711e-16
9.492406860545088e-15,5.91239632247207e-13,6.945670167495124e-20,9.51257704439593e-24,0.0,0.00014144005721553084,1.9499447820902367e-16,1.0678559275465473e-16
8.715250743307479e-15,5.918662067471222e-13,4.4045713257322225e-20,1.6130021944796077e-23,0.0,0.0001414447446192911,1.234977671342933e-16,1.8069082873695464e-16
7.438494264988549e-15,5.924929263048727e-13,5.082197683535663e-20,7.8582158192658e-24,0.0,0.00014144942433832607,1.42316422104674e-16,8.784413370621511e-17
7.382983113757291e-15,5.931197908455728e-13,5.082197683525802e-20,1.3648480107161068e-23,0.0,0.00014145409639209006,1.421358802016743e-16,1.5225155817343882e-16
7.93809462606987e-15,5.937468002927341e-13,6.606856988593403e-20,1.3234889800872517e-23,0.0,0.00014145876079958792,1.8454253500789874e-16,1.4732871704150325e-16
9.048317650695026e-15,5.943739545756069e-13,5.0821976835553843e-20,1.9025154088779822e-23,0.0,0.00014146341758112377,1.4177616823989434e-16,2.1134202303113823e-16
1.0436096431476471e-14,5.950012536114472e-13,3.726944967938643e-20,1.116693826947791e-23,0.0,0.00014146806675407873,1.0383779612056646e-16,1.2378937431620553e-16
2.3869795029440866e-14,5.956286961808616e-13,3.049318610125342e-20,9.512577044407967e-24,0.0,0.00014147270806598864,8.48509643090458e-17,1.0523010105940145e-16
2.353672812205332e-14,5.962562834760758e-13,6.606856988613125e-20,2.1093105620114243e-23,0.0,0.00014147734183735813,1.8361200512591672e-16,2.3284978740033153e-16
2.2926105458509483e-14,5.968840153523332e-13,4.9127910940946635e-20,1.282129949460804e-23,0.0,0.0001414819680705608,1.3636011051211545e-16,1.4124134668174235e-16
2.1760371282653068e-14,5.97511891718463e-13,6.268043809681823e-20,2.4815418376638978e-23,0.0,0.00014148658678067688,1.7375793256558063e-16,2.7280156554675154e-16
2.2037927038809357e-14,5.981399125210346e-13,7.623296525298564e-20,1.2407709188307452e-23,0.0,0.0001414911979916689,2.1106182443480703e-16,1.3611728501873698e-16
2.2815083156046967e-14,5.98768077667507e-13,6.268043809691683e-20,1.406207041344962e-23,0.0,0.00014149580171817213,1.7332205989294866e-16,1.5394596739345327e-16
1.9484414082171497e-14,5.993963870864844e-13,5.759824041329242e-20,1.4062070413461656e-23,0.0,0.00014150039797976508,1.590694073059588e-16,1.5362668260572905e-16
1.8818280267396403e-14,6.000248407615781e-13,5.0821976835455236e-20,1.6130021944796077e-23,0.0,0.00014150498680893264,1.4017975971858591e-16,1.7585375029689436e-16
1.8596235662471372e-14,6.0065343854555e-13,7.115076756945984e-20,1.0753347963237508e-23,0.0,0.00014150956820720685,1.960064389508093e-16,1.1699320053320232e-16
2.020605904817785e-14,6.012821803679346e-13,3.557538378517365e-20,9.512577044359818e-24,0.0,0.00014151414219419506,9.788091343866301e-17,1.0328001882613957e-16
1.9317880628477724e-14,6.019110661422916e-13,4.912791094114385e-20,1.0339757656912846e-23,0.0,0.0001415187087856809,1.3500040303603468e-16,1.1202904383667914e-16
1.4765966227514582e-14,6.025400957986985e-13,5.759824041329242e-20,8.271806125578425e-24,0.0,0.00014152326800127455,1.580793015294154e-16,8.943833630859403e-17
1.7930101847696278e-14,6.031692692598912e-13,7.453889935877286e-20,1.1994118882091124e-23,0.0,0.00014152781985879502,2.0431886436118862e-16,1.294183192569685e-16
1.687538997430238e-14,6.037985864476239e-13,7.284483346386983e-20,1.6130021944796077e-23,0.0,0.00014153236437577035,1.9942730293647473e-16,1.736870139033872e-16
1.404432126150823e-14,6.044280472846325e-13,3.557538378487783e-20,1.3648480107173105e-23,0.0,0.00014153690156989862,9.727393767146644e-17,1.4666368968294011e-16
1.482147737874584e-14,6.050576517000123e-13,5.759824041329242e-20,1.5716431638591785e-23,0.0,0.00014154143146030435,1.5729605461581634e-16,1.6853850099788932e-16
1.6042722705833512e-14,6.056873996132422e-13,4.065758146840363e-20,2.150669592641483e-23,0.0,0.00014154595406379897,1.1089514481179703e-16,2.301583174627459e-16
1.5709655798445965e-14,6.063172909452492e-13,6.268043809701544e-20,1.1166938269514022e-23,0.0,0.0001415504693974746,1.7075210201874614e-16,1.1926028117238051e-16
1.5376588891058418e-14,6.069473256297811e-13,6.268043809701544e-20,1.1994118882055012e-23,0.0,0.0001415549774813548,1.7054137762078043e-16,1.2783204277278864e-16
1.532107773982716e-14,6.07577503583241e-13,3.388131789036923e-20,1.2407709188307452e-23,0.0,0.0001415594783313522,9.207090439279196e-17,1.3196950330881023e-16
1.5265566588595902e-14,6.082078247316997e-13,5.421010862466965e-20,1.6543612251132776e-23,0.0,0.000141563971965576,1.4713209653114022e-16,1.7559972957062671e-16
1.4876988529977098e-14,6.088382890005817e-13,5.929230630819545e-20,1.4062070413413508e-23,0.0,0.00014156845840192244,1.6072786664813444e-16,1.4895504532050752e-16
1.1379786002407855e-14,6.094688963115891e-13,3.049318610125342e-20,8.685396431818828e-24,0.0,0.0001415729376573614,8.255853724575899e-17,9.181401271574708e-17
1.2434497875801753e-14,6.100996465911547e-13,4.065758146840363e-20,9.098986738107379e-24,0.0,0.00014157740974990262,1.099430373350792e-16,9.599014524227254e-17
1.2878587085651816e-14,6.107305397623504e-13,3.896351557389503e-20,1.2407709188331526e-23,0.0,0.00014158187469671463,1.0523300790268502e-16,1.3062925077056e-16
1.3211653993039363e-14,6.113615757528758e-13,3.8963515573796423e-20,1.8197973476190683e-23,0.0,0.0001415863325159784,1.0510425446255934e-16,1.91200044014528e-16
1.304512053934559e-14,6.119927544854667e-13,6.098637220250684e-20,9.926167350648369e-24,0.0,0.00014159078322466398,1.6430997281728243e-16,1.0407911679518389e-16
1.1823875212257917e-14,6.126240758817998e-13,8.300922883121726e-20,1.2407709188331526e-23,0.0,0.00014159522683943854,2.2337116833719042e-16,1.2983493623173684e-16
1.2045919817182948e-14,6.132555398695999e-13,3.5575383784680614e-20,8.685396431842902e-24,0.0,0.00014159966337830857,9.561380274314031e-17,9.070024859317751e-17
1.326716514427062e-14,6.138871463719395e-13,3.726944967938643e-20,1.4889251026002646e-23,0.0,0.00014160409285814542,1.0004488390573117e-16,1.5517132205791877e-16
1.3822276656583199e-14,6.145188953140619e-13,5.421010862427522e-20,2.0679515313861803e-23,0.0,0.0001416085152962627,1.4534287084872488e-16,2.1507981152864495e-16
1.2823075934420558e-14,6.151507866303873e-13,6.098637220250684e-20,7.031035206748883e-24,0.0,0.00014161293071202725,1.6331213339450624e-16,7.297937705767391e-17
1.0935696792557792e-14,6.157828202210078e-13,8.639736062013585e-20,1.1994118882055012e-23,0.0,0.00014161733911684354,2.31078194053202e-16,1.2424293963883654e-16
1.0547118733938987e-14,6.16414996031407e-13,6.606856988593403e-20,6.203854594195856e-24,0.0,0.0001416217405325082,1.764927512429165e-16,6.413400624223816e-17
1.176836406102666e-14,6.170473139794872e-13,5.759824041348964e-20,1.0753347963201397e-23,0.0,0.00014162613497441058,1.5367927366758696e-16,1.1094168223627851e-16
1.176836406102666e-14,6.176797740020984e-13,6.268043809691683e-20,1.1994118882055012e-23,0.0,0.0001416305224622326,1.6703706849637151e-16,1.2349363700074248e-16
1.1268763699945339e-14,6.183123759997462e-13,5.082197683535663e-20,1.778438316991417e-23,0.0,0.00014163490300726151,1.3527195883586792e-16,1.827431544337595e-16
1.1657341758564144e-14,6.189451199064113e-13,6.098637220260545e-20,1.1580528575766462e-23,0.0,0.00014163927662840984,1.6213062163587005e-16,1.187565748764495e-16
9.825473767932635e-15,6.195780056562296e-13,4.0657581468600847e-20,1.5302841332255086e-23,0.0,0.00014164364334455905,1.0795690967842953e-16,1.566135076257681e-16
1.2212453270876722e-14,6.20211033166095e-13,3.557538378477922e-20,8.685396431830865e-24,0.0,0.0001416480031705877,9.434867023285805e-17,8.871060382625008e-17
1.0824674490095276e-14,6.208442023589764e-13,6.268043809681823e-20,1.4062070413425545e-23,0.0,0.00014165235612270997,1.6603365509951092e-16,1.4333913913452252e-16
1.0158540675320182e-14,6.214775131646929e-13,7.453889935867425e-20,1.0753347963237508e-23,0.0,0.00014165670221864626,1.9720849775170368e-16,1.093930524591287e-16
9.992007221626409e-15,6.221109655081519e-13,8.300922883092143e-20,1.2821299494571929e-23,0.0,0.00014166104147493743,2.1935533354949074e-16,1.3016957495286268e-16
9.103828801926284e-15,6.227445593142607e-13,5.082197683535663e-20,3.722312756536773e-24,0.0,0.0001416653739080675,1.341384144109159e-16,3.7715735576084063e-17
1.226796442210798e-14,6.233782945044117e-13,5.759824041358825e-20,9.512577044359818e-24,0.0,0.00014166969953366567,1.5184176711177714e-16,9.619246780579718e-17
9.880984919163893e-15,6.240121710091214e-13,5.590417451898104e-20,2.2747466845304558e-23,0.0,0.00014167401836937945,1.4719983146667178e-16,2.295672616704722e-16
9.936496070395151e-15,6.246461887460595e-13,3.5575383785075045e-20,1.7370792863637655e-23,0.0,0.00014167833042988176,9.35608866110297e-17,1.749570561224986e-16
7.438494264988549e-15,6.252803476487674e-13,6.268043809711405e-20,2.1093105620150354e-23,0.0,0.00014168263573339243,1.646489775045484e-16,2.1202551558420703e-16
1.1823875212257917e-14,6.259146476327175e-13,6.945670167534567e-20,1.199411888206705e-23,0.0,0.0001416869342939782,1.8223175941209257e-16,1.2032409379583704e-16
1.0325074129013956e-14,6.265490886305204e-13,5.251604273016105e-20,1.2407709188295415e-23,0.0,0.0001416912261295342,1.376212248864123e-16,1.2422624964992513e-16
1.1546319456101628e-14,6.271836705597941e-13,4.235164736310945e-20,9.926167350660406e-24,0.0,0.00014169551125450694,1.1085310492816234e-16,9.918402882063645e-17
8.604228440844963e-15,6.278183933582416e-13,7.792703114749424e-20,1.695720255736114e-23,0.0,0.0001416997896878271,2.0372786138947808e-16,1.691038940340061e-16
1.049160758270773e-14,6.284532569386469e-13,5.590417451898104e-20,2.316105715150885e-23,0.0,0.00014170406144274148,1.4597950525090712e-16,2.3051430905956947e-16
9.658940314238862e-15,6.290882612280115e-13,3.726944967928782e-20,1.57164316385316e-23,0.0,0.0001417083265356554,9.720454943497024e-17,1.561113321074008e-16
8.43769498715119e-15,6.297234061576535e-13,6.437450399152404e-20,1.985233470136896e-23,0.0,0.00014171258498388918,1.6770039259662883e-16,1.9680399024885725e-16
9.381384558082573e-15,6.303586916478017e-13,5.421010862447244e-20,8.271806125602499e-24,0.0,0.00014171683680221098,1.410547255687106e-16,8.18399477937811e-17
9.048317650695026e-15,6.309941176243457e-13,5.082197683535663e-20,1.406207041340147e-23,0.0,0.00014172108200661011,1.3208293231229758e-16,1.3885381146750636e-16
1.0103029524088925e-14,6.316296840116504e-13,5.421010862457104e-20,1.6130021944832188e-23,0.0,0.00014172532061267987,1.407225885434766e-16,1.5896001258750666e-16
8.604228440844963e-15,6.322653907330982e-13,4.7433845046438034e-20,1.6130021944832188e-23,0.0,0.00014172955263573998,1.2298746811299774e-16,1.586474633306271e-16
7.16093850883226e-15,6.329012377194901e-13,2.710505431213761e-20,1.9025154088719637e-23,0.0,0.00014173377809271958,7.01960066852565e-17,1.8675509111503748e-16
8.382183835919932e-15,6.335372248910809e-13,5.082197683535663e-20,1.323488980089659e-23,0.0,0.00014173799699813053,1.3146310128858842e-16,1.2966164778634647e-16
1.0103029524088925e-14,6.341733521732692e-13,8.131516293661005e-20,1.1994118882042975e-23,0.0,0.0001417422093675854,2.1009448359242825e-16,1.172755129439052e-16
8.992806499463768e-15,6.348096194955894e-13,6.098637220240823e-20,2.233387653900397e-23,0.0,0.00014174641521756727,1.5738643695845572e-16,2.1794741959163382e-16
9.048317650695026e-15,6.354460267823547e-13,6.776263578044263e-20,2.440182807038654e-23,0.0,0.00014175061456333808,1.746693809096901e-16,2.376618389537351e-16
8.271161533457416e-15,6.36082573947228e-13,2.7105054312334826e-20,1.5716431638555674e-23,0.0,0.00014175480741773492,6.978616833900773e-17,1.527711499644335e-16
8.326672684688674e-15,6.367192609327202e-13,7.453889935837843e-20,7.858215819277837e-24,0.0,0.00014175899379997463,1.9168813067736085e-16,7.623642094231968e-17
7.16093850883226e-15,6.373560876722435e-13,8.131516293651144e-20,1.943874439499615e-23,0.0,0.00014176317372718375,2.0887071317218776e-16,1.8821695348834224e-16
8.992806499463768e-15,6.379930540596601e-13,5.421010862447244e-20,1.5302841332255086e-23,0.0,0.0001417673472076415,1.3908511294444557e-16,1.4788203662878419e-16
7.605027718682322e-15,6.386301600303465e-13,5.0821976835455236e-20,1.2407709188343563e-23,0.0,0.0001417715142588184,1.3024074445487918e-16,1.196709127013543e-16
7.771561172376096e-15,6.392674055192657e-13,6.437450399142543e-20,1.6130021944808114e-23,0.0,0.00014177567489803255,1.6478009376480753e-16,1.5526960053084379e-16
9.825473767932635e-15,6.399047904435962e-13,5.0821976835455236e-20,1.4475660719702058e-23,0.0,0.00014177982913860283,1.2993870192273144e-16,1.390737552967165e-16
8.881784197001252e-15,6.405423147332345e-13,8.131516293641283e-20,1.94387443950443e-23,0.0,0.0001417839769966181,2.0766112939838484e-16,1.86393657722894e-16
2.148281552649678e-14,6.411799774530012e-13,1.1180834903796208e-19,2.3574647457785363e-23,0.0,0.00014178811829703848,2.852037283694978e-16,2.256135032665093e-16
2.1371793224034263e-14,6.418177796514511e-13,4.7433845046438034e-20,1.5302841332327308e-23,0.0,0.00014179225330338924,1.2085570759688766e-16,1.4616713732936824e-16
2.1760371282653068e-14,6.424557209947134e-13,4.7433845046339427e-20,1.3234889800872517e-23,0.0,0.00014179638197319214,1.2071621710366512e-16,1.2617014465372611e-16
2.1649348980190553e-14,6.430938014276256e-13,5.082197683525802e-20,1.5302841332231012e-23,0.0,0.0001418005043256216,1.2918969485240675e-16,1.4560214455830825e-16
2.0650148258027912e-14,6.437320208737768e-13,5.0821976835553843e-20,1.0339757656960994e-23,0.0,0.00014180462037507438,1.2904092938628947e-16,9.818978276304523e-17
2.170486013142181e-14,6.443703792635288e-13,4.0657581468206416e-20,1.8197973476190683e-23,0.0,0.00014180873013741038,1.0311400516136756e-16,1.7248050934785273e-16
1.687538997430238e-14,6.450088765149907e-13,6.776263578044263e-20,1.2821299494620077e-23,0.0,0.00014181283362574296,1.7165923315934577e-16,1.2128606798673932e-16
1.7541523789077473e-14,6.456475125615227e-13,8.470329472562725e-20,1.364848010714903e-23,0.0,0.00014181693085649162,2.1432780577084312e-16,1.2886229115641299e-16
1.9539925233402755e-14,6.462862873161676e-13,4.404571325722362e-20,1.5302841332255086e-23,0.0,0.00014182102184156147,1.1132271025164526e-16,1.4420394109977972e-16
1.7930101847696278e-14,6.469252007056164e-13,6.437450399132683e-20,2.0679515313849766e-23,0.0,0.00014182510659581116,1.6251614089502036e-16,1.9449557097270485e-16
1.5765166949677223e-14,6.475642526559915e-13,6.776263578044263e-20,2.0265925007645475e-23,0.0,0.00014182918513392482,1.7087398481567575e-16,1.9023959167967753e-16
1.6653345369377348e-14,6.482034430934671e-13,5.082197683525802e-20,2.1920286232679308e-23,0.0,0.0001418332574705487,1.2800909625133049e-16,2.0537454472672615e-16
1.4988010832439613e-14,6.488427719424078e-13,3.7269449679189215e-20,1.7784383169938243e-23,0.0,0.00014183732361988438,9.37662280616299e-17,1.6630523589367217e-16
1.5265566588595902e-14,6.494822391201992e-13,9.486769009258025e-20,1.8197973476214757e-23,0.0,0.00014184138359456226,2.384056518872803e-16,1.6984691720022926e-16
1.5765166949677223e-14,6.501218445583401e-13,5.082197683535663e-20,1.985233470136896e-23,0.0,0.00014184543741024998,1.2757192084770147e-16,1.8493305971852917e-16
1.4710455076283324e-14,6.507615881834183e-13,7.453889935847704e-20,2.233387653900397e-23,0.0,0.00014184948508149203,1.8689272674132598e-16,2.0765203996378646e-16
1.504352198367087e-14,6.514014699145769e-13,4.065758146840363e-20,1.7370792863637655e-23,0.0,0.00014185352662116296,1.0182570181232807e-16,1.6119874413282105e-16
1.2823075934420558e-14,6.52041489685745e-13,5.421010862447244e-20,8.271806125554351e-24,0.0,0.00014185756204531134,1.356135723667174e-16,7.661487124621454e-17
1.3378187446733136e-14,6.526816474039162e-13,6.098637220270405e-20,1.3234889800968813e-23,0.0,0.00014186159136407751,1.523923782115529e-16,1.2235016777950187e-16
1.2434497875801753e-14,6.533219430134112e-13,4.404571325722362e-20,2.5642598989143858e-23,0.0,0.00014186561459567388,1.0993657947810075e-16,2.3660209343907423e-16
1.3822276656583199e-14,6.539623764044216e-13,3.3881317890467836e-20,1.1994118882018901e-23,0.0,0.0001418696317465083,8.447098376872765e-17,1.1045820568417291e-16
1.459943277382081e-14,6.546029475528042e-13,6.098637220280266e-20,1.819797347623883e-23,0.0,0.0001418736428415366,1.5187605140281583e-16,1.6727326893713204e-16
1.404432126150823e-14,6.552436563588319e-13,4.404571325751944e-20,1.3648480107173105e-23,0.0,0.0001418776478892606,1.0956451986853468e-16,1.2521676399114194e-16
1.2378986724570495e-14,6.558845027514706e-13,5.421010862427522e-20,1.819797347616661e-23,0.0,0.00014188164690436225,1.3469668863678695e-16,1.666390059901939e-16
1.3766765505351941e-14,6.565254866524484e-13,2.7105054312729257e-20,1.9025154088767785e-23,0.0,0.00014188563989991034,6.727253990978412e-17,1.738833741527157e-16
1.2378986724570495e-14,6.57166607913183e-13,7.115076756936123e-20,2.3988237764061877e-23,0.0,0.00014188962687374938,1.763918785400679e-16,2.188291836582919e-16
1.1046719095020308e-14,6.578078666052255e-13,2.710505431223622e-20,1.902515408879186e-23,0.0,0.00014189360787122222,6.712144234988478e-17,1.7322592061701942e-16
1.3877787807814457e-14,6.58449262577667e-13,5.421010862437383e-20,1.5302841332303234e-23,0.0,0.00014189758288956565,1.3409229610625047e-16,1.3907060658863035e-16
1.1712852909795402e-14,6.590907957706921e-13,3.7269449679189215e-20,1.4889251025978572e-23,0.0,0.0001419015519456443,9.208515614434291e-17,1.350564970186415e-16
1.099120794378905e-14,6.597324660934144e-13,3.726944967938643e-20,1.57164316385316e-23,0.0,0.000141905515049583,9.198209016517718e-17,1.422907629410357e-16
1.2545520178264269e-14,6.60374273473042e-13,5.082197683575106e-20,1.2407709188295415e-23,0.0,0.000141909472215362,1.2528989298797883e-16,1.1212314497260613e-16
1.2712053631958042e-14,6.610162178409706e-13,5.421010862466965e-20,1.2821299494644151e-23,0.0,0.00014191342345781313,1.3349330828848015e-16,1.1564247741889473e-16
9.547918011776346e-15,6.616582991228056e-13,3.049318610154924e-20,1.8197973476190683e-23,0.0,0.00014191736879047676,7.500622350104969e-17,1.6382901392392847e-16
1.0602629885170245e-14,6.623005172368629e-13,2.0328790734201816e-20,1.0339757656912846e-23,0.0,0.00014192130822528567,4.9948431953514077e-17,9.290976594871375e-17
8.43769498715119e-15,6.629428721147451e-13,9.147955830376026e-20,9.926167350708554e-24,0.0,0.00014192524177697777,2.2451777573108306e-16,8.902594308920616e-17
9.325873406851315e-15,6.635853636798862e-13,8.470329472582446e-20,1.9025154088719637e-23,0.0,0.00014192916945849395,2.0765570783171733e-16,1.7031304854563167e-16
9.992007221626409e-15,6.642279918563924e-13,4.7433845046438034e-20,1.9852334701272664e-23,0.0,0.00014193309128287583,1.161580560594096e-16,1.7738497959614098e-16
1.1546319456101628e-14,6.648707565717303e-13,3.049318610135203e-20,1.488925102602672e-23,0.0,0.0001419370072638388,7.459020161757104e-17,1.3278969771834604e-16
1.0158540675320182e-14,6.655136577549693e-13,2.710505431223622e-20,1.7784383169962317e-23,0.0,0.00014194091741539386,6.622893417205783e-17,1.583132901176843e-16
8.93729534823251e-15,6.661566953278373e-13,6.098637220270405e-20,2.1093105620198502e-23,0.0,0.00014194482174994087,1.4885016681259853e-16,1.874160982219557e-16
1.0436096431476471e-14,6.667998692135099e-13,2.0328790734300423e-20,1.7370792863733952e-23,0.0,0.00014194872028014676,4.9561865598270097e-17,1.5405456120417835e-16
1.1268763699945339e-14,6.674431793403326e-13,5.421010862427522e-20,1.819797347623883e-23,0.0,0.00014195261301973554,1.3201901388551758e-16,1.6108950928958393e-16
9.769962616701378e-15,6.680866256305504e-13,6.776263578063985e-20,7.858215819277837e-24,0.0,0.00014195649998108924,1.6484171898952417e-16,6.943177195610887e-17
1.0047518372857667e-14,6.687302080182992e-13,6.098637220270405e-20,1.3234889800872517e-23,0.0,0.0001419603811790727,1.4819406500056382e-16,1.1672004475849996e-16
9.992007221626409e-15,6.693739264167766e-13,5.0821976835553843e-20,2.0265925007573252e-23,0.0,0.00014196425662406023,1.2335911929707307e-16,1.7839518071344578e-16
8.604228440844963e-15,6.700177807657535e-13,6.098637220260545e-20,1.9438744395068373e-23,0.0,0.00014196812633202236,1.4786818036933707e-16,1.7079581170996234e-16
9.103828801926284e-15,6.70661770978376e-13,6.437450399172126e-20,3.14328632770632e-23,0.0,0.00014197199031323952,1.5591165186954165e-16,2.7566778733133863e-16
9.159339953157541e-15,6.713058969887281e-13,6.437450399152404e-20,1.6543612251084628e-23,0.0,0.0001419758485823868,1.557406009698914e-16,1.4481923060079168e-16
8.826273045769994e-15,6.71950158722622e-13,8.470329472552864e-20,9.512577044480189e-24,0.0,0.00014197970115234192,2.0469727018642213e-16,8.311676706234883e-17
1.176836406102666e-14,6.725945560975467e-13,4.404571325742083e-20,2.398823776408595e-23,0.0,0.0001419835480341826,1.0632605835662938e-16,2.0921080271859524e-16
7.438494264988549e-15,6.732390888787377e-13,4.7433845046339427e-20,7.858215819301911e-24,0.0,0.000141987389206841,1.14379775241789e-16,6.84078217065678e-17
7.438494264988549e-15,6.738837573757674e-13,5.759824041358825e-20,9.098986738107379e-24,0.0,0.0001419912247640253,1.387380180115841e-16,7.906269802416486e-17
8.382183835919932e-15,6.74528561298554e-13,4.4045713257322225e-20,1.7784383169890095e-23,0.0,0.0001419950546728676,1.059780190729397e-16,1.5424636352924973e-16
8.049116928532385e-15,6.751735005708935e-13,8.809142651454584e-20,1.4475660719702058e-23,0.0,0.00014199887894560866,2.1172502449580742e-16,1.253178078687713e-16
7.105427357601002e-15,6.758185751127561e-13,6.098637220260545e-20,5.790264287895268e-24,0.0,0.00014200269759364532,1.4641927917083319e-16,5.003475570105475e-17
7.382983113757291e-15,6.764637848536763e-13,3.726944967948504e-20,1.7370792863685804e-23,0.0,0.00014200651063034407,8.938113719050072e-17,1.4982792890921e-16
6.050715484207103e-15,6.771091297251534e-13,6.437450399162265e-20,1.6130021944856262e-23,0.0,0.00014201031806943868,1.5421788318583703e-16,1.3887004114894336e-16
8.770761894538737e-15,6.777546096456582e-13,2.371692252351484e-20,2.895132143942819e-23,0.0,0.00014201411992188737,5.675545847027731e-17,2.487958892564681e-16
9.048317650695026e-15,6.784002245453458e-13,4.0657581468305024e-20,1.6957202557337067e-23,0.0,0.0001420179162010578,9.718960437012332e-17,1.454557690401547e-16
9.048317650695026e-15,6.790459743490978e-13,5.421010862427522e-20,9.512577044359818e-24,0.0,0.00014202170691917008,1.294458209415639e-16,8.144746895672972e-17
8.93729534823251e-15,6.796918591730297e-13,7.115076756955844e-20,1.6543612251108702e-23,0.0,0.00014202549212836315,1.6971387112447763e-16,1.4138819113519956e-16
7.93809462606987e-15,6.803378785623472e-13,8.470329472562725e-20,1.8611563782467197e-23,0.0,0.00014202927176140326,2.0182202353385983e-16,1.5877048703653803e-16
8.215650382226158e-15,6.809840326314081e-13,1.0842021724864905e-19,2.6883369908069696e-23,0.0,0.00014203304587001743,2.580533708644556e-16,2.289156374099549e-16
6.328271240363392e-15,6.816303213106258e-13,4.7433845046438034e-20,1.2407709188391712e-23,0.0,0.00014203681446741596,1.127766296178568e-16,1.0546028064287506e-16
8.43769498715119e-15,6.82276744524882e-13,4.0657581468206416e-20,1.778438316991417e-23,0.0,0.0001420405775656139,9.65615759315265e-17,1.5088372911237513e-16
1.1546319456101628e-14,6.8292330219911e-13,8.131516293661005e-20,1.158052857581461e-23,0.0,0.00014204433517659663,1.9291538710929953e-16,9.807063577603843e-17
6.716849298982197e-15,6.835699942573126e-13,6.098637220240823e-20,2.1920286232703382e-23,0.0,0.00014204808731211683,1.4453105201169383e-16,1.8529536400759725e-16
7.993605777301127e-15,6.842168206321781e-13,4.404571325751944e-20,1.0339757656985068e-23,0.0,0.000142051833985691,1.0427148178568828e-16,8.724431450405757e-17
7.716050021144838e-15,6.848637815115796e-13,2.371692252312041e-20,1.323488980089659e-23,0.0,0.00014205557526372154,5.608597430707941e-17,1.1146955366069446e-16
6.8833827526759706e-15,6.85510876280457e-13,7.792703114769145e-20,1.1166938269538096e-23,0.0,0.00014205931104597813,1.8408508433583266e-16,9.388147846217832e-17
7.716050021144838e-15,6.861581051467426e-13,8.131516293700448e-20,1.4475660719750207e-23,0.0,0.00014206304140299542,1.9188323952411654e-16,1.2147720359338775e-16
5.995204332975845e-15,6.868054683826822e-13,4.0657581468305024e-20,1.9438744395020224e-23,0.0,0.00014206676641835735,9.583906762148802e-17,1.6283055250327902e-16
