3.5615809448063374,0.0011434629559516907,0.1286199688911438,0.0
14.364130591973662,0.0011434629559516907,0.1286199688911438,7.624543588608503
14.78639086149633,0.0021180007606744766,0.2775880601257086,7.624543588608503
18.753573732450604,0.0021180007606744766,0.2775880601257086,10.911115212365985
18.843850001692772,0.0029987189918756485,0.33695673011243343,10.911115212365985
23.99036510102451,0.0029987189918756485,0.33695673011243343,14.16058205254376
24.411958176642656,0.0041870176792144775,0.5974694397300482,14.16058205254376
28.611229380592704,0.0041870176792144775,0.5974694397300482,17.45507306419313
32.174434915184975,0.008453616872429848,0.6527193170040846,17.45507306419313
37.11937166377902,0.008453616872429848,0.6527193170040846,20.307150460779667
37.34193278476596,0.02885102853178978,0.8176566548645496,20.307150460779667
41.96054522320628,0.02885102853178978,0.8176566548645496,24.345613015815616
41.97204781882465,0.029869168996810913,0.8234201930463314,24.345613015815616
49.29951050132513,0.029869168996810913,0.8234201930463314,30.0641120839864
49.434696700423956,0.03077271580696106,0.8655594848096371,30.0641120839864
51.72512545622885,0.03077271580696106,0.8655594848096371,31.436129508540034
55.95330357179046,0.03556636534631252,1.1142702456563711,31.436129508540034
61.19945177435875,0.03556636534631252,1.1142702456563711,34.16749336011708
61.58684386871755,0.03663335554301739,1.324295436963439,34.16749336011708
69.68747550807893,0.03663335554301739,1.324295436963439,41.08738990500569
70.01029797457159,0.03757646307349205,1.496298909187317,41.08738990500569
74.22117822803557,0.03757646307349205,1.496298909187317,44.095587434247136
74.59638105332851,0.038523001596331596,1.654048252850771,44.095587434247136
82.60355063341558,0.038523001596331596,1.654048252850771,50.31341258995235
89.44662240892649,0.04278384521603584,1.9305632505565882,50.31341258995235
96.95898318849504,0.04278384521603584,1.9305632505565882,56.199341209605336
97.17572267726064,0.06278469040989876,2.1219868045300245,56.199341209605336
105.22412515617907,0.06278469040989876,2.1219868045300245,62.36472575366497
105.44160689972341,0.06383546069264412,2.218407290056348,62.36472575366497
113.8636010941118,0.06383546069264412,2.218407290056348,68.587152807042
114.01565073244274,0.0648702010512352,2.224633676931262,68.587152807042
121.00343575701118,0.0648702010512352,2.224633676931262,74.91870392300189
125.15691080130637,0.06900537759065628,2.3381395526230335,74.91870392300189
136.42071399465203,0.06900537759065628,2.3381395526230335,83.73109396733344
136.60145652107894,0.06980730220675468,2.503860315307975,83.73109396733344
146.21651079691947,0.06980730220675468,2.503860315307975,89.68026501871645
146.57970780692995,0.07078572921454906,2.7921037822961807,89.68026501871645
152.97721807658672,0.07078572921454906,2.7921037822961807,95.12381242215633
153.36039926111698,0.07169357873499393,2.856849854812026,95.12381242215633
162.37477893568575,0.07169357873499393,2.856849854812026,102.25410373322666
166.26034612208605,0.0758790671825409,3.0559759847819805,102.25410373322666
174.81018827669322,0.0758790671825409,3.0559759847819805,108.896134538576
175.12339860200882,0.12477821111679077,3.311676135286689,108.896134538576
180.23462043330073,0.12477821111679077,3.311676135286689,112.4043385386467
180.51418762654066,0.12563798762857914,3.457559337839484,112.4043385386467
189.6064997483045,0.12563798762857914,3.457559337839484,119.22309383191168
189.91010065376759,0.12654208578169346,3.702379461377859,119.22309383191168
196.50777664780617,0.12654208578169346,3.702379461377859,124.964579584077
200.25860054045916,0.13074763491749763,3.8614604212343693,124.964579584077
212.02582186460495,0.13074763491749763,3.8614604212343693,133.454036206007
212.23678808659315,0.13173113204538822,3.961418002843857,133.454036206007
219.9376880209893,0.13173113204538822,3.961418002843857,140.04482034035027
220.3373146932572,0.13308972865343094,4.072683895006776,140.04482034035027
229.36036797612906,0.13308972865343094,4.072683895006776,147.0786590706557
229.70533703640103,0.13406908512115479,4.2627890445292,147.0786590706557
239.75691870041192,0.13406908512115479,4.2627890445292,155.31867870874703
244.29211432859302,0.13856199756264687,4.275214169174433,155.31867870874703
255.04363455809653,0.13856199756264687,4.275214169174433,164.07784354873002
255.2358625177294,0.13957563415169716,4.426804296672344,164.07784354873002
264.61196915991604,0.13957563415169716,4.426804296672344,170.93854540586472
264.77248958684504,0.1403953991830349,4.574701784178615,170.93854540586472
273.5245282612741,0.1403953991830349,4.574701784178615,177.4795109666884
273.74862450920045,0.14130591601133347,4.752768078818917,177.4795109666884
283.81181757710874,0.14130591601133347,4.752768078818917,185.51478496938944
286.7311052326113,0.1453723330050707,4.894314980134368,185.51478496938944
298.8299270197749,0.1453723330050707,4.894314980134368,195.45969275198877
299.0264708213508,0.14711935445666313,5.053623002022505,195.45969275198877
308.49274205975235,0.14711935445666313,5.053623002022505,202.8819802645594
308.70754645206034,0.14802085235714912,5.203244145959616,202.8819802645594
320.25004660896957,0.14802085235714912,5.203244145959616,212.89323415979743
320.4360418934375,0.14903097227215767,5.251116229221225,212.89323415979743
327.63434649817646,0.14903097227215767,5.251116229221225,218.42900149337947
330.1628540083766,0.15320432372391224,5.32306076772511,218.42900149337947
335.44727146439254,0.15320432372391224,5.32306076772511,221.70884634368122
335.55306312441826,0.1540849804878235,5.395041508600116,221.70884634368122
339.7236651740968,0.1540849804878235,5.395041508600116,225.09439619258046
340.13713653571904,0.1555824875831604,5.61456885933876,225.09439619258046
348.82096528075635,0.1555824875831604,5.61456885933876,231.47813897579908
348.97342390567064,0.15652845613658428,5.745832808315754,231.47813897579908
360.51203869841993,0.15652845613658428,5.745832808315754,240.92369632422924
364.84437973611057,0.16073071770370007,6.143384613096714,240.92369632422924
375.35931881703436,0.16073071770370007,6.143384613096714,248.64913172088563
375.6949942521751,0.16166627407073975,6.331904862076044,248.64913172088563
384.4060704447329,0.16166627407073975,6.331904862076044,255.02986054494977
384.4622413162142,0.162544758990407,6.341684766113758,255.02986054494977
396.5206967405975,0.162544758990407,6.341684766113758,264.74468996189535
396.7377746962011,0.1634257659316063,6.488928472623229,264.74468996189535
409.28337915986776,0.1634257659316063,6.488928472623229,274.089842248708
412.0827998649329,0.1673820409923792,6.650168053805828,274.089842248708
424.42581903375685,0.1673820409923792,6.650168053805828,283.482931420207
424.9268463868648,0.16841277107596397,6.922147696837783,283.482931420207
437.68265348672867,0.16841277107596397,6.922147696837783,293.9906424432993
437.87497758865356,0.16934874653816223,7.052526919171214,293.9906424432993
450.0457230396569,0.16934874653816223,7.052526919171214,303.7144112251699
450.4331869762391,0.17020740173757076,7.178914375603199,303.7144112251699
461.2232269551605,0.17020740173757076,7.178914375603199,312.34600649401546
464.5089304409921,0.17416665703058243,7.308013804256916,312.34600649401546
476.480875980109,0.17416665703058243,7.308013804256916,322.00016252323985
476.72650551982224,0.17505898512899876,7.458694364875555,322.00016252323985
486.63025233335793,0.17505898512899876,7.458694364875555,329.2186735961586
486.88554232008755,0.1764186006039381,7.468201084062457,329.2186735961586
499.97921901382506,0.1764186006039381,7.468201084062457,338.96123460680246
500.268692323938,0.17732475884258747,7.679425930604339,338.96123460680246
506.8309224639088,0.17732475884258747,7.679425930604339,344.25515191443264
511.29478509165347,0.19549625925719738,7.799411138519645,344.25515191443264
517.4602433498949,0.19549625925719738,7.799411138519645,349.049119213596
517.6258599720895,0.19632764719426632,7.87668058462441,349.049119213596
525.9203827492893,0.19632764719426632,7.87668058462441,355.4196808859706
526.087747072801,0.19723529554903507,8.007085457444191,355.4196808859706
533.5200131759048,0.19723529554903507,8.007085457444191,361.76352314837277
533.6290235314518,0.1982098240405321,8.028025660663843,361.76352314837277
539.9308061935008,0.1982098240405321,8.028025660663843,367.1358345374465
544.5351515226066,0.20235066674649715,8.044221682474017,367.1358345374465
550.4299179203808,0.20235066674649715,8.044221682474017,371.50244843028486
550.5544556546956,0.2032163292169571,8.067310543730855,371.50244843028486
558.3822816237807,0.2032163292169571,8.067310543730855,377.85114001482725
558.4735329672694,0.2040225937962532,8.097197648137808,377.85114001482725
561.1433016210794,0.2040225937962532,8.097197648137808,379.7115247733891
561.3609335627407,0.21830042079091072,8.11150649189949,379.7115247733891
569.3469295687973,0.21830042079091072,8.11150649189949,386.32921872474253
573.2616917286068,0.22233593463897705,8.176912490278482,386.32921872474253
583.2309186682105,0.22233593463897705,8.176912490278482,392.65944827720523
583.4823794439435,0.2232665903866291,8.336383607238531,392.65944827720523
592.5031318627298,0.2232665903866291,8.336383607238531,399.69752476736903
592.7821925040334,0.22459577396512032,8.447546580806375,399.69752476736903
602.1268183831125,0.22459577396512032,8.447546580806375,407.0680908448994
602.2691152561456,0.2255213800817728,8.551521625369787,407.0680908448994
609.5565298385918,0.2255213800817728,8.551521625369787,413.42209924571216
612.876841019839,0.2519585434347391,8.557130206376314,413.42209924571216
622.5169610083103,0.2519585434347391,8.557130206376314,420.6156646832824
622.9003164246678,0.268153864890337,8.698063405230641,420.6156646832824
627.9032076839358,0.268153864890337,8.698063405230641,424.4935624394566
628.1408994272351,0.2690680902451277,8.809587361291051,424.4935624394566
636.1999297719449,0.2690680902451277,8.809587361291051,429.99322107993066
636.515637781471,0.27005960792303085,8.873981600627303,429.99322107993066
644.4273600857705,0.27005960792303085,8.873981600627303,436.1037205848843
648.5687394905835,0.2741185910999775,9.074059380218387,436.1037205848843
654.1486153770238,0.2741185910999775,9.074059380218387,439.6201024521142
654.2280650772154,0.2750237174332142,9.079850984737277,439.6201024521142
661.1285276729614,0.2750237174332142,9.079850984737277,445.68415281549096
661.2758164647967,0.2758178934454918,9.198234243318439,445.68415281549096
666.1993402168155,0.2758178934454918,9.198234243318439,449.6639126781374
666.4442394003272,0.2768876738846302,9.337166195735335,449.6639126781374
671.4751515258104,0.2768876738846302,9.337166195735335,452.1122737675905
675.3972870726138,0.280620688572526,9.350128339603543,452.1122737675905
680.0459743663669,0.280620688572526,9.350128339603543,455.69066283479333
680.2803996931762,0.2815183848142624,9.53229465521872,455.69066283479333
686.5866631586105,0.2815183848142624,9.53229465521872,460.3643241338432
687.1709632556885,0.28289675898849964,9.643489602953196,460.3643241338432
690.8599823769182,0.28289675898849964,9.643489602953196,463.4405637383461
691.5533275958151,0.28386324644088745,9.729673037305474,463.4405637383461
698.9024937208742,0.28386324644088745,9.729673037305474,468.5871729925275
702.759947616607,0.32921337336301804,9.899312580004334,468.5871729925275
706.3925661966205,0.32921337336301804,9.899312580004334,471.18509882874787
706.7498694770038,0.33015977032482624,10.107331147417426,471.18509882874787
709.4415948800743,0.33015977032482624,10.107331147417426,472.8762565571815
709.5248485133052,0.3310274537652731,10.180597562342882,472.8762565571815
714.1061702277511,0.3310274537652731,10.180597562342882,475.1981166768819
714.2824762426317,0.33203754387795925,10.236209146678448,475.1981166768819
719.9702942445874,0.33203754387795925,10.236209146678448,479.049935920164
724.1638013571501,0.35144556500017643,10.506381150335073,479.049935920164
733.5043655093759,0.35144556500017643,10.506381150335073,486.95219440199435
733.7013198807836,0.35229924879968166,10.64748596213758,486.95219440199435
742.1355210561305,0.35229924879968166,10.64748596213758,493.2527489680797
742.2897331081331,0.3533618561923504,10.760548245161772,493.2527489680797
749.3851118013263,0.3533618561923504,10.760548245161772,497.4416963290423
749.6383063048124,0.35426219180226326,10.948569709435105,497.4416963290423
755.0852691009641,0.35426219180226326,10.948569709435105,501.82239572145045
760.9418239239603,0.4082688819617033,11.211831148713827,501.82239572145045
769.1543907821178,0.4082688819617033,11.211831148713827,507.09582267329097
769.4229025561363,0.4092826209962368,11.423267301172018,507.09582267329097
773.1009155642241,0.4092826209962368,11.423267301172018,509.7094760444015
773.2725305370986,0.41057966463267803,11.457364149391651,509.7094760444015
778.0952862165868,0.41057966463267803,11.457364149391651,513.1214818134904
778.2383540384471,0.4114410597831011,11.534354073926806,513.1214818134904
786.5945189893246,0.4114410597831011,11.534354073926806,519.2821828536689
791.9123891890049,0.43407611921429634,11.655506012961268,519.2821828536689
800.0949532482773,0.43407611921429634,11.655506012961268,526.7256049662828
800.2469155173749,0.4349136631935835,11.798891616985202,526.7256049662828
810.1238856445998,0.4349136631935835,11.798891616985202,534.9830153360963
810.3475929368287,0.43588140048086643,11.893413992598653,534.9830153360963
815.7669100724161,0.43588140048086643,11.893413992598653,538.2475507650524
816.4486446734518,0.43673731572926044,11.986544322222471,538.2475507650524
821.3550361804664,0.43673731572926044,11.986544322222471,541.9271287489682
825.7415297348052,0.44105159118771553,12.151350637897849,541.9271287489682
832.3255869857967,0.44105159118771553,12.151350637897849,545.8648396749049
832.6810368448496,0.44196722842752934,12.354404157027602,545.8648396749049
840.5704263541847,0.44196722842752934,12.354404157027602,549.9976277071983
840.699833245948,0.44297005608677864,12.385700887069106,549.9976277071983
845.5122047606856,0.44297005608677864,12.385700887069106,553.8078084606677
845.9027724731714,0.4440029039978981,12.540711114183068,553.8078084606677
852.2757658120245,0.4440029039978981,12.540711114183068,558.9329722449183
856.7841451000422,0.4481606241315603,12.706281635910273,558.9329722449183
861.1144143920392,0.4481606241315603,12.706281635910273,561.6623405683786
861.451773090288,0.44917249120771885,12.933852355927229,561.6623405683786
868.692485217005,0.44917249120771885,12.933852355927229,566.800829468295
868.7393047213554,0.4504483062773943,12.948221877217293,566.800829468295
878.5166098214686,0.4504483062773943,12.948221877217293,573.5112285725772
878.778221424669,0.4512934535741806,12.971048252657056,573.5112285725772
884.4060691893101,0.4512934535741806,12.971048252657056,577.1384683344513
890.5813303496689,0.4553021490573883,13.131104737520218,577.1384683344513
898.5544165484607,0.4553021490573883,13.131104737520218,582.6803934145719
899.0583474002779,0.4561917670071125,13.156456859782338,582.6803934145719
904.5524497088045,0.4561917670071125,13.156456859782338,587.0537144653499
904.8860407099128,0.457024771720171,13.264118621125817,587.0537144653499
911.3497814182192,0.457024771720171,13.264118621125817,590.0496025569737
911.8151510730386,0.45798590779304504,13.47178403660655,590.0496025569737
915.7797807529569,0.45798590779304504,13.47178403660655,592.728937137872
921.9940981399268,0.5090897511690855,13.664808917790651,592.728937137872
926.1649098563939,0.5090897511690855,13.664808917790651,596.306482501328
926.649223908782,0.5099624563008547,13.930136797949672,596.306482501328
937.6627197768539,0.5099624563008547,13.930136797949672,603.6676608715206
938.0309268068522,0.5108964145183563,14.106830954551697,603.6676608715206
947.9499567225575,0.5108964145183563,14.106830954551697,610.3895847667009
948.2809822168201,0.5126937758177519,14.153983984142542,610.3895847667009
954.0448365528136,0.5126937758177519,14.153983984142542,614.6123546455055
959.2441299967468,0.5427906140685081,14.463978566229343,614.6123546455055
964.9413703773171,0.5427906140685081,14.463978566229343,618.2279015798122
965.2930619902909,0.543812932446599,14.551697077229619,618.2279015798122
969.7331022527069,0.543812932446599,14.551697077229619,620.6395137961954
970.2682796381414,0.5451008044183254,14.59836214222014,620.6395137961954
975.2776444572955,0.5451008044183254,14.59836214222014,622.5424242708832
975.3653565607965,0.5460122916847467,14.620993638411164,622.5424242708832
982.2978970333934,0.5460122916847467,14.620993638411164,628.3889682833105
986.6343741454184,0.5498596783727407,14.839700896292925,628.3889682833105
994.787902828306,0.5498596783727407,14.839700896292925,633.4991593025625
994.9068528749049,0.5507939551025629,14.846581652760506,633.4991593025625
1000.8394463378936,0.5507939551025629,14.846581652760506,636.5855832379311
1001.1669601779431,0.5517767816781998,14.94438387081027,636.5855832379311
1003.5189324244857,0.5517767816781998,14.94438387081027,637.3903027139604
1003.7133108079433,0.5527080669999123,15.046521568670869,637.3903027139604
1011.4933867100626,0.5527080669999123,15.046521568670869,642.2890882603824
1016.4184664357454,0.6634133532643318,15.05428853072226,642.2890882603824
1019.3439484462142,0.6634133532643318,15.05428853072226,643.8976167645305
1019.3620460387319,0.6642381194978952,15.064709624275565,643.8976167645305
1025.0899804811925,0.6642381194978952,15.064709624275565,646.7399495989084
1025.635528774932,0.6652571074664593,15.21000775322318,646.7399495989084
1029.7295482568443,0.6652571074664593,15.21000775322318,650.129183113575
1030.1855411343277,0.6661118641495705,15.450204640626907,650.129183113575
1032.229002021253,0.6661118641495705,15.450204640626907,651.2540927249938
1036.437208518386,0.6708925999701023,15.506998730823398,651.2540927249938
1042.2615670692176,0.6708925999701023,15.506998730823398,653.8925113212317
1042.514907669276,0.6717906072735786,15.598303101956844,653.8925113212317
1048.8568367287517,0.6717906072735786,15.598303101956844,658.8907601125538
1048.8925773408264,0.6729556899517775,15.61787923052907,658.8907601125538
1055.7258817441761,0.6729556899517775,15.61787923052907,664.6231014374644
1055.8314320277423,0.6738239154219627,15.641053205356002,664.6231014374644
1061.8264421522617,0.6738239154219627,15.641053205356002,669.3183026090264
1066.6960257459432,0.6780226025730371,15.875289767980576,669.3183026090264
1070.4640000928193,0.6780226025730371,15.875289767980576,671.667617149651
1070.7991423644125,0.6790479198098183,15.982714682817459,671.667617149651
1075.233346240595,0.6790479198098183,15.982714682817459,674.8763075452298
1075.424892520532,0.6800053771585226,16.10093554854393,674.8763075452298
1080.5019893199205,0.6800053771585226,16.10093554854393,679.1936210170388
1080.593211011961,0.6819096095860004,16.106417290866375,679.1936210170388
1084.5438389647752,0.6819096095860004,16.106417290866375,681.3547416646034
1089.0916285645217,0.686192449182272,16.31380846351385,681.3547416646034
1095.2619330938905,0.686192449182272,16.31380846351385,685.0554724503309
1095.374111700803,0.6871150471270084,16.318654112517834,685.0554724503309
1103.5158818103373,0.6871150471270084,16.318654112517834,689.1325810011476
1103.8115690443665,0.6881010737270117,16.52586305141449,689.1325810011476
1107.2067694328725,0.6881010737270117,16.52586305141449,691.3682289160788
1107.4704900290817,0.6890035010874271,16.724212359637022,691.3682289160788
1117.4266396742314,0.6890035010874271,16.724212359637022,699.024959763512
1122.5168346464634,0.6929156258702278,17.090682234615088,699.024959763512
1132.3323808312416,0.6929156258702278,17.090682234615088,706.3243934065104
1132.692608512938,0.6937880143523216,17.149350771680474,706.3243934065104
1142.8008059933782,0.6937880143523216,17.149350771680474,714.2174857016653
1143.0553551074117,0.6951013691723347,17.164357766509056,714.2174857016653
1149.0570585746318,0.6951013691723347,17.164357766509056,718.3212490584701
1149.401176692918,0.6961270701140165,17.27397982031107,718.3212490584701
1160.0386841278523,0.6961270701140165,17.27397982031107,725.5559307970107
1164.6595895271748,0.7001784946769476,17.282652739435434,725.5559307970107
1172.9554914608598,0.7001784946769476,17.282652739435434,730.7568320892751
1173.0833142362535,0.7010400407016277,17.30078083090484,730.7568320892751
1183.3122070301324,0.7010400407016277,17.30078083090484,737.3665746282786
1183.6139253936708,0.7019233088940382,17.492174169048667,737.3665746282786
1190.4945639688522,0.7019233088940382,17.492174169048667,742.3364435639232
1191.123766971752,0.7028860971331596,17.588505510240793,742.3364435639232
1200.8687773849815,0.7028860971331596,17.588505510240793,748.2372953202575
1205.0291846208274,0.7076553963124752,17.979597920551896,748.2372953202575
1212.407164208591,0.7076553963124752,17.979597920551896,752.4531161226332
1212.9673729706556,0.7086709178984165,18.33762559108436,752.4531161226332
1222.269150732085,0.7086709178984165,18.33762559108436,759.145251037553
1222.8284774180502,0.7096858657896519,18.701036075130105,759.145251037553
1231.9107129573822,0.7096858657896519,18.701036075130105,765.0108776278794
1232.3954003229737,0.7197465822100639,19.088050363585353,765.0108776278794
1244.404884532094,0.7197465822100639,19.088050363585353,774.0723306052387
1255.5498950425535,0.7240602690726519,19.332733837887645,774.0723306052387
1262.4249684885144,0.7240602690726519,19.332733837887645,778.6897234767675
1262.5994237605482,0.7250784169882536,19.380939155817032,778.6897234767675
1272.3037509396672,0.7250784169882536,19.380939155817032,784.3629175573587
1272.623342294246,0.726082457229495,19.62864565476775,784.3629175573587
1284.0224475450814,0.726082457229495,19.62864565476775,792.2465947363526
1284.2682988718152,0.7270090654492378,19.866303542628884,792.2465947363526
1294.7770438361913,0.7270090654492378,19.866303542628884,799.8491576183587
1300.5759611334652,0.7312508635222912,20.353791180998087,799.8491576183587
1314.326311532408,0.7312508635222912,20.353791180998087,809.6622843760997
1314.818275846541,0.7323841545730829,20.762177117168903,809.6622843760997
1323.9987208265811,0.7323841545730829,20.762177117168903,816.8515146560967
1324.26115100272,0.7333262637257576,20.972416650503874,816.8515146560967
1335.8727415967733,0.7333262637257576,20.972416650503874,825.2004855386913
1336.2726908456534,0.7342274002730846,21.265747256577015,825.2004855386913
1347.3287723120302,0.7342274002730846,21.265747256577015,831.9822606258094
1353.105677794665,0.7384528890252113,21.593151800334454,831.9822606258094
1364.4709516372532,0.7384528890252113,21.593151800334454,839.5202227588743
1365.0160018652678,0.739400478079915,21.91058729402721,839.5202227588743
1378.8379460200667,0.739400478079915,21.91058729402721,848.7273200377822
1379.0357315856963,0.7404328566044569,21.94615544937551,848.7273200377822
1388.6635457407683,0.7404328566044569,21.94615544937551,855.6933256853372
1389.3778384663165,0.7415547780692577,22.2961131837219,855.6933256853372
1397.228628417477,0.7415547780692577,22.2961131837219,861.4105184245855
1402.8264936264604,0.74586664699018,22.626373967155814,861.4105184245855
1413.2684008721262,0.74586664699018,22.626373967155814,869.0477987602353
1414.2076598741114,0.7469214852899313,23.067001067101955,869.0477987602353
1427.4501975085586,0.7469214852899313,23.067001067101955,878.4524922855198
1427.974543094635,0.7479821238666773,23.505800465121865,878.4524922855198
1438.8850495889783,0.7479821238666773,23.505800465121865,887.0130406729877
1439.4263151008636,0.7489498611539602,23.792081080377102,887.0130406729877
1451.4670290574431,0.7489498611539602,23.792081080377102,895.2552891783416
1458.3948835711926,0.8149669300764799,23.946836488321424,895.2552891783416
1468.2214899882674,0.8149669300764799,23.946836488321424,902.1240666620433
1468.679469725117,0.8160033877938986,24.229122821241617,902.1240666620433
1481.5792488828301,0.8160033877938986,24.229122821241617,909.3971606604755
1482.319358471781,0.8170271292328835,24.870731780305505,909.3971606604755
1494.6779530607164,0.8170271292328835,24.870731780305505,918.1975720711052
1495.2287246249616,0.8181393817067146,25.270607568323612,918.1975720711052
1507.3958620131016,0.8181393817067146,25.270607568323612,927.4876645896584
1513.180345889181,0.822433901950717,25.64539566449821,927.4876645896584
1523.372506801039,0.822433901950717,25.64539566449821,933.6949870660901
1523.699408043176,0.8235217332839966,25.881521709263325,933.6949870660901
1535.1227096188813,0.8235217332839966,25.881521709263325,941.8205271419138
1535.5682848133147,0.8244533408433199,26.293694987893105,941.8205271419138
1547.5111236777157,0.8244533408433199,26.293694987893105,949.695273751393
1548.246656164527,0.8254362493753433,26.83537184074521,949.695273751393
1558.8814418204129,0.8254362493753433,26.83537184074521,957.0438401270658
1566.24893652834,0.8299150336533785,27.21565292030573,957.0438401270658
1577.3024170529097,0.8299150336533785,27.21565292030573,964.9738610200584
1577.4202527422458,0.8309404123574495,27.2250732537359,964.9738610200584
1587.2460667397827,0.8309404123574495,27.2250732537359,971.4034420251846
1587.8906790688634,0.8321171440184116,27.654989833012223,971.4034420251846
1599.0026662293822,0.8321171440184116,27.654989833012223,979.9274665508419
1599.321324352175,0.8330775294452906,27.91768318042159,979.9274665508419
1612.353114400059,0.8330775294452906,27.91768318042159,988.730965770781
1619.2806019354612,0.8373672403395176,28.13722988218069,988.730965770781
1628.013905595988,0.8373672403395176,28.13722988218069,993.5749970357865
1628.072026623413,0.8383857198059559,28.146951843053102,993.5749970357865
1642.6115420088172,0.8383857198059559,28.146951843053102,1003.3901951164007
1642.8935520648956,0.8393273465335369,28.419934064149857,1003.3901951164007
1652.763747556135,0.8393273465335369,28.419934064149857,1010.2294442448765
1653.011422008276,0.8403887562453747,28.433845221996307,1010.2294442448765
1662.5053425449878,0.8403887562453747,28.433845221996307,1016.9599039088935
1668.7479989733547,0.8447255380451679,28.782782239839435,1016.9599039088935
1676.3589337281883,0.8447255380451679,28.782782239839435,1021.5273663252592
1676.976887382567,0.8458063881844282,29.17939723841846,1021.5273663252592
1684.7883582692593,0.8458063881844282,29.17939723841846,1027.0950677301735
1685.4737569727004,0.8469128590077162,29.487855875864625,1027.0950677301735
1693.3538024071604,0.8469128590077162,29.487855875864625,1031.4087237529457
1693.7392420414835,0.8480455484241247,29.640880087390542,1031.4087237529457
1700.7630508765578,0.8480455484241247,29.640880087390542,1035.7260026335716
1708.251390548423,0.9677564054727554,29.841939840465784,1035.7260026335716
1717.1140796486288,0.9677564054727554,29.841939840465784,1042.1040638107806
1717.2971568387002,0.9688195250928402,29.927668638527393,1042.1040638107806
1726.346907172352,0.9688195250928402,29.927668638527393,1049.4122629072517
1726.4205690659583,0.969780582934618,29.94554302841425,1049.4122629072517
1733.0453777890652,0.969780582934618,29.94554302841425,1054.2678392585367
1733.3763904757798,0.970759354531765,30.258098803460598,1054.2678392585367
1739.8853441812098,0.970759354531765,30.258098803460598,1058.9243793264031
1746.597576264292,1.1620308924466372,30.681703854352236,1058.9243793264031
1751.7798145450652,1.1620308924466372,30.681703854352236,1063.2865597140044
1752.9282522480935,1.1630703788250685,31.43277440033853,1063.2865597140044
1762.5346387773752,1.1630703788250685,31.43277440033853,1071.480899643153
1762.9371016006917,1.1641022395342588,31.591705424711108,1071.480899643153
1769.0849527399987,1.1641022395342588,31.591705424711108,1073.6108355335891
1769.4273134004325,1.165051106363535,31.900648817420006,1073.6108355335891
1776.4679014720023,1.165051106363535,31.900648817420006,1078.4575680457056
1782.722110465169,1.223088201135397,32.43547632172704,1078.4575680457056
1791.242599496618,1.223088201135397,32.43547632172704,1084.7348256893456
1791.7369001004845,1.2241114489734173,32.65682120062411,1084.7348256893456
1799.3233326207846,1.2241114489734173,32.65682120062411,1089.5118518024683
1799.5130269844085,1.2252181489020586,32.740086391568184,1089.5118518024683
1807.8861458133906,1.2252181489020586,32.740086391568184,1094.5468451101333
1808.22970270738,1.2262267768383026,32.9317978117615,1094.5468451101333
1813.4192831050605,1.2262267768383026,32.9317978117615,1097.2427606657147
1819.6969869304448,1.2494970466941595,33.20303744636476,1097.2427606657147
1825.7748477086425,1.2494970466941595,33.20303744636476,1101.0183904673904
1826.5316653680056,1.2506051268428564,33.62942369654775,1101.0183904673904
1834.581083258614,1.2506051268428564,33.62942369654775,1105.5886693205684
1835.0924673322588,1.2517186272889376,33.685466865077615,1105.5886693205684
1843.0184714812785,1.2517186272889376,33.685466865077615,1111.347427468747
1843.4515755865723,1.2528602685779333,33.872349029406905,1111.347427468747
1848.7163661159575,1.2528602685779333,33.872349029406905,1113.3547069393098
1855.3591170217842,1.2762759421020746,34.02661177702248,1113.3547069393098
1859.8654698487371,1.2762759421020746,34.02661177702248,1116.7641367409378
1860.2403040528297,1.277357991784811,34.33471273444593,1116.7641367409378
1874.3705556411296,1.277357991784811,34.33471273444593,1126.6918721236289
1874.5961333010346,1.2785019725561142,34.48971390724182,1126.6918721236289
1886.0713579747826,1.2785019725561142,34.48971390724182,1134.1991309393197
1886.9377394206822,1.2802412249147892,35.067750887945294,1134.1991309393197
1895.7371993809938,1.2802412249147892,35.067750887945294,1139.8407486062497
1904.4256238210946,1.284670503810048,35.60462678782642,1139.8407486062497
1916.5646910145879,1.284670503810048,35.60462678782642,1148.3171790465713
1917.027629494667,1.2858274057507515,35.90757689066231,1148.3171790465713
1925.9160250481218,1.2858274057507515,35.90757689066231,1155.6055848244578
1926.3744859062135,1.2868023235350847,36.22598043270409,1155.6055848244578
1936.0384312774986,1.2868023235350847,36.22598043270409,1161.6445996910334
1936.896372769028,1.2878130115568638,36.840307239443064,1161.6445996910334
1948.8958144206554,1.2878130115568638,36.840307239443064,1169.3183689564466
1954.980129910633,1.2921497467905283,37.38360685110092,1169.3183689564466
1966.988846104592,1.2921497467905283,37.38360685110092,1179.4860974419862
1967.3446792010218,1.2931396961212158,37.67087368667126,1179.4860974419862
1977.7311789505184,1.2931396961212158,37.67087368667126,1187.3421145882457
1977.9928439799696,1.294095104560256,37.90563158877194,1187.3421145882457
1989.6157509163022,1.294095104560256,37.90563158877194,1195.0205771699548
1989.9417902398854,1.2952135242521763,38.10912176221609,1195.0205771699548
2002.4007199779153,1.2952135242521763,38.10912176221609,1203.9135608989745
2009.2978257965297,1.2994116451591253,38.28026398271322,1203.9135608989745
2020.1141787841916,1.2994116451591253,38.28026398271322,1211.4658438414335
2020.7089423742145,1.3004506845027208,38.751285437494516,1211.4658438414335
2032.3180581331253,1.3004506845027208,38.751285437494516,1219.684905314818
2032.7316522821784,1.3016090039163828,38.81757448799908,1219.684905314818
2038.2287472840399,1.3016090039163828,38.81757448799908,1223.0231452323496
2038.460265347734,1.3024778310209513,38.89967570267618,1223.0231452323496
2044.4044545926154,1.3024778310209513,38.89967570267618,1226.5308172311634
2052.099048504606,1.306704429909587,39.43442127108574,1226.5308172311634
2060.8110958486795,1.306704429909587,39.43442127108574,1231.1105522271246
2061.32791499421,1.307708017528057,39.85122016072273,1231.1105522271246
2071.401988187805,1.307708017528057,39.85122016072273,1236.6954053994268
2071.99252227135,1.3087260574102402,40.24017585627735,1236.6954053994268
2078.2029982414097,1.3087260574102402,40.24017585627735,1238.634668700397
2078.4768218286335,1.3097338657826185,40.34655618108809,1238.634668700397
2084.4595951568335,1.3097338657826185,40.34655618108809,1243.3134340737015
2091.890912488103,1.37723308801651,40.67551855184138,1243.3134340737015
2101.6541656069458,1.37723308801651,40.67551855184138,1250.2340920940042
2102.133424786851,1.3782005459070206,40.99676987156272,1250.2340920940042
2114.2536081727594,1.3782005459070206,40.99676987156272,1259.4000877905637
2114.9862754046917,1.3791510816663504,41.31640467979014,1259.4000877905637
2121.1471516229212,1.3791510816663504,41.31640467979014,1262.7867779340595
2121.959559522569,1.3803063239902258,41.79685064218938,1262.7867779340595
2131.2363843359053,1.3803063239902258,41.79685064218938,1269.1639120951295
2139.2355215046555,1.3844382725656033,42.04140669666231,1269.1639120951295
2145.086322989315,1.3844382725656033,42.04140669666231,1271.733590548858
2145.566051227972,1.385548371821642,42.326944993808866,1271.733590548858
2155.7714027222246,1.385548371821642,42.326944993808866,1278.1401377357543
2156.291147504002,1.3866165820509195,42.437707990407944,1278.1401377357543
2165.0943217817694,1.3866165820509195,42.437707990407944,1285.5629328321666
2165.2542047277093,1.3876377120614052,42.51569795794785,1285.5629328321666
2171.2202443610877,1.3876377120614052,42.51569795794785,1289.874499157071
2178.6117969825864,1.3917933907359838,43.11334024555981,1289.874499157071
2185.7356203608215,1.3917933907359838,43.11334024555981,1293.889996882528
2186.293246809393,1.3927606884390116,43.47896187007427,1293.889996882528
2194.4768524207175,1.3927606884390116,43.47896187007427,1298.9588093608618
2194.8235178347677,1.3955123480409384,43.79404290765524,1298.9588093608618
2200.4582024570554,1.3955123480409384,43.79404290765524,1303.2693066634238
2201.016602119431,1.3966584671288729,44.044445276260376,1303.2693066634238
2208.076243445277,1.3966584671288729,44.044445276260376,1309.2450136877596
2216.4724312964827,1.400984026491642,44.39773432351649,1309.2450136877596
2223.2618552129716,1.400984026491642,44.39773432351649,1314.125482270494
2223.853772645816,1.402117557823658,44.88362340815365,1314.125482270494
2230.6932334247977,1.402117557823658,44.88362340815365,1318.630924558267
2231.373219065368,1.4032396283000708,45.21621579118073,1318.630924558267
2238.268309948966,1.4032396283000708,45.21621579118073,1323.0083314217627
2238.403556648642,1.404304526746273,45.234862454235554,1323.0083314217627
2243.8979065511376,1.404304526746273,45.234862454235554,1327.3333064317703
2251.878188217059,1.4479158949106932,45.89496512711048,1327.3333064317703
2258.0979774072766,1.4479158949106932,45.89496512711048,1331.1183143425733
2258.5011345688254,1.4490434657782316,46.1496972925961,1331.1183143425733
2262.2705141920596,1.4490434657782316,46.1496972925961,1333.2621916178614
2262.508559681475,1.4500479809939861,46.159246968105435,1333.2621916178614
2271.5749421622604,1.4500479809939861,46.159246968105435,1338.7151528988034
2271.9447031244636,1.4510401710867882,46.49409210309386,1338.7151528988034
2276.834835331887,1.4510401710867882,46.49409210309386,1341.8093634024262
2285.0739300772548,1.506755044683814,46.754168190062046,1341.8093634024262
2293.303203050047,1.506755044683814,46.754168190062046,1349.1765254270285
2294.1675177030265,1.5078080352395773,47.378445917740464,1349.1765254270285
2309.7401602286845,1.5078080352395773,47.378445917740464,1360.3769506122917
2310.823952436447,1.5088291224092245,47.837984988465905,1360.3769506122917
2317.306841224432,1.5088291224092245,47.837984988465905,1363.7826164346188
2317.536464916542,1.5098025910556316,47.85309963859618,1363.7826164346188
2323.48815744929,1.5098025910556316,47.85309963859618,1368.4400113113225
2331.034658951685,1.5145571995526552,48.02159793488681,1368.4400113113225
2335.140943745151,1.5145571995526552,48.02159793488681,1371.2975593917072
2335.6150457449257,1.5156679283827543,48.23123342730105,1371.2975593917072
2340.584573628381,1.5156679283827543,48.23123342730105,1374.880980975926
2341.061812248081,1.516756597906351,48.49568981863558,1374.880980975926
2345.9671475421637,1.516756597906351,48.49568981863558,1378.2675245348364
2346.3411563038826,1.5176987554877996,48.50621926598251,1378.2675245348364
2353.594670629129,1.5176987554877996,48.50621926598251,1382.3853616025299
2361.5336953606457,1.5220807287842035,48.84927821531892,1382.3853616025299
2371.223441025242,1.5220807287842035,48.84927821531892,1389.732909668237
2371.8412890527397,1.5231771189719439,49.07551699504256,1389.732909668237
2378.7159523200244,1.5231771189719439,49.07551699504256,1394.25014664419
2379.1240941789,1.5243364591151476,49.25907310470939,1394.25014664419
2385.3339075557888,1.5243364591151476,49.25907310470939,1399.5407211277634
2385.431199112907,1.5253267865628004,49.31777380593121,1399.5407211277634
2394.4441943727434,1.5253267865628004,49.31777380593121,1405.8442098982632
2400.7957207951695,1.5295492000877857,49.72283540479839,1405.8442098982632
2402.3862325027585,1.5295492000877857,49.72283540479839,1406.406031878665
2403.0824936088175,1.530657410621643,50.11142545938492,1406.406031878665
2416.5973722711205,1.530657410621643,50.11142545938492,1416.7854540906847
2417.199608253315,1.531787583604455,50.49748162552714,1416.7854540906847
2429.9347940161824,1.531787583604455,50.49748162552714,1426.6361094806343
2430.5514299720526,1.5329081322997808,50.9626189712435,1426.6361094806343
2443.790887815878,1.5329081322997808,50.9626189712435,1436.6682974081486
2452.38303951174,1.5374967865645885,51.16637817211449,1436.6682974081486
2463.526501668617,1.5374967865645885,51.16637817211449,1444.5260585099459
2464.251684922725,1.5385396666824818,51.749658240005374,1444.5260585099459
2472.2576355189085,1.5385396666824818,51.749658240005374,1450.4372877459973
2472.604405388236,1.5394810438156128,51.98185112327337,1450.4372877459973
2488.669470632449,1.5394810438156128,51.98185112327337,1463.2939616609365
2489.0447310414165,1.540609946474433,52.2785321008414,1463.2939616609365
2502.100207692012,1.540609946474433,52.2785321008414,1473.0057163462043
2506.818879429251,1.544741002842784,52.412622010335326,1473.0057163462043
2516.2628342285752,1.544741002842784,52.412622010335326,1480.547472672537
2516.6206545718014,1.545792629942298,52.632265677675605,1480.547472672537
2525.454805020243,1.545792629942298,52.632265677675605,1486.2869949154556
2525.579589309171,1.5468704979866743,52.64944425597787,1486.2869949154556
2537.5689935162663,1.5468704979866743,52.64944425597787,1495.574757071212
2538.607373321429,1.5480549298226833,53.08996821567416,1495.574757071212
2550.479644527659,1.5480549298226833,53.08996821567416,1504.9403467718512
2557.493796028197,1.5521851684898138,53.44650235772133,1504.9403467718512
2570.428277520463,1.5521851684898138,53.44650235772133,1513.7615673299879
2571.0916314162314,1.5532558280974627,53.94771436601877,1513.7615673299879
2580.7010211590677,1.5532558280974627,53.94771436601877,1521.3047950025648
2581.0834814291447,1.554273845627904,54.21945185959339,1521.3047950025648
2593.256727224216,1.554273845627904,54.21945185959339,1530.4439802467823
2593.841238467023,1.5642661284655333,54.68252161704004,1530.4439802467823
2606.581907229498,1.5642661284655333,54.68252161704004,1538.3512704502791
2613.9472785834223,1.568535402417183,55.3203249797225,1538.3512704502791
2627.922305457294,1.568535402417183,55.3203249797225,1549.2188678253442
2628.494578389451,1.5694884080439806,55.80179156549275,1549.2188678253442
2640.486923670396,1.5694884080439806,55.80179156549275,1558.3844621423632
2641.2170419264585,1.5706626679748297,56.36452063173056,1558.3844621423632
2652.9539103079587,1.5706626679748297,56.36452063173056,1566.4344951640815
2653.726505227387,1.5736384503543377,56.840721463784575,1566.4344951640815
2666.5750722028315,1.5736384503543377,56.840721463784575,1573.782691333443
2673.4687805529684,1.5779097247868776,57.62052331119776,1573.782691333443
2687.8665268681943,1.5779097247868776,57.62052331119776,1584.1605713721365
2688.690228132531,1.579039791598916,58.04879302158952,1584.1605713721365
2703.0565267484635,1.579039791598916,58.04879302158952,1595.8761062026024
2703.573374239728,1.5800428707152605,58.462847197428346,1595.8761062026024
2710.9307273365557,1.5800428707152605,58.462847197428346,1601.7896061390638
2711.450405685231,1.5811672285199165,58.80306443013251,1601.7896061390638
2720.4303981363773,1.5811672285199165,58.80306443013251,1608.2135739233345
2728.288242019713,1.5854769628494978,58.98710452020168,1608.2135739233345
2732.7629051841795,1.5854769628494978,58.98710452020168,1609.6899358667433
2733.0318773332983,1.586505612358451,59.0968244317919,1609.6899358667433
2737.0449078734964,1.586505612358451,59.0968244317919,1612.8788897655904
2737.271787032485,1.5875775031745434,59.20419999957085,1612.8788897655904
2743.747175777331,1.5875775031745434,59.20419999957085,1616.7980630863458
2744.452470701188,1.5886968839913607,59.599745970219374,1616.7980630863458
2751.657736092806,1.5886968839913607,59.599745970219374,1622.592620048672
2759.262183994055,1.5938324201852083,60.277243711054325,1622.592620048672
2764.69236590527,1.5938324201852083,60.277243711054325,1626.742105415091
2765.016098808497,1.5949347987771034,60.473742650821805,1626.742105415091
2770.9388993121684,1.5949347987771034,60.473742650821805,1629.4747476391494
2771.9799863882363,1.5959641076624393,61.14259751699865,1629.4747476391494
2785.010110244155,1.5959641076624393,61.14259751699865,1639.9474265947938
2785.3678911644965,1.596985425800085,61.405216339975595,1639.9474265947938
2789.682910364121,1.596985425800085,61.405216339975595,1642.5702817887068
2796.1502530798316,1.601170439273119,61.81887590698898,1642.5702817887068
2805.365800410509,1.601170439273119,61.81887590698898,1648.6161108650267
2806.2088996320963,1.6022757794708014,62.383153358474374,1648.6161108650267
2816.562160016969,1.6022757794708014,62.383153358474374,1654.218181060627
2817.6087833344936,1.6033876910805702,63.08971559070051,1654.218181060627
2821.889854559675,1.6033876910805702,63.08971559070051,1657.1558428294957
2822.4073585644364,1.6042964793741703,63.315993124619126,1657.1558428294957
2831.004779262468,1.6042964793741703,63.315993124619126,1661.3247197382152
2838.8460607230663,1.685869175940752,63.855866357684135,1661.3247197382152
2845.597137335688,1.685869175940752,63.855866357684135,1665.8556302692741
2846.107190122828,1.6868966054171324,64.2179175466299,1665.8556302692741
2848.8251048773527,1.6868966054171324,64.2179175466299,1666.6634634174407
2849.762265764177,1.6880197040736675,64.73335238173604,1666.6634634174407
2851.8874569684267,1.6880197040736675,64.73335238173604,1667.5672175567597
2852.683271933347,1.7874850872904062,65.3609209600836,1667.5672175567597
2865.1953561324626,1.7874850872904062,65.3609209600836,1677.788063813001
2871.8886805549264,1.9704307317733765,66.12596073187888,1677.788063813001
2884.210347957909,1.9704307317733765,66.12596073187888,1689.0425717197359
2884.5751779098064,1.9725670777261257,66.42228741198778,1689.0425717197359
2887.94144705683,1.9725670777261257,66.42228741198778,1690.4173144251108
2888.2930461559445,1.9735217150300741,66.73338511586189,1690.4173144251108
2900.6163672357798,1.9735217150300741,66.73338511586189,1700.1923883128911
2901.2806699518114,1.9745578430593014,67.17687503620982,1700.1923883128911
2914.321108644828,1.9745578430593014,67.17687503620982,1709.0594826675951
2921.5629681479186,1.9788480587303638,67.56586387753487,1709.0594826675951
2936.293288225308,1.9788480587303638,67.56586387753487,1719.2648430392146
2936.9209041818976,1.9798565674573183,67.94017707370222,1719.2648430392146
2945.2785155232996,1.9798565674573183,67.94017707370222,1724.178534578532
2945.765591584146,1.9808286149054766,68.37070678174496,1724.178534578532
2953.9962229263037,1.9808286149054766,68.37070678174496,1729.862865095958
2954.3668419662863,1.981752920895815,68.7100729867816,1729.862865095958
2961.890135496855,1.981752920895815,68.7100729867816,1735.3678701911122
2968.7745286729187,1.986002616584301,68.87291042134166,1735.3678701911122
2975.71233532764,1.986002616584301,68.87291042134166,1739.9162026271224
2976.165834421292,1.986997153609991,69.17082783021033,1739.9162026271224
2981.729885092005,1.986997153609991,69.17082783021033,1744.0390217844397
2982.3773388210684,1.9880793634802103,69.70229209400713,1744.0390217844397
2992.7921267692,1.9880793634802103,69.70229209400713,1751.1457378827035
2993.2008300032467,1.9890056196600199,69.95345531404018,1751.1457378827035
3002.316544795409,1.9890056196600199,69.95345531404018,1757.525947097689
3009.732791837305,2.0332495868206024,70.29568778350949,1757.525947097689
3019.7005962468684,2.0332495868206024,70.29568778350949,1764.2675037793815
3020.2175676170737,2.034251945093274,70.6539537422359,1764.2675037793815
3024.9826344717294,2.034251945093274,70.6539537422359,1766.67257611081
3025.2499145008624,2.0352182034403086,70.88719861395657,1766.67257611081
3034.7461603991687,2.0352182034403086,70.88719861395657,1773.7466541510075
3035.173520926386,2.0362458918243647,71.26043626479805,1773.7466541510075
3045.7893636170775,2.0362458918243647,71.26043626479805,1781.1723549887538
3052.278895976022,2.1000265926122665,71.6906650532037,1781.1723549887538
3059.275960866362,2.1000265926122665,71.6906650532037,1785.0745375715196
3059.9442360028625,2.101300772279501,72.22535487264395,1785.0745375715196
3070.451213585213,2.101300772279501,72.22535487264395,1793.2438162546605
3070.5685236733407,2.102247390896082,72.335762148723,1793.2438162546605
3076.1093184370548,2.102247390896082,72.335762148723,1796.823971470818
3076.612998427823,2.1032775789499283,72.37538909725845,1796.823971470818
3083.0666376166046,2.1032775789499283,72.37538909725845,1800.9412352424115
3090.5598461087793,2.1075864769518375,72.60132621973753,1800.9412352424115
3096.6110000964254,2.1075864769518375,72.60132621973753,1805.3565376084298
3096.8203759286553,2.1085467021912336,72.79624906182289,1805.3565376084298
3104.424761235714,2.1085467021912336,72.79624906182289,1811.1181157268584
3104.935905924067,2.1095334384590387,73.25493734143674,1811.1181157268584
3111.952704915777,2.1095334384590387,73.25493734143674,1813.0810774676502
3112.5607897490263,2.110617669299245,73.63772938214242,1813.0810774676502
3121.19791922532,2.110617669299245,73.63772938214242,1818.1259099077433
3127.8642021752894,2.2167052663862705,73.83483238704503,1818.1259099077433
3138.1927658356726,2.2167052663862705,73.83483238704503,1825.2283609211445
3139.115882448852,2.217872306704521,74.35414371825755,1825.2283609211445
3146.8431928008795,2.217872306704521,74.35414371825755,1829.5877620149404
3147.2092419359833,2.2188268937170506,74.59319391101599,1829.5877620149404
3155.913287533447,2.2188268937170506,74.59319391101599,1836.8762025088072
3156.382573945448,2.219910753890872,74.77302996255457,1836.8762025088072
3159.744163621217,2.219910753890872,74.77302996255457,1838.638952665031
3166.2723749391735,2.242842083796859,74.93199211917818,1838.638952665031
3173.4392836671323,2.242842083796859,74.93199211917818,1840.8238612152636
3174.19359354116,2.243929484859109,75.37140029110014,1840.8238612152636
3179.0191679000854,2.243929484859109,75.37140029110014,1843.1228113099933
3179.7881606649607,2.2451894488185644,75.93342282809317,1843.1228113099933
3189.4704237040132,2.2451894488185644,75.93342282809317,1850.044220192358
3189.9040810707957,2.2462248280644417,76.19540917128325,1850.044220192358
3195.3144228570163,2.2462248280644417,76.19540917128325,1852.058709807694
3204.5817345883697,2.2506217807531357,76.33529108017683,1852.058709807694
3213.0902071278542,2.2506217807531357,76.33529108017683,1857.5028283391148
3213.445714412257,2.2598419040441513,76.57288126088679,1857.5028283391148
3215.8227540757507,2.2598419040441513,76.57288126088679,1858.337084967643
3215.9684489406645,2.2609169334173203,76.5879376810044,1858.337084967643
3224.2613600287586,2.2609169334173203,76.5879376810044,1863.4272867385298
3224.6865355018526,2.261917183175683,76.85368588939309,1863.4272867385298
3232.522865815088,2.261917183175683,76.85368588939309,1868.5068600904197
3241.6139494422823,2.2942528668791056,77.28570340201259,1868.5068600904197
3250.1094421651214,2.2942528668791056,77.28570340201259,1874.283736018464
3250.818473348394,2.2953014075756073,77.66857279837132,1874.283736018464
3259.566231660545,2.2953014075756073,77.66857279837132,1881.705447325483
3259.9557164479047,2.296462681144476,77.89163567684591,1881.705447325483
3272.597509123385,2.296462681144476,77.89163567684591,1891.1643521059304
3273.0260190814734,2.2975232899188995,78.10114087723196,1891.1643521059304
3280.425925699994,2.2975232899188995,78.10114087723196,1896.1313960235566
3284.7754912469536,2.3089851271361113,78.49975421838462,1896.1313960235566
3293.383544160053,2.3089851271361113,78.49975421838462,1902.07882668823
3293.7965584043413,2.310149958357215,78.6733443364501,1902.07882668823
3302.9444764964283,2.310149958357215,78.6733443364501,1908.950190378353
3303.6077498979867,2.3112245071679354,79.17762971296906,1908.950190378353
3311.431692548096,2.3112245071679354,79.17762971296906,1913.9259422831237
3312.0336349718273,2.3122648056596518,79.51187613792717,1913.9259422831237
3321.6271022241563,2.3122648056596518,79.51187613792717,1919.563825501129
3329.6149293892086,2.3165311831980944,80.11544269137084,1919.563825501129
3336.0810976326466,2.3165311831980944,80.11544269137084,1924.905627982691
3336.3376058842987,2.3176109232008457,80.12512633576989,1924.905627982691
3340.3255716077983,2.3176109232008457,80.12512633576989,1927.4866448491812
3341.0153745673597,2.3186919819563627,80.65725610964,1927.4866448491812
3350.515691673383,2.3186919819563627,80.65725610964,1932.5382486563176
3350.890934739262,2.3195585776120424,81.0212048701942,1932.5382486563176
3355.1878934949636,2.3195585776120424,81.0212048701942,1935.0037882439792
3361.7514339089394,2.3716983906924725,81.06447465531528,1935.0037882439792
3365.494373176247,2.3716983906924725,81.06447465531528,1938.0165814347565
3365.8484256900847,2.372707298025489,81.0738576259464,1938.0165814347565
3372.6224888414145,2.372707298025489,81.0738576259464,1943.3738550841808
3372.917275622487,2.396129311993718,81.33757398463786,1943.3738550841808
3375.7858185768127,2.396129311993718,81.33757398463786,1944.4369841907173
3376.182944132015,2.397100320085883,81.71608179435134,1944.4369841907173
3389.576746430248,2.397100320085883,81.71608179435134,1954.4930068477988
3396.954942157492,2.409581756219268,82.4321195203811,1954.4930068477988
3408.072663564235,2.409581756219268,82.4321195203811,1961.9361254442483
3408.70465759933,2.410613514482975,82.75427995435894,1961.9361254442483
3416.6163530014455,2.410613514482975,82.75427995435894,1964.183242842555
3416.9396481458098,2.4115969110280275,82.98833068087697,1964.183242842555
3423.804839057848,2.4115969110280275,82.98833068087697,1969.4178697224706
3423.926469966769,2.4125688392668962,83.10369977727532,1969.4178697224706
3434.2449105903506,2.4125688392668962,83.10369977727532,1978.2760019171983
3439.7470575645566,2.4168716184794903,83.38452239707112,1978.2760019171983
3451.9611225277185,2.4168716184794903,83.38452239707112,1986.0999869331717
3452.688313169405,2.417911557480693,83.85423116199672,1986.0999869331717
3463.2953780330718,2.417911557480693,83.85423116199672,1992.861620977521
3464.0000998452306,2.418857514858246,84.50111735612154,1992.861620977521
3473.7554693799466,2.418857514858246,84.50111735612154,2000.5877472069114
3474.113579189405,2.419740930199623,84.84955721907318,2000.5877472069114
3493.4039932843298,2.419740930199623,84.84955721907318,2014.0110173877329
3500.9554605409503,2.544324142858386,84.96504532173276,2014.0110173877329
3514.638444012031,2.544324142858386,84.96504532173276,2021.8346823025495
3515.1783788558096,2.5465997457504272,85.33847476541996,2021.8346823025495
3530.7066851053387,2.5465997457504272,85.33847476541996,2031.7886371165514
3531.467647964135,2.5475967433303595,85.92780037038028,2031.7886371165514
3536.38806588389,2.5475967433303595,85.92780037038028,2035.2639575954527
3536.5637634322047,2.5487173050642014,86.02581803500652,2035.2639575954527
3540.8108247648925,2.5487173050642014,86.02581803500652,2038.429236587137
3547.869594093412,2.667555408552289,86.06324615702033,2038.429236587137
3553.177306815982,2.667555408552289,86.06324615702033,2040.527803329751
3553.3592363484204,2.6686966698616743,86.07266687974334,2040.527803329751
3564.6996488850564,2.6686966698616743,86.07266687974334,2047.6522359605879
3565.229054328054,2.6698137391358614,86.3823119122535,2047.6522359605879
3576.13320302777,2.6698137391358614,86.3823119122535,2054.925313880667
3576.7496384177357,2.6709984578192234,86.7302385289222,2054.925313880667
3583.4114629719406,2.6709984578192234,86.7302385289222,2056.92644007504
3590.943927269429,2.675332445651293,87.20324248634279,2056.92644007504
3596.9601858537644,2.675332445651293,87.20324248634279,2060.590480612591
3597.296760648489,2.6764258947223425,87.30929918959737,2060.590480612591
3600.7907549571246,2.6764258947223425,87.30929918959737,2061.8029655218124
3600.9282267801464,2.6773928813636303,87.40801949054003,2061.8029655218124
3611.100417636335,2.6773928813636303,87.40801949054003,2068.3624691013247
3612.0093367546797,2.6785297337919474,87.89220374636352,2068.3624691013247
3618.2547192424536,2.6785297337919474,87.89220374636352,2071.633525112644
3625.222808862105,2.6829742826521397,87.9318463113159,2071.633525112644
3633.260302271694,2.6829742826521397,87.9318463113159,2078.6925223190337
3633.764760300517,2.683945870026946,88.17838021554053,2078.6925223190337
3637.3508686553687,2.683945870026946,88.17838021554053,2081.0442704819143
3637.924397084862,2.684957867488265,88.19385596737266,2081.0442704819143
3647.506996354088,2.684957867488265,88.19385596737266,2088.410425528884
3648.261706540361,2.6860173251479864,88.61665648035705,2088.410425528884
3657.121342394501,2.6860173251479864,88.61665648035705,2094.1887868754566
3664.6702819243073,2.802793625742197,88.87643300183117,2094.1887868754566
3672.2804550211877,2.802793625742197,88.87643300183117,2099.0538969375193
3672.371279656887,2.8037046939134598,88.95699833147228,2099.0538969375193
3687.3627531565726,2.8037046939134598,88.95699833147228,2109.542465530336
3687.9390988666564,2.8048214241862297,89.37304085493088,2109.542465530336
3692.444699008018,2.8048214241862297,89.37304085493088,2110.287166154012
3693.126462444663,2.8058107309043407,89.86646569520235,2110.287166154012
3699.948211412877,2.8058107309043407,89.86646569520235,2114.6293090302497
3707.0435372404754,2.8101928792893887,89.90256460569799,2114.6293090302497
3722.3354675918818,2.8101928792893887,89.90256460569799,2127.723066696897
3722.944640018046,2.8113857600837946,90.1562778968364,2127.723066696897
3732.6144644729793,2.8113857600837946,90.1562778968364,2133.5734268892556
3733.5111897345632,2.8128254767507315,90.83268076367676,2133.5734268892556
3741.302865963429,2.8128254767507315,90.83268076367676,2137.3984479270875
3741.645331447944,2.8138708155602217,90.84186753258109,2137.3984479270875
3747.970048420131,2.8138708155602217,90.84186753258109,2141.925921715796
3755.1063427124172,2.8788796961307526,91.17384640872478,2141.925921715796
3762.6799737196416,2.8788796961307526,91.17384640872478,2145.6162802763283
3763.133214496076,2.879919743165374,91.58066244237125,2145.6162802763283
3768.7558754608035,2.879919743165374,91.58066244237125,2149.737473588437
3769.53216596134,2.8810305539518595,92.04145201481879,2149.737473588437
3775.2530635092407,2.8810305539518595,92.04145201481879,2152.951964315027
3775.9661589544266,2.8819980416446924,92.58911351673305,2152.951964315027
3784.8946438245475,2.8819980416446924,92.58911351673305,2160.1935951244086
3793.7587735168636,2.886168487370014,92.77079547941685,2160.1935951244086
3796.8613959290087,2.886168487370014,92.77079547941685,2161.791205784306
3796.9749833326787,2.887129904702306,92.86268234811723,2161.791205784306
3806.1421018354595,2.887129904702306,92.86268234811723,2168.2334309853613
3806.350662138313,2.888132505118847,92.93375772796571,2168.2334309853613
3815.0504736825824,2.888132505118847,92.93375772796571,2174.7924650982022
3815.7254361361265,2.889160133898258,93.29968349263072,2174.7924650982022
3822.9673031643033,2.889160133898258,93.29968349263072,2180.049968186766
3829.8583536650985,2.9086220506578684,93.83582744188607,2180.049968186766
3838.462472707033,2.9086220506578684,93.83582744188607,2184.7347455583513
3838.600409220904,2.909575777128339,93.96676587685943,2184.7347455583513
3848.3030811604112,2.909575777128339,93.96676587685943,2189.868416070938
3849.0689991638064,2.910641608759761,94.45356114208698,2189.868416070938
3857.1232074406,2.910641608759761,94.45356114208698,2193.341017400846
3857.6629221476614,2.911586035043001,94.80257010832429,2193.341017400846
3860.3654608801007,2.911586035043001,94.80257010832429,2195.396698517725
3867.3763326648623,2.9433698654174805,94.81186237744987,2195.396698517725
3871.108285743743,2.9433698654174805,94.81186237744987,2198.5517387501895
3871.2163388822228,2.944347580894828,94.86623352020979,2198.5517387501895
3873.29050206393,2.944347580894828,94.86623352020979,2200.015108410269
3873.530950743705,2.945333257317543,94.87609586119652,2200.015108410269
3880.488743064925,2.945333257317543,94.87609586119652,2204.332479622215
3880.633548926562,2.946329053491354,94.95042898133397,2204.332479622215
3890.170966008678,2.946329053491354,94.95042898133397,2211.2703858800232
3896.0879722405225,2.950480256229639,94.9647683352232,2211.2703858800232
3900.9513377957046,2.950480256229639,94.9647683352232,2215.164741165936
3901.4407084863633,2.951410172507167,95.4456806667149,2215.164741165936
3909.24681166932,2.951410172507167,95.4456806667149,2219.9315404500812
3910.0478308368474,2.9524216409772635,95.8349226936698,2219.9315404500812
3917.433634016663,2.9524216409772635,95.8349226936698,2223.9932854715735
3917.821352276951,2.9535207729786634,95.84458567947149,2223.9932854715735
3927.8923807814717,2.9535207729786634,95.84458567947149,2230.4728433471173
3933.99710765481,2.9580985885113478,96.18111547268927,2230.4728433471173
3944.332585124299,2.9580985885113478,96.18111547268927,2238.591405870393
3945.0464266408235,2.959234679117799,96.62238575518131,2238.591405870393
3949.3107643518597,2.959234679117799,96.62238575518131,2240.4935179911554
3949.8817556705326,2.960309451445937,97.10412205010653,2240.4935179911554
3964.993911139667,2.960309451445937,97.10412205010653,2252.023781230673
3965.301990194246,2.9613057002425194,97.35875809565187,2252.023781230673
3969.468330496922,2.9613057002425194,97.35875809565187,2253.79925050959
3975.15694097057,3.0155885946005583,97.78964407928288,2253.79925050959
3985.950499312952,3.0155885946005583,97.78964407928288,2259.4528722222894
3986.518640032038,3.0167036559432745,98.14867314696312,2259.4528722222894
3993.0062187239528,3.0167036559432745,98.14867314696312,2263.3761024829
3993.503713402897,3.01764565333724,98.58321080170572,2263.3761024829
4001.1104647051543,3.01764565333724,98.58321080170572,2268.937066650018
4001.3449681717902,3.0186383612453938,98.68012889660895,2268.937066650018
4007.757551526651,3.0186383612453938,98.68012889660895,2271.0804785024375
4014.5953916125,3.194175709038973,99.18453894369304,2271.0804785024375
4019.8643105961382,3.194175709038973,99.18453894369304,2275.0126174353063
4020.1426069885492,3.1951029244810343,99.44573701173067,2275.0126174353063
4028.9958422519267,3.1951029244810343,99.44573701173067,2279.3263460155576
4029.0694034919143,3.1960751321166754,99.4623952191323,2279.3263460155576
4036.823761112988,3.1960751321166754,99.4623952191323,2285.531946884468
4037.591351903975,3.1970452275127172,99.620182024315,2285.531946884468
4052.563440848142,3.1970452275127172,99.620182024315,2296.9185187574476
4061.914659736678,3.214317223057151,99.63253689929843,2296.9185187574476
4066.9951564744115,3.214317223057151,99.63253689929843,2300.206497427076
4067.961904902011,3.215356171131134,100.24792162328959,2300.206497427076
4077.1473231520504,3.215356171131134,100.24792162328959,2307.191742669791
4077.7337176650763,3.2163639683276415,100.43529297970235,2307.191742669791
4093.111225143075,3.2163639683276415,100.43529297970235,2318.180833801627
4093.5957969278097,3.2173571679741144,100.62680140137672,2318.180833801627
4099.791455157101,3.2173571679741144,100.62680140137672,2321.7650622986257
4104.781331608072,3.2214966975152493,100.80677783116698,2321.7650622986257
4111.839104376733,3.2214966975152493,100.80677783116698,2325.226911695674
4112.192387267947,3.2225931845605373,101.08972967229784,2325.226911695674
4117.7503027599305,3.2225931845605373,101.08972967229784,2328.9619033578783
4118.332245877013,3.2236711122095585,101.4731180369854,2328.9619033578783
4125.8746433369815,3.2236711122095585,101.4731180369854,2333.232808345929
4126.868768336251,3.224697468802333,102.01389779895544,2333.232808345929
4131.268316976726,3.224697468802333,102.01389779895544,2335.8697416130453
4138.083820484579,3.2294046860188246,102.46602535247803,2335.8697416130453
4142.439845696092,3.2294046860188246,102.46602535247803,2338.17276535742
4142.855766637251,3.230408903211355,102.8186671603471,2338.17276535742
4154.232944084331,3.230408903211355,102.8186671603471,2346.0931171197444
4154.688038654625,3.231492532417178,103.12443172931671,2346.0931171197444
4163.786907041445,3.231492532417178,103.12443172931671,2352.678590880707
4164.421679360792,3.2325371094048023,103.42126185446978,2352.678590880707
4176.628216529265,3.2325371094048023,103.42126185446978,2361.831370117143
4184.821452068165,3.2422030474990606,103.87889815494418,2361.831370117143
4200.034467115998,3.2422030474990606,103.87889815494418,2373.117629285902
4200.770611876622,3.243199435994029,104.38283361308277,2373.117629285902
4209.378547601402,3.243199435994029,104.38283361308277,2378.7199308816344
4209.591109313071,3.25312327593565,104.56474787183106,2378.7199308816344
4213.116729537025,3.25312327593565,104.56474787183106,2379.9535772372037
4213.671273296699,3.25418065674603,104.66056515090168,2379.9535772372037
4226.141432853416,3.25418065674603,104.66056515090168,2388.722028609365
4234.692937914282,3.304729314520955,104.86081985756755,2388.722028609365
4241.5729196593165,3.304729314520955,104.86081985756755,2393.026333870366
4241.894577603787,3.3058417048305273,105.17314446903765,2393.026333870366
4250.308893132955,3.3058417048305273,105.17314446903765,2399.083396328613
4251.045207209885,3.3068709541112185,105.44955804385245,2399.083396328613
4258.509694699198,3.3068709541112185,105.44955804385245,2404.228049663827
4258.895034965128,3.3080133851617575,105.62864227965474,2404.228049663827
4278.453023545444,3.3080133851617575,105.62864227965474,2418.6428100839257
4288.290771869943,3.4306838270276785,106.19997723028064,2418.6428100839257
4301.888644909486,3.4306838270276785,106.19997723028064,2428.248023180291
4302.1823768448085,3.431696256622672,106.22588914632797,2428.248023180291
4304.773472268134,3.431696256622672,106.22588914632797,2430.0930847637355
4305.12608005479,3.432799307629466,106.26867690309882,2430.0930847637355
4312.735539222136,3.432799307629466,106.26867690309882,2434.046282792464
4313.7540735676885,3.433900360018015,106.3929199744016,2434.046282792464
4317.279956964776,3.433900360018015,106.3929199744016,2436.252666283399
4324.780804904178,3.4382834304124117,106.40681086853147,2436.252666283399
4329.385158963501,3.4382834304124117,106.40681086853147,2439.172961918637
4329.770925909281,3.4393317084759474,106.51973146013916,2439.172961918637
4337.189167112112,3.4393317084759474,106.51973146013916,2442.6935095023364
4338.696792172268,3.4407650716602802,107.35141273587942,2442.6935095023364
4350.349209196866,3.4407650716602802,107.35141273587942,2451.869628781453
4351.538363920525,3.4418668914586306,107.89231867156923,2451.869628781453
4361.207892632112,3.4418668914586306,107.89231867156923,2457.067448850721
4375.867358010262,3.4461292270570993,108.33089268952608,2457.067448850721
4380.504907766357,3.4461292270570993,108.33089268952608,2460.578633546829
4381.125305471942,3.4472365584224463,108.76003183238208,2460.578633546829
4395.361527778208,3.4472365584224463,108.76003183238208,2470.255460416898
4396.710390670225,3.4487810283899307,110.02763457223773,2470.255460416898
4401.220362700522,3.4487810283899307,110.02763457223773,2472.360899809748
4401.331229116768,3.449869828298688,110.04164678044617,2472.360899809748
4408.426780063659,3.449869828298688,110.04164678044617,2477.807200325653
4416.30030015111,3.601364301517606,110.13173506595194,2477.807200325653
4419.964178130031,3.601364301517606,110.13173506595194,2480.1932547949255
4421.139640837908,3.6024358812719584,111.02768777869642,2480.1932547949255
4428.340256636962,3.6024358812719584,111.02768777869642,2485.421561434865
4429.044935664162,3.6036255545914173,111.44240108691156,2485.421561434865
4441.958125868812,3.6036255545914173,111.44240108691156,2492.0994347520173
4442.693327659741,3.604686524719,112.10176724381745,2492.0994347520173
4449.098936280236,3.604686524719,112.10176724381745,2495.300071325153
4458.123797817156,3.6909843515604734,112.56967250443995,2495.300071325153
4464.453959835693,3.6909843515604734,112.56967250443995,2498.8020151108503
4465.068535691127,3.6919835805892944,113.09936806932092,2498.8020151108503
4473.228554243222,3.6919835805892944,113.09936806932092,2503.064127566293
4473.595463836566,3.693175543099642,113.23709079995751,2503.064127566293
4485.875838577747,3.693175543099642,113.23709079995751,2511.910302614793
4486.670390781015,3.6942490339279175,113.63549203239381,2511.910302614793
4492.103719560429,3.6942490339279175,113.63549203239381,2516.0574208013713
4499.753702033311,3.6985920444130898,113.89855511672795,2516.0574208013713
4506.847747247666,3.6985920444130898,113.89855511672795,2519.3982566930354
4507.19821225293,3.699725152924657,113.99125849083066,2519.3982566930354
4515.279061188921,3.699725152924657,113.99125849083066,2525.735934732482
4515.878185439855,3.700807351619005,114.53800098970532,2525.735934732482
4522.330226596445,3.700807351619005,114.53800098970532,2529.961835356429
4523.626620694995,3.701867191120982,115.69884367845953,2529.961835356429
4536.480548867956,3.701867191120982,115.69884367845953,2539.4982774276286
4542.623558960855,3.905864143744111,115.75296724587679,2539.4982774276286
4548.712246384472,3.905864143744111,115.75296724587679,2543.352256933227
4549.372645674273,3.9776487443596125,116.24735509417951,2543.352256933227
4561.053869498894,3.9776487443596125,116.24735509417951,2550.5134932771325
4562.130908628926,3.978871077299118,116.83580435067415,2550.5134932771325
4569.287802007049,3.978871077299118,116.83580435067415,2553.8073558993638
4569.639720655978,3.979933436959982,117.14801877178252,2553.8073558993638
4575.711243944243,3.979933436959982,117.14801877178252,2557.3344097603112
4585.135621117428,3.984459450468421,117.67879885993898,2557.3344097603112
4590.914417056367,3.984459450468421,117.67879885993898,2560.868900988251
4591.066614083946,3.985634094104171,117.69283470883965,2560.868900988251
4597.3499565739185,3.985634094104171,117.69283470883965,2564.9674303010106
4598.394673151895,3.986778974533081,118.31656840443611,2564.9674303010106
4603.85447813198,3.986778974533081,118.31656840443611,2568.5460631158203
4604.4400379080325,3.988786553964019,118.55946613103151,2568.5460631158203
4613.355813892558,3.988786553964019,118.55946613103151,2573.9330864604563
4621.3857842125,3.993063721805811,118.67835284769535,2573.9330864604563
4632.17394028604,3.993063721805811,118.67835284769535,2579.713087260723
4633.013848144561,3.9942049216479063,119.33459695801139,2579.713087260723
4641.9502626191825,3.9942049216479063,119.33459695801139,2585.5266332402825
4642.517088277265,3.995432561263442,119.7494038566947,2585.5266332402825
4647.19235015288,3.995432561263442,119.7494038566947,2588.3949771467596
4647.658785916865,3.996593464165926,120.1082719154656,2588.3949771467596
4655.929081637412,3.996593464165926,120.1082719154656,2595.3405861798674
4663.316704723984,4.000948311761022,120.22444304637611,2595.3405861798674
4675.009815786034,4.000948311761022,120.22444304637611,2604.23418600671
4675.9832222331315,4.002137212082744,121.0280533824116,2604.23418600671
4692.603405009955,4.002137212082744,121.0280533824116,2616.199867995456
4693.828594963998,4.003319231793284,121.7025896012783,2616.199867995456
4703.701389333233,4.003319231793284,121.7025896012783,2622.697480622679
4704.361809145659,4.004530953243375,122.03858628869057,2622.697480622679
4719.886507008225,4.004530953243375,122.03858628869057,2633.749831819907
4728.496582718566,4.008849825710058,122.87569240480661,2633.749831819907
4740.380948267877,4.008849825710058,122.87569240480661,2644.0271705128253
4740.422154726461,4.009889006614685,122.89035644382238,2644.0271705128253
4745.566792156547,4.009889006614685,122.89035644382238,2645.7146155331284
4746.587778288871,4.019018271937966,123.61065285094082,2645.7146155331284
4751.505372701213,4.019018271937966,123.61065285094082,2649.029680976644
4751.553717827424,4.02000354975462,123.64444145560265,2649.029680976644
4759.157527457923,4.02000354975462,123.64444145560265,2655.3487349934876
4766.140758672729,4.036742579191923,123.65822103247046,2655.3487349934876
4776.267688732594,4.036742579191923,123.65822103247046,2663.6760958824307
4776.355369294062,4.037864778190851,123.68418363854289,2663.6760958824307
4790.379977475852,4.037864778190851,123.68418363854289,2672.9246938023716
4791.556350920349,4.039004670456052,124.39038502238691,2672.9246938023716
4803.4831037614495,4.039004670456052,124.39038502238691,2682.8094241134822
4804.167159924284,4.040199501439929,124.72711676359177,2682.8094241134822
4811.993978476152,4.040199501439929,124.72711676359177,2687.5840746462345
4820.450530488044,4.044634917750955,125.05378104746342,2687.5840746462345
4823.142567200586,4.044634917750955,125.05378104746342,2689.3167961277068
4823.92512476258,4.045638106763363,125.54000354744494,2689.3167961277068
4827.739425184205,4.045638106763363,125.54000354744494,2691.2183997686952
4828.472356740385,4.046685365960002,126.17308614961803,2691.2183997686952
4835.13519179076,4.046685365960002,126.17308614961803,2694.0676606595516
4836.123379256576,4.047742707654834,126.88662671856582,2694.0676606595516
4848.097322285175,4.047742707654834,126.88662671856582,2702.654927296564
4856.985701588914,4.052050182595849,127.3820826485753,2702.654927296564
4866.511855270714,4.052050182595849,127.3820826485753,2709.809402167797
4867.475981814787,4.053413074463606,128.0933090224862,2709.809402167797
4873.987140800804,4.053413074463606,128.0933090224862,2714.7104580346495
4874.156941017136,4.054648665711284,128.23331442289054,2714.7104580346495
4880.056268490851,4.054648665711284,128.23331442289054,2719.2603188827634
4880.47365966253,4.055859748274088,128.50279272161424,2719.2603188827634
4890.999841621146,4.055859748274088,128.50279272161424,2725.509586442262
4898.838135801256,4.060264475643635,128.52939026243985,2725.509586442262
4907.888879803941,4.060264475643635,128.52939026243985,2731.686716498807
4908.2189337313175,4.061354273930192,128.59522116743028,2731.686716498807
4919.604728860781,4.061354273930192,128.59522116743028,2738.0305353961885
4920.5088131166995,4.062369721010327,129.11820610240102,2738.0305353961885
4931.438251664862,4.062369721010327,129.11820610240102,2746.008879346773
4932.7305815294385,4.063479240983725,129.84293501079082,2746.008879346773
4945.089224727824,4.063479240983725,129.84293501079082,2755.8114538639784
4953.33278208226,4.068015469238162,130.6169588956982,2755.8114538639784
4957.904865456745,4.068015469238162,130.6169588956982,2758.8830014690757
4958.135570328683,4.069049218669534,130.6673905160278,2758.8830014690757
4965.788823900744,4.069049218669534,130.6673905160278,2764.251160785556
4967.039491167292,4.07013637945056,131.3717715702951,2764.251160785556
4973.178912231699,4.07013637945056,131.3717715702951,2767.7203125637025
4974.505610588938,4.07133325189352,132.30838382989168,2767.7203125637025
4982.348924759775,4.07133325189352,132.30838382989168,2773.786525664851
4989.556272253394,4.145830584689975,132.4966845419258,2773.786525664851
4998.578931989148,4.145830584689975,132.4966845419258,2780.0495146922767
4999.37249869667,4.147016623988748,133.16189723461866,2780.0495146922767
5007.410254780203,4.147016623988748,133.16189723461866,2783.7432418614626
5007.931745016947,4.148203713819385,133.17613326199353,2783.7432418614626
5012.3325425721705,4.148203713819385,133.17613326199353,2786.976856857538
5012.867913387716,4.149242402985692,133.3677114341408,2786.976856857538
5017.711591260508,4.149242402985692,133.3677114341408,2789.4259207304567
5023.777674678713,4.153484307229519,133.48470885120332,2789.4259207304567
5033.607532706112,4.153484307229519,133.48470885120332,2794.18148156628
5034.366418462247,4.154552737250924,134.06477736122906,2794.18148156628
5046.904889408499,4.154552737250924,134.06477736122906,2801.8507290091366
5048.680355422199,4.1558568105101585,135.3039615917951,2801.8507290091366
5055.481412764639,4.1558568105101585,135.3039615917951,2805.527327299118
5056.003684537485,4.157053481787443,135.6816710177809,2805.527327299118
5068.178573448211,4.157053481787443,135.6816710177809,2815.387267347425
5077.319406628609,4.167984079569578,136.76500830426812,2815.387267347425
5080.638057176024,4.167984079569578,136.76500830426812,2817.234713483602
5081.361382544041,4.169037548825145,137.0825987532735,2817.234713483602
5085.227582203224,4.169037548825145,137.0825987532735,2820.0154143553227
5085.367537569255,4.17008887603879,137.10994158871472,2820.0154143553227
5093.003856275231,4.17008887603879,137.10994158871472,2821.955556754023
5093.75430008024,4.171238737180829,137.4690426532179,2821.955556754023
5100.457927744836,4.171238737180829,137.4690426532179,2824.634328663349
5108.388340713456,4.175485324114561,138.52953918091953,2824.634328663349
5123.916885545477,4.175485324114561,138.52953918091953,2837.432438760996
5124.646257577464,4.176582524552941,139.04989142343402,2837.432438760996
5136.020633252338,4.176582524552941,139.04989142343402,2843.7647337429225
5136.983670657501,4.177954310551286,139.68470649421215,2843.7647337429225
5144.1539685186,4.177954310551286,139.68470649421215,2848.305445326492
5145.010927191004,4.179121231660247,140.38014118745923,2848.305445326492
5162.905168555677,4.179121231660247,140.38014118745923,2860.0181130524725
5170.8036735244095,4.183648239821196,141.35708622448146,2860.0181130524725
5186.255730183795,4.183648239821196,141.35708622448146,2871.624683663249
5186.690781632438,4.184837061911821,141.37095938436687,2871.624683663249
5200.453901462257,4.184837061911821,141.37095938436687,2880.1432356182486
5202.13973169215,4.186051804572344,142.6916227657348,2880.1432356182486
5214.428883360699,4.186051804572344,142.6916227657348,2888.7401494272053
5215.367871984839,4.18707937374711,143.05083414912224,2888.7401494272053
5220.886221580207,4.18707937374711,143.05083414912224,2892.1411121226847
5228.436099173501,4.191442953422666,143.21608961001039,2892.1411121226847
5234.698947940022,4.191442953422666,143.21608961001039,2896.023160910234
5235.124396581203,4.192889587953687,143.2484955880791,2896.023160910234
5246.089938070625,4.192889587953687,143.2484955880791,2902.048738669604
5246.29602448456,4.194072870537639,143.27178166992962,2902.048738669604
5253.252807419747,4.194072870537639,143.27178166992962,2907.064083788544
5254.157035326585,4.1952083427459,144.12063464708626,2907.064083788544
5264.9291165377945,4.1952083427459,144.12063464708626,2916.03373404406
5276.074302650988,4.34000594727695,144.71160703338683,2916.03373404406
5279.802150884643,4.34000594727695,144.71160703338683,2918.1737666986883
5280.238401038572,4.34105303697288,145.09244368970394,2918.1737666986883
5284.879823720083,4.34105303697288,145.09244368970394,2920.3697288203984
5285.364385291934,4.3421329986304045,145.27004075050354,2920.3697288203984
5294.962637778372,4.3421329986304045,145.27004075050354,2924.369008731097
5296.24217826128,4.343338642269373,146.3417094554752,2924.369008731097
5304.497728442773,4.343338642269373,146.3417094554752,2930.1483588553965
5314.414413563907,4.639725154265761,147.38060072809458,2930.1483588553965
5320.169761234894,4.639725154265761,147.38060072809458,2932.8670078795403
5320.626704098657,4.640805594623089,147.75440989993513,2932.8670078795403
5326.363434588537,4.640805594623089,147.75440989993513,2936.322440158576
5327.155943231657,4.641829863190651,148.0700828358531,2936.322440158576
5337.365820106119,4.641829863190651,148.0700828358531,2944.244589239359
5337.755590530112,4.643005995079875,148.08395358920097,2944.244589239359
5342.500939423218,4.643005995079875,148.08395358920097,2948.2351217344403
5353.171384291723,4.647333474829793,148.71472970955074,2948.2351217344403
5364.980711409822,4.647333474829793,148.71472970955074,2955.991358714178
5366.225030856207,4.648514546453953,149.27382299862802,2955.991358714178
5379.574309561402,4.648514546453953,149.27382299862802,2962.5044647939503
5381.1459843646735,4.650565313175321,150.26676584221423,2962.5044647939503
5389.442682344466,4.650565313175321,150.26676584221423,2967.7224224694073
5390.867373915389,4.651691660284996,151.301595389843,2967.7224224694073
5394.784428084269,4.651691660284996,151.301595389843,2970.5186857655644
5404.357825860381,4.658412352204323,152.18396726436913,2970.5186857655644
5417.281934602186,4.658412352204323,152.18396726436913,2980.184528717771
5418.8826337289065,4.6596793085336685,153.30007385089993,2980.184528717771
5432.131716975942,4.6596793085336685,153.30007385089993,2988.824755385518
5432.326921565458,4.660735046491027,153.36631318740547,2988.824755385518
5449.197234289721,4.660735046491027,153.36631318740547,2999.4295595865697
5450.802287036553,4.661878418177366,154.51575228199363,2999.4295595865697
5463.887265728787,4.661878418177366,154.51575228199363,3010.537040144205
5471.81347364001,4.665914993733168,155.1790702752769,3010.537040144205
5476.032926948741,4.665914993733168,155.1790702752769,3012.926325418055
5476.469202142209,4.667018134146929,155.27310595847666,3012.926325418055
5484.945836244151,4.667018134146929,155.27310595847666,3019.988694841042
5485.34669428505,4.6681537833064795,155.6131272111088,3019.988694841042
5493.688733646646,4.6681537833064795,155.6131272111088,3026.5420963522047
5494.355622220784,4.681773062795401,156.2504071649164,3026.5420963522047
5499.513942949474,4.681773062795401,156.2504071649164,3028.7099803518504
5509.930082198232,4.686263574287295,157.35306799970567,3028.7099803518504
5515.6621211878955,4.686263574287295,157.35306799970567,3033.4334833864123
5516.651125719771,4.687297621741891,158.2242577522993,3033.4334833864123
5525.947270171717,4.687297621741891,158.2242577522993,3040.3094572871923
5526.288630319759,4.688379360362887,158.2717472203076,3040.3094572871923
5537.996990852058,4.688379360362887,158.2717472203076,3049.6422209423035
5538.843235099688,4.689485043287277,158.86146857962012,3049.6422209423035
5545.354970352724,4.689485043287277,158.86146857962012,3054.4344340432435
5556.312159396708,4.741701988503337,159.8082132153213,3054.4344340432435
5560.884643724188,4.741701988503337,159.8082132153213,3056.4278213027865
5562.058604309335,4.742977971211076,160.42751343920827,3056.4278213027865
5584.952989753336,4.742977971211076,160.42751343920827,3071.587223513052
5586.101478327066,4.744169373065233,161.37995857559144,3071.587223513052
5594.699087509885,4.744169373065233,161.37995857559144,3077.909714333713
5595.00416271016,4.745176400989294,161.66366124525666,3077.909714333713
5600.918722420931,4.745176400989294,161.66366124525666,3082.6167095787823
5611.738886496052,4.994247077032924,162.22326596081257,3082.6167095787823
5616.10236804001,4.994247077032924,162.22326596081257,3085.1339244917035
5617.137081757188,4.9956386014819145,162.60761286877096,3085.1339244917035
5626.701229773462,4.9956386014819145,162.60761286877096,3091.9793993644416
5627.4754464402795,4.996867045760155,163.0556225180626,3091.9793993644416
5631.312771487981,4.996867045760155,163.0556225180626,3094.598237497732
5631.711495541036,4.99793235771358,163.30989674851298,3094.598237497732
5639.937573321164,4.99793235771358,163.30989674851298,3101.3080092668533
5648.552017064765,5.00228201970458,164.04334763623774,3101.3080092668533
5659.41110108234,5.00228201970458,164.04334763623774,3108.148049801588
5660.162783132866,5.003413630649447,164.602531991899,3108.148049801588
5666.746966967359,5.003413630649447,164.602531991899,3110.307900192216
5667.587107392028,5.004637282341719,165.2681034412235,3110.307900192216
5677.817841909826,5.004637282341719,165.2681034412235,3116.2262986507267
5678.6743852086365,5.005829913541675,165.74244745634496,3116.2262986507267
5687.8223786614835,5.005829913541675,165.74244745634496,3123.310309842229
5696.943197706714,5.010094244033098,165.76006144843996,3123.310309842229
5705.723726416007,5.010094244033098,165.76006144843996,3129.8856174461544
5706.54155728966,5.0112067721784115,166.18115940317512,3129.8856174461544
5714.283514171839,5.0112067721784115,166.18115940317512,3132.4181619137526
5714.973513379693,5.012215549126267,166.7365739941597,3132.4181619137526
5720.361496312544,5.012215549126267,166.7365739941597,3136.0533637013286
5721.810905029997,5.0132429879158735,167.63256378658116,3136.0533637013286
5729.324708076194,5.0132429879158735,167.63256378658116,3140.806322425604
5738.660743076354,5.017608946189284,168.0228961315006,3140.806322425604
5750.778095677495,5.017608946189284,168.0228961315006,3147.997074926272
5751.6384095121175,5.018717547878623,168.5173508990556,3147.997074926272
5763.352532198653,5.018717547878623,168.5173508990556,3155.15587865375
5764.499570166692,5.019890489056706,169.0333444327116,3155.15587865375
5772.414076209068,5.019890489056706,169.0333444327116,3160.1802618429065
5773.750810153782,5.0210192278027534,170.33073211833835,3160.1802618429065
5782.445154452696,5.0210192278027534,170.33073211833835,3166.300782226026
5793.57655377686,5.025824325159192,170.87287238240242,3166.300782226026
5802.647060792893,5.025824325159192,170.87287238240242,3171.678149525076
5803.299230027944,5.026940515264869,171.24831576645374,3171.678149525076
5808.565705677494,5.026940515264869,171.24831576645374,3175.0857338327914
5808.973157364875,5.028129005804658,171.27437279187143,3175.0857338327914
5814.717699756846,5.028129005804658,171.27437279187143,3179.0233641155064
5815.4147475250065,5.0292576272040606,171.37635543569922,3179.0233641155064
5821.876979554072,5.0292576272040606,171.37635543569922,3182.7759097144008
5831.8860896117985,5.072894833981991,172.1347451750189,3182.7759097144008
5842.366753345355,5.072894833981991,172.1347451750189,3189.655795753002
5843.742421435192,5.074047373607755,173.250846138224,3189.655795753002
5851.223871216178,5.074047373607755,173.250846138224,3195.830605763942
5852.561874937266,5.075069140642881,174.17653740011156,3195.830605763942
5857.902495699003,5.075069140642881,174.17653740011156,3197.8256093524396
5858.869771441445,5.07613986171782,174.71352733112872,3197.8256093524396
5866.084353141487,5.07613986171782,174.71352733112872,3203.9778465516865
5874.687258319929,5.117655720561743,175.08947266824543,3203.9778465516865
5878.840702936053,5.117655720561743,175.08947266824543,3206.315468551591
5879.054714960977,5.118671597912908,175.2032452709973,3206.315468551591
5883.48002804257,5.118671597912908,175.2032452709973,3208.918890396133
5884.249541949481,5.119780149310827,175.71636560745537,3208.918890396133
5893.536199880764,5.119780149310827,175.71636560745537,3214.462580949068
5894.794184476137,5.120940441265702,176.39628385566175,3214.462580949068
5903.768354579806,5.120940441265702,176.39628385566175,3219.63536725007
5911.258717669174,5.125236131250858,177.14929414354265,3219.63536725007
5920.893901793286,5.125236131250858,177.14929414354265,3226.8373519070446
5921.475129697472,5.126868771389127,177.59498025476933,3226.8373519070446
5924.917418768629,5.126868771389127,177.59498025476933,3228.731614375487
5925.125818720087,5.128044310957193,177.7189442422241,3228.731614375487
5933.102839626372,5.128044310957193,177.7189442422241,3235.427807506174
5933.335141977295,5.129148410633206,177.74056381732225,3235.427807506174
5942.015591088682,5.129148410633206,177.74056381732225,3242.986757205799
5953.808696985245,5.133458698168397,178.94774375669658,3242.986757205799
5968.521140098572,5.133458698168397,178.94774375669658,3250.4701202567667
5969.3747698199,5.22972059994936,179.6745403651148,3250.4701202567667
5973.621556097642,5.22972059994936,179.6745403651148,3252.719193575904
5975.649465970695,5.230865132063627,181.06452989205718,3252.719193575904
5981.939108837396,5.230865132063627,181.06452989205718,3256.514408322051
5982.350284902379,5.232018934562802,181.0892997570336,3256.514408322051
5991.767885569483,5.232018934562802,181.0892997570336,3261.337784089148
6000.780852159485,5.275603076443076,181.9537810496986,3261.337784089148
6015.0461097005755,5.275603076443076,181.9537810496986,3272.951963754371
6015.90250903368,5.276698186993599,182.68715224415064,3272.951963754371
6028.52813612856,5.276698186993599,182.68715224415064,3282.3923286423087
6029.753838345408,5.277845077216625,183.67110004648566,3282.3923286423087
6046.702450636774,5.277845077216625,183.67110004648566,3292.636251490563
6047.758769780397,5.278989007696509,184.40052979066968,3292.636251490563
6062.902742806822,5.278989007696509,184.40052979066968,3301.1671420410275
6071.405771354213,5.283352805301547,184.5382577534765,3301.1671420410275
6079.647575236857,5.283352805301547,184.5382577534765,3306.3608327079564
6080.263532401994,5.284537045285106,185.06335738673806,3306.3608327079564
6092.723954796791,5.284537045285106,185.06335738673806,3313.78278109245
6093.4650542046875,5.285688458010554,185.52248788252473,3313.78278109245
6102.964070145041,5.285688458010554,185.52248788252473,3318.4672100190073
6104.636318543926,5.286840619519353,186.61257291957736,3318.4672100190073
6113.801361497492,5.286840619519353,186.61257291957736,3325.1650745067745
6124.00299584493,5.291232902556658,187.8210741598159,3325.1650745067745
6130.789211507887,5.291232902556658,187.8210741598159,3330.371262619272
6131.030892943963,5.2923442758619785,187.98551739007235,3330.371262619272
6136.5043697319925,5.2923442758619785,187.98551739007235,3332.4517850559205
6137.803181504831,5.2935516480356455,189.06897241063416,3332.4517850559205
6145.379859268665,5.2935516480356455,189.06897241063416,3338.867107562721
6146.127612061799,5.29465257935226,189.32324379868805,3338.867107562721
6158.625940468162,5.29465257935226,189.32324379868805,3346.963015338406
6167.190741509199,5.374063976109028,190.46267093531787,3346.963015338406
6177.1895740721375,5.374063976109028,190.46267093531787,3353.590510280803
6178.195672089234,5.375267617404461,191.01303519494832,3353.590510280803
6189.3112324196845,5.375267617404461,191.01303519494832,3360.6699226759374
6189.797075048089,5.376291306689382,191.49190619401634,3360.6699226759374
6197.644638767466,5.376291306689382,191.49190619401634,3363.661006098613
6198.850717997178,5.3773322850465775,192.27996705658734,3363.661006098613
6210.742106130347,5.3773322850465775,192.27996705658734,3372.156308962032
6219.58861990273,5.381489330902696,192.66421600431204,3372.156308962032
6223.34325956367,5.381489330902696,192.66421600431204,3373.902919901535
6224.555557928979,5.382551612332463,193.59840219467878,3373.902919901535
6232.251964809373,5.382551612332463,193.59840219467878,3379.360072625801
6233.285842597485,5.3837466556578875,194.4524070583284,3379.360072625801
6242.23830312863,5.3837466556578875,194.4524070583284,3384.9304684009403
6242.867482632399,5.384850675240159,194.65235394984484,3384.9304684009403
6246.750035639852,5.384850675240159,194.65235394984484,3387.135318355635
6254.4143600631505,5.495443392544985,195.5445298217237,3387.135318355635
6263.739588212222,5.495443392544985,195.5445298217237,3390.8154826592654
6264.608308237046,5.496499663218856,196.29307823255658,3390.8154826592654
6274.181081011891,5.496499663218856,196.29307823255658,3397.5405538603663
6275.150185016915,5.497499819844961,196.9869052618742,3397.5405538603663
6283.325094619766,5.497499819844961,196.9869052618742,3401.9895186107606
6284.400665614754,5.498699592426419,197.50710010156035,3401.9895186107606
6290.994480377063,5.498699592426419,197.50710010156035,3406.2008472587913
6300.459261039272,5.578376531600952,198.4588584639132,3406.2008472587913
6307.541899600998,5.578376531600952,198.4588584639132,3411.1137757021934
6308.305781075731,5.57942328043282,198.9370449539274,3411.1137757021934
6318.136032478884,5.57942328043282,198.9370449539274,3417.1669944301248
6319.490741789341,5.580522608011961,200.0316637456417,3417.1669944301248
6329.84271139279,5.580522608011961,200.0316637456417,3424.3826832585037
6330.599198902026,5.581639789044857,200.71599526144564,3424.3826832585037
6338.03552105464,5.581639789044857,200.71599526144564,3428.1499260459095
6349.500277407467,5.586497755721211,200.97105892561376,3428.1499260459095
6360.440183436498,5.586497755721211,200.97105892561376,3434.155784642324
6361.263320297003,5.58762913569808,201.59697250463068,3434.155784642324
6369.3393726293,5.58762913569808,201.59697250463068,3437.946854505688
6370.538219263777,5.58881969563663,202.0490453261882,3437.946854505688
6379.874772604555,5.58881969563663,202.0490453261882,3442.3959253951907
6381.237445704639,5.589778771623969,203.1785288322717,3442.3959253951907
6384.123629448935,5.589778771623969,203.1785288322717,3444.161168700084
6390.504103088751,5.599716551601887,204.01454802975059,3444.161168700084
6396.191393297166,5.599716551601887,204.01454802975059,3448.101706724614
6396.711100639775,5.601311020553112,204.5023811198771,3448.101706724614
6406.473925160244,5.601311020553112,204.5023811198771,3456.2145917601883
6406.806173697114,5.602388059720397,204.70200344733894,3456.2145917601883
6415.319381572306,5.602388059720397,204.70200344733894,3462.818813405931
6415.835161564872,5.603604082018137,204.81791391037405,3462.818813405931
6426.157022845,5.603604082018137,204.81791391037405,3467.829400330782
6436.196861241013,5.608158603310585,205.15962813422084,3467.829400330782
6445.6816179566085,5.608158603310585,205.15962813422084,3474.711809530854
6445.892805336043,5.609251642599702,205.33940368704498,3474.711809530854
6453.076158223674,5.609251642599702,205.33940368704498,3479.0765408631414
6454.124664796516,5.610394652932882,206.09896696545184,3479.0765408631414
6462.400950344279,5.610394652932882,206.09896696545184,3484.6804074570537
6463.542379779741,5.6114230919629335,206.92540426924825,3484.6804074570537
6472.581571653485,5.6114230919629335,206.92540426924825,3492.558061208576
6484.130890252069,5.77359071560204,208.0904870722443,3492.558061208576
6497.020132988691,5.77359071560204,208.0904870722443,3502.0232081897557
6497.120448283851,5.774798307567835,208.1042025052011,3502.0232081897557
6506.546275088564,5.774798307567835,208.1042025052011,3508.9899485688657
6506.987828442827,5.776024080812931,208.19199176318944,3508.9899485688657
6513.704838134348,5.776024080812931,208.19199176318944,3514.618659755215
6513.883968455717,5.77712026797235,208.20635861717165,3514.618659755215
6517.57495839335,5.77712026797235,208.20635861717165,3515.4651275593787
6529.585907891393,5.7813049126416445,208.82973493263125,3515.4651275593787
6540.754999265075,5.7813049126416445,208.82973493263125,3519.493732906878
6541.175522012636,5.7824226431548595,208.8711983319372,3519.493732906878
6547.532557420433,5.7824226431548595,208.8711983319372,3524.0072958022356
6548.819106532261,5.783516936004162,209.97940090298653,3524.0072958022356
6555.220839513466,5.783516936004162,209.97940090298653,3528.494355302304
6556.175272803754,5.78467601723969,210.62538667209446,3528.494355302304
6567.237403387204,5.78467601723969,210.62538667209446,3537.0402362160385
6574.8116215299815,5.801111597567797,210.99540659412742,3537.0402362160385
6585.821978846565,5.801111597567797,210.99540659412742,3544.8657514080405
6585.911330524832,5.802175417542458,211.03893812187016,3544.8657514080405
6598.541892100126,5.802175417542458,211.03893812187016,3553.573190866038
6599.787842456251,5.803272698074579,211.82132538966835,3553.573190866038
6612.506336860359,5.803272698074579,211.82132538966835,3563.7080637030303
6613.1434538289905,5.808911429718137,212.2137126736343,3563.7080637030303
6617.162528317422,5.808911429718137,212.2137126736343,3566.317351868376
6626.888629233465,5.955792732536793,212.58404818177223,3566.317351868376
6638.962997755036,5.955792732536793,212.58404818177223,3575.9832834731787
6639.778137955815,5.956962144002318,213.32682825438678,3575.9832834731787
6653.482020979747,5.956962144002318,213.32682825438678,3585.954471927136
6654.650346647948,5.958147864788771,213.89105733670294,3585.954471927136
6667.602047720924,5.958147864788771,213.89105733670294,3595.87710801512
6668.8429106250405,5.95934702642262,215.01222795806825,3595.87710801512
6686.308381890878,5.95934702642262,215.01222795806825,3605.9145118296146
6697.568928638473,6.150798667222261,215.83520008064806,3605.9145118296146
6719.288118259981,6.150798667222261,215.83520008064806,3620.0126174502075
6720.268462622538,6.151942878961563,216.4771125856787,3620.0126174502075
6737.4593133646995,6.151942878961563,216.4771125856787,3632.939545672387
6738.7852327320725,6.153095426037908,217.23528422042727,3632.939545672387
6744.822566764429,6.153095426037908,217.23528422042727,3636.906427660957
6745.795426692814,6.1543216574937105,217.76822762936354,3636.906427660957
6755.57041352801,6.1543216574937105,217.76822762936354,3642.9696596488357
6766.937373435125,6.19708839058876,219.00645802170038,3642.9696596488357
6773.096519766375,6.19708839058876,219.00645802170038,3645.9664658475667
6775.018320854753,6.198329243808985,220.29240759834647,3645.9664658475667
6788.718122696504,6.198329243808985,220.29240759834647,3654.901435509324
6789.149888409302,6.199622577056289,220.4687273018062,3654.901435509324
6792.711240977049,6.199622577056289,220.4687273018062,3656.426060838625
6793.338960386813,6.200694136321545,221.0092207659036,3656.426060838625
6798.105933951214,6.200694136321545,221.0092207659036,3658.67869576253
6810.144135983661,6.205112183466554,221.93218525871634,3658.67869576253
6826.730762831867,6.205112183466554,221.93218525871634,3670.6150663644075
6827.940728547052,6.206311596557498,222.73457146808505,3670.6150663644075
6833.653472265229,6.206311596557498,222.73457146808505,3674.1080227624625
6833.979943208396,6.207407858222723,222.76207778789103,3674.1080227624625
6841.629844715819,6.207407858222723,222.76207778789103,3679.8133061844856
6843.753884704784,6.208596337586641,223.4496782887727,3679.8133061844856
6857.790474364534,6.208596337586641,223.4496782887727,3687.8187297843397
6862.649058079347,6.212927700951695,223.55531780794263,3687.8187297843397
6868.282893775031,6.212927700951695,223.55531780794263,3690.74721936509
6869.909614851698,6.214122472330928,224.69781263545156,3690.74721936509
6876.014570152387,6.214122472330928,224.69781263545156,3694.6145402956754
6877.203360969201,6.215328633785248,225.53664816729724,3694.6145402956754
6889.489895248786,6.215328633785248,225.53664816729724,3702.0613939650357
6890.075200973079,6.216402372345328,225.93857316114008,3702.0613939650357
6897.980959760025,6.216402372345328,225.93857316114008,3708.9975698757917
6907.577202280983,6.221519190818071,226.75242760032415,3708.9975698757917
6924.046788800508,6.221519190818071,226.75242760032415,3720.4775960911065
6925.13333872892,6.222687939181924,227.42311380431056,3720.4775960911065
6936.321483636275,6.222687939181924,227.42311380431056,3726.948634251952
6937.228804079816,6.223827639594674,228.11542227678,3726.948634251952
6947.32420677878,6.223827639594674,228.11542227678,3731.838782262057
6949.290399124846,6.2249874491244555,229.32210746221244,3731.838782262057
6959.107333427295,6.2249874491244555,229.32210746221244,3736.582364251837
6969.333994280547,6.229214482009411,229.7886857818812,3736.582364251837
6978.125390496105,6.229214482009411,229.7886857818812,3741.703715102747
6978.462587639689,6.230363693088293,229.8217825256288,3741.703715102747
6990.167306348681,6.230363693088293,229.8217825256288,3749.2322552297264
6990.623936396092,6.231475433334708,230.04961343482137,3749.2322552297264
6997.9488554522395,6.231475433334708,230.04961343482137,3754.767306784168
6998.153781160712,6.232842797413468,230.0633930992335,3754.767306784168
7006.971901163459,6.232842797413468,230.0633930992335,3762.445004634559
7016.653380224481,6.237289005890489,231.2966234833002,3762.445004634559
7026.221160423011,6.237289005890489,231.2966234833002,3766.5998680628836
7027.888654410839,6.238333923742175,232.40986225940287,3766.5998680628836
7050.749564193189,6.238333923742175,232.40986225940287,3782.904173359275
7051.643050497398,6.240064205601811,233.0750108473003,3782.904173359275
7063.358759921044,6.240064205601811,233.0750108473003,3792.6080656796694
7064.139246668667,6.241170646622777,233.55983847007155,3792.6080656796694
7071.501841835678,6.241170646622777,233.55983847007155,3796.9623861312866
7080.623584911227,6.248158730566502,234.37376799620688,3796.9623861312866
7088.060944085941,6.248158730566502,234.37376799620688,3801.2983079627156
7089.01187004894,6.249208677560091,235.09249330870807,3801.2983079627156
7095.014389364049,6.249208677560091,235.09249330870807,3804.2420653514564
7096.241654155776,6.250293258577585,235.6331992968917,3804.2420653514564
7105.907323896885,6.250293258577585,235.6331992968917,3809.4983034431934
7106.095211273059,6.251295525580645,235.7684459555894,3809.4983034431934
7124.993178080767,6.251295525580645,235.7684459555894,3824.3307258822024
7135.657041812316,6.255657805129886,237.11620330251753,3824.3307258822024
7142.982743348926,6.255657805129886,237.11620330251753,3829.988029250875
7144.030241684988,6.256892746314406,237.63006404414773,3829.988029250875
7150.176126591861,6.256892746314406,237.63006404414773,3833.411035815254
7150.957514550537,6.258041286841035,237.85845427028835,3833.411035815254
7152.588552808389,6.258041286841035,237.85845427028835,3834.078660996631
7153.098828099668,6.2591343354433775,238.17603019438684,3834.078660996631
7169.180777341127,6.2591343354433775,238.17603019438684,3845.43758062087
7178.959553010762,6.2897918820381165,239.33873915299773,3845.43758062087
7194.27580120787,6.2897918820381165,239.33873915299773,3856.193317372352
7194.790000356734,6.290787128731608,239.63138669356704,3856.193317372352
7204.951895691454,6.290787128731608,239.63138669356704,3863.4230968449265
7206.214931860566,6.292140202596784,240.35721233300865,3863.4230968449265
7210.519732192159,6.292140202596784,240.35721233300865,3866.2082517463714
7210.966820459813,6.29330869205296,240.6276079956442,3866.2082517463714
7224.527170067653,6.29330869205296,240.6276079956442,3875.3257580958307
7235.222991822287,6.39372524432838,240.6437472049147,3875.3257580958307
7240.4082414880395,6.39372524432838,240.6437472049147,3877.582053512335
7241.490561582148,6.394694210961461,241.4274576958269,3877.582053512335
7253.627288412303,6.394694210961461,241.4274576958269,3887.109279509634
7254.966721180826,6.395824631676078,242.16783954761922,3887.109279509634
7263.686566494405,6.395824631676078,242.16783954761922,3891.76755210571
7265.598081249744,6.396912612020969,244.03262649662793,3891.76755210571
7278.207597568631,6.396912612020969,244.03262649662793,3898.0328999441117
7288.278585378081,6.401397073641419,245.10004138574004,3898.0328999441117
7302.831033488736,6.401397073641419,245.10004138574004,3908.3720833919942
7303.090631017461,6.402570582926273,245.12658354267478,3908.3720833919942
7310.880320504308,6.402570582926273,245.12658354267478,3914.8234071526676
7312.300150491297,6.403641682118177,246.26793406158686,3914.8234071526676
7323.486145012081,6.403641682118177,246.26793406158686,3919.7888401765376
7324.040075177327,6.404840663075447,246.42064147815108,3919.7888401765376
7329.392841173336,6.404840663075447,246.42064147815108,3921.85772485286
7339.008729539812,6.50844269990921,246.74449620582163,3921.85772485286
7348.634852824733,6.50844269990921,246.74449620582163,3929.7916939407587
7349.229234183207,6.5095041412860155,247.1995787564665,3929.7916939407587
7367.10006092675,6.5095041412860155,247.1995787564665,3940.990911845118
7368.663362460211,6.510720202699304,248.54381382092834,3940.990911845118
7381.623895408586,6.510720202699304,248.54381382092834,3948.663973007351
7382.8077635560185,6.511840902268887,249.5932427458465,3948.663973007351
7390.603927962482,6.511840902268887,249.5932427458465,3952.2803361359984
7403.708650823683,6.516183692961931,251.04708755388856,3952.2803361359984
7417.805372647941,6.516183692961931,251.04708755388856,3961.4103323854506
7419.278986504301,6.517374211922288,251.43555793352425,3961.4103323854506
7424.7425198964775,6.517374211922288,251.43555793352425,3964.2638060022146
7425.40344338119,6.518497930839658,251.76227076351643,3964.2638060022146
7439.086475696415,6.518497930839658,251.76227076351643,3971.647744221613
7439.311655504629,6.519655458629131,251.8739628791809,3971.647744221613
7455.361611127853,6.519655458629131,251.8739628791809,3981.1855722367764
7467.6385258268565,6.66246990673244,252.24315727874637,3981.1855722367764
7495.181340267882,6.66246990673244,252.24315727874637,3999.828236013651
7496.634457472712,6.663538463413715,253.48316792957485,3999.828236013651
7505.4495014585555,6.663538463413715,253.48316792957485,4006.5408461093903
7506.495775716379,6.66468302346766,254.326391171664,4006.5408461093903
7517.1246348284185,6.66468302346766,254.326391171664,4014.5153594147414
7518.128708427772,6.665977407246828,255.07361638732255,4014.5153594147414
7534.064780391753,6.665977407246828,255.07361638732255,4023.9812601581216
7542.377863820642,6.731464304029942,255.2168337162584,4023.9812601581216
7557.951648300514,6.731464304029942,255.2168337162584,4034.561683654785
7559.340277461335,6.732585903257132,256.2661885302514,4034.561683654785
7571.765802305192,6.732585903257132,256.2661885302514,4040.580659147352
7572.3102842811495,6.733635840937495,256.7415118776262,4040.580659147352
7590.436835326254,6.733635840937495,256.7415118776262,4051.9066923242062
7591.66440840438,6.734812879934907,257.8778908625245,4051.9066923242062
7608.114237768576,6.734812879934907,257.8778908625245,4064.8300878424197
7618.292194006965,6.739129336550832,258.2769769039005,4064.8300878424197
7630.44583664462,6.739129336550832,258.2769769039005,4072.325975459069
7632.527992952615,6.740340499207377,259.6711972691119,4072.325975459069
7647.333157392219,6.740340499207377,259.6711972691119,4082.8721377719194
7648.151118827984,6.741647873073816,260.05416798219085,4082.8721377719194
7657.6217876616865,6.741647873073816,260.05416798219085,4090.4583068992943
7658.259022379294,6.742648391053081,260.6762673035264,4090.4583068992943
7673.459952611476,6.742648391053081,260.6762673035264,4100.216546304524
7684.176126113161,6.901552250608802,261.9328228197992,4100.216546304524
7689.989898299798,6.901552250608802,261.9328228197992,4104.000047205016
7692.19094992429,6.9026646707206964,263.39435749314725,4104.000047205016
7704.329942872748,6.9026646707206964,263.39435749314725,4109.886370977387
7706.1314281169325,6.90378393791616,265.0427744984627,4109.886370977387
7717.1481265779585,6.90378393791616,265.0427744984627,4118.2380338050425
7717.97316752933,6.90496689081192,265.7462136019021,4118.2380338050425
7728.059544799849,6.90496689081192,265.7462136019021,4125.273771513253
7740.07476194948,6.909507853910327,266.3948422409594,4125.273771513253
7749.731287512928,6.909507853910327,266.3948422409594,4133.1227807644755
7751.499093228951,6.910693293437362,268.03847880102694,4133.1227807644755
7757.293270485476,6.910693293437362,268.03847880102694,4136.369061164558
7757.940162181854,6.911983007565141,268.05293574370444,4136.369061164558
7776.058210834861,6.911983007565141,268.05293574370444,4146.666559413075
7777.886365624145,6.913086457177997,269.1639871094376,4146.666559413075
7799.76128381677,6.913086457177997,269.1639871094376,4163.399667456746
7811.792341038585,6.917472677305341,269.8318153452128,4163.399667456746
7819.578047508374,6.917472677305341,269.8318153452128,4167.040276149288
7820.412291046232,6.918556088581681,270.25672082416713,4167.040276149288
7834.21803727746,6.918556088581681,270.25672082416713,4178.1492079384625
7834.526760984212,6.919589668512344,270.5515318699181,4178.1492079384625
7839.587736437097,6.919589668512344,270.5515318699181,4181.638599893078
7840.149611508474,6.920610988512635,270.943342262879,4181.638599893078
7860.018138909712,6.920610988512635,270.943342262879,4196.276291508228
7869.755757763982,6.931124988943338,271.0539666246623,4196.276291508228
7881.42878260836,6.931124988943338,271.0539666246623,4202.221482930705
7881.726834068075,7.120006877928972,271.06836182437837,4202.221482930705
7898.092541281134,7.120006877928972,271.06836182437837,4211.213259916753
7899.1233446430415,7.121122159063816,271.8639231547713,4211.213259916753
7920.057200482115,7.121122159063816,271.8639231547713,4230.7796612121165
7920.44075098075,7.122120335698128,272.0471434146166,4230.7796612121165
7927.100285151973,7.122120335698128,272.0471434146166,4233.403112506494
7935.944070313126,7.126521477475762,272.6203523725271,4233.403112506494
7953.359186686575,7.126521477475762,272.6203523725271,4243.654643071815
7955.208589604124,7.127687139436603,273.67302952334285,4243.654643071815
7976.774960214272,7.127687139436603,273.67302952334285,4258.516855416819
7977.780064605176,7.128978563472629,274.18413984775543,4258.516855416819
7991.20110232383,7.128978563472629,274.18413984775543,4268.952370939776
7991.773612143472,7.130280859768391,274.52826833724976,4268.952370939776
8012.80548459664,7.130280859768391,274.52826833724976,4282.397927829996
8036.251155041158,7.13472024910152,274.7044843621552,4282.397927829996
8039.511114448309,7.13472024910152,274.7044843621552,4284.5547355581075
8040.468466840684,7.136054374277592,275.19660045579076,4284.5547355581075
8048.2929660808295,7.136054374277592,275.19660045579076,4289.690839994699
8049.063852181658,7.137222316116095,275.5191428847611,4289.690839994699
8058.888330791146,7.137222316116095,275.5191428847611,4297.515122581273
8059.150079367682,7.141505425795913,275.6822289340198,4297.515122581273
8062.702295957133,7.141505425795913,275.6822289340198,4299.394565843046
8072.838718259707,7.205235619097948,276.642862662673,4299.394565843046
8084.137278145179,7.205235619097948,276.642862662673,4307.850185815245
8085.086338784546,7.206359570845962,277.53255998529494,4307.850185815245
8094.511742418632,7.206359570845962,277.53255998529494,4316.251495426521
8094.970272097737,7.207546753808856,277.55285548605025,4316.251495426521
8110.07331328094,7.207546753808856,277.55285548605025,4326.001789338887
8111.038442743942,7.208702174946666,278.44779696688056,4326.001789338887
8114.700159965083,7.208702174946666,278.44779696688056,4327.283041711897
8125.611069923267,7.217331359162927,279.9799107834697,4327.283041711897
8135.41791536659,7.217331359162927,279.9799107834697,4332.638237643987
8136.361331600696,7.227024206891656,280.8346152976155,4332.638237643987
8151.752292275429,7.227024206891656,280.8346152976155,4341.388358803466
8153.914018502459,7.228226250037551,282.6492854356766,4341.388358803466
8160.50823620148,7.228226250037551,282.6492854356766,4345.249054532498
8160.738265477121,7.229446152225137,282.6676110289991,4345.249054532498
8177.790925720707,7.229446152225137,282.6676110289991,4357.622946625575
8188.459392316639,7.2338703740388155,284.28705055080354,4357.622946625575
8195.951443159953,7.2338703740388155,284.28705055080354,4362.099415289238
8196.842591192573,7.234997663646936,285.0933726914227,4362.099415289238
8208.690758338198,7.234997663646936,285.0933726914227,4369.833958052099
8209.895808087662,7.2362143862992525,286.12813580036163,4369.833958052099
8219.787524024025,7.2362143862992525,286.12813580036163,4377.577534712851
8221.504111286253,7.2375414706766605,287.48258911632,4377.577534712851
8228.492120824754,7.2375414706766605,287.48258911632,4381.427717488259
8238.736334249377,7.241855598986149,288.48325544781983,4381.427717488259
8244.486859953031,7.241855598986149,288.48325544781983,4385.319349884987
8245.18724353239,7.24310340359807,289.05453282408416,4385.319349884987
8263.978252377361,7.24310340359807,289.05453282408416,4398.903254615143
8264.112190499902,7.244412317872047,289.07923338375986,4398.903254615143
8268.389032188803,7.244412317872047,289.07923338375986,4400.374293033034
8270.787145089358,7.245599269866943,290.86727232299745,4400.374293033034
8279.738294646144,7.245599269866943,290.86727232299745,4407.199273772538
8290.840890591964,7.250097731128335,291.5591770429164,4407.199273772538
8296.15999141708,7.250097731128335,291.5591770429164,4410.413659622893
8296.668645568192,7.251229932531714,291.99575650319457,4410.413659622893
8309.467891445383,7.251229932531714,291.99575650319457,4418.280282679945
8310.440357951447,7.252384204417467,292.70283957757056,4418.280282679945
8320.818727880716,7.252384204417467,292.70283957757056,4421.9633018523455
8322.145724218339,7.253492446616292,293.7674285583198,4421.9633018523455
8331.925658654422,7.253492446616292,293.7674285583198,4429.59287026152
8342.153383724391,7.260654347017407,293.7852914519608,4429.59287026152
8344.611925324425,7.260654347017407,293.7852914519608,4430.267043730244
8346.457364765927,7.2618532460182905,295.17500166222453,4430.267043730244
8362.818177700043,7.2618532460182905,295.17500166222453,4441.385218888521
8364.723555075005,7.2630063854157925,296.82012414745986,4441.385218888521
8369.760976612568,7.2630063854157925,296.82012414745986,4443.915699092671
8369.886994313449,7.26415996812284,296.83884003944695,4443.915699092671
8378.503872647882,7.26415996812284,296.83884003944695,4448.362771144137
8391.58365576528,7.52224450185895,298.30450641550124,4448.362771144137
8400.437627952546,7.52224450185895,298.30450641550124,4454.663256015629
8402.420755425468,7.524576393887401,299.5824985317886,4454.663256015629
8409.344221424311,7.524576393887401,299.5824985317886,4458.0967443380505
8411.438418015838,7.525681544095278,300.982792371884,4458.0967443380505
8420.058153199032,7.525681544095278,300.982792371884,4465.135388717055
8420.274421889335,7.526913437992334,301.04448587074876,4465.135388717055
8429.48331367597,7.526913437992334,301.04448587074876,4471.779779141769
8435.56468472071,7.5313501581549644,301.31098101474345,4471.779779141769
8442.841379636899,7.5313501581549644,301.31098101474345,4477.37789850682
8442.973627051339,7.532674062997103,301.3327853307128,4477.37789850682
8448.234418615699,7.532674062997103,301.3327853307128,4479.41763792187
8448.72925916873,7.533772250637412,301.8174676205963,4479.41763792187
8456.500077964738,7.533772250637412,301.8174676205963,4485.304447758943
8457.056585768238,7.534905409440398,302.23683193325996,4485.304447758943
8463.118437681347,7.534905409440398,302.23683193325996,4489.729426022619
8473.447760360315,7.699416810646653,303.63394873030484,4489.729426022619
8483.752727756277,7.699416810646653,303.63394873030484,4496.5298521742225
8483.892343703657,7.700590591877699,303.6824962031096,4496.5298521742225
8493.06118420139,7.700590591877699,303.6824962031096,4502.340564941987
8493.331969492137,7.701742250472307,303.83837961405516,4502.340564941987
8503.592118553817,7.701742250472307,303.83837961405516,4510.121571652591
8504.190069124103,7.702905932441354,304.1336140614003,4510.121571652591
8512.818915804848,7.702905932441354,304.1336140614003,4514.682262340561
8523.127774424851,7.713785691186786,304.3873661663383,4514.682262340561
8533.091941200197,7.713785691186786,304.3873661663383,4522.427589414641
8533.865270772949,7.714888170361519,304.94540520198643,4522.427589414641
8537.070673132315,7.714888170361519,304.94540520198643,4524.017698198557
8537.702718283981,7.717098781839013,305.31991736218333,4524.017698198557
8548.213972035795,7.717098781839013,305.31991736218333,4529.901169326156
8549.777443787083,7.718291833996773,306.7382722310722,4529.901169326156
8554.839019561186,7.718291833996773,306.7382722310722,4532.10774611868
8563.95312269777,7.756478959694505,307.15661426074803,4532.10774611868
8572.771354889497,7.756478959694505,307.15661426074803,4538.037730291486
8574.434755386785,7.7576632015407085,308.61058099009097,4538.037730291486
8582.307226192206,7.7576632015407085,308.61058099009097,4543.11898522079
8582.802409289405,7.758797941729426,309.06646583788097,4543.11898522079
8594.892110198736,7.758797941729426,309.06646583788097,4552.579961856827
8595.048560133204,7.760114524513483,309.0847593396902,4552.579961856827
8604.533802768216,7.760114524513483,309.0847593396902,4559.84501814656
8613.737169088796,7.764479637145996,310.46074842475355,4559.84501814656
8624.954208986834,7.764479637145996,310.46074842475355,4566.76445620507
8625.849324475974,7.765625087544322,311.17450870387256,4566.76445620507
8634.29203585349,7.765625087544322,311.17450870387256,4573.149375855923
8635.592811821029,7.76675495877862,312.4305876772851,4573.149375855923
8643.891772355884,7.76675495877862,312.4305876772851,4578.854711351916
8644.40619667992,7.767886407673359,312.6128921341151,4578.854711351916
8658.03383426927,7.767886407673359,312.6128921341151,4589.676208559424
8666.030861930922,7.772284230217338,313.16216810420156,4589.676208559424
8670.095323368907,7.772284230217338,313.16216810420156,4592.818115686998
8670.613655297086,7.773442899808288,313.62909229658544,4592.818115686998
8677.487260157242,7.773442899808288,313.62909229658544,4598.032581502572
8678.229337625206,7.774591417983174,314.15862074680626,4598.032581502572
8687.593475559726,7.774591417983174,314.15862074680626,4604.536254579201
8688.483398139477,7.775718169286847,315.01815330423415,4604.536254579201
8693.171405959874,7.775718169286847,315.01815330423415,4607.729858679697
8699.881519816816,7.8653281684964895,315.3165914323181,4607.729858679697
8706.679076872766,7.8653281684964895,315.3165914323181,4612.644263852388
8707.670239545405,7.866649001836777,315.98463240265846,4612.644263852388
8718.108065331355,7.866649001836777,315.98463240265846,4620.5770426709205
8719.431354133412,7.867845982313156,316.7549301534891,4620.5770426709205
8731.911508899182,7.867845982313156,316.7549301534891,4628.866645416245
8733.260807540268,7.869000773876905,317.8441298082471,4628.866645416245
8745.911779208109,7.869000773876905,317.8441298082471,4638.141123529524
8750.888337956741,7.932730821892619,318.0216235835105,4638.141123529524
8758.456942949444,7.932730821892619,318.0216235835105,4644.087680524215
8758.937560528517,7.933915734291077,318.3935147896409,4644.087680524215
8767.116025052965,7.933915734291077,318.3935147896409,4648.769037300721
8768.437681997195,7.935060013085604,319.54249067790806,4648.769037300721
8778.860363312066,7.935060013085604,319.54249067790806,4657.516370588914
8779.822204940021,7.936266295611858,320.3545823767781,4657.516370588914
8794.851343831047,7.936266295611858,320.3545823767781,4668.33588196151
8800.56386910379,7.969514803960919,320.68247871287167,4668.33588196151
8807.598680270836,7.969514803960919,320.68247871287167,4674.539600407705
8808.356585919857,7.97080022841692,321.0293900128454,4674.539600407705
8820.276264157146,7.97080022841692,321.0293900128454,4683.89616856724
8821.659607391804,7.9721846748143435,321.9280321728438,4683.89616856724
8830.749124400318,7.9721846748143435,321.9280321728438,4691.262661347166
8831.756485642865,7.973457729443908,322.9220496993512,4691.262661347166
8844.810667270795,7.973457729443908,322.9220496993512,4700.447875337675
8855.64610260725,8.12722902186215,324.40787192061543,4700.447875337675
8868.568343659863,8.12722902186215,324.40787192061543,4711.13919746317
8868.817437412217,8.128352090716362,324.4505632929504,4711.13919746317
8873.391157293692,8.128352090716362,324.4505632929504,4714.5212997458875
8874.394960368052,8.129701437428594,324.82264367863536,4714.5212997458875
8884.495849447325,8.129701437428594,324.82264367863536,4721.684195559472
8884.7926663924,8.130832323804498,325.04373590648174,4721.684195559472
8894.038154603913,8.130832323804498,325.04373590648174,4729.091469435021
8901.098215620965,8.135127933695912,325.3502633199096,4729.091469435021
8908.10709470138,8.135127933695912,325.3502633199096,4733.290674420074
8909.074033943936,8.136307606473565,326.18620821647346,4733.290674420074
8919.681752612814,8.136307606473565,326.18620821647346,4740.439452074468
8919.926040129736,8.137401608750224,326.40527096390724,4740.439452074468
8922.65515389666,8.137401608750224,326.40527096390724,4741.929163277149
8923.051129601896,8.138508489355445,326.7540027257055,4741.929163277149
8926.540591580793,8.138508489355445,326.7540027257055,4744.025040239096
8935.294038029388,8.142916960641742,327.21332677453756,4744.025040239096
8941.002775104716,8.142916960641742,327.21332677453756,4747.17838024348
8942.513663614169,8.144167361781001,328.364280058071,4747.17838024348
8952.642780914903,8.144167361781001,328.364280058071,4754.888997808099
8954.121649345383,8.14530617184937,329.506584065035,4754.888997808099
8963.8415384572,8.14530617184937,329.506584065035,4762.133498171344
8964.21251991205,8.14655582420528,329.6275500841439,4762.133498171344
8971.482133489102,8.14655582420528,329.6275500841439,4766.985977616161
8981.669410521165,8.150844492018223,330.0117785241455,4766.985977616161
8987.310325544327,8.150844492018223,330.0117785241455,4772.067771196365
8988.753805017099,8.152019003406167,330.84636844322085,4772.067771196365
8991.611729867756,8.152019003406167,330.84636844322085,4773.706757592037
8991.875039888546,8.15310426428914,331.0649393349886,4773.706757592037
8997.846061104909,8.15310426428914,331.0649393349886,4776.468999320641
8998.076968291774,8.154193283990026,331.20102338306606,4776.468999320641
9006.483923584223,8.154193283990026,331.20102338306606,4781.630994798616
9014.62863774784,8.15857501514256,331.7757541779429,4781.630994798616
9019.916345914826,8.15857501514256,331.7757541779429,4785.97553813085
9020.987390652299,8.15971840545535,332.7786616962403,4785.97553813085
9029.081212187186,8.15971840545535,332.7786616962403,4792.077240118757
9029.56609923765,8.16091530956328,332.8659712597728,4792.077240118757
9036.773931244388,8.16091530956328,332.8659712597728,4797.148279629648
9037.58680406399,8.16205820068717,333.3681670296937,4797.148279629648
9042.501745296642,8.16205820068717,333.3681670296937,4800.303557720035
9049.056943690404,8.167517838999629,333.43956718966365,4800.303557720035
9050.153323603794,8.167517838999629,333.43956718966365,4800.724186759442
9050.218172280118,8.168583758175373,333.49546115100384,4800.724186759442
9060.263973476365,8.168583758175373,333.49546115100384,4808.259771039709
9061.189258404076,8.169672418385744,334.24986184574664,4808.259771039709
9066.50196656771,8.169672418385744,334.24986184574664,4812.3825455754995
9067.680659756064,8.170850997790694,335.3851746916771,4812.3825455754995
9073.732752040029,8.170850997790694,335.3851746916771,4816.631279908121
9080.675172556192,8.25291533023119,336.08055660128593,4816.631279908121
9086.298159880564,8.25291533023119,336.08055660128593,4821.513829225674
9086.378816381097,8.254111383110285,336.11262257397175,4821.513829225674
9096.241268860176,8.254111383110285,336.11262257397175,4827.633917851374
9097.354955043644,8.25516402348876,336.9816949442029,4827.633917851374
9103.568862780929,8.25516402348876,336.9816949442029,4830.548228925094
9104.035465979949,8.256315162405372,337.40520361997187,4830.548228925094
9108.43278106302,8.256315162405372,337.40520361997187,4833.35179396905
9114.78528397344,8.315893463790417,338.0953260306269,4833.35179396905
9120.782696567476,8.315893463790417,338.0953260306269,4835.37402147986
9121.171472309157,8.317198816686869,338.34735731966794,4835.37402147986
9133.668210741132,8.317198816686869,338.34735731966794,4844.424197809771
9134.84345325455,8.318382577970624,339.1686101574451,4844.424197809771
9139.778698023409,8.318382577970624,339.1686101574451,4847.73698855564
9140.33331224136,8.319568619132042,339.63232729770243,4847.73698855564
9143.077742110938,8.319568619132042,339.63232729770243,4849.84886390157
9148.955237550661,8.391291860491037,340.6134924571961,4849.84886390157
9157.16129880771,8.391291860491037,340.6134924571961,4854.588421098888
9157.813146676868,8.39248681254685,341.20232989266515,4854.588421098888
9165.8187093772,8.39248681254685,341.20232989266515,4860.920839333907
9166.448196012527,8.393715914338827,341.72251989133656,4860.920839333907
9172.625414531678,8.393715914338827,341.72251989133656,4865.32685074769
9172.974064659327,8.39491075463593,341.9987271707505,4865.32685074769
9176.71587158367,8.39491075463593,341.9987271707505,4867.872042126954
9183.814086258411,8.430875334888697,342.6976582109928,4867.872042126954
9189.815817125142,8.430875334888697,342.6976582109928,4871.584226315841
9190.618580946699,8.432078957557678,343.2309554386884,4871.584226315841
9198.799144795164,8.432078957557678,343.2309554386884,4878.313723850995
9198.91575343348,8.433211468160152,343.2792028468102,4878.313723850995
9206.836830953136,8.433211468160152,343.2792028468102,4883.982402548194
9208.274058068171,8.434566855430603,344.39109657891095,4883.982402548194
9219.750127792358,8.434566855430603,344.39109657891095,4891.923961982131
9227.127970373258,8.438875401392579,344.85712551139295,4891.923961982131
9233.071369471028,8.438875401392579,344.85712551139295,4895.424643358216
9234.466077264398,8.440006243065,346.03209740668535,4895.424643358216
9238.702957548201,8.440006243065,346.03209740668535,4898.620551478118
9239.510419895872,8.441228264942765,346.73795378394425,4898.620551478118
9245.879595296457,8.441228264942765,346.73795378394425,4902.3970723338425
9246.58049284108,8.44252036884427,347.2413539830595,4902.3970723338425
9251.30872338079,8.44252036884427,347.2413539830595,4906.4795457255095
9258.494413221255,8.447067603468895,348.0919580105692,4906.4795457255095
9261.0130138807,8.447067603468895,348.0919580105692,4907.89987321943
9262.502280892804,8.448214575648308,349.0644680708647,4907.89987321943
9275.548641426489,8.448214575648308,349.0644680708647,4917.400931343436
9276.598129240796,8.449332028627396,350.0285489540547,4917.400931343436
9290.92662382871,8.449332028627396,350.0285489540547,4927.361901286989
9291.336328677833,8.450425758957863,350.39821795374155,4927.361901286989
9297.272279243916,8.450425758957863,350.39821795374155,4931.003267386928
9305.041575022042,8.454774798825383,351.1661561205983,4931.003267386928
9314.785358596593,8.454774798825383,351.1661561205983,4936.781894210726
9315.517572492361,8.45600389316678,351.81436792574823,4936.781894210726
9327.13317498006,8.45600389316678,351.81436792574823,4944.3974263276905
9327.452417200431,8.4572759475559,351.96017173677683,4944.3974263276905
9339.446756821126,8.4572759475559,351.96017173677683,4953.004324976355
9341.107575461268,8.458524292334914,352.7544141933322,4953.004324976355
9345.293304149061,8.458524292334914,352.7544141933322,4955.307543611154
9352.625240622088,8.552227618172765,353.6459357738495,4955.307543611154
9357.993343777955,8.552227618172765,353.6459357738495,4958.817051285878
9358.703106489033,8.553460082039237,354.0358247924596,4958.817051285878
9365.607701152563,8.553460082039237,354.0358247924596,4964.0360998138785
9365.897860515863,8.56949258595705,354.1131505127996,4964.0360998138785
9369.732130073011,8.56949258595705,354.1131505127996,4966.294289726764
9370.50929368101,8.57072794996202,354.7857455275953,4966.294289726764
9375.770316587761,8.57072794996202,354.7857455275953,4969.677573058754
9382.999957423657,8.575374653562903,354.8038291502744,4969.677573058754
9389.910743471235,8.575374653562903,354.8038291502744,4974.63990717195
9390.811667129397,8.57649888470769,355.2584262955934,4974.63990717195
9398.597733767703,8.57649888470769,355.2584262955934,4981.153103871271
9399.081323117018,8.577667217701674,355.5820448435843,4981.153103871271
9401.547889191657,8.577667217701674,355.5820448435843,4982.736677410081
9401.743585281074,8.578810390084982,355.6086899228394,4982.736677410081
9408.663914976642,8.578810390084982,355.6086899228394,4986.790405843407
9416.625904612243,8.719676600769162,356.0844986140728,4986.790405843407
9422.256042515859,8.719676600769162,356.0844986140728,4990.896574636921
9422.760584495962,8.729522552341223,356.39067213982344,4990.896574636921
9430.300153100863,8.729522552341223,356.39067213982344,4996.721575831994
9431.418603796512,8.730628231540322,357.37204642035067,4996.721575831994
9438.935882972553,8.730628231540322,357.37204642035067,5003.106590155512
9439.708174599335,8.731891546398401,357.9318942539394,5003.106590155512
9449.155877629295,8.731891546398401,357.9318942539394,5008.030240766704
9455.668639879674,8.736144496127963,358.225096879527,5008.030240766704
9462.035323200747,8.736144496127963,358.225096879527,5013.4296485334635
9462.121276279911,8.737266218289733,358.2436018679291,5013.4296485334635
9466.241492427886,8.737266218289733,358.2436018679291,5015.4424311909825
9466.94172224775,8.738467020913959,358.7794228978455,5015.4424311909825
9471.2558142934,8.738467020913959,358.7794228978455,5018.134296784177
9471.570594804361,8.739635540172458,358.9484934024513,5018.134296784177
9474.966815600172,8.739635540172458,358.9484934024513,5020.179842455313
9483.748815393075,8.744046760722995,359.2803584448993,5020.179842455313
9489.046391233802,8.744046760722995,359.2803584448993,5022.009672023356
9489.830830547959,8.786310717463493,359.9935524016619,5022.009672023356
9498.941512120888,8.786310717463493,359.9935524016619,5028.245321979746
9499.53261743486,8.787438567727804,360.34642103873193,5028.245321979746
9504.613369779661,8.787438567727804,360.34642103873193,5031.570244193077
9505.311076929793,8.788726411759853,360.66340500861406,5031.570244193077
9515.843117794022,8.788726411759853,360.66340500861406,5039.528637820855
9522.447595359758,8.890110459178686,361.1281151007861,5039.528637820855
9531.027245000005,8.890110459178686,361.1281151007861,5045.891443401575
9531.32699551247,8.91805568151176,361.36700260452926,5045.891443401575
9535.150131752715,8.91805568151176,361.36700260452926,5048.673869330436
9535.32602078095,8.91918983310461,361.52794770896435,5048.673869330436
9540.831033417955,8.91918983310461,361.52794770896435,5053.359940094873
9541.149465292692,8.923596015200019,361.78715521655977,5053.359940094873
9545.358283506706,8.923596015200019,361.78715521655977,5055.425363680348
9550.321395870298,8.9636095687747,361.9928945619613,5055.425363680348
9555.11898178421,8.9636095687747,361.9928945619613,5058.807772163302
9555.442411389202,8.968236384913325,362.14484531991184,5058.807772163302
9569.125522824004,8.968236384913325,362.14484531991184,5068.452363375574
9570.078684223816,8.969464464113116,362.99680362455547,5068.452363375574
9579.012867424637,8.969464464113116,362.99680362455547,5075.33864607662
9579.215420488268,8.970561804249883,363.15598197467625,5075.33864607662
9590.852714659646,8.970561804249883,363.15598197467625,5084.869112851098
9596.755917647853,9.134224908426404,364.04123576544225,5084.869112851098
9607.937966130674,9.134224908426404,364.04123576544225,5091.416864519939
9608.808694064617,9.13528904877603,364.6553848814219,5091.416864519939
9617.108673885465,9.13528904877603,364.6553848814219,5097.6388867441565
9617.329198937863,9.136615622788668,364.74402678757906,5097.6388867441565
9623.772733949125,9.136615622788668,364.74402678757906,5102.571018893272
9624.22994741425,9.137733222916722,365.18415718898177,5102.571018893272
9629.842357857153,9.137733222916722,365.18415718898177,5106.501062437892
9637.8250462953,9.142234208062291,365.6833912730217,5106.501062437892
9639.55979764089,9.142234208062291,365.6833912730217,5107.2118927538395
9639.965275568888,9.143380979076028,366.05407963320613,5107.2118927538395
9646.165721260011,9.143380979076028,366.05407963320613,5111.785245331004
9646.498283891007,9.144650664180517,366.27406463958323,5111.785245331004
9653.433884853497,9.144650664180517,366.27406463958323,5116.792741844431
9653.754482140765,9.145750364288688,366.5503899883479,5116.792741844431
9662.819392543286,9.145750364288688,366.5503899883479,5123.242330096662
9668.609438056126,9.220294831320643,366.6937718372792,5123.242330096662
9672.322239844128,9.220294831320643,366.6937718372792,5125.400417696685
9672.682524660602,9.221463711932302,366.9682238679379,5125.400417696685
9679.042862214148,9.221463711932302,366.9682238679379,5129.195780448616
9679.34264508076,9.222723886370659,367.07325547374785,5129.195780448616
9683.664335250854,9.222723886370659,367.07325547374785,5131.974423844367
9683.925190642476,9.223855186253786,367.2271621748805,5131.974423844367
9688.825244255364,9.223855186253786,367.2271621748805,5134.681622341275
9695.049911089242,9.228275019675493,368.3263388480991,5134.681622341275
9700.503402190283,9.228275019675493,368.3263388480991,5139.056837562472
9700.991467898712,9.229443931952119,368.5485089439899,5139.056837562472
9710.611347885802,9.229443931952119,368.5485089439899,5143.281125806272
9711.590636620298,9.230549093335867,369.40545201301575,5143.281125806272
9723.422567144036,9.230549093335867,369.40545201301575,5154.294779565185
9723.720699511468,9.23164633475244,369.6235144305974,5154.294779565185
9730.059644127265,9.23164633475244,369.6235144305974,5157.380018219352
9737.956166429445,9.236457841470838,370.2525577638298,5157.380018219352
9744.74967363663,9.236457841470838,370.2525577638298,5160.84095791541
9745.984949756414,9.237723112106323,371.3983459547162,5160.84095791541
9752.480858655646,9.237723112106323,371.3983459547162,5165.275042403489
9753.64570004493,9.238878203555942,372.1395576298237,5165.275042403489
9761.643615469337,9.238878203555942,372.1395576298237,5171.858485562727
9762.294982803985,9.240206276997924,372.4502037446946,5171.858485562727
9766.896849012002,9.240206276997924,372.4502037446946,5175.539531575516
9773.87372550182,9.244689347222447,373.5387634150684,5175.539531575516
9778.54718195647,9.244689347222447,373.5387634150684,5178.731294417754
9779.718899928033,9.245987402275205,374.32922623865306,5178.731294417754
9783.115439273417,9.245987402275205,374.32922623865306,5181.429773256183
9783.457183293998,9.247089929878712,374.66177276335657,5181.429773256183
9789.216940199956,9.247089929878712,374.66177276335657,5185.276728121564
9790.442642953247,9.249715149402618,375.34766736254096,5185.276728121564
9798.811793398112,9.249715149402618,375.34766736254096,5190.426284112036
9805.20911671035,9.254038827493787,375.93307442963123,5190.426284112036
9810.9365502242,9.254038827493787,375.93307442963123,5194.728513931856
9812.213406719267,9.255159417167306,377.0107836853713,5194.728513931856
9818.82361394167,9.255159417167306,377.0107836853713,5198.702471382916
9819.538433561102,9.256309056654572,377.66397505253553,5198.702471382916
9823.070649676025,9.256309056654572,377.66397505253553,5200.067920442671
9823.513199744746,9.257393795996904,377.8798831682652,5200.067920442671
9838.990808799863,9.257393795996904,377.8798831682652,5212.440988659859
9845.433862606063,9.2618149202317,378.68919420428574,5212.440988659859
9856.043189672753,9.2618149202317,378.68919420428574,5220.225966535509
9857.027685517445,9.263011561706662,379.57949638552964,5220.225966535509
9864.41948819533,9.263011561706662,379.57949638552964,5226.417603677139
9864.639411251992,9.264104990288615,379.7740131095052,5226.417603677139
9870.94659868069,9.264104990288615,379.7740131095052,5229.973749209195
9871.56155860424,9.26537624374032,380.0903598126024,5229.973749209195
9874.014088198543,9.26537624374032,380.0903598126024,5231.595226339996
9882.131966296583,9.304014220833778,380.19941707886755,5231.595226339996
9888.487851737067,9.304014220833778,380.19941707886755,5235.164529008791
9889.47976851277,9.305195312947035,380.79549079947174,5235.164529008791
9896.196532640606,9.305195312947035,380.79549079947174,5239.540483618155
9897.023977724835,9.30642531439662,381.397676916793,5239.540483618155
9902.306667191908,9.30642531439662,381.397676916793,5243.857799462974
9902.975544791669,9.307581756263971,381.92852295935154,5243.857799462974
9908.993038192391,9.307581756263971,381.92852295935154,5248.406478464603
9915.095294984058,9.341115359216928,381.9573619775474,5248.406478464603
9921.06369177252,9.341115359216928,381.9573619775474,5253.257099080831
9921.581360373646,9.342301370576024,382.0134618654847,5253.257099080831
9934.432402133942,9.342301370576024,382.0134618654847,5263.550008812919
9935.34143538028,9.343423202633858,382.63954587094486,5263.550008812919
9938.72340852581,9.343423202633858,382.63954587094486,5266.147811487317
9939.356999069452,9.344556793570518,383.2414698153734,5266.147811487317
9948.359964028,9.344556793570518,383.2414698153734,5271.921327896416
9953.80662906915,9.367449913173914,383.7253879662603,5271.921327896416
9960.6191475261,9.367449913173914,383.7253879662603,5276.541483109817
9961.140053495765,9.368693895637989,384.09350273385644,5276.541483109817
9964.171962564811,9.368693895637989,384.09350273385644,5278.416106885299
9964.333961529657,9.369838675484061,384.1897123660892,5278.416106885299
9967.847889505327,9.369838675484061,384.1897123660892,5279.750488009304
9968.586901467294,9.370955714955926,384.7618173137307,5279.750488009304
9973.656560916454,9.370955714955926,384.7618173137307,5282.209338821471
9978.039483301342,9.375372178852558,384.999553816393,5282.209338821471
9982.096204079688,9.375372178852558,384.999553816393,5285.099702173844
9982.231548998505,9.376488579437137,385.1007802411914,5285.099702173844
9983.736688869074,9.376488579437137,385.1007802411914,5286.078765571117
9984.104320088401,9.377642210572958,385.36589357443154,5286.078765571117
9988.819323800504,9.377642210572958,385.36589357443154,5289.101227389649
9989.29546970129,9.378986166790128,385.6349983625114,5289.101227389649
9993.477559331805,9.378986166790128,385.6349983625114,5291.734110625461
9999.327726075426,9.38341311737895,385.81464684195817,5291.734110625461
10004.102099917829,9.38341311737895,385.81464684195817,5294.637522501871
10004.331679511815,9.395144233480096,385.89339319244027,5294.637522501871
10008.371720099822,9.395144233480096,385.89339319244027,5297.249688265845
10008.849021738395,9.396404284983873,386.24134599231184,5297.249688265845
10010.379063600674,9.396404284983873,386.24134599231184,5297.950195901096
10010.4658778999,9.39747709594667,386.2690985798836,5297.950195901096
10013.813810804859,9.39747709594667,386.2690985798836,5299.51324358955
10019.318812653422,9.40182464569807,386.45233825594187,5299.51324358955
10027.483387736604,9.40182464569807,386.45233825594187,5306.051386388019
10028.24539764598,9.403085228055716,386.9736164212227,5306.051386388019
10033.566875807941,9.403085228055716,386.9736164212227,5310.232026675716
10034.384274924174,9.404239989817142,387.6290850210935,5310.232026675716
10037.685276716948,9.404239989817142,387.6290850210935,5312.053934879601
10038.580597616732,9.405467480421066,388.269318472594,5312.053934879601
10047.609581276774,9.405467480421066,388.269318472594,5317.932036597282
10053.287511609495,9.430533284321427,388.36315282806754,5317.932036597282
10058.094967672601,9.430533284321427,388.36315282806754,5321.47454986535
10059.189537299797,9.431625494733453,389.13445631600916,5321.47454986535
10066.637209504843,9.431625494733453,389.13445631600916,5326.9641259443015
10067.155491191894,9.43286988697946,389.3233801741153,5326.9641259443015
10071.659067060798,9.43286988697946,389.3233801741153,5330.254335694015
10071.989130113274,9.434026006609201,389.541683902964,5330.254335694015
10073.925597989932,9.434026006609201,389.541683902964,5331.03680270724
10079.743816062808,9.438375167548656,390.6559541001916,5331.03680270724
10082.942183788866,9.438375167548656,390.6559541001916,5333.039432594553
10083.501062247902,9.439570548012853,390.93075738847256,5333.039432594553
10092.0062199682,9.439570548012853,390.93075738847256,5338.516745902598
10093.014688309282,9.440694577991962,391.77966836467385,5338.516745902598
10101.345135888085,9.440694577991962,391.77966836467385,5344.072028005496
10101.722779368982,9.441898649558425,391.8885717075318,5344.072028005496
10108.535575337708,9.441898649558425,391.8885717075318,5348.980054281652
10114.680339856073,9.446390213444829,392.28605332411826,5348.980054281652
10118.322842916474,9.446390213444829,392.28605332411826,5351.1567717418075
10118.71722727269,9.44751120172441,392.5442498009652,5351.1567717418075
10123.353529892862,9.44751120172441,392.5442498009652,5355.027265325189
10123.533410465345,9.448572982102633,392.6956281736493,5355.027265325189
10128.260683394969,9.448572982102633,392.6956281736493,5357.033770309761
10128.998365784064,9.44975527189672,393.37899248860776,5357.033770309761
10132.520672563463,9.44975527189672,393.37899248860776,5359.855321960524
10138.424399621785,9.469482343643904,393.9965170621872,5359.855321960524
10140.332954544574,9.469482343643904,393.9965170621872,5360.6726819090545
10140.739931739867,9.470692647621036,394.14312794432044,5360.6726819090545
10145.971240265295,9.470692647621036,394.14312794432044,5362.2425969317555
10146.487449731678,9.471951959654689,394.49160969257355,5362.2425969317555
10149.802222866565,9.471951959654689,394.49160969257355,5364.908243715763
10149.947907753289,9.473051870241761,394.6059834752232,5364.908243715763
10154.242467688397,9.473051870241761,394.6059834752232,5368.876902448013
10160.522753864527,9.526543291285634,395.58226204290986,5368.876902448013
10165.742508472875,9.526543291285634,395.58226204290986,5372.562443098053
10166.095726724714,9.5276831202209,395.8362095206976,5372.562443098053
10172.870544238016,9.5276831202209,395.8362095206976,5378.5021736472845
10173.289897393435,9.529453760012984,395.9373211506754,5378.5021736472845
10177.151364041492,9.529453760012984,395.9373211506754,5379.978153347969
10177.891190838069,9.530734023079276,396.3276987746358,5379.978153347969
10188.226487973705,9.530734023079276,396.3276987746358,5387.249229669571
10191.85193476826,9.535106223076582,396.67189114540815,5387.249229669571
10196.72078705579,9.535106223076582,396.67189114540815,5390.405049437657
10197.43317487277,9.536240002140403,397.2458354085684,5390.405049437657
10205.905787706375,9.536240002140403,397.2458354085684,5396.4642276261
10206.620090248063,9.537472305819392,397.76849785260856,5396.4642276261
10208.814589753747,9.537472305819392,397.76849785260856,5397.609353432432
10209.093954106793,9.538620576262474,398.0106831844896,5397.609353432432
10217.150846498087,9.538620576262474,398.0106831844896,5403.651578808203
10221.997403692454,9.543094517663121,398.379201259464,5403.651578808203
10230.480943277478,9.543094517663121,398.379201259464,5409.206588203087
10230.991110842675,9.544236067682505,398.8061405401677,5409.206588203087
10234.79583151266,9.544236067682505,398.8061405401677,5411.880533570424
10235.268629552796,9.545442091301084,398.9918172676116,5411.880533570424
10242.347746985033,9.545442091301084,398.9918172676116,5417.174527751282
10242.785197660327,9.546584913507104,399.3470902983099,5417.174527751282
10248.9381212648,9.546584913507104,399.3470902983099,5420.187018841505
10253.71010020934,9.551004825159907,399.99788127467036,5420.187018841505
10259.881596948951,9.551004825159907,399.99788127467036,5423.317519521341
10260.1516804602,9.55217832699418,400.1246437933296,5423.317519521341
10265.462708566338,9.55217832699418,400.1246437933296,5426.6043090019375
10265.798807516694,9.553318865597248,400.21304664202034,5426.6043090019375
10271.133701628074,9.553318865597248,400.21304664202034,5428.953314641491
10271.696253510192,9.554505677893758,400.6731992121786,5428.953314641491
10273.98090675287,9.554505677893758,400.6731992121786,5430.702820420265
10278.303287466988,9.559143489226699,401.5030901040882,5430.702820420265
10283.498595841229,9.559143489226699,401.5030901040882,5433.732130676508
10284.230552515015,9.560314867645502,402.0259105786681,5433.732130676508
10287.272154673934,9.560314867645502,402.0259105786681,5435.814873462543
10287.56540651992,9.561420848593116,402.2913848850876,5435.814873462543
10292.933738589287,9.561420848593116,402.2913848850876,5439.834757350385
10293.059274977073,9.562528688460588,402.3909328673035,5439.834757350385
10295.687774136662,9.562528688460588,402.3909328673035,5441.225824883208
10300.637712549418,9.56701478920877,402.7336285188794,5441.225824883208
10306.412170896307,9.56701478920877,402.7336285188794,5444.254455074668
10306.688647195697,9.568174730986357,402.799504281953,5444.254455074668
10310.007996903732,9.568174730986357,402.799504281953,5446.739318944514
10310.695202926174,9.569271130487323,403.36027253232896,5446.739318944514
10317.563588725403,9.569271130487323,403.36027253232896,5450.270755965263
10318.255396213382,9.570516912266612,404.02260869182646,5450.270755965263
10322.831396790221,9.570516912266612,404.02260869182646,5453.511270090938
10328.065947556868,9.574901100248098,404.6473678126931,5453.511270090938
10329.816673634574,9.574901100248098,404.6473678126931,5454.931794309989
10330.541369764134,9.576104672625661,405.1420432329178,5454.931794309989
10337.453469056636,9.576104672625661,405.1420432329178,5459.380712369457
10338.052918745205,9.577212123200297,405.6045416034758,5459.380712369457
10343.681238600984,9.577212123200297,405.6045416034758,5463.413095368072
10343.772167814896,9.578464666381478,405.6380303557962,5463.413095368072
10349.64615243487,9.578464666381478,405.6380303557962,5468.803770516068
10354.332360723987,9.582941686734557,405.79942467808723,5468.803770516068
10361.01787349768,9.582941686734557,405.79942467808723,5473.330780744553
10361.509874980897,9.584218680858612,406.09455401822925,5473.330780744553
10367.53251862526,9.584218680858612,406.09455401822925,5477.610068988055
10367.894167512655,9.585483415052295,406.25627128593624,5477.610068988055
10373.342228084803,9.585483415052295,406.25627128593624,5481.945065680891
10373.862643375993,9.586806768551469,406.5571492109448,5481.945065680891
10380.946427481249,9.586806768551469,406.5571492109448,5486.752650950104
10385.433916863054,9.599243285134435,406.90933342278004,5486.752650950104
10394.078642331064,9.599243285134435,406.90933342278004,5492.149462414905
10394.667044851929,9.600335035473108,407.4545614272356,5492.149462414905
10403.152729211375,9.600335035473108,407.4545614272356,5497.911587158218
10403.854898825288,9.601575778797269,407.98008148930967,5497.911587158218
10407.770767057315,9.601575778797269,407.98008148930967,5501.603897901252
10407.90303266421,9.60263249836862,408.098513584584,5501.603897901252
10414.167916463688,9.60263249836862,408.098513584584,5505.441018408164
10418.892734644935,9.607642659917474,408.64489893987775,5505.441018408164
10425.624119764194,9.607642659917474,408.64489893987775,5510.694864271209
10426.43973415345,9.608739020302892,409.27804054133594,5510.694864271209
10434.002292647958,9.608739020302892,409.27804054133594,5515.887017436326
10434.709753036499,9.609967520460486,409.8224403169006,5515.887017436326
10441.97712512128,9.609967520460486,409.8224403169006,5520.879274353385
10442.553857728839,9.611124092712998,410.2442587800324,5520.879274353385
10448.754157850519,9.611124092712998,410.2442587800324,5525.554850164801
10453.694509817287,9.615575743839145,410.68786359392107,5525.554850164801
10462.383301384747,9.615575743839145,410.68786359392107,5531.873987359926
10463.094219898805,9.616854997351766,411.2568231597543,5531.873987359926
10469.196371892467,9.616854997351766,411.2568231597543,5536.512917010114
10469.611174110323,9.618040656670928,411.42025977931917,5536.512917010114
10477.33564905636,9.618040656670928,411.42025977931917,5541.817124487832
10477.855735750869,9.619167298078537,411.7789337988943,5541.817124487832
10484.228325048462,9.619167298078537,411.7789337988943,5545.748452266678
10488.105677388608,9.623529909178615,412.1060840524733,5545.748452266678
10495.733625067398,9.623529909178615,412.1060840524733,5551.347005875781
10496.067887928337,9.624690381810069,412.34314208105206,5551.347005875781
10504.336292231455,9.624690381810069,412.34314208105206,5557.758765116334
10505.033104436472,9.625840943306684,412.9382888767868,5557.758765116334
10511.26992010884,9.625840943306684,412.9382888767868,5561.225733445957
10511.780970904976,9.626933172345161,413.4280501380563,5561.225733445957
10518.529553256929,9.626933172345161,413.4280501380563,5566.513918276876
10522.607499239966,9.631322864443064,413.87265018746257,5566.513918276876
10530.500982929021,9.631322864443064,413.87265018746257,5571.339633619413
10531.168032441288,9.632592465728521,414.4903424233198,5571.339633619413
10536.74509678036,9.632592465728521,414.4903424233198,5575.567988283932
10537.092611296102,9.633626945316792,414.82330791279674,5575.567988283932
10542.052604662254,9.633626945316792,414.82330791279674,5578.880600139499
10542.79484491609,9.634843777865171,415.4461046922952,5578.880600139499
10551.098649896681,9.634843777865171,415.4461046922952,5584.841375097632
10556.217730380595,9.655403645709157,416.1804864536971,5584.841375097632
10562.740648848936,9.655403645709157,416.1804864536971,5588.432290524244
10563.584213934839,9.656578117981553,416.88172451779246,5588.432290524244
10573.00420261547,9.656578117981553,416.88172451779246,5595.827805409208
10573.555557535961,9.65767864882946,417.3676123339683,5595.827805409208
10578.783146984875,9.65767864882946,417.3676123339683,5599.792732510716
10579.319918550551,9.658787529915571,417.89157317765057,5599.792732510716
10588.331044919789,9.658787529915571,417.89157317765057,5606.189048729837
10592.945389868692,9.66312313824892,418.4464352577925,5606.189048729837
10598.74758823216,9.66312313824892,418.4464352577925,5610.205534813926
10599.15202770941,9.664373932406306,418.74481609649956,5610.205534813926
10606.087037956342,9.664373932406306,418.74481609649956,5615.716097472236
10606.699950346723,9.665558544918895,419.18371942453086,5615.716097472236
10615.980209503323,9.665558544918895,419.18371942453086,5622.62225096114
10616.622397847474,9.666811289265752,419.6480063367635,5622.62225096114
10625.88358008489,9.666811289265752,419.6480063367635,5629.151362491772
10630.726747604087,9.671187151223421,419.9877274502069,5629.151362491772
10639.314329139888,9.671187151223421,419.9877274502069,5635.412852110341
10639.434118300676,9.672248471528292,420.07432578504086,5635.412852110341
10644.838470682502,9.672248471528292,420.07432578504086,5638.86945576407
10645.152054687962,9.673515602946281,420.2720646318048,5638.86945576407
10647.623559745029,9.673515602946281,420.2720646318048,5640.235429383814
10647.999837007374,9.674803925678134,420.4779176861048,5640.235429383814
10653.554733071476,9.674803925678134,420.4779176861048,5644.229042226449
10659.725976904854,9.679355079308152,421.3459220379591,5644.229042226449
10667.762889437377,9.679355079308152,421.3459220379591,5650.045231547207
10668.396643325686,9.680649442598224,421.75526761449873,5650.045231547207
10671.805016044527,9.680649442598224,421.75526761449873,5651.884078444913
10672.200936896726,9.681905606761575,422.1037810072303,5651.884078444913
10677.39059400931,9.681905606761575,422.1037810072303,5654.937463521957
10677.657047240064,9.683126360177994,422.19645321182907,5654.937463521957
10682.736536599696,9.683126360177994,422.19645321182907,5657.488180557266
10690.151017567143,9.731230581179261,422.48386641964316,5657.488180557266
10693.834122048691,9.731230581179261,422.48386641964316,5659.95839650929
10694.295167868957,9.732383649796247,422.76589575596154,5659.95839650929
10698.700764441863,9.732383649796247,422.76589575596154,5663.14466384612
10699.047936940566,9.733695225790143,422.9735580831766,5663.14466384612
10707.656203424558,9.733695225790143,422.9735580831766,5669.064572609961
10707.866557082161,9.734905717894435,422.9965795837343,5669.064572609961
10712.767847448587,9.734905717894435,422.9965795837343,5672.289841268212
10719.719804976135,9.742482047528028,423.4311963506043,5672.289841268212
10723.89041312784,9.742482047528028,423.4311963506043,5674.97847433202
10724.63640959002,9.743801541626453,423.8370797224343,5674.97847433202
10727.241980256513,9.743801541626453,423.8370797224343,5676.835681494325
10727.828735407442,9.745087614282966,424.17925666086376,5676.835681494325
10732.480969196185,9.745087614282966,424.17925666086376,5678.305118126795
10732.976419975981,9.746291864663363,424.58446880988777,5678.305118126795
10735.207483375445,9.746291864663363,424.58446880988777,5678.905723279342
10742.169855087996,9.773791585117579,425.2667913455516,5678.905723279342
10745.19661476463,9.773791585117579,425.2667913455516,5680.3400804288685
10745.597904125229,9.774986708536744,425.4994170181453,5680.3400804288685
10750.281579298899,9.774986708536744,425.4994170181453,5683.026266215369
10750.752614453435,9.776130590587854,425.952933691442,5683.026266215369
10753.681759465486,9.776130590587854,425.952933691442,5684.99283006601
10754.270165951923,9.77732409350574,426.441797722131,5684.99283006601
10758.875808632001,9.77732409350574,426.441797722131,5688.6169144343585
10765.172805236652,9.854671010747552,426.8242199551314,5688.6169144343585
10766.68544287607,9.854671010747552,426.8242199551314,5689.415917403996
10767.034160923213,9.855861824005842,426.9682993404567,5689.415917403996
10774.864137301221,9.855861824005842,426.9682993404567,5693.928577756509
10775.425845796242,9.904782209545374,427.4704873133451,5693.928577756509
10781.833182113245,9.904782209545374,427.4704873133451,5697.638620248064
10782.21439402178,9.906003961339593,427.75136160105467,5697.638620248064
10788.177149612457,9.906003961339593,427.75136160105467,5701.675539759919
10793.46381830424,9.910649156197906,428.3628945518285,5701.675539759919
10799.898036045954,9.910649156197906,428.3628945518285,5706.433606153354
10800.598665095866,9.911868950352073,428.9469034317881,5706.433606153354
10804.819468762726,9.911868950352073,428.9469034317881,5709.94331225194
10805.046064237133,9.913101062178612,429.09540677815676,5709.94331225194
10812.553117984906,9.913101062178612,429.09540677815676,5715.152317663655
10813.349625123665,9.914240561425686,429.81557618640363,5715.152317663655
10822.392193248495,9.914240561425686,429.81557618640363,5721.187237234786
10828.032613353804,9.994951268658042,429.83785287849605,5721.187237234786
10839.73552316986,9.994951268658042,429.83785287849605,5729.507191499695
10840.667572667822,9.99607514962554,430.5054906550795,5729.507191499695
10846.71422784403,9.99607514962554,430.5054906550795,5733.879186207429
10847.296093052253,9.997385561466217,430.9820834118873,5733.879186207429
10850.474093599245,9.997385561466217,430.9820834118873,5735.9247336331755
10851.256244763732,9.99855605326593,431.71566775627434,5735.9247336331755
10854.474293600768,9.99855605326593,431.71566775627434,5738.238906221464
10860.097238397226,10.003115894272923,432.04133816435933,5738.238906221464
10862.005617624149,10.003115894272923,432.04133816435933,5739.219176249579
10862.24774174206,10.004367906600237,432.2448232024908,5739.219176249579
10867.722930070013,10.004367906600237,432.2448232024908,5743.130797334015
10867.805949628353,10.005477167665958,432.2783309817314,5743.130797334015
10872.525428252295,10.005477167665958,432.2783309817314,5747.27502466552
10872.772919360548,10.006662709638476,432.4819722417742,5747.27502466552
10877.561893520877,10.006662709638476,432.4819722417742,5751.334174595773
10883.492841595784,10.011285945773125,432.93843678571284,5751.334174595773
10887.140978666022,10.011285945773125,432.93843678571284,5753.568163556978
10887.58757497184,10.012556159868836,433.2651734948158,5753.568163556978
10893.316878393292,10.012556159868836,433.2651734948158,5757.33235931024
10893.783151216805,10.013843392953277,433.51344500668347,5757.33235931024
10896.342957384884,10.013843392953277,433.51344500668347,5759.214295879006
10897.39698295109,10.015024593099952,434.5318909138441,5759.214295879006
10900.563603509218,10.015024593099952,434.5318909138441,5761.3934643007815
10905.100510653108,10.019543154165149,434.5539093259722,5761.3934643007815
10909.565390519798,10.019543154165149,434.5539093259722,5765.08812331222
10909.621267266572,10.020674344152212,434.5789042301476,5765.08812331222
10915.609288403764,10.020674344152212,434.5789042301476,5768.922081498429
10916.21966323629,10.034235909581184,434.9463975112885,5768.922081498429
10922.839966524392,10.034235909581184,434.9463975112885,5772.222250726074
10923.523876667023,10.035413099452853,435.5166014172137,5772.222250726074
10930.104747634381,10.035413099452853,435.5166014172137,5777.941387640312
10935.482451926917,10.046032154932618,436.4049339275807,5777.941387640312
10945.282270353287,10.046032154932618,436.4049339275807,5785.842722540721
10946.52182178013,10.047299556434155,437.36885751597583,5785.842722540721
10956.106155185029,10.047299556434155,437.36885751597583,5793.805323697627
10957.263204842806,10.048559881746769,438.32339277118444,5793.805323697627
10966.327630499378,10.048559881746769,438.32339277118444,5799.896610068157
10967.119802054018,10.049800315871835,439.0367136504501,5799.896610068157
10972.181124074385,10.049800315871835,439.0367136504501,5803.398839103058
10977.325994059443,10.054311066865921,439.44992145337164,5803.398839103058
10985.94370789826,10.054311066865921,439.44992145337164,5809.396576203406
10986.267609400675,10.055514238774776,439.704083615914,5809.396576203406
10994.140052843839,10.055514238774776,439.704083615914,5816.263701504096
10994.832993037999,10.056724740192294,440.34845905564725,5816.263701504096
11004.033313520253,10.056724740192294,440.34845905564725,5822.8669595345855
11004.862574394792,10.057828839868307,441.102905748412,5822.8669595345855
11014.258784232661,10.057828839868307,441.102905748412,5829.568456470966
11018.325217276812,10.10867404192686,441.35049105249345,5829.568456470966
11025.102601516992,10.10867404192686,441.35049105249345,5833.836041959003
11025.845649944618,10.109778052195907,442.0083101000637,5833.836041959003
11034.864551413804,10.109778052195907,442.0083101000637,5839.993490604684
11035.876667570323,10.11108498647809,442.914611749351,5839.993490604684
11042.965272488073,10.11108498647809,442.914611749351,5845.503997197375
11043.468774750829,10.112326169386506,443.2058761678636,5845.503997197375
11053.149741720408,10.112326169386506,443.2058761678636,5852.631299499422
11058.696615528315,10.116729261353612,444.13554167561233,5852.631299499422
11069.004477106035,10.116729261353612,444.13554167561233,5860.334319692105
11070.07848705165,10.11809735558927,444.90213808603585,5860.334319692105
11075.59061903134,10.11809735558927,444.90213808603585,5864.095321379602
11076.085567777976,10.120348125696182,445.34395919553936,5864.095321379602
11081.153860025108,10.120348125696182,445.34395919553936,5868.30804011412
11081.47017510049,10.121567316353321,445.58002081140876,5868.30804011412
11088.743798935786,10.121567316353321,445.58002081140876,5873.656940380111
11094.37121348828,10.130201183259487,446.17012777365744,5873.656940380111
11099.007229294628,10.130201183259487,446.17012777365744,5877.555857859552
11099.579634323716,10.131365895271301,446.70840466208756,5877.555857859552
11104.887668495998,10.131365895271301,446.70840466208756,5882.092682084069
11105.684695737436,10.13267450965941,447.3321474082768,5882.092682084069
11111.16835946031,10.13267450965941,447.3321474082768,5886.023929167539
11112.203528605402,10.13391432352364,448.10290060937405,5886.023929167539
11119.784031135961,10.13391432352364,448.10290060937405,5892.145338788629
11124.906543305144,10.138499395921826,448.15094649232924,5892.145338788629
11128.53521117568,10.138499395921826,448.15094649232924,5894.75711157918
11128.834301153198,10.139735268428922,448.36452459171414,5894.75711157918
11132.209601383656,10.139735268428922,448.36452459171414,5897.172461574897
11132.738519074395,10.14089184999466,448.8761255554855,5897.172461574897
11135.769704343751,10.14089184999466,448.8761255554855,5899.346052158624
11136.009543821216,10.142053620889783,449.03587496466935,5899.346052158624
11139.990727197379,10.142053620889783,449.03587496466935,5901.762332802638
11145.487896839157,10.146375242620707,449.3664608858526,5901.762332802638
11149.494795748964,10.146375242620707,449.3664608858526,5904.2088507879525
11150.06077920273,10.147536544129252,449.8666284419596,5904.2088507879525
11152.456057036296,10.147536544129252,449.8666284419596,5906.190723704174
11152.87052164413,10.148673765361309,450.2039103452116,5906.190723704174
11157.364673228934,10.148673765361309,450.2039103452116,5909.963308099657
11157.918716428801,10.149970639497042,450.5927108656615,5909.963308099657
11161.06672773324,10.149970639497042,450.5927108656615,5912.244273547083
11166.603258505464,10.154491700232029,450.79207561537623,5912.244273547083
11171.831278501078,10.154491700232029,450.79207561537623,5916.347233155742
11172.247397756204,10.15578786097467,450.99631510302424,5916.347233155742
11177.686602853239,10.15578786097467,450.99631510302424,5920.490505069494
11178.085923263803,10.156933883205056,451.26448362879455,5920.490505069494
11183.834845364094,10.156933883205056,451.26448362879455,5924.216336203739
11184.040752423927,10.158255966380239,451.4386765435338,5924.216336203739
11188.819561077282,10.158255966380239,451.4386765435338,5927.792221279815
11192.25287238881,10.16272239945829,451.46648221090436,5927.792221279815
11196.745577424765,10.16272239945829,451.46648221090436,5931.518569480628
11196.934999965131,10.163964381441474,451.608995186165,5931.518569480628
11200.705322584137,10.163964381441474,451.608995186165,5933.3411601465195
11201.4681314677,10.165198294445872,452.3314253371209,5933.3411601465195
11206.101257167757,10.165198294445872,452.3314253371209,5936.726588279009
11206.70659421198,10.166443197056651,452.80563889443874,5936.726588279009
11212.855520565063,10.166443197056651,452.80563889443874,5941.079402454197
11216.69191327691,10.268039457499981,453.42325576767325,5941.079402454197
11222.151738950983,10.268039457499981,453.42325576767325,5945.179842736572
11222.534295719117,10.269264409318566,453.70129368267953,5945.179842736572
11228.060934305191,10.269264409318566,453.70129368267953,5949.293414101005
11228.45416877605,10.270469872280955,454.0221168268472,5949.293414101005
11232.932837992907,10.270469872280955,454.0221168268472,5952.802689649165
11233.555138779804,10.271763196215034,454.51554366387427,5952.802689649165
11238.131652859971,10.271763196215034,454.51554366387427,5955.827693924308
11240.614599265158,10.276104064658284,454.8379110954702,5955.827693924308
11245.493001608178,10.276104064658284,454.8379110954702,5959.24017537199
11245.93450785242,10.277405256405473,455.26072372868657,5959.24017537199
11250.101436806843,10.277405256405473,455.26072372868657,5962.126548336819
11250.526205655187,10.278647309169173,455.5697616394609,5962.126548336819
11254.316999658942,10.278647309169173,455.5697616394609,5964.793533386663
11254.833850653842,10.280013693496585,455.95541179552674,5964.793533386663
11258.967733521014,10.280013693496585,455.95541179552674,5967.971944967285
11261.939637416974,10.284650266170502,456.2741981446743,5967.971944967285
11265.23105513677,10.284650266170502,456.2741981446743,5970.174282955006
11265.675151586533,10.285825416445732,456.649178346619,5970.174282955006
11270.063328308985,10.285825416445732,456.649178346619,5973.447039335966
11270.19315014407,10.287119597196579,456.69113423116505,5973.447039335966
11274.971449928358,10.287119597196579,456.69113423116505,5976.816413758323
11275.399282053113,10.288205035030842,457.0887027364224,5976.816413758323
11279.838450768963,10.288205035030842,457.0887027364224,5980.089379133657
11282.29581996426,10.3230588324368,457.5523508042097,5980.089379133657
11286.56590615213,10.3230588324368,457.5523508042097,5982.88304810971
11286.74628667906,10.324231082573533,457.6939894333482,5982.88304810971
11291.382978197187,10.324231082573533,457.6939894333482,5986.299816861749
11291.856570316479,10.325412483885884,458.1490909550339,5986.299816861749
11296.645566044375,10.325412483885884,458.1490909550339,5989.73098891601
11297.087125850841,10.328212724998593,458.5312669277191,5989.73098891601
11301.803171928972,10.328212724998593,458.5312669277191,5993.129833132029
11303.932508323342,10.343450885266066,458.55337550863624,5993.129833132029
11307.806025849655,10.343450885266066,458.55337550863624,5995.82704911381
11308.18113874644,10.344609808176756,458.8462257850915,5995.82704911381
11312.702089784667,10.344609808176756,458.8462257850915,5998.948319954798
11312.989913500845,10.345848120748997,458.94166607409716,5998.948319954798
11317.303180035204,10.345848120748997,458.94166607409716,6002.209848422557
11317.702917160466,10.34715605340898,459.2992365434766,6002.209848422557
11320.435395495966,10.34715605340898,459.2992365434766,6004.411735767499
11323.778681106865,10.370676832273602,459.7139484025538,6004.411735767499
11325.621556060389,10.370676832273602,459.7139484025538,6005.377312911674
11326.20610599406,10.371991164982319,460.1494390591979,6005.377312911674
11328.020567644387,10.371991164982319,460.1494390591979,6006.6168495919555
11328.07209553197,10.373238867148757,460.1892597246915,6006.6168495919555
11330.652816615999,10.373238867148757,460.1892597246915,6008.741998635232
11331.2554339692,10.374612813815475,460.7132704462856,6008.741998635232
11334.369692336768,10.374612813815475,460.7132704462856,6010.322071501985
11338.061562051997,10.379170831292868,461.0228926204145,6010.322071501985
11340.920095533133,10.379170831292868,461.0228926204145,6011.8229780662805
11341.265699781477,10.380345493555069,461.3296900615096,6011.8229780662805
11344.538903741166,10.380345493555069,461.3296900615096,6013.548748420551
11344.83745448105,10.38158193603158,461.55825864709914,6013.548748420551
11347.44502964802,10.38158193603158,461.55825864709914,6014.944338750094
11348.071708859876,10.382871320471168,462.0494404900819,6014.944338750094
11352.90085940808,10.382871320471168,462.0494404900819,6018.584705200046
11357.640059350058,10.417380880564451,462.38458986766636,6018.584705200046
11361.891478631645,10.417380880564451,462.38458986766636,6021.9051403440535
11362.148463366553,10.418773194774985,462.5373304914683,6021.9051403440535
11364.57244859077,10.418773194774985,462.5373304914683,6023.516963344067
11364.875721056014,10.419974066317081,462.7685104422271,6023.516963344067
11365.94533748366,10.419974066317081,462.7685104422271,6024.052571006119
11366.460481675342,10.421258291229606,463.17847345396876,6024.052571006119
11370.528417205438,10.421258291229606,463.17847345396876,6027.260270724073
11373.618897657841,10.459266755729914,463.4118414670229,6027.260270724073
11376.877417936921,10.459266755729914,463.4118414670229,6029.23780393973
11377.000385189429,10.460410714149475,463.4940144754946,6029.23780393973
11380.49532211572,10.460410714149475,463.4940144754946,6031.560508798808
11380.699067030102,10.461790820583701,463.56466349214315,6031.560508798808
11383.751886541024,10.461790820583701,463.56466349214315,6033.793207496405
11384.166924426332,10.463385248556733,463.7617481742054,6033.793207496405
11386.626810988411,10.463385248556733,463.7617481742054,6035.151666400954
11389.778986081481,10.467745242640376,464.08538228459656,6035.151666400954
11393.999841975048,10.467745242640376,464.08538228459656,6038.519352104515
11394.491616807878,10.468987256288528,464.3904491048306,6038.519352104515
11397.726052362472,10.468987256288528,464.3904491048306,6040.927723038942
11398.200156884268,10.470190359279513,464.746973734349,6040.927723038942
11402.575367717072,10.470190359279513,464.746973734349,6044.163899594918
11402.802046738565,10.471405712887645,464.8758361842483,6044.163899594918
11408.8637876492,10.471405712887645,464.8758361842483,6048.41659479402
11411.437896983698,10.544965486973524,465.25480344332755,6048.41659479402
11415.157894214615,10.544965486973524,465.25480344332755,6050.816732943058
11415.555803880095,10.54613309726119,465.61309920810163,6050.816732943058
11420.256127461791,10.54613309726119,465.61309920810163,6054.337933378294
11420.739417912439,10.547325477004051,466.0800504628569,6054.337933378294
11424.625681836158,10.547325477004051,466.0800504628569,6057.289575740695
11425.02022462897,10.548507368192077,466.4422890469432,6057.289575740695
11430.203336495906,10.548507368192077,466.4422890469432,6061.2225746661425
11432.849671656266,10.553166264668107,466.79514062032104,6061.2225746661425
11436.845464356244,10.553166264668107,466.79514062032104,6063.904071165249
11437.378805242479,10.554395077750087,467.300299141556,6063.904071165249
11442.170053800568,10.554395077750087,467.300299141556,6067.175760297105
11442.550262153149,10.555612972006202,467.609640320763,6067.175760297105
11444.950888942927,10.555612972006202,467.609640320763,6068.800246994942
11445.442999115214,10.55679021216929,467.9858576133847,6068.800246994942
11449.357971556485,10.55679021216929,467.9858576133847,6071.789983127266
11452.599493499845,10.56148954294622,468.0301572494209,6071.789983127266
11455.671889312565,10.56148954294622,468.0301572494209,6073.582721086219
11455.857460916042,10.562709433957934,468.1875085476786,6073.582721086219
11458.857577838004,10.562709433957934,468.1875085476786,6075.463322175667
11459.277606856078,10.563950795680285,468.4825207144022,6075.463322175667
11461.825766470283,10.563950795680285,468.4825207144022,6077.197027718648
11461.99401621893,10.565152937546372,468.6235209964216,6077.197027718648
11468.00532104075,10.565152937546372,468.6235209964216,6081.847483607009
11470.359303642064,10.569787502288818,468.9528886023909,6081.847483607009
11474.334663301706,10.569787502288818,468.9528886023909,6084.799201861024
11474.676773540676,10.571067264303565,469.2751479987055,6084.799201861024
11479.123266052455,10.571067264303565,469.2751479987055,6087.979838049039
11479.467619029805,10.572265576571226,469.56970816105604,6087.979838049039
11485.002897368744,10.572265576571226,469.56970816105604,6092.0648227687925
11485.310923334211,10.573436316102743,469.8589182179421,6092.0648227687925
11489.517029516399,10.573436316102743,469.8589182179421,6095.195648379624
11491.664826059714,10.57787804864347,470.129481671378,6095.195648379624
11495.285094650462,10.57787804864347,470.129481671378,6097.786706792191
11495.862784745172,10.579126382246614,470.6294686291367,6097.786706792191
11500.269513625652,10.579126382246614,470.6294686291367,6100.49569260329
11500.3936146684,10.580362934619188,470.68471463397145,6100.49569260329
11504.466689355671,10.580362934619188,470.68471463397145,6103.381023589522
11504.85858118534,10.58156929537654,471.0556106455624,6103.381023589522
11508.053821114823,10.58156929537654,471.0556106455624,6105.492197848856
11510.687668636441,10.586385142058134,471.2940572760999,6105.492197848856
11514.579188875854,10.586385142058134,471.2940572760999,6108.944656530395
11515.015858568251,10.587618976831436,471.6679600253701,6108.944656530395
11519.606406077743,10.587618976831436,471.6679600253701,6111.91364194639
11519.78146035038,10.58879154920578,471.8045141659677,6111.91364194639
11524.492813851684,10.58879154920578,471.8045141659677,6115.214566454291
11524.974375495687,10.589957639575005,472.2773258704692,6115.214566454291
11528.885082509369,10.589957639575005,472.2773258704692,6118.201713034883
11530.961064107716,10.5944579038769,472.6612583436072,6118.201713034883
11535.929530045018,10.5944579038769,472.6612583436072,6121.62566236034
11536.309073656797,10.595658576115966,473.0019700881094,6121.62566236034
11540.096656544134,10.595658576115966,473.0019700881094,6124.639462247491
11540.469506194815,10.596764186397195,473.3456928562373,6124.639462247491
11545.8447889518,10.596764186397195,473.3456928562373,6128.782070573419
11546.310211511329,10.597928289324045,473.7910233680159,6128.782070573419
11549.65891337581,10.597928289324045,473.7910233680159,6130.796512372792
11553.239775257185,10.62316714040935,474.152203315869,6130.796512372792
11558.871197361499,10.62316714040935,474.152203315869,6134.906665639952
11559.27576473914,10.624387064948678,474.4412542786449,6134.906665639952
11563.497931338847,10.624387064948678,474.4412542786449,6137.758990466595
11563.711418623105,10.625564966350794,474.602513037622,6137.758990466595
11568.297442380339,10.625564966350794,474.602513037622,6140.858438098803
11568.695492040366,10.626949220895767,474.9300597012043,6140.858438098803
11572.50421048142,10.626949220895767,474.9300597012043,6143.685418983921
11574.623984085396,10.631383962929249,474.981319995597,6143.685418983921
11578.603565743193,10.631383962929249,474.981319995597,6146.68955178
11579.045723868534,10.632619665935636,475.3393824864179,6146.68955178
11583.677333569154,10.632619665935636,475.3393824864179,6150.154333628714
11583.939338058233,10.633768357336521,475.5665766224265,6150.154333628714
11588.525569025427,10.633768357336521,475.5665766224265,6153.66958953999
11589.111963780597,10.634977839887142,476.06304709613323,6153.66958953999
11593.779729092494,10.634977839887142,476.06304709613323,6156.991740010679
11596.548953246325,10.673185255378485,476.5450297817588,6156.991740010679
11601.427873743698,10.673185255378485,476.5450297817588,6160.621860770509
11601.909138064831,10.696665715426207,476.92680455558,6160.621860770509
11605.027979517356,10.696665715426207,476.92680455558,6162.799440331757
11605.264465548098,10.697833504527807,477.15524392202497,6162.799440331757
11609.222079381347,10.697833504527807,477.15524392202497,6165.345501495525
11609.365055868402,10.699035003781319,477.24931860901415,6165.345501495525
11614.212756400928,10.699035003781319,477.24931860901415,6169.121897403151
11616.282630918548,10.703606156632304,477.44345197081566,6169.121897403151
11621.29295616597,10.703606156632304,477.44345197081566,6172.733088267967
11621.461983660236,10.704834138974547,477.57878563925624,6172.733088267967
11625.877664932981,10.704834138974547,477.57878563925624,6175.95820919238
11626.249994112179,10.706023190170527,477.9004129245877,6175.95820919238
11631.06906298548,10.706023190170527,477.9004129245877,6179.247889233753
11631.388271778822,10.7071194909513,478.2083282098174,6179.247889233753
11635.078168692067,10.7071194909513,478.2083282098174,6182.104824250564
11637.104098031297,10.711599109694362,478.3214182332158,6182.104824250564
11642.01854101196,10.711599109694362,478.3214182332158,6185.82498799637
11642.452265826985,10.712975475937128,478.54262432828546,6185.82498799637
11646.18858525902,10.712975475937128,478.54262432828546,6188.532505968586
11646.680965229869,10.714184047654271,478.92353387735784,6188.532505968586
11651.840349324048,10.714184047654271,478.92353387735784,6192.117754356936
11652.048667063937,10.715537892654538,479.0839015133679,6192.117754356936
11654.809404030442,10.715537892654538,479.0839015133679,6194.228249838576
11657.21829080768,10.72019542939961,479.3913301806897,6194.228249838576
11662.221596956253,10.72019542939961,479.3913301806897,6198.087730610743
11662.617735372856,10.72141339071095,479.742193300277,6198.087730610743
11667.348722135648,10.72141339071095,479.742193300277,6201.505176689476
11667.562577815726,10.722616313025355,479.83385261148214,6201.505176689476
11671.738101964816,10.722616313025355,479.83385261148214,6204.655816908926
11671.95372853987,10.723904253914952,479.91269131936133,6204.655816908926
11676.757073491812,10.723904253914952,479.91269131936133,6208.112980624661
11680.41463049315,10.72836608812213,480.19097188673913,6208.112980624661
11682.349170476198,10.72836608812213,480.19097188673913,6208.882152639329
11682.8395147454,10.729587450623512,480.62239328958094,6208.882152639329
11685.447400014848,10.729587450623512,480.62239328958094,6211.054677385837
11685.611471207812,10.730798661708832,480.74920460395515,6211.054677385837
11687.596158515662,10.730798661708832,480.74920460395515,6212.2100570667535
11687.89214377664,10.731906790286303,481.0379380322993,6212.2100570667535
11691.761677628383,10.731906790286303,481.0379380322993,6215.184616459534
11695.311789529398,10.736771071329713,481.6127025503665,6215.184616459534
11698.343022054061,10.736771071329713,481.6127025503665,6217.642540875822
11698.664712624624,10.737975243479013,481.8995792642236,6217.642540875822
11703.171678984538,10.737975243479013,481.8995792642236,6220.7339787799865
11703.550364283845,10.739141196012497,482.2516127284616,6220.7339787799865
11705.928933961317,10.739141196012497,482.2516127284616,6222.269354162738
11706.018463363871,10.740344248712063,482.28157005645335,6222.269354162738
11710.21641748026,10.740344248712063,482.28157005645335,6225.48167536594
11713.650636527687,10.744919743388891,482.44495561905205,6225.48167536594
11717.94708015211,10.744919743388891,482.44495561905205,6228.500803422183
11718.097871633247,10.746089484542608,482.4989557955414,6228.500803422183
11721.666970996186,10.746089484542608,482.4989557955414,6230.618555823341
11721.959718275815,10.747286394238472,482.696051299572,6230.618555823341
11725.126723472029,10.747286394238472,482.696051299572,6232.644522739574
11725.763292755932,10.748536778613925,482.84736999869347,6232.644522739574
11727.939875680953,10.748536778613925,482.84736999869347,6234.048509247601
11731.322748916224,10.755360221490264,483.18109059892595,6234.048509247601
11736.44095496647,10.755360221490264,483.18109059892595,6238.074486488476
11736.887129168957,10.756546910852194,483.53689701110125,6238.074486488476
11739.928527353331,10.756546910852194,483.53689701110125,6240.3568281158805
11740.284726053476,10.815051697194576,483.8108978886157,6240.3568281158805
11741.624584700912,10.815051697194576,483.8108978886157,6241.141598915681
11742.124919408932,10.816223790869117,484.19683561101556,6241.141598915681
11744.860616408288,10.816223790869117,484.19683561101556,6242.715386742726
11747.297550272197,10.886043502017856,484.6623708680272,6242.715386742726
11748.81966406852,10.886043502017856,484.6623708680272,6243.362980829552
11749.269787600264,10.88718332350254,485.0512577537447,6243.362980829552
11751.889377931133,10.88718332350254,485.0512577537447,6244.809229938313
11752.335981139913,10.888348385691643,485.4006359372288,6244.809229938313
11754.864863004535,10.888348385691643,485.4006359372288,6246.4714922606945
11755.252079520375,10.88947112672031,485.7125107869506,6246.4714922606945
11758.405720535666,10.88947112672031,485.7125107869506,6248.40135714598
11760.212383331731,10.893730415031314,486.1095287911594,6248.40135714598
11763.820033580065,10.893730415031314,486.1095287911594,6251.723893461749
11764.253059232607,10.922250334173441,486.4476134311408,6251.723893461749
11769.308509632945,10.922250334173441,486.4476134311408,6255.369818888605
11769.982906799763,10.92351396754384,486.9786030109972,6255.369818888605
11773.686805816367,10.92351396754384,486.9786030109972,6258.490922084078
11774.235359968618,10.924716211855412,487.4012822434306,6258.490922084078
11779.100803712383,10.924716211855412,487.4012822434306,6262.204919777811
11781.233437648043,10.929179592058063,487.7888321876526,6262.204919777811
11783.807806825265,10.929179592058063,487.7888321876526,6264.0061735883355
11784.251697596163,10.930441645905375,488.1280053053051,6264.0061735883355
11789.233419053257,10.930441645905375,488.1280053053051,6267.881925042719
11789.662573244423,10.931615505367517,488.44160998798907,6267.881925042719
11793.6220879592,10.931615505367517,488.44160998798907,6270.638716900721
11794.183319400996,10.932985352352262,488.94085109978914,6270.638716900721
11798.487814892083,10.932985352352262,488.94085109978914,6273.777661660686
11801.093183156103,10.948684010654688,489.4045422207564,6273.777661660686
11804.831970505416,10.948684010654688,489.4045422207564,6276.82428852655
11804.994478419423,10.949826810508966,489.55527633987367,6276.82428852655
11806.419557783753,10.949826810508966,489.55527633987367,6277.77377991192
11806.819054504856,10.951255267485976,489.74875667877495,6277.77377991192
11810.444941911846,10.951255267485976,489.74875667877495,6279.610844118521
11810.959497723728,10.952482469379902,490.05361525528133,6279.610844118521
11813.83655949682,10.952482469379902,490.05361525528133,6280.676379684359
11816.607462504879,11.002262698486447,490.1967106871307,6280.676379684359
11818.074583308771,11.002262698486447,490.1967106871307,6281.645980348811
11818.546065961942,11.022566949948668,490.5233664494008,6281.645980348811
11820.528992118314,11.022566949948668,490.5233664494008,6282.606150303036
11821.159744599834,11.023785592988133,491.0246919170022,6282.606150303036
11823.479795619845,11.023785592988133,491.0246919170022,6283.838999640197
11823.765796309337,11.024894293397665,491.30201596952975,6283.838999640197
11826.865491544828,11.024894293397665,491.30201596952975,6285.838735813275
11830.102563790977,11.029351914301515,491.69528896547854,6285.838735813275
11833.088190056384,11.029351914301515,491.69528896547854,6287.654777517542
11833.322219168767,11.030541775748134,491.8973610326648,6287.654777517542
11834.978949353099,11.030541775748134,491.8973610326648,6288.6391621008515
11835.299230448902,11.031651126220822,492.1971904542297,6288.6391621008515
11837.41277524829,11.031651126220822,492.1971904542297,6289.956220008433
11837.68257920444,11.03292028978467,492.39805825799704,6289.956220008433
11839.647112844512,11.03292028978467,492.39805825799704,6291.426429290324
11842.785815397277,11.042447086423635,492.50432262942195,6291.426429290324
11845.005731029436,11.042447086423635,492.50432262942195,6293.171082699671
11845.2243499998,11.04355950653553,492.6936012133956,6293.171082699671
11847.312514439225,11.04355950653553,492.6936012133956,6294.73222386837
11847.548882963136,11.044774467125535,492.8877525459975,6294.73222386837
11851.800303241238,11.044774467125535,492.8877525459975,6298.292207507417
11852.02194499597,11.045956909656525,493.0704378001392,6298.292207507417
11853.75182403624,11.045956909656525,493.0704378001392,6299.712630238384
11857.474643148482,11.050464507192373,493.2381234485656,6299.712630238384
11860.260627444834,11.050464507192373,493.2381234485656,6301.474422002211
11860.573395462707,11.051704827696085,493.3886459842324,6301.474422002211
11865.017149062827,11.051704827696085,493.3886459842324,6304.77540759556
11865.177457999438,11.052916970103979,493.529909202829,6304.77540759556
11867.964518032968,11.052916970103979,493.529909202829,6306.762205306441
11868.205230075866,11.054074190557003,493.74343208037317,6306.762205306441
11872.036306716502,11.054074190557003,493.74343208037317,6308.920596467331
11875.35778278485,11.118953013792634,493.9940428752452,6308.920596467331
11878.241490464658,11.118953013792634,493.9940428752452,6310.972045406699
11878.444885415956,11.120106436312199,494.14260050840676,6310.972045406699
11879.682193249464,11.120106436312199,494.14260050840676,6311.740122225136
11879.7274992764,11.121314577758312,494.1654878258705,6311.740122225136
11881.731676405296,11.121314577758312,494.1654878258705,6313.21926818043
11882.194638073444,11.122687121853232,494.45024005137384,6313.21926818043
11884.590839186683,11.122687121853232,494.45024005137384,6314.500131458044
11887.570683440194,11.166786814108491,494.54752945527434,6314.500131458044
11890.447551196441,11.166786814108491,494.54752945527434,6317.028747096658
11890.833620594814,11.167922474443913,494.7819030433893,6317.028747096658
11893.611187929288,11.167922474443913,494.7819030433893,6319.212594445795
11893.68237565644,11.169209089130163,494.80453686602414,6319.212594445795
11896.919825425372,11.169209089130163,494.80453686602414,6321.7987140752375
11897.180850179866,11.17051961272955,494.8987739365548,6321.7987140752375
11900.864981649444,11.17051961272955,494.8987739365548,6324.563762780279
11903.958892548457,11.186268921941519,494.9646956715733,6324.563762780279
11907.716779883951,11.186268921941519,494.9646956715733,6327.135881885886
11908.22359695658,11.18735771253705,495.4524970147759,6327.135881885886
11910.261693565175,11.18735771253705,495.4524970147759,6328.656098000705
11910.526566838846,11.188421212136745,495.6406207103282,6328.656098000705
11911.897849585861,11.188421212136745,495.6406207103282,6329.683329930529
11911.955615211278,11.189615095034242,495.68296342529356,6329.683329930529
11915.92322091572,11.189615095034242,495.68296342529356,6332.442148074508
11919.776214459911,11.194162918254733,495.8158933315426,6332.442148074508
11921.970498031005,11.194162918254733,495.8158933315426,6333.5983229558915
11922.16222904995,11.196043411269784,495.9326938223094,6333.5983229558915
11924.824170876294,11.196043411269784,495.9326938223094,6335.801256934181
11925.021107940003,11.197324516251683,496.0944514553994,6335.801256934181
11927.162723587826,11.197324516251683,496.0944514553994,6337.037106873468
11927.779441524297,11.198523357510567,496.6162075791508,6337.037106873468
11929.948121659458,11.198523357510567,496.6162075791508,6338.21062528342
11933.388064583763,11.202854545786977,496.8664945382625,6338.21062528342
11935.551521303132,11.202854545786977,496.8664945382625,6339.790977049619
11935.81673094444,11.204026699066162,497.11130127869546,6339.790977049619
11937.948140406981,11.204026699066162,497.11130127869546,6341.148538848385
11938.389484891668,11.205201830714941,497.53630570694804,6341.148538848385
11942.256892733276,11.205201830714941,497.53630570694804,6344.29357195273
11942.515253106132,11.206518003717065,497.6417872514576,6344.29357195273
11945.020467303693,11.206518003717065,497.6417872514576,6345.963890891522
11949.04566516541,11.2111552413553,498.05067620426416,6345.963890891522
11953.095833580941,11.2111552413553,498.05067620426416,6349.102705143392
11953.42244992964,11.21234343200922,498.2984099164605,6349.102705143392
11957.707987064496,11.21234343200922,498.2984099164605,6352.180727636442
11958.077677773312,11.213552344590425,498.56882549263537,6352.180727636442
11962.307146681473,11.213552344590425,498.56882549263537,6355.137098038569
11962.622634887695,11.214781675487757,498.792423915118,6355.137098038569
11966.766181640327,11.214781675487757,498.792423915118,6358.111765664071
11969.92826090008,11.219185886904597,498.8533053472638,6358.111765664071
11972.576694432646,11.219185886904597,498.8533053472638,6360.00122879073
11972.750602416694,11.220496522262692,498.97935994900763,6360.00122879073
11974.158911621198,11.220496522262692,498.97935994900763,6360.901957569644
11974.262843538076,11.22176062501967,499.0635253973305,6360.901957569644
11976.029215460643,11.22176062501967,499.0635253973305,6361.686262933537
11976.513488670811,11.223096719011664,499.2536902464926,6361.686262933537
11980.565252568573,11.223096719011664,499.2536902464926,6364.208785047755
11983.010282237083,11.22761002369225,499.6036130618304,6364.208785047755
11987.957085868344,11.22761002369225,499.6036130618304,6367.705633452162
11988.270692104474,11.228777535259724,499.86383727006614,6367.705633452162
11993.076254142448,11.228777535259724,499.86383727006614,6371.004934307188
11993.123217727989,11.229985035955906,499.9030884746462,6371.004934307188
11995.77401531674,11.229985035955906,499.9030884746462,6372.877212943509
11996.365326669067,11.231077024713159,500.44095502234995,6372.877212943509
11999.298798335716,11.231077024713159,500.44095502234995,6375.168209541589
12004.014164987952,11.245708551257849,500.9151712600142,6375.168209541589
12007.532154016197,11.245708551257849,500.9151712600142,6377.911194641143
12007.95236838609,11.247166467830539,501.11557257920504,6377.911194641143
12011.135527571663,11.247166467830539,501.11557257920504,6379.989775061607
12011.344890164211,11.248365240171552,501.31124947220087,6379.989775061607
12015.178923789412,11.248365240171552,501.31124947220087,6382.668861344457
12015.687573404983,11.249442849308252,501.71413112804294,6382.668861344457
12020.338463339955,11.249442849308252,501.71413112804294,6386.840815570205
12023.39491185546,11.253837589174509,501.9416133593768,6386.840815570205
12026.650307040662,11.253837589174509,501.9416133593768,6389.350292805582
12027.282777475193,11.25628574192524,502.2176353484392,6389.350292805582
12029.87769521214,11.25628574192524,502.2176353484392,6391.326707344502
12030.077668292448,11.25740603171289,502.348718309775,6391.326707344502
12032.636184928939,11.25740603171289,502.348718309775,6393.004420910031
12033.131208812818,11.258747374638915,502.6018877532333,6393.004420910031
12037.301179593429,11.258747374638915,502.6018877532333,6395.62627835013
12039.72552846931,11.263449903577566,502.9033866170794,6395.62627835013
12044.913748577237,11.263449903577566,502.9033866170794,6399.367650797591
12045.297710897401,11.264664687216282,503.1806429568678,6399.367650797591
12050.210950186476,11.264664687216282,503.1806429568678,6403.227165751159
12050.625316509977,11.265837609767914,503.57183808647096,6403.227165751159
12053.782315921038,11.265837609767914,503.57183808647096,6405.6409691646695
12053.930923685431,11.267056170850992,503.67912904545665,6405.6409691646695
12056.67025406845,11.267056170850992,503.67912904545665,6407.3723677601665
12060.52644036524,11.271551573649049,503.9204685408622,6407.3723677601665
12064.37554503791,11.271551573649049,503.9204685408622,6410.121975254267
12064.550676075742,11.27292343787849,503.98228490911424,6410.121975254267
12067.530454309657,11.27292343787849,503.98228490911424,6412.204580543563
12067.85011445731,11.27426048181951,504.17172003537416,6412.204580543563
12071.76176382415,11.27426048181951,504.17172003537416,6415.373413719237
12072.061412723735,11.27567245811224,504.35114434175193,6415.373413719237
12075.401201540604,11.27567245811224,504.35114434175193,6417.802238428965
12078.986037192866,11.293437940999866,504.5110329501331,6417.802238428965
12082.508734213188,11.293437940999866,504.5110329501331,6420.250981628895
12082.809761825949,11.294719334691763,504.6829806882888,6420.250981628895
12086.495626432821,11.294719334691763,504.6829806882888,6422.592748921365
12086.894539736211,11.29587028361857,505.0739078950137,6422.592748921365
12090.169268457219,11.29587028361857,505.0739078950137,6424.74198612757
12090.39570938982,11.297123935073614,505.2439196985215,6424.74198612757
12093.015184592456,11.297123935073614,505.2439196985215,6426.1489638239145
12096.895866677165,11.30804612673819,505.67169560678303,6426.1489638239145
12098.549959240481,11.30804612673819,505.67169560678303,6426.989207683131
12098.82025076449,11.3150496147573,505.84929417818785,6426.989207683131
12100.684300236404,11.3150496147573,505.84929417818785,6428.388609347865
12100.788830311969,11.316227277740836,505.9354469589889,6428.388609347865
12102.784135358408,11.316227277740836,505.9354469589889,6429.562822636217
12103.020807608962,11.31752842105925,506.0436583869159,6429.562822636217
12105.609313923866,11.31752842105925,506.0436583869159,6431.039005063474
12108.682290164754,11.32201519049704,506.5321166943759,6431.039005063474
12112.742205031216,11.32201519049704,506.5321166943759,6434.459115920588
12112.895915376022,11.323244262486696,506.6471282672137,6434.459115920588
12114.19503975287,11.323244262486696,506.6471282672137,6435.329316396266
12114.75832128711,11.324477544054389,507.1717941556126,6435.329316396266
12119.805596329272,11.324477544054389,507.1717941556126,6439.0217703953385
12120.437373641878,11.325714496895671,507.6525235045701,6439.0217703953385
12126.002633981407,11.325714496895671,507.6525235045701,6442.699447263032
12128.617675039917,11.33078159764409,507.71811321377754,6442.699447263032
12133.086797509342,11.33078159764409,507.71811321377754,6445.867989867926
12133.391631014645,11.3319595977664,507.9909661337733,6445.867989867926
12137.351989364251,11.3319595977664,507.9909661337733,6449.124404786155
12137.605657147244,11.333113718777895,508.2023877631873,6449.124404786155
12141.783628540114,11.333113718777895,508.2023877631873,6452.099313667044
12142.13580140099,11.33438484184444,508.47160279750824,6452.099313667044
12145.500678131357,11.33438484184444,508.47160279750824,6454.54063635692
12147.863989384845,11.338893024250865,508.67660335823894,6454.54063635692
12152.016464753076,11.338893024250865,508.67660335823894,6457.68611764349
12152.365318933502,11.340047687292099,508.9900289699435,6457.68611764349
12154.901650456712,11.340047687292099,508.9900289699435,6459.310305494815
12155.259456317872,11.341202626004815,509.30789930187166,6459.310305494815
12159.3516112566,11.341202626004815,509.30789930187166,6462.298313656822
12159.487657280639,11.342393588274717,509.3988574296236,6462.298313656822
12162.91046686843,11.342393588274717,509.3988574296236,6464.73912720941
12165.007711907849,11.346911938861012,509.64392616413534,6464.73912720941
12168.025680815801,11.346911938861012,509.64392616413534,6466.907313613221
12168.312547693029,11.348066799342632,509.8845439273864,6466.907313613221
12171.925668416545,11.348066799342632,509.8845439273864,6469.438897281885
12172.325250832364,11.349342420697212,510.19113234244287,6469.438897281885
12175.417207181454,11.349342420697212,510.19113234244287,6471.877301821485
12175.777050711215,11.350548593327403,510.46070810593665,6471.877301821485
12179.139051789418,11.350548593327403,510.46070810593665,6474.494596665725
12181.096731061116,11.369773918762803,510.640661470592,6474.494596665725
12183.760230856016,11.369773918762803,510.640661470592,6476.474545961246
12184.218912033364,11.37117094360292,510.95875659771264,6476.474545961246
12188.122250594199,11.37117094360292,510.95875659771264,6479.471180038527
12188.511665103957,11.372460255399346,511.31331785209477,6479.471180038527
12191.933734159917,11.372460255399346,511.31331785209477,6482.1086110286415
12192.29228968732,11.373701659962535,511.61952033266425,6482.1086110286415
12195.586688863114,11.373701659962535,511.61952033266425,6484.565799728036
12199.330367200077,11.40180193260312,511.9710461515933,6484.565799728036
12201.693902913481,11.40180193260312,511.9710461515933,6485.981500683352
12201.874178553,11.403038207441568,512.1176061984152,6485.981500683352
12204.69855860807,11.403038207441568,512.1176061984152,6488.128692654893
12205.080823069438,11.404439970850945,512.4567313995212,6488.128692654893
12208.435468953103,11.404439970850945,512.4567313995212,6490.589391158894
12208.861703904346,11.405765714123845,512.8143803887069,6490.589391158894
12212.08815799281,11.405765714123845,512.8143803887069,6492.566811511293
12213.973438853398,11.429248824715614,513.0943333283067,6492.566811511293
12217.226216020063,11.429248824715614,513.0943333283067,6495.038410047069
12217.615581637248,11.43065114878118,513.4057807344943,6495.038410047069
12221.059725398198,11.43065114878118,513.4057807344943,6497.5422145891935
12221.231799749658,11.448562785983086,513.4464096147567,6497.5422145891935
12223.81754806824,11.448562785983086,513.4464096147567,6499.2613520454615
12223.921357624233,11.450135624036193,513.514025811106,6499.2613520454615
12226.46179998666,11.450135624036193,513.514025811106,6500.999420629814
12228.423419110477,11.475107248872519,513.8325527347624,6500.999420629814
12231.74623215571,11.475107248872519,513.8325527347624,6503.65061105229
12232.119602775201,11.477047862485051,514.1550203710794,6503.65061105229
12236.033135056496,11.477047862485051,514.1550203710794,6506.545786570758
12236.172131672502,11.47824141383171,514.2820878513157,6506.545786570758
12239.697889683768,11.47824141383171,514.2820878513157,6509.150706680492
12239.910618968308,11.479621447622776,514.4690480362624,6509.150706680492
12243.162971388549,11.479621447622776,514.4690480362624,6511.500660933554
12245.101141856983,11.505205923691392,514.8520096372813,6511.500660933554
12248.587021799758,11.505205923691392,514.8520096372813,6514.170930918306
12248.789671290666,11.506413888186216,515.0203434508294,6514.170930918306
12251.98146803677,11.506413888186216,515.0203434508294,6516.905184660107
12252.343697858974,11.5078563131392,515.2452977597713,6516.905184660107
12255.538848996162,11.5078563131392,515.2452977597713,6519.131793024018
12256.08155629225,11.50920244678855,515.7294136900455,6519.131793024018
12258.64538420178,11.50920244678855,515.7294136900455,6521.07127440162
12260.638892050833,11.513621155172586,516.0551840271801,6521.07127440162
12263.7077521123,11.513621155172586,516.0551840271801,6523.51423792541
12264.078257756308,11.51483379676938,516.3625286594033,6523.51423792541
12267.313037356362,11.51483379676938,516.3625286594033,6526.131652865559
12267.482046172023,11.51629401370883,516.4952081013471,6526.131652865559
12270.728868072852,11.51629401370883,516.4952081013471,6528.573667883873
12271.140853874385,11.517476674169302,516.8970318883657,6528.573667883873
12274.063438955694,11.517476674169302,516.8970318883657,6530.532244382426
12276.098976440728,11.522046627476811,517.1510461252183,6530.532244382426
12279.015354247764,11.522046627476811,517.1510461252183,6532.655806913972
12279.324928209186,11.523293489590287,517.402275569737,6532.655806913972
12282.40492407605,11.523293489590287,517.402275569737,6534.768053648993
12282.77952639386,11.524481730535626,517.7101328726858,6534.768053648993
12286.55655130744,11.524481730535626,517.7101328726858,6537.51981482096
12286.975679218769,11.525750754401088,518.0703043397516,6537.51981482096
12291.250054571778,11.525750754401088,518.0703043397516,6540.589290065691
12293.613167967647,11.53027344495058,518.430044407025,6540.589290065691
12297.557011896744,11.53027344495058,518.430044407025,6543.206719994545
12297.886725796387,11.531563479453325,518.6825831066817,6543.206719994545
12301.54223338142,11.531563479453325,518.6825831066817,6545.810881553218
12301.694977236912,11.532845823094249,518.7488317154348,6545.810881553218
12304.395639307797,11.532845823094249,518.7488317154348,6548.123894445598
12304.738029088825,11.534026384353638,519.0460678040981,6548.123894445598
12307.2704280857,11.534026384353638,519.0460678040981,6550.011910857633
12309.446974975988,11.538672130554914,519.1041853241622,6550.011910857633
12312.434000596404,11.538672130554914,519.1041853241622,6551.878779644147
12312.612347872928,11.539938827976584,519.2325411681086,6551.878779644147
12315.147627253085,11.539938827976584,519.2325411681086,6553.609414415434
12315.465261232108,11.541208440437913,519.4596758037806,6553.609414415434
12319.692282561213,11.541208440437913,519.4596758037806,6556.668656060472
12320.081560349092,11.542371783405542,519.8407633118331,6556.668656060472
12324.1119203493,11.542371783405542,519.8407633118331,6559.54406838119
12326.101721838117,11.54714247211814,520.1800888963044,6559.54406838119
12329.647280706093,11.54714247211814,520.1800888963044,6562.167082874104
12330.152586761862,11.54839051514864,520.6421509720385,6562.167082874104
12332.544834639877,11.54839051514864,520.6421509720385,6563.650675173849
12332.954598013312,11.549821350723505,520.9810518492013,6563.650675173849
12335.94732962735,11.549821350723505,520.9810518492013,6565.574010470882
12336.393962793052,11.551109554246068,521.3643551301211,6565.574010470882
12339.134060872719,11.551109554246068,521.3643551301211,6567.506746489555
12340.869226954877,11.555651817470789,521.6351725850254,6567.506746489555
12343.596131984144,11.555651817470789,521.6351725850254,6569.432726966217
12343.895188763738,11.55690942145884,521.9105565939099,6569.432726966217
12345.982032028958,11.55690942145884,521.9105565939099,6570.8394116889685
12346.352696316317,11.558193136006594,522.1983950398862,6570.8394116889685
12349.738665269688,11.558193136006594,522.1983950398862,6573.314324147999
12350.17846891284,11.559465797618032,522.6088423151523,6573.314324147999
12354.203384120017,11.559465797618032,522.6088423151523,6576.330116122961
12356.189713209867,11.592215977609158,522.9013295825571,6576.330116122961
12359.789855696261,11.592215977609158,522.9013295825571,6578.918597104028
12360.187475385144,11.593466049060225,523.2370482627302,6578.918597104028
12362.739342449233,11.593466049060225,523.2370482627302,6580.744209026918
12363.173935605213,11.59467546083033,523.5610542390496,6580.744209026918
12366.198472749442,11.59467546083033,523.5610542390496,6582.482588058338
12366.36975713633,11.59604605473578,523.6779906824231,6582.482588058338
12369.721935555339,11.59604605473578,523.6779906824231,6584.853472659364
12371.562142403796,11.61653995513916,523.962759591639,6584.853472659364
12374.6189887207,11.61653995513916,523.962759591639,6586.9345297291875
12374.946438208222,11.61778935790062,524.2374372147024,6586.9345297291875
12378.113505128771,11.61778935790062,524.2374372147024,6589.055392365903
12378.388751491904,11.638664470985532,524.469117468223,6589.055392365903
12380.485015479848,11.638664470985532,524.469117468223,6590.410869665444
12380.613238573074,11.639890294522047,524.5738058201969,6590.410869665444
12382.842307882383,11.639890294522047,524.5738058201969,6591.5942057445645
12385.4428802263,11.644404388964176,524.7648683488369,6591.5942057445645
12388.58323304914,11.644404388964176,524.7648683488369,6593.817497687414
12389.004371257499,11.645708452910185,525.1057013310492,6593.817497687414
12392.475301884115,11.645708452910185,525.1057013310492,6596.346079068258
12393.06662919186,11.646887466311455,525.6164618991315,6596.346079068258
12396.204486167058,11.646887466311455,525.6164618991315,6598.427785215899
12396.570963159204,11.648089358583093,525.9293804410845,6598.427785215899
12398.929652975872,11.648089358583093,525.9293804410845,6600.2446233499795
12402.76287651807,11.65267745219171,526.0544157940894,6600.2446233499795
12406.340353293344,11.65267745219171,526.0544157940894,6602.92819853127
12406.409444805235,11.65397808328271,526.0883094538003,6602.92819853127
12408.57275200449,11.65397808328271,526.0883094538003,6604.741434948519
12408.825881555676,11.655294308438897,526.2812677975744,6604.741434948519
12410.80819493346,11.655294308438897,526.2812677975744,6606.25818230398
12410.91644048877,11.656520711258054,526.3719155825675,6606.25818230398
12414.162495519966,11.656520711258054,526.3719155825675,6608.232159147039
12417.214111512527,11.661093674600124,526.5960659328848,6608.232159147039
12420.669742608443,11.661093674600124,526.5960659328848,6610.5106798727065
12420.798693343997,11.662426365539432,526.693581322208,6610.5106798727065
12423.90526731871,11.662426365539432,526.693581322208,6612.719774700701
12424.187266549096,11.663715086877346,526.8759441617876,6612.719774700701
12426.530693978071,11.663715086877346,526.8759441617876,6614.276548938826
12426.775375107303,11.684896625578403,527.0712766814977,6614.276548938826
12429.809576028958,11.684896625578403,527.0712766814977,6616.5409189444035
12433.987527936697,11.68957913480699,527.1640040222555,6616.5409189444035
12437.533870542422,11.68957913480699,527.1640040222555,6619.060267295688
12437.762551078573,11.690825436264277,527.2141355574131,6619.060267295688
12439.932603824884,11.690825436264277,527.2141355574131,6620.019045541063
12440.364166405052,11.692058827728033,527.6228030882776,6620.019045541063
12442.716399693862,11.692058827728033,527.6228030882776,6621.52646099776
12443.037430927157,11.693416411057115,527.7169320993125,6621.52646099776
12446.486316272989,11.693416411057115,527.7169320993125,6623.684100665152
12449.447379659861,11.697982251644135,527.7689630780369,6623.684100665152
12451.513351043686,11.697982251644135,527.7689630780369,6625.420628694817
12451.756401505321,11.699252415448427,527.9749823790044,6625.420628694817
12453.758168363944,11.699252415448427,527.9749823790044,6626.7482031956315
12454.120375348255,11.700456758961082,528.3197252340615,6626.7482031956315
12458.499979920685,11.700456758961082,528.3197252340615,6629.95920005627
12459.02241268009,11.70171413011849,528.7777596171945,6629.95920005627
12461.200795607641,11.70171413011849,528.7777596171945,6631.348793439567
12463.227615777403,11.706438563764095,529.1137301716954,6631.348793439567
12465.573738949373,11.706438563764095,529.1137301716954,6632.631504492834
12465.748374667019,11.707685686647892,529.2737681232393,6632.631504492834
12468.274272259325,11.707685686647892,529.2737681232393,6634.36754424125
12468.60982613638,11.708967788144946,529.561596646905,6634.36754424125
12472.596333708614,11.708967788144946,529.561596646905,6637.122598608956
12473.070204792544,11.710217410698533,529.9817044064403,6637.122598608956
12475.036576598883,11.710217410698533,529.9817044064403,6638.712211214006
12477.557901378721,11.714761912822723,530.0743049550802,6638.712211214006
12479.276562429965,11.714761912822723,530.0743049550802,6640.134174369276
12479.684767644852,11.715998595580459,530.4153771996498,6640.134174369276
12482.292655834928,11.715998595580459,530.4153771996498,6642.392159270123
12482.400299889967,11.717247366905212,530.4999127741903,6642.392159270123
12484.416095661,11.717247366905212,530.4999127741903,6643.947899738327
12484.721722221002,11.718481499701738,530.7974396962672,6643.947899738327
12486.830720040947,11.718481499701738,530.7974396962672,6645.1639506444335
12488.5004727114,11.72291480191052,530.9984324164689,6645.1639506444335
12491.087979968637,11.72291480191052,530.9984324164689,6646.954346688464
12491.346307987347,11.7241618540138,531.2408288922161,6646.954346688464
12494.959068644792,11.7241618540138,531.2408288922161,6649.645529229194
12495.292843859643,11.725376475602388,531.547279028222,6649.645529229194
12497.969914114103,11.725376475602388,531.547279028222,6651.144876699895
12498.3244077079,11.726546216756105,531.8537045046687,6651.144876699895
12500.536195583642,11.726546216756105,531.8537045046687,6652.86723777093
12503.263015348464,11.731131019070745,531.9986938815564,6652.86723777093
12505.205410117283,11.731131019070745,531.9986938815564,6654.220242027193
12505.32837238349,11.732386972755194,532.1129610780627,6654.220242027193
12509.28677034378,11.732386972755194,532.1129610780627,6657.1572195682675
12509.832510547712,11.733837336301804,532.590293744579,6657.1572195682675
12512.704380741343,11.733837336301804,532.590293744579,6658.534668849781
12512.971825864166,11.735088471323252,532.8434980288148,6658.534668849781
12515.729993760586,11.735088471323252,532.8434980288148,6660.287003368139
12517.951992794871,11.739574361592531,533.1999349165708,6660.287003368139
12521.11938236095,11.739574361592531,533.1999349165708,6662.226199937984
12521.268193367869,11.740780733525753,533.330200696364,6662.226199937984
12523.26494738087,11.740780733525753,533.330200696364,6663.957160316408
12523.597074337304,11.742029735818505,533.614141618833,6663.957160316408
12525.93381315656,11.742029735818505,533.614141618833,6665.498538520187
12526.40213020891,11.743182526901364,533.9562869854271,6665.498538520187
12528.90283648111,11.743182526901364,533.9562869854271,6667.415916165337
12531.25364388898,11.752443041652441,534.0758794788271,6667.415916165337
12533.698865098879,11.752443041652441,534.0758794788271,6668.903871847317
12534.293292833492,11.753723286092281,534.4862284306437,6668.903871847317
12535.71291076392,11.753723286092281,534.4862284306437,6669.527274301276
12536.079892149195,11.754959026351571,534.8258913829923,6669.527274301276
12537.505946816877,11.754959026351571,534.8258913829923,6670.283620752394
12537.695359956473,11.75733820721507,534.9215813800693,6670.283620752394
12539.736797824502,11.75733820721507,534.9215813800693,6671.703896179795
12542.912669148296,11.761914152652025,535.191105702892,6671.703896179795
12544.69276878424,11.761914152652025,535.191105702892,6673.087695609778
12544.821260260418,11.774214215576649,535.273178383708,6673.087695609778
12545.842996448278,11.774214215576649,535.273178383708,6673.656821921468
12546.25319240801,11.775501748546958,535.5309526901692,6673.656821921468
12547.890918573365,11.775501748546958,535.5309526901692,6674.726561855525
12547.980609692633,11.776717303320765,535.5913691651076,6674.726561855525
12549.61727405712,11.776717303320765,535.5913691651076,6675.915204424411
12552.69658568874,11.781299037858844,535.9532105028629,6675.915204424411
12554.522712495178,11.781299037858844,535.9532105028629,6677.425820080563
12554.767976302654,11.782519038766623,536.1872931402177,6677.425820080563
12557.199917672202,11.782519038766623,536.1872931402177,6678.415298039094
12557.545355619863,11.783733021467924,536.4857887402177,6678.415298039094
12560.013543769717,11.783733021467924,536.4857887402177,6680.150310881436
12560.186536949128,11.785091506317258,536.6336246728897,6680.150310881436
12561.906149500981,11.785091506317258,536.6336246728897,6681.466005004942
12565.714842740446,11.789777528494596,536.7601253520697,6681.466005004942
12568.548410885036,11.789777528494596,536.7601253520697,6683.467027353123
12568.972073590383,11.791011359542608,537.1221080310643,6683.467027353123
12570.924764877185,11.791011359542608,537.1221080310643,6684.741751432419
12571.329554049298,11.79224569350481,537.447405602783,6684.741751432419
12573.414125064388,11.79224569350481,537.447405602783,6686.396253313869
12573.48945569992,11.793453255668283,537.4994250535965,6686.396253313869
12574.943425772712,11.793453255668283,537.4994250535965,6687.461177650839
12578.83820402436,11.798052821308374,537.7246953975409,6687.461177650839
12581.052044490352,11.798052821308374,537.7246953975409,6688.890564583242
12581.163878291845,11.799353893846273,537.8225446864963,6688.890564583242
12583.68386018835,11.799353893846273,537.8225446864963,6690.621729955077
12584.074055643752,11.80066029727459,538.0874056722969,6690.621729955077
12585.952236222103,11.80066029727459,538.0874056722969,6691.870085770264
12586.049175793305,11.801955681294203,538.1442293804139,6691.870085770264
12589.902911083773,11.801955681294203,538.1442293804139,6694.774164170027
12592.05576844886,11.806446144357324,538.6122166868299,6694.774164170027
12593.689454752952,11.806446144357324,538.6122166868299,6695.943731896579
12594.329824663699,11.807734889909625,539.0962055344135,6695.943731896579
12597.152083272114,11.807734889909625,539.0962055344135,6697.419550964609
12597.537080332637,11.809136426076293,539.4209124539047,6697.419550964609
12599.55603852123,11.809136426076293,539.4209124539047,6698.5068840533495
12599.823707869276,11.810369750484824,539.6325960177928,6698.5068840533495
12602.426991228014,11.810369750484824,539.6325960177928,6700.8573028650135
12604.548714952543,11.81493316218257,539.9235034491867,6700.8573028650135
12608.547403393313,11.81493316218257,539.9235034491867,6703.7049303445965
12608.89043136686,11.816314307972789,540.2112101931125,6703.7049303445965
12613.930247059092,11.816314307972789,540.2112101931125,6707.666582621634
12614.372839830816,11.81754631176591,540.6254167649895,6707.666582621634
12617.51505716145,11.81754631176591,540.6254167649895,6710.061737962067
12617.824857559055,11.818838084116578,540.8912119287997,6710.061737962067
12621.615337666124,11.818838084116578,540.8912119287997,6712.446760516614
12623.439701721072,11.838339550420642,541.2387072332203,6712.446760516614
12626.737419111654,11.838339550420642,541.2387072332203,6714.954238554463
12627.022903734818,11.83957040309906,541.4855483546853,6714.954238554463
12630.380060549825,11.83957040309906,541.4855483546853,6717.022753808647
12630.605739880353,11.840874753892422,541.659105764702,6717.022753808647
12633.730849267915,11.840874753892422,541.659105764702,6719.137675920501
12633.985725244507,11.842280391603708,541.8968124054372,6719.137675920501
12637.612101623788,11.842280391603708,541.8968124054372,6721.609217153862
12639.89802755788,11.846818959340453,542.0920059103519,6721.609217153862
12642.660169018432,11.846818959340453,542.0920059103519,6723.603627072647
12642.865621199831,11.847997590899467,542.2830316293985,6723.603627072647
12644.931859683245,11.847997590899467,542.2830316293985,6725.083253420889
12645.13720610179,11.849300345405936,542.3278937097639,6725.083253420889
12647.8227845449,11.849300345405936,542.3278937097639,6726.429907191545
12648.075209215283,11.850505106151104,542.5352417249233,6726.429907191545
12650.198989706114,11.850505106151104,542.5352417249233,6727.672585375607
12653.084848636761,11.861264675855637,542.8972308859229,6727.672585375607
12655.702744523063,11.861264675855637,542.8972308859229,6729.211858564988
12656.131698787212,11.862546296790242,543.1031035352498,6729.211858564988
12660.051872871816,11.862546296790242,543.1031035352498,6731.899666596204
12660.304028678685,11.863792499527335,543.3223936986178,6731.899666596204
12663.65149413608,11.863792499527335,543.3223936986178,6734.677608145401
12663.895524611697,11.865055752918124,543.533436762169,6734.677608145401
12664.888321185485,11.865055752918124,543.533436762169,6735.212018165737
12668.128998182714,11.869673535227776,543.6858145333827,6735.212018165737
12669.5978729669,11.869673535227776,543.6858145333827,6735.921615846455
12669.65478617698,11.870939927175641,543.7202810514718,6735.921615846455
12671.342941412702,11.870939927175641,543.7202810514718,6736.640486335382
12671.751168578863,11.872111156582832,544.0702203232795,6736.640486335382
12675.232103396207,11.872111156582832,544.0702203232795,6739.413006987423
12675.609632899985,11.873404210433364,544.3683932386339,6739.413006987423
12678.019671620801,11.873404210433364,544.3683932386339,6740.704502470791
12680.914523864165,11.878002256155014,544.7854948546737,6740.704502470791
12683.879968296736,11.878002256155014,544.7854948546737,6742.919733835384
12684.23790019378,11.879884408786893,545.0453305896372,6742.919733835384
12686.273668410257,11.879884408786893,545.0453305896372,6744.1577128935605
12686.468427568674,11.881329074501991,545.1346429716796,6744.1577128935605
12689.575826503336,11.881329074501991,545.1346429716796,6746.697865709662
12689.697428392246,11.882617378607392,545.1991417687386,6746.697865709662
12691.227957092226,11.882617378607392,545.1991417687386,6747.555092163384
12694.111830888316,11.8871561717242,545.6149820610881,6747.555092163384
12696.837647864595,11.8871561717242,545.6149820610881,6749.7780846990645
12697.424361089244,11.88859117589891,546.0455586649477,6749.7780846990645
12699.595246043056,11.88859117589891,546.0455586649477,6751.372012734413
12699.708296077326,11.88988994807005,546.1349293570966,6751.372012734413
12700.993302972987,11.88988994807005,546.1349293570966,6752.225324546918
12701.261294376105,11.933259028941393,546.3359748702496,6752.225324546918
12703.795779431239,11.933259028941393,546.3359748702496,6753.8373268432915
12707.021806532517,11.93777703307569,546.574309470132,6753.8373268432915
12708.114920604974,11.93777703307569,546.574309470132,6754.273772962391
12708.163543513045,11.939085645601153,546.6015761569142,6754.273772962391
12709.83329761587,11.939085645601153,546.6015761569142,6755.120567597449
12710.18314820528,11.941152982413769,546.694912372157,6755.120567597449
12713.96994384937,11.941152982413769,546.694912372157,6758.013097319752
12714.339741939679,11.942556468769908,546.9528986830264,6758.013097319752
12717.328295964748,11.942556468769908,546.9528986830264,6760.203081212938
12720.281373884529,11.947111340239644,547.2253617886454,6760.203081212938
12722.071616856381,11.947111340239644,547.2253617886454,6760.906773023307
12722.246385978535,11.948380513116717,547.3693358991295,6760.906773023307
12724.745284082368,11.948380513116717,547.3693358991295,6763.170025495812
12724.937576124445,11.97008096985519,547.516859183088,6763.170025495812
12726.847950540483,11.97008096985519,547.516859183088,6764.466958999634
12727.10666805692,11.971465893089771,547.7312929704785,6764.466958999634
12728.043981643394,11.971465893089771,547.7312929704785,6764.869550051168
12731.268963476643,12.0133490357548,547.7594963740557,6764.869550051168
12734.552283983678,12.0133490357548,547.7594963740557,6767.877810567617
12735.066581496969,12.014704680070281,548.1912029497325,6767.877810567617
12739.355375116691,12.014704680070281,548.1912029497325,6771.1967445760965
12739.690971005708,12.015970332548022,548.4995798338205,6771.1967445760965
12743.285513369367,12.015970332548022,548.4995798338205,6773.92952725105
12743.693398475647,12.017441309988499,548.8133348152041,6773.92952725105
12745.454418988898,12.017441309988499,548.8133348152041,6775.056793566793
12748.32425746508,12.021994855254889,549.0202943254262,6775.056793566793
12750.38013697043,12.021994855254889,549.0202943254262,6776.339246787131
12750.51275637187,12.023334886878729,549.0721024218947,6776.339246787131
12752.582866026089,12.023334886878729,549.0721024218947,6777.86413914524
12752.892562031746,12.02457639016211,549.3202396743,6777.86413914524
12756.03374455683,12.02457639016211,549.3202396743,6780.027226487175
12756.196376016364,12.025799533352256,549.4737094454467,6780.027226487175
12759.656070664525,12.025799533352256,549.4737094454467,6782.448299109936
12762.476741027087,12.030265795066953,549.644238518551,6782.448299109936
12765.253040317446,12.030265795066953,549.644238518551,6784.264739492908
12765.498695384711,12.031543107703328,549.8820411600173,6784.264739492908
12767.899209611118,12.031543107703328,549.8820411600173,6785.840135443956
12768.15376806818,12.032763039693236,550.0426307544112,6785.840135443956
12770.554239535704,12.032763039693236,550.0426307544112,6787.375775657594
12770.623626245186,12.033961789682508,550.0871017854661,6787.375775657594
12773.766149522737,12.033961789682508,550.0871017854661,6789.496822305024
12776.432488353923,12.038855567574501,550.3730561286211,6789.496822305024
12778.609566342086,12.038855567574501,550.3730561286211,6791.086574276909
12778.887502318248,12.040039459243417,550.613647442311,6791.086574276909
12781.398886909708,12.040039459243417,550.613647442311,6792.503570595756
12781.623898111284,12.04129108414054,550.770439285785,6792.503570595756
12784.078185180202,12.04129108414054,550.770439285785,6794.18542467989
12784.278275525197,12.042629059404135,550.9303342271596,6794.18542467989
12786.497583003715,12.042629059404135,550.9303342271596,6795.389867523685
12789.579161647707,12.04710689932108,551.060490924865,6795.389867523685
12791.23293371126,12.04710689932108,551.060490924865,6796.316789751872
12791.489556105807,12.048321882262826,551.249203260988,6796.316789751872
12792.88229253143,12.048321882262826,551.249203260988,6797.046063158661
12793.1941718366,12.049694158136845,551.4959229771048,6797.046063158661
12795.913422755897,12.049694158136845,551.4959229771048,6798.675562586635
12796.003650642931,12.051046611741185,551.5231245048344,6798.675562586635
12798.43013587594,12.051046611741185,551.5231245048344,6800.596571825445
12800.884354375303,12.083851739764214,551.7784204054624,6800.596571825445
12802.331953180954,12.083851739764214,551.7784204054624,6801.27567512542
12802.536254480481,12.085112754255533,551.937185453251,6801.27567512542
12805.859883869067,12.085112754255533,551.937185453251,6803.097632430494
12806.35431184806,12.086409697309136,552.337881334126,6803.097632430494
12810.108921853825,12.086409697309136,552.337881334126,6805.884317461401
12810.270429894328,12.087532866746187,552.4912980347872,6805.884317461401
12811.844990538433,12.087532866746187,552.4912980347872,6806.976779013872
12813.825549907982,12.092420576140285,552.7470729257911,6806.976779013872
12816.55003997311,12.092420576140285,552.7470729257911,6808.859978763387
12816.911017036065,12.093729527667165,553.0489487573504,6808.859978763387
12819.753326086327,12.093729527667165,553.0489487573504,6810.542087379843
12820.136642258614,12.094951810315251,553.3752404488623,6810.542087379843
12822.624052263796,12.094951810315251,553.3752404488623,6812.410397239029
12823.051616944373,12.096208993345499,553.7916555572301,6812.410397239029
12826.047685464844,12.096208993345499,553.7916555572301,6814.050341684371
12827.85748912394,12.100801946595311,554.1387902889401,6814.050341684371
12832.368162091821,12.100801946595311,554.1387902889401,6817.54675241746
12832.733900489286,12.102034978568554,554.416194813326,6817.54675241746
12833.725875999779,12.102034978568554,554.416194813326,6818.051537333056
12834.154966652393,12.103292293846607,554.7807592786849,6818.051537333056
12835.10114836879,12.103292293846607,554.7807592786849,6818.570695038885
12835.45790383406,12.104511236771941,555.1258926037699,6818.570695038885
12836.690770372748,12.104511236771941,555.1258926037699,6819.431075818837
12839.233640104532,12.109043624252081,555.4510173294693,6819.431075818837
12841.823834734038,12.109043624252081,555.4510173294693,6821.150562398136
12842.13741295226,12.110329486429691,555.6960753593594,6821.150562398136
12844.704093208537,12.110329486429691,555.6960753593594,6823.17197233811
12844.89492886141,12.111913600936532,555.7957370877266,6823.17197233811
12846.929082242772,12.111913600936532,555.7957370877266,6824.357898205519
12847.29844195582,12.113282946869731,555.9473769310862,6824.357898205519
12849.622830308974,12.113282946869731,555.9473769310862,6825.90480693616
12852.554888444021,12.118000091984868,556.3648153431714,6825.90480693616
12855.42658339627,12.118000091984868,556.3648153431714,6828.414662268013
12855.646767808124,12.119248012080789,556.5710199642926,6828.414662268013
12858.147221174091,12.119248012080789,556.5710199642926,6830.527951857075
12858.642922149971,12.12059971690178,556.8292156439275,6830.527951857075
12860.947072535753,12.12059971690178,556.8292156439275,6832.175174852833
12861.020910115913,12.121855799108744,556.8919657245278,6832.175174852833
12864.112621501088,12.121855799108744,556.8919657245278,6834.389342356473
12866.532086661085,12.127396171912551,557.0485225301236,6834.389342356473
12869.276610812172,12.127396171912551,557.0485225301236,6836.006258493289
12869.530369533226,12.128652023151517,557.2657439820468,6836.006258493289
12872.934535492212,12.128652023151517,557.2657439820468,6838.123167227954
12873.18530104123,12.129852414131165,557.4755393881351,6838.123167227954
12875.673179114237,12.129852414131165,557.4755393881351,6839.841540390626
12875.959763439372,12.131297063082457,557.6318208798766,6839.841540390626
12878.807281797752,12.131297063082457,557.6318208798766,6841.802606465295
12882.39843079634,12.1569267436862,557.9176531024277,6841.802606465295
12885.72231769748,12.1569267436862,557.9176531024277,6843.643141867593
12886.139727665111,12.158393528312445,558.23075366579,6843.643141867593
12888.184260904789,12.158393528312445,558.23075366579,6845.04280712083
12888.36093523167,12.159695150330663,558.3589446097612,6845.04280712083
12890.84479671903,12.159695150330663,558.3589446097612,6846.49374997057
12891.29877720587,12.161087656393647,558.6739184074104,6846.49374997057
12893.104788022116,12.161087656393647,558.6739184074104,6847.38753426075
12895.646625338122,12.165684709325433,559.015733750537,6847.38753426075
12898.359998896718,12.165684709325433,559.015733750537,6849.349792951718
12898.7194262892,12.166932333260775,559.3673011884093,6849.349792951718
12901.9904955104,12.166932333260775,559.3673011884093,6851.677550015971
12902.506822356954,12.168289726600051,559.6647275723517,6851.677550015971
12905.06204386428,12.168289726600051,559.6647275723517,6853.565704552457
12905.244924416766,12.172702427953482,559.7694106418639,6853.565704552457
12907.86623380147,12.172702427953482,559.7694106418639,6855.541579674929
12911.104496808723,12.185697603970766,560.078751809895,6855.541579674929
12913.62715986371,12.185697603970766,560.078751809895,6857.1895675789565
12913.99367297627,12.18698831833899,560.3527459092438,6857.1895675789565
12916.368844510987,12.18698831833899,560.3527459092438,6858.975577127188
12916.759408766404,12.188412694260478,560.5944919362664,6858.975577127188
12919.078648921102,12.188412694260478,560.5944919362664,6860.432543011382
12919.514407305047,12.189854338765144,560.8221053779125,6860.432543011382
12921.913770468906,12.189854338765144,560.8221053779125,6861.968087077141
12925.521173264831,12.200799005106091,561.127629507333,6861.968087077141
12927.43588626571,12.200799005106091,561.127629507333,6862.810721132904
12927.625723388046,12.202058726921678,561.2934985663742,6862.810721132904
12930.89107646048,12.202058726921678,561.2934985663742,6864.743933038786
12931.25535129197,12.203355841338634,561.3701010104269,6864.743933038786
12932.384156512097,12.203355841338634,561.3701010104269,6865.443383807316
12932.451380468905,12.204561844468117,561.4287178702652,6865.443383807316
12934.507560210302,12.204561844468117,561.4287178702652,6866.520275529474
12938.383290899917,12.209133796393871,561.6875025555491,6866.520275529474
12940.356789663434,12.209133796393871,561.6875025555491,6867.412285853177
12940.798885293305,12.210508162155747,561.9922799952328,6867.412285853177
12943.796341456473,12.210508162155747,561.9922799952328,6869.262613397092
12944.08038703166,12.21176415681839,562.2175683863461,6869.262613397092
12947.278536984697,12.21176415681839,562.2175683863461,6871.407914659008
12947.4330257494,12.212996387854218,562.3535588737577,6871.407914659008
12949.475827995688,12.212996387854218,562.3535588737577,6872.573349274695
12952.931802358478,12.217578262090683,562.6241857968271,6872.573349274695
12953.903894385323,12.217578262090683,562.6241857968271,6872.927657559514
12953.990771785378,12.218884674832225,562.7015216648579,6872.927657559514
12956.276895368472,12.218884674832225,562.7015216648579,6874.231936292723
12956.636129371822,12.22012728638947,562.9967629928142,6874.231936292723
12958.821570528671,12.22012728638947,562.9967629928142,6875.886606700718
12959.01945413649,12.221368920058012,563.0766923874617,6875.886606700718
12961.293321620673,12.221368920058012,563.0766923874617,6877.319594923407
12964.189502039924,12.247191807255149,563.1031110566109,6877.319594923407
12966.039735889062,12.247191807255149,563.1031110566109,6878.54438132979
12966.362743750215,12.248393788933754,563.409448876977,6878.54438132979
12968.099048949778,12.248393788933754,563.409448876977,6879.960437757894
12968.33531153202,12.249660203233361,563.5880436357111,6879.960437757894
12969.388424497098,12.249660203233361,563.5880436357111,6880.575369557366
12969.686101021245,12.25093269534409,563.8324434366077,6880.575369557366
12972.44792586565,12.25093269534409,563.8324434366077,6882.278938114643
12975.240863349289,12.255461668595672,564.1125576738268,6882.278938114643
12977.749488860369,12.255461668595672,564.1125576738268,6884.474583839998
12978.010750057176,12.258396269753575,564.2986063603312,6884.474583839998
12979.061951661482,12.258396269753575,564.2986063603312,6884.908557629213
12979.232405152172,12.262540087103844,564.441803952679,6884.908557629213
12981.249309053645,12.262540087103844,564.441803952679,6886.22823413834
12981.504678795114,12.263803170993924,564.6567868273705,6886.22823413834
12983.036536524072,12.263803170993924,564.6567868273705,6887.297150593251
12986.376236936077,12.268581327050924,564.8149045985192,6887.297150593251
12989.088187403977,12.268581327050924,564.8149045985192,6889.19785932824
12989.480362579226,12.270015863701701,565.0096351318061,6889.19785932824
12991.427476104349,12.270015863701701,565.0096351318061,6890.25866490975
12991.754214074463,12.271225495263934,565.2934055235237,6890.25866490975
12995.286761883646,12.271225495263934,565.2934055235237,6892.832227468491
12995.549146592617,12.272544810548425,565.3431105334312,6892.832227468491
12997.876409236342,12.272544810548425,565.3431105334312,6894.547703426331
13000.760771634057,12.277032935991883,565.6832253783941,6894.547703426331
13002.942364428192,12.277032935991883,565.6832253783941,6895.656354045495
13003.410221464932,12.278283599764109,566.0827105063945,6895.656354045495
13006.395908340812,12.278283599764109,566.0827105063945,6897.470639584586
13006.813849892467,12.279563264921308,566.4059477876872,6897.470639584586
13011.017019864172,12.279563264921308,566.4059477876872,6900.695829266682
13011.379222787917,12.28093277104199,566.7063769642264,6900.695829266682
13015.814734779298,12.28093277104199,566.7063769642264,6904.1531313546
13017.81564429216,12.285528473556042,567.1137267369777,6904.1531313546
13019.753665136173,12.285528473556042,567.1137267369777,6905.668156575412
13019.985604835674,12.28680930659175,567.3185181822628,6905.668156575412
13022.653579732403,12.28680930659175,567.3185181822628,6907.3065217603
13022.968647226691,12.288058519363403,567.6100243367255,6907.3065217603
13025.692474676296,12.288058519363403,567.6100243367255,6909.013698527589
13026.058806449175,12.289304478093982,567.9682203419507,6909.013698527589
13028.282502841204,12.289304478093982,567.9682203419507,6910.272810516879
13030.110581809655,12.293761141598225,568.2822284139693,6910.272810516879
13033.298332037404,12.293761141598225,568.2822284139693,6912.94487901777
13033.644909268245,12.295871488749981,568.5642369911075,6912.94487901777
13036.431922612712,12.295871488749981,568.5642369911075,6914.591953305528
13036.798215653747,12.297124480828643,568.8774355519563,6914.591953305528
13040.594614675269,12.297124480828643,568.8774355519563,6917.712362667546
13040.731081044301,12.298422584310174,568.9963481128216,6917.712362667546
13043.234065793455,12.298422584310174,568.9963481128216,6919.327910035849
13046.832497924566,12.303008258342743,569.1509187798947,6919.327910035849
13047.965344384313,12.303008258342743,569.1509187798947,6920.112340010703
13048.086247704923,12.30424601957202,569.2173269633204,6920.112340010703
13049.987164614722,12.30424601957202,569.2173269633204,6921.204531537369
13050.477141967043,12.305531933903694,569.6528558786958,6921.204531537369
13052.336926359683,12.305531933903694,569.6528558786958,6922.472794864327
13053.00433331728,12.306761607527733,570.2617666851729,6922.472794864327
13057.045000936836,12.306761607527733,570.2617666851729,6925.829373037443
13059.168103383854,12.31136037223041,570.483770525083,6925.829373037443
13061.413501407951,12.31136037223041,570.483770525083,6927.31655064784
13061.998598013073,12.312763817608356,570.8914201073349,6927.31655064784
13064.10749499686,12.312763817608356,570.8914201073349,6929.067435795441
13064.194412020966,12.314002869650722,570.9698637295514,6929.067435795441
13067.156192980707,12.314002869650722,570.9698637295514,6931.2779671400785
13067.40705400519,12.315207472071052,571.1820986531675,6931.2779671400785
13068.434018244967,12.315207472071052,571.1820986531675,6931.684658154845
13070.507378086448,12.319686522707343,571.5162433553487,6931.684658154845
13073.57262531668,12.319686522707343,571.5162433553487,6933.5692027285695
13073.717856885865,12.320995574817061,571.5886228960007,6933.5692027285695
13075.851431252435,12.320995574817061,571.5886228960007,6935.165242917836
13076.136818980798,12.322224775329232,571.8328010104597,6935.165242917836
13078.163309348747,12.322224775329232,571.8328010104597,6936.934615558013
13078.466402187943,12.323577539995313,572.0934190731496,6936.934615558013
13081.070947021246,12.323577539995313,572.0934190731496,6939.394461296499
13083.37348468788,12.328245054930449,572.5114340167493,6939.394461296499
13087.551850695163,12.328245054930449,572.5114340167493,6942.612961832434
13088.103785544634,12.329459765926003,573.0242828186601,6942.612961832434
13091.46907865256,12.329459765926003,573.0242828186601,6945.398703319952
13091.670076403767,12.33067462965846,573.162258869037,6945.398703319952
13095.298720983788,12.33067462965846,573.162258869037,6948.323170583695
13095.754464382306,12.331992074847221,573.5318930689245,6948.323170583695
13100.399996673688,12.331992074847221,573.5318930689245,6951.698905266821
13102.778337048367,12.33650403469801,573.979686524719,6951.698905266821
13106.659857831895,12.33650403469801,573.979686524719,6954.468435781077
13107.00884574838,12.337930532172322,574.2990997210145,6954.468435781077
13110.39748274535,12.337930532172322,574.2990997210145,6957.5101172905415
13110.715735660866,12.33987401612103,574.3651589583606,6957.5101172905415
13112.238985525444,12.33987401612103,574.3651589583606,6958.182661056519
13112.54596874863,12.341242581605911,574.4507962111384,6958.182661056519
13113.806187326089,12.341242581605911,574.4507962111384,6958.95254162699
13117.233577949926,12.352015405893326,574.7014016415924,6958.95254162699
13120.517153110355,12.352015405893326,574.7014016415924,6961.58491695486
13120.869020136073,12.353252748027444,574.984967039898,6961.58491695486
13123.03602817282,12.353252748027444,574.984967039898,6962.816491086036
13123.53936660476,12.354589782655239,575.3690143115819,6962.816491086036
13125.862970000133,12.354589782655239,575.3690143115819,6964.875744268298
13126.081653123721,12.355856645852327,575.5630060490221,6964.875744268298
13129.572928177193,12.355856645852327,575.5630060490221,6967.71233160235
13131.883639520034,12.360352287068963,575.9495438653976,6967.71233160235
13135.537241596729,12.360352287068963,575.9495438653976,6970.108658961952
13135.975277239457,12.36164215952158,576.1496331617236,6970.108658961952
13137.701495271176,12.36164215952158,576.1496331617236,6970.771629579365
13138.358326986432,12.36308815702796,576.4000693336129,6970.771629579365
13141.517031988129,12.36308815702796,576.4000693336129,6973.119385210797
13141.6553310249,12.364389773458242,576.4907892178744,6973.119385210797
13145.145437669009,12.364389773458242,576.4907892178744,6975.520879466087
13148.072278590873,12.36904040724039,576.6455135531723,6975.520879466087
13150.060232682154,12.36904040724039,576.6455135531723,6976.673584615812
13150.188494537026,12.370303640142083,576.7457157801837,6976.673584615812
13152.602114828303,12.370303640142083,576.7457157801837,6977.899599965662
13152.941196424887,12.371591061353683,576.980251122266,6977.899599965662
13155.544524276629,12.371591061353683,576.980251122266,6979.783460302278
13155.676904149354,12.37286752462387,577.0586258545518,6979.783460302278
13157.575664157048,12.37286752462387,577.0586258545518,6981.144344817847
13159.8554167822,12.44565810635686,577.1445538531989,6981.144344817847
13161.54785132967,12.44565810635686,577.1445538531989,6982.223799740896
13161.809382062405,12.446868559345603,577.3925478719175,6982.223799740896
13164.385763980448,12.446868559345603,577.3925478719175,6983.7530648019165
13164.679715640843,12.448139570653439,577.6102685593069,6983.7530648019165
13166.878891289234,12.448139570653439,577.6102685593069,6984.801447072998
13167.273754188791,12.449481975287199,577.9653788786381,6984.801447072998
13169.062787963077,12.449481975287199,577.9653788786381,6985.726428955793
13172.06025891006,12.453975161537528,578.1466088071465,6985.726428955793
13173.537071952596,12.453975161537528,578.1466088071465,6986.638931343332
13173.834557056427,12.455273305997252,578.4095144551247,6986.638931343332
13177.042486744002,12.455273305997252,578.4095144551247,6988.994938198477
13177.238915009424,12.456697512418032,578.5049389079213,6988.994938198477
13179.360837880522,12.456697512418032,578.5049389079213,6990.276810217649
13179.661511572078,12.457926074042916,578.792231939733,6990.276810217649
13181.635441973805,12.457926074042916,578.792231939733,6991.572624178603
13185.853303734213,12.462618751451373,578.9602877162397,6991.572624178603
13187.070833396167,12.462618751451373,578.9602877162397,6992.081445015967
13187.17711952515,12.463882653042674,578.9969819989055,6992.081445015967
13188.9774554912,12.463882653042674,578.9969819989055,6993.017293930054
13189.470119345933,12.465187497437,579.3019796106964,6993.017293930054
13192.862037092447,12.465187497437,579.3019796106964,6995.434196908027
13192.989379551262,12.466364789754152,579.3896385729313,6995.434196908027
13194.910683820024,12.466364789754152,579.3896385729313,6996.375462552533
13196.821334321052,12.505178414285183,579.5932457279414,6996.375462552533
13199.826988112181,12.505178414285183,579.5932457279414,6998.416793042794
13200.205999618396,12.506570408120751,579.8325573801994,6998.416793042794
13202.42606241256,12.506570408120751,579.8325573801994,6999.877798907459
13202.509611776099,12.507968995720148,579.8881509173661,6999.877798907459
13203.606142288074,12.507968995720148,579.8881509173661,7000.620596373454
13203.683030894026,12.509278578683734,579.9546306431293,7000.620596373454
13205.652901461348,12.509278578683734,579.9546306431293,7001.987247446552
13210.631047844887,12.513930724933743,580.2334351819009,7001.987247446552
13212.088388385251,12.513930724933743,580.2334351819009,7002.805530682206
13212.290937379003,12.515222039073706,580.3859655596316,7002.805530682206
13215.661648252979,12.515222039073706,580.3859655596316,7004.715558266267
13216.09956330806,12.516558036208153,580.7561277654022,7004.715558266267
13217.671674322337,12.516558036208153,580.7561277654022,7005.6258782316
13217.81211564131,12.517891880124807,580.8767890054733,7005.6258782316
13220.678844604641,12.517891880124807,580.8767890054733,7007.8358744978905
13223.998781232163,12.533883171156049,581.2194887436926,7007.8358744978905
13227.223207689822,12.533883171156049,581.2194887436926,7010.695532288402
13227.37861268036,12.535243118181825,581.2903724424541,7010.695532288402
13230.661793977022,12.535243118181825,581.2903724424541,7013.066511113197
13230.857857454568,12.563400780782104,581.4238975346088,7013.066511113197
13233.171069560573,12.563400780782104,581.4238975346088,7014.629642417654
13233.679567338899,12.564853385090828,581.7135560605675,7014.629642417654
13236.615461736917,12.564853385090828,581.7135560605675,7016.863511677831
13239.606062408537,12.56950251199305,582.0180110465735,7016.863511677831
13243.55456918478,12.56950251199305,582.0180110465735,7019.445136968046
13243.704249680042,12.570917269214988,582.1014275029302,7019.445136968046
13246.793274125084,12.570917269214988,582.1014275029302,7021.494740035385
13247.168893029913,12.572255814447999,582.4351577907801,7021.494740035385
13249.83272527717,12.572255814447999,582.4351577907801,7023.247168619186
13250.13903523609,12.573587948456407,582.714423937723,7023.247168619186
13252.821845619008,12.573587948456407,582.714423937723,7025.082950828597
13255.531043851748,12.578128263354301,582.8075169045478,7025.082950828597
13256.854428900406,12.578128263354301,582.8075169045478,7025.902028996497
13257.248811541125,12.58032768405974,583.1190477516502,7025.902028996497
13259.648762052879,12.58032768405974,583.1190477516502,7027.617629116401
13260.05519128777,12.58176145143807,583.3324288651347,7027.617629116401
13263.824104230851,12.58176145143807,583.3324288651347,7030.650801213458
13263.995778687298,12.583116374909878,583.48551338166,7030.650801213458
13265.758122496307,12.583116374909878,583.48551338166,7031.421738507226
13269.322388906032,12.616325087845325,584.0141616668552,7031.421738507226
13272.449575114995,12.616325087845325,584.0141616668552,7033.779401464388
13272.631281943992,12.61761823296547,584.1541547495872,7033.779401464388
13276.639454476535,12.61761823296547,584.1541547495872,7036.7831538226455
13277.1095089484,12.618869565427303,584.5458887014538,7036.7831538226455
13278.519421584904,12.618869565427303,584.5458887014538,7037.689558247104
13278.996262412518,12.6203319337219,585.0017417557538,7037.689558247104
13282.17935058102,12.6203319337219,585.0017417557538,7040.513295501471
13284.754492962733,12.631070539355278,585.1997360400856,7040.513295501471
13288.022472994402,12.631070539355278,585.1997360400856,7042.493846889585
13288.622755272314,12.63236228376627,585.537989038974,7042.493846889585
13291.199749460444,12.63236228376627,585.537989038974,7044.138867966831
13291.34543116577,12.633629318326712,585.6665745824575,7044.138867966831
13292.496727090329,12.633629318326712,585.6665745824575,7045.030751530081
13292.550097549334,12.63495335355401,585.7048692274839,7045.030751530081
13293.855629203841,12.63495335355401,585.7048692274839,7045.924492908642
13297.412372892722,12.647576248273253,586.0397375393659,7045.924492908642
13299.826218925416,12.647576248273253,586.0397375393659,7047.682139212266
13300.325667312369,12.648904975503683,586.4257697686553,7047.682139212266
13303.108023904264,12.648904975503683,586.4257697686553,7049.445060754195
13303.638749441132,12.650397293269634,586.8775402326137,7049.445060754195
13306.862681264058,12.650397293269634,586.8775402326137,7051.835549410433
13307.019292768091,12.652681697160006,586.9959664735943,7051.835549410433
13309.760981105268,12.652681697160006,586.9959664735943,7053.472208762541
13312.103113416582,12.689917553216219,587.1808694899082,7053.472208762541
13315.579662799835,12.689917553216219,587.1808694899082,7055.796516340226
13315.92825109139,12.691208885982633,587.4791709184647,7055.796516340226
13319.08429093659,12.691208885982633,587.4791709184647,7057.535249479115
13319.338917229325,12.700028894469142,587.6414169259369,7057.535249479115
13321.676741268486,12.700028894469142,587.6414169259369,7058.993307059631
13322.048257203773,12.701477821916342,587.9195704571903,7058.993307059631
13324.563108367845,12.701477821916342,587.9195704571903,7060.7874381337315
13328.923775697127,12.705917704850435,588.2544786799699,7060.7874381337315
13331.225784076378,12.705917704850435,588.2544786799699,7062.382984241471
13331.553465496749,12.707423500716686,588.3554114811122,7062.382984241471
13334.229931209236,12.707423500716686,588.3554114811122,7064.489329427481
13334.875049635768,12.708824576810002,588.9148642253131,7064.489329427481
13336.279020927846,12.708824576810002,588.9148642253131,7065.4439568873495
13336.705676726997,12.710292024537921,589.2842208333313,7065.4439568873495
13340.238659508526,12.710292024537921,589.2842208333313,7067.926095150411
13344.594704871997,12.714933088049293,589.6131111271679,7067.926095150411
13345.977185044438,12.714933088049293,589.6131111271679,7069.083232771605
13346.436383364722,12.716332023963332,589.955661918968,7069.083232771605
13348.853931181133,12.716332023963332,589.955661918968,7070.261370213702
13349.201408741996,12.717630587518215,590.1740877274424,7070.261370213702
13351.435580516234,12.717630587518215,590.1740877274424,7071.735624762252
13351.702240141109,12.719019461423159,590.3687136825174,7071.735624762252
13354.600755924359,12.719019461423159,590.3687136825174,7073.541475277394
13358.00392924808,12.723801579326391,590.7559701073915,7073.541475277394
13360.02950231731,12.723801579326391,590.7559701073915,7074.96468433179
13360.169653780758,12.725151102989912,590.8606074694544,7074.96468433179
13363.447874628007,12.725151102989912,590.8606074694544,7077.225213266909
13363.725649653003,12.726460386067629,591.0869333799928,7077.225213266909
13365.04068832472,12.726460386067629,591.0869333799928,7078.19137868844
13365.210494108498,12.727903874590993,591.1187084484845,7078.19137868844
13366.404519192874,12.727903874590993,591.1187084484845,7078.991443805397
13369.326992686838,12.732458651065826,591.4602206125855,7078.991443805397
13372.606541860849,12.732458651065826,591.4602206125855,7081.246628697962
13372.748239073902,12.733751524239779,591.5644390061498,7081.246628697962
13376.173655990511,12.733751524239779,591.5644390061498,7083.313841646537
13376.513795170933,12.734995387494564,591.888584844768,7083.313841646537
13379.715781936422,12.734995387494564,591.888584844768,7085.361486738548
13380.1583659295,12.736462453380227,592.2109052017331,7085.361486738548
13382.795657977462,12.736462453380227,592.2109052017331,7087.14748088643
13385.377330347896,12.741933850571513,592.2723987009376,7087.14748088643
13388.722564540803,12.741933850571513,592.2723987009376,7089.56756282039
13389.10997906141,12.743335265666246,592.6183117236942,7089.56756282039
13391.052746182308,12.743335265666246,592.6183117236942,7090.802974790335
13391.471279228106,12.745815159752965,592.8050977289677,7090.802974790335
13393.206182433292,12.745815159752965,592.8050977289677,7092.1154807806015
13393.596459005028,12.74709284491837,593.161169020459,7092.1154807806015
13398.268275598064,12.74709284491837,593.161169020459,7095.047338785604
13400.327699933201,12.751808799803257,593.6921415682882,7095.047338785604
13404.053175864741,12.751808799803257,593.6921415682882,7097.498008657247
13404.570909783244,12.753248006105423,594.0936786737293,7097.498008657247
13408.433283401653,12.753248006105423,594.0936786737293,7099.9747568983585
13408.801812781021,12.754615873098373,594.4141920190305,7099.9747568983585
13412.359174121171,12.754615873098373,594.4141920190305,7102.81842892617
13412.491279769689,12.755879525095224,594.5316845923662,7102.81842892617
13416.230982076377,12.755879525095224,594.5316845923662,7105.645954722539
13418.494706057012,12.760436659678817,594.9630741048604,7105.645954722539
13421.148934137076,12.760436659678817,594.9630741048604,7107.341463925317
13421.529100386426,12.761757034808397,595.2564166169614,7107.341463925317
13425.647487998009,12.761757034808397,595.2564166169614,7110.281443208456
13425.988327264786,12.763083038851619,595.5592540521175,7110.281443208456
13430.001353101805,12.763083038851619,595.5592540521175,7113.182439295575
13430.395103529096,12.764445543289185,595.8744344692677,7113.182439295575
13433.893224962056,12.764445543289185,595.8744344692677,7115.939515987411
13436.09945377335,12.774626849219203,596.3818381801248,7115.939515987411
13440.175889220089,12.774626849219203,596.3818381801248,7119.220976032317
13440.615465691313,12.775946183130145,596.7688873764127,7119.220976032317
13444.680465193465,12.775946183130145,596.7688873764127,7122.262846197933
13444.86125910841,12.779847662895918,596.914849691093,7122.262846197933
13448.492193009704,12.779847662895918,596.914849691093,7124.707728091627
13448.771287484095,12.781330211088061,597.124839188531,7124.707728091627
13452.85382775776,12.781330211088061,597.124839188531,7127.555986888707
13455.18972925283,12.785967722535133,597.4010492488742,7127.555986888707
13458.347212903202,12.785967722535133,597.4010492488742,7129.565410809591
13458.941101398319,12.787330206483603,597.9023685529828,7129.565410809591
13463.109501987696,12.787330206483603,597.9023685529828,7132.778248678893
13463.508938681334,12.788829935714602,598.2814295142889,7132.778248678893
13466.577291803434,12.788829935714602,598.2814295142889,7135.060667203739
13467.062405159697,12.790101759135723,598.7129347771406,7135.060667203739
13471.43873665668,12.790101759135723,598.7129347771406,7138.08288358897
13473.230423420668,12.798361686989665,599.034321879968,7138.08288358897
13476.968464693055,12.798361686989665,599.034321879968,7140.65227711387
13477.21064555645,12.799714390188456,599.177694035694,7140.65227711387
13480.565705897287,12.799714390188456,599.177694035694,7143.439265055582
13480.974333975464,12.8010641541332,599.5257532652467,7143.439265055582
13484.569998521358,12.8010641541332,599.5257532652467,7145.9609332717955
13484.996358724311,12.802416859194636,599.8981463480741,7145.9609332717955
13488.966356009245,12.802416859194636,599.8981463480741,7149.071805175394
13490.92732226476,12.807229589670897,600.3320974186063,7149.071805175394
13494.954036260024,12.807229589670897,600.3320974186063,7152.057139270008
13495.346130292863,12.8085976857692,600.6565146688372,7152.057139270008
13498.731492549181,12.8085976857692,600.6565146688372,7154.662812901661
13498.820845633745,12.809914218261838,600.7330999430269,7154.662812901661
13500.178778776899,12.809914218261838,600.7330999430269,7155.636555088684
13500.361995687708,12.811302155256271,600.8685209937394,7155.636555088684
13502.168724892661,12.811302155256271,600.8685209937394,7156.858255352825
13504.776346929371,12.842184517532587,601.3095408938825,7156.858255352825
13508.287524938583,12.842184517532587,601.3095408938825,7159.278494643047
13508.78717257455,12.849440770223737,601.5839727446437,7159.278494643047
13511.953140895814,12.849440770223737,601.5839727446437,7161.441252112389
13512.410341711715,12.850819723680615,601.9783925190568,7161.441252112389
13514.633909149095,12.850819723680615,601.9783925190568,7162.941111398861
13514.968195468187,12.852206436917186,602.2414682842791,7162.941111398861
13517.387469671667,12.852206436917186,602.2414682842791,7164.424837771803
13521.593367151916,12.859945395961404,602.5574622303247,7164.424837771803
13524.723774392158,12.859945395961404,602.5574622303247,7166.7157605960965
13525.037445276976,12.8612414970994,602.831764889881,7166.7157605960965
13526.467499984428,12.8612414970994,602.831764889881,7167.544336203486
13526.723777236417,12.862548809498549,603.042005861178,7167.544336203486
13529.727812448516,12.862548809498549,603.042005861178,7169.984451331198
13530.174058424309,12.863831993192434,603.4794813878834,7169.984451331198
13532.30005938001,12.863831993192434,603.4794813878834,7171.411879599094
13535.735690517351,12.868565499782562,603.593039823696,7171.411879599094
13536.93234277144,12.868565499782562,603.593039823696,7172.191935878247
13537.333098009229,12.869908945634961,603.8620670773089,7172.191935878247
13540.730017112568,12.869908945634961,603.8620670773089,7174.485189696774
13541.07897576876,12.871237879619002,604.095460863784,7174.485189696774
13542.317209281027,12.871237879619002,604.095460863784,7175.157918231562
13542.796014947817,12.874796103686094,604.562156682834,7175.157918231562
13545.313789432868,12.874796103686094,604.562156682834,7176.979199068621
13547.661079466343,12.880331315100193,604.7116549927741,7176.979199068621
13550.294957771897,12.880331315100193,604.7116549927741,7178.751345900819
13550.368299888447,12.881664788350463,604.7683424837887,7178.751345900819
13552.244995191693,12.881664788350463,604.7683424837887,7180.19990538992
13552.751041447744,12.883117515593767,605.0958233196288,7180.19990538992
13555.007505033165,12.883117515593767,605.0958233196288,7181.765645889565
13555.284260395914,12.884578811004758,605.2078984193504,7181.765645889565
13556.68681517616,12.884578811004758,605.2078984193504,7182.332145843655
13559.664273517206,12.91036232188344,605.3511669449508,7182.332145843655
13563.020951993763,12.91036232188344,605.3511669449508,7184.555223591626
13563.627635961398,12.911704255267978,605.7021322790533,7184.555223591626
13565.878510514274,12.911704255267978,605.7021322790533,7186.248099386692
13566.291192913428,12.913022249937057,606.0697624068707,7186.248099386692
13569.609505733475,12.913022249937057,606.0697624068707,7188.892945891246
13570.020911348984,12.91432075202465,606.4697065204382,7188.892945891246
13573.102168157697,12.91432075202465,606.4697065204382,7191.019561678171
13577.210019005463,12.92476518265903,606.6211645435542,7191.019561678171
13579.525586999953,12.92476518265903,606.6211645435542,7192.543661855161
13579.666623484343,12.926912270486355,606.7340651974082,7192.543661855161
13582.37820049189,12.926912270486355,606.7340651974082,7193.937651542947
13583.00664912723,12.9282545465976,607.221992334351,7193.937651542947
13584.68447384052,12.9282545465976,607.221992334351,7195.162399863824
13585.161843905225,12.929632673040032,607.6187262106687,7195.162399863824
13587.586584364995,12.929632673040032,607.6187262106687,7196.644821502268
13589.83505761996,12.934189297258854,608.0369654688984,7196.644821502268
13593.875308973715,12.934189297258854,608.0369654688984,7199.456982333213
13594.485232140869,12.935559092089534,608.5730515606701,7199.456982333213
13596.270103065297,12.935559092089534,608.5730515606701,7200.93054850027
13596.71866453439,12.93683436512947,608.976332757622,7200.93054850027
13600.784588089213,12.93683436512947,608.976332757622,7204.053452206776
13601.282067948952,12.938212750479579,609.4428047649562,7204.053452206776
13605.876328216866,12.938212750479579,609.4428047649562,7207.51139411144
13608.283793196082,12.942957729101181,609.7999348528683,7207.51139411144
13611.17237286456,12.942957729101181,609.7999348528683,7209.209631707519
13611.610511723906,12.944216363132,610.1959611084312,7209.209631707519
13614.522233491763,12.944216363132,610.1959611084312,7210.937735192478
13614.880885818973,12.945547629147768,610.5319720208645,7210.937735192478
13617.577400492504,12.945547629147768,610.5319720208645,7212.605715651065
13618.146390214562,12.947079246863723,610.9197844769806,7212.605715651065
13619.717626024038,12.947079246863723,610.9197844769806,7213.826259089634
13622.734890053049,12.951789772138,611.3588326275349,7213.826259089634
13625.449942236766,12.951789772138,611.3588326275349,7215.081625182182
13625.866405792534,12.953090596944094,611.7096534185112,7215.081625182182
13627.086621066555,12.953090596944094,611.7096534185112,7215.93177591078
13627.765263354406,12.954355299472809,612.3114440683275,7215.93177591078
13631.46669563651,12.954355299472809,612.3114440683275,7218.503099467605
13632.10757508874,12.955717846751213,612.9080017842352,7218.503099467605
13634.938049852848,12.955717846751213,612.9080017842352,7220.463237714022
13637.307549299672,13.01003922149539,613.1259357072413,7220.463237714022
13639.76479757391,13.01003922149539,613.1259357072413,7222.295944171026
13640.188336933032,13.011370785534382,613.4680530633777,7222.295944171026
13643.607640825212,13.011370785534382,613.4680530633777,7224.6379675697535
13643.764266744256,13.01264593936503,613.6041947808117,7224.6379675697535
13646.19331859611,13.01264593936503,613.6041947808117,7226.574326645583
13646.731378056109,13.014004895463586,614.1105707045645,7226.574326645583
13650.251763967797,13.014004895463586,614.1105707045645,7229.011301243678
13652.595597092062,13.018775573000312,614.5354274567217,7229.011301243678
13655.818690117449,13.018775573000312,614.5354274567217,7231.194210197777
13656.270597210154,13.020115297287703,614.8654202129692,7231.194210197777
13659.40290905349,13.020115297287703,614.8654202129692,7233.298737179488
13659.915319878608,13.02147832326591,615.3023131843656,7233.298737179488
13663.737726761028,13.02147832326591,615.3023131843656,7236.064731605351
13664.198081348091,13.022824756801128,615.6863371320069,7236.064731605351
13667.751869244501,13.022824756801128,615.6863371320069,7238.639802349731
13669.720993880183,13.027437390759587,615.9643458928913,7238.639802349731
13673.544734351337,13.027437390759587,615.9643458928913,7241.390931466594
13673.950426572934,13.028761126101017,616.361848756671,7241.390931466594
13677.684298189357,13.028761126101017,616.361848756671,7244.462873507291
13678.06959844008,13.030054220929742,616.7241153307259,7244.462873507291
13681.301451601088,13.030054220929742,616.7241153307259,7247.021552883089
13681.503806075081,13.031332863494754,616.9092934522778,7247.021552883089
13685.291502112523,13.031332863494754,616.9092934522778,7249.908634988591
13687.134345913306,13.036048699170351,617.2528548147529,7249.908634988591
13690.437340978533,13.036048699170351,617.2528548147529,7252.643275331706
13690.923869945109,13.037405874580145,617.6695688497275,7252.643275331706
13693.7248451747,13.037405874580145,617.6695688497275,7254.937471788377
13694.069939697161,13.038635866716504,617.9862090740353,7254.937471788377
13696.98492495343,13.038635866716504,617.9862090740353,7256.885922282934
13697.301875891164,13.039996303617954,618.2707708049566,7256.885922282934
13698.932821944356,13.039996303617954,618.2707708049566,7257.692074125633
13703.41437109746,13.044691000133753,618.7874648086727,7257.692074125633
13705.436337459832,13.044691000133753,618.7874648086727,7259.151017371565
13705.989082280546,13.046184597536922,619.0654849894345,7259.151017371565
13708.173250298947,13.046184597536922,619.0654849894345,7260.867740098387
13708.564217735082,13.047611333429813,619.2155007515103,7260.867740098387
13713.25989649631,13.047611333429813,619.2155007515103,7264.496427018195
13713.574966460466,13.048866245895624,619.5067090336233,7264.496427018195
13715.195805797353,13.048866245895624,619.5067090336233,7265.646916218102
13718.038334537297,13.053446041420102,619.6895773429424,7265.646916218102
13720.118922200054,13.053446041420102,619.6895773429424,7266.874463055283
13720.311755830422,13.054920066148043,619.8482198007405,7266.874463055283
13723.001529701054,13.054920066148043,619.8482198007405,7269.163840070367
13723.21050863713,13.056189531460404,620.0340993944556,7269.163840070367
13725.125134738162,13.056189531460404,620.0340993944556,7270.316254327074
13725.442897642031,13.057561688125134,620.3118146881461,7270.316254327074
13728.210714116693,13.057561688125134,620.3118146881461,7272.481389032677
13731.887221863493,13.062168722972274,620.6165407039225,7272.481389032677
13735.163156956434,13.062168722972274,620.6165407039225,7274.7178315948695
13735.506174420938,13.06354421749711,620.8636386916041,7274.7178315948695
13738.622629184276,13.06354421749711,620.8636386916041,7277.124350123107
13739.204892432317,13.064872721210122,621.3472958952188,7277.124350123107
13742.467582808807,13.064872721210122,621.3472958952188,7279.712262041867
13742.931950399652,13.066236874088645,621.7073185089976,7279.712262041867
13745.486999385059,13.066236874088645,621.7073185089976,7281.421530680731
13748.917344924062,13.07633838057518,622.1048053149134,7281.421530680731
13752.012423448265,13.07633838057518,622.1048053149134,7283.606265021488
13752.253226453438,13.077661072835326,622.3292763922364,7283.606265021488
13754.342238204554,13.077661072835326,622.3292763922364,7284.8498587831855
13754.53103659302,13.078989828005433,622.4903702344745,7284.8498587831855
13756.786721207201,13.078989828005433,622.4903702344745,7286.5514152906835
13757.272424060851,13.080337431281805,622.9124951809645,7286.5514152906835
13760.890999188647,13.080337431281805,622.9124951809645,7289.4811786189675
13764.454381961375,13.08502259477973,623.1093174144626,7289.4811786189675
13765.987395940349,13.08502259477973,623.1093174144626,7290.420084903017
13766.364117270336,13.08649455010891,623.1577898990363,7290.420084903017
13768.367996042594,13.08649455010891,623.1577898990363,7291.7316987626255
13768.729463793337,13.08788213506341,623.5038370210677,7291.7316987626255
13771.217363027856,13.08788213506341,623.5038370210677,7293.890428155661
13771.625678103417,13.089176280423999,623.8726058844477,7293.890428155661
13775.028660709038,13.089176280423999,623.8726058844477,7296.264072481543
13778.070079872385,13.119946118444204,624.0070524718612,7296.264072481543
13779.38250431791,13.119946118444204,624.0070524718612,7297.222223637626
13779.722122272477,13.121229741722345,624.3259832579643,7297.222223637626
13782.36579804495,13.121229741722345,624.3259832579643,7299.034877520055
13782.820199329406,13.122576074674726,624.7187064252794,7299.034877520055
13784.93929153122,13.122576074674726,624.7187064252794,7300.450291279703
13785.264554012567,13.124102452769876,624.8810061700642,7300.450291279703
13788.154618212953,13.124102452769876,624.8810061700642,7302.59755223617
13792.181023424491,13.129277188330889,625.236865721643,7302.59755223617
13794.582510149106,13.129277188330889,625.236865721643,7304.249867521226
13795.138569172472,13.130706753581762,625.534647623077,7304.249867521226
13798.290042644367,13.130706753581762,625.534647623077,7306.085006404668
13798.36478693597,13.132046150043607,625.585376797244,7306.085006404668
13799.373876851052,13.132046150043607,625.585376797244,7306.843092339113
13799.949424400926,13.133534464985132,626.0253533292562,7306.843092339113
13803.03742431663,13.133534464985132,626.0253533292562,7309.029977567494
13806.797459600493,13.138142390176654,626.5983060020953,7309.029977567494
13809.923024425283,13.138142390176654,626.5983060020953,7311.333155363798
13810.162835819647,13.139464715495706,626.7186709232628,7311.333155363798
13813.067266436294,13.139464715495706,626.7186709232628,7312.9378423132
13813.303827172145,13.140799758955836,626.9406104627997,7312.9378423132
13815.237403852865,13.140799758955836,626.9406104627997,7314.080763075501
13815.67969833687,13.142242697998881,627.0504556428641,7314.080763075501
13816.71650240384,13.142242697998881,627.0504556428641,7314.609776908532
13820.997848624364,13.152013137936592,627.2927997950464,7314.609776908532
13825.211859999225,13.152013137936592,627.2927997950464,7317.331184145063
13825.358747404069,13.153284972533584,627.4265907220542,7317.331184145063
13826.657626416534,13.153284972533584,627.4265907220542,7317.6601646933705
13826.788718802854,13.155777737498283,627.5363465901464,7317.6601646933705
13828.545694176108,13.155777737498283,627.5363465901464,7318.6468439195305
13828.600675968453,13.157808512449265,627.5728419944644,7318.6468439195305
13829.755613008514,13.157808512449265,627.5728419944644,7319.148300362751
13835.29660404101,13.162540026009083,627.7671071011573,7319.148300362751
13838.261072125286,13.162540026009083,627.7671071011573,7320.96255136095
13838.392187451944,13.163918081671,627.8485268037766,7320.96255136095
13840.369332656264,13.163918081671,627.8485268037766,7322.248314755037
13840.774875590578,13.16531266644597,627.9901251196861,7322.248314755037
13842.135400496423,13.16531266644597,627.9901251196861,7323.153417477384
13842.489142749459,13.166751543059945,628.3107596375048,7323.153417477384
13845.347369909286,13.166751543059945,628.3107596375048,7325.212769350037
13848.407622495666,13.171432239934802,628.65800778009,7325.212769350037
13850.82643863745,13.171432239934802,628.65800778009,7326.692270973697
13851.088195873424,13.17269991338253,628.8940041586757,7326.692270973697
13852.155300825834,13.17269991338253,628.8940041586757,7326.950664579868
13852.235900195315,13.173986237496138,628.9658364467323,7326.950664579868
13853.420934865251,13.173986237496138,628.9658364467323,7327.48319006525
13853.841188928112,13.175290698185563,629.2374780531973,7327.48319006525
13856.840869206935,13.175290698185563,629.2374780531973,7329.831422459334
13859.724312549457,13.19927428662777,629.5218313541263,7329.831422459334
13862.026164116338,13.19927428662777,629.5218313541263,7331.364548468962
13862.30835493654,13.200585011392832,629.777420938015,7331.364548468962
13863.459575420246,13.200585011392832,629.777420938015,7332.113840194419
13863.71884884499,13.202532796189189,629.9645277839154,7332.113840194419
13864.672694195062,13.202532796189189,629.9645277839154,7332.677851097658
13865.025196883827,13.203854769468307,630.2818235326558,7332.677851097658
13866.307139789686,13.203854769468307,630.2818235326558,7333.455663323402
13869.50718382001,13.208614895120263,630.7075678557158,7333.455663323402
13872.554659370333,13.208614895120263,630.7075678557158,7335.841983903199
13872.749886704609,13.209986511617899,630.7652650978416,7335.841983903199
13875.356890475377,13.209986511617899,630.7652650978416,7337.3922017887235
13875.934874633327,13.211400374770164,631.2190985418856,7337.3922017887235
13877.410304391757,13.211400374770164,631.2190985418856,7338.082763524726
13877.547219436616,13.212787138298154,631.323912460357,7338.082763524726
13880.004257144406,13.212787138298154,631.323912460357,7339.422859059647
13883.095262348652,13.217214189469814,631.35849371925,7339.422859059647
13883.97237716429,13.217214189469814,631.35849371925,7339.850028088316
13884.459217689931,13.218601014465094,631.610913656652,7339.850028088316
13886.139635464177,13.218601014465094,631.610913656652,7340.995986010879
13886.957334568724,13.220960825681686,631.9346619118005,7340.995986010879
13888.993532693014,13.220960825681686,631.9346619118005,7341.926921257749
13889.293882263824,13.222302237525582,632.213907558471,7341.926921257749
13892.763940244913,13.222302237525582,632.213907558471,7344.10031937249
13897.688170628622,13.227082462981343,632.5604392290115,7344.10031937249
13899.22677632235,13.227082462981343,632.5604392290115,7344.898984789848
13899.293373463675,13.228333534672856,632.5997756738216,7344.898984789848
13900.572803119197,13.228333534672856,632.5997756738216,7345.612163757905
13901.076851908118,13.229650450870395,632.9880102165043,7345.612163757905
13904.109282789752,13.229650450870395,632.9880102165043,7347.685233678669
13904.24791411683,13.230912003666162,633.103822896257,7347.685233678669
13906.14732301049,13.230912003666162,633.103822896257,7349.009357117116
13907.87522432208,13.262070382013917,633.4288354758173,7349.009357117116
13910.369539285079,13.262070382013917,633.4288354758173,7350.483575128019
13910.479557575658,13.263380497694016,633.5307957623154,7350.483575128019
13911.636881936342,13.263380497694016,633.5307957623154,7351.2584808226675
13911.965304708108,13.264634743332863,633.8199846073985,7351.2584808226675
13913.592536509037,13.264634743332863,633.8199846073985,7351.9909848142415
13913.731393976137,13.266047978773713,633.9381036683917,7351.9909848142415
13914.450405143201,13.266047978773713,633.9381036683917,7352.323774475604
13916.358277332038,13.277618939056993,634.2000460214913,7352.323774475604
13917.948397224769,13.277618939056993,634.2000460214913,7353.04294205457
13918.018110835925,13.278952294960618,634.250136885792,7353.04294205457
13919.78076852113,13.278952294960618,634.250136885792,7354.332343222573
13919.99478200078,13.280425852164626,634.4055679161102,7354.332343222573
13922.306955534965,13.280425852164626,634.4055679161102,7356.274405846372
13922.748836044222,13.281829938292503,634.7759426031262,7356.274405846372
13923.844670483842,13.281829938292503,634.7759426031262,7356.812177570537
13925.812118280679,13.286550587043166,634.9982706736773,7356.812177570537
13928.771156668663,13.286550587043166,634.9982706736773,7359.074384873733
13929.132066760212,13.287861291319132,635.3103463482112,7359.074384873733
13931.04130875878,13.287861291319132,635.3103463482112,7360.335320493206
13931.238021852449,13.289192354306579,635.4575907532126,7360.335320493206
13933.330475116149,13.289192354306579,635.4575907532126,7361.98853783682
13933.645580416545,13.290452996268868,635.6987443175167,7361.98853783682
13935.445958159864,13.290452996268868,635.6987443175167,7363.188468851149
13938.118532080203,13.295176973566413,635.8668235205114,7363.188468851149
13939.967347709462,13.295176973566413,635.8668235205114,7364.381411140785
13940.255783133209,13.29959480278194,636.0383476633579,7364.381411140785
13942.97184581682,13.29959480278194,636.0383476633579,7366.0547984316945
13943.26586955972,13.300966076552868,636.2874675821513,7366.0547984316945
13945.398107370362,13.300966076552868,636.2874675821513,7366.938432747498
13945.602175109088,13.302245792001486,636.4590078461915,7366.938432747498
13947.343874424696,13.302245792001486,636.4590078461915,7368.202688056976
13950.117630761117,13.306868406012654,636.5228333473206,7368.202688056976
13952.193919973448,13.306868406012654,636.5228333473206,7369.541355613619
13952.635848160833,13.308083599433303,636.9162056036294,7369.541355613619
13954.343764232472,13.308083599433303,636.9162056036294,7370.702871713787
13954.458638535812,13.309474796056747,636.9812760092318,7370.702871713787
13955.865001492202,13.309474796056747,636.9812760092318,7371.53184443526
13956.049113668501,13.310820469632745,637.1337625868618,7371.53184443526
13958.104813113809,13.310820469632745,637.1337625868618,7373.434221800417
13960.756931554526,13.323104839771986,637.3471722025424,7373.434221800417
13962.947377879173,13.323104839771986,637.3471722025424,7375.0565141718835
13963.177287656814,13.324535563588142,637.3907320462167,7375.0565141718835
13966.037691414356,13.324535563588142,637.3907320462167,7376.616960760206
13966.104829128832,13.327997906133533,637.4285705070943,7376.616960760206
13967.51994502917,13.327997906133533,637.4285705070943,7377.281263293698
13967.832103433087,13.329351270571351,637.7049513533711,7377.281263293698
13970.263302292675,13.329351270571351,637.7049513533711,7379.377336917445
13972.525798117742,13.333966955542564,638.0650112237781,7379.377336917445
13973.663963953033,13.333966955542564,638.0650112237781,7380.186529938132
13974.055477945134,13.33527684956789,638.4085214622319,7380.186529938132
13977.24093982391,13.33527684956789,638.4085214622319,7382.328860303387
13977.398829860613,13.336722096428275,638.5317623559386,7382.328860303387
13980.256025740877,13.336722096428275,638.5317623559386,7384.1703099589795
13980.647357488051,13.338152533397079,638.8551113158464,7384.1703099589795
13983.233015391976,13.338152533397079,638.8551113158464,7385.880581567064
13985.167087065056,13.356146970763803,639.1696324963123,7385.880581567064
13988.192444698885,13.356146970763803,639.1696324963123,7388.098680695519
13988.429814852774,13.357328731566668,639.3647110313177,7388.098680695519
13990.478525876999,13.357328731566668,639.3647110313177,7389.535384910181
13990.91793828085,13.358752267435193,639.760102154687,7389.535384910181
13994.07696383074,13.358752267435193,639.760102154687,7391.648506546393
13994.514639403671,13.360098401084542,640.1654081977904,7391.648506546393
13997.585215892643,13.360098401084542,640.1654081977904,7393.66433269158
13999.715975901112,13.386805245652795,640.5122987087816,7393.66433269158
14003.89196776785,13.386805245652795,640.5122987087816,7396.600099295378
14004.40314486064,13.388165060430765,640.9222005158663,7396.600099295378
14007.372908324003,13.388165060430765,640.9222005158663,7398.988481687382
14007.787507658824,13.389511447399855,641.2041967418045,7398.988481687382
14011.546710655093,13.389511447399855,641.2041967418045,7401.434788076207
14012.06716202572,13.390813311561942,641.6043958943337,7401.434788076207
14015.147261010483,13.390813311561942,641.6043958943337,7403.300427496433
14017.92632966116,13.39553421549499,641.8744414635003,7403.300427496433
14021.422597117722,13.39553421549499,641.8744414635003,7405.367829212919
14021.764806345105,13.396983681246638,642.1848357282579,7405.367829212919
14025.75544403866,13.396983681246638,642.1848357282579,7407.7713909540325
14026.4530420769,13.398381257429719,642.814154131338,7407.7713909540325
14030.443275256082,13.398381257429719,642.814154131338,7410.273793622851
14030.74592472054,13.399663660675287,643.0594030302018,7410.273793622851
14032.82391551882,13.399663660675287,643.0594030302018,7411.88177851215
14034.98693325743,13.404315466061234,643.2771725859493,7411.88177851215
14038.418946117163,13.404315466061234,643.2771725859493,7414.141376139596
14038.655134379864,13.405635178089142,643.4785410538316,7414.141376139596
14041.3242789004,13.405635178089142,643.4785410538316,7415.890558350831
14041.644466992468,13.407099284231663,643.6145343631506,7415.890558350831
14045.960742032155,13.407099284231663,643.6145343631506,7418.967029452324
14046.254150768742,13.408581852912903,643.847103420645,7418.967029452324
14049.9201876726,13.408581852912903,643.847103420645,7421.4358247015625
14052.097662096843,13.413363682106137,643.9731852188706,7421.4358247015625
14056.446371391416,13.413363682106137,643.9731852188706,7424.13582425192
14057.220418931916,13.41472401842475,644.559790816158,7424.13582425192
14061.081668836996,13.41472401842475,644.559790816158,7426.852035680786
14061.34621437639,13.416009603068233,644.7950871139765,7426.852035680786
14064.52352303639,13.416009603068233,644.7950871139765,7429.169327661395
14065.130825612694,13.417382668703794,645.2126556243747,7429.169327661395
14067.20212845318,13.417382668703794,645.2126556243747,7430.140316832811
14069.862873522565,13.422083634883165,645.2482917755842,7430.140316832811
14071.92096731253,13.422083634883165,645.2482917755842,7430.821432393044
14072.1203207355,13.425737662240863,645.4051554147154,7430.821432393044
14074.14274537377,13.425737662240863,645.4051554147154,7432.454804273322
14074.72706156969,13.427204169332981,645.7324327863753,7432.454804273322
14077.030689693987,13.427204169332981,645.7324327863753,7433.619272561744
14077.191556004807,13.428479850292206,645.8588309902698,7433.619272561744
14079.718608340248,13.428479850292206,645.8588309902698,7434.893492130563
14082.743640089408,13.461234806105494,646.335022829473,7434.893492130563
14084.498154778033,13.461234806105494,646.335022829473,7435.427463870496
14084.714677885175,13.4627270642668,646.5220590475947,7435.427463870496
14086.46649568528,13.4627270642668,646.5220590475947,7436.328536879271
14086.672736700624,13.464005265384912,646.6987440884113,7436.328536879271
14088.025056272745,13.464005265384912,646.6987440884113,7437.220082964748
14088.104443488643,13.465303229168057,646.7303419355303,7437.220082964748
14090.472810564563,13.465303229168057,646.7303419355303,7438.933298831806
14094.83506312035,13.46993619389832,646.8927547261119,7438.933298831806
14097.60945521295,13.46993619389832,646.8927547261119,7440.797767408192
14098.189700344577,13.471393449231982,647.4143972732127,7440.797767408192
14100.678260320798,13.471393449231982,647.4143972732127,7442.312363555655
14100.884219225496,13.472748262807727,647.5194234363735,7442.312363555655
14103.741932105273,13.472748262807727,647.5194234363735,7443.840115463361
14104.268282936886,13.474228590726852,647.9359015263617,7443.840115463361
14106.206870030612,13.474228590726852,647.9359015263617,7445.037227094173
14110.367994114757,13.510173235088587,648.392202179879,7445.037227094173
14113.436955986544,13.510173235088587,648.392202179879,7447.546322753653
14113.765386812389,13.511442948132753,648.6996064726263,7447.546322753653
14115.90960421227,13.511442948132753,648.6996064726263,7448.513142101467
14116.650254648179,13.513017546385527,649.3240436930209,7448.513142101467
14118.092910587788,13.513017546385527,649.3240436930209,7449.09573466517
14118.385707693174,13.514387233182788,649.5377147272229,7449.09573466517
14120.336549481377,13.514387233182788,649.5377147272229,7450.234073417261
14123.855639776215,13.53899391181767,650.0129298642278,7450.234073417261
14125.741787526757,13.53899391181767,650.0129298642278,7451.374159172177
14126.120303433388,13.54043398797512,650.340937262401,7451.374159172177
14128.269238991663,13.54043398797512,650.340937262401,7452.753568807617
14128.541743688285,13.542080979794264,650.5480856485665,7452.753568807617
14130.805466808379,13.542080979794264,650.5480856485665,7453.56207662262
14131.223795592785,13.543683869764209,650.7160035390407,7453.56207662262
14132.430894829333,13.543683869764209,650.7160035390407,7454.128646513447
14136.258847111836,13.550329672172666,651.0361342933029,7454.128646513447
14138.017409579828,13.550329672172666,651.0361342933029,7455.181835355237
14138.334556268528,13.555964203551412,651.1315903309733,7455.181835355237
14140.041905861348,13.555964203551412,651.1315903309733,7456.1759051680565
14140.595537791029,13.557349979877472,651.5731471069157,7456.1759051680565
14142.824135940522,13.557349979877472,651.5731471069157,7457.763075711206
14143.522182360291,13.558710785582662,652.1612915545702,7457.763075711206
14147.385506624356,13.558710785582662,652.1612915545702,7460.009350316599
14149.525117192417,13.56336810067296,652.307513628155,7460.009350316599
14154.812705049291,13.56336810067296,652.307513628155,7463.645792013034
14155.117696028203,13.564657965674996,652.5476356055588,7463.645792013034
14157.529399827123,13.564657965674996,652.5476356055588,7465.277200421318
14157.862995617092,13.568372424691916,652.5892541073263,7465.277200421318
14158.517228668556,13.568372424691916,652.5892541073263,7465.474280612543
14158.641231818125,13.569822821766138,652.6837439201772,7465.474280612543
14159.549001740292,13.569822821766138,652.6837439201772,7466.011154675856
14163.600807458162,13.574456444010139,653.1074837520719,7466.011154675856
14168.449345286936,13.574456444010139,653.1074837520719,7469.015386175364
14168.733527485281,13.575781539082527,653.3250938206911,7469.015386175364
14171.652992298827,13.575781539082527,653.3250938206911,7471.584712848067
14172.259348519146,13.577068131417036,653.847029292956,7471.584712848067
14176.041319619864,13.577068131417036,653.847029292956,7474.454070037231
14176.795194260776,13.578416496515274,654.4844938311726,7474.454070037231
14179.883475180715,13.578416496515274,654.4844938311726,7476.340557485819
14181.920969970524,13.681338511407375,654.5812719538808,7476.340557485819
14186.335553092882,13.681338511407375,654.5812719538808,7479.557479731739
14186.780254298821,13.682632945477962,655.0012403074652,7479.557479731739
14190.287429764867,13.682632945477962,655.0012403074652,7481.429829843342
14190.758306074888,13.684021219611168,655.4330600667745,7481.429829843342
14194.362525779754,13.684021219611168,655.4330600667745,7484.090558404103
14194.682727783918,13.685495357960463,655.6666697561741,7484.090558404103
14196.852565728128,13.685495357960463,655.6666697561741,7485.491464305669
14201.430710231885,13.690067512914538,655.7780190333724,7485.491464305669
14203.183095628396,13.690067512914538,655.7780190333724,7486.469780804589
14203.677405789495,13.69141842983663,655.8543132655323,7486.469780804589
14205.699315216392,13.69141842983663,655.8543132655323,7487.667558204383
14206.091754669324,13.692768516018987,656.1675667632371,7487.667558204383
14207.897274045274,13.692768516018987,656.1675667632371,7488.945519873872
14208.204167427495,13.6941063310951,656.4282376822084,7488.945519873872
14210.035654036328,13.6941063310951,656.4282376822084,7490.170930065215
14214.778793118894,13.71511959284544,656.558626929298,7490.170930065215
14215.763962961733,13.71511959284544,656.558626929298,7490.714485000819
14215.898811770603,13.716474728658795,656.6481729093939,7490.714485000819
14217.303617693484,13.716474728658795,656.6481729093939,7491.616374988109
14217.807284522802,13.71782822534442,657.0838983207941,7491.616374988109
14220.7602407597,13.71782822534442,657.0838983207941,7493.317284986377
14220.884230880067,13.720901433378458,657.1816657129675,7493.317284986377
14222.665798241273,13.720901433378458,657.1816657129675,7494.719725357369
14227.022191524506,13.725445963442326,657.5470062624663,7494.719725357369
14231.278878323734,13.725445963442326,657.5470062624663,7497.768747556955
14231.783902479336,13.726843290030956,658.0101858209819,7497.768747556955
14234.101622300223,13.726843290030956,658.0101858209819,7499.603268900886
14234.293167000636,13.728332716971636,658.0944288931787,7499.603268900886
14236.447927504778,13.728332716971636,658.0944288931787,7501.450584610924
14237.0690739844,13.729603501036763,658.606468455866,7501.450584610924
14239.626543996856,13.729603501036763,658.606468455866,7502.832816073671
14242.28869029507,13.734369169920683,659.1166513934731,7502.832816073671
14246.45873857662,13.734369169920683,659.1166513934731,7505.766660235822
14247.257469564676,13.735772022977471,659.7626110166311,7505.766660235822
14249.872124278918,13.735772022977471,659.7626110166311,7506.960866078734
14250.755660001189,13.737251129001379,660.6231317594647,7506.960866078734
14252.776940712705,13.737251129001379,660.6231317594647,7508.162671633065
14252.986187174916,13.738587381318212,660.8040493689477,7508.162671633065
14255.268270276487,13.738587381318212,660.8040493689477,7509.912948422134
14259.495813468471,13.743324497714639,661.3868674281985,7509.912948422134
14263.02381831035,13.743324497714639,661.3868674281985,7512.902782682329
14263.636062808335,13.744856657460332,661.8864356931299,7512.902782682329
14265.98920178786,13.744856657460332,661.8864356931299,7514.404643585905
14266.400629147887,13.746240623295307,662.2309672310948,7514.404643585905
14268.862031947821,13.746240623295307,662.2309672310948,7516.269809890538
14269.510192062706,13.747958393767476,662.726605033502,7516.269809890538
14272.6186459288,13.747958393767476,662.726605033502,7518.345530923456
14277.993395339698,13.784080371260643,662.9224820137024,7518.345530923456
14279.033103121445,13.784080371260643,662.9224820137024,7518.886242929846
14279.76084214449,13.785531727597117,663.5392449125648,7518.886242929846
14282.380978712812,13.785531727597117,663.5392449125648,7520.941230705008
14282.908420264721,13.786968490108848,664.0201587080956,7520.941230705008
14286.186164256185,13.786968490108848,664.0201587080956,7523.09792355448
14286.457712026313,13.788352236151695,664.242300638929,7523.09792355448
14290.142848504707,13.788352236151695,664.242300638929,7525.544809315354
14293.41903981939,13.810086339712143,664.4755136389285,7525.544809315354
14296.681438023224,13.810086339712143,664.4755136389285,7527.795484850183
14296.987799847499,13.811443665996194,664.7423538025469,7527.795484850183
14300.64064928703,13.811443665996194,664.7423538025469,7530.422034405172
14301.058776397258,13.812747029587626,665.1327100265771,7530.422034405172
14304.864642357454,13.812747029587626,665.1327100265771,7533.355377342552
14305.245050759986,13.814295778051019,665.3780171871185,7533.355377342552
14309.189999297261,13.814295778051019,665.3780171871185,7536.245784556493
14311.425272608176,13.843539083376527,665.7216157186776,7536.245784556493
14314.638166192919,13.843539083376527,665.7216157186776,7538.039826879278
14314.822066124529,13.844911068677902,665.8850090596825,7538.039826879278
14319.00086124055,13.844911068677902,665.8850090596825,7541.09167932719
14319.648857012391,13.84644952788949,666.4604864194989,7541.09167932719
14323.840585988015,13.84644952788949,666.4604864194989,7544.05227978155
14324.087081380188,13.847810342907906,666.6481485497206,7544.05227978155
14327.566488761455,13.847810342907906,666.6481485497206,7546.5649621021
14330.503152031451,13.85253849066794,667.1532293390483,7546.5649621021
14332.620179299265,13.85253849066794,667.1532293390483,7548.134094813839
14332.805612279102,13.85418239980936,667.3198945578188,7548.134094813839
14334.495329018682,13.85418239980936,667.3198945578188,7549.21654420346
14334.735835311934,13.855576533824205,667.4918391425163,7549.21654420346
14337.984020467848,13.855576533824205,667.4918391425163,7551.641517426819
14338.390474528074,13.856898557394743,667.8594534229487,7551.641517426819
14342.047318624333,13.856898557394743,667.8594534229487,7554.658662363887
14345.392198665068,13.896906666457653,668.3927173037082,7554.658662363887
14348.80091214925,13.896906666457653,668.3927173037082,7556.737012397498
14349.364794656634,13.898298302665353,668.9029575735331,7556.737012397498
14352.659204648808,13.898298302665353,668.9029575735331,7558.980262938887
14353.403143107891,13.899687578901649,669.612509816885,7558.980262938887
14355.971901671961,13.899687578901649,669.612509816885,7560.764431642368
14356.61792819947,13.90108573436737,670.2322008330375,7560.764431642368
14359.169982155785,13.90108573436737,670.2322008330375,7562.768512751907
14361.457075797021,13.9058588873595,670.4944644067436,7562.768512751907
14364.976934209466,13.9058588873595,670.4944644067436,7565.427167193964
14365.485569840297,13.907406345009804,670.7933800034225,7565.427167193964
14369.075799664482,13.907406345009804,670.7933800034225,7568.048915814608
14369.728905560449,13.909005295485258,671.3217073846608,7568.048915814608
14373.075760908425,13.909005295485258,671.3217073846608,7570.408146739006
14373.714062742889,13.910527231171727,671.8341020978987,7570.408146739006
14377.0169575084,13.910527231171727,671.8341020978987,7572.188981100917
14379.4773536399,13.96268886514008,672.2102549150586,7572.188981100917
14382.420603390783,13.96268886514008,672.2102549150586,7574.209308218211
14382.740162003785,13.968883426859975,672.498155683279,7574.209308218211
14386.29607565701,13.968883426859975,672.498155683279,7576.589196849614
14387.014309749007,13.970368914306164,673.0835294034332,7576.589196849614
14390.477955486625,13.970368914306164,673.0835294034332,7578.963624842465
14390.748269604519,13.971939032897353,673.3358828146011,7578.963624842465
14393.725406484678,13.971939032897353,673.3358828146011,7581.156817562878
14396.342756256461,13.976564453914762,673.6540156248957,7581.156817562878
14399.940423864871,13.976564453914762,673.6540156248957,7583.2080660536885
14400.363653881475,13.9779706094414,673.9821722265333,7583.2080660536885
14403.437264828011,13.9779706094414,673.9821722265333,7585.022671563551
14403.942690532655,13.979392355307937,674.4684497509152,7585.022671563551
14407.347885668278,13.979392355307937,674.4684497509152,7587.340312952176
14407.855240164325,13.980758091434836,674.9153291452676,7587.340312952176
14410.87819175981,13.980758091434836,674.9153291452676,7589.2435164265335
14413.075087141246,13.985510570928454,675.202630341053,7589.2435164265335
14416.063755290583,13.985510570928454,675.202630341053,7590.815433181822
14416.460057256743,13.986930515617132,675.5623752102256,7590.815433181822
14420.248650109395,13.986930515617132,675.5623752102256,7593.6070917937905
14420.658971218392,13.988385012373328,675.9003818817437,7593.6070917937905
14423.125341817737,13.988385012373328,675.9003818817437,7595.278837660328
14423.648650487885,13.989743158221245,676.376394579187,7595.278837660328
14428.042227920145,13.989743158221245,676.376394579187,7598.207019640133
14430.816741747782,14.021784871816635,676.8046337664127,7598.207019640133
14433.887841705233,14.021784871816635,676.8046337664127,7600.081717964262
14434.420539945364,14.023512054234743,677.1721771471202,7600.081717964262
14437.753284720704,14.023512054234743,677.1721771471202,7602.274277133867
14438.405407588929,14.024878928437829,677.7729568723589,7602.274277133867
14441.749866906554,14.024878928437829,677.7729568723589,7604.705618005246
14442.31051085703,14.026420343667269,678.2498498149216,7604.705618005246
14446.750354144722,14.026420343667269,678.2498498149216,7607.552050905302
14449.776275185868,14.044350506737828,678.8405157439411,7607.552050905302
14453.25155961141,14.044350506737828,678.8405157439411,7610.130128823221
14453.855256484821,14.045823492109776,679.3503186088055,7610.130128823221
14456.451396884397,14.045823492109776,679.3503186088055,7611.86523601599
14456.604512346908,14.05134030431509,679.4757951460779,7611.86523601599
14459.018996821716,14.05134030431509,679.4757951460779,7613.1538831964135
14459.16852737777,14.05338785238564,679.5958089232445,7613.1538831964135
14461.333012996241,14.05338785238564,679.5958089232445,7614.425378816202
14466.375158756971,14.058054378256202,679.8496416322887,7614.425378816202
14468.758691089228,14.058054378256202,679.8496416322887,7615.400401381776
14468.870235821232,14.059574697166681,679.89958621189,7615.400401381776
14471.614519931376,14.059574697166681,679.89958621189,7617.686688162386
14472.540412740782,14.061154456809163,680.467172909528,7617.686688162386
14474.804322021082,14.061154456809163,680.467172909528,7618.97364426218
14474.914382878691,14.062598703429103,680.54236366041,7618.97364426218
14476.020103843883,14.062598703429103,680.54236366041,7619.525067614391
14479.871465248987,14.06718928925693,681.1115967165679,7619.525067614391
14480.97480569221,14.06718928925693,681.1115967165679,7620.225944282487
14481.598457351327,14.068588385358453,681.5887909736484,7620.225944282487
14484.97063537687,14.068588385358453,681.5887909736484,7622.817382475361
14485.804113840684,14.070027932524681,682.1881008818746,7622.817382475361
14488.486098464578,14.070027932524681,682.1881008818746,7624.763557583094
14488.637105258182,14.071340456604958,682.3159032426775,7624.763557583094
14492.65509942919,14.071340456604958,682.3159032426775,7628.038645869121
14495.68252748996,14.080552842468023,682.6059580501169,7628.038645869121
14500.43573942408,14.080552842468023,682.6059580501169,7631.334625257179
14500.806328359991,14.08198699913919,682.9080375172198,7631.334625257179
14504.762781068683,14.08198699913919,682.9080375172198,7634.564828606322
14505.360191233456,14.083423286676407,683.4530221410096,7634.564828606322
14508.976540680975,14.083423286676407,683.4530221410096,7637.536929039285
14509.501363188028,14.089240374043584,683.8692411500961,7637.536929039285
14513.132401645184,14.089240374043584,683.8692411500961,7639.9212271068245
14515.657938169315,14.114039136096835,684.0565942190588,7639.9212271068245
14519.78947442025,14.114039136096835,684.0565942190588,7642.732281794772
14520.321400435641,14.115867098793387,684.4809321258217,7642.732281794772
14522.922983055934,14.115867098793387,684.4809321258217,7644.212402179837
14523.486949449405,14.11756943166256,684.957551503554,7644.212402179837
14527.91836701706,14.11756943166256,684.957551503554,7647.824622852728
14528.290122775361,14.119125351309776,685.3022665679455,7647.824622852728
14529.933715447783,14.119125351309776,685.3022665679455,7648.902825627476
14533.810496607795,14.137113239616156,685.3388280440122,7648.902825627476
14537.929709265009,14.137113239616156,685.3388280440122,7651.485200306401
14538.255388624966,14.138616908341646,685.6153724063188,7651.485200306401
14540.007750980556,14.138616908341646,685.6153724063188,7652.550444126129
14540.55854078196,14.14037324115634,685.9579363130033,7652.550444126129
14542.202385572717,14.14037324115634,685.9579363130033,7653.227038431913
14542.264221929014,14.141787433996797,685.9973938725889,7653.227038431913
14544.79914721474,14.141787433996797,685.9973938725889,7654.688693320379
14547.742423415184,14.146572351455688,686.3642071187496,7654.688693320379
14550.15222045593,14.146572351455688,686.3642071187496,7656.6931856554
14550.607207192108,14.148030618205667,686.5309040173888,7656.6931856554
14551.342516507953,14.148030618205667,686.5309040173888,7657.011271012947
14551.64087817818,14.149214841425419,686.6179073527455,7657.011271012947
14552.461978469044,14.149214841425419,686.6179073527455,7657.386795928702
14552.54812371917,14.15114165470004,686.6616109274328,7657.386795928702
14554.126607486978,14.15114165470004,686.6616109274328,7658.2058814018965
14556.956849327311,14.182733355090022,686.9328999947757,7658.2058814018965
14561.007091738284,14.182733355090022,686.9328999947757,7661.187145546079
14561.59260410443,14.184093611314893,687.2198944371194,7661.187145546079
14562.862683508545,14.184093611314893,687.2198944371194,7661.907960606739
14563.232276625931,14.185524387285113,687.5587479546666,7661.907960606739
14566.342241056263,14.185524387285113,687.5587479546666,7663.476405303925
14566.981754736975,14.186912262812257,687.9234489817172,7663.476405303925
14571.058832680807,14.186912262812257,687.9234489817172,7666.513656172901
14573.759021339938,14.19580340385437,688.0186081491411,7666.513656172901
14576.508606690913,14.19580340385437,688.0186081491411,7668.2289651967585
14577.153776183724,14.197610447183251,688.6067458521575,7668.2289651967585
14579.601130302995,14.197610447183251,688.6067458521575,7670.239282928407
14579.898930272087,14.198966152966022,688.8877620249987,7670.239282928407
14583.514625992626,14.198966152966022,688.8877620249987,7673.308928884566
14583.741697102785,14.200345108285546,689.1059422120452,7673.308928884566
14585.955054236576,14.200345108285546,689.1059422120452,7674.91244770214
14590.644152896479,14.242328414693475,689.3300269879401,7674.91244770214
14592.486738180742,14.242328414693475,689.3300269879401,7676.098345791921
14592.591341247782,14.24369103834033,689.4098935462534,7676.098345791921
14595.404060190544,14.24369103834033,689.4098935462534,7677.629956796765
14595.509543804452,14.245043674483895,689.4975807163864,7677.629956796765
14597.648014351726,14.245043674483895,689.4975807163864,7679.168283985928
14597.8493341133,14.246428279206157,689.6730726975948,7679.168283985928
14599.430343467742,14.246428279206157,689.6730726975948,7679.655921539292
14604.288605112582,14.330603193491697,689.9219688978046,7679.655921539292
14605.760519100353,14.330603193491697,689.9219688978046,7680.278892157599
14606.038961166516,14.33201264962554,690.165294567123,7680.278892157599
14607.882449386641,14.33201264962554,690.165294567123,7681.32945260033
14608.635216033086,14.333400582894683,690.3670194745064,7681.32945260033
14610.8232452441,14.333400582894683,690.3670194745064,7682.36448116228
14611.565387863666,14.334744859486818,691.0737999584526,7682.36448116228
14614.224990723655,14.334744859486818,691.0737999584526,7683.90471692197
14618.302463736385,14.342938248068094,691.2628855668008,7683.90471692197
14622.565529312938,14.342938248068094,691.2628855668008,7687.21582493186
14622.987544516101,14.344490868970752,691.5832628495991,7687.21582493186
14625.320928569883,14.344490868970752,691.5832628495991,7689.0540645662695
14625.7212008778,14.346005495637655,691.956863489002,7689.0540645662695
14627.733806744218,14.346005495637655,691.956863489002,7690.124841317534
14628.094102341682,14.347549764439464,692.2601675894111,7690.124841317534
14631.07214787975,14.347549764439464,692.2601675894111,7692.584988553077
14635.273540539667,14.352357387542725,692.29653936252,7692.584988553077
14636.799676124007,14.352357387542725,692.29653936252,7693.394920589402
14637.02342682518,14.353691624477506,692.5098522305489,7693.394920589402
14638.613860882819,14.353691624477506,692.5098522305489,7694.484694020823
14638.721717899665,14.355096710845828,692.5758162233979,7694.484694020823
14642.589451868087,14.355096710845828,692.5758162233979,7697.244463087991
14643.072541495785,14.356556026265025,692.9094462040812,7697.244463087991
14646.43721511215,14.356556026265025,692.9094462040812,7699.64485549368
14651.42841806449,14.361191038042307,693.3543927874416,7699.64485549368
14654.306996248662,14.361191038042307,693.3543927874416,7701.269768377766
14654.697545370087,14.362569354474545,693.7122434321791,7701.269768377766
14657.938237736002,14.362569354474545,693.7122434321791,7703.578838838264
14658.14033973217,14.364021202549338,693.8789467718452,7703.578838838264
14661.257248973474,14.364021202549338,693.8789467718452,7706.142460910603
14662.072460496798,14.37027888558805,694.3486598748714,7706.142460910603
14665.370860064402,14.37027888558805,694.3486598748714,7708.599681152031
14669.69173836708,14.376947654411197,694.5496279671788,7708.599681152031
14671.410212088376,14.376947654411197,694.5496279671788,7709.434299716726
14672.060916673392,14.378826327621937,694.8022697754204,7709.434299716726
14673.413973413408,14.378826327621937,694.8022697754204,7710.335216863081
14674.200394300744,14.380233854055405,695.5195162538439,7710.335216863081
14677.071252144873,14.380233854055405,695.5195162538439,7712.310162261128
14677.258392656222,14.381605479866266,695.6959954742342,7712.310162261128
14679.528480159119,14.381605479866266,695.6959954742342,7713.283057779074
14683.609907075763,14.402143888175488,695.9533702470362,7713.283057779074
14685.778025936335,14.402143888175488,695.9533702470362,7714.975297003984
14686.17562129721,14.403536602854729,696.3265727329999,7714.975297003984
14687.990621170029,14.403536602854729,696.3265727329999,7716.318891601637
14688.247926091775,14.40616281144321,696.5427026450634,7716.318891601637
14689.992000220343,14.40616281144321,696.5427026450634,7717.388803148642
14690.394922155887,14.407597767189145,696.7789420913905,7717.388803148642
14694.29115398787,14.407597767189145,696.7789420913905,7720.409527625889
14698.446813229471,14.412250623106956,697.126630442217,7720.409527625889
14701.130218535662,14.412250623106956,697.126630442217,7721.484075941145
14701.89248662442,14.413648592308164,697.8130818977952,7721.484075941145
14704.680307056755,14.413648592308164,697.8130818977952,7723.175371749327
14705.069370100275,14.414953175932169,698.1497876495123,7723.175371749327
14706.97452051565,14.414953175932169,698.1497876495123,7723.940593630075
14707.334265775979,14.41656207665801,698.4133726246655,7723.940593630075
14708.933592585847,14.41656207665801,698.4133726246655,7724.9823343437165
14712.618227088824,14.441387709230185,698.7536158692092,7724.9823343437165
14715.108655069023,14.441387709230185,698.7536158692092,7726.521617507562
14715.321150813252,14.442844385281205,698.7895274441689,7726.521617507562
14717.899822169915,14.442844385281205,698.7895274441689,7728.110655110329
14718.125537363812,14.444472264498472,699.0012706555426,7728.110655110329
14720.831575416028,14.444472264498472,699.0012706555426,7729.590874830261
14721.476899603382,14.445865120738745,699.5372269470245,7729.590874830261
14724.14825333096,14.445865120738745,699.5372269470245,7731.757772479206
14728.270464092493,14.450774122029543,700.1247151587158,7731.757772479206
14731.666046824306,14.450774122029543,700.1247151587158,7733.7868210449815
14731.899922220036,14.455359695479274,700.2584765572101,7733.7868210449815
14733.768077904359,14.455359695479274,700.2584765572101,7734.608885744587
14733.998040637001,14.45677151158452,700.4526730496436,7734.608885744587
14736.635745890439,14.45677151158452,700.4526730496436,7736.045269463211
14737.022669676691,14.4581566657871,700.7908409461379,7736.045269463211
14740.801259823143,14.4581566657871,700.7908409461379,7738.302500041202
14744.04597760737,14.463097646832466,700.9959071949124,7738.302500041202
14747.729128563777,14.463097646832466,700.9959071949124,7741.070941051468
14748.207175048068,14.46447666361928,701.3566255923361,7741.070941051468
14751.848330300301,14.46447666361928,701.3566255923361,7743.90495826304
14752.010523509234,14.466246396303177,701.5063632242382,7743.90495826304
14755.267952064052,14.466246396303177,701.5063632242382,7746.2904126904905
14755.412560660392,14.469803960993886,701.553416563198,7746.2904126904905
14759.76911357604,14.469803960993886,701.553416563198,7749.297056142241
14762.808824932203,14.506954675540328,702.1365387421101,7749.297056142241
14766.643977612257,14.506954675540328,702.1365387421101,7752.0073442310095
14767.295757304877,14.50843283161521,702.664768083021,7752.0073442310095
14770.645965533331,14.50843283161521,702.664768083021,7754.214040627703
14771.483203807846,14.509879978373647,703.3472815100104,7754.214040627703
14774.357907377183,14.509879978373647,703.3472815100104,7756.550704512745
14774.771934304386,14.511301074177027,703.7242694441229,7756.550704512745
14778.38606442511,14.511301074177027,703.7242694441229,7758.941007629037
14781.872251013294,14.516311706975102,704.3156657777727,7758.941007629037
14786.354189306498,14.516311706975102,704.3156657777727,7761.744352897629
14786.722502572462,14.51782163605094,704.6330381948501,7761.744352897629
14790.423574268818,14.51782163605094,704.6330381948501,7764.405500240624
14790.885612113401,14.519159998744726,705.005934914574,7764.405500240624
14791.847945140675,14.519159998744726,705.005934914574,7765.120987005532
14791.915077673271,14.520569145679474,705.0622560102493,7765.120987005532
14792.89302768372,14.520569145679474,705.0622560102493,7765.678527560085
14793.959952021018,14.529346127063036,705.1183414943516,7765.678527560085
14794.704246480018,14.529346127063036,705.1183414943516,7766.082529768348
14794.81250060536,14.530978316441178,705.2036055289209,7766.082529768348
14795.785613007843,14.530978316441178,705.2036055289209,7766.574084512889
14795.866504052654,14.532447513192892,705.2693558763713,7766.574084512889
14796.736699420959,14.532447513192892,705.2693558763713,7767.1519511099905
14796.82584378682,14.533824248239398,705.3388448357582,7767.1519511099905
14797.6985540092,14.533824248239398,705.3388448357582,7767.633992498741
14798.639515748248,14.538674725219607,705.4422034099698,7767.633992498741
14799.818155169487,14.538674725219607,705.4422034099698,7768.411393564194
14799.924905965105,14.540034988895059,705.5209850333631,7768.411393564194
14800.811086991802,14.540034988895059,705.5209850333631,7769.022908544168
14800.885142784566,14.541423974558711,705.5868632737547,7769.022908544168
14801.663489146158,14.541423974558711,705.5868632737547,7769.5154569372535
14801.823079505935,14.542967975139618,705.6512787993997,7769.5154569372535
14802.822934648022,14.542967975139618,705.6512787993997,7770.134342541918
14803.950039109215,14.547659458592534,705.7289071623236,7770.134342541918
14804.814592035487,14.547659458592534,705.7289071623236,7770.718402262777
14804.993075909093,14.549194052815437,705.8224397972226,7770.718402262777
14805.977017300203,14.549194052815437,705.8224397972226,7771.356370773166
14806.074501795694,14.550794562324882,705.9059651698917,7771.356370773166
14806.924458244815,14.550794562324882,705.9059651698917,7771.852446367964
14807.026926703751,14.552130358293653,705.9998357910663,7771.852446367964
14808.136930923909,14.552130358293653,705.9998357910663,7772.522769609466
14809.23147768341,14.56088911369443,706.0420191399753,7772.522769609466
14810.1549070701,14.56088911369443,706.0420191399753,7773.0773450136185
14810.240219727159,14.562969399616122,706.1071759276092,7773.0773450136185
14811.337228847668,14.562969399616122,706.1071759276092,7773.7130194772035
14811.45224953629,14.56437623500824,706.1962926406413,7773.7130194772035
14812.260966602713,14.56437623500824,706.1962926406413,7774.307865692303
14812.40423053503,14.565963814035058,706.3157114367932,7774.307865692303
14813.248023070395,14.565963814035058,706.3157114367932,7774.704487135634
14814.189325883985,14.570629969239235,706.4164839051664,7774.704487135634
14815.226700920612,14.570629969239235,706.4164839051664,7775.375899607316
14815.351150847971,14.571992894634604,706.5236823093146,7775.375899607316
14816.032196138054,14.571992894634604,706.5236823093146,7775.857819516212
14816.107433900237,14.57338829152286,706.5851390194148,7775.857819516212
14816.825512364507,14.57338829152286,706.5851390194148,7776.302376424894
14816.916190747172,14.574782786890864,706.655498072505,7776.302376424894
14817.834595292807,14.574782786890864,706.655498072505,7776.859311781824
14818.614453611895,14.58252595551312,706.7427139915526,7776.859311781824
14819.34113356471,14.58252595551312,706.7427139915526,7777.323290420696
14819.415394729003,14.583908032625914,706.8015355933458,7777.323290420696
14820.522074468434,14.583908032625914,706.8015355933458,7777.879815988243
14820.658248981461,14.585347028449178,706.9216441325843,7777.879815988243
14821.533408118412,14.585347028449178,706.9216441325843,7778.633852347732
14821.63076485321,14.586818566545844,707.0070291813463,7778.633852347732
14822.382976688445,14.586818566545844,707.0070291813463,7779.142477272078
14823.343621857464,14.591450072824955,707.0846033245325,7779.142477272078
14824.096658268943,14.591450072824955,707.0846033245325,7779.610237069428
14824.21333711408,14.593150544911623,707.178050128743,7779.610237069428
14824.9912810307,14.593150544911623,707.178050128743,7780.13103633374
14825.109910704195,14.594504041597247,707.2772945091128,7780.13103633374
14825.991558801383,14.594504041597247,707.2772945091128,7780.705444704741
14826.099927265197,14.596225103363395,707.374638825655,7780.705444704741
14827.085219852626,14.596225103363395,707.374638825655,7781.381813729182
14827.745711516589,14.60074408724904,707.4400366395712,7781.381813729182
14828.741216707975,14.60074408724904,707.4400366395712,7782.056494321674
14828.787445560098,14.602082438766956,707.4779495708644,7782.056494321674
14829.674491995946,14.602082438766956,707.4779495708644,7782.5976823773235
14829.842108553275,14.603664757683873,707.6068289913237,7782.5976823773235
14830.774843100458,14.603664757683873,707.6068289913237,7783.241457456723
14830.898299179971,14.605015091598034,707.6923957020044,7783.241457456723
14831.85121447593,14.605015091598034,707.6923957020044,7783.873511170968
14832.531757524237,14.609502533450723,707.7632815744728,7783.873511170968
14833.343992985785,14.609502533450723,707.7632815744728,7784.327223962173
14833.477141615003,14.610924249514937,707.8712223824114,7784.327223962173
14834.24565814808,14.610924249514937,707.8712223824114,7784.852766556665
14834.362256225199,14.612316805869341,707.9671452697366,7784.852766556665
14835.238168116659,14.612316805869341,707.9671452697366,7785.414556050673
14835.351446820423,14.613637268543243,708.0528948120773,7785.414556050673
14836.326464068145,14.613637268543243,708.0528948120773,7786.129028869793
14837.06690219976,14.618167653679848,708.1373061202466,7786.129028869793
14837.970964036882,14.618167653679848,708.1373061202466,7786.625613896176
14838.104346659034,14.619524309411645,708.2527381256223,7786.625613896176
14838.782628288493,14.619524309411645,708.2527381256223,7787.077453862876
14838.853299604729,14.62086159363389,708.2986903227866,7787.077453862876
14839.797274587676,14.62086159363389,708.2986903227866,7787.626345491037
14839.862166620791,14.62215081602335,708.3475618474185,7787.626345491037
14840.690752130002,14.62215081602335,708.3475618474185,7788.164890630171
14841.397680010647,14.629835633561015,708.3825598154217,7788.164890630171
14842.38910125941,14.629835633561015,708.3825598154217,7788.809523776174
14842.454272547737,14.631187187507749,708.4391507860273,7788.809523776174
14843.264243056998,14.631187187507749,708.4391507860273,7789.345618482679
14843.353442825377,14.63252125121653,708.5053718015552,7789.345618482679
14844.215091245249,14.63252125121653,708.5053718015552,7789.932548865676
14844.395749988034,14.63417818211019,708.664913052693,7789.932548865676
14845.044816633686,14.63417818211019,708.664913052693,7790.442056126893
14845.85509248823,14.640000186860561,708.8032576665282,7790.442056126893
14846.830662038177,14.640000186860561,708.8032576665282,7791.012978266925
14846.97344471328,14.641513474285603,708.9153659380972,7791.012978266925
14847.951863301918,14.641513474285603,708.9153659380972,7791.73242703639
14848.072394300252,14.64285947009921,708.9983510933816,7791.73242703639
14849.341954329982,14.64285947009921,708.9983510933816,7792.37739508599
14849.462390756235,14.64419805444777,709.095121897757,7792.37739508599
14850.302709421143,14.64419805444777,709.095121897757,7792.724830912426
14853.275796782225,14.652765791863203,709.1496492307633,7792.724830912426
14854.204256772995,14.652765791863203,709.1496492307633,7793.347756631672
14854.37366551347,14.65414703823626,709.2931164372712,7793.347756631672
14855.176632102579,14.65414703823626,709.2931164372712,7793.821199692786
14855.276297381148,14.655546482652426,709.3717501014471,7793.821199692786
14856.33441236429,14.655546482652426,709.3717501014471,7794.408738397062
14856.463590091094,14.656918549910188,709.4836292304099,7794.408738397062
14857.198871957138,14.656918549910188,709.4836292304099,7794.986569354311
14858.501897197217,14.668761426582932,709.5193495806307,7794.986569354311
14859.46878356859,14.668761426582932,709.5193495806307,7795.65501867421
14859.673116624355,14.670103669166565,709.691291956231,7795.65501867421
14860.454444631934,14.670103669166565,709.691291956231,7796.046751607209
14860.550594493747,14.671445874497294,709.7747911475599,7796.046751607209
14861.255363736302,14.671445874497294,709.7747911475599,7796.50685589388
14861.378712365404,14.673843637108803,709.8527230992913,7796.50685589388
14862.204571895301,14.673843637108803,709.8527230992913,7796.948916763067
14864.150364916772,14.678532579913735,709.8877205178142,7796.948916763067
14864.928687548265,14.678532579913735,709.8877205178142,7797.294106919318
14864.975505599752,14.679852044209838,709.9262093100697,7797.294106919318
14865.652906423435,14.679852044209838,709.9262093100697,7797.6763588786125
14865.865851312876,14.681309252977371,710.1001761015505,7797.6763588786125
14866.595278793946,14.681309252977371,710.1001761015505,7798.132969258353
14866.645412612706,14.682690249755979,710.1365215443075,7798.132969258353
14867.645786449313,14.682690249755979,710.1365215443075,7798.7091356143355
14868.664853226393,14.687669068574905,710.2677508573979,7798.7091356143355
14869.786027008668,14.687669068574905,710.2677508573979,7799.1724415477365
14869.927403671667,14.689045801758766,710.3882442973554,7799.1724415477365
14870.851910617203,14.689045801758766,710.3882442973554,7799.742669245228
14871.004922932014,14.690432565286756,710.5158178769052,7799.742669245228
14871.751377543435,14.690432565286756,710.5158178769052,7800.106328237802
14871.904372667894,14.691922282800078,710.6248264908791,7800.106328237802
14872.985020652413,14.691922282800078,710.6248264908791,7800.581860998645
14874.406834512949,14.69665290787816,710.7082161456347,7800.581860998645
14874.986654303968,14.69665290787816,710.7082161456347,7800.927040532231
14875.115192700177,14.697985311970115,710.8088317606598,7800.927040532231
14875.798287004232,14.697985311970115,710.8088317606598,7801.323342401534
14875.928157385439,14.699386704713106,710.9261213969439,7801.323342401534
14877.005154956132,14.699386704713106,710.9261213969439,7801.765578396618
14877.115185860544,14.70149984024465,711.0153865087777,7801.765578396618
14877.812150886282,14.70149984024465,711.0153865087777,7802.12150381133
14879.79034830071,14.706145914271474,711.084457937628,7802.12150381133
14880.681385628879,14.706145914271474,711.084457937628,7802.637984227389
14880.785786353052,14.707544239237905,711.1743538510054,7802.637984227389
14881.962379217148,14.707544239237905,711.1743538510054,7803.041642498225
14882.537449285388,14.7092797588557,711.2167121004313,7803.041642498225
14883.000263968483,14.7092797588557,711.2167121004313,7803.326948868111
14883.19061698392,14.710904138162732,711.2524915710092,7803.326948868111
14883.788547584787,14.710904138162732,711.2524915710092,7803.619084721431
14886.643807483837,14.725484438240528,711.3397823087871,7803.619084721431
14887.432364856824,14.725484438240528,711.3397823087871,7804.044713789597
14887.598712624982,14.726845314726233,711.4855107944459,7804.044713789597
14888.45147657767,14.726845314726233,711.4855107944459,7804.524595981464
14888.546832941473,14.728256000205874,711.572089491412,7804.524595981464
14889.405464800075,14.728256000205874,711.572089491412,7805.063374713063
14889.462812840939,14.729641653597355,711.6192872356623,7805.063374713063
14890.165514240041,14.729641653597355,711.6192872356623,7805.437982495874
14891.033862007782,14.734858809038997,711.7320106495172,7805.437982495874
14891.827271629125,14.734858809038997,711.7320106495172,7806.020538402721
14891.981093199924,14.736335784196854,711.8632595054805,7806.020538402721
14892.594331346452,14.736335784196854,711.8632595054805,7806.430255137384
14892.769231406972,14.737741630524397,712.0056555811316,7806.430255137384
14893.609056130052,14.737741630524397,712.0056555811316,7807.037496617064
14893.765703072771,14.73913406394422,712.1324840281159,7807.037496617064
14894.268137190491,14.73913406394422,712.1324840281159,7807.300570808351
14894.841774698347,14.746058447286487,712.1977322176099,7807.300570808351
14895.63322233595,14.746058447286487,712.1977322176099,7807.7053740751
14895.766799813136,14.747528104111552,712.3172024618834,7807.7053740751
14896.674769911915,14.747528104111552,712.3172024618834,7808.40974056907
14896.732883676887,14.748908897861838,712.3663056921214,7808.40974056907
14897.951580485329,14.748908897861838,712.3663056921214,7809.181108716875
14898.101106928661,14.750565757974982,712.4557723812759,7809.181108716875
14899.002910856158,14.750565757974982,712.4557723812759,7809.818240065128
14899.61980106309,14.757347946986556,712.5355643741786,7809.818240065128
14900.352682800964,14.757347946986556,712.5355643741786,7810.31293316558
14900.468837004155,14.758714530616999,712.6392780449241,7810.31293316558
14901.46413124539,14.758714530616999,712.6392780449241,7810.963303433731
14901.67857214436,14.760204235091805,712.7944971118122,7810.963303433731
14902.631108129397,14.760204235091805,712.7944971118122,7811.513870468363
14902.744166068733,14.76157397031784,712.8903203327209,7811.513870468363
14903.932459272444,14.76157397031784,712.8903203327209,7812.0833608116955
14906.111387288198,14.766461819410324,712.9544829446822,7812.0833608116955
14906.994511054829,14.766461819410324,712.9544829446822,7812.4366730079055
14907.134722102433,14.76849003508687,713.0572103112936,7812.4366730079055
14908.262327199802,14.76849003508687,713.0572103112936,7812.752447066829
14908.35924343206,14.772246442735195,713.1351136509329,7812.752447066829
14909.450988907367,14.772246442735195,713.1351136509329,7813.060354107991
14909.861317025498,14.773632196709514,713.2675966899842,7813.060354107991
14910.941925279796,14.773632196709514,713.2675966899842,7813.438826723024
14913.171733526513,14.778711607679725,713.4228614699095,7813.438826723024
14913.755818426609,14.778711607679725,713.4228614699095,7813.870582986623
14913.839625293389,14.780068492516875,713.4853132497519,7813.870582986623
14914.826000357047,14.780068492516875,713.4853132497519,7814.373675202951
14915.051420755684,14.781458925455809,713.5381717700511,7814.373675202951
14915.48581138812,14.781458925455809,713.5381717700511,7814.635601608083
14915.554223757237,14.782791620120406,713.5976694468409,7814.635601608083
14916.239040035754,14.782791620120406,713.5976694468409,7814.957167683169
14918.909196976572,14.788093945011497,713.6458498723805,7814.957167683169
14919.553291916847,14.788093945011497,713.6458498723805,7815.248306443915
14919.773851580918,14.789645664393902,713.8077551499009,7815.248306443915
14920.813755009323,14.789645664393902,713.8077551499009,7815.980972995982
14920.972406441346,14.791027808561921,713.9490328077227,7815.980972995982
14922.222642129287,14.791027808561921,713.9490328077227,7816.570905502886
14922.375038996339,14.792349020019174,714.0859382785857,7816.570905502886
14923.822833064944,14.792349020019174,714.0859382785857,7817.335630731657
14927.16835403815,14.797214206308126,714.2042781673372,7817.335630731657
14928.370348352939,14.797214206308126,714.2042781673372,7818.060749499127
14928.55283671245,14.802267495542765,714.2942574229091,7818.060749499127
14929.242120696232,14.802267495542765,714.2942574229091,7818.473354071379
14929.335552684963,14.803632060065866,714.3709885496646,7818.473354071379
14930.373410884291,14.803632060065866,714.3709885496646,7819.19141038321
14930.499718043953,14.804980844259262,714.48634365201,7819.19141038321
14931.516233239323,14.804980844259262,714.48634365201,7819.922958157957
14932.426494885236,14.809647869318724,714.606287939474,7819.922958157957
14933.170698337257,14.809647869318724,714.606287939474,7820.497046593577
14933.220077464357,14.810989663004875,714.6468923166394,7820.497046593577
14934.299312757328,14.810989663004875,714.6468923166394,7821.082543825731
14934.427370749414,14.812372939661145,714.7362678423524,7821.082543825731
14935.506994388998,14.812372939661145,714.7362678423524,7821.8072046376765
14935.63080460392,14.813758846372366,714.8347396925092,7821.8072046376765
14936.909035265446,14.813758846372366,714.8347396925092,7822.671578899026
14938.05618798919,14.818414052948356,714.938289212063,7822.671578899026
14939.345704395324,14.818414052948356,714.938289212063,7823.294360280037
14939.545047707856,14.8198297098279,714.9986394569278,7823.294360280037
14940.283951656893,14.8198297098279,714.9986394569278,7823.591248903424
14940.366211485118,14.821291325613856,715.0510106589645,7823.591248903424
14941.133700201288,14.821291325613856,715.0510106589645,7824.092147776857
14941.283808846027,14.822711860761046,715.1842501163483,7824.092147776857
14942.168575799093,14.822711860761046,715.1842501163483,7824.73087592423
14944.282096697018,14.827296931296587,715.2983282450587,7824.73087592423
14945.350863495842,14.827296931296587,715.2983282450587,7825.3808212168515
14945.417964223772,14.828665865585208,715.3380704410374,7825.3808212168515
14946.156733902171,14.828665865585208,715.3380704410374,7825.784160066396
14946.364688649774,14.830082388594747,715.4846933465451,7825.784160066396
14947.144696760923,14.830082388594747,715.4846933465451,7826.423474818468
14947.293393544853,14.831598423421383,715.5875724479556,7826.423474818468
14948.094483563676,14.831598423421383,715.5875724479556,7826.811727017164
14949.760205164552,14.84376559406519,715.6298858281225,7826.811727017164
14950.608651448041,14.84376559406519,715.6298858281225,7827.2878960855305
14950.765744183213,14.845051534473896,715.7665263041854,7827.2878960855305
14951.885554865003,14.845051534473896,715.7665263041854,7827.940684329718
14952.017706800252,14.846538389101624,715.8662424776703,7827.940684329718
14953.043892659247,14.846538389101624,715.8662424776703,7828.714041784406
14953.243528917432,14.847878083586693,716.0450807437301,7828.714041784406
14954.477285636589,14.847878083586693,716.0450807437301,7829.4989551547915
14956.19343455322,14.853006076067686,716.1078518144786,7829.4989551547915
14957.322170006111,14.853006076067686,716.1078518144786,7830.2912439685315
14957.451033812016,14.854389430955052,716.2186695467681,7830.2912439685315
14958.451120924205,14.854389430955052,716.2186695467681,7830.9050586577505
14958.638183740899,14.85581256635487,716.3524521011859,7830.9050586577505
14959.817108657211,14.85581256635487,716.3524521011859,7831.6033734455705
14960.004484565929,14.857193293049932,716.4755322560668,7831.6033734455705
14960.87955161184,14.857193293049932,716.4755322560668,7832.259843708947
14962.248051969334,14.862825425341725,716.539349636063,7832.259843708947
14963.310254471377,14.862825425341725,716.539349636063,7832.937306439504
14963.44614619203,14.864172972738743,716.6401915680617,7832.937306439504
14964.539806272835,14.864172972738743,716.6401915680617,7833.639236524701
14964.664480304345,14.865655099973083,716.7398451920599,7833.639236524701
14965.630485877395,14.865655099973083,716.7398451920599,7834.199400527403
14965.7952455692,14.867005230858922,716.8796452358365,7834.199400527403
14966.709107764065,14.867005230858922,716.8796452358365,7834.828945107758
14969.14319396764,14.871673742309213,716.9137560166419,7834.828945107758
14969.639823552221,14.871673742309213,716.9137560166419,7835.092610191554
14969.72909945622,14.873202670365572,716.9814199153334,7835.092610191554
14970.452893303707,14.873202670365572,716.9814199153334,7835.512216240168
14970.595561880618,14.874614806845784,717.0672990288585,7835.512216240168
14971.868405705318,14.874614806845784,717.0672990288585,7836.21493370086
14971.962990283966,14.876042054966092,717.1341493409127,7836.21493370086
14972.93763048388,14.876042054966092,717.1341493409127,7836.813366733491
14974.357628917322,14.88064425624907,717.2782527729869,7836.813366733491
14975.29266073741,14.88064425624907,717.2782527729869,7837.389382924885
14975.444708259776,14.882003681734204,717.402080880478,7837.389382924885
14976.3336919602,14.882003681734204,717.402080880478,7837.86303210631
14976.525693044066,14.883520159870386,717.5319954156876,7837.86303210631
14977.704658044502,14.883520159870386,717.5319954156876,7838.523455334827
14977.818269016221,14.884911935776472,717.6322886999696,7838.523455334827
14978.952711595222,14.884911935776472,717.6322886999696,7839.153458347544
14981.841153116897,14.889418438076973,717.6682295892388,7839.153458347544
14982.638779357076,14.889418438076973,717.6682295892388,7839.550479711965
14982.783579451963,14.890828082337976,717.7103873770684,7839.550479711965
14983.721639800817,14.890828082337976,717.7103873770684,7839.837960105389
14983.794379908592,14.892273297533393,717.7688663490117,7839.837960105389
14984.6441047173,14.892273297533393,717.7688663490117,7840.275144560263
14984.7219055444,14.893657581880689,717.8301084414124,7840.275144560263
14985.4594952669,14.893657581880689,717.8301084414124,7840.609386073425
14987.510633761063,14.89839031547308,717.8652238920331,7840.609386073425
14988.466957949102,14.89839031547308,717.8652238920331,7840.904949493706
14988.550697853789,14.899737920612097,717.9359339363873,7840.904949493706
14989.291611617431,14.899737920612097,717.9359339363873,7841.2470957208425
14989.646229777485,14.902612233534455,717.9932078160346,7841.2470957208425
14990.790630320087,14.902612233534455,717.9932078160346,7841.691957535222
14991.057399749756,14.90428726375103,718.0714049022645,7841.691957535222
14992.135102882981,14.90428726375103,718.0714049022645,7842.192022383213
14994.664627023041,14.908983137458563,718.116134678945,7842.192022383213
14995.509738020599,14.908983137458563,718.116134678945,7842.446324137971
14995.818185312673,14.912270216271281,718.1792744956911,7842.446324137971
14996.661068771034,14.912270216271281,718.1792744956911,7842.760233158246
14996.800728773698,14.91375783085823,718.2378870695829,7842.760233158246
14997.73578552343,14.91375783085823,718.2378870695829,7843.221136784181
14997.965742070228,14.915291499346495,718.3953257240355,7843.221136784181
14998.922029200941,14.915291499346495,718.3953257240355,7843.84995710291
15001.663813639432,14.920048147439957,718.5214353837073,7843.84995710291
15002.962825288996,14.920048147439957,718.5214353837073,7844.159914970398
15003.012322880328,14.921432821080089,718.5615066234022,7844.159914970398
15004.419895084575,14.921432821080089,718.5615066234022,7844.462372515351
15004.482782687992,14.922820726409554,718.606563873589,7844.462372515351
15005.10662311688,14.922820726409554,718.606563873589,7844.720517531037
15005.37657885626,14.924175499007106,718.6548776142299,7844.720517531037
15006.684364346787,14.924175499007106,718.6548776142299,7845.107019316405
15008.394146854058,14.928874541074038,718.7420395053923,7845.107019316405
15009.31587279588,14.928874541074038,718.7420395053923,7845.538257919252
15009.506587820128,14.930260566994548,718.8996615428478,7845.538257919252
15009.967955617234,14.930260566994548,718.8996615428478,7845.85798278451
15010.04775387235,14.933318501338363,718.9602376334369,7845.85798278451
15010.838600158691,14.933318501338363,718.9602376334369,7846.317386833951
15010.960602795705,14.934759197756648,719.0624021030962,7846.317386833951
15012.230509586632,14.934759197756648,719.0624021030962,7846.794052794576
15016.73618639633,14.94224034436047,719.1116626113653,7846.794052794576
15017.5411559809,14.94224034436047,719.1116626113653,7847.251823104918
15017.699229655787,14.943707859143615,719.2314298208803,7847.251823104918
15018.374652316794,14.943707859143615,719.2314298208803,7847.5665494110435
15018.431681623682,14.9451650865376,719.2793964445591,7847.5665494110435
15019.252585884184,14.9451650865376,719.2793964445591,7847.923044368625
15019.369968147948,14.946841286495328,719.3822416067123,7847.923044368625
15020.152640251443,14.946841286495328,719.3822416067123,7848.336161809042
15022.614461839199,14.951779823750257,719.424163190648,7848.336161809042
15023.291513970122,14.951779823750257,719.424163190648,7848.646420026198
15023.366498980671,14.955394346266985,719.476868962869,7848.646420026198
15023.944784704596,14.955394346266985,719.476868962869,7848.981442289427
15024.052823940292,14.956878004595637,719.5708078611642,7848.981442289427
15025.050106488168,14.956878004595637,719.5708078611642,7849.741781892255
15025.285558708012,14.958384651690722,719.7482755370438,7849.741781892255
15026.444498578086,14.958384651690722,719.7482755370438,7850.361691616476
15028.066761912778,14.963944351300597,719.7879440728575,7850.361691616476
15028.767279967666,14.963944351300597,719.7879440728575,7850.806322533637
15028.973583694547,14.965450625866652,719.945546111092,7850.806322533637
15029.914667963982,14.965450625866652,719.945546111092,7851.308228272945
15030.035671532154,14.966968961060047,720.0497571267188,7851.308228272945
15030.875797163695,14.966968961060047,720.0497571267188,7851.746069228277
15031.099634263664,14.968543138355017,720.1825730782002,7851.746069228277
15031.843635983765,14.968543138355017,720.1825730782002,7852.114930279553
15034.139092668891,14.973298082128167,720.2818179670721,7852.114930279553
15034.805842036381,14.973298082128167,720.2818179670721,7852.4738273937255
15034.883813170716,14.974776849150658,720.333023218438,7852.4738273937255
15035.968771472573,14.974776849150658,720.333023218438,7853.1159854810685
15036.106963712722,14.976237935945392,720.45049338229,7853.1159854810685
15037.11781958118,14.976237935945392,720.45049338229,7853.795799147338
15037.330997880548,14.977849435061216,720.6047226898372,7853.795799147338
15038.298383604735,14.977849435061216,720.6047226898372,7854.279402058572
15040.46137423627,14.982543239369988,720.6616647746414,7854.279402058572
15041.332544440404,14.982543239369988,720.6616647746414,7854.7992040626705
15041.470938012004,14.9840536583215,720.7736044116318,7854.7992040626705
15042.36312184669,14.9840536583215,720.7736044116318,7855.356863658875
15042.534365130588,14.985505562275648,720.9118201006204,7855.356863658875
15043.494353985414,14.985505562275648,720.9118201006204,7855.947066091001
15043.57516553998,14.98691138625145,720.9623608719558,7855.947066091001
15044.573694821447,14.98691138625145,720.9623608719558,7856.536487909034
15045.969645269215,14.991785252466798,721.0520032979548,7856.536487909034
15046.744428206235,14.991785252466798,721.0520032979548,7856.935961408541
15046.91632791236,14.993418442085385,721.1357200182974,7856.935961408541
15047.75679473579,14.993418442085385,721.1357200182974,7857.470209574327
15048.064348466694,14.994995491579175,721.3103402629495,7857.470209574327
15049.158877616748,14.994995491579175,721.3103402629495,7857.981283031404
15049.47927887924,14.996416319161654,721.3749835584313,7857.981283031404
15050.203845072538,14.996416319161654,721.3749835584313,7858.295783346519
15052.360480681062,15.001120084896684,721.5354033708572,7858.295783346519
15053.279485387728,15.001120084896684,721.5354033708572,7858.783532593399
15053.342925284058,15.002961877733469,721.5847727395594,7858.783532593399
15053.859491551295,15.002961877733469,721.5847727395594,7859.105795679614
15053.97197920829,15.00428470224142,721.6887408718467,7859.105795679614
15054.91052718088,15.00428470224142,721.6887408718467,7859.43635090813
15055.020729323849,15.01018288731575,721.7681660428643,7859.43635090813
15055.716770656407,15.01018288731575,721.7681660428643,7859.833123667166
15057.37290606089,15.020324777811766,721.807061245665,7859.833123667166
15058.023450402543,15.020324777811766,721.807061245665,7860.283216949552
15058.11777216196,15.02176521345973,721.8652605246753,7860.283216949552
15059.212682211772,15.02176521345973,721.8652605246753,7860.945330101997
15059.504908189178,15.02346570417285,721.9897519070655,7860.945330101997
15060.468279289082,15.02346570417285,721.9897519070655,7861.335451731458
15060.691358961165,15.025133663788438,722.0348661784083,7861.335451731458
15061.313406731933,15.025133663788438,722.0348661784083,7861.630780253559
15063.536530964077,15.029880350455642,722.1277757827193,7861.630780253559
15064.413622282445,15.029880350455642,722.1277757827193,7862.22222485207
15064.51344065182,15.031541651114821,722.1707187537104,7862.22222485207
15065.053155658767,15.031541651114821,722.1707187537104,7862.50383146666
15065.230277240276,15.033005978912115,722.3233967851847,7862.50383146666
15066.19658821635,15.033005978912115,722.3233967851847,7863.223324865103
15066.32878552936,15.034365503117442,722.4395815171301,7863.223324865103
15067.44665160589,15.034365503117442,722.4395815171301,7863.959158254787
15068.299656391144,15.039292166009545,722.5292252451181,7863.959158254787
15069.48998269625,15.039292166009545,722.5292252451181,7864.7468726132065
15069.610626820475,15.040764993056655,722.6355383507907,7864.7468726132065
15070.44289807044,15.040764993056655,722.6355383507907,7865.285880498588
15070.569311529398,15.04387297667563,722.7465979326516,7865.285880498588
15071.65890198946,15.04387297667563,722.7465979326516,7865.973104096949
15071.750206494704,15.045280423015356,722.828852744773,7865.973104096949
15072.924983579665,15.045280423015356,722.828852744773,7866.511741036549
15075.851515704766,15.050064358860254,722.8690851796418,7866.511741036549
15077.153927572072,15.050064358860254,722.8690851796418,7866.798290751874
15077.286031983793,15.051549442112446,722.9089587181807,7866.798290751874
15078.516895903274,15.051549442112446,722.9089587181807,7867.247994190082
15078.614134496078,15.052911458536983,722.990030258894,7867.247994190082
15079.232434172183,15.052911458536983,722.990030258894,7867.6062296088785
15079.3334994521,15.054363034665585,723.0698083546013,7867.6062296088785
15080.386424437165,15.054363034665585,723.0698083546013,7868.427216367796
15081.403323309496,15.06022129021585,723.2410501390696,7868.427216367796
15082.214218068868,15.06022129021585,723.2410501390696,7868.907102700323
15082.309575356543,15.06168637610972,723.3147549182177,7868.907102700323
15083.507717378438,15.06168637610972,723.3147549182177,7869.700512925163
15083.652270155028,15.063208673149347,723.4389882851392,7869.700512925163
15084.724924504757,15.063208673149347,723.4389882851392,7870.371006874368
15084.869951779023,15.065065518021584,723.5563110001385,7870.371006874368
15086.036625623703,15.065065518021584,723.5563110001385,7871.083622163162
15087.360469192266,15.070067048072815,723.6366550177336,7871.083622163162
15088.24250128679,15.070067048072815,723.6366550177336,7871.698467070237
15088.443301366642,15.071476874873042,723.8080473486334,7871.698467070237
15089.580349069089,15.071476874873042,723.8080473486334,7872.45949354209
15089.712833048776,15.072936300188303,723.9177423175424,7872.45949354209
15090.918775083497,15.072936300188303,723.9177423175424,7873.308316515759
15091.165404848754,15.07856222242117,724.0441787093878,7873.308316515759
15091.888539789245,15.07856222242117,724.0441787093878,7873.76636916399
15092.857218926772,15.083457531407475,724.1680305134505,7873.76636916399
15093.831470394507,15.083457531407475,724.1680305134505,7874.497689291835
15093.887804310769,15.084821745753288,724.2122469712049,7874.497689291835
15094.797816010192,15.084821745753288,724.2122469712049,7875.025962617248
15094.878872223198,15.086457304656506,724.2711686324328,7875.025962617248
15095.83793489635,15.086457304656506,724.2711686324328,7875.712031278759
15096.009282156825,15.08806780539453,724.4241484124213,7875.712031278759
15096.822078714147,15.08806780539453,724.4241484124213,7876.257205190137
15097.93115997687,15.092844592407346,724.5384255927056,7876.257205190137
15098.959759505466,15.092844592407346,724.5384255927056,7877.03184197098
15099.045600293204,15.094250837340951,724.6118893176317,7877.03184197098
15099.845287524164,15.094250837340951,724.6118893176317,7877.537917809561
15100.03141157329,15.103592054918408,724.7587952055037,7877.537917809561
15101.216713488102,15.103592054918408,724.7587952055037,7878.29626092501
15101.331618811935,15.10504537075758,724.8557181619108,7878.29626092501
15102.464871469885,15.10504537075758,724.8557181619108,7879.173446243629
15103.381570424885,15.109883099794388,725.0456151850522,7879.173446243629
15104.529594300315,15.109883099794388,725.0456151850522,7879.860380951315
15104.641965895891,15.111327905207872,725.1458362434059,7879.860380951315
15105.449685644358,15.111327905207872,725.1458362434059,7880.3876127414405
15105.63046490401,15.112718440592289,725.3115933034569,7880.3876127414405
15106.483654044569,15.112718440592289,725.3115933034569,7881.044768702239
15106.585573932156,15.114245358854532,725.4044474475086,7881.044768702239
15107.422663770616,15.114245358854532,725.4044474475086,7881.625423176214
15108.335413893685,15.11984495818615,725.5222067590803,7881.625423176214
15109.316365698352,15.11984495818615,725.5222067590803,7882.315270232037
15109.483494361863,15.121297774836421,725.6470011882484,7882.315270232037
15110.329858221114,15.121297774836421,725.6470011882484,7882.913352800533
15110.456093216315,15.12287137284875,725.7517992574722,7882.913352800533
15111.32342839241,15.12287137284875,725.7517992574722,7883.5512880999595
15111.414379542693,15.130636464804411,725.8107251524925,7883.5512880999595
15112.469480684027,15.130636464804411,725.8107251524925,7884.182950343937
15113.45725909248,15.135366018861532,725.8760275188833,7884.182950343937
15114.454381890595,15.135366018861532,725.8760275188833,7884.864347776398
15114.578786764294,15.136827874928713,725.9801057484001,7884.864347776398
15115.404517350718,15.136827874928713,725.9801057484001,7885.406473396346
15115.516619965434,15.142962945625186,726.0666950009763,7885.406473396346
15116.38241074048,15.142962945625186,726.0666950009763,7885.979350890964
15116.554138468578,15.144476654008031,726.2213573809713,7885.979350890964
15117.413063654676,15.144476654008031,726.2213573809713,7886.604101918638
15118.237533248961,15.149321872740984,726.3093592189252,7886.604101918638
15119.021444480866,15.149321872740984,726.3093592189252,7887.171008916572
15119.11396384053,15.15076468884945,726.3929428141564,7887.171008916572
15119.827342109755,15.15076468884945,726.3929428141564,7887.7032013088465
15119.915333328769,15.15227254666388,726.4672965928912,7887.7032013088465
15120.809397475794,15.15227254666388,726.4672965928912,7888.349320186302
15120.986080955714,15.15374162234366,726.6289231181145,7888.349320186302
15121.887202244252,15.15374162234366,726.6289231181145,7888.92502980493
15122.762340093032,15.16770781390369,726.7203047648072,7888.92502980493
15123.963271887973,15.16770781390369,726.7203047648072,7889.474155914038
15124.032740283757,15.169173469766974,726.7728594131768,7889.474155914038
15125.076868083328,15.169173469766974,726.7728594131768,7890.25159917213
15125.16466954723,15.170677945017815,726.8397861011326,7890.25159917213
15125.989780984819,15.170677945017815,726.8397861011326,7890.783936334774
15126.091136422008,15.172117142006755,726.916637096554,7890.783936334774
15127.141355872154,15.172117142006755,726.916637096554,7891.209244068712
15129.374491347,15.187131213024259,727.032571926713,7891.209244068712
15129.982500215992,15.187131213024259,727.032571926713,7891.554877026007
15130.051930099726,15.188593000173569,727.0837619416416,7891.554877026007
15131.003605052829,15.188593000173569,727.0837619416416,7892.186543865129
15131.086729861796,15.190093096345663,727.1449601370841,7892.186543865129
15131.801319949329,15.190093096345663,727.1449601370841,7892.610851401463
15131.92051833868,15.191493920981884,727.2318741250783,7892.610851401463
15132.947387598455,15.191493920981884,727.2318741250783,7893.120871422812
15133.947624728084,15.196460602805018,727.2804053705186,7893.120871422812
15135.067855872214,15.196460602805018,727.2804053705186,7893.793972980231
15135.202965879813,15.198144014924765,727.3953737039119,7893.793972980231
15135.847233448178,15.198144014924765,727.3953737039119,7894.174687299877
15136.013838443905,15.199602169916034,727.5366183910519,7894.174687299877
15136.828108688816,15.199602169916034,727.5366183910519,7894.835251480341
15136.925474226475,15.201078616082668,727.6040597204119,7894.835251480341
15137.8444095999,15.201078616082668,727.6040597204119,7895.35172124207
15139.104333039373,15.207839824259281,727.6478761900216,7895.35172124207
15139.703329848126,15.207839824259281,727.6478761900216,7895.691418381408
15139.82453580387,15.209302801638842,727.7479768954217,7895.691418381408
15140.739408856258,15.209302801638842,727.7479768954217,7896.226633770391
15140.84350476414,15.210713127627969,727.8385833892971,7896.226633770391
15141.528377106413,15.210713127627969,727.8385833892971,7896.672910515219
15141.6223391518,15.212130131199956,727.9202402438968,7896.672910515219
15142.632128888741,15.212130131199956,727.9202402438968,7897.418890038505
15143.6946875453,15.221436886116862,727.9871028605849,7897.418890038505
15144.695687640458,15.221436886116862,727.9871028605849,7898.133338281885
15144.854953126982,15.223081726580858,728.0781893525273,7898.133338281885
15145.850670749322,15.223081726580858,728.0781893525273,7898.746849726886
15145.942823212594,15.224546862766147,728.1539578214288,7898.746849726886
15147.03427392058,15.224546862766147,728.1539578214288,7899.200503116474
15147.289498938248,15.22602397762239,728.2482165656984,7899.200503116474
15148.846728006378,15.22602397762239,728.2482165656984,7899.721075633541
15150.828839844093,15.231706259772182,728.3177400715649,7899.721075633541
15151.613360164687,15.231706259772182,728.3177400715649,7900.173651373014
15151.705879503861,15.233166635036469,728.4011110085994,7900.173651373014
15152.549429522827,15.233166635036469,728.4011110085994,7900.640401568264
15152.706705320626,15.234629021957517,728.535208588466,7900.640401568264
15154.036969304085,15.234629021957517,728.535208588466,7901.506052413955
15154.13438565284,15.235968507826328,728.618132153526,7901.506052413955
15155.074894040823,15.235968507826328,728.618132153526,7902.059746900573
15156.907001676038,15.240600142627954,728.6919523980469,7902.059746900573
15157.671634107828,15.240600142627954,728.6919523980469,7902.455177988857
15157.775543125346,15.242049051448703,728.7729532215744,7902.455177988857
15158.72017300874,15.242049051448703,728.7729532215744,7903.098088653758
15158.836297584698,15.243497908115387,728.8695973679423,7903.098088653758
15160.093476133421,15.243497908115387,728.8695973679423,7903.945955188945
15160.197714611888,15.245147658511996,728.9220843054354,7903.945955188945
15161.427144087851,15.245147658511996,728.9220843054354,7904.568779693916
15162.864877996966,15.249883204698563,729.0025876611471,7904.568779693916
15163.583654383197,15.249883204698563,729.0025876611471,7905.054862160236
15163.724942104891,15.251314787194133,729.1208645366132,7905.054862160236
15164.512267138809,15.251314787194133,729.1208645366132,7905.625092713162
15164.721282621846,15.252838615328074,729.2205459941179,7905.625092713162
15165.34971828945,15.252838615328074,729.2205459941179,7906.007750442252
15165.481659401208,15.254497366026044,729.2623332105577,7906.007750442252
15166.350783305243,15.254497366026044,729.2623332105577,7906.392450651154
15168.488644953817,15.259354932233691,729.4006687998772,7906.392450651154
15169.371728068218,15.259354932233691,729.4006687998772,7906.797522842884
15169.473285142332,15.260879058390856,729.4831665288657,7906.797522842884
15170.513342902064,15.260879058390856,729.4831665288657,7907.309703562409
15170.681729344651,15.262447567656636,729.5945815797895,7907.309703562409
15171.570951610804,15.262447567656636,729.5945815797895,7907.802875526249
15171.719121703878,15.26392263546586,729.7240559272468,7907.802875526249
15172.787661431357,15.26392263546586,729.7240559272468,7908.3344664648175
15174.50321168825,15.26858739927411,729.7666645944118,7908.3344664648175
15175.415043544024,15.26858739927411,729.7666645944118,7908.973054036498
15175.517891012132,15.27015215717256,729.8495273403823,7908.973054036498
15176.610317338258,15.27015215717256,729.8495273403823,7909.747177796438
15176.809351881966,15.271749388426542,729.9622183348984,7909.747177796438
15177.958441792056,15.271749388426542,729.9622183348984,7910.502526106313
15178.04112973623,15.273316197097301,730.0270323064178,7910.502526106313
15179.158827859908,15.273316197097301,730.0270323064178,7911.239595428109
15182.471994556487,15.279282314702868,730.0695009641349,7911.239595428109
15183.044294573367,15.279282314702868,730.0695009641349,7911.667880212888
15183.127179717645,15.280691999942064,730.1402834746987,7911.667880212888
15184.142608836293,15.280691999942064,730.1402834746987,7912.233000619337
15184.220379412174,15.28218375518918,730.1973136663437,7912.233000619337
15185.066204909235,15.28218375518918,730.1973136663437,7912.632040455937
15185.496303806081,15.285777769982815,730.2544116396457,7912.632040455937
15186.351256648079,15.285777769982815,730.2544116396457,7912.931896692142
15187.660181758925,15.290614765137434,730.3474246803671,7912.931896692142
15188.158501809463,15.290614765137434,730.3474246803671,7913.204471675679
15188.297871757299,15.292092561721802,730.4594893548638,7913.204471675679
15189.150441356003,15.292092561721802,730.4594893548638,7913.452682510018
15189.28499189578,15.29385464452207,730.5647331364453,7913.452682510018
15190.083939496428,15.29385464452207,730.5647331364453,7913.946226933971
15190.606538685039,15.300238380208611,730.7228207532316,7913.946226933971
15191.340828979388,15.300238380208611,730.7228207532316,7914.309777762741
15193.881673913449,15.305532976984978,730.7639787681401,7914.309777762741
15194.804866109043,15.305532976984978,730.7639787681401,7914.775917693973
15194.907815560699,15.307089375331998,730.8532701898366,7914.775917693973
15195.785348810256,15.307089375331998,730.8532701898366,7915.072005022317
15195.986898880452,15.308682193979621,731.0301677454263,7915.072005022317
15196.71053342335,15.308682193979621,731.0301677454263,7915.391327211633
15196.892540279776,15.310198681429029,731.1315613985062,7915.391327211633
15197.480349969119,15.310198681429029,731.1315613985062,7915.7352992948145
15199.182040568441,15.31489084661007,731.263975398615,7915.7352992948145
15200.221708590165,15.31489084661007,731.263975398615,7916.303381506354
15200.330873142928,15.31630484201014,731.3637378606945,7916.303381506354
15201.227558780462,15.31630484201014,731.3637378606945,7916.7408216279
15201.289073262364,15.31778471916914,731.410249941051,7916.7408216279
15202.002092244104,15.31778471916914,731.410249941051,7917.080173959956
15202.108813401312,15.320612851530313,731.496363626793,7917.080173959956
15203.875842584297,15.320612851530313,731.496363626793,7918.112499859184
15206.537841336802,15.325494326651096,731.5448816623539,7918.112499859184
15207.518229529262,15.325494326651096,731.5448816623539,7918.56648398377
15207.654540959746,15.32693026214838,731.6607591155916,7918.56648398377
15208.598410874605,15.32693026214838,731.6607591155916,7919.118482736871
15208.680110860616,15.32854807190597,731.7312386967242,7919.118482736871
15209.457907993346,15.32854807190597,731.7312386967242,7919.7558253109455
15209.529602449387,15.339662805199623,731.7828555107117,7919.7558253109455
15210.536348108202,15.339662805199623,731.7828555107117,7920.2963041476905
15212.569998443127,15.35255990549922,731.8578754849732,7920.2963041476905
15213.409837877378,15.35255990549922,731.8578754849732,7920.622561721131
15213.58025945723,15.354117780923843,731.9666013289243,7920.622561721131
15214.335534904152,15.354117780923843,731.9666013289243,7921.149419380352
15214.449577432126,15.35560709796846,732.0576323531568,7921.149419380352
15215.271904412657,15.35560709796846,732.0576323531568,7921.712823251262
15215.429891856387,15.357468931004405,732.1890611089766,7921.712823251262
15216.274958556518,15.357468931004405,732.1890611089766,7922.231895329431
15217.942275274545,15.362359769642353,732.2289480809122,7922.231895329431
15219.002887081355,15.362359769642353,732.2289480809122,7922.768825661391
15219.114798501134,15.36381433531642,732.3232929576188,7922.768825661391
15219.8464761246,15.36381433531642,732.3232929576188,7923.244691209868
15219.937293173745,15.365191910415888,732.4008489996195,7923.244691209868
15221.195177134126,15.365191910415888,732.4008489996195,7923.9865690451115
15221.261973151937,15.366645013913512,732.458340909332,7923.9865690451115
15222.398788934574,15.366645013913512,732.458340909332,7924.65537119098
15223.968322617933,15.371624613180757,732.5787966959178,7924.65537119098
15225.177886236459,15.371624613180757,732.5787966959178,7925.433137187734
15225.277531657368,15.373021019622684,732.6688460428268,7925.433137187734
15226.458480101079,15.373021019622684,732.6688460428268,7926.060584196821
15226.582758024335,15.374486966058612,732.7678697239608,7926.060584196821
15227.42186790891,15.374486966058612,732.7678697239608,7926.626058643684
15227.570899784565,15.375891102477908,732.8451189287007,7926.626058643684
15228.311986956745,15.375891102477908,732.8451189287007,7927.169651497155
15229.733652448282,15.385100746527314,732.962862515822,7927.169651497155
15230.666549969465,15.385100746527314,732.962862515822,7927.779139813036
15230.757103126496,15.386486820876598,733.0330192223191,7927.779139813036
15231.720126472414,15.386486820876598,733.0330192223191,7928.252336546779
15231.919938731939,15.387835836037993,733.1384476590902,7928.252336546779
15233.024276381359,15.387835836037993,733.1384476590902,7928.82451129891
15233.151900948957,15.389235401526093,733.2345316261053,7928.82451129891
15234.021157100797,15.389235401526093,733.2345316261053,7929.260005606338
15237.426924407482,15.394307704642415,733.2740794513375,7929.260005606338
15238.353176308796,15.394307704642415,733.2740794513375,7929.643933106214
15238.504228588194,15.39578877016902,733.3840892594308,7929.643933106214
15239.541702520102,15.39578877016902,733.3840892594308,7930.267569467425
15239.664176713675,15.397268995642662,733.4901169743389,7930.267569467425
15240.55464136973,15.397268995642662,733.4901169743389,7930.775505049154
15240.699061609805,15.398785123601556,733.6183986421674,7930.775505049154
15241.688804980367,15.398785123601556,733.6183986421674,7931.52685120143
15243.020179117098,15.404080249369144,733.7407222241163,7931.52685120143
15243.999289885163,15.404080249369144,733.7407222241163,7932.164529856294
15244.094206040725,15.40555989742279,733.8214673344046,7932.164529856294
15244.959891941398,15.40555989742279,733.8214673344046,7932.681265566498
15245.09512857534,15.406960602849722,733.9124622475356,7932.681265566498
15245.68062574789,15.406960602849722,733.9124622475356,7933.089146081358
15245.788719093427,15.40974572300911,734.0060182791203,7933.089146081358
15246.798159210011,15.40974572300911,734.0060182791203,7933.4509372115135
15247.998678512871,15.414630321785808,734.1104806158692,7933.4509372115135
15249.13088414073,15.414630321785808,734.1104806158692,7934.159745553508
15249.24424096942,15.416087297722697,734.2070358991623,7934.159745553508
15250.481840012595,15.416087297722697,734.2070358991623,7934.967805411667
15250.600393405184,15.417537961155176,734.2914125267416,7934.967805411667
15251.554733889177,15.417537961155176,734.2914125267416,7935.508323451504
15251.702138053253,15.41950449720025,734.415711812675,7935.508323451504
15252.583111887798,15.41950449720025,734.415711812675,7936.023705739528
15253.595398001373,15.424876483157277,734.5345882419497,7936.023705739528
15254.879875753075,15.424876483157277,734.5345882419497,7936.801281215623
15254.976752163842,15.426342198625207,734.622286034748,7936.801281215623
15256.369994431734,15.426342198625207,734.622286034748,7937.455716976896
15256.539068480954,15.427794681861997,734.7752637602389,7937.455716976896
15257.317017145455,15.427794681861997,734.7752637602389,7937.927976263687
15257.400809708983,15.433067878708243,734.8458946682513,7937.927976263687
15258.317543404177,15.433067878708243,734.8458946682513,7938.350133245811
15259.854989511892,15.437836617231369,734.9520065765828,7938.350133245811
15261.144874272868,15.437836617231369,734.9520065765828,7939.283039184287
15261.281580535695,15.439318465068936,735.043248815462,7939.283039184287
15262.344022745267,15.439318465068936,735.043248815462,7939.936013830826
15262.46166334115,15.440885573625565,735.1472006477416,7939.936013830826
15263.125607255846,15.440885573625565,735.1472006477416,7940.395990766585
15263.213043069467,15.442375019192696,735.2255701161921,7940.395990766585
15264.023490373045,15.442375019192696,735.2255701161921,7940.84895029664
15265.074949672446,15.44732440263033,735.2714259251952,7940.84895029664
15266.011051060632,15.44732440263033,735.2714259251952,7941.474127288908
15266.065677449107,15.448843747377396,735.3122333846986,7941.474127288908
15266.99180960469,15.448843747377396,735.3122333846986,7942.047932874411
15267.126710511744,15.450290631502867,735.4293199107051,7942.047932874411
15267.914920523763,15.450290631502867,735.4293199107051,7942.626533757895
15267.99508946389,15.451801227405667,735.4985461495817,7942.626533757895
15268.799428408965,15.451801227405667,735.4985461495817,7943.203576993197
15269.764555661008,15.468708230182528,735.6065808739513,7943.203576993197
15270.264170875773,15.468708230182528,735.6065808739513,7943.4687326774
15270.46858651191,15.470299787819386,735.7820137478411,7943.4687326774
15271.268960664049,15.470299787819386,735.7820137478411,7943.941653979942
15271.325841404498,15.471772663295269,735.8232611641288,7943.941653979942
15272.273959999904,15.471772663295269,735.8232611641288,7944.63375383243
15272.350333770737,15.473312111571431,735.8872703835368,7944.63375383243
15273.343878936023,15.473312111571431,735.8872703835368,7945.299475371838
15274.228384232149,15.487174971029162,735.996794315055,7945.299475371838
15275.316789316013,15.487174971029162,735.996794315055,7946.0503235105425
15275.41046610102,15.48858934827149,736.0754641685635,7946.0503235105425
15276.306256959215,15.48858934827149,736.0754641685635,7946.752178534865
15276.498447194695,15.490043444558978,736.2395970392972,7946.752178534865
15277.591735616326,15.490043444558978,736.2395970392972,7947.455674406141
15277.810987100005,15.491488441824913,736.4108434747905,7947.455674406141
15278.623150767758,15.491488441824913,736.4108434747905,7948.020893251523
15279.424418369308,15.498450396582484,736.5366420596838,7948.020893251523
15280.610822526738,15.498450396582484,736.5366420596838,7948.801753535867
15280.678607160226,15.499926913529634,736.5920489411801,7948.801753535867
15281.387664604932,15.499926913529634,736.5920489411801,7949.281723085791
15281.494776142761,15.501353401690722,736.689962381497,7949.281723085791
15282.431535651907,15.501353401690722,736.689962381497,7949.895064838231
15282.500946898013,15.503551300615072,736.7472245171666,7949.895064838231
15283.243166793138,15.503551300615072,736.7472245171666,7950.462678194046
15284.057522291318,15.510109120979905,736.8421798031777,7950.462678194046
15285.013072043657,15.510109120979905,736.8421798031777,7951.130555903539
15285.091553922743,15.511617248877883,736.8930636234581,7951.130555903539
15285.941728588194,15.511617248877883,736.8930636234581,7951.673795839772
15286.023482099175,15.51301409676671,736.9549458511174,7951.673795839772
15287.626147484407,15.51301409676671,736.9549458511174,7952.383017027751
15287.923427162692,15.514658197760582,737.0567471627146,7952.383017027751
15288.825473727658,15.514658197760582,737.0567471627146,7952.842749103904
15290.664286477491,15.519356343895197,737.0971676651388,7952.842749103904
15291.571513649076,15.519356343895197,737.0971676651388,7953.438229944557
15291.652412461117,15.520781079307199,737.1489653717726,7953.438229944557
15292.474910236895,15.520781079307199,737.1489653717726,7953.893537120894
15292.55043094419,15.522178772836924,737.212988698855,7953.893537120894
15293.510619092733,15.522178772836924,737.212988698855,7954.513932162896
15293.631190052256,15.523733451962471,737.3088188953698,7954.513932162896
15294.635903086513,15.523733451962471,737.3088188953698,7955.308715619147
15295.74850905314,15.528954192996025,737.4779452439398,7955.308715619147
15296.764319796115,15.528954192996025,737.4779452439398,7956.050531387329
15296.891418144107,15.530385041609406,737.5880994275212,7956.050531387329
15297.88551514782,15.530385041609406,737.5880994275212,7956.686887746677
15298.048894545063,15.531816307455301,737.723892133683,7956.686887746677
15298.828073559329,15.531816307455301,737.723892133683,7957.202437842265
15298.961290808395,15.533254394307733,737.8474413082004,7957.202437842265
15299.803742337972,15.533254394307733,737.8474413082004,7957.817261613905
15300.717759141698,15.538049010559916,737.9020861480385,7957.817261613905
15301.66124729067,15.538049010559916,737.9020861480385,7958.337507227436
15301.818553576246,15.539489986374974,738.0476710107177,7958.337507227436
15302.559813257307,15.539489986374974,738.0476710107177,7958.881078829989
15302.738174563274,15.540978575125337,738.1995682287961,7958.881078829989
15303.69559147209,15.540978575125337,738.1995682287961,7959.466140693054
15303.893159506842,15.542458310723305,738.3653019275516,7959.466140693054
15304.745826620609,15.542458310723305,738.3653019275516,7960.045176189393
15305.518964309245,15.550427855923772,738.4450749792159,7960.045176189393
15306.657206710428,15.550427855923772,738.4450749792159,7960.812903208658
15306.754082873464,15.55190853215754,738.5287133716047,7960.812903208658
15307.624439848587,15.55190853215754,738.5287133716047,7961.452066700906
15307.733131304383,15.553420599550009,738.5941974371672,7961.452066700906
15308.61706962809,15.553420599550009,738.5941974371672,7961.898563500494
15308.709299163893,15.554936015978456,738.6765050385147,7961.898563500494
15309.419567264616,15.554936015978456,738.6765050385147,7962.291971959174
15310.31567940861,15.565895963460207,738.7523980103433,7962.291971959174
15311.242388853803,15.565895963460207,738.7523980103433,7962.979029431939
15311.352379804477,15.56740933097899,738.8325849212706,7962.979029431939
15312.201991446316,15.56740933097899,738.8325849212706,7963.5902993790805
15312.47371186316,15.569003518670797,738.9927037991583,7963.5902993790805
15313.16118523106,15.569003518670797,738.9927037991583,7964.021933117881
15313.32472224906,15.570470163598657,739.1257692407817,7964.021933117881
15314.177160112187,15.570470163598657,739.1257692407817,7964.650773366913
15315.071965441108,15.575166326016188,739.2965758815408,7964.650773366913
15315.914023976773,15.575166326016188,739.2965758815408,7965.279673183337
15316.02929571271,15.576542902737856,739.4030268397182,7965.279673183337
15316.873132949695,15.576542902737856,739.4030268397182,7965.863244432956
15317.057827811688,15.578108651563525,739.5403983127326,7965.863244432956
15317.992044657469,15.578108651563525,739.5403983127326,7966.531138159335
15318.086080657318,15.579642709344625,739.6176589392126,7966.531138159335
15318.957458764315,15.579642709344625,739.6176589392126,7967.096255905926
15319.911595048383,15.5924908593297,739.685458028689,7967.096255905926
15320.845324764028,15.5924908593297,739.685458028689,7967.776228679344
15320.965141860768,15.593952065333724,739.7945380527526,7967.776228679344
15322.04898856394,15.593952065333724,739.7945380527526,7968.5005739647895
15322.181351898238,15.59556427411735,739.9177739061415,7968.5005739647895
15322.941300528124,15.59556427411735,739.9177739061415,7968.969178976491
15323.118253519759,15.597064308822155,740.0543780773878,7968.969178976491
15323.706939412281,15.597064308822155,740.0543780773878,7969.312154371291
15324.604077156633,15.602259451523423,740.1715912986547,7969.312154371291
15325.644268380478,15.602259451523423,740.1715912986547,7970.125084258616
15325.748028457165,15.603782998397946,740.2485893089324,7970.125084258616
15326.637085445225,15.603782998397946,740.2485893089324,7970.772472431883
15326.764426188543,15.60523228533566,740.3545825760812,7970.772472431883
15327.567344788462,15.60523228533566,740.3545825760812,7971.273169063032
15327.737362684682,15.606706762686372,740.5053222440183,7971.273169063032
15328.51766246371,15.606706762686372,740.5053222440183,7971.695197457448
15329.296602072194,15.611695311963558,740.615709733218,7971.695197457448
15330.081398723647,15.611695311963558,740.615709733218,7972.260239912197
15330.148369563743,15.613172359764576,740.663589771837,7972.260239912197
15330.97303494811,15.613172359764576,740.663589771837,7972.830372400582
15331.13618737273,15.628042319789529,740.8023391347378,7972.830372400582
15332.128995388746,15.628042319789529,740.8023391347378,7973.539711937308
15332.253545880318,15.62949176505208,740.9117812048644,7973.539711937308
15333.041823428124,15.62949176505208,740.9117812048644,7974.107835028321
15333.830926507711,15.64137116074562,740.9633840788156,7974.107835028321
15334.649322358891,15.64137116074562,740.9633840788156,7974.62321171537
15334.783946065232,15.642930777743459,741.078870749101,7974.62321171537
15335.547544805333,15.642930777743459,741.078870749101,7975.1165171545
15335.627042151988,15.64436480216682,741.1450102459639,7975.1165171545
15336.011268597096,15.64436480216682,741.1450102459639,7975.37077495642
15336.244658300653,15.645851448178291,741.3522082064301,7975.37077495642
15337.213304840028,15.645851448178291,741.3522082064301,7976.103795342147
15338.188110552728,15.65071070753038,741.4841839745641,7976.103795342147
15339.181809544563,15.65071070753038,741.4841839745641,7976.8236249908805
15339.313640153036,15.652338458225131,741.6051330920309,7976.8236249908805
15340.277689268813,15.652338458225131,741.6051330920309,7977.3765183873475
15340.352589463815,15.653772613033652,741.6612218078226,7977.3765183873475
15341.249896554276,15.653772613033652,741.6612218078226,7978.021427299827
15341.390995278955,15.655317081138492,741.7384092062712,7978.021427299827
15342.34845000878,15.655317081138492,741.7384092062712,7978.596806813031
15343.022518388927,15.65993219614029,741.7892707660794,7978.596806813031
15343.69871600531,15.65993219614029,741.7892707660794,7979.06985238567
15343.777659295127,15.66142413392663,741.8513051178306,7979.06985238567
15344.78558719717,15.66142413392663,741.8513051178306,7979.751809788868
15344.925965549424,15.662869369611144,741.9707829821855,7979.751809788868
15345.735860006884,15.662869369611144,741.9707829821855,7980.353386139497
15345.795759072527,15.664388628676534,742.011010279879,7980.353386139497
15346.647659130394,15.664388628676534,742.011010279879,7980.9034883491695
15347.48947272636,15.669212156906724,742.1061284113675,7980.9034883491695
15348.275429531932,15.669212156906724,742.1061284113675,7981.305579436943
15348.378919316456,15.670669682323933,742.1927119698375,7981.305579436943
15349.39094465226,15.670669682323933,742.1927119698375,7981.972640320659
15349.538705678657,15.672371674329042,742.3225836008787,7981.972640320659
15350.552367636934,15.672371674329042,742.3225836008787,7982.6369049958885
15350.619637263939,15.673774311318994,742.3732555583119,7982.6369049958885
15351.162922715768,15.673774311318994,742.3732555583119,7982.913164595142
15352.030646335334,15.679550604894757,742.5173248574138,7982.913164595142
15352.812936425209,15.679550604894757,742.5173248574138,7983.4709555041045
15353.084165384993,15.681074161082506,742.6821852326393,7983.4709555041045
15353.926793016493,15.681074161082506,742.6821852326393,7984.053384268656
15354.066434454173,15.682505937293172,742.8064975123852,7984.053384268656
15354.741460463032,15.682505937293172,742.8064975123852,7984.51490871422
15355.023760203272,15.683984413743019,742.905329471454,7984.51490871422
15356.173417491838,15.683984413743019,742.905329471454,7985.024271532893
15358.385032229125,15.68939508125186,742.9716513138264,7985.024271532893
15359.524771720171,15.68939508125186,742.9716513138264,7985.536077367142
15359.663373308256,15.690880917012691,743.0902944020927,7985.536077367142
15360.587655780837,15.690880917012691,743.0902944020927,7985.944855354726
15360.77385391295,15.69241912662983,743.2503913491964,7985.944855354726
15361.86497237347,15.69241912662983,743.2503913491964,7986.657419081777
15362.011627849191,15.693900275975466,743.3668176848441,7986.657419081777
15362.676746388897,15.693900275975466,743.3668176848441,7987.12834677659
15363.832270435989,15.699118729680777,743.5125318318605,7987.12834677659
15364.447375424206,15.699118729680777,743.5125318318605,7987.580647105351
15364.6182356067,15.70051639713347,743.6654067076743,7987.580647105351
15365.586131278425,15.70051639713347,743.6654067076743,7988.074924472719
15365.695713642985,15.701949272304773,743.7621989585459,7988.074924472719
15366.708970746025,15.701949272304773,743.7621989585459,7988.7102463543415
15366.953743556514,15.703447688370943,743.9693096391857,7988.7102463543415
15367.85695124045,15.703447688370943,743.9693096391857,7989.258384864777
15368.624443924055,15.70839206688106,744.0783393736929,7989.258384864777
15369.741022588685,15.70839206688106,744.0783393736929,7990.019941601902
15369.882494090125,15.709912553429604,744.1594650037587,7990.019941601902
15370.75275602378,15.709912553429604,744.1594650037587,7990.427961887792
15370.918026927859,15.7113325484097,744.2927849665284,7990.427961887792
15371.812256708741,15.7113325484097,744.2927849665284,7990.980349360034
15371.993358636275,15.712799144908786,744.4485743995756,7990.980349360034
15373.452811328694,15.712799144908786,744.4485743995756,7991.684067890048
15375.01869210042,15.720195991918445,744.5378620140254,7991.684067890048
15376.00890894793,15.720195991918445,744.5378620140254,7992.053634243086
15376.367985021323,15.722267581149936,744.5900028906763,7992.053634243086
15377.25563817285,15.722267581149936,744.5900028906763,7992.319595638663
15377.339567512274,15.723722696304321,744.6618867535144,7992.319595638663
15378.290425255895,15.723722696304321,744.6618867535144,7992.712790058926
15378.396633611992,15.72517686150968,744.732965439558,7992.712790058926
15379.299426108599,15.72517686150968,744.732965439558,7993.018618155271
15381.782624328509,15.730023957788944,744.8336696345359,7993.018618155271
15382.495211472735,15.730023957788944,744.8336696345359,7993.428510148078
15382.689159424976,15.731601426377892,744.9048942551017,7993.428510148078
15383.452161921188,15.731601426377892,744.9048942551017,7993.793749822304
15383.546401444823,15.732999691739678,744.9802743494511,7993.793749822304
15384.62389670685,15.732999691739678,744.9802743494511,7994.168449148536
15384.713140122592,15.734493618831038,745.0536485910416,7994.168449148536
15385.37268313393,15.734493618831038,745.0536485910416,7994.504090866074
15387.395225849003,15.739449618384242,745.1017440222204,7994.504090866074
15388.103699896485,15.739449618384242,745.1017440222204,7994.84635123238
15388.190158331767,15.740842793136835,745.1763770934194,7994.84635123238
15388.916723540053,15.740842793136835,745.1763770934194,7995.223608162254
15388.979287141934,15.742321748286486,745.2229482773691,7995.223608162254
15389.811041653156,15.742321748286486,745.2229482773691,7995.574175201356
15389.94678858295,15.743800735101104,745.3409371823072,7995.574175201356
15391.204164549708,15.743800735101104,745.3409371823072,7996.44444957003
15392.885882753879,15.748470539227128,745.4226959031075,7996.44444957003
15393.611861441284,15.748470539227128,745.4226959031075,7997.017630349845
15393.773248232901,15.750062726438046,745.5239959973842,7997.017630349845
15394.51779028587,15.750062726438046,745.5239959973842,7997.48309676908
15394.634490890428,15.75159940123558,745.6236451435834,7997.48309676908
15395.324860712513,15.75159940123558,745.6236451435834,7997.943421011791
15395.4534604121,15.753184048458934,745.7392491474748,7997.943421011791
15396.21863250807,15.753184048458934,745.7392491474748,7998.446331657469
15397.906700309366,15.765783315524459,745.8683772645891,7998.446331657469
15398.816376792267,15.765783315524459,745.8683772645891,7998.9734101220965
15398.9582413733,15.767246941104531,745.9747420400381,7998.9734101220965
15400.186967903748,15.767246941104531,745.9747420400381,7999.705747913569
15400.44099624455,15.768734138458967,746.1265756879002,7999.705747913569
15401.4982058499,15.768734138458967,746.1265756879002,8000.462740423158
15401.58172686398,15.770129472017288,746.2008267827332,8000.462740423158
15402.4784865845,15.770129472017288,746.2008267827332,8001.024851290509
15404.515422904864,15.775040300562978,746.2496587391943,8001.024851290509
15405.286822965369,15.775040300562978,746.2496587391943,8001.373368183151
15405.40895855613,15.776646949350834,746.362455682829,8001.373368183151
15406.302247427404,15.776646949350834,746.362455682829,8001.7616957668215
15406.40776453726,15.77814556658268,746.4365781135857,8001.7616957668215
15407.25015090406,15.77814556658268,746.4365781135857,8002.263159098104
15407.341027380899,15.779651584103703,746.5101632047445,8002.263159098104
15408.435411212966,15.779651584103703,746.5101632047445,8002.947810968384
15410.092315079644,15.79170804284513,746.5539760477841,8002.947810968384
15410.98112339899,15.79170804284513,746.5539760477841,8003.421276632696
15411.116036113352,15.793252160772681,746.6779308728874,8003.421276632696
15412.323429400101,15.793252160772681,746.6779308728874,8004.007193183526
15412.416709739715,15.79476804845035,746.7507508415729,8004.007193183526
15413.340767716989,15.79476804845035,746.7507508415729,8004.457581428811
15413.591934127733,15.798274751752615,746.8991335500032,8004.457581428811
15414.225607804954,15.798274751752615,746.8991335500032,8004.886983256787
15418.04921596311,15.80318191461265,747.0204783082008,8004.886983256787
15418.621788373217,15.80318191461265,747.0204783082008,8005.284714460373
15418.76096961461,15.804727151989937,747.139574514702,8005.284714460373
15419.70838175714,15.804727151989937,747.139574514702,8005.7573313601315
15419.90888242796,15.806174486875534,747.3162099663168,8005.7573313601315
15420.801907071844,15.806174486875534,747.3162099663168,8006.2600137945265
15420.968342179433,15.807754205539823,747.4701939038932,8006.2600137945265
15421.897676723078,15.807754205539823,747.4701939038932,8006.868207611144
15423.346735980362,15.819663260132074,747.541725486517,8006.868207611144
15424.135968508199,15.819663260132074,747.541725486517,8007.342079576105
15424.307807359844,15.821258740499616,747.6766388900578,8007.342079576105
15425.070828473195,15.821258740499616,747.6766388900578,8007.937669763342
15425.176044078544,15.82287321984768,747.7613418158144,8007.937669763342
15426.226130351424,15.82287321984768,747.7613418158144,8008.712547751144
15426.464397687465,15.824983857572079,747.9657118376344,8008.712547751144
15427.455436279997,15.824983857572079,747.9657118376344,8009.37626103498
15428.94069686532,15.831029327586293,748.1532204840332,8009.37626103498
15429.863627685234,15.831029327586293,748.1532204840332,8009.841234749183
15429.943881038576,15.832633197307587,748.2237301915884,8009.841234749183
15430.765351448208,15.832633197307587,748.2237301915884,8010.379903307185
15430.87463080883,15.834093604236841,748.3203185722232,8010.379903307185
15431.643085099757,15.834093604236841,748.3203185722232,8010.82938304171
15431.797209681943,15.835597531870008,748.4652629066259,8010.82938304171
15432.873341016471,15.835597531870008,748.4652629066259,8011.249052133411
15434.268726296723,15.840762266889215,748.6727984678,8011.249052133411
15435.288027953357,15.840762266889215,748.6727984678,8011.842349452898
15435.371327321976,15.842297874391079,748.741649068892,8011.842349452898
15436.175662623718,15.842297874391079,748.741649068892,8012.350890714675
15436.307968430221,15.84385528229177,748.8582968041301,8012.350890714675
15437.204745717347,15.84385528229177,748.8582968041301,8012.894627854228
15437.378329131752,15.845488203689456,748.9853215161711,8012.894627854228
15438.540230803192,15.845488203689456,748.9853215161711,8013.7321247160435
15439.851315245032,15.850425893440843,749.0831480585039,8013.7321247160435
15440.632140832022,15.850425893440843,749.0831480585039,8014.224728791043
15440.700533339754,15.851927353069186,749.1322635896504,8014.224728791043
15441.639235207811,15.851927353069186,749.1322635896504,8014.903120484203
15441.74676435627,15.853474788367748,749.2210309244692,8014.903120484203
15442.544751884416,15.853474788367748,749.2210309244692,8015.463339082897
15442.652689861134,15.85505473613739,749.3041411191225,8015.463339082897
15443.805533377454,15.85505473613739,749.3041411191225,8016.200868526474
15445.081883320585,15.86016407981515,749.3983906377107,8016.200868526474
15446.077012401074,15.86016407981515,749.3983906377107,8016.66322575137
15446.2282902617,15.861756030470133,749.5193892978132,8016.66322575137
15446.935249621049,15.861756030470133,749.5193892978132,8017.127867171541
15447.091262947768,15.863281270489097,749.6607967894524,8017.127867171541
15447.942872308195,15.863281270489097,749.6607967894524,8017.699903525412
15448.069244837388,15.86478759907186,749.7572595272213,8017.699903525412
15448.876045826823,15.86478759907186,749.7572595272213,8018.168950313702
15449.784815952182,15.8696797080338,749.8292993716896,8018.168950313702
15450.531407739967,15.8696797080338,749.8292993716896,8018.718880869448
15450.609609207138,15.871268555521965,749.8947345167398,8018.718880869448
15451.538400037214,15.871268555521965,749.8947345167398,8019.267699064687
15451.670393776149,15.872909784317017,750.0138112138957,8019.267699064687
15452.438200289384,15.872909784317017,750.0138112138957,8019.703243076801
15452.5585841313,15.874446960166097,750.1246297825128,8019.703243076801
15453.355702044442,15.874446960166097,750.1246297825128,8020.365593617782
15454.327706987038,15.882941722869873,750.2345740552992,8020.365593617782
15455.147365229204,15.882941722869873,750.2345740552992,8020.936302579939
15455.22259750031,15.884437838569283,750.3001508638263,8020.936302579939
15456.138762623072,15.884437838569283,750.3001508638263,8021.508621212095
15456.227246465161,15.885929584503174,750.3613541629165,8021.508621212095
15457.16929759644,15.885929584503174,750.3613541629165,8022.110351374373
15457.298669571057,15.887462193146348,750.470179727301,8022.110351374373
15458.42797274515,15.887462193146348,750.470179727301,8022.871711941436
15459.17561498098,15.900123700499535,750.5146933346987,8022.871711941436
15459.779886990786,15.900123700499535,750.5146933346987,8023.163588471711
15459.873585049063,15.906484417617321,750.5893616974354,8023.163588471711
15460.818335779011,15.906484417617321,750.5893616974354,8023.7002293448895
15460.955687295645,15.908022398129106,750.7134642545134,8023.7002293448895
15461.817073466256,15.908022398129106,750.7134642545134,8024.299893781543
15461.99663435109,15.909590819850564,750.8835190366954,8024.299893781543
15462.863749703392,15.909590819850564,750.8835190366954,8024.814765110612
15463.834434702992,15.914563000202179,750.9438260812312,8024.814765110612
15464.526234008372,15.914563000202179,750.9438260812312,8025.280241245404
15464.62852469273,15.916277512907982,751.031530579552,8025.280241245404
15465.629279548302,15.916277512907982,751.031530579552,8025.949180107564
15465.782640255988,15.917853351682425,751.1308687385172,8025.949180107564
15466.579651771113,15.917853351682425,751.1308687385172,8026.492430601269
15466.753135994077,15.919346209615469,751.2760359980166,8026.492430601269
15467.811186889187,15.919346209615469,751.2760359980166,8027.06746924296
15468.740663971752,15.927295772358775,751.3441194929183,8027.06746924296
15469.68591933325,15.927295772358775,751.3441194929183,8027.713414477184
15469.837666623294,15.928807951509953,751.4864684827626,8027.713414477184
15470.917427150533,15.928807951509953,751.4864684827626,8028.465758733451
15471.000741001219,15.930731998756528,751.5319848097861,8028.465758733451
15472.018589995801,15.930731998756528,751.5319848097861,8029.21092495881
15472.140579527244,15.932251607999206,751.6410320661962,8029.21092495881
15473.026294378564,15.932251607999206,751.6410320661962,8029.822864627466
15474.005021275952,15.93728226609528,751.7518879957497,8029.822864627466
15474.814912833273,15.93728226609528,751.7518879957497,8030.40615526773
15474.877445936203,15.938760664314032,751.8014015015215,8030.40615526773
15475.656484937295,15.938760664314032,751.8014015015215,8030.859026383609
15475.882902448997,15.940290659666061,752.002286773175,8030.859026383609
15476.698991699144,15.940290659666061,752.002286773175,8031.429635703564
15476.799330068752,15.941872756928205,752.091914165765,8031.429635703564
15477.72749203816,15.941872756928205,752.091914165765,8032.0220151674
15478.597669769078,15.947203362360597,752.2036513015628,8032.0220151674
15479.677533550188,15.947203362360597,752.2036513015628,8032.843924624845
15479.835367012769,15.948699351400137,752.3489801958203,8032.843924624845
15480.734417464584,15.948699351400137,752.3489801958203,8033.427641555667
15480.792149560526,15.95012779533863,752.3943540900946,8033.427641555667
15481.511808495969,15.95012779533863,752.3943540900946,8033.958981895819
15481.642154168338,15.951597722247243,752.5131339747459,8033.958981895819
15482.724527904764,15.951597722247243,752.5131339747459,8034.553901966661
15484.018241763115,15.956862395629287,752.6661760378629,8034.553901966661
15484.927925320342,15.956862395629287,752.6661760378629,8035.200694838539
15485.024998839945,15.9584152828902,752.7302251104265,8035.200694838539
15485.898283956572,15.9584152828902,752.7302251104265,8035.565535059199
15486.147581577301,15.959963651373982,752.808774612844,8035.565535059199
15486.741338789463,15.959963651373982,752.808774612844,8035.887097029015
15486.813326962292,15.961384506896138,752.8655243907124,8035.887097029015
15487.674504021183,15.961384506896138,752.8655243907124,8036.251621315256
15489.483667004853,15.966211954131722,752.99332841672,8036.251621315256
15490.343709399924,15.966211954131722,752.99332841672,8036.789227301255
15490.476518187672,15.967739889398217,753.1086785476655,8036.789227301255
15491.568934328854,15.967739889398217,753.1086785476655,8037.163330104202
15491.90711478144,15.969658624380827,753.1859168168157,8037.163330104202
15492.961358418688,15.969658624380827,753.1859168168157,8037.505809461698
15493.043067000806,15.971197072416544,753.253947770223,8037.505809461698
15493.956687768921,15.971197072416544,753.253947770223,8037.820174168795
15495.821019362658,15.976183161139488,753.406336762011,8037.820174168795
15496.527046879753,15.976183161139488,753.406336762011,8038.290967673063
15496.677218873054,15.977719658985734,753.535955760628,8038.290967673063
15497.519756725058,15.977719658985734,753.535955760628,8038.808374591172
15497.61074665375,15.979292307049036,753.61617625691,8038.808374591172
15498.227731538936,15.979292307049036,753.61617625691,8039.260441863909
15498.37307218276,15.980975588783622,753.7354088369757,8039.260441863909
15499.539814323187,15.980975588783622,753.7354088369757,8039.643817275763
15502.13402537629,15.986196232959628,753.8178089484572,8039.643817275763
15503.04198740609,15.986196232959628,753.8178089484572,8039.932556400076
15503.176327681169,15.98771908134222,753.9327748846263,8039.932556400076
15503.758306760341,15.98771908134222,753.9327748846263,8040.223752079532
15503.84716165252,15.989217327907681,753.9991393294185,8040.223752079532
15504.489073868841,15.989217327907681,753.9991393294185,8040.485262399539
15504.551618821919,15.990814626216888,754.0503718983382,8040.485262399539
15505.0921072606,15.990814626216888,754.0503718983382,8040.778469912708
15506.27017695643,15.995672084391117,754.2572317607701,8040.778469912708
15507.563331758603,15.995672084391117,754.2572317607701,8041.653446884826
15507.679288510233,15.997207641601562,754.3409743085504,8041.653446884826
15508.445225236937,15.997207641601562,754.3409743085504,8041.972682412714
15508.554846752435,15.998760590329766,754.4308652672917,8041.972682412714
15509.202657856047,15.998760590329766,754.4308652672917,8042.4036884866655
15509.368778077886,16.00028588809073,754.578165948391,8042.4036884866655
15510.391643412411,16.00028588809073,754.578165948391,8043.089892335236
15511.222403200343,16.011199923232198,754.703334748745,8043.089892335236
15512.105298347771,16.011199923232198,754.703334748745,8043.702112684026
15512.265350328758,16.01278225146234,754.8537242654711,8043.702112684026
15513.493559556082,16.01278225146234,754.8537242654711,8044.402729943395
15513.590738646686,16.014444699510932,754.9286642540246,8044.402729943395
15514.60251402855,16.014444699510932,754.9286642540246,8045.0041349977255
15514.763266012073,16.015933284536004,755.063961558044,8045.0041349977255
15515.79864964448,16.015933284536004,755.063961558044,8045.535492531955
15516.83258116059,16.02073597162962,755.2786366511136,8045.535492531955
15517.88289835304,16.02073597162962,755.2786366511136,8046.217068877071
15518.135908579454,16.022252447903156,755.4961201753467,8046.217068877071
15519.271303191781,16.022252447903156,755.4961201753467,8047.154197664931
15519.4361442402,16.02401708997786,755.5776278842241,8047.154197664931
15520.305518222973,16.02401708997786,755.5776278842241,8047.638131529093
15520.365395618603,16.025594418868423,755.6246345043182,8047.638131529093
15521.38673677668,16.025594418868423,755.6246345043182,8048.348187729716
15522.538877904415,16.030416218563914,755.7572707477957,8048.348187729716
15523.201826544479,16.030416218563914,755.7572707477957,8048.828714350238
15523.285265496,16.031915936619043,755.8212684672326,8048.828714350238
15524.299196399748,16.031915936619043,755.8212684672326,8049.4409538805485
15524.50346259214,16.03346593491733,756.0038604605943,8049.4409538805485
15525.513864552602,16.03346593491733,756.0038604605943,8050.07412770018
15525.781205900013,16.034979501739144,756.2420816905797,8050.07412770018
15526.68334717676,16.034979501739144,756.2420816905797,8050.772944610566
15527.604905674234,16.045772286131978,756.3232151605189,8050.772944610566
15528.72450109385,16.045772286131978,756.3232151605189,8051.667378177866
15528.908559532836,16.04735855385661,756.4871167335659,8051.667378177866
15529.711096571758,16.04735855385661,756.4871167335659,8052.188155498356
15529.836067268625,16.04888147301972,756.5957386828959,8052.188155498356
15530.801565214992,16.04888147301972,756.5957386828959,8052.819303611293
15530.950891179964,16.05037293024361,756.7295212186873,8052.819303611293
15531.653850696981,16.05037293024361,756.7295212186873,8053.233803296462
15532.739410219714,16.055251030251384,756.882096933201,8053.233803296462
15533.955123392865,16.055251030251384,756.882096933201,8054.024310860783
15534.230303492397,16.05693863146007,757.0721117462963,8054.024310860783
15535.278997028247,16.05693863146007,757.0721117462963,8054.825705241412
15535.489356253296,16.05841615796089,757.2631697822362,8054.825705241412
15536.443785037845,16.05841615796089,757.2631697822362,8055.375622963533
15536.583308039233,16.059924894943833,757.3800989743322,8055.375622963533
15537.442998966202,16.059924894943833,757.3800989743322,8055.889330014586
15538.339180435985,16.069759784266353,757.4906764701009,8055.889330014586
15539.513207755983,16.069759784266353,757.4906764701009,8056.469218308106
15539.72739736922,16.07131771184504,757.6839057430625,8056.469218308106
15540.514492901042,16.07131771184504,757.6839057430625,8057.035501277074
15540.64596073702,16.07280842959881,757.8024109899998,8057.035501277074
15541.71324731782,16.07280842959881,757.8024109899998,8057.794156225398
15541.836169237271,16.07431524991989,757.9061159994453,8057.794156225398
15542.57624960877,16.07431524991989,757.9061159994453,8058.303592201322
15543.677760399878,16.07916944846511,758.1627355534583,8058.303592201322
15544.69426900521,16.07916944846511,758.1627355534583,8058.998478842899
15544.935925064608,16.080654695630074,758.3828289434314,8058.998478842899
15546.011131012812,16.080654695630074,758.3828289434314,8059.744266906753
15546.144834829494,16.08209971152246,758.5014547742903,8059.744266906753
15547.260699072853,16.08209971152246,758.5014547742903,8060.519495183602
15547.50128476508,16.084550036117435,758.7197271846235,8060.519495183602
15548.304268237203,16.084550036117435,758.7197271846235,8061.185239996761
15549.306235466152,16.091436728835106,758.764010027051,8061.185239996761
15550.169319136068,16.091436728835106,758.764010027051,8061.754076370969
15550.362060204148,16.093052739277482,758.9188402239233,8061.754076370969
15551.477580212057,16.093052739277482,758.9188402239233,8062.313102489337
15551.542982518673,16.09458528086543,758.965702733025,8062.313102489337
15552.570891298354,16.09458528086543,758.965702733025,8062.827633989975
15552.64107433334,16.096070148050785,759.0111502856016,8062.827633989975
15553.599874189124,16.096070148050785,759.0111502856016,8063.144295303151
15556.419975221157,16.10113043896854,759.112195128575,8063.144295303151
15557.196954581887,16.10113043896854,759.112195128575,8063.506777279079
15557.424602430314,16.102790819481015,759.3130690418184,8063.506777279079
15558.431960487738,16.102790819481015,759.3130690418184,8063.897996995598
15558.584562787786,16.104258434846997,759.4399749133736,8063.897996995598
15559.78712117672,16.104258434846997,759.4399749133736,8064.6761583685875
15560.022380271927,16.105811942368746,759.6385267246515,8064.6761583685875
15560.88092776388,16.105811942368746,759.6385267246515,8065.314984854311
15561.937996564433,16.110775783658028,759.8127545043826,8065.314984854311
15563.201916007325,16.110775783658028,759.8127545043826,8066.216424901038
15563.428569769487,16.112267218530178,759.9982767198235,8066.216424901038
15564.280722063035,16.112267218530178,759.9982767198235,8066.8678954951465
15564.342460611835,16.113829635083675,760.0506484284997,8066.8678954951465
15565.557964896783,16.113829635083675,760.0506484284997,8067.575647480786
15565.674183344468,16.117178965359926,760.1467198897153,8067.575647480786
15566.895786160603,16.117178965359926,760.1467198897153,8068.3008295129985
15568.334334213287,16.122106675058603,760.235918816179,8068.3008295129985
15569.201012279838,16.122106675058603,760.235918816179,8068.695888249204
15569.362482668832,16.12614264898002,760.3800782598555,8068.695888249204
15570.261993123218,16.12614264898002,760.3800782598555,8069.241231080145
15570.445135025308,16.127773441374302,760.5278724208474,8069.241231080145
15571.772901587188,16.127773441374302,760.5278724208474,8070.0788989719
15571.977876683697,16.129270819947124,760.6156371217221,8070.0788989719
15573.075499491766,16.129270819947124,760.6156371217221,8070.713203646243
15574.154159365222,16.134175376966596,760.7235820572823,8070.713203646243
15575.122904935852,16.134175376966596,760.7235820572823,8071.48255844973
15575.198565669358,16.135670203715563,760.7854798492044,8071.48255844973
15575.669970881194,16.135670203715563,760.7854798492044,8071.815470250323
15575.778805892915,16.137179860845208,760.878824390471,8071.815470250323
15576.556961135939,16.137179860845208,760.878824390471,8072.170736353844
15576.809401337057,16.138795271515846,761.0716701094061,8072.170736353844
15577.68514846079,16.138795271515846,761.0716701094061,8072.730466414243
15578.639669883996,16.149012982845306,761.1503167450428,8072.730466414243
15579.869286386296,16.149012982845306,761.1503167450428,8073.4316133111715
15580.017287669703,16.15054983086884,761.2264327872545,8073.4316133111715
15581.021955111995,16.15054983086884,761.2264327872545,8074.023810913786
15581.171919804066,16.152593387290835,761.3464179057628,8074.023810913786
15582.21534312889,16.152593387290835,761.3464179057628,8074.779402960092
15582.346761193126,16.154100703075528,761.4600363578647,8074.779402960092
15583.142764411867,16.154100703075528,761.4600363578647,8075.298484627157
15584.197614476085,16.15899819135666,761.6592023894191,8075.298484627157
15585.114343054593,16.15899819135666,761.6592023894191,8076.025616906583
15585.221520558,16.16050503961742,761.7430151496083,8076.025616906583
15586.32396770455,16.16050503961742,761.7430151496083,8076.800637744367
15586.533631939441,16.168552426621318,761.916438985616,8076.800637744367
15587.514847297221,16.168552426621318,761.916438985616,8077.40265837498
15587.77837706916,16.17013693600893,762.1326910182834,8077.40265837498
15588.830182107165,16.17013693600893,762.1326910182834,8078.167218444869
15589.777901789173,16.175038816407323,762.2684657219797,8078.167218444869
15590.954559961334,16.175038816407323,762.2684657219797,8078.824329195544
15591.064862022176,16.17657608538866,762.3643804918975,8078.824329195544
15591.811175260693,16.17657608538866,762.3643804918975,8079.380785187706
15591.917828824371,16.178105233237147,762.4515892639756,8079.380785187706
15592.595420306548,16.178105233237147,762.4515892639756,8079.817611860111
15592.688787488267,16.17961924150586,762.5309020746499,8079.817611860111
15593.726974122226,16.17961924150586,762.5309020746499,8080.5247763209045
15594.826627589762,16.184501007199287,762.6569445822388,8080.5247763209045
15595.767942477018,16.184501007199287,762.6569445822388,8081.217740410939
15595.902116268873,16.18607037514448,762.7736300807446,8081.217740410939
15596.709656517953,16.18607037514448,762.7736300807446,8081.766418116167
15596.86405470781,16.187541091814637,762.9122493863106,8081.766418116167
15597.453581172973,16.187541091814637,762.9122493863106,8082.121870212257
15597.572854876518,16.18905347213149,763.0175622180104,8082.121870212257
15598.5848659873,16.18905347213149,763.0175622180104,8082.736092096195
15599.52910627611,16.19797378592193,763.1129576992244,8082.736092096195
15600.45765966922,16.19797378592193,763.1129576992244,8083.4800992533565
15600.605271697044,16.199525114148855,763.2447970099747,8083.4800992533565
15601.728862350807,16.199525114148855,763.2447970099747,8084.299141952768
15601.858309080824,16.20117554627359,763.3286040201783,8084.299141952768
15602.67639712058,16.20117554627359,763.3286040201783,8084.843296773732
15602.821201356128,16.202673783525825,763.4497944582254,8084.843296773732
15603.502524117008,16.202673783525825,763.4497944582254,8085.349945712835
15604.8039271757,16.225989256054163,763.5657737944275,8085.349945712835
15605.59214759618,16.225989256054163,763.5657737944275,8085.797797666863
15605.79681394808,16.22747927159071,763.7386597692966,8085.797797666863
15606.772107733414,16.22747927159071,763.7386597692966,8086.441159998998
15606.945664109662,16.229049248620868,763.8996115624905,8086.441159998998
15607.554244833067,16.229049248620868,763.8996115624905,8086.895355379209
15607.61315392889,16.230535674840212,763.9455259237438,8086.895355379209
15608.197471851483,16.230535674840212,763.9455259237438,8087.228607002646
15611.668324008584,16.235439056530595,764.1525878291577,8087.228607002646
15612.436883542687,16.235439056530595,764.1525878291577,8087.744414070621
15612.631991771981,16.237137665972114,764.2771254181862,8087.744414070621
15613.529532795772,16.237137665972114,764.2771254181862,8088.3077540602535
15613.600871080533,16.238629141822457,764.3379149511456,8088.3077540602535
15615.012863496318,16.238629141822457,764.3379149511456,8088.905813571066
15615.094974976033,16.24033851362765,764.40308047086,8088.905813571066
15616.040517741814,16.24033851362765,764.40308047086,8089.305156486109
15618.711117764935,16.24541211873293,764.447323532775,8089.305156486109
15619.89594701305,16.24541211873293,764.447323532775,8089.78325279057
15620.032687053084,16.247109338641167,764.4964801650494,8089.78325279057
15621.477876082063,16.247109338641167,764.4964801650494,8090.592988122255
15621.535185553133,16.248600013554096,764.5432492345572,8090.592988122255
15622.24632415548,16.248600013554096,764.5432492345572,8091.033934881911
15622.545232318342,16.250186391174793,764.6845472361892,8091.033934881911
15624.54367650859,16.250186391174793,764.6845472361892,8091.674824200571
15626.433490976691,16.25515635125339,764.7284663338214,8091.674824200571
15627.120573092252,16.25515635125339,764.7284663338214,8092.10660405457
15627.459825899452,16.256859000772238,764.8694227132946,8092.10660405457
15628.516436381266,16.256859000772238,764.8694227132946,8092.685178462416
15628.644100677222,16.258452977985144,764.9692616444081,8092.685178462416
15629.687496935949,16.258452977985144,764.9692616444081,8093.401278387755
15630.008611904457,16.260262940078974,765.0363220591098,8093.401278387755
15630.64807747677,16.260262940078974,765.0363220591098,8093.779147563502
15632.648797689006,16.266209127381444,765.0963191557676,8093.779147563502
15633.667611464858,16.266209127381444,765.0963191557676,8094.359288670123
15633.892822060734,16.267764994874597,765.2985288240016,8094.359288670123
15634.57628118433,16.267764994874597,765.2985288240016,8094.748340759426
15634.867580078542,16.269464258104563,765.4585254583508,8094.748340759426
15635.553926711902,16.269464258104563,765.4585254583508,8095.194329682738
15635.717426881194,16.2710626963526,765.6125541031361,8095.194329682738
15636.540870931,16.2710626963526,765.6125541031361,8095.8768475893885
15637.765728086233,16.275958344340324,765.6798214931041,8095.8768475893885
15638.95830751583,16.275958344340324,765.6798214931041,8096.831724314019
15639.082180412486,16.27752003259957,765.7837281879038,8096.831724314019
15639.851292321458,16.27752003259957,765.7837281879038,8097.354279438034
15640.083690496162,16.27901777997613,765.9923439342529,8097.354279438034
15640.733896844089,16.27901777997613,765.9923439342529,8097.774698568508
15640.969468640164,16.280515529215336,766.2141646370292,8097.774698568508
15641.758309813216,16.280515529215336,766.2141646370292,8098.272131076083
15643.040091251954,16.288978772237897,766.2984620667994,8098.272131076083
15644.00300008431,16.288978772237897,766.2984620667994,8098.942248335108
15644.181178787723,16.290620552375913,766.4637567866594,8098.942248335108
15645.121165106073,16.290620552375913,766.4637567866594,8099.549991253763
15645.341984944418,16.292144438251853,766.6598238423467,8099.549991253763
15646.355477385223,16.292144438251853,766.6598238423467,8100.242759305984
15646.595712251961,16.293691655620933,766.8833333067596,8100.242759305984
15647.636732883751,16.293691655620933,766.8833333067596,8100.878227239475
15648.935352090746,16.298524951562285,767.0289863403887,8100.878227239475
15650.015398887917,16.298524951562285,767.0289863403887,8101.510622622445
15650.285603422672,16.30015993118286,767.2693976722658,8101.510622622445
15651.331525444984,16.30015993118286,767.2693976722658,8102.194931123406
15651.635860385373,16.30171449109912,767.5371745806187,8102.194931123406
15652.388566115871,16.30171449109912,767.5371745806187,8102.718267891556
15652.471636392176,16.303228119388223,767.6033513601869,8102.718267891556
15653.442812167108,16.303228119388223,767.6033513601869,8103.374912187457
15654.494352281094,16.308454625308514,767.6962696854025,8103.374912187457
15655.606968721375,16.308454625308514,767.6962696854025,8104.151630960405
15655.74920695275,16.310040144249797,767.8068790324032,8104.151630960405
15656.670620271936,16.310040144249797,767.8068790324032,8104.904017874971
15656.78507912904,16.313970053568482,767.9062879048288,8104.904017874971
15657.87631666474,16.313970053568482,767.9062879048288,8105.685514267534
15658.012783760205,16.31538924947381,768.025714782998,8105.685514267534
15658.837383424863,16.31538924947381,768.025714782998,8106.303072715178
15659.743902644143,16.343256594613194,768.1888318043202,8106.303072715178
15660.533246479928,16.343256594613194,768.1888318043202,8106.823766702786
15660.666118472815,16.344850284978747,768.3124170470983,8106.823766702786
15661.523383941501,16.344850284978747,768.3124170470983,8107.4320553429425
15661.629494955763,16.346419302746654,768.4059806745499,8107.4320553429425
15662.518216611817,16.346419302746654,768.4059806745499,8107.970158288255
15662.7217703294,16.34803695231676,768.5935933981091,8107.970158288255
15663.73573690094,16.34803695231676,768.5935933981091,8108.728096734732
15664.58072867617,16.35289627313614,768.679919892922,8108.728096734732
15665.64140091464,16.35289627313614,768.679919892922,8109.564365923405
15665.788174528629,16.354591503739357,768.7966050114483,8109.564365923405
15666.774708373472,16.354591503739357,768.7966050114483,8110.200850175694
15666.945039551705,16.356064340099692,768.95769312419,8110.200850175694
15667.873213408515,16.356064340099692,768.95769312419,8110.870519369841
15668.002998054028,16.35761378891766,769.0612538848072,8110.870519369841
15668.899486117065,16.35761378891766,769.0612538848072,8111.316554846242
15669.64268212393,16.362172981724143,769.181887473911,8111.316554846242
15670.413253897801,16.362172981724143,769.181887473911,8111.905564425513
15670.539554340765,16.363693349063396,769.2885663602501,8111.905564425513
15671.559903940186,16.363693349063396,769.2885663602501,8112.498060308397
15671.720374200493,16.365137353539467,769.4273152779788,8112.498060308397
15672.906427996233,16.365137353539467,769.4273152779788,8113.232961028814
15673.033096926287,16.366677463054657,769.5447934418917,8113.232961028814
15673.86802517064,16.366677463054657,769.5447934418917,8113.714057570323
15674.998359763995,16.371582090854645,769.6880533024669,8113.714057570323
15675.868721961975,16.371582090854645,769.6880533024669,8114.312212355435
15676.021194141358,16.373111529275775,769.8244394101202,8114.312212355435
15677.155948525295,16.373111529275775,769.8244394101202,8115.063251323998
15677.265876160935,16.37456318549812,769.9221141710877,8115.063251323998
15678.362952891737,16.37456318549812,769.9221141710877,8115.701349265873
15678.585087845102,16.37618595547974,770.0462374649942,8115.701349265873
15679.45405566506,16.37618595547974,770.0462374649942,8116.0753861144185
15682.84316845797,16.381261575967073,770.1111424341798,8116.0753861144185
15683.987802155316,16.381261575967073,770.1111424341798,8116.394380295649
15684.245937980711,16.382816756144166,770.1675413381308,8116.394380295649
15685.17623121664,16.382816756144166,770.1675413381308,8116.629541803151
15685.298497235402,16.384408565238118,770.2745711319149,8116.629541803151
15686.315625144169,16.384408565238118,770.2745711319149,8117.273826586083
15686.384779211134,16.38729856722057,770.3318351916969,8117.273826586083
15687.119033647701,16.38729856722057,770.3318351916969,8117.7116033528
15688.385360432789,16.394546069204807,770.3906974904239,8117.7116033528
15689.60315701738,16.394546069204807,770.3906974904239,8118.522902539
15689.705104649067,16.396140057593584,770.4750700294971,8118.522902539
15690.607938395813,16.396140057593584,770.4750700294971,8118.976126108319
15690.689278451726,16.39788576774299,770.5295153073967,8118.976126108319
15691.984639745206,16.39788576774299,770.5295153073967,8119.8337866496295
15692.170205332339,16.399377174675465,770.6481758095324,8119.8337866496295
15693.390344887972,16.399377174675465,770.6481758095324,8120.503020057455
15695.465321684256,16.404271783307195,770.7216225340962,8120.503020057455
15696.226574122906,16.404271783307195,770.7216225340962,8120.903264293447
15696.303889457136,16.405857790261507,770.779511095956,8120.903264293447
15697.54682646878,16.405857790261507,770.779511095956,8121.778398500755
15697.77484420687,16.409874703735113,770.9481955785304,8121.778398500755
15698.766442516819,16.409874703735113,770.9481955785304,8122.264288028702
15698.964318828657,16.41140791028738,771.1164349745959,8122.264288028702
15700.083457332104,16.41140791028738,771.1164349745959,8122.83110309951
15701.226349618286,16.416539615020156,771.2657589446753,8122.83110309951
15702.173503180966,16.416539615020156,771.2657589446753,8123.469461359084
15702.385551029816,16.418111983686686,771.3615838233382,8123.469461359084
15703.359196454287,16.418111983686686,771.3615838233382,8124.008719297126
15703.433661816642,16.419601229950786,771.4202483799309,8124.008719297126
15704.208158677444,16.419601229950786,771.4202483799309,8124.586495893076
15704.458229724318,16.421163776889443,771.6433300469071,8124.586495893076
15705.68834492378,16.421163776889443,771.6433300469071,8125.318423178047
15707.361734161153,16.42611028626561,771.7120342645794,8125.318423178047
15708.4033421278,16.42611028626561,771.7120342645794,8126.020515574142
15708.582956399769,16.427601411938667,771.879921162501,8126.020515574142
15709.551352068782,16.427601411938667,771.879921162501,8126.563680775464
15709.807635271922,16.429203251376748,772.0378285087645,8126.563680775464
15710.946173200384,16.429203251376748,772.0378285087645,8127.262488562614
15711.022084947675,16.430634500458837,772.0986701715738,8127.262488562614
15711.866505447775,16.430634500458837,772.0986701715738,8127.73331126757
15714.862744741142,16.435806706547737,772.1880696546286,8127.73331126757
15715.611036352813,16.435806706547737,772.1880696546286,8128.08785373345
15715.893782077357,16.437336871400476,772.3603810817003,8128.08785373345
15716.577311975881,16.437336871400476,772.3603810817003,8128.462631298229
15716.649689801037,16.439089631661773,772.4133261125535,8128.462631298229
15717.71973072365,16.439089631661773,772.4133261125535,8129.189283549786
15717.89692151174,16.440644709393382,772.4956693276763,8129.189283549786
15718.68071139045,16.440644709393382,772.4956693276763,8129.643782341853
15720.17028241232,16.449482088908553,772.5402714665979,8129.643782341853
15720.968695657328,16.449482088908553,772.5402714665979,8130.105001345277
15721.065646955743,16.451048888266087,772.601141050458,8130.105001345277
15722.285559944808,16.451048888266087,772.601141050458,8130.961595635861
15722.452434511855,16.452566757798195,772.7582611516118,8130.961595635861
15723.283981269225,16.452566757798195,772.7582611516118,8131.322355335578
15723.417341751978,16.454136358574033,772.8571180980653,8131.322355335578
15723.979788232595,16.454136358574033,772.8571180980653,8131.672647666186
15725.159373676404,16.461645094677806,772.9104027673602,8131.672647666186
15725.776087293401,16.461645094677806,772.9104027673602,8132.00362364389
15725.924995485693,16.463261922821403,773.0219918526709,8132.00362364389
15726.758925156668,16.463261922821403,773.0219918526709,8132.559607269242
15726.974288927391,16.46599338389933,773.2104893233627,8132.559607269242
15728.06932025589,16.46599338389933,773.2104893233627,8133.337928740308
15728.209529781714,16.46747207827866,773.3411294557154,8133.337928740308
15729.194217149168,16.46747207827866,773.3411294557154,8133.946172771975
15730.434256222099,16.472272984683514,773.3923554550856,8133.946172771975
15731.3479921408,16.472272984683514,773.3923554550856,8134.341467449442
15731.62451087311,16.474036876112223,773.5855481419712,8134.341467449442
15732.310957044363,16.474036876112223,773.5855481419712,8134.765276804566
15732.538383144885,16.475565934553742,773.7474033012986,8134.765276804566
15733.941021637991,16.475565934553742,773.7474033012986,8135.6820882912725
15734.146924488246,16.477074153721333,773.9288399964571,8135.6820882912725
15735.10702562891,16.477074153721333,773.9288399964571,8136.274353776127
15736.623902957886,16.492306400090456,774.0475767217577,8136.274353776127
15737.444989176467,16.492306400090456,774.0475767217577,8136.7286709956825
15737.607666067779,16.493891527876258,774.1927277855575,8136.7286709956825
15738.620215352625,16.493891527876258,774.1927277855575,8137.274637820199
15738.75379151851,16.49549558572471,774.313898626715,8137.274637820199
15739.612991899252,16.49549558572471,774.313898626715,8137.771375887096
15739.737237052992,16.49707393348217,774.3707513492554,8137.771375887096
15740.853790037334,16.49707393348217,774.3707513492554,8138.3956112116575
15742.453116964549,16.50897707976401,774.452100507915,8138.3956112116575
15743.616305172443,16.50897707976401,774.452100507915,8138.977841662243
15743.682615028694,16.51046808809042,774.5046146214008,8138.977841662243
15744.616976423189,16.51046808809042,774.5046146214008,8139.346821662039
15744.740547336638,16.51210599951446,774.6126249432564,8139.346821662039
15745.650737101212,16.51210599951446,774.6126249432564,8139.765877889469
15745.829266443849,16.513605585321784,774.7731571588665,8139.765877889469
15747.250406347215,16.513605585321784,774.7731571588665,8140.54164313525
15750.28428055346,16.51868688687682,774.8215823862702,8140.54164313525
15750.938390968367,16.51868688687682,774.8215823862702,8140.848541317508
15751.019222147763,16.52032778598368,774.8832107950002,8140.848541317508
15751.69822883606,16.52032778598368,774.8832107950002,8141.160062873736
15751.789130656049,16.52177946269512,774.9646750725806,8141.160062873736
15752.398707574233,16.52177946269512,774.9646750725806,8141.533323060721
15752.513660261407,16.523275760933757,775.0534855276346,8141.533323060721
15753.794344997033,16.523275760933757,775.0534855276346,8142.498845342547
15755.411748925224,16.5304951723665,775.1375717949122,8142.498845342547
15756.37055394426,16.5304951723665,775.1375717949122,8142.79300911352
15756.45393118821,16.53197672776878,775.2044936716557,8142.79300911352
15756.973742963746,16.53197672776878,775.2044936716557,8143.088506510481
15757.299386868253,16.534031385555863,775.2910646703094,8143.088506510481
15758.318453073502,16.534031385555863,775.2910646703094,8143.415158420801
15758.400036955252,16.550332410261035,775.3370084278286,8143.415158420801
15759.434379244223,16.550332410261035,775.3370084278286,8143.913733314723
15761.666430884972,16.55518751963973,775.5276108682156,8143.913733314723
15762.737472845241,16.55518751963973,775.5276108682156,8144.302818858996
15762.808330111206,16.55675761960447,775.58830405958,8144.302818858996
15763.467355187982,16.55675761960447,775.58830405958,8144.646271027625
15763.585343560204,16.558456430211663,775.6796253789216,8144.646271027625
15764.299720153213,16.558456430211663,775.6796253789216,8145.117107437924
15764.399940440431,16.56011427938938,775.7563066110015,8145.117107437924
15765.709761116654,16.56011427938938,775.7563066110015,8145.907172093168
15768.312069429085,16.571936456486583,775.89034072496,8145.907172093168
15769.130663083866,16.571936456486583,775.89034072496,8146.349225671962
15769.370080953464,16.573574317619205,775.9884980283678,8146.349225671962
15770.236456334591,16.573574317619205,775.9884980283678,8146.891047220677
15770.625685863197,16.575278606265783,776.088984252885,8146.891047220677
15771.229702340439,16.575278606265783,776.088984252885,8147.233562329784
15771.49592191726,16.57687309384346,776.1369565036148,8147.233562329784
15772.23953717947,16.57687309384346,776.1369565036148,8147.664053205401
15774.774135865271,16.581855595111847,776.2161195930094,8147.664053205401
15775.848455492407,16.581855595111847,776.2161195930094,8148.039695546031
15775.979662567377,16.583969494327903,776.317672945559,8148.039695546031
15776.819732420146,16.583969494327903,776.317672945559,8148.344190618023
15777.034874698147,16.589341362938285,776.3763040713966,8148.344190618023
15777.633247153834,16.589341362938285,776.3763040713966,8148.634917328134
15777.783666586503,16.590896271169186,776.5019720047712,8148.634917328134
15778.726914055645,16.590896271169186,776.5019720047712,8148.937327839434
15781.371015112847,16.595704667270184,776.546243969351,8148.937327839434
15782.501043936238,16.595704667270184,776.546243969351,8149.665891710669
15782.589088484645,16.597169443964958,776.6189052388072,8149.665891710669
15783.633285509422,16.597169443964958,776.6189052388072,8150.128704195842
15783.807757396251,16.59874638170004,776.7694601435214,8150.128704195842
15784.514609262347,16.59874638170004,776.7694601435214,8150.511130191386
15784.616613473743,16.600273748859763,776.8569222036749,8150.511130191386
15785.370839700103,16.600273748859763,776.8569222036749,8150.955271447077
15787.780155224726,16.605128705501556,776.9603816624731,8150.955271447077
15788.598320044577,16.605128705501556,776.9603816624731,8151.414355993271
15788.708380293101,16.606608713045716,777.0540430247784,8151.414355993271
15789.307430541143,16.606608713045716,777.0540430247784,8151.806939553469
15789.40020492673,16.608094669878483,777.126386160031,8151.806939553469
15790.23741589114,16.608094669878483,777.126386160031,8152.457354735583
15790.399999633431,16.609702536836267,777.2135070320219,8152.457354735583
15791.024928862229,16.609702536836267,777.2135070320219,8152.7610915433615
15792.850457336754,16.61965275928378,777.3112730775028,8152.7610915433615
15793.794549340382,16.61965275928378,777.3112730775028,8153.338436929509
15794.071253826842,16.621226627379656,777.4963788874447,8153.338436929509
15795.048435645178,16.621226627379656,777.4963788874447,8153.895647469908
15795.194046188146,16.622756512835622,777.6171637717634,8153.895647469908
15796.375595856458,16.622756512835622,777.6171637717634,8154.756917241961
15796.570071576163,16.62436300329864,777.7582155447453,8154.756917241961
15797.798848712817,16.62436300329864,777.7582155447453,8155.469705635682
15800.142057908699,16.63734195008874,777.8959792666137,8155.469705635682
15801.259736478329,16.63734195008874,777.8959792666137,8156.214434051886
15801.375491252169,16.641931924968958,777.9967272449285,8156.214434051886
15802.562432097271,16.641931924968958,777.9967272449285,8157.0509692542255
15802.670383399352,16.643510764464736,778.0866327378899,8157.0509692542255
15803.623277025297,16.643510764464736,778.0866327378899,8157.532541161403
15803.73694122769,16.645063281059265,778.1757505591959,8157.532541161403
15804.4237920437,16.645063281059265,778.1757505591959,8157.833190223202
15807.09945516847,16.65001899935305,778.2483585681766,8157.833190223202
15808.131585095078,16.65001899935305,778.2483585681766,8158.464395638555
15808.228119628504,16.651510186493397,778.3027994986624,8158.464395638555
15809.16206723079,16.651510186493397,778.3027994986624,8158.902267031372
15809.237644532695,16.652978595346212,778.3635288700461,8158.902267031372
15810.01875208132,16.652978595346212,778.3635288700461,8159.285140288994
15810.108589272946,16.669343002140522,778.4173812586814,8159.285140288994
15811.01780689694,16.669343002140522,778.4173812586814,8159.622298410162
15813.381550546736,16.67428357154131,778.5077294688672,8159.622298410162
15814.270712736994,16.67428357154131,778.5077294688672,8159.929394418374
15814.339428214356,16.67590686120093,778.5522994082421,8159.929394418374
15815.003330113366,16.67590686120093,778.5522994082421,8160.272461889312
15815.254203820601,16.677548902109265,778.6428950149566,8160.272461889312
15816.0966209881,16.677548902109265,778.6428950149566,8160.579271571711
15816.16536796838,16.6791287381202,778.6978648323566,8160.579271571711
15816.732163812965,16.6791287381202,778.6978648323566,8160.890198171139
15819.59961694479,16.684335701167583,778.8701318912208,8160.890198171139
15820.932215489447,16.684335701167583,778.8701318912208,8161.448219347745
15820.997435731813,16.685830457136035,778.9224730730057,8161.448219347745
15822.446960341185,16.685830457136035,778.9224730730057,8161.968192312866
15822.658739238977,16.687306871637702,779.1060282271355,8161.968192312866
15823.355543214828,16.687306871637702,779.1060282271355,8162.391378171742
15823.595559764653,16.69278873130679,779.1836388669908,8162.391378171742
15824.227917419747,16.69278873130679,779.1836388669908,8162.646973133087
15827.119696045294,16.698973804712296,779.2323390785605,8162.646973133087
15828.12561423704,16.698973804712296,779.2323390785605,8163.24205664359
15828.249602269381,16.70054991543293,779.3414537701756,8163.24205664359
15829.54939273931,16.70054991543293,779.3414537701756,8164.0132538396865
15829.685698991641,16.703117184340954,779.3964540101588,8164.0132538396865
15830.381262168288,16.703117184340954,779.3964540101588,8164.322703130543
15830.644085982814,16.705941796302795,779.4683253727853,8164.322703130543
15831.41692841053,16.705941796302795,779.4683253727853,8164.634049016982
15833.928826186806,16.719975659623742,779.6624439507723,8164.634049016982
15834.92283885181,16.719975659623742,779.6624439507723,8165.097088906914
15835.126750135794,16.72159281000495,779.8352754823864,8165.097088906914
15836.034019146115,16.72159281000495,779.8352754823864,8165.650059700012
15836.127692356706,16.72322435118258,779.9099127873778,8165.650059700012
15837.306228185073,16.72322435118258,779.9099127873778,8166.564713025466
15837.43983756192,16.7249440215528,780.02513410151,8166.564713025466
15838.447232721373,16.7249440215528,780.02513410151,8167.05250021629
15839.737025460228,16.729842389002442,780.162917746231,8167.05250021629
15840.54101693444,16.729842389002442,780.162917746231,8167.502012830228
15840.712272694334,16.731459729373455,780.3199903182685,8167.502012830228
15842.621966134757,16.731459729373455,780.3199903182685,8168.223871681839
15842.717480048537,16.732968477532268,780.4025065954775,8168.223871681839
15843.656430823728,16.732968477532268,780.4025065954775,8168.846268678084
15843.724335961044,16.73454647883773,780.460731362924,8168.846268678084
15844.652341296896,16.73454647883773,780.460731362924,8169.228135876358
15847.223577952012,16.7498069871217,780.5797522626817,8169.228135876358
15847.867016781121,16.7498069871217,780.5797522626817,8169.520197832957
15848.133578663692,16.751488476991653,780.7488851547241,8169.520197832957
15849.512825017795,16.751488476991653,780.7488851547241,8170.10272936523
15849.661323346198,16.75306266732514,780.8669423107058,8170.10272936523
15850.986660093069,16.75306266732514,780.8669423107058,8170.581697205082
15851.075518757105,16.754667554050684,780.945632411167,8170.581697205082
15851.77022078447,16.754667554050684,780.945632411167,8170.866359777749
15853.458652855828,16.759730886667967,781.1071384139359,8170.866359777749
15854.335161561146,16.759730886667967,781.1071384139359,8171.221307566389
15854.418674286455,16.76131798699498,781.1701122373343,8171.221307566389
15855.312470892444,16.76131798699498,781.1701122373343,8171.708666779101
15855.612650075927,16.762969505041838,781.3518473692238,8171.708666779101
15856.29895109497,16.762969505041838,781.3518473692238,8172.034322055057
15856.431501232088,16.769484354183078,781.4527752716094,8172.034322055057
15857.114122003317,16.769484354183078,781.4527752716094,8172.301291253418
15859.821031976491,16.774463085457683,781.5552720744163,8172.301291253418
15861.059406904504,16.774463085457683,781.5552720744163,8172.96957093291
15861.26269832626,16.776019413024187,781.7483578529209,8172.96957093291
15862.306734552607,16.776019413024187,781.7483578529209,8173.625554878265
15862.461746769026,16.777605533599854,781.857534037903,8173.625554878265
15863.395610203966,16.777605533599854,781.857534037903,8174.225999617949
15863.533377716318,16.779242934659123,781.9828592166305,8174.225999617949
15864.477104621008,16.779242934659123,781.9828592166305,8174.880638770759
15866.303978888318,16.7842002119869,782.1096772197634,8174.880638770759
15867.301812365651,16.7842002119869,782.1096772197634,8175.555489499122
15867.518738588318,16.78591218404472,782.235362963751,8175.555489499122
15868.134055117145,16.78591218404472,782.235362963751,8175.989899422973
15868.368543095887,16.787690663710237,782.3664047271013,8175.989899422973
15869.52703984268,16.787690663710237,782.3664047271013,8176.62308690697
15869.94682505913,16.789327930659056,782.6119234859943,8176.62308690697
15870.818552637473,16.789327930659056,782.6119234859943,8177.247756147757
15873.021053718403,16.794339252635837,782.8139713164419,8177.247756147757
15874.149895977229,16.794339252635837,782.8139713164419,8177.872786862776
15874.277742829174,16.795942705124617,782.9234765265137,8177.872786862776
15875.263210263103,16.795942705124617,782.9234765265137,8178.3798320144415
15875.474710583687,16.797568894922733,783.0954934321344,8178.3798320144415
15876.633214943111,16.797568894922733,783.0954934321344,8178.741915123537
15877.004355235025,16.800577457994223,783.2235379591584,8178.741915123537
15877.793839618564,16.800577457994223,783.2235379591584,8179.158137105405
15881.268558796495,16.817673157900572,783.3674344345927,8179.158137105405
15882.065812760964,16.817673157900572,783.3674344345927,8179.578849429265
15882.399834647775,16.819474982097745,783.4918872453272,8179.578849429265
15883.357735132799,16.819474982097745,783.4918872453272,8180.147786345333
15883.739626420662,16.821103028953075,783.6313429083675,8180.147786345333
15884.575653420761,16.821103028953075,783.6313429083675,8180.678355995566
15884.718802681193,16.822687217965722,783.7618315890431,8180.678355995566
15885.46406660974,16.822687217965722,783.7618315890431,8181.140790488571
15886.63040450029,16.830943319946527,783.8326184861362,8181.140790488571
15887.647297997028,16.830943319946527,783.8326184861362,8181.874369695783
15887.780210180208,16.832574918866158,783.9431647267193,8181.874369695783
15888.793158914894,16.832574918866158,783.9431647267193,8182.590097300708
15888.94851331599,16.834507225081325,784.0616365466267,8182.590097300708
15890.156113656238,16.834507225081325,784.0616365466267,8183.306594345719
15890.411923334002,16.83632070571184,784.2958286218345,8183.306594345719
15891.265652496368,16.83632070571184,784.2958286218345,8183.900880953297
15892.242358211428,16.848367303609848,784.3892692700028,8183.900880953297
15893.601348320022,16.848367303609848,784.3892692700028,8184.7438636589795
15893.870022492483,16.849976694211364,784.6256465855986,8184.7438636589795
15895.074855132028,16.849976694211364,784.6256465855986,8185.545678259805
15895.298286132514,16.851662933826447,784.8125783018768,8185.545678259805
15896.027604654431,16.851662933826447,784.8125783018768,8185.977257501334
15896.133127080277,16.854637438431382,784.9006979633123,8185.977257501334
15896.684832395986,16.854637438431382,784.9006979633123,8186.3631290290505
15898.16909963265,16.859777184203267,785.0473526399583,8186.3631290290505
15899.129541473463,16.859777184203267,785.0473526399583,8186.971385050565
15899.239036612213,16.86141307465732,785.1382524520159,8186.971385050565
15900.475893065333,16.86141307465732,785.1382524520159,8187.771024757996
15900.729361150414,16.863037643954158,785.3793398905545,8187.771024757996
15901.726945646107,16.863037643954158,785.3793398905545,8188.428222270682
15901.887206688523,16.864608265459538,785.5243291351944,8188.428222270682
15902.77018354088,16.864608265459538,785.5243291351944,8188.931652368978
15904.141285223886,16.87464850395918,785.6462044306099,8188.931652368978
15905.153923122212,16.87464850395918,785.6462044306099,8189.703677777201
15905.4665612448,16.876459676772356,785.872926691547,8189.703677777201
15906.421354619786,16.876459676772356,785.872926691547,8190.343024436384
15906.567706361413,16.878110505640507,785.9949276074767,8190.343024436384
15907.755175646394,16.878110505640507,785.9949276074767,8191.106881074607
15907.980065071955,16.879701213911176,786.2015863321722,8191.106881074607
15908.945148196071,16.879701213911176,786.2015863321722,8191.685666931793
15910.397217379883,16.884841289371252,786.3281133193523,8191.685666931793
15911.605090769008,16.884841289371252,786.3281133193523,8192.554699992761
15911.681206872687,16.88648185878992,786.3939925860614,8192.554699992761
15912.598146982491,16.88648185878992,786.3939925860614,8193.146538035944
15912.718783354387,16.888370022177696,786.5027066208422,8193.146538035944
15913.712929148227,16.888370022177696,786.5027066208422,8193.799562420696
15913.883905664086,16.890018751844764,786.651141539216,8193.799562420696
15915.052602900192,16.890018751844764,786.651141539216,8194.637554127723
15916.051631832495,16.89812962897122,786.7618026658893,8194.637554127723
15917.089662253857,16.89812962897122,786.7618026658893,8195.482470011339
15917.240554517135,16.899682078510523,786.8925134520978,8195.482470011339
15918.12826677598,16.899682078510523,786.8925134520978,8195.967826671898
15918.34985808283,16.904659805819392,787.0735222138464,8195.967826671898
15919.51720162481,16.904659805819392,787.0735222138464,8196.84744426608
15919.720505269244,16.90621806308627,787.2430843245238,8196.84744426608
15920.63571304828,16.90621806308627,787.2430843245238,8197.538292448968
15921.964590305462,16.914257241412997,787.3711042199284,8197.538292448968
15923.242534244433,16.914257241412997,787.3711042199284,8198.490051504225
15923.326525783166,16.91588499210775,787.4452935792506,8198.490051504225
15924.438142472878,16.91588499210775,787.4452935792506,8199.332151634619
15924.562729883939,16.917574103921652,787.5533399023116,8199.332151634619
15925.532674567774,16.917574103921652,787.5533399023116,8200.027700722218
15925.6930486653,16.91928152553737,787.6841739788651,8200.027700722218
15926.572272190824,16.91928152553737,787.6841739788651,8200.6113176886
15927.81519491598,16.925711965188384,787.8483341205865,8200.6113176886
15928.744840456173,16.925711965188384,787.8483341205865,8201.334072774276
15928.889383735135,16.927408926188946,787.9198397304863,8201.334072774276
15929.784032052383,16.927408926188946,787.9198397304863,8201.94043460302
15929.992032950744,16.929096756502986,788.0929103661329,8201.94043460302
15931.093879163265,16.929096756502986,788.0929103661329,8202.736690340564
15931.23569384031,16.930740596726537,788.2150190845132,8202.736690340564
15932.314019694924,16.930740596726537,788.2150190845132,8203.470721228048
15933.877967512235,16.93547129072249,788.3431226406246,8203.470721228048
15934.801191689447,16.93547129072249,788.3431226406246,8204.013602621853
15934.89208489284,16.937051989138126,788.4246172923595,8204.013602621853
15935.63960888423,16.937051989138126,788.4246172923595,8204.50494194217
15935.837725916877,16.938681790605187,788.5919767040759,8204.50494194217
15937.111824618652,16.938681790605187,788.5919767040759,8205.285855602473
15937.210967380553,16.940226927399635,788.6798709221184,8205.285855602473
15938.354477461427,16.940226927399635,788.6798709221184,8206.170084711164
15939.451303720474,16.945130065083504,788.825188215822,8206.170084711164
15940.63086970523,16.945130065083504,788.825188215822,8206.925440788269
15940.799714632332,16.94678509607911,788.9810173884034,8206.925440788269
15941.857276940718,16.94678509607911,788.9810173884034,8207.51506914571
15942.042133061215,16.948599599301815,789.147128097713,8207.51506914571
15943.180270884186,16.948599599301815,789.147128097713,8208.321045480669
15943.325963810086,16.950314078480005,789.2504192758352,8208.321045480669
15944.37635299936,16.950314078480005,789.2504192758352,8208.995985103771
15945.665190627798,16.955347018316388,789.3441985081881,8208.995985103771
15946.560758234933,16.955347018316388,789.3441985081881,8209.545650571585
15946.669309668243,16.956942496821284,789.4386602342129,8209.545650571585
15947.631468793377,16.956942496821284,789.4386602342129,8210.041937969625
15947.83848529309,16.958630146458745,789.6130784712732,8210.041937969625
15948.905626844615,16.958630146458745,789.6130784712732,8210.741250736639
15948.994438041002,16.960176995024085,789.675600335002,8210.741250736639
15949.862117957324,16.960176995024085,789.675600335002,8211.312363024801
15951.45574980788,16.969510186463594,789.8135285228491,8211.312363024801
15952.096687896177,16.969510186463594,789.8135285228491,8211.715446420014
15952.167311681435,16.971172235906124,789.8684063795954,8211.715446420014
15953.234478723258,16.971172235906124,789.8684063795954,8212.370672987774
15953.32211666368,16.972750943154097,789.9381730183959,8212.370672987774
15954.53545776382,16.972750943154097,789.9381730183959,8213.161147803068
15954.670281114057,16.974372854456306,790.0570364780724,8213.161147803068
15955.948558894917,16.974372854456306,790.0570364780724,8213.906459799036
15957.370265319943,16.982070725411177,790.151594825089,8213.906459799036
15958.305299945176,16.982070725411177,790.151594825089,8214.393397957087
15958.507821975276,16.98369957320392,790.3247325010598,8214.393397957087
15959.51458725147,16.98369957320392,790.3247325010598,8215.11954774335
15959.639327328652,16.98536022566259,790.4169669169933,8215.11954774335
15960.319601470605,16.98536022566259,790.4169669169933,8215.53022261709
15960.442304309458,16.98698935471475,790.5162039473653,8215.53022261709
15961.587420700118,16.98698935471475,790.5162039473653,8216.323091855273
15962.544931791723,16.991995815187693,790.6200753040612,8216.323091855273
15963.45580053702,16.991995815187693,790.6200753040612,8216.970848448575
15963.603241303936,16.993661005049944,790.7422191947699,8216.970848448575
15964.594982577488,16.993661005049944,790.7422191947699,8217.598590686917
15964.753794495016,16.995260432362556,790.8738203160465,8217.598590686917
15965.792958308011,16.995260432362556,790.8738203160465,8218.255578277633
15965.946543769911,16.996755700558424,791.0109633486718,8218.255578277633
15966.89117603749,16.996755700558424,791.0109633486718,8218.806346487254
15967.870788760483,17.001860408112407,791.1298618000001,8218.806346487254
15968.955619616434,17.001860408112407,791.1298618000001,8219.575565857813
15969.157430233434,17.003473775461316,791.2545369751751,8219.575565857813
15970.126669367775,17.003473775461316,791.2545369751751,8220.202869670466
15970.28413555026,17.005071084946394,791.3615494389087,8220.202869670466
15971.366489341483,17.005071084946394,791.3615494389087,8220.981429569423
15971.49353128858,17.00687374547124,791.4493239428848,8220.981429569423
15972.169593276456,17.00687374547124,791.4493239428848,8221.456290889531
15973.210144309327,17.0118251144886,791.5838404577225,8221.456290889531
15974.148574123159,17.0118251144886,791.5838404577225,8222.082402937114
15974.30641826056,17.013433391228318,791.7236947994679,8222.082402937114
15975.015056960285,17.013433391228318,791.7236947994679,8222.518394440413
15975.198778297752,17.014994621276855,791.8932698126882,8222.518394440413
15976.007020728663,17.014994621276855,791.8932698126882,8223.09717877023
15976.21833460778,17.016671942546964,792.0651766769588,8223.09717877023
15976.97539338842,17.016671942546964,792.0651766769588,8223.704933376983
15977.99166287668,17.02508694678545,792.1419203206897,8223.704933376983
15978.986703420058,17.02508694678545,792.1419203206897,8224.29175983183
15979.130908053368,17.026670794934034,792.2721760589629,8224.29175983183
15980.198542056605,17.026670794934034,792.2721760589629,8225.09197822772
15980.370393358171,17.028316954150796,792.4266665168107,8225.09197822772
15981.489670272917,17.028316954150796,792.4266665168107,8225.815404927358
15981.625937355682,17.02990697324276,792.5350763257593,8225.815404927358
15982.601302424446,17.02990697324276,792.5350763257593,8226.481460763142
15983.745712833479,17.035116197541356,792.6492116805166,8226.481460763142
15984.765711961314,17.035116197541356,792.6492116805166,8227.102428747341
15984.904489992186,17.036791127175093,792.7535103932023,8227.102428747341
15986.013084983453,17.036791127175093,792.7535103932023,8227.774398932233
15986.19037887454,17.038428837433457,792.8962339572608,8227.774398932233
15987.056829612702,17.038428837433457,792.8962339572608,8228.336372656748
15987.193092677742,17.040003778412938,793.0158192589879,8228.336372656748
15988.28838946484,17.040003778412938,793.0158192589879,8229.141476470977
15989.430343130603,17.049042893573642,793.233468554914,8229.141476470977
15990.23489346169,17.049042893573642,793.233468554914,8229.705385887995
15990.393694080412,17.050553990527987,793.3612286578864,8229.705385887995
15991.353396041319,17.050553990527987,793.3612286578864,8230.38949227333
15991.504055580124,17.052143620327115,793.4824582189322,8230.38949227333
15992.507773282006,17.052143620327115,793.4824582189322,8230.808314004913
15992.878755956888,17.053810821846128,793.5468909423798,8230.808314004913
15993.762281063944,17.053810821846128,793.5468909423798,8231.075275566429
15998.97078880854,17.064842265099287,793.6147658452392,8231.075275566429
16000.058956576511,17.064842265099287,793.6147658452392,8231.51282976009
16000.148061295971,17.066429935395718,793.6915055494756,8231.51282976009
16001.215472737327,17.066429935395718,793.6915055494756,8232.077724019065
16001.357470598072,17.068016855046153,793.8099751044065,8232.077724019065
16002.06599676609,17.068016855046153,793.8099751044065,8232.449923442677
16002.168615121394,17.06955741159618,793.9025433883071,8232.449923442677
16003.134963184595,17.06955741159618,793.9025433883071,8232.826039426029
16004.90140255168,17.074489451944828,793.9584858249873,8232.826039426029
16005.701061757281,17.074489451944828,793.9584858249873,8233.319836502895
16005.812080323696,17.076138611882925,794.0552120339125,8233.319836502895
16006.51415318437,17.076138611882925,794.0552120339125,8233.715571966022
16006.661640776321,17.077750070020556,794.1930922027677,8233.715571966022
16007.905035445467,17.077750070020556,794.1930922027677,8234.314187034965
16008.086652565747,17.079375689849257,794.3509243410081,8234.314187034965
16008.971069620922,17.079375689849257,794.3509243410081,8234.910845689476
16011.226837731898,17.109726330265403,794.4662647079676,8234.910845689476
16011.977634329349,17.109726330265403,794.4662647079676,8235.367281384766
16012.136090748012,17.111280409619212,794.6080799754709,8235.367281384766
16013.049820208922,17.111280409619212,794.6080799754709,8235.74393863231
16013.25542847626,17.112853268161416,794.7788157295436,8235.74393863231
16014.415354428813,17.112853268161416,794.7788157295436,8236.481702633202
16014.659044329077,17.114508697763085,795.0059920065105,8236.481702633202
16015.793174821883,17.114508697763085,795.0059920065105,8237.085554270074
16016.905013192445,17.11946647800505,795.0546006318182,8237.085554270074
16017.659483984113,17.11946647800505,795.0546006318182,8237.53456796147
16017.857772801071,17.121080357581377,795.2383986134082,8237.53456796147
16018.859892044216,17.121080357581377,795.2383986134082,8237.958423595876
16019.008703600615,17.1226992495358,795.3584686461836,8237.958423595876
16019.995053095743,17.1226992495358,795.3584686461836,8238.576650911942
16020.137369833887,17.12433334067464,795.4792957007885,8238.576650911942
16020.827945737168,17.12433334067464,795.4792957007885,8238.904316088185
16021.757724769413,17.129337549209595,795.6320375464857,8238.904316088185
16022.516482841223,17.129337549209595,795.6320375464857,8239.474640537053
16022.654992608353,17.1428846642375,795.732174558565,8239.474640537053
16023.486790856346,17.1428846642375,795.732174558565,8240.05000238493
16023.641639860347,17.144562903791666,795.8614827971905,8240.05000238493
16024.5478643924,17.144562903791666,795.8614827971905,8240.564725909382
16024.689753312618,17.1461745724082,795.9766939803958,8240.564725909382
16025.748323295265,17.1461745724082,795.9766939803958,8241.17056343332
16026.968482384458,17.151018761098385,796.1602020338178,8241.17056343332
16028.071612823755,17.151018761098385,796.1602020338178,8241.951792873442
16028.24182161875,17.15264394134283,796.3161228895187,8241.951792873442
16029.31526110135,17.15264394134283,796.3161228895187,8242.521154193208
16029.528675099835,17.15426217019558,796.5150291919708,8242.521154193208
16030.294214364141,17.15426217019558,796.5150291919708,8243.13039607741
16030.46853409335,17.15585152991116,796.6748288273811,8243.13039607741
16031.22874969244,17.15585152991116,796.6748288273811,8243.727398049086
16032.467695424333,17.165887581184506,796.9117837268859,8243.727398049086
16033.271472364664,17.165887581184506,796.9117837268859,8244.249366156757
16033.555578429252,17.167511949315667,797.1553326658905,8244.249366156757
16034.519283257425,17.167511949315667,797.1553326658905,8244.984064841643
16034.723759192973,17.169051868841052,797.3431601691991,8244.984064841643
16035.375695222989,17.169051868841052,797.3431601691991,8245.472161062062
16035.454893061891,17.170666988939047,797.4037285093218,8245.472161062062
16036.30713988468,17.170666988939047,797.4037285093218,8246.10961263068
16037.45624958165,17.18165608868003,797.5619970355183,8246.10961263068
16038.44211685285,17.18165608868003,797.5619970355183,8246.753162069246
16038.546844476834,17.183217817917466,797.654528979212,8246.753162069246
16039.136808929965,17.183217817917466,797.654528979212,8247.10869995132
16039.274288227782,17.18494201079011,797.7525329794735,8247.10869995132
16040.038387481123,17.18494201079011,797.7525329794735,8247.629200454801
16040.268077393994,17.18649385869503,797.9565315488726,8247.629200454801
16041.171853972599,17.18649385869503,797.9565315488726,8248.27187472023
16042.067948462442,17.19156375899911,798.0131935160607,8248.27187472023
16042.952772377059,17.19156375899911,798.0131935160607,8248.866785073653
16043.064178360626,17.19320260733366,798.1141734607518,8248.866785073653
16043.84221679531,17.19320260733366,798.1141734607518,8249.372076550499
16043.984542232007,17.194871807470918,798.243505353108,8249.372076550499
16045.028943097219,17.194871807470918,798.243505353108,8250.131998253986
16045.110599540174,17.19647858478129,798.3134553544223,8250.131998253986
16045.932768046856,17.19647858478129,798.3134553544223,8250.649931509048
16046.912854963914,17.201674200594425,798.4260669630021,8250.649931509048
16047.837863469496,17.201674200594425,798.4260669630021,8251.317656517029
16048.002383949235,17.203264359384775,798.5764196384698,8251.317656517029
16048.70144237578,17.203264359384775,798.5764196384698,8251.818634452298
16048.825351228938,17.204865388572216,798.6782366689295,8251.818634452298
16049.550428440794,17.204865388572216,798.6782366689295,8252.335632201284
16049.652224780992,17.2065096385777,798.7655747868121,8252.335632201284
16050.667452894151,17.2065096385777,798.7655747868121,8252.85914812982
16051.593369565904,17.22347472049296,798.8719011694193,8252.85914812982
16052.393705677241,17.22347472049296,798.8719011694193,8253.362731434405
16052.476391227916,17.225072668865323,798.9357090424746,8253.362731434405
16053.12220095843,17.225072668865323,798.9357090424746,8253.746424060315
16053.196068810299,17.22670971788466,799.0001241546124,8253.746424060315
16054.0776728075,17.22670971788466,799.0001241546124,8254.115751445293
16054.143907601014,17.228215472772717,799.0526986792684,8254.115751445293
16054.878574145958,17.228215472772717,799.0526986792684,8254.4299630858
16057.690680377185,17.233883567154408,799.180193964392,8254.4299630858
16058.469931732863,17.233883567154408,799.180193964392,8254.786351723596
16058.582094740123,17.235474037006497,799.2787166051567,8254.786351723596
16059.439291274175,17.235474037006497,799.2787166051567,8255.149767741561
16059.572589175776,17.237112449482083,799.3922620024532,8255.149767741561
16060.44288074784,17.237112449482083,799.3922620024532,8255.522459898144
16060.608940696344,17.238751778379083,799.5291562806815,8255.522459898144
16061.330501325428,17.238751778379083,799.5291562806815,8256.022554229945
16062.308436723426,17.2458001896739,799.5780002884567,8256.022554229945
16063.12876946479,17.2458001896739,799.5780002884567,8256.407904636115
16063.234142631292,17.247421626001596,799.6645265910774,8256.407904636115
16064.15691029653,17.247421626001596,799.6645265910774,8256.844264848158
16064.377197790891,17.24897082336247,799.8341576531529,8256.844264848158
16065.291263408959,17.24897082336247,799.8341576531529,8257.496637256816
16065.407501660287,17.250582322478294,799.9228876382113,8257.496637256816
16066.607507996261,17.250582322478294,799.9228876382113,8258.230452178046
16067.661353193223,17.25947347469628,800.0330997891724,8258.230452178046
16068.355439351872,17.25947347469628,800.0330997891724,8258.680406857282
16068.440569639206,17.261075753718615,800.0945005267859,8258.680406857282
16069.314615448937,17.261075753718615,800.0945005267859,8259.277077864856
16069.44375215657,17.262619910761714,800.2134053111076,8259.277077864856
16070.243533717468,17.262619910761714,800.2134053111076,8259.611062766984
16070.311508320272,17.26440804451704,800.2631627377123,8259.611062766984
16071.083655389026,17.26440804451704,800.2631627377123,8260.080820258707
16072.2272451967,17.27748271264136,800.4002900589257,8260.080820258707
16073.142132930458,17.27748271264136,800.4002900589257,8260.604864403605
16073.28965540044,17.27907456085086,800.5285307392478,8260.604864403605
16074.022476743907,17.27907456085086,800.5285307392478,8260.9230714906
16074.148223990574,17.280623069033027,800.6443954445422,8260.9230714906
16075.134362868965,17.280623069033027,800.6443954445422,8261.546026384458
16075.293365309015,17.282223718240857,800.7824685238302,8261.546026384458
16076.088849589229,17.282223718240857,800.7824685238302,8262.055086748675
16077.331243656576,17.288667906075716,800.875924995169,8262.055086748675
16078.088820688426,17.288667906075716,800.875924995169,8262.486561471596
16078.191113768145,17.290248196572065,800.9607650060207,8262.486561471596
16079.379151416942,17.290248196572065,800.9607650060207,8263.043065357953
16079.465774672106,17.291810432448983,801.0333801861852,8263.043065357953
16080.471172869205,17.291810432448983,801.0333801861852,8263.720694409683
16080.624024448916,17.29341353289783,801.1290974859148,8263.720694409683
16081.449733000249,17.29341353289783,801.1290974859148,8264.328729933128
16082.520379144698,17.29937401972711,801.2240095809102,8264.328729933128
16083.607977924868,17.29937401972711,801.2240095809102,8264.938222603872
16083.733404677361,17.3009017072618,801.333647672087,8264.938222603872
16084.516377041116,17.3009017072618,801.333647672087,8265.330272860825
16084.628632681444,17.302630672231317,801.4253318291157,8265.330272860825
16085.504723398015,17.302630672231317,801.4253318291157,8265.915707672015
16085.721874576062,17.304194310680032,801.6133399773389,8265.915707672015
16086.440151983872,17.304194310680032,801.6133399773389,8266.421829642728
16087.283199531958,17.30906431004405,801.7239336986095,8266.421829642728
16088.104472672567,17.30906431004405,801.7239336986095,8266.934173487127
16088.211027888581,17.310657627880573,801.8208581842482,8266.934173487127
16089.444982783869,17.310657627880573,801.8208581842482,8267.658371644095
16089.641361253336,17.312228955328465,801.9949493780732,8267.658371644095
16090.43563231267,17.312228955328465,801.9949493780732,8268.101591123268
16090.546505488455,17.31422559171915,802.0785998199135,8268.101591123268
16091.356116488576,17.31422559171915,802.0785998199135,8268.633385621011
16092.084111904725,17.319213919341564,802.236060751602,8268.633385621011
16092.998656250536,17.319213919341564,802.236060751602,8269.317608701065
16093.148415323347,17.32074519433081,802.3659839443862,8269.317608701065
16093.816835435107,17.32074519433081,802.3659839443862,8269.744519364089
16093.962134776637,17.322384893894196,802.4931125342846,8269.744519364089
16094.725882751867,17.322384893894196,802.4931125342846,8270.250488493592
16094.813629988581,17.32390688173473,802.5604101587087,8270.250488493592
16095.54815387167,17.32390688173473,802.5604101587087,8270.541047785431
16096.405089311302,17.330908447504044,802.6714142654091,8270.541047785431
16097.279839294031,17.330908447504044,802.6714142654091,8271.110163573176
16097.406433396041,17.33259722776711,802.7825292348862,8271.110163573176
16098.298127287999,17.33259722776711,802.7825292348862,8271.71327021718
16098.394817097113,17.334168698638678,802.8696507588029,8271.71327021718
16099.169534601271,17.334168698638678,802.8696507588029,8272.264949727803
16099.24953398481,17.335725696757436,802.9295379184186,8272.264949727803
16100.030792308971,17.335725696757436,802.9295379184186,8272.79375067167
16100.830870045349,17.340975984930992,803.0036653354764,8272.79375067167
16101.524993304163,17.340975984930992,803.0036653354764,8273.323375681415
16101.61897550337,17.342459132894874,803.0844792928547,8273.323375681415
16102.376194819808,17.342459132894874,803.0844792928547,8273.904230073094
16102.482413901016,17.34436876885593,803.1681176349521,8273.904230073094
16103.324266595766,17.34436876885593,803.1681176349521,8274.510243790224
16103.41714589484,17.34748092480004,803.2460752334446,8274.510243790224
16104.12137522921,17.34748092480004,803.2460752334446,8274.94755192101
16104.866976724938,17.35323559679091,803.3525629770011,8274.94755192101
16105.553724439815,17.35323559679091,803.3525629770011,8275.375618420541
16105.665148183703,17.354813324287534,803.4440292213112,8275.375618420541
16106.50766026415,17.354813324287534,803.4440292213112,8275.917152883485
16106.612827155739,17.356464985758066,803.5240109656006,8275.917152883485
16107.273329375312,17.356464985758066,803.5240109656006,8276.29537739046
16107.348899519071,17.3580065947026,803.5863479301333,8276.29537739046
16108.251531649381,17.3580065947026,803.5863479301333,8276.923293245956
16109.182494737208,17.362839072942734,803.7628816217184,8276.923293245956
16109.914756707847,17.362839072942734,803.7628816217184,8277.450218666345
16109.999275596812,17.364493245258927,803.835789937526,8277.450218666345
16110.71213952452,17.364493245258927,803.835789937526,8277.92431695573
16110.818509120494,17.366052383556962,803.9227253571153,8277.92431695573
16111.616671131924,17.366052383556962,803.9227253571153,8278.3354854621
16111.751735689119,17.367608692497015,804.0317400302738,8278.3354854621
16112.453864522278,17.367608692497015,804.0317400302738,8278.842931378633
16113.290653416887,17.37262195162475,804.1112985964864,8278.842931378633
16114.25804461725,17.37262195162475,804.1112985964864,8279.467955943197
16114.381231114268,17.37422927096486,804.2154416702688,8279.467955943197
16115.011025523767,17.37422927096486,804.2154416702688,8279.858451213688
16115.114218812436,17.375890363007784,804.3030598647892,8279.858451213688
16115.868225010112,17.375890363007784,804.3030598647892,8280.30303510651
16116.027507277206,17.377703174948692,804.4414715524763,8280.30303510651
16116.912937665358,17.377703174948692,804.4414715524763,8280.844653714448
16117.84739006497,17.3827600851655,804.5478891953826,8280.844653714448
16118.657175019383,17.3827600851655,804.5478891953826,8281.332623977214
16118.7599475272,17.384407265111804,804.6367117818445,8281.332623977214
16119.65482278727,17.384407265111804,804.6367117818445,8281.785903761163
16119.818368161097,17.386432880535722,804.7711273655295,8281.785903761163
16120.690196933225,17.386432880535722,804.7711273655295,8282.416015598923
16120.873884459957,17.38797477632761,804.9325938336551,8282.416015598923
16121.752294052392,17.38797477632761,804.9325938336551,8282.962426422164
16123.038115372881,17.392938040196896,805.0132083389908,8282.962426422164
16123.76937636733,17.392938040196896,805.0132083389908,8283.443576861173
16123.939493007958,17.394640581682324,805.1684194132686,8283.443576861173
16124.954877212644,17.394640581682324,805.1684194132686,8284.029575455934
16125.079871913418,17.396292820572853,805.2752261348069,8284.029575455934
16125.83186698705,17.396292820572853,805.2752261348069,8284.450617050752
16125.954439496621,17.397900607436895,805.364947475493,8284.450617050752
16126.719464125112,17.397900607436895,805.364947475493,8284.940652659163
16128.076805723831,17.40404644049704,805.4509848207235,8284.940652659163
16128.852973986417,17.40404644049704,805.4509848207235,8285.442247109488
16128.942364012823,17.405787643045187,805.529428537935,8285.442247109488
16129.662666939199,17.405787643045187,805.529428537935,8285.827642956749
16129.850377492607,17.407368009909987,805.6967203896493,8285.827642956749
16130.70485790819,17.407368009909987,805.6967203896493,8286.363914456218
16130.833879292011,17.408931367099285,805.8126840572804,8286.363914456218
16131.75148092769,17.408931367099285,805.8126840572804,8286.894897071645
16132.801627373323,17.414019191637635,805.9288480002433,8286.894897071645
16133.740343809128,17.414019191637635,805.9288480002433,8287.370219014585
16133.861849049106,17.41558989137411,806.0291073117405,8287.370219014585
16134.653846660629,17.41558989137411,806.0291073117405,8287.821441719308
16134.806132456288,17.417204720899463,806.1530864350498,8287.821441719308
16135.716648465022,17.417204720899463,806.1530864350498,8288.380885364488
16135.779982974753,17.41894570365548,806.2033574394882,8288.380885364488
16136.56655081734,17.41894570365548,806.2033574394882,8288.813448851928
16137.68313057907,17.424859832972288,806.3061988204718,8288.813448851928
16138.598400490358,17.424859832972288,806.3061988204718,8289.439734417945
16138.693044312298,17.426470663398504,806.3899540621787,8289.439734417945
16139.532269120216,17.426470663398504,806.3899540621787,8290.1161600966
16139.61291936785,17.428189773112535,806.455873619765,8290.1161600966
16140.251933546737,17.428189773112535,806.455873619765,8290.509406816214
16140.374475454912,17.429918745532632,806.5384874232113,8290.509406816214
16140.986583605409,17.429918745532632,806.5384874232113,8290.835802121088
16142.49781403318,17.434996718540788,806.5868679527193,8290.835802121088
16143.383398003876,17.434996718540788,806.5868679527193,8291.396189948544
16143.536824844778,17.436592496931553,806.7245392445475,8291.396189948544
16144.146515829489,17.436592496931553,806.7245392445475,8291.786873111501
16144.228939577937,17.43814160488546,806.7867050748318,8291.786873111501
16144.960225095972,17.43814160488546,806.7867050748318,8292.150431070477
16145.119342768565,17.439838455989957,806.8889692537487,8292.150431070477
16145.938574025407,17.439838455989957,806.8889692537487,8292.68859995529
16147.143879260868,17.444841677322984,806.9878761414438,8292.68859995529
16148.059484997764,17.444841677322984,806.9878761414438,8293.230300687253
16148.164146140218,17.446464518085122,807.0600140523165,8293.230300687253
16148.975764460862,17.446464518085122,807.0600140523165,8293.745096778497
16149.117966884747,17.4480649959296,807.1874041091651,8293.745096778497
16149.918727824464,17.4480649959296,807.1874041091651,8294.23917331174
16150.0093006026,17.44976126588881,807.2681292649359,8294.23917331174
16150.710563411936,17.44976126588881,807.2681292649359,8294.686183718964
16151.69798941724,17.454924203455448,807.4009437374771,8294.686183718964
16152.621375888586,17.454924203455448,807.4009437374771,8295.209895161912
16152.78626791574,17.45654010400176,807.4706986062229,8295.209895161912
16153.471152087674,17.45654010400176,807.4706986062229,8295.608958005905
16153.597227033228,17.458142763003707,807.5794683936983,8295.608958005905
16154.247417705134,17.458142763003707,807.5794683936983,8296.113915987313
16154.411440007389,17.461251290515065,807.7128535676748,8296.113915987313
16155.123913932592,17.461251290515065,807.7128535676748,8296.581480879337
16155.930220842361,17.466204861178994,807.8156837467104,8296.581480879337
16156.664258500561,17.466204861178994,807.8156837467104,8297.026259327307
16156.761603180319,17.46786615997553,807.9021769315004,8297.026259327307
16157.456243550405,17.46786615997553,807.9021769315004,8297.461020603776
16157.588097088039,17.469499491155148,808.0143397282809,8297.461020603776
16158.468616500497,17.469499491155148,808.0143397282809,8297.95865339972
16158.571103261784,17.47514053620398,808.102970212698,8297.95865339972
16159.212819101289,17.47514053620398,808.102970212698,8298.361206440255
16159.971413863823,17.480039296671748,808.1793044991791,8298.361206440255
16160.6285031531,17.480039296671748,808.1793044991791,8298.801698680967
16160.765214148909,17.481758557260036,808.3013034984469,8298.801698680967
16161.740486873314,17.481758557260036,808.3013034984469,8299.446254000068
16161.910734318197,17.483373038470745,808.4537277035415,8299.446254000068
16162.784836241975,17.483373038470745,808.4537277035415,8300.032942159101
16162.949345145375,17.484922418370843,808.589764976874,8300.032942159101
16163.834521200508,17.484922418370843,808.589764976874,8300.658625194803
16164.725261695683,17.489891530945897,808.69965451397,8300.658625194803
16165.534859728068,17.489891530945897,808.69965451397,8301.184729071334
16165.673378616571,17.49146017804742,808.826154883951,8301.184729071334
16166.428180873394,17.49146017804742,808.826154883951,8301.691212311387
16166.511510128155,17.492945697158575,808.8981736712158,8301.691212311387
16167.338774779812,17.492945697158575,808.8981736712158,8302.256450811401
16167.448618069291,17.496550602838397,808.9930548071861,8302.256450811401
16168.218689640984,17.496550602838397,808.9930548071861,8302.698476528749
16169.084778008983,17.506458919495344,809.0420126765966,8302.698476528749
16169.973654963076,17.506458919495344,809.0420126765966,8303.263493973762
16170.07451251708,17.50797463953495,809.1310268454254,8303.263493973762
16170.770312488079,17.50797463953495,809.1310268454254,8303.619798524305
16170.883682081476,17.50950464606285,809.2260357942432,8303.619798524305
16171.609358835965,17.50950464606285,809.2260357942432,8303.982172423974
16171.91779211536,17.511387610808015,809.3359946217388,8303.982172423974
16172.508708231151,17.511387610808015,809.3359946217388,8304.345418028533
16174.952626900747,17.518465019762516,809.3942025080323,8304.345418028533
16176.00733316876,17.518465019762516,809.3942025080323,8304.645225359127
16176.127336800098,17.52005455829203,809.4956111516804,8304.645225359127
16176.84866466932,17.52005455829203,809.4956111516804,8304.937135228887
16176.907750859857,17.521698869764805,809.544943369925,8304.937135228887
16178.386944221333,17.521698869764805,809.544943369925,8305.2213346567
16178.48825413175,17.525325134396553,809.6287278551608,8305.2213346567
16179.020697172731,17.525325134396553,809.6287278551608,8305.623299585655
16180.091093868017,17.53030764684081,809.6939036827534,8305.623299585655
16181.057381428778,17.53030764684081,809.6939036827534,8306.116139726713
16181.185735773295,17.53192039951682,809.8082170300186,8306.116139726713
16182.04939302802,17.53192039951682,809.8082170300186,8306.756707746536
16182.15072107315,17.533412056043744,809.8959149140865,8306.756707746536
16182.900510717183,17.533412056043744,809.8959149140865,8307.208714826033
16183.019985819235,17.535005575045943,809.9935495201498,8307.208714826033
16183.933085812256,17.535005575045943,809.9935495201498,8307.83725997433
16184.748784717172,17.539983354508877,810.0844501517713,8307.83725997433
16185.548412855715,17.539983354508877,810.0844501517713,8308.403951158747
16185.730201961473,17.54172626696527,810.2416914999485,8308.403951158747
16186.378552531824,17.54172626696527,810.2416914999485,8308.854225747287
16186.507195619866,17.546973783522844,810.3472275286913,8308.854225747287
16187.42430320941,17.546973783522844,810.3472275286913,8309.35202664882
16187.605842620134,17.55491267889738,810.4977709371597,8309.35202664882
16188.489425376058,17.55491267889738,810.4977709371597,8309.886236619204
16189.490414809436,17.57068424485624,810.5795615054667,8309.886236619204
16190.429793300107,17.57068424485624,810.5795615054667,8310.561074741185
16190.522570848465,17.572301097214222,810.6617575604469,8310.561074741185
16191.265566468239,17.572301097214222,810.6617575604469,8310.925094000995
16191.377056377009,17.574009088799357,810.751818055287,8310.925094000995
16192.088229760528,17.574009088799357,810.751818055287,8311.37301274389
16192.187970893458,17.575570346787572,810.838399130851,8311.37301274389
16193.215801523998,17.575570346787572,810.838399130851,8311.963367961347
16194.358684517443,17.580569084733725,810.9264155216515,8311.963367961347
16195.301140476018,17.580569084733725,810.9264155216515,8312.518469724804
16195.417413441464,17.582195606082678,811.027933768928,8312.518469724804
16196.414758225903,17.582195606082678,811.027933768928,8313.138823755085
16196.518279569224,17.583822997286916,811.110676413402,8313.138823755085
16197.213380340487,17.583822997286916,811.110676413402,8313.622492412105
16197.33674893342,17.58541846461594,811.2148203384131,8313.622492412105
16197.924965780228,17.58541846461594,811.2148203384131,8314.024176647887
16198.920656125993,17.590719301253557,811.3270106092095,8314.024176647887
16199.675351491198,17.590719301253557,811.3270106092095,8314.522468810901
16199.801193138584,17.59266653470695,811.4343800731003,8314.522468810901
16200.535506881773,17.59266653470695,811.4343800731003,8314.982297593728
16200.723691314459,17.594219222664833,811.5941978693008,8314.982297593728
16201.619313681498,17.594219222664833,811.5941978693008,8315.549632212147
16201.815727964044,17.595912102609873,811.7699409350753,8315.549632212147
16202.469678036869,17.595912102609873,811.7699409350753,8316.052332272753
16203.391670672223,17.60213333554566,811.8891371414065,8316.052332272753
16204.019029220566,17.60213333554566,811.8891371414065,8316.455802250654
16204.144884239882,17.603675670921803,811.9912721812725,8316.455802250654
16204.907928604633,17.603675670921803,811.9912721812725,8316.913200128824
16205.110995208845,17.60536598227918,812.101609159261,8316.913200128824
16205.953813165426,17.60536598227918,812.101609159261,8317.501499475911
16206.085219293833,17.607002582401037,812.2159784194082,8317.501499475911
16206.86482194066,17.607002582401037,812.2159784194082,8317.993425082415
16208.051163105294,17.611955754458904,812.3164978343993,8317.993425082415
16208.746695514768,17.611955754458904,812.3164978343993,8318.414517497644
16208.84310673736,17.61340691894293,812.3870638795197,8318.414517497644
16209.726442432031,17.61340691894293,812.3870638795197,8318.977961273864
16209.81580009684,17.614974476397038,812.447590360418,8318.977961273864
16210.787335574627,17.614974476397038,812.447590360418,8319.643855463713
16210.879545360804,17.616564264521003,812.5300332996994,8319.643855463713
16211.584396040067,17.616564264521003,812.5300332996994,8320.162208059803
16212.329534148797,17.625231811776757,812.6152284797281,8320.162208059803
16213.172596219927,17.625231811776757,812.6152284797281,8320.61960980855
16213.35217646882,17.626851052045822,812.7673700470477,8320.61960980855
16214.149186553434,17.626851052045822,812.7673700470477,8321.084720468149
16214.232923813164,17.62847177311778,812.838679453358,8321.084720468149
16215.044001411647,17.62847177311778,812.838679453358,8321.630748579279
16215.149092404172,17.63021532446146,812.9234197754413,8321.630748579279
16215.903551304713,17.63021532446146,812.9234197754413,8322.12107229419
16217.564917167649,17.63609629124403,813.1259472593665,8322.12107229419
16218.336605202407,17.63609629124403,813.1259472593665,8322.602182814851
16218.54752653651,17.63773149251938,813.3075013235211,8322.602182814851
16219.568986156955,17.63773149251938,813.3075013235211,8323.348661931232
16219.66068061255,17.639270450919867,813.3784570302814,8323.348661931232
16220.447637084872,17.639270450919867,813.3784570302814,8323.86039653793
16220.591374298558,17.640901861712337,813.4944174587727,8323.86039653793
16221.05051907897,17.640901861712337,813.4944174587727,8324.114786213264
16222.064299015328,17.645856451243162,813.5924256015569,8324.114786213264
16222.835394728929,17.645856451243162,813.5924256015569,8324.593332454562
16222.990031581372,17.647397911176085,813.7372882664204,8324.593332454562
16223.695585940033,17.647397911176085,813.7372882664204,8325.169575141743
16223.849610872567,17.64906795322895,813.8315974734724,8325.169575141743
16224.746479863301,17.64906795322895,813.8315974734724,8325.736216247082
16224.909571807832,17.65067619085312,813.9735957942903,8325.736216247082
16225.764641787857,17.65067619085312,813.9735957942903,8326.291552014649
16226.498531496152,17.655597088858485,814.0598823744804,8326.291552014649
16227.481265788898,17.655597088858485,814.0598823744804,8326.946045419201
16227.694092929363,17.65722470730543,814.2251942101866,8326.946045419201
16228.69475388527,17.65722470730543,814.2251942101866,8327.665715899318
16228.852630348876,17.65895913913846,814.370993712917,8327.665715899318
16229.75156207569,17.65895913913846,814.370993712917,8328.208930926397
16229.9103341531,17.66045317426324,814.4980786144733,8328.208930926397
16230.795970058069,17.66045317426324,814.4980786144733,8328.69294408895
16231.65159934014,17.668908854946494,814.6411163657904,8328.69294408895
16232.36551519297,17.668908854946494,814.6411163657904,8329.112769672647
16232.499098602682,17.670552235096693,814.7515630144626,8329.112769672647
16233.425852926448,17.670552235096693,814.7515630144626,8329.754757367074
16233.550909440964,17.672163143754005,814.8663192614913,8329.754757367074
16234.375894375145,17.672163143754005,814.8663192614913,8330.184600064531
16234.502125449479,17.67380398325622,814.9650084357709,8330.184600064531
16235.425052125007,17.67380398325622,814.9650084357709,8330.831604959443
16236.173484705389,17.678688541054726,815.0409138984978,8330.831604959443
16237.071334434673,17.678688541054726,815.0409138984978,8331.431933036074
16237.16332068853,17.680730268359184,815.1176623851061,8331.431933036074
16237.81026535295,17.680730268359184,815.1176623851061,8331.912701420486
16237.96113476716,17.68239745683968,815.216008393094,8331.912701420486
16238.705246128142,17.68239745683968,815.216008393094,8332.388379411772
16238.811494832858,17.684106208384037,815.2865662761033,8332.388379411772
16239.555116184056,17.684106208384037,815.2865662761033,8332.820077771321
16241.229355864227,17.69145485199988,815.3594906721264,8332.820077771321
16242.111914625391,17.69145485199988,815.3594906721264,8333.235703399405
16242.178193131462,17.69303091056645,815.4163120239973,8333.235703399405
16242.655757896602,17.69303091056645,815.4163120239973,8333.540757317096
16242.893925726414,17.69481056369841,815.4704911187291,8333.540757317096
16243.668992983177,17.69481056369841,815.4704911187291,8333.801041010767
16243.94648675993,17.696459574624896,815.5409752503037,8333.801041010767
16244.656735856086,17.696459574624896,815.5409752503037,8334.136734096333
16248.112385611981,17.701409325003624,815.6626615710557,8334.136734096333
16249.27119200863,17.701409325003624,815.6626615710557,8334.424330096692
16249.364119878039,17.703044217079878,815.7352306116372,8334.424330096692
16250.088043725118,17.703044217079878,815.7352306116372,8334.684825995937
16250.166618632153,17.70455566421151,815.7976203951985,8334.684825995937
16250.939343046397,17.70455566421151,815.7976203951985,8334.962145039812
16251.33176554367,17.706147503107786,815.8622098080814,8334.962145039812
16252.29404990375,17.706147503107786,815.8622098080814,8335.248559786007
16254.796803992242,17.715239088982344,815.9799389205873,8335.248559786007
16255.309710601345,17.715239088982344,815.9799389205873,8335.625963749364
16255.38090131618,17.716810058802366,816.0351940952241,8335.625963749364
16255.925610702485,17.716810058802366,816.0351940952241,8335.92421092093
16256.111961152405,17.71842863969505,816.200545720756,8335.92421092093
16257.189017999917,17.71842863969505,816.200545720756,8336.397864665836
16257.25680848211,17.719982648268342,816.2494455613196,8336.397864665836
16258.475671710446,17.719982648268342,816.2494455613196,8336.894407795742
16260.706806369126,17.724782273173332,816.3508198447526,8336.894407795742
16261.526777120307,17.724782273173332,816.3508198447526,8337.311754144728
16261.671644486487,17.726403733715415,816.4744762815535,8337.311754144728
16262.45906710811,17.726403733715415,816.4744762815535,8337.862167306244
16262.572920177132,17.727948492392898,816.5784531738609,8337.862167306244
16263.315570894629,17.727948492392898,816.5784531738609,8338.412035714835
16263.492456180975,17.729554591700435,816.73865307495,8338.412035714835
16264.181455181912,17.729554591700435,816.73865307495,8338.921134915203
16267.537130473182,17.7348142080009,816.7876482773572,8338.921134915203
16268.46035896428,17.7348142080009,816.7876482773572,8339.361590666696
16268.585906147957,17.73655739799142,816.8949409686029,8339.361590666696
16269.259050421417,17.73655739799142,816.8949409686029,8339.701398648322
16269.38339209184,17.738954670727253,817.0081977564842,8339.701398648322
16270.30705006048,17.738954670727253,817.0081977564842,8340.15583255142
16270.401994777843,17.740594882518053,817.0884100869298,8340.15583255142
16271.238548332825,17.740594882518053,817.0884100869298,8340.492503592744
16274.653906609863,17.746268775314093,817.1941080987453,8340.492503592744
16275.367982055992,17.746268775314093,817.1941080987453,8340.839671455324
16275.513098236173,17.74818523041904,817.3130042515695,8340.839671455324
16276.24382410571,17.74818523041904,817.3130042515695,8341.197558484972
16276.311227342114,17.750409200787544,817.3654043823481,8341.197558484972
16276.917064620182,17.750409200787544,817.3654043823481,8341.41522536613
16276.977724455297,17.751859406009316,817.4159255791456,8341.41522536613
16277.602648731321,17.751859406009316,817.4159255791456,8341.694266170263
16279.757990373299,17.761925540864468,817.4947642441839,8341.694266170263
16280.56840939261,17.761925540864468,817.4947642441839,8342.192801926285
16280.797318477184,17.763666693121195,817.6302433386445,8342.192801926285
16281.527640217915,17.763666693121195,817.6302433386445,8342.664140518755
16281.73049600795,17.765327222645283,817.8042729143053,8342.664140518755
16282.510315719992,17.765327222645283,817.8042729143053,8343.244899332523
16282.68778902851,17.766915762796998,817.9676771257073,8343.244899332523
16283.49027884379,17.766915762796998,817.9676771257073,8343.64956376329
16284.961973080412,17.771887231618166,818.0343990493566,8343.64956376329
16285.87476241216,17.771887231618166,818.0343990493566,8344.007479034364
16285.954688968137,17.773532142862678,818.101565418765,8344.007479034364
16286.602604392916,17.773532142862678,818.101565418765,8344.393658407032
16286.75021019578,17.775206742808223,818.1648799199611,8344.393658407032
16287.800497760996,17.775206742808223,818.1648799199611,8344.88707049191
16287.877646662295,17.776859663426876,818.2246923800558,8344.88707049191
16288.78503036499,17.776859663426876,818.2246923800558,8345.460817914456
16290.256664741784,17.781838534399867,818.3193897213787,8345.460817914456
16291.140407675877,17.781838534399867,818.3193897213787,8346.04452319257
16291.39487034455,17.78358186595142,818.3997463732958,8346.04452319257
16292.121586181223,17.78358186595142,818.3997463732958,8346.501444494352
16292.277386335656,17.785302007570863,818.4926125835627,8346.501444494352
16293.070508841425,17.785302007570863,818.4926125835627,8346.84208790958
16293.186512771994,17.786855187267065,818.5897159315646,8346.84208790958
16294.363734032959,17.786855187267065,818.5897159315646,8347.334594516084
16298.284146459773,17.791811976581812,818.6596304737031,8347.334594516084
16298.726147089154,17.791811976581812,818.6596304737031,8347.599116144702
16298.81125433743,17.79347573593259,818.7191985286772,8347.599116144702
16300.01071906276,17.79347573593259,818.7191985286772,8347.9270093292
16300.06869771704,17.79509418271482,818.7629582136869,8347.9270093292
16300.628107802942,17.79509418271482,818.7629582136869,8348.119054520503
16300.761298725381,17.796638129279017,818.8736581075937,8348.119054520503
16301.248972304165,17.796638129279017,818.8736581075937,8348.447806188837
16303.974705733359,17.803713968023658,818.9255661442876,8348.447806188837
16305.050512580201,17.803713968023658,818.9255661442876,8348.858297273517
16305.26707116887,17.809815688058734,819.027254793793,8348.858297273517
16306.498769432306,17.809815688058734,819.027254793793,8349.297166697681
16306.755787367001,17.811584390699863,819.0925315823406,8349.297166697681
16307.950976677239,17.811584390699863,819.0925315823406,8349.63666404225
16308.120140451938,17.813449835404754,819.1428916454315,8349.63666404225
16309.112552411854,17.813449835404754,819.1428916454315,8350.139578890055
16310.97989136912,17.818470118567348,819.246909128502,8350.139578890055
16311.912804435939,17.818470118567348,819.246909128502,8350.709760602564
16312.051751231775,17.820194710046053,819.3665576335043,8350.709760602564
16312.847073929384,17.820194710046053,819.3665576335043,8351.233897514641
16313.035723540932,17.821805277839303,819.530268330127,8351.233897514641
16314.087944900617,17.821805277839303,819.530268330127,8351.927141012624
16314.426379384473,17.82352169789374,819.5905072260648,8351.927141012624
16315.044402526692,17.82352169789374,819.5905072260648,8352.30191604048
16316.173046384007,17.828834410756826,819.7304802425206,8352.30191604048
16317.043574580923,17.828834410756826,819.7304802425206,8352.860682463273
16317.154477717355,17.83142175897956,819.8240297753364,8352.860682463273
16318.045420622453,17.83142175897956,819.8240297753364,8353.349014285952
16318.13984112069,17.83303146623075,819.9072580188513,8353.349014285952
16318.991436321288,17.83303146623075,819.9072580188513,8353.834002604708
16319.11796528101,17.83465326577425,820.0240784753114,8353.834002604708
16319.60981211625,17.83465326577425,820.0240784753114,8354.159999083728
16320.667964994907,17.84663711488247,820.2251182943583,8354.159999083728
16321.595495983958,17.84663711488247,820.2251182943583,8354.646258486435
16321.659603301436,17.848260713741183,820.2788308914751,8354.646258486435
16322.464793128893,17.848260713741183,820.2788308914751,8355.142384242266
16322.579013334587,17.849817940965295,820.3755711112171,8355.142384242266
16323.491664776579,17.849817940965295,820.3755711112171,8355.670410098508
16323.64968228899,17.851445311680436,820.4933158233762,8355.670410098508
16324.741289164871,17.851445311680436,820.4933158233762,8356.430786369368
16326.164429809898,17.863339075818658,820.5598116908222,8356.430786369368
16326.782768378034,17.863339075818658,820.5598116908222,8356.793086936697
16326.938396759331,17.865382922813296,820.6909040156752,8356.793086936697
16327.54121562466,17.865382922813296,820.6909040156752,8357.150077488273
16327.640689732507,17.866959892213345,820.7719860598445,8357.150077488273
16328.322723198682,17.866959892213345,820.7719860598445,8357.587227789685
16328.460298012942,17.868684943765402,820.882807135582,8357.587227789685
16329.23047658056,17.868684943765402,820.882807135582,8358.200351214036
16330.48498404771,17.873773964121938,820.9611577615142,8358.200351214036
16331.277614016086,17.873773964121938,820.9611577615142,8358.634551409632
16331.471483845264,17.875414384528995,821.1220812294632,8358.634551409632
16332.540295174345,17.875414384528995,821.1220812294632,8359.278664186597
16332.669476944953,17.87705973163247,821.2239083684981,8359.278664186597
16333.365158798173,17.87705973163247,821.2239083684981,8359.66496794112
16333.475528277457,17.878632929176092,821.3130078911781,8359.66496794112
16334.227503115311,17.878632929176092,821.3130078911781,8360.134746395051
16334.95974526368,17.887622645124793,821.4157272465527,8360.134746395051
16335.664253188297,17.887622645124793,821.4157272465527,8360.506960967556
16335.77968419902,17.889206785708666,821.5014464948326,8360.506960967556
16336.61703646928,17.889206785708666,821.5014464948326,8361.026920014992
16336.803209057078,17.890808306634426,821.6655842605978,8361.026920014992
16337.57426588051,17.890808306634426,821.6655842605978,8361.476048503071
16337.759735124186,17.892383687198162,821.8349805530161,8361.476048503071
16338.68772738427,17.892383687198162,821.8349805530161,8362.184856984764
16339.692583592609,17.897581063210964,821.947834495455,8362.184856984764
16340.619398953393,17.897581063210964,821.947834495455,8362.845953330398
16340.72209598869,17.899283105507493,822.0326179992408,8362.845953330398
16341.448286827654,17.899283105507493,822.0326179992408,8363.352833490819
16341.684829080477,17.900958428159356,822.2221139166504,8363.352833490819
16342.610979048535,17.900958428159356,822.2221139166504,8364.013302903622
16342.751499984413,17.902667528018355,822.3516855258495,8364.013302903622
16343.59750228189,17.902667528018355,822.3516855258495,8364.53223391436
16344.585412282497,17.907611072063446,822.5131332334131,8364.53223391436
16345.429247552529,17.907611072063446,822.5131332334131,8365.078902410343
16345.595197740942,17.909236012026668,822.649257408455,8365.078902410343
16346.317645093426,17.909236012026668,822.649257408455,8365.50043672882
16346.459473941475,17.910874942317605,822.7783104162663,8365.50043672882
16347.364663897082,17.910874942317605,822.7783104162663,8366.069291505963
16347.455754753202,17.914716962724924,822.8537464272231,8366.069291505963
16348.325912432745,17.914716962724924,822.8537464272231,8366.629580248147
16349.389892596751,17.9195987097919,822.9729202035815,8366.629580248147
16349.856739267707,17.9195987097919,822.9729202035815,8366.97652615048
16349.923463040963,17.921151008456945,823.0239562429488,8366.97652615048
16350.70436667651,17.921151008456945,823.0239562429488,8367.505965553224
16350.794074688107,17.92276445776224,823.0909661222249,8367.505965553224
16351.550601707771,17.92276445776224,823.0909661222249,8367.995814524591
16351.645425032824,17.924368416890502,823.1710974592716,8367.995814524591
16352.438068741933,17.924368416890502,823.1710974592716,8368.485369747505
16353.175400184467,17.92925091460347,823.2396248746663,8368.485369747505
16353.821522688493,17.92925091460347,823.2396248746663,8368.852093577385
16353.948649659753,17.930787721648812,823.3529653660953,8368.852093577385
16354.987606048584,17.930787721648812,823.3529653660953,8369.559502165765
16355.095880769193,17.93250280432403,823.4444660209119,8369.559502165765
16355.890445431694,17.93250280432403,823.4444660209119,8370.098513171077
16356.035301135853,17.934109073132277,823.5546024143696,8370.098513171077
16356.894305860624,17.934109073132277,823.5546024143696,8370.701361196116
16357.629364732653,17.941076884046197,823.6482113786042,8370.701361196116
16358.344560932368,17.941076884046197,823.6482113786042,8371.15583361499
16358.474130708724,17.942746974527836,823.7634702157229,8371.15583361499
16359.304130896926,17.942746974527836,823.7634702157229,8371.693470485508
16359.3782317359,17.944330912083387,823.8219701107591,8371.693470485508
16360.003834456205,17.944330912083387,823.8219701107591,8372.08557016775
16360.178203288466,17.947535566985607,823.9744103550911,8372.08557016775
16361.163484008983,17.947535566985607,823.9744103550911,8372.636177562177
16363.462313016877,17.952412588521838,824.0586617495865,8372.636177562177
16364.306122144684,17.952412588521838,824.0586617495865,8372.927972450852
16364.384477240965,17.954164251685143,824.1208262909204,8372.927972450852
16365.485369766131,17.954164251685143,824.1208262909204,8373.343183901161
16365.563646730036,17.955764511600137,824.1860799491405,8373.343183901161
16366.668861404061,17.955764511600137,824.1860799491405,8373.695387708023
16366.781377892941,17.95744320191443,824.2813861537725,8373.695387708023
16367.490761496127,17.95744320191443,824.2813861537725,8374.077842174098
16370.44408525899,17.96261571533978,824.3426457177848,8374.077842174098
16371.39971703291,17.96261571533978,824.3426457177848,8374.341179946437
16371.643267063424,17.970222394913435,824.4049856737256,8374.341179946437
16372.316943826154,17.970222394913435,824.4049856737256,8374.742159441113
16372.60624386929,17.972048485651612,824.4587994907051,8374.742159441113
16373.363896140829,17.972048485651612,824.4587994907051,8375.1049450282
16373.44310894236,17.973579665645957,824.5279409680516,8375.1049450282
16374.424673149362,17.973579665645957,824.5279409680516,8375.655911162496
16377.030617011711,17.98623351380229,824.5916763152927,8375.655911162496
16378.29209870845,17.98623351380229,824.5916763152927,8375.993452532217
16378.383433710784,17.988229462876916,824.6682481970638,8375.993452532217
16379.130542533472,17.988229462876916,824.6682481970638,8376.334356194362
16379.395892137662,17.990068247541785,824.7767434809357,8376.334356194362
16380.346177274361,17.990068247541785,824.7767434809357,8376.826949223876
16380.498856972903,17.991645328700542,824.9120307713747,8376.826949223876
16381.1381797418,17.991645328700542,824.9120307713747,8377.190576488152
16382.888700036332,17.996966052800417,825.0192523226142,8377.190576488152
16383.981077209115,17.996966052800417,825.0192523226142,8377.505865672603
16384.07906519994,18.002544792369008,825.0978672541678,8377.505865672603
16385.14759266004,18.002544792369008,825.0978672541678,8377.791657829657
16385.21949864924,18.004139041528106,825.1528526227921,8377.791657829657
16386.257647544146,18.004139041528106,825.1528526227921,8378.083988497034
16386.391187503934,18.005749499425292,825.2649941612035,8378.083988497034
16387.23954496719,18.005749499425292,825.2649941612035,8378.523169018328
16389.008716460317,18.010753709822893,825.4303011577576,8378.523169018328
16389.71423343569,18.010753709822893,825.4303011577576,8378.974696621299
16389.877521883696,18.012367248535156,825.5648431256413,8378.974696621299
16390.93899289705,18.012367248535156,825.5648431256413,8379.460028517991
16391.116375800222,18.014152240008116,825.6152850538492,8379.460028517991
16391.791590804234,18.014152240008116,825.6152850538492,8379.864549675956
16391.85062254779,18.015773037448525,825.6644431389868,8379.864549675956
16392.7147946693,18.015773037448525,825.6644431389868,8380.215612791479
16394.06847446412,18.020978040993214,825.7873749453574,8380.215612791479
16394.96870513074,18.020978040993214,825.7873749453574,8380.634263468906
16395.04904006049,18.022453049197793,825.8573775775731,8380.634263468906
16396.140326252207,18.022453049197793,825.8573775775731,8381.247826742008
16396.336978780106,18.02451352775097,825.9313863739371,8381.247826742008
16397.07285935618,18.02451352775097,825.9313863739371,8381.546032909304
16397.139747334644,18.026107385754585,825.9883927386254,8381.546032909304
16398.44073570147,18.026107385754585,825.9883927386254,8381.822531688958
16400.479811195284,18.036194508895278,826.0812671389431,8381.822531688958
16401.459602868184,18.036194508895278,826.0812671389431,8382.557479018345
16401.58544545807,18.037797996774316,826.1913975030184,8382.557479018345
16402.509142871946,18.037797996774316,826.1913975030184,8383.026521300897
16402.601729877293,18.03949972614646,826.2688648905605,8383.026521300897
16403.758699143305,18.03949972614646,826.2688648905605,8383.387456575409
16403.838643737137,18.04203077033162,826.3323103636503,8383.387456575409
16404.525997379795,18.04203077033162,826.3323103636503,8383.743281928822
16406.44112526998,18.046862117946148,826.3808846753091,8383.743281928822
16407.34494710341,18.046862117946148,826.3808846753091,8384.298050060868
16407.47580546327,18.051574870944023,826.4958249051124,8384.298050060868
16408.481878515333,18.051574870944023,826.4958249051124,8384.936483323574
16408.64031277597,18.053147980943322,826.6363356001675,8384.936483323574
16409.404924446717,18.053147980943322,826.6363356001675,8385.348428785801
16409.49815409258,18.054792001843452,826.7181614693254,8385.348428785801
16410.142502514645,18.054792001843452,826.7181614693254,8385.657344404608
16412.347110221162,18.060325095430017,826.8206937648356,8385.657344404608
16413.129355680197,18.060325095430017,826.8206937648356,8386.127576919273
16413.246099304408,18.061913115903735,826.8835003972054,8386.127576919273
16413.976443180814,18.061913115903735,826.8835003972054,8386.54019708559
16414.189347743988,18.06377764046192,826.9678115714341,8386.54019708559
16414.908057788387,18.06377764046192,826.9678115714341,8386.94300294295
16414.972689144313,18.06536996923387,827.020135415718,8386.94300294295
16415.784586371854,18.06536996923387,827.020135415718,8387.362849149853
16417.92310362868,18.070352090522647,827.0696563869715,8387.362849149853
16418.51022180915,18.070352090522647,827.0696563869715,8387.66007927619
16418.618128180504,18.07196038030088,827.1600126009434,8387.66007927619
16419.341087084264,18.07196038030088,827.1600126009434,8387.962826814502
16419.517280608416,18.073607001453638,827.2197690792382,8387.962826814502
16420.29898633994,18.073607001453638,827.2197690792382,8388.401673069224
16420.574690105394,18.075466794893146,827.3448451254517,8388.401673069224
16421.47743855603,18.075466794893146,827.3448451254517,8388.864391475916
16423.428783645853,18.08062782883644,827.402757268399,8388.864391475916
16423.984330924228,18.08062782883644,827.402757268399,8389.208597507328
16424.085314409807,18.08224662952125,827.4812581669539,8389.208597507328
16425.01610497199,18.08224662952125,827.4812581669539,8389.771151171997
16425.13433677517,18.08388433791697,827.5838001407683,8389.771151171997
16425.92742034048,18.08388433791697,827.5838001407683,8390.221270712093
16426.013323115185,18.085480147972703,827.6594287566841,8390.221270712093
16426.6286013294,18.085480147972703,827.6594287566841,8390.617745576426
16427.982189683244,18.09074759297073,827.71544877626,8390.617745576426
16428.675212640315,18.09074759297073,827.71544877626,8390.936432573944
16428.854152625427,18.09241297468543,827.7761826906353,8390.936432573944
16430.11602259986,18.09241297468543,827.7761826906353,8391.466956555843
16430.24551946856,18.09397147037089,827.8701867498457,8391.466956555843
16431.332114273682,18.09397147037089,827.8701867498457,8391.95366984047
16431.478148512542,18.09571699053049,827.9950517416,8391.95366984047
16432.491092519835,18.09571699053049,827.9950517416,8392.273938827217
16436.163881497458,18.10169158130884,828.0911603104323,8392.273938827217
16437.00549403578,18.10169158130884,828.0911603104323,8392.530632626265
16437.231689000502,18.103308901190758,828.1267010252923,8392.530632626265
16438.259652502835,18.103308901190758,828.1267010252923,8392.789041738957
16438.354938566685,18.104953741654754,828.1877072323114,8392.789041738957
16438.9056327343,18.104953741654754,828.1877072323114,8393.077631032094
16438.998417513445,18.106716623529792,828.2607816625386,8393.077631032094
16439.863706935197,18.106716623529792,828.2607816625386,8393.509226184338
16441.067702068016,18.11191306076944,828.3426389619708,8393.509226184338
16441.6718987301,18.11191306076944,828.3426389619708,8393.817895812914
16441.81716624275,18.113545909523964,828.4607385601848,8393.817895812914
16442.523459712043,18.113545909523964,828.4607385601848,8394.259234772995
16442.61419052258,18.11515430919826,828.535134203732,8394.259234772995
16443.224016409367,18.11515430919826,828.535134203732,8394.608411265537
16443.366090301424,18.116774708032608,828.6520296186209,8394.608411265537
16444.45918704942,18.116774708032608,828.6520296186209,8395.182354046032
16446.489336932078,18.12180157005787,828.8002783171833,8395.182354046032
16447.124976357445,18.12180157005787,828.8002783171833,8395.442350417376
16447.279825221747,18.123421097174287,828.9322811067104,8395.442350417376
16448.408495446667,18.123421097174287,828.9322811067104,8395.729396719486
16448.496165232733,18.125132186338305,829.0064073633403,8395.729396719486
16449.28023328446,18.125132186338305,829.0064073633403,8396.069283263758
16449.35810135305,18.12668132223189,829.0743070971221,8396.069283263758
16450.22692188807,18.12668132223189,829.0743070971221,8396.351413525641
16452.9467417486,18.13151978701353,829.1958946287632,8396.351413525641
16454.231583004817,18.13151978701353,829.1958946287632,8396.906458852813
16454.344056390226,18.133170057088137,829.2459568288177,8396.906458852813
16454.898121841252,18.133170057088137,829.2459568288177,8397.27221887745
16454.970868073404,18.134680565446615,829.3088732939214,8397.27221887745
16455.662408305332,18.134680565446615,829.3088732939214,8397.620864521712
16455.769683046266,18.13629167340696,829.3851917441934,8397.620864521712
16457.013718528673,18.13629167340696,829.3851917441934,8397.945489235222
16458.83990601264,18.14635511301458,829.4500568844378,8397.945489235222
16459.767982626334,18.14635511301458,829.4500568844378,8398.349559664726
16459.866584541276,18.14793007262051,829.5372989121825,8398.349559664726
16460.724423307925,18.14793007262051,829.5372989121825,8398.696791863069
16460.85745355673,18.154411789029837,829.6043605916202,8398.696791863069
16461.442480990663,18.154411789029837,829.6043605916202,8398.991372311488
16461.538737040013,18.155982429161668,829.6818651314825,8398.991372311488
16462.28166309744,18.155982429161668,829.6818651314825,8399.383205739781
16464.955730216578,18.16099322028458,829.7459320072085,8399.383205739781
16465.780187426135,18.16099322028458,829.7459320072085,8399.862090962008
16465.91441905871,18.16250284574926,829.8708197791129,8399.862090962008
16466.725274400786,18.16250284574926,829.8708197791129,8400.292062113062
16466.802815392613,18.164081744849682,829.9341359399259,8400.292062113062
16467.98106301576,18.164081744849682,829.9341359399259,8400.663293907419
16468.09206601605,18.165724715217948,830.0279944483191,8400.663293907419
16469.086927916855,18.165724715217948,830.0279944483191,8401.042106119916
16471.236430732533,18.170623145997524,830.0802508275956,8401.042106119916
16472.090537492186,18.170623145997524,830.0802508275956,8401.353119656444
16472.2220662646,18.172306125983596,830.1825759802014,8401.353119656444
16473.275682972744,18.172306125983596,830.1825759802014,8401.723401783034
16473.475473936647,18.173862423747778,830.3695930112153,8401.723401783034
16474.194058600813,18.173862423747778,830.3695930112153,8402.063816126436
16474.264452433214,18.176221188157797,830.4293062780052,8402.063816126436
16474.883731499314,18.176221188157797,830.4293062780052,8402.44158668071
16476.4694196973,18.18135242164135,830.5141001306474,8402.44158668071
16477.132362078875,18.18135242164135,830.5141001306474,8402.90759457834
16477.197621883824,18.182925660163164,830.5695652794093,8402.90759457834
16478.11793962866,18.182925660163164,830.5695652794093,8403.482126090676
16478.25875236094,18.18454401753843,830.6924195531756,8403.482126090676
16479.276786202565,18.18454401753843,830.6924195531756,8404.077749276534
16479.468545632437,18.18639726936817,830.852050345391,8404.077749276534
16480.46862365678,18.18639726936817,830.852050345391,8404.738461108878
16483.351647447795,18.191253630444407,830.9108174443245,8404.738461108878
16483.930638251826,18.191253630444407,830.9108174443245,8405.071549937129
16484.025062847883,18.19287703745067,830.989506457001,8405.071549937129
16484.667817935348,18.19287703745067,830.989506457001,8405.383017793298
16484.81243788451,18.194497905671597,831.0829892270267,8405.383017793298
16485.73336817138,18.194497905671597,831.0829892270267,8405.873888552189
16485.900677524507,18.196084266528487,831.2271489501,8405.873888552189
16486.601427504793,18.196084266528487,831.2271489501,8406.335237344727
16488.298923036084,18.20404657162726,831.2963382396847,8406.335237344727
16489.162991566584,18.20404657162726,831.2963382396847,8406.76620722562
16489.428836572915,18.20591096766293,831.3769741244614,8406.76620722562
16490.31436098367,18.20591096766293,831.3769741244614,8407.409092124552
16490.439567092806,18.207541035488248,831.4767976813018,8407.409092124552
16491.321605509147,18.207541035488248,831.4767976813018,8408.030766865239
16491.49061699398,18.209261847659945,831.5759671665728,8408.030766865239
16492.423270843923,18.209261847659945,831.5759671665728,8408.678953036666
16493.67312404327,18.214250108227134,831.6404173392802,8408.678953036666
16494.22529933974,18.214250108227134,831.6404173392802,8408.9913777709
16494.38648454286,18.215990141034126,831.7736109364778,8408.9913777709
16495.31011147611,18.215990141034126,831.7736109364778,8409.42843333073
16495.46597025171,18.21760136075318,831.9162607323378,8409.42843333073
16496.18245177716,18.21760136075318,831.9162607323378,8409.778545537964
16496.39940760471,18.22075605764985,832.0522156432271,8409.778545537964
16497.087896270677,18.22075605764985,832.0522156432271,8410.128121728078
16499.07336435467,18.22622404806316,832.1187405120581,8410.128121728078
16499.988135216758,18.22622404806316,832.1187405120581,8410.627782288939
16500.18586324528,18.227818755432963,832.2785667795688,8410.627782288939
16500.979143688455,18.227818755432963,832.2785667795688,8411.251695619896
16501.09247990884,18.22938154451549,832.3821913525462,8411.251695619896
16501.98781267926,18.22938154451549,832.3821913525462,8411.777010975406
16502.097419325262,18.231144458055496,832.4707963243127,8411.777010975406
16502.722739100456,18.231144458055496,832.4707963243127,8412.15231622383
16504.37932964787,18.236075069755316,832.5595533289015,8412.15231622383
16505.148906720802,18.236075069755316,832.5595533289015,8412.447849120945
16505.36436172016,18.237662030383945,832.7456855550408,8412.447849120945
16506.079969951883,18.237662030383945,832.7456855550408,8412.84113570489
16506.189059656113,18.240941401571035,832.8279274012893,8412.84113570489
16507.0272353366,18.240941401571035,832.8279274012893,8413.124718185514
16507.123089600354,18.242554482072592,832.905237108469,8413.124718185514
16507.59605096467,18.242554482072592,832.905237108469,8413.392894154415
16512.37327163294,18.2513140514493,832.9752885252237,8413.392894154415
16513.027697118,18.2513140514493,832.9752885252237,8413.762627959251
16513.237186940387,18.266348786652088,833.0783424992114,8413.762627959251
16513.918978624046,18.266348786652088,833.0783424992114,8414.171757563949
16514.028636628762,18.27343829534948,833.1657660584897,8414.171757563949
16514.719827303663,18.27343829534948,833.1657660584897,8414.605876792222
16514.834770327434,18.275027321651578,833.2665568124503,8414.605876792222
16515.555077953264,18.275027321651578,833.2665568124503,8415.030493989587
16516.818413116038,18.28508978523314,833.4250797759742,8415.030493989587
16517.81537168473,18.28508978523314,833.4250797759742,8415.330490257591
16518.055525124073,18.28683541715145,833.4938471391797,8415.330490257591
16518.966807456687,18.28683541715145,833.4938471391797,8415.83871149458
16519.050230203196,18.288395265117288,833.566742554307,8415.83871149458
16520.150166884065,18.288395265117288,833.566742554307,8416.177266823128
16520.24109596014,18.29002233594656,833.6161469127983,8416.177266823128
16520.859526000917,18.29002233594656,833.6161469127983,8416.490830188617
16522.340495876968,18.294934544712305,833.745657229796,8416.490830188617
16523.09251280129,18.294934544712305,833.745657229796,8416.806769128889
16523.27588135749,18.297129955142736,833.9027603678405,8416.806769128889
16524.236833147705,18.297129955142736,833.9027603678405,8417.410732988268
16524.30374126695,18.298735186457634,833.9594843871891,8417.410732988268
16525.09565273486,18.298735186457634,833.9594843871891,8417.932724246755
16525.25611559488,18.30533383972943,834.0958848670125,8417.932724246755
16526.16312752664,18.30533383972943,834.0958848670125,8418.543254913762
16527.48835820891,18.31021709740162,834.1654020920396,8418.543254913762
16528.42844827287,18.31021709740162,834.1654020920396,8419.046583682299
16528.52009961009,18.312065050005913,834.2463823053986,8419.046583682299
16529.562952203676,18.312065050005913,834.2463823053986,8419.463933544233
16529.660085992888,18.313692400231957,834.3312569092959,8419.463933544233
16530.630340334028,18.313692400231957,834.3312569092959,8419.96204252541
16530.699410561472,18.31530999019742,834.3807582482696,8419.96204252541
16531.258936231956,18.31530999019742,834.3807582482696,8420.248688681051
16534.56931472197,18.32054240629077,834.4282386936247,8420.248688681051
16535.645415280014,18.32054240629077,834.4282386936247,8420.698922745883
16535.719143152237,18.32209318317473,834.4872381389141,8420.698922745883
16536.842899080366,18.32209318317473,834.4872381389141,8421.058562070131
16536.95992591791,18.323789043352008,834.5727556049824,8421.058562070131
16537.612848058343,18.323789043352008,834.5727556049824,8421.34795823507
16537.707560973242,18.32555266469717,834.645911835134,8421.34795823507
16538.509771808982,18.32555266469717,834.645911835134,8421.889563029632
16539.762549361214,18.33037663437426,834.7662290427834,8421.889563029632
16540.834348902106,18.33037663437426,834.7662290427834,8422.527887932956
16540.949097720906,18.331984674558043,834.8652263935655,8422.527887932956
16541.75477982126,18.331984674558043,834.8652263935655,8423.115548325703
16541.90823291242,18.333648374304175,835.0007498413324,8423.115548325703
16542.574919540435,18.333648374304175,835.0007498413324,8423.53144906275
16542.67017074488,18.33601094596088,835.0744353532791,8423.53144906275
16543.60117549263,18.33601094596088,835.0744353532791,8424.191100034863
16544.47820902057,18.343946371227503,835.2012722510844,8424.191100034863
16545.517267776653,18.343946371227503,835.2012722510844,8424.797495275736
16545.644403100014,18.345573583617806,835.3143833260983,8424.797495275736
16546.505510676652,18.345573583617806,835.3143833260983,8425.250337084755
16546.703305115923,18.347129741683602,835.4904191792011,8425.250337084755
16547.48547559604,18.347129741683602,835.4904191792011,8425.743164142594
16547.644264787436,18.348727280274034,835.6303555350751,8425.743164142594
16548.654874203727,18.348727280274034,835.6303555350751,8426.4468641337
16549.375441065058,18.354202069342136,835.7505941111594,8426.4468641337
16550.141984192654,18.354202069342136,835.7505941111594,8426.981870185584
16550.200529096648,18.355766179040074,835.7996067628264,8426.981870185584
16551.283585444093,18.355766179040074,835.7996067628264,8427.680302534252
16551.454173587263,18.357390459626913,835.95312926732,8427.680302534252
16552.084547156468,18.357390459626913,835.95312926732,8428.109621495008
16552.22542082891,18.359147891402245,836.0686456114054,8428.109621495008
16553.113442376256,18.359147891402245,836.0686456114054,8428.689442824572
16553.97874393314,18.364267226308584,836.1433063186705,8428.689442824572
16554.667795568705,18.364267226308584,836.1433063186705,8429.18732224591
16554.7470711004,18.366241021081805,836.2125066164881,8429.18732224591
16555.633024079725,18.366241021081805,836.2125066164881,8429.863732203841
16555.692803759128,18.367957124486566,836.2623454034328,8429.863732203841
16556.33748194948,18.367957124486566,836.2623454034328,8430.282309509814
16556.426583681256,18.369597313925624,836.3310900628567,8430.282309509814
16557.207108760253,18.369597313925624,836.3310900628567,8430.781947549433
16557.946401862428,18.37444666773081,836.4630733951926,8430.781947549433
16558.64630286768,18.37444666773081,836.4630733951926,8431.29943667166
16558.734592732042,18.376021405681968,836.5410337857902,8431.29943667166
16559.352449877188,18.376021405681968,836.5410337857902,8431.713919701055
16559.539622671902,18.37770452722907,836.7114404160529,8431.713919701055
16560.31688850373,18.37770452722907,836.7114404160529,8432.216651799157
16560.445169856772,18.379257095977664,836.8174362052232,8432.216651799157
16561.395668312907,18.379257095977664,836.8174362052232,8432.825550829992
16562.46977904439,18.384474739432335,836.9958428107202,8432.825550829992
16563.251268673688,18.384474739432335,836.9958428107202,8433.233350008726
16563.31416408904,18.38603798672557,837.0455469340086,8433.233350008726
16564.19726070948,18.38603798672557,837.0455469340086,8433.741379734129
16564.2693219278,18.38766886666417,837.1063729394227,8433.741379734129
16565.15086968802,18.38766886666417,837.1063729394227,8434.396965032443
16565.288166176528,18.389228066429496,837.2202403508127,8434.396965032443
16566.16465001367,18.389228066429496,837.2202403508127,8435.008891116828
16566.94848981686,18.39410364627838,837.3233240172267,8435.008891116828
16567.691250801086,18.39410364627838,837.3233240172267,8435.504084445536
16567.79063556902,18.395675705745816,837.4062612447888,8435.504084445536
16568.59152797237,18.395675705745816,837.4062612447888,8436.014595353976
16568.7166998405,18.39734954573214,837.511593863368,8436.014595353976
16569.602967184037,18.39734954573214,837.511593863368,8436.703155063093
16569.771095154807,18.398907842114568,837.6533972304314,8436.703155063093
16570.647785056382,18.398907842114568,837.6533972304314,8437.356501419097
16574.086471311748,18.40386526286602,837.7104552667588,8437.356501419097
16574.546971121803,18.40386526286602,837.7104552667588,8437.618688641116
16574.789774550125,18.40575389750302,837.7630977351218,8437.618688641116
16575.503627540544,18.40575389750302,837.7630977351218,8437.877535691485
16575.573146974668,18.407477436587214,837.8205054402351,8437.877535691485
16576.355536108837,18.407477436587214,837.8205054402351,8438.215558292344
16576.45385496877,18.409116573631763,837.8898679837584,8438.215558292344
16577.694783857092,18.409116573631763,837.8898679837584,8438.565696204081
16578.91434974782,18.41439240053296,838.0354042612016,8438.565696204081
16579.58516637422,18.41439240053296,838.0354042612016,8438.934362351894
16579.7641701214,18.416021587327123,838.170714892447,8438.934362351894
16580.599090682343,18.416021587327123,838.170714892447,8439.436011640355
16580.78417810984,18.42065811343491,838.3131130151451,8439.436011640355
16581.58752596937,18.42065811343491,838.3131130151451,8440.018654042855
16581.739035584033,18.42221388220787,838.4355637338012,8440.018654042855
16582.53845141083,18.42221388220787,838.4355637338012,8440.431276392192
16584.374850464985,18.427405167371035,838.5786439944059,8440.431276392192
16584.763601489365,18.427405167371035,838.5786439944059,8440.682824708521
16584.841404272243,18.429127257317305,838.6391458343714,8440.682824708521
16585.43201602064,18.429127257317305,838.6391458343714,8441.067497199401
16585.56078751199,18.431382827460766,838.7410905919969,8441.067497199401
16586.50031708926,18.431382827460766,838.7410905919969,8441.566300585866
16586.645247695968,18.43298253789544,838.8638605959713,8441.566300585866
16587.346138138324,18.43298253789544,838.8638605959713,8441.98436578177
16589.06616436504,18.43811203353107,838.9342988785356,8441.98436578177
16590.11321953684,18.43811203353107,838.9342988785356,8442.272733038291
16590.36259200424,18.43989317677915,838.9988048542291,8442.272733038291
16591.03168848902,18.43989317677915,838.9988048542291,8442.641438249499
16591.094488091767,18.441599309444427,839.0497236400843,8442.641438249499
16591.99664195627,18.441599309444427,839.0497236400843,8442.888068225235
16592.28108184226,18.44416830688715,839.1016603950411,8442.888068225235
16593.097651170567,18.44416830688715,839.1016603950411,8443.17198073119
16595.41826154478,18.449191581457853,839.2050246354192,8443.17198073119
16596.58784222789,18.449191581457853,839.2050246354192,8443.51773854345
16596.679928133264,18.45200629159808,839.281189199537,8443.51773854345
16597.41750407219,18.45200629159808,839.281189199537,8443.789331026375
16597.530577560887,18.4536952637136,839.3794385176152,8443.789331026375
16598.31620126404,18.4536952637136,839.3794385176152,8444.084323912859
16598.438212277368,18.45536515302956,839.4879857115448,8444.084323912859
16599.343532618135,18.45536515302956,839.4879857115448,8444.573506783694
16600.693216549233,18.460282979533076,839.6004727371037,8444.573506783694
16601.73588310927,18.460282979533076,839.6004727371037,8445.081771731377
16601.84521199949,18.461871799081564,839.6922506075352,8445.081771731377
16602.707057259977,18.461871799081564,839.6922506075352,8445.681194147095
16602.85039407946,18.463458597660065,839.8072539698333,8445.681194147095
16603.745982615277,18.463458597660065,839.8072539698333,8446.300674438477
16603.81199344434,18.465035745874047,839.8639090601355,8446.300674438477
16604.538541624323,18.465035745874047,839.8639090601355,8446.7782835681
16605.557913593948,18.470580546185374,839.932725392282,8446.7782835681
16606.66049386747,18.470580546185374,839.932725392282,8447.194982592016
16606.73664590344,18.472716603428125,839.9927348047495,8447.194982592016
16607.61736951582,18.472716603428125,839.9927348047495,8447.57856310159
16607.699918700382,18.474317342042923,840.0649616383016,8447.57856310159
16608.520860388875,18.474317342042923,840.0649616383016,8447.961657769978
16608.68858330138,18.476876977831125,840.1590113602579,8447.961657769978
16609.35892914608,18.476876977831125,840.1590113602579,8448.417603295296
16610.903451221064,18.481921400874853,840.2787467185408,8448.417603295296
16611.57830410078,18.481921400874853,840.2787467185408,8448.89457729645
16611.66024584137,18.48347711749375,840.3342500794679,8448.89457729645
16612.68011458777,18.48347711749375,840.3342500794679,8449.209708020091
16612.9309176635,18.485334960743785,840.394546655938,8449.209708020091
16613.936387248337,18.485334960743785,840.394546655938,8449.597118068486
16614.065433606505,18.486989472061396,840.4991692192852,8449.597118068486
16614.768382096663,18.486989472061396,840.4991692192852,8450.098223958164
16616.917115757242,18.491847332566977,840.5857355352491,8450.098223958164
16617.579020868987,18.491847332566977,840.5857355352491,8450.47250793688
16617.65724563226,18.494170174002647,840.6508411299437,8450.47250793688
16618.494125571102,18.494170174002647,840.6508411299437,8450.929140467197
16618.62548652105,18.495783941820264,840.7509235814214,8450.929140467197
16619.228349599987,18.495783941820264,840.7509235814214,8451.267184551805
16619.353563180193,18.497412702068686,840.8558302521706,8451.267184551805
16620.114055428654,18.497412702068686,840.8558302521706,8451.686922939494
16622.17330917716,18.502350013703108,840.9826539512724,8451.686922939494
16622.835599528626,18.502350013703108,840.9826539512724,8452.006056088954
16622.944583153352,18.504104916006327,841.0426986534148,8452.006056088954
16623.797275057063,18.504104916006327,841.0426986534148,8452.324592484161
16623.956600166857,18.505622323602438,841.1853599026799,8452.324592484161
16624.925811532885,18.505622323602438,841.1853599026799,8452.821199890226
16624.995947068557,18.507190132513642,841.2456269189715,8452.821199890226
16625.64366095513,18.507190132513642,841.2456269189715,8453.214659228921
16627.357321266085,18.51203414052725,841.3138864394277,8453.214659228921
16628.232733877376,18.51203414052725,841.3138864394277,8453.563777592033
16628.30906029418,18.513671912252903,841.3728150110692,8453.563777592033
16629.092015961185,18.513671912252903,841.3728150110692,8453.957827851176
16629.173617737368,18.52073387056589,841.437752911821,8453.957827851176
16629.761108826846,18.52073387056589,841.437752911821,8454.265927387401
16629.828053524718,18.52224039658904,841.4916771538556,8454.265927387401
16630.37884569727,18.52224039658904,841.4916771538556,8454.62210586667
16631.798954429105,18.527283407747746,841.5400210339576,8454.62210586667
16632.289851671085,18.527283407747746,841.5400210339576,8454.93366438523
16632.399404644966,18.52883946709335,841.589722989127,8454.93366438523
16633.07796579972,18.52883946709335,841.589722989127,8455.381809109822
16633.287319030613,18.53047256730497,841.7407153174281,8455.381809109822
16633.869736129418,18.53047256730497,841.7407153174281,8455.750600870699
16634.00718512945,18.53202995657921,841.8473976459354,8455.750600870699
16634.775277623907,18.53202995657921,841.8473976459354,8456.204277705401
16636.230509836227,18.53761782683432,841.9076270498335,8456.204277705401
16637.05940847844,18.53761782683432,841.9076270498335,8456.60156429559
16637.143837044016,18.539198664948344,841.9752566404641,8456.60156429559
16637.917864121497,18.539198664948344,841.9752566404641,8456.956211909652
16638.121760761365,18.541077308356762,842.1020623296499,8456.956211909652
16638.67916293256,18.541077308356762,842.1020623296499,8457.246263287961
16638.821327719837,18.54269229620695,842.2317642290145,8457.246263287961
16639.72118003294,18.54269229620695,842.2317642290145,8457.756957011297
16641.19085034728,18.55581673234701,842.319533387199,8457.756957011297
16642.010554959998,18.55581673234701,842.319533387199,8458.128416791558
16642.26249272749,18.56063316948712,842.3947677761316,8458.128416791558
16642.781900836155,18.56063316948712,842.3947677761316,8458.453542936593
16642.870533540845,18.563313158228993,842.4715096130967,8458.453542936593
16644.310585023835,18.563313158228993,842.4715096130967,8458.800187755376
16644.408408984542,18.56573747098446,842.5429876819253,8458.800187755376
16645.51596765779,18.56573747098446,842.5429876819253,8459.248057376593
16648.70124144852,18.57073895074427,842.5997188333422,8459.248057376593
16650.16861335002,18.57073895074427,842.5997188333422,8459.754434341565
16650.36787640676,18.572334498167038,842.7786582801491,8459.754434341565
16651.01460464485,18.572334498167038,842.7786582801491,8460.079113677144
16651.075394921005,18.573890706524253,842.8290915079415,8460.079113677144
16652.303739791736,18.573890706524253,842.8290915079415,8460.506690585986
16652.452714873478,18.57549840770662,842.9638650398701,8460.506690585986
16653.76050000079,18.57549840770662,842.9638650398701,8460.989441469312
16656.672758184373,18.580346953123808,843.0137838777155,8460.989441469312
16657.165257696062,18.580346953123808,843.0137838777155,8461.33774127625
16657.24072336778,18.58195007406175,843.0770195778459,8461.33774127625
16657.844846952707,18.58195007406175,843.0770195778459,8461.68688691035
16657.938834171742,18.583960700780153,843.1520808655769,8461.68688691035
16658.6106058266,18.583960700780153,843.1520808655769,8462.072151271626
16658.71881376393,18.585487516596913,843.2508398350328,8462.072151271626
16659.3810869772,18.585487516596913,843.2508398350328,8462.466412266716
16660.146607996896,18.5908296238631,843.3713893964887,8462.466412266716
16660.837878163904,18.5908296238631,843.3713893964887,8462.824616014957
16660.9252711758,18.5924163851887,843.4416105039418,8462.824616014957
16661.485987519845,18.5924163851887,843.4416105039418,8463.259104790166
16661.60878718458,18.594226798042655,843.5383268240839,8463.259104790166
16662.193968381733,18.594226798042655,843.5383268240839,8463.59783513099
16662.401169432327,18.595825677737594,843.6784787848592,8463.59783513099
16663.28417192027,18.595825677737594,843.6784787848592,8463.984123688191
16664.5521769654,18.606226375326514,843.7936821524054,8463.984123688191
16665.124019827694,18.606226375326514,843.7936821524054,8464.411951500922
16665.205909868702,18.60778983309865,843.8560230769217,8464.411951500922
16665.88999932818,18.60778983309865,843.8560230769217,8464.812390048057
16665.97334816493,18.60943745262921,843.9129930324852,8464.812390048057
16666.61910107732,18.60943745262921,843.9129930324852,8465.121117504314
16666.746896389872,18.61099898815155,844.0205936804414,8465.121117504314
16667.494936233386,18.61099898815155,844.0205936804414,8465.573849491775
16668.626180008054,18.61581295542419,844.104341391474,8465.573849491775
16669.108519645408,18.61581295542419,844.104341391474,8465.862083906308
16669.179742673412,18.61733978241682,844.1641872785985,8465.862083906308
16669.91613358073,18.61733978241682,844.1641872785985,8466.36906401068
16670.075920369476,18.618982451036572,844.284608958289,8466.36906401068
16670.807574132457,18.618982451036572,844.284608958289,8466.812781054527
16670.88092196919,18.620521320030093,844.347972009331,8466.812781054527
16671.679036080837,18.620521320030093,844.347972009331,8467.137568615377
16672.78266631253,18.62551001086831,844.4235751852393,8467.137568615377
16673.40247248113,18.62551001086831,844.4235751852393,8467.423703860492
16673.511384272948,18.62711870856583,844.4892830736935,8467.423703860492
16673.996926881373,18.62711870856583,844.4892830736935,8467.75262140669
16674.1187242046,18.628738628700376,844.5970382858068,8467.75262140669
16674.68997184001,18.628738628700376,844.5970382858068,8468.069836411625
16674.80186880566,18.630336018279195,844.6992736756802,8468.069836411625
16675.78752863221,18.630336018279195,844.6992736756802,8468.734867652878
16676.68672280386,18.635265469551086,844.8138748817146,8468.734867652878
16677.511977912858,18.635265469551086,844.8138748817146,8468.992986170575
16677.879730215296,18.63696595095098,844.8915513549,8468.992986170575
16678.73909361288,18.63696595095098,844.8915513549,8469.360291481018
16678.872304446995,18.638535169884562,845.0137973986566,8469.360291481018
16679.64736429043,18.638535169884562,845.0137973986566,8469.784005152062
16679.797721806914,18.640653477981687,845.0758454278111,8469.784005152062
16680.36093484424,18.640653477981687,845.0758454278111,8470.112288875505
16682.931915488094,18.645666897296906,845.1452383678406,8470.112288875505
16683.492136824876,18.645666897296906,845.1452383678406,8470.40929301083
16683.68552705273,18.64727334678173,845.2297670654953,8470.40929301083
16684.327643187717,18.64727334678173,845.2297670654953,8470.767537260428
16684.399279180914,18.648748602718115,845.2893144395202,8470.767537260428
16685.147337583825,18.648748602718115,845.2893144395202,8471.100985856727
16685.308118021116,18.650433095172048,845.3710565660149,8471.100985856727
16685.940483735874,18.650433095172048,845.3710565660149,8471.45278346911
16687.956618454307,18.655489664524794,845.4832329079509,8471.45278346911
16688.54117011279,18.655489664524794,845.4832329079509,8471.792721785605
16688.652134232223,18.657072514295578,845.5820144247264,8471.792721785605
16689.224859924987,18.657072514295578,845.5820144247264,8472.10691079311
16689.294094763696,18.65873957425356,845.6414106767625,8472.10691079311
16689.84087377228,18.65873957425356,845.6414106767625,8472.426908863708
16689.920158777386,18.66030386276543,845.6914461161941,8472.426908863708
16690.441022465006,18.66030386276543,845.6914461161941,8472.76597840339
16692.02884592861,18.66552763991058,845.7662147581577,8472.76597840339
16692.79508313164,18.66552763991058,845.7662147581577,8473.22895907797
16693.033271236345,18.667419504374266,845.8672295268625,8473.22895907797
16693.726739456877,18.667419504374266,845.8672295268625,8473.608982531354
16693.8258186765,18.669066097587347,845.9533776622266,8473.608982531354
16694.616532307118,18.669066097587347,845.9533776622266,8474.01944517903
16694.67753173597,18.67066869698465,846.0047430787235,8474.01944517903
16695.235391078517,18.67066869698465,846.0047430787235,8474.31598812528
16697.28789085895,18.67576462775469,846.1093260813504,8474.31598812528
16698.139543397352,18.67576462775469,846.1093260813504,8474.799306862056
16698.23991720192,18.677374336868525,846.1976347491145,8474.799306862056
16699.00481347181,18.677374336868525,846.1976347491145,8475.241499967873
16699.06768304482,18.679020296782255,846.2475617565215,8475.241499967873
16699.740604881197,18.679020296782255,846.2475617565215,8475.546517100185
16699.883802035823,18.680856058374047,846.3447159044445,8475.546517100185
16700.33366505243,18.680856058374047,846.3447159044445,8475.81612610817
16701.57066631317,18.69007591716945,846.4136652983725,8475.81612610817
16702.16379000619,18.69007591716945,846.4136652983725,8476.234761185944
16702.308840526268,18.691803727298975,846.4982044864446,8476.234761185944
16703.161653004587,18.691803727298975,846.4982044864446,8476.600333517417
16703.257295796648,18.693401146680117,846.5758481007069,8476.600333517417
16704.24749651365,18.693401146680117,846.5758481007069,8476.912475408986
16704.322967598215,18.698327265679836,846.6308633238077,8476.912475408986
16705.19683969021,18.698327265679836,846.6308633238077,8477.191747132689
16707.06664462574,18.703233005478978,846.6912759523839,8477.191747132689
16707.67440897599,18.703233005478978,846.6912759523839,8477.441919283941
16707.927119115368,18.7050320468843,846.7559359502047,8477.441919283941
16708.78113592416,18.7050320468843,846.7559359502047,8477.690121660009
16708.85791745223,18.70666214823723,846.8193248920143,8477.690121660009
16709.6171371378,18.70666214823723,846.8193248920143,8477.938303627074
16709.681036559865,18.70823690854013,846.8697607591748,8477.938303627074
16710.539290720597,18.70823690854013,846.8697607591748,8478.293233877048
16712.563597457483,18.717729303985834,846.9329041689634,8478.293233877048
16713.327724883333,18.717729303985834,846.9329041689634,8478.547832081094
16713.520751254633,18.719485515728593,847.0163968000561,8478.547832081094
16714.145351300016,18.719485515728593,847.0163968000561,8478.822404637933
16714.24715650454,18.720992473885417,847.1035563480109,8478.822404637933
16715.48159618862,18.720992473885417,847.1035563480109,8479.202775489539
16715.55107108131,18.722618952393532,847.1568553764373,8479.202775489539
16716.37057731487,18.722618952393532,847.1568553764373,8479.604252265766
16717.82984198816,18.727610940113664,847.2141217570752,8479.604252265766
16718.370619280264,18.727610940113664,847.2141217570752,8479.939693190157
16718.429911840707,18.729201646521688,847.2634372953326,8479.939693190157
16719.13362524472,18.729201646521688,847.2634372953326,8480.428235800937
16719.210432533175,18.730823455378413,847.325679320842,8480.428235800937
16720.170372040942,18.730823455378413,847.325679320842,8480.940817078575
16720.279099309817,18.73252746835351,847.4036460183561,8480.940817078575
16721.00938617997,18.73252746835351,847.4036460183561,8481.39256673865
16722.606723437086,18.738398095592856,847.4830357544124,8481.39256673865
16723.219203583896,18.738398095592856,847.4830357544124,8481.678373528644
16723.472738295794,18.74017747864127,847.5247927810997,8481.678373528644
16724.787655295804,18.74017747864127,847.5247927810997,8481.95680876635
16725.189405996352,18.742864307016134,847.5836742240936,8481.95680876635
16725.644242113456,18.742864307016134,847.5836742240936,8482.248845782131
16725.911504896358,18.744527347385883,847.6415851470083,8482.248845782131
16726.4403764531,18.744527347385883,847.6415851470083,8482.52650924772
16728.300424629822,18.7498437743634,847.6907242182642,8482.52650924772
16728.845714712515,18.7498437743634,847.6907242182642,8482.823082422838
16728.91633415781,18.75143278390169,847.7415650654584,8482.823082422838
16729.76678839512,18.75143278390169,847.7415650654584,8483.077363209799
16729.845997257158,18.753067234531045,847.8107182942331,8483.077363209799
16730.492689425126,18.753067234531045,847.8107182942331,8483.336277838796
16730.632299464196,18.754731234163046,847.8847571630031,8483.336277838796
16731.60706635192,18.754731234163046,847.8847571630031,8483.678029816598
16733.41977780126,18.759716637432575,848.0175865106285,8483.678029816598
16734.31335342303,18.759716637432575,848.0175865106285,8484.194480823353
16734.607724988833,18.761384157463908,848.067543329671,8484.194480823353
16735.816919932142,18.761384157463908,848.067543329671,8484.586230423301
16735.88404582441,18.762997057288885,848.1194538827986,8484.586230423301
16736.885702384636,18.762997057288885,848.1194538827986,8484.845690466464
16736.953659240156,18.764626394957304,848.1752786785364,8484.845690466464
16737.890691353008,18.764626394957304,848.1752786785364,8485.125697722659
16741.26797541231,18.77043405175209,848.2601222917438,8485.125697722659
16741.84138930589,18.77043405175209,848.2601222917438,8485.409503947943
16741.910405172035,18.777586951851845,848.3099927064031,8485.409503947943
16742.743678776547,18.777586951851845,848.3099927064031,8485.880051381886
16742.88953279145,18.78177047893405,848.4201405718923,8485.880051381886
16743.56242759712,18.78177047893405,848.4201405718923,8486.306288247928
16743.640617089346,18.78331314586103,848.4694143868983,8486.306288247928
16744.272924456745,18.78331314586103,848.4694143868983,8486.65911889635
16745.397320916876,18.78835772536695,848.5923115834594,8486.65911889635
16746.035765264183,18.78835772536695,848.5923115834594,8487.119240367785
16746.10229242593,18.789892161265016,848.6429786961526,8487.119240367785
16746.851358378306,18.789892161265016,848.6429786961526,8487.536802638322
16746.92948788777,18.791511081159115,848.7058520875871,8487.536802638322
16747.61602233164,18.791511081159115,848.7058520875871,8487.944370334968
16747.76601685211,18.79340926744044,848.8400695994496,8487.944370334968
16748.347969532013,18.79340926744044,848.8400695994496,8488.270433658734
16750.987557567656,18.79916969127953,848.9151384029537,8488.270433658734
16751.822177048773,18.79916969127953,848.9151384029537,8488.639974376187
16751.92966756411,18.80092704296112,848.9914685506374,8488.639974376187
16752.576170599088,18.80092704296112,848.9914685506374,8489.00179990381
16752.643176907673,18.802493542432785,849.044900694862,8489.00179990381
16753.331957893446,18.802493542432785,849.044900694862,8489.303565362468
16753.411561461166,18.80532838217914,849.1120898872614,8489.303565362468
16754.004516312853,18.80532838217914,849.1120898872614,8489.582414146513
16755.587612340227,18.81027940288186,849.1596983019263,8489.582414146513
16756.161969345063,18.81027940288186,849.1596983019263,8489.871910547838
16756.288848223165,18.81201166473329,849.2224453333765,8489.871910547838
16756.927413001657,18.81201166473329,849.2224453333765,8490.233907815069
16756.998620519415,18.81363283470273,849.2715335283428,8490.233907815069
16757.55368608795,18.81363283470273,849.2715335283428,8490.591508971527
16757.67624594085,18.815248975530267,849.3802240863442,8490.591508971527
16758.346098721027,18.815248975530267,849.3802240863442,8490.991801505908
16760.40231254138,18.820353167131543,849.4844467230141,8490.991801505908
16761.169846117496,18.820353167131543,849.4844467230141,8491.224532810971
16761.241054052487,18.82195914722979,849.5340701360255,8491.224532810971
16761.887924524024,18.82195914722979,849.5340701360255,8491.547414667904
16761.9728692919,18.823479356244206,849.5969772897661,8491.547414667904
16762.515502996743,18.823479356244206,849.5969772897661,8491.829128295183
16762.60592227988,18.825037414208055,849.6741010323167,8491.829128295183
16763.209076436237,18.825037414208055,849.6741010323167,8492.21252060309
16765.16102506034,18.83029748313129,849.7569902893156,8492.21252060309
16765.709096644074,18.83029748313129,849.7569902893156,8492.522596424446
16765.794635130093,18.831859912723303,849.8321906868368,8492.522596424446
16766.4746515844,18.831859912723303,849.8321906868368,8493.006988739595
16766.625933548436,18.833513172343373,849.8951313924044,8493.006988739595
16767.104956235737,18.833513172343373,849.8951313924044,8493.344298634678
16767.184069717303,18.835148433223367,849.9516487307847,8493.344298634678
16767.804701531306,18.835148433223367,849.9516487307847,8493.71874364093
16769.141112960875,18.840086419135332,850.026499742642,8493.71874364093
16769.67820275575,18.840086419135332,850.026499742642,8493.996466364712
16769.815916491672,18.84175213240087,850.0813597012311,8493.996466364712
16770.245468568057,18.84175213240087,850.0813597012311,8494.264378018677
16770.331587435678,18.84332086145878,850.1542722079903,8494.264378018677
16771.023195182905,18.84332086145878,850.1542722079903,8494.659964090213
16771.152633698657,18.84491553157568,850.2735151778907,8494.659964090213
16771.840532427654,18.84491553157568,850.2735151778907,8495.063658855855
16773.42676552385,18.849736580625176,850.3273700363934,8495.063658855855
16774.09200035967,18.849736580625176,850.3273700363934,8495.333895293996
16774.184015884995,18.851335290819407,850.4014017656446,8495.333895293996
16774.888866420835,18.851335290819407,850.4014017656446,8495.583128189668
16774.956248259172,18.853676354512572,850.4512713514268,8495.583128189668
16775.673597004265,18.853676354512572,850.4512713514268,8495.919612662867
16775.801383858547,18.85528065264225,850.5178125537932,8495.919612662867
16776.433622933924,18.85528065264225,850.5178125537932,8496.254778522998
16780.06521701254,18.860213404521346,850.5664382204413,8496.254778522998
16781.17372816801,18.860213404521346,850.5664382204413,8496.540835930035
16781.314419096336,18.861903144046664,850.628716731444,8496.540835930035
16781.85690882057,18.861903144046664,850.628716731444,8496.836508229375
16781.926808539778,18.86353882215917,850.6825810708106,8496.836508229375
16782.308581979945,18.86353882215917,850.6825810708106,8497.101871967316
16782.392045598477,18.865212362259626,850.7522701174021,8497.101871967316
16783.323524979874,18.865212362259626,850.7522701174021,8497.394476933405
16784.600375225767,18.870120642706752,850.8427631817758,8497.394476933405
16785.088567553088,18.870120642706752,850.8427631817758,8497.69898108393
16785.167916417122,18.871920503675938,850.8930394649506,8497.69898108393
16785.708358950913,18.871920503675938,850.8930394649506,8497.999828577042
16785.860198251903,18.873598884791136,851.0311106182635,8497.999828577042
16786.877763301134,18.873598884791136,851.0311106182635,8498.621339518577
16786.98643368855,18.875259524211287,851.1297927033156,8498.621339518577
16787.58929158002,18.875259524211287,851.1297927033156,8499.00519406423
16790.06810299307,18.880302304401994,851.1770136822015,8499.00519406423
16790.814486464486,18.880302304401994,851.1770136822015,8499.281752748415
16790.874446757138,18.881922772154212,851.2259495314211,8499.281752748415
16791.532662205398,18.881922772154212,851.2259495314211,8499.544593464583
16791.596847282723,18.883483082056046,851.2808481510729,8499.544593464583
16792.36109269969,18.883483082056046,851.2808481510729,8499.89291842468
16792.424750348553,18.885061601176858,851.3310360666364,8499.89291842468
16792.90133342333,18.885061601176858,851.3310360666364,8500.203045235947
16794.933381833136,18.889995202422142,851.4033136423677,8500.203045235947
16795.50297981873,18.889995202422142,851.4033136423677,8500.499555071816
16795.575710441917,18.8918045964092,851.4580326788127,8500.499555071816
16796.95473269932,18.8918045964092,851.4580326788127,8500.862925326452
16797.03833406046,18.89340790733695,851.5152235981077,8500.862925326452
16798.107402244583,18.89340790733695,851.5152235981077,8501.124013738707
16798.347020355985,18.895041396841407,851.6098022218794,8501.124013738707
16799.41327767074,18.895041396841407,851.6098022218794,8501.494035381824
16802.81320096366,18.9006960503757,851.6761347390711,8501.494035381824
16803.55871207267,18.9006960503757,851.6761347390711,8501.901048179716
16803.617665505037,18.902230709791183,851.7255185581744,8501.901048179716
16804.044417301193,18.902230709791183,851.7255185581744,8502.177507402375
16804.127346530557,18.903927942737937,851.7943505626172,8502.177507402375
16804.69532245584,18.903927942737937,851.7943505626172,8502.50907109864
16804.78977523744,18.90552232041955,851.8714099563658,8502.50907109864
16805.61417460069,18.90552232041955,851.8714099563658,8502.900679264218
16808.27599663101,18.91062432155013,851.9330026376992,8502.900679264218
16808.912175668404,18.91062432155013,851.9330026376992,8503.122589705512
16809.337393896654,18.91239905357361,852.0271170791239,8503.122589705512
16809.93699960783,18.91239905357361,852.0271170791239,8503.3722762689
16809.999613860622,18.913971411064267,852.0799394398928,8503.3722762689
16810.776670951396,18.913971411064267,852.0799394398928,8503.628613675013
16810.884355800226,18.91701757721603,852.1361759342253,8503.628613675013
16811.83669287339,18.91701757721603,852.1361759342253,8503.94299660623
16814.46707005985,18.92200355604291,852.2096946612,8503.94299660623
16815.24457995221,18.92200355604291,852.2096946612,8504.250455152243
16815.44590705633,18.924264784902334,852.2925088573247,8504.250455152243
16816.192218096927,18.924264784902334,852.2925088573247,8504.595703085884
16816.312911253422,18.925949854776263,852.3979977685958,8504.595703085884
16816.92450581491,18.925949854776263,852.3979977685958,8505.013044018298
16817.040445234627,18.927553905174136,852.5032619833946,8505.013044018298
16817.63941683434,18.927553905174136,852.5032619833946,8505.337049823254
16819.413675304502,18.935544027015567,852.560162929818,8505.337049823254
16819.825425248593,18.935544027015567,852.560162929818,8505.605354938656
16819.883717007935,18.937060713768005,852.609301334247,8505.605354938656
16820.72477888502,18.937060713768005,852.609301334247,8505.947444114834
16820.88161070831,18.938598731532693,852.688506776467,8505.947444114834
16821.564796851948,18.938598731532693,852.688506776467,8506.29271245189
16821.71924512461,18.94016925059259,852.8187324255705,8506.29271245189
16822.452062629163,18.94016925059259,852.8187324255705,8506.694337351248
16824.108094088733,18.945160133764148,852.8906336147338,8506.694337351248
16824.634239053354,18.945160133764148,852.8906336147338,8506.976366203278
16824.710235957056,18.94678540341556,852.9470276497304,8506.976366203278
16825.443994628266,18.94678540341556,852.9470276497304,8507.455176707357
16825.670726357028,18.948311179876328,853.0269109439105,8507.455176707357
16826.3378843572,18.948311179876328,853.0269109439105,8507.908897913992
16826.479625476524,18.949876327067614,853.1479767877609,8507.908897913992
16827.194462107494,18.949876327067614,853.1479767877609,8508.32365704514
16829.456797938794,18.954814221709967,853.1968600880355,8508.32365704514
16830.19127346389,18.954814221709967,853.1968600880355,8508.583720108494
16830.264482509345,18.95648018270731,853.2541669700295,8508.583720108494
16830.865574056283,18.95648018270731,853.2541669700295,8508.911146879196
16830.925792662427,18.958029912784696,853.3044406343251,8508.911146879196
16831.61927481182,18.958029912784696,853.3044406343251,8509.247353216633
16831.730781182647,18.95954238064587,853.3861744739115,8509.247353216633
16832.402994936332,18.95954238064587,853.3861744739115,8509.624077212065
16833.832294518128,18.96479600854218,853.4344551134855,8509.624077212065
16834.334778431803,18.96479600854218,853.4344551134855,8509.979555841535
16834.459914579988,18.966360164806247,853.501783689484,8509.979555841535
16835.10611654073,18.966360164806247,853.501783689484,8510.335987478495
16835.209054915234,18.9698614384979,853.5853677522391,8510.335987478495
16836.001987384632,18.9698614384979,853.5853677522391,8510.757222805172
16836.076049212366,18.97337514348328,853.6392406318337,8510.757222805172
16836.63094115071,18.97337514348328,853.6392406318337,8511.108851104975
16838.685630533844,18.97849577665329,853.6947439312935,8511.108851104975
16839.268267769367,18.97849577665329,853.6947439312935,8511.368190692738
16839.41467072256,18.981853667646646,853.7616012357175,8511.368190692738
16840.024645885453,18.981853667646646,853.7616012357175,8511.63499624841
16840.085148094222,18.983451114967465,853.8106129877269,8511.63499624841
16840.962586693466,18.983451114967465,853.8106129877269,8511.957499125972
16841.045530272648,18.98506594263017,853.878086566925,8511.957499125972
16841.788190677762,18.98506594263017,853.878086566925,8512.276107322425
16845.150532800704,18.99165889248252,853.9844353515655,8512.276107322425
16845.927932478487,18.99165889248252,853.9844353515655,8512.559053249657
16846.043056605384,18.995229626074433,854.0496731586754,8512.559053249657
16846.672594450414,18.995229626074433,854.0496731586754,8512.855868810788
16846.7336708121,18.996810123324394,854.0994014143944,8512.855868810788
16847.576189417392,18.996810123324394,854.0994014143944,8513.258180981502
16847.66459597461,18.998353831470013,854.1757926754653,8513.258180981502
16848.593790864572,18.998353831470013,854.1757926754653,8513.585162442178
16851.381420977414,19.003690728917718,854.2246975246817,8513.585162442178
16851.74426931329,19.003690728917718,854.2246975246817,8513.8333166074
16851.889848150313,19.005230776965618,854.346583692357,8513.8333166074
16852.636268336326,19.005230776965618,854.346583692357,8514.15620287694
16852.69765831344,19.00733755528927,854.3970428109169,8514.15620287694
16853.610656417906,19.00733755528927,854.3970428109169,8514.455541215837
16853.68181134388,19.008943803608418,854.4545351285487,8514.455541215837
16854.236373104155,19.008943803608418,854.4545351285487,8514.789097944275
16855.85005415231,19.014990171417594,854.57903929241,8514.789097944275
16856.3465712294,19.014990171417594,854.57903929241,8515.12561756745
16856.41780234687,19.01660898886621,854.628915630281,8515.12561756745
16857.064275080338,19.01660898886621,854.628915630281,8515.439531611279
16857.186370564625,19.01829886995256,854.7257314827293,8515.439531611279
16858.059723649174,19.01829886995256,854.7257314827293,8515.828443869948
16858.267976608127,19.020062981173396,854.790521454066,8515.828443869948
16859.156539227813,19.020062981173396,854.790521454066,8516.154912620783
16862.35182267241,19.032514207065105,854.8860543537885,8516.154912620783
16863.29983011447,19.032514207065105,854.8860543537885,8516.431601576507
16863.6055422388,19.03418580815196,854.9417798053473,8516.431601576507
16864.305179312825,19.03418580815196,854.9417798053473,8516.801546918228
16864.39436482452,19.03590905852616,855.0156859382987,8516.801546918228
16865.378808259964,19.03590905852616,855.0156859382987,8517.103501735255
16865.462463252246,19.040619153529406,855.0662239864469,8517.103501735255
16866.118596874177,19.040619153529406,855.0662239864469,8517.379942046478
16867.86441106908,19.045544013381004,855.1317374669015,8517.379942046478
16868.56121470779,19.045544013381004,855.1317374669015,8517.787075543776
16868.665867865086,19.04712602123618,855.222996558994,8517.787075543776
16869.153314843774,19.04712602123618,855.222996558994,8518.04939359799
16869.236277004704,19.048796193674207,855.2862730026245,8518.04939359799
16870.08317580819,19.048796193674207,855.2862730026245,8518.606913033873
16870.17793309316,19.050418753176928,855.3695824984461,8518.606913033873
16870.756781116128,19.050418753176928,855.3695824984461,8518.916027611122
16871.746062412858,19.05530876107514,855.4479414839298,8518.916027611122
16872.394238209352,19.05530876107514,855.4479414839298,8519.407375803217
16872.533145535737,19.057776544243097,855.5622700154781,8519.407375803217
16873.206387517974,19.057776544243097,855.5622700154781,8519.826442159712
16873.322084464133,19.05933204293251,855.652956334874,8519.826442159712
16874.09139478393,19.05933204293251,855.652956334874,8520.239579897374
16874.162791054696,19.0611220151186,855.7037809379399,8520.239579897374
16874.887595085427,19.0611220151186,855.7037809379399,8520.762022884563
16875.736545216292,19.066228738054633,855.7528296001256,8520.762022884563
16876.56942282431,19.066228738054633,855.7528296001256,8521.187275912613
16876.664726298302,19.067926147952676,855.818904735148,8521.187275912613
16877.642752539366,19.067926147952676,855.818904735148,8521.791267136112
16877.784830044955,19.069531567394733,855.9403051361442,8521.791267136112
16878.731211299077,19.069531567394733,855.9403051361442,8522.36268873699
16878.81635852903,19.072659473866224,856.0017824061215,8522.36268873699
16879.337085876614,19.072659473866224,856.0017824061215,8522.756012376398
16880.287357551977,19.07755091227591,856.143039336428,8522.756012376398
16881.000963179395,19.07755091227591,856.143039336428,8523.166235782206
16881.10144841671,19.079087967053056,856.2211083564907,8523.166235782206
16881.838944820687,19.079087967053056,856.2211083564907,8523.63883489184
16881.911576740444,19.080693755298853,856.276652386412,8523.63883489184
16882.51983057335,19.080693755298853,856.276652386412,8524.023693427444
16882.678400415927,19.082264583557844,856.4128133133054,8524.023693427444
16883.422486487776,19.082264583557844,856.4128133133054,8524.490354349837
16884.39159159735,19.08821438252926,856.5067924335599,8524.490354349837
16884.936490112916,19.08821438252926,856.5067924335599,8524.840227406472
16885.073292264715,19.08988336287439,856.6245974581689,8524.840227406472
16885.68705012463,19.08988336287439,856.6245974581689,8525.26857579127
16885.823683081195,19.09144672192633,856.7445216085762,8525.26857579127
16886.455907717347,19.09144672192633,856.7445216085762,8525.65973354131
16886.54078969173,19.093165393918753,856.8190935365856,8525.65973354131
16887.28101550415,19.093165393918753,856.8190935365856,8526.044823668897
16887.989441957325,19.098210657015443,856.8722495827824,8526.044823668897
16888.457221308723,19.098210657015443,856.8722495827824,8526.352225793526
16888.542668474838,19.099821405485272,856.9423370491713,8526.352225793526
16889.280265038833,19.099821405485272,856.9423370491713,8526.792272284627
16889.36217966117,19.10142097249627,857.0120324250311,8526.792272284627
16890.00149254501,19.10142097249627,857.0120324250311,8527.185421228409
16890.09676970914,19.103938618674874,857.0921887233853,8527.185421228409
16890.6589183677,19.103938618674874,857.0921887233853,8527.532237891108
16891.21646846831,19.10888472944498,857.1474582795054,8527.532237891108
16891.756440173835,19.10888472944498,857.1474582795054,8527.889820048586
16891.848349928856,19.11081598326564,857.2250526621938,8527.889820048586
16892.509541720152,19.11081598326564,857.2250526621938,8528.238283032551
16892.598388776183,19.11235638335347,857.304005080834,8528.238283032551
16893.224983032793,19.11235638335347,857.304005080834,8528.661609515548
16893.28404419683,19.11394165456295,857.3530807830393,8528.661609515548
16893.73942450434,19.11394165456295,857.3530807830393,8528.917029956356
16894.498700732365,19.11895264312625,857.4357165377587,8528.917029956356
16895.16111441888,19.11895264312625,857.4357165377587,8529.394669748843
16895.25407128036,19.120622489601374,857.5113801956177,8529.394669748843
16895.81931925565,19.120622489601374,857.5113801956177,8529.773496894166
16895.90414730087,19.12225753813982,857.58609585464,8529.773496894166
16896.362045343965,19.12225753813982,857.58609585464,8530.103287065402
16896.43655315973,19.12385891005397,857.6502887737006,8530.103287065402
16896.983711320907,19.12385891005397,857.6502887737006,8530.426341157407
16897.85282664746,19.128795728087425,857.7755167130381,8530.426341157407
16898.52572659217,19.128795728087425,857.7755167130381,8530.847359050065
16898.588153321296,19.13035442493856,857.8253424614668,8530.847359050065
16899.226746153086,19.13035442493856,857.8253424614668,8531.28500194475
16899.29290218465,19.13212633691728,857.8790971897542,8531.28500194475
16899.804635100067,19.13212633691728,857.8790971897542,8531.643729142845
16899.95876395516,19.14814473874867,857.9313865415752,8531.643729142845
16900.626284085214,19.14814473874867,857.9313865415752,8532.094108982012
16901.3055934757,19.153130989521742,857.981889391318,8532.094108982012
16901.904486807063,19.153130989521742,857.981889391318,8532.502790769562
16902.007150905207,19.15473443828523,858.0720490142703,8532.502790769562
16902.735327709466,19.15473443828523,858.0720490142703,8532.955949537456
16902.824329216033,19.156417418271303,858.1467909459025,8532.955949537456
16903.68806120567,19.156417418271303,858.1467909459025,8533.263084124774
16903.788420824334,19.15822475962341,858.2264926470816,8533.263084124774
16904.658754784614,19.15822475962341,858.2264926470816,8533.650443604216
16906.215804100037,19.17320035584271,858.3125943653286,8533.650443604216
16906.74597704038,19.17320035584271,858.3125943653286,8534.00526024215
16906.89889692515,19.18147448822856,858.436392556876,8534.00526024215
16907.530491268262,19.18147448822856,858.436392556876,8534.386833187193
16907.659677719697,19.183086097240448,858.5416668653488,8534.386833187193
16908.423814466223,19.183086097240448,858.5416668653488,8534.86485079676
16908.54091685824,19.184904020279646,858.6105515304953,8534.86485079676
16909.005495283753,19.184904020279646,858.6105515304953,8535.148340396583
16910.01454807818,19.189969513565302,858.6819678302854,8535.148340396583
16910.55238121748,19.189969513565302,858.6819678302854,8535.500400776044
16910.736328205094,19.191597631201148,858.7526043951511,8535.500400776044
16911.203332953155,19.191597631201148,858.7526043951511,8535.813243189827
16911.29299839586,19.19685279764235,858.8277135137469,8535.813243189827
16912.036196593195,19.19685279764235,858.8277135137469,8536.268291581422
16912.107703484595,19.198445457965136,858.8898146338761,8536.268291581422
16912.768675152212,19.198445457965136,858.8898146338761,8536.705691190436
16913.85511741601,19.203675281256437,858.9722180441022,8536.705691190436
16914.578967928886,19.203675281256437,858.9722180441022,8537.114525672048
16914.664474897087,19.205198189243674,859.0483520515263,8537.114525672048
16915.188915209845,19.205198189243674,859.0483520515263,8537.392560662702
16915.297774432227,19.20800933241844,859.1292609926313,8537.392560662702
16916.026952162385,19.20800933241844,859.1292609926313,8537.675963770598
16916.1132871937,19.209668412804604,859.1985074132681,8537.675963770598
16916.586888913065,19.209668412804604,859.1985074132681,8537.992385270074
16917.9770988971,19.21466439217329,859.2559085674584,8537.992385270074
16918.565049044788,19.21466439217329,859.2559085674584,8538.313574364409
16918.65154744126,19.216262301430106,859.3210855945945,8538.313574364409
16919.296341896057,19.216262301430106,859.3210855945945,8538.626681685448
16919.38027530536,19.21794161386788,859.3889506720006,8538.626681685448
16919.930968675762,19.21794161386788,859.3889506720006,8538.980197599158
16920.01918612048,19.219475572928786,859.4672123771161,8538.980197599158
16920.56917552091,19.219475572928786,859.4672123771161,8539.30809745565
16921.330162180588,19.224392855539918,859.5342678371817,8539.30809745565
16921.960783198476,19.224392855539918,859.5342678371817,8539.705440018326
16922.050560813397,19.226019164547324,859.5928189214319,8539.705440018326
16922.662226215005,19.226019164547324,859.5928189214319,8540.083783064038
16922.775840222836,19.22754813171923,859.6893221270293,8540.083783064038
16923.415114188567,19.22754813171923,859.6893221270293,8540.53931488283
16923.579834604636,19.229106770828366,859.8279532883316,8540.53931488283
16924.08741743304,19.229106770828366,859.8279532883316,8540.874220756814
16925.130842212588,19.234062978997827,859.8893135543913,8540.874220756814
16925.72091417201,19.234062978997827,859.8893135543913,8541.227576687932
16925.814117997885,19.23574709892273,859.9725490398705,8541.227576687932
16926.403472416103,19.23574709892273,859.9725490398705,8541.539492694661
16926.541074940935,19.23741983063519,860.0799953844398,8541.539492694661
16927.22733226046,19.23741983063519,860.0799953844398,8542.048527939245
16927.30243225582,19.239006558433175,860.1409978158772,8542.048527939245
16928.092679308727,19.239006558433175,860.1409978158772,8542.578246720135
16929.072991270572,19.244471807032824,860.1958658657968,8542.578246720135
16929.784095983952,19.244471807032824,860.1958658657968,8542.99106113799
16929.857852000743,19.246077425777912,860.253806816414,8542.99106113799
16930.49797636643,19.246077425777912,860.253806816414,8543.32152910158
16930.599976768717,19.247632393613458,860.3422412537038,8543.32152910158
16931.18940011412,19.247632393613458,860.3422412537038,8543.592879036441
16931.260559001938,19.24919438175857,860.3946081735194,8543.592879036441
16931.903157554567,19.24919438175857,860.3946081735194,8543.871345389634
16932.777356237173,19.257193187251687,860.5184443369508,8543.871345389634
16933.434084853157,19.257193187251687,860.5184443369508,8544.304652262479
16933.52294541709,19.25872072391212,860.593652786687,8544.304652262479
16934.048633961007,19.25872072391212,860.593652786687,8544.701517298818
16934.139166524634,19.26044776663184,860.6735545303673,8544.701517298818
16934.850162107497,19.26044776663184,860.6735545303673,8545.082264048979
16934.944172874093,19.26207504607737,860.7550518922508,8545.082264048979
16935.59680551663,19.26207504607737,860.7550518922508,8545.503424393013
16936.756511569023,19.2671425268054,860.895744331181,8545.503424393013
16937.443041050807,19.2671425268054,860.895744331181,8545.876713320613
16937.53031368926,19.26873912476003,860.9678079169244,8545.876713320613
16937.97694545053,19.26873912476003,860.9678079169244,8546.167851641774
16938.07962476462,19.27051300741732,861.0515731014311,8546.167851641774
16938.735875133425,19.27051300741732,861.0515731014311,8546.566569346935
16938.824553946033,19.272090256214142,861.1259924657643,8546.566569346935
16939.37915188819,19.272090256214142,861.1259924657643,8546.912844348699
16939.916926268488,19.276966193690896,861.1756872180849,8546.912844348699
16940.719775799662,19.276966193690896,861.1756872180849,8547.555742759258
16940.786274606362,19.278529969975352,861.229800991714,8547.555742759258
16941.449230806902,19.278529969975352,861.229800991714,8547.976475747302
16941.545724580064,19.280502347275615,861.3015852924436,8547.976475747302
16942.239848660305,19.280502347275615,861.3015852924436,8548.443508697674
16942.319911597297,19.282170437276363,861.3601239752024,8548.443508697674
16943.031797567382,19.282170437276363,861.3601239752024,8548.834747975692
16943.80625858903,19.29012847878039,861.4452830869704,8548.834747975692
16944.4038921874,19.29012847878039,861.4452830869704,8549.263080211356
16944.519828321412,19.29185484163463,861.5107682533562,8549.263080211356
16945.049414064735,19.29185484163463,861.5107682533562,8549.605575004593
16945.13042351976,19.29340773820877,861.569714890793,8549.605575004593
16945.79679311253,19.29340773820877,861.569714890793,8550.06461521238
16945.882440719754,19.2949950248003,861.6384734548628,8550.06461521238
16946.60292486474,19.2949950248003,861.6384734548628,8550.522007659078
16947.22830652073,19.299909429624677,861.7042629234493,8550.522007659078
16947.910812642425,19.299909429624677,861.7042629234493,8550.947219979018
16947.969893774018,19.30150358006358,861.7535747997463,8550.947219979018
16948.415326587856,19.30150358006358,861.7535747997463,8551.217318100855
16948.545629398897,19.30380890145898,861.8172177635133,8551.217318100855
16949.120325013995,19.30380890145898,861.8172177635133,8551.609735708684
16949.205287169665,19.305372370406985,861.8880761582404,8551.609735708684
16949.821014184505,19.305372370406985,861.8880761582404,8552.057899020612
16950.374016370624,19.316190872341394,861.949280038476,8552.057899020612
16951.009786352515,19.316190872341394,861.949280038476,8552.50512415357
16951.13614845462,19.31777362152934,862.0607513505965,8552.50512415357
16951.711217217147,19.31777362152934,862.0607513505965,8552.824883390218
16951.806531708688,19.319331876933575,862.1421756315976,8552.824883390218
16952.406678972766,19.319331876933575,862.1421756315976,8553.192760329694
16952.485579632223,19.320916956290603,862.2012068033218,8553.192760329694
16953.185313824564,19.320916956290603,862.2012068033218,8553.588356878608
16953.974168410525,19.32608044706285,862.2767404094338,8553.588356878608
16954.566961523145,19.32608044706285,862.2767404094338,8553.94828731753
16954.647193465382,19.32770678587258,862.3401218969375,8553.94828731753
16955.15198523365,19.32770678587258,862.3401218969375,8554.266116958112
16955.235914912075,19.32930072583258,862.4105299599469,8554.266116958112
16955.855386683717,19.32930072583258,862.4105299599469,8554.649443533272
16955.944002056494,19.332298260182142,862.4759427756071,8554.649443533272
16956.549333564937,19.332298260182142,862.4759427756071,8555.053762359545
16957.485946916044,19.337387289851904,862.5293924268335,8555.053762359545
16958.145937297493,19.337387289851904,862.5293924268335,8555.482198257
16958.24487203546,19.338917007669806,862.6168623585254,8555.482198257
16958.850823804736,19.338917007669806,862.6168623585254,8555.838389160112
16958.924107320607,19.34051224589348,862.6808121893555,8555.838389160112
16959.60610042885,19.34051224589348,862.6808121893555,8556.292344398797
16959.709220319986,19.34210621379316,862.7743001095951,8556.292344398797
16960.28185720183,19.34210621379316,862.7743001095951,8556.6980168093
16961.039333164692,19.34775309637189,862.8646310344338,8556.6980168093
16961.74793939106,19.34775309637189,862.8646310344338,8557.207497647032
16961.862109992653,19.34953192807734,862.9688517898321,8557.207497647032
16962.43394266814,19.34953192807734,862.9688517898321,8557.604995980859
16962.49976405315,19.35108877532184,863.0251522101462,8557.604995980859
16963.09508778341,19.35108877532184,863.0251522101462,8558.022722499445
16963.18310707435,19.352809734642506,863.0978240463883,8558.022722499445
16963.77293889597,19.352809734642506,863.0978240463883,8558.45388348028
16964.503932485357,19.357877735048532,863.1610155533999,8558.45388348028
16965.02990714833,19.357877735048532,863.1610155533999,8558.779988560826
16965.09207949415,19.359583627432585,863.2134614959359,8558.779988560826
16965.678903643042,19.359583627432585,863.2134614959359,8559.191090987995
16965.817805768922,19.361165834590793,863.3372368700802,8559.191090987995
16966.46920501627,19.361165834590793,863.3372368700802,8559.614433068782
16966.52890872024,19.36277645267546,863.38707360439,8559.614433068782
16967.05190597102,19.36277645267546,863.38707360439,8560.010098360479
16968.350226268172,19.37252895720303,863.4587640855461,8560.010098360479
16968.979541400447,19.37252895720303,863.4587640855461,8560.327730340883
16969.048854494467,19.374070186167955,863.5105328261852,8560.327730340883
16969.561877816916,19.374070186167955,863.5105328261852,8560.633292682469
16969.676739880815,19.37563483417034,863.5998196993023,8560.633292682469
16970.692954808474,19.37563483417034,863.5998196993023,8560.905465185642
16970.775094874203,19.377658860757947,863.6670477967709,8560.905465185642
16971.19776393287,19.377658860757947,863.6670477967709,8561.218784198165
16974.04298522137,19.384614953771234,863.715303491801,8561.218784198165
16974.609110126272,19.384614953771234,863.715303491801,8561.484888199717
16974.690373428166,19.38623104058206,863.7769185900688,8561.484888199717
16975.789491226897,19.38623104058206,863.7769185900688,8561.765175446868
16975.881715584546,19.387784318998456,863.8442594222724,8561.765175446868
16976.441640080884,19.387784318998456,863.8442594222724,8562.032531263307
16976.512163529173,19.389385918155313,863.9041599463671,8562.032531263307
16977.289837628603,19.389385918155313,863.9041599463671,8562.336873095483
16978.618167340755,19.4003829639405,863.9828861113638,8562.336873095483
16979.05352967605,19.4003829639405,863.9828861113638,8562.64148838073
16979.135666504502,19.401857482269406,864.0518568791449,8562.64148838073
16979.921740155667,19.401857482269406,864.0518568791449,8563.148853641003
16980.01790723577,19.403540102764964,864.1010687351227,8563.148853641003
16980.68379691802,19.403540102764964,864.1010687351227,8563.428787123412
16980.772911330685,19.405087457969785,864.1733536422253,8563.428787123412
16981.329135861248,19.405087457969785,864.1733536422253,8563.702881991863
16982.92886726372,19.410078175365925,864.2651495952159,8563.702881991863
16983.606424696743,19.410078175365925,864.2651495952159,8564.09621569328
16983.756602268666,19.411595202982426,864.3974563032389,8564.09621569328
16984.60624681413,19.411595202982426,864.3974563032389,8564.432594971731
16984.977616861463,19.413323363289237,864.4552336614579,8564.432594971731
16985.666921976954,19.413323363289237,864.4552336614579,8564.806106267497
16985.787126328796,19.41548504307866,864.5295491386205,8564.806106267497
16986.289749655873,19.41548504307866,864.5295491386205,8565.1499944292
16988.056856950745,19.420330023393035,864.5788393933326,8565.1499944292
16989.055997548625,19.420330023393035,864.5788393933326,8565.554127546027
16989.19648157619,19.421996923163533,864.7014405485243,8565.554127546027
16989.93760149181,19.421996923163533,864.7014405485243,8566.01981770061
16990.11667969264,19.423642843961716,864.8396779149771,8566.01981770061
16990.682485038415,19.423642843961716,864.8396779149771,8566.3844345361
16990.882738521323,19.425425997003913,864.9309221059084,8566.3844345361
16991.512997392565,19.425425997003913,864.9309221059084,8566.652981346473
16992.4706790559,19.43176225014031,865.0133159775287,8566.652981346473
16993.201546568424,19.43176225014031,865.0133159775287,8567.129151597619
16993.337328219786,19.433341778814793,865.1329063884914,8567.129151597619
16994.146119777113,19.433341778814793,865.1329063884914,8567.509502209723
16994.2619704213,19.435023959726095,865.2197767011821,8567.509502209723
16994.94303037785,19.435023959726095,865.2197767011821,8567.904467394575
16995.064825868234,19.43661731854081,865.3206606954336,8567.904467394575
16996.02289920859,19.43661731854081,865.3206606954336,8568.43651085347
16997.105486011133,19.44150537624955,865.3906697351485,8568.43651085347
16997.815345568582,19.44150537624955,865.3906697351485,8568.876646976918
16997.902428943664,19.443094914779067,865.4642304275185,8568.876646976918
16998.585725693032,19.443094914779067,865.4642304275185,8569.284791376442
16998.68676782027,19.44464980997145,865.5448100995272,8569.284791376442
16999.40433160588,19.44464980997145,865.5448100995272,8569.6794064641
16999.568066280335,19.44625640846789,865.6374766752124,8569.6794064641
17000.506426619366,19.44625640846789,865.6374766752124,8569.990361925215
17003.06185253337,19.451186569407582,865.6906255297363,8569.990361925215
17003.670242216438,19.451186569407582,865.6906255297363,8570.243005337194
17003.82933673635,19.452813746407628,865.7734329998493,8570.243005337194
17004.441312987357,19.452813746407628,865.7734329998493,8570.625461526215
17004.515766056255,19.45440268330276,865.8319822121412,8570.625461526215
17005.268599877134,19.45440268330276,865.8319822121412,8571.06554605253
17005.36517874524,19.456125233322382,865.9084985796362,8571.06554605253
17005.906601373106,19.456125233322382,865.9084985796362,8571.33403953351
17007.715358201414,19.464608358219266,865.9568201694638,8571.33403953351
17008.337946301326,19.464608358219266,865.9568201694638,8571.612646326423
17008.427797267213,19.466217197477818,866.0336763300002,8571.612646326423
17009.126481425017,19.466217197477818,866.0336763300002,8571.933128159493
17009.2317189686,19.46780720539391,866.1095437631011,8571.933128159493
17009.766834184527,19.46780720539391,866.1095437631011,8572.266684241593
17009.952071828768,19.469475934281945,866.1913247965276,8572.266684241593
17010.748286500573,19.469475934281945,866.1913247965276,8572.707759847865
17012.64332486503,19.474565545096993,866.2453282792121,8572.707759847865
17013.220910776407,19.474565545096993,866.2453282792121,8572.971929188818
17013.289789814502,19.47618130221963,866.2995902951807,8572.971929188818
17013.9870376084,19.47618130221963,866.2995902951807,8573.221226433292
17014.1146097444,19.477742878720164,866.3988764900714,8573.221226433292
17014.87633255869,19.477742878720164,866.3988764900714,8573.723938949406
17014.959826460108,19.4792910348624,866.4680353440344,8573.723938949406
17015.641775900498,19.4792910348624,866.4680353440344,8574.161432629451
17017.12190362811,19.48430229537189,866.5753286555409,8574.161432629451
17017.693893171847,19.48430229537189,866.5753286555409,8574.468034265563
17017.78173590079,19.486688965931535,866.6469823960215,8574.468034265563
17018.474683061242,19.486688965931535,866.6469823960215,8574.783543104306
17018.585753818974,19.4897169303149,866.7377684190869,8574.783543104306
17019.320512877777,19.4897169303149,866.7377684190869,8575.184018390253
17019.39192717336,19.491290729492903,866.7891599033028,8575.184018390253
17020.20326467231,19.491290729492903,866.7891599033028,8575.693250183016
17021.588431816548,19.497574154287577,866.8495802246034,8575.693250183016
17022.066036548465,19.497574154287577,866.8495802246034,8575.950335079804
17022.131471276283,19.499135510995984,866.9050625804812,8575.950335079804
17022.685908624902,19.499135510995984,866.9050625804812,8576.221220683306
17022.7988388855,19.50094410404563,866.9721101690084,8576.221220683306
17023.395426020026,19.50094410404563,866.9721101690084,8576.509652882814
17023.53169656545,19.502657694742084,867.0550398621708,8576.509652882814
17024.162236109376,19.502657694742084,867.0550398621708,8576.793012151495
17025.47899950482,19.50761602073908,867.1690599825233,8576.793012151495
17026.323434248567,19.50761602073908,867.1690599825233,8577.24645637162
17026.392570964992,19.509231388568878,867.2276239059865,8577.24645637162
17026.94653691165,19.509231388568878,867.2276239059865,8577.495145926252
17027.036720596254,19.510905800387263,867.3014077749103,8577.495145926252
17027.76638008654,19.510905800387263,867.3014077749103,8577.919738966972
17027.848964402452,19.512493908405304,867.3710229881108,8577.919738966972
17028.613597393036,19.512493908405304,867.3710229881108,8578.387519301847
17030.349711237475,19.51920261234045,867.4480918161571,8578.387519301847
17030.951909404248,19.51920261234045,867.4480918161571,8578.714966004714
17031.117628676817,19.52568032965064,867.5314854066819,8578.714966004714
17031.99321851507,19.52568032965064,867.5314854066819,8579.000138809904
17032.079480707645,19.527309719473124,867.6022779978812,8579.000138809904
17032.49409735948,19.527309719473124,867.6022779978812,8579.266089448705
17032.55294757895,19.528880467638373,867.6516343727708,8579.266089448705
17033.546134263277,19.528880467638373,867.6516343727708,8579.59943442978
17035.485202413052,19.53381577692926,867.6976875215769,8579.59943442978
17036.079024100676,19.53381577692926,867.6976875215769,8579.843273397535
17036.166983705014,19.535670651122928,867.7630512081087,8579.843273397535
17036.92827121727,19.535670651122928,867.7630512081087,8580.10699978657
17037.01060552895,19.541377495974302,867.8288813121617,8580.10699978657
17037.550232689828,19.541377495974302,867.8288813121617,8580.365359395742
17037.63248767145,19.54294802248478,867.9014268610626,8580.365359395742
17038.339190520346,19.54294802248478,867.9014268610626,8580.655429365113
17042.688396826386,19.548557246103883,867.9519166089594,8580.655429365113
17043.187334029004,19.548557246103883,867.9519166089594,8580.85693302378
17043.495263939723,19.55025513470173,868.0031912438571,8580.85693302378
17043.974532976747,19.55025513470173,868.0031912438571,8581.199017452076
17044.09565022774,19.551793502643704,868.113523920998,8581.199017452076
17044.768868416548,19.551793502643704,868.113523920998,8581.506814651191
17045.115989485756,19.553630316630006,868.1966080386192,8581.506814651191
17045.98081769608,19.553630316630006,868.1966080386192,8582.04428124614
17048.05589411035,19.564279478043318,868.2917379494756,8582.04428124614
17049.041883872822,19.564279478043318,868.2917379494756,8582.330507365987
17049.247257597744,19.56697322614491,868.3773544412106,8582.330507365987
17050.117650069296,19.56697322614491,868.3773544412106,8582.662471851334
17050.242251900956,19.568591617047787,868.4585625641048,8582.662471851334
17050.807530287653,19.568591617047787,868.4585625641048,8583.052748966962
17050.948677068576,19.57049580104649,868.5147253442556,8583.052748966962
17051.536380847916,19.57049580104649,868.5147253442556,8583.32303369604
17054.549056349322,19.576581010594964,868.5682393573225,8583.32303369604
17055.54382611066,19.576581010594964,868.5682393573225,8583.668107297271
17055.638653008267,19.57830746099353,868.6436666250229,8583.668107297271
17056.151774046943,19.57830746099353,868.6436666250229,8583.929848510772
17056.24889183417,19.580069253221154,868.7234622631222,8583.929848510772
17056.948045872152,19.580069253221154,868.7234622631222,8584.310398571193
17057.25307942368,19.581859366968274,868.8421114999801,8584.310398571193
17057.872955815867,19.581859366968274,868.8421114999801,8584.63001755625
17059.388275301084,19.58687211945653,868.9312769640237,8584.63001755625
17060.00292846933,19.58687211945653,868.9312769640237,8584.963919600472
17060.12345428765,19.58848075941205,869.0344658028334,8584.963919600472
17060.808925820515,19.58848075941205,869.0344658028334,8585.263778809458
17061.106749035418,19.590157870203257,869.1140537373722,8585.263778809458
17061.79885961674,19.590157870203257,869.1140537373722,8585.596492499113
17061.864474559203,19.591714648529887,869.1699154041708,8585.596492499113
17062.487224683166,19.591714648529887,869.1699154041708,8585.966612333432
17065.432995907962,19.596787413582206,869.2668308485299,8585.966612333432
17066.205269023776,19.596787413582206,869.2668308485299,8586.290657447651
17066.30917801708,19.598369393497705,869.3434007968754,8586.290657447651
17067.577687688172,19.598369393497705,869.3434007968754,8586.596765480936
17067.818951863796,19.600188065320253,869.396412320435,8586.596765480936
17068.320646548644,19.600188065320253,869.396412320435,8586.880209034309
17068.684184197336,19.601829316467047,869.4733366649598,8586.880209034309
17069.587813949212,19.601829316467047,869.4733366649598,8587.252421086654
17072.363344846293,19.606825716793537,869.5442380029708,8587.252421086654
17073.23138478771,19.606825716793537,869.5442380029708,8587.639861762524
17073.30542228371,19.60846020653844,869.6021955572069,8587.639861762524
17074.158167080954,19.60846020653844,869.6021955572069,8587.97636211291
17074.23741491884,19.61006591655314,869.6631445363164,8587.97636211291
17074.924632504582,19.61006591655314,869.6631445363164,8588.379798598588
17075.045361571014,19.612290209159255,869.7400745041668,8588.379798598588
17075.69232682325,19.612290209159255,869.7400745041668,8588.681249696761
17077.126465924084,19.617244098335505,869.8361143637449,8588.681249696761
17077.90622012876,19.617244098335505,869.8361143637449,8589.143050171435
17077.973200345412,19.618886118754745,869.8932871241122,8589.143050171435
17078.759471045807,19.618886118754745,869.8932871241122,8589.582789661363
17078.88052150607,19.62059331871569,869.9913662225008,8589.582789661363
17079.695578357205,19.62059331871569,869.9913662225008,8590.033007500693
17079.760763913393,19.62223244830966,870.0461902301759,8590.033007500693
17080.339640619233,19.62223244830966,870.0461902301759,8590.366510309279
17082.032275795937,19.62732408940792,870.1220078188926,8590.366510309279
17082.807067405432,19.62732408940792,870.1220078188926,8590.847106326371
17082.86755254492,19.628949537873268,870.1726316511631,8590.847106326371
17083.502969060093,19.628949537873268,870.1726316511631,8591.156157545745
17083.587417900562,19.6305475179106,870.2463815603405,8591.156157545745
17084.257960259914,19.6305475179106,870.2463815603405,8591.535243462771
17084.3809214551,19.632232958450913,870.3139469660819,8591.535243462771
17084.8871176932,19.632232958450913,870.3139469660819,8591.876679554582
17086.41908954084,19.639589332044125,870.3962066844106,8591.876679554582
17087.111744295806,19.639589332044125,870.3962066844106,8592.284455738962
17087.189207753167,19.6411346886307,870.4638374634087,8592.284455738962
17087.841621026397,19.6411346886307,870.4638374634087,8592.708406146616
17087.938867988065,19.642747348174453,870.530800210312,8592.708406146616
17088.685788784176,19.642747348174453,870.530800210312,8593.19235357456
17088.75032249652,19.6443708576262,870.580744009465,8593.19235357456
17089.23986556381,19.6443708576262,870.580744009465,8593.478621151298
17091.13343041949,19.64961333014071,870.6568235401064,8593.478621151298
17091.571056062356,19.64961333014071,870.6568235401064,8593.803150575608
17091.636567123234,19.65116298943758,870.7130985818803,8593.803150575608
17092.500354524702,19.65116298943758,870.7130985818803,8594.23704862222
17092.584485320374,19.65279721096158,870.7747893538326,8594.23704862222
17093.206248922274,19.65279721096158,870.7747893538326,8594.579024445266
17093.295126032084,19.654624255374074,870.8477337677032,8594.579024445266
17093.88217511028,19.654624255374074,870.8477337677032,8594.848901078105
17096.135273223743,19.659542754292488,870.9625884778798,8594.848901078105
17096.88132349588,19.659542754292488,870.9625884778798,8595.348891535774
17096.95341801457,19.66104942932725,871.0249198712409,8595.348891535774
17097.71905606799,19.66104942932725,871.0249198712409,8595.826698796824
17097.839473068714,19.662622820585966,871.1310274228454,8595.826698796824
17098.42615254037,19.662622820585966,871.1310274228454,8596.119436362758
17098.51138845645,19.665104484185576,871.1992683131248,8596.119436362758
17099.03396028094,19.665104484185576,871.1992683131248,8596.460822701454
17102.332670347765,19.670327646657825,871.2562814299017,8596.460822701454
17102.85990720801,19.670327646657825,871.2562814299017,8596.768265889958
17103.035271877423,19.671994406729937,871.402495233342,8596.768265889958
17103.97578841448,19.671994406729937,871.402495233342,8597.255691712722
17104.27196700126,19.673691814765334,871.4911942724138,8597.255691712722
17104.91164281778,19.673691814765334,871.4911942724138,8597.550934880972
17105.088376205415,19.675554998219013,871.5456441249698,8597.550934880972
17105.818360667676,19.675554998219013,871.5456441249698,8597.81354973279
17108.953094936907,19.68055304698646,871.6062089763582,8597.81354973279
17109.641738696024,19.68055304698646,871.6062089763582,8598.168034913018
17109.833675865084,19.68228049762547,871.7031038012356,8598.168034913018
17110.299569301307,19.68228049762547,871.7031038012356,8598.453177630901
17110.36250000447,19.68383880518377,871.7556602787226,8598.453177630901
17111.483508247882,19.68383880518377,871.7556602787226,8598.853835761547
17111.603929407895,19.686566844582558,871.8548335749656,8598.853835761547
17112.32542830147,19.686566844582558,871.8548335749656,8599.219778776169
17113.433791434392,19.69157538563013,871.9194940105081,8599.219778776169
17114.16311404854,19.69157538563013,871.9194940105081,8599.645826023072
17114.241354819387,19.69311319477856,871.9847943875939,8599.645826023072
17114.846774101257,19.69311319477856,871.9847943875939,8599.966971019283
17114.961559249088,19.694669742137194,872.0776571389288,8599.966971019283
17115.64981201291,19.694669742137194,872.0776571389288,8600.454904183745
17115.76577912271,19.696228278800845,872.1758603788912,8600.454904183745
17116.36689786613,19.696228278800845,872.1758603788912,8600.823550067842
17117.518704025075,19.701230408623815,872.2539385668933,8600.823550067842
17118.170190148056,19.701230408623815,872.2539385668933,8601.267570309341
17118.234843421727,19.702812936156988,872.308910517022,8601.267570309341
17118.872487995774,19.702812936156988,872.308910517022,8601.571686830372
17118.95751865767,19.704429166391492,872.3806408401579,8601.571686830372
17119.580855242908,19.704429166391492,872.3806408401579,8601.928439360112
17119.68289930187,19.70603241585195,872.47156951949,8601.928439360112
17120.356791788712,19.70603241585195,872.47156951949,8602.3656761311
17122.02863607183,19.724009891971946,872.5797707308084,8602.3656761311
17123.154340952635,19.724009891971946,872.5797707308084,8602.649158742279
17123.228544620797,19.7255599796772,872.6320529226214,8602.649158742279
17123.881490968168,19.7255599796772,872.6320529226214,8602.937702391297
17123.95926497318,19.727142928168178,872.6954814866185,8602.937702391297
17124.740320900455,19.727142928168178,872.6954814866185,8603.246730983257
17124.80747606978,19.728727458044887,872.7448595967144,8603.246730983257
17125.17068612948,19.728727458044887,872.7448595967144,8603.498063111678
17126.725152367726,19.733897171914577,872.7995841540396,8603.498063111678
17127.452428616583,19.733897171914577,872.7995841540396,8603.905867300928
17127.558345517144,19.73546002060175,872.8960207514465,8603.905867300928
17128.166089421138,19.73546002060175,872.8960207514465,8604.347630556673
17128.233093120158,19.73699140921235,872.9461006037891,8604.347630556673
17128.706464042887,19.73699140921235,872.9461006037891,8604.614787461236
17128.788286829367,19.738557619974017,873.0163696985692,8604.614787461236
17129.502725444734,19.738557619974017,873.0163696985692,8604.860054479912
17130.43376608938,19.743504889309406,873.0645382069051,8604.860054479912
17131.19306658767,19.743504889309406,873.0645382069051,8605.35919745639
17131.355731148273,19.74506534822285,873.2051690220833,8605.35919745639
17131.938167041168,19.74506534822285,873.2051690220833,8605.687170708552
17132.012598892674,19.74660856463015,873.2670753076673,8605.687170708552
17132.69925088808,19.74660856463015,873.2670753076673,8605.981816487387
17132.77124697715,19.7481821347028,873.32492852211,8605.981816487387
17133.38829926029,19.7481821347028,873.32492852211,8606.29050761275
17136.322982689366,19.75346622057259,873.4037469308823,8606.29050761275
17136.935499479994,19.75346622057259,873.4037469308823,8606.557524407282
17137.12266720459,19.755060099065304,873.4624289479107,8606.557524407282
17137.729113759473,19.755060099065304,873.4624289479107,8606.842533344403
17137.817335819826,19.756693687289953,873.5264031998813,8606.842533344403
17138.349084837362,19.756693687289953,873.5264031998813,8607.113519221544
17138.43974563107,19.758296435698867,873.5977784991264,8607.113519221544
17139.112423779443,19.758296435698867,873.5977784991264,8607.522635877132
17140.60115369782,19.763199934735894,873.6572330798954,8607.522635877132
17141.5043696519,19.763199934735894,873.6572330798954,8608.022055771202
17141.572088874876,19.764811923727393,873.7145706843585,8608.022055771202
17142.116652902216,19.764811923727393,873.7145706843585,8608.331418830901
17142.18640851043,19.766562724485993,873.7644519843161,8608.331418830901
17142.84673738666,19.766562724485993,873.7644519843161,8608.699207851663
17142.984277587384,19.7681189738214,873.8617106080055,8608.699207851663
17143.72346347198,19.7681189738214,873.8617106080055,8609.132435601205
17145.450809707865,19.77381265722215,873.9091003201902,8609.132435601205
17146.127925127745,19.77381265722215,873.9091003201902,8609.348675021902
17146.20233448781,19.77559256926179,873.9703447651118,8609.348675021902
17146.851513484493,19.77559256926179,873.9703447651118,8609.625849397853
17146.92903277278,19.777215780690312,874.0341021250933,8609.625849397853
17147.598904572427,19.777215780690312,874.0341021250933,8609.956448858604
17147.663642007858,19.7788751013577,874.0843797344714,8609.956448858604
17148.373030070215,19.7788751013577,874.0843797344714,8610.29056093283
17150.435791045427,19.783988939598203,874.1822849400342,8610.29056093283
17151.03314451687,19.783988939598203,874.1822849400342,8610.624265478924
17151.11689383723,19.786170167848468,874.2537542879581,8610.624265478924
17151.89114867896,19.786170167848468,874.2537542879581,8610.917404094711
17151.965681873262,19.78778508864343,874.3081768993288,8610.917404094711
17152.53895305097,19.78778508864343,874.3081768993288,8611.168132945895
17152.68296731636,19.794201504439116,874.3727329354733,8611.168132945895
17153.30711263232,19.794201504439116,874.3727329354733,8611.458923570812
17155.088724400848,19.79907855205238,874.4551453310996,8611.458923570812
17155.7065014299,19.79907855205238,874.4551453310996,8611.79596417956
17155.78693224117,19.80074051208794,874.5203942768276,8611.79596417956
17156.278111198917,19.80074051208794,874.5203942768276,8612.09317464009
17156.418850596994,19.80251849256456,874.5693955607712,8612.09317464009
17157.005863271654,19.80251849256456,874.5693955607712,8612.45652689226
17157.104258468375,19.804116033017635,874.6194155812263,8612.45652689226
17157.879353277385,19.804116033017635,874.6194155812263,8612.822460621595
17159.079953456298,19.81436519511044,874.6885032765567,8612.822460621595
17160.071037352085,19.81436519511044,874.6885032765567,8613.156539553776
17160.13468817994,19.815992875024676,874.737446218729,8613.156539553776
17160.996156804264,19.815992875024676,874.737446218729,8613.437787305564
17161.252405665815,19.819088350981474,874.8122277054936,8613.437787305564
17162.032849632204,19.819088350981474,874.8122277054936,8613.686952227727
17162.107886245474,19.820659218356013,874.8665044344962,8613.686952227727
17162.692196365446,19.820659218356013,874.8665044344962,8613.93437298946
17165.114147724584,19.825900992378592,874.9392113368958,8613.93437298946
17165.951469715685,19.825900992378592,874.9392113368958,8614.215338338166
17166.03184880875,19.827520232647657,875.0076952204108,8614.215338338166
17166.74493365921,19.827520232647657,875.0076952204108,8614.567342236638
17166.89643828012,19.829237714409828,875.0607798285782,8614.567342236638
17167.334968989715,19.829237714409828,875.0607798285782,8614.854118058458
17167.43241608888,19.83084718324244,875.1477234363556,8614.854118058458
17167.983229264617,19.83084718324244,875.1477234363556,8615.230236681178
17168.920964006335,19.835910443216562,875.2339152935892,8615.230236681178
17169.80438864045,19.835910443216562,875.2339152935892,8615.811269450933
17169.887391138822,19.83756959438324,875.3036900945008,8615.811269450933
17170.744147781283,19.83756959438324,875.3036900945008,8616.240434480831
17170.845700545236,19.839809915050864,875.380799382925,8616.240434480831
17171.86748135276,19.839809915050864,875.380799382925,8616.78254622966
17171.963347144425,19.84163490869105,875.4633115697652,8616.78254622966
17172.897414872423,19.84163490869105,875.4633115697652,8617.218744058162
17174.216322291642,19.853727966547012,875.516040802002,8617.218744058162
17174.96856324002,19.853727966547012,875.516040802002,8617.520500350744
17175.221336470917,19.855394827201962,875.6143459957093,8617.520500350744
17176.12013973482,19.855394827201962,875.6143459957093,8617.84355021827
17176.374559951946,19.857343723997474,875.6768216527998,8617.84355021827
17177.500626675785,19.857343723997474,875.6768216527998,8618.11750625819
17177.58015638031,19.858976835384965,875.7418467346579,8618.11750625819
17178.210424620658,19.858976835384965,875.7418467346579,8618.500882701948
17182.210977260023,19.863921996206045,875.7926833815873,8618.500882701948
17183.02727166377,19.863921996206045,875.7926833815873,8618.78111956641
17183.106739468873,19.86555365473032,875.8618536703289,8618.78111956641
17183.788869544864,19.86555365473032,875.8618536703289,8619.011017924175
17183.886308705434,19.867275647819042,875.9327617175877,8619.011017924175
17184.310930984095,19.867275647819042,875.9327617175877,8619.29553761892
17184.374611292034,19.86890173703432,875.9862912725657,8619.29553761892
17185.225406460464,19.86890173703432,875.9862912725657,8619.592249523848
17187.367326773703,19.873814227059484,876.0777125824243,8619.592249523848
17188.15838900581,19.873814227059484,876.0777125824243,8619.93163347803
17188.237752199173,19.875446947291493,876.1465591862798,8619.93163347803
17189.390604237095,19.875446947291493,876.1465591862798,8620.282686950639
17189.46589228697,19.877122586593032,876.207506865263,8620.282686950639
17190.358413709328,19.877122586593032,876.207506865263,8620.622643595561
17190.464574813843,19.878767466172576,876.2955998927355,8620.622643595561
17191.441340807825,19.878767466172576,876.2955998927355,8620.94548731111
17193.48673841171,19.88367683440447,876.3655451852828,8620.94548731111
17194.433276809752,19.88367683440447,876.3655451852828,8621.223601028323
17194.499343452975,19.885256262496114,876.418335057795,8621.223601028323
17195.20087619126,19.885256262496114,876.418335057795,8621.477062920108
17195.27122149989,19.886705258861184,876.4684604536742,8621.477062920108
17196.434018900618,19.886705258861184,876.4684604536742,8621.835192022845
17196.50554522127,19.888402288779616,876.5295239854604,8621.835192022845
17197.309583120048,19.888402288779616,876.5295239854604,8622.113069226965
17199.11087757349,19.893316946923733,876.611757138744,8622.113069226965
17199.683449152857,19.893316946923733,876.611757138744,8622.400765297934
17199.80619141832,19.894882382825017,876.7095600944012,8622.400765297934
17200.338801799342,19.894882382825017,876.7095600944012,8622.783917229623
17200.542874012142,19.89676273614168,876.7874724585563,8622.783917229623
17201.167822537944,19.89676273614168,876.7874724585563,8623.141240207478
17201.373325476423,19.898353384807706,876.8625370636582,8623.141240207478
17201.884668553248,19.898353384807706,876.8625370636582,8623.431573046371
17203.567905016243,19.90385039523244,876.9174278751016,8623.431573046371
17204.157753173262,19.90385039523244,876.9174278751016,8623.676635978743
17204.383778911084,19.90567670017481,876.9901317860931,8623.676635978743
17205.0814229697,19.90567670017481,876.9901317860931,8624.027176693082
17205.144702943042,19.90728012099862,877.0403612218797,8624.027176693082
17205.77188576013,19.90728012099862,877.0403612218797,8624.32667631656
17205.90708862804,19.909014081582427,877.1147325541824,8624.32667631656
17206.343373412266,19.909014081582427,877.1147325541824,8624.62926183641
17207.640708483756,19.914347648620605,877.1630607936531,8624.62926183641
17208.25206111744,19.914347648620605,877.1630607936531,8624.92776302062
17208.34729313664,19.915976276621222,877.2389221917838,8624.92776302062
17209.034495856613,19.915976276621222,877.2389221917838,8625.36773434095
17209.257416659966,19.91766943782568,877.390252051875,8625.36773434095
17209.819399513304,19.91766943782568,877.390252051875,8625.732565265149
17209.91501864791,19.919628081843257,877.452239708975,8625.732565265149
17210.47097314149,19.919628081843257,877.452239708975,8626.089991146699
17211.981113824993,19.9247245490551,877.510631352663,8626.089991146699
17212.675897514448,19.9247245490551,877.510631352663,8626.56707139872
17212.751354835927,19.926309237256646,877.5684853754938,8626.56707139872
17213.476342320442,19.926309237256646,877.5684853754938,8626.991338444874
17213.608113547787,19.927965676411986,877.6439758297056,8626.991338444874
17214.158306417987,19.927965676411986,877.6439758297056,8627.331053506583
17214.246103132144,19.929487582296133,877.7147172149271,8627.331053506583
17215.160979025066,19.929487582296133,877.7147172149271,8627.83069710806
17216.365340679884,19.934495013207197,877.7884147465229,8627.83069710806
17216.9824947007,19.934495013207197,877.7884147465229,8628.1568470262
17217.14072029665,19.93618944659829,877.9316217508167,8628.1568470262
17217.768832720816,19.93618944659829,877.9316217508167,8628.510266063735
17217.894182024524,19.937833877280354,878.0471341367811,8628.510266063735
17218.72004377097,19.937833877280354,878.0471341367811,8629.041171265766
17218.834882652387,19.939438546076417,878.1222700923681,8629.041171265766
17219.5428837128,19.939438546076417,878.1222700923681,8629.525484355167
17221.844960723072,19.94532904587686,878.182613203302,8629.525484355167
17222.54557025805,19.94532904587686,878.182613203302,8629.958352228627
17222.637494957075,19.946939263492823,878.2594665326178,8629.958352228627
17223.33455084823,19.946939263492823,878.2594665326178,8630.296748125926
17223.486697137356,19.948576401919127,878.3239891584963,8630.296748125926
17224.265016244724,19.948576401919127,878.3239891584963,8630.714799622074
17224.370612500235,19.954781614243984,878.4103773795068,8630.714799622074
17225.081498932093,19.954781614243984,878.4103773795068,8631.043525354937
17226.979550093412,19.959823794662952,878.4924577400088,8631.043525354937
17227.564526673406,19.959823794662952,878.4924577400088,8631.338746644557
17227.677803477272,19.961459662765265,878.5848662089556,8631.338746644557
17228.439981915057,19.961459662765265,878.5848662089556,8631.727755924687
17228.51926090382,19.96311534382403,878.6536478511989,8631.727755924687
17229.195369260386,19.96311534382403,878.6536478511989,8632.132455097511
17229.296325424686,19.964722134172916,878.7380792852491,8632.132455097511
17229.951209405437,19.964722134172916,878.7380792852491,8632.566087324172
17232.283390514553,19.969861095771194,878.8264568410814,8632.566087324172
17232.762455021963,19.969861095771194,878.8264568410814,8632.902904285118
17232.856266785413,19.971498493105173,878.8968581706285,8632.902904285118
17233.642543260008,19.971498493105173,878.8968581706285,8633.203101746738
17233.759471340105,19.973170772194862,878.993960974738,8633.203101746738
17234.432976348326,19.973170772194862,878.993960974738,8633.533563483506
17234.503675684333,19.97471738792956,879.0435764230788,8633.533563483506
17235.14818439074,19.97471738792956,879.0435764230788,8633.811408119276
17237.312336999923,19.97987560927868,879.1097754295915,8633.811408119276
17237.89297325164,19.97987560927868,879.1097754295915,8634.123358761892
17237.976068252698,19.98152181878686,879.1713261604309,8634.123358761892
17238.519184187055,19.98152181878686,879.1713261604309,8634.404356615618
17238.60287163593,19.98313433676958,879.2418682649732,8634.404356615618
17239.3392929025,19.98313433676958,879.2418682649732,8634.745994232595
17239.444870147854,19.984702814370394,879.3299259915948,8634.745994232595
17240.107882577926,19.984702814370394,879.3299259915948,8635.117865897715
17241.332164771855,19.99170264042914,879.4139774404466,8635.117865897715
17241.885675814003,19.99170264042914,879.4139774404466,8635.448457874358
17242.04946422018,19.993568444624543,879.5556014962494,8635.448457874358
17242.823170071468,19.993568444624543,879.5556014962494,8635.93097124435
17242.924793845043,19.9951956551522,879.6409990284592,8635.93097124435
17243.727155599743,19.9951956551522,879.6409990284592,8636.426504930481
17243.802884127945,19.996752802282572,879.6989637669176,8636.426504930481
17244.540945423767,19.996752802282572,879.6989637669176,8636.814210390672
17245.499515820295,20.001771165058017,879.7758451830596,8636.814210390672
17246.101041711867,20.001771165058017,879.7758451830596,8637.160125205293
17246.186123548076,20.003334544599056,879.8483608420938,8637.160125205293
17246.834838870913,20.003334544599056,879.8483608420938,8637.462457725778
17246.940615501255,20.004899863153696,879.92861283198,8637.462457725778
17247.493414681405,20.004899863153696,879.92861283198,8637.770940477028
17247.645112589,20.00663309544325,880.0377859026194,8637.770940477028
17248.3743688073,20.00663309544325,880.0377859026194,8638.159712065011
17249.462734976783,20.011556774377823,880.1066295951605,8638.159712065011
17250.218570116907,20.011556774377823,880.1066295951605,8638.769780987874
17250.288090040907,20.01310334354639,880.155830482021,8638.769780987874
17251.29482865706,20.01310334354639,880.155830482021,8639.024213444442
17251.365555474535,20.014782765880227,880.2164176255465,8639.024213444442
17252.13850674033,20.014782765880227,880.2164176255465,8639.3485314399
17252.22926183045,20.0164160374552,880.2944065257907,8639.3485314399
17252.9277844131,20.0164160374552,880.2944065257907,8639.7084506955
17255.102981260046,20.021616643294692,880.3440715931356,8639.7084506955
17255.626559855416,20.021616643294692,880.3440715931356,8639.98168261908
17255.696572927758,20.023242492228746,880.3998411409557,8639.98168261908
17256.49393257685,20.023242492228746,880.3998411409557,8640.422011381015
17256.612499449402,20.024900862947106,880.5005583800375,8640.422011381015
17257.39691027999,20.024900862947106,880.5005583800375,8640.831891512498
17257.680529264733,20.026689633727074,880.5660099834204,8640.831891512498
17258.315744364634,20.026689633727074,880.5660099834204,8641.124363794923
17260.452982276678,20.031796714290977,880.624898519367,8641.124363794923
17261.27928896062,20.031796714290977,880.624898519367,8641.436996780336
17261.49014638737,20.037820734083652,880.6986644230783,8641.436996780336
17262.29890600033,20.037820734083652,880.6986644230783,8641.857128608972
17262.373662792146,20.03941160440445,880.7632408794016,8641.857128608972
17262.96918696724,20.03941160440445,880.7632408794016,8642.147738898173
17263.05920709297,20.04100070334971,880.8225059006363,8642.147738898173
17263.73954286799,20.04100070334971,880.8225059006363,8642.409445732832
17264.72527957894,20.046483915299177,880.895552419126,8642.409445732832
17265.388351704925,20.046483915299177,880.895552419126,8642.812211977318
17265.50476212427,20.048084104433656,880.9842029102147,8642.812211977318
17266.19136884436,20.048084104433656,880.9842029102147,8643.213178629056
17266.328779827803,20.049681052565575,881.1090483460575,8643.213178629056
17266.90319748968,20.049681052565575,881.1090483460575,8643.564706586301
17267.044376848266,20.05124717205763,881.2364003658295,8643.564706586301
17267.740245087072,20.05124717205763,881.2364003658295,8643.938608018681
17269.28653852828,20.0561552811414,881.3231863323599,8643.938608018681
17269.92793200165,20.0561552811414,881.3231863323599,8644.217068625614
17270.021895129234,20.057689368724823,881.3994763083756,8644.217068625614
17270.68795772828,20.057689368724823,881.3994763083756,8644.643806202337
17270.872146414593,20.05930121615529,881.5596852805465,8644.643806202337
17271.349917745218,20.05930121615529,881.5596852805465,8644.925543930382
17271.56038296409,20.060810131952167,881.6965948939323,8644.925543930382
17272.321577332914,20.060810131952167,881.6965948939323,8645.326255138963
17274.115941461176,20.065941205248237,881.7452376820147,8645.326255138963
17274.809340633452,20.065941205248237,881.7452376820147,8645.663676595315
17274.937361275777,20.067569732666016,881.8544993661344,8645.663676595315
17275.9049434606,20.067569732666016,881.8544993661344,8646.043043076992
17276.01965595223,20.06931495666504,881.9197954591364,8646.043043076992
17276.793499467894,20.06931495666504,881.9197954591364,8646.357962524518
17276.86597420834,20.070908853784204,881.9812213294208,8646.357962524518
17277.563376624137,20.070908853784204,881.9812213294208,8646.694419059902
17279.10352929309,20.075739262625575,882.0585965458304,8646.694419059902
17279.91906162165,20.075739262625575,882.0585965458304,8647.000564366579
17280.035671727732,20.082449983805418,882.1561324484646,8647.000564366579
17280.82562718913,20.082449983805418,882.1561324484646,8647.51638161391
17280.941567072645,20.084136251360178,882.2617335058749,8647.51638161391
17281.709479693323,20.084136251360178,882.2617335058749,8647.856732092798
17281.886169672012,20.085849603638053,882.3448849469423,8647.856732092798
17282.63639182411,20.085849603638053,882.3448849469423,8648.246684405953
17284.889588952065,20.090835094451904,882.4208776410669,8648.246684405953
17285.81653189659,20.090835094451904,882.4208776410669,8648.65027034469
17285.93684478104,20.09250016696751,882.52097260952,8648.65027034469
17286.51589579135,20.09250016696751,882.52097260952,8648.998899463564
17286.58332959935,20.094211488962173,882.5785124823451,8648.998899463564
17287.22383137606,20.094211488962173,882.5785124823451,8649.422557646409
17287.329166309908,20.095942681655288,882.6738329231739,8649.422557646409
17288.051747052,20.095942681655288,882.6738329231739,8649.787322707474
17289.759717784822,20.10091645270586,882.8108662795275,8649.787322707474
17290.447465579957,20.10091645270586,882.8108662795275,8650.211501199752
17290.619201892987,20.102531680837274,882.9585207365453,8650.211501199752
17291.246522312984,20.102531680837274,882.9585207365453,8650.668082017452
17291.39062003605,20.10423699207604,883.090683594346,8650.668082017452
17292.20948226936,20.10423699207604,883.090683594346,8650.96139021404
17292.32975687273,20.105817168951035,883.1962920930237,8650.96139021404
17293.915677640587,20.105817168951035,883.1962920930237,8651.274364527315
17297.71697976254,20.111487850546837,883.2480614054948,8651.274364527315
17298.834099935368,20.111487850546837,883.2480614054948,8651.544545808807
17299.1321078483,20.113107977434993,883.3028006851673,8651.544545808807
17300.17972466536,20.113107977434993,883.3028006851673,8652.000996444374
17300.272571699694,20.114681066945195,883.3822055589408,8652.000996444374
17300.975511193275,20.114681066945195,883.3822055589408,8652.305051587522
17301.066411152482,20.116227194666862,883.4537818338722,8652.305051587522
17301.838935080916,20.116227194666862,883.4537818338722,8652.652844851837
17304.103992572054,20.121273037046194,883.517192658037,8652.652844851837
17304.79991878383,20.121273037046194,883.517192658037,8652.94005213119
17304.933081712574,20.1229165866971,883.6340657416731,8652.94005213119
17306.21280134283,20.1229165866971,883.6340657416731,8653.264999983832
17306.429681573063,20.124446405097842,883.6896709855646,8653.264999983832
17307.240570733324,20.124446405097842,883.6896709855646,8653.656134651974
17307.357699258253,20.126012455672026,883.7900552805513,8653.656134651974
17308.31540413201,20.126012455672026,883.7900552805513,8654.189152032137
17309.46506083198,20.13106432557106,883.855192957446,8654.189152032137
17310.480865906924,20.13106432557106,883.855192957446,8654.709957320243
17310.549409125,20.132610503584146,883.9139452464879,8654.709957320243
17311.389092896134,20.132610503584146,883.9139452464879,8655.01557422243
17311.546166393906,20.134277172386646,883.9973492939025,8655.01557422243
17312.02877767384,20.134277172386646,883.9973492939025,8655.33498308435
17312.291181497276,20.13619001582265,884.1299033388495,8655.33498308435
17313.08889684081,20.13619001582265,884.1299033388495,8655.984078513458
17314.84171283059,20.141543611884117,884.187009261921,8655.984078513458
17315.48395013623,20.141543611884117,884.187009261921,8656.246038086712
17315.620353510603,20.143126921728253,884.3032259009778,8656.246038086712
17316.684856155887,20.143126921728253,884.3032259009778,8656.668819915503
17316.816678086296,20.146822767332196,884.3969283849001,8656.668819915503
17317.672682175413,20.146822767332196,884.3969283849001,8657.132211577147
17317.91884626262,20.14845695719123,884.5090267322958,8657.132211577147
17319.17786182277,20.14845695719123,884.5090267322958,8657.641369786114
17322.111478753388,20.153134742751718,884.6065117418766,8657.641369786114
17323.008598275483,20.153134742751718,884.6065117418766,8658.025256153196
17323.38827616535,20.155035566538572,884.7344010435045,8658.025256153196
17324.434930289164,20.155035566538572,884.7344010435045,8658.543826952577
17324.829789936543,20.1567440982908,884.8037120178342,8658.543826952577
17325.516994804144,20.1567440982908,884.8037120178342,8658.922113189474
17325.597148733214,20.15836652740836,884.8732648640871,8658.922113189474
17326.242431823164,20.15836652740836,884.8732648640871,8659.28984358348
17327.283775120974,20.17077111825347,885.0089011732489,8659.28984358348
17327.88927625306,20.17077111825347,885.0089011732489,8659.755535660312
17327.981255965307,20.173688178882003,885.0756620913744,8659.755535660312
17328.563922904432,20.173688178882003,885.0756620913744,8660.152126027271
17328.656557368115,20.175385938957334,885.1586049105972,8660.152126027271
17329.30199536495,20.175385938957334,885.1586049105972,8660.591662768275
17329.499661464244,20.17698424682021,885.3296875916421,8660.591662768275
17330.418470039964,20.17698424682021,885.3296875916421,8661.185067042708
17332.555322168395,20.181985959410667,885.404840759933,8661.185067042708
17333.51884824969,20.181985959410667,885.404840759933,8661.65972364135
17333.691272785887,20.183758920058608,885.4824745841324,8661.65972364135
17334.25710690394,20.183758920058608,885.4824745841324,8662.018169099465
17334.398529248312,20.18557791225612,885.5992397330701,8662.018169099465
17335.26857707277,20.18557791225612,885.5992397330701,8662.437576927245
17335.346630273387,20.18719376064837,885.6671647317708,8662.437576927245
17336.131541749462,20.18719376064837,885.6671647317708,8662.736328756437
17338.470374800265,20.198275031521916,885.8067974671721,8662.736328756437
17338.983201928437,20.198275031521916,885.8067974671721,8663.067349588498
17339.076692247763,20.200000062584877,885.8836808875203,8663.067349588498
17339.907681956887,20.200000062584877,885.8836808875203,8663.699635384604
17339.98077896796,20.201625633984804,885.9469753913581,8663.699635384604
17340.76522710547,20.201625633984804,885.9469753913581,8664.2251778543
17340.912422476336,20.203274624422193,886.005990607664,8664.2251778543
17341.673346368596,20.203274624422193,886.005990607664,8664.666633624583
17343.290350213647,20.209026439115405,886.11183931306,8664.666633624583
17344.082996381447,20.209026439115405,886.11183931306,8665.159933911636
17344.212509972975,20.210707910358906,886.2002268191427,8665.159933911636
17344.956729773432,20.210707910358906,886.2002268191427,8665.489731611684
17345.143036270514,20.2232496868819,886.2856352347881,8665.489731611684
17345.909500334412,20.2232496868819,886.2856352347881,8665.789054911584
17346.06457925588,20.225503025576472,886.3615042865276,8665.789054911584
17346.560798445717,20.225503025576472,886.3615042865276,8666.134201340377
17348.239742912352,20.230583868920803,886.4603121634573,8666.134201340377
17349.118242012337,20.230583868920803,886.4603121634573,8666.675999065861
17349.230043033138,20.232123497873545,886.5508576687425,8666.675999065861
17350.304637106135,20.232123497873545,886.5508576687425,8667.2877944652
17350.38905626349,20.233768889680505,886.6178557593375,8667.2877944652
17351.025364665315,20.233768889680505,886.6178557593375,8667.645455108956
17351.09615794383,20.235365668311715,886.6683730110526,8667.645455108956
17351.94716966711,20.235365668311715,886.6683730110526,8668.22347983718
17353.480069924146,20.24038220010698,886.7213923484087,8668.22347983718
17354.171951793134,20.24038220010698,886.7213923484087,8668.66146082431
17354.284557629377,20.2471724729985,886.7801946923137,8668.66146082431
17355.004550101236,20.2471724729985,886.7801946923137,8669.076461775228
17355.072735805064,20.24880224093795,886.8385472949594,8669.076461775228
17356.057844581082,20.24880224093795,886.8385472949594,8669.583808876574
17356.158455111086,20.25037546828389,886.9207548908889,8669.583808876574
17356.616575472057,20.25037546828389,886.9207548908889,8669.913702690974
17358.267669469118,20.255297234281898,886.9938066639006,8669.913702690974
17359.011513894424,20.255297234281898,886.9938066639006,8670.288140190765
17359.108874714002,20.256910383701324,887.0812411643565,8670.288140190765
17359.839700257406,20.256910383701324,887.0812411643565,8670.73056698963
17359.949926808476,20.25856060348451,887.1602861136198,8670.73056698963
17360.965358724818,20.25856060348451,887.1602861136198,8671.332960989326
17361.03287501633,20.2601729221642,887.2137275692075,8671.332960989326
17362.074624195695,20.2601729221642,887.2137275692075,8671.633878987283
17365.944192860276,20.266340281814337,887.3050354216248,8671.633878987283
17366.69656416215,20.266340281814337,887.3050354216248,8671.97445105575
17366.81242832914,20.26789621822536,887.401110259816,8671.97445105575
17367.605976372957,20.26789621822536,887.401110259816,8672.420295843855
17367.730585716665,20.269518058747053,887.5006053280085,8672.420295843855
17368.441715292633,20.269518058747053,887.5006053280085,8672.806811099872
17368.50434863381,20.271086417138577,887.5520376991481,8672.806811099872
17369.414251023903,20.271086417138577,887.5520376991481,8673.294032998383
17370.73097684048,20.275987597182393,887.6392337419093,8673.294032998383
17371.62467725575,20.275987597182393,887.6392337419093,8673.60672234185
17371.832769868895,20.27904393337667,887.7384525947273,8673.60672234185
17372.49968487583,20.27904393337667,887.7384525947273,8674.040846219286
17372.583037553355,20.280636303126812,887.8119860440493,8674.040846219286
17373.332963353023,20.280636303126812,887.8119860440493,8674.34271216765
17373.61719766073,20.2825087569654,887.866227183491,8674.34271216765
17374.53484456055,20.2825087569654,887.866227183491,8674.648389104754
17377.897296804935,20.28739837743342,887.9351479392499,8674.648389104754
17379.050968373194,20.28739837743342,887.9351479392499,8674.985279105604
17379.12302190438,20.28903843089938,887.9919676352292,8674.985279105604
17379.841974005103,20.28903843089938,887.9919676352292,8675.350976876915
17380.010540740564,20.290641639381647,888.1456108130515,8675.350976876915
17381.21382764727,20.290641639381647,888.1456108130515,8675.697990639135
17381.331573355943,20.292260460555553,888.2536236550659,8675.697990639135
17381.889602296054,20.292260460555553,888.2536236550659,8676.03764991276
17384.240355938673,20.297723185271025,888.3317841999233,8676.03764991276
17384.93435483612,20.297723185271025,888.3317841999233,8676.363200528547
17385.059557430446,20.299369363114238,888.4410347156227,8676.363200528547
17385.785590019077,20.299369363114238,888.4410347156227,8676.844614641741
17385.85599135235,20.30091505125165,888.5016828011721,8676.844614641741
17386.59876513295,20.30091505125165,888.5016828011721,8677.323467859998
17386.669653652236,20.302451878786087,888.5634218081832,8677.323467859998
17387.256534976885,20.302451878786087,888.5634218081832,8677.616994958371
17388.438457537442,20.307514879852533,888.6166182402521,8677.616994958371
17389.05607081391,20.307514879852533,888.6166182402521,8677.955898946151
17389.14999927208,20.309136169031262,888.6979313995689,8677.955898946151
17390.041453301907,20.309136169031262,888.6979313995689,8678.295183852315
17390.13195838034,20.31069332920015,888.7644105609506,8678.295183852315
17390.934189736843,20.31069332920015,888.7644105609506,8678.563122879714
17391.245996752754,20.31231525912881,888.8457611501217,8678.563122879714
17391.932716732845,20.31231525912881,888.8457611501217,8678.861419383436
17393.668354276568,20.31865376420319,888.9211883042008,8678.861419383436
17394.39175551571,20.31865376420319,888.9211883042008,8679.250804824755
17394.478561816737,20.320245254784822,888.9977099578828,8679.250804824755
17395.093799782917,20.320245254784822,888.9977099578828,8679.635852979496
17395.18291312456,20.321858244016767,889.0735328886658,8679.635852979496
17395.87196604535,20.321858244016767,889.0735328886658,8680.061113499105
17396.008730717003,20.323492823168635,889.1370238382369,8680.061113499105
17397.21787485294,20.323492823168635,889.1370238382369,8680.590667655692
17399.469351297244,20.33269684575498,889.1970425006002,8680.590667655692
17400.063608964905,20.33269684575498,889.1970425006002,8680.920925268903
17400.23978473991,20.334375824779272,889.2732523586601,8680.920925268903
17400.809719726443,20.334375824779272,889.2732523586601,8681.254897736013
17400.907166400924,20.339885452762246,889.3475958127528,8681.254897736013
17401.73127780296,20.339885452762246,889.3475958127528,8681.582065511495
17401.80394838564,20.341500271111727,889.4063232857734,8681.582065511495
17402.653854086995,20.341500271111727,889.4063232857734,8681.8611389976
17404.963951524347,20.346521561965346,889.476087750867,8681.8611389976
17405.402094095945,20.346521561965346,889.476087750867,8682.183657197282
17405.53715180047,20.3489809371531,889.5339239072055,8682.183657197282
17406.404149340466,20.3489809371531,889.5339239072055,8682.77220479399
17406.61353019625,20.350721277296543,889.6372403465211,8682.77220479399
17407.259362716228,20.350721277296543,889.6372403465211,8683.151530554518
17407.346980189905,20.352259324863553,889.7134078647941,8683.151530554518
17408.2538185101,20.352259324863553,889.7134078647941,8683.691773965955
17409.91489219293,20.357146732509136,889.7976189572364,8683.691773965955
17410.798909980804,20.357146732509136,889.7976189572364,8684.10882756114
17410.87403940782,20.35880381986499,889.8628593776375,8684.10882756114
17411.59563884884,20.35880381986499,889.8628593776375,8684.54141902551
17411.74527093582,20.360384987667203,889.9544615857303,8684.54141902551
17412.708027835935,20.360384987667203,889.9544615857303,8685.14451986365
17412.78708744794,20.362006936222315,890.0205811690539,8685.14451986365
17413.694940065965,20.362006936222315,890.0205811690539,8685.676191838458
17415.475389989093,20.368936298415065,890.1000075582415,8685.676191838458
17416.163259169087,20.368936298415065,890.1000075582415,8686.058953732252
17416.231583256274,20.370566649362445,890.1585135273635,8686.058953732252
17416.834858287126,20.370566649362445,890.1585135273635,8686.43942711316
17416.932372407988,20.37219585850835,890.2459657788277,8686.43942711316
17417.54887995124,20.37219585850835,890.2459657788277,8686.826469892636
17417.73972829245,20.373876988887787,890.4093351718038,8686.826469892636
17418.47945704125,20.373876988887787,890.4093351718038,8687.278537908569
17420.22081485577,20.381992185488343,890.4850085191429,8687.278537908569
17420.93455111608,20.381992185488343,890.4850085191429,8687.693710198626
17421.06978952512,20.383594546467066,890.5904430560768,8687.693710198626
17421.89654371701,20.383594546467066,890.5904430560768,8688.1739012748
17422.00484520383,20.385268354788423,890.6871881149709,8688.1739012748
17422.56552944705,20.385268354788423,890.6871881149709,8688.55728524737
17422.65267696418,20.388721788302064,890.7529107034206,8688.55728524737
17423.27726177126,20.388721788302064,890.7529107034206,8688.99215278402
17424.983326461166,20.39354699663818,890.8121995851398,8688.99215278402
17425.586291955784,20.39354699663818,890.8121995851398,8689.362434592098
17425.70764929056,20.395093394443393,890.9121757633984,8689.362434592098
17426.368080755696,20.395093394443393,890.9121757633984,8689.775848587975
17426.468625124544,20.396691551432014,890.9924606252462,8689.775848587975
17427.12402550131,20.396691551432014,890.9924606252462,8690.178324460983
17427.23311018385,20.398693408817053,891.0852308738977,8690.178324460983
17427.982128232718,20.398693408817053,891.0852308738977,8690.570351233706
17429.344940492883,20.40365414507687,891.1599048543721,8690.570351233706
17430.32167964056,20.40365414507687,891.1599048543721,8690.95096418634
17430.512042734772,20.405296785756946,891.2412424273789,8690.95096418634
17431.269680628553,20.405296785756946,891.2412424273789,8691.248524211347
17431.49699348025,20.407032968476415,891.2905709799379,8691.248524211347
17432.01050578803,20.407032968476415,891.2905709799379,8691.536366229877
17432.32005511783,20.408819902688265,891.3582091350108,8691.536366229877
17432.75974911265,20.408819902688265,891.3582091350108,8691.790488146245
17436.92007678002,20.418839558959007,891.4281544908881,8691.790488146245
17438.08476001583,20.418839558959007,891.4281544908881,8692.077209431678
17438.161307463422,20.420461427420378,891.4934721030295,8692.077209431678
17438.618366530165,20.420461427420378,891.4934721030295,8692.369256583974
17438.982048440725,20.422076938673854,891.5922339390963,8692.369256583974
17439.833155807108,20.422076938673854,891.5922339390963,8692.689267052338
17439.922114005312,20.42427647858858,891.6662802677602,8692.689267052338
17440.387410271913,20.42427647858858,891.6662802677602,8692.966572448611
17441.408354412764,20.429233625531197,891.7436818573624,8692.966572448611
17442.06430788897,20.429233625531197,891.7436818573624,8693.339181890711
17442.215718837455,20.430829282850027,891.8854512125254,8693.339181890711
17442.746636431664,20.430829282850027,891.8854512125254,8693.636042021215
17442.920877175406,20.43322984687984,892.0368342269212,8693.636042021215
17443.686845799908,20.43322984687984,892.0368342269212,8694.113037440926
17443.929776815698,20.434990268200636,892.1473574768752,8694.113037440926
17444.601566920057,20.434990268200636,892.1473574768752,8694.452843517065
17448.12274460122,20.44053483568132,892.2506845351309,8694.452843517065
17448.954966476187,20.44053483568132,892.2506845351309,8695.035841993988
17449.075869893655,20.442207895219326,892.357952253893,8695.035841993988
17449.64166910015,20.442207895219326,892.357952253893,8695.440525125712
17449.823507171124,20.443820083513856,892.5034392755479,8695.440525125712
17450.689698820934,20.443820083513856,892.5034392755479,8695.902444014326
17450.80008242838,20.44552133232355,892.5978031437844,8695.902444014326
17451.7584047243,20.44552133232355,892.5978031437844,8696.443139618263
17453.66343910061,20.450446443632245,892.6564941052347,8696.443139618263
17454.419876756147,20.450446443632245,892.6564941052347,8696.705060558394
17454.489423044026,20.452064314857125,892.7161383051425,8696.705060558394
17455.413120416924,20.452064314857125,892.7161383051425,8696.999070648104
17456.134383827448,20.453831227496266,892.8003862686455,8696.999070648104
17457.4619544968,20.453831227496266,892.8003862686455,8697.402876624838
17457.601361356676,20.455406475812197,892.9159951917827,8697.402876624838
17458.158632380888,20.455406475812197,892.9159951917827,8697.699783995748
17460.402182891965,20.46058096177876,893.0170893222094,8697.699783995748
17460.91655948013,20.46058096177876,893.0170893222094,8698.033211238682
17461.07663162425,20.462260840460658,893.1531425863504,8698.033211238682
17461.928788123652,20.462260840460658,893.1531425863504,8698.672107556835
17462.046401312575,20.464034613221884,893.253248590976,8698.672107556835
17462.89945972711,20.464034613221884,893.253248590976,8699.1655204352
17463.097038680688,20.4656043946743,893.4367322493345,8699.1655204352
17463.947312695906,20.4656043946743,893.4367322493345,8699.527316490188
17465.312654281035,20.47054185718298,893.497511530295,8699.527316490188
17466.143999751657,20.47054185718298,893.497511530295,8699.914031187072
17466.238565992564,20.47214417718351,893.5780280586332,8699.914031187072
17466.975320285186,20.47214417718351,893.5780280586332,8700.247621724382
17467.096364123747,20.47367189452052,893.6812428738922,8700.247621724382
17467.90635452047,20.47367189452052,893.6812428738922,8700.68071183376
17467.99667271413,20.475375233218074,893.7609184253961,8700.68071183376
17468.805737933144,20.475375233218074,893.7609184253961,8701.191263750196
17472.42418055609,20.480467312037945,893.9074316173792,8701.191263750196
17472.930743532255,20.480467312037945,893.9074316173792,8701.526974054053
17473.01832921803,20.48206285946071,893.9852519761771,8701.526974054053
17473.656224440783,20.48206285946071,893.9852519761771,8701.861536998302
17473.772242370993,20.48472441546619,894.0536788851023,8701.861536998302
17474.39148848504,20.48472441546619,894.0536788851023,8702.30717490241
17474.68942955695,20.48649208806455,894.2049602437764,8702.30717490241
17475.661894675344,20.48649208806455,894.2049602437764,8702.699650635943
17478.87089610286,20.493031663820148,894.2693060189486,8702.699650635943
17479.456778364256,20.493031663820148,894.2693060189486,8702.995355956256
17479.59642219171,20.495005978271365,894.375265866518,8702.995355956256
17480.29268841073,20.495005978271365,894.375265866518,8703.332080300897
17480.474442968145,20.496773790568113,894.4770429190248,8703.332080300897
17481.239872952923,20.496773790568113,894.4770429190248,8703.85481386073
17481.3817369584,20.499563043937087,894.5941461790353,8703.85481386073
17481.887563692406,20.499563043937087,894.5941461790353,8704.236426407471
17484.496958712116,20.50434179790318,894.705388052389,8704.236426407471
17485.302668903023,20.50434179790318,894.705388052389,8704.750555912033
17485.42548314482,20.505952015519142,894.8169917650521,8704.750555912033
17486.001063060015,20.505952015519142,894.8169917650521,8705.09372958541
17486.17708852701,20.50778198800981,894.9004048537463,8705.09372958541
17487.00818829611,20.50778198800981,894.9004048537463,8705.67922254093
17487.082615684718,20.50940920598805,894.9648277089,8705.67922254093
17487.7329781726,20.50940920598805,894.9648277089,8706.037293251604
17489.196765832603,20.514624943956733,895.0334550309926,8706.037293251604
17489.987437732518,20.514624943956733,895.0334550309926,8706.427661214024
17490.052757292986,20.516172092407942,895.0878681540489,8706.427661214024
17490.780179448426,20.516172092407942,895.0878681540489,8706.877407973632
17490.86790649593,20.517733002081513,895.165444439277,8706.877407973632
17491.626092577353,20.517733002081513,895.165444439277,8707.387549135834
17491.773466635495,20.519332421943545,895.2981463521719,8707.387549135834
17492.378995083272,20.519332421943545,895.2981463521719,8707.712937943637
17495.021612249315,20.52439508214593,895.4156100191176,8707.712937943637
17495.992992429063,20.52439508214593,895.4156100191176,8708.397190885618
17496.094800410792,20.526051012799144,895.5015210751444,8708.397190885618
17496.85418736376,20.526051012799144,895.5015210751444,8708.866680091247
17496.974778575823,20.52760511264205,895.6085724905133,8708.866680091247
17497.697588548064,20.52760511264205,895.6085724905133,8709.260627469048
17497.788036415353,20.529229942709208,895.6657058149576,8709.260627469048
17498.555970832705,20.529229942709208,895.6657058149576,8709.639811081812
17501.899585967883,20.53429915383458,895.7147937305272,8709.639811081812
17502.604338152334,20.53429915383458,895.7147937305272,8709.911564899608
17502.72736480087,20.535905251279473,895.8112913258374,8709.911564899608
17503.449588611722,20.535905251279473,895.8112913258374,8710.294673275203
17503.54378860444,20.53751539066434,895.8923159819096,8710.294673275203
17504.073068056256,20.53751539066434,895.8923159819096,8710.542851354927
17504.159319546074,20.539141051471233,895.9539474062622,8710.542851354927
17504.546784460545,20.539141051471233,895.9539474062622,8710.811239132658
17507.871808320284,20.5441733635962,896.019421139732,8710.811239132658
17508.543281124905,20.5441733635962,896.019421139732,8711.228950172663
17508.61685737595,20.54595009610057,896.0790774393827,8711.228950172663
17509.06996049732,20.54595009610057,896.0790774393827,8711.512121215463
17509.174016261473,20.547535384073853,896.1695361658931,8711.512121215463
17509.779000541195,20.547535384073853,896.1695361658931,8711.94050689973
17509.96567606926,20.549162620678544,896.3232670370489,8711.94050689973
17510.797842919827,20.549162620678544,896.3232670370489,8712.368697980419
17512.252265864983,20.56019345112145,896.4204262271523,8712.368697980419
17512.708742916584,20.56019345112145,896.4204262271523,8712.68257390149
17512.806046279147,20.56182556413114,896.4897452816367,8712.68257390149
17513.563148433343,20.56182556413114,896.4897452816367,8713.13005169481
17513.627089710906,20.56351492367685,896.5399211999029,8713.13005169481
17514.184205435216,20.56351492367685,896.5399211999029,8713.410233987495
17514.26412815042,20.56512247212231,896.6100937929004,8713.410233987495
17515.096636468545,20.56512247212231,896.6100937929004,8713.717849804088
17516.780101859942,20.570202680304646,896.6765828169882,8713.717849804088
17517.3718152605,20.570202680304646,896.6765828169882,8714.007896624506
17517.449097000062,20.57203887589276,896.7390517387539,8714.007896624506
17518.134318253025,20.57203887589276,896.7390517387539,8714.279083704576
17518.407917056233,20.573861949145794,896.8284165579826,8714.279083704576
17519.311416920274,20.573861949145794,896.8284165579826,8714.661666009575
17519.407377729192,20.575465889647603,896.9106530863792,8714.661666009575
17520.38424228877,20.575465889647603,896.9106530863792,8715.082922259346
17524.076637947932,20.580384822562337,897.0269023571163,8715.082922259346
17525.084674393758,20.580384822562337,897.0269023571163,8715.491703258827
17525.144069660455,20.581939578056335,897.068921096623,8715.491703258827
17526.211196366698,20.581939578056335,897.068921096623,8715.896427825093
17526.510578356683,20.583718348294497,897.1963425725698,8715.896427825093
17527.447000056505,20.583718348294497,897.1963425725698,8716.201114360243
17527.577675431967,20.585340827703476,897.3036163654178,8716.201114360243
17528.703956371173,20.585340827703476,897.3036163654178,8716.479886746034
17530.92941873707,20.590252989903092,897.3558000419289,8716.479886746034
17531.576696274802,20.590252989903092,897.3558000419289,8716.74238995649
17531.646987115964,20.59197145141661,897.4081242382526,8716.74238995649
17532.20226997882,20.59197145141661,897.4081242382526,8717.150615938008
17532.353270413354,20.594009490683675,897.5432848259807,8717.150615938008
17533.054807741195,20.594009490683675,897.5432848259807,8717.430480234325
17533.124287379906,20.595615681260824,897.5962230674922,8717.430480234325
17533.738991696388,20.595615681260824,897.5962230674922,8717.735987095162
17535.01888765581,20.600546561181545,897.6647657975554,8717.735987095162
17535.644901810214,20.600546561181545,897.6647657975554,8718.017160994932
17535.714828204364,20.602130049839616,897.7230286300182,8718.017160994932
17536.3100390397,20.602130049839616,897.7230286300182,8718.397313285619
17536.479248045012,20.603736091405153,897.858150806278,8718.397313285619
17537.05685708113,20.603736091405153,897.858150806278,8718.742617005482
17537.21634771861,20.605305701494217,897.9878199715167,8718.742617005482
17537.807259444147,20.605305701494217,897.9878199715167,8719.110671369359
17538.649331999943,20.610225949436426,898.1075765695423,8719.110671369359
17539.460921492428,20.610225949436426,898.1075765695423,8719.751831457019
17539.539922762662,20.611783284693956,898.1736525055021,8719.751831457019
17540.090442428365,20.611783284693956,898.1736525055021,8720.015155036002
17540.230514233932,20.613396184518933,898.2932736407965,8720.015155036002
17540.986685235053,20.613396184518933,898.2932736407965,8720.477323511615
17541.11871970445,20.61496372334659,898.4013888482004,8720.477323511615
17541.974079580978,20.61496372334659,898.4013888482004,8721.155334215611
17542.862607317045,20.619909062981606,898.4783861432225,8721.155334215611
17543.71245231293,20.619909062981606,898.4783861432225,8721.732109239325
17543.83562896028,20.621388310566545,898.5894414521754,8721.732109239325
17544.51602390781,20.621388310566545,898.5894414521754,8722.102727748454
17544.720950080082,20.62300157919526,898.7616811804473,8722.102727748454
17545.504868732765,20.62300157919526,898.7616811804473,8722.61558091268
17545.625619487837,20.624772153794765,898.8616029005498,8722.61558091268
17546.48206661269,20.624772153794765,898.8616029005498,8723.028013298288
17547.185876443982,20.629765452817082,898.9594806432724,8723.028013298288
17548.015975303948,20.629765452817082,898.9594806432724,8723.546388413757
17548.187040820718,20.631831074133515,899.1153489742428,8723.546388413757
17548.97798128985,20.631831074133515,899.1153489742428,8724.053263219073
17549.15891229734,20.633457954972982,899.2726203836501,8724.053263219073
17549.941393991932,20.633457954972982,899.2726203836501,8724.514466358349
17550.07637689635,20.63501307554543,899.3850959409028,8724.514466358349
17550.64690964669,20.63501307554543,899.3850959409028,8724.902232090011
17551.561192488298,20.640054166316986,899.5469612013549,8724.902232090011
17552.458824981004,20.640054166316986,899.5469612013549,8725.400622611865
17552.620260791853,20.641708867624402,899.6189168728888,8725.400622611865
17553.264898065478,20.641708867624402,899.6189168728888,8725.715975381434
17553.348862135783,20.64329211600125,899.693159326911,8725.715975381434
17554.098507316783,20.64329211600125,899.693159326911,8726.15355876647
17554.253788229078,20.644823875278234,899.824564486742,8726.15355876647
17554.980899384245,20.644823875278234,899.824564486742,8726.589788375422
17556.371055765077,20.649776654317975,899.8779778145254,8726.589788375422
17557.05893128924,20.649776654317975,899.8779778145254,8727.063675167039
17557.209249788895,20.651334362104535,900.0025571994483,8727.063675167039
17557.90616316907,20.651334362104535,900.0025571994483,8727.504323003814
17558.037598868832,20.652959689497948,900.1080841273069,8727.504323003814
17558.876626519486,20.652959689497948,900.1080841273069,8728.098811674863
17559.072303112596,20.65475250221789,900.1786284819245,8728.098811674863
17560.04693263583,20.65475250221789,900.1786284819245,8728.631391778588
17562.257969493046,20.65978699363768,900.2665936443955,8728.631391778588
17562.810892311856,20.65978699363768,900.2665936443955,8728.946034653112
17562.917446432635,20.661427725106478,900.3561869561672,8728.946034653112
17563.612026788294,20.661427725106478,900.3561869561672,8729.361716149375
17563.769650323316,20.663135316222906,900.4107758831233,8729.361716149375
17564.58283586614,20.663135316222906,900.4107758831233,8729.767441185191
17564.69288861938,20.66470255330205,900.5040103495121,8729.767441185191
17565.402764482424,20.66470255330205,900.5040103495121,8730.22781685181
17566.984764276072,20.66964797116816,900.5923261698335,8730.22781685181
17567.827552868053,20.66964797116816,900.5923261698335,8730.745147887617
17567.906725011766,20.671992225572467,900.6470092386007,8730.745147887617
17568.814732093364,20.671992225572467,900.6470092386007,8731.314978726208
17568.94245847687,20.67359195277095,900.7522709239274,8731.314978726208
17569.74965655245,20.67359195277095,900.7522709239274,8731.819781666622
17569.821799656376,20.675227791070938,900.8106069006026,8731.819781666622
17570.829959843308,20.675227791070938,900.8106069006026,8732.140592005104
17575.16809475608,20.682446440681815,900.8877998962998,8732.140592005104
17576.030332218856,20.682446440681815,900.8877998962998,8732.540486326441
17576.154358234257,20.684102401137352,900.9960816167295,8732.540486326441
17577.237401006743,20.684102401137352,900.9960816167295,8732.985394269228
17578.050263764337,20.68578602001071,901.089028539136,8732.985394269228
17578.5842458345,20.68578602001071,901.089028539136,8733.268047496676
17578.663568660617,20.68743845075369,901.1551016252488,8733.268047496676
17579.406952021644,20.68743845075369,901.1551016252488,8733.582537250593
17583.503654137254,20.69355363212526,901.238656906411,8733.582537250593
17584.444564437494,20.69355363212526,901.238656906411,8733.9293426238
17584.554379284382,20.69524085149169,901.327225830406,8733.9293426238
17585.13027768396,20.69524085149169,901.327225830406,8734.323399798945
17585.20819423534,20.69668742828071,901.3892731815577,8734.323399798945
17586.013597188517,20.69668742828071,901.3892731815577,8734.566509252414
17586.44769947976,20.698474571108818,901.4543386083096,8734.566509252414
17587.019879933447,20.698474571108818,901.4543386083096,8734.829697597772
17589.919970791787,20.703408271074295,901.5458909068257,8734.829697597772
17590.399771010503,20.703408271074295,901.5458909068257,8735.151920251548
17590.56582646817,20.70515956170857,901.6860817875713,8735.151920251548
17591.48925063014,20.70515956170857,901.6860817875713,8735.74588708952
17591.65259994939,20.706730170175433,901.8320535514504,8735.74588708952
17592.422209564596,20.706730170175433,901.8320535514504,8736.117962608114
17592.483165001497,20.7085522133857,901.8815852608532,8736.117962608114
17593.378501923755,20.7085522133857,901.8815852608532,8736.736062699929
17594.439342096448,20.715715654194355,901.9795377459377,8736.736062699929
17595.292301543057,20.715715654194355,901.9795377459377,8737.178092753515
17595.372533015907,20.71735843271017,902.0459133796394,8737.178092753515
17596.020613173023,20.71735843271017,902.0459133796394,8737.536174418405
17596.080466587096,20.718998363241553,902.0958299543709,8737.536174418405
17596.86696186103,20.718998363241553,902.0958299543709,8737.933452462777
17597.01078782417,20.720525931566954,902.2206833269447,8737.933452462777
17597.526209348813,20.720525931566954,902.2206833269447,8738.300770495087
17598.482691740617,20.725351309403777,902.3571160882711,8738.300770495087
17599.30809284933,20.725351309403777,902.3571160882711,8738.74125058204
17599.418301496655,20.72698723897338,902.4426962770522,8738.74125058204
17600.17451539077,20.72698723897338,902.4426962770522,8739.176796751097
17600.324193593115,20.728583816438913,902.5754244495183,8739.176796751097
17600.96980306506,20.728583816438913,902.5754244495183,8739.62031574361
17601.029570406303,20.730140067636967,902.6260244753212,8739.62031574361
17601.790590060875,20.730140067636967,902.6260244753212,8739.961230207235
17602.644231028855,20.735088672488928,902.7318863924593,8739.961230207235
17603.414162153378,20.735088672488928,902.7318863924593,8740.433532863855
17603.50596841611,20.7458055652678,902.7958802822977,8740.433532863855
17604.274964164943,20.7458055652678,902.7958802822977,8740.993834232911
17604.40361159295,20.747385313734412,902.891452183947,8740.993834232911
17605.162553789094,20.747385313734412,902.891452183947,8741.45444333367
17605.320885123685,20.748998230323195,902.992372052744,8741.45444333367
17606.004168869928,20.748998230323195,902.992372052744,8741.941681206226
17607.160652296618,20.758215149864554,903.1245099138469,8741.941681206226
17607.904524818063,20.758215149864554,903.1245099138469,8742.439481213689
17608.0040576607,20.75991092994809,903.214130807668,8742.439481213689
17608.655772265047,20.75991092994809,903.214130807668,8742.79571222514
17608.72941053845,20.761509388685226,903.2727191075683,8742.79571222514
17609.53017611988,20.761509388685226,903.2727191075683,8743.376532284543
17609.630380736664,20.763104118406773,903.3583991099149,8743.376532284543
17610.402119614184,20.763104118406773,903.3583991099149,8743.92826747708
17611.115080969408,20.76791976764798,903.5084856096655,8743.92826747708
17611.841935841367,20.76791976764798,903.5084856096655,8744.356448052451
17611.973744940013,20.769604889675975,903.6084079202265,8744.356448052451
17612.754265176132,20.769604889675975,903.6084079202265,8744.824250377715
17612.932431353256,20.771282209083438,903.7664909958839,8744.824250377715
17613.871098533273,20.771282209083438,903.7664909958839,8745.316186137497
17614.010386696085,20.773084551095963,903.8854895606637,8745.316186137497
17614.86730283685,20.773084551095963,903.8854895606637,8745.843105820939
17615.610922116786,20.78347907960415,903.9812561068684,8745.843105820939
17616.327902711928,20.78347907960415,903.9812561068684,8746.313809046522
17616.38753411174,20.785081868991256,904.0310070384294,8746.313809046522
17617.25202752836,20.785081868991256,904.0310070384294,8746.821773566306
17617.379136921838,20.786646977066994,904.1422261316329,8746.821773566306
17618.273121153936,20.786646977066994,904.1422261316329,8747.475546970963
17618.389491142705,20.788198173046112,904.242886763066,8747.475546970963
17619.034973472357,20.788198173046112,904.242886763066,8747.965199848637
17619.916693544015,20.793569330126047,904.3256493527442,8747.965199848637
17620.766324091703,20.793569330126047,904.3256493527442,8748.537820050493
17620.892545459792,20.79515810869634,904.4416096527129,8748.537820050493
17621.79618346691,20.79515810869634,904.4416096527129,8749.112311676145
17621.99032457173,20.79682637192309,904.5341863185167,8749.112311676145
17622.626850431785,20.79682637192309,904.5341863185167,8749.536016207188
17622.747528128326,20.798386588692665,904.64511394687,8749.536016207188
17623.55650623329,20.798386588692665,904.64511394687,8750.055990282446
17624.427557738498,20.803412210196257,904.7367974668741,8750.055990282446
17625.165047466755,20.803412210196257,904.7367974668741,8750.528911059722
17625.28547769785,20.805021408945322,904.840535255149,8750.528911059722
17626.239078739658,20.805021408945322,904.840535255149,8751.118245823309
17626.36680936441,20.806632349267602,904.9514414537698,8751.118245823309
17627.056178612635,20.806632349267602,904.9514414537698,8751.679675281048
17627.212766636163,20.808392660692334,905.0814820695668,8751.679675281048
17627.861541660503,20.808392660692334,905.0814820695668,8752.06833256036
17628.597473448142,20.813330659642816,905.1557219736278,8752.06833256036
17629.301749076694,20.813330659642816,905.1557219736278,8752.46439101547
17629.43940252997,20.81497970968485,905.2789853382856,8752.46439101547
17630.125857595354,20.81497970968485,905.2789853382856,8752.960984632373
17630.277533093467,20.81654103845358,905.413656398654,8752.960984632373
17631.06490056403,20.81654103845358,905.413656398654,8753.547733969986
17631.143464509398,20.81818786635995,905.4762798734009,8753.547733969986
17631.738367184997,20.81818786635995,905.4762798734009,8753.952269056812
17632.589237784967,20.823232874274254,905.5271457843482,8753.952269056812
17633.483319420367,20.823232874274254,905.5271457843482,8754.499519208446
17633.581118462607,20.824800353497267,905.6061872951686,8754.499519208446
17634.37894382514,20.824800353497267,905.6061872951686,8755.064355008304
17634.485191481188,20.826356602832675,905.695236377418,8755.064355008304
17635.204239943996,20.826356602832675,905.695236377418,8755.544279551134
17635.37273511663,20.828322909772396,905.8491287864745,8755.544279551134
17636.108261199668,20.828322909772396,905.8491287864745,8755.99880878441
17636.935799960047,20.83329345099628,906.0003078356385,8755.99880878441
17637.671954996884,20.83329345099628,906.0003078356385,8756.492376115173
17637.77960793674,20.83490131981671,906.0914682466537,8756.492376115173
17638.574760621414,20.83490131981671,906.0914682466537,8757.07780588977
17638.72684858367,20.836594289168715,906.1808840855956,8757.07780588977
17639.357904285192,20.836594289168715,906.1808840855956,8757.45904930681
17639.50953411311,20.838188488036394,906.3074743878096,8757.45904930681
17640.244370372966,20.838188488036394,906.3074743878096,8757.929786505178
17648.37951495312,20.84315451607108,906.3648534156382,8757.929786505178
17648.868570122868,20.84315451607108,906.3648534156382,8758.229517435655
17648.947593824938,20.84478522464633,906.4264601115137,8758.229517435655
17650.004612723365,20.84478522464633,906.4264601115137,8758.59102306515
17650.08942192793,20.846520805731416,906.4851844161749,8758.59102306515
17650.74771155417,20.846520805731416,906.4851844161749,8758.858378537
17650.88122881204,20.84939741715789,906.5977756343782,8758.858378537
17651.442918408662,20.84939741715789,906.5977756343782,8759.157005287707
17652.739950116724,20.854322217404842,906.7377372905612,8759.157005287707
17653.57573419623,20.854322217404842,906.7377372905612,8759.539806082845
17653.677215304226,20.855931546539068,906.8170291502029,8759.539806082845
17654.34772558324,20.855931546539068,906.8170291502029,8759.93622911349
17654.476753920317,20.857543604448438,906.9152553901076,8759.93622911349
17655.340162640437,20.857543604448438,906.9152553901076,8760.398020489141
17655.42515823245,20.859148792922497,906.9830439966172,8760.398020489141
17656.243548348546,20.859148792922497,906.9830439966172,8760.735379660502
17657.569565050304,20.863989545032382,907.1044759955257,8760.735379660502
17658.469463584945,20.863989545032382,907.1044759955257,8761.135982405394
17658.656957119703,20.86587424762547,907.2650351151824,8761.135982405394
17659.449090771377,20.86587424762547,907.2650351151824,8761.481130369008
17659.677807055414,20.8674720749259,907.3404324427247,8761.481130369008
17660.711112704128,20.8674720749259,907.3404324427247,8761.755565660074
17660.827872408554,20.869054533541203,907.44230819121,8761.755565660074
17661.65664413385,20.869054533541203,907.44230819121,8762.156140657142
17664.09965388477,20.874184265732765,907.5587129499763,8762.156140657142
17664.827832397074,20.874184265732765,907.5587129499763,8762.438799727708
17664.90185359679,20.87613103352487,907.6198764089495,8762.438799727708
17665.471159702167,20.87613103352487,907.6198764089495,8762.731268944219
17665.75470319949,20.878062836825848,907.7104051280767,8762.731268944219
17666.89894918911,20.878062836825848,907.7104051280767,8762.964612420648
17666.9799411688,20.887319214642048,907.7649748865515,8762.964612420648
17667.622021088377,20.887319214642048,907.7649748865515,8763.175053112209
17670.7780503612,20.89502579346299,907.8268693592399,8763.175053112209
17671.42334173061,20.89502579346299,907.8268693592399,8763.454783840105
17671.511092510074,20.899592846632004,907.8908614180982,8763.454783840105
17672.98616918549,20.899592846632004,907.8908614180982,8764.056712808087
17673.056572239846,20.901238728314638,907.9423212502152,8764.056712808087
17673.793661257252,20.901238728314638,907.9423212502152,8764.352493127808
17673.859093653038,20.902825567871332,907.9976851511747,8764.352493127808
17674.60951011628,20.902825567871332,907.9976851511747,8764.639907373115
17677.48896341771,20.90781180560589,908.083899743855,8764.639907373115
17678.261349301785,20.90781180560589,908.083899743855,8765.098011232913
17678.413166625425,20.90946474671364,908.1677238829434,8765.098011232913
17679.405773729086,20.90946474671364,908.1677238829434,8765.767331978306
17679.504049537703,20.911126716062427,908.241548512131,8765.767331978306
17680.42090621032,20.911126716062427,908.241548512131,8766.208462869748
17680.59188922867,20.913030367344618,908.3846772536635,8766.208462869748
17681.3716176264,20.913030367344618,908.3846772536635,8766.59860380739
17683.29755232297,20.918482156470418,908.5138502158225,8766.59860380739
17684.18610208109,20.918482156470418,908.5138502158225,8767.100999910384
17684.249167043716,20.92018092609942,908.5670134499669,8767.100999910384
17684.829231634736,20.92018092609942,908.5670134499669,8767.452633131295
17685.033970154822,20.921816246584058,908.6494263522327,8767.452633131295
17685.816905710846,20.921816246584058,908.6494263522327,8767.902727846056
17685.88898119703,20.923479236662388,908.7054115068167,8767.902727846056
17686.618333321065,20.923479236662388,908.7054115068167,8768.338319338858
17688.11782359332,20.93146882019937,908.7980214152485,8768.338319338858
17688.78159803897,20.93146882019937,908.7980214152485,8768.794139135629
17688.853112814948,20.933304583653808,908.8593476079404,8768.794139135629
17689.492406489328,20.933304583653808,908.8593476079404,8769.093507379293
17689.57548880391,20.934863541275263,908.9267760273069,8769.093507379293
17690.313796360046,20.934863541275263,908.9267760273069,8769.412537889555
17690.423259424046,20.93644872121513,909.0188381746411,8769.412537889555
17691.144021304324,20.93644872121513,909.0188381746411,8769.748204709962
17693.16205478087,20.941347321495414,909.0890652760863,8769.748204709962
17694.007974358276,20.941347321495414,909.0890652760863,8770.084060184658
17694.111381562427,20.942939911037683,909.1761041563004,8770.084060184658
17694.700934713706,20.942939911037683,909.1761041563004,8770.435496862978
17694.8282482028,20.944591358304024,909.2809376772493,8770.435496862978
17695.677888076752,20.944591358304024,909.2809376772493,8771.017990106717
17695.748269652948,20.946253528818488,909.336242692545,8771.017990106717
17696.596775176004,20.946253528818488,909.336242692545,8771.620468072593
17697.948241615668,20.95143856666982,909.481403613463,8771.620468072593
17698.549569511786,20.95143856666982,909.481403613463,8771.958718650043
17698.62179811299,20.953096145763993,909.5440019387752,8771.958718650043
17699.449270976707,20.953096145763993,909.5440019387752,8772.35688912496
17699.587755024433,20.954783415421844,909.6655820533633,8772.35688912496
17700.30249031633,20.954783415421844,909.6655820533633,8772.705273348838
17700.41415478103,20.956363923847675,909.7627449333668,8772.705273348838
17701.116059157997,20.956363923847675,909.7627449333668,8773.07171960175
17706.369935663417,20.963412899523973,909.815359255299,8773.07171960175
17706.61643818021,20.963412899523973,909.815359255299,8773.23939730972
17706.68284132518,20.964825425297022,909.8654966913164,8773.23939730972
17707.147961961105,20.964825425297022,909.8654966913164,8773.490184292197
17707.218292756006,20.966442173346877,909.9207048099488,8773.490184292197
17707.792965400964,20.966442173346877,909.9207048099488,8773.780201388523
17707.848415544257,20.96790990792215,909.9680079557002,8773.780201388523
17708.6370507963,20.96790990792215,909.9680079557002,8774.078723177314
17711.90254622139,20.9728699978441,910.0209266636521,8774.078723177314
17712.93780304119,20.9728699978441,910.0209266636521,8774.464805763215
17713.000326653942,20.97447412647307,910.0709832683206,8774.464805763215
17713.911881122738,20.97447412647307,910.0709832683206,8774.762107091025
17714.02451244369,20.97612072713673,910.1334032379091,8774.762107091025
17714.868436587974,20.97612072713673,910.1334032379091,8775.185437049717
17714.936077883467,20.977809196338058,910.1904056407511,8775.185437049717
17715.929671568796,20.977809196338058,910.1904056407511,8775.537893844768
17718.682547155768,20.983016530051827,910.2529539335519,8775.537893844768
17719.52167856507,20.983016530051827,910.2529539335519,8775.892503581941
17719.653963269666,20.98458548821509,910.3723766691983,8775.892503581941
17720.371205028147,20.98458548821509,910.3723766691983,8776.284181809053
17720.56341967173,20.98630472831428,910.4900332204998,8776.284181809053
17721.44329140894,20.98630472831428,910.4900332204998,8776.821034569293
17721.551924204454,20.988024551421404,910.5403867661953,8776.821034569293
17722.22882624343,20.988024551421404,910.5403867661953,8777.236877096817
17725.479592295364,20.99468339420855,910.6232070364058,8777.236877096817
17726.538501303643,20.99468339420855,910.6232070364058,8777.556130534038
17726.91409880109,20.996255742385983,910.6905603576452,8777.556130534038
17727.6941912286,20.996255742385983,910.6905603576452,8777.85310848616
17727.793802024797,20.99777451902628,910.7677063569427,8777.85310848616
17728.958242088556,20.99777451902628,910.7677063569427,8778.178644003347
17729.17427562177,21.001964384689927,910.8316632658243,8778.178644003347
17729.91370439343,21.001964384689927,910.8316632658243,8778.436395846307
17732.58188411966,21.00918761640787,910.8850555941463,8778.436395846307
17733.44705166854,21.00918761640787,910.8850555941463,8778.84614309296
17733.556422952563,21.010806703940034,910.9846002273262,8778.84614309296
17734.14603031613,21.010806703940034,910.9846002273262,8779.179777309299
17734.291738975793,21.012340979650617,911.1072539687157,8779.179777309299
17734.956161009148,21.012340979650617,911.1072539687157,8779.607190156356
17735.020524084568,21.014001220464706,911.1580427698791,8779.607190156356
17735.690803052858,21.014001220464706,911.1580427698791,8780.00538844429
17736.965365504846,21.018968801945448,911.2710772100836,8780.00538844429
17737.8555500973,21.018968801945448,911.2710772100836,8780.632406169549
17737.918188020587,21.02057259902358,911.3209214322269,8780.632406169549
17738.594392236322,21.02057259902358,911.3209214322269,8781.101457491517
17738.699167186394,21.022172078490257,911.410227721557,8781.101457491517
17739.370969500393,21.022172078490257,911.410227721557,8781.52978791669
17739.44636173919,21.023878628388047,911.474657798186,8781.52978791669
17740.04269780405,21.023878628388047,911.474657798186,8781.902680104598
17741.777471229434,21.030099311843514,911.5428230948746,8781.902680104598
17742.480211272836,21.030099311843514,911.5428230948746,8782.177747029811
17742.734513463452,21.031952276825905,911.5932562276721,8782.177747029811
17743.27680533193,21.031952276825905,911.5932562276721,8782.466729046777
17743.363681124523,21.03355754725635,911.6611648797989,8782.466729046777
17744.46620187722,21.03355754725635,911.6611648797989,8782.96274847351
17744.54681361839,21.035192355513573,911.7255343869328,8782.96274847351
17745.24658519216,21.035192355513573,911.7255343869328,8783.296919859946
17747.548049693927,21.040306678041816,911.7784875761718,8783.296919859946
17748.373505944386,21.040306678041816,911.7784875761718,8783.608657600358
17748.45802915655,21.041872257366776,911.8500314354897,8783.608657600358
17748.883789734915,21.041872257366776,911.8500314354897,8783.899083264172
17748.96109856479,21.04348480515182,911.9043378792703,8783.899083264172
17749.335919179022,21.04348480515182,911.9043378792703,8784.11661233753
17749.39293854311,21.04498511366546,911.9417371377349,8784.11661233753
17750.234062109143,21.04498511366546,911.9417371377349,8784.43346892856
17751.56756285578,21.050097543746233,912.016802450642,8784.43346892856
17752.379672575742,21.050097543746233,912.016802450642,8784.788623675704
17752.615605112165,21.051838075742126,912.1115292590111,8784.788623675704
17753.31505906023,21.051838075742126,912.1115292590111,8785.168809749186
17753.38188891299,21.053455425426364,912.1684068199247,8785.168809749186
17754.105354605243,21.053455425426364,912.1684068199247,8785.566949857399
17754.26368582435,21.05607613362372,912.263435523957,8785.566949857399
17755.01589788869,21.05607613362372,912.263435523957,8785.98355896771
17756.98604575731,21.061112888157368,912.3874391205609,8785.98355896771
17757.593777433038,21.061112888157368,912.3874391205609,8786.259678341448
17757.787847099826,21.065347526222467,912.4620836935937,8786.259678341448
17758.503100775182,21.065347526222467,912.4620836935937,8786.66842292063
17758.644454356283,21.066977055743337,912.5858219861984,8786.66842292063
17759.2461301405,21.066977055743337,912.5858219861984,8787.00967022404
17759.34655844234,21.068618105724454,912.6717035137117,8787.00967022404
17760.210147025064,21.068618105724454,912.6717035137117,8787.462140994146
17761.79001538083,21.07356445863843,912.7427517231554,8787.462140994146
17762.426301954314,21.07356445863843,912.7427517231554,8787.89201031439
17762.525954671204,21.075163386762142,912.8102283068001,8787.89201031439
17763.408733172342,21.075163386762142,912.8102283068001,8788.390697386116
17763.551062120125,21.076710855588317,912.9254293162376,8788.390697386116
17764.44310166128,21.076710855588317,912.9254293162376,8789.006894145161
17764.588955944404,21.078314235433936,913.0112410113215,8789.006894145161
17765.31979848072,21.078314235433936,913.0112410113215,8789.32614376396
17766.83959250897,21.08332951553166,913.0602109972388,8789.32614376396
17767.37512964569,21.08332951553166,913.0602109972388,8789.611970206723
17767.475779660046,21.084898883476853,913.1474211085588,8789.611970206723
17768.29014972225,21.084898883476853,913.1474211085588,8790.154985420406
17768.36190425232,21.086492942646146,913.2091018576175,8790.154985420406
17769.188895463943,21.086492942646146,913.2091018576175,8790.79141654633
17769.26707971096,21.08815478347242,913.2773306127638,8790.79141654633
17769.840971281752,21.08815478347242,913.2773306127638,8791.080978175625
17771.98152762465,21.092945858836174,913.3448385354131,8791.080978175625
17772.79936286807,21.092945858836174,913.3448385354131,8791.452285965905
17772.87223744765,21.095278330147266,913.39931480214,8791.452285965905
17773.408771265298,21.095278330147266,913.39931480214,8791.715801993385
17773.49710757658,21.09686383791268,913.4733818434179,8791.715801993385
17774.212210536003,21.09686383791268,913.4733818434179,8792.064852239564
17774.31538495794,21.098426654934883,913.5523093342781,8792.064852239564
17774.84411140345,21.098426654934883,913.5523093342781,8792.334594698623
17777.403254920617,21.105257607996464,913.6019021552056,8792.334594698623
17778.15205952525,21.105257607996464,913.6019021552056,8792.669372318313
17778.24171316065,21.106888897717,913.668141104281,8792.669372318313
17779.039060052484,21.106888897717,913.668141104281,8792.987544724718
17779.13717820123,21.108437426388264,913.7483260873705,8792.987544724718
17780.1172030475,21.108437426388264,913.7483260873705,8793.31125118211
17780.193487789482,21.110049206763506,913.8119933921844,8793.31125118211
17781.29766895622,21.110049206763506,913.8119933921844,8793.620734110475
17785.198378784582,21.119011191651225,913.8759603127837,8793.620734110475
17785.893993364647,21.119011191651225,913.8759603127837,8793.871460707858
17785.953439382836,21.120612289756536,913.9260694626719,8793.871460707858
17786.608744719997,21.120612289756536,913.9260694626719,8794.099164964631
17786.700754009187,21.12219242937863,913.9992285873741,8794.099164964631
17788.060854734853,21.12219242937863,913.9992285873741,8794.42517905496
17788.352558333427,21.127013247460127,914.1095084361732,8794.42517905496
17789.244851948693,21.127013247460127,914.1095084361732,8794.857129767537
17790.674773847684,21.13266330398619,914.179006356746,8794.857129767537
17791.294277008623,21.13266330398619,914.179006356746,8795.188667247072
17791.39640659094,21.134181290864944,914.2699820678681,8795.188667247072
17792.134135454893,21.134181290864944,914.2699820678681,8795.604433774948
17792.23469031602,21.13585539162159,914.3607389628887,8795.604433774948
17793.09076143615,21.13585539162159,914.3607389628887,8796.04229281284
17793.32487929985,21.141038754954934,914.4916367772967,8796.04229281284
17794.547974241897,21.141038754954934,914.4916367772967,8796.425343615934
17796.611432908103,21.147778276354074,914.5410620644689,8796.425343615934
17797.484909832478,21.147778276354074,914.5410620644689,8796.67587791942
17797.548617938533,21.149406095966697,914.5946940481663,8796.67587791942
17798.67336322926,21.149406095966697,914.5946940481663,8796.922748535872
17798.88837982714,21.15118353627622,914.6946793217212,8796.922748535872
17799.75608969666,21.15118353627622,914.6946793217212,8797.403272679076
17799.817525221035,21.152814524248242,914.7461584322155,8797.403272679076
17801.12026326917,21.152814524248242,914.7461584322155,8797.762991739437
17804.23430604115,21.1589773055166,914.871606644243,8797.762991739437
17804.932088572532,21.1589773055166,914.871606644243,8798.12905662693
17805.084523495287,21.16075117699802,915.0070927403867,8798.12905662693
17805.59475317411,21.16075117699802,915.0070927403867,8798.481870923191
17805.780243836343,21.162480218335986,915.129153482616,8798.481870923191
17806.53592439741,21.162480218335986,915.129153482616,8798.914163062349
17806.649590156972,21.16416246816516,915.2301542647183,8798.914163062349
17807.557813752443,21.16416246816516,915.2301542647183,8799.474716883153
17808.91969134286,21.169430570676923,915.3244964852929,8799.474716883153
17809.66552748531,21.169430570676923,915.3244964852929,8799.976384880021
17809.793665448204,21.17111730016768,915.4319004118443,8799.976384880021
17810.73393805325,21.17111730016768,915.4319004118443,8800.61622642912
17810.869794856757,21.17278072051704,915.5491139255464,8800.61622642912
17811.679264731705,21.17278072051704,915.5491139255464,8801.165057718754
17811.77927901596,21.174360629171133,915.6072085686028,8801.165057718754
17812.44015668705,21.174360629171133,915.6072085686028,8801.631108207628
17813.14030436799,21.180663652718067,915.7159960009158,8801.631108207628
17813.725364096463,21.180663652718067,915.7159960009158,8801.945106692612
17813.842612842098,21.18227561376989,915.8110101055354,8801.945106692612
17814.651661660522,21.18227561376989,915.8110101055354,8802.504543226212
17814.740721434355,21.18378423899412,915.8853635247797,8802.504543226212
17815.531774086878,21.18378423899412,915.8853635247797,8802.958385853097
17815.638387028128,21.18542336858809,915.9633145593107,8802.958385853097
17816.474588127807,21.18542336858809,915.9633145593107,8803.460010625422
17817.330635888502,21.19642559811473,916.0527293011546,8803.460010625422
17817.99001743272,21.19642559811473,916.0527293011546,8803.876624718308
17818.10094842501,21.198253082111478,916.1442528404295,8803.876624718308
17818.889589324594,21.198253082111478,916.1442528404295,8804.337805697694
17818.99873930216,21.19988815486431,916.2346294689924,8804.337805697694
17819.804819636047,21.19988815486431,916.2346294689924,8804.702137164772
17819.94035711512,21.201434472575784,916.3520010765642,8804.702137164772
17820.60519722849,21.201434472575784,916.3520010765642,8805.037363113835
17821.38934466429,21.206656455993652,916.4531430490315,8805.037363113835
17822.19495414011,21.206656455993652,916.4531430490315,8805.477729449049
17822.302644122392,21.208224335685372,916.5512984097004,8805.477729449049
17822.983694970608,21.208224335685372,916.5512984097004,8805.956757232547
17823.106217471883,21.20984473451972,916.6565237175673,8805.956757232547
17823.890950948,21.20984473451972,916.6565237175673,8806.527591023594
17824.023891089484,21.211556063964963,916.7757395878434,8806.527591023594
17824.735737375915,21.211556063964963,916.7757395878434,8807.01878336817
17825.369540937245,21.216363852843642,916.864095710218,8807.01878336817
17826.18890170008,21.216363852843642,916.864095710218,8807.560490299016
17826.349449882284,21.217956330627203,917.0101360287517,8807.560490299016
17826.97536564991,21.217956330627203,917.0101360287517,8807.95435712114
17827.140088597313,21.219775024801493,917.1613697018474,8807.95435712114
17827.856257179752,21.219775024801493,917.1613697018474,8808.435145527124
17827.9513797462,21.22169874049723,917.2435286194086,8808.435145527124
17828.546864382923,21.22169874049723,917.2435286194086,8808.742080584168
17829.19745402783,21.22880094125867,917.3195402063429,8808.742080584168
17829.882341183722,21.22880094125867,917.3195402063429,8809.210745761171
17830.035367850214,21.230458868667483,917.4605268128216,8809.210745761171
17830.787282824516,21.230458868667483,917.4605268128216,8809.730547565967
17830.88616766408,21.23199431784451,917.5341014564037,8809.730547565967
17831.450419096276,21.23199431784451,917.5341014564037,8810.109395293519
17831.593585092574,21.233750769868493,917.6204741224647,8810.109395293519
17832.357376050204,21.233750769868493,917.6204741224647,8810.579711312428
17833.10547004454,21.23887681402266,917.6958890594542,8810.579711312428
17833.840797577053,21.23887681402266,917.6958890594542,8811.09971217066
17833.973263667896,21.240520622581244,917.8144921399653,8811.09971217066
17834.61649250053,21.240520622581244,917.8144921399653,8811.527167011052
17834.72985132411,21.242151390761137,917.9147078283131,8811.527167011052
17835.400686917827,21.242151390761137,917.9147078283131,8811.874641351402
17835.50057847984,21.243709329515696,918.0049409139901,8811.874641351402
17836.445068353787,21.243709329515696,918.0049409139901,8812.468978146091
17837.152350358665,21.248564476147294,918.1095619220287,8812.468978146091
17837.73638291657,21.248564476147294,918.1095619220287,8812.881222138181
17837.87668134086,21.254319440573454,918.2281636092812,8812.881222138181
17838.663200220093,21.254319440573454,918.2281636092812,8813.442282069474
17838.770896013826,21.255947379395366,918.3119834586978,8813.442282069474
17839.602299548686,21.255947379395366,918.3119834586978,8813.993125004694
17839.728660520166,21.257585160434246,918.4282217938453,8813.993125004694
17840.473664447665,21.257585160434246,918.4282217938453,8814.53959229216
17841.32345028408,21.262358559295535,918.5170854646713,8814.53959229216
17841.97798607312,21.262358559295535,918.5170854646713,8814.987992802635
17842.13045075722,21.263950679451227,918.6505205426365,8814.987992802635
17842.776660345495,21.263950679451227,918.6505205426365,8815.443646661937
17842.870273882523,21.265505386516452,918.7324113678187,8815.443646661937
17843.68886022456,21.265505386516452,918.7324113678187,8816.041926808655
17843.748176008463,21.26716267503798,918.7818430345505,8816.041926808655
17844.479469360784,21.26716267503798,918.7818430345505,8816.528802985325
17845.339827528223,21.27740029245615,918.8587821889669,8816.528802985325
17846.07513940148,21.27740029245615,918.8587821889669,8816.968528378755
17846.172309491783,21.278957150876522,918.9421861618757,8816.968528378755
17846.856787635013,21.278957150876522,918.9421861618757,8817.471234844998
17846.971207449213,21.28046272881329,919.0405781660229,8817.471234844998
17847.724397884682,21.28046272881329,919.0405781660229,8817.88196211122
17847.830479769036,21.282180530950427,919.1367631610483,8817.88196211122
17848.37570050545,21.282180530950427,919.1367631610483,8818.202165959403
17849.11241238378,21.287258382886648,919.1825468037277,8818.202165959403
17849.795496238396,21.287258382886648,919.1825468037277,8818.564499558881
17849.867635617033,21.288812531158328,919.2363985292614,8818.564499558881
17850.569206507877,21.288812531158328,919.2363985292614,8818.904931481928
17850.63045419939,21.290526252239943,919.2859194967896,8818.904931481928
17851.294491529465,21.290526252239943,919.2859194967896,8819.209769427776
17851.39431715943,21.292744431644678,919.3526544682682,8819.209769427776
17852.28024905175,21.292744431644678,919.3526544682682,8819.477365149185
17854.946947315708,21.297577871009707,919.4004672765732,8819.477365149185
17855.393720377237,21.297577871009707,919.4004672765732,8819.726975085214
17855.469771156088,21.299446327611804,919.4661230761558,8819.726975085214
17856.126308681443,21.299446327611804,919.4661230761558,8820.030767874792
17856.21663104929,21.30101072601974,919.5469342824072,8820.030767874792
17857.067117180675,21.30101072601974,919.5469342824072,8820.393265198916
17857.131118090823,21.30260924436152,919.5966014433652,8820.393265198916
17857.70834352821,21.30260924436152,919.5966014433652,8820.72493127361
17858.988354409114,21.307653537020087,919.68216560781,8820.72493127361
17860.144548542798,21.307653537020087,919.68216560781,8820.97021956928
17860.218110684305,21.309304770082235,919.7350483983755,8820.97021956928
17860.728944648057,21.309304770082235,919.7350483983755,8821.249819859862
17860.809583701193,21.31090239994228,919.8009774629027,8821.249819859862
17861.42269836925,21.31090239994228,919.8009774629027,8821.534882767126
17861.48630633205,21.31252434849739,919.8516571708024,8821.534882767126
17861.945028347895,21.31252434849739,919.8516571708024,8821.820357929915
17863.663469759747,21.317388916388154,919.9007974732667,8821.820357929915
17864.25797369145,21.317388916388154,919.9007974732667,8822.101230323315
17864.345038380474,21.31895568408072,919.9733734093606,8822.101230323315
17864.826585849747,21.31895568408072,919.9733734093606,8822.407184682786
17864.897210121155,21.320525523275137,920.0334978215396,8822.407184682786
17866.05514781922,21.320525523275137,920.0334978215396,8822.688553985208
17866.42797430791,21.322302227839828,920.0884751081467,8822.688553985208
17867.238608349115,21.322302227839828,920.0884751081467,8822.945921994746
17869.69746285677,21.327165707945824,920.1568569466472,8822.945921994746
17870.61943343468,21.327165707945824,920.1568569466472,8823.233616141602
17870.66908141412,21.328563364222646,920.1904958952218,8823.233616141602
17871.265993949026,21.328563364222646,920.1904958952218,8823.513957886025
17871.326693860814,21.330174455419183,920.2415247820318,8823.513957886025
17872.248225787655,21.330174455419183,920.2415247820318,8823.766095798463
17872.32712271996,21.33181367442012,920.3060868531466,8823.766095798463
17873.00166049227,21.33181367442012,920.3060868531466,8824.043604401872
17874.529308192432,21.336833383888006,920.3814236596227,8824.043604401872
17875.41249588877,21.336833383888006,920.3814236596227,8824.335905682296
17875.48652668111,21.338354472070932,920.445554452017,8824.335905682296
17875.908023416996,21.338354472070932,920.445554452017,8824.647296860814
17876.10159888491,21.340070674195886,920.5013956110924,8824.647296860814
17876.53970636055,21.340070674195886,920.5013956110924,8824.934276161715
17876.798469303176,21.341909455135465,920.5534932147712,8824.934276161715
17877.45028931275,21.341909455135465,920.5534932147712,8825.220256589353
17880.146570296958,21.351038040593266,920.6118528544903,8825.220256589353
17880.837848313153,21.351038040593266,920.6118528544903,8825.495024392381
17880.91531488858,21.35255876928568,920.6720555070788,8825.495024392381
17881.540583716705,21.35255876928568,920.6720555070788,8825.770675649866
17881.607488140464,21.35418174788356,920.7296985629946,8825.770675649866
17882.212430980057,21.35418174788356,920.7296985629946,8826.084860805422
17882.281864488497,21.355773527175188,920.7790771685541,8826.084860805422
17882.98098953627,21.355773527175188,920.7790771685541,8826.346309607849
17885.483886145055,21.360526552423835,920.8661174364388,8826.346309607849
17886.451520333067,21.360526552423835,920.8661174364388,8826.702119311318
17886.52182401903,21.362101880833507,920.9149637613446,8826.702119311318
17887.578230883926,21.362101880833507,920.9149637613446,8826.961645608768
17887.647779086605,21.363727800548077,920.9702250249684,8826.961645608768
17888.185483507812,21.363727800548077,920.9702250249684,8827.215574545786
17888.24812790379,21.365345679223537,921.020174510777,8827.215574545786
17888.75682164915,21.365345679223537,921.020174510777,8827.545767825097
17890.77608294785,21.37022966518998,921.0913163609803,8827.545767825097
17891.354257011786,21.37022966518998,921.0913163609803,8827.810348592699
17891.42518220842,21.3718577362597,921.1521748062223,8827.810348592699
17892.177997410297,21.3718577362597,921.1521748062223,8828.07564631477
17892.312928617,21.376901168376207,921.2110455334187,8828.07564631477
17892.934345915914,21.376901168376207,921.2110455334187,8828.352478945628
17893.006209280342,21.378530886024237,921.2653934787959,8828.352478945628
17893.693097066134,21.378530886024237,921.2653934787959,8828.647273560986
17895.76462569274,21.38335633277893,921.3342439960688,8828.647273560986
17896.334545789286,21.38335633277893,921.3342439960688,8828.978078138083
17896.41213814728,21.384954331442714,921.3979752697051,8828.978078138083
17896.955964958295,21.384954331442714,921.3979752697051,8829.281493410468
17897.12588451989,21.390608195215464,921.5311230253428,8829.281493410468
17897.614446120337,21.390608195215464,921.5311230253428,8829.54332704842
17897.69274277985,21.39210977219045,921.5985227879137,8829.54332704842
17898.232614731416,21.39210977219045,921.5985227879137,8829.88388934359
