n_iter,err,diff1d3dCurrant_rel,maxdiff1d3dCurrant_rel,solve_gave_up,min__soil_solute,dt_inner,real_dt ,failedLoop,cL
1.0,100.0,0.0,0.0,0.0,0.0,0.013888888888888888,0.0,0.0,1.0
2.0,0.0004974558392091266,0.0,0.0,0.0,0.0,0.013888888888888888,0.0,0.0,1.0
3.0,1.0837843145853836,0.0,0.0,0.0,0.0,0.013888888888888888,0.0,0.0,1.0
4.0,0.0026421743792698535,0.0,0.0,0.0,0.0,0.013888888888888888,0.0,0.0,0.0
1.0,100.0,0.0,0.0,0.0,0.0,0.013888888888888888,0.0,0.0,1.0
2.0,1.0835795906867147,0.0,0.0,0.0,0.0,0.013888888888888888,0.0,0.0,1.0
3.0,0.06370516655585651,0.0,0.0,0.0,0.0,0.013888888888888888,0.0,0.0,1.0
4.0,1.3343319002819875e-12,0.0,0.0,0.0,0.0,0.013888888888888888,0.0,0.0,0.0
1.0,100.0,0.0,0.0,0.0,0.0,0.013888888888888888,0.0,0.0,1.0
2.0,1.0213378712456793,0.0,0.0,0.0,0.0,0.013888888888888888,0.0,0.0,1.0
3.0,0.18295723369043898,0.0,0.0,0.0,0.0,0.013888888888888888,0.0,0.0,1.0
4.0,2.8439953598936566e-13,0.0,0.0,0.0,0.0,0.013888888888888888,0.0,0.0,0.0
1.0,100.0,0.0,0.0,0.0,0.0,0.013888888888888888,0.0,0.0,1.0
2.0,0.8407869920445883,0.0,0.0,0.0,0.0,0.013888888888888888,0.0,0.0,1.0
3.0,0.12253797944747405,0.0,0.0,0.0,0.0,0.013888888888888888,0.0,0.0,1.0
4.0,3.0744560672821657e-13,0.0,0.0,0.0,0.0,0.013888888888888888,0.0,0.0,0.0
1.0,100.0,0.0,0.0,0.0,0.0,0.013888888888888888,0.0,0.0,1.0
2.0,0.719681937898135,0.0,0.0,0.0,0.0,0.013888888888888888,0.0,0.0,1.0
3.0,0.08933491411060147,0.0,0.0,0.0,0.0,0.013888888888888888,0.0,0.0,1.0
4.0,3.7355400475068385e-12,0.0,0.0,0.0,0.0,0.013888888888888888,0.0,0.0,0.0
1.0,100.0,0.0,0.0,0.0,0.0,0.013888888888888888,0.0,0.0,1.0
2.0,0.6313056353058031,0.0,0.0,0.0,0.0,0.013888888888888888,0.0,0.0,1.0
3.0,0.07100970701441409,0.0,0.0,0.0,0.0,0.013888888888888888,0.0,0.0,1.0
4.0,8.483900144750848e-14,0.0,0.0,0.0,0.0,0.013888888888888888,0.0,0.0,0.0
1.0,100.0,0.0,0.0,0.0,0.0,0.013888888888888888,0.0,0.0,1.0
2.0,0.5609976569769115,0.0,0.0,0.0,0.0,0.013888888888888888,0.0,0.0,1.0
3.0,0.0595751504223038,0.0,0.0,0.0,0.0,0.013888888888888888,0.0,0.0,1.0
4.0,1.3052898093093304e-12,0.0,0.0,0.0,0.0,0.013888888888888888,0.0,0.0,0.0
1.0,100.0,0.0,0.0,0.0,0.0,0.013888888888888888,0.0,0.0,1.0
2.0,0.5019626611640771,0.0,0.0,0.0,0.0,0.013888888888888888,0.0,0.0,1.0
3.0,0.05156131427975884,0.0,0.0,0.0,0.0,0.013888888888888888,0.0,0.0,1.0
4.0,7.522961288111056e-13,0.0,0.0,0.0,0.0,0.013888888888888888,0.0,0.0,0.0
1.0,100.0,0.0,0.0,0.0,0.0,0.013888888888888888,0.0,0.0,1.0
2.0,0.45082853978345533,0.0,0.0,0.0,0.0,0.013888888888888888,0.0,0.0,1.0
3.0,0.04541347421094223,0.0,0.0,0.0,0.0,0.013888888888888888,0.0,0.0,1.0
4.0,7.356294438296702e-13,0.0,0.0,0.0,0.0,0.013888888888888888,0.0,0.0,0.0
1.0,100.0,0.0,0.0,0.0,0.0,0.013888888888888888,0.0,0.0,1.0
2.0,0.4057578948977654,0.0,0.0,0.0,0.0,0.013888888888888888,0.0,0.0,1.0
3.0,0.040397809519480694,0.0,0.0,0.0,0.0,0.013888888888888888,0.0,0.0,1.0
4.0,1.4116032895886614e-12,0.0,0.0,0.0,0.0,0.013888888888888888,0.0,0.0,0.0
1.0,100.0,0.0,0.0,0.0,0.0,0.013888888888888888,0.0,0.0,1.0
2.0,0.3656374347283569,0.0,0.0,0.0,0.0,0.013888888888888888,0.0,0.0,1.0
3.0,0.03614428417693949,0.0,0.0,0.0,0.0,0.013888888888888888,0.0,0.0,1.0
4.0,2.840985466622947e-13,0.0,0.0,0.0,0.0,0.013888888888888888,0.0,0.0,0.0
1.0,100.0,0.0,0.0,0.0,0.0,0.013888888888888888,0.0,0.0,1.0
2.0,0.329718549322996,0.0,0.0,0.0,0.0,0.013888888888888888,0.0,0.0,1.0
3.0,0.03245087020691037,0.0,0.0,0.0,0.0,0.013888888888888888,0.0,0.0,1.0
4.0,5.80001396442839e-13,0.0,0.0,0.0,0.0,0.013888888888888888,0.0,0.0,0.0
1.0,100.0,0.0,0.0,0.0,0.0,0.013888888888888888,0.0,0.0,1.0
2.0,0.2974513411154116,0.0,0.0,0.0,0.0,0.013888888888888888,0.0,0.0,1.0
3.0,0.029197175656686513,0.0,0.0,0.0,0.0,0.013888888888888888,0.0,0.0,1.0
4.0,6.99521734395486e-13,0.0,0.0,0.0,0.0,0.013888888888888888,0.0,0.0,0.0
1.0,100.0,0.0,0.0,0.0,0.0,0.013888888888888888,0.0,0.0,1.0
2.0,0.26840405091068614,0.0,0.0,0.0,0.0,0.013888888888888888,0.0,0.0,1.0
3.0,0.026304959584749685,0.0,0.0,0.0,0.0,0.013888888888888888,0.0,0.0,1.0
4.0,7.694738503995502e-14,0.0,0.0,0.0,0.0,0.013888888888888888,0.0,0.0,0.0
1.0,100.0,0.0,0.0,0.0,0.0,0.013888888888888888,0.0,0.0,1.0
2.0,0.24222152375539932,0.0,0.0,0.0,0.0,0.013888888888888888,0.0,0.0,1.0
3.0,0.02371927744460491,0.0,0.0,0.0,0.0,0.013888888888888888,0.0,0.0,1.0
4.0,2.9680204481413275e-13,0.0,0.0,0.0,0.0,0.013888888888888888,0.0,0.0,0.0
1.0,100.0,0.0,0.0,0.0,0.0,0.013888888888888888,0.0,0.0,1.0
2.0,0.2186023073692855,0.0,0.0,0.0,0.0,0.013888888888888888,0.0,0.0,1.0
3.0,0.02139899988346606,0.0,0.0,0.0,0.0,0.013888888888888888,0.0,0.0,1.0
4.0,1.4034709892777416e-12,0.0,0.0,0.0,0.0,0.013888888888888888,0.0,0.0,0.0
1.0,100.0,0.0,0.0,0.0,0.0,0.013888888888888888,0.0,0.0,1.0
2.0,0.19728510980109615,0.0,0.0,0.0,0.0,0.013888888888888888,0.0,0.0,1.0
3.0,0.019311763293289468,0.0,0.0,0.0,0.0,0.013888888888888888,0.0,0.0,1.0
4.0,1.8450215567312176e-12,0.0,0.0,0.0,0.0,0.013888888888888888,0.0,0.0,0.0
1.0,100.0,0.0,0.0,0.0,0.0,0.013888888888888888,0.0,0.0,1.0
2.0,0.17804023306991246,0.0,0.0,0.0,0.0,0.013888888888888888,0.0,0.0,1.0
3.0,0.017431117470426354,0.0,0.0,0.0,0.0,0.013888888888888888,0.0,0.0,1.0
4.0,2.688248439587894e-12,0.0,0.0,0.0,0.0,0.013888888888888888,0.0,0.0,0.0
1.0,100.0,0.0,0.0,0.0,0.0,0.013888888888888888,0.0,0.0,1.0
2.0,0.16066381116742107,0.0,0.0,0.0,0.0,0.013888888888888888,0.0,0.0,1.0
3.0,0.01573482231099818,0.0,0.0,0.0,0.0,0.013888888888888888,0.0,0.0,1.0
4.0,2.318234906302149e-11,0.0,0.0,0.0,0.0,0.013888888888888888,0.0,0.0,0.0
1.0,100.0,0.0,0.0,0.0,0.0,0.013888888888888888,0.0,0.0,1.0
2.0,0.1449737179708766,0.0,0.0,0.0,0.0,0.013888888888888888,0.0,0.0,1.0
3.0,0.014203779412637032,0.0,0.0,0.0,0.0,0.013888888888888888,0.0,0.0,1.0
4.0,1.5868311076556196e-12,0.0,0.0,0.0,0.0,0.013888888888888888,0.0,0.0,0.0
1.0,100.0,0.0,0.0,0.0,0.0,0.013888888888888888,0.0,0.0,1.0
2.0,0.1308065191152321,0.0,0.0,0.0,0.0,0.013888888888888888,0.0,0.0,1.0
3.0,0.012821328758040963,0.0,0.0,0.0,0.0,0.013888888888888888,0.0,0.0,1.0
4.0,1.615582398494322e-12,0.0,0.0,0.0,0.0,0.013888888888888888,0.0,0.0,0.0
1.0,100.0,0.0,0.0,0.0,0.0,0.013888888888888888,0.0,0.0,1.0
2.0,0.11801510871880647,0.0,0.0,0.0,0.0,0.013888888888888888,0.0,0.0,1.0
3.0,0.011572772334872352,0.0,0.0,0.0,0.0,0.013888888888888888,0.0,0.0,1.0
4.0,1.3764484565483127e-12,0.0,0.0,0.0,0.0,0.013888888888888888,0.0,0.0,0.0
1.0,100.0,0.0,0.0,0.0,0.0,0.013888888888888888,0.0,0.0,1.0
2.0,0.10646680810105645,0.0,0.0,0.0,0.0,0.013888888888888888,0.0,0.0,1.0
3.0,0.01044503432437877,0.0,0.0,0.0,0.0,0.013888888888888888,0.0,0.0,1.0
4.0,1.0221920000764782e-11,0.0,0.0,0.0,0.0,0.013888888888888888,0.0,0.0,0.0
1.0,100.0,0.0,0.0,0.0,0.0,0.013888888888888888,0.0,0.0,1.0
2.0,0.09604179296456751,0.0,0.0,0.0,0.0,0.013888888888888888,0.0,0.0,1.0
3.0,0.00942641364382786,0.0,0.0,0.0,0.0,0.013888888888888888,0.0,0.0,1.0
4.0,7.739246118973614e-12,0.0,0.0,0.0,0.0,0.013888888888888888,0.0,0.0,0.0
1.0,100.0,0.0,0.0,0.0,0.0,0.013888888888888888,0.0,0.0,1.0
2.0,0.08663175892576458,0.0,0.0,0.0,0.0,0.013888888888888888,0.0,0.0,1.0
3.0,0.008506395528589235,0.0,0.0,0.0,0.0,0.013888888888888888,0.0,0.0,1.0
4.0,7.27059554702226e-13,0.0,0.0,0.0,0.0,0.013888888888888888,0.0,0.0,0.0
1.0,100.0,0.0,0.0,0.0,0.0,0.013888888888888888,0.0,0.0,1.0
2.0,0.07813876811933866,0.0,0.0,0.0,0.0,0.013888888888888888,0.0,0.0,1.0
3.0,0.007675504794664811,0.0,0.0,0.0,0.0,0.013888888888888888,0.0,0.0,1.0
4.0,7.238504586323587e-13,0.0,0.0,0.0,0.0,0.013888888888888888,0.0,0.0,0.0
1.0,100.0,0.0,0.0,0.0,0.0,0.013888888888888888,0.0,0.0,1.0
2.0,0.07047423653320027,0.0,0.0,0.0,0.0,0.013888888888888888,0.0,0.0,1.0
3.0,0.0069251864771077394,0.0,0.0,0.0,0.0,0.013888888888888888,0.0,0.0,1.0
4.0,2.363120933721776e-12,0.0,0.0,0.0,0.0,0.013888888888888888,0.0,0.0,0.0
1.0,100.0,0.0,0.0,0.0,0.0,0.013888888888888888,0.0,0.0,1.0
2.0,0.06355803586902005,0.0,0.0,0.0,0.0,0.013888888888888888,0.0,0.0,1.0
3.0,0.006247706974980537,0.0,0.0,0.0,0.0,0.013888888888888888,0.0,0.0,1.0
4.0,1.8076252846223592e-12,0.0,0.0,0.0,0.0,0.013888888888888888,0.0,0.0,0.0
1.0,100.0,0.0,0.0,0.0,0.0,0.013888888888888888,0.0,0.0,1.0
2.0,0.05731769024117737,0.0,0.0,0.0,0.0,0.013888888888888888,0.0,0.0,1.0
3.0,0.005636070297405395,0.0,0.0,0.0,0.0,0.013888888888888888,0.0,0.0,1.0
4.0,3.293276805857745e-13,0.0,0.0,0.0,0.0,0.013888888888888888,0.0,0.0,0.0
1.0,100.0,0.0,0.0,0.0,0.0,0.013888888888888888,0.0,0.0,1.0
2.0,0.05168765334391792,0.0,0.0,0.0,0.0,0.013888888888888888,0.0,0.0,1.0
3.0,0.00508394498470855,0.0,0.0,0.0,0.0,0.013888888888888888,0.0,0.0,1.0
4.0,2.703480935297214e-13,0.0,0.0,0.0,0.0,0.013888888888888888,0.0,0.0,0.0
1.0,100.0,0.0,0.0,0.0,0.0,0.013888888888888888,0.0,0.0,1.0
2.0,0.04660865605297216,0.0,0.0,0.0,0.0,0.013888888888888888,0.0,0.0,1.0
3.0,0.0045856002630013624,0.0,0.0,0.0,0.0,0.013888888888888888,0.0,0.0,1.0
4.0,1.3571478242129008e-12,0.0,0.0,0.0,0.0,0.013888888888888888,0.0,0.0,0.0
1.0,100.0,0.0,0.0,0.0,0.0,0.013888888888888888,0.0,0.0,1.0
2.0,0.04202711566168851,0.0,0.0,0.0,0.0,0.013888888888888888,0.0,0.0,1.0
3.0,0.004135849013405745,0.0,0.0,0.0,0.0,0.013888888888888888,0.0,0.0,1.0
4.0,1.2117610766092022e-12,0.0,0.0,0.0,0.0,0.013888888888888888,0.0,0.0,0.0
1.0,100.0,0.0,0.0,0.0,0.0,0.013888888888888888,0.0,0.0,1.0
2.0,0.03789460032723327,0.0,0.0,0.0,0.0,0.013888888888888888,0.0,0.0,1.0
3.0,0.0037299967765043254,0.0,0.0,0.0,0.0,0.013888888888888888,0.0,0.0,1.0
4.0,4.3450875052375923e-13,0.0,0.0,0.0,0.0,0.013888888888888888,0.0,0.0,0.0
1.0,100.0,0.0,0.0,0.0,0.0,0.013888888888888888,0.0,0.0,1.0
2.0,0.034167343055678784,0.0,0.0,0.0,0.0,0.013888888888888888,0.0,0.0,1.0
3.0,0.003363795715129129,0.0,0.0,0.0,0.0,0.013888888888888888,0.0,0.0,1.0
4.0,1.395149180513434e-13,0.0,0.0,0.0,0.0,0.013888888888888888,0.0,0.0,0.0
1.0,100.0,0.0,0.0,0.0,0.0,0.013888888888888888,0.0,0.0,1.0
2.0,0.030805800517925013,0.0,0.0,0.0,0.0,0.013888888888888888,0.0,0.0,1.0
3.0,0.003033402969875194,0.0,0.0,0.0,0.0,0.013888888888888888,0.0,0.0,1.0
4.0,1.0395683196090633e-13,0.0,0.0,0.0,0.0,0.013888888888888888,0.0,0.0,0.0
1.0,100.0,0.0,0.0,0.0,0.0,0.013888888888888888,0.0,0.0,1.0
2.0,0.02608067526930548,0.0,0.0,0.0,0.0,0.013888888888888888,0.0,0.0,1.0
3.0,0.001954926052442487,0.0,0.0,0.0,0.0,0.013888888888888888,0.0,0.0,1.0
4.0,2.380229478309176e-06,0.0,0.0,0.0,0.0,0.013888888888888888,0.0,0.0,0.0
1.0,100.0,0.0,0.0,0.0,0.0,0.013888888888888888,0.0,0.0,1.0
2.0,0.024091297187513266,0.0,0.0,0.0,0.0,0.013888888888888888,0.0,0.0,1.0
3.0,0.002349575312779523,0.0,0.0,0.0,0.0,0.013888888888888888,0.0,0.0,1.0
4.0,8.509754499513862e-06,0.0,0.0,0.0,0.0,0.013888888888888888,0.0,0.0,0.0
1.0,100.0,0.0,0.0,0.0,0.0,0.013888888888888888,0.0,0.0,1.0
2.0,0.02172284584483469,0.0,0.0,0.0,0.0,0.013888888888888888,0.0,0.0,1.0
3.0,0.0021392137050740188,0.0,0.0,0.0,0.0,0.013888888888888888,0.0,0.0,1.0
4.0,8.061492513491848e-06,0.0,0.0,0.0,0.0,0.013888888888888888,0.0,0.0,0.0
1.0,100.0,0.0,0.0,0.0,0.0,0.013888888888888888,0.0,0.0,1.0
2.0,0.019566598996621196,0.0,0.0,0.0,0.0,0.013888888888888888,0.0,0.0,1.0
3.0,0.0019271103695678215,0.0,0.0,0.0,0.0,0.013888888888888888,0.0,0.0,1.0
4.0,7.404066677743825e-06,0.0,0.0,0.0,0.0,0.013888888888888888,0.0,0.0,0.0
1.0,100.0,0.0,0.0,0.0,0.0,0.013888888888888888,0.0,0.0,1.0
2.0,0.017624068406266312,0.0,0.0,0.0,0.0,0.013888888888888888,0.0,0.0,1.0
3.0,0.0017359210730619815,0.0,0.0,0.0,0.0,0.013888888888888888,0.0,0.0,1.0
4.0,6.7929901962014046e-06,0.0,0.0,0.0,0.0,0.013888888888888888,0.0,0.0,0.0
1.0,100.0,0.0,0.0,0.0,0.0,0.013888888888888888,0.0,0.0,1.0
2.0,0.0158742161262164,0.0,0.0,0.0,0.0,0.013888888888888888,0.0,0.0,1.0
3.0,0.001563665219866591,0.0,0.0,0.0,0.0,0.013888888888888888,0.0,0.0,1.0
4.0,6.227576504413484e-06,0.0,0.0,0.0,0.0,0.013888888888888888,0.0,0.0,0.0
1.0,100.0,0.0,0.0,0.0,0.0,0.013888888888888888,0.0,0.0,1.0
2.0,0.014297994427738277,0.0,0.0,0.0,0.0,0.013888888888888888,0.0,0.0,1.0
3.0,0.0014084902135947674,0.0,0.0,0.0,0.0,0.013888888888888888,0.0,0.0,1.0
4.0,5.705496408203029e-06,0.0,0.0,0.0,0.0,0.013888888888888888,0.0,0.0,0.0
1.0,100.0,0.0,0.0,0.0,0.0,0.013888888888888888,0.0,0.0,1.0
2.0,0.012878217094797426,0.0,0.0,0.0,0.0,0.013888888888888888,0.0,0.0,1.0
3.0,0.0012687159702660228,0.0,0.0,0.0,0.0,0.013888888888888888,0.0,0.0,1.0
4.0,5.224147867605972e-06,0.0,0.0,0.0,0.0,0.013888888888888888,0.0,0.0,0.0
1.0,100.0,0.0,0.0,0.0,0.0,0.013888888888888888,0.0,0.0,1.0
2.0,0.011599386338708328,0.0,0.0,0.0,0.0,0.013888888888888888,0.0,0.0,1.0
3.0,0.001142823166885562,0.0,0.0,0.0,0.0,0.013888888888888888,0.0,0.0,1.0
4.0,4.78092523004429e-06,0.0,0.0,0.0,0.0,0.013888888888888888,0.0,0.0,0.0
1.0,100.0,0.0,0.0,0.0,0.0,0.013888888888888888,0.0,0.0,1.0
2.0,0.010447531460628845,0.0,0.0,0.0,0.0,0.013888888888888888,0.0,0.0,1.0
3.0,0.001029439758441681,0.0,0.0,0.0,0.0,0.013888888888888888,0.0,0.0,1.0
4.0,4.3732714399964245e-06,0.0,0.0,0.0,0.0,0.013888888888888888,0.0,0.0,0.0
1.0,100.0,0.0,0.0,0.0,0.0,0.013888888888888888,0.0,0.0,1.0
2.0,0.009410060981557488,0.0,0.0,0.0,0.0,0.013888888888888888,0.0,0.0,1.0
3.0,0.000927327697125561,0.0,0.0,0.0,0.0,0.013888888888888888,0.0,0.0,1.0
4.0,3.998733674322701e-06,0.0,0.0,0.0,0.0,0.013888888888888888,0.0,0.0,0.0
1.0,100.0,0.0,0.0,0.0,0.0,0.013888888888888888,0.0,0.0,1.0
2.0,0.008475628078025857,0.0,0.0,0.0,0.0,0.013888888888888888,0.0,0.0,1.0
3.0,0.0008353703870792206,0.0,0.0,0.0,0.0,0.013888888888888888,0.0,0.0,1.0
4.0,3.6549623554282587e-06,0.0,0.0,0.0,0.0,0.013888888888888888,0.0,0.0,0.0
1.0,100.0,0.0,0.0,0.0,0.0,0.013888888888888888,0.0,0.0,1.0
2.0,0.007634008583206681,0.0,0.0,0.0,0.0,0.013888888888888888,0.0,0.0,1.0
3.0,0.0007525610757802527,0.0,0.0,0.0,0.0,0.013888888888888888,0.0,0.0,1.0
4.0,3.339728391292613e-06,0.0,0.0,0.0,0.0,0.013888888888888888,0.0,0.0,0.0
1.0,100.0,0.0,0.0,0.0,0.0,0.013888888888888888,0.0,0.0,1.0
2.0,0.006875990639068663,0.0,0.0,0.0,0.0,0.013888888888888888,0.0,0.0,1.0
3.0,0.0006779922362311686,0.0,0.0,0.0,0.0,0.013888888888888888,0.0,0.0,1.0
4.0,3.050923275882879e-06,0.0,0.0,0.0,0.0,0.013888888888888888,0.0,0.0,0.0
1.0,100.0,0.0,0.0,0.0,0.0,0.013888888888888888,0.0,0.0,1.0
2.0,0.006193274985088798,0.0,0.0,0.0,0.0,0.013888888888888888,0.0,0.0,1.0
3.0,0.0006108459235103958,0.0,0.0,0.0,0.0,0.013888888888888888,0.0,0.0,1.0
4.0,2.786564053225703e-06,0.0,0.0,0.0,0.0,0.013888888888888888,0.0,0.0,0.0
1.0,100.0,0.0,0.0,0.0,0.0,0.013888888888888888,0.0,0.0,1.0
2.0,0.005578384934375758,0.0,0.0,0.0,0.0,0.013888888888888888,0.0,0.0,1.0
3.0,0.0005503850052820683,0.0,0.0,0.0,0.0,0.013888888888888888,0.0,0.0,1.0
4.0,2.544784030258006e-06,0.0,0.0,0.0,0.0,0.013888888888888888,0.0,0.0,0.0
1.0,100.0,0.0,0.0,0.0,0.0,0.013888888888888888,0.0,0.0,1.0
2.0,0.005024615019198437,0.0,0.0,0.0,0.0,0.013888888888888888,0.0,0.0,1.0
3.0,0.0004959948714182777,0.0,0.0,0.0,0.0,0.013888888888888888,0.0,0.0,1.0
4.0,2.3238366345360467e-06,0.0,0.0,0.0,0.0,0.013888888888888888,0.0,0.0,0.0
1.0,100.0,0.0,0.0,0.0,0.0,0.013888888888888888,0.0,0.0,1.0
2.0,0.004526337648340231,0.0,0.0,0.0,0.0,0.013888888888888888,0.0,0.0,1.0
3.0,0.0004470518502044162,0.0,0.0,0.0,0.0,0.013888888888888888,0.0,0.0,1.0
4.0,2.122086251478543e-06,0.0,0.0,0.0,0.0,0.013888888888888888,0.0,0.0,0.0
1.0,100.0,0.0,0.0,0.0,0.0,0.013888888888888888,0.0,0.0,1.0
2.0,0.004077539225876663,0.0,0.0,0.0,0.0,0.013888888888888888,0.0,0.0,1.0
3.0,0.0004029867194770674,0.0,0.0,0.0,0.0,0.013888888888888888,0.0,0.0,1.0
4.0,1.9380137662741677e-06,0.0,0.0,0.0,0.0,0.013888888888888888,0.0,0.0,0.0
1.0,100.0,0.0,0.0,0.0,0.0,0.013888888888888888,0.0,0.0,1.0
2.0,0.003673307034923602,0.0,0.0,0.0,0.0,0.013888888888888888,0.0,0.0,1.0
3.0,0.0003633147356403265,0.0,0.0,0.0,0.0,0.013888888888888888,0.0,0.0,1.0
4.0,1.7701970648704337e-06,0.0,0.0,0.0,0.0,0.013888888888888888,0.0,0.0,0.0
1.0,100.0,0.0,0.0,0.0,0.0,0.013888888888888888,0.0,0.0,1.0
2.0,0.0033092159273852037,0.0,0.0,0.0,0.0,0.013888888888888888,0.0,0.0,1.0
3.0,0.000327599196347247,0.0,0.0,0.0,0.0,0.013888888888888888,0.0,0.0,1.0
4.0,1.6173219505420733e-06,0.0,0.0,0.0,0.0,0.013888888888888888,0.0,0.0,0.0
1.0,100.0,0.0,0.0,0.0,0.0,0.013888888888888888,0.0,0.0,1.0
2.0,0.002981280002523489,0.0,0.0,0.0,0.0,0.013888888888888888,0.0,0.0,1.0
3.0,0.0002955753400675616,0.0,0.0,0.0,0.0,0.013888888888888888,0.0,0.0,1.0
4.0,1.4781669689922471e-06,0.0,0.0,0.0,0.0,0.013888888888888888,0.0,0.0,0.0
1.0,100.0,0.0,0.0,0.0,0.0,0.013888888888888888,0.0,0.0,1.0
2.0,0.0026859090475412632,0.0,0.0,0.0,0.0,0.013888888888888888,0.0,0.0,1.0
3.0,0.00026695584492699245,0.0,0.0,0.0,0.0,0.013888888888888888,0.0,0.0,1.0
4.0,1.3515969598527294e-06,0.0,0.0,0.0,0.0,0.013888888888888888,0.0,0.0,0.0
1.0,100.0,0.0,0.0,0.0,0.0,0.013888888888888888,0.0,0.0,1.0
2.0,0.0024198693032430434,0.0,0.0,0.0,0.0,0.013888888888888888,0.0,0.0,1.0
3.0,0.00024120146060055135,0.0,0.0,0.0,0.0,0.013888888888888888,0.0,0.0,1.0
4.0,1.2365681257845099e-06,0.0,0.0,0.0,0.0,0.013888888888888888,0.0,0.0,0.0
1.0,100.0,0.0,0.0,0.0,0.0,0.013888888888888888,0.0,0.0,1.0
2.0,0.0021802480858246587,0.0,0.0,0.0,0.0,0.013888888888888888,0.0,0.0,1.0
3.0,0.00021802840640188122,0.0,0.0,0.0,0.0,0.013888888888888888,0.0,0.0,1.0
4.0,1.1321146224153268e-06,0.0,0.0,0.0,0.0,0.013888888888888888,0.0,0.0,0.0
1.0,100.0,0.0,0.0,0.0,0.0,0.013888888888888888,0.0,0.0,1.0
2.0,0.00196442193477822,0.0,0.0,0.0,0.0,0.013888888888888888,0.0,0.0,1.0
3.0,0.000197180921623663,0.0,0.0,0.0,0.0,0.013888888888888888,0.0,0.0,1.0
4.0,1.0373378490036376e-06,0.0,0.0,0.0,0.0,0.013888888888888888,0.0,0.0,0.0
1.0,100.0,0.0,0.0,0.0,0.0,0.013888888888888888,0.0,0.0,1.0
2.0,0.0017703062804645894,0.0,0.0,0.0,0.0,0.013888888888888888,0.0,0.0,1.0
3.0,0.00017842848518863125,0.0,0.0,0.0,0.0,0.013888888888888888,0.0,0.0,1.0
4.0,9.514198683117795e-07,0.0,0.0,0.0,0.0,0.013888888888888888,0.0,0.0,0.0
1.0,100.0,0.0,0.0,0.0,0.0,0.013888888888888888,0.0,0.0,1.0
2.0,0.0015960912249763817,0.0,0.0,0.0,0.0,0.013888888888888888,0.0,0.0,1.0
3.0,0.00016156333943255982,0.0,0.0,0.0,0.0,0.013888888888888888,0.0,0.0,1.0
4.0,8.735969213847638e-07,0.0,0.0,0.0,0.0,0.013888888888888888,0.0,0.0,0.0
1.0,100.0,0.0,0.0,0.0,0.0,0.013888888888888888,0.0,0.0,1.0
2.0,0.0014391344475639322,0.0,0.0,0.0,0.0,0.013888888888888888,0.0,0.0,1.0
3.0,0.00014639824182269086,0.0,0.0,0.0,0.0,0.013888888888888888,0.0,0.0,1.0
4.0,8.031785629461198e-07,0.0,0.0,0.0,0.0,0.013888888888888888,0.0,0.0,0.0
1.0,100.0,0.0,0.0,0.0,0.0,0.013888888888888888,0.0,0.0,1.0
2.0,0.0012977290516994263,0.0,0.0,0.0,0.0,0.013888888888888888,0.0,0.0,1.0
3.0,0.0001327644606623832,0.0,0.0,0.0,0.0,0.013888888888888888,0.0,0.0,1.0
4.0,7.395178390111626e-07,0.0,0.0,0.0,0.0,0.013888888888888888,0.0,0.0,0.0
1.0,100.0,0.0,0.0,0.0,0.0,0.013888888888888888,0.0,0.0,1.0
2.0,0.001170336845073502,0.0,0.0,0.0,0.0,0.013888888888888888,0.0,0.0,1.0
3.0,0.0001205099287916753,0.0,0.0,0.0,0.0,0.013888888888888888,0.0,0.0,1.0
4.0,6.82029523657624e-07,0.0,0.0,0.0,0.0,0.013888888888888888,0.0,0.0,0.0
1.0,100.0,0.0,0.0,0.0,0.0,0.013888888888888888,0.0,0.0,1.0
2.0,0.0010555716853185642,0.0,0.0,0.0,0.0,0.013888888888888888,0.0,0.0,1.0
3.0,0.0001094976132833863,0.0,0.0,0.0,0.0,0.013888888888888888,0.0,0.0,1.0
4.0,6.301706760898924e-07,0.0,0.0,0.0,0.0,0.013888888888888888,0.0,0.0,0.0
1.0,100.0,0.0,0.0,0.0,0.0,0.013888888888888888,0.0,0.0,1.0
2.0,0.0009521844542328237,0.0,0.0,0.0,0.0,0.013888888888888888,0.0,0.0,1.0
3.0,9.960402540458363e-05,0.0,0.0,0.0,0.0,0.013888888888888888,0.0,0.0,1.0
4.0,5.83445189800932e-07,0.0,0.0,0.0,0.0,0.013888888888888888,0.0,0.0,0.0
1.0,100.0,0.0,0.0,0.0,0.0,0.013888888888888888,0.0,0.0,1.0
2.0,0.0008590495209175934,0.0,0.0,0.0,0.0,0.013888888888888888,0.0,0.0,1.0
3.0,9.071789063222183e-05,0.0,0.0,0.0,0.0,0.013888888888888888,0.0,0.0,1.0
4.0,5.41399294383362e-07,0.0,0.0,0.0,0.0,0.013888888888888888,0.0,0.0,0.0
1.0,100.0,0.0,0.0,0.0,0.0,0.013888888888888888,0.0,0.0,1.0
2.0,0.0007751525398263288,0.0,0.0,0.0,0.0,0.013888888888888888,0.0,0.0,1.0
3.0,8.273893470379268e-05,0.0,0.0,0.0,0.0,0.013888888888888888,0.0,0.0,1.0
4.0,5.036168579047936e-07,0.0,0.0,0.0,0.0,0.013888888888888888,0.0,0.0,0.0
1.0,100.0,0.0,0.0,0.0,0.0,0.013888888888888888,0.0,0.0,1.0
2.0,0.000699579461195065,0.0,0.0,0.0,0.0,0.013888888888888888,0.0,0.0,1.0
3.0,7.557680943443724e-05,0.0,0.0,0.0,0.0,0.013888888888888888,0.0,0.0,1.0
4.0,4.69712527555041e-07,0.0,0.0,0.0,0.0,0.013888888888888888,0.0,0.0,0.0
1.0,100.0,0.0,0.0,0.0,0.0,0.013888888888888888,0.0,0.0,1.0
2.0,0.000631506604716877,0.0,0.0,0.0,0.0,0.013888888888888888,0.0,0.0,1.0
3.0,6.915010721441111e-05,0.0,0.0,0.0,0.0,0.013888888888888888,0.0,0.0,1.0
4.0,4.3934352865040187e-07,0.0,0.0,0.0,0.0,0.013888888888888888,0.0,0.0,0.0
1.0,100.0,0.0,0.0,0.0,0.0,0.013888888888888888,0.0,0.0,1.0
2.0,0.0005642403025215135,0.0,0.0,0.0,0.0,0.013888888888888888,0.0,0.0,1.0
3.0,5.746942135168297e-05,0.0,0.0,0.0,0.0,0.013888888888888888,0.0,0.0,1.0
4.0,3.3434814510474385e-07,0.0,0.0,0.0,0.0,0.013888888888888888,0.0,0.0,0.0
1.0,100.0,0.0,0.0,0.0,0.0,0.013888888888888888,0.0,0.0,1.0
2.0,0.0005085188670433273,0.0,0.0,0.0,0.0,0.013888888888888888,0.0,0.0,1.0
3.0,5.1748939696120464e-05,0.0,0.0,0.0,0.0,0.013888888888888888,0.0,0.0,1.0
4.0,3.007982734700746e-07,0.0,0.0,0.0,0.0,0.013888888888888888,0.0,0.0,0.0
1.0,100.0,0.0,0.0,0.0,0.0,0.013888888888888888,0.0,0.0,1.0
2.0,0.0004584856329936988,0.0,0.0,0.0,0.0,0.013888888888888888,0.0,0.0,1.0
3.0,4.678100003323069e-05,0.0,0.0,0.0,0.0,0.013888888888888888,0.0,0.0,1.0
4.0,2.7284060973858455e-07,0.0,0.0,0.0,0.0,0.013888888888888888,0.0,0.0,0.0
1.0,100.0,0.0,0.0,0.0,0.0,0.013888888888888888,0.0,0.0,1.0
2.0,0.00041339199444831795,0.0,0.0,0.0,0.0,0.013888888888888888,0.0,0.0,1.0
3.0,4.2304836225542384e-05,0.0,0.0,0.0,0.0,0.013888888888888888,0.0,0.0,1.0
4.0,2.476733810639288e-07,0.0,0.0,0.0,0.0,0.013888888888888888,0.0,0.0,0.0
1.0,100.0,0.0,0.0,0.0,0.0,0.013888888888888888,0.0,0.0,1.0
2.0,0.00037274856407830626,0.0,0.0,0.0,0.0,0.013888888888888888,0.0,0.0,1.0
3.0,3.827053986437853e-05,0.0,0.0,0.0,0.0,0.013888888888888888,0.0,0.0,1.0
4.0,2.2499669603533384e-07,0.0,0.0,0.0,0.0,0.013888888888888888,0.0,0.0,0.0
1.0,100.0,0.0,0.0,0.0,0.0,0.013888888888888888,0.0,0.0,1.0
2.0,0.00033611560941659846,0.0,0.0,0.0,0.0,0.013888888888888888,0.0,0.0,1.0
3.0,3.463419235626728e-05,0.0,0.0,0.0,0.0,0.013888888888888888,0.0,0.0,1.0
4.0,2.0455283082510695e-07,0.0,0.0,0.0,0.0,0.013888888888888888,0.0,0.0,0.0
1.0,100.0,0.0,0.0,0.0,0.0,0.013888888888888888,0.0,0.0,1.0
2.0,0.000303097108053361,0.0,0.0,0.0,0.0,0.013888888888888888,0.0,0.0,1.0
3.0,3.135637326027301e-05,0.0,0.0,0.0,0.0,0.013888888888888888,0.0,0.0,1.0
4.0,1.8612527538688762e-07,0.0,0.0,0.0,0.0,0.013888888888888888,0.0,0.0,0.0
1.0,100.0,0.0,0.0,0.0,0.0,0.013888888888888888,0.0,0.0,1.0
2.0,0.00027333626303303936,0.0,0.0,0.0,0.0,0.013888888888888888,0.0,0.0,1.0
3.0,2.8401641993274844e-05,0.0,0.0,0.0,0.0,0.013888888888888888,0.0,0.0,1.0
4.0,1.6950687537037067e-07,0.0,0.0,0.0,0.0,0.013888888888888888,0.0,0.0,0.0
1.0,100.0,0.0,0.0,0.0,0.0,0.013888888888888888,0.0,0.0,1.0
2.0,0.0002465115511112675,0.0,0.0,0.0,0.0,0.013888888888888888,0.0,0.0,1.0
3.0,2.573807449699801e-05,0.0,0.0,0.0,0.0,0.013888888888888888,0.0,0.0,1.0
4.0,1.5452710259566085e-07,0.0,0.0,0.0,0.0,0.013888888888888888,0.0,0.0,0.0
1.0,100.0,0.0,0.0,0.0,0.0,0.013888888888888888,0.0,0.0,1.0
2.0,0.00022233321498669968,0.0,0.0,0.0,0.0,0.013888888888888888,0.0,0.0,1.0
3.0,2.3336920732650707e-05,0.0,0.0,0.0,0.0,0.013888888888888888,0.0,0.0,1.0
4.0,1.4101684489536723e-07,0.0,0.0,0.0,0.0,0.013888888888888888,0.0,0.0,0.0
1.0,100.0,0.0,0.0,0.0,0.0,0.013888888888888888,0.0,0.0,1.0
2.0,0.00020054011560471246,0.0,0.0,0.0,0.0,0.013888888888888888,0.0,0.0,1.0
3.0,2.117228256483193e-05,0.0,0.0,0.0,0.0,0.013888888888888888,0.0,0.0,1.0
4.0,1.2883363952020895e-07,0.0,0.0,0.0,0.0,0.013888888888888888,0.0,0.0,0.0
1.0,100.0,0.0,0.0,0.0,0.0,0.013888888888888888,0.0,0.0,1.0
2.0,0.00018089688258827227,0.0,0.0,0.0,0.0,0.013888888888888888,0.0,0.0,1.0
3.0,1.922080829120248e-05,0.0,0.0,0.0,0.0,0.013888888888888888,0.0,0.0,1.0
4.0,1.1784924376264973e-07,0.0,0.0,0.0,0.0,0.013888888888888888,0.0,0.0,0.0
1.0,100.0,0.0,0.0,0.0,0.0,0.013888888888888888,0.0,0.0,1.0
2.0,0.00016319139127981752,0.0,0.0,0.0,0.0,0.013888888888888888,0.0,0.0,1.0
3.0,1.7461477132586066e-05,0.0,0.0,0.0,0.0,0.013888888888888888,0.0,0.0,1.0
4.0,1.0794564731629083e-07,0.0,0.0,0.0,0.0,0.013888888888888888,0.0,0.0,0.0
1.0,100.0,0.0,0.0,0.0,0.0,0.013888888888888888,0.0,0.0,1.0
2.0,0.00014723243489474553,0.0,0.0,0.0,0.0,0.013888888888888888,0.0,0.0,1.0
3.0,1.5875312448803175e-05,0.0,0.0,0.0,0.0,0.013888888888888888,0.0,0.0,1.0
4.0,9.901037630463725e-08,0.0,0.0,0.0,0.0,0.013888888888888888,0.0,0.0,0.0
1.0,100.0,0.0,0.0,0.0,0.0,0.013888888888888888,0.0,0.0,1.0
2.0,0.00013284769087671387,0.0,0.0,0.0,0.0,0.013888888888888888,0.0,0.0,1.0
3.0,1.4445242569481772e-05,0.0,0.0,0.0,0.0,0.013888888888888888,0.0,0.0,1.0
4.0,9.095098230567409e-08,0.0,0.0,0.0,0.0,0.013888888888888888,0.0,0.0,0.0
1.0,100.0,0.0,0.0,0.0,0.0,0.013888888888888888,0.0,0.0,1.0
2.0,0.00011988182774570314,0.0,0.0,0.0,0.0,0.013888888888888888,0.0,0.0,1.0
3.0,1.3155860474168012e-05,0.0,0.0,0.0,0.0,0.013888888888888888,0.0,0.0,1.0
4.0,8.368592976491775e-08,0.0,0.0,0.0,0.0,0.013888888888888888,0.0,0.0,0.0
1.0,100.0,0.0,0.0,0.0,0.0,0.013888888888888888,0.0,0.0,1.0
2.0,0.00010819485056019174,0.0,0.0,0.0,0.0,0.013888888888888888,0.0,0.0,1.0
3.0,1.1993282709678117e-05,0.0,0.0,0.0,0.0,0.013888888888888888,0.0,0.0,1.0
4.0,7.712982735107733e-08,0.0,0.0,0.0,0.0,0.013888888888888888,0.0,0.0,0.0
1.0,100.0,0.0,0.0,0.0,0.0,0.013888888888888888,0.0,0.0,1.0
2.0,9.766057579660905e-05,0.0,0.0,0.0,0.0,0.013888888888888888,0.0,0.0,1.0
3.0,1.094329264379817e-05,0.0,0.0,0.0,0.0,0.013888888888888888,0.0,0.0,1.0
4.0,7.121774975961643e-08,0.0,0.0,0.0,0.0,0.013888888888888888,0.0,0.0,0.0
1.0,100.0,0.0,0.0,0.0,0.0,0.013888888888888888,0.0,0.0,1.0
2.0,8.816698415833337e-05,0.0,0.0,0.0,0.0,0.013888888888888888,0.0,0.0,1.0
3.0,9.991978309774669e-06,0.0,0.0,0.0,0.0,0.013888888888888888,0.0,0.0,1.0
4.0,6.587114579387524e-08,0.0,0.0,0.0,0.0,0.013888888888888888,0.0,0.0,0.0
1.0,100.0,0.0,0.0,0.0,0.0,0.013888888888888888,0.0,0.0,1.0
2.0,7.961590744928542e-05,0.0,0.0,0.0,0.0,0.013888888888888888,0.0,0.0,1.0
3.0,9.148403681566008e-06,0.0,0.0,0.0,0.0,0.013888888888888888,0.0,0.0,1.0
4.0,6.110128746860405e-08,0.0,0.0,0.0,0.0,0.013888888888888888,0.0,0.0,0.0
1.0,100.0,0.0,0.0,0.0,0.0,0.013888888888888888,0.0,0.0,1.0
2.0,7.190008879435841e-05,0.0,0.0,0.0,0.0,0.013888888888888888,0.0,0.0,1.0
3.0,8.379629082295468e-06,0.0,0.0,0.0,0.0,0.013888888888888888,0.0,0.0,1.0
4.0,5.6752880010577245e-08,0.0,0.0,0.0,0.0,0.013888888888888888,0.0,0.0,0.0
1.0,100.0,0.0,0.0,0.0,0.0,0.013888888888888888,0.0,0.0,1.0
2.0,6.494511967855211e-05,0.0,0.0,0.0,0.0,0.013888888888888888,0.0,0.0,1.0
3.0,7.686239597297883e-06,0.0,0.0,0.0,0.0,0.013888888888888888,0.0,0.0,1.0
4.0,5.2832795968588394e-08,0.0,0.0,0.0,0.0,0.013888888888888888,0.0,0.0,0.0
1.0,100.0,0.0,0.0,0.0,0.0,0.013888888888888888,0.0,0.0,1.0
2.0,5.8675993124653956e-05,0.0,0.0,0.0,0.0,0.013888888888888888,0.0,0.0,1.0
3.0,7.060872538107073e-06,0.0,0.0,0.0,0.0,0.013888888888888888,0.0,0.0,1.0
4.0,4.929197741047889e-08,0.0,0.0,0.0,0.0,0.013888888888888888,0.0,0.0,0.0
1.0,100.0,0.0,0.0,0.0,0.0,0.013888888888888888,0.0,0.0,1.0
2.0,5.302502988676572e-05,0.0,0.0,0.0,0.0,0.013888888888888888,0.0,0.0,1.0
3.0,6.496812776316069e-06,0.0,0.0,0.0,0.0,0.013888888888888888,0.0,0.0,1.0
4.0,4.609527482075675e-08,0.0,0.0,0.0,0.0,0.013888888888888888,0.0,0.0,0.0
1.0,100.0,0.0,0.0,0.0,0.0,0.013888888888888888,0.0,0.0,1.0
2.0,4.793123286051048e-05,0.0,0.0,0.0,0.0,0.013888888888888888,0.0,0.0,1.0
3.0,5.988018091678758e-06,0.0,0.0,0.0,0.0,0.013888888888888888,0.0,0.0,1.0
4.0,4.3212032087273696e-08,0.0,0.0,0.0,0.0,0.013888888888888888,0.0,0.0,0.0
1.0,100.0,0.0,0.0,0.0,0.0,0.013888888888888888,0.0,0.0,1.0
2.0,4.3339622398910256e-05,0.0,0.0,0.0,0.0,0.013888888888888888,0.0,0.0,1.0
3.0,5.529026183760825e-06,0.0,0.0,0.0,0.0,0.013888888888888888,0.0,0.0,1.0
4.0,4.060625435039069e-08,0.0,0.0,0.0,0.0,0.013888888888888888,0.0,0.0,0.0
1.0,100.0,0.0,0.0,0.0,0.0,0.013888888888888888,0.0,0.0,1.0
2.0,3.9200646989948125e-05,0.0,0.0,0.0,0.0,0.013888888888888888,0.0,0.0,1.0
3.0,5.114927728746223e-06,0.0,0.0,0.0,0.0,0.013888888888888888,0.0,0.0,1.0
4.0,3.825345012123135e-08,0.0,0.0,0.0,0.0,0.013888888888888888,0.0,0.0,0.0
1.0,100.0,0.0,0.0,0.0,0.0,0.013888888888888888,0.0,0.0,1.0
2.0,3.5469646955076014e-05,0.0,0.0,0.0,0.0,0.013888888888888888,0.0,0.0,1.0
3.0,4.7416521076480665e-06,0.0,0.0,0.0,0.0,0.013888888888888888,0.0,0.0,1.0
4.0,3.611737364132796e-08,0.0,0.0,0.0,0.0,0.013888888888888888,0.0,0.0,0.0
1.0,100.0,0.0,0.0,0.0,0.0,0.013888888888888888,0.0,0.0,1.0
2.0,3.210600927504638e-05,0.0,0.0,0.0,0.0,0.013888888888888888,0.0,0.0,1.0
3.0,4.4051047353779295e-06,0.0,0.0,0.0,0.0,0.013888888888888888,0.0,0.0,1.0
4.0,3.4214254128964895e-08,0.0,0.0,0.0,0.0,0.013888888888888888,0.0,0.0,0.0
1.0,100.0,0.0,0.0,0.0,0.0,0.013888888888888888,0.0,0.0,1.0
2.0,2.9073211295978795e-05,0.0,0.0,0.0,0.0,0.013888888888888888,0.0,0.0,1.0
3.0,4.1000346076611384e-06,0.0,0.0,0.0,0.0,0.013888888888888888,0.0,0.0,1.0
4.0,3.250303873586665e-08,0.0,0.0,0.0,0.0,0.013888888888888888,0.0,0.0,0.0
1.0,100.0,0.0,0.0,0.0,0.0,0.013888888888888888,0.0,0.0,1.0
2.0,2.6339948598010837e-05,0.0,0.0,0.0,0.0,0.013888888888888888,0.0,0.0,1.0
3.0,3.825269662493713e-06,0.0,0.0,0.0,0.0,0.013888888888888888,0.0,0.0,1.0
4.0,3.0931174055086864e-08,0.0,0.0,0.0,0.0,0.013888888888888888,0.0,0.0,0.0
1.0,100.0,0.0,0.0,0.0,0.0,0.013888888888888888,0.0,0.0,1.0
2.0,2.3876059589172802e-05,0.0,0.0,0.0,0.0,0.013888888888888888,0.0,0.0,1.0
3.0,3.5772743596524897e-06,0.0,0.0,0.0,0.0,0.013888888888888888,0.0,0.0,1.0
4.0,2.9512980243438094e-08,0.0,0.0,0.0,0.0,0.013888888888888888,0.0,0.0,0.0
1.0,100.0,0.0,0.0,0.0,0.0,0.013888888888888888,0.0,0.0,1.0
2.0,2.1654926285927473e-05,0.0,0.0,0.0,0.0,0.013888888888888888,0.0,0.0,1.0
3.0,3.353376892221832e-06,0.0,0.0,0.0,0.0,0.013888888888888888,0.0,0.0,1.0
4.0,2.8230119508166584e-08,0.0,0.0,0.0,0.0,0.013888888888888888,0.0,0.0,0.0
1.0,100.0,0.0,0.0,0.0,0.0,0.013888888888888888,0.0,0.0,1.0
2.0,1.965257845067192e-05,0.0,0.0,0.0,0.0,0.013888888888888888,0.0,0.0,1.0
3.0,3.151195834355925e-06,0.0,0.0,0.0,0.0,0.013888888888888888,0.0,0.0,1.0
4.0,2.7065254206545963e-08,0.0,0.0,0.0,0.0,0.013888888888888888,0.0,0.0,0.0
1.0,100.0,0.0,0.0,0.0,0.0,0.013888888888888888,0.0,0.0,1.0
2.0,1.784741758584953e-05,0.0,0.0,0.0,0.0,0.013888888888888888,0.0,0.0,1.0
3.0,2.9685845578534065e-06,0.0,0.0,0.0,0.0,0.013888888888888888,0.0,0.0,1.0
4.0,2.6015053991140064e-08,0.0,0.0,0.0,0.0,0.013888888888888888,0.0,0.0,0.0
1.0,100.0,0.0,0.0,0.0,0.0,0.013888888888888888,0.0,0.0,1.0
2.0,0.0004965976779808207,0.0,0.0,0.0,0.0,0.013888888888888888,0.0,0.0,1.0
3.0,0.0004920608710575639,0.0,0.0,0.0,0.0,0.013888888888888888,0.0,0.0,1.0
4.0,4.298940713342127e-06,0.0,0.0,0.0,0.0,0.013888888888888888,0.0,0.0,0.0
1.0,100.0,0.0,0.0,0.0,0.0,0.013888888888888888,0.0,0.0,1.0
2.0,1.0552981788691656e-05,0.0,0.0,0.0,0.0,0.013888888888888888,0.0,0.0,1.0
3.0,2.060274768043006e-05,0.0,0.0,0.0,0.0,0.013888888888888888,0.0,0.0,1.0
4.0,2.1192725971712507e-07,0.0,0.0,0.0,0.0,0.013888888888888888,0.0,0.0,0.0
1.0,100.0,0.0,0.0,0.0,0.0,0.013888888888888888,0.0,0.0,1.0
2.0,8.556793155163842e-06,0.0,0.0,0.0,0.0,0.013888888888888888,0.0,0.0,1.0
3.0,2.341155144044164e-06,0.0,0.0,0.0,0.0,0.013888888888888888,0.0,0.0,1.0
4.0,2.120666395851531e-08,0.0,0.0,0.0,0.0,0.013888888888888888,0.0,0.0,0.0
1.0,100.0,0.0,0.0,0.0,0.0,0.013888888888888888,0.0,0.0,1.0
2.0,7.848613411309865e-06,0.0,0.0,0.0,0.0,0.013888888888888888,0.0,0.0,1.0
3.0,1.7634902852951412e-06,0.0,0.0,0.0,0.0,0.013888888888888888,0.0,0.0,1.0
4.0,1.288034435709725e-08,0.0,0.0,0.0,0.0,0.013888888888888888,0.0,0.0,0.0
1.0,100.0,0.0,0.0,0.0,0.0,0.013888888888888888,0.0,0.0,1.0
2.0,7.204889328430492e-06,0.0,0.0,0.0,0.0,0.013888888888888888,0.0,0.0,1.0
3.0,1.3448062790455175e-06,0.0,0.0,0.0,0.0,0.013888888888888888,0.0,0.0,1.0
4.0,8.096074000010522e-09,0.0,0.0,0.0,0.0,0.013888888888888888,0.0,0.0,0.0
1.0,100.0,0.0,0.0,0.0,0.0,0.013888888888888888,0.0,0.0,1.0
2.0,6.620696154167769e-06,0.0,0.0,0.0,0.0,0.013888888888888888,0.0,0.0,1.0
3.0,9.729242605069204e-07,0.0,0.0,0.0,0.0,0.013888888888888888,0.0,0.0,1.0
4.0,4.653146415893845e-09,0.0,0.0,0.0,0.0,0.013888888888888888,0.0,0.0,0.0
1.0,100.0,0.0,0.0,0.0,0.0,0.013888888888888888,0.0,0.0,1.0
2.0,6.090356387561768e-06,0.0,0.0,0.0,0.0,0.013888888888888888,0.0,0.0,1.0
3.0,6.241920763825462e-07,0.0,0.0,0.0,0.0,0.013888888888888888,0.0,0.0,1.0
4.0,2.4584716810839384e-09,0.0,0.0,0.0,0.0,0.013888888888888888,0.0,0.0,0.0
1.0,100.0,0.0,0.0,0.0,0.0,0.013888888888888888,0.0,0.0,1.0
2.0,5.611243400589059e-06,0.0,0.0,0.0,0.0,0.013888888888888888,0.0,0.0,1.0
3.0,2.886308284155015e-07,0.0,0.0,0.0,0.0,0.013888888888888888,0.0,0.0,1.0
4.0,2.1173337089943526e-09,0.0,0.0,0.0,0.0,0.013888888888888888,0.0,0.0,0.0
1.0,100.0,0.0,0.0,0.0,0.0,0.013888888888888888,0.0,0.0,1.0
2.0,5.348512181333198e-06,0.0,0.0,0.0,0.0,0.013888888888888888,0.0,0.0,1.0
3.0,2.649462464875916e-07,0.0,0.0,0.0,0.0,0.013888888888888888,0.0,0.0,1.0
4.0,5.234977301508197e-09,0.0,0.0,0.0,0.0,0.013888888888888888,0.0,0.0,0.0
1.0,100.0,0.0,0.0,0.0,0.0,0.013888888888888888,0.0,0.0,1.0
2.0,5.1614195264703855e-06,0.0,0.0,0.0,0.0,0.013888888888888888,0.0,0.0,1.0
3.0,3.837004306693546e-07,0.0,0.0,0.0,0.0,0.013888888888888888,0.0,0.0,1.0
4.0,8.356292683399548e-09,0.0,0.0,0.0,0.0,0.013888888888888888,0.0,0.0,0.0
1.0,100.0,0.0,0.0,0.0,0.0,0.013888888888888888,0.0,0.0,1.0
2.0,5.017888456492723e-06,0.0,0.0,0.0,0.0,0.013888888888888888,0.0,0.0,1.0
3.0,6.766195334839426e-07,0.0,0.0,0.0,0.0,0.013888888888888888,0.0,0.0,1.0
4.0,1.1504930595732152e-08,0.0,0.0,0.0,0.0,0.013888888888888888,0.0,0.0,0.0
1.0,100.0,0.0,0.0,0.0,0.0,0.013888888888888888,0.0,0.0,1.0
2.0,4.915058067468744e-06,0.0,0.0,0.0,0.0,0.013888888888888888,0.0,0.0,1.0
3.0,9.891774451169674e-07,0.0,0.0,0.0,0.0,0.013888888888888888,0.0,0.0,1.0
4.0,1.4684597168442884e-08,0.0,0.0,0.0,0.0,0.013888888888888888,0.0,0.0,0.0
1.0,100.0,0.0,0.0,0.0,0.0,0.013888888888888888,0.0,0.0,1.0
2.0,4.849583824384896e-06,0.0,0.0,0.0,0.0,0.013888888888888888,0.0,0.0,1.0
3.0,1.2979330894730653e-06,0.0,0.0,0.0,0.0,0.013888888888888888,0.0,0.0,1.0
4.0,1.7902225406886056e-08,0.0,0.0,0.0,0.0,0.013888888888888888,0.0,0.0,0.0
1.0,100.0,0.0,0.0,0.0,0.0,0.013888888888888888,0.0,0.0,1.0
2.0,4.817982193579088e-06,0.0,0.0,0.0,0.0,0.013888888888888888,0.0,0.0,1.0
3.0,1.6029669506415283e-06,0.0,0.0,0.0,0.0,0.013888888888888888,0.0,0.0,1.0
4.0,2.115680098463902e-08,0.0,0.0,0.0,0.0,0.013888888888888888,0.0,0.0,0.0
1.0,100.0,0.0,0.0,0.0,0.0,0.013888888888888888,0.0,0.0,1.0
2.0,4.816831240536747e-06,0.0,0.0,0.0,0.0,0.013888888888888888,0.0,0.0,1.0
3.0,1.9043407234492986e-06,0.0,0.0,0.0,0.0,0.013888888888888888,0.0,0.0,1.0
4.0,2.4448764873025685e-08,0.0,0.0,0.0,0.0,0.013888888888888888,0.0,0.0,0.0
1.0,100.0,0.0,0.0,0.0,0.0,0.013888888888888888,0.0,0.0,1.0
2.0,4.8427896906491204e-06,0.0,0.0,0.0,0.0,0.013888888888888888,0.0,0.0,1.0
3.0,2.20186040832293e-06,0.0,0.0,0.0,0.0,0.013888888888888888,0.0,0.0,1.0
4.0,2.7774027699160347e-08,0.0,0.0,0.0,0.0,0.013888888888888888,0.0,0.0,0.0
1.0,100.0,0.0,0.0,0.0,0.0,0.013888888888888888,0.0,0.0,1.0
2.0,4.892841946881099e-06,0.0,0.0,0.0,0.0,0.013888888888888888,0.0,0.0,1.0
3.0,2.4953252707442968e-06,0.0,0.0,0.0,0.0,0.013888888888888888,0.0,0.0,1.0
4.0,3.1128563463631825e-08,0.0,0.0,0.0,0.0,0.013888888888888888,0.0,0.0,0.0
1.0,100.0,0.0,0.0,0.0,0.0,0.013888888888888888,0.0,0.0,1.0
2.0,4.9643061441811595e-06,0.0,0.0,0.0,0.0,0.013888888888888888,0.0,0.0,1.0
3.0,2.784791495419738e-06,0.0,0.0,0.0,0.0,0.013888888888888888,0.0,0.0,1.0
4.0,3.4508320963573686e-08,0.0,0.0,0.0,0.0,0.013888888888888888,0.0,0.0,0.0
1.0,100.0,0.0,0.0,0.0,0.0,0.013888888888888888,0.0,0.0,1.0
2.0,5.054573754987769e-06,0.0,0.0,0.0,0.0,0.013888888888888888,0.0,0.0,1.0
3.0,3.0701387305337673e-06,0.0,0.0,0.0,0.0,0.013888888888888888,0.0,0.0,1.0
4.0,3.7909692007408495e-08,0.0,0.0,0.0,0.0,0.013888888888888888,0.0,0.0,0.0
1.0,100.0,0.0,0.0,0.0,0.0,0.013888888888888888,0.0,0.0,1.0
2.0,5.161279801796311e-06,0.0,0.0,0.0,0.0,0.013888888888888888,0.0,0.0,1.0
3.0,3.351255794078994e-06,0.0,0.0,0.0,0.0,0.013888888888888888,0.0,0.0,1.0
4.0,4.132982775942171e-08,0.0,0.0,0.0,0.0,0.013888888888888888,0.0,0.0,0.0
1.0,100.0,0.0,0.0,0.0,0.0,0.013888888888888888,0.0,0.0,1.0
2.0,5.2822939940370054e-06,0.0,0.0,0.0,0.0,0.013888888888888888,0.0,0.0,1.0
3.0,3.628062413350376e-06,0.0,0.0,0.0,0.0,0.013888888888888888,0.0,0.0,1.0
4.0,4.476617051556901e-08,0.0,0.0,0.0,0.0,0.013888888888888888,0.0,0.0,0.0
1.0,100.0,0.0,0.0,0.0,0.0,0.013888888888888888,0.0,0.0,1.0
2.0,5.415689264767434e-06,0.0,0.0,0.0,0.0,0.013888888888888888,0.0,0.0,1.0
3.0,3.900481169944721e-06,0.0,0.0,0.0,0.0,0.013888888888888888,0.0,0.0,1.0
4.0,4.8213290194450855e-08,0.0,0.0,0.0,0.0,0.013888888888888888,0.0,0.0,0.0
1.0,100.0,0.0,0.0,0.0,0.0,0.013888888888888888,0.0,0.0,1.0
2.0,5.559727656789158e-06,0.0,0.0,0.0,0.0,0.013888888888888888,0.0,0.0,1.0
3.0,4.168487039752613e-06,0.0,0.0,0.0,0.0,0.013888888888888888,0.0,0.0,1.0
4.0,5.167003390854724e-08,0.0,0.0,0.0,0.0,0.013888888888888888,0.0,0.0,0.0
1.0,100.0,0.0,0.0,0.0,0.0,0.013888888888888888,0.0,0.0,1.0
2.0,5.712816270047296e-06,0.0,0.0,0.0,0.0,0.013888888888888888,0.0,0.0,1.0
3.0,4.431976816234391e-06,0.0,0.0,0.0,0.0,0.013888888888888888,0.0,0.0,1.0
4.0,5.5130946520227e-08,0.0,0.0,0.0,0.0,0.013888888888888888,0.0,0.0,0.0
1.0,100.0,0.0,0.0,0.0,0.0,0.013888888888888888,0.0,0.0,1.0
2.0,5.873573272729788e-06,0.0,0.0,0.0,0.0,0.013888888888888888,0.0,0.0,1.0
3.0,4.690915529580749e-06,0.0,0.0,0.0,0.0,0.013888888888888888,0.0,0.0,1.0
4.0,5.8598418381435335e-08,0.0,0.0,0.0,0.0,0.013888888888888888,0.0,0.0,0.0
1.0,100.0,0.0,0.0,0.0,0.0,0.013888888888888888,0.0,0.0,1.0
2.0,6.040765487373736e-06,0.0,0.0,0.0,0.0,0.013888888888888888,0.0,0.0,1.0
3.0,4.94529764809317e-06,0.0,0.0,0.0,0.0,0.013888888888888888,0.0,0.0,1.0
4.0,6.206576713919929e-08,0.0,0.0,0.0,0.0,0.013888888888888888,0.0,0.0,0.0
1.0,100.0,0.0,0.0,0.0,0.0,0.013888888888888888,0.0,0.0,1.0
2.0,6.2132776006682585e-06,0.0,0.0,0.0,0.0,0.013888888888888888,0.0,0.0,1.0
3.0,5.195117480386456e-06,0.0,0.0,0.0,0.0,0.013888888888888888,0.0,0.0,1.0
4.0,6.552753805906494e-08,0.0,0.0,0.0,0.0,0.013888888888888888,0.0,0.0,0.0
1.0,100.0,0.0,0.0,0.0,0.0,0.013888888888888888,0.0,0.0,1.0
2.0,6.390095103405351e-06,0.0,0.0,0.0,0.0,0.013888888888888888,0.0,0.0,1.0
3.0,5.4403674417982536e-06,0.0,0.0,0.0,0.0,0.013888888888888888,0.0,0.0,1.0
4.0,6.898728584020708e-08,0.0,0.0,0.0,0.0,0.013888888888888888,0.0,0.0,0.0
1.0,100.0,0.00020360898398141404,0.0,0.0,0.0,0.013888888888888888,0.0,0.0,1.0
2.0,6.570319927209497e-06,0.0,0.0,0.0,0.0,0.013888888888888888,0.0,0.0,1.0
3.0,5.681051416295433e-06,0.0,0.0,0.0,0.0,0.013888888888888888,0.0,0.0,1.0
4.0,7.243992287162265e-08,0.0,0.0,0.0,0.0,0.013888888888888888,0.0,0.0,0.0
1.0,100.0,0.00020361102469801956,0.0,0.0,0.0,0.013888888888888888,0.0,0.0,1.0
2.0,6.753153093364217e-06,0.0,0.0,0.0,0.0,0.013888888888888888,0.0,0.0,1.0
3.0,5.917189311088755e-06,0.0,0.0,0.0,0.0,0.013888888888888888,0.0,0.0,1.0
4.0,7.588568873609295e-08,0.0,0.0,0.0,0.0,0.013888888888888888,0.0,0.0,0.0
1.0,100.0,0.00020361300136089363,0.0,0.0,0.0,0.013888888888888888,0.0,0.0,1.0
2.0,6.93787171899805e-06,0.0,0.0,0.0,0.0,0.013888888888888888,0.0,0.0,1.0
3.0,6.148787118610008e-06,0.0,0.0,0.0,0.0,0.013888888888888888,0.0,0.0,1.0
4.0,7.932028056484155e-08,0.0,0.0,0.0,0.0,0.013888888888888888,0.0,0.0,0.0
1.0,100.0,0.00020361491612925803,0.0,0.0,0.0,0.013888888888888888,0.0,0.0,1.0
2.0,7.1238445906112245e-06,0.0,0.0,0.0,0.0,0.013888888888888888,0.0,0.0,1.0
3.0,6.375875723770071e-06,0.0,0.0,0.0,0.0,0.013888888888888888,0.0,0.0,1.0
4.0,8.27415087101993e-08,0.0,0.0,0.0,0.0,0.013888888888888888,0.0,0.0,0.0
1.0,100.0,0.00020361677105152305,0.0,0.0,0.0,0.013888888888888888,0.0,0.0,1.0
2.0,7.310505184966804e-06,0.0,0.0,0.0,0.0,0.013888888888888888,0.0,0.0,1.0
3.0,6.598482016238594e-06,0.0,0.0,0.0,0.0,0.013888888888888888,0.0,0.0,1.0
4.0,8.614886646141153e-08,0.0,0.0,0.0,0.0,0.013888888888888888,0.0,0.0,0.0
1.0,100.0,0.00020361856805739596,0.0,0.0,0.0,0.013888888888888888,0.0,0.0,1.0
2.0,7.497355159132585e-06,0.0,0.0,0.0,0.0,0.013888888888888888,0.0,0.0,1.0
3.0,6.8166433020332366e-06,0.0,0.0,0.0,0.0,0.013888888888888888,0.0,0.0,1.0
4.0,8.95407590124432e-08,0.0,0.0,0.0,0.0,0.013888888888888888,0.0,0.0,0.0
1.0,100.0,0.0002036203089834745,0.0,0.0,0.0,0.013888888888888888,0.0,0.0,1.0
2.0,7.683946090267414e-06,0.0,0.0,0.0,0.0,0.013888888888888888,0.0,0.0,1.0
3.0,7.030394852719159e-06,0.0,0.0,0.0,0.0,0.013888888888888888,0.0,0.0,1.0
4.0,9.291716057289295e-08,0.0,0.0,0.0,0.0,0.013888888888888888,0.0,0.0,0.0
1.0,100.0,0.0002036219955658475,0.0,0.0,0.0,0.013888888888888888,0.0,0.0,1.0
2.0,7.869888545805495e-06,0.0,0.0,0.0,0.0,0.013888888888888888,0.0,0.0,1.0
3.0,7.239783570159949e-06,0.0,0.0,0.0,0.0,0.013888888888888888,0.0,0.0,1.0
4.0,9.627306026752903e-08,0.0,0.0,0.0,0.0,0.013888888888888888,0.0,0.0,0.0
1.0,100.0,0.00020362362945837122,0.0,0.0,0.0,0.013888888888888888,0.0,0.0,1.0
2.0,8.054828826039687e-06,0.0,0.0,0.0,0.0,0.013888888888888888,0.0,0.0,1.0
3.0,7.444848539056689e-06,0.0,0.0,0.0,0.0,0.013888888888888888,0.0,0.0,1.0
4.0,9.960953326002697e-08,0.0,0.0,0.0,0.0,0.013888888888888888,0.0,0.0,0.0
1.0,100.0,0.00020361712245325675,0.0,0.0,0.0,0.013888888888888888,0.0,0.0,1.0
2.0,2.114059272657365e-06,0.0,0.0,0.0,0.0,0.013888888888888888,0.0,0.0,1.0
3.0,1.7038941714636608e-06,0.0,0.0,0.0,0.0,0.013888888888888888,0.0,0.0,1.0
4.0,2.3921523073432973e-08,0.0,0.0,0.0,0.0,0.013888888888888888,0.0,0.0,0.0
1.0,100.0,0.0002041047008167487,0.0,0.0,0.0,0.013888888888888888,0.0,0.0,1.0
2.0,1.845911755154433e-06,0.0,0.0,0.0,0.0,0.013888888888888888,0.0,0.0,1.0
3.0,1.4788768873457318e-06,0.0,0.0,0.0,0.0,0.013888888888888888,0.0,0.0,1.0
4.0,2.064115556257117e-08,0.0,0.0,0.0,0.0,0.013888888888888888,0.0,0.0,0.0
1.0,100.0,0.0002041051909271672,0.0,0.0,0.0,0.013888888888888888,0.0,0.0,1.0
2.0,1.7976610509815641e-06,0.0,0.0,0.0,0.0,0.013888888888888888,0.0,0.0,1.0
3.0,1.4661204715295661e-06,0.0,0.0,0.0,0.0,0.013888888888888888,0.0,0.0,1.0
4.0,2.0416949418887144e-08,0.0,0.0,0.0,0.0,0.013888888888888888,0.0,0.0,0.0
1.0,100.0,0.0002041056785398057,0.0,0.0,0.0,0.013888888888888888,0.0,0.0,1.0
2.0,1.7586436356972284e-06,0.0,0.0,0.0,0.0,0.013888888888888888,0.0,0.0,1.0
3.0,1.4569782967590697e-06,0.0,0.0,0.0,0.0,0.013888888888888888,0.0,0.0,1.0
4.0,2.028381653732801e-08,0.0,0.0,0.0,0.0,0.013888888888888888,0.0,0.0,0.0
1.0,100.0,0.00020410616357151296,0.0,0.0,0.0,0.013888888888888888,0.0,0.0,1.0
2.0,1.725312698089578e-06,0.0,0.0,0.0,0.0,0.013888888888888888,0.0,0.0,1.0
3.0,1.4493494827310235e-06,0.0,0.0,0.0,0.0,0.013888888888888888,0.0,0.0,1.0
4.0,2.0184099739347825e-08,0.0,0.0,0.0,0.0,0.013888888888888888,0.0,0.0,0.0
1.0,100.0,0.00020410664603920918,0.0,0.0,0.0,0.013888888888888888,0.0,0.0,1.0
2.0,1.6961851681628477e-06,0.0,0.0,0.0,0.0,0.013888888888888888,0.0,0.0,1.0
3.0,1.442643861715648e-06,0.0,0.0,0.0,0.0,0.013888888888888888,0.0,0.0,1.0
4.0,2.0103678782108923e-08,0.0,0.0,0.0,0.0,0.013888888888888888,0.0,0.0,0.0
1.0,100.0,0.0002041071259590992,0.0,0.0,0.0,0.013888888888888888,0.0,0.0,1.0
2.0,1.6703588490649927e-06,0.0,0.0,0.0,0.0,0.013888888888888888,0.0,0.0,1.0
3.0,1.4365668798441028e-06,0.0,0.0,0.0,0.0,0.013888888888888888,0.0,0.0,1.0
4.0,2.003454464300017e-08,0.0,0.0,0.0,0.0,0.013888888888888888,0.0,0.0,0.0
1.0,100.0,0.00020410760334722833,0.0,0.0,0.0,0.013888888888888888,0.0,0.0,1.0
2.0,1.6472233680485178e-06,0.0,0.0,0.0,0.0,0.013888888888888888,0.0,0.0,1.0
3.0,1.4309384389906588e-06,0.0,0.0,0.0,0.0,0.013888888888888888,0.0,0.0,1.0
4.0,1.9971699632142017e-08,0.0,0.0,0.0,0.0,0.013888888888888888,0.0,0.0,0.0
1.0,100.0,0.0002041080782206372,0.0,0.0,0.0,0.013888888888888888,0.0,0.0,1.0
2.0,1.6263453275194993e-06,0.0,0.0,0.0,0.0,0.013888888888888888,0.0,0.0,1.0
3.0,1.4256540776958523e-06,0.0,0.0,0.0,0.0,0.013888888888888888,0.0,0.0,1.0
4.0,1.99118541689511e-08,0.0,0.0,0.0,0.0,0.013888888888888888,0.0,0.0,0.0
1.0,100.0,0.00020410855059648493,0.0,0.0,0.0,0.013888888888888888,0.0,0.0,1.0
2.0,1.6073921238097031e-06,0.0,0.0,0.0,0.0,0.013888888888888888,0.0,0.0,1.0
3.0,1.4206388407812389e-06,0.0,0.0,0.0,0.0,0.013888888888888888,0.0,0.0,1.0
4.0,1.9857209594683655e-08,0.0,0.0,0.0,0.0,0.013888888888888888,0.0,0.0,0.0
1.0,100.0,0.00020410902048857688,0.0,0.0,0.0,0.013888888888888888,0.0,0.0,1.0
2.0,1.590105983010693e-06,0.0,0.0,0.0,0.0,0.013888888888888888,0.0,0.0,1.0
3.0,1.4158437613193974e-06,0.0,0.0,0.0,0.0,0.013888888888888888,0.0,0.0,1.0
4.0,1.9804666161741057e-08,0.0,0.0,0.0,0.0,0.013888888888888888,0.0,0.0,0.0
1.0,100.0,0.00020410948791496376,0.0,0.0,0.0,0.013888888888888888,0.0,0.0,1.0
2.0,1.5742799587274031e-06,0.0,0.0,0.0,0.0,0.013888888888888888,0.0,0.0,1.0
3.0,1.411236244677093e-06,0.0,0.0,0.0,0.0,0.013888888888888888,0.0,0.0,1.0
4.0,1.9753616553911723e-08,0.0,0.0,0.0,0.0,0.013888888888888888,0.0,0.0,0.0
1.0,100.0,0.00020410995289068604,0.0,0.0,0.0,0.013888888888888888,0.0,0.0,1.0
2.0,1.5597358916628773e-06,0.0,0.0,0.0,0.0,0.013888888888888888,0.0,0.0,1.0
3.0,1.406784658512246e-06,0.0,0.0,0.0,0.0,0.013888888888888888,0.0,0.0,1.0
4.0,1.9707059145775265e-08,0.0,0.0,0.0,0.0,0.013888888888888888,0.0,0.0,0.0
1.0,100.0,0.00020411041543172848,0.0,0.0,0.0,0.013888888888888888,0.0,0.0,1.0
2.0,1.5463316959751723e-06,0.0,0.0,0.0,0.0,0.013888888888888888,0.0,0.0,1.0
3.0,1.402461546201714e-06,0.0,0.0,0.0,0.0,0.013888888888888888,0.0,0.0,1.0
4.0,1.9656327630348958e-08,0.0,0.0,0.0,0.0,0.013888888888888888,0.0,0.0,0.0
1.0,100.0,0.0002041108755556115,0.0,0.0,0.0,0.013888888888888888,0.0,0.0,1.0
2.0,1.5339440891192396e-06,0.0,0.0,0.0,0.0,0.013888888888888888,0.0,0.0,1.0
3.0,1.398256252765296e-06,0.0,0.0,0.0,0.0,0.013888888888888888,0.0,0.0,1.0
4.0,1.9610809378244777e-08,0.0,0.0,0.0,0.0,0.013888888888888888,0.0,0.0,0.0
1.0,100.0,0.00020411133327600685,0.0,0.0,0.0,0.013888888888888888,0.0,0.0,1.0
2.0,1.5224665164757288e-06,0.0,0.0,0.0,0.0,0.013888888888888888,0.0,0.0,1.0
3.0,1.3941565167696588e-06,0.0,0.0,0.0,0.0,0.013888888888888888,0.0,0.0,1.0
4.0,1.9565608251008978e-08,0.0,0.0,0.0,0.0,0.013888888888888888,0.0,0.0,0.0
1.0,100.0,0.0002041117886084906,0.0,0.0,0.0,0.013888888888888888,0.0,0.0,1.0
2.0,1.5118051910255996e-06,0.0,0.0,0.0,0.0,0.013888888888888888,0.0,0.0,1.0
3.0,1.3901491155835485e-06,0.0,0.0,0.0,0.0,0.013888888888888888,0.0,0.0,1.0
4.0,1.9521673079987683e-08,0.0,0.0,0.0,0.0,0.013888888888888888,0.0,0.0,0.0
1.0,100.0,0.0002041122415695709,0.0,0.0,0.0,0.013888888888888888,0.0,0.0,1.0
2.0,1.501874412049432e-06,0.0,0.0,0.0,0.0,0.013888888888888888,0.0,0.0,1.0
3.0,1.3862267096672963e-06,0.0,0.0,0.0,0.0,0.013888888888888888,0.0,0.0,1.0
4.0,1.947732123888046e-08,0.0,0.0,0.0,0.0,0.013888888888888888,0.0,0.0,0.0
1.0,100.0,0.00020411269217557025,0.0,0.0,0.0,0.013888888888888888,0.0,0.0,1.0
2.0,1.4926032319929563e-06,0.0,0.0,0.0,0.0,0.013888888888888888,0.0,0.0,1.0
3.0,1.3823781390377977e-06,0.0,0.0,0.0,0.0,0.013888888888888888,0.0,0.0,1.0
4.0,1.9433122029002837e-08,0.0,0.0,0.0,0.0,0.013888888888888888,0.0,0.0,0.0
1.0,100.0,0.00020411314044031727,0.0,0.0,0.0,0.013888888888888888,0.0,0.0,1.0
2.0,1.483924462323835e-06,0.0,0.0,0.0,0.0,0.013888888888888888,0.0,0.0,1.0
3.0,1.3786000369861695e-06,0.0,0.0,0.0,0.0,0.013888888888888888,0.0,0.0,1.0
4.0,1.9391985172407794e-08,0.0,0.0,0.0,0.0,0.013888888888888888,0.0,0.0,0.0
1.0,100.0,0.00020411358637909566,0.0,0.0,0.0,0.013888888888888888,0.0,0.0,1.0
2.0,1.4757772668526585e-06,0.0,0.0,0.0,0.0,0.013888888888888888,0.0,0.0,1.0
3.0,1.374882395155209e-06,0.0,0.0,0.0,0.0,0.013888888888888888,0.0,0.0,1.0
4.0,1.9350558119686123e-08,0.0,0.0,0.0,0.0,0.013888888888888888,0.0,0.0,0.0
1.0,100.0,0.00020411403000759185,0.0,0.0,0.0,0.013888888888888888,0.0,0.0,1.0
2.0,1.4681131453952964e-06,0.0,0.0,0.0,0.0,0.013888888888888888,0.0,0.0,1.0
3.0,1.3712218471178842e-06,0.0,0.0,0.0,0.0,0.013888888888888888,0.0,0.0,1.0
4.0,1.9310662594751362e-08,0.0,0.0,0.0,0.0,0.013888888888888888,0.0,0.0,0.0
1.0,100.0,0.0002041144713398893,0.0,0.0,0.0,0.013888888888888888,0.0,0.0,1.0
2.0,1.4608828398610888e-06,0.0,0.0,0.0,0.0,0.013888888888888888,0.0,0.0,1.0
3.0,1.3676123698668575e-06,0.0,0.0,0.0,0.0,0.013888888888888888,0.0,0.0,1.0
4.0,1.9270350348472133e-08,0.0,0.0,0.0,0.0,0.013888888888888888,0.0,0.0,0.0
1.0,100.0,0.00020411491039127198,0.0,0.0,0.0,0.013888888888888888,0.0,0.0,1.0
2.0,1.4540445192742707e-06,0.0,0.0,0.0,0.0,0.013888888888888888,0.0,0.0,1.0
3.0,1.3640505592335576e-06,0.0,0.0,0.0,0.0,0.013888888888888888,0.0,0.0,1.0
4.0,1.922815390231368e-08,0.0,0.0,0.0,0.0,0.013888888888888888,0.0,0.0,0.0
1.0,100.0,0.00020411534717746656,0.0,0.0,0.0,0.013888888888888888,0.0,0.0,1.0
2.0,1.4475605789476357e-06,0.0,0.0,0.0,0.0,0.013888888888888888,0.0,0.0,1.0
3.0,1.3605365912627746e-06,0.0,0.0,0.0,0.0,0.013888888888888888,0.0,0.0,1.0
4.0,1.9187729318951708e-08,0.0,0.0,0.0,0.0,0.013888888888888888,0.0,0.0,0.0
1.0,100.0,0.00020411578171237595,0.0,0.0,0.0,0.013888888888888888,0.0,0.0,1.0
2.0,1.4413903536313783e-06,0.0,0.0,0.0,0.0,0.013888888888888888,0.0,0.0,1.0
3.0,1.3570556257773858e-06,0.0,0.0,0.0,0.0,0.013888888888888888,0.0,0.0,1.0
4.0,1.9147482593948453e-08,0.0,0.0,0.0,0.0,0.013888888888888888,0.0,0.0,0.0
1.0,100.0,0.00020411621400952517,0.0,0.0,0.0,0.013888888888888888,0.0,0.0,1.0
2.0,1.4355131161964178e-06,0.0,0.0,0.0,0.0,0.013888888888888888,0.0,0.0,1.0
3.0,1.3536159606963512e-06,0.0,0.0,0.0,0.0,0.013888888888888888,0.0,0.0,1.0
4.0,1.910988056826605e-08,0.0,0.0,0.0,0.0,0.013888888888888888,0.0,0.0,0.0
1.0,100.0,0.0002041166440854285,0.0,0.0,0.0,0.013888888888888888,0.0,0.0,1.0
2.0,1.4298973997897545e-06,0.0,0.0,0.0,0.0,0.013888888888888888,0.0,0.0,1.0
3.0,1.3502121680455751e-06,0.0,0.0,0.0,0.0,0.013888888888888888,0.0,0.0,1.0
4.0,1.9070660000542267e-08,0.0,0.0,0.0,0.0,0.013888888888888888,0.0,0.0,0.0
1.0,100.0,0.00020411707195251163,0.0,0.0,0.0,0.013888888888888888,0.0,0.0,1.0
2.0,1.4245152297797814e-06,0.0,0.0,0.0,0.0,0.013888888888888888,0.0,0.0,1.0
3.0,1.3468355182324117e-06,0.0,0.0,0.0,0.0,0.013888888888888888,0.0,0.0,1.0
4.0,1.9031807020766663e-08,0.0,0.0,0.0,0.0,0.013888888888888888,0.0,0.0,0.0
1.0,100.0,0.00020411749762571177,0.0,0.0,0.0,0.013888888888888888,0.0,0.0,1.0
2.0,1.4193489168604649e-06,0.0,0.0,0.0,0.0,0.013888888888888888,0.0,0.0,1.0
3.0,1.3434900966040363e-06,0.0,0.0,0.0,0.0,0.013888888888888888,0.0,0.0,1.0
4.0,1.8993131865433433e-08,0.0,0.0,0.0,0.0,0.013888888888888888,0.0,0.0,0.0
1.0,100.0,0.0002041179211189712,0.0,0.0,0.0,0.013888888888888888,0.0,0.0,1.0
2.0,1.4143737006638994e-06,0.0,0.0,0.0,0.0,0.013888888888888888,0.0,0.0,1.0
3.0,1.340172461541421e-06,0.0,0.0,0.0,0.0,0.013888888888888888,0.0,0.0,1.0
4.0,1.8956127254530918e-08,0.0,0.0,0.0,0.0,0.013888888888888888,0.0,0.0,0.0
1.0,100.0,0.00020411834244612057,0.0,0.0,0.0,0.013888888888888888,0.0,0.0,1.0
2.0,1.4095753716104043e-06,0.0,0.0,0.0,0.0,0.013888888888888888,0.0,0.0,1.0
3.0,1.3368779064899221e-06,0.0,0.0,0.0,0.0,0.013888888888888888,0.0,0.0,1.0
4.0,1.8917238465188744e-08,0.0,0.0,0.0,0.0,0.013888888888888888,0.0,0.0,0.0
1.0,100.0,0.00020411876162068518,0.0,0.0,0.0,0.013888888888888888,0.0,0.0,1.0
2.0,1.404937658485721e-06,0.0,0.0,0.0,0.0,0.013888888888888888,0.0,0.0,1.0
3.0,1.333613932331092e-06,0.0,0.0,0.0,0.0,0.013888888888888888,0.0,0.0,1.0
4.0,1.8880703302797126e-08,0.0,0.0,0.0,0.0,0.013888888888888888,0.0,0.0,0.0
1.0,100.0,0.00020411917865779489,0.0,0.0,0.0,0.013888888888888888,0.0,0.0,1.0
2.0,1.4004391039414255e-06,0.0,0.0,0.0,0.0,0.013888888888888888,0.0,0.0,1.0
3.0,1.3303646625618396e-06,0.0,0.0,0.0,0.0,0.013888888888888888,0.0,0.0,1.0
4.0,1.8844270023588713e-08,0.0,0.0,0.0,0.0,0.013888888888888888,0.0,0.0,0.0
1.0,100.0,0.0002041195935691738,0.0,0.0,0.0,0.013888888888888888,0.0,0.0,1.0
2.0,1.3960752905857673e-06,0.0,0.0,0.0,0.0,0.013888888888888888,0.0,0.0,1.0
3.0,1.3271400395653706e-06,0.0,0.0,0.0,0.0,0.013888888888888888,0.0,0.0,1.0
4.0,1.8804889986211025e-08,0.0,0.0,0.0,0.0,0.013888888888888888,0.0,0.0,0.0
1.0,100.0,0.00022306376254625389,0.0,0.0,0.0,0.013888888888888888,0.0,0.0,1.0
2.0,0.0002889253591096435,0.0,0.0,0.0,0.0,0.013888888888888888,0.0,0.0,1.0
3.0,0.0002782414182120881,0.0,0.0,0.0,0.0,0.013888888888888888,0.0,0.0,1.0
4.0,2.444477580066503e-06,0.0,0.0,0.0,0.0,0.013888888888888888,0.0,0.0,0.0
1.0,100.0,0.00017653876259228273,0.0,0.0,0.0,0.013888888888888888,0.0,0.0,1.0
2.0,1.2707233958436627e-05,0.0,0.0,0.0,0.0,0.013888888888888888,0.0,0.0,1.0
3.0,1.1333794931816387e-05,0.0,0.0,0.0,0.0,0.013888888888888888,0.0,0.0,1.0
4.0,1.1052646152270427e-07,0.0,0.0,0.0,0.0,0.013888888888888888,0.0,0.0,0.0
1.0,100.0,0.0001880408283812383,0.0,0.0,0.0,0.013888888888888888,0.0,0.0,1.0
2.0,1.864578781044973e-06,0.0,0.0,0.0,0.0,0.013888888888888888,0.0,0.0,1.0
3.0,8.465656242898006e-07,0.0,0.0,0.0,0.0,0.013888888888888888,0.0,0.0,1.0
4.0,6.586821264335706e-09,0.0,0.0,0.0,0.0,0.013888888888888888,0.0,0.0,0.0
1.0,100.0,0.0001881151467531432,0.0,0.0,0.0,0.013888888888888888,0.0,0.0,1.0
2.0,1.2223724948010074e-06,0.0,0.0,0.0,0.0,0.013888888888888888,0.0,0.0,1.0
3.0,5.005759417820476e-07,0.0,0.0,0.0,0.0,0.013888888888888888,0.0,0.0,1.0
4.0,1.5376186330049518e-09,0.0,0.0,0.0,0.0,0.013888888888888888,0.0,0.0,0.0
1.0,100.0,0.00018818842334152733,0.0,0.0,0.0,0.013888888888888888,0.0,0.0,1.0
2.0,9.081277963826605e-07,0.0,0.0,0.0,0.0,0.013888888888888888,0.0,0.0,1.0
3.0,2.978418973248215e-07,0.0,0.0,0.0,0.0,0.013888888888888888,0.0,0.0,1.0
4.0,4.608244883625332e-09,0.0,0.0,0.0,0.0,0.013888888888888888,0.0,0.0,0.0
1.0,100.0,0.00018826069230829586,0.0,0.0,0.0,0.013888888888888888,0.0,0.0,1.0
2.0,6.703568969461003e-07,0.0,0.0,0.0,0.0,0.013888888888888888,0.0,0.0,1.0
3.0,2.4047683889055875e-07,0.0,0.0,0.0,0.0,0.013888888888888888,0.0,0.0,1.0
4.0,8.02222953846191e-09,0.0,0.0,0.0,0.0,0.013888888888888888,0.0,0.0,0.0
1.0,100.0,0.00018833198730855408,0.0,0.0,0.0,0.013888888888888888,0.0,0.0,1.0
2.0,4.7026396627454854e-07,0.0,0.0,0.0,0.0,0.013888888888888888,0.0,0.0,1.0
3.0,5.220139213063273e-07,0.0,0.0,0.0,0.0,0.013888888888888888,0.0,0.0,1.0
4.0,1.0987277672500376e-08,0.0,0.0,0.0,0.0,0.013888888888888888,0.0,0.0,0.0
1.0,100.0,0.0001884023398757394,0.0,0.0,0.0,0.013888888888888888,0.0,0.0,1.0
2.0,4.391445918562402e-07,0.0,0.0,0.0,0.0,0.013888888888888888,0.0,0.0,1.0
3.0,7.890980956755271e-07,0.0,0.0,0.0,0.0,0.013888888888888888,0.0,0.0,1.0
4.0,1.3725359202533045e-08,0.0,0.0,0.0,0.0,0.013888888888888888,0.0,0.0,0.0
1.0,100.0,0.00018847177963160947,0.0,0.0,0.0,0.013888888888888888,0.0,0.0,1.0
2.0,7.540120641226743e-07,0.0,0.0,0.0,0.0,0.013888888888888888,0.0,0.0,1.0
3.0,1.0455269078297097e-06,0.0,0.0,0.0,0.0,0.013888888888888888,0.0,0.0,1.0
4.0,1.633701479964456e-08,0.0,0.0,0.0,0.0,0.013888888888888888,0.0,0.0,0.0
1.0,100.0,0.0001885403344613343,0.0,0.0,0.0,0.013888888888888888,0.0,0.0,1.0
2.0,1.0516614698656608e-06,0.0,0.0,0.0,0.0,0.013888888888888888,0.0,0.0,1.0
3.0,1.2935094754213946e-06,0.0,0.0,0.0,0.0,0.013888888888888888,0.0,0.0,1.0
4.0,1.8878707082644547e-08,0.0,0.0,0.0,0.0,0.013888888888888888,0.0,0.0,0.0
1.0,100.0,0.0001886080306803515,0.0,0.0,0.0,0.013888888888888888,0.0,0.0,1.0
2.0,1.3358304456109903e-06,0.0,0.0,0.0,0.0,0.013888888888888888,0.0,0.0,1.0
3.0,1.5344234824449237e-06,0.0,0.0,0.0,0.0,0.013888888888888888,0.0,0.0,1.0
4.0,2.1384568651440232e-08,0.0,0.0,0.0,0.0,0.013888888888888888,0.0,0.0,0.0
1.0,100.0,0.00018867489317547613,0.0,0.0,0.0,0.013888888888888888,0.0,0.0,1.0
2.0,1.6089866009868851e-06,0.0,0.0,0.0,0.0,0.013888888888888888,0.0,0.0,1.0
3.0,1.7691360887411114e-06,0.0,0.0,0.0,0.0,0.013888888888888888,0.0,0.0,1.0
4.0,2.3866035757631384e-08,0.0,0.0,0.0,0.0,0.013888888888888888,0.0,0.0,0.0
1.0,100.0,0.00018874094552605216,0.0,0.0,0.0,0.013888888888888888,0.0,0.0,1.0
2.0,1.8728212220742132e-06,0.0,0.0,0.0,0.0,0.013888888888888888,0.0,0.0,1.0
3.0,1.9982508229884363e-06,0.0,0.0,0.0,0.0,0.013888888888888888,0.0,0.0,1.0
4.0,2.6333216100656476e-08,0.0,0.0,0.0,0.0,0.013888888888888888,0.0,0.0,0.0
1.0,100.0,0.0001888062101181227,0.0,0.0,0.0,0.013888888888888888,0.0,0.0,1.0
2.0,2.1285062269491093e-06,0.0,0.0,0.0,0.0,0.013888888888888888,0.0,0.0,1.0
3.0,2.2221771302134103e-06,0.0,0.0,0.0,0.0,0.013888888888888888,0.0,0.0,1.0
4.0,2.8796596702335533e-08,0.0,0.0,0.0,0.0,0.013888888888888888,0.0,0.0,0.0
1.0,100.0,0.00018887070824068322,0.0,0.0,0.0,0.013888888888888888,0.0,0.0,1.0
2.0,2.3768923765994363e-06,0.0,0.0,0.0,0.0,0.013888888888888888,0.0,0.0,1.0
3.0,2.441216388485032e-06,0.0,0.0,0.0,0.0,0.013888888888888888,0.0,0.0,1.0
4.0,3.1255595038327115e-08,0.0,0.0,0.0,0.0,0.013888888888888888,0.0,0.0,0.0
1.0,100.0,0.00018893446017218386,0.0,0.0,0.0,0.013888888888888888,0.0,0.0,1.0
2.0,2.6186072364826307e-06,0.0,0.0,0.0,0.0,0.013888888888888888,0.0,0.0,1.0
3.0,2.655592538643327e-06,0.0,0.0,0.0,0.0,0.013888888888888888,0.0,0.0,1.0
4.0,3.3710881019960055e-08,0.0,0.0,0.0,0.0,0.013888888888888888,0.0,0.0,0.0
1.0,100.0,0.00018899748526214855,0.0,0.0,0.0,0.013888888888888888,0.0,0.0,1.0
2.0,2.8541308322497552e-06,0.0,0.0,0.0,0.0,0.013888888888888888,0.0,0.0,1.0
3.0,2.865492213645462e-06,0.0,0.0,0.0,0.0,0.013888888888888888,0.0,0.0,1.0
4.0,3.616399744243693e-08,0.0,0.0,0.0,0.0,0.013888888888888888,0.0,0.0,0.0
1.0,100.0,0.00018905980199741053,0.0,0.0,0.0,0.013888888888888888,0.0,0.0,1.0
2.0,3.0838330987675944e-06,0.0,0.0,0.0,0.0,0.013888888888888888,0.0,0.0,1.0
3.0,3.0710565672184077e-06,0.0,0.0,0.0,0.0,0.013888888888888888,0.0,0.0,1.0
4.0,3.8614880472171396e-08,0.0,0.0,0.0,0.0,0.013888888888888888,0.0,0.0,0.0
1.0,100.0,0.00018912142806648335,0.0,0.0,0.0,0.013888888888888888,0.0,0.0,1.0
2.0,3.308012782786187e-06,0.0,0.0,0.0,0.0,0.013888888888888888,0.0,0.0,1.0
3.0,3.2724080937648693e-06,0.0,0.0,0.0,0.0,0.013888888888888888,0.0,0.0,1.0
4.0,4.1066046963483295e-08,0.0,0.0,0.0,0.0,0.013888888888888888,0.0,0.0,0.0
1.0,100.0,0.00018918238041409303,0.0,0.0,0.0,0.013888888888888888,0.0,0.0,1.0
2.0,3.5269231374365655e-06,0.0,0.0,0.0,0.0,0.013888888888888888,0.0,0.0,1.0
3.0,3.469650780548972e-06,0.0,0.0,0.0,0.0,0.013888888888888888,0.0,0.0,1.0
4.0,4.3512499452625836e-08,0.0,0.0,0.0,0.0,0.013888888888888888,0.0,0.0,0.0
1.0,100.0,0.00018924267529416992,0.0,0.0,0.0,0.013888888888888888,0.0,0.0,1.0
2.0,3.740777008687859e-06,0.0,0.0,0.0,0.0,0.013888888888888888,0.0,0.0,1.0
3.0,3.6628901460285774e-06,0.0,0.0,0.0,0.0,0.013888888888888888,0.0,0.0,1.0
4.0,4.595846261090603e-08,0.0,0.0,0.0,0.0,0.013888888888888888,0.0,0.0,0.0
1.0,100.0,0.00018930232831743425,0.0,0.0,0.0,0.013888888888888888,0.0,0.0,1.0
2.0,3.949752427684327e-06,0.0,0.0,0.0,0.0,0.013888888888888888,0.0,0.0,1.0
3.0,3.852203170308353e-06,0.0,0.0,0.0,0.0,0.013888888888888888,0.0,0.0,1.0
4.0,4.839911617653671e-08,0.0,0.0,0.0,0.0,0.013888888888888888,0.0,0.0,0.0
1.0,100.0,0.00018936135448733776,0.0,0.0,0.0,0.013888888888888888,0.0,0.0,1.0
2.0,4.154020150751081e-06,0.0,0.0,0.0,0.0,0.013888888888888888,0.0,0.0,1.0
3.0,4.037674715383264e-06,0.0,0.0,0.0,0.0,0.013888888888888888,0.0,0.0,1.0
4.0,5.08350162910372e-08,0.0,0.0,0.0,0.0,0.013888888888888888,0.0,0.0,0.0
1.0,100.0,0.0001894197682442609,0.0,0.0,0.0,0.013888888888888888,0.0,0.0,1.0
2.0,4.353725962115692e-06,0.0,0.0,0.0,0.0,0.013888888888888888,0.0,0.0,1.0
3.0,4.219377879370808e-06,0.0,0.0,0.0,0.0,0.013888888888888888,0.0,0.0,1.0
4.0,5.326501134978502e-08,0.0,0.0,0.0,0.0,0.013888888888888888,0.0,0.0,0.0
1.0,100.0,0.0001894775834954993,0.0,0.0,0.0,0.013888888888888888,0.0,0.0,1.0
2.0,4.5490092445435275e-06,0.0,0.0,0.0,0.0,0.013888888888888888,0.0,0.0,1.0
3.0,4.3973896826241575e-06,0.0,0.0,0.0,0.0,0.013888888888888888,0.0,0.0,1.0
4.0,5.5688303987801104e-08,0.0,0.0,0.0,0.0,0.013888888888888888,0.0,0.0,0.0
1.0,100.0,0.00018953481365381754,0.0,0.0,0.0,0.013888888888888888,0.0,0.0,1.0
2.0,4.7399958575342474e-06,0.0,0.0,0.0,0.0,0.013888888888888888,0.0,0.0,1.0
3.0,4.571782073484928e-06,0.0,0.0,0.0,0.0,0.013888888888888888,0.0,0.0,1.0
4.0,5.810519740676829e-08,0.0,0.0,0.0,0.0,0.013888888888888888,0.0,0.0,0.0
1.0,100.0,0.00018959147165757679,0.0,0.0,0.0,0.013888888888888888,0.0,0.0,1.0
2.0,4.926800895241336e-06,0.0,0.0,0.0,0.0,0.013888888888888888,0.0,0.0,1.0
3.0,4.74261871531416e-06,0.0,0.0,0.0,0.0,0.013888888888888888,0.0,0.0,1.0
4.0,6.05140594076883e-08,0.0,0.0,0.0,0.0,0.013888888888888888,0.0,0.0,0.0
1.0,100.0,0.0001896475700028879,0.0,0.0,0.0,0.013888888888888888,0.0,0.0,1.0
2.0,5.109532658662351e-06,0.0,0.0,0.0,0.0,0.013888888888888888,0.0,0.0,1.0
3.0,4.909967927235097e-06,0.0,0.0,0.0,0.0,0.013888888888888888,0.0,0.0,1.0
4.0,6.291306810449643e-08,0.0,0.0,0.0,0.0,0.013888888888888888,0.0,0.0,0.0
1.0,100.0,0.00018970312077045133,0.0,0.0,0.0,0.013888888888888888,0.0,0.0,1.0
2.0,5.288295312130466e-06,0.0,0.0,0.0,0.0,0.013888888888888888,0.0,0.0,1.0
3.0,5.0738959922698966e-06,0.0,0.0,0.0,0.0,0.013888888888888888,0.0,0.0,1.0
4.0,6.530347551282296e-08,0.0,0.0,0.0,0.0,0.013888888888888888,0.0,0.0,0.0
1.0,100.0,0.00018975813563807688,0.0,0.0,0.0,0.013888888888888888,0.0,0.0,1.0
2.0,5.4631820526181835e-06,0.0,0.0,0.0,0.0,0.013888888888888888,0.0,0.0,1.0
3.0,5.23446205958253e-06,0.0,0.0,0.0,0.0,0.013888888888888888,0.0,0.0,1.0
4.0,6.768429467483667e-08,0.0,0.0,0.0,0.0,0.013888888888888888,0.0,0.0,0.0
1.0,100.0,0.0001898126259129575,0.0,0.0,0.0,0.013888888888888888,0.0,0.0,1.0
2.0,5.6342835977137516e-06,0.0,0.0,0.0,0.0,0.013888888888888888,0.0,0.0,1.0
3.0,5.391719662557426e-06,0.0,0.0,0.0,0.0,0.013888888888888888,0.0,0.0,1.0
4.0,7.005280571107118e-08,0.0,0.0,0.0,0.0,0.013888888888888888,0.0,0.0,0.0
1.0,100.0,0.00018986660254648863,0.0,0.0,0.0,0.013888888888888888,0.0,0.0,1.0
2.0,5.801691765333245e-06,0.0,0.0,0.0,0.0,0.013888888888888888,0.0,0.0,1.0
3.0,5.5457327328911725e-06,0.0,0.0,0.0,0.0,0.013888888888888888,0.0,0.0,1.0
4.0,7.241223399137137e-08,0.0,0.0,0.0,0.0,0.013888888888888888,0.0,0.0,0.0
1.0,100.0,0.00018992007614943883,0.0,0.0,0.0,0.013888888888888888,0.0,0.0,1.0
2.0,5.965492731552865e-06,0.0,0.0,0.0,0.0,0.013888888888888888,0.0,0.0,1.0
3.0,5.6965591814988955e-06,0.0,0.0,0.0,0.0,0.013888888888888888,0.0,0.0,1.0
4.0,7.475534393351599e-08,0.0,0.0,0.0,0.0,0.013888888888888888,0.0,0.0,0.0
1.0,100.0,0.00018997305701212312,0.0,0.0,0.0,0.013888888888888888,0.0,0.0,1.0
2.0,6.12576429849673e-06,0.0,0.0,0.0,0.0,0.013888888888888888,0.0,0.0,1.0
3.0,5.844252365939529e-06,0.0,0.0,0.0,0.0,0.013888888888888888,0.0,0.0,1.0
4.0,7.708878888011583e-08,0.0,0.0,0.0,0.0,0.013888888888888888,0.0,0.0,0.0
1.0,100.0,0.0001900255551171525,0.0,0.0,0.0,0.013888888888888888,0.0,0.0,1.0
2.0,6.282584850026471e-06,0.0,0.0,0.0,0.0,0.013888888888888888,0.0,0.0,1.0
3.0,5.9888650622861e-06,0.0,0.0,0.0,0.0,0.013888888888888888,0.0,0.0,1.0
4.0,7.940841975000382e-08,0.0,0.0,0.0,0.0,0.013888888888888888,0.0,0.0,0.0
1.0,100.0,0.000190077580161047,0.0,0.0,0.0,0.013888888888888888,0.0,0.0,1.0
2.0,6.43603366784423e-06,0.0,0.0,0.0,0.0,0.013888888888888888,0.0,0.0,1.0
3.0,6.130508889635982e-06,0.0,0.0,0.0,0.0,0.013888888888888888,0.0,0.0,1.0
4.0,8.17122632090092e-08,0.0,0.0,0.0,0.0,0.013888888888888888,0.0,0.0,0.0
1.0,100.0,0.0001901291415592032,0.0,0.0,0.0,0.013888888888888888,0.0,0.0,1.0
2.0,6.586124284783622e-06,0.0,0.0,0.0,0.0,0.013888888888888888,0.0,0.0,1.0
3.0,6.269162589798728e-06,0.0,0.0,0.0,0.0,0.013888888888888888,0.0,0.0,1.0
4.0,8.400257069925057e-08,0.0,0.0,0.0,0.0,0.013888888888888888,0.0,0.0,0.0
1.0,100.0,0.00019017624987325272,0.0,0.0,0.0,0.013888888888888888,0.0,0.0,1.0
2.0,1.5748934235778672e-06,0.0,0.0,0.0,0.0,0.013888888888888888,0.0,0.0,1.0
3.0,1.4241589126438084e-06,0.0,0.0,0.0,0.0,0.013888888888888888,0.0,0.0,1.0
4.0,2.1287253456038084e-08,0.0,0.0,0.0,0.0,0.013888888888888888,0.0,0.0,0.0
1.0,100.0,0.0001904809929574092,0.0,0.0,0.0,0.013888888888888888,0.0,0.0,1.0
2.0,1.3663201244463047e-06,0.0,0.0,0.0,0.0,0.013888888888888888,0.0,0.0,1.0
3.0,1.2347085490741075e-06,0.0,0.0,0.0,0.0,0.013888888888888888,0.0,0.0,1.0
4.0,1.862265357776609e-08,0.0,0.0,0.0,0.0,0.013888888888888888,0.0,0.0,0.0
1.0,100.0,0.0001904819570422462,0.0,0.0,0.0,0.013888888888888888,0.0,0.0,1.0
2.0,1.3434359466810982e-06,0.0,0.0,0.0,0.0,0.013888888888888888,0.0,0.0,1.0
3.0,1.2254322604998927e-06,0.0,0.0,0.0,0.0,0.013888888888888888,0.0,0.0,1.0
4.0,1.8399530651854803e-08,0.0,0.0,0.0,0.0,0.013888888888888888,0.0,0.0,0.0
1.0,100.0,0.0001904829164728322,0.0,0.0,0.0,0.013888888888888888,0.0,0.0,1.0
2.0,1.3273499785861873e-06,0.0,0.0,0.0,0.0,0.013888888888888888,0.0,0.0,1.0
3.0,1.2193665233251117e-06,0.0,0.0,0.0,0.0,0.013888888888888888,0.0,0.0,1.0
4.0,1.8273184296468956e-08,0.0,0.0,0.0,0.0,0.013888888888888888,0.0,0.0,0.0
1.0,100.0,0.00019048387121265128,0.0,0.0,0.0,0.013888888888888888,0.0,0.0,1.0
2.0,1.3149159570828774e-06,0.0,0.0,0.0,0.0,0.013888888888888888,0.0,0.0,1.0
3.0,1.214625347887338e-06,0.0,0.0,0.0,0.0,0.013888888888888888,0.0,0.0,1.0
4.0,1.8188313835634436e-08,0.0,0.0,0.0,0.0,0.013888888888888888,0.0,0.0,0.0
1.0,100.0,0.00019048482129322333,0.0,0.0,0.0,0.013888888888888888,0.0,0.0,1.0
2.0,1.3048428401056309e-06,0.0,0.0,0.0,0.0,0.013888888888888888,0.0,0.0,1.0
3.0,1.2106525626722627e-06,0.0,0.0,0.0,0.0,0.013888888888888888,0.0,0.0,1.0
4.0,1.81250353099152e-08,0.0,0.0,0.0,0.0,0.013888888888888888,0.0,0.0,0.0
1.0,100.0,0.00019048576674060778,0.0,0.0,0.0,0.013888888888888888,0.0,0.0,1.0
2.0,1.2963818594645132e-06,0.0,0.0,0.0,0.0,0.013888888888888888,0.0,0.0,1.0
3.0,1.2071579645051883e-06,0.0,0.0,0.0,0.0,0.013888888888888888,0.0,0.0,1.0
4.0,1.807444394197661e-08,0.0,0.0,0.0,0.0,0.013888888888888888,0.0,0.0,0.0
1.0,100.0,0.00019048670758696959,0.0,0.0,0.0,0.013888888888888888,0.0,0.0,1.0
2.0,1.2890673182870149e-06,0.0,0.0,0.0,0.0,0.013888888888888888,0.0,0.0,1.0
3.0,1.203976574226332e-06,0.0,0.0,0.0,0.0,0.013888888888888888,0.0,0.0,1.0
4.0,1.8030645427235088e-08,0.0,0.0,0.0,0.0,0.013888888888888888,0.0,0.0,0.0
1.0,100.0,0.00019048764386024212,0.0,0.0,0.0,0.013888888888888888,0.0,0.0,1.0
2.0,1.2825939845655675e-06,0.0,0.0,0.0,0.0,0.013888888888888888,0.0,0.0,1.0
3.0,1.2010105528438288e-06,0.0,0.0,0.0,0.0,0.013888888888888888,0.0,0.0,1.0
4.0,1.7993209625194087e-08,0.0,0.0,0.0,0.0,0.013888888888888888,0.0,0.0,0.0
1.0,100.0,0.00019048857558950742,0.0,0.0,0.0,0.013888888888888888,0.0,0.0,1.0
2.0,1.2767581466616928e-06,0.0,0.0,0.0,0.0,0.013888888888888888,0.0,0.0,1.0
3.0,1.1981899651867146e-06,0.0,0.0,0.0,0.0,0.013888888888888888,0.0,0.0,1.0
4.0,1.7957203642260352e-08,0.0,0.0,0.0,0.0,0.013888888888888888,0.0,0.0,0.0
1.0,100.0,0.0001904895028023301,0.0,0.0,0.0,0.013888888888888888,0.0,0.0,1.0
2.0,1.2714158340434423e-06,0.0,0.0,0.0,0.0,0.013888888888888888,0.0,0.0,1.0
3.0,1.1954775349380918e-06,0.0,0.0,0.0,0.0,0.013888888888888888,0.0,0.0,1.0
4.0,1.7922576863343988e-08,0.0,0.0,0.0,0.0,0.013888888888888888,0.0,0.0,0.0
1.0,100.0,0.0001904904255276117,0.0,0.0,0.0,0.013888888888888888,0.0,0.0,1.0
2.0,1.266469623899551e-06,0.0,0.0,0.0,0.0,0.013888888888888888,0.0,0.0,1.0
3.0,1.1928422852424753e-06,0.0,0.0,0.0,0.0,0.013888888888888888,0.0,0.0,1.0
4.0,1.789098616632171e-08,0.0,0.0,0.0,0.0,0.013888888888888888,0.0,0.0,0.0
1.0,100.0,0.00019049134379293256,0.0,0.0,0.0,0.013888888888888888,0.0,0.0,1.0
2.0,1.2618460632986753e-06,0.0,0.0,0.0,0.0,0.013888888888888888,0.0,0.0,1.0
3.0,1.1902702640817255e-06,0.0,0.0,0.0,0.0,0.013888888888888888,0.0,0.0,1.0
4.0,1.7862456802390517e-08,0.0,0.0,0.0,0.0,0.013888888888888888,0.0,0.0,0.0
1.0,100.0,0.00019049225762544756,0.0,0.0,0.0,0.013888888888888888,0.0,0.0,1.0
2.0,1.2574866253186124e-06,0.0,0.0,0.0,0.0,0.013888888888888888,0.0,0.0,1.0
3.0,1.1877365286201544e-06,0.0,0.0,0.0,0.0,0.013888888888888888,0.0,0.0,1.0
4.0,1.783072798166148e-08,0.0,0.0,0.0,0.0,0.013888888888888888,0.0,0.0,0.0
1.0,100.0,0.00019049316705303053,0.0,0.0,0.0,0.013888888888888888,0.0,0.0,1.0
2.0,1.253360407190391e-06,0.0,0.0,0.0,0.0,0.013888888888888888,0.0,0.0,1.0
3.0,1.1852487428067429e-06,0.0,0.0,0.0,0.0,0.013888888888888888,0.0,0.0,1.0
4.0,1.7803350549620015e-08,0.0,0.0,0.0,0.0,0.013888888888888888,0.0,0.0,0.0
1.0,100.0,0.00019049407210364105,0.0,0.0,0.0,0.013888888888888888,0.0,0.0,1.0
2.0,1.24942440274738e-06,0.0,0.0,0.0,0.0,0.013888888888888888,0.0,0.0,1.0
3.0,1.1827855436321543e-06,0.0,0.0,0.0,0.0,0.013888888888888888,0.0,0.0,1.0
4.0,1.7774670853856075e-08,0.0,0.0,0.0,0.0,0.013888888888888888,0.0,0.0,0.0
1.0,100.0,0.0001904949728026105,0.0,0.0,0.0,0.013888888888888888,0.0,0.0,1.0
2.0,1.2456604721998544e-06,0.0,0.0,0.0,0.0,0.013888888888888888,0.0,0.0,1.0
3.0,1.1803482839240889e-06,0.0,0.0,0.0,0.0,0.013888888888888888,0.0,0.0,1.0
4.0,1.774476479746928e-08,0.0,0.0,0.0,0.0,0.013888888888888888,0.0,0.0,0.0
1.0,100.0,0.00019049586917808812,0.0,0.0,0.0,0.013888888888888888,0.0,0.0,1.0
2.0,1.2420460999929754e-06,0.0,0.0,0.0,0.0,0.013888888888888888,0.0,0.0,1.0
3.0,1.1779366343392542e-06,0.0,0.0,0.0,0.0,0.013888888888888888,0.0,0.0,1.0
4.0,1.7717945273039094e-08,0.0,0.0,0.0,0.0,0.013888888888888888,0.0,0.0,0.0
1.0,100.0,0.00019049676125579087,0.0,0.0,0.0,0.013888888888888888,0.0,0.0,1.0
2.0,1.2385615155470782e-06,0.0,0.0,0.0,0.0,0.013888888888888888,0.0,0.0,1.0
3.0,1.1755386043860777e-06,0.0,0.0,0.0,0.0,0.013888888888888888,0.0,0.0,1.0
4.0,1.768886226905393e-08,0.0,0.0,0.0,0.0,0.013888888888888888,0.0,0.0,0.0
1.0,100.0,0.00019049764906212564,0.0,0.0,0.0,0.013888888888888888,0.0,0.0,1.0
2.0,1.2351968770379698e-06,0.0,0.0,0.0,0.0,0.013888888888888888,0.0,0.0,1.0
3.0,1.1731636162131552e-06,0.0,0.0,0.0,0.0,0.013888888888888888,0.0,0.0,1.0
4.0,1.766122156698722e-08,0.0,0.0,0.0,0.0,0.013888888888888888,0.0,0.0,0.0
1.0,100.0,0.0001904985326228058,0.0,0.0,0.0,0.013888888888888888,0.0,0.0,1.0
2.0,1.2319331227621644e-06,0.0,0.0,0.0,0.0,0.013888888888888888,0.0,0.0,1.0
3.0,1.1707992241674834e-06,0.0,0.0,0.0,0.0,0.013888888888888888,0.0,0.0,1.0
4.0,1.7634454004958253e-08,0.0,0.0,0.0,0.0,0.013888888888888888,0.0,0.0,0.0
1.0,100.0,0.00019049941196495041,0.0,0.0,0.0,0.013888888888888888,0.0,0.0,1.0
2.0,1.2287672157589508e-06,0.0,0.0,0.0,0.0,0.013888888888888888,0.0,0.0,1.0
3.0,1.1684515493587231e-06,0.0,0.0,0.0,0.0,0.013888888888888888,0.0,0.0,1.0
4.0,1.760425941875674e-08,0.0,0.0,0.0,0.0,0.013888888888888888,0.0,0.0,0.0
1.0,100.0,0.0001905002871132676,0.0,0.0,0.0,0.013888888888888888,0.0,0.0,1.0
2.0,1.2256845214257963e-06,0.0,0.0,0.0,0.0,0.013888888888888888,0.0,0.0,1.0
3.0,1.1661173157356112e-06,0.0,0.0,0.0,0.0,0.013888888888888888,0.0,0.0,1.0
4.0,1.757987048741319e-08,0.0,0.0,0.0,0.0,0.013888888888888888,0.0,0.0,0.0
1.0,100.0,0.00019050115809303328,0.0,0.0,0.0,0.013888888888888888,0.0,0.0,1.0
2.0,1.2226788665358542e-06,0.0,0.0,0.0,0.0,0.013888888888888888,0.0,0.0,1.0
3.0,1.1637943096889514e-06,0.0,0.0,0.0,0.0,0.013888888888888888,0.0,0.0,1.0
4.0,1.7552079832820796e-08,0.0,0.0,0.0,0.0,0.013888888888888888,0.0,0.0,0.0
1.0,100.0,0.00019050202492968695,0.0,0.0,0.0,0.013888888888888888,0.0,0.0,1.0
2.0,1.2197409287966766e-06,0.0,0.0,0.0,0.0,0.013888888888888888,0.0,0.0,1.0
3.0,1.161481557089762e-06,0.0,0.0,0.0,0.0,0.013888888888888888,0.0,0.0,1.0
4.0,1.752583260512653e-08,0.0,0.0,0.0,0.0,0.013888888888888888,0.0,0.0,0.0
1.0,100.0,0.00019050288764779647,0.0,0.0,0.0,0.013888888888888888,0.0,0.0,1.0
2.0,1.2168678614937126e-06,0.0,0.0,0.0,0.0,0.013888888888888888,0.0,0.0,1.0
3.0,1.1591819412457836e-06,0.0,0.0,0.0,0.0,0.013888888888888888,0.0,0.0,1.0
4.0,1.749885227285916e-08,0.0,0.0,0.0,0.0,0.013888888888888888,0.0,0.0,0.0
1.0,100.0,0.00019050374627323918,0.0,0.0,0.0,0.013888888888888888,0.0,0.0,1.0
2.0,1.2140494572914358e-06,0.0,0.0,0.0,0.0,0.013888888888888888,0.0,0.0,1.0
3.0,1.156890466200003e-06,0.0,0.0,0.0,0.0,0.013888888888888888,0.0,0.0,1.0
4.0,1.747298533748257e-08,0.0,0.0,0.0,0.0,0.013888888888888888,0.0,0.0,0.0
1.0,100.0,0.00019050460082981104,0.0,0.0,0.0,0.013888888888888888,0.0,0.0,1.0
2.0,1.2112832111620246e-06,0.0,0.0,0.0,0.0,0.013888888888888888,0.0,0.0,1.0
3.0,1.1546090161403208e-06,0.0,0.0,0.0,0.0,0.013888888888888888,0.0,0.0,1.0
4.0,1.7445512643636043e-08,0.0,0.0,0.0,0.0,0.013888888888888888,0.0,0.0,0.0
1.0,100.0,0.00019050545134231483,0.0,0.0,0.0,0.013888888888888888,0.0,0.0,1.0
2.0,1.2085636081177438e-06,0.0,0.0,0.0,0.0,0.013888888888888888,0.0,0.0,1.0
3.0,1.1523370090375552e-06,0.0,0.0,0.0,0.0,0.013888888888888888,0.0,0.0,1.0
4.0,1.7419267161641012e-08,0.0,0.0,0.0,0.0,0.013888888888888888,0.0,0.0,0.0
1.0,100.0,0.00019050629783409534,0.0,0.0,0.0,0.013888888888888888,0.0,0.0,1.0
2.0,1.2058857782735466e-06,0.0,0.0,0.0,0.0,0.013888888888888888,0.0,0.0,1.0
3.0,1.1500699422912254e-06,0.0,0.0,0.0,0.0,0.013888888888888888,0.0,0.0,1.0
4.0,1.7393705050451597e-08,0.0,0.0,0.0,0.0,0.013888888888888888,0.0,0.0,0.0
1.0,100.0,0.00019050714032957546,0.0,0.0,0.0,0.013888888888888888,0.0,0.0,1.0
2.0,1.2032488356359381e-06,0.0,0.0,0.0,0.0,0.013888888888888888,0.0,0.0,1.0
3.0,1.1478158212517769e-06,0.0,0.0,0.0,0.0,0.013888888888888888,0.0,0.0,1.0
4.0,1.7365904845564e-08,0.0,0.0,0.0,0.0,0.013888888888888888,0.0,0.0,0.0
1.0,100.0,0.0001905079788535879,0.0,0.0,0.0,0.013888888888888888,0.0,0.0,1.0
2.0,1.200644040488149e-06,0.0,0.0,0.0,0.0,0.013888888888888888,0.0,0.0,1.0
3.0,1.1455650213082371e-06,0.0,0.0,0.0,0.0,0.013888888888888888,0.0,0.0,1.0
4.0,1.7341241520291183e-08,0.0,0.0,0.0,0.0,0.013888888888888888,0.0,0.0,0.0
1.0,100.0,0.00019050881342799102,0.0,0.0,0.0,0.013888888888888888,0.0,0.0,1.0
2.0,1.1980737951673675e-06,0.0,0.0,0.0,0.0,0.013888888888888888,0.0,0.0,1.0
3.0,1.143323005742034e-06,0.0,0.0,0.0,0.0,0.013888888888888888,0.0,0.0,1.0
4.0,1.731354335713058e-08,0.0,0.0,0.0,0.0,0.013888888888888888,0.0,0.0,0.0
1.0,100.0,0.0001905096440772473,0.0,0.0,0.0,0.013888888888888888,0.0,0.0,1.0
2.0,1.1955336979838304e-06,0.0,0.0,0.0,0.0,0.013888888888888888,0.0,0.0,1.0
3.0,1.1410897237262787e-06,0.0,0.0,0.0,0.0,0.013888888888888888,0.0,0.0,1.0
4.0,1.728743912985429e-08,0.0,0.0,0.0,0.0,0.013888888888888888,0.0,0.0,0.0
1.0,100.0,0.0001905104708238676,0.0,0.0,0.0,0.013888888888888888,0.0,0.0,1.0
2.0,1.1930197520253076e-06,0.0,0.0,0.0,0.0,0.013888888888888888,0.0,0.0,1.0
3.0,1.1388612165873025e-06,0.0,0.0,0.0,0.0,0.013888888888888888,0.0,0.0,1.0
4.0,1.7261562965494858e-08,0.0,0.0,0.0,0.0,0.013888888888888888,0.0,0.0,0.0
1.0,100.0,0.00020193869728514713,0.0,0.0,0.0,0.013888888888888888,0.0,0.0,1.0
2.0,0.00018207620911859978,0.0,0.0,0.0,0.0,0.013888888888888888,0.0,0.0,1.0
3.0,0.00017483299013786223,0.0,0.0,0.0,0.0,0.013888888888888888,0.0,0.0,1.0
4.0,1.4607958494347853e-06,0.0,0.0,0.0,0.0,0.013888888888888888,0.0,0.0,0.0
1.0,100.0,0.00017449977632564567,0.0,0.0,0.0,0.013888888888888888,0.0,0.0,1.0
2.0,7.705967260941161e-06,0.0,0.0,0.0,0.0,0.013888888888888888,0.0,0.0,1.0
3.0,6.597158436872492e-06,0.0,0.0,0.0,0.0,0.013888888888888888,0.0,0.0,1.0
4.0,5.284743241396822e-08,0.0,0.0,0.0,0.0,0.013888888888888888,0.0,0.0,0.0
1.0,100.0,0.00018152113713815568,0.0,0.0,0.0,0.013888888888888888,0.0,0.0,1.0
2.0,8.062901757510636e-07,0.0,0.0,0.0,0.0,0.013888888888888888,0.0,0.0,1.0
3.0,1.6001963366424034e-07,0.0,0.0,0.0,0.0,0.013888888888888888,0.0,0.0,1.0
4.0,2.9584752614448764e-09,0.0,0.0,0.0,0.0,0.013888888888888888,0.0,0.0,0.0
1.0,100.0,0.00018159052804914816,0.0,0.0,0.0,0.013888888888888888,0.0,0.0,1.0
2.0,5.477173414539981e-07,0.0,0.0,0.0,0.0,0.013888888888888888,0.0,0.0,1.0
3.0,3.8860687800127816e-07,0.0,0.0,0.0,0.0,0.013888888888888888,0.0,0.0,1.0
4.0,7.45481780118455e-09,0.0,0.0,0.0,0.0,0.013888888888888888,0.0,0.0,0.0
1.0,100.0,0.00018165921632866495,0.0,0.0,0.0,0.013888888888888888,0.0,0.0,1.0
2.0,3.9665136552340233e-07,0.0,0.0,0.0,0.0,0.013888888888888888,0.0,0.0,1.0
3.0,6.255190204170151e-07,0.0,0.0,0.0,0.0,0.013888888888888888,0.0,0.0,1.0
4.0,1.066049829963243e-08,0.0,0.0,0.0,0.0,0.013888888888888888,0.0,0.0,0.0
1.0,100.0,0.00018172722435812162,0.0,0.0,0.0,0.013888888888888888,0.0,0.0,1.0
2.0,4.0948726885566944e-07,0.0,0.0,0.0,0.0,0.013888888888888888,0.0,0.0,1.0
3.0,8.380467802322848e-07,0.0,0.0,0.0,0.0,0.013888888888888888,0.0,0.0,1.0
4.0,1.3218735779269956e-08,0.0,0.0,0.0,0.0,0.013888888888888888,0.0,0.0,0.0
1.0,100.0,0.00018179457396601053,0.0,0.0,0.0,0.013888888888888888,0.0,0.0,1.0
2.0,6.837730158608118e-07,0.0,0.0,0.0,0.0,0.013888888888888888,0.0,0.0,1.0
3.0,1.0356788212471145e-06,0.0,0.0,0.0,0.0,0.013888888888888888,0.0,0.0,1.0
4.0,1.5421555850345717e-08,0.0,0.0,0.0,0.0,0.013888888888888888,0.0,0.0,0.0
1.0,100.0,0.00018186128556543438,0.0,0.0,0.0,0.013888888888888888,0.0,0.0,1.0
2.0,9.332196554658151e-07,0.0,0.0,0.0,0.0,0.013888888888888888,0.0,0.0,1.0
3.0,1.2230112825501054e-06,0.0,0.0,0.0,0.0,0.013888888888888888,0.0,0.0,1.0
4.0,1.7420124795909638e-08,0.0,0.0,0.0,0.0,0.013888888888888888,0.0,0.0,0.0
1.0,100.0,0.00018192737830025356,0.0,0.0,0.0,0.013888888888888888,0.0,0.0,1.0
2.0,1.1647937382727594e-06,0.0,0.0,0.0,0.0,0.013888888888888888,0.0,0.0,1.0
3.0,1.4026830970892069e-06,0.0,0.0,0.0,0.0,0.013888888888888888,0.0,0.0,1.0
4.0,1.929846142511372e-08,0.0,0.0,0.0,0.0,0.013888888888888888,0.0,0.0,0.0
1.0,100.0,0.00018199287017247055,0.0,0.0,0.0,0.013888888888888888,0.0,0.0,1.0
2.0,1.3829280242217896e-06,0.0,0.0,0.0,0.0,0.013888888888888888,0.0,0.0,1.0
3.0,1.5763072169864368e-06,0.0,0.0,0.0,0.0,0.013888888888888888,0.0,0.0,1.0
4.0,2.1106979182856015e-08,0.0,0.0,0.0,0.0,0.013888888888888888,0.0,0.0,0.0
1.0,100.0,0.0001820577781477314,0.0,0.0,0.0,0.013888888888888888,0.0,0.0,1.0
2.0,1.59053499896331e-06,0.0,0.0,0.0,0.0,0.013888888888888888,0.0,0.0,1.0
3.0,1.74489340792425e-06,0.0,0.0,0.0,0.0,0.013888888888888888,0.0,0.0,1.0
4.0,2.287117553206573e-08,0.0,0.0,0.0,0.0,0.013888888888888888,0.0,0.0,0.0
1.0,100.0,0.00018212211825636282,0.0,0.0,0.0,0.013888888888888888,0.0,0.0,1.0
2.0,1.7895861860492696e-06,0.0,0.0,0.0,0.0,0.013888888888888888,0.0,0.0,1.0
3.0,1.9091192916431393e-06,0.0,0.0,0.0,0.0,0.013888888888888888,0.0,0.0,1.0
4.0,2.4610856252503944e-08,0.0,0.0,0.0,0.0,0.013888888888888888,0.0,0.0,0.0
1.0,100.0,0.00018218590567674933,0.0,0.0,0.0,0.013888888888888888,0.0,0.0,1.0
2.0,1.9814385772762647e-06,0.0,0.0,0.0,0.0,0.013888888888888888,0.0,0.0,1.0
3.0,2.0694436588302602e-06,0.0,0.0,0.0,0.0,0.013888888888888888,0.0,0.0,1.0
4.0,2.633396374983891e-08,0.0,0.0,0.0,0.0,0.013888888888888888,0.0,0.0,0.0
1.0,100.0,0.00018224915480989483,0.0,0.0,0.0,0.013888888888888888,0.0,0.0,1.0
2.0,2.1670493682219825e-06,0.0,0.0,0.0,0.0,0.013888888888888888,0.0,0.0,1.0
3.0,2.226176235186023e-06,0.0,0.0,0.0,0.0,0.013888888888888888,0.0,0.0,1.0
4.0,2.8046264994373273e-08,0.0,0.0,0.0,0.0,0.013888888888888888,0.0,0.0,0.0
1.0,100.0,0.00018231187934932716,0.0,0.0,0.0,0.013888888888888888,0.0,0.0,1.0
2.0,2.3471189921808977e-06,0.0,0.0,0.0,0.0,0.013888888888888888,0.0,0.0,1.0
3.0,2.3795588659474947e-06,0.0,0.0,0.0,0.0,0.013888888888888888,0.0,0.0,1.0
4.0,2.975316009281062e-08,0.0,0.0,0.0,0.0,0.013888888888888888,0.0,0.0,0.0
1.0,100.0,0.0001823740923359489,0.0,0.0,0.0,0.013888888888888888,0.0,0.0,1.0
2.0,2.5221585973387905e-06,0.0,0.0,0.0,0.0,0.013888888888888888,0.0,0.0,1.0
3.0,2.5297574232626265e-06,0.0,0.0,0.0,0.0,0.013888888888888888,0.0,0.0,1.0
4.0,3.1459871997645636e-08,0.0,0.0,0.0,0.0,0.013888888888888888,0.0,0.0,0.0
1.0,100.0,0.00018243580621406165,0.0,0.0,0.0,0.013888888888888888,0.0,0.0,1.0
2.0,2.6925679811733996e-06,0.0,0.0,0.0,0.0,0.013888888888888888,0.0,0.0,1.0
3.0,2.676903137958182e-06,0.0,0.0,0.0,0.0,0.013888888888888888,0.0,0.0,1.0
4.0,3.31609242890674e-08,0.0,0.0,0.0,0.0,0.013888888888888888,0.0,0.0,0.0
1.0,100.0,0.00018249703287749174,0.0,0.0,0.0,0.013888888888888888,0.0,0.0,1.0
2.0,2.858654284912705e-06,0.0,0.0,0.0,0.0,0.013888888888888888,0.0,0.0,1.0
3.0,2.821107295896348e-06,0.0,0.0,0.0,0.0,0.013888888888888888,0.0,0.0,1.0
4.0,3.486237457622514e-08,0.0,0.0,0.0,0.0,0.013888888888888888,0.0,0.0,0.0
1.0,100.0,0.00018255778371153314,0.0,0.0,0.0,0.013888888888888888,0.0,0.0,1.0
2.0,3.0206684941829837e-06,0.0,0.0,0.0,0.0,0.013888888888888888,0.0,0.0,1.0
3.0,2.9624526259203763e-06,0.0,0.0,0.0,0.0,0.013888888888888888,0.0,0.0,1.0
4.0,3.6559189135554243e-08,0.0,0.0,0.0,0.0,0.013888888888888888,0.0,0.0,0.0
1.0,100.0,0.00018261806963140097,0.0,0.0,0.0,0.013888888888888888,0.0,0.0,1.0
2.0,3.1788207806789362e-06,0.0,0.0,0.0,0.0,0.013888888888888888,0.0,0.0,1.0
3.0,3.1010214014687036e-06,0.0,0.0,0.0,0.0,0.013888888888888888,0.0,0.0,1.0
4.0,3.825729904462344e-08,0.0,0.0,0.0,0.0,0.013888888888888888,0.0,0.0,0.0
1.0,100.0,0.0001826779011151018,0.0,0.0,0.0,0.013888888888888888,0.0,0.0,1.0
2.0,3.3332844740832546e-06,0.0,0.0,0.0,0.0,0.013888888888888888,0.0,0.0,1.0
3.0,3.236877431695497e-06,0.0,0.0,0.0,0.0,0.013888888888888888,0.0,0.0,1.0
4.0,3.995174650972458e-08,0.0,0.0,0.0,0.0,0.013888888888888888,0.0,0.0,0.0
1.0,100.0,0.00018273728823547583,0.0,0.0,0.0,0.013888888888888888,0.0,0.0,1.0
2.0,3.484210467319468e-06,0.0,0.0,0.0,0.0,0.013888888888888888,0.0,0.0,1.0
3.0,3.3700836406130605e-06,0.0,0.0,0.0,0.0,0.013888888888888888,0.0,0.0,1.0
4.0,4.164513649555834e-08,0.0,0.0,0.0,0.0,0.013888888888888888,0.0,0.0,0.0
1.0,100.0,0.00018279624068804593,0.0,0.0,0.0,0.013888888888888888,0.0,0.0,1.0
2.0,3.631732579129398e-06,0.0,0.0,0.0,0.0,0.013888888888888888,0.0,0.0,1.0
3.0,3.500692354536421e-06,0.0,0.0,0.0,0.0,0.013888888888888888,0.0,0.0,1.0
4.0,4.3336912292198174e-08,0.0,0.0,0.0,0.0,0.013888888888888888,0.0,0.0,0.0
1.0,100.0,0.00018285476781461357,0.0,0.0,0.0,0.013888888888888888,0.0,0.0,1.0
2.0,3.775971828905688e-06,0.0,0.0,0.0,0.0,0.013888888888888888,0.0,0.0,1.0
3.0,3.628753699537855e-06,0.0,0.0,0.0,0.0,0.013888888888888888,0.0,0.0,1.0
4.0,4.502505022143644e-08,0.0,0.0,0.0,0.0,0.013888888888888888,0.0,0.0,0.0
1.0,100.0,0.00018291287862934276,0.0,0.0,0.0,0.013888888888888888,0.0,0.0,1.0
2.0,3.917040622876387e-06,0.0,0.0,0.0,0.0,0.013888888888888888,0.0,0.0,1.0
3.0,3.7543233536698486e-06,0.0,0.0,0.0,0.0,0.013888888888888888,0.0,0.0,1.0
4.0,4.670785546080419e-08,0.0,0.0,0.0,0.0,0.013888888888888888,0.0,0.0,0.0
1.0,100.0,0.00018297058183476826,0.0,0.0,0.0,0.013888888888888888,0.0,0.0,1.0
2.0,4.055033535096665e-06,0.0,0.0,0.0,0.0,0.013888888888888888,0.0,0.0,1.0
3.0,3.877444437267303e-06,0.0,0.0,0.0,0.0,0.013888888888888888,0.0,0.0,1.0
4.0,4.838798355596319e-08,0.0,0.0,0.0,0.0,0.013888888888888888,0.0,0.0,0.0
1.0,100.0,0.00018302788584535293,0.0,0.0,0.0,0.013888888888888888,0.0,0.0,1.0
2.0,4.190044215849109e-06,0.0,0.0,0.0,0.0,0.013888888888888888,0.0,0.0,1.0
3.0,3.998161537901689e-06,0.0,0.0,0.0,0.0,0.013888888888888888,0.0,0.0,1.0
4.0,5.0062841818509135e-08,0.0,0.0,0.0,0.0,0.013888888888888888,0.0,0.0,0.0
1.0,100.0,0.00018308479880151755,0.0,0.0,0.0,0.013888888888888888,0.0,0.0,1.0
2.0,4.322159055867028e-06,0.0,0.0,0.0,0.0,0.013888888888888888,0.0,0.0,1.0
3.0,4.116521684044696e-06,0.0,0.0,0.0,0.0,0.013888888888888888,0.0,0.0,1.0
4.0,5.1732834761843625e-08,0.0,0.0,0.0,0.0,0.013888888888888888,0.0,0.0,0.0
1.0,100.0,0.00018314132858818146,0.0,0.0,0.0,0.013888888888888888,0.0,0.0,1.0
2.0,4.451455580410181e-06,0.0,0.0,0.0,0.0,0.013888888888888888,0.0,0.0,1.0
3.0,4.232565834141051e-06,0.0,0.0,0.0,0.0,0.013888888888888888,0.0,0.0,1.0
4.0,5.339753225576808e-08,0.0,0.0,0.0,0.0,0.013888888888888888,0.0,0.0,0.0
1.0,100.0,0.00018319748284801042,0.0,0.0,0.0,0.013888888888888888,0.0,0.0,1.0
2.0,4.578005395965138e-06,0.0,0.0,0.0,0.0,0.013888888888888888,0.0,0.0,1.0
3.0,4.346327245402112e-06,0.0,0.0,0.0,0.0,0.013888888888888888,0.0,0.0,1.0
4.0,5.505698473452954e-08,0.0,0.0,0.0,0.0,0.013888888888888888,0.0,0.0,0.0
1.0,100.0,0.00018325326899627155,0.0,0.0,0.0,0.013888888888888888,0.0,0.0,1.0
2.0,4.701887051256198e-06,0.0,0.0,0.0,0.0,0.013888888888888888,0.0,0.0,1.0
3.0,4.457852263891601e-06,0.0,0.0,0.0,0.0,0.013888888888888888,0.0,0.0,1.0
4.0,5.670724652463078e-08,0.0,0.0,0.0,0.0,0.013888888888888888,0.0,0.0,0.0
1.0,100.0,0.00018330869422946043,0.0,0.0,0.0,0.013888888888888888,0.0,0.0,1.0
2.0,4.823162174254763e-06,0.0,0.0,0.0,0.0,0.013888888888888888,0.0,0.0,1.0
3.0,4.567174400102106e-06,0.0,0.0,0.0,0.0,0.013888888888888888,0.0,0.0,1.0
4.0,5.835442550499565e-08,0.0,0.0,0.0,0.0,0.013888888888888888,0.0,0.0,0.0
1.0,100.0,0.00018336376554106465,0.0,0.0,0.0,0.013888888888888888,0.0,0.0,1.0
2.0,4.941899309905231e-06,0.0,0.0,0.0,0.0,0.013888888888888888,0.0,0.0,1.0
3.0,4.674335586843715e-06,0.0,0.0,0.0,0.0,0.013888888888888888,0.0,0.0,1.0
4.0,5.99904535002312e-08,0.0,0.0,0.0,0.0,0.013888888888888888,0.0,0.0,0.0
1.0,100.0,0.00018341848972872393,0.0,0.0,0.0,0.013888888888888888,0.0,0.0,1.0
2.0,5.058156886103298e-06,0.0,0.0,0.0,0.0,0.013888888888888888,0.0,0.0,1.0
3.0,4.779371535231446e-06,0.0,0.0,0.0,0.0,0.013888888888888888,0.0,0.0,1.0
4.0,6.162165334234321e-08,0.0,0.0,0.0,0.0,0.013888888888888888,0.0,0.0,0.0
1.0,100.0,0.00018347287340952616,0.0,0.0,0.0,0.013888888888888888,0.0,0.0,1.0
2.0,5.171992495831928e-06,0.0,0.0,0.0,0.0,0.013888888888888888,0.0,0.0,1.0
3.0,4.882314719199875e-06,0.0,0.0,0.0,0.0,0.013888888888888888,0.0,0.0,1.0
4.0,6.324311840346622e-08,0.0,0.0,0.0,0.0,0.013888888888888888,0.0,0.0,0.0
1.0,100.0,0.000183526923021213,0.0,0.0,0.0,0.013888888888888888,0.0,0.0,1.0
2.0,5.283462441895224e-06,0.0,0.0,0.0,0.0,0.013888888888888888,0.0,0.0,1.0
3.0,4.983237028996147e-06,0.0,0.0,0.0,0.0,0.013888888888888888,0.0,0.0,1.0
4.0,6.48558223610035e-08,0.0,0.0,0.0,0.0,0.013888888888888888,0.0,0.0,0.0
1.0,100.0,0.0001835806448395598,0.0,0.0,0.0,0.013888888888888888,0.0,0.0,1.0
2.0,5.392588036739407e-06,0.0,0.0,0.0,0.0,0.013888888888888888,0.0,0.0,1.0
3.0,5.0821677008364895e-06,0.0,0.0,0.0,0.0,0.013888888888888888,0.0,0.0,1.0
4.0,6.646085268480803e-08,0.0,0.0,0.0,0.0,0.013888888888888888,0.0,0.0,0.0
1.0,100.0,0.00018363163019048418,0.0,0.0,0.0,0.013888888888888888,0.0,0.0,1.0
2.0,1.3540030321019278e-06,0.0,0.0,0.0,0.0,0.013888888888888888,0.0,0.0,1.0
3.0,1.1927334038330473e-06,0.0,0.0,0.0,0.0,0.013888888888888888,0.0,0.0,1.0
4.0,1.8456531139467585e-08,0.0,0.0,0.0,0.0,0.013888888888888888,0.0,0.0,0.0
1.0,100.0,0.000183847196239879,0.0,0.0,0.0,0.013888888888888888,0.0,0.0,1.0
2.0,1.1793570501982052e-06,0.0,0.0,0.0,0.0,0.013888888888888888,0.0,0.0,1.0
3.0,1.0385472690021865e-06,0.0,0.0,0.0,0.0,0.013888888888888888,0.0,0.0,1.0
4.0,1.6532907197876935e-08,0.0,0.0,0.0,0.0,0.013888888888888888,0.0,0.0,0.0
1.0,100.0,0.00018384827196899379,0.0,0.0,0.0,0.013888888888888888,0.0,0.0,1.0
2.0,1.15615085115165e-06,0.0,0.0,0.0,0.0,0.013888888888888888,0.0,0.0,1.0
3.0,1.0304707166797376e-06,0.0,0.0,0.0,0.0,0.013888888888888888,0.0,0.0,1.0
4.0,1.632504066174228e-08,0.0,0.0,0.0,0.0,0.013888888888888888,0.0,0.0,0.0
1.0,100.0,0.00018384934287912232,0.0,0.0,0.0,0.013888888888888888,0.0,0.0,1.0
2.0,1.1391805702026923e-06,0.0,0.0,0.0,0.0,0.013888888888888888,0.0,0.0,1.0
3.0,1.0250439275018913e-06,0.0,0.0,0.0,0.0,0.013888888888888888,0.0,0.0,1.0
4.0,1.6193338375359994e-08,0.0,0.0,0.0,0.0,0.013888888888888888,0.0,0.0,0.0
1.0,100.0,0.00018385040894846336,0.0,0.0,0.0,0.013888888888888888,0.0,0.0,1.0
2.0,1.1258493107308527e-06,0.0,0.0,0.0,0.0,0.013888888888888888,0.0,0.0,1.0
3.0,1.0208275152147705e-06,0.0,0.0,0.0,0.0,0.013888888888888888,0.0,0.0,1.0
4.0,1.6101229458674237e-08,0.0,0.0,0.0,0.0,0.013888888888888888,0.0,0.0,0.0
1.0,100.0,0.00018385147020590846,0.0,0.0,0.0,0.013888888888888888,0.0,0.0,1.0
2.0,1.1149797386858118e-06,0.0,0.0,0.0,0.0,0.013888888888888888,0.0,0.0,1.0
3.0,1.0173491682664728e-06,0.0,0.0,0.0,0.0,0.013888888888888888,0.0,0.0,1.0
4.0,1.6032502333372457e-08,0.0,0.0,0.0,0.0,0.013888888888888888,0.0,0.0,0.0
1.0,100.0,0.00018385252668097374,0.0,0.0,0.0,0.013888888888888888,0.0,0.0,1.0
2.0,1.1058490043203199e-06,0.0,0.0,0.0,0.0,0.013888888888888888,0.0,0.0,1.0
3.0,1.0143520174934629e-06,0.0,0.0,0.0,0.0,0.013888888888888888,0.0,0.0,1.0
4.0,1.598193428572922e-08,0.0,0.0,0.0,0.0,0.013888888888888888,0.0,0.0,0.0
1.0,100.0,0.00018385357840064868,0.0,0.0,0.0,0.013888888888888888,0.0,0.0,1.0
2.0,1.0979945048973195e-06,0.0,0.0,0.0,0.0,0.013888888888888888,0.0,0.0,1.0
3.0,1.0116773361903018e-06,0.0,0.0,0.0,0.0,0.013888888888888888,0.0,0.0,1.0
4.0,1.5939535496015555e-08,0.0,0.0,0.0,0.0,0.013888888888888888,0.0,0.0,0.0
1.0,100.0,0.0001838546253933614,0.0,0.0,0.0,0.013888888888888888,0.0,0.0,1.0
2.0,1.0910989363013823e-06,0.0,0.0,0.0,0.0,0.013888888888888888,0.0,0.0,1.0
3.0,1.0092202300154966e-06,0.0,0.0,0.0,0.0,0.013888888888888888,0.0,0.0,1.0
4.0,1.5901891711327136e-08,0.0,0.0,0.0,0.0,0.013888888888888888,0.0,0.0,0.0
1.0,100.0,0.000183855667685494,0.0,0.0,0.0,0.013888888888888888,0.0,0.0,1.0
2.0,1.0849536956076026e-06,0.0,0.0,0.0,0.0,0.013888888888888888,0.0,0.0,1.0
3.0,1.0069301543619407e-06,0.0,0.0,0.0,0.0,0.013888888888888888,0.0,0.0,1.0
4.0,1.58697489268557e-08,0.0,0.0,0.0,0.0,0.013888888888888888,0.0,0.0,0.0
1.0,100.0,0.00018385670530531725,0.0,0.0,0.0,0.013888888888888888,0.0,0.0,1.0
2.0,1.079398082161898e-06,0.0,0.0,0.0,0.0,0.013888888888888888,0.0,0.0,1.0
3.0,1.0047521144180557e-06,0.0,0.0,0.0,0.0,0.013888888888888888,0.0,0.0,1.0
4.0,1.58405275132585e-08,0.0,0.0,0.0,0.0,0.013888888888888888,0.0,0.0,0.0
1.0,100.0,0.0001838577382788788,0.0,0.0,0.0,0.013888888888888888,0.0,0.0,1.0
2.0,1.0743244936646666e-06,0.0,0.0,0.0,0.0,0.013888888888888888,0.0,0.0,1.0
3.0,1.0026585050259157e-06,0.0,0.0,0.0,0.0,0.013888888888888888,0.0,0.0,1.0
4.0,1.581160994728083e-08,0.0,0.0,0.0,0.0,0.013888888888888888,0.0,0.0,0.0
1.0,100.0,0.00018385876663418166,0.0,0.0,0.0,0.013888888888888888,0.0,0.0,1.0
2.0,1.0696525917568474e-06,0.0,0.0,0.0,0.0,0.013888888888888888,0.0,0.0,1.0
3.0,1.0006374516193052e-06,0.0,0.0,0.0,0.0,0.013888888888888888,0.0,0.0,1.0
4.0,1.5785638990980403e-08,0.0,0.0,0.0,0.0,0.013888888888888888,0.0,0.0,0.0
1.0,100.0,0.00018385979039630898,0.0,0.0,0.0,0.013888888888888888,0.0,0.0,1.0
2.0,1.0653133437813727e-06,0.0,0.0,0.0,0.0,0.013888888888888888,0.0,0.0,1.0
3.0,9.986600726084895e-07,0.0,0.0,0.0,0.0,0.013888888888888888,0.0,0.0,1.0
4.0,1.575894762569137e-08,0.0,0.0,0.0,0.0,0.013888888888888888,0.0,0.0,0.0
1.0,100.0,0.00018386080959226328,0.0,0.0,0.0,0.013888888888888888,0.0,0.0,1.0
2.0,1.0612652836649379e-06,0.0,0.0,0.0,0.0,0.013888888888888888,0.0,0.0,1.0
3.0,9.967284031967625e-07,0.0,0.0,0.0,0.0,0.013888888888888888,0.0,0.0,1.0
4.0,1.5735202827263377e-08,0.0,0.0,0.0,0.0,0.013888888888888888,0.0,0.0,0.0
1.0,100.0,0.00018386182424875582,0.0,0.0,0.0,0.013888888888888888,0.0,0.0,1.0
2.0,1.0574693105494333e-06,0.0,0.0,0.0,0.0,0.013888888888888888,0.0,0.0,1.0
3.0,9.948315430608379e-07,0.0,0.0,0.0,0.0,0.013888888888888888,0.0,0.0,1.0
4.0,1.5708954707191173e-08,0.0,0.0,0.0,0.0,0.013888888888888888,0.0,0.0,0.0
1.0,100.0,0.00018386283439138213,0.0,0.0,0.0,0.013888888888888888,0.0,0.0,1.0
2.0,1.0538911038650987e-06,0.0,0.0,0.0,0.0,0.013888888888888888,0.0,0.0,1.0
3.0,9.929660017975638e-07,0.0,0.0,0.0,0.0,0.013888888888888888,0.0,0.0,1.0
4.0,1.5689092462384465e-08,0.0,0.0,0.0,0.0,0.013888888888888888,0.0,0.0,0.0
1.0,100.0,0.00018386384004539185,0.0,0.0,0.0,0.013888888888888888,0.0,0.0,1.0
2.0,1.0505053718110258e-06,0.0,0.0,0.0,0.0,0.013888888888888888,0.0,0.0,1.0
3.0,9.911209172740356e-07,0.0,0.0,0.0,0.0,0.013888888888888888,0.0,0.0,1.0
4.0,1.5665500359446507e-08,0.0,0.0,0.0,0.0,0.013888888888888888,0.0,0.0,0.0
1.0,100.0,0.00018386484123696637,0.0,0.0,0.0,0.013888888888888888,0.0,0.0,1.0
2.0,1.0472919819538522e-06,0.0,0.0,0.0,0.0,0.013888888888888888,0.0,0.0,1.0
3.0,9.89301713674062e-07,0.0,0.0,0.0,0.0,0.013888888888888888,0.0,0.0,1.0
4.0,1.5641213126233544e-08,0.0,0.0,0.0,0.0,0.013888888888888888,0.0,0.0,0.0
1.0,100.0,0.000183865837991533,0.0,0.0,0.0,0.013888888888888888,0.0,0.0,1.0
2.0,1.0442293354214092e-06,0.0,0.0,0.0,0.0,0.013888888888888888,0.0,0.0,1.0
3.0,9.874990842856544e-07,0.0,0.0,0.0,0.0,0.013888888888888888,0.0,0.0,1.0
4.0,1.5619960889930233e-08,0.0,0.0,0.0,0.0,0.013888888888888888,0.0,0.0,0.0
1.0,100.0,0.00018386683033367967,0.0,0.0,0.0,0.013888888888888888,0.0,0.0,1.0
2.0,1.041304267515031e-06,0.0,0.0,0.0,0.0,0.013888888888888888,0.0,0.0,1.0
3.0,9.857173532337797e-07,0.0,0.0,0.0,0.0,0.013888888888888888,0.0,0.0,1.0
4.0,1.5598999773833487e-08,0.0,0.0,0.0,0.0,0.013888888888888888,0.0,0.0,0.0
1.0,100.0,0.00018386781828887114,0.0,0.0,0.0,0.013888888888888888,0.0,0.0,1.0
2.0,1.038499643411202e-06,0.0,0.0,0.0,0.0,0.013888888888888888,0.0,0.0,1.0
3.0,9.839459242116923e-07,0.0,0.0,0.0,0.0,0.013888888888888888,0.0,0.0,1.0
4.0,1.5576648071195106e-08,0.0,0.0,0.0,0.0,0.013888888888888888,0.0,0.0,0.0
1.0,100.0,0.00018386880188133554,0.0,0.0,0.0,0.013888888888888888,0.0,0.0,1.0
2.0,1.0358064841486406e-06,0.0,0.0,0.0,0.0,0.013888888888888888,0.0,0.0,1.0
3.0,9.821906387055876e-07,0.0,0.0,0.0,0.0,0.013888888888888888,0.0,0.0,1.0
4.0,1.5553942632008567e-08,0.0,0.0,0.0,0.0,0.013888888888888888,0.0,0.0,0.0
1.0,100.0,0.00018386978113620907,0.0,0.0,0.0,0.013888888888888888,0.0,0.0,1.0
2.0,1.0332103738683942e-06,0.0,0.0,0.0,0.0,0.013888888888888888,0.0,0.0,1.0
3.0,9.804473238420956e-07,0.0,0.0,0.0,0.0,0.013888888888888888,0.0,0.0,1.0
4.0,1.5532274330315587e-08,0.0,0.0,0.0,0.0,0.013888888888888888,0.0,0.0,0.0
1.0,100.0,0.0001838707560780923,0.0,0.0,0.0,0.013888888888888888,0.0,0.0,1.0
2.0,1.030704534054178e-06,0.0,0.0,0.0,0.0,0.013888888888888888,0.0,0.0,1.0
3.0,9.787184450354785e-07,0.0,0.0,0.0,0.0,0.013888888888888888,0.0,0.0,1.0
4.0,1.551169373017583e-08,0.0,0.0,0.0,0.0,0.013888888888888888,0.0,0.0,0.0
1.0,100.0,0.0001838717267309247,0.0,0.0,0.0,0.013888888888888888,0.0,0.0,1.0
2.0,1.028277798765517e-06,0.0,0.0,0.0,0.0,0.013888888888888888,0.0,0.0,1.0
3.0,9.769956442401732e-07,0.0,0.0,0.0,0.0,0.013888888888888888,0.0,0.0,1.0
4.0,1.5492238750755603e-08,0.0,0.0,0.0,0.0,0.013888888888888888,0.0,0.0,0.0
1.0,100.0,0.00018387269311880838,0.0,0.0,0.0,0.013888888888888888,0.0,0.0,1.0
2.0,1.0259264243450382e-06,0.0,0.0,0.0,0.0,0.013888888888888888,0.0,0.0,1.0
3.0,9.752857997251153e-07,0.0,0.0,0.0,0.0,0.013888888888888888,0.0,0.0,1.0
4.0,1.5471620789219004e-08,0.0,0.0,0.0,0.0,0.013888888888888888,0.0,0.0,0.0
1.0,100.0,0.00018387365526501172,0.0,0.0,0.0,0.013888888888888888,0.0,0.0,1.0
2.0,1.0236389669452923e-06,0.0,0.0,0.0,0.0,0.013888888888888888,0.0,0.0,1.0
3.0,9.735858134685017e-07,0.0,0.0,0.0,0.0,0.013888888888888888,0.0,0.0,1.0
4.0,1.5449258229598218e-08,0.0,0.0,0.0,0.0,0.013888888888888888,0.0,0.0,0.0
1.0,100.0,0.00018387461319401265,0.0,0.0,0.0,0.013888888888888888,0.0,0.0,1.0
2.0,1.0214101531885038e-06,0.0,0.0,0.0,0.0,0.013888888888888888,0.0,0.0,1.0
3.0,9.718918035655533e-07,0.0,0.0,0.0,0.0,0.013888888888888888,0.0,0.0,1.0
4.0,1.5429462709353072e-08,0.0,0.0,0.0,0.0,0.013888888888888888,0.0,0.0,0.0
1.0,100.0,0.00018387556692855695,0.0,0.0,0.0,0.013888888888888888,0.0,0.0,1.0
2.0,1.0192355695714553e-06,0.0,0.0,0.0,0.0,0.013888888888888888,0.0,0.0,1.0
3.0,9.70204844617004e-07,0.0,0.0,0.0,0.0,0.013888888888888888,0.0,0.0,1.0
4.0,1.540841571182949e-08,0.0,0.0,0.0,0.0,0.013888888888888888,0.0,0.0,0.0
1.0,100.0,0.00018387651649295222,0.0,0.0,0.0,0.013888888888888888,0.0,0.0,1.0
2.0,1.0171125475253293e-06,0.0,0.0,0.0,0.0,0.013888888888888888,0.0,0.0,1.0
3.0,9.685317515607252e-07,0.0,0.0,0.0,0.0,0.013888888888888888,0.0,0.0,1.0
4.0,1.5387229917603353e-08,0.0,0.0,0.0,0.0,0.013888888888888888,0.0,0.0,0.0
1.0,100.0,0.00018387746190921372,0.0,0.0,0.0,0.013888888888888888,0.0,0.0,1.0
2.0,1.015030086193859e-06,0.0,0.0,0.0,0.0,0.013888888888888888,0.0,0.0,1.0
3.0,9.66857907821074e-07,0.0,0.0,0.0,0.0,0.013888888888888888,0.0,0.0,1.0
4.0,1.5366385795495294e-08,0.0,0.0,0.0,0.0,0.013888888888888888,0.0,0.0,0.0
1.0,100.0,0.00018387840320108954,0.0,0.0,0.0,0.013888888888888888,0.0,0.0,1.0
2.0,1.0129902839201913e-06,0.0,0.0,0.0,0.0,0.013888888888888888,0.0,0.0,1.0
3.0,9.651963617938858e-07,0.0,0.0,0.0,0.0,0.013888888888888888,0.0,0.0,1.0
4.0,1.5347248876921628e-08,0.0,0.0,0.0,0.0,0.013888888888888888,0.0,0.0,0.0
1.0,100.0,0.0001838793403913307,0.0,0.0,0.0,0.013888888888888888,0.0,0.0,1.0
2.0,1.0109846182212952e-06,0.0,0.0,0.0,0.0,0.013888888888888888,0.0,0.0,1.0
3.0,9.635377568553859e-07,0.0,0.0,0.0,0.0,0.013888888888888888,0.0,0.0,1.0
4.0,1.5327581188055484e-08,0.0,0.0,0.0,0.0,0.013888888888888888,0.0,0.0,0.0
1.0,100.0,0.00018388027350224023,0.0,0.0,0.0,0.013888888888888888,0.0,0.0,1.0
2.0,1.0090144162318964e-06,0.0,0.0,0.0,0.0,0.013888888888888888,0.0,0.0,1.0
3.0,9.618880986899173e-07,0.0,0.0,0.0,0.0,0.013888888888888888,0.0,0.0,1.0
4.0,1.5306801120948985e-08,0.0,0.0,0.0,0.0,0.013888888888888888,0.0,0.0,0.0
1.0,100.0,0.00019165944735324289,0.0,0.0,0.0,0.013888888888888888,0.0,0.0,1.0
2.0,0.00012335169918843754,0.0,0.0,0.0,0.0,0.013888888888888888,0.0,0.0,1.0
3.0,0.00011808962127094314,0.0,0.0,0.0,0.0,0.013888888888888888,0.0,0.0,1.0
4.0,9.104543754827246e-07,0.0,0.0,0.0,0.0,0.013888888888888888,0.0,0.0,0.0
1.0,100.0,0.00017557794287751622,0.0,0.0,0.0,0.013888888888888888,0.0,0.0,1.0
2.0,5.075572862769787e-06,0.0,0.0,0.0,0.0,0.013888888888888888,0.0,0.0,1.0
3.0,4.149299735328346e-06,0.0,0.0,0.0,0.0,0.013888888888888888,0.0,0.0,1.0
4.0,2.292855863103292e-08,0.0,0.0,0.0,0.0,0.013888888888888888,0.0,0.0,0.0
1.0,100.0,0.00017694214484159683,0.0,0.0,0.0,0.013888888888888888,0.0,0.0,1.0
2.0,4.901056334928953e-07,0.0,0.0,0.0,0.0,0.013888888888888888,0.0,0.0,1.0
3.0,4.278889515240953e-07,0.0,0.0,0.0,0.0,0.013888888888888888,0.0,0.0,1.0
4.0,6.924763806366065e-09,0.0,0.0,0.0,0.0,0.013888888888888888,0.0,0.0,0.0
1.0,100.0,0.00017697175313493126,0.0,0.0,0.0,0.013888888888888888,0.0,0.0,1.0
2.0,2.970095893648605e-07,0.0,0.0,0.0,0.0,0.013888888888888888,0.0,0.0,1.0
3.0,6.329676256578057e-07,0.0,0.0,0.0,0.0,0.013888888888888888,0.0,0.0,1.0
4.0,9.486698534560862e-09,0.0,0.0,0.0,0.0,0.013888888888888888,0.0,0.0,0.0
1.0,100.0,0.0001770011005251312,0.0,0.0,0.0,0.013888888888888888,0.0,0.0,1.0
2.0,3.354750856067138e-07,0.0,0.0,0.0,0.0,0.013888888888888888,0.0,0.0,1.0
3.0,8.039693371122706e-07,0.0,0.0,0.0,0.0,0.013888888888888888,0.0,0.0,1.0
4.0,1.1727246778636898e-08,0.0,0.0,0.0,0.0,0.013888888888888888,0.0,0.0,0.0
1.0,100.0,0.00017703019964810683,0.0,0.0,0.0,0.013888888888888888,0.0,0.0,1.0
2.0,5.752516816861682e-07,0.0,0.0,0.0,0.0,0.013888888888888888,0.0,0.0,1.0
3.0,9.593546447525245e-07,0.0,0.0,0.0,0.0,0.013888888888888888,0.0,0.0,1.0
4.0,1.3616963180932213e-08,0.0,0.0,0.0,0.0,0.013888888888888888,0.0,0.0,0.0
1.0,100.0,0.00017705906186023221,0.0,0.0,0.0,0.013888888888888888,0.0,0.0,1.0
2.0,7.878084350607522e-07,0.0,0.0,0.0,0.0,0.013888888888888888,0.0,0.0,1.0
3.0,1.1043758958230904e-06,0.0,0.0,0.0,0.0,0.013888888888888888,0.0,0.0,1.0
4.0,1.5254235866162367e-08,0.0,0.0,0.0,0.0,0.013888888888888888,0.0,0.0,0.0
1.0,100.0,0.00017708769758729197,0.0,0.0,0.0,0.013888888888888888,0.0,0.0,1.0
2.0,9.8105430863182e-07,0.0,0.0,0.0,0.0,0.013888888888888888,0.0,0.0,1.0
3.0,1.2419314386762078e-06,0.0,0.0,0.0,0.0,0.013888888888888888,0.0,0.0,1.0
4.0,1.6732634167455572e-08,0.0,0.0,0.0,0.0,0.013888888888888888,0.0,0.0,0.0
1.0,100.0,0.00017711611643077542,0.0,0.0,0.0,0.013888888888888888,0.0,0.0,1.0
2.0,1.1601057143769173e-06,0.0,0.0,0.0,0.0,0.013888888888888888,0.0,0.0,1.0
3.0,1.373816078927183e-06,0.0,0.0,0.0,0.0,0.013888888888888888,0.0,0.0,1.0
4.0,1.8106516683466778e-08,0.0,0.0,0.0,0.0,0.013888888888888888,0.0,0.0,0.0
1.0,100.0,0.00017714432725117452,0.0,0.0,0.0,0.013888888888888888,0.0,0.0,1.0
2.0,1.3283556944455887e-06,0.0,0.0,0.0,0.0,0.013888888888888888,0.0,0.0,1.0
3.0,1.5011986528202234e-06,0.0,0.0,0.0,0.0,0.013888888888888888,0.0,0.0,1.0
4.0,1.941602929728223e-08,0.0,0.0,0.0,0.0,0.013888888888888888,0.0,0.0,0.0
1.0,100.0,0.00017717233824672072,0.0,0.0,0.0,0.013888888888888888,0.0,0.0,1.0
2.0,1.4880963031615834e-06,0.0,0.0,0.0,0.0,0.013888888888888888,0.0,0.0,1.0
3.0,1.6248456226115093e-06,0.0,0.0,0.0,0.0,0.013888888888888888,0.0,0.0,1.0
4.0,2.0682983479617135e-08,0.0,0.0,0.0,0.0,0.013888888888888888,0.0,0.0,0.0
1.0,100.0,0.00017720015702305994,0.0,0.0,0.0,0.013888888888888888,0.0,0.0,1.0
2.0,1.6409039391991417e-06,0.0,0.0,0.0,0.0,0.013888888888888888,0.0,0.0,1.0
3.0,1.7452748598024735e-06,0.0,0.0,0.0,0.0,0.013888888888888888,0.0,0.0,1.0
4.0,2.1925460407443028e-08,0.0,0.0,0.0,0.0,0.013888888888888888,0.0,0.0,0.0
1.0,100.0,0.00017722779064934427,0.0,0.0,0.0,0.013888888888888888,0.0,0.0,1.0
2.0,1.7878835632723125e-06,0.0,0.0,0.0,0.0,0.013888888888888888,0.0,0.0,1.0
3.0,1.862841388090898e-06,0.0,0.0,0.0,0.0,0.013888888888888888,0.0,0.0,1.0
4.0,2.3150768370904834e-08,0.0,0.0,0.0,0.0,0.013888888888888888,0.0,0.0,0.0
1.0,100.0,0.0001772552457133169,0.0,0.0,0.0,0.013888888888888888,0.0,0.0,1.0
2.0,1.9298257183553693e-06,0.0,0.0,0.0,0.0,0.013888888888888888,0.0,0.0,1.0
3.0,1.977791198674278e-06,0.0,0.0,0.0,0.0,0.013888888888888888,0.0,0.0,1.0
4.0,2.4366670729487644e-08,0.0,0.0,0.0,0.0,0.013888888888888888,0.0,0.0,0.0
1.0,100.0,0.00017728252836423422,0.0,0.0,0.0,0.013888888888888888,0.0,0.0,1.0
2.0,2.0673132998889714e-06,0.0,0.0,0.0,0.0,0.013888888888888888,0.0,0.0,1.0
3.0,2.0903104367091918e-06,0.0,0.0,0.0,0.0,0.013888888888888888,0.0,0.0,1.0
4.0,2.5573685822231624e-08,0.0,0.0,0.0,0.0,0.013888888888888888,0.0,0.0,0.0
1.0,100.0,0.00017730964435765136,0.0,0.0,0.0,0.013888888888888888,0.0,0.0,1.0
2.0,2.2007804795902454e-06,0.0,0.0,0.0,0.0,0.013888888888888888,0.0,0.0,1.0
3.0,2.2005329507451474e-06,0.0,0.0,0.0,0.0,0.013888888888888888,0.0,0.0,1.0
4.0,2.6780778010429472e-08,0.0,0.0,0.0,0.0,0.013888888888888888,0.0,0.0,0.0
1.0,100.0,0.00017733659908796727,0.0,0.0,0.0,0.013888888888888888,0.0,0.0,1.0
2.0,2.33056289112671e-06,0.0,0.0,0.0,0.0,0.013888888888888888,0.0,0.0,1.0
3.0,2.3085574385788888e-06,0.0,0.0,0.0,0.0,0.013888888888888888,0.0,0.0,1.0
4.0,2.7982712637019414e-08,0.0,0.0,0.0,0.0,0.013888888888888888,0.0,0.0,0.0
1.0,100.0,0.00017736339762227483,0.0,0.0,0.0,0.013888888888888888,0.0,0.0,1.0
2.0,2.456929279030643e-06,0.0,0.0,0.0,0.0,0.013888888888888888,0.0,0.0,1.0
3.0,2.414468790395769e-06,0.0,0.0,0.0,0.0,0.013888888888888888,0.0,0.0,1.0
4.0,2.9183636720309448e-08,0.0,0.0,0.0,0.0,0.013888888888888888,0.0,0.0,0.0
1.0,100.0,0.00017739004473074855,0.0,0.0,0.0,0.013888888888888888,0.0,0.0,1.0
2.0,2.580093043560699e-06,0.0,0.0,0.0,0.0,0.013888888888888888,0.0,0.0,1.0
3.0,2.518335737298467e-06,0.0,0.0,0.0,0.0,0.013888888888888888,0.0,0.0,1.0
4.0,3.038511791888652e-08,0.0,0.0,0.0,0.0,0.013888888888888888,0.0,0.0,0.0
1.0,100.0,0.00017741654490678266,0.0,0.0,0.0,0.013888888888888888,0.0,0.0,1.0
2.0,2.7002352024187566e-06,0.0,0.0,0.0,0.0,0.013888888888888888,0.0,0.0,1.0
3.0,2.620209182659987e-06,0.0,0.0,0.0,0.0,0.013888888888888888,0.0,0.0,1.0
4.0,3.1582338883671536e-08,0.0,0.0,0.0,0.0,0.013888888888888888,0.0,0.0,0.0
1.0,100.0,0.00017744290239790985,0.0,0.0,0.0,0.013888888888888888,0.0,0.0,1.0
2.0,2.8175124831693945e-06,0.0,0.0,0.0,0.0,0.013888888888888888,0.0,0.0,1.0
3.0,2.72015384908973e-06,0.0,0.0,0.0,0.0,0.013888888888888888,0.0,0.0,1.0
4.0,3.2782531585247134e-08,0.0,0.0,0.0,0.0,0.013888888888888888,0.0,0.0,0.0
1.0,100.0,0.00017746912122019095,0.0,0.0,0.0,0.013888888888888888,0.0,0.0,1.0
2.0,2.932049737630464e-06,0.0,0.0,0.0,0.0,0.013888888888888888,0.0,0.0,1.0
3.0,2.818203912331077e-06,0.0,0.0,0.0,0.0,0.013888888888888888,0.0,0.0,1.0
4.0,3.398080283039859e-08,0.0,0.0,0.0,0.0,0.013888888888888888,0.0,0.0,0.0
1.0,100.0,0.00017749520517747726,0.0,0.0,0.0,0.013888888888888888,0.0,0.0,1.0
2.0,3.043964597055218e-06,0.0,0.0,0.0,0.0,0.013888888888888888,0.0,0.0,1.0
3.0,2.9143979228722896e-06,0.0,0.0,0.0,0.0,0.013888888888888888,0.0,0.0,1.0
4.0,3.517668469283354e-08,0.0,0.0,0.0,0.0,0.013888888888888888,0.0,0.0,0.0
1.0,100.0,0.0001775211578827052,0.0,0.0,0.0,0.013888888888888888,0.0,0.0,1.0
2.0,3.153363742447817e-06,0.0,0.0,0.0,0.0,0.013888888888888888,0.0,0.0,1.0
3.0,3.008778742600319e-06,0.0,0.0,0.0,0.0,0.013888888888888888,0.0,0.0,1.0
4.0,3.637178275954174e-08,0.0,0.0,0.0,0.0,0.013888888888888888,0.0,0.0,0.0
1.0,100.0,0.0001775469827669727,0.0,0.0,0.0,0.013888888888888888,0.0,0.0,1.0
2.0,3.260340730107778e-06,0.0,0.0,0.0,0.0,0.013888888888888888,0.0,0.0,1.0
3.0,3.101386123085843e-06,0.0,0.0,0.0,0.0,0.013888888888888888,0.0,0.0,1.0
4.0,3.756547738017867e-08,0.0,0.0,0.0,0.0,0.013888888888888888,0.0,0.0,0.0
1.0,100.0,0.00017757268309692318,0.0,0.0,0.0,0.013888888888888888,0.0,0.0,1.0
2.0,3.364977471125185e-06,0.0,0.0,0.0,0.0,0.013888888888888888,0.0,0.0,1.0
3.0,3.1922450991813963e-06,0.0,0.0,0.0,0.0,0.013888888888888888,0.0,0.0,1.0
4.0,3.875656733236262e-08,0.0,0.0,0.0,0.0,0.013888888888888888,0.0,0.0,0.0
1.0,100.0,0.00017759826198527476,0.0,0.0,0.0,0.013888888888888888,0.0,0.0,1.0
2.0,3.46735520582839e-06,0.0,0.0,0.0,0.0,0.013888888888888888,0.0,0.0,1.0
3.0,3.281399607406276e-06,0.0,0.0,0.0,0.0,0.013888888888888888,0.0,0.0,1.0
4.0,3.9945267449264496e-08,0.0,0.0,0.0,0.0,0.013888888888888888,0.0,0.0,0.0
1.0,100.0,0.0001776237224062848,0.0,0.0,0.0,0.013888888888888888,0.0,0.0,1.0
2.0,3.5675383585576507e-06,0.0,0.0,0.0,0.0,0.013888888888888888,0.0,0.0,1.0
3.0,3.368866414148004e-06,0.0,0.0,0.0,0.0,0.013888888888888888,0.0,0.0,1.0
4.0,4.112942831026618e-08,0.0,0.0,0.0,0.0,0.013888888888888888,0.0,0.0,0.0
1.0,100.0,0.0001776490671968474,0.0,0.0,0.0,0.013888888888888888,0.0,0.0,1.0
2.0,3.665598762011055e-06,0.0,0.0,0.0,0.0,0.013888888888888888,0.0,0.0,1.0
3.0,3.4546824264026046e-06,0.0,0.0,0.0,0.0,0.013888888888888888,0.0,0.0,1.0
4.0,4.231391740576954e-08,0.0,0.0,0.0,0.0,0.013888888888888888,0.0,0.0,0.0
1.0,100.0,0.0001776742990768036,0.0,0.0,0.0,0.013888888888888888,0.0,0.0,1.0
2.0,3.761599436129882e-06,0.0,0.0,0.0,0.0,0.013888888888888888,0.0,0.0,1.0
3.0,3.538871023113554e-06,0.0,0.0,0.0,0.0,0.013888888888888888,0.0,0.0,1.0
4.0,4.3492842992182763e-08,0.0,0.0,0.0,0.0,0.013888888888888888,0.0,0.0,0.0
1.0,100.0,0.00017769942064940492,0.0,0.0,0.0,0.013888888888888888,0.0,0.0,1.0
2.0,3.855602957855495e-06,0.0,0.0,0.0,0.0,0.013888888888888888,0.0,0.0,1.0
3.0,3.6214701985263396e-06,0.0,0.0,0.0,0.0,0.013888888888888888,0.0,0.0,1.0
4.0,4.4670579461732216e-08,0.0,0.0,0.0,0.0,0.013888888888888888,0.0,0.0,0.0
1.0,100.0,0.0001777244344123424,0.0,0.0,0.0,0.013888888888888888,0.0,0.0,1.0
2.0,3.947659728567979e-06,0.0,0.0,0.0,0.0,0.013888888888888888,0.0,0.0,1.0
3.0,3.7024954045678415e-06,0.0,0.0,0.0,0.0,0.013888888888888888,0.0,0.0,1.0
4.0,4.584258793813024e-08,0.0,0.0,0.0,0.0,0.013888888888888888,0.0,0.0,0.0
1.0,100.0,0.00017774934276448416,0.0,0.0,0.0,0.013888888888888888,0.0,0.0,1.0
2.0,4.037828632608559e-06,0.0,0.0,0.0,0.0,0.013888888888888888,0.0,0.0,1.0
3.0,3.7819812345414466e-06,0.0,0.0,0.0,0.0,0.013888888888888888,0.0,0.0,1.0
4.0,4.701056251581966e-08,0.0,0.0,0.0,0.0,0.013888888888888888,0.0,0.0,0.0
1.0,100.0,0.00017777414801279132,0.0,0.0,0.0,0.013888888888888888,0.0,0.0,1.0
2.0,4.1261538250561906e-06,0.0,0.0,0.0,0.0,0.013888888888888888,0.0,0.0,1.0
3.0,3.859951636451452e-06,0.0,0.0,0.0,0.0,0.013888888888888888,0.0,0.0,1.0
4.0,4.8171924029637145e-08,0.0,0.0,0.0,0.0,0.013888888888888888,0.0,0.0,0.0
1.0,100.0,0.00017779885237706583,0.0,0.0,0.0,0.013888888888888888,0.0,0.0,1.0
2.0,4.212681306546871e-06,0.0,0.0,0.0,0.0,0.013888888888888888,0.0,0.0,1.0
3.0,3.936431127258347e-06,0.0,0.0,0.0,0.0,0.013888888888888888,0.0,0.0,1.0
4.0,4.933022504361128e-08,0.0,0.0,0.0,0.0,0.013888888888888888,0.0,0.0,0.0
1.0,100.0,0.00017782345799496167,0.0,0.0,0.0,0.013888888888888888,0.0,0.0,1.0
2.0,4.297455307424624e-06,0.0,0.0,0.0,0.0,0.013888888888888888,0.0,0.0,1.0
3.0,4.011448825822183e-06,0.0,0.0,0.0,0.0,0.013888888888888888,0.0,0.0,1.0
4.0,5.0484024241231845e-08,0.0,0.0,0.0,0.0,0.013888888888888888,0.0,0.0,0.0
1.0,100.0,0.0001778479669331752,0.0,0.0,0.0,0.013888888888888888,0.0,0.0,1.0
2.0,4.380514886927169e-06,0.0,0.0,0.0,0.0,0.013888888888888888,0.0,0.0,1.0
3.0,4.085049527593548e-06,0.0,0.0,0.0,0.0,0.013888888888888888,0.0,0.0,1.0
4.0,5.1629933394113884e-08,0.0,0.0,0.0,0.0,0.013888888888888888,0.0,0.0,0.0
1.0,100.0,0.00017787068359617983,0.0,0.0,0.0,0.013888888888888888,0.0,0.0,1.0
2.0,2.5001654962235817e-05,0.0,0.0,0.0,0.0,0.013888888888888888,0.0,0.0,1.0
3.0,2.4077562349637675e-05,0.0,0.0,0.0,0.0,0.013888888888888888,0.0,0.0,1.0
4.0,3.8281402714150206e-07,0.0,0.0,0.0,0.0,0.013888888888888888,0.0,0.0,0.0
1.0,100.0,0.0001779553899227114,0.0,0.0,0.0,0.013888888888888888,0.0,0.0,1.0
2.0,2.460070884883733e-05,0.0,0.0,0.0,0.0,0.013888888888888888,0.0,0.0,1.0
3.0,2.3666894895726207e-05,0.0,0.0,0.0,0.0,0.013888888888888888,0.0,0.0,1.0
4.0,3.8076170505358216e-07,0.0,0.0,0.0,0.0,0.013888888888888888,0.0,0.0,0.0
1.0,100.0,0.00017795281285688498,0.0,0.0,0.0,0.013888888888888888,0.0,0.0,1.0
2.0,2.350948380545906e-05,0.0,0.0,0.0,0.0,0.013888888888888888,0.0,0.0,1.0
3.0,2.2577876465621042e-05,0.0,0.0,0.0,0.0,0.013888888888888888,0.0,0.0,1.0
4.0,3.65477846124526e-07,0.0,0.0,0.0,0.0,0.013888888888888888,0.0,0.0,0.0
1.0,100.0,0.0001779502369537256,0.0,0.0,0.0,0.013888888888888888,0.0,0.0,1.0
2.0,2.2473163303431795e-05,0.0,0.0,0.0,0.0,0.013888888888888888,0.0,0.0,1.0
3.0,2.155234462803072e-05,0.0,0.0,0.0,0.0,0.013888888888888888,0.0,0.0,1.0
4.0,3.506737273503908e-07,0.0,0.0,0.0,0.0,0.013888888888888888,0.0,0.0,0.0
1.0,100.0,0.0001779476621658292,0.0,0.0,0.0,0.013888888888888888,0.0,0.0,1.0
2.0,2.149582344360302e-05,0.0,0.0,0.0,0.0,0.013888888888888888,0.0,0.0,1.0
3.0,2.0590893868701975e-05,0.0,0.0,0.0,0.0,0.013888888888888888,0.0,0.0,1.0
4.0,3.3657485987739437e-07,0.0,0.0,0.0,0.0,0.013888888888888888,0.0,0.0,0.0
1.0,100.0,0.0001779450884711738,0.0,0.0,0.0,0.013888888888888888,0.0,0.0,1.0
2.0,2.0575434270718034e-05,0.0,0.0,0.0,0.0,0.013888888888888888,0.0,0.0,1.0
3.0,1.9689479486204756e-05,0.0,0.0,0.0,0.0,0.013888888888888888,0.0,0.0,1.0
4.0,3.2321459065781195e-07,0.0,0.0,0.0,0.0,0.013888888888888888,0.0,0.0,0.0
1.0,100.0,0.00017794251585006156,0.0,0.0,0.0,0.013888888888888888,0.0,0.0,1.0
2.0,1.970897143519473e-05,0.0,0.0,0.0,0.0,0.013888888888888888,0.0,0.0,1.0
3.0,1.8843825772664307e-05,0.0,0.0,0.0,0.0,0.013888888888888888,0.0,0.0,1.0
4.0,3.1057244317711986e-07,0.0,0.0,0.0,0.0,0.013888888888888888,0.0,0.0,0.0
1.0,100.0,0.00017793994428358145,0.0,0.0,0.0,0.013888888888888888,0.0,0.0,1.0
2.0,1.8893119699588173e-05,0.0,0.0,0.0,0.0,0.013888888888888888,0.0,0.0,1.0
3.0,1.8049817737667124e-05,0.0,0.0,0.0,0.0,0.013888888888888888,0.0,0.0,1.0
4.0,2.9861733213908643e-07,0.0,0.0,0.0,0.0,0.013888888888888888,0.0,0.0,0.0
1.0,100.0,0.0001779373737534784,0.0,0.0,0.0,0.013888888888888888,0.0,0.0,1.0
2.0,1.812454180806744e-05,0.0,0.0,0.0,0.0,0.013888888888888888,0.0,0.0,1.0
3.0,1.7303585679720112e-05,0.0,0.0,0.0,0.0,0.013888888888888888,0.0,0.0,1.0
4.0,2.873087509610465e-07,0.0,0.0,0.0,0.0,0.013888888888888888,0.0,0.0,0.0
1.0,100.0,0.00017793480424139986,0.0,0.0,0.0,0.013888888888888888,0.0,0.0,1.0
2.0,1.7400017816039052e-05,0.0,0.0,0.0,0.0,0.013888888888888888,0.0,0.0,1.0
3.0,1.6601559638534874e-05,0.0,0.0,0.0,0.0,0.013888888888888888,0.0,0.0,1.0
4.0,2.7660576691290514e-07,0.0,0.0,0.0,0.0,0.013888888888888888,0.0,0.0,0.0
1.0,100.0,0.00017793223572894077,0.0,0.0,0.0,0.013888888888888888,0.0,0.0,1.0
2.0,1.6716498255493366e-05,0.0,0.0,0.0,0.0,0.013888888888888888,0.0,0.0,1.0
3.0,1.5940447598838405e-05,0.0,0.0,0.0,0.0,0.013888888888888888,0.0,0.0,1.0
4.0,2.6647218557089313e-07,0.0,0.0,0.0,0.0,0.013888888888888888,0.0,0.0,0.0
1.0,100.0,0.0001779296681984842,0.0,0.0,0.0,0.013888888888888888,0.0,0.0,1.0
2.0,1.6071133663186285e-05,0.0,0.0,0.0,0.0,0.013888888888888888,0.0,0.0,1.0
3.0,1.5317237636276843e-05,0.0,0.0,0.0,0.0,0.013888888888888888,0.0,0.0,1.0
4.0,2.568708117648413e-07,0.0,0.0,0.0,0.0,0.013888888888888888,0.0,0.0,0.0
1.0,100.0,0.00017792710163191413,0.0,0.0,0.0,0.013888888888888888,0.0,0.0,1.0
2.0,1.5461275096434768e-05,0.0,0.0,0.0,0.0,0.013888888888888888,0.0,0.0,1.0
3.0,1.4729165491344386e-05,0.0,0.0,0.0,0.0,0.013888888888888888,0.0,0.0,1.0
4.0,2.4776697213741207e-07,0.0,0.0,0.0,0.0,0.013888888888888888,0.0,0.0,0.0
1.0,100.0,0.0001779245360113076,0.0,0.0,0.0,0.013888888888888888,0.0,0.0,1.0
2.0,1.4884472978844453e-05,0.0,0.0,0.0,0.0,0.013888888888888888,0.0,0.0,1.0
3.0,1.4173708413664005e-05,0.0,0.0,0.0,0.0,0.013888888888888888,0.0,0.0,1.0
4.0,2.391290179402631e-07,0.0,0.0,0.0,0.0,0.013888888888888888,0.0,0.0,0.0
1.0,100.0,0.00017792197131766456,0.0,0.0,0.0,0.013888888888888888,0.0,0.0,1.0
2.0,1.4338464421174207e-05,0.0,0.0,0.0,0.0,0.013888888888888888,0.0,0.0,1.0
3.0,1.36485495854408e-05,0.0,0.0,0.0,0.0,0.013888888888888888,0.0,0.0,1.0
4.0,2.3092544277996972e-07,0.0,0.0,0.0,0.0,0.013888888888888888,0.0,0.0,0.0
1.0,100.0,0.0001779194075346431,0.0,0.0,0.0,0.013888888888888888,0.0,0.0,1.0
2.0,1.3821166423400955e-05,0.0,0.0,0.0,0.0,0.013888888888888888,0.0,0.0,1.0
3.0,1.3151571256732576e-05,0.0,0.0,0.0,0.0,0.013888888888888888,0.0,0.0,1.0
4.0,2.2312889774266494e-07,0.0,0.0,0.0,0.0,0.013888888888888888,0.0,0.0,0.0
1.0,100.0,0.0001779168446432643,0.0,0.0,0.0,0.013888888888888888,0.0,0.0,1.0
2.0,1.33306602016484e-05,0.0,0.0,0.0,0.0,0.013888888888888888,0.0,0.0,1.0
3.0,1.2680831427823464e-05,0.0,0.0,0.0,0.0,0.013888888888888888,0.0,0.0,1.0
4.0,2.1571583562240964e-07,0.0,0.0,0.0,0.0,0.013888888888888888,0.0,0.0,0.0
1.0,100.0,0.00017791428262579748,0.0,0.0,0.0,0.013888888888888888,0.0,0.0,1.0
2.0,1.2865174811867155e-05,0.0,0.0,0.0,0.0,0.013888888888888888,0.0,0.0,1.0
3.0,1.2234548027199823e-05,0.0,0.0,0.0,0.0,0.013888888888888888,0.0,0.0,1.0
4.0,2.0865831237581156e-07,0.0,0.0,0.0,0.0,0.013888888888888888,0.0,0.0,0.0
1.0,100.0,0.000177911721465207,0.0,0.0,0.0,0.013888888888888888,0.0,0.0,1.0
2.0,1.2423078441686492e-05,0.0,0.0,0.0,0.0,0.013888888888888888,0.0,0.0,1.0
3.0,1.1811081096318611e-05,0.0,0.0,0.0,0.0,0.013888888888888888,0.0,0.0,1.0
4.0,2.0193804341550197e-07,0.0,0.0,0.0,0.0,0.013888888888888888,0.0,0.0,0.0
1.0,100.0,0.00017790916114275574,0.0,0.0,0.0,0.013888888888888888,0.0,0.0,1.0
2.0,1.2002871153351763e-05,0.0,0.0,0.0,0.0,0.013888888888888888,0.0,0.0,1.0
3.0,1.1408931279089145e-05,0.0,0.0,0.0,0.0,0.013888888888888888,0.0,0.0,1.0
4.0,1.955322440504122e-07,0.0,0.0,0.0,0.0,0.013888888888888888,0.0,0.0,0.0
1.0,100.0,0.0001779066016420234,0.0,0.0,0.0,0.013888888888888888,0.0,0.0,1.0
2.0,1.1603159527388856e-05,0.0,0.0,0.0,0.0,0.013888888888888888,0.0,0.0,1.0
3.0,1.1026710449083251e-05,0.0,0.0,0.0,0.0,0.013888888888888888,0.0,0.0,1.0
4.0,1.894244899907531e-07,0.0,0.0,0.0,0.0,0.013888888888888888,0.0,0.0,0.0
1.0,100.0,0.00017790404294390735,0.0,0.0,0.0,0.013888888888888888,0.0,0.0,1.0
2.0,1.1222664681653859e-05,0.0,0.0,0.0,0.0,0.013888888888888888,0.0,0.0,1.0
3.0,1.0663141343768286e-05,0.0,0.0,0.0,0.0,0.013888888888888888,0.0,0.0,1.0
4.0,1.8359356512664006e-07,0.0,0.0,0.0,0.0,0.013888888888888888,0.0,0.0,0.0
1.0,100.0,0.0001779014850314984,0.0,0.0,0.0,0.013888888888888888,0.0,0.0,1.0
2.0,1.0860203322406115e-05,0.0,0.0,0.0,0.0,0.013888888888888888,0.0,0.0,1.0
3.0,1.0317054843425596e-05,0.0,0.0,0.0,0.0,0.013888888888888888,0.0,0.0,1.0
4.0,1.7802562207445379e-07,0.0,0.0,0.0,0.0,0.013888888888888888,0.0,0.0,0.0
1.0,100.0,0.00017789892788794536,0.0,0.0,0.0,0.013888888888888888,0.0,0.0,1.0
2.0,1.05146714309352e-05,0.0,0.0,0.0,0.0,0.013888888888888888,0.0,0.0,1.0
3.0,9.98734960190574e-06,0.0,0.0,0.0,0.0,0.013888888888888888,0.0,0.0,1.0
4.0,1.727055056366423e-07,0.0,0.0,0.0,0.0,0.013888888888888888,0.0,0.0,0.0
1.0,100.0,0.00017789637149486575,0.0,0.0,0.0,0.013888888888888888,0.0,0.0,1.0
2.0,1.0185061115518436e-05,0.0,0.0,0.0,0.0,0.013888888888888888,0.0,0.0,1.0
3.0,9.673033561159193e-06,0.0,0.0,0.0,0.0,0.013888888888888888,0.0,0.0,1.0
4.0,1.6761793950268828e-07,0.0,0.0,0.0,0.0,0.013888888888888888,0.0,0.0,0.0
1.0,100.0,0.00017789381583451676,0.0,0.0,0.0,0.013888888888888888,0.0,0.0,1.0
2.0,9.870424837707972e-06,0.0,0.0,0.0,0.0,0.013888888888888888,0.0,0.0,1.0
3.0,9.37317200185131e-06,0.0,0.0,0.0,0.0,0.013888888888888888,0.0,0.0,1.0
4.0,1.6275017740425418e-07,0.0,0.0,0.0,0.0,0.013888888888888888,0.0,0.0,0.0
1.0,100.0,0.00017789126089122638,0.0,0.0,0.0,0.013888888888888888,0.0,0.0,1.0
2.0,9.569886768623934e-06,0.0,0.0,0.0,0.0,0.013888888888888888,0.0,0.0,1.0
3.0,9.086902726467412e-06,0.0,0.0,0.0,0.0,0.013888888888888888,0.0,0.0,1.0
4.0,1.580888080247096e-07,0.0,0.0,0.0,0.0,0.013888888888888888,0.0,0.0,0.0
1.0,100.0,0.0001778887066462973,0.0,0.0,0.0,0.013888888888888888,0.0,0.0,1.0
2.0,9.282635990557922e-06,0.0,0.0,0.0,0.0,0.013888888888888888,0.0,0.0,1.0
3.0,8.81342705193955e-06,0.0,0.0,0.0,0.0,0.013888888888888888,0.0,0.0,1.0
4.0,1.5362534792225298e-07,0.0,0.0,0.0,0.0,0.013888888888888888,0.0,0.0,0.0
1.0,100.0,0.00017788615308281407,0.0,0.0,0.0,0.013888888888888888,0.0,0.0,1.0
2.0,9.007914930070913e-06,0.0,0.0,0.0,0.0,0.013888888888888888,0.0,0.0,1.0
3.0,8.552001879571296e-06,0.0,0.0,0.0,0.0,0.013888888888888888,0.0,0.0,1.0
4.0,1.493470367752114e-07,0.0,0.0,0.0,0.0,0.013888888888888888,0.0,0.0,0.0
1.0,100.0,0.00017788360018422618,0.0,0.0,0.0,0.013888888888888888,0.0,0.0,1.0
2.0,8.745020331815643e-06,0.0,0.0,0.0,0.0,0.013888888888888888,0.0,0.0,1.0
3.0,8.301940441819431e-06,0.0,0.0,0.0,0.0,0.013888888888888888,0.0,0.0,1.0
4.0,1.4524335218139862e-07,0.0,0.0,0.0,0.0,0.013888888888888888,0.0,0.0,0.0
1.0,100.0,0.00017788104793266227,0.0,0.0,0.0,0.013888888888888888,0.0,0.0,1.0
2.0,8.493294993017123e-06,0.0,0.0,0.0,0.0,0.013888888888888888,0.0,0.0,1.0
3.0,8.062595919407282e-06,0.0,0.0,0.0,0.0,0.013888888888888888,0.0,0.0,1.0
4.0,1.4130542840235388e-07,0.0,0.0,0.0,0.0,0.013888888888888888,0.0,0.0,0.0
1.0,100.0,0.0001778784963117697,0.0,0.0,0.0,0.013888888888888888,0.0,0.0,1.0
2.0,8.252130319978762e-06,0.0,0.0,0.0,0.0,0.013888888888888888,0.0,0.0,1.0
3.0,7.83337972885664e-06,0.0,0.0,0.0,0.0,0.013888888888888888,0.0,0.0,1.0
4.0,1.3752548786468035e-07,0.0,0.0,0.0,0.0,0.013888888888888888,0.0,0.0,0.0
1.0,100.0,0.0001778759453048356,0.0,0.0,0.0,0.013888888888888888,0.0,0.0,1.0
2.0,8.020951136532259e-06,0.0,0.0,0.0,0.0,0.013888888888888888,0.0,0.0,1.0
3.0,7.6137278108370646e-06,0.0,0.0,0.0,0.0,0.013888888888888888,0.0,0.0,1.0
4.0,1.3389348289553312e-07,0.0,0.0,0.0,0.0,0.013888888888888888,0.0,0.0,0.0
1.0,100.0,0.00017787339489381694,0.0,0.0,0.0,0.013888888888888888,0.0,0.0,1.0
2.0,7.799223433201448e-06,0.0,0.0,0.0,0.0,0.013888888888888888,0.0,0.0,1.0
3.0,7.4031185933179485e-06,0.0,0.0,0.0,0.0,0.013888888888888888,0.0,0.0,1.0
4.0,1.3040389997245167e-07,0.0,0.0,0.0,0.0,0.013888888888888888,0.0,0.0,0.0
1.0,100.0,0.00017787084506406774,0.0,0.0,0.0,0.013888888888888888,0.0,0.0,1.0
2.0,7.5864531033706e-06,0.0,0.0,0.0,0.0,0.013888888888888888,0.0,0.0,1.0
3.0,7.20107689083578e-06,0.0,0.0,0.0,0.0,0.013888888888888888,0.0,0.0,1.0
4.0,1.2704852588316257e-07,0.0,0.0,0.0,0.0,0.013888888888888888,0.0,0.0,0.0
1.0,100.0,0.0001840523957596184,0.0,0.0,0.0,0.013888888888888888,0.0,0.0,1.0
2.0,7.669286995751064e-05,0.0,0.0,0.0,0.0,0.013888888888888888,0.0,0.0,1.0
3.0,7.329294361846932e-05,0.0,0.0,0.0,0.0,0.013888888888888888,0.0,0.0,1.0
4.0,5.142750776332654e-07,0.0,0.0,0.0,0.0,0.013888888888888888,0.0,0.0,0.0
1.0,100.0,0.0001732514040079215,0.0,0.0,0.0,0.013888888888888888,0.0,0.0,1.0
2.0,3.1549657919512044e-06,0.0,0.0,0.0,0.0,0.013888888888888888,0.0,0.0,1.0
3.0,3.533038964918815e-06,0.0,0.0,0.0,0.0,0.013888888888888888,0.0,0.0,1.0
4.0,9.840349594771605e-08,0.0,0.0,0.0,0.0,0.013888888888888888,0.0,0.0,0.0
1.0,100.0,0.00017527967552217658,0.0,0.0,0.0,0.013888888888888888,0.0,0.0,1.0
2.0,6.283031360761298e-06,0.0,0.0,0.0,0.0,0.013888888888888888,0.0,0.0,1.0
3.0,6.530826895506928e-06,0.0,0.0,0.0,0.0,0.013888888888888888,0.0,0.0,1.0
4.0,1.1375558553529664e-07,0.0,0.0,0.0,0.0,0.013888888888888888,0.0,0.0,0.0
1.0,100.0,0.00017530709011598537,0.0,0.0,0.0,0.013888888888888888,0.0,0.0,1.0
2.0,6.35628779920145e-06,0.0,0.0,0.0,0.0,0.013888888888888888,0.0,0.0,1.0
3.0,6.507119573136105e-06,0.0,0.0,0.0,0.0,0.013888888888888888,0.0,0.0,1.0
4.0,1.1229376481825789e-07,0.0,0.0,0.0,0.0,0.013888888888888888,0.0,0.0,0.0
1.0,100.0,0.0001753343008811928,0.0,0.0,0.0,0.013888888888888888,0.0,0.0,1.0
2.0,6.39219715290343e-06,0.0,0.0,0.0,0.0,0.013888888888888888,0.0,0.0,1.0
3.0,6.469431068245245e-06,0.0,0.0,0.0,0.0,0.013888888888888888,0.0,0.0,1.0
4.0,1.1114769689346837e-07,0.0,0.0,0.0,0.0,0.013888888888888888,0.0,0.0,0.0
1.0,100.0,0.00017536131761488252,0.0,0.0,0.0,0.013888888888888888,0.0,0.0,1.0
2.0,6.409113634016559e-06,0.0,0.0,0.0,0.0,0.013888888888888888,0.0,0.0,1.0
3.0,6.4285749315695614e-06,0.0,0.0,0.0,0.0,0.013888888888888888,0.0,0.0,1.0
4.0,1.0998622476799949e-07,0.0,0.0,0.0,0.0,0.013888888888888888,0.0,0.0,0.0
1.0,100.0,0.0001753881495601779,0.0,0.0,0.0,0.013888888888888888,0.0,0.0,1.0
2.0,6.414118161003783e-06,0.0,0.0,0.0,0.0,0.013888888888888888,0.0,0.0,1.0
3.0,6.386947259177219e-06,0.0,0.0,0.0,0.0,0.013888888888888888,0.0,0.0,1.0
4.0,1.0877973456754843e-07,0.0,0.0,0.0,0.0,0.013888888888888888,0.0,0.0,0.0
1.0,100.0,0.00017541480519805706,0.0,0.0,0.0,0.013888888888888888,0.0,0.0,1.0
2.0,6.4116287628329e-06,0.0,0.0,0.0,0.0,0.013888888888888888,0.0,0.0,1.0
3.0,6.345862788694424e-06,0.0,0.0,0.0,0.0,0.013888888888888888,0.0,0.0,1.0
4.0,1.075520808567628e-07,0.0,0.0,0.0,0.0,0.013888888888888888,0.0,0.0,0.0
1.0,100.0,0.00017544129232831138,0.0,0.0,0.0,0.013888888888888888,0.0,0.0,1.0
2.0,6.404519892587766e-06,0.0,0.0,0.0,0.0,0.013888888888888888,0.0,0.0,1.0
3.0,6.3060860016264495e-06,0.0,0.0,0.0,0.0,0.013888888888888888,0.0,0.0,1.0
4.0,1.0633107960598017e-07,0.0,0.0,0.0,0.0,0.013888888888888888,0.0,0.0,0.0
1.0,100.0,0.00017546761814563373,0.0,0.0,0.0,0.013888888888888888,0.0,0.0,1.0
2.0,6.394698224143642e-06,0.0,0.0,0.0,0.0,0.013888888888888888,0.0,0.0,1.0
3.0,6.268074985869899e-06,0.0,0.0,0.0,0.0,0.013888888888888888,0.0,0.0,1.0
4.0,1.0514311859737901e-07,0.0,0.0,0.0,0.0,0.013888888888888888,0.0,0.0,0.0
1.0,100.0,0.00017549378930058632,0.0,0.0,0.0,0.013888888888888888,0.0,0.0,1.0
2.0,6.383415023660545e-06,0.0,0.0,0.0,0.0,0.013888888888888888,0.0,0.0,1.0
3.0,6.232055463676541e-06,0.0,0.0,0.0,0.0,0.013888888888888888,0.0,0.0,1.0
4.0,1.0399567742932987e-07,0.0,0.0,0.0,0.0,0.013888888888888888,0.0,0.0,0.0
1.0,100.0,0.00017551981195613239,0.0,0.0,0.0,0.013888888888888888,0.0,0.0,1.0
2.0,6.371506958852938e-06,0.0,0.0,0.0,0.0,0.013888888888888888,0.0,0.0,1.0
3.0,6.198144649634381e-06,0.0,0.0,0.0,0.0,0.013888888888888888,0.0,0.0,1.0
4.0,1.0289906244519195e-07,0.0,0.0,0.0,0.0,0.013888888888888888,0.0,0.0,0.0
1.0,100.0,0.0001755456918378624,0.0,0.0,0.0,0.013888888888888888,0.0,0.0,1.0
2.0,6.359518623380459e-06,0.0,0.0,0.0,0.0,0.013888888888888888,0.0,0.0,1.0
3.0,6.1663575833810055e-06,0.0,0.0,0.0,0.0,0.013888888888888888,0.0,0.0,1.0
4.0,1.0186041168785327e-07,0.0,0.0,0.0,0.0,0.013888888888888888,0.0,0.0,0.0
1.0,100.0,0.00017557143427476281,0.0,0.0,0.0,0.013888888888888888,0.0,0.0,1.0
2.0,6.3478111762669114e-06,0.0,0.0,0.0,0.0,0.013888888888888888,0.0,0.0,1.0
3.0,6.136672739258969e-06,0.0,0.0,0.0,0.0,0.013888888888888888,0.0,0.0,1.0
4.0,1.0087799076362597e-07,0.0,0.0,0.0,0.0,0.013888888888888888,0.0,0.0,0.0
1.0,100.0,0.0001755970442374708,0.0,0.0,0.0,0.013888888888888888,0.0,0.0,1.0
2.0,6.3366041319929575e-06,0.0,0.0,0.0,0.0,0.013888888888888888,0.0,0.0,1.0
3.0,6.109018197169888e-06,0.0,0.0,0.0,0.0,0.013888888888888888,0.0,0.0,1.0
4.0,9.995320805035857e-08,0.0,0.0,0.0,0.0,0.013888888888888888,0.0,0.0,0.0
1.0,100.0,0.00017562252637304816,0.0,0.0,0.0,0.013888888888888888,0.0,0.0,1.0
2.0,6.3260414263113e-06,0.0,0.0,0.0,0.0,0.013888888888888888,0.0,0.0,1.0
3.0,6.08331637148406e-06,0.0,0.0,0.0,0.0,0.013888888888888888,0.0,0.0,1.0
4.0,9.908863307519339e-08,0.0,0.0,0.0,0.0,0.013888888888888888,0.0,0.0,0.0
1.0,100.0,0.00017564788503414495,0.0,0.0,0.0,0.013888888888888888,0.0,0.0,1.0
2.0,6.316205355115029e-06,0.0,0.0,0.0,0.0,0.013888888888888888,0.0,0.0,1.0
3.0,6.059475441968193e-06,0.0,0.0,0.0,0.0,0.013888888888888888,0.0,0.0,1.0
4.0,9.827677741874442e-08,0.0,0.0,0.0,0.0,0.013888888888888888,0.0,0.0,0.0
1.0,100.0,0.00017567312430619785,0.0,0.0,0.0,0.013888888888888888,0.0,0.0,1.0
2.0,6.307133060759815e-06,0.0,0.0,0.0,0.0,0.013888888888888888,0.0,0.0,1.0
3.0,6.037392963471828e-06,0.0,0.0,0.0,0.0,0.013888888888888888,0.0,0.0,1.0
4.0,9.752104403676278e-08,0.0,0.0,0.0,0.0,0.013888888888888888,0.0,0.0,0.0
1.0,100.0,0.0001756982480275815,0.0,0.0,0.0,0.013888888888888888,0.0,0.0,1.0
2.0,6.298840979374332e-06,0.0,0.0,0.0,0.0,0.013888888888888888,0.0,0.0,1.0
3.0,6.016968031195814e-06,0.0,0.0,0.0,0.0,0.013888888888888888,0.0,0.0,1.0
4.0,9.68171632484625e-08,0.0,0.0,0.0,0.0,0.013888888888888888,0.0,0.0,0.0
1.0,100.0,0.0001757232598159583,0.0,0.0,0.0,0.013888888888888888,0.0,0.0,1.0
2.0,6.2913312907366646e-06,0.0,0.0,0.0,0.0,0.013888888888888888,0.0,0.0,1.0
3.0,5.9980961312972745e-06,0.0,0.0,0.0,0.0,0.013888888888888888,0.0,0.0,1.0
4.0,9.616323820901749e-08,0.0,0.0,0.0,0.0,0.013888888888888888,0.0,0.0,0.0
1.0,100.0,0.00017574816308410084,0.0,0.0,0.0,0.013888888888888888,0.0,0.0,1.0
2.0,6.284594985594997e-06,0.0,0.0,0.0,0.0,0.013888888888888888,0.0,0.0,1.0
3.0,5.98068842238116e-06,0.0,0.0,0.0,0.0,0.013888888888888888,0.0,0.0,1.0
4.0,9.555934089833521e-08,0.0,0.0,0.0,0.0,0.013888888888888888,0.0,0.0,0.0
1.0,100.0,0.00017577296105749122,0.0,0.0,0.0,0.013888888888888888,0.0,0.0,1.0
2.0,6.278614440536816e-06,0.0,0.0,0.0,0.0,0.013888888888888888,0.0,0.0,1.0
3.0,5.964648565629375e-06,0.0,0.0,0.0,0.0,0.013888888888888888,0.0,0.0,1.0
4.0,9.499922141084327e-08,0.0,0.0,0.0,0.0,0.013888888888888888,0.0,0.0,0.0
1.0,100.0,0.00017579765678866753,0.0,0.0,0.0,0.013888888888888888,0.0,0.0,1.0
2.0,6.273364591935652e-06,0.0,0.0,0.0,0.0,0.013888888888888888,0.0,0.0,1.0
3.0,5.949888334083286e-06,0.0,0.0,0.0,0.0,0.013888888888888888,0.0,0.0,1.0
4.0,9.448335605967164e-08,0.0,0.0,0.0,0.0,0.013888888888888888,0.0,0.0,0.0
1.0,100.0,0.00017582225317249166,0.0,0.0,0.0,0.013888888888888888,0.0,0.0,1.0
2.0,6.26881978806563e-06,0.0,0.0,0.0,0.0,0.013888888888888888,0.0,0.0,1.0
3.0,5.93633053903517e-06,0.0,0.0,0.0,0.0,0.013888888888888888,0.0,0.0,1.0
4.0,9.401042942619422e-08,0.0,0.0,0.0,0.0,0.013888888888888888,0.0,0.0,0.0
1.0,100.0,0.00017584675295796563,0.0,0.0,0.0,0.013888888888888888,0.0,0.0,1.0
2.0,6.264947378847269e-06,0.0,0.0,0.0,0.0,0.013888888888888888,0.0,0.0,1.0
3.0,5.923892801745087e-06,0.0,0.0,0.0,0.0,0.013888888888888888,0.0,0.0,1.0
4.0,9.357641335500229e-08,0.0,0.0,0.0,0.0,0.013888888888888888,0.0,0.0,0.0
1.0,100.0,0.00017587115875892053,0.0,0.0,0.0,0.013888888888888888,0.0,0.0,1.0
2.0,6.261711665577731e-06,0.0,0.0,0.0,0.0,0.013888888888888888,0.0,0.0,1.0
3.0,5.9124978750000285e-06,0.0,0.0,0.0,0.0,0.013888888888888888,0.0,0.0,1.0
4.0,9.318110329065174e-08,0.0,0.0,0.0,0.0,0.013888888888888888,0.0,0.0,0.0
1.0,100.0,0.00017589547306580923,0.0,0.0,0.0,0.013888888888888888,0.0,0.0,1.0
2.0,6.259080664101575e-06,0.0,0.0,0.0,0.0,0.013888888888888888,0.0,0.0,1.0
3.0,5.902077427743734e-06,0.0,0.0,0.0,0.0,0.013888888888888888,0.0,0.0,1.0
4.0,9.282010564499279e-08,0.0,0.0,0.0,0.0,0.013888888888888888,0.0,0.0,0.0
1.0,100.0,0.00017591969825234288,0.0,0.0,0.0,0.013888888888888888,0.0,0.0,1.0
2.0,6.257016855567751e-06,0.0,0.0,0.0,0.0,0.013888888888888888,0.0,0.0,1.0
3.0,5.892559363337341e-06,0.0,0.0,0.0,0.0,0.013888888888888888,0.0,0.0,1.0
4.0,9.249389758950211e-08,0.0,0.0,0.0,0.0,0.013888888888888888,0.0,0.0,0.0
1.0,100.0,0.00017594383658665072,0.0,0.0,0.0,0.013888888888888888,0.0,0.0,1.0
2.0,6.255488226944169e-06,0.0,0.0,0.0,0.0,0.013888888888888888,0.0,0.0,1.0
3.0,5.883887906613749e-06,0.0,0.0,0.0,0.0,0.013888888888888888,0.0,0.0,1.0
4.0,9.220199741206505e-08,0.0,0.0,0.0,0.0,0.013888888888888888,0.0,0.0,0.0
1.0,100.0,0.00017596789023634405,0.0,0.0,0.0,0.013888888888888888,0.0,0.0,1.0
2.0,6.254457545706668e-06,0.0,0.0,0.0,0.0,0.013888888888888888,0.0,0.0,1.0
3.0,5.875993535343175e-06,0.0,0.0,0.0,0.0,0.013888888888888888,0.0,0.0,1.0
4.0,9.194249773765051e-08,0.0,0.0,0.0,0.0,0.013888888888888888,0.0,0.0,0.0
1.0,100.0,0.0001759918612789233,0.0,0.0,0.0,0.013888888888888888,0.0,0.0,1.0
2.0,6.2538924663752135e-06,0.0,0.0,0.0,0.0,0.013888888888888888,0.0,0.0,1.0
3.0,5.86882230323944e-06,0.0,0.0,0.0,0.0,0.013888888888888888,0.0,0.0,1.0
4.0,9.170954218491518e-08,0.0,0.0,0.0,0.0,0.013888888888888888,0.0,0.0,0.0
1.0,100.0,0.00017601575170351846,0.0,0.0,0.0,0.013888888888888888,0.0,0.0,1.0
2.0,6.253762110810058e-06,0.0,0.0,0.0,0.0,0.013888888888888888,0.0,0.0,1.0
3.0,5.862323549710494e-06,0.0,0.0,0.0,0.0,0.013888888888888888,0.0,0.0,1.0
4.0,9.150632114027097e-08,0.0,0.0,0.0,0.0,0.013888888888888888,0.0,0.0,0.0
1.0,100.0,0.00017603956342124872,0.0,0.0,0.0,0.013888888888888888,0.0,0.0,1.0
2.0,6.254032147395403e-06,0.0,0.0,0.0,0.0,0.013888888888888888,0.0,0.0,1.0
3.0,5.856445521391936e-06,0.0,0.0,0.0,0.0,0.013888888888888888,0.0,0.0,1.0
4.0,9.132736972153498e-08,0.0,0.0,0.0,0.0,0.013888888888888888,0.0,0.0,0.0
1.0,100.0,0.0001760632982669152,0.0,0.0,0.0,0.013888888888888888,0.0,0.0,1.0
2.0,6.2546683490265976e-06,0.0,0.0,0.0,0.0,0.013888888888888888,0.0,0.0,1.0
3.0,5.851136330897639e-06,0.0,0.0,0.0,0.0,0.013888888888888888,0.0,0.0,1.0
4.0,9.117527282361891e-08,0.0,0.0,0.0,0.0,0.013888888888888888,0.0,0.0,0.0
1.0,100.0,0.00017608695800754284,0.0,0.0,0.0,0.013888888888888888,0.0,0.0,1.0
2.0,6.255644541368526e-06,0.0,0.0,0.0,0.0,0.013888888888888888,0.0,0.0,1.0
3.0,5.84635319193782e-06,0.0,0.0,0.0,0.0,0.013888888888888888,0.0,0.0,1.0
4.0,9.104561308802704e-08,0.0,0.0,0.0,0.0,0.013888888888888888,0.0,0.0,0.0
1.0,100.0,0.00017611054434342355,0.0,0.0,0.0,0.013888888888888888,0.0,0.0,1.0
2.0,6.2569286232958105e-06,0.0,0.0,0.0,0.0,0.013888888888888888,0.0,0.0,1.0
3.0,5.842055239867074e-06,0.0,0.0,0.0,0.0,0.013888888888888888,0.0,0.0,1.0
4.0,9.094193434554053e-08,0.0,0.0,0.0,0.0,0.013888888888888888,0.0,0.0,0.0
1.0,100.0,0.00017613405891457904,0.0,0.0,0.0,0.013888888888888888,0.0,0.0,1.0
2.0,6.25849441376135e-06,0.0,0.0,0.0,0.0,0.013888888888888888,0.0,0.0,1.0
3.0,5.838202168868349e-06,0.0,0.0,0.0,0.0,0.013888888888888888,0.0,0.0,1.0
4.0,9.085825506037715e-08,0.0,0.0,0.0,0.0,0.013888888888888888,0.0,0.0,0.0
1.0,100.0,0.00017615618694409753,0.0,0.0,0.0,0.013888888888888888,0.0,0.0,1.0
2.0,2.8313014490622234e-06,0.0,0.0,0.0,0.0,0.013888888888888888,0.0,0.0,1.0
3.0,2.5511566557992893e-06,0.0,0.0,0.0,0.0,0.013888888888888888,0.0,0.0,1.0
4.0,4.703995435085378e-08,0.0,0.0,0.0,0.0,0.013888888888888888,0.0,0.0,0.0
1.0,100.0,0.00017622809851853004,0.0,0.0,0.0,0.013888888888888888,0.0,0.0,1.0
2.0,2.67478143900616e-06,0.0,0.0,0.0,0.0,0.013888888888888888,0.0,0.0,1.0
3.0,2.4177843893402023e-06,0.0,0.0,0.0,0.0,0.013888888888888888,0.0,0.0,1.0
4.0,4.5513939066879786e-08,0.0,0.0,0.0,0.0,0.013888888888888888,0.0,0.0,0.0
1.0,100.0,0.0001762277372353323,0.0,0.0,0.0,0.013888888888888888,0.0,0.0,1.0
2.0,2.645236059706877e-06,0.0,0.0,0.0,0.0,0.013888888888888888,0.0,0.0,1.0
3.0,2.4069898151762286e-06,0.0,0.0,0.0,0.0,0.013888888888888888,0.0,0.0,1.0
4.0,4.535581770938636e-08,0.0,0.0,0.0,0.0,0.013888888888888888,0.0,0.0,0.0
1.0,100.0,0.00017622737240311303,0.0,0.0,0.0,0.013888888888888888,0.0,0.0,1.0
2.0,2.6179424455756534e-06,0.0,0.0,0.0,0.0,0.013888888888888888,0.0,0.0,1.0
3.0,2.395163884687723e-06,0.0,0.0,0.0,0.0,0.013888888888888888,0.0,0.0,1.0
4.0,4.518619976831259e-08,0.0,0.0,0.0,0.0,0.013888888888888888,0.0,0.0,0.0
1.0,100.0,0.00017622700401216,0.0,0.0,0.0,0.013888888888888888,0.0,0.0,1.0
2.0,2.5914902098445817e-06,0.0,0.0,0.0,0.0,0.013888888888888888,0.0,0.0,1.0
3.0,2.3817652092542184e-06,0.0,0.0,0.0,0.0,0.013888888888888888,0.0,0.0,1.0
4.0,4.50002915307857e-08,0.0,0.0,0.0,0.0,0.013888888888888888,0.0,0.0,0.0
1.0,100.0,0.0001762266320725662,0.0,0.0,0.0,0.013888888888888888,0.0,0.0,1.0
2.0,2.565364566305602e-06,0.0,0.0,0.0,0.0,0.013888888888888888,0.0,0.0,1.0
3.0,2.366857394089001e-06,0.0,0.0,0.0,0.0,0.013888888888888888,0.0,0.0,1.0
4.0,4.4794674530880044e-08,0.0,0.0,0.0,0.0,0.013888888888888888,0.0,0.0,0.0
1.0,100.0,0.00017622625659221864,0.0,0.0,0.0,0.013888888888888888,0.0,0.0,1.0
2.0,2.539294451353022e-06,0.0,0.0,0.0,0.0,0.013888888888888888,0.0,0.0,1.0
3.0,2.350572706023251e-06,0.0,0.0,0.0,0.0,0.013888888888888888,0.0,0.0,1.0
4.0,4.45701187082359e-08,0.0,0.0,0.0,0.0,0.013888888888888888,0.0,0.0,0.0
1.0,100.0,0.00017622587757809614,0.0,0.0,0.0,0.013888888888888888,0.0,0.0,1.0
2.0,2.5131381174549183e-06,0.0,0.0,0.0,0.0,0.013888888888888888,0.0,0.0,1.0
3.0,2.3330523752593444e-06,0.0,0.0,0.0,0.0,0.013888888888888888,0.0,0.0,1.0
4.0,4.432435368121271e-08,0.0,0.0,0.0,0.0,0.013888888888888888,0.0,0.0,0.0
1.0,100.0,0.00017622549503963514,0.0,0.0,0.0,0.013888888888888888,0.0,0.0,1.0
2.0,2.4868443104096104e-06,0.0,0.0,0.0,0.0,0.013888888888888888,0.0,0.0,1.0
3.0,2.314460598026122e-06,0.0,0.0,0.0,0.0,0.013888888888888888,0.0,0.0,1.0
4.0,4.4058149379028484e-08,0.0,0.0,0.0,0.0,0.013888888888888888,0.0,0.0,0.0
1.0,100.0,0.00017622510898318588,0.0,0.0,0.0,0.013888888888888888,0.0,0.0,1.0
2.0,2.4603962671967305e-06,0.0,0.0,0.0,0.0,0.013888888888888888,0.0,0.0,1.0
3.0,2.294935185843557e-06,0.0,0.0,0.0,0.0,0.013888888888888888,0.0,0.0,1.0
4.0,4.377397871525891e-08,0.0,0.0,0.0,0.0,0.013888888888888888,0.0,0.0,0.0
1.0,100.0,0.00017622471941756084,0.0,0.0,0.0,0.013888888888888888,0.0,0.0,1.0
2.0,2.433816861374428e-06,0.0,0.0,0.0,0.0,0.013888888888888888,0.0,0.0,1.0
3.0,2.2746173128950164e-06,0.0,0.0,0.0,0.0,0.013888888888888888,0.0,0.0,1.0
4.0,4.3472106892185754e-08,0.0,0.0,0.0,0.0,0.013888888888888888,0.0,0.0,0.0
1.0,100.0,0.00017622432635033662,0.0,0.0,0.0,0.013888888888888888,0.0,0.0,1.0
2.0,2.4071364084295217e-06,0.0,0.0,0.0,0.0,0.013888888888888888,0.0,0.0,1.0
3.0,2.2536307395098907e-06,0.0,0.0,0.0,0.0,0.013888888888888888,0.0,0.0,1.0
4.0,4.315401011213428e-08,0.0,0.0,0.0,0.0,0.013888888888888888,0.0,0.0,0.0
1.0,100.0,0.0001762239297882582,0.0,0.0,0.0,0.013888888888888888,0.0,0.0,1.0
2.0,2.380397118522525e-06,0.0,0.0,0.0,0.0,0.013888888888888888,0.0,0.0,1.0
3.0,2.2320934817064765e-06,0.0,0.0,0.0,0.0,0.013888888888888888,0.0,0.0,1.0
4.0,4.2822653051754525e-08,0.0,0.0,0.0,0.0,0.013888888888888888,0.0,0.0,0.0
1.0,100.0,0.00017622352973992373,0.0,0.0,0.0,0.013888888888888888,0.0,0.0,1.0
2.0,2.3536414149424964e-06,0.0,0.0,0.0,0.0,0.013888888888888888,0.0,0.0,1.0
3.0,2.2101113655489725e-06,0.0,0.0,0.0,0.0,0.013888888888888888,0.0,0.0,1.0
4.0,4.248205990683807e-08,0.0,0.0,0.0,0.0,0.013888888888888888,0.0,0.0,0.0
1.0,100.0,0.00017622312621185738,0.0,0.0,0.0,0.013888888888888888,0.0,0.0,1.0
2.0,2.3269047565209287e-06,0.0,0.0,0.0,0.0,0.013888888888888888,0.0,0.0,1.0
3.0,2.1877677974491524e-06,0.0,0.0,0.0,0.0,0.013888888888888888,0.0,0.0,1.0
4.0,4.212966996596966e-08,0.0,0.0,0.0,0.0,0.013888888888888888,0.0,0.0,0.0
1.0,100.0,0.00017622271921174194,0.0,0.0,0.0,0.013888888888888888,0.0,0.0,1.0
2.0,2.3002298165623094e-06,0.0,0.0,0.0,0.0,0.013888888888888888,0.0,0.0,1.0
3.0,2.165148199301312e-06,0.0,0.0,0.0,0.0,0.013888888888888888,0.0,0.0,1.0
4.0,4.1768649533166774e-08,0.0,0.0,0.0,0.0,0.013888888888888888,0.0,0.0,0.0
1.0,100.0,0.00017622230874685937,0.0,0.0,0.0,0.013888888888888888,0.0,0.0,1.0
2.0,2.2736521275407632e-06,0.0,0.0,0.0,0.0,0.013888888888888888,0.0,0.0,1.0
3.0,2.1423243415555514e-06,0.0,0.0,0.0,0.0,0.013888888888888888,0.0,0.0,1.0
4.0,4.140033573373585e-08,0.0,0.0,0.0,0.0,0.013888888888888888,0.0,0.0,0.0
1.0,100.0,0.00017622189482462028,0.0,0.0,0.0,0.013888888888888888,0.0,0.0,1.0
2.0,2.2472036512546614e-06,0.0,0.0,0.0,0.0,0.013888888888888888,0.0,0.0,1.0
3.0,2.1193636783687924e-06,0.0,0.0,0.0,0.0,0.013888888888888888,0.0,0.0,1.0
4.0,4.102803346415609e-08,0.0,0.0,0.0,0.0,0.013888888888888888,0.0,0.0,0.0
1.0,100.0,0.00017622147745241574,0.0,0.0,0.0,0.013888888888888888,0.0,0.0,1.0
2.0,2.220911517599131e-06,0.0,0.0,0.0,0.0,0.013888888888888888,0.0,0.0,1.0
3.0,2.096316254418816e-06,0.0,0.0,0.0,0.0,0.013888888888888888,0.0,0.0,1.0
4.0,4.065085963486195e-08,0.0,0.0,0.0,0.0,0.013888888888888888,0.0,0.0,0.0
1.0,100.0,0.00017622105663638184,0.0,0.0,0.0,0.013888888888888888,0.0,0.0,1.0
2.0,2.1948027171988937e-06,0.0,0.0,0.0,0.0,0.013888888888888888,0.0,0.0,1.0
3.0,2.0732325544682416e-06,0.0,0.0,0.0,0.0,0.013888888888888888,0.0,0.0,1.0
4.0,4.0267956411789785e-08,0.0,0.0,0.0,0.0,0.013888888888888888,0.0,0.0,0.0
1.0,100.0,0.00017622063238479854,0.0,0.0,0.0,0.013888888888888888,0.0,0.0,1.0
2.0,2.168898740530167e-06,0.0,0.0,0.0,0.0,0.013888888888888888,0.0,0.0,1.0
3.0,2.0501611319908134e-06,0.0,0.0,0.0,0.0,0.013888888888888888,0.0,0.0,1.0
4.0,3.988397826808936e-08,0.0,0.0,0.0,0.0,0.013888888888888888,0.0,0.0,0.0
1.0,100.0,0.00017622020470456834,0.0,0.0,0.0,0.013888888888888888,0.0,0.0,1.0
2.0,2.1432164989603333e-06,0.0,0.0,0.0,0.0,0.013888888888888888,0.0,0.0,1.0
3.0,2.0271326275845767e-06,0.0,0.0,0.0,0.0,0.013888888888888888,0.0,0.0,1.0
4.0,3.949722217305334e-08,0.0,0.0,0.0,0.0,0.013888888888888888,0.0,0.0,0.0
1.0,100.0,0.00017621977360145994,0.0,0.0,0.0,0.013888888888888888,0.0,0.0,1.0
2.0,2.117774190319115e-06,0.0,0.0,0.0,0.0,0.013888888888888888,0.0,0.0,1.0
3.0,2.004185728732773e-06,0.0,0.0,0.0,0.0,0.013888888888888888,0.0,0.0,1.0
4.0,3.9110021542413265e-08,0.0,0.0,0.0,0.0,0.013888888888888888,0.0,0.0,0.0
1.0,100.0,0.00017621933908358966,0.0,0.0,0.0,0.013888888888888888,0.0,0.0,1.0
2.0,2.0925860263648175e-06,0.0,0.0,0.0,0.0,0.013888888888888888,0.0,0.0,1.0
3.0,1.9813457263564573e-06,0.0,0.0,0.0,0.0,0.013888888888888888,0.0,0.0,1.0
4.0,3.8721745521384615e-08,0.0,0.0,0.0,0.0,0.013888888888888888,0.0,0.0,0.0
1.0,100.0,0.00017621890115825816,0.0,0.0,0.0,0.013888888888888888,0.0,0.0,1.0
2.0,2.0676605679502358e-06,0.0,0.0,0.0,0.0,0.013888888888888888,0.0,0.0,1.0
3.0,1.9586384028453977e-06,0.0,0.0,0.0,0.0,0.013888888888888888,0.0,0.0,1.0
4.0,3.833419769187908e-08,0.0,0.0,0.0,0.0,0.013888888888888888,0.0,0.0,0.0
1.0,100.0,0.00017621845982980952,0.0,0.0,0.0,0.013888888888888888,0.0,0.0,1.0
2.0,2.043012380068237e-06,0.0,0.0,0.0,0.0,0.013888888888888888,0.0,0.0,1.0
3.0,1.936089477070062e-06,0.0,0.0,0.0,0.0,0.013888888888888888,0.0,0.0,1.0
4.0,3.7946785030422416e-08,0.0,0.0,0.0,0.0,0.013888888888888888,0.0,0.0,0.0
1.0,100.0,0.00017621801510742026,0.0,0.0,0.0,0.013888888888888888,0.0,0.0,1.0
2.0,2.0186457477787456e-06,0.0,0.0,0.0,0.0,0.013888888888888888,0.0,0.0,1.0
3.0,1.9137114864930667e-06,0.0,0.0,0.0,0.0,0.013888888888888888,0.0,0.0,1.0
4.0,3.7561210168464155e-08,0.0,0.0,0.0,0.0,0.013888888888888888,0.0,0.0,0.0
1.0,100.0,0.00017621756699673228,0.0,0.0,0.0,0.013888888888888888,0.0,0.0,1.0
2.0,1.9945700143260634e-06,0.0,0.0,0.0,0.0,0.013888888888888888,0.0,0.0,1.0
3.0,1.8915257599893092e-06,0.0,0.0,0.0,0.0,0.013888888888888888,0.0,0.0,1.0
4.0,3.7175454774041034e-08,0.0,0.0,0.0,0.0,0.013888888888888888,0.0,0.0,0.0
1.0,100.0,0.00017621711550471094,0.0,0.0,0.0,0.013888888888888888,0.0,0.0,1.0
2.0,1.97078933904323e-06,0.0,0.0,0.0,0.0,0.013888888888888888,0.0,0.0,1.0
3.0,1.8695467267289578e-06,0.0,0.0,0.0,0.0,0.013888888888888888,0.0,0.0,1.0
4.0,3.6794954978775116e-08,0.0,0.0,0.0,0.0,0.013888888888888888,0.0,0.0,0.0
1.0,100.0,0.00017621666063692904,0.0,0.0,0.0,0.013888888888888888,0.0,0.0,1.0
2.0,1.9473061282939816e-06,0.0,0.0,0.0,0.0,0.013888888888888888,0.0,0.0,1.0
3.0,1.8477826479805234e-06,0.0,0.0,0.0,0.0,0.013888888888888888,0.0,0.0,1.0
4.0,3.641307601533442e-08,0.0,0.0,0.0,0.0,0.013888888888888888,0.0,0.0,0.0
1.0,100.0,0.0001762162024014012,0.0,0.0,0.0,0.013888888888888888,0.0,0.0,1.0
2.0,1.9241258284810648e-06,0.0,0.0,0.0,0.0,0.013888888888888888,0.0,0.0,1.0
3.0,1.826242352682486e-06,0.0,0.0,0.0,0.0,0.013888888888888888,0.0,0.0,1.0
4.0,3.6035077392958906e-08,0.0,0.0,0.0,0.0,0.013888888888888888,0.0,0.0,0.0
1.0,100.0,0.00017621574080346566,0.0,0.0,0.0,0.013888888888888888,0.0,0.0,1.0
2.0,1.9012524105033064e-06,0.0,0.0,0.0,0.0,0.013888888888888888,0.0,0.0,1.0
3.0,1.8049419349070638e-06,0.0,0.0,0.0,0.0,0.013888888888888888,0.0,0.0,1.0
4.0,3.565875161622632e-08,0.0,0.0,0.0,0.0,0.013888888888888888,0.0,0.0,0.0
1.0,100.0,0.00017621527584974817,0.0,0.0,0.0,0.013888888888888888,0.0,0.0,1.0
2.0,1.8786823282309947e-06,0.0,0.0,0.0,0.0,0.013888888888888888,0.0,0.0,1.0
3.0,1.7838809909666912e-06,0.0,0.0,0.0,0.0,0.013888888888888888,0.0,0.0,1.0
4.0,3.5285675114770636e-08,0.0,0.0,0.0,0.0,0.013888888888888888,0.0,0.0,0.0
1.0,100.0,0.0001762148075464295,0.0,0.0,0.0,0.013888888888888888,0.0,0.0,1.0
2.0,1.8564198937388575e-06,0.0,0.0,0.0,0.0,0.013888888888888888,0.0,0.0,1.0
3.0,1.7630680725679294e-06,0.0,0.0,0.0,0.0,0.013888888888888888,0.0,0.0,1.0
4.0,3.491557020118538e-08,0.0,0.0,0.0,0.0,0.013888888888888888,0.0,0.0,0.0
1.0,100.0,0.000176214335899916,0.0,0.0,0.0,0.013888888888888888,0.0,0.0,1.0
2.0,1.8344659003775922e-06,0.0,0.0,0.0,0.0,0.013888888888888888,0.0,0.0,1.0
3.0,1.7425110882458636e-06,0.0,0.0,0.0,0.0,0.013888888888888888,0.0,0.0,1.0
4.0,3.454995020606419e-08,0.0,0.0,0.0,0.0,0.013888888888888888,0.0,0.0,0.0
1.0,100.0,0.00018126855757396326,0.0,0.0,0.0,0.013888888888888888,0.0,0.0,1.0
2.0,6.191209540974494e-05,0.0,0.0,0.0,0.0,0.013888888888888888,0.0,0.0,1.0
3.0,5.8993796925098194e-05,0.0,0.0,0.0,0.0,0.013888888888888888,0.0,0.0,1.0
4.0,4.6747696880164555e-07,0.0,0.0,0.0,0.0,0.013888888888888888,0.0,0.0,0.0
1.0,100.0,0.00017250321801801836,0.0,0.0,0.0,0.013888888888888888,0.0,0.0,1.0
2.0,1.9641012117841355e-06,0.0,0.0,0.0,0.0,0.013888888888888888,0.0,0.0,1.0
3.0,1.5703927842643146e-06,0.0,0.0,0.0,0.0,0.013888888888888888,0.0,0.0,1.0
4.0,1.773083348111177e-08,0.0,0.0,0.0,0.0,0.013888888888888888,0.0,0.0,0.0
1.0,100.0,0.00017411671159579738,0.0,0.0,0.0,0.013888888888888888,0.0,0.0,1.0
2.0,1.1982499383217098e-06,0.0,0.0,0.0,0.0,0.013888888888888888,0.0,0.0,1.0
3.0,1.632267490494632e-06,0.0,0.0,0.0,0.0,0.013888888888888888,0.0,0.0,1.0
4.0,3.083762878594399e-08,0.0,0.0,0.0,0.0,0.013888888888888888,0.0,0.0,0.0
1.0,100.0,0.00017414162088650697,0.0,0.0,0.0,0.013888888888888888,0.0,0.0,1.0
2.0,1.3746789001317488e-06,0.0,0.0,0.0,0.0,0.013888888888888888,0.0,0.0,1.0
3.0,1.7270868144313775e-06,0.0,0.0,0.0,0.0,0.013888888888888888,0.0,0.0,1.0
4.0,3.115073825535162e-08,0.0,0.0,0.0,0.0,0.013888888888888888,0.0,0.0,0.0
1.0,100.0,0.00017416636965901592,0.0,0.0,0.0,0.013888888888888888,0.0,0.0,1.0
2.0,1.5181946703408538e-06,0.0,0.0,0.0,0.0,0.013888888888888888,0.0,0.0,1.0
3.0,1.8055599549769135e-06,0.0,0.0,0.0,0.0,0.013888888888888888,0.0,0.0,1.0
4.0,3.1929159093952996e-08,0.0,0.0,0.0,0.0,0.013888888888888888,0.0,0.0,0.0
1.0,100.0,0.00017419096612100458,0.0,0.0,0.0,0.013888888888888888,0.0,0.0,1.0
2.0,1.644190177198535e-06,0.0,0.0,0.0,0.0,0.013888888888888888,0.0,0.0,1.0
3.0,1.8778082565771644e-06,0.0,0.0,0.0,0.0,0.013888888888888888,0.0,0.0,1.0
4.0,3.27521321879953e-08,0.0,0.0,0.0,0.0,0.013888888888888888,0.0,0.0,0.0
1.0,100.0,0.00017421541794606434,0.0,0.0,0.0,0.013888888888888888,0.0,0.0,1.0
2.0,1.757713404737129e-06,0.0,0.0,0.0,0.0,0.013888888888888888,0.0,0.0,1.0
3.0,1.9457216990836025e-06,0.0,0.0,0.0,0.0,0.013888888888888888,0.0,0.0,1.0
4.0,3.351546292515588e-08,0.0,0.0,0.0,0.0,0.013888888888888888,0.0,0.0,0.0
1.0,100.0,0.0001742397321706214,0.0,0.0,0.0,0.013888888888888888,0.0,0.0,1.0
2.0,1.8618850388503676e-06,0.0,0.0,0.0,0.0,0.013888888888888888,0.0,0.0,1.0
3.0,2.0103623217714372e-06,0.0,0.0,0.0,0.0,0.013888888888888888,0.0,0.0,1.0
4.0,3.421467487495909e-08,0.0,0.0,0.0,0.0,0.013888888888888888,0.0,0.0,0.0
1.0,100.0,0.00017426391525975158,0.0,0.0,0.0,0.013888888888888888,0.0,0.0,1.0
2.0,1.958780636714469e-06,0.0,0.0,0.0,0.0,0.013888888888888888,0.0,0.0,1.0
3.0,2.0723926724607698e-06,0.0,0.0,0.0,0.0,0.013888888888888888,0.0,0.0,1.0
4.0,3.486099437995279e-08,0.0,0.0,0.0,0.0,0.013888888888888888,0.0,0.0,0.0
1.0,100.0,0.00017428797317332542,0.0,0.0,0.0,0.013888888888888888,0.0,0.0,1.0
2.0,2.0498419899363365e-06,0.0,0.0,0.0,0.0,0.013888888888888888,0.0,0.0,1.0
3.0,2.1322657008453096e-06,0.0,0.0,0.0,0.0,0.013888888888888888,0.0,0.0,1.0
4.0,3.546910334168597e-08,0.0,0.0,0.0,0.0,0.013888888888888888,0.0,0.0,0.0
1.0,100.0,0.00017431191141759102,0.0,0.0,0.0,0.013888888888888888,0.0,0.0,1.0
2.0,2.1360854379227757e-06,0.0,0.0,0.0,0.0,0.013888888888888888,0.0,0.0,1.0
3.0,2.190292544008245e-06,0.0,0.0,0.0,0.0,0.013888888888888888,0.0,0.0,1.0
4.0,3.6052510355157243e-08,0.0,0.0,0.0,0.0,0.013888888888888888,0.0,0.0,0.0
1.0,100.0,0.00017433573509137456,0.0,0.0,0.0,0.013888888888888888,0.0,0.0,1.0
2.0,2.2182408688398563e-06,0.0,0.0,0.0,0.0,0.013888888888888888,0.0,0.0,1.0
3.0,2.2466896126170457e-06,0.0,0.0,0.0,0.0,0.013888888888888888,0.0,0.0,1.0
4.0,3.6619502175399586e-08,0.0,0.0,0.0,0.0,0.013888888888888888,0.0,0.0,0.0
1.0,100.0,0.0001743594489258954,0.0,0.0,0.0,0.013888888888888888,0.0,0.0,1.0
2.0,2.29684623205148e-06,0.0,0.0,0.0,0.0,0.013888888888888888,0.0,0.0,1.0
3.0,2.3016084218198746e-06,0.0,0.0,0.0,0.0,0.013888888888888888,0.0,0.0,1.0
4.0,3.7177381602358496e-08,0.0,0.0,0.0,0.0,0.013888888888888888,0.0,0.0,0.0
1.0,100.0,0.00017438305732362516,0.0,0.0,0.0,0.013888888888888888,0.0,0.0,1.0
2.0,2.372307199629078e-06,0.0,0.0,0.0,0.0,0.013888888888888888,0.0,0.0,1.0
3.0,2.355157841134292e-06,0.0,0.0,0.0,0.0,0.013888888888888888,0.0,0.0,1.0
4.0,3.772676678759666e-08,0.0,0.0,0.0,0.0,0.013888888888888888,0.0,0.0,0.0
1.0,100.0,0.00017440656438837463,0.0,0.0,0.0,0.013888888888888888,0.0,0.0,1.0
2.0,2.4449427758070703e-06,0.0,0.0,0.0,0.0,0.013888888888888888,0.0,0.0,1.0
3.0,2.4074254606946535e-06,0.0,0.0,0.0,0.0,0.013888888888888888,0.0,0.0,1.0
4.0,3.8274392757793925e-08,0.0,0.0,0.0,0.0,0.013888888888888888,0.0,0.0,0.0
1.0,100.0,0.00017442997395147755,0.0,0.0,0.0,0.013888888888888888,0.0,0.0,1.0
2.0,2.515001985339751e-06,0.0,0.0,0.0,0.0,0.013888888888888888,0.0,0.0,1.0
3.0,2.458472811919258e-06,0.0,0.0,0.0,0.0,0.013888888888888888,0.0,0.0,1.0
4.0,3.8819578483461965e-08,0.0,0.0,0.0,0.0,0.013888888888888888,0.0,0.0,0.0
1.0,100.0,0.00017445328960182522,0.0,0.0,0.0,0.013888888888888888,0.0,0.0,1.0
2.0,2.582686678078566e-06,0.0,0.0,0.0,0.0,0.013888888888888888,0.0,0.0,1.0
3.0,2.5083506035818634e-06,0.0,0.0,0.0,0.0,0.013888888888888888,0.0,0.0,1.0
4.0,3.93676336497235e-08,0.0,0.0,0.0,0.0,0.013888888888888888,0.0,0.0,0.0
1.0,100.0,0.00017447651470122702,0.0,0.0,0.0,0.013888888888888888,0.0,0.0,1.0
2.0,2.648168695211543e-06,0.0,0.0,0.0,0.0,0.013888888888888888,0.0,0.0,1.0
3.0,2.557099516692914e-06,0.0,0.0,0.0,0.0,0.013888888888888888,0.0,0.0,1.0
4.0,3.991516558952522e-08,0.0,0.0,0.0,0.0,0.013888888888888888,0.0,0.0,0.0
1.0,100.0,0.00017449965241089776,0.0,0.0,0.0,0.013888888888888888,0.0,0.0,1.0
2.0,2.7115949779660566e-06,0.0,0.0,0.0,0.0,0.013888888888888888,0.0,0.0,1.0
3.0,2.604760660029164e-06,0.0,0.0,0.0,0.0,0.013888888888888888,0.0,0.0,1.0
4.0,4.0462161690760514e-08,0.0,0.0,0.0,0.0,0.013888888888888888,0.0,0.0,0.0
1.0,100.0,0.00017452270570444102,0.0,0.0,0.0,0.013888888888888888,0.0,0.0,1.0
2.0,2.773083822660798e-06,0.0,0.0,0.0,0.0,0.013888888888888888,0.0,0.0,1.0
3.0,2.6513600071985378e-06,0.0,0.0,0.0,0.0,0.013888888888888888,0.0,0.0,1.0
4.0,4.1011724450573394e-08,0.0,0.0,0.0,0.0,0.013888888888888888,0.0,0.0,0.0
1.0,100.0,0.0001745456773850291,0.0,0.0,0.0,0.013888888888888888,0.0,0.0,1.0
2.0,2.832746876371875e-06,0.0,0.0,0.0,0.0,0.013888888888888888,0.0,0.0,1.0
3.0,2.6969297739299374e-06,0.0,0.0,0.0,0.0,0.013888888888888888,0.0,0.0,1.0
4.0,4.1561886388436884e-08,0.0,0.0,0.0,0.0,0.013888888888888888,0.0,0.0,0.0
1.0,100.0,0.00017456857010152708,0.0,0.0,0.0,0.013888888888888888,0.0,0.0,1.0
2.0,2.8906756300879195e-06,0.0,0.0,0.0,0.0,0.013888888888888888,0.0,0.0,1.0
3.0,2.7414920480033478e-06,0.0,0.0,0.0,0.0,0.013888888888888888,0.0,0.0,1.0
4.0,4.2112773600254006e-08,0.0,0.0,0.0,0.0,0.013888888888888888,0.0,0.0,0.0
1.0,100.0,0.00017459138635740504,0.0,0.0,0.0,0.013888888888888888,0.0,0.0,1.0
2.0,2.9469550650169494e-06,0.0,0.0,0.0,0.0,0.013888888888888888,0.0,0.0,1.0
3.0,2.7850698751120386e-06,0.0,0.0,0.0,0.0,0.013888888888888888,0.0,0.0,1.0
4.0,4.2664865302511383e-08,0.0,0.0,0.0,0.0,0.013888888888888888,0.0,0.0,0.0
1.0,100.0,0.0001746141285266764,0.0,0.0,0.0,0.013888888888888888,0.0,0.0,1.0
2.0,3.001661811512947e-06,0.0,0.0,0.0,0.0,0.013888888888888888,0.0,0.0,1.0
3.0,2.8276761985694872e-06,0.0,0.0,0.0,0.0,0.013888888888888888,0.0,0.0,1.0
4.0,4.321758133568738e-08,0.0,0.0,0.0,0.0,0.013888888888888888,0.0,0.0,0.0
1.0,100.0,0.0001746367988602869,0.0,0.0,0.0,0.013888888888888888,0.0,0.0,1.0
2.0,3.05487266203335e-06,0.0,0.0,0.0,0.0,0.013888888888888888,0.0,0.0,1.0
3.0,2.869339498610993e-06,0.0,0.0,0.0,0.0,0.013888888888888888,0.0,0.0,1.0
4.0,4.3772914281799785e-08,0.0,0.0,0.0,0.0,0.013888888888888888,0.0,0.0,0.0
1.0,100.0,0.0001746593994985562,0.0,0.0,0.0,0.013888888888888888,0.0,0.0,1.0
2.0,3.106652779544323e-06,0.0,0.0,0.0,0.0,0.013888888888888888,0.0,0.0,1.0
3.0,2.910073512123613e-06,0.0,0.0,0.0,0.0,0.013888888888888888,0.0,0.0,1.0
4.0,4.432621050068127e-08,0.0,0.0,0.0,0.0,0.013888888888888888,0.0,0.0,0.0
1.0,100.0,0.00017468193247857167,0.0,0.0,0.0,0.013888888888888888,0.0,0.0,1.0
2.0,3.157060326202296e-06,0.0,0.0,0.0,0.0,0.013888888888888888,0.0,0.0,1.0
3.0,2.949898571342602e-06,0.0,0.0,0.0,0.0,0.013888888888888888,0.0,0.0,1.0
4.0,4.488116511838707e-08,0.0,0.0,0.0,0.0,0.013888888888888888,0.0,0.0,0.0
1.0,100.0,0.00017470439974019618,0.0,0.0,0.0,0.013888888888888888,0.0,0.0,1.0
2.0,3.2061544968954896e-06,0.0,0.0,0.0,0.0,0.013888888888888888,0.0,0.0,1.0
3.0,2.9888373915269793e-06,0.0,0.0,0.0,0.0,0.013888888888888888,0.0,0.0,1.0
4.0,4.543745020463389e-08,0.0,0.0,0.0,0.0,0.013888888888888888,0.0,0.0,0.0
1.0,100.0,0.00017472680313698584,0.0,0.0,0.0,0.013888888888888888,0.0,0.0,1.0
2.0,3.2539812938790282e-06,0.0,0.0,0.0,0.0,0.013888888888888888,0.0,0.0,1.0
3.0,3.0269047928325853e-06,0.0,0.0,0.0,0.0,0.013888888888888888,0.0,0.0,1.0
4.0,4.5991837278932506e-08,0.0,0.0,0.0,0.0,0.013888888888888888,0.0,0.0,0.0
1.0,100.0,0.00017474914443956586,0.0,0.0,0.0,0.013888888888888888,0.0,0.0,1.0
2.0,3.3005871723167605e-06,0.0,0.0,0.0,0.0,0.013888888888888888,0.0,0.0,1.0
3.0,3.0641141321792534e-06,0.0,0.0,0.0,0.0,0.013888888888888888,0.0,0.0,1.0
4.0,4.654436419687738e-08,0.0,0.0,0.0,0.0,0.013888888888888888,0.0,0.0,0.0
1.0,100.0,0.00017477142534105748,0.0,0.0,0.0,0.013888888888888888,0.0,0.0,1.0
2.0,3.3460119529070554e-06,0.0,0.0,0.0,0.0,0.013888888888888888,0.0,0.0,1.0
3.0,3.100481843248669e-06,0.0,0.0,0.0,0.0,0.013888888888888888,0.0,0.0,1.0
4.0,4.7099722263041855e-08,0.0,0.0,0.0,0.0,0.013888888888888888,0.0,0.0,0.0
1.0,100.0,0.00017479364746518814,0.0,0.0,0.0,0.013888888888888888,0.0,0.0,1.0
2.0,3.3902978388749617e-06,0.0,0.0,0.0,0.0,0.013888888888888888,0.0,0.0,1.0
3.0,3.1360246241678486e-06,0.0,0.0,0.0,0.0,0.013888888888888888,0.0,0.0,1.0
4.0,4.7651328526979986e-08,0.0,0.0,0.0,0.0,0.013888888888888888,0.0,0.0,0.0
1.0,100.0,0.00017481581237034874,0.0,0.0,0.0,0.013888888888888888,0.0,0.0,1.0
2.0,3.433481080150978e-06,0.0,0.0,0.0,0.0,0.013888888888888888,0.0,0.0,1.0
3.0,3.170760131101043e-06,0.0,0.0,0.0,0.0,0.013888888888888888,0.0,0.0,1.0
4.0,4.820480747335034e-08,0.0,0.0,0.0,0.0,0.013888888888888888,0.0,0.0,0.0
1.0,100.0,0.00017483792154971212,0.0,0.0,0.0,0.013888888888888888,0.0,0.0,1.0
2.0,3.475591406063799e-06,0.0,0.0,0.0,0.0,0.013888888888888888,0.0,0.0,1.0
3.0,3.2046965869616197e-06,0.0,0.0,0.0,0.0,0.013888888888888888,0.0,0.0,1.0
4.0,4.8755947066770664e-08,0.0,0.0,0.0,0.0,0.013888888888888888,0.0,0.0,0.0
1.0,100.0,0.00017485997644411992,0.0,0.0,0.0,0.013888888888888888,0.0,0.0,1.0
2.0,3.5166630220485808e-06,0.0,0.0,0.0,0.0,0.013888888888888888,0.0,0.0,1.0
3.0,3.2378485702638723e-06,0.0,0.0,0.0,0.0,0.013888888888888888,0.0,0.0,1.0
4.0,4.9305340039804334e-08,0.0,0.0,0.0,0.0,0.013888888888888888,0.0,0.0,0.0
1.0,100.0,0.00017488197843638378,0.0,0.0,0.0,0.013888888888888888,0.0,0.0,1.0
2.0,3.5567273962520906e-06,0.0,0.0,0.0,0.0,0.013888888888888888,0.0,0.0,1.0
3.0,3.270235842155256e-06,0.0,0.0,0.0,0.0,0.013888888888888888,0.0,0.0,1.0
4.0,4.985260809439559e-08,0.0,0.0,0.0,0.0,0.013888888888888888,0.0,0.0,0.0
1.0,100.0,0.0001749039288617163,0.0,0.0,0.0,0.013888888888888888,0.0,0.0,1.0
2.0,3.5958088080959296e-06,0.0,0.0,0.0,0.0,0.013888888888888888,0.0,0.0,1.0
3.0,3.301870849225999e-06,0.0,0.0,0.0,0.0,0.013888888888888888,0.0,0.0,1.0
4.0,5.039932757479412e-08,0.0,0.0,0.0,0.0,0.013888888888888888,0.0,0.0,0.0
1.0,100.0,0.000174924777663923,0.0,0.0,0.0,0.013888888888888888,0.0,0.0,1.0
2.0,1.2601972064978466e-06,0.0,0.0,0.0,0.0,0.013888888888888888,0.0,0.0,1.0
3.0,1.071408275410866e-06,0.0,0.0,0.0,0.0,0.013888888888888888,0.0,0.0,1.0
4.0,2.1610041554158682e-08,0.0,0.0,0.0,0.0,0.013888888888888888,0.0,0.0,0.0
1.0,100.0,0.00017498681544007838,0.0,0.0,0.0,0.013888888888888888,0.0,0.0,1.0
2.0,1.150307209887896e-06,0.0,0.0,0.0,0.0,0.013888888888888888,0.0,0.0,1.0
3.0,9.799117920813087e-07,0.0,0.0,0.0,0.0,0.013888888888888888,0.0,0.0,1.0
4.0,2.070542480550662e-08,0.0,0.0,0.0,0.0,0.013888888888888888,0.0,0.0,0.0
1.0,100.0,0.0001749876872285712,0.0,0.0,0.0,0.013888888888888888,0.0,0.0,1.0
2.0,1.1317735608125641e-06,0.0,0.0,0.0,0.0,0.013888888888888888,0.0,0.0,1.0
3.0,9.76466127768035e-07,0.0,0.0,0.0,0.0,0.013888888888888888,0.0,0.0,1.0
4.0,2.0628473500154122e-08,0.0,0.0,0.0,0.0,0.013888888888888888,0.0,0.0,0.0
1.0,100.0,0.00017498855383724337,0.0,0.0,0.0,0.013888888888888888,0.0,0.0,1.0
2.0,1.116131308173468e-06,0.0,0.0,0.0,0.0,0.013888888888888888,0.0,0.0,1.0
3.0,9.734596976864451e-07,0.0,0.0,0.0,0.0,0.013888888888888888,0.0,0.0,1.0
4.0,2.0541699900273563e-08,0.0,0.0,0.0,0.0,0.013888888888888888,0.0,0.0,0.0
1.0,100.0,0.00017498941526724267,0.0,0.0,0.0,0.013888888888888888,0.0,0.0,1.0
2.0,1.102205453718376e-06,0.0,0.0,0.0,0.0,0.013888888888888888,0.0,0.0,1.0
3.0,9.703154369802851e-07,0.0,0.0,0.0,0.0,0.013888888888888888,0.0,0.0,1.0
4.0,2.0456163347702237e-08,0.0,0.0,0.0,0.0,0.013888888888888888,0.0,0.0,0.0
1.0,100.0,0.00017499027153614798,0.0,0.0,0.0,0.013888888888888888,0.0,0.0,1.0
2.0,1.0894895999734528e-06,0.0,0.0,0.0,0.0,0.013888888888888888,0.0,0.0,1.0
3.0,9.6692571861302e-07,0.0,0.0,0.0,0.0,0.013888888888888888,0.0,0.0,1.0
4.0,2.037729884459772e-08,0.0,0.0,0.0,0.0,0.013888888888888888,0.0,0.0,0.0
1.0,100.0,0.00017499112266102648,0.0,0.0,0.0,0.013888888888888888,0.0,0.0,1.0
2.0,1.0776710246685949e-06,0.0,0.0,0.0,0.0,0.013888888888888888,0.0,0.0,1.0
3.0,9.632618191049356e-07,0.0,0.0,0.0,0.0,0.013888888888888888,0.0,0.0,1.0
4.0,2.0301588065412503e-08,0.0,0.0,0.0,0.0,0.013888888888888888,0.0,0.0,0.0
1.0,100.0,0.00017499196865923187,0.0,0.0,0.0,0.013888888888888888,0.0,0.0,1.0
2.0,1.0665281312534062e-06,0.0,0.0,0.0,0.0,0.013888888888888888,0.0,0.0,1.0
3.0,9.59307310204254e-07,0.0,0.0,0.0,0.0,0.013888888888888888,0.0,0.0,1.0
4.0,2.0222435856573672e-08,0.0,0.0,0.0,0.0,0.013888888888888888,0.0,0.0,0.0
1.0,100.0,0.000174992809547674,0.0,0.0,0.0,0.013888888888888888,0.0,0.0,1.0
2.0,1.0559157942184414e-06,0.0,0.0,0.0,0.0,0.013888888888888888,0.0,0.0,1.0
3.0,9.550714506066193e-07,0.0,0.0,0.0,0.0,0.013888888888888888,0.0,0.0,1.0
4.0,2.014101499038584e-08,0.0,0.0,0.0,0.0,0.013888888888888888,0.0,0.0,0.0
1.0,100.0,0.00017499364534279965,0.0,0.0,0.0,0.013888888888888888,0.0,0.0,1.0
2.0,1.0457323066769838e-06,0.0,0.0,0.0,0.0,0.013888888888888888,0.0,0.0,1.0
3.0,9.505730824371483e-07,0.0,0.0,0.0,0.0,0.013888888888888888,0.0,0.0,1.0
4.0,2.0058044258371993e-08,0.0,0.0,0.0,0.0,0.013888888888888888,0.0,0.0,0.0
1.0,100.0,0.00017499447606159264,0.0,0.0,0.0,0.013888888888888888,0.0,0.0,1.0
2.0,1.0359004645214452e-06,0.0,0.0,0.0,0.0,0.013888888888888888,0.0,0.0,1.0
3.0,9.458322832519459e-07,0.0,0.0,0.0,0.0,0.013888888888888888,0.0,0.0,1.0
4.0,1.9971569115326256e-08,0.0,0.0,0.0,0.0,0.013888888888888888,0.0,0.0,0.0
1.0,100.0,0.00017499530171949973,0.0,0.0,0.0,0.013888888888888888,0.0,0.0,1.0
2.0,1.0263702392843767e-06,0.0,0.0,0.0,0.0,0.013888888888888888,0.0,0.0,1.0
3.0,9.408756496090143e-07,0.0,0.0,0.0,0.0,0.013888888888888888,0.0,0.0,1.0
4.0,1.9883342377103558e-08,0.0,0.0,0.0,0.0,0.013888888888888888,0.0,0.0,0.0
1.0,100.0,0.0001749961223345504,0.0,0.0,0.0,0.013888888888888888,0.0,0.0,1.0
2.0,1.0170961302004456e-06,0.0,0.0,0.0,0.0,0.013888888888888888,0.0,0.0,1.0
3.0,9.35718832202287e-07,0.0,0.0,0.0,0.0,0.013888888888888888,0.0,0.0,1.0
4.0,1.9790287228075304e-08,0.0,0.0,0.0,0.0,0.013888888888888888,0.0,0.0,0.0
1.0,100.0,0.00017499693792148136,0.0,0.0,0.0,0.013888888888888888,0.0,0.0,1.0
2.0,1.0080506188738131e-06,0.0,0.0,0.0,0.0,0.013888888888888888,0.0,0.0,1.0
3.0,9.303901670030743e-07,0.0,0.0,0.0,0.0,0.013888888888888888,0.0,0.0,1.0
4.0,1.969363947799655e-08,0.0,0.0,0.0,0.0,0.013888888888888888,0.0,0.0,0.0
1.0,100.0,0.0001749977484972528,0.0,0.0,0.0,0.013888888888888888,0.0,0.0,1.0
2.0,9.992071204432935e-07,0.0,0.0,0.0,0.0,0.013888888888888888,0.0,0.0,1.0
3.0,9.249098940177277e-07,0.0,0.0,0.0,0.0,0.013888888888888888,0.0,0.0,1.0
4.0,1.959570675567013e-08,0.0,0.0,0.0,0.0,0.013888888888888888,0.0,0.0,0.0
1.0,100.0,0.0001749985540779967,0.0,0.0,0.0,0.013888888888888888,0.0,0.0,1.0
2.0,9.905476629341304e-07,0.0,0.0,0.0,0.0,0.013888888888888888,0.0,0.0,1.0
3.0,9.192947221870807e-07,0.0,0.0,0.0,0.0,0.013888888888888888,0.0,0.0,1.0
4.0,1.9493008756134335e-08,0.0,0.0,0.0,0.0,0.013888888888888888,0.0,0.0,0.0
1.0,100.0,0.00017499935467880646,0.0,0.0,0.0,0.013888888888888888,0.0,0.0,1.0
2.0,9.820525344913954e-07,0.0,0.0,0.0,0.0,0.013888888888888888,0.0,0.0,1.0
3.0,9.13561486286594e-07,0.0,0.0,0.0,0.0,0.013888888888888888,0.0,0.0,1.0
4.0,1.9388761005857e-08,0.0,0.0,0.0,0.0,0.013888888888888888,0.0,0.0,0.0
1.0,100.0,0.00017500015031642074,0.0,0.0,0.0,0.013888888888888888,0.0,0.0,1.0
2.0,9.737139901741123e-07,0.0,0.0,0.0,0.0,0.013888888888888888,0.0,0.0,1.0
3.0,9.077337165967272e-07,0.0,0.0,0.0,0.0,0.013888888888888888,0.0,0.0,1.0
4.0,1.9282093437246107e-08,0.0,0.0,0.0,0.0,0.013888888888888888,0.0,0.0,0.0
1.0,100.0,0.00017500094100638013,0.0,0.0,0.0,0.013888888888888888,0.0,0.0,1.0
2.0,9.655155466585702e-07,0.0,0.0,0.0,0.0,0.013888888888888888,0.0,0.0,1.0
3.0,9.018188152776849e-07,0.0,0.0,0.0,0.0,0.013888888888888888,0.0,0.0,1.0
4.0,1.917286735530896e-08,0.0,0.0,0.0,0.0,0.013888888888888888,0.0,0.0,0.0
1.0,100.0,0.0001750017267635906,0.0,0.0,0.0,0.013888888888888888,0.0,0.0,1.0
2.0,9.574494719502612e-07,0.0,0.0,0.0,0.0,0.013888888888888888,0.0,0.0,1.0
3.0,8.958359869933073e-07,0.0,0.0,0.0,0.0,0.013888888888888888,0.0,0.0,1.0
4.0,1.906347860371983e-08,0.0,0.0,0.0,0.0,0.013888888888888888,0.0,0.0,0.0
1.0,100.0,0.00017500250760439073,0.0,0.0,0.0,0.013888888888888888,0.0,0.0,1.0
2.0,9.495064201490473e-07,0.0,0.0,0.0,0.0,0.013888888888888888,0.0,0.0,1.0
3.0,8.897926966036971e-07,0.0,0.0,0.0,0.0,0.013888888888888888,0.0,0.0,1.0
4.0,1.8950661285104252e-08,0.0,0.0,0.0,0.0,0.013888888888888888,0.0,0.0,0.0
1.0,100.0,0.00017500328354419213,0.0,0.0,0.0,0.013888888888888888,0.0,0.0,1.0
2.0,9.416798574286549e-07,0.0,0.0,0.0,0.0,0.013888888888888888,0.0,0.0,1.0
3.0,8.837042267845323e-07,0.0,0.0,0.0,0.0,0.013888888888888888,0.0,0.0,1.0
4.0,1.8838992688504605e-08,0.0,0.0,0.0,0.0,0.013888888888888888,0.0,0.0,0.0
1.0,100.0,0.00017500405459770454,0.0,0.0,0.0,0.013888888888888888,0.0,0.0,1.0
2.0,9.339625439352227e-07,0.0,0.0,0.0,0.0,0.013888888888888888,0.0,0.0,1.0
3.0,8.77576982905643e-07,0.0,0.0,0.0,0.0,0.013888888888888888,0.0,0.0,1.0
4.0,1.872431164895638e-08,0.0,0.0,0.0,0.0,0.013888888888888888,0.0,0.0,0.0
1.0,100.0,0.0001750048207809778,0.0,0.0,0.0,0.013888888888888888,0.0,0.0,1.0
2.0,9.263493583201737e-07,0.0,0.0,0.0,0.0,0.013888888888888888,0.0,0.0,1.0
3.0,8.714236623772532e-07,0.0,0.0,0.0,0.0,0.013888888888888888,0.0,0.0,1.0
4.0,1.860907702953026e-08,0.0,0.0,0.0,0.0,0.013888888888888888,0.0,0.0,0.0
1.0,100.0,0.0001750055821084946,0.0,0.0,0.0,0.013888888888888888,0.0,0.0,1.0
2.0,9.188323800257002e-07,0.0,0.0,0.0,0.0,0.013888888888888888,0.0,0.0,1.0
3.0,8.652479845263271e-07,0.0,0.0,0.0,0.0,0.013888888888888888,0.0,0.0,1.0
4.0,1.8491914393221212e-08,0.0,0.0,0.0,0.0,0.013888888888888888,0.0,0.0,0.0
1.0,100.0,0.0001750063385957058,0.0,0.0,0.0,0.013888888888888888,0.0,0.0,1.0
2.0,9.114096150301027e-07,0.0,0.0,0.0,0.0,0.013888888888888888,0.0,0.0,1.0
3.0,8.590604146589612e-07,0.0,0.0,0.0,0.0,0.013888888888888888,0.0,0.0,1.0
4.0,1.8376947017065215e-08,0.0,0.0,0.0,0.0,0.013888888888888888,0.0,0.0,0.0
1.0,100.0,0.00017500709025765248,0.0,0.0,0.0,0.013888888888888888,0.0,0.0,1.0
2.0,9.040770140311439e-07,0.0,0.0,0.0,0.0,0.013888888888888888,0.0,0.0,1.0
3.0,8.528666137860213e-07,0.0,0.0,0.0,0.0,0.013888888888888888,0.0,0.0,1.0
4.0,1.825822325013654e-08,0.0,0.0,0.0,0.0,0.013888888888888888,0.0,0.0,0.0
1.0,100.0,0.00017500783710829227,0.0,0.0,0.0,0.013888888888888888,0.0,0.0,1.0
2.0,8.968298468933264e-07,0.0,0.0,0.0,0.0,0.013888888888888888,0.0,0.0,1.0
3.0,8.466720915390917e-07,0.0,0.0,0.0,0.0,0.013888888888888888,0.0,0.0,1.0
4.0,1.8141303823005995e-08,0.0,0.0,0.0,0.0,0.013888888888888888,0.0,0.0,0.0
1.0,100.0,0.00017500857916324182,0.0,0.0,0.0,0.013888888888888888,0.0,0.0,1.0
2.0,8.896675067932094e-07,0.0,0.0,0.0,0.0,0.013888888888888888,0.0,0.0,1.0
3.0,8.40485446759777e-07,0.0,0.0,0.0,0.0,0.013888888888888888,0.0,0.0,1.0
4.0,1.8023402054491206e-08,0.0,0.0,0.0,0.0,0.013888888888888888,0.0,0.0,0.0
1.0,100.0,0.00017500931643699234,0.0,0.0,0.0,0.013888888888888888,0.0,0.0,1.0
2.0,8.825824770697134e-07,0.0,0.0,0.0,0.0,0.013888888888888888,0.0,0.0,1.0
3.0,8.343052286249158e-07,0.0,0.0,0.0,0.0,0.013888888888888888,0.0,0.0,1.0
4.0,1.7905753645657176e-08,0.0,0.0,0.0,0.0,0.013888888888888888,0.0,0.0,0.0
1.0,100.0,0.00017501004894395638,0.0,0.0,0.0,0.013888888888888888,0.0,0.0,1.0
2.0,8.755759541312265e-07,0.0,0.0,0.0,0.0,0.013888888888888888,0.0,0.0,1.0
3.0,8.281431377351833e-07,0.0,0.0,0.0,0.0,0.013888888888888888,0.0,0.0,1.0
4.0,1.7787967695383136e-08,0.0,0.0,0.0,0.0,0.013888888888888888,0.0,0.0,0.0
1.0,100.0,0.00017501077669849325,0.0,0.0,0.0,0.013888888888888888,0.0,0.0,1.0
2.0,8.686420858666506e-07,0.0,0.0,0.0,0.0,0.013888888888888888,0.0,0.0,1.0
3.0,8.219936126101505e-07,0.0,0.0,0.0,0.0,0.013888888888888888,0.0,0.0,1.0
4.0,1.7668947194052284e-08,0.0,0.0,0.0,0.0,0.013888888888888888,0.0,0.0,0.0
1.0,100.0,0.00017501149971490006,0.0,0.0,0.0,0.013888888888888888,0.0,0.0,1.0
2.0,8.617837962064229e-07,0.0,0.0,0.0,0.0,0.013888888888888888,0.0,0.0,1.0
3.0,8.158706738213842e-07,0.0,0.0,0.0,0.0,0.013888888888888888,0.0,0.0,1.0
4.0,1.7551327447280864e-08,0.0,0.0,0.0,0.0,0.013888888888888888,0.0,0.0,0.0
1.0,100.0,0.00017501221800779755,0.0,0.0,0.0,0.013888888888888888,0.0,0.0,1.0
2.0,8.549956114096603e-07,0.0,0.0,0.0,0.0,0.013888888888888888,0.0,0.0,1.0
3.0,8.097720634466638e-07,0.0,0.0,0.0,0.0,0.013888888888888888,0.0,0.0,1.0
4.0,1.7433771865759614e-08,0.0,0.0,0.0,0.0,0.013888888888888888,0.0,0.0,0.0
1.0,100.0,0.00017501293159111742,0.0,0.0,0.0,0.013888888888888888,0.0,0.0,1.0
2.0,8.482781101640879e-07,0.0,0.0,0.0,0.0,0.013888888888888888,0.0,0.0,1.0
3.0,8.037021685727739e-07,0.0,0.0,0.0,0.0,0.013888888888888888,0.0,0.0,1.0
4.0,1.7316456962694017e-08,0.0,0.0,0.0,0.0,0.013888888888888888,0.0,0.0,0.0
1.0,100.0,0.0001792259332022823,0.0,0.0,0.0,0.013888888888888888,0.0,0.0,1.0
2.0,5.076870472888296e-05,0.0,0.0,0.0,0.0,0.013888888888888888,0.0,0.0,1.0
3.0,4.826163071874874e-05,0.0,0.0,0.0,0.0,0.013888888888888888,0.0,0.0,1.0
4.0,3.975138909662967e-07,0.0,0.0,0.0,0.0,0.013888888888888888,0.0,0.0,0.0
1.0,100.0,0.00017197216388011147,0.0,0.0,0.0,0.013888888888888888,0.0,0.0,1.0
2.0,2.0348189656426562e-06,0.0,0.0,0.0,0.0,0.013888888888888888,0.0,0.0,1.0
3.0,1.5993441580832201e-06,0.0,0.0,0.0,0.0,0.013888888888888888,0.0,0.0,1.0
4.0,4.5752526649136685e-09,0.0,0.0,0.0,0.0,0.013888888888888888,0.0,0.0,0.0
1.0,100.0,0.00017327657942671826,0.0,0.0,0.0,0.013888888888888888,0.0,0.0,1.0
2.0,3.229310038328131e-07,0.0,0.0,0.0,0.0,0.013888888888888888,0.0,0.0,1.0
3.0,7.543565102880602e-07,0.0,0.0,0.0,0.0,0.013888888888888888,0.0,0.0,1.0
4.0,1.522629028007387e-08,0.0,0.0,0.0,0.0,0.013888888888888888,0.0,0.0,0.0
1.0,100.0,0.00017329909447481254,0.0,0.0,0.0,0.013888888888888888,0.0,0.0,1.0
2.0,4.796495267824124e-07,0.0,0.0,0.0,0.0,0.013888888888888888,0.0,0.0,1.0
3.0,8.426257237450309e-07,0.0,0.0,0.0,0.0,0.013888888888888888,0.0,0.0,1.0
4.0,1.5323275697146503e-08,0.0,0.0,0.0,0.0,0.013888888888888888,0.0,0.0,0.0
1.0,100.0,0.0001733214819596166,0.0,0.0,0.0,0.013888888888888888,0.0,0.0,1.0
2.0,6.084664416970612e-07,0.0,0.0,0.0,0.0,0.013888888888888888,0.0,0.0,1.0
3.0,9.158037137877284e-07,0.0,0.0,0.0,0.0,0.013888888888888888,0.0,0.0,1.0
4.0,1.5968766706538614e-08,0.0,0.0,0.0,0.0,0.013888888888888888,0.0,0.0,0.0
1.0,100.0,0.00017334374884222254,0.0,0.0,0.0,0.013888888888888888,0.0,0.0,1.0
2.0,7.236467038654221e-07,0.0,0.0,0.0,0.0,0.013888888888888888,0.0,0.0,1.0
3.0,9.838808738035365e-07,0.0,0.0,0.0,0.0,0.013888888888888888,0.0,0.0,1.0
4.0,1.6750181864281072e-08,0.0,0.0,0.0,0.0,0.013888888888888888,0.0,0.0,0.0
1.0,100.0,0.00017336590160417942,0.0,0.0,0.0,0.013888888888888888,0.0,0.0,1.0
2.0,8.292330069543031e-07,0.0,0.0,0.0,0.0,0.013888888888888888,0.0,0.0,1.0
3.0,1.0485163082130985e-06,0.0,0.0,0.0,0.0,0.013888888888888888,0.0,0.0,1.0
4.0,1.7533798579156877e-08,0.0,0.0,0.0,0.0,0.013888888888888888,0.0,0.0,0.0
1.0,100.0,0.0001733879461850902,0.0,0.0,0.0,0.013888888888888888,0.0,0.0,1.0
2.0,9.275492591060583e-07,0.0,0.0,0.0,0.0,0.013888888888888888,0.0,0.0,1.0
3.0,1.1105610901317489e-06,0.0,0.0,0.0,0.0,0.013888888888888888,0.0,0.0,1.0
4.0,1.8281675582910154e-08,0.0,0.0,0.0,0.0,0.013888888888888888,0.0,0.0,0.0
1.0,100.0,0.000173409888041266,0.0,0.0,0.0,0.013888888888888888,0.0,0.0,1.0
2.0,1.0200600253430574e-06,0.0,0.0,0.0,0.0,0.013888888888888888,0.0,0.0,1.0
3.0,1.1705001749968691e-06,0.0,0.0,0.0,0.0,0.013888888888888888,0.0,0.0,1.0
4.0,1.899375009198428e-08,0.0,0.0,0.0,0.0,0.013888888888888888,0.0,0.0,0.0
1.0,100.0,0.0001734317321981537,0.0,0.0,0.0,0.013888888888888888,0.0,0.0,1.0
2.0,1.1077653957820576e-06,0.0,0.0,0.0,0.0,0.013888888888888888,0.0,0.0,1.0
3.0,1.2286525132439283e-06,0.0,0.0,0.0,0.0,0.013888888888888888,0.0,0.0,1.0
4.0,1.9677146550258197e-08,0.0,0.0,0.0,0.0,0.013888888888888888,0.0,0.0,0.0
1.0,100.0,0.00017345348329735058,0.0,0.0,0.0,0.013888888888888888,0.0,0.0,1.0
2.0,1.191367394905827e-06,0.0,0.0,0.0,0.0,0.013888888888888888,0.0,0.0,1.0
3.0,1.2852170003514258e-06,0.0,0.0,0.0,0.0,0.013888888888888888,0.0,0.0,1.0
4.0,2.033537050314661e-08,0.0,0.0,0.0,0.0,0.013888888888888888,0.0,0.0,0.0
1.0,100.0,0.00017347514563405766,0.0,0.0,0.0,0.013888888888888888,0.0,0.0,1.0
2.0,1.2713878051479133e-06,0.0,0.0,0.0,0.0,0.013888888888888888,0.0,0.0,1.0
3.0,1.3403435559987944e-06,0.0,0.0,0.0,0.0,0.013888888888888888,0.0,0.0,1.0
4.0,2.0978597661529733e-08,0.0,0.0,0.0,0.0,0.013888888888888888,0.0,0.0,0.0
1.0,100.0,0.00017349672319312415,0.0,0.0,0.0,0.013888888888888888,0.0,0.0,1.0
2.0,1.3482209761767065e-06,0.0,0.0,0.0,0.0,0.013888888888888888,0.0,0.0,1.0
3.0,1.3941373235863923e-06,0.0,0.0,0.0,0.0,0.013888888888888888,0.0,0.0,1.0
4.0,2.161037125803922e-08,0.0,0.0,0.0,0.0,0.013888888888888888,0.0,0.0,0.0
1.0,100.0,0.00017351821968049477,0.0,0.0,0.0,0.013888888888888888,0.0,0.0,1.0
2.0,1.4221721076857626e-06,0.0,0.0,0.0,0.0,0.013888888888888888,0.0,0.0,1.0
3.0,1.44667795006219e-06,0.0,0.0,0.0,0.0,0.013888888888888888,0.0,0.0,1.0
4.0,2.2233503161513708e-08,0.0,0.0,0.0,0.0,0.013888888888888888,0.0,0.0,0.0
1.0,100.0,0.00017353963854630392,0.0,0.0,0.0,0.013888888888888888,0.0,0.0,1.0
2.0,1.4934887604945773e-06,0.0,0.0,0.0,0.0,0.013888888888888888,0.0,0.0,1.0
3.0,1.4980199393477129e-06,0.0,0.0,0.0,0.0,0.013888888888888888,0.0,0.0,1.0
4.0,2.284970822776947e-08,0.0,0.0,0.0,0.0,0.013888888888888888,0.0,0.0,0.0
1.0,100.0,0.0001735609830140814,0.0,0.0,0.0,0.013888888888888888,0.0,0.0,1.0
2.0,1.562377892038667e-06,0.0,0.0,0.0,0.0,0.013888888888888888,0.0,0.0,1.0
3.0,1.5482184127441082e-06,0.0,0.0,0.0,0.0,0.013888888888888888,0.0,0.0,1.0
4.0,2.3464156137021828e-08,0.0,0.0,0.0,0.0,0.013888888888888888,0.0,0.0,0.0
1.0,100.0,0.00017358225609779025,0.0,0.0,0.0,0.013888888888888888,0.0,0.0,1.0
2.0,1.629009917015698e-06,0.0,0.0,0.0,0.0,0.013888888888888888,0.0,0.0,1.0
3.0,1.5973079007688804e-06,0.0,0.0,0.0,0.0,0.013888888888888888,0.0,0.0,1.0
4.0,2.4073215505680558e-08,0.0,0.0,0.0,0.0,0.013888888888888888,0.0,0.0,0.0
1.0,100.0,0.0001736034606219023,0.0,0.0,0.0,0.013888888888888888,0.0,0.0,1.0
2.0,1.693533535917229e-06,0.0,0.0,0.0,0.0,0.013888888888888888,0.0,0.0,1.0
3.0,1.6453232741485949e-06,0.0,0.0,0.0,0.0,0.013888888888888888,0.0,0.0,1.0
4.0,2.4680252904230555e-08,0.0,0.0,0.0,0.0,0.013888888888888888,0.0,0.0,0.0
1.0,100.0,0.0001736245992390843,0.0,0.0,0.0,0.013888888888888888,0.0,0.0,1.0
2.0,1.756080299722119e-06,0.0,0.0,0.0,0.0,0.013888888888888888,0.0,0.0,1.0
3.0,1.6922964150799725e-06,0.0,0.0,0.0,0.0,0.013888888888888888,0.0,0.0,1.0
4.0,2.5284083084182876e-08,0.0,0.0,0.0,0.0,0.013888888888888888,0.0,0.0,0.0
1.0,100.0,0.00017364567444407678,0.0,0.0,0.0,0.013888888888888888,0.0,0.0,1.0
2.0,1.8167643957894278e-06,0.0,0.0,0.0,0.0,0.013888888888888888,0.0,0.0,1.0
3.0,1.7382581464084312e-06,0.0,0.0,0.0,0.0,0.013888888888888888,0.0,0.0,1.0
4.0,2.588794648719806e-08,0.0,0.0,0.0,0.0,0.013888888888888888,0.0,0.0,0.0
1.0,100.0,0.00017366668858880818,0.0,0.0,0.0,0.013888888888888888,0.0,0.0,1.0
2.0,1.8756849807229848e-06,0.0,0.0,0.0,0.0,0.013888888888888888,0.0,0.0,1.0
3.0,1.783230338580372e-06,0.0,0.0,0.0,0.0,0.013888888888888888,0.0,0.0,1.0
4.0,2.6488602633409433e-08,0.0,0.0,0.0,0.0,0.013888888888888888,0.0,0.0,0.0
1.0,100.0,0.00017368764389059864,0.0,0.0,0.0,0.013888888888888888,0.0,0.0,1.0
2.0,1.9329309214521902e-06,0.0,0.0,0.0,0.0,0.013888888888888888,0.0,0.0,1.0
3.0,1.827238329326419e-06,0.0,0.0,0.0,0.0,0.013888888888888888,0.0,0.0,1.0
4.0,2.7087741077936088e-08,0.0,0.0,0.0,0.0,0.013888888888888888,0.0,0.0,0.0
1.0,100.0,0.0001737085424489804,0.0,0.0,0.0,0.013888888888888888,0.0,0.0,1.0
2.0,1.9885829640622797e-06,0.0,0.0,0.0,0.0,0.013888888888888888,0.0,0.0,1.0
3.0,1.8703001558254244e-06,0.0,0.0,0.0,0.0,0.013888888888888888,0.0,0.0,1.0
4.0,2.7684756583440133e-08,0.0,0.0,0.0,0.0,0.013888888888888888,0.0,0.0,0.0
1.0,100.0,0.00017372938625068697,0.0,0.0,0.0,0.013888888888888888,0.0,0.0,1.0
2.0,2.0427148182459353e-06,0.0,0.0,0.0,0.0,0.013888888888888888,0.0,0.0,1.0
3.0,1.9124340064957472e-06,0.0,0.0,0.0,0.0,0.013888888888888888,0.0,0.0,1.0
4.0,2.8279195224639957e-08,0.0,0.0,0.0,0.0,0.013888888888888888,0.0,0.0,0.0
1.0,100.0,0.0001737501771790675,0.0,0.0,0.0,0.013888888888888888,0.0,0.0,1.0
2.0,2.0953980495159937e-06,0.0,0.0,0.0,0.0,0.013888888888888888,0.0,0.0,1.0
3.0,1.9536625835427397e-06,0.0,0.0,0.0,0.0,0.013888888888888888,0.0,0.0,1.0
4.0,2.8873200443428945e-08,0.0,0.0,0.0,0.0,0.013888888888888888,0.0,0.0,0.0
1.0,100.0,0.0001737709170247666,0.0,0.0,0.0,0.013888888888888888,0.0,0.0,1.0
2.0,2.146693883696592e-06,0.0,0.0,0.0,0.0,0.013888888888888888,0.0,0.0,1.0
3.0,1.9939980357163235e-06,0.0,0.0,0.0,0.0,0.013888888888888888,0.0,0.0,1.0
4.0,2.946403616331733e-08,0.0,0.0,0.0,0.0,0.013888888888888888,0.0,0.0,0.0
1.0,100.0,0.0001737916074899057,0.0,0.0,0.0,0.013888888888888888,0.0,0.0,1.0
2.0,2.1966656516292494e-06,0.0,0.0,0.0,0.0,0.013888888888888888,0.0,0.0,1.0
3.0,2.033462510271948e-06,0.0,0.0,0.0,0.0,0.013888888888888888,0.0,0.0,1.0
4.0,3.0052723666582966e-08,0.0,0.0,0.0,0.0,0.013888888888888888,0.0,0.0,0.0
1.0,100.0,0.00017381225019844873,0.0,0.0,0.0,0.013888888888888888,0.0,0.0,1.0
2.0,2.267493909365275e-06,0.0,0.0,0.0,0.0,0.013888888888888888,0.0,0.0,1.0
3.0,2.099035083975578e-06,0.0,0.0,0.0,0.0,0.013888888888888888,0.0,0.0,1.0
4.0,3.063906120619318e-08,0.0,0.0,0.0,0.0,0.013888888888888888,0.0,0.0,0.0
1.0,100.0,0.00017383284669623917,0.0,0.0,0.0,0.013888888888888888,0.0,0.0,1.0
2.0,2.399343731100699e-06,0.0,0.0,0.0,0.0,0.013888888888888888,0.0,0.0,1.0
3.0,2.231788872403498e-06,0.0,0.0,0.0,0.0,0.013888888888888888,0.0,0.0,1.0
4.0,3.1223099206186914e-08,0.0,0.0,0.0,0.0,0.013888888888888888,0.0,0.0,0.0
1.0,100.0,0.00017385339846201655,0.0,0.0,0.0,0.013888888888888888,0.0,0.0,1.0
2.0,2.5338922352845543e-06,0.0,0.0,0.0,0.0,0.013888888888888888,0.0,0.0,1.0
3.0,2.366985936398305e-06,0.0,0.0,0.0,0.0,0.013888888888888888,0.0,0.0,1.0
4.0,3.1805669806864035e-08,0.0,0.0,0.0,0.0,0.013888888888888888,0.0,0.0,0.0
1.0,100.0,0.00017387390691034322,0.0,0.0,0.0,0.013888888888888888,0.0,0.0,1.0
2.0,2.6710263168726956e-06,0.0,0.0,0.0,0.0,0.013888888888888888,0.0,0.0,1.0
3.0,2.504542527382559e-06,0.0,0.0,0.0,0.0,0.013888888888888888,0.0,0.0,1.0
4.0,3.238379743726784e-08,0.0,0.0,0.0,0.0,0.013888888888888888,0.0,0.0,0.0
1.0,100.0,0.0001738943733966168,0.0,0.0,0.0,0.013888888888888888,0.0,0.0,1.0
2.0,2.8106120634854702e-06,0.0,0.0,0.0,0.0,0.013888888888888888,0.0,0.0,1.0
3.0,2.6443347960741787e-06,0.0,0.0,0.0,0.0,0.013888888888888888,0.0,0.0,1.0
4.0,3.29606593879953e-08,0.0,0.0,0.0,0.0,0.013888888888888888,0.0,0.0,0.0
1.0,100.0,0.00017391479921812324,0.0,0.0,0.0,0.013888888888888888,0.0,0.0,1.0
2.0,2.9525394554612003e-06,0.0,0.0,0.0,0.0,0.013888888888888888,0.0,0.0,1.0
3.0,2.7862654952411145e-06,0.0,0.0,0.0,0.0,0.013888888888888888,0.0,0.0,1.0
4.0,3.3532094939305384e-08,0.0,0.0,0.0,0.0,0.013888888888888888,0.0,0.0,0.0
1.0,100.0,0.00017393518562409369,0.0,0.0,0.0,0.013888888888888888,0.0,0.0,1.0
2.0,3.0966972470986596e-06,0.0,0.0,0.0,0.0,0.013888888888888888,0.0,0.0,1.0
3.0,2.9302341516891623e-06,0.0,0.0,0.0,0.0,0.013888888888888888,0.0,0.0,1.0
4.0,3.410312216044023e-08,0.0,0.0,0.0,0.0,0.013888888888888888,0.0,0.0,0.0
1.0,100.0,0.0001739555338130616,0.0,0.0,0.0,0.013888888888888888,0.0,0.0,1.0
2.0,3.242978617405265e-06,0.0,0.0,0.0,0.0,0.013888888888888888,0.0,0.0,1.0
3.0,3.0761457048180494e-06,0.0,0.0,0.0,0.0,0.013888888888888888,0.0,0.0,1.0
4.0,3.4669101246600335e-08,0.0,0.0,0.0,0.0,0.013888888888888888,0.0,0.0,0.0
1.0,100.0,0.00017397584493998518,0.0,0.0,0.0,0.013888888888888888,0.0,0.0,1.0
2.0,3.391279137741782e-06,0.0,0.0,0.0,0.0,0.013888888888888888,0.0,0.0,1.0
3.0,3.22390242478526e-06,0.0,0.0,0.0,0.0,0.013888888888888888,0.0,0.0,1.0
4.0,3.5233688558884484e-08,0.0,0.0,0.0,0.0,0.013888888888888888,0.0,0.0,0.0
1.0,100.0,0.000173996120116973,0.0,0.0,0.0,0.013888888888888888,0.0,0.0,1.0
2.0,3.5414971867610854e-06,0.0,0.0,0.0,0.0,0.013888888888888888,0.0,0.0,1.0
3.0,3.373386713411721e-06,0.0,0.0,0.0,0.0,0.013888888888888888,0.0,0.0,1.0
4.0,3.579448856374694e-08,0.0,0.0,0.0,0.0,0.013888888888888888,0.0,0.0,0.0
1.0,100.0,0.00017401550216158499,0.0,0.0,0.0,0.013888888888888888,0.0,0.0,1.0
2.0,1.9875650002188194e-06,0.0,0.0,0.0,0.0,0.013888888888888888,0.0,0.0,1.0
3.0,1.7956237512933968e-06,0.0,0.0,0.0,0.0,0.013888888888888888,0.0,0.0,1.0
4.0,3.863910222180758e-08,0.0,0.0,0.0,0.0,0.013888888888888888,0.0,0.0,0.0
1.0,100.0,0.0001740697402939343,0.0,0.0,0.0,0.013888888888888888,0.0,0.0,1.0
2.0,1.9266536652599752e-06,0.0,0.0,0.0,0.0,0.013888888888888888,0.0,0.0,1.0
3.0,1.7479038351133928e-06,0.0,0.0,0.0,0.0,0.013888888888888888,0.0,0.0,1.0
4.0,3.8681625316084596e-08,0.0,0.0,0.0,0.0,0.013888888888888888,0.0,0.0,0.0
1.0,100.0,0.00017407131907176828,0.0,0.0,0.0,0.013888888888888888,0.0,0.0,1.0
2.0,1.8991049358028277e-06,0.0,0.0,0.0,0.0,0.013888888888888888,0.0,0.0,1.0
3.0,1.7312151363760078e-06,0.0,0.0,0.0,0.0,0.013888888888888888,0.0,0.0,1.0
4.0,3.833392324703904e-08,0.0,0.0,0.0,0.0,0.013888888888888888,0.0,0.0,0.0
1.0,100.0,0.00017407289229506054,0.0,0.0,0.0,0.013888888888888888,0.0,0.0,1.0
2.0,1.8734197222349806e-06,0.0,0.0,0.0,0.0,0.013888888888888888,0.0,0.0,1.0
3.0,1.7148670051090732e-06,0.0,0.0,0.0,0.0,0.013888888888888888,0.0,0.0,1.0
4.0,3.7934520157652936e-08,0.0,0.0,0.0,0.0,0.013888888888888888,0.0,0.0,0.0
1.0,100.0,0.00017407445996836353,0.0,0.0,0.0,0.013888888888888888,0.0,0.0,1.0
2.0,1.8490093198281513e-06,0.0,0.0,0.0,0.0,0.013888888888888888,0.0,0.0,1.0
3.0,1.698645571125122e-06,0.0,0.0,0.0,0.0,0.013888888888888888,0.0,0.0,1.0
4.0,3.751957567660425e-08,0.0,0.0,0.0,0.0,0.013888888888888888,0.0,0.0,0.0
1.0,100.0,0.00017407602211176875,0.0,0.0,0.0,0.013888888888888888,0.0,0.0,1.0
2.0,1.8255600702870456e-06,0.0,0.0,0.0,0.0,0.013888888888888888,0.0,0.0,1.0
3.0,1.6824650366180084e-06,0.0,0.0,0.0,0.0,0.013888888888888888,0.0,0.0,1.0
4.0,3.710057558216517e-08,0.0,0.0,0.0,0.0,0.013888888888888888,0.0,0.0,0.0
1.0,100.0,0.00017407757874402625,0.0,0.0,0.0,0.013888888888888888,0.0,0.0,1.0
2.0,1.8028839303625213e-06,0.0,0.0,0.0,0.0,0.013888888888888888,0.0,0.0,1.0
3.0,1.6662953561263745e-06,0.0,0.0,0.0,0.0,0.013888888888888888,0.0,0.0,1.0
4.0,3.668334463355733e-08,0.0,0.0,0.0,0.0,0.013888888888888888,0.0,0.0,0.0
1.0,100.0,0.0001740791298838046,0.0,0.0,0.0,0.013888888888888888,0.0,0.0,1.0
2.0,1.7808550152843565e-06,0.0,0.0,0.0,0.0,0.013888888888888888,0.0,0.0,1.0
3.0,1.6501283335921979e-06,0.0,0.0,0.0,0.0,0.013888888888888888,0.0,0.0,1.0
4.0,3.62675423790465e-08,0.0,0.0,0.0,0.0,0.013888888888888888,0.0,0.0,0.0
1.0,100.0,0.000174080675550629,0.0,0.0,0.0,0.013888888888888888,0.0,0.0,1.0
2.0,1.759386084439167e-06,0.0,0.0,0.0,0.0,0.013888888888888888,0.0,0.0,1.0
3.0,1.6339604630556733e-06,0.0,0.0,0.0,0.0,0.013888888888888888,0.0,0.0,1.0
4.0,3.585224842385238e-08,0.0,0.0,0.0,0.0,0.013888888888888888,0.0,0.0,0.0
1.0,100.0,0.0001740822157632733,0.0,0.0,0.0,0.013888888888888888,0.0,0.0,1.0
2.0,1.7384125164673081e-06,0.0,0.0,0.0,0.0,0.013888888888888888,0.0,0.0,1.0
3.0,1.6177988036691452e-06,0.0,0.0,0.0,0.0,0.013888888888888888,0.0,0.0,1.0
4.0,3.5437853567632074e-08,0.0,0.0,0.0,0.0,0.013888888888888888,0.0,0.0,0.0
1.0,100.0,0.0001740837505407208,0.0,0.0,0.0,0.013888888888888888,0.0,0.0,1.0
2.0,1.7178859798744988e-06,0.0,0.0,0.0,0.0,0.013888888888888888,0.0,0.0,1.0
3.0,1.6016531754824627e-06,0.0,0.0,0.0,0.0,0.013888888888888888,0.0,0.0,1.0
4.0,3.5023853473822825e-08,0.0,0.0,0.0,0.0,0.013888888888888888,0.0,0.0,0.0
1.0,100.0,0.00017408527990155054,0.0,0.0,0.0,0.013888888888888888,0.0,0.0,1.0
2.0,1.6977649015109348e-06,0.0,0.0,0.0,0.0,0.013888888888888888,0.0,0.0,1.0
3.0,1.5855338144183586e-06,0.0,0.0,0.0,0.0,0.013888888888888888,0.0,0.0,1.0
4.0,3.461261830324612e-08,0.0,0.0,0.0,0.0,0.013888888888888888,0.0,0.0,0.0
1.0,100.0,0.00017408680386431368,0.0,0.0,0.0,0.013888888888888888,0.0,0.0,1.0
2.0,1.6780147059782374e-06,0.0,0.0,0.0,0.0,0.013888888888888888,0.0,0.0,1.0
3.0,1.5694466319015594e-06,0.0,0.0,0.0,0.0,0.013888888888888888,0.0,0.0,1.0
4.0,3.420354284241775e-08,0.0,0.0,0.0,0.0,0.013888888888888888,0.0,0.0,0.0
1.0,100.0,0.00017408832244790315,0.0,0.0,0.0,0.013888888888888888,0.0,0.0,1.0
2.0,1.6586100722032523e-06,0.0,0.0,0.0,0.0,0.013888888888888888,0.0,0.0,1.0
3.0,1.5533992160291006e-06,0.0,0.0,0.0,0.0,0.013888888888888888,0.0,0.0,1.0
4.0,3.3791659754843797e-08,0.0,0.0,0.0,0.0,0.013888888888888888,0.0,0.0,0.0
1.0,100.0,0.0001740898356698442,0.0,0.0,0.0,0.013888888888888888,0.0,0.0,1.0
2.0,1.6395264359611656e-06,0.0,0.0,0.0,0.0,0.013888888888888888,0.0,0.0,1.0
3.0,1.5374044750451798e-06,0.0,0.0,0.0,0.0,0.013888888888888888,0.0,0.0,1.0
4.0,3.338454601294191e-08,0.0,0.0,0.0,0.0,0.013888888888888888,0.0,0.0,0.0
1.0,100.0,0.00017409134354934175,0.0,0.0,0.0,0.013888888888888888,0.0,0.0,1.0
2.0,1.6207403050396587e-06,0.0,0.0,0.0,0.0,0.013888888888888888,0.0,0.0,1.0
3.0,1.521463239276964e-06,0.0,0.0,0.0,0.0,0.013888888888888888,0.0,0.0,1.0
4.0,3.2977864649138266e-08,0.0,0.0,0.0,0.0,0.013888888888888888,0.0,0.0,0.0
1.0,100.0,0.0001740928461040363,0.0,0.0,0.0,0.013888888888888888,0.0,0.0,1.0
2.0,1.6022358905918916e-06,0.0,0.0,0.0,0.0,0.013888888888888888,0.0,0.0,1.0
3.0,1.5055871433906883e-06,0.0,0.0,0.0,0.0,0.013888888888888888,0.0,0.0,1.0
4.0,3.2573519313392416e-08,0.0,0.0,0.0,0.0,0.013888888888888888,0.0,0.0,0.0
1.0,100.0,0.0001740943433519962,0.0,0.0,0.0,0.013888888888888888,0.0,0.0,1.0
2.0,1.583996130714963e-06,0.0,0.0,0.0,0.0,0.013888888888888888,0.0,0.0,1.0
3.0,1.4897796902837712e-06,0.0,0.0,0.0,0.0,0.013888888888888888,0.0,0.0,1.0
4.0,3.216922805992363e-08,0.0,0.0,0.0,0.0,0.013888888888888888,0.0,0.0,0.0
1.0,100.0,0.00017409583531174713,0.0,0.0,0.0,0.013888888888888888,0.0,0.0,1.0
2.0,1.566003522539308e-06,0.0,0.0,0.0,0.0,0.013888888888888888,0.0,0.0,1.0
3.0,1.4740445340928896e-06,0.0,0.0,0.0,0.0,0.013888888888888888,0.0,0.0,1.0
4.0,3.176755009751504e-08,0.0,0.0,0.0,0.0,0.013888888888888888,0.0,0.0,0.0
1.0,100.0,0.0001740973220005702,0.0,0.0,0.0,0.013888888888888888,0.0,0.0,1.0
2.0,1.548247762100895e-06,0.0,0.0,0.0,0.0,0.013888888888888888,0.0,0.0,1.0
3.0,1.4583889093084627e-06,0.0,0.0,0.0,0.0,0.013888888888888888,0.0,0.0,1.0
4.0,3.136919136295361e-08,0.0,0.0,0.0,0.0,0.013888888888888888,0.0,0.0,0.0
1.0,100.0,0.00017409880343646788,0.0,0.0,0.0,0.013888888888888888,0.0,0.0,1.0
2.0,1.5307170453830754e-06,0.0,0.0,0.0,0.0,0.013888888888888888,0.0,0.0,1.0
3.0,1.4428152974886555e-06,0.0,0.0,0.0,0.0,0.013888888888888888,0.0,0.0,1.0
4.0,3.097125218259145e-08,0.0,0.0,0.0,0.0,0.013888888888888888,0.0,0.0,0.0
1.0,100.0,0.00017410027963685342,0.0,0.0,0.0,0.013888888888888888,0.0,0.0,1.0
2.0,1.5134004510558638e-06,0.0,0.0,0.0,0.0,0.013888888888888888,0.0,0.0,1.0
3.0,1.427328915875508e-06,0.0,0.0,0.0,0.0,0.013888888888888888,0.0,0.0,1.0
4.0,3.0577161613703096e-08,0.0,0.0,0.0,0.0,0.013888888888888888,0.0,0.0,0.0
1.0,100.0,0.00017410175062037607,0.0,0.0,0.0,0.013888888888888888,0.0,0.0,1.0
2.0,1.496286679768312e-06,0.0,0.0,0.0,0.0,0.013888888888888888,0.0,0.0,1.0
3.0,1.4119302792736569e-06,0.0,0.0,0.0,0.0,0.013888888888888888,0.0,0.0,1.0
4.0,3.018442341943025e-08,0.0,0.0,0.0,0.0,0.013888888888888888,0.0,0.0,0.0
1.0,100.0,0.00017410321640269678,0.0,0.0,0.0,0.013888888888888888,0.0,0.0,1.0
2.0,1.4793693994625658e-06,0.0,0.0,0.0,0.0,0.013888888888888888,0.0,0.0,1.0
3.0,1.3966229155342435e-06,0.0,0.0,0.0,0.0,0.013888888888888888,0.0,0.0,1.0
4.0,2.979288627489178e-08,0.0,0.0,0.0,0.0,0.013888888888888888,0.0,0.0,0.0
1.0,100.0,0.00017410467700231818,0.0,0.0,0.0,0.013888888888888888,0.0,0.0,1.0
2.0,1.4626385970091345e-06,0.0,0.0,0.0,0.0,0.013888888888888888,0.0,0.0,1.0
3.0,1.3814090287580415e-06,0.0,0.0,0.0,0.0,0.013888888888888888,0.0,0.0,1.0
4.0,2.940413859829011e-08,0.0,0.0,0.0,0.0,0.013888888888888888,0.0,0.0,0.0
1.0,100.0,0.00017410613243664953,0.0,0.0,0.0,0.013888888888888888,0.0,0.0,1.0
2.0,1.446088369255606e-06,0.0,0.0,0.0,0.0,0.013888888888888888,0.0,0.0,1.0
3.0,1.3662911003799649e-06,0.0,0.0,0.0,0.0,0.013888888888888888,0.0,0.0,1.0
4.0,2.9018533322215634e-08,0.0,0.0,0.0,0.0,0.013888888888888888,0.0,0.0,0.0
1.0,100.0,0.00017410758272247407,0.0,0.0,0.0,0.013888888888888888,0.0,0.0,1.0
2.0,1.4297136452043548e-06,0.0,0.0,0.0,0.0,0.013888888888888888,0.0,0.0,1.0
3.0,1.3512726581757305e-06,0.0,0.0,0.0,0.0,0.013888888888888888,0.0,0.0,1.0
4.0,2.8634608005935896e-08,0.0,0.0,0.0,0.0,0.013888888888888888,0.0,0.0,0.0
1.0,100.0,0.00017410902787708688,0.0,0.0,0.0,0.013888888888888888,0.0,0.0,1.0
2.0,1.4135055215241278e-06,0.0,0.0,0.0,0.0,0.013888888888888888,0.0,0.0,1.0
3.0,1.3363526536632852e-06,0.0,0.0,0.0,0.0,0.013888888888888888,0.0,0.0,1.0
4.0,2.8255262142472415e-08,0.0,0.0,0.0,0.0,0.013888888888888888,0.0,0.0,0.0
1.0,100.0,0.0001741104679163418,0.0,0.0,0.0,0.013888888888888888,0.0,0.0,1.0
2.0,1.3974603520035337e-06,0.0,0.0,0.0,0.0,0.013888888888888888,0.0,0.0,1.0
3.0,1.3215309964981163e-06,0.0,0.0,0.0,0.0,0.013888888888888888,0.0,0.0,1.0
4.0,2.7876890158286218e-08,0.0,0.0,0.0,0.0,0.013888888888888888,0.0,0.0,0.0
1.0,100.0,0.00017411190285882718,0.0,0.0,0.0,0.013888888888888888,0.0,0.0,1.0
2.0,1.3815747552468252e-06,0.0,0.0,0.0,0.0,0.013888888888888888,0.0,0.0,1.0
3.0,1.3068136727361315e-06,0.0,0.0,0.0,0.0,0.013888888888888888,0.0,0.0,1.0
4.0,2.7501622532187034e-08,0.0,0.0,0.0,0.0,0.013888888888888888,0.0,0.0,0.0
1.0,100.0,0.00017411333272044055,0.0,0.0,0.0,0.013888888888888888,0.0,0.0,1.0
2.0,1.3658410006696833e-06,0.0,0.0,0.0,0.0,0.013888888888888888,0.0,0.0,1.0
3.0,1.292198184158742e-06,0.0,0.0,0.0,0.0,0.013888888888888888,0.0,0.0,1.0
4.0,2.713006432109676e-08,0.0,0.0,0.0,0.0,0.013888888888888888,0.0,0.0,0.0
1.0,100.0,0.00017411475751780896,0.0,0.0,0.0,0.013888888888888888,0.0,0.0,1.0
2.0,1.3502580266642898e-06,0.0,0.0,0.0,0.0,0.013888888888888888,0.0,0.0,1.0
3.0,1.2776854363593768e-06,0.0,0.0,0.0,0.0,0.013888888888888888,0.0,0.0,1.0
4.0,2.675924032458941e-08,0.0,0.0,0.0,0.0,0.013888888888888888,0.0,0.0,0.0
1.0,100.0,0.00017411617726743547,0.0,0.0,0.0,0.013888888888888888,0.0,0.0,1.0
2.0,1.3348208132313606e-06,0.0,0.0,0.0,0.0,0.013888888888888888,0.0,0.0,1.0
3.0,1.2632783141549257e-06,0.0,0.0,0.0,0.0,0.013888888888888888,0.0,0.0,1.0
4.0,2.6393940968854584e-08,0.0,0.0,0.0,0.0,0.013888888888888888,0.0,0.0,0.0
1.0,100.0,0.00017411759198622504,0.0,0.0,0.0,0.013888888888888888,0.0,0.0,1.0
2.0,1.3195246808382344e-06,0.0,0.0,0.0,0.0,0.013888888888888888,0.0,0.0,1.0
3.0,1.248972340189193e-06,0.0,0.0,0.0,0.0,0.013888888888888888,0.0,0.0,1.0
4.0,2.602932530486053e-08,0.0,0.0,0.0,0.0,0.013888888888888888,0.0,0.0,0.0
1.0,100.0,0.00017411900169036717,0.0,0.0,0.0,0.013888888888888888,0.0,0.0,1.0
2.0,1.3043682781258025e-06,0.0,0.0,0.0,0.0,0.013888888888888888,0.0,0.0,1.0
3.0,1.2347707144753154e-06,0.0,0.0,0.0,0.0,0.013888888888888888,0.0,0.0,1.0
4.0,2.5668015429718006e-08,0.0,0.0,0.0,0.0,0.013888888888888888,0.0,0.0,0.0
1.0,100.0,0.0001776902911945393,0.0,0.0,0.0,0.013888888888888888,0.0,0.0,1.0
2.0,3.815267229530539e-05,0.0,0.0,0.0,0.0,0.013888888888888888,0.0,0.0,1.0
3.0,3.599809212014435e-05,0.0,0.0,0.0,0.0,0.013888888888888888,0.0,0.0,1.0
4.0,2.2554749712510386e-07,0.0,0.0,0.0,0.0,0.013888888888888888,0.0,0.0,0.0
1.0,100.0,0.00017159643181601384,0.0,0.0,0.0,0.013888888888888888,0.0,0.0,1.0
2.0,1.5507999079665807e-06,0.0,0.0,0.0,0.0,0.013888888888888888,0.0,0.0,1.0
3.0,1.2327212117810902e-06,0.0,0.0,0.0,0.0,0.013888888888888888,0.0,0.0,1.0
4.0,1.9801072560741098e-08,0.0,0.0,0.0,0.0,0.013888888888888888,0.0,0.0,0.0
1.0,100.0,0.000172663511198549,0.0,0.0,0.0,0.013888888888888888,0.0,0.0,1.0
2.0,8.951589395482119e-07,0.0,0.0,0.0,0.0,0.013888888888888888,0.0,0.0,1.0
3.0,1.2414892601538467e-06,0.0,0.0,0.0,0.0,0.013888888888888888,0.0,0.0,1.0
4.0,2.5192672669657284e-08,0.0,0.0,0.0,0.0,0.013888888888888888,0.0,0.0,0.0
1.0,100.0,0.00017268417496738372,0.0,0.0,0.0,0.013888888888888888,0.0,0.0,1.0
2.0,1.0162383820487895e-06,0.0,0.0,0.0,0.0,0.013888888888888888,0.0,0.0,1.0
3.0,1.304784503386771e-06,0.0,0.0,0.0,0.0,0.013888888888888888,0.0,0.0,1.0
4.0,2.4728955495421e-08,0.0,0.0,0.0,0.0,0.013888888888888888,0.0,0.0,0.0
1.0,100.0,0.00017270468919289362,0.0,0.0,0.0,0.013888888888888888,0.0,0.0,1.0
2.0,1.1095554915854604e-06,0.0,0.0,0.0,0.0,0.013888888888888888,0.0,0.0,1.0
3.0,1.3519915446868566e-06,0.0,0.0,0.0,0.0,0.013888888888888888,0.0,0.0,1.0
4.0,2.4695403975928515e-08,0.0,0.0,0.0,0.0,0.013888888888888888,0.0,0.0,0.0
1.0,100.0,0.00017272504020282982,0.0,0.0,0.0,0.013888888888888888,0.0,0.0,1.0
2.0,1.1901492706661531e-06,0.0,0.0,0.0,0.0,0.013888888888888888,0.0,0.0,1.0
3.0,1.3934119981660284e-06,0.0,0.0,0.0,0.0,0.013888888888888888,0.0,0.0,1.0
4.0,2.4806878085392445e-08,0.0,0.0,0.0,0.0,0.013888888888888888,0.0,0.0,0.0
1.0,100.0,0.0001727452344110585,0.0,0.0,0.0,0.013888888888888888,0.0,0.0,1.0
2.0,1.2626271645514314e-06,0.0,0.0,0.0,0.0,0.013888888888888888,0.0,0.0,1.0
3.0,1.4313989289589746e-06,0.0,0.0,0.0,0.0,0.013888888888888888,0.0,0.0,1.0
4.0,2.494549256417015e-08,0.0,0.0,0.0,0.0,0.013888888888888888,0.0,0.0,0.0
1.0,100.0,0.0001727652777648877,0.0,0.0,0.0,0.013888888888888888,0.0,0.0,1.0
2.0,1.3291944652873077e-06,0.0,0.0,0.0,0.0,0.013888888888888888,0.0,0.0,1.0
3.0,1.4669740744032754e-06,0.0,0.0,0.0,0.0,0.013888888888888888,0.0,0.0,1.0
4.0,2.5073730171827846e-08,0.0,0.0,0.0,0.0,0.013888888888888888,0.0,0.0,0.0
1.0,100.0,0.00017278517578469467,0.0,0.0,0.0,0.013888888888888888,0.0,0.0,1.0
2.0,1.3910345189647635e-06,0.0,0.0,0.0,0.0,0.013888888888888888,0.0,0.0,1.0
3.0,1.5006338473755938e-06,0.0,0.0,0.0,0.0,0.013888888888888888,0.0,0.0,1.0
4.0,2.518139237278022e-08,0.0,0.0,0.0,0.0,0.013888888888888888,0.0,0.0,0.0
1.0,100.0,0.0001728049336189534,0.0,0.0,0.0,0.013888888888888888,0.0,0.0,1.0
2.0,1.4488411745827524e-06,0.0,0.0,0.0,0.0,0.013888888888888888,0.0,0.0,1.0
3.0,1.5326184163537045e-06,0.0,0.0,0.0,0.0,0.013888888888888888,0.0,0.0,1.0
4.0,2.5267206116805734e-08,0.0,0.0,0.0,0.0,0.013888888888888888,0.0,0.0,0.0
1.0,100.0,0.0001728245560655992,0.0,0.0,0.0,0.013888888888888888,0.0,0.0,1.0
2.0,1.5030836268440691e-06,0.0,0.0,0.0,0.0,0.013888888888888888,0.0,0.0,1.0
3.0,1.5630842783468924e-06,0.0,0.0,0.0,0.0,0.013888888888888888,0.0,0.0,1.0
4.0,2.53353065095618e-08,0.0,0.0,0.0,0.0,0.013888888888888888,0.0,0.0,0.0
1.0,100.0,0.0001728440476137122,0.0,0.0,0.0,0.013888888888888888,0.0,0.0,1.0
2.0,1.554093201835339e-06,0.0,0.0,0.0,0.0,0.013888888888888888,0.0,0.0,1.0
3.0,1.5921159337445676e-06,0.0,0.0,0.0,0.0,0.013888888888888888,0.0,0.0,1.0
4.0,2.5385794577645107e-08,0.0,0.0,0.0,0.0,0.013888888888888888,0.0,0.0,0.0
1.0,100.0,0.0001728634124729928,0.0,0.0,0.0,0.013888888888888888,0.0,0.0,1.0
2.0,1.602131672769178e-06,0.0,0.0,0.0,0.0,0.013888888888888888,0.0,0.0,1.0
3.0,1.6197822502385312e-06,0.0,0.0,0.0,0.0,0.013888888888888888,0.0,0.0,1.0
4.0,2.5422502810080158e-08,0.0,0.0,0.0,0.0,0.013888888888888888,0.0,0.0,0.0
1.0,100.0,0.0001728826545990616,0.0,0.0,0.0,0.013888888888888888,0.0,0.0,1.0
2.0,1.647410699940831e-06,0.0,0.0,0.0,0.0,0.013888888888888888,0.0,0.0,1.0
3.0,1.6461282185941617e-06,0.0,0.0,0.0,0.0,0.013888888888888888,0.0,0.0,1.0
4.0,2.5448078658190802e-08,0.0,0.0,0.0,0.0,0.013888888888888888,0.0,0.0,0.0
1.0,100.0,0.0001729017777192055,0.0,0.0,0.0,0.013888888888888888,0.0,0.0,1.0
2.0,1.6901134259579259e-06,0.0,0.0,0.0,0.0,0.013888888888888888,0.0,0.0,1.0
3.0,1.6711944296295797e-06,0.0,0.0,0.0,0.0,0.013888888888888888,0.0,0.0,1.0
4.0,2.5463165152977106e-08,0.0,0.0,0.0,0.0,0.013888888888888888,0.0,0.0,0.0
1.0,100.0,0.0001729207853491876,0.0,0.0,0.0,0.013888888888888888,0.0,0.0,1.0
2.0,1.7304001867768275e-06,0.0,0.0,0.0,0.0,0.013888888888888888,0.0,0.0,1.0
3.0,1.6950163431253024e-06,0.0,0.0,0.0,0.0,0.013888888888888888,0.0,0.0,1.0
4.0,2.5467598524768073e-08,0.0,0.0,0.0,0.0,0.013888888888888888,0.0,0.0,0.0
1.0,100.0,0.00017293968081869758,0.0,0.0,0.0,0.013888888888888888,0.0,0.0,1.0
2.0,1.7684101508558076e-06,0.0,0.0,0.0,0.0,0.013888888888888888,0.0,0.0,1.0
3.0,1.7176226743246262e-06,0.0,0.0,0.0,0.0,0.013888888888888888,0.0,0.0,1.0
4.0,2.5463811865658287e-08,0.0,0.0,0.0,0.0,0.013888888888888888,0.0,0.0,0.0
1.0,100.0,0.00017295855373323572,0.0,0.0,0.0,0.013888888888888888,0.0,0.0,1.0
2.0,1.8042711396134012e-06,0.0,0.0,0.0,0.0,0.013888888888888888,0.0,0.0,1.0
3.0,1.739045983135287e-06,0.0,0.0,0.0,0.0,0.013888888888888888,0.0,0.0,1.0
4.0,2.5452309507289932e-08,0.0,0.0,0.0,0.0,0.013888888888888888,0.0,0.0,0.0
1.0,100.0,0.00017297747998510566,0.0,0.0,0.0,0.013888888888888888,0.0,0.0,1.0
2.0,1.838096375245452e-06,0.0,0.0,0.0,0.0,0.013888888888888888,0.0,0.0,1.0
3.0,1.759313206935766e-06,0.0,0.0,0.0,0.0,0.013888888888888888,0.0,0.0,1.0
4.0,2.5430393848926165e-08,0.0,0.0,0.0,0.0,0.013888888888888888,0.0,0.0,0.0
1.0,100.0,0.00017299631587851163,0.0,0.0,0.0,0.013888888888888888,0.0,0.0,1.0
2.0,1.8699858928270186e-06,0.0,0.0,0.0,0.0,0.013888888888888888,0.0,0.0,1.0
3.0,1.7784505139668432e-06,0.0,0.0,0.0,0.0,0.013888888888888888,0.0,0.0,1.0
4.0,2.5401783766873354e-08,0.0,0.0,0.0,0.0,0.013888888888888888,0.0,0.0,0.0
1.0,100.0,0.00017301506393795107,0.0,0.0,0.0,0.013888888888888888,0.0,0.0,1.0
2.0,1.9000317341630654e-06,0.0,0.0,0.0,0.0,0.013888888888888888,0.0,0.0,1.0
3.0,1.7964833663673953e-06,0.0,0.0,0.0,0.0,0.013888888888888888,0.0,0.0,1.0
4.0,2.5366315461425494e-08,0.0,0.0,0.0,0.0,0.013888888888888888,0.0,0.0,0.0
1.0,100.0,0.0001730337716539724,0.0,0.0,0.0,0.013888888888888888,0.0,0.0,1.0
2.0,1.9283166116879738e-06,0.0,0.0,0.0,0.0,0.013888888888888888,0.0,0.0,1.0
3.0,1.8134291709596123e-06,0.0,0.0,0.0,0.0,0.013888888888888888,0.0,0.0,1.0
4.0,2.532577904610805e-08,0.0,0.0,0.0,0.0,0.013888888888888888,0.0,0.0,0.0
1.0,100.0,0.00017305261384140393,0.0,0.0,0.0,0.013888888888888888,0.0,0.0,1.0
2.0,1.954921925916071e-06,0.0,0.0,0.0,0.0,0.013888888888888888,0.0,0.0,1.0
3.0,1.82930935577005e-06,0.0,0.0,0.0,0.0,0.013888888888888888,0.0,0.0,1.0
4.0,2.5274174212532628e-08,0.0,0.0,0.0,0.0,0.013888888888888888,0.0,0.0,0.0
1.0,100.0,0.00017307138672455061,0.0,0.0,0.0,0.013888888888888888,0.0,0.0,1.0
2.0,1.97992220629717e-06,0.0,0.0,0.0,0.0,0.013888888888888888,0.0,0.0,1.0
3.0,1.844144415879219e-06,0.0,0.0,0.0,0.0,0.013888888888888888,0.0,0.0,1.0
4.0,2.5215824871681546e-08,0.0,0.0,0.0,0.0,0.013888888888888888,0.0,0.0,0.0
1.0,100.0,0.0001730902324251793,0.0,0.0,0.0,0.013888888888888888,0.0,0.0,1.0
2.0,2.0312573102740345e-06,0.0,0.0,0.0,0.0,0.013888888888888888,0.0,0.0,1.0
3.0,1.8579589935383354e-06,0.0,0.0,0.0,0.0,0.013888888888888888,0.0,0.0,1.0
4.0,2.515021427254501e-08,0.0,0.0,0.0,0.0,0.013888888888888888,0.0,0.0,0.0
1.0,100.0,0.0001731090310718155,0.0,0.0,0.0,0.013888888888888888,0.0,0.0,1.0
2.0,2.1617262171820055e-06,0.0,0.0,0.0,0.0,0.013888888888888888,0.0,0.0,1.0
3.0,1.9774399297641184e-06,0.0,0.0,0.0,0.0,0.013888888888888888,0.0,0.0,1.0
4.0,2.5078603073167584e-08,0.0,0.0,0.0,0.0,0.013888888888888888,0.0,0.0,0.0
1.0,100.0,0.00017312777265847607,0.0,0.0,0.0,0.013888888888888888,0.0,0.0,1.0
2.0,2.2951709142752736e-06,0.0,0.0,0.0,0.0,0.013888888888888888,0.0,0.0,1.0
3.0,2.1112478011791655e-06,0.0,0.0,0.0,0.0,0.013888888888888888,0.0,0.0,1.0
4.0,2.5000020718225258e-08,0.0,0.0,0.0,0.0,0.013888888888888888,0.0,0.0,0.0
1.0,100.0,0.00017314648998075137,0.0,0.0,0.0,0.013888888888888888,0.0,0.0,1.0
2.0,2.431465179924155e-06,0.0,0.0,0.0,0.0,0.013888888888888888,0.0,0.0,1.0
3.0,2.247670633832639e-06,0.0,0.0,0.0,0.0,0.013888888888888888,0.0,0.0,1.0
4.0,2.4914492509196548e-08,0.0,0.0,0.0,0.0,0.013888888888888888,0.0,0.0,0.0
1.0,100.0,0.00017316523434914892,0.0,0.0,0.0,0.013888888888888888,0.0,0.0,1.0
2.0,2.570488554715609e-06,0.0,0.0,0.0,0.0,0.013888888888888888,0.0,0.0,1.0
3.0,2.386612967787672e-06,0.0,0.0,0.0,0.0,0.013888888888888888,0.0,0.0,1.0
4.0,2.4821779032673513e-08,0.0,0.0,0.0,0.0,0.013888888888888888,0.0,0.0,0.0
1.0,100.0,0.00017318393167708868,0.0,0.0,0.0,0.013888888888888888,0.0,0.0,1.0
2.0,2.712105596243488e-06,0.0,0.0,0.0,0.0,0.013888888888888888,0.0,0.0,1.0
3.0,2.527949112679569e-06,0.0,0.0,0.0,0.0,0.013888888888888888,0.0,0.0,1.0
4.0,2.4722674528882625e-08,0.0,0.0,0.0,0.0,0.013888888888888888,0.0,0.0,0.0
1.0,100.0,0.00017320258325881601,0.0,0.0,0.0,0.013888888888888888,0.0,0.0,1.0
2.0,2.8561984504916907e-06,0.0,0.0,0.0,0.0,0.013888888888888888,0.0,0.0,1.0
3.0,2.6715740905686892e-06,0.0,0.0,0.0,0.0,0.013888888888888888,0.0,0.0,1.0
4.0,2.4616019387042573e-08,0.0,0.0,0.0,0.0,0.013888888888888888,0.0,0.0,0.0
1.0,100.0,0.00017322119034308362,0.0,0.0,0.0,0.013888888888888888,0.0,0.0,1.0
2.0,3.002650276878205e-06,0.0,0.0,0.0,0.0,0.013888888888888888,0.0,0.0,1.0
3.0,2.817379603230104e-06,0.0,0.0,0.0,0.0,0.013888888888888888,0.0,0.0,1.0
4.0,2.4505103710144704e-08,0.0,0.0,0.0,0.0,0.013888888888888888,0.0,0.0,0.0
1.0,100.0,0.0001732397541204522,0.0,0.0,0.0,0.013888888888888888,0.0,0.0,1.0
2.0,3.1513494182954397e-06,0.0,0.0,0.0,0.0,0.013888888888888888,0.0,0.0,1.0
3.0,2.965268304908124e-06,0.0,0.0,0.0,0.0,0.013888888888888888,0.0,0.0,1.0
4.0,2.438714178799484e-08,0.0,0.0,0.0,0.0,0.013888888888888888,0.0,0.0,0.0
1.0,100.0,0.00017325831693423382,0.0,0.0,0.0,0.013888888888888888,0.0,0.0,1.0
2.0,3.302183208746588e-06,0.0,0.0,0.0,0.0,0.013888888888888888,0.0,0.0,1.0
3.0,3.1151325756483416e-06,0.0,0.0,0.0,0.0,0.013888888888888888,0.0,0.0,1.0
4.0,2.426166732556739e-08,0.0,0.0,0.0,0.0,0.013888888888888888,0.0,0.0,0.0
1.0,100.0,0.00017327689576383175,0.0,0.0,0.0,0.013888888888888888,0.0,0.0,1.0
2.0,3.455047434240618e-06,0.0,0.0,0.0,0.0,0.013888888888888888,0.0,0.0,1.0
3.0,3.2668536244603738e-06,0.0,0.0,0.0,0.0,0.013888888888888888,0.0,0.0,1.0
4.0,2.412937371596193e-08,0.0,0.0,0.0,0.0,0.013888888888888888,0.0,0.0,0.0
1.0,100.0,0.00017329543959404174,0.0,0.0,0.0,0.013888888888888888,0.0,0.0,1.0
2.0,3.6098614659470136e-06,0.0,0.0,0.0,0.0,0.013888888888888888,0.0,0.0,1.0
3.0,3.4203988485740338e-06,0.0,0.0,0.0,0.0,0.013888888888888888,0.0,0.0,1.0
4.0,2.3993500582339078e-08,0.0,0.0,0.0,0.0,0.013888888888888888,0.0,0.0,0.0
1.0,100.0,0.0001733139494031749,0.0,0.0,0.0,0.013888888888888888,0.0,0.0,1.0
2.0,3.7664832949323605e-06,0.0,0.0,0.0,0.0,0.013888888888888888,0.0,0.0,1.0
3.0,3.575628023176245e-06,0.0,0.0,0.0,0.0,0.013888888888888888,0.0,0.0,1.0
4.0,2.3849245442065724e-08,0.0,0.0,0.0,0.0,0.013888888888888888,0.0,0.0,0.0
1.0,100.0,0.00017333200092410237,0.0,0.0,0.0,0.013888888888888888,0.0,0.0,1.0
2.0,1.087269698147768e-06,0.0,0.0,0.0,0.0,0.013888888888888888,0.0,0.0,1.0
3.0,9.237533616387687e-07,0.0,0.0,0.0,0.0,0.013888888888888888,0.0,0.0,1.0
4.0,1.578993047623779e-08,0.0,0.0,0.0,0.0,0.013888888888888888,0.0,0.0,0.0
1.0,100.0,0.00017338008982660844,0.0,0.0,0.0,0.013888888888888888,0.0,0.0,1.0
2.0,1.0090477397553766e-06,0.0,0.0,0.0,0.0,0.013888888888888888,0.0,0.0,1.0
3.0,8.596041776380222e-07,0.0,0.0,0.0,0.0,0.013888888888888888,0.0,0.0,1.0
4.0,1.5307214138358102e-08,0.0,0.0,0.0,0.0,0.013888888888888888,0.0,0.0,0.0
1.0,100.0,0.0001733822096400085,0.0,0.0,0.0,0.013888888888888888,0.0,0.0,1.0
2.0,9.81165069883207e-07,0.0,0.0,0.0,0.0,0.013888888888888888,0.0,0.0,1.0
3.0,8.431386702508654e-07,0.0,0.0,0.0,0.0,0.013888888888888888,0.0,0.0,1.0
4.0,1.50017521404477e-08,0.0,0.0,0.0,0.0,0.013888888888888888,0.0,0.0,0.0
1.0,100.0,0.00017338432272430367,0.0,0.0,0.0,0.013888888888888888,0.0,0.0,1.0
2.0,9.56329177394435e-07,0.0,0.0,0.0,0.0,0.013888888888888888,0.0,0.0,1.0
3.0,8.280982465992168e-07,0.0,0.0,0.0,0.0,0.013888888888888888,0.0,0.0,1.0
4.0,1.4689661898622176e-08,0.0,0.0,0.0,0.0,0.013888888888888888,0.0,0.0,0.0
1.0,100.0,0.00017338642906844664,0.0,0.0,0.0,0.013888888888888888,0.0,0.0,1.0
2.0,9.333898489816136e-07,0.0,0.0,0.0,0.0,0.013888888888888888,0.0,0.0,1.0
3.0,8.138009424136655e-07,0.0,0.0,0.0,0.0,0.013888888888888888,0.0,0.0,1.0
4.0,1.4381708049429495e-08,0.0,0.0,0.0,0.0,0.013888888888888888,0.0,0.0,0.0
1.0,100.0,0.00017338857072244672,0.0,0.0,0.0,0.013888888888888888,0.0,0.0,1.0
2.0,9.118660272649336e-07,0.0,0.0,0.0,0.0,0.013888888888888888,0.0,0.0,1.0
3.0,8.000120098194669e-07,0.0,0.0,0.0,0.0,0.013888888888888888,0.0,0.0,1.0
4.0,1.4079882111107039e-08,0.0,0.0,0.0,0.0,0.013888888888888888,0.0,0.0,0.0
1.0,100.0,0.00017339072941847302,0.0,0.0,0.0,0.013888888888888888,0.0,0.0,1.0
2.0,8.914952914856879e-07,0.0,0.0,0.0,0.0,0.013888888888888888,0.0,0.0,1.0
3.0,7.866187563800288e-07,0.0,0.0,0.0,0.0,0.013888888888888888,0.0,0.0,1.0
4.0,1.3787146154316843e-08,0.0,0.0,0.0,0.0,0.013888888888888888,0.0,0.0,0.0
1.0,100.0,0.00017339288102062372,0.0,0.0,0.0,0.013888888888888888,0.0,0.0,1.0
2.0,8.721173607368341e-07,0.0,0.0,0.0,0.0,0.013888888888888888,0.0,0.0,1.0
3.0,7.735582547739287e-07,0.0,0.0,0.0,0.0,0.013888888888888888,0.0,0.0,1.0
4.0,1.350086568068705e-08,0.0,0.0,0.0,0.0,0.013888888888888888,0.0,0.0,0.0
1.0,100.0,0.00017339502553318376,0.0,0.0,0.0,0.013888888888888888,0.0,0.0,1.0
2.0,8.53620295325212e-07,0.0,0.0,0.0,0.0,0.013888888888888888,0.0,0.0,1.0
3.0,7.607962164853229e-07,0.0,0.0,0.0,0.0,0.013888888888888888,0.0,0.0,1.0
4.0,1.3222187655920287e-08,0.0,0.0,0.0,0.0,0.013888888888888888,0.0,0.0,0.0
1.0,100.0,0.00017339716296232454,0.0,0.0,0.0,0.013888888888888888,0.0,0.0,1.0
2.0,8.359155260865055e-07,0.0,0.0,0.0,0.0,0.013888888888888888,0.0,0.0,1.0
3.0,7.483059162685273e-07,0.0,0.0,0.0,0.0,0.013888888888888888,0.0,0.0,1.0
4.0,1.2949523804382281e-08,0.0,0.0,0.0,0.0,0.013888888888888888,0.0,0.0,0.0
1.0,100.0,0.0001733992933156423,0.0,0.0,0.0,0.013888888888888888,0.0,0.0,1.0
2.0,8.18931917230532e-07,0.0,0.0,0.0,0.0,0.013888888888888888,0.0,0.0,1.0
3.0,7.360697298137078e-07,0.0,0.0,0.0,0.0,0.013888888888888888,0.0,0.0,1.0
4.0,1.2682823643498502e-08,0.0,0.0,0.0,0.0,0.013888888888888888,0.0,0.0,0.0
1.0,100.0,0.00017340141660496084,0.0,0.0,0.0,0.013888888888888888,0.0,0.0,1.0
2.0,8.026021026201385e-07,0.0,0.0,0.0,0.0,0.013888888888888888,0.0,0.0,1.0
3.0,7.240695288541551e-07,0.0,0.0,0.0,0.0,0.013888888888888888,0.0,0.0,1.0
4.0,1.2422061901471915e-08,0.0,0.0,0.0,0.0,0.013888888888888888,0.0,0.0,0.0
1.0,100.0,0.00017340353284273067,0.0,0.0,0.0,0.013888888888888888,0.0,0.0,1.0
2.0,7.86872745888532e-07,0.0,0.0,0.0,0.0,0.013888888888888888,0.0,0.0,1.0
3.0,7.12290323911041e-07,0.0,0.0,0.0,0.0,0.013888888888888888,0.0,0.0,1.0
4.0,1.2164818425081822e-08,0.0,0.0,0.0,0.0,0.013888888888888888,0.0,0.0,0.0
1.0,100.0,0.00017340564204176327,0.0,0.0,0.0,0.013888888888888888,0.0,0.0,1.0
2.0,7.716941414368593e-07,0.0,0.0,0.0,0.0,0.013888888888888888,0.0,0.0,1.0
3.0,7.007238565620786e-07,0.0,0.0,0.0,0.0,0.013888888888888888,0.0,0.0,1.0
4.0,1.1913992233619695e-08,0.0,0.0,0.0,0.0,0.013888888888888888,0.0,0.0,0.0
1.0,100.0,0.0001734077442173179,0.0,0.0,0.0,0.013888888888888888,0.0,0.0,1.0
2.0,7.570200127033594e-07,0.0,0.0,0.0,0.0,0.013888888888888888,0.0,0.0,1.0
3.0,6.893556418427996e-07,0.0,0.0,0.0,0.0,0.013888888888888888,0.0,0.0,1.0
4.0,1.1666923697363474e-08,0.0,0.0,0.0,0.0,0.013888888888888888,0.0,0.0,0.0
1.0,100.0,0.00017340983938765904,0.0,0.0,0.0,0.013888888888888888,0.0,0.0,1.0
2.0,7.428099321821773e-07,0.0,0.0,0.0,0.0,0.013888888888888888,0.0,0.0,1.0
3.0,6.781741066211839e-07,0.0,0.0,0.0,0.0,0.013888888888888888,0.0,0.0,1.0
4.0,1.1423751424318667e-08,0.0,0.0,0.0,0.0,0.013888888888888888,0.0,0.0,0.0
1.0,100.0,0.00017341192757069102,0.0,0.0,0.0,0.013888888888888888,0.0,0.0,1.0
2.0,7.290296490562421e-07,0.0,0.0,0.0,0.0,0.013888888888888888,0.0,0.0,1.0
3.0,6.671747112321236e-07,0.0,0.0,0.0,0.0,0.013888888888888888,0.0,0.0,1.0
4.0,1.118695846088747e-08,0.0,0.0,0.0,0.0,0.013888888888888888,0.0,0.0,0.0
1.0,100.0,0.0001734140087851083,0.0,0.0,0.0,0.013888888888888888,0.0,0.0,1.0
2.0,7.156444591539166e-07,0.0,0.0,0.0,0.0,0.013888888888888888,0.0,0.0,1.0
3.0,6.563460592470307e-07,0.0,0.0,0.0,0.0,0.013888888888888888,0.0,0.0,1.0
4.0,1.0952410476432769e-08,0.0,0.0,0.0,0.0,0.013888888888888888,0.0,0.0,0.0
1.0,100.0,0.0001734160830693677,0.0,0.0,0.0,0.013888888888888888,0.0,0.0,1.0
2.0,7.026242215187854e-07,0.0,0.0,0.0,0.0,0.013888888888888888,0.0,0.0,1.0
3.0,6.456798676785793e-07,0.0,0.0,0.0,0.0,0.013888888888888888,0.0,0.0,1.0
4.0,1.072285521184313e-08,0.0,0.0,0.0,0.0,0.013888888888888888,0.0,0.0,0.0
1.0,100.0,0.00017341815044149043,0.0,0.0,0.0,0.013888888888888888,0.0,0.0,1.0
2.0,6.89944782644005e-07,0.0,0.0,0.0,0.0,0.013888888888888888,0.0,0.0,1.0
3.0,6.351714080928634e-07,0.0,0.0,0.0,0.0,0.013888888888888888,0.0,0.0,1.0
4.0,1.049650279085702e-08,0.0,0.0,0.0,0.0,0.013888888888888888,0.0,0.0,0.0
1.0,100.0,0.00017342025215501242,0.0,0.0,0.0,0.013888888888888888,0.0,0.0,1.0
2.0,6.775797331247534e-07,0.0,0.0,0.0,0.0,0.013888888888888888,0.0,0.0,1.0
3.0,6.24811956537103e-07,0.0,0.0,0.0,0.0,0.013888888888888888,0.0,0.0,1.0
4.0,1.0273504430991168e-08,0.0,0.0,0.0,0.0,0.013888888888888888,0.0,0.0,0.0
1.0,100.0,0.00017342236206561846,0.0,0.0,0.0,0.013888888888888888,0.0,0.0,1.0
2.0,6.655071636145238e-07,0.0,0.0,0.0,0.0,0.013888888888888888,0.0,0.0,1.0
3.0,6.14595637751447e-07,0.0,0.0,0.0,0.0,0.013888888888888888,0.0,0.0,1.0
4.0,1.0053973535596101e-08,0.0,0.0,0.0,0.0,0.013888888888888888,0.0,0.0,0.0
1.0,100.0,0.00017342446469383767,0.0,0.0,0.0,0.013888888888888888,0.0,0.0,1.0
2.0,6.537081396413773e-07,0.0,0.0,0.0,0.0,0.013888888888888888,0.0,0.0,1.0
3.0,6.045201939946317e-07,0.0,0.0,0.0,0.0,0.013888888888888888,0.0,0.0,1.0
4.0,9.83825038503002e-09,0.0,0.0,0.0,0.0,0.013888888888888888,0.0,0.0,0.0
1.0,100.0,0.0001734265600669608,0.0,0.0,0.0,0.013888888888888888,0.0,0.0,1.0
2.0,6.421626934038229e-07,0.0,0.0,0.0,0.0,0.013888888888888888,0.0,0.0,1.0
3.0,5.945762083319636e-07,0.0,0.0,0.0,0.0,0.013888888888888888,0.0,0.0,1.0
4.0,9.625301389387273e-09,0.0,0.0,0.0,0.0,0.013888888888888888,0.0,0.0,0.0
1.0,100.0,0.00017342864820967148,0.0,0.0,0.0,0.013888888888888888,0.0,0.0,1.0
2.0,6.30856453618764e-07,0.0,0.0,0.0,0.0,0.013888888888888888,0.0,0.0,1.0
3.0,5.847610576347138e-07,0.0,0.0,0.0,0.0,0.013888888888888888,0.0,0.0,1.0
4.0,9.416739863141953e-09,0.0,0.0,0.0,0.0,0.013888888888888888,0.0,0.0,0.0
1.0,100.0,0.0001734307291495277,0.0,0.0,0.0,0.013888888888888888,0.0,0.0,1.0
2.0,6.197735870833908e-07,0.0,0.0,0.0,0.0,0.013888888888888888,0.0,0.0,1.0
3.0,5.750704046427523e-07,0.0,0.0,0.0,0.0,0.013888888888888888,0.0,0.0,1.0
4.0,9.2103222125623e-09,0.0,0.0,0.0,0.0,0.013888888888888888,0.0,0.0,0.0
1.0,100.0,0.00017343280291382186,0.0,0.0,0.0,0.013888888888888888,0.0,0.0,1.0
2.0,6.089011975540789e-07,0.0,0.0,0.0,0.0,0.013888888888888888,0.0,0.0,1.0
3.0,5.655013490331786e-07,0.0,0.0,0.0,0.0,0.013888888888888888,0.0,0.0,1.0
4.0,9.007334040530032e-09,0.0,0.0,0.0,0.0,0.013888888888888888,0.0,0.0,0.0
1.0,100.0,0.0001734348695335502,0.0,0.0,0.0,0.013888888888888888,0.0,0.0,1.0
2.0,5.982250528970272e-07,0.0,0.0,0.0,0.0,0.013888888888888888,0.0,0.0,1.0
3.0,5.560470706330985e-07,0.0,0.0,0.0,0.0,0.013888888888888888,0.0,0.0,1.0
4.0,8.809161770799889e-09,0.0,0.0,0.0,0.0,0.013888888888888888,0.0,0.0,0.0
1.0,100.0,0.00017343692903576491,0.0,0.0,0.0,0.013888888888888888,0.0,0.0,1.0
2.0,5.877381054946015e-07,0.0,0.0,0.0,0.0,0.013888888888888888,0.0,0.0,1.0
3.0,5.467071522498025e-07,0.0,0.0,0.0,0.0,0.013888888888888888,0.0,0.0,1.0
4.0,8.61177203782742e-09,0.0,0.0,0.0,0.0,0.013888888888888888,0.0,0.0,0.0
1.0,100.0,0.00017343898144430562,0.0,0.0,0.0,0.013888888888888888,0.0,0.0,1.0
2.0,5.774267788952373e-07,0.0,0.0,0.0,0.0,0.013888888888888888,0.0,0.0,1.0
3.0,5.374772442297469e-07,0.0,0.0,0.0,0.0,0.013888888888888888,0.0,0.0,1.0
4.0,8.418391477298766e-09,0.0,0.0,0.0,0.0,0.013888888888888888,0.0,0.0,0.0
1.0,100.0,0.00017344102678781137,0.0,0.0,0.0,0.013888888888888888,0.0,0.0,1.0
2.0,5.672821350964963e-07,0.0,0.0,0.0,0.0,0.013888888888888888,0.0,0.0,1.0
3.0,5.283529087470044e-07,0.0,0.0,0.0,0.0,0.013888888888888888,0.0,0.0,1.0
4.0,8.226360593518553e-09,0.0,0.0,0.0,0.0,0.013888888888888888,0.0,0.0,0.0
1.0,100.0,0.00017344306509429723,0.0,0.0,0.0,0.013888888888888888,0.0,0.0,1.0
2.0,5.572964713966028e-07,0.0,0.0,0.0,0.0,0.013888888888888888,0.0,0.0,1.0
3.0,5.193337413240706e-07,0.0,0.0,0.0,0.0,0.013888888888888888,0.0,0.0,1.0
4.0,8.03896902300844e-09,0.0,0.0,0.0,0.0,0.013888888888888888,0.0,0.0,0.0
1.0,100.0,0.00017344509639153263,0.0,0.0,0.0,0.013888888888888888,0.0,0.0,1.0
2.0,5.474622238294796e-07,0.0,0.0,0.0,0.0,0.013888888888888888,0.0,0.0,1.0
3.0,5.104150143251899e-07,0.0,0.0,0.0,0.0,0.013888888888888888,0.0,0.0,1.0
4.0,7.853494259010648e-09,0.0,0.0,0.0,0.0,0.013888888888888888,0.0,0.0,0.0
1.0,100.0,0.000173447120709167,0.0,0.0,0.0,0.013888888888888888,0.0,0.0,1.0
2.0,5.377721436175343e-07,0.0,0.0,0.0,0.0,0.013888888888888888,0.0,0.0,1.0
3.0,5.015965123962496e-07,0.0,0.0,0.0,0.0,0.013888888888888888,0.0,0.0,1.0
4.0,7.67167562938951e-09,0.0,0.0,0.0,0.0,0.013888888888888888,0.0,0.0,0.0
1.0,100.0,0.0001734491380736904,0.0,0.0,0.0,0.013888888888888888,0.0,0.0,1.0
2.0,5.282194736220231e-07,0.0,0.0,0.0,0.0,0.013888888888888888,0.0,0.0,1.0
3.0,4.928746549429172e-07,0.0,0.0,0.0,0.0,0.013888888888888888,0.0,0.0,1.0
4.0,7.49220229032668e-09,0.0,0.0,0.0,0.0,0.013888888888888888,0.0,0.0,0.0
1.0,100.0,0.00017653503097098545,0.0,0.0,0.0,0.013888888888888888,0.0,0.0,1.0
2.0,3.132042513467809e-05,0.0,0.0,0.0,0.0,0.013888888888888888,0.0,0.0,1.0
3.0,2.9708090134466972e-05,0.0,0.0,0.0,0.0,0.013888888888888888,0.0,0.0,1.0
4.0,1.9982318375139433e-07,0.0,0.0,0.0,0.0,0.013888888888888888,0.0,0.0,0.0
1.0,100.0,0.00017135124994171786,0.0,0.0,0.0,0.013888888888888888,0.0,0.0,1.0
2.0,1.661866353762303e-06,0.0,0.0,0.0,0.0,0.013888888888888888,0.0,0.0,1.0
3.0,1.3538939956678183e-06,0.0,0.0,0.0,0.0,0.013888888888888888,0.0,0.0,1.0
4.0,6.318175462779857e-09,0.0,0.0,0.0,0.0,0.013888888888888888,0.0,0.0,0.0
1.0,100.0,0.00017223074849718334,0.0,0.0,0.0,0.013888888888888888,0.0,0.0,1.0
2.0,2.418797311049034e-07,0.0,0.0,0.0,0.0,0.013888888888888888,0.0,0.0,1.0
3.0,4.924866442818013e-07,0.0,0.0,0.0,0.0,0.013888888888888888,0.0,0.0,1.0
4.0,7.43276216691439e-09,0.0,0.0,0.0,0.0,0.013888888888888888,0.0,0.0,0.0
1.0,100.0,0.0001722493164705705,0.0,0.0,0.0,0.013888888888888888,0.0,0.0,1.0
2.0,3.075226753134768e-07,0.0,0.0,0.0,0.0,0.013888888888888888,0.0,0.0,1.0
3.0,5.525295395958989e-07,0.0,0.0,0.0,0.0,0.013888888888888888,0.0,0.0,1.0
4.0,7.148328813214458e-09,0.0,0.0,0.0,0.0,0.013888888888888888,0.0,0.0,0.0
1.0,100.0,0.00017226773859158056,0.0,0.0,0.0,0.013888888888888888,0.0,0.0,1.0
2.0,3.709839048992812e-07,0.0,0.0,0.0,0.0,0.013888888888888888,0.0,0.0,1.0
3.0,5.92636644676197e-07,0.0,0.0,0.0,0.0,0.013888888888888888,0.0,0.0,1.0
4.0,7.040520174080767e-09,0.0,0.0,0.0,0.0,0.013888888888888888,0.0,0.0,0.0
1.0,100.0,0.0001722860207723622,0.0,0.0,0.0,0.013888888888888888,0.0,0.0,1.0
2.0,4.356683272142834e-07,0.0,0.0,0.0,0.0,0.013888888888888888,0.0,0.0,1.0
3.0,6.246971865923393e-07,0.0,0.0,0.0,0.0,0.013888888888888888,0.0,0.0,1.0
4.0,6.999577262480358e-09,0.0,0.0,0.0,0.0,0.013888888888888888,0.0,0.0,0.0
1.0,100.0,0.0001723041685646067,0.0,0.0,0.0,0.013888888888888888,0.0,0.0,1.0
2.0,4.920153738398962e-07,0.0,0.0,0.0,0.0,0.013888888888888888,0.0,0.0,1.0
3.0,6.527004776399308e-07,0.0,0.0,0.0,0.0,0.013888888888888888,0.0,0.0,1.0
4.0,6.982582258047133e-09,0.0,0.0,0.0,0.0,0.013888888888888888,0.0,0.0,0.0
1.0,100.0,0.00017232218711096914,0.0,0.0,0.0,0.013888888888888888,0.0,0.0,1.0
2.0,5.430993719145668e-07,0.0,0.0,0.0,0.0,0.013888888888888888,0.0,0.0,1.0
3.0,6.783259628447519e-07,0.0,0.0,0.0,0.0,0.013888888888888888,0.0,0.0,1.0
4.0,6.970427048269985e-09,0.0,0.0,0.0,0.0,0.013888888888888888,0.0,0.0,0.0
1.0,100.0,0.00017234008119498736,0.0,0.0,0.0,0.013888888888888888,0.0,0.0,1.0
2.0,5.94559738484224e-07,0.0,0.0,0.0,0.0,0.013888888888888888,0.0,0.0,1.0
3.0,7.023011428982694e-07,0.0,0.0,0.0,0.0,0.013888888888888888,0.0,0.0,1.0
4.0,6.956456607119107e-09,0.0,0.0,0.0,0.0,0.013888888888888888,0.0,0.0,0.0
1.0,100.0,0.00017235785527567964,0.0,0.0,0.0,0.013888888888888888,0.0,0.0,1.0
2.0,6.625504438773383e-07,0.0,0.0,0.0,0.0,0.013888888888888888,0.0,0.0,1.0
3.0,7.249409536564911e-07,0.0,0.0,0.0,0.0,0.013888888888888888,0.0,0.0,1.0
4.0,6.938792935983503e-09,0.0,0.0,0.0,0.0,0.013888888888888888,0.0,0.0,0.0
1.0,100.0,0.00017237551351208065,0.0,0.0,0.0,0.013888888888888888,0.0,0.0,1.0
2.0,7.353827870808704e-07,0.0,0.0,0.0,0.0,0.013888888888888888,0.0,0.0,1.0
3.0,7.464008738308121e-07,0.0,0.0,0.0,0.0,0.013888888888888888,0.0,0.0,1.0
4.0,6.918179705740735e-09,0.0,0.0,0.0,0.0,0.013888888888888888,0.0,0.0,0.0
1.0,100.0,0.00017239305979494088,0.0,0.0,0.0,0.013888888888888888,0.0,0.0,1.0
2.0,8.130785241572535e-07,0.0,0.0,0.0,0.0,0.013888888888888888,0.0,0.0,1.0
3.0,7.667591936099764e-07,0.0,0.0,0.0,0.0,0.013888888888888888,0.0,0.0,1.0
4.0,6.895121103380835e-09,0.0,0.0,0.0,0.0,0.013888888888888888,0.0,0.0,0.0
1.0,100.0,0.00017241049777546918,0.0,0.0,0.0,0.013888888888888888,0.0,0.0,1.0
2.0,8.955814874954326e-07,0.0,0.0,0.0,0.0,0.013888888888888888,0.0,0.0,1.0
3.0,7.860634614365709e-07,0.0,0.0,0.0,0.0,0.013888888888888888,0.0,0.0,1.0
4.0,6.866466146644772e-09,0.0,0.0,0.0,0.0,0.013888888888888888,0.0,0.0,0.0
1.0,100.0,0.00017242783088485095,0.0,0.0,0.0,0.013888888888888888,0.0,0.0,1.0
2.0,9.82777236915202e-07,0.0,0.0,0.0,0.0,0.013888888888888888,0.0,0.0,1.0
3.0,8.043507263908132e-07,0.0,0.0,0.0,0.0,0.013888888888888888,0.0,0.0,1.0
4.0,6.837495951956798e-09,0.0,0.0,0.0,0.0,0.013888888888888888,0.0,0.0,0.0
1.0,100.0,0.0001724450623576038,0.0,0.0,0.0,0.013888888888888888,0.0,0.0,1.0
2.0,1.0745297082379267e-06,0.0,0.0,0.0,0.0,0.013888888888888888,0.0,0.0,1.0
3.0,8.809749621143816e-07,0.0,0.0,0.0,0.0,0.013888888888888888,0.0,0.0,1.0
4.0,6.805009122613379e-09,0.0,0.0,0.0,0.0,0.013888888888888888,0.0,0.0,0.0
1.0,100.0,0.00017246219524722365,0.0,0.0,0.0,0.013888888888888888,0.0,0.0,1.0
2.0,1.1706935318828256e-06,0.0,0.0,0.0,0.0,0.013888888888888888,0.0,0.0,1.0
3.0,9.79164740276201e-07,0.0,0.0,0.0,0.0,0.013888888888888888,0.0,0.0,1.0
4.0,6.772068441734472e-09,0.0,0.0,0.0,0.0,0.013888888888888888,0.0,0.0,0.0
1.0,100.0,0.00017247923244265964,0.0,0.0,0.0,0.013888888888888888,0.0,0.0,1.0
2.0,1.2711051872409881e-06,0.0,0.0,0.0,0.0,0.013888888888888888,0.0,0.0,1.0
3.0,1.0812820199839753e-06,0.0,0.0,0.0,0.0,0.013888888888888888,0.0,0.0,1.0
4.0,6.736443031021452e-09,0.0,0.0,0.0,0.0,0.013888888888888888,0.0,0.0,0.0
1.0,100.0,0.00017249617668451452,0.0,0.0,0.0,0.013888888888888888,0.0,0.0,1.0
2.0,1.3756081403770356e-06,0.0,0.0,0.0,0.0,0.013888888888888888,0.0,0.0,1.0
3.0,1.1871762839851426e-06,0.0,0.0,0.0,0.0,0.013888888888888888,0.0,0.0,1.0
4.0,6.698284163621429e-09,0.0,0.0,0.0,0.0,0.013888888888888888,0.0,0.0,0.0
1.0,100.0,0.0001725130305765112,0.0,0.0,0.0,0.013888888888888888,0.0,0.0,1.0
2.0,1.484057590128302e-06,0.0,0.0,0.0,0.0,0.013888888888888888,0.0,0.0,1.0
3.0,1.2967235822217202e-06,0.0,0.0,0.0,0.0,0.013888888888888888,0.0,0.0,1.0
4.0,6.658133829416635e-09,0.0,0.0,0.0,0.0,0.013888888888888888,0.0,0.0,0.0
1.0,100.0,0.0001725297965949888,0.0,0.0,0.0,0.013888888888888888,0.0,0.0,1.0
2.0,1.596295075512343e-06,0.0,0.0,0.0,0.0,0.013888888888888888,0.0,0.0,1.0
3.0,1.4097693971055874e-06,0.0,0.0,0.0,0.0,0.013888888888888888,0.0,0.0,1.0
4.0,6.61764314353472e-09,0.0,0.0,0.0,0.0,0.013888888888888888,0.0,0.0,0.0
1.0,100.0,0.0001725464771028982,0.0,0.0,0.0,0.013888888888888888,0.0,0.0,1.0
2.0,1.712182340766375e-06,0.0,0.0,0.0,0.0,0.013888888888888888,0.0,0.0,1.0
3.0,1.5261933977464334e-06,0.0,0.0,0.0,0.0,0.013888888888888888,0.0,0.0,1.0
4.0,6.575854230699697e-09,0.0,0.0,0.0,0.0,0.013888888888888888,0.0,0.0,0.0
1.0,100.0,0.0001725630743570834,0.0,0.0,0.0,0.013888888888888888,0.0,0.0,1.0
2.0,1.8315698071832285e-06,0.0,0.0,0.0,0.0,0.013888888888888888,0.0,0.0,1.0
3.0,1.6458810385733683e-06,0.0,0.0,0.0,0.0,0.013888888888888888,0.0,0.0,1.0
4.0,6.776582191778274e-09,0.0,0.0,0.0,0.0,0.013888888888888888,0.0,0.0,0.0
1.0,100.0,0.0001725795905229324,0.0,0.0,0.0,0.013888888888888888,0.0,0.0,1.0
2.0,1.9542944639025674e-06,0.0,0.0,0.0,0.0,0.013888888888888888,0.0,0.0,1.0
3.0,1.7686973697215937e-06,0.0,0.0,0.0,0.0,0.013888888888888888,0.0,0.0,1.0
4.0,7.563304842535774e-09,0.0,0.0,0.0,0.0,0.013888888888888888,0.0,0.0,0.0
1.0,100.0,0.0001725961585915912,0.0,0.0,0.0,0.013888888888888888,0.0,0.0,1.0
2.0,2.0802035629907202e-06,0.0,0.0,0.0,0.0,0.013888888888888888,0.0,0.0,1.0
3.0,1.8944987167167483e-06,0.0,0.0,0.0,0.0,0.013888888888888888,0.0,0.0,1.0
4.0,8.386426966084937e-09,0.0,0.0,0.0,0.0,0.013888888888888888,0.0,0.0,0.0
1.0,100.0,0.00017261280348861307,0.0,0.0,0.0,0.013888888888888888,0.0,0.0,1.0
2.0,2.209165493180816e-06,0.0,0.0,0.0,0.0,0.013888888888888888,0.0,0.0,1.0
3.0,2.0231636496839077e-06,0.0,0.0,0.0,0.0,0.013888888888888888,0.0,0.0,1.0
4.0,9.246279850915497e-09,0.0,0.0,0.0,0.0,0.013888888888888888,0.0,0.0,0.0
1.0,100.0,0.00017262938332852668,0.0,0.0,0.0,0.013888888888888888,0.0,0.0,1.0
2.0,2.341049713079865e-06,0.0,0.0,0.0,0.0,0.013888888888888888,0.0,0.0,1.0
3.0,2.1545712485986223e-06,0.0,0.0,0.0,0.0,0.013888888888888888,0.0,0.0,1.0
4.0,1.0141076447125642e-08,0.0,0.0,0.0,0.0,0.013888888888888888,0.0,0.0,0.0
1.0,100.0,0.00017264589978661544,0.0,0.0,0.0,0.013888888888888888,0.0,0.0,1.0
2.0,2.4757286537208085e-06,0.0,0.0,0.0,0.0,0.013888888888888888,0.0,0.0,1.0
3.0,2.2886029473762793e-06,0.0,0.0,0.0,0.0,0.013888888888888888,0.0,0.0,1.0
4.0,1.1073643244789995e-08,0.0,0.0,0.0,0.0,0.013888888888888888,0.0,0.0,0.0
1.0,100.0,0.0001726623544727416,0.0,0.0,0.0,0.013888888888888888,0.0,0.0,1.0
2.0,2.613081770419241e-06,0.0,0.0,0.0,0.0,0.013888888888888888,0.0,0.0,1.0
3.0,2.425144408335718e-06,0.0,0.0,0.0,0.0,0.013888888888888888,0.0,0.0,1.0
4.0,1.2042671804031118e-08,0.0,0.0,0.0,0.0,0.013888888888888888,0.0,0.0,0.0
1.0,100.0,0.00017267874895606153,0.0,0.0,0.0,0.013888888888888888,0.0,0.0,1.0
2.0,2.7529891034079727e-06,0.0,0.0,0.0,0.0,0.013888888888888888,0.0,0.0,1.0
3.0,2.5640841902501853e-06,0.0,0.0,0.0,0.0,0.013888888888888888,0.0,0.0,1.0
4.0,1.3043920931709332e-08,0.0,0.0,0.0,0.0,0.013888888888888888,0.0,0.0,0.0
1.0,100.0,0.0001726952075447737,0.0,0.0,0.0,0.013888888888888888,0.0,0.0,1.0
2.0,2.8953324113118627e-06,0.0,0.0,0.0,0.0,0.013888888888888888,0.0,0.0,1.0
3.0,2.705321676911413e-06,0.0,0.0,0.0,0.0,0.013888888888888888,0.0,0.0,1.0
4.0,1.4082321675260088e-08,0.0,0.0,0.0,0.0,0.013888888888888888,0.0,0.0,0.0
1.0,100.0,0.00018154812779827136,0.0,0.0,0.0,0.013888888888888888,0.0,0.0,1.0
2.0,3.0399886833418e-06,0.0,0.0,0.0,0.0,0.013888888888888888,0.0,0.0,1.0
3.0,2.848734084422302e-06,0.0,0.0,0.0,0.0,0.013888888888888888,0.0,0.0,1.0
4.0,1.5150974970440396e-08,0.0,0.0,0.0,0.0,0.013888888888888888,0.0,0.0,0.0
1.0,100.0,0.00017214610122904888,0.0,0.0,0.0,0.013888888888888888,0.0,0.0,1.0
2.0,3.186849855409343e-06,0.0,0.0,0.0,0.0,0.013888888888888888,0.0,0.0,1.0
3.0,2.994227181470064e-06,0.0,0.0,0.0,0.0,0.013888888888888888,0.0,0.0,1.0
4.0,1.6255436473634463e-08,0.0,0.0,0.0,0.0,0.013888888888888888,0.0,0.0,0.0
1.0,100.0,0.00017216408374626333,0.0,0.0,0.0,0.013888888888888888,0.0,0.0,1.0
2.0,3.335804566059505e-06,0.0,0.0,0.0,0.0,0.013888888888888888,0.0,0.0,1.0
3.0,3.1416937314663244e-06,0.0,0.0,0.0,0.0,0.013888888888888888,0.0,0.0,1.0
4.0,1.739324839183352e-08,0.0,0.0,0.0,0.0,0.013888888888888888,0.0,0.0,0.0
1.0,100.0,0.00017218204649853113,0.0,0.0,0.0,0.013888888888888888,0.0,0.0,1.0
2.0,3.486744981270403e-06,0.0,0.0,0.0,0.0,0.013888888888888888,0.0,0.0,1.0
3.0,3.291031915735417e-06,0.0,0.0,0.0,0.0,0.013888888888888888,0.0,0.0,1.0
4.0,1.8561574025753793e-08,0.0,0.0,0.0,0.0,0.013888888888888888,0.0,0.0,0.0
1.0,100.0,0.0001721999918302062,0.0,0.0,0.0,0.013888888888888888,0.0,0.0,1.0
2.0,3.639569382773853e-06,0.0,0.0,0.0,0.0,0.013888888888888888,0.0,0.0,1.0
3.0,3.442122358549771e-06,0.0,0.0,0.0,0.0,0.013888888888888888,0.0,0.0,1.0
4.0,1.9762484739470103e-08,0.0,0.0,0.0,0.0,0.013888888888888888,0.0,0.0,0.0
1.0,100.0,0.00017221792030300474,0.0,0.0,0.0,0.013888888888888888,0.0,0.0,1.0
2.0,3.7941992851029847e-06,0.0,0.0,0.0,0.0,0.013888888888888888,0.0,0.0,1.0
3.0,3.5949263194812815e-06,0.0,0.0,0.0,0.0,0.013888888888888888,0.0,0.0,1.0
4.0,2.0994522729886898e-08,0.0,0.0,0.0,0.0,0.013888888888888888,0.0,0.0,0.0
1.0,100.0,0.00017223598213679474,0.0,0.0,0.0,0.013888888888888888,0.0,0.0,1.0
2.0,3.950502302837619e-06,0.0,0.0,0.0,0.0,0.013888888888888888,0.0,0.0,1.0
3.0,3.7493179938984413e-06,0.0,0.0,0.0,0.0,0.013888888888888888,0.0,0.0,1.0
4.0,2.22561712859992e-08,0.0,0.0,0.0,0.0,0.013888888888888888,0.0,0.0,0.0
1.0,100.0,0.0001722544099172394,0.0,0.0,0.0,0.013888888888888888,0.0,0.0,1.0
2.0,2.6451651723794517e-07,0.0,0.0,0.0,0.0,0.013888888888888888,0.0,0.0,1.0
3.0,2.2646006171868026e-07,0.0,0.0,0.0,0.0,0.013888888888888888,0.0,0.0,1.0
4.0,1.4049637036509273e-09,0.0,0.0,0.0,0.0,0.013888888888888888,0.0,0.0,0.0
1.0,100.0,0.00017230175133545924,0.0,0.0,0.0,0.013888888888888888,0.0,0.0,1.0
2.0,2.0297518233933495e-07,0.0,0.0,0.0,0.0,0.013888888888888888,0.0,0.0,1.0
3.0,1.1517820432404152e-07,0.0,0.0,0.0,0.0,0.013888888888888888,0.0,0.0,1.0
4.0,7.846763793476552e-10,0.0,0.0,0.0,0.0,0.013888888888888888,0.0,0.0,0.0
1.0,100.0,0.0001723030100773827,0.0,0.0,0.0,0.013888888888888888,0.0,0.0,1.0
2.0,1.8694390054318165e-07,0.0,0.0,0.0,0.0,0.013888888888888888,0.0,0.0,1.0
3.0,1.0933614487529337e-07,0.0,0.0,0.0,0.0,0.013888888888888888,0.0,0.0,1.0
4.0,7.508619821628922e-10,0.0,0.0,0.0,0.0,0.013888888888888888,0.0,0.0,0.0
1.0,100.0,0.0001723042689254395,0.0,0.0,0.0,0.013888888888888888,0.0,0.0,1.0
2.0,1.741191743949019e-07,0.0,0.0,0.0,0.0,0.013888888888888888,0.0,0.0,1.0
3.0,1.0519876978145589e-07,0.0,0.0,0.0,0.0,0.013888888888888888,0.0,0.0,1.0
4.0,7.19858107755036e-10,0.0,0.0,0.0,0.0,0.013888888888888888,0.0,0.0,0.0
1.0,100.0,0.00017230552764083105,0.0,0.0,0.0,0.013888888888888888,0.0,0.0,1.0
2.0,1.6307513895933424e-07,0.0,0.0,0.0,0.0,0.013888888888888888,0.0,0.0,1.0
3.0,1.0184024212215361e-07,0.0,0.0,0.0,0.0,0.013888888888888888,0.0,0.0,1.0
4.0,6.907825396164918e-10,0.0,0.0,0.0,0.0,0.013888888888888888,0.0,0.0,0.0
1.0,100.0,0.00017230678601902038,0.0,0.0,0.0,0.013888888888888888,0.0,0.0,1.0
2.0,1.5331867752672158e-07,0.0,0.0,0.0,0.0,0.013888888888888888,0.0,0.0,1.0
3.0,9.896888548127086e-08,0.0,0.0,0.0,0.0,0.013888888888888888,0.0,0.0,1.0
4.0,6.645930993148358e-10,0.0,0.0,0.0,0.0,0.013888888888888888,0.0,0.0,0.0
1.0,100.0,0.0001723080472801199,0.0,0.0,0.0,0.013888888888888888,0.0,0.0,1.0
2.0,1.4453816394715479e-07,0.0,0.0,0.0,0.0,0.013888888888888888,0.0,0.0,1.0
3.0,9.645324519825089e-08,0.0,0.0,0.0,0.0,0.013888888888888888,0.0,0.0,1.0
4.0,6.402941451052864e-10,0.0,0.0,0.0,0.0,0.013888888888888888,0.0,0.0,0.0
1.0,100.0,0.00017230932478124163,0.0,0.0,0.0,0.013888888888888888,0.0,0.0,1.0
2.0,1.365256119047766e-07,0.0,0.0,0.0,0.0,0.013888888888888888,0.0,0.0,1.0
3.0,9.419140312503423e-08,0.0,0.0,0.0,0.0,0.013888888888888888,0.0,0.0,1.0
4.0,6.194106314079738e-10,0.0,0.0,0.0,0.0,0.013888888888888888,0.0,0.0,0.0
1.0,100.0,0.00017231060076776302,0.0,0.0,0.0,0.013888888888888888,0.0,0.0,1.0
2.0,1.291940844696027e-07,0.0,0.0,0.0,0.0,0.013888888888888888,0.0,0.0,1.0
3.0,9.212443132602948e-08,0.0,0.0,0.0,0.0,0.013888888888888888,0.0,0.0,1.0
4.0,5.990186643965236e-10,0.0,0.0,0.0,0.0,0.013888888888888888,0.0,0.0,0.0
1.0,100.0,0.00017231187513941232,0.0,0.0,0.0,0.013888888888888888,0.0,0.0,1.0
2.0,1.224741126727353e-07,0.0,0.0,0.0,0.0,0.013888888888888888,0.0,0.0,1.0
3.0,9.022104987918929e-08,0.0,0.0,0.0,0.0,0.013888888888888888,0.0,0.0,1.0
4.0,5.808574497345568e-10,0.0,0.0,0.0,0.0,0.013888888888888888,0.0,0.0,0.0
1.0,100.0,0.0001723131478054904,0.0,0.0,0.0,0.013888888888888888,0.0,0.0,1.0
2.0,1.1631087238266643e-07,0.0,0.0,0.0,0.0,0.013888888888888888,0.0,0.0,1.0
3.0,8.844963008400069e-08,0.0,0.0,0.0,0.0,0.013888888888888888,0.0,0.0,1.0
4.0,5.63061746930639e-10,0.0,0.0,0.0,0.0,0.013888888888888888,0.0,0.0,0.0
1.0,100.0,0.0001723144186871508,0.0,0.0,0.0,0.013888888888888888,0.0,0.0,1.0
2.0,1.1065340874158976e-07,0.0,0.0,0.0,0.0,0.013888888888888888,0.0,0.0,1.0
3.0,8.679500422522836e-08,0.0,0.0,0.0,0.0,0.013888888888888888,0.0,0.0,1.0
4.0,5.48164745038316e-10,0.0,0.0,0.0,0.0,0.013888888888888888,0.0,0.0,0.0
1.0,100.0,0.00017231568771058892,0.0,0.0,0.0,0.013888888888888888,0.0,0.0,1.0
2.0,1.0545609808646594e-07,0.0,0.0,0.0,0.0,0.013888888888888888,0.0,0.0,1.0
3.0,8.52431959010684e-08,0.0,0.0,0.0,0.0,0.013888888888888888,0.0,0.0,1.0
4.0,5.329778972129639e-10,0.0,0.0,0.0,0.0,0.013888888888888888,0.0,0.0,0.0
1.0,100.0,0.00017231695480145344,0.0,0.0,0.0,0.013888888888888888,0.0,0.0,1.0
2.0,1.0067615254857566e-07,0.0,0.0,0.0,0.0,0.013888888888888888,0.0,0.0,1.0
3.0,8.378049018719646e-08,0.0,0.0,0.0,0.0,0.013888888888888888,0.0,0.0,1.0
4.0,5.190261570805038e-10,0.0,0.0,0.0,0.0,0.013888888888888888,0.0,0.0,0.0
1.0,100.0,0.00017231821990442605,0.0,0.0,0.0,0.013888888888888888,0.0,0.0,1.0
2.0,9.627824530986652e-08,0.0,0.0,0.0,0.0,0.013888888888888888,0.0,0.0,1.0
3.0,8.239888192914328e-08,0.0,0.0,0.0,0.0,0.013888888888888888,0.0,0.0,1.0
4.0,5.062717133308204e-10,0.0,0.0,0.0,0.0,0.013888888888888888,0.0,0.0,0.0
1.0,100.0,0.00017231948297351883,0.0,0.0,0.0,0.013888888888888888,0.0,0.0,1.0
2.0,9.222681020026267e-08,0.0,0.0,0.0,0.0,0.013888888888888888,0.0,0.0,1.0
3.0,8.108898571416526e-08,0.0,0.0,0.0,0.0,0.013888888888888888,0.0,0.0,1.0
4.0,4.933534494399776e-10,0.0,0.0,0.0,0.0,0.013888888888888888,0.0,0.0,0.0
1.0,100.0,0.00017232074394203284,0.0,0.0,0.0,0.013888888888888888,0.0,0.0,1.0
2.0,8.848841103982251e-08,0.0,0.0,0.0,0.0,0.013888888888888888,0.0,0.0,1.0
3.0,7.98483172789079e-08,0.0,0.0,0.0,0.0,0.013888888888888888,0.0,0.0,1.0
4.0,4.82224815020263e-10,0.0,0.0,0.0,0.0,0.013888888888888888,0.0,0.0,0.0
1.0,100.0,0.00017232200276209167,0.0,0.0,0.0,0.013888888888888888,0.0,0.0,1.0
2.0,8.5036253465496e-08,0.0,0.0,0.0,0.0,0.013888888888888888,0.0,0.0,1.0
3.0,7.866734588262376e-08,0.0,0.0,0.0,0.0,0.013888888888888888,0.0,0.0,1.0
4.0,4.709701668239128e-10,0.0,0.0,0.0,0.0,0.013888888888888888,0.0,0.0,0.0
1.0,100.0,0.00017232325938796737,0.0,0.0,0.0,0.013888888888888888,0.0,0.0,1.0
2.0,8.287330597929028e-08,0.0,0.0,0.0,0.0,0.013888888888888888,0.0,0.0,1.0
3.0,7.754565032154109e-08,0.0,0.0,0.0,0.0,0.013888888888888888,0.0,0.0,1.0
4.0,4.61366511914029e-10,0.0,0.0,0.0,0.0,0.013888888888888888,0.0,0.0,0.0
1.0,100.0,0.00017232451378623351,0.0,0.0,0.0,0.013888888888888888,0.0,0.0,1.0
2.0,8.19142183144018e-08,0.0,0.0,0.0,0.0,0.013888888888888888,0.0,0.0,1.0
3.0,7.647444078991592e-08,0.0,0.0,0.0,0.0,0.013888888888888888,0.0,0.0,1.0
4.0,4.514982094511351e-10,0.0,0.0,0.0,0.0,0.013888888888888888,0.0,0.0,0.0
1.0,100.0,0.00017232576592319003,0.0,0.0,0.0,0.013888888888888888,0.0,0.0,1.0
2.0,8.09900129351571e-08,0.0,0.0,0.0,0.0,0.013888888888888888,0.0,0.0,1.0
3.0,7.545351399426567e-08,0.0,0.0,0.0,0.0,0.013888888888888888,0.0,0.0,1.0
4.0,4.432682936219904e-10,0.0,0.0,0.0,0.0,0.013888888888888888,0.0,0.0,0.0
1.0,100.0,0.0001723270157651613,0.0,0.0,0.0,0.013888888888888888,0.0,0.0,1.0
2.0,8.009614239807363e-08,0.0,0.0,0.0,0.0,0.013888888888888888,0.0,0.0,1.0
3.0,7.447663717289445e-08,0.0,0.0,0.0,0.0,0.013888888888888888,0.0,0.0,1.0
4.0,4.337907049179239e-10,0.0,0.0,0.0,0.0,0.013888888888888888,0.0,0.0,0.0
1.0,100.0,0.00017232826328045125,0.0,0.0,0.0,0.013888888888888888,0.0,0.0,1.0
2.0,7.92307616118728e-08,0.0,0.0,0.0,0.0,0.013888888888888888,0.0,0.0,1.0
3.0,7.354138410404427e-08,0.0,0.0,0.0,0.0,0.013888888888888888,0.0,0.0,1.0
4.0,4.2510710858039283e-10,0.0,0.0,0.0,0.0,0.013888888888888888,0.0,0.0,0.0
1.0,100.0,0.00017232950844399853,0.0,0.0,0.0,0.013888888888888888,0.0,0.0,1.0
2.0,7.839420480665477e-08,0.0,0.0,0.0,0.0,0.013888888888888888,0.0,0.0,1.0
3.0,7.26464472798546e-08,0.0,0.0,0.0,0.0,0.013888888888888888,0.0,0.0,1.0
4.0,4.179106601800617e-10,0.0,0.0,0.0,0.0,0.013888888888888888,0.0,0.0,0.0
1.0,100.0,0.0001723307512278228,0.0,0.0,0.0,0.013888888888888888,0.0,0.0,1.0
2.0,7.758509180667309e-08,0.0,0.0,0.0,0.0,0.013888888888888888,0.0,0.0,1.0
3.0,7.178902271559873e-08,0.0,0.0,0.0,0.0,0.013888888888888888,0.0,0.0,1.0
4.0,4.0971859615385404e-10,0.0,0.0,0.0,0.0,0.013888888888888888,0.0,0.0,0.0
1.0,100.0,0.00017233199160938799,0.0,0.0,0.0,0.013888888888888888,0.0,0.0,1.0
2.0,7.67996596980806e-08,0.0,0.0,0.0,0.0,0.013888888888888888,0.0,0.0,1.0
3.0,7.096456295513243e-08,0.0,0.0,0.0,0.0,0.013888888888888888,0.0,0.0,1.0
4.0,4.031397061165577e-10,0.0,0.0,0.0,0.0,0.013888888888888888,0.0,0.0,0.0
1.0,100.0,0.00017233322956882233,0.0,0.0,0.0,0.013888888888888888,0.0,0.0,1.0
2.0,7.60396084131976e-08,0.0,0.0,0.0,0.0,0.013888888888888888,0.0,0.0,1.0
3.0,7.017348940496391e-08,0.0,0.0,0.0,0.0,0.013888888888888888,0.0,0.0,1.0
4.0,3.9642219333666864e-10,0.0,0.0,0.0,0.0,0.013888888888888888,0.0,0.0,0.0
1.0,100.0,0.00017233446508677357,0.0,0.0,0.0,0.013888888888888888,0.0,0.0,1.0
2.0,7.53027005605224e-08,0.0,0.0,0.0,0.0,0.013888888888888888,0.0,0.0,1.0
3.0,6.941485775647029e-08,0.0,0.0,0.0,0.0,0.013888888888888888,0.0,0.0,1.0
4.0,3.899945540791581e-10,0.0,0.0,0.0,0.0,0.013888888888888888,0.0,0.0,0.0
1.0,100.0,0.0001723356981434205,0.0,0.0,0.0,0.013888888888888888,0.0,0.0,1.0
2.0,7.458531849840029e-08,0.0,0.0,0.0,0.0,0.013888888888888888,0.0,0.0,1.0
3.0,6.868179591193328e-08,0.0,0.0,0.0,0.0,0.013888888888888888,0.0,0.0,1.0
4.0,3.8354171720357466e-10,0.0,0.0,0.0,0.0,0.013888888888888888,0.0,0.0,0.0
1.0,100.0,0.00017233692872464345,0.0,0.0,0.0,0.013888888888888888,0.0,0.0,1.0
2.0,7.389049881011921e-08,0.0,0.0,0.0,0.0,0.013888888888888888,0.0,0.0,1.0
3.0,6.797612003676581e-08,0.0,0.0,0.0,0.0,0.013888888888888888,0.0,0.0,1.0
4.0,3.784878009452019e-10,0.0,0.0,0.0,0.0,0.013888888888888888,0.0,0.0,0.0
1.0,100.0,0.00017233815681498059,0.0,0.0,0.0,0.013888888888888888,0.0,0.0,1.0
2.0,7.32164980756351e-08,0.0,0.0,0.0,0.0,0.013888888888888888,0.0,0.0,1.0
3.0,6.729788830200895e-08,0.0,0.0,0.0,0.0,0.013888888888888888,0.0,0.0,1.0
4.0,3.7207278756115703e-10,0.0,0.0,0.0,0.0,0.013888888888888888,0.0,0.0,0.0
1.0,100.0,0.00017233938240142414,0.0,0.0,0.0,0.013888888888888888,0.0,0.0,1.0
2.0,7.256049773103369e-08,0.0,0.0,0.0,0.0,0.013888888888888888,0.0,0.0,1.0
3.0,6.664352665044082e-08,0.0,0.0,0.0,0.0,0.013888888888888888,0.0,0.0,1.0
4.0,3.667794314742811e-10,0.0,0.0,0.0,0.0,0.013888888888888888,0.0,0.0,0.0
1.0,100.0,0.00017234060547151005,0.0,0.0,0.0,0.013888888888888888,0.0,0.0,1.0
2.0,7.192320973255446e-08,0.0,0.0,0.0,0.0,0.013888888888888888,0.0,0.0,1.0
3.0,6.601150959379436e-08,0.0,0.0,0.0,0.0,0.013888888888888888,0.0,0.0,1.0
4.0,3.602636103742301e-10,0.0,0.0,0.0,0.0,0.013888888888888888,0.0,0.0,0.0
1.0,100.0,0.00017234182601558916,0.0,0.0,0.0,0.013888888888888888,0.0,0.0,1.0
2.0,7.130480846693111e-08,0.0,0.0,0.0,0.0,0.013888888888888888,0.0,0.0,1.0
3.0,6.54002535241237e-08,0.0,0.0,0.0,0.0,0.013888888888888888,0.0,0.0,1.0
4.0,3.5657082244680224e-10,0.0,0.0,0.0,0.0,0.013888888888888888,0.0,0.0,0.0
1.0,100.0,0.00017234304402151,0.0,0.0,0.0,0.013888888888888888,0.0,0.0,1.0
2.0,7.070456752674213e-08,0.0,0.0,0.0,0.0,0.013888888888888888,0.0,0.0,1.0
3.0,6.481250445116415e-08,0.0,0.0,0.0,0.0,0.013888888888888888,0.0,0.0,1.0
4.0,3.509750184629855e-10,0.0,0.0,0.0,0.0,0.013888888888888888,0.0,0.0,0.0
1.0,100.0,0.0001723442594812813,0.0,0.0,0.0,0.013888888888888888,0.0,0.0,1.0
2.0,7.011904359074742e-08,0.0,0.0,0.0,0.0,0.013888888888888888,0.0,0.0,1.0
3.0,6.424067831371686e-08,0.0,0.0,0.0,0.0,0.013888888888888888,0.0,0.0,1.0
4.0,3.4677812969279625e-10,0.0,0.0,0.0,0.0,0.013888888888888888,0.0,0.0,0.0
1.0,100.0,0.00017234547238638407,0.0,0.0,0.0,0.013888888888888888,0.0,0.0,1.0
2.0,6.954982034562345e-08,0.0,0.0,0.0,0.0,0.013888888888888888,0.0,0.0,1.0
3.0,6.369002009436778e-08,0.0,0.0,0.0,0.0,0.013888888888888888,0.0,0.0,1.0
4.0,3.4192590171453537e-10,0.0,0.0,0.0,0.0,0.013888888888888888,0.0,0.0,0.0
1.0,100.0,0.0001723466827312315,0.0,0.0,0.0,0.013888888888888888,0.0,0.0,1.0
2.0,6.899638931130109e-08,0.0,0.0,0.0,0.0,0.013888888888888888,0.0,0.0,1.0
3.0,6.315563357587048e-08,0.0,0.0,0.0,0.0,0.013888888888888888,0.0,0.0,1.0
4.0,3.3719970707824824e-10,0.0,0.0,0.0,0.0,0.013888888888888888,0.0,0.0,0.0
1.0,100.0,0.00017234789050747643,0.0,0.0,0.0,0.013888888888888888,0.0,0.0,1.0
2.0,6.845735573950208e-08,0.0,0.0,0.0,0.0,0.013888888888888888,0.0,0.0,1.0
3.0,6.263824523852789e-08,0.0,0.0,0.0,0.0,0.013888888888888888,0.0,0.0,1.0
4.0,3.329398201666461e-10,0.0,0.0,0.0,0.0,0.013888888888888888,0.0,0.0,0.0
1.0,100.0,0.00017234909570983093,0.0,0.0,0.0,0.013888888888888888,0.0,0.0,1.0
2.0,6.793194962428528e-08,0.0,0.0,0.0,0.0,0.013888888888888888,0.0,0.0,1.0
3.0,6.213686714530202e-08,0.0,0.0,0.0,0.0,0.013888888888888888,0.0,0.0,1.0
4.0,3.288185685622615e-10,0.0,0.0,0.0,0.0,0.013888888888888888,0.0,0.0,0.0
1.0,100.0,0.00017235029833462346,0.0,0.0,0.0,0.013888888888888888,0.0,0.0,1.0
2.0,6.742213240511279e-08,0.0,0.0,0.0,0.0,0.013888888888888888,0.0,0.0,1.0
3.0,6.165151385601095e-08,0.0,0.0,0.0,0.0,0.013888888888888888,0.0,0.0,1.0
4.0,3.2508800707008273e-10,0.0,0.0,0.0,0.0,0.013888888888888888,0.0,0.0,0.0
1.0,100.0,0.00017235149837699723,0.0,0.0,0.0,0.013888888888888888,0.0,0.0,1.0
2.0,6.692354541737293e-08,0.0,0.0,0.0,0.0,0.013888888888888888,0.0,0.0,1.0
3.0,6.117890185095503e-08,0.0,0.0,0.0,0.0,0.013888888888888888,0.0,0.0,1.0
4.0,3.2081553181982266e-10,0.0,0.0,0.0,0.0,0.013888888888888888,0.0,0.0,0.0
1.0,100.0,0.00017235269583164775,0.0,0.0,0.0,0.013888888888888888,0.0,0.0,1.0
2.0,6.643973375793062e-08,0.0,0.0,0.0,0.0,0.013888888888888888,0.0,0.0,1.0
3.0,6.072259075775967e-08,0.0,0.0,0.0,0.0,0.013888888888888888,0.0,0.0,1.0
4.0,3.180049793889199e-10,0.0,0.0,0.0,0.0,0.013888888888888888,0.0,0.0,0.0
1.0,100.0,0.00017235389069778366,0.0,0.0,0.0,0.013888888888888888,0.0,0.0,1.0
2.0,6.59659174149531e-08,0.0,0.0,0.0,0.0,0.013888888888888888,0.0,0.0,1.0
3.0,6.027721940651298e-08,0.0,0.0,0.0,0.0,0.013888888888888888,0.0,0.0,1.0
4.0,3.137577184958499e-10,0.0,0.0,0.0,0.0,0.013888888888888888,0.0,0.0,0.0
1.0,100.0,0.0001723550829712798,0.0,0.0,0.0,0.013888888888888888,0.0,0.0,1.0
2.0,6.550530731910074e-08,0.0,0.0,0.0,0.0,0.013888888888888888,0.0,0.0,1.0
3.0,5.984424071933423e-08,0.0,0.0,0.0,0.0,0.013888888888888888,0.0,0.0,1.0
4.0,3.099263523720401e-10,0.0,0.0,0.0,0.0,0.013888888888888888,0.0,0.0,0.0
1.0,100.0,0.0001723562726505873,0.0,0.0,0.0,0.013888888888888888,0.0,0.0,1.0
2.0,6.505666852955217e-08,0.0,0.0,0.0,0.0,0.013888888888888888,0.0,0.0,1.0
3.0,5.942509309180715e-08,0.0,0.0,0.0,0.0,0.013888888888888888,0.0,0.0,1.0
4.0,3.07115811236206e-10,0.0,0.0,0.0,0.0,0.013888888888888888,0.0,0.0,0.0
1.0,100.0,0.000172357459734496,0.0,0.0,0.0,0.013888888888888888,0.0,0.0,1.0
2.0,6.461952161168851e-08,0.0,0.0,0.0,0.0,0.013888888888888888,0.0,0.0,1.0
3.0,5.901749549336175e-08,0.0,0.0,0.0,0.0,0.013888888888888888,0.0,0.0,1.0
4.0,3.035239047908131e-10,0.0,0.0,0.0,0.0,0.013888888888888888,0.0,0.0,0.0
1.0,100.0,0.00017235864422181606,0.0,0.0,0.0,0.013888888888888888,0.0,0.0,1.0
2.0,6.419126589201869e-08,0.0,0.0,0.0,0.0,0.013888888888888888,0.0,0.0,1.0
3.0,5.861945746922592e-08,0.0,0.0,0.0,0.0,0.013888888888888888,0.0,0.0,1.0
4.0,3.0090241130608225e-10,0.0,0.0,0.0,0.0,0.013888888888888888,0.0,0.0,0.0
1.0,100.0,0.0001723598261085897,0.0,0.0,0.0,0.013888888888888888,0.0,0.0,1.0
2.0,6.377394998196462e-08,0.0,0.0,0.0,0.0,0.013888888888888888,0.0,0.0,1.0
3.0,5.823153114110288e-08,0.0,0.0,0.0,0.0,0.013888888888888888,0.0,0.0,1.0
4.0,2.9776420982532065e-10,0.0,0.0,0.0,0.0,0.013888888888888888,0.0,0.0,0.0
1.0,100.0,0.00017236100539885804,0.0,0.0,0.0,0.013888888888888888,0.0,0.0,1.0
2.0,6.336870716713266e-08,0.0,0.0,0.0,0.0,0.013888888888888888,0.0,0.0,1.0
3.0,5.7857377845750583e-08,0.0,0.0,0.0,0.0,0.013888888888888888,0.0,0.0,1.0
4.0,2.936682063251003e-10,0.0,0.0,0.0,0.0,0.013888888888888888,0.0,0.0,0.0
1.0,100.0,0.0001723621820904873,0.0,0.0,0.0,0.013888888888888888,0.0,0.0,1.0
2.0,6.297171633047065e-08,0.0,0.0,0.0,0.0,0.013888888888888888,0.0,0.0,1.0
3.0,5.749031424618964e-08,0.0,0.0,0.0,0.0,0.013888888888888888,0.0,0.0,1.0
4.0,2.906686418427767e-10,0.0,0.0,0.0,0.0,0.013888888888888888,0.0,0.0,0.0
1.0,100.0,0.00017236335618333337,0.0,0.0,0.0,0.013888888888888888,0.0,0.0,1.0
2.0,6.258329712738415e-08,0.0,0.0,0.0,0.0,0.013888888888888888,0.0,0.0,1.0
3.0,5.7132999173231614e-08,0.0,0.0,0.0,0.0,0.013888888888888888,0.0,0.0,1.0
4.0,2.8834962608840417e-10,0.0,0.0,0.0,0.0,0.013888888888888888,0.0,0.0,0.0
1.0,100.0,0.00017236452767858642,0.0,0.0,0.0,0.013888888888888888,0.0,0.0,1.0
2.0,6.220574516569086e-08,0.0,0.0,0.0,0.0,0.013888888888888888,0.0,0.0,1.0
3.0,5.678508394722861e-08,0.0,0.0,0.0,0.0,0.013888888888888888,0.0,0.0,1.0
4.0,2.855013001129378e-10,0.0,0.0,0.0,0.0,0.013888888888888888,0.0,0.0,0.0
1.0,100.0,0.00017236569657741089,0.0,0.0,0.0,0.013888888888888888,0.0,0.0,1.0
2.0,6.183603841915394e-08,0.0,0.0,0.0,0.0,0.013888888888888888,0.0,0.0,1.0
3.0,5.644643782364356e-08,0.0,0.0,0.0,0.0,0.013888888888888888,0.0,0.0,1.0
4.0,2.829932496701322e-10,0.0,0.0,0.0,0.0,0.013888888888888888,0.0,0.0,0.0
1.0,100.0,0.0001723668628810416,0.0,0.0,0.0,0.013888888888888888,0.0,0.0,1.0
2.0,6.147419143187022e-08,0.0,0.0,0.0,0.0,0.013888888888888888,0.0,0.0,1.0
3.0,5.611406783019157e-08,0.0,0.0,0.0,0.0,0.013888888888888888,0.0,0.0,1.0
4.0,2.806742421763219e-10,0.0,0.0,0.0,0.0,0.013888888888888888,0.0,0.0,0.0
1.0,100.0,0.00017236802658941432,0.0,0.0,0.0,0.013888888888888888,0.0,0.0,1.0
2.0,6.112143919042707e-08,0.0,0.0,0.0,0.0,0.013888888888888888,0.0,0.0,1.0
3.0,5.5791344725579385e-08,0.0,0.0,0.0,0.0,0.013888888888888888,0.0,0.0,1.0
4.0,2.7689332721744994e-10,0.0,0.0,0.0,0.0,0.013888888888888888,0.0,0.0,0.0
1.0,100.0,0.00017236918770528002,0.0,0.0,0.0,0.013888888888888888,0.0,0.0,1.0
2.0,6.077592198818442e-08,0.0,0.0,0.0,0.0,0.013888888888888888,0.0,0.0,1.0
3.0,5.547556611662351e-08,0.0,0.0,0.0,0.0,0.013888888888888888,0.0,0.0,1.0
4.0,2.740702187575417e-10,0.0,0.0,0.0,0.0,0.013888888888888888,0.0,0.0,0.0
1.0,100.0,0.00017237034623050434,0.0,0.0,0.0,0.013888888888888888,0.0,0.0,1.0
2.0,6.043881669525516e-08,0.0,0.0,0.0,0.0,0.013888888888888888,0.0,0.0,1.0
3.0,5.516824304184831e-08,0.0,0.0,0.0,0.0,0.013888888888888888,0.0,0.0,1.0
4.0,2.718520410544123e-10,0.0,0.0,0.0,0.0,0.013888888888888888,0.0,0.0,0.0
1.0,100.0,0.00017237150216761055,0.0,0.0,0.0,0.013888888888888888,0.0,0.0,1.0
2.0,6.01096874537134e-08,0.0,0.0,0.0,0.0,0.013888888888888888,0.0,0.0,1.0
3.0,5.4868358479112395e-08,0.0,0.0,0.0,0.0,0.013888888888888888,0.0,0.0,1.0
4.0,2.686130504909898e-10,0.0,0.0,0.0,0.0,0.013888888888888888,0.0,0.0,0.0
1.0,100.0,0.00017237265551842904,0.0,0.0,0.0,0.013888888888888888,0.0,0.0,1.0
2.0,5.978706683815639e-08,0.0,0.0,0.0,0.0,0.013888888888888888,0.0,0.0,1.0
3.0,5.457475011320289e-08,0.0,0.0,0.0,0.0,0.013888888888888888,0.0,0.0,1.0
4.0,2.667351496525522e-10,0.0,0.0,0.0,0.0,0.013888888888888888,0.0,0.0,0.0
1.0,100.0,0.00017237380628447113,0.0,0.0,0.0,0.013888888888888888,0.0,0.0,1.0
2.0,5.947051898734171e-08,0.0,0.0,0.0,0.0,0.013888888888888888,0.0,0.0,1.0
3.0,5.428618298109395e-08,0.0,0.0,0.0,0.0,0.013888888888888888,0.0,0.0,1.0
4.0,2.648698535734613e-10,0.0,0.0,0.0,0.0,0.013888888888888888,0.0,0.0,0.0
1.0,100.0,0.00017237495447067886,0.0,0.0,0.0,0.013888888888888888,0.0,0.0,1.0
2.0,5.916287709084218e-08,0.0,0.0,0.0,0.0,0.013888888888888888,0.0,0.0,1.0
3.0,5.4007974750001645e-08,0.0,0.0,0.0,0.0,0.013888888888888888,0.0,0.0,1.0
4.0,2.628533278565113e-10,0.0,0.0,0.0,0.0,0.013888888888888888,0.0,0.0,0.0
1.0,100.0,0.00017237610007827294,0.0,0.0,0.0,0.013888888888888888,0.0,0.0,1.0
2.0,5.8859695251356515e-08,0.0,0.0,0.0,0.0,0.013888888888888888,0.0,0.0,1.0
3.0,5.3733049752620995e-08,0.0,0.0,0.0,0.0,0.013888888888888888,0.0,0.0,1.0
4.0,2.59715169508577e-10,0.0,0.0,0.0,0.0,0.013888888888888888,0.0,0.0,0.0
1.0,100.0,0.000172377243109511,0.0,0.0,0.0,0.013888888888888888,0.0,0.0,1.0
2.0,5.856424253250462e-08,0.0,0.0,0.0,0.0,0.013888888888888888,0.0,0.0,1.0
3.0,5.3465243686860596e-08,0.0,0.0,0.0,0.0,0.013888888888888888,0.0,0.0,1.0
4.0,2.5849261445704415e-10,0.0,0.0,0.0,0.0,0.013888888888888888,0.0,0.0,0.0
1.0,100.0,0.0001723783835698676,0.0,0.0,0.0,0.013888888888888888,0.0,0.0,1.0
2.0,5.827438316415361e-08,0.0,0.0,0.0,0.0,0.013888888888888888,0.0,0.0,1.0
3.0,5.320208661133444e-08,0.0,0.0,0.0,0.0,0.013888888888888888,0.0,0.0,1.0
4.0,2.554426797776776e-10,0.0,0.0,0.0,0.0,0.013888888888888888,0.0,0.0,0.0
1.0,100.0,0.00017237952146061512,0.0,0.0,0.0,0.013888888888888888,0.0,0.0,1.0
2.0,5.7991134196657085e-08,0.0,0.0,0.0,0.0,0.013888888888888888,0.0,0.0,1.0
3.0,5.294655700942153e-08,0.0,0.0,0.0,0.0,0.013888888888888888,0.0,0.0,1.0
4.0,2.533001369096911e-10,0.0,0.0,0.0,0.0,0.013888888888888888,0.0,0.0,0.0
1.0,100.0,0.00017238065678707666,0.0,0.0,0.0,0.013888888888888888,0.0,0.0,1.0
2.0,5.7713798242211233e-08,0.0,0.0,0.0,0.0,0.013888888888888888,0.0,0.0,1.0
3.0,5.269561830109287e-08,0.0,0.0,0.0,0.0,0.013888888888888888,0.0,0.0,1.0
4.0,2.5080472288912127e-10,0.0,0.0,0.0,0.0,0.013888888888888888,0.0,0.0,0.0
1.0,100.0,0.00017238178955149449,0.0,0.0,0.0,0.013888888888888888,0.0,0.0,1.0
2.0,5.744156167840725e-08,0.0,0.0,0.0,0.0,0.013888888888888888,0.0,0.0,1.0
3.0,5.2449648252868065e-08,0.0,0.0,0.0,0.0,0.013888888888888888,0.0,0.0,1.0
4.0,2.486495818829305e-10,0.0,0.0,0.0,0.0,0.013888888888888888,0.0,0.0,0.0
1.0,100.0,0.00017238291975727618,0.0,0.0,0.0,0.013888888888888888,0.0,0.0,1.0
2.0,5.717547061427263e-08,0.0,0.0,0.0,0.0,0.013888888888888888,0.0,0.0,1.0
3.0,5.220871951939345e-08,0.0,0.0,0.0,0.0,0.013888888888888888,0.0,0.0,1.0
4.0,2.4583910732222964e-10,0.0,0.0,0.0,0.0,0.013888888888888888,0.0,0.0,0.0
1.0,100.0,0.00017238404740967434,0.0,0.0,0.0,0.013888888888888888,0.0,0.0,1.0
2.0,5.691548147279263e-08,0.0,0.0,0.0,0.0,0.013888888888888888,0.0,0.0,1.0
3.0,5.197358762634214e-08,0.0,0.0,0.0,0.0,0.013888888888888888,0.0,0.0,1.0
4.0,2.452718990713519e-10,0.0,0.0,0.0,0.0,0.013888888888888888,0.0,0.0,0.0
1.0,100.0,0.00017238517251211716,0.0,0.0,0.0,0.013888888888888888,0.0,0.0,1.0
2.0,5.666027210924144e-08,0.0,0.0,0.0,0.0,0.013888888888888888,0.0,0.0,1.0
3.0,5.1743758591431655e-08,0.0,0.0,0.0,0.0,0.013888888888888888,0.0,0.0,1.0
4.0,2.4334361091743787e-10,0.0,0.0,0.0,0.0,0.013888888888888888,0.0,0.0,0.0
1.0,100.0,0.0001723862950676739,0.0,0.0,0.0,0.013888888888888888,0.0,0.0,1.0
2.0,5.640961006520597e-08,0.0,0.0,0.0,0.0,0.013888888888888888,0.0,0.0,1.0
3.0,5.151801197228992e-08,0.0,0.0,0.0,0.0,0.013888888888888888,0.0,0.0,1.0
4.0,2.413019013274865e-10,0.0,0.0,0.0,0.0,0.013888888888888888,0.0,0.0,0.0
1.0,100.0,0.0001723873324070784,0.0,0.0,0.0,0.013888888888888888,0.0,0.0,1.0
2.0,1.261130485167884e-07,0.0,0.0,0.0,0.0,0.013888888888888888,0.0,0.0,1.0
3.0,1.1560344363696692e-07,0.0,0.0,0.0,0.0,0.013888888888888888,0.0,0.0,1.0
4.0,6.23147567691141e-10,0.0,0.0,0.0,0.0,0.013888888888888888,0.0,0.0,0.0
1.0,100.0,0.0001723883676142731,0.0,0.0,0.0,0.013888888888888888,0.0,0.0,1.0
2.0,1.2595423162605953e-07,0.0,0.0,0.0,0.0,0.013888888888888888,0.0,0.0,1.0
3.0,1.151341011930567e-07,0.0,0.0,0.0,0.0,0.013888888888888888,0.0,0.0,1.0
4.0,6.195176499201917e-10,0.0,0.0,0.0,0.0,0.013888888888888888,0.0,0.0,0.0
1.0,100.0,0.00017238940442517527,0.0,0.0,0.0,0.013888888888888888,0.0,0.0,1.0
2.0,1.22254933867905e-07,0.0,0.0,0.0,0.0,0.013888888888888888,0.0,0.0,1.0
3.0,1.1146840204030669e-07,0.0,0.0,0.0,0.0,0.013888888888888888,0.0,0.0,1.0
4.0,6.015208110638991e-10,0.0,0.0,0.0,0.0,0.013888888888888888,0.0,0.0,0.0
1.0,100.0,0.00017239044254494597,0.0,0.0,0.0,0.013888888888888888,0.0,0.0,1.0
2.0,1.1850428306227236e-07,0.0,0.0,0.0,0.0,0.013888888888888888,0.0,0.0,1.0
3.0,1.0790768447996325e-07,0.0,0.0,0.0,0.0,0.013888888888888888,0.0,0.0,1.0
4.0,5.842675517029962e-10,0.0,0.0,0.0,0.0,0.013888888888888888,0.0,0.0,0.0
1.0,100.0,0.00017239148170488343,0.0,0.0,0.0,0.013888888888888888,0.0,0.0,1.0
2.0,1.1486818867810058e-07,0.0,0.0,0.0,0.0,0.013888888888888888,0.0,0.0,1.0
3.0,1.0454051917369316e-07,0.0,0.0,0.0,0.0,0.013888888888888888,0.0,0.0,1.0
4.0,5.68501420484006e-10,0.0,0.0,0.0,0.0,0.013888888888888888,0.0,0.0,0.0
1.0,100.0,0.0001723925216593184,0.0,0.0,0.0,0.013888888888888888,0.0,0.0,1.0
2.0,1.1139642836255986e-07,0.0,0.0,0.0,0.0,0.013888888888888888,0.0,0.0,1.0
3.0,1.0137441834088157e-07,0.0,0.0,0.0,0.0,0.013888888888888888,0.0,0.0,1.0
4.0,5.521934031754278e-10,0.0,0.0,0.0,0.0,0.013888888888888888,0.0,0.0,0.0
1.0,100.0,0.00017239356218717362,0.0,0.0,0.0,0.013888888888888888,0.0,0.0,1.0
2.0,1.081087769570783e-07,0.0,0.0,0.0,0.0,0.013888888888888888,0.0,0.0,1.0
3.0,9.840560495918842e-08,0.0,0.0,0.0,0.0,0.013888888888888888,0.0,0.0,1.0
4.0,5.367801899498753e-10,0.0,0.0,0.0,0.0,0.013888888888888888,0.0,0.0,0.0
1.0,100.0,0.0001723946030880028,0.0,0.0,0.0,0.013888888888888888,0.0,0.0,1.0
2.0,1.0500825708657231e-07,0.0,0.0,0.0,0.0,0.013888888888888888,0.0,0.0,1.0
3.0,9.562348774401086e-08,0.0,0.0,0.0,0.0,0.013888888888888888,0.0,0.0,1.0
4.0,5.234338146378269e-10,0.0,0.0,0.0,0.0,0.013888888888888888,0.0,0.0,0.0
1.0,100.0,0.0001723956441782504,0.0,0.0,0.0,0.013888888888888888,0.0,0.0,1.0
2.0,1.020876772799917e-07,0.0,0.0,0.0,0.0,0.013888888888888888,0.0,0.0,1.0
3.0,9.30131165774129e-08,0.0,0.0,0.0,0.0,0.013888888888888888,0.0,0.0,1.0
4.0,5.106671745827753e-10,0.0,0.0,0.0,0.0,0.013888888888888888,0.0,0.0,0.0
1.0,100.0,0.00017239668529176198,0.0,0.0,0.0,0.013888888888888888,0.0,0.0,1.0
2.0,9.934241770691081e-08,0.0,0.0,0.0,0.0,0.013888888888888888,0.0,0.0,1.0
3.0,9.056586151835483e-08,0.0,0.0,0.0,0.0,0.013888888888888888,0.0,0.0,1.0
4.0,4.969553627928647e-10,0.0,0.0,0.0,0.0,0.013888888888888888,0.0,0.0,0.0
1.0,100.0,0.00017239772627525583,0.0,0.0,0.0,0.013888888888888888,0.0,0.0,1.0
2.0,9.676065197780182e-08,0.0,0.0,0.0,0.0,0.013888888888888888,0.0,0.0,1.0
3.0,8.826540659216952e-08,0.0,0.0,0.0,0.0,0.013888888888888888,0.0,0.0,1.0
4.0,4.863311860862597e-10,0.0,0.0,0.0,0.0,0.013888888888888888,0.0,0.0,0.0
1.0,100.0,0.00017239876699226038,0.0,0.0,0.0,0.013888888888888888,0.0,0.0,1.0
2.0,9.433130917941178e-08,0.0,0.0,0.0,0.0,0.013888888888888888,0.0,0.0,1.0
3.0,8.610143636732586e-08,0.0,0.0,0.0,0.0,0.013888888888888888,0.0,0.0,1.0
4.0,4.744467726242276e-10,0.0,0.0,0.0,0.0,0.013888888888888888,0.0,0.0,0.0
1.0,100.0,0.00017239980731309097,0.0,0.0,0.0,0.013888888888888888,0.0,0.0,1.0
2.0,9.204561398598866e-08,0.0,0.0,0.0,0.0,0.013888888888888888,0.0,0.0,1.0
3.0,8.406565494645836e-08,0.0,0.0,0.0,0.0,0.013888888888888888,0.0,0.0,1.0
4.0,4.636083824419252e-10,0.0,0.0,0.0,0.0,0.013888888888888888,0.0,0.0,0.0
1.0,100.0,0.00017240084712260727,0.0,0.0,0.0,0.013888888888888888,0.0,0.0,1.0
2.0,8.989194329150976e-08,0.0,0.0,0.0,0.0,0.013888888888888888,0.0,0.0,1.0
3.0,8.214591613195773e-08,0.0,0.0,0.0,0.0,0.013888888888888888,0.0,0.0,1.0
4.0,4.5300945361940694e-10,0.0,0.0,0.0,0.0,0.013888888888888888,0.0,0.0,0.0
1.0,100.0,0.00017240188631211352,0.0,0.0,0.0,0.013888888888888888,0.0,0.0,1.0
2.0,8.78608242900225e-08,0.0,0.0,0.0,0.0,0.013888888888888888,0.0,0.0,1.0
3.0,8.03319479693425e-08,0.0,0.0,0.0,0.0,0.013888888888888888,0.0,0.0,1.0
4.0,4.440992722157605e-10,0.0,0.0,0.0,0.0,0.013888888888888888,0.0,0.0,0.0
1.0,100.0,0.0001724029247845339,0.0,0.0,0.0,0.013888888888888888,0.0,0.0,1.0
2.0,8.594383025459645e-08,0.0,0.0,0.0,0.0,0.013888888888888888,0.0,0.0,1.0
3.0,7.861940643723616e-08,0.0,0.0,0.0,0.0,0.013888888888888888,0.0,0.0,1.0
4.0,4.341304931892732e-10,0.0,0.0,0.0,0.0,0.013888888888888888,0.0,0.0,0.0
1.0,100.0,0.00017240396244741526,0.0,0.0,0.0,0.013888888888888888,0.0,0.0,1.0
2.0,8.413188060935442e-08,0.0,0.0,0.0,0.0,0.013888888888888888,0.0,0.0,1.0
3.0,7.699838275954824e-08,0.0,0.0,0.0,0.0,0.013888888888888888,0.0,0.0,1.0
4.0,4.264175704353921e-10,0.0,0.0,0.0,0.0,0.013888888888888888,0.0,0.0,0.0
1.0,100.0,0.0001724049992171967,0.0,0.0,0.0,0.013888888888888888,0.0,0.0,1.0
2.0,8.24159964550162e-08,0.0,0.0,0.0,0.0,0.013888888888888888,0.0,0.0,1.0
3.0,7.546219364512561e-08,0.0,0.0,0.0,0.0,0.013888888888888888,0.0,0.0,1.0
4.0,4.1753262710279896e-10,0.0,0.0,0.0,0.0,0.013888888888888888,0.0,0.0,0.0
1.0,100.0,0.00017240603501792495,0.0,0.0,0.0,0.013888888888888888,0.0,0.0,1.0
2.0,8.079142690673648e-08,0.0,0.0,0.0,0.0,0.013888888888888888,0.0,0.0,1.0
3.0,7.40047950728874e-08,0.0,0.0,0.0,0.0,0.013888888888888888,0.0,0.0,1.0
4.0,4.0940384249520174e-10,0.0,0.0,0.0,0.0,0.013888888888888888,0.0,0.0,0.0
1.0,100.0,0.00017240706977722113,0.0,0.0,0.0,0.013888888888888888,0.0,0.0,1.0
2.0,7.925076218950893e-08,0.0,0.0,0.0,0.0,0.013888888888888888,0.0,0.0,1.0
3.0,7.262188652590671e-08,0.0,0.0,0.0,0.0,0.013888888888888888,0.0,0.0,1.0
4.0,4.018295759214901e-10,0.0,0.0,0.0,0.0,0.013888888888888888,0.0,0.0,0.0
1.0,100.0,0.00017240810342846887,0.0,0.0,0.0,0.013888888888888888,0.0,0.0,1.0
2.0,7.778798732576379e-08,0.0,0.0,0.0,0.0,0.013888888888888888,0.0,0.0,1.0
3.0,7.130530266058427e-08,0.0,0.0,0.0,0.0,0.013888888888888888,0.0,0.0,1.0
4.0,3.9401587152892643e-10,0.0,0.0,0.0,0.0,0.013888888888888888,0.0,0.0,0.0
1.0,100.0,0.00017240913591046216,0.0,0.0,0.0,0.013888888888888888,0.0,0.0,1.0
2.0,7.639747961294205e-08,0.0,0.0,0.0,0.0,0.013888888888888888,0.0,0.0,1.0
3.0,7.005498550314166e-08,0.0,0.0,0.0,0.0,0.013888888888888888,0.0,0.0,1.0
4.0,3.8654244229024304e-10,0.0,0.0,0.0,0.0,0.013888888888888888,0.0,0.0,0.0
1.0,100.0,0.00017241016716740845,0.0,0.0,0.0,0.013888888888888888,0.0,0.0,1.0
2.0,7.507357274371903e-08,0.0,0.0,0.0,0.0,0.013888888888888888,0.0,0.0,1.0
3.0,6.886213038633678e-08,0.0,0.0,0.0,0.0,0.013888888888888888,0.0,0.0,1.0
4.0,3.801402295365704e-10,0.0,0.0,0.0,0.0,0.013888888888888888,0.0,0.0,0.0
1.0,100.0,0.00017241119714491763,0.0,0.0,0.0,0.013888888888888888,0.0,0.0,1.0
2.0,7.381142857000748e-08,0.0,0.0,0.0,0.0,0.013888888888888888,0.0,0.0,1.0
3.0,6.77220444385065e-08,0.0,0.0,0.0,0.0,0.013888888888888888,0.0,0.0,1.0
4.0,3.7417910959918106e-10,0.0,0.0,0.0,0.0,0.013888888888888888,0.0,0.0,0.0
1.0,100.0,0.00017241222579565256,0.0,0.0,0.0,0.013888888888888888,0.0,0.0,1.0
2.0,7.260937633882612e-08,0.0,0.0,0.0,0.0,0.013888888888888888,0.0,0.0,1.0
3.0,6.6637255886037e-08,0.0,0.0,0.0,0.0,0.013888888888888888,0.0,0.0,1.0
4.0,3.6698295767917926e-10,0.0,0.0,0.0,0.0,0.013888888888888888,0.0,0.0,0.0
1.0,100.0,0.0001724132530732497,0.0,0.0,0.0,0.013888888888888888,0.0,0.0,1.0
2.0,7.146038393950241e-08,0.0,0.0,0.0,0.0,0.013888888888888888,0.0,0.0,1.0
3.0,6.559798655049735e-08,0.0,0.0,0.0,0.0,0.013888888888888888,0.0,0.0,1.0
4.0,3.612360931017407e-10,0.0,0.0,0.0,0.0,0.013888888888888888,0.0,0.0,0.0
1.0,100.0,0.0001724142789359678,0.0,0.0,0.0,0.013888888888888888,0.0,0.0,1.0
2.0,7.036279512693964e-08,0.0,0.0,0.0,0.0,0.013888888888888888,0.0,0.0,1.0
3.0,6.46044980554347e-08,0.0,0.0,0.0,0.0,0.013888888888888888,0.0,0.0,1.0
4.0,3.5596812708850437e-10,0.0,0.0,0.0,0.0,0.013888888888888888,0.0,0.0,0.0
1.0,100.0,0.0001724153033434103,0.0,0.0,0.0,0.013888888888888888,0.0,0.0,1.0
2.0,6.931361694323316e-08,0.0,0.0,0.0,0.0,0.013888888888888888,0.0,0.0,1.0
3.0,6.365376837339162e-08,0.0,0.0,0.0,0.0,0.013888888888888888,0.0,0.0,1.0
4.0,3.498432023154531e-10,0.0,0.0,0.0,0.0,0.013888888888888888,0.0,0.0,0.0
1.0,100.0,0.0001724163262617084,0.0,0.0,0.0,0.013888888888888888,0.0,0.0,1.0
2.0,6.830960942170992e-08,0.0,0.0,0.0,0.0,0.013888888888888888,0.0,0.0,1.0
3.0,6.27440831170864e-08,0.0,0.0,0.0,0.0,0.013888888888888888,0.0,0.0,1.0
4.0,3.442475854565544e-10,0.0,0.0,0.0,0.0,0.013888888888888888,0.0,0.0,0.0
1.0,100.0,0.00017241734765293523,0.0,0.0,0.0,0.013888888888888888,0.0,0.0,1.0
2.0,6.734555658389532e-08,0.0,0.0,0.0,0.0,0.013888888888888888,0.0,0.0,1.0
3.0,6.18692818867785e-08,0.0,0.0,0.0,0.0,0.013888888888888888,0.0,0.0,1.0
4.0,3.3966016734986555e-10,0.0,0.0,0.0,0.0,0.013888888888888888,0.0,0.0,0.0
1.0,100.0,0.0001724183674885315,0.0,0.0,0.0,0.013888888888888888,0.0,0.0,1.0
2.0,6.642221403958377e-08,0.0,0.0,0.0,0.0,0.013888888888888888,0.0,0.0,1.0
3.0,6.103089034346339e-08,0.0,0.0,0.0,0.0,0.013888888888888888,0.0,0.0,1.0
4.0,3.3463167005129125e-10,0.0,0.0,0.0,0.0,0.013888888888888888,0.0,0.0,0.0
1.0,100.0,0.0001724193857364815,0.0,0.0,0.0,0.013888888888888888,0.0,0.0,1.0
2.0,6.553716997832144e-08,0.0,0.0,0.0,0.0,0.013888888888888888,0.0,0.0,1.0
3.0,6.022715049398345e-08,0.0,0.0,0.0,0.0,0.013888888888888888,0.0,0.0,1.0
4.0,3.2950235881529406e-10,0.0,0.0,0.0,0.0,0.013888888888888888,0.0,0.0,0.0
1.0,100.0,0.00017242040237091743,0.0,0.0,0.0,0.013888888888888888,0.0,0.0,1.0
2.0,6.468568787038212e-08,0.0,0.0,0.0,0.0,0.013888888888888888,0.0,0.0,1.0
3.0,5.9452323269407526e-08,0.0,0.0,0.0,0.0,0.013888888888888888,0.0,0.0,1.0
4.0,3.245746911632563e-10,0.0,0.0,0.0,0.0,0.013888888888888888,0.0,0.0,0.0
1.0,100.0,0.00017242141736600655,0.0,0.0,0.0,0.013888888888888888,0.0,0.0,1.0
2.0,6.386734642576551e-08,0.0,0.0,0.0,0.0,0.013888888888888888,0.0,0.0,1.0
3.0,5.870848643919869e-08,0.0,0.0,0.0,0.0,0.013888888888888888,0.0,0.0,1.0
4.0,3.199242811148023e-10,0.0,0.0,0.0,0.0,0.013888888888888888,0.0,0.0,0.0
1.0,100.0,0.0001724224306965449,0.0,0.0,0.0,0.013888888888888888,0.0,0.0,1.0
2.0,6.307958852026093e-08,0.0,0.0,0.0,0.0,0.013888888888888888,0.0,0.0,1.0
3.0,5.7991048749093375e-08,0.0,0.0,0.0,0.0,0.013888888888888888,0.0,0.0,1.0
4.0,3.15714959276541e-10,0.0,0.0,0.0,0.0,0.013888888888888888,0.0,0.0,0.0
1.0,100.0,0.0001724234423416808,0.0,0.0,0.0,0.013888888888888888,0.0,0.0,1.0
2.0,6.232165867854914e-08,0.0,0.0,0.0,0.0,0.013888888888888888,0.0,0.0,1.0
3.0,5.730223325921125e-08,0.0,0.0,0.0,0.0,0.013888888888888888,0.0,0.0,1.0
4.0,3.114426298417455e-10,0.0,0.0,0.0,0.0,0.013888888888888888,0.0,0.0,0.0
1.0,100.0,0.00017242445227972164,0.0,0.0,0.0,0.013888888888888888,0.0,0.0,1.0
2.0,6.158989552615719e-08,0.0,0.0,0.0,0.0,0.013888888888888888,0.0,0.0,1.0
3.0,5.6633976159010585e-08,0.0,0.0,0.0,0.0,0.013888888888888888,0.0,0.0,1.0
4.0,3.0701907618773976e-10,0.0,0.0,0.0,0.0,0.013888888888888888,0.0,0.0,0.0
1.0,100.0,0.0001724254604902634,0.0,0.0,0.0,0.013888888888888888,0.0,0.0,1.0
2.0,6.088694347908614e-08,0.0,0.0,0.0,0.0,0.013888888888888888,0.0,0.0,1.0
3.0,5.5993716587102015e-08,0.0,0.0,0.0,0.0,0.013888888888888888,0.0,0.0,1.0
4.0,3.033264643845112e-10,0.0,0.0,0.0,0.0,0.013888888888888888,0.0,0.0,0.0
1.0,100.0,0.00017242646695762195,0.0,0.0,0.0,0.013888888888888888,0.0,0.0,1.0
2.0,6.020720873296222e-08,0.0,0.0,0.0,0.0,0.013888888888888888,0.0,0.0,1.0
3.0,5.537437872840664e-08,0.0,0.0,0.0,0.0,0.013888888888888888,0.0,0.0,1.0
4.0,2.992431829566971e-10,0.0,0.0,0.0,0.0,0.013888888888888888,0.0,0.0,0.0
1.0,100.0,0.00017242747166310366,0.0,0.0,0.0,0.013888888888888888,0.0,0.0,1.0
2.0,5.955175198439573e-08,0.0,0.0,0.0,0.0,0.013888888888888888,0.0,0.0,1.0
3.0,5.477603526927922e-08,0.0,0.0,0.0,0.0,0.013888888888888888,0.0,0.0,1.0
4.0,2.9522291729948714e-10,0.0,0.0,0.0,0.0,0.013888888888888888,0.0,0.0,0.0
1.0,100.0,0.00017242847459067077,0.0,0.0,0.0,0.013888888888888888,0.0,0.0,1.0
2.0,5.891859726366219e-08,0.0,0.0,0.0,0.0,0.013888888888888888,0.0,0.0,1.0
3.0,5.419785806586221e-08,0.0,0.0,0.0,0.0,0.013888888888888888,0.0,0.0,1.0
4.0,2.9199660397361873e-10,0.0,0.0,0.0,0.0,0.013888888888888888,0.0,0.0,0.0
1.0,100.0,0.000172429475726282,0.0,0.0,0.0,0.013888888888888888,0.0,0.0,1.0
2.0,5.830620448213147e-08,0.0,0.0,0.0,0.0,0.013888888888888888,0.0,0.0,1.0
3.0,5.364010868572797e-08,0.0,0.0,0.0,0.0,0.013888888888888888,0.0,0.0,1.0
4.0,2.883796209565634e-10,0.0,0.0,0.0,0.0,0.013888888888888888,0.0,0.0,0.0
1.0,100.0,0.0001724304750559703,0.0,0.0,0.0,0.013888888888888888,0.0,0.0,1.0
2.0,5.771345490381019e-08,0.0,0.0,0.0,0.0,0.013888888888888888,0.0,0.0,1.0
3.0,5.30987334282185e-08,0.0,0.0,0.0,0.0,0.013888888888888888,0.0,0.0,1.0
4.0,2.8492647191859607e-10,0.0,0.0,0.0,0.0,0.013888888888888888,0.0,0.0,0.0
1.0,100.0,0.0001724314725666365,0.0,0.0,0.0,0.013888888888888888,0.0,0.0,1.0
2.0,5.714146733738979e-08,0.0,0.0,0.0,0.0,0.013888888888888888,0.0,0.0,1.0
3.0,5.257691428994717e-08,0.0,0.0,0.0,0.0,0.013888888888888888,0.0,0.0,1.0
4.0,2.824563089155387e-10,0.0,0.0,0.0,0.0,0.013888888888888888,0.0,0.0,0.0
1.0,100.0,0.0001724324682469624,0.0,0.0,0.0,0.013888888888888888,0.0,0.0,1.0
2.0,5.658736497083764e-08,0.0,0.0,0.0,0.0,0.013888888888888888,0.0,0.0,1.0
3.0,5.207068474148619e-08,0.0,0.0,0.0,0.0,0.013888888888888888,0.0,0.0,1.0
4.0,2.7808319538254244e-10,0.0,0.0,0.0,0.0,0.013888888888888888,0.0,0.0,0.0
1.0,100.0,0.00017243346208513312,0.0,0.0,0.0,0.013888888888888888,0.0,0.0,1.0
2.0,5.605091536293582e-08,0.0,0.0,0.0,0.0,0.013888888888888888,0.0,0.0,1.0
3.0,5.158058240361034e-08,0.0,0.0,0.0,0.0,0.013888888888888888,0.0,0.0,1.0
4.0,2.747938864231804e-10,0.0,0.0,0.0,0.0,0.013888888888888888,0.0,0.0,0.0
1.0,100.0,0.00017243445407141494,0.0,0.0,0.0,0.013888888888888888,0.0,0.0,1.0
2.0,5.553014252582674e-08,0.0,0.0,0.0,0.0,0.013888888888888888,0.0,0.0,1.0
3.0,5.110611329966444e-08,0.0,0.0,0.0,0.0,0.013888888888888888,0.0,0.0,1.0
4.0,2.7163060381021456e-10,0.0,0.0,0.0,0.0,0.013888888888888888,0.0,0.0,0.0
1.0,100.0,0.00017243544419553886,0.0,0.0,0.0,0.013888888888888888,0.0,0.0,1.0
2.0,5.502529348940716e-08,0.0,0.0,0.0,0.0,0.013888888888888888,0.0,0.0,1.0
3.0,5.064498178702018e-08,0.0,0.0,0.0,0.0,0.013888888888888888,0.0,0.0,1.0
4.0,2.6863115434569135e-10,0.0,0.0,0.0,0.0,0.013888888888888888,0.0,0.0,0.0
1.0,100.0,0.00017243643244909887,0.0,0.0,0.0,0.013888888888888888,0.0,0.0,1.0
2.0,5.453597598288884e-08,0.0,0.0,0.0,0.0,0.013888888888888888,0.0,0.0,1.0
3.0,5.019734771425574e-08,0.0,0.0,0.0,0.0,0.013888888888888888,0.0,0.0,1.0
4.0,2.655056844532356e-10,0.0,0.0,0.0,0.0,0.013888888888888888,0.0,0.0,0.0
1.0,100.0,0.00017243741882395954,0.0,0.0,0.0,0.013888888888888888,0.0,0.0,1.0
2.0,5.406200114827614e-08,0.0,0.0,0.0,0.0,0.013888888888888888,0.0,0.0,1.0
3.0,4.976470764987815e-08,0.0,0.0,0.0,0.0,0.013888888888888888,0.0,0.0,1.0
4.0,2.623802173900437e-10,0.0,0.0,0.0,0.0,0.013888888888888888,0.0,0.0,0.0
1.0,100.0,0.0001724384033119177,0.0,0.0,0.0,0.013888888888888888,0.0,0.0,1.0
2.0,5.360114598672631e-08,0.0,0.0,0.0,0.0,0.013888888888888888,0.0,0.0,1.0
3.0,4.9343022397585137e-08,0.0,0.0,0.0,0.0,0.013888888888888888,0.0,0.0,1.0
4.0,2.597966525186862e-10,0.0,0.0,0.0,0.0,0.013888888888888888,0.0,0.0,0.0
1.0,100.0,0.0001724393859060765,0.0,0.0,0.0,0.013888888888888888,0.0,0.0,1.0
2.0,5.3153207106610216e-08,0.0,0.0,0.0,0.0,0.013888888888888888,0.0,0.0,1.0
3.0,4.8934515002072705e-08,0.0,0.0,0.0,0.0,0.013888888888888888,0.0,0.0,1.0
4.0,2.5788101231817516e-10,0.0,0.0,0.0,0.0,0.013888888888888888,0.0,0.0,0.0
1.0,100.0,0.00017244036660065293,0.0,0.0,0.0,0.013888888888888888,0.0,0.0,1.0
2.0,5.2719201600665505e-08,0.0,0.0,0.0,0.0,0.013888888888888888,0.0,0.0,1.0
3.0,4.853771799703729e-08,0.0,0.0,0.0,0.0,0.013888888888888888,0.0,0.0,1.0
4.0,2.5442789306848276e-10,0.0,0.0,0.0,0.0,0.013888888888888888,0.0,0.0,0.0
1.0,100.0,0.00017244134538826948,0.0,0.0,0.0,0.013888888888888888,0.0,0.0,1.0
2.0,5.229535179817433e-08,0.0,0.0,0.0,0.0,0.013888888888888888,0.0,0.0,1.0
3.0,4.815033572674643e-08,0.0,0.0,0.0,0.0,0.013888888888888888,0.0,0.0,1.0
4.0,2.5214679051514774e-10,0.0,0.0,0.0,0.0,0.013888888888888888,0.0,0.0,0.0
1.0,100.0,0.00017244232226371845,0.0,0.0,0.0,0.013888888888888888,0.0,0.0,1.0
2.0,5.188441834015786e-08,0.0,0.0,0.0,0.0,0.013888888888888888,0.0,0.0,1.0
3.0,4.7774881827737875e-08,0.0,0.0,0.0,0.0,0.013888888888888888,0.0,0.0,1.0
4.0,2.493489959951039e-10,0.0,0.0,0.0,0.0,0.013888888888888888,0.0,0.0,0.0
1.0,100.0,0.00017244329722235184,0.0,0.0,0.0,0.013888888888888888,0.0,0.0,1.0
2.0,5.148442522154872e-08,0.0,0.0,0.0,0.0,0.013888888888888888,0.0,0.0,1.0
3.0,4.740846492837651e-08,0.0,0.0,0.0,0.0,0.013888888888888888,0.0,0.0,1.0
4.0,2.4697968176348313e-10,0.0,0.0,0.0,0.0,0.013888888888888888,0.0,0.0,0.0
1.0,100.0,0.00017244427025986037,0.0,0.0,0.0,0.013888888888888888,0.0,0.0,1.0
2.0,5.109550322692883e-08,0.0,0.0,0.0,0.0,0.013888888888888888,0.0,0.0,1.0
3.0,4.7053438840575875e-08,0.0,0.0,0.0,0.0,0.013888888888888888,0.0,0.0,1.0
4.0,2.4491282450565655e-10,0.0,0.0,0.0,0.0,0.013888888888888888,0.0,0.0,0.0
1.0,100.0,0.00017244524137101909,0.0,0.0,0.0,0.013888888888888888,0.0,0.0,1.0
2.0,5.07172310154807e-08,0.0,0.0,0.0,0.0,0.013888888888888888,0.0,0.0,1.0
3.0,4.670819079518502e-08,0.0,0.0,0.0,0.0,0.013888888888888888,0.0,0.0,1.0
4.0,2.4251830981052123e-10,0.0,0.0,0.0,0.0,0.013888888888888888,0.0,0.0,0.0
1.0,100.0,0.00017244621055259758,0.0,0.0,0.0,0.013888888888888888,0.0,0.0,1.0
2.0,5.034848982367779e-08,0.0,0.0,0.0,0.0,0.013888888888888888,0.0,0.0,1.0
3.0,4.637148579030137e-08,0.0,0.0,0.0,0.0,0.013888888888888888,0.0,0.0,1.0
4.0,2.4023721769653744e-10,0.0,0.0,0.0,0.0,0.013888888888888888,0.0,0.0,0.0
1.0,100.0,0.00017244717780057808,0.0,0.0,0.0,0.013888888888888888,0.0,0.0,1.0
2.0,4.9988320711822554e-08,0.0,0.0,0.0,0.0,0.013888888888888888,0.0,0.0,1.0
3.0,4.6041928995914446e-08,0.0,0.0,0.0,0.0,0.013888888888888888,0.0,0.0,1.0
4.0,2.374898434505432e-10,0.0,0.0,0.0,0.0,0.013888888888888888,0.0,0.0,0.0
1.0,100.0,0.00017244814311140325,0.0,0.0,0.0,0.013888888888888888,0.0,0.0,1.0
2.0,4.9639295438969005e-08,0.0,0.0,0.0,0.0,0.013888888888888888,0.0,0.0,1.0
3.0,4.572367589889395e-08,0.0,0.0,0.0,0.0,0.013888888888888888,0.0,0.0,1.0
4.0,2.360909142950679e-10,0.0,0.0,0.0,0.0,0.013888888888888888,0.0,0.0,0.0
1.0,100.0,0.00017244910648347666,0.0,0.0,0.0,0.013888888888888888,0.0,0.0,1.0
2.0,4.92978106721094e-08,0.0,0.0,0.0,0.0,0.013888888888888888,0.0,0.0,1.0
3.0,4.5411292431788534e-08,0.0,0.0,0.0,0.0,0.013888888888888888,0.0,0.0,1.0
4.0,2.3331833959588807e-10,0.0,0.0,0.0,0.0,0.013888888888888888,0.0,0.0,0.0
1.0,100.0,0.00017245006791441914,0.0,0.0,0.0,0.013888888888888888,0.0,0.0,1.0
2.0,4.896479632099889e-08,0.0,0.0,0.0,0.0,0.013888888888888888,0.0,0.0,1.0
3.0,4.510736488139608e-08,0.0,0.0,0.0,0.0,0.013888888888888888,0.0,0.0,1.0
4.0,2.3156655029813543e-10,0.0,0.0,0.0,0.0,0.013888888888888888,0.0,0.0,0.0
1.0,100.0,0.00017245102739948126,0.0,0.0,0.0,0.013888888888888888,0.0,0.0,1.0
2.0,4.8640208810193675e-08,0.0,0.0,0.0,0.0,0.013888888888888888,0.0,0.0,1.0
3.0,4.4810847126185943e-08,0.0,0.0,0.0,0.0,0.013888888888888888,0.0,0.0,1.0
4.0,2.2866795716001853e-10,0.0,0.0,0.0,0.0,0.013888888888888888,0.0,0.0,0.0
1.0,100.0,0.00017245198493985286,0.0,0.0,0.0,0.013888888888888888,0.0,0.0,1.0
2.0,4.8324701987428623e-08,0.0,0.0,0.0,0.0,0.013888888888888888,0.0,0.0,1.0
3.0,4.452291607998653e-08,0.0,0.0,0.0,0.0,0.013888888888888888,0.0,0.0,1.0
4.0,2.271430119003715e-10,0.0,0.0,0.0,0.0,0.013888888888888888,0.0,0.0,0.0
1.0,100.0,0.00017245294053134854,0.0,0.0,0.0,0.013888888888888888,0.0,0.0,1.0
2.0,4.8015064811591266e-08,0.0,0.0,0.0,0.0,0.013888888888888888,0.0,0.0,1.0
3.0,4.4239634217818844e-08,0.0,0.0,0.0,0.0,0.013888888888888888,0.0,0.0,1.0
4.0,2.254164320416416e-10,0.0,0.0,0.0,0.0,0.013888888888888888,0.0,0.0,0.0
1.0,100.0,0.00017245389417359377,0.0,0.0,0.0,0.013888888888888888,0.0,0.0,1.0
2.0,4.7713549390861175e-08,0.0,0.0,0.0,0.0,0.013888888888888888,0.0,0.0,1.0
3.0,4.396493908745142e-08,0.0,0.0,0.0,0.0,0.013888888888888888,0.0,0.0,1.0
4.0,2.2282029875972056e-10,0.0,0.0,0.0,0.0,0.013888888888888888,0.0,0.0,0.0
1.0,100.0,0.00017245484586498417,0.0,0.0,0.0,0.013888888888888888,0.0,0.0,1.0
2.0,4.742060615747376e-08,0.0,0.0,0.0,0.0,0.013888888888888888,0.0,0.0,1.0
3.0,4.369694184425844e-08,0.0,0.0,0.0,0.0,0.013888888888888888,0.0,0.0,1.0
4.0,2.2143398267562659e-10,0.0,0.0,0.0,0.0,0.013888888888888888,0.0,0.0,0.0
1.0,100.0,0.00017245579560551578,0.0,0.0,0.0,0.013888888888888888,0.0,0.0,1.0
2.0,4.713267535322762e-08,0.0,0.0,0.0,0.0,0.013888888888888888,0.0,0.0,1.0
3.0,4.343301262698375e-08,0.0,0.0,0.0,0.0,0.013888888888888888,0.0,0.0,1.0
4.0,2.198208275762617e-10,0.0,0.0,0.0,0.0,0.013888888888888888,0.0,0.0,0.0
1.0,100.0,0.0001724567433943305,0.0,0.0,0.0,0.013888888888888888,0.0,0.0,1.0
2.0,4.685334581833977e-08,0.0,0.0,0.0,0.0,0.013888888888888888,0.0,0.0,1.0
3.0,4.317897784571257e-08,0.0,0.0,0.0,0.0,0.013888888888888888,0.0,0.0,1.0
4.0,2.1771618675454343e-10,0.0,0.0,0.0,0.0,0.013888888888888888,0.0,0.0,0.0
1.0,100.0,0.00017245768922901242,0.0,0.0,0.0,0.013888888888888888,0.0,0.0,1.0
2.0,4.657836036656144e-08,0.0,0.0,0.0,0.0,0.013888888888888888,0.0,0.0,1.0
3.0,4.292802309028202e-08,0.0,0.0,0.0,0.0,0.013888888888888888,0.0,0.0,1.0
4.0,2.1601481895665543e-10,0.0,0.0,0.0,0.0,0.013888888888888888,0.0,0.0,0.0
1.0,100.0,0.0001724586331113615,0.0,0.0,0.0,0.013888888888888888,0.0,0.0,1.0
2.0,4.631139501800899e-08,0.0,0.0,0.0,0.0,0.013888888888888888,0.0,0.0,1.0
3.0,4.268443462629699e-08,0.0,0.0,0.0,0.0,0.013888888888888888,0.0,0.0,1.0
4.0,2.1372114795674293e-10,0.0,0.0,0.0,0.0,0.013888888888888888,0.0,0.0,0.0
1.0,100.0,0.0001724594772094051,0.0,0.0,0.0,0.013888888888888888,0.0,0.0,1.0
2.0,1.3042242407241335e-07,0.0,0.0,0.0,0.0,0.013888888888888888,0.0,0.0,1.0
3.0,1.2087116147283595e-07,0.0,0.0,0.0,0.0,0.013888888888888888,0.0,0.0,1.0
4.0,6.419224363589666e-10,0.0,0.0,0.0,0.0,0.013888888888888888,0.0,0.0,0.0
1.0,100.0,0.00017246031992676432,0.0,0.0,0.0,0.013888888888888888,0.0,0.0,1.0
2.0,1.292592682968382e-07,0.0,0.0,0.0,0.0,0.013888888888888888,0.0,0.0,1.0
3.0,1.1968258531105814e-07,0.0,0.0,0.0,0.0,0.013888888888888888,0.0,0.0,1.0
4.0,6.391623215273136e-10,0.0,0.0,0.0,0.0,0.013888888888888888,0.0,0.0,0.0
1.0,100.0,0.0001724611656053891,0.0,0.0,0.0,0.013888888888888888,0.0,0.0,1.0
2.0,1.2427244905014388e-07,0.0,0.0,0.0,0.0,0.013888888888888888,0.0,0.0,1.0
3.0,1.1493228786122069e-07,0.0,0.0,0.0,0.0,0.013888888888888888,0.0,0.0,1.0
4.0,6.163947477033444e-10,0.0,0.0,0.0,0.0,0.013888888888888888,0.0,0.0,0.0
1.0,100.0,0.00017246201389235733,0.0,0.0,0.0,0.013888888888888888,0.0,0.0,1.0
2.0,1.1940544581286192e-07,0.0,0.0,0.0,0.0,0.013888888888888888,0.0,0.0,1.0
3.0,1.1040398015348633e-07,0.0,0.0,0.0,0.0,0.013888888888888888,0.0,0.0,1.0
4.0,5.923194468268377e-10,0.0,0.0,0.0,0.0,0.013888888888888888,0.0,0.0,0.0
1.0,100.0,0.00017246286446111694,0.0,0.0,0.0,0.013888888888888888,0.0,0.0,1.0
2.0,1.1478655710003717e-07,0.0,0.0,0.0,0.0,0.013888888888888888,0.0,0.0,1.0
3.0,1.061638607421188e-07,0.0,0.0,0.0,0.0,0.013888888888888888,0.0,0.0,1.0
4.0,5.707577433464698e-10,0.0,0.0,0.0,0.0,0.013888888888888888,0.0,0.0,0.0
1.0,100.0,0.00017246371701611475,0.0,0.0,0.0,0.013888888888888888,0.0,0.0,1.0
2.0,1.1044430585827421e-07,0.0,0.0,0.0,0.0,0.013888888888888888,0.0,0.0,1.0
3.0,1.022096785899529e-07,0.0,0.0,0.0,0.0,0.013888888888888888,0.0,0.0,1.0
4.0,5.513173415550769e-10,0.0,0.0,0.0,0.0,0.013888888888888888,0.0,0.0,0.0
1.0,100.0,0.0001724645712886777,0.0,0.0,0.0,0.013888888888888888,0.0,0.0,1.0
2.0,1.063780102012241e-07,0.0,0.0,0.0,0.0,0.013888888888888888,0.0,0.0,1.0
3.0,9.852564083296056e-08,0.0,0.0,0.0,0.0,0.013888888888888888,0.0,0.0,1.0
4.0,5.336059441260697e-10,0.0,0.0,0.0,0.0,0.013888888888888888,0.0,0.0,0.0
1.0,100.0,0.00017246542703761416,0.0,0.0,0.0,0.013888888888888888,0.0,0.0,1.0
2.0,1.0257446350174337e-07,0.0,0.0,0.0,0.0,0.013888888888888888,0.0,0.0,1.0
3.0,9.508806482685153e-08,0.0,0.0,0.0,0.0,0.013888888888888888,0.0,0.0,1.0
4.0,5.155022079348167e-10,0.0,0.0,0.0,0.0,0.013888888888888888,0.0,0.0,0.0
1.0,100.0,0.00017246628403951324,0.0,0.0,0.0,0.013888888888888888,0.0,0.0,1.0
2.0,9.902088040247088e-08,0.0,0.0,0.0,0.0,0.013888888888888888,0.0,0.0,1.0
3.0,9.18799805723162e-08,0.0,0.0,0.0,0.0,0.013888888888888888,0.0,0.0,1.0
4.0,4.992146623363083e-10,0.0,0.0,0.0,0.0,0.013888888888888888,0.0,0.0,0.0
1.0,100.0,0.0001724671420948654,0.0,0.0,0.0,0.013888888888888888,0.0,0.0,1.0
2.0,9.569891054615698e-08,0.0,0.0,0.0,0.0,0.013888888888888888,0.0,0.0,1.0
3.0,8.888242739444829e-08,0.0,0.0,0.0,0.0,0.013888888888888888,0.0,0.0,1.0
4.0,4.838860539323533e-10,0.0,0.0,0.0,0.0,0.013888888888888888,0.0,0.0,0.0
1.0,100.0,0.00017246800101713855,0.0,0.0,0.0,0.013888888888888888,0.0,0.0,1.0
2.0,9.259172911332576e-08,0.0,0.0,0.0,0.0,0.013888888888888888,0.0,0.0,1.0
3.0,8.607673512414971e-08,0.0,0.0,0.0,0.0,0.013888888888888888,0.0,0.0,1.0
4.0,4.689787826996853e-10,0.0,0.0,0.0,0.0,0.013888888888888888,0.0,0.0,0.0
1.0,100.0,0.00017246886063753132,0.0,0.0,0.0,0.013888888888888888,0.0,0.0,1.0
2.0,8.968239496414214e-08,0.0,0.0,0.0,0.0,0.013888888888888888,0.0,0.0,1.0
3.0,8.344824374028118e-08,0.0,0.0,0.0,0.0,0.013888888888888888,0.0,0.0,1.0
4.0,4.547253276605266e-10,0.0,0.0,0.0,0.0,0.013888888888888888,0.0,0.0,0.0
1.0,100.0,0.0001724697208019562,0.0,0.0,0.0,0.013888888888888888,0.0,0.0,1.0
2.0,8.695576858175624e-08,0.0,0.0,0.0,0.0,0.013888888888888888,0.0,0.0,1.0
3.0,8.098139230497986e-08,0.0,0.0,0.0,0.0,0.013888888888888888,0.0,0.0,1.0
4.0,4.413000489817544e-10,0.0,0.0,0.0,0.0,0.013888888888888888,0.0,0.0,0.0
1.0,100.0,0.00017247058136604646,0.0,0.0,0.0,0.013888888888888888,0.0,0.0,1.0
2.0,8.439657961429646e-08,0.0,0.0,0.0,0.0,0.013888888888888888,0.0,0.0,1.0
3.0,7.866247963527566e-08,0.0,0.0,0.0,0.0,0.013888888888888888,0.0,0.0,1.0
4.0,4.301559331198355e-10,0.0,0.0,0.0,0.0,0.013888888888888888,0.0,0.0,0.0
1.0,100.0,0.00017247144219996054,0.0,0.0,0.0,0.013888888888888888,0.0,0.0,1.0
2.0,8.199361147558169e-08,0.0,0.0,0.0,0.0,0.013888888888888888,0.0,0.0,1.0
3.0,7.648114635761123e-08,0.0,0.0,0.0,0.0,0.013888888888888888,0.0,0.0,1.0
4.0,4.1891008966757125e-10,0.0,0.0,0.0,0.0,0.013888888888888888,0.0,0.0,0.0
1.0,100.0,0.00017247230318304604,0.0,0.0,0.0,0.013888888888888888,0.0,0.0,1.0
2.0,7.973431078377686e-08,0.0,0.0,0.0,0.0,0.013888888888888888,0.0,0.0,1.0
3.0,7.442736724071451e-08,0.0,0.0,0.0,0.0,0.013888888888888888,0.0,0.0,1.0
4.0,4.076932878028279e-10,0.0,0.0,0.0,0.0,0.013888888888888888,0.0,0.0,0.0
1.0,100.0,0.0001724731642024165,0.0,0.0,0.0,0.013888888888888888,0.0,0.0,1.0
2.0,7.760369762062881e-08,0.0,0.0,0.0,0.0,0.013888888888888888,0.0,0.0,1.0
3.0,7.248645292532315e-08,0.0,0.0,0.0,0.0,0.013888888888888888,0.0,0.0,1.0
4.0,3.9746449936359224e-10,0.0,0.0,0.0,0.0,0.013888888888888888,0.0,0.0,0.0
1.0,100.0,0.00017247402515676923,0.0,0.0,0.0,0.013888888888888888,0.0,0.0,1.0
2.0,7.55951612245008e-08,0.0,0.0,0.0,0.0,0.013888888888888888,0.0,0.0,1.0
3.0,7.065452423007581e-08,0.0,0.0,0.0,0.0,0.013888888888888888,0.0,0.0,1.0
4.0,3.8784594985482945e-10,0.0,0.0,0.0,0.0,0.013888888888888888,0.0,0.0,0.0
1.0,100.0,0.00017247488594884523,0.0,0.0,0.0,0.013888888888888888,0.0,0.0,1.0
2.0,7.36986036322182e-08,0.0,0.0,0.0,0.0,0.013888888888888888,0.0,0.0,1.0
3.0,6.892207888692658e-08,0.0,0.0,0.0,0.0,0.013888888888888888,0.0,0.0,1.0
4.0,3.787649913810387e-10,0.0,0.0,0.0,0.0,0.013888888888888888,0.0,0.0,0.0
1.0,100.0,0.00017247574649037424,0.0,0.0,0.0,0.013888888888888888,0.0,0.0,1.0
2.0,7.190424650269931e-08,0.0,0.0,0.0,0.0,0.013888888888888888,0.0,0.0,1.0
3.0,6.727867015194637e-08,0.0,0.0,0.0,0.0,0.013888888888888888,0.0,0.0,1.0
4.0,3.69829318216266e-10,0.0,0.0,0.0,0.0,0.013888888888888888,0.0,0.0,0.0
1.0,100.0,0.0001724766067005518,0.0,0.0,0.0,0.013888888888888888,0.0,0.0,1.0
2.0,7.020745504625223e-08,0.0,0.0,0.0,0.0,0.013888888888888888,0.0,0.0,1.0
3.0,6.572271448637862e-08,0.0,0.0,0.0,0.0,0.013888888888888888,0.0,0.0,1.0
4.0,3.613149990778101e-10,0.0,0.0,0.0,0.0,0.013888888888888888,0.0,0.0,0.0
1.0,100.0,0.00017247746650316922,0.0,0.0,0.0,0.013888888888888888,0.0,0.0,1.0
2.0,6.859938078010314e-08,0.0,0.0,0.0,0.0,0.013888888888888888,0.0,0.0,1.0
3.0,6.424611894071532e-08,0.0,0.0,0.0,0.0,0.013888888888888888,0.0,0.0,1.0
4.0,3.529023770639312e-10,0.0,0.0,0.0,0.0,0.013888888888888888,0.0,0.0,0.0
1.0,100.0,0.00017247832582511813,0.0,0.0,0.0,0.013888888888888888,0.0,0.0,1.0
2.0,6.707267177481793e-08,0.0,0.0,0.0,0.0,0.013888888888888888,0.0,0.0,1.0
3.0,6.284297002718845e-08,0.0,0.0,0.0,0.0,0.013888888888888888,0.0,0.0,1.0
4.0,3.457829056634167e-10,0.0,0.0,0.0,0.0,0.013888888888888888,0.0,0.0,0.0
1.0,100.0,0.000172479184601317,0.0,0.0,0.0,0.013888888888888888,0.0,0.0,1.0
2.0,6.562203932653904e-08,0.0,0.0,0.0,0.0,0.013888888888888888,0.0,0.0,1.0
3.0,6.150707816987398e-08,0.0,0.0,0.0,0.0,0.013888888888888888,0.0,0.0,1.0
4.0,3.388668430567868e-10,0.0,0.0,0.0,0.0,0.013888888888888888,0.0,0.0,0.0
1.0,100.0,0.00017248004276992015,0.0,0.0,0.0,0.013888888888888888,0.0,0.0,1.0
2.0,6.424329898806863e-08,0.0,0.0,0.0,0.0,0.013888888888888888,0.0,0.0,1.0
3.0,6.023502899016136e-08,0.0,0.0,0.0,0.0,0.013888888888888888,0.0,0.0,1.0
4.0,3.3032341870054267e-10,0.0,0.0,0.0,0.0,0.013888888888888888,0.0,0.0,0.0
1.0,100.0,0.00017248090027533605,0.0,0.0,0.0,0.013888888888888888,0.0,0.0,1.0
2.0,6.293188851899534e-08,0.0,0.0,0.0,0.0,0.013888888888888888,0.0,0.0,1.0
3.0,5.902401835410275e-08,0.0,0.0,0.0,0.0,0.013888888888888888,0.0,0.0,1.0
4.0,3.2483127005911956e-10,0.0,0.0,0.0,0.0,0.013888888888888888,0.0,0.0,0.0
1.0,100.0,0.00017248175706125526,0.0,0.0,0.0,0.013888888888888888,0.0,0.0,1.0
2.0,6.168134224134277e-08,0.0,0.0,0.0,0.0,0.013888888888888888,0.0,0.0,1.0
3.0,5.78677985201513e-08,0.0,0.0,0.0,0.0,0.013888888888888888,0.0,0.0,1.0
4.0,3.1761005033723835e-10,0.0,0.0,0.0,0.0,0.013888888888888888,0.0,0.0,0.0
1.0,100.0,0.00017248261307970805,0.0,0.0,0.0,0.013888888888888888,0.0,0.0,1.0
2.0,6.048891412675947e-08,0.0,0.0,0.0,0.0,0.013888888888888888,0.0,0.0,1.0
3.0,5.676403028660336e-08,0.0,0.0,0.0,0.0,0.013888888888888888,0.0,0.0,1.0
4.0,3.1147856773359004e-10,0.0,0.0,0.0,0.0,0.013888888888888888,0.0,0.0,0.0
1.0,100.0,0.00017248346828271363,0.0,0.0,0.0,0.013888888888888888,0.0,0.0,1.0
2.0,5.934946069382656e-08,0.0,0.0,0.0,0.0,0.013888888888888888,0.0,0.0,1.0
3.0,5.570887785729617e-08,0.0,0.0,0.0,0.0,0.013888888888888888,0.0,0.0,1.0
4.0,3.063641742651252e-10,0.0,0.0,0.0,0.0,0.013888888888888888,0.0,0.0,0.0
1.0,100.0,0.00017248432262725324,0.0,0.0,0.0,0.013888888888888888,0.0,0.0,1.0
2.0,5.826157264819022e-08,0.0,0.0,0.0,0.0,0.013888888888888888,0.0,0.0,1.0
3.0,5.469924645310998e-08,0.0,0.0,0.0,0.0,0.013888888888888888,0.0,0.0,1.0
4.0,3.004215659714411e-10,0.0,0.0,0.0,0.0,0.013888888888888888,0.0,0.0,0.0
1.0,100.0,0.00017248517607235675,0.0,0.0,0.0,0.013888888888888888,0.0,0.0,1.0
2.0,5.722000477640681e-08,0.0,0.0,0.0,0.0,0.013888888888888888,0.0,0.0,1.0
3.0,5.373186692594755e-08,0.0,0.0,0.0,0.0,0.013888888888888888,0.0,0.0,1.0
4.0,2.9443536033528564e-10,0.0,0.0,0.0,0.0,0.013888888888888888,0.0,0.0,0.0
1.0,100.0,0.00017248602857848484,0.0,0.0,0.0,0.013888888888888888,0.0,0.0,1.0
2.0,5.622440845475254e-08,0.0,0.0,0.0,0.0,0.013888888888888888,0.0,0.0,1.0
3.0,5.2806390644288936e-08,0.0,0.0,0.0,0.0,0.013888888888888888,0.0,0.0,1.0
4.0,2.8946624594037196e-10,0.0,0.0,0.0,0.0,0.013888888888888888,0.0,0.0,0.0
1.0,100.0,0.00017248688010959522,0.0,0.0,0.0,0.013888888888888888,0.0,0.0,1.0
2.0,5.526918973089796e-08,0.0,0.0,0.0,0.0,0.013888888888888888,0.0,0.0,1.0
3.0,5.191867664684408e-08,0.0,0.0,0.0,0.0,0.013888888888888888,0.0,0.0,1.0
4.0,2.8532533454297975e-10,0.0,0.0,0.0,0.0,0.013888888888888888,0.0,0.0,0.0
1.0,100.0,0.00017248773063292686,0.0,0.0,0.0,0.013888888888888888,0.0,0.0,1.0
2.0,5.435450851650138e-08,0.0,0.0,0.0,0.0,0.013888888888888888,0.0,0.0,1.0
3.0,5.1067766030497556e-08,0.0,0.0,0.0,0.0,0.013888888888888888,0.0,0.0,1.0
4.0,2.7962970862197283e-10,0.0,0.0,0.0,0.0,0.013888888888888888,0.0,0.0,0.0
1.0,100.0,0.00017248858011695043,0.0,0.0,0.0,0.013888888888888888,0.0,0.0,1.0
2.0,5.347594777126572e-08,0.0,0.0,0.0,0.0,0.013888888888888888,0.0,0.0,1.0
3.0,5.024890755826958e-08,0.0,0.0,0.0,0.0,0.013888888888888888,0.0,0.0,1.0
4.0,2.7591015598954443e-10,0.0,0.0,0.0,0.0,0.013888888888888888,0.0,0.0,0.0
1.0,100.0,0.00017248942853441245,0.0,0.0,0.0,0.013888888888888888,0.0,0.0,1.0
2.0,5.263291183614537e-08,0.0,0.0,0.0,0.0,0.013888888888888888,0.0,0.0,1.0
3.0,4.94637286550303e-08,0.0,0.0,0.0,0.0,0.013888888888888888,0.0,0.0,1.0
4.0,2.713042683005174e-10,0.0,0.0,0.0,0.0,0.013888888888888888,0.0,0.0,0.0
1.0,100.0,0.00017249027585008583,0.0,0.0,0.0,0.013888888888888888,0.0,0.0,1.0
2.0,5.1821332376032645e-08,0.0,0.0,0.0,0.0,0.013888888888888888,0.0,0.0,1.0
3.0,4.870611225012874e-08,0.0,0.0,0.0,0.0,0.013888888888888888,0.0,0.0,1.0
4.0,2.6607358468792454e-10,0.0,0.0,0.0,0.0,0.013888888888888888,0.0,0.0,0.0
1.0,100.0,0.0001724911220402352,0.0,0.0,0.0,0.013888888888888888,0.0,0.0,1.0
2.0,5.10430402343094e-08,0.0,0.0,0.0,0.0,0.013888888888888888,0.0,0.0,1.0
3.0,4.797948748258303e-08,0.0,0.0,0.0,0.0,0.013888888888888888,0.0,0.0,1.0
4.0,2.6206341680101635e-10,0.0,0.0,0.0,0.0,0.013888888888888888,0.0,0.0,0.0
1.0,100.0,0.00017249196708289265,0.0,0.0,0.0,0.013888888888888888,0.0,0.0,1.0
2.0,5.0292833723731846e-08,0.0,0.0,0.0,0.0,0.013888888888888888,0.0,0.0,1.0
3.0,4.727923386199129e-08,0.0,0.0,0.0,0.0,0.013888888888888888,0.0,0.0,1.0
4.0,2.5784982389344626e-10,0.0,0.0,0.0,0.0,0.013888888888888888,0.0,0.0,0.0
1.0,100.0,0.00017249281095211525,0.0,0.0,0.0,0.013888888888888888,0.0,0.0,1.0
2.0,4.956989921586434e-08,0.0,0.0,0.0,0.0,0.013888888888888888,0.0,0.0,1.0
3.0,4.6603825785085344e-08,0.0,0.0,0.0,0.0,0.013888888888888888,0.0,0.0,1.0
4.0,2.539704169463548e-10,0.0,0.0,0.0,0.0,0.013888888888888888,0.0,0.0,0.0
1.0,100.0,0.0001724936536278688,0.0,0.0,0.0,0.013888888888888888,0.0,0.0,1.0
2.0,4.887348119959512e-08,0.0,0.0,0.0,0.0,0.013888888888888888,0.0,0.0,1.0
3.0,4.595368466966668e-08,0.0,0.0,0.0,0.0,0.013888888888888888,0.0,0.0,1.0
4.0,2.50904687712335e-10,0.0,0.0,0.0,0.0,0.013888888888888888,0.0,0.0,0.0
1.0,100.0,0.0001724944950934087,0.0,0.0,0.0,0.013888888888888888,0.0,0.0,1.0
2.0,4.820186517831051e-08,0.0,0.0,0.0,0.0,0.013888888888888888,0.0,0.0,1.0
3.0,4.532462590917388e-08,0.0,0.0,0.0,0.0,0.013888888888888888,0.0,0.0,1.0
4.0,2.474030535487141e-10,0.0,0.0,0.0,0.0,0.013888888888888888,0.0,0.0,0.0
1.0,100.0,0.00017249533531911562,0.0,0.0,0.0,0.013888888888888888,0.0,0.0,1.0
2.0,4.755521102769564e-08,0.0,0.0,0.0,0.0,0.013888888888888888,0.0,0.0,1.0
3.0,4.472034017581401e-08,0.0,0.0,0.0,0.0,0.013888888888888888,0.0,0.0,1.0
4.0,2.4345098392173457e-10,0.0,0.0,0.0,0.0,0.013888888888888888,0.0,0.0,0.0
1.0,100.0,0.00017249617429039265,0.0,0.0,0.0,0.013888888888888888,0.0,0.0,1.0
2.0,4.692899994458342e-08,0.0,0.0,0.0,0.0,0.013888888888888888,0.0,0.0,1.0
3.0,4.413473941935541e-08,0.0,0.0,0.0,0.0,0.013888888888888888,0.0,0.0,1.0
4.0,2.391792488388387e-10,0.0,0.0,0.0,0.0,0.013888888888888888,0.0,0.0,0.0
1.0,100.0,0.00017249701199139884,0.0,0.0,0.0,0.013888888888888888,0.0,0.0,1.0
2.0,4.632513540459234e-08,0.0,0.0,0.0,0.0,0.013888888888888888,0.0,0.0,1.0
3.0,4.3568564707524104e-08,0.0,0.0,0.0,0.0,0.013888888888888888,0.0,0.0,1.0
4.0,2.362733351444728e-10,0.0,0.0,0.0,0.0,0.013888888888888888,0.0,0.0,0.0
1.0,100.0,0.0001724978484074217,0.0,0.0,0.0,0.013888888888888888,0.0,0.0,1.0
2.0,4.574223709021338e-08,0.0,0.0,0.0,0.0,0.013888888888888888,0.0,0.0,1.0
3.0,4.3023704983751894e-08,0.0,0.0,0.0,0.0,0.013888888888888888,0.0,0.0,1.0
4.0,2.3282980570873928e-10,0.0,0.0,0.0,0.0,0.013888888888888888,0.0,0.0,0.0
1.0,100.0,0.00017249868352036614,0.0,0.0,0.0,0.013888888888888888,0.0,0.0,1.0
2.0,4.5176134906629573e-08,0.0,0.0,0.0,0.0,0.013888888888888888,0.0,0.0,1.0
3.0,4.249292430744983e-08,0.0,0.0,0.0,0.0,0.013888888888888888,0.0,0.0,1.0
4.0,2.2977858464443968e-10,0.0,0.0,0.0,0.0,0.013888888888888888,0.0,0.0,0.0
1.0,100.0,0.0001724995173156686,0.0,0.0,0.0,0.013888888888888888,0.0,0.0,1.0
2.0,4.463114431790118e-08,0.0,0.0,0.0,0.0,0.013888888888888888,0.0,0.0,1.0
3.0,4.1984257839104566e-08,0.0,0.0,0.0,0.0,0.013888888888888888,0.0,0.0,1.0
4.0,2.2755557486617378e-10,0.0,0.0,0.0,0.0,0.013888888888888888,0.0,0.0,0.0
1.0,100.0,0.00017250034978223938,0.0,0.0,0.0,0.013888888888888888,0.0,0.0,1.0
2.0,4.4101453324796294e-08,0.0,0.0,0.0,0.0,0.013888888888888888,0.0,0.0,1.0
3.0,4.148643026803633e-08,0.0,0.0,0.0,0.0,0.013888888888888888,0.0,0.0,1.0
4.0,2.2441716718154757e-10,0.0,0.0,0.0,0.0,0.013888888888888888,0.0,0.0,0.0
1.0,100.0,0.00017250118090445752,0.0,0.0,0.0,0.013888888888888888,0.0,0.0,1.0
2.0,4.359114491011861e-08,0.0,0.0,0.0,0.0,0.013888888888888888,0.0,0.0,1.0
3.0,4.100770923739068e-08,0.0,0.0,0.0,0.0,0.013888888888888888,0.0,0.0,1.0
4.0,2.2063943227474402e-10,0.0,0.0,0.0,0.0,0.013888888888888888,0.0,0.0,0.0
1.0,100.0,0.00017250201067188012,0.0,0.0,0.0,0.013888888888888888,0.0,0.0,1.0
2.0,4.3094247235507444e-08,0.0,0.0,0.0,0.0,0.013888888888888888,0.0,0.0,1.0
3.0,4.054223914874794e-08,0.0,0.0,0.0,0.0,0.013888888888888888,0.0,0.0,1.0
4.0,2.1789333056507945e-10,0.0,0.0,0.0,0.0,0.013888888888888888,0.0,0.0,0.0
1.0,100.0,0.0001725028390723565,0.0,0.0,0.0,0.013888888888888888,0.0,0.0,1.0
2.0,4.261379711612131e-08,0.0,0.0,0.0,0.0,0.013888888888888888,0.0,0.0,1.0
3.0,4.009256279310466e-08,0.0,0.0,0.0,0.0,0.013888888888888888,0.0,0.0,1.0
4.0,2.1558312911161343e-10,0.0,0.0,0.0,0.0,0.013888888888888888,0.0,0.0,0.0
1.0,100.0,0.0001725036660956839,0.0,0.0,0.0,0.013888888888888888,0.0,0.0,1.0
2.0,4.2146670605480466e-08,0.0,0.0,0.0,0.0,0.013888888888888888,0.0,0.0,1.0
3.0,3.965465535605774e-08,0.0,0.0,0.0,0.0,0.013888888888888888,0.0,0.0,1.0
4.0,2.1250282949649538e-10,0.0,0.0,0.0,0.0,0.013888888888888888,0.0,0.0,0.0
1.0,100.0,0.00017250449173131712,0.0,0.0,0.0,0.013888888888888888,0.0,0.0,1.0
2.0,4.1693507051175005e-08,0.0,0.0,0.0,0.0,0.013888888888888888,0.0,0.0,1.0
3.0,3.922957755625151e-08,0.0,0.0,0.0,0.0,0.013888888888888888,0.0,0.0,1.0
4.0,2.099165507503313e-10,0.0,0.0,0.0,0.0,0.013888888888888888,0.0,0.0,0.0
1.0,100.0,0.0001725053159693592,0.0,0.0,0.0,0.013888888888888888,0.0,0.0,1.0
2.0,4.125512016271294e-08,0.0,0.0,0.0,0.0,0.013888888888888888,0.0,0.0,1.0
3.0,3.881805592076364e-08,0.0,0.0,0.0,0.0,0.013888888888888888,0.0,0.0,1.0
4.0,2.063276912108893e-10,0.0,0.0,0.0,0.0,0.013888888888888888,0.0,0.0,0.0
1.0,100.0,0.00017250613880108857,0.0,0.0,0.0,0.013888888888888888,0.0,0.0,1.0
2.0,4.082924326394859e-08,0.0,0.0,0.0,0.0,0.013888888888888888,0.0,0.0,1.0
3.0,3.8418550277898735e-08,0.0,0.0,0.0,0.0,0.013888888888888888,0.0,0.0,1.0
4.0,2.0452603369845662e-10,0.0,0.0,0.0,0.0,0.013888888888888888,0.0,0.0,0.0
1.0,100.0,0.0001725069602177183,0.0,0.0,0.0,0.013888888888888888,0.0,0.0,1.0
2.0,4.041406010890337e-08,0.0,0.0,0.0,0.0,0.013888888888888888,0.0,0.0,1.0
3.0,3.803004353790142e-08,0.0,0.0,0.0,0.0,0.013888888888888888,0.0,0.0,1.0
4.0,2.0275343453175337e-10,0.0,0.0,0.0,0.0,0.013888888888888888,0.0,0.0,0.0
1.0,100.0,0.00017250778021136236,0.0,0.0,0.0,0.013888888888888888,0.0,0.0,1.0
2.0,4.001163399465403e-08,0.0,0.0,0.0,0.0,0.013888888888888888,0.0,0.0,1.0
3.0,3.765228870629473e-08,0.0,0.0,0.0,0.0,0.013888888888888888,0.0,0.0,1.0
4.0,2.0085006228019245e-10,0.0,0.0,0.0,0.0,0.013888888888888888,0.0,0.0,0.0
1.0,100.0,0.0001725085999369675,0.0,0.0,0.0,0.013888888888888888,0.0,0.0,1.0
2.0,3.961995978153503e-08,0.0,0.0,0.0,0.0,0.013888888888888888,0.0,0.0,1.0
3.0,3.728480630562759e-08,0.0,0.0,0.0,0.0,0.013888888888888888,0.0,0.0,1.0
4.0,1.9771162612222987e-10,0.0,0.0,0.0,0.0,0.013888888888888888,0.0,0.0,0.0
1.0,100.0,0.00017250942129393713,0.0,0.0,0.0,0.013888888888888888,0.0,0.0,1.0
2.0,3.923941527052999e-08,0.0,0.0,0.0,0.0,0.013888888888888888,0.0,0.0,1.0
3.0,3.6928816884509874e-08,0.0,0.0,0.0,0.0,0.013888888888888888,0.0,0.0,1.0
4.0,1.9679629950796823e-10,0.0,0.0,0.0,0.0,0.013888888888888888,0.0,0.0,0.0
1.0,100.0,0.00017251024115365844,0.0,0.0,0.0,0.013888888888888888,0.0,0.0,1.0
2.0,3.886831498133383e-08,0.0,0.0,0.0,0.0,0.013888888888888888,0.0,0.0,1.0
3.0,3.657974346258916e-08,0.0,0.0,0.0,0.0,0.013888888888888888,0.0,0.0,1.0
4.0,1.9351255704483134e-10,0.0,0.0,0.0,0.0,0.013888888888888888,0.0,0.0,0.0
1.0,100.0,0.00017251105951255133,0.0,0.0,0.0,0.013888888888888888,0.0,0.0,1.0
2.0,3.8508794862095296e-08,0.0,0.0,0.0,0.0,0.013888888888888888,0.0,0.0,1.0
3.0,3.624275878771658e-08,0.0,0.0,0.0,0.0,0.013888888888888888,0.0,0.0,1.0
4.0,1.9175447817591973e-10,0.0,0.0,0.0,0.0,0.013888888888888888,0.0,0.0,0.0
1.0,100.0,0.0001725118763637828,0.0,0.0,0.0,0.013888888888888888,0.0,0.0,1.0
2.0,3.815771641496214e-08,0.0,0.0,0.0,0.0,0.013888888888888888,0.0,0.0,1.0
3.0,3.5914709832155625e-08,0.0,0.0,0.0,0.0,0.013888888888888888,0.0,0.0,1.0
4.0,1.907955564843866e-10,0.0,0.0,0.0,0.0,0.013888888888888888,0.0,0.0,0.0
1.0,100.0,0.0001725126917039688,0.0,0.0,0.0,0.013888888888888888,0.0,0.0,1.0
2.0,3.781640189860226e-08,0.0,0.0,0.0,0.0,0.013888888888888888,0.0,0.0,1.0
3.0,3.559386751973637e-08,0.0,0.0,0.0,0.0,0.013888888888888888,0.0,0.0,1.0
4.0,1.8807848343268786e-10,0.0,0.0,0.0,0.0,0.013888888888888888,0.0,0.0,0.0
1.0,100.0,0.0001725135055290003,0.0,0.0,0.0,0.013888888888888888,0.0,0.0,1.0
2.0,3.748187264231129e-08,0.0,0.0,0.0,0.0,0.013888888888888888,0.0,0.0,1.0
3.0,3.5279098508648777e-08,0.0,0.0,0.0,0.0,0.013888888888888888,0.0,0.0,1.0
4.0,1.846930200854546e-10,0.0,0.0,0.0,0.0,0.013888888888888888,0.0,0.0,0.0
1.0,100.0,0.0001725143178351967,0.0,0.0,0.0,0.013888888888888888,0.0,0.0,1.0
2.0,3.715736888686488e-08,0.0,0.0,0.0,0.0,0.013888888888888888,0.0,0.0,1.0
3.0,3.497531400907669e-08,0.0,0.0,0.0,0.0,0.013888888888888888,0.0,0.0,1.0
4.0,1.8396657639262435e-10,0.0,0.0,0.0,0.0,0.013888888888888888,0.0,0.0,0.0
1.0,100.0,0.00017251512861790597,0.0,0.0,0.0,0.013888888888888888,0.0,0.0,1.0
2.0,3.68413649775041e-08,0.0,0.0,0.0,0.0,0.013888888888888888,0.0,0.0,1.0
3.0,3.4679186624411806e-08,0.0,0.0,0.0,0.0,0.013888888888888888,0.0,0.0,1.0
4.0,1.8161275133837948e-10,0.0,0.0,0.0,0.0,0.013888888888888888,0.0,0.0,0.0
1.0,100.0,0.00017251593787552744,0.0,0.0,0.0,0.013888888888888888,0.0,0.0,1.0
2.0,3.653201559297416e-08,0.0,0.0,0.0,0.0,0.013888888888888888,0.0,0.0,1.0
3.0,3.438837700591474e-08,0.0,0.0,0.0,0.0,0.013888888888888888,0.0,0.0,1.0
4.0,1.7953499780741643e-10,0.0,0.0,0.0,0.0,0.013888888888888888,0.0,0.0,0.0
1.0,100.0,0.00017251674560368776,0.0,0.0,0.0,0.013888888888888888,0.0,0.0,1.0
2.0,3.623251738609257e-08,0.0,0.0,0.0,0.0,0.013888888888888888,0.0,0.0,1.0
3.0,3.4107709186369106e-08,0.0,0.0,0.0,0.0,0.013888888888888888,0.0,0.0,1.0
4.0,1.7786408784267606e-10,0.0,0.0,0.0,0.0,0.013888888888888888,0.0,0.0,0.0
1.0,100.0,0.00017251755180085307,0.0,0.0,0.0,0.013888888888888888,0.0,0.0,1.0
2.0,3.5939252351206094e-08,0.0,0.0,0.0,0.0,0.013888888888888888,0.0,0.0,1.0
3.0,3.383279505974995e-08,0.0,0.0,0.0,0.0,0.013888888888888888,0.0,0.0,1.0
4.0,1.760333441772959e-10,0.0,0.0,0.0,0.0,0.013888888888888888,0.0,0.0,0.0
1.0,100.0,0.00017251835646294602,0.0,0.0,0.0,0.013888888888888888,0.0,0.0,1.0
2.0,3.565139227639379e-08,0.0,0.0,0.0,0.0,0.013888888888888888,0.0,0.0,1.0
3.0,3.3562443158382845e-08,0.0,0.0,0.0,0.0,0.013888888888888888,0.0,0.0,1.0
4.0,1.7458038416023354e-10,0.0,0.0,0.0,0.0,0.013888888888888888,0.0,0.0,0.0
1.0,100.0,0.00017251915958810428,0.0,0.0,0.0,0.013888888888888888,0.0,0.0,1.0
2.0,3.5372903916934216e-08,0.0,0.0,0.0,0.0,0.013888888888888888,0.0,0.0,1.0
3.0,3.3300591176079634e-08,0.0,0.0,0.0,0.0,0.013888888888888888,0.0,0.0,1.0
4.0,1.715726905922822e-10,0.0,0.0,0.0,0.0,0.013888888888888888,0.0,0.0,0.0
1.0,100.0,0.0001725198713570399,0.0,0.0,0.0,0.013888888888888888,0.0,0.0,1.0
2.0,1.2376787991804854e-07,0.0,0.0,0.0,0.0,0.013888888888888888,0.0,0.0,1.0
3.0,1.158983105565801e-07,0.0,0.0,0.0,0.0,0.013888888888888888,0.0,0.0,1.0
4.0,6.633337775915724e-10,0.0,0.0,0.0,0.0,0.013888888888888888,0.0,0.0,0.0
1.0,100.0,0.00017252058258978014,0.0,0.0,0.0,0.013888888888888888,0.0,0.0,1.0
2.0,1.21623524123005e-07,0.0,0.0,0.0,0.0,0.013888888888888888,0.0,0.0,1.0
3.0,1.1385111000906012e-07,0.0,0.0,0.0,0.0,0.013888888888888888,0.0,0.0,1.0
4.0,6.550522549361582e-10,0.0,0.0,0.0,0.0,0.013888888888888888,0.0,0.0,0.0
1.0,100.0,0.00017252129716145584,0.0,0.0,0.0,0.013888888888888888,0.0,0.0,1.0
2.0,1.1595725761879614e-07,0.0,0.0,0.0,0.0,0.013888888888888888,0.0,0.0,1.0
3.0,1.0848341767052535e-07,0.0,0.0,0.0,0.0,0.013888888888888888,0.0,0.0,1.0
4.0,6.243940961137647e-10,0.0,0.0,0.0,0.0,0.013888888888888888,0.0,0.0,0.0
1.0,100.0,0.00017252201470740084,0.0,0.0,0.0,0.013888888888888888,0.0,0.0,1.0
2.0,1.1053694360010078e-07,0.0,0.0,0.0,0.0,0.013888888888888888,0.0,0.0,1.0
3.0,1.0344158065538475e-07,0.0,0.0,0.0,0.0,0.013888888888888888,0.0,0.0,1.0
4.0,5.96685495931084e-10,0.0,0.0,0.0,0.0,0.013888888888888888,0.0,0.0,0.0
1.0,100.0,0.00017252273489537813,0.0,0.0,0.0,0.013888888888888888,0.0,0.0,1.0
2.0,1.0544627813187572e-07,0.0,0.0,0.0,0.0,0.013888888888888888,0.0,0.0,1.0
3.0,9.875317925399482e-08,0.0,0.0,0.0,0.0,0.013888888888888888,0.0,0.0,1.0
4.0,5.698050465862619e-10,0.0,0.0,0.0,0.0,0.013888888888888888,0.0,0.0,0.0
1.0,100.0,0.00017252345742126875,0.0,0.0,0.0,0.013888888888888888,0.0,0.0,1.0
2.0,1.0069672735154815e-07,0.0,0.0,0.0,0.0,0.013888888888888888,0.0,0.0,1.0
3.0,9.440888676060424e-08,0.0,0.0,0.0,0.0,0.013888888888888888,0.0,0.0,1.0
4.0,5.445083300452624e-10,0.0,0.0,0.0,0.0,0.013888888888888888,0.0,0.0,0.0
1.0,100.0,0.00017252418201015238,0.0,0.0,0.0,0.013888888888888888,0.0,0.0,1.0
2.0,9.627403865527808e-08,0.0,0.0,0.0,0.0,0.013888888888888888,0.0,0.0,1.0
3.0,9.03755030034562e-08,0.0,0.0,0.0,0.0,0.013888888888888888,0.0,0.0,1.0
4.0,5.21710763857702e-10,0.0,0.0,0.0,0.0,0.013888888888888888,0.0,0.0,0.0
1.0,100.0,0.00017252491381840326,0.0,0.0,0.0,0.013888888888888888,0.0,0.0,1.0
2.0,9.216089337019853e-08,0.0,0.0,0.0,0.0,0.013888888888888888,0.0,0.0,1.0
3.0,8.663130653241887e-08,0.0,0.0,0.0,0.0,0.013888888888888888,0.0,0.0,1.0
4.0,5.006713114248243e-10,0.0,0.0,0.0,0.0,0.013888888888888888,0.0,0.0,0.0
1.0,100.0,0.00017252564706317545,0.0,0.0,0.0,0.013888888888888888,0.0,0.0,1.0
2.0,8.833758968426213e-08,0.0,0.0,0.0,0.0,0.013888888888888888,0.0,0.0,1.0
3.0,8.31520183860112e-08,0.0,0.0,0.0,0.0,0.013888888888888888,0.0,0.0,1.0
4.0,4.796608702181301e-10,0.0,0.0,0.0,0.0,0.013888888888888888,0.0,0.0,0.0
1.0,100.0,0.00017252638134800062,0.0,0.0,0.0,0.013888888888888888,0.0,0.0,1.0
2.0,8.477806133723324e-08,0.0,0.0,0.0,0.0,0.013888888888888888,0.0,0.0,1.0
3.0,7.991250214748325e-08,0.0,0.0,0.0,0.0,0.013888888888888888,0.0,0.0,1.0
4.0,4.615128602939538e-10,0.0,0.0,0.0,0.0,0.013888888888888888,0.0,0.0,0.0
1.0,100.0,0.00017252711650841707,0.0,0.0,0.0,0.013888888888888888,0.0,0.0,1.0
2.0,8.146408829962097e-08,0.0,0.0,0.0,0.0,0.013888888888888888,0.0,0.0,1.0
3.0,7.689110853300527e-08,0.0,0.0,0.0,0.0,0.013888888888888888,0.0,0.0,1.0
4.0,4.4417851026311084e-10,0.0,0.0,0.0,0.0,0.013888888888888888,0.0,0.0,0.0
1.0,100.0,0.00017252785239466086,0.0,0.0,0.0,0.013888888888888888,0.0,0.0,1.0
2.0,7.837534351401077e-08,0.0,0.0,0.0,0.0,0.013888888888888888,0.0,0.0,1.0
3.0,7.407114298541321e-08,0.0,0.0,0.0,0.0,0.013888888888888888,0.0,0.0,1.0
4.0,4.2765782388687647e-10,0.0,0.0,0.0,0.0,0.013888888888888888,0.0,0.0,0.0
1.0,100.0,0.0001725285888692026,0.0,0.0,0.0,0.013888888888888888,0.0,0.0,1.0
2.0,7.549155792433329e-08,0.0,0.0,0.0,0.0,0.013888888888888888,0.0,0.0,1.0
3.0,7.143354239200637e-08,0.0,0.0,0.0,0.0,0.013888888888888888,0.0,0.0,1.0
4.0,4.1206704771746354e-10,0.0,0.0,0.0,0.0,0.013888888888888888,0.0,0.0,0.0
1.0,100.0,0.00017252932580382038,0.0,0.0,0.0,0.013888888888888888,0.0,0.0,1.0
2.0,7.27956445198103e-08,0.0,0.0,0.0,0.0,0.013888888888888888,0.0,0.0,1.0
3.0,6.89621496161622e-08,0.0,0.0,0.0,0.0,0.013888888888888888,0.0,0.0,1.0
4.0,3.9782756662699506e-10,0.0,0.0,0.0,0.0,0.013888888888888888,0.0,0.0,0.0
1.0,100.0,0.00017253006308401444,0.0,0.0,0.0,0.013888888888888888,0.0,0.0,1.0
2.0,7.027356758130887e-08,0.0,0.0,0.0,0.0,0.013888888888888888,0.0,0.0,1.0
3.0,6.664561699818641e-08,0.0,0.0,0.0,0.0,0.013888888888888888,0.0,0.0,1.0
4.0,3.8405303037889234e-10,0.0,0.0,0.0,0.0,0.013888888888888888,0.0,0.0,0.0
1.0,100.0,0.00017253080060089252,0.0,0.0,0.0,0.013888888888888888,0.0,0.0,1.0
2.0,6.790941688963762e-08,0.0,0.0,0.0,0.0,0.013888888888888888,0.0,0.0,1.0
3.0,6.446871719270273e-08,0.0,0.0,0.0,0.0,0.013888888888888888,0.0,0.0,1.0
4.0,3.712955967337928e-10,0.0,0.0,0.0,0.0,0.013888888888888888,0.0,0.0,0.0
1.0,100.0,0.00017253153825566123,0.0,0.0,0.0,0.013888888888888888,0.0,0.0,1.0
2.0,6.5691278015084e-08,0.0,0.0,0.0,0.0,0.013888888888888888,0.0,0.0,1.0
3.0,6.242247086395794e-08,0.0,0.0,0.0,0.0,0.013888888888888888,0.0,0.0,1.0
4.0,3.593809037703391e-10,0.0,0.0,0.0,0.0,0.013888888888888888,0.0,0.0,0.0
1.0,100.0,0.00017253227595729687,0.0,0.0,0.0,0.013888888888888888,0.0,0.0,1.0
2.0,6.360626292882862e-08,0.0,0.0,0.0,0.0,0.013888888888888888,0.0,0.0,1.0
3.0,6.049377198412781e-08,0.0,0.0,0.0,0.0,0.013888888888888888,0.0,0.0,1.0
4.0,3.4775679773531717e-10,0.0,0.0,0.0,0.0,0.013888888888888888,0.0,0.0,0.0
1.0,100.0,0.0001725330136193002,0.0,0.0,0.0,0.013888888888888888,0.0,0.0,1.0
2.0,6.164305283109682e-08,0.0,0.0,0.0,0.0,0.013888888888888888,0.0,0.0,1.0
3.0,5.867202823467487e-08,0.0,0.0,0.0,0.0,0.013888888888888888,0.0,0.0,1.0
4.0,3.3643781046696216e-10,0.0,0.0,0.0,0.0,0.013888888888888888,0.0,0.0,0.0
1.0,100.0,0.00017253375116468853,0.0,0.0,0.0,0.013888888888888888,0.0,0.0,1.0
2.0,5.979653337346163e-08,0.0,0.0,0.0,0.0,0.013888888888888888,0.0,0.0,1.0
3.0,5.695648436461222e-08,0.0,0.0,0.0,0.0,0.013888888888888888,0.0,0.0,1.0
4.0,3.2609234397931213e-10,0.0,0.0,0.0,0.0,0.013888888888888888,0.0,0.0,0.0
1.0,100.0,0.00017253448851894135,0.0,0.0,0.0,0.013888888888888888,0.0,0.0,1.0
2.0,5.8052145377796334e-08,0.0,0.0,0.0,0.0,0.013888888888888888,0.0,0.0,1.0
3.0,5.53321307241841e-08,0.0,0.0,0.0,0.0,0.013888888888888888,0.0,0.0,1.0
4.0,3.175922282878283e-10,0.0,0.0,0.0,0.0,0.013888888888888888,0.0,0.0,0.0
1.0,100.0,0.00017253522561552393,0.0,0.0,0.0,0.013888888888888888,0.0,0.0,1.0
2.0,5.64040333633374e-08,0.0,0.0,0.0,0.0,0.013888888888888888,0.0,0.0,1.0
3.0,5.379425971260459e-08,0.0,0.0,0.0,0.0,0.013888888888888888,0.0,0.0,1.0
4.0,3.075228075861088e-10,0.0,0.0,0.0,0.0,0.013888888888888888,0.0,0.0,0.0
1.0,100.0,0.0001725359623904214,0.0,0.0,0.0,0.013888888888888888,0.0,0.0,1.0
2.0,5.4846472595014664e-08,0.0,0.0,0.0,0.0,0.013888888888888888,0.0,0.0,1.0
3.0,5.233819276543533e-08,0.0,0.0,0.0,0.0,0.013888888888888888,0.0,0.0,1.0
4.0,2.990953147416804e-10,0.0,0.0,0.0,0.0,0.013888888888888888,0.0,0.0,0.0
1.0,100.0,0.00017253669878538233,0.0,0.0,0.0,0.013888888888888888,0.0,0.0,1.0
2.0,5.3371282659473356e-08,0.0,0.0,0.0,0.0,0.013888888888888888,0.0,0.0,1.0
3.0,5.0954717784213187e-08,0.0,0.0,0.0,0.0,0.013888888888888888,0.0,0.0,1.0
4.0,2.902754853582728e-10,0.0,0.0,0.0,0.0,0.013888888888888888,0.0,0.0,0.0
1.0,100.0,0.00017253743474476837,0.0,0.0,0.0,0.013888888888888888,0.0,0.0,1.0
2.0,5.1971925058625866e-08,0.0,0.0,0.0,0.0,0.013888888888888888,0.0,0.0,1.0
3.0,4.964261440957891e-08,0.0,0.0,0.0,0.0,0.013888888888888888,0.0,0.0,1.0
4.0,2.818915572883811e-10,0.0,0.0,0.0,0.0,0.013888888888888888,0.0,0.0,0.0
1.0,100.0,0.00017253817021792346,0.0,0.0,0.0,0.013888888888888888,0.0,0.0,1.0
2.0,5.064308183151137e-08,0.0,0.0,0.0,0.0,0.013888888888888888,0.0,0.0,1.0
3.0,4.839336795869711e-08,0.0,0.0,0.0,0.0,0.013888888888888888,0.0,0.0,1.0
4.0,2.751640937659118e-10,0.0,0.0,0.0,0.0,0.013888888888888888,0.0,0.0,0.0
1.0,100.0,0.00017253890515639577,0.0,0.0,0.0,0.013888888888888888,0.0,0.0,1.0
2.0,4.938052478451956e-08,0.0,0.0,0.0,0.0,0.013888888888888888,0.0,0.0,1.0
3.0,4.720450841305591e-08,0.0,0.0,0.0,0.0,0.013888888888888888,0.0,0.0,1.0
4.0,2.68465680936181e-10,0.0,0.0,0.0,0.0,0.013888888888888888,0.0,0.0,0.0
1.0,100.0,0.00017253963951646649,0.0,0.0,0.0,0.013888888888888888,0.0,0.0,1.0
2.0,4.818059239693729e-08,0.0,0.0,0.0,0.0,0.013888888888888888,0.0,0.0,1.0
3.0,4.607230158641866e-08,0.0,0.0,0.0,0.0,0.013888888888888888,0.0,0.0,1.0
4.0,2.6112791539974643e-10,0.0,0.0,0.0,0.0,0.013888888888888888,0.0,0.0,0.0
1.0,100.0,0.00017254037325477775,0.0,0.0,0.0,0.013888888888888888,0.0,0.0,1.0
2.0,4.703819914158596e-08,0.0,0.0,0.0,0.0,0.013888888888888888,0.0,0.0,1.0
3.0,4.499272266735862e-08,0.0,0.0,0.0,0.0,0.013888888888888888,0.0,0.0,1.0
4.0,2.5461837940431117e-10,0.0,0.0,0.0,0.0,0.013888888888888888,0.0,0.0,0.0
1.0,100.0,0.00017254110633356523,0.0,0.0,0.0,0.013888888888888888,0.0,0.0,1.0
2.0,4.5949697996759504e-08,0.0,0.0,0.0,0.0,0.013888888888888888,0.0,0.0,1.0
3.0,4.3963228944227074e-08,0.0,0.0,0.0,0.0,0.013888888888888888,0.0,0.0,1.0
4.0,2.488208302957247e-10,0.0,0.0,0.0,0.0,0.013888888888888888,0.0,0.0,0.0
1.0,100.0,0.00017254183871573894,0.0,0.0,0.0,0.013888888888888888,0.0,0.0,1.0
2.0,4.491087523637435e-08,0.0,0.0,0.0,0.0,0.013888888888888888,0.0,0.0,1.0
3.0,4.2979069052710545e-08,0.0,0.0,0.0,0.0,0.013888888888888888,0.0,0.0,1.0
4.0,2.4271813167233277e-10,0.0,0.0,0.0,0.0,0.013888888888888888,0.0,0.0,0.0
1.0,100.0,0.00017254257036810922,0.0,0.0,0.0,0.013888888888888888,0.0,0.0,1.0
2.0,4.3919536866576906e-08,0.0,0.0,0.0,0.0,0.013888888888888888,0.0,0.0,1.0
3.0,4.203879004807729e-08,0.0,0.0,0.0,0.0,0.013888888888888888,0.0,0.0,1.0
4.0,2.368479135363622e-10,0.0,0.0,0.0,0.0,0.013888888888888888,0.0,0.0,0.0
1.0,100.0,0.00017254330125492234,0.0,0.0,0.0,0.013888888888888888,0.0,0.0,1.0
2.0,4.2971512729093826e-08,0.0,0.0,0.0,0.0,0.013888888888888888,0.0,0.0,1.0
3.0,4.113810552028755e-08,0.0,0.0,0.0,0.0,0.013888888888888888,0.0,0.0,1.0
4.0,2.3064348485331211e-10,0.0,0.0,0.0,0.0,0.013888888888888888,0.0,0.0,0.0
1.0,100.0,0.00017254403134752086,0.0,0.0,0.0,0.013888888888888888,0.0,0.0,1.0
2.0,4.206498660410739e-08,0.0,0.0,0.0,0.0,0.013888888888888888,0.0,0.0,1.0
3.0,4.027679760401686e-08,0.0,0.0,0.0,0.0,0.013888888888888888,0.0,0.0,1.0
4.0,2.2621177671546874e-10,0.0,0.0,0.0,0.0,0.013888888888888888,0.0,0.0,0.0
1.0,100.0,0.00017254476061691936,0.0,0.0,0.0,0.013888888888888888,0.0,0.0,1.0
2.0,4.119575925129059e-08,0.0,0.0,0.0,0.0,0.013888888888888888,0.0,0.0,1.0
3.0,3.944956273108978e-08,0.0,0.0,0.0,0.0,0.013888888888888888,0.0,0.0,1.0
4.0,2.2077745336814623e-10,0.0,0.0,0.0,0.0,0.013888888888888888,0.0,0.0,0.0
1.0,100.0,0.00017254548903899416,0.0,0.0,0.0,0.013888888888888888,0.0,0.0,1.0
2.0,4.0363075165141676e-08,0.0,0.0,0.0,0.0,0.013888888888888888,0.0,0.0,1.0
3.0,3.8656081307186783e-08,0.0,0.0,0.0,0.0,0.013888888888888888,0.0,0.0,1.0
4.0,2.1466018619225989e-10,0.0,0.0,0.0,0.0,0.013888888888888888,0.0,0.0,0.0
1.0,100.0,0.00017254621658361585,0.0,0.0,0.0,0.013888888888888888,0.0,0.0,1.0
2.0,3.956652756960982e-08,0.0,0.0,0.0,0.0,0.013888888888888888,0.0,0.0,1.0
3.0,3.789750132327037e-08,0.0,0.0,0.0,0.0,0.013888888888888888,0.0,0.0,1.0
4.0,2.1136184464267595e-10,0.0,0.0,0.0,0.0,0.013888888888888888,0.0,0.0,0.0
1.0,100.0,0.00017254694322917642,0.0,0.0,0.0,0.013888888888888888,0.0,0.0,1.0
2.0,3.879997010250249e-08,0.0,0.0,0.0,0.0,0.013888888888888888,0.0,0.0,1.0
3.0,3.716532245887368e-08,0.0,0.0,0.0,0.0,0.013888888888888888,0.0,0.0,1.0
4.0,2.0681386798381496e-10,0.0,0.0,0.0,0.0,0.013888888888888888,0.0,0.0,0.0
1.0,100.0,0.00017254766895418632,0.0,0.0,0.0,0.013888888888888888,0.0,0.0,1.0
2.0,3.8065669602405466e-08,0.0,0.0,0.0,0.0,0.013888888888888888,0.0,0.0,1.0
3.0,3.646461595143127e-08,0.0,0.0,0.0,0.0,0.013888888888888888,0.0,0.0,1.0
4.0,2.0168466200395094e-10,0.0,0.0,0.0,0.0,0.013888888888888888,0.0,0.0,0.0
1.0,100.0,0.00017254839373511468,0.0,0.0,0.0,0.013888888888888888,0.0,0.0,1.0
2.0,3.735884556781753e-08,0.0,0.0,0.0,0.0,0.013888888888888888,0.0,0.0,1.0
3.0,3.578869778854871e-08,0.0,0.0,0.0,0.0,0.013888888888888888,0.0,0.0,1.0
4.0,1.9768883706058158e-10,0.0,0.0,0.0,0.0,0.013888888888888888,0.0,0.0,0.0
1.0,100.0,0.00017254911755354177,0.0,0.0,0.0,0.013888888888888888,0.0,0.0,1.0
2.0,3.6680035689135924e-08,0.0,0.0,0.0,0.0,0.013888888888888888,0.0,0.0,1.0
3.0,3.514000916577705e-08,0.0,0.0,0.0,0.0,0.013888888888888888,0.0,0.0,1.0
4.0,1.9405627256083633e-10,0.0,0.0,0.0,0.0,0.013888888888888888,0.0,0.0,0.0
1.0,100.0,0.00017254984039165736,0.0,0.0,0.0,0.013888888888888888,0.0,0.0,1.0
2.0,3.602623218580218e-08,0.0,0.0,0.0,0.0,0.013888888888888888,0.0,0.0,1.0
3.0,3.451379862692756e-08,0.0,0.0,0.0,0.0,0.013888888888888888,0.0,0.0,1.0
4.0,1.8963905054122193e-10,0.0,0.0,0.0,0.0,0.013888888888888888,0.0,0.0,0.0
1.0,100.0,0.00017255056223011917,0.0,0.0,0.0,0.013888888888888888,0.0,0.0,1.0
2.0,3.539586580168366e-08,0.0,0.0,0.0,0.0,0.013888888888888888,0.0,0.0,1.0
3.0,3.391057479056761e-08,0.0,0.0,0.0,0.0,0.013888888888888888,0.0,0.0,1.0
4.0,1.8668941631259543e-10,0.0,0.0,0.0,0.0,0.013888888888888888,0.0,0.0,0.0
1.0,100.0,0.0001725512830514986,0.0,0.0,0.0,0.013888888888888888,0.0,0.0,1.0
2.0,3.478895111467437e-08,0.0,0.0,0.0,0.0,0.013888888888888888,0.0,0.0,1.0
3.0,3.332956757942856e-08,0.0,0.0,0.0,0.0,0.013888888888888888,0.0,0.0,1.0
4.0,1.8311496156798875e-10,0.0,0.0,0.0,0.0,0.013888888888888888,0.0,0.0,0.0
1.0,100.0,0.00017255200284238656,0.0,0.0,0.0,0.013888888888888888,0.0,0.0,1.0
2.0,3.420298890165791e-08,0.0,0.0,0.0,0.0,0.013888888888888888,0.0,0.0,1.0
3.0,3.276791450231976e-08,0.0,0.0,0.0,0.0,0.013888888888888888,0.0,0.0,1.0
4.0,1.7916270636157037e-10,0.0,0.0,0.0,0.0,0.013888888888888888,0.0,0.0,0.0
1.0,100.0,0.00017255272158602539,0.0,0.0,0.0,0.013888888888888888,0.0,0.0,1.0
2.0,3.3638269816666e-08,0.0,0.0,0.0,0.0,0.013888888888888888,0.0,0.0,1.0
3.0,3.222581902680468e-08,0.0,0.0,0.0,0.0,0.013888888888888888,0.0,0.0,1.0
4.0,1.7465828263837633e-10,0.0,0.0,0.0,0.0,0.013888888888888888,0.0,0.0,0.0
1.0,100.0,0.000172553439268062,0.0,0.0,0.0,0.013888888888888888,0.0,0.0,1.0
2.0,3.3092439935523254e-08,0.0,0.0,0.0,0.0,0.013888888888888888,0.0,0.0,1.0
3.0,3.170258371958712e-08,0.0,0.0,0.0,0.0,0.013888888888888888,0.0,0.0,1.0
4.0,1.722172059274671e-10,0.0,0.0,0.0,0.0,0.013888888888888888,0.0,0.0,0.0
1.0,100.0,0.00017255415587587926,0.0,0.0,0.0,0.013888888888888888,0.0,0.0,1.0
2.0,3.2567664361495434e-08,0.0,0.0,0.0,0.0,0.013888888888888888,0.0,0.0,1.0
3.0,3.11992402925765e-08,0.0,0.0,0.0,0.0,0.013888888888888888,0.0,0.0,1.0
4.0,1.6867179691096863e-10,0.0,0.0,0.0,0.0,0.013888888888888888,0.0,0.0,0.0
1.0,100.0,0.00017255487139653105,0.0,0.0,0.0,0.013888888888888888,0.0,0.0,1.0
2.0,3.2057215438250763e-08,0.0,0.0,0.0,0.0,0.013888888888888888,0.0,0.0,1.0
3.0,3.070933717000893e-08,0.0,0.0,0.0,0.0,0.013888888888888888,0.0,0.0,1.0
4.0,1.6604181562004786e-10,0.0,0.0,0.0,0.0,0.013888888888888888,0.0,0.0,0.0
1.0,100.0,0.00017255558581712034,0.0,0.0,0.0,0.013888888888888888,0.0,0.0,1.0
2.0,3.156507459604973e-08,0.0,0.0,0.0,0.0,0.013888888888888888,0.0,0.0,1.0
3.0,3.023762590572412e-08,0.0,0.0,0.0,0.0,0.013888888888888888,0.0,0.0,1.0
4.0,1.6354260743490197e-10,0.0,0.0,0.0,0.0,0.013888888888888888,0.0,0.0,0.0
1.0,100.0,0.0001725562991291177,0.0,0.0,0.0,0.013888888888888888,0.0,0.0,1.0
2.0,3.1089134920527837e-08,0.0,0.0,0.0,0.0,0.013888888888888888,0.0,0.0,1.0
3.0,2.9779471248491663e-08,0.0,0.0,0.0,0.0,0.013888888888888888,0.0,0.0,1.0
4.0,1.5925612435310462e-10,0.0,0.0,0.0,0.0,0.013888888888888888,0.0,0.0,0.0
1.0,100.0,0.0001725570113184558,0.0,0.0,0.0,0.013888888888888888,0.0,0.0,1.0
2.0,3.0628088680213775e-08,0.0,0.0,0.0,0.0,0.013888888888888888,0.0,0.0,1.0
3.0,2.9337939196181594e-08,0.0,0.0,0.0,0.0,0.013888888888888888,0.0,0.0,1.0
4.0,1.5732360641472676e-10,0.0,0.0,0.0,0.0,0.013888888888888888,0.0,0.0,0.0
1.0,100.0,0.00017255772237725398,0.0,0.0,0.0,0.013888888888888888,0.0,0.0,1.0
2.0,3.0181499981590246e-08,0.0,0.0,0.0,0.0,0.013888888888888888,0.0,0.0,1.0
3.0,2.8909004779053493e-08,0.0,0.0,0.0,0.0,0.013888888888888888,0.0,0.0,1.0
4.0,1.549115739011602e-10,0.0,0.0,0.0,0.0,0.013888888888888888,0.0,0.0,0.0
1.0,100.0,0.00017255843229395008,0.0,0.0,0.0,0.013888888888888888,0.0,0.0,1.0
2.0,2.9747814066996236e-08,0.0,0.0,0.0,0.0,0.013888888888888888,0.0,0.0,1.0
3.0,2.8492435529277412e-08,0.0,0.0,0.0,0.0,0.013888888888888888,0.0,0.0,1.0
4.0,1.52819213983081e-10,0.0,0.0,0.0,0.0,0.013888888888888888,0.0,0.0,0.0
1.0,100.0,0.00017255914106231452,0.0,0.0,0.0,0.013888888888888888,0.0,0.0,1.0
2.0,2.932912337904815e-08,0.0,0.0,0.0,0.0,0.013888888888888888,0.0,0.0,1.0
3.0,2.8090164050917676e-08,0.0,0.0,0.0,0.0,0.013888888888888888,0.0,0.0,1.0
4.0,1.4918659869053952e-10,0.0,0.0,0.0,0.0,0.013888888888888888,0.0,0.0,0.0
1.0,100.0,0.00017255984867100017,0.0,0.0,0.0,0.013888888888888888,0.0,0.0,1.0
2.0,2.8920981549717463e-08,0.0,0.0,0.0,0.0,0.013888888888888888,0.0,0.0,1.0
3.0,2.769768585205663e-08,0.0,0.0,0.0,0.0,0.013888888888888888,0.0,0.0,1.0
4.0,1.4723954082275953e-10,0.0,0.0,0.0,0.0,0.013888888888888888,0.0,0.0,0.0
1.0,100.0,0.0001725605551136264,0.0,0.0,0.0,0.013888888888888888,0.0,0.0,1.0
2.0,2.8527689685910243e-08,0.0,0.0,0.0,0.0,0.013888888888888888,0.0,0.0,1.0
3.0,2.7319694367384703e-08,0.0,0.0,0.0,0.0,0.013888888888888888,0.0,0.0,1.0
4.0,1.434761433130069e-10,0.0,0.0,0.0,0.0,0.013888888888888888,0.0,0.0,0.0
1.0,100.0,0.00017256126038170679,0.0,0.0,0.0,0.013888888888888888,0.0,0.0,1.0
2.0,2.8143115853037606e-08,0.0,0.0,0.0,0.0,0.013888888888888888,0.0,0.0,1.0
3.0,2.6950057661628044e-08,0.0,0.0,0.0,0.0,0.013888888888888888,0.0,0.0,1.0
4.0,1.4263341451833815e-10,0.0,0.0,0.0,0.0,0.013888888888888888,0.0,0.0,0.0
1.0,100.0,0.00017256196446900304,0.0,0.0,0.0,0.013888888888888888,0.0,0.0,1.0
2.0,2.7772258632252158e-08,0.0,0.0,0.0,0.0,0.013888888888888888,0.0,0.0,1.0
3.0,2.6593323863204288e-08,0.0,0.0,0.0,0.0,0.013888888888888888,0.0,0.0,1.0
4.0,1.3902984938004528e-10,0.0,0.0,0.0,0.0,0.013888888888888888,0.0,0.0,0.0
1.0,100.0,0.0001725626673674211,0.0,0.0,0.0,0.013888888888888888,0.0,0.0,1.0
2.0,2.7408550160779075e-08,0.0,0.0,0.0,0.0,0.013888888888888888,0.0,0.0,1.0
3.0,2.6243898666237263e-08,0.0,0.0,0.0,0.0,0.013888888888888888,0.0,0.0,1.0
4.0,1.3786744160372385e-10,0.0,0.0,0.0,0.0,0.013888888888888888,0.0,0.0,0.0
1.0,100.0,0.00017256336907063626,0.0,0.0,0.0,0.013888888888888888,0.0,0.0,1.0
2.0,2.7057512126762517e-08,0.0,0.0,0.0,0.0,0.013888888888888888,0.0,0.0,1.0
3.0,2.5907405473844837e-08,0.0,0.0,0.0,0.0,0.013888888888888888,0.0,0.0,1.0
4.0,1.3671956325156166e-10,0.0,0.0,0.0,0.0,0.013888888888888888,0.0,0.0,0.0
1.0,100.0,0.00017256406957310872,0.0,0.0,0.0,0.013888888888888888,0.0,0.0,1.0
2.0,2.6716165750370734e-08,0.0,0.0,0.0,0.0,0.013888888888888888,0.0,0.0,1.0
3.0,2.557768327700245e-08,0.0,0.0,0.0,0.0,0.013888888888888888,0.0,0.0,1.0
4.0,1.3436563328733194e-10,0.0,0.0,0.0,0.0,0.013888888888888888,0.0,0.0,0.0
1.0,100.0,0.0001725647688691579,0.0,0.0,0.0,0.013888888888888888,0.0,0.0,1.0
2.0,2.638352295749629e-08,0.0,0.0,0.0,0.0,0.013888888888888888,0.0,0.0,1.0
3.0,2.525845195553613e-08,0.0,0.0,0.0,0.0,0.013888888888888888,0.0,0.0,1.0
4.0,1.3205529344110406e-10,0.0,0.0,0.0,0.0,0.013888888888888888,0.0,0.0,0.0
1.0,100.0,0.0001725654669531442,0.0,0.0,0.0,0.013888888888888888,0.0,0.0,1.0
2.0,2.606003421527546e-08,0.0,0.0,0.0,0.0,0.013888888888888888,0.0,0.0,1.0
3.0,2.4946936154588672e-08,0.0,0.0,0.0,0.0,0.013888888888888888,0.0,0.0,1.0
4.0,1.2970135936808712e-10,0.0,0.0,0.0,0.0,0.013888888888888888,0.0,0.0,0.0
1.0,100.0,0.00017256616381948613,0.0,0.0,0.0,0.013888888888888888,0.0,0.0,1.0
2.0,2.5745350800306668e-08,0.0,0.0,0.0,0.0,0.013888888888888888,0.0,0.0,1.0
3.0,2.4644400061448562e-08,0.0,0.0,0.0,0.0,0.013888888888888888,0.0,0.0,1.0
4.0,1.2696962398819527e-10,0.0,0.0,0.0,0.0,0.013888888888888888,0.0,0.0,0.0
1.0,100.0,0.00017256685946362825,0.0,0.0,0.0,0.013888888888888888,0.0,0.0,1.0
2.0,2.5438804311953503e-08,0.0,0.0,0.0,0.0,0.013888888888888888,0.0,0.0,1.0
3.0,2.4349303430651074e-08,0.0,0.0,0.0,0.0,0.013888888888888888,0.0,0.0,1.0
4.0,1.2557471508952377e-10,0.0,0.0,0.0,0.0,0.013888888888888888,0.0,0.0,0.0
1.0,100.0,0.00017256755388443933,0.0,0.0,0.0,0.013888888888888888,0.0,0.0,1.0
2.0,2.513866560349155e-08,0.0,0.0,0.0,0.0,0.013888888888888888,0.0,0.0,1.0
3.0,2.4061283005258212e-08,0.0,0.0,0.0,0.0,0.013888888888888888,0.0,0.0,1.0
4.0,1.2361310555973e-10,0.0,0.0,0.0,0.0,0.013888888888888888,0.0,0.0,0.0
1.0,100.0,0.00017256824706994873,0.0,0.0,0.0,0.013888888888888888,0.0,0.0,1.0
2.0,2.4847172422175755e-08,0.0,0.0,0.0,0.0,0.013888888888888888,0.0,0.0,1.0
3.0,2.378086190373602e-08,0.0,0.0,0.0,0.0,0.013888888888888888,0.0,0.0,1.0
4.0,1.212591639355279e-10,0.0,0.0,0.0,0.0,0.013888888888888888,0.0,0.0,0.0
1.0,100.0,0.00017256893902241525,0.0,0.0,0.0,0.013888888888888888,0.0,0.0,1.0
2.0,2.4563888857857735e-08,0.0,0.0,0.0,0.0,0.013888888888888888,0.0,0.0,1.0
3.0,2.350825809899537e-08,0.0,0.0,0.0,0.0,0.013888888888888888,0.0,0.0,1.0
4.0,1.1967535076590856e-10,0.0,0.0,0.0,0.0,0.013888888888888888,0.0,0.0,0.0
1.0,100.0,0.00017256962973395803,0.0,0.0,0.0,0.013888888888888888,0.0,0.0,1.0
2.0,2.4286737022975716e-08,0.0,0.0,0.0,0.0,0.013888888888888888,0.0,0.0,1.0
3.0,2.3241582602893398e-08,0.0,0.0,0.0,0.0,0.013888888888888888,0.0,0.0,1.0
4.0,1.1768467477499177e-10,0.0,0.0,0.0,0.0,0.013888888888888888,0.0,0.0,0.0
1.0,100.0,0.00017257031920330846,0.0,0.0,0.0,0.013888888888888888,0.0,0.0,1.0
2.0,2.4016879388920108e-08,0.0,0.0,0.0,0.0,0.013888888888888888,0.0,0.0,1.0
3.0,2.2982826140408538e-08,0.0,0.0,0.0,0.0,0.013888888888888888,0.0,0.0,1.0
4.0,1.168419280652432e-10,0.0,0.0,0.0,0.0,0.013888888888888888,0.0,0.0,0.0
1.0,100.0,0.00017257100742745652,0.0,0.0,0.0,0.013888888888888888,0.0,0.0,1.0
2.0,2.3753240688936492e-08,0.0,0.0,0.0,0.0,0.013888888888888888,0.0,0.0,1.0
3.0,2.272976551398186e-08,0.0,0.0,0.0,0.0,0.013888888888888888,0.0,0.0,1.0
4.0,1.1357254099887102e-10,0.0,0.0,0.0,0.0,0.013888888888888888,0.0,0.0,0.0
1.0,100.0,0.000172571641465713,0.0,0.0,0.0,0.013888888888888888,0.0,0.0,1.0
2.0,9.496554896129588e-08,0.0,0.0,0.0,0.0,0.013888888888888888,0.0,0.0,1.0
3.0,8.99975272641448e-08,0.0,0.0,0.0,0.0,0.013888888888888888,0.0,0.0,1.0
4.0,5.319725039331701e-10,0.0,0.0,0.0,0.0,0.013888888888888888,0.0,0.0,0.0
1.0,100.0,0.00017257227476918713,0.0,0.0,0.0,0.013888888888888888,0.0,0.0,1.0
2.0,9.198374553785881e-08,0.0,0.0,0.0,0.0,0.013888888888888888,0.0,0.0,1.0
3.0,8.723619271135084e-08,0.0,0.0,0.0,0.0,0.013888888888888888,0.0,0.0,1.0
4.0,5.173116839666915e-10,0.0,0.0,0.0,0.0,0.013888888888888888,0.0,0.0,0.0
1.0,100.0,0.00017257290981721905,0.0,0.0,0.0,0.013888888888888888,0.0,0.0,1.0
2.0,8.688516208352029e-08,0.0,0.0,0.0,0.0,0.013888888888888888,0.0,0.0,1.0
3.0,8.245495617729983e-08,0.0,0.0,0.0,0.0,0.013888888888888888,0.0,0.0,1.0
4.0,4.877857396500261e-10,0.0,0.0,0.0,0.0,0.013888888888888888,0.0,0.0,0.0
1.0,100.0,0.0001725735463844173,0.0,0.0,0.0,0.013888888888888888,0.0,0.0,1.0
2.0,8.211181818221832e-08,0.0,0.0,0.0,0.0,0.013888888888888888,0.0,0.0,1.0
3.0,7.802643818335827e-08,0.0,0.0,0.0,0.0,0.013888888888888888,0.0,0.0,1.0
4.0,4.5853577147898666e-10,0.0,0.0,0.0,0.0,0.013888888888888888,0.0,0.0,0.0
1.0,100.0,0.00017257418425737834,0.0,0.0,0.0,0.013888888888888888,0.0,0.0,1.0
2.0,7.768961037846915e-08,0.0,0.0,0.0,0.0,0.013888888888888888,0.0,0.0,1.0
3.0,7.395340214800378e-08,0.0,0.0,0.0,0.0,0.013888888888888888,0.0,0.0,1.0
4.0,4.343279155101151e-10,0.0,0.0,0.0,0.0,0.013888888888888888,0.0,0.0,0.0
1.0,100.0,0.00017257482324202735,0.0,0.0,0.0,0.013888888888888888,0.0,0.0,1.0
2.0,7.360383579740866e-08,0.0,0.0,0.0,0.0,0.013888888888888888,0.0,0.0,1.0
3.0,7.020056939327796e-08,0.0,0.0,0.0,0.0,0.013888888888888888,0.0,0.0,1.0
4.0,4.108319901605323e-10,0.0,0.0,0.0,0.0,0.013888888888888888,0.0,0.0,0.0
1.0,100.0,0.0001725754631656092,0.0,0.0,0.0,0.013888888888888888,0.0,0.0,1.0
2.0,6.983476359298403e-08,0.0,0.0,0.0,0.0,0.013888888888888888,0.0,0.0,1.0
3.0,6.67434718728129e-08,0.0,0.0,0.0,0.0,0.013888888888888888,0.0,0.0,1.0
4.0,3.883822141274464e-10,0.0,0.0,0.0,0.0,0.013888888888888888,0.0,0.0,0.0
1.0,100.0,0.0001725761038733705,0.0,0.0,0.0,0.013888888888888888,0.0,0.0,1.0
2.0,6.63547578263438e-08,0.0,0.0,0.0,0.0,0.013888888888888888,0.0,0.0,1.0
3.0,6.35525554365883e-08,0.0,0.0,0.0,0.0,0.013888888888888888,0.0,0.0,1.0
4.0,3.692599513446217e-10,0.0,0.0,0.0,0.0,0.013888888888888888,0.0,0.0,0.0
1.0,100.0,0.00017257674521722335,0.0,0.0,0.0,0.013888888888888888,0.0,0.0,1.0
2.0,6.31430699525554e-08,0.0,0.0,0.0,0.0,0.013888888888888888,0.0,0.0,1.0
3.0,6.060438319057225e-08,0.0,0.0,0.0,0.0,0.013888888888888888,0.0,0.0,1.0
4.0,3.5064621359058765e-10,0.0,0.0,0.0,0.0,0.013888888888888888,0.0,0.0,0.0
1.0,100.0,0.0001725773870709916,0.0,0.0,0.0,0.013888888888888888,0.0,0.0,1.0
2.0,6.017252852572327e-08,0.0,0.0,0.0,0.0,0.013888888888888888,0.0,0.0,1.0
3.0,5.7872946042508396e-08,0.0,0.0,0.0,0.0,0.013888888888888888,0.0,0.0,1.0
4.0,3.3406675653501156e-10,0.0,0.0,0.0,0.0,0.013888888888888888,0.0,0.0,0.0
1.0,100.0,0.00017257802931541254,0.0,0.0,0.0,0.013888888888888888,0.0,0.0,1.0
2.0,5.7422006763967925e-08,0.0,0.0,0.0,0.0,0.013888888888888888,0.0,0.0,1.0
3.0,5.5337611153356004e-08,0.0,0.0,0.0,0.0,0.013888888888888888,0.0,0.0,1.0
4.0,3.179522441399447e-10,0.0,0.0,0.0,0.0,0.013888888888888888,0.0,0.0,0.0
1.0,100.0,0.00017257867184294353,0.0,0.0,0.0,0.013888888888888888,0.0,0.0,1.0
2.0,5.4875216528061154e-08,0.0,0.0,0.0,0.0,0.013888888888888888,0.0,0.0,1.0
3.0,5.2984168214466896e-08,0.0,0.0,0.0,0.0,0.013888888888888888,0.0,0.0,1.0
4.0,3.028112648876389e-10,0.0,0.0,0.0,0.0,0.013888888888888888,0.0,0.0,0.0
1.0,100.0,0.000172579314553075,0.0,0.0,0.0,0.013888888888888888,0.0,0.0,1.0
2.0,5.250777576900979e-08,0.0,0.0,0.0,0.0,0.013888888888888888,0.0,0.0,1.0
3.0,5.078967365836528e-08,0.0,0.0,0.0,0.0,0.013888888888888888,0.0,0.0,1.0
4.0,2.884549207871103e-10,0.0,0.0,0.0,0.0,0.013888888888888888,0.0,0.0,0.0
1.0,100.0,0.00017257995735599972,0.0,0.0,0.0,0.013888888888888888,0.0,0.0,1.0
2.0,5.030916486825712e-08,0.0,0.0,0.0,0.0,0.013888888888888888,0.0,0.0,1.0
3.0,4.874671742607904e-08,0.0,0.0,0.0,0.0,0.013888888888888888,0.0,0.0,1.0
4.0,2.767867789961041e-10,0.0,0.0,0.0,0.0,0.013888888888888888,0.0,0.0,0.0
1.0,100.0,0.00017258060016793407,0.0,0.0,0.0,0.013888888888888888,0.0,0.0,1.0
2.0,4.825930269545851e-08,0.0,0.0,0.0,0.0,0.013888888888888888,0.0,0.0,1.0
3.0,4.6836467991488034e-08,0.0,0.0,0.0,0.0,0.013888888888888888,0.0,0.0,1.0
4.0,2.655836011256812e-10,0.0,0.0,0.0,0.0,0.013888888888888888,0.0,0.0,0.0
1.0,100.0,0.000172581242912456,0.0,0.0,0.0,0.013888888888888888,0.0,0.0,1.0
2.0,4.6348003639318304e-08,0.0,0.0,0.0,0.0,0.013888888888888888,0.0,0.0,1.0
3.0,4.504900124525628e-08,0.0,0.0,0.0,0.0,0.013888888888888888,0.0,0.0,1.0
4.0,2.529272924400187e-10,0.0,0.0,0.0,0.0,0.013888888888888888,0.0,0.0,0.0
1.0,100.0,0.0001725818855186099,0.0,0.0,0.0,0.013888888888888888,0.0,0.0,1.0
2.0,4.456216127021872e-08,0.0,0.0,0.0,0.0,0.013888888888888888,0.0,0.0,1.0
3.0,4.337359379791878e-08,0.0,0.0,0.0,0.0,0.013888888888888888,0.0,0.0,1.0
4.0,2.4249420692267517e-10,0.0,0.0,0.0,0.0,0.013888888888888888,0.0,0.0,0.0
1.0,100.0,0.00017258252792013196,0.0,0.0,0.0,0.013888888888888888,0.0,0.0,1.0
2.0,4.289118295296144e-08,0.0,0.0,0.0,0.0,0.013888888888888888,0.0,0.0,1.0
3.0,4.180104795300386e-08,0.0,0.0,0.0,0.0,0.013888888888888888,0.0,0.0,1.0
4.0,2.3300561758533787e-10,0.0,0.0,0.0,0.0,0.013888888888888888,0.0,0.0,0.0
1.0,100.0,0.00017258317005821135,0.0,0.0,0.0,0.013888888888888888,0.0,0.0,1.0
2.0,4.132707704948022e-08,0.0,0.0,0.0,0.0,0.013888888888888888,0.0,0.0,1.0
3.0,4.0325711538109586e-08,0.0,0.0,0.0,0.0,0.013888888888888888,0.0,0.0,1.0
4.0,2.2342982131735468e-10,0.0,0.0,0.0,0.0,0.013888888888888888,0.0,0.0,0.0
1.0,100.0,0.00017258381187047287,0.0,0.0,0.0,0.013888888888888888,0.0,0.0,1.0
2.0,3.9857681447441786e-08,0.0,0.0,0.0,0.0,0.013888888888888888,0.0,0.0,1.0
3.0,3.8934753980947726e-08,0.0,0.0,0.0,0.0,0.013888888888888888,0.0,0.0,1.0
4.0,2.1463868404429675e-10,0.0,0.0,0.0,0.0,0.013888888888888888,0.0,0.0,0.0
1.0,100.0,0.00017258445331619135,0.0,0.0,0.0,0.013888888888888888,0.0,0.0,1.0
2.0,3.847667547515429e-08,0.0,0.0,0.0,0.0,0.013888888888888888,0.0,0.0,1.0
3.0,3.7623903464882974e-08,0.0,0.0,0.0,0.0,0.013888888888888888,0.0,0.0,1.0
4.0,2.0709720349135876e-10,0.0,0.0,0.0,0.0,0.013888888888888888,0.0,0.0,0.0
1.0,100.0,0.00017258509434297628,0.0,0.0,0.0,0.013888888888888888,0.0,0.0,1.0
2.0,3.717611093755681e-08,0.0,0.0,0.0,0.0,0.013888888888888888,0.0,0.0,1.0
3.0,3.638602551331064e-08,0.0,0.0,0.0,0.0,0.013888888888888888,0.0,0.0,1.0
4.0,1.9842228138367022e-10,0.0,0.0,0.0,0.0,0.013888888888888888,0.0,0.0,0.0
1.0,100.0,0.00017258573490403742,0.0,0.0,0.0,0.013888888888888888,0.0,0.0,1.0
2.0,3.595226815413319e-08,0.0,0.0,0.0,0.0,0.013888888888888888,0.0,0.0,1.0
3.0,3.521790901427569e-08,0.0,0.0,0.0,0.0,0.013888888888888888,0.0,0.0,1.0
4.0,1.9149107739291379e-10,0.0,0.0,0.0,0.0,0.013888888888888888,0.0,0.0,0.0
1.0,100.0,0.00017258637495943548,0.0,0.0,0.0,0.013888888888888888,0.0,0.0,1.0
2.0,3.4796356054225193e-08,0.0,0.0,0.0,0.0,0.013888888888888888,0.0,0.0,1.0
3.0,3.411212880475895e-08,0.0,0.0,0.0,0.0,0.013888888888888888,0.0,0.0,1.0
4.0,1.8406580199737384e-10,0.0,0.0,0.0,0.0,0.013888888888888888,0.0,0.0,0.0
1.0,100.0,0.00017258701446970433,0.0,0.0,0.0,0.013888888888888888,0.0,0.0,1.0
2.0,3.3705555826915794e-08,0.0,0.0,0.0,0.0,0.013888888888888888,0.0,0.0,1.0
3.0,3.3064064198018255e-08,0.0,0.0,0.0,0.0,0.013888888888888888,0.0,0.0,1.0
4.0,1.7730894576716565e-10,0.0,0.0,0.0,0.0,0.013888888888888888,0.0,0.0,0.0
1.0,100.0,0.00017258765338302036,0.0,0.0,0.0,0.013888888888888888,0.0,0.0,1.0
2.0,3.267190461524626e-08,0.0,0.0,0.0,0.0,0.013888888888888888,0.0,0.0,1.0
3.0,3.207051853598926e-08,0.0,0.0,0.0,0.0,0.013888888888888888,0.0,0.0,1.0
4.0,1.709589498670191e-10,0.0,0.0,0.0,0.0,0.013888888888888888,0.0,0.0,0.0
1.0,100.0,0.0001725882916975167,0.0,0.0,0.0,0.013888888888888888,0.0,0.0,1.0
2.0,3.1692539966742975e-08,0.0,0.0,0.0,0.0,0.013888888888888888,0.0,0.0,1.0
3.0,3.112701640029828e-08,0.0,0.0,0.0,0.0,0.013888888888888888,0.0,0.0,1.0
4.0,1.6591674723876677e-10,0.0,0.0,0.0,0.0,0.013888888888888888,0.0,0.0,0.0
1.0,100.0,0.00017258892936503002,0.0,0.0,0.0,0.013888888888888888,0.0,0.0,1.0
2.0,3.07636258240232e-08,0.0,0.0,0.0,0.0,0.013888888888888888,0.0,0.0,1.0
3.0,3.0230128596073583e-08,0.0,0.0,0.0,0.0,0.013888888888888888,0.0,0.0,1.0
4.0,1.6011891519068438e-10,0.0,0.0,0.0,0.0,0.013888888888888888,0.0,0.0,0.0
1.0,100.0,0.00017258956635816223,0.0,0.0,0.0,0.013888888888888888,0.0,0.0,1.0
2.0,2.988395625426323e-08,0.0,0.0,0.0,0.0,0.013888888888888888,0.0,0.0,1.0
3.0,2.9377486687629355e-08,0.0,0.0,0.0,0.0,0.013888888888888888,0.0,0.0,1.0
4.0,1.5529243795572127e-10,0.0,0.0,0.0,0.0,0.013888888888888888,0.0,0.0,0.0
1.0,100.0,0.00017259020264636318,0.0,0.0,0.0,0.013888888888888888,0.0,0.0,1.0
2.0,2.9044449412721753e-08,0.0,0.0,0.0,0.0,0.013888888888888888,0.0,0.0,1.0
3.0,2.856462973593263e-08,0.0,0.0,0.0,0.0,0.013888888888888888,0.0,0.0,1.0
4.0,1.5123462449041394e-10,0.0,0.0,0.0,0.0,0.013888888888888888,0.0,0.0,0.0
1.0,100.0,0.00017259083820697862,0.0,0.0,0.0,0.013888888888888888,0.0,0.0,1.0
2.0,2.8247793691673118e-08,0.0,0.0,0.0,0.0,0.013888888888888888,0.0,0.0,1.0
3.0,2.7789843180183753e-08,0.0,0.0,0.0,0.0,0.013888888888888888,0.0,0.0,1.0
4.0,1.4970978107193425e-10,0.0,0.0,0.0,0.0,0.013888888888888888,0.0,0.0,0.0
1.0,100.0,0.0001725914730135127,0.0,0.0,0.0,0.013888888888888888,0.0,0.0,1.0
2.0,2.748726126605488e-08,0.0,0.0,0.0,0.0,0.013888888888888888,0.0,0.0,1.0
3.0,2.705081667066795e-08,0.0,0.0,0.0,0.0,0.013888888888888888,0.0,0.0,1.0
4.0,1.4551335011841207e-10,0.0,0.0,0.0,0.0,0.013888888888888888,0.0,0.0,0.0
1.0,100.0,0.00017259210704412847,0.0,0.0,0.0,0.013888888888888888,0.0,0.0,1.0
2.0,2.6763549737403226e-08,0.0,0.0,0.0,0.0,0.013888888888888888,0.0,0.0,1.0
3.0,2.6344731254966855e-08,0.0,0.0,0.0,0.0,0.013888888888888888,0.0,0.0,1.0
4.0,1.431063805036622e-10,0.0,0.0,0.0,0.0,0.013888888888888888,0.0,0.0,0.0
1.0,100.0,0.00017259274027761365,0.0,0.0,0.0,0.013888888888888888,0.0,0.0,1.0
2.0,2.6072314372023128e-08,0.0,0.0,0.0,0.0,0.013888888888888888,0.0,0.0,1.0
3.0,2.5670482653226497e-08,0.0,0.0,0.0,0.0,0.013888888888888888,0.0,0.0,1.0
4.0,1.4069941185431497e-10,0.0,0.0,0.0,0.0,0.013888888888888888,0.0,0.0,0.0
1.0,100.0,0.00017259337269426997,0.0,0.0,0.0,0.013888888888888888,0.0,0.0,1.0
2.0,2.5410532763731017e-08,0.0,0.0,0.0,0.0,0.013888888888888888,0.0,0.0,1.0
3.0,2.5025426269276086e-08,0.0,0.0,0.0,0.0,0.013888888888888888,0.0,0.0,1.0
4.0,1.3641477199418475e-10,0.0,0.0,0.0,0.0,0.013888888888888888,0.0,0.0,0.0
1.0,100.0,0.00017259400427450236,0.0,0.0,0.0,0.013888888888888888,0.0,0.0,1.0
2.0,2.4778960616156744e-08,0.0,0.0,0.0,0.0,0.013888888888888888,0.0,0.0,1.0
3.0,2.4406641404122112e-08,0.0,0.0,0.0,0.0,0.013888888888888888,0.0,0.0,1.0
4.0,1.348269240622747e-10,0.0,0.0,0.0,0.0,0.013888888888888888,0.0,0.0,0.0
1.0,100.0,0.00017259463500053832,0.0,0.0,0.0,0.013888888888888888,0.0,0.0,1.0
2.0,2.4173456603512395e-08,0.0,0.0,0.0,0.0,0.013888888888888888,0.0,0.0,1.0
3.0,2.381263141068402e-08,0.0,0.0,0.0,0.0,0.013888888888888888,0.0,0.0,1.0
4.0,1.3268459658397888e-10,0.0,0.0,0.0,0.0,0.013888888888888888,0.0,0.0,0.0
1.0,100.0,0.00017259526485830407,0.0,0.0,0.0,0.013888888888888888,0.0,0.0,1.0
2.0,2.359420969963047e-08,0.0,0.0,0.0,0.0,0.013888888888888888,0.0,0.0,1.0
3.0,2.3245590572262676e-08,0.0,0.0,0.0,0.0,0.013888888888888888,0.0,0.0,1.0
4.0,1.308069081585887e-10,0.0,0.0,0.0,0.0,0.013888888888888888,0.0,0.0,0.0
1.0,100.0,0.00017259589382838072,0.0,0.0,0.0,0.013888888888888888,0.0,0.0,1.0
2.0,2.3038182937613274e-08,0.0,0.0,0.0,0.0,0.013888888888888888,0.0,0.0,1.0
3.0,2.269887817177981e-08,0.0,0.0,0.0,0.0,0.013888888888888888,0.0,0.0,1.0
4.0,1.2865198040587043e-10,0.0,0.0,0.0,0.0,0.013888888888888888,0.0,0.0,0.0
1.0,100.0,0.00017259652189863887,0.0,0.0,0.0,0.013888888888888888,0.0,0.0,1.0
2.0,2.250572512557295e-08,0.0,0.0,0.0,0.0,0.013888888888888888,0.0,0.0,1.0
3.0,2.217538598321849e-08,0.0,0.0,0.0,0.0,0.013888888888888888,0.0,0.0,1.0
4.0,1.267238861492729e-10,0.0,0.0,0.0,0.0,0.013888888888888888,0.0,0.0,0.0
1.0,100.0,0.00017259714905471592,0.0,0.0,0.0,0.013888888888888888,0.0,0.0,1.0
2.0,2.1993014596229097e-08,0.0,0.0,0.0,0.0,0.013888888888888888,0.0,0.0,1.0
3.0,2.16707401502954e-08,0.0,0.0,0.0,0.0,0.013888888888888888,0.0,0.0,1.0
4.0,1.2464457078054832e-10,0.0,0.0,0.0,0.0,0.013888888888888888,0.0,0.0,0.0
1.0,100.0,0.00017259777528262982,0.0,0.0,0.0,0.013888888888888888,0.0,0.0,1.0
2.0,2.1500589055050302e-08,0.0,0.0,0.0,0.0,0.013888888888888888,0.0,0.0,1.0
3.0,2.118648103478045e-08,0.0,0.0,0.0,0.0,0.013888888888888888,0.0,0.0,1.0
4.0,1.2127987095678506e-10,0.0,0.0,0.0,0.0,0.013888888888888888,0.0,0.0,0.0
1.0,100.0,0.00017259840057043705,0.0,0.0,0.0,0.013888888888888888,0.0,0.0,1.0
2.0,2.102642870116923e-08,0.0,0.0,0.0,0.0,0.013888888888888888,0.0,0.0,1.0
3.0,2.0719281020405595e-08,0.0,0.0,0.0,0.0,0.013888888888888888,0.0,0.0,1.0
4.0,1.196290188184061e-10,0.0,0.0,0.0,0.0,0.013888888888888888,0.0,0.0,0.0
1.0,100.0,0.0001725990249067651,0.0,0.0,0.0,0.013888888888888888,0.0,0.0,1.0
2.0,2.0570489983260623e-08,0.0,0.0,0.0,0.0,0.013888888888888888,0.0,0.0,1.0
3.0,2.0270200931748537e-08,0.0,0.0,0.0,0.0,0.013888888888888888,0.0,0.0,1.0
4.0,1.1859565606132447e-10,0.0,0.0,0.0,0.0,0.013888888888888888,0.0,0.0,0.0
1.0,100.0,0.00017259964828045892,0.0,0.0,0.0,0.013888888888888888,0.0,0.0,1.0
2.0,2.0130506060355572e-08,0.0,0.0,0.0,0.0,0.013888888888888888,0.0,0.0,1.0
3.0,1.9835898611743755e-08,0.0,0.0,0.0,0.0,0.013888888888888888,0.0,0.0,1.0
4.0,1.1650374160900197e-10,0.0,0.0,0.0,0.0,0.013888888888888888,0.0,0.0,0.0
1.0,100.0,0.00017260027068138713,0.0,0.0,0.0,0.013888888888888888,0.0,0.0,1.0
2.0,1.9706971032944814e-08,0.0,0.0,0.0,0.0,0.013888888888888888,0.0,0.0,1.0
3.0,1.9417667380605e-08,0.0,0.0,0.0,0.0,0.013888888888888888,0.0,0.0,1.0
4.0,1.1389515362339411e-10,0.0,0.0,0.0,0.0,0.013888888888888888,0.0,0.0,0.0
1.0,100.0,0.0001726008921000533,0.0,0.0,0.0,0.013888888888888888,0.0,0.0,1.0
2.0,1.929795227287789e-08,0.0,0.0,0.0,0.0,0.013888888888888888,0.0,0.0,1.0
3.0,1.901382164170596e-08,0.0,0.0,0.0,0.0,0.013888888888888888,0.0,0.0,1.0
4.0,1.1334066109811393e-10,0.0,0.0,0.0,0.0,0.013888888888888888,0.0,0.0,0.0
1.0,100.0,0.00017260151252638243,0.0,0.0,0.0,0.013888888888888888,0.0,0.0,1.0
2.0,1.890234543222142e-08,0.0,0.0,0.0,0.0,0.013888888888888888,0.0,0.0,1.0
3.0,1.8623518610390024e-08,0.0,0.0,0.0,0.0,0.013888888888888888,0.0,0.0,1.0
4.0,1.1095890689901183e-10,0.0,0.0,0.0,0.0,0.013888888888888888,0.0,0.0,0.0
1.0,100.0,0.00017260213195256885,0.0,0.0,0.0,0.013888888888888888,0.0,0.0,1.0
2.0,1.852000522704535e-08,0.0,0.0,0.0,0.0,0.013888888888888888,0.0,0.0,1.0
3.0,1.824524705881039e-08,0.0,0.0,0.0,0.0,0.013888888888888888,0.0,0.0,1.0
4.0,1.1074466386943642e-10,0.0,0.0,0.0,0.0,0.013888888888888888,0.0,0.0,0.0
1.0,100.0,0.00017260275036892465,0.0,0.0,0.0,0.013888888888888888,0.0,0.0,1.0
2.0,1.8151527469652976e-08,0.0,0.0,0.0,0.0,0.013888888888888888,0.0,0.0,1.0
3.0,1.7881448275761367e-08,0.0,0.0,0.0,0.0,0.013888888888888888,0.0,0.0,1.0
4.0,1.0910641720142677e-10,0.0,0.0,0.0,0.0,0.013888888888888888,0.0,0.0,0.0
1.0,100.0,0.00017260337062578485,0.0,0.0,0.0,0.013888888888888888,0.0,0.0,1.0
2.0,1.779497952088747e-08,0.0,0.0,0.0,0.0,0.013888888888888888,0.0,0.0,1.0
3.0,1.752841680043182e-08,0.0,0.0,0.0,0.0,0.013888888888888888,0.0,0.0,1.0
4.0,1.0711532056023479e-10,0.0,0.0,0.0,0.0,0.013888888888888888,0.0,0.0,0.0
1.0,100.0,0.00017260399074305591,0.0,0.0,0.0,0.013888888888888888,0.0,0.0,1.0
2.0,1.7449271555038674e-08,0.0,0.0,0.0,0.0,0.013888888888888888,0.0,0.0,1.0
3.0,1.718590562306635e-08,0.0,0.0,0.0,0.0,0.013888888888888888,0.0,0.0,1.0
4.0,1.063844045861878e-10,0.0,0.0,0.0,0.0,0.013888888888888888,0.0,0.0,0.0
1.0,100.0,0.0001726046097396425,0.0,0.0,0.0,0.013888888888888888,0.0,0.0,1.0
2.0,1.7115304537621462e-08,0.0,0.0,0.0,0.0,0.013888888888888888,0.0,0.0,1.0
3.0,1.685663212636938e-08,0.0,0.0,0.0,0.0,0.013888888888888888,0.0,0.0,1.0
4.0,1.0409086572846302e-10,0.0,0.0,0.0,0.0,0.013888888888888888,0.0,0.0,0.0
1.0,100.0,0.0001726052276094114,0.0,0.0,0.0,0.013888888888888888,0.0,0.0,1.0
2.0,1.6790375660714376e-08,0.0,0.0,0.0,0.0,0.013888888888888888,0.0,0.0,1.0
3.0,1.6534129885174268e-08,0.0,0.0,0.0,0.0,0.013888888888888888,0.0,0.0,1.0
4.0,1.0377580982451556e-10,0.0,0.0,0.0,0.0,0.013888888888888888,0.0,0.0,0.0
1.0,100.0,0.00017260584434952434,0.0,0.0,0.0,0.013888888888888888,0.0,0.0,1.0
2.0,1.6474833695570334e-08,0.0,0.0,0.0,0.0,0.013888888888888888,0.0,0.0,1.0
3.0,1.6222918166200185e-08,0.0,0.0,0.0,0.0,0.013888888888888888,0.0,0.0,1.0
4.0,1.0063795155506931e-10,0.0,0.0,0.0,0.0,0.013888888888888888,0.0,0.0,0.0
1.0,100.0,0.00017260645995708924,0.0,0.0,0.0,0.013888888888888888,0.0,0.0,1.0
2.0,1.617146868145946e-08,0.0,0.0,0.0,0.0,0.013888888888888888,0.0,0.0,1.0
3.0,1.592224135943713e-08,0.0,0.0,0.0,0.0,0.013888888888888888,0.0,0.0,1.0
4.0,1.0139404894498766e-10,0.0,0.0,0.0,0.0,0.013888888888888888,0.0,0.0,0.0
1.0,100.0,0.00017260707442805795,0.0,0.0,0.0,0.013888888888888888,0.0,0.0,1.0
2.0,1.5875194662261234e-08,0.0,0.0,0.0,0.0,0.013888888888888888,0.0,0.0,1.0
3.0,1.5629483838598983e-08,0.0,0.0,0.0,0.0,0.013888888888888888,0.0,0.0,1.0
4.0,1.0029768249554698e-10,0.0,0.0,0.0,0.0,0.013888888888888888,0.0,0.0,0.0
1.0,100.0,0.0001726076877595041,0.0,0.0,0.0,0.013888888888888888,0.0,0.0,1.0
2.0,1.5586985254485895e-08,0.0,0.0,0.0,0.0,0.013888888888888888,0.0,0.0,1.0
3.0,1.5343555766688996e-08,0.0,0.0,0.0,0.0,0.013888888888888888,0.0,0.0,1.0
4.0,9.920131637274596e-11,0.0,0.0,0.0,0.0,0.013888888888888888,0.0,0.0,0.0
1.0,100.0,0.00017260829994842413,0.0,0.0,0.0,0.013888888888888888,0.0,0.0,1.0
2.0,1.5307276414727036e-08,0.0,0.0,0.0,0.0,0.013888888888888888,0.0,0.0,1.0
3.0,1.5066971085328576e-08,0.0,0.0,0.0,0.0,0.013888888888888888,0.0,0.0,1.0
4.0,9.828137565840455e-11,0.0,0.0,0.0,0.0,0.013888888888888888,0.0,0.0,0.0
1.0,100.0,0.000172608910993256,0.0,0.0,0.0,0.013888888888888888,0.0,0.0,1.0
2.0,1.503548690318515e-08,0.0,0.0,0.0,0.0,0.013888888888888888,0.0,0.0,1.0
3.0,1.4797724480417767e-08,0.0,0.0,0.0,0.0,0.013888888888888888,0.0,0.0,1.0
4.0,9.702118687434775e-11,0.0,0.0,0.0,0.0,0.013888888888888888,0.0,0.0,0.0
1.0,100.0,0.00017260952093135,0.0,0.0,0.0,0.013888888888888888,0.0,0.0,1.0
2.0,1.4770090938823302e-08,0.0,0.0,0.0,0.0,0.013888888888888888,0.0,0.0,1.0
3.0,1.4535074864967553e-08,0.0,0.0,0.0,0.0,0.013888888888888888,0.0,0.0,1.0
4.0,9.632807895964083e-11,0.0,0.0,0.0,0.0,0.013888888888888888,0.0,0.0,0.0
1.0,100.0,0.0001726101296780936,0.0,0.0,0.0,0.013888888888888888,0.0,0.0,1.0
2.0,1.4513457150291407e-08,0.0,0.0,0.0,0.0,0.013888888888888888,0.0,0.0,1.0
3.0,1.42817977466602e-08,0.0,0.0,0.0,0.0,0.013888888888888888,0.0,0.0,1.0
4.0,9.455121747872406e-11,0.0,0.0,0.0,0.0,0.013888888888888888,0.0,0.0,0.0
1.0,100.0,0.00017261073727393235,0.0,0.0,0.0,0.013888888888888888,0.0,0.0,1.0
2.0,1.4262039891792456e-08,0.0,0.0,0.0,0.0,0.013888888888888888,0.0,0.0,1.0
3.0,1.4034085915166113e-08,0.0,0.0,0.0,0.0,0.013888888888888888,0.0,0.0,1.0
4.0,9.295078144681663e-11,0.0,0.0,0.0,0.0,0.013888888888888888,0.0,0.0,0.0
1.0,100.0,0.00017261134371515896,0.0,0.0,0.0,0.013888888888888888,0.0,0.0,1.0
2.0,1.4018047946237008e-08,0.0,0.0,0.0,0.0,0.013888888888888888,0.0,0.0,1.0
3.0,1.3791459844921304e-08,0.0,0.0,0.0,0.0,0.013888888888888888,0.0,0.0,1.0
4.0,9.21694618863624e-11,0.0,0.0,0.0,0.0,0.013888888888888888,0.0,0.0,0.0
1.0,100.0,0.00017261194900198887,0.0,0.0,0.0,0.013888888888888888,0.0,0.0,1.0
2.0,1.3780841944060899e-08,0.0,0.0,0.0,0.0,0.013888888888888888,0.0,0.0,1.0
3.0,1.3556724106591599e-08,0.0,0.0,0.0,0.0,0.013888888888888888,0.0,0.0,1.0
4.0,9.10478943684939e-11,0.0,0.0,0.0,0.0,0.013888888888888888,0.0,0.0,0.0
1.0,100.0,0.00017261255313056752,0.0,0.0,0.0,0.013888888888888888,0.0,0.0,1.0
2.0,1.3549070475511327e-08,0.0,0.0,0.0,0.0,0.013888888888888888,0.0,0.0,1.0
3.0,1.3327728064012394e-08,0.0,0.0,0.0,0.0,0.013888888888888888,0.0,0.0,1.0
4.0,9.015315924264494e-11,0.0,0.0,0.0,0.0,0.013888888888888888,0.0,0.0,0.0
1.0,100.0,0.00017261315610085442,0.0,0.0,0.0,0.013888888888888888,0.0,0.0,1.0
2.0,1.332177447692038e-08,0.0,0.0,0.0,0.0,0.013888888888888888,0.0,0.0,1.0
3.0,1.310195779257972e-08,0.0,0.0,0.0,0.0,0.013888888888888888,0.0,0.0,1.0
4.0,9.040518655257821e-11,0.0,0.0,0.0,0.0,0.013888888888888888,0.0,0.0,0.0
1.0,100.0,0.00017261375791088302,0.0,0.0,0.0,0.013888888888888888,0.0,0.0,1.0
2.0,1.3101860240179637e-08,0.0,0.0,0.0,0.0,0.013888888888888888,0.0,0.0,1.0
3.0,1.28846736725715e-08,0.0,0.0,0.0,0.0,0.013888888888888888,0.0,0.0,1.0
4.0,8.957346070822878e-11,0.0,0.0,0.0,0.0,0.013888888888888888,0.0,0.0,0.0
1.0,100.0,0.0001726143586196611,0.0,0.0,0.0,0.013888888888888888,0.0,0.0,1.0
2.0,1.2886029143368219e-08,0.0,0.0,0.0,0.0,0.013888888888888888,0.0,0.0,1.0
3.0,1.2672024889031286e-08,0.0,0.0,0.0,0.0,0.013888888888888888,0.0,0.0,1.0
4.0,8.840148702671009e-11,0.0,0.0,0.0,0.0,0.013888888888888888,0.0,0.0,0.0
1.0,100.0,0.00017261495810651134,0.0,0.0,0.0,0.013888888888888888,0.0,0.0,1.0
2.0,1.267473166822979e-08,0.0,0.0,0.0,0.0,0.013888888888888888,0.0,0.0,1.0
3.0,1.2462674558698684e-08,0.0,0.0,0.0,0.0,0.013888888888888888,0.0,0.0,1.0
4.0,8.670023891274618e-11,0.0,0.0,0.0,0.0,0.013888888888888888,0.0,0.0,0.0
1.0,100.0,0.00017261555642949212,0.0,0.0,0.0,0.013888888888888888,0.0,0.0,1.0
2.0,1.2469958628536987e-08,0.0,0.0,0.0,0.0,0.013888888888888888,0.0,0.0,1.0
3.0,1.2258671619879286e-08,0.0,0.0,0.0,0.0,0.013888888888888888,0.0,0.0,1.0
4.0,8.745633783931852e-11,0.0,0.0,0.0,0.0,0.013888888888888888,0.0,0.0,0.0
1.0,100.0,0.00017261615366501786,0.0,0.0,0.0,0.013888888888888888,0.0,0.0,1.0
2.0,1.2269791884131971e-08,0.0,0.0,0.0,0.0,0.013888888888888888,0.0,0.0,1.0
3.0,1.2062253921838899e-08,0.0,0.0,0.0,0.0,0.013888888888888888,0.0,0.0,1.0
4.0,8.562907248010804e-11,0.0,0.0,0.0,0.0,0.013888888888888888,0.0,0.0,0.0
