-103.06131108595336,-99.09175020855548
-104.08326472982657,-100.11154967865838
-104.93264272780002,-100.9587825044125
-105.66513979568964,-101.68914334522215
-106.3119194316497,-102.3337956433016
-106.8900394194032,-102.90979712690027
-107.41004970743481,-103.4276976894912
-107.87931295573847,-103.89485993651334
-108.30348930336119,-104.31694395291103
-108.68722967647493,-104.69860061120104
-109.03451824739037,-105.04381403048167
-109.34885387816483,-105.35608302003611
-109.63335445880176,-105.63852541752743
-109.89082238735452,-105.89394356909797
-110.1237892934094,-106.12486905284784
-110.33454896173491,-106.33359560247989
-110.52518311155383,-106.52220488656751
-110.69758257595863,-106.6925876879658
-110.85346533887152,-106.84646194076737
-110.99439229917684,-106.98538849443064
-111.12178130271776,-107.11078514577241
-111.2369197862848,-107.22393928295243
-111.3409762634109,-107.32601937126428
-111.43501080997612,-107.41808543873647
-111.5199846644074,-107.5010986763279
-111.59676902815615,-107.57593023840187
-111.66615313691605,-107.64336931394
-111.72885166075004,-107.7041305266655
-111.78551148419595,-107.75886071514499
-111.83671791291113,-107.8081451394296
-111.88300034937427,-107.85251315675303
-111.92483747752766,-107.89244340617037
-111.96266199372431,-107.92836853950152
-111.99686491915142,-107.96067953375133
-112.02779952695897,-107.98972961823466
-112.01246055233848,-107.88998564853105,-107.38049314602338
-112.03696500609288,-107.91131851429523,-107.38756835474359
-112.05911521912427,-107.93040650091827,-107.39240977650347
-112.07914768457809,-107.9474817986782,-107.39525037952357
-112.09727304635918,-107.96275158931293,-107.39629818969657
-112.1136812350135,-107.97640242415345,-107.39574056703664
-112.12854356608823,-107.98860231268446,-107.39374629383784
-112.14201453357396,-107.99950253138638,-107.39046738703057
-112.15423343980129,-108.00923926302752,-107.38604074037735
-112.16532587275354,-108.0179350797956,-107.38058961014532
-112.17540504316705,-108.0257002837444,-107.3742249578251
-112.1845729935981,-108.03263411737352,-107.36704666275894
-112.1929216911393,-108.03882585644274,-107.35914461680397
-112.20053401456781,-108.04435579610642,-107.35059971213173
-112.20748464578854,-108.04929614049047,-107.3414847323045
-112.21384087469299,-108.05371180502168,-107.33186515594923
-112.21966332562782,-108.05766113987183,-107.32179988140534
-112.22500661302628,-108.06119658219694,-107.31134188003779
-112.2299199329692,-108.06436524405927,-107.30053878511573
-112.23444759686691,-108.06720944230469,-107.28943342253903
-112.23862951288773,-108.06976717609759,-107.27806428912515
-112.24250162015218,-108.0720725571965,-107.26646598355009
-112.24609628032667,-108.07415619764514,-107.25466959462533
-112.2494426307314,-108.07604555903582,-107.24270305107711
-112.25256690275197,-108.07776526716401,-107.23059143665414
-112.2554927088944,-108.0793373954348,-107.21835727393076
-112.2582413016157,-108.08078172017119,-107.20602077996301
-112.26083180662776,-108.08211595053028,-107.19360009650735
-112.26328143324555,-108.08335593562457,-107.18111149740984
-112.26560566394427,-108.08451585097892,-107.16856957529122
-112.26781842527758,-108.08560836651677,-107.15598740973527
-112.26993224188817,-108.08664479778906,-107.14337671869359
-112.27195837533671,-108.08763524216994,-107.13074799483424
-112.27390694922836,-108.08858870149975,-107.11811062831868
-112.27578706196215,-108.08951319249427,-107.1054730173283
-112.27760688836293,-108.0904158461746,-107.09284266759735
-112.27937377126337,-108.09130299738155,-107.08022628201833
-112.28078790116435,-108.09135096938046,-107.08033442651471
-112.282142995962,-108.09134666140906,-107.08039049305509
-112.28344458223488,-108.09129536219969,-107.08039971088289
-112.28469767064257,-108.09120185342466,-107.08036680485841
-112.28590677942942,-108.09107044493187,-107.08029603405487
-112.28707598211167,-108.09090502074602,-107.08019123725012
-112.2882089515155,-108.09070908115005,-107.0800558744233
-112.28930899934639,-108.09048578054968,-107.07989306411001
-112.29037911187953,-108.09023796163132,-107.079705617103
-112.29142198204357,-108.08996818608631,-107.07949606677089
-112.29244003839494,-108.08967876235775,-107.07926669643945
-112.29343547117696,-108.08937177059582,-107.07901956401868
-112.2944102558341,-108.08904908518585,-107.07875652423773
-112.29536617419298,-108.08871239503408,-107.07847924866502
-112.29630483356128,-108.08836322186723,-107.07818924377106
-112.29722768393651,-108.08800293671796,-107.07788786719973
-112.29813603350742,-108.08763277477877,-107.07757634243077
-112.29903106457633,-108.0872538503502,-107.07725577344466
-112.29991384909152,-108.08686717130895,-107.07692715888312
-112.30078533852253,-108.08647363270879,-107.07659138670462
-112.30164640055784,-108.08607404779957,-107.07624926358343
-112.30249781865543,-108.08566914914591,-107.0759015164718
-112.30334030013633,-108.08525959643107,-107.07554880031809
-112.30417448373656,-108.08484598367527,-107.07519170518816
-112.30500094635232,-108.08442884569871,-107.07483076264579
-112.3058202091431,-108.08400866397311,-107.07446645153091
-112.30663274301999,-108.08358587188151,-107.07409920315297
-112.30743897318601,-108.0831608578767,-107.07372940405776
-112.30823928377201,-108.0827339725707,-107.07335740380874
-112.30903402363839,-108.082305533778,-107.07298351981416
-112.30982350765954,-108.08187582560299,-107.0726080357932
-112.31060802077295,-108.0814451035243,-107.07223120715241
-112.31138782090234,-108.08101359722329,-107.07185326378692
-112.31216314162336,-108.08058151313142,-107.07147441259387
-112.31293419458626,-108.08014903674874,-107.07109483976149
-112.28906136353352,-108.01680787203986,-106.98073792442429,-106.47338526282923
-112.28958024722813,-108.01585027105567,-106.9796594244187,-106.4582322409169
-112.29011401463264,-108.01494428344297,-106.97865560416054,-106.44316569907436
-112.29066424831834,-108.01409029567962,-106.97772607864951,-106.42818590339667
-112.29123080171867,-108.01328752850962,-106.97686956881388,-106.41329227269519
-112.29181347606087,-108.0125351669051,-106.9760847727886,-106.39848419185405
-112.29241209109053,-108.01183241256066,-106.97537041025991,-106.38376105458947
-112.29302647477894,-108.01117848039542,-106.97472522146805,-106.36912226301438
-112.29365645816921,-108.01057259621125,-106.97414796583892,-106.35456722661974
-112.29430187276677,-108.01001399520864,-106.9736374208111,-106.34009536134462
-112.29496254940743,-108.0095019215122,-106.97319238152929,-106.32570608951376
-112.29563831767854,-108.00903562761194,-106.97281166015821,-106.31139883931394
-112.29632900572012,-108.00861437415453,-106.97249408556146,-106.29717304464896
-112.29703444024709,-108.00823742990801,-106.97223850313912,-106.28302814514801
-112.29775444658952,-108.0079040715774,-106.97204377444012,-106.2689635859218
-112.29848884903248,-108.00761358424687,-106.97190877756336,-106.25497881815859
-112.29923747113946,-108.00736526140686,-106.97183240694842,-106.24107329903948
-112.3000001357955,-108.00715840473025,-106.97181357294969,-106.22724649145069
-112.30077666545633,-108.0069923242306,-106.97185120186644,-106.21349786416641
-112.30156688236163,-108.00686633831226,-106.97194423583413,-106.19982689188059
-112.30237060873047,-108.00677977379614,-106.97209163269159,-106.18623305521014
-112.30318766695024,-108.00673196594606,-106.972292365855,-106.17271584070392
-112.30401787969141,-108.00672225838915,-106.9725454240705,-106.15927474071933
-112.30486107012244,-108.00675000326414,-106.9728498114625,-106.14590925361958
-112.30571706204375,-108.0068145611361,-106.97320454726814,-106.13261888361734
-112.30658567997209,-108.00691530093522,-106.9736086656436,-106.1194031407105
-112.30746674925594,-108.00705159992647,-106.9740612154954,-106.10626154063328
-112.3083600961544,-108.00722284365524,-106.97456126029799,-106.09319360479527
-112.30926554792046,-108.0074284258904,-106.9751078779069,-106.08019886021208
-112.31018293287617,-108.0076677485676,-106.97570016037726,-106.06727683943981
-112.31111208046521,-108.00794022171186,-106.97633721376422,-106.05442708048966
-112.3120528213157,-108.00824526337011,-106.97701815793478,-106.0416491267507
-112.31300498728224,-108.00858229953025,-106.97774212637093,-106.0289425269035
-112.31396841148963,-108.0089507640439,-106.97850826597887,-106.01630683483779
-112.31494292835956,-108.00935009853318,-106.97931573688409,-106.00374160955323
-112.31592837363597,-108.00977975230046,-106.98016371223247,-105.99124641506515
-112.31692458442218,-108.01023918226008,-106.98105137802087,-105.97882082034106
-112.31759463842236,-108.00991361151274,-106.98083659074881,-105.97862795228149
-112.3182627254938,-108.0095890001562,-106.98062217325342,-105.97843530914722
-112.31892882720167,-108.00926532915462,-106.98040811760956,-105.97824288834919
-112.31959295696663,-108.00894259745765,-106.98019442634245,-105.97805069333923
-112.32025512810489,-108.00862080413422,-106.97998110208655,-105.97785872765115
-112.32091535288887,-108.00829994768978,-106.97976814705027,-105.97766699445833
-112.3215736428536,-108.00798002618767,-106.9795555630583,-105.97747549658102
-112.3222300089934,-108.00766103734881,-106.97934335161001,-105.9772842365271
-112.322884461882,-108.0073429786311,-106.9791315139417,-105.97709321654636
-112.32353701175799,-108.00702584728386,-106.97892005106787,-105.97690243866606
-112.32418766856624,-108.00670964037695,-106.97870896380562,-105.97671190471269
-112.32483644201253,-108.00639435484116,-106.97849825280957,-105.97652161634493
-112.32548334158524,-108.006079987495,-106.97828791860127,-105.97633157508386
-112.32612837658858,-108.00576653505884,-106.97807796157556,-105.97614178231574
-112.32677155616383,-108.00545399417948,-106.9778683820271,-105.9759522393194
-112.32741288928459,-108.00514236142436,-106.97765918014476,-105.97576294726055
-112.32805238479672,-108.00483163331312,-106.97745035604053,-105.97557390722011
-112.32869005140375,-108.00452180630786,-106.97724190974162,-105.975385120186
-112.32932589769722,-108.00421287683596,-106.97703384121104,-105.97519658707343
-112.32995993215124,-108.00390484128813,-106.97682615034824,-105.97500830872671
-112.33059216313248,-108.00359769602706,-106.97661883699645,-105.97482028592525
-112.33122259891323,-108.00329143739445,-106.97641190094906,-105.97463251939058
-112.33185124766865,-108.00298606171341,-106.97620534195374,-105.97444500979039
-112.33247811748491,-108.0026815652914,-106.97599915971432,-105.97425775774029
-112.33310321636884,-108.00237794443055,-106.97579335390168,-105.97407076381505
-112.3337265522418,-108.00207519542228,-106.97558792414897,-105.97388402854345
-112.33434813295702,-108.00177331455987,-106.97538287006326,-105.97369755242026
-112.33496796628818,-108.00147229813199,-106.97517819122106,-105.973511335902
-112.33558605994624,-108.00117214243116,-106.97497388717437,-105.97332537941224
-112.33620242157293,-108.00087284375438,-106.97476995745414,-105.97313968334613
-112.33681705874517,-108.00057439840162,-106.97456640156747,-105.97295424806694
-112.33742997898233,-108.0002768026836,-106.97436321900537,-105.97276907391404
-112.33804118973947,-107.99998005291604,-106.9741604092384,-105.97258416119867
-112.33865069842152,-107.99968414543154,-106.97395797172835,-105.97239951021622
-112.33925851236783,-107.99938907656467,-106.97375590591312,-105.97221512123008
-112.32497806345242,-107.96471038442219,-106.92615970287609,-105.90201572871374,-105.3962564533686
-112.32546906186815,-107.96419811000457,-106.92567835342014,-105.90146160622828,-105.38170458340187
-112.32597151639146,-107.96371857914437,-106.92524180627711,-105.90097392979212,-105.36723217161318
-112.32648622870178,-107.96327194630226,-106.92484984737894,-105.90055189168463,-105.35283905349243
-112.32701301108163,-107.96285771180874,-106.92450174805842,-105.90019430183924,-105.33852470867818
-112.32755166104194,-107.96247536196142,-106.92419676781937,-105.89989996728713,-105.32428860332524
-112.32810199549517,-107.96212439661514,-106.9239341788708,-105.89966771323112,-105.31013021022049
-112.32866384348752,-107.96180432719024,-106.92371326648183,-105.89949638478919,-105.2960490108796
-112.32923704209554,-107.96151467504588,-106.92353332844144,-105.89938484703887,-105.28204449583959
-112.32982143409137,-107.96125497033937,-106.92339367442528,-105.89933198459589,-105.26811616443239
-112.33041686647604,-107.96102475115157,-106.92329362535637,-105.8993367010123,-105.25426352435184
-112.33102318958633,-107.96082356290069,-106.92323251292703,-105.89939791825915,-105.24048609129329
-112.33164025649614,-107.96065095787858,-106.92320967916334,-105.89951457619384,-105.22678338856322
-112.33226792262484,-107.96050649492065,-106.92322447609199,-105.8996856321189,-105.21315494677941
-112.3329060454599,-107.9603897391422,-106.92327626545075,-105.89991006036655,-105.19960030358926
-112.33355448437428,-107.96030026172546,-106.92336441843092,-105.90018685190608,-105.18611900340636
-112.33421310047807,-107.96023763974023,-106.9234883154532,-105.90051501398773,-105.17271059718232
-112.33488175652505,-107.96020145600221,-106.92364734597496,-105.90089356981679,-105.1593746422055
-112.33556031683553,-107.96019129894118,-106.92384090830319,-105.90132155823005,-105.14611070189832
-112.33624864722853,-107.9602067624744,-106.92406840941342,-105.9017980333843,-105.13291834562575
-112.33694661497749,-107.96024744590108,-106.92432926478861,-105.90232206446414,-105.11979714851925
-112.33765408875784,-107.96031295379548,-106.924622898259,-105.90289273539578,-105.10674669130692
-112.33837093863524,-107.96040289593097,-106.92494874187207,-105.90350914459256,-105.09376656017183
-112.33909703601677,-107.96051688717193,-106.92530623572974,-105.90417040466788,-105.08085634657533
-112.33983225362543,-107.96065454738627,-106.92569482784813,-105.90487564217608,-105.06801564710779
-112.34057646547791,-107.96081550136347,-106.92611397402364,-105.90562399736106,-105.05524406334453
-112.34132954685396,-107.9609993787344,-106.92656313770527,-105.90641462391598,-105.04254120171203
-112.34209137427581,-107.96120581388679,-106.92704178985828,-105.90724668873482,-105.0299066733437
-112.34286182549279,-107.96143444589549,-106.92754940884575,-105.90811937168384,-105.01734009395376
-112.3436407794556,-107.96168491844675,-106.92808548030779,-105.90903186537577,-105.00484108371312
-112.34442811629827,-107.96195687976586,-106.92864949704253,-105.9099833749475,-104.99240926712746
-112.34522371732751,-107.96224998255181,-106.929240958894,-105.91097311784422,-104.98004427291883
-112.3460274649942,-107.96256388390341,-106.92985937263671,-105.91200032360688,-104.96774573391089
-112.34683924289493,-107.96289824526255,-106.93050425187165,-105.91306423366912,-104.95551328692113
-112.34765893573758,-107.96325273233894,-106.93117511691214,-105.91416410114925,-104.94334657264743
-112.34848642927544,-107.96362701495345,-106.93187149457377,-105.91529919061374,-104.93124523560256
-112.34932161037158,-107.96402076713275,-106.93259291825132,-105.91646877794955,-104.919208923946
-112.34986526046919,-107.96377209898735,-106.93244133586866,-105.91637410675088,-104.91911401892754
-112.35040752364682,-107.96352415801353,-106.93229005417008,-105.91627946361245,-104.91901913983489
-112.35094838171945,-107.9632769262961,-106.9321390620658,-105.91618484475798,-104.91892428680259
-112.35148784300321,-107.96303040181715,-106.93198835926101,-105.91609025105492,-104.91882946043161
-112.35202591559027,-107.96278458279714,-106.93183794586251,-105.91599568383418,-104.91873466177728
-112.35256260672641,-107.9625394671287,-106.9316878218509,-105.91590114445957,-104.91863989200357
-112.35309792310633,-107.96229505246154,-106.93153798706776,-105.9158066342413,-104.91854515226575
-112.35363187105101,-107.96205133626692,-106.9313884412281,-105.91571215440553,-104.9184504436609
-112.35416445662705,-107.96180831590087,-106.93123918395754,-105.91561770611199,-104.91835576723709
-112.35469568571105,-107.96156598863305,-106.93109021480424,-105.91552329045152,-104.91826112398493
-112.35522556403576,-107.96132435167587,-106.93094153326071,-105.91542890846235,-104.91816651485085
-112.35575409723222,-107.96108340220847,-106.93079313877936,-105.9153345611385,-104.91807194074248
-112.35628129083491,-107.96084313737933,-106.930645030774,-105.91524024942984,-104.91797740252758
-112.35680715030203,-107.96060355432168,-106.93049720863341,-105.91514597425538,-104.91788290104809
-112.35733168104058,-107.96036465016763,-106.93034967173041,-105.91505173650677,-104.91778843712001
-112.35785488838602,-107.96012642203375,-106.93020241941096,-105.91495753704123,-104.91769401152844
-112.35837677763348,-107.95988886704588,-106.93005545101549,-105.9148633766994,-104.91759962504369
-112.35889735403148,-107.95965198233021,-106.92990876586984,-105.91476925629681,-104.91750527841305
-112.35941662277699,-107.95941576501191,-106.9297623632852,-105.91467517662399,-104.9174109723607
-112.35993458903329,-107.95918021222833,-106.92961624256965,-105.91458113845742,-104.91731670759854
-112.36045125792322,-107.95894532112293,-106.92947040302319,-105.91448714255563,-104.91722248482245
-112.36096663452857,-107.95871108884445,-106.92932484393572,-105.91439318965475,-104.91712830470686
-112.36148072390648,-107.9584775125605,-106.92917956460136,-105.91429928048524,-104.91703416792241
-112.36199353106511,-107.95824458943763,-106.9290345642994,-105.91420541575259,-104.91694007511656
-112.36250506098888,-107.95801231666051,-106.92888984231193,-105.91411159615357,-104.91684602692877
-112.36301531862617,-107.95778069142311,-106.92874539791612,-105.91401782237004,-104.9167520239857
-112.36352430889681,-107.95754971093369,-106.92860123038876,-105.91392409507223,-104.91665806690293
-112.36403203668463,-107.95731937240822,-106.92845733900049,-105.91383041491483,-104.91656415628266
-112.36453850685074,-107.95708967308262,-106.92831372302732,-105.91373678254644,-104.91647029272134
-112.36504372422225,-107.95686061020092,-106.92817038173932,-105.91364319860044,-104.91637647680238
-112.36554769359456,-107.95663218101889,-106.92802731440462,-105.91354966369747,-104.91628270909703
-112.36605041974482,-107.95640438281383,-106.9278845202983,-105.91345617845505,-104.91618899017467
-112.36655190741027,-107.95617721286766,-106.92774199868752,-105.91336274347317,-104.91609532058851
-112.36705216131081,-107.95595066848298,-106.9275997488447,-105.91326935934639,-104.91600170088734
-112.36755118613418,-107.95572474697333,-106.92745777004123,-105.9131760266592,-104.915908131611
-112.35826694247073,-107.93464718159757,-106.89940106240023,-105.87342386516815,-104.8562097653222,-104.35137646834325
-112.358707837099,-107.93432549657511,-106.8991401683449,-105.87318014070152,-104.85592720859702,-104.33714160649701
-112.35915720411705,-107.9340257728833,-106.89890829102198,-105.87297747202307,-104.85570654132005,-104.3229824232699
-112.35961551558718,-107.93374809119963,-106.89870531010496,-105.87281546408533,-104.8555468470696,-104.30889863840439
-112.36008263089798,-107.93349213635291,-106.89853079102728,-105.87269345446808,-104.85544701968091,-104.29488979938311
-112.36055840636703,-107.93325758841661,-106.89838429368005,-105.87261077639893,-104.85540595674425,-104.28095544717517
-112.36104271205434,-107.9330441362657,-106.89826538510334,-105.87256677094561,-104.85542256977564,-104.26709512572809
-112.3615354268041,-107.93285147591511,-106.89817363940568,-105.87256078831544,-104.85549578629745,-104.25330838430568
-112.36203643541468,-107.93267930943018,-106.89810863748805,-105.87259218824492,-104.85562455053196,-104.23959477837172
-112.36254562690891,-107.93252734414277,-106.89806996669644,-105.87266033999296,-104.85580782350029,-104.22595386985375
-112.36306289346344,-107.9323952921057,-106.89805722051429,-105.87276462220395,-104.85604458288364,-104.21238522715149
-112.36358812970293,-107.93228286967583,-106.89806999826995,-105.8729044226857,-104.85633382273973,-104.19888842499095
-112.36412123223535,-107.93218979721506,-106.89810790490523,-105.87307913820133,-104.85667455320568,-104.18546304425948
-112.364662099347,-107.93211579887682,-106.89817055079335,-105.87328817427971,-104.85706580020259,-104.17210867183654
-112.36521063077842,-107.9320606024244,-106.89825755156627,-105.87353094501438,-104.85750660511502,-104.15882490039557
-112.36576672758858,-107.93202393911461,-106.89836852799525,-105.87380687290826,-104.8579960245174,-104.1456113282507
-112.36633029202724,-107.93200554356768,-106.89850310584852,-105.87411538868426,-104.85853312985653,-104.13246755915463
-112.36690122747221,-107.93200515369003,-106.89866091579593,-105.87445593114238,-104.85911700718727,-104.11939320214978
-112.36747943835424,-107.93202251058568,-106.89884159330252,-105.8748279470038,-104.85974675689211,-104.10638787139861
-112.36806483012693,-107.93205735849764,-106.89904477854591,-105.87523089077536,-104.86042149342435,-104.09345118603795
-112.36865730920594,-107.93210944472546,-106.89927011631217,-105.87566422459462,-104.86114034503208,-104.08058277000974
-112.36925678295363,-107.93217851958144,-106.89951725592915,-105.8761274181133,-104.8619024535268,-104.06778225193757
-112.36986315965268,-107.93226433634096,-106.89978585119448,-105.87661994837433,-104.86270697404395,-104.05504926499104
-112.37047634847794,-107.93236665117782,-106.90007556028398,-105.87714129966805,-104.86355307478443,-104.04238344672933
-112.37109625947541,-107.93248522312192,-106.90038604568922,-105.8776909634225,-104.86443993679669,-104.02978443898625
-112.37172280354957,-107.93261981401228,-106.90071697414514,-105.87826843808178,-104.86536675374548,-104.01725188773764
-112.37235589244021,-107.9327701884509,-106.90106801656263,-105.87887322899091,-104.86633273169215,-104.00478544298092
-112.37299543870421,-107.93293611375577,-106.90143884795982,-105.87950484828282,-104.86733708887854,-103.99238475861577
-112.37364135571141,-107.93311735993083,-106.90182914741037,-105.88016281478063,-104.86837905552913,-103.98004949234249
-112.37429355762674,-107.93331369962299,-106.90223859797926,-105.88084665388904,-104.8694578736435,-103.96777930554894
-112.37495195939631,-107.93352490808088,-106.90266688666075,-105.88155589748882,-104.87057279679438,-103.95557386320165
-112.37561647674454,-107.93375076312195,-106.90311370432204,-105.88229008383523,-104.87172308992959,-103.94343283373871
-112.37628702614084,-107.93399104508212,-106.9035787456369,-105.88304875745396,-104.87290802918018,-103.93135588897076
-112.37696352481578,-107.93424553680066,-106.90406170904807,-105.88383146906011,-104.87412690168559,-103.91934270399385
-112.37764589072982,-107.93451402356891,-106.90456229669789,-105.88463777544956,-104.87537900539888,-103.90739295708447
-112.37833404253688,-107.93479629304566,-106.90508021431268,-105.88546723933808,-104.87666364888744,-103.89550632964325
-112.37902789958235,-107.93509213524692,-106.90561517118273,-105.88631942931126,-104.87798015117448,-103.88368250609516
-112.37947893272649,-107.93489013736115,-106.90549123395333,-105.88624990001685,-104.87793908493167,-103.88362939422879
-112.3799289272792,-107.93468869610766,-106.90536755901121,-105.88618042092469,-104.87789794539312,-103.88357627599926
-112.38037786972487,-107.93448779814388,-106.9052441370795,-105.88611098628674,-104.87785673218399,-103.88352315421047
-112.38082576695611,-107.93428744266497,-106.9051209680071,-105.88604159628711,-104.87781544566006,-103.88347002842866
-112.38127262540677,-107.93408762889439,-106.90499805189408,-105.88597225156009,-104.8777740866945,-103.88341689872756
-112.38171845069323,-107.93388835571946,-106.90487538871213,-105.88590295280778,-104.87773265638056,-103.8833637654741
-112.3821632478914,-107.93368962178333,-106.90475297830798,-105.8858337007208,-104.87769115588914,-103.88331062916048
-112.38260702170565,-107.93349142555071,-106.90463082041869,-105.88576449594656,-104.877649586401,-103.88325749032029
-112.3830497765815,-107.93329376535776,-106.90450891469276,-105.88569533908432,-104.8776079490819,-103.88320434949564
-112.38349151677517,-107.93309663944918,-106.90438726071048,-105.88562623068859,-104.87756624507209,-103.88315120721994
-112.38393224640224,-107.93290004600269,-106.90426585799791,-105.88555717127386,-104.87752447548425,-103.88309806401335
-112.3843719694652,-107.93270398314066,-106.90414470603051,-105.88548816131059,-104.87748264139309,-103.88304492036923
-112.38481068988247,-107.93250844895375,-106.90402380425402,-105.88541920124283,-104.87744074385024,-103.8829917767676
-112.38524841149973,-107.93231344150205,-106.90390315208123,-105.88535029148166,-104.8773987838758,-103.88293863366603
-112.38568513810115,-107.93211895882492,-106.90378274890111,-105.88528143241236,-104.87735676246288,-103.88288549150307
-112.38612087341971,-107.93192499894573,-106.90366259408125,-105.88521262439647,-104.8773146805797,-103.88283235069943
-112.38655562114523,-107.93173155988067,-106.9035426869766,-105.88514386777837,-104.8772725391752,-103.88277921166414
-112.38698938491923,-107.93153863963069,-106.90342302692076,-105.88507516287727,-104.87723033917015,-103.88272607478446
-112.38742216834893,-107.93134623619427,-106.90330361323812,-105.8850065099983,-104.8771880814685,-103.88267294043736
-112.38785397501103,-107.931154347569,-106.90318444524415,-105.88493790943143,-104.87714576695497,-103.8826198089868
-112.38828480844323,-107.93096297174657,-106.90306552224267,-105.88486936145178,-104.87710339649769,-103.88256668078654
-112.38871467215688,-107.93077210671991,-106.90294684353081,-105.88480086632089,-104.87706097094622,-103.88251355617794
-112.38914356963367,-107.93058175048351,-106.90282840839993,-105.88473242428945,-104.87701849113607,-103.88246043549329
-112.38957150432714,-107.9303919010323,-106.90271021613474,-105.8846640355964,-104.87697595788802,-103.88240731905704
-112.3899984796689,-107.9302025563671,-106.90259226601785,-105.88459570047203,-104.87693337200928,-103.88235420718476
-112.39042449906196,-107.93001371448918,-106.90247455732518,-105.88452741913547,-104.87689073429365,-103.88230110018499
-112.390849565886,-107.929825373406,-106.90235708933201,-105.88445919179908,-104.87684804552318,-103.88224799835896
-112.39127368349662,-107.92963753112684,-106.90223986130724,-105.88439101866345,-104.87680530646566,-103.8821949020003
-112.39169685523368,-107.92945018567252,-106.90212287252386,-105.88432289992706,-104.87676251788179,-103.88214181139966
-112.39211908440903,-107.92926333506531,-106.90200612224953,-105.88425483577844,-104.87671968051984,-103.88208872684119
-112.39254037431544,-107.92907697733509,-106.90188960975237,-105.88418682640066,-104.87667679511813,-103.88203564860389
-112.39296072822974,-107.92889111052071,-106.90177333430103,-105.88411887197134,-104.87663386240628,-103.88198257696335
-112.3933801494066,-107.92870573266653,-106.901657295163,-105.88405097266171,-104.8765908831033,-103.88192951218909
-112.39379864107768,-107.92852084182235,-106.90154149160458,-105.88398312863676,-104.876547857919,-103.88187645454667
-112.3942162064621,-107.92833643605,-106.90142592289624,-105.8839153400596,-104.87650478755766,-103.88182340430131
-112.38782709144334,-107.9145689910183,-106.88355409536128,-105.85938646571142,-104.84111279910464,-103.82814459059865,-103.32387863598849
-112.38821426633132,-107.91434060965298,-106.88338582272218,-105.85925521128662,-104.84099498253643,-103.82801134266214,-103.3098212891837
-112.38860785257718,-107.91412767894175,-106.8832374251311,-105.85915110544063,-104.84091629663239,-103.82793756649372,-103.29583771059227
-112.38900814694836,-107.91393023294978,-106.88310881230531,-105.85907391220185,-104.84087626943607,-103.82792230274073,-103.28192757206352
-112.38941504396763,-107.9137480577128,-106.88299970131082,-105.85902322484057,-104.84087426682022,-103.82796448318804,-103.2680904494574
-112.38982843853196,-107.91358094047489,-106.88290981008666,-105.85899863652547,-104.84090965578504,-103.82806304850237,-103.25432591738364
-112.39024823523881,-107.91342867526454,-106.88283886217766,-105.85899974562567,-104.84098181016773,-103.82821695263819,-103.24063355309983
-112.39067434513544,-107.91329106114661,-106.88278658579058,-105.85902615569383,-104.84109011149528,-103.82842516418462,-103.22701293807687
-112.39110668374842,-107.91316790127641,-106.88275271335262,-105.85907747552723,-104.84123394945405,-103.82868666698903,-103.21346365878729
-112.3915451698356,-107.91305900227654,-106.8827369811874,-105.85915331912429,-104.84141272204819,-103.8290004603322,-103.19998530702482
-112.39198972456339,-107.91296417381932,-106.88273912928837,-105.85925330562958,-104.84162583565471,-103.82936555894734,-103.18657748005954
-112.39244027097409,-107.91288322834087,-106.88275890114772,-105.85937705926158,-104.84187270499994,-103.82978099292457,-103.17323978067162
-112.39289673361725,-107.9128159808209,-106.88279604360231,-105.85952420920783,-104.84215275305881,-103.83024580750809,-103.1599718170707
-112.39335903830704,-107.91276224862777,-106.8828503067163,-105.85969438953006,-104.84246541094485,-103.83075906288155,-103.14677320280238
-112.39382711194175,-107.91272185139675,-106.88292144368266,-105.85988723907472,-104.84281011779407,-103.83131983393581,-103.13364355663155
-112.39430088239442,-107.91269461094166,-106.88300921073987,-105.86010240138016,-104.84318632062988,-103.83192721001559,-103.12058250240366
-112.39478027841128,-107.91268035117601,-106.88311336709941,-105.86033952459717,-104.84359347424346,-103.83258029468034,-103.10758966891643
-112.39526522956204,-107.91267889805651,-106.88323367487988,-105.86059826139926,-104.84403104105274,-103.83327820544226,-103.09466468976662
-112.39575566617984,-107.91269007952255,-106.883369899043,-105.86087826890329,-104.84449849097622,-103.83402007352177,-103.081807203213
-112.39625151932381,-107.91271372545117,-106.88352180733881,-105.86117920859081,-104.84499530130411,-103.83480504360267,-103.06901685203657
-112.39675272075553,-107.9127496676169,-106.88368917025348,-105.86150074623218,-104.84552095657035,-103.83563227358606,-103.05629328339737
-112.39725920289838,-107.91279773964794,-106.88387176095935,-105.86184255181821,-104.8460749484404,-103.83650093437062,-103.04363614871826
-112.39777089883786,-107.91285777700689,-106.88406935528116,-105.86220429949951,-104.84665677559704,-103.83741020962356,-103.03104510355459
-112.39828774228535,-107.91292961694137,-106.88428173163656,-105.86258566750497,-104.84726594361177,-103.83835929554516,-103.01851980745809
-112.39880966756988,-107.91301309846058,-106.88450867100049,-105.86298633808286,-104.84790196483834,-103.83934740065584,-103.00605992386143
-112.39933660962134,-107.91310806230243,-106.88474995686084,-105.86340599743404,-104.84856435829947,-103.84037374557946,-102.99366511995666
-112.39986850395418,-107.91321435090704,-106.88500537518239,-105.86384433565466,-104.84925264958449,-103.84143756284055,-102.98133506658881
-112.40040528666465,-107.91333180839847,-106.88527471437713,-105.86430104668526,-104.84996637075535,-103.84253809667236,-102.96906943815632
-112.40094689441571,-107.91346028055207,-106.88555776525965,-105.86477582824303,-104.8507050602319,-103.84367460280272,-102.95686791248895
-112.40149326442338,-107.91359961477397,-106.88585432101841,-105.8652683817747,-104.85146826270606,-103.84484634827695,-102.9447301707625
-112.40204433445598,-107.91374966008034,-106.88616417718276,-105.86577841240121,-104.8522555290409,-103.84605261126157,-102.93265589739173
-112.40260004281754,-107.91391026706464,-106.88648713157752,-105.86630562885006,-104.85306641616148,-103.84729268084453,-102.92064477991852
-112.40316032834329,-107.91408128788495,-106.88682298430342,-105.8668497434184,-104.85390048697927,-103.8485658568724,-102.90869650893768
-112.40372513038429,-107.914262576234,-106.88717153769606,-105.8674104719123,-104.85475731029199,-103.84987144976365,-102.89681077799652
-112.40429438880848,-107.9144539873248,-106.88753259630106,-105.86798753360216,-104.8556364606998,-103.85120878033986,-102.88498728351117
-112.40486804398556,-107.91465537786716,-106.88790596684277,-105.86858065117399,-104.85653751851959,-103.852577179658,-102.87322572468409
-112.40544603674982,-107.9148666059903,-106.88829145812277,-105.8691895505934,-104.85746006960413,-103.85397598881146,-102.86152580346281
-112.41434028304506,-107.91179569642716,-106.88593206753116,-105.86737495877011,-104.85604003937273,-103.85280200945549,-102.86042192976203
-112.42281254642927,-107.90885496730478,-106.88367255986381,-105.86563699918425,-104.8546796633971,-103.85167674645905,-102.85936267492048
-112.43089260982246,-107.90603658238115,-106.88150692144103,-105.86397106003912,-104.85337535643265,-103.85059728159162,-102.85834537999372
-112.43860736125227,-107.90333322742836,-106.87942954411342,-105.86237284281647,-104.85212377694461,-103.84956089171132,-102.85736756022634
-112.44598125914585,-107.90073814097141,-106.87743524226227,-105.86083837134537,-104.85092183241954,-103.84856505521815,-102.8564269139886
-112.45303660812948,-107.89824506879849,-106.87551921852925,-105.85936396629319,-104.84976666034473,-103.84760743729413,-102.85552130969495
-112.45979379271637,-107.89584821898939,-106.87367702975216,-105.85794621950514,-104.84865560869027,-103.84668587436963,-102.85464877182896
-112.46627148110268,-107.89354222129549,-106.87190455601382,-105.85658197050098,-104.84758621785984,-103.84579835958752,-102.85380746775724
-112.47248680339598,-107.89132209048549,-106.87019797262566,-105.8552682851043,-104.84655620418631,-103.84494302945058,-102.85299569559972
-112.47845550795844,-107.88918319329551,-106.8685537248299,-105.85400243610351,-104.84556344495371,-103.8441181516658,-102.85221187316749
-112.4841920989488,-107.88712121861192,-106.86696850495844,-105.85278188577175,-104.84460596483923,-103.84332211412539,-102.85145452792914
-112.48970995763936,-107.88513215053185,-106.86543923178697,-105.85160427005383,-104.8436819236342,-103.842553414914,-102.85072228790392
-112.49502144972517,-107.88321224400948,-106.86396303186555,-105.8504673842618,-104.84278960513127,-103.84181065325994,-102.85001387341234
-112.50013802047762,-107.8813580028085,-106.86253722261375,-105.84936917011792,-104.8419274070525,-103.84109252133052,-102.84932808959627
-112.50507027933406,-107.87956615952561,-106.86115929700202,-105.8483077040106,-104.8410938319185,-103.8403977967891,-102.84866381962867
-112.50982807527535,-107.87783365746556,-106.85982690965143,-105.8472811863379,-104.84028747876192,-103.83972533604312,-102.84802001855724
-112.51442056413687,-107.8761576341747,-106.85853786420469,-105.84628793182196,-104.83950703559296,-103.8390740680981,-102.84739570769511
-112.51885626885309,-107.87453540646051,-106.85729010183474,-105.84532636069622,-104.83875127254299,-103.83844298896757,-102.84678996952245
-112.52314313350556,-107.87296445676652,-106.85608169079592,-105.84439499069309,-104.838019035633,-103.83783115659138,-102.84620194304884
-112.5272885718791,-107.87144242073173,-106.85491081687846,-105.84349242972004,-104.83730924107256,-103.83723768618452,-102.84563081956932
-112.53129951119855,-107.86996707585024,-106.85377577471014,-105.84261736918927,-104.83662087007141,-103.83666174600604,-102.8450758388039
-112.53518243158072,-107.86853633110516,-106.85267495980537,-105.84176857791878,-104.83595296409267,-103.83610255348624,-102.84453628536308
-112.53894340169626,-107.86714821748588,-106.85160686128825,-105.84094489654906,-104.83530462050784,-103.8355593716818,-102.84401148551244
-112.54258811105133,-107.86580087930439,-106.85057005523248,-105.84014523243471,-104.83467498862088,-103.83503150603222,-102.84350080421318
-112.54612189926021,-107.86449256622849,-106.84956319854909,-105.83936855495561,-104.83406326601991,-103.83451830138362,-102.84300364240568
-112.5495497826489,-107.86322162598044,-106.84858502338373,-105.8386138912174,-104.83346869522974,-103.83401913925626,-102.84251943451463
-112.55287647844128,-107.8619864976159,-106.84763433196152,-105.83788032209793,-104.83289056063572,-103.83353343533608,-102.84204764616125
-112.55610642681931,-107.86078570535945,-106.84670999185755,-105.83716697861858,-104.83232818565925,-103.83306063716921,-102.84158777205806
-112.55924381102439,-107.85961785290448,-106.84581093162227,-105.83647303858694,-104.83178093014361,-103.8326002220282,-102.8411393340608
-112.56229257574597,-107.85848161817923,-106.84493613676742,-105.83579772351806,-104.8312481879587,-103.8321516949591,-102.84070187938728
-112.56525644394989,-107.85737574851532,-106.84408464605839,-105.83514029579024,-104.83072938478725,-103.83171458697377,-102.84027497896635
-112.56813893227992,-107.85629905617375,-106.84325554808096,-105.83450005600935,-104.83022397607162,-103.831288453374,-102.83985822590796
-112.57094336520844,-107.85525041422672,-106.84244797808277,-105.83387634058667,-104.8297314451303,-103.83087287221628,-102.83945123410324
-112.57367288802111,-107.85422875273274,-106.8416611150376,-105.83326851948571,-104.82925130140204,-103.83046744287594,-102.83905363691164
-112.57633047876003,-107.85323305519867,-106.8408941789317,-105.83267599414108,-104.82878307882787,-103.83007178473017,-102.83866508596097
-112.57324403208818,-107.84427540334934,-106.82955810495687,-105.81756506031057,-104.80770432872605,-103.79937940718713,-102.79189464075316,-102.28836139891709
-112.5757490121807,-107.84334099500177,-106.82884293396864,-105.81702132448274,-104.80729133880918,-103.79906171127338,-102.7916397978964,-102.27422559007984
-112.57819759448999,-107.84243947723128,-106.82815863897235,-105.8165093342598,-104.80691471485348,-103.79879052258083,-102.79145074271027,-102.26017102995228
-112.58059241717372,-107.84157005572234,-106.82750451739639,-105.81602843162676,-104.80657377020773,-103.79856498814672,-102.79132616007324,-102.24619702793454
-112.58293570773176,-107.84073176818293,-106.82687974547692,-105.81557785740463,-104.8062677163116,-103.79838414855621,-102.79126467062368,-102.23230283815057
-112.5852295776691,-107.83992369350369,-106.8262835333129,-105.81515687950373,-104.80599578652283,-103.79824706527286,-102.79126492343917,-102.21848773280972
-112.58747603647205,-107.83914495330734,-106.82571512493418,-105.81476479315285,-104.80575723748278,-103.79815282280686,-102.79132559727236,-102.20475100308406
-112.58967699622619,-107.83839470806224,-106.82517379508494,-105.81440091847682,-104.80555134756206,-103.79810052794211,-102.79144540014904,-102.1910919589344
-112.59183427649569,-107.8376721541958,-106.82465884702995,-105.814064598941,-104.8053774158606,-103.7980893091314,-102.79162306883319,-102.17750992875015
-112.59394960918632,-107.83697652170011,-106.8241696107659,-105.81375520007622,-104.80523476133659,-103.79811831587044,-102.79185736816969,-102.16400425884756
-112.59602464326005,-107.83630707204117,-106.82370544145563,-105.81347210833921,-104.80512272198098,-103.79818671803697,-102.79214709034578,-102.15057431287582
-112.59806094926245,-107.83566309630018,-106.823265718021,-105.8132147300628,-104.80504065402296,-103.7982937052185,-102.79249105412354,-102.13721947118978
-112.60006002362947,-107.83504391349287,-106.82284984185762,-105.81298249047562,-104.80498793115666,-103.79843848602114,-102.79288810403283,-102.12393913017483
-112.60202329273733,-107.83444886901441,-106.82245723563561,-105.81277483277191,-104.80496394378964,-103.79862028738282,-102.7933371095668,-102.11073270157242
-112.60395211674769,-107.8338773332284,-106.82208734220502,-105.81259121725432,-104.8049680983387,-103.79883835391668,-102.79383696440286,-102.09759961182536
-112.60584779321242,-107.83332870015461,-106.82173962357629,-105.81243112053048,-104.80499981656344,-103.79909194728253,-102.79438658565269,-102.08453930145122
-112.60771156044639,-107.83280238623149,-106.82141355994847,-105.81229403473444,-104.80505853490546,-103.79938034554881,-102.79498491309586,-102.07155122439246
-112.60954460072992,-107.83229782919719,-106.82110864883559,-105.8121794668319,-104.80514370390334,-103.79970284263214,-102.79563090850229,-102.05863484745618
-112.61134804327932,-107.83181448701343,-106.82082440422384,-105.81208693794726,-104.80525478762318,-103.80005874774591,-102.79632355496268,-102.04578964975907
-112.61312296706735,-107.83135183688317,-106.82056035579853,-105.81201598273857,-104.80539126311832,-103.80044738486684,-102.7970618562329,-102.03301512218056
-112.61487040343877,-107.8309093743005,-106.82031604819443,-105.81196614879201,-104.80555261990794,-103.8008680922219,-102.79784483610628,-102.02031076684416
-112.61659133858726,-107.83048661217616,-106.8200910403051,-105.81193699606068,-104.80573835949042,-103.80132022180548,-102.79867153781717,-102.00767609662705
-112.6182867158725,-107.83008308000699,-106.81988490462787,-105.81192809633502,-104.80594799488476,-103.80180313892362,-102.79954102347574,-101.99511063469966
-112.61995743800114,-107.82969832309595,-106.81969722664607,-105.81193903273872,-104.80618105019016,-103.80231622175313,-102.80045237351811,-101.98261391407728
-112.62160436907601,-107.82933190181744,-106.8195276042492,-105.8119693992587,-104.8064370601782,-103.80285886093323,-102.8014046861947,-101.97018547720972
-112.62322833652492,-107.82898339092405,-106.81937564718459,-105.81201880029813,-104.806715569901,-103.80343045917145,-102.80239707707366,-101.95782487558367
-112.62483013291677,-107.82865237889305,-106.81924097653965,-105.81208685025427,-104.80701613432119,-103.80403043086723,-102.80342867856356,-101.94553166934185
-112.62641051767503,-107.82833846731216,-106.81912322425616,-105.81217317312203,-104.8073383179641,-103.80465820176016,-102.80449863946528,-101.93330542693111
-112.62797021868714,-107.8280412702947,-106.81902203266746,-105.81227740211698,-104.80768169458685,-103.80531320859365,-102.80560612454208,-101.92114572476721
-112.62950993383085,-107.82776041393386,-106.81893705406551,-105.81239917931998,-104.80804584686281,-103.80599489878814,-102.80675031409692,-101.90905214690295
-112.63103033239739,-107.82749553577138,-106.81886795027869,-105.81253815533033,-104.80843036607433,-103.80670273012792,-102.80793040357135,-101.89702428471985
-112.6325320564614,-107.82724628431812,-106.81881439229157,-105.81269398895516,-104.808834851838,-103.8074361704745,-102.80914560316846,-101.88506173664022
-112.63401572214637,-107.8270123185758,-106.81877605986489,-105.81286634689559,-104.80925891182417,-103.80819469747804,-102.81039513747982,-101.87316410784304
-112.63548192084448,-107.82679330760449,-106.81875264119246,-105.81305490346558,-104.80970216150637,-103.8089777983134,-102.81167824513531,-101.86133101000028
-112.63693122035143,-107.8265889300964,-106.81874383256125,-105.81325934031094,-104.81016422390978,-103.8097849694193,-102.81299417846206,-101.84956206102346
-112.6383641659538,-107.82639887398334,-106.81874933803958,-105.8134793461529,-104.81064472938138,-103.81061571625514,-102.81434220315974,-101.83785688482274
-112.6397812814444,-107.82622283605394,-106.81876886917219,-105.81371461653507,-104.81114331536146,-103.81146955305938,-102.81572159797922,-101.82621511106956
-112.6408903666759,-107.82569253395393,-106.81853476127782,-105.81353930998465,-104.81101179888489,-103.8113668314348,-102.81562918031715,-101.82610213785198
-112.64198457711714,-107.82517711680934,-106.81829827898191,-105.81336205484459,-104.81087866566484,-103.81126274083901,-102.81553557651768,-101.8259881749209
-112.64306395802194,-107.82467574449096,-106.8180599660433,-105.81318327221283,-104.81074424216695,-103.81115753935455,-102.81544100407467,-101.82587342546785
-112.64412860445137,-107.82418766581308,-106.81782030992247,-105.81300333950067,-104.81060882102825,-103.81105145762706,-102.8153456536769,-101.82575806394766
-112.64517863606754,-107.82371219388644,-106.81757973903015,-105.81282258881072,-104.81047266021999,-103.81094469943264,-102.81524969409658,-101.82564224476194
-112.64621419231888,-107.82324869839512,-106.81733862998682,-105.81264131246324,-104.81033598720184,-103.81083744484272,-102.81515327480793,-101.8255261047217
-112.64723542894677,-107.82279659939373,-106.81709731416252,-105.8124597679765,-104.81019900268268,-103.81072985307713,-102.81505652824745,-101.82540976507815
-112.64824251499557,-107.82235536190834,-106.8168560832737,-105.81227818233913,-104.8100618838656,-103.8106220649911,-102.81495957180618,-101.82529333332232
-112.64923563025798,-107.82192449123183,-106.81661519420169,-105.81209675569724,-104.80992478726104,-103.8105142052451,-102.81486250958277,-101.8251769047778
-112.65021496309737,-107.82150352881764,-106.8163748731592,-105.81191566454805,-104.80978785112859,-103.81040638419547,-102.81476543391689,-101.8250605639957
-112.65118070858712,-107.82109204867972,-106.81613531929702,-105.81173506450645,-104.80965119759685,-103.8102986995399,-102.8146684267278,-101.82494438597487
-112.65213306692212,-107.82068965423115,-106.81589670784365,-105.81155509271893,-104.80951493451794,-103.81019123776203,-102.81457156069396,-101.82482843723926
-112.6530722420661,-107.82029597549958,-106.81565919283935,-105.81137586996412,-104.80937915708061,-103.81008407538764,-102.81447490027884,-101.82471277677509
-112.65399844059954,-107.81991066666914,-106.81542290952954,-105.8111975024948,-104.8092439492288,-103.80997728009447,-102.81437850264099,-101.82459745686342
-112.65491187072891,-107.81953340389663,-106.8151879764568,-105.8110200836486,-104.80910938490103,-103.80987091167857,-102.81428241842447,-101.82448252380333
-112.65581274145813,-107.81916388338223,-106.81495449730525,-105.81084369526783,-104.80897552912477,-103.80976502291158,-102.81418669246332,-101.82436801855708
-112.65670126187582,-107.8188018196469,-106.81472256252265,-105.81066840894984,-104.80884243898151,-103.80965966029744,-102.81409136440308,-101.82425397731994
-112.6575776405484,-107.81844694399078,-106.8144922507466,-105.8104942871456,-104.80871016445231,-103.80955486473275,-102.81399646924297,-101.82414043201645
-112.65844208501194,-107.81809900311995,-106.81426363007142,-105.81032138413713,-104.80857874917433,-103.80945067210234,-102.81390203782664,-101.82402741075084
-112.65929480134078,-107.8177577579122,-106.81403675916894,-105.81014974690196,-104.80844823110736,-103.80934711380038,-102.81380809727025,-101.82391493819969
-112.6601359937856,-107.81742298230643,-106.81381168827973,-105.80997941587599,-104.8083186431216,-103.8092442171913,-102.81371467134122,-101.82380303595849
-112.66096586446875,-107.81709446230303,-106.81358846009891,-105.80981042563945,-104.80819001353004,-103.80914200602905,-102.81362178080472,-101.82369172286043
-112.66178461313133,-107.81677199505907,-106.81336711055944,-105.80964280551893,-104.80806236655177,-103.80904050082043,-102.81352944372253,-101.82358101525001
-112.66259243693139,-107.81645538807695,-106.81314766953975,-105.80947658013608,-104.80793572273755,-103.80893971915881,-102.8134376757282,-101.8234709272366
-112.66338953026201,-107.81614445845283,-106.81293016148012,-105.80931176988142,-104.80781009933536,-103.80883967601252,-102.81334649026473,-101.8233614709115
-112.66417608462372,-107.81583903221218,-106.81271460595156,-105.809148391355,-104.80768551063167,-103.80874038399268,-102.81325589880565,-101.82325265655132
-112.66495228851437,-107.81553894369455,-106.81250101815446,-105.80898645775095,-104.80756196824848,-103.80864185358645,-102.81316591104768,-101.8231444927955
-112.66571832733808,-107.81524403498953,-106.81228940936498,-105.80882597920335,-104.80743948141269,-103.80854409337044,-102.81307653508762,-101.82303698680866
-112.66647438335545,-107.81495415543677,-106.8120797873477,-105.8086669631043,-104.80731805720023,-103.80844711020077,-102.81298777757702,-101.82293014442159
-112.6672206356148,-107.81466916113784,-106.81187215670057,-105.80850941437089,-104.80719770074478,-103.80835090938021,-102.81289964386397,-101.82282397026347
-112.66795725995506,-107.81438891455504,-106.81166651920559,-105.80835333571673,-104.80707841544708,-103.80825549482086,-102.81281213812473,-101.82271846788163
-112.66868442896019,-107.81411328409143,-106.8114628740995,-105.80819872786118,-104.80696020313701,-103.80816086917218,-102.81272526346999,-101.82261363983886
-112.66940231197304,-107.81384214374413,-106.81126121835237,-105.80804558974489,-104.80684306424226,-103.80806703395628,-102.81263902205957,-101.82250948782115
-112.67011107509597,-107.81357537276521,-106.81106154690173,-105.80789391871122,-104.80672699792733,-103.8079739896745,-102.81255341518653,-101.82240601271188
-112.6708108812035,-107.8133128553529,-106.81086385286767,-105.80774371067291,-104.80661200222407,-103.8078817359129,-102.81246844336842,-101.82230321467871
-112.66662894575641,-107.80725243963967,-106.80395745146171,-105.79822898683085,-104.79324606432445,-103.78865787410463,-102.78399934817175,-101.77853534555581,-101.27527211456092
-112.66730463492996,-107.80699706112632,-106.80377533968598,-105.79809679522572,-104.79315573638064,-103.78860442979793,-102.78398192536318,-101.77856003429126,-101.2614248147924
-112.66797828466213,-107.80675325740384,-106.80360365866579,-105.79797805655434,-104.79308355130043,-103.78857645893888,-102.78400171849819,-101.77864151840485,-101.247649711149
-112.66865021503429,-107.80652102067424,-106.80344241154188,-105.79787269240884,-104.79302934326132,-103.78857367385442,-102.78405822170066,-101.7787788325935,-101.23394646167493
-112.66932051323658,-107.80630016186917,-106.80329144803862,-105.79778050856214,-104.79299284502163,-103.7885956818409,-102.78415081780372,-101.77897093776166,-101.22031465836663
-112.66998926074734,-107.80609049586779,-106.80315062105903,-105.7977013152883,-104.79297379364878,-103.78864209393464,-102.78427889480663,-101.77921680729443,-101.20675389564212
-112.67065653918283,-107.80589184475265,-106.80301978858276,-105.79763492782331,-104.79297193111974,-103.78871252662047,-102.78444184844079,-101.77951542892744,-101.19326377189226
-112.67132242912402,-107.80570403617955,-106.80289881205914,-105.7975811647719,-104.79298700303806,-103.7888066010878,-102.78463908202754,-101.7798658049682,-101.17984388990573
-112.67198700944253,-107.80552690248602,-106.80278755567119,-105.79753984749063,-104.79301875821417,-103.78892394305451,-102.78487000652258,-101.78026695240057,-101.16649385712671
-112.67265035691813,-107.80536028014737,-106.80268588595965,-105.79751079983312,-104.79306694855062,-103.78906418278932,-102.78513404062778,-101.78071790295236,-101.15321328585492
-112.67331254600835,-107.80520400939227,-106.80259367159158,-105.79749384801248,-104.79313132899715,-103.78922695514436,-102.78543061085773,-101.78121770308329,-101.14000179335943
-112.67397364871516,-107.80505793391418,-106.80251078320559,-105.79748882051933,-104.7932116575358,-103.78941189958678,-102.78575915157187,-101.7817654139148,-101.12685900192818
-112.6746337345357,-107.80492190066089,-106.8024370933167,-105.7974955480735,-104.79330769517209,-103.78961866021265,-102.78611910497085,-101.78236011111552,-101.11378453886918
-112.67529287044009,-107.80479575965062,-106.80237247623303,-105.79751386357381,-104.79341920590997,-103.78984688572876,-102.78650992104836,-101.78300088473931,-101.10077803646325
-112.67595112089536,-107.80467936383283,-106.80231680800455,-105.79754360206432,-104.79354595672761,-103.7900962294208,-102.78693105751525,-101.78368683902461,-101.08783913187186
-112.67660854788727,-107.80457256895004,-106.80226996636387,-105.79758460068649,-104.79368771753309,-103.79036634909893,-102.78738197970559,-101.78441709218517,-101.07496746703725
-112.67726521097578,-107.80447523343464,-106.80223183069316,-105.79763669865038,-104.793844261134,-103.79065690705032,-102.78786216047874,-101.78519077619053,-101.0621626885688
-112.67792116733122,-107.80438721829262,-106.8022022819731,-105.79769973718636,-104.79401536318318,-103.79096756996435,-102.7883710800955,-101.78600703652303,-101.04942444760368
-112.67857647180149,-107.80430838701969,-106.80218120275647,-105.79777355951481,-104.79420080213889,-103.79129800887142,-102.78890822610809,-101.78686503195321,-101.03675239968507
-112.67923117696645,-107.80423860551235,-106.80216847713456,-105.79785801081279,-104.79440035922552,-103.79164789908448,-102.78947309325454,-101.7877639343207,-101.02414620464405
-112.6798853331937,-107.80417774198264,-106.80216399070123,-105.79795293817273,-104.79461381837889,-103.79201692011766,-102.79006518332375,-101.78870292828425,-101.01160552644774
-112.68053898870016,-107.80412566688561,-106.80216763052732,-105.79805819057441,-104.79484096621184,-103.79240475563442,-102.79068400506098,-101.78968121112221,-100.99913003309881
-112.68119218961738,-107.80408225285359,-106.80217928513864,-105.79817361885996,-104.7950815919787,-103.7928110933896,-102.79132907406289,-101.79069799252179,-100.9867193965215
-112.68184498005162,-107.80404737463127,-106.80219884449102,-105.79829907570483,-104.79533548753676,-103.79323562516949,-102.79199991267042,-101.79175249436474,-100.97437329244086
-112.6824974021411,-107.80402090901038,-106.80222619994268,-105.79843441558407,-104.79560244729983,-103.79367804672083,-102.79269604985015,-101.79284395050718,-100.96209140025704
-112.68314949611398,-107.8040027347699,-106.80226124422875,-105.79857949474234,-104.7958822681984,-103.79413805769072,-102.79341702108964,-101.79397160657265,-100.94987340292879
-112.68380130034184,-107.80399273261644,-106.8023038714349,-105.79873417116283,-104.79617474963793,-103.79461536156303,-102.79416236829017,-101.7951347197501,-100.93771898686421
-112.68445285139818,-107.80399078513244,-106.80235397697564,-105.79889830454022,-104.79647969346102,-103.79510966559941,-102.79493163966406,-101.79633255859262,-100.92562784180767
-112.68510418410143,-107.80399677671532,-106.80241145756321,-105.79907175624783,-104.79679690390776,-103.7956206807829,-102.79572438963918,-101.79756440283263,-100.9135996607451
-112.68575533158192,-107.80401059354004,-106.80247621119607,-105.79925438931943,-104.79712618758472,-103.79614812176335,-102.79654017876057,-101.79882954318964,-100.9016341397983
-112.68640632532465,-107.8040321235059,-106.80254813713222,-105.79944606842105,-104.797467353431,-103.7966917068083,-102.79737857360465,-101.80012728119864,-100.88973097814085
-112.68705719521434,-107.80406125618599,-106.80262713586238,-105.79964665982033,-104.79782021267816,-103.79725115774369,-102.79823914667979,-101.80145692902201,-100.8778898778948
-112.68770796959939,-107.80409788279773,-106.80271310910192,-105.79985603137244,-104.79818457882492,-103.797826199907,-102.7991214763389,-101.80281780927605,-100.86611054404122
-112.68835867532388,-107.80414189614807,-106.8028059597584,-105.80007405248627,-104.79856026759694,-103.79841656209288,-102.80002514669046,-101.80420925486088,-100.85439268433421
-112.68900933778104,-107.80419319060003,-106.80290559191717,-105.80030059410568,-104.7989470969193,-103.79902197650567,-102.80094974751279,-101.80563060879263,-100.84273600921513
-112.68965998095787,-107.80425166203474,-106.80301191082242,-105.80053552868645,-104.79934488688473,-103.7996421787122,-102.801894874172,-101.80708122404197,-100.83114023173312
-112.69031062747705,-107.80431720781215,-106.80312482285458,-105.80077873016934,-104.79975345971664,-103.80027690758331,-102.80286012752327,-101.80856046335379,-100.81960506744285
-112.69074326767205,-107.80413905602043,-106.80296777390909,-105.80071419010852,-104.79970640635221,-103.80024198173912,-102.80283083500053,-101.80852641601963,-100.81954455217242
-112.69117281651717,-107.80396455290419,-106.80281405150933,-105.80064785375167,-104.79965792262595,-103.8002059093769,-102.80280061021848,-101.80849160257922,-100.81948346567553
-112.69159920849172,-107.80379350827933,-106.80266346211464,-105.80057992783662,-104.79960816784858,-103.80016881309518,-102.8027695496862,-101.80845610606316,-100.81942188694327
-112.69202240243179,-107.80362575879276,-106.80251583941143,-105.80051060373512,-104.79955728947911,-103.8001308064318,-102.80273774204647,-101.80841999892486,-100.81935988118553
-112.6924423667211,-107.80346115485024,-106.80237103221667,-105.80044005294076,-104.79950541982039,-103.80009199148026,-102.80270526723511,-101.80838334661046,-100.8192975072233
-112.6928590777333,-107.80329955883606,-106.80222890252641,-105.80036842935344,-104.79945267774116,-103.8000524601387,-102.80267219739423,-101.80834620834364,-100.8192348182761
-112.69327251884836,-107.80314084385142,-106.80208932406491,-105.80029587139703,-104.79939917027657,-103.80001229529103,-102.80263859772802,-101.80830863776124,-100.81917186251059
-112.6936826795876,-107.80298489259654,-106.80195218100249,-105.80022250381731,-104.7993449939852,-103.79997157181644,-102.80260452725156,-101.80827068348931,-100.81910868354865
-112.69408955485656,-107.8028315963897,-106.8018173668353,-105.80014843923603,-104.7992902361264,-103.7999303574727,-102.80257003945545,-101.80823238966337,-100.81904532093114
-112.69449314426552,-107.802680854289,-106.80168478338929,-105.80007377948326,-104.79923497567043,-103.79988871365575,-102.80253518288033,-101.80819379638335,-100.81898181052631
-112.69489345153306,-107.80253257232006,-106.80155433994858,-105.79999861676187,-104.79917928418689,-103.79984669607464,-102.80250000163421,-101.8081549401275,-100.81891818490341
-112.69529048398542,-107.8023866628159,-106.80142595250929,-105.79992303467925,-104.79912322663125,-103.79980435534841,-102.80246453585036,-101.80811585412154,-100.81885447366828
-112.6956842520844,-107.8022430438037,-106.8012995430949,-105.79984710912909,-104.79906686201915,-103.79976173752046,-102.80242882208422,-101.80807656865791,-100.818790703751
-112.69607476904217,-107.80210163848948,-106.8011750391783,-105.7997709090882,-104.799010244037,-103.79971888452546,-102.80239289367469,-101.8080371113894,-100.81872689967457
-112.69646205046358,-107.80196237478441,-106.80105237315577,-105.79969449730653,-104.7989534215721,-103.79967583459624,-102.80235678106092,-101.80799750758788,-100.81866308379036
-112.69684611403913,-107.80182518489022,-106.80093148188662,-105.79961793092085,-104.79889643918222,-103.79963262262308,-102.80232051206147,-101.80795778037182,-100.81859927648605
-112.6972269792753,-107.80169000493163,-106.80081230628697,-105.79954126200155,-104.79883933751775,-103.7995892804794,-102.80228411212805,-101.80791795091218,-100.81853549637236
-112.697604667251,-107.8015567746226,-106.80069479096262,-105.7994645380331,-104.79878215369014,-103.79954583730395,-102.80224760456595,-101.80787803861449,-100.81847176045082
-112.69797920040881,-107.80142543697383,-106.80057888388771,-105.79938780234595,-104.79872492160374,-103.79950231975617,-102.80221101073278,-101.80783806128039,-100.81840808426051
-112.69835060236632,-107.8012959380272,-106.80046453611475,-105.79931109450077,-104.79866767225208,-103.79945875224458,-102.80217435021719,-101.80779803525411,-100.81834448201202
-112.69871889774761,-107.80116822661527,-106.80035170151297,-105.79923445062946,-104.79861043398071,-103.79941515712953,-102.80213764099784,-101.8077579755531,-100.81828096670704
-112.69908411204426,-107.80104225415448,-106.800240336543,-105.79915790374855,-104.7985532327282,-103.79937155490884,-102.80210089958857,-101.80771789598748,-100.8182175502479
-112.69944627147157,-107.80091797444048,-106.8001304000377,-105.7990814840269,-104.79849609223243,-103.79932796437657,-102.80206414116232,-101.80767780926122,-100.81815424352982
-112.69980540286487,-107.80079534348366,-106.80002185302331,-105.79900521904088,-104.79843903422626,-103.79928440277332,-102.80202737966871,-101.80763772706865,-100.81809105652904
-112.70016153356981,-107.80067431934569,-106.79991465854565,-105.79892913399593,-104.79838207861027,-103.79924088592045,-102.80199062793918,-101.80759766018042,-100.81802799838133
-112.70051469135504,-107.80055486199912,-106.79980878151945,-105.79885325192961,-104.79832524360772,-103.79919742833985,-102.80195389778216,-101.8075576185237,-100.81796507745676
-112.70086490431902,-107.80043693318683,-106.79970418858052,-105.79877759388604,-104.79826854589845,-103.79915404335543,-102.80191720005995,-101.80751761124216,-100.81790230141213
-112.70121220083874,-107.80032049632193,-106.79960084797777,-105.79870217909769,-104.79821200076108,-103.799110743205,-102.80188054477901,-101.8074776467728,-100.81783967726354
-112.70155660947995,-107.80020551635668,-106.79949872943773,-105.79862702511593,-104.79815562217199,-103.79906753911501,-102.80184394114666,-101.80743773289147,-100.8177772114269
-112.70189815895881,-107.80009195970052,-106.79939780407669,-105.79855214796125,-104.79809942292142,-103.79902444139121,-102.80180739764333,-101.80739787677187,-100.8177149097716
-112.7022368780784,-107.79997979411816,-106.79929804429588,-105.7984775622385,-104.79804341470266,-103.79898145948685,-102.80177092207549,-101.80735808503016,-100.81765277766233
-112.70257279569019,-107.79986898865269,-106.79919942370087,-105.7984032812544,-104.79798760820248,-103.79893860207281,-102.80173452163056,-101.80731836376924,-100.81759081999908
-112.70290594064915,-107.79975951354488,-106.79910191701855,-105.79832931711726,-104.79793201317837,-103.79889587709724,-102.80169820292421,-101.80727871861788,-100.81752904125231
-112.70323634177723,-107.79965134016298,-106.79900550002517,-105.7982556808304,-104.79787663852949,-103.7988532918397,-102.80166197204177,-101.80723915476449,-100.81746744549481
-112.7035640278327,-107.79954444093838,-106.79891014948058,-105.79818238237942,-104.79782149236587,-103.79881085296626,-102.8016258345835,-101.80719967699636,-100.8174060364376
-112.69966906976813,-107.79469378316094,-106.79370092762757,-105.79203042608367,-104.78896109480803,-103.78605196633188,-102.78302354034604,-101.77944962213655,-100.77458338358666,-100.27140001752205
-112.69998697493435,-107.79458693373508,-106.793607600773,-105.79197144741357,-104.7889241160275,-103.78603581325942,-102.78302951794177,-101.77948315056909,-100.77465791336616,-100.25760591547615
-112.70030789619737,-107.79448764876803,-106.79352212186674,-105.79192057167376,-104.78889878017704,-103.78603637756405,-102.78305980223581,-101.77955285327438,-100.7747881495731,-100.24388294263625
-112.70063200038493,-107.79439599479561,-106.79344453042525,-105.79187779420911,-104.78888500662354,-103.78605349507356,-102.78311411008806,-101.77965823211673,-100.77497314130582,-100.23023077074379
-112.70095926456979,-107.79431188098853,-106.79337472529758,-105.7918429930962,-104.78888262291787,-103.78608691576818,-102.78319206354205,-101.77979868474947,-100.77521186820502,-100.21664900915482
-112.70128966313257,-107.7942352171974,-106.79331260737749,-105.79181605080171,-104.78889146201638,-103.7861363945979,-102.78329328884094,-101.77997361424002,-100.77550332234604,-100.20313726967204
-112.7016231725466,-107.79416591679941,-106.7932580814525,-105.79179685474384,-104.7889113618831,-103.78620169156547,-102.78341741785113,-101.78018243152289,-100.77584651014672,-100.18969516816492
-112.70195977037372,-107.79410389536025,-106.79321105470224,-105.79178529556465,-104.78894216374178,-103.78628257028488,-102.7835640871703,-101.7804245551256,-100.77624045247573,-100.17632232488195
-112.70229943472829,-107.79404907000394,-106.79317143603087,-105.79178126639442,-104.78898371141996,-103.78637879750549,-102.78373293789596,-101.78069941116856,-100.77668418472574,-100.16301836467477
-112.70264214396065,-107.79400135907355,-106.79313913572626,-105.79178466248489,-104.78903585107295,-103.78649014295377,-102.78392361559253,-101.78100643342283,-100.77717675683701,-100.1497829171536
-112.70298787647083,-107.79396068194428,-106.79311406528109,-105.79179538101293,-104.78909843106689,-103.78661637929663,-102.7841357703206,-101.78134506336147,-100.77771723326283,-100.1366156167728
-112.70333661059813,-107.79392695890918,-106.79309613728476,-105.79181332095096,-104.78917130190499,-103.78675728211692,-102.78436905664377,-101.78171475015615,-100.77830469286047,-100.12351610283714
-112.7036883245363,-107.79390011109184,-106.79308526534149,-105.79183838296218,-104.78925431616858,-103.78691262988997,-102.7846231336212,-101.78211495064737,-100.77893822875093,-100.1104840194736
-112.70404299629291,-107.79388006039731,-106.793081364023,-105.79187046932567,-104.78934732847246,-103.78708220395984,-102.78489766478705,-101.78254512928949,-100.77961694814623,-100.0975190155678
-112.70440060366876,-107.79386672948056,-106.79308434883698,-105.7919094838763,-104.78945019542454,-103.78726578850952,-102.78519231811387,-101.78300475807369,-100.78033997215563,-100.08462074467681
-112.70476112424178,-107.79386004171705,-106.79309413619595,-105.7919553319431,-104.78956277557737,-103.78746317051612,-102.78550676595476,-101.78349331642407,-100.7811064355601,-100.07178886490743
-112.70512453535216,-107.79385992117369,-106.79311064338603,-105.79200792028963,-104.7896849293774,-103.7876741397007,-102.78584068497996,-101.78401029109168,-100.78191548659473,-100.05902303880244
-112.70549081411514,-107.79386629260439,-106.79313378855804,-105.7920671570743,-104.78981651912824,-103.78789848848727,-102.78619375611572,-101.78455517604198,-100.78276628671622,-100.04632293320837
-112.70585993740899,-107.79387908142279,-106.79316349069754,-105.79213295179386,-104.78995740893693,-103.78813601194312,-102.78656566446557,-101.78512747233121,-100.78365801036853,-100.03368821913995
-112.70623188188878,-107.79389821369843,-106.79319966961573,-105.79220521524616,-104.79010746467561,-103.78838650773314,-102.78695609924456,-101.78572668799163,-100.78458984475603,-100.02111857165175
-112.70660662398208,-107.79392361613696,-106.79324224592654,-105.79228385948294,-104.79026655393567,-103.78864977606844,-102.7873647537097,-101.78635233791844,-100.78556098962426,-100.00861366971557
-112.70698413989962,-107.79395521607309,-106.79329114103444,-105.79236879777278,-104.79043454598711,-103.78892561965446,-102.78779132508292,-101.78700394374187,-100.7865706570215,-99.99617319607528
-112.70736440564738,-107.79399294146681,-106.79334627712696,-105.79245994457176,-104.79061131174893,-103.78921384365684,-102.78823551450363,-101.78768103374135,-100.78761807111593,-99.98379683716018
-112.70774739703025,-107.79403672089167,-106.79340757715912,-105.79255721548695,-104.79079672375286,-103.78951425565738,-102.7886970269628,-101.78838314273438,-100.78870246798157,-99.97148428296288
-112.70813308966572,-107.7940864835324,-106.79347496484681,-105.79266052724961,-104.7909906561114,-103.78982666561178,-102.78917557124034,-101.78910981196856,-100.78982309538975,-99.95923522692095
-112.70852145899289,-107.79414215917801,-106.79354836465575,-105.7927697976846,-104.79119298448354,-103.79015088580496,-102.78967085983797,-101.78986058900975,-100.79097921259886,-99.9470493657965
-112.70891248027684,-107.7942036782103,-106.79362770178565,-105.79288494567682,-104.79140358603848,-103.79048673080683,-102.79018260891722,-101.79063502763984,-100.79217009015869,-99.93492639956938
-112.70930612861474,-107.79427097159548,-106.79371290215842,-105.79300589114253,-104.79162233942249,-103.79083401742919,-102.79071053823529,-101.79143268774968,-100.79339500970954,-99.9228660313237
-112.70970237894889,-107.79434397088197,-106.79380389241176,-105.79313255500725,-104.79184912473369,-103.79119256469224,-102.79125437109425,-101.79225313524996,-100.79465326380408,-99.9108679671564
-112.71010120607208,-107.79442260819208,-106.79390059988776,-105.79326485917949,-104.79208382349263,-103.7915621937858,-102.79181383428165,-101.79309594197001,-100.79594415571557,-99.89893191607084
-112.71050258463325,-107.79450681621313,-106.79400295262013,-105.79340272652466,-104.79232631861453,-103.79194272803623,-102.79238865802382,-101.7939606855776,-100.79726699927652,-99.88705758990135
-112.71090648915185,-107.79459652819843,-106.7941108793321,-105.79354608084947,-104.79257649438864,-103.79233399287507,-102.79297857593333,-101.79484694948461,-100.7986211186948,-99.87524470321148
-112.7113128940213,-107.79469167795682,-106.79422430942235,-105.7936948468754,-104.7928342364485,-103.79273581580095,-102.79358332495359,-101.79575432275533,-100.80000584838088,-99.86349297320375
-112.71172177352113,-107.79479219985214,-106.79434317296126,-105.79384895022329,-104.7930994317527,-103.79314802635216,-102.79420264531412,-101.79668240002516,-100.8014205327855,-99.85180211963991
-112.71213310181737,-107.79489802879051,-106.79446740067554,-105.79400831738756,-104.7933719685565,-103.79357045607073,-102.79483628047862,-101.79763078141424,-100.8028645262345,-99.84017186475569
-112.71254685298047,-107.79500910022506,-106.79459692394889,-105.79417287572531,-104.79365173639574,-103.79400293847726,-102.79548397710161,-101.79859907244781,-100.80433719277141,-99.82860193318365
-112.71296300097754,-107.79512535013663,-106.7947316748007,-105.7943425534258,-104.79393862605222,-103.79444530902619,-102.79614548496474,-101.79958688395466,-100.80583790597544,-99.81709205184795
-112.71341650833082,-107.79490880956628,-106.79452988955062,-105.79416070544345,-104.79380781325982,-103.79434552593474,-102.79606826105234,-101.79952287459041,-100.80577393095324,-99.81700336061795
-112.71386765495367,-107.79469497468703,-106.79433061952922,-105.79398101473811,-104.79367627747094,-103.79424512257398,-102.79599049868595,-101.79945839320494,-100.80570955424528,-99.81691442534681
-112.71431641898228,-107.79448375943794,-106.79413377773679,-105.79380339522471,-104.79354415317654,-103.79414420280568,-102.79591227797972,-101.79939350329522,-100.80564483192181,-99.81682530036558
-112.7147627820596,-107.79427508301278,-106.79393928293501,-105.79362776755156,-104.79341155999025,-103.79404285932536,-102.7958336707589,-101.79932826131639,-100.80557981038574,-99.81673602720024
-112.71520672994048,-107.79406887022267,-106.79374705988224,-105.79345405909514,-104.79327860496542,-103.79394117516382,-102.79575474150515,-101.79926271811897,-100.80551453150616,-99.81664664322378
-112.71564825219353,-107.79386505113484,-106.79355703893302,-105.79328220344519,-104.79314538435861,-103.79383922505296,-102.7956755483644,-101.79919691969101,-100.80544903326803,-99.81655718232
-112.7160873417733,-107.7936635605766,-106.79336915550341,-105.79311213977017,-104.7930119849724,-103.79373707646813,-102.79559614393429,-101.79913090773789,-100.80538335020283,-99.81646767525291
-112.71652399462486,-107.79346433766503,-106.79318334955984,-105.79294381221426,-104.79287848525165,-103.79363479046914,-102.7955165758975,-101.7990647201541,-100.80531751374956,-99.81637814998251
-112.71695820933822,-107.79326732539074,-106.7929995651665,-105.79277716936475,-104.79274495622224,-103.79353242241868,-102.79543688756789,-101.79899839143981,-100.80525155258479,-99.81628863196133
-112.71738998683028,-107.79307247023483,-106.79281775006923,-105.79261216376734,-104.79261146228794,-103.79343002258989,-102.79535711834887,-101.79893195304778,-100.8051854928968,-99.81619914437887
-112.71781933007486,-107.79287972184144,-106.79263785534066,-105.79244875151304,-104.79247806193474,-103.79332763670511,-102.79527730414522,-101.79886543370262,-100.80511935864476,-99.81610970839894
-112.7182462438604,-107.79268903272184,-106.79245983505874,-105.79228689186657,-104.79234480833848,-103.79322530639918,-102.79519747771458,-101.79879885966923,-100.8050531717722,-99.81602034335016
-112.71867073457294,-107.79250035799085,-106.79228364602264,-105.7921265469408,-104.79221174990073,-103.79312306963011,-102.79511766898152,-101.7987322549968,-100.80498695240746,-99.81593106691076
-112.71909281000931,-107.7923136551371,-106.79210924750454,-105.79196768141261,-104.79207893072243,-103.793020961042,-102.79503790531476,-101.7986656417322,-100.80492071903375,-99.81584189526089
-112.7195124792194,-107.79212888382575,-106.79193660103583,-105.79181026227837,-104.79194639102792,-103.79291901229053,-102.79495821177822,-101.79859904011776,-100.80485448865396,-99.81575284323506
-112.71992975234771,-107.79194600570497,-106.79176567020018,-105.79165425862175,-104.79181416752705,-103.79281725232094,-102.79487861134231,-101.79853246875295,-100.80478827691988,-99.81566392443847
-112.7203446405113,-107.79176498425127,-106.79159642046658,-105.79149964142475,-104.7916822937509,-103.79271570762596,-102.79479912508387,-101.79846594475205,-100.804722098262,-99.81557515136593
-112.72075715568435,-107.79158578462341,-106.79142881903235,-105.79134638339197,-104.79155080034406,-103.79261440247033,-102.79471977235747,-101.79839948387674,-100.80465596599785,-99.81548653550097
-112.72116731059235,-107.79140837352847,-106.79126283468,-105.791194458792,-104.79141971532304,-103.79251335908933,-102.79464057094853,-101.79833310065578,-100.80458989242976,-99.81539808740473
-112.72157511862716,-107.79123271911206,-106.79109843765946,-105.79104384332635,-104.79128906431784,-103.79241259787543,-102.79456153721743,-101.79826680849827,-100.80452388893788,-99.81530981680112
-112.72198059375847,-107.79105879084484,-106.79093559956716,-105.79089451399744,-104.79115887077339,-103.7923121375326,-102.7944826862175,-101.7982006197846,-100.804457966054,-99.81522173264398
-112.72238375047048,-107.79088655943681,-106.79077429325423,-105.79074644900727,-104.79102915614683,-103.79221199522851,-102.79440403181246,-101.79813454595859,-100.80439213353746,-99.81513384318674
-112.72278460368864,-107.79071599674305,-106.79061449272658,-105.7905996276499,-104.79089994006898,-103.79211218671838,-102.79432558677246,-101.7980685976043,-100.8043264004393,-99.81504615604136
-112.72318316872907,-107.79054707569291,-106.79045617306924,-105.79045403022927,-104.79077124050443,-103.79201272646887,-102.79424736286859,-101.79800278451715,-100.80426077515804,-99.81495867822805
-112.72357946124157,-107.79037977021495,-106.79029931036717,-105.79030963797464,-104.79064307388472,-103.79191362775984,-102.79416937095162,-101.79793711576733,-100.80419526549377,-99.81487141622584
-112.72397349716724,-107.79021405517621,-106.7901438816406,-105.79016643297193,-104.79051545523741,-103.7918149027849,-102.79409162103006,-101.79787159976054,-100.80412987869708,-99.81478437601676
-112.7243652926932,-107.79004990632053,-106.7899898647802,-105.79002439809508,-104.79038839829575,-103.7917165627346,-102.79401412233311,-101.797806244287,-100.80406462150988,-99.81469756312362
-112.72475486421908,-107.78988730021922,-106.78983723849491,-105.78988351695155,-104.79026191560598,-103.79161861788064,-102.79393688337737,-101.79774105657432,-100.80399950020804,-99.81461098264798
-112.7251422283182,-107.78972621421684,-106.78968598225504,-105.7897437738231,-104.79013601861509,-103.79152107764115,-102.79385991201478,-101.79767604332403,-100.80393452063183,-99.81452463929867
-112.72552740171153,-107.78956662639065,-106.78953607624958,-105.7896051536217,-104.79001071776028,-103.79142395065173,-102.79378321548901,-101.79761121075587,-100.80386968822208,-99.81443853742493
-112.72591040123746,-107.78940851550765,-106.78938750134162,-105.7894676418443,-104.78988602254594,-103.79132724482432,-102.79370680048133,-101.79754656464489,-100.80380500805066,-99.81435268104364
-112.72629124382965,-107.78925186098768,-106.78924023902916,-105.78933122453226,-104.78976194161329,-103.79123096739985,-102.79363067314901,-101.79748211034973,-100.80374048484363,-99.81426707386068
-112.72666994649549,-107.78909664287043,-106.78909427141123,-105.78919588823794,-104.78963848280887,-103.79113512500201,-102.79355483916918,-101.79741785284908,-100.80367612301205,-99.8141817192993
-112.72704652628721,-107.78894284177441,-106.78894958114556,-105.78906161998245,-104.78951565323555,-103.7910397236765,-102.79347930376775,-101.79735379676205,-100.8036119266671,-99.81409662051375
-112.7274210002969,-107.78879043887989,-106.7888061514301,-105.78892840723685,-104.78939345931761,-103.79094476894072,-102.79340407175812,-101.79728994638027,-100.80354789964757,-99.81401178041388
-112.72379603148372,-107.78433290490551,-106.7841629316977,-105.78391648053272,-104.78341880811513,-103.78226932315567,-102.78085745022983,-101.77895516214527,-100.77616432277964,-99.77172965878579,-99.26860395142641
-112.72415435459808,-107.78417311791544,-106.78401315048131,-105.78377965797597,-104.78330723792259,-103.78219112879525,-102.78080949375827,-101.77893720113252,-100.7761806941621,-99.77179338145878,-99.25480246338891
-112.72451611593583,-107.78402060341304,-106.78387077516412,-105.78365053153934,-104.7832038761129,-103.78212464665148,-102.78077829937999,-101.7789435763793,-100.77623326124983,-99.77191282670346,-99.24107222579545
-112.72488142430228,-107.78387540597247,-106.78373583564932,-105.78352910892178,-104.78310868265908,-103.7820697725145,-102.78076368743254,-101.77897399430114,-100.77632151825631,-99.77208703803801,-99.22741290593679
-112.72525028360573,-107.78373748282708,-106.78360828273057,-105.78341532796938,-104.78302156053196,-103.78202635302986,-102.78076542237439,-101.7790280878299,-100.77644487108708,-99.77231500169427,-99.21382411998272
-112.7256226983847,-107.78360679404344,-106.78348807090596,-105.78330913136843,-104.78294242018177,-103.78199424250177,-102.78078327523555,-101.77910549520819,-100.7766027317987,-99.77259571678283,-99.2003054868809
-112.72599867502304,-107.78348330248738,-106.78337515773966,-105.78321046533719,-104.78287117739481,-103.78197330060439,-102.78081702241087,-101.77920586054682,-100.77679452048541,-99.7729281968517,-99.18685662967086
-112.72637822061235,-107.78336697238777,-106.78326950228431,-105.78311927789272,-104.78280775131958,-103.78196339048148,-102.78086644416194,-101.77932883296721,-100.77701966511539,-99.77331147015298,-99.17347717595945
-112.72676134241594,-107.78325776869539,-106.7831710643938,-105.78303551811453,-104.78275206360861,-103.7819643779722,-102.78093132403609,-101.7794740662806,-100.77727760145753,-99.77374457965624,-99.16016675808623
-112.72714804762703,-107.78315565681018,-106.78307980443999,-105.78295913584972,-104.78270403804656,-103.78197613132319,-102.78101144869886,-101.77964121895445,-100.77756777314707,-99.77422658308646,-99.1469250132928
-112.72753834324608,-107.78306060244947,-106.7829956831805,-105.7828900815788,-104.78266360034681,-103.78199852104045,-102.78110660784411,-101.77982995406971,-100.77788963165203,-99.77475655279859,-99.13375158371551
-112.72793223601833,-107.78297257158458,-106.78291866169855,-105.78282830635561,-104.78263067802742,-103.7820314198096,-102.78121659415328,-101.78003993930331,-100.77824263624015,-99.77533357563703,-99.12064611635783
-112.72832973240176,-107.78289153040826,-106.78284870137324,-105.78277376177766,-104.78260520032013,-103.78207470243791,-102.78134120326204,-101.78027084690143,-100.77862625392149,-99.77595675276288,-99.10760826302798
-112.72873083855794,-107.78281744532471,-106.78278576387216,-105.78272639997674,-104.78258709809975,-103.7821282458062,-102.78148023372411,-101.78052235363818,-100.77903995936704,-99.77662519945194,-99.09463768024281
-112.72913556034277,-107.7827502829379,-106.7827298111413,-105.78268617360642,-104.7825763038135,-103.78219192881465,-102.78163348696303,-101.78079414075515,-100.77948323480261,-99.77733804486833,-99.0817340291062
-112.72954390330656,-107.782690010048,-106.78268080540238,-105.78265303583537,-104.78257275141772,-103.7822656323306,-102.78180076722307,-101.78108589390015,-100.77995556990356,-99.77809443184262,-99.0688969751903
-112.7299558727031,-107.78263659365582,-106.78263870915717,-105.78262694034657,-104.78257637632251,-103.78234923913887,-102.78198188151504,-101.78139730305301,-100.78045646167061,-99.77889351662748,-99.05612618839119
-112.73037147347866,-107.78259000094673,-106.78260348517175,-105.78260784131736,-104.78258711532101,-103.78244263387703,-102.7821766395496,-101.78172806244207,-100.78098541429968,-99.779734468654,-99.04342134278473
-112.73079071029015,-107.7825501993036,-106.78257509648871,-105.7825956934258,-104.78260490654714,-103.78254570299512,-102.7823848536916,-101.78207787047971,-100.78154193907137,-99.78061647030997,-99.03078211650309
-112.731213587503,-107.78251715629811,-106.78255350641787,-105.78259045183636,-104.7826296894158,-103.78265833469847,-102.78260633889663,-101.78244642967893,-100.78212555422,-99.78153871669723,-99.01820819158779
-112.73164010920104,-107.78249083969537,-106.78253867854018,-105.78259207219821,-104.78266140457832,-103.78278041890323,-102.7828409126609,-101.78283344658493,-100.7827357848207,-99.78250041541352,-99.00569925386716
-112.73207027919607,-107.78247121745748,-106.78253057671081,-105.78260051064373,-104.7826999938817,-103.78291184719993,-102.78308839498187,-101.78323863172119,-100.78337216269587,-99.78350078635815,-98.99325499285737
-112.7325041010352,-107.78245825774508,-106.78252916505971,-105.78261572378344,-104.78274540032581,-103.78305251280914,-102.7833486083052,-101.78366169951381,-100.78403422629059,-99.7845390615001,-98.98087510162098
-112.73294157801438,-107.78245192892386,-106.78253440799688,-105.78263766870593,-104.78279756802662,-103.78320231054158,-102.783621377475,-101.7841023682212,-100.78472152055782,-99.7856144846626,-98.96855927664298
-112.73338271317718,-107.78245219955798,-106.78254627020495,-105.78266630296528,-104.78285644217078,-103.78336113675194,-102.7839065296806,-101.78456035986137,-100.7854335968435,-99.786726311311,-98.95630721770871
-112.73382750932463,-107.78245903841278,-106.78256471664041,-105.7827015845769,-104.78292196897935,-103.78352888929997,-102.78420389440969,-101.78503540014765,-100.78617001278144,-99.78787380835196,-98.94411862779195
-112.73427596901936,-107.78247241445376,-106.78258971253224,-105.7827434720118,-104.78299409567369,-103.78370546751677,-102.78451330340765,-101.7855272184284,-100.7869303321905,-99.78905625393661,-98.93199321294577
-112.73472809459578,-107.78249229684988,-106.78262122338332,-105.78279192419245,-104.78307277044196,-103.7838907721658,-102.78483459062959,-101.78603554762134,-100.78771412496991,-99.79027293726428,-98.91993068219257
-112.73518388816541,-107.78251865497337,-106.78265921496978,-105.78284690048835,-104.7831579424109,-103.78408470541767,-102.78516759221063,-101.78656012416789,-100.78852096701699,-99.79152315841517,-98.90793074744478
-112.73564335162995,-107.7825514584072,-106.7827036533473,-105.78290836071716,-104.78324956162095,-103.78428717081998,-102.78551214642624,-101.78710068797496,-100.78935044012806,-99.79280622815915,-98.89599312339611
-112.73610648667864,-107.78259067693604,-106.78275450484084,-105.78297626513044,-104.7833475789895,-103.78449807325893,-102.78586809364654,-101.78765698235128,-100.79020213189739,-99.79412146777172,-98.88411752742212
-112.73657329480976,-107.782636280562,-106.78281173605926,-105.78305057442338,-104.78345194629847,-103.78471731894358,-102.78623527631225,-101.7882287539658,-100.791075635638,-99.79546820886999,-98.8723036794989
-112.73704377732183,-107.78268823949054,-106.78287531388052,-105.78313124971635,-104.78356261615583,-103.78494481536595,-102.78661353888833,-101.78881575278625,-100.79197055028553,-99.79684579323553,-98.86055130210772
-112.73751793533106,-107.78274652414183,-106.78294520546167,-105.7832182525605,-104.78367954198175,-103.78518047128428,-102.78700272783955,-101.78941773203647,-100.79288648031863,-99.79825357265554,-98.84886012015791
-112.73799576977171,-107.78281110514516,-106.78302137823182,-105.78331154492628,-104.78380267797786,-103.78542419668572,-102.78740269158149,-101.79003444812814,-100.79382303565222,-99.79969090873188,-98.83722986087304
-112.73847728141338,-107.78288195335148,-106.78310379990458,-105.7834110892131,-104.7839319791216,-103.78567590278531,-102.78781328048149,-101.79066566065572,-100.7947798316099,-99.80115717279077,-98.82566025378705
-112.73896247085713,-107.782959039824,-106.7831924384669,-105.7835168482337,-104.78406740113373,-103.78593550198707,-102.78823434680626,-101.79131113232076,-100.79575648880635,-99.8026517456805,-98.81415103061528
-112.73928380788362,-107.78286562881756,-106.78310100084352,-105.78343179525363,-104.78398887436761,-103.78583094051137,-102.78815343919442,-101.79124714987263,-100.79570158010443,-99.8025941260567,-98.81406756846094
-112.73960322194715,-107.78277267381334,-106.7830099501037,-105.78334699399237,-104.78391037529957,-103.78572765416448,-102.78807347571072,-101.79118385978992,-100.79564718724706,-99.80253693784576,-98.81398463766371
-112.73992074944812,-107.78268019252194,-106.78291930621786,-105.78326246884704,-104.78383193866196,-103.78562558352799,-102.78799441055322,-101.79112122651601,-100.79559328289785,-99.8024801622597,-98.813902223799
-112.74023642704259,-107.78258820245456,-106.78282908858228,-105.78317824311169,-104.78375359707631,-103.78552467600433,-102.78791620344835,-101.79105921904907,-100.79553984270298,-99.80242377907658,-98.81382030720407
-112.74055028880989,-107.78249671857259,-106.78273931390136,-105.783094337127,-104.78367537954517,-103.78542488361181,-102.78783881774672,-101.79099780933876,-100.79548684480116,-99.8023677702158,-98.81373887019048
-112.74086236661984,-107.78240575371817,-106.78264999665345,-105.78301076879228,-104.78359731204664,-103.78532616260406,-102.78776222010492,-101.79093697197133,-100.79543426951575,-99.8023121195133,-98.81365789689936
-112.74117269045522,-107.78231531896105,-106.78256114945299,-105.78292755395334,-104.78351941798121,-103.78522847307384,-102.78768638016955,-101.79087668389123,-100.79538209908216,-99.80225681243975,-98.81357737301299
-112.74148128864056,-107.78222542384158,-106.78247278330458,-105.78284470667619,-104.78344171849538,-103.78513177855345,-102.78761127026175,-101.79081692414064,-100.79533031742073,-99.80220183589097,-98.81349728555118
-112.741788188034,-107.7821360765712,-106.78238490781109,-105.7827622394698,-104.78336423274588,-103.78503604564672,-102.78753686508212,-101.79075767361513,-100.79527890992463,-99.8021471779934,-98.81341762268214
-112.74209341417055,-107.78204728418166,-106.78229753132919,-105.78268016345521,-104.7832869781064,-103.78494124369108,-102.78746314144324,-101.79069891484846,-100.79522786328127,-99.8020928279471,-98.81333837357296
-112.7423969913991,-107.78195905266735,-106.78221066111746,-105.78259848852524,-104.78320997036082,-103.78484734447487,-102.78739007804973,-101.79064063183966,-100.79517716533364,-99.80203877591086,-98.81325952828456
-112.74269894298853,-107.78187138709528,-106.78212430345127,-105.7825172234696,-104.78313322385787,-103.78475432197452,-102.78731765528987,-101.79058280988616,-100.7951268049425,-99.80198501288142,-98.81318107765696
-112.74299929123272,-107.78178429171345,-106.78203846373553,-105.78243637609701,-104.78305675165988,-103.78466215213741,-102.78724585506846,-101.79052543545457,-100.79507677188514,-99.8019315306104,-98.81310301323298
-112.74329805753455,-107.78169777003696,-106.78195314659473,-105.78235595333358,-104.78298056566526,-103.78457081268314,-102.78717466065208,-101.79046849605915,-100.79502705675851,-99.80187832152438,-98.81302532718487
-112.74359526248244,-107.78161182492737,-106.78186835595602,-105.7822759613134,-104.7829046767207,-103.7844802829302,-102.78710405653459,-101.7904119801576,-100.7949776508956,-99.80182537865258,-98.81294801224595
-112.74389092591832,-107.78152645866182,-106.7817840951214,-105.78219640545733,-104.78282909471916,-103.78439054364229,-102.7870340283181,-101.79035587705802,-100.79492854629277,-99.8017726955694,-98.81287106165937
-112.74418506700125,-107.78144167299777,-106.78170036683534,-105.78211729054678,-104.78275382869131,-103.78430157689604,-102.78696456261206,-101.7903001768419,-100.79487973554909,-99.80172026634256,-98.8127944691289
-112.74447770425724,-107.78135746922365,-106.78161717333803,-105.7820386207824,-104.78267888687995,-103.7842133659559,-102.78689564693518,-101.79024487028727,-100.7948312118054,-99.80166808548297,-98.81271822877312
-112.74476885563222,-107.78127384821258,-106.78153451642154,-105.7819603998453,-104.78260427681606,-103.78412589517309,-102.78682726963925,-101.79018994881075,-100.79478296869969,-99.80161614790909,-98.81264233509336
-112.74505853853285,-107.78119081046286,-106.78145239747232,-105.78188263094398,-104.78253000537819,-103.78403914988559,-102.78675941983147,-101.7901354044077,-100.7947350003197,-99.80156444890684,-98.81256678293589
-112.74534676986617,-107.78110835613771,-106.78137081751284,-105.78180531685985,-104.78245607885,-103.7839531163331,-102.78669208730791,-101.79008122959905,-100.79468730116014,-99.80151298409403,-98.81249156745913
-112.7456335660748,-107.78102648510016,-106.78128977723836,-105.78172845998819,-104.78238250297261,-103.78386778158293,-102.78662526249934,-101.79002741739332,-100.79463986609608,-99.80146174940049,-98.81241668411634
-112.74591894317007,-107.78094519694582,-106.78120927705103,-105.78165206237507,-104.78230928299067,-103.78378313345951,-102.78655893641445,-101.78997396123931,-100.79459269034217,-99.8014107410321,-98.81234212862141
-112.74620291675856,-107.78086449102844,-106.78112931708722,-105.7815761257482,-104.78223642369272,-103.78369916048224,-102.7864931005932,-101.78992085499227,-100.79454576942945,-99.80135995545386,-98.8122678969339
-112.74648550207161,-107.7807843664886,-106.78104989724712,-105.78150065154921,-104.78216392945181,-103.78361585181216,-102.7864277470661,-101.78986809288159,-100.7944990991774,-99.80130938936557,-98.81219398523666
-112.74676671398225,-107.78070482227018,-106.78097101721279,-105.78142564095431,-104.78209180425365,-103.78353319719616,-102.78636286831092,-101.78981566947851,-100.79445267567057,-99.80125903968244,-98.8121203899169
-112.74704656703521,-107.78062585714845,-106.78089267647714,-105.78135109490573,-104.78202005173534,-103.78345118692853,-102.78629845722295,-101.7897635796723,-100.79440649523993,-99.80120890352228,-98.8120471075568
-112.74732507546247,-107.78054746974534,-106.78081487436022,-105.78127701413007,-104.7819486752097,-103.78336981180577,-102.78623450708155,-101.78971181864553,-100.79436055444239,-99.80115897818536,-98.8119741349118
-112.74760225319783,-107.78046965854232,-106.78073761002318,-105.78120339915453,-104.78187767768829,-103.78328906308741,-102.78617101151835,-101.78966038184825,-100.79431485004133,-99.80110926114044,-98.8119014689001
-112.74787811390114,-107.78039242190341,-106.78066088249192,-105.78113025033231,-104.78180706191183,-103.78320893246818,-102.7861079644978,-101.78960926498526,-100.79426937899787,-99.80105975001837,-98.81182910659633
-112.74815267096582,-107.78031575808127,-106.78058469066409,-105.78105756785135,-104.78173683036412,-103.78312941203951,-102.78604536028536,-101.78955846398829,-100.7942241384452,-99.80101044258727,-98.811757045207
-112.74842593753776,-107.78023966523489,-106.78050903332755,-105.78098535175451,-104.78166698529739,-103.7830504942679,-102.78598319343341,-101.78950797500977,-100.79417912569014,-99.80096133675963,-98.81168528207965
-112.74869792652365,-107.7801641414363,-106.78043390916767,-105.7809136019483,-104.78159752874508,-103.78297217196355,-102.78592145875491,-101.7894577943974,-100.794134338186,-99.80091243056388,-98.8116138146741
-112.74896865060808,-107.78008918468642,-106.78035931678393,-105.78084231822105,-104.78152846254437,-103.78289443826293,-102.78586015131206,-101.78940791869046,-100.79408977353629,-99.8008637221528,-98.81154264057216
-112.74923812225768,-107.78001479291747,-106.78028525469274,-105.78077150024686,-104.78145978834398,-103.78281728660001,-102.78579926639202,-101.78935834459709,-100.7940454294722,-99.80081520978109,-98.81147175745534
-112.74528591428323,-107.77556074281424,-106.77573400228948,-105.77604232339564,-104.77637140701711,-103.77677808085588,-102.7771089510095,-101.77685157606346,-100.77581761852804,-99.77363057855001,-98.7695286729491,-98.26644741979912
-112.745538236452,-107.77547408859847,-106.7756484277543,-105.77596134521491,-104.77629576443472,-103.77670946086052,-102.77706386499285,-101.77682946364799,-100.77582063589367,-99.77366554426862,-98.76961166514826,-98.2526672503048
-112.74579525768415,-107.77539413328495,-106.77556965353881,-105.77588734803126,-104.77622748881055,-103.77664921252371,-102.77703061601896,-101.77682420058942,-100.77584803605025,-99.77373670067668,-98.76975029596774,-98.23895826721326
-112.74605699660307,-107.7753208686282,-106.77549766477101,-105.77582030716331,-104.77616653792023,-103.77659723527302,-102.77700905647751,-101.77683557638116,-100.77589950334557,-99.77384352581565,-98.76994359737257,-98.22532012540583
-112.74632345703584,-107.7752542761812,-106.77543243847319,-105.77576019210288,-104.77611286602759,-103.7765534284349,-102.77699902999777,-101.7768633530301,-100.7759746688179,-99.77398542438172,-98.77019055548084,-98.21175243930915
-112.74659464892007,-107.77519434464722,-106.77537395926656,-105.77570698050036,-104.77606643633392,-103.7765177033408,-102.77700039116566,-101.77690730144217,-100.77607317040255,-99.77416180826039,-98.77049016995842,-98.1982548267442
-112.74687058491057,-107.775141065956,-106.77532221518535,-105.77566065367125,-104.77602721617157,-103.77648997817606,-102.77701300114602,-101.77696719883274,-100.77619465263473,-99.77437209795133,-98.77084145538738,-98.18482691009801
-112.74715127855949,-107.77509443324382,-106.77527719556063,-105.77562119437341,-104.77599517467685,-103.77647017544282,-102.77703672541425,-101.77704282703002,-100.77633876573114,-99.7746157224429,-98.77124344162466,-98.17146831689865
-112.74743674356063,-107.77505444001686,-106.77523889014667,-105.7755885858955,-104.77597028184277,-103.77645822085961,-102.77707143280844,-101.7771339717828,-100.77650516520988,-99.77489211911634,-98.77169517381247,-98.15817867997883
-112.74772699345148,-107.77502107982347,-106.77520728878025,-105.77556281170344,-104.77595250815213,-103.77645404286012,-102.77711699512447,-101.77724042248806,-100.77669351176152,-99.77520073372189,-98.7721957123287,-98.14495763755748
-112.748022041497,-107.77499434612619,-106.77518238124841,-105.77554385530428,-104.77594182443369,-103.7764575723209,-102.77717328689161,-101.77736197201821,-100.7769034711177,-99.77554102025218,-98.77274413256607,-98.13180483313556
-112.74832190065108,-107.77497423225967,-106.77516415724557,-105.7755317002027,-104.77593820181333,-103.77646874239211,-102.77724018523612,-101.77749841661411,-100.77713471395913,-99.77591244082807,-98.77333952470649,-98.11871991538187
-112.7486265835532,-107.77496073142643,-106.77515260636989,-105.77552632989777,-104.77594161170585,-103.77648748837582,-102.77731756978274,-101.7776495558009,-100.7773869158299,-99.77631446557618,-98.7739809934788,-98.10570253799915
-112.7489361025438,-107.77495383671187,-106.77514771813887,-105.77552772789865,-104.77595202582503,-103.77651374762901,-102.77740532257282,-101.77781519231223,-100.77765975705056,-99.77674657249702,-98.77466765790467,-98.09275235957475
-112.74925046967262,-107.77495354109266,-106.77514948199851,-105.7755358777342,-104.77596941618837,-103.77654745946886,-102.77750332798358,-101.777995132012,-100.77795292262503,-99.77720824732398,-98.7753986510349,-98.07986904342002
-112.74956969672492,-107.7749598374628,-106.77515788735003,-105.7755507629796,-104.77599375513739,-103.77658856509845,-102.77761147266193,-101.77818918382825,-100.77826610215925,-99.77769898339642,-98.7761731197054,-98.06705225742789
-112.74989379523024,-107.77497271864144,-106.77517292355793,-105.77557236726405,-104.77602501533923,-103.77663700752021,-102.7777296454452,-101.77839715967048,-100.77859898975919,-99.77821828150715,-98.77699022426492,-98.05430167389989
-112.75022277647751,-107.77499217738769,-106.77519457996519,-105.77560067428539,-104.77606316979552,-103.7766927314627,-102.77785773729387,-101.77861887435964,-100.77895128394331,-99.77876564976825,-98.77784913832566,-98.04161696939421
-112.75055665153576,-107.77501820641977,-106.77522284591252,-105.77563566782905,-104.77610819185487,-103.77675568331566,-102.77799564123177,-101.7788541455655,-100.77932268756255,-99.77934060348558,-98.77874904852864,-98.02899782458897
-112.7508954312627,-107.77505079842335,-106.77525771074694,-105.77567733177537,-104.7761600552141,-103.77682581105908,-102.77814325227858,-101.7791027937338,-100.7797129077085,-99.7799426650201,-98.77968915429257,-98.016443924125
-112.75123912632506,-107.7750899460703,-106.77529916384029,-105.77572565011766,-104.77621873393035,-103.77690306420799,-102.77830046739834,-101.77936464203043,-100.78012165563985,-99.7805713636703,-98.78066866759163,-98.00395495647825
-112.75158774720747,-107.77513564202636,-106.77534719459727,-105.7757806069695,-104.7762842024228,-103.7769873937519,-102.7784671854452,-101.77963951628726,-100.78054864671576,-99.78122623556695,-98.78168681275021,-97.99153061384864
-112.75194130424028,-107.77518787897802,-106.77540179248207,-105.77584218659037,-104.77635643549225,-103.77707875211456,-102.77864330712286,-101.77992724495265,-100.78099360032402,-99.78190682355286,-98.7827428262155,-97.97917059202236
-112.75229980760497,-107.77524664963616,-106.77546294702171,-105.77591037338759,-104.77643540831687,-103.77717709309348,-102.77882873492386,-101.78022765902368,-100.78145623979427,-99.78261267705274,-98.7838359563273,-97.96687459023104
-112.75266326734464,-107.7753119467452,-106.77553064781519,-105.77598515192467,-104.77652109645477,-103.7772823718105,-102.77902337308225,-101.78054059199339,-100.78193629232756,-99.78334335196202,-98.78496546311092,-97.95464231103483
-112.75303169337833,-107.77538376309603,-106.77560488454607,-105.77606650693276,-104.77661347585024,-103.77739454466922,-102.77922712753119,-101.78086587980333,-100.78243348893267,-99.78409841054217,-98.78613061807694,-97.94247346020929
-112.75340509551172,-107.7754620915346,-106.77568564699071,-105.7761544233174,-104.77671252283416,-103.77751356930898,-102.77943990585683,-101.78120336079029,-100.78294756435494,-99.78487742130991,-98.78733070401739,-97.9303677466284
-112.75378348345015,-107.77554692497418,-106.77577292503048,-105.77624888616997,-104.77681821413077,-103.77763940456865,-102.77966161726187,-101.78155287564343,-100.78347825701547,-99.78567995893633,-98.78856501481431,-97.91832488215881
-112.75416686680659,-107.7756382564012,-106.77586670865719,-105.7763498807718,-104.77693052685639,-103.7777720104452,-102.77989217252647,-101.78191426736207,-100.7840253089554,-99.7865056041552,-98.78983285526087,-97.90634458156666
-112.75455525512243,-107.77573607889457,-106.775966987992,-105.77645739261199,-104.77704943853173,-103.77791134806701,-102.7801314839775,-101.78228738121499,-100.78458846577566,-99.787353943664,-98.79113354087478,-97.8944265624134
-112.7549486578705,-107.77584038562719,-106.7760737532868,-105.77657140738734,-104.77717492707718,-103.77805737965393,-102.78037946545078,-101.7826720646991,-100.78516747658105,-99.78822457002988,-98.79246639771856,-97.8825705449597
-112.75534708446861,-107.77595116987771,-106.77618699493544,-105.77669191101275,-104.77730697081819,-103.77821006848833,-102.78063603225917,-101.78306816749902,-100.78576209392173,-99.7891170815956,-98.79383076222338,-97.87077625207041
-112.75575054429282,-107.7760684250423,-106.77630670348519,-105.7768188896311,-104.77744554848994,-103.7783693788875,-102.78090110116365,-101.78347554145229,-100.78637207374369,-99.79003108239446,-98.79522598102187,-97.85904340912846
-112.75615904668356,-107.77619214463861,-106.77643286964029,-105.77695232961588,-104.7775906392358,-103.77853527617262,-102.78117459034186,-101.7838940405116,-100.78699717533436,-99.79096618206019,-98.79665141078017,-97.84737174394763
-112.75657260095602,-107.77632232231511,-106.77656548427076,-105.77709221757823,-104.77774222260894,-103.77870772664048,-102.78145641935434,-101.78432352070068,-100.78763716125984,-99.79192199572664,-98.79810641801413,-97.83576098666491
-112.75699121641121,-107.77645895185991,-106.77670453842111,-105.7772385403754,-104.7779002785776,-103.77888669754441,-102.78174650913144,-101.78476384010335,-100.78829179734761,-99.79289814398747,-98.79959037898482,-97.82421086972045
-112.75741490235606,-107.7766020272196,-106.77685002332848,-105.77739128512661,-104.77806478753538,-103.77907215707683,-102.78204478194708,-101.78521485882376,-100.78896085262463,-99.79389425279281,-98.80110267951268,-97.8127211277456
-112.7574936951175,-107.77663343023993,-106.7768784943058,-105.77741534190525,-104.77808787327473,-103.77909096026471,-102.7819899200106,-101.78517180088191,-100.7889256329843,-99.79386146460445,-98.80106287566855,-97.81265380401719
-112.75757098216212,-107.7766635348828,-106.77690566468121,-105.77743809353603,-104.7781095883374,-103.77910831218922,-102.78193743252928,-101.78513056078408,-100.78889180555865,-99.79382976572572,-98.80102399698409,-97.81258747641037
-112.75764685588139,-107.77669243438707,-106.7769316292074,-105.7774596376854,-104.77813003693967,-103.77912433083941,-102.78188714513576,-101.78509100390465,-100.78885926607542,-99.79379907480265,-98.80098598007011,-97.81252208946705
-112.75772140071858,-107.77672021356511,-106.7769564739369,-105.7774800628774,-104.7781493133634,-103.77913912254512,-102.78183890088442,-101.78505300937118,-100.78882792119074,-99.7937693184785,-98.80094876428866,-97.81245758638988
-112.75779469286708,-107.77674694876497,-106.77698027631338,-105.77749944874316,-104.77816750241008,-103.77915278275479,-102.78179255756767,-101.78501646774525,-100.7887976865373,-99.79374043060412,-98.80091229500897,-97.81239391589384
-112.75786680140432,-107.77677270905107,-106.77700310637893,-105.7775178672736,-104.77818468073329,-103.7791653975471,-102.7817479861572,-101.78498127978348,-100.78876848569172,-99.79371235136108,-98.80087652291057,-97.8123310316273
-112.75793778922015,-107.77679755715926,-106.77702502774574,-105.7775353838214,-104.77820091790075,-103.77917704484146,-102.78170506938666,-101.78494735533147,-100.78874024928572,-99.79368502651616,-98.80084140332025,-97.8122688915373
-112.75800771374313,-107.77682155024259,-106.77704609835406,-105.77755205788358,-104.77821627722768,-103.77918779535915,-102.7816637004489,-101.78491461230496,-100.78871291419586,-99.79365840675317,-98.80080689562939,-97.81220745731893
-112.75807662754877,-107.77684474049514,-106.77706637110632,-105.77756794375627,-104.77823081647529,-103.77919771343286,-102.78162378184766,-101.78488297579518,-100.78868642283929,-99.79363244710575,-98.80077296281395,-97.81214669396836
-112.75814457889004,-107.77686717569536,-106.77708589441893,-105.77758309110453,-104.77824458845839,-103.77920685771112,-102.78158522440145,-101.7848523772991,-100.78866072257651,-99.7936071064854,-98.80073957104294,-97.81208656942161
-112.75821161214316,-107.77688889966328,-106.77710471268712,-105.77759754544265,-104.77825764155928,-103.77921528175649,-102.7815479463579,-101.78482275403152,-100.78863576517436,-99.79358234725314,-98.80070668931945,-97.81202705422275
-112.75827776821123,-107.77690995267373,-106.77712286670437,-105.77761134856716,-104.77827002018961,-103.77922303458115,-102.78151187263168,-101.78479404833882,-100.78861150635419,-99.79355813486632,-98.8006742891912,-97.81196812125836
-112.75834308486496,-107.7769303718058,-106.77714039401815,-105.77762453892481,-104.7782817651845,-103.77923016110607,-102.78147693412444,-101.78476620717286,-100.78858790538398,-99.79353443755718,-98.8006423444851,-97.81190974551406
-112.75840759705474,-107.77695019126233,-106.77715732925395,-105.77763715194708,-104.77829291415951,-103.77923670257432,-102.78144306713435,-101.78473918163695,-100.78856492472856,-99.793511226058,-98.8006108310803,-97.81185190386552
-112.7584713371793,-107.77696944264514,-106.77717370439521,-105.77764922033938,-104.77830350181986,-103.77924269690988,-102.78141021282904,-101.78471292657827,-100.78854252973399,-99.79348847335332,-98.80057972670392,-97.81179457489078
-112.75853433532708,-107.77698815520257,-106.77718954903492,-105.7776607743411,-104.77831356023837,-103.77924817903997,-102.78137831678467,-101.78468740023396,-100.78852068835491,-99.79346615446656,-98.80054901075661,-97.81173773871113
-112.75859661948878,-107.77700635604701,-106.7772048905965,-105.77767184195376,-104.77832311909927,-103.7792531811773,-102.78134732857231,-101.78466256391255,-100.78849937090978,-99.79344424626885,-98.80051866415499,-97.81168137684553
-112.75865821574479,-107.77702407034698,-106.77721975452927,-105.7776824491433,-104.77833220591496,-103.77925773307163,-102.78131720139173,-101.78463838171194,-100.78847854986233,-99.79342272730672,-98.80048866918993,-97.81162547208162
-112.75871914844457,-107.77704132151096,-106.77723416449479,-105.77769262003176,-104.77834084622953,-103.77926186224242,-102.78128789175094,-101.78461482027318,-100.78845819963355,-99.793401577657,-98.80045900940841,-97.81157000836691
-112.7587794403449,-107.77705813132886,-106.77724814251114,-105.77770237704732,-104.77834906378058,-103.77926559416925,-102.78125935916675,-101.7845918485506,-100.78843829642388,-99.79338077878604,-98.80042966949748,-97.81151497070272
-112.75883911275731,-107.7770745201231,-106.77726170910604,-105.7777117410818,-104.77835688066662,-103.77926895248181,-102.78123156591165,-101.78456943761608,-100.78841881806233,-99.79336031343301,-98.80040063518827,-97.81146034505592
-112.75889818565871,-107.77709050686194,-106.77727488343238,-105.77772073161044,-104.77836431747545,-103.77927195911025,-102.78120447676972,-101.78454756047095,-100.78839974386078,-99.79334016549328,-98.8003718931592,-97.81140611826928
-112.7589566778154,-107.77710610928611,-106.77728768339637,-105.7777293668239,-104.77837139342498,-103.77927463444503,-102.78117805884101,-101.78452619189787,-100.78838105450248,-99.79332031993509,-98.80034343097029,-97.81135227800284
-112.75901460686899,-107.77712134399736,-106.77730012574816,-105.77773766372202,-104.77837812646351,-103.77927699745389,-102.78115228133798,-101.78450530830125,-100.78836273191618,-99.79330076269777,-98.80031523697731,-97.81129881265454
-112.75907198943266,-107.77713622655652,-106.77731222618088,-105.77774563821625,-104.7783845333792,-103.7792790658067,-102.7811271154227,-101.78448488758474,-100.78834475918461,-99.79328148062267,-98.80028730027651,-97.81124571130894
-112.75912884116958,-107.77715077156397,-106.77732399941296,-105.77775330521449,-104.7783906298907,-103.77928085597982,-102.78110253404955,-101.78446490902844,-100.78832712044748,-99.79326246137474,-98.8002596106384,-97.81119296367653
-112.75918517686375,-107.77716499273207,-106.77733545926138,-105.77776067869698,-104.77839643072842,-103.77928238334958,-102.78107851182328,-101.78444535318076,-100.78830980082051,-99.79324369338258,-98.80023215846207,-97.81114056005313
-112.75924101049574,-107.77717890296255,-106.77734661872014,-105.77776777179677,-104.77840194971975,-103.77928366228802,-102.78105502487983,-101.78442620176673,-100.78829278632352,-99.79322516577888,-98.80020493472199,-97.81108849126905
-112.75929635528885,-107.77719251439406,-106.77735749000922,-105.77777459685109,-104.77840719984518,-103.77928470622972,-102.78103205076006,-101.78440743759015,-100.78827606380524,-99.79320686834427,-98.8001779309259,-97.8110367486523
-112.75935122377606,-107.77720583847012,-106.77736808464294,-105.77778116547131,-104.77841219331174,-103.77928552775322,-102.7810095683134,-101.78438904446033,-100.78825962088712,-99.79318879146123,-98.80015113907399,-97.81098532398978
-112.7594056278433,-107.777218885984,-106.777378413476,-105.77778748859075,-104.77841694160506,-103.7792861386418,-102.78098755759818,-101.78437100711527,-100.7882434459048,-99.79317092607052,-98.80012455162557,-97.81093420949763
-112.75945957878078,-107.7772316671305,-106.7773884867558,-105.77779357651845,-104.77842145554591,-103.77928654994672,-102.78096599979797,-101.7843533111574,-100.78822752785753,-99.79315326362992,-98.8000981614635,-97.81088339778776
-112.75951308731527,-107.77724419153961,-106.77739831415691,-105.77779943897526,-104.7784257453298,-103.77928677203381,-102.78094487713409,-101.78433594298552,-100.78821185635623,-99.79313579607378,-98.80007196186094,-97.81083288183724
-112.75956616366047,-107.77725646832732,-106.77740790483251,-105.77780508514623,-104.77842982058182,-103.77928681464392,-102.78092417280348,-101.78431888974892,-100.7881964215895,-99.79311851578821,-98.80004594646294,-97.81078265497263
-112.75961881754213,-107.77726850612191,-106.77741726744108,-105.77781052370887,-104.77843369038763,-103.77928668692908,-102.78090387090208,-101.78430213928559,-100.78818121427327,-99.79310141556905,-98.80002010924991,-97.81073271083487
-112.75967105823551,-107.7772803131017,-106.77742641018493,-105.7778157628724,-104.77843736333506,-103.7792863974996,-102.78088395637025,-101.78428568008393,-100.78816622562479,-99.79308448860482,-98.79999444452572,-97.81068304336996
-112.75972289459214,-107.7772918970227,-106.77743534083821,-105.77782081040687,-104.77844084754516,-103.77928595445864,-102.78086441493124,-101.78426950123203,-100.78815144732086,-99.79306772844085,-98.79996894688516,-97.81063364679646
-112.75977433506853,-107.77730326524772,-106.77744406677634,-105.77782567367356,-104.77844415070467,-103.77928536543934,-102.78084523304223,-101.78425359238145,-100.78813687147027,-99.79305112895896,-98.7999436112003,-97.81058451559599
-112.75982538775227,-107.77731442477305,-106.77745259500331,-105.77783035965298,-104.778447280096,-103.77928463763796,-102.78082639784787,-101.78423794371305,-100.78812249058987,-99.7930346843601,-98.79991843260535,-97.81053564449755
-112.75987606038419,-107.777325382251,-106.77746093217446,-105.77783487496853,-104.77845024262234,-103.77928377784255,-102.78080789713415,-101.78422254589863,-100.78810829757224,-99.79301838913723,-98.79989340647337,-97.81048702845577
-112.75992636037492,-107.77733614400704,-106.77746908461404,-105.77783922590463,-104.77845304482732,-103.77928279245543,-102.78078971928412,-101.78420739006825,-100.78809428566173,-99.79300223805748,-98.79986852840294,-97.81043866263983
-112.75997629483543,-107.77734671607058,-106.77747705834616,-105.77784341843831,-104.77845569292806,-103.77928168752881,-102.78077185324975,-101.7841924677893,-100.7880804484385,-99.79298622614921,-98.79984379420664,-97.81039054242184
-112.76002587058424,-107.77735710418243,-106.77748485910283,-105.77784745824806,-104.7784581928255,-103.77928046877811,-102.7807542885083,-101.7841777710323,-100.78806677979244,-99.79297034868283,-98.79981919989689,-97.81034266336484
-112.76007509416816,-107.77736731381606,-106.77749249234522,-105.77785135073538,-104.77846055012685,-103.7792791416061,-102.7807370150322,-101.78416329214744,-100.7880532739043,-99.79295460115453,-98.79979474167018,-97.81029502120697
-112.76012397188309,-107.77737735019858,-106.77749996328497,-105.77785510104665,-104.77846277016883,-103.77927771112819,-102.78072002326427,-101.78414902384588,-100.78803992523173,-99.79293897927624,-98.79977041590134,-97.81024761185733
-112.76017250978047,-107.77738721831739,-106.77750727689107,-105.77785871408055,-104.77846485802584,-103.77927618218297,-102.7807033040831,-101.78413495917333,-100.78802672848913,-99.7929234789596,-98.79974621912798,-97.8102004313806
-112.76022071368799,-107.77739692294122,-106.77751443791121,-105.77786219450972,-104.77846681853282,-103.77927455935601,-102.78068684878333,-101.78412109149444,-100.78801367863541,-99.79290809630649,-98.79972214804425,-97.8101534759916
-112.76026858921507,-107.7774064686257,-106.7775214508774,-105.77786554678693,-104.77846865629228,-103.77927284698912,-102.78067064904573,-101.78410741447018,-100.78800077085657,-99.79289282759552,-98.79969819949025,-97.81010674204667
-112.76031614177094,-107.77741585973166,-106.77752832012455,-105.77786877516395,-104.77847037569391,-103.77927104920107,-102.78065469692066,-101.78409392204505,-100.78798800055617,-99.7928776692749,-98.79967437044519,-97.81006022603574
-112.76036337656954,-107.77742510043032,-106.77753504979593,-105.77787188369733,-104.77847198092131,-103.77926916989563,-102.78063898480247,-101.78408060842773,-100.78797536334054,-99.79286261795028,-98.79965065801711,-97.81001392457334
-112.76041029864675,-107.77743419472047,-106.77754164386018,-105.77787487626574,-104.77847347596959,-103.77926721278008,-102.78062350541465,-101.78406746807855,-100.78796285500837,-99.79284767037662,-98.79962705943714,-97.8099678343936
-112.76045691286483,-107.77744314643319,-106.77754810611648,-105.77787775657528,-104.77847486465181,-103.77926518137312,-102.78060825178923,-101.78405449569509,-100.78795047154071,-99.79283282345145,-98.79960357205391,-97.80992195234475
-112.76050322392122,-107.77745195924057,-106.77755444020339,-105.77788052816886,-104.77847615060872,-103.77926307901541,-102.78059321724913,-101.78404168619748,-100.7879382090881,-99.79281807420244,-98.79958019332183,-97.80987627537824
-112.76054923635874,-107.77746063666626,-106.7775606496094,-105.77788319443695,-104.77847733732037,-103.77926090888195,-102.78057839539436,-101.78402903471843,-100.78792606396478,-99.7928034197862,-98.79955692080298,-97.80983080055105
-112.7605949545745,-107.77746918209438,-106.77756673768191,-105.77788575862658,-104.7784784281152,-103.77925867399232,-102.78056378008826,-101.78401653659299,-100.78791403264029,-99.7927888574795,-98.79953375215757,-97.80978552501605
-112.76064038282342,-107.777477598773,-106.77757270763107,-105.77788822384551,-104.77847942617505,-103.7792563772158,-102.78054936543977,-101.78400418734367,-100.78790211172654,-99.79277438466885,-98.79951068513556,-97.80974044601457
-112.7606855252287,-107.77748588982486,-106.77757856254043,-105.77789059307327,-104.77848033454651,-103.77925402128399,-102.78053514579481,-101.78399198267475,-100.78789029797521,-99.79275999884995,-98.79948771757694,-97.8096955608764
-112.76073038578612,-107.77749405825153,-106.77758430537118,-105.77789286916517,-104.77848115614555,-103.77925160879593,-102.78052111572208,-101.78397991846175,-100.78787858826922,-99.79274569762063,-98.79946484740671,-97.80965086701605
-112.76077496836866,-107.7775021069384,-106.77758993896737,-105.77789505485815,-104.77848189376347,-103.77924914222433,-102.78050726999987,-101.78396799074001,-100.78786697961343,-99.79273147867293,-98.79944207262639,-97.80960636192356
-112.76081927673776,-107.77751003866555,-106.77759546606659,-105.77789715278128,-104.778482550078,-103.7792466239273,-102.78049360361086,-101.78395619570219,-100.78785546913342,-99.79271733979272,-98.79941939131528,-97.80956204316658
-112.76086331454286,-107.77751785610766,-106.77760088930033,-105.77789916545639,-104.77848312765421,-103.77924405614993,-102.78048011172716,-101.78394452968544,-100.78784405406502,-99.79270327885148,-98.79939680162275,-97.80951790838252
-112.76090708532605,-107.77752556183863,-106.77760621119843,-105.77790109530278,-104.77848362894977,-103.77924144102982,-102.78046678970072,-101.78393298916497,-100.78783273174952,-99.79268929380194,-98.79937430176554,-97.80947395527681
-112.76095059253416,-107.77753315834356,-106.77761143420115,-105.77790294464917,-104.77848405632675,-103.77923878060898,-102.78045363306022,-101.7839215707512,-100.78782149963209,-99.7926753826786,-98.79935189002806,-97.8094301816226
-112.7609938395148,-107.77754064801482,-106.77761656065533,-105.77790471573016,-104.77848441204866,-103.7792360768316,-102.78044063749569,-101.78391027117787,-100.78781035525145,-99.7926615435866,-98.79932956475149,-97.80938658525028
-112.76103682952375,-107.7775480331598,-106.7776215928223,-105.77790641069426,-104.77848469828903,-103.77923333155307,-102.78042779885506,-101.78389908730023,-100.78779929624004,-99.79264777470601,-98.79930732434114,-97.80934316405565
-112.76107956573209,-107.77755531600756,-106.7776265328844,-105.7779080316103,-104.77848491713739,-103.77923054654542,-102.7804151131364,-101.78388801608749,-100.78778832031635,-99.79263407428144,-98.79928516725329,-97.80929991598572
-112.76112205122357,-107.77756249870629,-106.77763138294256,-105.77790958046539,-104.7784850705981,-103.77922772349746,-102.7804025764783,-101.7838770546174,-100.78777742528287,-99.7926204406241,-98.79926309200088,-97.80925683904613
-112.7611642890051,-107.77756958333427,-106.77763614502756,-105.77791105917608,-104.77848516060125,-103.77922486402505,-102.7803901851579,-101.78386620007278,-100.78776660902128,-99.79260687210522,-98.79924109714511,-97.80921393129123
-112.7612062819995,-107.77757657189196,-106.77764082109167,-105.77791246958034,-104.77848518899557,-103.77922196966503,-102.78037793557661,-101.78385544973243,-100.78775586948746,-99.79259336715467,-98.79921918129648,-97.80917119082652
-112.7612480330672,-107.77758346632415,-106.77764541303128,-105.77791381345962,-104.77848515756955,-103.7792190418954,-102.78036582426827,-101.7838448009755,-100.78774520471286,-99.79257992425998,-98.79919734311278,-97.80912861580602
-112.76128954498569,-107.77759026849911,-106.77764992266586,-105.77791509251882,-104.77848506803281,-103.77921608211817,-102.78035384787579,-101.78383425126549,-100.78773461279472,-99.79256654196033,-98.7991755812949,-97.80908620442891
-112.76133082047068,-107.77759698023011,-106.77765435175968,-105.77791630840731,-104.77848492203647,-103.77921309167888,-102.78034200316,-101.78382379815511,-100.78772409189676,-99.79255321884521,-98.79915389458421,-97.80904395493606
-112.76140013694992,-107.77763244210165,-106.77769019973144,-105.77794924952755,-104.77851341846218,-103.77924045076483,-102.78036426439411,-101.78375791828617,-100.7876695444199,-99.79250417274285,-98.79910179037752,-97.80897334579353
-112.76146792264808,-107.77766648907645,-106.77772461539512,-105.77798075035572,-104.77854046124385,-103.77926627705031,-102.78038489714945,-101.7836950003425,-100.78761732182475,-99.79245699417135,-98.79905128489524,-97.80890431400722
-112.76153427791179,-107.77769922273316,-106.77775770151902,-105.77801091552857,-104.77856615858066,-103.77929068654191,-102.78040403383,-101.78363482539636,-100.78756725209765,-99.79241154530398,-98.79900226204009,-97.80883675111555
-112.76159929319272,-107.77773073456443,-106.77778955067541,-105.77803983929367,-104.7785906079011,-103.77931378368086,-102.78042179334801,-101.7835771960613,-100.78751918017117,-99.79236770189016,-98.79895461713198,-97.80877055926635
-112.76166305037358,-107.77776110731534,-106.77782024658727,-105.77806760687484,-104.77861389726823,-103.77933566283413,-102.78043828284387,-101.78352193390073,-100.78747296585429,-99.79232535158462,-98.79890825549803,-97.8087056499049
-112.76172562378034,-107.77779041601713,-106.77784986517376,-105.77809429553852,-104.77863610648785,-103.77935640948806,-102.78045359909433,-101.78346887719877,-100.78742848209096,-99.79228439256481,-98.79886309131996,-97.80864194270816
-112.76178708106207,-107.77781872888566,-106.77787847545916,-105.77811997552018,-104.77865730806909,-103.77937610128107,-102.78046782972868,-101.78341787904158,-100.78738561345594,-99.79224473232779,-98.79881904662345,-97.80857936464616
-112.76184748392556,-107.77784610807252,-106.77790614033269,-105.77814471080033,-104.77867756803234,-103.77939480887567,-102.78048105425978,-101.78336880563968,-100.7873442548378,-99.79220628663636,-98.7987760503915,-97.80851784915858
-112.7619068888011,-107.77787261034501,-106.77793291723646,-105.77816855980535,-104.77869694663545,-103.77941259673801,-102.78049334499886,-101.78332153489077,-100.78730431031104,-99.79216897861745,-98.79873403780903,-97.80845733545408
-112.76196534740494,-107.77789828766088,-106.77795885874693,-105.77819157600078,-104.77871549899045,-103.7794295238026,-102.7805047678388,-101.78327595511816,-100.7872656921452,-99.79213273796765,-98.79869294959255,-97.80839776788679
-112.76202290724108,-107.77792318768113,-106.77798401309357,-105.77821380842029,-104.77873327561237,-103.77944564406214,-102.78051538294626,-101.78323196397655,-100.78722831994511,-99.79209750026446,-98.79865273141107,-97.80833909541843
-112.76207961202395,-107.77794735420193,-106.77800842459608,-105.77823530211182,-104.77875032288317,-103.7794610070679,-102.78052524535173,-101.7831894674801,-100.78719211988674,-99.7920632063536,-98.79861333337037,-97.808281271139
-112.76213550207378,-107.77797082755806,-106.77803213407213,-105.77825609855299,-104.77876668348195,-103.77947565839098,-102.78053440548804,-101.78314837916669,-100.7871570240602,-99.79202980182241,-98.79857470956895,-97.80822425185373
-112.7621906146392,-107.77799364495313,-106.77805517917174,-105.7782762359924,-104.77878239674047,-103.77948964000652,-102.78054290964367,-101.7831086193446,-100.78712296987837,-99.79199723652627,-98.79853681770093,-97.8081679977146
-112.76224498420413,-107.77801584077261,-106.77807759469383,-105.77829574977223,-104.77879749897704,-103.7795029906515,-102.78055080037997,-101.78307011444163,-100.78708989956439,-99.79196546417666,-98.79849961870717,-97.80811247189548
-112.76229864273778,-107.77803744683945,-106.77809941284488,-105.77831467259264,-104.77881202377213,-103.779515746123,-102.78055811688282,-101.783032796414,-100.78705775968736,-99.79193444196993,-98.79846307646419,-97.80805764030346
-112.762351619943,-107.77805849266774,-106.7781206634954,-105.77833303477244,-104.77882600223771,-103.779527939566,-102.78056489529607,-101.78299660224079,-100.78702650076465,-99.79190413026748,-98.7984271575136,-97.80800347132639
-112.76240394345014,-107.77807900566062,-106.77814137438027,-105.77835086445401,-104.77883946323085,-103.77953960170456,-102.78057116899468,-101.78296147345394,-100.78699607689258,-99.7918744923003,-98.79839183081435,-97.80794993560374
-112.76245563900952,-107.77809901130694,-106.7781615712976,-105.7783681878058,-104.77885243356357,-103.77955076106682,-102.78057696884538,-101.78292735573383,-100.78696644542791,-99.7918454939128,-98.79835706752598,-97.8078970058242
-112.76250673065081,-107.77811853334413,-106.7781812782736,-105.77838502919069,-104.77886493817797,-103.77956144417432,-102.78058232342929,-101.78289419854086,-100.78693756669952,-99.79181710333295,-98.79832284081634,-97.80784465654762
-112.76255724083757,-107.7781375939158,-106.77820051772193,-105.77840141132832,-104.77887700031401,-103.77957167572119,-102.78058725924862,-101.78286195478954,-100.78690940375033,-99.79178929096364,-98.79828912568436,-97.80779286403956
-112.76260719059415,-107.7781562137017,-106.77821931057514,-105.77841735542911,-104.77888864164935,-103.77958147872552,-102.78059180090426,-101.78283058055165,-100.78688192210504,-99.79176202919706,-98.7982558988043,-97.80774160612673
-112.7626565996261,-107.7781744120404,-106.77823767640885,-105.77843288132112,-104.77889988243066,-103.77959087467049,-102.78059597126,-101.78280003479314,-100.78685508956326,-99.79173529224965,-98.79822313838744,-97.80769086206857
-112.76270548642788,-107.77819220703938,-106.7782556335532,-105.77844800756345,-104.7789107415914,-103.77959988363085,-102.78059979158864,-101.7827702791344,-100.78682887601074,-99.79170905600972,-98.79819082405287,-97.80764061243715
-112.76275386838226,-107.77820961567642,-106.77827319919516,-105.77846275155072,-104.77892123686021,-103.77960852438935,-102.78060328170695,-101.7827412776384,-100.78680325325236,-99.79168329790338,-98.79815893671436,-97.80759083901118
-112.76280176184514,-107.77822665388648,-106.77829038946668,-105.77847712960282,-104.77893138485393,-103.77961681453709,-102.78060646009246,-101.78271299661448,-100.78677819485922,-99.79165799677314,-98.79812745847947,-97.80754152468342
-112.76284918222348,-107.77824333664088,-106.7783072195247,-105.77849115704663,-104.77894120116278,-103.77962477056514,-102.78060934398943,-101.78268540443972,-100.78675367602638,-99.79163313276243,-98.7980963725512,-97.80749265336867
-112.76289614405415,-107.77825967802825,-106.7783237036329,-105.77850484829925,-104.7789507004361,-103.77963240795602,-102.78061194951341,-101.7826584714063,-100.7867296734542,-99.79160868722127,-98.79806566314808,-97.80744420992866
-112.76294266106,-107.77827569131139,-106.77833985521961,-105.77851821692727,-104.77895989644449,-103.77963974125166,-102.78061429173148,-101.78263216956908,-100.78670616522842,-99.79158464260983,-98.79803531542434,-97.80739618009942
-112.76298874622103,-107.77829138900003,-106.77835568695089,-105.77853127572087,-104.77896880215597,-103.7796467841338,-102.78061638475236,-101.78260647262172,-100.78668313072183,-99.7915609824198,-98.79800531540278,-97.80734855042725
-112.76303441181201,-107.77830678288944,-106.77837121077009,-105.77854403673487,-104.77897742977977,-103.77965354947328,-102.78061824178658,-101.78258135576557,-100.78666055049229,-99.79153769109246,-98.79797564990614,-97.80730130820633
-112.76307966946959,-107.77832188412854,-106.77838643796639,-105.77855651135773,-104.77898579083633,-103.77966004940272,-102.78061987522635,-101.78255679561104,-100.78663840620436,-99.79151475395574,-98.79794630650343,-97.80725444142743
-112.76312453022861,-107.77833670325727,-106.7784013792128,-105.77856871035088,-104.7789938961992,-103.77966629536314,-102.78062129670096,-101.78253277007319,-100.78661668054797,-99.79149215715917,-98.79791727345615,-97.80720793872894
-112.7631690045631,-107.77835125024828,-106.77841604460828,-105.77858064389157,-104.77900175613917,-103.7796722981511,-102.78062251713062,-101.78250925827786,-100.78659535716359,-99.7914698876138,-98.79788853966704,-97.8071617893487
-112.76321310242511,-107.77836553454667,-106.778430443718,-105.77859232161393,-104.77900938036689,-103.7796780679645,-102.7806235467787,-101.7824862404794,-100.78657442057879,-99.7914479329416,-98.79786009463771,-97.80711598308469
-112.76325683328581,-107.77837956511163,-106.77844458561529,-105.77860375265139,-104.77901677807657,-103.7796836144488,-102.78062439530342,-101.78246369798775,-100.78655385614964,-99.79142628142755,-98.79783192842764,-97.80707051025671
-112.76330020615711,-107.77839335043898,-106.7784584789047,-105.77861494566073,-104.77902395797129,-103.77968894672546,-102.78062507179202,-101.78244161309053,-100.786533650001,-99.79140492197345,-98.79780403161686,-97.80702536167233
-112.76334322962647,-107.7784068985961,-106.77847213175718,-105.77862590885766,-104.77903092829992,-103.77969407343097,-102.78062558480428,-101.78241996899118,-100.78651378897627,-99.79138384405593,-98.79777639526851,-97.80698052859083
-112.76338591188605,-107.77842021725222,-106.77848555194066,-105.77863665004784,-104.77903769688879,-103.7796990027505,-102.78062594241013,-101.78239874975068,-100.78649426059266,-99.7913630376916,-98.79774901090138,-97.80693600269916
-112.76342826075735,-107.77843331370302,-106.77849874684513,-105.77864717665277,-104.77904427116887,-103.7797037424473,-102.78062615222335,-101.78237794023283,-100.78647505299766,-99.79134249340152,-98.7977218704586,-97.80689177608136
-112.7634702837088,-107.778446194889,-106.77851172350107,-105.77865749572837,-104.77905065819512,-103.77970829988404,-102.78062622142656,-101.78235752604834,-100.78645615492566,-99.79132220217737,-98.79769496628003,-97.8068478411938
-112.76351198788352,-107.77845886742362,-106.77852448860807,-105.7786676139942,-104.77905686467646,-103.77971268205437,-102.78062615680562,-101.782337493513,-100.78643755566418,-99.79130215545317,-98.79766829107808,-97.80680419084243
-112.76355338011417,-107.77847133760824,-106.77853704854968,-105.77867753784876,-104.77906289699209,-103.77971689560073,-102.78062596477052,-101.78231782959958,-100.78641924501694,-99.79128234507655,-98.79764183791357,-97.80676081816034
-112.76359446694607,-107.77848361145591,-106.77854940941783,-105.77868727339397,-104.77906876121612,-103.77972094684041,-102.78062565138418,-101.78229852190206,-100.78640121327528,-99.79126276328583,-98.79761560017654,-97.8067177165896
-112.76363525465054,-107.77849569470509,-106.77856157702647,-105.77869682644955,-104.77907446313327,-103.77972484178295,-102.78062522238211,-101.78227955859548,-100.78638345118645,-99.79124340268356,-98.79758957156336,-97.80667487986022
-112.76367574924355,-107.77850759283815,-106.77857355693024,-105.77870620257167,-104.7790800082575,-103.77972858614949,-102.78062468319409,-101.7822609284028,-100.78636594992831,-99.79122425621782,-98.79756374606237,-97.80663230197715
-112.76371595649549,-107.77851931109191,-106.77858535443548,-105.77871540706448,-104.7790854018445,-103.77973218538695,-102.78062403896037,-101.78224262055936,-100.78634870108027,-99.79120531715762,-98.79753811793157,-97.80658997719858
-112.7637558819523,-107.77853085447869,-106.77859697462101,-105.7787244450009,-104.77909064891267,-103.77973564468961,-102.78062329455484,-101.78222462478867,-100.78633169660564,-99.79118657907951,-98.79751268168798,-97.80654790002654
-112.76379553094243,-107.77854222779361,-106.77860842234604,-105.77873332123113,-104.77909575425238,-103.77973896900964,-102.78062245459763,-101.78220693127074,-100.78631492882549,-99.79116803584647,-98.79748743209097,-97.80650606519207
-112.76383490858896,-107.77855343562696,-106.77861970226223,-105.77874204039462,-104.77910072243833,-103.77974216307044,-102.78062152346959,-101.78218953061516,-100.78629839039797,-99.7911496815907,-98.79746236412518,-97.80646446763757
-112.76387401982325,-107.77856448237803,-106.77863081882812,-105.77875060693482,-104.77910555784437,-103.7797452313821,-102.78062050532932,-101.7821724138402,-100.78628207430222,-99.79113151070209,-98.79743747299419,-97.80642310251307
-112.76391286939413,-107.7785753722644,-106.77864177631814,-105.77875902510854,-104.77911026465367,-103.77974817825239,-102.78061940412533,-101.78215557234874,-100.78626597381897,-99.7911135178111,-98.79741275410258,-97.80638196515744
-112.76395146187427,-107.77858610932853,-106.77865257882952,-105.77876729899283,-104.77911484686571,-103.77975100779484,-102.7806182236056,-101.7821389979051,-100.78625008251282,-99.79109569777603,-98.79738820304834,-97.80634105109296
-112.76398980167883,-107.77859669745655,-106.77866323030113,-105.778775432504,-104.77911930831549,-103.77975372394793,-102.78061696733693,-101.78212268262212,-100.78623439422111,-99.7910780456724,-98.79736381561123,-97.80630035601322
-112.76402789306113,-107.77860714037415,-106.77867373450958,-105.77878342939412,-104.77912365267086,-103.77975633047396,-102.78061563870592,-101.78210661893462,-100.78621890303451,-99.79106055677961,-98.7973395877442,-97.80625987577623
-112.76406574012633,-107.77861744166019,-106.77868409508275,-105.7787912932645,-104.77912788344563,-103.77975883097206,-102.78061424093214,-101.78209079958432,-100.78620360328371,-99.79104322656778,-98.7973155155594,-97.80621960639016
-112.764103346845,-107.77862760476064,-106.7786943155139,-105.77879902757994,-104.77913200401439,-103.77976122889382,-102.78061277708454,-101.78207521761108,-100.78618848953407,-99.79102605069586,-98.79729159532987,-97.80617954401643
-112.76414071704997,-107.7786376329853,-106.7787043991585,-105.77880663566557,-104.77913601760959,-103.77976352754088,-102.78061125007996,-101.78205986632757,-100.78617355656415,-99.79100902499277,-98.79726782347083,-97.80613968495086
-112.76417785444588,-107.77864752951761,-106.77871434924414,-105.77881412071737,-104.77913992733232,-103.77976573007639,-102.78060966269538,-101.7820447393095,-100.78615879935903,-99.79099214545239,-98.79724419653652,-97.80610002562132
-112.7642147626205,-107.77865729742602,-106.77872416888185,-105.7788214858131,-104.77914373616336,-103.77976783953606,-102.78060801757908,-101.78202983038537,-100.78614421310209,-99.79097540822748,-98.79722071121554,-97.80606056258326
-112.76425144504427,-107.77866693966355,-106.77873386106585,-105.77882873391222,-104.77914744696315,-103.7797698588289,-102.78060631725238,-101.78201513361894,-100.78612979316094,-99.79095880961795,-98.79719736432033,-97.80602129251021
-112.7642879050759,-107.77867645907365,-106.77874342867946,-105.77883586786234,-104.77915106247889,-103.7797717907449,-102.78060456411777,-101.7820006432991,-100.7861155350799,-99.79094234606512,-98.79717415278292,-97.8059822121895
-112.7643241459729,-107.77868585840042,-106.7787528745053,-105.77884289040884,-104.77915458535368,-103.7797736379639,-102.78060276046773,-101.78198635393065,-100.78610143457215,-99.79092601414496,-98.79715107364834,-97.80594331851623
-112.76436017089027,-107.77869514028787,-106.77876220122468,-105.77884980419489,-104.77915801812725,-103.77977540305734,-102.78060090848764,-101.78197226022198,-100.78608748751105,-99.79090981056211,-98.79712812407084,-97.8059046084895
-112.76439598289134,-107.77870430729044,-106.77877141142824,-105.77885661177191,-104.77916136324629,-103.77977708849849,-102.78059901026572,-101.78195835707855,-100.78607368992402,-99.79089373214367,-98.7971053013074,-97.80586607920674
-112.76443158494378,-107.77871336186918,-106.77878050761197,-105.77886331559579,-104.77916462306088,-103.77977869665943,-102.78059706779067,-101.78194463958702,-100.78606003798023,-99.7908777758302,-98.79708260271046,-97.8058277278563
-112.76446697993006,-107.77872230640223,-106.77878949218793,-105.7788699180376,-104.77916779983532,-103.779780229822,-102.78059508296283,-101.7819311030126,-100.78604652798921,-99.79086193867475,-98.79706002572838,-97.80578955171896
-112.76450217065032,-107.77873114318793,-106.77879836748741,-105.7788764213868,-104.77917089575134,-103.77978169018138,-102.78059305759814,-101.78191774278979,-100.78603315639275,-99.79084621783552,-98.79703756789732,-97.80575154815907
-112.76453715982504,-107.77873987444717,-106.77880713576312,-105.7788828278536,-104.77917391291086,-103.7797830798491,-102.78059099343116,-101.78190455451404,-100.7860199197594,-99.79083061057256,-98.79701522683989,-97.8057137146244
-112.76457195009476,-107.77874850232342,-106.77881579918957,-105.77888913956933,-104.77917685333622,-103.77978440085346,-102.78058889211587,-101.78189153393059,-100.78600681477361,-99.79081511423762,-98.79699300025575,-97.80567604863639
-112.76460654403292,-107.77875702889558,-106.77882435987563,-105.77889535859899,-104.7791797189828,-103.77978565515238,-102.78058675523867,-101.78187867693696,-100.7859938382406,-99.7907997262798,-98.79697088592674,-97.80563854779545
-112.76464094413785,-107.77876545616994,-106.77883281985676,-105.77890148693376,-104.77918251173185,-103.77978684462653,-102.78058458431178,-101.7818659795663,-100.78598098707117,-99.79078444423244,-98.79694888170646,-97.80560120977144
-112.76468114056209,-107.77880634764425,-106.77887392844724,-105.77894294592119,-104.77922099672422,-103.77982072057935,-102.78061693567379,-101.7818919043395,-100.78589972477815,-99.79071257652716,-98.79687778079018,-97.80551757604175
-112.76471982567988,-107.77884570165757,-106.77891348504218,-105.77898283139183,-104.77925789459566,-103.77985298781847,-102.78064758749133,-101.78191602805546,-100.78582229353748,-99.7906438532933,-98.79680940561754,-97.80543656389825
-112.7647571083607,-107.77888362895584,-106.77895160145565,-105.77902125673928,-104.77929332115076,-103.77988376655692,-102.7806766692177,-101.78193849912908,-100.78574840721333,-99.79057804015383,-98.7967435545688,-97.8053579835433
-112.76479308662977,-107.77892022926305,-106.77898837837772,-105.77905832408085,-104.77932738066563,-103.7799131650051,-102.78070429734761,-101.78195945074802,-100.78567780811002,-99.79051492606052,-98.79668004609748,-97.80528166404889
-112.76482784907331,-107.77895559270141,-106.77902390680427,-105.77909412570271,-104.77936016736179,-103.77994128089952,-102.78073057705559,-101.7819790027884,-100.78561026348443,-99.7904543203917,-98.79661871621323,-97.80520745098322
-112.7648614759825,-107.77898980095385,-106.7790582692101,-105.77912874524934,-104.77939176662198,-103.77996820276915,-102.78075560356449,-101.78199726343612,-100.78554556259643,-99.7903960505415,-98.79655941641306,-97.8051352044686
-112.76489404029704,-107.77902292822448,-106.77909154051889,-105.77916225870733,-104.7794222559975,-103.77999401098637,-102.78077946328422,-101.78201433054453,-100.7854835141419,-99.7903399598236,-98.7965020118847,-97.80506479749614
-112.76492560845205,-107.77905504209954,-106.77912378897216,-105.77919473528634,-104.77945170610862,-103.78001877870499,-102.78080223482502,-101.78203029283324,-100.78542394405558,-99.79028590567108,-98.79644637995787,-97.8049961144695
-112.7649562410869,-107.77908620426915,-106.77915507685844,-105.77922623815907,-104.77948018140233,-103.78004257265067,-102.78082398985374,-101.78204523090588,-100.7853666935908,-99.7902337580655,-98.79639240875457,-97.8049290499373
-112.76498599368776,-107.77911647118067,-106.77918546117259,-105.77925682512917,-104.77950774083456,-103.78006545383079,-102.78084479385964,-101.78205921815447,-100.78531161766712,-99.79018339818371,-98.79633999602677,-97.80486350750131
-112.76501491711572,-107.7791458945762,-106.77921499415874,-105.77928654918283,-104.77953443843572,-103.78008747812565,-102.78086470679604,-101.78207232152263,-100.78525858340691,-99.79013471719914,-98.79628904812391,-97.80479939884556
-112.76504305810371,-107.77917452199796,-106.77924372382037,-105.77931545900518,-104.77956032383756,-103.78010869683551,-102.78088378366952,-101.78208460219871,-100.78520746887762,-99.79008761525148,-98.79623947910781,-97.80473664290434
-112.76507045966216,-107.77920239720122,-106.7792716943374,-105.77934359940387,-104.77958544270759,-103.78012915713506,-102.78090207503315,-101.78209611620153,-100.78515816196939,-99.79004200052681,-98.79619120996102,-97.80467516511884
-112.76509716145668,-107.77922956053834,-106.77929894645389,-105.77937101170191,-104.77960983715023,-103.78014890249028,-102.78091962743608,-101.78210691490976,-100.78511055941955,-99.78999778845915,-98.79614416790042,-97.80461489679155
-112.76512320013335,-107.77925604928994,-106.77932551781237,-105.77939773407695,-104.77963354605413,-103.78016797302085,-102.78093648381572,-101.78211704552452,-100.78506456594941,-99.78995490102324,-98.7960982857689,-97.80455577451463
-112.76514860960066,-107.77928189795146,-106.77935144324326,-105.77942380185462,-104.77965660539213,-103.7801864058129,-102.78095268383642,-101.78212655147,-100.78502009349215,-99.78991326610134,-98.79605350149039,-97.80449773965772
-112.7651734212943,-107.77930713850273,-106.77937675503699,-105.77944924778456,-104.77967904850372,-103.78020423521284,-102.78096826420594,-101.78213547276398,-100.78497706052252,-99.78987281693428,-98.7960097575977,-97.80444073792397
-112.76519766440181,-107.77933180063643,-106.77940148317455,-105.77947410227425,-104.77970090633379,-103.78022149307627,-102.78098325894538,-101.78214384633627,-100.78493539145241,-99.78983349162671,-98.79596700080752,-97.80438471895097
-112.76522136605793,-107.77935591195694,-106.77942565552861,-105.77949839359302,-104.77972220764202,-103.78023820898667,-102.78099769962576,-101.7821517063077,-100.78489501608723,-99.78979523270144,-98.79592518163636,-97.80432963594924
-112.7652445515308,-107.77937949816972,-106.77944929805432,-105.7795221480654,-104.77974297920025,-103.78025441046076,-102.78101161558996,-101.78215908425001,-100.78485586915104,-99.78975798670966,-98.79588425406551,-97.80427544538782
-112.76526724438986,-107.77940258325192,-106.7794724349619,-105.77954539024626,-104.77976324597128,-103.78027012313402,-102.78102503415208,-101.78216600941784,-100.78481788986103,-99.78972170388356,-98.79584417524215,-97.80422210671267
-112.7652894666402,-107.77942518958945,-106.77949508885473,-105.77956814306084,-104.77978303125292,-103.78028537091214,-102.7810379807628,-101.78217250894468,-100.78478102153575,-99.78968633781426,-98.79580490520287,-97.80416958208782
-112.76531123886083,-107.77944733811736,-106.77951728087139,-105.77959042794886,-104.7798023568245,-103.7803001761226,-102.78105047917215,-101.78217860803201,-100.78474521125545,-99.78965184517442,-98.79576640663403,-97.80411783616903
-112.7653325803143,-107.77946904843142,-106.77953903079822,-105.77961226497838,-104.77982124306412,-103.78031455963739,-102.78106255156273,-101.78218433010572,-100.7847104095424,-99.78961818545554,-98.79572864464696,-97.80406683589321
-112.765353509067,-107.77949033891056,-106.77956035719268,-105.77963367297134,-104.77983970907621,-103.78032854100519,-102.78107421869142,-101.78218969697924,-100.78467657009517,-99.78958532075104,-98.79569158659054,-97.80401655030207
-112.7653740420647,-107.77951122679364,-106.77958127746136,-105.77965466958236,-104.77985777277311,-103.78034213853748,-102.78108549998439,-101.78219472896775,-100.78464364951662,-99.78955321553227,-98.7956552018581,-97.80396695036002
-112.76539419523843,-107.77953172828727,-106.7796018079684,-105.7796752714088,-104.77987545098676,-103.7803553694237,-102.7810964136594,-101.78219944502682,-100.78461160710137,-99.78952183647641,-98.79561946174186,-97.80391800881877
-112.76541398356933,-107.77955185863162,-106.77962196410219,-105.77969549405839,-104.77989275953837,-103.78036824980475,-102.78110697680695,-101.78220386284913,-100.78458040461557,-99.78949115228305,-98.79558433927124,-97.8038697000638
-112.765433421168,-107.77957163218142,-106.77964176035707,-105.77971535223212,-104.77990971332298,-103.7803807948602,-102.78111720548316,-101.78220799897075,-100.78455000611524,-99.78946113352808,-98.79554980909066,-97.80382200000047
-112.76545252133823,-107.77959106247046,-106.77966121039832,-105.77973485979003,-104.77992632637675,-103.78039301887904,-102.78112711478678,-101.78221186886066,-100.78452037777441,-99.78943175252198,-98.79551584733615,-97.80377488593756
-112.76547129662721,-107.77961016226288,-106.77968032711435,-105.77975402980437,-104.77994261193172,-103.78040493531672,-102.78113671892152,-101.7822154869942,-100.78449148772056,-99.78940298317474,-98.79548243151908,-97.80372833647819
-112.76548975889835,-107.77962894362729,-106.77969912269103,-105.77977287463463,-104.77995858249167,-103.78041655687328,-102.78114603127845,-101.7822188669447,-100.7844633059075,-99.7893748008914,-98.79544954043666,-97.8036823314359
-112.76550791935902,-107.77964741796481,-106.77971760864037,-105.77979140595716,-104.7799742498635,-103.78042789552711,-102.78115506447472,-101.78222202143218,-100.78443580396855,-99.78934718245308,-98.79541715406951,-97.80363685173774
-112.76552578862571,-107.7796655960754,-106.77973579586731,-105.77980963483218,-104.7799896252246,-103.78043896260415,-102.78116383042615,-101.78222496240285,-100.78440895511193,-99.78932010592966,-98.79538525350675,-97.80359187935453
-112.76554337674405,-107.77968348817853,-106.77975369469067,-105.77982757172573,-104.78000471914653,-103.78044976880354,-102.78117234037714,-101.78222770106777,-100.78438273399657,-99.78929355057919,-98.79535382085835,-97.8035473972175
-112.76556069324793,-107.77970110397278,-106.77977131490333,-105.77984522657033,-104.78001954165596,-103.78046032426,-102.78118060496597,-101.78223024797346,-100.78435711664837,-99.78926749677933,-98.79532283919885,-97.8035033891672
-112.76557774717871,-107.77971845265594,-106.77978866579248,-105.77986260878556,-104.78003410225647,-103.78047063856732,-102.78118863425148,-101.78223261303526,-100.78433208035534,-99.78924192594053,-98.79529229248953,-97.80345983987839
-112.76559454712404,-107.77973554296398,-106.77980575617896,-105.779879727318,-104.78004840996887,-103.78048072081995,-102.78119643775734,-101.78223480558685,-100.7843076035887,-99.78921682044219,-98.79526216552563,-97.80341673481124
-112.7656111012515,-107.77975238320576,-106.77982259445238,-105.77989659067681,-104.78006247336785,-103.78049057965089,-102.78120402451265,-101.7822368344254,-100.78428366592973,-99.78919216357235,-98.79523244388312,-97.80337406016143
-112.7656274173242,-107.77976898127855,-106.77983918858669,-105.77991320694963,-104.78007630059825,-103.78050022324929,-102.78121140307194,-101.78223870783677,-100.78426024798736,-99.7891679394604,-98.79520311386216,-97.80333180280704
-112.76564350273364,-107.77978534470161,-106.7798555461742,-105.77992958383687,-104.78008989941007,-103.78050965939643,-102.78121858155325,-101.78224043363709,-100.7842373313392,-99.78914413302887,-98.79517416244448,-97.8032899502675
-112.76565936452326,-107.77980148064016,-106.77987167444968,-105.77994572867641,-104.78010327718366,-103.78051889549187,-102.78122556766625,-101.78224201920439,-100.7842148984705,-99.78912072994316,-98.79514557725133,-97.80324849066608
-112.76567500941238,-107.77981739592963,-106.77988758031488,-105.77996164846823,-104.78011644095479,-103.78052793857943,-102.78123236873998,-101.78224347150991,-100.78419293272026,-99.78909771656735,-98.79511734650397,-97.80320741269038
-112.7656904438021,-107.77983309708168,-106.77990327034463,-105.7799773498808,-104.78012939742165,-103.78053679535526,-102.78123899173315,-101.78224479713184,-100.78417141821718,-99.78907507991245,-98.79508945898054,-97.80316670555355
-112.76570567381333,-107.77984859032314,-106.77991875082617,-105.77999283929077,-104.78014215298485,-103.7805454722082,-102.78124544327521,-101.78224600229804,-100.78415033984723,-99.78905280760827,-98.79506190399064,-97.80312635896932
-112.76572070528617,-107.77986388159503,-106.77993402775815,-105.78000812278226,-104.78015471374718,-103.78055397522076,-102.78125172966978,-101.7822470928932,-100.78412968319543,-99.78903088785783,-98.79503467133776,-97.80308636311749
-112.76573554380872,-107.77987897658197,-106.77994910688021,-105.78002320617647,-104.78016708554348,-103.7805623101991,-102.7812578569252,-101.78224807449071,-100.78410943451307,-99.78900930940908,-98.79500775129321,-97.80304670861878
-112.76575019472752,-107.77989388072292,-106.77996399368404,-105.78003809504307,-104.7801792739524,-103.78057048268583,-102.78126383076876,-101.78224895236924,-100.7840895806768,-99.78898806152158,-98.79498113456884,-97.80300738650972
-112.76576466315724,-107.77990859922096,-106.779978693423,-105.78005279471017,-104.78019128430682,-103.78057849797098,-102.78126965665928,-101.78224973152744,-100.7840701091492,-99.78896713393426,-98.79495481228788,-97.80296838821428
-112.76577895399633,-107.7799231370592,-106.77999321112858,-105.78006731028069,-104.78020312171041,-103.78058636110876,-102.78127533980437,-101.78225041670268,-100.78405100794731,-99.78894651684045,-98.79492877596552,-97.8029297055273
-112.76579307194422,-107.77993749901823,-106.7800075516274,-105.78008164664962,-104.78021479105493,-103.7805940769356,-102.78128088517971,-101.78225101239164,-100.78403226561527,-99.78892620086404,-98.7949030174858,-97.80289133059063
-112.7658070214996,-107.77995168967458,-106.7800217195404,-105.78009580850372,-104.78022629702086,-103.78060165007142,-102.78128629753155,-101.78225152285489,-100.78401387118683,-99.78890617703001,-98.79487752907892,-97.80285325587374
-112.76582080699005,-107.77996571343053,-106.7800357193123,-105.78010980035046,-104.78023764410563,-103.78060908494766,-102.78129158140484,-101.78225195214526,-100.78399581417099,-99.78888643675234,-98.7948523033093,-97.80281547416145
-112.765834432559,-107.77997957450117,-106.78004955519879,-105.78012362650588,-104.78024883661259,-103.78061638579734,-102.78129674113495,-101.78225230410182,-100.78397808450991,-99.78886697179853,-98.79482733304462,-97.80277797852456
-112.76584790219688,-107.7799932769459,-106.7800632312985,-105.78013729112665,-104.78025987868263,-103.78062355668656,-102.78130178087923,-101.78225258238162,-100.78396067257371,-99.78884777428759,-98.79480261145598,-97.80274076232111
-112.76586121972856,-107.78000682465563,-106.78007675153984,-105.7801507981968,-104.78027077428156,-103.78063060150264,-102.78130670460638,-101.7822527904507,-100.78394356911912,-99.78882883665347,-98.7947781319841,-97.80270381916317
-112.76587438883911,-107.78002022137913,-106.78009011970767,-105.78016415155462,-104.78028152722683,-103.78063752398062,-102.78131151612344,-101.78225293161142,-100.78392676528512,-99.78881015164366,-98.79475388834065,-97.80266714291989
-112.76588741307002,-107.7800334707191,-106.78010333943935,-105.78017735488893,-104.7802921411842,-103.78064432770071,-102.78131621907353,-101.78225300900131,-100.78391025256335,-99.78879171229377,-98.79472987448398,-97.80263072769264
-112.76590029583612,-107.78004657614939,-106.78011641424209,-105.78019041175628,-104.78030261968496,-103.78065101610542,-102.7813208169538,-101.78225302561133,-100.78389402278826,-99.78877351192014,-98.79470608461463,-97.80259456781246
-112.76591304041762,-107.7800595410069,-106.78012934748489,-105.78020332557325,-104.78031296611844,-103.78065759249272,-102.78132531310936,-101.78225298428104,-100.78387806810794,-99.7887555440955,-98.79468251315313,-97.80255865781805
-112.76592564998116,-107.78007236851303,-106.78014214241999,-105.7802160996379,-104.78032318375367,-103.78066406003755,-102.781329710755,-101.78225288772056,-100.78386238098113,-99.78873780264676,-98.7946591547392,-97.80252299245579
-112.76593812757756,-107.78008506177125,-106.78015480218068,-105.78022873712756,-104.78033327573719,-103.78067042178999,-102.78133401297357,-101.78225273850913,-100.78384695415347,-99.78872028163481,-98.79463600421299,-97.80248756666167
-112.76595047614656,-107.78009762377206,-106.78016732978602,-105.7802412411037,-104.78034324509791,-103.78067668068043,-102.78133822272221,-101.78225253910256,-100.78383178064443,-99.78870297534534,-98.79461305660853,-97.80245237555509
-112.76596269852904,-107.78011005740554,-106.78017972815378,-105.78025361452514,-104.78035309476081,-103.7806828395334,-102.7813423428461,-101.78225229184699,-100.78381685374062,-99.78868587828255,-98.7945903071481,-97.80241741443415
-112.7659747974643,-107.78012236545823,-106.78019200009707,-105.78026586024431,-104.78036282754292,-103.78068890106356,-102.78134637607496,-101.7822519989755,-100.7838021669737,-99.7886689851504,-98.79456775122515,-97.80238267875853
-112.76598677559312,-107.78013455061665,-106.78020414832817,-105.78027798101162,-104.78037244615805,-103.78069486788104,-102.78135032502901,-101.78225166261521,-100.78378771411069,-99.78865229084542,-98.79454538439875,-97.80234816414517
-112.765998635477,-107.78014661548654,-106.7802161754775,-105.78028997949424,-104.78038195323553,-103.78070074250968,-102.78135419223699,-101.7822512848047,-100.7837734891536,-99.78863579045682,-98.79452320239436,-97.80231386636882
-112.76601037958343,-107.78015856257791,-106.78022808407906,-105.78030185826152,-104.78039135130575,-103.78070652737333,-102.78135798012319,-101.78225086748193,-100.78375948631287,-99.78861947924374,-98.79450120108316,-97.80227978134218
-112.76602201030018,-107.78017039431998,-106.78023987658513,-105.78031361980003,-104.78040064281522,-103.78071222481076,-102.78136169102258,-101.78225041249935,-100.78374570000727,-99.78860335263569,-98.79447937648284,-97.8022459051172
-112.76603352993895,-107.78018211306424,-106.78025155536952,-105.78032526651661,-104.78040983012991,-103.78071783707902,-102.7813653271844,-101.78224992162777,-100.78373212485371,-99.78858740622437,-98.79445772475081,-97.80221223387824
-112.76604494073105,-107.78019372108064,-106.78026312272374,-105.78033680073472,-104.78041891553136,-103.78072336635014,-102.78136889076926,-101.78224939655385,-100.78371875565263,-99.78857163575164,-98.79443624217387,-97.8021787639327
-112.76605624484284,-107.780205220573,-106.78027458087242,-105.78034822470981,-104.78042790123236,-103.7807288147262,-102.78137238386398,-101.78224883889463,-100.78370558738862,-99.78855603710944,-98.79441492516752,-97.80214549171
-112.76609598086254,-107.78024564372659,-106.78031531461157,-105.78038923891997,-104.78046932855297,-103.78076728956134,-102.78140612768185,-101.78228060887353,-100.78372922717045,-99.78844926811784,-98.79431332577362,-97.80203592434161
-112.76613419129093,-107.78028451488983,-106.7803544844273,-105.78042867116548,-104.78050914817213,-103.78080413804524,-102.78143821786655,-101.78231062943995,-100.78375103036038,-99.78834764148898,-98.79421624122757,-97.80193067699236
-112.76617098813523,-107.78032194799482,-106.78039220512271,-105.78046663759373,-104.7805474781589,-103.78083948110505,-102.78146878038633,-101.78233903676376,-100.78377115331648,-99.78825076589233,-98.7941233292458,-97.80182942511304
-112.7662064720247,-107.78035804541496,-106.78042857985957,-105.78050324258128,-104.78058442462422,-103.78087342741078,-102.7814979284073,-101.78236595313861,-100.7837897360262,-99.78815828959127,-98.79403428223469,-97.8017318770509
-112.76624073374555,-107.78039289951072,-106.78046370170995,-105.78053858029652,-104.7806200833021,-103.78090607498912,-102.78152576396988,-101.78239148878184,-100.7838069042113,-99.78806989550046,-98.79394882289276,-97.80163776985451
-112.76627385543883,-107.78042659384742,-106.78049765488288,-105.78057273594085,-104.78065454081039,-103.7809375125161,-102.78155237933974,-101.78241574330153,-100.78382277107931,-99.78798529700191,-98.79386670055663,-97.80154686581425
-112.76630591161758,-107.78045920422979,-106.78053051576686,-105.78060578680281,-104.78068787572295,-103.78096782041746,-102.78157785815941,-101.78243880694792,-100.78383743881795,-99.78790423434907,-98.793787688058,-97.80145894948365
-112.76633697004382,-107.78049079959445,-106.78056235382935,-105.78063780316876,-104.78072015949533,-103.78099707181829,-102.78160227644169,-101.7824607616931,-100.78385099988348,-99.78782647157125,-98.79371157901909,-97.80137382511845
-112.76636709249972,-107.78052144279403,-106.78059323240691,-105.78066884912167,-104.78075145727638,-103.78102533337506,-102.78162570343876,-101.78248168217327,-100.78386353812107,-99.78775179380312,-98.79363818551901,-97.80129131446542
-112.76639633542156,-107.78055119124275,-106.7806232093557,-105.78069898319991,-104.78078182857881,-103.78105266596471,-102.78164820236486,-101.78250163647674,-100.78387512970845,-99.78768000494222,-98.79356733604321,-97.8012112548187
-112.7664247504929,-107.7805800975195,-106.78065233765928,-105.78072825901192,-104.78081132790328,-103.78107912532383,-102.78166983106313,-101.78252068686587,-100.78388584401071,-99.78761092564265,-98.79349887373128,-97.80113349736003
-112.76645238514226,-107.78060820987439,-106.78068066593907,-105.78075672575255,-104.78084000526377,-103.78110476258796,-102.78169064256987,-101.78253889039,-100.78389574430923,-99.78754439154652,-98.79343265482918,-97.80105790569176
-112.76647928297157,-107.78063557266442,-106.78070823889341,-105.7807844286475,-104.78086790663907,-103.78112962475495,-102.78171068559989,-101.78255629941398,-100.78390488843193,-99.78748025172965,-98.793368547331,-97.80098435455025
-112.76650548415175,-107.78066222675619,-106.78073509770331,-105.78081140936366,-104.78089507439013,-103.78115375511253,-102.7817300049925,-101.78257296210074,-100.78391332932303,-99.78741836735034,-98.79330642979613,-97.80091272868425
-112.76653102575128,-107.78068820986,-106.78076128036918,-105.78083770634997,-104.78092154760658,-103.78117719359454,-102.78174864208519,-101.78258892281893,-100.78392111552914,-99.78735861044687,-98.79324619029883,-97.80084292186011
-112.76655594204355,-107.78071355684277,-106.78078682202614,-105.78086335515643,-104.78094736243088,-103.78119997711299,-102.78176663506002,-101.78260422251749,-100.78392829164031,-99.78730086288523,-98.79318772550704,-97.80077483598856
-112.76658026476979,-107.7807382999951,-106.78081175521316,-105.78088838870605,-104.78097255233476,-103.78122213984133,-102.78178401924008,-101.78261889904827,-100.78393489867294,-99.78724501542243,-98.79313093986369,-97.80070838034877
-112.76660402336921,-107.78076246926587,-106.78083611010946,-105.78091283753456,-104.7809971483632,-103.78124371346557,-102.78180082735236,-101.78263298745186,-100.78394097440793,-99.78719096687307,-98.79307574485784,-97.80064347089804
-112.76662724519512,-107.78078609248172,-106.78085991475567,-105.78093673001382,-104.78102117936119,-103.78126472741613,-102.78181708976976,-101.78264652021959,-100.78394655369866,-99.78713862337526,-98.7930220583826,-97.80058002966298
-112.76664995569848,-107.78080919553426,-106.78088319524251,-105.78096009254283,-104.78104467216812,-103.78128520906768,-102.78183283472038,-101.78265952752115,-100.7839516687399,-99.78708789773111,-98.7929698041583,-97.80051798419291
-112.76667217859416,-107.7808318025486,-106.78090597588051,-105.7809829497194,-104.78106765179221,-103.7813051839177,-102.78184808847375,-101.78267203740658,-100.78395634930548,-99.78703870881465,-98.79291891121456,-97.80045726706915
-112.766693936014,-107.78085393603962,-106.78092827935774,-105.78100532449967,-104.78109014157255,-103.781324675753,-102.7818628755154,-101.78268407599583,-100.78396062297071,-99.7869909810526,-98.79286931343714,-97.80039781547599
-112.76671524863588,-107.78087561704302,-106.78095012687159,-105.7810272383317,-104.78111216331526,-103.7813437067893,-102.78187721869257,-101.78269566763707,-100.7839645152988,-99.7869446439442,-98.79282094914663,-97.80033957080053
-112.76673613580219,-107.78089686523577,-106.78097153825027,-105.78104871127802,-104.7811337374177,-103.78136229779872,-102.78189113934772,-101.78270683505198,-100.78396805001198,-99.78689963163467,-98.79277376072618,-97.80028247828047
-112.76675661564165,-107.78091769906031,-106.78099253207803,-105.78106976214278,-104.78115488299804,-103.78138046824247,-102.78190465745675,-101.7827175994843,-100.78397124916215,-99.78685588254618,-98.79272769429899,-97.80022648669876
-112.76677670514853,-107.78093813580476,-106.78101312577577,-105.78109040855283,-104.78117561797742,-103.78139823635539,-102.78191779171809,-101.78272798079865,-100.78397413325068,-99.78681333901288,-98.79268269940835,-97.80017154807959
-112.76679642029353,-107.78095819171622,-106.78103333571556,-105.78111066707385,-104.78119595919806,-103.78141561926653,-102.78193055967746,-101.78273799761325,-100.7839767213783,-99.78677194699056,-98.79263872876487,-97.8001176174497
-112.76681577607884,-107.78097788205618,-106.7810531772761,-105.7811305532665,-104.78121592248058,-103.78143263305897,-102.78194297779237,-101.78274766737297,-100.78397903133548,-99.78673165575115,-98.79259573797806,-97.80006465258337
-112.76683478663043,-107.7809972211951,-106.78107266493832,-105.78115008178304,-104.78123552272199,-103.7814492928694,-102.78195506153446,-101.78275700645787,-100.78398107972467,-99.78669241764362,-98.7925536853485,-97.80001261380598
-112.76685346526189,-107.7810162226767,-106.78109181235,-105.7811692664326,-104.78125477396186,-103.7814656129562,-102.781966825461,-101.78276603026148,-100.7839828820516,-99.78665418785823,-98.79251253166058,-97.79996146379725
-112.76687182452221,-107.78103489926708,-106.78111063237536,-105.78118812023173,-104.78127368943431,-103.78148160675309,-102.78197828327173,-101.78277475325325,-100.78398445279994,-99.78661692420481,-98.79247223998931,-97.79991116740818
-112.76688987626548,-107.78105326302526,-106.781129137166,-105.7812066554758,-104.78129228164003,-103.78149728694271,-102.78198944788498,-101.78278318905997,-100.78398580552269,-99.78658058693219,-98.79243277554208,-97.79986169151135
-112.7669076316911,-107.78107132534423,-106.78114733820253,-105.78122488378119,-104.78131056238936,-103.78151266550076,-102.7820003314841,-101.78279135051689,-100.78398695290298,-99.7865451385425,-98.7923941054963,-97.7998130048468
-112.7669251013981,-107.78108909700637,-106.7811652463501,-105.78124281614159,-104.78132854285953,-103.78152775375482,-102.7820109455785,-101.78279924973307,-100.78398790682786,-99.78651054363935,-98.79235619886704,-97.79976507789675
-112.76694229541773,-107.7811065882164,-106.78118287189186,-105.78126046296188,-104.78134623362928,-103.78154256242014,-102.78202130104194,-101.78280689813397,-100.78398867843873,-99.78647676877195,-98.79231902637001,-97.79971788275557
-112.766959223258,-107.78112380864658,-106.78120022457433,-105.78127783410389,-104.78136364472508,-103.78155710164637,-102.78203140816036,-101.78281430651262,-100.78398927818911,-99.78644378230369,-98.79228256030733,-97.79967139302192
-112.76697589393625,-107.78114076747025,-106.78121731364133,-105.78129493892074,-104.78138078565611,-103.78157138105408,-102.78204127667068,-101.78282148507172,-100.7839897158932,-99.7864115542881,-98.79224677445855,-97.79962558369508
-112.76699231601786,-107.78115747340088,-106.7812341478733,-105.78131178629681,-104.78139766545519,-103.78158540977624,-102.78205091580361,-101.78282844346963,-100.78399000077721,-99.78638005636012,-98.79221164398615,-97.7995804310855
-112.76700849763824,-107.78117393471443,-106.78125073560973,-105.78132838467013,-104.78141429270099,-103.7815991964813,-102.78206033430799,-101.78283519084752,-100.78399014151199,-99.7863492616235,-98.7921771453363,-97.79953591272094
-112.76702444652973,-107.78119015927693,-106.78126708477706,-105.78134474206095,-104.78143067554768,-103.78161274940368,-102.78206954048302,-101.78284173586412,-100.78399014625201,-99.78631914455504,-98.79214325615571,-97.79949200726735
-112.76704017005646,-107.7812061545799,-106.78128320292439,-105.78136086610762,-104.78144682176102,-103.78162607638032,-102.78207854221577,-101.78284808673577,-100.78399002267982,-99.78628968092487,-98.79210995522193,-97.79944869446318
-112.76705567523129,-107.78122192775726,-106.78129909724038,-105.78137676408376,-104.78146273873575,-103.78163918486885,-102.78208734700011,-101.78285425125698,-100.78398977802989,-99.78626084770598,-98.79207722236423,-97.79940595504434
-112.76707096873358,-107.78123748560391,-106.78131477457214,-105.78139244291738,-104.78147843351553,-103.78165208196822,-102.78209596195921,-101.78286023682588,-100.78398941911834,-99.78623262299905,-98.79204503839703,-97.7993637706805
-112.76708605693928,-107.78125283460597,-106.78133024145562,-105.78140790922168,-104.78149391282368,-103.7816647744496,-102.78210439387647,-101.7828660504759,-100.7839889523765,-99.78620498596743,-98.79201338506425,-97.79932212392329
-112.76710094593119,-107.78126798095141,-106.78134550412628,-105.78142316930574,-104.78150918307433,-103.78167726876848,-102.78211264920901,-101.78287169889198,-100.78398838387093,-99.78617791676821,-98.79198224497907,-97.79928099814896
-112.76711564151648,-107.78128293054782,-106.78136056853708,-105.78143822919289,-104.78152425039116,-103.78168957108353,-102.78212073410751,-101.78287718843144,-100.78398771932643,-99.7861513964908,-98.79195160156864,-97.7992403775052
-112.76713014925156,-107.7812976890475,-106.78137544038377,-105.78145309464601,-104.78153912063287,-103.78170168728265,-102.78212865444229,-101.78288252515134,-100.78398696415522,-99.78612540710841,-98.79192143903333,-97.79920024687355
-112.767144474446,-107.78131226185191,-106.78139012510921,-105.78146777117227,-104.78155379939824,-103.78171362298833,-102.78213641581004,-101.78288771481719,-100.78398612346845,-99.78609993141865,-98.79189174229403,-97.7991605918189
-112.76715862218364,-107.78132665413264,-106.78140462792474,-105.78148226404439,-104.78156829204758,-103.78172538357956,-102.78214402355593,-101.78289276292563,-100.78398520210013,-99.78607495299974,-98.79186249695414,-97.7991213985537
-112.76717259732797,-107.78134087083733,-106.78141895381603,-105.78149657830686,-104.78158260370927,-103.78173697419867,-102.78215148278149,-101.78289767471426,-100.78398420461927,-99.7860504561616,-98.7918336892567,-97.79908265389729
-112.7671864045449,-107.78135491671249,-106.78143310756602,-105.78151071879898,-104.78159673930284,-103.7817483997747,-102.78215879836802,-101.78290245518524,-100.78398313535419,-99.7860264259112,-98.79180530605386,-97.79904434524666
-112.76720004830405,-107.78136879630497,-106.78144709375643,-105.78152469015642,-104.78161070354092,-103.78175966502567,-102.78216597497966,-101.78290710911003,-100.7839819983994,-99.78600284790681,-98.79177733476732,-97.79900646053933
-112.7672135328948,-107.78138251397827,-106.7814609167843,-105.78153849682796,-104.78162450094607,-103.78177077447567,-102.78217301708094,-101.78291164104746,-100.7839807976343,-99.78597970842569,-98.79174976335956,-97.79896898822606
-112.76722686243411,-107.78139607392056,-106.78147458086995,-105.78155214308357,-104.78163813585887,-103.78178173246316,-102.7821799289453,-101.78291605535348,-100.78397953673439,-99.78595699432925,-98.79172258030455,-97.79893191724312
-112.7672400408742,-107.78140948015229,-106.78148809006473,-105.7815656330223,-104.7816516124463,-103.78179254314973,-102.78218671466476,-101.78292035619137,-100.78397821918256,-99.78593469303038,-98.79169577455724,-97.79889523698299
-112.76725307201555,-107.78142273653967,-106.78150144826452,-105.7815789705857,-104.78166493471508,-103.7818032105335,-102.78219337816303,-101.78292454754566,-100.78397684828364,-99.78591279246724,-98.79166933553259,-97.79885893727491
-112.76726595951187,-107.7814358467995,-106.78151465921464,-105.78159215956302,-104.78167810651695,-103.78181373845463,-102.78219992320172,-101.7829286332288,-100.78397542717181,-99.78589128107228,-98.79164325307676,-97.79882300835722
-112.76727870687003,-107.78144881449926,-106.78152772650998,-105.7816052035915,-104.78169113154938,-103.78182413059638,-102.78220635338201,-101.78293261688428,-100.78397395881512,-99.78587014774223,-98.79161751744266,-97.79878744085481
-112.76729131747807,-107.78146164308555,-106.78154065362358,-105.78161810618468,-104.78170401338367,-103.7818343905132,-102.78221267217246,-101.78293650201397,-100.78397244604261,-99.78584938183019,-98.79159211928189,-97.79875222577076
-112.76730379458691,-107.78147433586548,-106.78155344388799,-105.78163087071431,-104.78171675544722,-103.78184452161324,-102.78221888289222,-101.78294029196262,-100.7839708915299,-99.78582897310126,-98.79156704960565,-97.79871735444951
-112.76731614133521,-107.78148689603194,-106.78156610052055,-105.78164350043525,-104.78172936104828,-103.78185452718324,-102.78222498873595,-101.78294398994308,-100.78396929782492,-99.78580891172821,-98.7915422997822,-97.79868281857489
-112.76732836074473,-107.78149932665887,-106.78157862661891,-105.78165599848143,-104.78174183337248,-103.7818644103853,-102.78223099277106,-101.78294759903412,-100.78396766734606,-99.78578918826243,-98.79151786151037,-97.79864861014437
-112.76734045573141,-107.78151163071269,-106.78159102517213,-105.78166836787683,-104.7817541754933,-103.78187417426727,-102.78223689794811,-101.78295112219101,-100.78396600239313,-99.78576979361897,-98.79149372680716,-97.79861472145774
-112.76735242910377,-107.78152381105033,-106.7816032990592,-105.78168061153401,-104.78176639037119,-103.78188382176245,-102.78224270710099,-101.78295456224666,-100.7839643051492,-99.78575071905412,-98.79146988798723,-97.79858114509742
-112.76736428357783,-107.78153587043488,-106.78161545106434,-105.78169273226963,-104.78177848086875,-103.78189335570414,-102.78224842296119,-101.7829579219256,-100.78396257769437,-99.78573195615631,-98.79144633765668,-97.79854787392296
-112.76737602177029,-107.78154781152811,-106.7816274838698,-105.78170473279722,-104.78179044974402,-103.78190277881983,-102.78225404815284,-101.78296120384015,-100.78396082200268,-99.78571349682144,-98.79142306868896,-97.79851490104738
-112.76738764621545,-107.78155963690827,-106.78163940007359,-105.78171661574495,-104.78180229966809,-103.78191209374853,-102.78225958520976,-101.78296441050719,-100.78395903995907,-99.78569533325003,-98.79140007422544,-97.79848221983907
-112.76739915935708,-107.78157134906121,-106.7816512021807,-105.78172838364695,-104.78181403321628,-103.78192130303195,-102.78226503656677,-101.78296754434011,-100.78395723335116,-99.78567745791926,-98.79137734764782,-97.79844982389407
-112.76741056355824,-107.78158295039096,-106.78166289261355,-105.78174003895377,-104.78182565287923,-103.78193040912593,-102.78227040457162,-101.782970607661,-100.78395540388217,-99.78565986357879,-98.79135488257687,-97.79841770703594
-112.76742186110697,-107.781594443225,-106.7816744737176,-105.781751584038,-104.78183716106795,-103.78193941440549,-102.78227569148984,-101.78297360270582,-100.7839535531759,-99.78564254323814,-98.79133267286048,-97.79838586330418
-112.76743305421606,-107.7816058298144,-106.78168594776109,-105.78176302119417,-104.78184856011427,-103.78194832116537,-102.78228089950565,-101.78297653162544,-100.78395168277785,-99.78562549015193,-98.79131071256003,-97.798354286941
-112.76744414502346,-107.78161711233402,-106.7816973169356,-105.78177435263918,-104.78185985227108,-103.78195713162023,-102.78228603072209,-101.78297939648627,-100.78394979415657,-99.7856086978071,-98.79128899594157,-97.79832297238379
-112.76747851661928,-107.78165207830163,-106.78173255156041,-105.7818099166983,-104.78189568271644,-103.78199333165836,-102.78231914320334,-101.78300739690803,-100.78397489732886,-99.78562290261546,-98.79114342053475,-97.79817326590694
-112.76751156451718,-107.78168569766801,-106.781766429231,-105.78184411110712,-104.78193012503941,-103.78202811793327,-102.78235082494984,-101.78303394563447,-100.7839984713402,-99.78563556249986,-98.79100514143109,-97.79803054834571
-112.76754338854727,-107.78171807197847,-106.78179905226882,-105.78187703914031,-104.78196328393304,-103.7820615971163,-102.78238118548748,-101.78305915704692,-100.78402064012377,-99.78564681868788,-98.79087358400385,-97.79789427154702
-112.7675740781219,-107.7817492921946,-106.78183051233579,-105.78190879331865,-104.78199525319471,-103.78209386478362,-102.7824103229389,-101.78308313357996,-100.78404151461802,-99.78565679706831,-98.79074823366899,-97.79776394467514
-112.76760371367,-107.78177944013966,-106.78186089188539,-105.7819394568683,-104.78202611719936,-103.78212500691076,-102.78243832555273,-101.78310596731376,-100.784061194482,-99.78566561020186,-98.79062862814003,-97.79763912676609
-112.76763236774634,-107.78180858962617,-106.78189026529854,-105.7819691048672,-104.78205595206137,-103.78215510105618,-102.78246527292141,-101.78312774125249,-100.78407976949045,-99.78567335899453,-98.7905143509058,-97.79751942050804
-112.76766010599773,-107.7818368074388,-106.78191869987427,-105.78199780524488,-104.78208482664824,-103.78218421739427,-102.78249123704325,-101.78314853043823,-100.78409732074718,-99.78568013414703,-98.79040502568192,-97.79740446695118
-112.76768698797301,-107.78186415415841,-106.78194625665985,-105.78202561962057,-104.78211280343012,-103.78221241958073,-102.78251628321307,-101.78316840288566,-100.78411392170503,-99.7856860173762,-98.79030031163317,-97.79729394095128
-112.76771306782453,-107.78189068487563,-106.78197299117002,-105.78205260402892,-104.78213993921567,-103.78223976550275,-102.78254047079389,-101.7831874203922,-100.7841296390496,-99.7856910824716,-98.79019989926887,-97.7971875472562
-112.76773839492111,-107.78191644981469,-106.78199895401556,-105.78207880955473,-104.78216628579551,-103.78226630793431,-102.7825638538906,-101.78320563924406,-100.78414453346798,-99.78569539621127,-98.79010350689715,-97.79708501712405
-112.76776301437663,-107.78194149487088,-106.782024191445,-105.78210428287964,-104.78219189049624,-103.78229209510066,-102.78258648193085,-101.78322311082582,-100.78415866031355,-99.7856990191547,-98.79001087755448,-97.79698610539555
-112.76778696749706,-107.78196586206562,-106.78204874580314,-105.78212906674487,-104.78221679664989,-103.78231717115699,-102.78260840015766,-101.78323988213789,-100.78417207017118,-99.78570200631782,-98.78992177631858,-97.79689058793113
-112.76781029219337,-107.7819895899665,-106.7820726559543,-105.78215320037864,-104.78224104402696,-103.78234157662938,-102.78262965008247,-101.78325599627091,-100.78418480937277,-99.78570440778394,-98.78983598798685,-97.79679825939745
-112.76783302332267,-107.78201271403425,-106.78209595763208,-105.78217671984913,-104.78226466919438,-103.7823653487796,-102.7826502698607,-101.78327149280038,-100.78419692042867,-99.78570626921802,-98.78975331502441,-97.79670893130984
-112.76785519300029,-107.78203526694023,-106.7821186837591,-105.78219965838704,-104.7822877058424,-103.78238852193827,-102.78267029463443,-101.78328640814593,-100.78420844241859,-99.78570763232956,-98.78967357577486,-97.79662243032658
-112.76787683087302,-107.78205727884446,-106.78214086472744,-105.78222204666892,-104.78231018507188,-103.78241112779725,-102.78268975683284,-101.78330077588602,-100.78421941133438,-99.78570853527839,-98.78959660288383,-97.79653859674544
-112.76789796435109,-107.7820787776318,-106.7821625286364,-105.78224391305712,-104.7823321356376,-103.78243319565796,-102.78270868642802,-101.78331462702705,-100.78422986037417,-99.78570901302382,-98.78952224189901,-97.796457283168
-112.76791861882165,-107.78209978912874,-106.78218370151113,-105.78226528382028,-104.78235358417173,-103.78245475265912,-102.78272711116922,-101.7833279902489,-100.78423982020954,-99.78570909764056,-98.78945035003977,-97.79637835332738
-112.76793881784344,-107.78212033730183,-106.78220440750243,-105.78228618333522,-104.78237455538839,-103.7824758239846,-102.78274505679609,-101.78334089212802,-100.78424931922818,-99.78570881860281,-98.7893807951072,-97.79630168104771
-112.7679585833024,-107.78214044441583,-106.78222466904636,-105.7823066342479,-104.78239507224714,-103.7824964330307,-102.78276254721149,-101.78335335731957,-100.78425838373326,-99.7857082030218,-98.78931345450346,-97.79622714930932
-112.76797793557421,-107.78216013119898,-106.7822445070304,-105.78232665764125,-104.78241515612265,-103.78251660157852,-102.78277960465809,-101.78336540874152,-100.78426703814281,-99.78570727587727,-98.78924821437529,-97.79615464943241
-112.7679968936459,-107.78217941696678,-106.78226394091865,-105.78234627316142,-104.78243482693316,-103.78253634992511,-102.78279624985375,-101.78337706771792,-100.78427530514695,-99.78570606020443,-98.78918496883131,-97.79608408033013
-112.76801547523684,-107.7821983197453,-106.78228298887574,-105.782365499143,-104.78245410326721,-103.78255569701267,-102.7828125021243,-101.78338835411736,-100.78428320585837,-99.78570457726956,-98.78912361924864,-97.79601534784724
-112.76803369691811,-107.7822168563923,-106.78230166788897,-105.78238435273214,-104.78247300250828,-103.78257466055516,-102.78282837953338,-101.78339928648866,-100.78429075995885,-99.78570284673906,-98.78906407366325,-97.79594836417905
-112.76805157418666,-107.78223504267277,-106.78231999384455,-105.78240284996369,-104.78249154091344,-103.78259325711892,-102.78284389896612,-101.78340988215027,-100.7842979857992,-99.7857008868004,-98.78900624619271,-97.79588304732084
-112.76806912157325,-107.7822528933689,-106.78233798163828,-105.78242100587275,-104.78250973372597,-103.78261150223716,-102.78285907624607,-101.783420157311,-100.7843049005281,-99.78569871430739,-98.78895005654981,-97.79581932060375
-112.76808635270704,-107.78227042234558,-106.78235564524164,-105.78243883456145,-104.78252759524335,-103.78262941047916,-102.78287392620688,-101.78343012714645,-100.78431152017706,-99.78569634488255,-98.78889542957954,-97.79575711225384
-112.76810328039436,-107.78228764263058,-106.78237299778239,-105.78245634928028,-104.78254513889965,-103.78264699553449,-102.78288846277879,-101.78343980588889,-100.78431785975705,-99.7856937930266,-98.78884229485435,-97.79569635500575
-112.76811991667397,-107.7823045664709,-106.78239005160181,-105.782473562486,-104.78256237732423,-103.78266427027269,-102.78290269905006,-101.78344920689251,-100.78432393333085,-99.78569107220392,-98.78879058629599,-97.79563698574155
-112.7681362728872,-107.78232120540406,-106.78240681832597,-105.78249048591334,-104.78257932241425,-103.78268124681688,-102.78291664734232,-101.78345834271137,-100.78432975409619,-99.78568819493671,-98.78874024184933,-97.79557894518054
-112.76815235971848,-107.7823375702992,-106.78242330890755,-105.78250713061742,-104.7825959853781,-103.78269793658863,-102.78293031925739,-101.78346722514935,-100.78433533444176,-99.78568517287117,-98.78869120316706,-97.79552217757836
-112.7681681872532,-107.7823536714161,-106.78243953368515,-105.78252350703342,-104.78261237679541,-103.78271435036855,-102.78294372573885,-101.78347586532408,-100.78434068601537,-99.78568201685424,-98.7886434153391,-97.79546663046838
-112.7681837650168,-107.78236951844495,-106.78245550242342,-105.78253962501735,-104.78262850665868,-103.78273049833882,-102.78295687711616,-101.78348427371344,-100.78434581977533,-99.78567873699302,-98.78859682663618,-97.79541225441807
-112.76819910200958,-107.78238512054165,-106.78247122434857,-105.78255549388166,-104.78264438440938,-103.78274639012035,-102.7829697831432,-101.78349246019637,-100.78435074603516,-99.78567534270692,-98.78855138827423,-97.79535900280375
-112.7682142067572,-107.78240048637926,-106.78248670820035,-105.78257112244782,-104.78266001899108,-103.7827620348264,-102.7829824530526,-101.78350043410873,-100.78435547452276,-99.78567184279238,-98.78850705421533,-97.79530683162041
-112.76822908732989,-107.78241562416753,-106.78250196225152,-105.78258651906582,-104.7826754188694,-103.78277744108324,-102.7829948955776,-101.78350820426711,-100.78436001440811,-99.7856682454571,-98.78846378096235,-97.7952556992869
-112.76824375138405,-107.78243054169516,-106.78251699435057,-105.78260169165763,-104.78269059207588,-103.7827926170747,-102.78300711899766,-101.78351577901623,-100.78436437435339,-99.78566455837456,-98.78842152739243,-97.79520556648619
-112.76825820617906,-107.78244524634715,-106.78253181193932,-105.7826166477346,-104.7827055462259,-103.78280757056062,-102.78301913115753,-101.7835231662491,-100.78436856253597,-99.78566078871192,-98.7883802545839,-97.79515639600083
-112.76827245861601,-107.78245974514384,-106.78254642209201,-105.78263139443706,-104.7827202885585,-103.78282230891715,-102.78303093950838,-101.7835303734498,-100.78437258669378,-99.78565694317912,-98.78833992567928,-97.79510815258227
-112.76828651525007,-107.7824740447537,-106.78256083152827,-105.78264593854749,-104.78273482595003,-103.78283683915093,-102.78304255112299,-101.78353740770972,-100.78437645414394,-99.7856530280515,-98.78830050573822,-97.79506080281027
-112.76830038232066,-107.78248815152396,-106.78257504664414,-105.78266028652166,-104.7827491649454,-103.7828511679306,-102.78305397272723,-101.78354427576012,-100.78438017181738,-99.7856490492072,-98.78826196161805,-97.79501431497948
-112.7683140657668,-107.78250207149635,-106.78258907352772,-105.78267444450461,-104.78276331177463,-103.7828653016041,-102.7830652107188,-101.78355098399223,-100.78438374628094,-99.78564501215253,-98.7882242618547,-97.79496865898544
-112.7683275712501,-107.78251581043033,-106.78260291798267,-105.78268841835417,-104.78277727237648,-103.78287924622246,-102.78307627119102,-101.78355753848156,-100.78438718376358,-99.78564092205043,-98.78818737655841,-97.7949238062254
-112.76834090416556,-107.78252937381414,-106.78261658553947,-105.78270221365258,-104.78279105241025,-103.78289300755176,-102.78308715994547,-101.78356394500176,-100.78439049017182,-99.78563678373855,-98.78815127730897,-97.79487972949828
-112.76835406966119,-107.78254276688473,-106.78263008147522,-105.78271583572624,-104.78280465727585,-103.78290659109395,-102.78309788251329,-101.78357020904663,-100.78439367111334,-99.78563260175467,-98.78811593706753,-97.7948364029208
-112.76836707265703,-107.7825559946473,-106.78264341083356,-105.78272928966592,-104.78281809213428,-103.7829200021073,-102.78310844417611,-101.78357633585158,-100.78439673191973,-99.78562838036115,-98.788081330096,-97.79479380185033
-112.76837991785256,-107.7825690618823,-106.78265657843164,-105.78274258033373,-104.78283136191462,-103.78293324561368,-102.78311884997355,-101.7835823304021,-100.78439967765645,-99.78562412355674,-98.78804743187183,-97.7947519028038
-112.7683926097401,-107.78258197316,-106.7826695888749,-105.78275571237826,-104.78284447132962,-103.7829463264146,-102.78312910471995,-101.78358819745108,-100.78440251314139,-99.7856198350966,-98.78801421901784,-97.7947106833907
-112.76840515262178,-107.78259473285665,-106.7826824465731,-105.78276869025035,-104.78285742489129,-103.78295924910685,-102.7831392130201,-101.78359394153496,-100.78440524296168,-99.78561551851003,-98.78798166923606,-97.79467012224991
-112.76841755061314,-107.78260734515902,-106.78269515574522,-105.78278151820848,-104.78287022691677,-103.78297201808876,-102.78314917927592,-101.78359956698117,-100.78440787148298,-99.78561117711145,-98.78794976124196,-97.79463019898742
-112.76842980765876,-107.78261981407988,-106.78270772043481,-105.78279420033401,-104.78288288154351,-103.78298463757538,-102.78315900770191,-101.78360507792392,-100.78441040286549,-99.78560681401694,-98.78791847470785,-97.79459089412178
-112.76844192754086,-107.78263214346669,-106.78272014451889,-105.78280674054011,-104.78289539273848,-103.78299711160798,-102.78316870233502,-101.78361047831469,-100.78441284107559,-99.78560243215678,-98.78788779020859,-97.79455218903233
-112.76845391388771,-107.78264433701055,-106.78273243171691,-105.78281914258103,-104.78290776430741,-103.78300944406355,-102.78317826704424,-101.78361577193198,-100.78441518989655,-99.78559803428733,-98.78785768917156,-97.79451406591251
-112.76846577018247,-107.78265639825473,-106.78274458559935,-105.78283141006062,-104.7829199999036,-103.78302163866367,-102.78318770553987,-101.78362096239125,-100.7844174529389,-99.78559362300147,-98.78782815382793,-97.79447650772178
-112.76847749976547,-107.78266833059735,-106.78275660959041,-105.78284354643509,-104.78293210303066,-103.78303369897745,-102.78319702137675,-101.78362605314848,-100.78441963364506,-99.78558920073436,-98.78779916716493,-97.79443949814163
-112.7684891058566,-107.78268013731387,-106.78276850699068,-105.78285555503578,-104.78294407706544,-103.78304562844454,-102.78320621797701,-101.78363104752309,-100.7844217353126,-99.78558476978682,-98.78777071289791,-97.79440302154784
-112.76850059154093,-107.7826918215427,-106.78278028096267,-105.78286743905484,-104.78295592524383,-103.7830574303612,-102.78321529861714,-101.7836359486856,-100.78442376108285,-99.78558033231455,-98.7877427754125,-97.7943670629556
-112.76851195979104,-107.78270338630782,-106.78279193455363,-105.78287920156797,-104.78296765068353,-103.78306910790309,-102.78322426645022,-101.78364075967991,-100.78442571396334,-99.78557589035101,-98.78771533974349,-97.79433160800008
-112.76852321346475,-107.78271483451643,-106.78280347069307,-105.78289084553204,-104.78297925638181,-103.78308066412315,-102.78323312450432,-101.78364548342219,-100.78442759682778,-99.78557144580766,-98.78768839153325,-97.7942966428958
-112.76853435532223,-107.78272616897637,-106.78281489221033,-105.78290237380283,-104.7829907452333,-103.7830921019695,-102.78324187570047,-101.78365012271877,-100.78442941243357,-99.7855670004913,-98.78766191701008,-97.79426215441647
-112.76854538801358,-107.78273739238351,-106.782826201822,-105.78291378912233,-104.78300212001736,-103.78310342427308,-102.78325052284059,-101.78365468025471,-100.78443116341165,-99.78556255609476,-98.7876359029433,-97.79422812985197
-112.76855631409843,-107.78274850734178,-106.78283740215207,-105.78292509413903,-104.78301338341849,-103.78311463376784,-102.78325906862757,-101.7836591586139,-100.78443285228667,-99.78555811421693,-98.78761033662867,-97.7941945569949
-112.76856713604298,-107.78275951635996,-106.78284849572852,-105.78293629140454,-104.78302453802299,-103.78312573308794,-102.78326751566294,-101.78366356027706,-100.78443448147554,-99.7855536763616,-98.78758520585565,-97.79416142410871
-112.76857785622636,-107.78277042185833,-106.78285948499024,-105.78294738338055,-104.78303558632592,-103.78313672477427,-102.78327586645305,-101.78366788762777,-100.78443605329352,-99.78554924394332,-98.78756049888275,-97.79412871990462
-112.7685884769494,-107.78278122617742,-106.78287037229569,-105.78295837244751,-104.78304653073991,-103.78314761128362,-102.78328412341878,-101.78367214296279,-100.78443756996512,-99.78554481829865,-98.7875362044211,-97.79409643352581
-112.76859900042751,-107.78279193157094,-106.78288115991593,-105.78296926089776,-104.78305737358839,-103.78315839498228,-102.78329228888911,-101.78367632848563,-100.78443903361809,-99.78554040068018,-98.7875123116017,-97.79406455451628
-112.76860942880468,-107.78280254021993,-106.78289185004873,-105.78298005094955,-104.7830681171195,-103.78316907815933,-102.78330036511437,-101.78368044631982,-100.7844404462967,-99.7855359922696,-98.78748880996392,-97.79403307280964
-112.76861976415337,-107.78281305423269,-106.78290244481857,-105.78299074474727,-104.78307876350664,-103.783179663028,-102.78330835426793,-101.78368449851104,-100.78444180996436,-99.78553159418063,-98.78746568943441,-97.79400197870956
-112.7686300084765,-107.7828234756467,-106.78291294627857,-105.78300134436314,-104.78308931484982,-103.78319015172642,-102.78331625844685,-101.78368848702752,-100.78444312650421,-99.78552720745922,-98.78744294030564,-97.79397126286851
-112.76864016370789,-107.78283380642925,-106.78292335641117,-105.78301185179824,-104.78309977317714,-103.78320054631978,-102.78332407967423,-101.78369241376302,-100.78444439772242,-99.78552283308714,-98.78742055321865,-97.79394091627184
-112.76865023173077,-107.78284404849609,-106.78293367714677,-105.78302226900087,-104.78311014046291,-103.78321084881792,-102.78333181991674,-101.78369628055383,-100.78444562536515,-99.7855184719986,-98.78739851915986,-97.793910930235
-112.76866021435596,-107.78285420368933,-106.78294391034166,-105.78303259784478,-104.78312041860609,-103.78322106115435,-102.783339481064,-101.78370008915894,-100.78444681109931,-99.78551412506107,-98.78737682942347,-97.79388129636668
