5.173058342188597,0.0013184305280447006,0.33539813198149204,0.0
19.350592121481895,0.0013184305280447006,0.33539813198149204,13.277409231290221
19.797046050429344,0.002341199666261673,0.5250112004578114,13.277409231290221
30.608794894069433,0.002341199666261673,0.5250112004578114,21.6459770668298
30.76162456534803,0.0032476261258125305,0.6669178009033203,21.6459770668298
47.34414021298289,0.0032476261258125305,0.6669178009033203,34.44174103438854
47.44301329366863,0.0041527822613716125,0.752386599779129,34.44174103438854
63.20452398061752,0.0041527822613716125,0.752386599779129,48.76941765844822
70.96393308602273,0.18519629538059235,0.964203242212534,48.76941765844822
85.43481292203069,0.18519629538059235,0.964203242212534,61.18338852003217
85.97883943840861,0.18632859736680984,1.155743569135666,61.18338852003217
94.82388286478817,0.18632859736680984,1.155743569135666,68.49980784021318
95.35087105259299,0.18723340332508087,1.4781541842967272,68.49980784021318
105.55849968455732,0.18723340332508087,1.4781541842967272,76.54417981952429
106.09117038175464,0.18815171159803867,1.6044687293469906,76.54417981952429
120.6184951364994,0.18815171159803867,1.6044687293469906,88.06464489735663
126.84969121217728,0.19243826158344746,1.971290998160839,88.06464489735663
146.91436743363738,0.19243826158344746,1.971290998160839,103.46730950661004
147.48373917676508,0.1933373101055622,2.3576236609369516,103.46730950661004
158.41733349859715,0.1933373101055622,2.3576236609369516,113.00336824730039
158.7517859004438,0.1942642666399479,2.631532270461321,113.00336824730039
173.74927802942693,0.1942642666399479,2.631532270461321,124.95133220776916
174.47567113116384,0.19518056139349937,2.916061569005251,124.95133220776916
184.24857690557837,0.19518056139349937,2.916061569005251,130.48634562268853
189.34318102151155,0.1992395855486393,3.114128638058901,130.48634562268853
207.6510519348085,0.1992395855486393,3.114128638058901,144.84437170997262
208.10143354907632,0.20015107281506062,3.391380250453949,144.84437170997262
216.6276294849813,0.20015107281506062,3.391380250453949,151.88880710490048
216.937915077433,0.20113177970051765,3.5468208603560925,151.88880710490048
229.89826523698866,0.20113177970051765,3.5468208603560925,163.91354730725288
230.42579500563443,0.20221921056509018,3.6169332657009363,163.91354730725288
248.12145164050162,0.20221921056509018,3.6169332657009363,178.5855385903269
251.4579352810979,0.2063180673867464,4.071711461991072,178.5855385903269
259.25531228818,0.2063180673867464,4.071711461991072,184.5047734733671
259.64883635751903,0.207344314083457,4.343915209174156,184.5047734733671
269.5993778128177,0.207344314083457,4.343915209174156,192.91178616322577
270.0846451483667,0.20820089057087898,4.806938050314784,192.91178616322577
283.1181771364063,0.20820089057087898,4.806938050314784,201.05903697013855
283.77878216840327,0.20924335159361362,4.928516225889325,201.05903697013855
291.4324867837131,0.20924335159361362,4.928516225889325,207.17166256718338
296.49428556114435,0.2131737731397152,5.192364025861025,207.17166256718338
305.6988881248981,0.2131737731397152,5.192364025861025,215.3291908558458
305.7572278100997,0.21398531645536423,5.233793292194605,215.3291908558458
315.9730853289366,0.21398531645536423,5.233793292194605,223.2015691921115
316.3863715492189,0.21491285413503647,5.3871776945889,223.2015691921115
324.9375496096909,0.21491285413503647,5.3871776945889,228.8254784848541
324.96193669363856,0.21575953997671604,5.402240756899118,228.8254784848541
334.76991886645555,0.21575953997671604,5.402240756899118,235.81120667792857
340.0456191897392,0.21994687989354134,5.679269842803478,235.81120667792857
349.2619752008468,0.21994687989354134,5.679269842803478,242.49418857879937
349.7767174411565,0.22082961536943913,5.8499162793159485,242.49418857879937
353.08617095276713,0.22082961536943913,5.8499162793159485,244.3257078640163
353.2328850608319,0.22168770991265774,5.856783177703619,244.3257078640163
362.8484482578933,0.22168770991265774,5.856783177703619,250.97671395726502
363.5249054059386,0.2226085066795349,6.069315858185291,250.97671395726502
380.7803508657962,0.2226085066795349,6.069315858185291,263.3487205132842
385.2437000628561,0.22651677951216698,6.380375003442168,263.3487205132842
400.28770149871707,0.22651677951216698,6.380375003442168,273.27221481502056
400.7650773897767,0.2275493796914816,6.5280591994524,273.27221481502056
413.6654910929501,0.2275493796914816,6.5280591994524,284.0729163158685
414.0641056895256,0.2284498866647482,6.863421279937029,284.0729163158685
427.18625205755234,0.2284498866647482,6.863421279937029,293.77952045574784
427.7642161883414,0.22941170446574688,7.155378319323063,293.77952045574784
437.5328751914203,0.22941170446574688,7.155378319323063,299.68708859570324
443.6179590448737,0.23348687030375004,7.337583638727665,299.68708859570324
455.74273554608226,0.23348687030375004,7.337583638727665,308.8782573826611
456.4190928414464,0.23452340252697468,7.507673131301999,308.8782573826611
465.0086917132139,0.23452340252697468,7.507673131301999,316.3166663199663
465.18691088072956,0.2353651188313961,7.581787068396807,316.3166663199663
472.9463499672711,0.2353651188313961,7.581787068396807,322.21629560366273
473.2587728668004,0.23645714111626148,7.625283963978291,322.21629560366273
476.9114379603416,0.23645714111626148,7.625283963978291,324.85021583363414
483.9508364405483,0.24074985645711422,7.914974732324481,324.85021583363414
489.965908985585,0.24074985645711422,7.914974732324481,329.05987293459475
490.3593570124358,0.24191206693649292,7.976872181519866,329.05987293459475
501.5128587447107,0.24191206693649292,7.976872181519866,332.61290066316724
501.80210201255977,0.24344643391668797,8.056714847683907,332.61290066316724
506.34939381480217,0.24344643391668797,8.056714847683907,336.3010227326304
506.55296765454113,0.24450931139290333,8.117883129045367,336.3010227326304
515.43706301786,0.24450931139290333,8.117883129045367,342.93371229059994
522.0963266976178,0.3735746890306473,8.359646573662758,342.93371229059994
536.0031562745571,0.3735746890306473,8.359646573662758,351.93243595957756
536.4942340943962,0.37457856722176075,8.428776882588863,351.93243595957756
543.4243062846363,0.37457856722176075,8.428776882588863,356.7733470648527
543.5863252487034,0.37547809444367886,8.460055774077773,356.7733470648527
547.8113891631365,0.37547809444367886,8.460055774077773,358.5275322571397
547.9095582738519,0.37638869136571884,8.492405034601688,358.5275322571397
561.3263035546988,0.37638869136571884,8.492405034601688,367.75763170048594
568.3141565378755,0.38040188141167164,8.65670669451356,367.75763170048594
575.0131980106235,0.38040188141167164,8.65670669451356,371.5748902782798
575.3322535734624,0.3813434187322855,8.784922488033772,371.5748902782798
579.9590303245932,0.3813434187322855,8.784922488033772,373.6454549469054
580.2323569469154,0.38226269744336605,8.86519455909729,373.6454549469054
591.4849085621536,0.38226269744336605,8.86519455909729,380.6165135297924
591.8092803675681,0.38316685520112514,8.957992378622293,380.6165135297924
597.6083304211497,0.38316685520112514,8.957992378622293,384.56888759694993
603.5501091536134,0.38735209964215755,9.19031678326428,384.56888759694993
609.1080938261002,0.38735209964215755,9.19031678326428,388.1326974388212
609.2122386693954,0.388318195939064,9.195044016465545,388.1326974388212
613.8442549556494,0.388318195939064,9.195044016465545,391.7033592797816
614.4877556972206,0.3895900007337332,9.29433891363442,391.7033592797816
626.0043894220144,0.3895900007337332,9.29433891363442,399.7531485129148
626.2563326936215,0.39064220897853374,9.340105379000306,399.7531485129148
639.4357791505754,0.39064220897853374,9.340105379000306,411.1390879172832
646.1399497650564,0.3950192090123892,9.50259573198855,411.1390879172832
661.4352209810168,0.3950192090123892,9.50259573198855,423.9868973828852
661.6052563712001,0.39614917896687984,9.5181595813483,423.9868973828852
668.3240264225751,0.39614917896687984,9.5181595813483,428.7815184351057
668.5973565541208,0.39713181369006634,9.541407430544496,428.7815184351057
681.4973728526384,0.39713181369006634,9.541407430544496,438.12363322265446
681.937706047669,0.3980987221002579,9.887762015685439,438.12363322265446
687.7630044501275,0.3980987221002579,9.887762015685439,443.0858922637999
694.4708825498819,0.40228215605020523,10.175688918679953,443.0858922637999
700.0938402190804,0.40228215605020523,10.175688918679953,446.8321306351572
700.3811864294112,0.4031673725694418,10.380802372470498,446.8321306351572
708.6414810512215,0.4031673725694418,10.380802372470498,453.4632461350411
708.9265344645828,0.4042220916599035,10.631291100755334,453.4632461350411
719.1706044226885,0.4042220916599035,10.631291100755334,459.17733794637024
719.4105018489063,0.4050828889012337,10.764765547588468,459.17733794637024
729.9633834660053,0.4050828889012337,10.764765547588468,466.7850486841053
736.7952468730509,0.40908331237733364,10.955866023898125,466.7850486841053
743.1118283327669,0.40908331237733364,10.955866023898125,468.2924755420536
743.4690042808652,0.4099670387804508,10.99586089886725,468.2924755420536
751.7679916825145,0.4099670387804508,10.99586089886725,475.2204974684864
751.9084384124726,0.41087548434734344,11.004795702174306,475.2204974684864
755.1077451966703,0.41087548434734344,11.004795702174306,477.76995352096856
755.1805110592395,0.4131345972418785,11.068552810698748,477.76995352096856
758.4540149904788,0.4131345972418785,11.068552810698748,480.03058531694114
761.2998898290098,0.41759422048926353,11.202841378748417,480.03058531694114
763.3787121139467,0.41759422048926353,11.202841378748417,481.49778905697167
763.5689835976809,0.418537138029933,11.243290971964598,481.49778905697167
768.3092378918082,0.418537138029933,11.243290971964598,485.40678888373077
768.3873223196715,0.4194202031940222,11.266546234488487,485.40678888373077
773.0659843813628,0.4194202031940222,11.266546234488487,488.4908191934228
773.4741458464414,0.4203059393912554,11.340482868254185,488.4908191934228
775.7573461849242,0.4203059393912554,11.340482868254185,489.20790550112724
779.3149724770337,0.42432478442788124,11.364335510879755,489.20790550112724
782.1376493815333,0.42432478442788124,11.364335510879755,491.325276857242
782.2809301055968,0.42536055110394955,11.481180023401976,491.325276857242
785.4297101628035,0.42536055110394955,11.481180023401976,493.0190556515008
785.5976966973394,0.42625194787979126,11.564470874145627,493.0190556515008
788.6823319867253,0.42625194787979126,11.564470874145627,494.9621621221304
788.9144581966102,0.4378909096121788,11.642000103369355,494.9621621221304
794.259709186852,0.4378909096121788,11.642000103369355,499.3062431085855
796.6508404873312,0.44209893606603146,11.6609400883317,499.3062431085855
800.1593244634569,0.44209893606603146,11.6609400883317,501.0518691819161
800.3328841291368,0.44308135472238064,11.738302716985345,501.0518691819161
805.4767134729773,0.44308135472238064,11.738302716985345,505.6755658350885
805.7780824843794,0.444047961384058,11.776456752792,505.6755658350885
808.877497702837,0.444047961384058,11.776456752792,507.48583183810115
808.9929627254605,0.4449899382889271,11.804126566275954,507.48583183810115
814.1650246251374,0.4449899382889271,11.804126566275954,512.0057456921786
816.956889776513,0.4491767417639494,11.982205767184496,512.0057456921786
822.9930455796421,0.4491767417639494,11.982205767184496,516.2363865096122
823.0912057459354,0.450074577704072,12.047395836561918,516.2363865096122
825.5536540169269,0.450074577704072,12.047395836561918,517.4720963463187
825.7410288974643,0.45106542482972145,12.13706404902041,517.4720963463187
830.0040099490434,0.45106542482972145,12.13706404902041,520.22238224186
830.055800203234,0.4518861696124077,12.159197641536593,520.22238224186
834.1783815603703,0.4518861696124077,12.159197641536593,522.8512222357094
838.016720065847,0.455904733389616,12.200183337554336,522.8512222357094
840.1047899127007,0.455904733389616,12.200183337554336,524.0284054297954
840.2680298574269,0.4569096900522709,12.276491137221456,524.0284054297954
843.5233681052923,0.4569096900522709,12.276491137221456,526.4180162660778
843.7740501519293,0.4579288996756077,12.380537893623114,526.4180162660778
846.8432298246771,0.4579288996756077,12.380537893623114,528.5674827415496
846.9211465530097,0.4588061459362507,12.412878515198827,528.5674827415496
851.6556761246175,0.4588061459362507,12.412878515198827,532.1895184759051
854.3401426523924,0.4734454117715359,12.562031272798777,532.1895184759051
858.8433486409485,0.4734454117715359,12.562031272798777,534.7018425185233
859.0961762107909,0.4743227604776621,12.567167647182941,534.7018425185233
860.6199740208685,0.4743227604776621,12.567167647182941,535.1501283925027
860.7876335084438,0.4752196166664362,12.633441334590316,535.1501283925027
862.7392712906003,0.4752196166664362,12.633441334590316,536.935834152624
863.1289495974779,0.4761729333549738,12.847011087462306,536.935834152624
865.3379247747362,0.4761729333549738,12.847011087462306,538.3964560851455
867.2147120088339,0.4802905097603798,12.892392935231328,538.3964560851455
870.3321862723678,0.4802905097603798,12.892392935231328,540.6935226880014
870.3889380767941,0.4813038893043995,12.897251283749938,540.6935226880014
874.9568076450378,0.4813038893043995,12.897251283749938,543.6003012750298
875.1069844346493,0.4823646266013384,12.963541204109788,543.6003012750298
878.2223094254732,0.4823646266013384,12.963541204109788,545.8720403946936
878.3524351604283,0.48330300487577915,13.007665779441595,545.8720403946936
884.0943156853318,0.48330300487577915,13.007665779441595,549.7650582101196
886.685768244788,0.4872677605599165,13.024479297921062,549.7650582101196
892.1707750018686,0.4872677605599165,13.024479297921062,553.6495416145772
892.4647099953145,0.49364885687828064,13.129887368530035,553.6495416145772
896.8364069964737,0.49364885687828064,13.129887368530035,557.0240742433816
897.1033744495362,0.49472324550151825,13.160885443910956,557.0240742433816
900.8317727595568,0.49472324550151825,13.160885443910956,558.9830528385937
901.1147787179798,0.4957272429019213,13.184297941625118,558.9830528385937
904.4032891839743,0.4957272429019213,13.184297941625118,560.9298725388944
906.9269123487175,0.5002401266247034,13.218274062499404,560.9298725388944
909.6118916738778,0.5002401266247034,13.218274062499404,562.5926618762314
909.6977535616606,0.5011544618755579,13.238332698121667,562.5926618762314
912.2692586686462,0.5011544618755579,13.238332698121667,564.3367736004293
912.3189927376807,0.5040290430188179,13.257096320390701,564.3367736004293
914.6443514339626,0.5040290430188179,13.257096320390701,565.1700649634004
914.7694275565445,0.5050749909132719,13.276800129562616,565.1700649634004
918.6392444837838,0.5050749909132719,13.276800129562616,567.061668779701
921.4089027959853,0.5394143369048834,13.415070885792375,567.061668779701
924.1430697329342,0.5394143369048834,13.415070885792375,568.6612748578191
924.1708494815975,0.5402564033865929,13.428504621610045,568.6612748578191
926.1553479861468,0.5402564033865929,13.428504621610045,570.0076637025923
926.2147528491914,0.5410709083080292,13.441017581149936,570.0076637025923
928.0726449731737,0.5410709083080292,13.441017581149936,571.3379868138582
928.2293303851038,0.5419682562351227,13.458228185772896,571.3379868138582
931.5463457293808,0.5419682562351227,13.458228185772896,573.8521423712373
934.4348428957164,0.5748094078153372,13.583485346287489,573.8521423712373
939.5338972378522,0.5748094078153372,13.583485346287489,577.7208546325564
939.54819983989,0.5756772551685572,13.589422406628728,577.7208546325564
941.6829877085984,0.5756772551685572,13.589422406628728,579.2699617519975
941.8053507655859,0.5766521822661161,13.621573274955153,579.2699617519975
943.557976981625,0.5766521822661161,13.621573274955153,580.6112945843488
943.7800924740732,0.5776627622544765,13.672418542206287,580.6112945843488
948.1937416698784,0.5776627622544765,13.672418542206287,584.1863984167576
952.6295453328639,0.5816779937595129,13.69705019146204,584.1863984167576
956.4283788148314,0.5816779937595129,13.69705019146204,586.6933940108865
956.5875023249537,0.5825488399714231,13.714961387217045,586.6933940108865
961.0560374613851,0.5825488399714231,13.714961387217045,590.4699592981488
961.2095686178654,0.5834781564772129,13.792405143380165,590.4699592981488
966.2174188606441,0.5834781564772129,13.792405143380165,593.8040825147182
966.2460420951247,0.5843909718096256,13.797202903777361,593.8040825147182
969.5685432106256,0.5843909718096256,13.797202903777361,596.098738944158
972.2679235804826,0.5884440932422876,13.879147933796048,596.098738944158
974.6431168895215,0.5884440932422876,13.879147933796048,597.615262888372
974.7269008606672,0.5893209557980299,13.909309927374125,597.615262888372
978.7229817733169,0.5893209557980299,13.909309927374125,600.1063011810184
978.9703482016921,0.5902970042079687,13.946973925456405,600.1063011810184
983.2851358763874,0.5902970042079687,13.946973925456405,602.8230529725552
983.3280280716717,0.5911751594394445,13.96607981622219,602.8230529725552
985.879751296714,0.5911751594394445,13.96607981622219,604.6175659969449
989.1991134807467,0.6540336292237043,14.073720628395677,604.6175659969449
991.7883385010064,0.6540336292237043,14.073720628395677,606.3712591957301
991.843195585534,0.6548839267343283,14.096630938351154,606.3712591957301
996.311540581286,0.6548839267343283,14.096630938351154,609.4415745995939
996.4584484230727,0.65590700507164,14.10199229605496,609.4415745995939
1000.9363769851625,0.65590700507164,14.10199229605496,611.8185279238969
1001.0522093698382,0.6567780114710331,14.109205136075616,611.8185279238969
1006.4212970677763,0.6567780114710331,14.109205136075616,615.4555203430355
1009.9831052292138,0.6608839835971594,14.114409029483795,615.4555203430355
1014.2347180452198,0.6608839835971594,14.114409029483795,617.9388181809336
1014.3361535128206,0.661765580996871,14.135243091732264,617.9388181809336
1018.7779504060745,0.661765580996871,14.135243091732264,620.8309439960867
1018.9162185713649,0.6731656156480312,14.218433786183596,620.8309439960867
1023.5760474596173,0.6731656156480312,14.218433786183596,623.8145500347018
1023.7136505320668,0.6740716639906168,14.261646067723632,623.8145500347018
1029.2005239520222,0.6740716639906168,14.261646067723632,628.4629708770663
1031.6321976576,0.7218387201428413,14.378646371886134,628.4629708770663
1035.2066761255264,0.7218387201428413,14.378646371886134,630.3328796476126
1035.479990337044,0.7227857783436775,14.547956185415387,630.3328796476126
1039.0904237814248,0.7227857783436775,14.547956185415387,632.3742876425385
1039.112337043509,0.7242200449109077,14.56015020236373,632.3742876425385
1041.5046615488827,0.7242200449109077,14.56015020236373,634.2222229465842
1041.5983914285898,0.7252662237733603,14.575977582484484,634.2222229465842
1046.0910108536482,0.7252662237733603,14.575977582484484,636.8266747239977
1048.2936278171837,0.7296578045934439,14.580769661813974,636.8266747239977
1049.9963464345783,0.7296578045934439,14.580769661813974,637.9115643296391
1050.1600482370704,0.7305536307394505,14.60181712731719,637.9115643296391
1054.74275611341,0.7305536307394505,14.60181712731719,640.4254637081176
1054.7965934090316,0.7318938840180635,14.615162003785372,640.4254637081176
1061.5603416077793,0.7318938840180635,14.615162003785372,644.6543404813856
1061.7923935055733,0.7329776156693697,14.68526721931994,644.6543404813856
1066.3647236339748,0.7329776156693697,14.68526721931994,647.5799173340201
1067.8939618431032,0.7371592707931995,14.750668009743094,647.5799173340201
1073.432285103947,0.7371592707931995,14.750668009743094,651.7150554750115
1073.6577864009887,0.7381162587553263,14.829920953139663,651.7150554750115
1077.5172533206642,0.7381162587553263,14.829920953139663,654.770367346704
1077.7643525581807,0.7389866542071104,15.014481760561466,654.770367346704
1081.4654062874615,0.7389866542071104,15.014481760561466,657.2346254661679
1081.5810786206275,0.7398593705147505,15.05458688735962,657.2346254661679
1087.0047830808908,0.7398593705147505,15.05458688735962,661.1086395569146
1089.1108825728297,0.7670606374740601,15.075413789600134,661.1086395569146
1092.706349413842,0.7670606374740601,15.075413789600134,664.1741565875709
1092.8290047980845,0.7679405640810728,15.128222161903977,664.1741565875709
1099.6216662414372,0.7679405640810728,15.128222161903977,669.9315020106733
1099.7428846172988,0.7688579000532627,15.180320460349321,669.9315020106733
1103.0929079763591,0.7688579000532627,15.180320460349321,672.7515802383423
1103.1620533168316,0.7698258012533188,15.184996087104082,672.7515802383423
1107.3343574814498,0.7698258012533188,15.184996087104082,675.7779010571539
1109.4257613252848,0.785216661170125,15.397135006263852,675.7779010571539
1114.4306268561631,0.785216661170125,15.397135006263852,679.3433581590652
1114.5859244167805,0.7862081378698349,15.524580596014857,679.3433581590652
1118.2813856452703,0.7862081378698349,15.524580596014857,681.4807146526873
1118.425890929997,0.7872621063143015,15.540129972621799,681.4807146526873
1123.1427396479994,0.7872621063143015,15.540129972621799,685.091802475974
1123.4049726147205,0.8023803532123566,15.728362383320928,685.091802475974
1127.7691789325327,0.8023803532123566,15.728362383320928,688.3876589946449
1132.323311008513,0.8064202889800072,15.923203431069851,688.3876589946449
1137.1102211531252,0.8064202889800072,15.923203431069851,691.6282611507922
1137.3185195084661,0.8074964359402657,16.098601983860135,691.6282611507922
1141.4515740461648,0.8074964359402657,16.098601983860135,693.8365351483226
1141.740814089775,0.808477932587266,16.311652841046453,693.8365351483226
1147.189549697563,0.808477932587266,16.311652841046453,698.1695141643286
1147.534410264343,0.8095780331641436,16.60920642130077,698.1695141643286
1151.9161370899528,0.8095780331641436,16.60920642130077,701.7241092007607
1154.4382156971842,0.813802931457758,16.69669060781598,701.7241092007607
1159.0253570172936,0.813802931457758,16.69669060781598,704.7904274091125
1159.155769744888,0.8148071318864822,16.78523968718946,704.7904274091125
1163.3133186567575,0.8148071318864822,16.78523968718946,707.4799992442131
1163.5651062373072,0.8157434780150652,16.97202149219811,707.4799992442131
1168.8304226957262,0.8157434780150652,16.97202149219811,711.315322374925
1169.02828101255,0.8168280273675919,17.129087449982762,711.315322374925
1174.2044423539191,0.8168280273675919,17.129087449982762,714.6671441830695
1177.2846934814006,0.8507618512958288,17.219967614859343,714.6671441830695
1184.7317361030728,0.8507618512958288,17.219967614859343,719.7314795833081
1184.9658033493906,0.8517134375870228,17.35560399852693,719.7314795833081
1191.2743656057864,0.8517134375870228,17.35560399852693,724.1822706591338
1191.4601379130036,0.8526845946907997,17.53088580444455,724.1822706591338
1195.6789279207587,0.8526845946907997,17.53088580444455,726.8334814012051
1195.8619248978794,0.8538835979998112,17.582766676321626,726.8334814012051
1200.7853130046278,0.8538835979998112,17.582766676321626,730.3702184818685
1203.8979432992637,0.8580499235540628,17.697408106178045,730.3702184818685
1208.4734855499119,0.8580499235540628,17.697408106178045,733.273152558133
1208.6324167959392,0.8589368816465139,17.826595664024353,733.273152558133
1214.474667288363,0.8589368816465139,17.826595664024353,737.6104133594781
1215.0690383017063,0.8599270507693291,18.210133662447333,737.6104133594781
1219.5159908737987,0.8599270507693291,18.210133662447333,740.1386152300984
1219.8289813455194,0.8609634302556515,18.372102053835988,740.1386152300984
1224.1917069945484,0.8609634302556515,18.372102053835988,743.8511786051095
1227.1929973941296,0.8657460976392031,18.55520318634808,743.8511786051095
1231.1332189012319,0.8657460976392031,18.55520318634808,747.035150161013
1231.3940479755402,0.8667261358350515,18.779217531904578,747.035150161013
1237.5067117158324,0.8667261358350515,18.779217531904578,751.3502686899155
1237.6503892615438,0.8676881771534681,18.91373371705413,751.3502686899155
1242.2612713761628,0.8676881771534681,18.91373371705413,754.2051506843418
1242.5566360354424,0.8686290923506021,19.081403978168964,754.2051506843418
1248.6140813492239,0.8686290923506021,19.081403978168964,759.0253521315753
1250.7263875380158,0.8728807289153337,19.293680807575583,759.0253521315753
1255.9343235287815,0.8728807289153337,19.293680807575583,762.1833293307573
1256.171008059755,0.873925369232893,19.412539958953857,762.1833293307573
1261.857365725562,0.873925369232893,19.412539958953857,766.8398075122386
1262.1925147790462,0.8749408572912216,19.561502350494266,766.8398075122386
1268.0796830337495,0.8749408572912216,19.561502350494266,771.169938750565
1268.504070693627,0.9002077337354422,19.92504812963307,771.169938750565
1273.13872699067,0.9002077337354422,19.92504812963307,774.180931398645
1276.600108474493,0.9047177508473396,20.03372315131128,774.180931398645
1281.3729867003858,0.9047177508473396,20.03372315131128,777.3380453679711
1281.5631463453174,0.905715549364686,20.17072189413011,777.3380453679711
1286.6580036040395,0.905715549364686,20.17072189413011,781.210421776399
1287.158618280664,0.9067632798105478,20.420980656519532,781.210421776399
1290.5628504846245,0.9067632798105478,20.420980656519532,783.7596872728318
1290.747143521905,0.9077553991228342,20.583963319659233,783.7596872728318
1296.354450399056,0.9077553991228342,20.583963319659233,788.038192557171
1299.7609133124352,0.9119414165616035,20.69272586517036,788.038192557171
1304.2445635013282,0.9119414165616035,20.69272586517036,790.7743486091495
1304.5280048772693,0.9129580464214087,20.90195424295962,790.7743486091495
1310.0579794105142,0.9129580464214087,20.90195424295962,794.8476125467569
1310.3693825434893,0.9140844158828259,21.074348960071802,794.8476125467569
1316.6552950777113,0.9140844158828259,21.074348960071802,799.5857250876725
1316.897226916626,0.915048623457551,21.299560364335775,799.5857250876725
1322.160633875057,0.915048623457551,21.299560364335775,803.0434648897499
1325.496100017801,0.9235471431165934,21.55653685517609,803.0434648897499
1331.2078130245209,0.9235471431165934,21.55653685517609,807.187332700938
1331.628458853811,0.9245705623179674,21.754870181903243,807.187332700938
1335.6987770851701,0.9245705623179674,21.754870181903243,810.2087973300368
1335.7626405246556,0.9255296997725964,21.801204297691584,810.2087973300368
1340.665841255337,0.9255296997725964,21.801204297691584,813.6197340153158
1340.6830805633217,0.9264486059546471,21.8120352383703,813.6197340153158
1345.0494057964534,0.9264486059546471,21.8120352383703,816.6309972200543
1347.230360481888,0.9397267699241638,21.999767132103443,816.6309972200543
1350.4836055859923,0.9397267699241638,21.999767132103443,818.880917256698
1350.8150805011392,0.9407699890434742,22.28825080394745,818.880917256698
1355.2913248259574,0.9407699890434742,22.28825080394745,821.4999893456697
1355.6761795375496,0.941967099905014,22.45664813183248,821.4999893456697
1362.5712712854147,0.941967099905014,22.45664813183248,825.8271976169199
1363.0763244181871,0.9429585672914982,22.733045460656285,825.8271976169199
1368.2710773330182,0.9429585672914982,22.733045460656285,829.0801302529871
1371.6468042768538,0.9473313987255096,22.882584162056446,829.0801302529871
1377.8753047324717,0.9473313987255096,22.882584162056446,834.0334422662854
1377.9836338628083,0.9483421593904495,22.93842190131545,834.0334422662854
1385.3121086526662,0.9483421593904495,22.93842190131545,839.3361744750291
1385.3676943778992,0.9493837468326092,22.96291229315102,839.3361744750291
1389.9066125378013,0.9493837468326092,22.96291229315102,842.6189390085638
1390.1597992610186,0.9503929447382689,23.205567862838507,842.6189390085638
1397.4578921105713,0.9503929447382689,23.205567862838507,848.0661845393479
1400.7989901620895,0.9738610778003931,23.45465843193233,848.0661845393479
1405.4312862306833,0.9738610778003931,23.45465843193233,851.4827667549253
1405.6356215458363,0.9748871754854918,23.58095752261579,851.4827667549253
1409.8364556860179,0.9748871754854918,23.58095752261579,854.8073030076921
1410.0469355620444,0.9758260827511549,23.74948296509683,854.8073030076921
1415.3260503336787,0.9758260827511549,23.74948296509683,858.4475204702467
1415.4030052851886,0.9837190378457308,23.81038793735206,858.4475204702467
1420.2800551913679,0.9837190378457308,23.81038793735206,862.2618735227734
1423.289432933554,0.9882148411124945,23.819546945393085,862.2618735227734
1428.492209713906,0.9882148411124945,23.819546945393085,865.6279742550105
1428.835107896477,0.9892646614462137,24.03115600347519,865.6279742550105
1434.5612976085395,0.9892646614462137,24.03115600347519,869.1130919512361
1434.8302986770868,0.9903959520161152,24.225695937871933,869.1130919512361
1440.4224368855357,0.9903959520161152,24.225695937871933,873.2594827823341
1440.6603446491063,0.9914083909243345,24.427580444142222,873.2594827823341
1446.047035817057,0.9914083909243345,24.427580444142222,877.026709727943
1448.5571212340146,0.995772672817111,24.582599580287933,877.026709727943
1454.2126014754176,0.995772672817111,24.582599580287933,881.1203937493265
1454.2952639404684,0.9967648219317198,24.630870470777154,881.1203937493265
1460.6523563936353,0.9967648219317198,24.630870470777154,884.9674444179982
1460.8451046645641,0.9977655801922083,24.809218157082796,884.9674444179982
1466.5638411510736,0.9977655801922083,24.809218157082796,889.3654284421355
1466.677949508652,0.9986482448875904,24.905531788244843,889.3654284421355
1471.6159807294607,0.9986482448875904,24.905531788244843,892.470106607303
1474.7328589018434,1.0135662518441677,25.059818409383297,892.470106607303
1480.4942707717419,1.0135662518441677,25.059818409383297,896.1859894096851
1480.6449466980994,1.0145249124616385,25.16964932717383,896.1859894096851
1485.5414245016873,1.0145249124616385,25.16964932717383,900.0528945587575
1485.8379817418754,1.015696993097663,25.315783647820354,900.0528945587575
1490.2532429974526,1.015696993097663,25.315783647820354,903.1589006390423
1490.3429813981056,1.016663109883666,25.398971436545253,903.1589006390423
1495.121800614521,1.016663109883666,25.398971436545253,906.4872491806746
1498.017729928717,1.0208115447312593,25.56796982139349,906.4872491806746
1503.3862863257527,1.0208115447312593,25.56796982139349,911.0741727128625
1503.4612738527358,1.0216736681759357,25.60990353487432,911.0741727128625
1508.8663615006953,1.0216736681759357,25.60990353487432,914.9316732250154
1509.2822160366923,1.0226731970906258,25.83624316006899,914.9316732250154
1511.874677889049,1.0226731970906258,25.83624316006899,916.7311063371599
1512.259882910177,1.0238262675702572,25.98736990429461,916.7311063371599
1516.3472972083837,1.0238262675702572,25.98736990429461,919.6085175573826
1519.2414891906083,1.0280232056975365,26.197382528334856,919.6085175573826
1523.2201135028154,1.0280232056975365,26.197382528334856,922.2485334929079
1523.4043988008052,1.0290144328027964,26.355744283646345,922.2485334929079
1529.0813938975334,1.0290144328027964,26.355744283646345,926.7803713865578
1529.1635341458023,1.030102163553238,26.37934379093349,926.7803713865578
1532.930580643937,1.030102163553238,26.37934379093349,929.4550135266036
1533.111407957971,1.0310487821698189,26.550245251506567,929.4550135266036
1536.9370370320976,1.0310487821698189,26.550245251506567,931.7644031178206
1541.4769958574325,1.1087382696568966,26.954918945208192,931.7644031178206
1546.3139826264232,1.1087382696568966,26.954918945208192,935.5049684438854
1546.5203853733838,1.1098863910883665,27.070468921214342,935.5049684438854
1551.132971988991,1.1098863910883665,27.070468921214342,938.6457504443824
1551.2305200248957,1.1108484975993633,27.099987216293812,938.6457504443824
1557.5239814985543,1.1108484975993633,27.099987216293812,942.8539522662759
1557.9091557338834,1.1118065062910318,27.428460653871298,942.8539522662759
1562.2579229399562,1.1118065062910318,27.428460653871298,946.0700585450977
1565.1677002459764,1.1160092614591122,27.62247111275792,946.0700585450977
1569.1135351732373,1.1160092614591122,27.62247111275792,948.6746726371348
1569.460662253201,1.120445204898715,27.913522565737367,948.6746726371348
1574.969078918919,1.120445204898715,27.913522565737367,952.0478475987911
1575.1250737924129,1.1215812545269728,28.003716373816133,952.0478475987911
1580.1157430876046,1.1215812545269728,28.003716373816133,955.0960379205644
1580.2967671453953,1.1226578336209059,28.013381261378527,955.0960379205644
1585.622869918123,1.1226578336209059,28.013381261378527,959.3007601816207
1588.784216357395,1.1278145480901003,28.21533638611436,959.3007601816207
1594.0813885126263,1.1278145480901003,28.21533638611436,962.794849537313
1594.2097680289298,1.1287683360278606,28.32203061133623,962.794849537313
1599.8656203132123,1.1287683360278606,28.32203061133623,968.0214549209923
1600.0757340807468,1.1415750719606876,28.503777934238315,968.0214549209923
1605.8600187581033,1.1415750719606876,28.503777934238315,972.7845809459686
1605.9812284018844,1.1425283011049032,28.54287351667881,972.7845809459686
1612.1590336132795,1.1425283011049032,28.54287351667881,977.4465020522475
1616.6406532172114,1.2053510714322329,28.622643852606416,977.4465020522475
1618.9516819100827,1.2053510714322329,28.622643852606416,978.762100994587
1619.057045781985,1.2062775567173958,28.720260029658675,978.762100994587
1623.2551794406027,1.2062775567173958,28.720260029658675,981.6025376748294
1623.6311819013208,1.2076863516122103,28.86134480126202,981.6025376748294
1627.1242937091738,1.2076863516122103,28.86134480126202,983.76370915398
1627.3813217654824,1.208750519901514,28.89710528217256,983.76370915398
1630.921292046085,1.208750519901514,28.89710528217256,985.3732651099563
1635.7616271805018,1.2311242036521435,29.129164265468717,985.3732651099563
1638.8573550209403,1.2311242036521435,29.129164265468717,987.1693828497082
1638.8973931204528,1.23209966160357,29.15570486523211,987.1693828497082
1642.944708056748,1.23209966160357,29.15570486523211,989.6822448931634
1643.0165849272162,1.2558955624699593,29.192076086997986,989.6822448931634
1645.4619286153466,1.2558955624699593,29.192076086997986,991.49667898193
1645.6028395723552,1.256889821961522,29.21108296699822,991.49667898193
1652.3630735129118,1.256889821961522,29.21108296699822,996.3316648881882
1656.8312691673636,1.2816064208745956,29.32518113963306,996.3316648881882
1661.1068437471986,1.2816064208745956,29.32518113963306,998.9235413335264
1661.1945366095752,1.2827300112694502,29.33473632670939,998.9235413335264
1666.2542656175792,1.2827300112694502,29.33473632670939,1003.2876116354018
1666.3476897571236,1.2836571261286736,29.41267847828567,1003.2876116354018
1667.871821001172,1.2836571261286736,29.41267847828567,1004.0614266302437
1668.2557899691164,1.284723225980997,29.51504824310541,1004.0614266302437
1672.9135578908026,1.284723225980997,29.51504824310541,1006.6635426282883
1677.5768311098218,1.3546259384602308,29.699433706700802,1006.6635426282883
1680.9009438250214,1.3546259384602308,29.699433706700802,1007.4853620119393
1681.1208012364805,1.3559513613581657,29.834295514971018,1007.4853620119393
1685.2173724677414,1.3559513613581657,29.834295514971018,1010.7614606823772
1685.6027735006064,1.3569766394793987,29.960130775347352,1010.7614606823772
1688.4733447767794,1.3569766394793987,29.960130775347352,1012.5383172668517
1688.8208174016327,1.3579055052250624,30.201616065576673,1012.5383172668517
1692.8313809856772,1.3579055052250624,30.201616065576673,1015.4486140888184
1697.190323408693,1.402254555374384,30.49289489723742,1015.4486140888184
1701.0443224776536,1.402254555374384,30.49289489723742,1017.0663612615317
1701.463726952672,1.4032010100781918,30.678722048178315,1017.0663612615317
1707.7706644833088,1.4032010100781918,30.678722048178315,1022.4579283837229
1708.09400248155,1.4041860904544592,30.759841391816735,1022.4579283837229
1712.6241062134504,1.4041860904544592,30.759841391816735,1025.98387154378
1712.7361285984516,1.4052171800285578,30.78742010332644,1025.98387154378
1717.5224156789482,1.4052171800285578,30.78742010332644,1030.196064101532
1720.903489150107,1.4382641837000847,30.887816162779927,1030.196064101532
1725.4133042749017,1.4382641837000847,30.887816162779927,1033.9862094819546
1725.605030477047,1.4395655281841755,31.016878494992852,1033.9862094819546
1730.9865973964334,1.4395655281841755,31.016878494992852,1036.8429506458342
1731.4269088935107,1.4405846893787384,31.277010211721063,1036.8429506458342
1734.9934595730156,1.4405846893787384,31.277010211721063,1038.4579889848828
1735.2666506245732,1.4417063016444445,31.432980451732874,1038.4579889848828
1739.9504212886095,1.4417063016444445,31.432980451732874,1041.8632664326578
1745.6336376294494,1.4641652777791023,31.563836447894573,1041.8632664326578
1748.1738077253103,1.4641652777791023,31.563836447894573,1043.55428699404
1748.4545436650515,1.4651741068810225,31.62108762934804,1043.55428699404
1751.8034915328026,1.4651741068810225,31.62108762934804,1045.5858350023627
1751.8693832457066,1.4661897160112858,31.63045935332775,1045.5858350023627
1754.2718226723373,1.4661897160112858,31.63045935332775,1046.1343260202557
1754.446555448696,1.4671441726386547,31.754875669255853,1046.1343260202557
1758.078804569319,1.4671441726386547,31.754875669255853,1048.128120912239
1763.3459977526218,1.476812269538641,32.050704807043076,1048.128120912239
1766.7306844312698,1.476812269538641,32.050704807043076,1049.8068887274712
1766.9389709290117,1.4777822364121675,32.24522262252867,1049.8068887274712
1771.9638832733035,1.4777822364121675,32.24522262252867,1053.7481395229697
1772.2875439673662,1.4788020867854357,32.52196170948446,1053.7481395229697
1775.6475512087345,1.4788020867854357,32.52196170948446,1055.7454039007425
1775.851382324472,1.479780226945877,32.605692230165005,1055.7454039007425
1781.5138919055462,1.479780226945877,32.605692230165005,1060.3274250030518
1784.7334154695272,1.4840006958693266,32.62493661604822,1060.3274250030518
1789.8514193966985,1.4840006958693266,32.62493661604822,1064.2329277954996
1790.0453061684966,1.4850789550691843,32.70858614705503,1064.2329277954996
1795.8925171699375,1.4850789550691843,32.70858614705503,1068.935767736286
1796.2343790251762,1.4862020052969456,32.841081911697984,1068.935767736286
1799.400851700455,1.4862020052969456,32.841081911697984,1070.5391158126295
1799.6034342646599,1.4943998586386442,32.99793089553714,1070.5391158126295
1801.997332368046,1.4943998586386442,32.99793089553714,1072.0169256031513
1806.0021587889642,1.5052593126893044,33.25150817446411,1072.0169256031513
1809.115047376603,1.5052593126893044,33.25150817446411,1073.9029242359102
1809.339701719582,1.5062986630946398,33.382356548681855,1073.9029242359102
1812.9002492018044,1.5062986630946398,33.382356548681855,1075.9410515911877
1813.0975163280964,1.5072994511574507,33.551295548677444,1075.9410515911877
1817.6453440580517,1.5072994511574507,33.551295548677444,1078.0278496276587
1817.8281843848526,1.5093702804297209,33.68925954401493,1078.0278496276587
1821.7360903061926,1.5093702804297209,33.68925954401493,1081.0162661410868
1825.1892113033682,1.5136054493486881,33.810805544257164,1081.0162661410868
1828.9988499376923,1.5136054493486881,33.810805544257164,1083.5748902000487
1829.3097541294992,1.5145691391080618,34.020428229123354,1083.5748902000487
1832.3535936251283,1.5145691391080618,34.020428229123354,1085.6802331153303
1832.6291016619653,1.5156906601041555,34.227338341996074,1085.6802331153303
1839.508867893368,1.5156906601041555,34.227338341996074,1090.0212593190372
1839.664362512529,1.5166804268956184,34.25055652111769,1090.0212593190372
1845.3278861809522,1.5166804268956184,34.25055652111769,1093.5074898768216
1848.9047128483653,1.6280695926398039,34.26020897179842,1093.5074898768216
1855.5230477973819,1.6280695926398039,34.26020897179842,1098.0266194716096
1855.810010485351,1.629086522385478,34.47131812572479,1098.0266194716096
1863.0057893805206,1.629086522385478,34.47131812572479,1102.957398088649
1863.0736551694572,1.6300446037203074,34.49840457737446,1102.957398088649
1869.3746251631528,1.6300446037203074,34.49840457737446,1107.47301537171
1869.8283376730978,1.631153455004096,34.75293181464076,1107.47301537171
1876.8005054723471,1.631153455004096,34.75293181464076,1112.1385979074985
1880.3864779807627,1.63545548543334,35.0002873595804,1112.1385979074985
1886.4212566129863,1.63545548543334,35.0002873595804,1116.890546059236
1886.5262271091342,1.6364611741155386,35.025630379095674,1116.890546059236
1890.917670648545,1.6364611741155386,35.025630379095674,1119.3597275000066
1891.114102911204,1.6374870352447033,35.16721680574119,1119.3597275000066
1897.1031701304018,1.6374870352447033,35.16721680574119,1123.5404667407274
1897.3747810963541,1.644756492227316,35.25744722597301,1123.5404667407274
1903.3619130924344,1.644756492227316,35.25744722597301,1127.3716395106167
1906.5631239768118,1.6489728689193726,35.516436606645584,1127.3716395106167
1914.3748530261219,1.6489728689193726,35.516436606645584,1133.2088232729584
1914.5854582488537,1.6545011512935162,35.70382993109524,1133.2088232729584
1919.8296940140426,1.6545011512935162,35.70382993109524,1136.755360942334
1920.1177011840045,1.6555968932807446,35.88663790002465,1136.755360942334
1926.16272312589,1.6555968932807446,35.88663790002465,1141.3643155898899
1926.464288936928,1.6565835885703564,35.99649774469435,1141.3643155898899
1931.8834082689136,1.6565835885703564,35.99649774469435,1145.5585375018418
1935.0511507000774,1.6982061304152012,36.217117784544826,1145.5585375018418
1940.3111230246723,1.6982061304152012,36.217117784544826,1148.7957425247878
1940.3868502378464,1.6991932783275843,36.22658869065344,1148.7957425247878
1946.0527251120657,1.6991932783275843,36.22658869065344,1153.0093130394816
1946.559111829847,1.7003615982830524,36.446284893900156,1153.0093130394816
1952.6699436772615,1.7003615982830524,36.446284893900156,1157.0262138806283
1952.8611172419041,1.7013408653438091,36.58416225016117,1157.0262138806283
1957.8540743924677,1.7013408653438091,36.58416225016117,1160.49098033458
1961.3745976816863,1.7527668997645378,36.66083336248994,1160.49098033458
1969.2831426020712,1.7527668997645378,36.66083336248994,1166.1733818035573
1969.8129917271435,1.7538836915045977,36.75614310055971,1166.1733818035573
1976.8228922374547,1.7538836915045977,36.75614310055971,1171.1804658025503
1977.0356085207313,1.7549706809222698,36.77748308889568,1171.1804658025503
1981.7980943564326,1.7549706809222698,36.77748308889568,1175.033764578402
1982.300264781341,1.755916329100728,37.00772026926279,1175.033764578402
1986.0062186568975,1.755916329100728,37.00772026926279,1177.6737343464047
1989.6512031331658,1.7602465599775314,37.131625125184655,1177.6737343464047
1995.7947219256312,1.7602465599775314,37.131625125184655,1181.0036801602691
1995.9729531891644,1.761309800669551,37.201522601768374,1181.0036801602691
2002.6913688089699,1.761309800669551,37.201522601768374,1185.9378370679915
2002.8939500171691,1.7623119615018368,37.34200194850564,1185.9378370679915
2006.208623200655,1.7623119615018368,37.34200194850564,1188.5309403464198
2006.3603344261646,1.7632894702255726,37.45135894604027,1188.5309403464198
2010.0686425287277,1.7632894702255726,37.45135894604027,1190.8297074697912
2014.7213830128312,1.767483027651906,37.7230935767293,1190.8297074697912
2020.3926636893302,1.767483027651906,37.7230935767293,1194.0118697099388
2020.5476525034755,1.7685363683849573,37.746330726891756,1194.0118697099388
2023.0854358524084,1.7685363683849573,37.746330726891756,1196.1780325062573
2023.4663584474474,1.769724888727069,37.96393720433116,1196.1780325062573
2027.0548699367791,1.769724888727069,37.96393720433116,1199.053161982447
2027.3264493830502,1.7707350496202707,38.07273127324879,1199.053161982447
2031.3520402498543,1.7707350496202707,38.07273127324879,1202.0144827086478
2036.145751375705,1.8080552015453577,38.271650932729244,1202.0144827086478
2040.5181256979704,1.8080552015453577,38.271650932729244,1204.9940073043108
2040.727913537994,1.8090333994477987,38.422054113820195,1204.9940073043108
2046.2422938141972,1.8090333994477987,38.422054113820195,1208.5337660815567
2046.2976237088442,1.8101343587040901,38.45249300636351,1208.5337660815567
2051.5816568452865,1.8101343587040901,38.45249300636351,1211.6108232494444
2051.8248003851622,1.811135157942772,38.65525379776955,1211.6108232494444
2059.1091657169163,1.811135157942772,38.65525379776955,1217.1145433299243
2063.4640543404967,1.8155232276767492,38.90373180992901,1217.1145433299243
2066.4837800767273,1.8155232276767492,38.90373180992901,1218.754793278873
2066.6004293020815,1.8164762761443853,38.986366365104914,1218.754793278873
2068.2825025953352,1.8164762761443853,38.986366365104914,1219.936611821875
2068.498892888427,1.8174903132021427,39.125677628442645,1219.936611821875
2071.0541785135865,1.8174903132021427,39.125677628442645,1221.4781115986407
2071.408123228699,1.8185988161712885,39.28440183401108,1221.4781115986407
2075.680130466819,1.8185988161712885,39.28440183401108,1223.9831339009106
2079.8256556335837,1.8225844465196133,39.35123926214874,1223.9831339009106
2084.316241476685,1.8225844465196133,39.35123926214874,1227.4379659127444
2084.541747890413,1.8234539330005646,39.48848238773644,1227.4379659127444
2089.736241316423,1.8234539330005646,39.48848238773644,1231.0386648904532
2089.976951273158,1.8244344294071198,39.66209003701806,1231.0386648904532
2095.6675467845052,1.8244344294071198,39.66209003701806,1234.6098254416138
2095.8748302403837,1.8449461106210947,39.80328375659883,1234.6098254416138
2100.3829934485257,1.8449461106210947,39.80328375659883,1238.039190042764
2103.477602092549,1.8493417110294104,40.02018631994724,1238.039190042764
2108.839254397899,1.8493417110294104,40.02018631994724,1241.7568491157144
2109.071958873421,1.8502569999545813,40.23394715599716,1241.7568491157144
2113.8535340093076,1.8502569999545813,40.23394715599716,1245.1167622730136
2114.0648519489914,1.8512425180524588,40.272287018597126,1245.1167622730136
2116.9613393694162,1.8512425180524588,40.272287018597126,1246.8030077200383
2117.255150102079,1.8615041580051184,40.48145127110183,1246.8030077200383
2122.2556539494544,1.8615041580051184,40.48145127110183,1251.2401887774467
2126.4180586375296,1.9141139760613441,40.80924500338733,1251.2401887774467
2130.0187280047685,1.9141139760613441,40.80924500338733,1253.4357316941023
2130.245929101482,1.9150989837944508,41.00990570709109,1253.4357316941023
2133.2656215690076,1.9150989837944508,41.00990570709109,1255.525457797572
2133.6952075418085,1.916241593658924,41.23625309765339,1255.525457797572
2141.4669725336134,1.916241593658924,41.23625309765339,1260.97533236444
2141.6375806368887,1.9173924438655376,41.35322405770421,1260.97533236444
2145.899276204407,1.9173924438655376,41.35322405770421,1263.6801346242428
2149.92318748869,1.9217019118368626,41.51488008722663,1263.6801346242428
2152.959452148527,1.9217019118368626,41.51488008722663,1265.5288106389344
2153.085300013423,1.9226193893700838,41.53274948708713,1265.5288106389344
2156.114295879379,1.9226193893700838,41.53274948708713,1267.2237542886287
2156.2362922336906,1.9236078448593616,41.61570652574301,1267.2237542886287
2158.518321916461,1.9236078448593616,41.61570652574301,1268.154535021633
2158.929844604805,1.9248091969639063,41.88580614887178,1268.154535021633
2163.1447394359857,1.9248091969639063,41.88580614887178,1270.653320748359
2165.815492035821,1.928914314135909,41.903128650039434,1270.653320748359
2170.094673210755,1.928914314135909,41.903128650039434,1272.6025677267462
2170.6773431524634,1.9299310706555843,42.13864160142839,1272.6025677267462
2173.6416808534414,1.9299310706555843,42.13864160142839,1275.216307329014
2173.8510341178626,1.9308495186269283,42.236625991761684,1275.216307329014
2179.3319171853364,1.9308495186269283,42.236625991761684,1279.4612685125321
2179.671549677849,1.9320760406553745,42.400712905451655,1279.4612685125321
2183.1405676621944,1.9320760406553745,42.400712905451655,1281.8854728285223
2187.9663606453687,1.971389191225171,42.7200563326478,1281.8854728285223
2192.165386000648,1.971389191225171,42.7200563326478,1284.7262337673455
2192.3108420297503,1.9723926223814487,42.729302784428,1284.7262337673455
2197.1587114557624,1.9723926223814487,42.729302784428,1287.903733594343
2197.2725082077086,1.9741703364998102,42.81035532057285,1287.903733594343
2199.0048686061054,1.9741703364998102,42.81035532057285,1288.6230842843652
2199.3239473477006,1.9751532170921564,42.95652352459729,1288.6230842843652
2203.20473491773,1.9751532170921564,42.95652352459729,1291.6615692917258
2206.683979667723,2.0196848548948765,42.987791096791625,1291.6615692917258
2211.349621253088,2.0196848548948765,42.987791096791625,1294.8676257301122
2211.5486084371805,2.020697943866253,43.099560990929604,1294.8676257301122
2214.432485178113,2.020697943866253,43.099560990929604,1297.1426470223814
2214.506554523483,2.0221180096268654,43.15916155464947,1297.1426470223814
2218.7770929820836,2.0221180096268654,43.15916155464947,1299.652073841542
2218.8239596001804,2.0235161650925875,43.18512546643615,1299.652073841542
2222.3286406528205,2.0235161650925875,43.18512546643615,1302.1460390966386
2225.855663973838,2.0278376061469316,43.2120005376637,1302.1460390966386
2230.366427479312,2.0278376061469316,43.2120005376637,1304.5140394717455
2230.6777179371566,2.0288120433688164,43.394187569618225,1304.5140394717455
2236.2365847285837,2.0288120433688164,43.394187569618225,1309.1276688408107
2236.632930573076,2.029961222782731,43.532784981653094,1309.1276688408107
2241.8103704564273,2.029961222782731,43.532784981653094,1312.7495343126357
2242.048269594088,2.0309306122362614,43.73063304461539,1312.7495343126357
2244.045893849805,2.0309306122362614,43.73063304461539,1314.1704466566443
2247.6988484300673,2.0601688846945763,43.76351982541382,1314.1704466566443
2253.154113681987,2.0601688846945763,43.76351982541382,1317.5736782941967
2253.3163899332285,2.0611494425684214,43.89988312870264,1317.5736782941967
2260.901485119015,2.0611494425684214,43.89988312870264,1322.7180728390813
2261.042997645214,2.062290394678712,43.945131968706846,1322.7180728390813
2267.6899336408824,2.062290394678712,43.945131968706846,1326.9230069890618
2268.0479740574956,2.0633928664028645,44.29649015143514,1326.9230069890618
2274.4576946217567,2.0633928664028645,44.29649015143514,1331.3955425154418
2278.3572569619864,2.067589435726404,44.45267772860825,1331.3955425154418
2280.3193507529795,2.067589435726404,44.45267772860825,1332.787343390286
2280.392785904929,2.068562874570489,44.509358540177345,1332.787343390286
2285.358480449766,2.068562874570489,44.509358540177345,1336.0654296055436
2285.392425348982,2.06953620351851,44.53596275486052,1336.0654296055436
2289.8443123735487,2.06953620351851,44.53596275486052,1339.9296597037464
2289.999691158533,2.0706353820860386,44.545629505068064,1339.9296597037464
2292.7583476044238,2.0706353820860386,44.545629505068064,1341.7163862995803
2297.8381323590875,2.078931335359812,44.726604444906116,1341.7163862995803
2300.909975288436,2.078931335359812,44.726604444906116,1343.4981232136488
2301.5640417914838,2.0798893310129642,44.9156012814492,1343.4981232136488
2304.7646756134927,2.0798893310129642,44.9156012814492,1345.0580186098814
2304.8524748329073,2.0808947309851646,44.97097652964294,1345.0580186098814
2309.238509301096,2.0808947309851646,44.97097652964294,1348.1777087990195
2309.2899124361575,2.0818554684519768,44.99239055812359,1348.1777087990195
2312.80842262879,2.0818554684519768,44.99239055812359,1350.972754202783
2317.808917414397,2.0902186669409275,45.16090198606253,1350.972754202783
2319.851309949532,2.0902186669409275,45.16090198606253,1352.1997432988137
2320.195319674909,2.1019154842942953,45.295738169923425,1352.1997432988137
2325.5099618658423,2.1019154842942953,45.295738169923425,1356.1449190359563
2325.913154968992,2.1028748117387295,45.47406525909901,1356.1449190359563
2332.870005534962,2.1028748117387295,45.47406525909901,1360.472184734419
2332.9370028972626,2.1038375291973352,45.49997032620013,1360.472184734419
2335.308996193111,2.1038375291973352,45.49997032620013,1361.918218197301
2338.9991370979697,2.135335683822632,45.61986677162349,1361.918218197301
2341.3153153844178,2.135335683822632,45.61986677162349,1362.2651302181184
2341.6679100301117,2.136334452778101,45.93914845213294,1362.2651302181184
2343.7606989108026,2.136334452778101,45.93914845213294,1363.4520872943103
2344.002847727388,2.1373313888907433,46.14224390313029,1363.4520872943103
2348.158635357395,2.1373313888907433,46.14224390313029,1366.0090089030564
2348.564747337252,2.1383238565176725,46.500991923734546,1366.0090089030564
2354.0015432089567,2.1383238565176725,46.500991923734546,1370.873508470133
2357.4929222650826,2.1644283402711153,46.692637698724866,1370.873508470133
2361.7166236881167,2.1644283402711153,46.692637698724866,1374.0995344407856
2361.9271621163934,2.1654305178672075,46.85215890966356,1374.0995344407856
2365.2573584727943,2.1654305178672075,46.85215890966356,1376.7396203540266
2365.707131301984,2.166456624865532,47.19650452397764,1376.7396203540266
2369.91297971271,2.166456624865532,47.19650452397764,1379.9414940681309
2370.4639506340027,2.1676695998758078,47.55159623734653,1379.9414940681309
2373.014545004815,2.1676695998758078,47.55159623734653,1380.694572487846
2376.2013698518276,2.172031393274665,47.69841994345188,1380.694572487846
2380.827682852745,2.172031393274665,47.69841994345188,1383.122779680416
2381.00690224953,2.1730020325630903,47.821783285588026,1383.122779680416
2384.5793187450618,2.1730020325630903,47.821783285588026,1386.0412543453276
2384.977507127449,2.174081901088357,48.055702017620206,1386.0412543453276
2387.5225515291095,2.174081901088357,48.055702017620206,1387.9010163042694
2387.9800308104604,2.1752683632075787,48.40053850226104,1387.9010163042694
2391.0403724610806,2.1752683632075787,48.40053850226104,1389.9388745874166
2393.749055542052,2.179461410269141,48.609067825600505,1389.9388745874166
2396.0611350852996,2.179461410269141,48.609067825600505,1391.627925928682
2396.334495961666,2.185636295005679,48.83608637750149,1391.627925928682
2401.537358261645,2.185636295005679,48.83608637750149,1395.5918304659426
2401.821144768968,2.186632303521037,49.062487948685884,1395.5918304659426
2407.0516230408102,2.186632303521037,49.062487948685884,1398.5469640418887
2407.438723936677,2.1876873429864645,49.39846576936543,1398.5469640418887
2411.5325816776603,2.1876873429864645,49.39846576936543,1402.1474966146052
2415.277796804905,2.191975098103285,49.815913658589125,1402.1474966146052
2421.2678398210555,2.191975098103285,49.815913658589125,1406.5972959026694
2421.3631613906473,2.1928999349474907,49.904896572232246,1406.5972959026694
2425.4398100133985,2.1928999349474907,49.904896572232246,1409.862202372402
2425.819194307551,2.1941109877079725,50.08122604712844,1409.862202372402
2429.8250230457634,2.1941109877079725,50.08122604712844,1411.8358049560338
2429.9527360461652,2.1951073445379734,50.20239350013435,1411.8358049560338
2432.517135489732,2.1951073445379734,50.20239350013435,1412.8832147344947
2435.750086776912,2.199296521022916,50.411674255505204,1412.8832147344947
2438.068762851879,2.199296521022916,50.411674255505204,1414.4682912565768
2438.1453362330794,2.205961685627699,50.45985936746001,1414.4682912565768
2444.476637551561,2.205961685627699,50.45985936746001,1418.2318578269333
2444.7499270252883,2.206957034766674,50.662276454269886,1418.2318578269333
2450.6492323931307,2.206957034766674,50.662276454269886,1421.8506738506258
2450.9268573578447,2.2080603763461113,50.885540280491114,1421.8506738506258
2455.4333578646183,2.2080603763461113,50.885540280491114,1425.1493992730975
2459.1589862927794,2.212506366893649,51.146037286147475,1425.1493992730975
2465.106812832877,2.212506366893649,51.146037286147475,1428.3601625412703
2465.612094188109,2.2135255839675665,51.435364020988345,1428.3601625412703
2471.287936769426,2.2135255839675665,51.435364020988345,1431.3901279326528
2471.5857177693397,2.2146824952214956,51.56234157644212,1431.3901279326528
2475.1357757896185,2.2146824952214956,51.56234157644212,1434.014819778502
2475.278557829559,2.2156826946884394,51.68306576088071,1434.014819778502
2477.9995469860733,2.2156826946884394,51.68306576088071,1435.6714933831245
2481.988676039502,2.2442701254040003,51.85216431133449,1435.6714933831245
2484.0318052899092,2.2442701254040003,51.85216431133449,1437.1831471640617
2484.172184124589,2.2456497214734554,51.96857089176774,1437.1831471640617
2488.999273588881,2.2456497214734554,51.96857089176774,1440.632714509964
2489.304451825097,2.246620759367943,52.15684227645397,1440.632714509964
2496.294389054179,2.246620759367943,52.15684227645397,1446.3211102690548
2496.413755390793,2.2476273495703936,52.26024269685149,1446.3211102690548
2503.2825944330543,2.2476273495703936,52.26024269685149,1451.8170290067792
2507.900286141783,2.251806816086173,52.62573509477079,1451.8170290067792
2510.301843667403,2.251806816086173,52.62573509477079,1453.3267252016813
2510.5277697015554,2.2527859527617693,52.78602612018585,1453.3267252016813
2512.779614519328,2.2527859527617693,52.78602612018585,1454.663428204134
2512.9012260064483,2.2539385464042425,52.83338310010731,1454.663428204134
2519.457171170041,2.2539385464042425,52.83338310010731,1459.3291813731194
2519.684376956895,2.2549135833978653,53.044584061950445,1459.3291813731194
2526.0198139492422,2.2549135833978653,53.044584061950445,1463.2336134500802
2529.855958605185,2.2591295447200537,53.26258347928524,1463.2336134500802
2535.228433838114,2.2591295447200537,53.26258347928524,1466.9838052093983
2535.275738624856,2.2600878793746233,53.27198805101216,1466.9838052093983
2539.6788026932627,2.2600878793746233,53.27198805101216,1470.8149996064603
2540.044963605702,2.2612036168575287,53.36948583461344,1470.8149996064603
2544.707754224539,2.2612036168575287,53.36948583461344,1474.6371866092086
2544.8200683146715,2.262243265286088,53.43329920619726,1474.6371866092086
2550.3903254885226,2.262243265286088,53.43329920619726,1478.7008073441684
2554.096437767148,2.266473738476634,53.66476065479219,1478.7008073441684
2561.580472467467,2.266473738476634,53.66476065479219,1483.0582675412297
2561.9440543260425,2.267455104738474,54.01014584116638,1483.0582675412297
2569.4131258539855,2.267455104738474,54.01014584116638,1489.1885707825422
2569.6632600538433,2.2684481032192707,54.18974170088768,1489.1885707825422
2577.98560394533,2.2684481032192707,54.18974170088768,1495.0993062071502
2578.6100575849414,2.26964146271348,54.54840200766921,1495.0993062071502
2584.702279049903,2.26964146271348,54.54840200766921,1499.334309630096
2589.5782139655203,2.2737513426691294,54.71821458823979,1499.334309630096
2594.3987936060876,2.2737513426691294,54.71821458823979,1501.8442532382905
2594.480419188738,2.2748754546046257,54.731701919808984,1501.8442532382905
2597.2354212049395,2.2748754546046257,54.731701919808984,1503.8439972717315
2597.784518396482,2.276030834764242,54.93761012330651,1503.8439972717315
2600.1787796616554,2.276030834764242,54.93761012330651,1505.3294019959867
2600.6259149517864,2.2770280335098505,55.18601381033659,1505.3294019959867
2603.1097238529474,2.2770280335098505,55.18601381033659,1507.0306135062128
2605.6498017217964,2.2812128961086273,55.312610771507025,1507.0306135062128
2609.1233027540147,2.2812128961086273,55.312610771507025,1509.2576423622668
2609.4390448872,2.2822863440960646,55.54593790695071,1509.2576423622668
2613.3143022209406,2.2822863440960646,55.54593790695071,1511.6733646895736
2613.7338039968163,2.283277031034231,55.88688593916595,1511.6733646895736
2616.3239165898412,2.283277031034231,55.88688593916595,1513.0946664717048
2616.5104058701545,2.2842965703457594,56.042264522984624,1513.0946664717048
2620.881755400449,2.2842965703457594,56.042264522984624,1515.473625175655
2624.291648073122,2.2922579292207956,56.26164274290204,1515.473625175655
2626.8156906757504,2.2922579292207956,56.26164274290204,1517.1169023960829
2627.0462777018547,2.2932036835700274,56.46029447764158,1517.1169023960829
2631.023354968056,2.2932036835700274,56.46029447764158,1519.5825001448393
2631.1413361877203,2.2942407615482807,56.54975973442197,1519.5825001448393
2635.768540157005,2.2942407615482807,56.54975973442197,1523.4299834948033
2635.844192504883,2.2952454201877117,56.57239240780473,1523.4299834948033
2640.9048826768994,2.2952454201877117,56.57239240780473,1526.9609417859465
2644.2125070188195,2.304000938311219,56.75746216252446,1526.9609417859465
2647.1746315788478,2.304000938311219,56.75746216252446,1529.2324155420065
2647.580892097205,2.318277046084404,57.105664944276214,1529.2324155420065
2649.8112286347896,2.318277046084404,57.105664944276214,1530.7632194794714
2649.9820126052946,2.3192820250988007,57.2460820581764,1530.7632194794714
2654.7937123719603,2.3192820250988007,57.2460820581764,1533.8220838457346
2655.2689554840326,2.320237411186099,57.488469902426004,1533.8220838457346
2658.4568467997015,2.320237411186099,57.488469902426004,1535.6112802382559
2660.6885931529105,2.324368394911289,57.50159974768758,1535.6112802382559
2666.8995617125183,2.324368394911289,57.50159974768758,1541.2613522615284
2666.9189769420773,2.325361531227827,57.51430114917457,1541.2613522615284
2669.166023809463,2.325361531227827,57.51430114917457,1542.60293841362
2669.4553210455924,2.3264959398657084,57.59977195598185,1542.60293841362
2673.987222900614,2.3264959398657084,57.59977195598185,1545.3176352195442
2674.2032924648374,2.3275480084121227,57.73015840165317,1545.3176352195442
2678.35159326531,2.3275480084121227,57.73015840165317,1547.942083247006
2682.918534513563,2.3317379001528025,58.11624594964087,1547.942083247006
2686.9171121269464,2.3317379001528025,58.11624594964087,1550.7587336711586
2687.365149905905,2.332908309996128,58.267520133405924,1550.7587336711586
2691.134066445753,2.332908309996128,58.267520133405924,1552.4846322666854
2691.336766798049,2.3339003566652536,58.43331529945135,1552.4846322666854
2693.921152709052,2.3339003566652536,58.43331529945135,1553.7719465177506
2694.2874783109874,2.3398747500032187,58.65840913914144,1553.7719465177506
2699.9349239729345,2.3398747500032187,58.65840913914144,1558.5352326016873
2703.6575514897704,2.343935387209058,58.72163977101445,1558.5352326016873
2707.8692904934287,2.343935387209058,58.72163977101445,1561.2988397404552
2708.2882793433964,2.344919065013528,59.0677577406168,1561.2988397404552
2713.279619673267,2.344919065013528,59.0677577406168,1564.5898147821426
2713.4872005581856,2.3460076060146093,59.19447206147015,1564.5898147821426
2718.27330198884,2.3460076060146093,59.19447206147015,1567.6179890744388
2718.467523233965,2.35537782125175,59.34537812694907,1567.6179890744388
2720.768690401688,2.35537782125175,59.34537812694907,1568.7512879613787
2724.7730588130653,2.4051578734070063,59.691400023177266,1568.7512879613787
2730.199732929468,2.4051578734070063,59.691400023177266,1572.2972081899643
2730.302088679746,2.406195191666484,59.743006033822894,1572.2972081899643
2733.986348280683,2.406195191666484,59.743006033822894,1574.8202571775764
2734.130991254002,2.4071669783443213,59.80034986883402,1574.8202571775764
2737.927285030484,2.4071669783443213,59.80034986883402,1577.3966347966343
2738.027883021161,2.408274168148637,59.85300506092608,1577.3966347966343
2740.9884931650013,2.408274168148637,59.85300506092608,1578.9578820839524
2746.11686004512,2.4125178158283234,60.19878546707332,1578.9578820839524
2749.838154198602,2.4125178158283234,60.19878546707332,1580.8277968503535
2749.904458010569,2.413657445460558,60.253614999353886,1580.8277968503535
2752.110861096531,2.413657445460558,60.253614999353886,1581.889542337507
2752.2291538007557,2.41470461525023,60.353251388296485,1581.889542337507
2754.154958507046,2.41470461525023,60.353251388296485,1583.2652320917696
2754.4897217452526,2.42639653198421,60.6423226557672,1583.2652320917696
2760.039069097489,2.42639653198421,60.6423226557672,1587.1631419379264
2768.1745085008442,2.4307631254196167,60.75728580355644,1587.1631419379264
2772.991974465549,2.4307631254196167,60.75728580355644,1590.0441576577723
2773.481897998601,2.4318386260420084,61.04653462395072,1590.0441576577723
2778.388198548928,2.4318386260420084,61.04653462395072,1594.0270999744534
2778.6935203820467,2.432916983962059,61.29098376818001,1594.0270999744534
2782.698276825249,2.432916983962059,61.29098376818001,1596.6237831059843
2782.9847742710263,2.43401263281703,61.52296215482056,1596.6237831059843
2786.2611122839153,2.43401263281703,61.52296215482056,1597.7068340554833
2790.4395383298397,2.5060920398682356,61.79514382220805,1597.7068340554833
2796.5315809939057,2.5060920398682356,61.79514382220805,1602.7281426675618
2796.776158446446,2.5072812512516975,61.90674000605941,1602.7281426675618
2803.2552259061486,2.5072812512516975,61.90674000605941,1608.3019050750881
2803.7848806027323,2.5082762707024813,62.287255488336086,1608.3019050750881
2814.40169317089,2.5082762707024813,62.287255488336086,1612.003662161529
2814.8579309824854,2.5092691890895367,62.62239934690297,1612.003662161529
2817.648395800963,2.5092691890895367,62.62239934690297,1614.287111889571
2821.6515534818172,2.5532316733151674,62.63618842884898,1614.287111889571
2824.825616808608,2.5532316733151674,62.63618842884898,1617.1124179009348
2824.958440762013,2.5544604249298573,62.64997848123312,1617.1124179009348
2831.2054174225777,2.5544604249298573,62.64997848123312,1620.8493945971131
2831.4158066976815,2.5555141046643257,62.76091707870364,1620.8493945971131
2834.554962152615,2.5555141046643257,62.76091707870364,1623.3281792625785
2834.9708611667156,2.5572437439113855,63.07977195084095,1623.3281792625785
2840.750916801393,2.5572437439113855,63.07977195084095,1627.7022845298052
2844.351524285972,2.5614010579884052,63.522648226469755,1627.7022845298052
2847.8162166234106,2.5614010579884052,63.522648226469755,1629.7570034489036
2848.1677113063633,2.568860260769725,63.80629991181195,1629.7570034489036
2855.3705960381776,2.568860260769725,63.80629991181195,1635.1657786089927
2855.9153737854213,2.570009119808674,64.13115080818534,1635.1657786089927
2863.2158881537616,2.570009119808674,64.13115080818534,1640.1538541950285
2863.812361471355,2.571160711348057,64.50556657649577,1640.1538541950285
2871.264086216688,2.571160711348057,64.50556657649577,1646.4716695789248
2875.1223121974617,2.5754745081067085,64.87592241540551,1646.4716695789248
2880.743584604934,2.5754745081067085,64.87592241540551,1650.6732424758375
2881.393670586869,2.5765065364539623,65.44108708202839,1650.6732424758375
2888.7760296110064,2.5765065364539623,65.44108708202839,1656.928434373811
2889.007870523259,2.591942520812154,65.63353398628533,1656.928434373811
2891.404598340392,2.591942520812154,65.63353398628533,1658.4827861897647
2891.7729301135987,2.5930129792541265,65.89803674817085,1658.4827861897647
2898.09706472978,2.5930129792541265,65.89803674817085,1662.9103766214103
2903.077321216464,2.598190560936928,65.91447260044515,1662.9103766214103
2906.0574062075466,2.598190560936928,65.91447260044515,1664.531241606921
2906.382916636765,2.6077847816050053,66.0148356128484,1664.531241606921
2910.7313965447247,2.6077847816050053,66.0148356128484,1668.326285386458
2911.02665056102,2.609057692810893,66.07330972142518,1668.326285386458
2915.0390115808696,2.609057692810893,66.07330972142518,1671.1004585884511
2915.130881285295,2.610024431720376,66.13065178878605,1671.1004585884511
2919.728503841907,2.610024431720376,66.13065178878605,1673.6649586018175
2925.591483021155,2.648760249838233,66.34442184120417,1673.6649586018175
2928.71502478607,2.648760249838233,66.34442184120417,1675.8295581750572
2929.4159697033465,2.667766958475113,66.81355900503695,1675.8295581750572
2932.009485654533,2.667766958475113,66.81355900503695,1677.3745249472558
2932.339039856568,2.6687907949090004,66.9269086625427,1677.3745249472558
2938.6994425896555,2.6687907949090004,66.9269086625427,1681.8848159555346
2939.0264888219535,2.669921264052391,67.0431616306305,1681.8848159555346
2943.299017554149,2.669921264052391,67.0431616306305,1685.2261663116515
2947.174998493865,2.6744444519281387,67.13049677945673,1685.2261663116515
2953.1924722604454,2.6744444519281387,67.13049677945673,1688.8534819018096
2953.3246105443686,2.675476659089327,67.2083142939955,1688.8534819018096
2956.5563477538526,2.675476659089327,67.2083142939955,1691.3452027942985
2956.80556589365,2.6818081829696894,67.39524578675628,1691.3452027942985
2961.7364817373455,2.6818081829696894,67.39524578675628,1694.6842626202852
2961.943561548367,2.6828373707830906,67.58293925225735,1694.6842626202852
2965.82055978477,2.6828373707830906,67.58293925225735,1697.3950639627874
2971.43734572269,2.7285397332161665,67.61874880082905,1697.3950639627874
2974.7815434839576,2.7285397332161665,67.61874880082905,1699.4994729403406
2975.289952572435,2.729655761271715,68.03806576132774,1699.4994729403406
2977.46839873679,2.729655761271715,68.03806576132774,1700.4967491012067
2977.647004175931,2.7308991830796003,68.14017196558416,1700.4967491012067
2981.9497349169105,2.7308991830796003,68.14017196558416,1703.4584261067212
2982.030891213566,2.734352994710207,68.19721916504204,1703.4584261067212
2983.7526426129043,2.734352994710207,68.19721916504204,1704.564614949748
2990.052630053833,2.78010918200016,68.23099789954722,1704.564614949748
2996.1454417072237,2.78010918200016,68.23099789954722,1709.1438903901726
2996.3490665536374,2.7814629692584276,68.32067687064409,1709.1438903901726
3000.1654292605817,2.7814629692584276,68.32067687064409,1711.50827636756
3000.599807202816,2.782786812633276,68.64227452687919,1711.50827636756
3004.6436226461083,2.782786812633276,68.64227452687919,1715.1434231642634
3005.0168400723487,2.7843050975352526,68.97056137397885,1715.1434231642634
3010.595634005964,2.7843050975352526,68.97056137397885,1719.2276465278119
3014.648667961359,2.7894651498645544,69.28243951126933,1719.2276465278119
3019.8786379769444,2.7894651498645544,69.28243951126933,1724.0418762881309
3020.3156730644405,2.79453351162374,69.70559745840728,1724.0418762881309
3025.1249930951744,2.79453351162374,69.70559745840728,1727.7892261967063
3025.4682310465723,2.7957810312509537,69.75219637341797,1727.7892261967063
3028.948165440932,2.7957810312509537,69.75219637341797,1730.5427003409714
3029.4157780688256,2.7968396190553904,69.94313290901482,1730.5427003409714
3032.4085766375065,2.7968396190553904,69.94313290901482,1732.6129026133567
3037.9590998254716,2.8012140709906816,70.17549538984895,1732.6129026133567
3044.9689530059695,2.8012140709906816,70.17549538984895,1737.433473272249
3045.2183906231076,2.8022171892225742,70.3652916084975,1737.433473272249
3050.0701728127897,2.8022171892225742,70.3652916084975,1740.9095399770886
3051.2401521969587,2.8035288713872433,70.68604525364935,1740.9095399770886
3053.0302685853094,2.8035288713872433,70.68604525364935,1741.2647327110171
3053.5375192258507,2.8045861925929785,71.12613333202899,1741.2647327110171
3055.7061427701265,2.8045861925929785,71.12613333202899,1741.5511818155646
3059.882301816717,2.8090481124818325,71.40276767127216,1741.5511818155646
3062.233470208943,2.8090481124818325,71.40276767127216,1743.000504989177
3062.3822383973747,2.810113010928035,71.49712223373353,1743.000504989177
3067.3573466781527,2.810113010928035,71.49712223373353,1746.359660981223
3067.5515714418143,2.811394127085805,71.57447999157012,1746.359660981223
3069.5957262329757,2.811394127085805,71.57447999157012,1747.9368757177144
3069.7960091754794,2.812514813616872,71.73727453872561,1747.9368757177144
3073.1684060171247,2.812514813616872,71.73727453872561,1750.5588424112648
3076.878458281979,2.836085457354784,71.81497349217534,1750.5588424112648
3082.068434905261,2.836085457354784,71.81497349217534,1753.897213127464
3082.3570726253092,2.8377305641770363,71.8904128242284,1753.897213127464
3084.6146814748645,2.8377305641770363,71.8904128242284,1755.6859901044518
3084.6763855814934,2.8387359641492367,71.94483561255038,1755.6859901044518
3090.8172075860202,2.8387359641492367,71.94483561255038,1760.7155681662261
3090.93520113267,2.839817052707076,72.03562188148499,1760.7155681662261
3096.25750224106,2.839817052707076,72.03562188148499,1764.9727353546768
3100.4282644372433,2.844281980767846,72.2371099293232,1764.9727353546768
3102.256953297183,2.844281980767846,72.2371099293232,1765.9091525748372
3102.6974774915725,2.8453549295663834,72.59984826669097,1765.9091525748372
3106.399387165904,2.8453549295663834,72.59984826669097,1768.2991076540202
3107.1579848080873,2.846553882583976,72.8841666970402,1768.2991076540202
3110.8352560121566,2.846553882583976,72.8841666970402,1771.0216517709196
3110.9726240020245,2.847692422568798,72.99389307945967,1771.0216517709196
3114.2162255607545,2.847692422568798,72.99389307945967,1772.809152647853
3119.2339565493166,2.8750376142561436,73.36316589824855,1772.809152647853
3122.310949496925,2.8750376142561436,73.36316589824855,1774.7356082461774
3122.6299368534237,2.876087924465537,73.43729996867478,1774.7356082461774
3126.9137519281358,2.876087924465537,73.43729996867478,1776.6676742136478
3127.397621549666,2.8771143425256014,73.50978428311646,1776.6676742136478
3131.90948443301,2.8771143425256014,73.50978428311646,1780.1155179142952
3131.9503101855516,2.8781372290104628,73.52347363904119,1780.1155179142952
3134.76233259961,2.8781372290104628,73.52347363904119,1781.636255061254
3138.7445567771792,2.8825099263340235,73.77621486783028,1781.636255061254
3144.123829744756,2.8825099263340235,73.77621486783028,1784.867134226486
3144.3652619607747,2.8836828358471394,73.8369795717299,1784.867134226486
3148.1383378244936,2.8836828358471394,73.8369795717299,1787.3691741786897
3148.670151328668,2.8849677201360464,74.13463417999446,1787.3691741786897
3151.999425534159,2.8849677201360464,74.13463417999446,1789.9042306225747
3152.5362839307636,2.886059870943427,74.45123427174985,1789.9042306225747
3156.526625853032,2.886059870943427,74.45123427174985,1792.2831464521587
3163.291359692812,2.92586681060493,74.49885596893728,1792.2831464521587
3164.754120448604,2.92586681060493,74.49885596893728,1792.8734308071434
3164.94380726479,2.92709057033062,74.51247530244291,1792.8734308071434
3166.659451527521,2.92709057033062,74.51247530244291,1793.8737881034613
3167.0063952300698,2.928343653678894,74.74156535044312,1793.8737881034613
3170.3732110075653,2.928343653678894,74.74156535044312,1796.6578833833337
3170.8836560379714,2.929414613172412,74.98677757196128,1796.6578833833337
3175.462231626734,2.929414613172412,74.98677757196128,1799.9059674646705
3180.30580586195,3.0417406000196934,75.23570072092116,1799.9059674646705
3182.8436483964324,3.0417406000196934,75.23570072092116,1801.1380596198142
3182.9626381732523,3.0671873204410076,75.31239753589034,1801.1380596198142
3188.152173401788,3.0671873204410076,75.31239753589034,1804.5783063638955
3188.88276787661,3.0683214105665684,75.68753443285823,1804.5783063638955
3192.60109603405,3.0683214105665684,75.68753443285823,1807.0261425115168
3192.981819169596,3.0693698823451996,75.93588286265731,1807.0261425115168
3196.91112745367,3.0693698823451996,75.93588286265731,1810.107029415667
3202.1960728652775,3.0736171063035727,76.16808556206524,1810.107029415667
3206.3756151814014,3.0736171063035727,76.16808556206524,1813.36008996889
3206.811822483316,3.074806885793805,76.43118437752128,1813.36008996889
3211.039210015908,3.074806885793805,76.43118437752128,1816.2673386204988
3211.5107485372573,3.0760477390140295,76.81453422643244,1816.2673386204988
3216.514191903174,3.0760477390140295,76.81453422643244,1819.967596700415
3216.5460944883525,3.07713289745152,76.83547537401319,1819.967596700415
3221.6874753255397,3.07713289745152,76.83547537401319,1823.469577651471
3228.096384814009,3.1649011708796024,77.37333671934903,1823.469577651471
3230.136683870107,3.1649011708796024,77.37333671934903,1824.0037536490709
3230.3159024752676,3.1659897100180387,77.49642697349191,1824.0037536490709
3231.6600955575705,3.1659897100180387,77.49642697349191,1824.8231826927513
3232.0994102526456,3.16700822673738,77.60543030127883,1824.8231826927513
3234.0588354431093,3.16700822673738,77.60543030127883,1825.90040679276
3234.3049984686077,3.1683086417615414,77.73709590919316,1825.90040679276
3238.5892652496696,3.1683086417615414,77.73709590919316,1828.9707447681576
3242.508184829727,3.1726798992604017,77.79371849261224,1828.9707447681576
3244.862008301541,3.1726798992604017,77.79371849261224,1830.577937297523
3245.101858476177,3.173845950514078,77.94236865825951,1830.577937297523
3251.596713548526,3.173845950514078,77.94236865825951,1835.7251369860023
3252.225741909817,3.1750230696052313,78.3857648447156,1835.7251369860023
3256.590713178739,3.1750230696052313,78.3857648447156,1838.8771344143897
3256.952313069254,3.1760359182953835,78.60743301361799,1838.8771344143897
3261.6025754418224,3.1760359182953835,78.60743301361799,1842.3025606051087
3266.2808939255774,3.1802135463804007,78.90936144627631,1842.3025606051087
3271.6749963611364,3.1802135463804007,78.90936144627631,1846.5250315051526
3272.1169501449913,3.181441579014063,79.25746121443808,1846.5250315051526
3274.942289803177,3.181441579014063,79.25746121443808,1848.187655825168
3275.2903642319143,3.182505225762725,79.55498460866511,1848.187655825168
3278.945615220815,3.182505225762725,79.55498460866511,1850.0793178267777
3279.3900473657995,3.1835495736449957,79.92587230168283,1850.0793178267777
3282.279657026753,3.1835495736449957,79.92587230168283,1852.3752137869596
3285.95562867634,3.1880033258348703,80.01650095358491,1852.3752137869596
3290.7983936294913,3.1880033258348703,80.01650095358491,1855.2855889871716
3291.148492537439,3.188986614346504,80.26220768503845,1855.2855889871716
3298.039315737784,3.188986614346504,80.26220768503845,1859.1764478888363
3298.508496882394,3.1900544445961714,80.71545202098787,1859.1764478888363
3303.929013924673,3.1900544445961714,80.71545202098787,1863.0431049373
3303.9903960451484,3.19108609482646,80.76254293322563,1863.0431049373
3309.8508598525077,3.19108609482646,80.76254293322563,1866.5262564644217
3313.3253124859184,3.1955292858183384,81.07058257237077,1866.5262564644217
3319.2786670066416,3.1955292858183384,81.07058257237077,1870.0996009036899
3319.81636878103,3.1967644970864058,81.52147545106709,1870.0996009036899
3326.4388677440584,3.1967644970864058,81.52147545106709,1874.3018756937236
3326.8791342619807,3.198029961436987,81.88973605632782,1874.3018756937236
3332.6379288844764,3.198029961436987,81.88973605632782,1878.329534964636
3333.1568072997034,3.1991535536944866,82.29583780840039,1878.329534964636
3339.1835320498794,3.1991535536944866,82.29583780840039,1882.3545219730586
3342.8564902376384,3.2751784082502127,82.6154167726636,1882.3545219730586
3349.4743545390666,3.2751784082502127,82.6154167726636,1886.8841699659824
3349.5104352533817,3.279945183545351,82.6366334669292,1886.8841699659824
3351.731294883415,3.279945183545351,82.6366334669292,1888.094594962895
3352.2056585364044,3.2902348395437,82.89376316964626,1888.094594962895
3357.7743048984557,3.2902348395437,82.89376316964626,1891.0565561391413
3358.244307395071,3.2913469206541777,83.02998040057719,1891.0565561391413
3362.363756181672,3.2913469206541777,83.02998040057719,1894.4066656269133
3367.6755225732923,3.340654155239463,83.37198260612786,1894.4066656269133
3369.454944660887,3.340654155239463,83.37198260612786,1895.841447243467
3369.9253196381032,3.341652562841773,83.69192679226398,1895.841447243467
3374.6612269878387,3.341652562841773,83.69192679226398,1899.955505548045
3374.9749930538237,3.34291416592896,83.88003153912723,1899.955505548045
3380.0136068984866,3.34291416592896,83.88003153912723,1904.3142983540893
3380.44779253006,3.343935376033187,84.22270183078945,1904.3142983540893
3383.1924828253686,3.343935376033187,84.22270183078945,1905.9541848525405
3386.984443549067,3.348266277462244,84.64738602936268,1905.9541848525405
3389.7006035055965,3.348266277462244,84.64738602936268,1908.356724170968
3389.72688232176,3.349281895905733,84.66724738106132,1908.356724170968
3391.755619119853,3.349281895905733,84.66724738106132,1909.6617061477154
3391.9308804217726,3.3502763640135527,84.82321785390377,1909.6617061477154
3396.639029979706,3.3502763640135527,84.82321785390377,1913.3941552173346
3396.8918656520545,3.3513036519289017,85.04662345908582,1913.3941552173346
3403.5751483049244,3.3513036519289017,85.04662345908582,1917.9067592453212
3407.11572214216,3.355669543147087,85.39271314628422,1917.9067592453212
3415.145250156522,3.355669543147087,85.39271314628422,1924.5109698753804
3415.3763928487897,3.3570101279765368,85.56593932397664,1924.5109698753804
3419.5473579093814,3.3570101279765368,85.56593932397664,1927.2367635555565
3420.1974429730326,3.358290111646056,85.96287895552814,1927.2367635555565
3422.2973367329687,3.358290111646056,85.96287895552814,1928.2305518463254
3422.4046397525817,3.3592639788985252,86.05262838676572,1928.2305518463254
3428.643297025934,3.3592639788985252,86.05262838676572,1931.4307738561183
3431.8463427666575,3.36348089389503,86.14019826799631,1931.4307738561183
3435.8924728091806,3.36348089389503,86.14019826799631,1934.672879152
3436.3971132021397,3.3646840546280146,86.57893858477473,1934.672879152
3439.232849486172,3.3646840546280146,86.57893858477473,1935.1401828080416
3439.281732145697,3.379444481804967,86.59545360505581,1935.1401828080416
3442.202833035961,3.379444481804967,86.59545360505581,1937.0342022329569
3442.5782945118845,3.3806206304579973,86.71108173578978,1937.0342022329569
3447.142520332709,3.3806206304579973,86.71108173578978,1940.377688717097
3450.4395186100155,3.38519580475986,86.82350355945528,1940.377688717097
3452.6679581180215,3.38519580475986,86.82350355945528,1942.1536957453936
3453.269931135699,3.386319948360324,87.27129390463233,1942.1536957453936
3458.2191533129662,3.386319948360324,87.27129390463233,1945.459887797013
3458.7241442278028,3.3875605538487434,87.67199610546231,1945.459887797013
3466.5643392596394,3.3875605538487434,87.67199610546231,1950.9866830818355
3466.9488297328353,3.388594402000308,87.93848060071468,1950.9866830818355
3473.7591312639415,3.388594402000308,87.93848060071468,1956.023407081142
3477.701562581584,3.3931153640151024,88.30081593245268,1956.023407081142
3483.0197135545313,3.3931153640151024,88.30081593245268,1960.182591194287
3483.1632495690137,3.3942187558859587,88.38098713196814,1960.182591194287
3486.51127342321,3.3942187558859587,88.38098713196814,1962.551358345896
3486.556279780343,3.3952325638383627,88.40323084779084,1962.551358345896
3490.4792095571756,3.3952325638383627,88.40323084779084,1965.0108854006976
3490.627389844507,3.396580098196864,88.51345304585993,1965.0108854006976
3496.147122785449,3.396580098196864,88.51345304585993,1969.145013058558
3503.3289461806417,3.4009256660938263,88.92233899980783,1969.145013058558
3508.3888551667333,3.4009256660938263,88.92233899980783,1972.1723282914609
3508.7859270181507,3.401940904557705,89.23344346508384,1972.1723282914609
3516.9757583998144,3.401940904557705,89.23344346508384,1977.9209363609552
3517.338950192556,3.403143396601081,89.45158859714866,1977.9209363609552
3521.810174604878,3.403143396601081,89.45158859714866,1981.0757373329252
3522.650129733607,3.4042219650000334,89.7613430377096,1981.0757373329252
3526.248180087656,3.4042219650000334,89.7613430377096,1983.9742845017463
3530.50188998878,3.4087412748485804,90.00851865299046,1983.9742845017463
3533.97602147609,3.4087412748485804,90.00851865299046,1986.097648318857
3534.1891959793866,3.4121773466467857,90.20920706912875,1986.097648318857
3537.7209603395313,3.4121773466467857,90.20920706912875,1988.6266169659793
3538.113341279328,3.413159053772688,90.52298692427576,1988.6266169659793
3542.3547870479524,3.413159053772688,90.52298692427576,1990.818460226059
3542.6134796906263,3.414259660989046,90.75963899679482,1990.818460226059
3546.681204808876,3.414259660989046,90.75963899679482,1993.2614251654595
3552.069314081222,3.4786455035209656,90.8999354429543,1993.2614251654595
3557.8966089487076,3.4786455035209656,90.8999354429543,1997.7153013404459
3558.4997238330543,3.4798187240958214,91.35032040253282,1997.7153013404459
3563.085195284337,3.4798187240958214,91.35032040253282,2000.2869178690016
3563.4676332566887,3.4808700010180473,91.7028278503567,2000.2869178690016
3566.196705508977,3.4808700010180473,91.7028278503567,2001.269649591297
3566.768363174051,3.4821154046803713,91.98280888423324,2001.269649591297
3573.2729029096663,3.4821154046803713,91.98280888423324,2006.6348360143602
3578.416278956458,3.48634547367692,92.5363073758781,2006.6348360143602
3583.582093624398,3.48634547367692,92.5363073758781,2009.9868303854018
3583.9121764935553,3.487633517012,92.73371172696352,2009.9868303854018
3587.283668765798,3.487633517012,92.73371172696352,2011.8989933989942
3587.771879389882,3.4887198265641928,93.1171057317406,2011.8989933989942
3592.3352335728705,3.4887198265641928,93.1171057317406,2014.2623505853117
3592.7783892769367,3.489791765809059,93.30130295269191,2014.2623505853117
3599.0364243034273,3.489791765809059,93.30130295269191,2018.2044161427766
3602.7060991618782,3.494124745950103,93.64295637607574,2018.2044161427766
3607.019843412563,3.494124745950103,93.64295637607574,2021.1207267884165
3607.10917670466,3.5144847594201565,93.65682512708008,2021.1207267884165
3610.1200620494783,3.5144847594201565,93.65682512708008,2022.8984967134893
3610.558211605996,3.515555938705802,94.05122637376189,2022.8984967134893
3616.5254172403365,3.515555938705802,94.05122637376189,2027.9063819441944
3616.9174578953534,3.516767842695117,94.27842023782432,2027.9063819441944
3619.714562628418,3.516767842695117,94.27842023782432,2029.7556209322065
3623.8903190866113,3.520938640460372,94.53759027644992,2029.7556209322065
3630.5157530028373,3.520938640460372,94.53759027644992,2035.5851088315248
3630.9540224727243,3.5220504235476255,94.8837901763618,2035.5851088315248
3639.1703820545226,3.5220504235476255,94.8837901763618,2040.9668256584555
3639.3690982032567,3.5331226233392954,95.0352760720998,2040.9668256584555
3644.0178983807564,3.5331226233392954,95.0352760720998,2044.9631525166333
3644.642253872007,3.5342121236026287,95.6158844511956,2044.9631525166333
3651.8880488164723,3.5342121236026287,95.6158844511956,2050.4364243783057
3655.690241485834,3.538595674559474,95.69833997823298,2050.4364243783057
3664.2557278927416,3.538595674559474,95.69833997823298,2056.6343404706568
3664.623503541574,3.5397012159228325,96.03139526210725,2056.6343404706568
3672.5258868820965,3.5397012159228325,96.03139526210725,2062.0625477898866
3673.6014136373997,3.540943657979369,96.41423983499408,2062.0625477898866
3676.183390390128,3.540943657979369,96.41423983499408,2063.708110205829
3676.2713518366218,3.5420253686606884,96.42835430242121,2063.708110205829
3677.663328392431,3.5420253686606884,96.42835430242121,2064.332039773464
3681.535750640556,3.5462812557816505,96.65278228186071,2064.332039773464
3688.3135748449713,3.5462812557816505,96.65278228186071,2068.7897299081087
3688.3750820290297,3.547349415719509,96.66664575599134,2068.7897299081087
3694.3713300041854,3.547349415719509,96.66664575599134,2073.240117441863
3695.071558278054,3.548633059486747,97.0575169287622,2073.240117441863
3698.6384734138846,3.548633059486747,97.0575169287622,2075.6356573123485
3699.0765689779073,3.585701188072562,97.40129054896533,2075.6356573123485
3706.9104180820286,3.585701188072562,97.40129054896533,2081.151470856741
3712.1319551691413,3.629641741514206,97.72850580140948,2081.151470856741
3717.7996161058545,3.629641741514206,97.72850580140948,2084.9899292215705
3717.962432662025,3.63078542239964,97.74319138936698,2084.9899292215705
3718.8567884489894,3.63078542239964,97.74319138936698,2085.332451151684
3719.3170376718044,3.6319495029747486,98.09014870226383,2085.332451151684
3723.527275338769,3.6319495029747486,98.09014870226383,2087.807517601177
3723.748510023579,3.6329553816467524,98.29859384335577,2087.807517601177
3726.4143423531204,3.6329553816467524,98.29859384335577,2089.6301615685225
3730.9673552457243,3.637254748493433,98.31191579438746,2089.6301615685225
3733.06032958813,3.637254748493433,98.31191579438746,2090.9695187322795
3733.167608819902,3.6383368093520403,98.36096737347543,2090.9695187322795
3737.0441518612206,3.6383368093520403,98.36096737347543,2093.3944815956056
3737.244973173365,3.6395765095949173,98.49960384890437,2093.3944815956056
3741.7419188320637,3.6395765095949173,98.49960384890437,2096.9894433133304
3742.2239097058773,3.640776230022311,98.5531198065728,2096.9894433133304
3743.962329838425,3.640776230022311,98.5531198065728,2097.772304167971
3749.3332097847015,3.676642794162035,98.56837698444724,2097.772304167971
3752.6440503783524,3.676642794162035,98.56837698444724,2099.736144207418
3752.8776384610683,3.6778741851449013,98.75781538709998,2099.736144207418
3756.3476982880384,3.6778741851449013,98.75781538709998,2101.120103545487
3756.6277710199356,3.6858060099184513,99.0204915702343,2101.120103545487
3760.6700060050935,3.6858060099184513,99.0204915702343,2103.761149795726
3761.258498577401,3.6928004175424576,99.07048938423395,2103.761149795726
3767.161703232676,3.6928004175424576,99.07048938423395,2106.5304069146514
3770.8355812299997,3.6970455646514893,99.14803449250758,2106.5304069146514
3773.8433174248785,3.6970455646514893,99.14803449250758,2108.227108279243
3773.944117717445,3.6980900522321463,99.23913623765111,2108.227108279243
3777.5989937540144,3.6980900522321463,99.23913623765111,2109.9453544002026
3777.6821270938963,3.6991359908133745,99.255734981969,2109.9453544002026
3782.7607852593064,3.6991359908133745,99.255734981969,2113.9698727317154
3783.2662737853825,3.7002366576343775,99.65885068662465,2113.9698727317154
3786.131540125236,3.7002366576343775,99.65885068662465,2115.956610057503
3790.5939694736153,3.704570136964321,99.85585009306669,2115.956610057503
3796.1129581090063,3.704570136964321,99.85585009306669,2118.98723227717
3796.4772582761943,3.7062220964580774,100.07140891812742,2118.98723227717
3799.510680569336,3.7062220964580774,100.07140891812742,2121.288203869015
3799.804205968976,3.707236096262932,100.35343895852566,2121.288203869015
3806.9132891129702,3.707236096262932,100.35343895852566,2127.4112549815327
3807.143237132579,3.70849390886724,100.37397684343159,2127.4112549815327
3809.872908612713,3.70849390886724,100.37397684343159,2129.232604449615
3816.474886752665,3.7130274325609207,100.50113835930824,2129.232604449615
3819.7213400993496,3.7130274325609207,100.50113835930824,2131.002397529781
3819.952077800408,3.714054111391306,100.54667660407722,2131.002397529781
3821.685897072777,3.714054111391306,100.54667660407722,2131.9787982217968
3821.9679620675743,3.7152640242129564,100.59696774557233,2131.9787982217968
3824.7967931535095,3.7152640242129564,100.59696774557233,2133.8952799569815
3825.233442394063,3.7162614203989506,100.63353355228901,2133.8952799569815
3831.0650777854025,3.7162614203989506,100.63353355228901,2137.716100173071
3836.6838217247277,3.7206197008490562,100.6483383346349,2137.716100173071
3841.189387653023,3.7206197008490562,100.6483383346349,2139.400055458769
3841.728591784835,3.7216768097132444,101.12441067025065,2139.400055458769
3844.92339650169,3.7216768097132444,101.12441067025065,2140.8994142860174
3845.2442049644887,3.72479859739542,101.39252945035696,2140.8994142860174
3847.2485610619187,3.72479859739542,101.39252945035696,2142.1369349416345
3847.3727806657553,3.7258418574929237,101.48531696014106,2142.1369349416345
3854.457794578746,3.7258418574929237,101.48531696014106,2147.5802006088197
3861.0168177131563,3.7712953686714172,101.7643903195858,2147.5802006088197
3865.1404582019895,3.7712953686714172,101.7643903195858,2150.7324574887753
3865.3651281353086,3.772471658885479,101.86628419533372,2150.7324574887753
3870.135271685198,3.772471658885479,101.86628419533372,2153.5851835869253
3870.4498998448253,3.7932714615017176,102.12341167218983,2153.5851835869253
3875.785905594006,3.7932714615017176,102.12341167218983,2157.2931137103587
3876.2670709453523,3.7943394631147385,102.47652203030884,2157.2931137103587
3880.3445555083454,3.7943394631147385,102.47652203030884,2160.4502004180104
3885.201488373801,3.7986355423927307,102.61753569543362,2160.4502004180104
3889.0012379866093,3.7986355423927307,102.61753569543362,2163.4037213306874
3889.297905670479,3.7997025717049837,102.86916809529066,2163.4037213306874
3894.9279334135354,3.7997025717049837,102.86916809529066,2168.207129603252
3895.1809075381607,3.8006977923214436,103.09735108539462,2168.207129603252
3900.9607003685087,3.8006977923214436,103.09735108539462,2170.697842406109
3901.3382226526737,3.80175968259573,103.43697463721037,2170.697842406109
3907.0494162458926,3.80175968259573,103.43697463721037,2174.126671116799
3910.6336569860578,3.806065021082759,103.45245059207082,2174.126671116799
3913.733557164669,3.806065021082759,103.45245059207082,2176.4546642359346
3914.1384714134037,3.8071179017424583,103.77088532410562,2176.4546642359346
3917.8903625532985,3.8071179017424583,103.77088532410562,2178.8330974914134
3918.1471355166286,3.8082072883844376,103.8101237732917,2178.8330974914134
3921.886998385191,3.8082072883844376,103.8101237732917,2181.101705595851
3922.1333827693015,3.832790719345212,103.93308955430984,2181.101705595851
3927.369607169181,3.832790719345212,103.93308955430984,2184.0680229738355
3931.2105997297913,3.8369857631623745,103.9463566467166,2184.0680229738355
3937.7196768503636,3.8369857631623745,103.9463566467166,2188.626008832827
3937.97238410078,3.837965792044997,104.15385894104838,2188.626008832827
3944.7227082028985,3.837965792044997,104.15385894104838,2193.8690111283213
3945.236257245764,3.8390200324356556,104.6465379204601,2193.8690111283213
3948.9593998845667,3.8390200324356556,104.6465379204601,2196.555435400456
3949.1301883924752,3.840068120509386,104.70486903935671,2196.555435400456
3955.223591078073,3.840068120509386,104.70486903935671,2201.005999736488
3958.858329994604,3.8445063326507807,105.02448282763362,2201.005999736488
3963.166178960353,3.8445063326507807,105.02448282763362,2202.931906595826
3963.5796483792365,3.8456248212605715,105.28880538418889,2202.931906595826
3966.724305037409,3.8456248212605715,105.28880538418889,2204.1663181912154
3967.2350201793015,3.8466516695916653,105.70925463922322,2204.1663181912154
3969.1638077739626,3.8466516695916653,105.70925463922322,2204.926147488877
3969.332338862121,3.8477643113583326,105.81261881440878,2204.926147488877
3974.5994819495827,3.8477643113583326,105.81261881440878,2209.129308762029
3979.7240727096796,3.8529379703104496,106.02025838010013,2209.129308762029
3982.7223156541586,3.8529379703104496,106.02025838010013,2211.0972648486495
3983.06507794559,3.853998400270939,106.35502031631768,2211.0972648486495
3990.0865202769637,3.853998400270939,106.35502031631768,2216.3638867158443
3990.403061909601,3.855051539838314,106.57117058895528,2216.3638867158443
3996.3065518811345,3.855051539838314,106.57117058895528,2220.936902774498
3996.476171741262,3.856156012043357,106.58956735767424,2220.936902774498
4001.061613380909,3.856156012043357,106.58956735767424,2223.967087969184
4005.0381408203393,3.8776491787284613,106.6029443629086,2223.967087969184
4009.200880376622,3.8776491787284613,106.6029443629086,2226.664748640731
4009.5815876685083,3.8787050787359476,106.95449093915522,2226.664748640731
4013.8805202543736,3.8787050787359476,106.95449093915522,2228.5082517210394
4014.52684202604,3.879814337939024,107.25395228900015,2228.5082517210394
4020.1541849244386,3.879814337939024,107.25395228900015,2232.775394219905
4020.315316990018,3.8808844462037086,107.40283429995179,2232.775394219905
4022.7174426205456,3.8808844462037086,107.40283429995179,2234.0337754562497
4026.9171374738216,3.885128490626812,107.83290588855743,2234.0337754562497
4034.4877292010933,3.885128490626812,107.83290588855743,2237.8807011637837
4034.705122979358,3.8861856907606125,107.98506693914533,2237.8807011637837
4037.138904524967,3.8861856907606125,107.98506693914533,2239.584303567186
4037.699400793761,3.8873409926891327,108.24728556722403,2239.584303567186
4044.550270954147,3.8873409926891327,108.24728556722403,2244.9725322686136
4045.0025234781206,3.8884146325290203,108.54910545237362,2244.9725322686136
4051.882318980992,3.8884146325290203,108.54910545237362,2250.7239255886525
4057.031713914126,3.892908662557602,108.72629560343921,2250.7239255886525
4062.163101369515,3.892908662557602,108.72629560343921,2255.115265648812
4062.297552285716,3.8939220625907183,108.82251285947859,2255.115265648812
4068.817496918142,3.8939220625907183,108.82251285947859,2260.167162910104
4069.226274125278,3.8950508814305067,108.97318916209042,2260.167162910104
4072.655936671421,3.8950508814305067,108.97318916209042,2262.553273903206
4073.1352360453457,3.8961575012654066,109.41112483479083,2262.553273903206
4077.118431026116,3.8961575012654066,109.41112483479083,2265.4544995576143
4082.24797873199,3.9005393236875534,109.51528419740498,2265.4544995576143
4084.753099348396,3.9005393236875534,109.51528419740498,2266.5707066766918
4085.764619536698,3.9017087537795305,109.90415188111365,2266.5707066766918
4091.445573475212,3.9017087537795305,109.90415188111365,2270.4209853075445
4091.781375836581,3.9027891252189875,110.08045831508934,2270.4209853075445
4096.221362039447,3.9027891252189875,110.08045831508934,2272.8167522158474
4096.476219505072,3.9038191232830286,110.252715267241,2272.8167522158474
4101.956591721624,3.9038191232830286,110.252715267241,2276.9211538545787
4107.054341008887,3.9083334747701883,110.2664879206568,2276.9211538545787
4111.377654150128,3.9083334747701883,110.2664879206568,2280.01883947663
4111.555017853156,3.9094049148261547,110.31643452681601,2280.01883947663
4114.303060289472,3.9094049148261547,110.31643452681601,2281.7692711967975
4114.59282887727,3.9104692861437798,110.56492482684553,2281.7692711967975
4121.564148733392,3.9104692861437798,110.56492482684553,2287.01434003748
4121.905234133825,3.9117219783365726,110.72741045616567,2287.01434003748
4125.5529618524015,3.9117219783365726,110.72741045616567,2289.5629429742694
4128.726788165048,3.9159283451735973,110.94102921523154,2289.5629429742694
4135.566383248195,3.9159283451735973,110.94102921523154,2295.1524881757796
4135.860502075404,3.916959762573242,111.22097302414477,2295.1524881757796
4140.271433290094,3.916959762573242,111.22097302414477,2297.840879155323
4140.7909877337515,3.918056692928076,111.62977156974375,2297.840879155323
4145.222081068903,3.918056692928076,111.62977156974375,2300.9304647520185
4145.671188320965,3.919132422655821,111.95903238095343,2300.9304647520185
4148.625402601436,3.919132422655821,111.95903238095343,2301.857904575765
4153.369135180488,3.923505164682865,112.22888518311083,2301.857904575765
4155.555309096351,3.923505164682865,112.22888518311083,2302.5339888762683
4155.647628031671,3.9246190655976534,112.27647317945957,2302.5339888762683
4158.61241434142,3.9246190655976534,112.27647317945957,2304.763606848195
4158.861810127273,3.925609663128853,112.5151939317584,2304.763606848195
4167.453858781606,3.925609663128853,112.5151939317584,2311.0403248202056
4167.6408806126565,3.9268251061439514,112.59853801317513,2311.0403248202056
4174.501754425466,3.9268251061439514,112.59853801317513,2316.386253591627
4179.569680776447,4.025353383272886,113.03334693424404,2316.386253591627
4186.330977909267,4.025353383272886,113.03334693424404,2320.99333736673
4186.62997777015,4.026452835649252,113.2494286019355,2320.99333736673
4190.839198272675,4.026452835649252,113.2494286019355,2323.252881810069
4191.099143145606,4.0275769885629416,113.32570423185825,2323.252881810069
4195.791254047304,4.0275769885629416,113.32570423185825,2326.4175575803965
4196.066342597827,4.02871897816658,113.47499883361161,2326.4175575803965
4200.024136919528,4.02871897816658,113.47499883361161,2328.5390416588634
4205.106894318014,4.056041982024908,113.54099993593991,2328.5390416588634
4210.646807473153,4.056041982024908,113.54099993593991,2330.9432872030884
4211.131521161646,4.057109862565994,114.00533664040267,2330.9432872030884
4217.144736029208,4.057109862565994,114.00533664040267,2334.283866278827
4217.650895534083,4.058149741962552,114.31061096303165,2334.283866278827
4222.006225693971,4.058149741962552,114.31061096303165,2337.0860364995897
4222.032293932512,4.059162409976125,114.32989872805774,2337.0860364995897
4228.567399941385,4.059162409976125,114.32989872805774,2341.7388529144228
4232.21285505034,4.11364134028554,114.78078845888376,2341.7388529144228
4237.12191122584,4.11364134028554,114.78078845888376,2344.4296315144747
4237.585220552981,4.1147240195423365,115.18797398544848,2344.4296315144747
4241.089312002063,4.1147240195423365,115.18797398544848,2346.3177163954824
4241.90713332966,4.115850310772657,115.96759838052094,2346.3177163954824
4246.66627311334,4.115850310772657,115.96759838052094,2348.2643579225987
4246.949974505231,4.1171065624803305,116.11736279167235,2348.2643579225987
4250.307696284726,4.1171065624803305,116.11736279167235,2349.8606802988797
4254.897957075387,4.121334999799728,116.40436755307019,2349.8606802988797
4259.0314823277295,4.121334999799728,116.40436755307019,2351.954147523269
4260.005271811038,4.122386988252401,116.86348262429237,2351.954147523269
4263.526356367394,4.122386988252401,116.86348262429237,2354.296325020492
4263.716126453131,4.123641073703766,117.00197725743055,2354.296325020492
4265.785759663209,4.123641073703766,117.00197725743055,2355.415394263342
4265.866428965703,4.124656831845641,117.05983873084188,2355.415394263342
4270.847704600543,4.124656831845641,117.05983873084188,2357.7680637221783
4276.4913655258715,4.12899493612349,117.10070780292153,2357.7680637221783
4279.907209713012,4.12899493612349,117.10070780292153,2359.445683814585
4280.154365492985,4.130235189571977,117.26483975723386,2359.445683814585
4283.896144898608,4.130235189571977,117.26483975723386,2361.712865907699
4284.018986584619,4.13531581312418,117.32810716889799,2361.712865907699
4288.764070920646,4.13531581312418,117.32810716889799,2364.96386327222
4288.792225379497,4.136362062767148,117.34393041953444,2364.96386327222
4294.505385236815,4.136362062767148,117.34393041953444,2369.462957151234
4298.356220593676,4.155209759250283,117.40220421925187,2369.462957151234
4306.132141590118,4.155209759250283,117.40220421925187,2375.4798980653286
4306.362019341439,4.156315430998802,117.59686669521034,2375.4798980653286
4311.838899249211,4.156315430998802,117.59686669521034,2379.382099624723
4312.377209426835,4.157555626705289,118.00690658576787,2379.382099624723
4316.49862379767,4.157555626705289,118.00690658576787,2381.8784389998764
4317.206492871046,4.158657155930996,118.60227111168206,2381.8784389998764
4326.138417184353,4.158657155930996,118.60227111168206,2388.5560450926423
4331.982707481831,4.1628211215138435,118.61778474785388,2388.5560450926423
4337.58876317367,4.1628211215138435,118.61778474785388,2391.4773348923773
4337.916371352971,4.163849212229252,118.91463283263147,2391.4773348923773
4347.016451461241,4.163849212229252,118.91463283263147,2399.082747232169
4347.643404008821,4.164976080879569,119.33557930774987,2399.082747232169
4351.909236256033,4.164976080879569,119.33557930774987,2401.5702242329717
4352.106126112863,4.1665101163089275,119.41773945651948,2401.5702242329717
4354.545765377581,4.1665101163089275,119.41773945651948,2403.327289925888
4359.03041790612,4.170913537964225,119.87587698549032,2403.327289925888
4362.41066262126,4.170913537964225,119.87587698549032,2405.739688301459
4362.61144541204,4.204114597290754,119.98198768682778,2405.739688301459
4369.961169226095,4.204114597290754,119.98198768682778,2410.807439405471
4370.070737056434,4.205203106626868,120.03683564439416,2410.807439405471
4377.288647646084,4.205203106626868,120.03683564439416,2416.773232365027
4377.606710808352,4.206277076154947,120.21847319044173,2416.773232365027
4386.549337210134,4.206277076154947,120.21847319044173,2424.4469353910536
4390.843209452927,4.228485045954585,120.77301834151149,2424.4469353910536
4392.783582318574,4.228485045954585,120.77301834151149,2425.191951651126
4393.512445760891,4.279016813263297,120.97910662181675,2425.191951651126
4398.940606201068,4.279016813263297,120.97910662181675,2430.1007039882243
4399.141895391047,4.280032591894269,121.13487169519067,2430.1007039882243
4405.29694381915,4.280032591894269,121.13487169519067,2433.829967679456
4406.000778453425,4.281175782904029,121.2540602851659,2433.829967679456
4411.785351436585,4.281175782904029,121.2540602851659,2437.7627647817135
4416.961134385318,4.2855343744158745,121.63068878464401,2437.7627647817135
4423.221772711724,4.2855343744158745,121.63068878464401,2442.5818927865475
4423.627855014056,4.286501193419099,121.84588319994509,2442.5818927865475
4429.568378482014,4.286501193419099,121.84588319994509,2446.571441238746
4429.898118041456,4.287684476003051,121.9473716057837,2446.571441238746
4433.8808584380895,4.287684476003051,121.9473716057837,2449.207368463278
4434.530248520896,4.288647912442684,122.24660842306912,2449.207368463278
4439.372418098152,4.288647912442684,122.24660842306912,2452.1343247778714
4444.96697867848,4.360003624111414,122.53403512388468,2452.1343247778714
4448.269028550014,4.360003624111414,122.53403512388468,2454.7426861077547
4448.622378405184,4.361087592318654,122.76588600687683,2454.7426861077547
4451.780658220872,4.361087592318654,122.76588600687683,2456.4195198863745
4452.327505942434,4.362165424972773,122.90016655437648,2456.4195198863745
4456.949096107855,4.362165424972773,122.90016655437648,2459.4915820769966
4457.575584053993,4.363219255581498,123.4593401197344,2459.4915820769966
4463.434479141608,4.363219255581498,123.4593401197344,2463.390297457576
4469.212146949023,4.388842049986124,124.00938415899873,2463.390297457576
4474.662844477221,4.388842049986124,124.00938415899873,2465.779483374208
4475.378497861326,4.390015821903944,124.44673563726246,2465.779483374208
4481.621918184683,4.390015821903944,124.44673563726246,2471.0633733477443
4481.775049962103,4.391119182109833,124.46934046037495,2471.0633733477443
4486.636736096814,4.391119182109833,124.46934046037495,2474.971716169268
4486.736273556948,4.392316153272986,124.50009138509631,2474.971716169268
4490.144963795319,4.392316153272986,124.50009138509631,2477.375715278089
4499.5643523763865,4.406803717836738,124.52017631568015,2477.375715278089
4504.76302052103,4.406803717836738,124.52017631568015,2479.9711889270693
4505.579784916714,4.407937619835138,125.30425206944346,2479.9711889270693
4511.317628065124,4.407937619835138,125.30425206944346,2484.144214030355
4512.091016054153,4.4387583658099174,125.90500507317483,2484.144214030355
4516.899620341137,4.4387583658099174,125.90500507317483,2487.0484811104834
4517.136729400605,4.439899608492851,125.98723830468953,2487.0484811104834
4522.1773562170565,4.439899608492851,125.98723830468953,2490.3918116856366
4527.209414165467,4.444307105615735,126.12243886105716,2490.3918116856366
4533.870105110109,4.444307105615735,126.12243886105716,2495.1426739189774
4534.160665621981,4.445414554327726,126.34060155414045,2495.1426739189774
4540.222071556374,4.445414554327726,126.34060155414045,2499.7855966892093
4540.583392770961,4.446554724127054,126.61058413796127,2499.7855966892093
4543.410772182047,4.446554724127054,126.61058413796127,2501.289080834016
4544.012678056955,4.44765455275774,127.09469529055059,2501.289080834016
4548.478299789131,4.44765455275774,127.09469529055059,2504.769814558327
4554.176449900493,4.452671576291323,127.58172183297575,2504.769814558327
4559.202279318124,4.452671576291323,127.58172183297575,2508.8303328137845
4559.258129673079,4.453795807436109,127.60339188948274,2508.8303328137845
4564.805307753384,4.453795807436109,127.60339188948274,2512.600764816627
4565.234967382625,4.454949086531997,127.92408490553498,2512.600764816627
4568.5557066984475,4.454949086531997,127.92408490553498,2514.7511829342693
4568.759847532958,4.456097608432174,128.0670832041651,2514.7511829342693
4571.435404457152,4.456097608432174,128.0670832041651,2516.3228660095483
4577.486196922138,4.46050500869751,128.12762116082013,2516.3228660095483
4581.10219598189,4.46050500869751,128.12762116082013,2518.7146782428026
4581.4106913767755,4.461622007191181,128.40357440710068,2518.7146782428026
4586.820891909301,4.461622007191181,128.40357440710068,2522.8894896488637
4587.532299745828,4.476921251043677,128.93270647153258,2522.8894896488637
4592.795574657619,4.476921251043677,128.93270647153258,2526.3213321696967
4593.3372878097,4.478167992085218,129.33241042494774,2526.3213321696967
4601.983333421871,4.478167992085218,129.33241042494774,2532.619789296761
4606.895074721426,4.485651085153222,129.3552357815206,2532.619789296761
4612.2204995621,4.485651085153222,129.3552357815206,2536.6092789974064
4612.581289816648,4.486807474866509,129.3996926434338,2536.6092789974064
4618.588186671957,4.486807474866509,129.3996926434338,2540.7988846339285
4619.261262789369,4.487967375665903,130.00957859493792,2540.7988846339285
4626.483555683866,4.487967375665903,130.00957859493792,2547.0779475625604
4626.942372452468,4.48904662579298,130.42028908990324,2547.0779475625604
4635.312349408865,4.48904662579298,130.42028908990324,2553.9580880515277
4639.914809545502,4.56823287717998,130.58552626892924,2553.9580880515277
4648.826295405626,4.56823287717998,130.58552626892924,2560.266497261822
4649.568125069141,4.569363558664918,131.24271628260612,2560.266497261822
4659.410837663338,4.569363558664918,131.24271628260612,2567.4726937152445
4659.710826540366,4.57050265930593,131.5119300018996,2567.4726937152445
4669.080345854163,4.57050265930593,131.5119300018996,2574.074340643361
4669.62713698484,4.571644039824605,131.97027969360352,2574.074340643361
4679.11863621138,4.571644039824605,131.97027969360352,2581.4769072588533
4683.610102733597,4.698574101552367,131.98809814453125,2581.4769072588533
4688.7892078813165,4.698574101552367,131.98809814453125,2585.219840180129
4689.148274084553,4.7003179136663675,132.07525434158742,2585.219840180129
4691.366230616346,4.7003179136663675,132.07525434158742,2586.278773956001
4691.717997411266,4.701487842947245,132.3809846751392,2586.278773956001
4698.624256929383,4.701487842947245,132.3809846751392,2591.174648134038
4698.924787228927,4.702673245221376,132.56893546693027,2591.174648134038
4701.919067637995,4.702673245221376,132.56893546693027,2592.9304403420538
4707.64843313396,4.707078194245696,132.62149765715003,2592.9304403420538
4709.423600560054,4.707078194245696,132.62149765715003,2594.0434813108295
4709.5315971933305,4.708223555237055,132.65135483071208,2594.0434813108295
4713.137611472979,4.708223555237055,132.65135483071208,2596.777545282617
4713.415133966133,4.7093633357435465,132.84843691810966,2596.777545282617
4716.893714144826,4.7093633357435465,132.84843691810966,2598.790882434696
4717.219844784588,4.71048322878778,133.1025539431721,2598.790882434696
4722.820044280961,4.71048322878778,133.1025539431721,2603.2377371042967
4727.693991085514,4.715140920132399,133.71057797037065,2603.2377371042967
4733.846207415685,4.715140920132399,133.71057797037065,2608.0368139073253
4734.006406838074,4.7162565011531115,133.7920927144587,2608.0368139073253
4741.385436618701,4.7162565011531115,133.7920927144587,2612.828623926267
4741.511764565483,4.717504134401679,133.84171134606004,2612.828623926267
4746.723395301029,4.717504134401679,133.84171134606004,2616.7068560738117
4747.191036449745,4.718508282676339,134.2939384970814,2616.7068560738117
4752.021373117343,4.718508282676339,134.2939384970814,2620.00521527417
4758.910021360964,4.72284153662622,134.3433156926185,2620.00521527417
4763.782775204629,4.72284153662622,134.3433156926185,2623.4225918930024
4764.802963476628,4.724030846729875,135.10833668522537,2623.4225918930024
4769.235905144364,4.724030846729875,135.10833668522537,2625.5454006940126
4769.563668789342,4.7252256590873,135.25970759429038,2625.5454006940126
4773.849641544744,4.7252256590873,135.25970759429038,2628.3252164218575
4774.32982400991,4.726517174392939,135.47709521837533,2628.3252164218575
4778.498303357512,4.726517174392939,135.47709521837533,2630.4699715822935
4784.280936328694,4.730987135320902,136.00388289242983,2630.4699715822935
4788.806030925363,4.730987135320902,136.00388289242983,2633.2230607215315
4788.951676385477,4.732069643214345,136.0220038369298,2633.2230607215315
4795.507488137111,4.732069643214345,136.0220038369298,2638.4169434532523
4796.051021097228,4.7475410010665655,136.50418112240732,2638.4169434532523
4799.70811165683,4.7475410010665655,136.50418112240732,2641.2901875451207
4799.964943936095,4.748764043673873,136.6310576237738,2641.2901875451207
4804.578380353749,4.748764043673873,136.6310576237738,2643.87049222365
4808.878791052848,4.753116773441434,137.33558895252645,2643.87049222365
4814.253489943221,4.753116773441434,137.33558895252645,2647.9577334355563
4814.860309729353,4.754386067390442,137.84936833567917,2647.9577334355563
4819.48385251686,4.754386067390442,137.84936833567917,2650.6850822381675
4819.724339352921,4.755602790042758,138.00827637314796,2650.6850822381675
4823.165186492726,4.755602790042758,138.00827637314796,2652.845596862957
4823.6224307511,4.756765071302652,138.28788500279188,2652.845596862957
4827.9896981827915,4.756765071302652,138.28788500279188,2655.7860826291144
4834.031919537112,4.76298439130187,138.62140494771302,2655.7860826291144
4839.214170312509,4.76298439130187,138.62140494771302,2659.4426358956844
4839.462171819061,4.764107950031757,138.85811884887516,2659.4426358956844
4844.8164769914,4.764107950031757,138.85811884887516,2662.9575307779014
4844.980709519237,4.765410354360938,138.89240708574653,2662.9575307779014
4849.121623424813,4.765410354360938,138.89240708574653,2665.5059310011566
4849.347572624683,4.786398753523827,139.0643448922783,2665.5059310011566
4853.9261684101075,4.786398753523827,139.0643448922783,2668.444524783641
4859.548239756376,4.790903711691499,139.29504848830402,2668.444524783641
4866.360121015459,4.790903711691499,139.29504848830402,2673.0711679998785
4867.028267396614,4.7922070156782866,139.84179284237325,2673.0711679998785
4870.2583176437765,4.7922070156782866,139.84179284237325,2674.3085117619485
4870.812265329063,4.793444328010082,140.2705064304173,2674.3085117619485
4875.993909874931,4.793444328010082,140.2705064304173,2677.3589237891138
4876.20826070942,4.794703541323543,140.43550311401486,2677.3589237891138
4879.747399786487,4.794703541323543,140.43550311401486,2680.1637954972684
4885.6898552924395,4.799243342131376,140.84833579696715,2680.1637954972684
4889.4148950036615,4.799243342131376,140.84833579696715,2682.0764467399567
4889.658569557592,4.800443923100829,140.99285536259413,2682.0764467399567
4895.667873864993,4.800443923100829,140.99285536259413,2686.656143128872
4895.748275553808,4.801486022770405,141.06246073171496,2686.656143128872
4898.700367040932,4.801486022770405,141.06246073171496,2688.4509683288634
4898.874954821542,4.802655583247542,141.18534084782004,2688.4509683288634
4902.708334477618,4.802655583247542,141.18534084782004,2691.3624293673784
4908.437958851457,4.807155711576343,141.4335185457021,2691.3624293673784
4915.1668899431825,4.807155711576343,141.4335185457021,2696.5030025485903
4915.721193049103,4.808313153684139,141.73054600693285,2696.5030025485903
4918.019922815263,4.808313153684139,141.73054600693285,2697.9798420891166
4918.65674803406,4.809480665251613,141.92395209893584,2697.9798420891166
4920.952662114054,4.809480665251613,141.92395209893584,2699.318077299744
4921.017617246136,4.817564120516181,141.9440112207085,2699.318077299744
4924.016655761749,4.817564120516181,141.9440112207085,2700.863234385848
4928.897815264761,4.82186178676784,141.989784007892,2700.863234385848
4932.329942077398,4.82186178676784,141.989784007892,2703.2548891771585
4932.497934890911,4.822941854596138,142.13456637226045,2703.2548891771585
4937.202933603898,4.822941854596138,142.13456637226045,2706.0269151441753
4937.851686131209,4.824282366782427,142.63665222935379,2706.0269151441753
4941.671615317464,4.824282366782427,142.63665222935379,2708.0677527915686
4942.294512970373,4.825613271445036,142.8625712003559,2708.0677527915686
4948.048762705177,4.825613271445036,142.8625712003559,2711.4700882602483
4953.195014961064,4.8392334301024675,142.968449793756,2711.4700882602483
4955.955640822649,4.8392334301024675,142.968449793756,2713.5176030974835
4956.7868458256125,4.8403367809951305,143.17080879211426,2713.5176030974835
4960.938825553283,4.8403367809951305,143.17080879211426,2716.6361294947565
4961.064444663003,4.841661185026169,143.24114862270653,2716.6361294947565
4966.237637169659,4.841661185026169,143.24114862270653,2719.1035378165543
4966.747884925455,4.842974439263344,143.4948905017227,2719.1035378165543
4970.396995328367,4.842974439263344,143.4948905017227,2721.3392593190074
4977.614867016673,4.858792934566736,143.51275283657014,2721.3392593190074
4982.178775979206,4.858792934566736,143.51275283657014,2724.1996032483876
4983.028675561771,4.8598679937422276,144.30691943131387,2724.1996032483876
4989.722896700725,4.8598679937422276,144.30691943131387,2730.118898920715
4990.238200992346,4.861066045239568,144.5823933854699,2730.118898920715
4996.783048972487,4.861066045239568,144.5823933854699,2734.1526581589133
4996.983282696456,4.862307507544756,144.60088102146983,2734.1526581589133
5000.138389248401,4.862307507544756,144.60088102146983,2736.33625363186
5006.805263929069,4.866748217493296,144.79063930548728,2736.33625363186
5011.681647529826,4.866748217493296,144.79063930548728,2739.6564610973
5012.372256921604,4.868110781535506,145.3067329581827,2739.6564610973
5019.424231002107,4.868110781535506,145.3067329581827,2745.6229799780995
5019.930365955457,4.869496675208211,145.60255189426243,2745.6229799780995
5024.382410623133,4.869496675208211,145.60255189426243,2749.1019920781255
5024.7483240086585,4.870846938341856,145.86696155183017,2749.1019920781255
5031.095176421106,4.870846938341856,145.86696155183017,2754.2303859051317
5037.751330392435,4.898877754807472,146.1797848083079,2754.2303859051317
5042.948341151699,4.898877754807472,146.1797848083079,2757.973702421412
5043.515473484993,4.899966474622488,146.31782166101038,2757.973702421412
5046.087735904381,4.899966474622488,146.31782166101038,2758.9664687775075
5046.778864605352,4.90122545696795,146.8705582730472,2758.9664687775075
5052.546424323693,4.90122545696795,146.8705582730472,2761.852282622829
5052.952501401305,4.902401015162468,147.23113972507417,2761.852282622829
5058.142416965216,4.902401015162468,147.23113972507417,2764.2075748704374
5065.341396395117,4.906785862520337,147.95489345304668,2764.2075748704374
5070.055091684684,4.906785862520337,147.95489345304668,2767.780056944117
5070.594014853239,4.9080132730305195,148.41445148177445,2767.780056944117
5073.629105642438,4.9080132730305195,148.41445148177445,2769.196640873328
5073.988272825256,4.909107221290469,148.686076534912,2769.196640873328
5078.791498735547,4.909107221290469,148.686076534912,2772.9079095050693
5078.896879635751,4.910182628780603,148.70997740887105,2772.9079095050693
5086.674880547449,4.910182628780603,148.70997740887105,2778.1987909562886
5093.0800764951855,4.927756387740374,148.7490802295506,2778.1987909562886
5095.485789386556,4.927756387740374,148.7490802295506,2779.1329520773143
5095.602926520631,4.9289372600615025,148.76768959872425,2779.1329520773143
5101.224209142849,4.9289372600615025,148.76768959872425,2781.0854805894196
5101.2794416528195,4.930020140483975,148.79424199834466,2781.0854805894196
5107.0131580699235,4.930020140483975,148.79424199834466,2785.1357543934137
5107.887621752918,4.931224090978503,149.46078566089272,2785.1357543934137
5112.659450957552,4.931224090978503,149.46078566089272,2788.45854549855
5116.611729141325,4.9628238175064325,149.79444187507033,2788.45854549855
5121.04307288304,4.9628238175064325,149.79444187507033,2791.437465723604
5121.726084657013,4.9639114905148745,150.29035362415016,2791.437465723604
5125.97557788901,4.9639114905148745,150.29035362415016,2794.627700941637
5127.075245277956,4.965141352266073,151.14428798109293,2794.627700941637
5133.665846381336,4.965141352266073,151.14428798109293,2799.5570585615933
5133.8934067916125,4.966216161847115,151.32027240470052,2799.5570585615933
5142.11309648864,4.966216161847115,151.32027240470052,2805.397194908932
5147.081870961934,4.970734857022762,151.98962789028883,2805.397194908932
5157.553401028737,4.970734857022762,151.98962789028883,2814.1330844592303
5157.806680619717,4.971896206960082,152.0173970144242,2814.1330844592303
5163.4712137859315,4.971896206960082,152.0173970144242,2818.183617023751
5163.727169485763,4.973128378391266,152.04047534242272,2818.183617023751
5167.232405781746,4.973128378391266,152.04047534242272,2821.484698453918
5167.6928506251425,4.9742312505841255,152.41332128457725,2821.484698453918
5170.566918941215,4.9742312505841255,152.41332128457725,2823.4617433752865
5177.216109663248,4.980830982327461,152.64824565313756,2823.4617433752865
5179.327622584999,4.980830982327461,152.64824565313756,2824.705755168572
5179.374714329839,4.981926660984755,152.6844037603587,2824.705755168572
5184.286442032084,4.981926660984755,152.6844037603587,2827.4724971354008
5184.951805820689,4.983040630817413,153.12754926458,2827.4724971354008
5188.940481577069,4.983040630817413,153.12754926458,2829.3335741925985
5189.2411429286,4.984310565516353,153.2213683910668,2829.3335741925985
5195.592644702643,4.984310565516353,153.2213683910668,2834.25086745061
5201.990137293935,4.988662885501981,154.12377976439893,2834.25086745061
5209.063052376732,4.988662885501981,154.12377976439893,2839.6556820813566
5209.8960592690855,4.989849369972944,154.78970909118652,2839.6556820813566
5221.337715357542,4.989849369972944,154.78970909118652,2847.556419780478
5221.986814908683,4.990947609767318,155.3873969167471,2847.556419780478
5228.799757659435,4.990947609767318,155.3873969167471,2852.8963796850294
5228.987002145499,4.9921206925064325,155.54193240776658,2852.8963796850294
5233.517600491643,4.9921206925064325,155.54193240776658,2856.189358605072
5240.371583851054,4.996457580476999,156.28471214696765,2856.189358605072
5243.372485741973,4.996457580476999,156.28471214696765,2857.773212172091
5243.633617350832,4.997705642133951,156.47170716524124,2857.773212172091
5248.360143981874,4.997705642133951,156.47170716524124,2860.9652875307947
5249.349695023149,4.998907251283526,157.21474931389093,2860.9652875307947
5253.010258890688,4.998907251283526,157.21474931389093,2863.4857430793345
5253.95705380477,4.999984251335263,158.0253817923367,2863.4857430793345
5261.519135288894,4.999984251335263,158.0253817923367,2869.6466430425644
5266.77354204841,5.004464834928513,158.42657802253962,2869.6466430425644
5274.916444413364,5.004464834928513,158.42657802253962,2876.6211785934865
5275.224246174097,5.005610175430775,158.71607301011682,2876.6211785934865
5282.912979861721,5.005610175430775,158.71607301011682,2882.4050503913313
5283.475959217176,5.006921969354153,159.11769625917077,2882.4050503913313
5291.956190478057,5.006921969354153,159.11769625917077,2888.7978609763086
5292.15102148056,5.008257566019893,159.15141271054745,2888.7978609763086
5301.1251319125295,5.008257566019893,159.15141271054745,2894.970451546833
5306.6935695093125,5.01283461228013,159.90562584251165,2894.970451546833
5314.348507326096,5.01283461228013,159.90562584251165,2900.741141002625
5314.661785397679,5.013936059549451,160.08052157610655,2900.741141002625
5323.7328510172665,5.013936059549451,160.08052157610655,2907.439815690741
5324.351966641843,5.015137832611799,160.46818441525102,2907.439815690741
5332.01707071811,5.015137832611799,160.46818441525102,2912.298200847581
5332.773020874709,5.044275624677539,161.11151009239256,2912.298200847581
5342.18702339381,5.044275624677539,161.11151009239256,2919.4110065121204
5348.215027850121,5.048994984477758,161.75993498414755,2919.4110065121204
5355.428125945851,5.048994984477758,161.75993498414755,2924.6108130086213
5355.84915705584,5.050397239625454,162.05293651111424,2924.6108130086213
5362.922449607402,5.050397239625454,162.05293651111424,2930.3053187206388
5363.5277931168675,5.0515869706869125,162.44697817973793,2930.3053187206388
5372.4276081528515,5.0515869706869125,162.44697817973793,2937.537172416225
5372.996869057417,5.052807303145528,162.99567927978933,2937.537172416225
5382.402562724426,5.052807303145528,162.99567927978933,2943.9707524683326
5386.90571164526,5.066374443471432,163.61000159569085,2943.9707524683326
5394.523786846548,5.066374443471432,163.61000159569085,2948.8919488918036
5395.637125641108,5.1447475124150515,164.55123704485595,2948.8919488918036
5402.83022540994,5.1447475124150515,164.55123704485595,2955.137258403003
5403.422895252705,5.145884344354272,165.1020111143589,2955.137258403003
5408.397800747305,5.145884344354272,165.1020111143589,2957.5692500285804
5409.254001585767,5.14708854816854,165.59285212308168,2957.5692500285804
5413.07197018154,5.14708854816854,165.59285212308168,2960.612018611282
5418.092114679515,5.151324504986405,165.98173740506172,2960.612018611282
5424.122112236917,5.151324504986405,165.98173740506172,2965.191687023267
5424.72744137235,5.152638748288155,166.47113983891904,2965.191687023267
5428.772280009463,5.152638748288155,166.47113983891904,2967.7484725750983
5428.823026224971,5.166662123054266,166.4903563093394,2967.7484725750983
5434.286136886105,5.166662123054266,166.4903563093394,2971.7463228274137
5434.702389188111,5.168596928939223,166.70420802943408,2971.7463228274137
5437.5314108766615,5.168596928939223,166.70420802943408,2973.866220695898
5443.844769626856,5.173003189265728,166.7590785305947,2973.866220695898
5447.984210046008,5.173003189265728,166.7590785305947,2975.5312627330422
5448.432661063969,5.174063777551055,167.11643039807677,2975.5312627330422
5453.377418821678,5.174063777551055,167.11643039807677,2979.6185032930225
5453.873180674389,5.175123354420066,167.42695448175073,2979.6185032930225
5459.997955465689,5.175123354420066,167.42695448175073,2982.8353971503675
5460.592860857025,5.1762422155588865,167.85670216940343,2982.8353971503675
5466.437514612451,5.1762422155588865,167.85670216940343,2987.243934918195
5472.047405924648,5.21631583571434,168.07719842344522,2987.243934918195
5475.019263613969,5.21631583571434,168.07719842344522,2989.007830709219
5475.774905476719,5.217409156262875,168.28510354831815,2989.007830709219
5478.570662455633,5.217409156262875,168.28510354831815,2991.10277717188
5479.00003396906,5.218474356457591,168.65808937326074,2991.10277717188
5486.189032185823,5.218474356457591,168.65808937326074,2996.155319334939
5486.649162871763,5.244614941999316,168.8904201425612,2996.155319334939
5491.591572383419,5.244614941999316,168.8904201425612,2999.566653450951
5497.107973935083,5.270960565656424,169.1977233402431,2999.566653450951
5500.421303417534,5.270960565656424,169.1977233402431,3001.534595252946
5501.417959418148,5.272160325199366,169.7832811884582,3001.534595252946
5508.491016605869,5.272160325199366,169.7832811884582,3006.8392682690173
5509.112726861611,5.273282915353775,170.28771030530334,3006.8392682690173
5518.547453425825,5.273282915353775,170.28771030530334,3014.614455834031
5518.726850740612,5.274462116882205,170.3061999734491,3014.614455834031
5527.456064673141,5.274462116882205,170.3061999734491,3021.454923119396
5533.526413021609,5.279187122359872,171.0574568491429,3021.454923119396
5542.301135016605,5.279187122359872,171.0574568491429,3027.6972221396863
5542.578220812604,5.2802934013307095,171.2474175374955,3027.6972221396863
5547.896942464635,5.2802934013307095,171.2474175374955,3029.909542258829
5548.748002624139,5.281508423388004,171.83675000816584,3029.909542258829
5553.657695971429,5.281508423388004,171.83675000816584,3033.2227024398744
5554.069524971768,5.282677983865142,172.17488243058324,3033.2227024398744
5562.818830093369,5.282677983865142,172.17488243058324,3040.086101204157
5567.623996762559,5.293270654976368,172.4968738090247,3040.086101204157
5574.623725263402,5.293270654976368,172.4968738090247,3044.903033424169
5575.2574564144015,5.2944336868822575,173.07504089735448,3044.903033424169
5579.105710100383,5.2944336868822575,173.07504089735448,3047.4942307230085
5579.379384828731,5.295598948374391,173.19030684232712,3047.4942307230085
5583.021647872403,5.295598948374391,173.19030684232712,3049.014924334362
5583.331811368465,5.296729758381844,173.4488528650254,3049.014924334362
5589.9442847035825,5.296729758381844,173.4488528650254,3054.6671042423695
5595.945487588644,5.336758999153972,174.36890023574233,3054.6671042423695
5601.083478612825,5.336758999153972,174.36890023574233,3057.8498907461762
5601.447288978845,5.338479250669479,174.56684495136142,3057.8498907461762
5607.176123240963,5.338479250669479,174.56684495136142,3061.8860600478947
5607.421990090981,5.345950808376074,174.72924509830773,3061.8860600478947
5611.158700309694,5.345950808376074,174.72924509830773,3065.0732397865504
5611.314474442974,5.388540538027883,174.75855624489486,3065.0732397865504
5618.267680998892,5.388540538027883,174.75855624489486,3070.77760668844
5623.516601826996,5.455335820093751,175.4573132507503,3070.77760668844
5627.044469466433,5.455335820093751,175.4573132507503,3072.228328431025
5627.737227043137,5.456532642245293,175.77432611212134,3072.228328431025
5630.052558641881,5.456532642245293,175.77432611212134,3073.488671787083
5630.734632233158,5.457620054483414,176.40045047178864,3073.488671787083
5636.859377013519,5.457620054483414,176.40045047178864,3078.628823665902
5637.077001409605,5.459013508632779,176.60403552278876,3078.628823665902
5642.095023741946,5.459013508632779,176.60403552278876,3081.32159409672
5648.702822737396,5.463296126574278,177.21700126305223,3081.32159409672
5654.280243309215,5.463296126574278,177.21700126305223,3085.9006171673536
5654.516584357247,5.464571289718151,177.29255095496774,3085.9006171673536
5657.713072488084,5.464571289718151,177.29255095496774,3087.687846934423
5658.3622379601,5.530722929164767,177.8129712752998,3087.687846934423
5664.631638493389,5.530722929164767,177.8129712752998,3091.4947972204536
5665.108355244622,5.541876593604684,178.14175789244473,3091.4947972204536
5672.433304825798,5.541876593604684,178.14175789244473,3096.018407003954
5676.327001204714,5.5656089298427105,178.21168025024235,3096.018407003954
5683.885000845417,5.5656089298427105,178.21168025024235,3100.434895720333
5684.645938374102,5.5668786726891994,178.70092806220055,3100.434895720333
5691.911947665736,5.5668786726891994,178.70092806220055,3105.4722562972456
5691.939452886581,5.567991632968187,178.71978103742003,3105.4722562972456
5701.3048295695335,5.567991632968187,178.71978103742003,3111.963450772688
5701.826303310692,5.569178394973278,179.14042464457452,3111.963450772688
5707.8940550126135,5.569178394973278,179.14042464457452,3116.423802142963
5712.704074781388,5.641343684867024,179.79190419614315,3116.423802142963
5718.799657192081,5.641343684867024,179.79190419614315,3119.7373146750033
5719.6127353049815,5.642585726454854,180.390605552122,3119.7373146750033
5723.752429801971,5.642585726454854,180.390605552122,3122.8815467823297
5724.714865224436,5.643715787678957,181.04817806370556,3122.8815467823297
5735.171993045136,5.643715787678957,181.04817806370556,3130.700181592256
5735.938814893365,5.644871149212122,181.70525455661118,3130.700181592256
5743.06673084572,5.644871149212122,181.70525455661118,3135.2849074974656
5751.494044501334,5.657066874206066,181.79592972435057,3135.2849074974656
5756.626871524379,5.657066874206066,181.79592972435057,3139.02384679392
5756.740026174113,5.658357057720423,181.87045212835073,3139.02384679392
5758.9912322778255,5.658357057720423,181.87045212835073,3140.4433082472533
5759.24190114066,5.663288228213787,182.0395166091621,3140.4433082472533
5762.354694161564,5.663288228213787,182.0395166091621,3142.8481854125857
5763.092717586085,5.664367355406284,182.5777099020779,3142.8481854125857
5767.109284773469,5.664367355406284,182.5777099020779,3144.7125009931624
5772.320062441751,5.723396275192499,182.73097600601614,3144.7125009931624
5778.289245089516,5.723396275192499,182.73097600601614,3148.3946634978056
5778.96676934883,5.724754078313708,183.3268169630319,3148.3946634978056
5785.800767077133,5.724754078313708,183.3268169630319,3154.0116766914725
5786.418009685352,5.734194817021489,183.80832827836275,3154.0116766914725
5790.5198422931135,5.734194817021489,183.80832827836275,3156.4505325537175
5790.949404548854,5.735256865620613,184.1192666143179,3156.4505325537175
5797.724259875715,5.735256865620613,184.1192666143179,3161.5731709506363
5805.691286848858,5.8549575842916965,184.32927868515253,3161.5731709506363
5808.478501660749,5.8549575842916965,184.32927868515253,3163.6155149359256
5809.170642549172,5.885984722524881,184.82473047822714,3163.6155149359256
5814.878116985783,5.885984722524881,184.82473047822714,3168.6127029191703
5815.07698504068,5.887158062309027,184.95015479065478,3168.6127029191703
5818.350186944008,5.887158062309027,184.95015479065478,3170.12326564081
5819.001717181876,5.888251293450594,185.2461634669453,3170.12326564081
5825.700863489881,5.888251293450594,185.2461634669453,3175.5778318978846
5834.983878580853,5.892515752464533,185.3158966526389,3175.5778318978846
5835.993761604652,5.892515752464533,185.3158966526389,3175.9985461439937
5836.323073828593,5.893693825230002,185.58244256861508,3175.9985461439937
5838.19882594049,5.893693825230002,185.58244256861508,3177.1770508605987
5838.407644141465,5.894803944975138,185.7211183141917,3177.1770508605987
5844.697920424864,5.894803944975138,185.7211183141917,3181.6508012115955
5845.253094188869,5.919878194108605,186.21827545762062,3181.6508012115955
5857.241156198084,5.919878194108605,186.21827545762062,3185.654691260308
5862.6011799015105,6.000561483204365,186.5294338800013,3185.654691260308
5868.26173742488,6.000561483204365,186.5294338800013,3190.4778926074505
5868.771276069805,6.001776695251465,186.95506079867482,3190.4778926074505
5872.940555321053,6.001776695251465,186.95506079867482,3193.6692464668304
5873.102950913832,6.002907415851951,187.10052136704326,3193.6692464668304
5877.5433720666915,6.002907415851951,187.10052136704326,3196.047982437536
5878.508924692869,6.004132537171245,187.69368169270456,3196.047982437536
5885.335430821404,6.004132537171245,187.69368169270456,3199.722632341087
5891.2412615045905,6.008467288687825,187.79200520180166,3199.722632341087
5895.224829036742,6.008467288687825,187.79200520180166,3202.4331080969423
5896.122021345422,6.009815702214837,188.37415290623903,3202.4331080969423
5900.028221473098,6.009815702214837,188.37415290623903,3205.1444945503026
5900.881987884641,6.010913573205471,189.08924072235823,3205.1444945503026
5906.449999112636,6.010913573205471,189.08924072235823,3208.1553021539003
5906.640052400529,6.012026526033878,189.13746068440378,3208.1553021539003
5914.6239578053355,6.012026526033878,189.13746068440378,3212.2602955643088
5919.679694905877,6.016378374770284,189.46446917764843,3212.2602955643088
5925.690069280565,6.016378374770284,189.46446917764843,3217.4943129401654
5926.341918388382,6.0176691599190235,190.02689762040973,3217.4943129401654
5928.958421772346,6.0176691599190235,190.02689762040973,3219.413382122293
5929.69724522531,6.018942914903164,190.68407687731087,3219.413382122293
5939.467019356787,6.018942914903164,190.68407687731087,3226.49513681978
5939.939764559269,6.052749702706933,191.05491253361106,3226.49513681978
5943.7876943945885,6.052749702706933,191.05491253361106,3229.5509891584516
5952.152741476893,6.057213336229324,191.64783959649503,3229.5509891584516
5959.137359557673,6.057213336229324,191.64783959649503,3233.899333626032
5959.968963729218,6.058332096785307,192.4005714431405,3233.899333626032
5964.051425673068,6.058332096785307,192.4005714431405,3236.775989120826
5964.443091040477,6.059457316994667,192.70166292227805,3236.775989120826
5971.546747747809,6.059457316994667,192.70166292227805,3242.450097212568
5972.9360916968435,6.0736804362386465,193.47002030536532,3242.450097212568
5976.5904032588005,6.0736804362386465,193.47002030536532,3244.443735504523
5982.497678061947,6.078154988586903,194.06120473705232,3244.443735504523
5984.523426182568,6.078154988586903,194.06120473705232,3245.1225557290018
5985.1577089726925,6.079455053433776,194.57030855864286,3245.1225557290018
5996.621592937037,6.079455053433776,194.57030855864286,3253.0779162459075
5996.828952660784,6.080669337883592,194.62563956156373,3253.0779162459075
6007.407263323665,6.080669337883592,194.62563956156373,3260.818728873506
6008.468601703644,6.081870581954718,195.4196762200445,3260.818728873506
6015.067161165178,6.081870581954718,195.4196762200445,3265.646210581064
6021.6440366096795,6.20154563523829,195.86459183692932,3265.646210581064
6027.125007797033,6.20154563523829,195.86459183692932,3269.8618609998375
6027.90615888685,6.2027625273913145,196.49232135154307,3269.8618609998375
6034.035527197644,6.2027625273913145,196.49232135154307,3274.056232511997
6034.218835752457,6.204063592478633,196.56422603689134,3274.056232511997
6040.197348091751,6.204063592478633,196.56422603689134,3277.556208960712
6041.205529909581,6.2053901962935925,197.4125454183668,3277.556208960712
6048.312286280096,6.2053901962935925,197.4125454183668,3282.662079354748
6054.448593162,6.311131862923503,198.55730625987053,3282.662079354748
6064.0744754541665,6.311131862923503,198.55730625987053,3290.497319828719
6064.7438170891255,6.312205063179135,199.19251823052764,3290.497319828719
6072.443009996787,6.312205063179135,199.19251823052764,3296.136120060459
6073.453864946961,6.3134252447634935,199.86599431186914,3296.136120060459
6079.93664412573,6.3134252447634935,199.86599431186914,3301.377467257902
6080.195381293073,6.314545825123787,200.00281187705696,3301.377467257902
6082.143736260012,6.314545825123787,200.00281187705696,3302.0574894584715
6088.409832300618,6.4284520000219345,200.28056069463491,3302.0574894584715
6092.590006258339,6.4284520000219345,200.28056069463491,3304.1045600343496
6093.374788029119,6.429603898897767,200.99649950489402,3304.1045600343496
6098.951026434079,6.429603898897767,200.99649950489402,3308.6272700056434
6099.409355496988,6.430727709084749,201.3951665442437,3308.6272700056434
6105.658013137057,6.430727709084749,201.3951665442437,3312.664164941758
6105.728505697101,6.431897800415754,201.42868966795504,3312.664164941758
6108.148184057325,6.431897800415754,201.42868966795504,3313.6076467372477
6111.40550994128,6.439995991066098,201.88739895820618,3313.6076467372477
6118.3934292737395,6.439995991066098,201.88739895820618,3318.8942435029894
6118.570144537836,6.441065810620785,202.02544688619673,3318.8942435029894
6121.774286309257,6.441065810620785,202.02544688619673,3320.930523702875
6122.511154573411,6.442194761708379,202.6870435550809,3320.930523702875
6124.948343707249,6.442194761708379,202.6870435550809,3322.3167954199016
6125.034035185352,6.4433564729988575,202.7065613642335,3322.3167954199016
6127.976380702108,6.4433564729988575,202.7065613642335,3324.0851650144905
6135.0797615759075,6.4477575439959764,203.14486545324326,3324.0851650144905
6139.674921844155,6.4477575439959764,203.14486545324326,3327.667539343238
6139.8700536079705,6.448782274499536,203.31916221417487,3327.667539343238
6142.460951009765,6.448782274499536,203.31916221417487,3329.239218648523
6143.616080105305,6.450017126277089,204.23581664450467,3329.239218648523
6148.561097761616,6.450017126277089,204.23581664450467,3333.2567205969244
6148.807368023321,6.451188746839762,204.39280777983367,3333.2567205969244
6152.83718302846,6.451188746839762,204.39280777983367,3335.3160824738443
6158.899352181703,6.519831584766507,204.53965156897902,3335.3160824738443
6160.340236561373,6.519831584766507,204.53965156897902,3336.000426178798
6160.614929674193,6.520938403904438,204.769064148888,3336.000426178798
6163.125087330118,6.520938403904438,204.769064148888,3337.211837116629
6163.759548230097,6.522209517657757,204.97620171308517,3337.211837116629
6169.754197917879,6.522209517657757,204.97620171308517,3341.956453418359
6170.387167071924,6.523520890623331,205.43898601830006,3341.956453418359
6175.976003367454,6.523520890623331,205.43898601830006,3346.2899028025568
6181.6607415005565,6.5498933512717485,205.63282332010567,3346.2899028025568
6188.816105285659,6.5498933512717485,205.63282332010567,3350.824829051271
6189.39213360846,6.551115553826094,206.0874504558742,3350.824829051271
6194.965416895226,6.551115553826094,206.0874504558742,3354.7269581202418
6195.864142317325,6.552303494885564,206.6803628448397,3354.7269581202418
6200.03030725196,6.552303494885564,206.6803628448397,3357.2413322459906
6200.477362660691,6.553481876850128,206.89844129048288,3357.2413322459906
6204.991175293922,6.553481876850128,206.89844129048288,3359.186236081645
6210.526033949107,6.557927530258894,206.9180562198162,3359.186236081645
6218.251617670059,6.557927530258894,206.9180562198162,3364.448559038341
6218.300035595894,6.559070931747556,206.94778756424785,3364.448559038341
6223.4706486631185,6.559070931747556,206.94778756424785,3367.5474242530763
6224.473094886169,6.560345923528075,207.727871093899,3367.5474242530763
6228.391412455589,6.560345923528075,207.727871093899,3370.5017440244555
6228.510739231482,6.561442594975233,207.79020927287638,3370.5017440244555
6230.8930622935295,6.561442594975233,207.79020927287638,3371.5908169653267
6237.238857401535,6.659029234200716,208.08327609300613,3371.5908169653267
6240.165702741593,6.659029234200716,208.08327609300613,3373.155298754573
6240.713842691854,6.660164134576917,208.3646553773433,3373.155298754573
6246.457116495818,6.660164134576917,208.3646553773433,3377.6607225816697
6246.842004425824,6.661351907998323,208.6866122148931,3377.6607225816697
6252.006141092628,6.661351907998323,208.6866122148931,3380.4096132591367
6252.603746930137,6.662761392071843,209.10736406221986,3380.4096132591367
6258.206740427762,6.662761392071843,209.10736406221986,3384.354072311893
6264.357274426147,6.772888602688909,209.40398301370442,3384.354072311893
6271.875051436946,6.772888602688909,209.40398301370442,3390.159074191004
6272.610048111528,6.774064434692264,209.87444927357137,3390.159074191004
6278.382279092446,6.774064434692264,209.87444927357137,3394.3093040660024
6279.168092500418,6.77539760991931,210.19966744072735,3394.3093040660024
6284.167270269245,6.77539760991931,210.19966744072735,3397.611904453486
6284.5619468111545,6.776645923033357,210.5343010313809,3397.611904453486
6291.25786924921,6.776645923033357,210.5343010313809,3401.677974976599
6298.374205613509,6.7943917196244,210.92851096391678,3401.677974976599
6306.049741733819,6.7943917196244,210.92851096391678,3406.983260817826
6306.272298859432,6.799250919371843,211.1269636489451,3406.983260817826
6314.532753000036,6.799250919371843,211.1269636489451,3412.9172479622066
6315.23286273703,6.800358610227704,211.81806121952832,3412.9172479622066
6322.920441033319,6.800358610227704,211.81806121952832,3419.08338255994
6323.094121605158,6.801578963175416,211.8815624937415,3419.08338255994
6330.655000029132,6.801578963175416,211.8815624937415,3424.7481179442257
6337.58117957972,6.809583343565464,211.94809491187334,3424.7481179442257
6343.269583389163,6.809583343565464,211.94809491187334,3428.3609714247286
6343.717443846166,6.810710094869137,212.2548966705799,3428.3609714247286
6350.281394649297,6.810710094869137,212.2548966705799,3431.9315533917397
6351.300961950794,6.81187229603529,213.09186692535877,3431.9315533917397
6354.434198886156,6.81187229603529,213.09186692535877,3434.187144253403
6354.688853040338,6.813144633546472,213.226446069777,3434.187144253403
6359.896206628531,6.813144633546472,213.226446069777,3436.039920201525
6366.338232241571,6.817697698250413,213.52137406356633,3436.039920201525
6374.248087145388,6.817697698250413,213.52137406356633,3441.5632503721863
6374.481596883386,6.827765932306647,213.57164026610553,3441.5632503721863
6380.219251252711,6.827765932306647,213.57164026610553,3444.972108475864
6380.411522464827,6.866565303876996,213.59095896035433,3444.972108475864
6385.0167016536,6.866565303876996,213.59095896035433,3447.8380576651543
6385.248241757974,6.867707993835211,213.74305242858827,3447.8380576651543
6392.341623643413,6.867707993835211,213.74305242858827,3452.5206511933357
6397.574701318517,6.87192552164197,213.77606923505664,3452.5206511933357
6403.95765966922,6.87192552164197,213.77606923505664,3456.8417677860707
6404.171199120581,6.873248405754566,213.9583001229912,3456.8417677860707
6409.778284993023,6.873248405754566,213.9583001229912,3460.1396654527634
6409.946903433651,6.874473268166184,214.06277102790773,3460.1396654527634
6414.1071891430765,6.874473268166184,214.06277102790773,3462.2034126110375
6414.62422692962,6.8757792711257935,214.3383100144565,3462.2034126110375
6422.760567843914,6.8757792711257935,214.3383100144565,3468.994286907837
6429.240083556622,6.880224851891398,215.2711326777935,3468.994286907837
6433.081933893263,6.880224851891398,215.2711326777935,3470.7750210445374
6433.982611037791,6.881557077169418,215.9304423891008,3470.7750210445374
6441.129423532635,6.881557077169418,215.9304423891008,3475.1905501242727
6441.48338974081,6.882665075361729,216.22392762638628,3475.1905501242727
6445.310149611905,6.882665075361729,216.22392762638628,3478.0061612371355
6445.501714680344,6.883873658254743,216.29318188503385,3478.0061612371355
6452.5503635611385,6.883873658254743,216.29318188503385,3483.550262503326
6459.885597832501,6.888345379382372,216.60361230187118,3483.550262503326
6466.342382056639,6.888345379382372,216.60361230187118,3486.9040616173297
6466.897049350664,6.88955276273191,216.84962373040617,3486.9040616173297
6468.86652571708,6.88955276273191,216.84962373040617,3487.888385888189
6469.193102141842,6.890759343281388,216.97219721786678,3487.888385888189
6476.570198044181,6.890759343281388,216.97219721786678,3492.2367900218815
6476.887172983959,6.892105158418417,217.25577918440104,3492.2367900218815
6480.403313945979,6.892105158418417,217.25577918440104,3494.9364028479904
6486.760085908696,7.017377993091941,217.6017360650003,3494.9364028479904
6491.1917260009795,7.017377993091941,217.6017360650003,3498.732539044693
6491.904963603243,7.018546177074313,218.08583623729646,3498.732539044693
6495.955267127603,7.018546177074313,218.08583623729646,3501.5542572494596
6497.059844881296,7.019735958427191,218.90350627340376,3501.5542572494596
6500.866556970403,7.019735958427191,218.90350627340376,3504.840246554464
6501.123194875196,7.020860930904746,219.09192363731563,3504.840246554464
6504.231242269278,7.020860930904746,219.09192363731563,3506.68584488146
6510.435529043898,7.025171661749482,219.26285534910858,3506.68584488146
6512.749213138595,7.025171661749482,219.26285534910858,3508.0538763850927
6513.0758811775595,7.026462705805898,219.36053509823978,3508.0538763850927
6521.385648630559,7.026462705805898,219.36053509823978,3513.0024628136307
6521.814233604819,7.02759743668139,219.72954939492047,3513.0024628136307
6527.451473688707,7.02759743668139,219.72954939492047,3516.896891761571
6528.043622083962,7.028786418959498,220.0983234848827,3516.896891761571
6535.161800708622,7.028786418959498,220.0983234848827,3521.74828832224
6542.0756852552295,7.128302812576294,220.31147213093936,3521.74828832224
6549.5911075770855,7.128302812576294,220.31147213093936,3527.027159290388
6550.673187289387,7.129509914666414,221.04467000998557,3527.027159290388
6559.683000013232,7.129509914666414,221.04467000998557,3534.1642741784453
6560.355277745053,7.130639782175422,221.26230225898325,3534.1642741784453
6565.000255586579,7.130639782175422,221.26230225898325,3537.67953553237
6565.306608553976,7.131779454648495,221.33557670004666,3537.67953553237
6566.849560504779,7.131779454648495,221.33557670004666,3538.5429215170443
6574.6570760738105,7.136289048939943,222.2895687762648,3538.5429215170443
6581.979347769171,7.136289048939943,222.2895687762648,3542.559774244204
6582.421692209318,7.1375115141272545,222.57448479905725,3542.559774244204
6585.916211953387,7.1375115141272545,222.57448479905725,3545.22302929312
6586.334977896884,7.138709958642721,222.97315730527043,3545.22302929312
6589.886182893068,7.138709958642721,222.97315730527043,3546.9014611765742
6591.123531334102,7.172650661319494,223.9258368164301,3546.9014611765742
6597.178658666089,7.172650661319494,223.9258368164301,3551.7084894403815
6608.724617967382,7.177059039473534,224.0851446967572,3551.7084894403815
6611.008567392826,7.177059039473534,224.0851446967572,3552.6181133650243
6612.511411480606,7.178435534238815,225.39204715564847,3552.6181133650243
6619.4462858419865,7.178435534238815,225.39204715564847,3557.863943653181
6620.6742243710905,7.179693546146154,226.4419125802815,3557.863943653181
6631.34226786159,7.179693546146154,226.4419125802815,3566.0583043657243
6632.240254506469,7.207441793754697,227.1741859279573,3566.0583043657243
6640.302399536595,7.207441793754697,227.1741859279573,3573.5490042511374
6646.967175157741,7.324972853064537,227.31896717846394,3573.5490042511374
6656.416361732408,7.324972853064537,227.31896717846394,3579.21838716045
6657.565998708829,7.346599644050002,228.3960263747722,3579.21838716045
6669.24960478209,7.346599644050002,228.3960263747722,3587.9295497927815
6670.469869906083,7.348016237840056,229.50454713962972,3587.9295497927815
6678.8514118324965,7.348016237840056,229.50454713962972,3593.409934511408
6679.639708828181,7.349483482539654,229.99244733527303,3593.409934511408
6688.028253057972,7.349483482539654,229.99244733527303,3598.769354172051
6693.483848420903,7.358994551002979,230.1142148002982,3598.769354172051
6700.6983695700765,7.358994551002979,230.1142148002982,3603.2281154319644
6700.740718992427,7.360154502093792,230.14450060389936,3603.2281154319644
6706.102864809334,7.360154502093792,230.14450060389936,3606.436590716243
6706.903088176623,7.361364081501961,230.79962958022952,3606.436590716243
6711.153741983697,7.361364081501961,230.79962958022952,3609.0375126395375
6711.44661860913,7.362783025950193,230.90445785596967,3609.0375126395375
6714.167957268655,7.362783025950193,230.90445785596967,3610.3163191080093
6721.266361311078,7.38733852468431,232.06809936836362,3610.3163191080093
6727.550099881366,7.38733852468431,232.06809936836362,3614.844242459163
6728.070435553789,7.413034239783883,232.53007523715496,3614.844242459163
6735.356604753062,7.413034239783883,232.53007523715496,3620.2722011506557
6735.91769653745,7.414439292624593,232.9461350236088,3620.2722011506557
6740.606358110905,7.414439292624593,232.9461350236088,3623.8080417048186
6741.226043058559,7.41563481464982,233.5234499555081,3623.8080417048186
6745.753724705428,7.41563481464982,233.5234499555081,3627.089518725872
6752.697083251551,7.434241568669677,233.98449554294348,3627.089518725872
6760.480242613703,7.434241568669677,233.98449554294348,3631.1725710593164
6761.713104177266,7.435502799227834,235.02904149703681,3631.1725710593164
6773.324939234182,7.435502799227834,235.02904149703681,3639.4103181175888
6774.870227377862,7.436864003539085,236.08230773545802,3639.4103181175888
6778.825383828953,7.436864003539085,236.08230773545802,3641.6064428910613
6779.05724934116,7.438017323613167,236.14238697104156,3641.6064428910613
6790.662777313963,7.438017323613167,236.14238697104156,3650.113994790241
6797.784493813291,7.442504784092307,236.49503915943205,3650.113994790241
6804.669136784971,7.442504784092307,236.49503915943205,3653.8384422454983
6805.051101868972,7.443867528811097,236.76293430104852,3653.8384422454983
6809.448238644749,7.443867528811097,236.76293430104852,3657.344807367772
6809.794177040458,7.445222644135356,236.88128839060664,3657.344807367772
6811.125061549246,7.445222644135356,236.88128839060664,3658.350732104853
6811.256646409631,7.446655388921499,236.95878241583705,3658.350732104853
6813.45998059772,7.446655388921499,236.95878241583705,3659.2975311093032
6822.692402243614,7.592386668547988,237.89277716353536,3659.2975311093032
6827.7005005814135,7.592386668547988,237.89277716353536,3661.7917589936405
6827.934990987182,7.593529719859362,238.04966471903026,3661.7917589936405
6832.0432530436665,7.593529719859362,238.04966471903026,3663.7063069157302
6832.955794395879,7.594942096620798,238.75284703448415,3663.7063069157302
6839.227126248181,7.594942096620798,238.75284703448415,3668.9602328948677
6839.346056170762,7.596350010484457,238.85032295249403,3668.9602328948677
6843.993419568986,7.596350010484457,238.85032295249403,3670.948421847075
6851.625524930656,7.602886665612459,239.79440737888217,3670.948421847075
6859.407835133374,7.602886665612459,239.79440737888217,3677.2620821464807
6860.145009132102,7.604080306366086,240.4250293262303,3677.2620821464807
6863.0957554820925,7.604080306366086,240.4250293262303,3678.5815681628883
6864.321814354509,7.605360317975283,241.24559092149138,3678.5815681628883
6867.787273108959,7.605360317975283,241.24559092149138,3681.0029822271317
6868.16053028591,7.606743562966585,241.4479211345315,3681.0029822271317
6874.24863893725,7.606743562966585,241.4479211345315,3685.1207292880863
6880.22027188912,7.611502708867192,241.80904803052545,3685.1207292880863
6885.866347840056,7.611502708867192,241.80904803052545,3688.8133526239544
6886.823638351634,7.612707918509841,242.68153925426304,3688.8133526239544
6891.494289821014,7.612707918509841,242.68153925426304,3691.7787157930434
6892.2474874816835,7.614663721993566,243.2671529352665,3691.7787157930434
6897.904696829617,7.614663721993566,243.2671529352665,3695.09765782021
6898.642780609429,7.616001736372709,243.8121684268117,3695.09765782021
6904.748868225142,7.616001736372709,243.8121684268117,3699.271469509229
6910.204629240558,7.623112265020609,243.86225776933134,3699.271469509229
6913.079947495833,7.623112265020609,243.86225776933134,3700.7131372131407
6913.436472797766,7.663720119744539,244.15664893388748,3700.7131372131407
6919.723417155445,7.663720119744539,244.15664893388748,3705.027496814728
6920.00849711895,7.665169315412641,244.30161015689373,3705.027496814728
6927.385389721021,7.665169315412641,244.30161015689373,3710.2878139428794
6927.664237037301,7.666521830484271,244.46427131444216,3710.2878139428794
6935.186734152958,7.666521830484271,244.46427131444216,3716.6548007167876
6943.256265698001,7.706281570717692,245.43876672163606,3716.6548007167876
6948.284521024674,7.706281570717692,245.43876672163606,3719.650080507621
6948.62666067481,7.707458881661296,245.71401630155742,3719.650080507621
6952.432195469737,7.707458881661296,245.71401630155742,3723.0632862448692
6952.795938201249,7.708775892853737,245.76407811790705,3723.0632862448692
6955.851416354999,7.708775892853737,245.76407811790705,3724.6365585494787
6956.037824576721,7.710423519834876,245.89645767584443,3724.6365585494787
6958.304773081094,7.710423519834876,245.89645767584443,3725.8562801722437
6965.917343949899,7.714836340397596,246.47470424510539,3725.8562801722437
6971.77984601818,7.714836340397596,246.47470424510539,3729.7754659559578
6972.399033324793,7.716277653351426,246.49818681180477,3729.7754659559578
6985.872682953253,7.716277653351426,246.49818681180477,3738.6400191728026
6987.632901597768,7.7176628690212965,247.79064948298037,3738.6400191728026
6994.1236473899335,7.7176628690212965,247.79064948298037,3744.15104759112
6995.215307723731,7.719063714146614,248.48114590719342,3744.15104759112
6999.44426468946,7.719063714146614,248.48114590719342,3747.1545517370105
7006.891710249707,7.751545136794448,249.54000852629542,3747.1545517370105
7012.673998905346,7.751545136794448,249.54000852629542,3751.7761979326606
7012.991182018071,7.752669496461749,249.74963086284697,3751.7761979326606
7017.647920778021,7.752669496461749,249.74963086284697,3755.0101838056
7018.510189369321,7.753916960209608,250.3354769665748,3755.0101838056
7024.177411200479,7.753916960209608,250.3354769665748,3758.645815236494
7024.358078895137,7.7613854221999645,250.45898027531803,3758.645815236494
7029.174830753356,7.7613854221999645,250.45898027531803,3760.7688723430037
7036.908814297989,7.765795500949025,250.99499936588109,3760.7688723430037
7043.496705524623,7.765795500949025,250.99499936588109,3764.803258633241
7043.710707593709,7.766984980553389,251.0370949320495,3764.803258633241
7048.9593939855695,7.766984980553389,251.0370949320495,3768.0091899205
7049.520938144997,7.768188253045082,251.38856348022819,3768.0091899205
7055.743840483949,7.768188253045082,251.38856348022819,3772.150438785553
7056.1682873517275,7.7694361843168736,251.79504401795566,3772.150438785553
7064.219709252939,7.7694361843168736,251.79504401795566,3778.100452903658
7071.511765835807,7.86780952103436,252.15168596617877,3778.100452903658
7075.710503557697,7.86780952103436,252.15168596617877,3781.7200554944575
7075.925770495087,7.869007240980864,252.22207650914788,3781.7200554944575
7079.333933217451,7.869007240980864,252.22207650914788,3783.2009403705597
7079.434620207176,7.8702227007597685,252.3005955144763,3783.2009403705597
7088.227852292359,7.8702227007597685,252.3005955144763,3790.004108738154
7088.741310596466,7.871382042765617,252.79626054130495,3790.004108738154
7094.257799765095,7.871382042765617,252.79626054130495,3792.9511400535703
7100.9064211491495,7.875882411375642,253.21767813153565,3792.9511400535703
7104.767162244767,7.875882411375642,253.21767813153565,3796.270692370832
7105.51053644903,7.8771058935672045,253.76523277908564,3796.270692370832
7110.924445824698,7.8771058935672045,253.76523277908564,3799.9459468182176
7111.2137370649725,7.878346472978592,253.85961358249187,3799.9459468182176
7115.871309285983,7.878346472978592,253.85961358249187,3803.745785564184
7116.156746622175,7.87960047274828,253.98136728070676,3803.745785564184
7120.873309528455,7.87960047274828,253.98136728070676,3807.7977724466473
7127.72765820846,7.884046841412783,254.01061322167516,3807.7977724466473
7130.570148129016,7.884046841412783,254.01061322167516,3809.399670092389
7131.41905181855,7.885260665789247,254.79879320785403,3809.399670092389
7138.8058700449765,7.885260665789247,254.79879320785403,3815.3868378978223
7138.88064477779,7.886455526575446,254.85211710818112,3815.3868378978223
7146.8579748645425,7.886455526575446,254.85211710818112,3820.9259641990066
7147.089744357392,7.887925924733281,254.95974787510931,3820.9259641990066
7149.9757070578635,7.887925924733281,254.95974787510931,3822.2882578540593
7156.998973269016,7.978320376947522,255.1987965684384,3822.2882578540593
7158.733374321833,7.978320376947522,255.1987965684384,3823.476346850395
7158.955581586808,7.9795360174030066,255.33789483085275,3823.476346850395
7160.944894181564,7.9795360174030066,255.33789483085275,3824.460675742477
7161.433379156515,7.980731127783656,255.8126314803958,3824.460675742477
7167.530785361305,7.980731127783656,255.8126314803958,3828.77423925139
7168.461212886497,7.9820349514484406,256.3626752458513,3828.77423925139
7175.297806410119,7.9820349514484406,256.3626752458513,3834.4658858701587
7182.6009315140545,7.986507300287485,257.0526008363813,3834.4658858701587
7185.618449864909,7.986507300287485,257.0526008363813,3836.6391584053636
7186.213640496135,7.987848034128547,257.53033213689923,3836.6391584053636
7194.414363691583,7.987848034128547,257.53033213689923,3842.874371457845
7195.6491382829845,7.989040665328503,258.57683923467994,3842.874371457845
7205.68470608443,7.989040665328503,258.57683923467994,3849.937407562509
7206.434691900387,7.990446340292692,259.072400232777,3849.937407562509
7216.999322077259,7.990446340292692,259.072400232777,3855.8946218099445
7223.811718836427,7.994985701516271,259.7770036868751,3855.8946218099445
7229.123216364533,7.994985701516271,259.7770036868751,3859.978816125542
7229.268608897924,7.996436506509781,259.8122198358178,3859.978816125542
7235.933412216604,7.996436506509781,259.8122198358178,3865.960166366771
7237.052133584395,7.997658358886838,260.79898287169635,3865.960166366771
7239.464645868167,7.997658358886838,260.79898287169635,3866.7674168609083
7240.24192985706,7.998901171609759,261.5282981544733,3866.7674168609083
7243.863435633481,7.998901171609759,261.5282981544733,3867.383789911866
7252.007027797401,8.06356805935502,262.50219730101526,3867.383789911866
7255.639876220375,8.06356805935502,262.50219730101526,3868.933230340481
7255.682264709845,8.064762311056256,262.5344217773527,3868.933230340481
7263.403506308794,8.064762311056256,262.5344217773527,3875.7611871305853
7263.794523861259,8.066191786900163,262.72481948696077,3875.7611871305853
7272.903604440391,8.066191786900163,262.72481948696077,3881.6389225330204
7273.423647318035,8.067441610619426,263.06156214885414,3881.6389225330204
7279.896787241101,8.067441610619426,263.06156214885414,3886.806224057451
7286.141378620639,8.242855753749609,263.5063124895096,3886.806224057451
7290.175617450848,8.242855753749609,263.5063124895096,3889.5277622584254
7291.046087773517,8.244145235046744,263.943610496819,3889.5277622584254
7297.021191433072,8.244145235046744,263.943610496819,3894.074722163379
7297.954847121611,8.2453573346138,264.5297098848969,3894.074722163379
7300.608046445996,8.2453573346138,264.5297098848969,3895.8328240439296
7301.474170735106,8.246755167841911,265.28835017979145,3895.8328240439296
7308.993320658803,8.246755167841911,265.28835017979145,3901.133669793606
7317.916997062042,8.251226779073477,266.4340644646436,3901.133669793606
7320.590077109635,8.251226779073477,266.4340644646436,3902.6416199486703
7321.219366816804,8.252383328974247,267.0315879974514,3902.6416199486703
7324.595902252942,8.252383328974247,267.0315879974514,3903.6786065343767
7325.279891245067,8.253693671897054,267.6124968212098,3903.6786065343767
7328.976960241795,8.253693671897054,267.6124968212098,3904.1789516154677
7329.092744929716,8.2549053337425,267.63725144416094,3904.1789516154677
7332.155362162739,8.2549053337425,267.63725144416094,3906.213684754446
7339.99299264513,8.259542185813189,267.9524059314281,3906.213684754446
7348.410868437961,8.259542185813189,267.9524059314281,3911.8082697950304
7349.534263379872,8.265940131619573,268.8773568812758,3911.8082697950304
7359.933415858075,8.265940131619573,268.8773568812758,3919.208077661693
7361.372805241495,8.267194842919707,270.2673199772835,3919.208077661693
7371.164449714124,8.267194842919707,270.2673199772835,3926.403772313148
7372.1045291330665,8.268396694213152,271.09068951942027,3926.403772313148
7383.39535073936,8.268396694213152,271.09068951942027,3934.3702092859894
7389.3351847101,8.281304385513067,271.3749179467559,3934.3702092859894
7394.22749106586,8.281304385513067,271.3749179467559,3935.9892629217356
7395.536936907098,8.282704271376133,272.54892868362367,3935.9892629217356
7399.404139297083,8.282704271376133,272.54892868362367,3938.532580509782
7400.617448933423,8.283999355509877,273.5238901823759,3938.532580509782
7404.964833833277,8.283999355509877,273.5238901823759,3941.5315472856164
7405.5198772046715,8.285176746547222,274.0051685664803,3941.5315472856164
7410.472830846906,8.285176746547222,274.0051685664803,3944.4423620905727
7419.370765000582,8.323414022102952,275.0825114157051,3944.4423620905727
7423.035136913881,8.323414022102952,275.0825114157051,3946.707891225815
7424.046338574961,8.324626421555877,275.7765197902918,3946.707891225815
7431.004342885688,8.324626421555877,275.7765197902918,3951.719261040911
7432.313424630091,8.325901243835688,276.9535979498178,3951.719261040911
7439.468648346141,8.325901243835688,276.9535979498178,3956.733507635072
7440.490202769637,8.327143916860223,277.9392586220056,3956.733507635072
7446.885454589501,8.327143916860223,277.9392586220056,3960.6545830108225
7454.554613208398,8.331627361476421,279.0723148304969,3960.6545830108225
7459.51901666075,8.331627361476421,279.0723148304969,3964.0804560109973
7461.222104165703,8.33281984180212,280.22151799313724,3964.0804560109973
7471.232587466016,8.33281984180212,280.22151799313724,3972.1095270477235
7471.9766616579145,8.334227748215199,280.84024959616363,3972.1095270477235
7477.756645720452,8.334227748215199,280.84024959616363,3976.281016891822
7478.054551448673,8.335496103391051,281.0284848064184,3976.281016891822
7488.557377483696,8.335496103391051,281.0284848064184,3983.8594836108387
7495.782724838704,8.339987482875586,281.9306136034429,3983.8594836108387
7505.031656764448,8.339987482875586,281.9306136034429,3990.009613038972
7506.616384997964,8.341244684532285,283.0467643197626,3990.009613038972
7510.219886276871,8.341244684532285,283.0467643197626,3992.524584358558
7510.948046531528,8.342537360265851,283.6310855522752,3992.524584358558
7520.452602557838,8.342537360265851,283.6310855522752,3999.0724474508315
7521.229654824361,8.343868993222713,284.02020699717104,3999.0724474508315
7527.968536356464,8.343868993222713,284.02020699717104,4004.0121597610414
7535.810584127903,8.34860840626061,285.2137403897941,4004.0121597610414
7543.941311156377,8.34860840626061,285.2137403897941,4010.9698062930256
7545.234732665122,8.349756866693497,286.4891455452889,4010.9698062930256
7551.637335116044,8.349756866693497,286.4891455452889,4015.0175986364484
7552.990132289007,8.351090090349317,287.7678923346102,4015.0175986364484
7559.982880553231,8.351090090349317,287.7678923346102,4019.8273215088993
7560.472682299092,8.352355832234025,288.14250300452113,4019.8273215088993
7566.517496645451,8.352355832234025,288.14250300452113,4023.3210943341255
7574.15619061701,8.356958705931902,288.48378346301615,4023.3210943341255
7582.918613769114,8.356958705931902,288.48378346301615,4028.4399927966297
7583.9253796339035,8.358327759429812,289.3224643692374,4028.4399927966297
7592.525349237025,8.358327759429812,289.3224643692374,4033.45534536615
7593.751456120983,8.359638484194875,290.47829190455377,4033.45534536615
7599.898239092901,8.359638484194875,290.47829190455377,4037.4763044770807
7600.15986613743,8.3608174957335,290.628690501675,4037.4763044770807
7605.40302728489,8.3608174957335,290.628690501675,4040.8891135249287
7613.730071097612,8.365177866071463,291.094806548208,4040.8891135249287
7617.223105989397,8.365177866071463,291.094806548208,4043.128567976877
7617.541767463088,8.366652894765139,291.17648226208985,4043.128567976877
7625.747638808563,8.366652894765139,291.17648226208985,4049.9622144866735
7626.597268525511,8.3679756578058,291.8640585485846,4049.9622144866735
7635.475530600175,8.3679756578058,291.8640585485846,4057.2520967368037
7635.551858996972,8.369275610893965,291.9317371305078,4057.2520967368037
7637.535758107901,8.369275610893965,291.9317371305078,4058.19491359964
7645.5916215498,8.47714328020811,291.95747274532914,4058.19491359964
7648.753413116559,8.47714328020811,291.95747274532914,4059.481931231916
7649.968646505848,8.478464853018522,293.1160385105759,4059.481931231916
7656.030509080738,8.478464853018522,293.1160385105759,4064.5582417007536
7657.182155612856,8.479794029146433,294.0363821424544,4064.5582417007536
7670.641877485439,8.479794029146433,294.0363821424544,4074.3945855759084
7670.78637133725,8.481063783168793,294.06502325832844,4074.3945855759084
7683.023282254115,8.481063783168793,294.06502325832844,4082.7783841285855
7691.09950357303,8.485536895692348,295.2747208792716,4082.7783841285855
7700.537387119606,8.485536895692348,295.2747208792716,4089.4971612878144
7701.200453097001,8.486807508394122,295.8628355823457,4089.4971612878144
7710.910121772438,8.486807508394122,295.8628355823457,4096.358537916094
7711.346976844594,8.488031968474388,295.99592166021466,4096.358537916094
7720.102883743122,8.488031968474388,295.99592166021466,4102.048280168325
7720.492856806144,8.50135195069015,296.18159716948867,4102.048280168325
7726.9537983089685,8.50135195069015,296.18159716948867,4106.857004206628
7733.357531649992,8.534180734306574,296.31172605231404,4106.857004206628
7736.590125380084,8.534180734306574,296.31172605231404,4107.723420780152
7737.8458034060895,8.53559317998588,297.3370818924159,4107.723420780152
7743.597077766433,8.53559317998588,297.3370818924159,4112.487226685509
7744.200603805482,8.536829942837358,297.81876632757485,4112.487226685509
7748.288353325799,8.536829942837358,297.81876632757485,4113.547858655453
7749.663525376469,8.53822055645287,299.0011169202626,4113.547858655453
7755.129922261462,8.53822055645287,299.0011169202626,4117.082252947614
7762.70398664847,8.542535051703453,299.2735802512616,4117.082252947614
7765.049041248858,8.542535051703453,299.2735802512616,4118.059364620596
7765.7069553453475,8.543774856254458,299.7761443257332,4118.059364620596
7772.955821616575,8.543774856254458,299.7761443257332,4120.90753999725
7774.083377566189,8.545070121064782,300.7175916135311,4120.90753999725
7780.672556236386,8.545070121064782,300.7175916135311,4124.17283481732
7781.330241722986,8.54643838480115,301.20258522219956,4124.17283481732
7785.665733741596,8.54643838480115,301.20258522219956,4127.473312608898
7793.967743908986,8.550880793482065,302.66230315715075,4127.473312608898
7800.779430650175,8.550880793482065,302.66230315715075,4131.449385469779
7801.974222920835,8.552060343325138,303.7695165928453,4131.449385469779
7805.548513265327,8.552060343325138,303.7695165928453,4133.839780449867
7806.364090221003,8.553920447826385,304.52185617387295,4133.839780449867
7814.337431915104,8.553920447826385,304.52185617387295,4138.300345692784
7814.893674697727,8.555263860151172,304.949181528762,4138.300345692784
7819.610219215974,8.555263860151172,304.949181528762,4141.183661937714
7828.479662116617,8.559563202783465,306.1766960322857,4141.183661937714
7838.2603089772165,8.559563202783465,306.1766960322857,4147.969028769061
7838.6797364559025,8.560899928212166,306.45995278283954,4147.969028769061
7847.9163653906435,8.560899928212166,306.45995278283954,4154.900988647714
7849.0792903173715,8.562098233029246,307.34767001494765,4154.900988647714
7860.37880044058,8.562098233029246,307.34767001494765,4162.893750278279
7861.53817820549,8.563343696296215,308.42881819047034,4162.893750278279
7868.540697332472,8.563343696296215,308.42881819047034,4169.078232234344
7874.303602056578,8.567986410111189,308.79499270766973,4169.078232234344
7878.08422815986,8.567986410111189,308.79499270766973,4171.643753359094
7878.474383600056,8.56922336295247,309.1159330960363,4171.643753359094
7881.6835974901915,8.56922336295247,309.1159330960363,4173.7679758779705
7882.200726000592,8.570638172328472,309.3799854516983,4173.7679758779705
7883.79936988838,8.570638172328472,309.3799854516983,4174.967323090881
7883.94439942576,8.57184311375022,309.4928692802787,4174.967323090881
7887.26234402135,8.57184311375022,309.4928692802787,4176.831458751112
7896.605712750927,8.577009424567223,310.60097432136536,4176.831458751112
7907.4691309873015,8.577009424567223,310.60097432136536,4185.621088271961
7909.379407951608,8.578306417912245,312.2135031167418,4185.621088271961
7912.986575812101,8.578306417912245,312.2135031167418,4188.194481989369
7914.456458505243,8.57963004335761,313.6004267949611,4188.194481989369
7927.651188222691,8.57963004335761,313.6004267949611,4197.639568885788
7928.502536697313,8.581512978300452,314.2961812876165,4197.639568885788
7935.891406727955,8.581512978300452,314.2961812876165,4201.909260127693
7941.207845604047,8.60336778499186,314.5544566716999,4201.909260127693
7955.415984712541,8.60336778499186,314.5544566716999,4212.224512251094
7955.602322882041,8.604605427011847,314.71861295960844,4212.224512251094
7968.24491703324,8.604605427011847,314.71861295960844,4222.216121101752
7969.551042729989,8.606037132441998,315.8114754166454,4222.216121101752
7979.202799554914,8.606037132441998,315.8114754166454,4229.922911303118
7980.495994908735,8.607422299683094,316.607576046139,4229.922911303118
7984.898839518428,8.607422299683094,316.607576046139,4233.772043094039
7991.989079296589,8.611879771575332,317.325131541118,4233.772043094039
7996.546818302944,8.611879771575332,317.325131541118,4237.197147477418
7997.023027330637,8.61316360346973,317.36931161023676,4237.197147477418
8002.471110980958,8.61316360346973,317.36931161023676,4239.791633827612
8002.84448456578,8.614775462076068,317.5565045867115,4239.791633827612
8009.108124256134,8.614775462076068,317.5565045867115,4244.861093986779
8009.8030008897185,8.616017205640674,318.21289640292525,4244.861093986779
8013.04963285476,8.616017205640674,318.21289640292525,4247.230677163228
8019.065185932443,8.674924144521356,318.4991637971252,4247.230677163228
8029.007530396804,8.674924144521356,318.4991637971252,4253.608889164403
8030.195537729189,8.676116544753313,319.6277787834406,4253.608889164403
8037.754389854148,8.676116544753313,319.6277787834406,4259.995052538812
8038.323289426044,8.677348963916302,320.1888967566192,4259.995052538812
8044.484227141365,8.677348963916302,320.1888967566192,4264.578194545582
8044.926599510014,8.710514256730676,320.43083169683814,4264.578194545582
8052.752047372982,8.710514256730676,320.43083169683814,4269.648631229997
8058.684939621016,8.714967668056488,321.34322692267597,4269.648631229997
8067.415104717016,8.714967668056488,321.34322692267597,4276.220129024237
8068.275384981185,8.741985956206918,322.0833297148347,4276.220129024237
8075.240865929052,8.741985956206918,322.0833297148347,4280.934067523107
8076.321680724621,8.743211468681693,323.02216966450214,4280.934067523107
8087.979558026418,8.743211468681693,323.02216966450214,4289.556754726917
8088.93578970246,8.744602853432298,323.6778471842408,4289.556754726917
8098.452871654183,8.744602853432298,323.6778471842408,4297.10608061403
8103.550838489085,8.74900415353477,323.93231937661767,4297.10608061403
8111.255617909133,8.74900415353477,323.93231937661767,4303.39152982831
8112.099300403148,8.75029756501317,324.6049992889166,4303.39152982831
8119.455389488488,8.75029756501317,324.6049992889166,4306.943851483986
8120.263701003045,8.751512303948402,325.39031148701906,4306.943851483986
8125.960273437202,8.751512303948402,325.39031148701906,4310.54956847243
8127.423755267635,8.75270926579833,326.65356535091996,4310.54956847243
8135.743734706193,8.75270926579833,326.65356535091996,4316.647930616513
8141.970764281228,8.787813402712345,327.2344331666827,4316.647930616513
8152.327628605068,8.787813402712345,327.2344331666827,4324.312021298334
8153.628209341317,8.789082527160645,328.2330098375678,4324.312021298334
8163.292309029028,8.789082527160645,328.2330098375678,4332.26307679154
8164.554044028744,8.790306949988008,329.3292436338961,4332.26307679154
8174.486309364438,8.790306949988008,329.3292436338961,4340.309303538874
8174.927949117497,8.79154359176755,329.7348688971251,4340.309303538874
8181.54370274581,8.79154359176755,329.7348688971251,4344.744096221402
8186.708988258615,8.795907944440842,329.8813550900668,4344.744096221402
8196.262901417911,8.795907944440842,329.8813550900668,4351.686095653102
8197.380800198764,8.797026494517922,330.90487615019083,4351.686095653102
8207.124090705067,8.797026494517922,330.90487615019083,4357.788048766553
8208.92624544911,8.798324167728424,332.4594132062048,4357.788048766553
8218.556098125875,8.798324167728424,332.4594132062048,4364.793334333226
8218.937407571822,8.799677710980177,332.5604936797172,4364.793334333226
8226.939390027896,8.799677710980177,332.5604936797172,4370.625454626977
8232.063158696517,8.82950708270073,332.8062902931124,4370.625454626977
8237.121942400932,8.82950708270073,332.8062902931124,4373.798517925665
8237.583976862952,8.830605803057551,333.206479921937,4373.798517925665
8249.166993036866,8.830605803057551,333.206479921937,4378.890426263213
8250.054585300386,8.831849483773112,334.0136662069708,4378.890426263213
8251.877086170018,8.831849483773112,334.0136662069708,4379.7807975094765
8253.046146424487,8.833254897966981,335.09459949471056,4379.7807975094765
8259.97372891754,8.833254897966981,335.09459949471056,4383.382897546515
8264.868659295142,8.837839748710394,336.2806594837457,4383.382897546515
8273.976228931919,8.837839748710394,336.2806594837457,4389.124808827415
8274.523253988475,8.839099431410432,336.76135925762355,4389.124808827415
8285.043146973476,8.839099431410432,336.76135925762355,4396.824568701908
8286.030299687758,8.840460754930973,337.64704681001604,4396.824568701908
8296.209362236783,8.840460754930973,337.64704681001604,4404.666637940332
8296.562359141186,8.841776287183166,337.9550108592957,4404.666637940332
8307.71464979276,8.841776287183166,337.9550108592957,4412.761057078838
8313.893102500588,8.84627347998321,338.3576395139098,4412.761057078838
8322.3397957813,8.84627347998321,338.3576395139098,4419.358004465699
8323.38314434141,8.847524471580982,339.1240493301302,4419.358004465699
8335.840752609074,8.847524471580982,339.1240493301302,4429.51872382313
8337.102381005883,8.848935145884752,340.17881633900106,4429.51872382313
8344.390604587272,8.848935145884752,340.17881633900106,4434.246209835634
8345.195098889992,8.850181046873331,340.97174287214875,4434.246209835634
8354.058021673933,8.850181046873331,340.97174287214875,4440.526026004925
8360.401995168999,8.937818389385939,341.5585686545819,4440.526026004925
8366.7181654647,8.937818389385939,341.5585686545819,4445.608506498858
8367.578826079145,8.939156392589211,342.212254954502,4445.608506498858
8375.265911245719,8.939156392589211,342.212254954502,4451.866143884137
8375.410659926012,8.940369565039873,342.33219556324184,4451.866143884137
8382.574034025893,8.940369565039873,342.33219556324184,4456.3629955183715
8382.885548457503,8.955357536673546,342.5441370457411,4456.3629955183715
8388.963622454554,8.955357536673546,342.5441370457411,4459.346820643172
8393.067835636437,8.9597172960639,342.76696535758674,4459.346820643172
8397.743996813893,8.9597172960639,342.76696535758674,4462.157355058938
8398.04216253385,8.961028268560767,343.04782957211137,4462.157355058938
8402.911615397781,8.961028268560767,343.04782957211137,4465.524707807228
8403.62993279472,8.962376611307263,343.5620733704418,4465.524707807228
8410.385594069958,8.962376611307263,343.5620733704418,4470.370958620682
8410.895810781047,8.963566243648529,344.02257456071675,4470.370958620682
8416.103343944997,8.963566243648529,344.02257456071675,4472.943010525778
8420.523111380637,8.96784333884716,344.17705133743584,4472.943010525778
8425.22937726602,8.96784333884716,344.17705133743584,4474.951629368588
8425.824937991798,8.969176465645432,344.71993851847947,4474.951629368588
8428.019863100722,8.969176465645432,344.71993851847947,4476.285570288077
8428.725612353534,8.970410889014602,345.34727735072374,4476.285570288077
8433.17118338868,8.970410889014602,345.34727735072374,4479.387780934572
8433.781024698168,8.971591252833605,345.94937050528824,4479.387780934572
8439.041161665693,8.971591252833605,345.94937050528824,4481.978106096387
8445.600978082046,8.985925061628222,346.0550763774663,4481.978106096387
8447.926635013893,8.985925061628222,346.0550763774663,4483.680565590039
8448.569586221129,8.997351448982954,346.51476106233895,4483.680565590039
8452.838530100882,8.997351448982954,346.51476106233895,4487.314800141379
8453.130178024992,8.998554961755872,346.72607079334557,4487.314800141379
8457.17723869346,8.998554961755872,346.72607079334557,4489.99069781974
8457.820480637252,8.999733304604888,347.2392565552145,4489.99069781974
8462.363199938089,8.999733304604888,347.2392565552145,4492.664454869926
8468.329755038023,9.039378983899951,347.7372745499015,4492.664454869926
8470.751171501353,9.039378983899951,347.7372745499015,4494.122303806245
8471.704937992617,9.040600458160043,348.5672280397266,4494.122303806245
8479.301234945655,9.040600458160043,348.5672280397266,4500.189146852121
8479.651809301227,9.04174530878663,348.90770545229316,4500.189146852121
8485.468940129504,9.04174530878663,348.90770545229316,4503.55636331439
8486.126403940842,9.042975733056664,349.27587085589767,4503.55636331439
8492.499765736982,9.042975733056664,349.27587085589767,4506.905219305307
8498.103845775127,9.069348841905594,349.93955718167126,4506.905219305307
8507.696020213887,9.069348841905594,349.93955718167126,4513.664045950398
8508.782433297485,9.070600563660264,350.9534559994936,4513.664045950398
8516.582084354013,9.070600563660264,350.9534559994936,4518.819105377421
8517.407068034634,9.071821635589004,351.5823774766177,4518.819105377421
8528.331164631993,9.071821635589004,351.5823774766177,4526.848644908518
8528.912164177746,9.07303954847157,352.03868971578777,4526.848644908518
8534.47360477969,9.07303954847157,352.03868971578777,4530.410428356379
8539.612294416875,9.235778087750077,352.36219592764974,4530.410428356379
8547.93234010972,9.235778087750077,352.36219592764974,4535.613038375974
8548.637712758034,9.236943516880274,352.9408308900893,4535.613038375974
8554.172779085115,9.236943516880274,352.9408308900893,4539.809097023681
8554.607918009162,9.238206328824162,353.31734080798924,4539.809097023681
8561.022849399596,9.238206328824162,353.31734080798924,4544.214327497408
8561.622228719294,9.239383740350604,353.9023382179439,4544.214327497408
8567.03905845061,9.239383740350604,353.9023382179439,4548.6405429542065
8572.758343145251,9.24395221285522,354.5048018153757,4548.6405429542065
8578.013684593141,9.24395221285522,354.5048018153757,4552.239119658247
8578.38624587655,9.245252016931772,354.7458989713341,4552.239119658247
8584.733259221539,9.245252016931772,354.7458989713341,4556.407628050074
8585.00634238869,9.246854426339269,354.9062635358423,4556.407628050074
8589.909961020574,9.246854426339269,354.9062635358423,4560.104598818347
8590.489093312994,9.250744128599763,355.45262496359646,4560.104598818347
8596.8910603486,9.250744128599763,355.45262496359646,4563.5139352772385
8602.687680216506,9.2553184106946,356.34284205548465,4563.5139352772385
8608.242852495983,9.2553184106946,356.34284205548465,4567.081422792748
8608.558771532029,9.256475660949945,356.6444185320288,4567.081422792748
8614.08515329659,9.256475660949945,356.6444185320288,4570.411870056763
8614.542359612882,9.257701445370913,357.0115178283304,4570.411870056763
8618.027765667066,9.257701445370913,357.0115178283304,4572.74282881245
8618.549233593047,9.2590546105057,357.30193191953003,4572.74282881245
8624.347032938153,9.2590546105057,357.30193191953003,4576.50584442541
8630.121214061975,9.295604905113578,358.08386101201177,4576.50584442541
8634.228659592569,9.295604905113578,358.08386101201177,4579.258207546547
8634.68674764596,9.296738034114242,358.522818364203,4579.258207546547
8638.067286035046,9.296738034114242,358.522818364203,4582.007491772994
8638.748258793727,9.29799978621304,359.13146841339767,4582.007491772994
8640.770540196449,9.29799978621304,359.13146841339767,4583.215691940859
8641.060014640912,9.29919895902276,359.3361946772784,4583.215691940859
8645.715877080336,9.29919895902276,359.3361946772784,4585.450552353635
8650.023626497015,9.358770659193397,359.8089982289821,4585.450552353635
8657.111437214538,9.358770659193397,359.8089982289821,4591.029698001221
8658.01293246448,9.360175373032689,360.4128866530955,4591.029698001221
8662.344192320481,9.360175373032689,360.4128866530955,4593.450861901045
8662.809603517875,9.361347502097487,360.719045560807,4593.450861901045
8667.323631709442,9.361347502097487,360.719045560807,4596.44006216526
8667.539895012975,9.362517712637782,360.7437406908721,4596.44006216526
8669.022955209017,9.362517712637782,360.7437406908721,4596.9736249521375
8672.347890296951,9.36732459999621,361.19849637150764,4596.9736249521375
8678.517662556842,9.36732459999621,361.19849637150764,4600.709592970088
8679.136289801449,9.36855786293745,361.7493456713855,4600.709592970088
8686.531659862027,9.36855786293745,361.7493456713855,4605.79932596162
8686.641580760479,9.36989775672555,361.80039461143315,4605.79932596162
8691.221427273005,9.36989775672555,361.80039461143315,4607.960128962994
8691.530051926151,9.371261913329363,361.9730236493051,4607.960128962994
8696.613076176494,9.371261913329363,361.9730236493051,4612.260910462588
8701.701429910958,9.375900331884623,362.1501989085227,4612.260910462588
8709.28708053194,9.375900331884623,362.1501989085227,4618.0803833045065
8709.924849217758,9.377251155674458,362.3214379157871,4618.0803833045065
8715.16267008707,9.377251155674458,362.3214379157871,4621.100780861452
8715.417900338769,9.37851089797914,362.53561322391033,4621.100780861452
8717.989224806428,9.37851089797914,362.53561322391033,4623.065654320642
8718.869973072782,9.379973104223609,363.15094224736094,4623.065654320642
8724.884994605556,9.379973104223609,363.15094224736094,4628.60202620551
8729.193258779123,9.404765024781227,363.2463957220316,4628.60202620551
8731.552040828392,9.404765024781227,363.2463957220316,4630.4003309663385
8732.488304939121,9.405986139550805,364.01982958987355,4630.4003309663385
8736.581246905029,9.405986139550805,364.01982958987355,4633.571272511035
8737.057654729113,9.407170452177525,364.398339651525,4633.571272511035
8739.202365204692,9.407170452177525,364.398339651525,4634.9692032355815
8739.548275737092,9.408361364156008,364.71628174744546,4634.9692032355815
8742.51916791685,9.408361364156008,364.71628174744546,4637.244724482298
8747.034417260438,9.429241139441729,364.9856828674674,4637.244724482298
8750.643603384495,9.429241139441729,364.9856828674674,4640.105389647186
8751.37901074998,9.430330380797386,365.61569362320006,4640.105389647186
8754.894185865298,9.430330380797386,365.61569362320006,4642.804355608299
8755.133468884975,9.431611293926835,365.81550183705986,4642.804355608299
8756.208803145215,9.431611293926835,365.81550183705986,4643.352740144357
8756.28972126171,9.432792538776994,365.8694060370326,4643.352740144357
8757.900497755036,9.432792538776994,365.8694060370326,4644.446571029723
8763.318607646972,9.437534518539906,366.2248177547008,4644.446571029723
8770.365322904661,9.437534518539906,366.2248177547008,4649.539535153657
8770.91930882074,9.438782721757889,366.7573485299945,4649.539535153657
8775.314159400761,9.438782721757889,366.7573485299945,4651.854806566611
8775.92371272482,9.4401436150074,367.1206078287214,4651.854806566611
8778.649993073195,9.4401436150074,367.1206078287214,4653.790792360902
8779.083564057946,9.44135126657784,367.4353153835982,4653.790792360902
8785.29478764534,9.44135126657784,367.4353153835982,4657.601058291271
8791.251971760765,9.447215782478452,368.04454840533435,4657.601058291271
8800.369915388525,9.447215782478452,368.04454840533435,4663.84034964256
8800.81533806771,9.452773123979568,368.3780966568738,4663.84034964256
8807.284995242953,9.452773123979568,368.3780966568738,4669.744697475806
8808.1940385364,9.454114347696304,369.17450763843954,4669.744697475806
8812.87428312935,9.454114347696304,369.17450763843954,4673.255030615255
8813.322755141184,9.455336671322584,369.5854238346219,4673.255030615255
8818.545605449006,9.455336671322584,369.5854238346219,4676.698581567034
8823.153382789344,9.45973164215684,369.73883136175573,4676.698581567034
8829.478759041056,9.45973164215684,369.73883136175573,4681.635446492583
8829.875375989825,9.460971454158425,370.0880307983607,4681.635446492583
8833.8870514445,9.460971454158425,370.0880307983607,4683.917986579239
8834.96366951242,9.46226374618709,371.13274210318923,4683.917986579239
8840.284603338689,9.46226374618709,371.13274210318923,4686.916932117194
8841.233216829598,9.463494649156928,372.016400706023,4686.916932117194
8848.262771245092,9.463494649156928,372.016400706023,4692.088167030364
8853.847636248916,9.468013172969222,372.6429075989872,4692.088167030364
8856.633689431474,9.468013172969222,372.6429075989872,4693.809175830334
8857.045897431672,9.469209384173155,373.007170798257,4693.809175830334
8859.727332629263,9.469209384173155,373.007170798257,4694.485534677282
8860.084199665114,9.470374314114451,373.3491421248764,4694.485534677282
8865.237108688802,9.470374314114451,373.3491421248764,4697.67603793554
8865.788819901645,9.471644006669521,373.6491854265332,4697.67603793554
8868.989283276722,9.471644006669521,373.6491854265332,4699.6008672025055
8875.534595133737,9.476543506607413,373.99230922199786,4699.6008672025055
8879.242177236825,9.476543506607413,373.99230922199786,4702.456509264186
8879.344678124413,9.477783348411322,374.0486892256886,4702.456509264186
8881.443569332361,9.477783348411322,374.0486892256886,4703.9666487798095
8881.62731483765,9.493543609976768,374.18164427764714,4703.9666487798095
8884.79965829663,9.493543609976768,374.18164427764714,4706.377415614203
8885.350627401844,9.49479971267283,374.67871741205454,4706.377415614203
8889.9024119284,9.49479971267283,374.67871741205454,4708.850226042792
8894.497771026567,9.55746017023921,375.6117553692311,4708.850226042792
8900.314495097846,9.55746017023921,375.6117553692311,4712.047216929495
8900.6191802565,9.55898517742753,375.85012826137245,4712.047216929495
8904.242101941258,9.55898517742753,375.85012826137245,4714.9673134516925
8905.342278717086,9.560396594926715,376.5692741330713,4714.9673134516925
8908.591421721503,9.560396594926715,376.5692741330713,4716.983244959265
8908.983982948586,9.561578886583447,376.9001704789698,4716.983244959265
8913.575164496899,9.561578886583447,376.9001704789698,4719.8942604307085
8919.071577800438,9.585127625614405,377.76296973600984,4719.8942604307085
8922.237412253395,9.585127625614405,377.76296973600984,4721.912289751694
8923.223881658167,9.586376940831542,378.54844111949205,4721.912289751694
8930.197483304888,9.586376940831542,378.54844111949205,4726.975504543632
8931.02928238362,9.587594475597143,379.2780049480498,4726.975504543632
8936.63729192689,9.587594475597143,379.2780049480498,4731.552523944527
8937.207155497745,9.58877956867218,379.7233908455819,4731.552523944527
8940.492525929585,9.58877956867218,379.7233908455819,4733.871732505038
8944.792803034186,9.593332981690764,380.1868034750223,4733.871732505038
8949.264498380944,9.593332981690764,380.1868034750223,4736.671747228131
8950.102128133178,9.594590976834297,380.73676896467805,4736.671747228131
8953.294209249318,9.594590976834297,380.73676896467805,4738.65662797913
8953.776891905814,9.595951903611422,381.05486661568284,4738.65662797913
8957.687194718048,9.595951903611422,381.05486661568284,4740.937321148813
8958.284802734852,9.597369706258178,381.58087761327624,4740.937321148813
8963.167231900617,9.597369706258178,381.58087761327624,4744.635765703395
8970.32180294767,9.60567225702107,382.5307266507298,4744.635765703395
8972.66070368886,9.60567225702107,382.5307266507298,4746.12449176982
8973.693846505135,9.6071846652776,383.3894697241485,4746.12449176982
8978.78781590052,9.6071846652776,383.3894697241485,4748.837979739532
8979.094916533679,9.608494469895959,383.53380141966045,4748.837979739532
8982.97280681692,9.608494469895959,383.53380141966045,4752.02400739491
8983.076186388731,9.609790341928601,383.5642308611423,4752.02400739491
8987.279610680416,9.609790341928601,383.5642308611423,4754.798473343253
8991.224724093452,9.624577576294541,383.8309299983084,4754.798473343253
8995.36581388861,9.624577576294541,383.8309299983084,4757.710971290246
8995.949359688908,9.625886352732778,384.3818704392761,4757.710971290246
8998.375316537917,9.625886352732778,384.3818704392761,4759.432214777917
8999.026142468676,9.631065126508474,384.7409939933568,4759.432214777917
9001.420109542087,9.631065126508474,384.7409939933568,4760.528017900884
9001.590970506892,9.632346950471401,384.8800398018211,4760.528017900884
9006.205951241776,9.632346950471401,384.8800398018211,4763.751960102469
9010.616351036355,9.636819390580058,385.2162983622402,4763.751960102469
9016.860709166154,9.636819390580058,385.2162983622402,4768.1411090791225
9017.927293600515,9.638131653890014,386.1132395863533,4768.1411090791225
9021.50103793107,9.638131653890014,386.1132395863533,4770.391277041286
9022.015916736796,9.639447188004851,386.5893586277962,4770.391277041286
9026.210327172652,9.639447188004851,386.5893586277962,4773.083284985274
9026.509738629684,9.640845663845539,386.689779272303,4773.083284985274
9027.524386553094,9.640845663845539,386.689779272303,4773.633445851505
9033.261495677754,9.682767564430833,387.0876643676311,4773.633445851505
9035.449832215905,9.682767564430833,387.0876643676311,4775.280012628064
9035.96485010162,9.684041215106845,387.5649745706469,4775.280012628064
9037.560302313417,9.684041215106845,387.5649745706469,4776.233664492145
9037.966013133526,9.685389678925276,387.7075857631862,4776.233664492145
9041.213884171098,9.685389678925276,387.7075857631862,4777.760614678264
9041.510444995016,9.686633883044124,387.8981251809746,4777.760614678264
9044.124833509326,9.686633883044124,387.8981251809746,4778.921143621206
9048.42549939081,9.704543706029654,387.92798813059926,4778.921143621206
9052.822407502681,9.704543706029654,387.92798813059926,4781.871090261266
9053.13503216207,9.705872628837824,388.2012853939086,4781.871090261266
9055.409408500418,9.705872628837824,388.2012853939086,4783.025696596131
9055.59154513292,9.70709765329957,388.35743588395417,4783.025696596131
9056.943581141531,9.70709765329957,388.35743588395417,4783.502859968692
9057.510161904618,9.708534639328718,388.83204402029514,4783.502859968692
9061.349811092019,9.708534639328718,388.83204402029514,4785.207015162334
9065.497398493811,9.812290612608194,389.5428816638887,4785.207015162334
9069.433429708704,9.812290612608194,389.5428816638887,4787.544586027041
9069.603991894051,9.81360025703907,389.6950445510447,4787.544586027041
9073.502757804468,9.81360025703907,389.6950445510447,4790.941272459924
9074.172027161345,9.81486671231687,390.25817880034447,4790.941272459924
9079.604103278369,9.81486671231687,390.25817880034447,4794.729548115283
9079.946967493743,9.816236047074199,390.5690158456564,4794.729548115283
9085.012436999008,9.816236047074199,390.5690158456564,4798.438861139119
9088.976061576977,9.82095986045897,390.7410656865686,4798.438861139119
9094.254984052852,9.82095986045897,390.7410656865686,4802.2310506515205
9094.852367620915,9.822358997538686,391.304682450369,4802.2310506515205
9102.833910597488,9.822358997538686,391.304682450369,4808.351190028712
9103.39050698094,9.823594439774752,391.7337178308517,4808.351190028712
9108.526648782194,9.823594439774752,391.7337178308517,4812.149542408064
9109.170356128365,9.824999002739787,392.20835402421653,4812.149542408064
9112.927488628775,9.824999002739787,392.20835402421653,4815.361361088231
9116.322073444724,9.829659517854452,392.59708533994853,4815.361361088231
9122.775319192559,9.829659517854452,392.59708533994853,4820.785177372396
9123.132724778727,9.830898359417915,392.8942874073982,4820.785177372396
9127.13672423549,9.830898359417915,392.8942874073982,4823.7230104878545
9127.378297537565,9.8321688529104,393.0826369766146,4823.7230104878545
9132.129318784922,9.8321688529104,393.0826369766146,4826.14348070696
9132.550220081583,9.833484165370464,393.3708041589707,4826.14348070696
9137.07038365677,9.833484165370464,393.3708041589707,4829.329187322408
9141.480935797095,9.838329464197159,393.40077923052013,4829.329187322408
9147.615113738924,9.838329464197159,393.40077923052013,4833.403706036508
9148.044588401914,9.839564736932516,393.79309967905283,4833.403706036508
9153.4075231459,9.839564736932516,393.79309967905283,4837.221475102007
9153.634562157094,9.840880429372191,393.96618985943496,4837.221475102007
9159.649185964838,9.840880429372191,393.96618985943496,4841.660363091156
9159.924942273647,9.849875565618277,394.18897004425526,4841.660363091156
9165.934423206374,9.849875565618277,394.18897004425526,4845.956193171442
9170.711389701813,9.916523965075612,394.65286153927445,4845.956193171442
9174.582337711006,9.916523965075612,394.65286153927445,4848.17202184163
9174.69653242454,9.917908510193229,394.7186265196651,4848.17202184163
9180.042267549783,9.917908510193229,394.7186265196651,4851.900903524831
9180.395937643945,9.919267136603594,395.01855411194265,4851.900903524831
9185.720409680158,9.919267136603594,395.01855411194265,4856.264176514
9186.788858173415,9.920546820387244,395.9725248776376,4856.264176514
9191.825378529727,9.920546820387244,395.9725248776376,4859.048552362248
9195.985997401178,9.938189346343279,396.10217915289104,4859.048552362248
9202.556983422488,9.938189346343279,396.10217915289104,4863.053359219804
9203.045077839866,9.939410228282213,396.56232849135995,4863.053359219804
9209.573122549802,9.939410228282213,396.56232849135995,4867.450225980952
9209.690277354792,9.940765492618084,396.6618384141475,4867.450225980952
9216.594434857368,9.940765492618084,396.6618384141475,4871.917484588921
9217.08992385678,9.942254958674312,396.90911339595914,4871.917484588921
9223.701790405437,9.942254958674312,396.90911339595914,4875.789024313912
9227.372316565365,9.970869356766343,397.5306939166039,4875.789024313912
9231.739753028378,9.970869356766343,397.5306939166039,4878.431671595201
9231.994388604537,9.972408363595605,397.7343600858003,4878.431671595201
9237.1814914532,9.972408363595605,397.7343600858003,4882.253455521539
9237.920834816992,9.973645564168692,398.36470952257514,4882.253455521539
9241.219618445262,9.973645564168692,398.36470952257514,4884.389391893521
9241.597170513123,9.974898789077997,398.62252202630043,4884.389391893521
9246.335458561778,9.974898789077997,398.62252202630043,4887.68919608742
9249.504276843742,9.979435892775655,399.03619377315044,4887.68919608742
9254.456780625507,9.979435892775655,399.03619377315044,4891.539902862161
9254.759267620742,9.980789575725794,399.3053432777524,4891.539902862161
9260.126393953338,9.980789575725794,399.3053432777524,4895.342606538907
9260.691159313545,9.98205541819334,399.84264208190143,4895.342606538907
9265.59557891637,9.98205541819334,399.84264208190143,4899.529284641147
9266.462725710124,9.983330611139536,400.4392947293818,4899.529284641147
9270.978640610352,9.983330611139536,400.4392947293818,4903.107308240607
9274.591800756752,9.988080007955432,400.7925405856222,4903.107308240607
9276.021966809407,9.988080007955432,400.7925405856222,4903.969346394762
9276.946091495454,9.989560194313526,401.5483153183013,4903.969346394762
9281.829278340563,9.989560194313526,401.5483153183013,4907.849218240008
9281.869683554396,9.99080609716475,401.5770064871758,4907.849218240008
9286.968663025647,9.99080609716475,401.5770064871758,4911.992104988545
9287.166430113837,9.992078062146902,401.74755136296153,4911.992104988545
9291.320341488346,9.992078062146902,401.74755136296153,4915.515609642491
9295.326768970117,9.996723337098956,402.31604066491127,4915.515609642491
9298.853474365547,9.996723337098956,402.31604066491127,4917.517049513757
9299.356754336506,9.997971350327134,402.79006991162896,4917.517049513757
9304.317375015467,9.997971350327134,402.79006991162896,4920.560127327219
9304.890941748396,9.999431999400258,403.13352648727596,4920.560127327219
9307.430875776336,9.999431999400258,403.13352648727596,4922.5312008764595
9307.922675330192,10.000848855823278,403.46851551532745,4922.5312008764595
9311.279953541234,10.000848855823278,403.46851551532745,4923.6677561011165
9315.91011502035,10.005449339747429,403.5829125177115,4923.6677561011165
9318.80871765688,10.005449339747429,403.5829125177115,4925.527037149295
9319.010906193405,10.007077157497406,403.7132368143648,4925.527037149295
9321.558436222374,10.007077157497406,403.7132368143648,4927.55585427396
9321.796680213884,10.020652927458286,403.8355055321008,4927.55585427396
9324.307800553739,10.020652927458286,403.8355055321008,4929.50199155882
9324.491909237579,10.021971892565489,403.96229855157435,4929.50199155882
9327.047277607024,10.021971892565489,403.96229855157435,4931.091825021431
9332.45016814582,10.084807546809316,404.76050227321684,4931.091825021431
9335.411296268925,10.084807546809316,404.76050227321684,4932.410233134404
9335.975701453164,10.086087670177221,405.24362653307617,4932.410233134404
9340.21021674946,10.086087670177221,405.24362653307617,4935.149100391194
9340.909826558083,10.087573386728764,405.6894697584212,4935.149100391194
9344.629953732714,10.087573386728764,405.6894697584212,4938.061887163669
9344.953168984503,10.088809970766306,406.0040832385421,4938.061887163669
9347.821185741574,10.088809970766306,406.0040832385421,4939.987974192947
9355.058364573866,10.093275411054492,406.230612391606,4939.987974192947
9357.858056256548,10.093275411054492,406.230612391606,4942.101876867935
9358.404602961615,10.094556072726846,406.75905313156545,4942.101876867935
9361.154348677024,10.094556072726846,406.75905313156545,4943.649573665112
9361.522445028648,10.095814295113087,407.09080967865884,4943.649573665112
9366.042705634609,10.095814295113087,407.09080967865884,4947.667673425749
9366.354633936659,10.097119139507413,407.3372972737998,4947.667673425749
9371.12428774871,10.097119139507413,407.3372972737998,4951.003600338474
9374.587073018774,10.101832086220384,407.43166385777295,4951.003600338474
9378.46812646836,10.101832086220384,407.43166385777295,4953.588178602979
9378.742153972387,10.103355893865228,407.5727025605738,4953.588178602979
9383.425443230197,10.103355893865228,407.5727025605738,4956.340690841898
9383.757232215255,10.104679718613625,407.8569900728762,4956.340690841898
9388.45371568948,10.104679718613625,407.8569900728762,4959.715418064967
9388.825094832107,10.128047978505492,408.07688924111426,4959.715418064967
9390.999732289463,10.128047978505492,408.07688924111426,4961.097865808755
9395.177425656468,10.132660092785954,408.9192742854357,4961.097865808755
9397.213993964717,10.132660092785954,408.9192742854357,4962.145352276042
9397.52444040589,10.133961837738752,409.2139375768602,4962.145352276042
9400.718348231167,10.133961837738752,409.2139375768602,4964.46430055052
9401.245078135282,10.135330311954021,409.5803728662431,4964.46430055052
9404.784040864557,10.135330311954021,409.5803728662431,4967.1467274893075
9405.094747161493,10.139977395534515,409.7068054173142,4967.1467274893075
9408.91021906957,10.139977395534515,409.7068054173142,4969.040395729244
9413.566971002147,10.16717772372067,409.9189040400088,4969.040395729244
9416.318495092914,10.16717772372067,409.9189040400088,4970.979236077517
9416.917748156935,10.168442208319902,410.41937023214996,4970.979236077517
9419.01845102571,10.168442208319902,410.41937023214996,4972.32757904008
9419.259423321113,10.169837974011898,410.5866804625839,4972.32757904008
9421.01596065797,10.169837974011898,410.5866804625839,4973.16404064931
9421.116949852556,10.17107692733407,410.64815210178494,4973.16404064931
9422.453617848456,10.17107692733407,410.64815210178494,4973.803090643138
9427.394045121968,10.228901429101825,410.6788582932204,4973.803090643138
9431.784445729107,10.228901429101825,410.6788582932204,4976.5585663840175
9432.039506865665,10.23009772785008,410.91641315817833,4976.5585663840175
9433.952136453241,10.23009772785008,410.91641315817833,4977.49082961306
9434.257607933134,10.231443792581558,411.1803842242807,4977.49082961306
9438.234214577824,10.231443792581558,411.1803842242807,4979.15725146234
9438.899194717407,10.233106872066855,411.7513935994357,4979.15725146234
9441.939087653533,10.233106872066855,411.7513935994357,4980.830191576853
9445.954244211316,10.250367026776075,412.1373573858291,4980.830191576853
9448.858253937215,10.250367026776075,412.1373573858291,4982.46900556609
9449.430879822,10.251675128936768,412.58433386310935,4982.46900556609
9453.122646950185,10.251675128936768,412.58433386310935,4984.845494547859
9453.19494950585,10.253061832860112,412.63061717152596,4984.845494547859
9456.37643347308,10.253061832860112,412.63061717152596,4986.956555832177
9456.98116494529,10.25439221598208,413.0650618765503,4986.956555832177
9458.433545798063,10.25439221598208,413.0650618765503,4987.553842367604
9462.25097759813,10.259086383506656,413.10359277389944,4987.553842367604
9465.395310556516,10.259086383506656,413.10359277389944,4989.214554833248
9466.288348540664,10.260372247546911,413.779553161934,4989.214554833248
9470.010658368468,10.260372247546911,413.779553161934,4991.287624916062
9470.365540992469,10.26164498180151,414.05159088410437,4991.287624916062
9473.85371344164,10.26164498180151,414.05159088410437,4993.581068703905
9474.31532467343,10.262945467606187,414.3843927625567,4993.581068703905
9477.037186864763,10.262945467606187,414.3843927625567,4995.7844421975315
9480.836388597265,10.3125672172755,414.44823734648526,4995.7844421975315
9482.546607669443,10.3125672172755,414.44823734648526,4996.650087445974
9482.999792305753,10.314034616574645,414.75764221325517,4996.650087445974
9488.032389292493,10.314034616574645,414.75764221325517,5000.408354645595
9488.634290801361,10.315481154248118,415.15789096802473,5000.408354645595
9490.130930157378,10.315481154248118,415.15789096802473,5001.480866419151
9490.2240476273,10.31673776730895,415.210901459679,5001.480866419151
9491.457898873836,10.31673776730895,415.210901459679,5002.185646265745
9497.064951686189,10.371796747669578,415.5145192630589,5002.185646265745
9500.294884171337,10.371796747669578,415.5145192630589,5004.450097572058
9500.63249379769,10.373085411265492,415.78683603927493,5004.450097572058
9503.193348441273,10.373085411265492,415.78683603927493,5005.949023239315
9503.601456182078,10.374280333518982,416.09739104658365,5005.949023239315
9505.15445644036,10.374280333518982,416.09739104658365,5006.6667046602815
9505.515251412988,10.379818314686418,416.4188845548779,5006.6667046602815
9507.885206073523,10.379818314686418,416.4188845548779,5008.3503791466355
9512.162874208763,10.384307157248259,416.451351121068,5008.3503791466355
9518.026060305536,10.384307157248259,416.451351121068,5012.276090582833
9518.663756996393,10.38556602038443,417.01507263444364,5012.276090582833
9520.017505226657,10.38556602038443,417.01507263444364,5013.093403259292
9520.82615385577,10.411059258505702,417.70707536302507,5013.093403259292
9522.162520125508,10.411059258505702,417.70707536302507,5013.407260466367
9522.868231432512,10.413170566782355,418.2796292398125,5013.407260466367
9526.772295057774,10.413170566782355,418.2796292398125,5016.1985606011
9529.462222320959,10.461827889084816,418.6430210378021,5016.1985606011
9531.467439273372,10.461827889084816,418.6430210378021,5016.998535467312
9532.333914648741,10.463247638195753,419.44228850118816,5016.998535467312
9536.897588489577,10.463247638195753,419.44228850118816,5020.151519687846
9536.962532568723,10.464651454240084,419.4715235084295,5020.151519687846
9539.069783970714,10.464651454240084,419.4715235084295,5021.551907919347
9539.853408817202,10.466098079457879,420.0621402245015,5021.551907919347
9542.18941635266,10.466098079457879,420.0621402245015,5022.9975767005235
9545.225569525734,10.507055221125484,420.4288031719625,5022.9975767005235
9550.081438917667,10.507055221125484,420.4288031719625,5025.9649139381945
9550.943167844787,10.508502097800374,421.1793030388653,5025.9649139381945
9553.540409881622,10.508502097800374,421.1793030388653,5027.739663524553
9553.964316356927,10.509748129174113,421.56225105561316,5027.739663524553
9556.489728134125,10.509748129174113,421.56225105561316,5029.984410753474
9556.706050440669,10.511011550202966,421.71827533841133,5029.984410753474
9560.067727196962,10.511011550202966,421.71827533841133,5031.9215755574405
9565.319585835561,10.537608120590448,422.030940271914,5031.9215755574405
9566.74038186483,10.537608120590448,422.030940271914,5032.653911262751
9567.060416625813,10.538885235786438,422.3385358043015,5032.653911262751
9570.04385264963,10.538885235786438,422.3385358043015,5034.93990310654
9570.770499268547,10.540203891694546,422.7488033492118,5034.93990310654
9573.181266967207,10.540203891694546,422.7488033492118,5036.511164657772
9573.25434871018,10.54158689826727,422.7869044598192,5036.511164657772
9574.962446456775,10.54158689826727,422.7869044598192,5037.475456586108
9580.361941881478,10.546277195215225,422.9233516808599,5037.475456586108
9584.436145287007,10.546277195215225,422.9233516808599,5040.327583765611
9585.31890180707,10.547601208090782,423.45714458078146,5040.327583765611
9587.847293458879,10.547601208090782,423.45714458078146,5042.031802082434
9588.01526049897,10.548878658562899,423.60287114419043,5042.031802082434
9590.042610000819,10.548878658562899,423.60287114419043,5042.87744641304
9590.963343396783,10.551136890426278,424.15371954627335,5042.87744641304
9593.430348770693,10.551136890426278,424.15371954627335,5043.696526475251
9596.956571461633,10.555472558364272,424.5458712093532,5043.696526475251
9600.971422737464,10.555472558364272,424.5458712093532,5046.7280947603285
9601.3461785689,10.556996837258339,424.79551081731915,5046.7280947603285
9603.498617313802,10.556996837258339,424.79551081731915,5047.887446731329
9603.779171057045,10.558286311104894,425.04145717807114,5047.887446731329
9609.601432356983,10.558286311104894,425.04145717807114,5052.61264292337
9610.031474022195,10.559750908985734,425.38714893721044,5052.61264292337
9612.360412519425,10.559750908985734,425.38714893721044,5053.979189882055
9616.444076452404,10.630686828866601,425.69559454359114,5053.979189882055
9617.93801488541,10.630686828866601,425.69559454359114,5054.874727394432
9618.36759458296,10.63211296312511,425.95167993940413,5054.874727394432
9619.9841629453,10.63211296312511,425.95167993940413,5055.707218287513
9620.127139916644,10.63338460586965,426.05594405159354,5055.707218287513
9623.65432439372,10.63338460586965,426.05594405159354,5057.772429585457
9624.468660784885,10.634681109338999,426.739127477631,5057.772429585457
9628.886312024668,10.634681109338999,426.739127477631,5060.989782717079
9632.615689085796,10.655534705147147,426.804979743436,5060.989782717079
9636.71042798087,10.655534705147147,426.804979743436,5062.799565216526
9637.682321220636,10.658787136897445,427.4139849897474,5062.799565216526
9639.979843752459,10.658787136897445,427.4139849897474,5064.557088730857
9640.084470393136,10.660020908340812,427.4855475015938,5064.557088730857
9642.168039340526,10.660020908340812,427.4855475015938,5065.891397194937
9642.252330867574,10.661343673244119,427.52867801114917,5065.891397194937
9645.348907981068,10.661343673244119,427.52867801114917,5068.073080861941
9650.043384354562,10.666648199781775,427.7912712339312,5068.073080861941
9654.989890588447,10.666648199781775,427.7912712339312,5071.969996385276
9655.648653198034,10.667948121204972,428.36310944519937,5071.969996385276
9662.345381263644,10.667948121204972,428.36310944519937,5076.781606983393
9662.949850874022,10.669334506615996,428.72554387897253,5076.781606983393
9668.818103849888,10.669334506615996,428.72554387897253,5081.500331202522
9669.728629909456,10.670590760186315,429.5203016400337,5081.500331202522
9673.410376489162,10.670590760186315,429.5203016400337,5083.986661197618
9678.55411897786,10.675159545615315,430.3914775196463,5083.986661197618
9682.417347939685,10.675159545615315,430.3914775196463,5087.3486956730485
9683.000173021108,10.676572620868683,430.81436958163977,5087.3486956730485
9684.419582128525,10.676572620868683,430.81436958163977,5088.055870264769
9684.553815821186,10.677765421569347,430.9308698680252,5088.055870264769
9686.861198794097,10.677765421569347,430.9308698680252,5088.918767362833
9687.713157657534,10.67911422625184,431.51676349528134,5088.918767362833
9692.13661875762,10.67911422625184,431.51676349528134,5091.58489604108
9695.755338633433,10.683473262935877,432.2139740753919,5091.58489604108
9698.646704286337,10.683473262935877,432.2139740753919,5093.153517281637
9699.059899501503,10.684812147170305,432.6004598084837,5093.153517281637
9700.979548953474,10.684812147170305,432.6004598084837,5094.229951841757
9701.441287785769,10.686157064512372,432.90952852368355,5094.229951841757
9704.362306892872,10.686157064512372,432.90952852368355,5095.982652397826
9705.128030885011,10.687465408816934,433.4834866542369,5095.982652397826
9706.30229280889,10.687465408816934,433.4834866542369,5096.701705697924
9709.431937865913,10.811685644090176,434.13418990932405,5096.701705697924
9712.824358848855,10.811685644090176,434.13418990932405,5099.284914139658
9713.088182732463,10.81308577209711,434.2411885689944,5099.284914139658
9716.779426813126,10.81308577209711,434.2411885689944,5101.967162318528
9717.6661099419,10.81456184014678,434.95850447565317,5101.967162318528
9723.995633188635,10.81456184014678,434.95850447565317,5106.825524054468
9724.806954005733,10.815825624391437,435.57586690969765,5106.825524054468
9730.16258710064,10.815825624391437,435.57586690969765,5110.429723626003
9733.043287752196,10.843056604266167,436.03542293049395,5110.429723626003
9738.118489203975,10.843056604266167,436.03542293049395,5113.869834344834
9738.332187438384,10.844526942819357,436.15627608448267,5113.869834344834
9742.329431405291,10.844526942819357,436.15627608448267,5117.037621160969
9742.597624581307,10.845713414251804,436.39074755087495,5117.037621160969
9747.868271628395,10.845713414251804,436.39074755087495,5120.932360660285
9748.53635700047,10.847025299444795,436.9105386566371,5120.932360660285
9752.971473230049,10.847025299444795,436.9105386566371,5123.362894684076
9756.986673450097,10.851600997149944,437.35923937894404,5123.362894684076
9761.81312643364,10.851600997149944,437.35923937894404,5126.531122915447
9762.298782341182,10.85289759002626,437.69379396922886,5126.531122915447
9766.570794224739,10.85289759002626,437.69379396922886,5129.427832230926
9767.103458512574,10.854311186820269,438.1176934354007,5129.427832230926
9773.201091943309,10.854311186820269,438.1176934354007,5133.572512438521
9773.905046591535,10.856077998876572,438.69917663000524,5133.572512438521
9779.366025082767,10.856077998876572,438.69917663000524,5137.305605784059
9783.677933910862,10.941914411261678,439.42588571459055,5137.305605784059
9788.278980253264,10.941914411261678,439.42588571459055,5140.367158154026
9788.82576048188,10.943268494680524,439.9310320802033,5140.367158154026
9795.346332497895,10.943268494680524,439.9310320802033,5145.0419713296
9795.542283946648,10.94451973773539,440.0893276296556,5145.0419713296
9801.604187488556,10.94451973773539,440.0893276296556,5149.490270262584
9802.055814633146,10.945938663557172,440.3446614574641,5149.490270262584
9805.12143609114,10.945938663557172,440.3446614574641,5151.404295096174
9810.309308957309,11.028921263292432,441.1307767275721,5151.404295096174
9813.290393264964,11.028921263292432,441.1307767275721,5153.587865797803
9813.483384272084,11.0429073497653,441.22419381700456,5153.587865797803
9815.825491406024,11.0429073497653,441.22419381700456,5154.615123536438
9816.214721985161,11.04409340210259,441.5075175371021,5154.615123536438
9820.0928221941,11.04409340210259,441.5075175371021,5157.542254086584
9820.484202401713,11.045359974727035,441.8862943165004,5157.542254086584
9822.443811148405,11.045359974727035,441.8862943165004,5158.507212433964
9826.874732781202,11.051231039687991,442.5586644411087,5158.507212433964
9831.952818647027,11.051231039687991,442.5586644411087,5162.08516414091
9832.814585393295,11.052695486694574,442.81782118976116,5162.08516414091
9837.792133625597,11.052695486694574,442.81782118976116,5166.308627670631
9838.019030360505,11.054000359028578,442.95257473737,5166.308627670631
9842.112549118698,11.054000359028578,442.95257473737,5168.714328272268
9842.79633917287,11.05517883040011,443.48631639406085,5168.714328272268
9845.59153778106,11.05517883040011,443.48631639406085,5170.585573405027
9849.942827897146,11.074724148958921,444.0417289957404,5170.585573405027
9853.576287858188,11.074724148958921,444.0417289957404,5172.408113753423
9854.51524249278,11.07604026608169,444.8530218042433,5172.408113753423
9857.863099660724,11.07604026608169,444.8530218042433,5174.974321261048
9858.368913644925,11.077461211010814,445.23540341481566,5174.974321261048
9863.092310560867,11.077461211010814,445.23540341481566,5177.620615744963
9863.349577432498,11.079005539417267,445.3413728438318,5177.620615744963
9864.885806698352,11.079005539417267,445.3413728438318,5178.076099898666
9867.98953705281,11.083612725138664,445.8858314938843,5178.076099898666
9871.831942403689,11.083612725138664,445.8858314938843,5179.907830854878
9872.409716585651,11.084909899160266,446.39520294219255,5179.907830854878
9875.210717312992,11.084909899160266,446.39520294219255,5182.171889388934
9875.82666959241,11.086208943277597,446.92456058599055,5182.171889388934
9880.985850825906,11.086208943277597,446.92456058599055,5185.7757452093065
9881.461987055838,11.087515488266945,447.2556933313608,5185.7757452093065
9882.946769136935,11.087515488266945,447.2556933313608,5186.707296980545
9887.296347111464,11.121279805898666,447.7534121070057,5186.707296980545
9889.133268170059,11.121279805898666,447.7534121070057,5187.948079580441
9889.27625232935,11.122449925169349,447.88469806313515,5187.948079580441
9891.746361225843,11.122449925169349,447.88469806313515,5189.2638364546
9892.545235462487,11.12371969781816,448.64858714304864,5189.2638364546
9895.128842758015,11.12371969781816,448.64858714304864,5191.294992769137
9895.59913405776,11.125137804076076,449.0120998006314,5191.294992769137
9898.615724308416,11.125137804076076,449.0120998006314,5193.004289859906
9902.008887505159,11.129538252949715,449.25619670934975,5193.004289859906
9905.433174388483,11.129538252949715,449.25619670934975,5195.085013784468
9906.160768093541,11.130970608443022,449.74903467297554,5195.085013784468
9907.569766964763,11.130970608443022,449.74903467297554,5195.822995357215
9907.907997690141,11.132292073220015,449.9634932372719,5195.822995357215
9910.799730962142,11.132292073220015,449.9634932372719,5197.510208971798
9911.114658378065,11.133497217670083,450.23176259733737,5197.510208971798
9913.851956341416,11.133497217670083,450.23176259733737,5199.604879967868
9917.200165260583,11.139608891680837,450.9353392980993,5199.604879967868
9919.487633146346,11.139608891680837,450.9353392980993,5201.340001951903
9919.641286429018,11.141085807234049,450.9936266839504,5201.340001951903
9922.368192892522,11.141085807234049,450.9936266839504,5203.22481280379
9922.55289593339,11.142427790910006,451.17017371580005,5203.22481280379
9924.647769004107,11.142427790910006,451.17017371580005,5204.787199383602
9924.853094553575,11.143687926232815,451.28611098974943,5204.787199383602
9926.580395650119,11.143687926232815,451.28611098974943,5205.793756753206
9931.483759693801,11.178585594519973,451.3723193779588,5205.793756753206
9933.36108803749,11.178585594519973,451.3723193779588,5206.947654630989
9933.793064344674,11.181835422292352,451.683416062966,5206.947654630989
9937.3496414572,11.181835422292352,451.683416062966,5209.669529197738
9937.75927723758,11.183210968971252,451.87907868623734,5209.669529197738
9939.726024476811,11.183210968971252,451.87907868623734,5211.011850293726
9940.030934970826,11.184468433260918,452.14587111212313,5211.011850293726
9943.318383341655,11.184468433260918,452.14587111212313,5212.835308842361
9946.905093092471,11.188978726044297,452.3325823303312,5212.835308842361
9949.282575212419,11.188978726044297,452.3325823303312,5215.048616467044
9949.436233857647,11.190244007855654,452.47022983059287,5215.048616467044
9951.198477681726,11.190244007855654,452.47022983059287,5216.027703743428
9951.662398654968,11.191539261490107,452.8611367866397,5216.027703743428
9953.936119653285,11.191539261490107,452.8611367866397,5217.705942410976
9954.057661829516,11.192808464169502,452.9694685600698,5217.705942410976
9957.156907053664,11.192808464169502,452.9694685600698,5219.906578142196
9961.125515548512,11.206743486225605,453.03180056996644,5219.906578142196
9963.508396318182,11.206743486225605,453.03180056996644,5221.158468682319
9964.314433313906,11.208028288558125,453.71591337397695,5221.158468682319
9967.214994389564,11.208028288558125,453.71591337397695,5223.114524696022
9967.950788799673,11.209262581542134,454.3140289541334,5223.114524696022
9971.432727457955,11.209262581542134,454.3140289541334,5225.638819672167
9971.881647026166,11.210575316101313,454.68843531794846,5225.638819672167
9974.59539269656,11.210575316101313,454.68843531794846,5227.4972207751125
9978.54308672063,11.215246671810746,454.85081912204623,5227.4972207751125
9981.507272005081,11.215246671810746,454.85081912204623,5228.9488071501255
9981.741347480565,11.216410143300891,454.99784405343235,5228.9488071501255
9984.13650760986,11.216410143300891,454.99784405343235,5230.979489479214
9984.526224054396,11.217789405956864,455.2675333917141,5230.979489479214
9985.722496125847,11.217789405956864,455.2675333917141,5231.581283085048
9985.90243434906,11.219195030629635,455.3577648047358,5231.581283085048
9987.3666445259,11.219195030629635,455.3577648047358,5232.57022587955
9990.575943367556,11.22385873645544,455.6535918209702,5232.57022587955
9991.77357106097,11.22385873645544,455.6535918209702,5233.452799525112
9992.150219466537,11.22512518800795,455.94184234924614,5233.452799525112
9996.615781765431,11.22512518800795,455.94184234924614,5236.896614570171
9996.75812678039,11.226403713226318,456.0238644629717,5236.896614570171
9998.180319776759,11.226403713226318,456.0238644629717,5237.822912786156
9998.497197898105,11.227634392678738,456.2774855978787,5237.822912786156
10002.14324872382,11.227634392678738,456.2774855978787,5240.240197299048
10005.160657960922,11.259848723188043,456.9980785679072,5240.240197299048
10009.79016458802,11.259848723188043,456.9980785679072,5243.573801442981
10010.24650971219,11.261222807690501,457.2987886816263,5243.573801442981
10013.965158153325,11.261222807690501,457.2987886816263,5245.900424154475
10014.343517810106,11.262507112696767,457.6571329906583,5245.900424154475
10016.816826933995,11.262507112696767,457.6571329906583,5247.477329038084
10017.125127647072,11.263764034956694,457.8071841467172,5247.477329038084
10019.963760988787,11.263764034956694,457.8071841467172,5249.647506924346
10024.41417248547,11.268372379243374,458.42822166346014,5249.647506924346
10028.073449807242,11.268372379243374,458.42822166346014,5252.046706221998
10028.83489493467,11.269638292491436,459.1581228636205,5252.046706221998
10033.105773441494,11.269638292491436,459.1581228636205,5255.343896007165
10033.495207902044,11.270846635103226,459.48341039568186,5255.343896007165
10037.61405955255,11.270846635103226,459.48341039568186,5258.711392426863
10038.049214908853,11.2722685392946,459.77460643462837,5258.711392426863
10042.670634729788,11.2722685392946,459.77460643462837,5262.094819620252
10045.758841047063,11.276946697384119,460.39135750196874,5262.094819620252
10050.513851391152,11.276946697384119,460.39135750196874,5265.699455438182
10050.963140964508,11.289511607959867,460.72078620269895,5265.699455438182
10055.224612604827,11.289511607959867,460.72078620269895,5268.675969500095
10055.492335997522,11.290955875068903,460.82021377421916,5268.675969500095
10058.064281441271,11.290955875068903,460.82021377421916,5270.204478256404
10058.331412941217,11.292322950437665,461.003356076777,5270.204478256404
10061.631490161642,11.292322950437665,461.003356076777,5272.670939819887
10064.54639977403,11.296998655423522,461.03597363457084,5272.670939819887
10067.710676670074,11.296998655423522,461.03597363457084,5275.679453983903
10068.119690997526,11.299012692645192,461.4227159023285,5275.679453983903
10071.43055296503,11.299012692645192,461.4227159023285,5277.503168914467
10072.16271446459,11.300427827984095,461.8382753189653,5277.503168914467
10074.611491503194,11.300427827984095,461.8382753189653,5278.858399666846
10074.942140685394,11.301567308604717,462.1281695328653,5278.858399666846
10076.757656605914,11.301567308604717,462.1281695328653,5279.317222494632
10080.95734279789,11.387996159493923,462.3152378965169,5279.317222494632
10082.578681921586,11.387996159493923,462.3152378965169,5280.027633687481
10082.660094052553,11.40455962345004,462.34769805148244,5280.027633687481
10084.345175752416,11.40455962345004,462.34769805148244,5280.559601824731
10084.574201304466,11.405980190262198,462.41352293640375,5280.559601824731
10087.661314435303,11.405980190262198,462.41352293640375,5282.06760087423
10088.359926149249,11.40723929554224,462.9069344177842,5282.06760087423
10090.019275020808,11.40723929554224,462.9069344177842,5283.314662925899
10094.298407325521,11.422737758606672,463.4590798020363,5283.314662925899
10097.181390719488,11.422737758606672,463.4590798020363,5285.721399012953
10097.324763713405,11.424078330397606,463.48774836584926,5285.721399012953
10099.086092296988,11.424078330397606,463.48774836584926,5286.761587649584
10099.3597163558,11.425359783694148,463.72195450402796,5286.761587649584
10104.302604097873,11.425359783694148,463.72195450402796,5291.211976157501
10104.814919793978,11.451196255162358,464.12521064281464,5291.211976157501
10107.514579540119,11.451196255162358,464.12521064281464,5293.018684733659
10111.107671817765,11.46987385675311,464.86124699376523,5293.018684733659
10117.81096339412,11.46987385675311,464.86124699376523,5299.0014030486345
10117.983303185552,11.47114109992981,464.94397844560444,5299.0014030486345
10120.234202219173,11.47114109992981,464.94397844560444,5300.529210548848
10120.380377985537,11.472476603463292,465.0379525963217,5300.529210548848
10121.501381728798,11.472476603463292,465.0379525963217,5300.939221300185
10121.683543460444,11.473958989605308,465.1132546849549,5300.939221300185
10122.789215216413,11.473958989605308,465.1132546849549,5301.5185566637665
10126.69486718066,11.478625213727355,465.9327089507133,5301.5185566637665
10132.149747377262,11.478625213727355,465.9327089507133,5306.10575203225
10132.391037121415,11.479952527210116,466.1342361997813,5306.10575203225
10134.682779580355,11.479952527210116,466.1342361997813,5307.784754266962
10135.034378645942,11.50210334174335,466.4519567321986,5307.784754266962
10137.750566741452,11.50210334174335,466.4519567321986,5309.02842704393
10137.901507493109,11.512473821640015,466.57160127162933,5309.02842704393
10140.244672561064,11.512473821640015,466.57160127162933,5310.310497028753
10143.379215342924,11.517155477777123,466.83035134524107,5310.310497028753
10146.907877786085,11.517155477777123,466.83035134524107,5312.718992462382
10146.953505340964,11.518643036484718,466.8610261436552,5312.718992462382
10147.984352964908,11.518643036484718,466.8610261436552,5313.437974827364
10148.301026960835,11.51990464143455,467.08227967098355,5313.437974827364
10152.374529741704,11.51990464143455,467.08227967098355,5315.926356563345
10153.175403507426,11.521171743050218,467.8366439137608,5315.926356563345
10156.27775362879,11.521171743050218,467.8366439137608,5318.174176378176
10159.210858860984,11.525774808600545,468.35958377458155,5318.174176378176
10162.726402841508,11.525774808600545,468.35958377458155,5320.745411999524
10162.91701244004,11.527061952278018,468.49771566316485,5320.745411999524
10166.892980452627,11.527061952278018,468.49771566316485,5323.9404424242675
10167.019668273628,11.528371015563607,468.5563824195415,5323.9404424242675
10171.662549369037,11.528371015563607,468.5563824195415,5327.197341073304
10172.124774029478,11.529885491356254,468.93307246267796,5327.197341073304
10176.118662821129,11.529885491356254,468.93307246267796,5329.937489703298
10178.671726364642,11.537436014041305,469.0057761743665,5329.937489703298
10181.343970093876,11.537436014041305,469.0057761743665,5331.928504616022
10181.749887650833,11.539759272709489,469.3975378833711,5331.928504616022
10183.227279106155,11.539759272709489,469.3975378833711,5332.705124145374
10183.445727931336,11.541121998801827,469.5604766122997,5332.705124145374
10186.88116361387,11.541121998801827,469.5604766122997,5335.345170203596
10187.698956636712,11.542433243244886,470.11697270721197,5335.345170203596
10189.617805486545,11.542433243244886,470.11697270721197,5336.79931684956
10192.849989689887,11.54698227532208,470.3927710633725,5336.79931684956
10196.58736223355,11.54698227532208,470.3927710633725,5339.1038289144635
10196.92496233061,11.54822758026421,470.70281098783016,5339.1038289144635
10200.346559068188,11.54822758026421,470.70281098783016,5341.562588563189
10200.518451532349,11.54941420070827,470.84809825755656,5341.562588563189
10203.356084574014,11.54941420070827,470.84809825755656,5342.981878822669
10203.651765525341,11.5506732147187,471.0938648544252,5342.981878822669
10207.664244370535,11.5506732147187,471.0938648544252,5345.923519205302
10210.673818416893,11.555238047614694,471.3977029938251,5345.923519205302
10213.663432389498,11.555238047614694,471.3977029938251,5348.091528194025
10213.906946092844,11.556514360010624,471.61648658663034,5348.091528194025
10218.28200742416,11.556514360010624,471.61648658663034,5351.448096480221
10218.793979601935,11.557922108098865,472.1078800987452,5351.448096480221
10222.48476542905,11.557922108098865,472.1078800987452,5354.204891121015
10222.969117641449,11.55942352488637,472.4814767539501,5354.204891121015
10225.724977813661,11.55942352488637,472.4814767539501,5355.990004234016
10227.93355301395,11.564117532223463,473.07080802693963,5355.990004234016
10232.5519942455,11.564117532223463,473.07080802693963,5358.833541870117
10232.994826808572,11.5653904248029,473.4732575509697,5358.833541870117
10235.616670669988,11.5653904248029,473.4732575509697,5360.507242243737
10235.983980096877,11.566706439480186,473.65383892320096,5360.507242243737
10239.10738657415,11.566706439480186,473.65383892320096,5362.657714847475
10239.586140353233,11.56796883046627,474.0597593598068,5362.657714847475
10241.911189664155,11.56796883046627,474.0597593598068,5364.328263191506
10246.615943521261,11.579571515321732,474.3980001267046,5364.328263191506
10248.712269464508,11.579571515321732,474.3980001267046,5366.165298992768
10248.995164429769,11.58082221634686,474.58195855282247,5366.165298992768
10252.172224696726,11.58082221634686,474.58195855282247,5368.862766806036
10252.383370699361,11.58201646618545,474.7724326066673,5368.862766806036
10255.445820309222,11.58201646618545,474.7724326066673,5370.403289780021
10255.689211150631,11.583338890224695,474.8460766952485,5370.403289780021
10258.247846102342,11.583338890224695,474.8460766952485,5371.95835432969
10261.1020900812,11.604620391502976,475.40912629663944,5371.95835432969
10264.553664049134,11.604620391502976,475.40912629663944,5374.495639700443
10265.065761856735,11.618196029216051,475.8879656493664,5374.495639700443
10267.871169704944,11.618196029216051,475.8879656493664,5376.311666624621
10268.087054133415,11.619403392076492,476.078724456951,5376.311666624621
10272.345435809344,11.619403392076492,476.078724456951,5379.467678504065
10272.441643601283,11.620602464303374,476.1292168404907,5379.467678504065
10276.295252474025,11.620602464303374,476.1292168404907,5382.2122518550605
10279.035512052476,11.625136937946081,476.7555500380695,5382.2122518550605
10283.027063049376,11.625136937946081,476.7555500380695,5385.37336688675
10283.49984308891,11.626354049891233,477.1390870437026,5385.37336688675
10287.429439976811,11.626354049891233,477.1390870437026,5387.92449756898
10287.729873145,11.627786565572023,477.3494274113327,5387.92449756898
10292.304802129045,11.627786565572023,477.3494274113327,5391.056361086667
10292.732280511409,11.62910676188767,477.69367053732276,5391.056361086667
10296.448890414089,11.62910676188767,477.69367053732276,5394.154738439247
10299.18444644846,11.633546063676476,478.09397558122873,5394.154738439247
10302.843275453895,11.633546063676476,478.09397558122873,5397.428444530815
10303.419339280576,11.640190394595265,478.6375682335347,5397.428444530815
10306.293501170352,11.640190394595265,478.6375682335347,5399.343234781176
10306.63449048996,11.641484959051013,478.92535938695073,5399.343234781176
10308.970882350579,11.641484959051013,478.92535938695073,5400.792223336175
10309.263301409781,11.642773630097508,479.09365708753467,5400.792223336175
10312.112049784511,11.642773630097508,479.09365708753467,5402.477833200246
10315.247071096674,11.64756155014038,479.6159507110715,5402.477833200246
10319.535664441064,11.64756155014038,479.6159507110715,5405.517319204286
10320.081248909235,11.648980993777514,480.0595831349492,5405.517319204286
10321.894250165671,11.648980993777514,480.0595831349492,5406.710669603199
10322.424898564816,11.650478690862656,480.46116482280195,5406.710669603199
10325.782494876534,11.650478690862656,480.46116482280195,5409.348151303828
10326.293860828504,11.651941427960992,480.9160203151405,5409.348151303828
10330.441649906337,11.651941427960992,480.9160203151405,5412.149102281779
10334.872047472745,11.656692299991846,481.4161558728665,5412.149102281779
10337.483275922015,11.656692299991846,481.4161558728665,5413.860739493743
10337.684964388609,11.658008864149451,481.5902311485261,5413.860739493743
10340.686744781211,11.658008864149451,481.5902311485261,5416.234876872972
10341.040661204606,11.65934032946825,481.9023770894855,5416.234876872972
10344.746719589457,11.65934032946825,481.9023770894855,5418.53948832117
10344.942036854103,11.660565331578255,482.08757102675736,5418.53948832117
10347.462952477857,11.660565331578255,482.08757102675736,5420.234843656421
10350.120030533522,11.666457431390882,482.1531290952116,5420.234843656421
10352.891317727044,11.666457431390882,482.1531290952116,5422.218968832865
10353.486396173015,11.667812895029783,482.73182568885386,5422.218968832865
10356.884912369773,11.667812895029783,482.73182568885386,5424.346544580534
10357.448390128091,11.669137069955468,483.23058077320457,5424.346544580534
10360.598284706473,11.669137069955468,483.23058077320457,5426.348204316571
10361.10140744038,11.670553356409073,483.699310189113,5426.348204316571
10363.944383844733,11.670553356409073,483.699310189113,5428.171923676506
10367.282604608685,11.68297004327178,484.15845583565533,5428.171923676506
10370.075342573225,11.68297004327178,484.15845583565533,5430.1904516313225
10370.695414997637,11.684365537017584,484.67022132873535,5430.1904516313225
10373.858088050038,11.684365537017584,484.67022132873535,5432.572700787336
10374.157430622727,11.686048228293657,484.92365156300366,5432.572700787336
10376.940774517134,11.686048228293657,484.92365156300366,5434.8437801525
10377.269802365452,11.687410242855549,485.1713472958654,5434.8437801525
10380.516194248572,11.687410242855549,485.1713472958654,5437.542201630771
10382.617420623079,11.692110227420926,485.26204213500023,5437.542201630771
10385.82819459401,11.692110227420926,485.26204213500023,5440.0551095772535
10386.373487137258,11.693639375269413,485.66248052194715,5440.0551095772535
10389.461190856993,11.693639375269413,485.66248052194715,5442.02772670798
10390.018447970971,11.694951647892594,486.118019875139,5442.02772670798
10393.540355902165,11.694951647892594,486.118019875139,5444.738693837076
10394.08894276619,11.69633867405355,486.6223995387554,5444.738693837076
10397.644655773416,11.69633867405355,486.6223995387554,5447.8107719291
10400.889037307352,11.738836340606213,486.8632332235575,5447.8107719291
10404.698990566656,11.738836340606213,486.8632332235575,5450.106030210853
10405.19000616856,11.740187475457788,487.31837888993323,5450.106030210853
10408.798651544377,11.740187475457788,487.31837888993323,5452.949295099825
10409.457154760137,11.741484818980098,487.9331927932799,5452.949295099825
10412.917106525972,11.741484818980098,487.9331927932799,5455.141861975193
10413.469161514193,11.743024365976453,488.3628135211766,5455.141861975193
10415.98817249015,11.743024365976453,488.3628135211766,5457.114436585456
10419.267296656966,11.747472940012813,488.77558790147305,5457.114436585456
10423.136352175847,11.747472940012813,488.77558790147305,5459.54648264125
10423.650993049145,11.748853893950582,489.1964959204197,5459.54648264125
10426.951859885827,11.748853893950582,489.1964959204197,5462.034195704386
10427.50544772856,11.750203946605325,489.7122430745512,5462.034195704386
10431.00032867305,11.750203946605325,489.7122430745512,5464.189167311415
10431.374577099457,11.751571102067828,489.94355970434844,5464.189167311415
10435.195994704962,11.751571102067828,489.94355970434844,5466.624699307606
10437.698493586853,11.756570922210813,490.1568695567548,5466.624699307606
10442.02044919692,11.756570922210813,490.1568695567548,5469.972041891888
10442.388398567215,11.757918337360024,490.455812131986,5469.972041891888
10444.918554253876,11.757918337360024,490.455812131986,5471.807776367292
10445.434040473774,11.759272921830416,490.8815954737365,5471.807776367292
10449.468019004911,11.759272921830416,490.8815954737365,5474.8604463581
10449.795032327995,11.760525023564696,491.1430073361844,5474.8604463581
10453.644066717476,11.760525023564696,491.1430073361844,5477.527933616191
10456.5429393854,11.765197809785604,491.61132369190454,5477.527933616191
10460.511606963351,11.765197809785604,491.61132369190454,5480.289445005357
10461.033725243062,11.766528403386474,492.09486153535545,5480.289445005357
10464.522792348638,11.766528403386474,492.09486153535545,5482.874613566324
10464.659318735823,11.768064510077238,492.1782618705183,5482.874613566324
10468.373052928597,11.768064510077238,492.1782618705183,5485.98789565824
10468.553981589153,11.769524324685335,492.3176546897739,5485.98789565824
10472.388735944405,11.769524324685335,492.3176546897739,5488.562580090016
10474.901982771233,11.774097826331854,492.8405233025551,5488.562580090016
10478.242411537096,11.774097826331854,492.8405233025551,5490.841911949217
10478.857921073213,11.775490021333098,493.2084663901478,5490.841911949217
10482.267477102578,11.775490021333098,493.2084663901478,5493.4353830795735
10482.858482081443,11.776956068351865,493.68777354620397,5493.4353830795735
10485.883501756936,11.776956068351865,493.68777354620397,5495.491688426584
10486.278104534373,11.778303653001785,494.05178423412144,5495.491688426584
10489.24530617334,11.778303653001785,494.05178423412144,5497.993991222233
10492.128731939942,11.783034950494766,494.2284377925098,5497.993991222233
10495.389990724623,11.783034950494766,494.2284377925098,5500.087185066193
10495.660849479958,11.784391915425658,494.32138843275607,5500.087185066193
10499.206594318151,11.784391915425658,494.32138843275607,5502.570232771337
10499.890957554802,11.785940462723374,494.95834233239293,5502.570232771337
10502.263121889904,11.785940462723374,494.95834233239293,5504.503894345835
10502.562349941581,11.787299836054444,495.2104115597904,5504.503894345835
10505.99737057276,11.787299836054444,495.2104115597904,5507.0993339158595
10508.841794425622,11.800627838820219,496.0251452792436,5507.0993339158595
10511.78393494524,11.800627838820219,496.0251452792436,5508.91364072822
10511.957921046764,11.80213382653892,496.0819418672472,5508.91364072822
10516.29319547303,11.80213382653892,496.0819418672472,5512.268603693694
10516.747336829081,11.803479000926018,496.5132582075894,5512.268603693694
10520.7800219208,11.803479000926018,496.5132582075894,5514.938208768144
10521.33100576885,11.811746524646878,496.9393322598189,5514.938208768144
10525.465862609446,11.811746524646878,496.9393322598189,5518.2773326560855
10528.833715643734,11.845356808975339,497.4493099376559,5518.2773326560855
10532.201489515603,11.845356808975339,497.4493099376559,5520.56235104613
10532.55154104717,11.846683641895652,497.7291019745171,5520.56235104613
10536.814596641809,11.846683641895652,497.7291019745171,5524.047415750101
10537.102510116994,11.848105698823929,498.00049541704357,5524.047415750101
10540.553924877197,11.848105698823929,498.00049541704357,5526.237925490364
10540.879451321438,11.849617466330528,498.16695336066186,5526.237925490364
10543.688303669915,11.849617466330528,498.16695336066186,5528.211482342333
10546.08143199794,11.854325944557786,498.3616467732936,5528.211482342333
10549.160049598664,11.854325944557786,498.3616467732936,5530.455663466826
10549.666862476617,11.856781728565693,498.83976888656616,5530.455663466826
10552.94173052907,11.856781728565693,498.83976888656616,5532.689372569323
10553.593119861558,11.858106663450599,499.296883655712,5532.689372569323
10556.860201500356,11.858106663450599,499.296883655712,5534.996347889304
10557.10722691007,11.859437476843596,499.5131960231811,5534.996347889304
10560.477219376713,11.859437476843596,499.5131960231811,5537.713426219299
10563.607784269378,11.864227095618844,499.72919882275164,5537.713426219299
10567.803767945617,11.864227095618844,499.72919882275164,5541.406924575567
10568.210115006194,11.865575160831213,500.00638221018016,5541.406924575567
10571.412828227505,11.865575160831213,500.00638221018016,5543.703676899895
10571.634689575061,11.867030046880245,500.1514898929745,5543.703676899895
10575.317440813407,11.867030046880245,500.1514898929745,5546.41724184528
10575.73300544545,11.87971998937428,500.4952722005546,5546.41724184528
10579.176136001945,11.87971998937428,500.4952722005546,5548.844554254785
10581.696474680677,11.884337363764644,500.87969594076276,5548.844554254785
10585.388947028667,11.884337363764644,500.87969594076276,5551.591544650495
10585.498990060762,11.885670250281692,500.9761266037822,5551.591544650495
10589.565652702004,11.885670250281692,500.9761266037822,5554.060609484091
10589.862329265103,11.886984933167696,501.2556172069162,5554.060609484091
10592.453993961215,11.886984933167696,501.2556172069162,5555.763379404321
10592.704704485834,11.888391649350524,501.45601223409176,5555.763379404321
10593.851403584704,11.888391649350524,501.45601223409176,5556.420480519533
10597.145815961063,11.915033606812358,501.55168554373085,5556.420480519533
10599.355677744374,11.915033606812358,501.55168554373085,5558.0762494485825
10599.86908778362,11.91636560112238,501.93786894343793,5558.0762494485825
10602.29805665277,11.91636560112238,501.93786894343793,5559.519240308553
10602.385436240584,11.917688723653555,502.00144303403795,5559.519240308553
10605.332336721942,11.917688723653555,502.00144303403795,5561.315105970949
10605.784263186157,11.919002067297697,502.36998096480966,5561.315105970949
10609.953224113211,11.919002067297697,502.36998096480966,5564.314334258437
10612.469586052,11.923655614256859,502.6093901824206,5564.314334258437
10615.635382944718,11.923655614256859,502.6093901824206,5566.472603034228
10615.96389003098,11.925201850011945,502.6970483046025,5566.472603034228
10618.694331612438,11.925201850011945,502.6970483046025,5568.041062714532
10619.020429616794,11.926530994474888,502.9899791292846,5568.041062714532
10622.007657304406,11.926530994474888,502.9899791292846,5569.86340412125
10622.492339346558,11.927941739559174,503.39190731942654,5569.86340412125
10624.941646330059,11.927941739559174,503.39190731942654,5571.329177625477
10629.339028153569,11.94467176310718,503.95980200357735,5571.329177625477
10630.858252212405,11.94467176310718,503.95980200357735,5572.182559320703
10631.35050700605,11.94603481888771,504.33537755161524,5572.182559320703
10634.728140892461,11.94603481888771,504.33537755161524,5574.8186709955335
10634.844009581953,11.947394764050841,504.4084399584681,5574.8186709955335
10636.733002012596,11.947394764050841,504.4084399584681,5575.776468068361
10636.98731152527,11.948745679110289,504.64396870322526,5575.776468068361
10640.801593385637,11.948745679110289,504.64396870322526,5578.919928552583
10644.644328845665,11.953722901642323,505.288271356374,5578.919928552583
10647.332958772779,11.953722901642323,505.288271356374,5581.070740422234
10647.563472788781,11.95524799823761,505.4793477486819,5581.070740422234
10650.379780389369,11.95524799823761,505.4793477486819,5582.7704952750355
10651.208351882175,11.956586522981524,506.2448702156544,5582.7704952750355
10655.399321297184,11.956586522981524,506.2448702156544,5585.427371090278
10656.089742552489,11.958318501710892,506.75714915432036,5585.427371090278
10658.199120378122,11.958318501710892,506.75714915432036,5586.973069895059
10661.47680750303,11.97484079375863,506.8327302355319,5586.973069895059
10662.776072433218,11.97484079375863,506.8327302355319,5587.858119690791
10662.873697716743,11.976344220340252,506.8920525815338,5587.858119690791
10664.365036999807,11.976344220340252,506.8920525815338,5588.594972288236
10664.721540208906,11.980292545631528,507.1572656799108,5588.594972288236
10666.073455998674,11.980292545631528,507.1572656799108,5589.284148039296
10666.837933178991,11.990286810323596,507.709272203967,5589.284148039296
10668.93051154539,11.990286810323596,507.709272203967,5590.173964599147
10673.158664770424,11.998171346262097,507.74735132977366,5590.173964599147
10675.118431707844,11.998171346262097,507.74735132977366,5591.5287247523665
10675.269546430558,12.006162131205201,507.8545544426888,5591.5287247523665
10677.74451954849,12.006162131205201,507.8545544426888,5593.020427659154
10678.00589380972,12.007497927173972,508.0916352458298,5593.020427659154
10681.370749089867,12.007497927173972,508.0916352458298,5595.767516372725
10681.896862497553,12.008831590414047,508.5539444386959,5595.767516372725
10683.741662332788,12.008831590414047,508.5539444386959,5596.605460546911
10687.341314356774,12.02286840043962,508.73173620924354,5596.605460546911
10690.04499913752,12.02286840043962,508.73173620924354,5598.964428862557
10690.38964664936,12.024317469447851,508.93220889754593,5598.964428862557
10692.648956350982,12.024317469447851,508.93220889754593,5600.00690901652
10692.74495796673,12.025708764791489,509.00432496517897,5600.00690901652
10694.370848037302,12.025708764791489,509.00432496517897,5601.286585398018
10694.784232538193,12.027201261371374,509.3867985587567,5601.286585398018
10697.736349029467,12.027201261371374,509.3867985587567,5603.254797147587
10701.804001398385,12.034893434494734,509.9479006379843,5603.254797147587
10705.125992313027,12.034893434494734,509.9479006379843,5605.617500253022
10705.315595341846,12.03633856959641,510.10578846372664,5605.617500253022
10707.773900194094,12.03633856959641,510.10578846372664,5607.793951647356
10708.183372210711,12.03776035644114,510.4188986402005,5607.793951647356
10710.776803372428,12.03776035644114,510.4188986402005,5609.650582907721
10710.902215497568,12.03903964906931,510.51327073574066,5609.650582907721
10713.997382385656,12.03903964906931,510.51327073574066,5611.99268976599
10717.20105352439,12.046047797426581,510.7711081709713,5611.99268976599
10720.160592736676,12.046047797426581,510.7711081709713,5614.279653269798
10720.513128973544,12.047422451898456,511.07544552348554,5614.279653269798
10725.331141373143,12.047422451898456,511.07544552348554,5617.542070837691
10725.61257616058,12.048762315884233,511.3210101593286,5617.542070837691
10727.94729367271,12.048762315884233,511.3210101593286,5618.601477604359
10728.263371700421,12.051173280924559,511.6189511157572,5618.601477604359
10730.871158601716,12.051173280924559,511.6189511157572,5620.533386237919
10733.991844333708,12.055824415758252,511.7199776005,5620.533386237919
10736.714296597987,12.055824415758252,511.7199776005,5622.581982243806
10736.867986667901,12.057136368006468,511.83472114242613,5622.581982243806
10738.50404247269,12.057136368006468,511.83472114242613,5623.6574687846005
10738.729119779542,12.058465633541346,512.0331507157534,5623.6574687846005
10741.069961369038,12.058465633541346,512.0331507157534,5624.945838533342
10741.183575781062,12.059784576296806,512.0819193050265,5624.945838533342
10744.197967261076,12.059784576296806,512.0819193050265,5626.691360348836
10747.248682720587,12.080588134005666,512.1980720628053,5626.691360348836
10748.549507284537,12.080588134005666,512.1980720628053,5627.458444405347
10748.97757501714,12.082081722095609,512.4304835014045,5627.458444405347
10750.989453993738,12.082081722095609,512.4304835014045,5628.7738323658705
10751.160167422146,12.083434153348207,512.5669035185128,5628.7738323658705
10752.790920747444,12.083434153348207,512.5669035185128,5630.008391799405
10753.141151424497,12.084755398333073,512.8895537871867,5630.008391799405
10754.573592601344,12.084755398333073,512.8895537871867,5630.7701007165015
10757.381449399516,12.089334521442652,513.5745458342135,5630.7701007165015
10758.896147869527,12.089334521442652,513.5745458342135,5631.389716755599
10759.472160277888,12.09068127721548,513.9843653533608,5631.389716755599
10762.956112565473,12.09068127721548,513.9843653533608,5633.449465362355
10763.022685904056,12.091976139694452,514.0184817537665,5633.449465362355
10764.029566016048,12.091976139694452,514.0184817537665,5634.166661424562
10764.432191405445,12.093329533934593,514.4124581310898,5634.166661424562
10768.479331152514,12.093329533934593,514.4124581310898,5636.928873470053
10771.710898183286,12.098054779693484,514.8725264146924,5636.928873470053
10776.106711076573,12.098054779693484,514.8725264146924,5640.0519373342395
10776.435085741803,12.099359944462776,515.0598377455026,5640.0519373342395
10780.975380340591,12.099359944462776,515.0598377455026,5643.493712587282
10781.370706900954,12.10072018019855,515.4118814300746,5643.493712587282
10785.617770193145,12.10072018019855,515.4118814300746,5646.4469393808395
10786.118634982035,12.10248839110136,515.8434239868075,5646.4469393808395
10790.6400515493,12.10248839110136,515.8434239868075,5649.737775390968
10793.381937909871,12.107138734310865,516.5816243551672,5649.737775390968
10796.82203490287,12.107138734310865,516.5816243551672,5652.265943432227
10796.99937181361,12.109030848369002,516.6649422384799,5652.265943432227
10799.35037086904,12.109030848369002,516.6649422384799,5653.493774242699
10800.15686311759,12.110370362177491,517.3546308986843,5653.493774242699
10805.383877556771,12.110370362177491,517.3546308986843,5657.36036477983
10806.04595455341,12.111709406599402,517.9525343775749,5657.36036477983
10809.509238356724,12.111709406599402,517.9525343775749,5659.856984553859
10813.930997025222,12.117721658200026,518.6788661349565,5659.856984553859
10815.986226465553,12.117721658200026,518.6788661349565,5661.125297697261
10816.205100189894,12.119032202288508,518.8746040612459,5661.125297697261
10819.011415325105,12.119032202288508,518.8746040612459,5662.529410136864
10819.509402573109,12.120551150292158,519.1765406541526,5662.529410136864
10821.382347011939,12.120551150292158,519.1765406541526,5663.923057768494
10821.553746014833,12.121886504814029,519.3133868612349,5663.923057768494
10824.627561153844,12.121886504814029,519.3133868612349,5665.980773404241
10827.107991648838,12.128774549812078,519.4005781151354,5665.980773404241
10829.066210420802,12.128774549812078,519.4005781151354,5667.099124731496
10829.445255476981,12.130209455266595,519.6721462402493,5667.099124731496
10833.185561971739,12.130209455266595,519.6721462402493,5670.334268676117
10833.522803777829,12.131511392071843,519.9283158537,5670.334268676117
10837.027253909037,12.131511392071843,519.9283158537,5672.990740897134
10837.278700677678,12.159986093640327,520.1362065523863,5672.990740897134
10840.939458670095,12.159986093640327,520.1362065523863,5675.526433346793
10844.317159721628,12.212096190080047,520.5830467734486,5675.526433346793
10848.156644904986,12.212096190080047,520.5830467734486,5678.272114383057
10848.559087181464,12.213475795462728,520.9577505532652,5678.272114383057
10852.166387889534,12.213475795462728,520.9577505532652,5681.274883495644
10852.365125142038,12.214895352721214,521.0532302577049,5681.274883495644
10854.545896314085,12.214895352721214,521.0532302577049,5682.586178455502
10854.651885280386,12.216270886361599,521.1454384308308,5682.586178455502
10857.529327826574,12.216270886361599,521.1454384308308,5684.931603573263
10861.925167333335,12.220975583419204,521.575485046953,5684.931603573263
10864.443722181022,12.220975583419204,521.575485046953,5686.887438720092
10864.710344657302,12.22244836203754,521.7611384708434,5686.887438720092
10867.401895321906,12.22244836203754,521.7611384708434,5688.04674869217
10868.085089748725,12.22378040663898,522.3759184777737,5688.04674869217
10871.127381989732,12.22378040663898,522.3759184777737,5690.127370083705
10871.881720568985,12.225105019286275,523.0624011773616,5690.127370083705
10875.779499053955,12.225105019286275,523.0624011773616,5693.465368291363
10878.156725816429,12.246677221730351,523.4086395725608,5693.465368291363
10881.563806176186,12.246677221730351,523.4086395725608,5695.430388964713
10882.071018675342,12.24803184531629,523.83540103212,5695.430388964713
10884.52409367077,12.24803184531629,523.83540103212,5696.619200749323
10885.04881028086,12.249271739274263,524.2916264869273,5696.619200749323
10888.5577979628,12.249271739274263,524.2916264869273,5698.869042349979
10889.084583241493,12.251394499093294,524.7136644795537,5698.869042349979
10890.232175534591,12.251394499093294,524.7136644795537,5699.371046228334
10893.732396801934,12.310694279149175,525.3973520994186,5699.371046228334
10896.123459065333,12.310694279149175,525.3973520994186,5700.977073667571
10896.182812113315,12.31215313449502,525.4350657146424,5700.977073667571
10897.814702652395,12.31215313449502,525.4350657146424,5702.312390124425
10898.021665237844,12.313747713342309,525.5957275759429,5702.312390124425
10900.99764727801,12.313747713342309,525.5957275759429,5704.268849847838
10901.49753825739,12.31505853869021,526.0617402289063,5704.268849847838
10903.075936675072,12.31505853869021,526.0617402289063,5705.125682024285
10906.137278459966,12.319714922457933,526.4522215686738,5705.125682024285
10907.42899793759,12.319714922457933,526.4522215686738,5705.7228630930185
10907.932348061353,12.321066616103053,526.9459148459136,5705.7228630930185
10910.0708567556,12.321066616103053,526.9459148459136,5707.395894384012
10910.382438100874,12.322368251159787,527.2202092241496,5707.395894384012
10912.368777452037,12.322368251159787,527.2202092241496,5708.820521499962
10912.889759832993,12.323643712326884,527.6730622779578,5708.820521499962
10917.276607526466,12.323643712326884,527.6730622779578,5712.349325418472
10919.954218268394,12.368424165993929,527.8903301302344,5712.349325418472
10923.203016800806,12.368424165993929,527.8903301302344,5714.361862277612
10923.957915708423,12.37029718235135,528.566564746201,5714.361862277612
10927.738108957186,12.37029718235135,528.566564746201,5716.9799219910055
10928.42351478152,12.371772099286318,529.1742649096996,5716.9799219910055
10933.283183412626,12.371772099286318,529.1742649096996,5720.870083451271
10933.82756138593,12.373229486867785,529.5924610663205,5720.870083451271
10936.634134648368,12.373229486867785,529.5924610663205,5722.905353086069
10939.286778146401,12.377876808866858,529.7895644828677,5722.905353086069
10944.009040249512,12.377876808866858,529.7895644828677,5726.245434015989
10944.35996090062,12.379222325980663,530.0236517805606,5726.245434015989
10948.718260297552,12.379222325980663,530.0236517805606,5729.523664774373
10949.381194965914,12.380707623437047,530.5457574669272,5729.523664774373
10952.560784641653,12.380707623437047,530.5457574669272,5732.372517034411
10952.853250902146,12.382022608071566,530.8122362457216,5732.372517034411
10956.608024252579,12.382022608071566,530.8122362457216,5735.021865976974
10959.016633037478,12.386722162365913,531.243845038116,5735.021865976974
10963.419810308143,12.386722162365913,531.243845038116,5737.99025333859
10963.877803498879,12.388069769367576,531.641500690952,5737.99025333859
10968.113895293325,12.388069769367576,531.641500690952,5741.469681553543
10968.42978923954,12.400616558268666,531.877932542935,5741.469681553543
10972.29857176356,12.400616558268666,531.877932542935,5744.493718387559
10972.622595876455,12.401916651055217,532.1230334304273,5744.493718387559
10977.831452105194,12.401916651055217,532.1230334304273,5748.319721374661
10980.136313369498,12.40652202628553,532.1816949285567,5748.319721374661
10983.743228726089,12.40652202628553,532.1816949285567,5751.449858384207
10984.470634048805,12.408034214749932,532.7259603329003,5751.449858384207
10987.938228940591,12.408034214749932,532.7259603329003,5754.3757869992405
10988.73191876337,12.409519091248512,533.3990563191473,5754.3757869992405
10992.816938333213,12.409519091248512,533.3990563191473,5757.6284750029445
10993.267391616479,12.410943787544966,533.7486302610487,5757.6284750029445
10997.280593363568,12.410943787544966,533.7486302610487,5760.593919590116
10999.966100061312,12.426825147122145,534.3476771637797,5760.593919590116
11003.622432464734,12.426825147122145,534.3476771637797,5763.632595906034
11004.470967456698,12.428129680454731,535.0949180331081,5763.632595906034
11008.149763412774,12.428129680454731,535.0949180331081,5766.073693955317
11008.544371772557,12.429399454966187,535.4608834441751,5766.073693955317
11011.48712163791,12.429399454966187,535.4608834441751,5768.4741704482585
11011.654533701017,12.430738247931004,535.6201752927154,5768.4741704482585
11014.604136841372,12.430738247931004,535.6201752927154,5770.470091979951
11016.809910314158,12.449468387290835,536.0157521627843,5770.470091979951
11019.702734341845,12.449468387290835,536.0157521627843,5772.563815904781
11019.81553193368,12.450797921046615,536.1199497189373,5772.563815904781
11021.086780289188,12.450797921046615,536.1199497189373,5773.3740642201155
11021.47751528211,12.45227918587625,536.3466910049319,5773.3740642201155
11023.638885976747,12.45227918587625,536.3466910049319,5774.955942919478
11024.238769654185,12.453551836311817,536.7372538950294,5774.955942919478
11026.251225540414,12.453551836311817,536.7372538950294,5776.251499827951
11029.406565297395,12.45808444544673,536.9922383371741,5776.251499827951
11030.87794539705,12.45808444544673,536.9922383371741,5777.165197316557
11031.090209953487,12.459400467574596,537.1562843322754,5777.165197316557
11035.286415167153,12.459400467574596,537.1562843322754,5780.600964082405
11035.724878298119,12.460721412673593,537.5620341394097,5780.600964082405
11037.97730699554,12.460721412673593,537.5620341394097,5782.114078262821
11038.39830198884,12.462047964334488,537.7926283404231,5782.114078262821
11040.099397901446,12.462047964334488,537.7926283404231,5783.1009912174195
11043.792483713478,12.487837132066488,537.8583756871521,5783.1009912174195
11045.491572048515,12.487837132066488,537.8583756871521,5784.0451467856765
11046.17323404923,12.489252047613263,538.3086266331375,5784.0451467856765
11049.638265570626,12.489252047613263,538.3086266331375,5786.611342847347
11050.061781469733,12.490646993741393,538.6693541426212,5786.611342847347
11053.061156569049,12.490646993741393,538.6693541426212,5788.517365813255
11053.477632509544,12.492035100236535,539.075920842588,5788.517365813255
11054.712420918047,12.492035100236535,539.075920842588,5788.956688018516
11057.818933676928,12.49668063595891,539.348497884348,5788.956688018516
11059.66864265874,12.49668063595891,539.348497884348,5790.376112505794
11060.006591252983,12.498002480715513,539.6692262049764,5790.376112505794
11062.343776918948,12.498002480715513,539.6692262049764,5791.913534633815
11062.449421161786,12.499312514439225,539.7452827189118,5791.913534633815
11063.648453028873,12.499312514439225,539.7452827189118,5792.567383946851
11064.103518065065,12.500687649473548,540.1753899063915,5792.567383946851
11067.781367659569,12.500687649473548,540.1753899063915,5795.575222894549
11070.862433301285,12.50535998493433,540.4375757090747,5795.575222894549
11073.110651021823,12.50535998493433,540.4375757090747,5797.33488221094
11073.409158814698,12.506733998656273,540.6971809752285,5797.33488221094
11077.172665514052,12.506733998656273,540.6971809752285,5799.903282070532
11077.481131521985,12.508121026679873,540.7857082374394,5799.903282070532
11078.672339856625,12.508121026679873,540.7857082374394,5800.734407313168
11078.953745720908,12.509720996022224,540.9134127106518,5800.734407313168
11081.276009080932,12.509720996022224,540.9134127106518,5801.993220672011
11084.806274777278,12.520263047888875,541.0698344688863,5801.993220672011
11085.961216146126,12.520263047888875,541.0698344688863,5802.517325393856
11086.580250205472,12.52160751260817,541.4690738972276,5802.517325393856
11089.653442300856,12.52160751260817,541.4690738972276,5804.207463286817
11090.070630066097,12.522938966751099,541.8486269190907,5804.207463286817
11091.926437525079,12.522938966751099,541.8486269190907,5805.606002181768
11092.268703809008,12.535816378891468,542.1427941266447,5805.606002181768
11095.44143165648,12.535816378891468,542.1427941266447,5808.052709093317
11099.552973972633,12.540515983477235,542.6396239344031,5808.052709093317
11101.0709149912,12.540515983477235,542.6396239344031,5808.896042870358
11101.252164980397,12.541861755773425,542.7670611236244,5808.896042870358
11102.978926245123,12.541861755773425,542.7670611236244,5810.24990690127
11103.718042552471,12.543165178969502,543.4410224352032,5810.24990690127
11105.541000768542,12.543165178969502,543.4410224352032,5811.556858800352
11106.185830060393,12.544637834653258,544.0277440715581,5811.556858800352
11110.184362621978,12.544637834653258,544.0277440715581,5814.403323242441
11113.399406416342,12.549221014603972,544.7406343836337,5814.403323242441
11116.511389829218,12.549221014603972,544.7406343836337,5816.774649323896
11116.775760853663,12.550745023414493,544.9352881386876,5816.774649323896
11120.418582940474,12.550745023414493,544.9352881386876,5819.071402570233
11120.742397816852,12.55219723843038,545.1417835056782,5819.071402570233
11122.520307304338,12.55219723843038,545.1417835056782,5820.088719693944
11122.947929641232,12.553561262786388,545.5203789304942,5820.088719693944
11126.798947704956,12.553561262786388,545.5203789304942,5823.339216478169
11130.488521456718,12.558272367343307,545.6865030266345,5823.339216478169
11133.139531258494,12.558272367343307,545.6865030266345,5825.387003401294
11133.385759362951,12.565891034901142,545.8992772214115,5825.387003401294
11135.476671483368,12.565891034901142,545.8992772214115,5826.477734457701
11135.7300734967,12.567373342812061,546.1253331471235,5826.477734457701
11138.954789848998,12.567373342812061,546.1253331471235,5828.553784197196
11139.467161441222,12.56880115903914,546.5610364042222,5828.553784197196
11141.235505256802,12.56880115903914,546.5610364042222,5829.731255961582
11143.958622144535,12.588651740923524,546.898394767195,5829.731255961582
11145.936314284801,12.588651740923524,546.898394767195,5831.048118835315
11146.207015614957,12.589961975812912,547.0232059396803,5831.048118835315
11147.2842005454,12.589961975812912,547.0232059396803,5831.714775806293
11147.531982377172,12.595255982130766,547.2365788444877,5831.714775806293
11150.459285115823,12.595255982130766,547.2365788444877,5834.071863187477
11150.615214215592,12.596579505130649,547.3584875855595,5834.071863187477
11153.64131104201,12.596579505130649,547.3584875855595,5836.527369633317
11155.628361456096,12.615937208756804,547.7352145891637,5836.527369633317
11158.81903498061,12.615937208756804,547.7352145891637,5838.944467771798
11159.297764021903,12.61730931326747,548.1684462092817,5838.944467771798
11162.705971900374,12.61730931326747,548.1684462092817,5841.474430304021
11162.918747898191,12.618694670498371,548.3530901838094,5841.474430304021
11165.767448397353,12.618694670498371,548.3530901838094,5843.504257246852
11165.948981665075,12.62010889686644,548.438781414181,5843.504257246852
11169.507415985689,12.62010889686644,548.438781414181,5846.350378124043
11170.70778751932,12.624611988663673,548.6966632697731,5846.350378124043
11172.849031453952,12.624611988663673,548.6966632697731,5848.257711960003
11173.072135988623,12.625915741547942,548.9020181819797,5848.257711960003
11175.074934892356,12.625915741547942,548.9020181819797,5849.85501627624
11175.310720646754,12.627256045117974,549.0635086130351,5849.85501627624
11177.134360447526,12.627256045117974,549.0635086130351,5851.089022686705
11177.27393171005,12.628535747528076,549.1907776538283,5851.089022686705
11179.372808173299,12.628535747528076,549.1907776538283,5852.636435005814
11180.5303106606,12.64838040061295,549.4557087086141,5852.636435005814
11182.502391144633,12.64838040061295,549.4557087086141,5854.0357464868575
11182.799928884953,12.64986551553011,549.6716185696423,5854.0357464868575
11184.398907953873,12.64986551553011,549.6716185696423,5855.2980531305075
11184.604526240379,12.651319159194827,549.8512828536332,5855.2980531305075
11187.32382022962,12.651319159194827,549.8512828536332,5857.243534881622
11187.51012876071,12.652628453448415,550.0088420324028,5857.243534881622
11189.677849333733,12.652628453448415,550.0088420324028,5858.9695280548185
11190.93553775549,12.657190566882491,550.2534350976348,5858.9695280548185
11192.901018781587,12.657190566882491,550.2534350976348,5860.410659145564
11193.031289255247,12.658492231741548,550.306683357805,5860.410659145564
11195.462359394878,12.658492231741548,550.306683357805,5862.0957018416375
11195.673960588872,12.659783285111189,550.4831439312547,5862.0957018416375
11197.417151888832,12.659783285111189,550.4831439312547,5863.298993313685
11197.694595392793,12.661105880513787,550.7297982145101,5863.298993313685
11199.80928315781,12.661105880513787,550.7297982145101,5864.877925340086
11201.285091405734,12.692689204588532,551.0339747276157,5864.877925340086
11203.660380961373,12.692689204588532,551.0339747276157,5866.446233220398
11203.880875756964,12.694014389067888,551.2343950476497,5866.446233220398
11206.307442147285,12.694014389067888,551.2343950476497,5868.015765104443
11206.406795177609,12.695381224155426,551.3064017482102,5868.015765104443
11208.55980260484,12.695381224155426,551.3064017482102,5869.461726186797
11208.75013629347,12.696730388328433,551.4626884963363,5869.461726186797
11210.92635784112,12.696730388328433,551.4626884963363,5871.267634822056
11212.073131805286,12.701254941523075,551.695641040802,5871.267634822056
11214.199929865077,12.701254941523075,551.695641040802,5872.87073776871
11214.37361491844,12.715236576274037,551.8290630932897,5872.87073776871
11216.726238885894,12.715236576274037,551.8290630932897,5874.680442413315
11216.992887120694,12.716473108157516,552.0597943477333,5874.680442413315
11219.015703937039,12.716473108157516,552.0597943477333,5876.44571492821
11219.127959923819,12.72397449426353,552.1451090201735,5876.44571492821
11221.203528201208,12.72397449426353,552.1451090201735,5878.006570227444
11222.58308544755,12.751386204734445,552.2937245164067,5878.006570227444
11224.16755161807,12.751386204734445,552.2937245164067,5879.162943087518
11224.315453302115,12.752909133210778,552.4264832157642,5879.162943087518
11226.36365053244,12.752909133210778,552.4264832157642,5880.585199341178
11226.65400397405,12.75413104519248,552.6759703606367,5880.585199341178
11228.482309216633,12.75413104519248,552.6759703606367,5882.177061814815
11228.748961474746,12.75544036924839,552.9194083847106,5882.177061814815
11231.361965436488,12.75544036924839,552.9194083847106,5883.952741589397
11232.650696508586,12.760188307613134,553.0835121255368,5883.952741589397
11234.602105487138,12.760188307613134,553.0835121255368,5885.40313436836
11234.853584568948,12.761634435504675,553.2801177669317,5885.40313436836
11236.785255037248,12.761634435504675,553.2801177669317,5886.805758025497
11237.167215926573,12.763033611699939,553.6310910340399,5886.805758025497
11239.605124721304,12.763033611699939,553.6310910340399,5888.576859178022
11239.790264265612,12.764566138386726,553.7901789918542,5888.576859178022
11242.173391548917,12.764566138386726,553.7901789918542,5890.2699198797345
11243.392096497118,12.769166512414813,554.0577658191323,5890.2699198797345
11245.096919933334,12.769166512414813,554.0577658191323,5891.609552521259
11245.332619076595,12.770443247631192,554.2710588555783,5891.609552521259
11247.601621795446,12.770443247631192,554.2710588555783,5893.3039635792375
11247.881635729223,12.771783692762256,554.5167829040438,5893.3039635792375
11250.040523437783,12.771783692762256,554.5167829040438,5895.024320648983
11250.412395145744,12.773113168776035,554.8241897057742,5895.024320648983
11252.309548147023,12.773113168776035,554.8241897057742,5896.4739154055715
11253.751753997058,12.777984658256173,554.9313260186464,5896.4739154055715
11255.527407206595,12.777984658256173,554.9313260186464,5897.719662865624
11255.752607928589,12.779286693781614,555.1183691266924,5897.719662865624
11258.276278020814,12.779286693781614,555.1183691266924,5899.477556141093
11258.406609894708,12.780621256679296,555.2263901345432,5899.477556141093
11260.429099081084,12.780621256679296,555.2263901345432,5900.880216782913
11260.538771491498,12.782058013603091,555.2990023866296,5900.880216782913
11262.518320685253,12.782058013603091,555.2990023866296,5902.367677280679
11263.811880279332,12.786786688491702,555.5234680399299,5902.367677280679
11265.837405722588,12.786786688491702,555.5234680399299,5903.668567437679
11266.085559085011,12.788127943873405,555.7276819609106,5903.668567437679
11268.353726450354,12.788127943873405,555.7276819609106,5905.434288237244
11268.6556980256,12.789549032226205,556.0137296635658,5905.434288237244
11269.633226079866,12.789549032226205,556.0137296635658,5906.061229633167
11269.724005963653,12.791006648913026,556.09182786569,5906.061229633167
11270.942206185311,12.791006648913026,556.09182786569,5906.865739304572
11273.847200704738,12.7977305483073,556.1840037349612,5906.865739304572
11276.135372417048,12.7977305483073,556.1840037349612,5908.363288898021
11276.470884721726,12.799183512106538,556.3000120390207,5908.363288898021
11277.962432485074,12.799183512106538,556.3000120390207,5908.996483778581
11278.16112252511,12.80050278455019,556.461878798902,5908.996483778581
11279.244163354859,12.80050278455019,556.461878798902,5909.696439575404
11279.538271835074,12.801969503983855,556.6071365680546,5909.696439575404
11280.85123407282,12.801969503983855,556.6071365680546,5910.816024592146
11282.392326701432,12.806691862642765,556.6772146448493,5910.816024592146
11284.148158593103,12.806691862642765,556.6772146448493,5911.869217526168
11284.323931295425,12.807975916191936,556.80818118155,5911.869217526168
11286.03418861702,12.807975916191936,556.80818118155,5913.0341107062995
11286.2522787489,12.809297190979123,557.0081362966448,5913.0341107062995
11287.599036345258,12.809297190979123,557.0081362966448,5913.73938200064
11287.944735856727,12.820870721712708,557.1285083200783,5913.73938200064
11289.787219610065,12.820870721712708,557.1285083200783,5915.06192346476
11293.450162690133,12.825754130259156,557.1956516131759,5915.06192346476
11294.900239856914,12.825754130259156,557.1956516131759,5916.246547058225
11295.141379693523,12.82708422653377,557.4033724889159,5916.246547058225
11297.295751260594,12.82708422653377,557.4033724889159,5917.678941277787
11297.501194706187,12.828438721597195,557.5760888159275,5917.678941277787
11298.930282561108,12.828438721597195,557.5760888159275,5918.708176797256
11299.110967224464,12.829746993258595,557.7355349529535,5918.708176797256
11300.839786995202,12.829746993258595,557.7355349529535,5920.049826208502
11303.824545757845,12.834443038329482,557.8628558330238,5920.049826208502
11304.953410454094,12.834443038329482,557.8628558330238,5920.717580527067
11305.057145895436,12.83574333973229,557.9117062631994,5920.717580527067
11306.09670031257,12.83574333973229,557.9117062631994,5921.353296563029
11306.546286368743,12.837234364822507,558.2208769395947,5921.353296563029
11307.907195514068,12.837234364822507,558.2208769395947,5922.112119115889
11308.12812246196,12.838564772158861,558.3986409511417,5922.112119115889
11309.307382665575,12.838564772158861,558.3986409511417,5922.7565360907465
11311.289114607498,12.849179841578007,558.6132262721658,5922.7565360907465
11313.079033141956,12.849179841578007,558.6132262721658,5923.891225809231
11313.27366406098,12.850542386993766,558.7918891496956,5923.891225809231
11314.386345962062,12.850542386993766,558.7918891496956,5924.420740231872
11314.571725690737,12.851853551343083,558.9681313727051,5924.420740231872
11315.785473644733,12.851853551343083,558.9681313727051,5925.475827675313
11315.982417505234,12.853316808119416,559.1420986540616,5925.475827675313
11317.465047489852,12.853316808119416,559.1420986540616,5926.409200686961
11319.769198881462,12.85805607587099,559.2182818036526,5926.409200686961
11321.29345221445,12.85805607587099,559.2182818036526,5927.36997664161
11321.343486648053,12.85937856696546,559.2512354832143,5927.36997664161
11322.848286924884,12.85937856696546,559.2512354832143,5928.33048905991
11323.047962665558,12.860717732459307,559.3491162471473,5928.33048905991
11324.686476185918,12.860717732459307,559.3491162471473,5929.546725509688
11324.94416578114,12.862104415893555,559.530065735802,5929.546725509688
11326.879997396842,12.862104415893555,559.530065735802,5930.9160372223705
11328.80104854703,12.868360860273242,559.6816054265946,5930.9160372223705
11330.881692945957,12.868360860273242,559.6816054265946,5932.299391807988
11331.052304614335,12.869656074792147,559.8307176772505,5932.299391807988
11332.922675048932,12.869656074792147,559.8307176772505,5933.584041884169
11333.06800880842,12.871209174394608,559.9570123404264,5933.584041884169
11334.571510886773,12.871209174394608,559.9570123404264,5934.497803943232
11334.85698392056,12.874104484915733,560.0404045302421,5934.497803943232
11336.031937509775,12.874104484915733,560.0404045302421,5934.935379059985
11337.769922880456,12.893752340227365,560.0778227299452,5934.935379059985
11339.488170435652,12.893752340227365,560.0778227299452,5936.490875095129
11339.770671725273,12.895109163597226,560.3214152101427,5936.490875095129
11341.844923807308,12.895109163597226,560.3214152101427,5938.400798732415
11342.154974669218,12.89649915881455,560.6113494560122,5938.400798732415
11344.202838860452,12.89649915881455,560.6113494560122,5940.126910628751
11344.256888397038,12.897832281887531,560.6574136167765,5940.126910628751
11345.18373192288,12.897832281887531,560.6574136167765,5940.81894220598
11346.826430128887,12.9038723744452,560.8678797036409,5940.81894220598
11348.952365005389,12.9038723744452,560.8678797036409,5942.3529714122415
11349.161349894479,12.905186358839273,561.0533002931625,5942.3529714122415
11351.534078860655,12.905186358839273,561.0533002931625,5944.174565339461
11351.725987549871,12.906518552452326,561.2295519560575,5944.174565339461
11354.006580265239,12.906518552452326,561.2295519560575,5945.975874854252
11354.126651152968,12.908728690817952,561.3111214824021,5945.975874854252
11356.7134940736,12.908728690817952,561.3111214824021,5947.9487348701805
11357.927623469383,12.913440234959126,561.354364739731,5947.9487348701805
11359.995315592736,12.913440234959126,561.354364739731,5949.400292325765
11360.067413229495,12.9147839397192,561.3968219552189,5949.400292325765
11362.20935113728,12.9147839397192,561.3968219552189,5951.036053996533
11362.51197865419,12.916241437196732,561.6611574050039,5951.036053996533
11364.883400257677,12.916241437196732,561.6611574050039,5952.836355149746
11365.083758071065,12.917634813115,561.8314889911562,5952.836355149746
11367.295577265322,12.917634813115,561.8314889911562,5954.405238272622
11369.792802723125,12.922352857887745,562.0892235804349,5954.405238272622
11372.899447873235,12.922352857887745,562.0892235804349,5956.634367292747
11373.198775449768,12.936103029176593,562.3500926569104,5956.634367292747
11375.889813393354,12.936103029176593,562.3500926569104,5958.725618001074
11376.104802992195,12.937480751425028,562.5529804434627,5958.725618001074
11377.575035978109,12.937480751425028,562.5529804434627,5959.933916211128
11377.966802939773,12.939151458442211,562.8961574696004,5959.933916211128
11379.966454166919,12.939151458442211,562.8961574696004,5961.414202718064
11381.435048602521,12.958808897063136,563.1020756009966,5961.414202718064
11383.69333854504,12.958808897063136,563.1020756009966,5963.019949974492
11383.98271009326,12.960359647870064,563.3133744541556,5963.019949974492
11385.985395196825,12.960359647870064,563.3133744541556,5964.477475110441
11386.120373347774,12.961803704500198,563.4316174685955,5964.477475110441
11388.402773970738,12.961803704500198,563.4316174685955,5966.210675511509
11388.751776093617,12.963240548968315,563.7457297556102,5966.210675511509
11390.978789908811,12.963240548968315,563.7457297556102,5967.865032304078
11393.782906778157,12.97212458960712,564.084084674716,5967.865032304078
11395.831267783418,12.97212458960712,564.084084674716,5969.514082789421
11396.190974961966,12.973595885559916,564.3936221785843,5969.514082789421
11397.820672947913,12.973595885559916,564.3936221785843,5970.553917836398
11397.977954274043,12.974956879392266,564.5382379051298,5970.553917836398
11398.936729066074,12.974956879392266,564.5382379051298,5970.919138476253
11399.099220069125,12.976377295330167,564.6532879248261,5970.919138476253
11401.462552841753,12.976377295330167,564.6532879248261,5972.180362172425
11403.188909869641,12.99981632269919,564.747941872105,5972.180362172425
11404.792354146019,12.99981632269919,564.747941872105,5973.111846424639
11405.205208273605,13.001237526535988,565.0613636691123,5973.111846424639
11406.750510688871,13.001237526535988,565.0613636691123,5973.758489524946
11406.816538793966,13.00259993225336,565.1168250106275,5973.758489524946
11409.220416355878,13.00259993225336,565.1168250106275,5975.4212086405605
11409.493698108941,13.004011329263449,565.3474682364613,5975.4212086405605
11411.078950842842,13.004011329263449,565.3474682364613,5976.428577577695
11412.636069517583,13.008597861975431,565.7674656454474,5976.428577577695
11414.59110021405,13.008597861975431,565.7674656454474,5977.807485500351
11414.898780373856,13.009948706254363,566.0654206499457,5977.807485500351
11416.571687849239,13.009948706254363,566.0654206499457,5978.982467664406
11416.961168611422,13.011379834264517,566.387495143339,5978.982467664406
11419.237350504845,13.011379834264517,566.387495143339,5980.670564223081
11419.450604492798,13.01277530938387,566.5655221492052,5980.670564223081
11421.429008198902,13.01277530938387,566.5655221492052,5982.020038800314
11422.89145213738,13.0176214389503,566.8106190804392,5982.020038800314
11425.268243426457,13.0176214389503,566.8106190804392,5983.850814804435
11425.469685461372,13.019004572182894,566.9902259968221,5983.850814804435
11426.682366443798,13.019004572182894,566.9902259968221,5984.687211016193
11426.917851686478,13.020413795486093,567.1624861694872,5984.687211016193
11428.130204813555,13.020413795486093,567.1624861694872,5985.433486577123
11428.470164205879,13.021738179028034,567.4743646774441,5985.433486577123
11429.139377838,13.021738179028034,567.4743646774441,5985.828440157697
11430.907705713063,13.026380455121398,567.7020597625524,5985.828440157697
11432.559259189293,13.026380455121398,567.7020597625524,5986.773970717564
11432.984493043274,13.027796991169453,568.0920854937285,5986.773970717564
11433.754773259163,13.027796991169453,568.0920854937285,5987.300229843706
11434.083703096956,13.029282748699188,568.3840016853064,5987.300229843706
11436.070339545608,13.029282748699188,568.3840016853064,5988.839423822239
11436.214706726372,13.03064650297165,568.5090819653124,5988.839423822239
11438.343754792586,13.03064650297165,568.5090819653124,5990.35406733118
11439.712939681485,13.035652376711369,568.7546174526215,5990.35406733118
11441.994057457894,13.035652376711369,568.7546174526215,5992.135108679533
11442.22392676957,13.03711306490004,568.9665937796235,5992.135108679533
11443.890393208712,13.03711306490004,568.9665937796235,5993.363278765231
11444.182631989941,13.038588281720877,569.2454461157322,5993.363278765231
11446.712786277756,13.038588281720877,569.2454461157322,5995.396414840594
11446.982400344685,13.040014248341322,569.4751575160772,5995.396414840594
11448.19233183004,13.040014248341322,569.4751575160772,5996.262951605022
11449.67315065302,13.065786197781563,569.5180807597935,5996.262951605022
11451.516947168857,13.065786197781563,569.5180807597935,5997.483177557588
11451.774744449183,13.07328437641263,569.7391574922949,5997.483177557588
11453.967563517392,13.07328437641263,569.7391574922949,5999.33947474882
11454.289588790387,13.074654180556536,570.0164811704308,5999.33947474882
11456.06290080212,13.074654180556536,570.0164811704308,6000.509262550622
11456.37685645558,13.075988214462996,570.313474567607,6000.509262550622
11459.163435703143,13.075988214462996,570.313474567607,6002.402497960255
11460.727386085317,13.083499180153012,570.3927643038332,6002.402497960255
11462.818752693012,13.083499180153012,570.3927643038332,6003.864385381341
11463.267105611041,13.08489198423922,570.7918215915561,6003.864385381341
11465.369930900633,13.08489198423922,570.7918215915561,6005.567727433518
11465.50158477202,13.086432231590152,570.914616683498,6005.567727433518
11467.157895550132,13.086432231590152,570.914616683498,6006.720488635823
11467.490993892774,13.087890930473804,571.1856424249709,6006.720488635823
11469.873239429668,13.087890930473804,571.1856424249709,6008.609470997006
11471.224014393985,13.111577430739999,571.3844054192305,6008.609470997006
11472.682684214786,13.111577430739999,571.3844054192305,6009.838762996718
11472.965687666088,13.113020166754723,571.6588406730443,6009.838762996718
11475.091000225395,13.113020166754723,571.6588406730443,6011.57225737907
11475.431155661121,13.114426992833614,571.9641902539879,6011.57225737907
11477.240238673985,13.114426992833614,571.9641902539879,6012.772149924189
11477.489787464961,13.115737037733197,572.1890707369894,6012.772149924189
11479.892691608518,13.115737037733197,572.1890707369894,6014.464881876484
11481.319858176634,13.120401894673705,572.4838870037347,6014.464881876484
11483.21901242435,13.120401894673705,572.4838870037347,6015.885726779699
11483.493810884655,13.121845230460167,572.7415660042316,6015.885726779699
11485.73831086047,13.121845230460167,572.7415660042316,6017.537700455636
11486.022427521646,13.123222265392542,573.0005717761815,6017.537700455636
11488.151209477335,13.123222265392542,573.0005717761815,6019.163058329374
11488.543324388564,13.124609988182783,573.3224085550755,6019.163058329374
11490.617744313553,13.124609988182783,573.3224085550755,6020.634455515072
11492.014175800607,13.136341599747539,573.6314200628549,6020.634455515072
11494.188545929268,13.136341599747539,573.6314200628549,6022.237871607766
11494.519667856395,13.137717945501208,573.9158861190081,6022.237871607766
11496.613841043785,13.137717945501208,573.9158861190081,6023.784495504573
11496.860743297264,13.139128301292658,574.1493220273405,6023.784495504573
11498.570312837139,13.139128301292658,574.1493220273405,6024.924339203164
11498.663203721866,13.144269444048405,574.2213262524456,6024.924339203164
11500.414375441149,13.144269444048405,574.2213262524456,6025.826160043478
11502.480671716854,13.149206237867475,574.2642428446561,6025.826160043478
11504.1248136051,13.149206237867475,574.2642428446561,6026.919887578115
11504.381937565282,13.1507134065032,574.486311905086,6026.919887578115
11505.536444853991,13.1507134065032,574.486311905086,6027.65747234039
11505.704567737877,13.152102271094918,574.6411499772221,6027.65747234039
11507.098855828866,13.152102271094918,574.6411499772221,6028.919088220224
11507.329024937004,13.153574576601386,574.8429766669869,6028.919088220224
11509.044837253168,13.153574576601386,574.8429766669869,6030.295722717419
11510.72913814336,13.158272141590714,575.0911224726588,6030.295722717419
11512.36875746958,13.158272141590714,575.0911224726588,6031.252190284431
11512.550978893414,13.159744087606668,575.187129534781,6031.252190284431
11514.687385769561,13.159744087606668,575.187129534781,6032.618595747277
11514.931538941339,13.16115260310471,575.4025986772031,6032.618595747277
11516.598639089614,13.16115260310471,575.4025986772031,6033.82034887746
11517.114773424342,13.162673911079764,575.771101186052,6033.82034887746
11519.038138246164,13.162673911079764,575.771101186052,6035.139904476702
11520.37554293871,13.1733005233109,576.0415519978851,6035.139904476702
11521.98232829757,13.1733005233109,576.0415519978851,6036.389985080808
11522.289797415957,13.174707889556885,576.317062035203,6036.389985080808
11524.433581477031,13.174707889556885,576.317062035203,6038.054242616519
11524.618444498628,13.176074616611004,576.469648975879,6038.054242616519
11525.923090385273,13.176074616611004,576.469648975879,6039.136878494173
11526.04656505771,13.177804255858064,576.5765077453107,6039.136878494173
11527.969081195071,13.177804255858064,576.5765077453107,6040.395122045651
11529.353898085654,13.190535327419639,576.8720585480332,6040.395122045651
11531.645144997165,13.190535327419639,576.8720585480332,6042.1172401774675
11531.976252216846,13.197489403188229,577.1615921296179,6042.1172401774675
11533.841137653217,13.197489403188229,577.1615921296179,6043.29492928274
11533.985024556518,13.198798637837172,577.2698081042618,6043.29492928274
11536.034580202773,13.198798637837172,577.2698081042618,6044.93549945578
11536.360784992576,13.200225053355098,577.5414867307991,6044.93549945578
11538.512057773769,13.200225053355098,577.5414867307991,6046.73176995106
11539.779061255977,13.205446038395166,577.9039731714875,6046.73176995106
11541.21378509514,13.205446038395166,577.9039731714875,6047.958990614861
11541.381083197892,13.215326476842165,578.018658651039,6047.958990614861
11542.194368872792,13.215326476842165,578.018658651039,6048.482358401641
11542.808518365026,13.216871915385127,578.5564428716898,6048.482358401641
11544.86948616989,13.216871915385127,578.5564428716898,6050.036366987973
11545.270087705925,13.218266412615776,578.902182539925,6050.036366987973
11547.64598547481,13.218266412615776,578.902182539925,6051.905915312469
11548.618964513764,13.223033789545298,579.1237437017262,6051.905915312469
11550.677041964605,13.223033789545298,579.1237437017262,6053.406457854435
11550.962858090177,13.224432034417987,579.3868626635522,6053.406457854435
11552.92252820544,13.224432034417987,579.3868626635522,6054.817802621052
11553.1204211656,13.225840978324413,579.5681563094258,6054.817802621052
11554.761533740908,13.225840978324413,579.5681563094258,6055.963694365695
11554.891750577837,13.227283546701074,579.6673534493893,6055.963694365695
11557.038192801178,13.227283546701074,579.6673534493893,6057.718403946608
11558.254397496581,13.23194814287126,579.9192381538451,6057.718403946608
11560.435822049156,13.23194814287126,579.9192381538451,6059.286556910723
11560.704449921846,13.233739728108048,580.0891857929528,6059.286556910723
11562.86165124178,13.233739728108048,580.0891857929528,6060.914773693308
11563.137279009447,13.235157812014222,580.322409177199,6060.914773693308
11565.040671121329,13.235157812014222,580.322409177199,6062.271393200383
11565.182836852968,13.236506203189492,580.4438049718738,6062.271393200383
11566.504093177617,13.236506203189492,580.4438049718738,6063.112682046369
11568.298746833578,13.241274662315845,580.5974215120077,6063.112682046369
11570.463588476181,13.241274662315845,580.5974215120077,6064.590681448579
11570.713212689385,13.242802649736404,580.7970953844488,6064.590681448579
11572.21005082503,13.242802649736404,580.7970953844488,6065.57620398514
11572.543533489108,13.244321277365088,581.0913266502321,6065.57620398514
11574.161037364975,13.244321277365088,581.0913266502321,6066.901665836573
11574.39142208919,13.245679633691907,581.3019772619009,6066.901665836573
11576.129623487592,13.245679633691907,581.3019772619009,6067.993768319488
11577.533676870167,13.250290039926767,581.613768408075,6067.993768319488
11579.224322080612,13.250290039926767,581.613768408075,6069.27080694586
11579.456686360762,13.251734597608447,581.8096693325788,6069.27080694586
11581.09711429663,13.251734597608447,581.8096693325788,6070.477005708963
11581.34775487706,13.253155183047056,582.0217065121979,6070.477005708963
11583.351930258796,13.253155183047056,582.0217065121979,6072.027293331921
11583.52293352969,13.257587473839521,582.1112956665456,6072.027293331921
11585.263724757358,13.257587473839521,582.1112956665456,6073.186836175621
11586.994745064527,13.274677796289325,582.3522228524089,6073.186836175621
11588.761894192547,13.274677796289325,582.3522228524089,6074.62887465395
11588.996937721968,13.276081891730428,582.5687964949757,6074.62887465395
11591.020275481045,13.276081891730428,582.5687964949757,6076.193497154862
11591.293220920488,13.27753634750843,582.8265434354544,6076.193497154862
11593.144850809127,13.27753634750843,582.8265434354544,6077.331120185554
11593.479613117874,13.27891032397747,583.1275373082608,6077.331120185554
11595.113647567108,13.27891032397747,583.1275373082608,6078.334447007626
11597.114373587072,13.283665928989649,583.617521436885,6078.334447007626
11598.938022065908,13.283665928989649,583.617521436885,6079.574388081208
11599.227193173021,13.285155626013875,583.8979758135974,6079.574388081208
11601.27610615082,13.285155626013875,583.8979758135974,6081.09207303822
11601.550533646718,13.286605224013329,584.1604346800596,6081.09207303822
11603.022943189368,13.286605224013329,584.1604346800596,6082.035425130278
11603.447157969698,13.288025731220841,584.5397006589919,6082.035425130278
11605.093978440389,13.288025731220841,584.5397006589919,6083.316224306822
11606.62938452512,13.292787447571754,584.9287800975144,6083.316224306822
11608.79697730951,13.292787447571754,584.9287800975144,6084.919722218066
11609.097010901198,13.294194120913744,585.2202761340886,6084.919722218066
11611.18088558875,13.294194120913744,585.2202761340886,6086.497957032174
11611.550292570144,13.295696295797825,585.5318070482463,6086.497957032174
11613.788875969127,13.295696295797825,585.5318070482463,6088.229177424684
11614.151167858392,13.29709436185658,585.8580938819796,6088.229177424684
11616.139585085213,13.29709436185658,585.8580938819796,6089.583989160135
11617.141816170886,13.301743317395449,585.9356027264148,6089.583989160135
11618.742165168747,13.301743317395449,585.9356027264148,6090.918691601604
11619.04376274161,13.303525118157268,586.2271251250058,6090.918691601604
11620.34889204055,13.303525118157268,586.2271251250058,6091.8994965124875
11620.659033678472,13.304885191842914,586.5200582891703,6091.8994965124875
11622.875256521627,13.304885191842914,586.5200582891703,6093.518663883209
11623.118732005358,13.306239787489176,586.6968958973885,6093.518663883209
11624.82304689847,13.306239787489176,586.6968958973885,6094.797993211076
11626.995709808543,13.31700729392469,586.8818930219859,6094.797993211076
11628.76624458097,13.31700729392469,586.8818930219859,6095.4213884957135
11628.978046773002,13.318441960960627,587.0749245248735,6095.4213884957135
11630.159157373011,13.318441960960627,587.0749245248735,6096.2778131421655
11630.339706758037,13.31996912881732,587.2424488719553,6096.2778131421655
11631.89917950891,13.31996912881732,587.2424488719553,6097.430094925687
11632.102552538738,13.321458134800196,587.3269631564617,6097.430094925687
11632.955307269469,13.321458134800196,587.3269631564617,6098.113911895081
11635.643497083336,13.326319621875882,587.4305847994983,6098.113911895081
11637.299452085048,13.326319621875882,587.4305847994983,6099.227658564225
11637.5996849332,13.327723817899823,587.6927653215826,6099.227658564225
11638.76798025705,13.327723817899823,587.6927653215826,6099.695550780743
11639.18508845754,13.329158943146467,588.0633529443294,6099.695550780743
11641.018361845985,13.329158943146467,588.0633529443294,6100.66884479858
11641.228868337348,13.330597458407283,588.2477475181222,6100.66884479858
11642.67968105711,13.330597458407283,588.2477475181222,6101.566728891805
11645.776472296566,13.33524496294558,588.63131066598,6101.566728891805
11647.834110220894,13.33524496294558,588.63131066598,6103.083863962442
11647.96394999884,13.336638517677784,588.7035079151392,6103.083863962442
11649.65062790364,13.336638517677784,588.7035079151392,6104.393548928201
11649.90079548955,13.337979873642325,588.9340904224664,6104.393548928201
11651.664036588743,13.337979873642325,588.9340904224664,6105.827197916806
11651.757010625675,13.341662952676415,589.015487337485,6105.827197916806
11653.258675072342,13.341662952676415,589.015487337485,6107.072086000815
11656.040083993226,13.361603939905763,589.2306806650013,6107.072086000815
11657.707587447017,13.361603939905763,589.2306806650013,6107.944043509662
11658.176079005003,13.363112838938832,589.5607467573136,6107.944043509662
11659.728689784184,13.363112838938832,589.5607467573136,6109.1462180335075
11660.007537070662,13.365126885473728,589.7835997547954,6109.1462180335075
11662.322896685451,13.365126885473728,589.7835997547954,6110.358233617619
11662.650150638074,13.367726482450962,590.0103098209947,6110.358233617619
11664.381997985765,13.367726482450962,590.0103098209947,6111.642316965386
11666.423242488876,13.376167327165604,590.2436185982078,6111.642316965386
11668.010554281995,13.376167327165604,590.2436185982078,6112.622503222898
11668.295266536996,13.377537943422794,590.4987590219826,6112.622503222898
11670.25852146931,13.377537943422794,590.4987590219826,6114.121766149998
11670.596046626568,13.378946149721742,590.796761630103,6114.121766149998
11672.396423337981,13.378946149721742,590.796761630103,6115.224119883031
11672.612825214863,13.380325265228748,591.0008559133857,6115.224119883031
11674.555842496455,13.380325265228748,591.0008559133857,6116.189147438854
11678.089738916606,13.404155541211367,591.1489099040627,6116.189147438854
11678.923198925331,13.404155541211367,591.1489099040627,6116.772286338732
11679.037192977965,13.405636729672551,591.2341886200011,6116.772286338732
11681.179496694356,13.405636729672551,591.2341886200011,6118.303676299751
11681.511580815539,13.40695352293551,591.5120740607381,6118.303676299751
11683.675906857476,13.40695352293551,591.5120740607381,6119.862301459536
11684.14309903048,13.408365089446306,591.9663235582411,6119.862301459536
11686.33472670056,13.408365089446306,591.9663235582411,6121.402471551672
11687.915204249322,13.41309622861445,592.4231690336019,6121.402471551672
11690.422364005819,13.41309622861445,592.4231690336019,6123.22161440365
11690.591095265001,13.41457836702466,592.5485475622118,6123.22161440365
11692.923672806472,13.41457836702466,592.5485475622118,6124.789990341291
11693.399870097637,13.4159627109766,592.984201611951,6124.789990341291
11695.635374646634,13.4159627109766,592.984201611951,6126.265271719545
11696.145412193611,13.417374214157462,593.4341015499085,6126.265271719545
11698.962353285402,13.417374214157462,593.4341015499085,6128.400789866224
11700.602784268558,13.427887743338943,593.7208132427186,6128.400789866224
11702.726764826104,13.427887743338943,593.7208132427186,6129.685433588922
11703.035014778376,13.429369630292058,593.9917890969664,6129.685433588922
11704.789417114109,13.429369630292058,593.9917890969664,6130.8615360390395
11705.306311625987,13.430859444662929,594.4429449494928,6130.8615360390395
11707.847475472838,13.430859444662929,594.4429449494928,6132.854014106095
11708.07705126144,13.432212917134166,594.6555813979357,6132.854014106095
11710.483837300912,13.432212917134166,594.6555813979357,6134.41444388777
11711.944812588394,13.436866842210293,594.8830174058676,6134.41444388777
11714.208369001746,13.436866842210293,594.8830174058676,6135.979309912771
11714.510148556903,13.438404211774468,595.1540604308248,6135.979309912771
11716.83338869363,13.438404211774468,595.1540604308248,6137.677773743868
11717.149597821757,13.439923327416182,595.4246486872435,6137.677773743868
11719.564080052078,13.439923327416182,595.4246486872435,6139.590737231076
11720.026419356465,13.441316042095423,595.8373047951609,6139.590737231076
11722.389485936612,13.441316042095423,595.8373047951609,6141.580010492355
11724.237331487238,13.451134400442243,596.157826082781,6141.580010492355
11726.627939252183,13.451134400442243,596.157826082781,6143.316757384688
11726.959712274373,13.452586045488715,596.4567269459367,6143.316757384688
11729.213404409587,13.452586045488715,596.4567269459367,6145.007020376623
11729.473890712485,13.453970169648528,596.6785542331636,6145.007020376623
11731.20110325329,13.453970169648528,596.6785542331636,6146.258769409731
11731.388776237145,13.455585258081555,596.8386671859771,6146.258769409731
11732.707788256928,13.455585258081555,596.8386671859771,6147.16435184516
11735.119980245829,13.46641780436039,597.2586859185249,6147.16435184516
11737.99375241436,13.46641780436039,597.2586859185249,6148.955305356532
11738.333193501458,13.467960892245173,597.5005389023572,6148.955305356532
11740.4191929847,13.467960892245173,597.5005389023572,6150.501889329404
11740.713262502104,13.469375535845757,597.7521803956479,6150.501889329404
11743.156752513722,13.469375535845757,597.7521803956479,6152.202881470323
11743.522610796615,13.470957174897194,597.903325971216,6152.202881470323
11745.788702391088,13.470957174897194,597.903325971216,6153.569201823324
11748.511602820829,13.475666489452124,598.0143963545561,6153.569201823324
11749.797416973859,13.475666489452124,598.0143963545561,6154.288960777223
11750.084339790046,13.477018915116787,598.2879439163953,6154.288960777223
11752.208350861445,13.477018915116787,598.2879439163953,6155.8073225952685
11752.41760593839,13.478400560095906,598.4520246405154,6155.8073225952685
11754.022027648985,13.478400560095906,598.4520246405154,6156.819202570245
11754.091365043074,13.479983637109399,598.511630717665,6156.819202570245
11754.899455668405,13.479983637109399,598.511630717665,6157.379419334233
11757.840005170554,13.508337885141373,598.7590877860785,6157.379419334233
11759.665414083749,13.508337885141373,598.7590877860785,6158.337016578764
11759.94463405013,13.50977510213852,598.9730417001992,6158.337016578764
11760.9196403604,13.50977510213852,598.9730417001992,6158.903003778309
11761.147719364613,13.511187558993697,599.1592239197344,6158.903003778309
11763.121429501101,13.511187558993697,599.1592239197344,6160.3302602134645
11763.451287461445,13.512623894959688,599.4737495686859,6160.3302602134645
11765.183926930651,13.512623894959688,599.4737495686859,6161.1805378086865
11767.449621036649,13.517434693872929,599.6040162872523,6161.1805378086865
11769.3868064899,13.517434693872929,599.6040162872523,6162.073864649981
11769.58089450188,13.51882741972804,599.7663198690861,6162.073864649981
11771.745066417381,13.51882741972804,599.7663198690861,6163.495167765766
11771.868565591052,13.520198415964842,599.8558747544885,6163.495167765766
11774.10043063201,13.520198415964842,599.8558747544885,6165.021452769637
11774.285394825041,13.521569581702352,600.00881687738,6165.021452769637
11775.312740994617,13.521569581702352,600.00881687738,6165.340993510559
11777.611137408763,13.526143934577703,600.1744778100401,6165.340993510559
11779.035878809169,13.526143934577703,600.1744778100401,6166.412282701582
11779.315296769142,13.52756210975349,600.3831001780927,6166.412282701582
11781.451773559675,13.52756210975349,600.3831001780927,6167.920045018196
11781.68129325658,13.528916215524077,600.597742786631,6167.920045018196
11783.315341457725,13.528916215524077,600.597742786631,6169.190929941833
11783.387923743576,13.530310790985823,600.6525364071131,6169.190929941833
11785.06208894588,13.530310790985823,600.6525364071131,6170.575149504468
11787.27809961699,13.535062035545707,600.8413666337729,6170.575149504468
11788.976921601221,13.535062035545707,600.8413666337729,6171.782272273675
11789.025637662038,13.53648529201746,600.8813189342618,6171.782272273675
11790.546888172626,13.53648529201746,600.8813189342618,6172.734374366701
11790.777605403215,13.537977179512382,600.9932332057506,6172.734374366701
11792.091993249953,13.537977179512382,600.9932332057506,6173.599112465978
11792.302788436413,13.539310155436397,601.1675232183188,6173.599112465978
11794.024956827983,13.539310155436397,601.1675232183188,6174.597885144874
11797.668941829354,13.544134113937616,601.2099697124213,6174.597885144874
11799.845421949401,13.544134113937616,601.2099697124213,6175.8951123692095
11800.241306506097,13.545535679906607,601.5733666457236,6175.8951123692095
11801.513125237077,13.545535679906607,601.5733666457236,6176.768560679629
11801.675887607038,13.546969544142485,601.6757960449904,6176.768560679629
11802.976186817512,13.546969544142485,601.6757960449904,6177.455403363332
11803.409955453128,13.548541244119406,601.8488282226026,6177.455403363332
11805.125836398453,13.548541244119406,601.8488282226026,6178.377943301573
11807.357327932492,13.553482243791223,602.0038047004491,6178.377943301573
11808.414123822004,13.553482243791223,602.0038047004491,6179.011557025835
11808.574521739036,13.554894406348467,602.1424967721105,6179.011557025835
11809.639416443184,13.554894406348467,602.1424967721105,6179.711324885488
11809.865797095,13.55632384121418,602.341533716768,6179.711324885488
11810.989632586017,13.55632384121418,602.341533716768,6180.264580223709
11811.423657156527,13.557930048555136,602.6460574436933,6180.264580223709
11814.255030348897,13.557930048555136,602.6460574436933,6182.069761147723
11816.40174920857,13.562581913545728,602.6995035875589,6182.069761147723
11817.7917457968,13.562581913545728,602.6995035875589,6183.054002160206
11817.915135059506,13.563888045027852,602.8095993455499,6183.054002160206
11819.998493861407,13.563888045027852,602.8095993455499,6184.316702043638
11820.345998644829,13.565290721133351,603.1115602441132,6184.316702043638
11821.778775023296,13.565290721133351,603.1115602441132,6185.337158728391
11821.968939382583,13.582079036161304,603.2173239439726,6185.337158728391
11823.761513888836,13.582079036161304,603.2173239439726,6186.621825134382
11827.437968166545,13.586951782926917,603.3572528082877,6186.621825134382
11828.369629621506,13.586951782926917,603.3572528082877,6187.248657474294
11828.589305700734,13.588527720421553,603.4867609627545,6187.248657474294
11829.625028213486,13.588527720421553,603.4867609627545,6187.864932531491
11829.786544591188,13.590094178915024,603.5619490370154,6187.864932531491
11831.329321749508,13.590094178915024,603.5619490370154,6188.654594311491
11831.503753440455,13.591489372774959,603.6780973561108,6188.654594311491
11833.258439965546,13.591489372774959,603.6780973561108,6189.766641724855
11835.639656776562,13.596157968044281,603.8553579710424,6189.766641724855
11836.86258409731,13.596157968044281,603.8553579710424,6190.6575324349105
11836.94601770863,13.598982758820057,603.9187099188566,6190.6575324349105
11838.016679009423,13.598982758820057,603.9187099188566,6191.507531339303
11838.065498320386,13.600376261398196,603.9557815026492,6191.507531339303
11839.67429604195,13.600376261398196,603.9557815026492,6192.684113303199
11839.88354727067,13.601821037009358,604.144418515265,6192.684113303199
11842.174816621467,13.601821037009358,604.144418515265,6194.50314636156
11844.62745090574,13.60636425204575,604.294552443549,6194.50314636156
11845.459190946072,13.60636425204575,604.294552443549,6194.941484453157
11845.75108380057,13.607831278815866,604.4407858904451,6194.941484453157
11847.372046524659,13.607831278815866,604.4407858904451,6195.798155918717
11847.640608197078,13.609209835529327,604.692106667906,6195.798155918717
11849.78343741782,13.609209835529327,604.692106667906,6197.37647129409
11849.865412373096,13.640373973175883,604.7298061754555,6197.37647129409
11851.805952200666,13.640373973175883,604.7298061754555,6198.761927329004
11853.795135976747,13.645673589780927,605.0411424189806,6198.761927329004
11855.136803265661,13.645673589780927,605.0411424189806,6199.722807744518
11855.567319693044,13.64716544561088,605.2264143414795,6199.722807744518
11857.132370676845,13.64716544561088,605.2264143414795,6200.678520997986
11857.37379781343,13.648633001372218,605.401896674186,6200.678520997986
11858.575269892812,13.648633001372218,605.401896674186,6201.539543164894
11858.863922322169,13.650219328701496,605.5515825562179,6201.539543164894
11860.104840299115,13.650219328701496,605.5515825562179,6202.321264533326
11862.623370325193,13.654901534318924,605.752323301509,6202.321264533326
11864.66182985343,13.654901534318924,605.752323301509,6203.527076272294
11864.807867966592,13.656333720311522,605.8695192914456,6203.527076272294
11865.971394333988,13.656333720311522,605.8695192914456,6203.987067375332
11866.13584062457,13.657814398407936,605.9876440875232,6203.987067375332
11867.394827725366,13.657814398407936,605.9876440875232,6204.630558330566
11867.582826815546,13.65922436118126,606.1515598297119,6204.630558330566
11868.42997959815,13.65922436118126,606.1515598297119,6204.938561530784
11871.251746341586,13.66388670541346,606.2482838649303,6204.938561530784
11872.279440816492,13.66388670541346,606.2482838649303,6205.690445402637
11872.437064325437,13.665818430483341,606.3825600668788,6205.690445402637
11874.14084465243,13.665818430483341,606.3825600668788,6207.152775304392
11874.336712757125,13.667206767946482,606.5566599946469,6207.152775304392
11875.94639678672,13.667206767946482,606.5566599946469,6208.332342654467
11876.3370290678,13.66856543160975,606.8817708976567,6208.332342654467
11878.377066431567,13.66856543160975,606.8817708976567,6209.975832950324
11881.753421667963,13.68235625512898,607.0352347288281,6209.975832950324
11883.532762194052,13.68235625512898,607.0352347288281,6210.858899688348
11883.890074877068,13.683856341987848,607.1529583167285,6210.858899688348
11885.56741407141,13.683856341987848,607.1529583167285,6212.005818365142
11885.861646311358,13.685384999960661,607.3297708425671,6212.005818365142
11888.183003541082,13.685384999960661,607.3297708425671,6213.485939472914
11888.269126692787,13.686783643439412,607.4057685080916,6213.485939472914
11890.234767740592,13.686783643439412,607.4057685080916,6214.303635116667
11893.243496097624,13.696566952392459,607.6559345256537,6214.303635116667
11894.502423385158,13.696566952392459,607.6559345256537,6215.103885345161
11894.679916705936,13.698034269735217,607.792552318424,6215.103885345161
11896.095666477457,13.698034269735217,607.792552318424,6216.240268716589
11896.37421188131,13.699521366506815,607.9384152125567,6216.240268716589
11897.286903750151,13.699521366506815,607.9384152125567,6216.838278802112
11897.481371302158,13.701006071642041,608.0509855877608,6216.838278802112
11898.591522593051,13.701006071642041,608.0509855877608,6217.569755271077
11900.656304068863,13.713917447254062,608.4270902015269,6217.569755271077
11901.582939885557,13.713917447254062,608.4270902015269,6218.28187234886
11901.71722355485,13.715324632823467,608.5493773333728,6218.28187234886
11903.056386116892,13.715324632823467,608.5493773333728,6219.0944554600865
11903.284388441592,13.72798410244286,608.6869740840048,6219.0944554600865
11905.41702356562,13.72798410244286,608.6869740840048,6220.658932387829
11905.590543743223,13.729436870664358,608.8060224279761,6220.658932387829
11907.399724524468,13.729436870664358,608.8060224279761,6221.9431732185185
11909.69387240149,13.734347751364112,609.1849098615348,6221.9431732185185
11911.828194057569,13.734347751364112,609.1849098615348,6223.371125722304
11912.033262990415,13.735777547582984,609.3540512062609,6223.371125722304
11913.939144600183,13.735777547582984,609.3540512062609,6224.555014392361
11914.181129956618,13.737223913893104,609.5379931535572,6224.555014392361
11916.205236321315,13.737223913893104,609.5379931535572,6225.888998370618
11916.511397549883,13.738599637523293,609.7974101062864,6225.888998370618
11918.552108719945,13.738599637523293,609.7974101062864,6227.13237561658
11921.036812093109,13.743296463042498,609.9050348810852,6227.13237561658
11922.20530479215,13.743296463042498,609.9050348810852,6227.805546944961
11922.442831646651,13.744968293234706,610.0490766521543,6227.805546944961
11923.169119205326,13.744968293234706,610.0490766521543,6228.256621180102
11923.284794718027,13.752807008102536,610.1372708640993,6228.256621180102
11924.003032457083,13.752807008102536,610.1372708640993,6228.697245791554
11924.217252237722,13.754394117742777,610.1856636758894,6228.697245791554
11925.582779550925,13.754394117742777,610.1856636758894,6229.524805959314
11928.564329193905,13.759076595306396,610.550654547289,6229.524805959314
11931.003419995308,13.759076595306396,610.550654547289,6231.286206880584
11931.079851550981,13.760493092238903,610.5878039877862,6231.286206880584
11932.493695177138,13.760493092238903,610.5878039877862,6232.503417128697
11932.756600312889,13.761836845427752,610.8337731380016,6232.503417128697
11935.420641010627,13.761836845427752,610.8337731380016,6234.373665468767
11935.825409470126,13.763292951509356,611.1991845555604,6234.373665468767
11937.678864112124,13.763292951509356,611.1991845555604,6235.943984532729
11939.07709074393,13.7680659070611,611.3594677243382,6235.943984532729
11940.96894960478,13.7680659070611,611.3594677243382,6237.172244193032
11941.16352058947,13.76943906210363,611.5170534700155,6237.172244193032
11942.615265578032,13.76943906210363,611.5170534700155,6238.244255473837
11942.812011029571,13.770907478407025,611.6246772259474,6238.244255473837
11944.130226891488,13.770907478407025,611.6246772259474,6239.320721782744
11944.307981705293,13.772307734936476,611.7729774042964,6239.320721782744
11946.329008327797,13.772307734936476,611.7729774042964,6240.685573786497
11949.564932173118,13.777052823454142,611.8647553306073,6240.685573786497
11950.689031573012,13.777052823454142,611.8647553306073,6241.212270690128
11950.809303788468,13.778590090572834,611.9621038474143,6241.212270690128
11951.561856035143,13.778590090572834,611.9621038474143,6241.61060995236
11951.845305198804,13.780049905180931,612.1563450433314,6241.61060995236
11953.086233740672,13.780049905180931,612.1563450433314,6242.525990543887
11953.462529761717,13.781453413888812,612.4815943986177,6242.525990543887
11955.866974608973,13.781453413888812,612.4815943986177,6244.37677025795
11958.67483442463,13.786695489659905,612.8216371275485,6244.37677025795
11960.460149023682,13.786695489659905,612.8216371275485,6245.528519740328
11960.601492524147,13.788134396076202,612.9312372878194,6245.528519740328
11962.128944665194,13.788134396076202,612.9312372878194,6246.571159761399
11962.485872261226,13.789794865995646,613.2599621787667,6246.571159761399
11964.87104040943,13.789794865995646,613.2599621787667,6248.41319886595
11965.172072054818,13.803145330399275,613.5389242898673,6248.41319886595
11968.072602352127,13.803145330399275,613.5389242898673,6250.4327832031995
11970.152827793732,13.807887338101864,613.6789280474186,6250.4327832031995
11971.870832012966,13.807887338101864,613.6789280474186,6251.458873424679
11972.006282737479,13.813503880053759,613.7945804391056,6251.458873424679
11973.788333246484,13.813503880053759,613.7945804391056,6252.855892576277
11973.946598857641,13.814891584217548,613.8763618823141,6252.855892576277
11975.564100893214,13.814891584217548,613.8763618823141,6253.740910049528
11975.848530584946,13.816278798505664,614.1328803170472,6253.740910049528
11977.109326768667,13.816278798505664,614.1328803170472,6254.550763873383
11981.744569821283,13.821063255891204,614.2624964937568,6254.550763873383
11983.321628142148,13.821063255891204,614.2624964937568,6255.26960590668
11983.55755798705,13.822978731244802,614.4043384622782,6255.26960590668
11985.340800929815,13.822978731244802,614.4043384622782,6256.509909627959
11985.69535158202,13.824397196993232,614.7186672594398,6256.509909627959
11986.359430212528,13.824397196993232,614.7186672594398,6256.893274515867
11986.610210351646,13.826701430603862,614.9419495351613,6256.893274515867
11988.558934604749,13.826701430603862,614.9419495351613,6258.278974791989
11990.18633623235,13.831454824656248,615.2553391680121,6258.278974791989
11992.687680272385,13.831454824656248,615.2553391680121,6260.179501356557
11992.93010132946,13.832885880023241,615.4705217368901,6260.179501356557
11994.993104618043,13.832885880023241,615.4705217368901,6261.8204619809985
11995.309728076681,13.834446547552943,615.7359353005886,6261.8204619809985
11997.516185084358,13.834446547552943,615.7359353005886,6263.617632089183
11997.744596825913,13.835851160809398,615.9489842001349,6263.617632089183
11999.590948179364,13.835851160809398,615.9489842001349,6264.838905854151
12002.758216448128,13.855314448475838,616.0456720236689,6264.838905854151
12004.018104365095,13.855314448475838,616.0456720236689,6265.539808200672
12004.364488439634,13.856702404096723,616.3207734953612,6265.539808200672
12006.01811613515,13.856702404096723,616.3207734953612,6266.4705113414675
12006.105288937688,13.858277073130012,616.3975865766406,6266.4705113414675
12008.071834284812,13.858277073130012,616.3975865766406,6267.569797117263
12008.386870097369,13.859705289825797,616.622337937355,6267.569797117263
12009.639888241887,13.859705289825797,616.622337937355,6268.211876230314
12011.771795609966,13.864399373531342,616.8542310129851,6268.211876230314
12012.859426761046,13.864399373531342,616.8542310129851,6268.893361670896
12013.066419580951,13.866138435900211,616.9426325447857,6268.893361670896
12014.674207651988,13.866138435900211,616.9426325447857,6270.11444988288
12014.805091600865,13.86750315129757,617.0598402228206,6270.11444988288
12016.289589809254,13.86750315129757,617.0598402228206,6270.917622854933
12016.421537619084,13.868837935850024,617.1518890429288,6270.917622854933
12018.668536197394,13.868837935850024,617.1518890429288,6272.396272666752
12020.944008836523,13.873754873871803,617.308951150626,6272.396272666752
12023.170349769294,13.873754873871803,617.308951150626,6274.021607937291
12023.422567162663,13.8752237316221,617.4804590009153,6274.021607937291
12025.220045585185,13.8752237316221,617.4804590009153,6275.241194872186
12025.303559849039,13.876548565924168,617.5285403300077,6275.241194872186
12026.606021957472,13.876548565924168,617.5285403300077,6276.211231548339
12026.981328928843,13.877970952540636,617.8400103673339,6276.211231548339
12028.840927785262,13.877970952540636,617.8400103673339,6277.476329933852
12030.862273437902,13.890118384733796,618.077698007226,6277.476329933852
12032.615434968844,13.890118384733796,618.077698007226,6278.458950711414
12033.02721414715,13.89160362072289,618.3824830017984,6278.458950711414
12034.267439957708,13.89160362072289,618.3824830017984,6279.386747589335
12034.526055099443,13.89313148893416,618.5625732373446,6279.386747589335
12036.443208917975,13.89313148893416,618.5625732373446,6280.7249438185245
12036.630342785269,13.894493523985147,618.7187245972455,6280.7249438185245
12038.43657132797,13.894493523985147,618.7187245972455,6282.030030295253
12041.202249677852,13.901221055537462,618.9522886425257,6282.030030295253
12042.341244820505,13.901221055537462,618.9522886425257,6282.728112379089
12042.477914314717,13.902768213301897,619.0397706013173,6282.728112379089
12043.85072952509,13.902768213301897,619.0397706013173,6283.331177186221
12043.92176811397,13.904282269999385,619.0892468169332,6283.331177186221
12045.317995794117,13.904282269999385,619.0892468169332,6284.163628561422
12045.596393993124,13.905583513900638,619.3272507600486,6284.163628561422
12047.183607328683,13.905583513900638,619.3272507600486,6285.007276073098
12050.888719018549,13.910427834838629,619.4545433223248,6285.007276073098
12052.108316713944,13.910427834838629,619.4545433223248,6285.766598144546
12052.511812338606,13.952053245157003,619.7686097566038,6285.766598144546
12054.677025277168,13.952053245157003,619.7686097566038,6287.080929888412
12055.061403373256,13.953462662175298,620.0996427200735,6287.080929888412
12056.830966528505,13.953462662175298,620.0996427200735,6288.290036911145
12057.112217232585,13.954919399693608,620.3670989144593,6288.290036911145
12057.903730012476,13.954919399693608,620.3670989144593,6288.671298831701
12059.448822628707,13.972953541204333,620.5946469660848,6288.671298831701
12061.44585203752,13.972953541204333,620.5946469660848,6289.801509793848
12061.739857565612,13.974925907328725,620.7245916966349,6289.801509793848
12063.367107989267,13.974925907328725,620.7245916966349,6290.668221455067
12063.744477020577,13.97626475058496,621.0511119458824,6290.668221455067
12064.993340529501,13.97626475058496,621.0511119458824,6291.634624969214
12065.466049369425,13.97765009663999,621.4755287449807,6291.634624969214
12066.262453697622,13.97765009663999,621.4755287449807,6292.226342830807
12067.811530357227,13.982387762516737,621.7798191085458,6292.226342830807
12069.700758587569,13.982387762516737,621.7798191085458,6293.741916511208
12070.143730092794,13.983780035749078,622.1610320284963,6293.741916511208
12072.710950588807,13.983780035749078,622.1610320284963,6295.430365694687
12072.829297130927,13.985188769176602,622.2707567233592,6295.430365694687
12075.838999204338,13.985188769176602,622.2707567233592,6297.688165010884
12075.996158955619,13.986678075045347,622.4124215915799,6297.688165010884
12078.095231086016,13.986678075045347,622.4124215915799,6299.391656300053
12079.331040346995,13.991410119459033,622.6798790451139,6299.391656300053
12081.200345052406,13.991410119459033,622.6798790451139,6300.828192524612
12081.649044984952,13.993295656517148,623.087312752381,6300.828192524612
12083.851366069168,13.993295656517148,623.087312752381,6302.540055086836
12084.136497724801,13.994740603491664,623.3433862868696,6302.540055086836
12085.823092537,13.994740603491664,623.3433862868696,6303.7593623343855
12086.21100086905,13.996117267757654,623.6855296026915,6303.7593623343855
12088.084942849353,13.996117267757654,623.6855296026915,6305.185336958617
12090.212587153539,14.007746351882815,623.9948133006692,6305.185336958617
12091.96292678453,14.007746351882815,623.9948133006692,6306.469181576744
12092.103885669261,14.009251408278942,624.0996357128024,6306.469181576744
12093.690059227869,14.009251408278942,624.0996357128024,6307.540198771283
12093.911186404526,14.010738423094153,624.2916886415333,6307.540198771283
12095.388940712437,14.010738423094153,624.2916886415333,6308.577019877732
12095.76374104619,14.012237349525094,624.618111230433,6308.577019877732
12097.177790019661,14.012237349525094,624.618111230433,6309.565237509087
12098.337158912793,14.021497255191207,624.9707737583667,6309.565237509087
12099.948013734072,14.021497255191207,624.9707737583667,6310.662958018482
12100.31955098547,14.023035854101181,625.3200193345547,6310.662958018482
12102.189082767814,14.023035854101181,625.3200193345547,6312.027970427647
12102.511727327481,14.024667855352163,625.5857504457235,6312.027970427647
12104.345054127276,14.024667855352163,625.5857504457235,6313.349116036668
12104.489105237648,14.026126261800528,625.7009833101183,6313.349116036668
12106.264774015173,14.026126261800528,625.7009833101183,6314.523375414312
12107.668080413714,14.030835397541523,625.9784203134477,6314.523375414312
12109.432399895042,14.030835397541523,625.9784203134477,6315.834500363097
12109.668641097844,14.032330663874745,626.1837587915361,6315.834500363097
12111.454963561147,14.032330663874745,626.1837587915361,6317.252968559042
12111.81455526501,14.033786522224545,626.4544752631336,6317.252968559042
12113.664244804531,14.033786522224545,626.4544752631336,6318.624317994341
12113.817337309942,14.035324083641171,626.5873541794717,6318.624317994341
12115.37545078434,14.035324083641171,626.5873541794717,6319.633470278233
12116.58415489085,14.040110794827342,626.8364358358085,6319.633470278233
12118.189800934866,14.040110794827342,626.8364358358085,6320.8251732271165
12118.453979089856,14.041571579873562,627.067119108513,6320.8251732271165
12120.14820491895,14.041571579873562,627.067119108513,6322.147658511996
12120.335600189865,14.04306872561574,627.2222998421639,6322.147658511996
12121.716404929757,14.04306872561574,627.2222998421639,6323.112424014136
12121.984327748418,14.044568974524736,627.4306603465229,6323.112424014136
12123.480533925816,14.044568974524736,627.4306603465229,6324.185328513384
12124.685564678162,14.049449665471911,627.6688841059804,6324.185328513384
12126.514640949667,14.049449665471911,627.6688841059804,6325.647849205881
12126.743865253404,14.050902351737022,627.8678433410823,6325.647849205881
12128.07986796461,14.050902351737022,627.8678433410823,6326.606312874705
12128.307284576818,14.052389157935977,628.0624553337693,6326.606312874705
12129.743269845843,14.052389157935977,628.0624553337693,6327.6977020110935
12129.976817667484,14.053825033828616,628.2511144708842,6327.6977020110935
12131.50402055867,14.053825033828616,628.2511144708842,6328.801065374166
12132.405116440728,14.058581858873367,628.37082753703,6328.801065374166
12133.965888975188,14.058581858873367,628.37082753703,6329.922077909112
12134.085575228557,14.060025922954082,628.4495709557086,6329.922077909112
12135.944800725207,14.060025922954082,628.4495709557086,6331.304177613929
12136.127039071172,14.06165712326765,628.6046308353543,6331.304177613929
12137.66039446555,14.06165712326765,628.6046308353543,6332.462947010994
12137.926831929013,14.0632358584553,628.8521016836166,6332.462947010994
12139.658853011206,14.0632358584553,628.8521016836166,6333.786882182583
12140.840908372775,14.068033713847399,629.0207786317915,6333.786882182583
12142.480393473059,14.068033713847399,629.0207786317915,6334.933754211292
12142.684627734125,14.06944009102881,629.2019192688167,6334.933754211292
12144.149373695254,14.06944009102881,629.2019192688167,6336.144764671102
12144.337754633278,14.075191996991634,629.3609402254224,6336.144764671102
12145.814991632476,14.075191996991634,629.3609402254224,6337.330244716257
12145.97296612896,14.076691435649991,629.4871767815202,6337.330244716257
12147.318209677935,14.076691435649991,629.4871767815202,6338.191830527037
12149.088567400351,14.081575945019722,629.7718527186662,6338.191830527037
12150.757240824401,14.081575945019722,629.7718527186662,6339.312770061195
12151.07701036334,14.083016680553555,630.0632824972272,6339.312770061195
12153.155748693272,14.083016680553555,630.0632824972272,6340.685910111293
12153.265471916646,14.08450748771429,630.1443794090301,6340.685910111293
12154.720165025443,14.08450748771429,630.1443794090301,6341.687985345721
12154.998303344473,14.086095936596394,630.3825864773244,6341.687985345721
12156.592962469906,14.086095936596394,630.3825864773244,6342.914191773161
12157.969162873924,14.090840615332127,630.6649868432432,6342.914191773161
12159.374867416918,14.090840615332127,630.6649868432432,6343.844912685454
12159.611150752753,14.092292979359627,630.8918726239353,6343.844912685454
12161.024092169479,14.092292979359627,630.8918726239353,6344.667438013479
12161.27664511837,14.093793464824557,631.1226231288165,6344.667438013479
12162.86879779771,14.093793464824557,631.1226231288165,6346.041486002505
12163.021582927555,14.095268240198493,631.2259349841624,6346.041486002505
12164.79947091639,14.095268240198493,631.2259349841624,6347.330726969987
12165.953111188486,14.099978664889932,631.4955797083676,6347.330726969987
12167.57663548179,14.099978664889932,631.4955797083676,6348.402772752568
12167.738392172381,14.101525401696563,631.6347392387688,6348.402772752568
12169.43237231113,14.101525401696563,631.6347392387688,6349.660015156493
12169.676516616717,14.10307614132762,631.8581663090736,6349.660015156493
12171.436039453372,14.10307614132762,631.8581663090736,6350.916859032586
12171.707020221278,14.104600029066205,632.1056843288243,6350.916859032586
12173.171190153807,14.104600029066205,632.1056843288243,6352.12692591548
12174.768759140745,14.126374555751681,632.3767892792821,6352.12692591548
12176.273405712098,14.126374555751681,632.3767892792821,6353.269288543612
12176.402262063697,14.12789916433394,632.4885437898338,6353.269288543612
12178.051075646654,14.12789916433394,632.4885437898338,6354.437828037888
12178.2785041295,14.12927415035665,632.6829872429371,6354.437828037888
12180.084648124874,14.12927415035665,632.6829872429371,6355.727794116363
12180.363680789247,14.130917262285948,632.9278161022812,6355.727794116363
12182.176050078124,14.130917262285948,632.9278161022812,6357.101601719856
12183.244017207995,14.135921584442258,633.1625156886876,6357.101601719856
12185.053383400664,14.135921584442258,633.1625156886876,6358.449863996357
12185.206634761766,14.137348748743534,633.2830855287611,6358.449863996357
12186.710999565199,14.137348748743534,633.2830855287611,6359.505935547873
12186.911694580689,14.138845756649971,633.4648790098727,6359.505935547873
12188.528206793591,14.138845756649971,633.4648790098727,6360.71204918623
12188.742405172437,14.14032095298171,633.6436602752656,6360.71204918623
12190.286023717374,14.14032095298171,633.6436602752656,6361.714789781719
12191.527800530195,14.145146461203694,633.8884899020195,6361.714789781719
12192.977873632684,14.145146461203694,633.8884899020195,6362.804112780839
12193.209365589544,14.14659602753818,634.090894587338,6362.804112780839
12194.823399508372,14.14659602753818,634.090894587338,6363.979593653232
12194.958572017029,14.148047033697367,634.2115850504488,6363.979593653232
12196.467443054542,14.148047033697367,634.2115850504488,6364.9031207636
12196.683775104582,14.149596082046628,634.3833307269961,6364.9031207636
12198.223132641986,14.149596082046628,634.3833307269961,6365.94850785844
12199.260989518836,14.154429882764816,634.6439302451909,6365.94850785844
12200.74721101299,14.154429882764816,634.6439302451909,6366.905196227133
12201.000036301091,14.155880827456713,634.8509537857026,6366.905196227133
12202.194550801069,14.155880827456713,634.8509537857026,6367.686314469203
12202.323727449402,14.157371368259192,634.9302582144737,6367.686314469203
12203.79650720954,14.157371368259192,634.9302582144737,6368.749967830256
12203.939517509192,14.15887582488358,635.0588262509555,6368.749967830256
12205.578677685931,14.15887582488358,635.0588262509555,6369.815321201459
12206.860686760396,14.163867319002748,635.2547886110842,6369.815321201459
12208.414333108813,14.163867319002748,635.2547886110842,6370.865320332348
12208.695194404572,14.165324535220861,635.4958941023797,6370.865320332348
12210.239755697548,14.165324535220861,635.4958941023797,6371.9514348991215
12210.38834884204,14.166810981929302,635.6218255609274,6371.9514348991215
12211.927106564865,14.166810981929302,635.6218255609274,6373.119613707066
12212.175754824653,14.168265167623758,635.850577738136,6373.119613707066
12213.63360125199,14.168265167623758,635.850577738136,6374.372888159007
12214.865750228986,14.173488564789295,636.0009406451136,6374.372888159007
12216.418058361858,14.173488564789295,636.0009406451136,6375.470729952678
12216.606250857934,14.17501657269895,636.1714439373463,6375.470729952678
12218.08078574948,14.17501657269895,636.1714439373463,6376.524624925107
12218.448479481041,14.181969471275806,636.4941772017628,6376.524624925107
12220.12021676451,14.181969471275806,636.4941772017628,6377.796530166641
12220.456329461187,14.183381658047438,636.8074343111366,6377.796530166641
12221.898416869342,14.183381658047438,636.8074343111366,6378.856056313962
12223.225058522075,14.188114494085312,637.0619278270751,6378.856056313962
12224.966424997896,14.188114494085312,637.0619278270751,6380.174460453913
12225.245998490602,14.189570339396596,637.3053941819817,6380.174460453913
12227.027126571164,14.189570339396596,637.3053941819817,6381.566323705018
12227.284755464643,14.191120028495789,637.5125181861222,6381.566323705018
12228.837951952592,14.191120028495789,637.5125181861222,6382.667203584686
12229.082910485566,14.192545015364885,637.71090050973,6382.667203584686
12230.62496624142,14.192545015364885,637.71090050973,6383.979495305568
12231.78374893777,14.197237901389599,637.9679005686194,6383.979495305568
12233.318023720756,14.197237901389599,637.9679005686194,6385.144709518179
12233.43740128167,14.198659267276525,638.066358897835,6385.144709518179
12235.105309993029,14.198659267276525,638.066358897835,6386.3460792619735
12235.372397681698,14.200126452371478,638.3041380569339,6386.3460792619735
12236.87595449388,14.200126452371478,638.3041380569339,6387.406734198332
12237.121184770018,14.201565630733967,638.5291595961899,6387.406734198332
12238.583877597004,14.201565630733967,638.5291595961899,6388.431952666491
12239.548117050901,14.206287857145071,638.7652273569256,6388.431952666491
12241.02487285249,14.206287857145071,638.7652273569256,6389.362916724756
12241.382823649794,14.207694480195642,639.0892856456339,6389.362916724756
12242.872328804806,14.207694480195642,639.0892856456339,6390.498198499903
12242.992666482925,14.20915731601417,639.1892962828279,6390.498198499903
12244.594830797985,14.20915731601417,639.1892962828279,6391.646900424734
12244.826646696776,14.210608784109354,639.3945409096777,6391.646900424734
12246.417161656544,14.210608784109354,639.3945409096777,6392.81664047204
12247.659768117592,14.215360412374139,639.680329747498,6392.81664047204
12249.565911378711,14.215360412374139,639.680329747498,6394.228077443317
12249.842340977862,14.216808738186955,639.921032320708,6394.228077443317
12251.208561932668,14.216808738186955,639.921032320708,6395.365208784118
12251.463450975716,14.218243401497602,640.1231968514621,6395.365208784118
12253.093472676352,14.218243401497602,640.1231968514621,6396.557940652594
12253.434653105214,14.219964891672134,640.4283599331975,6396.557940652594
12254.391560168937,14.219964891672134,640.4283599331975,6397.3253611736
12255.502813408151,14.22468345798552,640.5926570035517,6397.3253611736
12257.184996461496,14.22468345798552,640.5926570035517,6398.4797913096845
12257.449011981487,14.226096453145146,640.8152760565281,6398.4797913096845
12259.011394700035,14.226096453145146,640.8152760565281,6399.612116463482
12259.325173288584,14.227550460025668,641.0980199109763,6399.612116463482
12260.64895249717,14.227550460025668,641.0980199109763,6400.539346372709
12260.876609012485,14.228980036452413,641.3124725352973,6400.539346372709
12262.467725206167,14.228980036452413,641.3124725352973,6401.7593352478
12263.81480088085,14.233826344832778,641.5715192053467,6401.7593352478
12265.368873907253,14.233826344832778,641.5715192053467,6402.885889748111
12265.711259057745,14.235283581539989,641.8774976935238,6402.885889748111
12267.506190450862,14.235283581539989,641.8774976935238,6404.204114267603
12267.792883586138,14.23678400926292,642.1006061062217,6404.204114267603
12269.276734380051,14.23678400926292,642.1006061062217,6405.261322919279
12269.502615712583,14.23826889693737,642.3019851334393,6405.261322919279
12271.155707577243,14.23826889693737,642.3019851334393,6406.4757833741605
12272.34996063076,14.243384219706059,642.531487153843,6406.4757833741605
12273.948353316635,14.243384219706059,642.531487153843,6407.565907418728
12274.193917889148,14.24482598528266,642.7380107045174,6407.565907418728
12276.006491465494,14.24482598528266,642.7380107045174,6408.9532850421965
12276.147303625941,14.246325690299273,642.8518217913806,6408.9532850421965
12277.678930621594,14.246325690299273,642.8518217913806,6410.042710272595
12277.971198068932,14.247825227677822,643.1117162872106,6410.042710272595
12279.613244518638,14.247825227677822,643.1117162872106,6411.305923948064
12280.85780907236,14.266163231804967,643.2679269872606,6411.305923948064
12282.68230159767,14.266163231804967,643.2679269872606,6412.653873439878
12282.936140971258,14.267626959830523,643.501521833241,6412.653873439878
12284.276885453612,14.267626959830523,643.501521833241,6413.611869182438
12284.536050472409,14.269014304503798,643.7391681112349,6413.611869182438
12286.492395292968,14.269014304503798,643.7391681112349,6415.14846470952
12286.66424209252,14.270494980737567,643.90079222247,6415.14846470952
12288.181145329028,14.270494980737567,643.90079222247,6416.224930783734
12289.5844534114,14.275374237447977,644.1977538149804,6416.224930783734
12291.082284649834,14.275374237447977,644.1977538149804,6417.305248338729
12291.335877461359,14.276788722723722,644.4425740856677,6417.305248338729
12292.932739187032,14.276788722723722,644.4425740856677,6418.648152498528
12293.111680505797,14.278250770643353,644.6084099058062,6418.648152498528
12294.753698945045,14.278250770643353,644.6084099058062,6419.778674090281
12294.997131152079,14.27972623705864,644.8248697984964,6419.778674090281
12296.837756337598,14.27972623705864,644.8248697984964,6421.134442284703
12297.882128156722,14.284569194540381,645.0861339699477,6421.134442284703
12299.278985163197,14.284569194540381,645.0861339699477,6422.2605311870575
12299.590785086155,14.286301575601101,645.3518026806414,6422.2605311870575
12301.400719342753,14.286301575601101,645.3518026806414,6423.63996322453
12301.596620829776,14.287718664854765,645.5124993976206,6423.63996322453
12303.353608772159,14.287718664854765,645.5124993976206,6424.946409119293
12303.615803577006,14.289200570434332,645.7502281293273,6424.946409119293
12305.079722857103,14.289200570434332,645.7502281293273,6426.060882465914
12306.354696808383,14.299166060984135,646.0337037537247,6426.060882465914
12307.853027436882,14.299166060984135,646.0337037537247,6427.311723064631
12308.053143009543,14.30070181004703,646.2141625974327,6427.311723064631
12309.789021246135,14.30070181004703,646.2141625974327,6428.535839356482
12310.061519021168,14.302170317620039,646.452371487394,6428.535839356482
12311.611433980986,14.302170317620039,646.452371487394,6429.720874153078
12311.859198233113,14.303777568042278,646.6829179953784,6429.720874153078
12313.688667949289,14.303777568042278,646.6829179953784,6430.923136705533
12314.724775906652,14.31828048452735,646.9069278873503,6430.923136705533
12316.380254965276,14.31828048452735,646.9069278873503,6432.121089648455
12316.650372765958,14.319709392264485,647.1369083467871,6432.121089648455
12318.118066566065,14.319709392264485,647.1369083467871,6433.093649817631
12318.402476716787,14.321439031511545,647.3964360747486,6433.093649817631
12320.131369005889,14.321439031511545,647.3964360747486,6434.379221420735
12320.377540960908,14.322747563943267,647.6114247106016,6434.379221420735
12322.204080391675,14.322747563943267,647.6114247106016,6435.685689786449
12323.597371773794,14.336186811327934,647.7700434681028,6435.685689786449
12325.88847239688,14.336186811327934,647.7700434681028,6437.137356933206
12326.08610608615,14.339833388105035,647.9394872318953,6437.137356933206
12327.277984736487,14.339833388105035,647.9394872318953,6437.95046444051
12327.708986416459,14.341436555609107,648.1256345305592,6437.95046444051
12328.264321036637,14.341436555609107,648.1256345305592,6438.317976981401
12328.333585821092,14.342866661027074,648.1849955543876,6438.317976981401
12329.22649029456,14.342866661027074,648.1849955543876,6438.917804405093
12331.854308838025,14.356336439028382,648.4670158531517,6438.917804405093
12333.564754389226,14.356336439028382,648.4670158531517,6440.211472727358
12333.875393271446,14.35793030820787,648.7079673726112,6440.211472727358
12335.276855500415,14.35793030820787,648.7079673726112,6441.034982254729
12335.478372521698,14.359426517039537,648.8621826805174,6441.034982254729
12337.245449405164,14.359426517039537,648.8621826805174,6442.151428230107
12337.580420661718,14.360925504937768,649.1556926928461,6442.151428230107
12339.397391200066,14.360925504937768,649.1556926928461,6443.574093606323
12341.303007753566,14.36559790186584,649.5616736747324,6443.574093606323
12342.28518117778,14.36559790186584,649.5616736747324,6444.162170574069
12342.408120132983,14.367065209895372,649.6641365066171,6444.162170574069
12343.387282753363,14.367065209895372,649.6641365066171,6444.601105060428
12343.764673452824,14.368817433714867,649.8974299058318,6444.601105060428
12345.319383911788,14.368817433714867,649.8974299058318,6445.601840363815
12345.600455032662,14.370426502078772,650.1441425029188,6445.601840363815
12346.76123039797,14.370426502078772,650.1441425029188,6446.525936217979
12349.681713372469,14.375290432944894,650.2689155321568,6446.525936217979
12350.652507482097,14.375290432944894,650.2689155321568,6447.096735581756
12350.730143917724,14.376748338341713,650.3249126356095,6447.096735581756
12351.72437303327,14.376748338341713,650.3249126356095,6447.815616341308
12352.192414836958,14.378373237326741,650.6790286190808,6447.815616341308
12354.184821508825,14.378373237326741,650.6790286190808,6449.412796774879
12354.364388186485,14.385859653353691,650.8300525266677,6449.412796774879
12355.521662829444,14.385859653353691,650.8300525266677,6450.054316498339
12357.84745173715,14.39084268733859,650.9366033524275,6450.054316498339
12359.370875423774,14.39084268733859,650.9366033524275,6451.029221119359
12359.550590705127,14.392416074872017,651.1023687776178,6451.029221119359
12360.822410207242,14.392416074872017,651.1023687776178,6451.894597481936
12361.071588067338,14.393862282857299,651.2849657330662,6451.894597481936
12363.611155617982,14.393862282857299,651.2849657330662,6453.586538046598
12363.823385892436,14.395302848890424,651.4514077119529,6453.586538046598
12365.129283949733,14.395302848890424,651.4514077119529,6454.58336690627
12367.725193949416,14.400174530223012,651.6300025414675,6454.58336690627
12369.242619324476,14.400174530223012,651.6300025414675,6455.475405454636
12369.435981506482,14.401705458760262,651.7898181080818,6455.475405454636
12370.821085108444,14.401705458760262,651.7898181080818,6456.25697100535
12371.031239336357,14.40308915451169,651.980974521488,6456.25697100535
12372.88054124266,14.40308915451169,651.980974521488,6457.643502114341
12373.115181708708,14.404647642746568,652.1929087731987,6457.643502114341
12374.626845281571,14.404647642746568,652.1929087731987,6458.562695099041
12376.898534210399,14.409599101170897,652.433839444071,6458.562695099041
12378.713152095675,14.409599101170897,652.433839444071,6459.706421582028
12378.86309369281,14.411000655964017,652.5663287341595,6459.706421582028
12380.327606493607,14.411000655964017,652.5663287341595,6460.637754548341
12380.689452940598,14.416442787274718,652.6864414587617,6460.637754548341
12381.548720881343,14.416442787274718,652.6864414587617,6461.224413020536
12381.847663888708,14.41793467476964,652.7839684709907,6461.224413020536
12382.8831937965,14.41793467476964,652.7839684709907,6461.67842105031
12385.249989464879,14.422696022316813,652.8879591207951,6461.67842105031
12386.013717550784,14.422696022316813,652.8879591207951,6462.287916269153
12386.154345288873,14.424176400527358,652.992952618748,6462.287916269153
12387.45241058059,14.424176400527358,652.992952618748,6462.9931988772005
12387.827231455594,14.4327655993402,653.1284153815359,6462.9931988772005
12389.136257449165,14.4327655993402,653.1284153815359,6463.628126097843
12389.538429241627,14.434350997209549,653.498614422977,6463.628126097843
12391.307691108435,14.434350997209549,653.498614422977,6465.0396482124925
12394.133615259081,14.439108688384295,653.7507677059621,6465.0396482124925
12395.165267106146,14.439108688384295,653.7507677059621,6465.734799494967
12395.363272801042,14.440612634643912,653.9352918062359,6465.734799494967
12396.667541187257,14.440612634643912,653.9352918062359,6466.501593947411
12396.80749294348,14.44212350435555,654.0277771744877,6466.501593947411
12398.146592725068,14.44212350435555,654.0277771744877,6467.37276442349
12398.440445872024,14.443736594170332,654.1685506161302,6467.37276442349
12400.156443824992,14.443736594170332,654.1685506161302,6468.602316524833
12402.69453278184,14.460834192112088,654.2848065383732,6468.602316524833
12403.641174905002,14.460834192112088,654.2848065383732,6469.204294228926
12403.799324372783,14.46228414028883,654.4155679251999,6469.204294228926
12405.645360320807,14.46228414028883,654.4155679251999,6470.580219002441
12405.82690537721,14.46414246596396,654.5817436184734,6470.580219002441
12407.124524962157,14.46414246596396,654.5817436184734,6471.227985098958
12407.590903706849,14.465574942529202,655.0012193582952,6471.227985098958
12408.232796497643,14.465574942529202,655.0012193582952,6471.61820140481
12409.600111896172,14.470325659960508,655.2936055362225,6471.61820140481
12410.629779696465,14.470325659960508,655.2936055362225,6472.342617284507
12410.862973785028,14.471840666607022,655.4989690259099,6472.342617284507
12412.991073373705,14.471840666607022,655.4989690259099,6473.90736232698
12413.072049932554,14.47332826256752,655.5648187883198,6473.90736232698
12413.77796780318,14.47332826256752,655.5648187883198,6474.340113539249
12413.999780073762,14.474936582148075,655.752590386197,6474.340113539249
12415.323141317815,14.474936582148075,655.752590386197,6475.481372900307
12416.81857460551,14.48720925487578,656.008885525167,6475.481372900307
12418.71875692159,14.48720925487578,656.008885525167,6476.905163239688
12418.936160581186,14.488670360296965,656.2018863391131,6476.905163239688
12420.761971870437,14.488670360296965,656.2018863391131,6478.258304247633
12421.190300341696,14.490112166851759,656.5954605229199,6478.258304247633
12423.321964524686,14.490112166851759,656.5954605229199,6479.843703579158
12423.73903382197,14.491615045815706,656.9563612248749,6479.843703579158
12425.824871769175,14.491615045815706,656.9563612248749,6481.516109114513
12427.244315749034,14.496398132294416,657.0812603551894,6481.516109114513
12429.052008558065,14.496398132294416,657.0812603551894,6482.88277958706
12429.288022957742,14.497881967574358,657.3056570421904,6482.88277958706
12431.325326617807,14.497881967574358,657.3056570421904,6484.401510138065
12431.590331116691,14.49935289286077,657.533187136054,6484.401510138065
12433.43014886044,14.49935289286077,657.533187136054,6485.8413944188505
12433.816151769832,14.50081160850823,657.8658015094697,6485.8413944188505
12435.614310184494,14.50081160850823,657.8658015094697,6487.199529418722
12436.89332607016,14.511284045875072,658.1004493050277,6487.199529418722
12438.584900449961,14.511284045875072,658.1004493050277,6488.526164492592
12438.835881251842,14.51269288174808,658.325280001387,6488.526164492592
12440.551228173077,14.51269288174808,658.325280001387,6490.00907809101
12440.797080332413,14.514189910143614,658.5452716592699,6490.00907809101
12442.417378360406,14.514189910143614,658.5452716592699,6491.280097490177
12442.64566347003,14.515565976500511,658.7448299732059,6491.280097490177
12444.24037318863,14.515565976500511,658.7448299732059,6492.507403058931
12445.454949228093,14.525438498705626,658.945641471073,6492.507403058931
12447.155411370099,14.525438498705626,658.945641471073,6493.717025974765
12447.380854316056,14.526903465390205,659.1445375140756,6493.717025974765
12449.005417602137,14.526903465390205,659.1445375140756,6494.957050856203
12449.151038689539,14.528384933248162,659.2602929770947,6494.957050856203
12450.695043163374,14.528384933248162,659.2602929770947,6496.054021008313
12450.96084647812,14.529881229624152,659.4934155140072,6496.054021008313
12452.007232705131,14.529881229624152,659.4934155140072,6496.728319082409
12455.746727677062,14.534511223435402,659.870471669361,6496.728319082409
12458.119878033176,14.534511223435402,659.870471669361,6498.575252190232
12458.502298574895,14.536122493445873,660.1948664039373,6498.575252190232
12459.744269113988,14.536122493445873,660.1948664039373,6499.3451946899295
12460.27599269338,14.537645580247045,660.6595116574317,6499.3451946899295
12461.659635221586,14.537645580247045,660.6595116574317,6500.429122583941
12461.888126913458,14.539113707840443,660.86467349343,6500.429122583941
12463.35815426521,14.539113707840443,660.86467349343,6501.464327747002
12464.693625591695,14.544712578877807,660.973615963012,6501.464327747002
12465.967084545642,14.544712578877807,660.973615963012,6502.540544319898
12466.170824017376,14.546606905758381,661.1548283938318,6502.540544319898
12467.62079060264,14.546606905758381,661.1548283938318,6503.696828944609
12468.0024842415,14.54805957339704,661.4887825325131,6503.696828944609
12469.438254561275,14.54805957339704,661.4887825325131,6504.544459104538
12469.821781884879,14.549586720764637,661.8383715283126,6504.544459104538
12471.095884349197,14.549586720764637,661.8383715283126,6505.219636151567
12472.215895241126,14.55437476746738,662.0506437364966,6505.219636151567
12473.706352969632,14.55437476746738,662.0506437364966,6506.295513028279
12473.881527725607,14.555795144289732,662.1049357485026,6506.295513028279
12475.156528489664,14.555795144289732,662.1049357485026,6507.054554309696
12475.299802076072,14.557219240814447,662.2356204558164,6507.054554309696
12477.419819816947,14.557219240814447,662.2356204558164,6508.293891962618
12477.80253242515,14.558710379526019,662.4900082815439,6508.293891962618
12478.995957557112,14.558710379526019,662.4900082815439,6508.866885544732
12481.947252461687,14.570548305287957,662.5515303332359,6508.866885544732
12483.113345824182,14.570548305287957,662.5515303332359,6509.547006174922
12483.25820359774,14.57203340344131,662.679181303829,6509.547006174922
12484.543662602082,14.57203340344131,662.679181303829,6510.455027675256
12484.75050739944,14.573453718796372,662.8323031589389,6510.455027675256
12486.403900761157,14.573453718796372,662.8323031589389,6511.667873393744
12486.776982313022,14.574911776930094,663.1765690669417,6511.667873393744
12488.174444081262,14.574911776930094,663.1765690669417,6512.761047465727
12491.069061789662,14.588690957054496,663.578600557521,6512.761047465727
12492.716879719868,14.588690957054496,663.578600557521,6513.8712593875825
12492.999035870656,14.597564049065113,663.8106514830142,6513.8712593875825
12494.336231248453,14.597564049065113,663.8106514830142,6514.715107146651
12494.633281953633,14.599381491541862,664.0411495119333,6514.715107146651
12496.236437348649,14.599381491541862,664.0411495119333,6515.889966469258
12496.348258960992,14.601080050691962,664.1329048275948,6515.889966469258
12498.041786285117,14.601080050691962,664.1329048275948,6517.328521857038
12500.106337985024,14.60597706772387,664.3186061698943,6517.328521857038
12501.634075503796,14.60597706772387,664.3186061698943,6518.395384898409
12501.86437243782,14.607626548036933,664.4612350128591,6518.395384898409
12503.59857205674,14.607626548036933,664.4612350128591,6519.791371161118
12503.74051351659,14.609202617779374,664.5733837485313,6519.791371161118
12505.32569906488,14.609202617779374,664.5733837485313,6520.8874506652355
12505.528189461678,14.610695574432611,664.7538777049631,6520.8874506652355
12507.422564532608,14.610695574432611,664.7538777049631,6522.243318544701
12509.181056518108,14.619962472468615,664.8691535592079,6522.243318544701
12510.851181903854,14.619962472468615,664.8691535592079,6523.372539643198
12511.158143829554,14.621422540396452,665.1066261362284,6523.372539643198
12512.581436449662,14.621422540396452,665.1066261362284,6524.432007672265
12512.78680903837,14.622889498248696,665.2845055051148,6524.432007672265
12513.631105907261,14.622889498248696,665.2845055051148,6524.961292048916
12513.746770828962,14.6244578063488,665.3829729817808,6524.961292048916
12514.624439116567,14.6244578063488,665.3829729817808,6525.423353686929
12518.250013310462,14.629489976912737,665.5943851433694,6525.423353686929
12519.558260491118,14.629489976912737,665.5943851433694,6526.241438187659
12519.816884925589,14.63097969442606,665.8143645208329,6526.241438187659
12521.130797697231,14.63097969442606,665.8143645208329,6526.945791149512
12521.501730069518,14.632646694779396,666.0131476521492,6526.945791149512
12522.330887712538,14.632646694779396,666.0131476521492,6527.340105770156
12522.52427381277,14.63419410213828,666.1189062725753,6527.340105770156
12523.708942957222,14.63419410213828,666.1189062725753,6528.086560951546
12527.190920740366,14.638997167348862,666.2399468533695,6528.086560951546
12528.813476588577,14.638997167348862,666.2399468533695,6528.93731078878
12528.946444697678,14.64037568308413,666.3557318076491,6528.93731078878
12530.333021206781,14.64037568308413,666.3557318076491,6529.611289026216
12530.626360813156,14.641812220215797,666.5045164562762,6529.611289026216
12532.08977522701,14.641812220215797,666.5045164562762,6530.535053415224
12532.196989044547,14.643400577828288,666.5841156989336,6530.535053415224
12534.240690585226,14.643400577828288,666.5841156989336,6531.801637455821
12535.809203317389,14.64836422726512,666.7461769394577,6531.801637455821
12536.812326475978,14.64836422726512,666.7461769394577,6532.570244023576
12537.053064152598,14.649831593036652,666.9566762242466,6532.570244023576
12538.513001531363,14.649831593036652,666.9566762242466,6533.714992167428
12538.73389624618,14.651272198185325,667.1612235177308,6533.714992167428
12539.976448085159,14.651272198185325,667.1612235177308,6534.579897491261
12540.048906857148,14.65282535739243,667.202755657956,6534.579897491261
12542.000441685319,14.65282535739243,667.202755657956,6536.011779528111
12543.668825473636,14.663197936490178,667.5682364944369,6536.011779528111
12545.737306613475,14.663197936490178,667.5682364944369,6537.598502971232
12546.119255218655,14.66466929204762,667.9054028820246,6537.598502971232
12548.01998987794,14.66466929204762,667.9054028820246,6539.003100151196
12548.233096541837,14.666243430227041,668.0677149761468,6539.003100151196
12549.7285286095,14.666243430227041,668.0677149761468,6540.260539934039
12549.980305725709,14.668415499851108,668.2827176917344,6540.260539934039
12551.112301446497,14.668415499851108,668.2827176917344,6540.921974023804
12552.372278194875,14.6732881013304,668.6320557929575,6540.921974023804
12553.752906417474,14.6732881013304,668.6320557929575,6542.1067472379655
12553.822748754174,14.67476143874228,668.6931085903198,6542.1067472379655
12554.349312350154,14.67476143874228,668.6931085903198,6542.429054731503
12554.713669981807,14.676229974254966,669.0088297259063,6542.429054731503
12555.990048939362,14.676229974254966,669.0088297259063,6543.231632115319
12556.342530457303,14.677703373134136,669.3132915366441,6543.231632115319
12557.39821035415,14.677703373134136,669.3132915366441,6544.004797965288
12558.59630981274,14.682841939851642,669.5543398186564,6544.004797965288
12559.958130689338,14.682841939851642,669.5543398186564,6544.917297778651
12560.176391165704,14.684308147057891,669.7423601839691,6544.917297778651
12562.16829928197,14.684308147057891,669.7423601839691,6546.615549020469
12562.307068035007,14.685792764648795,669.8646114058793,6546.615549020469
12563.879390906543,14.685792764648795,669.8646114058793,6547.7344085127115
12564.17410014011,14.68727353028953,670.1257757451385,6547.7344085127115
12566.198451485485,14.68727353028953,670.1257757451385,6549.178205098957
12567.364329446107,14.69205131009221,670.3770220540464,6549.178205098957
12569.168963110074,14.69205131009221,670.3770220540464,6550.535638177767
12569.53754237108,14.693516025319695,670.7096490692347,6550.535638177767
12570.842171205208,14.693516025319695,670.7096490692347,6551.43274538219
12571.059711268172,14.694966031238437,670.9084409698844,6551.43274538219
12572.718406647444,14.694966031238437,670.9084409698844,6552.69187441282
12573.070316722617,14.698737191036344,671.2409297116101,6552.69187441282
12574.442286947742,14.698737191036344,671.2409297116101,6553.759556740522
12575.466317377985,14.723478021100163,671.492958554998,6553.759556740522
12577.612891085446,14.723478021100163,671.492958554998,6555.246424205601
12577.741665616632,14.724938107654452,671.601435797289,6555.246424205601
12579.670469248667,14.724938107654452,671.601435797289,6556.6863914188
12579.814817074686,14.7264156434685,671.7292082291096,6556.6863914188
12581.284851929173,14.7264156434685,671.7292082291096,6557.820373388007
12581.42383870855,14.727940639480948,671.8554266728461,6557.820373388007
12583.0136577487,14.727940639480948,671.8554266728461,6559.037196947262
12584.30456183292,14.732736615464091,672.193708891049,6559.037196947262
12586.330643320456,14.732736615464091,672.193708891049,6560.354719886556
12586.636277863756,14.734200021252036,672.4720610119402,6560.354719886556
12588.05310015753,14.734200021252036,672.4720610119402,6561.436545051634
12588.370982741937,14.735616518184543,672.7399220634252,6561.436545051634
12589.737832661718,14.735616518184543,672.7399220634252,6562.161605499685
12589.794384693727,14.737040225416422,672.7868326716125,6562.161605499685
12591.046336237341,14.737040225416422,672.7868326716125,6563.0076908599585
12594.253045964986,14.741942564025521,672.8856158964336,6563.0076908599585
12595.605161715299,14.741942564025521,672.8856158964336,6563.757474953309
12595.876433478668,14.743379060178995,673.1211043037474,6563.757474953309
12597.450417812914,14.743379060178995,673.1211043037474,6564.43732095696
12597.755159957334,14.745005590841174,673.16835321486,6564.43732095696
12598.530815180391,14.745005590841174,673.16835321486,6564.769357081503
12598.623132428154,14.746404957026243,673.2466688137501,6564.769357081503
12599.32412515767,14.746404957026243,673.2466688137501,6565.141340406612
12601.090180948377,14.751207923516631,673.3400467578322,6565.141340406612
12602.31073191017,14.751207923516631,673.3400467578322,6565.908365154639
12602.446951596066,14.752695072442293,673.4538424257189,6565.908365154639
12604.278578422964,14.752695072442293,673.4538424257189,6566.873471150175
12604.477676698938,14.754129068925977,673.617333561182,6566.873471150175
12606.198599005118,14.754129068925977,673.617333561182,6567.628121579066
12606.57237065211,14.755802389234304,673.7862790860236,6567.628121579066
12607.9363586884,14.755802389234304,673.7862790860236,6568.793256297708
12609.10305490531,14.76070699840784,673.9271318484098,6568.793256297708
12611.132330212742,14.76070699840784,673.9271318484098,6570.388448067009
12611.23772244528,14.76219697482884,673.9961049873382,6570.388448067009
12612.485677305609,14.76219697482884,673.9961049873382,6571.0051842182875
12612.648966787383,14.763593390583992,674.141365930438,6571.0051842182875
12613.894479680806,14.763593390583992,674.141365930438,6571.748872438446
12614.160963868722,14.771187242120504,674.2530893031508,6571.748872438446
12615.266730591655,14.771187242120504,674.2530893031508,6572.43846485205
12618.54221689701,14.780937621369958,674.3441502973437,6572.43846485205
12619.484580146149,14.780937621369958,674.3441502973437,6572.964396735653
12619.60880511254,14.782406736165285,674.4277866054326,6572.964396735653
12620.99116213806,14.782406736165285,674.4277866054326,6573.854925708845
12621.225541288033,14.783982574939728,674.630161492154,6573.854925708845
12623.311708033085,14.783982574939728,674.630161492154,6574.925129393116
12623.510428383946,14.785529751330614,674.7331983540207,6574.925129393116
12624.558418449014,14.785529751330614,674.7331983540207,6575.6725024897605
12626.58264256455,14.791864300146699,675.0273016057909,6575.6725024897605
12627.340627668425,14.791864300146699,675.0273016057909,6576.193656835705
12627.457845557481,14.793382016941905,675.0935359448195,6576.193656835705
12628.815316909924,14.793382016941905,675.0935359448195,6577.01125652343
12629.043657457456,14.794830152764916,675.3007010389119,6577.01125652343
12630.545658918098,14.794830152764916,675.3007010389119,6578.018928075209
12630.81453336589,14.796419510617852,675.5408560745418,6578.018928075209
12632.540007544681,14.796419510617852,675.5408560745418,6579.294943505898
12634.888534832746,14.801350761204958,675.6655880026519,6579.294943505898
12636.218888416886,14.801350761204958,675.6655880026519,6579.985361626372
12636.496662689373,14.80285838805139,675.9117710981518,6579.985361626372
12638.048516890034,14.80285838805139,675.9117710981518,6581.111384848133
12638.21623985283,14.804278574883938,676.0668764710426,6581.111384848133
12639.426171386614,14.804278574883938,676.0668764710426,6581.8601863235235
12639.735700570047,14.805799702182412,676.2727236691862,6581.8601863235235
12641.129656786099,14.805799702182412,676.2727236691862,6582.743214087561
12643.569938648492,14.810844514518976,676.3624703008682,6582.743214087561
12644.898309616372,14.810844514518976,676.3624703008682,6583.451402813196
12645.224719597027,14.812332633882761,676.6349603589624,6583.451402813196
12647.121524516493,14.812332633882761,676.6349603589624,6584.677096419036
12647.38832570985,14.813754169270396,676.8630601428449,6584.677096419036
12648.26056878455,14.813754169270396,676.8630601428449,6585.264873743057
12648.314772645012,14.815210675820708,676.9072982612997,6585.264873743057
12649.194927068427,14.815210675820708,676.9072982612997,6585.760813510045
12652.577046280727,14.829482823610306,677.1135603878647,6585.760813510045
12653.59340003319,14.829482823610306,677.1135603878647,6586.394638285041
12653.732702085748,14.831003500148654,677.2385540492833,6586.394638285041
12655.201602941379,14.831003500148654,677.2385540492833,6587.358834784478
12655.262666456401,14.832458276301622,677.2830862738192,6587.358834784478
12656.356571434066,14.832458276301622,677.2830862738192,6588.223553484306
12656.522522002459,14.833896921947598,677.4142303578556,6588.223553484306
12657.727194532752,14.833896921947598,677.4142303578556,6588.813024977222
12661.17165680416,14.856918133795261,677.5101515091956,6588.813024977222
12662.631009994075,14.856918133795261,677.5101515091956,6589.630560737103
12662.73458555527,14.858405390754342,677.5873456280679,6589.630560737103
12664.10458348319,14.858405390754342,677.5873456280679,6590.759670006111
12664.302193993703,14.859852386638522,677.7670193575323,6590.759670006111
12665.986836126074,14.859852386638522,677.7670193575323,6591.839884195477
12666.278862379491,14.867877503857017,677.999699935317,6591.839884195477
12668.161339525133,14.867877503857017,677.999699935317,6593.176069887355
12670.65670354478,14.872758340090513,678.0921163838357,6593.176069887355
12672.883598912507,14.872758340090513,678.0921163838357,6594.522778190672
12673.007337421179,14.874198636040092,678.2068583276123,6594.522778190672
12674.039601413533,14.874198636040092,678.2068583276123,6595.374286720529
12674.182227449492,14.875609513372183,678.3272998090833,6595.374286720529
12674.942494081333,14.875609513372183,678.3272998090833,6595.861880885437
12675.018299138173,14.877811772748828,678.3929852489382,6595.861880885437
12676.37771340087,14.877811772748828,678.3929852489382,6596.320454720408
12680.086519280449,14.8824593257159,678.5779386237264,6596.320454720408
12680.944003909826,14.8824593257159,678.5779386237264,6596.937487168238
12681.208418497816,14.884027764201164,678.8117644432932,6596.937487168238
12683.166834181175,14.884027764201164,678.8117644432932,6598.337471844628
12683.345004884526,14.885446280241013,678.9793422427028,6598.337471844628
12685.3108502049,14.885446280241013,678.9793422427028,6599.857262060046
12685.54961290583,14.88692969828844,679.18013532646,6599.857262060046
12687.45828660205,14.88692969828844,679.18013532646,6601.291529241949
12688.582302868366,14.891703177243471,679.4744205288589,6601.291529241949
12689.800637876615,14.891703177243471,679.4744205288589,6602.2522891275585
12690.161046998575,14.89322755485773,679.7770730536431,6602.2522891275585
12691.909803485498,14.89322755485773,679.7770730536431,6603.528268769383
12692.240074135363,14.894695298746228,680.0337763894349,6603.528268769383
12694.217914745212,14.894695298746228,680.0337763894349,6604.934326177463
12694.407508186996,14.896230638027191,680.1897080987692,6604.934326177463
12695.235604789108,14.896230638027191,680.1897080987692,6605.367026310414
12697.982353469357,14.905711585655808,680.3271647784859,6605.367026310414
12699.546784300357,14.905711585655808,680.3271647784859,6606.631205858663
12699.835432041436,14.907306365668774,680.580273989588,6606.631205858663
12700.921335361898,14.907306365668774,680.580273989588,6607.374025864527
12701.215559095144,14.916760869324207,680.8393757343292,6607.374025864527
12702.920667443424,14.916760869324207,680.8393757343292,6608.657505614683
12703.199109889567,14.918270457535982,681.0818367209285,6608.657505614683
12704.785750223324,14.918270457535982,681.0818367209285,6609.959511581808
12707.635249081999,14.930197512730956,681.2993101533502,6609.959511581808
12708.939579069614,14.930197512730956,681.2993101533502,6610.8800043631345
12709.167499853298,14.935819074511528,681.4993456955999,6610.8800043631345
12710.176374765113,14.935819074511528,681.4993456955999,6611.543761165813
12710.49423944205,14.937504347413778,681.7592946439981,6611.543761165813
12712.042332110927,14.937504347413778,681.7592946439981,6612.639731829986
12712.148231495172,14.939114546403289,681.8123519532382,6612.639731829986
12713.11190989241,14.939114546403289,681.8123519532382,6613.426655901596
12715.935748632997,14.944122606888413,682.11679992266,6613.426655901596
12717.568105332553,14.944122606888413,682.11679992266,6614.2259957212955
12717.77819451876,14.945796079933643,682.2901190295815,6614.2259957212955
12718.475403241813,14.945796079933643,682.2901190295815,6614.608874052763
12718.67542518489,14.947416950017214,682.4321929160506,6614.608874052763
12719.743205673993,14.947416950017214,682.4321929160506,6615.235122689977
12719.84854741767,14.948900965973735,682.5261256806552,6615.235122689977
12721.12739940174,14.948900965973735,682.5261256806552,6616.048499833792
12723.092902036384,14.953775104135275,682.5805906876922,6616.048499833792
12723.64668219909,14.953775104135275,682.5805906876922,6616.39312507771
12723.906010493636,14.955445233732462,682.7208307497203,6616.39312507771
12725.149274328724,14.955445233732462,682.7208307497203,6617.2861647140235
12725.334934258834,14.956911940127611,682.8841901514679,6617.2861647140235
12726.480437999591,14.956911940127611,682.8841901514679,6618.0470675081015
12726.73457526043,14.958417538553476,683.1225654352456,6618.0470675081015
12728.00145800598,14.958417538553476,683.1225654352456,6618.788445418701
12731.875255089253,14.963262040168047,683.3960573002696,6618.788445418701
12732.93256691657,14.963262040168047,683.3960573002696,6619.360791461542
12733.145261012018,14.964851699769497,683.5370027367026,6619.360791461542
12734.101201029494,14.964851699769497,683.5370027367026,6619.891640335321
12734.321292050183,14.966412506997585,683.6978876441717,6619.891640335321
12735.483968161047,14.966412506997585,683.6978876441717,6620.55193621479
12735.8000674434,14.968035638332367,683.9625275246799,6620.55193621479
12737.282170159742,14.968035638332367,683.9625275246799,6621.698302960023
12739.721313303337,14.97296048887074,684.1391407214105,6621.698302960023
12740.889802001417,14.97296048887074,684.1391407214105,6622.482764475048
12741.101385304704,14.974492486566305,684.3273653965443,6622.482764475048
12742.136983608827,14.974492486566305,684.3273653965443,6623.049582466483
12742.37507770583,14.976044265553355,684.5039899535477,6623.049582466483
12744.316075792536,14.976044265553355,684.5039899535477,6624.150284577161
12744.476696284488,14.982429973781109,684.6319887302816,6624.150284577161
12746.05570669286,14.982429973781109,684.6319887302816,6625.110023852438
12747.68326436542,14.998475415632129,684.8719316516072,6625.110023852438
12748.252926407382,14.998475415632129,684.8719316516072,6625.460720617324
12748.582264300436,15.00010864250362,685.1419666521251,6625.460720617324
12750.595799783245,15.00010864250362,685.1419666521251,6627.068827793002
12750.925186097622,15.001680431887507,685.3967505060136,6627.068827793002
12753.011997388676,15.001680431887507,685.3967505060136,6628.3700649142265
12753.30794316344,15.003281431272626,685.6728666815907,6628.3700649142265
12755.474058480933,15.003281431272626,685.6728666815907,6629.956811409444
12757.11998838,15.008038718253374,686.1171586159617,6629.956811409444
12759.283610330895,15.008038718253374,686.1171586159617,6631.392517328262
12759.52588119544,15.009543117135763,686.329486111179,6631.392517328262
12761.506566226482,15.009543117135763,686.329486111179,6632.989354848862
12761.879467897117,15.011459281668067,686.6676962673664,6632.989354848862
12763.668361537158,15.011459281668067,686.6676962673664,6634.365166183561
12763.8029486835,15.01297408901155,686.7712868396193,6634.365166183561
12765.45644394122,15.01297408901155,686.7712868396193,6635.511466708034
12766.777303213254,15.02297068759799,687.2308830600232,6635.511466708034
12768.825541777536,15.02297068759799,687.2308830600232,6637.106809126213
12769.139301205054,15.024515187367797,687.5236551407725,6637.106809126213
12770.657623173669,15.024515187367797,687.5236551407725,6638.244056513533
12770.878586288542,15.026119515299797,687.7206993419677,6638.244056513533
12772.771220158786,15.026119515299797,687.7206993419677,6639.694596802816
12773.03560259752,15.027647461742163,687.9544477779418,6639.694596802816
12775.000128857791,15.027647461742163,687.9544477779418,6641.316918151453
12776.38743008487,15.049151381477714,688.3256718236953,6641.316918151453
12778.013249089941,15.049151381477714,688.3256718236953,6642.500376027077
12778.209286393598,15.0507673881948,688.5065166167915,6642.500376027077
12780.26837614365,15.0507673881948,688.5065166167915,6644.047801667824
12780.512926405296,15.052367366850376,688.7336408235133,6644.047801667824
12781.7472944092,15.052367366850376,688.7336408235133,6644.913700796664
12781.934553718194,15.054004345089197,688.857559690252,6644.913700796664
12783.407921601087,15.054004345089197,688.857559690252,6646.01315291971
12784.759899381548,15.059134827926755,689.1453403029591,6646.01315291971
12786.495631311089,15.059134827926755,689.1453403029591,6647.315452100709
12786.782158449292,15.063495144248009,689.3983423467726,6647.315452100709
12788.554802697152,15.063495144248009,689.3983423467726,6648.5522513035685
12788.855852289125,15.065100381150842,689.6738809179515,6648.5522513035685
12790.520617680624,15.065100381150842,689.6738809179515,6649.591391758993
12790.810928208753,15.066834822297096,689.9127927776426,6649.591391758993
12791.955558989197,15.066834822297096,689.9127927776426,6650.427060397342
12795.3724434264,15.07200320623815,690.0373457148671,6650.427060397342
12796.511139092967,15.07200320623815,690.0373457148671,6651.1325881667435
12796.771769005805,15.073911279439926,690.1953524276614,6651.1325881667435
12798.11594742909,15.073911279439926,690.1953524276614,6651.760792981833
12798.259694283828,15.075475675985217,690.2929784394801,6651.760792981833
12799.332097614184,15.075475675985217,690.2929784394801,6652.533106394112
12799.475223977119,15.077022092416883,690.4155915118754,6652.533106394112
12800.745786003768,15.077022092416883,690.4155915118754,6653.119879202917
12802.30890048854,15.082012493163347,690.7582382466644,6653.119879202917
12803.22656787932,15.082012493163347,690.7582382466644,6653.527453569695
12803.5938948486,15.083513431251049,691.0662066563964,6653.527453569695
12805.676612284034,15.083513431251049,691.0662066563964,6654.837736802176
12805.78228702955,15.085104800760746,691.159753844142,6654.837736802176
12806.809589108452,15.085104800760746,691.159753844142,6655.425242712721
12806.903214039281,15.086785439401865,691.2328667454422,6655.425242712721
12808.368659084663,15.086785439401865,691.2328667454422,6656.221005516127
12812.770549783483,15.091561440378428,691.6069420482963,6656.221005516127
12814.244094541296,15.091561440378428,691.6069420482963,6656.848916970193
12814.533133408055,15.09313358925283,691.7910924516618,6656.848916970193
12815.849111210555,15.09313358925283,691.7910924516618,6657.728606231511
12816.025368994102,15.094848461449146,691.9343782868236,6657.728606231511
12816.695744583383,15.094848461449146,691.9343782868236,6658.2081466168165
12816.99599950388,15.096386017277837,692.1957778539509,6658.2081466168165
12818.804319614545,15.096386017277837,692.1957778539509,6659.446703713387
12821.288433296606,15.101180424913764,692.3206881470978,6659.446703713387
12822.529764328152,15.101180424913764,692.3206881470978,6660.016847325489
12822.631615204737,15.102762512862682,692.4088788293302,6660.016847325489
12823.920361872762,15.102762512862682,692.4088788293302,6661.000683566555
12824.007257580757,15.104377273470163,692.482474476099,6661.000683566555
12825.039292061701,15.104377273470163,692.482474476099,6661.7524535395205
12825.385986221954,15.106171207502484,692.7539201769978,6661.7524535395205
12827.222378596663,15.106171207502484,692.7539201769978,6662.921671899036
12828.879522165284,15.11105628311634,692.8882489632815,6662.921671899036
12829.536492777988,15.11105628311634,692.8882489632815,6663.304690953344
12829.838774684817,15.112653100863099,693.1378611903638,6663.304690953344
12831.568883102387,15.112653100863099,693.1378611903638,6664.596371106803
12831.96314114146,15.114352580159903,693.4328155871481,6664.596371106803
12833.00174822472,15.114352580159903,693.4328155871481,6665.239319555461
12833.153566807508,15.116007801145315,693.5355482641608,6665.239319555461
12834.821679757908,15.116007801145315,693.5355482641608,6666.330676112324
12837.065168341622,15.125800255686045,693.6273256707937,6666.330676112324
12838.612046074122,15.125800255686045,693.6273256707937,6667.130107298493
12838.73078388907,15.127358503639698,693.7339595668018,6667.130107298493
12839.907379157841,15.127358503639698,693.7339595668018,6668.096155423671
12840.271831030026,15.128897132351995,694.0191119983792,6668.096155423671
12841.842334929854,15.128897132351995,694.0191119983792,6669.157871637493
12842.04392363131,15.130470683798194,694.2020449116826,6669.157871637493
12843.264652770013,15.130470683798194,694.2020449116826,6670.114641198888
12845.295824812725,15.158587604761124,694.2989215124398,6670.114641198888
12846.608584180474,15.158587604761124,694.2989215124398,6670.859493212774
12846.863867841661,15.1600945815444,694.5244360044599,6670.859493212774
12848.437432372943,15.1600945815444,694.5244360044599,6671.900936882943
12848.722216617316,15.16165721975267,694.7697983644903,6671.900936882943
12850.151938373223,15.16165721975267,694.7697983644903,6672.912463294342
12850.275604985654,15.164477869868279,694.8783334232867,6672.912463294342
12851.45102916658,15.164477869868279,694.8783334232867,6673.684658212587
12853.573348714039,15.169330274686217,695.1291393917054,6673.684658212587
12854.92724964954,15.169330274686217,695.1291393917054,6674.570125548169
12855.105093114078,15.17358722165227,695.2909936476499,6674.570125548169
12856.631862834096,15.17358722165227,695.2909936476499,6675.709804324433
12856.996224176139,15.175318863242865,695.5931684356183,6675.709804324433
12857.974997038022,15.175318863242865,695.5931684356183,6676.394484322518
12858.157791519538,15.177050394937396,695.6894962750375,6676.394484322518
12859.439075484872,15.177050394937396,695.6894962750375,6677.108505040407
12862.353826185688,15.181929763406515,695.9342157002538,6677.108505040407
12863.990677297115,15.181929763406515,695.9342157002538,6678.261082421988
12864.073449322954,15.183476431295276,695.9857176523656,6678.261082421988
12865.01858988963,15.183476431295276,695.9857176523656,6678.881610002369
12865.159246230498,15.185066370293498,696.0879761185497,6678.881610002369
12866.501793310046,15.185066370293498,696.0879761185497,6679.715430237353
12866.952963929623,15.186574768275023,696.4950882047415,6679.715430237353
12868.488616967574,15.186574768275023,696.4950882047415,6680.7050043884665
12871.339803377166,15.19136469438672,696.5807674136013,6680.7050043884665
12872.063173657283,15.19136469438672,696.5807674136013,6681.009829737246
12872.289155520499,15.193100575357676,696.7161014899611,6681.009829737246
12873.778658356518,15.193100575357676,696.7161014899611,6681.6818609423935
12873.942534297705,15.194869568571448,696.8553919289261,6681.6818609423935
12875.587361080572,15.194869568571448,696.8553919289261,6682.675464827567
12875.682563850656,15.196440255269408,696.9384642001241,6682.675464827567
12876.781375197694,15.196440255269408,696.9384642001241,6683.398891668767
12878.848364373669,15.20136714540422,697.1789834052324,6683.398891668767
12879.515784913674,15.20136714540422,697.1789834052324,6683.81410978362
12879.787810562178,15.202894764021039,697.4224925860763,6683.81410978362
12881.230743717402,15.202894764021039,697.4224925860763,6684.805807754397
12881.730787925422,15.204538244754076,697.6116726826876,6684.805807754397
12883.193092124537,15.204538244754076,697.6116726826876,6685.706988310441
12883.481853762642,15.206078274175525,697.8628106620163,6685.706988310441
12884.52774065733,15.206078274175525,697.8628106620163,6686.53413464129
12886.863524405286,15.214296201243997,697.930089417845,6686.53413464129
12887.942911366,15.214296201243997,697.930089417845,6687.047553220764
12888.043739804998,15.21588801778853,698.0122620537877,6687.047553220764
12889.31586445123,15.21588801778853,698.0122620537877,6687.654803616926
12889.460529744625,15.227446606382728,698.127542078495,6687.654803616926
12890.892782054842,15.227446606382728,698.127542078495,6688.612788353115
12891.050176961347,15.22897119447589,698.2525822203606,6688.612788353115
12892.709430042654,15.22897119447589,698.2525822203606,6689.406619273126
12895.883733164519,15.233994154259562,698.3540858644992,6689.406619273126
12897.479274729267,15.233994154259562,698.3540858644992,6690.493979670107
12897.668827077374,15.235541051253676,698.5258796196431,6690.493979670107
12898.611475456506,15.235541051253676,698.5258796196431,6690.949173659086
12898.783729113638,15.237034346908331,698.6725380923599,6690.949173659086
12899.876691071317,15.237034346908331,698.6725380923599,6691.648115672171
12900.10899999179,15.238639215007424,698.8440120406449,6691.648115672171
12901.732103126124,15.238639215007424,698.8440120406449,6692.651292849332
12903.800242677331,15.262753140181303,698.935117488727,6692.651292849332
12905.35234056972,15.262753140181303,698.935117488727,6693.445481747389
12905.605075219646,15.264215685427189,699.1612711977214,6693.445481747389
12907.60272054933,15.264215685427189,699.1612711977214,6694.6024204250425
12907.833601223305,15.265889374539256,699.3562584836036,6694.6024204250425
12909.00255522877,15.265889374539256,699.3562584836036,6695.222422264516
12909.132874118164,15.267434030771255,699.4363383203745,6695.222422264516
12910.267879499123,15.267434030771255,699.4363383203745,6695.873984597623
12913.704824117944,15.287767106667161,699.803699593991,6695.873984597623
12915.049338310957,15.287767106667161,699.803699593991,6696.805325197056
12915.327994549647,15.289235295727849,700.0689427610487,6696.805325197056
12916.249050997198,15.289235295727849,700.0689427610487,6697.453872805461
12916.556596277282,15.290791934356093,700.2956686709076,6697.453872805461
12917.746830232441,15.290791934356093,700.2956686709076,6698.287661744282
12918.065139260143,15.29249531403184,700.5067880284041,6698.287661744282
12919.405606579036,15.29249531403184,700.5067880284041,6699.196529269218
12921.373001549393,15.297331530600786,700.8123700153083,6699.196529269218
12922.675813540816,15.297331530600786,700.8123700153083,6699.96276466921
12922.831986578181,15.298859279602766,700.9515851419419,6699.96276466921
12924.231345444918,15.298859279602766,700.9515851419419,6700.854229424149
12924.573288019747,15.300498047843575,701.2332435864955,6700.854229424149
12926.054175334051,15.300498047843575,701.2332435864955,6701.879269795492
12926.38110473752,15.302111838012934,701.5016381517053,6701.879269795492
12927.426067726687,15.302111838012934,701.5016381517053,6702.561697538942
12931.333950752392,15.321028450503945,701.7032381184399,6702.561697538942
12932.521882249042,15.321028450503945,701.7032381184399,6703.352471401915
12932.675041189417,15.322592539712787,701.8298182077706,6703.352471401915
12934.3513960056,15.322592539712787,701.8298182077706,6704.227891447023
12934.544271823019,15.324230778962374,701.9961792770773,6704.227891447023
12935.395306188613,15.324230778962374,701.9961792770773,6704.771558811888
12935.68153165467,15.330517053604126,702.2453597858548,6704.771558811888
12937.574065370485,15.330517053604126,702.2453597858548,6706.0397634245455
12940.881831051782,15.3355813883245,702.3565180767328,6706.0397634245455
12942.02108070068,15.3355813883245,702.3565180767328,6706.874076638371
12942.386771447957,15.337149146944284,702.6428520269692,6706.874076638371
12943.682454738766,15.337149146944284,702.6428520269692,6707.788728738204
12943.75007849373,15.338732805103064,702.6952848546207,6707.788728738204
12944.795262834057,15.338732805103064,702.6952848546207,6708.406288253143
12945.072085089982,15.340473037213087,702.7515186630189,6708.406288253143
12946.609534244984,15.340473037213087,702.7515186630189,6709.343301387504
12949.359438350424,15.349588114768267,703.1295034922659,6709.343301387504
12950.316860953346,15.349588114768267,703.1295034922659,6709.870818931609
12950.605592777953,15.351120481267571,703.4037051927298,6709.870818931609
12951.860881341621,15.351120481267571,703.4037051927298,6710.697980346158
12952.15445840545,15.352637227624655,703.6652506757528,6710.697980346158
12953.457785816863,15.352637227624655,703.6652506757528,6711.486910210922
12953.538378644735,15.354220205917954,703.7323226798326,6711.486910210922
12955.716402446851,15.354220205917954,703.7323226798326,6712.971067735925
12957.437824357301,15.359012817963958,704.0080351587385,6712.971067735925
12959.379220940173,15.359012817963958,704.0080351587385,6714.4765657205135
12959.7056026645,15.360586356371641,704.28768745251,6714.4765657205135
12961.44649444893,15.360586356371641,704.28768745251,6716.012370705605
12961.82662913017,15.362129403278232,704.6052389591932,6716.012370705605
12963.151890752837,15.362129403278232,704.6052389591932,6716.793207576498
12963.460829244927,15.363764353096485,704.8833539932966,6716.793207576498
12965.391136888415,15.363764353096485,704.8833539932966,6718.2943031825125
12966.839798346162,15.370913730934262,705.1796717867255,6718.2943031825125
12968.489211376756,15.370913730934262,705.1796717867255,6719.206369457766
12968.61851114966,15.372578198090196,705.2892743293196,6719.206369457766
12969.937458802015,15.372578198090196,705.2892743293196,6720.006966218352
12970.346375361085,15.374224998056889,705.6535679027438,6720.006966218352
12971.806771485135,15.374224998056889,705.6535679027438,6721.162429390475
12972.144913014024,15.375823767855763,705.9277197960764,6721.162429390475
12973.049187840894,15.375823767855763,705.9277197960764,6721.553544750437
12974.39619783312,15.380760375410318,706.2630687039346,6721.553544750437
12975.734556537122,15.380760375410318,706.2630687039346,6722.682341121137
12976.033020690084,15.382328825071454,706.5191868692636,6722.682341121137
12977.900937421247,15.382328825071454,706.5191868692636,6724.1312823705375
12978.18766795285,15.383879723027349,706.7800227608532,6724.1312823705375
12980.030660333112,15.383879723027349,706.7800227608532,6725.511049967259
12980.345134984702,15.385432863608003,707.0651037916541,6725.511049967259
12982.274656934664,15.385432863608003,707.0651037916541,6726.798975883052
12983.542294921353,15.391907839104533,707.3153826724738,6726.798975883052
12984.422937355936,15.391907839104533,707.3153826724738,6727.425191858783
12984.672240316868,15.393477838486433,707.5191620215774,6727.425191858783
12986.448817381635,15.393477838486433,707.5191620215774,6728.7671743147075
12986.727392723784,15.395050385966897,707.7707744985819,6728.7671743147075
12987.830501012504,15.395050385966897,707.7707744985819,6729.4226881135255
12988.125438565388,15.396538665518165,708.0243010986596,6729.4226881135255
12990.343894809484,15.396538665518165,708.0243010986596,6731.07589626126
12991.776586284861,15.401455286890268,708.2938333973289,6731.07589626126
12992.820097519085,15.401455286890268,708.2938333973289,6731.901444507763
12992.96845867671,15.403000505641103,708.4292164295912,6731.901444507763
12994.108622379601,15.403000505641103,708.4292164295912,6732.552896063775
12994.217284625396,15.404581094160676,708.5102816782892,6732.552896063775
12995.178250025958,15.404581094160676,708.5102816782892,6733.010596070439
12995.387398373336,15.406134270131588,708.6970913801342,6733.010596070439
12996.497730016708,15.406134270131588,708.6970913801342,6733.636522322893
12999.661941848695,15.411000708118081,708.9069016780704,6733.636522322893
13002.010021757334,15.411000708118081,708.9069016780704,6735.243232626468
13002.457987308502,15.41257337667048,709.2966580241919,6735.243232626468
13003.928477596492,15.41257337667048,709.2966580241919,6736.555983176455
13004.225235762075,15.414034092798829,709.5841966308653,6736.555983176455
13006.027960935608,15.414034092798829,709.5841966308653,6737.921136695892
13006.251875888556,15.415582280606031,709.797396440059,6737.921136695892
13007.107720978558,15.415582280606031,709.797396440059,6738.4355595018715
13009.749675733969,15.420471219345927,710.1788144260645,6738.4355595018715
13011.809980785474,15.420471219345927,710.1788144260645,6739.945599278435
13012.06356481649,15.422103151679039,710.2908922862262,6739.945599278435
13013.12369961664,15.422103151679039,710.2908922862262,6740.540639594197
13013.297839552164,15.424370232969522,710.4538853708655,6740.540639594197
13015.06436702609,15.424370232969522,710.4538853708655,6741.725452750921
13015.178612213582,15.425925090909004,710.5480395872146,6741.725452750921
13016.686552304775,15.425925090909004,710.5480395872146,6742.591385126114
13019.12943542935,15.430889876559377,710.7253338694572,6742.591385126114
13021.154202472419,15.430889876559377,710.7253338694572,6744.053643321618
13021.559335788712,15.432512005791068,711.08866382204,6744.053643321618
13023.215039279312,15.432512005791068,711.08866382204,6744.931606154889
13023.49078740552,15.434245686978102,711.2843006849289,6744.931606154889
13025.01302728802,15.434245686978102,711.2843006849289,6746.100812612101
13025.280757665634,15.435668652877212,711.5009412076324,6746.100812612101
13027.150658287108,15.435668652877212,711.5009412076324,6747.690568687394
13028.441609140486,15.458465557545424,711.6822144500911,6747.690568687394
13030.572971928865,15.458465557545424,711.6822144500911,6749.17106891796
13030.878358582035,15.460008265450597,711.9519490543753,6749.17106891796
13033.174539130181,15.460008265450597,711.9519490543753,6750.794665489346
13033.443487809971,15.461660144850612,712.1736247912049,6750.794665489346
13034.94984009862,15.461660144850612,712.1736247912049,6751.944799415767
13035.170014476404,15.46324091590941,712.3655130080879,6751.944799415767
13036.813147366047,15.46324091590941,712.3655130080879,6753.123631441966
13037.975761357695,15.468133425340056,712.5686401482671,6753.123631441966
13039.82952434197,15.468133425340056,712.5686401482671,6754.54860881716
13040.092430405319,15.469694523140788,712.7979122232646,6754.54860881716
13041.889314049855,15.469694523140788,712.7979122232646,6755.868251796812
13042.114680552855,15.4711176995188,712.9885896537453,6755.868251796812
13043.764428602532,15.4711176995188,712.9885896537453,6757.223002662882
13044.030444392934,15.472634315490723,713.199532577768,6757.223002662882
13045.963823301718,15.472634315490723,713.199532577768,6758.723465450108
13047.308296192437,15.477545104920864,713.6199109163135,6758.723465450108
13048.95255687274,15.477545104920864,713.6199109163135,6759.74054707773
13049.227252321318,15.479127245023847,713.8520947359502,6759.74054707773
13051.14167604968,15.479127245023847,713.8520947359502,6761.265125961974
13051.409590834752,15.480684164911509,714.0821148045361,6761.265125961974
13053.075252264738,15.480684164911509,714.0821148045361,6762.565538605675
13053.379078341648,15.482206661254168,714.3491919655353,6762.565538605675
13055.280022097751,15.482206661254168,714.3491919655353,6764.049506437033
13056.211958134547,15.4872343018651,714.4839658886194,6764.049506437033
13058.392250664532,15.4872343018651,714.4839658886194,6765.767610521987
13058.777764560655,15.489005364477634,714.798983938992,6765.767610521987
13059.840744243935,15.489005364477634,714.798983938992,6766.30277325958
13059.923701407388,15.490558063611388,714.8689691573381,6766.30277325958
13060.97055500932,15.490558063611388,714.8689691573381,6767.06177742593
13061.067967103794,15.492121901363134,714.9458686280996,6767.06177742593
13061.801781510934,15.492121901363134,714.9458686280996,6767.410635817796
13065.311992036179,15.497368955984712,715.2154985945672,6767.410635817796
13066.655970813707,15.497368955984712,715.2154985945672,6768.377232884988
13067.020114393905,15.498935943469405,715.5199836622924,6768.377232884988
13068.527984021232,15.498935943469405,715.5199836622924,6769.551560647786
13068.745505252853,15.500406011939049,715.7128948811442,6769.551560647786
13069.911715997383,15.500406011939049,715.7128948811442,6770.290817467496
13070.027697108686,15.503876753151417,715.8012449014932,6770.290817467496
13071.716929567978,15.503876753151417,715.8012449014932,6771.475703135133
13073.105365941301,15.50879642367363,716.0589247234166,6771.475703135133
13074.950140317902,15.50879642367363,716.0589247234166,6772.880840791389
13075.139866184443,15.51031026057899,716.2371538840234,6772.880840791389
13076.690749997273,15.51031026057899,716.2371538840234,6773.970508590341
13077.061363453045,15.51181916706264,716.5502168275416,6773.970508590341
13079.08273840323,15.51181916706264,716.5502168275416,6775.310985356569
13079.32969742082,15.513369804248214,716.7573530524969,6775.310985356569
13080.888003956527,15.513369804248214,716.7573530524969,6776.586891744286
13082.339031849056,15.526460632681847,717.0632904395461,6776.586891744286
13083.640303436667,15.526460632681847,717.0632904395461,6777.508942948654
13083.846421992406,15.528087632730603,717.2324519641697,6777.508942948654
13085.110978705809,15.528087632730603,717.2324519641697,6778.355683678761
13085.307474026456,15.529878165572882,717.3456207364798,6778.355683678761
13086.268949277699,15.529878165572882,717.3456207364798,6779.086139058694
13086.528564501554,15.53141669370234,717.5824916996062,6779.086139058694
13088.264161406085,15.53141669370234,717.5824916996062,6780.163829997182
13089.563281036913,15.53616826236248,717.8714784793556,6780.163829997182
13090.5671587158,15.53616826236248,717.8714784793556,6780.8979061264545
13091.012933557853,15.544422630220652,718.1089275833219,6780.8979061264545
13093.122838625684,15.544422630220652,718.1089275833219,6782.356463847682
13093.49845707789,15.546145981177688,718.3351257126778,6782.356463847682
13095.367604313418,15.546145981177688,718.3351257126778,6783.509238427505
13095.801487069577,15.547686502337456,718.6990243196487,6783.509238427505
13097.207376686856,15.547686502337456,718.6990243196487,6784.488792447373
13100.348855862394,15.552503468468785,718.7640099879354,6784.488792447373
13102.133537560701,15.552503468468785,718.7640099879354,6785.662826662883
13102.337532579899,15.554043857380748,718.9051802847534,6785.662826662883
13103.623362313956,15.554043857380748,718.9051802847534,6786.624734714627
13103.853882141411,15.555632125586271,719.097546543926,6786.624734714627
13105.557961950079,15.555632125586271,719.097546543926,6787.625565661117
13105.821431096643,15.557146340608597,719.3518253546208,6787.625565661117
13107.631431905553,15.557146340608597,719.3518253546208,6788.812535323203
13109.948876045644,15.562084965407848,719.5103049781173,6788.812535323203
13111.537853959948,15.562084965407848,719.5103049781173,6789.9093121718615
13111.76819085516,15.563746344298124,719.6551681347191,6789.9093121718615
13113.419582340866,15.563746344298124,719.6551681347191,6791.083665665239
13113.574893767014,15.56528028100729,719.789626814425,6791.083665665239
13114.995390255004,15.56528028100729,719.789626814425,6792.105747107416
13115.245641713962,15.566818790510297,719.981949839741,6792.105747107416
13117.100230945274,15.566818790510297,719.981949839741,6793.437011986971
13119.323588103056,15.57169920578599,720.1912011951208,6793.437011986971
13121.046138310805,15.57169920578599,720.1912011951208,6794.664188599214
13121.343494225293,15.573434196412563,720.3378432132304,6794.664188599214
13123.07736632973,15.573434196412563,720.3378432132304,6795.758578157052
13123.359003854915,15.575005503371358,720.593988917768,6795.758578157052
13125.060812449083,15.575005503371358,720.593988917768,6797.006965717301
13125.378293905407,15.57661110162735,720.8541261646897,6797.006965717301
13126.537711624056,15.57661110162735,720.8541261646897,6797.745170786977
13129.449927361682,15.600021677091718,720.9758158028126,6797.745170786977
13130.6531740129,15.600021677091718,720.9758158028126,6798.591061178595
13130.846753453836,15.602698992937803,721.0322186779231,6798.591061178595
13132.197053045034,15.602698992937803,721.0322186779231,6799.30300662294
13132.405059637502,15.604229992255569,721.2050227429718,6799.30300662294
13133.562394089997,15.604229992255569,721.2050227429718,6800.246690670028
13133.920242629945,15.60577305033803,721.5416072476655,6800.246690670028
13135.129452960566,15.60577305033803,721.5416072476655,6800.7952773775905
13137.839397443458,15.618642043322325,721.749439176172,6800.7952773775905
13139.121770232916,15.618642043322325,721.749439176172,6801.368220128119
13139.440801141784,15.62024207226932,722.0522192381322,6801.368220128119
13141.20648015663,15.62024207226932,722.0522192381322,6802.598987940699
13141.384333113208,15.621795939281583,722.2160680498928,6802.598987940699
13142.805623272434,15.621795939281583,722.2160680498928,6803.102852642536
13142.90270331502,15.623383367434144,722.288420394063,6803.102852642536
13144.67056903243,15.623383367434144,722.288420394063,6804.3406384866685
13146.086741672829,15.628323007375002,722.5883145239204,6804.3406384866685
13147.206767559052,15.628323007375002,722.5883145239204,6805.214133722708
13147.345491275191,15.63002554886043,722.7170691303909,6805.214133722708
13148.983486549929,15.63002554886043,722.7170691303909,6806.231491107494
13149.164288388565,15.631498454138637,722.8730176966637,6806.231491107494
13150.390635704622,15.631498454138637,722.8730176966637,6807.051029812545
13150.46330919303,15.633086312562227,722.9316369593143,6807.051029812545
13151.317941157147,15.633086312562227,722.9316369593143,6807.567516842857
13154.653263624758,15.637954313308,723.1215602345765,6807.567516842857
13156.070884300396,15.637954313308,723.1215602345765,6808.437631877139
13156.315653061494,15.639510100707412,723.346458747983,6808.437631877139
13158.059135943651,15.639510100707412,723.346458747983,6809.751386232674
13158.290955228731,15.6410794518888,723.5545272827148,6809.751386232674
13159.397549144924,15.6410794518888,723.5545272827148,6810.346253795549
13159.599147040397,15.642666721716523,723.72894965671,6810.346253795549
13161.028388613835,15.642666721716523,723.72894965671,6810.9407629501075
13163.668641066179,15.647555571049452,724.012566993013,6810.9407629501075
13165.127172606066,15.647555571049452,724.012566993013,6811.676557730883
13165.206595696509,15.649029478430748,724.0823219269514,6811.676557730883
13166.430030105636,15.649029478430748,724.0823219269514,6812.433280827478
13166.577626433223,15.653431806713343,724.2079854756594,6812.433280827478
13167.88579355739,15.653431806713343,724.2079854756594,6813.0335056278855
13168.176066445187,15.654978234320879,724.4656846821308,6813.0335056278855
13169.490806499496,15.654978234320879,724.4656846821308,6813.952809898183
13172.931377466768,15.659926373511553,724.7521439176053,6813.952809898183
13175.280191024765,15.659926373511553,724.7521439176053,6815.8013959005475
13175.41213238053,15.661470672115684,724.8664169516414,6815.8013959005475
13176.355303155258,15.661470672115684,724.8664169516414,6816.449682872742
13176.567660477012,15.663223315030336,724.9674098044634,6816.449682872742
13177.97752395086,15.663223315030336,724.9674098044634,6817.2551569473
13178.071240050718,15.66476828418672,725.0402973555028,6817.2551569473
13179.129215609282,15.66476828418672,725.0402973555028,6818.057925423607
13181.055166816339,15.669703267514706,725.3094201404601,6818.057925423607
13182.977358799428,15.669703267514706,725.3094201404601,6819.3670833501965
13183.209437230602,15.671206183731556,725.5240241345018,6819.3670833501965
13184.754315745085,15.671206183731556,725.5240241345018,6820.596495257691
13184.92769917287,15.681059593334794,725.6666877251118,6820.596495257691
13185.81952267699,15.681059593334794,725.6666877251118,6821.126844312996
13185.948423735797,15.682568341493607,725.7817089930177,6821.126844312996
13187.117094142362,15.682568341493607,725.7817089930177,6821.6156623940915
13189.676753016189,15.687356078997254,726.0051789171994,6821.6156623940915
13190.666607199237,15.687356078997254,726.0051789171994,6822.349129166454
13190.93025925383,15.688912698999047,726.2020369302481,6822.349129166454
13191.997613992542,15.688912698999047,726.2020369302481,6823.007895231247
13192.249528205022,15.690482057631016,726.4249034766108,6823.007895231247
13193.57999981381,15.690482057631016,726.4249034766108,6823.8661128766835
13193.774024523795,15.69249216094613,726.6035646274686,6823.8661128766835
13195.364162793383,15.69249216094613,726.6035646274686,6824.932924605906
13197.479146257043,15.704446827992797,726.7169279959053,6824.932924605906
13198.416890397668,15.704446827992797,726.7169279959053,6825.477747276425
13198.505539204925,15.70592412352562,726.7756853830069,6825.477747276425
13199.460397204384,15.70592412352562,726.7756853830069,6826.2838855255395
13199.787093555555,15.707541681826115,727.0359426662326,6826.2838855255395
13201.689597995952,15.707541681826115,727.0359426662326,6827.633936386555
13201.775318350643,15.7090825419873,727.1002985034138,6827.633936386555
13202.58974979259,15.7090825419873,727.1002985034138,6828.044509198517
13206.44206150435,15.71406702324748,727.2903890423477,6828.044509198517
13207.667557496578,15.71406702324748,727.2903890423477,6828.639856893569
13207.871663812548,15.715693011879921,727.4787481091917,6828.639856893569
13209.294969838113,15.715693011879921,727.4787481091917,6829.19201246649
13209.53353503719,15.717179138213396,727.6920126695186,6829.19201246649
13210.718301353976,15.717179138213396,727.6920126695186,6830.072653949261
13211.023428473622,15.718685446307063,727.9680004101247,6830.072653949261
13212.637032320723,15.718685446307063,727.9680004101247,6831.3819791562855
13215.482833968475,15.72341576218605,728.1003311034292,6831.3819791562855
13217.05081905052,15.72341576218605,728.1003311034292,6832.033035935834
13217.199474262074,15.725065911188722,728.1462325267494,6832.033035935834
13218.836352134123,15.725065911188722,728.1462325267494,6833.319808524102
13219.005543075502,15.72663852199912,728.3008432444185,6833.319808524102
13220.684936761856,15.72663852199912,728.3008432444185,6834.500749841332
13220.818727429956,15.728214358910918,728.3867366537452,6834.500749841332
13221.53868342936,15.728214358910918,728.3867366537452,6834.9921162799
13223.090343328193,15.73702679015696,728.7289355956018,6834.9921162799
13225.028690705076,15.73702679015696,728.7289355956018,6836.534698413685
13225.303786169738,15.738562548533082,728.9748222492635,6836.534698413685
13227.195423591882,15.738562548533082,728.9748222492635,6837.9358049705625
13227.358611883596,15.740058096125722,729.1054048482329,6837.9358049705625
13228.99031379819,15.740058096125722,729.1054048482329,6839.029461173341
13229.25821428001,15.741563364863396,729.341590385884,6839.029461173341
13231.260770985857,15.741563364863396,729.341590385884,6840.306470485404
13234.014395637438,15.74664088524878,729.6054999567568,6840.306470485404
13235.314381441101,15.74664088524878,729.6054999567568,6841.101965367794
13235.57777331397,15.748165212571621,729.8336067181081,6841.101965367794
13237.296292593703,15.748165212571621,729.8336067181081,6842.30270318687
13237.503688508645,15.759790364652872,729.9866282064468,6842.30270318687
13238.330927317962,15.759790364652872,729.9866282064468,6842.9132592231035
13238.782648261636,15.76131004281342,730.4086337313056,6842.9132592231035
13240.674676433206,15.76131004281342,730.4086337313056,6844.301706312224
13243.958407294005,15.776229605078697,730.5697426181287,6844.301706312224
13245.115596516058,15.776229605078697,730.5697426181287,6844.885446799919
13245.293181169778,15.77784320525825,730.6748930774629,6844.885446799919
13246.84804351069,15.77784320525825,730.6748930774629,6846.143731996417
13247.246622730047,15.779329461976886,731.0062001533806,6846.143731996417
13248.004934817553,15.779329461976886,731.0062001533806,6846.65639609471
13248.2492462527,15.780891560018063,731.2295980006456,6846.65639609471
13249.639685500413,15.780891560018063,731.2295980006456,6847.742231171578
13251.62482454814,15.785755429416895,731.54626131244,6847.742231171578
13252.854261761531,15.785755429416895,731.54626131244,6848.488739086315
13253.034365292639,15.787368308752775,731.6806818451732,6848.488739086315
13254.2121710293,15.787368308752775,731.6806818451732,6849.223178552464
13254.594747407362,15.789044609293342,732.0260873157531,6849.223178552464
13255.327326759696,15.789044609293342,732.0260873157531,6849.648444784805
13255.54223164171,15.790644017979503,732.1642738357186,6849.648444784805
13256.419170645997,15.790644017979503,732.1642738357186,6850.1372599918395
13258.269639709964,15.795928342267871,732.3968135993928,6850.1372599918395
13259.710314480588,15.795928342267871,732.3968135993928,6851.21096066013
13259.94617006369,15.797483529895544,732.5478974431753,6851.21096066013
13260.838723814115,15.797483529895544,732.5478974431753,6851.764202417806
13261.16140917316,15.799509577453136,732.805260900408,6851.764202417806
13262.566560659558,15.799509577453136,732.805260900408,6852.772615682334
13262.833040017635,15.80107239447534,733.0593026950955,6852.772615682334
13264.598302464932,15.80107239447534,733.0593026950955,6854.16449267976
13267.144388582557,15.812021393328905,733.2947145216167,6854.16449267976
13268.748747320846,15.812021393328905,733.2947145216167,6855.296135071665
13268.970007710159,15.813523830845952,733.5032981559634,6855.296135071665
13270.087599452585,15.813523830845952,733.5032981559634,6856.046583209187
13270.306922810152,15.815075051039457,733.7024389319122,6856.046583209187
13271.328199334443,15.815075051039457,733.7024389319122,6856.7298866491765
13271.726224873215,15.816824922338128,733.9428999908268,6856.7298866491765
13273.543272845447,15.816824922338128,733.9428999908268,6857.605883607641
13276.333025140688,15.821717839688063,734.2586804442108,6857.605883607641
13278.157649530098,15.821717839688063,734.2586804442108,6858.659047463909
13278.28752823919,15.823222046718001,734.3605593238026,6858.659047463909
13279.432626986876,15.823222046718001,734.3605593238026,6859.493262017146
13279.584709508345,15.824816796928644,734.4960888046771,6859.493262017146
13280.343129113317,15.824816796928644,734.4960888046771,6860.031151117757
13280.438011458144,15.826276674866676,734.5745692104101,6860.031151117757
13281.191632345319,15.826276674866676,734.5745692104101,6860.548663796857
13282.619584720582,15.831263097003102,734.8357466664165,6860.548663796857
13284.284249557182,15.831263097003102,734.8357466664165,6861.703264368698
13284.6592233181,15.83281047642231,735.1733422577381,6861.703264368698
13286.363437861204,15.83281047642231,735.1733422577381,6863.108596205711
13286.78494200483,15.83437873609364,735.3912079762667,6863.108596205711
13288.175023274496,15.83437873609364,735.3912079762667,6864.061656676233
13288.264769304544,15.836127357557416,735.4714929740876,6864.061656676233
13289.49323366955,15.836127357557416,735.4714929740876,6864.840113135055
13293.362474771217,15.841305362060666,735.834641860798,6864.840113135055
13294.346193028614,15.841305362060666,735.834641860798,6865.443587187678
13294.517506640404,15.842821286991239,735.9572697076946,6865.443587187678
13296.002705480903,15.842821286991239,735.9572697076946,6866.29191320762
13296.45217615366,15.844635650515556,736.1789911165833,6866.29191320762
13297.945318676531,15.844635650515556,736.1789911165833,6867.355829883367
13298.383372465149,15.846282821148634,736.4459996968508,6867.355829883367
13299.407601609826,15.846282821148634,736.4459996968508,6868.039406690747
13302.463689105585,15.851021438837051,736.6775618325919,6868.039406690747
13303.7414391879,15.851021438837051,736.6775618325919,6868.78168130666
13303.863545855507,15.852581087499857,736.7811134047806,6868.78168130666
13304.916327340528,15.852581087499857,736.7811134047806,6869.471496447921
13305.18044340983,15.854188565164804,736.9897582046688,6869.471496447921
13306.58918748051,15.854188565164804,736.9897582046688,6870.567013578489
13306.83650530316,15.855684010311961,737.2225784622133,6870.567013578489
13308.469217173755,15.855684010311961,737.2225784622133,6871.677953639999
13311.170624202117,15.860628060996532,737.5208027288318,6871.677953639999
13312.967594217509,15.860628060996532,737.5208027288318,6872.949313206598
13313.260064769536,15.862174715846777,737.7801645100117,6872.949313206598
13314.818982571363,15.862174715846777,737.7801645100117,6874.059559974819
13315.186659092084,15.86376484669745,738.111110271886,6874.059559974819
13316.420140149072,15.86376484669745,738.111110271886,6875.116963906214
13316.55249331519,15.86539638787508,738.2082485370338,6875.116963906214
13318.312457049266,15.86539638787508,738.2082485370338,6876.438711227849
13320.86621888727,15.871019328013062,738.2839506026357,6876.438711227849
13321.960252786055,15.871019328013062,738.2839506026357,6877.053968036547
13322.018778797239,15.872546344995499,738.3333853427321,6877.053968036547
13323.46560903266,15.872546344995499,738.3333853427321,6877.948729535565
13323.707072360441,15.88035618700087,738.5404108632356,6877.948729535565
13325.402648357674,15.88035618700087,738.5404108632356,6879.227618798614
13325.715607212856,15.88188786432147,738.757298482582,6879.227618798614
13327.16418489255,15.88188786432147,738.757298482582,6880.269437516108
13329.180537018925,15.88688624277711,738.9919437654316,6880.269437516108
13330.975204307586,15.88688624277711,738.9919437654316,6881.540435191244
13331.208080109209,15.888560703024268,739.200685609132,6881.540435191244
13332.785248916596,15.888560703024268,739.200685609132,6882.710239378735
13333.052087193355,15.890177013352513,739.448707876727,6882.710239378735
13334.470258660614,15.890177013352513,739.448707876727,6883.678483784199
13334.644773153588,15.898963492363691,739.5919215921313,6883.678483784199
13335.822395110503,15.898963492363691,739.5919215921313,6884.167656391859
13340.435541184619,15.903960783034563,739.7783041894436,6884.167656391859
13341.314235361293,15.903960783034563,739.7783041894436,6884.84977642633
13341.720500312746,15.905698155984282,739.9764727819711,6884.84977642633
13342.888421207666,15.905698155984282,739.9764727819711,6885.722682265565
13343.095535680652,15.907334076240659,740.1614251509309,6885.722682265565
13344.16184457764,15.907334076240659,740.1614251509309,6886.594246702269
13344.452062608674,15.908962666988373,740.4168792236596,6886.594246702269
13346.23482679762,15.908962666988373,740.4168792236596,6887.8716581929475
13348.032619236037,15.91392882540822,740.8256181012839,6887.8716581929475
13349.871009733528,15.91392882540822,740.8256181012839,6889.285904539749
13350.182934561744,15.915513675659895,741.1116534993052,6889.285904539749
13351.674579728395,15.915513675659895,741.1116534993052,6890.577139254659
13351.877044217661,15.91728268750012,741.2581969108433,6890.577139254659
13353.844104373828,15.91728268750012,741.2581969108433,6892.024989526719
13354.01600804925,15.918845042586327,741.4166312478483,6892.024989526719
13355.525052051991,15.918845042586327,741.4166312478483,6892.899438807741
13357.180333342403,15.923838833346963,741.6975535247475,6892.899438807741
13358.863833436742,15.923838833346963,741.6975535247475,6894.043780533597
13359.128400435671,15.925441171973944,741.9259226433933,6894.043780533597
13360.94842156209,15.925441171973944,741.9259226433933,6895.386344745755
13361.190137054771,15.927185172215104,742.1491489000618,6895.386344745755
13363.141267845407,15.927185172215104,742.1491489000618,6896.7603139374405
13363.461010575294,15.928753109648824,742.4392011128366,6896.7603139374405
13365.236052734777,15.928753109648824,742.4392011128366,6898.176588546485
13366.5585642308,15.933657037094235,742.7149803750217,6898.176588546485
13368.580225383863,15.933657037094235,742.7149803750217,6899.689950579777
13368.944915581495,15.935236176475883,743.0646585207433,6899.689950579777
13370.537345932797,15.935236176475883,743.0646585207433,6900.959269359708
13370.939484462142,15.936872785910964,743.423404769972,6900.959269359708
13372.464325485751,15.936872785910964,743.423404769972,6902.017078805715
13372.674040069804,15.938527144491673,743.6046794261783,6902.017078805715
13374.401804842055,15.938527144491673,743.6046794261783,6903.054440848529
13375.822187097743,15.943550983443856,743.9151931107044,6903.054440848529
13377.436645321548,15.943550983443856,743.9151931107044,6904.210097491741
13377.73100040108,15.945291275158525,744.177640222013,6904.210097491741
13379.404602488503,15.945291275158525,744.177640222013,6905.575300576165
13379.617200924084,15.946918373927474,744.3437979519367,6905.575300576165
13381.47442886047,15.946918373927474,744.3437979519367,6906.950792886317
13381.792891319841,15.9485365152359,744.5982952881604,6906.950792886317
13383.526029171422,15.9485365152359,744.5982952881604,6908.242522126064
13384.893991844729,15.953594129532576,744.9783160258085,6908.242522126064
13386.913253350183,15.953594129532576,744.9783160258085,6909.758172534406
13387.207075709477,15.955185318365693,745.2461179234087,6909.758172534406
13388.905601784587,15.955185318365693,745.2461179234087,6911.020380036905
13389.20124810934,15.956821357831359,745.5034897718579,6911.020380036905
13391.089319378138,15.956821357831359,745.5034897718579,6912.414247492328
13391.355628678575,15.958476550877094,745.7359987162054,6912.414247492328
13393.186706963927,15.958476550877094,745.7359987162054,6913.801410885528
13394.655138937756,15.963325900956988,745.9662602413446,6913.801410885528
13396.39404254593,15.963325900956988,745.9662602413446,6915.042406724766
13396.558713059872,15.964942634105682,746.0962340831757,6915.042406724766
13397.769923957065,15.964942634105682,746.0962340831757,6915.878917280585
13398.02349251695,15.966478193178773,746.2981300912797,6915.878917280585
13399.889267833903,15.966478193178773,746.2981300912797,6917.314689870924
13400.210848897696,15.968299776315689,746.5651637148112,6917.314689870924
13401.735591378063,15.968299776315689,746.5651637148112,6918.184123555198
13403.688672661781,15.973168091848493,746.8772335294634,6918.184123555198
13404.996832691133,15.973168091848493,746.8772335294634,6919.1892247553915
13405.201852548867,15.974762389436364,747.054245756939,6919.1892247553915
13407.10620409809,15.974762389436364,747.054245756939,6920.68127656728
13407.583786861971,15.976415008306503,747.4771359916776,6920.68127656728
13409.40995848924,15.976415008306503,747.4771359916776,6921.9379794336855
13409.710008133203,15.978022018447518,747.7165279835463,6921.9379794336855
13411.250493749976,15.978022018447518,747.7165279835463,6923.085923712701
13412.746074268594,15.982979940250516,748.0235464349389,6923.085923712701
13414.68235950172,15.982979940250516,748.0235464349389,6924.505584770814
13414.93283107318,15.984663520008326,748.2390033602715,6924.505584770814
13416.601859757677,15.984663520008326,748.2390033602715,6925.768527250737
13416.899865025654,15.986328328028321,748.4983943160623,6925.768527250737
13418.68107285723,15.986328328028321,748.4983943160623,6927.080479102209
13419.016259811819,15.987968157976866,748.7923185117543,6927.080479102209
13420.637486364692,15.987968157976866,748.7923185117543,6928.324039651081
13421.971363207325,16.00488467514515,749.0649584103376,6928.324039651081
13423.70270494558,16.00488467514515,749.0649584103376,6929.596922663972
13424.077806092799,16.006672348827124,749.3767503704876,6929.596922663972
13425.931358672678,16.006672348827124,749.3767503704876,6930.957105783746
13426.253783226013,16.008332347497344,749.6744142025709,6930.957105783746
13428.074535230175,16.008332347497344,749.6744142025709,6932.352574096993
13428.383700031787,16.010087499395013,749.9492413084954,6932.352574096993
13429.901648169383,16.010087499395013,749.9492413084954,6933.509155744687
13431.111502489075,16.014900714159012,750.2620655559003,6933.509155744687
13432.88105055131,16.014900714159012,750.2620655559003,6934.795163135976
13433.15754484944,16.01652856171131,750.5137274619192,6934.795163135976
13434.67993310839,16.01652856171131,750.5137274619192,6935.865309804678
13434.96484529972,16.018151151016355,750.7808181904256,6935.865309804678
13436.435295157135,16.018151151016355,750.7808181904256,6936.836454851553
13436.733639881015,16.0201357267797,751.0471210815012,6936.836454851553
13438.491728037596,16.0201357267797,751.0471210815012,6938.254617398605
13439.918796304613,16.02898351661861,751.332075541839,6938.254617398605
13441.71264838241,16.02898351661861,751.332075541839,6939.640732081607
13442.058373169973,16.03056724369526,751.6321307867765,6939.640732081607
13443.891037873924,16.03056724369526,751.6321307867765,6941.043396305293
13444.140322236344,16.03215048275888,751.8577207587659,6941.043396305293
13446.14068919979,16.03215048275888,751.8577207587659,6942.558155409992
13446.282844353467,16.03371249139309,751.981287477538,6942.558155409992
13447.361639620736,16.03371249139309,751.981287477538,6943.337525211275
13451.387597797439,16.03856342844665,752.334694603458,6943.337525211275
13453.343296611682,16.03856342844665,752.334694603458,6944.6542564556
13453.446241402999,16.040111616253853,752.4050015639514,6944.6542564556
13455.192212732509,16.040111616253853,752.4050015639514,6945.827702842653
13455.473065709695,16.042044213041663,752.6526588182896,6945.827702842653
13457.221186788753,16.042044213041663,752.6526588182896,6946.976224984974
13457.3594741337,16.04367783293128,752.769699016586,6946.976224984974
13458.422490686178,16.04367783293128,752.769699016586,6947.377075703815
13462.354034230113,16.06268692575395,753.0543927531689,6947.377075703815
13463.73800777644,16.06268692575395,753.0543927531689,6947.853257201612
13463.956425208598,16.064256316050887,753.2575884573162,6947.853257201612
13465.065385587513,16.064256316050887,753.2575884573162,6948.612080330029
13465.149526337162,16.065799344331026,753.3205106891692,6948.612080330029
13466.479347290471,16.065799344331026,753.3205106891692,6949.435780309141
13466.572654077783,16.067382792010903,753.3948406502604,6949.435780309141
13467.830771276727,16.067382792010903,753.3948406502604,6950.115050872788
13470.765421647578,16.072450283914804,753.5659936126322,6950.115050872788
13472.888361077756,16.072450283914804,753.5659936126322,6951.621590210125
13473.082833621651,16.074104914441705,753.7131026983261,6951.621590210125
13474.336949689314,16.074104914441705,753.7131026983261,6952.589240029454
13474.416772553697,16.076098900288343,753.7728490233421,6952.589240029454
13475.650278665125,16.076098900288343,753.7728490233421,6953.242679303512
13475.845605149865,16.0777381490916,753.9581982139498,6953.242679303512
13477.394796341658,16.0777381490916,753.9581982139498,6954.176315382123
13480.653257293627,16.0835999622941,754.1713334303349,6954.176315382123
13482.065283915028,16.0835999622941,754.1713334303349,6955.055451210588
13482.330860365182,16.08519530110061,754.4105955343693,6955.055451210588
13484.068338865414,16.08519530110061,754.4105955343693,6956.238068839535
13484.311134131625,16.086920911446214,754.5675268378109,6956.238068839535
13485.481489777565,16.086920911446214,754.5675268378109,6956.825921392068
13485.760998921469,16.088481659069657,754.8174069225788,6956.825921392068
13486.8405981455,16.088481659069657,754.8174069225788,6957.49126243405
13489.324426973239,16.094489620998502,754.9485757984221,6957.49126243405
13490.654958281666,16.094489620998502,754.9485757984221,6958.265098268166
13490.89394849725,16.097785532474518,755.0858722738922,6958.265098268166
13492.725348897278,16.097785532474518,755.0858722738922,6959.462948314846
13492.88209303841,16.099410500377417,755.2302186172456,6959.462948314846
13494.385824661702,16.099410500377417,755.2302186172456,6960.586324546486
13494.759041268378,16.101210525259376,755.5743321683258,6960.586324546486
13495.947416173294,16.101210525259376,755.5743321683258,6961.26185176149
13498.799757763743,16.106089491397142,755.9837158564478,6961.26185176149
13499.976511036977,16.106089491397142,755.9837158564478,6962.097603062168
13500.278518611565,16.107762603089213,756.2504527270794,6962.097603062168
13501.632798952982,16.107762603089213,756.2504527270794,6963.024941761047
13502.062958208844,16.109390573576093,756.6425494775176,6963.024941761047
13503.156394276768,16.109390573576093,756.6425494775176,6963.86119245179
13503.449278905988,16.111114773899317,756.9046375062317,6963.86119245179
13505.300765253603,16.111114773899317,756.9046375062317,6965.196581482887
13508.08478903398,16.11605609022081,756.9831135142595,6965.196581482887
13509.321727540344,16.11605609022081,756.9831135142595,6965.880460653454
13509.402827437967,16.11764667928219,757.0499061904848,6965.880460653454
13511.518432861194,16.11764667928219,757.0499061904848,6967.297798205167
13511.837649026886,16.11919084750116,757.3486155737191,6967.297798205167
13513.654697529972,16.11919084750116,757.3486155737191,6968.603438537568
13513.936758100986,16.120798364281654,757.5976974163204,6968.603438537568
13515.202015217394,16.120798364281654,757.5976974163204,6969.329161219299
13517.486347779632,16.125955555588007,757.8876290135086,6969.329161219299
13519.293968511745,16.125955555588007,757.8876290135086,6970.461835702881
13519.674057414755,16.127523582428694,758.2066354956478,6970.461835702881
13521.509957132861,16.127523582428694,758.2066354956478,6971.915726330131
13521.724589526653,16.129137879237533,758.390039332211,6971.915726330131
13522.737363029271,16.129137879237533,758.390039332211,6972.593156993389
13523.076191665605,16.130877640098333,758.5263697840273,6972.593156993389
13524.048688864335,16.130877640098333,758.5263697840273,6973.154574574903
13528.353639649227,16.135899614542723,758.8063615560532,6973.154574574903
13530.390022443607,16.135899614542723,758.8063615560532,6973.983492234722
13530.816094705835,16.137518044561148,759.2121527977288,6973.983492234722
13532.225811889395,16.137518044561148,759.2121527977288,6974.830481734127
13532.382734755054,16.13920203410089,759.3427233546972,6974.830481734127
13533.67434659414,16.13920203410089,759.3427233546972,6975.600394552574
13534.070620050654,16.150810785591602,759.685295779258,6975.600394552574
13535.87032719329,16.150810785591602,759.685295779258,6977.028149886057
13538.363729493693,16.156170465052128,760.1590658165514,6977.028149886057
13539.873812215403,16.156170465052128,760.1590658165514,6978.000226382166
13540.234171280637,16.157829655334353,760.4685137663037,6978.000226382166
13541.599597673863,16.157829655334353,760.4685137663037,6979.214299488813
13541.67629991658,16.159409534186125,760.5285809859633,6979.214299488813
13543.148828666657,16.159409534186125,760.5285809859633,6980.266316829249
13543.312516314909,16.16103559359908,760.661215947941,6980.266316829249
13544.702750088647,16.16103559359908,760.661215947941,6981.191442349926
13546.156452525407,16.166093721985817,761.0022146105766,6981.191442349926
13548.187698531896,16.166093721985817,761.0022146105766,6982.652213057503
13548.446170203388,16.16779065132141,761.23055514507,6982.652213057503
13549.680789925158,16.16779065132141,761.23055514507,6983.321835199371
13550.05793139711,16.16932396031916,761.5776203498244,6983.321835199371
13551.604740418494,16.16932396031916,761.5776203498244,6984.343645770103
13552.071477321908,16.17086197808385,762.0190317220986,6984.343645770103
13553.506979918107,16.17086197808385,762.0190317220986,6985.434206712991
13555.168550718576,16.175779595971107,762.3376201782376,6985.434206712991
13556.62367865257,16.175779595971107,762.3376201782376,6986.4419929962605
13556.973311014473,16.177367934957147,762.6552267856896,6986.4419929962605
13558.458318533376,16.177367934957147,762.6552267856896,6987.447291975841
13558.85261604935,16.18444170244038,762.9737598113716,6987.447291975841
13560.4997293856,16.18444170244038,762.9737598113716,6988.827154111117
13560.874850900844,16.186061691492796,763.3005307968706,6988.827154111117
13563.024294968694,16.186061691492796,763.3005307968706,6990.445464696735
13564.560331828892,16.190978514030576,763.633243219927,6990.445464696735
13565.978876989335,16.190978514030576,763.633243219927,6991.560675896704
13566.531969530508,16.199612380936742,764.0861520431936,6991.560675896704
13568.765395099297,16.199612380936742,764.0861520431936,6993.184092054144
13569.059650892392,16.201306231319904,764.3300282713026,6993.184092054144
13569.990820217878,16.201306231319904,764.3300282713026,6993.98670023866
13570.151005521417,16.203039344400167,764.4738393668085,6993.98670023866
13571.37204158865,16.203039344400167,764.4738393668085,6994.814052535221
13572.407049641013,16.21680479310453,764.5347915552557,6994.814052535221
13573.791864156723,16.21680479310453,764.5347915552557,6995.89873120375
13573.986629100516,16.221519377082586,764.7010858505964,6995.89873120375
13574.653961826116,16.221519377082586,764.7010858505964,6996.271573666483
13575.052526086569,16.22316414490342,765.0869133323431,6996.271573666483
13576.25712856464,16.22316414490342,765.0869133323431,6997.3350147381425
13576.72150561586,16.224743504077196,765.5240947473794,6997.3350147381425
13578.416908364743,16.224743504077196,765.5240947473794,6998.682567490265
13579.83751279302,16.22961346618831,765.8234223239124,6998.682567490265
13581.111843843013,16.22961346618831,765.8234223239124,6999.511208867654
13581.338845646009,16.231361558660865,765.9973144568503,6999.511208867654
13582.246744425967,16.231361558660865,765.9973144568503,7000.089808356017
13582.497200122103,16.232983028516173,766.2305836100131,7000.089808356017
13583.579926673323,16.232983028516173,766.2305836100131,7000.990171438083
13583.888165492564,16.234654588624835,766.4932931717485,7000.990171438083
13585.636511547491,16.234654588624835,766.4932931717485,7002.21135356091
13587.078281221911,16.242670072242618,766.9247465021908,7002.21135356091
13588.892083987594,16.242670072242618,766.9247465021908,7003.582870578393
13589.20537561737,16.24430245347321,767.1982160769403,7003.582870578393
13590.905508385971,16.24430245347321,767.1982160769403,7004.840111916885
13591.148688191548,16.246057745069265,767.4258138798177,7004.840111916885
13593.000210482627,16.246057745069265,767.4258138798177,7006.215636435896
13593.386578252539,16.247683454304934,767.7764077913016,7006.215636435896
13595.073364188895,16.247683454304934,767.7764077913016,7007.553954858333
13596.481189336628,16.252703877165914,768.0157538764179,7007.553954858333
13598.335253689438,16.252703877165914,768.0157538764179,7008.923256685957
13598.700250720605,16.254252096638083,768.3517190199345,7008.923256685957
13600.238015344366,16.254252096638083,768.3517190199345,7009.964998494834
13600.544220324606,16.255849914625287,768.6240154765546,7009.964998494834
13602.118728389964,16.255849914625287,768.6240154765546,7011.073095489293
13602.395031457767,16.25742942467332,768.8871603962034,7011.073095489293
13604.064314752817,16.25742942467332,768.8871603962034,7012.276973746717
13605.19080793485,16.262375611811876,769.0401972904801,7012.276973746717
13606.787305517122,16.262375611811876,769.0401972904801,7013.351562511176
13606.87944734469,16.26394871994853,769.1159804873168,7013.351562511176
13608.605195350945,16.26394871994853,769.1159804873168,7014.578681083396
13608.98150925897,16.265603009611368,769.3931857906282,7014.578681083396
13610.648255340755,16.265603009611368,769.3931857906282,7015.811120744795
13611.025307133794,16.267261780798435,769.747196642682,7015.811120744795
13612.569872973487,16.267261780798435,769.747196642682,7016.895347557962
13613.676438780501,16.272166872397065,770.0363677069545,7016.895347557962
13615.291246348992,16.272166872397065,770.0363677069545,7018.04742763564
13615.60883908905,16.273784453049302,770.3347131665796,7018.04742763564
13617.234684268013,16.273784453049302,770.3347131665796,7019.3037514891475
13617.557350769639,16.27537733130157,770.6413071975112,7019.3037514891475
13619.325254485011,16.27537733130157,770.6413071975112,7020.66439608112
13619.553552929312,16.276931131258607,770.8488704729825,7020.66439608112
13621.25701093115,16.276931131258607,770.8488704729825,7021.872933635488
13622.524788374081,16.282023765146732,771.1768469009548,7021.872933635488
13624.198374032974,16.282023765146732,771.1768469009548,7022.9513569027185
13624.343180216849,16.283699303865433,771.274885294959,7022.9513569027185
13625.951448077336,16.283699303865433,771.274885294959,7024.288353294134
13626.294410241768,16.285280913114548,771.5767146572471,7024.288353294134
13627.877600224689,16.285280913114548,771.5767146572471,7025.371312694624
13628.276129126549,16.28686287254095,771.9491530265659,7025.371312694624
13630.064495705068,16.28686287254095,771.9491530265659,7026.631656773388
13631.164352113381,16.298740047961473,772.283132776618,7026.631656773388
13632.898089107126,16.298740047961473,772.283132776618,7027.956362923607
13633.110429393128,16.300360567867756,772.4739169217646,7027.956362923607
13634.521448533982,16.300360567867756,772.4739169217646,7028.913676448166
13634.859681058675,16.302145579829812,772.7759782206267,7028.913676448166
13636.469333594665,16.302145579829812,772.7759782206267,7030.199699124321
13636.76356174983,16.303756918758154,773.056534955278,7030.199699124321
13638.562781337649,16.303756918758154,773.056534955278,7031.531799869612
13639.799640240148,16.308817017823458,773.2381440624595,7031.531799869612
13641.33684922941,16.308817017823458,773.2381440624595,7032.4308319836855
13641.543406037614,16.310392836108804,773.4341404698789,7032.4308319836855
13643.039852805436,16.310392836108804,773.4341404698789,7033.490312198177
13643.329363152385,16.31200640462339,773.7111873421818,7033.490312198177
13645.271102616563,16.31200640462339,773.7111873421818,7034.577972913161
13645.518432807177,16.31352663040161,773.9487324189395,7034.577972913161
13646.698275312781,16.31352663040161,773.9487324189395,7035.565859105438
13649.956309013069,16.318671053275466,774.2295210603625,7035.565859105438
13651.029531566426,16.318671053275466,774.2295210603625,7036.097874799743
13651.380242390558,16.320256313309073,774.4549039117992,7036.097874799743
13652.85566841811,16.320256313309073,774.4549039117992,7037.017401678488
13652.97134938091,16.3219994045794,774.5281460024416,7037.017401678488
13654.264352807775,16.3219994045794,774.5281460024416,7037.676241910085
13654.476565849036,16.323629584163427,774.7165515813977,7037.676241910085
13655.535291861743,16.323629584163427,774.7165515813977,7038.297978177667
13658.00969820097,16.32954589277506,775.1830777749419,7038.297978177667
13659.009435277432,16.32954589277506,775.1830777749419,7039.048348644748
13659.62131908536,16.331207063049078,775.7232756074518,7039.048348644748
13660.95127090253,16.331207063049078,775.7232756074518,7039.817077007145
13661.298417713493,16.333097020164132,775.9678014684469,7039.817077007145
13662.24608755298,16.333097020164132,775.9678014684469,7040.296782299876
13662.487401425838,16.33475698903203,776.1882208716124,7040.296782299876
13663.329324420542,16.33475698903203,776.1882208716124,7040.78256319277
13665.474636482075,16.339658081531525,776.247080674395,7040.78256319277
13666.644976364449,16.339658081531525,776.247080674395,7041.534009711817
13666.76030135341,16.34132287465036,776.3503263350576,7041.534009711817
13668.162257460877,16.34132287465036,776.3503263350576,7042.425297817215
13668.360709315166,16.351926187053323,776.5061729308218,7042.425297817215
13669.341781063005,16.351926187053323,776.5061729308218,7043.125499544665
13669.649882221594,16.353547913953662,776.756233651191,7043.125499544665
13671.068307232112,16.353547913953662,776.756233651191,7043.701055133715
13674.81778696552,16.358548384159803,776.9359722044319,7043.701055133715
13676.460450215265,16.358548384159803,776.9359722044319,7044.8254167325795
13676.713658194989,16.36426718905568,777.1591032668948,7044.8254167325795
13677.896574696526,16.36426718905568,777.1591032668948,7045.6243542172015
13678.071803089231,16.36588840931654,777.319734044373,7045.6243542172015
13679.156630305573,16.36588840931654,777.319734044373,7046.09178763628
13679.506407402456,16.367673732340336,777.5337737724185,7046.09178763628
13680.993305280805,16.367673732340336,777.5337737724185,7047.259950719774
13683.15277219005,16.385413333773613,777.8357203491032,7047.259950719774
13684.424286177382,16.385413333773613,777.8357203491032,7048.045176204294
13684.578593645245,16.387116683647037,777.9788488838822,7048.045176204294
13686.068640680984,16.387116683647037,777.9788488838822,7049.099048899487
13686.333287028596,16.388736022636294,778.2092954590917,7049.099048899487
13687.95707128942,16.388736022636294,778.2092954590917,7050.303619828075
13688.30041814968,16.39026222936809,778.5363017432392,7050.303619828075
13690.391763899475,16.39026222936809,778.5363017432392,7051.90532797575
13692.314841149375,16.395325999706984,778.6625916920602,7051.90532797575
13693.813934229314,16.395325999706984,778.6625916920602,7053.078506512567
13694.110484307632,16.39712981134653,778.8452292587608,7053.078506512567
13695.183457728475,16.39712981134653,778.8452292587608,7053.889191580936
13695.357312435284,16.398787071928382,778.9522865787148,7053.889191580936
13696.556618709117,16.398787071928382,778.9522865787148,7054.410550285131
13696.723140329123,16.4003972299397,779.1090281531215,7054.410550285131
13698.656451195478,16.4003972299397,779.1090281531215,7055.717931255698
13701.545049102977,16.405870338901877,779.1681211385876,7055.717931255698
13702.612583886832,16.405870338901877,779.1681211385876,7056.190324943513
13702.75297687389,16.407818095758557,779.2197977788746,7056.190324943513
13703.875906825066,16.407818095758557,779.2197977788746,7056.757200624794
13704.351830320433,16.409490924328566,779.4303944930434,7056.757200624794
13705.4470824413,16.409490924328566,779.4303944930434,7057.516493167728
13705.569587629288,16.411042612046003,779.5232867822051,7057.516493167728
13706.411187052727,16.411042612046003,779.5232867822051,7058.160755198449
13708.11148343794,16.417929207906127,779.7709164600819,7058.160755198449
13710.035809028894,16.417929207906127,779.7709164600819,7059.481145445257
13710.489392589778,16.432176657021046,779.9831569548696,7059.481145445257
13712.050416689366,16.432176657021046,779.9831569548696,7060.460772888735
13712.376943353564,16.43376637622714,780.259659267962,7060.460772888735
13713.469624744728,16.43376637622714,780.259659267962,7061.134549252689
13713.635257381946,16.435411367565393,780.4149275254458,7061.134549252689
13714.560441546142,16.435411367565393,780.4149275254458,7061.68767218478
13718.164092402905,16.440337486565113,780.6976793333888,7061.68767218478
13719.562356868759,16.440337486565113,780.6976793333888,7062.828490404412
13719.814053712413,16.44288663007319,780.906128777191,7062.828490404412
13721.85012063384,16.44288663007319,780.906128777191,7064.398237545043
13722.246426977217,16.444514479488134,781.2738141622394,7064.398237545043
13724.038141837344,16.444514479488134,781.2738141622394,7065.6999125517905
13724.249904453754,16.446099968627095,781.4706544261426,7065.6999125517905
13725.653843445703,16.446099968627095,781.4706544261426,7066.529691778123
13728.711151396856,16.450942534953356,781.761057972908,7066.529691778123
13730.451644526795,16.450942534953356,781.761057972908,7067.270897962153
13730.551494175568,16.452734097838402,781.8483669534326,7067.270897962153
13731.64869319275,16.452734097838402,781.8483669534326,7068.135224249214
13731.942658325657,16.4545678794384,781.9712878204882,7068.135224249214
13733.242109462619,16.4545678794384,781.9712878204882,7068.856249986216
13733.497326908633,16.456772359088063,782.2053610030562,7068.856249986216
13734.64466152899,16.456772359088063,782.2053610030562,7069.47816058062
13737.836269902065,16.4718633107841,782.3321894425899,7069.47816058062
13738.57090171799,16.4718633107841,782.3321894425899,7069.945164702833
13738.735135365278,16.473388329148293,782.4765582494438,7069.945164702833
13739.751199318096,16.473388329148293,782.4765582494438,7070.624006954953
13739.963497152552,16.47501265630126,782.6477603651583,7070.624006954953
13741.756983056664,16.47501265630126,782.6477603651583,7071.728642787784
13742.120869133621,16.47665861621499,782.9851755574346,7071.728642787784
13743.675750352442,16.47665861621499,782.9851755574346,7072.645863197744
13746.28841688484,16.482850939035416,783.2059996780008,7072.645863197744
13747.602163085714,16.482850939035416,783.2059996780008,7073.538364227861
13747.73114078492,16.486480267718434,783.2960999514908,7073.538364227861
13749.702790493146,16.486480267718434,783.2960999514908,7074.740037068725
13750.017550285906,16.488169776275754,783.5593795757741,7074.740037068725
13752.038147917017,16.488169776275754,783.5593795757741,7076.072713857517
13752.216857451946,16.492143156006932,783.7250678613782,7076.072713857517
13753.276229660958,16.492143156006932,783.7250678613782,7076.740759089589
13755.861268568784,16.5291468501091,783.9806939437985,7076.740759089589
13757.392234325409,16.5291468501091,783.9806939437985,7077.866588741541
13757.694143153727,16.530754446983337,784.268760830164,7077.866588741541
13759.304165469483,16.530754446983337,784.268760830164,7078.970142465085
13759.614675913006,16.5323698669672,784.551108121872,7078.970142465085
13761.532631227747,16.5323698669672,784.551108121872,7079.919637972489
13761.715215221047,16.533930234611034,784.7085139863193,7079.919637972489
13762.77805332467,16.533930234611034,784.7085139863193,7080.376813955605
13768.0095338244,16.541751857846975,784.8730304129422,7080.376813955605
13769.389416400343,16.541751857846975,784.8730304129422,7081.0971946734935
13769.534378161654,16.543362628668547,784.990864828229,7081.0971946734935
13770.696238350123,16.543362628668547,784.990864828229,7081.832713576034
13770.989177161828,16.54500260949135,785.2668653335422,7081.832713576034
13772.628906941041,16.54500260949135,785.2668653335422,7083.032080486417
13772.904568109661,16.546531369909644,785.5114267282188,7083.032080486417
13774.461149865761,16.546531369909644,785.5114267282188,7084.096595359966
13780.03118529357,16.551931018009782,785.660835718736,7084.096595359966
13781.464041944593,16.551931018009782,785.660835718736,7084.783146804199
13781.602860804647,16.55351349711418,785.7790203411132,7084.783146804199
13782.94318764098,16.55351349711418,785.7790203411132,7085.413705639541
13783.094161260873,16.55674702860415,785.906725877896,7085.413705639541
13783.907747676596,16.55674702860415,785.906725877896,7085.706521781161
13784.00145851262,16.558316247537732,785.980345999822,7085.706521781161
13785.202397501096,16.558316247537732,785.980345999822,7086.221259456128
13789.833800589666,16.568177750334144,786.0632663723081,7086.221259456128
13790.770952876657,16.568177750334144,786.0632663723081,7086.6881540082395
13791.046995203942,16.56979758106172,786.2969726882875,7086.6881540082395
13792.182839257643,16.56979758106172,786.2969726882875,7087.310336168855
13792.485737092793,16.57141276076436,786.5695194322616,7087.310336168855
13794.307643141598,16.57141276076436,786.5695194322616,7088.452679760754
13794.604075068608,16.57307831197977,786.7098272759467,7088.452679760754
13795.789515506476,16.57307831197977,786.7098272759467,7088.992544170469
13798.690271440893,16.584349267184734,787.1153634805232,7088.992544170469
13799.83493489772,16.584349267184734,787.1153634805232,7089.895898072049
13800.079056313261,16.585966933518648,787.3330518268049,7089.895898072049
13800.772697597742,16.585966933518648,787.3330518268049,7090.396432947367
13800.901815207675,16.598070254549384,787.4351077247411,7090.396432947367
13801.5869098939,16.598070254549384,787.4351077247411,7090.754252102226
13801.759323343635,16.59975241497159,787.5664814580232,7090.754252102226
13802.820542188361,16.59975241497159,787.5664814580232,7091.3513628374785
13805.156721992418,16.60498839057982,787.6819405611604,7091.3513628374785
13806.554228713736,16.60498839057982,787.6819405611604,7092.454209711403
13806.764388950542,16.606714509427547,787.858864184469,7092.454209711403
13808.067938148975,16.606714509427547,787.858864184469,7093.218196963891
13808.352803517133,16.608376508578658,788.0912233367562,7093.218196963891
13810.442343661562,16.608376508578658,788.0912233367562,7094.538883116096
13810.583612833172,16.60992551781237,788.2130267452449,7094.538883116096
13811.654608599842,16.60992551781237,788.2130267452449,7095.07621563226
13814.701575219631,16.61481170542538,788.5012130923569,7095.07621563226
13816.196121407673,16.61481170542538,788.5012130923569,7095.942328035831
13816.385244742036,16.617715138942003,788.5635001957417,7095.942328035831
13817.637686701491,16.617715138942003,788.5635001957417,7096.640023151413
13817.75449398905,16.619374342262745,788.6472563315183,7096.640023151413
13819.688015451655,16.619374342262745,788.6472563315183,7097.901077887043
13820.0233359579,16.621076663956046,788.9302882663906,7097.901077887043
13821.148727266118,16.621076663956046,788.9302882663906,7098.5091805532575
13823.783692080528,16.625989452004433,789.2531110346317,7098.5091805532575
13825.578703442588,16.625989452004433,789.2531110346317,7099.742494145408
13825.834158245474,16.62764319218695,789.4802031107247,7099.742494145408
13827.149221897125,16.62764319218695,789.4802031107247,7100.461736936122
13827.551585033536,16.62943948432803,789.7789397407323,7100.461736936122
13828.455476826057,16.62943948432803,789.7789397407323,7101.084481719881
13828.731297239661,16.631072845309973,790.0330990701914,7101.084481719881
13829.586932282895,16.631072845309973,790.0330990701914,7101.649321006611
13832.99050972052,16.635949352756143,790.2625468596816,7101.649321006611
13834.79433233291,16.635949352756143,790.2625468596816,7102.2951848413795
13834.942922279239,16.637535950168967,790.3942711595446,7102.2951848413795
13836.982238581404,16.637535950168967,790.3942711595446,7103.2202773895115
13837.087720092386,16.639123767614365,790.4803659878671,7103.2202773895115
13838.465973053128,16.639123767614365,790.4803659878671,7104.15887391381
13838.553040569648,16.64085898734629,790.5440572481602,7104.15887391381
13840.466325026006,16.64085898734629,790.5440572481602,7105.29229958728
13843.457984324545,16.655150650069118,790.7662829682231,7105.29229958728
13844.413398565724,16.655150650069118,790.7662829682231,7105.692545598373
13844.647062471136,16.65684894286096,790.9854666199535,7105.692545598373
13846.460223846138,16.65684894286096,790.9854666199535,7106.426562637091
13846.792772931978,16.65845944173634,791.2656334117055,7106.426562637091
13847.542352853343,16.65845944173634,791.2656334117055,7106.879216264933
13847.763741776347,16.660265734419227,791.4499135743827,7106.879216264933
13848.70242171362,16.660265734419227,791.4499135743827,7107.348964730278
13850.872314624488,16.665386417880654,791.7574309352785,7107.348964730278
13851.576067272574,16.665386417880654,791.7574309352785,7107.7799752391875
13851.841001916677,16.667100239545107,791.9952150061727,7107.7799752391875
13853.511038504541,16.667100239545107,791.9952150061727,7108.525567652658
13853.720380498096,16.66870454698801,792.1217642910779,7108.525567652658
13854.871449602768,16.66870454698801,792.1217642910779,7109.135104373097
13855.059591259807,16.67034699767828,792.2921406626701,7109.135104373097
13855.92392706126,16.67034699767828,792.2921406626701,7109.780437964946
13857.623008379713,16.675262486562133,792.613477723673,7109.780437964946
13859.519882656634,16.675262486562133,792.613477723673,7111.231705777347
13859.798080505803,16.6773071475327,792.7618965953588,7111.231705777347
13861.289385030046,16.6773071475327,792.7618965953588,7112.318642266095
13861.527645049617,16.678988710045815,792.9758001510054,7112.318642266095
13862.666998300701,16.678988710045815,792.9758001510054,7113.155301624909
13862.918825987726,16.68366896547377,793.2053038123995,7113.155301624909
13864.19544739835,16.68366896547377,793.2053038123995,7113.939766082913
13866.755310054868,16.688801981508732,793.3353095538914,7113.939766082913
13868.185107929632,16.688801981508732,793.3353095538914,7114.643977209926
13868.346801282838,16.691152373328805,793.4610912743956,7114.643977209926
13869.092521457002,16.691152373328805,793.4610912743956,7115.037675401196
13869.227183099836,16.692758115008473,793.5105928145349,7115.037675401196
13870.28512818925,16.692758115008473,793.5105928145349,7115.867756107822
13870.609272673726,16.6944017726928,793.8086576424539,7115.867756107822
13871.867922158912,16.6944017726928,793.8086576424539,7116.5526896920055
13873.586369741708,16.699295163154602,794.159276548773,7116.5526896920055
13874.34998415783,16.699295163154602,794.159276548773,7117.087456503883
13874.48260906525,16.700880652293563,794.269844872877,7117.087456503883
13875.649424837902,16.700880652293563,794.269844872877,7117.90587195009
13875.9067910444,16.702554862946272,794.4906273037195,7117.90587195009
13876.885346658528,16.702554862946272,794.4906273037195,7118.618955047801
13877.049630660564,16.704139003530145,794.6243401989341,7118.618955047801
13877.670195205137,16.704139003530145,794.6243401989341,7118.915855884552
13880.367622449994,16.709353456273675,794.7694435808808,7118.915855884552
13881.740124030039,16.709353456273675,794.7694435808808,7119.689805842936
13881.956390237436,16.71098305657506,794.9121688678861,7119.689805842936
13883.384001161903,16.71098305657506,794.9121688678861,7120.39974383451
13883.538318444043,16.7125949151814,795.0435368400067,7120.39974383451
13884.679734084755,16.7125949151814,795.0435368400067,7121.016437826678
13884.943853355944,16.714309100061655,795.2879966739565,7121.016437826678
13886.476724717766,16.714309100061655,795.2879966739565,7121.854811217636
13889.781551536173,16.719322750344872,795.471338506788,7121.854811217636
13890.694993123412,16.719322750344872,795.471338506788,7122.5310251526535
13890.789183199406,16.722801161929965,795.5497381053865,7122.5310251526535
13891.94604536146,16.722801161929965,795.5497381053865,7123.199144864455
13892.320633715019,16.724573394283652,795.6460146289319,7123.199144864455
13893.21034414135,16.724573394283652,795.6460146289319,7123.4688371066
13893.380731996149,16.726375805214047,795.7756781298667,7123.4688371066
13894.405246237293,16.726375805214047,795.7756781298667,7123.9563443195075
13898.084089009091,16.731536658480763,795.8742171842605,7123.9563443195075
13899.060871073976,16.731536658480763,795.8742171842605,7124.298986738548
13899.453031336889,16.73340812139213,795.9603034593165,7124.298986738548
13900.763643041253,16.73340812139213,795.9603034593165,7125.099163221195
13901.148717476055,16.735050139948726,796.2828302457929,7125.099163221195
13902.097239103168,16.735050139948726,796.2828302457929,7125.689283002168
13902.268250416964,16.73665775731206,796.4340580627322,7125.689283002168
13904.00771760568,16.73665775731206,796.4340580627322,7126.683874901384
13905.422898923978,16.751846173778176,796.6897046808153,7126.683874901384
13906.798448449,16.751846173778176,796.6897046808153,7127.628342377022
13907.02085680142,16.75345150195062,796.8941577933729,7127.628342377022
13908.012045158073,16.75345150195062,796.8941577933729,7128.135307051241
13908.168497446924,16.75508601218462,797.0399514790624,7128.135307051241
13909.299172746018,16.75508601218462,797.0399514790624,7128.982135647908
13909.509896213189,16.756629010662436,797.2218944914639,7128.982135647908
13910.73669102043,16.756629010662436,797.2218944914639,7129.5720129814
13913.340995101258,16.761853044852614,797.4655624292791,7129.5720129814
13915.057901458815,16.761853044852614,797.4655624292791,7130.224762445316
13915.642741432413,16.763623747974634,797.5481643043458,7130.224762445316
13916.649406934157,16.763623747974634,797.5481643043458,7130.81074038893
13916.91862628609,16.765388080850244,797.780319634825,7130.81074038893
13918.08321510069,16.765388080850244,797.780319634825,7131.673203311861
13918.288163455203,16.766964370384812,797.9387924224138,7131.673203311861
13919.138566266745,16.766964370384812,797.9387924224138,7132.216678241268
13920.713147912174,16.771985851228237,798.102161558345,7132.216678241268
13921.854843938723,16.771985851228237,798.102161558345,7132.956760523841
13922.063825504854,16.773596359416842,798.2902627140284,7132.956760523841
13923.59150675498,16.773596359416842,798.2902627140284,7134.131891520694
13923.762903356925,16.775145050138235,798.4440102558583,7134.131891520694
13924.749834857881,16.775145050138235,798.4440102558583,7134.62379055284
13924.904400432482,16.77678615041077,798.5832522511482,7134.62379055284
13926.517149981111,16.77678615041077,798.5832522511482,7135.719456182793
13928.243685504422,16.784624494612217,798.714489011094,7135.719456182793
13929.842487428337,16.784624494612217,798.714489011094,7136.904590161517
13929.94586323388,16.786262264475226,798.7993088643998,7136.904590161517
13931.369944585487,16.786262264475226,798.7993088643998,7137.696492260322
13931.441662920639,16.78786831535399,798.8488242644817,7137.696492260322
13932.892815256491,16.78786831535399,798.8488242644817,7138.693053424358
13933.152377765626,16.78975293971598,799.0836513228714,7138.693053424358
13933.961201161146,16.78975293971598,799.0836513228714,7139.119382059202
13935.438292989507,16.794706616550684,799.380911597982,7139.119382059202
13936.712830977514,16.794706616550684,799.380911597982,7139.870789285749
13936.923452565446,16.79638502560556,799.5670427475125,7139.870789285749
13937.621299836785,16.79638502560556,799.5670427475125,7140.234445242211
13937.704232050106,16.798343239352107,799.6158491373062,7140.234445242211
13939.166751932353,16.798343239352107,799.6158491373062,7141.056500138715
13939.230259718373,16.800038611516356,799.6657483447343,7141.056500138715
13939.997183581814,16.800038611516356,799.6657483447343,7141.595152363181
13941.20940601267,16.805387940257788,799.9024253878742,7141.595152363181
13942.83744376339,16.805387940257788,799.9024253878742,7142.758810002357
13943.046380918473,16.80700779147446,800.0976546928287,7142.758810002357
13944.696247564629,16.80700779147446,800.0976546928287,7143.973233666271
13945.000229625031,16.808735333383083,800.3888308778405,7143.973233666271
13946.459836864844,16.808735333383083,800.3888308778405,7144.960975239053
13946.759681887925,16.810307940468192,800.652603302151,7144.960975239053
13948.592659281567,16.810307940468192,800.652603302151,7146.271875081584
13949.921665214002,16.81523452140391,800.8824627287686,7146.271875081584
13951.990537013859,16.81523452140391,800.8824627287686,7147.687760535628
13952.201891003177,16.81680397875607,801.0613339394331,7147.687760535628
13954.38936489448,16.81680397875607,801.0613339394331,7149.341626396403
13954.659892372787,16.818479038774967,801.2840071860701,7149.341626396403
13956.632900629193,16.818479038774967,801.2840071860701,7150.820246744901
13957.006070265546,16.820146460086107,801.606353379786,7150.820246744901
13959.07749754563,16.820146460086107,801.606353379786,7152.315352853388
13961.505721453577,16.825166299939156,801.9357154499739,7152.315352853388
13963.342496817932,16.825166299939156,801.9357154499739,7153.683225883171
13963.533627238125,16.826794892549515,802.0969444103539,7153.683225883171
13965.379821743816,16.826794892549515,802.0969444103539,7154.888640511781
13965.619175173342,16.828341599553823,802.3084213137627,7154.888640511781
13967.694887381047,16.828341599553823,802.3084213137627,7156.160946533084
13967.941102424636,16.829940658062696,802.505329972133,7156.160946533084
13970.149450330064,16.829940658062696,802.505329972133,7157.587313968688
13972.111033817753,16.83510770276189,802.8909869361669,7157.587313968688
13973.643445815891,16.83510770276189,802.8909869361669,7158.484867122024
13973.871654102579,16.83667740225792,803.099062114954,7158.484867122024
13975.308930216357,16.83667740225792,803.099062114954,7159.440939908847
13975.521337129176,16.838285902515054,803.2833863720298,7159.440939908847
13977.619985653087,16.838285902515054,803.2833863720298,7160.991101620719
13977.938343852758,16.839903611689806,803.5838878080249,7160.991101620719
13979.518415460363,16.839903611689806,803.5838878080249,7161.929511388764
13982.421344000846,16.844862539321184,803.723479071632,7161.929511388764
13983.845118820667,16.844862539321184,803.723479071632,7162.621407017112
13984.07481842488,16.846515892073512,803.9328496064991,7162.621407017112
13985.476022444665,16.846515892073512,803.9328496064991,7163.450423941016
13985.813766567037,16.848282743245363,804.2327585015446,7163.450423941016
13987.508416192606,16.848282743245363,804.2327585015446,7164.638853505254
13987.917484704405,16.8501969370991,804.4360343441367,7164.638853505254
13989.67764396593,16.8501969370991,804.4360343441367,7165.804013863206
13991.143227687106,16.85513698682189,804.7672405894846,7165.804013863206
13992.972936732695,16.85513698682189,804.7672405894846,7166.911704706028
13993.169347060844,16.85676677711308,804.9287461750209,7166.911704706028
13994.892940744758,16.85676677711308,804.9287461750209,7168.163046224043
13995.264804190025,16.85855972021818,805.2104692980647,7168.163046224043
13996.853517577052,16.85855972021818,805.2104692980647,7169.146660905331
13997.03363114968,16.86019130796194,805.3653904795647,7169.146660905331
13998.793205726892,16.86019130796194,805.3653904795647,7170.533654695377
14000.551570553333,16.88630921393633,805.6343209799379,7170.533654695377
14002.314380913973,16.88630921393633,805.6343209799379,7171.6827196627855
14002.747079845518,16.887953955680132,806.0078969635069,7171.6827196627855
14004.35279626213,16.887953955680132,806.0078969635069,7172.9013136755675
14004.57408937253,16.889527393504977,806.2020800821483,7172.9013136755675
14006.41044693254,16.889527393504977,806.2020800821483,7174.349846608937
14006.776679795235,16.891269125044346,806.4824477415532,7174.349846608937
14008.18285529688,16.891269125044346,806.4824477415532,7175.292888212949
14010.338027372956,16.896445548161864,806.9000955820084,7175.292888212949
14011.95685089007,16.896445548161864,806.9000955820084,7176.3858219143
14012.26015226543,16.89804751612246,807.1892100181431,7176.3858219143
14013.657163949683,16.89804751612246,807.1892100181431,7177.446987541392
14013.936176782474,16.899655675515532,807.4516942892224,7177.446987541392
14015.265243079513,16.899655675515532,807.4516942892224,7178.16497179307
14015.456182189286,16.90125096589327,807.6139532160014,7178.16497179307
14016.917256239802,16.90125096589327,807.6139532160014,7178.931431539357
14020.24767945148,16.910602148622274,807.8857854995877,7178.931431539357
14022.060504481196,16.910602148622274,807.8857854995877,7179.858424380422
14022.260711669922,16.912150036543608,808.0466266795993,7179.858424380422
14023.645119892433,16.912150036543608,808.0466266795993,7180.690698664635
14024.06234702468,16.91415336355567,808.2204657681286,7180.690698664635
14025.197677293792,16.91415336355567,808.2204657681286,7181.343429647386
14025.54932386987,16.915715761482716,808.3473714701831,7181.343429647386
14026.245378892869,16.915715761482716,808.3473714701831,7181.711090795696
14028.95937808603,16.929829698055983,808.6737352460623,7181.711090795696
14030.213818401098,16.929829698055983,808.6737352460623,7182.589202485979
14030.450362030417,16.931472666561604,808.8560152258724,7182.589202485979
14032.470379428938,16.931472666561604,808.8560152258724,7183.442488063127
14032.610033573583,16.933034405112267,808.9803716614842,7183.442488063127
14034.043804207817,16.933034405112267,808.9803716614842,7184.372120250016
14034.182021865621,16.936485158279538,809.0826332252473,7184.372120250016
14035.246817637235,16.936485158279538,809.0826332252473,7184.791375029832
14037.635898539796,16.949431974440813,809.3634838610888,7184.791375029832
14038.854889169335,16.949431974440813,809.3634838610888,7185.420599702746
14039.224401732907,16.95126141794026,809.5317410062999,7185.420599702746
14040.744110004976,16.95126141794026,809.5317410062999,7186.261898042634
14041.119029616937,16.952958088368177,809.7671100534499,7186.261898042634
14042.492425801232,16.952958088368177,809.7671100534499,7187.120921174064
14042.926365248859,16.954874224960804,810.1183658223599,7187.120921174064
14044.360635314137,16.954874224960804,810.1183658223599,7188.004396852106
14046.472335768864,16.959788601845503,810.1728130858392,7188.004396852106
14047.791988676414,16.959788601845503,810.1728130858392,7188.837626164779
14047.995789989829,16.961540013551712,810.2787518054247,7188.837626164779
14049.690436368808,16.961540013551712,810.2787518054247,7190.252315782011
14049.88885554485,16.96312679350376,810.3931615594774,7190.252315782011
14051.344841234386,16.96312679350376,810.3931615594774,7191.276436593384
14051.444760294631,16.964769234880805,810.4577974546701,7191.276436593384
14053.22360958904,16.964769234880805,810.4577974546701,7192.559197956696
14056.218090204522,16.969482289627194,810.6780164986849,7192.559197956696
14057.672689029947,16.969482289627194,810.6780164986849,7193.660757128149
14057.926753949374,16.971039928495884,810.9097022619098,7193.660757128149
14059.360594317317,16.971039928495884,810.9097022619098,7194.544189445674
14059.597840508446,16.97274444065988,811.1358717251569,7194.544189445674
14060.997256308794,16.97274444065988,811.1358717251569,7195.571090757847
14061.378648897633,16.974446872249246,811.4341085590422,7195.571090757847
14062.922624683008,16.974446872249246,811.4341085590422,7196.432598026469
14065.14928577654,16.990478795021772,811.65061638318,7196.432598026469
14066.739536065608,16.990478795021772,811.65061638318,7197.673002181575
14067.187422085553,17.008171785622835,812.0684350468218,7197.673002181575
14068.749863497913,17.008171785622835,812.0684350468218,7198.703734302893
14069.19555927813,17.00966913253069,812.4628549125046,7198.703734302893
14070.290176814422,17.00966913253069,812.4628549125046,7199.230521060526
14070.42734921351,17.011293740943074,812.5815368331969,7199.230521060526
14071.966849816963,17.011293740943074,812.5815368331969,7200.237154003233
14074.992696564645,17.016670251265168,812.8386589009315,7200.237154003233
14076.332063172013,17.016670251265168,812.8386589009315,7200.9522846434265
14076.506335116923,17.018451573327184,812.9949719998986,7200.9522846434265
14078.508093234152,17.018451573327184,812.9949719998986,7202.061417063698
14078.93468576856,17.020891036838293,813.3829855527729,7202.061417063698
14080.59547981061,17.020891036838293,813.3829855527729,7202.819193171337
14080.964427292347,17.022505806759,813.4479799084365,7202.819193171337
14082.686206968501,17.022505806759,813.4479799084365,7203.544546088204
14087.580183051527,17.03584450110793,813.6311235558242,7203.544546088204
14089.345528921112,17.03584450110793,813.6311235558242,7204.3334231656045
14089.536742545664,17.037495812401175,813.7311807796359,7204.3334231656045
14090.962572297081,17.037495812401175,813.7311807796359,7205.094728989527
14091.149346331134,17.039027040824294,813.9086134620011,7205.094728989527
14092.43099989742,17.039027040824294,813.9086134620011,7205.65922167711
14092.884368769825,17.04060990922153,814.3479344975203,7205.65922167711
14094.468056470156,17.04060990922153,814.3479344975203,7206.909802194685
14096.531848086044,17.045588778331876,814.7171964850277,7206.909802194685
14098.318969773129,17.045588778331876,814.7171964850277,7208.112244296819
14098.656516425312,17.04726125858724,815.0327731650323,7208.112244296819
14099.838392801583,17.04726125858724,815.0327731650323,7209.089447071776
14100.115645205602,17.048894308507442,815.2844151705503,7209.089447071776
14101.863626729697,17.048894308507442,815.2844151705503,7209.977187920362
14102.008689271286,17.07730594649911,815.3396750260144,7209.977187920362
14103.47268612124,17.07730594649911,815.3396750260144,7210.912432074547
14108.080817455426,17.093543911352754,815.3946746587753,7210.912432074547
14109.110051991418,17.093543911352754,815.3946746587753,7211.14663560316
14109.20128923282,17.095181530341506,815.4709404986352,7211.14663560316
14109.968066336587,17.095181530341506,815.4709404986352,7211.570585865527
14110.145432488993,17.09678622893989,815.6290032789111,7211.570585865527
14112.230383455753,17.09678622893989,815.6290032789111,7213.0278963036835
14112.527086041868,17.098431568592787,815.8857943881303,7213.0278963036835
14114.593290684745,17.098431568592787,815.8857943881303,7214.625562228262
14115.98012390919,17.103330256417394,815.9746477678418,7214.625562228262
14117.854576466605,17.103330256417394,815.9746477678418,7215.9254840184
14118.148707749322,17.10499546676874,816.2222770918161,7215.9254840184
14119.226017789915,17.10499546676874,816.2222770918161,7216.732835270464
14119.536553179845,17.106624886393547,816.5050777662545,7216.732835270464
14120.23815055564,17.106624886393547,816.5050777662545,7217.180148854852
14120.580047616735,17.1082209572196,816.8275094628334,7217.180148854852
14121.860949009657,17.1082209572196,816.8275094628334,7218.063282530755
14123.474033584818,17.125370098277926,817.2540942970663,7218.063282530755
14124.390601089224,17.125370098277926,817.2540942970663,7218.69258498773
14124.909802081063,17.126912316307425,817.734443789348,7218.69258498773
14126.558707321063,17.126912316307425,817.734443789348,7219.90175576508
14126.826799735427,17.128504564985633,817.9499249570072,7219.90175576508
14128.252177100629,17.128504564985633,817.9499249570072,7220.924985403195
14128.601374935359,17.133554257452488,818.2180652823299,7220.924985403195
14130.533577106893,17.133554257452488,818.2180652823299,7222.164649322629
14132.081977484748,17.184250351041555,818.3733426723629,7222.164649322629
14133.600349158049,17.184250351041555,818.3733426723629,7223.241959154606
14133.791849136353,17.18603772483766,818.4676698427647,7223.241959154606
14135.594710392877,17.18603772483766,818.4676698427647,7224.57467831485
14136.005355928093,17.18767010420561,818.8324946407229,7224.57467831485
14137.889506585896,17.18767010420561,818.8324946407229,7225.908816758543
14138.273649834096,17.189424976706505,819.1768967248499,7225.908816758543
14140.217381406575,17.189424976706505,819.1768967248499,7227.392018165439
14142.280623288825,17.20620856434107,819.5090113468468,7227.392018165439
14144.428802568465,17.20620856434107,819.5090113468468,7229.038534274325
14144.632712233812,17.21325078420341,819.6879526358098,7229.038534274325
14145.628926541656,17.21325078420341,819.6879526358098,7229.59407870844
14145.74242872931,17.21495026536286,819.7886378616095,7229.59407870844
14146.958065573126,17.21495026536286,819.7886378616095,7230.35731751658
14147.188082473353,17.216660717502236,819.9365484453738,7230.35731751658
14148.551221907139,17.216660717502236,819.9365484453738,7231.404176427051
14151.879304261878,17.222351402044296,820.060394724831,7231.404176427051
14152.891072370112,17.222351402044296,820.060394724831,7231.799774566665
14152.984569912776,17.223990213125944,820.1278916951269,7231.799774566665
14154.221247790381,17.223990213125944,820.1278916951269,7232.381882486865
14154.465905269608,17.225785735994577,820.1742590218782,7232.381882486865
14155.56704528816,17.225785735994577,820.1742590218782,7233.084533803165
14155.767048900947,17.227398755028844,820.3647858165205,7233.084533803165
14157.72493063286,17.227398755028844,820.3647858165205,7234.085089676082
14160.507014498115,17.253734393045306,820.5338511690497,7234.085089676082
14162.162994896993,17.253734393045306,820.5338511690497,7235.23702770099
14162.541072187945,17.255446625873446,820.6704753283411,7235.23702770099
14163.148479316384,17.255446625873446,820.6704753283411,7235.617675147951
14163.330799080431,17.25704408250749,820.8327623456717,7235.617675147951
14165.477372191846,17.25704408250749,820.8327623456717,7236.516913026571
14165.855140544474,17.2587132435292,820.9229657482356,7236.516913026571
14167.58212294057,17.2587132435292,820.9229657482356,7237.628584107384
14170.573593081906,17.276655880734324,820.9795643389225,7237.628584107384
14171.883720917627,17.276655880734324,820.9795643389225,7238.3098357040435
14172.123354734853,17.27849185280502,821.0959461312741,7238.3098357040435
14173.249863704666,17.27849185280502,821.0959461312741,7238.817434204742
14173.617412252352,17.280639585107565,821.2588557489216,7238.817434204742
14175.20851973258,17.280639585107565,821.2588557489216,7239.849505474791
14175.416631504893,17.285158758983016,821.4391041640192,7239.849505474791
14176.679793085903,17.285158758983016,821.4391041640192,7240.761355064809
14178.587315192446,17.29012825898826,821.8409534282982,7240.761355064809
14179.582341857255,17.29012825898826,821.8409534282982,7241.324412086979
14179.838203899562,17.2917683981359,822.0689064729959,7241.324412086979
14180.575617330149,17.2917683981359,822.0689064729959,7241.724451776594
14180.882401442155,17.293327817693353,822.3383681960404,7241.724451776594
14182.418799940497,17.293327817693353,822.3383681960404,7242.835805373266
14182.629241047427,17.29498503729701,822.5379256810993,7242.835805373266
14184.42712837644,17.29498503729701,822.5379256810993,7244.120822543278
14185.982995053753,17.299852795898914,822.8805270325392,7244.120822543278
14188.276181748137,17.299852795898914,822.8805270325392,7245.59120278433
14188.552323441952,17.30144708417356,823.1327437199652,7245.59120278433
14190.37670612149,17.30144708417356,823.1327437199652,7246.736327134073
14190.78019413352,17.303032279014587,823.5188813563436,7246.736327134073
14192.467544127256,17.303032279014587,823.5188813563436,7248.025664864108
14192.863943761215,17.30466428771615,823.8796375729144,7248.025664864108
14194.857685199007,17.30466428771615,823.8796375729144,7249.3247459400445
14196.52463908121,17.30968625843525,824.1324845403433,7249.3247459400445
14198.382828546688,17.30968625843525,824.1324845403433,7250.517101733014
14198.817990969867,17.31130245886743,824.541746398434,7250.517101733014
14200.354944100603,17.31130245886743,824.541746398434,7251.591635286808
14200.652821298689,17.312900625169277,824.8091573957354,7251.591635286808
14202.869244776666,17.312900625169277,824.8091573957354,7253.048591479659
14203.195186717436,17.31449255347252,825.1181227974594,7253.048591479659
14204.851558445022,17.31449255347252,825.1181227974594,7254.307913411409
14206.39893454872,17.3193545229733,825.366611327976,7254.307913411409
14208.488030012697,17.3193545229733,825.366611327976,7255.914596585557
14208.702448632568,17.3209846932441,825.5631723813713,7255.914596585557
14210.496070312336,17.3209846932441,825.5631723813713,7257.084384307265
14210.786374423653,17.32258115336299,825.8085270933807,7257.084384307265
14212.388603057712,17.32258115336299,825.8085270933807,7258.186192611232
14212.702218560502,17.324244672432542,826.0742454845458,7258.186192611232
14214.63347262144,17.324244672432542,826.0742454845458,7259.768405066803
14216.244014255702,17.344519844278693,826.282485710457,7259.768405066803
14218.46837559715,17.344519844278693,826.282485710457,7261.266970260069
14218.831997713074,17.346556102856994,826.45602767542,7261.266970260069
14220.623414434493,17.346556102856994,826.45602767542,7262.203021429479
14220.852887097746,17.34827404282987,826.6460665501654,7262.203021429479
14221.82293920964,17.34827404282987,826.6460665501654,7262.782168244943
14222.182803306729,17.34998738206923,826.7447308395058,7262.782168244943
14223.496321577579,17.34998738206923,826.7447308395058,7263.27491338551
14226.934166178107,17.366123085841537,826.8806243855506,7263.27491338551
14227.88928322494,17.366123085841537,826.8806243855506,7263.868186222389
14227.999548137188,17.367761455476284,826.9713817089796,7263.868186222389
14230.416379325092,17.367761455476284,826.9713817089796,7265.611041978002
14230.634581193328,17.36957640014589,827.1625142823905,7265.611041978002
14232.318208269775,17.36957640014589,827.1625142823905,7266.670832535252
14232.677666893229,17.371216589584947,827.4941380769014,7266.670832535252
14233.995346108451,17.371216589584947,827.4941380769014,7267.476595889777
14236.464746346697,17.397077610716224,827.8461206927896,7267.476595889777
14238.106332236901,17.397077610716224,827.8461206927896,7268.560666019097
14238.332576353103,17.3987298309803,828.0479438211769,7268.560666019097
14240.29000431858,17.3987298309803,828.0479438211769,7270.0367867928
14240.53142890893,17.400508102029562,828.2688789684325,7270.0367867928
14242.644489565864,17.400508102029562,828.2688789684325,7271.639834523201
14242.905845129862,17.402104461565614,828.4927536398172,7271.639834523201
14244.475184373558,17.402104461565614,828.4927536398172,7272.893416043371
14245.950373429805,17.406962420791388,828.5489597637206,7272.893416043371
14247.879066865891,17.406962420791388,828.5489597637206,7274.4896304588765
14248.164485016838,17.408580800518394,828.7945480309427,7274.4896304588765
14249.768172217533,17.408580800518394,828.7945480309427,7275.6617811936885
14250.096485670656,17.410130240023136,829.0851949900389,7275.6617811936885
14252.019305190071,17.410130240023136,829.0851949900389,7276.828288385645
14252.402704607695,17.411757070571184,829.4249578639865,7276.828288385645
14254.388475820422,17.411757070571184,829.4249578639865,7278.107049714774
14256.315838361159,17.416581289842725,829.671696651727,7278.107049714774
14258.232566028833,17.416581289842725,829.671696651727,7279.482318243012
14258.527018565685,17.418183786794543,829.9341952949762,7279.482318243012
14260.50231980905,17.418183786794543,829.9341952949762,7280.996549675241
14260.774890849367,17.41983236745,830.1589918825775,7280.996549675241
14262.662002304569,17.41983236745,830.1589918825775,7282.362586721778
14262.793304689229,17.421648962423205,830.2109629604965,7282.362586721778
14264.12608404085,17.421648962423205,830.2109629604965,7283.349163332954
14265.766940848902,17.434597101062536,830.2878800220788,7283.349163332954
14267.475090844557,17.434597101062536,830.2878800220788,7284.501340541989
14267.706400601193,17.436267280951142,830.5030769836158,7284.501340541989
14269.894845390692,17.436267280951142,830.5030769836158,7286.076901849359
14270.284429442137,17.43806167319417,830.8660681191832,7286.076901849359
14272.128147648647,17.43806167319417,830.8660681191832,7287.483312245458
14272.420579196885,17.439705792814493,831.1317745223641,7287.483312245458
14273.82198760286,17.439705792814493,831.1317745223641,7288.543944617733
14274.910444101319,17.444656275212765,831.2998473551124,7288.543944617733
14276.813001170754,17.444656275212765,831.2998473551124,7289.84181984514
14277.053350221366,17.446239575743675,831.5305140186101,7289.84181984514
14278.44042507559,17.446239575743675,831.5305140186101,7290.776763096452
14278.741412121803,17.44782700575888,831.8099851757288,7290.776763096452
14280.330083768815,17.44782700575888,831.8099851757288,7291.852709626779
14280.518517905846,17.449513068422675,831.9663816150278,7291.852709626779
14281.761179294437,17.449513068422675,831.9663816150278,7292.777382509783
14283.383656449616,17.455274753272533,832.1886340547353,7292.777382509783
14284.44607953541,17.455274753272533,832.1886340547353,7293.445635402575
14284.67531859316,17.457022005692124,832.405244903639,7293.445635402575
14286.94329868257,17.457022005692124,832.405244903639,7295.002043131739
14287.222781788558,17.45853123255074,832.6191310007125,7295.002043131739
14289.052011720836,17.45853123255074,832.6191310007125,7296.143502468243
14289.31022744812,17.466652600094676,832.8096931334585,7296.143502468243
14291.152292786166,17.466652600094676,832.8096931334585,7297.597261914983
14293.226058665663,17.471552312374115,832.9716016948223,7297.597261914983
14294.680840052664,17.471552312374115,832.9716016948223,7298.433479687199
14294.893216745928,17.473335465416312,833.1374691873789,7298.433479687199
14296.593206021935,17.473335465416312,833.1374691873789,7299.49546058476
14296.908591501415,17.493569243699312,833.4149297531694,7299.49546058476
14298.46161849983,17.493569243699312,833.4149297531694,7300.70324694179
14298.693294012919,17.49524255655706,833.5980815533549,7300.70324694179
14299.860827792436,17.49524255655706,833.5980815533549,7301.447090882808
14301.787187486887,17.500201838091016,833.690520549193,7301.447090882808
14303.23375456594,17.500201838091016,833.690520549193,7302.183903103694
14303.429882930592,17.501890348270535,833.8528195973486,7302.183903103694
14304.365376373753,17.501890348270535,833.8528195973486,7302.949221504852
14304.530430873856,17.503660179674625,833.9913036096841,7302.949221504852
14306.27696560882,17.503660179674625,833.9913036096841,7304.178296528757
14306.549398493022,17.505341472104192,834.2054680343717,7304.178296528757
14308.099539700896,17.505341472104192,834.2054680343717,7305.062946423888
14309.915724758059,17.553396796807647,834.4055882897228,7305.062946423888
14311.784906977788,17.553396796807647,834.4055882897228,7306.301239755005
14312.086238332093,17.555015437304974,834.696536583826,7306.301239755005
14313.42159915343,17.555015437304974,834.696536583826,7307.13069713302
14313.63037277013,17.55672567896545,834.7575641795993,7307.13069713302
14315.044079447165,17.55672567896545,834.7575641795993,7308.112737052143
14315.354656780139,17.55838017910719,835.0425855256617,7308.112737052143
14316.785441949964,17.55838017910719,835.0425855256617,7309.0817603264
14318.296382790431,17.563366029411554,835.2385861370713,7309.0817603264
14320.073956884444,17.563366029411554,835.2385861370713,7310.445665327832
14320.40794521384,17.56496841646731,835.5528157763183,7310.445665327832
14321.981410812587,17.56496841646731,835.5528157763183,7311.5106092412025
14322.325797032565,17.566532384604216,835.8762780111283,7311.5106092412025
14323.891016032547,17.566532384604216,835.8762780111283,7312.687558606267
14324.176038149744,17.568227637559175,836.1018958725035,7312.687558606267
14326.104290457442,17.568227637559175,836.1018958725035,7313.903729615733
14327.678759716451,17.578607007861137,836.2833683490753,7313.903729615733
14329.302104469389,17.578607007861137,836.2833683490753,7315.01454523392
14329.627075262368,17.580289099365473,836.5774208102375,7315.01454523392
14331.685813020915,17.580289099365473,836.5774208102375,7316.444759486243
14331.955684371293,17.581934778019786,836.8370364420116,7316.444759486243
14333.385783720762,17.581934778019786,836.8370364420116,7317.51498490572
14333.688425986096,17.583499604836106,837.1065498571843,7317.51498490572
14335.241949204355,17.583499604836106,837.1065498571843,7318.70405931212
14337.047417366877,17.600100899115205,837.3615319132805,7318.70405931212
14338.442670540884,17.600100899115205,837.3615319132805,7319.601335719228
14338.742389705032,17.601705258712173,837.6227338351309,7319.601335719228
14339.932428147644,17.601705258712173,837.6227338351309,7320.495211003348
14340.21444834955,17.603399239480495,837.8177535496652,7320.495211003348
14341.952907238156,17.603399239480495,837.8177535496652,7321.755605028942
14342.267558813095,17.60520575940609,838.0913022253662,7321.755605028942
14343.982507815585,17.60520575940609,838.0913022253662,7322.4956482201815
14345.934299232438,17.610148638486862,838.3087171576917,7322.4956482201815
14347.622059611604,17.610148638486862,838.3087171576917,7323.428025923669
14347.8405295033,17.611771147698164,838.4851399436593,7323.428025923669
14349.630145564675,17.611771147698164,838.4851399436593,7324.455495104194
14349.772310746834,17.613387066870928,838.5952098406851,7324.455495104194
14351.498207896948,17.613387066870928,838.5952098406851,7325.5269044768065
14351.867212845013,17.615212500095367,838.7873642053455,7325.5269044768065
14353.381372237578,17.615212500095367,838.7873642053455,7326.618478054181
14355.083066517487,17.62003235705197,839.0015465896577,7326.618478054181
14356.957846082747,17.62003235705197,839.0015465896577,7328.013486394659
14357.247453201562,17.621647216379642,839.2694143224508,7328.013486394659
14358.559269234538,17.621647216379642,839.2694143224508,7328.5468461588025
14358.812217878178,17.623200964182615,839.4948398023844,7328.5468461588025
14360.123088080436,17.623200964182615,839.4948398023844,7329.377847585827
14360.254187652841,17.624842774122953,839.6009938064963,7329.377847585827
14361.662485545501,17.624842774122953,839.6009938064963,7330.337104542181
14363.157504016533,17.629844775423408,839.7385878432542,7330.337104542181
14364.721957184374,17.629844775423408,839.7385878432542,7331.458694510162
14364.89534695819,17.631450122222304,839.8987574148923,7331.458694510162
14366.244411561638,17.631450122222304,839.8987574148923,7332.162685584277
14366.587832909077,17.633042139932513,840.1952815800905,7332.162685584277
14368.163875469938,17.633042139932513,840.1952815800905,7333.40804682672
14368.305148465559,17.634754460304976,840.2965826280415,7333.40804682672
14369.597238369286,17.634754460304976,840.2965826280415,7334.509982662275
14371.494824711233,17.639770349487662,840.4925089776516,7334.509982662275
14373.355190645903,17.639770349487662,840.4925089776516,7335.911260025576
14373.710135474801,17.64139035716653,840.8126462437212,7335.911260025576
14375.267379503697,17.64139035716653,840.8126462437212,7336.950380556285
14375.59298744984,17.6429903768003,841.1094699371606,7336.950380556285
14377.01917003654,17.6429903768003,841.1094699371606,7338.014731440693
14377.342792946845,17.64453368447721,841.4043963253498,7338.014731440693
14378.792259268463,17.64453368447721,841.4043963253498,7339.106123486534
14380.18133758381,17.650949124246836,841.6058936771005,7339.106123486534
14381.79395776987,17.650949124246836,841.6058936771005,7340.351208264008
14382.16586293839,17.65273727849126,841.9073755536228,7340.351208264008
14384.005178928375,17.65273727849126,841.9073755536228,7341.774733390659
14384.166827658191,17.6544077899307,842.0378915704787,7341.774733390659
14385.741777697578,17.6544077899307,842.0378915704787,7342.892030099407
14386.041890917346,17.65600149706006,842.3076895773411,7342.892030099407
14387.805475886911,17.65600149706006,842.3076895773411,7344.268843127415
14389.506611669436,17.661163803189993,842.6478608790785,7344.268843127415
14391.479483664036,17.661163803189993,842.6478608790785,7345.606058314443
14391.733894741163,17.662717193365097,842.8837202191353,7345.606058314443
14393.002305673435,17.662717193365097,842.8837202191353,7346.652005892247
14393.19225973636,17.664341740310192,843.0505851600319,7346.652005892247
14394.575861381367,17.664341740310192,843.0505851600319,7347.507246939465
14394.814808337018,17.665976820513606,843.2360436525196,7347.507246939465
14396.472345922142,17.665976820513606,843.2360436525196,7348.794030677527
14397.744862921536,17.683191215619445,843.4757828116417,7348.794030677527
14399.259273270145,17.683191215619445,843.4757828116417,7349.810342974961
14399.556503845379,17.68527627363801,843.6967698782682,7349.810342974961
14401.291661856696,17.68527627363801,843.6967698782682,7351.093958294019
14401.52883085236,17.686888003721833,843.9030818995088,7351.093958294019
14402.896620016545,17.686888003721833,843.9030818995088,7352.084260217845
14403.147241534665,17.68850394152105,844.109309559688,7352.084260217845
14404.854760205373,17.68850394152105,844.109309559688,7353.147226687521
14408.173952452838,17.69390087015927,844.2267545387149,7353.147226687521
14408.988539213315,17.69390087015927,844.2267545387149,7353.712722817436
14409.435165496543,17.695612654089928,844.4545356500894,7353.712722817436
14410.38561951369,17.695612654089928,844.4545356500894,7354.2950353734195
14410.531417440623,17.697200294584036,844.5701270867139,7354.2950353734195
14411.897943953052,17.697200294584036,844.5701270867139,7354.924418244511
14411.975416524336,17.698806583881378,844.6353240180761,7354.924418244511
14413.089592365548,17.698806583881378,844.6353240180761,7355.413904529065
14417.185939112678,17.705754976719618,844.9986719228327,7355.413904529065
14418.072621116415,17.705754976719618,844.9986719228327,7355.905992558226
14418.25516073592,17.707354666665196,845.1697196699679,7355.905992558226
14420.59266293794,17.707354666665196,845.1697196699679,7357.150066578761
14420.787545651197,17.70901911891997,845.3522712383419,7357.150066578761
14421.800992447883,17.70901911891997,845.3522712383419,7357.756742499769
14422.132088152692,17.710606317967176,845.6381573826075,7357.756742499769
14423.540836704895,17.710606317967176,845.6381573826075,7358.859192760661
14426.718103306368,17.71605538763106,845.7396619729698,7358.859192760661
14428.352619605139,17.71605538763106,845.7396619729698,7359.93594055064
14428.732630454004,17.717657467350364,846.0700535662472,7359.93594055064
14430.228009393439,17.717657467350364,846.0700535662472,7360.837305855006
14430.664072085172,17.72229635156691,846.406042471528,7360.837305855006
14431.635263130069,17.72229635156691,846.406042471528,7361.381124787033
14432.050758862868,17.72406432405114,846.7921124994755,7361.381124787033
14434.446004841477,17.72406432405114,846.7921124994755,7362.978198742494
14436.686845840886,17.72914474271238,847.1545036584139,7362.978198742494
14437.682122377679,17.72914474271238,847.1545036584139,7363.578870315105
14437.883061289787,17.730954196304083,847.2870708759874,7363.578870315105
14438.919999083504,17.730954196304083,847.2870708759874,7364.343594897538
14439.38779079169,17.732579907402396,847.7163206599653,7364.343594897538
14441.088117929175,17.732579907402396,847.7163206599653,7365.6622372455895
14441.37472726591,17.7342033367604,847.974405022338,7365.6622372455895
14442.520900189877,17.7342033367604,847.974405022338,7366.3244083393365
14444.198302449659,17.745257245376706,848.2332471925765,7366.3244083393365
14445.731604592875,17.745257245376706,848.2332471925765,7367.507789842784
14445.950332589447,17.74687863700092,848.4150481168181,7367.507789842784
14446.888360241428,17.74687863700092,848.4150481168181,7368.17646712251
14447.279096204787,17.748466797173023,848.7897455468774,7368.17646712251
14448.170018296689,17.748466797173023,848.7897455468774,7368.7355440650135
14448.343633271754,17.750151988118887,848.8722365628928,7368.7355440650135
14449.5379569754,17.750151988118887,848.8722365628928,7369.5131593402475
14450.783862257376,17.7599989566952,848.9315378442407,7369.5131593402475
14451.93369303085,17.7599989566952,848.9315378442407,7370.213664691895
14452.064337261021,17.76159555464983,849.0457514282316,7370.213664691895
14453.801381709054,17.76159555464983,849.0457514282316,7371.745583552867
14454.038297109306,17.7633348852396,849.2495345622301,7371.745583552867
14455.027669336647,17.7633348852396,849.2495345622301,7372.45857370086
14455.24461982213,17.764945356175303,849.4341062847525,7372.45857370086
14456.53369468078,17.764945356175303,849.4341062847525,7373.318060168996
14458.272056845948,17.771476555615664,849.7219100315124,7373.318060168996
14459.770951421931,17.771476555615664,849.7219100315124,7374.654890721664
14460.260946683586,17.77312064357102,850.1692127846181,7374.654890721664
14461.712321341038,17.77312064357102,850.1692127846181,7375.697185434401
14461.96964488551,17.774869756773114,850.3867200817913,7375.697185434401
14463.528953980654,17.774869756773114,850.3867200817913,7376.678717646748
14463.973660780117,17.77651382982731,850.7763267345726,7376.678717646748
14465.9133073017,17.77651382982731,850.7763267345726,7378.0425922926515
14467.541119826958,17.781417110934854,851.045287836343,7378.0425922926515
14469.019695334136,17.781417110934854,851.045287836343,7379.173919636756
14469.19636384584,17.783037770539522,851.2016538958997,7379.173919636756
14470.820244517177,17.783037770539522,851.2016538958997,7380.241663211957
14471.128691453487,17.78493118658662,851.4483792632818,7380.241663211957
14472.777820946649,17.78493118658662,851.4483792632818,7381.506895931438
14473.05686192587,17.78677484765649,851.6931191217154,7381.506895931438
14474.863319329917,17.78677484765649,851.6931191217154,7382.806303231046
14476.812440041453,17.794827364385128,852.060944179073,7382.806303231046
14478.842136524618,17.794827364385128,852.060944179073,7383.765518931672
14479.371136100963,17.796429065987468,852.1904926113784,7383.765518931672
14480.314765973017,17.796429065987468,852.1904926113784,7384.269149703905
14480.672713940963,17.798126846551895,852.4167723581195,7384.269149703905
14481.725239036605,17.798126846551895,852.4167723581195,7384.824638132006
14481.971422724426,17.799728212878108,852.6481519956142,7384.824638132006
14482.802215153351,17.799728212878108,852.6481519956142,7385.319301920012
14485.490071505308,17.804767183959484,852.7911444939673,7385.319301920012
14487.010779969394,17.804767183959484,852.7911444939673,7385.977754093707
14487.123434765264,17.80642430484295,852.8484131190926,7385.977754093707
14488.522354308516,17.80642430484295,852.8484131190926,7386.929464057088
14488.736435230821,17.807992193847895,853.0431288592517,7386.929464057088
14490.06797682494,17.807992193847895,853.0431288592517,7387.36994173564
14490.385617347434,17.809739854186773,853.193842317909,7387.36994173564
14492.026194026694,17.809739854186773,853.193842317909,7387.951974146068
14494.651220284402,17.81467197276652,853.4275555294007,7387.951974146068
14495.921282600611,17.81467197276652,853.4275555294007,7388.786162953824
14496.319011000916,17.81628653407097,853.751456014812,7388.786162953824
14497.118678301573,17.81628653407097,853.751456014812,7389.313623553142
14497.509337320924,17.818005995824933,854.0124512929469,7389.313623553142
14499.10345509462,17.818005995824933,854.0124512929469,7390.3789000641555
14499.196872837842,17.819770267233253,854.0877448972315,7390.3789000641555
14499.80344607681,17.819770267233253,854.0877448972315,7390.781912842765
14504.52527846396,17.82995947636664,854.4488220401108,7390.781912842765
14505.529862448573,17.82995947636664,854.4488220401108,7391.523367598653
14505.665968580171,17.831518974155188,854.5602645017207,7391.523367598653
14506.911427056417,17.831518974155188,854.5602645017207,7392.16098472476
14507.50108759664,17.833193223923445,854.9932563249022,7392.16098472476
14508.465781133622,17.833193223923445,854.9932563249022,7392.488955732435
14508.767308190465,17.834858303889632,855.2488509528339,7392.488955732435
14510.654825445265,17.834858303889632,855.2488509528339,7393.56381553784
14513.532106440514,17.83990673907101,855.6021508853883,7393.56381553784
14515.463983621448,17.83990673907101,855.6021508853883,7394.635470004752
14515.561639543623,17.841509198769927,855.6869077887386,7394.635470004752
14516.953405477107,17.841509198769927,855.6869077887386,7395.422960009426
14517.038814965636,17.843148348852992,855.7584932949394,7395.422960009426
14518.196859229356,17.843148348852992,855.7584932949394,7396.064121408388
14518.502863736823,17.844833061099052,856.0328619256616,7396.064121408388
14520.18553872779,17.844833061099052,856.0328619256616,7397.214826351032
14523.852780116722,17.850161407142878,856.2278709914535,7397.214826351032
14524.780684424564,17.850161407142878,856.2278709914535,7397.785895243287
14525.135893002152,17.85175067745149,856.5569803398103,7397.785895243287
14526.76876083389,17.85175067745149,856.5569803398103,7398.993094252422
14526.907306157053,17.85349234752357,856.6197743732482,7398.993094252422
14528.765369664878,17.85349234752357,856.6197743732482,7400.1819712203
14529.30677207373,17.855116887018085,857.0463672522455,7400.1819712203
14530.9513988588,17.855116887018085,857.0463672522455,7401.486955013126
14533.771096277982,17.86478328332305,857.1705653164536,7401.486955013126
14535.226586474106,17.86478328332305,857.1705653164536,7402.420718297362
14535.362248256803,17.86645751260221,857.2754400800914,7402.420718297362
14536.880927816033,17.86645751260221,857.2754400800914,7403.51393817924
14537.101047616452,17.86803387105465,857.4484517443925,7403.51393817924
14538.54940674454,17.86803387105465,857.4484517443925,7404.579455554485
14538.843510966748,17.869665699079633,857.6391804497689,7404.579455554485
14540.760910036042,17.869665699079633,857.6391804497689,7405.787128351629
14544.273387845606,17.883809085935354,857.86962204054,7405.787128351629
14546.228224785998,17.883809085935354,857.86962204054,7406.7721711322665
14546.514062505215,17.887707019224763,857.9626868590713,7406.7721711322665
14547.368720309809,17.887707019224763,857.9626868590713,7407.044286523014
14547.445677231997,17.889346066862345,858.0129158142954,7407.044286523014
14549.17244084552,17.889346066862345,858.0129158142954,7408.002340100706
14549.445842789486,17.89087550342083,858.2662154342979,7408.002340100706
14551.089441733435,17.89087550342083,858.2662154342979,7408.92764143087
14554.381556827575,17.895899144932628,858.3339385781437,7408.92764143087
14556.025141313672,17.895899144932628,858.3339385781437,7409.529543135315
14556.313957508653,17.897709488868713,858.4298599269241,7409.529543135315
14557.75330751203,17.897709488868713,858.4298599269241,7410.066276181489
14558.12833946012,17.903539314866066,858.5362988598645,7410.066276181489
14559.487682120875,17.903539314866066,858.5362988598645,7410.594082605094
14559.801442252472,17.905242076143622,858.7595979310572,7410.594082605094
14561.987583791837,17.905242076143622,858.7595979310572,7412.062021758407
14566.770807841793,17.910171078518033,858.8560374081135,7412.062021758407
14567.942649254575,17.910171078518033,858.8560374081135,7412.822017174214
14568.197774169967,17.911821749061346,859.0599787589163,7412.822017174214
14570.143482880667,17.911821749061346,859.0599787589163,7414.192412119359
14570.419240130112,17.913394637405872,859.307643994689,7414.192412119359
14571.5772010535,17.913394637405872,859.307643994689,7414.998412903398
14571.794764420018,17.915017226710916,859.4904297068715,7414.998412903398
14573.903967395425,17.915017226710916,859.4904297068715,7416.089025579393
14577.503674285486,17.92001536861062,859.8450784925371,7416.089025579393
14579.29971541278,17.92001536861062,859.8450784925371,7417.136213060468
14579.86432961747,17.92191452346742,860.3115502856672,7417.136213060468
14580.998016897589,17.92191452346742,860.3115502856672,7417.776500375941
14581.200944917277,17.92384417913854,860.3625888284296,7417.776500375941
14582.74008970894,17.92384417913854,860.3625888284296,7418.576251268387
14583.282404545695,17.925565699115396,860.6200932618231,7418.576251268387
14584.29126012139,17.925565699115396,860.6200932618231,7419.084049247205
14587.848806783557,17.930543910712004,860.7242357488722,7419.084049247205
14589.002702051774,17.930543910712004,860.7242357488722,7419.729375723749
14589.131194453686,17.932190099731088,860.8069337066263,7419.729375723749
14590.444943767041,17.932190099731088,860.8069337066263,7420.607688006014
14590.676134493202,17.94084133952856,860.9868753477931,7420.607688006014
14592.00838906318,17.94084133952856,860.9868753477931,7421.43535720557
14592.133428093046,17.94259111955762,861.0847589448094,7421.43535720557
14594.276828741655,17.94259111955762,861.0847589448094,7423.2348686065525
14597.41665747948,17.952081551775336,861.1714225057513,7423.2348686065525
14598.69598660618,17.952081551775336,861.1714225057513,7424.129919257015
14598.842812901363,17.95515145920217,861.2859405744821,7424.129919257015
14599.908437870443,17.95515145920217,861.2859405744821,7424.7519062478095
14600.285371625796,17.956804871559143,861.6177382133901,7424.7519062478095
14602.20064640604,17.956804871559143,861.6177382133901,7425.943172927946
14602.285895057023,17.958579992875457,861.6821797788143,7425.943172927946
14603.501351829618,17.958579992875457,861.6821797788143,7426.782557273284
14606.158203700557,17.96357810124755,861.9151946380734,7426.782557273284
14607.698071006685,17.96357810124755,861.9151946380734,7427.510622985661
14608.266424121335,17.96523766964674,862.4261065330356,7427.510622985661
14610.403589516878,17.96523766964674,862.4261065330356,7428.964129008353
14610.70556958206,17.966836700215936,862.7057390529662,7428.964129008353
14612.28489593789,17.966836700215936,862.7057390529662,7429.993627319112
14612.42395833321,17.968479730188847,862.8225223142654,7429.993627319112
14613.736372381449,17.968479730188847,862.8225223142654,7430.90977024287
14617.346978373826,17.973440147936344,862.9366325270385,7430.90977024287
14618.732444945723,17.973440147936344,862.9366325270385,7431.621755583212
14619.370857315138,17.975281791761518,863.3362770918757,7431.621755583212
14620.92405931279,17.975281791761518,863.3362770918757,7432.374362967908
14621.452713852748,17.977012833580375,863.4217212200165,7432.374362967908
14622.387892184779,17.977012833580375,863.4217212200165,7432.975657399744
14622.543098825961,17.97877017594874,863.4770546481013,7432.975657399744
14624.005418805405,17.97877017594874,863.4770546481013,7434.001026306301
14627.866056317464,17.98902211524546,863.8929948825389,7434.001026306301
14628.98917882517,17.98902211524546,863.8929948825389,7434.419707398862
14629.216163264588,17.990645475685596,864.0984057188034,7434.419707398862
14630.244751989841,17.990645475685596,864.0984057188034,7435.018711000681
14630.31106262654,17.99220646545291,864.1531614400446,7435.018711000681
14632.036915265024,17.99220646545291,864.1531614400446,7436.085168197751
14632.2069601845,17.993873666971922,864.3129986450076,7436.085168197751
14634.134984999895,17.993873666971922,864.3129986450076,7437.025508966297
14637.350451568142,17.999146131798625,864.4873974919319,7437.025508966297
14638.925545496866,17.999146131798625,864.4873974919319,7437.621024275199
14639.076334545389,18.002550564706326,864.5791826862842,7437.621024275199
14640.542411176488,18.002550564706326,864.5791826862842,7438.534886267036
14640.706964697689,18.004259465262294,864.7231242228299,7438.534886267036
14642.692435968667,18.004259465262294,864.7231242228299,7439.282981837168
14642.962082864717,18.005999887362123,864.7839343715459,7439.282981837168
14644.47453126125,18.005999887362123,864.7839343715459,7440.32518270053
14646.776767309755,18.010949715971947,865.0695222578943,7440.32518270053
14648.198904849589,18.010949715971947,865.0695222578943,7440.866376308724
14648.487914336845,18.012797839939594,865.2073486614972,7440.866376308724
14649.899245671928,18.012797839939594,865.2073486614972,7441.3657031636685
14650.402092318982,18.014554919674993,865.5531651172787,7441.3657031636685
14651.721110008657,18.014554919674993,865.5531651172787,7442.193498797715
14652.269603740424,18.016306972131133,865.9920314569026,7442.193498797715
14654.551972756162,18.016306972131133,865.9920314569026,7443.4589559696615
14664.793166356161,18.045582043007016,866.0874270852655,7443.4589559696615
14666.561982376501,18.045582043007016,866.0874270852655,7444.718920823187
14666.996163673699,18.0472493134439,866.4213358256966,7444.718920823187
14668.808988496661,18.0472493134439,866.4213358256966,7445.794590877369
14668.911191280931,18.04902707785368,866.5129573978484,7445.794590877369
14670.772939324379,18.04902707785368,866.5129573978484,7446.907313918695
14671.355546198785,18.050730768591166,866.9855246637017,7446.907313918695
14672.34118101187,18.050730768591166,866.9855246637017,7447.2687025573105
14674.624454643577,18.05567737109959,867.1068237945437,7447.2687025573105
14675.449993535876,18.05567737109959,867.1068237945437,7447.839353121817
14675.81693571806,18.05731612071395,867.4453444872051,7447.839353121817
14678.277446622029,18.05731612071395,867.4453444872051,7449.595513720065
14678.435433309525,18.058955429121852,867.5890342779458,7449.595513720065
14679.863290674984,18.058955429121852,867.5890342779458,7450.314496750012
14680.046099277213,18.06055752746761,867.6867369282991,7450.314496750012
14681.48148842156,18.06055752746761,867.6867369282991,7451.319471396506
14685.725054426119,18.08013842627406,868.1517295464873,7451.319471396506
14687.356602804735,18.08013842627406,868.1517295464873,7452.153482474387
14687.51988280192,18.081832725554705,868.2797475904226,7452.153482474387
14688.721396589652,18.081832725554705,868.2797475904226,7452.803003884852
14688.992283020169,18.083507576957345,868.5163889657706,7452.803003884852
14690.45827077888,18.083507576957345,868.5163889657706,7453.934875993058
14690.660207010806,18.085109377279878,868.7013306170702,7453.934875993058
14691.953325169161,18.085109377279878,868.7013306170702,7455.023439982906
14693.490009129047,18.089992748573422,868.7581754829735,7455.023439982906
14694.570316657424,18.089992748573422,868.7581754829735,7455.5642949827015
14694.833583017811,18.09158263914287,868.9817084297538,7455.5642949827015
14696.669129185379,18.09158263914287,868.9817084297538,7456.857711605728
14697.04318630509,18.093169007450342,869.3003818802536,7456.857711605728
14699.143514273688,18.093169007450342,869.3003818802536,7458.17072862573
14699.292614651844,18.09487784653902,869.4252329673618,7458.17072862573
14701.149438617751,18.09487784653902,869.4252329673618,7459.569457801059
14703.123675486073,18.09976688399911,869.6468612775207,7459.569457801059
14705.054444471374,18.09976688399911,869.6468612775207,7460.954286403954
14705.386509444565,18.101393604651093,869.9091379810125,7460.954286403954
14707.567191656679,18.101393604651093,869.9091379810125,7462.631302220747
14708.046576129273,18.103077733889222,870.3239566460252,7462.631302220747
14709.365567658097,18.103077733889222,870.3239566460252,7463.556088713929
14709.62237450108,18.104731652885675,870.5611584186554,7463.556088713929
14711.214159894735,18.104731652885675,870.5611584186554,7464.657424733043
14713.227187549695,18.115032507106662,870.6778370477259,7464.657424733043
14715.075569782406,18.115032507106662,870.6778370477259,7466.001260789111
14715.415602453053,18.116646848618984,870.9718216881156,7466.001260789111
14716.899164745584,18.116646848618984,870.9718216881156,7467.066729737446
14717.159125884995,18.11840705946088,871.1938618887216,7467.066729737446
14719.26615079306,18.11840705946088,871.1938618887216,7468.8131478615105
14719.71095941402,18.120249904692173,871.5791778657585,7468.8131478615105
14721.738346081227,18.120249904692173,871.5791778657585,7470.0284281894565
14723.650986537337,18.126031279563904,872.0204311292619,7470.0284281894565
14725.333178360015,18.126031279563904,872.0204311292619,7471.425689999014
14725.70487733744,18.127690467983484,872.3795631602407,7471.425689999014
14727.71701662615,18.127690467983484,872.3795631602407,7472.856048239395
14728.079083070159,18.129262797534466,872.699176736176,7472.856048239395
14730.483038431033,18.129262797534466,872.699176736176,7474.704146066681
14730.753966132179,18.130963636562228,872.8374656662345,7474.704146066681
14732.67137570493,18.130963636562228,872.8374656662345,7476.032356375828
14734.568603288382,18.144687473773956,873.2038162462413,7476.032356375828
14736.264785224572,18.144687473773956,873.2038162462413,7477.276651063934
14736.586028913036,18.146340053528547,873.4954341426492,7477.276651063934
14738.321125851944,18.146340053528547,873.4954341426492,7478.586218552664
14738.614092912525,18.148022312670946,873.756732545793,7478.586218552664
14740.639395114034,18.148022312670946,873.756732545793,7479.896502973512
14740.815221989527,18.164274629205465,873.8982843551785,7479.896502973512
14743.28996774368,18.164274629205465,873.8982843551785,7481.527466552332
14746.749201409519,18.201924964785576,874.272079270333,7481.527466552332
14748.49367470853,18.201924964785576,874.272079270333,7482.394392419606
14749.113730212674,18.203484373167157,874.8197587560862,7482.394392419606
14751.412200596184,18.203484373167157,874.8197587560862,7483.891928244382
14751.818552793935,18.20515575259924,875.2156140841544,7483.891928244382
14754.423574624583,18.20515575259924,875.2156140841544,7485.880512256175
14754.687444604933,18.210981119424105,875.4518909510225,7485.880512256175
14757.370515121147,18.210981119424105,875.4518909510225,7487.4331210348755
14759.798719737679,18.216008953750134,875.9360597785562,7487.4331210348755
14762.308055682108,18.216008953750134,875.9360597785562,7489.386000381783
14762.60197116062,18.217627082020044,876.1955666895956,7489.386000381783
14764.683115668595,18.217627082020044,876.1955666895956,7490.577491197735
14765.196285137907,18.21925463154912,876.6918171774596,7490.577491197735
14768.006719334051,18.21925463154912,876.6918171774596,7492.320593431592
14768.416283810511,18.242927100509405,876.9512125570327,7492.320593431592
14770.767836770043,18.242927100509405,876.9512125570327,7493.829903762788
14773.041842784733,18.26955382525921,877.3567584399134,7493.829903762788
14776.222912659869,18.26955382525921,877.3567584399134,7495.998187361285
14776.547444017604,18.28201417438686,877.5803865790367,7495.998187361285
14779.62599941343,18.28201417438686,877.5803865790367,7498.210447980091
14780.28556771949,18.28367079421878,878.2030260823667,7498.210447980091
14782.462951300666,18.28367079421878,878.2030260823667,7499.495934350416
14782.72761431709,18.28541004471481,878.4162789192051,7499.495934350416
14785.709892109036,18.28541004471481,878.4162789192051,7501.506951279938
14787.94613718614,18.319666486233473,878.933611990884,7501.506951279938
14790.919321199879,18.319666486233473,878.933611990884,7503.548160860315
14791.713096303865,18.321282297372818,879.6495073046535,7503.548160860315
14794.975541880354,18.321282297372818,879.6495073046535,7506.06421158649
14795.707232166082,18.322917917743325,880.215789379552,7506.06421158649
14798.073506720364,18.322917917743325,880.215789379552,7507.246993161738
14798.532398819923,18.324718659743667,880.3943047653884,7507.246993161738
14799.740312054753,18.324718659743667,880.3943047653884,7507.891237417236
14803.979729188606,18.329666532576084,881.1994144972414,7507.891237417236
14806.482305373996,18.329666532576084,881.1994144972414,7509.274590041488
14806.631944131106,18.331327645108104,881.3259940184653,7509.274590041488
14809.759570293128,18.331327645108104,881.3259940184653,7511.604693599045
14810.36896976456,18.332978926599026,881.8083816934377,7511.604693599045
14811.594275867566,18.332978926599026,881.8083816934377,7512.168820045888
14812.076506270096,18.337885135784745,881.9813046064228,7512.168820045888
14815.054248258471,18.337885135784745,881.9813046064228,7513.980143895373
14817.92354757525,18.342742474749684,882.4972169902176,7513.980143895373
14820.235128920525,18.342742474749684,882.4972169902176,7515.929911959916
14820.633352324367,18.344497837126255,882.8484255503863,7515.929911959916
14822.753965167329,18.344497837126255,882.8484255503863,7517.581868227571
14823.171228382736,18.346166597679257,883.2179686892778,7517.581868227571
14825.882430035621,18.346166597679257,883.2179686892778,7519.229960804805
14826.103912577033,18.347833767533302,883.4036386590451,7519.229960804805
14827.805406387895,18.347833767533302,883.4036386590451,7520.191997665912
14832.694345833734,18.353133153170347,883.4708984959871,7520.191997665912
14833.242539180443,18.353133153170347,883.4708984959871,7520.461198758334
14833.43165264465,18.354847064241767,883.539440555498,7520.461198758334
14834.274601241574,18.354847064241767,883.539440555498,7520.859286950901
14834.401236055419,18.3626017421484,883.639574861154,7520.859286950901
14835.295610675588,18.3626017421484,883.639574861154,7521.432893715799
14835.384683804587,18.364167220890522,883.7183919660747,7521.432893715799
14837.03702077642,18.364167220890522,883.7183919660747,7522.815564209595
14840.406482605264,18.39720158278942,884.2337984070182,7522.815564209595
14844.182829659432,18.39720158278942,884.2337984070182,7526.092992886901
14844.482946746051,18.39888669550419,884.5056002046913,7526.092992886901
14847.041408855468,18.39888669550419,884.5056002046913,7527.927381087095
14847.800953861326,18.40057659521699,885.2187685277313,7527.927381087095
14851.11354394257,18.40057659521699,885.2187685277313,7530.034667510539
14851.806452794,18.402246044948697,885.7855986040086,7530.034667510539
14853.984088312835,18.402246044948697,885.7855986040086,7531.379588890821
14857.961292892694,18.407283272594213,885.8410223908722,7531.379588890821
14858.469022380188,18.407283272594213,885.8410223908722,7531.676064474508
14859.016013434157,18.40903590619564,886.2779860068113,7531.676064474508
14860.161494452506,18.40903590619564,886.2779860068113,7532.471069481224
14860.626481184736,18.4108403082937,886.5247403085232,7532.471069481224
14861.583528352901,18.4108403082937,886.5247403085232,7533.02801605314
14862.006327385083,18.41243808530271,886.8826553653926,7533.02801605314
14864.533654844388,18.41243808530271,886.8826553653926,7534.646180555224
14869.84508100897,18.42168533988297,887.0792946685106,7534.646180555224
14873.079898770899,18.42168533988297,887.0792946685106,7537.064310375601
14873.48143742606,18.423489471897483,887.1297492645681,7537.064310375601
14874.547290163115,18.423489471897483,887.1297492645681,7537.436987932771
14874.749031906947,18.425148682668805,887.2971768528223,7537.436987932771
14875.736728921533,18.425148682668805,887.2971768528223,7537.960385818034
14876.154117280617,18.42673476226628,887.6451818849891,7537.960385818034
14877.844847109169,18.42673476226628,887.6451818849891,7538.903774896637
14880.856899349019,18.447925763204694,888.0521839596331,7538.903774896637
14883.290012609214,18.447925763204694,888.0521839596331,7540.248838664964
14883.991650586948,18.44951787032187,888.6590010542423,7540.248838664964
14886.738397477195,18.44951787032187,888.6590010542423,7542.168724006042
14887.398767706007,18.451095378026366,889.22471319139,7542.168724006042
14889.282351957634,18.451095378026366,889.22471319139,7543.4484769925475
14889.528000634164,18.452693067491055,889.4342062976211,7543.4484769925475
14891.441724527627,18.452693067491055,889.4342062976211,7544.691887773573
14896.295177115127,18.481823263689876,889.8023413959891,7544.691887773573
14898.988865666091,18.481823263689876,889.8023413959891,7546.467255787924
14899.511707784608,18.483535466715693,890.2118066996336,7546.467255787924
14901.836931126192,18.483535466715693,890.2118066996336,7548.074957378209
14902.270355088636,18.485176865011454,890.5844740793109,7548.074957378209
14903.976956460625,18.485176865011454,890.5844740793109,7549.2936357297
14904.19743334502,18.486760333180428,890.7832981348038,7549.2936357297
14905.260324925184,18.486760333180428,890.7832981348038,7549.59716809541
14908.564422221854,18.49178046360612,891.4151202458888,7549.59716809541
14909.94481216371,18.49178046360612,891.4151202458888,7550.607095548883
14910.614905443043,18.493349270895123,892.0189385861158,7550.607095548883
14912.40367984958,18.493349270895123,892.0189385861158,7551.540889030322
14912.714076401666,18.494994331151247,892.3192447964102,7551.540889030322
14913.725731972605,18.494994331151247,892.3192447964102,7552.131611153483
14914.143174801022,18.49665367230773,892.6383896954358,7552.131611153483
14916.177385082468,18.49665367230773,892.6383896954358,7553.622575318441
14920.561398021877,18.512771332636476,892.8405303321779,7553.622575318441
14922.673759145662,18.512771332636476,892.8405303321779,7554.662068616599
14923.398357929662,18.514494894072413,893.4723598249257,7554.662068616599
14924.546326156706,18.514494894072413,893.4723598249257,7555.368471212685
14925.034902837127,18.516314385458827,893.7874614335597,7555.368471212685
14926.498261699453,18.516314385458827,893.7874614335597,7555.978587185964
14926.667128317058,18.518054597079754,893.9339425992221,7555.978587185964
14928.521454526111,18.518054597079754,893.9339425992221,7557.359081629664
14934.451968928799,18.52346219867468,894.0676513332874,7557.359081629664
14936.068395581096,18.52346219867468,894.0676513332874,7558.449187355116
14936.42343330197,18.525029748678207,894.3868996761739,7558.449187355116
14937.672288021073,18.525029748678207,894.3868996761739,7559.399912750348
14937.96741518192,18.543954776600003,894.6387051381171,7559.399912750348
14939.432107256725,18.543954776600003,894.6387051381171,7559.855916546658
14939.53309087269,18.554769411683083,894.6875362582505,7559.855916546658
14940.387716561556,18.554769411683083,894.6875362582505,7560.454368907958
14946.214147703722,18.58352810703218,894.8896030467004,7560.454368907958
14948.497677249834,18.58352810703218,894.8896030467004,7561.434361437336
14948.681741563603,18.585181526839733,895.052349133417,7561.434361437336
14950.375938534737,18.585181526839733,895.052349133417,7562.442601973191
14950.787194577977,18.588059928268194,895.4352306835353,7562.442601973191
14952.355366153643,18.588059928268194,895.4352306835353,7563.387983880937
14952.570964265615,18.589773951098323,895.6292064841837,7563.387983880937
14953.947622314095,18.589773951098323,895.6292064841837,7563.689300023019
14958.3005764205,18.594810843467712,895.9882988985628,7563.689300023019
14960.455052705482,18.594810843467712,895.9882988985628,7564.7291537337005
14960.774735601619,18.596457501873374,896.0553753767163,7564.7291537337005
14962.722136870027,18.596457501873374,896.0553753767163,7565.4746933262795
14962.94337923266,18.59808947890997,896.257764512673,7565.4746933262795
14964.982295662165,18.59808947890997,896.257764512673,7566.089736048132
14965.250342598185,18.59973242878914,896.5043556708843,7566.089736048132
14967.371733453125,18.59973242878914,896.5043556708843,7567.849598392844
14970.73334194161,18.604868417605758,896.6461304221302,7567.849598392844
14971.58896597661,18.604868417605758,896.6461304221302,7568.28907176666
14971.735257241875,18.606499886140227,896.7822888735682,7568.28907176666
14973.974517034367,18.606499886140227,896.7822888735682,7569.765724748373
14974.698303179815,18.608212746679783,897.40116208978,7569.765724748373
14976.881121208891,18.608212746679783,897.40116208978,7571.415765983984
14977.173194119707,18.61236172914505,897.6800272520632,7571.415765983984
14979.799984578043,18.61236172914505,897.6800272520632,7573.054959192872
14983.78485351801,18.63042582385242,898.30163442716,7573.054959192872
14986.660355100408,18.63042582385242,898.30163442716,7574.789244540036
14986.904226023704,18.63203265145421,898.4752617944032,7574.789244540036
14987.902897873893,18.63203265145421,898.4752617944032,7575.2198357358575
14988.091223075986,18.633673138916492,898.6496962662786,7575.2198357358575
14988.748107587919,18.633673138916492,898.6496962662786,7575.545963399112
14988.977982750162,18.635230539366603,898.8517475388944,7575.545963399112
14990.8806044925,18.635230539366603,898.8517475388944,7576.501449659467
14994.009968066588,18.660383380949497,899.0818556025624,7576.501449659467
14996.389038648456,18.660383380949497,899.0818556025624,7578.070761950687
14996.586089877412,18.662002600729465,899.263652427122,7578.070761950687
14998.181874589995,18.662002600729465,899.263652427122,7579.332146257162
14998.629903040826,18.66380063444376,899.5080544576049,7579.332146257162
15000.095752421767,18.66380063444376,899.5080544576049,7580.2733040340245
15000.167825940996,18.665393562987447,899.5640962570906,7580.2733040340245
15002.208101212978,18.665393562987447,899.5640962570906,7581.239627938718
15007.58534120582,18.698838954791427,900.1058138590306,7581.239627938718
15009.249435532838,18.698838954791427,900.1058138590306,7582.220957621932
15009.850745040923,18.70076496526599,900.2843795605004,7582.220957621932
15011.206709548831,18.70076496526599,900.2843795605004,7582.886688370258
15011.335036780685,18.70242291688919,900.3390132840723,7582.886688370258
15012.429165959358,18.70242291688919,900.3390132840723,7583.35294948332
15013.104740925133,18.704058665782213,900.937656302005,7583.35294948332
15016.833713881671,18.704058665782213,900.937656302005,7586.351714428514
15019.574531462044,18.76862641237676,901.0896256808192,7586.351714428514
15022.297179648653,18.76862641237676,901.0896256808192,7588.19099349156
15022.62057143636,18.770477825775743,901.2267464715987,7588.19099349156
15024.05530956015,18.770477825775743,901.2267464715987,7588.979805421084
15024.154843084514,18.77210762538016,901.3027554582804,7588.979805421084
15025.773239448667,18.77210762538016,901.3027554582804,7589.942204931751
15026.058887986466,18.773777155205607,901.4613826777786,7589.942204931751
15027.562766708434,18.773777155205607,901.4613826777786,7590.982379574329
15031.04157625325,18.778818286955357,902.3900185786188,7590.982379574329
15033.225291864946,18.778818286955357,902.3900185786188,7592.681966686621
15033.942797249183,18.78046403452754,903.0477355960757,7592.681966686621
15035.87354657054,18.78046403452754,903.0477355960757,7593.8587451744825
15036.56821766682,18.782186664640903,903.6703162994236,7593.8587451744825
15039.9417315647,18.782186664640903,903.6703162994236,7596.502280190587
15040.395821603015,18.783835124224424,904.0655299462378,7596.502280190587
15042.784321533516,18.783835124224424,904.0655299462378,7598.028150595725
15045.081090841442,18.7888744212687,904.5484590064734,7598.028150595725
15048.167414918542,18.7888744212687,904.5484590064734,7600.008784234524
15048.77313809283,18.79095803014934,905.1132469214499,7600.008784234524
15052.285547541454,18.79095803014934,905.1132469214499,7602.731552138925
15052.733714023605,18.79254406131804,905.5478361099958,7602.731552138925
15055.771641464904,18.79254406131804,905.5478361099958,7604.89999147132
15056.250383250415,18.79434192366898,905.9533556327224,7604.89999147132
15058.984241662547,18.79434192366898,905.9533556327224,7606.954655664042
15061.651266872883,18.799238653853536,906.5621581543237,7606.954655664042
15064.646738909185,18.799238653853536,906.5621581543237,7608.991355933249
15065.314447622746,18.800888754427433,907.2013711035252,7608.991355933249
15068.797807674855,18.800888754427433,907.2013711035252,7611.273665716872
15069.183411141858,18.80256342701614,907.5535530876368,7611.273665716872
15071.505582336336,18.80256342701614,907.5535530876368,7613.055634126067
15071.933132393286,18.804202577099204,907.9476835485548,7613.055634126067
15075.594548612833,18.804202577099204,907.9476835485548,7616.070538073778
15079.530790150166,18.81127631664276,908.0055665522814,7616.070538073778
15081.521773464978,18.81127631664276,908.0055665522814,7617.243564160541
15081.682305714116,18.813120380043983,908.0985155981034,7617.243564160541
15083.939604947343,18.813120380043983,908.0985155981034,7618.82732000947
15084.02422900498,18.814867544919252,908.1483630985022,7618.82732000947
15085.955338982865,18.814867544919252,908.1483630985022,7620.250659134239
15086.246161473915,18.81651423498988,908.4062566012144,7620.250659134239
15087.60360256955,18.81651423498988,908.4062566012144,7621.402153916657
15090.125755116343,18.821545641869307,908.5103703085333,7621.402153916657
15091.463188584894,18.821545641869307,908.5103703085333,7622.21285039559
15091.671726280823,18.82339646667242,908.5838054735214,7622.21285039559
15094.045530613512,18.82339646667242,908.5838054735214,7624.123043622822
15094.164963789284,18.825081633403897,908.6887507773936,7624.123043622822
15095.231317365542,18.825081633403897,908.6887507773936,7624.707985350862
15095.79104631953,18.826737573370337,909.2324531413615,7624.707985350862
15097.827184431255,18.826737573370337,909.2324531413615,7626.149759365246
15100.780376728624,18.831736089661717,909.5319751370698,7626.149759365246
15103.444120083004,18.831736089661717,909.5319751370698,7628.15842619352
15103.802713565528,18.833378046751022,909.8752750232816,7628.15842619352
15105.380086451769,18.833378046751022,909.8752750232816,7629.156337887049
15105.604439681396,18.83513422496617,910.0823821425438,7629.156337887049
15107.688802441582,18.83513422496617,910.0823821425438,7630.29379873164
15107.921202404425,18.836826456710696,910.2919532451779,7630.29379873164
15108.989286597818,18.836826456710696,910.2919532451779,7630.899742241949
15112.367953976616,18.868371469900012,910.7087349724025,7630.899742241949
15114.642652617767,18.868371469900012,910.7087349724025,7632.829442644492
15115.052559597418,18.869978399947286,911.0704801231623,7632.829442644492
15116.713776171207,18.869978399947286,911.0704801231623,7633.639756113291
15117.336877154186,18.871748661622405,911.5830170996487,7633.639756113291
15119.657992441207,18.871748661622405,911.5830170996487,7634.832122353837
15120.29756835103,18.87347025051713,912.1782495081425,7634.832122353837
15121.901381140575,18.87347025051713,912.1782495081425,7636.000873027369
15125.337374877185,18.878547290340066,912.7276949733496,7636.000873027369
15126.954190135002,18.878547290340066,912.7276949733496,7637.1082004234195
15127.490903357044,18.909636981785297,913.2199263628572,7637.1082004234195
15129.526167143136,18.909636981785297,913.2199263628572,7638.193692754954
15129.934877032414,18.911477664485574,913.3214523941278,7638.193692754954
15130.66031098552,18.911477664485574,913.3214523941278,7638.645871100947
15130.76101426594,18.913189586251974,913.3968394156545,7638.645871100947
15131.379565184936,18.913189586251974,913.3968394156545,7639.0139759890735
15135.526330588385,18.93779132887721,913.4886547923088,7639.0139759890735
15136.427097277716,18.93779132887721,913.4886547923088,7639.558139326051
15136.883598580956,18.939373979344964,913.9082564022392,7639.558139326051
15138.69694058597,18.939373979344964,913.9082564022392,7640.488160893321
15139.055196275935,18.94102014787495,914.079584216699,7640.488160893321
15140.190190555528,18.94102014787495,914.079584216699,7641.165649058297
15140.391715055332,18.942678827792406,914.2367419358343,7641.165649058297
15142.181533113122,18.942678827792406,914.2367419358343,7641.932606741786
15145.521723968908,18.947586733847857,914.6481748484075,7641.932606741786
15147.894198438153,18.947586733847857,914.6481748484075,7643.253035474569
15148.26209493354,18.95082019455731,914.9712527245283,7643.253035474569
15151.059091091156,18.95082019455731,914.9712527245283,7644.885602487251
15151.828381888568,18.952459475025535,915.3616149760783,7644.885602487251
15153.086395377293,18.952459475025535,915.3616149760783,7645.59195480682
15153.385618912056,18.954137556254864,915.6284707877785,7645.59195480682
15154.707636974752,18.954137556254864,915.6284707877785,7646.265506004915
15157.358762282878,18.959107967093587,915.8491421360523,7646.265506004915
15160.050330422819,18.959107967093587,915.8491421360523,7647.909941617399
15160.274052714929,18.96071559563279,916.040653174743,7647.909941617399
15161.210716878995,18.96071559563279,916.040653174743,7648.549832500517
15161.564457042143,18.96256586909294,916.3660506755114,7648.549832500517
15164.277795346454,18.96256586909294,916.3660506755114,7650.46283611469
15164.396451542154,18.964155128225684,916.4463400151581,7650.46283611469
15166.988479526713,18.964155128225684,916.4463400151581,7652.345726698637
15171.159538729116,18.977747892960906,917.1361758410931,7652.345726698637
15174.080730939284,18.977747892960906,917.1361758410931,7654.221077408642
15174.746248666197,18.99113840609789,917.6736819241196,7654.221077408642
15177.915508100763,18.99113840609789,917.6736819241196,7656.694573817775
15178.302516395226,19.009677862748504,917.9867058116943,7656.694573817775
15180.750171640888,19.009677862748504,917.9867058116943,7658.527240578085
15181.144770054147,19.01131238974631,918.2899541221559,7658.527240578085
15183.992285208777,19.01131238974631,918.2899541221559,7660.363356713206
15187.996072685346,19.023760152980685,918.9041835237294,7660.363356713206
15190.131601817906,19.023760152980685,918.9041835237294,7662.244756869972
15190.822839010507,19.025338092818856,919.5687430072576,7662.244756869972
15194.629210507497,19.025338092818856,919.5687430072576,7665.12137080729
15194.725813603029,19.026947744190693,919.6514511499554,7665.12137080729
15195.785352084786,19.026947744190693,919.6514511499554,7665.901313666254
15196.157353591174,19.0285359416157,920.0086217448115,7665.901313666254
15198.25340629369,19.0285359416157,920.0086217448115,7667.12897628732
15201.3329303246,19.03350803256035,920.3934339527041,7667.12897628732
15203.093741709366,19.03350803256035,920.3934339527041,7668.207438046113
15203.650097705424,19.035116519778967,920.9125554859638,7668.207438046113
15206.619827836752,19.035116519778967,920.9125554859638,7669.903903316706
15206.987928880379,19.03672358766198,921.2563910931349,7669.903903316706
15209.218834238127,19.03672358766198,921.2563910931349,7671.251349378377
15209.925044804811,19.038393517956138,921.9210839308798,7671.251349378377
15212.054109420627,19.038393517956138,921.9210839308798,7672.930665683001
15215.250586418435,19.050427025184035,922.7007102686912,7672.930665683001
15218.135044557974,19.050427025184035,922.7007102686912,7675.070924865082
15218.758437339216,19.05203729495406,923.2365063875914,7675.070924865082
15221.623407498002,19.05203729495406,923.2365063875914,7677.062541089952
15221.983294604346,19.053680203855038,923.5612031109631,7677.062541089952
15225.256735380739,19.053680203855038,923.5612031109631,7679.106715494767
15225.859736746177,19.055380715057254,924.1253362018615,7679.106715494767
15228.806862805039,19.055380715057254,924.1253362018615,7681.18217522651
15231.687430739403,19.06041962467134,924.8192596752197,7681.18217522651
15234.371975760907,19.06041962467134,924.8192596752197,7683.178696356714
15234.653746290132,19.06202975474298,925.0294326078147,7683.178696356714
15237.029346818104,19.06202975474298,925.0294326078147,7684.8917514216155
15237.487679777667,19.06363412179053,925.4631994254887,7684.8917514216155
15239.183350544423,19.06363412179053,925.4631994254887,7686.255452357233
15239.323010332882,19.065476344898343,925.5690572503954,7686.255452357233
15242.006047841161,19.065476344898343,925.5690572503954,7688.054741021246
15244.750401092693,19.09261553734541,925.8978803381324,7688.054741021246
15247.830317877233,19.09261553734541,925.8978803381324,7690.229502040893
15248.545742537826,19.094211295247078,926.5383655354381,7690.229502040893
15250.466899201274,19.094211295247078,926.5383655354381,7691.513566358015
15251.121709497645,19.095849193632603,927.1328055988997,7691.513566358015
15254.20448214747,19.095849193632603,927.1328055988997,7693.63022428751
15254.61634637788,19.097588615491986,927.5116886552423,7693.63022428751
15257.187114616856,19.097588615491986,927.5116886552423,7695.709262467921
15259.014747971669,19.117655377835035,927.6034509260207,7695.709262467921
15262.089204454795,19.117655377835035,927.6034509260207,7698.269742682576
15262.89578460902,19.119229413568974,928.3286232259125,7698.269742682576
15265.882640508935,19.119229413568974,928.3286232259125,7700.390117557719
15265.94950896129,19.120838461443782,928.3794850762933,7700.390117557719
15268.475313700736,19.120838461443782,928.3794850762933,7702.243256818503
15269.01562840864,19.122429179027677,928.7998331226408,7702.243256818503
15272.347281662747,19.122429179027677,928.7998331226408,7704.568837886676
15275.3596513737,19.12734060548246,929.498057179153,7704.568837886676
15278.436091372743,19.12734060548246,929.498057179153,7707.23953502439
15279.071479531005,19.12900908663869,930.1163708791137,7707.23953502439
15282.474512554705,19.12900908663869,930.1163708791137,7709.975434543565
15283.132580252364,19.13062926568091,930.7093143519014,7709.975434543565
15286.576333627105,19.13062926568091,930.7093143519014,7712.61609445326
15287.069328429177,19.132218094542623,931.0513555724174,7712.61609445326
15290.243376933038,19.132218094542623,931.0513555724174,7714.860594574362
15292.842596847564,19.137192625552416,931.4573519714177,7714.860594574362
15295.860585011542,19.137192625552416,931.4573519714177,7717.067176682875
15296.096666945145,19.138873944059014,931.649596022442,7717.067176682875
15299.422149617225,19.138873944059014,931.649596022442,7719.40007057786
15299.88678197749,19.140718346461654,931.9827734138817,7719.40007057786
15301.759092766792,19.140718346461654,931.9827734138817,7720.67443366535
15302.51378504932,19.150150187313557,932.6405971739441,7720.67443366535
15304.886514689773,19.150150187313557,932.6405971739441,7722.11013684608
15308.651808327064,19.17260802537203,933.0554564744234,7722.11013684608
15310.906120818108,19.17260802537203,933.0554564744234,7722.896464830264
15311.533830499277,19.18932163901627,933.6210172343999,7722.896464830264
15313.328096320853,19.18932163901627,933.6210172343999,7723.684088218957
15313.826502345502,19.19099876843393,934.0699277296662,7723.684088218957
15315.840246329084,19.19099876843393,934.0699277296662,7724.738455066457
15316.471195774153,19.19284781999886,934.6110415272415,7724.738455066457
15318.819916244596,19.19284781999886,934.6110415272415,7726.738995255902
15321.301805889234,19.197822699323297,934.6714796219021,7726.738995255902
15323.834553772584,19.197822699323297,934.6714796219021,7728.486371632665
15324.097233882174,19.199455820024014,934.904488062486,7728.486371632665
15325.509636601433,19.199455820024014,934.904488062486,7728.903126168996
15325.705092800781,19.201107691973448,935.0585492607206,7728.903126168996
15326.50231344439,19.201107691973448,935.0585492607206,7729.138120202348
15326.979270271957,19.202795542776585,935.1837934665382,7729.138120202348
15328.278090396896,19.202795542776585,935.1837934665382,7729.738389581442
15331.664726709947,19.217813093215227,935.4349560048431,7729.738389581442
15333.086800737306,19.217813093215227,935.4349560048431,7730.52312872
15333.612883653492,19.21967095695436,935.7862421572208,7730.52312872
15335.291224274784,19.21967095695436,935.7862421572208,7731.498533042148
15335.765408510342,19.221341487020254,936.2150015309453,7731.498533042148
15337.799337260425,19.221341487020254,936.2150015309453,7732.784364463761
15338.000591145828,19.229759979993105,936.389450179413,7732.784364463761
15340.974507888779,19.229759979993105,936.389450179413,7734.895218346268
15343.786407317966,19.23464141599834,936.7263472285122,7734.895218346268
15345.900504512712,19.23464141599834,936.7263472285122,7736.067515766248
15346.561198337004,19.23655184917152,937.2810091935098,7736.067515766248
15349.434813790023,19.23655184917152,937.2810091935098,7737.949004510418
15349.852321140468,19.238382671028376,937.5430774893612,7737.949004510418
15352.327697321773,19.238382671028376,937.5430774893612,7739.914171770215
15352.500935658813,19.24002005159855,937.6813852023333,7739.914171770215
15353.716602817178,19.24002005159855,937.6813852023333,7740.4190726950765
15357.51393934153,19.24567766301334,938.1348556466401,7740.4190726950765
15358.396348502487,19.24567766301334,938.1348556466401,7740.827682197094
15358.8187491633,19.24733181670308,938.4878633879125,7740.827682197094
15360.707093345001,19.24733181670308,938.4878633879125,7741.741134380922
15361.094891469926,19.24899846687913,938.8396130483598,7741.741134380922
15362.88105562143,19.24899846687913,938.8396130483598,7743.16816246137
15363.344510184601,19.25077497959137,938.9316910840571,7743.16816246137
15365.810207307339,19.25077497959137,938.9316910840571,7744.265494465828
15368.399120001122,19.255892172455788,938.9902905281633,7744.265494465828
15370.808346573263,19.255892172455788,938.9902905281633,7745.963833749294
15371.39129845053,19.257531203329563,939.4760990068316,7745.963833749294
15372.063500037417,19.257531203329563,939.4760990068316,7746.320046633482
15372.730990428478,19.25916351377964,940.0884563177824,7746.320046633482
15375.42145732604,19.25916351377964,940.0884563177824,7747.928342998028
15376.37875155732,19.261018017306924,940.9445087462664,7747.928342998028
15377.623849973083,19.261018017306924,940.9445087462664,7748.5873329062015
15381.229439901188,19.266053438186646,941.6722516231239,7748.5873329062015
15382.385376621038,19.266053438186646,941.6722516231239,7749.118550401181
15382.731229327619,19.269829196855426,941.9696543905884,7749.118550401181
15384.342440105975,19.269829196855426,941.9696543905884,7750.249208793044
15384.703646829352,19.271430986002088,942.298007838428,7750.249208793044
15386.52107216604,19.271430986002088,942.298007838428,7751.571966089308
15386.674608347937,19.273014234378934,942.3559416700155,7751.571966089308
15388.544568054378,19.273014234378934,942.3559416700155,7752.796485543251
15391.594845309854,19.28619620203972,942.8479591850191,7752.796485543251
15393.820533372462,19.28619620203972,942.8479591850191,7754.244406757876
15394.114205732942,19.287823112681508,943.1218483969569,7754.244406757876
15395.61013452895,19.287823112681508,943.1218483969569,7755.385019913316
15396.01437128149,19.289624586701393,943.4214725848287,7755.385019913316
15397.070255033672,19.289624586701393,943.4214725848287,7756.079379122704
15397.565203061327,19.291264668107033,943.8041730821133,7756.079379122704
15399.74188988842,19.291264668107033,943.8041730821133,7757.567640665919
15402.60179920122,19.29620456881821,944.7060915734619,7757.567640665919
15405.497054941952,19.29620456881821,944.7060915734619,7759.276389928535
15406.312179761007,19.297847701236606,945.3384530823678,7759.276389928535
15409.587368281558,19.297847701236606,945.3384530823678,7762.06587167643
15409.789155766368,19.29958870448172,945.5104556772858,7762.06587167643
15412.87163736485,19.29958870448172,945.5104556772858,7764.469869937748
15413.372602753341,19.30344402603805,945.9949018880725,7764.469869937748
15417.145046886057,19.30344402603805,945.9949018880725,7767.632859105244
15420.152646901086,19.308346142992377,946.7774929720908,7767.632859105244
15422.917916044593,19.308346142992377,946.7774929720908,7769.4877063296735
15423.635144112632,19.30990576930344,947.4464929066598,7769.4877063296735
15426.481172513217,19.30990576930344,947.4464929066598,7771.2021000590175
15426.599418934435,19.33075687661767,947.5281228367239,7771.2021000590175
15429.691400023177,19.33075687661767,947.5281228367239,7773.621814811602
15430.363578105345,19.332398610189557,948.1200847756118,7773.621814811602
15433.683428745717,19.332398610189557,948.1200847756118,7776.018086211756
15437.570502599701,19.33832016773522,948.2764980290085,7776.018086211756
15438.519219625741,19.33832016773522,948.2764980290085,7776.742890289053
15439.088405491784,19.339966228231788,948.7454469595104,7776.742890289053
15441.370551256463,19.339966228231788,948.7454469595104,7778.169672131538
15441.483925072476,19.34162841923535,948.8470412511379,7778.169672131538
15443.732227984816,19.34162841923535,948.8470412511379,7779.466464987025
15443.982456948608,19.343284770846367,949.0608575660735,7779.466464987025
15446.30610374175,19.343284770846367,949.0608575660735,7780.997358074412
15449.106738545,19.348247157409787,949.2771922443062,7780.997358074412
15451.022325521335,19.348247157409787,949.2771922443062,7782.293328985572
15451.183911889791,19.349863557145,949.4256781730801,7782.293328985572
15452.698927413672,19.349863557145,949.4256781730801,7783.086228439584
15452.885351641104,19.35151679813862,949.5976390503347,7783.086228439584
15453.864774327725,19.35151679813862,949.5976390503347,7783.555569447577
15454.037522036582,19.35316406749189,949.73615713045,7783.555569447577
15456.237889796495,19.35316406749189,949.73615713045,7784.955315798521
15459.887704370543,19.358145859092474,950.2186896596104,7784.955315798521
15462.463716091588,19.358145859092474,950.2186896596104,7786.90732367523
15462.615568285808,19.35983623750508,950.3354256059974,7786.90732367523
15464.582697726786,19.35983623750508,950.3354256059974,7787.942675314844
15464.664691952989,19.361501017585397,950.40000933595,7787.942675314844
15466.40097092092,19.361501017585397,950.40000933595,7788.912288405001
15466.992374913767,19.363178288564086,950.8674415200949,7788.912288405001
15469.159545373172,19.363178288564086,950.8674415200949,7790.581816192716
15472.507149504498,19.374413304030895,951.6021263189614,7790.581816192716
15475.603561477736,19.374413304030895,951.6021263189614,7792.607156973332
15476.01343097724,19.382728975266218,951.9657069817185,7792.607156973332
15477.851304881275,19.382728975266218,951.9657069817185,7794.005372736603
15478.525989962742,19.384306084364653,952.6105711329728,7794.005372736603
15480.76690626517,19.384306084364653,952.6105711329728,7795.400870120153
15481.241434777156,19.386074716225266,953.0423861928284,7795.400870120153
15482.939368985593,19.386074716225266,953.0423861928284,7796.065157784149
15485.255572313443,19.39150993525982,953.1523064263165,7796.065157784149
15485.943304922432,19.39150993525982,953.1523064263165,7796.494145993143
15486.309258069843,19.39321554452181,953.4787872862071,7796.494145993143
15489.868561359122,19.39321554452181,953.4787872862071,7798.803739510477
15490.682155111805,19.394874254241586,954.2064028698951,7798.803739510477
15494.416478177533,19.394874254241586,954.2064028698951,7801.136871417984
15494.725916439667,19.396542504429817,954.4756176304072,7801.136871417984
15497.840355725959,19.396542504429817,954.4756176304072,7803.5346814394
15501.772450111806,19.401613233610988,954.6525075696409,7803.5346814394
15502.61512583308,19.401613233610988,954.6525075696409,7804.191737264395
15502.967141197994,19.407429350540042,954.8034740369767,7804.191737264395
15504.04476287961,19.407429350540042,954.8034740369767,7804.84545408003
15504.504629779607,19.409140123054385,955.0617594812065,7804.84545408003
15506.89195268415,19.409140123054385,955.0617594812065,7806.144399467856
15507.596524711698,19.410745842382312,955.7249679975212,7806.144399467856
15510.090488201007,19.410745842382312,955.7249679975212,7807.8100877553225
15513.151127999648,19.415561851114035,955.7817602250725,7807.8100877553225
15514.781406007707,19.415561851114035,955.7817602250725,7808.985652346164
15515.544664569199,19.417183021083474,956.4645392466336,7808.985652346164
15517.907631658018,19.417183021083474,956.4645392466336,7810.442768132314
15518.263733085245,19.419071095064282,956.7723998706788,7810.442768132314
15522.308045497164,19.419071095064282,956.7723998706788,7813.35687812604
15522.709117311984,19.42085618712008,957.1109048891813,7813.35687812604
15524.192657480016,19.42085618712008,957.1109048891813,7814.318946616724
15527.395030314103,19.42565461434424,957.875103129074,7814.318946616724
15529.026534305885,19.42565461434424,957.875103129074,7815.418130483478
15529.963519120589,19.427371015772223,958.7568985018879,7815.418130483478
15531.02680898644,19.427371015772223,958.7568985018879,7816.219356555492
15531.86241959408,19.429183200001717,959.5188781656325,7816.219356555492
15535.370298422873,19.429183200001717,959.5188781656325,7818.630525032058
15535.522977313027,19.430739609524608,959.6396603882313,7818.630525032058
15540.25253164582,19.430739609524608,959.6396603882313,7821.721013201401
15543.779524683952,19.490449260920286,960.6565516833216,7821.721013201401
15546.316705729812,19.490449260920286,960.6565516833216,7823.593438068405
15546.845893377438,19.492042480036616,961.1275919675827,7823.593438068405
15550.067571680993,19.492042480036616,961.1275919675827,7825.629601666704
15550.692616201937,19.50481867045164,961.691325603053,7825.629601666704
15553.991034857929,19.50481867045164,961.691325603053,7827.390807487071
15554.89314134419,19.50651193037629,962.3642640411854,7827.390807487071
15556.747796980664,19.50651193037629,962.3642640411854,7828.875938789919
15561.588053453714,19.511380759999156,962.4286618120968,7828.875938789919
15563.642080970109,19.511380759999156,962.4286618120968,7830.044513871893
15564.108359077945,19.51322925463319,962.670157071203,7830.044513871893
15565.678748669103,19.51322925463319,962.670157071203,7830.621482999995
15565.98834745586,19.515565689653158,962.764449192211,7830.621482999995
15567.215381789953,19.515565689653158,962.764449192211,7831.08412197046
15567.383489888161,19.517173629254103,962.915515223518,7831.08412197046
15569.23915692605,19.517173629254103,962.915515223518,7832.49592878297
15572.727938253433,19.52213266864419,963.1008499581367,7832.49592878297
15574.026028918102,19.52213266864419,963.1008499581367,7833.016812374815
15574.167604835704,19.52389129064977,963.2079381514341,7833.016812374815
15575.934598464519,19.52389129064977,963.2079381514341,7833.823746385053
15576.413333781064,19.525742173194885,963.5560051146895,7833.823746385053
15579.500985395163,19.525742173194885,963.5560051146895,7835.9290207363665
15579.82373901084,19.54827624373138,963.8298592828214,7835.9290207363665
15580.493635265157,19.54827624373138,963.8298592828214,7836.386878022924
15584.798916114494,19.56994377821684,964.1325374748558,7836.386878022924
15586.216827543452,19.56994377821684,964.1325374748558,7837.596231028438
15586.612044585869,19.571690060198307,964.5119866672903,7837.596231028438
15590.856652155519,19.571690060198307,964.5119866672903,7840.187571750954
15591.344536719844,19.573383502662182,964.936076303944,7840.187571750954
15594.059644177556,19.573383502662182,964.936076303944,7841.765521675348
15594.752603361383,19.575298119336367,965.5385230071843,7841.765521675348
15597.402141651139,19.575298119336367,965.5385230071843,7843.76519517228
15603.164669742808,19.58037824369967,966.3764198739082,7843.76519517228
15606.544743882492,19.58037824369967,966.3764198739082,7846.336451783776
15607.451003689319,19.581993030384183,967.2260310035199,7846.336451783776
15611.562790861353,19.581993030384183,967.2260310035199,7849.654374856502
15611.98302724585,19.58364836126566,967.5175137650222,7849.654374856502
15616.019944768399,19.58364836126566,967.5175137650222,7852.338159939274
15616.43815602921,19.585309751331806,967.9059204943478,7852.338159939274
15619.37883643061,19.585309751331806,967.9059204943478,7854.679057832807
15622.676722755656,19.590332563966513,968.3578842654824,7854.679057832807
15623.981496186927,19.590332563966513,968.3578842654824,7855.432397305965
15624.570761442184,19.59214129857719,968.8491048421711,7855.432397305965
15628.316528556868,19.59214129857719,968.8491048421711,7857.824070595205
15628.51926580444,19.597450595349073,968.9794439878315,7857.824070595205
15630.103457842022,19.597450595349073,968.9794439878315,7858.515508161858
15630.217618560418,19.59908713400364,969.0695668123662,7858.515508161858
15631.267433216795,19.59908713400364,969.0695668123662,7858.971040129662
15637.167870042846,19.603932144120336,969.7690976187587,7858.971040129662
15638.661591986194,19.603932144120336,969.7690976187587,7859.869926095009
15639.041240144521,19.60554812476039,970.0917834956199,7859.869926095009
15641.195753782988,19.60554812476039,970.0917834956199,7861.527824087068
15641.294376334175,19.607142701745033,970.172551561147,7861.527824087068
15643.857092730701,19.607142701745033,970.172551561147,7863.528967881575
15644.042337764055,19.608843203634024,970.3182188533247,7863.528967881575
15645.397117855027,19.608843203634024,970.3182188533247,7864.485557993874
15648.969553241506,19.615086117759347,970.7592839822173,7864.485557993874
15651.261807281524,19.615086117759347,970.7592839822173,7865.773165397346
15652.117631176487,19.61677094735205,971.4344350546598,7865.773165397346
15654.403314236552,19.61677094735205,971.4344350546598,7867.634270368144
15654.5836130213,19.618466885760427,971.598332921043,7867.634270368144
15656.46425018087,19.618466885760427,971.598332921043,7868.711333120242
15656.88112525642,19.62008274719119,971.9365317802876,7868.711333120242
15660.040825137869,19.62008274719119,971.9365317802876,7871.005572348833
15663.987762497738,19.62683297134936,972.0455635804683,7871.005572348833
15666.77166166529,19.62683297134936,972.0455635804683,7873.073312496766
15666.894534304738,19.62848419137299,972.1496658995748,7873.073312496766
15669.190411014482,19.62848419137299,972.1496658995748,7874.81689715758
15669.584856094792,19.630287665873766,972.3937021866441,7874.81689715758
15672.303480882198,19.630287665873766,972.3937021866441,7876.496590858325
15672.972218994051,19.631856434047222,973.0451603438705,7876.496590858325
15675.989017121494,19.631856434047222,973.0451603438705,7878.948524463922
15679.893512787297,19.63680435344577,973.399355404079,7878.948524463922
15682.223076771945,19.63680435344577,973.399355404079,7880.418583443388
15682.957575025037,19.63859936594963,974.0160338077694,7880.418583443388
15685.78458076343,19.63859936594963,974.0160338077694,7882.223495835438
15686.273373058066,19.640205334872007,974.4582824055105,7882.223495835438
15687.616621544585,19.640205334872007,974.4582824055105,7883.053094847128
15688.073549851775,19.643285090103745,974.903186833486,7883.053094847128
15690.239265652373,19.643285090103745,974.903186833486,7884.16286101751
15694.386802798137,19.660882968455553,975.19821604155,7884.16286101751
15695.670343460515,19.660882968455553,975.19821604155,7884.924852980301
15696.046996820718,19.662547707557678,975.4562048371881,7884.924852980301
15697.710897114128,19.662547707557678,975.4562048371881,7886.156849579886
15698.119571141899,19.664188718423247,975.709871660918,7886.156849579886
15698.90202087909,19.664188718423247,975.709871660918,7886.474798124284
15699.047178965062,19.665875248610973,975.7591020949185,7886.474798124284
15699.920047713444,19.665875248610973,975.7591020949185,7886.864045521244
15704.429287139326,19.734024547040462,976.114076288417,7886.864045521244
15706.578469423577,19.734024547040462,976.114076288417,7887.990817232057
15706.723579170182,19.73560679703951,976.226916057989,7887.990817232057
15708.29163781181,19.73560679703951,976.226916057989,7889.090327667072
15708.799816478044,19.74038140103221,976.6824214290828,7889.090327667072
15710.981487782672,19.74038140103221,976.6824214290828,7890.340066179633
15711.617018124089,19.742211002856493,977.2311337329447,7890.340066179633
15714.036000808701,19.742211002856493,977.2311337329447,7892.117101827636
15717.661162685603,19.747251506894827,977.6306007057428,7892.117101827636
15719.201717901975,19.747251506894827,977.6306007057428,7892.649735879153
15719.403067527339,19.74896228685975,977.8108466397971,7892.649735879153
15721.686150476336,19.74896228685975,977.8108466397971,7893.912048580125
15721.919782029465,19.759957525879145,977.9985821675509,7893.912048580125
15724.92565325275,19.759957525879145,977.9985821675509,7894.967965055257
15725.248072169721,19.761767148971558,978.110743213445,7894.967965055257
15727.482165977359,19.761767148971558,978.110743213445,7896.129838626832
15732.279994277284,19.76711412332952,979.0357485804707,7896.129838626832
15734.874748289585,19.76711412332952,979.0357485804707,7897.494331236929
15735.109209027141,19.768915325403214,979.1351577974856,7897.494331236929
15736.386631244794,19.768915325403214,979.1351577974856,7898.205403119326
15736.637762697414,19.77048465423286,979.336455013603,7898.205403119326
15739.913452135399,19.77048465423286,979.336455013603,7900.668827904388
15740.220794487745,19.77289393544197,979.5182951167226,7900.668827904388
15741.870546016842,19.77289393544197,979.5182951167226,7901.7973400987685
15745.696883177385,19.780034884810448,979.831394745037,7901.7973400987685
15746.773274637759,19.780034884810448,979.831394745037,7902.542012192309
15746.907291349024,19.781606420874596,979.9386693518609,7902.542012192309
15748.270328784361,19.781606420874596,979.9386693518609,7903.016742384061
15748.518358528614,19.783283000811934,980.0580403394997,7903.016742384061
15751.802434694022,19.783283000811934,980.0580403394997,7905.2134064193815
15752.413225736469,19.78505775332451,980.5718814413995,7905.2134064193815
15753.623388245702,19.78505775332451,980.5718814413995,7905.866448478773
15757.501444369555,19.790150998160243,980.6559850685298,7905.866448478773
15759.255752962083,19.790150998160243,980.6559850685298,7906.994557509199
15759.307316288352,19.791605645790696,980.688661403954,7906.994557509199
15760.466526353732,19.791605645790696,980.688661403954,7907.825931917876
15760.901477232575,19.793152660131454,981.0893989410251,7907.825931917876
15763.069205192849,19.793152660131454,981.0893989410251,7909.137857295573
15763.623572960496,19.795002162456512,981.4347710125148,7909.137857295573
15765.310832986608,19.795002162456512,981.4347710125148,7910.295842496678
15770.640079284087,19.799995340406895,981.8276126179844,7910.295842496678
15771.987919066101,19.799995340406895,981.8276126179844,7911.36130807735
15772.285663513467,19.801752692088485,981.9317951779813,7911.36130807735
15773.977917861193,19.801752692088485,981.9317951779813,7912.1874695234
15774.095609217882,19.808084586635232,982.0183647815138,7912.1874695234
15775.320349562913,19.808084586635232,982.0183647815138,7912.830958031118
15775.668675228953,19.809709327295423,982.3456596974283,7912.830958031118
15777.669152745977,19.809709327295423,982.3456596974283,7914.478365745395
15780.802142465487,19.86168833449483,982.4237400852144,7914.478365745395
15782.825500257313,19.86168833449483,982.4237400852144,7916.058930685744
15783.070131549612,19.863260624930263,982.6212435010821,7916.058930685744
15784.946109905839,19.863260624930263,982.6212435010821,7916.704589003697
15785.836094921455,19.865091539919376,983.3261803518981,7916.704589003697
15787.474586125463,19.865091539919376,983.3261803518981,7917.988761859015
15788.271351268515,19.866756949573755,984.0101169124246,7917.988761859015
15791.329830864444,19.866756949573755,984.0101169124246,7920.584237014875
15795.278583154082,19.905928192660213,984.3292830083519,7920.584237014875
15796.691414948553,19.905928192660213,984.3292830083519,7921.173669843003
15797.318244135007,19.907822297886014,984.8685865867883,7921.173669843003
15799.442894341424,19.907822297886014,984.8685865867883,7922.893006104976
15799.805445358157,19.90973949432373,985.0979805532843,7922.893006104976
15801.047340108082,19.90973949432373,985.0979805532843,7923.770800638944
15801.626479078084,19.911394434049726,985.5806155707687,7923.770800638944
15803.630250837654,19.911394434049726,985.5806155707687,7924.768539845943
15807.890182802454,19.93840754404664,985.7858221773058,7924.768539845943
15809.912454271689,19.93840754404664,985.7858221773058,7926.205794133246
15810.163368189707,19.94012471474707,985.9812741465867,7926.205794133246
15812.31470343098,19.94012471474707,985.9812741465867,7927.618199203163
15812.947953226045,19.941785326227546,986.552947293967,7927.618199203163
15815.302139842883,19.941785326227546,986.552947293967,7929.208607245237
15815.74476304464,19.943404186517,986.9856567848474,7929.208607245237
15817.50950243324,19.943404186517,986.9856567848474,7930.222876241431
15820.724368516356,19.948178799822927,987.2537333648652,7930.222876241431
15822.646179581061,19.948178799822927,987.2537333648652,7931.541950736195
15822.989165633917,19.949783727526665,987.5701060537249,7931.541950736195
15825.61606306769,19.949783727526665,987.5701060537249,7933.296180615202
15825.79984567687,19.952363073825836,987.7057507373393,7933.296180615202
15827.448022101074,19.952363073825836,987.7057507373393,7934.35385350883
15827.646404152736,19.954054294154048,987.8845692761242,7934.35385350883
15829.020074840635,19.954054294154048,987.8845692761242,7935.0481093637645
15834.50493456982,19.959137842059135,988.3490350041538,7935.0481093637645
15838.530039608479,19.959137842059135,988.3490350041538,7937.781054146588
15839.300012396649,19.960757540538907,989.0064144656062,7937.781054146588
15841.615428937599,19.960757540538907,989.0064144656062,7938.727537883446
15842.037031076849,19.962448690086603,989.4179203305393,7938.727537883446
15843.420446071774,19.962448690086603,989.4179203305393,7939.5176614988595
15844.55472189933,19.964120101183653,990.2563468553126,7939.5176614988595
15846.216883139685,19.964120101183653,990.2563468553126,7940.690135901794
15849.8022114411,19.96908324211836,990.8586365692317,7940.690135901794
15852.54719109647,19.96908324211836,990.8586365692317,7942.721327885985
15852.74050261639,19.970659501850605,991.0000781789422,7942.721327885985
15855.128007596359,19.970659501850605,991.0000781789422,7944.202235912904
15856.074547246099,19.97230488061905,991.8943642284721,7944.202235912904
15857.134302413091,19.97230488061905,991.8943642284721,7944.7697716243565
15857.244594065472,19.98833990097046,991.964298998937,7944.7697716243565
15859.984233405441,19.98833990097046,991.964298998937,7947.209892399609
15863.368575297296,19.9933719933033,993.0140693150461,7947.209892399609
15864.260188268498,19.9933719933033,993.0140693150461,7947.726766342297
15864.731511283666,19.99500024318695,993.4613398518413,7947.726766342297
15867.126886609942,19.99500024318695,993.4613398518413,7949.30460011214
15868.225274387747,19.996612813323736,994.4210549723357,7949.30460011214
15869.347666731104,19.996612813323736,994.4210549723357,7950.196521360427
15870.155552690849,19.998267743736506,995.1547922026366,7950.196521360427
15873.338279893622,19.998267743736506,995.1547922026366,7952.343260908499
15876.803517328575,20.0036977250129,996.0560626387596,7952.343260908499
15881.145346757025,20.0036977250129,996.0560626387596,7955.54134031944
15881.96439688839,20.005399195477366,996.7146214377135,7955.54134031944
15884.344487419352,20.005399195477366,996.7146214377135,7957.021444376558
15884.786411808804,20.00706535577774,997.1109079997987,7957.021444376558
15888.029345229268,20.00706535577774,997.1109079997987,7959.648732649162
15888.551638120785,20.008688125759363,997.6093029677868,7959.648732649162
15891.486552525312,20.008688125759363,997.6093029677868,7961.60798584111
15894.162106094882,20.013571133837104,997.9013779964298,7961.60798584111
15897.916558390483,20.013571133837104,997.9013779964298,7963.707872027531
15898.327318176627,20.01539740525186,998.1879249848425,7963.707872027531
15900.3906840235,20.01539740525186,998.1879249848425,7965.00282994844
15900.689259128645,20.016992645338178,998.4599248263985,7965.00282994844
15904.976729413494,20.016992645338178,998.4599248263985,7967.797451304272
15905.338610561565,20.042795054614544,998.755075018853,7967.797451304272
15909.078208370134,20.042795054614544,998.755075018853,7970.262284988537
15911.113591529429,20.04771558381617,998.9877606462687,7970.262284988537
15914.139482989907,20.04771558381617,998.9877606462687,7972.590513410047
15914.680079884827,20.050719808787107,999.4811683818698,7972.590513410047
15917.343507450074,20.050719808787107,999.4811683818698,7974.183744803071
15917.945284245536,20.052308479323983,999.9258571602404,7974.183744803071
15921.278811048716,20.052308479323983,999.9258571602404,7976.848879339173
15922.218409424648,20.053976191207767,1000.7524107005447,7976.848879339173
15926.74903960526,20.053976191207767,1000.7524107005447,7980.379033474252
15930.359212826937,20.05898684076965,1001.1472894363105,7980.379033474252
15934.140103712678,20.05898684076965,1001.1472894363105,7983.177690718323
15934.404281632975,20.060629507526755,1001.390228100121,7983.177690718323
15937.962694369256,20.060629507526755,1001.390228100121,7985.770672086626
15938.773688117042,20.06718328408897,1002.1012543216348,7985.770672086626
15940.992491872981,20.06718328408897,1002.1012543216348,7987.076478678733
15941.298238432035,20.06891712732613,1002.3642590008676,7987.076478678733
15942.69466275163,20.06891712732613,1002.3642590008676,7987.6579145640135
15949.043662864715,20.07447818107903,1002.5720244273543,7987.6579145640135
15951.139070391655,20.07447818107903,1002.5720244273543,7989.186672171578
15951.427728408948,20.076014747843146,1002.8022991605103,7989.186672171578
15953.19976583682,20.076014747843146,1002.8022991605103,7990.189712030813
15953.731236124411,20.07775224931538,1003.3035042919219,7990.189712030813
15956.119328521192,20.07775224931538,1003.3035042919219,7991.670262949541
15956.71409621276,20.079428819939494,1003.775403259322,7991.670262949541
15957.914949649945,20.079428819939494,1003.775403259322,7992.318457962945
15962.059345478192,20.109437676146626,1003.871022388339,7992.318457962945
15966.002535611391,20.109437676146626,1003.871022388339,7994.945304311812
15966.720102394,20.11116918735206,1004.4858958646655,7994.945304311812
15969.701383152977,20.11116918735206,1004.4858958646655,7996.640425143763
15970.37559630908,20.11283957771957,1005.1247534379363,7996.640425143763
15973.336333585903,20.11283957771957,1005.1247534379363,7999.085378656164
15973.699762381613,20.114579286426306,1005.4382696151733,7999.085378656164
15977.613993041217,20.114579286426306,1005.4382696151733,8001.707167601213
15981.673849618062,20.136305073276162,1006.460207650438,8001.707167601213
15985.101655356586,20.136305073276162,1006.460207650438,8004.6306963041425
15985.661188326776,20.137937182560563,1006.9999227616936,8004.6306963041425
15987.92725628987,20.137937182560563,1006.9999227616936,8005.81315888837
15988.451638441533,20.139590175822377,1007.4779785312712,8005.81315888837
15990.930878397077,20.139590175822377,1007.4779785312712,8007.44921589829
15991.469815433025,20.141201846301556,1007.9854643046856,8007.44921589829
15994.297389285639,20.141201846301556,1007.9854643046856,8009.606456542388
15997.057818222791,20.202258728444576,1008.6146551724523,8009.606456542388
15999.74805072695,20.202258728444576,1008.6146551724523,8011.196192972362
16000.150567885488,20.203910881653428,1008.9884610399604,8011.196192972362
16002.48275727965,20.203910881653428,1008.9884610399604,8012.6388332769275
16002.719074254856,20.205525932833552,1009.2022371441126,8012.6388332769275
16003.73891172558,20.205525932833552,1009.2022371441126,8013.160173173994
16004.111252993345,20.20719207264483,1009.4199847429991,8013.160173173994
16005.6335208565,20.20719207264483,1009.4199847429991,8013.744776468724
16008.60969972983,20.228060331195593,1009.7008672785014,8013.744776468724
16011.127722334117,20.228060331195593,1009.7008672785014,8015.663232484832
16011.37741218321,20.22973459213972,1009.9140418339521,8015.663232484832
16013.617438005283,20.22973459213972,1009.9140418339521,8017.3255076520145
16014.014105824754,20.231352230533957,1010.2615197002888,8017.3255076520145
16016.965284734964,20.231352230533957,1010.2615197002888,8019.489117944613
16017.268633609638,20.23296277038753,1010.5457107778639,8019.489117944613
16018.588712729514,20.23296277038753,1010.5457107778639,8020.281019760296
16021.351195570081,20.237937400117517,1011.025249492377,8020.281019760296
16022.709279637784,20.237937400117517,1011.025249492377,8021.277154577896
16023.006645742804,20.239891985431314,1011.3007513191551,8021.277154577896
16025.368035372347,20.239891985431314,1011.3007513191551,8022.535893989727
16025.654144465923,20.24166633747518,1011.5249712653458,8022.535893989727
16027.206849681213,20.24166633747518,1011.5249712653458,8023.770402951166
16027.85253035836,20.24352525919676,1011.898181417957,8023.770402951166
16029.381859032437,20.24352525919676,1011.898181417957,8024.771680826321
16031.507342873141,20.250664869323373,1012.3790259193629,8024.771680826321
16032.680592123419,20.250664869323373,1012.3790259193629,8025.2723130676895
16033.13958680816,20.252367679029703,1012.7699492461979,8025.2723130676895
16035.097660304978,20.252367679029703,1012.7699492461979,8026.695046123117
16035.381306232885,20.26182847842574,1013.0293850507587,8026.695046123117
16036.943086475134,20.26182847842574,1013.0293850507587,8027.21144753322
16037.088382916525,20.26345738954842,1013.152181442827,8027.21144753322
16038.189841872081,20.26345738954842,1013.152181442827,8027.953164726496
16040.81397482939,20.268395960330963,1013.5840522479266,8027.953164726496
16043.760479098186,20.268395960330963,1013.5840522479266,8030.325684569776
16044.093636453152,20.271671460941434,1013.8874299712479,8030.325684569776
16046.501457640901,20.271671460941434,1013.8874299712479,8032.1939199958
16046.89485197328,20.273427912965417,1014.2312148436904,8032.1939199958
16049.161395221949,20.273427912965417,1014.2312148436904,8033.633340515196
16049.619214342907,20.275115253403783,1014.6621202062815,8033.633340515196
16052.422552529722,20.275115253403783,1014.6621202062815,8035.884168274701
16054.41111305356,20.280137525871396,1014.7460331916809,8035.884168274701
16057.590380065143,20.280137525871396,1014.7460331916809,8038.254073951393
16057.938604157418,20.28176066465676,1015.0407692417502,8038.254073951393
16061.321253988892,20.28176066465676,1015.0407692417502,8040.868452602997
16061.797406625003,20.28356822580099,1015.443544914946,8040.868452602997
16064.91118821688,20.28356822580099,1015.443544914946,8043.188418194652
16065.313069274649,20.28520306572318,1015.8092821873724,8043.188418194652
16068.420855028555,20.28520306572318,1015.8092821873724,8045.362441802397
16071.187887528911,20.290160432457924,1016.1005105432123,8045.362441802397
16072.924946853891,20.290160432457924,1016.1005105432123,8046.192565293983
16073.594039967284,20.291732482612133,1016.5625616237521,8046.192565293983
16075.860965225846,20.291732482612133,1016.5625616237521,8047.783714752644
16075.987621188164,20.293329460546374,1016.6562438160181,8047.783714752644
16078.222865756601,20.293329460546374,1016.6562438160181,8049.099223712459
16078.872153593227,20.29497653990984,1017.2256059702486,8049.099223712459
16080.796273017302,20.29497653990984,1017.2256059702486,8050.231630720198
16083.540324453264,20.300483740866184,1017.5666712019593,8050.231630720198
16085.63389508985,20.300483740866184,1017.5666712019593,8051.386424986646
16085.93361084722,20.302087880671024,1017.8335268665105,8051.386424986646
16088.272989233956,20.302087880671024,1017.8335268665105,8053.263576267287
16088.433130724356,20.303750751540065,1017.8950916845351,8053.263576267287
16090.540296679363,20.303750751540065,1017.8950916845351,8054.914118787274
16090.853766249493,20.305386951193213,1018.1723576840013,8054.914118787274
16092.728552406654,20.305386951193213,1018.1723576840013,8056.078738573939
16095.04372084327,20.311556359753013,1018.3025581985712,8056.078738573939
16097.125665159896,20.311556359753013,1018.3025581985712,8057.14073805511
16097.610297281295,20.31316533870995,1018.7726772148162,8057.14073805511
16100.037905734032,20.31316533870995,1018.7726772148162,8058.831013109535
16100.323025105521,20.314743377268314,1019.0483660753816,8058.831013109535
16103.219167016447,20.314743377268314,1019.0483660753816,8060.648002130911
16103.81150260754,20.316524747759104,1019.5826641991735,8060.648002130911
16106.22083089687,20.316524747759104,1019.5826641991735,8061.911965312436
16108.650310473517,20.342604991048574,1020.1857653837651,8061.911965312436
16111.683202801272,20.342604991048574,1020.1857653837651,8063.822543911636
16112.013010358438,20.34434120170772,1020.3429387714714,8063.822543911636
16115.010913433507,20.34434120170772,1020.3429387714714,8065.866266865283
16115.574108323082,20.34613299369812,1020.8418929055333,8065.866266865283
16118.163609961048,20.34613299369812,1020.8418929055333,8067.710301725194
16118.45507320948,20.347698172554374,1021.1198183298111,8067.710301725194
16120.827177785337,20.347698172554374,1021.1198183298111,8069.64657414332
16125.263366190717,20.358000880107284,1021.3346987590194,8069.64657414332
16126.780609730631,20.358000880107284,1021.3346987590194,8070.144850155339
16126.937053464353,20.35961618833244,1021.4544984195381,8070.144850155339
16127.406388621777,20.35961618833244,1021.4544984195381,8070.40371029079
16127.679333042353,20.36117302440107,1021.7044534962624,8070.40371029079
16130.582370813936,20.36117302440107,1021.7044534962624,8072.614936988801
16130.856841085479,20.36297438852489,1021.9546206369996,8072.614936988801
16133.432585561648,20.36297438852489,1021.9546206369996,8074.341278549284
16135.260062472895,20.367766907438636,1022.2365295961499,8074.341278549284
16138.024641998112,20.367766907438636,1022.2365295961499,8076.259958140552
16138.273776426911,20.369420336559415,1022.4495725985616,8076.259958140552
16140.482793807983,20.369420336559415,1022.4495725985616,8077.8255748506635
16140.804793773219,20.371018044650555,1022.7023282945156,8077.8255748506635
16143.404783552513,20.371018044650555,1022.7023282945156,8079.641804479063
16143.71984429285,20.372589135542512,1022.9681200571358,8079.641804479063
16145.425478029996,20.372589135542512,1022.9681200571358,8080.855389369652
16148.253099478781,20.37737311422825,1023.5664465203881,8080.855389369652
16150.792483597994,20.37737311422825,1023.5664465203881,8082.551376271993
16151.22873520106,20.37900774180889,1023.9299555011094,8082.551376271993
16154.00336943008,20.37900774180889,1023.9299555011094,8084.3549789283425
16154.522863255814,20.380622498691082,1024.4198118504137,8084.3549789283425
16156.716086570174,20.380622498691082,1024.4198118504137,8086.0314195062965
16156.89149285853,20.382322316989303,1024.5526111554354,8086.0314195062965
16159.781578205526,20.382322316989303,1024.5526111554354,8088.503911437467
16161.932931222022,20.387479960918427,1025.173932755366,8088.503911437467
16165.319118758664,20.387479960918427,1025.173932755366,8091.120382010937
16165.694922853261,20.38908014819026,1025.489344412461,8091.120382010937
16168.650055417791,20.38908014819026,1025.489344412461,8093.178199503571
16169.036733476445,20.39086512848735,1025.7999718114734,8093.178199503571
16171.834864884615,20.39086512848735,1025.7999718114734,8095.063994128257
16172.220721282065,20.39251145720482,1026.1437827628106,8095.063994128257
16174.76867377013,20.39251145720482,1026.1437827628106,8097.010502716526
16177.730369301513,20.397978795692325,1026.5978207383305,8097.010502716526
16179.774758068845,20.397978795692325,1026.5978207383305,8098.260656222701
16180.148914793506,20.39966174401343,1026.9218900036067,8098.260656222701
16183.407427072525,20.39966174401343,1026.9218900036067,8100.704055400565
16184.17693284899,20.401390224695206,1027.629140947014,8100.704055400565
16187.716067932546,20.401390224695206,1027.629140947014,8103.270286660641
16188.157081402838,20.403230469673872,1028.0086139384657,8103.270286660641
16189.284296384081,20.403230469673872,1028.0086139384657,8104.19792249985
16194.538936197758,20.40810881741345,1028.121983120218,8104.19792249985
16195.416378354654,20.40810881741345,1028.121983120218,8104.725039586425
16195.49010014534,20.413350021466613,1028.1704148314893,8104.725039586425
16196.27478738688,20.413350021466613,1028.1704148314893,8105.188609527424
16196.463347865269,20.414897080510855,1028.3463229425251,8105.188609527424
16198.251115400344,20.414897080510855,1028.3463229425251,8105.969560708851
16198.593393055722,20.416965698823333,1028.4832307621837,8105.969560708851
16199.842783188447,20.416965698823333,1028.4832307621837,8106.658552736044
16204.459940809757,20.43297220952809,1028.6356997545809,8106.658552736044
16205.576900305226,20.43297220952809,1028.6356997545809,8107.321713387966
16206.137024130672,20.434795573353767,1029.0516108777374,8107.321713387966
16207.880528461188,20.434795573353767,1029.0516108777374,8108.559577412903
16208.040547950193,20.436411691829562,1029.1830132175237,8108.559577412903
16209.280985841528,20.436411691829562,1029.1830132175237,8109.361571509391
16209.59872562997,20.438059782609344,1029.4463054277003,8109.361571509391
16212.595027172938,20.438059782609344,1029.4463054277003,8111.447796059772
16215.867890959606,20.443170625716448,1029.6953247170895,8111.447796059772
16217.576428072527,20.443170625716448,1029.6953247170895,8112.7281476557255
16218.103430956602,20.453323809430003,1030.1005224362016,8112.7281476557255
16219.949475962669,20.453323809430003,1030.1005224362016,8113.951663928106
16220.207091288641,20.454975299537182,1030.3333475720137,8113.951663928106
16221.008942380548,20.454975299537182,1030.3333475720137,8114.29977459088
16221.160370158032,20.463532583788037,1030.4447931107134,8114.29977459088
16222.638495819643,20.463532583788037,1030.4447931107134,8114.734318753704
16227.19371799007,20.468388348817825,1030.5649106968194,8114.734318753704
16227.994718426839,20.468388348817825,1030.5649106968194,8115.130919788033
16228.386759227142,20.470008427277207,1030.8733694180846,8115.130919788033
16230.530523696914,20.470008427277207,1030.8733694180846,8116.650287032127
16230.733052792028,20.47159888781607,1031.0447166375816,8116.650287032127
16231.941747205332,20.47159888781607,1031.0447166375816,8117.423331584781
16232.365643104538,20.473228877410293,1031.4442896135151,8117.423331584781
16234.14862742275,20.473228877410293,1031.4442896135151,8118.6752610150725
16237.447827240452,20.479923255741596,1031.969757789746,8118.6752610150725
16239.37044483982,20.479923255741596,1031.969757789746,8120.211290601641
16239.63513454236,20.481521505862474,1032.2079166732728,8120.211290601641
16241.00396942906,20.481521505862474,1032.2079166732728,8120.990554885939
16241.433606265113,20.483270598575473,1032.5493902042508,8120.990554885939
16243.405717022717,20.483270598575473,1032.5493902042508,8122.393475262448
16243.96043949388,20.485306944698095,1032.903824351728,8122.393475262448
16245.231457281858,20.485306944698095,1032.903824351728,8123.002804335207
16250.904104067013,20.493677185848355,1032.9636218510568,8123.002804335207
16251.900457790121,20.493677185848355,1032.9636218510568,8123.682430153713
16252.273144276813,20.495309006422758,1033.0636058282107,8123.682430153713
16254.102094125003,20.495309006422758,1033.0636058282107,8124.921825937927
16254.472864849493,20.497219452634454,1033.121709505096,8124.921825937927
16256.075556078926,20.497219452634454,1033.121709505096,8125.48591109924
16256.283389128745,20.49877497367561,1033.3086017053574,8125.48591109924
16258.234345484525,20.49877497367561,1033.3086017053574,8126.141553156078
16260.305000497028,20.503842117264867,1033.3672494832426,8126.141553156078
16262.601440897211,20.503842117264867,1033.3672494832426,8127.345078505576
16262.833500970155,20.50562616996467,1033.417530927807,8127.345078505576
16265.262354286388,20.50562616996467,1033.417530927807,8129.088839974254
16265.732563490048,20.50737270154059,1033.8588458038867,8129.088839974254
16266.838312353939,20.50737270154059,1033.8588458038867,8129.76887431182
16267.127375189215,20.509026950225234,1034.1149332933128,8129.76887431182
16268.78755116649,20.509026950225234,1034.1149332933128,8130.4041782952845
16271.465380933136,20.54452563263476,1034.5626211874187,8130.4041782952845
16273.743599204347,20.54452563263476,1034.5626211874187,8131.760673217475
16274.003911476582,20.5460940990597,1034.801531292498,8131.760673217475
16275.089503925294,20.5460940990597,1034.801531292498,8132.384987233207
16275.310665566474,20.547691639512777,1035.0044841244817,8132.384987233207
16276.68830614537,20.547691639512777,1035.0044841244817,8133.345590036362
16276.94026155956,20.54969670623541,1035.2102099955082,8133.345590036362
16279.066252788529,20.54969670623541,1035.2102099955082,8134.709273992106
16281.89730569534,20.572977701202035,1035.6569942105561,8134.709273992106
16283.57731721364,20.572977701202035,1035.6569942105561,8135.860550254583
16284.170218048617,20.574615040794015,1036.1918174810708,8135.860550254583
16285.974654560909,20.574615040794015,1036.1918174810708,8137.157364064828
16286.691280685365,20.576257400214672,1036.843848709017,8137.157364064828
16288.402770828456,20.576257400214672,1036.843848709017,8138.437892690301
16288.861199397594,20.578051334246993,1037.1863030567765,8138.437892690301
16290.354723602533,20.578051334246993,1037.1863030567765,8139.29012773931
16292.908944364637,20.607063772156835,1037.6444002706558,8139.29012773931
16293.858725890517,20.607063772156835,1037.6444002706558,8139.812785424292
16294.398389818147,20.60873729363084,1038.0816316436976,8139.812785424292
16296.520767083392,20.60873729363084,1038.0816316436976,8141.502507587895
16296.95231526345,20.610510926693678,1038.4867258351296,8141.502507587895
16299.773255616426,20.610510926693678,1038.4867258351296,8143.501292485744
16300.090099049732,20.612126665189862,1038.7501526661217,8143.501292485744
16302.801710493863,20.612126665189862,1038.7501526661217,8145.612472616136
16305.190362205729,20.616999000310898,1039.083436038345,8145.612472616136
16307.72062846087,20.616999000310898,1039.083436038345,8147.426131617278
16308.251664729789,20.61874631047249,1039.5665804874152,8147.426131617278
16310.477088861167,20.61874631047249,1039.5665804874152,8149.4799527246505
16310.744332673028,20.62035713903606,1039.8098045419902,8149.4799527246505
16311.56584068574,20.62035713903606,1039.8098045419902,8149.866809291765
16311.708021260798,20.625579796731472,1039.9252781234682,8149.866809291765
16312.575908008963,20.625579796731472,1039.9252781234682,8150.297706931829
16317.278374560177,20.63052811846137,1039.9875089861453,8150.297706931829
16318.096576312557,20.63052811846137,1039.9875089861453,8150.621743945405
16318.28422117792,20.632079105824232,1040.1541948784143,8150.621743945405
16319.357830524445,20.632079105824232,1040.1541948784143,8151.027835402638
16319.52937066555,20.63382546789944,1040.3130485862494,8151.027835402638
16320.79581798613,20.63382546789944,1040.3130485862494,8151.5737614724785
16320.97773896344,20.63546409830451,1040.4428270179778,8151.5737614724785
16322.066619690508,20.63546409830451,1040.4428270179778,8152.313839234412
16326.162667330354,20.64241611585021,1040.6235993392766,8152.313839234412
16326.914542676881,20.64241611585021,1040.6235993392766,8152.616836287081
16327.10082711652,20.644062016159296,1040.7702529076487,8152.616836287081
16328.601129509509,20.644062016159296,1040.7702529076487,8153.478855397552
16328.787305245176,20.646112482994795,1040.8220672607422,8153.478855397552
16331.08097217977,20.646112482994795,1040.8220672607422,8155.365510776639
16331.739548740909,20.647898035123944,1041.0377517249435,8155.365510776639
16332.858911642805,20.647898035123944,1041.0377517249435,8155.843664614484
16338.802017189562,20.653023397549987,1041.5595573857427,8155.843664614484
16339.749528115615,20.653023397549987,1041.5595573857427,8156.15101986751
16339.817360818386,20.654630966484547,1041.611242376268,8156.15101986751
16341.503198826686,20.654630966484547,1041.611242376268,8157.030197951943
16341.85769468546,20.65645389817655,1041.7863835114986,8157.030197951943
16343.901428623125,20.65645389817655,1041.7863835114986,8158.5241816192865
16344.178850600496,20.658061258494854,1041.9438018556684,8158.5241816192865
16345.502903796732,20.658061258494854,1041.9438018556684,8159.421507542953
16349.95098887384,20.67014753818512,1042.0430841129273,8159.421507542953
16352.135944768786,20.67014753818512,1042.0430841129273,8160.603821342811
16352.3772891704,20.671850580722094,1042.2684497032315,8160.603821342811
16354.009809099138,20.671850580722094,1042.2684497032315,8161.569169294089
16354.184447817504,20.673475619405508,1042.4308094345033,8161.569169294089
16356.220003757626,20.673475619405508,1042.4308094345033,8162.5499428566545
16356.977288713679,20.675136119127274,1043.1023297011852,8162.5499428566545
16358.605037705973,20.675136119127274,1043.1023297011852,8163.235381325707
16361.430482642725,20.680216938257217,1043.3964743427932,8163.235381325707
16363.536366503686,20.680216938257217,1043.3964743427932,8164.819659948349
16363.770219607279,20.681857669726014,1043.5880728196353,8164.819659948349
16365.508361717686,20.681857669726014,1043.5880728196353,8166.1879313103855
16365.932377330959,20.683616621419787,1043.965930853039,8166.1879313103855
16367.81128484197,20.683616621419787,1043.965930853039,8167.174089400098
16368.151433821768,20.685408795252442,1044.2550884913653,8167.174089400098
16370.034392684698,20.685408795252442,1044.2550884913653,8168.2398191951215
16373.62983989343,20.706663703545928,1044.5707295518368,8168.2398191951215
16376.8981980104,20.706663703545928,1044.5707295518368,8170.520525725558
16377.168713092804,20.70828858204186,1044.8039488848299,8170.520525725558
16379.102929430082,20.70828858204186,1044.8039488848299,8171.825145630166
16379.486723762006,20.709937289357185,1045.1645732335746,8171.825145630166
16381.81596819684,20.709937289357185,1045.1645732335746,8173.538630131632
16381.943101339042,20.711547806859016,1045.2761703226715,8173.538630131632
16382.766447588801,20.711547806859016,1045.2761703226715,8174.147841583937
16387.531622378156,20.71653531678021,1045.3871066197753,8174.147841583937
16388.959325220436,20.71653531678021,1045.3871066197753,8174.625232126564
16389.122759273276,20.718171337619424,1045.500894760713,8174.625232126564
16391.75905567594,20.718171337619424,1045.500894760713,8176.4754865169525
16392.498738981783,20.71996890939772,1046.0502538457513,8176.4754865169525
16394.170128477737,20.71996890939772,1046.0502538457513,8177.683078756556
16394.65121050924,20.721851075068116,1046.4038197174668,8177.683078756556
16395.795869885013,20.721851075068116,1046.4038197174668,8178.175584716722
16399.64089729637,20.750185452401638,1046.4791030064225,8178.175584716722
16401.402159417048,20.750185452401638,1046.4791030064225,8178.9796230029315
16401.797494661063,20.752042775973678,1046.6692728158087,8178.9796230029315
16403.52897591144,20.752042775973678,1046.6692728158087,8180.158513490111
16403.844784496352,20.753790237009525,1046.8261310588568,8180.158513490111
16405.338164575398,20.753790237009525,1046.8261310588568,8181.11088927649
16405.5566205699,20.755398236215115,1046.89827061072,8181.11088927649
16406.019591573626,20.755398236215115,1046.89827061072,8181.463857097551
16409.47957639955,20.760312171652913,1047.214359279722,8181.463857097551
16411.86937465705,20.760312171652913,1047.214359279722,8182.942512059584
16412.013556681573,20.761883828788996,1047.3398189023137,8182.942512059584
16413.242273984477,20.761883828788996,1047.3398189023137,8183.690902207047
16413.40066708438,20.763469018042088,1047.483504936099,8183.690902207047
16415.76850780472,20.763469018042088,1047.483504936099,8184.9431635495275
16416.276087028906,20.76547789387405,1047.881637610495,8184.9431635495275
16418.321400599554,20.76547789387405,1047.881637610495,8185.999048030004
16421.798706481233,20.771078284829855,1048.1323456633836,8185.999048030004
16423.638837480918,20.771078284829855,1048.1323456633836,8187.249673681334
16424.15278057009,20.77271324209869,1048.5653979126364,8187.249673681334
16427.194145152345,20.77271324209869,1048.5653979126364,8189.149347901344
16427.27182483673,20.77436432056129,1048.6326951365918,8189.149347901344
16428.944524636492,20.77436432056129,1048.6326951365918,8189.656497048214
16429.350323650986,20.776015650480986,1048.9602768570185,8189.656497048214
16430.25115768984,20.776015650480986,1048.9602768570185,8190.325050903484
16434.573697073385,20.7810712531209,1049.6230784654617,8190.325050903484
16436.70428784564,20.7810712531209,1049.6230784654617,8191.823116539046
16436.939710397273,20.782692233100533,1049.7853912469,8191.823116539046
16438.17955885455,20.782692233100533,1049.7853912469,8192.73757868819
16438.300014367327,20.78433001227677,1049.887312952429,8192.73757868819
16441.745432680473,20.78433001227677,1049.887312952429,8195.047336662188
16442.021771639585,20.785984491929412,1050.1085100267082,8195.047336662188
16444.458852298558,20.785984491929412,1050.1085100267082,8196.718685841188
16447.58564700745,20.790840473026037,1050.3863544221967,8196.718685841188
16450.165387021378,20.790840473026037,1050.3863544221967,8198.456743393093
16450.742321798578,20.792517345398664,1050.8988389465958,8198.456743393093
16452.90870400518,20.792517345398664,1050.8988389465958,8200.131146267056
16453.245259476826,20.794172264635563,1051.117710325867,8200.131146267056
16455.04657214135,20.794172264635563,1051.117710325867,8201.188630437478
16455.26978744194,20.80632938630879,1051.2997534573078,8201.188630437478
16456.579954776913,20.80632938630879,1051.2997534573078,8201.66448167339
16461.123213209212,20.818691240623593,1051.3593861311674,8201.66448167339
16464.5536490418,20.818691240623593,1051.3593861311674,8204.211312981322
16464.859440464526,20.82048530317843,1051.6358378715813,8204.211312981322
16466.010811805725,20.82048530317843,1051.6358378715813,8205.066967029124
16466.122753851116,20.822089813649654,1051.718237189576,8205.066967029124
16468.227936042473,20.822089813649654,1051.718237189576,8206.425610028207
16468.529081033543,20.826634865254164,1051.997225606814,8206.425610028207
16469.40473669395,20.826634865254164,1051.997225606814,8206.932284047827
16472.85383938998,20.83142522163689,1052.2568143196404,8206.932284047827
16475.14913929999,20.83142522163689,1052.2568143196404,8208.630804901943
16475.340451089665,20.833069913089275,1052.4365548398346,8208.630804901943
16476.43232086487,20.833069913089275,1052.4365548398346,8209.09303262271
16477.234881658107,20.834856685250998,1053.0073904637247,8209.09303262271
16478.748608568683,20.834856685250998,1053.0073904637247,8210.04672928527
16478.865130448714,20.836476555094123,1053.1085296832025,8210.04672928527
16479.520021872595,20.836476555094123,1053.1085296832025,8210.445167863742
16484.49491666071,20.84164757281542,1053.2777126915753,8210.445167863742
16486.21303712204,20.84164757281542,1053.2777126915753,8211.365528158844
16486.402160853148,20.843345023691654,1053.4212952926755,8211.365528158844
16487.51770686917,20.843345023691654,1053.4212952926755,8211.822434682399
16487.608698412776,20.844957472756505,1053.471196319908,8211.822434682399
16489.79456138611,20.844957472756505,1053.471196319908,8213.455922072753
16490.054770989344,20.846631422638893,1053.6970456186682,8213.455922072753
16492.20741262473,20.846631422638893,1053.6970456186682,8214.703107945621
16494.501017076895,20.867808058857918,1053.7933930512518,8214.703107945621
16495.915445452556,20.867808058857918,1053.7933930512518,8215.539488872513
16496.044588552788,20.869515549391508,1053.8841407336295,8215.539488872513
16497.272616365924,20.869515549391508,1053.8841407336295,8216.107397483662
16498.041050197557,20.871297102421522,1054.4889195878059,8216.107397483662
16500.790209617466,20.871297102421522,1054.4889195878059,8218.210872016847
16501.335619870573,20.878228707239032,1054.9718568641692,8218.210872016847
16502.498360516503,20.878228707239032,1054.9718568641692,8218.845050146803
16505.0148997847,20.883198445662856,1055.24931435287,8218.845050146803
16508.59192266129,20.883198445662856,1055.24931435287,8221.493206892163
16508.82635480538,20.88487086445093,1055.473955610767,8221.493206892163
16511.878889776766,20.88487086445093,1055.473955610767,8223.510057231411
16512.378617240116,20.886524494737387,1055.9559745825827,8223.510057231411
16515.264941405505,20.886524494737387,1055.9559745825827,8225.951319651678
16515.65515301749,20.88810379244387,1056.2855467386544,8225.951319651678
16518.056235693395,20.88810379244387,1056.2855467386544,8227.768293611705
16520.619249938056,20.89455278776586,1056.3902247957885,8227.768293611705
16521.239454153925,20.89455278776586,1056.3902247957885,8228.170376008376
16521.381896605715,20.89630781300366,1056.4884739425033,8228.170376008376
16521.761322218925,20.89630781300366,1056.4884739425033,8228.375944269821
16521.857778824866,20.897930482402444,1056.5664277113974,8228.375944269821
16522.674914121628,20.897930482402444,1056.5664277113974,8228.606826029718
16522.835107697174,20.899492679163814,1056.709772048518,8228.606826029718
16523.876416683197,20.899492679163814,1056.709772048518,8229.095543773845
16528.10920527205,20.904431400820613,1057.4414338525385,8229.095543773845
16530.043336734176,20.904431400820613,1057.4414338525385,8230.077457699925
16530.556909376755,20.90626250207424,1057.8318379055709,8230.077457699925
16532.300183126703,20.90626250207424,1057.8318379055709,8231.588349109516
16532.403180880472,20.908009693026543,1057.9200860708952,8231.588349109516
16534.030523261055,20.908009693026543,1057.9200860708952,8232.573973741382
16534.233130676672,20.909677244722843,1058.0988696031272,8232.573973741382
16536.507476141676,20.909677244722843,1058.0988696031272,8233.68936290592
16540.94450280443,20.91463623382151,1058.2498305309564,8233.68936290592
16542.149685632437,20.91463623382151,1058.2498305309564,8234.336043592542
16542.351493937895,20.91624933294952,1058.4314258769155,8234.336043592542
16543.32824649848,20.91624933294952,1058.4314258769155,8234.862537253648
16543.73548736982,20.918089287355542,1058.7299623899162,8234.862537253648
16544.792017703876,20.918089287355542,1058.7299623899162,8235.610985472798
16545.11844668351,20.9198791179806,1058.853161431849,8235.610985472798
16546.636530114338,20.9198791179806,1058.853161431849,8236.616478577256
16550.293776532635,20.962004713714123,1059.5814631637186,8236.616478577256
16551.35071594268,20.962004713714123,1059.5814631637186,8237.074037402868
16551.767840573564,20.9637139569968,1059.9679813981056,8237.074037402868
16552.959925444797,20.9637139569968,1059.9679813981056,8237.83827306889
16553.092903932557,20.965390188619494,1060.0531637482345,8237.83827306889
16555.32632548362,20.965390188619494,1060.0531637482345,8239.791271936148
16555.50380543247,20.967149941250682,1060.2016270197928,8239.791271936148
16557.144082808867,20.967149941250682,1060.2016270197928,8240.681125320494
16560.589652273804,20.972079759463668,1060.9642752353102,8240.681125320494
16562.158818244934,20.972079759463668,1060.9642752353102,8241.502131920308
16562.516273401678,20.973722169175744,1061.295874118805,8241.502131920308
16564.61438217759,20.973722169175744,1061.295874118805,8243.119316635653
16565.342921245843,20.98396695405245,1061.958526533097,8243.119316635653
16566.67922590114,20.98396695405245,1061.958526533097,8243.868737110868
16566.793124152347,20.98559139482677,1062.0613440852612,8243.868737110868
16568.21828539297,20.98559139482677,1062.0613440852612,8244.692982058972
16571.204734046012,20.99064496718347,1062.1192066464573,8244.692982058972
16572.34099645354,20.99064496718347,1062.1192066464573,8245.487667979673
16572.573613405228,20.992357866838574,1062.249550767243,8245.487667979673
16574.37032160908,20.992357866838574,1062.249550767243,8246.713589914143
16574.778958592564,20.994022216647863,1062.459827883169,8246.713589914143
16576.053805280477,20.994022216647863,1062.459827883169,8247.578650776297
16576.524354232475,20.99562894552946,1062.7973944861442,8247.578650776297
16577.80739649944,20.99562894552946,1062.7973944861442,8248.120732640848
16580.426453776658,21.00111578591168,1062.856650205329,8248.120732640848
16583.471145309508,21.00111578591168,1062.856650205329,8250.33868027851
16583.733432050794,21.002978019416332,1062.953665310517,8250.33868027851
16585.733616627753,21.002978019416332,1062.953665310517,8251.817607928067
16585.992979057133,21.004637939855456,1063.183883458376,8251.817607928067
16588.171399144456,21.004637939855456,1063.183883458376,8253.492312630638
16588.776979845017,21.00627684034407,1063.745182523504,8253.492312630638
16591.0826573018,21.00627684034407,1063.745182523504,8255.204552767798
16595.711842445657,21.01204458810389,1063.8497856687754,8255.204552767798
16596.18821950443,21.01204458810389,1063.8497856687754,8255.520070528612
16596.32507879287,21.018474753946066,1063.9628258068115,8255.520070528612
16597.90461208485,21.018474753946066,1063.9628258068115,8255.808732649311
16597.972728945315,21.020071364939213,1064.0152501501143,8255.808732649311
16599.218197358772,21.020071364939213,1064.0152501501143,8256.368909953162
16599.638058198616,21.02173164486885,1064.3496873527765,8256.368909953162
16601.446979684755,21.02173164486885,1064.3496873527765,8257.533741729334
16605.803010512143,21.02680309675634,1064.614199757576,8257.533741729334
16607.34629414417,21.02680309675634,1064.614199757576,8258.482488382608
16607.911360405385,21.028445426374674,1065.08116594702,8258.482488382608
16609.280921787024,21.028445426374674,1065.08116594702,8259.57229710184
16609.570659261197,21.030038194730878,1065.3336369097233,8259.57229710184
16610.98620700836,21.030038194730878,1065.3336369097233,8260.364206923172
16611.342274257913,21.03166472353041,1065.620441120118,8260.364206923172
16613.20865510218,21.03166472353041,1065.620441120118,8261.591916533187
16615.74700526893,21.03661403991282,1066.0146089531481,8261.591916533187
16616.941927343607,21.03661403991282,1066.0146089531481,8262.545202061534
16617.040317652747,21.038273809477687,1066.0911177638918,8262.545202061534
16618.656843289733,21.038273809477687,1066.0911177638918,8263.743142843246
16618.91761958599,21.0399405695498,1066.2827891595662,8263.743142843246
16620.51106314175,21.0399405695498,1066.2827891595662,8264.713373498991
16620.867320932448,21.041544746607542,1066.610130675137,8264.713373498991
16621.832456737757,21.041544746607542,1066.610130675137,8265.354603206739
16623.837117785588,21.046471197158098,1066.8336536511779,8265.354603206739
16625.356635125354,21.046471197158098,1066.8336536511779,8266.396411843598
16625.70533790067,21.048079807311296,1067.138661203906,8266.396411843598
16627.079716589302,21.048079807311296,1067.138661203906,8267.198857495561
16627.403322149068,21.049760220572352,1067.409670414403,8267.198857495561
16628.87626249343,21.049760220572352,1067.409670414403,8268.004353484139
16629.363283075392,21.064052501693368,1067.784838071093,8268.004353484139
16630.349297646433,21.064052501693368,1067.784838071093,8268.532348232344
16633.51476397924,21.06902375817299,1068.0372532550246,8268.532348232344
16635.301414670423,21.06902375817299,1068.0372532550246,8269.759203607216
16635.498149780557,21.07068108022213,1068.1911992169917,8269.759203607216
16636.226098796353,21.07068108022213,1068.1911992169917,8270.11644452624
16636.477392490953,21.07248819246888,1068.3665056470782,8270.11644452624
16638.42265368998,21.07248819246888,1068.3665056470782,8271.605878449976
16638.82932570018,21.074111660942435,1068.7248007971793,8271.605878449976
16640.08208600618,21.074111660942435,1068.7248007971793,8272.550268216059
16642.622813289985,21.078973239287734,1069.096870496869,8272.550268216059
16644.06487695314,21.078973239287734,1069.096870496869,8273.485526263714
16644.256498249248,21.08062133938074,1069.2702912427485,8273.485526263714
16645.469074415043,21.08062133938074,1069.2702912427485,8274.182290984318
16645.84078191966,21.092489764094353,1069.5155236069113,8274.182290984318
16647.763275893405,21.092489764094353,1069.5155236069113,8275.588951220736
16647.930111169815,21.09417413547635,1069.615304760635,8275.588951220736
16649.249397827312,21.09417413547635,1069.615304760635,8276.275649886578
16651.73417868279,21.1015655528754,1069.710557192564,8276.275649886578
16653.263602294028,21.1015655528754,1069.710557192564,8276.711842093617
16653.454909296706,21.10328190587461,1069.7949819471687,8276.711842093617
16654.67315088585,21.10328190587461,1069.7949819471687,8277.417807681486
16654.793180469424,21.108535692095757,1069.8811741955578,8277.417807681486
16655.86985517107,21.108535692095757,1069.8811741955578,8277.86447329633
16656.12835833803,21.11028370447457,1069.9956721700728,8277.86447329633
16657.23662548326,21.11028370447457,1069.9956721700728,8278.339096562937
16661.032704120502,21.115194613114,1070.2734417263418,8278.339096562937
16661.834608234465,21.115194613114,1070.2734417263418,8278.895867422223
16661.919323857874,21.116801746189594,1070.3359094951302,8278.895867422223
16663.331057537347,21.116801746189594,1070.3359094951302,8279.495033036917
16663.63021899201,21.11842933855951,1070.6161918956786,8279.495033036917
16665.024589234963,21.11842933855951,1070.6161918956786,8279.913361059502
16665.19235187769,21.120073460042477,1070.7628447841853,8279.913361059502
16666.43136207573,21.120073460042477,1070.7628447841853,8280.63761100918
16669.021968109533,21.125006852671504,1071.2341683413833,8280.63761100918
16671.230137201026,21.125006852671504,1071.2341683413833,8282.008560197428
16671.531646169722,21.128242509439588,1071.3532921094447,8282.008560197428
16672.780131150037,21.128242509439588,1071.3532921094447,8282.548281168565
16672.873673768714,21.130033863708377,1071.4248947035521,8282.548281168565
16674.126901017502,21.130033863708377,1071.4248947035521,8282.9054545369
16674.419486401603,21.131715493276715,1071.6712738070637,8282.9054545369
16675.36726415716,21.131715493276715,1071.6712738070637,8283.310235312209
16678.390308849514,21.167196705937386,1071.7938316557556,8283.310235312209
16679.669601069763,21.167196705937386,1071.7938316557556,8284.059688800946
16679.93309800513,21.168746024370193,1072.021205773577,8284.059688800946
16680.60254282877,21.168746024370193,1072.021205773577,8284.445499263704
16680.72773612477,21.170349393039942,1072.1288542337716,8284.445499263704
16681.65211583674,21.170349393039942,1072.1288542337716,8284.9323207438
16681.86400987394,21.171989433467388,1072.3268962167203,8284.9323207438
16683.996506150812,21.171989433467388,1072.3268962167203,8286.278769897297
16689.728399869055,21.182956472039223,1072.3885467778891,8286.278769897297
16690.77362476848,21.182956472039223,1072.3885467778891,8286.662625070661
16690.997936561704,21.184579292312264,1072.5820681490004,8286.662625070661
16692.491366168484,21.184579292312264,1072.5820681490004,8287.346265763044
16692.79459570907,21.186232313513756,1072.84386963211,8287.346265763044
16693.93259438686,21.186232313513756,1072.84386963211,8287.987291289493
16694.07566086948,21.18808612972498,1072.9461523145437,8287.987291289493
16695.83339386992,21.18808612972498,1072.9461523145437,8289.000357525423
16697.693590529263,21.193063838407397,1073.0495245177299,8289.000357525423
16698.561458542943,21.193063838407397,1073.0495245177299,8289.374577745795
16698.63137117587,21.194622127339244,1073.0991744603962,8289.374577745795
16699.822305049747,21.194622127339244,1073.0991744603962,8289.805331155658
16700.06715300493,21.19627390615642,1073.2548860963434,8289.805331155658
16701.25312261656,21.19627390615642,1073.2548860963434,8290.76557665877
16701.46185335517,21.197953086346388,1073.3946940992028,8290.76557665877
16702.693922817707,21.197953086346388,1073.3946940992028,8291.462051955983
16705.765675265342,21.20280635729432,1073.8017450757325,8291.462051955983
16706.927548300475,21.20280635729432,1073.8017450757325,8292.35216602683
16707.114368848503,21.204508908092976,1073.9231664463878,8292.35216602683
16708.3429176379,21.204508908092976,1073.9231664463878,8292.956916524097
16708.50573068112,21.20619696751237,1074.062319630757,8292.956916524097
16709.853973805904,21.20619696751237,1074.062319630757,8293.40949757956
16710.08540922776,21.208034303039312,1074.157997103408,8293.40949757956
16711.421572443098,21.208034303039312,1074.157997103408,8294.107732715085
16714.203451268375,21.219225408509374,1074.4647270757705,8294.107732715085
16715.399450562894,21.219225408509374,1074.4647270757705,8294.881085885689
16715.628597225994,21.220856128260493,1074.6582998782396,8294.881085885689
16717.171598713845,21.220856128260493,1074.6582998782396,8296.00241607055
16717.47610202618,21.2225670106709,1074.853412490338,8296.00241607055
16718.72912969999,21.2225670106709,1074.853412490338,8296.964684884995
16719.20432020724,21.22426775097847,1075.2324611283839,8296.964684884995
16720.60907236114,21.22426775097847,1075.2324611283839,8297.919956838712
16723.202633189037,21.22935909219086,1075.4310823958367,8297.919956838712
16724.484307825565,21.22935909219086,1075.4310823958367,8298.4407686349
16724.936173036695,21.231298368424177,1075.6655474752188,8298.4407686349
16726.251197339967,21.231298368424177,1075.6655474752188,8298.995798774064
16726.692056253552,21.233125751838088,1075.89048108086,8298.995798774064
16727.66326177679,21.233125751838088,1075.89048108086,8299.318752471358
16727.823200896382,21.234824432060122,1075.949546776712,8299.318752471358
16728.478889500722,21.234824432060122,1075.949546776712,8299.594081934541
16730.90704101883,21.248800752684474,1076.0693354252726,8299.594081934541
16732.180351361632,21.248800752684474,1076.0693354252726,8300.492243848741
16732.71388963051,21.250547483563423,1076.4438411593437,8300.492243848741
16734.363311089575,21.250547483563423,1076.4438411593437,8301.694837462157
16734.82579006441,21.25211344100535,1076.7998699899763,8301.694837462157
16736.585606420413,21.25211344100535,1076.7998699899763,8302.83224269189
16736.726089017466,21.253688789904118,1076.9302063528448,8302.83224269189
16737.982310498133,21.253688789904118,1076.9302063528448,8303.46419481188
16742.0654377155,21.2736594658345,1076.999082474038,8303.46419481188
16743.30940420553,21.2736594658345,1076.999082474038,8303.8929630965
16743.438601864502,21.275310704484582,1077.1028191503137,8303.8929630965
16744.851252872497,21.275310704484582,1077.1028191503137,8304.827581465244
16745.091906383634,21.28262528963387,1077.1812182050198,8304.827581465244
16746.315979199484,21.28262528963387,1077.1812182050198,8305.596337744966
16746.66701525636,21.284186504781246,1077.323608374223,8305.596337744966
16747.959458230063,21.284186504781246,1077.323608374223,8306.282697886229
16752.439802436158,21.289506420493126,1077.6389662623405,8306.282697886229
16753.767323372886,21.289506420493126,1077.6389662623405,8307.182311138138
16754.17419330962,21.291190452873707,1078.003193370998,8307.182311138138
16755.463933721185,21.291190452873707,1078.003193370998,8307.889934666455
16755.55040233396,21.29282596334815,1078.0764955151826,8307.889934666455
16756.431449417025,21.29282596334815,1078.0764955151826,8308.488483740017
16756.537957105786,21.29445217177272,1078.1613000463694,8308.488483740017
16758.00966592878,21.29445217177272,1078.1613000463694,8308.928384343162
16761.866999179125,21.299355279654264,1078.322706034407,8308.928384343162
16763.2857162375,21.299355279654264,1078.322706034407,8309.698008680716
16763.448269264773,21.305698363110423,1078.4546648655087,8309.698008680716
16765.005033086985,21.305698363110423,1078.4546648655087,8310.587378455326
16765.439381893724,21.307423904538155,1078.7689893059433,8310.587378455326
16766.527129556984,21.307423904538155,1078.7689893059433,8311.195694344118
16766.71321935393,21.3191946875304,1078.9290167875588,8311.195694344118
16768.08997500129,21.3191946875304,1078.9290167875588,8312.00920729898
16771.429982624948,21.324297299608588,1079.3434728980064,8312.00920729898
16772.683562876657,21.324297299608588,1079.3434728980064,8312.783606655896
16772.857943320647,21.32595331966877,1079.431862346828,8312.783606655896
16774.87107967958,21.32595331966877,1079.431862346828,8313.970238463953
16775.147817514837,21.327517906203866,1079.6977005153894,8313.970238463953
16777.045787436888,21.327517906203866,1079.6977005153894,8315.108427867293
16777.14294165373,21.32909544557333,1079.7816776242107,8315.108427867293
16778.228317016736,21.32909544557333,1079.7816776242107,8315.65150057152
16781.05742015317,21.334027163684368,1079.8707556948066,8315.65150057152
16782.562928132713,21.334027163684368,1079.8707556948066,8316.433536823839
16782.745080469176,21.340152924880385,1080.0384160466492,8316.433536823839
16785.33567767404,21.340152924880385,1080.0384160466492,8317.859190169722
16785.666081927717,21.34185211546719,1080.3253404777497,8317.859190169722
16786.998542767018,21.34185211546719,1080.3253404777497,8318.591547824442
16787.155060285702,21.34360532835126,1080.4454446732998,8318.591547824442
16788.311616294086,21.34360532835126,1080.4454446732998,8319.374889800325
16793.058038653806,21.34967254847288,1080.5054373443127,8319.374889800325
16793.68301215768,21.34967254847288,1080.5054373443127,8319.70458478108
16793.991990773007,21.35153122060001,1080.5704230051488,8319.70458478108
16794.643359305337,21.35153122060001,1080.5704230051488,8320.109633492306
16794.939738480374,21.353873854503036,1080.7563545871526,8320.109633492306
16797.283626627177,21.353873854503036,1080.7563545871526,8321.35505242832
16797.596909096465,21.355689587071538,1081.0556291621178,8321.35505242832
16798.264380645007,21.355689587071538,1081.0556291621178,8321.85281412676
16802.699203517288,21.360853431746364,1081.2468564715236,8321.85281412676
16803.605041554198,21.360853431746364,1081.2468564715236,8322.345638914034
16803.99560822919,21.362673323601484,1081.3311595078558,8322.345638914034
16805.155942456797,21.362673323601484,1081.3311595078558,8322.913866635412
16805.622197153047,21.364341381937265,1081.7658822089434,8322.913866635412
16807.04459520988,21.364341381937265,1081.7658822089434,8323.858832931146
16807.231787825003,21.366790736094117,1081.939657829702,8323.858832931146
16809.078735889867,21.366790736094117,1081.939657829702,8324.818874944001
16813.225364705548,21.406149422749877,1082.1083897408098,8324.818874944001
16815.017673734576,21.406149422749877,1082.1083897408098,8325.43018390052
16815.206274436787,21.407742762938142,1082.2815268542618,8325.43018390052
16815.95044897124,21.407742762938142,1082.2815268542618,8325.815217869356
16816.02599676512,21.40935354307294,1082.3317040763795,8325.815217869356
16817.78505170904,21.40935354307294,1082.3317040763795,8326.90580250509
16818.02391393669,21.411151435226202,1082.5369187612087,8326.90580250509
16820.249072683975,21.411151435226202,1082.5369187612087,8328.667292233557
16822.519255349413,21.416366431862116,1082.8097949083894,8328.667292233557
16823.51342972368,21.416366431862116,1082.8097949083894,8329.317221663892
16823.898282106966,21.41802435182035,1083.1559035256505,8329.317221663892
16825.568296629936,21.41802435182035,1083.1559035256505,8330.705484109
16825.713675577193,21.420032180845737,1083.2836887221783,8330.705484109
16827.77981156856,21.420032180845737,1083.2836887221783,8331.919649833813
16828.16794589348,21.421675311401486,1083.6456738505512,8331.919649833813
16830.001320634037,21.421675311401486,1083.6456738505512,8333.228419665247
16832.26012914069,21.426657650619745,1084.0152309164405,8333.228419665247
16833.482416937128,21.426657650619745,1084.0152309164405,8334.034966675565
16833.89723987691,21.428317420184612,1084.3760854434222,8334.034966675565
16836.353200223297,21.428317420184612,1084.3760854434222,8335.742160083726
16836.581612501293,21.43929198011756,1084.566809695214,8335.742160083726
16838.308270975947,21.43929198011756,1084.566809695214,8337.148704145104
16838.734898339957,21.44098449125886,1084.951417805627,8337.148704145104
16840.48136137612,21.44098449125886,1084.951417805627,8338.223076816648
16842.32121637836,21.44593182578683,1085.3290109764785,8338.223076816648
16844.612682973966,21.44593182578683,1085.3290109764785,8339.816011168063
16844.930512089282,21.44749268144369,1085.5691898483783,8339.816011168063
16846.351775186136,21.44749268144369,1085.5691898483783,8340.939149100333
16846.743213718757,21.449111200869083,1085.8960637561977,8340.939149100333
16849.35637374781,21.449111200869083,1085.8960637561977,8342.923038803041
16849.650218255818,21.450701681897044,1086.154665959999,8342.923038803041
16851.148133266717,21.450701681897044,1086.154665959999,8343.77724496834
16853.714919600636,21.47601279243827,1086.3888862710446,8343.77724496834
16854.816435189918,21.47601279243827,1086.3888862710446,8344.259898172691
16855.058520695195,21.4987888969481,1086.5639503058046,8344.259898172691
16857.582081764936,21.4987888969481,1086.5639503058046,8346.061970008537
16857.807646099478,21.500474916771054,1086.7466595508158,8346.061970008537
16859.682171985507,21.500474916771054,1086.7466595508158,8347.427150035277
16860.10534631647,21.502088896930218,1087.1337100863457,8347.427150035277
16861.922851905227,21.502088896930218,1087.1337100863457,8348.54621720314
16863.89258443378,21.5071180742234,1087.3983028493822,8348.54621720314
16864.887317497283,21.5071180742234,1087.3983028493822,8349.090179963037
16865.279072809964,21.50885521620512,1087.677577374503,8349.090179963037
16867.033000789583,21.50885521620512,1087.677577374503,8350.059699857607
16867.33188464865,21.51045968569815,1087.9389694016427,8350.059699857607
16868.7464370057,21.51045968569815,1087.9389694016427,8350.761367009953
16869.169575015083,21.512117195874453,1088.299491532147,8350.761367009953
16871.91949538514,21.512117195874453,1088.299491532147,8352.632665857673
16874.140796871856,21.52077899314463,1088.6776397936046,8352.632665857673
16876.301866753027,21.52077899314463,1088.6776397936046,8354.198923343793
16876.937413381413,21.522638076916337,1089.2580910082906,8354.198923343793
16878.974709710106,21.522638076916337,1089.2580910082906,8355.482093311846
16879.228580586612,21.525394884869456,1089.4875822477043,8355.482093311846
16880.92748518102,21.525394884869456,1089.4875822477043,8356.645706562325
16881.24233973585,21.5272288993001,1089.7393793426454,8356.645706562325
16883.019026277587,21.5272288993001,1089.7393793426454,8357.85757020861
16885.41555558145,21.53272907435894,1090.129508960992,8357.85757020861
16887.761505303904,21.53272907435894,1090.129508960992,8359.570932857692
16888.067162703723,21.534416483715177,1090.356788603589,8359.570932857692
16890.77301734127,21.534416483715177,1090.356788603589,8361.400781968608
16891.15107853338,21.536273447796702,1090.6325545273721,8361.400781968608
16893.862306220457,21.536273447796702,1090.6325545273721,8363.508921250701
16894.20703229308,21.537959536537528,1090.9121806379408,8363.508921250701
16896.63190726936,21.537959536537528,1090.9121806379408,8365.187477871776
16898.352266600356,21.542818443849683,1091.2331122327596,8365.187477871776
16900.07776355371,21.542818443849683,1091.2331122327596,8366.477117404342
16900.395771069452,21.54439615085721,1091.5053642522544,8366.477117404342
16902.540957026184,21.54439615085721,1091.5053642522544,8368.174632327631
16902.982239533216,21.546040128916502,1091.8366558533162,8368.174632327631
16905.453189905733,21.546040128916502,1091.8366558533162,8370.134873080999
16905.84729201719,21.54769215732813,1092.1934087723494,8370.134873080999
16907.88174133934,21.54769215732813,1092.1934087723494,8371.694311035797
16909.876729801297,21.558092465624213,1092.5855665300041,8371.694311035797
16912.272219045088,21.558092465624213,1092.5855665300041,8373.258944835514
16912.553146863356,21.559731885790825,1092.8455017507076,8373.258944835514
16914.692096428946,21.559731885790825,1092.8455017507076,8374.712819375098
16914.950489172712,21.561372712254524,1093.0482814963907,8374.712819375098
16916.781664585695,21.561372712254524,1093.0482814963907,8376.11916427128
16917.025694720447,21.56621952727437,1093.2418411038816,8376.11916427128
16919.699400240555,21.56621952727437,1093.2418411038816,8377.550354966894
16923.92673283443,21.576676784083247,1093.3529030196369,8377.550354966894
16924.824931060895,21.576676784083247,1093.3529030196369,8377.8824021779
16924.939309949055,21.578287944197655,1093.4394387025386,8377.8824021779
16926.273370340466,21.578287944197655,1093.4394387025386,8378.781330898404
16926.56787867658,21.582139553502202,1093.6982210949063,8378.781330898404
16927.992563162,21.582139553502202,1093.6982210949063,8379.50285805203
16928.660812865943,21.583708852529526,1094.2463108189404,8379.50285805203
16929.88220181316,21.583708852529526,1094.2463108189404,8380.330358952284
16932.535858158022,21.58885006606579,1094.5703454259783,8380.330358952284
16934.53961313516,21.58885006606579,1094.5703454259783,8381.594564903527
16934.839379237965,21.6003644913435,1094.812996448949,8381.594564903527
16936.59080772847,21.6003644913435,1094.812996448949,8382.70512906462
16936.7675989978,21.601950021460652,1094.9521391000599,8382.70512906462
16937.988630658016,21.601950021460652,1094.9521391000599,8383.555348172784
16938.177082445472,21.60366485081613,1095.0628038831055,8383.555348172784
16940.05440605618,21.60366485081613,1095.0628038831055,8385.12460030429
16942.18295497261,21.616634011268616,1095.3943066839129,8385.12460030429
16943.604422817007,21.616634011268616,1095.3943066839129,8386.342051019892
16944.072425404564,21.61825032159686,1095.8227106686682,8386.342051019892
16945.128578398377,21.61825032159686,1095.8227106686682,8386.990676837042
16945.31274227053,21.61994650401175,1095.9749295059592,8386.990676837042
16947.60260675475,21.61994650401175,1095.9749295059592,8388.466622080654
16948.211520416662,21.621603023260832,1096.4994248896837,8388.466622080654
16949.99056591466,21.621603023260832,1096.4994248896837,8389.66638516076
16953.829335393384,21.626903967931867,1096.8794867955148,8389.66638516076
16955.503951616585,21.626903967931867,1096.8794867955148,8390.641780026257
16955.720439281315,21.6392941493541,1097.060104465112,8390.641780026257
16957.11000646837,21.6392941493541,1097.060104465112,8391.319990359247
16957.329329913482,21.64092185907066,1097.181708984077,8391.319990359247
16958.95798493363,21.64092185907066,1097.181708984077,8392.087655756623
16959.33580555953,21.642508389428258,1097.3889109436423,8392.087655756623
16960.84094912745,21.642508389428258,1097.3889109436423,8393.185929004103
16963.215368404984,21.64741144515574,1097.5131181702018,8393.185929004103
16965.319445729256,21.64741144515574,1097.5131181702018,8394.544439652935
16965.53170678951,21.649087224155664,1097.6855897139758,8394.544439652935
16967.016981072724,21.649087224155664,1097.6855897139758,8395.590710578486
16967.320008305833,21.650735335424542,1097.9188250899315,8395.590710578486
16969.057225063443,21.650735335424542,1097.9188250899315,8396.49009594135
16969.119624676183,21.652454275637865,1097.9681834783405,8396.49009594135
16970.38952004537,21.652454275637865,1097.9681834783405,8397.310682147741
16973.415136629716,21.65750279650092,1098.290043020621,8397.310682147741
16975.080798041075,21.65750279650092,1098.290043020621,8398.18392528221
16975.22997111641,21.6591053660959,1098.407967792824,8398.18392528221
16976.867752518505,21.6591053660959,1098.407967792824,8399.565299933776
16977.232119364664,21.6607885658741,1098.6663001701236,8399.565299933776
16978.905956579372,21.6607885658741,1098.6663001701236,8400.675913959742
16979.103615077212,21.662578407675028,1098.8419899549335,8400.675913959742
16980.66810524091,21.662578407675028,1098.8419899549335,8401.720344966277
16984.798641873524,21.66766241006553,1098.9355619512498,8401.720344966277
16985.945154428482,21.66766241006553,1098.9355619512498,8402.289810456336
16986.1553010419,21.66939026117325,1099.1180963274091,8402.289810456336
16987.55723254569,21.66939026117325,1099.1180963274091,8403.282736716792
16987.739192949608,21.671003758907318,1099.282540280372,8403.282736716792
16988.63423324935,21.671003758907318,1099.282540280372,8403.925250120461
16988.912551298738,21.672621928155422,1099.3953383211046,8403.925250120461
16989.502455648035,21.672621928155422,1099.3953383211046,8404.263420255855
16993.919487277046,21.68737257644534,1099.735588548705,8404.263420255855
16995.107596905902,21.68737257644534,1099.735588548705,8404.979039000347
16995.37783320062,21.688971754163504,1099.8350233882666,8404.979039000347
16996.657512256876,21.688971754163504,1099.8350233882666,8405.820967817679
16996.823588477448,21.691271785646677,1099.9719943311065,8405.820967817679
16997.919742209837,21.691271785646677,1099.9719943311065,8406.68911027722
16998.049094509333,21.69282389432192,1100.0802379883826,8406.68911027722
16999.41249154508,21.69282389432192,1100.0802379883826,8407.55392088741
17003.648722540587,21.69769929163158,1100.2003778517246,8407.55392088741
17005.67928714119,21.69769929163158,1100.2003778517246,8408.69914284721
17005.85727899708,21.6992405988276,1100.3484589401633,8408.69914284721
17008.004267014563,21.6992405988276,1100.3484589401633,8409.881474807858
17008.08890697919,21.70087143778801,1100.4114828333259,8409.881474807858
17009.73771641776,21.70087143778801,1100.4114828333259,8410.83648411557
17009.801298003644,21.702413246035576,1100.4617697987705,8410.83648411557
17011.757151290774,21.702413246035576,1100.4617697987705,8411.837002141401
17015.643233740702,21.707614708691835,1100.5937896538526,8411.837002141401
17016.85193805769,21.707614708691835,1100.5937896538526,8412.777730502188
17017.509021589532,21.709333140403032,1100.7405694779009,8412.777730502188
17019.184542795643,21.709333140403032,1100.7405694779009,8413.83881500177
17019.371752796695,21.710965920239687,1100.8914419654757,8413.83881500177
17020.46296961978,21.710965920239687,1100.8914419654757,8414.317128812894
17020.561490783468,21.712663520127535,1100.9780332036316,8414.317128812894
17022.211139542982,21.712663520127535,1100.9780332036316,8415.125176858157
17025.508419021964,21.72059304267168,1101.1506306417286,8415.125176858157
17026.66244162619,21.72059304267168,1101.1506306417286,8415.582331413403
17026.82564340532,21.722232719883323,1101.2653970979154,8415.582331413403
17027.909375986084,21.722232719883323,1101.2653970979154,8416.285446276888
17028.438158608973,21.724772702902555,1101.6591857224703,8416.285446276888
17030.18197678961,21.724772702902555,1101.6591857224703,8417.30449023284
17030.25098291412,21.72640215419233,1101.7181971035898,8417.30449023284
17031.339345417917,21.72640215419233,1101.7181971035898,8418.133221579716
17034.37090692483,21.73145180568099,1102.0023927818984,8418.133221579716
17036.188078371808,21.73145180568099,1102.0023927818984,8419.108020100743
17036.725053833798,21.73308273218572,1102.42404701747,8419.108020100743
17038.646549589932,21.73308273218572,1102.42404701747,8420.583843247965
17038.739300530404,21.734736202284694,1102.495509725064,8420.583843247965
17039.347387045622,21.734736202284694,1102.495509725064,8420.904551325366
17039.627009753138,21.7363426014781,1102.687644455582,8420.904551325366
17041.212549069896,21.7363426014781,1102.687644455582,8421.744779814035
17044.18089444749,21.744613278657198,1102.9884055946022,8421.744779814035
17046.11162010394,21.744613278657198,1102.9884055946022,8423.045801013708
17046.424879686907,21.746209489181638,1103.2609997950494,8423.045801013708
17047.937522592023,21.746209489181638,1103.2609997950494,8424.022207677364
17048.14657051675,21.74779456667602,1103.44455332309,8424.022207677364
17048.96088198945,21.74779456667602,1103.44455332309,8424.53223336488
17049.072258545086,21.74951512925327,1103.5406130850315,8424.53223336488
17050.37291829288,21.74951512925327,1103.5406130850315,8425.199274744838
17054.470060190186,21.755064437165856,1103.7436718251556,8425.199274744838
17055.52503138967,21.755064437165856,1103.7436718251556,8425.594272430986
17055.6275479272,21.756688736379147,1103.826522698626,8425.594272430986
17056.398106133565,21.756688736379147,1103.826522698626,8426.201828289777
17056.817711206153,21.758521800860763,1103.9648832138628,8426.201828289777
17057.622070979327,21.758521800860763,1103.9648832138628,8426.494298202917
17057.729335052893,21.763646261766553,1104.055709188804,8426.494298202917
17059.56651960872,21.763646261766553,1104.055709188804,8427.410526083782
17062.800750184804,21.770875742658973,1104.6006304882467,8427.410526083782
17065.38311376795,21.770875742658973,1104.6006304882467,8429.14845958352
17065.656497493386,21.772444240748882,1104.8386311363429,8429.14845958352
17067.638438316062,21.772444240748882,1104.8386311363429,8430.622327854857
17067.962340103462,21.774094549939036,1105.0319068487734,8430.622327854857
17070.17530569993,21.774094549939036,1105.0319068487734,8432.155238185078
17070.44272870943,21.775782292708755,1105.2732283566147,8432.155238185078
17072.10077358596,21.775782292708755,1105.2732283566147,8433.31586766243
17075.31449633278,21.786109380424023,1105.5090675987303,8433.31586766243
17077.44141634181,21.786109380424023,1105.5090675987303,8435.081635871902
17077.664895081893,21.78787872195244,1105.6703913863748,8435.081635871902
17079.14494431205,21.78787872195244,1105.6703913863748,8435.874973682687
17079.564768068492,21.78949606977403,1106.0330705270171,8435.874973682687
17080.9417613931,21.78949606977403,1106.0330705270171,8436.798768624663
17081.197780176997,21.790972413495183,1106.2649094443768,8436.798768624663
17082.984555618837,21.790972413495183,1106.2649094443768,8437.868866372854
17086.951548907906,21.807207107543945,1106.4773287642747,8437.868866372854
17088.70582672581,21.807207107543945,1106.4773287642747,8438.828558254987
17088.91974721104,21.808818886056542,1106.5914187487215,8438.828558254987
17090.126581329852,21.808818886056542,1106.5914187487215,8439.695808511227
17090.892877478153,21.81041439436376,1107.1965194214135,8439.695808511227
17092.856838757172,21.81041439436376,1107.1965194214135,8441.06768056564
17093.00700418465,21.81208590231836,1107.3193283770233,8441.06768056564
17094.225044056773,21.81208590231836,1107.3193283770233,8441.79697079584
17097.51325280778,21.830116905272007,1107.4977682549506,8441.79697079584
17098.609852122143,21.830116905272007,1107.4977682549506,8442.470383588225
17098.97140896134,21.831897696480155,1107.8181284237653,8442.470383588225
17100.128533724695,21.831897696480155,1107.8181284237653,8442.877592960373
17100.48492147401,21.83430146984756,1108.07816805318,8442.877592960373
17101.83374174498,21.83430146984756,1108.07816805318,8443.877240328118
17102.330022232607,21.83958719484508,1108.552122918889,8443.877240328118
17103.994152113795,21.83958719484508,1108.552122918889,8444.939372019842
17106.737053457648,21.850430689752102,1108.8721526302397,8444.939372019842
17109.081154894084,21.850430689752102,1108.8721526302397,8445.914149349555
17109.694778529927,21.852197483181953,1109.014472687617,8445.914149349555
17110.63995634578,21.852197483181953,1109.014472687617,8446.274999236688
17110.774729656056,21.853893572464585,1109.1329112853855,8446.274999236688
17111.770315850154,21.853893572464585,1109.1329112853855,8446.693820880726
17111.95699983649,21.85552628338337,1109.2656880710274,8446.693820880726
17112.82945404388,21.85552628338337,1109.2656880710274,8447.074496246874
17116.664277417585,21.86167881451547,1109.626826774329,8447.074496246874
17118.97030954063,21.86167881451547,1109.626826774329,8448.693538919091
17119.073167387396,21.863367607817054,1109.6997781209648,8448.693538919091
17120.389895906672,21.863367607817054,1109.6997781209648,8449.851184818894
17120.884584361687,21.86502879485488,1110.1532085817307,8449.851184818894
17121.932807717472,21.86502879485488,1110.1532085817307,8450.486392235383
17122.15614395775,21.879564816132188,1110.2965228985995,8450.486392235383
17123.195605257526,21.879564816132188,1110.2965228985995,8451.305565183982
17127.092737717554,21.884441554546356,1110.5403564665467,8451.305565183982
17128.098371418193,21.884441554546356,1110.5403564665467,8452.010305816308
17128.165644980967,21.88607425428927,1110.5914638377726,8452.010305816308
17129.42415000312,21.88607425428927,1110.5914638377726,8452.872492060065
17129.650850743055,21.89079251140356,1110.7830604836345,8452.872492060065
17130.428402321413,21.89079251140356,1110.7830604836345,8453.327196182683
17130.5476281289,21.89246795885265,1110.8846810441464,8453.327196182683
17131.260001320392,21.89246795885265,1110.8846810441464,8453.768351880834
17135.511352019385,21.899955051019788,1110.993973147124,8453.768351880834
17137.166572432965,21.899955051019788,1110.993973147124,8454.590066773817
17137.373769741505,21.90164604038,1111.1746957153082,8454.590066773817
17138.379716278985,21.90164604038,1111.1746957153082,8455.295608652756
17138.837590740994,21.90365794301033,1111.4238675832748,8455.295608652756
17140.465822907165,21.90365794301033,1111.4238675832748,8456.520497584715
17140.61579331383,21.90561385639012,1111.536381971091,8456.520497584715
17141.621411956847,21.90561385639012,1111.536381971091,8457.109656255692
17145.70041144453,21.910726599395275,1111.7114797122777,8457.109656255692
17147.12274662219,21.910726599395275,1111.7114797122777,8458.023239279166
17147.296228289604,21.912447972223163,1111.8696694634855,8458.023239279166
17149.426298137754,21.912447972223163,1111.8696694634855,8459.339992919937
17149.75602887757,21.91411429271102,1112.1407210156322,8459.339992919937
17151.417971896008,21.91411429271102,1112.1407210156322,8460.659506108612
17151.575196232647,21.915815863758326,1112.2749548982829,8460.659506108612
17152.826222376898,21.915815863758326,1112.2749548982829,8461.369401518255
17156.208502383903,21.93397367373109,1112.361525470391,8461.369401518255
17157.262078657746,21.93397367373109,1112.361525470391,8462.003828195855
17157.412959769368,21.93575394526124,1112.4381918646395,8462.003828195855
17159.38281883858,21.93575394526124,1112.4381918646395,8463.1415417362
17159.617718929425,21.937564317137003,1112.5574284046888,8463.1415417362
17161.538328608498,21.937564317137003,1112.5574284046888,8464.17703062296
17161.661206027493,21.93920347839594,1112.6559881530702,8464.17703062296
17162.724324125797,21.93920347839594,1112.6559881530702,8464.898598155007
17165.576871287078,21.9591711666435,1112.8938193246722,8464.898598155007
17168.469574244693,21.9591711666435,1112.8938193246722,8467.033281242475
17168.680546693504,21.96076742745936,1113.007664790377,8467.033281242475
17169.49033829011,21.96076742745936,1113.007664790377,8467.321765627712
17169.592106377706,21.962394205853343,1113.0893766246736,8467.321765627712
17170.333830164745,21.962394205853343,1113.0893766246736,8467.75428685546
17170.431856492534,21.964011097326875,1113.1670058239251,8467.75428685546
17171.85139999725,21.964011097326875,1113.1670058239251,8468.260156815872
17174.945687798783,21.968932347372174,1113.3681818339974,8468.260156815872
17176.578408371657,21.968932347372174,1113.3681818339974,8469.024379221722
17177.121281068772,21.970533164218068,1113.826325993985,8469.024379221722
17179.265395885333,21.970533164218068,1113.826325993985,8470.475042777136
17179.612039541826,21.972279405221343,1113.9038672819734,8470.475042777136
17180.61379392445,21.972279405221343,1113.9038672819734,8471.150927748531
17180.78548118472,21.97397935576737,1114.0334151312709,8471.150927748531
17182.983512362465,21.97397935576737,1114.0334151312709,8472.740953581408
17186.805008241907,21.980983279645443,1114.1741700712591,8472.740953581408
17189.110930580646,21.980983279645443,1114.1741700712591,8474.56162302941
17189.387656247243,21.982706179842353,1114.416629359126,8474.56162302941
17190.569831561297,21.982706179842353,1114.416629359126,8474.968866031617
17190.846686499193,21.9843024071306,1114.6753637082875,8474.968866031617
17192.421500271186,21.9843024071306,1114.6753637082875,8476.304098948836
17192.974358120933,21.98591640777886,1115.1633610781282,8476.304098948836
17194.12973804213,21.98591640777886,1115.1633610781282,8476.999142765999
17196.131098506972,21.990899186581373,1115.5739074777812,8476.999142765999
17197.548489216715,21.990899186581373,1115.5739074777812,8477.647443711758
17197.74500271678,21.997559025883675,1115.7405931968242,8477.647443711758
17199.801920045167,21.997559025883675,1115.7405931968242,8479.200030405074
17200.187073420733,21.999337568879128,1115.839179398492,8479.200030405074
17202.489110777155,21.999337568879128,1115.839179398492,8480.683303479105
17202.793778216466,22.001079620793462,1115.9588381890208,8480.683303479105
17203.9949726779,22.001079620793462,1115.9588381890208,8481.306149926037
17207.244564456865,22.006018850952387,1116.0482889320701,8481.306149926037
17208.09173313342,22.006018850952387,1116.0482889320701,8481.515741281211
17208.193438371643,22.007700910791755,1116.1395201981068,8481.515741281211
17209.247284941375,22.007700910791755,1116.1395201981068,8482.044089822099
17209.34715276584,22.009244730696082,1116.229475673288,8482.044089822099
17210.29627185315,22.009244730696082,1116.229475673288,8482.782847290859
17210.361880777404,22.01088991202414,1116.2794096246362,8482.782847290859
17211.62278630957,22.01088991202414,1116.2794096246362,8483.199081847444
17215.10249188915,22.015687961131334,1116.7422354407609,8483.199081847444
17217.35076119937,22.015687961131334,1116.7422354407609,8484.90317133069
17217.65273032151,22.017423924058676,1117.0310020968318,8484.90317133069
17220.753627393395,22.017423924058676,1117.0310020968318,8486.57715550065
17221.13585791737,22.019106963649392,1117.3588506598026,8486.57715550065
17222.984676377848,22.019106963649392,1117.3588506598026,8487.926911989227
17223.545758169144,22.020792892202735,1117.780915711075,8487.926911989227
17224.964408854023,22.020792892202735,1117.780915711075,8488.537004387006
17227.43333115615,22.025930676609278,1117.8417619988322,8488.537004387006
17229.00741217658,22.025930676609278,1117.8417619988322,8489.613150984049
17229.191919580102,22.027555445209146,1117.9798563923687,8489.613150984049
17230.367559844628,22.027555445209146,1117.9798563923687,8490.21673669666
17230.563621275127,22.02909331396222,1118.1516346260905,8490.21673669666
17232.345197735354,22.02909331396222,1118.1516346260905,8491.281869577244
17232.532285273075,22.0307400431484,1118.3255950901657,8491.281869577244
17234.01467135176,22.0307400431484,1118.3255950901657,8492.046312324703
17237.54817161709,22.03579199127853,1118.39545529522,8492.046312324703
17239.328884875402,22.03579199127853,1118.39545529522,8492.930643096566
17239.945022305474,22.037426160648465,1118.9523038621992,8492.930643096566
17241.271007308736,22.037426160648465,1118.9523038621992,8493.420780379325
17241.681695997715,22.0391638930887,1119.020817829296,8493.420780379325
17242.99454596266,22.0391638930887,1119.020817829296,8494.399366186932
17243.126697041094,22.04074058122933,1119.1362654361874,8494.399366186932
17243.93642526865,22.04074058122933,1119.1362654361874,8494.842150684446
17248.90469287336,22.0460942145437,1119.7741935122758,8494.842150684446
17251.292371001095,22.0460942145437,1119.7741935122758,8496.074765764177
17251.536535872146,22.047745803371072,1119.8747731596231,8496.074765764177
17253.277535464615,22.047745803371072,1119.8747731596231,8496.840674223378
17253.442421765998,22.05044747889042,1119.9956563040614,8496.840674223378
17254.666501630098,22.05044747889042,1119.9956563040614,8497.77897954546
17255.1219567284,22.052073277533054,1120.1258168295026,8497.77897954546
17257.737888081,22.052073277533054,1120.1258168295026,8499.627473082393
17260.572282984853,22.05708307772875,1120.2411543428898,8499.627473082393
17262.334604017437,22.05708307772875,1120.2411543428898,8500.849249338731
17262.664159033448,22.0696276538074,1120.2923745978624,8500.849249338731
17263.509866964072,22.0696276538074,1120.2923745978624,8501.28145949915
17263.9042349495,22.071289075538516,1120.5692619904876,8501.28145949915
17266.016975313425,22.071289075538516,1120.5692619904876,8502.897304894403
17266.545108217746,22.073090268298984,1120.9025767222047,8502.897304894403
17268.41602103412,22.073090268298984,1120.9025767222047,8503.854704234749
17273.65497673303,22.080966042354703,1121.0051851384342,8503.854704234749
17275.522360518575,22.080966042354703,1121.0051851384342,8505.167136054486
17275.59232715331,22.08259372226894,1121.0610711462796,8505.167136054486
17278.415852958336,22.08259372226894,1121.0610711462796,8507.512748261914
17278.8775131125,22.08423149213195,1121.3883927222341,8507.512748261914
17280.247367577627,22.08423149213195,1121.3883927222341,8508.455122182146
17280.56285645999,22.086035083979368,1121.5551269166172,8508.455122182146
17281.64826510474,22.086035083979368,1121.5551269166172,8508.884195415303
17285.38204587251,22.095812940970063,1121.6137625165284,8508.884195415303
17285.956161281094,22.095812940970063,1121.6137625165284,8509.139107713476
17286.114905029535,22.097610445693135,1121.7524916548282,8509.139107713476
17287.54664147459,22.097610445693135,1121.7524916548282,8509.617598768324
17287.99885217659,22.09920339472592,1122.1770314667374,8509.617598768324
17289.87116958946,22.09920339472592,1122.1770314667374,8510.42937195301
17290.344321448356,22.100879596546292,1122.5672746691853,8510.42937195301
17292.41505963728,22.100879596546292,1122.5672746691853,8511.556325759739
17295.596674393862,22.10822904855013,1122.763923233375,8511.556325759739
17297.104881333187,22.10822904855013,1122.763923233375,8512.727004231885
17297.89818955399,22.109794296324253,1123.518385861069,8512.727004231885
17299.2764395345,22.109794296324253,1123.518385861069,8513.512564281002
17299.75064304471,22.111607659608126,1123.7769686523825,8513.512564281002
17301.769395306706,22.111607659608126,1123.7769686523825,8514.99952035956
17302.231192525476,22.113303638994694,1124.1501017287374,8514.99952035956
17304.164879217744,22.113303638994694,1124.1501017287374,8516.295767279342
17306.94198344834,22.14519591629505,1124.4633056316525,8516.295767279342
17308.12619333528,22.14519591629505,1124.4633056316525,8517.130582386628
17308.919819181785,22.146844144910574,1125.16713536717,8517.130582386628
17310.310177505016,22.146844144910574,1125.16713536717,8518.02606184408
17310.704216988757,22.148504484444857,1125.5193742420524,8518.02606184408
17311.468136539683,22.148504484444857,1125.5193742420524,8518.31695955433
17311.821549957618,22.155331226065755,1125.5846215318888,8518.31695955433
17312.395111717284,22.155331226065755,1125.5846215318888,8518.646227994934
17316.320601981133,22.16336338967085,1126.3657413944602,8518.646227994934
17318.838584654033,22.16336338967085,1126.3657413944602,8520.488808820024
17318.98664362915,22.165026670321822,1126.4668079018593,8520.488808820024
17320.807338317856,22.165026670321822,1126.4668079018593,8521.267482358962
17321.223162654787,22.166733579710126,1126.814122941345,8521.267482358962
17323.025798985735,22.166733579710126,1126.814122941345,8521.789156062528
17323.590388523415,22.168362587690353,1127.2611418832093,8521.789156062528
17324.456146636978,22.168362587690353,1127.2611418832093,8522.17344358936
17329.572530461475,22.17628973349929,1128.022167103365,8522.17344358936
17331.354360554367,22.17628973349929,1128.022167103365,8522.979121796787
17331.46955087781,22.177956633269787,1128.1118483748287,8522.979121796787
17332.41118503362,22.177956633269787,1128.1118483748287,8523.46855122596
17332.858224276453,22.191953718662262,1128.5219863522798,8523.46855122596
17334.440233521163,22.191953718662262,1128.5219863522798,8524.26595679298
17334.600915197283,22.193528598174453,1128.6553537938744,8524.26595679298
17336.49732756801,22.193528598174453,1128.6553537938744,8525.033072186634
17339.26397146471,22.198444867506623,1129.189773708582,8525.033072186634
17341.346860896796,22.198444867506623,1129.189773708582,8525.859231434762
17341.49405982904,22.202104883268476,1129.299311671406,8525.859231434762
17342.663613809273,22.202104883268476,1129.299311671406,8526.42688883096
17343.138431813568,22.203762864694,1129.6696121282876,8526.42688883096
17346.34260783717,22.203762864694,1129.6696121282876,8528.892371634021
17346.456054629758,22.205408036708832,1129.7656150236726,8528.892371634021
17347.425807552412,22.205408036708832,1129.7656150236726,8529.447038942948
17350.798616018146,22.21049927920103,1129.88707908988,8529.447038942948
17352.144634021446,22.21049927920103,1129.88707908988,8530.207250449806
17352.327800853178,22.216185592114925,1129.9680243525654,8530.207250449806
17353.516788592562,22.216185592114925,1129.9680243525654,8530.994755951688
17353.808717172593,22.217959444969893,1130.1343316119164,8530.994755951688
17355.48828613758,22.217959444969893,1130.1343316119164,8532.321502367035
17356.013655830175,22.21959875524044,1130.5963500589132,8532.321502367035
17357.72989276983,22.21959875524044,1130.5963500589132,8533.546909507364
17361.785832041875,22.225609723478556,1131.593071674928,8533.546909507364
17363.50889888592,22.225609723478556,1131.593071674928,8534.793852610514
17363.71799226664,22.22734509408474,1131.7527262233198,8534.793852610514
17365.75949063152,22.22734509408474,1131.7527262233198,8535.751632791013
17366.29413634911,22.24441661313176,1132.2499853372574,8535.751632791013
17368.357946557924,22.24441661313176,1132.2499853372574,8537.287674563006
17368.706096746027,22.246433708816767,1132.4760446064174,8537.287674563006
17371.002090113238,22.246433708816767,1132.4760446064174,8538.530223967507
17373.36255583726,22.251433288678527,1132.6287494767457,8538.530223967507
17374.592445366085,22.251433288678527,1132.6287494767457,8539.171469988301
17375.20872651413,22.254500744864345,1133.0875537935644,8539.171469988301
17377.124522944912,22.254500744864345,1133.0875537935644,8540.507201358676
17377.263860715553,22.25618778541684,1133.130318917334,8540.507201358676
17379.27592538111,22.25618778541684,1133.130318917334,8541.500290740281
17379.55937677808,22.257807763293386,1133.3944664150476,8541.500290740281
17380.734438372776,22.257807763293386,1133.3944664150476,8542.264979179949
17386.84685156122,22.262832256034017,1133.5650812722743,8542.264979179949
17388.300962865353,22.262832256034017,1133.5650812722743,8542.62657335028
17388.446135113016,22.264474995434284,1133.6878391746432,8542.62657335028
17389.09507824108,22.264474995434284,1133.6878391746432,8542.989330241457
17389.292804868892,22.268063159659505,1133.8365016542375,8542.989330241457
17390.577316025272,22.268063159659505,1133.8365016542375,8543.686806518584
17391.21776921302,22.26971143297851,1134.3448205515742,8543.686806518584
17393.711483625695,22.26971143297851,1134.3448205515742,8545.677291216329
17398.449120625854,22.27774947695434,1134.8290842026472,8545.677291216329
17399.909153008834,22.27774947695434,1134.8290842026472,8546.723127605394
17400.314314659685,22.27935196645558,1135.2035781480372,8546.723127605394
17401.636405508965,22.27935196645558,1135.2035781480372,8547.611245473847
17401.921052169055,22.28111093863845,1135.2624800223857,8547.611245473847
17403.321880720556,22.28111093863845,1135.2624800223857,8548.180981069803
17403.38535122201,22.284039391204715,1135.3127416614443,8548.180981069803
17405.286190200597,22.284039391204715,1135.3127416614443,8549.019688334316
17409.763061689213,22.290518889203668,1135.6414890680462,8549.019688334316
17411.741405513138,22.290518889203668,1135.6414890680462,8549.98063333705
17412.381499985233,22.292315183207393,1136.0975017566234,8549.98063333705
17413.98526187241,22.292315183207393,1136.0975017566234,8550.970067838207
17414.46429902129,22.294062234461308,1136.4128910452127,8550.970067838207
17416.87596897781,22.294062234461308,1136.4128910452127,8552.743087299168
17416.944774653763,22.295701954513788,1136.4636150412261,8552.743087299168
17418.486558781937,22.295701954513788,1136.4636150412261,8553.724336663261
17422.552719317377,22.317757543176413,1136.7240594718605,8553.724336663261
17424.177533406764,22.317757543176413,1136.7240594718605,8554.686113486066
17424.62082578987,22.319453664124012,1136.9077341072261,8554.686113486066
17425.717528253794,22.319453664124012,1136.9077341072261,8555.134039383382
17425.826881412417,22.324420284479856,1136.9939942788333,8555.134039383382
17426.921185294166,22.324420284479856,1136.9939942788333,8555.733056994155
17427.166514225304,22.326035052537918,1137.0990513190627,8555.733056994155
17428.62250530161,22.326035052537918,1137.0990513190627,8556.391464857385
17432.458902673796,22.33772378601134,1137.181089553982,8556.391464857385
17433.23739016056,22.33772378601134,1137.181089553982,8556.740622065961
17433.604034487158,22.339592657983303,1137.4112004581839,8556.740622065961
17436.980626573786,22.339592657983303,1137.4112004581839,8559.253137074411
17437.232114823535,22.341257706284523,1137.5919561982155,8559.253137074411
17438.360492542386,22.341257706284523,1137.5919561982155,8559.863262036815
17438.966674085706,22.34287296794355,1138.1538313347846,8559.863262036815
17441.354755600914,22.34287296794355,1138.1538313347846,8561.034623807296
17444.60762988217,22.356827637180686,1138.8179700933397,8561.034623807296
17446.30501599051,22.356827637180686,1138.8179700933397,8561.935583502054
17446.637401716784,22.35845178551972,1139.0848158132285,8561.935583502054
17448.058688558638,22.35845178551972,1139.0848158132285,8562.814564650878
17448.16032696888,22.360090306028724,1139.1694700345397,8562.814564650878
17449.391591222957,22.360090306028724,1139.1694700345397,8563.519205743447
17449.75729615055,22.3689669277519,1139.5079661794007,8563.519205743447
17450.836368810385,22.3689669277519,1139.5079661794007,8563.97491073981
17455.497336369008,22.391180930659175,1139.6559943072498,8563.97491073981
17456.392800318077,22.391180930659175,1139.6559943072498,8564.519714880735
17456.60561851971,22.392850421369076,1139.830605559051,8564.519714880735
17459.47176311724,22.392850421369076,1139.830605559051,8566.35688894242
17459.837951133028,22.394467568024993,1140.139930497855,8566.35688894242
17462.56227647327,22.394467568024993,1140.139930497855,8567.765826882794
17462.796293081716,22.396222330629826,1140.289212949574,8567.765826882794
17464.652729013935,22.396222330629826,1140.289212949574,8568.54645385407
17468.26634296216,22.4014463853091,1140.590763906017,8568.54645385407
17469.76229634881,22.4014463853091,1140.590763906017,8569.618396656588
17470.0157137271,22.40330653823912,1140.645691409707,8569.618396656588
17471.175388189033,22.40330653823912,1140.645691409707,8570.39739526622
17471.325415685773,22.40489794500172,1140.78200131841,8570.39739526622
17472.364828128368,22.40489794500172,1140.78200131841,8570.85243065469
17472.469326531515,22.40689886175096,1140.8506449908018,8570.85243065469
17473.261091573164,22.40689886175096,1140.8506449908018,8571.338197087869
17478.120357617736,22.411952760070562,1140.9789723213762,8571.338197087869
17479.050122877583,22.411952760070562,1140.9789723213762,8571.63328531012
17479.185619881377,22.415437512099743,1141.060203300789,8571.63328531012
17479.946763649583,22.415437512099743,1141.060203300789,8572.10099343583
17480.225346840918,22.417158691212535,1141.2298139613122,8572.10099343583
17482.787844309583,22.417158691212535,1141.2298139613122,8574.010516731068
17483.183450061828,22.41894312389195,1141.4473759587854,8574.010516731068
17484.49366696179,22.41894312389195,1141.4473759587854,8574.804211657494
17487.31465913914,22.42579223588109,1142.1554621979594,8574.804211657494
17488.51000533998,22.42579223588109,1142.1554621979594,8575.69796865806
17488.67356174998,22.427431924268603,1142.3067828677595,8575.69796865806
17491.38795420155,22.427431924268603,1142.3067828677595,8577.277476232499
17492.09451973252,22.42912469431758,1142.9026067052037,8577.277476232499
17495.338924109936,22.42912469431758,1142.9026067052037,8579.648901784793
17495.77038634941,22.430881824344397,1143.27642737329,8579.648901784793
17498.361874109134,22.430881824344397,1143.27642737329,8581.115713702515
17501.02259822935,22.448813086375594,1143.6945681534708,8581.115713702515
17502.06147703901,22.448813086375594,1143.6945681534708,8581.569920206442
17502.22710693814,22.450453719124198,1143.8302033301443,8581.569920206442
17504.612336145714,22.450453719124198,1143.8302033301443,8583.464527809992
17505.047302838415,22.4520553778857,1144.1913802232593,8583.464527809992
17507.646941816434,22.4520553778857,1144.1913802232593,8584.984128274024
17507.94133344665,22.453843541443348,1144.3466352839023,8584.984128274024
17509.620061652735,22.453843541443348,1144.3466352839023,8586.407628437504
17513.586123863235,22.510432604700327,1144.7648895084858,8586.407628437504
17515.37437495403,22.510432604700327,1144.7648895084858,8587.72190468572
17515.74084881693,22.51213677600026,1145.057294813916,8587.72190468572
17518.27852412872,22.51213677600026,1145.057294813916,8589.659705914557
17518.554938293993,22.513799848034978,1145.3084376621991,8589.659705914557
17520.049326261505,22.513799848034978,1145.3084376621991,8590.514372861013
17520.390244854614,22.515065690502524,1145.347613690421,8590.514372861013
17520.931209469214,22.515065690502524,1145.347613690421,8590.725035198033
17525.079343153164,22.520039269700646,1145.4893377870321,8590.725035198033
17526.788079366088,22.520039269700646,1145.4893377870321,8591.594949269667
17526.89170856215,22.521716909483075,1145.5734172202647,8591.594949269667
17528.473227148876,22.521716909483075,1145.5734172202647,8592.70958378166
17528.761247245595,22.524803545325994,1145.6631948854774,8592.70958378166
17529.712103152648,22.524803545325994,1145.6631948854774,8593.10275275074
17529.803046820685,22.52644094452262,1145.7336118724197,8593.10275275074
17530.554357476532,22.52644094452262,1145.7336118724197,8593.454362789169
17534.919080376625,22.53137813322246,1145.8442874066532,8593.454362789169
17536.11480044946,22.53137813322246,1145.8442874066532,8594.152628632262
17536.462703099474,22.5332263559103,1145.897701703012,8594.152628632262
17537.230908771977,22.5332263559103,1145.897701703012,8594.435068886727
17537.372867871076,22.543129306286573,1146.0173508413136,8594.435068886727
17538.572842100635,22.543129306286573,1146.0173508413136,8595.292069835588
17539.16333801672,22.5447590444237,1146.5730400141329,8595.292069835588
17541.96012997441,22.5447590444237,1146.5730400141329,8597.355582842603
17544.477624177933,22.582821983844042,1147.1720568630844,8597.355582842603
17546.24914199859,22.582821983844042,1147.1720568630844,8598.144269855693
17546.62582358159,22.584494713693857,1147.5084254555404,8598.144269855693
17548.859163356945,22.584494713693857,1147.5084254555404,8599.872396145016
17549.10363630578,22.58628696575761,1147.6344435997307,8599.872396145016
17549.963795380667,22.58628696575761,1147.6344435997307,8600.318227417767
17550.345880340785,22.58790590427816,1147.9934939928353,8600.318227417767
17552.35465316288,22.58790590427816,1147.9934939928353,8601.33878984116
17554.940838681534,22.60589075088501,1148.6428378354758,8601.33878984116
17556.13438920863,22.60589075088501,1148.6428378354758,8602.079502275214
17556.722742324695,22.607535421848297,1149.1620033197105,8602.079502275214
17559.062371477485,22.607535421848297,1149.1620033197105,8603.95078686811
17559.487944537774,22.609150590375066,1149.5545952692628,8603.95078686811
17560.73080460541,22.609150590375066,1149.5545952692628,8604.83358405903
17560.927023429424,22.610792798921466,1149.7261702269316,8604.83358405903
17562.294978696853,22.610792798921466,1149.7261702269316,8605.764706414193
17564.73474846594,22.704103399068117,1150.1505482736975,8605.764706414193
17566.301452260464,22.704103399068117,1150.1505482736975,8606.55448492989
17566.461843527853,22.705906562507153,1150.2578385081142,8606.55448492989
17568.39688420482,22.705906562507153,1150.2578385081142,8607.959376337007
17568.63389154896,22.707752764225006,1150.463496433571,8607.959376337007
17570.939036490396,22.707752764225006,1150.463496433571,8609.217711098492
17571.344769168645,22.709574887529016,1150.8058039937168,8609.217711098492
17573.349913461134,22.709574887529016,1150.8058039937168,8610.788616893813
17575.53732390143,22.71466084755957,1150.8653501346707,8610.788616893813
17578.209727417678,22.71466084755957,1150.8653501346707,8612.800426004454
17578.71667148918,22.716244796290994,1151.3280988764018,8612.800426004454
17579.984185939655,22.716244796290994,1151.3280988764018,8613.844766393304
17580.373262496665,22.717986518517137,1151.6115264426917,8613.844766393304
17581.487105444074,22.717986518517137,1151.6115264426917,8614.33409241587
17581.910830309615,22.719660287722945,1151.990178462118,8614.33409241587
17584.204670468345,22.719660287722945,1151.990178462118,8615.648443065584
17586.490053350106,22.724711136892438,1152.440897507593,8615.648443065584
17587.6661681924,22.724711136892438,1152.440897507593,8616.085358876735
17587.850972041488,22.72639679722488,1152.596354616806,8616.085358876735
17589.561421604827,22.72639679722488,1152.596354616806,8617.183543279767
17589.96380028315,22.729430040344596,1152.7055512927473,8617.183543279767
17591.08533954993,22.729430040344596,1152.7055512927473,8617.724457208067
17591.149172345176,22.73104594834149,1152.7585458625108,8617.724457208067
17592.428963121027,22.73104594834149,1152.7585458625108,8618.432274440303
17596.09265451692,22.751499647274613,1152.8027722034603,8618.432274440303
17597.342456309125,22.751499647274613,1152.8027722034603,8618.892610380426
17597.75337121263,22.75417983531952,1153.1040659938008,8618.892610380426
17598.981632344425,22.75417983531952,1153.1040659938008,8619.785207420588
17599.61052510701,22.755974739789963,1153.4791251271963,8619.785207420588
17600.841360924765,22.755974739789963,1153.4791251271963,8620.438645604998
17601.268775567412,22.769737539812922,1153.8712919428945,8620.438645604998
17602.193140164018,22.769737539812922,1153.8712919428945,8620.80375925824
17605.778489325196,22.79612676985562,1154.3317780140787,8620.80375925824
17607.06793189794,22.79612676985562,1154.3317780140787,8621.490947917104
17607.326686264947,22.806652959436178,1154.5423710178584,8621.490947917104
17609.33967164159,22.806652959436178,1154.5423710178584,8622.400467542931
17609.440611841157,22.808217687532306,1154.5922113619745,8622.400467542931
17610.574964134023,22.808217687532306,1154.5922113619745,8622.757532972842
17610.72026918456,22.809804435819387,1154.7162384372205,8622.757532972842
17611.951576452702,22.809804435819387,1154.7162384372205,8623.213983872905
17616.250426534563,22.814973512664437,1154.7878466453403,8623.213983872905
17616.721965776756,22.814973512664437,1154.7878466453403,8623.450713671744
17616.828581800684,22.816518621519208,1154.8728634845465,8623.450713671744
17617.95533368364,22.816518621519208,1154.8728634845465,8623.834843801335
17618.37994614616,22.81826188415289,1155.0468807574362,8623.834843801335
17619.85311981663,22.81826188415289,1155.0468807574362,8624.807042717934
17620.29401190579,22.819857822731137,1155.4747836180031,8624.807042717934
17621.274404536933,22.819857822731137,1155.4747836180031,8625.52824120596
17624.255010969937,22.862021585926414,1155.620412606746,8625.52824120596
17625.2697954569,22.862021585926414,1155.620412606746,8625.951281037182
17625.367567798123,22.863642305135727,1155.6969088558108,8625.951281037182
17627.17432736419,22.863642305135727,1155.6969088558108,8626.80775982514
17627.44503768906,22.86525696516037,1155.9178460966796,8626.80775982514
17629.66935185902,22.86525696516037,1155.9178460966796,8628.47396544367
17629.74215940945,22.866916798055172,1155.9771360401064,8628.47396544367
17630.839278496802,22.866916798055172,1155.9771360401064,8629.108949281275
17633.92877066508,22.906442366540432,1156.0492014177144,8629.108949281275
17634.951233711094,22.906442366540432,1156.0492014177144,8629.598012151197
17635.143306251615,22.9080874864012,1156.2295557055622,8629.598012151197
17636.36441578716,22.9080874864012,1156.2295557055622,8630.463298739865
17636.59836620465,22.9097473975271,1156.4342400170863,8630.463298739865
17638.358968626708,22.9097473975271,1156.4342400170863,8631.290728190914
17638.484472060576,22.91141914948821,1156.523212088272,8631.290728190914
17640.100826099515,22.91141914948821,1156.523212088272,8632.303893039003
17643.50237507373,22.916608940809965,1156.9611263945699,8632.303893039003
17646.1121635139,22.916608940809965,1156.9611263945699,8634.00593922846
17646.444883132353,22.91826380044222,1157.2109770718962,8634.00593922846
17648.94010976702,22.91826380044222,1157.2109770718962,8635.933113578707
17649.115496775135,22.9402891471982,1157.3374080043286,8635.933113578707
17650.75388251245,22.9402891471982,1157.3374080043286,8636.925272516906
17651.050793273374,22.94195429608226,1157.5724481027573,8636.925272516906
17652.571287585422,22.94195429608226,1157.5724481027573,8637.683051047847
17657.562506593764,22.946573989465833,1157.6675838660449,8637.683051047847
17658.365419780836,22.946573989465833,1157.6675838660449,8637.908511634916
17658.693179130554,22.95604009181261,1157.9654476232827,8637.908511634916
17659.987373832613,22.95604009181261,1157.9654476232827,8638.133406750858
17660.16689970717,22.957707412540913,1158.087993402034,8638.133406750858
17661.95072111301,22.957707412540913,1158.087993402034,8639.141258824617
17662.125063201413,22.959237860515714,1158.1644540578127,8639.141258824617
17664.67133678496,22.959237860515714,1158.1644540578127,8640.674732523039
