2.7755575615628914e-16,0.0,0.0,0.0,0.0,0.0,0.0,0.0
1.3102101753537099e-06,0.0,0.0,0.0,0.0,0.0,0.0,0.0
0.0,0.0,0.0,0.0,0.0,0.0,0.0,0.0
1.1102230246251565e-15,0.0,0.0,0.0,0.0,0.0,0.0,0.0
2.7755575615628914e-16,0.0,0.0,0.0,0.0,0.0,0.0,0.0
3.3306690738754696e-16,0.0,0.0,0.0,0.0,0.0,0.0,0.0
4.440892098500626e-16,0.0,0.0,0.0,0.0,0.0,0.0,0.0
1.6653345369377348e-16,0.0,0.0,0.0,0.0,0.0,0.0,0.0
5.551115123125783e-16,0.0,0.0,0.0,0.0,0.0,0.0,0.0
1.1102230246251565e-16,0.0,0.0,0.0,0.0,0.0,0.0,0.0
2.220446049250313e-16,0.0,0.0,0.0,0.0,0.0,0.0,0.0
3.885780586188048e-16,0.0,0.0,0.0,0.0,0.0,0.0,0.0
1.1102230246251565e-16,0.0,0.0,0.0,0.0,0.0,0.0,0.0
5.551115123125783e-17,0.0,0.0,0.0,0.0,0.0,0.0,0.0
1.1102230246251565e-16,0.0,0.0,0.0,0.0,0.0,0.0,0.0
4.996003610813204e-16,0.0,0.0,0.0,0.0,0.0,0.0,0.0
9.270362255620057e-15,0.0,0.0,0.0,0.0,0.0,0.0,0.0
3.1086244689504383e-15,0.0,0.0,0.0,0.0,0.0,0.0,0.0
1.9984014443252818e-15,0.0,0.0,0.0,0.0,0.0,0.0,0.0
1.3877787807814457e-14,0.0,0.0,0.0,0.0,0.0,0.0,0.0
2.3314683517128287e-15,0.0,0.0,0.0,0.0,0.0,0.0,0.0
1.7763568394002505e-15,0.0,0.0,0.0,0.0,0.0,0.0,0.0
8.382183835919932e-15,0.0,0.0,0.0,0.0,0.0,0.0,0.0
4.773959005888173e-15,0.0,0.0,0.0,0.0,0.0,0.0,0.0
1.27675647831893e-15,0.0,0.0,0.0,0.0,0.0,0.0,0.0
2.9976021664879227e-15,0.0,0.0,0.0,0.0,0.0,0.0,0.0
4.107825191113079e-15,0.0,0.0,0.0,0.0,0.0,0.0,0.0
3.3306690738754696e-16,0.0,0.0,0.0,0.0,0.0,0.0,0.0
8.326672684688674e-16,0.0,0.0,0.0,0.0,0.0,0.0,0.0
1.6653345369377348e-15,0.0,0.0,0.0,0.0,0.0,0.0,0.0
1.3322676295501878e-15,0.0,0.0,0.0,0.0,0.0,0.0,0.0
3.885780586188048e-16,0.0,0.0,0.0,0.0,0.0,0.0,0.0
3.3306690738754696e-16,0.0,0.0,0.0,0.0,0.0,0.0,0.0
1.2212453270876722e-15,0.0,0.0,0.0,0.0,0.0,0.0,0.0
8.326672684688674e-16,0.0,0.0,0.0,0.0,0.0,0.0,0.0
5.551115123125783e-17,0.0,0.0,0.0,0.0,0.0,0.0,0.0
8.88256135311849e-12,0.0,0.0,0.0,0.0,0.0,0.0,0.0
3.375177914932692e-11,6.4150911623685635e-21,4.70197740328915e-38,3.6734198463196485e-40,0.0,2.155312398489736e-12,1.1103034079425624e-30,3.0218442402676397e-30
3.277905724630159e-11,7.313517394241035e-21,1.3234889800848443e-23,5.169878828456423e-26,0.0,2.388154446566898e-12,1.4898249478317051e-16,2.029044400798978e-16
3.0830837882689366e-11,6.097561893943157e-21,1.323488980084848e-22,3.618915179919496e-25,0.0,1.9377913715282668e-12,9.690046607837413e-16,9.239864236003782e-16
2.8950619679335432e-11,4.809228090024072e-21,2.6469779601698014e-23,1.0339757656912846e-25,0.0,1.488469468573225e-12,1.426265178285437e-16,1.9429508806610236e-16
2.7145785619353546e-11,3.471677039665173e-21,1.5881867761018207e-22,1.0339757656912993e-25,0.0,1.0471382659212052e-12,6.733814377308666e-16,1.528851554211676e-16
2.542122068405206e-11,2.1072426194046566e-21,5.293955920339452e-23,2.0679515313825986e-25,0.0,6.198020737734541e-13,1.8421734419982175e-16,2.5093832535503336e-16
2.377908980832899e-11,7.134432874042546e-22,2.1175823681357734e-22,4.1359030627651384e-25,0.0,2.0475311712637042e-13,6.225304115507677e-16,4.239753230140957e-16
2.2221058326721277e-11,6.840783758152882e-22,5.293955920339528e-23,0.0,0.0,1.9167085900728835e-13,1.3429700667674235e-16,0.0
2.074190819101318e-11,2.0915261882356754e-21,5.293955920339528e-23,2.0679515313825986e-25,0.0,5.724372482384999e-13,1.1777521556839424e-16,1.6039754909157352e-16
1.9344914559127346e-11,3.501455542498027e-21,4.235164736271532e-22,1.0339757656912846e-24,0.0,9.365956098797856e-13,8.368993925619433e-16,7.122946708152963e-16
1.802724636235098e-11,4.912625667683128e-21,1.0587911840678905e-22,6.203854594147708e-25,0.0,1.284904201040592e-12,1.8777205560512267e-16,3.8352105720541437e-16
1.6786516621181136e-11,6.2865726653069e-21,1.504632769052528e-36,2.067951531382628e-25,0.0,1.6085329595648993e-12,2.4153527537264067e-30,1.1570610109480525e-16
1.5620837956475953e-11,7.660519662933916e-21,2.117582368135781e-22,4.135903062765432e-25,0.0,1.9183590073634614e-12,3.099148146488703e-16,2.1095785217390795e-16
1.4527323788371405e-11,9.004688158511974e-21,1.0587911840679055e-22,1.2407709188295591e-24,0.0,2.2079258680617277e-12,1.4214424329057503e-16,5.804837918650244e-16
1.350325407045716e-11,1.0337276125516977e-20,3.009265538105056e-36,4.135903062765315e-25,0.0,2.4828298080342774e-12,3.725621855347768e-30,1.784198761633701e-16
1.2545242622508113e-11,1.1646703035372944e-20,6.352747104407373e-22,2.4815418376591007e-24,0.0,2.7412113476579526e-12,7.286672579226187e-16,9.916946490895223e-16
1.1648959574728224e-11,1.2920561178891358e-20,5.293955920339437e-22,4.135903062765315e-25,0.0,2.9811680493106173e-12,5.648700267938304e-16,1.537376863716975e-16
1.0816236795108125e-11,1.4164640820359894e-20,8.470329472543124e-22,8.271806125530277e-25,0.0,3.2050638800578608e-12,8.438049901610051e-16,2.87035828178335e-16
1.0041967257734541e-11,1.537563323732816e-20,1.0587911840678754e-21,2.4815418376590948e-24,0.0,3.413065463342392e-12,9.87945043599519e-16,8.064721693437356e-16
9.32171007050897e-12,1.6565946138984286e-20,6.352747104407253e-22,2.067951531382581e-24,0.0,3.6087522824323427e-12,5.56841213014754e-16,6.31256674451718e-16
8.65352234313832e-12,1.7716554371239413e-20,8.470329472543064e-22,2.4815418376591065e-24,0.0,3.788721177505504e-12,6.993009701109709e-16,7.133964837852181e-16
8.033240739280245e-12,1.8834075378993822e-20,8.470329472543064e-22,1.2407709188295415e-24,0.0,3.955200221296369e-12,6.602395854644132e-16,3.3673428231879763e-16
7.462530593471683e-12,1.9927608148985475e-20,2.117582368135871e-22,3.308722450212111e-24,0.0,4.110773160281185e-12,1.5618266290851154e-16,8.495628220363409e-16
6.932732166120559e-12,2.0983090610800865e-20,2.117582368135871e-22,8.271806125530277e-25,0.0,4.253150491496349e-12,1.4808112135682658e-16,2.0134915630000181e-16
6.444011990680565e-12,2.2008794570565417e-20,8.470329472543184e-22,1.6543612251060553e-24,0.0,4.3846499892873e-12,5.626437165801661e-16,3.8247257755205847e-16
5.9948157549172265e-12,2.2998929763991174e-20,2.117582368135757e-21,5.790264287871229e-24,0.0,4.504680134348175e-12,1.3384233450092085e-15,1.273603824513162e-15
5.580591544429581e-12,2.3967558261491445e-20,2.117582368135763e-21,6.617444900424257e-24,0.0,4.6165135229513916e-12,1.2755746598179414e-15,1.3870239430129352e-15
5.200451180797927e-12,2.490475389571553e-20,1.0587911840678875e-21,4.135903062765162e-24,0.0,4.718664937603902e-12,6.08741021415373e-16,8.273042037424677e-16
4.854450175173497e-12,2.5816306930951218e-20,2.117582368135751e-21,9.926167350636391e-24,0.0,4.812675336174093e-12,1.1636449544933959e-15,1.8974846827023335e-15
4.5350390109888394e-12,2.6674920406984215e-20,4.235164736271622e-22,2.4815418376591065e-24,0.0,4.893918494376651e-12,2.2272600452971816e-16,4.5392271705398e-16
4.247047158401074e-12,2.7522780535054654e-20,1.6940658945086007e-21,2.4815418376591065e-24,0.0,4.970606567338086e-12,8.536481383581712e-16,4.3488297409799123e-16
3.981537322061968e-12,2.8341689341686324e-20,2.117582368135757e-21,6.617444900424292e-24,0.0,5.039709707527936e-12,1.0236058021960397e-15,1.1123124403506077e-15
3.7414515929867775e-12,2.914405453606749e-20,4.235164736271742e-22,4.9630836753181896e-24,0.0,5.1037420720040995e-12,1.965955120762085e-16,8.010139456491526e-16
3.523237257496703e-12,2.9908369422271704e-20,8.470329472543064e-22,7.052966104933725e-38,0.0,5.159217735545896e-12,3.7796816380403647e-16,1.0940883327300501e-29
3.3259506260208127e-12,3.0646214528874694e-20,3.3881317890172194e-21,7.444625512977296e-24,0.0,5.208480322457801e-12,1.4547339254140788e-15,1.111044923015519e-15
3.148148408627094e-12,3.1369997565064716e-20,1.2705494208814565e-21,1.654361225106079e-24,0.0,5.253876264446823e-12,5.253852536372988e-16,2.377504264407682e-16
2.395861287141088e-12,3.3579396981449725e-20,4.235164736271622e-22,1.654361225106079e-24,0.0,5.5423898845959455e-12,1.6880846518771621e-16,2.2914024148482936e-16
2.156719247636829e-12,3.4226252220564036e-20,8.470329472543184e-22,1.654361225106079e-24,0.0,5.6456186419581585e-12,3.258470622323285e-16,2.2112047973941624e-16
1.9577117704727698e-12,3.459103887070676e-20,8.470329472543244e-22,0.0,0.0,5.702270187483551e-12,3.1487019491441184e-16,0.0
1.7787993300544258e-12,3.492191111573419e-20,4.235164736271742e-22,7.052966104933725e-38,0.0,5.753260098393906e-12,1.523044017045026e-16,8.809717069091345e-30
1.6174284134251593e-12,3.5218041775034616e-20,4.235164736271682e-22,2.350988701644575e-38,0.0,5.798462526618365e-12,1.474975715731806e-16,2.8434056739801532e-30
1.4727108421652702e-12,3.5494320099633966e-20,1.2705494208814625e-21,0.0,0.0,5.840338023668534e-12,4.2895464056028565e-16,0.0
1.339817146117639e-12,3.5742474283406693e-20,1.2037062152420224e-35,4.70197740328915e-38,0.0,5.8775324484023415e-12,3.943231682337394e-30,5.347214988899671e-30
1.2206347044241284e-12,3.596994895186576e-20,8.470329472543124e-22,1.654361225106126e-24,0.0,5.911277853658972e-12,2.694802952580036e-16,1.8267907960709312e-16
1.114608405572426e-12,3.617343538256093e-20,8.470329472543244e-22,1.654361225106173e-24,0.0,5.941037156421389e-12,2.619287061789949e-16,1.7752468846882147e-16
1.0176304243714185e-12,3.635789665916752e-20,0.0,1.654361225106079e-24,0.0,5.9676323186898864e-12,0.0,1.7265037385052483e-16
9.304779169383437e-13,3.6533258949036144e-20,8.470329472543003e-22,3.308722450212205e-24,0.0,5.9926973951740666e-12,2.480278798065793e-16,3.360678218195659e-16
8.513745264338013e-13,3.668380582052829e-20,4.235164736271863e-22,3.308722450212158e-24,0.0,6.013658749427648e-12,1.2080823997879414e-16,3.273107313545542e-16
7.811529201262601e-13,3.6831871150182876e-20,8.470329472543124e-22,3.308722450212205e-24,0.0,6.034182941838349e-12,2.355282020757154e-16,3.189936146026714e-16
7.168710070004636e-13,3.69633928675865e-20,4.235164736271742e-22,3.308722450212158e-24,0.0,6.05196837847526e-12,1.1486960975871383e-16,3.110841252064769e-16
6.573630528805552e-13,3.708416123702701e-20,4.235164736271622e-22,1.654361225106079e-24,0.0,6.067967565388534e-12,1.1211399601950003e-16,1.5177650585892106e-16
6.070699498650356e-13,3.7194176258504406e-20,8.470329472543244e-22,3.308722450212205e-24,0.0,6.082183796525171e-12,2.189749979688162e-16,2.96373756092848e-16
5.596079155623102e-13,3.729757383508145e-20,8.470329472543365e-22,1.6543612251061494e-24,0.0,6.095296268166777e-12,2.1396250316546484e-16,1.4476113085065857e-16
5.166422845093166e-13,3.739269960553304e-20,8.470329472543365e-22,1.6543612251061494e-24,0.0,6.107036816684126e-12,2.0917436099928692e-16,1.4148829155763216e-16
4.801714581503802e-13,3.747624484740918e-20,4.81482486096809e-35,4.70197740328915e-38,0.0,6.11686792639811e-12,1.16299269509258e-29,3.932380697217889e-30
4.426459199180499e-13,3.75589629086728e-20,8.470329472543003e-22,1.6543612251061494e-24,0.0,6.126547206007261e-12,2.0021346545703393e-16,1.353621344282534e-16
4.1283643170686446e-13,3.763010044136073e-20,8.470329472543003e-22,4.70197740328915e-38,0.0,6.134321943293924e-12,1.9601490101760028e-16,3.765628251264065e-30
3.856359676035481e-13,3.7698756432211014e-20,4.81482486096809e-35,9.4039548065783e-38,0.0,6.141678037490592e-12,1.0913300836312674e-29,7.374753433558497e-30
3.586575481051568e-13,3.775831343632324e-20,1.6940658945086127e-21,4.963083675318166e-24,0.0,6.147538846718467e-12,3.762496073868639e-16,3.8128606598556623e-16
3.356204203441848e-13,3.782531506594847e-20,8.470329472543003e-22,1.6543612251061024e-24,0.0,6.154598983109224e-12,1.8441326329253836e-16,1.2455670031047891e-16
3.152478278423132e-13,3.7880736166997964e-20,1.6940658945086248e-21,1.6543612251061964e-24,0.0,6.159762510848598e-12,3.6169069418682264e-16,1.2211604549808367e-16
2.964295475749168e-13,3.793698444866004e-20,6.018531076210112e-35,3.308722450212252e-24,0.0,6.16504931636632e-12,1.2605943075443669e-29,2.3953564662518036e-16
2.790545572395331e-13,3.797917065990873e-20,1.2037062152420224e-35,3.308722450212158e-24,0.0,6.168041049123462e-12,2.474227514496184e-30,2.350137601528138e-16
2.6434410216324977e-13,3.8287709028397923e-20,2.407412430484045e-35,4.96308367531826e-24,0.0,6.214254402198804e-12,4.857967914085908e-30,3.459853147594746e-16
2.5079938126282286e-13,3.8469688763167353e-20,8.470329472543365e-22,1.6543612251061494e-24,0.0,6.2398770129399e-12,1.6785516827602203e-16,1.1322806274787306e-16
2.378652830259398e-13,3.849533136216527e-20,8.470329472543365e-22,1.6543612251061024e-24,0.0,6.240120385001367e-12,1.6489408382201428e-16,1.1120163076134299e-16
2.2648549702353193e-13,3.851270215503768e-20,8.470329472543003e-22,3.308722450212158e-24,0.0,6.239018663298957e-12,1.6203566502760183e-16,2.1849060955958297e-16
2.162714451969805e-13,3.853669039281049e-20,8.470329472543003e-22,3.308722450212158e-24,0.0,6.238984903565763e-12,1.592746635036678e-16,2.1471101663746598e-16
2.071676163950542e-13,3.8562332991808404e-20,1.6940658945086248e-21,3.308722450212299e-24,0.0,6.239214083906457e-12,3.1321236521130367e-16,2.1105780819990185e-16
1.9884094371036554e-13,3.857887660406823e-20,0.0,9.4039548065783e-38,0.0,6.237966951456634e-12,0.0,5.8982081089769145e-30
1.9223511671384585e-13,3.8603692022453576e-20,1.6940658945086368e-21,6.617444900424315e-24,0.0,6.2380532680485696e-12,3.030575675227514e-16,4.082120127964248e-16
2.505590179779915e-11,6.471132093159449e-20,0.0,3.30882342440812e-24,0.0,1.0449979243669024e-11,0.0,2.0079640844610138e-16
1.327327137090606e-12,2.545482899924112e-20,8.735027268560213e-22,1.323488980084863e-23,0.0,2.8084637047193013e-12,1.5024701497762171e-16,7.850002896385745e-16
1.1324274851176597e-13,3.41422933779132e-20,2.646977960172096e-23,3.412120026781286e-24,0.0,3.728213436943564e-12,4.448037675078421e-18,1.9778599909397029e-16
9.320322291728189e-14,3.322660444000028e-20,8.999725064576941e-22,3.515517603350556e-24,0.0,3.591884280199956e-12,1.4779668223813798e-16,1.992053931555322e-16
7.932543510946743e-14,3.2247636185260217e-20,1.5881867761020539e-22,3.515517603350415e-24,0.0,3.4514940273521173e-12,2.5497107633887745e-17,1.9478614237722335e-16
6.816769371198461e-14,3.125791458255752e-20,1.1117307432712933e-21,4.342698215903395e-24,0.0,3.3127505198420865e-12,1.745321141970674e-16,2.3534197871259826e-16
7.743805596760467e-14,3.027108811199914e-20,3.1763735522036263e-22,4.1359030627652324e-24,0.0,3.1770439525846577e-12,4.877780896402119e-17,2.1927684207370601e-16
8.443246102274315e-14,2.949643346856096e-20,8.470329472543244e-22,3.515517603350509e-24,0.0,3.066016557589965e-12,1.272714161847991e-16,1.8239114464216136e-16
9.015010959956271e-14,2.9737556617338214e-20,1.1646703024747111e-21,6.617444900424362e-24,0.0,3.0616959426303344e-12,1.7127530462019523e-16,3.3605006528094615e-16
9.46465128492946e-14,2.9989433114078957e-20,1.2705494208814746e-21,4.1359030627652794e-24,0.0,3.0585637560420442e-12,1.8292050987653247e-16,2.0563076165148643e-16
1.0014211682118912e-13,3.0239241659288624e-20,2.4352197233561616e-21,2.481541837659177e-24,0.0,3.0552882758158386e-12,3.433228877194631e-16,1.2082203615233087e-16
1.18849374786123e-13,3.049897637184922e-20,3.1763735522036744e-21,2.895132143935644e-24,0.0,3.053071298105653e-12,4.3863319724948115e-16,1.380703310330981e-16
1.4155343563970746e-13,3.072479667929545e-20,2.117582368135799e-21,2.895132143935832e-24,0.0,3.0475326592966263e-12,2.864996783324711e-16,1.3527150686354868e-16
1.6114887202434147e-13,3.0984531391856655e-20,3.599890025830849e-21,5.376673981594868e-24,0.0,3.0454270460509143e-12,4.77301371261062e-16,2.461807620924392e-16
1.8535173396116988e-13,3.1214487602366254e-20,2.117582368135823e-21,6.617444900424222e-24,0.0,3.040455558264267e-12,2.7521136512975257e-16,2.969803713365117e-16
2.0761170560490427e-13,3.147256795370297e-20,1.0587911840678754e-21,8.271806125530277e-25,0.0,3.0382823826305045e-12,1.3491471650804414e-16,3.639379675416957e-17
2.3064883336587627e-13,3.1707487247888505e-20,1.9058241313222e-21,1.88079096131566e-37,0.0,3.033924114401815e-12,2.3815111199682796e-16,8.114240474563454e-30
2.560174294785611e-13,3.195150552881243e-20,1.0587911840679236e-21,3.308722450212158e-24,0.0,3.0304959805199246e-12,1.2977657041312925e-16,1.4000285609328727e-16
2.793321129956894e-13,3.2203795615862215e-20,1.6940658945086248e-21,3.308722450212299e-24,0.0,3.0278941486703244e-12,2.037161819575277e-16,1.3733878565383447e-16
3.06810132855162e-13,3.244946825801188e-20,4.235164736272224e-22,5.790264287871194e-24,0.0,3.0247076581466323e-12,4.997647414380637e-17,2.358158057981743e-16
3.325117958752344e-13,3.27034127062874e-20,4.23516473627155e-21,9.926167350636379e-24,0.0,3.022325849191884e-12,4.905173281975223e-16,3.9671756293194297e-16
3.589351038613131e-13,3.2934196097411766e-20,1.0587911840678995e-21,4.1359030627651854e-24,0.0,3.0178464070197362e-12,1.2038425454222763e-16,1.6224730482338296e-16
3.8491432263754177e-13,3.3172424114049435e-20,4.235164736271526e-21,4.1359030627652794e-24,0.0,3.014101649270876e-12,4.728131912176647e-16,1.5928144156017647e-16
4.122258090433206e-13,3.34288501041636e-20,3.3881317890172014e-21,5.790264287871288e-24,0.0,3.012040676493959e-12,3.714686142460065e-16,2.1895744038966108e-16
4.418687638008123e-13,3.367534992692747e-20,3.3881317890172495e-21,2.481541837659224e-24,0.0,3.0091072020811887e-12,3.648761403354174e-16,9.215665269725964e-17
4.704570066849101e-13,3.39284671945921e-20,5.505714157153e-21,6.617444900424315e-24,0.0,3.0067875406244293e-12,5.825070126593525e-16,2.413876108401591e-16
4.990452495690079e-13,3.41741398367441e-20,8.470329472543244e-22,2.481541837659224e-24,0.0,3.003829368455251e-12,8.805770884937025e-17,8.892832728984928e-17
5.28355137419112e-13,3.441650375644624e-20,2.541098841762925e-21,6.617444900424315e-24,0.0,3.0006075754338973e-12,2.5962337590135213e-16,2.330105822317021e-16
5.578315587229099e-13,3.4665485121049156e-20,4.235164736271983e-22,1.323488980084849e-23,0.0,2.997985806237013e-12,4.253257301501967e-17,4.57977306539237e-16
5.868638908168577e-13,3.4911157763202216e-20,1.2705494208814505e-21,4.1359030627651384e-24,0.0,2.9950969646541947e-12,1.2544241798977921e-16,1.4067032169892676e-16
6.182832024137497e-13,3.515269450229287e-20,8.470329472543003e-22,1.6543612251062434e-24,0.0,2.991875911766774e-12,8.222910092986504e-17,5.5314608519041724e-17
6.49147402498329e-13,3.53942312413839e-20,4.235164736271526e-21,1.9852334701272946e-23,0.0,2.9886786858887214e-12,4.0433128340086507e-16,6.526285258463336e-16
6.80788758700146e-13,3.564073106415061e-20,5.505714157152952e-21,8.271806125530277e-24,0.0,2.9859195132581397e-12,5.169999386798819e-16,2.6740290459142304e-16
7.102651800039439e-13,3.588971242875536e-20,4.658681209898652e-21,9.926167350636426e-24,0.0,2.9833809042384386e-12,4.3034448740087e-16,3.155904171399569e-16
7.444045380111675e-13,3.6147792780098574e-20,7.222237291452134e-35,9.4039548065783e-38,0.0,2.9816026088326027e-12,6.56397200274017e-30,2.9409872125630553e-30
7.748246488858967e-13,3.640256440899196e-20,2.117582368135775e-21,8.271806125530371e-24,0.0,2.9795505881705774e-12,1.893830046297978e-16,2.5449902967497133e-16
8.066325385414075e-13,3.664575550931e-20,2.541098841762949e-21,8.271806125530277e-24,0.0,2.976558288101801e-12,2.236612420796708e-16,2.504096025399556e-16
2.011169009108471e-13,3.745473814861907e-20,4.235164736271983e-22,6.617444900424315e-24,0.0,3.0189089557679788e-12,3.669184555765527e-17,1.9713653639679483e-16
1.744160371686121e-13,3.759949475591935e-20,2.117582368135775e-21,3.308722450212205e-24,0.0,3.0286486044919054e-12,1.8062314773761737e-16,9.702110513935632e-17
1.7180701306074297e-13,3.762017427124139e-20,2.1175823681358712e-21,3.308722450212111e-24,0.0,3.0284028441111283e-12,1.7787342236736893e-16,9.55208705789851e-17
1.723066134218243e-13,3.763506352227466e-20,3.8116482626443756e-21,4.963083675318542e-24,0.0,3.0276892596336156e-12,3.1537110201976986e-16,1.4109819238371655e-16
1.7080781233858033e-13,3.765822457943346e-20,2.541098841762925e-21,8.271806125530371e-24,0.0,3.0276392798559527e-12,2.0714127430035876e-16,2.3163224626857794e-16
1.7114087924596788e-13,3.766980510801652e-20,2.117582368135799e-21,3.308722450212205e-24,0.0,3.02665656831067e-12,1.7010466221707656e-16,9.128131655190855e-17
1.6892043319671757e-13,3.7695447707013e-20,1.6940658945086248e-21,1.6543612251062434e-24,0.0,3.0268018938767772e-12,1.3413097901065522e-16,4.497447880371034e-17
1.6853185513809876e-13,3.770868259682118e-20,8.470329472543966e-22,8.271806125530465e-24,0.0,3.0259490351327354e-12,6.611674077093495e-17,2.2163540676588326e-16
1.695310558602614e-13,3.7732670834592565e-20,1.694065894508649e-21,8.271806125530559e-24,0.0,3.0259572753762805e-12,1.3038892498909346e-16,2.1848841284169914e-16
1.695310558602614e-13,3.7755004711138845e-20,2.541098841762949e-21,9.926167350636332e-24,0.0,3.025830574832907e-12,1.9289268634678788e-16,2.585132523506126e-16
1.687538997430238e-13,3.7774029865234926e-20,8.470329472543244e-22,6.617444900424692e-24,0.0,3.0254366830193393e-12,6.342500638431993e-17,1.699598379685701e-16
1.6753265441593612e-13,3.779305501933101e-20,4.81482486096809e-35,1.6543612251065255e-24,0.0,3.025040941888633e-12,3.557023398512978e-30,4.191027192441433e-17
1.6797674362578618e-13,3.7804635547914133e-20,4.23516473627155e-21,6.617444900424315e-24,0.0,3.0240478452125224e-12,3.0874534454935215e-16,1.6538340533815944e-16
1.6858736628933002e-13,3.782696942446045e-20,2.5410988417629732e-21,3.308722450212205e-24,0.0,3.023913285639989e-12,1.828316490880297e-16,8.159220471265504e-17
1.6753265441593612e-13,3.7850130481619325e-20,2.541098841762925e-21,1.6543612251061494e-24,0.0,3.0238426246601302e-12,1.8047828112648587e-16,4.0260460182867785e-17
1.663669202400797e-13,3.7868328455102894e-20,4.81482486096809e-35,9.926167350636332e-24,0.0,3.0233734469671215e-12,3.376209779899148e-30,2.3843033178429214e-16
1.662558979376172e-13,3.7890662331649235e-20,8.470329472544207e-22,8.271806125530371e-24,0.0,3.0232325017769868e-12,5.864958292201184e-17,1.9614689174670956e-16
1.6642243139131097e-13,3.7909687485745375e-20,2.541098841762901e-21,1.3234889800848725e-23,0.0,3.022825543075568e-12,1.737681918193637e-16,3.0986356130653053e-16
1.659783421814609e-13,3.7923749556166204e-20,2.541098841762901e-21,8.271806125530465e-24,0.0,3.0220212443829436e-12,1.716410252468625e-16,1.912431426796132e-16
1.6464607455191071e-13,3.7945256252100015e-20,2.541098841762925e-21,6.617444900424222e-24,0.0,3.0218084622129347e-12,1.695653118944337e-16,1.5110396057569324e-16
1.6525669721545455e-13,3.796179986435852e-20,2.541098841762925e-21,1.1580528575742387e-23,0.0,3.0211985924428392e-12,1.6753920720206832e-16,2.612022878795121e-16
1.6608936448392342e-13,3.797999783784214e-20,8.470329472543485e-22,1.3234889800848537e-23,0.0,3.0207187061184443e-12,5.5186984578929065e-17,2.9491278395178863e-16
1.64923630308067e-13,3.799819581132576e-20,3.3881317890172254e-21,6.617444900424315e-24,0.0,3.0202370567290613e-12,2.1817183481116272e-16,1.4569626882666373e-16
1.648126080056045e-13,3.801804814603451e-20,1.6940658945086248e-21,6.61744490042441e-24,0.0,3.0198850552398575e-12,1.0782758415809456e-16,1.4397663354815605e-16
1.6470158570314197e-13,3.8039554841968363e-20,9.62964972193618e-35,1.654361225106093e-23,0.0,3.019662449918865e-12,6.059392071066032e-30,3.557402618876516e-16
1.6475709685437323e-13,3.805857999606457e-20,1.4444474582904269e-34,9.926167350636614e-24,0.0,3.01924088202749e-12,8.986607886479445e-30,2.1098004479431092e-16
1.652011860642233e-13,3.8075950788935677e-20,2.5410988417630455e-21,9.926167350636614e-24,0.0,3.018686309077675e-12,1.563314315131053e-16,2.0857072244990674e-16
1.645350522494482e-13,3.8098284665482114e-20,2.541098841762925e-21,1.6543612251060648e-23,0.0,3.018523282674972e-12,1.5460765988883553e-16,3.4369063736863686e-16
1.6359136267851682e-13,3.8114828277740685e-20,4.81482486096809e-35,6.617444900424222e-24,0.0,3.0178996064252652e-12,2.897526787591522e-30,1.359395304567663e-16
1.6325829577112927e-13,3.813385343183693e-20,5.9292306307801746e-21,3.308722450212487e-24,0.0,3.01747069689199e-12,3.5296731764373606e-16,6.721793588067852e-17
1.6264767310758543e-13,3.8152878585933177e-20,4.23516473627155e-21,1.88079096131566e-37,0.0,3.0170399419720565e-12,2.494285742806798e-16,3.779070504180326e-30
1.638689184346731e-13,3.817355810125453e-20,2.5410988417630455e-21,6.61744490042441e-24,0.0,3.016738080918585e-12,1.4807668603037293e-16,1.3152357188778814e-16
1.6331380692236053e-13,3.818927453290059e-20,4.235164736271574e-21,6.617444900424222e-24,0.0,3.0160422417111186e-12,2.442154377676111e-16,1.3011294970642864e-16
1.627031842588167e-13,3.820995404822198e-20,2.5410988417630455e-21,1.88079096131566e-37,0.0,3.0157366069806744e-12,1.450138494106533e-16,3.65876720759983e-30
1.6359136267851682e-13,3.823476946660613e-20,4.235164736271598e-21,9.926167350636332e-24,0.0,3.0157551778421866e-12,2.392157720107058e-16,1.9106716767052743e-16
1.6326995311288783e-11,4.3636130755698744e-20,1.6941175932969815e-21,9.926268324832483e-24,0.0,3.4395262054738485e-12,9.471871768703997e-17,1.890782360908078e-16
7.645550859081141e-13,3.038772058126932e-20,2.5410988417629973e-21,3.360421238497051e-24,0.0,1.967490933048475e-12,1.4031786282234767e-16,6.321974644887891e-17
5.5067062021407764e-14,3.472711007151887e-20,1.7470054537120907e-21,1.323488980084882e-23,0.0,2.233803092246744e-12,9.527053658774775e-17,2.459045601217857e-16
6.644684802381562e-14,3.5071630796839773e-20,4.288104295474992e-21,6.824240053562572e-24,0.0,2.2415141805675606e-12,2.309618093437425e-16,1.2523272876886925e-16
8.865130851631875e-14,3.542607768954477e-20,1.1646703024748074e-21,6.203854594150529e-25,0.0,2.249758778780859e-12,6.196198467520289e-17,1.1245334719506339e-17
1.0247358517290195e-13,3.5764394560305383e-20,9.529120656612323e-22,1.3441684953986982e-23,0.0,2.2568911714104497e-12,5.0079396255474654e-17,2.4068083327952483e-16
1.1296519275560968e-13,3.611718709178593e-20,4.3410438546783855e-21,7.444625512977437e-24,0.0,2.26485661627853e-12,2.253825528275793e-16,1.3168530578512938e-16
1.2528866832894892e-13,3.6472874755410656e-20,2.117582368135847e-21,1.7577588016751932e-23,0.0,2.2729091600929082e-12,1.086229759622091e-16,3.0717784505150905e-16
1.4416245974757658e-13,3.682773523842307e-20,4.446922973085221e-21,1.5302841332231106e-23,0.0,2.28081511804276e-12,2.2538818702269136e-16,2.6422148890506097e-16
1.630917623174355e-13,3.717928699898551e-20,1.4823076576951219e-21,1.0753347963189642e-23,0.0,2.288423006479731e-12,7.423939955935378e-17,1.834570177395978e-16
1.829647544582258e-13,3.7524221314647767e-20,2.117582368135799e-21,2.895132143935973e-24,0.0,2.2955345089623365e-12,1.0480810690829758e-16,4.880704507889664e-17
2.0095036745715333e-13,3.787990897827347e-20,1.2705494208814987e-21,9.926167350636332e-24,0.0,2.3032135650558216e-12,6.214955570903701e-17,1.6536665164378472e-16
2.191580250610059e-13,3.8224843293936235e-20,6.776263578034403e-21,1.4062070413401565e-23,0.0,2.3101488723208104e-12,3.276133781910219e-16,2.315241721717675e-16
2.3753221611855224e-13,3.857639505449969e-20,2.329340604949326e-21,1.0753347963189548e-23,0.0,2.3173961517434875e-12,1.11317058583877e-16,1.7498459086550466e-16
2.564060075371799e-13,3.892711963445086e-20,3.8116482626444e-21,2.1093105620102394e-23,0.0,2.3245041264993416e-12,1.8006570255728153e-16,3.3926085884593723e-16
2.7572388816565763e-13,3.9286943201140375e-20,2.3293406049494704e-21,2.5642598989143858e-23,0.0,2.332063396647735e-12,1.087858157192414e-16,4.076808015203635e-16
2.9454216843305403e-13,3.9624432891291244e-20,3.5998900258308246e-21,4.963083675318636e-24,0.0,2.3382100826486677e-12,1.662190554793035e-16,7.800140937897894e-17
3.1452618287630685e-13,3.997681183246835e-20,2.5410988417629973e-21,9.098986738083398e-24,0.0,2.345151658809127e-12,1.1601021386753933e-16,1.413721735964898e-16
3.3451019731955967e-13,4.032257332874533e-20,6.14098886759387e-21,2.067951531382588e-23,0.0,2.351618945220279e-12,2.7722120983147754e-16,3.1765705031036017e-16
3.555489236362064e-13,4.067577945053558e-20,5.08219768352585e-21,1.406207041340194e-23,0.0,2.3584345913202088e-12,2.2687317873551547e-16,2.1357067036882214e-16
3.740896481474465e-13,4.1015750682525285e-20,5.293955920339425e-21,1.65436122510614e-23,0.0,2.3643995389314535e-12,2.337141306521263e-16,2.4844119667390095e-16
3.942401960443931e-13,4.1381364513504444e-20,1.9058241313223202e-21,2.481541837659271e-24,0.0,2.3717558111133246e-12,8.321272163647654e-17,3.685040747908481e-17
4.1616710078073993e-13,4.1728780371007755e-20,3.388131789017346e-21,1.9025154088720295e-23,0.0,2.3779803270966425e-12,1.4631817817282907e-16,2.7938466291040594e-16
4.374278717023117e-13,4.2086949576474574e-20,3.3881317890172495e-21,8.271806125530371e-24,0.0,2.3847319961331795e-12,1.447297566620509e-16,1.2013081963859126e-16
4.574118861455645e-13,4.2431883892140876e-20,2.5410988417630455e-21,2.481541837659271e-24,0.0,2.39064950290648e-12,1.0737588161765439e-16,3.5643570791499044e-17
4.7839510131098e-13,4.278012693025772e-20,5.0821976835259465e-21,1.488925102595478e-23,0.0,2.3966729631370428e-12,2.1244774810680496e-16,2.115258887014074e-16
5.00155472593633e-13,4.313664177450044e-20,3.811648262644544e-21,2.646977960169698e-23,0.0,2.403076281654348e-12,1.5763628391310189e-16,3.7196099701074837e-16
5.231370892033738e-13,4.3485711993230524e-20,4.6586812098988445e-21,8.271806125530653e-24,0.0,2.4089816605352334e-12,1.9062340190457002e-16,1.149817522256982e-16
5.436762151589392e-13,4.3843881198699046e-20,4.235164736271502e-21,1.3234889800848537e-23,0.0,2.415308002526596e-12,1.7146682545701817e-16,1.8199324446678245e-16
5.666578317686799e-13,4.419460577865495e-20,8.470329472544448e-22,4.963083675318542e-24,0.0,2.4211412348702323e-12,3.393384544345556e-17,6.751768301792458e-17
5.898614929833457e-13,4.454533035861122e-20,3.8116482626444e-21,9.4039548065783e-38,0.0,2.4268943567350476e-12,1.5111049985274845e-16,1.2657031602893223e-30
6.115108419635362e-13,4.4895227757955314e-20,3.388131789017394e-21,1.4889251025954686e-23,0.0,2.4325231341215904e-12,1.3292814129696662e-16,1.9827764634878727e-16
6.358802373540584e-13,4.523933489301191e-20,4.235164736271646e-21,8.271806125530465e-24,0.0,2.4377614420633514e-12,1.64447475182511e-16,1.0899454621391158e-16
6.621925230376746e-13,4.560577590460782e-20,4.235164736271694e-21,8.271806125530277e-24,0.0,2.444122186164851e-12,1.627618523928992e-16,1.0785294407174051e-16
6.880607195114408e-13,4.602432929479496e-20,5.9292306307801505e-21,2.1506695926379002e-23,0.0,2.4531736459309283e-12,2.255438164490314e-16,2.7749558871479953e-16
7.16093850883226e-13,4.7100491271962123e-20,7.623296525288751e-21,1.6543612251061494e-24,0.0,2.4969710839544957e-12,2.8704515365094134e-16,2.1124514323251784e-17
7.426836923229985e-13,4.813363985727697e-20,2.1175823681358953e-21,2.812414082680294e-23,0.0,2.5380100972609664e-12,7.893085639421431e-17,3.5541250482249164e-16
1.9567680809018384e-13,5.2052821599786955e-20,4.235164736271598e-21,2.6469779601696886e-23,0.0,2.72978546974251e-12,1.562787452269805e-16,3.3107314399874687e-16
1.7424950371491832e-13,5.2592970539891206e-20,3.811648262644496e-21,1.158052857574267e-23,0.0,2.756321681892261e-12,1.392540298096249e-16,1.4337181177415796e-16
1.7175150190951172e-13,5.264011983481568e-20,5.5057141571530485e-21,1.6543612251060742e-23,0.0,2.757013147887545e-12,1.9916673567478995e-16,2.0275412595674363e-16
1.7219559111936178e-13,5.264425573788646e-20,2.5410988417630936e-21,1.323488980084863e-23,0.0,2.7554501545093973e-12,9.102797899588252e-17,1.6058502316639532e-16
1.6975310046518644e-13,5.269305939403511e-20,5.929230630780295e-21,9.92616735063652e-24,0.0,2.7562234026886045e-12,2.103502707793748e-16,1.1924831159591048e-16
1.708633234898116e-13,5.271787481241973e-20,5.0821976835259465e-21,6.617444900424504e-24,0.0,2.7557394849284565e-12,1.785780501914739e-16,7.872029745238595e-17
1.6853185513809876e-13,5.27402086889667e-20,4.23516473627155e-21,1.6543612251062434e-24,0.0,2.7551243338662874e-12,1.4740705005461974e-16,1.9489088993601845e-17
1.680877659282487e-13,5.2766678468576447e-20,5.9292306307801505e-21,1.488925102595478e-23,0.0,2.7547236699343676e-12,2.0443563607907824e-16,1.7371494228288074e-16
1.6969758931395518e-13,5.279728415124896e-20,4.235164736271502e-21,8.271806125530653e-24,0.0,2.7545370739646615e-12,1.4466951930285727e-16,9.558844839943795e-17
1.6964207816272392e-13,5.280886467983276e-20,8.470329472543003e-22,2.6469779601696886e-23,0.0,2.753356552135421e-12,2.866770732319875e-17,3.0299331856330267e-16
1.6908696665041134e-13,5.2836161640055083e-20,5.082197683525802e-21,2.1506695926379284e-23,0.0,2.752994221446795e-12,1.7043818855123167e-16,2.438767112683254e-16
1.6908696665041134e-13,5.287007604517784e-20,4.235164736271694e-21,1.323488980084882e-23,0.0,2.7529746993602085e-12,1.4074872300880935e-16,1.4868476296779796e-16
1.6930901125533637e-13,5.2897373005400185e-20,2.5410988417630455e-21,3.143286327701543e-23,0.0,2.7526086142826166e-12,8.369316000042238e-17,3.4987630671407366e-16
1.674216321134736e-13,5.2914743798271894e-20,4.81482486096809e-35,4.96308367531873e-24,0.0,2.751724573801677e-12,1.5717301155272137e-30,5.4739518840910097e-17
1.6892043319671757e-13,5.2951966925844887e-20,8.470329472543966e-22,2.316105715148534e-23,0.0,2.7518711490813775e-12,2.740697236850105e-17,2.5313970781087964e-16
1.7025270082626776e-13,5.296933771871662e-20,8.470329472543052e-21,8.271806125530465e-24,0.0,2.7509842497889535e-12,2.7168017366265015e-16,8.959585164342753e-17
1.6758816556716738e-13,5.30106967493524e-20,3.388131789017298e-21,9.926167350636332e-24,0.0,2.751341285234735e-12,1.077327744364651e-16,1.0655832239143491e-16
1.684763439868675e-13,5.3025586000386493e-20,9.62964972193618e-35,1.488925102595544e-23,0.0,2.7503226759256933e-12,3.035710833434158e-30,1.5842687993134417e-16
1.6819878823071122e-13,5.304709269632102e-20,1.6940658945086007e-21,1.6543612251064315e-24,0.0,2.7496461498822503e-12,5.295103713965706e-17,1.744890026653441e-17
1.6747714326470486e-13,5.3082661462668957e-20,6.776263578034595e-21,1.323488980084882e-23,0.0,2.7496966703067404e-12,2.1001972425006429e-16,1.3837915747597243e-16
1.6758816556716738e-13,5.310582251982861e-20,1.6940658945086007e-21,8.271806125530465e-24,0.0,2.7491025645232457e-12,5.2066279856656275e-17,8.574202793768508e-17
1.6764367671839864e-13,5.3129810757600825e-20,7.623296525288896e-21,1.88079096131566e-37,0.0,2.748549766953116e-12,2.3235704191908375e-16,1.9328889232290652e-30
1.6669998714746725e-13,5.3146354369860065e-20,5.0821976835259465e-21,2.3161057151484963e-23,0.0,2.7476105502970662e-12,1.5363182063782645e-16,2.3600822085319285e-16
1.673106098110111e-13,5.31844046780457e-20,3.3881317890172495e-21,9.926167350636332e-24,0.0,2.747781444070194e-12,1.015864649986904e-16,1.002955514311729e-16
1.662558979376172e-13,5.319846674846731e-20,1.694065894508649e-21,1.3234889800849007e-23,0.0,2.746711302293528e-12,5.038260728937905e-17,1.3261119963823687e-16
1.66644475996236e-13,5.3232381153590196e-20,2.5410988417629973e-21,1.6543612251060742e-23,0.0,2.7466646251279712e-12,7.496785328516868e-17,1.643909965928842e-16
1.667554982986985e-13,5.325885093320012e-20,5.082197683525898e-21,6.617444900424786e-24,0.0,2.746231864890112e-12,1.4874287993188494e-16,6.521588611364028e-17
1.6653345369377348e-13,5.328532071281005e-20,9.317362419797352e-21,6.61744490042441e-24,0.0,2.7457973982143654e-12,2.705429561507074e-16,6.468385758984373e-17
1.6692203175239229e-13,5.3322543840383176e-20,6.776263578034403e-21,2.3161057151484963e-23,0.0,2.74591498318824e-12,1.952177064322921e-16,2.245604017455839e-16
1.6592283103022964e-13,5.3341568994480147e-20,1.6940658945086007e-21,3.308722450212299e-24,0.0,2.7450936216682316e-12,4.842521172308406e-17,3.1822232773527206e-17
1.6708856520608606e-13,5.3375483399603085e-20,1.694065894508649e-21,1.3234889800849007e-23,0.0,2.745036793278244e-12,4.805184523860976e-17,1.2627344724598146e-16
1.6708856520608606e-13,5.340443472105071e-20,4.81482486096809e-35,1.6543612251060742e-23,0.0,2.7447226787116507e-12,1.3552662749245564e-30,1.5659177107243609e-16
1.6575629757653587e-13,5.3434213223110906e-20,4.235164736271598e-21,3.3087224502121483e-23,0.0,2.744449176213261e-12,1.1830531129105286e-16,3.1072122419423413e-16
1.6608936448392342e-13,5.345737428027068e-20,5.082197683525898e-21,2.3161057151484963e-23,0.0,2.7438340881055636e-12,1.4089654152973426e-16,2.1580707042642432e-16
1.6564527527407336e-13,5.3482189698655575e-20,1.0164395367051604e-20,6.617444900424598e-24,0.0,2.7433023767729118e-12,2.7968543039509645e-16,6.118129803282198e-17
1.3382184249621787e-11,5.2781269088784595e-20,1.4399611802111438e-20,9.926167350636708e-24,0.0,2.705544333049551e-12,3.9327900666083805e-16,9.10652895600575e-17
3.66873198487383e-13,3.922159593348576e-20,5.08219768352585e-21,9.926167350636896e-24,0.0,1.7711978320621857e-12,1.376215943915272e-16,9.02831018829847e-17
6.7390537594747e-14,4.379342317557855e-20,1.0190865146653397e-20,1.3545082530556204e-23,0.0,1.967979166325204e-12,2.736015808878373e-16,1.2213888161701276e-16
9.381384558082573e-14,4.40903810156844e-20,5.929230630780199e-21,6.203854594155231e-25,0.0,1.97171323365274e-12,1.5783219156460388e-16,5.5461848197971186e-18
1.1191048088221578e-13,4.44593035691176e-20,9.370301979000794e-21,3.6602742105471475e-23,0.0,1.9786134990734763e-12,2.473190346003368e-16,3.2442912648946355e-16
1.29396493520062e-13,4.4808373787849875e-20,3.494010907424133e-21,2.3367852304623784e-23,0.0,1.984572850468245e-12,9.144327553370704e-17,2.0535796660304128e-16
1.4699352846037073e-13,4.5174814799446034e-20,2.117582368135799e-21,3.101927297073854e-23,0.0,1.991249141796849e-12,5.4955109809451027e-17,2.7028626450281414e-16
1.6325829577112927e-13,4.553050246307925e-20,3.7057691442377084e-21,2.005912985441111e-23,0.0,1.9973927200692295e-12,9.53680508787201e-17,1.733074043688705e-16
1.7680301667155618e-13,4.589694347467593e-20,8.576208590949839e-21,1.6957202557337443e-23,0.0,2.0039491765064446e-12,2.1887342280233459e-16,1.4527301659331598e-16
1.925681836212334e-13,4.625759422198499e-20,8.4703294725431e-21,2.3988237764038367e-23,0.0,2.0101928217559313e-12,2.1438152760427286e-16,2.0378295150187857e-16
2.057243264630415e-13,4.6619899330519434e-20,6.246867986000561e-21,1.1994118882019277e-23,0.0,2.016449165578363e-12,1.56803160329757e-16,1.0103913677478468e-16
2.19824158875781e-13,4.6980550077829046e-20,9.529120656610927e-21,3.680953725860992e-23,0.0,2.022574739681739e-12,2.3722838179310214e-16,3.075009097571508e-16
2.3764323842101476e-13,4.73453367282017e-20,4.023406499458071e-21,7.858215819253763e-24,0.0,2.028818677757835e-12,9.934472994441097e-17,6.510101122180519e-17
2.512989816239042e-13,4.770598747551188e-20,6.352747104407301e-21,1.0753347963189548e-23,0.0,2.0348257426328557e-12,1.5558409705572905e-16,8.83482906261087e-17
2.7200464103316335e-13,4.80674654034349e-20,8.682087709356771e-21,1.4062070413402035e-23,0.0,2.0408091773891315e-12,2.1090942828460038e-16,1.1457959653777545e-16
2.915445662665661e-13,4.841488126094482e-20,1.355252715606895e-20,1.9852334701272852e-23,0.0,2.0461393308123837e-12,3.26569506885689e-16,1.6043016780404166e-16
3.089195566019498e-13,4.878876689805674e-20,1.2070219498373972e-20,1.3234889800849007e-23,0.0,2.052529618469424e-12,2.885155471580158e-16,1.0607768328391895e-16
3.2623903578610225e-13,4.913618275556728e-20,3.811648262644448e-21,1.737079286361358e-23,0.0,2.0577478885651014e-12,9.0381726001232e-17,1.3809099550453203e-16
3.486655408835304e-13,4.9503450947779405e-20,8.682087709356771e-21,1.8197973476166985e-23,0.0,2.0637405227711107e-12,2.0423052715699351e-16,1.4349061487699546e-16
3.6587399776522034e-13,4.987485504305462e-20,1.1223186551119624e-20,1.2407709188296167e-23,0.0,2.069844171057969e-12,2.6191244122596213e-16,9.704194754444334e-17
3.8491432263754177e-13,5.0228061164854e-20,7.6232965252888e-21,1.488925102595525e-23,0.0,2.075134011944283e-12,1.7649843786414955e-16,1.1551032527829567e-16
4.046207813246383e-13,5.059946526012988e-20,1.1858461261560301e-20,3.226004388956808e-23,0.0,2.0811173108850954e-12,2.7239492799840234e-16,2.4825930811917874e-16
4.25659507641285e-13,5.095846164621781e-20,1.4823076576950545e-20,2.646977960169745e-23,0.0,2.0865310316803e-12,3.378283125777457e-16,2.020673119951474e-16
4.4653170050423796e-13,5.1308359045568015e-20,9.3173624197974e-21,1.9852334701273228e-23,0.0,2.09151706890076e-12,2.106938976372866e-16,1.5034013782098057e-16
4.655720253765594e-13,5.1673972876557074e-20,5.9292306307801505e-21,1.7370792863614145e-23,0.0,2.097087632516231e-12,1.3303708682663434e-16,1.3050075365025866e-16
4.885536419863001e-13,5.20395867075465e-20,7.199780051661601e-21,3.4741585727227727e-23,0.0,2.1025994300266805e-12,1.6029613106119129e-16,2.589317970199323e-16
5.09203790244328e-13,5.240271899669864e-20,5.082197683525898e-21,1.2407709188295791e-23,0.0,2.1079528710194794e-12,1.1227903858025828e-16,9.174491677306684e-17
5.296874050486622e-13,5.276336974401349e-20,1.1434944787933295e-20,3.6395946952333406e-23,0.0,2.1131495045663696e-12,2.506907418471889e-16,2.669994157580162e-16
5.507261313653089e-13,5.311823022704086e-20,3.811648262644448e-21,3.7223127564886433e-23,0.0,2.1180589289557976e-12,8.29254403359995e-17,2.709250699404062e-16
5.691558335740865e-13,5.349459740599499e-20,2.117582368135847e-21,1.5716431638507714e-23,0.0,2.123768089727788e-12,4.571929902246592e-17,1.1349622771098734e-16
5.937472735695337e-13,5.3851939430860806e-20,8.470329472543052e-21,2.9778502051909184e-23,0.0,2.1286639087634355e-12,1.814919041855862e-16,2.133700742824542e-16
6.151745779447992e-13,5.42059727332768e-20,1.1858461261560253e-20,2.1506695926379284e-23,0.0,2.133374992739248e-12,2.521716747537985e-16,1.5290423281714189e-16
6.397660179402465e-13,5.457654964794428e-20,5.505714157153193e-21,5.128519797828809e-23,0.0,2.1386811904409237e-12,1.1619991976968992e-16,3.6179695504738267e-16
6.606382108031994e-13,5.493554603403642e-20,1.1858461261560494e-20,3.3087224502121295e-23,0.0,2.1434769763220583e-12,2.4840354844737e-16,2.3161789288632445e-16
6.821765374809274e-13,5.531522193544281e-20,6.352747104407445e-21,2.977850205190937e-23,0.0,2.1490217500709043e-12,1.3208128505462012e-16,2.068546487591567e-16
7.042144645197368e-13,5.567835422459857e-20,1.2281977735187451e-20,1.4889251025954498e-23,0.0,2.1538654651296587e-12,2.5346100536321325e-16,1.0263551479166855e-16
7.27085058827015e-13,5.603238752701669e-20,5.505714157153145e-21,2.481541837659083e-23,0.0,2.1583033698303023e-12,1.1278007936055336e-16,1.6975416066923701e-16
1.8196555373606316e-13,5.680828294183561e-20,9.317362419797544e-21,2.812414082680294e-23,0.0,2.178773773656888e-12,1.89452472079465e-16,1.909254581809189e-16
1.6570078642530461e-13,5.69828180511957e-20,1.3129010682441752e-20,2.316105715148534e-23,0.0,2.1840164662147076e-12,2.6500287954951077e-16,1.560453721157716e-16
1.6564527527407336e-13,5.701176937264462e-20,1.2705494208814698e-20,2.1506695926379096e-23,0.0,2.1836830815536373e-12,2.545919718517339e-16,1.438125753182792e-16
1.6331380692236053e-13,5.705312840328086e-20,1.77876918923405e-20,3.6395946952333406e-23,0.0,2.183823235652732e-12,3.538589650998343e-16,2.415623446222299e-16
1.6170398353665405e-13,5.70754622798284e-20,3.811648262644448e-21,2.150669592637966e-23,0.0,2.183233616561063e-12,7.528413541793577e-17,1.416853746968318e-16
1.6253665080512292e-13,5.710275924005127e-20,5.5057141571530485e-21,3.308722450212167e-23,0.0,2.1828326527601977e-12,1.0797087367192592e-16,2.1637572690433747e-16
1.638689184346731e-13,5.712426593598627e-20,7.623296525288751e-21,1.654361225106093e-23,0.0,2.182209177993106e-12,1.4844310121656185e-16,1.073981671143202e-16
1.617594946878853e-13,5.716231624417234e-20,8.470329472543485e-22,1.4889251025954686e-23,0.0,2.1822162452340093e-12,1.6378095391834405e-17,9.595748495591638e-17
1.6131540547803525e-13,5.719126756562034e-20,1.6093625997831803e-20,1.6543612251064315e-24,0.0,2.1818743212993235e-12,3.0901831360780856e-16,1.0585141869654889e-17
1.6131540547803525e-13,5.721856452584324e-20,1.1858461261560301e-20,1.323488980084882e-23,0.0,2.1814679247399838e-12,2.261241315600668e-16,8.407513569909126e-17
1.6192602814157908e-13,5.724751584729126e-20,4.235164736271598e-21,1.4889251025954498e-23,0.0,2.181123243207039e-12,8.020434344423393e-17,9.391204450044531e-17
1.6131540547803525e-13,5.727646716873929e-20,1.01643953670517e-20,2.646977960169726e-23,0.0,2.180777162188083e-12,1.9117830271791483e-16,1.657753592841384e-16
1.609823385706477e-13,5.73095543932501e-20,8.470329472543196e-21,2.1506695926379096e-23,0.0,2.1805870499630717e-12,1.582366259033551e-16,1.3374707701858221e-16
1.6103784972187896e-13,5.73393328953107e-20,1.0164395367051749e-20,9.926167350636708e-24,0.0,2.180269518527611e-12,1.8860701081186233e-16,6.129889240066007e-17
1.6181500583911657e-13,5.73658026749211e-20,8.470329472543148e-21,9.926167350636332e-24,0.0,2.179824819162131e-12,1.5612261077552663e-16,6.087406102662147e-17
1.6109336087311021e-13,5.739309963514406e-20,9.317362419797448e-21,1.323488980084882e-23,0.0,2.179410257362976e-12,1.7059531292229054e-16,8.06064182089775e-17
1.6114887202434147e-13,5.742784122088002e-20,1.694065894508697e-21,1.985233470127304e-23,0.0,2.179276889910408e-12,3.081286907862886e-17,1.2008208168857816e-16
1.5970558209232877e-13,5.745100227804023e-20,5.082197683525802e-21,2.1506695926378908e-23,0.0,2.178702665012718e-12,9.183326053120033e-17,1.29204044632348e-16
1.6009416015094757e-13,5.747912641887578e-20,2.5410988417630455e-21,8.271806125530277e-24,0.0,2.178315423165391e-12,4.561789595130796e-17,4.935791268430033e-17
1.603162047558726e-13,5.750807774032389e-20,1.1011428314306097e-20,8.271806125530277e-24,0.0,2.1779581521439127e-12,1.9639977187171229e-16,4.9026264468285224e-17
1.6064927166326015e-13,5.754530086789754e-20,1.0164395367051797e-20,2.4815418376591206e-23,0.0,2.1779125455168287e-12,1.8012776324757892e-16,1.4609650947566031e-16
1.6026069360464135e-13,5.757259782812057e-20,3.38813178901749e-21,3.6395946952333594e-23,0.0,2.1774896988077174e-12,5.965943069194575e-17,2.1285241408003816e-16
1.605937605120289e-13,5.760568505263148e-20,4.235164736271694e-21,9.92616735063652e-24,0.0,2.177284388928155e-12,7.410141700920536e-17,5.766758744402604e-17
1.616484723854228e-13,5.762719174856666e-20,7.6232965252888e-21,1.323488980084863e-23,0.0,2.1766400635448995e-12,1.3254211037965082e-16,7.63857328054112e-17
1.5920598173124745e-13,5.76619333343027e-20,1.4399560103323395e-20,1.6543612251060742e-23,0.0,2.1764942784595054e-12,2.487897050472644e-16,9.485950962102761e-17
1.5959455978986625e-13,5.769005747513833e-20,5.082197683525802e-21,2.6469779601697074e-23,0.0,2.17609719012828e-12,8.726174220531429e-17,1.5079125081518428e-16
1.6037171590710386e-13,5.771652725474885e-20,8.470329472543966e-22,4.3013391852757815e-23,0.0,2.1756363851294536e-12,1.4453685361998503e-17,2.4345643699346656e-16
1.5959455978986625e-13,5.775209602109746e-20,1.1011428314306097e-20,2.6469779601696886e-23,0.0,2.17551706690361e-12,1.8674308564350622e-16,1.488592799519926e-16
1.5998313784848506e-13,5.778270170377078e-20,4.235164736271598e-21,1.985233470127304e-23,0.0,2.1752091838956787e-12,7.138552787133843e-17,1.1093312847461797e-16
1.5970558209232877e-13,5.7811653025219e-20,2.5410988417630936e-21,3.308722450212167e-23,0.0,2.1748375847236958e-12,4.257127225673025e-17,1.8371726236124719e-16
1.6014967130217883e-13,5.783150535992914e-20,1.0164395367051797e-20,3.3087224502121295e-23,0.0,2.1741225211365676e-12,1.692574677519619e-16,1.8255998844095292e-16
1.5970558209232877e-13,5.786459258444015e-20,6.776263578034403e-21,6.617444900424786e-24,0.0,2.1739037404055595e-12,1.121614513776231e-16,3.628329511700016e-17
1.61259894326804e-13,5.79076059763018e-20,5.082197683525898e-21,2.316105715148515e-23,0.0,2.17405601795824e-12,8.361949818081192e-17,1.2620053571932453e-16
1.57818202950466e-13,5.79150506018237e-20,1.1858461261560301e-20,2.977850205190956e-23,0.0,2.1728717107428345e-12,1.9395566197024232e-16,1.612527858290923e-16
1.5837331446277858e-13,5.795889117429791e-20,1.7787691892340403e-20,3.3087224502121483e-23,0.0,2.173051687586954e-12,2.892191898087314e-16,1.7806609000974928e-16
1.1127987420422869e-11,5.3883996064505575e-20,4.235216435059979e-21,1.3234990775044687e-23,0.0,2.018897014349256e-12,6.845896319619049e-17,7.079043158354407e-17
2.3314683517128287e-13,4.4318269275589977e-20,1.7800926782141348e-20,2.3161057151485527e-23,0.0,1.6151229799332302e-12,2.8596141286797966e-16,1.2310784329226478e-16
9.015010959956271e-14,6.778703760937522e-20,6.776263578034499e-21,3.308722450212299e-24,0.0,2.4645492458014582e-12,1.0818640045918628e-16,1.747745903427868e-17
1.0397238625614591e-13,6.734325521080538e-20,6.829203137238085e-21,2.667657475483552e-23,0.0,2.4424045979476304e-12,1.0836327660094325e-16,1.4003871656691963e-16
1.2284617767477357e-13,6.686886712962599e-20,1.381722495208587e-20,2.0472720160688187e-23,0.0,2.419266282696924e-12,2.1790874461214123e-16,1.0680784144850246e-16
1.4049872376631356e-13,6.640564598671627e-20,9.582060215814465e-21,3.991146455568415e-23,0.0,2.3966543024205453e-12,1.5019876296468989e-16,2.0693987509478715e-16
1.585953590677036e-13,6.594201125350034e-20,8.893845946170154e-21,4.384057246531103e-23,0.0,2.3741517598713668e-12,1.385678472870544e-16,2.2591810294854787e-16
1.73749903353837e-13,6.546803676262756e-20,1.2811373327221485e-20,2.750375536738836e-23,0.0,2.3513953714577517e-12,1.9840180707134442e-16,1.4086543545823495e-16
1.890154699424329e-13,6.500522921002432e-20,1.545835128739127e-20,1.86115637824435e-23,0.0,2.3291565160952446e-12,2.3795877537012377e-16,9.47419311103817e-17
2.0405899192610377e-13,6.452960035792657e-20,1.4505439221730182e-20,4.6735704609246064e-23,0.0,2.3065730744401176e-12,2.2195732756209568e-16,2.364636211882991e-16
2.2248869413488137e-13,6.407299665991762e-20,1.3340768919255519e-20,3.01920923581857e-23,0.0,2.2847822634060265e-12,2.0292279647434195e-16,1.5183578377276772e-16
2.3464563625452683e-13,6.360481243333299e-20,9.74087889342455e-21,3.80503081774404e-23,0.0,2.2626888559298846e-12,1.472891337660868e-16,1.9020137448943696e-16
2.5357493882438575e-13,6.312587485878525e-20,7.6232965252888e-21,2.7710550520526803e-23,0.0,2.24032363881664e-12,1.145906201446628e-16,1.3768425996531009e-16
2.6778579353958776e-13,6.264900523576897e-20,1.5881867761018324e-20,1.6957202557338008e-23,0.0,2.2181418244658884e-12,2.3732993717109447e-16,8.375024584885114e-17
2.843281166065026e-13,6.218288896071595e-20,3.388131789017394e-21,1.1994118882019277e-23,0.0,2.196448293161718e-12,5.033462412224085e-17,5.888463670358065e-17
3.0020430585864233e-13,6.170188343463706e-20,3.388131789017298e-21,4.3013391852758003e-23,0.0,2.174335412394005e-12,5.0041832777152343e-17,2.0991723030983675e-16
3.1558089474970075e-13,6.122418663100847e-20,9.952637130238414e-21,5.376673981594718e-23,0.0,2.1524453998712227e-12,1.4614640926764126e-16,2.6084215269223305e-16
3.3217872896784684e-13,6.076179266871218e-20,1.2493735972001219e-20,3.39144051146747e-23,0.0,2.1311969095831502e-12,1.8240215253622668e-16,1.6355989766301355e-16
3.4794389591752406e-13,6.02849230456963e-20,4.658681209898748e-21,3.887748878999249e-23,0.0,2.1095429870959796e-12,6.762367590590243e-17,1.8639240611000336e-16
3.648747970430577e-13,5.981467086758093e-20,1.334076891925523e-20,2.646977960169726e-23,0.0,2.088222455493492e-12,1.9254186858083512e-16,1.2616139901949407e-16
3.829159211932165e-13,5.933035661905225e-20,9.317362419797304e-21,1.5716431638507526e-23,0.0,2.0665123503789666e-12,1.3370761588954758e-16,7.447062642835328e-17
4.000133557724439e-13,5.884149287715461e-20,1.4823076576950256e-20,3.143286327701524e-23,0.0,2.044745601721914e-12,2.1150982525556792e-16,1.4807391736626364e-16
4.192202140984591e-13,5.838033968577758e-20,2.0328790734103497e-20,4.053185001509967e-23,0.0,2.0240407458063514e-12,2.8843163114190085e-16,1.8982929551734072e-16
4.3770542745846797e-13,5.789767979847428e-20,8.04681299891595e-21,2.7296960214250666e-23,0.0,2.002687738457332e-12,1.1352837268724143e-16,1.2710477131692377e-16
4.59021709531271e-13,5.742949557189075e-20,1.5670109524204556e-20,3.4741585727227915e-23,0.0,1.9819325617757134e-12,2.1984248519654816e-16,1.6083719139889693e-16
4.781175455548237e-13,5.695634826163199e-20,1.8211208365967842e-20,2.977850205190975e-23,0.0,1.961101562448152e-12,2.5406642799502965e-16,1.3706842861461965e-16
5.000999614424018e-13,5.645424962993397e-20,8.4703294725431e-21,3.8877488789992677e-23,0.0,1.9393709764418366e-12,1.1751342798294243e-16,1.7792580843667878e-16
5.166977956605479e-13,5.598027513906286e-20,2.5410988417629973e-21,3.143286327701505e-23,0.0,1.9187030004353406e-12,3.5058803028794915e-17,1.4303397375046873e-16
5.398459457239824e-13,5.55034055160479e-20,1.60936259978319e-20,3.226004388956902e-23,0.0,1.8980294461683078e-12,2.2081437382978008e-16,1.4596308744719766e-16
5.589417817475351e-13,5.502322717058284e-20,8.470329472543003e-21,4.8803656140629573e-23,0.0,1.877336076459448e-12,1.1557958726684153e-16,2.1956419911863388e-16
5.796474411567942e-13,5.454222164450533e-20,1.0164395367051604e-20,6.782881022934827e-23,0.0,1.8567073533137725e-12,1.3793649689055843e-16,3.0343289058292207e-16
6.002420782635909e-13,5.407031510516601e-20,1.3129010682441752e-20,2.3161057151484775e-23,0.0,1.836479842986407e-12,1.7719675960950526e-16,1.0302776286406778e-16
6.234457394782567e-13,5.3581864953575733e-20,1.482307657695045e-20,5.790264287871288e-23,0.0,1.8157817318067079e-12,1.989745360439577e-16,2.561237272047075e-16
6.438738431313595e-13,5.3086797357085145e-20,2.4140438996747752e-20,3.639594695233397e-23,0.0,1.7949517119186277e-12,3.222914983075678e-16,1.6009141036331457e-16
6.671330154972566e-13,5.2629780068772104e-20,1.3976043629696244e-20,3.1432863277015616e-23,0.0,1.7754974713986115e-12,1.855844374712834e-16,1.3748981442030142e-16
6.885603198725221e-13,5.264094700716419e-20,1.3976043629696052e-20,5.128519797828828e-23,0.0,1.7718879177102312e-12,1.8458830490731581e-16,2.230787157649601e-16
7.104872246088689e-13,5.283947035429965e-20,1.482307657695045e-20,3.639594695233397e-23,0.0,1.7745850158205071e-12,1.9472864484169397e-16,1.5743690005106173e-16
4.1247005810873816e-12,5.1075507698088046e-20,1.01643953670517e-20,3.805030817743984e-23,0.0,1.711440718049541e-12,1.3281693472222986e-16,1.6368430461513662e-16
4.1494585545365226e-12,5.1171874239503744e-20,1.5670109524204556e-20,2.8124140826803505e-23,0.0,1.7135891045022557e-12,2.0367437919765329e-16,1.2031921378212741e-16
4.024114375056342e-12,5.128726593495814e-20,8.4703294725431e-21,7.444625512977268e-23,0.0,1.716373733919357e-12,1.0951392360658928e-16,3.167503710346554e-16
3.899158773634781e-12,5.1381564524791847e-20,7.623296525288703e-21,1.488925102595544e-23,0.0,1.7184480684554028e-12,9.804570791574728e-17,6.300532462923396e-17
3.77908815352157e-12,5.146469617635599e-20,8.470329472543292e-21,4.135903062765195e-23,0.0,1.7201452058683421e-12,1.0837141931672378e-16,1.7406695413844383e-16
3.6626257582383914e-12,5.156974811415268e-20,5.082197683525995e-21,4.301339185275838e-23,0.0,1.7225710553953764e-12,6.468543712420586e-17,1.800539197540279e-16
3.5534353237665073e-12,5.1663219523373526e-20,1.0164395367051797e-20,4.135903062765195e-23,0.0,1.7246059190306246e-12,1.287030141149267e-16,1.7220008838037654e-16
3.445965734982792e-12,5.175007348769385e-20,1.5246593050577695e-20,1.9852334701272852e-23,0.0,1.7264160997487094e-12,1.9206302308209894e-16,8.221476884923705e-17
3.342826015995115e-12,5.184437207752707e-20,1.3552527156068805e-20,1.4889251025955062e-23,0.0,1.7284708393058594e-12,1.6985036382877962e-16,6.133344054786879e-17
3.2451263898281013e-12,5.192047269388403e-20,4.235164736271598e-21,5.624828165360607e-23,0.0,1.7299152933147825e-12,5.2808409795313896e-17,2.304787232959e-16
3.1500357877689567e-12,5.2006913067897825e-20,2.62580213648836e-20,3.4741585727227727e-23,0.0,1.7317008462819698e-12,3.2575612801454335e-16,1.4160516460247105e-16
3.059663633564469e-12,5.207929137149814e-20,8.470329472543003e-21,2.150669592637872e-23,0.0,1.7330148388298062e-12,1.0455380199292595e-16,8.720104522158435e-17
2.974009927214638e-12,5.2154564807242326e-20,1.0164395367051797e-20,5.45939204285002e-23,0.0,1.7344220777774112e-12,1.2483633474220804e-16,2.2020205923180477e-16
2.8895219550406637e-12,5.222901106237389e-20,8.4703294725431e-21,5.293955920339415e-23,0.0,1.7357986716604846e-12,1.035119736303805e-16,2.1242076372912866e-16
2.809752430721346e-12,5.230056218536146e-20,1.6093625997831706e-20,6.782881022934865e-23,0.0,1.7370759892069999e-12,1.9569773598394327e-16,2.7075765666694224e-16
2.733480108929598e-12,5.236301432161088e-20,1.3552527156068902e-20,2.8124140826803505e-23,0.0,1.7380482931289387e-12,1.6398513154303128e-16,1.1168785836531017e-16
2.660704989665419e-12,5.2434979034904615e-20,5.929230630780295e-21,8.271806125530653e-24,0.0,1.7393335266670786e-12,7.139131681211547e-17,3.268115132878277e-17
2.5878743592500086e-12,5.250115348391042e-20,1.1011428314306097e-20,4.4667753077863494e-23,0.0,1.7404237970728257e-12,1.3193621996736862e-16,1.7557855105221403e-16
2.5199842212941803e-12,5.2560710488015757e-20,7.6232965252888e-21,2.3161057151485715e-23,0.0,1.74129206615697e-12,9.089644418243908e-17,9.057869086005506e-17
2.454481062841296e-12,5.262688493702147e-20,2.03287907341034e-20,4.963083675318185e-23,0.0,1.7423769339850106e-12,2.41217933937602e-16,1.9311651900748364e-16
2.3917534619499747e-12,5.268933707327065e-20,8.4703294725431e-21,3.474158572722735e-23,0.0,1.7433358705613155e-12,1.0002360115459444e-16,1.3450158275682057e-16
2.33063568444436e-12,5.2747239716150744e-20,9.317362419797496e-21,5.624828165360626e-23,0.0,1.7441417593522059e-12,1.0949880423667101e-16,2.1667390938696967e-16
2.2731261317687768e-12,5.279687055290527e-20,7.623296525288992e-21,5.624828165360607e-23,0.0,1.7446718838383975e-12,8.916273460697043e-17,2.1559356858624524e-16
2.2161716906055062e-12,5.284360625751582e-20,5.929230630780391e-21,3.639594695233378e-23,0.0,1.7451043252281536e-12,6.901968426665445e-17,1.388091952951943e-16
2.162103829306261e-12,5.2902336081008355e-20,5.9292306307804876e-21,2.9778502051909184e-23,0.0,1.7459306548321823e-12,6.869368458635025e-17,1.130098069317408e-16
2.110367436358729e-12,5.296478821725735e-20,1.52465930505776e-20,5.293955920339434e-23,0.0,1.7468772960123977e-12,1.7581050174233334e-16,1.9991758233642796e-16
2.059130643772278e-12,5.301193751217408e-20,1.4399560103323298e-20,3.3087224502121295e-23,0.0,1.747316929181104e-12,1.6526632449217505e-16,1.2433620839306118e-16
2.0107804310498523e-12,5.305991398770333e-20,6.776263578034499e-21,4.96308367531826e-23,0.0,1.7477818397183325e-12,7.741018148848879e-17,1.8559429847098987e-16
1.962319196024964e-12,5.311698944997064e-20,1.270549420881489e-20,8.271806125530352e-23,0.0,1.7485442728802297e-12,1.444712510066268e-16,3.078209600448266e-16
1.917688230435033e-12,5.315338539692409e-20,2.0328790734103593e-20,6.286572655403086e-23,0.0,1.7486240102143626e-12,2.3008739590637074e-16,2.3281210756674246e-16
1.8756107778017395e-12,5.3206738546434856e-20,1.77876918923405e-20,2.6469779601697074e-23,0.0,1.7492597265678015e-12,2.0040176659876602e-16,9.755389671135336e-17
1.8334223028659835e-12,5.325264707043262e-20,1.270549420881489e-20,1.654361225106187e-23,0.0,1.7496486145123514e-12,1.4248965664890703e-16,6.067867974375735e-17
1.7922330286523902e-12,5.3296074052592696e-20,1.2705494208814505e-20,4.3013391852757815e-23,0.0,1.7499541047575866e-12,1.4184115289029773e-16,1.570108574714585e-16
1.7528201112781971e-12,5.3349840792409666e-20,1.6940658945086103e-20,2.316105715148534e-23,0.0,1.7505970661895434e-12,1.8826470229092232e-16,8.414207927469703e-17
1.715128039592173e-12,5.339037264242577e-20,1.4399560103323395e-20,4.6322114302969926e-23,0.0,1.7508037746196687e-12,1.5930325840106e-16,1.6748683539344723e-16
9.721390359374027e-12,5.228890686027229e-20,2.2870018822837206e-20,2.3161259099877264e-23,0.0,1.7135742161064672e-12,2.5187598272448042e-16,8.334884099757239e-17
1.544819827614674e-12,4.679112571421348e-20,1.1871696151361053e-20,8.93872049440123e-23,0.0,1.5027867877591978e-12,1.3013143719588872e-16,3.201308876542377e-16
1.5595302826909574e-12,5.957354771897658e-20,2.6284491144485104e-20,3.3190622078691176e-23,0.0,1.9092195387890894e-12,2.867624437631715e-16,1.1830179685650862e-16
1.5396017793989358e-12,6.02390145218814e-20,1.0217334926255094e-20,3.4121200267818034e-24,0.0,1.9262170634737214e-12,1.1094819209065703e-16,1.210399575359201e-17
1.5257795027423526e-12,6.089166002530975e-20,1.4452499662526596e-20,5.624828165360607e-23,0.0,1.9427328829138e-12,1.562039673050525e-16,1.9858525767973476e-16
1.5117906926320757e-12,6.154265116751311e-20,2.3928680759934273e-20,3.6809537258610296e-23,0.0,1.959129488836378e-12,2.574191685895697e-16,1.2934098330533308e-16
1.496136547984861e-12,6.218206178114079e-20,8.576208590949887e-21,1.6957202557337443e-23,0.0,1.975096014734346e-12,9.183262410627472e-17,5.930247832396978e-17
1.4819812044208902e-12,6.283346651365054e-20,3.82223617448503e-20,3.3707609961536254e-23,0.0,1.9913783952989034e-12,4.073851164701056e-16,1.1732598585449969e-16
1.4646617252367378e-12,6.34898343298357e-20,1.7046538063492987e-20,5.0458017365735064e-23,0.0,2.007751745634171e-12,1.808490437253335e-16,1.7480298006391712e-16
1.4517276269998547e-12,6.412841776285104e-20,1.3870164511289457e-20,4.384057246531122e-23,0.0,2.0234972733347114e-12,1.4647394490215482e-16,1.5116527723524572e-16
1.4397927294851343e-12,6.477237786984805e-20,7.835054762102374e-21,4.880365614062901e-23,0.0,2.0393479185945195e-12,8.236180523910957e-17,1.6749048558871898e-16
1.4249157409551572e-12,6.541220207378236e-20,1.3764285392882573e-20,7.982292911136792e-23,0.0,2.0550037614703364e-12,1.4402862426427627e-16,2.7266674292430333e-16
1.4107603973911864e-12,6.607725528639962e-20,1.5881867761018228e-20,1.9438744394996903e-23,0.0,2.0713862377204214e-12,1.654299985058824e-16,6.609128761011175e-17
1.3998802117498599e-12,6.671087563573995e-20,1.4187801866509627e-20,7.692779696743195e-23,0.0,2.0867178915330857e-12,1.4711316265312938e-16,2.6033679432647573e-16
1.3878898030839082e-12,6.73755152580511e-20,2.0328790734103497e-20,5.335314950967085e-23,0.0,2.10295448830956e-12,2.0983495036464267e-16,1.7971872321749118e-16
1.3767320616864254e-12,6.801906177474223e-20,1.630538423464557e-20,1.8197973476166985e-23,0.0,2.118466808341643e-12,1.6754569645728493e-16,6.101576205719913e-17
1.3675727217332678e-12,6.866260829143343e-20,3.811648262644448e-21,8.519960309296223e-23,0.0,2.1339147532774185e-12,3.89903440766989e-17,2.843459628285074e-16
1.357469692209179e-12,6.931856251731302e-20,6.98802181484817e-21,1.3234889800849195e-23,0.0,2.1496832246637778e-12,7.116173424770692e-17,4.3966817495190287e-17
1.3565260026382475e-12,6.996831288859856e-20,1.3764285392882573e-20,4.384057246531103e-23,0.0,2.1651939392398943e-12,1.3954038932650396e-16,1.4497090037378907e-16
1.3554712907648536e-12,7.061185940529002e-20,1.9269999550035333e-20,8.023651941764387e-23,0.0,2.180448269923152e-12,1.9448579398770889e-16,2.641078561853818e-16
1.3578027591165664e-12,7.124672052554978e-20,1.6093625997831995e-20,7.444625512977287e-23,0.0,2.1953711192780234e-12,1.6170590900712928e-16,2.439278581498644e-16
1.3578582702677977e-12,7.190060679989835e-20,1.9058241313222047e-20,5.45939204285002e-23,0.0,2.210816387199386e-12,1.9064545700115218e-16,1.7806428120784707e-16
1.3607448501318231e-12,7.255366589363446e-20,1.9058241313221854e-20,3.970466940254533e-23,0.0,2.226171367716929e-12,1.8980337131043117e-16,1.2891182503352208e-16
1.3638534746007736e-12,7.31901813751196e-20,1.1858461261560301e-20,5.045801736573525e-23,0.0,2.2409551750576145e-12,1.1757978723254942e-16,1.630814808046186e-16
1.3695156120263619e-12,7.384944432345004e-20,1.0587911840678947e-20,7.113753267956057e-23,0.0,2.256371666687639e-12,1.0452101236550255e-16,2.2887649153308424e-16
1.3720691249829997e-12,7.448430544371028e-20,2.2022856628611905e-20,5.045801736573525e-23,0.0,2.2709790574737004e-12,2.1645199568311364e-16,1.6160884063913297e-16
1.3756218386618002e-12,7.513364222469029e-20,1.5246593050577695e-20,3.3914405114674887e-23,0.0,2.285965072124369e-12,1.4919733197815737e-16,1.0813250973984354e-16
1.380506819970151e-12,7.579125081179594e-20,5.5057141571533374e-21,4.7976475528076546e-23,0.0,2.301138741518338e-12,5.3642354256549043e-17,1.5227974962121922e-16
1.3870571358154393e-12,7.642114884838116e-20,2.159934015498485e-20,6.286572655403067e-23,0.0,2.3154084680998056e-12,2.0952997151430203e-16,1.9864336280469086e-16
1.3926637620897964e-12,7.708123897732467e-20,1.990527426047625e-20,3.391440511467451e-23,0.0,2.3305303633629836e-12,1.922608588302431e-16,1.0668299134126283e-16
1.40032430095971e-12,7.772809421646744e-20,1.058791184067885e-20,4.301339185275744e-23,0.0,2.3451886134265267e-12,1.0182527142225309e-16,1.3470076804833649e-16
1.4074852394685422e-12,7.840141923521202e-20,2.2446373102239152e-20,5.293955920339452e-23,0.0,2.360581359926582e-12,2.1494109371748712e-16,1.65046616361442e-16
1.412592265381818e-12,7.903214445241024e-20,2.0752307207730455e-20,9.926167350636332e-24,0.0,2.3746285216659475e-12,1.9786688449564764e-16,3.0808625677678655e-17
1.4204748488566565e-12,7.968230841400355e-20,1.9058241313221854e-20,2.646977960169745e-23,0.0,2.3891984237265396e-12,1.809374221491581e-16,8.179183927749088e-17
1.4300227668684329e-12,8.035025675876687e-20,2.62580213648836e-20,7.610061635487892e-23,0.0,2.4042381091178063e-12,2.48228582204383e-16,2.3411067164852084e-16
1.4389045510654341e-12,8.098263633719053e-20,1.9905274260476154e-20,3.143286327701505e-23,0.0,2.4181513251751928e-12,1.873732097187826e-16,9.62708532809102e-17
1.4462875341791914e-12,8.163155952786537e-20,2.159934015498485e-20,8.43724224804092e-23,0.0,2.4324977089613212e-12,2.024578637640722e-16,2.5727268142640463e-16
7.135403379265881e-13,8.246618476606264e-20,1.0164395367051893e-20,8.10637000301969e-23,0.0,2.452220914781846e-12,9.487151068247202e-17,2.460970155300152e-16
6.999956170261612e-13,8.277885903766448e-20,1.397604362969634e-20,5.624828165360682e-23,0.0,2.460036895228399e-12,1.2989911084741385e-16,1.7001335370500114e-16
7.043254868221993e-13,8.283221218717725e-20,1.8211208365967457e-20,4.6322114302970114e-23,0.0,2.460144868891166e-12,1.68552834302621e-16,1.3940015099945209e-16
7.044365091246618e-13,8.286902172443842e-20,2.7528570785764954e-20,7.113753267956132e-23,0.0,2.459759880324656e-12,2.5372541065389733e-16,2.1314833755160136e-16
7.063793994177558e-13,8.293478258313898e-20,1.8634724839594607e-20,4.7976475528076546e-23,0.0,2.4602324000145056e-12,1.7103849284512395e-16,1.4312875719197733e-16
7.078226893497686e-13,8.298399982958847e-20,2.0752307207730647e-20,5.459392042850077e-23,0.0,2.4602120982374805e-12,1.8968603235090096e-16,1.621680592127244e-16
7.073230889886872e-13,8.302370449899361e-20,1.2705494208814698e-20,6.782881022934846e-23,0.0,2.459908182737159e-12,1.1565543971469474e-16,2.0061561077652018e-16
7.074341112911497e-13,8.30960828025946e-20,2.0328790734103208e-20,4.797647552807636e-23,0.0,2.46057034466347e-12,1.8428881234675317e-16,1.4129126335160694e-16
7.07267577837456e-13,8.314075055567508e-20,2.0328790734103304e-20,2.6469779601698014e-23,0.0,2.460409867594183e-12,1.8353513800476846e-16,7.762125039062653e-17
7.049916206369744e-13,8.3184591128143e-20,1.4399560103323202e-20,4.1359030627651384e-23,0.0,2.4602233227495656e-12,1.2947455321419986e-16,1.207677137730258e-16
7.03603841856193e-13,8.323546273581764e-20,1.6093625997831706e-20,3.639594695233322e-23,0.0,2.4602430245954907e-12,1.4411985861569709e-16,1.0582553912952389e-16
7.032707749488054e-13,8.329171101747387e-20,6.776263578034595e-21,7.279189390466644e-23,0.0,2.4604197273223067e-12,6.04368874831529e-17,2.107580599533858e-16
7.016054404118677e-13,8.335085443127403e-20,1.5246593050577502e-20,4.963083675318166e-23,0.0,2.460679883180494e-12,1.3543583095128382e-16,1.4309457134736184e-16
6.985523270941485e-13,8.340089885833611e-20,1.1858461261560301e-20,4.963083675318241e-23,0.0,2.460669461355923e-12,1.0491681810225861e-16,1.424951797383359e-16
6.96498414498592e-13,8.344143070835385e-20,7.623296525288703e-21,3.6395946952333594e-23,0.0,2.4603767535346015e-12,6.717730348868209e-17,1.0406032805346072e-16
6.923905893074789e-13,8.351050028950466e-20,1.1858461261560205e-20,6.452008777913729e-23,0.0,2.4609235517235253e-12,1.0408256805234236e-16,1.837034159418167e-16
6.878386749065157e-13,8.355061854921612e-20,8.4703294725431e-21,3.3087224502121483e-23,0.0,2.460615241880266e-12,7.405028552317338e-17,9.38164961272749e-17
6.871725410917406e-13,8.360231733750333e-20,1.60936259978319e-20,6.948317145445432e-23,0.0,2.460646337350353e-12,1.4014058506799632e-16,1.9620113449717775e-16
6.830092047493963e-13,8.365318894517798e-20,1.1858461261560397e-20,4.6322114302969926e-23,0.0,2.4606512466191266e-12,1.0285578171524851e-16,1.3026256891916503e-16
6.777911565336581e-13,8.370612850438402e-20,1.6093625997831803e-20,6.452008777913729e-23,0.0,2.4607151223240514e-12,1.390437044803596e-16,1.8069324665818571e-16
6.743494651573201e-13,8.377519808553485e-20,2.795208725939201e-20,4.301339185275744e-23,0.0,2.4612509865733093e-12,2.4055554890767764e-16,1.19969995857512e-16
6.694644838489694e-13,8.381159403248983e-20,1.7787691892340307e-20,8.933550615572774e-23,0.0,2.460825032761903e-12,1.5248637756113854e-16,2.4815399081744047e-16
6.669109708923315e-13,8.386577436261471e-20,7.623296525288896e-21,5.624828165360626e-23,0.0,2.4609196269974127e-12,6.5098521864045e-17,1.5561118441699852e-16
6.636358129696873e-13,8.392284982488352e-20,9.3173624197974e-21,5.955700410381874e-23,0.0,2.4610971795213366e-12,7.925828482644729e-17,1.6409861329067422e-16
6.585842982076429e-13,8.396875834888287e-20,1.6093625997831706e-20,7.279189390466644e-23,0.0,2.460945406010622e-12,1.3637520093465678e-16,1.997568547083432e-16
6.534217611431359e-13,8.401880277594499e-20,7.623296525288992e-21,6.948317145445432e-23,0.0,2.4609131247646227e-12,6.435177517920747e-17,1.899113621341365e-16
6.493694471032541e-13,8.407835978005147e-20,2.286988957586611e-20,6.617444900424297e-23,0.0,2.4611575013827194e-12,1.9231995957019537e-16,1.8014420132190996e-16
6.442069100387471e-13,8.412840420711359e-20,1.4399560103323106e-20,2.316105715148515e-23,0.0,2.4611214582303174e-12,1.2063085153772656e-16,6.279902741010454e-17
6.384337503106963e-13,8.417224477958156e-20,2.1175823681357605e-20,5.624828165360626e-23,0.0,2.460902239891593e-12,1.7672769575758253e-16,1.5190577669428107e-16
6.361022819589834e-13,8.422559792909389e-20,1.3552527156068805e-20,1.0257039595657543e-22,0.0,2.4609593915056703e-12,1.1267976506072403e-16,2.759074407388071e-16
6.305511668358577e-13,8.427936466891251e-20,1.4399560103323202e-20,9.26442286059391e-23,0.0,2.4610267059827677e-12,1.1927306464297307e-16,2.4822294148310394e-16
6.267764085521321e-13,8.43211372898491e-20,2.03287907341034e-20,6.28657265540301e-23,0.0,2.4607420672107365e-12,1.6775610043925676e-16,1.6777429729999638e-16
6.223910276048628e-13,8.438317583579325e-20,1.185846126156059e-20,4.632211430296955e-23,0.0,2.4610469857744574e-12,9.749330899193087e-17,1.2313840826490146e-16
6.165068455743494e-13,8.442453486642357e-20,1.9481757786849004e-20,5.293955920339452e-23,0.0,2.4607469280024724e-12,1.5957333878323038e-16,1.4017960876596207e-16
6.121769757783113e-13,8.448202391899867e-20,2.4563955470374902e-20,5.293955920339452e-23,0.0,2.4609152424716197e-12,2.0045744745392737e-16,1.3963357329539557e-16
1.1164513757933037e-11,8.163581266234917e-20,2.3717000071302933e-20,7.610061635487967e-23,0.0,2.376538137398646e-12,1.9283268330859961e-16,1.9994368963686053e-16
5.136446823428287e-13,5.338540955829146e-20,1.524659305057779e-20,7.61006163548793e-23,0.0,1.5280457502144976e-12,1.234864652168587e-16,1.991574815133324e-16
5.588307594450725e-13,7.767101875056886e-20,1.0164395367051797e-20,5.304295677996365e-23,0.0,2.2187794591722504e-12,8.20079910885805e-17,1.3827103947318778e-16
5.572209360593661e-13,7.782901024767277e-20,3.2240191554867e-20,3.339741723182887e-23,0.0,2.218684540970306e-12,2.5912215309238515e-16,8.671899871068453e-17
5.684896997593114e-13,7.796756300040167e-20,6.882142696441287e-21,5.314635435653203e-23,0.0,2.218040322606181e-12,5.510196750608056e-17,1.3745974480291697e-16
5.811462422400382e-13,7.809991189853652e-20,2.493453238479866e-20,4.032505486196085e-23,0.0,2.2172294870295963e-12,1.9887735566300137e-16,1.0389162215165992e-16
5.985212325754219e-13,7.822853848391495e-20,2.0434669852510285e-20,7.713459212057058e-23,0.0,2.2163271967006093e-12,1.6236654856301928e-16,1.979525457963357e-16
6.143974218275616e-13,7.833813991520472e-20,2.096406544454432e-20,3.122606812387717e-23,0.0,2.2148968674018444e-12,1.6594088067991288e-16,7.982490272576945e-17
6.294964549624638e-13,7.846759368119584e-20,1.9693516023662483e-20,3.432799542095065e-23,0.0,2.2140380817685264e-12,1.5529382883910246e-16,8.741411913222963e-17
6.448175327022909e-13,7.86082143854565e-20,2.0434669852510188e-20,3.6809537258610484e-23,0.0,2.2135022246570523e-12,1.6052981149146643e-16,9.337022590507928e-17
6.609157665593557e-13,7.874883508971722e-20,2.138758191817147e-20,7.320548421094333e-23,0.0,2.2129730061300886e-12,1.6738284545951278e-16,1.8497347178042228e-16
6.733502644351574e-13,7.886794909805165e-20,1.9905274260476154e-20,5.37667398159468e-23,0.0,2.2118467516634108e-12,1.5519676034434467e-16,1.3533190228106953e-16
6.902811655606911e-13,7.899947081557446e-20,1.8846483076408183e-20,4.7562885221799844e-23,0.0,2.2110758321547657e-12,1.463908868791359e-16,1.192554416554148e-16
7.048805983345119e-13,7.91177576432965e-20,2.7316812548951186e-20,2.688336990797453e-23,0.0,2.209941430994641e-12,2.113912337163513e-16,6.714599800406997e-17
7.200351426206453e-13,7.92467978189818e-20,2.0540548970916976e-20,8.685396431806828e-23,0.0,2.2091140458427833e-12,1.5836025545078167e-16,2.1610029845187156e-16
7.338019081259972e-13,7.93721156819107e-20,1.0799670077492522e-20,6.286572655403048e-23,0.0,2.208188746980821e-12,8.295179314739868e-17,1.5581592437789996e-16
7.503997423441433e-13,7.948874814840789e-20,7.623296525288992e-21,9.429858983104553e-23,0.0,2.2070279746482513e-12,5.833687638789979e-17,2.328295861768106e-16
7.658873535376642e-13,7.96363998878759e-20,1.9269999550035333e-20,3.722312756488662e-23,0.0,2.2067330303025217e-12,1.469166560922145e-16,9.155536152012158e-17
7.828182546631979e-13,7.973897028395986e-20,1.6305384234645282e-20,7.858215819253838e-23,0.0,2.205193884091742e-12,1.2385490843583458e-16,1.9254653721695801e-16
7.986944439153376e-13,7.985849788260124e-20,1.1011428314306097e-20,5.45939204285002e-23,0.0,2.2041299263276626e-12,8.333406316454332e-17,1.332599872392813e-16
8.17290679577809e-13,7.99925011419624e-20,3.282252670610414e-20,4.63221143029703e-23,0.0,2.20346971433978e-12,2.474864746329756e-16,1.1263943596166007e-16
8.353318037279678e-13,8.012319567887345e-20,2.2446373102239152e-20,8.51996030929626e-23,0.0,2.202721682527805e-12,1.6862812612825298e-16,2.063902394783654e-16
8.538170170879766e-13,8.024603199996532e-20,2.9646153153900993e-20,2.316105715148515e-23,0.0,2.2017612784270735e-12,2.2190156322408966e-16,5.589363201089916e-17
8.761324998829423e-13,8.035563343125647e-20,2.710505431213809e-20,4.714929491552333e-23,0.0,2.2004422874914535e-12,2.0214092676098635e-16,1.1335336109065939e-16
8.947287355454137e-13,8.047888334265482e-20,1.4399560103323202e-20,8.271806125530352e-23,0.0,2.1995013238514933e-12,1.0699633743890036e-16,1.9811514035036036e-16
9.160450176182167e-13,8.059220708670264e-20,2.2869889575866398e-20,5.790264287871231e-23,0.0,2.1982929220291812e-12,1.6931803126468659e-16,1.38158209568712e-16
9.363065878176258e-13,8.07278647072895e-20,7.199780051661649e-21,5.459392042850133e-23,0.0,2.1976966799658996e-12,5.311064147039125e-17,1.2977362857263283e-16
9.535150446993157e-13,8.084739230593168e-20,2.668153783851046e-20,3.887748878999343e-23,0.0,2.1966637471772007e-12,1.9611014018604436e-16,9.206765640185851e-17
9.773293285775253e-13,8.09561665566108e-20,9.74087889342455e-21,1.0422475718168262e-22,0.0,2.1953422911014195e-12,7.133750112784093e-17,2.4589480328528235e-16
1.0002554340360348e-12,8.108892904505404e-20,2.541098841762901e-20,6.038418471637102e-23,0.0,2.1946740994246017e-12,1.8542808950794511e-16,1.4192996411026851e-16
1.0185186027911186e-12,8.121176536614676e-20,8.04681299891595e-21,8.271806125530314e-23,0.0,2.1937390919152992e-12,5.850806474740267e-17,1.9369861148236973e-16
1.0382250614782151e-12,8.133253373570821e-20,1.5246593050577406e-20,7.279189390466794e-23,0.0,2.1927505159388085e-12,1.1046027376613267e-16,1.6981939769029093e-16
1.0598744104584057e-12,8.145702441802626e-20,2.5834504891256353e-20,5.459392042850096e-23,0.0,2.1918643330660962e-12,1.8649987104367698e-16,1.2689061794663275e-16
1.0823564267070651e-12,8.157903355850677e-20,1.821120836596765e-20,1.0753347963189435e-22,0.0,2.1909131892707172e-12,1.3099835085688708e-16,2.490076629543003e-16
1.1028400415113992e-12,8.169442525408698e-20,1.52465930505776e-20,5.624828165360663e-23,0.0,2.189786455023716e-12,1.0928287515944813e-16,1.2976718391904e-16
1.126487791935915e-12,8.182222465885561e-20,7.199780051661938e-21,7.279189390466794e-23,0.0,2.1889939858417883e-12,5.142263425405143e-17,1.6731237536228286e-16
1.148414696672262e-12,8.193058531922937e-20,2.498747194400186e-20,4.466775307786387e-23,0.0,2.1876833690931293e-12,1.7783479105789583e-16,1.0228957865930089e-16
4.176659018639839e-13,8.232018738787453e-20,1.3976043629696052e-20,8.27180612553039e-23,0.0,2.1938035240613013e-12,9.911548055566174e-17,1.8872643163800155e-16
4.06064071256651e-13,8.240910930378178e-20,1.5246593050577502e-20,4.3013391852757815e-23,0.0,2.1948999994050478e-12,1.0774525493496595e-16,9.77768459902435e-17
4.0678571622265736e-13,8.245460423747518e-20,3.0916702574782155e-20,7.444625512977287e-23,0.0,2.1948422833674324e-12,2.1771682928443349e-16,1.6860876090054511e-16
4.072298054325074e-13,8.251126610943753e-20,2.0752307207730455e-20,5.955700410381874e-23,0.0,2.1950802286032477e-12,1.4562772294735282e-16,1.3439404693005217e-16
4.0650816046650107e-13,8.255014359822998e-20,1.8211208365967746e-20,4.9630836753182037e-23,0.0,2.19484355490246e-12,1.2735047961779894e-16,1.1158700489191903e-16
4.045097590221758e-13,8.260432392835467e-20,2.1599340154984755e-20,8.933550615572737e-23,0.0,2.195012297442862e-12,1.505191410398099e-16,2.0012707803365545e-16
4.065636716177323e-13,8.266139939062329e-20,3.4728350837426314e-20,5.624828165360663e-23,0.0,2.195256235157261e-12,2.411737699811095e-16,1.2554967718847042e-16
4.0573100434926346e-13,8.271392535952288e-20,1.1011428314305904e-20,7.279189390466681e-23,0.0,2.1953776403591754e-12,7.620604714834962e-17,1.6188953504452571e-16
4.0484282592956333e-13,8.275983388352203e-20,3.6422416731934915e-20,7.77549775799846e-23,0.0,2.195321867758818e-12,2.511999637771216e-16,1.7230511408972672e-16
4.0822900615467006e-13,8.282063165854716e-20,1.6093625997831803e-20,8.602678370551601e-23,0.0,2.1956593873792833e-12,1.1061521892324687e-16,1.899514557064594e-16
4.0573100434926346e-13,8.286447223101494e-20,6.776263578034403e-21,5.624828165360588e-23,0.0,2.1955457197633686e-12,4.6415873822849266e-17,1.237547572507152e-16
4.0534242629064465e-13,8.292237487389612e-20,2.032879073410369e-20,4.632211430296955e-23,0.0,2.195803045427711e-12,1.3877400070853483e-16,1.0155221925177283e-16
4.0456527017340704e-13,8.295670286931955e-20,1.6093625997831995e-20,7.444625512977324e-23,0.0,2.1954346655230106e-12,1.0949034348857167e-16,1.6262861747336125e-16
4.050093593832571e-13,8.300881524791287e-20,1.52465930505776e-20,8.27180612553039e-23,0.0,2.195535591661752e-12,1.0337727158124877e-16,1.8005789382072788e-16
4.0195624606553793e-13,8.307250815508193e-20,1.2705494208814794e-20,7.940933880509066e-23,0.0,2.1959410093247842e-12,8.585767474206571e-17,1.7224463736436473e-16
4.0389913635863195e-13,8.311428077601834e-20,2.0328790734103304e-20,3.970466940254608e-23,0.0,2.1957653378378162e-12,1.3691131252209474e-16,8.58188320342345e-17
4.0034642267983145e-13,8.317921445410623e-20,3.4728350837426506e-20,8.768114493062244e-23,0.0,2.196199882834035e-12,2.331079423134396e-16,1.88850725766396e-16
4.005684672847565e-13,8.320899295616062e-20,2.6258021364883407e-20,1.1911400820763636e-22,0.0,2.195704735380205e-12,1.7566485847909798e-16,2.556531985894468e-16
3.9918068850397503e-13,8.326854996026692e-20,1.1858461261560301e-20,8.106370003019709e-23,0.0,2.1959939784050588e-12,7.906896286401851e-17,1.7337850170346643e-16
3.984590435379687e-13,8.330618667814057e-20,1.524659305057779e-20,5.293955920339452e-23,0.0,2.1957036095617948e-12,1.0132348478724266e-16,1.1283245336091191e-16
3.960720640350246e-13,8.336905240469708e-20,1.3552527156068998e-20,6.782881022934865e-23,0.0,2.1960766307335125e-12,8.97680861195653e-17,1.440645822832356e-16
3.9585001943009956e-13,8.341909683175903e-20,2.71050543121379e-20,1.6543612251061682e-23,0.0,2.1961101551100307e-12,1.7894561682851125e-16,3.501604411483876e-17
3.9479530755670567e-13,8.347244998127118e-20,2.3716922523120602e-20,3.6395946952333594e-23,0.0,2.196229169192531e-12,1.5606406804011144e-16,7.676934669012471e-17
3.946287741030119e-13,8.353572929813399e-20,1.9481757786849197e-20,4.6322114302969926e-23,0.0,2.1966075285420004e-12,1.27776563594167e-16,9.737010096656032e-17
3.9268588380991787e-13,8.357295242570136e-20,2.4563955470374806e-20,4.301339185275857e-23,0.0,2.1962991572451616e-12,1.6058481756106102e-16,9.010474791715568e-17
3.902989043069738e-13,8.36126570951064e-20,3.0493186101155005e-20,4.301339185275744e-23,0.0,2.196054791862439e-12,1.9869947175023662e-16,8.979635357874753e-17
3.904099266094363e-13,8.367800436350059e-20,1.4399560103323298e-20,9.926167350637837e-24,0.0,2.196482277315996e-12,9.352666330718847e-17,2.0651513616973777e-17
3.892441924335799e-13,8.372391288749977e-20,3.134021904840911e-20,8.271806125530314e-23,0.0,2.1963977729422947e-12,2.0290142704203784e-16,1.7151028083231008e-16
3.8519187839369806e-13,8.378264271099354e-20,2.2869889575866205e-20,8.602678370551525e-23,0.0,2.1966479840523576e-12,1.4758714152063044e-16,1.7776539342943128e-16
3.844702334276917e-13,8.38467492084689e-20,2.286988957586659e-20,6.948317145445545e-23,0.0,2.1970372464918233e-12,1.4711413197404586e-16,1.430938815398317e-16
3.818612093198226e-13,8.389348491308064e-20,1.7787691892340403e-20,8.27180612553039e-23,0.0,2.1969696099822862e-12,1.1405655770009248e-16,1.697750353705295e-16
3.816946758661288e-13,8.394022061769239e-20,8.4703294725431e-21,8.602678370551525e-23,0.0,2.1969005090684767e-12,5.4139686500583606e-17,1.7597190921637945e-16
3.800293413291911e-13,8.398819709322297e-20,3.642241673193511e-20,6.286572655403198e-23,0.0,2.1968623982577175e-12,2.320616471215275e-16,1.281633574353338e-16
3.7519987117207165e-13,8.404113665242887e-20,2.456395547037471e-20,1.0918784085700116e-22,0.0,2.196952526568676e-12,1.560114488502063e-16,2.2185466543692486e-16
3.7508884886960914e-13,8.410731110143562e-20,2.795208725939201e-20,8.933550615572774e-23,0.0,2.19738677367221e-12,1.769702729812166e-16,1.8091175653689724e-16
1.182315356729191e-11,8.361585353436962e-20,2.964617900329475e-20,7.940954075348277e-23,0.0,2.1832489403653983e-12,1.87105491501508e-16,1.6027556593823048e-16
2.8149704789370844e-13,5.870873039038795e-20,1.7800926782141156e-20,7.94610375933756e-23,0.0,1.5112404667121073e-12,1.1197894199582903e-16,1.5984006437261294e-16
3.476108290101365e-13,7.986387455451352e-20,2.633743070368869e-20,6.968996660759296e-23,0.0,2.0520237967305514e-12,1.6513712869743478e-16,1.3971501006562005e-16
3.453903829608862e-13,8.014015287921448e-20,3.3140164061324693e-20,6.958656903102383e-23,0.0,2.0551404835565686e-12,2.071125925806297e-16,1.390405423629307e-16
3.6098901645686965e-13,8.040526426566662e-20,2.9910850949917673e-20,8.602678370551488e-23,0.0,2.057961917106308e-12,1.8632197281706448e-16,1.7131474927538077e-16
3.765876499528531e-13,8.064183792098578e-20,2.0646428089323763e-20,6.989676176073159e-23,0.0,2.060048892192155e-12,1.2819367566177332e-16,1.3872827860746405e-16
3.992361996552063e-13,8.089867750131254e-20,2.3399285167900336e-20,4.983763190631992e-23,0.0,2.0626535301412845e-12,1.4481499328742123e-16,9.858573063980354e-17
4.175548795615214e-13,8.114310937245108e-20,1.4081922748103128e-20,8.313165156157966e-23,0.0,2.0649375200180318e-12,8.686904512052253e-17,1.6389799755515834e-16
4.3731684939984916e-13,8.139250432726501e-20,2.826972461461237e-20,5.335314950967104e-23,0.0,2.0673434147879815e-12,1.7382798374159422e-16,1.0483824585271178e-16
4.557465516086268e-13,8.165554776218614e-20,1.77876918923405e-20,8.395883217413269e-23,0.0,2.0700902544227133e-12,1.0902236461828638e-16,1.6442974953657332e-16
4.759526106568046e-13,8.188384961138013e-20,2.5622746654442682e-20,8.313165156158003e-23,0.0,2.071951242605496e-12,1.5653894853691717e-16,1.6226939662366535e-16
4.968248035197576e-13,8.21315902049692e-20,2.308164781268007e-20,9.719372197498075e-23,0.0,2.0742993692984526e-12,1.4056173344893702e-16,1.8908911297086318e-16
5.159761506945415e-13,8.237478130518929e-20,2.6893296075324132e-20,8.644037401179252e-23,0.0,2.0765268129277e-12,1.6324906874861906e-16,1.676119370538886e-16
5.373479439185758e-13,8.262252189877852e-20,2.87991202066465e-20,6.989676176073121e-23,0.0,2.078862848369368e-12,1.742589500967622e-16,1.3508504276862104e-16
5.587752482938413e-13,8.28847381530875e-20,5.103373507207169e-20,6.121136532892442e-23,0.0,2.081555826685467e-12,3.0781176545799203e-16,1.1790876370991502e-16
5.792033519469442e-13,8.312048462779488e-20,1.7787691892340596e-20,7.858215819253763e-23,0.0,2.0835770662958145e-12,1.0694542989445873e-16,1.5087027975497586e-16
5.991318552389657e-13,8.337318830505969e-20,8.682087709356578e-21,8.602678370551563e-23,0.0,2.0860165904466077e-12,5.203365616018807e-17,1.646194218191527e-16
6.230016502684066e-13,8.361182991191118e-20,3.621065849512163e-20,5.790264287871231e-23,0.0,2.0880971281126272e-12,2.1633007255245747e-16,1.1043718717021913e-16
6.430966870141219e-13,8.38463356157e-20,4.764560328305478e-20,8.023651941764368e-23,0.0,2.0900678549820694e-12,2.837437791156986e-16,1.5253184358728814e-16
6.656897255652439e-13,8.411310136337848e-20,1.567010952420475e-20,5.293955920339528e-23,0.0,2.0928347122360417e-12,9.302535343619436e-17,1.0030952522671124e-16
6.821210263296962e-13,8.435050219931143e-20,2.6046263128069735e-20,8.850832554317509e-23,0.0,2.0948625853861518e-12,1.541356932541991e-16,1.6715575121383649e-16
7.052691763931307e-13,8.459865638320766e-20,4.595153738854618e-20,1.0753347963189397e-22,0.0,2.0971498516609784e-12,2.710747408824516e-16,2.02422215799012e-16
7.255307465925398e-13,8.482819900332156e-20,3.430483436379955e-20,9.429858983104591e-23,0.0,2.0989682700045078e-12,2.017335996793268e-16,1.7692894273648018e-16
7.508993427052246e-13,8.509951424436949e-20,2.1175823681357797e-20,6.369290716658464e-23,0.0,2.1018116102995142e-12,1.2413659102059003e-16,1.1911484735816514e-16
7.717160244169463e-13,8.531623556498902e-20,4.7857361519868354e-20,5.872982349126609e-23,0.0,2.103298318309016e-12,2.7967105380118157e-16,1.0947541464300763e-16
7.928657730360555e-13,8.556438974888566e-20,3.8116482626443515e-20,6.369290716658351e-23,0.0,2.105552594659994e-12,2.2205139784198695e-16,1.183406598846741e-16
8.167355680654964e-13,8.579434595930626e-20,1.9481757786849004e-20,8.933550615572812e-23,0.0,2.1073509793326085e-12,1.13139279970839e-16,1.6544512058486256e-16
8.386624728018433e-13,8.605118553963492e-20,3.0493186101155005e-20,6.369290716658388e-23,0.0,2.109801102233951e-12,1.7653681651244785e-16,1.1757359936787575e-16
8.626988012849779e-13,8.628445047250595e-20,5.1245493308885556e-20,1.2573145310806134e-22,0.0,2.1116643625170727e-12,2.9575902584696157e-16,2.3134147044367155e-16
8.84681217172556e-13,8.653756774007836e-20,2.3293406049493548e-20,9.512577044359818e-23,0.0,2.1140046725747003e-12,1.340194355688897e-16,1.7446185778762873e-16
9.071077222699842e-13,8.678448115305673e-20,4.277516383634236e-20,8.106370003019709e-23,0.0,2.116183915916993e-12,2.453474403647602e-16,1.4819153942492217e-16
9.319767180215877e-13,8.703883919154821e-20,3.3881317890172014e-20,4.9630836753182037e-23,0.0,2.118535026577808e-12,1.9373487214895375e-16,9.043680212326768e-17
9.536815781530095e-13,8.726879540196949e-20,4.4045713257223714e-20,6.782881022934902e-23,0.0,2.1202831852120355e-12,2.510795782889542e-16,1.231987615836744e-16
9.781619958459942e-13,8.75177767664796e-20,4.446922973085096e-20,1.2738581433316664e-22,0.0,2.1224847183901927e-12,2.527144987203348e-16,2.30628876021256e-16
1.0007550343971161e-12,8.774980092843251e-20,2.2022856628612e-20,7.61006163548793e-23,0.0,2.124265965400981e-12,1.247698267404218e-16,1.373356184766387e-16
1.023348072948238e-12,8.80091220505998e-20,2.0328790734103497e-20,8.106370003019709e-23,0.0,2.1266984509008123e-12,1.1481942909914098e-16,1.4582290968656696e-16
1.0482725798510728e-12,8.824983160898476e-20,3.6422416731935203e-20,8.602678370551638e-23,0.0,2.128671168259994e-12,2.0508932346465697e-16,1.5425500706116965e-16
9.015566071468584e-13,8.856829614494754e-20,3.006966962752776e-20,1.2573145310806134e-22,0.0,2.1324476870042294e-12,1.688013576517502e-16,2.24728281320545e-16
9.076628337822967e-13,8.871139839097808e-20,4.0657581468206994e-20,5.293955920339377e-23,0.0,2.1346923394229916e-12,2.275441751726822e-16,9.432045546446092e-17
9.048317650695026e-13,8.876061563742813e-20,2.2446373102239248e-20,8.933550615572737e-23,0.0,2.1346796388759808e-12,1.2524237167307301e-16,1.586591513988515e-16
9.002798506685394e-13,8.880528339050857e-20,1.736417541871335e-20,8.437242248040882e-23,0.0,2.134556235390362e-12,9.659267444493476e-17,1.4936906470135496e-16
8.927858452523196e-13,8.887021706859656e-20,3.4304834363799356e-20,6.617444900424372e-23,0.0,2.1349184437738906e-12,1.9025419714392144e-16,1.1678128112303142e-16
8.84903261777481e-13,8.891736636351468e-20,3.430483436379945e-20,8.106370003019746e-23,0.0,2.1348518791820885e-12,1.896824228881414e-16,1.4260531134684201e-16
8.804623696789804e-13,8.897857772884619e-20,1.86347248395948e-20,7.61006163548793e-23,0.0,2.135121445538983e-12,1.0272863395038163e-16,1.334527192396343e-16
8.729683642627606e-13,8.904392499724047e-20,3.981054852095221e-20,9.429858983104628e-23,0.0,2.135488520265327e-12,2.1881009702668507e-16,1.6484584396996998e-16
8.678058271982536e-13,8.908404325695188e-20,2.4563955470374902e-20,8.106370003019709e-23,0.0,2.1352490904086834e-12,1.3460836384019328e-16,1.412655722336859e-16
8.608114221431151e-13,8.914773616412106e-20,3.642241673193501e-20,9.429858983104628e-23,0.0,2.135573289816429e-12,1.98999005062852e-16,1.638157858916573e-16
8.538170170879766e-13,8.919074955597641e-20,5.082197683525821e-20,6.617444900424297e-23,0.0,2.1354006333860584e-12,2.7685089644871947e-16,1.1460011154445018e-16
8.464895451254506e-13,8.923955321211964e-20,3.3034284942918e-20,6.948317145445545e-23,0.0,2.1353653389709648e-12,1.794218517683418e-16,1.199560034752028e-16
8.396616735240059e-13,8.93123451060269e-20,2.0328790734103497e-20,9.760731228125877e-23,0.0,2.135902376205443e-12,1.1008846096109217e-16,1.679870608054637e-16
8.343326030058051e-13,8.935494490757598e-20,3.21872519956638e-20,6.452008777913691e-23,0.0,2.135715783912326e-12,1.737951894069107e-16,1.1069882277814487e-16
8.252842853551101e-13,8.940912523770081e-20,2.3716922523120698e-20,8.768114493062206e-23,0.0,2.1358046479495825e-12,1.276848952795761e-16,1.4997272201653402e-16
8.180678356950466e-13,8.947323173517627e-20,1.86347248395948e-20,7.940933880509141e-23,0.0,2.1361290024878773e-12,1.0003114358757557e-16,1.3540636034020746e-16
8.10629341430058e-13,8.952823924591364e-20,3.642241673193511e-20,4.7976475528075605e-23,0.0,2.1362344862323855e-12,1.94946645947434e-16,8.155688730899079e-17
8.034684029212258e-13,8.958200598573219e-20,3.3034284942917906e-20,8.768114493062131e-23,0.0,2.1363088662972873e-12,1.7629920575309806e-16,1.4859585862767631e-16
7.968625759247061e-13,8.963122323218171e-20,1.7787691892340596e-20,1.1084220208210646e-22,0.0,2.1362733325939107e-12,9.465577958430447e-17,1.8727387050450882e-16
7.889799924498675e-13,8.968457638169399e-20,3.13402190484094e-20,8.768114493062169e-23,0.0,2.1363349599744056e-12,1.6629350785375538e-16,1.4769069608938098e-16
7.833178550242792e-13,8.973627516998115e-20,5.421010862427532e-20,8.271806125530314e-23,0.0,2.136355731829786e-12,2.8681567817405047e-16,1.389074292296977e-16
7.741585150711217e-13,8.980369038990684e-20,3.5575383784680807e-20,6.286572655403161e-23,0.0,2.1367490279214662e-12,1.8768308801825596e-16,1.0524962733917907e-16
7.67996777284452e-13,8.98450494205371e-20,3.21872519956638e-20,9.264422860593948e-23,0.0,2.136520856446181e-12,1.693230006855684e-16,1.5463570480579844e-16
7.596145934485321e-13,8.991701413383183e-20,3.896351557369791e-20,5.624828165360626e-23,0.0,2.137018930300302e-12,2.0438558086596347e-16,9.360277213935798e-17
7.522871214860061e-13,8.995837316446209e-20,4.06575814682068e-20,7.61006163548793e-23,0.0,2.136788052263838e-12,2.1266560406971462e-16,1.2625800188061705e-16
7.449041383722488e-13,9.001089913336182e-20,4.7433845046241204e-20,1.5881867761018244e-22,0.0,2.1368211257164754e-12,2.4740652577110285e-16,2.6270408452104114e-16
7.376876887121853e-13,9.007004254716198e-20,3.3881317890172014e-21,1.0587911840678905e-22,0.0,2.1370097568138973e-12,1.762193985126399e-17,1.746116778429015e-16
7.313039063205906e-13,9.012008697422405e-20,2.0328790734103497e-20,1.0257039595657656e-22,0.0,2.136981000189734e-12,1.0543360037416062e-16,1.686498308408807e-16
7.230882559383645e-13,9.018005756863677e-20,2.3716922523120506e-20,7.610061635488043e-23,0.0,2.1371861030957152e-12,1.2266011068374508e-16,1.2475447500275935e-16
7.146505609512133e-13,9.022596609263608e-20,5.505714157153e-20,1.5550995515996958e-22,0.0,2.137056487660085e-12,2.83948537907065e-16,2.541753264544044e-16
7.066569551739121e-13,9.029627644470571e-20,1.6093625997832092e-20,9.926167350636483e-23,0.0,2.1375032446550485e-12,8.276834186946991e-17,1.6175851784541674e-16
6.991074386064611e-13,9.03355675238046e-20,1.9481757786849004e-20,7.61006163548793e-23,0.0,2.137214199646216e-12,9.991398003506086e-17,1.236480387079352e-16
6.926681450636352e-13,9.040008761158636e-20,3.3034284942918195e-20,1.0257039595657581e-22,0.0,2.137520605592247e-12,1.6894843616932433e-16,1.6616428539170554e-16
6.857292511597279e-13,9.044103305191036e-20,4.2351647362715017e-20,5.293955920339452e-23,0.0,2.137268131424172e-12,2.160001621894092e-16,8.550975317834418e-17
6.776801342311956e-13,9.050927545244861e-20,4.7433845046241397e-20,1.0918784085700003e-22,0.0,2.1376592234609795e-12,2.412514559207596e-16,1.7584594527241598e-16
9.544476320400008e-12,3.857997709727989e-19,1.3552578854857186e-20,7.610102025166352e-23,0.0,9.106621734755507e-12,6.873917462785173e-17,1.222007802111534e-16
6.919465000976288e-13,5.719209473737439e-20,1.9508227566450894e-20,1.125482620954967e-22,0.0,1.33392512299823e-12,9.8663346872097e-17,1.801924441269338e-16
6.805112029439897e-13,8.181974311295457e-20,4.7460314825842516e-20,6.286572655403048e-23,0.0,1.9050422105262717e-12,2.3934564265715103e-16,1.0035284697344993e-16
6.656897255652439e-13,8.308863817272106e-20,3.4728350837426314e-20,9.274762618250936e-23,0.0,1.9310680843499e-12,1.746377543438879e-16,1.4761748177499184e-16
6.672995489509503e-13,8.374707394044486e-20,4.15575539746644e-20,8.933550615572774e-23,0.0,1.9428395618947497e-12,2.0838439427540574e-16,1.4176844509580678e-16
6.750155989720952e-13,8.411061981979363e-20,3.171079596283306e-20,1.0070923957833262e-22,0.0,1.9477440410929077e-12,1.5855712207959877e-16,1.5934797161654877e-16
6.852296507986466e-13,8.439144763788725e-20,4.605741650695287e-20,4.7149294915522954e-23,0.0,1.950726466005022e-12,2.296379882488592e-16,7.43833017474847e-17
6.922240558537851e-13,8.466276287893651e-20,2.3928680759934273e-20,8.68539643180679e-23,0.0,1.9534828976625252e-12,1.1896812265051514e-16,1.3661997765860356e-16
7.017719738655614e-13,8.489147831843938e-20,1.302313156403506e-20,8.685396431806866e-23,0.0,1.955252053186457e-12,6.4564993060388e-17,1.3621966936578698e-16
7.048805983345119e-13,8.516610228193902e-20,3.9175273810511583e-20,1.2945376586454996e-22,0.0,1.958073749043188e-12,1.936714823064593e-16,2.0243788088236476e-16
7.12652159506888e-13,8.540515747909896e-20,3.2187251995663894e-20,8.437242248040995e-23,0.0,1.960072067054904e-12,1.586761338332063e-16,1.3155454116087492e-16
7.207567875866516e-13,8.56653057818791e-20,3.9810548520952116e-20,1.2738581433316701e-22,0.0,1.9625491536472036e-12,1.9570506092702083e-16,1.9804138116467097e-16
7.323031070427533e-13,8.592007741067771e-20,2.308164781268007e-20,4.590852399669341e-23,0.0,1.964896809537302e-12,1.1314855006824163e-16,7.11637934023509e-17
7.406297797274419e-13,8.618270725529566e-20,2.5622746654442682e-20,6.65880393105191e-23,0.0,1.9674175560794353e-12,1.2525303208707553e-16,1.0291867901503663e-16
7.515654765199997e-13,8.64933135754418e-20,3.324604317973158e-20,1.45583787809334e-22,0.0,1.9710244191326362e-12,1.6206341986821488e-16,2.243595430464124e-16
7.597811269022259e-13,8.65665190597853e-20,4.256340559952869e-20,5.872982349126572e-23,0.0,1.9692196214951818e-12,2.069026018418549e-16,9.024541143283953e-17
7.700506898800086e-13,8.668935538088206e-20,2.159934015498466e-20,8.519960309296185e-23,0.0,1.9685493793358632e-12,1.047024116504497e-16,1.3053899267637032e-16
7.776002064474596e-13,8.755169116960134e-20,4.785736151986816e-20,7.61006163548793e-23,0.0,1.9846456141236282e-12,2.313415462927384e-16,1.162595041338123e-16
7.874811913666235e-13,8.777544352542977e-20,4.1716372652274677e-20,1.0422475718168186e-22,0.0,1.9862359877716823e-12,2.010954099770465e-16,1.587633116852898e-16
7.983058658567188e-13,8.760338995815168e-20,4.8280877993495216e-20,6.286572655403086e-23,0.0,1.9788804267989147e-12,2.3209381269253856e-16,9.548464203981183e-17
8.090195180443516e-13,8.804014132171271e-20,4.8069119756681833e-20,6.94831714544547e-23,0.0,1.985279194168171e-12,2.304355059990368e-16,1.0523032498068675e-16
8.143485885625523e-13,8.984877173119305e-20,2.604626312807012e-20,1.1497810514487122e-22,0.0,2.022537439662544e-12,1.2451609926460043e-16,1.7362789022129526e-16
8.235079285157099e-13,8.886153167024426e-20,3.4728350837426314e-20,8.768114493062206e-23,0.0,1.996839163005436e-12,1.655629377096615e-16,1.3202463845421914e-16
8.335554468885675e-13,8.851907889678065e-20,4.4892746204478303e-20,6.286572655403048e-23,0.0,1.9856938968218853e-12,2.1343027977584712e-16,9.43862043049078e-17
8.449907440422066e-13,8.873704098832184e-20,3.04931861011551e-20,1.3648480107124994e-22,0.0,1.9871364914197245e-12,1.4457246005555358e-16,2.043271404362236e-16
8.514300375850326e-13,8.923210858506841e-20,3.47283508374267e-20,1.3400325923359086e-22,0.0,1.994768177474251e-12,1.641995017696256e-16,2.000348610941245e-16
8.600897771771088e-13,8.971476847262678e-20,4.870439446712227e-20,1.1994118882018901e-22,0.0,2.0020959046411446e-12,2.2964803054216685e-16,1.7852893645588565e-16
8.676948048957911e-13,9.046005820467086e-20,2.6681537838510557e-20,4.714929491552333e-23,0.0,2.0152483119400417e-12,1.2546261162785623e-16,6.99788487291683e-17
8.790745908981989e-13,9.068753287325687e-20,3.430483436379955e-20,6.617444900424221e-23,0.0,2.0168385254980537e-12,1.608679997282052e-16,9.793425612693518e-17
8.898992653882942e-13,9.086248157294587e-20,2.879912020664631e-20,6.700162961679562e-23,0.0,2.01725598310525e-12,1.3468101990203845e-16,9.887437431947444e-17
9.000022949123831e-13,9.107589417111872e-20,2.96461531539009e-20,7.77549775799846e-23,0.0,2.018523205996262e-12,1.3826438611551144e-16,1.1441476013578633e-16
9.096057240753908e-13,9.138939562341059e-20,3.006966962752805e-20,7.610061635487855e-23,0.0,2.0219991543748944e-12,1.3985802854667182e-16,1.1166032414622535e-16
9.205414208679485e-13,9.176162689919384e-20,1.7364175418713253e-20,1.588186776101817e-22,0.0,2.026758852504469e-12,8.054370890079225e-17,2.323649003329055e-16
9.345857421294568e-13,9.290189537373273e-20,3.684593320556226e-20,9.26442286059391e-23,0.0,2.048435423428397e-12,1.7044633907976637e-16,1.351596153363995e-16
9.448553051072395e-13,9.310827693669938e-20,4.023406499457936e-20,1.207683694327428e-22,0.0,2.049479668639434e-12,1.85615664384226e-16,1.7568828040026e-16
9.535150446993157e-13,9.33117633675222e-20,4.31986803099698e-20,1.0422475718168186e-22,0.0,2.050454843646077e-12,1.9875392491657927e-16,1.5118993442177774e-16
9.6606056487758e-13,9.346810050342965e-20,3.726944967918931e-20,1.0587911840678792e-22,0.0,2.0503903948340963e-12,1.7101124127332828e-16,1.5315320360672703e-16
4.602429548583586e-13,9.35466826617575e-20,5.590417451878392e-20,5.790264287871269e-23,0.0,2.0485696320287566e-12,2.558257646822192e-16,8.351786028541005e-17
4.533040609544514e-13,9.37505826828121e-20,2.583450489125616e-20,7.940933880509216e-23,0.0,2.051909228692931e-12,1.1790482976621434e-16,1.1421430275527675e-16
4.4375614294267507e-13,9.38564618012221e-20,3.5575383784680807e-20,1.3896634290890903e-22,0.0,2.0531040737381014e-12,1.6192562999736074e-16,1.9931010893598319e-16
4.3787196091216174e-13,9.396275450993781e-20,1.5246593050577984e-20,6.782881022934865e-23,0.0,2.0543054056691273e-12,6.921121610591786e-17,9.700799126763245e-17
4.3182124542795464e-13,9.404257743905182e-20,3.515186731105356e-20,1.009160347314705e-22,0.0,2.0549257730924702e-12,1.5914494435482491e-16,1.4392290604356856e-16
4.2588155224621005e-13,9.407401030233149e-20,1.5246593050577695e-20,7.940933880509179e-23,0.0,2.0544874073039137e-12,6.8843210918597e-17,1.1293291846761505e-16
4.175548795615214e-13,9.418195737227229e-20,3.218725199566399e-20,1.0753347963189473e-22,0.0,2.055718341737902e-12,1.4495030860120413e-16,1.5250170035318824e-16
4.117262086822393e-13,9.41980873942197e-20,3.3034284942918195e-20,1.3896634290891015e-22,0.0,2.0549436621684393e-12,1.4837138302379711e-16,1.9652843765766575e-16
4.021227795192317e-13,9.424068719576882e-20,8.470329472543196e-21,1.2076836943274317e-22,0.0,2.05474569109671e-12,3.7943602977738896e-17,1.7031641956901847e-16
3.964606420936434e-13,9.427873750394892e-20,4.0657581468206705e-20,1.1911400820763674e-22,0.0,2.0544475311225714e-12,1.8165019050662713e-16,1.6751605639051785e-16
3.9124259387790516e-13,9.429652188712146e-20,3.642241673193511e-20,1.0422475718168186e-22,0.0,2.0537070533950247e-12,1.6230135146441365e-16,1.4616975101909803e-16
3.8286041004198523e-13,9.431141113815005e-20,3.134021904840921e-20,1.389663429089094e-22,0.0,2.0529031000755776e-12,1.3928920402798577e-16,1.943533235993753e-16
3.7675418340654687e-13,9.438957970603897e-20,4.319868030996951e-20,1.3731198168380372e-22,0.0,2.0534754212383134e-12,1.9149213295949835e-16,1.9150900791058969e-16
3.693712002927896e-13,9.442059897901237e-20,2.79520872593922e-20,9.595295105615196e-23,0.0,2.0530206571118764e-12,1.2358412552987614e-16,1.334566510463658e-16
3.6415315207705135e-13,9.4447482348923e-20,2.371692252312089e-20,8.106370003019671e-23,0.0,2.0524752406791352e-12,1.0458700197600299e-16,1.1243773711425648e-16
3.5876857040761934e-13,9.449421805353491e-20,3.04931861011552e-20,1.4062070413401546e-22,0.0,2.052360331086732e-12,1.3412077270203256e-16,1.9450975596026588e-16
3.51163542688937e-13,9.452275578467064e-20,5.251604272976691e-20,8.602678370551488e-23,0.0,2.051849240017753e-12,2.3038914534552176e-16,1.186683487385962e-16
3.4494629375103614e-13,9.456618276683234e-20,5.844527336054711e-20,8.106370003019746e-23,0.0,2.0516604644495565e-12,2.5574025430295274e-16,1.1151655898792986e-16
3.394506897791416e-13,9.517457410736776e-20,4.658681209898729e-20,1.0257039595657656e-22,0.0,2.063721041647099e-12,2.0332709412773497e-16,1.4071788952781666e-16
3.307909501870654e-13,9.632518233943168e-20,4.658681209898671e-20,1.3400325923359048e-22,0.0,2.0875177180509856e-12,2.028059471774256e-16,1.8334099813337273e-16
3.28126414927965e-13,9.641203630375242e-20,2.8799120206646597e-20,1.3896634290890865e-22,0.0,2.0882463327125056e-12,1.2505043345483554e-16,1.8961530984803033e-16
3.216871213851391e-13,9.621020423429215e-20,1.77876918923405e-20,9.595295105615159e-23,0.0,2.0827234663684485e-12,7.704007684991271e-17,1.3057024785601184e-16
3.1757929619402603e-13,9.599472368472475e-20,2.2022856628612387e-20,9.595295105615159e-23,0.0,2.0769101040985522e-12,9.514034346709141e-17,1.3021736890160997e-16
3.107514245925813e-13,9.579826828924608e-20,3.3034284942917713e-20,1.7867101231145435e-22,0.0,2.071513260973744e-12,1.4234844920367112e-16,2.4181983419869465e-16
3.0425661989852415e-13,9.562456036061261e-20,4.2351647362715306e-20,7.940933880509141e-23,0.0,2.06661269975354e-12,1.8203617489237023e-16,1.0718627615798151e-16
2.984279490192421e-13,9.545126602228544e-20,6.606856988583562e-20,1.720535674110305e-22,0.0,2.0617251973298933e-12,2.8325960590168366e-16,2.316133538009789e-16
2.9320990080350384e-13,9.529947837988463e-20,1.2705494208814505e-20,1.4227506535912114e-22,0.0,2.057306092711619e-12,5.433584425424595e-17,1.910132672780782e-16
2.859934511434403e-13,9.528293476763624e-20,3.218725199566351e-20,8.933550615572774e-23,0.0,2.0558085914352975e-12,1.3730508736501824e-16,1.1961789927172067e-16
2.831068712794149e-13,9.536730719011933e-20,2.286988957586611e-20,9.926167350636483e-23,0.0,2.056487593378861e-12,9.731446733674241e-17,1.3255419655988864e-16
2.7594593277058266e-13,9.5445062167702e-20,6.098637220230972e-20,1.0587911840678867e-22,0.0,2.0570219247254568e-12,2.5885674357388653e-16,1.4101473769928636e-16
2.738920201750261e-13,9.551413174885287e-20,4.4045713257224195e-20,1.389663429089094e-22,0.0,2.057367279416173e-12,1.86486065486369e-16,1.8459017473701853e-16
2.677302823883565e-13,9.557327516265309e-20,2.964615315390051e-20,1.191140082076375e-22,0.0,2.05749725792266e-12,1.2520735560315018e-16,1.5780073089425648e-16
2.6478819137309983e-13,9.5666332981568e-20,3.557538378468071e-20,9.264422860593985e-23,0.0,2.058355489698685e-12,1.4987615156146875e-16,1.224092402117296e-16
2.5818236437658015e-13,9.573953846578163e-20,3.30342849429181e-20,4.9630836753183165e-23,0.0,2.058784555901732e-12,1.3882636977578474e-16,6.54032788888779e-17
2.5307533846330443e-13,9.581894780458942e-20,3.64224167319353e-20,6.617444900424259e-23,0.0,2.0593451700999712e-12,1.5268718708130294e-16,8.697466567204057e-17
6.388556350600538e-12,1.126123089501442e-19,2.6258047214277742e-20,1.5551005613416582e-22,0.0,2.4189116710172958e-12,1.098058175215474e-16,2.0385319175507e-16
3.77642361826247e-13,6.756452602858518e-20,3.4741585727227355e-20,1.0593081719507248e-22,0.0,1.4367988200790396e-12,1.4491198004824144e-16,1.384936006891295e-16
2.8016478026415825e-13,9.109657368279758e-20,1.5299532609780896e-20,7.289529148123669e-23,0.0,1.9340717627828003e-12,6.365397336681918e-17,9.505134968182506e-17
2.705058399499194e-13,9.143695850497521e-20,3.31401640613245e-20,1.2293971854069487e-22,0.0,1.937955810934721e-12,1.3752967080622085e-16,1.5988339249576843e-16
2.707278845548444e-13,9.177734332717515e-20,4.235164736271521e-20,1.261450434143371e-22,0.0,1.941828222981201e-12,1.7531058208961232e-16,1.6361931137726595e-16
2.751132655021138e-13,9.2070992444766e-20,4.828087799349531e-20,1.0629270871306518e-22,0.0,1.944703928427535e-12,1.9934747146651595e-16,1.3750610637202921e-16
2.7949864644938316e-13,9.236546874296949e-20,3.2399010232477373e-20,1.4330904112481242e-22,0.0,1.947594251239758e-12,1.3343406954998595e-16,1.8490436451813263e-16
2.8277380437202737e-13,9.266201299270444e-20,5.209252625613957e-20,1.9542141971565354e-22,0.0,1.950521988988647e-12,2.1399887328787622e-16,2.5147900280738027e-16
2.907674101493285e-13,9.291430307966788e-20,3.864587821847784e-20,1.091878408570004e-22,0.0,1.952513146319648e-12,1.5835872058724056e-16,1.4013956868036431e-16
2.9726221484338566e-13,9.322077349675362e-20,3.229313111407049e-20,1.0422475718168262e-22,0.0,1.9556371365352133e-12,1.3199374361728536e-16,1.3341825954637296e-16
3.0370150838621157e-13,9.349332950872478e-20,3.6634174968748586e-20,9.09898673808338e-23,0.0,1.958042905282661e-12,1.4936045887081293e-16,1.1617060378330863e-16
3.0936364581179987e-13,9.381634353806176e-20,5.145725154569884e-20,1.7370792863613619e-22,0.0,1.9614978186599106e-12,2.0926831783329154e-16,2.2119874247047957e-16
3.1741276274033225e-13,9.409386263370842e-20,2.1387581918171084e-20,9.55393607498747e-23,0.0,1.963993496647555e-12,8.676166787514158e-17,1.2134059187421058e-16
3.266831249959523e-13,9.44251484691711e-20,4.5739779151732315e-20,1.1415092453231895e-22,0.0,1.9676028791801377e-12,1.850849933595103e-16,1.4459888741727635e-16
3.35009797680641e-13,9.468116086889156e-20,3.938703204732506e-20,7.320548421094483e-23,0.0,1.969635716763643e-12,1.5898017222341458e-16,9.248937736522684e-17
3.4439118223872356e-13,9.500334771761636e-20,3.748120791600308e-20,9.181704799338645e-23,0.0,1.9730372692382e-12,1.5090980794563544e-16,1.1570050888010004e-16
3.521072322598684e-13,9.528872502908264e-20,5.315131744020744e-20,8.437242248041033e-23,0.0,1.9756652472769447e-12,2.134684595550662e-16,1.0604181615181218e-16
3.6165515027164474e-13,9.559933134923189e-20,6.26804380968188e-20,1.1663246636997878e-22,0.0,1.9788074297615192e-12,2.511129490657892e-16,1.4620485270048972e-16
3.6970426720017713e-13,9.592151819795699e-20,3.070494433796877e-20,1.3648480107125032e-22,0.0,1.9821790086097366e-12,1.2270560616187554e-16,1.706448976352091e-16
3.779199175824033e-13,9.622426630228719e-20,5.505714157152971e-20,2.1258541742612886e-22,0.0,1.9851387094364997e-12,2.1947767660815364e-16,2.651002741169927e-16
3.850253449400043e-13,9.651336592651037e-20,1.8422966602781032e-20,5.624828165360588e-23,0.0,1.987807648178875e-12,7.325857291493135e-17,6.996078319724403e-17
3.954059302202495e-13,9.683472559462323e-20,3.7057691442375736e-20,2.034864306880448e-22,0.0,1.991131066303438e-12,1.469944823203722e-16,2.5243557743322117e-16
4.056754931980322e-13,9.787159649259456e-20,3.938703204732516e-20,1.7205356741102976e-22,0.0,2.009131497812007e-12,1.5584802153254825e-16,2.1288717993595052e-16
4.142242104876459e-13,9.724335281749677e-20,3.176373552203665e-20,7.527343574232552e-23,0.0,1.992946694747264e-12,1.2537373085779808e-16,9.289648891815193e-17
4.2732484217822275e-13,9.713209702524473e-20,3.21872519956638e-20,2.316105715148485e-22,0.0,1.987392545768616e-12,1.2673232194084286e-16,2.850944023177244e-16
4.326539126964235e-13,9.742367819130613e-20,8.216219588366733e-20,1.0918784085700078e-22,0.0,1.9900847667744856e-12,3.2270493688316993e-16,1.3405356305359483e-16
4.4286796452297494e-13,9.769292548082871e-20,3.89635155736982e-20,2.1010387558847053e-22,0.0,1.992311879675857e-12,1.5265932872886742e-16,2.572840960455195e-16
4.548583731889266e-13,9.798698818872802e-20,3.6845933205562065e-20,1.0008885411891672e-22,0.0,1.9950360000461267e-12,1.4400844856013425e-16,1.2224762021500362e-16
4.639622019908529e-13,9.924264835872033e-20,1.9481757786849004e-20,7.361907451722059e-23,0.0,2.0172964397565255e-12,7.595586260020815e-17,8.968542999986978e-17
4.758970995055734e-13,9.915993029760196e-20,3.0916702574782444e-20,1.4062070413401546e-22,0.0,2.01232229743151e-12,1.2024378119718045e-16,1.7086719198144444e-16
4.877764858690625e-13,6.805132182084477e-20,5.1245493308885363e-20,1.3896634290890903e-22,0.0,1.8805733753940876e-12,1.989510938324738e-16,1.6852517899160197e-16
5.003775171985581e-13,5.756308524411584e-20,4.9551427414376955e-20,1.3400325923359161e-22,0.0,1.5883333681550632e-12,1.9203942454865668e-16,1.6219504502752112e-16
5.131450819817474e-13,5.780710352495632e-20,3.4304834363799164e-20,9.926167350636332e-23,0.0,1.5920819722259435e-12,1.3271909394441995e-16,1.1991429069572772e-16
5.240252676230739e-13,5.805318975732831e-20,3.769296615281646e-20,1.3731198168380297e-22,0.0,1.5958699420703667e-12,1.455735629872903e-16,1.655636419245587e-16
5.347944309619379e-13,5.835800581319168e-20,4.4892746204478303e-20,1.091878408570004e-22,0.0,1.6012522720233104e-12,1.73078350564161e-16,1.3140081546764426e-16
5.51170220575159e-13,5.881088719870219e-20,5.336307567702121e-20,4.63221143029703e-23,0.0,1.610666615121229e-12,2.053771237946637e-16,5.563901912934171e-17
5.592748486549226e-13,5.88754072866192e-20,3.2610768469290563e-20,2.1837568171400043e-22,0.0,1.6094264981364838e-12,1.252902139583581e-16,2.6179583873246495e-16
3.0531133177191805e-14,5.961325239315484e-20,3.81164826264439e-20,1.174596469825318e-22,0.0,1.6265354136779808e-12,1.4618880086222601e-16,1.405447415572632e-16
2.2148949341271873e-14,5.967653171007679e-20,4.4045713257223714e-20,1.3565762045869767e-22,0.0,1.6276550863149825e-12,1.6863639964647282e-16,1.6200884951023048e-16
2.2370993946196904e-14,5.970837816366344e-20,4.9974943888003816e-20,1.3400325923359086e-22,0.0,1.6279213290256709e-12,1.910062964089624e-16,1.5972754889924233e-16
2.070565940925917e-14,5.972202664377331e-20,2.752857078576505e-20,1.2573145310806058e-22,0.0,1.6276909796219257e-12,1.0503354634568526e-16,1.4958209409728706e-16
2.275957200481571e-14,5.97038286702999e-20,1.6940658945086103e-20,1.588186776101817e-22,0.0,1.626592735727997e-12,6.452454599954447e-17,1.8858612584636335e-16
2.0261570199409107e-14,5.975470027797467e-20,4.8280877993495505e-20,6.121136532892555e-23,0.0,1.6273759361174277e-12,1.8357832546161892e-16,7.254608750761445e-17
2.0816681711721685e-14,5.973608871419498e-20,1.3552527156068998e-20,1.4392942658422794e-22,0.0,1.6262665044906768e-12,5.1442184905539384e-17,1.702576212773584e-16
1.9595436384634013e-14,5.967322298764371e-20,3.049318610115539e-20,1.0091603473147126e-22,0.0,1.623953128270843e-12,1.155463107060587e-16,1.1914983595252923e-16
2.0317081350640365e-14,5.971499560858039e-20,2.795208725939249e-20,7.775497757998611e-23,0.0,1.6244876205922788e-12,1.0573602053975879e-16,9.163028546720686e-17
1.8318679906315083e-14,5.97158227891957e-20,4.0657581468206705e-20,1.9025154088719674e-22,0.0,1.623907820083891e-12,1.5353485140847066e-16,2.237782372504999e-16
1.8207657603852567e-14,5.977827492544622e-20,3.769296615281694e-20,1.422750653591219e-22,0.0,1.6250032232112236e-12,1.4209661479232026e-16,1.6703156108484323e-16
1.8485213360008856e-14,5.980350393413185e-20,2.2446373102239055e-20,1.3400325923359124e-22,0.0,1.6250858916066377e-12,8.447512564692699e-17,1.5702414531218653e-16
1.8096635301390052e-14,5.998010699491469e-20,4.4469229730851057e-20,1.2904017555827232e-22,0.0,1.6292799434488585e-12,1.6707166083920608e-16,1.509241011306578e-16
1.6486811915683575e-14,5.994784695102789e-20,4.108109794183405e-20,1.57164316385076e-22,0.0,1.627799068025428e-12,1.5408025804819594e-16,1.8347268544342452e-16
1.8207657603852567e-14,5.996728569542567e-20,4.4045713257223714e-20,2.2003004293910574e-22,0.0,1.6277221467662148e-12,1.6491935511754293e-16,2.563802149192735e-16
1.8707257964933888e-14,6.046690278541046e-20,4.5316262678105164e-20,6.782881022934902e-23,0.0,1.640673730398332e-12,1.6938944362743032e-16,7.888655840989038e-17
1.715294573045867e-14,6.074648983245615e-20,3.3881317890172014e-20,1.3400325923359124e-22,0.0,1.647647306708269e-12,1.2643230956587453e-16,1.5555776200560568e-16
1.7430501486614958e-14,6.092764238660805e-20,3.218725199566341e-20,1.4227506535912151e-22,0.0,1.6519463828978179e-12,1.199080770208892e-16,1.6485186224436478e-16
1.6486811915683575e-14,6.086808538250701e-20,4.40457132572241e-20,2.001777082378327e-22,0.0,1.649717832189467e-12,1.638084057654981e-16,2.3151052251105618e-16
1.6930901125533637e-14,6.074731701307705e-20,3.13402190484095e-20,6.617444900424297e-23,0.0,1.6458320955853519e-12,1.1636002214133628e-16,7.639000357753847e-17
1.5987211554602254e-14,6.06898279605074e-20,4.0657581468206705e-20,1.4889251025954498e-22,0.0,1.643662605755652e-12,1.5070017901749904e-16,1.7155818149968345e-16
1.4988010832439613e-14,6.06066963089486e-20,4.743384504624101e-20,2.0017770823783458e-22,0.0,1.6408000728585648e-12,1.7552227608472454e-16,2.3022256481253884e-16
1.6431300764452317e-14,6.056409650740491e-20,5.42101086242758e-20,1.422750653591219e-22,0.0,1.6390361406521541e-12,2.0026132875618468e-16,1.63326165075752e-16
1.8096635301390052e-14,6.050660745483525e-20,5.16690097825128e-20,5.459392042850058e-23,0.0,1.636870289790138e-12,1.9055531873005332e-16,6.255575190840046e-17
1.6209256159527285e-14,6.045325430532837e-20,5.421010862427541e-20,1.2573145310806134e-22,0.0,1.6348174615563384e-12,1.9959357042252852e-16,1.4380172343565195e-16
1.5376588891058418e-14,6.041809912929766e-20,5.675120746603841e-20,2.1506695926378832e-22,0.0,1.6332576649951252e-12,2.0860173531214727e-16,2.455230282036845e-16
1.4432899320127035e-14,6.03821167726544e-20,5.3363075677021114e-20,1.0753347963189585e-22,0.0,1.6316762423121933e-12,1.9582196709960192e-16,1.225354652054134e-16
1.637578961322106e-14,6.03486159578488e-20,3.89635155736982e-20,1.5881867761018282e-22,0.0,1.630162595125235e-12,1.4274392572453148e-16,1.80642706190441e-16
1.6209256159527285e-14,6.031594232365575e-20,5.590417451878392e-20,1.2076836943274204e-22,0.0,1.6286719767287846e-12,2.0446730929528675e-16,1.3711153314299953e-16
1.5210055437364645e-14,6.028368227976899e-20,3.21872519956637e-20,1.2738581433316701e-22,0.0,1.6271931983468552e-12,1.1752895554972534e-16,1.4435936267008197e-16
1.554312234475219e-14,6.026465712568306e-20,4.0657581468206416e-20,9.595295105615159e-23,0.0,1.6260721941406672e-12,1.4821257050248808e-16,1.0853917073923339e-16
1.3988810110276972e-14,6.027127457058629e-20,4.743384504624101e-20,7.444625512977249e-23,0.0,1.625643225926786e-12,1.7262970780092858e-16,8.405749838746185e-17
1.5709655798445965e-14,6.02572125001757e-20,6.183340514956402e-20,1.968689857876221e-22,0.0,1.6246565802145192e-12,2.246649147960681e-16,2.218796708871516e-16
1.2323475573339238e-14,6.02712745705919e-20,6.691560283308992e-20,1.4062070413401546e-22,0.0,1.6244282359008112e-12,2.4273117032256423e-16,1.5819663478149566e-16
1.4876988529977098e-14,6.028988613437715e-20,5.67512074660386e-20,1.3731198168380297e-22,0.0,1.6243221975421673e-12,2.0552303152769906e-16,1.541932370817867e-16
1.2601031329495527e-14,6.032669567163858e-20,5.505714157152971e-20,1.2242273065784922e-22,0.0,1.624705905602321e-12,1.9906158424529212e-16,1.372236677401951e-16
1.2378986724570495e-14,6.03370354292983e-20,1.185846126156059e-20,1.058791184067883e-22,0.0,1.6243762775157677e-12,4.280472438858236e-17,1.1846457327278542e-16
1.4488410471358293e-14,6.034117133236389e-20,3.8116482626443515e-20,1.9521462456251528e-22,0.0,1.6238795027638023e-12,1.3736209764736584e-16,2.1802328967815285e-16
1.2989609388114332e-14,6.03800488211567e-20,3.1340219048409305e-20,8.602678370551488e-23,0.0,1.6243172649817395e-12,1.1275816850268833e-16,9.590422162280921e-17
1.3766765505351941e-14,6.037136342472771e-20,4.912791094074961e-20,1.0257039595657581e-22,0.0,1.623475224945649e-12,1.7646855310975664e-16,1.1414074605141455e-16
1.27675647831893e-14,6.040196910739499e-20,2.3716922523120795e-20,1.5385559393486315e-22,0.0,1.6236895768713238e-12,8.50533756401876e-17,1.7090223179824225e-16
1.149080830487037e-14,6.042140785179281e-20,2.5410988417629395e-20,8.271806125530352e-23,0.0,1.6236032592062635e-12,9.09808765042889e-17,9.171738979027428e-17
1.2601031329495527e-14,6.044374172833456e-20,4.489274620447792e-20,1.1415092453231782e-22,0.0,1.6235943343187284e-12,1.6047271933986665e-16,1.2634230446340718e-16
1.1823875212257917e-14,6.046028534058846e-20,4.82808779934957e-20,2.464998225408026e-22,0.0,1.623429501646377e-12,1.7230497526354036e-16,2.7233603725726555e-16
1.27675647831893e-14,6.047558818192351e-20,6.77626357803446e-20,1.7536228986124262e-22,0.0,1.623231049631396e-12,2.4144137945334634e-16,1.933948789106961e-16
1.4488410471358293e-14,6.047227945947612e-20,4.8280877993495505e-20,1.3234889800848518e-22,0.0,1.6225329397102614e-12,1.7174988640805247e-16,1.456969512524398e-16
1.3211653993039363e-14,6.049295897479279e-20,4.404571325722381e-20,1.5385559393486352e-22,0.0,1.6224783013784254e-12,1.5643213056606035e-16,1.690697490704185e-16
1.3156142841808105e-14,6.050660745490274e-20,3.8116482626444093e-20,1.4392942658422757e-22,0.0,1.6222347559091917e-12,1.3515660322585156e-16,1.578795212059433e-16
1.2878587085651816e-14,6.053059569266961e-20,4.150461441546091e-20,2.1506695926378757e-22,0.0,1.6222680668906652e-12,1.4693460619155336e-16,2.3549115043198417e-16
1.2601031329495527e-14,6.054258981155447e-20,4.23516473627154e-20,1.2573145310806058e-22,0.0,1.6219795812020165e-12,1.4969331055836198e-16,1.37426542780271e-16
1.3933298959045715e-14,6.056326932687115e-20,3.7269449679189985e-20,1.6212740006039418e-22,0.0,1.6219234721442882e-12,1.3151962268761438e-16,1.7689273210351092e-16
1.2045919817182948e-14,6.058891192586312e-20,4.489274620447811e-20,1.2904017555827382e-22,0.0,1.6219998288059677e-12,1.581686275279939e-16,1.4054211775473376e-16
1.2045919817182948e-14,6.062075837944927e-20,4.997494388800372e-20,8.602678370551525e-23,0.0,1.6222417048723272e-12,1.7579405873682748e-16,9.35285710592289e-17
9.936496070395151e-15,6.063771558200944e-20,4.4045713257224e-20,7.610061635488043e-23,0.0,1.6220846633530746e-12,1.5469074572476344e-16,8.259027964768283e-17
1.1657341758564144e-14,6.060959144118549e-20,4.828087799349531e-20,1.7536228986124262e-22,0.0,1.6207218070488774e-12,1.6929563169453264e-16,1.8998013877824766e-16
1.1102230246251565e-14,6.064309225599673e-20,5.844527336054711e-20,1.8197973476166722e-22,0.0,1.6210067874279787e-12,2.0461194804867808e-16,1.9680101244736568e-16
1.0880185641326534e-14,6.06621174100883e-20,2.710505431213761e-20,1.5220123270975822e-22,0.0,1.6209043181264906e-12,9.474231076236364e-17,1.6430691911645507e-16
1.0380585280245214e-14,6.068651923816147e-20,6.183340514956392e-20,2.4153673886548446e-22,0.0,1.6209450951171487e-12,2.1578936587600062e-16,2.6028871125509266e-16
1.2212453270876722e-14,6.071464337899114e-20,4.573977915173222e-20,1.4558378780933438e-22,0.0,1.6210847844167327e-12,1.5937316887063033e-16,1.5661042525595343e-16
1.2212453270876722e-14,6.072415595603835e-20,3.5575383784681e-20,1.6212740006039418e-22,0.0,1.6207271826197966e-12,1.237616497685566e-16,1.7410075532703284e-16
1.1712852909795402e-14,6.074524906166131e-20,3.642241673193511e-20,1.2573145310806096e-22,0.0,1.6206783746897459e-12,1.265090764179339e-16,1.3478011261436846e-16
1.2545520178264269e-14,6.07605519029964e-20,2.7105054312137803e-20,1.257314531080602e-22,0.0,1.620474734341004e-12,9.399845450684897e-17,1.3454405561155044e-16
1.27675647831893e-14,6.077874987647543e-20,6.522153693858132e-20,1.9521462456251528e-22,0.0,1.6203479872781228e-12,2.2582916930155914e-16,2.0853198761243134e-16
1.0935696792557792e-14,6.078578091168501e-20,5.0821976835258406e-20,1.290401755582727e-22,0.0,1.6199232959905333e-12,1.7569532581199546e-16,1.3760242290683646e-16
1.27675647831893e-14,6.081018273975818e-20,6.013933925505571e-20,1.8197973476166684e-22,0.0,1.6199612326753713e-12,2.0758119924347778e-16,1.9371623201993518e-16
1.1268763699945339e-14,6.08287943035435e-20,3.811648262644371e-20,1.1580528575742538e-22,0.0,1.6198445036428694e-12,1.3136024630175954e-16,1.2305924903558836e-16
1.1435297153639112e-14,6.084616509640999e-20,3.811648262644371e-20,7.279189390466719e-23,0.0,1.6196943890692122e-12,1.3115558380869806e-16,7.721698308321185e-17
1.099120794378905e-14,6.086436306988902e-20,5.2516042729766814e-20,2.018320694629395e-22,0.0,1.6195659534693799e-12,1.8042214705877253e-16,2.1372973763779916e-16
1.0269562977782698e-14,6.087346205662998e-20,6.691560283309011e-20,1.0257039595657581e-22,0.0,1.6191951421799086e-12,2.2953567087404415e-16,1.0842834118183412e-16
1.176836406102666e-14,6.087635718877679e-20,3.726944967918979e-20,1.621274000603938e-22,0.0,1.6186592095805563e-12,1.2764439763394746e-16,1.710898446441054e-16
1.1268763699945339e-14,6.089951824593115e-20,4.4045713257224e-20,1.0587911840678867e-22,0.0,1.618661889255391e-12,1.5061889505743326e-16,1.115388568022846e-16
9.325873406851315e-15,6.092433366431063e-20,4.15046144154611e-20,9.926167350636445e-23,0.0,1.6187080755747009e-12,1.4170992486433488e-16,1.0438703147190704e-16
2.1316282072803006e-14,6.096072961126582e-20,3.30342849429181e-20,1.1580528575742425e-22,0.0,1.619061348405487e-12,1.1261543216332442e-16,1.2157476512796263e-16
2.120525977034049e-14,6.095163062453064e-20,4.9974943888004105e-20,1.3565762045869767e-22,0.0,1.618206060576757e-12,1.7010436620072986e-16,1.4217078802262184e-16
1.965094753586527e-14,6.097520527199126e-20,4.912791094074942e-20,1.0918784085700116e-22,0.0,1.6182180980802698e-12,1.6696391681352694e-16,1.1423326409299863e-16
2.015054789694659e-14,6.101036044802768e-20,4.4892746204478303e-20,2.183756817139997e-22,0.0,1.6185368975595208e-12,1.523360572259244e-16,2.2807397159039003e-16
1.8041124150158794e-14,6.099877991945482e-20,2.7105054312137803e-20,2.779326858178173e-22,0.0,1.6176156316562037e-12,9.1835386154435e-17,2.8977787688661833e-16
1.9484414082171497e-14,6.10322807342661e-20,6.691560283309011e-20,2.6800651846718134e-22,0.0,1.6178896672348051e-12,2.2637133355787936e-16,2.7894983793113764e-16
1.84297022087776e-14,6.104055254039452e-20,6.945670167485263e-20,1.852884572118782e-22,0.0,1.6174945109028065e-12,2.3460835270649694e-16,1.9252417760360629e-16
1.637578961322106e-14,6.109059696745688e-20,4.31986803099697e-20,1.7867101231145473e-22,0.0,1.6182057053501595e-12,1.4569212923652574e-16,1.853310400124641e-16
1.9095836023552692e-14,6.10885290159284e-20,4.489274620447811e-20,2.0514079191315124e-22,0.0,1.6175360499842465e-12,1.5117469258557018e-16,2.124243217595901e-16
2.09277040141842e-14,6.108728824501246e-20,3.5575383784680614e-20,7.940933880509179e-23,0.0,1.6168883486556118e-12,1.1961642977765754e-16,8.208861565474463e-17
1.7930101847696278e-14,6.110631339910408e-20,4.9974943888004105e-20,1.3234889800848518e-22,0.0,1.6167768949818787e-12,1.6777717802016852e-16,1.365814783118282e-16
1.9539925233402755e-14,6.11220298307455e-20,5.505714157152952e-20,2.216844041642114e-22,0.0,1.6165775662644836e-12,1.8455871732367642e-16,2.2838508243766963e-16
1.5709655798445965e-14,6.11501539715752e-20,3.4728350837426314e-20,1.0587911840678754e-22,0.0,1.6167059781263069e-12,1.162375366097892e-16,1.0889426409289295e-16
1.637578961322106e-14,6.117786452209864e-20,5.421010862427541e-20,1.257314531080602e-22,0.0,1.6168229116789793e-12,1.8116940056581724e-16,1.2909270378855836e-16
1.63202784619898e-14,6.121798278181038e-20,1.77876918923405e-20,2.0514079191315237e-22,0.0,1.6172670947158697e-12,5.935639224380176e-17,2.102683178846625e-16
1.6431300764452317e-14,6.120971097568776e-20,4.1504614415460717e-20,2.283018490646364e-22,0.0,1.6164325985334828e-12,1.3828930746266321e-16,2.3361260127203746e-16
1.659783421814609e-14,6.120309353079024e-20,6.183340514956431e-20,1.5550995515997033e-22,0.0,1.6156419590102246e-12,2.0571250443790854e-16,1.5885870804024192e-16
1.4488410471358293e-14,6.125231077724007e-20,3.3034284942917713e-20,1.422750653591219e-22,0.0,1.6163248357468629e-12,1.0973590117025057e-16,1.450937096722237e-16
1.5654144647214707e-14,6.124569333234256e-20,5.421010862427541e-20,2.117582368135751e-22,0.0,1.6155339373254848e-12,1.7980898145755948e-16,2.1558970978289764e-16
1.4876988529977098e-14,6.126595925735303e-20,4.23516473627154e-20,1.2573145310806096e-22,0.0,1.6154520472410618e-12,1.402651147203415e-16,1.2779107881138315e-16
1.3100631690576847e-14,6.12791941471568e-20,4.150461441546091e-20,9.264422860593948e-23,0.0,1.6151844450701372e-12,1.3725399192724898e-16,9.400367130328661e-17
1.3322676295501878e-14,6.130731828798652e-20,5.59041745187844e-20,1.2904017555827345e-22,0.0,1.6153088929301857e-12,1.8459632555860592e-16,1.3071402570365352e-16
1.4654943925052066e-14,6.134123269310413e-20,5.3363075677021114e-20,1.4558378780933325e-22,0.0,1.6155852952984499e-12,1.7594253688752136e-16,1.4722515190640972e-16
1.3211653993039363e-14,6.133213370636897e-20,2.5410988417629588e-20,1.8528845721187858e-22,0.0,1.6147285937402923e-12,8.3657273745605e-17,1.8706393354973337e-16
1.6486811915683575e-14,6.133461524820956e-20,2.0328790734103208e-20,7.279189390466681e-23,0.0,1.6141768647990553e-12,6.682620720678019e-17,7.336659495632678e-17
1.7541523789077473e-14,6.136646170179578e-20,4.489274620447792e-20,8.602678370551638e-23,0.0,1.6143976214597798e-12,1.4735521904233826e-16,8.656127029553465e-17
1.3211653993039363e-14,6.139872174568829e-20,5.25160427297672e-20,8.271806125530314e-23,0.0,1.6146286321312872e-12,1.7212200003756165e-16,8.309326288243677e-17
1.2989609388114332e-14,6.141774689977996e-20,3.4728350837426506e-20,5.293955920339452e-23,0.0,1.6145111017080195e-12,1.1365395419103762e-16,5.309116507927611e-17
1.2712053631958042e-14,6.143925359570926e-20,3.72694496791896e-20,1.1580528575742387e-22,0.0,1.6144584152042934e-12,1.2178963342584677e-16,1.1594385110655626e-16
1.3489209749195652e-14,6.144049436663103e-20,4.150461441546091e-20,1.7536228986124187e-22,0.0,1.613872984302305e-12,1.3542898761055656e-16,1.7528061265727776e-16
1.2878587085651816e-14,6.14611738819478e-20,4.573977915173222e-20,2.911675756186665e-22,0.0,1.6137979537806953e-12,1.4902810039137495e-16,2.905493780107477e-16
1.3211653993039363e-14,6.146861850746373e-20,5.759824041329242e-20,2.28301849064636e-22,0.0,1.6133751477781415e-12,1.8738857929905092e-16,2.2743984984840384e-16
1.4932499681208355e-14,6.14909523840056e-20,3.5575383784681385e-20,1.257314531080617e-22,0.0,1.6133428609307791e-12,1.1556976748933393e-16,1.2504956366659552e-16
1.176836406102666e-14,6.153024346310483e-20,3.21872519956638e-20,2.2168440416421255e-22,0.0,1.6137548801954932e-12,1.0440955133081006e-16,2.20117931173749e-16
1.4654943925052066e-14,6.150625522534373e-20,4.912791094074942e-20,1.5220123270975897e-22,0.0,1.6125071362009667e-12,1.5912823580628027e-16,1.5087643190672448e-16
1.404432126150823e-14,6.15376880886237e-20,5.759824041329262e-20,1.1911400820763636e-22,0.0,1.6127123087483593e-12,1.8629093547753894e-16,1.1788266421592114e-16
1.2712053631958042e-14,6.154637348505846e-20,2.0328790734103208e-20,1.5220123270975784e-22,0.0,1.6123209556721153e-12,6.565359945926119e-17,1.5037999102725092e-16
1.0436096431476471e-14,6.15819422514012e-20,2.3716922523120602e-20,1.2573145310806134e-22,0.0,1.612633435637539e-12,7.64840275292525e-17,1.2402279379093176e-16
1.5487611193520934e-14,6.156953454221587e-20,6.945670167485282e-20,1.2242273065784885e-22,0.0,1.611689351324019e-12,2.2366236624100007e-16,1.2056083168839054e-16
1.2989609388114332e-14,6.160758485039625e-20,3.3881317890172206e-20,1.6874484496081953e-22,0.0,1.612065853846451e-12,1.0894475418260592e-16,1.6590603687563293e-16
1.0824674490095276e-14,6.163405463000092e-20,5.929230630780122e-20,1.1249656330721176e-22,0.0,1.6121387021907754e-12,1.9037615997490833e-16,1.1042294694591202e-16
1.304512053934559e-14,6.16530797840926e-20,3.21872519956638e-20,1.522012327097571e-22,0.0,1.6120163854097356e-12,1.0319703710736532e-16,1.491514741071149e-16
1.199040866595169e-14,6.163653617184451e-20,6.098637220230982e-20,9.926167350636445e-23,0.0,1.6109640611652976e-12,1.9524780204255536e-16,9.711384986019078e-17
1.1823875212257917e-14,6.166093799991779e-20,2.03287907341034e-20,1.1580528575742425e-22,0.0,1.6109818475336147e-12,6.498839892239051e-17,1.131147010835205e-16
1.1324274851176597e-14,6.169609317595427e-20,3.3881317890172014e-20,1.1249656330721252e-22,0.0,1.6112800006073872e-12,1.081574493424658e-16,1.0970385956353963e-16
1.2989609388114332e-14,6.170932806575809e-20,5.929230630780102e-20,1.6874484496081877e-22,0.0,1.6110052067946918e-12,1.8900236702092414e-16,1.6428807326204413e-16
1.1601830607332886e-14,6.173621143566905e-20,3.5575383784680807e-20,1.9852334701272664e-22,0.0,1.6110863402857846e-12,1.1323799126983298e-16,1.929660319062037e-16
1.3489209749195652e-14,6.176019967343606e-20,6.43745039913276e-20,2.216844041642133e-22,0.0,1.6110914288003456e-12,2.046119643676235e-16,2.151290487916831e-16
1.582067810090848e-14,6.174158810965658e-20,5.2516042729766814e-20,9.595295105615121e-23,0.0,1.6099852132943431e-12,1.6668042090451117e-16,9.296463547421558e-17
1.2601031329495527e-14,6.178915099488136e-20,3.8963515573698393e-20,2.0514079191315124e-22,0.0,1.6106043027854738e-12,1.2348866477497945e-16,1.9843024033800245e-16
1.0269562977782698e-14,6.180445383621658e-20,4.7433845046241397e-20,1.4227506535912151e-22,0.0,1.6103818843948962e-12,1.5011861518562732e-16,1.3739846963126026e-16
1.27675647831893e-14,6.181603436479531e-20,4.5739779151732603e-20,1.2904017555827345e-22,0.0,1.6100622256246001e-12,1.4455011256747833e-16,1.244159873198587e-16
1.1213252548714081e-14,6.18247197612301e-20,1.524659305057779e-20,2.0844951436336373e-22,0.0,1.6096669752041343e-12,4.811452707921467e-17,2.006555358309242e-16
1.3100631690576847e-14,6.184622645715948e-20,6.606856988583562e-20,1.6212740006039606e-22,0.0,1.6096052551289646e-12,2.081988126784396e-16,1.558140287036594e-16
1.1712852909795402e-14,6.186442443063864e-20,4.573977915173222e-20,1.6212740006039418e-22,0.0,1.609457042183763e-12,1.4393228497311674e-16,1.5556335529359766e-16
1.1379786002407855e-14,6.188014086228013e-20,4.404571325722381e-20,2.349192939650606e-22,0.0,1.6092439476790424e-12,1.3840427371356107e-16,2.250459374761327e-16
1.1157741397482823e-14,6.190247473882207e-20,5.929230630780122e-20,1.2573145310806058e-22,0.0,1.609202581644604e-12,1.860487574365024e-16,1.2025382300514403e-16
9.381384558082573e-15,6.195169198527198e-20,6.268043809681842e-20,1.0918784085699965e-22,0.0,1.60985936924379e-12,1.9640109635231489e-16,1.0426356225196108e-16
1.049160758270773e-14,6.193349401179881e-20,4.5739779151732796e-20,1.422750653591219e-22,0.0,1.6087640308527627e-12,1.431166879292586e-16,1.356410842733403e-16
1.0269562977782698e-14,6.195541429803446e-20,5.92923063078018e-20,9.926167350636483e-23,0.0,1.608710772613675e-12,1.8525918914114463e-16,9.448200090820068e-17
1.0935696792557792e-14,6.199553255774629e-20,5.082197683525821e-20,7.610061635488043e-23,0.0,1.6091294314487894e-12,1.5856927511651815e-16,7.232052048019291e-17
1.0547118733938987e-14,6.199387819652419e-20,5.759824041329262e-20,1.5220123270975822e-22,0.0,1.6084634904132237e-12,1.7945833842034157e-16,1.4441033166348803e-16
9.658940314238862e-15,6.200504513479667e-20,5.929230630780141e-20,1.3234889800848556e-22,0.0,1.6081301279921021e-12,1.8447629764363877e-16,1.2537414847246584e-16
1.0269562977782698e-14,6.202613824041977e-20,2.7105054312137803e-20,1.5550995515997033e-22,0.0,1.6080539001503944e-12,8.421339562419482e-17,1.4708022187990178e-16
7.993605777301127e-15,6.203647799807969e-20,4.5739779151732796e-20,1.3234889800848518e-22,0.0,1.6076985902844752e-12,1.419104861557233e-16,1.2497572441451934e-16
9.658940314238862e-15,6.205674392309026e-20,4.573977915173222e-20,1.0587911840678867e-22,0.0,1.6076002321796844e-12,1.417114275044975e-16,9.982187888029673e-17
1.0436096431476471e-14,6.207287394503807e-20,4.065758146820661e-20,1.9190590211230317e-22,0.0,1.607394385407999e-12,1.2578926827252269e-16,1.8064031434052945e-16
9.159339953157541e-15,6.21059611695432e-20,3.5575383784680807e-20,2.0514079191315086e-22,0.0,1.6076271745835362e-12,1.0991165244858483e-16,1.9279249939708038e-16
1.1157741397482823e-14,6.209438064097049e-20,4.573977915173241e-20,1.5881867761018244e-22,0.0,1.6067035315366694e-12,1.4111758991427183e-16,1.4902264549651605e-16
1.021405182655144e-14,6.211133784353083e-20,4.2351647362715595e-20,1.9190590211230393e-22,0.0,1.606518272521256e-12,1.304821750687879e-16,1.7978458003303922e-16
1.1879386363489175e-14,6.214483865834226e-20,4.9127910940749805e-20,1.3234889800848556e-22,0.0,1.6067604283806629e-12,1.5114849074045682e-16,1.2379373826114704e-16
1.0047518372857667e-14,6.217296279917209e-20,7.284483346387002e-20,2.1506695926378795e-22,0.0,1.6068629697651855e-12,2.2380498432805617e-16,2.0084781241967912e-16
1.9317880628477724e-14,6.220605002367723e-20,3.726944967918979e-20,2.0844951436336523e-22,0.0,1.6070931861987338e-12,1.1434582245512117e-16,1.943614730594992e-16
2.3592239273284576e-14,6.22548536798209e-20,4.743384504624082e-20,2.0844951436336373e-22,0.0,1.6077286330281807e-12,1.4532917725116217e-16,1.9405591419849004e-16
1.915134717478395e-14,6.226808856962477e-20,5.2516042729766814e-20,2.580803511165454e-22,0.0,1.6074449140439737e-12,1.6067728165507638e-16,2.398824376182748e-16
1.9206858326015208e-14,6.227139729207802e-20,6.2680438096819e-20,1.5220123270975935e-22,0.0,1.606904804901334e-12,1.9151082999199136e-16,1.4124725375568727e-16
1.8707257964933888e-14,6.228711372371958e-20,3.726944967918941e-20,2.1506695926378832e-22,0.0,1.6066847029996215e-12,1.1371400605903398e-16,1.9927585398671848e-16
1.9817480989559044e-14,6.230531169719877e-20,6.437450399132721e-20,1.1249656330721252e-22,0.0,1.606528290495202e-12,1.9614415437597938e-16,1.0407350699975266e-16
1.8984813721090177e-14,6.233012711557841e-20,4.912791094074942e-20,1.8859717966209181e-22,0.0,1.6065420944137744e-12,1.494827545768593e-16,1.742035032278248e-16
1.6986412276764895e-14,6.23288863446626e-20,6.09863722023104e-20,1.5550995515996996e-22,0.0,1.6058840895108146e-12,1.85309524404316e-16,1.4341726863531407e-16
1.6708856520608606e-14,6.235246099212344e-20,3.8963515573697816e-20,9.595295105615234e-23,0.0,1.605865240896834e-12,1.1822955252750096e-16,8.835353890652507e-17
1.8041124150158794e-14,6.243435187276924e-20,5.759824041329262e-20,1.488925102595461e-22,0.0,1.6073472658921328e-12,1.7453435147198842e-16,1.3688681762671302e-16
1.865174681370263e-14,6.25025942733079e-20,3.388131789017259e-20,2.2499312661442503e-22,0.0,1.6084764276769857e-12,1.0252661126201946e-16,2.0652944832676395e-16
1.504352198367087e-14,6.253899022026329e-20,4.404571325722381e-20,2.977850205190926e-22,0.0,1.608785003550041e-12,1.3310224463731575e-16,2.7292312519263247e-16
1.6264767310758543e-14,6.259317055038854e-20,3.5575383784680807e-20,1.588186776101817e-22,0.0,1.6095501836675923e-12,1.0735877910740692e-16,1.4533312442063084e-16
1.4710455076283324e-14,6.266513526368374e-20,7.792703114739563e-20,1.5881867761018357e-22,0.0,1.6107714322977147e-12,2.348459907127009e-16,1.4510786335769146e-16
1.6042722705833512e-14,6.269904966880146e-20,4.7433845046241204e-20,2.448454613156962e-22,0.0,1.6110135756372654e-12,1.4275496065584086e-16,2.233616221926136e-16
1.6431300764452317e-14,6.279582980047321e-20,6.945670167485301e-20,2.3822801641527385e-22,0.0,1.6128697221954488e-12,2.087496230358203e-16,2.1698876254233013e-16
1.6819878823071122e-14,6.282478112191563e-20,5.590417451878459e-20,1.2573145310806134e-22,0.0,1.6129824871060192e-12,1.6778968311990376e-16,1.1434496302260183e-16
1.4876988529977098e-14,6.287813427142839e-20,4.7433845046241204e-20,1.5220123270975747e-22,0.0,1.613720944949399e-12,1.4217381557023072e-16,1.382040436652363e-16
1.4155343563970746e-14,6.29145302183838e-20,3.04931861011552e-20,8.602678370551563e-23,0.0,1.6140233269970797e-12,9.127359717691963e-17,7.799495689621439e-17
1.637578961322106e-14,6.296416105514003e-20,4.912791094074961e-20,2.3161057151484813e-22,0.0,1.6146643955670856e-12,1.4685290167420969e-16,2.096632181747388e-16
1.2434497875801753e-14,6.299021724443853e-20,5.759824041329281e-20,2.2499312661442466e-22,0.0,1.6147001711665089e-12,1.7193968239366182e-16,2.0335971681859092e-16
1.199040866595169e-14,6.309692354346093e-20,6.945670167485263e-20,1.7205356741102976e-22,0.0,1.6168020297385909e-12,2.0705919574657747e-16,1.5527156857373514e-16
1.2934098236883074e-14,6.315069028327996e-20,4.4045713257224e-20,1.6543612251060666e-22,0.0,1.6175457681004963e-12,1.311288549847889e-16,1.490705839134198e-16
1.2934098236883074e-14,6.316020286032738e-20,4.0657581468207187e-20,2.1837568171400194e-22,0.0,1.6171553618334325e-12,1.2087909711690015e-16,1.964717004146774e-16
1.3822276656583199e-14,6.322679089964098e-20,4.912791094074961e-20,2.5146290621612117e-22,0.0,1.6182255727103577e-12,1.4586590676313779e-16,2.2589392264605246e-16
1.4988010832439613e-14,6.327352660425331e-20,4.0657581468206416e-20,7.279189390466756e-23,0.0,1.618786565225166e-12,1.2055456435045932e-16,6.529039350712734e-17
1.354472090042691e-14,6.331364486396523e-20,5.0821976835258406e-20,2.1175823681357584e-22,0.0,1.6191774051534993e-12,1.5049118866394934e-16,1.8964569645756658e-16
1.2601031329495527e-14,6.33351515598947e-20,6.606856988583581e-20,9.264422860593985e-23,0.0,1.6190916757063184e-12,1.9537662704448526e-16,8.284345860482111e-17
1.0769163338864018e-14,6.33454913175547e-20,6.945670167485282e-20,1.0587911840678754e-22,0.0,1.6187201760906317e-12,2.051213280306855e-16,9.453401407500995e-17
1.0158540675320182e-14,6.337485622930342e-20,4.912791094075019e-20,1.6543612251060629e-22,0.0,1.618834463264999e-12,1.448920977606244e-16,1.474846463893294e-16
1.0658141036401503e-14,6.341662885024044e-20,4.235164736271598e-20,1.1249656330721214e-22,0.0,1.6192649961434022e-12,1.247404267668567e-16,1.0013713543990742e-16
1.304512053934559e-14,6.34368947752511e-20,3.726944967918941e-20,2.4484546131569657e-22,0.0,1.6191457792659334e-12,1.0962539855666605e-16,2.1761466426323258e-16
1.1046719095020308e-14,6.34612966033245e-20,4.7433845046241204e-20,2.514629062161219e-22,0.0,1.6191316974749245e-12,1.3933768618671214e-16,2.2315723450025895e-16
9.492406860545088e-15,6.34910751053795e-20,5.421010862427522e-20,1.0587911840678905e-22,0.0,1.6192542704663586e-12,1.5903157826903661e-16,9.381862091848539e-17
1.1435297153639112e-14,6.35402923518295e-20,2.879912020664621e-20,1.3234889800848556e-22,0.0,1.6198718294259085e-12,8.43734692254848e-17,1.170958466522847e-16
9.381384558082573e-15,6.356758931204686e-20,1.1858461261560397e-20,2.1837568171400006e-22,0.0,1.6199298129665168e-12,3.4695998039158456e-17,1.9291616139044432e-16
8.715250743307479e-15,6.375080981773047e-20,4.743384504624159e-20,1.654361225106059e-22,0.0,1.6239591940968147e-12,1.386004046340506e-16,1.4592798925074756e-16
1.099120794378905e-14,6.376445829784069e-20,6.606856988583562e-20,1.1249656330721214e-22,0.0,1.6236670187383175e-12,1.9279552842608751e-16,9.908140763728892e-17
1.1601830607332886e-14,6.382401530194764e-20,6.437450399132702e-20,1.5220123270975784e-22,0.0,1.6245431209378235e-12,1.8760421360891857e-16,1.3384941473706327e-16
1.0047518372857667e-14,6.385503457492147e-20,5.421010862427541e-20,1.9190590211230242e-22,0.0,1.6246919497142102e-12,1.5777433883257764e-16,1.6851275058374023e-16
1.1657341758564144e-14,6.384138609481746e-20,3.21872519956638e-20,2.316105715148489e-22,0.0,1.6237041226912759e-12,9.355524601082223e-17,2.0307182700660848e-16
1.0436096431476471e-14,6.417267193014807e-20,5.42101086242758e-20,2.779326858178192e-22,0.0,1.631485984390164e-12,1.5735966738144468e-16,2.4332039643683634e-16
9.825473767932635e-15,6.417846219443906e-20,4.06575814682068e-20,2.514629062161208e-22,0.0,1.6309892877775503e-12,1.1786486134188013e-16,2.1981693289974962e-16
9.992007221626409e-15,6.423884637915857e-20,2.879912020664679e-20,1.8528845721188083e-22,0.0,1.6318793613660177e-12,8.337818470390788e-17,1.6172778104760072e-16
1.3378187446733136e-14,6.428599567407719e-20,4.912791094074961e-20,1.7205356741103013e-22,0.0,1.6324321662037876e-12,1.4204719599150778e-16,1.4995112176058539e-16
9.603429163007604e-15,6.427524232611715e-20,4.5739779151732603e-20,1.720535674110305e-22,0.0,1.6315142881133583e-12,1.3207795304659548e-16,1.4972703226207155e-16
8.604228440844963e-15,6.431122468276633e-20,4.23516473627154e-20,2.05140791913152e-22,0.0,1.6317824809557884e-12,1.2213474085863063e-16,1.7825420394890107e-16
8.992806499463768e-15,6.432652752410169e-20,5.0821976835258406e-20,2.3161057151484775e-22,0.0,1.6315254737040178e-12,1.4637059680204825e-16,2.0095465433800355e-16
1.0103029524088925e-14,6.435837397768811e-20,4.573977915173299e-20,1.9190590211230355e-22,0.0,1.63168761231617e-12,1.3156200227177598e-16,1.6625728264445467e-16
9.43689570931383e-15,6.43592011583038e-20,6.945670167485282e-20,1.852884572118782e-22,0.0,1.6310630070334974e-12,1.995195358127026e-16,1.602854429610349e-16
9.270362255620057e-15,6.438732529913372e-20,4.0657581468206994e-20,2.5808035111654463e-22,0.0,1.6311299217121615e-12,1.1664024004445228e-16,2.229229292198165e-16
8.326672684688674e-15,6.440014659863145e-20,5.25160427297672e-20,1.7867101231145548e-22,0.0,1.6308087776483168e-12,1.504648942747645e-16,1.5410214833206222e-16
8.881784197001252e-15,6.443985126803715e-20,4.404571325722381e-20,2.6469779601697e-22,0.0,1.6311678961720341e-12,1.260328907036559e-16,2.27960932542023e-16
7.105427357601002e-15,6.445267256753485e-20,6.606856988583543e-20,1.9852334701272815e-22,0.0,1.6308460085717298e-12,1.888047625334713e-16,1.7071744421152757e-16
7.716050021144838e-15,6.446880258948279e-20,5.082197683525821e-20,1.389663429089094e-22,0.0,1.630607571480948e-12,1.450467856786873e-16,1.193253887900856e-16
8.659739592076221e-15,6.448906851449348e-20,6.098637220231001e-20,1.1249656330721214e-22,0.0,1.6304733989323196e-12,1.738315478333577e-16,9.64539696552943e-17
8.326672684688674e-15,6.450643930736023e-20,4.912791094074942e-20,1.0587911840678792e-22,0.0,1.6302656717727187e-12,1.3985051194477366e-16,9.064617663384546e-17
7.16093850883226e-15,6.454407602523456e-20,5.2516042729766814e-20,1.7867101231145548e-22,0.0,1.630569592262465e-12,1.493029692176157e-16,1.527398273773212e-16
7.049916206369744e-15,6.416894961744492e-20,4.573977915173222e-20,1.5220123270975897e-22,0.0,1.6204493299095967e-12,1.2987092194061758e-16,1.2992002294535743e-16
8.992806499463768e-15,6.417887578479872e-20,2.710505431213819e-20,1.7867101231145435e-22,0.0,1.6200564277665744e-12,7.686175011661008e-17,1.5229036733997512e-16
8.493206138382448e-15,6.419211067460271e-20,6.606856988583581e-20,1.9190590211230355e-22,0.0,1.6197468351342568e-12,1.871103179902822e-16,1.633306836210546e-16
7.049916206369744e-15,6.415943704041003e-20,8.978549240895603e-20,1.5881867761018131e-22,0.0,1.618279056958897e-12,2.5395253806951093e-16,1.3497173417544197e-16
7.66053886991358e-15,6.415695549857554e-20,8.300922883092201e-20,1.323488980084848e-22,0.0,1.6175731798992847e-12,2.3448606529817153e-16,1.1231146100275532e-16
7.438494264988549e-15,6.414372060877784e-20,8.978549240895622e-20,1.852884572118782e-22,0.0,1.616596359227402e-12,2.533038617887945e-16,1.57005655413052e-16
8.493206138382448e-15,6.414496137969984e-20,5.929230630780141e-20,1.1249656330721364e-22,0.0,1.615984505137261e-12,1.670627696797885e-16,9.518533809317132e-17
7.716050021144838e-15,6.41668816659357e-20,6.098637220230982e-20,1.7205356741102976e-22,0.0,1.615893411859545e-12,1.7161708953854435e-16,1.4536472771960997e-16
7.549516567451064e-15,6.412800417714886e-20,5.421010862427561e-20,9.264422860593948e-23,0.0,1.6142714585656751e-12,1.5235443978461367e-16,7.815899490271434e-17
8.1601392309949e-15,6.415033805369095e-20,4.5739779151732603e-20,1.7867101231145586e-22,0.0,1.6141905433770384e-12,1.2838571640180976e-16,1.5051528830890686e-16
6.716849298982197e-15,6.414909728277531e-20,7.9621097041905e-20,2.382280164152746e-22,0.0,1.613516237155776e-12,2.2320263282274255e-16,2.0039457095468058e-16
9.658940314238862e-15,6.413710316389649e-20,3.3881317890172784e-20,2.7793268581781843e-22,0.0,1.612571609328495e-12,9.485946295547202e-17,2.3345330097695436e-16
1.0325074129013956e-14,6.414702933125028e-20,5.929230630780141e-20,1.1911400820763636e-22,0.0,1.6121781548947567e-12,1.6579392743952357e-16,9.990591181435949e-17
6.106226635438361e-15,6.417019038840495e-20,5.421010862427599e-20,2.7131524091739383e-22,0.0,1.6121170156105322e-12,1.5139138408909608e-16,2.2723287731866673e-16
2.4702462297909733e-14,6.378886012602118e-20,5.0821976835258406e-20,2.0514079191315124e-22,0.0,1.6018976445884355e-12,1.4175021846947014e-16,1.715608959396438e-16
2.325917236589703e-14,6.386454715207299e-20,6.437450399132798e-20,1.6543612251060629e-22,0.0,1.6031582033891894e-12,1.7932385769589915e-16,1.3815499512062312e-16
2.4202861936828413e-14,6.388274512555234e-20,6.606856988583543e-20,3.0440246541951456e-22,0.0,1.6029747239426088e-12,1.8381111485307342e-16,2.5383707531159575e-16
2.225997164373439e-14,6.380912605103831e-20,5.590417451878421e-20,2.183756817140012e-22,0.0,1.6004879053803415e-12,1.5533684405491895e-16,1.818370892967727e-16
2.225997164373439e-14,6.384800353983148e-20,5.759824041329281e-20,1.1249656330721327e-22,0.0,1.60082314244245e-12,1.5984296174991909e-16,9.353828982116764e-17
2.042810365310288e-14,6.387033741637362e-20,5.0821976835258406e-20,2.7793268581781767e-22,0.0,1.6007429981634759e-12,1.4086094753526064e-16,2.3076100990836803e-16
2.0095036745715333e-14,6.389101693169064e-20,7.453889935837882e-20,1.9852334701272777e-22,0.0,1.6006209809033962e-12,2.0633716609482843e-16,1.6459161012175546e-16
1.9262369477246466e-14,6.382732402452725e-20,3.557538378468119e-20,2.3161057151484813e-22,0.0,1.5983856864392592e-12,9.835585020687844e-17,1.9174694002741382e-16
1.8818280267396403e-14,6.388646743832802e-20,6.268043809681861e-20,1.1249656330721176e-22,0.0,1.599226567099664e-12,1.7307702615173755e-16,9.300021148565141e-17
1.892930256985892e-14,6.390301105058228e-20,4.912791094074942e-20,2.713152409173942e-22,0.0,1.5990003377559516e-12,1.3548561154363842e-16,2.239722151422573e-16
1.9484414082171497e-14,6.389970232813527e-20,7.115076756936142e-20,1.8528845721187895e-22,0.0,1.5982772450855457e-12,1.9597588027492149e-16,1.5273699740435164e-16
1.7541523789077473e-14,6.394933316489165e-20,5.251604272976662e-20,2.2499312661442466e-22,0.0,1.598877847729786e-12,1.444687312516502e-16,1.8520031307845467e-16
1.7985612998927536e-14,6.394974675520117e-20,3.049318610115558e-20,1.7867101231145435e-22,0.0,1.598247426952009e-12,8.378073688646679e-17,1.4686009246057696e-16
1.6431300764452317e-14,6.399027860521946e-20,5.590417451878459e-20,2.779326858178173e-22,0.0,1.598619261527723e-12,1.534072162087547e-16,2.281220192169444e-16
1.4488410471358293e-14,6.401178530114905e-20,5.0821976835258406e-20,1.1911400820763636e-22,0.0,1.5985152043675005e-12,1.392880804892108e-16,9.762677734563887e-17
1.559863349598345e-14,6.401840274605269e-20,7.623296525288742e-20,2.05140791913152e-22,0.0,1.5980390685162892e-12,2.0867322661543948e-16,1.678948289919235e-16
1.4654943925052066e-14,6.405934818637729e-20,5.590417451878401e-20,2.117582368135777e-22,0.0,1.5984193783257903e-12,1.5283764739505472e-16,1.7306347826212124e-16
1.304512053934559e-14,6.406058895729936e-20,5.2516042729766814e-20,2.117582368135762e-22,0.0,1.5978085685599304e-12,1.4339729221717238e-16,1.728167741427984e-16
1.6042722705833512e-14,6.406265690883396e-20,7.453889935837901e-20,2.9116757561866725e-22,0.0,1.597218377816616e-12,2.032803736058351e-16,2.372846803228761e-16
1.2878587085651816e-14,6.411394210681548e-20,5.929230630780122e-20,1.5220123270975897e-22,0.0,1.5978547638266404e-12,1.6150091894636747e-16,1.238587255538099e-16
1.3378187446733136e-14,6.412304109355681e-20,3.3881317890172014e-20,2.0514079191315124e-22,0.0,1.597439196058898e-12,9.217258976511037e-17,1.6670278311359664e-16
1.2601031329495527e-14,6.412841776754162e-20,4.2351647362715595e-20,1.0587911840678754e-22,0.0,1.596930773243639e-12,1.1507402485720753e-16,8.591800048597792e-17
1.4876988529977098e-14,6.416729525633484e-20,7.453889935837862e-20,1.985233470127274e-22,0.0,1.597256167581202e-12,2.0228148320238367e-16,1.608677881307101e-16
1.3600232051658168e-14,6.418053014613892e-20,9.656175598699082e-20,2.1837568171400006e-22,0.0,1.5969427634162819e-12,2.61724948509293e-16,1.7670387192853103e-16
1.2545520178264269e-14,6.417473988185429e-20,6.268043809681842e-20,1.7867101231145548e-22,0.0,1.5961559205735802e-12,1.6968344018526132e-16,1.4437128165785894e-16
1.1157741397482823e-14,6.419914170992784e-20,9.317362419797362e-20,1.5220123270975747e-22,0.0,1.5961198505074749e-12,2.519234227076388e-16,1.2280906801947249e-16
1.304512053934559e-14,6.421403096095706e-20,8.639736061993902e-20,1.8528845721187933e-22,0.0,1.5958469057503938e-12,2.333161537034556e-16,1.4929553211286665e-16
1.1546319456101628e-14,6.421899404463563e-20,6.945670167485282e-20,1.720535674110305e-22,0.0,1.5953270977373914e-12,1.8733887694020252e-16,1.384359656678359e-16
1.3211653993039363e-14,6.425745794312259e-20,5.590417451878401e-20,2.3161057151484813e-22,0.0,1.595639102120135e-12,1.5060107339172102e-16,1.8609343948938013e-16
9.936496070395151e-15,6.425497640128818e-20,5.929230630780122e-20,1.389663429089094e-22,0.0,1.5949340109969824e-12,1.5953386618407284e-16,1.1149884502632655e-16
1.2434497875801753e-14,6.428971798701865e-20,4.2351647362715017e-20,1.257314531080602e-22,0.0,1.5951525682443515e-12,1.1381413916547175e-16,1.0073800649366274e-16
1.2323475573339238e-14,6.438815247991573e-20,4.9127910940749805e-20,1.9190590211230317e-22,0.0,1.5969501571499552e-12,1.3186399046473944e-16,1.5354194827978077e-16
1.176836406102666e-14,6.442041252380858e-20,2.710505431213761e-20,2.0514079191315162e-22,0.0,1.5971052043420163e-12,7.266425880484036e-17,1.6390064378797854e-16
1.2545520178264269e-14,6.444109203912565e-20,5.590417451878421e-20,6.617444900424297e-23,0.0,1.596972638771332e-12,1.4968838219883252e-16,5.279703078728126e-17
1.1102230246251565e-14,6.442496201718413e-20,4.23516473627154e-20,1.9190590211230355e-22,0.0,1.5959278382005337e-12,1.1326300811899772e-16,1.528968881201354e-16
1.0824674490095276e-14,6.459412045245447e-20,2.7105054312137803e-20,2.0514079191315162e-22,0.0,1.5994714708649147e-12,7.240067769330925e-17,1.6321275873290584e-16
1.1102230246251565e-14,6.46090097034837e-20,4.0657581468207187e-20,2.183756817140008e-22,0.0,1.5991932875454582e-12,1.084698630439338e-16,1.734996996650901e-16
1.2490009027033011e-14,6.462679408665688e-20,4.065758146820661e-20,1.1911400820763599e-22,0.0,1.5989864578947018e-12,1.083390261556904e-16,9.450401920005554e-17
1.049160758270773e-14,6.462844844788525e-20,4.5739779151732603e-20,7.940933880509103e-23,0.0,1.598380367940768e-12,1.2173456782162433e-16,6.291477040939524e-17
1.0602629885170245e-14,6.464912796320236e-20,3.5575383784681e-20,6.617444900424221e-23,0.0,1.5982446023532195e-12,9.456851042490849e-17,5.235589328431948e-17
1.1379786002407855e-14,6.467477056219474e-20,6.437450399132683e-20,2.3822801641527197e-22,0.0,1.5982310904655463e-12,1.709183058839517e-16,1.882187499019469e-16
1.0547118733938987e-14,6.468511031985495e-20,8.809142651444762e-20,1.985233470127289e-22,0.0,1.5978390783024651e-12,2.336074473741921e-16,1.5663075932508665e-16
9.880984919163893e-15,6.467601133312017e-20,3.5575383784680614e-20,2.0514079191315237e-22,0.0,1.5969669025728803e-12,9.42283570829219e-17,1.616268505609884e-16
9.992007221626409e-15,6.470537624486907e-20,6.6068569885836e-20,1.3234889800848518e-22,0.0,1.597044287705289e-12,1.7478595852122165e-16,1.0413061464285167e-16
1.0602629885170245e-14,6.470537624487237e-20,5.08219768352586e-20,2.183756817140008e-22,0.0,1.5963966214036518e-12,1.3428992184325222e-16,1.7157720776515415e-16
1.0880185641326534e-14,6.472812371172087e-20,5.2516042729767006e-20,1.5881867761018357e-22,0.0,1.596309968849704e-12,1.3860047389264322e-16,1.2461052223713207e-16
1.0547118733938987e-14,6.476410606837023e-20,6.606856988583543e-20,1.5881867761018207e-22,0.0,1.5965491452700662e-12,1.7416027591126715e-16,1.2443803131565994e-16
1.1879386363489175e-14,6.474838963673501e-20,6.26804380968188e-20,1.4558378780933438e-22,0.0,1.595513673808165e-12,1.6503205818547478e-16,1.1391045379295052e-16
1.1324274851176597e-14,6.476617401990821e-20,6.776263578034403e-20,2.3161057151484925e-22,0.0,1.5953037214250203e-12,1.7820065492697066e-16,1.8097081858569643e-16
1.0047518372857667e-14,6.478437199338766e-20,2.879912020664621e-20,2.9116757561866574e-22,0.0,1.5951036174410277e-12,7.564523122538244e-17,2.271921811227137e-16
8.43769498715119e-15,6.481456408574915e-20,7.792703114739582e-20,1.9852334701272815e-22,0.0,1.5951983662767415e-12,2.0444401845863767e-16,1.5469018123907945e-16
1.021405182655144e-14,6.48133233148336e-20,5.759824041329281e-20,2.977850205190922e-22,0.0,1.5945192294248921e-12,1.5093155656776672e-16,2.317156602664136e-16
9.270362255620057e-15,6.480753305054907e-20,4.573977915173241e-20,1.2573145310806096e-22,0.0,1.5937282586786822e-12,1.1971541267037035e-16,9.770087208734805e-17
9.71445146547012e-15,6.483648437199173e-20,4.912791094075e-20,1.5220123270975784e-22,0.0,1.5937914323980405e-12,1.284310638176795e-16,1.181068887154018e-16
1.0769163338864018e-14,6.48563367066963e-20,5.759824041329262e-20,1.3234889800848443e-22,0.0,1.5936304702838237e-12,1.5039638147010876e-16,1.0256059404349777e-16
1.0436096431476471e-14,6.488735597967037e-20,5.082197683525821e-20,1.3234889800848593e-22,0.0,1.593743410963198e-12,1.3254602889513828e-16,1.0241987711546998e-16
1.0547118733938987e-14,6.48724667286477e-20,9.147955830346463e-20,2.448454613156977e-22,0.0,1.592728620279502e-12,2.38301528338067e-16,1.8921705724278286e-16
1.0602629885170245e-14,6.491506653019752e-20,7.115076756936181e-20,2.382280164152727e-22,0.0,1.5931250268649555e-12,1.851273416115579e-16,1.8385097891674014e-16
7.327471962526033e-15,6.493409168428957e-20,8.470329472543003e-20,1.720535674110305e-22,0.0,1.5929422765510402e-12,2.2013043334667508e-16,1.3259961382324691e-16
9.71445146547012e-15,6.493243732306776e-20,3.3881317890172206e-20,2.6469779601696886e-22,0.0,1.592252070440954e-12,8.794871358960973e-17,2.0372059974146223e-16
8.43769498715119e-15,6.494898093532218e-20,6.437450399132683e-20,5.95570041038195e-23,0.0,1.5920079813856195e-12,1.6690644401806298e-16,4.577455006524425e-17
9.325873406851315e-15,6.497379635370207e-20,4.4045713257224195e-20,1.6543612251060704e-22,0.0,1.59196625560388e-12,1.1406527895050696e-16,1.26978086602716e-16
9.159339953157541e-15,6.497751866646189e-20,5.0821976835258406e-20,2.1837568171400006e-22,0.0,1.5914074493751714e-12,1.314596834888705e-16,1.6738266513011842e-16
6.827871601444713e-15,6.499819818177905e-20,5.082197683525821e-20,1.7867101231145548e-22,0.0,1.5912637304087336e-12,1.3130594426013608e-16,1.3676300793218102e-16
1.0269562977782698e-14,6.499488945933218e-20,6.437450399132683e-20,2.249931266144243e-22,0.0,1.5905325871163968e-12,1.661265816411825e-16,1.7198584673200148e-16
9.048317650695026e-15,6.505940954711467e-20,5.082197683525821e-20,1.0587911840678905e-22,0.0,1.591460736182504e-12,1.3099954281040165e-16,8.082454268041036e-17
8.493206138382448e-15,6.519051767420765e-20,5.0821976835258406e-20,2.382280164152727e-22,0.0,1.5940158033869669e-12,1.3084687807775893e-16,1.8160835457985473e-16
8.826273045769994e-15,6.523518542728886e-20,5.421010862427541e-20,1.7867101231145548e-22,0.0,1.594455523960798e-12,1.394075402758263e-16,1.360215449122462e-16
7.494005416219807e-15,6.525503776199345e-20,4.4045713257224195e-20,2.249931266144258e-22,0.0,1.594288090882048e-12,1.1313693244675782e-16,1.710543163324549e-16
7.93809462606987e-15,6.527075419363533e-20,7.453889935837882e-20,2.0514079191315162e-22,0.0,1.5940192765753003e-12,1.9124015225545682e-16,1.5575018084959566e-16
5.440092820663267e-15,6.52897793477274e-20,6.776263578034441e-20,2.382280164152727e-22,0.0,1.5938309407184649e-12,1.7365301786435032e-16,1.8062658636318523e-16
7.716050021144838e-15,6.528233472221777e-20,7.453889935837862e-20,1.985233470127274e-22,0.0,1.592996339642167e-12,1.9079700145447182e-16,1.5031879897916877e-16
2.2426505097428162e-14,6.407092871513721e-20,3.388131789017259e-20,2.249931266144243e-22,0.0,1.562795310894784e-12,8.662554358162774e-17,1.701313656423403e-16
2.225997164373439e-14,6.43728496387224e-20,7.115076756936142e-20,2.9116757561866725e-22,0.0,1.5695159308727883e-12,1.8170336018618267e-16,2.1987311766844812e-16
2.2537527399890678e-14,6.442578919792916e-20,5.421010862427561e-20,1.6543612251060704e-22,0.0,1.5701624483852936e-12,1.3828081126368952e-16,1.2475961061150927e-16
2.1149748619109232e-14,6.443654254589571e-20,3.72694496791896e-20,2.117582368135766e-22,0.0,1.5697802028953114e-12,9.495841856886348e-17,1.594773754567897e-16
2.2037927038809357e-14,6.445804924182545e-20,5.421010862427561e-20,2.514629062161219e-22,0.0,1.5696596253364474e-12,1.3796222861362495e-16,1.8912474344670328e-16
1.9206858326015208e-14,6.446383950611673e-20,6.776263578034422e-20,1.058791184067883e-22,0.0,1.5691560751207541e-12,1.722543594177441e-16,7.952449952840851e-17
1.942890293094024e-14,6.444895025509412e-20,5.0821976835258983e-20,1.5881867761018131e-22,0.0,1.568149263682881e-12,1.2904229212298028e-16,1.191266590353092e-16
2.020605904817785e-14,6.446797540918617e-20,6.098637220230982e-20,2.4484546131569845e-22,0.0,1.5679676256036006e-12,1.5467298698963614e-16,1.8340735712043937e-16
1.9373391779708982e-14,6.44903092857285e-20,3.38813178901724e-20,2.3822801641527197e-22,0.0,1.5678660689234422e-12,8.583090632952793e-17,1.7821136095588622e-16
2.1149748619109232e-14,6.447293849286827e-20,4.7433845046241204e-20,7.940933880509291e-23,0.0,1.5667991977677738e-12,1.2002564183210588e-16,5.93242883232136e-17
1.63202784619898e-14,6.448245106991601e-20,9.825582188149961e-20,1.7867101231145473e-22,0.0,1.5663857369237626e-12,2.4834011199677265e-16,1.33301183766935e-16
1.8096635301390052e-14,6.448906851481982e-20,7.453889935837882e-20,1.7205356741103126e-22,0.0,1.5659018086090144e-12,1.8818066468542045e-16,1.281926383462905e-16
1.6486811915683575e-14,6.449403159849852e-20,5.759824041329281e-20,2.1175823681357734e-22,0.0,1.5653776152440202e-12,1.4524635729646815e-16,1.575650007027113e-16
1.5709655798445965e-14,6.45205013781036e-20,9.825582188149942e-20,1.985233470127274e-22,0.0,1.5653751323899498e-12,2.474907108361727e-16,1.475202412214801e-16
1.3378187446733136e-14,6.449816750156805e-20,4.743384504624082e-20,1.1911400820763674e-22,0.0,1.564188571359561e-12,1.1934221204069903e-16,8.839424421691854e-17
1.3766765505351941e-14,6.446797540921323e-20,5.759824041329242e-20,8.602678370551638e-23,0.0,1.5628119818518299e-12,1.4475070101059034e-16,6.375532975592702e-17
1.587618925213974e-14,6.446756181891037e-20,6.437450399132702e-20,2.779326858178188e-22,0.0,1.5621576005474794e-12,1.6159637883748752e-16,2.0570489908282468e-16
1.4876988529977098e-14,6.4463425915851e-20,7.453889935837901e-20,2.117582368135766e-22,0.0,1.5614130882110937e-12,1.8689923996575735e-16,1.5651935894668119e-16
1.2323475573339238e-14,6.445474051942258e-20,3.388131789017259e-20,2.514629062161204e-22,0.0,1.5605585290150084e-12,8.485789327637762e-17,1.8562007853347068e-16
1.3877787807814457e-14,6.447666080565864e-20,5.421010862427541e-20,1.8528845721187895e-22,0.0,1.5604448744329884e-12,1.3561888773655863e-16,1.3659134909137014e-16
1.176836406102666e-14,6.425828512394805e-20,4.0657581468206994e-20,2.117582368135751e-22,0.0,1.5545176334027466e-12,1.0159912070436836e-16,1.5589761899698186e-16
1.2823075934420558e-14,6.424050074078157e-20,5.759824041329319e-20,2.5146290621612117e-22,0.0,1.5534454198653496e-12,1.43769475649039e-16,1.8488342302776925e-16
1.1157741397482823e-14,6.423967356017239e-20,5.082197683525879e-20,1.3234889800848518e-22,0.0,1.5527834679278953e-12,1.2671226258108408e-16,9.717840700002781e-17
1.1546319456101628e-14,6.424339587293231e-20,6.098637220231001e-20,1.7867101231145623e-22,0.0,1.5522314775405227e-12,1.518833141473797e-16,1.310175508103499e-16
1.5210055437364645e-14,6.424463664385456e-20,5.421010862427561e-20,1.9190590211230393e-22,0.0,1.5516195006271432e-12,1.3485537730548722e-16,1.4053683574493236e-16
1.0935696792557792e-14,6.367594997272776e-20,6.776263578034403e-20,1.3234889800848518e-22,0.0,1.5372484779794869e-12,1.68379633063461e-16,9.679416017392315e-17
1.3600232051658168e-14,6.365568404772363e-20,7.453889935837901e-20,1.4558378780933362e-22,0.0,1.5361231946134147e-12,1.8500951787328786e-16,1.0633331514549126e-16
1.0103029524088925e-14,6.367677715334717e-20,4.743384504624082e-20,2.1175823681357584e-22,0.0,1.5359959901139794e-12,1.1760121337103968e-16,1.5446307935554924e-16
1.2045919817182948e-14,6.365030737374888e-20,7.115076756936161e-20,1.058791184067883e-22,0.0,1.534721560047215e-12,1.7620409038453913e-16,7.712998608731737e-17
1.2490009027033011e-14,6.36383132548703e-20,6.098637220230962e-20,1.720535674110305e-22,0.0,1.5337965693358576e-12,1.5086297470564682e-16,1.2517157017653093e-16
1.2101430968414206e-14,6.36912528140771e-20,6.437450399132702e-20,1.7867101231145623e-22,0.0,1.5344362080082864e-12,1.5906615327701812e-16,1.2981525136678247e-16
1.1934897514720433e-14,6.367967228550478e-20,5.0821976835258406e-20,1.5881867761018282e-22,0.0,1.5335210504623816e-12,1.2543825292086966e-16,1.1524001807379412e-16
1.0935696792557792e-14,6.366726457631993e-20,6.776263578034422e-20,1.3234889800848443e-22,0.0,1.5325862338682367e-12,1.6706436948686787e-16,9.590753108401148e-17
9.603429163007604e-15,6.3684635369187e-20,3.0493186101155005e-20,2.183756817140008e-22,0.0,1.5323682114313546e-12,7.509516815715817e-17,1.5804028776702172e-16
1.0880185641326534e-14,6.371317310032351e-20,4.743384504624101e-20,2.183756817140008e-22,0.0,1.5324184485958681e-12,1.1668464389632594e-16,1.5783360774529483e-16
1.071365218763276e-14,6.372351285798385e-20,4.743384504624101e-20,2.7131524091739383e-22,0.0,1.532030624194437e-12,1.1655487129325132e-16,1.958400840074587e-16
9.381384558082573e-15,6.372475362890614e-20,5.082197683525879e-20,1.2573145310806096e-22,0.0,1.5314239490876568e-12,1.247414863366486e-16,9.063668861620486e-17
9.825473767932635e-15,6.375618649218659e-20,6.776263578034403e-20,1.6543612251060704e-22,0.0,1.5315425409599022e-12,1.6613741542569636e-16,1.1910326012755142e-16
9.71445146547012e-15,6.37640447080093e-20,8.131516293641303e-20,2.4484546131569694e-22,0.0,1.531094454785925e-12,1.9914391026457875e-16,1.7604313201692325e-16
9.325873406851315e-15,6.380705809986551e-20,8.470329472543023e-20,1.7867101231145473e-22,0.0,1.5314900237479343e-12,2.072118872569572e-16,1.2829666227150806e-16
1.0769163338864018e-14,6.378596499424885e-20,4.4045713257224e-20,7.940933880509216e-23,0.0,1.5303467180856477e-12,1.0763100908689098e-16,5.694657114753394e-17
9.547918011776346e-15,6.381326195446655e-20,4.06575814682068e-20,2.3161057151484775e-22,0.0,1.530364341712847e-12,9.924193875966253e-17,1.658783186101061e-16
1.0103029524088925e-14,6.384262686621563e-20,7.115076756936161e-20,1.852884572118797e-22,0.0,1.5304310143959108e-12,1.734817337220537e-16,1.3253035587319984e-16
9.880984919163893e-15,6.385834329785763e-20,6.776263578034403e-20,1.7867101231145473e-22,0.0,1.5301700779594604e-12,1.6503856903931252e-16,1.276313474343676e-16
9.769962616701378e-15,6.39141779892084e-20,3.7269449679189215e-20,2.448454613156977e-22,0.0,1.530869760050826e-12,9.067126238726856e-17,1.746755320866276e-16
7.66053886991358e-15,6.392369056625623e-20,4.743384504624101e-20,2.249931266144243e-22,0.0,1.5304593057710119e-12,1.1527285871640816e-16,1.6030480156815947e-16
7.549516567451064e-15,6.391045567645885e-20,4.743384504624101e-20,2.1837568171400006e-22,0.0,1.5295042909580545e-12,1.1514620807442743e-16,1.5538865867476798e-16
1.1601830607332886e-14,6.394395649127073e-20,3.388131789017259e-20,1.058791184067883e-22,0.0,1.5296675737053417e-12,8.215702546239385e-17,7.524257064709152e-17
6.994405055138486e-15,6.401302607242238e-20,2.710505431213761e-20,1.5220123270975784e-22,0.0,1.5306807300925719e-12,6.565356601120832e-17,1.0802150927245557e-16
9.325873406851315e-15,6.400268631476894e-20,6.776263578034441e-20,2.3161057151484775e-22,0.0,1.5297944840542197e-12,1.639541739709652e-16,1.6416845450426008e-16
1.0769163338864018e-14,6.234832508966637e-20,5.08219768352586e-20,1.9852334701272815e-22,0.0,1.4896294198512842e-12,1.2283111984283116e-16,1.405344107269505e-16
1.0325074129013956e-14,6.23756220498841e-20,7.453889935837901e-20,2.448454613156962e-22,0.0,1.489658885428713e-12,1.799554583151707e-16,1.7310252325255282e-16
9.547918011776346e-15,6.243269751215374e-20,5.759824041329281e-20,1.9190590211230468e-22,0.0,1.4903987020360972e-12,1.3890471086608167e-16,1.3550035048816048e-16
8.826273045769994e-15,6.248894579381083e-20,6.098637220230982e-20,2.3161057151484925e-22,0.0,1.4911176619567916e-12,1.4691521906505497e-16,1.6332463798511994e-16
8.93729534823251e-15,6.254188535301772e-20,8.131516293641341e-20,2.5146290621612117e-22,0.0,1.4917565999960704e-12,1.9567361532155743e-16,1.770960960160036e-16
7.66053886991358e-15,6.25795220708924e-20,8.131516293641322e-20,2.3822801641527347e-22,0.0,1.4920296498580925e-12,1.954607364638193e-16,1.6755990803991657e-16
8.548717289613705e-15,6.263163444948672e-20,4.0657581468206994e-20,2.580803511165454e-22,0.0,1.4926469557902701e-12,9.762416033232983e-17,1.8129045158826972e-16
9.658940314238862e-15,6.268581477961243e-20,1.1180834903756803e-19,1.654361225106078e-22,0.0,1.4933125057550126e-12,2.6817500382079116e-16,1.1606293050294872e-16
6.050715484207103e-15,6.277142797301515e-20,9.147955830346463e-20,1.9190590211230242e-22,0.0,1.4947254809001192e-12,2.1917798123940803e-16,1.344606505062932e-16
8.715250743307479e-15,6.277060079240613e-20,7.115076756936181e-20,1.9852334701272664e-22,0.0,1.4940792960741772e-12,1.702871069916015e-16,1.3891931644880303e-16
8.715250743307479e-15,6.429550825165112e-20,5.421010862427522e-20,2.6469779601697036e-22,0.0,1.52973378482982e-12,1.2960217198185129e-16,1.8498905428702152e-16
1.1157741397482823e-14,6.43608555200463e-20,4.743384504624101e-20,2.514629062161219e-22,0.0,1.5306462265496348e-12,1.1327932872823396e-16,1.7551521854134243e-16
8.215650382226158e-15,6.44092455858842e-20,5.7598240413293e-20,2.1837568171400156e-22,0.0,1.5311542745816858e-12,1.3740495512229252e-16,1.5222666988618578e-16
9.825473767932635e-15,6.445598129049695e-20,5.082197683525802e-20,1.191140082076375e-22,0.0,1.5316220673002784e-12,1.2110890611220889e-16,8.292689758522427e-17
6.2727600891321345e-15,6.44853462022461e-20,5.421010862427522e-20,2.0514079191315312e-22,0.0,1.5316763526342751e-12,1.2904365644829908e-16,1.4263667069635342e-16
7.216449660063518e-15,6.452877318440862e-20,7.1150767569362e-20,1.852884572118812e-22,0.0,1.532063940312013e-12,1.6918752311668168e-16,1.2866919881920613e-16
5.662137425588298e-15,6.456144681860802e-20,7.453889935837882e-20,1.9190590211230317e-22,0.0,1.5321954809965726e-12,1.77053526961246e-16,1.3309511244297354e-16
7.771561172376096e-15,6.458915736913203e-20,7.115076756936123e-20,2.1175823681357734e-22,0.0,1.5322086554914233e-12,1.6882414659024739e-16,1.466770305727563e-16
8.382183835919932e-15,6.677250059596929e-20,4.4045713257224195e-20,1.5881867761018131e-22,0.0,1.5833365326677042e-12,1.0439807455514793e-16,1.0986816473570086e-16
7.049916206369744e-15,6.676340160923476e-20,4.4045713257224e-20,2.646977960169711e-22,0.0,1.582454662795893e-12,1.0428620359502243e-16,1.8288142286663234e-16
8.604228440844963e-15,6.68031062786408e-20,7.453889935837882e-20,2.3822801641527423e-22,0.0,1.5827292754853971e-12,1.7629543009924172e-16,1.6438475838742094e-16
8.382183835919932e-15,6.96180019031623e-20,5.421010862427541e-20,2.8455013071824227e-22,0.0,1.6487265058366748e-12,1.2807775999360484e-16,1.960999222534123e-16
