n_iter,err,diff1d3dCurrant_rel,maxdiff1d3dCurrant_rel,solve_gave_up,min__soil_solute,dt_inner,real_dt ,failedLoop,cL
1.0,100.0,0.0,0.0,0.0,0.0,0.013888888888888888,0.0,0.0,1.0
2.0,7.0095964354303115,0.0,0.0,0.0,0.0,0.013888888888888888,0.0,0.0,1.0
3.0,6.6742287229033925,0.0,0.0,0.0,0.0,0.013888888888888888,0.0,0.0,1.0
4.0,0.019634872155634944,0.0,0.0,0.0,0.0,0.013888888888888888,0.0,0.0,0.0
1.0,100.0,0.0,0.0,0.0,0.0,0.013888888888888888,0.0,0.0,1.0
2.0,7.160857775860308,0.0,0.0,0.0,0.0,0.013888888888888888,0.0,0.0,1.0
3.0,5.382949492141777,0.0,0.0,0.0,0.0,0.013888888888888888,0.0,0.0,1.0
4.0,4.4832888508283524e-12,0.0,0.0,0.0,0.0,0.013888888888888888,0.0,0.0,0.0
1.0,100.0,0.0,0.0,0.0,0.0,0.013888888888888888,0.0,0.0,1.0
2.0,2.2162702023483942,0.0,0.0,0.0,0.0,0.013888888888888888,0.0,0.0,1.0
3.0,1.5044590992184845,0.0,0.0,0.0,0.0,0.013888888888888888,0.0,0.0,1.0
4.0,1.9549426702658338e-12,0.0,0.0,0.0,0.0,0.013888888888888888,0.0,0.0,0.0
1.0,100.0,0.0,0.0,0.0,0.0,0.013888888888888888,0.0,0.0,1.0
2.0,0.7513931770339016,0.0,0.0,0.0,0.0,0.013888888888888888,0.0,0.0,1.0
3.0,0.5035151470849433,0.0,0.0,0.0,0.0,0.013888888888888888,0.0,0.0,1.0
4.0,2.2582331410201923e-12,0.0,0.0,0.0,0.0,0.013888888888888888,0.0,0.0,0.0
1.0,100.0,0.0,0.0,0.0,0.0,0.013888888888888888,0.0,0.0,1.0
2.0,0.25237295321186554,0.0,0.0,0.0,0.0,0.013888888888888888,0.0,0.0,1.0
3.0,0.16863174171561293,0.0,0.0,0.0,0.0,0.013888888888888888,0.0,0.0,1.0
4.0,3.618244719291399e-11,0.0,0.0,0.0,0.0,0.013888888888888888,0.0,0.0,0.0
1.0,100.0,0.0,0.0,0.0,0.0,0.013888888888888888,0.0,0.0,1.0
2.0,0.08424685797867763,0.0,0.0,0.0,0.0,0.013888888888888888,0.0,0.0,1.0
3.0,0.05624596801047959,0.0,0.0,0.0,0.0,0.013888888888888888,0.0,0.0,1.0
4.0,6.425070243825958e-12,0.0,0.0,0.0,0.0,0.013888888888888888,0.0,0.0,0.0
1.0,100.0,0.0,0.0,0.0,0.0,0.013888888888888888,0.0,0.0,1.0
2.0,0.028057345674570404,0.0,0.0,0.0,0.0,0.013888888888888888,0.0,0.0,1.0
3.0,0.01872711479790188,0.0,0.0,0.0,0.0,0.013888888888888888,0.0,0.0,1.0
4.0,2.186178231908604e-12,0.0,0.0,0.0,0.0,0.013888888888888888,0.0,0.0,0.0
1.0,100.0,0.0,0.0,0.0,0.0,0.013888888888888888,0.0,0.0,1.0
2.0,0.009336550061702366,0.0,0.0,0.0,0.0,0.013888888888888888,0.0,0.0,1.0
3.0,0.006231228149746176,0.0,0.0,0.0,0.0,0.013888888888888888,0.0,0.0,1.0
4.0,3.4052043240554504e-12,0.0,0.0,0.0,0.0,0.013888888888888888,0.0,0.0,0.0
1.0,100.0,0.0,0.0,0.0,0.0,0.013888888888888888,0.0,0.0,1.0
2.0,0.003106041493254269,0.0,0.0,0.0,0.0,0.013888888888888888,0.0,0.0,1.0
3.0,0.002072918460212237,0.0,0.0,0.0,0.0,0.013888888888888888,0.0,0.0,1.0
4.0,2.38121335511215e-12,0.0,0.0,0.0,0.0,0.013888888888888888,0.0,0.0,0.0
1.0,100.0,0.0,0.0,0.0,0.0,0.013888888888888888,0.0,0.0,1.0
2.0,0.0010332092727210374,0.0,0.0,0.0,0.0,0.013888888888888888,0.0,0.0,1.0
3.0,0.0006895395624611806,0.0,0.0,0.0,0.0,0.013888888888888888,0.0,0.0,1.0
4.0,2.5691691230636073e-12,0.0,0.0,0.0,0.0,0.013888888888888888,0.0,0.0,0.0
1.0,100.0,0.0,0.0,0.0,0.0,0.013888888888888888,0.0,0.0,1.0
2.0,0.0003436814410248714,0.0,0.0,0.0,0.0,0.013888888888888888,0.0,0.0,1.0
3.0,0.00022936419933081796,0.0,0.0,0.0,0.0,0.013888888888888888,0.0,0.0,1.0
4.0,2.089666505140786e-12,0.0,0.0,0.0,0.0,0.013888888888888888,0.0,0.0,0.0
1.0,100.0,0.0,0.0,0.0,0.0,0.013888888888888888,0.0,0.0,1.0
2.0,0.0001143192645313629,0.0,0.0,0.0,0.0,0.013888888888888888,0.0,0.0,1.0
3.0,7.629367717999242e-05,0.0,0.0,0.0,0.0,0.013888888888888888,0.0,0.0,1.0
4.0,2.0073701297300403e-12,0.0,0.0,0.0,0.0,0.013888888888888888,0.0,0.0,0.0
1.0,100.0,0.0,0.0,0.0,0.0,0.013888888888888888,0.0,0.0,1.0
2.0,3.802605119749648e-05,0.0,0.0,0.0,0.0,0.013888888888888888,0.0,0.0,1.0
3.0,2.537756995575607e-05,0.0,0.0,0.0,0.0,0.013888888888888888,0.0,0.0,1.0
4.0,8.410715190439216e-10,0.0,0.0,0.0,0.0,0.013888888888888888,0.0,0.0,0.0
1.0,100.0,0.0,0.0,0.0,0.0,0.013888888888888888,0.0,0.0,1.0
2.0,1.2648612294938626e-05,0.0,0.0,0.0,0.0,0.013888888888888888,0.0,0.0,1.0
3.0,8.441362480277222e-06,0.0,0.0,0.0,0.0,0.013888888888888888,0.0,0.0,1.0
4.0,7.387936483327828e-09,0.0,0.0,0.0,0.0,0.013888888888888888,0.0,0.0,0.0
1.0,100.0,0.0,0.0,0.0,0.0,0.013888888888888888,0.0,0.0,1.0
2.0,4.207290709826968e-06,0.0,0.0,0.0,0.0,0.013888888888888888,0.0,0.0,1.0
3.0,2.8074036606173296e-06,0.0,0.0,0.0,0.0,0.013888888888888888,0.0,0.0,1.0
4.0,1.0114482797940701e-08,0.0,0.0,0.0,0.0,0.013888888888888888,0.0,0.0,0.0
1.0,100.0,0.0,0.0,0.0,0.0,0.013888888888888888,0.0,0.0,1.0
2.0,1.3999002874636246e-06,0.0,0.0,0.0,0.0,0.013888888888888888,0.0,0.0,1.0
3.0,9.382476059281155e-07,0.0,0.0,0.0,0.0,0.013888888888888888,0.0,0.0,1.0
4.0,6.506655413320813e-09,0.0,0.0,0.0,0.0,0.013888888888888888,0.0,0.0,0.0
1.0,100.0,0.0,0.0,0.0,0.0,0.013888888888888888,0.0,0.0,1.0
2.0,4.616573138791013e-07,0.0,0.0,0.0,0.0,0.013888888888888888,0.0,0.0,1.0
3.0,3.050459815842703e-07,0.0,0.0,0.0,0.0,0.013888888888888888,0.0,0.0,1.0
4.0,2.7737519165545116e-09,0.0,0.0,0.0,0.0,0.013888888888888888,0.0,0.0,0.0
1.0,100.0,0.0,0.0,0.0,0.0,0.013888888888888888,0.0,0.0,1.0
2.0,1.566127493922619e-07,0.0,0.0,0.0,0.0,0.013888888888888888,0.0,0.0,1.0
3.0,1.0399778066102884e-07,0.0,0.0,0.0,0.0,0.013888888888888888,0.0,0.0,1.0
4.0,1.0016222928684479e-09,0.0,0.0,0.0,0.0,0.013888888888888888,0.0,0.0,0.0
1.0,100.0,0.0,0.0,0.0,0.0,0.013888888888888888,0.0,0.0,1.0
2.0,5.2615691510337e-08,0.0,0.0,0.0,0.0,0.013888888888888888,0.0,0.0,1.0
3.0,3.510065618119807e-08,0.0,0.0,0.0,0.0,0.013888888888888888,0.0,0.0,1.0
4.0,3.4109580547656105e-10,0.0,0.0,0.0,0.0,0.013888888888888888,0.0,0.0,0.0
1.0,100.0,0.0,0.0,0.0,0.0,0.013888888888888888,0.0,0.0,1.0
2.0,1.7515262262813332e-08,0.0,0.0,0.0,0.0,0.013888888888888888,0.0,0.0,1.0
3.0,1.1695179936609758e-08,0.0,0.0,0.0,0.0,0.013888888888888888,0.0,0.0,1.0
4.0,1.1343053371614832e-10,0.0,0.0,0.0,0.0,0.013888888888888888,0.0,0.0,0.0
1.0,100.0,0.0,0.0,0.0,0.0,0.013888888888888888,0.0,0.0,1.0
2.0,5.820083373723787e-09,0.0,0.0,0.0,0.0,0.013888888888888888,0.0,0.0,1.0
3.0,3.884970902325677e-09,0.0,0.0,0.0,0.0,0.013888888888888888,0.0,0.0,1.0
4.0,3.8214666167983776e-11,0.0,0.0,0.0,0.0,0.013888888888888888,0.0,0.0,0.0
1.0,100.0,0.0,0.0,0.0,0.0,0.013888888888888888,0.0,0.0,1.0
2.0,1.934959917043983e-09,0.0,0.0,0.0,0.0,0.013888888888888888,0.0,0.0,1.0
3.0,1.3088795340265588e-09,0.0,0.0,0.0,0.0,0.013888888888888888,0.0,0.0,1.0
4.0,1.3372552136584736e-11,0.0,0.0,0.0,0.0,0.013888888888888888,0.0,0.0,0.0
1.0,100.0,0.0,0.0,0.0,0.0,0.013888888888888888,0.0,0.0,1.0
2.0,6.260860846139168e-10,0.0,0.0,0.0,0.0,0.013888888888888888,0.0,0.0,1.0
3.0,4.140861361200119e-10,0.0,0.0,0.0,0.0,0.013888888888888888,0.0,0.0,1.0
4.0,4.882556710509794e-12,0.0,0.0,0.0,0.0,0.013888888888888888,0.0,0.0,0.0
1.0,100.0,0.0,0.0,0.0,0.0,0.013888888888888888,0.0,0.0,1.0
2.0,2.1201496765953928e-10,0.0,0.0,0.0,0.0,0.013888888888888888,0.0,0.0,1.0
3.0,1.4010353474735494e-10,0.0,0.0,0.0,0.0,0.013888888888888888,0.0,0.0,1.0
4.0,3.8222534798206064e-12,0.0,0.0,0.0,0.0,0.013888888888888888,0.0,0.0,0.0
1.0,100.0,0.0,0.0,0.0,0.0,0.013888888888888888,0.0,0.0,1.0
2.0,7.189898622506244e-11,0.0,0.0,0.0,0.0,0.013888888888888888,0.0,0.0,1.0
3.0,4.4318063640386e-11,0.0,0.0,0.0,0.0,0.013888888888888888,0.0,0.0,1.0
4.0,3.320745819574985e-12,0.0,0.0,0.0,0.0,0.013888888888888888,0.0,0.0,0.0
1.0,100.0,0.0,0.0,0.0,0.0,0.013888888888888888,0.0,0.0,1.0
2.0,2.7489495460704853e-11,0.0,0.0,0.0,0.0,0.013888888888888888,0.0,0.0,1.0
3.0,2.320694900256327e-11,0.0,0.0,0.0,0.0,0.013888888888888888,0.0,0.0,1.0
4.0,2.1620222901650574e-12,0.0,0.0,0.0,0.0,0.013888888888888888,0.0,0.0,0.0
1.0,100.0,0.0,0.0,0.0,0.0,0.013888888888888888,0.0,0.0,1.0
2.0,4.387357558812701e-12,0.0,0.0,0.0,0.0,0.013888888888888888,0.0,0.0,1.0
3.0,3.693238303239485e-12,0.0,0.0,0.0,0.0,0.013888888888888888,0.0,0.0,1.0
4.0,2.2007229253175865e-12,0.0,0.0,0.0,0.0,0.013888888888888888,0.0,0.0,0.0
1.0,100.0,0.0,0.0,0.0,0.0,0.013888888888888888,0.0,0.0,1.0
2.0,1.947895620211193e-12,0.0,0.0,0.0,0.0,0.013888888888888888,0.0,0.0,1.0
3.0,1.9478957172034844e-12,0.0,0.0,0.0,0.0,0.013888888888888888,0.0,0.0,1.0
4.0,1.9478957172034844e-12,0.0,0.0,0.0,0.0,0.013888888888888888,0.0,0.0,0.0
1.0,100.0,0.0,0.0,0.0,0.0,0.013888888888888888,0.0,0.0,1.0
2.0,3.796594833529792e-12,0.0,0.0,0.0,0.0,0.013888888888888888,0.0,0.0,1.0
3.0,1.05167489462714e-11,0.0,0.0,0.0,0.0,0.013888888888888888,0.0,0.0,1.0
4.0,3.796594687971601e-12,0.0,0.0,0.0,0.0,0.013888888888888888,0.0,0.0,0.0
1.0,100.0,0.0,0.0,0.0,0.0,0.013888888888888888,0.0,0.0,1.0
2.0,1.0543035968585943e-11,0.0,0.0,0.0,0.0,0.013888888888888888,0.0,0.0,1.0
3.0,1.7746352468865204e-11,0.0,0.0,0.0,0.0,0.013888888888888888,0.0,0.0,1.0
4.0,9.548250278091491e-12,0.0,0.0,0.0,0.0,0.013888888888888888,0.0,0.0,0.0
1.0,100.0,0.0,0.0,0.0,0.0,0.013888888888888888,0.0,0.0,1.0
2.0,9.636153536361867e-12,0.0,0.0,0.0,0.0,0.013888888888888888,0.0,0.0,1.0
3.0,1.5310456863472995e-11,0.0,0.0,0.0,0.0,0.013888888888888888,0.0,0.0,1.0
4.0,9.636153584927491e-12,0.0,0.0,0.0,0.0,0.013888888888888888,0.0,0.0,0.0
1.0,100.0,0.0,0.0,0.0,0.0,0.013888888888888888,0.0,0.0,1.0
2.0,9.134954681854387e-12,0.0,0.0,0.0,0.0,0.013888888888888888,0.0,0.0,1.0
3.0,2.1466261166575727e-11,0.0,0.0,0.0,0.0,0.013888888888888888,0.0,0.0,1.0
4.0,9.134954681854387e-12,0.0,0.0,0.0,0.0,0.013888888888888888,0.0,0.0,0.0
1.0,100.0,0.0,0.0,0.0,0.0,0.013888888888888888,0.0,0.0,1.0
2.0,1.3660467580445922e-11,0.0,0.0,0.0,0.0,0.013888888888888888,0.0,0.0,1.0
3.0,3.022853228730552e-11,0.0,0.0,0.0,0.0,0.013888888888888888,0.0,0.0,1.0
4.0,9.242310184293075e-12,0.0,0.0,0.0,0.0,0.013888888888888888,0.0,0.0,0.0
1.0,100.0,0.0,0.0,0.0,0.0,0.013888888888888888,0.0,0.0,1.0
2.0,1.6686085741877784e-11,0.0,0.0,0.0,0.0,0.013888888888888888,0.0,0.0,1.0
3.0,2.903693256652574e-11,0.0,0.0,0.0,0.0,0.013888888888888888,0.0,0.0,1.0
4.0,8.867519495092213e-12,0.0,0.0,0.0,0.0,0.013888888888888888,0.0,0.0,0.0
1.0,100.0,0.0,0.0,0.0,0.0,0.013888888888888888,0.0,0.0,1.0
2.0,1.2167588912432235e-11,0.0,0.0,0.0,0.0,0.013888888888888888,0.0,0.0,1.0
3.0,9.141135607086593e-12,0.0,0.0,0.0,0.0,0.013888888888888888,0.0,0.0,1.0
4.0,9.141135607086593e-12,0.0,0.0,0.0,0.0,0.013888888888888888,0.0,0.0,0.0
1.0,100.0,0.0,0.0,0.0,0.0,0.013888888888888888,0.0,0.0,1.0
2.0,0.0004408076643265661,0.0,0.0,0.0,0.0,0.013888888888888888,0.0,0.0,1.0
3.0,0.0004394000195785086,0.0,0.0,0.0,0.0,0.013888888888888888,0.0,0.0,1.0
4.0,1.3233335055832936e-06,0.0,0.0,0.0,0.0,0.013888888888888888,0.0,0.0,0.0
1.0,100.0,0.003874934463936331,0.38900079898129525,0.0,0.0,0.013888888888888888,0.0,0.0,1.0
2.0,7.026747912745897e-06,0.0,0.0,0.0,0.0,0.013888888888888888,0.0,0.0,1.0
3.0,6.9225827406568004e-06,0.0,0.0,0.0,0.0,0.013888888888888888,0.0,0.0,1.0
4.0,2.0430345380237576e-08,0.0,0.0,0.0,0.0,0.013888888888888888,0.0,0.0,0.0
1.0,100.0,0.0063637473275273155,0.6404503969306942,0.0,0.0,0.013888888888888888,0.0,0.0,1.0
2.0,4.695715311427173e-06,0.0,0.0,0.0,0.0,0.013888888888888888,0.0,0.0,1.0
3.0,4.649459156065716e-06,0.0,0.0,0.0,0.0,0.013888888888888888,0.0,0.0,1.0
4.0,1.4392505092065782e-08,0.0,0.0,0.0,0.0,0.013888888888888888,0.0,0.0,0.0
1.0,100.0,0.0063661665282242355,0.6406954262714052,0.0,0.0,0.013888888888888888,0.0,0.0,1.0
2.0,4.316956064917011e-06,0.0,0.0,0.0,0.0,0.013888888888888888,0.0,0.0,1.0
3.0,4.288505764969678e-06,0.0,0.0,0.0,0.0,0.013888888888888888,0.0,0.0,1.0
4.0,1.3639804617608755e-08,0.0,0.0,0.0,0.0,0.013888888888888888,0.0,0.0,0.0
1.0,100.0,0.006368024753055265,0.6408836378448048,0.0,0.0,0.013888888888888888,0.0,0.0,1.0
2.0,3.9882827064125255e-06,0.0,0.0,0.0,0.0,0.013888888888888888,0.0,0.0,1.0
3.0,3.966357251394979e-06,0.0,0.0,0.0,0.0,0.013888888888888888,0.0,0.0,1.0
4.0,1.2908695553449823e-08,0.0,0.0,0.0,0.0,0.013888888888888888,0.0,0.0,0.0
1.0,100.0,0.006369779616936178,0.641061381079877,0.0,0.0,0.013888888888888888,0.0,0.0,1.0
2.0,3.678071361648431e-06,0.0,0.0,0.0,0.0,0.013888888888888888,0.0,0.0,1.0
3.0,3.6590914768605717e-06,0.0,0.0,0.0,0.0,0.013888888888888888,0.0,0.0,1.0
4.0,1.2134601228045773e-08,0.0,0.0,0.0,0.0,0.013888888888888888,0.0,0.0,0.0
1.0,100.0,0.006371439150912559,0.641229469302924,0.0,0.0,0.013888888888888888,0.0,0.0,1.0
2.0,3.3784255337166084e-06,0.0,0.0,0.0,0.0,0.013888888888888888,0.0,0.0,1.0
3.0,3.3611731438230435e-06,0.0,0.0,0.0,0.0,0.013888888888888888,0.0,0.0,1.0
4.0,1.1339616814953819e-08,0.0,0.0,0.0,0.0,0.013888888888888888,0.0,0.0,0.0
1.0,100.0,0.006373010508354355,0.6413886269595118,0.0,0.0,0.013888888888888888,0.0,0.0,1.0
2.0,3.086834632015295e-06,0.0,0.0,0.0,0.0,0.013888888888888888,0.0,0.0,1.0
3.0,3.0709674123992094e-06,0.0,0.0,0.0,0.0,0.013888888888888888,0.0,0.0,1.0
4.0,1.0554086023372434e-08,0.0,0.0,0.0,0.0,0.013888888888888888,0.0,0.0,0.0
1.0,100.0,0.006374500143317665,0.6415395076783079,0.0,0.0,0.013888888888888888,0.0,0.0,1.0
2.0,2.802263050947532e-06,0.0,0.0,0.0,0.0,0.013888888888888888,0.0,0.0,1.0
3.0,2.7876159999470793e-06,0.0,0.0,0.0,0.0,0.013888888888888888,0.0,0.0,1.0
4.0,9.750875222100197e-09,0.0,0.0,0.0,0.0,0.013888888888888888,0.0,0.0,0.0
1.0,100.0,0.006375913893901056,0.6416827027110485,0.0,0.0,0.013888888888888888,0.0,0.0,1.0
2.0,2.5243968552533197e-06,0.0,0.0,0.0,0.0,0.013888888888888888,0.0,0.0,1.0
3.0,2.510861034548588e-06,0.0,0.0,0.0,0.0,0.013888888888888888,0.0,0.0,1.0
4.0,8.917997309946797e-09,0.0,0.0,0.0,0.0,0.013888888888888888,0.0,0.0,0.0
1.0,100.0,0.0063772570538940575,0.6418187481883707,0.0,0.0,0.013888888888888888,0.0,0.0,1.0
2.0,2.252964534054324e-06,0.0,0.0,0.0,0.0,0.013888888888888888,0.0,0.0,1.0
3.0,2.240502339925027e-06,0.0,0.0,0.0,0.0,0.013888888888888888,0.0,0.0,1.0
4.0,8.102520623436704e-09,0.0,0.0,0.0,0.0,0.013888888888888888,0.0,0.0,0.0
1.0,100.0,0.006378534434683247,0.6419481313878206,0.0,0.0,0.013888888888888888,0.0,0.0,1.0
2.0,1.987819753250109e-06,0.0,0.0,0.0,0.0,0.013888888888888888,0.0,0.0,1.0
3.0,1.976400895894335e-06,0.0,0.0,0.0,0.0,0.013888888888888888,0.0,0.0,1.0
4.0,7.26281021174848e-09,0.0,0.0,0.0,0.0,0.013888888888888888,0.0,0.0,0.0
1.0,100.0,0.006379807706398517,0.6420770987190257,0.0,0.0,0.013888888888888888,0.0,0.0,1.0
2.0,1.728781975106845e-06,0.0,0.0,0.0,0.0,0.013888888888888888,0.0,0.0,1.0
3.0,1.7183718697444084e-06,0.0,0.0,0.0,0.0,0.013888888888888888,0.0,0.0,1.0
4.0,6.422008837567382e-09,0.0,0.0,0.0,0.0,0.013888888888888888,0.0,0.0,0.0
1.0,100.0,0.0063813465277661645,0.6422329635236289,0.0,0.0,0.013888888888888888,0.0,0.0,1.0
2.0,1.4757451195110321e-06,0.0,0.0,0.0,0.0,0.013888888888888888,0.0,0.0,1.0
3.0,1.4663165205133221e-06,0.0,0.0,0.0,0.0,0.013888888888888888,0.0,0.0,1.0
4.0,5.538760237631524e-09,0.0,0.0,0.0,0.0,0.013888888888888888,0.0,0.0,0.0
1.0,100.0,0.006382516314995727,0.642351449761399,0.0,0.0,0.013888888888888888,0.0,0.0,1.0
2.0,1.2284820090541686e-06,0.0,0.0,0.0,0.0,0.013888888888888888,0.0,0.0,1.0
3.0,1.2199733374360177e-06,0.0,0.0,0.0,0.0,0.013888888888888888,0.0,0.0,1.0
4.0,4.680519688204143e-09,0.0,0.0,0.0,0.0,0.013888888888888888,0.0,0.0,0.0
1.0,100.0,0.0063836342212625,0.6424646813041501,0.0,0.0,0.013888888888888888,0.0,0.0,1.0
2.0,9.86985569389651e-07,0.0,0.0,0.0,0.0,0.013888888888888888,0.0,0.0,1.0
3.0,9.793937949211302e-07,0.0,0.0,0.0,0.0,0.013888888888888888,0.0,0.0,1.0
4.0,3.7985413826610305e-09,0.0,0.0,0.0,0.0,0.013888888888888888,0.0,0.0,0.0
1.0,100.0,0.00638470352731369,0.6425729904209992,0.0,0.0,0.013888888888888888,0.0,0.0,1.0
2.0,7.510484789714406e-07,0.0,0.0,0.0,0.0,0.013888888888888888,0.0,0.0,1.0
3.0,7.443261707064668e-07,0.0,0.0,0.0,0.0,0.013888888888888888,0.0,0.0,1.0
4.0,2.9307844622436295e-09,0.0,0.0,0.0,0.0,0.013888888888888888,0.0,0.0,0.0
1.0,100.0,0.006385727148481838,0.6426766723722179,0.0,0.0,0.013888888888888888,0.0,0.0,1.0
2.0,5.205846749117938e-07,0.0,0.0,0.0,0.0,0.013888888888888888,0.0,0.0,1.0
3.0,5.146929286926192e-07,0.0,0.0,0.0,0.0,0.013888888888888888,0.0,0.0,1.0
4.0,2.0287439448510346e-09,0.0,0.0,0.0,0.0,0.013888888888888888,0.0,0.0,0.0
1.0,100.0,0.0063867077699907735,0.642775999115308,0.0,0.0,0.013888888888888888,0.0,0.0,1.0
2.0,2.9542080359036903e-07,0.0,0.0,0.0,0.0,0.013888888888888888,0.0,0.0,1.0
3.0,2.9035535114529943e-07,0.0,0.0,0.0,0.0,0.013888888888888888,0.0,0.0,1.0
4.0,1.1665426115429779e-09,0.0,0.0,0.0,0.0,0.013888888888888888,0.0,0.0,0.0
1.0,100.0,0.006387647869133636,0.6428712215488366,0.0,0.0,0.013888888888888888,0.0,0.0,1.0
2.0,7.5504528467512e-08,0.0,0.0,0.0,0.0,0.013888888888888888,0.0,0.0,1.0
3.0,7.121086614776886e-08,0.0,0.0,0.0,0.0,0.013888888888888888,0.0,0.0,1.0
4.0,2.498362731199863e-10,0.0,0.0,0.0,0.0,0.013888888888888888,0.0,0.0,0.0
1.0,100.0,0.006388549734941019,0.6429625715056118,0.0,0.0,0.013888888888888888,0.0,0.0,1.0
2.0,1.3934452513743475e-07,0.0,0.0,0.0,0.0,0.013888888888888888,0.0,0.0,1.0
3.0,1.4289879541801196e-07,0.0,0.0,0.0,0.0,0.013888888888888888,0.0,0.0,1.0
4.0,6.494760188747654e-10,0.0,0.0,0.0,0.0,0.013888888888888888,0.0,0.0,0.0
1.0,100.0,0.006389415485616039,0.6430502635177558,0.0,0.0,0.013888888888888888,0.0,0.0,1.0
2.0,3.4919070480734853e-07,2.3315078108323265e-05,0.0,0.0,0.0,0.013888888888888888,0.0,0.0,1.0
3.0,3.520195644879177e-07,0.0,0.0,0.0,0.0,0.013888888888888888,0.0,0.0,1.0
4.0,1.5452632027318091e-09,0.0,0.0,0.0,0.0,0.013888888888888888,0.0,0.0,0.0
1.0,100.0,0.006390247084120347,0.6431344963954464,0.0,0.0,0.013888888888888888,0.0,0.0,1.0
2.0,5.541867315093644e-07,2.3313162289704016e-05,0.0,0.0,0.0,0.013888888888888888,0.0,0.0,1.0
3.0,5.563046420434747e-07,0.0,0.0,0.0,0.0,0.013888888888888888,0.0,0.0,1.0
4.0,2.4237822249730405e-09,0.0,0.0,0.0,0.0,0.013888888888888888,0.0,0.0,0.0
1.0,100.0,0.006391046352053249,0.6432154546321178,0.0,0.0,0.013888888888888888,0.0,0.0,1.0
2.0,7.544185996936129e-07,2.3311095621364543e-05,0.0,0.0,0.0,0.013888888888888888,0.0,0.0,1.0
3.0,7.558569733391275e-07,0.0,0.0,0.0,0.0,0.013888888888888888,0.0,0.0,1.0
4.0,3.326816367840769e-09,0.0,0.0,0.0,0.0,0.013888888888888888,0.0,0.0,0.0
1.0,100.0,0.006391814982068701,0.6432933096620908,0.0,0.0,0.013888888888888888,0.0,0.0,1.0
2.0,9.499780051257894e-07,2.3308883086788873e-05,0.0,0.0,0.0,0.013888888888888888,0.0,0.0,1.0
3.0,9.507566838018616e-07,0.0,0.0,0.0,0.0,0.013888888888888888,0.0,0.0,1.0
4.0,4.2333214901457855e-09,0.0,0.0,0.0,0.0,0.013888888888888888,0.0,0.0,0.0
1.0,100.0,0.006392554549033505,0.6433682209905793,0.0,0.0,0.013888888888888888,0.0,0.0,1.0
2.0,1.1409921908830136e-06,2.330652927273805e-05,0.0,0.0,0.0,0.013888888888888888,0.0,0.0,1.0
3.0,1.1411593471949874e-06,0.0,0.0,0.0,0.0,0.013888888888888888,0.0,0.0,1.0
4.0,5.130666244026158e-09,0.0,0.0,0.0,0.0,0.013888888888888888,0.0,0.0,0.0
1.0,100.0,0.0063932665200163085,0.6434403372054958,0.0,0.0,0.013888888888888888,0.0,0.0,1.0
2.0,1.3275227989808651e-06,2.3304038402587502e-05,0.0,0.0,0.0,0.013888888888888888,0.0,0.0,1.0
3.0,1.3270900387640456e-06,0.0,0.0,0.0,0.0,0.013888888888888888,0.0,0.0,1.0
4.0,6.032933618750246e-09,0.0,0.0,0.0,0.0,0.013888888888888888,0.0,0.0,0.0
1.0,100.0,0.0063939522633073955,0.6435097968901754,0.0,0.0,0.013888888888888888,0.0,0.0,1.0
2.0,1.5097140926468105e-06,2.3301414376506154e-05,0.0,0.0,0.0,0.013888888888888888,0.0,0.0,1.0
3.0,1.5086615084127668e-06,0.0,0.0,0.0,0.0,0.013888888888888888,0.0,0.0,1.0
4.0,6.917564831280299e-09,0.0,0.0,0.0,0.0,0.013888888888888888,0.0,0.0,0.0
1.0,100.0,0.006394613056508868,0.6435767294438047,0.0,0.0,0.013888888888888888,0.0,0.0,1.0
2.0,1.6876205086708526e-06,2.3298660766248537e-05,0.0,0.0,0.0,0.013888888888888888,0.0,0.0,1.0
3.0,1.686019044651932e-06,0.0,0.0,0.0,0.0,0.013888888888888888,0.0,0.0,1.0
4.0,7.816186596180811e-09,0.0,0.0,0.0,0.0,0.013888888888888888,0.0,0.0,0.0
1.0,100.0,0.006395250093890561,0.643641255825608,0.0,0.0,0.013888888888888888,0.0,0.0,1.0
2.0,1.861379621086627e-06,2.329578087855033e-05,0.0,0.0,0.0,0.013888888888888888,0.0,0.0,1.0
3.0,1.8592205602352301e-06,0.0,0.0,0.0,0.0,0.013888888888888888,0.0,0.0,1.0
4.0,8.705899288785044e-09,0.0,0.0,0.0,0.0,0.013888888888888888,0.0,0.0,0.0
1.0,100.0,0.006395864492999505,0.6437034892243654,0.0,0.0,0.013888888888888888,0.0,0.0,1.0
2.0,2.0310386482106903e-06,2.3292777750474785e-05,0.0,0.0,0.0,0.013888888888888888,0.0,0.0,1.0
3.0,2.0283519856146437e-06,0.0,0.0,0.0,0.0,0.013888888888888888,0.0,0.0,1.0
4.0,9.583974605680031e-09,0.0,0.0,0.0,0.0,0.013888888888888888,0.0,0.0,0.0
1.0,100.0,0.0063964573006805,0.6437635356682121,0.0,0.0,0.013888888888888888,0.0,0.0,1.0
2.0,2.1966982377528983e-06,2.3289654178852795e-05,0.0,0.0,0.0,0.013888888888888888,0.0,0.0,1.0
3.0,2.1935061119525094e-06,0.0,0.0,0.0,0.0,0.013888888888888888,0.0,0.0,1.0
4.0,1.0457914758554689e-08,0.0,0.0,0.0,0.0,0.013888888888888888,0.0,0.0,0.0
1.0,100.0,0.00639702949851812,0.6438214945758236,0.0,0.0,0.013888888888888888,0.0,0.0,1.0
2.0,2.35844589135475e-06,2.328641274097765e-05,0.0,0.0,0.0,0.013888888888888888,0.0,0.0,1.0
3.0,2.354768444927824e-06,0.0,0.0,0.0,0.0,0.013888888888888888,0.0,0.0,1.0
4.0,1.13294750452429e-08,0.0,0.0,0.0,0.0,0.013888888888888888,0.0,0.0,0.0
1.0,100.0,0.006397582007797124,0.6438774592586375,0.0,0.0,0.013888888888888888,0.0,0.0,1.0
2.0,2.516350900352686e-06,2.328305580210115e-05,0.0,0.0,0.0,0.013888888888888888,0.0,0.0,1.0
3.0,2.5121906568084983e-06,0.0,0.0,0.0,0.0,0.013888888888888888,0.0,0.0,1.0
4.0,1.220349239840869e-08,0.0,0.0,0.0,0.0,0.013888888888888888,0.0,0.0,0.0
1.0,100.0,0.006398115694001802,0.643931517376613,0.0,0.0,0.013888888888888888,0.0,0.0,1.0
2.0,2.6705302989793087e-06,2.327958553668959e-05,0.0,0.0,0.0,0.013888888888888888,0.0,0.0,1.0
3.0,2.665911681928595e-06,0.0,0.0,0.0,0.0,0.013888888888888888,0.0,0.0,1.0
4.0,1.3070001500966042e-08,0.0,0.0,0.0,0.0,0.013888888888888888,0.0,0.0,0.0
1.0,100.0,0.006398631476300181,0.643983762028183,0.0,0.0,0.013888888888888888,0.0,0.0,1.0
2.0,2.821042330859671e-06,2.327600436627602e-05,0.0,0.0,0.0,0.013888888888888888,0.0,0.0,1.0
3.0,2.8159891950280297e-06,0.0,0.0,0.0,0.0,0.013888888888888888,0.0,0.0,1.0
4.0,1.394165710166061e-08,0.0,0.0,0.0,0.0,0.013888888888888888,0.0,0.0,0.0
1.0,100.0,0.0063991299304735835,0.6440342515297022,0.0,0.0,0.013888888888888888,0.0,0.0,1.0
2.0,2.9679511147224587e-06,2.3272313389570506e-05,0.0,0.0,0.0,0.013888888888888888,0.0,0.0,1.0
3.0,2.9624822119581094e-06,0.0,0.0,0.0,0.0,0.013888888888888888,0.0,0.0,1.0
4.0,1.4784927369089691e-08,0.0,0.0,0.0,0.0,0.013888888888888888,0.0,0.0,0.0
1.0,100.0,0.006397725885050637,0.6438920328569968,0.0,0.0,0.013888888888888888,0.0,0.0,1.0
2.0,6.183389168111876e-07,2.3260480277610905e-05,0.0,0.0,0.0,0.013888888888888888,0.0,0.0,1.0
3.0,6.160238873249419e-07,0.0,0.0,0.0,0.0,0.013888888888888888,0.0,0.0,1.0
4.0,3.0682763372021686e-09,0.0,0.0,0.0,0.0,0.013888888888888888,0.0,0.0,0.0
1.0,100.0,0.0064306873979275295,0.6472308788715027,0.0,0.0,0.013888888888888888,0.0,0.0,1.0
2.0,6.050034339675931e-07,2.33735544119561e-05,0.0,0.0,0.0,0.013888888888888888,0.0,0.0,1.0
3.0,6.031623491897655e-07,0.0,0.0,0.0,0.0,0.013888888888888888,0.0,0.0,1.0
4.0,3.0054730755868066e-09,0.0,0.0,0.0,0.0,0.013888888888888888,0.0,0.0,0.0
1.0,100.0,0.00643067639288438,0.6472297640738752,0.0,0.0,0.013888888888888888,0.0,0.0,1.0
2.0,6.026120772023032e-07,2.336664625088342e-05,0.0,0.0,0.0,0.013888888888888888,0.0,0.0,1.0
3.0,6.00910457942153e-07,0.0,0.0,0.0,0.0,0.013888888888888888,0.0,0.0,1.0
4.0,2.976327693404089e-09,0.0,0.0,0.0,0.0,0.013888888888888888,0.0,0.0,0.0
1.0,100.0,0.006430653658037206,0.6472274610631038,0.0,0.0,0.013888888888888888,0.0,0.0,1.0
2.0,6.005825325761784e-07,2.335964054557822e-05,0.0,0.0,0.0,0.013888888888888888,0.0,0.0,1.0
3.0,5.989463700537373e-07,0.0,0.0,0.0,0.0,0.013888888888888888,0.0,0.0,1.0
4.0,2.9823801883375854e-09,0.0,0.0,0.0,0.0,0.013888888888888888,0.0,0.0,0.0
1.0,100.0,0.006430630577304369,0.647225123014618,0.0,0.0,0.013888888888888888,0.0,0.0,1.0
2.0,5.986797781715525e-07,2.33525780828399e-05,0.0,0.0,0.0,0.013888888888888888,0.0,0.0,1.0
3.0,5.97070590720908e-07,0.0,0.0,0.0,0.0,0.013888888888888888,0.0,0.0,1.0
4.0,2.9900618137070255e-09,0.0,0.0,0.0,0.0,0.013888888888888888,0.0,0.0,0.0
1.0,100.0,0.006430607153351886,0.647222750198569,0.0,0.0,0.013888888888888888,0.0,0.0,1.0
2.0,5.968005946491201e-07,2.3345458267908187e-05,0.0,0.0,0.0,0.013888888888888888,0.0,0.0,1.0
3.0,5.951891584710424e-07,0.0,0.0,0.0,0.0,0.013888888888888888,0.0,0.0,1.0
4.0,2.978597932177732e-09,0.0,0.0,0.0,0.0,0.013888888888888888,0.0,0.0,0.0
1.0,100.0,0.00643058338544203,0.6472203425403114,0.0,0.0,0.013888888888888888,0.0,0.0,1.0
2.0,5.94947633325805e-07,2.3338280483684177e-05,0.0,0.0,0.0,0.013888888888888888,0.0,0.0,1.0
3.0,5.933535610085402e-07,0.0,0.0,0.0,0.0,0.013888888888888888,0.0,0.0,1.0
4.0,2.976669071310876e-09,0.0,0.0,0.0,0.0,0.013888888888888888,0.0,0.0,0.0
1.0,100.0,0.0064305592728290065,0.6472178999641011,0.0,0.0,0.013888888888888888,0.0,0.0,1.0
2.0,5.930960273966604e-07,2.33310440999849e-05,0.0,0.0,0.0,0.013888888888888888,0.0,0.0,1.0
3.0,5.915096955369503e-07,0.0,0.0,0.0,0.0,0.013888888888888888,0.0,0.0,1.0
4.0,2.9659759592221246e-09,0.0,0.0,0.0,0.0,0.013888888888888888,0.0,0.0,0.0
1.0,100.0,0.00643053481475892,0.6472154223937748,0.0,0.0,0.013888888888888888,0.0,0.0,1.0
2.0,5.912642018320435e-07,2.332374848743363e-05,0.0,0.0,0.0,0.013888888888888888,0.0,0.0,1.0
3.0,5.896645456738342e-07,0.0,0.0,0.0,0.0,0.013888888888888888,0.0,0.0,1.0
4.0,2.936112772183482e-09,0.0,0.0,0.0,0.0,0.013888888888888888,0.0,0.0,0.0
1.0,100.0,0.00643051001046479,0.6472129097515771,0.0,0.0,0.013888888888888888,0.0,0.0,1.0
2.0,5.894359156504567e-07,2.3316393002924015e-05,0.0,0.0,0.0,0.013888888888888888,0.0,0.0,1.0
3.0,5.878675394489977e-07,0.0,0.0,0.0,0.0,0.013888888888888888,0.0,0.0,1.0
4.0,2.939096996664659e-09,0.0,0.0,0.0,0.0,0.013888888888888888,0.0,0.0,0.0
1.0,100.0,0.00643048485917747,0.6472103619595726,0.0,0.0,0.013888888888888888,0.0,0.0,1.0
2.0,5.875933750440672e-07,2.3308976995652112e-05,0.0,0.0,0.0,0.013888888888888888,0.0,0.0,1.0
3.0,5.860037185898548e-07,0.0,0.0,0.0,0.0,0.013888888888888888,0.0,0.0,1.0
4.0,2.915902419540978e-09,0.0,0.0,0.0,0.0,0.013888888888888888,0.0,0.0,0.0
1.0,100.0,0.006430459360113913,0.64720777893842,0.0,0.0,0.013888888888888888,0.0,0.0,1.0
2.0,5.857968932775537e-07,2.3301499807603107e-05,0.0,0.0,0.0,0.013888888888888888,0.0,0.0,1.0
3.0,5.842352706821958e-07,0.0,0.0,0.0,0.0,0.013888888888888888,0.0,0.0,1.0
4.0,2.9364403447191623e-09,0.0,0.0,0.0,0.0,0.013888888888888888,0.0,0.0,0.0
1.0,100.0,0.006430433512484468,0.6472051606081863,0.0,0.0,0.013888888888888888,0.0,0.0,1.0
2.0,5.839964232222328e-07,2.3293960769566737e-05,0.0,0.0,0.0,0.013888888888888888,0.0,0.0,1.0
3.0,5.824456343074208e-07,0.0,0.0,0.0,0.0,0.013888888888888888,0.0,0.0,1.0
4.0,2.9180576442583043e-09,0.0,0.0,0.0,0.0,0.013888888888888888,0.0,0.0,0.0
1.0,100.0,0.006430407315497925,0.6472025068887279,0.0,0.0,0.013888888888888888,0.0,0.0,1.0
2.0,5.821967634786485e-07,2.328635920470867e-05,0.0,0.0,0.0,0.013888888888888888,0.0,0.0,1.0
3.0,5.806411111951053e-07,0.0,0.0,0.0,0.0,0.013888888888888888,0.0,0.0,1.0
4.0,2.9086918154185895e-09,0.0,0.0,0.0,0.0,0.013888888888888888,0.0,0.0,0.0
1.0,100.0,0.006430380768350546,0.6471998176986458,0.0,0.0,0.013888888888888888,0.0,0.0,1.0
2.0,5.803995554828852e-07,2.3278694431592487e-05,0.0,0.0,0.0,0.013888888888888888,0.0,0.0,1.0
3.0,5.788386862759735e-07,0.0,0.0,0.0,0.0,0.013888888888888888,0.0,0.0,1.0
4.0,2.9049962131160296e-09,0.0,0.0,0.0,0.0,0.013888888888888888,0.0,0.0,0.0
1.0,100.0,0.00643035387023372,0.6471970929559709,0.0,0.0,0.013888888888888888,0.0,0.0,1.0
2.0,5.786246376052325e-07,2.327096574994925e-05,0.0,0.0,0.0,0.013888888888888888,0.0,0.0,1.0
3.0,5.770820270060186e-07,0.0,0.0,0.0,0.0,0.013888888888888888,0.0,0.0,1.0
4.0,2.8978659109430515e-09,0.0,0.0,0.0,0.0,0.013888888888888888,0.0,0.0,0.0
1.0,100.0,0.0064303266203399505,0.6471943325789612,0.0,0.0,0.013888888888888888,0.0,0.0,1.0
2.0,5.768508952693253e-07,2.326317245989533e-05,0.0,0.0,0.0,0.013888888888888888,0.0,0.0,1.0
3.0,5.753079420365766e-07,0.0,0.0,0.0,0.0,0.013888888888888888,0.0,0.0,1.0
4.0,2.875468608871816e-09,0.0,0.0,0.0,0.0,0.013888888888888888,0.0,0.0,0.0
1.0,100.0,0.006430299017851576,0.6471915364847698,0.0,0.0,0.013888888888888888,0.0,0.0,1.0
2.0,5.750702969468258e-07,2.3255313843355906e-05,0.0,0.0,0.0,0.013888888888888888,0.0,0.0,1.0
3.0,5.735328856237658e-07,0.0,0.0,0.0,0.0,0.013888888888888888,0.0,0.0,1.0
4.0,2.8769004323564807e-09,0.0,0.0,0.0,0.0,0.013888888888888888,0.0,0.0,0.0
1.0,100.0,0.006430271061950127,0.6471887045905299,0.0,0.0,0.013888888888888888,0.0,0.0,1.0
2.0,5.733072015257669e-07,2.324738918589851e-05,0.0,0.0,0.0,0.013888888888888888,0.0,0.0,1.0
3.0,5.717757865972256e-07,0.0,0.0,0.0,0.0,0.013888888888888888,0.0,0.0,1.0
4.0,2.86588133804442e-09,0.0,0.0,0.0,0.0,0.013888888888888888,0.0,0.0,0.0
1.0,100.0,0.006430242751812709,0.647185836812828,0.0,0.0,0.013888888888888888,0.0,0.0,1.0
2.0,5.715367950823624e-07,2.3239397749362596e-05,0.0,0.0,0.0,0.013888888888888888,0.0,0.0,1.0
3.0,5.70017033621799e-07,0.0,0.0,0.0,0.0,0.013888888888888888,0.0,0.0,1.0
4.0,2.8598882767931936e-09,0.0,0.0,0.0,0.0,0.013888888888888888,0.0,0.0,0.0
1.0,100.0,0.006430214086613933,0.6471829330681331,0.0,0.0,0.013888888888888888,0.0,0.0,1.0
2.0,5.69806153183561e-07,2.323133879369374e-05,0.0,0.0,0.0,0.013888888888888888,0.0,0.0,1.0
3.0,5.682781313044722e-07,0.0,0.0,0.0,0.0,0.013888888888888888,0.0,0.0,1.0
4.0,2.8424295271382196e-09,0.0,0.0,0.0,0.0,0.013888888888888888,0.0,0.0,0.0
1.0,100.0,0.006430185065534107,0.6471799932733928,0.0,0.0,0.013888888888888888,0.0,0.0,1.0
2.0,5.680616963745578e-07,2.322321157057636e-05,0.0,0.0,0.0,0.013888888888888888,0.0,0.0,1.0
3.0,5.665396200811776e-07,0.0,0.0,0.0,0.0,0.013888888888888888,0.0,0.0,1.0
4.0,2.8166243184006636e-09,0.0,0.0,0.0,0.0,0.013888888888888888,0.0,0.0,0.0
1.0,100.0,0.0064301556877433014,0.647177017344483,0.0,0.0,0.013888888888888888,0.0,0.0,1.0
2.0,5.663113800205557e-07,2.321501531369087e-05,0.0,0.0,0.0,0.013888888888888888,0.0,0.0,1.0
3.0,5.647919660707838e-07,0.0,0.0,0.0,0.0,0.013888888888888888,0.0,0.0,1.0
4.0,2.848084793474462e-09,0.0,0.0,0.0,0.0,0.013888888888888888,0.0,0.0,0.0
1.0,100.0,0.006430125952416456,0.6471740051979401,0.0,0.0,0.013888888888888888,0.0,0.0,1.0
2.0,5.646142746236215e-07,2.320674924961168e-05,0.0,0.0,0.0,0.013888888888888888,0.0,0.0,1.0
3.0,5.63112132746495e-07,0.0,0.0,0.0,0.0,0.013888888888888888,0.0,0.0,1.0
4.0,2.8368393262202875e-09,0.0,0.0,0.0,0.0,0.013888888888888888,0.0,0.0,0.0
1.0,100.0,0.006430095858735297,0.647170956750797,0.0,0.0,0.013888888888888888,0.0,0.0,1.0
2.0,5.629014216203777e-07,2.3198412605361797e-05,0.0,0.0,0.0,0.013888888888888888,0.0,0.0,1.0
3.0,5.61391840062955e-07,0.0,0.0,0.0,0.0,0.013888888888888888,0.0,0.0,1.0
4.0,2.8095575042703104e-09,0.0,0.0,0.0,0.0,0.013888888888888888,0.0,0.0,0.0
1.0,100.0,0.00643006540587279,0.6471678719192838,0.0,0.0,0.013888888888888888,0.0,0.0,1.0
2.0,5.61174778363335e-07,2.3190004582841247e-05,0.0,0.0,0.0,0.013888888888888888,0.0,0.0,1.0
3.0,5.596852843542078e-07,0.0,0.0,0.0,0.0,0.013888888888888888,0.0,0.0,1.0
4.0,2.829855177741678e-09,0.0,0.0,0.0,0.0,0.013888888888888888,0.0,0.0,0.0
1.0,100.0,0.006430034593010766,0.6471647506205397,0.0,0.0,0.013888888888888888,0.0,0.0,1.0
2.0,5.594809387741742e-07,2.3181524377128142e-05,0.0,0.0,0.0,0.013888888888888888,0.0,0.0,1.0
3.0,5.579937909969291e-07,0.0,0.0,0.0,0.0,0.013888888888888888,0.0,0.0,1.0
4.0,2.8199866112406674e-09,0.0,0.0,0.0,0.0,0.013888888888888888,0.0,0.0,0.0
1.0,100.0,0.006430003419339612,0.6471615927725821,0.0,0.0,0.013888888888888888,0.0,0.0,1.0
2.0,5.577924257248849e-07,2.3172971181129055e-05,0.0,0.0,0.0,0.013888888888888888,0.0,0.0,1.0
3.0,5.563019924879425e-07,0.0,0.0,0.0,0.0,0.013888888888888888,0.0,0.0,1.0
4.0,2.790622211037892e-09,0.0,0.0,0.0,0.0,0.013888888888888888,0.0,0.0,0.0
1.0,100.0,0.0064299718840459385,0.6471583982930456,0.0,0.0,0.013888888888888888,0.0,0.0,1.0
2.0,5.561064483903119e-07,2.3164344165907417e-05,0.0,0.0,0.0,0.013888888888888888,0.0,0.0,1.0
3.0,5.546468349026664e-07,0.0,0.0,0.0,0.0,0.013888888888888888,0.0,0.0,1.0
4.0,2.8046442275674905e-09,0.0,0.0,0.0,0.0,0.013888888888888888,0.0,0.0,0.0
1.0,100.0,0.006429939986331041,0.6471551671009721,0.0,0.0,0.013888888888888888,0.0,0.0,1.0
2.0,5.544006697497744e-07,2.3155642500144675e-05,0.0,0.0,0.0,0.013888888888888888,0.0,0.0,1.0
3.0,5.529439956016762e-07,0.0,0.0,0.0,0.0,0.013888888888888888,0.0,0.0,1.0
4.0,2.7982864731471477e-09,0.0,0.0,0.0,0.0,0.013888888888888888,0.0,0.0,0.0
1.0,100.0,0.006429907725394468,0.6471518991152843,0.0,0.0,0.013888888888888888,0.0,0.0,1.0
2.0,5.52724788748122e-07,2.3146865332294045e-05,0.0,0.0,0.0,0.013888888888888888,0.0,0.0,1.0
3.0,5.51236456692797e-07,0.0,0.0,0.0,0.0,0.013888888888888888,0.0,0.0,1.0
4.0,2.764440527982177e-09,0.0,0.0,0.0,0.0,0.013888888888888888,0.0,0.0,0.0
1.0,100.0,0.006429875100451412,0.6471485942565461,0.0,0.0,0.013888888888888888,0.0,0.0,1.0
2.0,5.510652057345077e-07,2.313801181279758e-05,0.0,0.0,0.0,0.013888888888888888,0.0,0.0,1.0
3.0,5.49602136974807e-07,0.0,0.0,0.0,0.0,0.013888888888888888,0.0,0.0,1.0
4.0,2.762641465814484e-09,0.0,0.0,0.0,0.0,0.013888888888888888,0.0,0.0,0.0
1.0,100.0,0.006429842110723368,0.6471452524458807,0.0,0.0,0.013888888888888888,0.0,0.0,1.0
2.0,5.494071345361036e-07,2.312908106433082e-05,0.0,0.0,0.0,0.013888888888888888,0.0,0.0,1.0
3.0,5.479577122859219e-07,0.0,0.0,0.0,0.0,0.013888888888888888,0.0,0.0,1.0
4.0,2.7576479750637426e-09,0.0,0.0,0.0,0.0,0.013888888888888888,0.0,0.0,0.0
1.0,100.0,0.006429808755442571,0.6471418736054885,0.0,0.0,0.013888888888888888,0.0,0.0,1.0
2.0,5.47743655659641e-07,2.3120072216545788e-05,0.0,0.0,0.0,0.013888888888888888,0.0,0.0,1.0
3.0,5.4628816981407e-07,0.0,0.0,0.0,0.0,0.013888888888888888,0.0,0.0,1.0
4.0,2.7557102127885074e-09,0.0,0.0,0.0,0.0,0.013888888888888888,0.0,0.0,0.0
1.0,100.0,0.0064297750338484705,0.6471384576583566,0.0,0.0,0.013888888888888888,0.0,0.0,1.0
2.0,5.460989990429164e-07,2.311098437095362e-05,0.0,0.0,0.0,0.013888888888888888,0.0,0.0,1.0
3.0,5.446515027974078e-07,0.0,0.0,0.0,0.0,0.013888888888888888,0.0,0.0,1.0
4.0,2.7586084345304865e-09,0.0,0.0,0.0,0.0,0.013888888888888888,0.0,0.0,0.0
1.0,100.0,0.007510318682544511,99.23090218001532,0.0,0.0,0.013888888888888888,0.0,0.0,1.0
2.0,0.0002087163710696282,3.1674869829612216e-05,0.0,0.0,0.0,0.013888888888888888,0.0,0.0,1.0
3.0,0.00020799224234229388,0.0,0.0,0.0,0.0,0.013888888888888888,0.0,0.0,1.0
4.0,7.334164948434301e-07,0.0,0.0,0.0,0.0,0.013888888888888888,0.0,0.0,0.0
1.0,100.0,0.0050108486079558714,0.766603904128308,0.0,0.0,0.013888888888888888,0.0,0.0,1.0
2.0,2.470094116786116e-06,1.5153555258804128e-05,0.0,0.0,0.0,0.013888888888888888,0.0,0.0,1.0
3.0,2.396846019141266e-06,0.0,0.0,0.0,0.0,0.013888888888888888,0.0,0.0,1.0
4.0,8.000135156502457e-09,0.0,0.0,0.0,0.0,0.013888888888888888,0.0,0.0,0.0
1.0,100.0,0.005394775951511487,0.5601793393532131,0.0,0.0,0.013888888888888888,0.0,0.0,1.0
2.0,1.2708812515005734e-06,1.6488508297435215e-05,0.0,0.0,0.0,0.013888888888888888,0.0,0.0,1.0
3.0,1.242841844130404e-06,0.0,0.0,0.0,0.0,0.013888888888888888,0.0,0.0,1.0
4.0,3.5636689874818676e-09,0.0,0.0,0.0,0.0,0.013888888888888888,0.0,0.0,0.0
1.0,100.0,0.005394368755654133,0.5587416933638545,0.0,0.0,0.013888888888888888,0.0,0.0,1.0
2.0,1.0517369922926977e-06,1.647873459157009e-05,0.0,0.0,0.0,0.013888888888888888,0.0,0.0,1.0
3.0,1.037644579059581e-06,0.0,0.0,0.0,0.0,0.013888888888888888,0.0,0.0,1.0
4.0,2.9632754878882494e-09,0.0,0.0,0.0,0.0,0.013888888888888888,0.0,0.0,0.0
1.0,100.0,0.005394247654713031,0.5572293291562762,0.0,0.0,0.013888888888888888,0.0,0.0,1.0
2.0,8.693322608294043e-07,1.6469837275056505e-05,0.0,0.0,0.0,0.013888888888888888,0.0,0.0,1.0
3.0,8.601855505128097e-07,0.0,0.0,0.0,0.0,0.013888888888888888,0.0,0.0,1.0
4.0,2.411015771393257e-09,0.0,0.0,0.0,0.0,0.013888888888888888,0.0,0.0,0.0
1.0,100.0,0.00539411264124625,0.5557133937986477,0.0,0.0,0.013888888888888888,0.0,0.0,1.0
2.0,6.994229992525398e-07,1.6460959077355906e-05,0.0,0.0,0.0,0.013888888888888888,0.0,0.0,1.0
3.0,6.923790362722583e-07,0.0,0.0,0.0,0.0,0.013888888888888888,0.0,0.0,1.0
4.0,1.8533308887969654e-09,0.0,0.0,0.0,0.0,0.013888888888888888,0.0,0.0,0.0
1.0,100.0,0.00539396450296633,0.5541937303987857,0.0,0.0,0.013888888888888888,0.0,0.0,1.0
2.0,5.357606908269526e-07,1.6452094441420194e-05,0.0,0.0,0.0,0.013888888888888888,0.0,0.0,1.0
3.0,5.29869676451056e-07,0.0,0.0,0.0,0.0,0.013888888888888888,0.0,0.0,1.0
4.0,1.2877459573572996e-09,0.0,0.0,0.0,0.0,0.013888888888888888,0.0,0.0,0.0
1.0,100.0,0.005393804195862698,0.5526701414857331,0.0,0.0,0.013888888888888888,0.0,0.0,1.0
2.0,3.7638177703168345e-07,1.6443238596147297e-05,0.0,0.0,0.0,0.013888888888888888,0.0,0.0,1.0
3.0,3.7133649579596605e-07,0.0,0.0,0.0,0.0,0.013888888888888888,0.0,0.0,1.0
4.0,7.287337378056438e-10,0.0,0.0,0.0,0.0,0.013888888888888888,0.0,0.0,0.0
1.0,100.0,0.005393632572223672,0.5511424072421108,0.0,0.0,0.013888888888888888,0.0,0.0,1.0
2.0,2.2866109121013026e-07,1.643438675150123e-05,0.0,0.0,0.0,0.013888888888888888,0.0,0.0,1.0
3.0,2.2027098620427608e-07,0.0,0.0,0.0,0.0,0.013888888888888888,0.0,0.0,1.0
4.0,3.2865199699614113e-10,0.0,0.0,0.0,0.0,0.013888888888888888,0.0,0.0,0.0
1.0,100.0,0.005393450392872415,0.5496102865041589,0.0,0.0,0.013888888888888888,0.0,0.0,1.0
2.0,1.205507950688686e-07,1.6425534113442588e-05,0.0,0.0,0.0,0.013888888888888888,0.0,0.0,1.0
3.0,1.1277707263173332e-07,0.0,0.0,0.0,0.0,0.013888888888888888,0.0,0.0,1.0
4.0,4.3729847506762476e-10,0.0,0.0,0.0,0.0,0.013888888888888888,0.0,0.0,0.0
1.0,100.0,0.005393258337836961,0.5480735182689039,0.0,0.0,0.013888888888888888,0.0,0.0,1.0
2.0,8.122058339787452e-08,1.6416675906123263e-05,0.0,0.0,0.0,0.013888888888888888,0.0,0.0,1.0
3.0,8.42134995309769e-08,0.0,0.0,0.0,0.0,0.013888888888888888,0.0,0.0,1.0
4.0,1.008642226344991e-09,0.0,0.0,0.0,0.0,0.013888888888888888,0.0,0.0,0.0
1.0,100.0,0.005393057015556351,0.5465318231228815,0.0,0.0,0.013888888888888888,0.0,0.0,1.0
2.0,2.2738652701760132e-07,1.6407807361588846e-05,0.0,0.0,0.0,0.013888888888888888,0.0,0.0,1.0
3.0,2.297509144772616e-07,0.0,0.0,0.0,0.0,0.013888888888888888,0.0,0.0,1.0
4.0,1.600866336170928e-09,0.0,0.0,0.0,0.0,0.013888888888888888,0.0,0.0,0.0
1.0,100.0,0.00539289470535092,0.5449918560054963,0.0,0.0,0.013888888888888888,0.0,0.0,1.0
2.0,3.7054478872719355e-07,1.6399085825801557e-05,0.0,0.0,0.0,0.013888888888888888,0.0,0.0,1.0
3.0,3.7229108610239186e-07,0.0,0.0,0.0,0.0,0.013888888888888888,0.0,0.0,1.0
4.0,2.1611083821418845e-09,0.0,0.0,0.0,0.0,0.013888888888888888,0.0,0.0,0.0
1.0,100.0,0.005392980680247553,0.5434784326544921,0.0,0.0,0.013888888888888888,0.0,0.0,1.0
2.0,5.106857938763768e-07,1.6391227795328037e-05,0.0,0.0,0.0,0.013888888888888888,0.0,0.0,1.0
3.0,5.118389621783139e-07,0.0,0.0,0.0,0.0,0.013888888888888888,0.0,0.0,1.0
4.0,2.774962394159077e-09,0.0,0.0,0.0,0.0,0.013888888888888888,0.0,0.0,0.0
1.0,100.0,0.005392787325035764,0.5424973306343096,0.0,0.0,0.013888888888888888,0.0,0.0,1.0
2.0,6.479463688804022e-07,1.638250582111294e-05,0.0,0.0,0.0,0.013888888888888888,0.0,0.0,1.0
3.0,6.485091939623267e-07,0.0,0.0,0.0,0.0,0.013888888888888888,0.0,0.0,1.0
4.0,3.3477922998356036e-09,0.0,0.0,0.0,0.0,0.013888888888888888,0.0,0.0,0.0
1.0,100.0,0.00539258229977402,0.5439264554420796,0.0,0.0,0.013888888888888888,0.0,0.0,1.0
2.0,7.823084450128098e-07,1.6373750616912983e-05,0.0,0.0,0.0,0.013888888888888888,0.0,0.0,1.0
3.0,7.823281508092029e-07,0.0,0.0,0.0,0.0,0.013888888888888888,0.0,0.0,1.0
4.0,3.944658105697654e-09,0.0,0.0,0.0,0.0,0.013888888888888888,0.0,0.0,0.0
1.0,100.0,0.005392366299589951,0.545326445319675,0.0,0.0,0.013888888888888888,0.0,0.0,1.0
2.0,9.138751599960225e-07,1.636495759751275e-05,0.0,0.0,0.0,0.013888888888888888,0.0,0.0,1.0
3.0,9.133648617158868e-07,0.0,0.0,0.0,0.0,0.013888888888888888,0.0,0.0,1.0
4.0,4.548372526913904e-09,0.0,0.0,0.0,0.0,0.013888888888888888,0.0,0.0,0.0
1.0,100.0,0.005392139851380336,0.5466984184742082,0.0,0.0,0.013888888888888888,0.0,0.0,1.0
2.0,1.0426898086874484e-06,1.6356121799487214e-05,0.0,0.0,0.0,0.013888888888888888,0.0,0.0,1.0
3.0,1.0416374163148103e-06,0.0,0.0,0.0,0.0,0.013888888888888888,0.0,0.0,1.0
4.0,5.119182799120102e-09,0.0,0.0,0.0,0.0,0.013888888888888888,0.0,0.0,0.0
1.0,100.0,0.00539190343241891,0.5480434402468183,0.0,0.0,0.013888888888888888,0.0,0.0,1.0
2.0,1.1688068759883532e-06,1.634723823898516e-05,0.0,0.0,0.0,0.013888888888888888,0.0,0.0,1.0
3.0,1.1672659641934693e-06,0.0,0.0,0.0,0.0,0.013888888888888888,0.0,0.0,1.0
4.0,5.742111966726101e-09,0.0,0.0,0.0,0.0,0.013888888888888888,0.0,0.0,0.0
1.0,100.0,0.0053916574751642285,0.5493625258312831,0.0,0.0,0.013888888888888888,0.0,0.0,1.0
2.0,1.2922569819703487e-06,1.6338301906775457e-05,0.0,0.0,0.0,0.013888888888888888,0.0,0.0,1.0
3.0,1.2901998655284458e-06,0.0,0.0,0.0,0.0,0.013888888888888888,0.0,0.0,1.0
4.0,6.2973601849781634e-09,0.0,0.0,0.0,0.0,0.013888888888888888,0.0,0.0,0.0
1.0,100.0,0.005391402371504395,0.550656642749257,0.0,0.0,0.013888888888888888,0.0,0.0,1.0
2.0,1.4131081641606741e-06,1.6329307763676064e-05,0.0,0.0,0.0,0.013888888888888888,0.0,0.0,1.0
3.0,1.410591434956013e-06,0.0,0.0,0.0,0.0,0.013888888888888888,0.0,0.0,1.0
4.0,6.921306366076755e-09,0.0,0.0,0.0,0.0,0.013888888888888888,0.0,0.0,0.0
1.0,100.0,0.005391138476501539,0.5519267133624154,0.0,0.0,0.013888888888888888,0.0,0.0,1.0
2.0,1.5314119694151099e-06,1.6320250733330687e-05,0.0,0.0,0.0,0.013888888888888888,0.0,0.0,1.0
3.0,1.528408434990973e-06,0.0,0.0,0.0,0.0,0.013888888888888888,0.0,0.0,1.0
4.0,7.507852808924314e-09,0.0,0.0,0.0,0.0,0.013888888888888888,0.0,0.0,0.0
1.0,100.0,0.005390866111748558,0.5531736170733731,0.0,0.0,0.013888888888888888,0.0,0.0,1.0
2.0,1.647232787785463e-06,1.6311125713498e-05,0.0,0.0,0.0,0.013888888888888888,0.0,0.0,1.0
3.0,1.6437616115377304e-06,0.0,0.0,0.0,0.0,0.013888888888888888,0.0,0.0,1.0
4.0,8.085032910400977e-09,0.0,0.0,0.0,0.0,0.013888888888888888,0.0,0.0,0.0
1.0,100.0,0.005390585568343617,0.5543981926112117,0.0,0.0,0.013888888888888888,0.0,0.0,1.0
2.0,1.7605867232430086e-06,1.6301927557167208e-05,0.0,0.0,0.0,0.013888888888888888,0.0,0.0,1.0
3.0,1.756695025095128e-06,0.0,0.0,0.0,0.0,0.013888888888888888,0.0,0.0,1.0
4.0,8.69003404035916e-09,0.0,0.0,0.0,0.0,0.013888888888888888,0.0,0.0,0.0
1.0,100.0,0.0053902971095471505,0.5556012400380801,0.0,0.0,0.013888888888888888,0.0,0.0,1.0
2.0,1.8715124465358206e-06,1.6292651065937026e-05,0.0,0.0,0.0,0.013888888888888888,0.0,0.0,1.0
3.0,1.867190068550131e-06,0.0,0.0,0.0,0.0,0.013888888888888888,0.0,0.0,1.0
4.0,9.269707542261285e-09,0.0,0.0,0.0,0.0,0.013888888888888888,0.0,0.0,0.0
1.0,100.0,0.005390000973167283,0.5567835227492498,0.0,0.0,0.013888888888888888,0.0,0.0,1.0
2.0,1.98009266030306e-06,1.6283290996946232e-05,0.0,0.0,0.0,0.013888888888888888,0.0,0.0,1.0
3.0,1.975371834047019e-06,0.0,0.0,0.0,0.0,0.013888888888888888,0.0,0.0,1.0
4.0,9.871013962426936e-09,0.0,0.0,0.0,0.0,0.013888888888888888,0.0,0.0,0.0
1.0,100.0,0.005389697373676649,0.5579457693387319,0.0,0.0,0.013888888888888888,0.0,0.0,1.0
2.0,2.086347512819905e-06,1.6273842049063172e-05,0.0,0.0,0.0,0.013888888888888888,0.0,0.0,1.0
3.0,2.08122493687043e-06,0.0,0.0,0.0,0.0,0.013888888888888888,0.0,0.0,1.0
4.0,1.044883636959559e-08,0.0,0.0,0.0,0.0,0.013888888888888888,0.0,0.0,0.0
1.0,100.0,0.005389386504143149,0.559088675320771,0.0,0.0,0.013888888888888888,0.0,0.0,1.0
2.0,2.190313531038023e-06,1.6264298856531602e-05,0.0,0.0,0.0,0.013888888888888888,0.0,0.0,1.0
3.0,2.1848059935479196e-06,0.0,0.0,0.0,0.0,0.013888888888888888,0.0,0.0,1.0
4.0,1.1020284578657055e-08,0.0,0.0,0.0,0.0,0.013888888888888888,0.0,0.0,0.0
1.0,100.0,0.005389068537943652,0.5602129048330526,0.0,0.0,0.013888888888888888,0.0,0.0,1.0
2.0,2.292037634761245e-06,1.6254655991892667e-05,0.0,0.0,0.0,0.013888888888888888,0.0,0.0,1.0
3.0,2.28615612789212e-06,0.0,0.0,0.0,0.0,0.013888888888888888,0.0,0.0,1.0
4.0,1.1614930516316868e-08,0.0,0.0,0.0,0.0,0.013888888888888888,0.0,0.0,0.0
1.0,100.0,0.00538874363029134,0.5613190921947198,0.0,0.0,0.013888888888888888,0.0,0.0,1.0
2.0,2.3916093846948803e-06,1.624490794684027e-05,0.0,0.0,0.0,0.013888888888888888,0.0,0.0,1.0
3.0,2.3853424249398064e-06,0.0,0.0,0.0,0.0,0.013888888888888888,0.0,0.0,1.0
4.0,1.2173566908804843e-08,0.0,0.0,0.0,0.0,0.013888888888888888,0.0,0.0,0.0
1.0,100.0,0.005388411919657669,0.5624078433657702,0.0,0.0,0.013888888888888888,0.0,0.0,1.0
2.0,2.4890248786523408e-06,1.6235049135860158e-05,0.0,0.0,0.0,0.013888888888888888,0.0,0.0,1.0
3.0,2.4824075623544882e-06,0.0,0.0,0.0,0.0,0.013888888888888888,0.0,0.0,1.0
4.0,1.2752041858638401e-08,0.0,0.0,0.0,0.0,0.013888888888888888,0.0,0.0,0.0
1.0,100.0,0.00538807352900101,0.5634797373870818,0.0,0.0,0.013888888888888888,0.0,0.0,1.0
2.0,2.584327048116918e-06,1.6225073881107793e-05,0.0,0.0,0.0,0.013888888888888888,0.0,0.0,1.0
3.0,2.5773658592390196e-06,0.0,0.0,0.0,0.0,0.013888888888888888,0.0,0.0,1.0
4.0,1.3335821636717474e-08,0.0,0.0,0.0,0.0,0.013888888888888888,0.0,0.0,0.0
1.0,100.0,0.005387728566927516,0.5645353276731188,0.0,0.0,0.013888888888888888,0.0,0.0,1.0
2.0,2.677546918347744e-06,1.621497642065597e-05,0.0,0.0,0.0,0.013888888888888888,0.0,0.0,1.0
3.0,2.6702510301924523e-06,0.0,0.0,0.0,0.0,0.013888888888888888,0.0,0.0,1.0
4.0,1.3886988955511956e-08,0.0,0.0,0.0,0.0,0.013888888888888888,0.0,0.0,0.0
1.0,100.0,0.005387377145176327,0.5655751441392404,0.0,0.0,0.013888888888888888,0.0,0.0,1.0
2.0,2.76870378557279e-06,1.620475093491529e-05,0.0,0.0,0.0,0.013888888888888888,0.0,0.0,1.0
3.0,2.761096171797218e-06,0.0,0.0,0.0,0.0,0.013888888888888888,0.0,0.0,1.0
4.0,1.4459559652848677e-08,0.0,0.0,0.0,0.0,0.013888888888888888,0.0,0.0,0.0
1.0,100.0,0.005387019353965769,0.5665996945119967,0.0,0.0,0.013888888888888888,0.0,0.0,1.0
2.0,2.8578844465409973e-06,1.6194391469629304e-05,0.0,0.0,0.0,0.013888888888888888,0.0,0.0,1.0
3.0,2.8499660855262717e-06,0.0,0.0,0.0,0.0,0.013888888888888888,0.0,0.0,1.0
4.0,1.5026273161861838e-08,0.0,0.0,0.0,0.0,0.013888888888888888,0.0,0.0,0.0
1.0,100.0,0.005386655198483862,0.5676094611764189,0.0,0.0,0.013888888888888888,0.0,0.0,1.0
2.0,2.9451156345960094e-06,1.6183891720358423e-05,0.0,0.0,0.0,0.013888888888888888,0.0,0.0,1.0
3.0,2.936885661366186e-06,0.0,0.0,0.0,0.0,0.013888888888888888,0.0,0.0,1.0
4.0,1.5570968153119027e-08,0.0,0.0,0.0,0.0,0.013888888888888888,0.0,0.0,0.0
1.0,100.0,0.00538628478141751,0.5686049053970491,0.0,0.0,0.013888888888888888,0.0,0.0,1.0
2.0,3.0304114199592253e-06,1.617324560194822e-05,0.0,0.0,0.0,0.013888888888888888,0.0,0.0,1.0
3.0,3.0218865828066727e-06,0.0,0.0,0.0,0.0,0.013888888888888888,0.0,0.0,1.0
4.0,1.6123518025909386e-08,0.0,0.0,0.0,0.0,0.013888888888888888,0.0,0.0,0.0
1.0,100.0,0.005384923822589069,0.5695353436672352,0.0,0.0,0.013888888888888888,0.0,0.0,1.0
2.0,6.005057935392569e-07,1.615913957915594e-05,0.0,0.0,0.0,0.013888888888888888,0.0,0.0,1.0
3.0,5.978367792239361e-07,0.0,0.0,0.0,0.0,0.013888888888888888,0.0,0.0,1.0
4.0,3.3539454257017413e-09,0.0,0.0,0.0,0.0,0.013888888888888888,0.0,0.0,0.0
1.0,100.0,0.0053989124206086795,0.5724544781309349,0.0,0.0,0.013888888888888888,0.0,0.0,1.0
2.0,5.859930610320773e-07,1.619280152836965e-05,0.0,0.0,0.0,0.013888888888888888,0.0,0.0,1.0
3.0,5.841374658035167e-07,0.0,0.0,0.0,0.0,0.013888888888888888,0.0,0.0,1.0
4.0,3.2802667150995593e-09,0.0,0.0,0.0,0.0,0.013888888888888888,0.0,0.0,0.0
1.0,100.0,0.005398882942330795,0.5724982901994133,0.0,0.0,0.013888888888888888,0.0,0.0,1.0
2.0,5.837533551368639e-07,1.6185389567653945e-05,0.0,0.0,0.0,0.013888888888888888,0.0,0.0,1.0
3.0,5.821470023339061e-07,0.0,0.0,0.0,0.0,0.013888888888888888,0.0,0.0,1.0
4.0,3.251157683230496e-09,0.0,0.0,0.0,0.0,0.013888888888888888,0.0,0.0,0.0
1.0,100.0,0.005398834029158338,0.5725387731208428,0.0,0.0,0.013888888888888888,0.0,0.0,1.0
2.0,5.821096030194864e-07,1.6177852264811768e-05,0.0,0.0,0.0,0.013888888888888888,0.0,0.0,1.0
3.0,5.806053505435576e-07,0.0,0.0,0.0,0.0,0.013888888888888888,0.0,0.0,1.0
4.0,3.2629561038043315e-09,0.0,0.0,0.0,0.0,0.013888888888888888,0.0,0.0,0.0
1.0,100.0,0.005398784581510753,0.5725797053512334,0.0,0.0,0.013888888888888888,0.0,0.0,1.0
2.0,5.806491149801125e-07,1.617024413599251e-05,0.0,0.0,0.0,0.013888888888888888,0.0,0.0,1.0
3.0,5.791600093778142e-07,0.0,0.0,0.0,0.0,0.013888888888888888,0.0,0.0,1.0
4.0,3.24561465052067e-09,0.0,0.0,0.0,0.0,0.013888888888888888,0.0,0.0,0.0
1.0,100.0,0.005398734622203023,0.5726210901716202,0.0,0.0,0.013888888888888888,0.0,0.0,1.0
2.0,5.792509607699869e-07,1.6162564424116866e-05,0.0,0.0,0.0,0.013888888888888888,0.0,0.0,1.0
3.0,5.777720778995176e-07,0.0,0.0,0.0,0.0,0.013888888888888888,0.0,0.0,1.0
4.0,3.2425402546217157e-09,0.0,0.0,0.0,0.0,0.013888888888888888,0.0,0.0,0.0
1.0,100.0,0.005398684151564056,0.5726629264837477,0.0,0.0,0.013888888888888888,0.0,0.0,1.0
2.0,5.77877161939952e-07,1.6154812301597024e-05,0.0,0.0,0.0,0.013888888888888888,0.0,0.0,1.0
3.0,5.764116327588712e-07,0.0,0.0,0.0,0.0,0.013888888888888888,0.0,0.0,1.0
4.0,3.2364863527084606e-09,0.0,0.0,0.0,0.0,0.013888888888888888,0.0,0.0,0.0
1.0,100.0,0.005398633169977366,0.5727052131824948,0.0,0.0,0.013888888888888888,0.0,0.0,1.0
2.0,5.765060276192717e-07,1.6146986920378877e-05,0.0,0.0,0.0,0.013888888888888888,0.0,0.0,1.0
3.0,5.750409867275906e-07,0.0,0.0,0.0,0.0,0.013888888888888888,0.0,0.0,1.0
4.0,3.2229205001852376e-09,0.0,0.0,0.0,0.0,0.013888888888888888,0.0,0.0,0.0
1.0,100.0,0.005398581677897323,0.57274794911238,0.0,0.0,0.013888888888888888,0.0,0.0,1.0
2.0,5.751392620594715e-07,1.613908742856889e-05,0.0,0.0,0.0,0.013888888888888888,0.0,0.0,1.0
3.0,5.736730302667334e-07,0.0,0.0,0.0,0.0,0.013888888888888888,0.0,0.0,1.0
4.0,3.2359057910879567e-09,0.0,0.0,0.0,0.0,0.013888888888888888,0.0,0.0,0.0
1.0,100.0,0.005398529675857747,0.5727911330510039,0.0,0.0,0.013888888888888888,0.0,0.0,1.0
2.0,5.737842003086198e-07,1.6131112962668508e-05,0.0,0.0,0.0,0.013888888888888888,0.0,0.0,1.0
3.0,5.723224463151753e-07,0.0,0.0,0.0,0.0,0.013888888888888888,0.0,0.0,1.0
4.0,3.2186284019079343e-09,0.0,0.0,0.0,0.0,0.013888888888888888,0.0,0.0,0.0
1.0,100.0,0.005398477164477184,0.5728347637272653,0.0,0.0,0.013888888888888888,0.0,0.0,1.0
2.0,5.72418937472687e-07,1.6123062649461056e-05,0.0,0.0,0.0,0.013888888888888888,0.0,0.0,1.0
3.0,5.709851944230181e-07,0.0,0.0,0.0,0.0,0.013888888888888888,0.0,0.0,1.0
4.0,3.231209671372984e-09,0.0,0.0,0.0,0.0,0.013888888888888888,0.0,0.0,0.0
1.0,100.0,0.005398424144459624,0.5728788397899288,0.0,0.0,0.013888888888888888,0.0,0.0,1.0
2.0,5.71059090799565e-07,1.6114935604266477e-05,0.0,0.0,0.0,0.013888888888888888,0.0,0.0,1.0
3.0,5.696168845896506e-07,0.0,0.0,0.0,0.0,0.013888888888888888,0.0,0.0,1.0
4.0,3.2184902579001694e-09,0.0,0.0,0.0,0.0,0.013888888888888888,0.0,0.0,0.0
1.0,100.0,0.005398370616602698,0.5729233598233162,0.0,0.0,0.013888888888888888,0.0,0.0,1.0
2.0,5.69716540185577e-07,1.610673093114581e-05,0.0,0.0,0.0,0.013888888888888888,0.0,0.0,1.0
3.0,5.682855027224545e-07,0.0,0.0,0.0,0.0,0.013888888888888888,0.0,0.0,1.0
4.0,3.2189388909825486e-09,0.0,0.0,0.0,0.0,0.013888888888888888,0.0,0.0,0.0
1.0,100.0,0.005398316581795254,0.5729683223453267,0.0,0.0,0.013888888888888888,0.0,0.0,1.0
2.0,5.683653663038611e-07,1.609844772442011e-05,0.0,0.0,0.0,0.013888888888888888,0.0,0.0,1.0
3.0,5.66932632661784e-07,0.0,0.0,0.0,0.0,0.013888888888888888,0.0,0.0,1.0
4.0,3.200778468203089e-09,0.0,0.0,0.0,0.0,0.013888888888888888,0.0,0.0,0.0
1.0,100.0,0.005398262041028247,0.5730137257960091,0.0,0.0,0.013888888888888888,0.0,0.0,1.0
2.0,5.670115786132852e-07,1.609008506504291e-05,0.0,0.0,0.0,0.013888888888888888,0.0,0.0,1.0
3.0,5.655822618438033e-07,0.0,0.0,0.0,0.0,0.013888888888888888,0.0,0.0,1.0
4.0,3.186973871577894e-09,0.0,0.0,0.0,0.0,0.013888888888888888,0.0,0.0,0.0
1.0,100.0,0.005398206995394747,0.5730595685294066,0.0,0.0,0.013888888888888888,0.0,0.0,1.0
2.0,5.656670443226345e-07,1.6081642028357837e-05,0.0,0.0,0.0,0.013888888888888888,0.0,0.0,1.0
3.0,5.642347941108897e-07,0.0,0.0,0.0,0.0,0.013888888888888888,0.0,0.0,1.0
4.0,3.178673878418563e-09,0.0,0.0,0.0,0.0,0.013888888888888888,0.0,0.0,0.0
1.0,100.0,0.005398151446098038,0.5731058488239829,0.0,0.0,0.013888888888888888,0.0,0.0,1.0
2.0,5.643408024420817e-07,1.6073117672533376e-05,0.0,0.0,0.0,0.013888888888888888,0.0,0.0,1.0
3.0,5.629279392416827e-07,0.0,0.0,0.0,0.0,0.013888888888888888,0.0,0.0,1.0
4.0,3.1828598448606696e-09,0.0,0.0,0.0,0.0,0.013888888888888888,0.0,0.0,0.0
1.0,100.0,0.005398095394451415,0.5731525648795558,0.0,0.0,0.013888888888888888,0.0,0.0,1.0
2.0,5.630061388734494e-07,1.6064511048701354e-05,0.0,0.0,0.0,0.013888888888888888,0.0,0.0,1.0
3.0,5.615780710002538e-07,0.0,0.0,0.0,0.0,0.013888888888888888,0.0,0.0,1.0
4.0,3.1701540824186164e-09,0.0,0.0,0.0,0.0,0.013888888888888888,0.0,0.0,0.0
1.0,100.0,0.00539803884188958,0.5731997147983882,0.0,0.0,0.013888888888888888,0.0,0.0,1.0
2.0,5.616802987798683e-07,1.6055821197733916e-05,0.0,0.0,0.0,0.013888888888888888,0.0,0.0,1.0
3.0,5.602722614805876e-07,0.0,0.0,0.0,0.0,0.013888888888888888,0.0,0.0,1.0
4.0,3.1689620973089768e-09,0.0,0.0,0.0,0.0,0.013888888888888888,0.0,0.0,0.0
1.0,100.0,0.005397981789970236,0.5732472966137355,0.0,0.0,0.013888888888888888,0.0,0.0,1.0
2.0,5.603573105337794e-07,1.6047047145806547e-05,0.0,0.0,0.0,0.013888888888888888,0.0,0.0,1.0
3.0,5.589422745670716e-07,0.0,0.0,0.0,0.0,0.013888888888888888,0.0,0.0,1.0
4.0,3.1653715269709244e-09,0.0,0.0,0.0,0.0,0.013888888888888888,0.0,0.0,0.0
1.0,100.0,0.005397924240373542,0.5732953082236979,0.0,0.0,0.013888888888888888,0.0,0.0,1.0
2.0,5.590417313927407e-07,1.6038187913777625e-05,0.0,0.0,0.0,0.013888888888888888,0.0,0.0,1.0
3.0,5.57625983766196e-07,0.0,0.0,0.0,0.0,0.013888888888888888,0.0,0.0,1.0
4.0,3.147035748068972e-09,0.0,0.0,0.0,0.0,0.013888888888888888,0.0,0.0,0.0
1.0,100.0,0.00539786619492297,0.5733437474681577,0.0,0.0,0.013888888888888888,0.0,0.0,1.0
2.0,5.57710647972477e-07,1.6029242504680523e-05,0.0,0.0,0.0,0.013888888888888888,0.0,0.0,1.0
3.0,5.563115976220099e-07,0.0,0.0,0.0,0.0,0.013888888888888888,0.0,0.0,1.0
4.0,3.16123312218552e-09,0.0,0.0,0.0,0.0,0.013888888888888888,0.0,0.0,0.0
1.0,100.0,0.005397807655569983,0.5733926120721821,0.0,0.0,0.013888888888888888,0.0,0.0,1.0
2.0,5.564058341043409e-07,1.6020209913493352e-05,0.0,0.0,0.0,0.013888888888888888,0.0,0.0,1.0
3.0,5.55023430324365e-07,0.0,0.0,0.0,0.0,0.013888888888888888,0.0,0.0,1.0
4.0,3.1612280961223817e-09,0.0,0.0,0.0,0.0,0.013888888888888888,0.0,0.0,0.0
1.0,100.0,0.005397748624417621,0.5734418996549412,0.0,0.0,0.013888888888888888,0.0,0.0,1.0
2.0,5.550785472562305e-07,1.6011089124331595e-05,0.0,0.0,0.0,0.013888888888888888,0.0,0.0,1.0
3.0,5.536531657950231e-07,0.0,0.0,0.0,0.0,0.013888888888888888,0.0,0.0,1.0
4.0,3.1234010502911917e-09,0.0,0.0,0.0,0.0,0.013888888888888888,0.0,0.0,0.0
1.0,100.0,0.005397689103717358,0.5734916077268545,0.0,0.0,0.013888888888888888,0.0,0.0,1.0
2.0,5.538044692934763e-07,1.6001879112581676e-05,0.0,0.0,0.0,0.013888888888888888,0.0,0.0,1.0
3.0,5.524171953221741e-07,0.0,0.0,0.0,0.0,0.013888888888888888,0.0,0.0,1.0
4.0,3.120189807652347e-09,0.0,0.0,0.0,0.0,0.013888888888888888,0.0,0.0,0.0
1.0,100.0,0.005397629095876279,0.5735417336897236,0.0,0.0,0.013888888888888888,0.0,0.0,1.0
2.0,5.52485737607386e-07,1.5992578839157475e-05,0.0,0.0,0.0,0.013888888888888888,0.0,0.0,1.0
3.0,5.511002765407066e-07,0.0,0.0,0.0,0.0,0.013888888888888888,0.0,0.0,1.0
4.0,3.136735285822977e-09,0.0,0.0,0.0,0.0,0.013888888888888888,0.0,0.0,0.0
1.0,100.0,0.0053975686034646595,0.5735922748264715,0.0,0.0,0.013888888888888888,0.0,0.0,1.0
2.0,5.51193905553538e-07,1.5983187252139893e-05,0.0,0.0,0.0,0.013888888888888888,0.0,0.0,1.0
3.0,5.498202302937778e-07,0.0,0.0,0.0,0.0,0.013888888888888888,0.0,0.0,1.0
4.0,3.133006519381868e-09,0.0,0.0,0.0,0.0,0.013888888888888888,0.0,0.0,0.0
1.0,100.0,0.005397507629221475,0.5736432283033108,0.0,0.0,0.013888888888888888,0.0,0.0,1.0
2.0,5.498979935155061e-07,1.5973703294361616e-05,0.0,0.0,0.0,0.013888888888888888,0.0,0.0,1.0
3.0,5.48509846179208e-07,0.0,0.0,0.0,0.0,0.013888888888888888,0.0,0.0,1.0
4.0,3.121993846746291e-09,0.0,0.0,0.0,0.0,0.013888888888888888,0.0,0.0,0.0
1.0,100.0,0.0053974461760583166,0.5736945911580805,0.0,0.0,0.013888888888888888,0.0,0.0,1.0
2.0,5.486138443833166e-07,1.5964125894560315e-05,0.0,0.0,0.0,0.013888888888888888,0.0,0.0,1.0
3.0,5.472291130902036e-07,0.0,0.0,0.0,0.0,0.013888888888888888,0.0,0.0,1.0
4.0,3.106373641645993e-09,0.0,0.0,0.0,0.0,0.013888888888888888,0.0,0.0,0.0
1.0,100.0,0.005397384247076029,0.573746360302708,0.0,0.0,0.013888888888888888,0.0,0.0,1.0
2.0,5.473296420179523e-07,1.5954453970449164e-05,0.0,0.0,0.0,0.013888888888888888,0.0,0.0,1.0
3.0,5.459641695423195e-07,0.0,0.0,0.0,0.0,0.013888888888888888,0.0,0.0,1.0
4.0,3.1157487225930245e-09,0.0,0.0,0.0,0.0,0.013888888888888888,0.0,0.0,0.0
1.0,100.0,0.005397321845555409,0.5737985325204865,0.0,0.0,0.013888888888888888,0.0,0.0,1.0
2.0,5.460268799778499e-07,1.594468642780486e-05,0.0,0.0,0.0,0.013888888888888888,0.0,0.0,1.0
3.0,5.446591174280825e-07,0.0,0.0,0.0,0.0,0.013888888888888888,0.0,0.0,1.0
4.0,3.0910523761293504e-09,0.0,0.0,0.0,0.0,0.013888888888888888,0.0,0.0,0.0
1.0,100.0,0.005397258974978718,0.5738511044528877,0.0,0.0,0.013888888888888888,0.0,0.0,1.0
2.0,5.447564569617928e-07,1.593482216474465e-05,0.0,0.0,0.0,0.013888888888888888,0.0,0.0,1.0
3.0,5.433910372159655e-07,0.0,0.0,0.0,0.0,0.013888888888888888,0.0,0.0,1.0
4.0,3.1012480693108445e-09,0.0,0.0,0.0,0.0,0.013888888888888888,0.0,0.0,0.0
1.0,100.0,0.005397195639029824,0.573904072594876,0.0,0.0,0.013888888888888888,0.0,0.0,1.0
2.0,5.434860686455053e-07,1.5924860065026012e-05,0.0,0.0,0.0,0.013888888888888888,0.0,0.0,1.0
3.0,5.421179548549691e-07,0.0,0.0,0.0,0.0,0.013888888888888888,0.0,0.0,1.0
4.0,3.072525247535718e-09,0.0,0.0,0.0,0.0,0.013888888888888888,0.0,0.0,0.0
1.0,100.0,0.005397131841605118,0.5739574333126197,0.0,0.0,0.013888888888888888,0.0,0.0,1.0
2.0,5.422007813392109e-07,1.591479900366373e-05,0.0,0.0,0.0,0.013888888888888888,0.0,0.0,1.0
3.0,5.408453615550004e-07,0.0,0.0,0.0,0.0,0.013888888888888888,0.0,0.0,1.0
4.0,3.07959039686434e-09,0.0,0.0,0.0,0.0,0.013888888888888888,0.0,0.0,0.0
1.0,100.0,0.005397067586817855,0.5740111827990739,0.0,0.0,0.013888888888888888,0.0,0.0,1.0
2.0,5.409474281116022e-07,1.590463784776752e-05,0.0,0.0,0.0,0.013888888888888888,0.0,0.0,1.0
3.0,5.395884432003325e-07,0.0,0.0,0.0,0.0,0.013888888888888888,0.0,0.0,1.0
4.0,3.080470036114273e-09,0.0,0.0,0.0,0.0,0.013888888888888888,0.0,0.0,0.0
1.0,100.0,0.0058388305164500595,99.13895402288486,0.0,0.0,0.013888888888888888,0.0,0.0,1.0
2.0,0.00011776908098663716,1.905890949056768e-05,0.0,0.0,0.0,0.013888888888888888,0.0,0.0,1.0
3.0,0.00011727129208651324,0.0,0.0,0.0,0.0,0.013888888888888888,0.0,0.0,1.0
4.0,4.179730374231663e-07,0.0,0.0,0.0,0.0,0.013888888888888888,0.0,0.0,0.0
1.0,100.0,0.004962519444984891,0.6859754007033477,0.0,0.0,0.013888888888888888,0.0,0.0,1.0
2.0,9.922845020722378e-07,1.3587712382708488e-05,0.0,0.0,0.0,0.013888888888888888,0.0,0.0,1.0
3.0,9.308184833476254e-07,0.0,0.0,0.0,0.0,0.013888888888888888,0.0,0.0,1.0
4.0,2.4936090314091978e-09,0.0,0.0,0.0,0.0,0.013888888888888888,0.0,0.0,0.0
1.0,100.0,0.005006766531038616,0.5288907211268782,0.0,0.0,0.013888888888888888,0.0,0.0,1.0
2.0,2.8924366966868776e-07,1.3896253460599492e-05,0.0,0.0,0.0,0.013888888888888888,0.0,0.0,1.0
3.0,2.6629256934179043e-07,0.0,0.0,0.0,0.0,0.013888888888888888,0.0,0.0,1.0
4.0,3.242709961521482e-10,0.0,0.0,0.0,0.0,0.013888888888888888,0.0,0.0,0.0
1.0,100.0,0.005007438236339797,0.5300044274720015,0.0,0.0,0.013888888888888888,0.0,0.0,1.0
2.0,1.769569485797475e-07,1.3898990971815437e-05,0.0,0.0,0.0,0.013888888888888888,0.0,0.0,1.0
3.0,1.644958463977489e-07,0.0,0.0,0.0,0.0,0.013888888888888888,0.0,0.0,1.0
4.0,7.660638376797126e-10,0.0,0.0,0.0,0.0,0.013888888888888888,0.0,0.0,0.0
1.0,100.0,0.005009357538518655,0.5315374481635752,0.0,0.0,0.013888888888888888,0.0,0.0,1.0
2.0,9.948789861150735e-08,1.3905170422970778e-05,0.0,0.0,0.0,0.013888888888888888,0.0,0.0,1.0
3.0,9.096449695851744e-08,0.0,0.0,0.0,0.0,0.013888888888888888,0.0,0.0,1.0
4.0,1.1375197436908012e-09,0.0,0.0,0.0,0.0,0.013888888888888888,0.0,0.0,0.0
1.0,100.0,0.005011236256317368,0.5330307971682472,0.0,0.0,0.013888888888888888,0.0,0.0,1.0
2.0,1.4004005109640696e-07,1.3910994073426848e-05,0.0,0.0,0.0,0.013888888888888888,0.0,0.0,1.0
3.0,1.429229863539849e-07,0.0,0.0,0.0,0.0,0.013888888888888888,0.0,0.0,1.0
4.0,1.5146152704749416e-09,0.0,0.0,0.0,0.0,0.013888888888888888,0.0,0.0,0.0
1.0,100.0,0.005013073032836981,0.5344852690604665,0.0,0.0,0.013888888888888888,0.0,0.0,1.0
2.0,2.448932367923291e-07,1.3916462413522226e-05,0.0,0.0,0.0,0.013888888888888888,0.0,0.0,1.0
3.0,2.468012807205818e-07,0.0,0.0,0.0,0.0,0.013888888888888888,0.0,0.0,1.0
4.0,1.9115908583152727e-09,0.0,0.0,0.0,0.0,0.013888888888888888,0.0,0.0,0.0
1.0,100.0,0.0050148701473220645,0.5359027599640113,0.0,0.0,0.013888888888888888,0.0,0.0,1.0
2.0,3.469419262471433e-07,1.392158612138853e-05,0.0,0.0,0.0,0.013888888888888888,0.0,0.0,1.0
3.0,3.4819705404270636e-07,0.0,0.0,0.0,0.0,0.013888888888888888,0.0,0.0,1.0
4.0,2.2983363894849866e-09,0.0,0.0,0.0,0.0,0.013888888888888888,0.0,0.0,0.0
1.0,100.0,0.005016629738855353,0.5372850537592029,0.0,0.0,0.013888888888888888,0.0,0.0,1.0
2.0,4.4673730623236984e-07,1.3926374902372994e-05,0.0,0.0,0.0,0.013888888888888888,0.0,0.0,1.0
3.0,4.4740777286324815e-07,0.0,0.0,0.0,0.0,0.013888888888888888,0.0,0.0,1.0
4.0,2.6865674858572536e-09,0.0,0.0,0.0,0.0,0.013888888888888888,0.0,0.0,0.0
1.0,100.0,0.005018353810204808,0.5386338284459722,0.0,0.0,0.013888888888888888,0.0,0.0,1.0
2.0,5.445404183662378e-07,1.3930837553052031e-05,0.0,0.0,0.0,0.013888888888888888,0.0,0.0,1.0
3.0,5.44688607537469e-07,0.0,0.0,0.0,0.0,0.013888888888888888,0.0,0.0,1.0
4.0,3.0989828360547147e-09,0.0,0.0,0.0,0.0,0.013888888888888888,0.0,0.0,0.0
1.0,100.0,0.005020044240333381,0.5399506642237628,0.0,0.0,0.013888888888888888,0.0,0.0,1.0
2.0,6.404073557829575e-07,1.3934982027579849e-05,0.0,0.0,0.0,0.013888888888888888,0.0,0.0,1.0
3.0,6.4001232921075e-07,0.0,0.0,0.0,0.0,0.013888888888888888,0.0,0.0,1.0
4.0,3.451768432839309e-09,0.0,0.0,0.0,0.0,0.013888888888888888,0.0,0.0,0.0
1.0,100.0,0.005021702795516834,0.5412370506518703,0.0,0.0,0.013888888888888888,0.0,0.0,1.0
2.0,7.34402481015574e-07,1.393881550361433e-05,0.0,0.0,0.0,0.013888888888888888,0.0,0.0,1.0
3.0,7.335336407470324e-07,0.0,0.0,0.0,0.0,0.013888888888888888,0.0,0.0,1.0
4.0,3.8769758274245655e-09,0.0,0.0,0.0,0.0,0.013888888888888888,0.0,0.0,0.0
1.0,100.0,0.005023331139206707,0.5424943930679325,0.0,0.0,0.013888888888888888,0.0,0.0,1.0
2.0,8.265726090297616e-07,1.3942344441847792e-05,0.0,0.0,0.0,0.013888888888888888,0.0,0.0,1.0
3.0,8.252323590563093e-07,0.0,0.0,0.0,0.0,0.013888888888888888,0.0,0.0,1.0
4.0,4.268837505671809e-09,0.0,0.0,0.0,0.0,0.013888888888888888,0.0,0.0,0.0
1.0,100.0,0.005025023888664833,0.5437240231590791,0.0,0.0,0.013888888888888888,0.0,0.0,1.0
2.0,9.169429804991756e-07,1.394578664862206e-05,0.0,0.0,0.0,0.013888888888888888,0.0,0.0,1.0
3.0,9.151192827982377e-07,0.0,0.0,0.0,0.0,0.013888888888888888,0.0,0.0,1.0
4.0,4.671765882975412e-09,0.0,0.0,0.0,0.0,0.013888888888888888,0.0,0.0,0.0
1.0,100.0,0.00502661528131038,0.544927198202931,0.0,0.0,0.013888888888888888,0.0,0.0,1.0
2.0,1.005559376470831e-06,1.3948640586447588e-05,0.0,0.0,0.0,0.013888888888888888,0.0,0.0,1.0
3.0,1.0032715390832176e-06,0.0,0.0,0.0,0.0,0.013888888888888888,0.0,0.0,1.0
4.0,5.071003048520252e-09,0.0,0.0,0.0,0.0,0.013888888888888888,0.0,0.0,0.0
1.0,100.0,0.005028132502737525,0.546105100055586,0.0,0.0,0.013888888888888888,0.0,0.0,1.0
2.0,1.0924369523835885e-06,1.3951030225901628e-05,0.0,0.0,0.0,0.013888888888888888,0.0,0.0,1.0
3.0,1.0896816229390795e-06,0.0,0.0,0.0,0.0,0.013888888888888888,0.0,0.0,1.0
4.0,5.455717511942627e-09,0.0,0.0,0.0,0.0,0.013888888888888888,0.0,0.0,0.0
1.0,100.0,0.005029619679186498,0.5472588491153286,0.0,0.0,0.013888888888888888,0.0,0.0,1.0
2.0,1.1776427745547984e-06,1.3953101956543221e-05,0.0,0.0,0.0,0.013888888888888888,0.0,0.0,1.0
3.0,1.1744659480451817e-06,0.0,0.0,0.0,0.0,0.013888888888888888,0.0,0.0,1.0
4.0,5.866318825845305e-09,0.0,0.0,0.0,0.0,0.013888888888888888,0.0,0.0,0.0
1.0,100.0,0.005031078442659637,0.5483895084186308,0.0,0.0,0.013888888888888888,0.0,0.0,1.0
2.0,1.261128753679635e-06,1.3954861291919476e-05,0.0,0.0,0.0,0.013888888888888888,0.0,0.0,1.0
3.0,1.2575343362480045e-06,0.0,0.0,0.0,0.0,0.013888888888888888,0.0,0.0,1.0
4.0,6.272332295516655e-09,0.0,0.0,0.0,0.0,0.013888888888888888,0.0,0.0,0.0
1.0,100.0,0.005032510323376654,0.5494980856197661,0.0,0.0,0.013888888888888888,0.0,0.0,1.0
2.0,1.342984655240107e-06,1.3956313044408178e-05,0.0,0.0,0.0,0.013888888888888888,0.0,0.0,1.0
3.0,1.338958261113915e-06,0.0,0.0,0.0,0.0,0.013888888888888888,0.0,0.0,1.0
4.0,6.652575096319427e-09,0.0,0.0,0.0,0.0,0.013888888888888888,0.0,0.0,0.0
1.0,100.0,0.005033916774986439,0.550585536426493,0.0,0.0,0.013888888888888888,0.0,0.0,1.0
2.0,1.423248587362836e-06,1.3957461412935709e-05,0.0,0.0,0.0,0.013888888888888888,0.0,0.0,1.0
3.0,1.4188159242071216e-06,0.0,0.0,0.0,0.0,0.013888888888888888,0.0,0.0,1.0
4.0,7.053957510461356e-09,0.0,0.0,0.0,0.0,0.013888888888888888,0.0,0.0,0.0
1.0,100.0,0.00503529918047569,0.5516527678839726,0.0,0.0,0.013888888888888888,0.0,0.0,1.0
2.0,1.501922478958032e-06,1.3958310019556497e-05,0.0,0.0,0.0,0.013888888888888888,0.0,0.0,1.0
3.0,1.4970949640459333e-06,0.0,0.0,0.0,0.0,0.013888888888888888,0.0,0.0,1.0
4.0,7.450638369401481e-09,0.0,0.0,0.0,0.0,0.013888888888888888,0.0,0.0,0.0
1.0,100.0,0.005036658857535053,0.5527006413761959,0.0,0.0,0.013888888888888888,0.0,0.0,1.0
2.0,1.579026299189869e-06,1.3958861934445185e-05,0.0,0.0,0.0,0.013888888888888888,0.0,0.0,1.0
3.0,1.5738260923600467e-06,0.0,0.0,0.0,0.0,0.013888888888888888,0.0,0.0,1.0
4.0,7.852325221585097e-09,0.0,0.0,0.0,0.0,0.013888888888888888,0.0,0.0,0.0
1.0,100.0,0.005037997063420556,0.553729975424679,0.0,0.0,0.013888888888888888,0.0,0.0,1.0
2.0,1.6546002407480858e-06,1.3959119695007737e-05,0.0,0.0,0.0,0.013888888888888888,0.0,0.0,1.0
3.0,1.6490280162612495e-06,0.0,0.0,0.0,0.0,0.013888888888888888,0.0,0.0,1.0
4.0,8.26105026834366e-09,0.0,0.0,0.0,0.0,0.013888888888888888,0.0,0.0,0.0
1.0,100.0,0.005039314999398281,0.5547415482567164,0.0,0.0,0.013888888888888888,0.0,0.0,1.0
2.0,1.7286867938648297e-06,1.3959085332511561e-05,0.0,0.0,0.0,0.013888888888888888,0.0,0.0,1.0
3.0,1.7227335817372272e-06,0.0,0.0,0.0,0.0,0.013888888888888888,0.0,0.0,1.0
4.0,8.637566992714925e-09,0.0,0.0,0.0,0.0,0.013888888888888888,0.0,0.0,0.0
1.0,100.0,0.005040613814776075,0.555736100193612,0.0,0.0,0.013888888888888888,0.0,0.0,1.0
2.0,1.801271580488649e-06,1.3958760382702865e-05,0.0,0.0,0.0,0.013888888888888888,0.0,0.0,1.0
3.0,1.7949762030410808e-06,0.0,0.0,0.0,0.0,0.013888888888888888,0.0,0.0,1.0
4.0,9.063915168642157e-09,0.0,0.0,0.0,0.0,0.013888888888888888,0.0,0.0,0.0
1.0,100.0,0.005041894610598704,0.5567143358664756,0.0,0.0,0.013888888888888888,0.0,0.0,1.0
2.0,1.8724363628687103e-06,1.395814590615152e-05,0.0,0.0,0.0,0.013888888888888888,0.0,0.0,1.0
3.0,1.8657847754397502e-06,0.0,0.0,0.0,0.0,0.013888888888888888,0.0,0.0,1.0
4.0,9.44163214984989e-09,0.0,0.0,0.0,0.0,0.013888888888888888,0.0,0.0,0.0
1.0,100.0,0.005043158443016164,0.5576769262566785,0.0,0.0,0.013888888888888888,0.0,0.0,1.0
2.0,1.9421617398050384e-06,1.395724249396278e-05,0.0,0.0,0.0,0.013888888888888888,0.0,0.0,1.0
3.0,1.9351753692603026e-06,0.0,0.0,0.0,0.0,0.013888888888888888,0.0,0.0,1.0
4.0,9.829366183689273e-09,0.0,0.0,0.0,0.0,0.013888888888888888,0.0,0.0,0.0
1.0,100.0,0.0050444063263762,0.5586245106033518,0.0,0.0,0.013888888888888888,0.0,0.0,1.0
2.0,2.0104719496697988e-06,1.3956050288164564e-05,0.0,0.0,0.0,0.013888888888888888,0.0,0.0,1.0
3.0,2.003156241654308e-06,0.0,0.0,0.0,0.0,0.013888888888888888,0.0,0.0,1.0
4.0,1.0243716377749887e-08,0.0,0.0,0.0,0.0,0.013888888888888888,0.0,0.0,0.0
1.0,100.0,0.005045639236043822,0.5595576981650137,0.0,0.0,0.013888888888888888,0.0,0.0,1.0
2.0,2.0774197212810613e-06,1.3954568980994944e-05,0.0,0.0,0.0,0.013888888888888888,0.0,0.0,1.0
3.0,2.0697879350455247e-06,0.0,0.0,0.0,0.0,0.013888888888888888,0.0,0.0,1.0
4.0,1.0607063138472727e-08,0.0,0.0,0.0,0.0,0.013888888888888888,0.0,0.0,0.0
1.0,100.0,0.005046858111010323,0.5604770698830993,0.0,0.0,0.013888888888888888,0.0,0.0,1.0
2.0,2.1429849612055987e-06,1.3952797826751516e-05,0.0,0.0,0.0,0.013888888888888888,0.0,0.0,1.0
3.0,2.135046177594524e-06,0.0,0.0,0.0,0.0,0.013888888888888888,0.0,0.0,1.0
4.0,1.101175683867747e-08,0.0,0.0,0.0,0.0,0.013888888888888888,0.0,0.0,0.0
1.0,100.0,0.005048063856263624,0.5613831798608652,0.0,0.0,0.013888888888888888,0.0,0.0,1.0
2.0,2.207246868762688e-06,1.3950735644482446e-05,0.0,0.0,0.0,0.013888888888888888,0.0,0.0,1.0
3.0,2.1989865385199267e-06,0.0,0.0,0.0,0.0,0.013888888888888888,0.0,0.0,1.0
4.0,1.1397560312888688e-08,0.0,0.0,0.0,0.0,0.013888888888888888,0.0,0.0,0.0
1.0,100.0,0.005049257344986335,0.5622765568229299,0.0,0.0,0.013888888888888888,0.0,0.0,1.0
2.0,2.2701920539730932e-06,1.3948380823295356e-05,0.0,0.0,0.0,0.013888888888888888,0.0,0.0,1.0
3.0,2.261660774261887e-06,0.0,0.0,0.0,0.0,0.013888888888888888,0.0,0.0,1.0
4.0,1.1785629626536404e-08,0.0,0.0,0.0,0.0,0.013888888888888888,0.0,0.0,0.0
1.0,100.0,0.0050504394368012994,0.5631577054310378,0.0,0.0,0.013888888888888888,0.0,0.0,1.0
2.0,2.3318376622915444e-06,1.3945731359761353e-05,0.0,0.0,0.0,0.013888888888888888,0.0,0.0,1.0
3.0,2.3230135372638286e-06,0.0,0.0,0.0,0.0,0.013888888888888888,0.0,0.0,1.0
4.0,1.2172947841240645e-08,0.0,0.0,0.0,0.0,0.013888888888888888,0.0,0.0,0.0
1.0,100.0,0.005051610916947438,0.564027107486683,0.0,0.0,0.013888888888888888,0.0,0.0,1.0
2.0,2.3922308938385803e-06,1.3942784698548862e-05,0.0,0.0,0.0,0.013888888888888888,0.0,0.0,1.0
3.0,2.383118144279528e-06,0.0,0.0,0.0,0.0,0.013888888888888888,0.0,0.0,1.0
4.0,1.2541401503662207e-08,0.0,0.0,0.0,0.0,0.013888888888888888,0.0,0.0,0.0
1.0,100.0,0.005052772580342875,0.5648852175016431,0.0,0.0,0.013888888888888888,0.0,0.0,1.0
2.0,2.4513657569926856e-06,1.3939537040079946e-05,0.0,0.0,0.0,0.013888888888888888,0.0,0.0,1.0
3.0,2.4419989480992287e-06,0.0,0.0,0.0,0.0,0.013888888888888888,0.0,0.0,1.0
4.0,1.293407149892323e-08,0.0,0.0,0.0,0.0,0.013888888888888888,0.0,0.0,0.0
1.0,100.0,0.005053925199955762,0.5657324797756824,0.0,0.0,0.013888888888888888,0.0,0.0,1.0
2.0,2.509280881211358e-06,1.3935985878213783e-05,0.0,0.0,0.0,0.013888888888888888,0.0,0.0,1.0
3.0,2.499658149240893e-06,0.0,0.0,0.0,0.0,0.013888888888888888,0.0,0.0,1.0
4.0,1.329972293713348e-08,0.0,0.0,0.0,0.0,0.013888888888888888,0.0,0.0,0.0
1.0,100.0,0.005055069517041091,0.5665693147577984,0.0,0.0,0.013888888888888888,0.0,0.0,1.0
2.0,2.565970868964051e-06,1.393212756281492e-05,0.0,0.0,0.0,0.013888888888888888,0.0,0.0,1.0
3.0,2.5560958157094216e-06,0.0,0.0,0.0,0.0,0.013888888888888888,0.0,0.0,1.0
4.0,1.368408694126919e-08,0.0,0.0,0.0,0.0,0.013888888888888888,0.0,0.0,0.0
1.0,100.0,0.005055824362138161,0.5673963130494108,0.0,0.0,0.013888888888888888,0.0,0.0,1.0
2.0,5.099886070647252e-07,1.392705581547958e-05,0.0,0.0,0.0,0.013888888888888888,0.0,0.0,1.0
3.0,5.071973405161359e-07,0.0,0.0,0.0,0.0,0.013888888888888888,0.0,0.0,1.0
4.0,3.0291352141895136e-09,0.0,0.0,0.0,0.0,0.013888888888888888,0.0,0.0,0.0
1.0,100.0,0.00506569001976499,0.5700072989990941,0.0,0.0,0.013888888888888888,0.0,0.0,1.0
2.0,4.964099901241468e-07,1.3944933480861225e-05,0.0,0.0,0.0,0.013888888888888888,0.0,0.0,1.0
3.0,4.946930608941393e-07,0.0,0.0,0.0,0.0,0.013888888888888888,0.0,0.0,1.0
4.0,2.9723713199279636e-09,0.0,0.0,0.0,0.0,0.013888888888888888,0.0,0.0,0.0
1.0,100.0,0.0050657239369754905,0.5700775316350498,0.0,0.0,0.013888888888888888,0.0,0.0,1.0
2.0,4.943637825571561e-07,1.3934054081557316e-05,0.0,0.0,0.0,0.013888888888888888,0.0,0.0,1.0
3.0,4.929711994676414e-07,0.0,0.0,0.0,0.0,0.013888888888888888,0.0,0.0,1.0
4.0,2.9645060888561034e-09,0.0,0.0,0.0,0.0,0.013888888888888888,0.0,0.0,0.0
1.0,100.0,0.005065702978906498,0.5701339588931998,0.0,0.0,0.013888888888888888,0.0,0.0,1.0
2.0,4.930716297201742e-07,1.3922897490554066e-05,0.0,0.0,0.0,0.013888888888888888,0.0,0.0,1.0
3.0,4.917920964257626e-07,0.0,0.0,0.0,0.0,0.013888888888888888,0.0,0.0,1.0
4.0,2.9517814780136204e-09,0.0,0.0,0.0,0.0,0.013888888888888888,0.0,0.0,0.0
1.0,100.0,0.005065681201725812,0.5701904288519141,0.0,0.0,0.013888888888888888,0.0,0.0,1.0
2.0,4.920011501604128e-07,1.3911619479357496e-05,0.0,0.0,0.0,0.013888888888888888,0.0,0.0,1.0
3.0,4.907673398387124e-07,0.0,0.0,0.0,0.0,0.013888888888888888,0.0,0.0,1.0
4.0,2.949823587729507e-09,0.0,0.0,0.0,0.0,0.013888888888888888,0.0,0.0,0.0
1.0,100.0,0.005065658879627698,0.5702470013036387,0.0,0.0,0.013888888888888888,0.0,0.0,1.0
2.0,4.910135119655804e-07,1.390021957846197e-05,0.0,0.0,0.0,0.013888888888888888,0.0,0.0,1.0
3.0,4.897869651271297e-07,0.0,0.0,0.0,0.0,0.013888888888888888,0.0,0.0,1.0
4.0,2.9520436129251164e-09,0.0,0.0,0.0,0.0,0.013888888888888888,0.0,0.0,0.0
1.0,100.0,0.005065636005082734,0.5703036639650778,0.0,0.0,0.013888888888888888,0.0,0.0,1.0
2.0,4.900674151138215e-07,1.3888696509959529e-05,0.0,0.0,0.0,0.013888888888888888,0.0,0.0,1.0
3.0,4.888369234491315e-07,0.0,0.0,0.0,0.0,0.013888888888888888,0.0,0.0,1.0
4.0,2.934257979572563e-09,0.0,0.0,0.0,0.0,0.013888888888888888,0.0,0.0,0.0
1.0,100.0,0.005065612568638024,0.5703604038352876,0.0,0.0,0.013888888888888888,0.0,0.0,1.0
2.0,4.891081560044885e-07,1.3877048980511957e-05,0.0,0.0,0.0,0.013888888888888888,0.0,0.0,1.0
3.0,4.878969058122226e-07,0.0,0.0,0.0,0.0,0.013888888888888888,0.0,0.0,1.0
4.0,2.9381189651746927e-09,0.0,0.0,0.0,0.0,0.013888888888888888,0.0,0.0,0.0
1.0,100.0,0.00506558856040858,0.5704172075034118,0.0,0.0,0.013888888888888888,0.0,0.0,1.0
2.0,4.881517517754881e-07,1.3865275708989141e-05,0.0,0.0,0.0,0.013888888888888888,0.0,0.0,1.0
3.0,4.869441171243894e-07,0.0,0.0,0.0,0.0,0.013888888888888888,0.0,0.0,1.0
4.0,2.9294339238225947e-09,0.0,0.0,0.0,0.0,0.013888888888888888,0.0,0.0,0.0
1.0,100.0,0.005065563970060662,0.5704740611115622,0.0,0.0,0.013888888888888888,0.0,0.0,1.0
2.0,4.871949585526607e-07,1.3853375402292916e-05,0.0,0.0,0.0,0.013888888888888888,0.0,0.0,1.0
3.0,4.859906617167466e-07,0.0,0.0,0.0,0.0,0.013888888888888888,0.0,0.0,1.0
4.0,2.9248762945791976e-09,0.0,0.0,0.0,0.0,0.013888888888888888,0.0,0.0,0.0
1.0,100.0,0.0050655387868016885,0.5705309503816771,0.0,0.0,0.013888888888888888,0.0,0.0,1.0
2.0,4.862616564218907e-07,1.3841346779461936e-05,0.0,0.0,0.0,0.013888888888888888,0.0,0.0,1.0
3.0,4.850548914022876e-07,0.0,0.0,0.0,0.0,0.013888888888888888,0.0,0.0,1.0
4.0,2.922211988905705e-09,0.0,0.0,0.0,0.0,0.013888888888888888,0.0,0.0,0.0
1.0,100.0,0.005065512999371816,0.5705878605816752,0.0,0.0,0.013888888888888888,0.0,0.0,1.0
2.0,4.853254406539309e-07,1.382918855566961e-05,0.0,0.0,0.0,0.013888888888888888,0.0,0.0,1.0
3.0,4.84135026232646e-07,0.0,0.0,0.0,0.0,0.013888888888888888,0.0,0.0,1.0
4.0,2.9206963067307394e-09,0.0,0.0,0.0,0.0,0.013888888888888888,0.0,0.0,0.0
1.0,100.0,0.005065486596021612,0.5706447764884309,0.0,0.0,0.013888888888888888,0.0,0.0,1.0
2.0,4.843801140681011e-07,1.3816899456275416e-05,0.0,0.0,0.0,0.013888888888888888,0.0,0.0,1.0
3.0,4.831726282948307e-07,0.0,0.0,0.0,0.0,0.013888888888888888,0.0,0.0,1.0
4.0,2.913248559460118e-09,0.0,0.0,0.0,0.0,0.013888888888888888,0.0,0.0,0.0
1.0,100.0,0.005065459564498825,0.5707016824286825,0.0,0.0,0.013888888888888888,0.0,0.0,1.0
2.0,4.83457937188076e-07,1.3804478203829656e-05,0.0,0.0,0.0,0.013888888888888888,0.0,0.0,1.0
3.0,4.822643280289534e-07,0.0,0.0,0.0,0.0,0.013888888888888888,0.0,0.0,1.0
4.0,2.9208961826872725e-09,0.0,0.0,0.0,0.0,0.013888888888888888,0.0,0.0,0.0
1.0,100.0,0.005065431892043223,0.5707585622389614,0.0,0.0,0.013888888888888888,0.0,0.0,1.0
2.0,4.825244405877618e-07,1.3791923532990765e-05,0.0,0.0,0.0,0.013888888888888888,0.0,0.0,1.0
3.0,4.813331466954557e-07,0.0,0.0,0.0,0.0,0.013888888888888888,0.0,0.0,1.0
4.0,2.903919414855376e-09,0.0,0.0,0.0,0.0,0.013888888888888888,0.0,0.0,0.0
1.0,100.0,0.005065403565361713,0.570815399241368,0.0,0.0,0.013888888888888888,0.0,0.0,1.0
2.0,4.815695777815504e-07,1.3779234185555193e-05,0.0,0.0,0.0,0.013888888888888888,0.0,0.0,1.0
3.0,4.803843729018562e-07,0.0,0.0,0.0,0.0,0.013888888888888888,0.0,0.0,1.0
4.0,2.909976789610504e-09,0.0,0.0,0.0,0.0,0.013888888888888888,0.0,0.0,0.0
1.0,100.0,0.005065374570616762,0.5708721762502982,0.0,0.0,0.013888888888888888,0.0,0.0,1.0
2.0,4.806334846953909e-07,1.3766408906898942e-05,0.0,0.0,0.0,0.013888888888888888,0.0,0.0,1.0
3.0,4.794413309714154e-07,0.0,0.0,0.0,0.0,0.013888888888888888,0.0,0.0,1.0
4.0,2.891170212140072e-09,0.0,0.0,0.0,0.0,0.013888888888888888,0.0,0.0,0.0
1.0,100.0,0.005065344893409852,0.5709288755750376,0.0,0.0,0.013888888888888888,0.0,0.0,1.0
2.0,4.797071368371932e-07,1.3753446456501062e-05,0.0,0.0,0.0,0.013888888888888888,0.0,0.0,1.0
3.0,4.785260826726694e-07,0.0,0.0,0.0,0.0,0.013888888888888888,0.0,0.0,1.0
4.0,2.8969247481104306e-09,0.0,0.0,0.0,0.0,0.013888888888888888,0.0,0.0,0.0
1.0,100.0,0.005065314518771966,0.57098547896487,0.0,0.0,0.013888888888888888,0.0,0.0,1.0
2.0,4.787798060255177e-07,1.37403456046036e-05,0.0,0.0,0.0,0.013888888888888888,0.0,0.0,1.0
3.0,4.776010795926383e-07,0.0,0.0,0.0,0.0,0.013888888888888888,0.0,0.0,1.0
4.0,2.8977191456327928e-09,0.0,0.0,0.0,0.0,0.013888888888888888,0.0,0.0,0.0
1.0,100.0,0.005065283431139964,0.5710419676378798,0.0,0.0,0.013888888888888888,0.0,0.0,1.0
2.0,4.778502932147038e-07,1.3727105131080154e-05,0.0,0.0,0.0,0.013888888888888888,0.0,0.0,1.0
3.0,4.766871466436529e-07,0.0,0.0,0.0,0.0,0.013888888888888888,0.0,0.0,1.0
4.0,2.892682616646213e-09,0.0,0.0,0.0,0.0,0.013888888888888888,0.0,0.0,0.0
1.0,100.0,0.005065251614349033,0.5710983222538631,0.0,0.0,0.013888888888888888,0.0,0.0,1.0
2.0,4.769416696639749e-07,1.3713723832453618e-05,0.0,0.0,0.0,0.013888888888888888,0.0,0.0,1.0
3.0,4.7574952524328166e-07,0.0,0.0,0.0,0.0,0.013888888888888888,0.0,0.0,1.0
4.0,2.8859675673415026e-09,0.0,0.0,0.0,0.0,0.013888888888888888,0.0,0.0,0.0
1.0,100.0,0.005065219051610328,0.5711545228950324,0.0,0.0,0.013888888888888888,0.0,0.0,1.0
2.0,4.760127274880402e-07,1.3700200521067006e-05,0.0,0.0,0.0,0.013888888888888888,0.0,0.0,1.0
3.0,4.7484561594534067e-07,0.0,0.0,0.0,0.0,0.013888888888888888,0.0,0.0,1.0
4.0,2.888718358201016e-09,0.0,0.0,0.0,0.0,0.013888888888888888,0.0,0.0,0.0
1.0,100.0,0.005065185725496127,0.5712105490647242,0.0,0.0,0.013888888888888888,0.0,0.0,1.0
2.0,4.75089365074299e-07,1.3686534021443893e-05,0.0,0.0,0.0,0.013888888888888888,0.0,0.0,1.0
3.0,4.7391854829511806e-07,0.0,0.0,0.0,0.0,0.013888888888888888,0.0,0.0,1.0
4.0,2.8633118477415615e-09,0.0,0.0,0.0,0.0,0.013888888888888888,0.0,0.0,0.0
1.0,100.0,0.0050651516179313835,0.5712663796775729,0.0,0.0,0.013888888888888888,0.0,0.0,1.0
2.0,4.7416335348093005e-07,1.367272318630897e-05,0.0,0.0,0.0,0.013888888888888888,0.0,0.0,1.0
3.0,4.7299666905159304e-07,0.0,0.0,0.0,0.0,0.013888888888888888,0.0,0.0,1.0
4.0,2.8659365736993667e-09,0.0,0.0,0.0,0.0,0.013888888888888888,0.0,0.0,0.0
1.0,100.0,0.005065116710166452,0.5713219930357334,0.0,0.0,0.013888888888888888,0.0,0.0,1.0
2.0,4.732437670624211e-07,1.3658766878649457e-05,0.0,0.0,0.0,0.013888888888888888,0.0,0.0,1.0
3.0,4.7208237604779115e-07,0.0,0.0,0.0,0.0,0.013888888888888888,0.0,0.0,1.0
4.0,2.8602189451706474e-09,0.0,0.0,0.0,0.0,0.013888888888888888,0.0,0.0,0.0
1.0,100.0,0.005065080982768905,0.5713773668178995,0.0,0.0,0.013888888888888888,0.0,0.0,1.0
2.0,4.723256330984082e-07,1.3644663989306863e-05,0.0,0.0,0.0,0.013888888888888888,0.0,0.0,1.0
3.0,4.71168147153278e-07,0.0,0.0,0.0,0.0,0.013888888888888888,0.0,0.0,1.0
4.0,2.867816307316702e-09,0.0,0.0,0.0,0.0,0.013888888888888888,0.0,0.0,0.0
1.0,100.0,0.005065044415603631,0.5714324780940496,0.0,0.0,0.013888888888888888,0.0,0.0,1.0
2.0,4.7140845930988667e-07,1.3630413430845085e-05,0.0,0.0,0.0,0.013888888888888888,0.0,0.0,1.0
3.0,4.7027972855894176e-07,0.0,0.0,0.0,0.0,0.013888888888888888,0.0,0.0,1.0
4.0,2.8765621173415943e-09,0.0,0.0,0.0,0.0,0.013888888888888888,0.0,0.0,0.0
1.0,100.0,0.0050650069878223946,0.5714873032566378,0.0,0.0,0.013888888888888888,0.0,0.0,1.0
2.0,4.70500196642667e-07,1.361601414506976e-05,0.0,0.0,0.0,0.013888888888888888,0.0,0.0,1.0
3.0,4.6935746204960216e-07,0.0,0.0,0.0,0.0,0.013888888888888888,0.0,0.0,1.0
4.0,2.8606345088812675e-09,0.0,0.0,0.0,0.0,0.013888888888888888,0.0,0.0,0.0
1.0,100.0,0.0050649686778402045,0.5715418180831211,0.0,0.0,0.013888888888888888,0.0,0.0,1.0
2.0,4.6959362594589607e-07,1.3601465097525033e-05,0.0,0.0,0.0,0.013888888888888888,0.0,0.0,1.0
3.0,4.6843430040236066e-07,0.0,0.0,0.0,0.0,0.013888888888888888,0.0,0.0,1.0
4.0,2.8500582075431996e-09,0.0,0.0,0.0,0.0,0.013888888888888888,0.0,0.0,0.0
1.0,100.0,0.005064929463327301,0.5715959976567498,0.0,0.0,0.013888888888888888,0.0,0.0,1.0
2.0,4.686905645038406e-07,1.35867652872852e-05,0.0,0.0,0.0,0.013888888888888888,0.0,0.0,1.0
3.0,4.675275084734427e-07,0.0,0.0,0.0,0.0,0.013888888888888888,0.0,0.0,1.0
4.0,2.8210686692050167e-09,0.0,0.0,0.0,0.0,0.013888888888888888,0.0,0.0,0.0
1.0,100.0,0.005064889321189139,0.5716498163960195,0.0,0.0,0.013888888888888888,0.0,0.0,1.0
2.0,4.6779088601447105e-07,1.35719137412851e-05,0.0,0.0,0.0,0.013888888888888888,0.0,0.0,1.0
3.0,4.6664605915428076e-07,0.0,0.0,0.0,0.0,0.013888888888888888,0.0,0.0,1.0
4.0,2.829145773630363e-09,0.0,0.0,0.0,0.0,0.013888888888888888,0.0,0.0,0.0
1.0,100.0,0.005064848227549582,0.5717032480278623,0.0,0.0,0.013888888888888888,0.0,0.0,1.0
2.0,4.6687001841692916e-07,1.3556909523579727e-05,0.0,0.0,0.0,0.013888888888888888,0.0,0.0,1.0
3.0,4.6573799376869596e-07,0.0,0.0,0.0,0.0,0.013888888888888888,0.0,0.0,1.0
4.0,2.83800530339129e-09,0.0,0.0,0.0,0.0,0.013888888888888888,0.0,0.0,0.0
1.0,100.0,0.005064806157744226,0.5717562655775296,0.0,0.0,0.013888888888888888,0.0,0.0,1.0
2.0,4.659719313071358e-07,1.3541751733829807e-05,0.0,0.0,0.0,0.013888888888888888,0.0,0.0,1.0
3.0,4.6485601528096204e-07,0.0,0.0,0.0,0.0,0.013888888888888888,0.0,0.0,1.0
4.0,2.8453251004454626e-09,0.0,0.0,0.0,0.0,0.013888888888888888,0.0,0.0,0.0
1.0,100.0,0.005064763086295491,0.5718088413648278,0.0,0.0,0.013888888888888888,0.0,0.0,1.0
2.0,4.6507003333461717e-07,1.3526439511611163e-05,0.0,0.0,0.0,0.013888888888888888,0.0,0.0,1.0
3.0,4.6393230173697603e-07,0.0,0.0,0.0,0.0,0.013888888888888888,0.0,0.0,1.0
4.0,2.829701136179295e-09,0.0,0.0,0.0,0.0,0.013888888888888888,0.0,0.0,0.0
1.0,100.0,0.005064718986905144,0.5718609469737185,0.0,0.0,0.013888888888888888,0.0,0.0,1.0
2.0,4.641815132898093e-07,1.35109720339421e-05,0.0,0.0,0.0,0.013888888888888888,0.0,0.0,1.0
3.0,4.6305284806898296e-07,0.0,0.0,0.0,0.0,0.013888888888888888,0.0,0.0,1.0
4.0,2.8370209671329214e-09,0.0,0.0,0.0,0.0,0.013888888888888888,0.0,0.0,0.0
1.0,100.0,0.005276177423492146,99.13132193353619,0.0,0.0,0.013888888888888888,0.0,0.0,1.0
2.0,7.40785766905276e-05,1.5004038758452425e-05,0.0,0.0,0.0,0.013888888888888888,0.0,0.0,1.0
3.0,7.369141051256164e-05,0.0,0.0,0.0,0.0,0.013888888888888888,0.0,0.0,1.0
4.0,2.5071645090420703e-07,0.0,0.0,0.0,0.0,0.013888888888888888,0.0,0.0,0.0
1.0,100.0,0.004963413904653126,0.6659280817391008,0.0,0.0,0.013888888888888888,0.0,0.0,1.0
2.0,4.3377182976121307e-07,1.2734855599804312e-05,0.0,0.0,0.0,0.013888888888888888,0.0,0.0,1.0
3.0,3.810098996023126e-07,0.0,0.0,0.0,0.0,0.013888888888888888,0.0,0.0,1.0
4.0,7.385740487497185e-10,0.0,0.0,0.0,0.0,0.013888888888888888,0.0,0.0,0.0
1.0,100.0,0.004865623261411396,0.5335581298526987,0.0,0.0,0.013888888888888888,0.0,0.0,1.0
2.0,1.0186536919386339e-07,1.2615905410797696e-05,0.0,0.0,0.0,0.013888888888888888,0.0,0.0,1.0
3.0,1.2032545861193091e-07,0.0,0.0,0.0,0.0,0.013888888888888888,0.0,0.0,1.0
4.0,1.5928201667639398e-09,0.0,0.0,0.0,0.0,0.013888888888888888,0.0,0.0,0.0
1.0,100.0,0.004862727993954785,0.5329796424787278,0.0,0.0,0.013888888888888888,0.0,0.0,1.0
2.0,2.1531125921632547e-07,1.2602964788898763e-05,0.0,0.0,0.0,0.013888888888888888,0.0,0.0,1.0
3.0,2.2201896886099217e-07,0.0,0.0,0.0,0.0,0.013888888888888888,0.0,0.0,1.0
4.0,1.893146428102354e-09,0.0,0.0,0.0,0.0,0.013888888888888888,0.0,0.0,0.0
1.0,100.0,0.004864385767796599,0.534058964881637,0.0,0.0,0.013888888888888888,0.0,0.0,1.0
2.0,3.0110091262172334e-07,1.2602407291679105e-05,0.0,0.0,0.0,0.013888888888888888,0.0,0.0,1.0
3.0,3.037161552629561e-07,0.0,0.0,0.0,0.0,0.013888888888888888,0.0,0.0,1.0
4.0,2.163065861667049e-09,0.0,0.0,0.0,0.0,0.013888888888888888,0.0,0.0,0.0
1.0,100.0,0.00486607467682278,0.5351381989607915,0.0,0.0,0.013888888888888888,0.0,0.0,1.0
2.0,3.778810528018529e-07,1.2601674923730136e-05,0.0,0.0,0.0,0.013888888888888888,0.0,0.0,1.0
3.0,3.788345863267735e-07,0.0,0.0,0.0,0.0,0.013888888888888888,0.0,0.0,1.0
4.0,2.4345478773207857e-09,0.0,0.0,0.0,0.0,0.013888888888888888,0.0,0.0,0.0
1.0,100.0,0.004867740391537243,0.5361982314689253,0.0,0.0,0.013888888888888888,0.0,0.0,1.0
2.0,4.508762965628708e-07,1.2600616885096365e-05,0.0,0.0,0.0,0.013888888888888888,0.0,0.0,1.0
3.0,4.5098246631669146e-07,0.0,0.0,0.0,0.0,0.013888888888888888,0.0,0.0,1.0
4.0,2.7078574366209184e-09,0.0,0.0,0.0,0.0,0.013888888888888888,0.0,0.0,0.0
1.0,100.0,0.00486938386309138,0.5372397379177685,0.0,0.0,0.013888888888888888,0.0,0.0,1.0
2.0,5.217681884616697e-07,1.2599235717935077e-05,0.0,0.0,0.0,0.013888888888888888,0.0,0.0,1.0
3.0,5.212601609220752e-07,0.0,0.0,0.0,0.0,0.013888888888888888,0.0,0.0,1.0
4.0,2.9689473631602204e-09,0.0,0.0,0.0,0.0,0.013888888888888888,0.0,0.0,0.0
1.0,100.0,0.004871006635273307,0.5382635870798087,0.0,0.0,0.013888888888888888,0.0,0.0,1.0
2.0,5.911270529233242e-07,1.259753521096251e-05,0.0,0.0,0.0,0.013888888888888888,0.0,0.0,1.0
3.0,5.90132821904875e-07,0.0,0.0,0.0,0.0,0.013888888888888888,0.0,0.0,1.0
4.0,3.233694820525147e-09,0.0,0.0,0.0,0.0,0.013888888888888888,0.0,0.0,0.0
1.0,100.0,0.004872610179295398,0.539270605737016,0.0,0.0,0.013888888888888888,0.0,0.0,1.0
2.0,6.591114637342007e-07,1.2595518564627003e-05,0.0,0.0,0.0,0.013888888888888888,0.0,0.0,1.0
3.0,6.576507600847798e-07,0.0,0.0,0.0,0.0,0.013888888888888888,0.0,0.0,1.0
4.0,3.5056209125927437e-09,0.0,0.0,0.0,0.0,0.013888888888888888,0.0,0.0,0.0
1.0,100.0,0.004874195892591035,0.540261578804772,0.0,0.0,0.013888888888888888,0.0,0.0,1.0
2.0,7.258201071779493e-07,1.2593188423367449e-05,0.0,0.0,0.0,0.013888888888888888,0.0,0.0,1.0
3.0,7.239116645330666e-07,0.0,0.0,0.0,0.0,0.013888888888888888,0.0,0.0,1.0
4.0,3.7801062890656034e-09,0.0,0.0,0.0,0.0,0.013888888888888888,0.0,0.0,0.0
1.0,100.0,0.004875765105050603,0.5412372519098432,0.0,0.0,0.013888888888888888,0.0,0.0,1.0
2.0,7.912980053092049e-07,1.2590546891104495e-05,0.0,0.0,0.0,0.013888888888888888,0.0,0.0,1.0
3.0,7.889401494651238e-07,0.0,0.0,0.0,0.0,0.013888888888888888,0.0,0.0,1.0
4.0,4.032414289556925e-09,0.0,0.0,0.0,0.0,0.013888888888888888,0.0,0.0,0.0
1.0,100.0,0.004877319084686938,0.5421983336706805,0.0,0.0,0.013888888888888888,0.0,0.0,1.0
2.0,8.555522550771589e-07,1.2587595569086803e-05,0.0,0.0,0.0,0.013888888888888888,0.0,0.0,1.0
3.0,8.527943876687402e-07,0.0,0.0,0.0,0.0,0.013888888888888888,0.0,0.0,1.0
4.0,4.320802045564164e-09,0.0,0.0,0.0,0.0,0.013888888888888888,0.0,0.0,0.0
1.0,100.0,0.0048788758844070124,0.543145497858963,0.0,0.0,0.013888888888888888,0.0,0.0,1.0
2.0,9.186107275024808e-07,1.2584359436540778e-05,0.0,0.0,0.0,0.013888888888888888,0.0,0.0,1.0
3.0,9.154311830607594e-07,0.0,0.0,0.0,0.0,0.013888888888888888,0.0,0.0,1.0
4.0,4.596124455431356e-09,0.0,0.0,0.0,0.0,0.013888888888888888,0.0,0.0,0.0
1.0,100.0,0.004880437632226892,0.5440793853155967,0.0,0.0,0.013888888888888888,0.0,0.0,1.0
2.0,9.80509749527961e-07,1.2580789899260809e-05,0.0,0.0,0.0,0.013888888888888888,0.0,0.0,1.0
3.0,9.769208500290218e-07,0.0,0.0,0.0,0.0,0.013888888888888888,0.0,0.0,1.0
4.0,4.8604640402490204e-09,0.0,0.0,0.0,0.0,0.013888888888888888,0.0,0.0,0.0
1.0,100.0,0.004881927363237293,0.5450006057723471,0.0,0.0,0.013888888888888888,0.0,0.0,1.0
2.0,1.0412634108326918e-06,1.2576695890048291e-05,0.0,0.0,0.0,0.013888888888888888,0.0,0.0,1.0
3.0,1.037267823500392e-06,0.0,0.0,0.0,0.0,0.013888888888888888,0.0,0.0,1.0
4.0,5.137055168447749e-09,0.0,0.0,0.0,0.0,0.013888888888888888,0.0,0.0,0.0
1.0,100.0,0.004883402376522964,0.5459097395165591,0.0,0.0,0.013888888888888888,0.0,0.0,1.0
2.0,1.1008734587384465e-06,1.2572267247995482e-05,0.0,0.0,0.0,0.013888888888888888,0.0,0.0,1.0
3.0,1.0965143875294072e-06,0.0,0.0,0.0,0.0,0.013888888888888888,0.0,0.0,1.0
4.0,5.421467850142077e-09,0.0,0.0,0.0,0.0,0.013888888888888888,0.0,0.0,0.0
1.0,100.0,0.004884863958690764,0.5468073389350195,0.0,0.0,0.013888888888888888,0.0,0.0,1.0
2.0,1.159368093388637e-06,1.2567504866975574e-05,0.0,0.0,0.0,0.013888888888888888,0.0,0.0,1.0
3.0,1.1546201375735781e-06,0.0,0.0,0.0,0.0,0.013888888888888888,0.0,0.0,1.0
4.0,5.687615699020624e-09,0.0,0.0,0.0,0.0,0.013888888888888888,0.0,0.0,0.0
1.0,100.0,0.004886313319962019,0.5476939299077346,0.0,0.0,0.013888888888888888,0.0,0.0,1.0
2.0,1.2167812445836848e-06,1.2562409075978748e-05,0.0,0.0,0.0,0.013888888888888888,0.0,0.0,1.0
3.0,1.2116554764485116e-06,0.0,0.0,0.0,0.0,0.013888888888888888,0.0,0.0,1.0
4.0,5.96916980713096e-09,0.0,0.0,0.0,0.0,0.013888888888888888,0.0,0.0,0.0
1.0,100.0,0.004887751623124148,0.5485700131877204,0.0,0.0,0.013888888888888888,0.0,0.0,1.0
2.0,1.273144923763279e-06,1.2556979750388629e-05,0.0,0.0,0.0,0.013888888888888888,0.0,0.0,1.0
3.0,1.2676621961419905e-06,0.0,0.0,0.0,0.0,0.013888888888888888,0.0,0.0,1.0
4.0,6.223019293984147e-09,0.0,0.0,0.0,0.0,0.013888888888888888,0.0,0.0,0.0
1.0,100.0,0.004889179986851495,0.5494360655590282,0.0,0.0,0.013888888888888888,0.0,0.0,1.0
2.0,1.328390749146916e-06,1.2551216326643172e-05,0.0,0.0,0.0,0.013888888888888888,0.0,0.0,1.0
3.0,1.322567017995514e-06,0.0,0.0,0.0,0.0,0.013888888888888888,0.0,0.0,1.0
4.0,6.530324610420949e-09,0.0,0.0,0.0,0.0,0.013888888888888888,0.0,0.0,0.0
1.0,100.0,0.0048905994886848155,0.5502925410326244,0.0,0.0,0.013888888888888888,0.0,0.0,1.0
2.0,1.3826466965437302e-06,1.2545117804727607e-05,0.0,0.0,0.0,0.013888888888888888,0.0,0.0,1.0
3.0,1.3764583032447842e-06,0.0,0.0,0.0,0.0,0.013888888888888888,0.0,0.0,1.0
4.0,6.790578672831077e-09,0.0,0.0,0.0,0.0,0.013888888888888888,0.0,0.0,0.0
1.0,100.0,0.004892011167719263,0.5511398718396079,0.0,0.0,0.013888888888888888,0.0,0.0,1.0
2.0,1.4358675680122277e-06,1.2538682777100164e-05,0.0,0.0,0.0,0.013888888888888888,0.0,0.0,1.0
3.0,1.4293545348838484e-06,0.0,0.0,0.0,0.0,0.013888888888888888,0.0,0.0,1.0
4.0,7.073356226731408e-09,0.0,0.0,0.0,0.0,0.013888888888888888,0.0,0.0,0.0
1.0,100.0,0.00489341602702532,0.5519784694400535,0.0,0.0,0.013888888888888888,0.0,0.0,1.0
2.0,1.4880739926592098e-06,1.2531909428941238e-05,0.0,0.0,0.0,0.013888888888888888,0.0,0.0,1.0
3.0,1.4812112478395193e-06,0.0,0.0,0.0,0.0,0.013888888888888888,0.0,0.0,1.0
4.0,7.337970217320104e-09,0.0,0.0,0.0,0.0,0.013888888888888888,0.0,0.0,0.0
1.0,100.0,0.004894815035822854,0.5528087253926844,0.0,0.0,0.013888888888888888,0.0,0.0,1.0
2.0,1.5393043179486349e-06,1.2524795548482208e-05,0.0,0.0,0.0,0.013888888888888888,0.0,0.0,1.0
3.0,1.5321276808550505e-06,0.0,0.0,0.0,0.0,0.013888888888888888,0.0,0.0,1.0
4.0,7.612765099703624e-09,0.0,0.0,0.0,0.0,0.013888888888888888,0.0,0.0,0.0
1.0,100.0,0.004896209131435933,0.5536310122271338,0.0,0.0,0.013888888888888888,0.0,0.0,1.0
2.0,1.5895491882111214e-06,1.2517338543902604e-05,0.0,0.0,0.0,0.013888888888888888,0.0,0.0,1.0
3.0,1.5820651240905124e-06,0.0,0.0,0.0,0.0,0.013888888888888888,0.0,0.0,1.0
4.0,7.880527272754573e-09,0.0,0.0,0.0,0.0,0.013888888888888888,0.0,0.0,0.0
1.0,100.0,0.004897599221050853,0.5544456841604474,0.0,0.0,0.013888888888888888,0.0,0.0,1.0
2.0,1.6388328674039064e-06,1.2509535443916261e-05,0.0,0.0,0.0,0.013888888888888888,0.0,0.0,1.0
3.0,1.6310384397522302e-06,0.0,0.0,0.0,0.0,0.013888888888888888,0.0,0.0,1.0
4.0,8.149144135817055e-09,0.0,0.0,0.0,0.0,0.013888888888888888,0.0,0.0,0.0
1.0,100.0,0.004898986183271448,0.5552530778659112,0.0,0.0,0.013888888888888888,0.0,0.0,1.0
2.0,1.6871832160170751e-06,1.2501382904073323e-05,0.0,0.0,0.0,0.013888888888888888,0.0,0.0,1.0
3.0,1.6791047660024408e-06,0.0,0.0,0.0,0.0,0.013888888888888888,0.0,0.0,1.0
4.0,8.44519260654293e-09,0.0,0.0,0.0,0.0,0.013888888888888888,0.0,0.0,0.0
1.0,100.0,0.004900370869517065,0.5560535130774454,0.0,0.0,0.013888888888888888,0.0,0.0,1.0
2.0,1.7345906268615748e-06,1.249287721666334e-05,0.0,0.0,0.0,0.013888888888888888,0.0,0.0,1.0
3.0,1.726191334280851e-06,0.0,0.0,0.0,0.0,0.013888888888888888,0.0,0.0,1.0
4.0,8.684966548516294e-09,0.0,0.0,0.0,0.0,0.013888888888888888,0.0,0.0,0.0
1.0,100.0,0.004901754105253699,0.5568472932459916,0.0,0.0,0.013888888888888888,0.0,0.0,1.0
2.0,1.7811046031540686e-06,1.2484014320320582e-05,0.0,0.0,0.0,0.013888888888888888,0.0,0.0,1.0
3.0,1.7724340541991898e-06,0.0,0.0,0.0,0.0,0.013888888888888888,0.0,0.0,1.0
4.0,8.968728819758875e-09,0.0,0.0,0.0,0.0,0.013888888888888888,0.0,0.0,0.0
1.0,100.0,0.004903136692115618,0.5576347060693422,0.0,0.0,0.013888888888888888,0.0,0.0,1.0
2.0,1.8267147682266948e-06,1.2474789799217942e-05,0.0,0.0,0.0,0.013888888888888888,0.0,0.0,1.0
3.0,1.8177494439292016e-06,0.0,0.0,0.0,0.0,0.013888888888888888,0.0,0.0,1.0
4.0,9.24362846060488e-09,0.0,0.0,0.0,0.0,0.013888888888888888,0.0,0.0,0.0
1.0,100.0,0.004904519413980265,0.5584160240340881,0.0,0.0,0.013888888888888888,0.0,0.0,1.0
2.0,1.8714483769806915e-06,1.2465198897915021e-05,0.0,0.0,0.0,0.013888888888888888,0.0,0.0,1.0
3.0,1.8622120940125979e-06,0.0,0.0,0.0,0.0,0.013888888888888888,0.0,0.0,1.0
4.0,9.51140705868953e-09,0.0,0.0,0.0,0.0,0.013888888888888888,0.0,0.0,0.0
1.0,100.0,0.004905903001243825,0.5591915048631708,0.0,0.0,0.013888888888888888,0.0,0.0,1.0
2.0,1.915306852426879e-06,1.2455236456202927e-05,0.0,0.0,0.0,0.013888888888888888,0.0,0.0,1.0
3.0,1.9058112873295733e-06,0.0,0.0,0.0,0.0,0.013888888888888888,0.0,0.0,1.0
4.0,9.776443592556256e-09,0.0,0.0,0.0,0.0,0.013888888888888888,0.0,0.0,0.0
1.0,100.0,0.004907288199835449,0.5599613919853377,0.0,0.0,0.013888888888888888,0.0,0.0,1.0
2.0,1.958281295436368e-06,1.2444897090080878e-05,0.0,0.0,0.0,0.013888888888888888,0.0,0.0,1.0
3.0,1.948525038463382e-06,0.0,0.0,0.0,0.0,0.013888888888888888,0.0,0.0,1.0
4.0,1.0049085820443028e-08,0.0,0.0,0.0,0.0,0.013888888888888888,0.0,0.0,0.0
1.0,100.0,0.004908675719183904,0.5607259144126004,0.0,0.0,0.013888888888888888,0.0,0.0,1.0
2.0,2.0004492484826994e-06,1.2434174823534152e-05,0.0,0.0,0.0,0.013888888888888888,0.0,0.0,1.0
3.0,1.990457503681043e-06,0.0,0.0,0.0,0.0,0.013888888888888888,0.0,0.0,1.0
4.0,1.0316348491015612e-08,0.0,0.0,0.0,0.0,0.013888888888888888,0.0,0.0,0.0
1.0,100.0,0.004910066247284854,0.5614852876887766,0.0,0.0,0.013888888888888888,0.0,0.0,1.0
2.0,2.041779211351206e-06,1.2423063394199235e-05,0.0,0.0,0.0,0.013888888888888888,0.0,0.0,1.0
3.0,2.031545306622605e-06,0.0,0.0,0.0,0.0,0.013888888888888888,0.0,0.0,1.0
4.0,1.0591040000677699e-08,0.0,0.0,0.0,0.0,0.013888888888888888,0.0,0.0,0.0
1.0,100.0,0.004911460450477727,0.5622397156548631,0.0,0.0,0.013888888888888888,0.0,0.0,1.0
2.0,2.0822779078140376e-06,1.2411556776032641e-05,0.0,0.0,0.0,0.013888888888888888,0.0,0.0,1.0
3.0,2.0717940733600837e-06,0.0,0.0,0.0,0.0,0.013888888888888888,0.0,0.0,1.0
4.0,1.082383262763271e-08,0.0,0.0,0.0,0.0,0.013888888888888888,0.0,0.0,0.0
1.0,100.0,0.004912688988265276,0.5629894237595658,0.0,0.0,0.013888888888888888,0.0,0.0,1.0
2.0,4.2841797108671205e-07,1.2399404644411387e-05,0.0,0.0,0.0,0.013888888888888888,0.0,0.0,1.0
3.0,4.2556286681031346e-07,0.0,0.0,0.0,0.0,0.013888888888888888,0.0,0.0,1.0
4.0,2.665140895396237e-09,0.0,0.0,0.0,0.0,0.013888888888888888,0.0,0.0,0.0
1.0,100.0,0.004920576404540723,0.5653211737680708,0.0,0.0,0.013888888888888888,0.0,0.0,1.0
2.0,4.1612034631996324e-07,1.2402541644315866e-05,0.0,0.0,0.0,0.013888888888888888,0.0,0.0,1.0
3.0,4.145291592110257e-07,0.0,0.0,0.0,0.0,0.013888888888888888,0.0,0.0,1.0
4.0,2.6138219315876124e-09,0.0,0.0,0.0,0.0,0.013888888888888888,0.0,0.0,0.0
1.0,100.0,0.004920711958655002,0.5653882560085853,0.0,0.0,0.013888888888888888,0.0,0.0,1.0
2.0,4.1414405763538745e-07,1.2384833520267356e-05,0.0,0.0,0.0,0.013888888888888888,0.0,0.0,1.0
3.0,4.129497260643168e-07,0.0,0.0,0.0,0.0,0.013888888888888888,0.0,0.0,1.0
4.0,2.6065683142709653e-09,0.0,0.0,0.0,0.0,0.013888888888888888,0.0,0.0,0.0
1.0,100.0,0.004920668186305029,0.5654025714237212,0.0,0.0,0.013888888888888888,0.0,0.0,1.0
2.0,4.1304846490889785e-07,1.2366509361920794e-05,0.0,0.0,0.0,0.013888888888888888,0.0,0.0,1.0
3.0,4.1198597896545513e-07,0.0,0.0,0.0,0.0,0.013888888888888888,0.0,0.0,1.0
4.0,2.6124887723584624e-09,0.0,0.0,0.0,0.0,0.013888888888888888,0.0,0.0,0.0
1.0,100.0,0.004920617167127573,0.5654141743975297,0.0,0.0,0.013888888888888888,0.0,0.0,1.0
2.0,4.1221558112373434e-07,1.234802926385443e-05,0.0,0.0,0.0,0.013888888888888888,0.0,0.0,1.0
3.0,4.112107038353863e-07,0.0,0.0,0.0,0.0,0.013888888888888888,0.0,0.0,1.0
4.0,2.6124153162669366e-09,0.0,0.0,0.0,0.0,0.013888888888888888,0.0,0.0,0.0
1.0,100.0,0.0049205626279195044,0.5654241261090642,0.0,0.0,0.013888888888888888,0.0,0.0,1.0
2.0,4.114871019287355e-07,1.2329404834879864e-05,0.0,0.0,0.0,0.013888888888888888,0.0,0.0,1.0
3.0,4.1048823509710033e-07,0.0,0.0,0.0,0.0,0.013888888888888888,0.0,0.0,1.0
4.0,2.600997702006115e-09,0.0,0.0,0.0,0.0,0.013888888888888888,0.0,0.0,0.0
1.0,100.0,0.004920504565042562,0.5654324044728116,0.0,0.0,0.013888888888888888,0.0,0.0,1.0
2.0,4.107829356820888e-07,1.2310637892322921e-05,0.0,0.0,0.0,0.013888888888888888,0.0,0.0,1.0
3.0,4.0979698163496886e-07,0.0,0.0,0.0,0.0,0.013888888888888888,0.0,0.0,1.0
4.0,2.594198615841308e-09,0.0,0.0,0.0,0.0,0.013888888888888888,0.0,0.0,0.0
1.0,100.0,0.00492044288976488,0.5654389626216274,0.0,0.0,0.013888888888888888,0.0,0.0,1.0
2.0,4.100728101180137e-07,1.22917301428949e-05,0.0,0.0,0.0,0.013888888888888888,0.0,0.0,1.0
3.0,4.0908679685618253e-07,0.0,0.0,0.0,0.0,0.013888888888888888,0.0,0.0,1.0
4.0,2.591677301449358e-09,0.0,0.0,0.0,0.0,0.013888888888888888,0.0,0.0,0.0
1.0,100.0,0.0049203775107422125,0.565443752869478,0.0,0.0,0.013888888888888888,0.0,0.0,1.0
2.0,4.0939117383072297e-07,1.2272683415827914e-05,0.0,0.0,0.0,0.013888888888888888,0.0,0.0,1.0
3.0,4.0840742315349376e-07,0.0,0.0,0.0,0.0,0.013888888888888888,0.0,0.0,1.0
4.0,2.5745437853854776e-09,0.0,0.0,0.0,0.0,0.013888888888888888,0.0,0.0,0.0
1.0,100.0,0.004920308336013863,0.5654467272438004,0.0,0.0,0.013888888888888888,0.0,0.0,1.0
2.0,4.0869183023690443e-07,1.2253499658305078e-05,0.0,0.0,0.0,0.013888888888888888,0.0,0.0,1.0
3.0,4.0771141468745436e-07,0.0,0.0,0.0,0.0,0.013888888888888888,0.0,0.0,1.0
4.0,2.602685495088533e-09,0.0,0.0,0.0,0.0,0.013888888888888888,0.0,0.0,0.0
1.0,100.0,0.004920235273179424,0.5654478375646269,0.0,0.0,0.013888888888888888,0.0,0.0,1.0
2.0,4.0801331616740836e-07,1.2234180941812154e-05,0.0,0.0,0.0,0.013888888888888888,0.0,0.0,1.0
3.0,4.070294974747111e-07,0.0,0.0,0.0,0.0,0.013888888888888888,0.0,0.0,1.0
4.0,2.5898171425536213e-09,0.0,0.0,0.0,0.0,0.013888888888888888,0.0,0.0,0.0
1.0,100.0,0.004920158229515912,0.5654470354901139,0.0,0.0,0.013888888888888888,0.0,0.0,1.0
2.0,4.0732225575628056e-07,1.2214729468412858e-05,0.0,0.0,0.0,0.013888888888888888,0.0,0.0,1.0
3.0,4.063484598846236e-07,0.0,0.0,0.0,0.0,0.013888888888888888,0.0,0.0,1.0
4.0,2.575094013159523e-09,0.0,0.0,0.0,0.0,0.013888888888888888,0.0,0.0,0.0
1.0,100.0,0.004920077112106063,0.5654442725631913,0.0,0.0,0.013888888888888888,0.0,0.0,1.0
2.0,4.066416775560543e-07,1.219514755738512e-05,0.0,0.0,0.0,0.013888888888888888,0.0,0.0,1.0
3.0,4.05668137837759e-07,0.0,0.0,0.0,0.0,0.013888888888888888,0.0,0.0,1.0
4.0,2.5761817784185214e-09,0.0,0.0,0.0,0.0,0.013888888888888888,0.0,0.0,0.0
1.0,100.0,0.004919991827984907,0.565439500273584,0.0,0.0,0.013888888888888888,0.0,0.0,1.0
2.0,4.05953335391401e-07,1.2175437664744088e-05,0.0,0.0,0.0,0.013888888888888888,0.0,0.0,1.0
3.0,4.049776417257363e-07,0.0,0.0,0.0,0.0,0.013888888888888888,0.0,0.0,1.0
4.0,2.581219077319095e-09,0.0,0.0,0.0,0.0,0.013888888888888888,0.0,0.0,0.0
1.0,100.0,0.004919902284286688,0.5654326701304618,0.0,0.0,0.013888888888888888,0.0,0.0,1.0
2.0,4.052705541659606e-07,1.215560236894703e-05,0.0,0.0,0.0,0.013888888888888888,0.0,0.0,1.0
3.0,4.0429404409281663e-07,0.0,0.0,0.0,0.0,0.013888888888888888,0.0,0.0,1.0
4.0,2.56308930120829e-09,0.0,0.0,0.0,0.0,0.013888888888888888,0.0,0.0,0.0
1.0,100.0,0.004919808388392094,0.5654237337025153,0.0,0.0,0.013888888888888888,0.0,0.0,1.0
2.0,4.0457517623105334e-07,1.2135644374004062e-05,0.0,0.0,0.0,0.013888888888888888,0.0,0.0,1.0
3.0,4.036162218107592e-07,0.0,0.0,0.0,0.0,0.013888888888888888,0.0,0.0,1.0
4.0,2.5740698174261634e-09,0.0,0.0,0.0,0.0,0.013888888888888888,0.0,0.0,0.0
1.0,100.0,0.00491971004810173,0.5654126427021431,0.0,0.0,0.013888888888888888,0.0,0.0,1.0
2.0,4.0389460827192e-07,1.2115566517865534e-05,0.0,0.0,0.0,0.013888888888888888,0.0,0.0,1.0
3.0,4.0291481240247727e-07,0.0,0.0,0.0,0.0,0.013888888888888888,0.0,0.0,1.0
4.0,2.556243089284424e-09,0.0,0.0,0.0,0.0,0.013888888888888888,0.0,0.0,0.0
1.0,100.0,0.0049196071718037625,0.5653993490474655,0.0,0.0,0.013888888888888888,0.0,0.0,1.0
2.0,4.0321955056364107e-07,1.2095371761815195e-05,0.0,0.0,0.0,0.013888888888888888,0.0,0.0,1.0
3.0,4.0225848368869126e-07,0.0,0.0,0.0,0.0,0.013888888888888888,0.0,0.0,1.0
4.0,2.561583311309771e-09,0.0,0.0,0.0,0.0,0.013888888888888888,0.0,0.0,0.0
1.0,100.0,0.0049194996686516765,0.5653838049425176,0.0,0.0,0.013888888888888888,0.0,0.0,1.0
2.0,4.025298141663353e-07,1.2075063194836539e-05,0.0,0.0,0.0,0.013888888888888888,0.0,0.0,1.0
3.0,4.015672872867016e-07,0.0,0.0,0.0,0.0,0.013888888888888888,0.0,0.0,1.0
4.0,2.5507976733227937e-09,0.0,0.0,0.0,0.0,0.013888888888888888,0.0,0.0,0.0
1.0,100.0,0.004919387448758137,0.5653659629414183,0.0,0.0,0.013888888888888888,0.0,0.0,1.0
2.0,4.0185214933788253e-07,1.2054644036029334e-05,0.0,0.0,0.0,0.013888888888888888,0.0,0.0,1.0
3.0,4.0088615619759666e-07,0.0,0.0,0.0,0.0,0.013888888888888888,0.0,0.0,1.0
4.0,2.5417912754872145e-09,0.0,0.0,0.0,0.0,0.013888888888888888,0.0,0.0,0.0
1.0,100.0,0.004919270423381776,0.5653457760498397,0.0,0.0,0.013888888888888888,0.0,0.0,1.0
2.0,4.0117522500641123e-07,1.2034117624768414e-05,0.0,0.0,0.0,0.013888888888888888,0.0,0.0,1.0
3.0,4.002291971244036e-07,0.0,0.0,0.0,0.0,0.013888888888888888,0.0,0.0,1.0
4.0,2.553680264737634e-09,0.0,0.0,0.0,0.0,0.013888888888888888,0.0,0.0,0.0
1.0,100.0,0.004919148505138079,0.5653231977821082,0.0,0.0,0.013888888888888888,0.0,0.0,1.0
2.0,4.0049973511757676e-07,1.2013487430962251e-05,0.0,0.0,0.0,0.013888888888888888,0.0,0.0,1.0
3.0,3.995436291504796e-07,0.0,0.0,0.0,0.0,0.013888888888888888,0.0,0.0,1.0
4.0,2.555348698803288e-09,0.0,0.0,0.0,0.0,0.013888888888888888,0.0,0.0,0.0
1.0,100.0,0.004919021608206365,0.5652981822639032,0.0,0.0,0.013888888888888888,0.0,0.0,1.0
2.0,3.998372754168813e-07,1.1992757045130568e-05,0.0,0.0,0.0,0.013888888888888888,0.0,0.0,1.0
3.0,3.988859173911425e-07,0.0,0.0,0.0,0.0,0.013888888888888888,0.0,0.0,1.0
4.0,2.545698942894948e-09,0.0,0.0,0.0,0.0,0.013888888888888888,0.0,0.0,0.0
1.0,100.0,0.004918889648549325,0.565270684321881,0.0,0.0,0.013888888888888888,0.0,0.0,1.0
2.0,3.9915729806134755e-07,1.1971930172680141e-05,0.0,0.0,0.0,0.013888888888888888,0.0,0.0,1.0
3.0,3.9818685293029476e-07,0.0,0.0,0.0,0.0,0.013888888888888888,0.0,0.0,1.0
4.0,2.5353300681847123e-09,0.0,0.0,0.0,0.0,0.013888888888888888,0.0,0.0,0.0
1.0,100.0,0.0049187525441343185,0.5652406595661283,0.0,0.0,0.013888888888888888,0.0,0.0,1.0
2.0,3.984937323252311e-07,1.1951010648440698e-05,0.0,0.0,0.0,0.013888888888888888,0.0,0.0,1.0
3.0,3.975401481685232e-07,0.0,0.0,0.0,0.0,0.013888888888888888,0.0,0.0,1.0
4.0,2.525705740429668e-09,0.0,0.0,0.0,0.0,0.013888888888888888,0.0,0.0,0.0
1.0,100.0,0.004918610215171252,0.5652080644898094,0.0,0.0,0.013888888888888888,0.0,0.0,1.0
2.0,3.978026810404038e-07,1.1930002418632954e-05,0.0,0.0,0.0,0.013888888888888888,0.0,0.0,1.0
3.0,3.9685172496451945e-07,0.0,0.0,0.0,0.0,0.013888888888888888,0.0,0.0,1.0
4.0,2.531727446060032e-09,0.0,0.0,0.0,0.0,0.013888888888888888,0.0,0.0,0.0
1.0,100.0,0.004918462584342284,0.5651728565790296,0.0,0.0,0.013888888888888888,0.0,0.0,1.0
2.0,3.9714097436299386e-07,1.1908909544386728e-05,0.0,0.0,0.0,0.013888888888888888,0.0,0.0,1.0
3.0,3.9618662772349636e-07,0.0,0.0,0.0,0.0,0.013888888888888888,0.0,0.0,1.0
4.0,2.5394146567583173e-09,0.0,0.0,0.0,0.0,0.013888888888888888,0.0,0.0,0.0
1.0,100.0,0.004918309577053162,0.5651349943866474,0.0,0.0,0.013888888888888888,0.0,0.0,1.0
2.0,3.964820645070026e-07,1.188773619932613e-05,0.0,0.0,0.0,0.013888888888888888,0.0,0.0,1.0
3.0,3.9554194148790925e-07,0.0,0.0,0.0,0.0,0.013888888888888888,0.0,0.0,1.0
4.0,2.5342066460417834e-09,0.0,0.0,0.0,0.0,0.013888888888888888,0.0,0.0,0.0
1.0,100.0,0.004918151121673107,0.5650944376576683,0.0,0.0,0.013888888888888888,0.0,0.0,1.0
2.0,3.958056876271263e-07,1.1866486660071463e-05,0.0,0.0,0.0,0.013888888888888888,0.0,0.0,1.0
3.0,3.9485653396813055e-07,0.0,0.0,0.0,0.0,0.013888888888888888,0.0,0.0,1.0
4.0,2.5144380427090374e-09,0.0,0.0,0.0,0.0,0.013888888888888888,0.0,0.0,0.0
1.0,100.0,0.004917987149794812,0.5650511474322121,0.0,0.0,0.013888888888888888,0.0,0.0,1.0
2.0,3.951285116130734e-07,1.184516531350557e-05,0.0,0.0,0.0,0.013888888888888888,0.0,0.0,1.0
3.0,3.942008743489327e-07,0.0,0.0,0.0,0.0,0.013888888888888888,0.0,0.0,1.0
4.0,2.523778188214838e-09,0.0,0.0,0.0,0.0,0.013888888888888888,0.0,0.0,0.0
1.0,100.0,0.004917817596488082,0.5650050861361209,0.0,0.0,0.013888888888888888,0.0,0.0,1.0
2.0,3.9447189779806016e-07,1.1823776643001002e-05,0.0,0.0,0.0,0.013888888888888888,0.0,0.0,1.0
3.0,3.9353687016868374e-07,0.0,0.0,0.0,0.0,0.013888888888888888,0.0,0.0,1.0
4.0,2.5218508967615687e-09,0.0,0.0,0.0,0.0,0.013888888888888888,0.0,0.0,0.0
1.0,100.0,0.004917642400556914,0.5649562177131835,0.0,0.0,0.013888888888888888,0.0,0.0,1.0
2.0,3.938093115131807e-07,1.1802325228364865e-05,0.0,0.0,0.0,0.013888888888888888,0.0,0.0,1.0
3.0,3.9287253354771175e-07,0.0,0.0,0.0,0.0,0.013888888888888888,0.0,0.0,1.0
4.0,2.5286548875067953e-09,0.0,0.0,0.0,0.0,0.013888888888888888,0.0,0.0,0.0
1.0,100.0,0.0049174615048117425,0.5649045077108247,0.0,0.0,0.013888888888888888,0.0,0.0,1.0
2.0,3.931350371328016e-07,1.1780815749511342e-05,0.0,0.0,0.0,0.013888888888888888,0.0,0.0,1.0
3.0,3.921840176482458e-07,0.0,0.0,0.0,0.0,0.013888888888888888,0.0,0.0,1.0
4.0,2.50715810600329e-09,0.0,0.0,0.0,0.0,0.013888888888888888,0.0,0.0,0.0
1.0,100.0,0.004917274856323674,0.5648499234206152,0.0,0.0,0.013888888888888888,0.0,0.0,1.0
2.0,3.92496313986131e-07,1.1759252960323441e-05,0.0,0.0,0.0,0.013888888888888888,0.0,0.0,1.0
3.0,3.915585588274549e-07,0.0,0.0,0.0,0.0,0.013888888888888888,0.0,0.0,1.0
4.0,2.5086376355084084e-09,0.0,0.0,0.0,0.0,0.013888888888888888,0.0,0.0,0.0
1.0,100.0,0.004917082406696878,0.5647924339704665,0.0,0.0,0.013888888888888888,0.0,0.0,1.0
2.0,3.9182136201228377e-07,1.1737641708785901e-05,0.0,0.0,0.0,0.013888888888888888,0.0,0.0,1.0
3.0,3.908831182507415e-07,0.0,0.0,0.0,0.0,0.013888888888888888,0.0,0.0,1.0
4.0,2.5009191861841372e-09,0.0,0.0,0.0,0.0,0.013888888888888888,0.0,0.0,0.0
1.0,100.0,0.005026325118522292,99.12337160538226,0.0,0.0,0.013888888888888888,0.0,0.0,1.0
2.0,5.007942055379235e-05,1.2511826406573496e-05,0.0,0.0,0.0,0.013888888888888888,0.0,0.0,1.0
3.0,4.975990077912829e-05,0.0,0.0,0.0,0.0,0.013888888888888888,0.0,0.0,1.0
4.0,1.568935807266472e-07,0.0,0.0,0.0,0.0,0.013888888888888888,0.0,0.0,0.0
1.0,100.0,0.00507420460066646,0.7148309880929562,0.0,0.0,0.013888888888888888,0.0,0.0,1.0
2.0,2.640110089366888e-07,1.1821599521257157e-05,0.0,0.0,0.0,0.013888888888888888,0.0,0.0,1.0
3.0,2.177770037959748e-07,0.0,0.0,0.0,0.0,0.013888888888888888,0.0,0.0,1.0
4.0,7.289021685915118e-10,0.0,0.0,0.0,0.0,0.013888888888888888,0.0,0.0,0.0
1.0,100.0,0.004767971058528462,0.5239233315476887,0.0,0.0,0.013888888888888888,0.0,0.0,1.0
2.0,2.1029664893761445e-07,1.1194165791341842e-05,0.0,0.0,0.0,0.013888888888888888,0.0,0.0,1.0
3.0,2.2714212048851198e-07,0.0,0.0,0.0,0.0,0.013888888888888888,0.0,0.0,1.0
4.0,1.897302492459835e-09,0.0,0.0,0.0,0.0,0.013888888888888888,0.0,0.0,0.0
1.0,100.0,0.004746807792666552,0.5253423790593472,0.0,0.0,0.013888888888888888,0.0,0.0,1.0
2.0,3.009425394731164e-07,1.1131870307671297e-05,0.0,0.0,0.0,0.013888888888888888,0.0,0.0,1.0
3.0,3.0645477465544696e-07,0.0,0.0,0.0,0.0,0.013888888888888888,0.0,0.0,1.0
4.0,2.1377288846693946e-09,0.0,0.0,0.0,0.0,0.013888888888888888,0.0,0.0,0.0
1.0,100.0,0.004745700094463212,0.5255533075397578,0.0,0.0,0.013888888888888888,0.0,0.0,1.0
2.0,3.6593783383459573e-07,1.1119351956138753e-05,0.0,0.0,0.0,0.013888888888888888,0.0,0.0,1.0
3.0,3.6750227897675676e-07,0.0,0.0,0.0,0.0,0.013888888888888888,0.0,0.0,1.0
4.0,2.3389120547259885e-09,0.0,0.0,0.0,0.0,0.013888888888888888,0.0,0.0,0.0
1.0,100.0,0.0047454663127491185,0.525706096731588,0.0,0.0,0.013888888888888888,0.0,0.0,1.0
2.0,4.2263458973797935e-07,1.1108829038917246e-05,0.0,0.0,0.0,0.013888888888888888,0.0,0.0,1.0
3.0,4.2261873100140466e-07,0.0,0.0,0.0,0.0,0.013888888888888888,0.0,0.0,1.0
4.0,2.5218357282048223e-09,0.0,0.0,0.0,0.0,0.013888888888888888,0.0,0.0,0.0
1.0,100.0,0.0047452698928945325,0.5258502399998194,0.0,0.0,0.013888888888888888,0.0,0.0,1.0
2.0,4.7598778893751273e-07,1.1098221065326016e-05,0.0,0.0,0.0,0.013888888888888888,0.0,0.0,1.0
3.0,4.751781883486631e-07,0.0,0.0,0.0,0.0,0.013888888888888888,0.0,0.0,1.0
4.0,2.72281385112151e-09,0.0,0.0,0.0,0.0,0.013888888888888888,0.0,0.0,0.0
1.0,100.0,0.004745075196791235,0.5259877682584432,0.0,0.0,0.013888888888888888,0.0,0.0,1.0
2.0,5.276484436704433e-07,1.1087445327321762e-05,0.0,0.0,0.0,0.013888888888888888,0.0,0.0,1.0
3.0,5.262976245863844e-07,0.0,0.0,0.0,0.0,0.013888888888888888,0.0,0.0,1.0
4.0,2.897495100983873e-09,0.0,0.0,0.0,0.0,0.013888888888888888,0.0,0.0,0.0
1.0,100.0,0.0047448812731734884,0.5261186645318272,0.0,0.0,0.013888888888888888,0.0,0.0,1.0
2.0,5.781625291591164e-07,1.1076505553724484e-05,0.0,0.0,0.0,0.013888888888888888,0.0,0.0,1.0
3.0,5.763466431301477e-07,0.0,0.0,0.0,0.0,0.013888888888888888,0.0,0.0,1.0
4.0,3.0667240500622784e-09,0.0,0.0,0.0,0.0,0.013888888888888888,0.0,0.0,0.0
1.0,100.0,0.004744688639074619,0.5262428211398342,0.0,0.0,0.013888888888888888,0.0,0.0,1.0
2.0,6.277166140519967e-07,1.106540901838977e-05,0.0,0.0,0.0,0.013888888888888888,0.0,0.0,1.0
3.0,6.254795739430687e-07,0.0,0.0,0.0,0.0,0.013888888888888888,0.0,0.0,1.0
4.0,3.2650350144237177e-09,0.0,0.0,0.0,0.0,0.013888888888888888,0.0,0.0,0.0
1.0,100.0,0.0047444978474879,0.5263601241120162,0.0,0.0,0.013888888888888888,0.0,0.0,1.0
2.0,6.763628753842198e-07,1.1054162957836405e-05,0.0,0.0,0.0,0.013888888888888888,0.0,0.0,1.0
3.0,6.737197625865546e-07,0.0,0.0,0.0,0.0,0.013888888888888888,0.0,0.0,1.0
4.0,3.4399892258190395e-09,0.0,0.0,0.0,0.0,0.013888888888888888,0.0,0.0,0.0
1.0,100.0,0.004744309428181943,0.5264704569462061,0.0,0.0,0.013888888888888888,0.0,0.0,1.0
2.0,7.24135333254589e-07,1.1042774445430504e-05,0.0,0.0,0.0,0.013888888888888888,0.0,0.0,1.0
3.0,7.210875390911923e-07,0.0,0.0,0.0,0.0,0.013888888888888888,0.0,0.0,1.0
4.0,3.6318997390049103e-09,0.0,0.0,0.0,0.0,0.013888888888888888,0.0,0.0,0.0
1.0,100.0,0.00474412388736046,0.5265737008679886,0.0,0.0,0.013888888888888888,0.0,0.0,1.0
2.0,7.710672127205504e-07,1.103125040761122e-05,0.0,0.0,0.0,0.013888888888888888,0.0,0.0,1.0
3.0,7.676450855250986e-07,0.0,0.0,0.0,0.0,0.013888888888888888,0.0,0.0,1.0
4.0,3.825663276881769e-09,0.0,0.0,0.0,0.0,0.013888888888888888,0.0,0.0,0.0
1.0,100.0,0.004743941709572447,0.5266697349844484,0.0,0.0,0.013888888888888888,0.0,0.0,1.0
2.0,8.171576087182247e-07,1.1019597631969377e-05,0.0,0.0,0.0,0.013888888888888888,0.0,0.0,1.0
3.0,8.133651766897318e-07,0.0,0.0,0.0,0.0,0.013888888888888888,0.0,0.0,1.0
4.0,4.018251621963993e-09,0.0,0.0,0.0,0.0,0.013888888888888888,0.0,0.0,0.0
1.0,100.0,0.00474378862413411,0.5267584363175273,0.0,0.0,0.013888888888888888,0.0,0.0,1.0
2.0,8.624304852908237e-07,1.1007824837915587e-05,0.0,0.0,0.0,0.013888888888888888,0.0,0.0,1.0
3.0,8.58264408122031e-07,0.0,0.0,0.0,0.0,0.013888888888888888,0.0,0.0,1.0
4.0,4.211368098491887e-09,0.0,0.0,0.0,0.0,0.013888888888888888,0.0,0.0,0.0
1.0,100.0,0.004743601550890165,0.5268396799610562,0.0,0.0,0.013888888888888888,0.0,0.0,1.0
2.0,9.068969746946708e-07,1.0995778489505367e-05,0.0,0.0,0.0,0.013888888888888888,0.0,0.0,1.0
3.0,9.023821243604812e-07,0.0,0.0,0.0,0.0,0.013888888888888888,0.0,0.0,1.0
4.0,4.4089114056899255e-09,0.0,0.0,0.0,0.0,0.013888888888888888,0.0,0.0,0.0
1.0,100.0,0.004743408233533266,0.5269133391783578,0.0,0.0,0.013888888888888888,0.0,0.0,1.0
2.0,9.505797414745278e-07,1.0983573252510766e-05,0.0,0.0,0.0,0.013888888888888888,0.0,0.0,1.0
3.0,9.457128154674734e-07,0.0,0.0,0.0,0.0,0.013888888888888888,0.0,0.0,1.0
4.0,4.6071467683579775e-09,0.0,0.0,0.0,0.0,0.013888888888888888,0.0,0.0,0.0
1.0,100.0,0.004743216896210776,0.5269792854878013,0.0,0.0,0.013888888888888888,0.0,0.0,1.0
2.0,9.934618701313018e-07,1.0971242675083296e-05,0.0,0.0,0.0,0.013888888888888888,0.0,0.0,1.0
3.0,9.882254726767982e-07,0.0,0.0,0.0,0.0,0.013888888888888888,0.0,0.0,1.0
4.0,4.7766761924960645e-09,0.0,0.0,0.0,0.0,0.013888888888888888,0.0,0.0,0.0
1.0,100.0,0.004743028063657946,0.5270373888025198,0.0,0.0,0.013888888888888888,0.0,0.0,1.0
2.0,1.0355855064108572e-06,1.0958793824421994e-05,0.0,0.0,0.0,0.013888888888888888,0.0,0.0,1.0
3.0,1.0300253905682256e-06,0.0,0.0,0.0,0.0,0.013888888888888888,0.0,0.0,1.0
4.0,4.988572121030405e-09,0.0,0.0,0.0,0.0,0.013888888888888888,0.0,0.0,0.0
1.0,100.0,0.00474284223684052,0.5270875175245852,0.0,0.0,0.013888888888888888,0.0,0.0,1.0
2.0,1.0769667919302763e-06,1.0946233630995306e-05,0.0,0.0,0.0,0.013888888888888888,0.0,0.0,1.0
3.0,1.0710786205575388e-06,0.0,0.0,0.0,0.0,0.013888888888888888,0.0,0.0,1.0
4.0,5.16984440161909e-09,0.0,0.0,0.0,0.0,0.013888888888888888,0.0,0.0,0.0
1.0,100.0,0.004742659897860837,0.5271295386817875,0.0,0.0,0.013888888888888888,0.0,0.0,1.0
2.0,1.1175691671958257e-06,1.0933568897049322e-05,0.0,0.0,0.0,0.013888888888888888,0.0,0.0,1.0
3.0,1.1113530822780702e-06,0.0,0.0,0.0,0.0,0.013888888888888888,0.0,0.0,1.0
4.0,5.377925922356008e-09,0.0,0.0,0.0,0.0,0.013888888888888888,0.0,0.0,0.0
1.0,100.0,0.004742481511062881,0.5271633180229582,0.0,0.0,0.013888888888888888,0.0,0.0,1.0
2.0,1.1574814354500015e-06,1.0920806309943767e-05,0.0,0.0,0.0,0.013888888888888888,0.0,0.0,1.0
3.0,1.1509407963295003e-06,0.0,0.0,0.0,0.0,0.013888888888888888,0.0,0.0,1.0
4.0,5.551258315869233e-09,0.0,0.0,0.0,0.0,0.013888888888888888,0.0,0.0,0.0
1.0,100.0,0.004742307523997411,0.527188720187547,0.0,0.0,0.013888888888888888,0.0,0.0,1.0
2.0,1.1966488565147524e-06,1.090795244018678e-05,0.0,0.0,0.0,0.013888888888888888,0.0,0.0,1.0
3.0,1.189795501063067e-06,0.0,0.0,0.0,0.0,0.013888888888888888,0.0,0.0,1.0
4.0,5.748977294790828e-09,0.0,0.0,0.0,0.0,0.013888888888888888,0.0,0.0,0.0
1.0,100.0,0.004742138368294136,0.5272056087661897,0.0,0.0,0.013888888888888888,0.0,0.0,1.0
2.0,1.235130167090386e-06,1.089501374531747e-05,0.0,0.0,0.0,0.013888888888888888,0.0,0.0,1.0
3.0,1.2279800966043721e-06,0.0,0.0,0.0,0.0,0.013888888888888888,0.0,0.0,1.0
4.0,5.957103076268779e-09,0.0,0.0,0.0,0.0,0.013888888888888888,0.0,0.0,0.0
1.0,100.0,0.004741974460417344,0.5272138464973078,0.0,0.0,0.013888888888888888,0.0,0.0,1.0
2.0,1.272883118590524e-06,1.0881996585987795e-05,0.0,0.0,0.0,0.013888888888888888,0.0,0.0,1.0
3.0,1.265426785255964e-06,0.0,0.0,0.0,0.0,0.013888888888888888,0.0,0.0,1.0
4.0,6.149619748167768e-09,0.0,0.0,0.0,0.0,0.013888888888888888,0.0,0.0,0.0
1.0,100.0,0.004741816202327528,0.5272132953734656,0.0,0.0,0.013888888888888888,0.0,0.0,1.0
2.0,1.3099752161016235e-06,1.0868907215921933e-05,0.0,0.0,0.0,0.013888888888888888,0.0,0.0,1.0
3.0,1.3022206347118133e-06,0.0,0.0,0.0,0.0,0.013888888888888888,0.0,0.0,1.0
4.0,6.338412430478083e-09,0.0,0.0,0.0,0.0,0.013888888888888888,0.0,0.0,0.0
1.0,100.0,0.004741663982067914,0.5272038167697616,0.0,0.0,0.013888888888888888,0.0,0.0,1.0
2.0,1.3463789730723392e-06,1.0855751780128745e-05,0.0,0.0,0.0,0.013888888888888888,0.0,0.0,1.0
3.0,1.338344415664825e-06,0.0,0.0,0.0,0.0,0.013888888888888888,0.0,0.0,1.0
4.0,6.535403873258802e-09,0.0,0.0,0.0,0.0,0.013888888888888888,0.0,0.0,0.0
1.0,100.0,0.004741518174285738,0.5271852716012284,0.0,0.0,0.013888888888888888,0.0,0.0,1.0
2.0,1.3821139887795492e-06,1.0842536318054317e-05,0.0,0.0,0.0,0.013888888888888888,0.0,0.0,1.0
3.0,1.3737848609885014e-06,0.0,0.0,0.0,0.0,0.013888888888888888,0.0,0.0,1.0
4.0,6.713455687509745e-09,0.0,0.0,0.0,0.0,0.013888888888888888,0.0,0.0,0.0
1.0,100.0,0.0047413791406756885,0.5271575204682365,0.0,0.0,0.013888888888888888,0.0,0.0,1.0
2.0,1.4172034328488536e-06,1.082926678478398e-05,0.0,0.0,0.0,0.013888888888888888,0.0,0.0,1.0
3.0,1.4085979308684773e-06,0.0,0.0,0.0,0.0,0.013888888888888888,0.0,0.0,1.0
4.0,6.918176820603834e-09,0.0,0.0,0.0,0.0,0.013888888888888888,0.0,0.0,0.0
1.0,100.0,0.004741247233270973,0.5271204237960516,0.0,0.0,0.013888888888888888,0.0,0.0,1.0
2.0,1.4516466674560048e-06,1.0815949006878644e-05,0.0,0.0,0.0,0.013888888888888888,0.0,0.0,1.0
3.0,1.4427600379203358e-06,0.0,0.0,0.0,0.0,0.013888888888888888,0.0,0.0,1.0
4.0,7.083973930462524e-09,0.0,0.0,0.0,0.0,0.013888888888888888,0.0,0.0,0.0
1.0,100.0,0.004741122783899686,0.5270738419856409,0.0,0.0,0.013888888888888888,0.0,0.0,1.0
2.0,1.4854472310477453e-06,1.0802588702406918e-05,0.0,0.0,0.0,0.013888888888888888,0.0,0.0,1.0
3.0,1.4762925224166112e-06,0.0,0.0,0.0,0.0,0.013888888888888888,0.0,0.0,1.0
4.0,7.2876813847482625e-09,0.0,0.0,0.0,0.0,0.013888888888888888,0.0,0.0,0.0
1.0,100.0,0.004741006114045557,0.5270176355891968,0.0,0.0,0.013888888888888888,0.0,0.0,1.0
2.0,1.5186444042870322e-06,1.0789191490537334e-05,0.0,0.0,0.0,0.013888888888888888,0.0,0.0,1.0
3.0,1.5092374530657307e-06,0.0,0.0,0.0,0.0,0.013888888888888888,0.0,0.0,1.0
4.0,7.46760476032799e-09,0.0,0.0,0.0,0.0,0.013888888888888888,0.0,0.0,0.0
1.0,100.0,0.004740897542634217,0.5269516654484646,0.0,0.0,0.013888888888888888,0.0,0.0,1.0
2.0,1.5511865797062522e-06,1.0775762910832293e-05,0.0,0.0,0.0,0.013888888888888888,0.0,0.0,1.0
3.0,1.5415302274351084e-06,0.0,0.0,0.0,0.0,0.013888888888888888,0.0,0.0,1.0
4.0,7.66163103669741e-09,0.0,0.0,0.0,0.0,0.013888888888888888,0.0,0.0,0.0
1.0,100.0,0.004740797371541386,0.5268757928244955,0.0,0.0,0.013888888888888888,0.0,0.0,1.0
2.0,1.5831418409908082e-06,1.0762308354477741e-05,0.0,0.0,0.0,0.013888888888888888,0.0,0.0,1.0
3.0,1.5732267419419362e-06,0.0,0.0,0.0,0.0,0.013888888888888888,0.0,0.0,1.0
4.0,7.8541285093456e-09,0.0,0.0,0.0,0.0,0.013888888888888888,0.0,0.0,0.0
1.0,100.0,0.004740705891384465,0.5267898796458771,0.0,0.0,0.013888888888888888,0.0,0.0,1.0
2.0,1.6145142437675091e-06,1.074883311205076e-05,0.0,0.0,0.0,0.013888888888888888,0.0,0.0,1.0
3.0,1.6043779970310695e-06,0.0,0.0,0.0,0.0,0.013888888888888888,0.0,0.0,1.0
4.0,8.058142269856431e-09,0.0,0.0,0.0,0.0,0.013888888888888888,0.0,0.0,0.0
1.0,100.0,0.004740623381758556,0.526693788341357,0.0,0.0,0.013888888888888888,0.0,0.0,1.0
2.0,1.6452754835510039e-06,1.073534226266687e-05,0.0,0.0,0.0,0.013888888888888888,0.0,0.0,1.0
3.0,1.6348844573084192e-06,0.0,0.0,0.0,0.0,0.013888888888888888,0.0,0.0,1.0
4.0,8.223952174327253e-09,0.0,0.0,0.0,0.0,0.013888888888888888,0.0,0.0,0.0
1.0,100.0,0.004740550111508726,0.5265873817059777,0.0,0.0,0.013888888888888888,0.0,0.0,1.0
2.0,1.6754710855163167e-06,1.0721840588568732e-05,0.0,0.0,0.0,0.013888888888888888,0.0,0.0,1.0
3.0,1.6648841743045648e-06,0.0,0.0,0.0,0.0,0.013888888888888888,0.0,0.0,1.0
4.0,8.419130139597833e-09,0.0,0.0,0.0,0.0,0.013888888888888888,0.0,0.0,0.0
1.0,100.0,0.004740395375269725,0.5264707472538642,0.0,0.0,0.013888888888888888,0.0,0.0,1.0
2.0,1.0094214151913317e-05,1.0708312091253043e-05,0.0,0.0,0.0,0.013888888888888888,0.0,0.0,1.0
3.0,1.007069283503484e-05,0.0,0.0,0.0,0.0,0.013888888888888888,0.0,0.0,1.0
4.0,6.506862029077778e-08,0.0,0.0,0.0,0.0,0.013888888888888888,0.0,0.0,0.0
1.0,100.0,0.004742768160976056,0.5266160139971837,0.0,0.0,0.013888888888888888,0.0,0.0,1.0
2.0,9.652672248668063e-06,1.0699605648965926e-05,0.0,0.0,0.0,0.013888888888888888,0.0,0.0,1.0
3.0,9.62816551212768e-06,0.0,0.0,0.0,0.0,0.013888888888888888,0.0,0.0,1.0
4.0,6.256041617266143e-08,0.0,0.0,0.0,0.0,0.013888888888888888,0.0,0.0,0.0
1.0,100.0,0.004741975645980617,0.5269425991579451,0.0,0.0,0.013888888888888888,0.0,0.0,1.0
2.0,9.20336899331006e-06,1.0682928353032593e-05,0.0,0.0,0.0,0.013888888888888888,0.0,0.0,1.0
3.0,9.179442066306117e-06,0.0,0.0,0.0,0.0,0.013888888888888888,0.0,0.0,1.0
4.0,5.991151820713264e-08,0.0,0.0,0.0,0.0,0.013888888888888888,0.0,0.0,0.0
1.0,100.0,0.004741048312984382,0.5272678820660865,0.0,0.0,0.013888888888888888,0.0,0.0,1.0
2.0,8.78242984530116e-06,1.0665941743852267e-05,0.0,0.0,0.0,0.013888888888888888,0.0,0.0,1.0
3.0,8.759494697461618e-06,0.0,0.0,0.0,0.0,0.013888888888888888,0.0,0.0,1.0
4.0,5.742715819218874e-08,0.0,0.0,0.0,0.0,0.013888888888888888,0.0,0.0,0.0
1.0,100.0,0.004740124532413155,0.5275836614543115,0.0,0.0,0.013888888888888888,0.0,0.0,1.0
2.0,8.38859632115294e-06,1.0648998527438037e-05,0.0,0.0,0.0,0.013888888888888888,0.0,0.0,1.0
3.0,8.366746171574897e-06,0.0,0.0,0.0,0.0,0.013888888888888888,0.0,0.0,1.0
4.0,5.5094452960718284e-08,0.0,0.0,0.0,0.0,0.013888888888888888,0.0,0.0,0.0
1.0,100.0,0.004739210507028733,0.5278895408904858,0.0,0.0,0.013888888888888888,0.0,0.0,1.0
2.0,8.019925341014791e-06,1.06321176645022e-05,0.0,0.0,0.0,0.013888888888888888,0.0,0.0,1.0
3.0,7.999126956157815e-06,0.0,0.0,0.0,0.0,0.013888888888888888,0.0,0.0,1.0
4.0,5.2877652876873296e-08,0.0,0.0,0.0,0.0,0.013888888888888888,0.0,0.0,0.0
1.0,100.0,0.004738306630102341,0.528185463534018,0.0,0.0,0.013888888888888888,0.0,0.0,1.0
2.0,7.674440568302761e-06,1.0615303399324474e-05,0.0,0.0,0.0,0.013888888888888888,0.0,0.0,1.0
3.0,7.654617190424536e-06,0.0,0.0,0.0,0.0,0.013888888888888888,0.0,0.0,1.0
4.0,5.077997416750194e-08,0.0,0.0,0.0,0.0,0.013888888888888888,0.0,0.0,0.0
1.0,100.0,0.004737413032649131,0.5284713910854358,0.0,0.0,0.013888888888888888,0.0,0.0,1.0
2.0,7.350373705804204e-06,1.0598559281596969e-05,0.0,0.0,0.0,0.013888888888888888,0.0,0.0,1.0
3.0,7.3314662413758716e-06,0.0,0.0,0.0,0.0,0.013888888888888888,0.0,0.0,1.0
4.0,4.8821734543392103e-08,0.0,0.0,0.0,0.0,0.013888888888888888,0.0,0.0,0.0
1.0,100.0,0.004736529827596629,0.5287472900822341,0.0,0.0,0.013888888888888888,0.0,0.0,1.0
2.0,7.045955024735255e-06,1.058188874507683e-05,0.0,0.0,0.0,0.013888888888888888,0.0,0.0,1.0
3.0,7.027929729800328e-06,0.0,0.0,0.0,0.0,0.013888888888888888,0.0,0.0,1.0
4.0,4.6975868227829225e-08,0.0,0.0,0.0,0.0,0.013888888888888888,0.0,0.0,0.0
1.0,100.0,0.004735657120521135,0.5290131314034244,0.0,0.0,0.013888888888888888,0.0,0.0,1.0
2.0,6.759726728477728e-06,1.0565295127934616e-05,0.0,0.0,0.0,0.013888888888888888,0.0,0.0,1.0
3.0,6.742507447282569e-06,0.0,0.0,0.0,0.0,0.013888888888888888,0.0,0.0,1.0
4.0,4.521679394385483e-08,0.0,0.0,0.0,0.0,0.013888888888888888,0.0,0.0,0.0
1.0,100.0,0.00473479501006323,0.5292688903442366,0.0,0.0,0.013888888888888888,0.0,0.0,1.0
2.0,6.4902626988985795e-06,1.0548781690693621e-05,0.0,0.0,0.0,0.013888888888888888,0.0,0.0,1.0
3.0,6.473796151552079e-06,0.0,0.0,0.0,0.0,0.013888888888888888,0.0,0.0,1.0
4.0,4.35470022005221e-08,0.0,0.0,0.0,0.0,0.013888888888888888,0.0,0.0,0.0
1.0,100.0,0.004733943587940372,0.5295145467283744,0.0,0.0,0.013888888888888888,0.0,0.0,1.0
2.0,6.236311774622091e-06,1.0532351596962621e-05,0.0,0.0,0.0,0.013888888888888888,0.0,0.0,1.0
3.0,6.220566038403997e-06,0.0,0.0,0.0,0.0,0.013888888888888888,0.0,0.0,1.0
4.0,4.198552522684913e-08,0.0,0.0,0.0,0.0,0.013888888888888888,0.0,0.0,0.0
1.0,100.0,0.004733102938907566,0.5297500849623462,0.0,0.0,0.013888888888888888,0.0,0.0,1.0
2.0,5.996746135005689e-06,1.051600789287956e-05,0.0,0.0,0.0,0.013888888888888888,0.0,0.0,1.0
3.0,5.981671510309303e-06,0.0,0.0,0.0,0.0,0.013888888888888888,0.0,0.0,1.0
4.0,4.0499431961370655e-08,0.0,0.0,0.0,0.0,0.013888888888888888,0.0,0.0,0.0
1.0,100.0,0.00473227314078641,0.5299754941255308,0.0,0.0,0.013888888888888888,0.0,0.0,1.0
2.0,5.770501630094279e-06,1.0499753526843008e-05,0.0,0.0,0.0,0.013888888888888888,0.0,0.0,1.0
3.0,5.7560444332428394e-06,0.0,0.0,0.0,0.0,0.013888888888888888,0.0,0.0,1.0
4.0,3.907632110639132e-08,0.0,0.0,0.0,0.0,0.013888888888888888,0.0,0.0,0.0
1.0,100.0,0.004731454264480278,0.5301907680883465,0.0,0.0,0.013888888888888888,0.0,0.0,1.0
2.0,5.5566398479739995e-06,1.0483591339823926e-05,0.0,0.0,0.0,0.013888888888888888,0.0,0.0,1.0
3.0,5.542780528192077e-06,0.0,0.0,0.0,0.0,0.013888888888888888,0.0,0.0,1.0
4.0,3.774585761478272e-08,0.0,0.0,0.0,0.0,0.013888888888888888,0.0,0.0,0.0
1.0,100.0,0.004730646374013928,0.5303959055274727,0.0,0.0,0.013888888888888888,0.0,0.0,1.0
2.0,5.354259866425424e-06,1.0467524052228255e-05,0.0,0.0,0.0,0.013888888888888888,0.0,0.0,1.0
3.0,5.340958876263706e-06,0.0,0.0,0.0,0.0,0.013888888888888888,0.0,0.0,1.0
4.0,3.647212247985081e-08,0.0,0.0,0.0,0.0,0.013888888888888888,0.0,0.0,0.0
1.0,100.0,0.0047298495265779205,0.5305909100457403,0.0,0.0,0.013888888888888888,0.0,0.0,1.0
2.0,5.1626079258649115e-06,1.0451554257245586e-05,0.0,0.0,0.0,0.013888888888888888,0.0,0.0,1.0
3.0,5.149834019605368e-06,0.0,0.0,0.0,0.0,0.013888888888888888,0.0,0.0,1.0
4.0,3.525435612260179e-08,0.0,0.0,0.0,0.0,0.013888888888888888,0.0,0.0,0.0
1.0,100.0,0.0047290637726202685,0.53077579021736,0.0,0.0,0.013888888888888888,0.0,0.0,1.0
2.0,4.98090799293282e-06,1.0435684422710673e-05,0.0,0.0,0.0,0.013888888888888888,0.0,0.0,1.0
3.0,4.9686171519498935e-06,0.0,0.0,0.0,0.0,0.013888888888888888,0.0,0.0,1.0
4.0,3.410611755339166e-08,0.0,0.0,0.0,0.0,0.013888888888888888,0.0,0.0,0.0
1.0,100.0,0.0047282891559377515,0.5309505596500894,0.0,0.0,0.013888888888888888,0.0,0.0,1.0
2.0,4.8085215676876245e-06,1.0419916890888688e-05,0.0,0.0,0.0,0.013888888888888888,0.0,0.0,1.0
3.0,4.796690349072297e-06,0.0,0.0,0.0,0.0,0.013888888888888888,0.0,0.0,1.0
4.0,3.300849979040189e-08,0.0,0.0,0.0,0.0,0.013888888888888888,0.0,0.0,0.0
1.0,100.0,0.0047275257137538,0.531115237048781,0.0,0.0,0.013888888888888888,0.0,0.0,1.0
2.0,4.6448380063011795e-06,1.040425386158839e-05,0.0,0.0,0.0,0.013888888888888888,0.0,0.0,1.0
3.0,4.633455461193767e-06,0.0,0.0,0.0,0.0,0.013888888888888888,0.0,0.0,1.0
4.0,3.195642445811831e-08,0.0,0.0,0.0,0.0,0.013888888888888888,0.0,0.0,0.0
1.0,100.0,0.0047267734768816246,0.5312698462516341,0.0,0.0,0.013888888888888888,0.0,0.0,1.0
2.0,4.489256072149447e-06,1.0388697422514113e-05,0.0,0.0,0.0,0.013888888888888888,0.0,0.0,1.0
3.0,4.478295868157779e-06,0.0,0.0,0.0,0.0,0.013888888888888888,0.0,0.0,1.0
4.0,3.095658490498428e-08,0.0,0.0,0.0,0.0,0.013888888888888888,0.0,0.0,0.0
1.0,100.0,0.004726032469836871,0.5314144163179589,0.0,0.0,0.013888888888888888,0.0,0.0,1.0
2.0,4.341267590447505e-06,1.0373249492912468e-05,0.0,0.0,0.0,0.013888888888888888,0.0,0.0,1.0
3.0,4.3306995691310795e-06,0.0,0.0,0.0,0.0,0.013888888888888888,0.0,0.0,1.0
4.0,3.0006512965609105e-08,0.0,0.0,0.0,0.0,0.013888888888888888,0.0,0.0,0.0
1.0,100.0,0.0047253027109976165,0.5315489815224692,0.0,0.0,0.013888888888888888,0.0,0.0,1.0
2.0,4.200415140219676e-06,1.0357911879870793e-05,0.0,0.0,0.0,0.013888888888888888,0.0,0.0,1.0
3.0,4.190243070137043e-06,0.0,0.0,0.0,0.0,0.013888888888888888,0.0,0.0,1.0
4.0,2.9108794522051542e-08,0.0,0.0,0.0,0.0,0.013888888888888888,0.0,0.0,0.0
1.0,100.0,0.004724584212748524,0.5316735814151444,0.0,0.0,0.013888888888888888,0.0,0.0,1.0
2.0,4.066229167908728e-06,1.0342686216473693e-05,0.0,0.0,0.0,0.013888888888888888,0.0,0.0,1.0
3.0,4.056389821146234e-06,0.0,0.0,0.0,0.0,0.013888888888888888,0.0,0.0,1.0
4.0,2.8227949109907475e-08,0.0,0.0,0.0,0.0,0.013888888888888888,0.0,0.0,0.0
1.0,100.0,0.0047238769817191,0.5317882608615631,0.0,0.0,0.013888888888888888,0.0,0.0,1.0
2.0,3.9383288301687804e-06,1.0327574032939405e-05,0.0,0.0,0.0,0.013888888888888888,0.0,0.0,1.0
3.0,3.928836856054522e-06,0.0,0.0,0.0,0.0,0.013888888888888888,0.0,0.0,1.0
4.0,2.73983698311205e-08,0.0,0.0,0.0,0.0,0.013888888888888888,0.0,0.0,0.0
1.0,100.0,0.004723181018887596,0.5318930700664842,0.0,0.0,0.013888888888888888,0.0,0.0,1.0
2.0,3.816292316734246e-06,1.0312576687139876e-05,0.0,0.0,0.0,0.013888888888888888,0.0,0.0,1.0
3.0,3.8071200037244823e-06,0.0,0.0,0.0,0.0,0.013888888888888888,0.0,0.0,1.0
4.0,2.6620174236141776e-08,0.0,0.0,0.0,0.0,0.013888888888888888,0.0,0.0,0.0
1.0,100.0,0.004722496319860028,0.5319880645575135,0.0,0.0,0.013888888888888888,0.0,0.0,1.0
2.0,3.6998146186624285e-06,1.0297695405608343e-05,0.0,0.0,0.0,0.013888888888888888,0.0,0.0,1.0
3.0,3.6909338179625338e-06,0.0,0.0,0.0,0.0,0.013888888888888888,0.0,0.0,1.0
4.0,2.5834035814635336e-08,0.0,0.0,0.0,0.0,0.013888888888888888,0.0,0.0,0.0
1.0,100.0,0.004721822875037132,0.5320733052511781,0.0,0.0,0.013888888888888888,0.0,0.0,1.0
2.0,3.5885288091590692e-06,1.0282931260838893e-05,0.0,0.0,0.0,0.013888888888888888,0.0,0.0,1.0
3.0,3.579938110945495e-06,0.0,0.0,0.0,0.0,0.013888888888888888,0.0,0.0,1.0
4.0,2.5107912047262844e-08,0.0,0.0,0.0,0.0,0.013888888888888888,0.0,0.0,0.0
1.0,100.0,0.004721160669857933,0.5321488584441189,0.0,0.0,0.013888888888888888,0.0,0.0,1.0
2.0,3.4821569664812204e-06,1.0268285195773502e-05,0.0,0.0,0.0,0.013888888888888888,0.0,0.0,1.0
3.0,3.4738541557278145e-06,0.0,0.0,0.0,0.0,0.013888888888888888,0.0,0.0,1.0
4.0,2.4414228805794985e-08,0.0,0.0,0.0,0.0,0.013888888888888888,0.0,0.0,0.0
1.0,100.0,0.00472050968500069,0.5322147958058515,0.0,0.0,0.013888888888888888,0.0,0.0,1.0
2.0,3.380394337416919e-06,1.0253758012258664e-05,0.0,0.0,0.0,0.013888888888888888,0.0,0.0,1.0
3.0,3.3723682553046602e-06,0.0,0.0,0.0,0.0,0.013888888888888888,0.0,0.0,1.0
4.0,2.374573672525772e-08,0.0,0.0,0.0,0.0,0.013888888888888888,0.0,0.0,0.0
1.0,100.0,0.004719869896646754,0.5322711944072528,0.0,0.0,0.013888888888888888,0.0,0.0,1.0
2.0,3.2829960986784634e-06,1.0239350371882374e-05,0.0,0.0,0.0,0.013888888888888888,0.0,0.0,1.0
3.0,3.2752155193192366e-06,0.0,0.0,0.0,0.0,0.013888888888888888,0.0,0.0,1.0
4.0,2.3110355656110378e-08,0.0,0.0,0.0,0.0,0.013888888888888888,0.0,0.0,0.0
1.0,100.0,0.004719241276722902,0.5323181366756973,0.0,0.0,0.013888888888888888,0.0,0.0,1.0
2.0,3.1897370561727955e-06,1.0225062809544466e-05,0.0,0.0,0.0,0.013888888888888888,0.0,0.0,1.0
3.0,3.1821904598778827e-06,0.0,0.0,0.0,0.0,0.013888888888888888,0.0,0.0,1.0
4.0,2.2492182406690967e-08,0.0,0.0,0.0,0.0,0.013888888888888888,0.0,0.0,0.0
1.0,100.0,0.004718623793112012,0.5323557103824041,0.0,0.0,0.013888888888888888,0.0,0.0,1.0
2.0,3.100378091003322e-06,1.0210895685031012e-05,0.0,0.0,0.0,0.013888888888888888,0.0,0.0,1.0
3.0,3.0930760052856646e-06,0.0,0.0,0.0,0.0,0.013888888888888888,0.0,0.0,1.0
4.0,2.1909681618090172e-08,0.0,0.0,0.0,0.0,0.013888888888888888,0.0,0.0,0.0
1.0,100.0,0.004718017409958309,0.5323840086505436,0.0,0.0,0.013888888888888888,0.0,0.0,1.0
2.0,3.014672758165301e-06,1.0196849288805546e-05,0.0,0.0,0.0,0.013888888888888888,0.0,0.0,1.0
3.0,3.0075802093320186e-06,0.0,0.0,0.0,0.0,0.013888888888888888,0.0,0.0,1.0
4.0,2.1321605592201438e-08,0.0,0.0,0.0,0.0,0.013888888888888888,0.0,0.0,0.0
1.0,100.0,0.004717422087872108,0.5324031299070123,0.0,0.0,0.013888888888888888,0.0,0.0,1.0
2.0,2.932453748854832e-06,1.0182923729378688e-05,0.0,0.0,0.0,0.013888888888888888,0.0,0.0,1.0
3.0,2.9255550647794868e-06,0.0,0.0,0.0,0.0,0.013888888888888888,0.0,0.0,1.0
4.0,2.0773503418940562e-08,0.0,0.0,0.0,0.0,0.013888888888888888,0.0,0.0,0.0
1.0,100.0,0.004795187731156936,99.11525314621605,0.0,0.0,0.013888888888888888,0.0,0.0,1.0
2.0,3.116910473721935e-05,1.0750034052263176e-05,0.0,0.0,0.0,0.013888888888888888,0.0,0.0,1.0
3.0,3.092982730423628e-05,0.0,0.0,0.0,0.0,0.013888888888888888,0.0,0.0,1.0
4.0,8.979236401806558e-08,0.0,0.0,0.0,0.0,0.013888888888888888,0.0,0.0,0.0
1.0,100.0,0.00491293699665092,0.5997775451962636,0.0,0.0,0.013888888888888888,0.0,0.0,1.0
2.0,2.4552864160414613e-06,1.0592015733656961e-05,0.0,0.0,0.0,0.013888888888888888,0.0,0.0,1.0
3.0,2.4949918816047586e-06,0.0,0.0,0.0,0.0,0.013888888888888888,0.0,0.0,1.0
4.0,1.873411027121103e-08,0.0,0.0,0.0,0.0,0.013888888888888888,0.0,0.0,0.0
1.0,100.0,0.004714801619240044,0.5139072896639711,0.0,0.0,0.013888888888888888,0.0,0.0,1.0
2.0,2.6730082735734726e-06,1.0403803924054334e-05,0.0,0.0,0.0,0.013888888888888888,0.0,0.0,1.0
3.0,2.681453068630096e-06,0.0,0.0,0.0,0.0,0.013888888888888888,0.0,0.0,1.0
4.0,1.908010015109645e-08,0.0,0.0,0.0,0.0,0.013888888888888888,0.0,0.0,0.0
1.0,100.0,0.0046951097937113825,0.5143433372894307,0.0,0.0,0.013888888888888888,0.0,0.0,1.0
2.0,2.677616606523732e-06,1.0371438894074085e-05,0.0,0.0,0.0,0.013888888888888888,0.0,0.0,1.0
3.0,2.6760579962586447e-06,0.0,0.0,0.0,0.0,0.013888888888888888,0.0,0.0,1.0
4.0,1.8815144960867736e-08,0.0,0.0,0.0,0.0,0.013888888888888888,0.0,0.0,0.0
1.0,100.0,0.004694417286111564,0.5146814194458522,0.0,0.0,0.013888888888888888,0.0,0.0,1.0
2.0,2.662494544127338e-06,1.0372593220353663e-05,0.0,0.0,0.0,0.013888888888888888,0.0,0.0,1.0
3.0,2.6575468787773954e-06,0.0,0.0,0.0,0.0,0.013888888888888888,0.0,0.0,1.0
4.0,1.8542236131839623e-08,0.0,0.0,0.0,0.0,0.013888888888888888,0.0,0.0,0.0
1.0,100.0,0.004694953470188817,0.5149917401495634,0.0,0.0,0.013888888888888888,0.0,0.0,1.0
2.0,2.642516986097337e-06,1.0375556863947718e-05,0.0,0.0,0.0,0.013888888888888888,0.0,0.0,1.0
3.0,2.6363026496138696e-06,0.0,0.0,0.0,0.0,0.013888888888888888,0.0,0.0,1.0
4.0,1.8262821970365827e-08,0.0,0.0,0.0,0.0,0.013888888888888888,0.0,0.0,0.0
1.0,100.0,0.004695565484977884,0.5152759112291773,0.0,0.0,0.013888888888888888,0.0,0.0,1.0
2.0,2.6220570656518247e-06,1.0378358522098507e-05,0.0,0.0,0.0,0.013888888888888888,0.0,0.0,1.0
3.0,2.6152661721586004e-06,0.0,0.0,0.0,0.0,0.013888888888888888,0.0,0.0,1.0
4.0,1.800355459762672e-08,0.0,0.0,0.0,0.0,0.013888888888888888,0.0,0.0,0.0
1.0,100.0,0.004696177519006653,0.5155354013798052,0.0,0.0,0.013888888888888888,0.0,0.0,1.0
2.0,2.6024278384545457e-06,1.0380878188816338e-05,0.0,0.0,0.0,0.013888888888888888,0.0,0.0,1.0
3.0,2.595303864734661e-06,0.0,0.0,0.0,0.0,0.013888888888888888,0.0,0.0,1.0
4.0,1.7754708521719973e-08,0.0,0.0,0.0,0.0,0.013888888888888888,0.0,0.0,0.0
1.0,100.0,0.004696784901395489,0.5157715573013308,0.0,0.0,0.013888888888888888,0.0,0.0,1.0
2.0,2.5839777616950624e-06,1.038311381774574e-05,0.0,0.0,0.0,0.013888888888888888,0.0,0.0,1.0
3.0,2.5765963267433557e-06,0.0,0.0,0.0,0.0,0.013888888888888888,0.0,0.0,1.0
4.0,1.7524532385918755e-08,0.0,0.0,0.0,0.0,0.013888888888888888,0.0,0.0,0.0
1.0,100.0,0.004697387722952978,0.515985614351789,0.0,0.0,0.013888888888888888,0.0,0.0,1.0
2.0,2.5668003627363266e-06,1.038507094396482e-05,0.0,0.0,0.0,0.013888888888888888,0.0,0.0,1.0
3.0,2.5591634510320217e-06,0.0,0.0,0.0,0.0,0.013888888888888888,0.0,0.0,1.0
4.0,1.729730610496478e-08,0.0,0.0,0.0,0.0,0.013888888888888888,0.0,0.0,0.0
1.0,100.0,0.0046979863804114935,0.516178707165162,0.0,0.0,0.013888888888888888,0.0,0.0,1.0
2.0,2.5508803998281748e-06,1.0386755445677729e-05,0.0,0.0,0.0,0.013888888888888888,0.0,0.0,1.0
3.0,2.54302218763324e-06,0.0,0.0,0.0,0.0,0.013888888888888888,0.0,0.0,1.0
4.0,1.709780279338495e-08,0.0,0.0,0.0,0.0,0.013888888888888888,0.0,0.0,0.0
1.0,100.0,0.0046985812750810025,0.51635187949613,0.0,0.0,0.013888888888888888,0.0,0.0,1.0
2.0,2.5360959499881264e-06,1.0388173097043231e-05,0.0,0.0,0.0,0.013888888888888888,0.0,0.0,1.0
3.0,2.528016102677833e-06,0.0,0.0,0.0,0.0,0.013888888888888888,0.0,0.0,1.0
4.0,1.6906977622138516e-08,0.0,0.0,0.0,0.0,0.013888888888888888,0.0,0.0,0.0
1.0,100.0,0.004699172793713389,0.5165060930993105,0.0,0.0,0.013888888888888888,0.0,0.0,1.0
2.0,2.5224056946151063e-06,1.0389329534614713e-05,0.0,0.0,0.0,0.013888888888888888,0.0,0.0,1.0
3.0,2.5141137009803114e-06,0.0,0.0,0.0,0.0,0.013888888888888888,0.0,0.0,1.0
4.0,1.6731328337949313e-08,0.0,0.0,0.0,0.0,0.013888888888888888,0.0,0.0,0.0
1.0,100.0,0.004699761308482414,0.5166422354506042,0.0,0.0,0.013888888888888888,0.0,0.0,1.0
2.0,2.509762491517114e-06,1.0390230294995895e-05,0.0,0.0,0.0,0.013888888888888888,0.0,0.0,1.0
3.0,2.501246518036401e-06,0.0,0.0,0.0,0.0,0.013888888888888888,0.0,0.0,1.0
4.0,1.655662249083458e-08,0.0,0.0,0.0,0.0,0.013888888888888888,0.0,0.0,0.0
1.0,100.0,0.004700354260055288,0.5167726481261331,0.0,0.0,0.013888888888888888,0.0,0.0,1.0
2.0,2.498059108241917e-06,1.0390875109768203e-05,0.0,0.0,0.0,0.013888888888888888,0.0,0.0,1.0
3.0,2.4893336303882416e-06,0.0,0.0,0.0,0.0,0.013888888888888888,0.0,0.0,1.0
4.0,1.6387179347726643e-08,0.0,0.0,0.0,0.0,0.013888888888888888,0.0,0.0,0.0
1.0,100.0,0.004700944151619874,0.5168725846430203,0.0,0.0,0.013888888888888888,0.0,0.0,1.0
2.0,2.4872562281642083e-06,1.0391213446731055e-05,0.0,0.0,0.0,0.013888888888888888,0.0,0.0,1.0
3.0,2.478310948947996e-06,0.0,0.0,0.0,0.0,0.013888888888888888,0.0,0.0,1.0
4.0,1.6238450654435417e-08,0.0,0.0,0.0,0.0,0.013888888888888888,0.0,0.0,0.0
1.0,100.0,0.004701506406098316,0.5168904980162629,0.0,0.0,0.013888888888888888,0.0,0.0,1.0
2.0,2.47729392533868e-06,1.0391212196362646e-05,0.0,0.0,0.0,0.013888888888888888,0.0,0.0,1.0
3.0,2.4681449943344206e-06,0.0,0.0,0.0,0.0,0.013888888888888888,0.0,0.0,1.0
4.0,1.6103483502055937e-08,0.0,0.0,0.0,0.0,0.013888888888888888,0.0,0.0,0.0
1.0,100.0,0.004702064410105103,0.5168849109593998,0.0,0.0,0.013888888888888888,0.0,0.0,1.0
2.0,2.468099234375346e-06,1.0390957500322043e-05,0.0,0.0,0.0,0.013888888888888888,0.0,0.0,1.0
3.0,2.45875674295106e-06,0.0,0.0,0.0,0.0,0.013888888888888888,0.0,0.0,1.0
4.0,1.5987452730310902e-08,0.0,0.0,0.0,0.0,0.013888888888888888,0.0,0.0,0.0
1.0,100.0,0.004702618576698425,0.5168567279398901,0.0,0.0,0.013888888888888888,0.0,0.0,1.0
2.0,2.4596437263075095e-06,1.0390455147659955e-05,0.0,0.0,0.0,0.013888888888888888,0.0,0.0,1.0
3.0,2.450100059523841e-06,0.0,0.0,0.0,0.0,0.013888888888888888,0.0,0.0,1.0
4.0,1.587901087435437e-08,0.0,0.0,0.0,0.0,0.013888888888888888,0.0,0.0,0.0
1.0,100.0,0.004703169294527575,0.5168067634335061,0.0,0.0,0.013888888888888888,0.0,0.0,1.0
2.0,2.451878034792733e-06,1.0389710777909249e-05,0.0,0.0,0.0,0.013888888888888888,0.0,0.0,1.0
3.0,2.442117568988536e-06,0.0,0.0,0.0,0.0,0.013888888888888888,0.0,0.0,1.0
4.0,1.5756283646089356e-08,0.0,0.0,0.0,0.0,0.013888888888888888,0.0,0.0,0.0
1.0,100.0,0.004703716939910309,0.5167357733158724,0.0,0.0,0.013888888888888888,0.0,0.0,1.0
2.0,2.4447588812357315e-06,1.038872994847904e-05,0.0,0.0,0.0,0.013888888888888888,0.0,0.0,1.0
3.0,2.4348028393653166e-06,0.0,0.0,0.0,0.0,0.013888888888888888,0.0,0.0,1.0
4.0,1.5659756698419012e-08,0.0,0.0,0.0,0.0,0.013888888888888888,0.0,0.0,0.0
1.0,100.0,0.004704261877643468,0.5166444597405948,0.0,0.0,0.013888888888888888,0.0,0.0,1.0
2.0,2.4382250225699127e-06,1.0387518146903785e-05,0.0,0.0,0.0,0.013888888888888888,0.0,0.0,1.0
3.0,2.4280661551049273e-06,0.0,0.0,0.0,0.0,0.013888888888888888,0.0,0.0,1.0
4.0,1.555233136822871e-08,0.0,0.0,0.0,0.0,0.013888888888888888,0.0,0.0,0.0
1.0,100.0,0.004704804461686099,0.516533475555129,0.0,0.0,0.013888888888888888,0.0,0.0,1.0
2.0,2.432246525740385e-06,1.0386080788677497e-05,0.0,0.0,0.0,0.013888888888888888,0.0,0.0,1.0
3.0,2.421906432204597e-06,0.0,0.0,0.0,0.0,0.013888888888888888,0.0,0.0,1.0
4.0,1.5476871868606855e-08,0.0,0.0,0.0,0.0,0.013888888888888888,0.0,0.0,0.0
1.0,100.0,0.0047053450357932135,0.5164034282857612,0.0,0.0,0.013888888888888888,0.0,0.0,1.0
2.0,2.4267721933998796e-06,1.0384423176172714e-05,0.0,0.0,0.0,0.013888888888888888,0.0,0.0,1.0
3.0,2.4162288409018434e-06,0.0,0.0,0.0,0.0,0.013888888888888888,0.0,0.0,1.0
4.0,1.5385967575058062e-08,0.0,0.0,0.0,0.0,0.013888888888888888,0.0,0.0,0.0
1.0,100.0,0.004705883934054399,0.516254883703028,0.0,0.0,0.013888888888888888,0.0,0.0,1.0
2.0,2.4218127344623827e-06,1.0382550607363331e-05,0.0,0.0,0.0,0.013888888888888888,0.0,0.0,1.0
3.0,2.411097908609638e-06,0.0,0.0,0.0,0.0,0.013888888888888888,0.0,0.0,1.0
4.0,1.5318880387116117e-08,0.0,0.0,0.0,0.0,0.013888888888888888,0.0,0.0,0.0
1.0,100.0,0.00470642148137891,0.516088369078902,0.0,0.0,0.013888888888888888,0.0,0.0,1.0
2.0,2.4172692231499634e-06,1.0380468269556878e-05,0.0,0.0,0.0,0.013888888888888888,0.0,0.0,1.0
3.0,2.406380962449919e-06,0.0,0.0,0.0,0.0,0.013888888888888888,0.0,0.0,1.0
4.0,1.5261997513138605e-08,0.0,0.0,0.0,0.0,0.013888888888888888,0.0,0.0,0.0
1.0,100.0,0.004706957993929213,0.5159043761178834,0.0,0.0,0.013888888888888888,0.0,0.0,1.0
2.0,2.4131489752150127e-06,1.0378181349920813e-05,0.0,0.0,0.0,0.013888888888888888,0.0,0.0,1.0
3.0,2.4020667205992777e-06,0.0,0.0,0.0,0.0,0.013888888888888888,0.0,0.0,1.0
4.0,1.519240185769064e-08,0.0,0.0,0.0,0.0,0.013888888888888888,0.0,0.0,0.0
1.0,100.0,0.004707493779461367,0.5157033636665266,0.0,0.0,0.013888888888888888,0.0,0.0,1.0
2.0,2.4094359630248467e-06,1.0375694875068147e-05,0.0,0.0,0.0,0.013888888888888888,0.0,0.0,1.0
3.0,2.3981655728396847e-06,0.0,0.0,0.0,0.0,0.013888888888888888,0.0,0.0,1.0
4.0,1.5130856896991462e-08,0.0,0.0,0.0,0.0,0.013888888888888888,0.0,0.0,0.0
1.0,100.0,0.004708029141366985,0.515485765797055,0.0,0.0,0.013888888888888888,0.0,0.0,1.0
2.0,2.406082167004546e-06,1.0373013905224456e-05,0.0,0.0,0.0,0.013888888888888888,0.0,0.0,1.0
3.0,2.3946519241367228e-06,0.0,0.0,0.0,0.0,0.013888888888888888,0.0,0.0,1.0
4.0,1.5089953301341354e-08,0.0,0.0,0.0,0.0,0.013888888888888888,0.0,0.0,0.0
1.0,100.0,0.004708564361132621,0.5152519595476684,0.0,0.0,0.013888888888888888,0.0,0.0,1.0
2.0,2.4030469748676417e-06,1.0370143371959945e-05,0.0,0.0,0.0,0.013888888888888888,0.0,0.0,1.0
3.0,2.3914465948744153e-06,0.0,0.0,0.0,0.0,0.013888888888888888,0.0,0.0,1.0
4.0,1.5043425338267664e-08,0.0,0.0,0.0,0.0,0.013888888888888888,0.0,0.0,0.0
1.0,100.0,0.004709099728716366,0.5150023329462952,0.0,0.0,0.013888888888888888,0.0,0.0,1.0
2.0,2.400321241989596e-06,1.036708823435023e-05,0.0,0.0,0.0,0.013888888888888888,0.0,0.0,1.0
3.0,2.3885490907073827e-06,0.0,0.0,0.0,0.0,0.013888888888888888,0.0,0.0,1.0
4.0,1.5009038742227775e-08,0.0,0.0,0.0,0.0,0.013888888888888888,0.0,0.0,0.0
1.0,100.0,0.0047096355223792095,0.514737238381138,0.0,0.0,0.013888888888888888,0.0,0.0,1.0
2.0,2.3978959511124154e-06,1.036385335543159e-05,0.0,0.0,0.0,0.013888888888888888,0.0,0.0,1.0
3.0,2.3859572814987864e-06,0.0,0.0,0.0,0.0,0.013888888888888888,0.0,0.0,1.0
4.0,1.4960982124245908e-08,0.0,0.0,0.0,0.0,0.013888888888888888,0.0,0.0,0.0
1.0,100.0,0.004710172012110098,0.5144570026580869,0.0,0.0,0.013888888888888888,0.0,0.0,1.0
2.0,2.3957228418874978e-06,1.0360443531374362e-05,0.0,0.0,0.0,0.013888888888888888,0.0,0.0,1.0
3.0,2.383621055872846e-06,0.0,0.0,0.0,0.0,0.013888888888888888,0.0,0.0,1.0
4.0,1.495610188093956e-08,0.0,0.0,0.0,0.0,0.013888888888888888,0.0,0.0,0.0
1.0,100.0,0.004710709460878212,0.5142655397226572,0.0,0.0,0.013888888888888888,0.0,0.0,1.0
2.0,2.3938045851089867e-06,1.035686349654851e-05,0.0,0.0,0.0,0.013888888888888888,0.0,0.0,1.0
3.0,2.381531816154152e-06,0.0,0.0,0.0,0.0,0.013888888888888888,0.0,0.0,1.0
4.0,1.4911136555348173e-08,0.0,0.0,0.0,0.0,0.013888888888888888,0.0,0.0,0.0
1.0,100.0,0.004711248124860204,0.5153234804836024,0.0,0.0,0.013888888888888888,0.0,0.0,1.0
2.0,2.3921115585001845e-06,1.0353117955779458e-05,0.0,0.0,0.0,0.013888888888888888,0.0,0.0,1.0
3.0,2.379689665678923e-06,0.0,0.0,0.0,0.0,0.013888888888888888,0.0,0.0,1.0
4.0,1.488419111626484e-08,0.0,0.0,0.0,0.0,0.013888888888888888,0.0,0.0,0.0
1.0,100.0,0.004711788253462888,0.5163752386992422,0.0,0.0,0.013888888888888888,0.0,0.0,1.0
2.0,2.3906079603497536e-06,1.034921153898595e-05,0.0,0.0,0.0,0.013888888888888888,0.0,0.0,1.0
3.0,2.378028699239141e-06,0.0,0.0,0.0,0.0,0.013888888888888888,0.0,0.0,1.0
4.0,1.4867962596468975e-08,0.0,0.0,0.0,0.0,0.013888888888888888,0.0,0.0,0.0
1.0,100.0,0.004712330089433309,0.5174208390116518,0.0,0.0,0.013888888888888888,0.0,0.0,1.0
2.0,2.3893119010467783e-06,1.0345148776105994e-05,0.0,0.0,0.0,0.013888888888888888,0.0,0.0,1.0
3.0,2.3765826263212454e-06,0.0,0.0,0.0,0.0,0.013888888888888888,0.0,0.0,1.0
4.0,1.4859378594947734e-08,0.0,0.0,0.0,0.0,0.013888888888888888,0.0,0.0,0.0
1.0,100.0,0.004712811230984228,0.5184603268813486,0.0,0.0,0.013888888888888888,0.0,0.0,1.0
2.0,9.90765934560902e-07,1.0340973050109974e-05,0.0,0.0,0.0,0.013888888888888888,0.0,0.0,1.0
3.0,9.861436611492115e-07,0.0,0.0,0.0,0.0,0.013888888888888888,0.0,0.0,1.0
4.0,7.38083753178025e-09,0.0,0.0,0.0,0.0,0.013888888888888888,0.0,0.0,0.0
1.0,100.0,0.004715224947286065,0.5202737010174582,0.0,0.0,0.013888888888888888,0.0,0.0,1.0
2.0,9.783999151938929e-07,1.0340061656258808e-05,0.0,0.0,0.0,0.013888888888888888,0.0,0.0,1.0
3.0,9.754818242167902e-07,0.0,0.0,0.0,0.0,0.013888888888888888,0.0,0.0,1.0
4.0,7.352477229403287e-09,0.0,0.0,0.0,0.0,0.013888888888888888,0.0,0.0,0.0
1.0,100.0,0.004715171683571132,0.5205959556033588,0.0,0.0,0.013888888888888888,0.0,0.0,1.0
2.0,9.744449387883906e-07,1.0332868761975252e-05,0.0,0.0,0.0,0.013888888888888888,0.0,0.0,1.0
3.0,9.720865273849078e-07,0.0,0.0,0.0,0.0,0.013888888888888888,0.0,0.0,1.0
4.0,7.3394775756249085e-09,0.0,0.0,0.0,0.0,0.013888888888888888,0.0,0.0,0.0
1.0,100.0,0.0047149960514786295,0.5208400775722183,0.0,0.0,0.013888888888888888,0.0,0.0,1.0
2.0,9.70447146717511e-07,1.0325296637274042e-05,0.0,0.0,0.0,0.013888888888888888,0.0,0.0,1.0
3.0,9.682842195513614e-07,0.0,0.0,0.0,0.0,0.013888888888888888,0.0,0.0,1.0
4.0,7.347994305614823e-09,0.0,0.0,0.0,0.0,0.013888888888888888,0.0,0.0,0.0
1.0,100.0,0.004714815792059358,0.5210769358623251,0.0,0.0,0.013888888888888888,0.0,0.0,1.0
2.0,9.658436861151908e-07,1.0317644525798524e-05,0.0,0.0,0.0,0.013888888888888888,0.0,0.0,1.0
3.0,9.637442412413648e-07,0.0,0.0,0.0,0.0,0.013888888888888888,0.0,0.0,1.0
4.0,7.3114046441123725e-09,0.0,0.0,0.0,0.0,0.013888888888888888,0.0,0.0,0.0
1.0,100.0,0.004714636707958697,0.5213099873456217,0.0,0.0,0.013888888888888888,0.0,0.0,1.0
2.0,9.604855159061216e-07,1.0309930437601791e-05,0.0,0.0,0.0,0.013888888888888888,0.0,0.0,1.0
3.0,9.584261235417837e-07,0.0,0.0,0.0,0.0,0.013888888888888888,0.0,0.0,1.0
4.0,7.289608795002141e-09,0.0,0.0,0.0,0.0,0.013888888888888888,0.0,0.0,0.0
1.0,100.0,0.004714459226081348,0.5215394562904695,0.0,0.0,0.013888888888888888,0.0,0.0,1.0
2.0,9.544399920139463e-07,1.0302158879129155e-05,0.0,0.0,0.0,0.013888888888888888,0.0,0.0,1.0
3.0,9.523998667290408e-07,0.0,0.0,0.0,0.0,0.013888888888888888,0.0,0.0,1.0
4.0,7.2761230017802106e-09,0.0,0.0,0.0,0.0,0.013888888888888888,0.0,0.0,0.0
1.0,100.0,0.0047142835106374,0.5217654105262562,0.0,0.0,0.013888888888888888,0.0,0.0,1.0
2.0,9.477951004763437e-07,1.029433367213366e-05,0.0,0.0,0.0,0.013888888888888888,0.0,0.0,1.0
3.0,9.457760041019187e-07,0.0,0.0,0.0,0.0,0.013888888888888888,0.0,0.0,1.0
4.0,7.230599661607906e-09,0.0,0.0,0.0,0.0,0.013888888888888888,0.0,0.0,0.0
1.0,100.0,0.004714109709193189,0.5219879091571341,0.0,0.0,0.013888888888888888,0.0,0.0,1.0
2.0,9.406198775681667e-07,1.0286458567420799e-05,0.0,0.0,0.0,0.013888888888888888,0.0,0.0,1.0
3.0,9.386137148940253e-07,0.0,0.0,0.0,0.0,0.013888888888888888,0.0,0.0,1.0
4.0,7.1939279269523724e-09,0.0,0.0,0.0,0.0,0.013888888888888888,0.0,0.0,0.0
1.0,100.0,0.004713937964547344,0.5222070096598437,0.0,0.0,0.013888888888888888,0.0,0.0,1.0
2.0,9.329939941137636e-07,1.027853723909628e-05,0.0,0.0,0.0,0.013888888888888888,0.0,0.0,1.0
3.0,9.310005884206163e-07,0.0,0.0,0.0,0.0,0.013888888888888888,0.0,0.0,1.0
4.0,7.1535440556651434e-09,0.0,0.0,0.0,0.0,0.013888888888888888,0.0,0.0,0.0
1.0,100.0,0.004713768415232326,0.522422768298206,0.0,0.0,0.013888888888888888,0.0,0.0,1.0
2.0,9.250038526924524e-07,1.027057332825564e-05,0.0,0.0,0.0,0.013888888888888888,0.0,0.0,1.0
3.0,9.230454600767238e-07,0.0,0.0,0.0,0.0,0.013888888888888888,0.0,0.0,1.0
4.0,7.104865884115692e-09,0.0,0.0,0.0,0.0,0.013888888888888888,0.0,0.0,0.0
1.0,100.0,0.004713601195499661,0.5226352401315824,0.0,0.0,0.013888888888888888,0.0,0.0,1.0
2.0,9.166752896401834e-07,1.026257041121768e-05,0.0,0.0,0.0,0.013888888888888888,0.0,0.0,1.0
3.0,9.147325985928588e-07,0.0,0.0,0.0,0.0,0.013888888888888888,0.0,0.0,1.0
4.0,7.054565471795538e-09,0.0,0.0,0.0,0.0,0.013888888888888888,0.0,0.0,0.0
1.0,100.0,0.004713436435305466,0.5228444790716881,0.0,0.0,0.013888888888888888,0.0,0.0,1.0
2.0,9.081276715787653e-07,1.0254532011519086e-05,0.0,0.0,0.0,0.013888888888888888,0.0,0.0,1.0
3.0,9.062131440661022e-07,0.0,0.0,0.0,0.0,0.013888888888888888,0.0,0.0,1.0
4.0,7.017232717512521e-09,0.0,0.0,0.0,0.0,0.013888888888888888,0.0,0.0,0.0
1.0,100.0,0.0047132742602616715,0.5230505379047471,0.0,0.0,0.013888888888888888,0.0,0.0,1.0
2.0,8.993508658085027e-07,1.0246461565939315e-05,0.0,0.0,0.0,0.013888888888888888,0.0,0.0,1.0
3.0,8.974448760784319e-07,0.0,0.0,0.0,0.0,0.013888888888888888,0.0,0.0,1.0
4.0,6.949261613221951e-09,0.0,0.0,0.0,0.0,0.013888888888888888,0.0,0.0,0.0
1.0,100.0,0.0047131147916082685,0.5232534683497934,0.0,0.0,0.013888888888888888,0.0,0.0,1.0
2.0,8.903938033932327e-07,1.0238362460298286e-05,0.0,0.0,0.0,0.013888888888888888,0.0,0.0,1.0
3.0,8.885080202924722e-07,0.0,0.0,0.0,0.0,0.013888888888888888,0.0,0.0,1.0
4.0,6.901005424056971e-09,0.0,0.0,0.0,0.0,0.013888888888888888,0.0,0.0,0.0
1.0,100.0,0.004712958146248922,0.5234533210429947,0.0,0.0,0.013888888888888888,0.0,0.0,1.0
2.0,8.81342258920161e-07,1.023023798259624e-05,0.0,0.0,0.0,0.013888888888888888,0.0,0.0,1.0
3.0,8.79485644596293e-07,0.0,0.0,0.0,0.0,0.013888888888888888,0.0,0.0,1.0
4.0,6.835807280571392e-09,0.0,0.0,0.0,0.0,0.013888888888888888,0.0,0.0,0.0
1.0,100.0,0.004712804436720323,0.5236501456067535,0.0,0.0,0.013888888888888888,0.0,0.0,1.0
2.0,8.721538716111178e-07,1.0222091381497077e-05,0.0,0.0,0.0,0.013888888888888888,0.0,0.0,1.0
3.0,8.703106904763517e-07,0.0,0.0,0.0,0.0,0.013888888888888888,0.0,0.0,1.0
4.0,6.7675394609620376e-09,0.0,0.0,0.0,0.0,0.013888888888888888,0.0,0.0,0.0
1.0,100.0,0.004712653771190888,0.5238439906494847,0.0,0.0,0.013888888888888888,0.0,0.0,1.0
2.0,8.629199648661782e-07,1.0213925786030548e-05,0.0,0.0,0.0,0.013888888888888888,0.0,0.0,1.0
3.0,8.610897885267726e-07,0.0,0.0,0.0,0.0,0.013888888888888888,0.0,0.0,1.0
4.0,6.7062093354671715e-09,0.0,0.0,0.0,0.0,0.013888888888888888,0.0,0.0,0.0
1.0,100.0,0.004712506253518844,0.5240349038201512,0.0,0.0,0.013888888888888888,0.0,0.0,1.0
2.0,8.536350595322488e-07,1.0205744265104948e-05,0.0,0.0,0.0,0.013888888888888888,0.0,0.0,1.0
3.0,8.518333453440592e-07,0.0,0.0,0.0,0.0,0.013888888888888888,0.0,0.0,1.0
4.0,6.638184184597094e-09,0.0,0.0,0.0,0.0,0.013888888888888888,0.0,0.0,0.0
1.0,100.0,0.004712361983244699,0.524222931817605,0.0,0.0,0.013888888888888888,0.0,0.0,1.0
2.0,8.443131749389077e-07,1.0197549772333343e-05,0.0,0.0,0.0,0.013888888888888888,0.0,0.0,1.0
3.0,8.425456496631271e-07,0.0,0.0,0.0,0.0,0.013888888888888888,0.0,0.0,1.0
4.0,6.5971109123038485e-09,0.0,0.0,0.0,0.0,0.013888888888888888,0.0,0.0,0.0
1.0,100.0,0.0047122210556537975,0.5244081204078628,0.0,0.0,0.013888888888888888,0.0,0.0,1.0
2.0,8.349827805591683e-07,1.0189345203275516e-05,0.0,0.0,0.0,0.013888888888888888,0.0,0.0,1.0
3.0,8.332277425601156e-07,0.0,0.0,0.0,0.0,0.013888888888888888,0.0,0.0,1.0
4.0,6.525828798522181e-09,0.0,0.0,0.0,0.0,0.013888888888888888,0.0,0.0,0.0
1.0,100.0,0.004712083561807777,0.5245905144690174,0.0,0.0,0.013888888888888888,0.0,0.0,1.0
2.0,8.256883185785007e-07,1.0181133344485975e-05,0.0,0.0,0.0,0.013888888888888888,0.0,0.0,1.0
3.0,8.239655172257671e-07,0.0,0.0,0.0,0.0,0.013888888888888888,0.0,0.0,1.0
4.0,6.467274317779078e-09,0.0,0.0,0.0,0.0,0.013888888888888888,0.0,0.0,0.0
1.0,100.0,0.004711949588612616,0.5247701580049501,0.0,0.0,0.013888888888888888,0.0,0.0,1.0
2.0,8.163929281463772e-07,1.0172916883230935e-05,0.0,0.0,0.0,0.013888888888888888,0.0,0.0,1.0
3.0,8.14683443983074e-07,0.0,0.0,0.0,0.0,0.013888888888888888,0.0,0.0,1.0
4.0,6.408708741374582e-09,0.0,0.0,0.0,0.0,0.013888888888888888,0.0,0.0,0.0
1.0,100.0,0.004711819218855876,0.5250064611487576,0.0,0.0,0.013888888888888888,0.0,0.0,1.0
2.0,8.071619457015824e-07,1.0164698418799116e-05,0.0,0.0,0.0,0.013888888888888888,0.0,0.0,1.0
3.0,8.054879445747013e-07,0.0,0.0,0.0,0.0,0.013888888888888888,0.0,0.0,1.0
4.0,6.341459404803769e-09,0.0,0.0,0.0,0.0,0.013888888888888888,0.0,0.0,0.0
1.0,100.0,0.004711692531332575,0.5253135806136627,0.0,0.0,0.013888888888888888,0.0,0.0,1.0
2.0,7.979538029044768e-07,1.015648045644082e-05,0.0,0.0,0.0,0.013888888888888888,0.0,0.0,1.0
3.0,7.962853643975877e-07,0.0,0.0,0.0,0.0,0.013888888888888888,0.0,0.0,1.0
4.0,6.273733313189581e-09,0.0,0.0,0.0,0.0,0.013888888888888888,0.0,0.0,0.0
1.0,100.0,0.004711569600845686,0.525607032905345,0.0,0.0,0.013888888888888888,0.0,0.0,1.0
2.0,7.888258799167685e-07,1.0148265366957282e-05,0.0,0.0,0.0,0.013888888888888888,0.0,0.0,1.0
3.0,7.871894241309144e-07,0.0,0.0,0.0,0.0,0.013888888888888888,0.0,0.0,1.0
4.0,6.221050346202932e-09,0.0,0.0,0.0,0.0,0.013888888888888888,0.0,0.0,0.0
1.0,100.0,0.0047114504983727604,0.5258869603237825,0.0,0.0,0.013888888888888888,0.0,0.0,1.0
2.0,7.797433303422679e-07,1.0140055473855945e-05,0.0,0.0,0.0,0.013888888888888888,0.0,0.0,1.0
3.0,7.781263074305848e-07,0.0,0.0,0.0,0.0,0.013888888888888888,0.0,0.0,1.0
4.0,6.154032065337979e-09,0.0,0.0,0.0,0.0,0.013888888888888888,0.0,0.0,0.0
1.0,100.0,0.0047113352910981895,0.5261535084945159,0.0,0.0,0.013888888888888888,0.0,0.0,1.0
2.0,7.707415565236005e-07,1.013185295206044e-05,0.0,0.0,0.0,0.013888888888888888,0.0,0.0,1.0
3.0,7.691515811721062e-07,0.0,0.0,0.0,0.0,0.013888888888888888,0.0,0.0,1.0
4.0,6.100558792696921e-09,0.0,0.0,0.0,0.0,0.013888888888888888,0.0,0.0,0.0
1.0,100.0,0.0047112240425542075,0.5264068264396149,0.0,0.0,0.013888888888888888,0.0,0.0,1.0
2.0,7.61824027127679e-07,1.012365990424355e-05,0.0,0.0,0.0,0.013888888888888888,0.0,0.0,1.0
3.0,7.602484490518748e-07,0.0,0.0,0.0,0.0,0.013888888888888888,0.0,0.0,1.0
4.0,6.020931309949878e-09,0.0,0.0,0.0,0.0,0.013888888888888888,0.0,0.0,0.0
1.0,100.0,0.004711116812701049,0.5266470665727396,0.0,0.0,0.013888888888888888,0.0,0.0,1.0
2.0,7.529816492605432e-07,1.0115478322069031e-05,0.0,0.0,0.0,0.013888888888888888,0.0,0.0,1.0
3.0,7.514248735025587e-07,0.0,0.0,0.0,0.0,0.013888888888888888,0.0,0.0,1.0
4.0,5.975088285825697e-09,0.0,0.0,0.0,0.0,0.013888888888888888,0.0,0.0,0.0
1.0,100.0,0.0047110136580357405,0.5268743847557265,0.0,0.0,0.013888888888888888,0.0,0.0,1.0
2.0,7.442411269117283e-07,1.0107310057689491e-05,0.0,0.0,0.0,0.013888888888888888,0.0,0.0,1.0
3.0,7.427085527819453e-07,0.0,0.0,0.0,0.0,0.013888888888888888,0.0,0.0,1.0
4.0,5.897553106024692e-09,0.0,0.0,0.0,0.0,0.013888888888888888,0.0,0.0,0.0
1.0,100.0,0.004710914631732095,0.5270889402815,0.0,0.0,0.013888888888888888,0.0,0.0,1.0
2.0,7.355852236720447e-07,1.0099156912704629e-05,0.0,0.0,0.0,0.013888888888888888,0.0,0.0,1.0
3.0,7.340716524647071e-07,0.0,0.0,0.0,0.0,0.013888888888888888,0.0,0.0,1.0
4.0,5.8489434355343524e-09,0.0,0.0,0.0,0.0,0.013888888888888888,0.0,0.0,0.0
1.0,100.0,0.004710819783740908,0.5272908959443932,0.0,0.0,0.013888888888888888,0.0,0.0,1.0
2.0,7.270278301626062e-07,1.0091020582222706e-05,0.0,0.0,0.0,0.013888888888888888,0.0,0.0,1.0
3.0,7.255266032430427e-07,0.0,0.0,0.0,0.0,0.013888888888888888,0.0,0.0,1.0
4.0,5.773928345571557e-09,0.0,0.0,0.0,0.0,0.013888888888888888,0.0,0.0,0.0
1.0,100.0,0.004710729160918652,0.5274804179907892,0.0,0.0,0.013888888888888888,0.0,0.0,1.0
2.0,7.185815277802673e-07,1.0082902621014575e-05,0.0,0.0,0.0,0.013888888888888888,0.0,0.0,1.0
3.0,7.171004736417422e-07,0.0,0.0,0.0,0.0,0.013888888888888888,0.0,0.0,1.0
4.0,5.7248553277740815e-09,0.0,0.0,0.0,0.0,0.013888888888888888,0.0,0.0,0.0
1.0,100.0,0.004710642807150779,0.5276576761364349,0.0,0.0,0.013888888888888888,0.0,0.0,1.0
2.0,7.102302134030889e-07,1.0074804514952413e-05,0.0,0.0,0.0,0.013888888888888888,0.0,0.0,1.0
3.0,7.087731453478185e-07,0.0,0.0,0.0,0.0,0.013888888888888888,0.0,0.0,1.0
4.0,5.6607049112316275e-09,0.0,0.0,0.0,0.0,0.013888888888888888,0.0,0.0,0.0
1.0,100.0,0.004773820136879124,99.10691662542354,0.0,0.0,0.013888888888888888,0.0,0.0,1.0
2.0,2.4995716970358423e-05,1.0545752525625898e-05,0.0,0.0,0.0,0.013888888888888888,0.0,0.0,1.0
3.0,2.4790168524775625e-05,0.0,0.0,0.0,0.0,0.013888888888888888,0.0,0.0,1.0
4.0,8.107571472323698e-08,0.0,0.0,0.0,0.0,0.013888888888888888,0.0,0.0,0.0
1.0,100.0,0.004856255203538339,0.5791422022078034,0.0,0.0,0.013888888888888888,0.0,0.0,1.0
2.0,4.42256255767363e-07,1.033161999940057e-05,0.0,0.0,0.0,0.013888888888888888,0.0,0.0,1.0
3.0,4.839537609313495e-07,0.0,0.0,0.0,0.0,0.013888888888888888,0.0,0.0,1.0
4.0,4.753337720184396e-09,0.0,0.0,0.0,0.0,0.013888888888888888,0.0,0.0,0.0
1.0,100.0,0.004701936789090186,0.5243237028712162,0.0,0.0,0.013888888888888888,0.0,0.0,1.0
2.0,6.680144850278745e-07,1.0159448307408073e-05,0.0,0.0,0.0,0.013888888888888888,0.0,0.0,1.0
3.0,6.803759686619626e-07,0.0,0.0,0.0,0.0,0.013888888888888888,0.0,0.0,1.0
4.0,5.325839654213518e-09,0.0,0.0,0.0,0.0,0.013888888888888888,0.0,0.0,0.0
1.0,100.0,0.004686870485210704,0.5247744478105654,0.0,0.0,0.013888888888888888,0.0,0.0,1.0
2.0,7.230224793888561e-07,1.0132990336825472e-05,0.0,0.0,0.0,0.013888888888888888,0.0,0.0,1.0
3.0,7.258035831229667e-07,0.0,0.0,0.0,0.0,0.013888888888888888,0.0,0.0,1.0
4.0,5.450302053810779e-09,0.0,0.0,0.0,0.0,0.013888888888888888,0.0,0.0,0.0
1.0,100.0,0.0046866361234207,0.5251225609671135,0.0,0.0,0.013888888888888888,0.0,0.0,1.0
2.0,7.575758756565877e-07,1.013537828413993e-05,0.0,0.0,0.0,0.013888888888888888,0.0,0.0,1.0
3.0,7.570167373707409e-07,0.0,0.0,0.0,0.0,0.013888888888888888,0.0,0.0,1.0
4.0,5.552006608577968e-09,0.0,0.0,0.0,0.0,0.013888888888888888,0.0,0.0,0.0
1.0,100.0,0.004687345495369475,0.525442385388155,0.0,0.0,0.013888888888888888,0.0,0.0,1.0
2.0,7.853999145003251e-07,1.013935190846887e-05,0.0,0.0,0.0,0.013888888888888888,0.0,0.0,1.0
3.0,7.835207124721534e-07,0.0,0.0,0.0,0.0,0.013888888888888888,0.0,0.0,1.0
4.0,5.631570460319342e-09,0.0,0.0,0.0,0.0,0.013888888888888888,0.0,0.0,0.0
1.0,100.0,0.0046881129006774444,0.5257355652222814,0.0,0.0,0.013888888888888888,0.0,0.0,1.0
2.0,8.107282586528966e-07,1.0143216402031493e-05,0.0,0.0,0.0,0.013888888888888888,0.0,0.0,1.0
3.0,8.08192638001354e-07,0.0,0.0,0.0,0.0,0.013888888888888888,0.0,0.0,1.0
4.0,5.706199584656536e-09,0.0,0.0,0.0,0.0,0.013888888888888888,0.0,0.0,0.0
1.0,100.0,0.004688881650051692,0.5260035976226978,0.0,0.0,0.013888888888888888,0.0,0.0,1.0
2.0,8.349335021050322e-07,1.0146867544383272e-05,0.0,0.0,0.0,0.013888888888888888,0.0,0.0,1.0
3.0,8.319670171682155e-07,0.0,0.0,0.0,0.0,0.013888888888888888,0.0,0.0,1.0
4.0,5.780525828644528e-09,0.0,0.0,0.0,0.0,0.013888888888888888,0.0,0.0,0.0
1.0,100.0,0.004689648335091744,0.526247855532361,0.0,0.0,0.013888888888888888,0.0,0.0,1.0
2.0,8.584582221309307e-07,1.0150302225019682e-05,0.0,0.0,0.0,0.013888888888888888,0.0,0.0,1.0
3.0,8.551546202149757e-07,0.0,0.0,0.0,0.0,0.013888888888888888,0.0,0.0,1.0
4.0,5.864278354193204e-09,0.0,0.0,0.0,0.0,0.013888888888888888,0.0,0.0,0.0
1.0,100.0,0.004690412991018887,0.5264695983617271,0.0,0.0,0.013888888888888888,0.0,0.0,1.0
2.0,8.814759311594534e-07,1.0153522960498071e-05,0.0,0.0,0.0,0.013888888888888888,0.0,0.0,1.0
3.0,8.778364496379805e-07,0.0,0.0,0.0,0.0,0.013888888888888888,0.0,0.0,1.0
4.0,5.9243553953448564e-09,0.0,0.0,0.0,0.0,0.013888888888888888,0.0,0.0,0.0
1.0,100.0,0.004691175866371064,0.5266699829376496,0.0,0.0,0.013888888888888888,0.0,0.0,1.0
2.0,9.040027484684568e-07,1.0156533890036028e-05,0.0,0.0,0.0,0.013888888888888888,0.0,0.0,1.0
3.0,9.000446971152597e-07,0.0,0.0,0.0,0.0,0.013888888888888888,0.0,0.0,1.0
4.0,6.002190759808709e-09,0.0,0.0,0.0,0.0,0.013888888888888888,0.0,0.0,0.0
1.0,100.0,0.004691937211127037,0.5268500738224973,0.0,0.0,0.013888888888888888,0.0,0.0,1.0
2.0,9.261202149746618e-07,1.0159338374467452e-05,0.0,0.0,0.0,0.013888888888888888,0.0,0.0,1.0
3.0,9.218806884628886e-07,0.0,0.0,0.0,0.0,0.013888888888888888,0.0,0.0,1.0
4.0,6.086695857418792e-09,0.0,0.0,0.0,0.0,0.013888888888888888,0.0,0.0,0.0
1.0,100.0,0.004692697263851311,0.527010851944726,0.0,0.0,0.013888888888888888,0.0,0.0,1.0
2.0,9.477668933728082e-07,1.0161939585403594e-05,0.0,0.0,0.0,0.013888888888888888,0.0,0.0,1.0
3.0,9.432276705191136e-07,0.0,0.0,0.0,0.0,0.013888888888888888,0.0,0.0,1.0
4.0,6.154083146882626e-09,0.0,0.0,0.0,0.0,0.013888888888888888,0.0,0.0,0.0
1.0,100.0,0.004693456252497589,0.5271532220300748,0.0,0.0,0.013888888888888888,0.0,0.0,1.0
2.0,9.68998861952301e-07,1.016434065958198e-05,0.0,0.0,0.0,0.013888888888888888,0.0,0.0,1.0
3.0,9.641718776195982e-07,0.0,0.0,0.0,0.0,0.013888888888888888,0.0,0.0,1.0
4.0,6.248718098759637e-09,0.0,0.0,0.0,0.0,0.013888888888888888,0.0,0.0,0.0
1.0,100.0,0.004694214396960283,0.5272780202996863,0.0,0.0,0.013888888888888888,0.0,0.0,1.0
2.0,9.89829028379966e-07,1.0166545489159326e-05,0.0,0.0,0.0,0.013888888888888888,0.0,0.0,1.0
3.0,9.84711768729119e-07,0.0,0.0,0.0,0.0,0.013888888888888888,0.0,0.0,1.0
4.0,6.327909231160817e-09,0.0,0.0,0.0,0.0,0.013888888888888888,0.0,0.0,0.0
1.0,100.0,0.00469498454390913,0.5274147853878404,0.0,0.0,0.013888888888888888,0.0,0.0,1.0
2.0,1.010251446571801e-06,1.0168537809107244e-05,0.0,0.0,0.0,0.013888888888888888,0.0,0.0,1.0
3.0,1.0048594079654892e-06,0.0,0.0,0.0,0.0,0.013888888888888888,0.0,0.0,1.0
4.0,6.4127253041447955e-09,0.0,0.0,0.0,0.0,0.013888888888888888,0.0,0.0,0.0
1.0,100.0,0.004695729674852396,0.5274535774018526,0.0,0.0,0.013888888888888888,0.0,0.0,1.0
2.0,1.0302663375072763e-06,1.0170234943873568e-05,0.0,0.0,0.0,0.013888888888888888,0.0,0.0,1.0
3.0,1.0246049978606923e-06,0.0,0.0,0.0,0.0,0.013888888888888888,0.0,0.0,1.0
4.0,6.500573575068461e-09,0.0,0.0,0.0,0.0,0.013888888888888888,0.0,0.0,0.0
1.0,100.0,0.004696468154104495,0.5274552367585222,0.0,0.0,0.013888888888888888,0.0,0.0,1.0
2.0,1.0498746143301456e-06,1.0171713524255401e-05,0.0,0.0,0.0,0.013888888888888888,0.0,0.0,1.0
3.0,1.0439331657301324e-06,0.0,0.0,0.0,0.0,0.013888888888888888,0.0,0.0,1.0
4.0,6.5832356112189315e-09,0.0,0.0,0.0,0.0,0.013888888888888888,0.0,0.0,0.0
1.0,100.0,0.004697204415668872,0.5274340135235586,0.0,0.0,0.013888888888888888,0.0,0.0,1.0
2.0,1.0691163310287743e-06,1.0172992284192099e-05,0.0,0.0,0.0,0.013888888888888888,0.0,0.0,1.0
3.0,1.0629233080174756e-06,0.0,0.0,0.0,0.0,0.013888888888888888,0.0,0.0,1.0
4.0,6.662913963499871e-09,0.0,0.0,0.0,0.0,0.013888888888888888,0.0,0.0,0.0
1.0,100.0,0.004697938708814849,0.5273907464253242,0.0,0.0,0.013888888888888888,0.0,0.0,1.0
2.0,1.0879385720964611e-06,1.017407466751042e-05,0.0,0.0,0.0,0.013888888888888888,0.0,0.0,1.0
3.0,1.0814760181536725e-06,0.0,0.0,0.0,0.0,0.013888888888888888,0.0,0.0,1.0
4.0,6.748003160942901e-09,0.0,0.0,0.0,0.0,0.013888888888888888,0.0,0.0,0.0
1.0,100.0,0.004698671271481315,0.5273262082109192,0.0,0.0,0.013888888888888888,0.0,0.0,1.0
2.0,1.1064122001674244e-06,1.0174963492741714e-05,0.0,0.0,0.0,0.013888888888888888,0.0,0.0,1.0
3.0,1.0997032125059659e-06,0.0,0.0,0.0,0.0,0.013888888888888888,0.0,0.0,1.0
4.0,6.842656274141997e-09,0.0,0.0,0.0,0.0,0.013888888888888888,0.0,0.0,0.0
1.0,100.0,0.004699402335286589,0.5272411170104465,0.0,0.0,0.013888888888888888,0.0,0.0,1.0
2.0,1.124485596270595e-06,1.0175663173656923e-05,0.0,0.0,0.0,0.013888888888888888,0.0,0.0,1.0
3.0,1.117526981049791e-06,0.0,0.0,0.0,0.0,0.013888888888888888,0.0,0.0,1.0
4.0,6.914352772096369e-09,0.0,0.0,0.0,0.0,0.013888888888888888,0.0,0.0,0.0
1.0,100.0,0.004700132122971328,0.5271361407395845,0.0,0.0,0.013888888888888888,0.0,0.0,1.0
2.0,1.142200650695998e-06,1.0176176561544963e-05,0.0,0.0,0.0,0.013888888888888888,0.0,0.0,1.0
3.0,1.1349996346823307e-06,0.0,0.0,0.0,0.0,0.013888888888888888,0.0,0.0,1.0
4.0,7.001540859165927e-09,0.0,0.0,0.0,0.0,0.013888888888888888,0.0,0.0,0.0
1.0,100.0,0.004700860850842122,0.5270119012223095,0.0,0.0,0.013888888888888888,0.0,0.0,1.0
2.0,1.1595563122697135e-06,1.0176507009209167e-05,0.0,0.0,0.0,0.013888888888888888,0.0,0.0,1.0
3.0,1.1521184231106697e-06,0.0,0.0,0.0,0.0,0.013888888888888888,0.0,0.0,1.0
4.0,7.09306983580586e-09,0.0,0.0,0.0,0.0,0.013888888888888888,0.0,0.0,0.0
1.0,100.0,0.004701588728593269,0.5268689777790817,0.0,0.0,0.013888888888888888,0.0,0.0,1.0
2.0,1.1765558465032799e-06,1.0176657514984849e-05,0.0,0.0,0.0,0.013888888888888888,0.0,0.0,1.0
3.0,1.1688901103976585e-06,0.0,0.0,0.0,0.0,0.013888888888888888,0.0,0.0,1.0
4.0,7.18333927261088e-09,0.0,0.0,0.0,0.0,0.013888888888888888,0.0,0.0,0.0
1.0,100.0,0.00470231596038687,0.5267079105988831,0.0,0.0,0.013888888888888888,0.0,0.0,1.0
2.0,1.1932011344717907e-06,1.0176631706214067e-05,0.0,0.0,0.0,0.013888888888888888,0.0,0.0,1.0
3.0,1.1852943523712985e-06,0.0,0.0,0.0,0.0,0.013888888888888888,0.0,0.0,1.0
4.0,7.279321273624731e-09,0.0,0.0,0.0,0.0,0.013888888888888888,0.0,0.0,0.0
1.0,100.0,0.004703042744936657,0.5265292053090239,0.0,0.0,0.013888888888888888,0.0,0.0,1.0
2.0,1.2095095114731313e-06,1.017643257044162e-05,0.0,0.0,0.0,0.013888888888888888,0.0,0.0,1.0
3.0,1.2013761462054156e-06,0.0,0.0,0.0,0.0,0.013888888888888888,0.0,0.0,1.0
4.0,7.359747229461563e-09,0.0,0.0,0.0,0.0,0.013888888888888888,0.0,0.0,0.0
1.0,100.0,0.004703769274807734,0.5263333312312085,0.0,0.0,0.013888888888888888,0.0,0.0,1.0
2.0,1.2254645598468564e-06,1.0176062876872356e-05,0.0,0.0,0.0,0.013888888888888888,0.0,0.0,1.0
3.0,1.2171126305492956e-06,0.0,0.0,0.0,0.0,0.013888888888888888,0.0,0.0,1.0
4.0,7.443129712906865e-09,0.0,0.0,0.0,0.0,0.013888888888888888,0.0,0.0,0.0
1.0,100.0,0.004704495731964628,0.5261207102453381,0.0,0.0,0.013888888888888888,0.0,0.0,1.0
2.0,1.2410798769837347e-06,1.0175526457990968e-05,0.0,0.0,0.0,0.013888888888888888,0.0,0.0,1.0
3.0,1.2325116640003193e-06,0.0,0.0,0.0,0.0,0.013888888888888888,0.0,0.0,1.0
4.0,7.529984646663904e-09,0.0,0.0,0.0,0.0,0.013888888888888888,0.0,0.0,0.0
1.0,100.0,0.004705222304418816,0.5258917702133655,0.0,0.0,0.013888888888888888,0.0,0.0,1.0
2.0,1.2563818963483634e-06,1.01748261328334e-05,0.0,0.0,0.0,0.013888888888888888,0.0,0.0,1.0
3.0,1.2475940923789624e-06,0.0,0.0,0.0,0.0,0.013888888888888888,0.0,0.0,1.0
4.0,7.623055433268426e-09,0.0,0.0,0.0,0.0,0.013888888888888888,0.0,0.0,0.0
1.0,100.0,0.004705949170393538,0.5256468953771803,0.0,0.0,0.013888888888888888,0.0,0.0,1.0
2.0,1.2713349708332553e-06,1.017396499327181e-05,0.0,0.0,0.0,0.013888888888888888,0.0,0.0,1.0
3.0,1.2623497021651257e-06,0.0,0.0,0.0,0.0,0.013888888888888888,0.0,0.0,1.0
4.0,7.706460165214566e-09,0.0,0.0,0.0,0.0,0.013888888888888888,0.0,0.0,0.0
1.0,100.0,0.0047066765034229074,0.5253864451547174,0.0,0.0,0.013888888888888888,0.0,0.0,1.0
2.0,1.2859753119517946e-06,1.017294582933519e-05,0.0,0.0,0.0,0.013888888888888888,0.0,0.0,1.0
3.0,1.2767885915425526e-06,0.0,0.0,0.0,0.0,0.013888888888888888,0.0,0.0,1.0
4.0,7.799981926376068e-09,0.0,0.0,0.0,0.0,0.013888888888888888,0.0,0.0,0.0
1.0,100.0,0.004707404473171908,0.5251107559238701,0.0,0.0,0.013888888888888888,0.0,0.0,1.0
2.0,1.3002995521896339e-06,1.0171771842677769e-05,0.0,0.0,0.0,0.013888888888888888,0.0,0.0,1.0
3.0,1.2909097211961802e-06,0.0,0.0,0.0,0.0,0.013888888888888888,0.0,0.0,1.0
4.0,7.888556916146891e-09,0.0,0.0,0.0,0.0,0.013888888888888888,0.0,0.0,0.0
1.0,100.0,0.004708133245044172,0.5248201425515452,0.0,0.0,0.013888888888888888,0.0,0.0,1.0
2.0,1.3143195638299182e-06,1.0170446072826205e-05,0.0,0.0,0.0,0.013888888888888888,0.0,0.0,1.0
3.0,1.304742757793873e-06,0.0,0.0,0.0,0.0,0.013888888888888888,0.0,0.0,1.0
4.0,7.989010572892467e-09,0.0,0.0,0.0,0.0,0.013888888888888888,0.0,0.0,0.0
1.0,100.0,0.004708862980021277,0.5245149005381456,0.0,0.0,0.013888888888888888,0.0,0.0,1.0
2.0,1.3280195836830842e-06,1.0168971146516179e-05,0.0,0.0,0.0,0.013888888888888888,0.0,0.0,1.0
3.0,1.318248228978503e-06,0.0,0.0,0.0,0.0,0.013888888888888888,0.0,0.0,1.0
4.0,8.07207152345209e-09,0.0,0.0,0.0,0.0,0.013888888888888888,0.0,0.0,0.0
1.0,100.0,0.004709593834495809,0.5241953054388643,0.0,0.0,0.013888888888888888,0.0,0.0,1.0
2.0,1.3414152214952674e-06,1.0167348935791612e-05,0.0,0.0,0.0,0.013888888888888888,0.0,0.0,1.0
3.0,1.3314463630539734e-06,0.0,0.0,0.0,0.0,0.013888888888888888,0.0,0.0,1.0
4.0,8.168873535454509e-09,0.0,0.0,0.0,0.0,0.013888888888888888,0.0,0.0,0.0
1.0,100.0,0.004710325963160749,0.5238616156603135,0.0,0.0,0.013888888888888888,0.0,0.0,1.0
2.0,1.354529964360243e-06,1.0165583493246152e-05,0.0,0.0,0.0,0.013888888888888888,0.0,0.0,1.0
3.0,1.3443737473108388e-06,0.0,0.0,0.0,0.0,0.013888888888888888,0.0,0.0,1.0
4.0,8.241424696096232e-09,0.0,0.0,0.0,0.0,0.013888888888888888,0.0,0.0,0.0
1.0,100.0,0.004711013025634645,0.5235857679235527,0.0,0.0,0.013888888888888888,0.0,0.0,1.0
2.0,4.026627567721076e-07,1.016373328574317e-05,0.0,0.0,0.0,0.013888888888888888,0.0,0.0,1.0
3.0,3.9956217650315114e-07,0.0,0.0,0.0,0.0,0.013888888888888888,0.0,0.0,1.0
4.0,3.312033236134759e-09,0.0,0.0,0.0,0.0,0.013888888888888888,0.0,0.0,0.0
1.0,100.0,0.00471329124390196,0.5252350789585793,0.0,0.0,0.013888888888888888,0.0,0.0,1.0
2.0,3.940650431803435e-07,1.0164520456782451e-05,0.0,0.0,0.0,0.013888888888888888,0.0,0.0,1.0
3.0,3.9258336816973415e-07,0.0,0.0,0.0,0.0,0.013888888888888888,0.0,0.0,1.0
4.0,3.301248660091502e-09,0.0,0.0,0.0,0.0,0.013888888888888888,0.0,0.0,0.0
1.0,100.0,0.004713541214237373,0.5254556761164794,0.0,0.0,0.013888888888888888,0.0,0.0,1.0
2.0,3.9258276605951747e-07,1.0160205831380876e-05,0.0,0.0,0.0,0.013888888888888888,0.0,0.0,1.0
3.0,3.916286450861504e-07,0.0,0.0,0.0,0.0,0.013888888888888888,0.0,0.0,1.0
4.0,3.3046338953995056e-09,0.0,0.0,0.0,0.0,0.013888888888888888,0.0,0.0,0.0
1.0,100.0,0.00471368097364867,0.5255970292963289,0.0,0.0,0.013888888888888888,0.0,0.0,1.0
2.0,3.918551736645307e-07,1.0155549719395918e-05,0.0,0.0,0.0,0.013888888888888888,0.0,0.0,1.0
3.0,3.9105356176480246e-07,0.0,0.0,0.0,0.0,0.013888888888888888,0.0,0.0,1.0
4.0,3.2935475974840732e-09,0.0,0.0,0.0,0.0,0.013888888888888888,0.0,0.0,0.0
1.0,100.0,0.004713814974929437,0.5257324733470089,0.0,0.0,0.013888888888888888,0.0,0.0,1.0
2.0,3.911984832681528e-07,1.015081326696985e-05,0.0,0.0,0.0,0.013888888888888888,0.0,0.0,1.0
3.0,3.904571514826399e-07,0.0,0.0,0.0,0.0,0.013888888888888888,0.0,0.0,1.0
4.0,3.2994749818500732e-09,0.0,0.0,0.0,0.0,0.013888888888888888,0.0,0.0,0.0
1.0,100.0,0.004713948705204676,0.5258930786896755,0.0,0.0,0.013888888888888888,0.0,0.0,1.0
2.0,3.90376053731377e-07,1.0146012448318407e-05,0.0,0.0,0.0,0.013888888888888888,0.0,0.0,1.0
3.0,3.8966210725662507e-07,0.0,0.0,0.0,0.0,0.013888888888888888,0.0,0.0,1.0
4.0,3.300507276960422e-09,0.0,0.0,0.0,0.0,0.013888888888888888,0.0,0.0,0.0
1.0,100.0,0.004714082539912652,0.5264660958228214,0.0,0.0,0.013888888888888888,0.0,0.0,1.0
2.0,3.8937118809536873e-07,1.0141150585179417e-05,0.0,0.0,0.0,0.013888888888888888,0.0,0.0,1.0
3.0,3.8865609909397807e-07,0.0,0.0,0.0,0.0,0.013888888888888888,0.0,0.0,1.0
4.0,3.2971730597772486e-09,0.0,0.0,0.0,0.0,0.013888888888888888,0.0,0.0,0.0
1.0,100.0,0.004714216588241934,0.5270238093825496,0.0,0.0,0.013888888888888888,0.0,0.0,1.0
2.0,3.8818507119470185e-07,1.0136230359901545e-05,0.0,0.0,0.0,0.013888888888888888,0.0,0.0,1.0
3.0,3.8747450237005455e-07,0.0,0.0,0.0,0.0,0.013888888888888888,0.0,0.0,1.0
4.0,3.281053805495438e-09,0.0,0.0,0.0,0.0,0.013888888888888888,0.0,0.0,0.0
1.0,100.0,0.004714350943867985,0.5275663101442754,0.0,0.0,0.013888888888888888,0.0,0.0,1.0
2.0,3.8679582174467143e-07,1.0131254410855977e-05,0.0,0.0,0.0,0.013888888888888888,0.0,0.0,1.0
3.0,3.8607499969527703e-07,0.0,0.0,0.0,0.0,0.013888888888888888,0.0,0.0,1.0
4.0,3.2731771326659815e-09,0.0,0.0,0.0,0.0,0.013888888888888888,0.0,0.0,0.0
1.0,100.0,0.004714485697813132,0.5280936905508795,0.0,0.0,0.013888888888888888,0.0,0.0,1.0
2.0,3.8526556767592575e-07,1.0126225314199982e-05,0.0,0.0,0.0,0.013888888888888888,0.0,0.0,1.0
3.0,3.8454968101018196e-07,0.0,0.0,0.0,0.0,0.013888888888888888,0.0,0.0,1.0
4.0,3.267603433122312e-09,0.0,0.0,0.0,0.0,0.013888888888888888,0.0,0.0,0.0
1.0,100.0,0.004714620939164897,0.5286060447867407,0.0,0.0,0.013888888888888888,0.0,0.0,1.0
2.0,3.8359670125568374e-07,1.0121145662015717e-05,0.0,0.0,0.0,0.013888888888888888,0.0,0.0,1.0
3.0,3.8287629957224807e-07,0.0,0.0,0.0,0.0,0.013888888888888888,0.0,0.0,1.0
4.0,3.2625583825948116e-09,0.0,0.0,0.0,0.0,0.013888888888888888,0.0,0.0,0.0
1.0,100.0,0.0047147567550316315,0.5291034689173395,0.0,0.0,0.013888888888888888,0.0,0.0,1.0
2.0,3.817955659425482e-07,1.0116018012002457e-05,0.0,0.0,0.0,0.013888888888888888,0.0,0.0,1.0
3.0,3.810769410698846e-07,0.0,0.0,0.0,0.0,0.013888888888888888,0.0,0.0,1.0
4.0,3.241154734314256e-09,0.0,0.0,0.0,0.0,0.013888888888888888,0.0,0.0,0.0
1.0,100.0,0.004714893230539532,0.5295860610094327,0.0,0.0,0.013888888888888888,0.0,0.0,1.0
2.0,3.7990523657961024e-07,1.0110844894008619e-05,0.0,0.0,0.0,0.013888888888888888,0.0,0.0,1.0
3.0,3.7920294770096535e-07,0.0,0.0,0.0,0.0,0.013888888888888888,0.0,0.0,1.0
4.0,3.2259298734789127e-09,0.0,0.0,0.0,0.0,0.013888888888888888,0.0,0.0,0.0
1.0,100.0,0.004715030448771249,0.5300539212556002,0.0,0.0,0.013888888888888888,0.0,0.0,1.0
2.0,3.7789607963491767e-07,1.0105628806848981e-05,0.0,0.0,0.0,0.013888888888888888,0.0,0.0,1.0
3.0,3.7718083211277576e-07,0.0,0.0,0.0,0.0,0.013888888888888888,0.0,0.0,1.0
4.0,3.2165817286152373e-09,0.0,0.0,0.0,0.0,0.013888888888888888,0.0,0.0,0.0
1.0,100.0,0.004715168490760317,0.5305071520678515,0.0,0.0,0.013888888888888888,0.0,0.0,1.0
2.0,3.758150955125511e-07,1.0100372207066375e-05,0.0,0.0,0.0,0.013888888888888888,0.0,0.0,1.0
3.0,3.75109061553317e-07,0.0,0.0,0.0,0.0,0.013888888888888888,0.0,0.0,1.0
4.0,3.195052906070154e-09,0.0,0.0,0.0,0.0,0.013888888888888888,0.0,0.0,0.0
1.0,100.0,0.004715307435470931,0.5309458582114391,0.0,0.0,0.013888888888888888,0.0,0.0,1.0
2.0,3.7367030038169476e-07,1.009507751341907e-05,0.0,0.0,0.0,0.013888888888888888,0.0,0.0,1.0
3.0,3.7295868174887936e-07,0.0,0.0,0.0,0.0,0.013888888888888888,0.0,0.0,1.0
4.0,3.178280870618791e-09,0.0,0.0,0.0,0.0,0.013888888888888888,0.0,0.0,0.0
1.0,100.0,0.004715447359779592,0.531370146871849,0.0,0.0,0.013888888888888888,0.0,0.0,1.0
2.0,3.7145730303323607e-07,1.0089747116439418e-05,0.0,0.0,0.0,0.013888888888888888,0.0,0.0,1.0
3.0,3.7075015389757014e-07,0.0,0.0,0.0,0.0,0.013888888888888888,0.0,0.0,1.0
4.0,3.178257572041289e-09,0.0,0.0,0.0,0.0,0.013888888888888888,0.0,0.0,0.0
1.0,100.0,0.0047155883384550415,0.5317801277853289,0.0,0.0,0.013888888888888888,0.0,0.0,1.0
2.0,3.6919130462307045e-07,1.0084383358771623e-05,0.0,0.0,0.0,0.013888888888888888,0.0,0.0,1.0
3.0,3.6849607429476434e-07,0.0,0.0,0.0,0.0,0.013888888888888888,0.0,0.0,1.0
4.0,3.1629455574642425e-09,0.0,0.0,0.0,0.0,0.013888888888888888,0.0,0.0,0.0
1.0,100.0,0.00471573044418869,0.5321759133068742,0.0,0.0,0.013888888888888888,0.0,0.0,1.0
2.0,3.6688754384114025e-07,1.007898853025093e-05,0.0,0.0,0.0,0.013888888888888888,0.0,0.0,1.0
3.0,3.66189874633387e-07,0.0,0.0,0.0,0.0,0.013888888888888888,0.0,0.0,1.0
4.0,3.1337794787718714e-09,0.0,0.0,0.0,0.0,0.013888888888888888,0.0,0.0,0.0
1.0,100.0,0.004715873747537466,0.5325576184975227,0.0,0.0,0.013888888888888888,0.0,0.0,1.0
2.0,3.6453245600205703e-07,1.0073564871500586e-05,0.0,0.0,0.0,0.013888888888888888,0.0,0.0,1.0
3.0,3.6384138271785486e-07,0.0,0.0,0.0,0.0,0.013888888888888888,0.0,0.0,1.0
4.0,3.122683292360172e-09,0.0,0.0,0.0,0.0,0.013888888888888888,0.0,0.0,0.0
1.0,100.0,0.004716018316964518,0.5329253612359787,0.0,0.0,0.013888888888888888,0.0,0.0,1.0
2.0,3.621573358927345e-07,1.0068114587739626e-05,0.0,0.0,0.0,0.013888888888888888,0.0,0.0,1.0
3.0,3.6146908349339455e-07,0.0,0.0,0.0,0.0,0.013888888888888888,0.0,0.0,1.0
4.0,3.1111216839853028e-09,0.0,0.0,0.0,0.0,0.013888888888888888,0.0,0.0,0.0
1.0,100.0,0.00471616421886368,0.5332792622313852,0.0,0.0,0.013888888888888888,0.0,0.0,1.0
2.0,3.597473729898561e-07,1.0062639802637854e-05,0.0,0.0,0.0,0.013888888888888888,0.0,0.0,1.0
3.0,3.5905830488925085e-07,0.0,0.0,0.0,0.0,0.013888888888888888,0.0,0.0,1.0
4.0,3.0843345463082297e-09,0.0,0.0,0.0,0.0,0.013888888888888888,0.0,0.0,0.0
1.0,100.0,0.0047163115175294585,0.5336194451553256,0.0,0.0,0.013888888888888888,0.0,0.0,1.0
2.0,3.573161823459683e-07,1.0057142587402941e-05,0.0,0.0,0.0,0.013888888888888888,0.0,0.0,1.0
3.0,3.566326152839873e-07,0.0,0.0,0.0,0.0,0.013888888888888888,0.0,0.0,1.0
4.0,3.072647473083616e-09,0.0,0.0,0.0,0.0,0.013888888888888888,0.0,0.0,0.0
1.0,100.0,0.004716460275213924,0.5339460366865463,0.0,0.0,0.013888888888888888,0.0,0.0,1.0
2.0,3.548688474703709e-07,1.0051625004546455e-05,0.0,0.0,0.0,0.013888888888888888,0.0,0.0,1.0
3.0,3.541973246232059e-07,0.0,0.0,0.0,0.0,0.013888888888888888,0.0,0.0,1.0
4.0,3.0423375187005437e-09,0.0,0.0,0.0,0.0,0.013888888888888888,0.0,0.0,0.0
1.0,100.0,0.004716610552132401,0.5342591665220615,0.0,0.0,0.013888888888888888,0.0,0.0,1.0
2.0,3.523806802050606e-07,1.0046088995932636e-05,0.0,0.0,0.0,0.013888888888888888,0.0,0.0,1.0
3.0,3.516940471611193e-07,0.0,0.0,0.0,0.0,0.013888888888888888,0.0,0.0,1.0
4.0,3.0190366204552026e-09,0.0,0.0,0.0,0.0,0.013888888888888888,0.0,0.0,0.0
1.0,100.0,0.004716762406491896,0.5345589675358644,0.0,0.0,0.013888888888888888,0.0,0.0,1.0
2.0,3.4992239742005503e-07,1.0040536456553972e-05,0.0,0.0,0.0,0.013888888888888888,0.0,0.0,1.0
3.0,3.4925711994954503e-07,0.0,0.0,0.0,0.0,0.013888888888888888,0.0,0.0,1.0
4.0,3.00982896934711e-09,0.0,0.0,0.0,0.0,0.013888888888888888,0.0,0.0,0.0
1.0,100.0,0.0047169158945079784,0.5348455757034872,0.0,0.0,0.013888888888888888,0.0,0.0,1.0
2.0,3.474446228013152e-07,1.003496926222988e-05,0.0,0.0,0.0,0.013888888888888888,0.0,0.0,1.0
3.0,3.467740876753374e-07,0.0,0.0,0.0,0.0,0.013888888888888888,0.0,0.0,1.0
4.0,2.9886927549835585e-09,0.0,0.0,0.0,0.0,0.013888888888888888,0.0,0.0,0.0
1.0,100.0,0.0047170710704656635,0.5351191302250558,0.0,0.0,0.013888888888888888,0.0,0.0,1.0
2.0,3.449561014192116e-07,1.0029389142957758e-05,0.0,0.0,0.0,0.013888888888888888,0.0,0.0,1.0
3.0,3.4429700626371013e-07,0.0,0.0,0.0,0.0,0.013888888888888888,0.0,0.0,1.0
4.0,2.973181339038065e-09,0.0,0.0,0.0,0.0,0.013888888888888888,0.0,0.0,0.0
1.0,100.0,0.004717227986757218,0.5353797735391473,0.0,0.0,0.013888888888888888,0.0,0.0,1.0
2.0,3.424579278095996e-07,1.0023797839172196e-05,0.0,0.0,0.0,0.013888888888888888,0.0,0.0,1.0
3.0,3.417991869686307e-07,0.0,0.0,0.0,0.0,0.013888888888888888,0.0,0.0,1.0
4.0,2.9615078903779545e-09,0.0,0.0,0.0,0.0,0.013888888888888888,0.0,0.0,0.0
1.0,100.0,0.004717386693898522,0.5356276513539051,0.0,0.0,0.013888888888888888,0.0,0.0,1.0
2.0,3.399900399097814e-07,1.0018196974027722e-05,0.0,0.0,0.0,0.013888888888888888,0.0,0.0,1.0
3.0,3.393322070124916e-07,0.0,0.0,0.0,0.0,0.013888888888888888,0.0,0.0,1.0
4.0,2.9364841298399014e-09,0.0,0.0,0.0,0.0,0.013888888888888888,0.0,0.0,0.0
1.0,100.0,0.0047175472405885975,0.5358629126577182,0.0,0.0,0.013888888888888888,0.0,0.0,1.0
2.0,3.3749892225587405e-07,1.0012588141604717e-05,0.0,0.0,0.0,0.013888888888888888,0.0,0.0,1.0
3.0,3.368435323895776e-07,0.0,0.0,0.0,0.0,0.013888888888888888,0.0,0.0,1.0
4.0,2.91362484597776e-09,0.0,0.0,0.0,0.0,0.013888888888888888,0.0,0.0,0.0
1.0,100.0,0.004717709673766813,0.5360857097568312,0.0,0.0,0.013888888888888888,0.0,0.0,1.0
2.0,3.3502447492403763e-07,1.0006972859337525e-05,0.0,0.0,0.0,0.013888888888888888,0.0,0.0,1.0
3.0,3.343813929934368e-07,0.0,0.0,0.0,0.0,0.013888888888888888,0.0,0.0,1.0
4.0,2.88741873925442e-09,0.0,0.0,0.0,0.0,0.013888888888888888,0.0,0.0,0.0
1.0,100.0,0.004717874038650377,0.5362961982555008,0.0,0.0,0.013888888888888888,0.0,0.0,1.0
2.0,3.3255027695794846e-07,1.0001352535464462e-05,0.0,0.0,0.0,0.013888888888888888,0.0,0.0,1.0
3.0,3.319075240598056e-07,0.0,0.0,0.0,0.0,0.013888888888888888,0.0,0.0,1.0
4.0,2.884491017301991e-09,0.0,0.0,0.0,0.0,0.013888888888888888,0.0,0.0,0.0
1.0,100.0,0.004718040378803038,0.536494537131026,0.0,0.0,0.013888888888888888,0.0,0.0,1.0
2.0,3.3008860885475375e-07,9.9957285808702e-06,0.0,0.0,0.0,0.013888888888888888,0.0,0.0,1.0
3.0,3.2945379753653336e-07,0.0,0.0,0.0,0.0,0.013888888888888888,0.0,0.0,1.0
4.0,2.8554038418191125e-09,0.0,0.0,0.0,0.0,0.013888888888888888,0.0,0.0,0.0
1.0,100.0,0.004718208736162024,0.5366808886512703,0.0,0.0,0.013888888888888888,0.0,0.0,1.0
2.0,3.276255537591365e-07,9.990102288562934e-06,0.0,0.0,0.0,0.013888888888888888,0.0,0.0,1.0
3.0,3.2698254033578523e-07,0.0,0.0,0.0,0.0,0.013888888888888888,0.0,0.0,1.0
4.0,2.8316268102038034e-09,0.0,0.0,0.0,0.0,0.013888888888888888,0.0,0.0,0.0
1.0,100.0,0.004771404686611473,99.09837565181664,0.0,0.0,0.013888888888888888,0.0,0.0,1.0
2.0,2.0410993428006645e-05,1.0395201079406343e-05,0.0,0.0,0.0,0.013888888888888888,0.0,0.0,1.0
3.0,2.0227968569926043e-05,0.0,0.0,0.0,0.0,0.013888888888888888,0.0,0.0,1.0
4.0,6.898142586891504e-08,0.0,0.0,0.0,0.0,0.013888888888888888,0.0,0.0,0.0
1.0,100.0,0.004832661625238546,0.5889313475848599,0.0,0.0,0.013888888888888888,0.0,0.0,1.0
2.0,1.0768425820937103e-07,1.017680730815037e-05,0.0,0.0,0.0,0.013888888888888888,0.0,0.0,1.0
3.0,1.4831457779509634e-07,0.0,0.0,0.0,0.0,0.013888888888888888,0.0,0.0,1.0
4.0,2.1465658934511183e-09,0.0,0.0,0.0,0.0,0.013888888888888888,0.0,0.0,0.0
1.0,100.0,0.004707008022911838,0.5350835777477666,0.0,0.0,0.013888888888888888,0.0,0.0,1.0
2.0,3.0420761416111617e-07,1.0036728725851326e-05,0.0,0.0,0.0,0.013888888888888888,0.0,0.0,1.0
3.0,3.1681256208473317e-07,0.0,0.0,0.0,0.0,0.013888888888888888,0.0,0.0,1.0
4.0,2.6385707019549344e-09,0.0,0.0,0.0,0.0,0.013888888888888888,0.0,0.0,0.0
1.0,100.0,0.004694841847364527,0.5355495564024297,0.0,0.0,0.013888888888888888,0.0,0.0,1.0
2.0,3.5726469431992005e-07,1.0014998663562132e-05,0.0,0.0,0.0,0.013888888888888888,0.0,0.0,1.0
3.0,3.6062265637402684e-07,0.0,0.0,0.0,0.0,0.013888888888888888,0.0,0.0,1.0
4.0,2.795926637548223e-09,0.0,0.0,0.0,0.0,0.013888888888888888,0.0,0.0,0.0
1.0,100.0,0.0046948152748405875,0.5359079390751782,0.0,0.0,0.013888888888888888,0.0,0.0,1.0
2.0,3.909107137147279e-07,1.0017551644965377e-05,0.0,0.0,0.0,0.013888888888888888,0.0,0.0,1.0
3.0,3.9103112201744133e-07,0.0,0.0,0.0,0.0,0.013888888888888888,0.0,0.0,1.0
4.0,2.8995269908787357e-09,0.0,0.0,0.0,0.0,0.013888888888888888,0.0,0.0,0.0
1.0,100.0,0.0046955530360995425,0.5362374938309217,0.0,0.0,0.013888888888888888,0.0,0.0,1.0
2.0,4.1809582657708473e-07,1.0021460420039999e-05,0.0,0.0,0.0,0.013888888888888888,0.0,0.0,1.0
3.0,4.169594227235645e-07,0.0,0.0,0.0,0.0,0.013888888888888888,0.0,0.0,1.0
4.0,2.992431138406501e-09,0.0,0.0,0.0,0.0,0.013888888888888888,0.0,0.0,0.0
1.0,100.0,0.004696338415564373,0.5365398980058459,0.0,0.0,0.013888888888888888,0.0,0.0,1.0
2.0,4.4284327830322847e-07,1.0025291251130936e-05,0.0,0.0,0.0,0.013888888888888888,0.0,0.0,1.0
3.0,4.410661300098647e-07,0.0,0.0,0.0,0.0,0.013888888888888888,0.0,0.0,1.0
4.0,3.074878242623427e-09,0.0,0.0,0.0,0.0,0.013888888888888888,0.0,0.0,0.0
1.0,100.0,0.004697126466987669,0.536816677934176,0.0,0.0,0.013888888888888888,0.0,0.0,1.0
2.0,4.6652390670400255e-07,1.0028954784107284e-05,0.0,0.0,0.0,0.013888888888888888,0.0,0.0,1.0
3.0,4.643447153132367e-07,0.0,0.0,0.0,0.0,0.013888888888888888,0.0,0.0,1.0
4.0,3.1720970912331384e-09,0.0,0.0,0.0,0.0,0.013888888888888888,0.0,0.0,0.0
1.0,100.0,0.004697914541437088,0.537069233310052,0.0,0.0,0.013888888888888888,0.0,0.0,1.0
2.0,4.895433529937616e-07,1.0032446430396434e-05,0.0,0.0,0.0,0.013888888888888888,0.0,0.0,1.0
3.0,4.870190206500027e-07,0.0,0.0,0.0,0.0,0.013888888888888888,0.0,0.0,1.0
4.0,3.251875434585861e-09,0.0,0.0,0.0,0.0,0.013888888888888888,0.0,0.0,0.0
1.0,100.0,0.004698702655242386,0.5372988481778286,0.0,0.0,0.013888888888888888,0.0,0.0,1.0
2.0,5.120874318325333e-07,1.0035771207129675e-05,0.0,0.0,0.0,0.013888888888888888,0.0,0.0,1.0
3.0,5.092586283605162e-07,0.0,0.0,0.0,0.0,0.013888888888888888,0.0,0.0,1.0
4.0,3.344022118480946e-09,0.0,0.0,0.0,0.0,0.013888888888888888,0.0,0.0,0.0
1.0,100.0,0.004699490975983216,0.5375067020143586,0.0,0.0,0.013888888888888888,0.0,0.0,1.0
2.0,5.341619087471057e-07,1.0038929036231259e-05,0.0,0.0,0.0,0.013888888888888888,0.0,0.0,1.0
3.0,5.310342102542386e-07,0.0,0.0,0.0,0.0,0.013888888888888888,0.0,0.0,1.0
4.0,3.447555566747121e-09,0.0,0.0,0.0,0.0,0.013888888888888888,0.0,0.0,0.0
1.0,100.0,0.004700279676569667,0.5376938799735476,0.0,0.0,0.013888888888888888,0.0,0.0,1.0
2.0,5.558275861896796e-07,1.0041924923273272e-05,0.0,0.0,0.0,0.013888888888888888,0.0,0.0,1.0
3.0,5.524105197357655e-07,0.0,0.0,0.0,0.0,0.013888888888888888,0.0,0.0,1.0
4.0,3.533963178430349e-09,0.0,0.0,0.0,0.0,0.013888888888888888,0.0,0.0,0.0
1.0,100.0,0.004701068916558515,0.5378613819653959,0.0,0.0,0.013888888888888888,0.0,0.0,1.0
2.0,5.770956397749844e-07,1.0044759421848507e-05,0.0,0.0,0.0,0.013888888888888888,0.0,0.0,1.0
3.0,5.734036270240173e-07,0.0,0.0,0.0,0.0,0.013888888888888888,0.0,0.0,1.0
4.0,3.6250131783206473e-09,0.0,0.0,0.0,0.0,0.013888888888888888,0.0,0.0,0.0
1.0,100.0,0.0047018588499349945,0.5380101308903018,0.0,0.0,0.013888888888888888,0.0,0.0,1.0
2.0,5.979211012253798e-07,1.0047435305734742e-05,0.0,0.0,0.0,0.013888888888888888,0.0,0.0,1.0
3.0,5.939509228352686e-07,0.0,0.0,0.0,0.0,0.013888888888888888,0.0,0.0,1.0
4.0,3.7239895911529187e-09,0.0,0.0,0.0,0.0,0.013888888888888888,0.0,0.0,0.0
1.0,100.0,0.004702649620015467,0.5381409797377035,0.0,0.0,0.013888888888888888,0.0,0.0,1.0
2.0,6.183855463337337e-07,1.0049954074068682e-05,0.0,0.0,0.0,0.013888888888888888,0.0,0.0,1.0
3.0,6.141398716809399e-07,0.0,0.0,0.0,0.0,0.013888888888888888,0.0,0.0,1.0
4.0,3.811842246406936e-09,0.0,0.0,0.0,0.0,0.013888888888888888,0.0,0.0,0.0
1.0,100.0,0.004703444963392563,0.5382656674762389,0.0,0.0,0.013888888888888888,0.0,0.0,1.0
2.0,6.384392381210956e-07,1.0052309935707485e-05,0.0,0.0,0.0,0.013888888888888888,0.0,0.0,1.0
3.0,6.339267007196949e-07,0.0,0.0,0.0,0.0,0.013888888888888888,0.0,0.0,1.0
4.0,3.898838629968962e-09,0.0,0.0,0.0,0.0,0.013888888888888888,0.0,0.0,0.0
1.0,100.0,0.004704241005626473,0.5383649987215263,0.0,0.0,0.013888888888888888,0.0,0.0,1.0
2.0,6.581147175543219e-07,1.0054464727871607e-05,0.0,0.0,0.0,0.013888888888888888,0.0,0.0,1.0
3.0,6.533480779286757e-07,0.0,0.0,0.0,0.0,0.013888888888888888,0.0,0.0,1.0
4.0,4.006155160245006e-09,0.0,0.0,0.0,0.0,0.013888888888888888,0.0,0.0,0.0
1.0,100.0,0.004705019488911459,0.5383742030600809,0.0,0.0,0.013888888888888888,0.0,0.0,1.0
2.0,6.774054817611177e-07,1.0056391324866744e-05,0.0,0.0,0.0,0.013888888888888888,0.0,0.0,1.0
3.0,6.723870065252683e-07,0.0,0.0,0.0,0.0,0.013888888888888888,0.0,0.0,1.0
4.0,4.094559398771571e-09,0.0,0.0,0.0,0.0,0.013888888888888888,0.0,0.0,0.0
1.0,100.0,0.004705797415353622,0.5383602151145722,0.0,0.0,0.013888888888888888,0.0,0.0,1.0
2.0,6.963185164244116e-07,1.005815681442961e-05,0.0,0.0,0.0,0.013888888888888888,0.0,0.0,1.0
3.0,6.910416141369321e-07,0.0,0.0,0.0,0.0,0.013888888888888888,0.0,0.0,1.0
4.0,4.193519642315909e-09,0.0,0.0,0.0,0.0,0.013888888888888888,0.0,0.0,0.0
1.0,100.0,0.004706574959753041,0.5383239172218112,0.0,0.0,0.013888888888888888,0.0,0.0,1.0
2.0,7.148724962753486e-07,1.0059762139796599e-05,0.0,0.0,0.0,0.013888888888888888,0.0,0.0,1.0
3.0,7.093484929401535e-07,0.0,0.0,0.0,0.0,0.013888888888888888,0.0,0.0,1.0
4.0,4.281872154671518e-09,0.0,0.0,0.0,0.0,0.013888888888888888,0.0,0.0,0.0
1.0,100.0,0.004707352284331142,0.5382660988141343,0.0,0.0,0.013888888888888888,0.0,0.0,1.0
2.0,7.330493427516883e-07,1.0061209469319972e-05,0.0,0.0,0.0,0.013888888888888888,0.0,0.0,1.0
3.0,7.272777116794149e-07,0.0,0.0,0.0,0.0,0.013888888888888888,0.0,0.0,1.0
4.0,4.3803779548383886e-09,0.0,0.0,0.0,0.0,0.013888888888888888,0.0,0.0,0.0
1.0,100.0,0.00470812954461413,0.5381874942525285,0.0,0.0,0.013888888888888888,0.0,0.0,1.0
2.0,7.508872080507021e-07,1.0062501110468636e-05,0.0,0.0,0.0,0.013888888888888888,0.0,0.0,1.0
3.0,7.448845848777423e-07,0.0,0.0,0.0,0.0,0.013888888888888888,0.0,0.0,1.0
4.0,4.468691301856896e-09,0.0,0.0,0.0,0.0,0.013888888888888888,0.0,0.0,0.0
1.0,100.0,0.004708906888218564,0.538088786866553,0.0,0.0,0.013888888888888888,0.0,0.0,1.0
2.0,7.683471019012454e-07,1.006363741207822e-05,0.0,0.0,0.0,0.013888888888888888,0.0,0.0,1.0
3.0,7.621040138572163e-07,0.0,0.0,0.0,0.0,0.013888888888888888,0.0,0.0,1.0
4.0,4.5643394241892925e-09,0.0,0.0,0.0,0.0,0.013888888888888888,0.0,0.0,0.0
1.0,100.0,0.004709684462116829,0.537970613038411,0.0,0.0,0.013888888888888888,0.0,0.0,1.0
2.0,7.854942659726916e-07,1.0064623566534354e-05,0.0,0.0,0.0,0.013888888888888888,0.0,0.0,1.0
3.0,7.790022847262454e-07,0.0,0.0,0.0,0.0,0.013888888888888888,0.0,0.0,1.0
4.0,4.6577723150450485e-09,0.0,0.0,0.0,0.0,0.013888888888888888,0.0,0.0,0.0
1.0,100.0,0.0047104624031961825,0.537833565959479,0.0,0.0,0.013888888888888888,0.0,0.0,1.0
2.0,8.022880492722367e-07,1.0065459576492169e-05,0.0,0.0,0.0,0.013888888888888888,0.0,0.0,1.0
3.0,7.955843570894717e-07,0.0,0.0,0.0,0.0,0.013888888888888888,0.0,0.0,1.0
4.0,4.747970832551483e-09,0.0,0.0,0.0,0.0,0.013888888888888888,0.0,0.0,0.0
1.0,100.0,0.004711240848777276,0.5376782033267379,0.0,0.0,0.013888888888888888,0.0,0.0,1.0
2.0,8.187185144852145e-07,1.0066149132824769e-05,0.0,0.0,0.0,0.013888888888888888,0.0,0.0,1.0
3.0,8.117890209520288e-07,0.0,0.0,0.0,0.0,0.013888888888888888,0.0,0.0,1.0
4.0,4.835111154686234e-09,0.0,0.0,0.0,0.0,0.013888888888888888,0.0,0.0,0.0
1.0,100.0,0.004712019923974596,0.5375050267897387,0.0,0.0,0.013888888888888888,0.0,0.0,1.0
2.0,8.348366722832588e-07,1.0066693461077068e-05,0.0,0.0,0.0,0.013888888888888888,0.0,0.0,1.0
3.0,8.276988556825193e-07,0.0,0.0,0.0,0.0,0.013888888888888888,0.0,0.0,1.0
4.0,4.9441562319057075e-09,0.0,0.0,0.0,0.0,0.013888888888888888,0.0,0.0,0.0
1.0,100.0,0.004712799753121034,0.5373145192999069,0.0,0.0,0.013888888888888888,0.0,0.0,1.0
2.0,8.506323963915897e-07,1.0067093338935727e-05,0.0,0.0,0.0,0.013888888888888888,0.0,0.0,1.0
3.0,8.432754754962833e-07,0.0,0.0,0.0,0.0,0.013888888888888888,0.0,0.0,1.0
4.0,5.03792579822934e-09,0.0,0.0,0.0,0.0,0.013888888888888888,0.0,0.0,0.0
1.0,100.0,0.004713580463377551,0.5371071416141472,0.0,0.0,0.013888888888888888,0.0,0.0,1.0
2.0,8.661100174895812e-07,1.0067353457486187e-05,0.0,0.0,0.0,0.013888888888888888,0.0,0.0,1.0
3.0,8.58549507643773e-07,0.0,0.0,0.0,0.0,0.013888888888888888,0.0,0.0,1.0
4.0,5.1281842068946386e-09,0.0,0.0,0.0,0.0,0.013888888888888888,0.0,0.0,0.0
1.0,100.0,0.004714362171787001,0.5368833155936132,0.0,0.0,0.013888888888888888,0.0,0.0,1.0
2.0,8.812549177834949e-07,1.0067474413288888e-05,0.0,0.0,0.0,0.013888888888888888,0.0,0.0,1.0
3.0,8.734801888113769e-07,0.0,0.0,0.0,0.0,0.013888888888888888,0.0,0.0,1.0
4.0,5.203607701800354e-09,0.0,0.0,0.0,0.0,0.013888888888888888,0.0,0.0,0.0
1.0,100.0,0.004715144993291479,0.5366434359268466,0.0,0.0,0.013888888888888888,0.0,0.0,1.0
2.0,9.013222561607809e-07,1.0067458249490832e-05,0.0,0.0,0.0,0.013888888888888888,0.0,0.0,1.0
3.0,8.981993874075733e-07,0.0,0.0,0.0,0.0,0.013888888888888888,0.0,0.0,1.0
4.0,5.309604664497925e-09,0.0,0.0,0.0,0.0,0.013888888888888888,0.0,0.0,0.0
1.0,100.0,0.004715929039605442,0.5363878721953975,0.0,0.0,0.013888888888888888,0.0,0.0,1.0
2.0,9.525565080104413e-07,1.0067306896044261e-05,0.0,0.0,0.0,0.013888888888888888,0.0,0.0,1.0
3.0,9.494801561594771e-07,0.0,0.0,0.0,0.0,0.013888888888888888,0.0,0.0,1.0
4.0,5.398866830661322e-09,0.0,0.0,0.0,0.0,0.013888888888888888,0.0,0.0,0.0
1.0,100.0,0.004716714419512024,0.5361169704927252,0.0,0.0,0.013888888888888888,0.0,0.0,1.0
2.0,1.0045870917068373e-06,1.0067022382079992e-05,0.0,0.0,0.0,0.013888888888888888,0.0,0.0,1.0
3.0,1.001540460576387e-06,0.0,0.0,0.0,0.0,0.013888888888888888,0.0,0.0,1.0
4.0,5.488694421103695e-09,0.0,0.0,0.0,0.0,0.013888888888888888,0.0,0.0,0.0
1.0,100.0,0.0047175012385409845,0.535831055090708,0.0,0.0,0.013888888888888888,0.0,0.0,1.0
2.0,1.0573749225467802e-06,1.0066606474973106e-05,0.0,0.0,0.0,0.013888888888888888,0.0,0.0,1.0
3.0,1.0543603494190628e-06,0.0,0.0,0.0,0.0,0.013888888888888888,0.0,0.0,1.0
4.0,5.584925383125055e-09,0.0,0.0,0.0,0.0,0.013888888888888888,0.0,0.0,0.0
1.0,100.0,0.004718289599667843,0.5355304305918495,0.0,0.0,0.013888888888888888,0.0,0.0,1.0
2.0,1.1108986879761426e-06,1.0066061094531181e-05,0.0,0.0,0.0,0.013888888888888888,0.0,0.0,1.0
3.0,1.1079258949104483e-06,0.0,0.0,0.0,0.0,0.013888888888888888,0.0,0.0,1.0
4.0,5.675506315717116e-09,0.0,0.0,0.0,0.0,0.013888888888888888,0.0,0.0,0.0
1.0,100.0,0.004719079602858848,0.535215381239958,0.0,0.0,0.013888888888888888,0.0,0.0,1.0
2.0,1.1650891752828369e-06,1.00653878253665e-05,0.0,0.0,0.0,0.013888888888888888,0.0,0.0,1.0
3.0,1.1621602755361518e-06,0.0,0.0,0.0,0.0,0.013888888888888888,0.0,0.0,1.0
4.0,5.762148389156203e-09,0.0,0.0,0.0,0.0,0.013888888888888888,0.0,0.0,0.0
1.0,100.0,0.004719871346148341,0.5348861740816835,0.0,0.0,0.013888888888888888,0.0,0.0,1.0
2.0,1.2199636502761262e-06,1.0064588924664426e-05,0.0,0.0,0.0,0.013888888888888888,0.0,0.0,1.0
3.0,1.2170587283888692e-06,0.0,0.0,0.0,0.0,0.013888888888888888,0.0,0.0,1.0
4.0,5.868555505099561e-09,0.0,0.0,0.0,0.0,0.013888888888888888,0.0,0.0,0.0
1.0,100.0,0.004720629214006792,0.5344434233567724,0.0,0.0,0.013888888888888888,0.0,0.0,1.0
2.0,7.210226170267988e-07,1.0063746706233126e-05,0.0,0.0,0.0,0.013888888888888888,0.0,0.0,1.0
3.0,7.178213680068628e-07,0.0,0.0,0.0,0.0,0.013888888888888888,0.0,0.0,1.0
4.0,6.363153090983739e-09,0.0,0.0,0.0,0.0,0.013888888888888888,0.0,0.0,0.0
1.0,100.0,0.004722748269714116,0.5342984603270123,0.0,0.0,0.013888888888888888,0.0,0.0,1.0
2.0,7.100173221365633e-07,1.006514890528489e-05,0.0,0.0,0.0,0.013888888888888888,0.0,0.0,1.0
3.0,7.080675868330995e-07,0.0,0.0,0.0,0.0,0.013888888888888888,0.0,0.0,1.0
4.0,6.307127136320505e-09,0.0,0.0,0.0,0.0,0.013888888888888888,0.0,0.0,0.0
1.0,100.0,0.004723149582850415,0.5341530554884512,0.0,0.0,0.013888888888888888,0.0,0.0,1.0
2.0,7.028843936439236e-07,1.0062284181756252e-05,0.0,0.0,0.0,0.013888888888888888,0.0,0.0,1.0
3.0,7.013485601622704e-07,0.0,0.0,0.0,0.0,0.013888888888888888,0.0,0.0,1.0
4.0,6.245062631614408e-09,0.0,0.0,0.0,0.0,0.013888888888888888,0.0,0.0,0.0
1.0,100.0,0.004723449606930073,0.5340061802984146,0.0,0.0,0.013888888888888888,0.0,0.0,1.0
2.0,6.964793366581078e-07,1.0059112680888857e-05,0.0,0.0,0.0,0.013888888888888888,0.0,0.0,1.0
3.0,6.95084799035912e-07,0.0,0.0,0.0,0.0,0.013888888888888888,0.0,0.0,1.0
4.0,6.174820796474707e-09,0.0,0.0,0.0,0.0,0.013888888888888888,0.0,0.0,0.0
1.0,100.0,0.004723743860436759,0.5345170350344276,0.0,0.0,0.013888888888888888,0.0,0.0,1.0
2.0,6.902433637203158e-07,1.0055868612980704e-05,0.0,0.0,0.0,0.013888888888888888,0.0,0.0,1.0
3.0,6.888960243898999e-07,0.0,0.0,0.0,0.0,0.013888888888888888,0.0,0.0,1.0
4.0,6.115953248204237e-09,0.0,0.0,0.0,0.0,0.013888888888888888,0.0,0.0,0.0
1.0,100.0,0.0047240376989063654,0.535103463888168,0.0,0.0,0.013888888888888888,0.0,0.0,1.0
2.0,6.840231811100401e-07,1.0052567323626748e-05,0.0,0.0,0.0,0.013888888888888888,0.0,0.0,1.0
3.0,6.826947441743933e-07,0.0,0.0,0.0,0.0,0.013888888888888888,0.0,0.0,1.0
4.0,6.053764810470038e-09,0.0,0.0,0.0,0.0,0.013888888888888888,0.0,0.0,0.0
1.0,100.0,0.004724331470494952,0.5356749420557992,0.0,0.0,0.013888888888888888,0.0,0.0,1.0
2.0,6.777882408459619e-07,1.0049211418289639e-05,0.0,0.0,0.0,0.013888888888888888,0.0,0.0,1.0
3.0,6.764686284922688e-07,0.0,0.0,0.0,0.0,0.013888888888888888,0.0,0.0,1.0
4.0,5.994483272158632e-09,0.0,0.0,0.0,0.0,0.013888888888888888,0.0,0.0,0.0
1.0,100.0,0.004724625244192329,0.5362315541514266,0.0,0.0,0.013888888888888888,0.0,0.0,1.0
2.0,6.715224261189449e-07,1.0045802752918376e-05,0.0,0.0,0.0,0.013888888888888888,0.0,0.0,1.0
3.0,6.702011077263712e-07,0.0,0.0,0.0,0.0,0.013888888888888888,0.0,0.0,1.0
4.0,5.9274522587378034e-09,0.0,0.0,0.0,0.0,0.013888888888888888,0.0,0.0,0.0
1.0,100.0,0.00472491907280006,0.5367733862797788,0.0,0.0,0.013888888888888888,0.0,0.0,1.0
2.0,6.652131682534316e-07,1.0042343185877489e-05,0.0,0.0,0.0,0.013888888888888888,0.0,0.0,1.0
3.0,6.63888998915571e-07,0.0,0.0,0.0,0.0,0.013888888888888888,0.0,0.0,1.0
4.0,5.857968550835456e-09,0.0,0.0,0.0,0.0,0.013888888888888888,0.0,0.0,0.0
1.0,100.0,0.004725213007237116,0.5373005261783752,0.0,0.0,0.013888888888888888,0.0,0.0,1.0
2.0,6.588711739211637e-07,1.0038834454231185e-05,0.0,0.0,0.0,0.013888888888888888,0.0,0.0,1.0
3.0,6.575648622463352e-07,0.0,0.0,0.0,0.0,0.013888888888888888,0.0,0.0,1.0
4.0,5.794625114917558e-09,0.0,0.0,0.0,0.0,0.013888888888888888,0.0,0.0,0.0
1.0,100.0,0.004725507097972149,0.5378130632836233,0.0,0.0,0.013888888888888888,0.0,0.0,1.0
2.0,6.525183090734739e-07,1.0035278661776034e-05,0.0,0.0,0.0,0.013888888888888888,0.0,0.0,1.0
3.0,6.512117632367963e-07,0.0,0.0,0.0,0.0,0.013888888888888888,0.0,0.0,1.0
4.0,5.740453928110058e-09,0.0,0.0,0.0,0.0,0.013888888888888888,0.0,0.0,0.0
1.0,100.0,0.004725801394265468,0.5383110889308683,0.0,0.0,0.013888888888888888,0.0,0.0,1.0
2.0,6.461523968730957e-07,1.0031677220161732e-05,0.0,0.0,0.0,0.013888888888888888,0.0,0.0,1.0
3.0,6.448545368346748e-07,0.0,0.0,0.0,0.0,0.013888888888888888,0.0,0.0,1.0
4.0,5.675010627288283e-09,0.0,0.0,0.0,0.0,0.013888888888888888,0.0,0.0,0.0
1.0,100.0,0.004726095944632378,0.5387946964142935,0.0,0.0,0.013888888888888888,0.0,0.0,1.0
2.0,6.397856154641667e-07,1.00280322585141e-05,0.0,0.0,0.0,0.013888888888888888,0.0,0.0,1.0
3.0,6.384850678779806e-07,0.0,0.0,0.0,0.0,0.013888888888888888,0.0,0.0,1.0
4.0,5.595640737797843e-09,0.0,0.0,0.0,0.0,0.013888888888888888,0.0,0.0,0.0
1.0,100.0,0.004726390796774747,0.5392639810796775,0.0,0.0,0.013888888888888888,0.0,0.0,1.0
2.0,6.334174485857278e-07,1.0024345490943713e-05,0.0,0.0,0.0,0.013888888888888888,0.0,0.0,1.0
3.0,6.321207681385333e-07,0.0,0.0,0.0,0.0,0.013888888888888888,0.0,0.0,1.0
4.0,5.532966530258599e-09,0.0,0.0,0.0,0.0,0.013888888888888888,0.0,0.0,0.0
1.0,100.0,0.004726685997406053,0.5397190404397791,0.0,0.0,0.013888888888888888,0.0,0.0,1.0
2.0,6.270530162395289e-07,1.0020618628842121e-05,0.0,0.0,0.0,0.013888888888888888,0.0,0.0,1.0
3.0,6.25769600837274e-07,0.0,0.0,0.0,0.0,0.013888888888888888,0.0,0.0,1.0
4.0,5.46978966961325e-09,0.0,0.0,0.0,0.0,0.013888888888888888,0.0,0.0,0.0
1.0,100.0,0.00472698159244388,0.5401599743061962,0.0,0.0,0.013888888888888888,0.0,0.0,1.0
2.0,6.206987341792336e-07,1.0016853553266438e-05,0.0,0.0,0.0,0.013888888888888888,0.0,0.0,1.0
3.0,6.194115994924493e-07,0.0,0.0,0.0,0.0,0.013888888888888888,0.0,0.0,1.0
4.0,5.396196413667127e-09,0.0,0.0,0.0,0.0,0.013888888888888888,0.0,0.0,0.0
1.0,100.0,0.004727277626786807,0.540586884831628,0.0,0.0,0.013888888888888888,0.0,0.0,1.0
2.0,6.143578351073247e-07,1.0013051876107118e-05,0.0,0.0,0.0,0.013888888888888888,0.0,0.0,1.0
3.0,6.130884692228852e-07,0.0,0.0,0.0,0.0,0.013888888888888888,0.0,0.0,1.0
4.0,5.343815120263091e-09,0.0,0.0,0.0,0.0,0.013888888888888888,0.0,0.0,0.0
1.0,100.0,0.004727574144553345,0.5409998766239739,0.0,0.0,0.013888888888888888,0.0,0.0,1.0
2.0,6.08036092999849e-07,1.0009215352160028e-05,0.0,0.0,0.0,0.013888888888888888,0.0,0.0,1.0
3.0,6.067716633455895e-07,0.0,0.0,0.0,0.0,0.013888888888888888,0.0,0.0,1.0
4.0,5.276312200376584e-09,0.0,0.0,0.0,0.0,0.013888888888888888,0.0,0.0,0.0
1.0,100.0,0.004727871188782573,0.5413990568168066,0.0,0.0,0.013888888888888888,0.0,0.0,1.0
2.0,6.017422382263888e-07,1.0005345662974953e-05,0.0,0.0,0.0,0.013888888888888888,0.0,0.0,1.0
3.0,6.004758253259843e-07,0.0,0.0,0.0,0.0,0.013888888888888888,0.0,0.0,1.0
4.0,5.206859864985815e-09,0.0,0.0,0.0,0.0,0.013888888888888888,0.0,0.0,0.0
1.0,100.0,0.00472816880172012,0.5417845351810726,0.0,0.0,0.013888888888888888,0.0,0.0,1.0
2.0,5.954698412775179e-07,1.0001444466844266e-05,0.0,0.0,0.0,0.013888888888888888,0.0,0.0,1.0
3.0,5.942074964413232e-07,0.0,0.0,0.0,0.0,0.013888888888888888,0.0,0.0,1.0
4.0,5.138779437634833e-09,0.0,0.0,0.0,0.0,0.013888888888888888,0.0,0.0,0.0
1.0,100.0,0.004728467024646072,0.5421564241774148,0.0,0.0,0.013888888888888888,0.0,0.0,1.0
2.0,5.892167124232462e-07,9.997513439189732e-06,0.0,0.0,0.0,0.013888888888888888,0.0,0.0,1.0
3.0,5.87952082361508e-07,0.0,0.0,0.0,0.0,0.013888888888888888,0.0,0.0,1.0
4.0,5.075958323851134e-09,0.0,0.0,0.0,0.0,0.013888888888888888,0.0,0.0,0.0
1.0,100.0,0.004728765897880036,0.5425148389840184,0.0,0.0,0.013888888888888888,0.0,0.0,1.0
2.0,5.830052067555661e-07,9.993554080959715e-06,0.0,0.0,0.0,0.013888888888888888,0.0,0.0,1.0
3.0,5.817543569109362e-07,0.0,0.0,0.0,0.0,0.013888888888888888,0.0,0.0,1.0
4.0,5.017943560205411e-09,0.0,0.0,0.0,0.0,0.013888888888888888,0.0,0.0,0.0
1.0,100.0,0.004729065460855089,0.5428598976485114,0.0,0.0,0.013888888888888888,0.0,0.0,1.0
2.0,5.76809357065912e-07,9.989568026937581e-06,0.0,0.0,0.0,0.013888888888888888,0.0,0.0,1.0
3.0,5.755618831804982e-07,0.0,0.0,0.0,0.0,0.013888888888888888,0.0,0.0,1.0
4.0,4.95448192267242e-09,0.0,0.0,0.0,0.0,0.013888888888888888,0.0,0.0,0.0
1.0,100.0,0.004729365752071639,0.543191721063824,0.0,0.0,0.013888888888888888,0.0,0.0,1.0
2.0,5.706539841185646e-07,9.985556800539325e-06,0.0,0.0,0.0,0.013888888888888888,0.0,0.0,1.0
3.0,5.694120625762319e-07,0.0,0.0,0.0,0.0,0.013888888888888888,0.0,0.0,1.0
4.0,4.886416360213069e-09,0.0,0.0,0.0,0.0,0.013888888888888888,0.0,0.0,0.0
1.0,100.0,0.004729666809186625,0.5435104330834941,0.0,0.0,0.013888888888888888,0.0,0.0,1.0
2.0,5.645261920358896e-07,9.981521912401651e-06,0.0,0.0,0.0,0.013888888888888888,0.0,0.0,1.0
3.0,5.632891937493828e-07,0.0,0.0,0.0,0.0,0.013888888888888888,0.0,0.0,1.0
4.0,4.826352563916674e-09,0.0,0.0,0.0,0.0,0.013888888888888888,0.0,0.0,0.0
1.0,100.0,0.004729968668867829,0.543816160532687,0.0,0.0,0.013888888888888888,0.0,0.0,1.0
2.0,5.584396801815793e-07,9.977464741209823e-06,0.0,0.0,0.0,0.013888888888888888,0.0,0.0,1.0
3.0,5.572105866578437e-07,0.0,0.0,0.0,0.0,0.013888888888888888,0.0,0.0,1.0
4.0,4.756979756664153e-09,0.0,0.0,0.0,0.0,0.013888888888888888,0.0,0.0,0.0
1.0,100.0,0.004730271366984487,0.544109033260654,0.0,0.0,0.013888888888888888,0.0,0.0,1.0
2.0,5.523820056667683e-07,9.973386766228716e-06,0.0,0.0,0.0,0.013888888888888888,0.0,0.0,1.0
3.0,5.51161835839844e-07,0.0,0.0,0.0,0.0,0.013888888888888888,0.0,0.0,1.0
4.0,4.702402074951222e-09,0.0,0.0,0.0,0.0,0.013888888888888888,0.0,0.0,0.0
1.0,100.0,0.00473057493840227,0.5443891841791864,0.0,0.0,0.013888888888888888,0.0,0.0,1.0
2.0,5.463571557253235e-07,9.969289304073098e-06,0.0,0.0,0.0,0.013888888888888888,0.0,0.0,1.0
3.0,5.451447395375482e-07,0.0,0.0,0.0,0.0,0.013888888888888888,0.0,0.0,1.0
4.0,4.6407547033867715e-09,0.0,0.0,0.0,0.0,0.013888888888888888,0.0,0.0,0.0
1.0,100.0,0.004730879417320856,0.5446567493295518,0.0,0.0,0.013888888888888888,0.0,0.0,1.0
2.0,5.403841510152275e-07,9.965173738232418e-06,0.0,0.0,0.0,0.013888888888888888,0.0,0.0,1.0
3.0,5.391687448042131e-07,0.0,0.0,0.0,0.0,0.013888888888888888,0.0,0.0,1.0
4.0,4.576516301930702e-09,0.0,0.0,0.0,0.0,0.013888888888888888,0.0,0.0,0.0
1.0,100.0,0.004731184837042099,0.5449118678397852,0.0,0.0,0.013888888888888888,0.0,0.0,1.0
2.0,5.344454536795402e-07,9.961041342132973e-06,0.0,0.0,0.0,0.013888888888888888,0.0,0.0,1.0
3.0,5.332437766213081e-07,0.0,0.0,0.0,0.0,0.013888888888888888,0.0,0.0,1.0
4.0,4.511863279398879e-09,0.0,0.0,0.0,0.0,0.013888888888888888,0.0,0.0,0.0
1.0,100.0,0.004731491229910175,0.5451546819929162,0.0,0.0,0.013888888888888888,0.0,0.0,1.0
2.0,5.285383204546132e-07,9.956893305112659e-06,0.0,0.0,0.0,0.013888888888888888,0.0,0.0,1.0
3.0,5.273370751340707e-07,0.0,0.0,0.0,0.0,0.013888888888888888,0.0,0.0,1.0
4.0,4.447915275789962e-09,0.0,0.0,0.0,0.0,0.013888888888888888,0.0,0.0,0.0
1.0,100.0,0.0047317986276211215,0.5453853372620726,0.0,0.0,0.013888888888888888,0.0,0.0,1.0
2.0,5.226730160309948e-07,9.952730876856321e-06,0.0,0.0,0.0,0.013888888888888888,0.0,0.0,1.0
3.0,5.214742278331273e-07,0.0,0.0,0.0,0.0,0.013888888888888888,0.0,0.0,1.0
4.0,4.394988030727729e-09,0.0,0.0,0.0,0.0,0.013888888888888888,0.0,0.0,0.0
1.0,100.0,0.004732107061105812,0.5456039822590305,0.0,0.0,0.013888888888888888,0.0,0.0,1.0
2.0,5.168555403003505e-07,9.948555203824374e-06,0.0,0.0,0.0,0.013888888888888888,0.0,0.0,1.0
3.0,5.156688833165021e-07,0.0,0.0,0.0,0.0,0.013888888888888888,0.0,0.0,1.0
4.0,4.3336576896240575e-09,0.0,0.0,0.0,0.0,0.013888888888888888,0.0,0.0,0.0
1.0,100.0,0.0047324165603874315,0.5458107688024653,0.0,0.0,0.013888888888888888,0.0,0.0,1.0
2.0,5.110679405719161e-07,9.94436737238049e-06,0.0,0.0,0.0,0.013888888888888888,0.0,0.0,1.0
3.0,5.098853885957179e-07,0.0,0.0,0.0,0.0,0.013888888888888888,0.0,0.0,1.0
4.0,4.278605309805163e-09,0.0,0.0,0.0,0.0,0.013888888888888888,0.0,0.0,0.0
1.0,100.0,0.00473272715496381,0.5460058519142457,0.0,0.0,0.013888888888888888,0.0,0.0,1.0
2.0,5.053416914508703e-07,9.94016847550327e-06,0.0,0.0,0.0,0.013888888888888888,0.0,0.0,1.0
3.0,5.041613322653949e-07,0.0,0.0,0.0,0.0,0.013888888888888888,0.0,0.0,1.0
4.0,4.21959065711521e-09,0.0,0.0,0.0,0.0,0.013888888888888888,0.0,0.0,0.0
1.0,100.0,0.004778433254392721,99.08963755048494,0.0,0.0,0.013888888888888888,0.0,0.0,1.0
2.0,1.5188880184946838e-05,1.0295261003123715e-05,0.0,0.0,0.0,0.013888888888888888,0.0,0.0,1.0
3.0,1.5021179269852537e-05,0.0,0.0,0.0,0.0,0.013888888888888888,0.0,0.0,1.0
4.0,3.7610222095195805e-08,0.0,0.0,0.0,0.0,0.013888888888888888,0.0,0.0,0.0
1.0,100.0,0.004825553748224195,0.5990550216196732,0.0,0.0,0.013888888888888888,0.0,0.0,1.0
2.0,3.4798998458533627e-07,1.007992179074875e-05,0.0,0.0,0.0,0.013888888888888888,0.0,0.0,1.0
3.0,3.838668713014955e-07,0.0,0.0,0.0,0.0,0.013888888888888888,0.0,0.0,1.0
4.0,3.917681814886818e-09,0.0,0.0,0.0,0.0,0.013888888888888888,0.0,0.0,0.0
1.0,100.0,0.004720587881998061,0.5461977469742615,0.0,0.0,0.013888888888888888,0.0,0.0,1.0
2.0,5.041970903607434e-07,9.963299114466573e-06,0.0,0.0,0.0,0.013888888888888888,0.0,0.0,1.0
3.0,5.149089357587635e-07,0.0,0.0,0.0,0.0,0.013888888888888888,0.0,0.0,1.0
4.0,4.1586338900762275e-09,0.0,0.0,0.0,0.0,0.013888888888888888,0.0,0.0,0.0
1.0,100.0,0.004710415519269287,0.5466796205803576,0.0,0.0,0.013888888888888888,0.0,0.0,1.0
2.0,5.442429737673197e-07,9.944564391004282e-06,0.0,0.0,0.0,0.013888888888888888,0.0,0.0,1.0
3.0,5.465958779250222e-07,0.0,0.0,0.0,0.0,0.013888888888888888,0.0,0.0,1.0
4.0,4.220679254797881e-09,0.0,0.0,0.0,0.0,0.013888888888888888,0.0,0.0,0.0
1.0,100.0,0.004710490092250228,0.5470486060099521,0.0,0.0,0.013888888888888888,0.0,0.0,1.0
2.0,5.668956737731639e-07,9.946884866651082e-06,0.0,0.0,0.0,0.013888888888888888,0.0,0.0,1.0
3.0,5.662992827047239e-07,0.0,0.0,0.0,0.0,0.013888888888888888,0.0,0.0,1.0
4.0,4.247650208974736e-09,0.0,0.0,0.0,0.0,0.013888888888888888,0.0,0.0,0.0
1.0,100.0,0.004711208681686023,0.5473882068451131,0.0,0.0,0.013888888888888888,0.0,0.0,1.0
2.0,5.836323283708585e-07,9.95037712118825e-06,0.0,0.0,0.0,0.013888888888888888,0.0,0.0,1.0
3.0,5.818870096125231e-07,0.0,0.0,0.0,0.0,0.013888888888888888,0.0,0.0,1.0
4.0,4.248416175673204e-09,0.0,0.0,0.0,0.0,0.013888888888888888,0.0,0.0,0.0
1.0,100.0,0.0047119682415102905,0.5477001357104183,0.0,0.0,0.013888888888888888,0.0,0.0,1.0
2.0,5.980593148040454e-07,9.95381000306403e-06,0.0,0.0,0.0,0.013888888888888888,0.0,0.0,1.0
3.0,5.957428853521196e-07,0.0,0.0,0.0,0.0,0.013888888888888888,0.0,0.0,1.0
4.0,4.249899077111922e-09,0.0,0.0,0.0,0.0,0.013888888888888888,0.0,0.0,0.0
1.0,100.0,0.004712731278029419,0.5479859491631277,0.0,0.0,0.013888888888888888,0.0,0.0,1.0
2.0,6.114279291753883e-07,9.957110167614245e-06,0.0,0.0,0.0,0.013888888888888888,0.0,0.0,1.0
3.0,6.087500415197233e-07,0.0,0.0,0.0,0.0,0.013888888888888888,0.0,0.0,1.0
4.0,4.248475815388453e-09,0.0,0.0,0.0,0.0,0.013888888888888888,0.0,0.0,0.0
1.0,100.0,0.004713495600549378,0.5482470745490585,0.0,0.0,0.013888888888888888,0.0,0.0,1.0
2.0,6.240947646701739e-07,9.960271872673137e-06,0.0,0.0,0.0,0.013888888888888888,0.0,0.0,1.0
3.0,6.211165985106948e-07,0.0,0.0,0.0,0.0,0.013888888888888888,0.0,0.0,1.0
4.0,4.255355316803386e-09,0.0,0.0,0.0,0.0,0.013888888888888888,0.0,0.0,0.0
1.0,100.0,0.004714261209967577,0.5484848212843852,0.0,0.0,0.013888888888888888,0.0,0.0,1.0
2.0,6.362291425914581e-07,9.96329659869543e-06,0.0,0.0,0.0,0.013888888888888888,0.0,0.0,1.0
3.0,6.32963972058272e-07,0.0,0.0,0.0,0.0,0.013888888888888888,0.0,0.0,1.0
4.0,4.245515699744742e-09,0.0,0.0,0.0,0.0,0.013888888888888888,0.0,0.0,0.0
1.0,100.0,0.004715028232471505,0.5487003922155957,0.0,0.0,0.013888888888888888,0.0,0.0,1.0
2.0,6.478677128797596e-07,9.966185497197754e-06,0.0,0.0,0.0,0.013888888888888888,0.0,0.0,1.0
3.0,6.44326207924782e-07,0.0,0.0,0.0,0.0,0.013888888888888888,0.0,0.0,1.0
4.0,4.246620655619513e-09,0.0,0.0,0.0,0.0,0.013888888888888888,0.0,0.0,0.0
1.0,100.0,0.00471579679428166,0.5488948940084676,0.0,0.0,0.013888888888888888,0.0,0.0,1.0
2.0,6.590353753432119e-07,9.968940528155419e-06,0.0,0.0,0.0,0.013888888888888888,0.0,0.0,1.0
3.0,6.552507995165377e-07,0.0,0.0,0.0,0.0,0.013888888888888888,0.0,0.0,1.0
4.0,4.246115229341953e-09,0.0,0.0,0.0,0.0,0.013888888888888888,0.0,0.0,0.0
1.0,100.0,0.00471656701414119,0.5490693465054847,0.0,0.0,0.013888888888888888,0.0,0.0,1.0
2.0,6.697238561872365e-07,9.971563597557541e-06,0.0,0.0,0.0,0.013888888888888888,0.0,0.0,1.0
3.0,6.656951797510967e-07,0.0,0.0,0.0,0.0,0.013888888888888888,0.0,0.0,1.0
4.0,4.243181740289456e-09,0.0,0.0,0.0,0.0,0.013888888888888888,0.0,0.0,0.0
1.0,100.0,0.004717339001115134,0.5492246909701095,0.0,0.0,0.013888888888888888,0.0,0.0,1.0
2.0,6.79954268498715e-07,9.97405467196177e-06,0.0,0.0,0.0,0.013888888888888888,0.0,0.0,1.0
3.0,6.756675295997796e-07,0.0,0.0,0.0,0.0,0.013888888888888888,0.0,0.0,1.0
4.0,4.234360738194769e-09,0.0,0.0,0.0,0.0,0.013888888888888888,0.0,0.0,0.0
1.0,100.0,0.004718112862083826,0.5493617974944023,0.0,0.0,0.013888888888888888,0.0,0.0,1.0
2.0,6.897428819043827e-07,9.976418022409376e-06,0.0,0.0,0.0,0.013888888888888888,0.0,0.0,1.0
3.0,6.852151408156666e-07,0.0,0.0,0.0,0.0,0.013888888888888888,0.0,0.0,1.0
4.0,4.235477759306981e-09,0.0,0.0,0.0,0.0,0.013888888888888888,0.0,0.0,0.0
1.0,100.0,0.004718888693471762,0.549481471496977,0.0,0.0,0.013888888888888888,0.0,0.0,1.0
2.0,6.990808817192447e-07,9.97865379834365e-06,0.0,0.0,0.0,0.013888888888888888,0.0,0.0,1.0
3.0,6.943207197534417e-07,0.0,0.0,0.0,0.0,0.013888888888888888,0.0,0.0,1.0
4.0,4.232619413589347e-09,0.0,0.0,0.0,0.0,0.013888888888888888,0.0,0.0,0.0
1.0,100.0,0.004719673407156435,0.5496114352546495,0.0,0.0,0.013888888888888888,0.0,0.0,1.0
2.0,7.079767632432967e-07,9.980742374297695e-06,0.0,0.0,0.0,0.013888888888888888,0.0,0.0,1.0
3.0,7.029799176911736e-07,0.0,0.0,0.0,0.0,0.013888888888888888,0.0,0.0,1.0
4.0,4.214023653695336e-09,0.0,0.0,0.0,0.0,0.013888888888888888,0.0,0.0,0.0
1.0,100.0,0.004720445529040141,0.5496538692195686,0.0,0.0,0.013888888888888888,0.0,0.0,1.0
2.0,7.164419150760251e-07,9.982633538381885e-06,0.0,0.0,0.0,0.013888888888888888,0.0,0.0,1.0
3.0,7.112233325451784e-07,0.0,0.0,0.0,0.0,0.013888888888888888,0.0,0.0,1.0
4.0,4.215857376036015e-09,0.0,0.0,0.0,0.0,0.013888888888888888,0.0,0.0,0.0
1.0,100.0,0.0047212131019397,0.5496474637365577,0.0,0.0,0.013888888888888888,0.0,0.0,1.0
2.0,7.24484555653538e-07,9.984370322871499e-06,0.0,0.0,0.0,0.013888888888888888,0.0,0.0,1.0
3.0,7.190401243882794e-07,0.0,0.0,0.0,0.0,0.013888888888888888,0.0,0.0,1.0
4.0,4.2079794344071066e-09,0.0,0.0,0.0,0.0,0.013888888888888888,0.0,0.0,0.0
1.0,100.0,0.004721981364697163,0.5496184617528885,0.0,0.0,0.013888888888888888,0.0,0.0,1.0
2.0,7.321049656224415e-07,9.98597276827011e-06,0.0,0.0,0.0,0.013888888888888888,0.0,0.0,1.0
3.0,7.264377820660608e-07,0.0,0.0,0.0,0.0,0.013888888888888888,0.0,0.0,1.0
4.0,4.2007178185332216e-09,0.0,0.0,0.0,0.0,0.013888888888888888,0.0,0.0,0.0
1.0,100.0,0.004722750438351047,0.5495676838753895,0.0,0.0,0.013888888888888888,0.0,0.0,1.0
2.0,7.393238801176955e-07,9.98744229726402e-06,0.0,0.0,0.0,0.013888888888888888,0.0,0.0,1.0
3.0,7.334390156959516e-07,0.0,0.0,0.0,0.0,0.013888888888888888,0.0,0.0,1.0
4.0,4.179631154492199e-09,0.0,0.0,0.0,0.0,0.013888888888888888,0.0,0.0,0.0
1.0,100.0,0.004723520504340331,0.5494958811784039,0.0,0.0,0.013888888888888888,0.0,0.0,1.0
2.0,7.461224713867035e-07,9.988778790691361e-06,0.0,0.0,0.0,0.013888888888888888,0.0,0.0,1.0
3.0,7.400325955312802e-07,0.0,0.0,0.0,0.0,0.013888888888888888,0.0,0.0,1.0
4.0,4.1687213640485e-09,0.0,0.0,0.0,0.0,0.013888888888888888,0.0,0.0,0.0
1.0,100.0,0.004724292116626995,0.5494037541388274,0.0,0.0,0.013888888888888888,0.0,0.0,1.0
2.0,7.525140274878547e-07,9.9899904596887e-06,0.0,0.0,0.0,0.013888888888888888,0.0,0.0,1.0
3.0,7.462239599026047e-07,0.0,0.0,0.0,0.0,0.013888888888888888,0.0,0.0,1.0
4.0,4.175095745025661e-09,0.0,0.0,0.0,0.0,0.013888888888888888,0.0,0.0,0.0
1.0,100.0,0.004725064899427597,0.5492919539367347,0.0,0.0,0.013888888888888888,0.0,0.0,1.0
2.0,7.585215728452351e-07,9.991074024416147e-06,0.0,0.0,0.0,0.013888888888888888,0.0,0.0,1.0
3.0,7.520244972128935e-07,0.0,0.0,0.0,0.0,0.013888888888888888,0.0,0.0,1.0
4.0,4.145417256868127e-09,0.0,0.0,0.0,0.0,0.013888888888888888,0.0,0.0,0.0
1.0,100.0,0.004725839302193243,0.5491610944779982,0.0,0.0,0.013888888888888888,0.0,0.0,1.0
2.0,7.641404443567067e-07,9.992033032051593e-06,0.0,0.0,0.0,0.013888888888888888,0.0,0.0,1.0
3.0,7.574380607093301e-07,0.0,0.0,0.0,0.0,0.013888888888888888,0.0,0.0,1.0
4.0,4.13614264338305e-09,0.0,0.0,0.0,0.0,0.013888888888888888,0.0,0.0,0.0
1.0,100.0,0.004726615097499658,0.5490117126639193,0.0,0.0,0.013888888888888888,0.0,0.0,1.0
2.0,7.69380910751365e-07,9.992861458063375e-06,0.0,0.0,0.0,0.013888888888888888,0.0,0.0,1.0
3.0,7.624943667887159e-07,0.0,0.0,0.0,0.0,0.013888888888888888,0.0,0.0,1.0
4.0,4.1263144777124516e-09,0.0,0.0,0.0,0.0,0.013888888888888888,0.0,0.0,0.0
1.0,100.0,0.004727392359671536,0.5488443580018235,0.0,0.0,0.013888888888888888,0.0,0.0,1.0
2.0,7.742426866436808e-07,9.993571271453988e-06,0.0,0.0,0.0,0.013888888888888888,0.0,0.0,1.0
3.0,7.67151982959305e-07,0.0,0.0,0.0,0.0,0.013888888888888888,0.0,0.0,1.0
4.0,4.100397337821933e-09,0.0,0.0,0.0,0.0,0.013888888888888888,0.0,0.0,0.0
1.0,100.0,0.004728171251432125,0.5486595271146071,0.0,0.0,0.013888888888888888,0.0,0.0,1.0
2.0,8.021423767968924e-07,9.994159909301434e-06,0.0,0.0,0.0,0.013888888888888888,0.0,0.0,1.0
3.0,7.982321861440461e-07,0.0,0.0,0.0,0.0,0.013888888888888888,0.0,0.0,1.0
4.0,4.090782972865312e-09,0.0,0.0,0.0,0.0,0.013888888888888888,0.0,0.0,0.0
1.0,100.0,0.00472895197099053,0.5484576827566814,0.0,0.0,0.013888888888888888,0.0,0.0,1.0
2.0,8.528183309471191e-07,9.994627615649072e-06,0.0,0.0,0.0,0.013888888888888888,0.0,0.0,1.0
3.0,8.489476998605711e-07,0.0,0.0,0.0,0.0,0.013888888888888888,0.0,0.0,1.0
4.0,4.07364619456448e-09,0.0,0.0,0.0,0.0,0.013888888888888888,0.0,0.0,0.0
1.0,100.0,0.004729734418913244,0.5482392579361851,0.0,0.0,0.013888888888888888,0.0,0.0,1.0
2.0,9.043598535511578e-07,9.994975513488488e-06,0.0,0.0,0.0,0.013888888888888888,0.0,0.0,1.0
3.0,9.005220276883595e-07,0.0,0.0,0.0,0.0,0.013888888888888888,0.0,0.0,1.0
4.0,4.048332980069108e-09,0.0,0.0,0.0,0.0,0.013888888888888888,0.0,0.0,0.0
1.0,100.0,0.004730518673139392,0.5480046581620679,0.0,0.0,0.013888888888888888,0.0,0.0,1.0
2.0,9.567591484678677e-07,9.995205190603798e-06,0.0,0.0,0.0,0.013888888888888888,0.0,0.0,1.0
3.0,9.529401164401167e-07,0.0,0.0,0.0,0.0,0.013888888888888888,0.0,0.0,1.0
4.0,4.035775039495518e-09,0.0,0.0,0.0,0.0,0.013888888888888888,0.0,0.0,0.0
1.0,100.0,0.004731304809809794,0.5477542632804281,0.0,0.0,0.013888888888888888,0.0,0.0,1.0
2.0,1.0099590449194633e-06,9.995317749520546e-06,0.0,0.0,0.0,0.013888888888888888,0.0,0.0,1.0
3.0,1.006166370036239e-06,0.0,0.0,0.0,0.0,0.013888888888888888,0.0,0.0,1.0
4.0,4.016688549798416e-09,0.0,0.0,0.0,0.0,0.013888888888888888,0.0,0.0,0.0
1.0,100.0,0.004732092901940035,0.5474884293384176,0.0,0.0,0.013888888888888888,0.0,0.0,1.0
2.0,1.0639418502460873e-06,9.995314426338055e-06,0.0,0.0,0.0,0.013888888888888888,0.0,0.0,1.0
3.0,1.0601692886293086e-06,0.0,0.0,0.0,0.0,0.013888888888888888,0.0,0.0,1.0
4.0,3.998142984386619e-09,0.0,0.0,0.0,0.0,0.013888888888888888,0.0,0.0,0.0
1.0,100.0,0.004732883116105828,0.5472074902034157,0.0,0.0,0.013888888888888888,0.0,0.0,1.0
2.0,1.1186546224440184e-06,9.99519799219924e-06,0.0,0.0,0.0,0.013888888888888888,0.0,0.0,1.0
3.0,1.1149068996652432e-06,0.0,0.0,0.0,0.0,0.013888888888888888,0.0,0.0,1.0
4.0,3.966829825774659e-09,0.0,0.0,0.0,0.0,0.013888888888888888,0.0,0.0,0.0
1.0,100.0,0.004733675559301189,0.5469117598886803,0.0,0.0,0.013888888888888888,0.0,0.0,1.0
2.0,1.174074901592188e-06,9.994967592726482e-06,0.0,0.0,0.0,0.013888888888888888,0.0,0.0,1.0
3.0,1.1703633429866719e-06,0.0,0.0,0.0,0.0,0.013888888888888888,0.0,0.0,1.0
4.0,3.95088819471339e-09,0.0,0.0,0.0,0.0,0.013888888888888888,0.0,0.0,0.0
1.0,100.0,0.004734470174597738,0.5466015312078549,0.0,0.0,0.013888888888888888,0.0,0.0,1.0
2.0,1.23014148237111e-06,9.994624023796586e-06,0.0,0.0,0.0,0.013888888888888888,0.0,0.0,1.0
3.0,1.2264460579723105e-06,0.0,0.0,0.0,0.0,0.013888888888888888,0.0,0.0,1.0
4.0,3.91961297975029e-09,0.0,0.0,0.0,0.0,0.013888888888888888,0.0,0.0,0.0
1.0,100.0,0.00473526702377651,0.5462770775339019,0.0,0.0,0.013888888888888888,0.0,0.0,1.0
2.0,1.2868516653455655e-06,9.994168697399187e-06,0.0,0.0,0.0,0.013888888888888888,0.0,0.0,1.0
3.0,1.2831598416828136e-06,0.0,0.0,0.0,0.0,0.013888888888888888,0.0,0.0,1.0
4.0,3.894841130744899e-09,0.0,0.0,0.0,0.0,0.013888888888888888,0.0,0.0,0.0
1.0,100.0,0.004736039005893065,0.5458377637993358,0.0,0.0,0.013888888888888888,0.0,0.0,1.0
2.0,3.616671135938957e-07,9.993752090348882e-06,0.0,0.0,0.0,0.013888888888888888,0.0,0.0,1.0
3.0,3.585281034482786e-07,0.0,0.0,0.0,0.0,0.013888888888888888,0.0,0.0,1.0
4.0,2.541383030035581e-09,0.0,0.0,0.0,0.0,0.013888888888888888,0.0,0.0,0.0
1.0,100.0,0.004738003916721825,0.5456977697904194,0.0,0.0,0.013888888888888888,0.0,0.0,1.0
2.0,3.5002295575012733e-07,9.995284055725683e-06,0.0,0.0,0.0,0.013888888888888888,0.0,0.0,1.0
3.0,3.481738122622365e-07,0.0,0.0,0.0,0.0,0.013888888888888888,0.0,0.0,1.0
4.0,2.4809603430681274e-09,0.0,0.0,0.0,0.0,0.013888888888888888,0.0,0.0,0.0
1.0,100.0,0.004738485319314739,0.5455574407264531,0.0,0.0,0.013888888888888888,0.0,0.0,1.0
2.0,3.4315539163359676e-07,9.993176124217894e-06,0.0,0.0,0.0,0.013888888888888888,0.0,0.0,1.0
3.0,3.417442173190087e-07,0.0,0.0,0.0,0.0,0.013888888888888888,0.0,0.0,1.0
4.0,2.432462613896093e-09,0.0,0.0,0.0,0.0,0.013888888888888888,0.0,0.0,0.0
1.0,100.0,0.004738871290723395,0.5454157075282279,0.0,0.0,0.013888888888888888,0.0,0.0,1.0
2.0,3.372678098685529e-07,9.990785293934268e-06,0.0,0.0,0.0,0.013888888888888888,0.0,0.0,1.0
3.0,3.360044761147925e-07,0.0,0.0,0.0,0.0,0.013888888888888888,0.0,0.0,1.0
4.0,2.384405448032407e-09,0.0,0.0,0.0,0.0,0.013888888888888888,0.0,0.0,0.0
1.0,100.0,0.004739251552976784,0.5452725813379542,0.0,0.0,0.013888888888888888,0.0,0.0,1.0
2.0,3.3177790087926216e-07,9.988330435366433e-06,0.0,0.0,0.0,0.013888888888888888,0.0,0.0,1.0
3.0,3.305722057275158e-07,0.0,0.0,0.0,0.0,0.013888888888888888,0.0,0.0,1.0
4.0,2.336990096314476e-09,0.0,0.0,0.0,0.0,0.013888888888888888,0.0,0.0,0.0
1.0,100.0,0.004739631646734472,0.545128072346623,0.0,0.0,0.013888888888888888,0.0,0.0,1.0
2.0,3.2649246686613593e-07,9.985826391036632e-06,0.0,0.0,0.0,0.013888888888888888,0.0,0.0,1.0
3.0,3.2531937864144855e-07,0.0,0.0,0.0,0.0,0.013888888888888888,0.0,0.0,1.0
4.0,2.2941159047740145e-09,0.0,0.0,0.0,0.0,0.013888888888888888,0.0,0.0,0.0
1.0,100.0,0.004740011832598609,0.5451803761432182,0.0,0.0,0.013888888888888888,0.0,0.0,1.0
2.0,3.2133160699707015e-07,9.983276590864017e-06,0.0,0.0,0.0,0.013888888888888888,0.0,0.0,1.0
3.0,3.201793016871275e-07,0.0,0.0,0.0,0.0,0.013888888888888888,0.0,0.0,1.0
4.0,2.2444495797966007e-09,0.0,0.0,0.0,0.0,0.013888888888888888,0.0,0.0,0.0
1.0,100.0,0.004740392122935766,0.545735686197518,0.0,0.0,0.013888888888888888,0.0,0.0,1.0
2.0,3.162790307812975e-07,9.980681481517286e-06,0.0,0.0,0.0,0.013888888888888888,0.0,0.0,1.0
3.0,3.1514038882877545e-07,0.0,0.0,0.0,0.0,0.013888888888888888,0.0,0.0,1.0
4.0,2.204041331939517e-09,0.0,0.0,0.0,0.0,0.013888888888888888,0.0,0.0,0.0
1.0,100.0,0.004740772543966437,0.5462766452500948,0.0,0.0,0.013888888888888888,0.0,0.0,1.0
2.0,3.113239321332598e-07,9.97804244344567e-06,0.0,0.0,0.0,0.013888888888888888,0.0,0.0,1.0
3.0,3.1019325540581804e-07,0.0,0.0,0.0,0.0,0.013888888888888888,0.0,0.0,1.0
4.0,2.15686612607534e-09,0.0,0.0,0.0,0.0,0.013888888888888888,0.0,0.0,0.0
1.0,100.0,0.004741153120396964,0.5468033365676163,0.0,0.0,0.013888888888888888,0.0,0.0,1.0
2.0,3.064612534420848e-07,9.975360833836169e-06,0.0,0.0,0.0,0.013888888888888888,0.0,0.0,1.0
3.0,3.053491832287091e-07,0.0,0.0,0.0,0.0,0.013888888888888888,0.0,0.0,1.0
4.0,2.1166973903184762e-09,0.0,0.0,0.0,0.0,0.013888888888888888,0.0,0.0,0.0
1.0,100.0,0.004741533876891954,0.5473158452256454,0.0,0.0,0.013888888888888888,0.0,0.0,1.0
2.0,3.016694343178149e-07,9.972637957754004e-06,0.0,0.0,0.0,0.013888888888888888,0.0,0.0,1.0
3.0,3.005634046899701e-07,0.0,0.0,0.0,0.0,0.013888888888888888,0.0,0.0,1.0
4.0,2.0727931194364295e-09,0.0,0.0,0.0,0.0,0.013888888888888888,0.0,0.0,0.0
1.0,100.0,0.004741914837447654,0.5478142580567916,0.0,0.0,0.013888888888888888,0.0,0.0,1.0
2.0,2.9695028520425405e-07,9.969875032045673e-06,0.0,0.0,0.0,0.013888888888888888,0.0,0.0,1.0
3.0,2.958552394092433e-07,0.0,0.0,0.0,0.0,0.013888888888888888,0.0,0.0,1.0
4.0,2.0308639156466984e-09,0.0,0.0,0.0,0.0,0.013888888888888888,0.0,0.0,0.0
1.0,100.0,0.004742296025968543,0.5482986638270075,0.0,0.0,0.013888888888888888,0.0,0.0,1.0
2.0,2.923160062341886e-07,9.967073291821737e-06,0.0,0.0,0.0,0.013888888888888888,0.0,0.0,1.0
3.0,2.9123642208242657e-07,0.0,0.0,0.0,0.0,0.013888888888888888,0.0,0.0,1.0
4.0,2.0004567091359147e-09,0.0,0.0,0.0,0.0,0.013888888888888888,0.0,0.0,0.0
1.0,100.0,0.00474267746603615,0.5487691533268503,0.0,0.0,0.013888888888888888,0.0,0.0,1.0
2.0,2.8774503729014194e-07,9.964234240164244e-06,0.0,0.0,0.0,0.013888888888888888,0.0,0.0,1.0
3.0,2.866823360322989e-07,0.0,0.0,0.0,0.0,0.013888888888888888,0.0,0.0,1.0
4.0,1.9603644075505975e-09,0.0,0.0,0.0,0.0,0.013888888888888888,0.0,0.0,0.0
1.0,100.0,0.004743059180974606,0.5492258194561933,0.0,0.0,0.013888888888888888,0.0,0.0,1.0
2.0,2.832413775141103e-07,9.961359000434928e-06,0.0,0.0,0.0,0.013888888888888888,0.0,0.0,1.0
3.0,2.821837354847142e-07,0.0,0.0,0.0,0.0,0.013888888888888888,0.0,0.0,1.0
4.0,1.9159705801188973e-09,0.0,0.0,0.0,0.0,0.013888888888888888,0.0,0.0,0.0
1.0,100.0,0.00474344119364091,0.549668757297549,0.0,0.0,0.013888888888888888,0.0,0.0,1.0
2.0,2.7880435949491105e-07,9.958448908742098e-06,0.0,0.0,0.0,0.013888888888888888,0.0,0.0,1.0
3.0,2.77762040485563e-07,0.0,0.0,0.0,0.0,0.013888888888888888,0.0,0.0,1.0
4.0,1.8726335825310562e-09,0.0,0.0,0.0,0.0,0.013888888888888888,0.0,0.0,0.0
1.0,100.0,0.004743823526917071,0.5500980642465005,0.0,0.0,0.013888888888888888,0.0,0.0,1.0
2.0,2.744231903936916e-07,9.955505260385106e-06,0.0,0.0,0.0,0.013888888888888888,0.0,0.0,1.0
3.0,2.7339067248463423e-07,0.0,0.0,0.0,0.0,0.013888888888888888,0.0,0.0,1.0
4.0,1.8428812840681788e-09,0.0,0.0,0.0,0.0,0.013888888888888888,0.0,0.0,0.0
1.0,100.0,0.004744206204530749,0.5505138400474786,0.0,0.0,0.013888888888888888,0.0,0.0,1.0
2.0,2.7011433436530543e-07,9.952529228334242e-06,0.0,0.0,0.0,0.013888888888888888,0.0,0.0,1.0
3.0,2.6909161749271856e-07,0.0,0.0,0.0,0.0,0.013888888888888888,0.0,0.0,1.0
4.0,1.7946644258734653e-09,0.0,0.0,0.0,0.0,0.013888888888888888,0.0,0.0,0.0
1.0,100.0,0.004744589245673206,0.5509161868815784,0.0,0.0,0.013888888888888888,0.0,0.0,1.0
2.0,2.658529614113877e-07,9.949522038504214e-06,0.0,0.0,0.0,0.013888888888888888,0.0,0.0,1.0
3.0,2.6483692613623413e-07,0.0,0.0,0.0,0.0,0.013888888888888888,0.0,0.0,1.0
4.0,1.7666860473426312e-09,0.0,0.0,0.0,0.0,0.013888888888888888,0.0,0.0,0.0
1.0,100.0,0.00474497267337831,0.5513052094792237,0.0,0.0,0.013888888888888888,0.0,0.0,1.0
2.0,2.616493975735687e-07,9.94648501767933e-06,0.0,0.0,0.0,0.013888888888888888,0.0,0.0,1.0
3.0,2.6064806867376487e-07,0.0,0.0,0.0,0.0,0.013888888888888888,0.0,0.0,1.0
4.0,1.7248845088687465e-09,0.0,0.0,0.0,0.0,0.013888888888888888,0.0,0.0,0.0
1.0,100.0,0.004745356635024191,0.5516810151568474,0.0,0.0,0.013888888888888888,0.0,0.0,1.0
2.0,2.574950513887081e-07,9.943419191058294e-06,0.0,0.0,0.0,0.013888888888888888,0.0,0.0,1.0
3.0,2.565002027235111e-07,0.0,0.0,0.0,0.0,0.013888888888888888,0.0,0.0,1.0
4.0,1.6886049759685572e-09,0.0,0.0,0.0,0.0,0.013888888888888888,0.0,0.0,0.0
1.0,100.0,0.00474574102771402,0.5520437137440879,0.0,0.0,0.013888888888888888,0.0,0.0,1.0
2.0,2.5340102868551986e-07,9.940326527976864e-06,0.0,0.0,0.0,0.013888888888888888,0.0,0.0,1.0
3.0,2.5242237045012247e-07,0.0,0.0,0.0,0.0,0.013888888888888888,0.0,0.0,1.0
4.0,1.6512187823095205e-09,0.0,0.0,0.0,0.0,0.013888888888888888,0.0,0.0,0.0
1.0,100.0,0.0047461258691178475,0.5523934179658052,0.0,0.0,0.013888888888888888,0.0,0.0,1.0
2.0,2.493512415529225e-07,9.937207539649694e-06,0.0,0.0,0.0,0.013888888888888888,0.0,0.0,1.0
3.0,2.4838008225599637e-07,0.0,0.0,0.0,0.0,0.013888888888888888,0.0,0.0,1.0
4.0,1.62103999231038e-09,0.0,0.0,0.0,0.0,0.013888888888888888,0.0,0.0,0.0
1.0,100.0,0.004746511179710699,0.5527302431873016,0.0,0.0,0.013888888888888888,0.0,0.0,1.0
2.0,2.453467208633138e-07,9.934063317813991e-06,0.0,0.0,0.0,0.013888888888888888,0.0,0.0,1.0
3.0,2.4439025505321993e-07,0.0,0.0,0.0,0.0,0.013888888888888888,0.0,0.0,1.0
4.0,1.5831636581128626e-09,0.0,0.0,0.0,0.0,0.013888888888888888,0.0,0.0,0.0
1.0,100.0,0.004746896979779511,0.5530543076480242,0.0,0.0,0.013888888888888888,0.0,0.0,1.0
2.0,2.4139757875512456e-07,9.930895080885856e-06,0.0,0.0,0.0,0.013888888888888888,0.0,0.0,1.0
3.0,2.4044496416585e-07,0.0,0.0,0.0,0.0,0.013888888888888888,0.0,0.0,1.0
4.0,1.5440674733738674e-09,0.0,0.0,0.0,0.0,0.013888888888888888,0.0,0.0,0.0
1.0,100.0,0.004747283289266264,0.5533657323992586,0.0,0.0,0.013888888888888888,0.0,0.0,1.0
2.0,2.3750204115202192e-07,9.927703843736747e-06,0.0,0.0,0.0,0.013888888888888888,0.0,0.0,1.0
3.0,2.3656381803786762e-07,0.0,0.0,0.0,0.0,0.013888888888888888,0.0,0.0,1.0
4.0,1.523372977582217e-09,0.0,0.0,0.0,0.0,0.013888888888888888,0.0,0.0,0.0
1.0,100.0,0.0047476701286538825,0.5536646415402915,0.0,0.0,0.013888888888888888,0.0,0.0,1.0
2.0,2.336355932059585e-07,9.924491369276509e-06,0.0,0.0,0.0,0.013888888888888888,0.0,0.0,1.0
3.0,2.3270860443827874e-07,0.0,0.0,0.0,0.0,0.013888888888888888,0.0,0.0,1.0
4.0,1.4856355835933373e-09,0.0,0.0,0.0,0.0,0.013888888888888888,0.0,0.0,0.0
1.0,100.0,0.004748057515953886,0.553951161708556,0.0,0.0,0.013888888888888888,0.0,0.0,1.0
2.0,2.2981683716254265e-07,9.921257368973708e-06,0.0,0.0,0.0,0.013888888888888888,0.0,0.0,1.0
3.0,2.2889826523850356e-07,0.0,0.0,0.0,0.0,0.013888888888888888,0.0,0.0,1.0
4.0,1.4572311531821364e-09,0.0,0.0,0.0,0.0,0.013888888888888888,0.0,0.0,0.0
1.0,100.0,0.004748445470955449,0.5542254228486163,0.0,0.0,0.013888888888888888,0.0,0.0,1.0
2.0,2.2604822517868394e-07,9.91800355589859e-06,0.0,0.0,0.0,0.013888888888888888,0.0,0.0,1.0
3.0,2.251359066629253e-07,0.0,0.0,0.0,0.0,0.013888888888888888,0.0,0.0,1.0
4.0,1.4226008625651691e-09,0.0,0.0,0.0,0.0,0.013888888888888888,0.0,0.0,0.0
1.0,100.0,0.004748834012671079,0.5544875578384935,0.0,0.0,0.013888888888888888,0.0,0.0,1.0
2.0,2.2231110387604715e-07,9.914730887117262e-06,0.0,0.0,0.0,0.013888888888888888,0.0,0.0,1.0
3.0,2.2140936548459125e-07,0.0,0.0,0.0,0.0,0.013888888888888888,0.0,0.0,1.0
4.0,1.3861721352225638e-09,0.0,0.0,0.0,0.0,0.013888888888888888,0.0,0.0,0.0
1.0,100.0,0.004749223159709966,0.5547377025000216,0.0,0.0,0.013888888888888888,0.0,0.0,1.0
2.0,2.1862269180861887e-07,9.91144028949122e-06,0.0,0.0,0.0,0.013888888888888888,0.0,0.0,1.0
3.0,2.1773080397048692e-07,0.0,0.0,0.0,0.0,0.013888888888888888,0.0,0.0,1.0
4.0,1.3598435352141114e-09,0.0,0.0,0.0,0.0,0.013888888888888888,0.0,0.0,0.0
1.0,100.0,0.004749612930534442,0.5549759956946381,0.0,0.0,0.013888888888888888,0.0,0.0,1.0
2.0,2.1496901462168576e-07,9.908132866176302e-06,0.0,0.0,0.0,0.013888888888888888,0.0,0.0,1.0
3.0,2.140905619297141e-07,0.0,0.0,0.0,0.0,0.013888888888888888,0.0,0.0,1.0
4.0,1.333477345176986e-09,0.0,0.0,0.0,0.0,0.013888888888888888,0.0,0.0,0.0
1.0,100.0,0.004750003343323583,0.5552025793071087,0.0,0.0,0.013888888888888888,0.0,0.0,1.0
2.0,2.1135916558421e-07,9.904809276539163e-06,0.0,0.0,0.0,0.013888888888888888,0.0,0.0,1.0
3.0,2.1048355754894983e-07,0.0,0.0,0.0,0.0,0.013888888888888888,0.0,0.0,1.0
4.0,1.3024449743436889e-09,0.0,0.0,0.0,0.0,0.013888888888888888,0.0,0.0,0.0
1.0,100.0,0.00475039441603226,0.5554175982819842,0.0,0.0,0.013888888888888888,0.0,0.0,1.0
2.0,2.0778696860317645e-07,9.90147058726264e-06,0.0,0.0,0.0,0.013888888888888888,0.0,0.0,1.0
3.0,2.069235378253763e-07,0.0,0.0,0.0,0.0,0.013888888888888888,0.0,0.0,1.0
4.0,1.2670986296918585e-09,0.0,0.0,0.0,0.0,0.013888888888888888,0.0,0.0,0.0
1.0,100.0,0.004750786166465195,0.5556212005572201,0.0,0.0,0.013888888888888888,0.0,0.0,1.0
2.0,2.0425018444761017e-07,9.898117473626014e-06,0.0,0.0,0.0,0.013888888888888888,0.0,0.0,1.0
3.0,2.0339171130022938e-07,0.0,0.0,0.0,0.0,0.013888888888888888,0.0,0.0,1.0
4.0,1.2371356936856837e-09,0.0,0.0,0.0,0.0,0.013888888888888888,0.0,0.0,0.0
1.0,100.0,0.004790584114303456,99.08069721334077,0.0,0.0,0.013888888888888888,0.0,0.0,1.0
2.0,1.2122554511451225e-05,1.0212770486414812e-05,0.0,0.0,0.0,0.013888888888888888,0.0,0.0,1.0
3.0,1.2021443507475263e-05,0.0,0.0,0.0,0.0,0.013888888888888888,0.0,0.0,1.0
4.0,2.8067555149946098e-08,0.0,0.0,0.0,0.0,0.013888888888888888,0.0,0.0,0.0
1.0,100.0,0.00482768193355542,0.6094884676052231,0.0,0.0,0.013888888888888888,0.0,0.0,1.0
2.0,8.564409976529436e-08,1.0004165916805014e-05,0.0,0.0,0.0,0.013888888888888888,0.0,0.0,1.0
3.0,1.145137746412107e-07,0.0,0.0,0.0,0.0,0.013888888888888888,0.0,0.0,1.0
4.0,1.1566641380458326e-09,0.0,0.0,0.0,0.0,0.013888888888888888,0.0,0.0,0.0
1.0,100.0,0.004738512833267849,0.5576798319386959,0.0,0.0,0.013888888888888888,0.0,0.0,1.0
2.0,2.0872739708876476e-07,9.905724871712804e-06,0.0,0.0,0.0,0.013888888888888888,0.0,0.0,1.0
3.0,2.1739093169604544e-07,0.0,0.0,0.0,0.0,0.013888888888888888,0.0,0.0,1.0
4.0,1.2148096581885005e-09,0.0,0.0,0.0,0.0,0.013888888888888888,0.0,0.0,0.0
1.0,100.0,0.004729765757381271,0.5581783236560508,0.0,0.0,0.013888888888888888,0.0,0.0,1.0
2.0,2.3940729482724925e-07,9.889017296722905e-06,0.0,0.0,0.0,0.013888888888888888,0.0,0.0,1.0
3.0,2.4134684567891604e-07,0.0,0.0,0.0,0.0,0.013888888888888888,0.0,0.0,1.0
4.0,1.2376736160746499e-09,0.0,0.0,0.0,0.0,0.013888888888888888,0.0,0.0,0.0
1.0,100.0,0.004729880116921468,0.5585582804597417,0.0,0.0,0.013888888888888888,0.0,0.0,1.0
2.0,2.5621410907711565e-07,9.890882604881586e-06,0.0,0.0,0.0,0.013888888888888888,0.0,0.0,1.0
3.0,2.557815035751169e-07,0.0,0.0,0.0,0.0,0.013888888888888888,0.0,0.0,1.0
4.0,1.228086293845826e-09,0.0,0.0,0.0,0.0,0.013888888888888888,0.0,0.0,0.0
1.0,100.0,0.004730558142894143,0.5589082764880005,0.0,0.0,0.013888888888888888,0.0,0.0,1.0
2.0,2.682779868119134e-07,9.893818176861673e-06,0.0,0.0,0.0,0.013888888888888888,0.0,0.0,1.0
3.0,2.6690275505064005e-07,0.0,0.0,0.0,0.0,0.013888888888888888,0.0,0.0,1.0
4.0,1.2208887717917886e-09,0.0,0.0,0.0,0.0,0.013888888888888888,0.0,0.0,0.0
1.0,100.0,0.004731273458552202,0.559230061776794,0.0,0.0,0.013888888888888888,0.0,0.0,1.0
2.0,2.785223774932956e-07,9.896714907003674e-06,0.0,0.0,0.0,0.013888888888888888,0.0,0.0,1.0
3.0,2.766805721958339e-07,0.0,0.0,0.0,0.0,0.013888888888888888,0.0,0.0,1.0
4.0,1.2101191119956182e-09,0.0,0.0,0.0,0.0,0.013888888888888888,0.0,0.0,0.0
1.0,100.0,0.004731992993771671,0.5595252243601014,0.0,0.0,0.013888888888888888,0.0,0.0,1.0
2.0,2.8790777640768635e-07,9.899498482582834e-06,0.0,0.0,0.0,0.013888888888888888,0.0,0.0,1.0
3.0,2.8574867401463597e-07,0.0,0.0,0.0,0.0,0.013888888888888888,0.0,0.0,1.0
4.0,1.1968338822220373e-09,0.0,0.0,0.0,0.0,0.013888888888888888,0.0,0.0,0.0
1.0,100.0,0.004732714784142561,0.5597952202483711,0.0,0.0,0.013888888888888888,0.0,0.0,1.0
2.0,2.967568478161249e-07,9.902166409636692e-06,0.0,0.0,0.0,0.013888888888888888,0.0,0.0,1.0
3.0,2.9435248324109993e-07,0.0,0.0,0.0,0.0,0.013888888888888888,0.0,0.0,1.0
4.0,1.1964535225849468e-09,0.0,0.0,0.0,0.0,0.013888888888888888,0.0,0.0,0.0
1.0,100.0,0.004733438812492231,0.560041385058634,0.0,0.0,0.013888888888888888,0.0,0.0,1.0
2.0,3.051743928396304e-07,9.904719355167282e-06,0.0,0.0,0.0,0.013888888888888888,0.0,0.0,1.0
3.0,3.0253621322900794e-07,0.0,0.0,0.0,0.0,0.013888888888888888,0.0,0.0,1.0
4.0,1.1836462501317717e-09,0.0,0.0,0.0,0.0,0.013888888888888888,0.0,0.0,0.0
1.0,100.0,0.004734165178139606,0.5602649457421662,0.0,0.0,0.013888888888888888,0.0,0.0,1.0
2.0,3.132076180506109e-07,9.907160525208975e-06,0.0,0.0,0.0,0.013888888888888888,0.0,0.0,1.0
3.0,3.103458127160458e-07,0.0,0.0,0.0,0.0,0.013888888888888888,0.0,0.0,1.0
4.0,1.1697069951404725e-09,0.0,0.0,0.0,0.0,0.013888888888888888,0.0,0.0,0.0
1.0,100.0,0.004734893976475588,0.5604670311574267,0.0,0.0,0.013888888888888888,0.0,0.0,1.0
2.0,3.208614684486661e-07,9.909489583557668e-06,0.0,0.0,0.0,0.013888888888888888,0.0,0.0,1.0
3.0,3.177803025389497e-07,0.0,0.0,0.0,0.0,0.013888888888888888,0.0,0.0,1.0
4.0,1.1632389365668347e-09,0.0,0.0,0.0,0.0,0.013888888888888888,0.0,0.0,0.0
1.0,100.0,0.004735625297876365,0.5606486816725,0.0,0.0,0.013888888888888888,0.0,0.0,1.0
2.0,3.281600197532518e-07,9.911707896034592e-06,0.0,0.0,0.0,0.013888888888888888,0.0,0.0,1.0
3.0,3.2486614817410225e-07,0.0,0.0,0.0,0.0,0.013888888888888888,0.0,0.0,1.0
4.0,1.1576513019737593e-09,0.0,0.0,0.0,0.0,0.013888888888888888,0.0,0.0,0.0
1.0,100.0,0.00473635922572989,0.5608108575564643,0.0,0.0,0.013888888888888888,0.0,0.0,1.0
2.0,3.3510141237280807e-07,9.913816409273644e-06,0.0,0.0,0.0,0.013888888888888888,0.0,0.0,1.0
3.0,3.3160149000350543e-07,0.0,0.0,0.0,0.0,0.013888888888888888,0.0,0.0,1.0
4.0,1.1442529194659826e-09,0.0,0.0,0.0,0.0,0.013888888888888888,0.0,0.0,0.0
1.0,100.0,0.004737095837981584,0.5609544464928113,0.0,0.0,0.013888888888888888,0.0,0.0,1.0
2.0,3.416885411686791e-07,9.915816475529038e-06,0.0,0.0,0.0,0.013888888888888888,0.0,0.0,1.0
3.0,3.3798822922784864e-07,0.0,0.0,0.0,0.0,0.013888888888888888,0.0,0.0,1.0
4.0,1.130779096227116e-09,0.0,0.0,0.0,0.0,0.013888888888888888,0.0,0.0,0.0
1.0,100.0,0.004737835205188457,0.5610802702709482,0.0,0.0,0.013888888888888888,0.0,0.0,1.0
2.0,3.4794095379186457e-07,9.91770716213132e-06,0.0,0.0,0.0,0.013888888888888888,0.0,0.0,1.0
3.0,3.4403764999854734e-07,0.0,0.0,0.0,0.0,0.013888888888888888,0.0,0.0,1.0
4.0,1.1233425445822333e-09,0.0,0.0,0.0,0.0,0.013888888888888888,0.0,0.0,0.0
1.0,100.0,0.004738578459997419,0.5611945056803189,0.0,0.0,0.013888888888888888,0.0,0.0,1.0
2.0,3.835200335639203e-07,9.919489380965052e-06,0.0,0.0,0.0,0.013888888888888888,0.0,0.0,1.0
3.0,3.789954263475067e-07,0.0,0.0,0.0,0.0,0.013888888888888888,0.0,0.0,1.0
4.0,1.1133653205194548e-09,0.0,0.0,0.0,0.0,0.013888888888888888,0.0,0.0,0.0
1.0,100.0,0.004739328005086142,0.5613083525485368,0.0,0.0,0.013888888888888888,0.0,0.0,1.0
2.0,4.21652708088771e-07,9.921131691895158e-06,0.0,0.0,0.0,0.013888888888888888,0.0,0.0,1.0
3.0,4.1717098310842714e-07,0.0,0.0,0.0,0.0,0.013888888888888888,0.0,0.0,1.0
4.0,1.1038660518902204e-09,0.0,0.0,0.0,0.0,0.013888888888888888,0.0,0.0,0.0
1.0,100.0,0.004740063030026011,0.5613099080326917,0.0,0.0,0.013888888888888888,0.0,0.0,1.0
2.0,4.6112202044897427e-07,9.922595990885573e-06,0.0,0.0,0.0,0.013888888888888888,0.0,0.0,1.0
3.0,4.566824252217001e-07,0.0,0.0,0.0,0.0,0.013888888888888888,0.0,0.0,1.0
4.0,1.0948573131161402e-09,0.0,0.0,0.0,0.0,0.013888888888888888,0.0,0.0,0.0
1.0,100.0,0.004740799584772949,0.5612885535446378,0.0,0.0,0.013888888888888888,0.0,0.0,1.0
2.0,5.018637124479089e-07,9.92394691975641e-06,0.0,0.0,0.0,0.013888888888888888,0.0,0.0,1.0
3.0,4.974443338114841e-07,0.0,0.0,0.0,0.0,0.013888888888888888,0.0,0.0,1.0
4.0,1.0815219393760541e-09,0.0,0.0,0.0,0.0,0.013888888888888888,0.0,0.0,0.0
1.0,100.0,0.004741537767610452,0.5612451611517029,0.0,0.0,0.013888888888888888,0.0,0.0,1.0
2.0,5.438539772236177e-07,9.925184566412001e-06,0.0,0.0,0.0,0.013888888888888888,0.0,0.0,1.0
3.0,5.394690716912359e-07,0.0,0.0,0.0,0.0,0.013888888888888888,0.0,0.0,1.0
4.0,1.0730289009056712e-09,0.0,0.0,0.0,0.0,0.013888888888888888,0.0,0.0,0.0
1.0,100.0,0.004742277662739686,0.5611804991114412,0.0,0.0,0.013888888888888888,0.0,0.0,1.0
2.0,5.870200050569159e-07,9.926309075550555e-06,0.0,0.0,0.0,0.013888888888888888,0.0,0.0,1.0
3.0,5.826723329944465e-07,0.0,0.0,0.0,0.0,0.013888888888888888,0.0,0.0,1.0
4.0,1.0651773135497255e-09,0.0,0.0,0.0,0.0,0.013888888888888888,0.0,0.0,0.0
1.0,100.0,0.004743019352809611,0.5610952848781408,0.0,0.0,0.013888888888888888,0.0,0.0,1.0
2.0,6.31323121214466e-07,9.927322806286252e-06,0.0,0.0,0.0,0.013888888888888888,0.0,0.0,1.0
3.0,6.26993407480178e-07,0.0,0.0,0.0,0.0,0.013888888888888888,0.0,0.0,1.0
4.0,1.0589733586047233e-09,0.0,0.0,0.0,0.0,0.013888888888888888,0.0,0.0,0.0
1.0,100.0,0.004743763033570235,0.5609901827469131,0.0,0.0,0.013888888888888888,0.0,0.0,1.0
2.0,6.767369567221858e-07,9.92822449675052e-06,0.0,0.0,0.0,0.013888888888888888,0.0,0.0,1.0
3.0,6.724343397498468e-07,0.0,0.0,0.0,0.0,0.013888888888888888,0.0,0.0,1.0
4.0,1.0422925147479437e-09,0.0,0.0,0.0,0.0,0.013888888888888888,0.0,0.0,0.0
1.0,100.0,0.004744508942211607,0.5608657963342883,0.0,0.0,0.013888888888888888,0.0,0.0,1.0
2.0,7.232011290946884e-07,9.929020964463327e-06,0.0,0.0,0.0,0.013888888888888888,0.0,0.0,1.0
3.0,7.189049223828906e-07,0.0,0.0,0.0,0.0,0.013888888888888888,0.0,0.0,1.0
4.0,1.1362831252577851e-09,0.0,0.0,0.0,0.0,0.013888888888888888,0.0,0.0,0.0
1.0,100.0,0.004745256882133009,0.5607227258552943,0.0,0.0,0.013888888888888888,0.0,0.0,1.0
2.0,7.706796261667485e-07,9.929709024746371e-06,0.0,0.0,0.0,0.013888888888888888,0.0,0.0,1.0
3.0,7.664200134117477e-07,0.0,0.0,0.0,0.0,0.013888888888888888,0.0,0.0,1.0
4.0,1.249209466551806e-09,0.0,0.0,0.0,0.0,0.013888888888888888,0.0,0.0,0.0
1.0,100.0,0.00474600692129984,0.5605615130035136,0.0,0.0,0.013888888888888888,0.0,0.0,1.0
2.0,8.191016134222175e-07,9.93028966004476e-06,0.0,0.0,0.0,0.013888888888888888,0.0,0.0,1.0
3.0,8.148566747419425e-07,0.0,0.0,0.0,0.0,0.013888888888888888,0.0,0.0,1.0
4.0,1.3706170939556396e-09,0.0,0.0,0.0,0.0,0.013888888888888888,0.0,0.0,0.0
1.0,100.0,0.004746759121767512,0.5603826647350895,0.0,0.0,0.013888888888888888,0.0,0.0,1.0
2.0,8.684585898084075e-07,9.930763843129998e-06,0.0,0.0,0.0,0.013888888888888888,0.0,0.0,1.0
3.0,8.642240604328852e-07,0.0,0.0,0.0,0.0,0.013888888888888888,0.0,0.0,1.0
4.0,1.492111625279184e-09,0.0,0.0,0.0,0.0,0.013888888888888888,0.0,0.0,0.0
1.0,100.0,0.0047475135396310274,0.5601866557587076,0.0,0.0,0.013888888888888888,0.0,0.0,1.0
2.0,9.186847212991512e-07,9.93112850027725e-06,0.0,0.0,0.0,0.013888888888888888,0.0,0.0,1.0
3.0,9.144697142397347e-07,0.0,0.0,0.0,0.0,0.013888888888888888,0.0,0.0,1.0
4.0,1.620599754188759e-09,0.0,0.0,0.0,0.0,0.013888888888888888,0.0,0.0,0.0
1.0,100.0,0.004748270482551202,0.5599739305829737,0.0,0.0,0.013888888888888888,0.0,0.0,1.0
2.0,9.697543542996422e-07,9.931393118818189e-06,0.0,0.0,0.0,0.013888888888888888,0.0,0.0,1.0
3.0,9.655517954110059e-07,0.0,0.0,0.0,0.0,0.013888888888888888,0.0,0.0,1.0
4.0,1.7685669515357477e-09,0.0,0.0,0.0,0.0,0.013888888888888888,0.0,0.0,0.0
1.0,100.0,0.004906426955582766,0.7369086794695381,0.0,0.0,0.013888888888888888,0.0,0.0,1.0
2.0,1.0216377936859627e-06,1.012516347311028e-05,0.0,0.0,0.0,0.013888888888888888,0.0,0.0,1.0
3.0,1.0174599849462943e-06,0.0,0.0,0.0,0.0,0.013888888888888888,0.0,0.0,1.0
4.0,1.9017668866404743e-09,0.0,0.0,0.0,0.0,0.013888888888888888,0.0,0.0,0.0
1.0,100.0,0.004725788391349693,0.5332819626456275,0.0,0.0,0.013888888888888888,0.0,0.0,1.0
2.0,1.0742574251746915e-06,9.652378514246104e-06,0.0,0.0,0.0,0.013888888888888888,0.0,0.0,1.0
3.0,1.070086558432374e-06,0.0,0.0,0.0,0.0,0.013888888888888888,0.0,0.0,1.0
4.0,2.0550306333272217e-09,0.0,0.0,0.0,0.0,0.013888888888888888,0.0,0.0,0.0
1.0,100.0,0.004723200279881033,0.533091964770247,0.0,0.0,0.013888888888888888,0.0,0.0,1.0
2.0,1.1276181263469651e-06,9.645811685596372e-06,0.0,0.0,0.0,0.013888888888888888,0.0,0.0,1.0
3.0,1.1234558573075017e-06,0.0,0.0,0.0,0.0,0.013888888888888888,0.0,0.0,1.0
4.0,2.1973053685968196e-09,0.0,0.0,0.0,0.0,0.013888888888888888,0.0,0.0,0.0
1.0,100.0,0.0047236853380116526,0.5329080325218729,0.0,0.0,0.013888888888888888,0.0,0.0,1.0
2.0,1.1816751081164784e-06,9.646152801141268e-06,0.0,0.0,0.0,0.013888888888888888,0.0,0.0,1.0
3.0,1.177518456711393e-06,0.0,0.0,0.0,0.0,0.013888888888888888,0.0,0.0,1.0
4.0,2.3494649030414395e-09,0.0,0.0,0.0,0.0,0.013888888888888888,0.0,0.0,0.0
1.0,100.0,0.004724269164518014,0.5327202193241012,0.0,0.0,0.013888888888888888,0.0,0.0,1.0
2.0,1.2363695748635328e-06,9.646646002389803e-06,0.0,0.0,0.0,0.013888888888888888,0.0,0.0,1.0
3.0,1.2322349189453102e-06,0.0,0.0,0.0,0.0,0.013888888888888888,0.0,0.0,1.0
4.0,2.517467991132101e-09,0.0,0.0,0.0,0.0,0.013888888888888888,0.0,0.0,0.0
1.0,100.0,0.0047248618895048234,0.532528789725105,0.0,0.0,0.013888888888888888,0.0,0.0,1.0
2.0,1.2916838005031708e-06,9.647097430762559e-06,0.0,0.0,0.0,0.013888888888888888,0.0,0.0,1.0
3.0,1.2875464968872614e-06,0.0,0.0,0.0,0.0,0.013888888888888888,0.0,0.0,1.0
4.0,2.6767415532796103e-09,0.0,0.0,0.0,0.0,0.013888888888888888,0.0,0.0,0.0
1.0,100.0,0.004725460829752672,0.5323338128909201,0.0,0.0,0.013888888888888888,0.0,0.0,1.0
2.0,1.3475896423831383e-06,9.647499095910248e-06,0.0,0.0,0.0,0.013888888888888888,0.0,0.0,1.0
3.0,1.343454432351891e-06,0.0,0.0,0.0,0.0,0.013888888888888888,0.0,0.0,1.0
4.0,2.8410077318591156e-09,0.0,0.0,0.0,0.0,0.013888888888888888,0.0,0.0,0.0
1.0,100.0,0.004726053590973576,0.5320515990376546,0.0,0.0,0.013888888888888888,0.0,0.0,1.0
2.0,4.4825712602910926e-08,9.648018467857075e-06,0.0,0.0,0.0,0.013888888888888888,0.0,0.0,1.0
3.0,4.339318101679938e-08,0.0,0.0,0.0,0.0,0.013888888888888888,0.0,0.0,1.0
4.0,1.1223457022384983e-10,0.0,0.0,0.0,0.0,0.013888888888888888,0.0,0.0,0.0
1.0,100.0,0.004727776243134243,0.5321205134027505,0.0,0.0,0.013888888888888888,0.0,0.0,1.0
2.0,3.934051095582566e-08,9.650222419203497e-06,0.0,0.0,0.0,0.013888888888888888,0.0,0.0,1.0
3.0,3.9073087680776235e-08,0.0,0.0,0.0,0.0,0.013888888888888888,0.0,0.0,1.0
4.0,1.056065713436672e-10,0.0,0.0,0.0,0.0,0.013888888888888888,0.0,0.0,0.0
1.0,100.0,0.004728063031416609,0.5321898145496214,0.0,0.0,0.013888888888888888,0.0,0.0,1.0
2.0,3.838838741725448e-08,9.648977499594443e-06,0.0,0.0,0.0,0.013888888888888888,0.0,0.0,1.0
3.0,3.811149957221111e-08,0.0,0.0,0.0,0.0,0.013888888888888888,0.0,0.0,1.0
4.0,1.0531723658040124e-10,0.0,0.0,0.0,0.0,0.013888888888888888,0.0,0.0,0.0
1.0,100.0,0.004728246790497451,0.5322584933442903,0.0,0.0,0.013888888888888888,0.0,0.0,1.0
2.0,3.739031718239638e-08,9.64746917491143e-06,0.0,0.0,0.0,0.013888888888888888,0.0,0.0,1.0
3.0,3.710384880757643e-08,0.0,0.0,0.0,0.0,0.013888888888888888,0.0,0.0,1.0
4.0,9.076594169099675e-11,0.0,0.0,0.0,0.0,0.013888888888888888,0.0,0.0,0.0
1.0,100.0,0.004728422961531837,0.5323265602507214,0.0,0.0,0.013888888888888888,0.0,0.0,1.0
2.0,3.64621920606787e-08,9.645927841143941e-06,0.0,0.0,0.0,0.013888888888888888,0.0,0.0,1.0
3.0,3.6178564271374714e-08,0.0,0.0,0.0,0.0,0.013888888888888888,0.0,0.0,1.0
4.0,9.145760017336092e-11,0.0,0.0,0.0,0.0,0.013888888888888888,0.0,0.0,0.0
1.0,100.0,0.00472859784718599,0.5323940239678637,0.0,0.0,0.013888888888888888,0.0,0.0,1.0
2.0,3.558163389717171e-08,9.644370694158591e-06,0.0,0.0,0.0,0.013888888888888888,0.0,0.0,1.0
3.0,3.529962922528309e-08,0.0,0.0,0.0,0.0,0.013888888888888888,0.0,0.0,1.0
4.0,9.331888899836388e-11,0.0,0.0,0.0,0.0,0.013888888888888888,0.0,0.0,0.0
1.0,100.0,0.004728771907082312,0.5324608923043883,0.0,0.0,0.013888888888888888,0.0,0.0,1.0
2.0,3.4757585461328106e-08,9.642798928946256e-06,0.0,0.0,0.0,0.013888888888888888,0.0,0.0,1.0
3.0,3.447731986098564e-08,0.0,0.0,0.0,0.0,0.013888888888888888,0.0,0.0,1.0
4.0,9.648814921449939e-11,0.0,0.0,0.0,0.0,0.013888888888888888,0.0,0.0,0.0
1.0,100.0,0.004728945131502782,0.5325271729169111,0.0,0.0,0.013888888888888888,0.0,0.0,1.0
2.0,3.3993032606318786e-08,9.641213438296508e-06,0.0,0.0,0.0,0.013888888888888888,0.0,0.0,1.0
3.0,3.373405815880416e-08,0.0,0.0,0.0,0.0,0.013888888888888888,0.0,0.0,1.0
4.0,8.66028395217644e-11,0.0,0.0,0.0,0.0,0.013888888888888888,0.0,0.0,0.0
1.0,100.0,0.004729117528206852,0.5325928732277591,0.0,0.0,0.013888888888888888,0.0,0.0,1.0
2.0,3.326069820618306e-08,9.639613525250137e-06,0.0,0.0,0.0,0.013888888888888888,0.0,0.0,1.0
3.0,3.300526007740634e-08,0.0,0.0,0.0,0.0,0.013888888888888888,0.0,0.0,1.0
4.0,8.568469157866663e-11,0.0,0.0,0.0,0.0,0.013888888888888888,0.0,0.0,0.0
1.0,100.0,0.004729289105206992,0.5326580006379341,0.0,0.0,0.013888888888888888,0.0,0.0,1.0
2.0,3.257527903339114e-08,9.637999831973615e-06,0.0,0.0,0.0,0.013888888888888888,0.0,0.0,1.0
3.0,3.233092848562809e-08,0.0,0.0,0.0,0.0,0.013888888888888888,0.0,0.0,1.0
4.0,8.027668542273527e-11,0.0,0.0,0.0,0.0,0.013888888888888888,0.0,0.0,0.0
1.0,100.0,0.0047294598697534065,0.5327225625686991,0.0,0.0,0.013888888888888888,0.0,0.0,1.0
2.0,3.193297782609034e-08,9.636372464662984e-06,0.0,0.0,0.0,0.013888888888888888,0.0,0.0,1.0
3.0,3.16830905053946e-08,0.0,0.0,0.0,0.0,0.013888888888888888,0.0,0.0,1.0
4.0,7.898124481780822e-11,0.0,0.0,0.0,0.0,0.013888888888888888,0.0,0.0,0.0
1.0,100.0,0.004729629829064539,0.5327865664091838,0.0,0.0,0.013888888888888888,0.0,0.0,1.0
2.0,3.133821528985181e-08,9.634731731324236e-06,0.0,0.0,0.0,0.013888888888888888,0.0,0.0,1.0
3.0,3.1095458764824564e-08,0.0,0.0,0.0,0.0,0.013888888888888888,0.0,0.0,1.0
4.0,7.527109454350003e-11,0.0,0.0,0.0,0.0,0.013888888888888888,0.0,0.0,0.0
1.0,100.0,0.004729798990824399,0.5328500195285589,0.0,0.0,0.013888888888888888,0.0,0.0,1.0
2.0,3.076772897946306e-08,9.633078501160837e-06,0.0,0.0,0.0,0.013888888888888888,0.0,0.0,1.0
3.0,3.0537871792475046e-08,0.0,0.0,0.0,0.0,0.013888888888888888,0.0,0.0,1.0
4.0,8.370996089045896e-11,0.0,0.0,0.0,0.0,0.013888888888888888,0.0,0.0,0.0
1.0,100.0,0.004729967363645395,0.5329129292920416,0.0,0.0,0.013888888888888888,0.0,0.0,1.0
2.0,3.022554823396344e-08,9.631411233962185e-06,0.0,0.0,0.0,0.013888888888888888,0.0,0.0,1.0
3.0,2.999609673838022e-08,0.0,0.0,0.0,0.0,0.013888888888888888,0.0,0.0,1.0
4.0,7.378696820582358e-11,0.0,0.0,0.0,0.0,0.013888888888888888,0.0,0.0,0.0
1.0,100.0,0.004730134952285194,0.5329753029870999,0.0,0.0,0.013888888888888888,0.0,0.0,1.0
2.0,2.9720427384408103e-08,9.62973106830985e-06,0.0,0.0,0.0,0.013888888888888888,0.0,0.0,1.0
3.0,2.949359913591429e-08,0.0,0.0,0.0,0.0,0.013888888888888888,0.0,0.0,1.0
4.0,7.35731243737718e-11,0.0,0.0,0.0,0.0,0.013888888888888888,0.0,0.0,0.0
1.0,100.0,0.004730301764960461,0.5330371479757636,0.0,0.0,0.013888888888888888,0.0,0.0,1.0
2.0,2.9232423005554067e-08,9.628038404826792e-06,0.0,0.0,0.0,0.013888888888888888,0.0,0.0,1.0
3.0,2.9006319317170744e-08,0.0,0.0,0.0,0.0,0.013888888888888888,0.0,0.0,1.0
4.0,7.256695574913663e-11,0.0,0.0,0.0,0.0,0.013888888888888888,0.0,0.0,0.0
1.0,100.0,0.004730467811639043,0.5330984715896085,0.0,0.0,0.013888888888888888,0.0,0.0,1.0
2.0,2.8780145222765036e-08,9.626332756869623e-06,0.0,0.0,0.0,0.013888888888888888,0.0,0.0,1.0
3.0,2.8557534418683446e-08,0.0,0.0,0.0,0.0,0.013888888888888888,0.0,0.0,1.0
4.0,7.680522611011735e-11,0.0,0.0,0.0,0.0,0.013888888888888888,0.0,0.0,0.0
1.0,100.0,0.004730633097578859,0.5331592811295601,0.0,0.0,0.013888888888888888,0.0,0.0,1.0
2.0,2.8343128803943427e-08,9.624614516374608e-06,0.0,0.0,0.0,0.013888888888888888,0.0,0.0,1.0
3.0,2.8136808951869812e-08,0.0,0.0,0.0,0.0,0.013888888888888888,0.0,0.0,1.0
4.0,6.935984792045183e-11,0.0,0.0,0.0,0.0,0.013888888888888888,0.0,0.0,0.0
1.0,100.0,0.004730797631192165,0.5332195838939473,0.0,0.0,0.013888888888888888,0.0,0.0,1.0
2.0,2.7921533218225764e-08,9.622883800218504e-06,0.0,0.0,0.0,0.013888888888888888,0.0,0.0,1.0
3.0,2.7712850752085566e-08,0.0,0.0,0.0,0.0,0.013888888888888888,0.0,0.0,1.0
4.0,7.254168399062081e-11,0.0,0.0,0.0,0.0,0.013888888888888888,0.0,0.0,0.0
1.0,100.0,0.004730961420160933,0.53327938717985,0.0,0.0,0.013888888888888888,0.0,0.0,1.0
2.0,2.7527576824448852e-08,9.62114085268583e-06,0.0,0.0,0.0,0.013888888888888888,0.0,0.0,1.0
3.0,2.7310400840299614e-08,0.0,0.0,0.0,0.0,0.013888888888888888,0.0,0.0,1.0
4.0,7.057970067056624e-11,0.0,0.0,0.0,0.0,0.013888888888888888,0.0,0.0,0.0
1.0,100.0,0.0047311244722967735,0.5333386982870267,0.0,0.0,0.013888888888888888,0.0,0.0,1.0
2.0,2.716141911070618e-08,9.61938581920612e-06,0.0,0.0,0.0,0.013888888888888888,0.0,0.0,1.0
3.0,2.6964722839332238e-08,0.0,0.0,0.0,0.0,0.013888888888888888,0.0,0.0,1.0
4.0,6.913335884154765e-11,0.0,0.0,0.0,0.0,0.013888888888888888,0.0,0.0,0.0
1.0,100.0,0.004731286795235719,0.5333975244925578,0.0,0.0,0.013888888888888888,0.0,0.0,1.0
2.0,2.6789071995596622e-08,9.61761871792561e-06,0.0,0.0,0.0,0.013888888888888888,0.0,0.0,1.0
3.0,2.6591346550562298e-08,0.0,0.0,0.0,0.0,0.013888888888888888,0.0,0.0,1.0
4.0,6.50962485716195e-11,0.0,0.0,0.0,0.0,0.013888888888888888,0.0,0.0,0.0
1.0,100.0,0.0047314483967484606,0.5334558730489625,0.0,0.0,0.013888888888888888,0.0,0.0,1.0
2.0,2.6457336223674367e-08,9.615839828936153e-06,0.0,0.0,0.0,0.013888888888888888,0.0,0.0,1.0
3.0,2.6249435964681015e-08,0.0,0.0,0.0,0.0,0.013888888888888888,0.0,0.0,1.0
4.0,7.098203957805517e-11,0.0,0.0,0.0,0.0,0.013888888888888888,0.0,0.0,0.0
1.0,100.0,0.004731609284645176,0.5335137512684861,0.0,0.0,0.013888888888888888,0.0,0.0,1.0
2.0,2.6131325074386154e-08,9.614049156856294e-06,0.0,0.0,0.0,0.013888888888888888,0.0,0.0,1.0
3.0,2.5947948364948068e-08,0.0,0.0,0.0,0.0,0.013888888888888888,0.0,0.0,1.0
4.0,7.188751423317154e-11,0.0,0.0,0.0,0.0,0.013888888888888888,0.0,0.0,0.0
1.0,100.0,0.004731769466745926,0.5335711663903782,0.0,0.0,0.013888888888888888,0.0,0.0,1.0
2.0,2.579344297109088e-08,9.612246843424008e-06,0.0,0.0,0.0,0.013888888888888888,0.0,0.0,1.0
3.0,2.560692098659424e-08,0.0,0.0,0.0,0.0,0.013888888888888888,0.0,0.0,1.0
4.0,6.026675880943101e-11,0.0,0.0,0.0,0.0,0.013888888888888888,0.0,0.0,0.0
1.0,100.0,0.004731928950711452,0.5336281256728105,0.0,0.0,0.013888888888888888,0.0,0.0,1.0
2.0,2.5497259378094507e-08,9.610432961857116e-06,0.0,0.0,0.0,0.013888888888888888,0.0,0.0,1.0
3.0,2.530259171817414e-08,0.0,0.0,0.0,0.0,0.013888888888888888,0.0,0.0,1.0
4.0,6.685682986599941e-11,0.0,0.0,0.0,0.0,0.013888888888888888,0.0,0.0,0.0
1.0,100.0,0.004732087744468009,0.5336846363853478,0.0,0.0,0.013888888888888888,0.0,0.0,1.0
2.0,2.5215685243306566e-08,9.608607733254493e-06,0.0,0.0,0.0,0.013888888888888888,0.0,0.0,1.0
3.0,2.5029989212204993e-08,0.0,0.0,0.0,0.0,0.013888888888888888,0.0,0.0,1.0
4.0,6.817733146999551e-11,0.0,0.0,0.0,0.0,0.013888888888888888,0.0,0.0,0.0
1.0,100.0,0.004732245855767657,0.5337407057822474,0.0,0.0,0.013888888888888888,0.0,0.0,1.0
2.0,2.4932414933645108e-08,9.606771280137184e-06,0.0,0.0,0.0,0.013888888888888888,0.0,0.0,1.0
3.0,2.4748400098996138e-08,0.0,0.0,0.0,0.0,0.013888888888888888,0.0,0.0,1.0
4.0,5.4707848260476567e-11,0.0,0.0,0.0,0.0,0.013888888888888888,0.0,0.0,0.0
1.0,100.0,0.004732403292446724,0.5337963411189313,0.0,0.0,0.013888888888888888,0.0,0.0,1.0
2.0,2.4665623838761412e-08,9.604923548531869e-06,0.0,0.0,0.0,0.013888888888888888,0.0,0.0,1.0
3.0,2.4477202752669767e-08,0.0,0.0,0.0,0.0,0.013888888888888888,0.0,0.0,1.0
4.0,6.178839699217676e-11,0.0,0.0,0.0,0.0,0.013888888888888888,0.0,0.0,0.0
1.0,100.0,0.004732560062332481,0.5338515496275633,0.0,0.0,0.013888888888888888,0.0,0.0,1.0
2.0,2.4415949722668925e-08,9.603064937513624e-06,0.0,0.0,0.0,0.013888888888888888,0.0,0.0,1.0
3.0,2.424086295978225e-08,0.0,0.0,0.0,0.0,0.013888888888888888,0.0,0.0,1.0
4.0,6.070678760823614e-11,0.0,0.0,0.0,0.0,0.013888888888888888,0.0,0.0,0.0
1.0,100.0,0.004732716173261466,0.5339063385811962,0.0,0.0,0.013888888888888888,0.0,0.0,1.0
2.0,2.4160738581547903e-08,9.601195283175757e-06,0.0,0.0,0.0,0.013888888888888888,0.0,0.0,1.0
3.0,2.3986637315746614e-08,0.0,0.0,0.0,0.0,0.013888888888888888,0.0,0.0,1.0
4.0,6.627814723992507e-11,0.0,0.0,0.0,0.0,0.013888888888888888,0.0,0.0,0.0
1.0,100.0,0.004732871632848462,0.5339607152176721,0.0,0.0,0.013888888888888888,0.0,0.0,1.0
2.0,2.3917165743972107e-08,9.599314717966781e-06,0.0,0.0,0.0,0.013888888888888888,0.0,0.0,1.0
3.0,2.37499635091845e-08,0.0,0.0,0.0,0.0,0.013888888888888888,0.0,0.0,1.0
4.0,5.497184882781487e-11,0.0,0.0,0.0,0.0,0.013888888888888888,0.0,0.0,0.0
1.0,100.0,0.004733026449083356,0.5340146868135197,0.0,0.0,0.013888888888888888,0.0,0.0,1.0
2.0,2.3684781919243548e-08,9.597423488753337e-06,0.0,0.0,0.0,0.013888888888888888,0.0,0.0,1.0
3.0,2.3508028079220305e-08,0.0,0.0,0.0,0.0,0.013888888888888888,0.0,0.0,1.0
4.0,5.114857088890769e-11,0.0,0.0,0.0,0.0,0.013888888888888888,0.0,0.0,0.0
1.0,100.0,0.004733180629660637,0.5340682605901781,0.0,0.0,0.013888888888888888,0.0,0.0,1.0
2.0,2.3472558893801374e-08,9.595521579230351e-06,0.0,0.0,0.0,0.013888888888888888,0.0,0.0,1.0
3.0,2.3300805381892794e-08,0.0,0.0,0.0,0.0,0.013888888888888888,0.0,0.0,1.0
4.0,5.489633811182862e-11,0.0,0.0,0.0,0.0,0.013888888888888888,0.0,0.0,0.0
1.0,100.0,0.0047333341824197395,0.5341214438082669,0.0,0.0,0.013888888888888888,0.0,0.0,1.0
2.0,2.3254769897841922e-08,9.593609419281682e-06,0.0,0.0,0.0,0.013888888888888888,0.0,0.0,1.0
3.0,2.3078088347348463e-08,0.0,0.0,0.0,0.0,0.013888888888888888,0.0,0.0,1.0
4.0,5.521072441145562e-11,0.0,0.0,0.0,0.0,0.013888888888888888,0.0,0.0,0.0
1.0,100.0,0.00473348711527471,0.5341742437825259,0.0,0.0,0.013888888888888888,0.0,0.0,1.0
2.0,2.3057214213269835e-08,9.591686597769752e-06,0.0,0.0,0.0,0.013888888888888888,0.0,0.0,1.0
3.0,2.2897200652119126e-08,0.0,0.0,0.0,0.0,0.013888888888888888,0.0,0.0,1.0
4.0,5.629227522977086e-11,0.0,0.0,0.0,0.0,0.013888888888888888,0.0,0.0,0.0
1.0,100.0,0.004733639436575732,0.5342266676880922,0.0,0.0,0.013888888888888888,0.0,0.0,1.0
2.0,2.283878692155639e-08,9.589753408798697e-06,0.0,0.0,0.0,0.013888888888888888,0.0,0.0,1.0
3.0,2.26692072472951e-08,0.0,0.0,0.0,0.0,0.013888888888888888,0.0,0.0,1.0
4.0,5.503460309275256e-11,0.0,0.0,0.0,0.0,0.013888888888888888,0.0,0.0,0.0
1.0,100.0,0.004733791151301441,0.5342787227789313,0.0,0.0,0.013888888888888888,0.0,0.0,1.0
2.0,2.2656594338799734e-08,9.587809918987964e-06,0.0,0.0,0.0,0.013888888888888888,0.0,0.0,1.0
3.0,2.2494754373564388e-08,0.0,0.0,0.0,0.0,0.013888888888888888,0.0,0.0,1.0
4.0,4.908591364749111e-11,0.0,0.0,0.0,0.0,0.013888888888888888,0.0,0.0,0.0
1.0,100.0,0.004733942270116661,0.5343304163753484,0.0,0.0,0.013888888888888888,0.0,0.0,1.0
2.0,2.2458559568281734e-08,9.585856275350247e-06,0.0,0.0,0.0,0.013888888888888888,0.0,0.0,1.0
3.0,2.22905015950727e-08,0.0,0.0,0.0,0.0,0.013888888888888888,0.0,0.0,1.0
4.0,5.2393498308434495e-11,0.0,0.0,0.0,0.0,0.013888888888888888,0.0,0.0,0.0
1.0,100.0,0.004734092799707498,0.5343817557408101,0.0,0.0,0.013888888888888888,0.0,0.0,1.0
2.0,2.228896179107937e-08,9.583892615938339e-06,0.0,0.0,0.0,0.013888888888888888,0.0,0.0,1.0
3.0,2.2132904775308367e-08,0.0,0.0,0.0,0.0,0.013888888888888888,0.0,0.0,1.0
4.0,5.666946652533094e-11,0.0,0.0,0.0,0.0,0.013888888888888888,0.0,0.0,0.0
1.0,100.0,0.0047342427477585014,0.5344327481296598,0.0,0.0,0.013888888888888888,0.0,0.0,1.0
2.0,2.210153614760326e-08,9.581919788935744e-06,0.0,0.0,0.0,0.013888888888888888,0.0,0.0,1.0
3.0,2.1937347911062604e-08,0.0,0.0,0.0,0.0,0.013888888888888888,0.0,0.0,1.0
4.0,4.836899051720889e-11,0.0,0.0,0.0,0.0,0.013888888888888888,0.0,0.0,0.0
1.0,100.0,0.004734392121964763,0.534483400845966,0.0,0.0,0.013888888888888888,0.0,0.0,1.0
2.0,2.1942025756048516e-08,9.579935373360982e-06,0.0,0.0,0.0,0.013888888888888888,0.0,0.0,1.0
3.0,2.179012837199075e-08,0.0,0.0,0.0,0.0,0.013888888888888888,0.0,0.0,1.0
4.0,5.2079017485541116e-11,0.0,0.0,0.0,0.0,0.013888888888888888,0.0,0.0,0.0
1.0,100.0,0.004734540929842074,0.5345337211597472,0.0,0.0,0.013888888888888888,0.0,0.0,1.0
2.0,2.1764151216077914e-08,9.577942797152795e-06,0.0,0.0,0.0,0.013888888888888888,0.0,0.0,1.0
3.0,2.160462989720411e-08,0.0,0.0,0.0,0.0,0.013888888888888888,0.0,0.0,1.0
4.0,5.2242488228159594e-11,0.0,0.0,0.0,0.0,0.013888888888888888,0.0,0.0,0.0
1.0,100.0,0.004734689180033494,0.5345837164017927,0.0,0.0,0.013888888888888888,0.0,0.0,1.0
2.0,2.1612467178515693e-08,9.575939774052523e-06,0.0,0.0,0.0,0.013888888888888888,0.0,0.0,1.0
3.0,2.14565837859633e-08,0.0,0.0,0.0,0.0,0.013888888888888888,0.0,0.0,1.0
4.0,5.3651024970903683e-11,0.0,0.0,0.0,0.0,0.013888888888888888,0.0,0.0,0.0
1.0,100.0,0.004734836878186266,0.5346333938048374,0.0,0.0,0.013888888888888888,0.0,0.0,1.0
2.0,2.14564202348301e-08,9.573926918841945e-06,0.0,0.0,0.0,0.013888888888888888,0.0,0.0,1.0
3.0,2.131795861011092e-08,0.0,0.0,0.0,0.0,0.013888888888888888,0.0,0.0,1.0
4.0,4.644471391044156e-11,0.0,0.0,0.0,0.0,0.013888888888888888,0.0,0.0,0.0
1.0,100.0,0.004734984032653667,0.5346827607166416,0.0,0.0,0.013888888888888888,0.0,0.0,1.0
2.0,2.128806763969704e-08,9.571904517296687e-06,0.0,0.0,0.0,0.013888888888888888,0.0,0.0,1.0
3.0,2.112829969076858e-08,0.0,0.0,0.0,0.0,0.013888888888888888,0.0,0.0,1.0
4.0,4.662076375153055e-11,0.0,0.0,0.0,0.0,0.013888888888888888,0.0,0.0,0.0
1.0,100.0,0.004735130651163026,0.5347318244430311,0.0,0.0,0.013888888888888888,0.0,0.0,1.0
2.0,2.11642260917095e-08,9.569872722621391e-06,0.0,0.0,0.0,0.013888888888888888,0.0,0.0,1.0
3.0,2.1016314207231083e-08,0.0,0.0,0.0,0.0,0.013888888888888888,0.0,0.0,1.0
4.0,5.18651059399056e-11,0.0,0.0,0.0,0.0,0.013888888888888888,0.0,0.0,0.0
1.0,100.0,0.004735276741090127,0.534780592319698,0.0,0.0,0.013888888888888888,0.0,0.0,1.0
2.0,2.1009265616439634e-08,9.56783148911837e-06,0.0,0.0,0.0,0.013888888888888888,0.0,0.0,1.0
3.0,2.0850236712394222e-08,0.0,0.0,0.0,0.0,0.013888888888888888,0.0,0.0,1.0
4.0,5.479538575837925e-11,0.0,0.0,0.0,0.0,0.013888888888888888,0.0,0.0,0.0
1.0,100.0,0.004735422309938166,0.5348290716853287,0.0,0.0,0.013888888888888888,0.0,0.0,1.0
2.0,2.0881814698771832e-08,9.565780921106696e-06,0.0,0.0,0.0,0.013888888888888888,0.0,0.0,1.0
3.0,2.0737453721787196e-08,0.0,0.0,0.0,0.0,0.013888888888888888,0.0,0.0,1.0
4.0,4.880899762745715e-11,0.0,0.0,0.0,0.0,0.013888888888888888,0.0,0.0,0.0
1.0,100.0,0.004735567364947595,0.5348772698526677,0.0,0.0,0.013888888888888888,0.0,0.0,1.0
2.0,2.073253552970108e-08,9.563721085473267e-06,0.0,0.0,0.0,0.013888888888888888,0.0,0.0,1.0
3.0,2.059395762269932e-08,0.0,0.0,0.0,0.0,0.013888888888888888,0.0,0.0,1.0
4.0,4.208060752759517e-11,0.0,0.0,0.0,0.0,0.013888888888888888,0.0,0.0,0.0
1.0,100.0,0.004735711913605299,0.5349251942023342,0.0,0.0,0.013888888888888888,0.0,0.0,1.0
2.0,2.0596996570015475e-08,9.561652044043395e-06,0.0,0.0,0.0,0.013888888888888888,0.0,0.0,1.0
3.0,2.044991056874644e-08,0.0,0.0,0.0,0.0,0.013888888888888888,0.0,0.0,1.0
4.0,5.221715777807827e-11,0.0,0.0,0.0,0.0,0.013888888888888888,0.0,0.0,0.0
1.0,100.0,0.004735855963316223,0.5349728520818119,0.0,0.0,0.013888888888888888,0.0,0.0,1.0
2.0,2.0478125647613588e-08,9.559573940572429e-06,0.0,0.0,0.0,0.013888888888888888,0.0,0.0,1.0
3.0,2.0331793270464535e-08,0.0,0.0,0.0,0.0,0.013888888888888888,0.0,0.0,1.0
4.0,4.0760052641254116e-11,0.0,0.0,0.0,0.0,0.013888888888888888,0.0,0.0,0.0
1.0,100.0,0.004735999521319636,0.5350202508833127,0.0,0.0,0.013888888888888888,0.0,0.0,1.0
2.0,2.0353529401614647e-08,9.557486751336908e-06,0.0,0.0,0.0,0.013888888888888888,0.0,0.0,1.0
3.0,2.0209588482981295e-08,0.0,0.0,0.0,0.0,0.013888888888888888,0.0,0.0,1.0
4.0,4.4620983498767106e-11,0.0,0.0,0.0,0.0,0.013888888888888888,0.0,0.0,0.0
1.0,100.0,0.004736142594824553,0.5350673979664451,0.0,0.0,0.013888888888888888,0.0,0.0,1.0
2.0,2.0231121608087553e-08,9.555390564527794e-06,0.0,0.0,0.0,0.013888888888888888,0.0,0.0,1.0
3.0,2.0089673609240446e-08,0.0,0.0,0.0,0.0,0.013888888888888888,0.0,0.0,1.0
4.0,4.568995689431535e-11,0.0,0.0,0.0,0.0,0.013888888888888888,0.0,0.0,0.0
1.0,100.0,0.0047362851910893455,0.5351143007437619,0.0,0.0,0.013888888888888888,0.0,0.0,1.0
2.0,2.0109090507146734e-08,9.553285565847744e-06,0.0,0.0,0.0,0.013888888888888888,0.0,0.0,1.0
3.0,1.9968251195839356e-08,0.0,0.0,0.0,0.0,0.013888888888888888,0.0,0.0,1.0
4.0,4.5954042104270376e-11,0.0,0.0,0.0,0.0,0.013888888888888888,0.0,0.0,0.0
1.0,100.0,0.004736427317354817,0.5351609666229531,0.0,0.0,0.013888888888888888,0.0,0.0,1.0
2.0,1.999021897181842e-08,9.551172371710803e-06,0.0,0.0,0.0,0.013888888888888888,0.0,0.0,1.0
3.0,1.984590100682109e-08,0.0,0.0,0.0,0.0,0.013888888888888888,0.0,0.0,1.0
4.0,5.0129375536173045e-11,0.0,0.0,0.0,0.0,0.013888888888888888,0.0,0.0,0.0
1.0,100.0,0.00473656898066103,0.5352074030276732,0.0,0.0,0.013888888888888888,0.0,0.0,1.0
2.0,1.9886508145256065e-08,9.549048971157814e-06,0.0,0.0,0.0,0.013888888888888888,0.0,0.0,1.0
3.0,1.9747755859187573e-08,0.0,0.0,0.0,0.0,0.013888888888888888,0.0,0.0,1.0
4.0,4.478440416230179e-11,0.0,0.0,0.0,0.0,0.013888888888888888,0.0,0.0,0.0
1.0,100.0,0.004736710188258862,0.5352536173892287,0.0,0.0,0.013888888888888888,0.0,0.0,1.0
2.0,1.976959302904059e-08,9.546917606014845e-06,0.0,0.0,0.0,0.013888888888888888,0.0,0.0,1.0
3.0,1.9637681911057744e-08,0.0,0.0,0.0,0.0,0.013888888888888888,0.0,0.0,1.0
4.0,4.2734441153173915e-11,0.0,0.0,0.0,0.0,0.013888888888888888,0.0,0.0,0.0
1.0,100.0,0.004736850946960642,0.5352996171445049,0.0,0.0,0.013888888888888888,0.0,0.0,1.0
2.0,1.9657069493048324e-08,9.5447776320374e-06,0.0,0.0,0.0,0.013888888888888888,0.0,0.0,1.0
3.0,1.9521128944147668e-08,0.0,0.0,0.0,0.0,0.013888888888888888,0.0,0.0,1.0
4.0,3.923820006132586e-11,0.0,0.0,0.0,0.0,0.013888888888888888,0.0,0.0,0.0
1.0,100.0,0.0047369912640058695,0.5353454097778089,0.0,0.0,0.013888888888888888,0.0,0.0,1.0
2.0,1.955711224341362e-08,9.542629042288201e-06,0.0,0.0,0.0,0.013888888888888888,0.0,0.0,1.0
3.0,1.9414895667384487e-08,0.0,0.0,0.0,0.0,0.013888888888888888,0.0,0.0,1.0
4.0,4.5488626277939805e-11,0.0,0.0,0.0,0.0,0.013888888888888888,0.0,0.0,0.0
1.0,100.0,0.004737131146297492,0.5353910027503227,0.0,0.0,0.013888888888888888,0.0,0.0,1.0
2.0,1.9452487749438735e-08,9.540471922669942e-06,0.0,0.0,0.0,0.013888888888888888,0.0,0.0,1.0
3.0,1.9317648633684126e-08,0.0,0.0,0.0,0.0,0.013888888888888888,0.0,0.0,1.0
4.0,4.613000170872965e-11,0.0,0.0,0.0,0.0,0.013888888888888888,0.0,0.0,0.0
1.0,100.0,0.004737270601426401,0.5354364035809739,0.0,0.0,0.013888888888888888,0.0,0.0,1.0
2.0,1.935199396111433e-08,9.538306424197742e-06,0.0,0.0,0.0,0.013888888888888888,0.0,0.0,1.0
3.0,1.9212748560260732e-08,0.0,0.0,0.0,0.0,0.013888888888888888,0.0,0.0,1.0
4.0,4.057124533374698e-11,0.0,0.0,0.0,0.0,0.013888888888888888,0.0,0.0,0.0
1.0,100.0,0.004737409634926673,0.5354816197044615,0.0,0.0,0.013888888888888888,0.0,0.0,1.0
2.0,1.9260848784998396e-08,9.536133193867843e-06,0.0,0.0,0.0,0.013888888888888888,0.0,0.0,1.0
3.0,1.912070468369081e-08,0.0,0.0,0.0,0.0,0.013888888888888888,0.0,0.0,1.0
4.0,4.577782894324116e-11,0.0,0.0,0.0,0.0,0.013888888888888888,0.0,0.0,0.0
1.0,100.0,0.004737548254300018,0.5355266587006685,0.0,0.0,0.013888888888888888,0.0,0.0,1.0
2.0,1.9165326252579555e-08,9.533950979241457e-06,0.0,0.0,0.0,0.013888888888888888,0.0,0.0,1.0
3.0,1.9032371198873288e-08,0.0,0.0,0.0,0.0,0.013888888888888888,0.0,0.0,1.0
4.0,4.8368533723166085e-11,0.0,0.0,0.0,0.0,0.013888888888888888,0.0,0.0,0.0
1.0,100.0,0.004737686466373748,0.535571528068808,0.0,0.0,0.013888888888888888,0.0,0.0,1.0
2.0,1.9067093189593937e-08,9.531760429102439e-06,0.0,0.0,0.0,0.013888888888888888,0.0,0.0,1.0
3.0,1.893315247284697e-08,0.0,0.0,0.0,0.0,0.013888888888888888,0.0,0.0,1.0
4.0,3.706240630987648e-11,0.0,0.0,0.0,0.0,0.013888888888888888,0.0,0.0,0.0
1.0,100.0,0.004737824277787281,0.5356162353951895,0.0,0.0,0.013888888888888888,0.0,0.0,1.0
2.0,1.897694776188933e-08,9.529561736458135e-06,0.0,0.0,0.0,0.013888888888888888,0.0,0.0,1.0
3.0,1.8849587346519293e-08,0.0,0.0,0.0,0.0,0.013888888888888888,0.0,0.0,1.0
4.0,4.493516378568259e-11,0.0,0.0,0.0,0.0,0.013888888888888888,0.0,0.0,0.0
1.0,100.0,0.00473796169522008,0.5356607882641073,0.0,0.0,0.013888888888888888,0.0,0.0,1.0
2.0,1.8881048027374968e-08,9.527354730460977e-06,0.0,0.0,0.0,0.013888888888888888,0.0,0.0,1.0
3.0,1.874984659513701e-08,0.0,0.0,0.0,0.0,0.013888888888888888,0.0,0.0,1.0
4.0,4.1074220476084415e-11,0.0,0.0,0.0,0.0,0.013888888888888888,0.0,0.0,0.0
1.0,100.0,0.00473809872552562,0.5357051941840578,0.0,0.0,0.013888888888888888,0.0,0.0,1.0
2.0,1.8799236537291657e-08,9.525139745626783e-06,0.0,0.0,0.0,0.013888888888888888,0.0,0.0,1.0
3.0,1.8673194982393547e-08,0.0,0.0,0.0,0.0,0.013888888888888888,0.0,0.0,1.0
4.0,3.8093621350410565e-11,0.0,0.0,0.0,0.0,0.013888888888888888,0.0,0.0,0.0
1.0,100.0,0.004738235375177356,0.5357494607902982,0.0,0.0,0.013888888888888888,0.0,0.0,1.0
2.0,1.8706568784171897e-08,9.522916768791806e-06,0.0,0.0,0.0,0.013888888888888888,0.0,0.0,1.0
3.0,1.8574932411261688e-08,0.0,0.0,0.0,0.0,0.013888888888888888,0.0,0.0,1.0
4.0,3.9753678558093126e-11,0.0,0.0,0.0,0.0,0.013888888888888888,0.0,0.0,0.0
1.0,100.0,0.004738371650805608,0.5357935957099857,0.0,0.0,0.013888888888888888,0.0,0.0,1.0
2.0,1.8630873640261212e-08,9.520685869219509e-06,0.0,0.0,0.0,0.013888888888888888,0.0,0.0,1.0
3.0,1.8509209227568194e-08,0.0,0.0,0.0,0.0,0.013888888888888888,0.0,0.0,1.0
4.0,3.94895617095873e-11,0.0,0.0,0.0,0.0,0.013888888888888888,0.0,0.0,0.0
1.0,100.0,0.0047385075587638055,0.5358376065615014,0.0,0.0,0.013888888888888888,0.0,0.0,1.0
2.0,1.853772736176308e-08,9.518446997138049e-06,0.0,0.0,0.0,0.013888888888888888,0.0,0.0,1.0
3.0,1.8401655644274605e-08,0.0,0.0,0.0,0.0,0.013888888888888888,0.0,0.0,1.0
4.0,3.787978222481892e-11,0.0,0.0,0.0,0.0,0.013888888888888888,0.0,0.0,0.0
1.0,100.0,0.00473864310563264,0.5358815010034865,0.0,0.0,0.013888888888888888,0.0,0.0,1.0
2.0,1.8474221659865832e-08,9.516200366920135e-06,0.0,0.0,0.0,0.013888888888888888,0.0,0.0,1.0
3.0,1.8347020348718874e-08,0.0,0.0,0.0,0.0,0.013888888888888888,0.0,0.0,1.0
4.0,3.595559689016702e-11,0.0,0.0,0.0,0.0,0.013888888888888888,0.0,0.0,0.0
1.0,100.0,0.00473877809679036,0.5359252797156141,0.0,0.0,0.013888888888888888,0.0,0.0,1.0
2.0,4.2766006217843926e-08,9.513938912630343e-06,0.0,0.0,0.0,0.013888888888888888,0.0,0.0,1.0
3.0,4.2480165407030926e-08,0.0,0.0,0.0,0.0,0.013888888888888888,0.0,0.0,1.0
4.0,1.0805536867356984e-10,0.0,0.0,0.0,0.0,0.013888888888888888,0.0,0.0,0.0
1.0,100.0,0.004738912756031466,0.5359689600333892,0.0,0.0,0.013888888888888888,0.0,0.0,1.0
2.0,4.132756952607653e-08,9.51167478837544e-06,0.0,0.0,0.0,0.013888888888888888,0.0,0.0,1.0
3.0,4.104252569872221e-08,0.0,0.0,0.0,0.0,0.013888888888888888,0.0,0.0,1.0
4.0,1.0061015258395e-10,0.0,0.0,0.0,0.0,0.013888888888888888,0.0,0.0,0.0
1.0,100.0,0.004739047083813783,0.5360125481399701,0.0,0.0,0.013888888888888888,0.0,0.0,1.0
2.0,3.98772014407145e-08,9.509404292295846e-06,0.0,0.0,0.0,0.013888888888888888,0.0,0.0,1.0
3.0,3.9608767833694464e-08,0.0,0.0,0.0,0.0,0.013888888888888888,0.0,0.0,1.0
4.0,9.776785838157884e-11,0.0,0.0,0.0,0.0,0.013888888888888888,0.0,0.0,0.0
1.0,100.0,0.0047391810845152085,0.5360560510815213,0.0,0.0,0.013888888888888888,0.0,0.0,1.0
2.0,3.852529035663116e-08,9.507126279825849e-06,0.0,0.0,0.0,0.013888888888888888,0.0,0.0,1.0
3.0,3.826684311751049e-08,0.0,0.0,0.0,0.0,0.013888888888888888,0.0,0.0,1.0
4.0,9.418356962862192e-11,0.0,0.0,0.0,0.0,0.013888888888888888,0.0,0.0,0.0
1.0,100.0,0.004739314763751798,0.5360994764482507,0.0,0.0,0.013888888888888888,0.0,0.0,1.0
2.0,3.727627181130399e-08,9.504840986580399e-06,0.0,0.0,0.0,0.013888888888888888,0.0,0.0,1.0
3.0,3.7045247568025325e-08,0.0,0.0,0.0,0.0,0.013888888888888888,0.0,0.0,1.0
4.0,8.922847504461528e-11,0.0,0.0,0.0,0.0,0.013888888888888888,0.0,0.0,0.0
1.0,100.0,0.004739448126656944,0.5361428317778832,0.0,0.0,0.013888888888888888,0.0,0.0,1.0
2.0,3.610478109202505e-08,9.502547875914663e-06,0.0,0.0,0.0,0.013888888888888888,0.0,0.0,1.0
3.0,3.586603124660721e-08,0.0,0.0,0.0,0.0,0.013888888888888888,0.0,0.0,1.0
4.0,9.008360999857153e-11,0.0,0.0,0.0,0.0,0.013888888888888888,0.0,0.0,0.0
1.0,100.0,0.00473958117976878,0.5361861249291662,0.0,0.0,0.013888888888888888,0.0,0.0,1.0
2.0,3.5035589164786384e-08,9.500247490797721e-06,0.0,0.0,0.0,0.013888888888888888,0.0,0.0,1.0
3.0,3.481373951275005e-08,0.0,0.0,0.0,0.0,0.013888888888888888,0.0,0.0,1.0
4.0,8.545550706972469e-11,0.0,0.0,0.0,0.0,0.013888888888888888,0.0,0.0,0.0
1.0,100.0,0.004739713927308568,0.5362293636201506,0.0,0.0,0.013888888888888888,0.0,0.0,1.0
2.0,3.401911127991194e-08,9.497939493452858e-06,0.0,0.0,0.0,0.013888888888888888,0.0,0.0,1.0
3.0,3.3800000912409906e-08,0.0,0.0,0.0,0.0,0.013888888888888888,0.0,0.0,1.0
4.0,8.3569027379355e-11,0.0,0.0,0.0,0.0,0.013888888888888888,0.0,0.0,0.0
1.0,100.0,0.004739846375887604,0.536272555729907,0.0,0.0,0.013888888888888888,0.0,0.0,1.0
2.0,3.3080872070841676e-08,9.495625218890469e-06,0.0,0.0,0.0,0.013888888888888888,0.0,0.0,1.0
3.0,3.287234241540288e-08,0.0,0.0,0.0,0.0,0.013888888888888888,0.0,0.0,1.0
4.0,8.229878521778747e-11,0.0,0.0,0.0,0.0,0.013888888888888888,0.0,0.0,0.0
1.0,100.0,0.004739978530387409,0.5363157090420084,0.0,0.0,0.013888888888888888,0.0,0.0,1.0
2.0,3.220071013130546e-08,9.493302606547559e-06,0.0,0.0,0.0,0.013888888888888888,0.0,0.0,1.0
3.0,3.199629673645253e-08,0.0,0.0,0.0,0.0,0.013888888888888888,0.0,0.0,1.0
4.0,7.93936372845835e-11,0.0,0.0,0.0,0.0,0.013888888888888888,0.0,0.0,0.0
1.0,100.0,0.00474011039659511,0.5363588314206756,0.0,0.0,0.013888888888888888,0.0,0.0,1.0
2.0,3.13715958598596e-08,9.49097275977072e-06,0.0,0.0,0.0,0.013888888888888888,0.0,0.0,1.0
3.0,3.1160225065835455e-08,0.0,0.0,0.0,0.0,0.013888888888888888,0.0,0.0,1.0
4.0,8.121714691940629e-11,0.0,0.0,0.0,0.0,0.013888888888888888,0.0,0.0,0.0
1.0,100.0,0.0047402419811074905,0.5364019307889369,0.0,0.0,0.013888888888888888,0.0,0.0,1.0
2.0,3.061042978179085e-08,9.488635691654738e-06,0.0,0.0,0.0,0.013888888888888888,0.0,0.0,1.0
3.0,3.042088733434189e-08,0.0,0.0,0.0,0.0,0.013888888888888888,0.0,0.0,1.0
4.0,7.386002858175788e-11,0.0,0.0,0.0,0.0,0.013888888888888888,0.0,0.0,0.0
1.0,100.0,0.004740373287487488,0.536445014953813,0.0,0.0,0.013888888888888888,0.0,0.0,1.0
2.0,2.986546723884221e-08,9.48629236281942e-06,0.0,0.0,0.0,0.013888888888888888,0.0,0.0,1.0
3.0,2.9672112668932695e-08,0.0,0.0,0.0,0.0,0.013888888888888888,0.0,0.0,1.0
4.0,7.412409215372031e-11,0.0,0.0,0.0,0.0,0.013888888888888888,0.0,0.0,0.0
1.0,100.0,0.0047405043220820585,0.536488091891732,0.0,0.0,0.013888888888888888,0.0,0.0,1.0
2.0,2.9183438084261955e-08,9.483941638190199e-06,0.0,0.0,0.0,0.013888888888888888,0.0,0.0,1.0
3.0,2.9003229782211787e-08,0.0,0.0,0.0,0.0,0.013888888888888888,0.0,0.0,1.0
4.0,7.533137012633002e-11,0.0,0.0,0.0,0.0,0.013888888888888888,0.0,0.0,0.0
1.0,100.0,0.0047406350904640356,0.5365311695268906,0.0,0.0,0.013888888888888888,0.0,0.0,1.0
2.0,2.8526338237335957e-08,9.481583182943271e-06,0.0,0.0,0.0,0.013888888888888888,0.0,0.0,1.0
3.0,2.8355377236220958e-08,0.0,0.0,0.0,0.0,0.013888888888888888,0.0,0.0,1.0
4.0,6.737061029484174e-11,0.0,0.0,0.0,0.0,0.013888888888888888,0.0,0.0,0.0
1.0,100.0,0.00474076559851427,0.5365742558404731,0.0,0.0,0.013888888888888888,0.0,0.0,1.0
2.0,2.7910705840378203e-08,9.47921781793519e-06,0.0,0.0,0.0,0.013888888888888888,0.0,0.0,1.0
3.0,2.772113397355271e-08,0.0,0.0,0.0,0.0,0.013888888888888888,0.0,0.0,1.0
4.0,6.953368069830278e-11,0.0,0.0,0.0,0.0,0.013888888888888888,0.0,0.0,0.0
1.0,100.0,0.004740895850465559,0.5366173587492457,0.0,0.0,0.013888888888888888,0.0,0.0,1.0
2.0,2.734784659930907e-08,9.476845463591297e-06,0.0,0.0,0.0,0.013888888888888888,0.0,0.0,1.0
3.0,2.7173073387544078e-08,0.0,0.0,0.0,0.0,0.013888888888888888,0.0,0.0,1.0
4.0,6.744600376472025e-11,0.0,0.0,0.0,0.0,0.013888888888888888,0.0,0.0,0.0
1.0,100.0,0.004741025852232207,0.5366604862876947,0.0,0.0,0.013888888888888888,0.0,0.0,1.0
2.0,2.6788465216063137e-08,9.474466175266573e-06,0.0,0.0,0.0,0.013888888888888888,0.0,0.0,1.0
3.0,2.662431629372323e-08,0.0,0.0,0.0,0.0,0.013888888888888888,0.0,0.0,1.0
4.0,6.567273328926241e-11,0.0,0.0,0.0,0.0,0.013888888888888888,0.0,0.0,0.0
1.0,100.0,0.004741155609152082,0.5367036465147715,0.0,0.0,0.013888888888888888,0.0,0.0,1.0
2.0,2.6267333763950688e-08,9.472080005712858e-06,0.0,0.0,0.0,0.013888888888888888,0.0,0.0,1.0
3.0,2.6105271945922685e-08,0.0,0.0,0.0,0.0,0.013888888888888888,0.0,0.0,1.0
4.0,6.525769000215637e-11,0.0,0.0,0.0,0.0,0.013888888888888888,0.0,0.0,0.0
1.0,100.0,0.004741285126440152,0.5367468473965848,0.0,0.0,0.013888888888888888,0.0,0.0,1.0
2.0,2.5767174995232387e-08,9.469687172005105e-06,0.0,0.0,0.0,0.013888888888888888,0.0,0.0,1.0
3.0,2.560470724772678e-08,0.0,0.0,0.0,0.0,0.013888888888888888,0.0,0.0,1.0
4.0,6.601222971645729e-11,0.0,0.0,0.0,0.0,0.013888888888888888,0.0,0.0,0.0
1.0,100.0,0.004741414409286999,0.5367900970082629,0.0,0.0,0.013888888888888888,0.0,0.0,1.0
2.0,2.5309832032361647e-08,9.467287531247719e-06,0.0,0.0,0.0,0.013888888888888888,0.0,0.0,1.0
3.0,2.51525242087683e-08,0.0,0.0,0.0,0.0,0.013888888888888888,0.0,0.0,1.0
4.0,6.172373379239508e-11,0.0,0.0,0.0,0.0,0.013888888888888888,0.0,0.0,0.0
1.0,100.0,0.004741543463011933,0.5368334034491786,0.0,0.0,0.013888888888888888,0.0,0.0,1.0
2.0,2.4849096757584922e-08,9.464881154271592e-06,0.0,0.0,0.0,0.013888888888888888,0.0,0.0,1.0
3.0,2.4694180430679643e-08,0.0,0.0,0.0,0.0,0.013888888888888888,0.0,0.0,1.0
4.0,6.078049584332077e-11,0.0,0.0,0.0,0.0,0.013888888888888888,0.0,0.0,0.0
1.0,100.0,0.00474167229254936,0.5368767748255981,0.0,0.0,0.013888888888888888,0.0,0.0,1.0
2.0,2.4427089973682276e-08,9.462468160967433e-06,0.0,0.0,0.0,0.013888888888888888,0.0,0.0,1.0
3.0,2.4278362685759764e-08,0.0,0.0,0.0,0.0,0.013888888888888888,0.0,0.0,1.0
4.0,5.676868162870137e-11,0.0,0.0,0.0,0.0,0.013888888888888888,0.0,0.0,0.0
1.0,100.0,0.004741800903033899,0.536920219226268,0.0,0.0,0.013888888888888888,0.0,0.0,1.0
2.0,2.4016547727125154e-08,9.460048514217455e-06,0.0,0.0,0.0,0.013888888888888888,0.0,0.0,1.0
3.0,2.386529833217072e-08,0.0,0.0,0.0,0.0,0.013888888888888888,0.0,0.0,1.0
4.0,6.344658284315798e-11,0.0,0.0,0.0,0.0,0.013888888888888888,0.0,0.0,0.0
1.0,100.0,0.004741929299676164,0.5369637448323741,0.0,0.0,0.013888888888888888,0.0,0.0,1.0
2.0,2.363699405483139e-08,9.457622313270698e-06,0.0,0.0,0.0,0.013888888888888888,0.0,0.0,1.0
3.0,2.348362839526742e-08,0.0,0.0,0.0,0.0,0.013888888888888888,0.0,0.0,1.0
4.0,6.548388809933144e-11,0.0,0.0,0.0,0.0,0.013888888888888888,0.0,0.0,0.0
1.0,100.0,0.004742057487278559,0.5370073597906441,0.0,0.0,0.013888888888888888,0.0,0.0,1.0
2.0,2.3266310489254377e-08,9.455189657695471e-06,0.0,0.0,0.0,0.013888888888888888,0.0,0.0,1.0
3.0,2.312774358191187e-08,0.0,0.0,0.0,0.0,0.013888888888888888,0.0,0.0,1.0
4.0,5.891912536163307e-11,0.0,0.0,0.0,0.0,0.013888888888888888,0.0,0.0,0.0
1.0,100.0,0.00474218547102282,0.5370510723141539,0.0,0.0,0.013888888888888888,0.0,0.0,1.0
2.0,2.2898235449015987e-08,9.452750458411035e-06,0.0,0.0,0.0,0.013888888888888888,0.0,0.0,1.0
3.0,2.27587988056062e-08,0.0,0.0,0.0,0.0,0.013888888888888888,0.0,0.0,1.0
4.0,5.738481456555026e-11,0.0,0.0,0.0,0.0,0.013888888888888888,0.0,0.0,0.0
1.0,100.0,0.004742313255539773,0.5370948905524271,0.0,0.0,0.013888888888888888,0.0,0.0,1.0
2.0,2.255954021447557e-08,9.45030492678911e-06,0.0,0.0,0.0,0.013888888888888888,0.0,0.0,1.0
3.0,2.2417798883168704e-08,0.0,0.0,0.0,0.0,0.013888888888888888,0.0,0.0,1.0
4.0,5.803874845360996e-11,0.0,0.0,0.0,0.0,0.013888888888888888,0.0,0.0,0.0
1.0,100.0,0.004742440845935233,0.5371388227626628,0.0,0.0,0.013888888888888888,0.0,0.0,1.0
2.0,2.2239890281655363e-08,9.447854017001106e-06,0.0,0.0,0.0,0.013888888888888888,0.0,0.0,1.0
3.0,2.2097743035986173e-08,0.0,0.0,0.0,0.0,0.013888888888888888,0.0,0.0,1.0
4.0,5.896935633919219e-11,0.0,0.0,0.0,0.0,0.013888888888888888,0.0,0.0,0.0
1.0,100.0,0.004742568246980418,0.5371828771896624,0.0,0.0,0.013888888888888888,0.0,0.0,1.0
2.0,2.1931081813112896e-08,9.445394740974944e-06,0.0,0.0,0.0,0.013888888888888888,0.0,0.0,1.0
3.0,2.1804646508714514e-08,0.0,0.0,0.0,0.0,0.013888888888888888,0.0,0.0,1.0
4.0,5.241718426412556e-11,0.0,0.0,0.0,0.0,0.013888888888888888,0.0,0.0,0.0
1.0,100.0,0.004742695464422048,0.5372270621299078,0.0,0.0,0.013888888888888888,0.0,0.0,1.0
2.0,2.1614474928240143e-08,9.442930265932126e-06,0.0,0.0,0.0,0.013888888888888888,0.0,0.0,1.0
3.0,2.1475690264990708e-08,0.0,0.0,0.0,0.0,0.013888888888888888,0.0,0.0,1.0
4.0,5.2693837173346696e-11,0.0,0.0,0.0,0.0,0.013888888888888888,0.0,0.0,0.0
1.0,100.0,0.004742822501048767,0.537271385788219,0.0,0.0,0.013888888888888888,0.0,0.0,1.0
2.0,2.13490332003333e-08,9.440460552898865e-06,0.0,0.0,0.0,0.013888888888888888,0.0,0.0,1.0
3.0,2.1221017875633022e-08,0.0,0.0,0.0,0.0,0.013888888888888888,0.0,0.0,1.0
4.0,5.044269600929713e-11,0.0,0.0,0.0,0.0,0.013888888888888888,0.0,0.0,0.0
1.0,100.0,0.004742949361506551,0.5373158564653914,0.0,0.0,0.013888888888888888,0.0,0.0,1.0
2.0,2.1061878386758335e-08,9.437983598186252e-06,0.0,0.0,0.0,0.013888888888888888,0.0,0.0,1.0
3.0,2.0934341319812794e-08,0.0,0.0,0.0,0.0,0.013888888888888888,0.0,0.0,1.0
4.0,4.794003512177776e-11,0.0,0.0,0.0,0.0,0.013888888888888888,0.0,0.0,0.0
1.0,100.0,0.00474307605331659,0.5373604826973436,0.0,0.0,0.013888888888888888,0.0,0.0,1.0
2.0,2.0797146220522997e-08,9.435499617891648e-06,0.0,0.0,0.0,0.013888888888888888,0.0,0.0,1.0
3.0,2.067021786274992e-08,0.0,0.0,0.0,0.0,0.013888888888888888,0.0,0.0,1.0
4.0,4.697165811361835e-11,0.0,0.0,0.0,0.0,0.013888888888888888,0.0,0.0,0.0
1.0,100.0,0.004743202578323141,0.537405272533499,0.0,0.0,0.013888888888888888,0.0,0.0,1.0
2.0,2.0542327977260856e-08,9.433011528862713e-06,0.0,0.0,0.0,0.013888888888888888,0.0,0.0,1.0
3.0,2.0417414297014032e-08,0.0,0.0,0.0,0.0,0.013888888888888888,0.0,0.0,1.0
4.0,4.6883607264360395e-11,0.0,0.0,0.0,0.0,0.013888888888888888,0.0,0.0,0.0
1.0,100.0,0.004743328941977743,0.5374502344687383,0.0,0.0,0.013888888888888888,0.0,0.0,1.0
2.0,2.0293988475382656e-08,9.430516409214081e-06,0.0,0.0,0.0,0.013888888888888888,0.0,0.0,1.0
3.0,2.0173495564518975e-08,0.0,0.0,0.0,0.0,0.013888888888888888,0.0,0.0,1.0
4.0,5.225357103502709e-11,0.0,0.0,0.0,0.0,0.013888888888888888,0.0,0.0,0.0
1.0,100.0,0.004743455148772658,0.5374953768574663,0.0,0.0,0.013888888888888888,0.0,0.0,1.0
2.0,2.0053011894160406e-08,9.428015461224911e-06,0.0,0.0,0.0,0.013888888888888888,0.0,0.0,1.0
3.0,1.9927489328749816e-08,0.0,0.0,0.0,0.0,0.013888888888888888,0.0,0.0,1.0
4.0,5.7107912159107545e-11,0.0,0.0,0.0,0.0,0.013888888888888888,0.0,0.0,0.0
1.0,100.0,0.004743581203221438,0.5375407081349163,0.0,0.0,0.013888888888888888,0.0,0.0,1.0
2.0,1.983013869371429e-08,9.425508378234958e-06,0.0,0.0,0.0,0.013888888888888888,0.0,0.0,1.0
3.0,1.971386358033325e-08,0.0,0.0,0.0,0.0,0.013888888888888888,0.0,0.0,1.0
4.0,4.87825384164011e-11,0.0,0.0,0.0,0.0,0.013888888888888888,0.0,0.0,0.0
1.0,100.0,0.004743707109638558,0.5375862366966757,0.0,0.0,0.013888888888888888,0.0,0.0,1.0
2.0,1.9600902127069467e-08,9.422995521200954e-06,0.0,0.0,0.0,0.013888888888888888,0.0,0.0,1.0
3.0,1.9476524515746123e-08,0.0,0.0,0.0,0.0,0.013888888888888888,0.0,0.0,1.0
4.0,4.5487593406803777e-11,0.0,0.0,0.0,0.0,0.013888888888888888,0.0,0.0,0.0
1.0,100.0,0.004743832872449577,0.5376319709849445,0.0,0.0,0.013888888888888888,0.0,0.0,1.0
2.0,1.93997991988905e-08,9.420477622457126e-06,0.0,0.0,0.0,0.013888888888888888,0.0,0.0,1.0
3.0,1.9282842736975697e-08,0.0,0.0,0.0,0.0,0.013888888888888888,0.0,0.0,1.0
4.0,4.7600352927823134e-11,0.0,0.0,0.0,0.0,0.013888888888888888,0.0,0.0,0.0
1.0,100.0,0.00474395849607784,0.5376779194539772,0.0,0.0,0.013888888888888888,0.0,0.0,1.0
2.0,1.918357821828756e-08,9.417952536750444e-06,0.0,0.0,0.0,0.013888888888888888,0.0,0.0,1.0
3.0,1.906981050469087e-08,0.0,0.0,0.0,0.0,0.013888888888888888,0.0,0.0,1.0
4.0,4.677031617571165e-11,0.0,0.0,0.0,0.0,0.013888888888888888,0.0,0.0,0.0
1.0,100.0,0.0047440839846015275,0.5377240905706084,0.0,0.0,0.013888888888888888,0.0,0.0,1.0
2.0,1.8982692227895326e-08,9.415422368663689e-06,0.0,0.0,0.0,0.013888888888888888,0.0,0.0,1.0
3.0,1.8872359673219554e-08,0.0,0.0,0.0,0.0,0.013888888888888888,0.0,0.0,1.0
4.0,5.01281020418289e-11,0.0,0.0,0.0,0.0,0.013888888888888888,0.0,0.0,0.0
1.0,100.0,0.004744209343015347,0.5377704928685952,0.0,0.0,0.013888888888888888,0.0,0.0,1.0
2.0,1.8789980938018072e-08,9.412886548794076e-06,0.0,0.0,0.0,0.013888888888888888,0.0,0.0,1.0
3.0,1.8679358443391135e-08,0.0,0.0,0.0,0.0,0.013888888888888888,0.0,0.0,1.0
4.0,5.0530516870803694e-11,0.0,0.0,0.0,0.0,0.013888888888888888,0.0,0.0,0.0
1.0,100.0,0.004744334574249268,0.5378171347552253,0.0,0.0,0.013888888888888888,0.0,0.0,1.0
2.0,1.8607067753952656e-08,9.410345728263985e-06,0.0,0.0,0.0,0.013888888888888888,0.0,0.0,1.0
3.0,1.848745857887632e-08,0.0,0.0,0.0,0.0,0.013888888888888888,0.0,0.0,1.0
4.0,4.228062119663124e-11,0.0,0.0,0.0,0.0,0.013888888888888888,0.0,0.0,0.0
1.0,100.0,0.004744459683010567,0.5378640248159409,0.0,0.0,0.013888888888888888,0.0,0.0,1.0
2.0,1.8430213091244396e-08,9.407798060823316e-06,0.0,0.0,0.0,0.013888888888888888,0.0,0.0,1.0
3.0,1.832083703316104e-08,0.0,0.0,0.0,0.0,0.013888888888888888,0.0,0.0,1.0
4.0,4.2846527197136195e-11,0.0,0.0,0.0,0.0,0.013888888888888888,0.0,0.0,0.0
1.0,100.0,0.004744584673389126,0.5379111715669236,0.0,0.0,0.013888888888888888,0.0,0.0,1.0
2.0,1.8252343605238833e-08,9.405246184788754e-06,0.0,0.0,0.0,0.013888888888888888,0.0,0.0,1.0
3.0,1.814469235477372e-08,0.0,0.0,0.0,0.0,0.013888888888888888,0.0,0.0,1.0
4.0,4.4280178518878657e-11,0.0,0.0,0.0,0.0,0.013888888888888888,0.0,0.0,0.0
1.0,100.0,0.004744709549546726,0.5379585835762811,0.0,0.0,0.013888888888888888,0.0,0.0,1.0
2.0,1.808270684324371e-08,9.402688222381185e-06,0.0,0.0,0.0,0.013888888888888888,0.0,0.0,1.0
3.0,1.7969025798411226e-08,0.0,0.0,0.0,0.0,0.013888888888888888,0.0,0.0,1.0
4.0,4.5210788171066154e-11,0.0,0.0,0.0,0.0,0.013888888888888888,0.0,0.0,0.0
1.0,100.0,0.004744834315429979,0.53800626941321,0.0,0.0,0.013888888888888888,0.0,0.0,1.0
2.0,1.792468005833281e-08,9.400124752651268e-06,0.0,0.0,0.0,0.013888888888888888,0.0,0.0,1.0
3.0,1.7815970610064895e-08,0.0,0.0,0.0,0.0,0.013888888888888888,0.0,0.0,1.0
4.0,4.534910836139805e-11,0.0,0.0,0.0,0.0,0.013888888888888888,0.0,0.0,0.0
1.0,100.0,0.004744958974903852,0.5380542376420843,0.0,0.0,0.013888888888888888,0.0,0.0,1.0
2.0,1.776127559773119e-08,9.397555938865691e-06,0.0,0.0,0.0,0.013888888888888888,0.0,0.0,1.0
3.0,1.765485624976343e-08,0.0,0.0,0.0,0.0,0.013888888888888888,0.0,0.0,1.0
4.0,4.539939649448297e-11,0.0,0.0,0.0,0.0,0.013888888888888888,0.0,0.0,0.0
1.0,100.0,0.00474508353200894,0.5381024968839565,0.0,0.0,0.013888888888888888,0.0,0.0,1.0
2.0,1.760671266419303e-08,9.394981811495838e-06,0.0,0.0,0.0,0.013888888888888888,0.0,0.0,1.0
3.0,1.7503453095028077e-08,0.0,0.0,0.0,0.0,0.013888888888888888,0.0,0.0,1.0
4.0,4.275841947555576e-11,0.0,0.0,0.0,0.0,0.013888888888888888,0.0,0.0,0.0
1.0,100.0,0.004745207990604803,0.538151055725035,0.0,0.0,0.013888888888888888,0.0,0.0,1.0
2.0,1.7454410717502975e-08,9.392402399227557e-06,0.0,0.0,0.0,0.013888888888888888,0.0,0.0,1.0
3.0,1.73476723981643e-08,0.0,0.0,0.0,0.0,0.013888888888888888,0.0,0.0,1.0
4.0,4.2645220667951533e-11,0.0,0.0,0.0,0.0,0.013888888888888888,0.0,0.0,0.0
1.0,100.0,0.004745332354549635,0.538199922820788,0.0,0.0,0.013888888888888888,0.0,0.0,1.0
2.0,1.731409565057536e-08,9.38981786715919e-06,0.0,0.0,0.0,0.013888888888888888,0.0,0.0,1.0
3.0,1.7219184894143926e-08,0.0,0.0,0.0,0.0,0.013888888888888888,0.0,0.0,1.0
4.0,4.3789621742538263e-11,0.0,0.0,0.0,0.0,0.013888888888888888,0.0,0.0,0.0
1.0,100.0,0.004745456627467314,0.5382491067887769,0.0,0.0,0.013888888888888888,0.0,0.0,1.0
2.0,1.716193831962162e-08,9.38722795921882e-06,0.0,0.0,0.0,0.013888888888888888,0.0,0.0,1.0
3.0,1.7047068427429e-08,0.0,0.0,0.0,0.0,0.013888888888888888,0.0,0.0,1.0
4.0,3.850768983210855e-11,0.0,0.0,0.0,0.0,0.013888888888888888,0.0,0.0,0.0
1.0,100.0,0.004745580813274653,0.5382986162638486,0.0,0.0,0.013888888888888888,0.0,0.0,1.0
2.0,1.704569851505963e-08,9.384633119339658e-06,0.0,0.0,0.0,0.013888888888888888,0.0,0.0,1.0
3.0,1.6951019593800672e-08,0.0,0.0,0.0,0.0,0.013888888888888888,0.0,0.0,1.0
4.0,3.9526331838554566e-11,0.0,0.0,0.0,0.0,0.013888888888888888,0.0,0.0,0.0
1.0,100.0,0.004745704915496152,0.5383484599423918,0.0,0.0,0.013888888888888888,0.0,0.0,1.0
2.0,1.6894671452320492e-08,9.38203310083071e-06,0.0,0.0,0.0,0.013888888888888888,0.0,0.0,1.0
3.0,1.68008621701432e-08,0.0,0.0,0.0,0.0,0.013888888888888888,0.0,0.0,1.0
4.0,4.216727521214581e-11,0.0,0.0,0.0,0.0,0.013888888888888888,0.0,0.0,0.0
1.0,100.0,0.00474582893793806,0.5383986464618099,0.0,0.0,0.013888888888888888,0.0,0.0,1.0
2.0,1.6762820639213322e-08,9.3794280906358e-06,0.0,0.0,0.0,0.013888888888888888,0.0,0.0,1.0
3.0,1.6656444464636154e-08,0.0,0.0,0.0,0.0,0.013888888888888888,0.0,0.0,1.0
4.0,4.5273528164274473e-11,0.0,0.0,0.0,0.0,0.013888888888888888,0.0,0.0,0.0
1.0,100.0,0.004745952884177864,0.5384491845342357,0.0,0.0,0.013888888888888888,0.0,0.0,1.0
2.0,1.6650986790400917e-08,9.37681812298013e-06,0.0,0.0,0.0,0.013888888888888888,0.0,0.0,1.0
3.0,1.6548987955831908e-08,0.0,0.0,0.0,0.0,0.013888888888888888,0.0,0.0,1.0
4.0,4.811568364599195e-11,0.0,0.0,0.0,0.0,0.013888888888888888,0.0,0.0,0.0
1.0,100.0,0.004746076757777009,0.538500082848457,0.0,0.0,0.013888888888888888,0.0,0.0,1.0
2.0,1.652287532058263e-08,9.374203256580822e-06,0.0,0.0,0.0,0.013888888888888888,0.0,0.0,1.0
3.0,1.6433225888963475e-08,0.0,0.0,0.0,0.0,0.013888888888888888,0.0,0.0,1.0
4.0,4.117373135766539e-11,0.0,0.0,0.0,0.0,0.013888888888888888,0.0,0.0,0.0
1.0,100.0,0.004746200562140069,0.538551350092182,0.0,0.0,0.013888888888888888,0.0,0.0,1.0
2.0,1.6391516909636835e-08,9.371583454055053e-06,0.0,0.0,0.0,0.013888888888888888,0.0,0.0,1.0
3.0,1.6292489397510314e-08,0.0,0.0,0.0,0.0,0.013888888888888888,0.0,0.0,1.0
4.0,4.1148565894523816e-11,0.0,0.0,0.0,0.0,0.013888888888888888,0.0,0.0,0.0
1.0,100.0,0.004746324300933634,0.5386029949777774,0.0,0.0,0.013888888888888888,0.0,0.0,1.0
2.0,1.6286669101663656e-08,9.368958914312976e-06,0.0,0.0,0.0,0.013888888888888888,0.0,0.0,1.0
3.0,1.6195381700673426e-08,0.0,0.0,0.0,0.0,0.013888888888888888,0.0,0.0,1.0
4.0,3.7602130761033564e-11,0.0,0.0,0.0,0.0,0.013888888888888888,0.0,0.0,0.0
1.0,100.0,0.004746447977453282,0.5386550262383416,0.0,0.0,0.013888888888888888,0.0,0.0,1.0
2.0,1.6166732225451e-08,9.366329584014114e-06,0.0,0.0,0.0,0.013888888888888888,0.0,0.0,1.0
3.0,1.6074299708970992e-08,0.0,0.0,0.0,0.0,0.013888888888888888,0.0,0.0,1.0
4.0,3.868627560754943e-11,0.0,0.0,0.0,0.0,0.013888888888888888,0.0,0.0,0.0
1.0,100.0,0.004746571594984416,0.5387074526639786,0.0,0.0,0.013888888888888888,0.0,0.0,1.0
2.0,1.6058144553671732e-08,9.363695514486224e-06,0.0,0.0,0.0,0.013888888888888888,0.0,0.0,1.0
3.0,1.595607304065567e-08,0.0,0.0,0.0,0.0,0.013888888888888888,0.0,0.0,1.0
4.0,4.078382312645031e-11,0.0,0.0,0.0,0.0,0.013888888888888888,0.0,0.0,0.0
1.0,100.0,0.004746695157265512,0.5387602828507058,0.0,0.0,0.013888888888888888,0.0,0.0,1.0
2.0,1.596418189917437e-08,9.361056790658807e-06,0.0,0.0,0.0,0.013888888888888888,0.0,0.0,1.0
3.0,1.5872647979546013e-08,0.0,0.0,0.0,0.0,0.013888888888888888,0.0,0.0,1.0
4.0,4.129942405308319e-11,0.0,0.0,0.0,0.0,0.013888888888888888,0.0,0.0,0.0
1.0,100.0,0.004746818667405523,0.5388135255970069,0.0,0.0,0.013888888888888888,0.0,0.0,1.0
2.0,1.584005569517443e-08,9.358413295469006e-06,0.0,0.0,0.0,0.013888888888888888,0.0,0.0,1.0
3.0,1.574857971820239e-08,0.0,0.0,0.0,0.0,0.013888888888888888,0.0,0.0,1.0
4.0,3.7400867231264737e-11,0.0,0.0,0.0,0.0,0.013888888888888888,0.0,0.0,0.0
1.0,100.0,0.004746942128598954,0.53886718964537,0.0,0.0,0.013888888888888888,0.0,0.0,1.0
2.0,1.5743933111984665e-08,9.355765434208859e-06,0.0,0.0,0.0,0.013888888888888888,0.0,0.0,1.0
3.0,1.5650166937534065e-08,0.0,0.0,0.0,0.0,0.013888888888888888,0.0,0.0,1.0
4.0,4.124909403190645e-11,0.0,0.0,0.0,0.0,0.013888888888888888,0.0,0.0,0.0
1.0,100.0,0.004747065544188913,0.5389212837603699,0.0,0.0,0.013888888888888888,0.0,0.0,1.0
2.0,1.5648346728738334e-08,9.353113059920384e-06,0.0,0.0,0.0,0.013888888888888888,0.0,0.0,1.0
3.0,1.55546819805391e-08,0.0,0.0,0.0,0.0,0.013888888888888888,0.0,0.0,1.0
4.0,3.489823167202726e-11,0.0,0.0,0.0,0.0,0.013888888888888888,0.0,0.0,0.0
1.0,100.0,0.004747188917333637,0.5389758166789451,0.0,0.0,0.013888888888888888,0.0,0.0,1.0
2.0,1.5550557047813186e-08,9.35045625615592e-06,0.0,0.0,0.0,0.013888888888888888,0.0,0.0,1.0
3.0,1.5467111030040944e-08,0.0,0.0,0.0,0.0,0.013888888888888888,0.0,0.0,1.0
4.0,3.33668103830017e-11,0.0,0.0,0.0,0.0,0.013888888888888888,0.0,0.0,0.0
1.0,100.0,0.004747312251060241,0.539030797153844,0.0,0.0,0.013888888888888888,0.0,0.0,1.0
2.0,1.5445345971831537e-08,9.347794909907785e-06,0.0,0.0,0.0,0.013888888888888888,0.0,0.0,1.0
3.0,1.5358450180679584e-08,0.0,0.0,0.0,0.0,0.013888888888888888,0.0,0.0,1.0
4.0,3.703611823153792e-11,0.0,0.0,0.0,0.0,0.013888888888888888,0.0,0.0,0.0
1.0,100.0,0.004747435548670387,0.5390862339690167,0.0,0.0,0.013888888888888888,0.0,0.0,1.0
2.0,1.5357122594841188e-08,9.345129382439744e-06,0.0,0.0,0.0,0.013888888888888888,0.0,0.0,1.0
3.0,1.5257398946548416e-08,0.0,0.0,0.0,0.0,0.013888888888888888,0.0,0.0,1.0
4.0,4.023039237586955e-11,0.0,0.0,0.0,0.0,0.013888888888888888,0.0,0.0,0.0
1.0,100.0,0.004747558813188114,0.539142135859682,0.0,0.0,0.013888888888888888,0.0,0.0,1.0
2.0,1.528056737454131e-08,9.342459510184345e-06,0.0,0.0,0.0,0.013888888888888888,0.0,0.0,1.0
3.0,1.519649798723655e-08,0.0,0.0,0.0,0.0,0.013888888888888888,0.0,0.0,1.0
4.0,3.361544411426869e-11,0.0,0.0,0.0,0.0,0.013888888888888888,0.0,0.0,0.0
1.0,100.0,0.004747682047512544,0.5391985115639878,0.0,0.0,0.013888888888888888,0.0,0.0,1.0
2.0,1.517697940379036e-08,9.339785429747674e-06,0.0,0.0,0.0,0.013888888888888888,0.0,0.0,1.0
3.0,1.5085184294827206e-08,0.0,0.0,0.0,0.0,0.013888888888888888,0.0,0.0,1.0
4.0,3.3250732149558046e-11,0.0,0.0,0.0,0.0,0.013888888888888888,0.0,0.0,0.0
1.0,100.0,0.004747805254776105,0.5392553698724448,0.0,0.0,0.013888888888888888,0.0,0.0,1.0
2.0,1.509913397391169e-08,9.3371071197166e-06,0.0,0.0,0.0,0.013888888888888888,0.0,0.0,1.0
3.0,1.5019833289527837e-08,0.0,0.0,0.0,0.0,0.013888888888888888,0.0,0.0,1.0
4.0,3.230875899042233e-11,0.0,0.0,0.0,0.0,0.013888888888888888,0.0,0.0,0.0
1.0,100.0,0.004747928211980771,0.5393127121315656,0.0,0.0,0.013888888888888888,0.0,0.0,1.0
2.0,4.43993896503014e-08,9.334418012421207e-06,0.0,0.0,0.0,0.013888888888888888,0.0,0.0,1.0
3.0,4.4175996621172065e-08,0.0,0.0,0.0,0.0,0.013888888888888888,0.0,0.0,1.0
4.0,1.0088342500838093e-10,0.0,0.0,0.0,0.0,0.013888888888888888,0.0,0.0,0.0
1.0,100.0,0.004748051164097688,0.5393705573760833,0.0,0.0,0.013888888888888888,0.0,0.0,1.0
2.0,4.2568390649617036e-08,9.331729559036958e-06,0.0,0.0,0.0,0.013888888888888888,0.0,0.0,1.0
3.0,4.235528871496331e-08,0.0,0.0,0.0,0.0,0.013888888888888888,0.0,0.0,1.0
4.0,8.185658043826917e-11,0.0,0.0,0.0,0.0,0.013888888888888888,0.0,0.0,0.0
1.0,100.0,0.004748174110982808,0.5394289127791532,0.0,0.0,0.013888888888888888,0.0,0.0,1.0
2.0,4.0755404611147665e-08,9.329038406868169e-06,0.0,0.0,0.0,0.013888888888888888,0.0,0.0,1.0
3.0,4.057211824616274e-08,0.0,0.0,0.0,0.0,0.013888888888888888,0.0,0.0,1.0
4.0,8.549014497086817e-11,0.0,0.0,0.0,0.0,0.013888888888888888,0.0,0.0,0.0
1.0,100.0,0.004748297052289299,0.5394877862135389,0.0,0.0,0.013888888888888888,0.0,0.0,1.0
2.0,3.908273873338419e-08,9.326343313169292e-06,0.0,0.0,0.0,0.013888888888888888,0.0,0.0,1.0
3.0,3.889577055301389e-08,0.0,0.0,0.0,0.0,0.013888888888888888,0.0,0.0,1.0
4.0,7.732920370920369e-11,0.0,0.0,0.0,0.0,0.013888888888888888,0.0,0.0,0.0
1.0,100.0,0.0047484199904245785,0.5395471862721567,0.0,0.0,0.013888888888888888,0.0,0.0,1.0
2.0,3.7550060138557743e-08,9.323644530144754e-06,0.0,0.0,0.0,0.013888888888888888,0.0,0.0,1.0
3.0,3.7390689899561395e-08,0.0,0.0,0.0,0.0,0.013888888888888888,0.0,0.0,1.0
4.0,7.230001656040855e-11,0.0,0.0,0.0,0.0,0.013888888888888888,0.0,0.0,0.0
1.0,100.0,0.004748542928389492,0.5396071216003672,0.0,0.0,0.013888888888888888,0.0,0.0,1.0
2.0,3.611337757223025e-08,9.320942539498065e-06,0.0,0.0,0.0,0.013888888888888888,0.0,0.0,1.0
3.0,3.5945962602057265e-08,0.0,0.0,0.0,0.0,0.013888888888888888,0.0,0.0,1.0
4.0,6.865179178557384e-11,0.0,0.0,0.0,0.0,0.013888888888888888,0.0,0.0,0.0
1.0,100.0,0.004748665864323092,0.5396676006930718,0.0,0.0,0.013888888888888888,0.0,0.0,1.0
2.0,3.480818917237167e-08,9.318236927175922e-06,0.0,0.0,0.0,0.013888888888888888,0.0,0.0,1.0
3.0,3.465590666653896e-08,0.0,0.0,0.0,0.0,0.013888888888888888,0.0,0.0,1.0
4.0,7.122750565242879e-11,0.0,0.0,0.0,0.0,0.013888888888888888,0.0,0.0,0.0
1.0,100.0,0.004748788805084976,0.5397286325060057,0.0,0.0,0.013888888888888888,0.0,0.0,1.0
2.0,3.3573385165469295e-08,9.315525525141324e-06,0.0,0.0,0.0,0.013888888888888888,0.0,0.0,1.0
3.0,3.342168234670524e-08,0.0,0.0,0.0,0.0,0.013888888888888888,0.0,0.0,1.0
4.0,6.763310620777136e-11,0.0,0.0,0.0,0.0,0.013888888888888888,0.0,0.0,0.0
1.0,100.0,0.004748911750713398,0.5397902256389173,0.0,0.0,0.013888888888888888,0.0,0.0,1.0
2.0,3.2436187093799095e-08,9.312813340540163e-06,0.0,0.0,0.0,0.013888888888888888,0.0,0.0,1.0
3.0,3.229341298852185e-08,0.0,0.0,0.0,0.0,0.013888888888888888,0.0,0.0,1.0
4.0,6.322645700800717e-11,0.0,0.0,0.0,0.0,0.013888888888888888,0.0,0.0,0.0
1.0,100.0,0.004749034702489831,0.5398523887070259,0.0,0.0,0.013888888888888888,0.0,0.0,1.0
2.0,3.1374345662813744e-08,9.310095589122744e-06,0.0,0.0,0.0,0.013888888888888888,0.0,0.0,1.0
3.0,3.123799267763565e-08,0.0,0.0,0.0,0.0,0.013888888888888888,0.0,0.0,1.0
4.0,6.247696024216817e-11,0.0,0.0,0.0,0.0,0.013888888888888888,0.0,0.0,0.0
1.0,100.0,0.004749157663575263,0.5399151304296231,0.0,0.0,0.013888888888888888,0.0,0.0,1.0
2.0,3.037117752674118e-08,9.307374332508739e-06,0.0,0.0,0.0,0.013888888888888888,0.0,0.0,1.0
3.0,3.0239506289952606e-08,0.0,0.0,0.0,0.0,0.013888888888888888,0.0,0.0,1.0
4.0,6.656410345495519e-11,0.0,0.0,0.0,0.0,0.013888888888888888,0.0,0.0,0.0
1.0,100.0,0.004749280636137415,0.5399784594969511,0.0,0.0,0.013888888888888888,0.0,0.0,1.0
2.0,2.943935137695968e-08,9.304649398381455e-06,0.0,0.0,0.0,0.013888888888888888,0.0,0.0,1.0
3.0,2.9313796887550545e-08,0.0,0.0,0.0,0.0,0.013888888888888888,0.0,0.0,1.0
4.0,5.778612870711801e-11,0.0,0.0,0.0,0.0,0.013888888888888888,0.0,0.0,0.0
1.0,100.0,0.004749403622257787,0.5400423845521869,0.0,0.0,0.013888888888888888,0.0,0.0,1.0
2.0,2.856485087190682e-08,9.301921106752608e-06,0.0,0.0,0.0,0.013888888888888888,0.0,0.0,1.0
3.0,2.8436919145695824e-08,0.0,0.0,0.0,0.0,0.013888888888888888,0.0,0.0,1.0
4.0,6.624967404813945e-11,0.0,0.0,0.0,0.0,0.013888888888888888,0.0,0.0,0.0
1.0,100.0,0.0047495266241969845,0.5401069142278994,0.0,0.0,0.013888888888888888,0.0,0.0,1.0
2.0,2.7746560067379736e-08,9.299189331092722e-06,0.0,0.0,0.0,0.013888888888888888,0.0,0.0,1.0
3.0,2.762181713624872e-08,0.0,0.0,0.0,0.0,0.013888888888888888,0.0,0.0,1.0
4.0,5.6754880100382714e-11,0.0,0.0,0.0,0.0,0.013888888888888888,0.0,0.0,0.0
1.0,100.0,0.00474964964402988,0.5401720571118102,0.0,0.0,0.013888888888888888,0.0,0.0,1.0
2.0,2.6969404432097792e-08,9.296454156859825e-06,0.0,0.0,0.0,0.013888888888888888,0.0,0.0,1.0
3.0,2.685715601888877e-08,0.0,0.0,0.0,0.0,0.013888888888888888,0.0,0.0,1.0
4.0,5.611349804703738e-11,0.0,0.0,0.0,0.0,0.013888888888888888,0.0,0.0,0.0
1.0,100.0,0.004749772683763636,0.5402378218438103,0.0,0.0,0.013888888888888888,0.0,0.0,1.0
2.0,2.6239993755831854e-08,9.293715625019384e-06,0.0,0.0,0.0,0.013888888888888888,0.0,0.0,1.0
3.0,2.6134528887770805e-08,0.0,0.0,0.0,0.0,0.013888888888888888,0.0,0.0,1.0
4.0,4.9934915729208936e-11,0.0,0.0,0.0,0.0,0.013888888888888888,0.0,0.0,0.0
1.0,100.0,0.004749895746588679,0.540304217054461,0.0,0.0,0.013888888888888888,0.0,0.0,1.0
2.0,2.5547500468359563e-08,9.290974923458072e-06,0.0,0.0,0.0,0.013888888888888888,0.0,0.0,1.0
3.0,2.544277477946183e-08,0.0,0.0,0.0,0.0,0.013888888888888888,0.0,0.0,1.0
4.0,5.524007967031256e-11,0.0,0.0,0.0,0.0,0.013888888888888888,0.0,0.0,0.0
1.0,100.0,0.004750018832557103,0.54037125121586,0.0,0.0,0.013888888888888888,0.0,0.0,1.0
2.0,2.490812998081734e-08,9.288229828037442e-06,0.0,0.0,0.0,0.013888888888888888,0.0,0.0,1.0
3.0,2.4796403189718647e-08,0.0,0.0,0.0,0.0,0.013888888888888888,0.0,0.0,1.0
4.0,4.578942833029874e-11,0.0,0.0,0.0,0.0,0.013888888888888888,0.0,0.0,0.0
1.0,100.0,0.0047501419449852604,0.5404389328197515,0.0,0.0,0.013888888888888888,0.0,0.0,1.0
2.0,2.4300458922465416e-08,9.285481740882063e-06,0.0,0.0,0.0,0.013888888888888888,0.0,0.0,1.0
3.0,2.4198197252029144e-08,0.0,0.0,0.0,0.0,0.013888888888888888,0.0,0.0,1.0
4.0,4.863081769378245e-11,0.0,0.0,0.0,0.0,0.013888888888888888,0.0,0.0,0.0
1.0,100.0,0.004750265085729509,0.5405072704355829,0.0,0.0,0.013888888888888888,0.0,0.0,1.0
2.0,2.3712108705639017e-08,9.28273064031141e-06,0.0,0.0,0.0,0.013888888888888888,0.0,0.0,1.0
3.0,2.361751479618436e-08,0.0,0.0,0.0,0.0,0.013888888888888888,0.0,0.0,1.0
4.0,4.517244927209084e-11,0.0,0.0,0.0,0.0,0.013888888888888888,0.0,0.0,0.0
1.0,100.0,0.004750388256548141,0.5405762725468822,0.0,0.0,0.013888888888888888,0.0,0.0,1.0
2.0,2.3152341652396916e-08,9.279976347430094e-06,0.0,0.0,0.0,0.013888888888888888,0.0,0.0,1.0
3.0,2.3052138151343597e-08,0.0,0.0,0.0,0.0,0.013888888888888888,0.0,0.0,1.0
4.0,4.4934303011772986e-11,0.0,0.0,0.0,0.0,0.013888888888888888,0.0,0.0,0.0
1.0,100.0,0.004750511459712369,0.5406459476383527,0.0,0.0,0.013888888888888888,0.0,0.0,1.0
2.0,2.2639218533201925e-08,9.277218995654765e-06,0.0,0.0,0.0,0.013888888888888888,0.0,0.0,1.0
3.0,2.2540870331569593e-08,0.0,0.0,0.0,0.0,0.013888888888888888,0.0,0.0,1.0
4.0,4.494606613693166e-11,0.0,0.0,0.0,0.0,0.013888888888888888,0.0,0.0,0.0
1.0,100.0,0.004750634697130209,0.5407163041427114,0.0,0.0,0.013888888888888888,0.0,0.0,1.0
2.0,2.214299580252344e-08,9.274458675569527e-06,0.0,0.0,0.0,0.013888888888888888,0.0,0.0,1.0
3.0,2.205593911671737e-08,0.0,0.0,0.0,0.0,0.013888888888888888,0.0,0.0,1.0
4.0,4.7108593572654845e-11,0.0,0.0,0.0,0.0,0.013888888888888888,0.0,0.0,0.0
1.0,100.0,0.00475075797072523,0.5407873504371867,0.0,0.0,0.013888888888888888,0.0,0.0,1.0
2.0,2.166483310298883e-08,9.271695530455533e-06,0.0,0.0,0.0,0.013888888888888888,0.0,0.0,1.0
3.0,2.15702679831423e-08,0.0,0.0,0.0,0.0,0.013888888888888888,0.0,0.0,1.0
4.0,4.382679931696964e-11,0.0,0.0,0.0,0.0,0.013888888888888888,0.0,0.0,0.0
1.0,100.0,0.004750881282610968,0.5408590949113856,0.0,0.0,0.013888888888888888,0.0,0.0,1.0
2.0,2.1215964079683924e-08,9.268929573580842e-06,0.0,0.0,0.0,0.013888888888888888,0.0,0.0,1.0
3.0,2.1126747554298265e-08,0.0,0.0,0.0,0.0,0.013888888888888888,0.0,0.0,1.0
4.0,4.307904145005018e-11,0.0,0.0,0.0,0.0,0.013888888888888888,0.0,0.0,0.0
1.0,100.0,0.004751004634585907,0.5409315461267912,0.0,0.0,0.013888888888888888,0.0,0.0,1.0
2.0,2.0790735753712716e-08,9.266160890757344e-06,0.0,0.0,0.0,0.013888888888888888,0.0,0.0,1.0
3.0,2.0707882477037985e-08,0.0,0.0,0.0,0.0,0.013888888888888888,0.0,0.0,1.0
4.0,4.2455779350963345e-11,0.0,0.0,0.0,0.0,0.013888888888888888,0.0,0.0,0.0
1.0,100.0,0.004751128028366908,0.5410047119408984,0.0,0.0,0.013888888888888888,0.0,0.0,1.0
2.0,2.0376740471441225e-08,9.263389387750103e-06,0.0,0.0,0.0,0.013888888888888888,0.0,0.0,1.0
3.0,2.0288060171059345e-08,0.0,0.0,0.0,0.0,0.013888888888888888,0.0,0.0,1.0
4.0,4.0890342549075683e-11,0.0,0.0,0.0,0.0,0.013888888888888888,0.0,0.0,0.0
1.0,100.0,0.004751251465932093,0.5410786008935419,0.0,0.0,0.013888888888888888,0.0,0.0,1.0
2.0,1.9994517662025248e-08,9.260615154823728e-06,0.0,0.0,0.0,0.013888888888888888,0.0,0.0,1.0
3.0,1.991663608457447e-08,0.0,0.0,0.0,0.0,0.013888888888888888,0.0,0.0,1.0
4.0,4.089036269399606e-11,0.0,0.0,0.0,0.0,0.013888888888888888,0.0,0.0,0.0
1.0,100.0,0.004751374949051077,0.5411532211771457,0.0,0.0,0.013888888888888888,0.0,0.0,1.0
2.0,1.961214940432178e-08,9.257838302166622e-06,0.0,0.0,0.0,0.013888888888888888,0.0,0.0,1.0
3.0,1.95322529847487e-08,0.0,0.0,0.0,0.0,0.013888888888888888,0.0,0.0,1.0
4.0,4.157164737831326e-11,0.0,0.0,0.0,0.0,0.013888888888888888,0.0,0.0,0.0
1.0,100.0,0.004751498479568777,0.5412285809904701,0.0,0.0,0.013888888888888888,0.0,0.0,1.0
2.0,1.9257944449706608e-08,9.25505894978768e-06,0.0,0.0,0.0,0.013888888888888888,0.0,0.0,1.0
3.0,1.917716379672639e-08,0.0,0.0,0.0,0.0,0.013888888888888888,0.0,0.0,1.0
4.0,3.7947916711588223e-11,0.0,0.0,0.0,0.0,0.013888888888888888,0.0,0.0,0.0
1.0,100.0,0.004751622059363153,0.5413046885378558,0.0,0.0,0.013888888888888888,0.0,0.0,1.0
2.0,1.892016189159959e-08,9.252277001815286e-06,0.0,0.0,0.0,0.013888888888888888,0.0,0.0,1.0
3.0,1.8846527240054797e-08,0.0,0.0,0.0,0.0,0.013888888888888888,0.0,0.0,1.0
4.0,3.849459630412283e-11,0.0,0.0,0.0,0.0,0.013888888888888888,0.0,0.0,0.0
1.0,100.0,0.004751745689960954,0.5413815518953575,0.0,0.0,0.013888888888888888,0.0,0.0,1.0
2.0,1.85874956503724e-08,9.249492614554719e-06,0.0,0.0,0.0,0.013888888888888888,0.0,0.0,1.0
3.0,1.8508251393119197e-08,0.0,0.0,0.0,0.0,0.013888888888888888,0.0,0.0,1.0
4.0,3.777776818529267e-11,0.0,0.0,0.0,0.0,0.013888888888888888,0.0,0.0,0.0
1.0,100.0,0.004751869373205152,0.5414591791547414,0.0,0.0,0.013888888888888888,0.0,0.0,1.0
2.0,1.8278731292093176e-08,9.246705889925453e-06,0.0,0.0,0.0,0.013888888888888888,0.0,0.0,1.0
3.0,1.8209300128746838e-08,0.0,0.0,0.0,0.0,0.013888888888888888,0.0,0.0,1.0
4.0,3.7962465153856194e-11,0.0,0.0,0.0,0.0,0.013888888888888888,0.0,0.0,0.0
1.0,100.0,0.004751993110700472,0.5415375783370682,0.0,0.0,0.013888888888888888,0.0,0.0,1.0
2.0,1.7970662315862484e-08,9.24391670892319e-06,0.0,0.0,0.0,0.013888888888888888,0.0,0.0,1.0
3.0,1.7898955401134408e-08,0.0,0.0,0.0,0.0,0.013888888888888888,0.0,0.0,1.0
4.0,4.003527180005817e-11,0.0,0.0,0.0,0.0,0.013888888888888888,0.0,0.0,0.0
1.0,100.0,0.004752116904145616,0.5416167574349732,0.0,0.0,0.013888888888888888,0.0,0.0,1.0
2.0,1.7684350018087562e-08,9.241125273352594e-06,0.0,0.0,0.0,0.013888888888888888,0.0,0.0,1.0
3.0,1.7612512615606493e-08,0.0,0.0,0.0,0.0,0.013888888888888888,0.0,0.0,1.0
4.0,3.522485968936136e-11,0.0,0.0,0.0,0.0,0.013888888888888888,0.0,0.0,0.0
1.0,100.0,0.004752240755233667,0.5416967244058298,0.0,0.0,0.013888888888888888,0.0,0.0,1.0
2.0,1.740831436172075e-08,9.238331581692894e-06,0.0,0.0,0.0,0.013888888888888888,0.0,0.0,1.0
3.0,1.7343130151692117e-08,0.0,0.0,0.0,0.0,0.013888888888888888,0.0,0.0,1.0
4.0,4.0977485705113136e-11,0.0,0.0,0.0,0.0,0.013888888888888888,0.0,0.0,0.0
1.0,100.0,0.0047523646654427255,0.5417774870950015,0.0,0.0,0.013888888888888888,0.0,0.0,1.0
2.0,1.7136989268409203e-08,9.235535689499645e-06,0.0,0.0,0.0,0.013888888888888888,0.0,0.0,1.0
3.0,1.706547069305305e-08,0.0,0.0,0.0,0.0,0.013888888888888888,0.0,0.0,1.0
4.0,3.228210900932793e-11,0.0,0.0,0.0,0.0,0.013888888888888888,0.0,0.0,0.0
1.0,100.0,0.004752488636416249,0.5418590533762597,0.0,0.0,0.013888888888888888,0.0,0.0,1.0
2.0,1.6890972224622844e-08,9.232737728209953e-06,0.0,0.0,0.0,0.013888888888888888,0.0,0.0,1.0
3.0,1.6832122296421602e-08,0.0,0.0,0.0,0.0,0.013888888888888888,0.0,0.0,1.0
4.0,3.328064744391893e-11,0.0,0.0,0.0,0.0,0.013888888888888888,0.0,0.0,0.0
1.0,100.0,0.004752612669620238,0.5419414310089828,0.0,0.0,0.013888888888888888,0.0,0.0,1.0
2.0,1.6629793056820854e-08,9.229937638218112e-06,0.0,0.0,0.0,0.013888888888888888,0.0,0.0,1.0
3.0,1.6566464128994684e-08,0.0,0.0,0.0,0.0,0.013888888888888888,0.0,0.0,1.0
4.0,3.3860464400636176e-11,0.0,0.0,0.0,0.0,0.013888888888888888,0.0,0.0,0.0
1.0,100.0,0.004752736766636688,0.5420246277324855,0.0,0.0,0.013888888888888888,0.0,0.0,1.0
2.0,1.6392733385297693e-08,9.227135576691609e-06,0.0,0.0,0.0,0.013888888888888888,0.0,0.0,1.0
3.0,1.6322620738405728e-08,0.0,0.0,0.0,0.0,0.013888888888888888,0.0,0.0,1.0
4.0,3.3237191066341385e-11,0.0,0.0,0.0,0.0,0.013888888888888888,0.0,0.0,0.0
1.0,100.0,0.0047528609289899685,0.5421086512260278,0.0,0.0,0.013888888888888888,0.0,0.0,1.0
2.0,1.617411117721532e-08,9.224331472870416e-06,0.0,0.0,0.0,0.013888888888888888,0.0,0.0,1.0
3.0,1.6103650618686405e-08,0.0,0.0,0.0,0.0,0.013888888888888888,0.0,0.0,1.0
4.0,3.257133373898592e-11,0.0,0.0,0.0,0.0,0.013888888888888888,0.0,0.0,0.0
1.0,100.0,0.004752985158036509,0.54219350909133,0.0,0.0,0.013888888888888888,0.0,0.0,1.0
2.0,1.595193742388194e-08,9.221525477723104e-06,0.0,0.0,0.0,0.013888888888888888,0.0,0.0,1.0
3.0,1.5898218653465694e-08,0.0,0.0,0.0,0.0,0.013888888888888888,0.0,0.0,1.0
4.0,3.7469782776660684e-11,0.0,0.0,0.0,0.0,0.013888888888888888,0.0,0.0,0.0
1.0,100.0,0.004753109455182037,0.5422792089004571,0.0,0.0,0.013888888888888888,0.0,0.0,1.0
2.0,1.5722472392969562e-08,9.218717590535762e-06,0.0,0.0,0.0,0.013888888888888888,0.0,0.0,1.0
3.0,1.5653678710215542e-08,0.0,0.0,0.0,0.0,0.013888888888888888,0.0,0.0,1.0
4.0,3.5165079728312266e-11,0.0,0.0,0.0,0.0,0.013888888888888888,0.0,0.0,0.0
1.0,100.0,0.004753233820771215,0.5423657582040635,0.0,0.0,0.013888888888888888,0.0,0.0,1.0
2.0,1.5533245487919118e-08,9.215907967657746e-06,0.0,0.0,0.0,0.013888888888888888,0.0,0.0,1.0
3.0,1.547646820831846e-08,0.0,0.0,0.0,0.0,0.013888888888888888,0.0,0.0,1.0
4.0,2.9859890483828424e-11,0.0,0.0,0.0,0.0,0.013888888888888888,0.0,0.0,0.0
1.0,100.0,0.004753358258477117,0.542453164285678,0.0,0.0,0.013888888888888888,0.0,0.0,1.0
2.0,1.532455145213953e-08,9.213096535282238e-06,0.0,0.0,0.0,0.013888888888888888,0.0,0.0,1.0
3.0,1.526103392847088e-08,0.0,0.0,0.0,0.0,0.013888888888888888,0.0,0.0,1.0
4.0,2.642456444193356e-11,0.0,0.0,0.0,0.0,0.013888888888888888,0.0,0.0,0.0
1.0,100.0,0.004753482768295603,0.5425414345840208,0.0,0.0,0.013888888888888888,0.0,0.0,1.0
2.0,1.5138165156150245e-08,9.210282313044027e-06,0.0,0.0,0.0,0.013888888888888888,0.0,0.0,1.0
3.0,1.5078836691784655e-08,0.0,0.0,0.0,0.0,0.013888888888888888,0.0,0.0,1.0
4.0,3.1005028193362474e-11,0.0,0.0,0.0,0.0,0.013888888888888888,0.0,0.0,0.0
1.0,100.0,0.00475360735178319,0.5426305763872902,0.0,0.0,0.013888888888888888,0.0,0.0,1.0
2.0,1.494783598608697e-08,9.207467530482255e-06,0.0,0.0,0.0,0.013888888888888888,0.0,0.0,1.0
3.0,1.4891971829124041e-08,0.0,0.0,0.0,0.0,0.013888888888888888,0.0,0.0,1.0
4.0,2.965372294730713e-11,0.0,0.0,0.0,0.0,0.013888888888888888,0.0,0.0,0.0
1.0,100.0,0.004753732010046188,0.5427205969396804,0.0,0.0,0.013888888888888888,0.0,0.0,1.0
2.0,1.4766942932592455e-08,9.204651228989114e-06,0.0,0.0,0.0,0.013888888888888888,0.0,0.0,1.0
3.0,1.4710527938871479e-08,0.0,0.0,0.0,0.0,0.013888888888888888,0.0,0.0,1.0
4.0,2.8811140996135452e-11,0.0,0.0,0.0,0.0,0.013888888888888888,0.0,0.0,0.0
1.0,100.0,0.0047538567443028154,0.5428115033789088,0.0,0.0,0.013888888888888888,0.0,0.0,1.0
2.0,1.459381907112872e-08,9.20183335221375e-06,0.0,0.0,0.0,0.013888888888888888,0.0,0.0,1.0
3.0,1.4537780928187163e-08,0.0,0.0,0.0,0.0,0.013888888888888888,0.0,0.0,1.0
4.0,2.6409161217529185e-11,0.0,0.0,0.0,0.0,0.013888888888888888,0.0,0.0,0.0
1.0,100.0,0.004753981556050248,0.542903302813954,0.0,0.0,0.013888888888888888,0.0,0.0,1.0
2.0,1.4425884281192e-08,9.199013902442023e-06,0.0,0.0,0.0,0.013888888888888888,0.0,0.0,1.0
3.0,1.4370991231264233e-08,0.0,0.0,0.0,0.0,0.013888888888888888,0.0,0.0,1.0
4.0,3.1164524131893263e-11,0.0,0.0,0.0,0.0,0.013888888888888888,0.0,0.0,0.0
1.0,100.0,0.004754106446099773,0.5429960022206776,0.0,0.0,0.013888888888888888,0.0,0.0,1.0
2.0,1.4261109253042268e-08,9.196193146954388e-06,0.0,0.0,0.0,0.013888888888888888,0.0,0.0,1.0
3.0,1.4200795001871137e-08,0.0,0.0,0.0,0.0,0.013888888888888888,0.0,0.0,1.0
4.0,2.7700199499622593e-11,0.0,0.0,0.0,0.0,0.013888888888888888,0.0,0.0,0.0
1.0,100.0,0.004754231415620114,0.5430896086735164,0.0,0.0,0.013888888888888888,0.0,0.0,1.0
2.0,1.4108596940196117e-08,9.193370590066912e-06,0.0,0.0,0.0,0.013888888888888888,0.0,0.0,1.0
3.0,1.4061487737096906e-08,0.0,0.0,0.0,0.0,0.013888888888888888,0.0,0.0,1.0
4.0,3.003392760338398e-11,0.0,0.0,0.0,0.0,0.013888888888888888,0.0,0.0,0.0
1.0,100.0,0.004754356466088257,0.5431841287838813,0.0,0.0,0.013888888888888888,0.0,0.0,1.0
2.0,1.394215463344437e-08,9.190547051629858e-06,0.0,0.0,0.0,0.013888888888888888,0.0,0.0,1.0
3.0,1.3893871305544223e-08,0.0,0.0,0.0,0.0,0.013888888888888888,0.0,0.0,1.0
4.0,2.8280026704869125e-11,0.0,0.0,0.0,0.0,0.013888888888888888,0.0,0.0,0.0
1.0,100.0,0.004754481598509719,0.5432795694452373,0.0,0.0,0.013888888888888888,0.0,0.0,1.0
2.0,1.3794439891958478e-08,9.187722275997929e-06,0.0,0.0,0.0,0.013888888888888888,0.0,0.0,1.0
3.0,1.3740300505063426e-08,0.0,0.0,0.0,0.0,0.013888888888888888,0.0,0.0,1.0
4.0,3.078769845764397e-11,0.0,0.0,0.0,0.0,0.013888888888888888,0.0,0.0,0.0
1.0,100.0,0.004754606813943621,0.5433759373495962,0.0,0.0,0.013888888888888888,0.0,0.0,1.0
2.0,1.3655639519210199e-08,9.184896353019919e-06,0.0,0.0,0.0,0.013888888888888888,0.0,0.0,1.0
3.0,1.360315255952369e-08,0.0,0.0,0.0,0.0,0.013888888888888888,0.0,0.0,1.0
4.0,3.0323865169321926e-11,0.0,0.0,0.0,0.0,0.013888888888888888,0.0,0.0,0.0
1.0,100.0,0.004754732117273717,0.5434732390916418,0.0,0.0,0.013888888888888888,0.0,0.0,1.0
2.0,1.3515027108349876e-08,9.18206914684172e-06,0.0,0.0,0.0,0.013888888888888888,0.0,0.0,1.0
3.0,1.3459873019321505e-08,0.0,0.0,0.0,0.0,0.013888888888888888,0.0,0.0,1.0
4.0,2.0771565563966932e-11,0.0,0.0,0.0,0.0,0.013888888888888888,0.0,0.0,0.0
1.0,100.0,0.004754857510120618,0.5435714811957824,0.0,0.0,0.013888888888888888,0.0,0.0,1.0
2.0,1.3381575167293817e-08,9.179240975996119e-06,0.0,0.0,0.0,0.013888888888888888,0.0,0.0,1.0
3.0,1.333411799098476e-08,0.0,0.0,0.0,0.0,0.013888888888888888,0.0,0.0,1.0
4.0,2.967160545271057e-11,0.0,0.0,0.0,0.0,0.013888888888888888,0.0,0.0,0.0
1.0,100.0,0.0047549829888393095,0.5436706701093506,0.0,0.0,0.013888888888888888,0.0,0.0,1.0
2.0,1.3241339350782259e-08,9.176411737954537e-06,0.0,0.0,0.0,0.013888888888888888,0.0,0.0,1.0
3.0,1.3189475624688945e-08,0.0,0.0,0.0,0.0,0.013888888888888888,0.0,0.0,1.0
4.0,2.20327620093135e-11,0.0,0.0,0.0,0.0,0.013888888888888888,0.0,0.0,0.0
1.0,100.0,0.004755108554434391,0.5437708121628263,0.0,0.0,0.013888888888888888,0.0,0.0,1.0
2.0,1.3116381312606337e-08,9.173581487476888e-06,0.0,0.0,0.0,0.013888888888888888,0.0,0.0,1.0
3.0,1.3066561387382776e-08,0.0,0.0,0.0,0.0,0.013888888888888888,0.0,0.0,1.0
4.0,2.253579053757105e-11,0.0,0.0,0.0,0.0,0.013888888888888888,0.0,0.0,0.0
1.0,100.0,0.004755234207876206,0.5438719136145665,0.0,0.0,0.013888888888888888,0.0,0.0,1.0
2.0,1.2990712885225848e-08,9.170750280841799e-06,0.0,0.0,0.0,0.013888888888888888,0.0,0.0,1.0
3.0,1.2941762652730458e-08,0.0,0.0,0.0,0.0,0.013888888888888888,0.0,0.0,1.0
4.0,2.7250942828146718e-11,0.0,0.0,0.0,0.0,0.013888888888888888,0.0,0.0,0.0
1.0,100.0,0.0047553599499421265,0.5439739806041816,0.0,0.0,0.013888888888888888,0.0,0.0,1.0
2.0,1.2869334909243292e-08,9.167918116231084e-06,0.0,0.0,0.0,0.013888888888888888,0.0,0.0,1.0
3.0,1.2825588431331803e-08,0.0,0.0,0.0,0.0,0.013888888888888888,0.0,0.0,1.0
4.0,3.341140748225868e-11,0.0,0.0,0.0,0.0,0.013888888888888888,0.0,0.0,0.0
1.0,100.0,0.004755485781667231,0.5440770191997696,0.0,0.0,0.013888888888888888,0.0,0.0,1.0
2.0,1.2745463640643941e-08,9.165085127562586e-06,0.0,0.0,0.0,0.013888888888888888,0.0,0.0,1.0
3.0,1.2699093517050423e-08,0.0,0.0,0.0,0.0,0.013888888888888888,0.0,0.0,1.0
4.0,2.616382312123413e-11,0.0,0.0,0.0,0.0,0.013888888888888888,0.0,0.0,0.0
1.0,100.0,0.0047556117038014545,0.5441810353741249,0.0,0.0,0.013888888888888888,0.0,0.0,1.0
2.0,1.2632681078854579e-08,9.162251333284186e-06,0.0,0.0,0.0,0.013888888888888888,0.0,0.0,1.0
3.0,1.2584354086908352e-08,0.0,0.0,0.0,0.0,0.013888888888888888,0.0,0.0,1.0
4.0,2.909186252114485e-11,0.0,0.0,0.0,0.0,0.013888888888888888,0.0,0.0,0.0
1.0,100.0,0.004755737717045783,0.5442860349826804,0.0,0.0,0.013888888888888888,0.0,0.0,1.0
2.0,1.2521710307152066e-08,9.159416971841768e-06,0.0,0.0,0.0,0.013888888888888888,0.0,0.0,1.0
3.0,1.2467121370205213e-08,0.0,0.0,0.0,0.0,0.013888888888888888,0.0,0.0,1.0
4.0,2.735229763711245e-11,0.0,0.0,0.0,0.0,0.013888888888888888,0.0,0.0,0.0
1.0,100.0,0.004755863822412278,0.5443920237820984,0.0,0.0,0.013888888888888888,0.0,0.0,1.0
2.0,1.2412435367162388e-08,9.156581692922744e-06,0.0,0.0,0.0,0.013888888888888888,0.0,0.0,1.0
3.0,1.2358803094656384e-08,0.0,0.0,0.0,0.0,0.013888888888888888,0.0,0.0,1.0
4.0,2.3126836768643142e-11,0.0,0.0,0.0,0.0,0.013888888888888888,0.0,0.0,0.0
1.0,100.0,0.004755990020617559,0.5444990074341387,0.0,0.0,0.013888888888888888,0.0,0.0,1.0
2.0,1.2312654686842724e-08,9.153745968859184e-06,0.0,0.0,0.0,0.013888888888888888,0.0,0.0,1.0
3.0,1.2271821668977718e-08,0.0,0.0,0.0,0.0,0.013888888888888888,0.0,0.0,1.0
4.0,2.974417804702717e-11,0.0,0.0,0.0,0.0,0.013888888888888888,0.0,0.0,0.0
1.0,100.0,0.004756116312336978,0.5446069914809356,0.0,0.0,0.013888888888888888,0.0,0.0,1.0
2.0,1.2198770061623819e-08,9.150909574476078e-06,0.0,0.0,0.0,0.013888888888888888,0.0,0.0,1.0
3.0,1.2145761045928381e-08,0.0,0.0,0.0,0.0,0.013888888888888888,0.0,0.0,1.0
4.0,2.6736076456469368e-11,0.0,0.0,0.0,0.0,0.013888888888888888,0.0,0.0,0.0
1.0,100.0,0.004756242696613102,0.5447159814815415,0.0,0.0,0.013888888888888888,0.0,0.0,1.0
2.0,1.2106671651564998e-08,9.1480727475485e-06,0.0,0.0,0.0,0.013888888888888888,0.0,0.0,1.0
3.0,1.2069694334744876e-08,0.0,0.0,0.0,0.0,0.013888888888888888,0.0,0.0,1.0
4.0,2.6091402448453522e-11,0.0,0.0,0.0,0.0,0.013888888888888888,0.0,0.0,0.0
1.0,100.0,0.004756369179156053,0.544825982451242,0.0,0.0,0.013888888888888888,0.0,0.0,1.0
2.0,1.1993815984544399e-08,9.145235263618201e-06,0.0,0.0,0.0,0.013888888888888888,0.0,0.0,1.0
3.0,1.1940386570527628e-08,0.0,0.0,0.0,0.0,0.013888888888888888,0.0,0.0,1.0
4.0,2.527728248683356e-11,0.0,0.0,0.0,0.0,0.013888888888888888,0.0,0.0,0.0
1.0,100.0,0.004756495753814436,0.5449370000253734,0.0,0.0,0.013888888888888888,0.0,0.0,1.0
2.0,1.1913458528375856e-08,9.14239590905455e-06,0.0,0.0,0.0,0.013888888888888888,0.0,0.0,1.0
3.0,1.1874350386794007e-08,0.0,0.0,0.0,0.0,0.013888888888888888,0.0,0.0,1.0
4.0,2.3717885528744808e-11,0.0,0.0,0.0,0.0,0.013888888888888888,0.0,0.0,0.0
1.0,100.0,0.004756622426405139,0.5450490390065733,0.0,0.0,0.013888888888888888,0.0,0.0,1.0
2.0,1.1808951925351615e-08,9.139557733922885e-06,0.0,0.0,0.0,0.013888888888888888,0.0,0.0,1.0
3.0,1.1766075008431022e-08,0.0,0.0,0.0,0.0,0.013888888888888888,0.0,0.0,1.0
4.0,2.0699200601245473e-11,0.0,0.0,0.0,0.0,0.013888888888888888,0.0,0.0,0.0
1.0,100.0,0.004756749195665872,0.5451621044971233,0.0,0.0,0.013888888888888888,0.0,0.0,1.0
2.0,1.1717693879883748e-08,9.136719246837697e-06,0.0,0.0,0.0,0.013888888888888888,0.0,0.0,1.0
3.0,1.167878864513558e-08,0.0,0.0,0.0,0.0,0.013888888888888888,0.0,0.0,1.0
4.0,3.374492671681549e-11,0.0,0.0,0.0,0.0,0.013888888888888888,0.0,0.0,0.0
1.0,100.0,0.004756875862685946,0.5452761981759504,0.0,0.0,0.013888888888888888,0.0,0.0,1.0
2.0,4.197061841437474e-08,9.133877985661923e-06,0.0,0.0,0.0,0.013888888888888888,0.0,0.0,1.0
3.0,4.1810982102500566e-08,0.0,0.0,0.0,0.0,0.013888888888888888,0.0,0.0,1.0
4.0,8.34778563958108e-11,0.0,0.0,0.0,0.0,0.013888888888888888,0.0,0.0,0.0
1.0,100.0,0.004757002639331664,0.5453913310667946,0.0,0.0,0.013888888888888888,0.0,0.0,1.0
2.0,3.9900332296385834e-08,9.131035471270713e-06,0.0,0.0,0.0,0.013888888888888888,0.0,0.0,1.0
3.0,3.977738335635168e-08,0.0,0.0,0.0,0.0,0.013888888888888888,0.0,0.0,1.0
4.0,8.262267718024365e-11,0.0,0.0,0.0,0.0,0.013888888888888888,0.0,0.0,0.0
1.0,100.0,0.004757129528575989,0.5455075060277238,0.0,0.0,0.013888888888888888,0.0,0.0,1.0
2.0,3.789622568777375e-08,9.128196506517648e-06,0.0,0.0,0.0,0.013888888888888888,0.0,0.0,1.0
3.0,3.779251187237243e-08,0.0,0.0,0.0,0.0,0.013888888888888888,0.0,0.0,1.0
4.0,7.678155196617343e-11,0.0,0.0,0.0,0.0,0.013888888888888888,0.0,0.0,0.0
1.0,100.0,0.004757256525535599,0.5456247264727935,0.0,0.0,0.013888888888888888,0.0,0.0,1.0
2.0,3.606111434094264e-08,9.125357168809897e-06,0.0,0.0,0.0,0.013888888888888888,0.0,0.0,1.0
3.0,3.5955472548211574e-08,0.0,0.0,0.0,0.0,0.013888888888888888,0.0,0.0,1.0
4.0,7.57939964906367e-11,0.0,0.0,0.0,0.0,0.013888888888888888,0.0,0.0,0.0
1.0,100.0,0.004757383631750584,0.5457429966726514,0.0,0.0,0.013888888888888888,0.0,0.0,1.0
2.0,3.4395100527657014e-08,9.122518261892356e-06,0.0,0.0,0.0,0.013888888888888888,0.0,0.0,1.0
3.0,3.430449027997851e-08,0.0,0.0,0.0,0.0,0.013888888888888888,0.0,0.0,1.0
4.0,6.64753515869231e-11,0.0,0.0,0.0,0.0,0.013888888888888888,0.0,0.0,0.0
1.0,100.0,0.004757510845058836,0.5458623207795485,0.0,0.0,0.013888888888888888,0.0,0.0,1.0
2.0,3.283575359522873e-08,9.119678833660372e-06,0.0,0.0,0.0,0.013888888888888888,0.0,0.0,1.0
3.0,3.275240542588842e-08,0.0,0.0,0.0,0.0,0.013888888888888888,0.0,0.0,1.0
4.0,6.677714973493842e-11,0.0,0.0,0.0,0.0,0.013888888888888888,0.0,0.0,0.0
1.0,100.0,0.0047576381664820346,0.5459827028645251,0.0,0.0,0.013888888888888888,0.0,0.0,1.0
2.0,3.141393465143464e-08,9.11683987472371e-06,0.0,0.0,0.0,0.013888888888888888,0.0,0.0,1.0
3.0,3.132809320894986e-08,0.0,0.0,0.0,0.0,0.013888888888888888,0.0,0.0,1.0
4.0,6.144502091904287e-11,0.0,0.0,0.0,0.0,0.013888888888888888,0.0,0.0,0.0
1.0,100.0,0.004757765594723646,0.5461041468546373,0.0,0.0,0.013888888888888888,0.0,0.0,1.0
2.0,3.009759502081423e-08,9.11400026287434e-06,0.0,0.0,0.0,0.013888888888888888,0.0,0.0,1.0
3.0,3.0023291809189196e-08,0.0,0.0,0.0,0.0,0.013888888888888888,0.0,0.0,1.0
4.0,6.33592076698439e-11,0.0,0.0,0.0,0.0,0.013888888888888888,0.0,0.0,0.0
1.0,100.0,0.004757893130810156,0.5462266567128522,0.0,0.0,0.013888888888888888,0.0,0.0,1.0
2.0,2.8870239412272184e-08,9.111161209262785e-06,0.0,0.0,0.0,0.013888888888888888,0.0,0.0,1.0
3.0,2.8789297259521425e-08,0.0,0.0,0.0,0.0,0.013888888888888888,0.0,0.0,1.0
4.0,5.99673444744364e-11,0.0,0.0,0.0,0.0,0.013888888888888888,0.0,0.0,0.0
1.0,100.0,0.00475802078184825,0.5463502361370334,0.0,0.0,0.013888888888888888,0.0,0.0,1.0
2.0,2.7741623586372752e-08,9.108321993261674e-06,0.0,0.0,0.0,0.013888888888888888,0.0,0.0,1.0
3.0,2.7673147396293635e-08,0.0,0.0,0.0,0.0,0.013888888888888888,0.0,0.0,1.0
4.0,5.847710166267868e-11,0.0,0.0,0.0,0.0,0.013888888888888888,0.0,0.0,0.0
1.0,100.0,0.004758148541115013,0.5464748887599338,0.0,0.0,0.013888888888888888,0.0,0.0,1.0
2.0,2.6670276590623725e-08,9.105483101054413e-06,0.0,0.0,0.0,0.013888888888888888,0.0,0.0,1.0
3.0,2.6594799071989274e-08,0.0,0.0,0.0,0.0,0.013888888888888888,0.0,0.0,1.0
4.0,6.193540931101455e-11,0.0,0.0,0.0,0.0,0.013888888888888888,0.0,0.0,0.0
1.0,100.0,0.004758276407047913,0.5466006180180241,0.0,0.0,0.013888888888888888,0.0,0.0,1.0
2.0,2.5690958651727503e-08,9.10264448620078e-06,0.0,0.0,0.0,0.013888888888888888,0.0,0.0,1.0
3.0,2.5633150973146455e-08,0.0,0.0,0.0,0.0,0.013888888888888888,0.0,0.0,1.0
4.0,5.193770110128265e-11,0.0,0.0,0.0,0.0,0.013888888888888888,0.0,0.0,0.0
1.0,100.0,0.0047584043804762425,0.5467274273223558,0.0,0.0,0.013888888888888888,0.0,0.0,1.0
2.0,2.4753776860337088e-08,9.099806171692425e-06,0.0,0.0,0.0,0.013888888888888888,0.0,0.0,1.0
3.0,2.469091023900198e-08,0.0,0.0,0.0,0.0,0.013888888888888888,0.0,0.0,1.0
4.0,5.151011455024342e-11,0.0,0.0,0.0,0.0,0.013888888888888888,0.0,0.0,0.0
1.0,100.0,0.0047585324592555895,0.5468553196739088,0.0,0.0,0.013888888888888888,0.0,0.0,1.0
2.0,2.3899086662915006e-08,9.096968433109952e-06,0.0,0.0,0.0,0.013888888888888888,0.0,0.0,1.0
3.0,2.384098899111718e-08,0.0,0.0,0.0,0.0,0.013888888888888888,0.0,0.0,1.0
4.0,5.3383883199630864e-11,0.0,0.0,0.0,0.0,0.013888888888888888,0.0,0.0,0.0
1.0,100.0,0.004758660644636956,0.5469842981609496,0.0,0.0,0.013888888888888888,0.0,0.0,1.0
2.0,2.308034347062757e-08,9.094132227563778e-06,0.0,0.0,0.0,0.013888888888888888,0.0,0.0,1.0
3.0,2.303085604682995e-08,0.0,0.0,0.0,0.0,0.013888888888888888,0.0,0.0,1.0
4.0,5.495219785162105e-11,0.0,0.0,0.0,0.0,0.013888888888888888,0.0,0.0,0.0
1.0,100.0,0.004758788936080239,0.5471143657218934,0.0,0.0,0.013888888888888888,0.0,0.0,1.0
2.0,2.2319928396840707e-08,9.09129525165934e-06,0.0,0.0,0.0,0.013888888888888888,0.0,0.0,1.0
3.0,2.226655615948128e-08,0.0,0.0,0.0,0.0,0.013888888888888888,0.0,0.0,1.0
4.0,4.6190557237422507e-11,0.0,0.0,0.0,0.0,0.013888888888888888,0.0,0.0,0.0
1.0,100.0,0.0047589173337176036,0.5472455251486507,0.0,0.0,0.013888888888888888,0.0,0.0,1.0
2.0,2.1603621580864696e-08,9.088458897484003e-06,0.0,0.0,0.0,0.013888888888888888,0.0,0.0,1.0
3.0,2.154798801652815e-08,0.0,0.0,0.0,0.0,0.013888888888888888,0.0,0.0,1.0
4.0,4.57503977877945e-11,0.0,0.0,0.0,0.0,0.013888888888888888,0.0,0.0,0.0
1.0,100.0,0.004759045837522618,0.5473777788703795,0.0,0.0,0.013888888888888888,0.0,0.0,1.0
2.0,2.0933553999473788e-08,9.085623132729286e-06,0.0,0.0,0.0,0.013888888888888888,0.0,0.0,1.0
3.0,2.0879746827242467e-08,0.0,0.0,0.0,0.0,0.013888888888888888,0.0,0.0,1.0
4.0,4.671871689424702e-11,0.0,0.0,0.0,0.0,0.013888888888888888,0.0,0.0,0.0
1.0,100.0,0.004759174447397562,0.5475111294155672,0.0,0.0,0.013888888888888888,0.0,0.0,1.0
2.0,2.030218814541185e-08,9.08278798169459e-06,0.0,0.0,0.0,0.013888888888888888,0.0,0.0,1.0
3.0,2.0267630929234108e-08,0.0,0.0,0.0,0.0,0.013888888888888888,0.0,0.0,1.0
4.0,4.259387930452955e-11,0.0,0.0,0.0,0.0,0.013888888888888888,0.0,0.0,0.0
1.0,100.0,0.004759303163100956,0.5476455790651896,0.0,0.0,0.013888888888888888,0.0,0.0,1.0
2.0,1.9677634071834325e-08,9.079953530326154e-06,0.0,0.0,0.0,0.013888888888888888,0.0,0.0,1.0
3.0,1.9630480258417697e-08,0.0,0.0,0.0,0.0,0.013888888888888888,0.0,0.0,1.0
4.0,4.303709208894326e-11,0.0,0.0,0.0,0.0,0.013888888888888888,0.0,0.0,0.0
1.0,100.0,0.004759431984606129,0.5477811299421133,0.0,0.0,0.013888888888888888,0.0,0.0,1.0
2.0,1.9124730171700425e-08,9.077119857183414e-06,0.0,0.0,0.0,0.013888888888888888,0.0,0.0,1.0
3.0,1.9065414610667035e-08,0.0,0.0,0.0,0.0,0.013888888888888888,0.0,0.0,1.0
4.0,4.654262906648463e-11,0.0,0.0,0.0,0.0,0.013888888888888888,0.0,0.0,0.0
1.0,100.0,0.004759560911819783,0.5479177840035283,0.0,0.0,0.013888888888888888,0.0,0.0,1.0
2.0,1.8601352684290137e-08,9.07428702788506e-06,0.0,0.0,0.0,0.013888888888888888,0.0,0.0,1.0
3.0,1.856836091874649e-08,0.0,0.0,0.0,0.0,0.013888888888888888,0.0,0.0,1.0
4.0,3.620540483466547e-11,0.0,0.0,0.0,0.0,0.013888888888888888,0.0,0.0,0.0
1.0,100.0,0.004759689944763242,0.548055543436309,0.0,0.0,0.013888888888888888,0.0,0.0,1.0
2.0,1.8067711518307184e-08,9.071455263069365e-06,0.0,0.0,0.0,0.013888888888888888,0.0,0.0,1.0
3.0,1.8025602057315935e-08,0.0,0.0,0.0,0.0,0.013888888888888888,0.0,0.0,1.0
4.0,3.902235151847195e-11,0.0,0.0,0.0,0.0,0.013888888888888888,0.0,0.0,0.0
1.0,100.0,0.0047598190825864665,0.5481944092075056,0.0,0.0,0.013888888888888888,0.0,0.0,1.0
2.0,1.7593704076868316e-08,9.068624061717523e-06,0.0,0.0,0.0,0.013888888888888888,0.0,0.0,1.0
3.0,1.75491448488412e-08,0.0,0.0,0.0,0.0,0.013888888888888888,0.0,0.0,1.0
4.0,3.896395466415305e-11,0.0,0.0,0.0,0.0,0.013888888888888888,0.0,0.0,0.0
1.0,100.0,0.004759948325507794,0.5483343831527969,0.0,0.0,0.013888888888888888,0.0,0.0,1.0
2.0,1.7134684266260118e-08,9.06579378193329e-06,0.0,0.0,0.0,0.013888888888888888,0.0,0.0,1.0
3.0,1.7094633121881676e-08,0.0,0.0,0.0,0.0,0.013888888888888888,0.0,0.0,1.0
4.0,4.234231694625996e-11,0.0,0.0,0.0,0.0,0.013888888888888888,0.0,0.0,0.0
1.0,100.0,0.004760077673311478,0.5484754666281554,0.0,0.0,0.013888888888888888,0.0,0.0,1.0
2.0,1.670053809082633e-08,9.062964510522713e-06,0.0,0.0,0.0,0.013888888888888888,0.0,0.0,1.0
3.0,1.6662820705327668e-08,0.0,0.0,0.0,0.0,0.013888888888888888,0.0,0.0,1.0
4.0,3.5209655117949986e-11,0.0,0.0,0.0,0.0,0.013888888888888888,0.0,0.0,0.0
1.0,100.0,0.004760207125687943,0.5486176608110632,0.0,0.0,0.013888888888888888,0.0,0.0,1.0
2.0,1.6284974548075886e-08,9.060136236904358e-06,0.0,0.0,0.0,0.013888888888888888,0.0,0.0,1.0
3.0,1.625186672471164e-08,0.0,0.0,0.0,0.0,0.013888888888888888,0.0,0.0,1.0
4.0,4.007868030672015e-11,0.0,0.0,0.0,0.0,0.013888888888888888,0.0,0.0,0.0
1.0,100.0,0.004760336682440807,0.5487609666496894,0.0,0.0,0.013888888888888888,0.0,0.0,1.0
2.0,1.5881151788228794e-08,9.057309041585074e-06,0.0,0.0,0.0,0.013888888888888888,0.0,0.0,1.0
3.0,1.5843390875222806e-08,0.0,0.0,0.0,0.0,0.013888888888888888,0.0,0.0,1.0
4.0,3.736232783294456e-11,0.0,0.0,0.0,0.0,0.013888888888888888,0.0,0.0,0.0
1.0,100.0,0.004760466343240762,0.5489053850504921,0.0,0.0,0.013888888888888888,0.0,0.0,1.0
2.0,1.551374128950491e-08,9.054482871652069e-06,0.0,0.0,0.0,0.013888888888888888,0.0,0.0,1.0
3.0,1.5482836755858014e-08,0.0,0.0,0.0,0.0,0.013888888888888888,0.0,0.0,1.0
4.0,3.2557024941900524e-11,0.0,0.0,0.0,0.0,0.013888888888888888,0.0,0.0,0.0
1.0,100.0,0.004760596107830905,0.5490509166637497,0.0,0.0,0.013888888888888888,0.0,0.0,1.0
2.0,1.5153099692959774e-08,9.051657921417316e-06,0.0,0.0,0.0,0.013888888888888888,0.0,0.0,1.0
3.0,1.512013677288558e-08,0.0,0.0,0.0,0.0,0.013888888888888888,0.0,0.0,1.0
4.0,3.0846565102153927e-11,0.0,0.0,0.0,0.0,0.013888888888888888,0.0,0.0,0.0
1.0,100.0,0.004760725975901024,0.5491975619773446,0.0,0.0,0.013888888888888888,0.0,0.0,1.0
2.0,1.4806996651826947e-08,9.048834167218909e-06,0.0,0.0,0.0,0.013888888888888888,0.0,0.0,1.0
3.0,1.477188837003331e-08,0.0,0.0,0.0,0.0,0.013888888888888888,0.0,0.0,1.0
4.0,3.5262172770702436e-11,0.0,0.0,0.0,0.0,0.013888888888888888,0.0,0.0,0.0
1.0,100.0,0.004760855947203131,0.549345321354103,0.0,0.0,0.013888888888888888,0.0,0.0,1.0
2.0,1.4483027886886746e-08,9.046011706752729e-06,0.0,0.0,0.0,0.013888888888888888,0.0,0.0,1.0
3.0,1.4454660032662788e-08,0.0,0.0,0.0,0.0,0.013888888888888888,0.0,0.0,1.0
4.0,3.1904464348752516e-11,0.0,0.0,0.0,0.0,0.013888888888888888,0.0,0.0,0.0
1.0,100.0,0.004760986021116207,0.5494941949264489,0.0,0.0,0.013888888888888888,0.0,0.0,1.0
2.0,1.4161914311912533e-08,9.043190480878022e-06,0.0,0.0,0.0,0.013888888888888888,0.0,0.0,1.0
3.0,1.4136634003992096e-08,0.0,0.0,0.0,0.0,0.013888888888888888,0.0,0.0,1.0
4.0,3.659518197587605e-11,0.0,0.0,0.0,0.0,0.013888888888888888,0.0,0.0,0.0
1.0,100.0,0.0047611161974718055,0.5496441826802323,0.0,0.0,0.013888888888888888,0.0,0.0,1.0
2.0,1.38617609416655e-08,9.040370616107602e-06,0.0,0.0,0.0,0.013888888888888888,0.0,0.0,1.0
3.0,1.3837770729456898e-08,0.0,0.0,0.0,0.0,0.013888888888888888,0.0,0.0,1.0
4.0,3.2218845956488044e-11,0.0,0.0,0.0,0.0,0.013888888888888888,0.0,0.0,0.0
1.0,100.0,0.0047612464757647265,0.5497952844742856,0.0,0.0,0.013888888888888888,0.0,0.0,1.0
2.0,1.3568956447142838e-08,9.03755210787006e-06,0.0,0.0,0.0,0.013888888888888888,0.0,0.0,1.0
3.0,1.3536761712555183e-08,0.0,0.0,0.0,0.0,0.013888888888888888,0.0,0.0,1.0
4.0,2.6861609873454052e-11,0.0,0.0,0.0,0.0,0.013888888888888888,0.0,0.0,0.0
1.0,100.0,0.004761376854589436,0.5499475000168887,0.0,0.0,0.013888888888888888,0.0,0.0,1.0
2.0,1.330125797035626e-08,9.034733904159931e-06,0.0,0.0,0.0,0.013888888888888888,0.0,0.0,1.0
3.0,1.3271889864367153e-08,0.0,0.0,0.0,0.0,0.013888888888888888,0.0,0.0,1.0
4.0,3.146429674132762e-11,0.0,0.0,0.0,0.0,0.013888888888888888,0.0,0.0,0.0
1.0,100.0,0.004761507336758773,0.5501008284631391,0.0,0.0,0.013888888888888888,0.0,0.0,1.0
2.0,1.3033907044048313e-08,9.031918336259407e-06,0.0,0.0,0.0,0.013888888888888888,0.0,0.0,1.0
3.0,1.3001958704766712e-08,0.0,0.0,0.0,0.0,0.013888888888888888,0.0,0.0,1.0
4.0,3.19673183539506e-11,0.0,0.0,0.0,0.0,0.013888888888888888,0.0,0.0,0.0
1.0,100.0,0.004761637917299343,0.5502552695151475,0.0,0.0,0.013888888888888888,0.0,0.0,1.0
2.0,1.2782341515473467e-08,9.029104253272588e-06,0.0,0.0,0.0,0.013888888888888888,0.0,0.0,1.0
3.0,1.2758235293391343e-08,0.0,0.0,0.0,0.0,0.013888888888888888,0.0,0.0,1.0
4.0,2.9414455848875704e-11,0.0,0.0,0.0,0.0,0.013888888888888888,0.0,0.0,0.0
1.0,100.0,0.004761768599061835,0.5504108219784544,0.0,0.0,0.013888888888888888,0.0,0.0,1.0
2.0,1.2535863639999617e-08,9.026291725475438e-06,0.0,0.0,0.0,0.013888888888888888,0.0,0.0,1.0
3.0,1.2506191085413576e-08,0.0,0.0,0.0,0.0,0.013888888888888888,0.0,0.0,1.0
4.0,2.8974303794307085e-11,0.0,0.0,0.0,0.0,0.013888888888888888,0.0,0.0,0.0
1.0,100.0,0.004761899380635915,0.5505674848722961,0.0,0.0,0.013888888888888888,0.0,0.0,1.0
2.0,1.2301039954996324e-08,9.023480850588749e-06,0.0,0.0,0.0,0.013888888888888888,0.0,0.0,1.0
3.0,1.2274947809201859e-08,0.0,0.0,0.0,0.0,0.013888888888888888,0.0,0.0,1.0
4.0,2.5239331384945523e-11,0.0,0.0,0.0,0.0,0.013888888888888888,0.0,0.0,0.0
1.0,100.0,0.004762030261290203,0.5507252569385722,0.0,0.0,0.013888888888888888,0.0,0.0,1.0
2.0,1.2073579772950323e-08,9.020671625323848e-06,0.0,0.0,0.0,0.013888888888888888,0.0,0.0,1.0
3.0,1.2054691949816155e-08,0.0,0.0,0.0,0.0,0.013888888888888888,0.0,0.0,1.0
4.0,2.961459684548693e-11,0.0,0.0,0.0,0.0,0.013888888888888888,0.0,0.0,0.0
1.0,100.0,0.004762161240326695,0.5508841367674424,0.0,0.0,0.013888888888888888,0.0,0.0,1.0
2.0,1.1848945972111227e-08,9.017863959334169e-06,0.0,0.0,0.0,0.013888888888888888,0.0,0.0,1.0
3.0,1.181737444841726e-08,0.0,0.0,0.0,0.0,0.013888888888888888,0.0,0.0,1.0
4.0,2.6534616098901853e-11,0.0,0.0,0.0,0.0,0.013888888888888888,0.0,0.0,0.0
1.0,100.0,0.004762292317163913,0.5510441228517937,0.0,0.0,0.013888888888888888,0.0,0.0,1.0
2.0,1.1649215444363728e-08,9.01505765623151e-06,0.0,0.0,0.0,0.013888888888888888,0.0,0.0,1.0
3.0,1.162425392566296e-08,0.0,0.0,0.0,0.0,0.013888888888888888,0.0,0.0,1.0
4.0,2.8320354204023022e-11,0.0,0.0,0.0,0.0,0.013888888888888888,0.0,0.0,0.0
1.0,100.0,0.0047624234917137236,0.5512052131175746,0.0,0.0,0.013888888888888888,0.0,0.0,1.0
2.0,1.1438743397293042e-08,9.012253600271136e-06,0.0,0.0,0.0,0.013888888888888888,0.0,0.0,1.0
3.0,1.141110017078465e-08,0.0,0.0,0.0,0.0,0.013888888888888888,0.0,0.0,1.0
4.0,2.8559287661202565e-11,0.0,0.0,0.0,0.0,0.013888888888888888,0.0,0.0,0.0
1.0,100.0,0.0047625547630427666,0.5513674057298529,0.0,0.0,0.013888888888888888,0.0,0.0,1.0
2.0,1.1248811471776711e-08,9.009451395506836e-06,0.0,0.0,0.0,0.013888888888888888,0.0,0.0,1.0
3.0,1.12212841990515e-08,0.0,0.0,0.0,0.0,0.013888888888888888,0.0,0.0,1.0
4.0,2.7943077421867617e-11,0.0,0.0,0.0,0.0,0.013888888888888888,0.0,0.0,0.0
1.0,100.0,0.004762686130440002,0.5515306985193206,0.0,0.0,0.013888888888888888,0.0,0.0,1.0
2.0,1.1061705986172317e-08,9.00665090700557e-06,0.0,0.0,0.0,0.013888888888888888,0.0,0.0,1.0
3.0,1.104054230249357e-08,0.0,0.0,0.0,0.0,0.013888888888888888,0.0,0.0,1.0
4.0,2.172901370120615e-11,0.0,0.0,0.0,0.0,0.013888888888888888,0.0,0.0,0.0
1.0,100.0,0.004762817593270621,0.5516950891406016,0.0,0.0,0.013888888888888888,0.0,0.0,1.0
2.0,1.087533957080599e-08,9.003852411834465e-06,0.0,0.0,0.0,0.013888888888888888,0.0,0.0,1.0
3.0,1.08527987890151e-08,0.0,0.0,0.0,0.0,0.013888888888888888,0.0,0.0,1.0
4.0,2.7678981780885535e-11,0.0,0.0,0.0,0.0,0.013888888888888888,0.0,0.0,0.0
1.0,100.0,0.0047629491509854315,0.5518605750337491,0.0,0.0,0.013888888888888888,0.0,0.0,1.0
2.0,1.0703396157325576e-08,9.001055728819133e-06,0.0,0.0,0.0,0.013888888888888888,0.0,0.0,1.0
3.0,1.0683826981820637e-08,0.0,0.0,0.0,0.0,0.013888888888888888,0.0,0.0,1.0
4.0,2.7113074583044547e-11,0.0,0.0,0.0,0.0,0.013888888888888888,0.0,0.0,0.0
1.0,100.0,0.004763080802702758,0.5520271534810081,0.0,0.0,0.013888888888888888,0.0,0.0,1.0
2.0,1.0528712869651505e-08,8.998261178328711e-06,0.0,0.0,0.0,0.013888888888888888,0.0,0.0,1.0
3.0,1.0509361121718465e-08,0.0,0.0,0.0,0.0,0.013888888888888888,0.0,0.0,1.0
4.0,2.157979135510909e-11,0.0,0.0,0.0,0.0,0.013888888888888888,0.0,0.0,0.0
1.0,100.0,0.004763212547664417,0.5521948215687799,0.0,0.0,0.013888888888888888,0.0,0.0,1.0
2.0,1.036381398990754e-08,8.995468528672154e-06,0.0,0.0,0.0,0.013888888888888888,0.0,0.0,1.0
3.0,1.0338287067766132e-08,0.0,0.0,0.0,0.0,0.013888888888888888,0.0,0.0,1.0
4.0,2.107674232580216e-11,0.0,0.0,0.0,0.0,0.013888888888888888,0.0,0.0,0.0
1.0,100.0,0.004763344385283099,0.5523635762040117,0.0,0.0,0.013888888888888888,0.0,0.0,1.0
2.0,1.0212062536110948e-08,8.992678012681666e-06,0.0,0.0,0.0,0.013888888888888888,0.0,0.0,1.0
3.0,1.0190333477923818e-08,0.0,0.0,0.0,0.0,0.013888888888888888,0.0,0.0,1.0
4.0,2.551595914828066e-11,0.0,0.0,0.0,0.0,0.013888888888888888,0.0,0.0,0.0
1.0,100.0,0.004763476314667437,0.552533414089006,0.0,0.0,0.013888888888888888,0.0,0.0,1.0
2.0,1.0054990995576296e-08,8.989889467683053e-06,0.0,0.0,0.0,0.013888888888888888,0.0,0.0,1.0
3.0,1.0039770501691692e-08,0.0,0.0,0.0,0.0,0.013888888888888888,0.0,0.0,1.0
4.0,2.024676652068315e-11,0.0,0.0,0.0,0.0,0.013888888888888888,0.0,0.0,0.0
1.0,100.0,0.0047636083349508265,0.5527043317340499,0.0,0.0,0.013888888888888888,0.0,0.0,1.0
2.0,9.899310880477768e-09,8.987103135562105e-06,0.0,0.0,0.0,0.013888888888888888,0.0,0.0,1.0
3.0,9.877364369956942e-09,0.0,0.0,0.0,0.0,0.013888888888888888,0.0,0.0,1.0
4.0,2.0510852332950988e-11,0.0,0.0,0.0,0.0,0.013888888888888888,0.0,0.0,0.0
1.0,100.0,0.004763740445389559,0.5528763254842137,0.0,0.0,0.013888888888888888,0.0,0.0,1.0
2.0,9.764171039646637e-09,8.984319076570057e-06,0.0,0.0,0.0,0.013888888888888888,0.0,0.0,1.0
3.0,9.742354982320971e-09,0.0,0.0,0.0,0.0,0.013888888888888888,0.0,0.0,1.0
4.0,2.1567202699673632e-11,0.0,0.0,0.0,0.0,0.013888888888888888,0.0,0.0,0.0
1.0,100.0,0.00476387264530095,0.5530493914940945,0.0,0.0,0.013888888888888888,0.0,0.0,1.0
2.0,9.625334648644603e-09,8.98153708842289e-06,0.0,0.0,0.0,0.013888888888888888,0.0,0.0,1.0
3.0,9.612723367887784e-09,0.0,0.0,0.0,0.0,0.013888888888888888,0.0,0.0,1.0
4.0,2.1365990154484143e-11,0.0,0.0,0.0,0.0,0.013888888888888888,0.0,0.0,0.0
1.0,100.0,0.004764004931696192,0.5532235258644652,0.0,0.0,0.013888888888888888,0.0,0.0,1.0
2.0,9.479540166869287e-09,8.978755491359679e-06,0.0,0.0,0.0,0.013888888888888888,0.0,0.0,1.0
3.0,9.460739205055835e-09,0.0,0.0,0.0,0.0,0.013888888888888888,0.0,0.0,1.0
4.0,2.0058122641493317e-11,0.0,0.0,0.0,0.0,0.013888888888888888,0.0,0.0,0.0
1.0,100.0,0.004764137307624773,0.5533987240591083,0.0,0.0,0.013888888888888888,0.0,0.0,1.0
2.0,9.3518072271849e-09,8.975978175552284e-06,0.0,0.0,0.0,0.013888888888888888,0.0,0.0,1.0
3.0,9.326990528637655e-09,0.0,0.0,0.0,0.0,0.013888888888888888,0.0,0.0,1.0
4.0,2.232173268316824e-11,0.0,0.0,0.0,0.0,0.013888888888888888,0.0,0.0,0.0
1.0,100.0,0.004764269770034541,0.5535749817998289,0.0,0.0,0.013888888888888888,0.0,0.0,1.0
2.0,9.230756695970448e-09,8.973203158199455e-06,0.0,0.0,0.0,0.013888888888888888,0.0,0.0,1.0
3.0,9.211172950539772e-09,0.0,0.0,0.0,0.0,0.013888888888888888,0.0,0.0,1.0
4.0,2.5515938313708322e-11,0.0,0.0,0.0,0.0,0.013888888888888888,0.0,0.0,0.0
1.0,100.0,0.0047644023182130185,0.5537522944840645,0.0,0.0,0.013888888888888888,0.0,0.0,1.0
2.0,9.101559435444876e-09,8.970430354518027e-06,0.0,0.0,0.0,0.013888888888888888,0.0,0.0,1.0
3.0,9.088440785312679e-09,0.0,0.0,0.0,0.0,0.013888888888888888,0.0,0.0,1.0
4.0,2.2250968710706946e-11,0.0,0.0,0.0,0.0,0.013888888888888888,0.0,0.0,0.0
1.0,100.0,0.004764534951037771,0.5539306572859417,0.0,0.0,0.013888888888888888,0.0,0.0,1.0
2.0,8.975522124206223e-09,8.967659961465945e-06,0.0,0.0,0.0,0.013888888888888888,0.0,0.0,1.0
3.0,8.960156628143241e-09,0.0,0.0,0.0,0.0,0.013888888888888888,0.0,0.0,1.0
4.0,2.426588590865479e-11,0.0,0.0,0.0,0.0,0.013888888888888888,0.0,0.0,0.0
1.0,100.0,0.004764667667785302,0.5541100652662511,0.0,0.0,0.013888888888888888,0.0,0.0,1.0
2.0,8.860385501062103e-09,8.964892084182831e-06,0.0,0.0,0.0,0.013888888888888888,0.0,0.0,1.0
3.0,8.842613704219223e-09,0.0,0.0,0.0,0.0,0.013888888888888888,0.0,0.0,1.0
4.0,2.080007293981645e-11,0.0,0.0,0.0,0.0,0.013888888888888888,0.0,0.0,0.0
1.0,100.0,0.004764800467202585,0.554290513178006,0.0,0.0,0.013888888888888888,0.0,0.0,1.0
2.0,8.749119135628941e-09,8.962126623485392e-06,0.0,0.0,0.0,0.013888888888888888,0.0,0.0,1.0
3.0,8.72608537157725e-09,0.0,0.0,0.0,0.0,0.013888888888888888,0.0,0.0,1.0
4.0,2.0774919457172426e-11,0.0,0.0,0.0,0.0,0.013888888888888888,0.0,0.0,0.0
1.0,100.0,0.004764933348483905,0.5544719957009351,0.0,0.0,0.013888888888888888,0.0,0.0,1.0
2.0,8.6443032799964e-09,8.959363689789849e-06,0.0,0.0,0.0,0.013888888888888888,0.0,0.0,1.0
3.0,8.629445119696587e-09,0.0,0.0,0.0,0.0,0.013888888888888888,0.0,0.0,1.0
4.0,1.7423910032919266e-11,0.0,0.0,0.0,0.0,0.013888888888888888,0.0,0.0,0.0
1.0,100.0,0.004765066310402142,0.5546545072646877,0.0,0.0,0.013888888888888888,0.0,0.0,1.0
2.0,8.525339452806303e-09,8.956603355932269e-06,0.0,0.0,0.0,0.013888888888888888,0.0,0.0,1.0
3.0,8.498826688051834e-09,0.0,0.0,0.0,0.0,0.013888888888888888,0.0,0.0,1.0
4.0,1.8435850750347817e-11,0.0,0.0,0.0,0.0,0.013888888888888888,0.0,0.0,0.0
1.0,100.0,0.004765199352034522,0.5548380420957727,0.0,0.0,0.013888888888888888,0.0,0.0,1.0
2.0,8.434163919228883e-09,8.953845346938514e-06,0.0,0.0,0.0,0.013888888888888888,0.0,0.0,1.0
3.0,8.41801562483265e-09,0.0,0.0,0.0,0.0,0.013888888888888888,0.0,0.0,1.0
4.0,2.664772417680427e-11,0.0,0.0,0.0,0.0,0.013888888888888888,0.0,0.0,0.0
1.0,100.0,0.004765332472091521,0.5550225943015179,0.0,0.0,0.013888888888888888,0.0,0.0,1.0
2.0,8.323839372770603e-09,8.951090168025705e-06,0.0,0.0,0.0,0.013888888888888888,0.0,0.0,1.0
3.0,8.31132951378612e-09,0.0,0.0,0.0,0.0,0.013888888888888888,0.0,0.0,1.0
4.0,2.32397306111762e-11,0.0,0.0,0.0,0.0,0.013888888888888888,0.0,0.0,0.0
1.0,100.0,0.00476546566963986,0.5552081577460346,0.0,0.0,0.013888888888888888,0.0,0.0,1.0
2.0,8.218994134407182e-09,8.948337551879572e-06,0.0,0.0,0.0,0.013888888888888888,0.0,0.0,1.0
3.0,8.205426078964502e-09,0.0,0.0,0.0,0.0,0.013888888888888888,0.0,0.0,1.0
4.0,1.9529923121054684e-11,0.0,0.0,0.0,0.0,0.013888888888888888,0.0,0.0,0.0
1.0,100.0,0.004765598943626535,0.5553947260986201,0.0,0.0,0.013888888888888888,0.0,0.0,1.0
2.0,8.123281150114363e-09,8.945587742255359e-06,0.0,0.0,0.0,0.013888888888888888,0.0,0.0,1.0
3.0,8.09847885311107e-09,0.0,0.0,0.0,0.0,0.013888888888888888,0.0,0.0,1.0
4.0,2.4031989235740844e-11,0.0,0.0,0.0,0.0,0.013888888888888888,0.0,0.0,0.0
1.0,100.0,0.004765732292844671,0.5555822928767746,0.0,0.0,0.013888888888888888,0.0,0.0,1.0
2.0,8.040469336869592e-09,8.94284052358181e-06,0.0,0.0,0.0,0.013888888888888888,0.0,0.0,1.0
3.0,8.020813038818772e-09,0.0,0.0,0.0,0.0,0.013888888888888888,0.0,0.0,1.0
4.0,2.4308650186344913e-11,0.0,0.0,0.0,0.0,0.013888888888888888,0.0,0.0,0.0
1.0,100.0,0.004765865716039783,0.5557708513810715,0.0,0.0,0.013888888888888888,0.0,0.0,1.0
2.0,7.937102403855338e-09,8.940095887348921e-06,0.0,0.0,0.0,0.013888888888888888,0.0,0.0,1.0
3.0,7.918359334789784e-09,0.0,0.0,0.0,0.0,0.013888888888888888,0.0,0.0,1.0
4.0,1.7542971350652787e-11,0.0,0.0,0.0,0.0,0.013888888888888888,0.0,0.0,0.0
1.0,100.0,0.00476599921202594,0.5559603947857045,0.0,0.0,0.013888888888888888,0.0,0.0,1.0
2.0,7.855087701517266e-09,8.937354288057089e-06,0.0,0.0,0.0,0.013888888888888888,0.0,0.0,1.0
3.0,7.845375512272004e-09,0.0,0.0,0.0,0.0,0.013888888888888888,0.0,0.0,1.0
4.0,1.477122419843862e-11,0.0,0.0,0.0,0.0,0.013888888888888888,0.0,0.0,0.0
1.0,100.0,0.004766132779488773,0.5561509159695166,0.0,0.0,0.013888888888888888,0.0,0.0,1.0
2.0,7.754010937343252e-09,8.934615371934182e-06,0.0,0.0,0.0,0.013888888888888888,0.0,0.0,1.0
3.0,7.738239497036701e-09,0.0,0.0,0.0,0.0,0.013888888888888888,0.0,0.0,1.0
4.0,2.0385054446924966e-11,0.0,0.0,0.0,0.0,0.013888888888888888,0.0,0.0,0.0
1.0,100.0,0.004766266298416638,0.5563424393917247,0.0,0.0,0.013888888888888888,0.0,0.0,1.0
2.0,3.177083103708321e-08,8.931878624577297e-06,0.0,0.0,0.0,0.013888888888888888,0.0,0.0,1.0
3.0,3.1712557787642394e-08,0.0,0.0,0.0,0.0,0.013888888888888888,0.0,0.0,1.0
4.0,6.226179757791268e-11,0.0,0.0,0.0,0.0,0.013888888888888888,0.0,0.0,0.0
1.0,100.0,0.0047663998931326374,0.5565349267028165,0.0,0.0,0.013888888888888888,0.0,0.0,1.0
2.0,2.9904811786670036e-08,8.929143462059039e-06,0.0,0.0,0.0,0.013888888888888888,0.0,0.0,1.0
3.0,2.9873312291799296e-08,0.0,0.0,0.0,0.0,0.013888888888888888,0.0,0.0,1.0
4.0,6.634884830741961e-11,0.0,0.0,0.0,0.0,0.013888888888888888,0.0,0.0,0.0
1.0,100.0,0.004766533564154921,0.5567283685887985,0.0,0.0,0.013888888888888888,0.0,0.0,1.0
2.0,2.8165421199171188e-08,8.926412959104845e-06,0.0,0.0,0.0,0.013888888888888888,0.0,0.0,1.0
3.0,2.8159144478691072e-08,0.0,0.0,0.0,0.0,0.013888888888888888,0.0,0.0,1.0
4.0,5.6992588298667166e-11,0.0,0.0,0.0,0.0,0.013888888888888888,0.0,0.0,0.0
1.0,100.0,0.004766667308085062,0.556922756762436,0.0,0.0,0.013888888888888888,0.0,0.0,1.0
2.0,2.6582898707404954e-08,8.923685647611228e-06,0.0,0.0,0.0,0.013888888888888888,0.0,0.0,1.0
3.0,2.656783746937869e-08,0.0,0.0,0.0,0.0,0.013888888888888888,0.0,0.0,1.0
4.0,5.433060024273752e-11,0.0,0.0,0.0,0.0,0.013888888888888888,0.0,0.0,0.0
1.0,100.0,0.004766801122097585,0.5571180831410816,0.0,0.0,0.013888888888888888,0.0,0.0,1.0
2.0,2.5164203374827615e-08,8.920961089451578e-06,0.0,0.0,0.0,0.013888888888888888,0.0,0.0,1.0
3.0,2.5150403262501082e-08,0.0,0.0,0.0,0.0,0.013888888888888888,0.0,0.0,1.0
4.0,5.535773163908906e-11,0.0,0.0,0.0,0.0,0.013888888888888888,0.0,0.0,0.0
1.0,100.0,0.004766935004993634,0.5573143396823892,0.0,0.0,0.013888888888888888,0.0,0.0,1.0
2.0,2.3855324337782044e-08,8.918239457856016e-06,0.0,0.0,0.0,0.013888888888888888,0.0,0.0,1.0
3.0,2.3848090864340178e-08,0.0,0.0,0.0,0.0,0.013888888888888888,0.0,0.0,1.0
4.0,5.349653127945494e-11,0.0,0.0,0.0,0.0,0.013888888888888888,0.0,0.0,0.0
1.0,100.0,0.004767068955045818,0.5575115181277951,0.0,0.0,0.013888888888888888,0.0,0.0,1.0
2.0,2.2648927338315408e-08,8.915520851025704e-06,0.0,0.0,0.0,0.013888888888888888,0.0,0.0,1.0
3.0,2.264460754176834e-08,0.0,0.0,0.0,0.0,0.013888888888888888,0.0,0.0,1.0
4.0,5.251562289565501e-11,0.0,0.0,0.0,0.0,0.013888888888888888,0.0,0.0,0.0
1.0,100.0,0.004767202971889427,0.5577096101658391,0.0,0.0,0.013888888888888888,0.0,0.0,1.0
2.0,2.1544012762494187e-08,8.91280556738584e-06,0.0,0.0,0.0,0.013888888888888888,0.0,0.0,1.0
3.0,2.1540678686892796e-08,0.0,0.0,0.0,0.0,0.013888888888888888,0.0,0.0,1.0
4.0,4.7334472597525835e-11,0.0,0.0,0.0,0.0,0.013888888888888888,0.0,0.0,0.0
1.0,100.0,0.004767337051153104,0.557908607045834,0.0,0.0,0.013888888888888888,0.0,0.0,1.0
2.0,2.0523722344470115e-08,8.910094186884779e-06,0.0,0.0,0.0,0.013888888888888888,0.0,0.0,1.0
3.0,2.0520170826033405e-08,0.0,0.0,0.0,0.0,0.013888888888888888,0.0,0.0,1.0
4.0,4.199484371605623e-11,0.0,0.0,0.0,0.0,0.013888888888888888,0.0,0.0,0.0
1.0,100.0,0.004767471192599923,0.558108500115003,0.0,0.0,0.013888888888888888,0.0,0.0,1.0
2.0,1.957737299662679e-08,8.907384844758882e-06,0.0,0.0,0.0,0.013888888888888888,0.0,0.0,1.0
3.0,1.9568023078220903e-08,0.0,0.0,0.0,0.0,0.013888888888888888,0.0,0.0,1.0
4.0,4.7900351786314555e-11,0.0,0.0,0.0,0.0,0.013888888888888888,0.0,0.0,0.0
1.0,100.0,0.004767605394417645,0.5583092804841675,0.0,0.0,0.013888888888888888,0.0,0.0,1.0
2.0,1.870879205522633e-08,8.904678590527743e-06,0.0,0.0,0.0,0.013888888888888888,0.0,0.0,1.0
3.0,1.8710618548508747e-08,0.0,0.0,0.0,0.0,0.013888888888888888,0.0,0.0,1.0
4.0,4.549840772262322e-11,0.0,0.0,0.0,0.0,0.013888888888888888,0.0,0.0,0.0
1.0,100.0,0.004767739654999985,0.558510938838235,0.0,0.0,0.013888888888888888,0.0,0.0,1.0
2.0,1.7887248329640004e-08,8.901975506744325e-06,0.0,0.0,0.0,0.013888888888888888,0.0,0.0,1.0
3.0,1.7899758391988892e-08,0.0,0.0,0.0,0.0,0.013888888888888888,0.0,0.0,1.0
4.0,3.983939334440747e-11,0.0,0.0,0.0,0.0,0.013888888888888888,0.0,0.0,0.0
1.0,100.0,0.0047678739725164525,0.5587134659557468,0.0,0.0,0.013888888888888888,0.0,0.0,1.0
2.0,1.7123411159525605e-08,8.899275624730232e-06,0.0,0.0,0.0,0.013888888888888888,0.0,0.0,1.0
3.0,1.711561229030913e-08,0.0,0.0,0.0,0.0,0.013888888888888888,0.0,0.0,1.0
4.0,3.9965140758233245e-11,0.0,0.0,0.0,0.0,0.013888888888888888,0.0,0.0,0.0
1.0,100.0,0.0047680083455540045,0.5589168523912293,0.0,0.0,0.013888888888888888,0.0,0.0,1.0
2.0,1.6434951495548247e-08,8.896579040661173e-06,0.0,0.0,0.0,0.013888888888888888,0.0,0.0,1.0
3.0,1.6435067461224722e-08,0.0,0.0,0.0,0.0,0.013888888888888888,0.0,0.0,1.0
4.0,4.204010027903933e-11,0.0,0.0,0.0,0.0,0.013888888888888888,0.0,0.0,0.0
1.0,100.0,0.004768142773114664,0.5591210886601145,0.0,0.0,0.013888888888888888,0.0,0.0,1.0
2.0,1.5772090164908728e-08,8.893886465230066e-06,0.0,0.0,0.0,0.013888888888888888,0.0,0.0,1.0
3.0,1.5774090618698906e-08,0.0,0.0,0.0,0.0,0.013888888888888888,0.0,0.0,1.0
4.0,3.7688948795826527e-11,0.0,0.0,0.0,0.0,0.013888888888888888,0.0,0.0,0.0
1.0,100.0,0.004768277251690816,0.5593261648348526,0.0,0.0,0.013888888888888888,0.0,0.0,1.0
2.0,1.515262849424624e-08,8.891196194066606e-06,0.0,0.0,0.0,0.013888888888888888,0.0,0.0,1.0
3.0,1.5152092137272183e-08,0.0,0.0,0.0,0.0,0.013888888888888888,0.0,0.0,1.0
4.0,3.638108374841077e-11,0.0,0.0,0.0,0.0,0.013888888888888888,0.0,0.0,0.0
1.0,100.0,0.004768411780740126,0.559532070624052,0.0,0.0,0.013888888888888888,0.0,0.0,1.0
2.0,1.4577276975500915e-08,8.888509376444179e-06,0.0,0.0,0.0,0.013888888888888888,0.0,0.0,1.0
3.0,1.4580002237243618e-08,0.0,0.0,0.0,0.0,0.013888888888888888,0.0,0.0,1.0
4.0,3.679607021950945e-11,0.0,0.0,0.0,0.0,0.013888888888888888,0.0,0.0,0.0
1.0,100.0,0.004768546358284352,0.5597387960969146,0.0,0.0,0.013888888888888888,0.0,0.0,1.0
2.0,1.4035859522863582e-08,8.885825843243726e-06,0.0,0.0,0.0,0.013888888888888888,0.0,0.0,1.0
3.0,1.4037439595365502e-08,0.0,0.0,0.0,0.0,0.013888888888888888,0.0,0.0,1.0
4.0,3.562653721245063e-11,0.0,0.0,0.0,0.0,0.013888888888888888,0.0,0.0,0.0
1.0,100.0,0.004768680982780565,0.5599463309620157,0.0,0.0,0.013888888888888888,0.0,0.0,1.0
2.0,1.3525651006999056e-08,8.883145704594428e-06,0.0,0.0,0.0,0.013888888888888888,0.0,0.0,1.0
3.0,1.3526448291077177e-08,0.0,0.0,0.0,0.0,0.013888888888888888,0.0,0.0,1.0
4.0,4.163764335727214e-11,0.0,0.0,0.0,0.0,0.013888888888888888,0.0,0.0,0.0
1.0,100.0,0.004768815652474495,0.5601546647439113,0.0,0.0,0.013888888888888888,0.0,0.0,1.0
2.0,1.3050043643657157e-08,8.880468855005714e-06,0.0,0.0,0.0,0.013888888888888888,0.0,0.0,1.0
3.0,1.3056813329261113e-08,0.0,0.0,0.0,0.0,0.013888888888888888,0.0,0.0,1.0
4.0,3.223112692954994e-11,0.0,0.0,0.0,0.0,0.013888888888888888,0.0,0.0,0.0
1.0,100.0,0.004768950365566192,0.5603637867856572,0.0,0.0,0.013888888888888888,0.0,0.0,1.0
2.0,1.259359917932735e-08,8.877795516338492e-06,0.0,0.0,0.0,0.013888888888888888,0.0,0.0,1.0
3.0,1.2595788093243067e-08,0.0,0.0,0.0,0.0,0.013888888888888888,0.0,0.0,1.0
4.0,2.8232098153891617e-11,0.0,0.0,0.0,0.0,0.013888888888888888,0.0,0.0,0.0
1.0,100.0,0.004769085120389527,0.5605736863096077,0.0,0.0,0.013888888888888888,0.0,0.0,1.0
2.0,1.217674275811875e-08,8.8751255822935e-06,0.0,0.0,0.0,0.013888888888888888,0.0,0.0,1.0
3.0,1.2177221129242318e-08,0.0,0.0,0.0,0.0,0.013888888888888888,0.0,0.0,1.0
4.0,2.961540311859738e-11,0.0,0.0,0.0,0.0,0.013888888888888888,0.0,0.0,0.0
1.0,100.0,0.004769219915181003,0.5607843523540692,0.0,0.0,0.013888888888888888,0.0,0.0,1.0
2.0,1.1773758331813491e-08,8.872458929260744e-06,0.0,0.0,0.0,0.013888888888888888,0.0,0.0,1.0
3.0,1.1786688896002345e-08,0.0,0.0,0.0,0.0,0.013888888888888888,0.0,0.0,1.0
4.0,2.7691340529414467e-11,0.0,0.0,0.0,0.0,0.013888888888888888,0.0,0.0,0.0
1.0,100.0,0.004769354748005891,0.5609957738410163,0.0,0.0,0.013888888888888888,0.0,0.0,1.0
2.0,1.1383500765816552e-08,8.869795891389053e-06,0.0,0.0,0.0,0.013888888888888888,0.0,0.0,1.0
3.0,1.137797772769321e-08,0.0,0.0,0.0,0.0,0.013888888888888888,0.0,0.0,1.0
4.0,3.3677292453752227e-11,0.0,0.0,0.0,0.0,0.013888888888888888,0.0,0.0,0.0
1.0,100.0,0.004769489617361371,0.5612079394944469,0.0,0.0,0.013888888888888888,0.0,0.0,1.0
2.0,1.1038731458957931e-08,8.867136337837457e-06,0.0,0.0,0.0,0.013888888888888888,0.0,0.0,1.0
3.0,1.1042645423453144e-08,0.0,0.0,0.0,0.0,0.013888888888888888,0.0,0.0,1.0
4.0,3.438151717933895e-11,0.0,0.0,0.0,0.0,0.013888888888888888,0.0,0.0,0.0
1.0,100.0,0.004769624521271232,0.5614208379236341,0.0,0.0,0.013888888888888888,0.0,0.0,1.0
2.0,1.0689177780272273e-08,8.864480166277233e-06,0.0,0.0,0.0,0.013888888888888888,0.0,0.0,1.0
3.0,1.0696773776785795e-08,0.0,0.0,0.0,0.0,0.013888888888888888,0.0,0.0,1.0
4.0,2.804344235826645e-11,0.0,0.0,0.0,0.0,0.013888888888888888,0.0,0.0,0.0
1.0,100.0,0.0047697594567487,0.561634457728139,0.0,0.0,0.013888888888888888,0.0,0.0,1.0
2.0,1.0364745380716409e-08,8.86182762022304e-06,0.0,0.0,0.0,0.013888888888888888,0.0,0.0,1.0
3.0,1.0369297182652585e-08,0.0,0.0,0.0,0.0,0.013888888888888888,0.0,0.0,1.0
4.0,3.0747177629381374e-11,0.0,0.0,0.0,0.0,0.013888888888888888,0.0,0.0,0.0
1.0,100.0,0.004769894424501356,0.5618487869145933,0.0,0.0,0.013888888888888888,0.0,0.0,1.0
2.0,1.0059389415974907e-08,8.859177473306028e-06,0.0,0.0,0.0,0.013888888888888888,0.0,0.0,1.0
3.0,1.0065811230196422e-08,0.0,0.0,0.0,0.0,0.013888888888888888,0.0,0.0,1.0
4.0,2.496242881557569e-11,0.0,0.0,0.0,0.0,0.013888888888888888,0.0,0.0,0.0
1.0,100.0,0.004770029421273138,0.5620638138423736,0.0,0.0,0.013888888888888888,0.0,0.0,1.0
2.0,9.764760126882346e-09,8.856531997677308e-06,0.0,0.0,0.0,0.013888888888888888,0.0,0.0,1.0
3.0,9.76580385273879e-09,0.0,0.0,0.0,0.0,0.013888888888888888,0.0,0.0,1.0
4.0,3.073459297029509e-11,0.0,0.0,0.0,0.0,0.013888888888888888,0.0,0.0,0.0
1.0,100.0,0.004770164445005713,0.5622795266770292,0.0,0.0,0.013888888888888888,0.0,0.0,1.0
2.0,9.488294109098181e-09,8.853890182215292e-06,0.0,0.0,0.0,0.013888888888888888,0.0,0.0,1.0
3.0,9.493019874051851e-09,0.0,0.0,0.0,0.0,0.013888888888888888,0.0,0.0,1.0
4.0,2.726374301049437e-11,0.0,0.0,0.0,0.0,0.013888888888888888,0.0,0.0,0.0
1.0,100.0,0.004770299494684141,0.5624959129490131,0.0,0.0,0.013888888888888888,0.0,0.0,1.0
2.0,9.227266121507167e-09,8.85125151399526e-06,0.0,0.0,0.0,0.013888888888888888,0.0,0.0,1.0
3.0,9.237007582289867e-09,0.0,0.0,0.0,0.0,0.013888888888888888,0.0,0.0,1.0
4.0,2.6798444689434775e-11,0.0,0.0,0.0,0.0,0.013888888888888888,0.0,0.0,0.0
1.0,100.0,0.004770434567846607,0.562712960651559,0.0,0.0,0.013888888888888888,0.0,0.0,1.0
2.0,8.96035225026423e-09,8.848616826008975e-06,0.0,0.0,0.0,0.013888888888888888,0.0,0.0,1.0
3.0,8.96219327078353e-09,0.0,0.0,0.0,0.0,0.013888888888888888,0.0,0.0,1.0
4.0,3.0093228138011484e-11,0.0,0.0,0.0,0.0,0.013888888888888888,0.0,0.0,0.0
1.0,100.0,0.004770569662690735,0.5629306573679849,0.0,0.0,0.013888888888888888,0.0,0.0,1.0
2.0,8.72612699150102e-09,8.845985875825188e-06,0.0,0.0,0.0,0.013888888888888888,0.0,0.0,1.0
3.0,8.729026238524288e-09,0.0,0.0,0.0,0.0,0.013888888888888888,0.0,0.0,1.0
4.0,2.9715958332599774e-11,0.0,0.0,0.0,0.0,0.013888888888888888,0.0,0.0,0.0
1.0,100.0,0.004770704777422274,0.5631489906414047,0.0,0.0,0.013888888888888888,0.0,0.0,1.0
2.0,8.493640925134546e-09,8.843358558980494e-06,0.0,0.0,0.0,0.013888888888888888,0.0,0.0,1.0
3.0,8.497946309712034e-09,0.0,0.0,0.0,0.0,0.013888888888888888,0.0,0.0,1.0
4.0,2.526422013955069e-11,0.0,0.0,0.0,0.0,0.013888888888888888,0.0,0.0,0.0
1.0,100.0,0.004770839909964841,0.5633679478169894,0.0,0.0,0.013888888888888888,0.0,0.0,1.0
2.0,8.272215157360517e-09,8.840734816464605e-06,0.0,0.0,0.0,0.013888888888888888,0.0,0.0,1.0
3.0,8.280637480547683e-09,0.0,0.0,0.0,0.0,0.013888888888888888,0.0,0.0,1.0
4.0,2.1667618458625957e-11,0.0,0.0,0.0,0.0,0.013888888888888888,0.0,0.0,0.0
1.0,100.0,0.004770975058358734,0.5635875161692022,0.0,0.0,0.013888888888888888,0.0,0.0,1.0
2.0,8.057515334214914e-09,8.838114920597463e-06,0.0,0.0,0.0,0.013888888888888888,0.0,0.0,1.0
3.0,8.059196899966112e-09,0.0,0.0,0.0,0.0,0.013888888888888888,0.0,0.0,1.0
4.0,2.174306870744712e-11,0.0,0.0,0.0,0.0,0.013888888888888888,0.0,0.0,0.0
1.0,100.0,0.004771110221104326,0.563807682825634,0.0,0.0,0.013888888888888888,0.0,0.0,1.0
2.0,7.86058763354619e-09,8.835498649629652e-06,0.0,0.0,0.0,0.013888888888888888,0.0,0.0,1.0
3.0,7.8654293869365e-09,0.0,0.0,0.0,0.0,0.013888888888888888,0.0,0.0,1.0
4.0,2.5981014529648704e-11,0.0,0.0,0.0,0.0,0.013888888888888888,0.0,0.0,0.0
1.0,100.0,0.004771245395674733,0.5640284347903806,0.0,0.0,0.013888888888888888,0.0,0.0,1.0
2.0,7.660166053550035e-09,8.832886108381347e-06,0.0,0.0,0.0,0.013888888888888888,0.0,0.0,1.0
3.0,7.662137546602107e-09,0.0,0.0,0.0,0.0,0.013888888888888888,0.0,0.0,1.0
4.0,2.183109170161905e-11,0.0,0.0,0.0,0.0,0.013888888888888888,0.0,0.0,0.0
1.0,100.0,0.004771380580523114,0.5642497589375739,0.0,0.0,0.013888888888888888,0.0,0.0,1.0
2.0,7.47943015549802e-09,8.830277366332884e-06,0.0,0.0,0.0,0.013888888888888888,0.0,0.0,1.0
3.0,7.484402380312817e-09,0.0,0.0,0.0,0.0,0.013888888888888888,0.0,0.0,1.0
4.0,1.6926639242611885e-11,0.0,0.0,0.0,0.0,0.013888888888888888,0.0,0.0,0.0
1.0,100.0,0.004771515773395358,0.5644716421281566,0.0,0.0,0.013888888888888888,0.0,0.0,1.0
2.0,7.3002306198733e-09,8.827672355605375e-06,0.0,0.0,0.0,0.013888888888888888,0.0,0.0,1.0
3.0,7.3112188078359485e-09,0.0,0.0,0.0,0.0,0.013888888888888888,0.0,0.0,1.0
4.0,1.9127351475690424e-11,0.0,0.0,0.0,0.0,0.013888888888888888,0.0,0.0,0.0
1.0,100.0,0.004771650970649715,0.564694071218097,0.0,0.0,0.013888888888888888,0.0,0.0,1.0
2.0,7.118696944600607e-09,8.82506936744332e-06,0.0,0.0,0.0,0.013888888888888888,0.0,0.0,1.0
3.0,7.114449528848626e-09,0.0,0.0,0.0,0.0,0.013888888888888888,0.0,0.0,1.0
4.0,2.6949315702551765e-11,0.0,0.0,0.0,0.0,0.013888888888888888,0.0,0.0,0.0
1.0,100.0,0.004771786173702667,0.564917032360892,0.0,0.0,0.013888888888888888,0.0,0.0,1.0
2.0,6.963111423395897e-09,8.822471894986909e-06,0.0,0.0,0.0,0.013888888888888888,0.0,0.0,1.0
3.0,6.969852204511109e-09,0.0,0.0,0.0,0.0,0.013888888888888888,0.0,0.0,1.0
4.0,2.7024765484693073e-11,0.0,0.0,0.0,0.0,0.013888888888888888,0.0,0.0,0.0
1.0,100.0,0.0047719213791145585,0.5651405122423777,0.0,0.0,0.013888888888888888,0.0,0.0,1.0
2.0,6.796334549293964e-09,8.819878305441119e-06,0.0,0.0,0.0,0.013888888888888888,0.0,0.0,1.0
3.0,6.799074351639126e-09,0.0,0.0,0.0,0.0,0.013888888888888888,0.0,0.0,1.0
4.0,2.990455311486975e-11,0.0,0.0,0.0,0.0,0.013888888888888888,0.0,0.0,0.0
1.0,100.0,0.004772056584381181,0.5653644972547675,0.0,0.0,0.013888888888888888,0.0,0.0,1.0
2.0,6.643691379838029e-09,8.817288393159523e-06,0.0,0.0,0.0,0.013888888888888888,0.0,0.0,1.0
3.0,6.646648628200503e-09,0.0,0.0,0.0,0.0,0.013888888888888888,0.0,0.0,1.0
4.0,2.2711361040686806e-11,0.0,0.0,0.0,0.0,0.013888888888888888,0.0,0.0,0.0
1.0,100.0,0.004772191787831115,0.5655889736361277,0.0,0.0,0.013888888888888888,0.0,0.0,1.0
2.0,6.496745078821604e-09,8.814702342254912e-06,0.0,0.0,0.0,0.013888888888888888,0.0,0.0,1.0
3.0,6.4955708761496495e-09,0.0,0.0,0.0,0.0,0.013888888888888888,0.0,0.0,1.0
4.0,2.7238539470779232e-11,0.0,0.0,0.0,0.0,0.013888888888888888,0.0,0.0,0.0
1.0,100.0,0.004772326987213587,0.5658139275571844,0.0,0.0,0.013888888888888888,0.0,0.0,1.0
2.0,6.3579455386020275e-09,8.812120126756149e-06,0.0,0.0,0.0,0.013888888888888888,0.0,0.0,1.0
3.0,6.364454390534757e-09,0.0,0.0,0.0,0.0,0.013888888888888888,0.0,0.0,1.0
4.0,2.351618788117459e-11,0.0,0.0,0.0,0.0,0.013888888888888888,0.0,0.0,0.0
1.0,100.0,0.0047724621803848215,0.566039345144528,0.0,0.0,0.013888888888888888,0.0,0.0,1.0
2.0,6.213187838889283e-09,8.809541812887043e-06,0.0,0.0,0.0,0.013888888888888888,0.0,0.0,1.0
3.0,6.223726675187717e-09,0.0,0.0,0.0,0.0,0.013888888888888888,0.0,0.0,1.0
4.0,2.142865219015099e-11,0.0,0.0,0.0,0.0,0.013888888888888888,0.0,0.0,0.0
1.0,100.0,0.004772597365433505,0.5662652123462617,0.0,0.0,0.013888888888888888,0.0,0.0,1.0
2.0,6.076156524014291e-09,8.806967386351694e-06,0.0,0.0,0.0,0.013888888888888888,0.0,0.0,1.0
3.0,6.077142274946136e-09,0.0,0.0,0.0,0.0,0.013888888888888888,0.0,0.0,1.0
4.0,2.0925629835970744e-11,0.0,0.0,0.0,0.0,0.013888888888888888,0.0,0.0,0.0
1.0,100.0,0.004772732540236882,0.5664915151182013,0.0,0.0,0.013888888888888888,0.0,0.0,1.0
2.0,5.956535168775818e-09,8.804396813506039e-06,0.0,0.0,0.0,0.013888888888888888,0.0,0.0,1.0
3.0,5.956651139210295e-09,0.0,0.0,0.0,0.0,0.013888888888888888,0.0,0.0,1.0
4.0,2.3088613050120836e-11,0.0,0.0,0.0,0.0,0.013888888888888888,0.0,0.0,0.0
1.0,100.0,0.0047728677026917165,0.5667182392587313,0.0,0.0,0.013888888888888888,0.0,0.0,1.0
2.0,5.833854945763028e-09,8.801829994731424e-06,0.0,0.0,0.0,0.013888888888888888,0.0,0.0,1.0
3.0,5.846118861383336e-09,0.0,0.0,0.0,0.0,0.013888888888888888,0.0,0.0,1.0
4.0,1.4699303528160382e-11,0.0,0.0,0.0,0.0,0.013888888888888888,0.0,0.0,0.0
1.0,100.0,0.004773002850482119,0.5669453705300811,0.0,0.0,0.013888888888888888,0.0,0.0,1.0
2.0,5.701433032632846e-09,8.799267285615097e-06,0.0,0.0,0.0,0.013888888888888888,0.0,0.0,1.0
3.0,5.707159094656043e-09,0.0,0.0,0.0,0.0,0.013888888888888888,0.0,0.0,1.0
4.0,1.4876810065513986e-11,0.0,0.0,0.0,0.0,0.013888888888888888,0.0,0.0,0.0
1.0,100.0,0.004773137988632254,0.5671728946069363,0.0,0.0,0.013888888888888888,0.0,0.0,1.0
2.0,5.591610814002685e-09,8.7967082983369e-06,0.0,0.0,0.0,0.013888888888888888,0.0,0.0,1.0
3.0,5.595220408848572e-09,0.0,0.0,0.0,0.0,0.013888888888888888,0.0,0.0,1.0
4.0,1.634814117613992e-11,0.0,0.0,0.0,0.0,0.013888888888888888,0.0,0.0,0.0
1.0,100.0,0.004773273108331741,0.5674007970983421,0.0,0.0,0.013888888888888888,0.0,0.0,1.0
2.0,5.480106896993199e-09,8.794153333202357e-06,0.0,0.0,0.0,0.013888888888888888,0.0,0.0,1.0
3.0,5.476250861811166e-09,0.0,0.0,0.0,0.0,0.013888888888888888,0.0,0.0,1.0
4.0,2.1692723490948634e-11,0.0,0.0,0.0,0.0,0.013888888888888888,0.0,0.0,0.0
1.0,100.0,0.004773408206898231,0.5676290634993694,0.0,0.0,0.013888888888888888,0.0,0.0,1.0
2.0,5.379591116314828e-09,8.791602075330107e-06,0.0,0.0,0.0,0.013888888888888888,0.0,0.0,1.0
3.0,5.393812062146372e-09,0.0,0.0,0.0,0.0,0.013888888888888888,0.0,0.0,1.0
4.0,1.7266148538432432e-11,0.0,0.0,0.0,0.0,0.013888888888888888,0.0,0.0,0.0
1.0,100.0,0.004773543282093641,0.567857679312346,0.0,0.0,0.013888888888888888,0.0,0.0,1.0
2.0,5.253677566474485e-09,8.789055126323774e-06,0.0,0.0,0.0,0.013888888888888888,0.0,0.0,1.0
3.0,5.253300660246662e-09,0.0,0.0,0.0,0.0,0.013888888888888888,0.0,0.0,1.0
4.0,2.303829631448655e-11,0.0,0.0,0.0,0.0,0.013888888888888888,0.0,0.0,0.0
1.0,100.0,0.0047736783318051475,0.5680866299150946,0.0,0.0,0.013888888888888888,0.0,0.0,1.0
2.0,5.169629462690609e-09,8.786511996149631e-06,0.0,0.0,0.0,0.013888888888888888,0.0,0.0,1.0
3.0,5.178298302540485e-09,0.0,0.0,0.0,0.0,0.013888888888888888,0.0,0.0,1.0
4.0,2.139090502562216e-11,0.0,0.0,0.0,0.0,0.013888888888888888,0.0,0.0,0.0
1.0,100.0,0.004773813353913102,0.5683159006694953,0.0,0.0,0.013888888888888888,0.0,0.0,1.0
2.0,5.052630967122029e-09,8.783972749438895e-06,0.0,0.0,0.0,0.013888888888888888,0.0,0.0,1.0
3.0,5.055704202282989e-09,0.0,0.0,0.0,0.0,0.013888888888888888,0.0,0.0,1.0
4.0,2.1126817631504644e-11,0.0,0.0,0.0,0.0,0.013888888888888888,0.0,0.0,0.0
1.0,100.0,0.0047739483446611435,0.5685454769699199,0.0,0.0,0.013888888888888888,0.0,0.0,1.0
2.0,4.966161776070362e-09,8.78143586589479e-06,0.0,0.0,0.0,0.013888888888888888,0.0,0.0,1.0
3.0,4.9743957302941706e-09,0.0,0.0,0.0,0.0,0.013888888888888888,0.0,0.0,1.0
4.0,1.3367741002070906e-11,0.0,0.0,0.0,0.0,0.013888888888888888,0.0,0.0,0.0
1.0,100.0,0.004774083304722099,0.5687753437707886,0.0,0.0,0.013888888888888888,0.0,0.0,1.0
2.0,4.865138108589292e-09,8.778904511661349e-06,0.0,0.0,0.0,0.013888888888888888,0.0,0.0,1.0
3.0,4.8661673530284885e-09,0.0,0.0,0.0,0.0,0.013888888888888888,0.0,0.0,1.0
4.0,2.0233954027075003e-11,0.0,0.0,0.0,0.0,0.013888888888888888,0.0,0.0,0.0
1.0,100.0,0.004774218230768248,0.5690054863994815,0.0,0.0,0.013888888888888888,0.0,0.0,1.0
2.0,4.781597015124562e-09,8.776377242518447e-06,0.0,0.0,0.0,0.013888888888888888,0.0,0.0,1.0
3.0,4.785786477092759e-09,0.0,0.0,0.0,0.0,0.013888888888888888,0.0,0.0,1.0
4.0,1.7517647719837607e-11,0.0,0.0,0.0,0.0,0.013888888888888888,0.0,0.0,0.0
1.0,100.0,0.004774353120181526,0.5692358899559097,0.0,0.0,0.013888888888888888,0.0,0.0,1.0
2.0,4.688676660779333e-09,8.773853785087995e-06,0.0,0.0,0.0,0.013888888888888888,0.0,0.0,1.0
3.0,4.7070581135327475e-09,0.0,0.0,0.0,0.0,0.013888888888888888,0.0,0.0,1.0
4.0,1.900479877686702e-11,0.0,0.0,0.0,0.0,0.013888888888888888,0.0,0.0,0.0
1.0,100.0,0.004774487970723018,0.5694665395617948,0.0,0.0,0.013888888888888888,0.0,0.0,1.0
2.0,4.590523013507091e-09,8.771334469723998e-06,0.0,0.0,0.0,0.013888888888888888,0.0,0.0,1.0
3.0,4.595176363789311e-09,0.0,0.0,0.0,0.0,0.013888888888888888,0.0,0.0,1.0
4.0,1.5830089528146964e-11,0.0,0.0,0.0,0.0,0.013888888888888888,0.0,0.0,0.0
1.0,100.0,0.004774622780536592,0.5696974202347749,0.0,0.0,0.013888888888888888,0.0,0.0,1.0
2.0,4.516520321036235e-09,8.76881907632074e-06,0.0,0.0,0.0,0.013888888888888888,0.0,0.0,1.0
3.0,4.509764987303937e-09,0.0,0.0,0.0,0.0,0.013888888888888888,0.0,0.0,1.0
4.0,1.566904718483076e-11,0.0,0.0,0.0,0.0,0.013888888888888888,0.0,0.0,0.0
1.0,100.0,0.0047747575462712445,0.5699285172084773,0.0,0.0,0.013888888888888888,0.0,0.0,1.0
2.0,4.445866234153006e-09,8.766307746704236e-06,0.0,0.0,0.0,0.013888888888888888,0.0,0.0,1.0
3.0,4.457318412641333e-09,0.0,0.0,0.0,0.0,0.013888888888888888,0.0,0.0,1.0
4.0,1.6310395081189653e-11,0.0,0.0,0.0,0.0,0.013888888888888888,0.0,0.0,0.0
1.0,100.0,0.004774892267560034,0.5701598148164755,0.0,0.0,0.013888888888888888,0.0,0.0,1.0
2.0,4.345508889256058e-09,8.763800289487114e-06,0.0,0.0,0.0,0.013888888888888888,0.0,0.0,1.0
3.0,4.346494646544585e-09,0.0,0.0,0.0,0.0,0.013888888888888888,0.0,0.0,1.0
4.0,1.9642894928927288e-11,0.0,0.0,0.0,0.0,0.013888888888888888,0.0,0.0,0.0
1.0,100.0,0.00477502694066057,0.5703912985927705,0.0,0.0,0.013888888888888888,0.0,0.0,1.0
2.0,4.281218598875589e-09,8.761296979807982e-06,0.0,0.0,0.0,0.013888888888888888,0.0,0.0,1.0
3.0,4.288481314232775e-09,0.0,0.0,0.0,0.0,0.013888888888888888,0.0,0.0,1.0
4.0,1.861170408965566e-11,0.0,0.0,0.0,0.0,0.013888888888888888,0.0,0.0,0.0
1.0,100.0,0.004775161563470691,0.5706229532954098,0.0,0.0,0.013888888888888888,0.0,0.0,1.0
2.0,4.197111612201802e-09,8.758797573370375e-06,0.0,0.0,0.0,0.013888888888888888,0.0,0.0,1.0
3.0,4.203475550441066e-09,0.0,0.0,0.0,0.0,0.013888888888888888,0.0,0.0,1.0
4.0,1.6109182931808507e-11,0.0,0.0,0.0,0.0,0.013888888888888888,0.0,0.0,0.0
1.0,100.0,0.004775296133221633,0.5708547640250411,0.0,0.0,0.013888888888888888,0.0,0.0,1.0
2.0,4.1233840116295604e-09,8.756302243145888e-06,0.0,0.0,0.0,0.013888888888888888,0.0,0.0,1.0
3.0,4.125543982130722e-09,0.0,0.0,0.0,0.0,0.013888888888888888,0.0,0.0,1.0
4.0,1.4336039705664113e-11,0.0,0.0,0.0,0.0,0.013888888888888888,0.0,0.0,0.0
1.0,100.0,0.004775430649257301,0.5710867151174055,0.0,0.0,0.013888888888888888,0.0,0.0,1.0
2.0,4.0613694818811276e-09,8.753810200689735e-06,0.0,0.0,0.0,0.013888888888888888,0.0,0.0,1.0
3.0,4.0750686288557585e-09,0.0,0.0,0.0,0.0,0.013888888888888888,0.0,0.0,1.0
4.0,1.6146906415486845e-11,0.0,0.0,0.0,0.0,0.013888888888888888,0.0,0.0,0.0
1.0,100.0,0.004775565107829243,0.5713187917625278,0.0,0.0,0.013888888888888888,0.0,0.0,1.0
2.0,3.9726669218131315e-09,8.751322882669079e-06,0.0,0.0,0.0,0.013888888888888888,0.0,0.0,1.0
3.0,3.982046129002338e-09,0.0,0.0,0.0,0.0,0.013888888888888888,0.0,0.0,1.0
4.0,1.1179593857950484e-11,0.0,0.0,0.0,0.0,0.013888888888888888,0.0,0.0,0.0
1.0,100.0,0.004775699507083144,0.5715509787089021,0.0,0.0,0.013888888888888888,0.0,0.0,1.0
2.0,3.909376588543062e-09,8.748839646668733e-06,0.0,0.0,0.0,0.013888888888888888,0.0,0.0,1.0
3.0,3.912130915965209e-09,0.0,0.0,0.0,0.0,0.013888888888888888,0.0,0.0,1.0
4.0,1.6587044977610477e-11,0.0,0.0,0.0,0.0,0.013888888888888888,0.0,0.0,0.0
1.0,100.0,0.004775833844832041,0.5717832608011258,0.0,0.0,0.013888888888888888,0.0,0.0,1.0
2.0,3.845709294642007e-09,8.746360428634132e-06,0.0,0.0,0.0,0.013888888888888888,0.0,0.0,1.0
3.0,3.844390116151548e-09,0.0,0.0,0.0,0.0,0.013888888888888888,0.0,0.0,1.0
4.0,1.6285232258384182e-11,0.0,0.0,0.0,0.0,0.013888888888888888,0.0,0.0,0.0
