3.9202219899743795,0.001363854855298996,0.0867472942918539,0.0
16.247718254104257,0.001363854855298996,0.0867472942918539,10.916868455708027
16.430691869929433,0.002375621348619461,0.18952281773090363,10.916868455708027
33.17093287408352,0.002375621348619461,0.18952281773090363,24.636587182059884
33.39419977366924,0.003360399976372719,0.31698550283908844,24.636587182059884
45.34163017757237,0.003360399976372719,0.31698550283908844,34.243082761764526
45.819059018045664,0.004220468923449516,0.450364051386714,34.243082761764526
59.082932874560356,0.004220468923449516,0.450364051386714,46.282271130010486
64.74134286120534,0.008655102923512459,0.667157482355833,46.282271130010486
81.61356534995139,0.008655102923512459,0.667157482355833,58.993849428370595
81.78196795284748,0.009836582466959953,0.8150868508964777,58.993849428370595
92.82115738093853,0.009836582466959953,0.8150868508964777,68.49861668050289
93.37761444412172,0.010787978768348694,1.0364626068621874,68.49861668050289
106.98428705334663,0.010787978768348694,1.0364626068621874,77.80123599432409
107.47827817313373,0.011837529018521309,1.381888896226883,77.80123599432409
119.26543896645308,0.011837529018521309,1.381888896226883,87.86427573859692
125.64262636564672,0.021840114146471024,1.6435473747551441,87.86427573859692
137.10691859014332,0.021840114146471024,1.6435473747551441,95.40049196965992
137.21914912201464,0.025191256776452065,1.6730666663497686,95.40049196965992
145.31587531976402,0.025191256776452065,1.6730666663497686,100.89716927707195
145.47666558995843,0.02622564695775509,1.7896686792373657,100.89716927707195
161.49832626990974,0.02622564695775509,1.7896686792373657,115.8434102870524
162.1196195334196,0.02772509679198265,2.154701976105571,115.8434102870524
177.30667837150395,0.02772509679198265,2.154701976105571,127.70332999899983
181.93268718197942,0.0316938403993845,2.4409644082188606,127.70332999899983
197.508536670357,0.0316938403993845,2.4409644082188606,140.6615300141275
197.79154836945236,0.032594868913292885,2.645961716771126,140.6615300141275
213.55862905457616,0.032594868913292885,2.645961716771126,153.07116427458823
213.99414885789156,0.03344285488128662,2.6668856889009476,153.07116427458823
231.64030196145177,0.03344285488128662,2.6668856889009476,167.1601797156036
231.6934233661741,0.034314919263124466,2.7088735848665237,167.1601797156036
249.25653204135597,0.034314919263124466,2.7088735848665237,180.01532158628106
255.73727823235095,0.0386961605399847,3.1667579170316458,180.01532158628106
269.8152796011418,0.0386961605399847,3.1667579170316458,190.93313760869205
270.0725368373096,0.03956010565161705,3.414998196065426,190.93313760869205
278.94322531297803,0.03956010565161705,3.414998196065426,196.77007954381406
279.2361120376736,0.040444329380989075,3.625423824414611,196.77007954381406
285.9266025852412,0.040444329380989075,3.625423824414611,202.41044224612415
286.45226331055164,0.04130859486758709,3.993779379874468,202.41044224612415
294.1138385888189,0.04130859486758709,3.993779379874468,206.5274381302297
298.53651916235685,0.04537411220371723,4.331187948584557,206.5274381302297
307.4652130417526,0.04537411220371723,4.331187948584557,212.75106959603727
308.05951499938965,0.046492353081703186,4.407478027045727,212.75106959603727
322.06914693303406,0.046492353081703186,4.407478027045727,222.7161532919854
322.0898483209312,0.04788576066493988,4.412583399564028,222.7161532919854
328.80980487912893,0.04788576066493988,4.412583399564028,227.6895742341876
328.99651245586574,0.04883216880261898,4.4662855844944715,227.6895742341876
336.0990722384304,0.04883216880261898,4.4662855844944715,231.31648714095354
342.1104167550802,0.05351058579981327,4.610802050679922,231.31648714095354
345.8157950807363,0.05351058579981327,4.610802050679922,233.80474801547825
345.8571183551103,0.05432337149977684,4.636668154969811,233.80474801547825
351.84480452910066,0.05432337149977684,4.636668154969811,238.0482843592763
352.1708034463227,0.055353401228785515,4.744403213262558,238.0482843592763
366.29061965830624,0.055353401228785515,4.744403213262558,250.8982827756554
366.7524134851992,0.0563778281211853,4.830750048160553,250.8982827756554
377.0432666800916,0.0563778281211853,4.830750048160553,256.66990211606026
382.18990796618164,0.14823092706501484,5.041191667318344,256.66990211606026
396.1695236507803,0.14823092706501484,5.041191667318344,268.45052827708423
396.9034855160862,0.14926776848733425,5.243346495553851,268.45052827708423
403.3479279819876,0.14926776848733425,5.243346495553851,273.91700475104153
403.57485278882086,0.1501342449337244,5.35114423558116,273.91700475104153
408.4028536770493,0.1501342449337244,5.35114423558116,277.0129647217691
408.77594094350934,0.15122318640351295,5.4393007177859545,277.0129647217691
421.1411165371537,0.15122318640351295,5.4393007177859545,286.8371147438884
426.00823010504246,0.15517575852572918,5.519705943763256,286.8371147438884
439.58162068389356,0.15517575852572918,5.519705943763256,296.6533173583448
440.06001179106534,0.156321220099926,5.836554646492004,296.6533173583448
452.77030843682587,0.156321220099926,5.836554646492004,306.0167773310095
453.04410494305193,0.15728074684739113,5.939923802390695,306.0167773310095
465.0530845057219,0.15728074684739113,5.939923802390695,315.14764587953687
465.5044847074896,0.1583324372768402,6.226251065731049,315.14764587953687
473.282278329134,0.1583324372768402,6.226251065731049,321.2498987559229
478.90267888084054,0.178286949172616,6.233736185356975,321.2498987559229
485.5885707847774,0.178286949172616,6.233736185356975,324.1807438470423
485.88636647351086,0.1792675070464611,6.280663415789604,324.1807438470423
497.95867244526744,0.1792675070464611,6.280663415789604,332.15114976093173
498.17840377800167,0.18057444132864475,6.285626037046313,332.15114976093173
507.6186011657119,0.18057444132864475,6.285626037046313,337.64700732938945
508.02086273021996,0.18145772628486156,6.319973777979612,337.64700732938945
520.644014114514,0.18145772628486156,6.319973777979612,346.6932827401906
526.591518631205,0.18554036132991314,6.39718628115952,346.6932827401906
531.781406302005,0.18554036132991314,6.39718628115952,350.74814124405384
532.2049503102899,0.1864878572523594,6.650377543643117,350.74814124405384
540.4443197119981,0.1864878572523594,6.650377543643117,357.4107059277594
540.6899415999651,0.18735998310148716,6.753664381802082,357.4107059277594
548.566538516432,0.18735998310148716,6.753664381802082,363.8146747481078
548.9084610305727,0.18833434022963047,6.840973796322942,363.8146747481078
557.456511657685,0.18833434022963047,6.840973796322942,370.0660684388131
562.8787824865431,0.19230950064957142,7.069468643516302,370.0660684388131
570.2923387773335,0.19230950064957142,7.069468643516302,375.08777357265353
570.6419924013317,0.19337551854550838,7.175831452012062,375.08777357265353
579.2248836625367,0.19337551854550838,7.175831452012062,380.23972853273153
579.5805807970464,0.1942631546407938,7.26932262070477,380.23972853273153
586.1720864381641,0.1942631546407938,7.26932262070477,384.96044630371034
586.5109151843935,0.19518302008509636,7.388416713103652,384.96044630371034
595.0072862934321,0.19518302008509636,7.388416713103652,390.28813371248543
601.466542577371,0.19926093518733978,7.642293997108936,390.28813371248543
610.24014717713,0.19926093518733978,7.642293997108936,397.4607552047819
610.5312885735184,0.2001541294157505,7.724955912679434,397.4607552047819
616.3307107221335,0.2001541294157505,7.724955912679434,399.26371317356825
616.5429242290556,0.2015808653086424,7.729711448773742,399.26371317356825
620.686672789976,0.2015808653086424,7.729711448773742,402.0215094219893
621.0362927336246,0.20246484130620956,8.008866297081113,402.0215094219893
634.1503672208637,0.20246484130620956,8.008866297081113,412.08390511386096
640.9509414471686,0.2065196931362152,8.541479708626866,412.08390511386096
648.5901981778443,0.2065196931362152,8.541479708626866,418.4338293951005
649.1944510731846,0.2074067909270525,8.717489752918482,418.4338293951005
653.9320830665529,0.2074067909270525,8.717489752918482,421.45818775333464
654.2742697373033,0.20850036293268204,8.722124116495252,421.45818775333464
659.1987842582166,0.20850036293268204,8.722124116495252,424.0483634918928
659.4177921395749,0.20940345898270607,8.82645226828754,424.0483634918928
668.1941532995552,0.20940345898270607,8.82645226828754,431.3263719584793
674.781903937459,0.2137122880667448,8.83134643547237,431.3263719584793
681.8062375001609,0.2137122880667448,8.83134643547237,437.3946048747748
682.1642805375159,0.2146754451096058,8.882680103182793,437.3946048747748
690.1225158423185,0.2146754451096058,8.882680103182793,443.351964853704
690.2899029571563,0.21561618149280548,8.924805475398898,443.351964853704
702.2666655275971,0.21561618149280548,8.924805475398898,453.58946454897523
702.6115076057613,0.3167855814099312,9.02111853659153,453.58946454897523
716.8129183854908,0.3167855814099312,9.02111853659153,464.1120788343251
722.780153254047,0.4710568357259035,9.103604542091489,464.1120788343251
731.1319036856294,0.4710568357259035,9.103604542091489,468.54431830346584
731.463250130415,0.4719489738345146,9.249758139252663,468.54431830346584
737.217746252194,0.4719489738345146,9.249758139252663,473.0512193273753
737.4620178490877,0.4738532770425081,9.474262978881598,473.0512193273753
743.7886646129191,0.4738532770425081,9.474262978881598,476.82090456597507
743.9716809093952,0.47474512457847595,9.53442501835525,476.82090456597507
754.0391869693995,0.47474512457847595,9.53442501835525,484.4659777972847
760.7941708173603,0.5641171876341105,9.85651083290577,484.4659777972847
769.4628433771431,0.5641171876341105,9.85651083290577,488.400128018111
769.9283507652581,0.5652653984725475,9.889096345752478,488.400128018111
775.2058640327305,0.5652653984725475,9.889096345752478,491.6428702287376
775.5337904263288,0.5661500226706266,9.988968739286065,491.6428702287376
778.1569906491786,0.5661500226706266,9.988968739286065,493.3081734050065
778.5734884031117,0.5672317631542683,10.263755809515715,493.3081734050065
792.3737126737833,0.5672317631542683,10.263755809515715,503.64873300492764
799.7998052258044,0.6601952519267797,10.761158240959048,503.64873300492764
809.6425876095891,0.6601952519267797,10.761158240959048,507.99396814778447
810.0933391451836,0.6611004583537579,11.161438656970859,507.99396814778447
817.229156890884,0.6611004583537579,11.161438656970859,513.5475138574839
817.4694212023169,0.6619951743632555,11.358564212918282,513.5475138574839
821.0771746728569,0.6619951743632555,11.358564212918282,514.3932803999633
821.3379482775927,0.6630707550793886,11.483915254473686,514.3932803999633
830.4542889781296,0.6630707550793886,11.483915254473686,522.096830110997
836.460997082293,0.667186439037323,11.845093011856079,522.096830110997
845.014990054071,0.667186439037323,11.845093011856079,529.0501105412841
845.3401208650321,0.66831886023283,11.9052753765136,529.0501105412841
852.8132640253752,0.66831886023283,11.9052753765136,533.3017909377813
852.9801762960851,0.6692928187549114,12.008110389113426,533.3017909377813
864.2478734795004,0.6692928187549114,12.008110389113426,541.8716838937253
864.6566395778209,0.6701819058507681,12.140319257974625,541.8716838937253
875.8257586173713,0.6701819058507681,12.140319257974625,547.9137202128768
882.405313692987,0.6819691937416792,12.259011711925268,547.9137202128768
900.6814319677651,0.6819691937416792,12.259011711925268,561.124211397022
901.1290656961501,0.6830795016139746,12.409527098760009,561.124211397022
915.741606131196,0.6830795016139746,12.409527098760009,573.0439193733037
916.4611569903791,0.6843320950865746,12.812745749950409,573.0439193733037
925.4195222463459,0.6843320950865746,12.812745749950409,579.3813199736178
926.1776562090963,0.6852005422115326,12.922135649248958,579.3813199736178
936.7966458015144,0.6852005422115326,12.922135649248958,586.2215257696807
943.6953217573464,0.689470861107111,13.333265541121364,586.2215257696807
956.3912053890526,0.689470861107111,13.333265541121364,595.7021313533187
956.9384245630354,0.6905566398054361,13.579320751130581,595.7021313533187
967.9826073758304,0.6905566398054361,13.579320751130581,603.1561535205692
968.7086447943002,0.6915045753121376,13.625391045585275,603.1561535205692
983.16423602961,0.6915045753121376,13.625391045585275,613.2242857404053
983.5846548024565,0.6954242456704378,13.633894380182028,613.2242857404053
995.7837008889765,0.6954242456704378,13.633894380182028,620.9037567880005
1002.8651633169502,0.7263037711381912,13.95006007142365,620.9037567880005
1014.8830254059285,0.7263037711381912,13.95006007142365,628.9829041045159
1014.957470158115,0.7272554188966751,13.962283164262772,628.9829041045159
1022.4213783927262,0.7272554188966751,13.962283164262772,633.8958892412484
1022.720740577206,0.7283413279801607,13.991273565217853,633.8958892412484
1032.1555027458817,0.7283413279801607,13.991273565217853,639.634521856904
1032.4396161809564,0.7292722649872303,14.01029460132122,639.634521856904
1045.4940964933485,0.7292722649872303,14.01029460132122,650.5824027396739
1051.003177786246,0.7335100546479225,14.401299132034183,650.5824027396739
1069.9663611184806,0.7335100546479225,14.401299132034183,664.2108833212405
1070.6052560470998,0.7344878427684307,14.643588775768876,664.2108833212405
1083.9603673573583,0.7344878427684307,14.643588775768876,674.7868258878589
1084.4681490864605,0.7354333121329546,15.033953048288822,674.7868258878589
1098.0629474967718,0.7354333121329546,15.033953048288822,683.8703694231808
1098.3749668747187,0.7364128865301609,15.266839453950524,683.8703694231808
1114.7858886439353,0.7364128865301609,15.266839453950524,693.9684955906123
1122.3811125028878,0.7404398676007986,15.676774192601442,693.9684955906123
1139.2388516496867,0.7404398676007986,15.676774192601442,706.3860191423446
1139.6139293424785,0.7415383160114288,15.691694285720587,706.3860191423446
1157.9913086295128,0.7415383160114288,15.691694285720587,720.008764853701
1158.4191615413874,0.7424451448023319,15.872392697259784,720.008764853701
1170.8000958729535,0.7424451448023319,15.872392697259784,729.9231070764363
1171.266070049256,0.743544353172183,16.17903547361493,729.9231070764363
1181.3015655297786,0.743544353172183,16.17903547361493,738.0132713615894
1188.4503170419484,0.9748098477721214,16.564503353089094,738.0132713615894
1206.9429497551173,0.9748098477721214,16.564503353089094,751.1185915060341
1207.479533297941,0.9759024269878864,16.768798872828484,751.1185915060341
1224.5534537080675,0.9759024269878864,16.768798872828484,764.1141223367304
1225.093871973455,0.9769121035933495,16.9119105450809,764.1141223367304
1237.0250430572778,0.9769121035933495,16.9119105450809,772.0091578606516
1237.4242298975587,0.9778821598738432,16.940518230199814,772.0091578606516
1253.0371527299285,0.9778821598738432,16.940518230199814,782.9845459088683
1261.5805986188352,0.9821610506623983,17.376474609598517,782.9845459088683
1280.5387475732714,0.9821610506623983,17.376474609598517,796.9728022832423
1281.3053553178906,0.9830584470182657,17.55615121126175,796.9728022832423
1301.5614622421563,0.9830584470182657,17.55615121126175,811.656728386879
1301.7413080334663,0.9839593041688204,17.60330077074468,811.656728386879
1316.227204395458,0.9839593041688204,17.60330077074468,822.2833862267435
1316.6294175889343,0.9848436713218689,17.951367776840925,822.2833862267435
1337.474281610921,0.9848436713218689,17.951367776840925,836.7120204064995
1347.1875901129097,0.9888260960578918,18.579851057380438,836.7120204064995
1361.7279367465526,0.9888260960578918,18.579851057380438,846.6386002227664
1362.0187898296863,0.9899477567523718,18.584623992443085,846.6386002227664
1373.578979941085,0.9899477567523718,18.584623992443085,854.5645929146558
1373.825424529612,0.990910591557622,18.5895261131227,854.5645929146558
1390.806247331202,0.990910591557622,18.5895261131227,866.6114436425269
1391.3040609583259,0.9918123502284288,18.931018196046352,866.6114436425269
1408.1970568541437,0.9918123502284288,18.931018196046352,877.9562726262957
1415.7021857779473,0.9959258046001196,19.312561029568315,877.9562726262957
1433.9423632789403,0.9959258046001196,19.312561029568315,890.5708743613213
1434.943374183029,0.9969925750046968,19.32949324324727,890.5708743613213
1448.1722916513681,0.9969925750046968,19.32949324324727,902.691222704947
1449.009714378044,0.998003663495183,19.619036180898547,902.691222704947
1466.825534157455,0.998003663495183,19.619036180898547,914.527086686343
1467.6972654424608,0.9989437703043222,20.06012517027557,914.527086686343
1484.736704049632,0.9989437703043222,20.06012517027557,926.6040929686278
1491.2067489251494,1.0410663690418005,20.430127007886767,926.6040929686278
1511.5958700384945,1.0410663690418005,20.430127007886767,943.2772110123187
1511.8018383216113,1.0419028252363205,20.566338174045086,943.2772110123187
1526.4834723100066,1.0419028252363205,20.566338174045086,955.809965595603
1527.1964978408068,1.0430763456970453,20.79808834940195,955.809965595603
1546.5730784814805,1.0430763456970453,20.79808834940195,970.2327593304217
1547.0555450618267,1.04416642524302,20.819039817899466,970.2327593304217
1563.4179818276316,1.04416642524302,20.819039817899466,980.8494006115943
1572.2769839745015,1.207519456744194,21.22451676800847,980.8494006115943
1586.315409578383,1.207519456744194,21.22451676800847,989.5994857866317
1586.9277300611138,1.208445854485035,21.22926908545196,989.5994857866317
1599.0882867556065,1.208445854485035,21.22926908545196,1000.5743144638836
1599.5844233632088,1.2095035649836063,21.314146406948566,1000.5743144638836
1619.35911992006,1.2095035649836063,21.314146406948566,1014.6880885902792
1619.792820321396,1.2104094829410315,21.659921742975712,1014.6880885902792
1633.7727648876607,1.2104094829410315,21.659921742975712,1024.0146517306566
1639.1345957424492,1.3318903613835573,21.676236474886537,1024.0146517306566
1649.509253287688,1.3318903613835573,21.676236474886537,1031.2148531712592
1650.3047297578305,1.3360731098800898,21.78886939957738,1031.2148531712592
1657.4656682536006,1.3360731098800898,21.78886939957738,1036.5099502336234
1657.8401233665645,1.337089678272605,21.844046292826533,1036.5099502336234
1674.3658688291907,1.337089678272605,21.844046292826533,1049.8441049270332
1674.6253146640956,1.3380270935595036,21.906167851760983,1049.8441049270332
1684.4567111581564,1.3380270935595036,21.906167851760983,1055.2522685341537
1692.0411824174225,1.3419389594346285,21.951392639428377,1055.2522685341537
1695.0928389709443,1.3419389594346285,21.951392639428377,1056.5584702268243
1695.8436089213938,1.3429881799966097,21.964390566572547,1056.5584702268243
1707.9264158979058,1.3429881799966097,21.964390566572547,1063.3849219474941
1708.847858125344,1.3440783210098743,22.520384130999446,1063.3849219474941
1723.8659267928451,1.3440783210098743,22.520384130999446,1071.2392896711826
1724.8997206073254,1.3449319638311863,22.93004221841693,1071.2392896711826
1743.8144302275032,1.3449319638311863,22.93004221841693,1086.2768059503287
1752.1994642652571,1.547412110492587,23.288389913737774,1086.2768059503287
1760.3875022940338,1.547412110492587,23.288389913737774,1092.9192475415766
1760.433589225635,1.5482495557516813,23.312395529821515,1092.9192475415766
1774.2798815779388,1.5482495557516813,23.312395529821515,1102.3215891979635
1774.700967937708,1.549670021981001,23.566506205126643,1102.3215891979635
1781.824752945453,1.549670021981001,23.566506205126643,1106.5125559605658
1781.9194501377642,1.5506809186190367,23.62483528442681,1106.5125559605658
1790.1499841213226,1.5506809186190367,23.62483528442681,1111.8760970477015
1797.6340628769249,1.8445861134678125,23.642787486314774,1111.8760970477015
1808.767025647685,1.8445861134678125,23.642787486314774,1119.2746204212308
1809.4091675337404,1.8456285037100315,23.700304251164198,1119.2746204212308
1824.6473336536437,1.8456285037100315,23.700304251164198,1128.8255327865481
1825.0002128109336,1.8466751743108034,23.705098271369934,1128.8255327865481
1840.1742539089173,1.8466751743108034,23.705098271369934,1137.998708738014
1840.4865830447525,1.8475724793970585,23.725981667637825,1137.998708738014
1855.522275513038,1.8475724793970585,23.725981667637825,1145.1729551814497
1864.6592167411,1.8516619093716145,24.281613966450095,1145.1729551814497
1872.5886699184775,1.8516619093716145,24.281613966450095,1149.4441206604242
1873.33162416704,1.8525755256414413,24.344519732519984,1149.4441206604242
1888.743046425283,1.8525755256414413,24.344519732519984,1161.4579290151596
1889.5892169810832,1.853582264855504,24.89378797262907,1161.4579290151596
1900.438700614497,1.853582264855504,24.89378797262907,1171.371471459046
1900.6209126021713,1.8546713348478079,24.94891511462629,1171.371471459046
1923.7123352624476,1.8546713348478079,24.94891511462629,1189.8972710743546
1932.0937626622617,1.8587289303541183,25.65308314934373,1189.8972710743546
1957.2273779716343,1.8587289303541183,25.65308314934373,1206.5379694774747
1958.4682957194746,1.8598488420248032,26.50379665195942,1206.5379694774747
1973.616840582341,1.8598488420248032,26.50379665195942,1216.25819205679
1974.436081521213,1.8608230594545603,27.266569275408983,1216.25819205679
2001.6280107405037,1.8608230594545603,27.266569275408983,1238.0562853682786
2002.256952283904,1.8617644365876913,27.33930546604097,1238.0562853682786
2014.9395164847374,1.8617644365876913,27.33930546604097,1247.472244169563
2031.4164694696665,2.0055416338145733,28.084227595478296,1247.472244169563
2040.7874194569886,2.0055416338145733,28.084227595478296,1253.6481404360384
2041.8356380779296,2.006549632176757,28.795528007671237,1253.6481404360384
2044.9477175287902,2.006549632176757,28.795528007671237,1255.733534006402
2045.9342891201377,2.0077215917408466,29.35798453167081,1255.733534006402
2055.199350329116,2.0077215917408466,29.35798453167081,1261.5721514299512
2055.5309404321015,2.008861044421792,29.6165682785213,1261.5721514299512
2076.1154300104827,2.008861044421792,29.6165682785213,1276.942940093577
2086.6534720342606,2.0299345534294844,30.268242977559566,1276.942940093577
2099.681937005371,2.0299345534294844,30.268242977559566,1286.1659400705248
2099.9783338047564,2.0309508945792913,30.277544589713216,1286.1659400705248
2116.2328795101494,2.0309508945792913,30.277544589713216,1299.5097715128213
2116.6523924544454,2.03194822371006,30.306120770052075,1299.5097715128213
2129.8243454508483,2.03194822371006,30.306120770052075,1311.2559781391174
2130.3543362934142,2.0329683031886816,30.46979482844472,1311.2559781391174
2135.838840322569,2.0329683031886816,30.46979482844472,1314.8368043657392
2146.1134316381067,2.037264062091708,30.74078800715506,1314.8368043657392
2166.2246605250984,2.037264062091708,30.74078800715506,1331.1271508503705
2167.151800200343,2.0384198147803545,31.392198234796524,1331.1271508503705
2180.7581139579415,2.0384198147803545,31.392198234796524,1339.855713736266
2181.096654329449,2.0395776592195034,31.402145678177476,1339.855713736266
2197.1415115576237,2.0395776592195034,31.402145678177476,1351.9973339121789
2197.563951248303,2.0407508220523596,31.640313927084208,1351.9973339121789
2212.3997480329126,2.0407508220523596,31.640313927084208,1362.3045199681073
2225.2331531178206,2.0797452330589294,32.47710359469056,1362.3045199681073
2238.5763880629092,2.0797452330589294,32.47710359469056,1372.6435157675296
2239.1035445667803,2.080793360248208,32.505902448669076,1372.6435157675296
2253.2536055855453,2.080793360248208,32.505902448669076,1380.9909936431795
2253.8126154523343,2.081790119409561,32.52136846445501,1380.9909936431795
2269.0555090345442,2.081790119409561,32.52136846445501,1394.087419146672
2269.8934219256043,2.082844538614154,33.158316826447845,1394.087419146672
2289.1666293460876,2.082844538614154,33.158316826447845,1406.8076092265546
2298.3366910982877,2.0870394967496395,33.48796724528074,1406.8076092265546
2311.3973910436034,2.0870394967496395,33.48796724528074,1416.9664607848972
2312.098566468805,2.088249469175935,33.61418500728905,1416.9664607848972
2318.664506610483,2.088249469175935,33.61418500728905,1422.287638200447
2319.086813200265,2.0892590899020433,33.998986311256886,1422.287638200447
2328.362046394497,2.0892590899020433,33.998986311256886,1427.9880726989359
2329.190232437104,2.090438751503825,34.36555167660117,1427.9880726989359
2345.2133879736066,2.090438751503825,34.36555167660117,1439.8000578992069
2356.511156817898,2.094651859253645,35.28736926242709,1439.8000578992069
2360.0183531362563,2.094651859253645,35.28736926242709,1441.6200275830925
2360.5576154775918,2.095573805272579,35.653844855725765,1441.6200275830925
2375.745238898322,2.095573805272579,35.653844855725765,1450.2556229792535
2377.0296446345747,2.0965667124837637,36.33754579909146,1450.2556229792535
2387.7602447289973,2.0965667124837637,36.33754579909146,1458.2687197830528
2388.818582557142,2.09771310351789,37.1245925296098,1458.2687197830528
2402.5100794825703,2.09771310351789,37.1245925296098,1468.4178771562874
2414.554554330185,2.1020591221749783,37.600789312273264,1468.4178771562874
2423.818940527737,2.1020591221749783,37.600789312273264,1472.4259528331459
2424.061586420983,2.103177923709154,37.61026536859572,1472.4259528331459
2432.132831959054,2.103177923709154,37.61026536859572,1478.4428573790938
2433.380607265979,2.104146383702755,38.53599896840751,1478.4428573790938
2439.028869168833,2.104146383702755,38.53599896840751,1479.9704737327993
2439.892485484481,2.1051492001861334,39.137922164052725,1479.9704737327993
2452.4543950259686,2.1051492001861334,39.137922164052725,1489.1183211337775
2463.3980157542974,2.1095872931182384,39.372186133638024,1489.1183211337775
2468.180920334533,2.1095872931182384,39.372186133638024,1491.217953549698
2469.47315168567,2.1109111588448286,39.9206611700356,1491.217953549698
2478.3951299320906,2.1109111588448286,39.9206611700356,1494.1864956524223
2479.5056315343827,2.112113317474723,40.664768444374204,1494.1864956524223
2488.335569690913,2.112113317474723,40.664768444374204,1500.444567495957
2489.4198700264096,2.113242009654641,41.43800135329366,1500.444567495957
2512.14488709718,2.113242009654641,41.43800135329366,1515.2472262773663
2524.1934437043965,2.539013972505927,42.56411952525377,1515.2472262773663
2540.1370430141687,2.539013972505927,42.56411952525377,1527.1943184118718
2540.1903510335833,2.5400113612413406,42.60327780432999,1527.1943184118718
2557.1749171614647,2.5400113612413406,42.60327780432999,1535.6538937464356
2558.281835053116,2.5411497484892607,43.445564456284046,1535.6538937464356
2584.980779381469,2.5411497484892607,43.445564456284046,1555.5407404247671
2585.511309109628,2.542326059192419,43.85414806008339,1555.5407404247671
2603.9062585737556,2.542326059192419,43.85414806008339,1569.0005923304707
2613.960401251912,2.554542576894164,44.43681330047548,1569.0005923304707
2627.1388700250536,2.554542576894164,44.43681330047548,1576.669679518789
2627.364518057555,2.555698696523905,44.452830865979195,1576.669679518789
2641.949025793001,2.555698696523905,44.452830865979195,1584.1196941509843
2642.5904955174774,2.5566359627991915,44.80018783733249,1584.1196941509843
2651.2015930451453,2.5566359627991915,44.80018783733249,1591.4336333312094
2652.2616571653634,2.557706629857421,45.463250286877155,1591.4336333312094
2661.209508318454,2.557706629857421,45.463250286877155,1597.6409459281713
2670.8684075810015,2.5618006214499474,45.60862330533564,1597.6409459281713
2676.281517887488,2.5618006214499474,45.60862330533564,1601.2250849101692
2677.4960842933506,2.56298990175128,46.47031217813492,1601.2250849101692
2684.5582262463868,2.56298990175128,46.47031217813492,1606.2372379750013
2685.0584102422,2.5641248021274805,46.57944509387016,1606.2372379750013
2694.4656518250704,2.5641248021274805,46.57944509387016,1611.5499394219369
2694.7129130251706,2.5658849123865366,46.757237922400236,1611.5499394219369
2707.603388644755,2.5658849123865366,46.757237922400236,1621.9995587002486
2718.2474791407585,2.570195848122239,47.083799647167325,1621.9995587002486
2730.0371117293835,2.570195848122239,47.083799647167325,1630.898296309635
2730.3916917815804,2.5712513476610184,47.28727732785046,1630.898296309635
2742.9524273462594,2.5712513476610184,47.28727732785046,1638.0357650257647
2744.85767252557,2.572477037087083,48.666576124727726,1638.0357650257647
2757.3314819652587,2.572477037087083,48.666576124727726,1647.3991472832859
2757.5980399940163,2.5738296695053577,48.8932312335819,1647.3991472832859
2764.1992300543934,2.5738296695053577,48.8932312335819,1650.7323434036225
2774.2850563898683,2.578329138457775,49.28187623992562,1650.7323434036225
2787.163792360574,2.578329138457775,49.28187623992562,1660.228598676622
2787.239862913266,2.579308645799756,49.34398361854255,1660.228598676622
2799.9104451462626,2.579308645799756,49.34398361854255,1670.8535356726497
2800.445321727544,2.5805061776190996,49.691371286287904,1670.8535356726497
2814.866966461763,2.5805061776190996,49.691371286287904,1680.3288750667125
2815.7102356683463,2.5814442802220583,50.52795714139938,1680.3288750667125
2831.350378109142,2.5814442802220583,50.52795714139938,1690.913814727217
2842.2858015615493,2.585745057091117,50.93977687694132,1690.913814727217
2851.2848085854203,2.585745057091117,50.93977687694132,1696.5636447742581
2852.2228070702404,2.586905589327216,51.47048408910632,1696.5636447742581
2876.1164658740163,2.586905589327216,51.47048408910632,1715.3453429695219
2877.0873409938067,2.5881024226546288,52.22342994250357,1715.3453429695219
2893.381871793419,2.5881024226546288,52.22342994250357,1724.0813876818866
2894.2753688655794,2.589257575571537,52.866389106959105,1724.0813876818866
2900.8922905661166,2.589257575571537,52.866389106959105,1728.03407840617
2909.6809427179396,2.6158739682286978,53.1369775980711,1728.03407840617
2919.0322021581233,2.6158739682286978,53.1369775980711,1732.4559356085956
2919.5695317462087,2.6168452091515064,53.21742519363761,1732.4559356085956
2929.460237869993,2.6168452091515064,53.21742519363761,1740.5228234063834
2930.134682489559,2.6178337354213,53.80107931420207,1740.5228234063834
2940.1855368837714,2.6178337354213,53.80107931420207,1745.0341387689114
2940.8291172180325,2.618886126205325,54.26260454766452,1745.0341387689114
2947.6979411114007,2.618886126205325,54.26260454766452,1750.3067841846496
2958.4659511372447,2.623338496312499,54.97613682039082,1750.3067841846496
2968.5839416291565,2.623338496312499,54.97613682039082,1757.4038165267557
2969.6823381260037,2.624338075518608,55.45634597167373,1757.4038165267557
2982.384540034458,2.624338075518608,55.45634597167373,1765.4957893714309
2983.4582005050033,2.625534115359187,55.919041000306606,1765.4957893714309
2998.0786763560027,2.625534115359187,55.919041000306606,1773.6406603399664
2998.33674146235,2.626464219763875,55.95225631445646,1773.6406603399664
3012.2372870408,2.626464219763875,55.95225631445646,1785.1393916439265
3021.568346520886,2.7542763128876686,56.19845183379948,1785.1393916439265
3040.374154144898,2.7542763128876686,56.19845183379948,1798.0905359461904
3041.248131422326,2.7552202492952347,56.619173312559724,1798.0905359461904
3052.391887012869,2.7552202492952347,56.619173312559724,1805.0708038546145
3053.186477430165,2.7562135066837072,56.969382939860225,1805.0708038546145
3064.791733602062,2.7562135066837072,56.969382939860225,1813.6265704426914
3065.223486447707,2.7571317218244076,57.38552174717188,1813.6265704426914
3077.5735047869384,2.7571317218244076,57.38552174717188,1823.5912819523364
3089.3449953142554,2.7975697983056307,58.20663523487747,1823.5912819523364
3097.11084767431,2.7975697983056307,58.20663523487747,1826.7126648128033
3097.8233488295227,2.7986575979739428,58.78310867771506,1826.7126648128033
3101.729414736852,2.7986575979739428,58.78310867771506,1829.1184208411723
3102.3783538378775,2.799785317853093,59.321091117337346,1829.1184208411723
3109.5636928845197,2.799785317853093,59.321091117337346,1834.034991061315
3110.771369801834,2.8011793941259384,59.82741439901292,1834.034991061315
3121.365565204993,2.8011793941259384,59.82741439901292,1843.2530046515167
3130.7059040367603,2.8149621821939945,59.836808297783136,1843.2530046515167
3141.2016997952014,2.8149621821939945,59.836808297783136,1852.1164186038077
3142.292926521972,2.815983610227704,60.56181413680315,1852.1164186038077
3158.861899405718,2.815983610227704,60.56181413680315,1863.748134456575
3159.7871655691415,2.8171597719192505,61.167537339031696,1863.748134456575
3175.976978769526,2.8171597719192505,61.167537339031696,1876.0540178269148
3176.8165543023497,2.8182975836098194,61.482084015384316,1876.0540178269148
3181.535455893725,2.8182975836098194,61.482084015384316,1879.2419217061251
3191.671999445185,2.983891559764743,61.99767039902508,1879.2419217061251
3201.501641748473,2.983891559764743,61.99767039902508,1887.4094603024423
3201.600553162396,2.984949929639697,62.042499305680394,1887.4094603024423
3211.940999701619,2.984949929639697,62.042499305680394,1894.56615094468
3213.010485995561,2.986006548628211,62.600408582016826,1894.56615094468
3225.9949513245374,2.986006548628211,62.600408582016826,1904.4868555478752
3226.4614119641483,2.9869687035679817,62.829179272055626,1904.4868555478752
3240.0996324308217,2.9869687035679817,62.829179272055626,1916.2314594108611
3250.7590647172183,3.042390564456582,63.45693928189576,1916.2314594108611
3265.9378468580544,3.042390564456582,63.45693928189576,1927.1650302521884
3266.5018981341273,3.0434560626745224,63.56014111824334,1927.1650302521884
3277.176884127781,3.0434560626745224,63.56014111824334,1936.044244011864
3278.4460467416793,3.0445008538663387,64.06237019971013,1936.044244011864
3297.6910285763443,3.0445008538663387,64.06237019971013,1948.1265712231398
3298.8965266738087,3.045532800257206,64.51941012218595,1948.1265712231398
3320.888154061511,3.045532800257206,64.51941012218595,1962.3605317231268
3330.4332558419555,3.238324908539653,65.33282995782793,1962.3605317231268
3348.8554775305092,3.238324908539653,65.33282995782793,1975.7549312729388
3350.685599952936,3.2394585385918617,66.22813847661018,1975.7549312729388
3369.051839143038,3.2394585385918617,66.22813847661018,1991.8828761652112
3369.4077890887856,3.2404259741306305,66.56150470301509,1991.8828761652112
3383.2263681851327,3.2404259741306305,66.56150470301509,2002.4012758415192
3383.9746396541595,3.241539103910327,67.10041250288486,2002.4012758415192
3399.8656268101186,3.241539103910327,67.10041250288486,2012.5972174126655
3409.051673874259,3.2458339501172304,67.80069215781987,2012.5972174126655
3423.150536449626,3.2458339501172304,67.80069215781987,2022.5335062984377
3423.908169483766,3.246951211243868,68.28844047896564,2022.5335062984377
3437.741043617949,3.246951211243868,68.28844047896564,2033.6580747663975
3438.2712737638503,3.248632473871112,68.6683035697788,2033.6580747663975
3456.93689000234,3.248632473871112,68.6683035697788,2047.22208596766
3458.2482512034476,3.2498334366828203,69.51716675236821,2047.22208596766
3477.1766461078078,3.2498334366828203,69.51716675236821,2061.431660881266
3489.0422325972468,3.25454412214458,70.44183283671737,2061.431660881266
3501.6821640580893,3.25454412214458,70.44183283671737,2072.157767912373
3501.935022611171,3.2633019126951694,70.64703572168946,2072.157767912373
3507.687083069235,3.2633019126951694,70.64703572168946,2075.8730769492686
3508.4382190927863,3.2644414342939854,71.17744924686849,2075.8730769492686
3517.338205549866,3.2644414342939854,71.17744924686849,2082.6240567509085
3518.093379650265,3.2654399015009403,71.6255644466728,2082.6240567509085
3538.8589153289795,3.2654399015009403,71.6255644466728,2097.091989217326
3548.5282286778092,3.2697281762957573,72.09031048230827,2097.091989217326
3561.90691129677,3.2697281762957573,72.09031048230827,2107.1395361665636
3562.346112500876,3.2709203865379095,72.31460133008659,2107.1395361665636
3568.85035716556,3.2709203865379095,72.31460133008659,2109.2025563064963
3569.8349737487733,3.271912135183811,73.18415277078748,2109.2025563064963
3589.1281888745725,3.271912135183811,73.18415277078748,2121.3619279842824
3589.760913701728,3.273070616647601,73.30828735418618,2121.3619279842824
3605.294493380934,3.273070616647601,73.30828735418618,2132.810199039057
3614.474781440571,3.55370800383389,73.92457433603704,2132.810199039057
3621.477378441021,3.55370800383389,73.92457433603704,2135.7720706705004
3622.3062395658344,3.555088620632887,74.55593390762806,2135.7720706705004
3632.3383285384625,3.555088620632887,74.55593390762806,2140.9241209737957
3633.3536832258105,3.5560993291437626,75.32849995605648,2140.9241209737957
3647.1592300180346,3.5560993291437626,75.32849995605648,2151.9301992207766
3648.3001679219306,3.5572503712028265,76.08202346041799,2151.9301992207766
3672.3008915819228,3.5572503712028265,76.08202346041799,2168.406609941274
3682.180399099365,3.561701899394393,76.78138175234199,2168.406609941274
3697.642637366429,3.561701899394393,76.78138175234199,2176.057089312002
3699.2767566405237,3.56284436956048,77.90243610367179,2176.057089312002
3710.0609279144555,3.56284436956048,77.90243610367179,2182.8620803859085
3710.251093437895,3.566249791532755,78.06308608874679,2182.8620803859085
3724.301517173648,3.566249791532755,78.06308608874679,2194.7192977517843
3725.131820309907,3.5674802344292402,78.61130815930665,2194.7192977517843
3731.349562516436,3.5674802344292402,78.61130815930665,2197.394527023658
3741.9887720011175,3.5959735549986362,79.32867668196559,2197.394527023658
3749.735649101436,3.5959735549986362,79.32867668196559,2203.9264006298035
3750.158907579258,3.5970984548330307,79.56229377537966,2203.9264006298035
3760.159549381584,3.5970984548330307,79.56229377537966,2212.1307163201272
3760.444946521893,3.599253173917532,79.67157110199332,2212.1307163201272
3772.3149425741285,3.599253173917532,79.67157110199332,2220.722910683602
3772.9209444578737,3.600229661911726,80.17500315792859,2220.722910683602
3784.1232308745384,3.600229661911726,80.17500315792859,2229.0425041075796
3794.449113857001,3.6044958475977182,80.1886302754283,2229.0425041075796
3805.993561314419,3.6044958475977182,80.1886302754283,2234.820045677945
3807.6389708183706,3.605702232569456,81.14522244781256,2234.820045677945
3815.659915674478,3.605702232569456,81.14522244781256,2237.712076302618
3816.420897576958,3.606974069029093,81.78463410772383,2237.712076302618
3830.259085763246,3.606974069029093,81.78463410772383,2247.237224690616
3830.673342425376,3.6080358773469925,81.85953824967146,2247.237224690616
3836.1099690012634,3.6080358773469925,81.85953824967146,2251.849724004045
3845.9197423215955,3.612087482586503,81.89723654277623,2251.849724004045
3860.5897830743343,3.612087482586503,81.89723654277623,2260.487228853628
3860.6442295517772,3.6130420304834843,81.94291855208576,2260.487228853628
3870.996529052034,3.6130420304834843,81.94291855208576,2269.1710796076804
3871.270216492936,3.6140681579709053,81.96922884508967,2269.1710796076804
3880.2089464943856,3.6140681579709053,81.96922884508967,2275.803831184283
3880.861010922119,3.6150069776922464,82.44790522195399,2275.803831184283
3886.346444549039,3.6150069776922464,82.44790522195399,2277.784349227324
3895.746300401166,3.619278507307172,82.90154688246548,2277.784349227324
3905.984350681305,3.619278507307172,82.90154688246548,2283.360116675496
3907.128455866128,3.620265807956457,83.65156132169068,2283.360116675496
3926.8738660290837,3.620265807956457,83.65156132169068,2296.7752150557935
3928.206206349656,3.621347088366747,84.37453987449408,2296.7752150557935
3931.871923238039,3.621347088366747,84.37453987449408,2299.5474246516824
3932.833839049563,3.629466637969017,85.2818414773792,2299.5474246516824
3943.492793060839,3.629466637969017,85.2818414773792,2307.70057862252
3954.7432682812214,3.6336089223623276,85.72993118874729,2307.70057862252
3962.411803640425,3.6336089223623276,85.72993118874729,2314.1618053074926
3963.2129347212613,3.634924165904522,86.38172462582588,2314.1618053074926
3974.9163543824106,3.634924165904522,86.38172462582588,2318.386218186468
3975.6637300979346,3.636003876104951,87.00802797265351,2318.386218186468
3996.2783048991114,3.636003876104951,87.00802797265351,2335.082049543038
3996.790370358154,3.636967344209552,87.37483130395412,2335.082049543038
4007.2557959537953,3.636967344209552,87.37483130395412,2341.048659482971
4019.780247848481,3.81391754001379,87.67484804615378,2341.048659482971
4038.9095750823617,3.81391754001379,87.67484804615378,2353.3158674649894
4039.14249593392,3.814907407388091,87.75444685481489,2353.3158674649894
4045.941539745778,3.814907407388091,87.75444685481489,2356.4111335854977
4047.5412378441542,3.8159386459738016,88.55861693248153,2356.4111335854977
4064.556098472327,3.8159386459738016,88.55861693248153,2370.9895848445594
4065.841282323003,3.8168968241661787,89.54936645552516,2370.9895848445594
4073.537890486419,3.8168968241661787,89.54936645552516,2376.0647625718266
4087.9632957223803,3.8751806542277336,89.83534707129002,2376.0647625718266
4097.556659374386,3.8751806542277336,89.83534707129002,2384.4501993525773
4098.130411101505,3.8762408420443535,89.96141294576228,2384.4501993525773
4110.491850534454,3.8762408420443535,89.96141294576228,2395.24705282785
4111.741239165887,3.8772540632635355,90.85507681407034,2395.24705282785
4130.7135152854025,3.8772540632635355,90.85507681407034,2408.3388562239707
4130.971719082445,3.8782874029129744,90.88667732290924,2408.3388562239707
4148.755218530074,3.8782874029129744,90.88667732290924,2423.6448792144656
4161.8977836743,3.96998511813581,91.45051169209182,2423.6448792144656
4173.254823323339,3.96998511813581,91.45051169209182,2431.785723954439
4173.865091275424,3.9710022564977407,91.78558214381337,2431.785723954439
4185.534418312833,3.9710022564977407,91.78558214381337,2439.9967018235475
4186.9089741148055,3.9721220582723618,92.6010560747236,2439.9967018235475
4196.41860203445,3.9721220582723618,92.6010560747236,2445.6578805353492
4197.4917249735445,3.973091207444668,93.48372456803918,2445.6578805353492
4211.4358464330435,3.973091207444668,93.48372456803918,2455.5428357552737
4222.862148186192,3.977301614359021,94.2047003954649,2455.5428357552737
4231.468870121986,3.977301614359021,94.2047003954649,2458.6058872640133
4232.137905012816,3.9784044455736876,94.77114196494222,2458.6058872640133
4235.7017904520035,3.9784044455736876,94.77114196494222,2460.2515572290868
4236.822765773162,3.97945299744606,95.3488137498498,2460.2515572290868
4259.558922922239,3.97945299744606,95.3488137498498,2477.084723766893
4260.8545177634805,3.9804494846612215,96.189020389691,2477.084723766893
4269.696756154299,3.9804494846612215,96.189020389691,2484.9622445795685
4280.0255667138845,3.98477753251791,96.61161641217768,2484.9622445795685
4288.247143721208,3.98477753251791,96.61161641217768,2488.1357764359564
4289.2574099283665,3.985947111621499,97.36505914106965,2488.1357764359564
4295.340924521908,3.985947111621499,97.36505914106965,2491.6288016121835
4295.906702132896,3.9869345482438803,97.44349532201886,2491.6288016121835
4313.893809465691,3.9869345482438803,97.44349532201886,2504.0294814314693
4314.49571034126,3.988098608329892,97.82669019885361,2504.0294814314693
4327.108216073364,3.988098608329892,97.82669019885361,2514.561126725748
4338.2219378929585,3.9926946442574263,98.59931300394237,2514.561126725748
4347.681592717767,3.9926946442574263,98.59931300394237,2520.2810328379273
4348.8438826892525,3.9938199166208506,99.25273877941072,2520.2810328379273
4361.293488264084,3.9938199166208506,99.25273877941072,2528.160793174058
4362.399927981198,3.99497445859015,100.22227641195059,2528.160793174058
4382.599143017083,3.99497445859015,100.22227641195059,2545.8469059355557
4384.033057533205,3.9961488507688046,101.30833896435797,2545.8469059355557
4392.640255436301,3.9961488507688046,101.30833896435797,2552.680307224393
4405.715823192149,4.3147339560091496,101.48802504688501,2552.680307224393
4417.223809773102,4.3147339560091496,101.48802504688501,2559.8557760510594
4418.394701851532,4.31578922457993,102.29817044734955,2559.8557760510594
4434.664205018431,4.31578922457993,102.29817044734955,2572.4035183899105
4435.972550813109,4.316875036805868,103.10130258649588,2572.4035183899105
4446.120905870572,4.316875036805868,103.10130258649588,2577.6627330426127
4446.469299562275,4.318028215318918,103.26593234203756,2577.6627330426127
4464.170601414517,4.318028215318918,103.26593234203756,2589.492458457127
4476.692541806027,4.37997567653656,103.83031122758985,2589.492458457127
4484.389565413818,4.37997567653656,103.83031122758985,2594.058219159022
4484.785141993314,4.381072225049138,103.83978179097176,2594.058219159022
4497.030069582164,4.381072225049138,103.83978179097176,2599.5573342796415
4497.463577417657,4.382025312632322,104.03113959729671,2599.5573342796415
4508.03593627736,4.382025312632322,104.03113959729671,2606.904537634924
4508.53426270932,4.383188573643565,104.11033538356423,2606.904537634924
4518.412548717111,4.383188573643565,104.11033538356423,2612.9107212126255
4529.716300534084,4.388322878628969,105.03330259211361,2612.9107212126255
4542.90881928429,4.388322878628969,105.03330259211361,2621.7027230728418
4543.075724761933,4.389273876324296,105.14510949887335,2621.7027230728418
4550.843719981611,4.389273876324296,105.14510949887335,2625.984816035256
4551.965712070465,4.390446156263351,105.66191379912198,2625.984816035256
4558.779275294393,4.390446156263351,105.66191379912198,2631.030750915408
4559.381482426077,4.391538435593247,106.1229590754956,2631.030750915408
4565.364036304876,4.391538435593247,106.1229590754956,2636.0061834789813
4575.150571277365,4.395899295806885,106.17768463864923,2636.0061834789813
4582.3744326382875,4.395899295806885,106.17768463864923,2640.557338597253
4583.510223196819,4.397054478526115,106.90843572095037,2640.557338597253
4596.259852292016,4.397054478526115,106.90843572095037,2646.243178648874
4596.684417782351,4.398069057613611,107.20017052814364,2646.243178648874
4608.250187847763,4.398069057613611,107.20017052814364,2653.767961855978
4609.103413742036,4.399207629263401,107.9294848665595,2653.767961855978
4623.089182229713,4.399207629263401,107.9294848665595,2664.804499814287
4631.507827181369,4.403482107445598,108.33926327712834,2664.804499814287
4651.996169349179,4.403482107445598,108.33926327712834,2681.7357033286244
4653.074923854321,4.404456704854965,109.37684115953743,2681.7357033286244
4678.808494091034,4.404456704854965,109.37684115953743,2702.0402265787125
4680.600778672844,4.405530422925949,110.64047843590379,2702.0402265787125
4703.200404845178,4.405530422925949,110.64047843590379,2717.595907628536
4703.778970733285,4.406590102240443,110.908297277987,2717.595907628536
4711.58628812246,4.406590102240443,110.908297277987,2720.161212841049
4724.711321361363,4.41118199378252,111.05096409469843,2720.161212841049
4740.307113291696,4.41118199378252,111.05096409469843,2729.554879920557
4741.290263419971,4.412306394428015,111.72341793589294,2729.554879920557
4754.235937299207,4.412306394428015,111.72341793589294,2740.454774733633
4754.459890175611,4.413437686860561,111.81395187228918,2740.454774733633
4767.386767955497,4.413437686860561,111.81395187228918,2748.9334791284055
4767.545971181244,4.414452286437154,111.8311854340136,2748.9334791284055
4778.149811172858,4.414452286437154,111.8311854340136,2756.4758655764163
4789.405401585624,4.549388997256756,112.17860245332122,2756.4758655764163
4801.292443608865,4.549388997256756,112.17860245332122,2763.086969356984
4802.4947913736105,4.55055763758719,112.55137021839619,2763.086969356984
4816.4935856722295,4.55055763758719,112.55137021839619,2769.834859751165
4817.9398494344205,4.551717458292842,113.63971338421106,2769.834859751165
4830.843115279451,4.551717458292842,113.63971338421106,2776.5135260522366
4832.1996042095125,4.552727933973074,114.4738396704197,2776.5135260522366
4845.579423209652,4.552727933973074,114.4738396704197,2785.568819278851
4859.168312756345,4.559085417538881,115.37401526980102,2785.568819278851
4874.195933001116,4.559085417538881,115.37401526980102,2795.455828435719
4874.967621034011,4.560171406716108,115.96238692104816,2795.455828435719
4895.052010525018,4.560171406716108,115.96238692104816,2809.1495722085238
4895.682208938524,4.561179153621197,116.4442004673183,2809.1495722085238
4909.562772391364,4.561179153621197,116.4442004673183,2817.7126594576985
4910.187740676105,4.562409553676844,116.4535961765796,2817.7126594576985
4918.666244158521,4.562409553676844,116.4535961765796,2823.599897645414
4932.481555610895,4.566874856129289,117.10048801265657,2823.599897645414
4936.802843524143,4.566874856129289,117.10048801265657,2825.549245694652
4937.450764961541,4.567881733179092,117.41167901270092,2825.549245694652
4953.150648580864,4.567881733179092,117.41167901270092,2836.4836054053158
4954.57136679627,4.569027764722705,118.66130936332047,2836.4836054053158
4967.896529337391,4.569027764722705,118.66130936332047,2848.647651946172
4968.710972765461,4.570086343213916,119.18212430365384,2848.647651946172
4980.341507062316,4.570086343213916,119.18212430365384,2856.6446381807327
4988.484359379858,4.57421881519258,119.23864066787064,2856.6446381807327
4999.972394134849,4.57421881519258,119.23864066787064,2861.0526451598853
5002.00547676906,4.5753749050199986,120.55686394125223,2861.0526451598853
5011.834602525458,4.5753749050199986,120.55686394125223,2865.4732663966715
5013.332239354029,4.576378533616662,121.79939502291381,2865.4732663966715
5027.431837659329,4.576378533616662,121.79939502291381,2877.1674941759557
5028.2818206734955,4.577426264062524,122.17764847911894,2877.1674941759557
5046.5031677260995,4.577426264062524,122.17764847911894,2889.563909864053
5053.739740589634,4.583768038079143,122.78472692333162,2889.563909864053
5062.061600137502,4.583768038079143,122.78472692333162,2894.0928148403764
5063.292897203937,4.584804927930236,123.81551639735699,2894.0928148403764
5081.223879447207,4.584804927930236,123.81551639735699,2904.092630762607
5082.241978568956,4.585912108421326,124.5524923056364,2904.092630762607
5094.13986918889,4.585912108421326,124.5524923056364,2911.4120448082685
5095.768523659557,4.587009379640222,125.61592297814786,2911.4120448082685
5102.779172258452,4.587009379640222,125.61592297814786,2916.184817649424
5115.762817410752,4.652593541890383,126.57495294511318,2916.184817649424
5134.040971521288,4.652593541890383,126.57495294511318,2927.2866525910795
5135.418068720028,4.653814313933253,127.46142791956663,2927.2866525910795
5151.639340236783,4.653814313933253,127.46142791956663,2938.9952556025237
5152.3754389788955,4.654881723225117,127.47095010243356,2938.9952556025237
5170.237823419273,4.654881723225117,127.47095010243356,2951.066511247307
5172.070426857099,4.65601509436965,128.29724008589983,2951.066511247307
5178.91507605277,4.65601509436965,128.29724008589983,2952.8329391255975
5190.546983340755,4.660382512956858,128.62960215471685,2952.8329391255975
5203.067257154733,4.660382512956858,128.62960215471685,2960.4026495125145
5203.5789528843015,4.661349629983306,129.10542711801827,2960.4026495125145
5216.887121072039,4.661349629983306,129.10542711801827,2966.766438283026
5217.2378986775875,4.66255609318614,129.11492059752345,2966.766438283026
5237.790448991582,4.66255609318614,129.11492059752345,2984.5706690214574
5238.425041969866,4.663581870496273,129.72330600582063,2984.5706690214574
5250.833427671343,4.663581870496273,129.72330600582063,2993.6346899084747
5263.242167405784,4.7455685287714005,130.29531864263117,2993.6346899084747
5283.177077362314,4.7455685287714005,130.29531864263117,3009.0066196043044
5284.737556586042,4.746771911159158,131.51447616517544,3009.0066196043044
5303.777983311564,4.746771911159158,131.51447616517544,3021.1428139917552
5305.403747821227,4.748022474348545,132.32380360551178,3021.1428139917552
5320.803173057735,4.748022474348545,132.32380360551178,3027.3585586044937
5322.183030417189,4.749108426272869,133.68076491169631,3027.3585586044937
5334.982343632728,4.749108426272869,133.68076491169631,3037.5687690898776
5348.483173670247,4.961064364761114,134.58041544817388,3037.5687690898776
5379.021449049935,4.961064364761114,134.58041544817388,3061.917049361393
5380.398342287168,4.962268408387899,135.54482316039503,3061.917049361393
5405.637628665194,4.962268408387899,135.54482316039503,3076.244289180264
5407.826815275475,4.963484160602093,137.02785285003483,3076.244289180264
5429.012885570526,4.963484160602093,137.02785285003483,3090.0029775407165
5429.176847150549,4.964583620429039,137.1444639172405,3090.0029775407165
5439.8842743542045,4.964583620429039,137.1444639172405,3095.7700217179954
5450.08124752529,4.969078490510583,137.29236382432282,3095.7700217179954
5463.252120953053,4.969078490510583,137.29236382432282,3106.0787360183895
5464.435862585902,4.970259191468358,138.18117039464414,3106.0787360183895
5483.67887965031,4.970259191468358,138.18117039464414,3118.5280450955033
5485.226078655571,4.971446754410863,139.22573270834982,3118.5280450955033
5493.63419082202,4.971446754410863,139.22573270834982,3124.138951888308
5494.602042997256,4.97266411781311,139.740108480677,3124.138951888308
5503.923717617989,4.97266411781311,139.740108480677,3130.887210533023
5514.782483082265,5.011752109974623,140.6451890580356,3130.887210533023
5532.720539381728,5.011752109974623,140.6451890580356,3140.4788220543414
5533.779592338949,5.012948501855135,141.47982362098992,3140.4788220543414
5542.201888376847,5.012948501855135,141.47982362098992,3146.1225989256054
5543.178878782317,5.014159044250846,142.32867789641023,3146.1225989256054
5562.215226909146,5.014159044250846,142.32867789641023,3161.2350751310587
5563.275581950322,5.015318736433983,142.76422860845923,3161.2350751310587
5585.669878685847,5.015318736433983,142.76422860845923,3176.1407492700964
5598.02186864987,5.47888370975852,143.32052050717175,3176.1407492700964
5613.794118147343,5.47888370975852,143.32052050717175,3189.91994824633
5614.712624654174,5.480092201381922,143.71152627840638,3189.91994824633
5627.7958291992545,5.480092201381922,143.71152627840638,3199.0029744133353
5628.879775159061,5.481276230886579,144.5358512364328,3199.0029744133353
5650.102210581303,5.481276230886579,144.5358512364328,3212.8059018868953
5651.54942134209,5.482429159805179,145.46084925718606,3212.8059018868953
5665.816491598263,5.482429159805179,145.46084925718606,3222.8216598033905
5680.588627919555,5.577406212687492,146.15337677113712,3222.8216598033905
5693.153461769223,5.577406212687492,146.15337677113712,3232.9103861115873
5693.554928446189,5.57838405109942,146.45866768807173,3232.9103861115873
5708.002222754061,5.57838405109942,146.45866768807173,3240.2680571433157
5708.675037251785,5.579350087791681,146.81291957385838,3240.2680571433157
5725.57451255247,5.579350087791681,146.81291957385838,3252.048815317452
5725.6193370223045,5.580282106995583,146.84377788938582,3252.048815317452
5738.623781837523,5.580282106995583,146.84377788938582,3256.3911888338625
5751.626391150057,5.584681987762451,147.44140946492553,3256.3911888338625
5762.334597732872,5.584681987762451,147.44140946492553,3264.1746100895107
5762.720264103264,5.585670456290245,147.7307787053287,3264.1746100895107
5767.9273106288165,5.585670456290245,147.7307787053287,3265.2289507575333
5768.316930454224,5.586611162871122,148.0858234576881,3265.2289507575333
5778.482801519334,5.586611162871122,148.0858234576881,3270.3683996014297
5778.6973048225045,5.587812464684248,148.17746155150235,3270.3683996014297
5789.224912304431,5.587812464684248,148.17746155150235,3275.6778147201985
5803.192479295656,5.672289699316025,148.60287965089083,3275.6778147201985
5815.6483042016625,5.672289699316025,148.60287965089083,3284.049383506179
5816.927737928927,5.673388171941042,149.313342185691,3284.049383506179
5832.547876922414,5.673388171941042,149.313342185691,3294.1029266100377
5832.791723310947,5.674404360353947,149.50974787771702,3294.1029266100377
5843.596787394956,5.674404360353947,149.50974787771702,3302.571733981371
5843.955153292045,5.675417019054294,149.5503241494298,3302.571733981371
5852.756867097691,5.675417019054294,149.5503241494298,3306.420292681083
5864.254582954571,5.679741717875004,150.3935014642775,3306.420292681083
5881.6976553779095,5.679741717875004,150.3935014642775,3315.229640385136
5882.370632817969,5.680862979963422,150.9896085690707,3315.229640385136
5889.608036044985,5.680862979963422,150.9896085690707,3319.6360133942217
5890.0717891622335,5.682141521945596,151.2980795931071,3319.6360133942217
5904.424439294264,5.682141521945596,151.2980795931071,3329.6932603437454
5905.216903554276,5.683296052739024,151.83697890490294,3329.6932603437454
5914.892156265676,5.683296052739024,151.83697890490294,3332.7985986843705
5926.7965270560235,5.690173031762242,151.8506975863129,3332.7985986843705
5934.664043260738,5.690173031762242,151.8506975863129,3336.906258713454
5936.160951085389,5.698374921455979,152.36075011081994,3336.906258713454
5959.649675918743,5.698374921455979,152.36075011081994,3358.597839085385
5960.05056700483,5.699515212327242,152.46130409277976,3358.597839085385
5978.932747807354,5.699515212327242,152.46130409277976,3371.6463877093047
5979.4153458010405,5.700513379648328,152.67176995240152,3371.6463877093047
6007.712357299402,5.700513379648328,152.67176995240152,3393.3279037792236
6021.518816212192,6.281342031434178,153.63619070872664,3393.3279037792236
6035.690031506121,6.281342031434178,153.63619070872664,3404.4173345249146
6036.246231868863,6.282297536730766,153.6512728780508,3404.4173345249146
6044.537384241819,6.282297536730766,153.6512728780508,3409.1526285260916
6045.0256166011095,6.283359384164214,153.93317949026823,3409.1526285260916
6058.85576264374,6.283359384164214,153.93317949026823,3416.551734942943
6060.33622818999,6.284464236348867,155.0511885099113,3416.551734942943
6089.7028538342565,6.284464236348867,155.0511885099113,3438.445770408958
6100.320788601413,6.299490872770548,155.6191162187606,3438.445770408958
6124.644238719717,6.299490872770548,155.6191162187606,3454.5105825699866
6125.456603385508,6.300517503172159,156.14895584061742,3454.5105825699866
6136.044683629647,6.300517503172159,156.14895584061742,3461.410093791783
6136.740627452731,6.301542101427913,156.45443368516862,3461.410093791783
6150.2412433531135,6.301542101427913,156.45443368516862,3472.3860423136503
6151.267562702298,6.302661221474409,156.92436416819692,3472.3860423136503
6158.183855369687,6.302661221474409,156.92436416819692,3476.7881674952805
6170.225826019421,6.460172837600112,156.93550399132073,3476.7881674952805
6180.147369777784,6.460172837600112,156.93550399132073,3483.085799790919
6182.804476957768,6.461296057328582,157.92629798687994,3483.085799790919
6196.792621066794,6.461296057328582,157.92629798687994,3494.2112996988
6196.877527594566,6.462215922772884,158.0040635727346,3494.2112996988
6213.969320666045,6.462215922772884,158.0040635727346,3507.2028873879462
6214.411608034745,6.463407324627042,158.0134711060673,3507.2028873879462
6225.405140280724,6.463407324627042,158.0134711060673,3514.515822984278
6238.400939261541,6.633149102330208,159.34084468334913,3514.515822984278
6253.706911591813,6.633149102330208,159.34084468334913,3525.535694776103
6254.190056713298,6.634317807853222,159.5865784958005,3525.535694776103
6271.557222373784,6.634317807853222,159.5865784958005,3535.5037695448846
6272.318077081814,6.635283036157489,160.01166728325188,3535.5037695448846
6284.723920049146,6.635283036157489,160.01166728325188,3543.864761060104
6286.464149281383,6.636506248265505,161.13133225776255,3543.864761060104
6300.023082364351,6.636506248265505,161.13133225776255,3553.4297743476927
6311.298838341609,6.71429836936295,161.20971276052296,3553.4297743476927
6327.153411095962,6.71429836936295,161.20971276052296,3566.3491589147598
6328.398856075481,6.715380469337106,161.9230915699154,3566.3491589147598
6336.375259131193,6.715380469337106,161.9230915699154,3571.295913372189
6337.4462857265025,6.716308807954192,162.81872407719493,3571.295913372189
6350.628183064982,6.716308807954192,162.81872407719493,3582.3096645846963
6350.795762065798,6.7172775361686945,162.9355507362634,3582.3096645846963
6357.979977753013,6.7172775361686945,162.9355507362634,3586.04626327008
6371.001240527257,6.721582805737853,163.13815859891474,3586.04626327008
6388.632802050561,6.721582805737853,163.13815859891474,3597.324403259903
6390.139082841575,6.722741786390543,164.28313819877803,3597.324403259903
6401.142238957807,6.722741786390543,164.28313819877803,3606.3823915515095
6402.300234489143,6.723860239610076,164.88113032653928,3606.3823915515095
6412.644840121269,6.723860239610076,164.88113032653928,3614.1183419618756
6414.063662702218,6.725044563412666,165.54879266954958,3614.1183419618756
6428.442522089928,6.725044563412666,165.54879266954958,3623.4592663180083
6439.399314861745,6.729323821142316,165.6705643888563,3623.4592663180083
6454.887516230345,6.729323821142316,165.6705643888563,3631.5160192046314
6456.002806298435,6.730358708649874,166.37427771650255,3631.5160192046314
6470.983101245016,6.730358708649874,166.37427771650255,3643.4732932094485
6471.679524069652,6.731515718623996,166.78817177191377,3643.4732932094485
6483.5954129211605,6.731515718623996,166.78817177191377,3650.1687275972217
6484.1424423176795,6.732648808509111,166.93701739050448,3650.1687275972217
6495.4335865247995,6.732648808509111,166.93701739050448,3659.1594043131918
6511.146597256884,6.736886877566576,168.5660315770656,3659.1594043131918
6521.750489577651,6.736886877566576,168.5660315770656,3665.2069403324276
6522.5487682670355,6.741177417337894,168.98250043019652,3665.2069403324276
6539.675753917545,6.741177417337894,168.98250043019652,3673.692860364914
6540.2799088303,6.742164084687829,169.36752556823194,3673.692860364914
6553.888510890305,6.742164084687829,169.36752556823194,3681.7965806238353
6554.295942787081,6.743336217477918,169.40725228376687,3681.7965806238353
6570.641020130366,6.743336217477918,169.40725228376687,3694.682008162141
6581.178285881877,6.74763566441834,169.43214493989944,3694.682008162141
6596.726448616013,6.74763566441834,169.43214493989944,3707.039197266102
6598.162215953693,6.7488348837941885,170.21224058046937,3707.039197266102
6613.155470771715,6.7488348837941885,170.21224058046937,3713.506446512416
6613.523175662383,6.749970274046063,170.3502168301493,3713.506446512416
6632.074833553284,6.749970274046063,170.3502168301493,3724.274843359366
6633.336199654266,6.8867168594151735,171.01533840224147,3724.274843359366
6658.386561742052,6.8867168594151735,171.01533840224147,3745.088750820607
6676.219644756988,6.920748982578516,171.21408887766302,3745.088750820607
6692.533242832869,6.920748982578516,171.21408887766302,3756.753180572763
6694.086572583765,6.921856863424182,172.06747339107096,3756.753180572763
6707.309093771502,6.921856863424182,172.06747339107096,3763.668601695448
6707.818242944777,6.922928120940924,172.38580470718443,3763.668601695448
6718.8227683175355,6.922928120940924,172.38580470718443,3771.222684999928
6720.11385975033,6.924086708575487,173.1429116949439,3771.222684999928
6739.899172091857,6.924086708575487,173.1429116949439,3783.9881611783057
6752.91888093017,6.9285746570676565,173.9275704137981,3783.9881611783057
6766.955814288929,6.9285746570676565,173.9275704137981,3791.675679543987
6767.501941697672,6.929692097008228,174.39069465734065,3791.675679543987
6783.918779954314,6.929692097008228,174.39069465734065,3801.7989718280733
6786.118770349771,6.9308369643986225,176.1042513102293,3801.7989718280733
6812.489413689822,6.9308369643986225,176.1042513102293,3821.115573493764
6814.264717774466,6.931861713528633,177.28528662584722,3821.115573493764
6823.152121504769,6.931861713528633,177.28528662584722,3826.0430344305933
6842.2658325936645,6.9363515712320805,178.07852696999907,3826.0430344305933
6857.21973531507,6.9363515712320805,178.07852696999907,3837.285636641085
6858.8522663377225,6.937588082626462,179.53706316277385,3837.285636641085
6866.739793561399,6.937588082626462,179.53706316277385,3842.290831115097
6868.800136758015,6.938691264018416,181.2946347501129,3842.290831115097
6888.2441714815795,6.938691264018416,181.2946347501129,3857.6741733867675
6890.230588553473,6.939757814630866,183.04131998308003,3857.6741733867675
6897.592493606731,6.939757814630866,183.04131998308003,3863.4596070293337
6916.617483135313,6.944178711622953,184.21836959384382,3863.4596070293337
6928.636649295688,6.944178711622953,184.21836959384382,3872.4726733844727
6929.375515408814,6.945390144363046,184.41532148234546,3872.4726733844727
6951.395211391151,6.945390144363046,184.41532148234546,3887.358703363687
6951.66369416751,6.946534972637892,184.52429857477546,3887.358703363687
6962.204211706296,6.946534972637892,184.52429857477546,3892.1137440856546
6962.887565677986,6.947777425870299,184.87144965305924,3892.1137440856546
6973.233235646039,6.947777425870299,184.87144965305924,3901.231552746147
6989.959775086492,7.2153815515339375,186.60486764088273,3901.231552746147
6997.1441898513585,7.2153815515339375,186.60486764088273,3903.2218834906816
6997.962578076869,7.216637033969164,187.08322155289352,3903.2218834906816
7015.073670862243,7.216637033969164,187.08322155289352,3912.6911467649043
7015.879115054384,7.217667611315846,187.78272426873446,3912.6911467649043
7030.424116032198,7.217667611315846,187.78272426873446,3925.362061187625
7030.794695850462,7.218639949336648,188.06332434341311,3925.362061187625
7037.461150981486,7.218639949336648,188.06332434341311,3927.9882985129952
7050.12356721051,7.223117548972368,188.07698179595172,3927.9882985129952
7060.5485310181975,7.223117548972368,188.07698179595172,3935.214339774102
7061.633019145578,7.224241249263287,188.81968129985034,3935.214339774102
7075.385974150151,7.224241249263287,188.81968129985034,3942.8690438177437
7077.032103242353,7.225339308381081,190.34756625071168,3942.8690438177437
7097.130505261943,7.225339308381081,190.34756625071168,3957.281383793801
7098.76543472521,7.226423978805542,191.5915665421635,3957.281383793801
7106.15077021718,7.226423978805542,191.5915665421635,3963.1063335929066
7118.993026772514,7.231163596734405,191.75300968624651,3963.1063335929066
7133.56356333755,7.231163596734405,191.75300968624651,3973.9001266770065
7135.496094938368,7.232278635725379,193.38505604490638,3973.9001266770065
7151.566616376862,7.232278635725379,193.38505604490638,3982.626012282446
7153.276926646009,7.233501700684428,194.74371584318578,3982.626012282446
7164.712932758033,7.233501700684428,194.74371584318578,3988.4148499760777
7165.872400347143,7.234533157199621,195.51405096240342,3988.4148499760777
7175.3920146636665,7.234533157199621,195.51405096240342,3994.8318872135133
7190.999512758106,7.238961935043335,196.74719054624438,3994.8318872135133
7205.950891723856,7.238961935043335,196.74719054624438,4007.3296381272376
7207.1868735440075,7.240127105265856,197.33249774202704,4007.3296381272376
7219.137879446149,7.240127105265856,197.33249774202704,4013.6429464146495
7219.522155134007,7.241176472976804,197.659465206787,4013.6429464146495
7223.266825914383,7.241176472976804,197.659465206787,4016.8953247368336
7223.865191008896,7.242228424176574,197.99484956264496,4016.8953247368336
7227.016314081848,7.242228424176574,197.99484956264496,4019.177753418684
7231.563924346119,7.277481323108077,198.5644870158285,4019.177753418684
7233.681775795296,7.277481323108077,198.5644870158285,4019.526482647285
7233.803501941264,7.27867616340518,198.59091931767762,4019.526482647285
7236.689322877675,7.27867616340518,198.59091931767762,4021.1573703102767
7237.010938689113,7.279764631763101,198.7040269691497,4021.1573703102767
7242.266438297927,7.279764631763101,198.7040269691497,4024.9381561093032
7242.769829440862,7.280832402408123,199.0499568860978,4024.9381561093032
7246.022836893797,7.280832402408123,199.0499568860978,4027.439015036449
7250.0794538185,7.38522663898766,199.3886711783707,4027.439015036449
7257.752633534372,7.38522663898766,199.3886711783707,4032.577217567712
7258.012137617916,7.3862100057303905,199.5979180894792,4032.577217567712
7263.363919310272,7.3862100057303905,199.5979180894792,4036.4916736278683
7264.000389901921,7.387395614758134,200.0484286956489,4036.4916736278683
7268.442140785977,7.387395614758134,200.0484286956489,4039.255110727623
7268.660574907437,7.388386223465204,200.23685391061008,4039.255110727623
7273.024481751025,7.388386223465204,200.23685391061008,4042.160967785865
7278.488499477506,7.5399546548724174,200.25074702873826,4042.160967785865
7282.372634485364,7.5399546548724174,200.25074702873826,4045.1714631337672
7282.983760662377,7.541048854589462,200.71712321974337,4045.1714631337672
7286.144402896985,7.541048854589462,200.71712321974337,4046.9815659448504
7286.414886701852,7.54214034602046,200.82958097569644,4046.9815659448504
7289.913402466103,7.54214034602046,200.82958097569644,4049.2825642768294
7290.226315042004,7.549938766285777,200.98265669867396,4049.2825642768294
7292.635041128844,7.549938766285777,200.98265669867396,4050.458864033222
7297.859773362055,7.715682772919536,201.256665058434,4050.458864033222
7299.941715789959,7.715682772919536,201.256665058434,4051.9314497224987
7300.09099095501,7.7167336512357,201.3925612140447,4051.9314497224987
7302.1422619167715,7.7167336512357,201.3925612140447,4053.4393066670746
7302.331457160413,7.717796420678496,201.50919056497514,4053.4393066670746
7305.197035660967,7.717796420678496,201.50919056497514,4054.9835917949677
7305.5453911256045,7.718849359080195,201.6546028535813,4054.9835917949677
7309.301814790815,7.718849359080195,201.6546028535813,4057.9198593199253
7314.58343889378,7.790865579620004,201.69307054392993,4057.9198593199253
7316.660621944815,7.790865579620004,201.69307054392993,4059.022947879508
7316.790860172361,7.791869418695569,201.79137939587235,4059.022947879508
7323.821687614545,7.791869418695569,201.79137939587235,4065.4326531831175
7324.325660673901,7.793139930814505,202.12142936326563,4065.4326531831175
7328.64432981424,7.793139930814505,202.12142936326563,4068.911161473021
7328.84636621736,7.794194070622325,202.31491355597973,4068.911161473021
7334.880519282073,7.794194070622325,202.31491355597973,4072.27083995007
7338.17600286752,7.798650531098247,202.7437373008579,4072.27083995007
7342.395236555487,7.798650531098247,202.7437373008579,4075.9823284856975
7342.492651453242,7.799735030159354,202.78576739504933,4075.9823284856975
7344.979825844988,7.799735030159354,202.78576739504933,4077.7988603934646
7345.449519285932,7.800722310319543,203.07160355336964,4077.7988603934646
7351.515068367124,7.800722310319543,203.07160355336964,4082.5049323253334
7351.648067213595,7.801923252642155,203.12594938836992,4082.5049323253334
7356.698401721194,7.801923252642155,203.12594938836992,4086.044281715527
7360.269987368956,7.8063410352915525,203.35649312473834,4086.044281715527
7364.0723244491965,7.8063410352915525,203.35649312473834,4088.4372149184346
7364.181763244793,7.807389214634895,203.4270364139229,4088.4372149184346
7369.300849445164,7.807389214634895,203.4270364139229,4091.6129524149
7369.371896462515,7.8084562625736,203.44097909517586,4091.6129524149
7374.42284074612,7.8084562625736,203.44097909517586,4094.514650946483
7374.687741750851,7.809673614799976,203.61166241951287,4094.514650946483
7377.599439948797,7.809673614799976,203.61166241951287,4096.160562548786
7381.524527177215,7.813980966806412,203.67687038891017,4096.160562548786
7383.354054953903,7.813980966806412,203.67687038891017,4097.181059950963
7383.881511498243,7.819087449461222,204.18663391657174,4097.181059950963
7391.019296033308,7.819087449461222,204.18663391657174,4103.194014722481
7391.162377893925,7.820156577974558,204.23097015358508,4103.194014722481
7398.628837076947,7.820156577974558,204.23097015358508,4108.7771506700665
7398.927626138553,7.821335660293698,204.4165460485965,4108.7771506700665
7407.27578856796,7.821335660293698,204.4165460485965,4115.003805866465
7412.682533444837,7.825660647824407,204.70294303633273,4115.003805866465
7421.167130254209,7.825660647824407,204.70294303633273,4120.830496260896
7421.529467549175,7.826728178188205,205.0216847769916,4120.830496260896
7428.2208633664995,7.826728178188205,205.0216847769916,4125.019358187914
7428.997762570158,7.842574752867222,205.68060784973204,4125.019358187914
7435.924545513466,7.842574752867222,205.68060784973204,4130.155886650085
7436.716510500759,7.8437987845391035,206.09746336005628,4130.155886650085
7442.309329517186,7.8437987845391035,206.09746336005628,4133.465293366462
7446.815818062052,7.8597072921693325,206.51120774447918,4133.465293366462
7454.2895033005625,7.8597072921693325,206.51120774447918,4139.318316603079
7454.684944866225,7.995236560702324,206.74667019210756,4139.318316603079
7462.309841893613,7.995236560702324,206.74667019210756,4145.0184309165925
7462.427708297968,7.996314009651542,206.76784697175026,4145.0184309165925
7469.414669422433,7.996314009651542,206.76784697175026,4150.419489501044
7469.578940957785,8.01648491062224,206.86481579765677,4150.419489501044
7472.433833966032,8.01648491062224,206.86481579765677,4152.721722658724
7477.152618996799,8.021118784323335,207.1842013373971,4152.721722658724
7484.013770377263,8.021118784323335,207.1842013373971,4158.153864527121
7484.451209085062,8.022152250632644,207.50744752772152,4158.153864527121
7491.704876277596,8.022152250632644,207.50744752772152,4163.796974008903
7491.840155621991,8.023171799257398,207.62435614317656,4163.796974008903
7497.475144993514,8.023171799257398,207.62435614317656,4167.2953124418855
7498.106867786497,8.024216990917921,207.83843702822924,4167.2953124418855
7504.603393502533,8.024216990917921,207.83843702822924,4171.43470521085
7510.816921485588,8.078340094536543,208.32523197866976,4171.43470521085
7517.130587037653,8.078340094536543,208.32523197866976,4176.5557301510125
7517.492762625217,8.079527484253049,208.42786764726043,4176.5557301510125
7522.787179181352,8.079527484253049,208.42786764726043,4179.521098433062
7523.367076333612,8.080665964633226,208.87172465585172,4179.521098433062
7525.999456670135,8.080665964633226,208.87172465585172,4181.1232925616205
7526.175482893363,8.081808015704155,208.9845583885908,4181.1232925616205
7529.2907962575555,8.081808015704155,208.9845583885908,4183.286338880658
7534.631906069815,8.086262887343764,209.37533169426024,4183.286338880658
7537.9110665768385,8.086262887343764,209.37533169426024,4185.800766389817
7538.346398325637,8.08735598064959,209.61648213118315,4185.800766389817
7544.206919750199,8.08735598064959,209.61648213118315,4188.700212145224
7544.90236672014,8.08860931172967,210.06654573604465,4188.700212145224
7550.606180841103,8.08860931172967,210.06654573604465,4192.225493753329
7551.149804545566,8.089655300602317,210.41474771499634,4192.225493753329
7556.402373611927,8.089655300602317,210.41474771499634,4195.806235810742
7560.549664031714,8.093859497457743,210.76122388243675,4195.806235810742
7566.787800341845,8.093859497457743,210.76122388243675,4199.575232403353
7567.10053852573,8.095138292759657,210.98370827548206,4199.575232403353
7573.63918642886,8.095138292759657,210.98370827548206,4204.493473995477
7573.8246114533395,8.09663355909288,211.062957694754,4204.493473995477
7577.006118753925,8.09663355909288,211.062957694754,4206.344564642757
7577.1988277211785,8.097707699984312,211.21775124780834,4206.344564642757
7582.540214795619,8.097707699984312,211.21775124780834,4210.304088292643
7586.857864385471,8.115725671872497,211.4046879708767,4210.304088292643
7590.014379568398,8.115725671872497,211.4046879708767,4211.467908354476
7590.0580741185695,8.116748109459877,211.43875180371106,4211.467908354476
7594.358256822452,8.116748109459877,211.43875180371106,4214.370407937095
7594.816810768098,8.117893029004335,211.74491481110454,4214.370407937095
7602.546757405624,8.117893029004335,211.74491481110454,4221.174352750182
7603.005137698725,8.119138401001692,211.97681953758,4221.174352750182
7606.304883833975,8.119138401001692,211.97681953758,4223.486627606675
7610.639851978049,8.12361953407526,212.29587211832404,4223.486627606675
7614.9047720730305,8.12361953407526,212.29587211832404,4226.453556349501
7615.633923636749,8.124929178506136,212.74596297368407,4226.453556349501
7621.742527021095,8.124929178506136,212.74596297368407,4231.500034984201
7622.004922477528,8.126176062971354,212.76486914418638,4231.500034984201
7626.940379397944,8.126176062971354,212.76486914418638,4234.128423202783
7627.305546369404,8.12719365209341,213.0210457406938,4234.128423202783
7630.133400017396,8.12719365209341,213.0210457406938,4235.9896092209965
7634.713287536055,8.148664878681302,213.41218145377934,4235.9896092209965
7639.93856545724,8.148664878681302,213.41218145377934,4240.094695048407
7640.241623722017,8.14981072768569,213.636131959036,4240.094695048407
7643.932249832898,8.14981072768569,213.636131959036,4243.078301947564
7644.236028790474,8.150893848389387,213.84587214887142,4243.078301947564
7651.45988176018,8.150893848389387,213.84587214887142,4248.597598256543
7651.568891789764,8.151947319507599,213.9239684678614,4248.597598256543
7653.217505250126,8.151947319507599,213.9239684678614,4249.4754143841565
7658.58002760075,8.225413046777248,214.18454278446734,4249.4754143841565
7663.387866444886,8.225413046777248,214.18454278446734,4252.605847802013
7663.883773146197,8.226414445787668,214.56014231219888,4252.605847802013
7669.287286654115,8.226414445787668,214.56014231219888,4255.865842806175
7669.868641177192,8.227668346837163,214.93601157143712,4255.865842806175
7674.700530933216,8.227668346837163,214.93601157143712,4258.757550762966
7674.929533801973,8.228733284398913,215.1311890874058,4258.757550762966
7684.771005300805,8.228733284398913,215.1311890874058,4266.996958417818
7688.682448809966,8.311398260295391,215.1447411030531,4266.996958417818
7691.054121026769,8.311398260295391,215.1447411030531,4268.324234098196
7691.276634810492,8.312423799186945,215.33766859211028,4268.324234098196
7694.179517602548,8.312423799186945,215.33766859211028,4269.9932628478855
7694.210637245327,8.313441896811128,215.35136155039072,4269.9932628478855
7697.873055679724,8.313441896811128,215.35136155039072,4272.99697839655
7698.334754224867,8.314469525590539,215.80172353982925,4272.99697839655
7706.412277655676,8.314469525590539,215.80172353982925,4277.967226171866
7710.099299386144,8.435447502881289,216.07771348953247,4277.967226171866
7714.799167744815,8.435447502881289,216.07771348953247,4281.116544036195
7715.256329411641,8.436549281701446,216.37670545466244,4281.116544036195
7721.763233862817,8.436549281701446,216.37670545466244,4285.634576804936
7722.518635004759,8.437719972804189,216.9839304536581,4285.634576804936
7729.351185645908,8.437719972804189,216.9839304536581,4291.3458235785365
7729.659622116014,8.438738791272044,217.2779201902449,4291.3458235785365
7736.404218157753,8.438738791272044,217.2779201902449,4296.444309208542
7740.34940106608,8.4994104988873,217.549995822832,4296.444309208542
7744.926786744967,8.4994104988873,217.549995822832,4299.527271412313
7745.258439773694,8.500450709834695,217.8409802671522,4299.527271412313
7749.532757073641,8.500450709834695,217.8409802671522,4302.120613394305
7750.0525291170925,8.532688243314624,217.96896494179964,4302.120613394305
7752.242934893817,8.532688243314624,217.96896494179964,4303.548127269372
7752.446795141324,8.58309007436037,218.11124008707702,4303.548127269372
7760.68428738229,8.58309007436037,218.11124008707702,4310.374149752781
7765.240678869188,8.587338173761964,218.27774418145418,4310.374149752781
7773.709815345705,8.587338173761964,218.27774418145418,4316.931264668703
7774.216464405879,8.588396592065692,218.62486916035414,4316.931264668703
7778.753399638459,8.588396592065692,218.62486916035414,4319.963689444587
7778.813434921205,8.589440070092678,218.65368827991188,4319.963689444587
7780.761148288846,8.589440070092678,218.65368827991188,4320.7790894489735
7781.091660141945,8.591731583699584,218.81225388869643,4320.7790894489735
7785.286902217194,8.591731583699584,218.81225388869643,4322.543389519677
7790.064330652356,8.596039151772857,219.24565639160573,4322.543389519677
7793.832978032529,8.596039151772857,219.24565639160573,4324.656515676528
7794.4209034740925,8.597177332267165,219.642927730456,4324.656515676528
7798.448173319921,8.597177332267165,219.642927730456,4327.015842180699
7798.886894142255,8.59822261147201,219.96135473437607,4327.015842180699
7801.176421046257,8.59822261147201,219.96135473437607,4328.405585948378
7801.756861630827,8.6147888507694,220.09534324146807,4328.405585948378
7804.541477389634,8.6147888507694,220.09534324146807,4329.998813379556
7810.132722886279,8.625728698447347,220.44423053786159,4329.998813379556
7815.469855159521,8.625728698447347,220.44423053786159,4333.5051738880575
7815.723090874031,8.62679397687316,220.56781661510468,4333.5051738880575
7820.910143526271,8.62679397687316,220.56781661510468,4336.715895758942
7821.567456217483,8.627952616661787,221.00230243988335,4336.715895758942
7825.916818110272,8.627952616661787,221.00230243988335,4339.67286683619
7826.218256497756,8.629061195999384,221.19544667564332,4339.67286683619
7830.497891977429,8.629061195999384,221.19544667564332,4342.580662125722
7834.597742009908,8.634911322966218,221.2821897957474,4342.580662125722
7835.984737794846,8.634911322966218,221.2821897957474,4343.218686798587
7836.490006886423,8.635913578793406,221.4804395046085,4343.218686798587
7841.119230397046,8.635913578793406,221.4804395046085,4346.1574351955205
7841.441885521635,8.637040300294757,221.68058674037457,4346.1574351955205
7846.049315951765,8.637040300294757,221.68058674037457,4350.022128455341
7846.1280414275825,8.638066697865725,221.70376564003527,4350.022128455341
7853.307455845177,8.638066697865725,221.70376564003527,4354.166373031214
7856.649457257241,8.6424415782094,222.01772237569094,4354.166373031214
7863.892332602292,8.6424415782094,222.01772237569094,4358.844666089863
7864.527279602364,8.64357758872211,222.56664963066578,4358.844666089863
7871.578400421888,8.64357758872211,222.56664963066578,4364.981651190668
7872.130857640877,8.644619857892394,223.03381974436343,4364.981651190668
7876.19236825034,8.644619857892394,223.03381974436343,4367.24664901197
7876.854979183525,8.645704485476017,223.605154953897,4367.24664901197
7884.87855331786,8.645704485476017,223.605154953897,4373.736049938947
7888.752254953608,8.661302518099546,223.61893659457564,4373.736049938947
7894.4881968945265,8.661302518099546,223.61893659457564,4378.117364222184
7894.663266636431,8.662409087643027,223.74212612584233,4378.117364222184
7897.877659609541,8.662409087643027,223.74212612584233,4380.265319701284
7898.001003416255,8.663628039881587,223.83041675575078,4380.265319701284
7900.6131972,8.663628039881587,223.83041675575078,4381.627498805523
7900.780947757885,8.664735212922096,223.9321889989078,4381.627498805523
7903.329020593315,8.664735212922096,223.9321889989078,4382.075002126396
7908.289792699739,8.669005358591676,224.31268815509975,4382.075002126396
7910.347087241709,8.669005358591676,224.31268815509975,4383.28933673352
7910.623105065897,8.670069508254528,224.50984630547464,4383.28933673352
7918.9448569417,8.670069508254528,224.50984630547464,4390.027504539117
7919.0285048261285,8.671154728159308,224.53162009082735,4390.027504539117
7923.362245414406,8.671154728159308,224.53162009082735,4391.76047401689
7924.016664342955,8.672411732375622,225.0620517153293,4391.76047401689
7931.628613194451,8.672411732375622,225.0620517153293,4398.526561925188
7936.3618906103075,8.685038352385163,225.5859740525484,4398.526561925188
7943.004575572908,8.685038352385163,225.5859740525484,4403.188292508945
7943.417975857854,8.68607398122549,225.60581639409065,4403.188292508945
7950.803113017231,8.68607398122549,225.60581639409065,4408.027473857626
7951.508559167385,8.687329916283488,225.967986067757,4408.027473857626
7956.369596475735,8.687329916283488,225.967986067757,4411.341190801933
7956.668576166034,8.688361136242747,226.17860181629658,4411.341190801933
7962.575875418261,8.688361136242747,226.17860181629658,4415.269917879254
7967.111933194101,8.71005816757679,226.56580264493823,4415.269917879254
7975.851538831368,8.71005816757679,226.56580264493823,4420.071905566379
7976.22998550348,8.711258029565215,226.8351450394839,4420.071905566379
7983.898825177923,8.711258029565215,226.8351450394839,4425.084868438542
7984.48459097743,8.712459420785308,227.2964172270149,4425.084868438542
7991.354339148849,8.712459420785308,227.2964172270149,4430.504784857854
7991.596170226112,8.713544880971313,227.50083352439106,4430.504784857854
7998.553132805973,8.713544880971313,227.50083352439106,4435.500118950382
8002.919987745583,8.719068434089422,227.6607021149248,4435.500118950382
8006.414776189253,8.719068434089422,227.6607021149248,4437.564135005698
8006.896778693423,8.720181673765182,227.94974643737078,4437.564135005698
8011.908973431215,8.720181673765182,227.94974643737078,4441.459219252691
8012.163465768099,8.721460746601224,228.07178917340934,4441.459219252691
8014.6340812612325,8.721460746601224,228.07178917340934,4443.163579056039
8014.8236791417,8.722474314272404,228.18974505364895,4443.163579056039
8019.404744176194,8.722474314272404,228.18974505364895,4445.476402338594
8023.368817271665,8.763378513976932,228.33012460172176,4445.476402338594
8025.477230167016,8.763378513976932,228.33012460172176,4446.713869735599
8025.53876061365,8.764597153291106,228.35646965913475,4446.713869735599
8030.415312545374,8.764597153291106,228.35646965913475,4449.750727623701
8031.06325764209,8.76569214090705,228.8022498562932,4449.750727623701
8033.725056027994,8.76569214090705,228.8022498562932,4451.472219174728
8034.009808983654,8.766719510778785,228.98336432129145,4451.472219174728
8036.012095658109,8.766719510778785,228.98336432129145,4452.323736675084
8040.103511722758,8.77114705182612,229.34437035024166,4452.323736675084
8042.102099141106,8.77114705182612,229.34437035024166,4453.377842379734
8042.575349068269,8.772201271727681,229.66698708198965,4453.377842379734
8049.417154544964,8.772201271727681,229.66698708198965,4458.021836411208
8049.704624153674,8.778727740049362,229.8668492473662,4458.021836411208
8054.9257938135415,8.778727740049362,229.8668492473662,4461.743178831413
8055.253682613373,8.780034355819225,229.93211142159998,4461.743178831413
8059.177183588967,8.780034355819225,229.93211142159998,4464.361627532169
8062.790685065091,8.784380374476314,229.9760179091245,4464.361627532169
8065.163396559656,8.784380374476314,229.9760179091245,4466.3254669979215
8065.683647589758,8.785460514947772,230.1499373856932,4466.3254669979215
8069.819499308243,8.785460514947772,230.1499373856932,4468.810763856396
8070.4538784995675,8.786986803635955,230.60796478576958,4468.810763856396
8075.4352758824825,8.786986803635955,230.60796478576958,4472.942777406424
8075.748594857752,8.788067182525992,230.8586393147707,4472.942777406424
8083.409316796809,8.788067182525992,230.8586393147707,4478.572324087843
8086.8912006653845,8.79254312440753,230.96250099129975,4478.572324087843
8092.4705047588795,8.79254312440753,230.96250099129975,4481.887768605724
8092.835228540003,8.79362184368074,231.25282583199441,4481.887768605724
8098.299800775945,8.79362184368074,231.25282583199441,4485.047889225185
8098.548887837678,8.794798815622926,231.42500171810389,4485.047889225185
8105.305218150839,8.794798815622926,231.42500171810389,4490.001335429028
8105.907150445506,8.79596022516489,231.9781355280429,4490.001335429028
8111.54686262086,8.79596022516489,231.9781355280429,4493.747199898586
8116.161733645946,8.813182756304741,232.373949252069,4493.747199898586
8122.098913593218,8.813182756304741,232.373949252069,4497.927604770288
8122.695638377219,8.850112896412611,232.7590314336121,4497.927604770288
8128.086448602378,8.850112896412611,232.7590314336121,4501.418611370027
8128.510665813461,8.851272735744715,232.96657992899418,4501.418611370027
8131.396745624021,8.851272735744715,232.96657992899418,4503.551766265184
8131.863131182268,8.852230701595545,233.27025116048753,4503.551766265184
8139.7628943398595,8.852230701595545,233.27025116048753,4509.430016467348
8144.132647508755,8.856872668489814,233.46714654378593,4509.430016467348
8151.321333818138,8.856872668489814,233.46714654378593,4513.6447222828865
8151.692639419809,8.857975067570806,233.54602120630443,4513.6447222828865
8156.946378033608,8.857975067570806,233.54602120630443,4517.987613299862
8157.01090125367,8.859179466962814,233.56018424592912,4517.987613299862
8163.893692228943,8.859179466962814,233.56018424592912,4522.191407976672
8164.081802016124,8.860159313306212,233.65717419609427,4522.191407976672
8171.3449434209615,8.860159313306212,233.65717419609427,4527.183435115963
8174.797481501475,8.864481782540679,233.91588206216693,4527.183435115963
8181.543939353898,8.864481782540679,233.91588206216693,4531.687399758026
8182.159596564248,8.865567611530423,234.41140336729586,4531.687399758026
8188.162666101009,8.865567611530423,234.41140336729586,4536.3047030344605
8188.20344729349,8.866606581956148,234.42586583085358,4536.3047030344605
8192.508886925876,8.866606581956148,234.42586583085358,4539.2461723685265
8192.714237025008,8.86767753213644,234.51836770027876,4539.2461723685265
8199.246820164844,8.86767753213644,234.51836770027876,4543.369718000293
8201.37899114564,8.875164231285453,234.63149824365973,4543.369718000293
8208.009206634015,8.875164231285453,234.63149824365973,4548.143164418638
8208.187935162336,8.876197669655085,234.77752807550132,4548.143164418638
8214.37406694889,8.876197669655085,234.77752807550132,4552.154326437041
8214.569579070434,8.877400511875749,234.94669621810317,4552.154326437041
8220.629972625524,8.877400511875749,234.94669621810317,4556.368041884154
8220.697756590322,8.878724616020918,235.00710525549948,4556.368041884154
8226.501052889973,8.878724616020918,235.00710525549948,4560.337753394619
8228.930428894237,8.883455479517579,235.22623527608812,4560.337753394619
8234.917638249695,8.883455479517579,235.22623527608812,4565.032158540562
8235.359231181443,8.884503236040473,235.35756503231823,4565.032158540562
8241.336458249018,8.884503236040473,235.35756503231823,4568.439066665247
8241.686005368829,8.88558210618794,235.62009740807116,4568.439066665247
8247.298874493688,8.88558210618794,235.62009740807116,4572.620283233002
8247.704792518169,8.886807398870587,235.75208250433207,4572.620283233002
8250.442490365356,8.886807398870587,235.75208250433207,4574.297133542597
8256.163123073056,8.891165839508176,236.3037486039102,4574.297133542597
8260.126748103648,8.891165839508176,236.3037486039102,4577.250999759883
8260.348115725443,8.892343489453197,236.34863479062915,4577.250999759883
8264.899193519726,8.892343489453197,236.34863479062915,4579.210662629455
8265.34386273846,8.893564822152257,236.66611883603036,4579.210662629455
8267.920765800402,8.893564822152257,236.66611883603036,4580.247896820307
8268.227949770167,8.89460963383317,236.90967056900263,4580.247896820307
8272.376825269312,8.89460963383317,236.90967056900263,4582.50852066651
8276.142633643001,8.899087365716696,237.08959365822375,4582.50852066651
8279.586615562439,8.899087365716696,237.08959365822375,4585.071410207078
8279.870531288907,8.900248756632209,237.33782999776304,4585.071410207078
8285.240142773837,8.900248756632209,237.33782999776304,4589.152820345014
8285.511336419731,8.914821900427341,237.58143861405551,4589.152820345014
8288.449214106426,8.914821900427341,237.58143861405551,4591.677853720263
8288.527581630275,8.915873490273952,237.62231721915305,4591.677853720263
8290.958107806742,8.915873490273952,237.62231721915305,4593.142200665548
8294.572474505752,8.920132089406252,238.14185777120292,4593.142200665548
8298.522243404761,8.920132089406252,238.14185777120292,4595.006458736956
8298.571012580767,8.921159368008375,238.15539337694645,4595.006458736956
8303.5320680812,8.921159368008375,238.15539337694645,4597.709066430107
8304.000349316746,8.92218690738082,238.31624705903232,4597.709066430107
8307.894965291023,8.92218690738082,238.31624705903232,4600.811829576269
8308.05140086636,8.923270905390382,238.44703683629632,4600.811829576269
8313.717411285266,8.923270905390382,238.44703683629632,4604.623371900991
8317.069621955976,8.988359211012721,238.49048304744065,4604.623371900991
8320.11638782546,8.988359211012721,238.49048304744065,4606.655490577221
8320.169332496822,8.989912709221244,238.50463609583676,4606.655490577221
8323.155896937475,8.989912709221244,238.50463609583676,4609.119304487482
8323.523521786556,8.990984749048948,238.81736782751977,4609.119304487482
8329.9749654755,8.990984749048948,238.81736782751977,4614.984636856243
8330.15246974118,8.992195431143045,238.94953716918826,4614.984636856243
8334.220762489364,8.992195431143045,238.94953716918826,4618.511052135378
8337.200694059953,9.058353453874588,239.3169633653015,4618.511052135378
8344.206176742911,9.058353453874588,239.3169633653015,4623.264948133379
8344.475149134174,9.059427862986922,239.4350089393556,4623.264948133379
8351.200438776985,9.059427862986922,239.4350089393556,4628.779203582555
8351.457581100985,9.060504775494337,239.61928775720298,4628.779203582555
8355.72639425844,9.060504775494337,239.61928775720298,4631.9279005061835
8355.845704017207,9.06156599521637,239.63868193887174,4631.9279005061835
8360.166348477826,9.06156599521637,239.63868193887174,4635.201838633046
8364.040726957843,9.066024284809828,240.09143471717834,4635.201838633046
8369.862657725811,9.066024284809828,240.09143471717834,4639.674482207745
8370.083348397166,9.06704492494464,240.2187601607293,4639.674482207745
8375.732138222083,9.06704492494464,240.2187601607293,4642.800668973476
8376.303460685536,9.10318423062563,240.63865195214748,4642.800668973476
8381.556816853583,9.10318423062563,240.63865195214748,4646.736472247168
8381.706760317087,9.104205330833793,240.775958256796,4646.736472247168
8384.822398856282,9.104205330833793,240.775958256796,4648.7284082993865
8388.661265997216,9.108504159376025,241.02735534496605,4648.7284082993865
8392.671295562759,9.108504159376025,241.02735534496605,4651.705561811104
8393.083466686308,9.109573766589165,241.30785203166306,4651.705561811104
8399.279431631789,9.109573766589165,241.30785203166306,4656.645848415792
8399.533163003623,9.110653346404433,241.40269834548235,4656.645848415792
8401.729416253045,9.110653346404433,241.40269834548235,4658.136511512101
8401.782002659515,9.111658982932568,241.44400512613356,4658.136511512101
8407.416149938479,9.111658982932568,241.44400512613356,4661.725504904985
8410.3057303112,9.14291994459927,241.51305482164025,4661.725504904985
8415.63202431798,9.14291994459927,241.51305482164025,4665.1952161137015
8415.669659642503,9.14392133243382,241.53791482374072,4665.1952161137015
8416.946850256994,9.14392133243382,241.53791482374072,4665.584388177842
8417.142208339646,9.145185632631183,241.611867537722,4665.584388177842
8419.96141349338,9.145185632631183,241.611867537722,4667.627123609185
8420.18978818506,9.146190110594034,241.80501211807132,4667.627123609185
8423.605917032808,9.146190110594034,241.80501211807132,4670.117735443637
8427.267920281738,9.20566377043724,241.8183323033154,4670.117735443637
8429.186603929847,9.20566377043724,241.8183323033154,4670.830608252436
8429.40901950188,9.206670697778463,241.90340513922274,4670.830608252436
8432.81640134193,9.206670697778463,241.90340513922274,4672.57566607371
8433.02193122916,9.207762617617846,242.01014286093414,4672.57566607371
8436.049720428884,9.207762617617846,242.01014286093414,4675.335810067132
8436.127972962335,9.210648568347096,242.05053527466953,4675.335810067132
8437.44817186892,9.210648568347096,242.05053527466953,4676.243739230558
8440.491339972243,9.214842565357685,242.27087024971843,4676.243739230558
8443.849749503657,9.214842565357685,242.27087024971843,4677.901592167094
8443.949013389647,9.215882204473019,242.34211699664593,4677.901592167094
8448.60580160655,9.215882204473019,242.34211699664593,4681.239921044558
8448.908819943666,9.21714024990797,242.46447223983705,4681.239921044558
8451.803854465485,9.21714024990797,242.46447223983705,4683.467559603974
8451.957275314257,9.218359781429172,242.52218123711646,4683.467559603974
8455.392009446397,9.218359781429172,242.52218123711646,4685.923275528476
8459.992307949811,9.222658919170499,242.65805581770837,4685.923275528476
8463.322907879949,9.222658919170499,242.65805581770837,4687.788076693192
8463.489381795749,9.223716547712684,242.72268800251186,4687.788076693192
8468.573100829497,9.223716547712684,242.72268800251186,4691.757643310353
8468.627567790449,9.224759878590703,242.76649555005133,4691.757643310353
8470.746819818392,9.224759878590703,242.76649555005133,4692.721240598708
8471.127385858446,9.225921958684921,242.902961242944,4692.721240598708
8474.783107861876,9.225921958684921,242.902961242944,4694.724646430463
8478.290881166235,9.230127474293113,242.9248320311308,4694.724646430463
8481.169697554782,9.230127474293113,242.9248320311308,4695.84501459077
8481.409034596756,9.231151992455125,243.08604525215924,4695.84501459077
8485.475125953555,9.231151992455125,243.08604525215924,4698.495625173673
8485.703753661364,9.232223760336637,243.18054561130702,4698.495625173673
8488.062882013619,9.232223760336637,243.18054561130702,4700.173725334927
8488.481165369973,9.233364650979638,243.49256514571607,4700.173725334927
8492.77626832202,9.233364650979638,243.49256514571607,4702.290214797482
8495.90657209605,9.237588420510292,243.71270655840635,4702.290214797482
8499.025567885488,9.237588420510292,243.71270655840635,4704.097319714725
8499.240587333217,9.2387460693717,243.88339700363576,4704.097319714725
8502.443484582007,9.2387460693717,243.88339700363576,4706.092963591218
8502.698872582987,9.24090331979096,244.0894199796021,4706.092963591218
8505.184264013544,9.24090331979096,244.0894199796021,4707.6740891598165
8505.661913448945,9.280861547216773,244.35931143537164,4707.6740891598165
8508.505915552378,9.280861547216773,244.35931143537164,4709.85569995828
8511.105337925255,9.28524768538773,244.52884065918624,4709.85569995828
8512.80783498101,9.28524768538773,244.52884065918624,4710.621683785692
8513.035397142172,9.286290744319558,244.7207784205675,4710.621683785692
8515.32435416989,9.286290744319558,244.7207784205675,4711.9924141690135
8515.726719366387,9.287326155230403,245.04158415459096,4711.9924141690135
8518.139634601772,9.287326155230403,245.04158415459096,4714.041940877214
8518.243560820818,9.288653029128909,245.05585694499314,4714.041940877214
8520.092907616869,9.288653029128909,245.05585694499314,4714.871511390433
8522.428766731173,9.292887426912785,245.18818322010338,4714.871511390433
8526.177007528022,9.292887426912785,245.18818322010338,4717.494344841689
8526.566738823429,9.309527020901442,245.44809461571276,4717.494344841689
8528.798529515043,9.309527020901442,245.44809461571276,4719.235257497057
8529.149740573019,9.336998978629708,245.661687720567,4719.235257497057
8531.549009649083,9.336998978629708,245.661687720567,4720.941002953798
8531.60169425793,9.338056929409504,245.70241091027856,4720.941002953798
8536.037002209574,9.338056929409504,245.70241091027856,4724.3588629271835
8538.937980610877,9.342388769611716,245.7411675043404,4724.3588629271835
8542.778747234493,9.342388769611716,245.7411675043404,4727.57859448716
8543.02234131284,9.343497149646282,245.93304083310068,4727.57859448716
8545.941741868854,9.343497149646282,245.93304083310068,4729.671180231497
8546.036331521347,9.345430303364992,246.0053054690361,4729.671180231497
8550.56654526107,9.345430303364992,246.0053054690361,4731.8020079396665
8550.846434161067,9.346450870856643,246.2174375653267,4731.8020079396665
8555.859680138528,9.346450870856643,246.2174375653267,4734.8284021914005
8558.406918410212,9.35083811916411,246.23228179477155,4734.8284021914005
8560.730117686093,9.35083811916411,246.23228179477155,4736.572071189061
8560.779791139066,9.35184900648892,246.27452341280878,4736.572071189061
8564.522174565122,9.35184900648892,246.27452341280878,4738.412830544636
8564.594923609868,9.3528713863343,246.2934694774449,4738.412830544636
8567.488322278485,9.3528713863343,246.2934694774449,4739.994906377047
8567.857906498015,9.35394835472107,246.50171459652483,4739.994906377047
8571.158857248724,9.35394835472107,246.50171459652483,4741.919701861218
8574.559449682012,9.377319449558854,246.53237387351692,4741.919701861218
8576.353467484936,9.377319449558854,246.53237387351692,4742.977531356737
8576.377558136359,9.37868963368237,246.54590915702283,4742.977531356737
8579.458583764732,9.37868963368237,246.54590915702283,4745.296878226101
8579.918883517385,9.379905374720693,246.7845896370709,4745.296878226101
8582.041913388297,9.379905374720693,246.7845896370709,4746.648311400786
8582.444807505235,9.381014944985509,247.08614736236632,4746.648311400786
8586.329339388758,9.381014944985509,247.08614736236632,4749.267049536109
8589.227725561708,9.385326763615012,247.17499077692628,4749.267049536109
8592.65346731618,9.385326763615012,247.17499077692628,4751.525496836752
8592.977457677945,9.38725296035409,247.37855588831007,4751.525496836752
8595.2022406701,9.38725296035409,247.37855588831007,4752.69937877357
8595.543329752982,9.388252850621939,247.6705101467669,4752.69937877357
8598.178426897153,9.388252850621939,247.6705101467669,4754.785356871784
8598.51679892093,9.389312721788883,247.88273463770747,4754.785356871784
8604.31785587594,9.389312721788883,247.88273463770747,4758.265917032957
8607.137853713706,9.393579188734293,247.9223401285708,4758.265917032957
8611.016438035294,9.393579188734293,247.9223401285708,4760.677533764392
8611.536164857447,9.394763773307204,248.21772470325232,4760.677533764392
8615.606564030051,9.394763773307204,248.21772470325232,4763.612461812794
8616.012225847691,9.395870363339782,248.44082975946367,4763.612461812794
8619.410848271102,9.395870363339782,248.44082975946367,4765.864176789299
8619.559391153976,9.396895030513406,248.57856530323625,4765.864176789299
8623.935064787045,9.396895030513406,248.57856530323625,4769.619315566495
8627.234204662964,9.401201887056231,248.91278723813593,4769.619315566495
8630.535585518926,9.401201887056231,248.91278723813593,4770.921346899122
8630.668713361025,9.402213022112846,249.01264809444547,4770.921346899122
8632.889693368226,9.402213022112846,249.01264809444547,4772.29101097025
8633.120718089864,9.403282929211855,249.20191586762667,4772.29101097025
8635.361925544217,9.403282929211855,249.20191586762667,4773.582040203735
8635.480975398794,9.404325338080525,249.29304762370884,4773.582040203735
8638.377297060564,9.404325338080525,249.29304762370884,4775.6590313613415
8642.451447363943,9.408591667190194,249.3555790502578,4775.6590313613415
8644.335872389376,9.408591667190194,249.3555790502578,4777.004794660956
8644.432743292302,9.409619005396962,249.44206426292658,4777.004794660956
8647.787608273327,9.409619005396962,249.44206426292658,4779.963426753879
8648.415299950168,9.416975256055593,249.74997986480594,4779.963426753879
8651.263716900721,9.416975256055593,249.74997986480594,4782.018448494375
8651.39228159003,9.417982924729586,249.86360388062894,4782.018448494375
8654.85381189175,9.417982924729586,249.86360388062894,4784.5656908378005
8657.760923430324,9.429939759895205,249.9773119483143,4784.5656908378005
8659.987901316956,9.429939759895205,249.9773119483143,4785.4349181409925
8660.073685869575,9.431018659844995,250.02676992863417,4785.4349181409925
8665.502167521045,9.431018659844995,250.02676992863417,4789.598274871707
8665.707834333181,9.432093679904938,250.18271930515766,4789.598274871707
8669.394855098799,9.432093679904938,250.18271930515766,4792.073819160461
8669.522054061294,9.433242289349437,250.26894368231297,4792.073819160461
8673.69870842807,9.433242289349437,250.26894368231297,4794.7319678310305
8676.555821789429,9.437556689605117,250.50657090358436,4794.7319678310305
8679.476732151583,9.437556689605117,250.50657090358436,4797.171977424994
8679.74343428202,9.438618458807468,250.72048883326352,4797.171977424994
8684.407531354576,9.438618458807468,250.72048883326352,4800.796851113439
8684.833173988387,9.43986645154655,250.9719473272562,4800.796851113439
8687.74342241697,9.43986645154655,250.9719473272562,4803.246273878962
8687.890801277012,9.440937841311097,251.0733663085848,4803.246273878962
8690.84515608102,9.440937841311097,251.0733663085848,4805.157571405172
8692.999339256436,9.447250649333,251.20672553405166,4805.157571405172
8698.080205621198,9.447250649333,251.20672553405166,4809.0004269536585
8698.424511509016,9.448316229507327,251.46917937882245,4809.0004269536585
8703.046242767945,9.448316229507327,251.46917937882245,4812.239993032068
8703.114538250491,9.44931853748858,251.5085411015898,4812.239993032068
8707.127925209701,9.44931853748858,251.5085411015898,4815.266394481063
8707.247247122228,9.450446529313922,251.57159866578877,4815.266394481063
8711.17394619435,9.450446529313922,251.57159866578877,4817.6201102454215
8715.097989976406,9.493476310744882,251.66160184331238,4817.6201102454215
8717.17081945762,9.493476310744882,251.66160184331238,4818.504869097844
8717.289572369307,9.494587073102593,251.75794870778918,4818.504869097844
8720.081541061401,9.494587073102593,251.75794870778918,4820.387809889391
8720.445179434493,9.49574926495552,251.9876618143171,4820.387809889391
8724.359182603657,9.49574926495552,251.9876618143171,4822.7899927049875
8724.625868869945,9.496883103623986,252.203703135252,4822.7899927049875
8729.088001454249,9.496883103623986,252.203703135252,4825.831641681492
8733.65266946517,9.501271836459637,252.4445724990219,4825.831641681492
8735.943310992792,9.501271836459637,252.4445724990219,4827.62039828673
8736.220046395436,9.502375587821007,252.65470737963915,4827.62039828673
8739.685671489686,9.502375587821007,252.65470737963915,4829.499585483223
8740.199582332745,9.51877123489976,253.07895561493933,4829.499585483223
8743.07290881686,9.51877123489976,253.07895561493933,4831.702436959371
8743.130388326943,9.519956186413765,253.10517660342157,4831.702436959371
8746.170580329373,9.519956186413765,253.10517660342157,4833.24864404276
8749.331248190254,9.524308487772942,253.37596506252885,4833.24864404276
8752.405829070136,9.524308487772942,253.37596506252885,4835.781377144158
8752.781877294183,9.525506280362606,253.6155272293836,4835.781377144158
8754.459989592433,9.525506280362606,253.6155272293836,4836.293671283871
8754.745493933558,9.527171952649951,253.8466323595494,4836.293671283871
8756.48419162631,9.527171952649951,253.8466323595494,4837.711400816217
8757.306110233068,9.528468064963818,254.34304580278695,4837.711400816217
8760.322667829692,9.528468064963818,254.34304580278695,4840.2827185522765
8763.3944451157,9.532782224938273,254.4024233072996,4840.2827185522765
8766.868519037962,9.532782224938273,254.4024233072996,4842.732055848464
8767.22228504531,9.533843472599983,254.74573316052556,4842.732055848464
8771.046877276152,9.533843472599983,254.74573316052556,4845.675010148436
8771.224215041846,9.535475142300129,254.8431829009205,4845.675010148436
8772.799549428746,9.535475142300129,254.8431829009205,4846.8346609175205
8773.057058285922,9.536670913919806,254.92966395802796,4846.8346609175205
8776.415944166481,9.536670913919806,254.92966395802796,4848.751487551257
8779.198657391593,9.549874747171998,255.16390607319772,4848.751487551257
8783.22081391327,9.549874747171998,255.16390607319772,4850.8360144961625
8783.64130092971,9.551498306915164,255.53471000306308,4850.8360144961625
8788.343674542382,9.551498306915164,255.53471000306308,4854.254226446152
8788.402374241501,9.552616907283664,255.5581597071141,4854.254226446152
8791.888221221045,9.552616907283664,255.5581597071141,4857.073551150039
8792.175170471892,9.553694136440754,255.75228782370687,4857.073551150039
8796.01290697977,9.553694136440754,255.75228782370687,4860.092813141644
8799.181087901816,9.613526828587055,256.00872744619846,4860.092813141644
8804.581294750795,9.613526828587055,256.00872744619846,4863.764538710937
8804.858142921701,9.614771312102675,256.2385327145457,4863.764538710937
8808.344124499708,9.614771312102675,256.2385327145457,4865.399566302076
8808.741935817525,9.615826591849327,256.5774579271674,4865.399566302076
8813.485323322937,9.615826591849327,256.5774579271674,4869.090117579326
8813.985181633383,9.616944652050734,256.96351189538836,4869.090117579326
8818.50020550564,9.616944652050734,256.96351189538836,4872.669593272731
8821.823850434273,9.631835808977485,257.1864829156548,4872.669593272731
8825.838258804753,9.631835808977485,257.1864829156548,4875.328033575788
8826.18207808584,9.635422496125102,257.4180634636432,4875.328033575788
8830.492603503168,9.635422496125102,257.4180634636432,4878.663120981306
8830.91756542027,9.636644659563899,257.7595517691225,4878.663120981306
8834.198249366134,9.636644659563899,257.7595517691225,4880.530341790989
8834.541902763769,9.63931018859148,257.9308130182326,4880.530341790989
8836.738157263026,9.63931018859148,257.9308130182326,4882.046928670257
8840.723548253998,9.652825387194753,257.9917073380202,4882.046928670257
8844.185666501522,9.652825387194753,257.9917073380202,4883.911755377427
8844.37020117417,9.653985567390919,258.14490146934986,4883.911755377427
8846.787344129756,9.653985567390919,258.14490146934986,4885.282074356452
8846.829299747944,9.655062835663557,258.1684703361243,4885.282074356452
8848.333803173155,9.655062835663557,258.1684703361243,4886.172959290445
8848.46629689075,9.65625424683094,258.2789340559393,4886.172959290445
8850.418438477442,9.65625424683094,258.2789340559393,4887.430053815246
8854.03200097382,9.66113442927599,258.39962596446276,4887.430053815246
8856.062602490187,9.66113442927599,258.39962596446276,4888.930442167446
8856.46159441024,9.662263678386807,258.6427845340222,4888.930442167446
8859.833594584838,9.662263678386807,258.6427845340222,4891.4323119502515
8860.100785629824,9.670781405642629,258.80921190977097,4891.4323119502515
8863.935709232464,9.670781405642629,258.80921190977097,4894.739236833528
8864.227235797793,9.672029167413712,258.8735921625048,4894.739236833528
8866.34313364327,9.672029167413712,258.8735921625048,4896.02679749392
8869.382711801678,9.685378111898899,259.2326808106154,4896.02679749392
8874.542950648814,9.685378111898899,259.2326808106154,4899.927835974842
8875.050720630214,9.689335566014051,259.65661599859595,4899.927835974842
8877.385306216776,9.689335566014051,259.65661599859595,4901.212406693026
8877.54902144149,9.690499845892191,259.7256783284247,4901.212406693026
8881.514210795984,9.690499845892191,259.7256783284247,4904.4787682350725
8881.66767879948,9.691630898043513,259.84420414455235,4904.4787682350725
8884.873649924994,9.691630898043513,259.84420414455235,4906.091396499425
8889.104890873656,9.700248666107655,259.919830404222,4906.091396499425
8891.838425476104,9.700248666107655,259.919830404222,4907.155874028802
8892.361819973215,9.701425017789006,260.1826919633895,4907.155874028802
8896.032514909282,9.701425017789006,260.1826919633895,4909.5816892161965
8896.194972742349,9.702657349407673,260.2221425436437,4909.5816892161965
8898.191202327609,9.702657349407673,260.2221425436437,4910.344259360805
8898.236512726173,9.70379594899714,260.24071380123496,4910.344259360805
8899.945988321677,9.70379594899714,260.24071380123496,4911.521269990131
8905.2411871925,9.708100227639079,260.4494385458529,4911.521269990131
8910.58486307785,9.708100227639079,260.4494385458529,4915.803821904585
8910.99671411328,9.709271769970655,260.72686846368015,4915.803821904585
8914.65517792292,9.709271769970655,260.72686846368015,4918.021686300635
8915.045516889542,9.710375359281898,261.09599288739264,4918.021686300635
8917.995775334537,9.710375359281898,261.09599288739264,4920.494870012626
8918.131022145972,9.711489152163267,261.2162497024983,4920.494870012626
8922.08235296607,9.711489152163267,261.2162497024983,4923.417490387335
8925.166115978733,9.811313340440392,261.3889822512865,4923.417490387335
8930.727603517473,9.811313340440392,261.3889822512865,4928.006930164993
8931.124560654163,9.824444243684411,261.7333585154265,4928.006930164993
8935.262512464076,9.824444243684411,261.7333585154265,4930.777062973008
8935.413879096508,9.825583886355162,261.86037046834826,4930.777062973008
8940.086316106841,9.825583886355162,261.86037046834826,4934.109757306054
8940.585214998573,9.826677085831761,262.3034226093441,4934.109757306054
8946.489535540342,9.826677085831761,262.3034226093441,4938.510078752413
8949.368917278945,9.831302922219038,262.5223136097193,4938.510078752413
8952.932816768065,9.831302922219038,262.5223136097193,4941.186839427799
8953.256750268862,9.83241430297494,262.77639265730977,4941.186839427799
8956.570545544848,9.83241430297494,262.77639265730977,4943.568942161277
8956.822647450492,9.833571273833513,262.8110527601093,4943.568942161277
8960.052504157647,9.833571273833513,262.8110527601093,4945.835127973929
8960.343217423186,9.834863176569343,262.97838153503835,4945.835127973929
8963.035106029361,9.834863176569343,262.97838153503835,4947.889785001054
8967.253019740805,9.839129937812686,263.2810261826962,4947.889785001054
8969.98236132972,9.839129937812686,263.2810261826962,4949.568552104756
8970.258199121803,9.840317409485579,263.3707624915987,4949.568552104756
8972.004729114473,9.840317409485579,263.3707624915987,4950.452897466719
8972.292356481776,9.841443881392479,263.6356426887214,4950.452897466719
8975.073862610385,9.841443881392479,263.6356426887214,4952.170391039923
8975.388747492805,9.84260455146432,263.7819116525352,4952.170391039923
8978.779111223295,9.84260455146432,263.7819116525352,4954.120412824675
8982.517515674233,9.847948111593723,263.96229500696063,4954.120412824675
8984.839473545551,9.847948111593723,263.96229500696063,4955.116469686851
8985.157662628219,9.849371496587992,264.23739224113524,4955.116469686851
8988.814514581114,9.849371496587992,264.23739224113524,4957.136203609407
8988.996359862387,9.850596588104963,264.3322246335447,4957.136203609407
8991.658171517774,9.850596588104963,264.3322246335447,4959.456803038716
8992.14859947376,9.851937981322408,264.49302212521434,4959.456803038716
8997.157639084384,9.851937981322408,264.49302212521434,4962.722105683759
9000.116525720805,9.85814943537116,264.63689828291535,4962.722105683759
9003.358264163136,9.85814943537116,264.63689828291535,4965.013448804617
9003.63637064211,9.859363740310073,264.85709791071713,4965.013448804617
9006.500809717923,9.859363740310073,264.85709791071713,4967.285492405295
9006.658289147541,9.860414270311594,265.0003720074892,4967.285492405295
9009.939846796915,9.860414270311594,265.0003720074892,4969.279163859785
9010.112241011113,9.861518489196897,265.15696725063026,4969.279163859785
9012.471686141565,9.861518489196897,265.15696725063026,4970.66579698585
9016.16923920624,9.873090013861656,265.2497308347374,4970.66579698585
9018.992941576988,9.873090013861656,265.2497308347374,4972.215569721535
9019.29056017287,9.87421571277082,265.48071465082467,4972.215569721535
9022.022442406043,9.87421571277082,265.48071465082467,4973.550367394462
9022.388897841796,9.878368778154254,265.8285520542413,4973.550367394462
9024.776872036979,9.878368778154254,265.8285520542413,4975.252090856433
9024.893468551338,9.879469066858292,265.88734471052885,4975.252090856433
9028.033147867769,9.879469066858292,265.88734471052885,4977.988150918856
9029.647223206237,9.892598187550902,265.9708364736289,4977.988150918856
9031.674049906433,9.892598187550902,265.9708364736289,4979.453537810594
9031.85818054527,9.903793755918741,266.1245230939239,4979.453537810594
9032.993837777525,9.903793755918741,266.1245230939239,4979.885860612616
9033.15311229974,9.904976077377796,266.1790894009173,4979.885860612616
9034.405137520283,9.904976077377796,266.1790894009173,4980.3865712005645
9034.615880789235,9.907073253765702,266.35215223766863,4980.3865712005645
9036.082758396864,9.907073253765702,266.35215223766863,4981.563622085378
9038.886837612838,9.91158933006227,266.4939491581172,4981.563622085378
9040.509569834918,9.91158933006227,266.4939491581172,4982.736978650093
9040.768469685689,9.912678448483348,266.6232940927148,4982.736978650093
9043.891672579572,9.912678448483348,266.6232940927148,4984.715046972036
9044.030975081027,9.91384832188487,266.66354204528034,4984.715046972036
9047.329064719379,9.91384832188487,266.66354204528034,4986.485123220831
9047.608900755644,9.914972452446818,266.92706255987287,4986.485123220831
9050.635560100898,9.914972452446818,266.92706255987287,4988.78553908132
9053.750345736742,9.919223250821233,267.258959216997,4988.78553908132
9057.440048443154,9.919223250821233,267.258959216997,4991.666472909972
9057.556513752788,9.920293550938368,267.3377811405808,4991.666472909972
9060.297225909308,9.920293550938368,267.3377811405808,4993.271148778498
9060.609615923837,9.92136256955564,267.56625545583665,4993.271148778498
9063.889254413545,9.92136256955564,267.56625545583665,4995.916579313576
9064.104472044855,9.923807006329298,267.5842920206487,4995.916579313576
9066.400304403156,9.923807006329298,267.5842920206487,4997.107411330566
9069.14966288954,9.928420644253492,267.75729589164257,4997.107411330566
9071.490176601335,9.928420644253492,267.75729589164257,4998.369434216991
9071.625209482387,9.929546996951103,267.8541703298688,4998.369434216991
9075.701176041737,9.929546996951103,267.8541703298688,5000.972994698212
9075.748225299641,9.930685076862574,267.88829611055553,5000.972994698212
9077.272073958069,9.930685076862574,267.88829611055553,5001.580081919208
9077.526080273092,9.93173798546195,268.09330712258816,5001.580081919208
9079.878334954381,9.93173798546195,268.09330712258816,5003.0494013391435
9082.395550725982,9.936131667345762,268.4249751213938,5003.0494013391435
9083.486469330266,9.936131667345762,268.4249751213938,5003.6049710176885
9083.726916158572,9.93722103908658,268.6495125051588,5003.6049710176885
9086.460925223306,9.93722103908658,268.6495125051588,5004.956805355847
9086.966772016138,9.938550002872944,268.91502369195223,5004.956805355847
9089.177934136242,9.938550002872944,268.91502369195223,5006.165484772995
9089.355071213096,9.939647991210222,269.02049613557756,5006.165484772995
9090.56171078235,9.939647991210222,269.02049613557756,5006.884608078748
9093.52703627944,9.944306436926126,269.1093017142266,5006.884608078748
9097.175681198016,9.944306436926126,269.1093017142266,5009.630730260164
9097.508228192106,9.945356484502554,269.37258329056203,5009.630730260164
9101.458798004314,9.945356484502554,269.37258329056203,5012.399882771075
9101.797768305987,9.946610696613789,269.68446139246225,5012.399882771075
9105.708568889648,9.946610696613789,269.68446139246225,5015.075051687658
9106.165842911229,9.94774928689003,270.1103943362832,5015.075051687658
9110.475146267563,9.94774928689003,270.1103943362832,5017.571115996689
9113.253257624805,9.95204196497798,270.3819955531508,5017.571115996689
9117.240672904998,9.95204196497798,270.3819955531508,5020.65813549608
9117.514766769484,9.953159688040614,270.6470185611397,5020.65813549608
9122.812117857859,9.953159688040614,270.6470185611397,5024.537274936214
9123.181140581146,9.954235538840294,270.9850673042238,5024.537274936214
9126.23099319823,9.954235538840294,270.9850673042238,5027.282219991088
9126.48192657344,9.955307219177485,271.21597276069224,5027.282219991088
9130.358408054337,9.955307219177485,271.21597276069224,5030.346998358145
9132.14475071244,9.959726009517908,271.3278508335352,5030.346998358145
9137.13969344087,9.959726009517908,271.3278508335352,5033.458175273612
9137.546905457973,9.960899570956826,271.6572457756847,5033.458175273612
9141.804092882201,9.960899570956826,271.6572457756847,5035.989254225045
9142.204907057807,9.962037242949009,271.9292977396399,5035.989254225045
9145.538848953322,9.962037242949009,271.9292977396399,5037.991215860471
9145.971304202452,9.99507893063128,272.2458384241909,5037.991215860471
9149.320564173162,9.99507893063128,272.2458384241909,5040.39286858961
9151.20133912377,9.99942421540618,272.3994519840926,5040.39286858961
9153.417526151985,9.99942421540618,272.3994519840926,5042.096252338961
9153.491144416854,10.000509394332767,272.4260201137513,5042.096252338961
9157.878542533144,10.000509394332767,272.4260201137513,5045.484376838431
9158.172908306122,10.016016729176044,272.6234398595989,5045.484376838431
9162.061808189377,10.016016729176044,272.6234398595989,5048.3513619713485
9162.521744772792,10.01716098934412,272.936875032261,5048.3513619713485
9167.814572006464,10.01716098934412,272.936875032261,5051.823329387233
9170.473336458206,10.058860938996077,273.2856123764068,5051.823329387233
9174.22307999432,10.058860938996077,273.2856123764068,5054.352190794423
9174.55792674236,10.060141384601593,273.49148941785097,5054.352190794423
9178.10178167373,10.060141384601593,273.49148941785097,5057.1223341804
9178.37031025812,10.061245245859027,273.73367711901665,5057.1223341804
9181.929164350033,10.061245245859027,273.73367711901665,5059.644931036979
9182.149270992726,10.062331298366189,273.898994801566,5059.644931036979
9185.800413792953,10.062331298366189,273.898994801566,5062.372722867876
9188.30880914256,10.066908610984683,273.91717028431594,5062.372722867876
9191.381670253351,10.066908610984683,273.91717028431594,5064.097190147266
9191.608741465956,10.068008663132787,274.1057927273214,5064.097190147266
9195.68862188235,10.068008663132787,274.1057927273214,5066.413387613371
9195.874735306948,10.069089634343982,274.2838275860995,5066.413387613371
9198.393101282418,10.069089634343982,274.2838275860995,5068.518544541672
9198.586923930794,10.07015929184854,274.4591591041535,5068.518544541672
9201.378540987149,10.07015929184854,274.4591591041535,5070.6091010365635
9204.195487998426,10.085050636902452,274.6514390837401,5070.6091010365635
9208.448537455872,10.085050636902452,274.6514390837401,5073.387448931113
9208.711128350347,10.08615262620151,274.8894097954035,5073.387448931113
9210.640417100862,10.08615262620151,274.8894097954035,5074.734664184973
9210.926100540906,10.087237419560552,275.0545484442264,5074.734664184973
9214.754198189825,10.087237419560552,275.0545484442264,5077.285463316366
9215.150048518553,10.088362209498882,275.32271406054497,5077.285463316366
9220.149612685665,10.088362209498882,275.32271406054497,5080.907250832766
9222.152620457113,10.141871815547347,275.4255293048918,5080.907250832766
9226.129259269685,10.141871815547347,275.4255293048918,5083.724531922489
9226.378614062443,10.142997026443481,275.5470000207424,5083.724531922489
9230.371427705511,10.142997026443481,275.5470000207424,5086.47118823044
9230.702000020072,10.144148636609316,275.7299761492759,5086.47118823044
9233.610032694414,10.144148636609316,275.7299761492759,5088.4752463568
9233.677345084026,10.145345518365502,275.7521070446819,5088.4752463568
9237.027309659868,10.145345518365502,275.7521070446819,5090.958448261023
9239.401071667671,10.149885538965464,275.9216832164675,5090.958448261023
9243.92278336361,10.149885538965464,275.9216832164675,5094.417576991022
9244.22356245853,10.151191372424364,276.15257872641087,5094.417576991022
9247.763734946027,10.151191372424364,276.15257872641087,5097.019373629242
9248.067249812186,10.157306864857674,276.43495029211044,5097.019373629242
9251.058993466198,10.157306864857674,276.43495029211044,5099.551516057923
9251.203763829544,10.15855267830193,276.46912425011396,5099.551516057923
9254.587518980727,10.15855267830193,276.46912425011396,5101.386326270178
9256.912390049547,10.19738425500691,276.5201506074518,5101.386326270178
9259.772143410519,10.19738425500691,276.5201506074518,5103.180237557739
9260.084429373965,10.1985158380121,276.74362125992775,5103.180237557739
9263.013457365334,10.1985158380121,276.74362125992775,5105.199960827827
9263.112110599875,10.199647741392255,276.81203220039606,5105.199960827827
9266.387238305062,10.199647741392255,276.81203220039606,5107.13597789593
9266.460115177557,10.200754540041089,276.8304714113474,5107.13597789593
9270.781852345914,10.200754540041089,276.8304714113474,5110.530570046976
9272.7788432315,10.205211969092488,277.14947256073356,5110.530570046976
9276.150441125035,10.205211969092488,277.14947256073356,5112.940361900255
9276.371658945456,10.206466373056173,277.30235768295825,5112.940361900255
9280.377287197858,10.206466373056173,277.30235768295825,5116.079013315961
9280.750439900905,10.207631524652243,277.5835290681571,5116.079013315961
9284.783910401165,10.207631524652243,277.5835290681571,5118.427276918665
9285.009401809424,10.209978248924017,277.63194834813476,5118.427276918665
9287.708918793127,10.209978248924017,277.63194834813476,5120.47167134285
9290.343421647325,10.214566612616181,277.73721880465746,5120.47167134285
9291.996468041092,10.214566612616181,277.73721880465746,5121.465662665665
9292.427884215489,10.215664211660624,277.9994781669229,5121.465662665665
9293.830386810005,10.215664211660624,277.9994781669229,5122.12345001474
9294.237582109869,10.216947944834828,278.3327116854489,5122.12345001474
9295.852530410513,10.216947944834828,278.3327116854489,5123.242080448195
9296.073455302045,10.218046864494681,278.5031334385276,5123.242080448195
9298.029946474358,10.218046864494681,278.5031334385276,5124.399992214516
9300.116879440844,10.222570797428489,278.7346869558096,5124.399992214516
9302.74892777577,10.222570797428489,278.7346869558096,5126.1422112528235
9303.022732749581,10.223671676591039,278.9677648637444,5126.1422112528235
9305.022571345791,10.223671676591039,278.9677648637444,5127.4596072193235
9305.314439173788,10.225009581074119,279.19271164014935,5127.4596072193235
9306.777051538229,10.225009581074119,279.19271164014935,5127.907898724079
9307.022141965106,10.226171310991049,279.2520007994026,5127.907898724079
9308.152153344825,10.226171310991049,279.2520007994026,5128.358796026558
9311.577738434076,10.230674766004086,279.572027631104,5128.358796026558
9313.671216037124,10.230674766004086,279.572027631104,5129.308162750676
9313.817545417696,10.231841508299112,279.63437065668404,5129.308162750676
9316.059927189723,10.231841508299112,279.63437065668404,5130.904337268323
9316.187530996278,10.233096051961184,279.74530852399766,5130.904337268323
9319.152777666226,10.233096051961184,279.74530852399766,5133.1873046420515
9319.618008390069,10.234244784340262,280.183075401932,5133.1873046420515
9322.533231465146,10.234244784340262,280.183075401932,5135.270217726007
9326.099352559075,10.238961132243276,280.50209952518344,5135.270217726007
9329.083190765232,10.238961132243276,280.50209952518344,5136.882433906198
9329.467826366425,10.24033042602241,280.5335904546082,5136.882433906198
9330.774941237643,10.24033042602241,280.5335904546082,5137.541341440752
9330.863814301789,10.241606770083308,280.6075308136642,5137.541341440752
9332.04354699701,10.241606770083308,280.6075308136642,5138.164325583726
9332.20800274983,10.242697592824697,280.71903029456735,5138.164325583726
9335.119514523074,10.242697592824697,280.71903029456735,5139.748106487095
9339.140525618568,10.266130080446601,280.8836608491838,5139.748106487095
9340.649624897167,10.266130080446601,280.8836608491838,5140.711317451671
9340.714911757037,10.267264360561967,280.92332307994366,5140.711317451671
9342.714667364955,10.267264360561967,280.92332307994366,5141.847561366856
9342.86239606142,10.26962399482727,280.9645651485771,5141.847561366856
9345.054865941405,10.26962399482727,280.9645651485771,5143.214075667784
9345.425919281319,10.270722394809127,281.1602940354496,5143.214075667784
9347.816205738112,10.270722394809127,281.1602940354496,5144.584638917819
9351.23170888424,10.296091480180621,281.3299887832254,5144.584638917819
9355.212111430243,10.296091480180621,281.3299887832254,5146.931380689144
9355.387160524726,10.29717811010778,281.41790363006294,5146.931380689144
9358.27202885598,10.29717811010778,281.41790363006294,5149.3648405224085
9358.495001412928,10.298317989334464,281.6081162970513,5149.3648405224085
9359.718785544857,10.298317989334464,281.6081162970513,5150.084635101259
9359.784323098138,10.299525069072843,281.6312792841345,5150.084635101259
9363.05231563747,10.299525069072843,281.6312792841345,5152.372101858258
9367.40230563283,10.30618624202907,281.7314080838114,5152.372101858258
9369.35258140415,10.30618624202907,281.7314080838114,5153.760481959209
9369.755108568817,10.307320725172758,281.99061690829694,5153.760481959209
9371.259828750044,10.307320725172758,281.99061690829694,5154.502821590751
9371.485630650073,10.309849701821804,282.155738780275,5154.502821590751
9375.523818841204,10.309849701821804,282.155738780275,5156.931511007249
9375.698573563248,10.310915460810065,282.3196789827198,5156.931511007249
9377.38282778114,10.310915460810065,282.3196789827198,5157.511817069724
9379.970255723223,10.315031496807933,282.5684654135257,5157.511817069724
9383.330853190273,10.315031496807933,282.5684654135257,5160.410298766568
9383.878975020722,10.316149838268757,283.06456601060927,5160.410298766568
9387.588765550405,10.316149838268757,283.06456601060927,5162.81245146133
9387.65420900099,10.32819950953126,283.083051180467,5162.81245146133
9391.436402790248,10.32819950953126,283.083051180467,5165.506866246462
9391.467086624354,10.329211696982384,283.1018508244306,5165.506866246462
9393.969249432907,10.329211696982384,283.1018508244306,5167.720815900713
9396.838415320963,10.333749856799841,283.1994878295809,5167.720815900713
9399.151878872886,10.333749856799841,283.1994878295809,5169.264487318695
9399.219368381426,10.334850957617164,283.2523725219071,5169.264487318695
9401.875759748742,10.334850957617164,283.2523725219071,5170.5678254030645
9402.290375458077,10.336031217128038,283.5189801696688,5170.5678254030645
9405.26672815159,10.336031217128038,283.5189801696688,5172.819734962657
9405.715246949345,10.33719788864255,283.85845542512834,5172.819734962657
9409.376669248566,10.33719788864255,283.85845542512834,5175.174572926015
9412.69245394133,10.341565305367112,284.16115332581103,5175.174572926015
9414.684569653124,10.341565305367112,284.16115332581103,5176.291264211759
9414.857079634443,10.342649277299643,284.2295558229089,5176.291264211759
9416.27154346183,10.342649277299643,284.2295558229089,5177.140388535336
9416.550033327192,10.349858758971095,284.38915043510497,5177.140388535336
9418.512110965326,10.349858758971095,284.38915043510497,5178.496652405709
9418.771989539266,10.350956099107862,284.5462877433747,5178.496652405709
9420.666871093214,10.350956099107862,284.5462877433747,5179.56400555931
9423.075323205441,10.41688453219831,284.56738555058837,5179.56400555931
9426.63966568932,10.41688453219831,284.56738555058837,5181.705176522955
9426.718257954344,10.419499512761831,284.6291521638632,5181.705176522955
9428.784847548231,10.419499512761831,284.6291521638632,5183.123017532751
9428.941774979234,10.42058996297419,284.75458092801273,5183.123017532751
9430.035616157576,10.42058996297419,284.75458092801273,5183.84789689444
9430.430036211386,10.421769235283136,285.1188625674695,5183.84789689444
9432.619033381343,10.421769235283136,285.1188625674695,5185.3400032464415
9437.112789265811,10.432567892596126,285.2025122344494,5185.3400032464415
9437.901728425175,10.432567892596126,285.2025122344494,5185.696072854102
9437.980218686163,10.433712992817163,285.25190691277385,5185.696072854102
9439.879825649783,10.433712992817163,285.25190691277385,5186.603974988684
9440.359414305538,10.435036117210984,285.6485993359238,5186.603974988684
9442.108510784805,10.435036117210984,285.6485993359238,5187.873636573553
9442.296491997316,10.436218610033393,285.75606364011765,5187.873636573553
9447.642153518274,10.436218610033393,285.75606364011765,5191.002908285707
9450.604722037911,10.471989795565605,285.9887048806995,5191.002908285707
9454.475684002042,10.471989795565605,285.9887048806995,5193.323373284191
9454.97083469294,10.473109614104033,286.34255388751626,5193.323373284191
9457.358770897612,10.473109614104033,286.34255388751626,5195.015903329477
9457.434246905148,10.50042580626905,286.36062247119844,5195.015903329477
9460.495369557291,10.50042580626905,286.36062247119844,5197.261150794104
9460.695518741384,10.50176965072751,286.4492189362645,5197.261150794104
9463.741211989895,10.50176965072751,286.4492189362645,5199.746603514999
9466.98027070798,10.50617971085012,286.8623729124665,5199.746603514999
9469.733250530437,10.50617971085012,286.8623729124665,5201.808862466365
9470.011879995465,10.507475022226572,287.02791919372976,5201.808862466365
9473.473788859323,10.507475022226572,287.02791919372976,5203.805540822446
9473.997037975118,10.508639993146062,287.32781059108675,5203.805540822446
9477.19785547629,10.508639993146062,287.32781059108675,5205.7643975336105
9477.421999720857,10.509735353291035,287.51887090690434,5205.7643975336105
9479.708949293941,10.509735353291035,287.51887090690434,5206.940451392904
9482.454080194235,10.514047015458345,287.7962681800127,5206.940451392904
9486.780211126432,10.514047015458345,287.7962681800127,5209.922248985618
9487.08515351452,10.515302551910281,288.0426986347884,5209.922248985618
9489.850582474843,10.515302551910281,288.0426986347884,5211.821568200365
9490.013888183981,10.516404604539275,288.1798627432436,5211.821568200365
9498.568131554872,10.516404604539275,288.1798627432436,5213.501414163038
9498.786373510957,10.517464645206928,288.364059375599,5213.501414163038
9501.84175723046,10.517464645206928,288.364059375599,5215.616774406284
9505.640322588384,10.522130461409688,288.4281992428005,5215.616774406284
9506.663334874436,10.522130461409688,288.4281992428005,5216.056933587417
9506.997588828206,10.523395704105496,288.5257169511169,5216.056933587417
9508.85817068629,10.523395704105496,288.5257169511169,5217.372353687882
9509.125099763274,10.524491304531693,288.7102232966572,5217.372353687882
9510.842663906515,10.524491304531693,288.7102232966572,5218.198964748532
9511.171555591747,10.525664035230875,289.01369520649314,5218.198964748532
9513.660591721535,10.525664035230875,289.01369520649314,5219.576435448602
9517.30786158517,10.549711223691702,289.1512796524912,5219.576435448602
9520.583836734295,10.549711223691702,289.1512796524912,5221.75652560778
9520.659116964787,10.550855593755841,289.20076820999384,5221.75652560778
9523.652530938387,10.550855593755841,289.20076820999384,5223.361311467364
9524.184134181589,10.552124535664916,289.55264242738485,5223.361311467364
9526.179546808824,10.552124535664916,289.55264242738485,5224.842597911134
9526.404443776235,10.553261896595359,289.75735824368894,5224.842597911134
9529.540189497173,10.553261896595359,289.75735824368894,5227.22654723376
9532.330734932795,10.557755200192332,290.13321314007044,5227.22654723376
9534.89512241818,10.557755200192332,290.13321314007044,5229.310428921133
9535.479451799765,10.559002751484513,290.48200906068087,5229.310428921133
9538.610260706395,10.559002751484513,290.48200906068087,5231.137207493186
9538.773929277435,10.560605911538005,290.57855364121497,5231.137207493186
9540.970213098451,10.560605911538005,290.57855364121497,5232.628233170137
9541.146608453244,10.564838398247957,290.73350609466434,5232.628233170137
9542.65418468602,10.564838398247957,290.73350609466434,5233.180455671623
9544.694024711847,10.569188499823213,290.8882370647043,5233.180455671623
9545.841031838208,10.569188499823213,290.8882370647043,5234.039643347263
9546.375597713515,10.570407474413514,291.35512156039476,5234.039643347263
9550.763201626018,10.570407474413514,291.35512156039476,5237.491076050326
9550.957497090101,10.571512054651976,291.50637580640614,5237.491076050326
9555.198734702542,10.571512054651976,291.50637580640614,5240.717682797462
9555.495032718405,10.572730446234345,291.7628506105393,5240.717682797462
9560.783834498376,10.572730446234345,291.7628506105393,5244.55458907038
9562.521702289581,10.57713957503438,291.79057127796113,5244.55458907038
9567.8841629643,10.57713957503438,291.79057127796113,5248.564191548154
9568.269633375108,10.578414445742965,292.02326222881675,5248.564191548154
9572.668736185879,10.578414445742965,292.02326222881675,5251.453891757876
9573.03773308359,10.579660147428513,292.33925460651517,5251.453891757876
9575.854991072789,10.579660147428513,292.33925460651517,5253.4209102820605
9576.073112962767,10.580765066668391,292.5285550300032,5253.4209102820605
9579.055990589783,10.580765066668391,292.5285550300032,5255.220478961244
9583.465489502996,10.585185408592224,292.6747871618718,5255.220478961244
9585.964860698208,10.585185408592224,292.6747871618718,5256.638983182609
9586.620583524927,10.586450573056936,292.9076625108719,5256.638983182609
9589.303620569408,10.586450573056936,292.9076625108719,5258.41374877654
9589.457198897377,10.587594734504819,293.0369354505092,5258.41374877654
9591.158464360982,10.587594734504819,293.0369354505092,5259.709427652881
9591.351483162493,10.588746206834912,293.05531539581716,5259.709427652881
9594.006662791595,10.588746206834912,293.05531539581716,5261.383155768737
9597.289135795087,10.593127505853772,293.21129265613854,5261.383155768737
9600.0079467725,10.593127505853772,293.21129265613854,5262.673269208521
9600.174507556483,10.594318479299545,293.3258297853172,5262.673269208521
9602.799277555197,10.594318479299545,293.3258297853172,5264.139480018988
9603.020831158385,10.595459647476673,293.46826678700745,5264.139480018988
9604.494909403846,10.595459647476673,293.46826678700745,5264.764439109713
9604.580075224862,10.596526505425572,293.5288645494729,5264.764439109713
9606.377444090322,10.596526505425572,293.5288645494729,5265.583160225302
9611.184891518205,10.600948533043265,293.5821701288223,5265.583160225302
9612.428980242461,10.600948533043265,293.5821701288223,5266.396934801713
9612.485377065837,10.602019913494587,293.6185260564089,5266.396934801713
9615.061297625303,10.602019913494587,293.6185260564089,5267.847943261266
9615.554339669645,10.603271247819066,293.98189602047205,5267.847943261266
9618.792202645913,10.603271247819066,293.98189602047205,5270.179928146303
9618.95513934642,10.60446828044951,294.0799332894385,5270.179928146303
9619.871911117807,10.60446828044951,294.0799332894385,5270.571737971157
9623.677635457367,10.624158879742026,294.1975133661181,5270.571737971157
9625.611400637776,10.624158879742026,294.1975133661181,5271.709478054196
9625.889779774472,10.625529224053025,294.3697662446648,5271.709478054196
9629.430719073862,10.625529224053025,294.3697662446648,5274.420244192705
9629.722880974412,10.653289610520005,294.4987279288471,5274.420244192705
9631.83328912966,10.653289610520005,294.4987279288471,5275.491835752502
9632.062259659171,10.654424471780658,294.6310585476458,5275.491835752502
9633.56522125937,10.654424471780658,294.6310585476458,5276.480940930545
9636.681898450479,10.658699851483107,294.7219542246312,5276.480940930545
9639.718917878345,10.658699851483107,294.7219542246312,5279.12046283856
9640.109767952934,10.65982673317194,295.04724646918476,5279.12046283856
9641.772698065266,10.65982673317194,295.04724646918476,5280.410120073706
9642.072287928313,10.66097430512309,295.31262802518904,5280.410120073706
9646.350354209542,10.66097430512309,295.31262802518904,5283.532338902354
9646.812215466052,10.662238419055939,295.4749371781945,5283.532338902354
9648.066180810332,10.662238419055939,295.4749371781945,5284.323693420738
9651.611837847158,10.66733780130744,295.5641699526459,5284.323693420738
9654.259615814313,10.66733780130744,295.5641699526459,5285.69689527899
9654.577148055658,10.668575193732977,295.78115891106427,5285.69689527899
9656.449198417366,10.668575193732977,295.78115891106427,5286.589700359851
9656.627369245514,10.669728485867381,295.92360072396696,5286.589700359851
9658.716560808942,10.669728485867381,295.92360072396696,5288.074172638357
9659.24228862673,10.67108466103673,296.32272092066705,5288.074172638357
9662.521426545456,10.67108466103673,296.32272092066705,5290.585130114108
9666.506928913295,10.67548450268805,296.556384915486,5290.585130114108
9667.987637110054,10.67548450268805,296.556384915486,5291.362807752565
9668.272136205807,10.676645763218403,296.8032292518765,5291.362807752565
9669.557347837836,10.676645763218403,296.8032292518765,5292.316021528095
9669.582822714001,10.677701534703374,296.82167492061853,5292.316021528095
9672.533847626299,10.677701534703374,296.82167492061853,5295.00996581465
9672.797377817333,10.678950937464833,297.0179380681366,5295.00996581465
9677.96781130135,10.678950937464833,297.0179380681366,5298.191580383107
9680.397224767134,10.683434976264834,297.0359272751957,5298.191580383107
9684.669745439664,10.683434976264834,297.0359272751957,5301.214323975146
9685.067391877994,10.68450278788805,297.42411357164383,5301.214323975146
9689.321421429515,10.68450278788805,297.42411357164383,5304.131414109841
9689.648098867387,10.685621669515967,297.64246579632163,5304.131414109841
9691.655961094424,10.685621669515967,297.64246579632163,5305.146847413853
9691.696359833702,10.686742259189487,297.6707193143666,5305.146847413853
9693.578796319664,10.686742259189487,297.6707193143666,5306.1611876785755
9696.923408277333,10.73419701680541,297.90486749634147,5306.1611876785755
9700.870197862387,10.73419701680541,297.90486749634147,5308.409691674635
9701.071286786348,10.735265986993909,298.0704563520849,5308.409691674635
9703.820574449375,10.735265986993909,298.0704563520849,5310.3069267869
9704.14028272964,10.73635745793581,298.35998702049255,5310.3069267869
9708.80289344117,10.73635745793581,298.35998702049255,5314.043238930404
9709.119474014267,10.737494077533484,298.56522649154067,5314.043238930404
9712.613665957004,10.737494077533484,298.56522649154067,5316.6436913535
9714.849658129737,10.741894979029894,298.6697492338717,5316.6436913535
9719.55091720447,10.741894979029894,298.6697492338717,5320.024371532723
9719.907216433436,10.743052368983626,298.9190574735403,5320.024371532723
9723.936891648918,10.743052368983626,298.9190574735403,5323.124989947304
9724.211704006419,10.74424448236823,299.17998384684324,5323.124989947304
9727.760854322463,10.74424448236823,299.17998384684324,5326.019575299695
9728.088848993182,10.746411841362715,299.4736985489726,5326.019575299695
9732.246578669176,10.746411841362715,299.4736985489726,5329.187948126346
9734.762503409758,10.761137284338474,300.0105722695589,5329.187948126346
9739.19790761359,10.761137284338474,300.0105722695589,5331.975363027304
9739.503897000104,10.762235285714269,300.2432093024254,5331.975363027304
9743.7039908804,10.762235285714269,300.2432093024254,5335.478609198704
9744.028297921643,10.763381527736783,300.45675422623754,5335.478609198704
9746.885109594092,10.763381527736783,300.45675422623754,5337.29359571822
9747.112485291436,10.764501187950373,300.64185192622244,5337.29359571822
9750.79424864985,10.764501187950373,300.64185192622244,5340.01256246306
9754.095891961828,10.775528348982334,300.8438544664532,5340.01256246306
9758.492846174166,10.775528348982334,300.8438544664532,5343.590421915054
9759.080005934462,10.776696460321546,301.1750534661114,5343.590421915054
9762.534758688882,10.776696460321546,301.1750534661114,5345.749114692211
9762.84683669731,10.777889233082533,301.3376739062369,5345.749114692211
9765.033077385277,10.777889233082533,301.3376739062369,5347.191014485434
9765.42994450964,10.779078856110573,301.62968647666276,5347.191014485434
9769.406657665968,10.779078856110573,301.62968647666276,5349.5581128094345
9772.326527917758,10.785406071692705,301.7045866083354,5349.5581128094345
9776.298561085016,10.785406071692705,301.7045866083354,5352.426710488275
9776.714599298313,10.78671725653112,302.0419214591384,5352.426710488275
9780.845107149333,10.78671725653112,302.0419214591384,5355.183967968449
9781.2801550515,10.79423133470118,302.4032218698412,5355.183967968449
9784.718063561246,10.79423133470118,302.4032218698412,5357.839761516079
9784.82352822274,10.795344585552812,302.43786280602217,5357.839761516079
9788.040921641514,10.795344585552812,302.43786280602217,5360.137635368854
9790.411314021796,10.799674903973937,302.69402612932026,5360.137635368854
9795.337541565299,10.799674903973937,302.69402612932026,5363.963498733938
9795.643526110798,10.800806591287255,302.98113107681274,5363.963498733938
9801.553025277331,10.800806591287255,302.98113107681274,5368.309930413961
9801.787914982066,10.801906678825617,303.2072304803878,5368.309930413961
9806.413629937917,10.801906678825617,303.2072304803878,5372.18694951199
9806.784824257717,10.803065370768309,303.5528870318085,5372.18694951199
9809.968852389604,10.803065370768309,303.5528870318085,5374.606731591746
9812.42864247039,10.856178043410182,303.72295516729355,5374.606731591746
9815.688521739095,10.856178043410182,303.72295516729355,5376.943158231676
9815.925040662289,10.85735822841525,303.82787732966244,5376.943158231676
9818.21369060874,10.85735822841525,303.82787732966244,5378.839511571452
9818.273352080956,10.858488319441676,303.85395319759846,5378.839511571452
9820.492791840807,10.858488319441676,303.85395319759846,5380.236058305949
9820.907307693735,10.859663542360067,303.88408324867487,5380.236058305949
9824.226064270362,10.859663542360067,303.88408324867487,5382.269368393347
9826.710104553029,10.894253317266703,304.0036737304181,5382.269368393347
9829.485923374072,10.894253317266703,304.0036737304181,5384.349921034649
9829.547427760437,10.90701287984848,304.02241818234324,5384.349921034649
9831.045245897025,10.90701287984848,304.02241818234324,5385.1714443247765
9831.196679310873,10.9081113897264,304.1549930088222,5385.1714443247765
9833.594607798383,10.9081113897264,304.1549930088222,5386.828265985474
9834.25878801383,10.90939912199974,304.38146558590233,5386.828265985474
9836.217623226345,10.90939912199974,304.38146558590233,5387.830409411341
9839.08267548494,10.913729889318347,304.40390102751553,5387.830409411341
9840.283487722278,10.913729889318347,304.40390102751553,5388.310932992026
9840.45668422617,10.91486375965178,304.43565528839827,5388.310932992026
9841.887416552752,10.91486375965178,304.43565528839827,5388.929176265374
9841.970920121297,10.91597680002451,304.48367071710527,5388.929176265374
9844.220026599243,10.91597680002451,304.48367071710527,5390.520816288888
9844.631477877498,10.917149031534791,304.861267214641,5390.520816288888
9847.689855106175,10.917149031534791,304.861267214641,5391.975817449391
9850.284064345062,10.921798676252365,305.2846177686006,5391.975817449391
9855.072002843022,10.921798676252365,305.2846177686006,5395.527840809897
9855.524122925475,10.923094559460878,305.5216087605804,5395.527840809897
9857.480686951429,10.923094559460878,305.5216087605804,5396.735198546201
9858.049900507554,10.924301961436868,305.89644580706954,5396.735198546201
9861.131856465712,10.924301961436868,305.89644580706954,5399.015216426924
9861.43086167425,10.925499433651567,305.93698485940695,5399.015216426924
9864.230763405561,10.925499433651567,305.93698485940695,5400.038587961346
9867.188900677487,10.988671459257603,306.01860291697085,5400.038587961346
9871.485470740125,10.988671459257603,306.01860291697085,5402.43849173747
9871.820020416752,10.989876918494701,306.23293638415635,5402.43849173747
9873.428916454315,10.989876918494701,306.23293638415635,5403.07289134711
9873.55708833225,10.991161251440644,306.2623952832073,5403.07289134711
9875.914452247322,10.991161251440644,306.2623952832073,5404.383672133088
9876.504119066522,10.992597309872508,306.6986999530345,5404.383672133088
9878.841235002503,10.992597309872508,306.6986999530345,5406.354743003845
9883.007074005902,11.023667119443417,306.79405530169606,5406.354743003845
9885.946308005601,11.023667119443417,306.79405530169606,5408.568058839068
9886.023855565116,11.024885451421142,306.82977282628417,5408.568058839068
9888.393119137734,11.024885451421142,306.82977282628417,5410.4700074233115
9888.833900369704,11.026142306625843,307.1839899532497,5410.4700074233115
9892.672480858862,11.026142306625843,307.1839899532497,5413.660874377936
9892.970978476107,11.027447070926428,307.43553410097957,5413.660874377936
9897.8124194704,11.027447070926428,307.43553410097957,5416.785718943924
9900.321409769356,11.033231547102332,307.45821846835315,5416.785718943924
9903.586469231173,11.033231547102332,307.45821846835315,5419.252123611048
9903.970697777346,11.034389728680253,307.6923233550042,5419.252123611048
9906.920493017882,11.034389728680253,307.6923233550042,5420.967283081263
9907.168139813468,11.035618890076876,307.837201859802,5420.967283081263
9910.282918253914,11.035618890076876,307.837201859802,5423.155820408836
9910.441990654916,11.036921324208379,307.95443336851895,5423.155820408836
9913.698482830077,11.036921324208379,307.95443336851895,5424.678586665541
9916.919897962362,11.041378743946552,308.0129561200738,5424.678586665541
9918.700047899038,11.041378743946552,308.0129561200738,5425.632851181552
9919.03106557019,11.042474133893847,308.2378638871014,5425.632851181552
9922.491165220737,11.042474133893847,308.2378638871014,5428.0315105728805
9922.696851989254,11.044269947335124,308.3426108844578,5428.0315105728805
9924.170600235462,11.044269947335124,308.3426108844578,5428.738119604066
9924.5398948472,11.058198310434818,308.6031597945839,5428.738119604066
9927.502747152,11.058198310434818,308.6031597945839,5430.631135808304
9930.071475498378,11.062598802149296,308.6515427492559,5430.631135808304
9932.97682709992,11.062598802149296,308.6515427492559,5432.480458850041
9933.393000328913,11.063789853826165,308.9939515199512,5432.480458850041
9936.200779464096,11.063789853826165,308.9939515199512,5434.68724473007
9936.33326596953,11.064946115016937,309.1038871053606,5434.68724473007
9939.197309173644,11.064946115016937,309.1038871053606,5436.863652352244
9939.642411641777,11.066138597205281,309.43604435771704,5436.863652352244
9941.661403801292,11.066138597205281,309.43604435771704,5438.082980500534
9945.5392652452,11.0741804856807,309.5229919888079,5438.082980500534
9946.936911378056,11.0741804856807,309.5229919888079,5438.710983708501
9947.200522193685,11.075385076925159,309.77221071347594,5438.710983708501
9948.73856828548,11.075385076925159,309.77221071347594,5439.7787457909435
9948.873855073005,11.076553665101528,309.8892975077033,5439.7787457909435
9951.117465212941,11.076553665101528,309.8892975077033,5441.138992900029
9951.481403337792,11.07796698063612,310.0564470756799,5441.138992900029
9953.112452041358,11.07796698063612,310.0564470756799,5442.379374900833
9955.665147911757,11.082386462017894,310.07796554639935,5442.379374900833
9957.29780042544,11.082386462017894,310.07796554639935,5443.044837996364
9957.449415301904,11.09758678264916,310.19741144403815,5443.044837996364
9959.269361482933,11.09758678264916,310.19741144403815,5443.85137466155
9959.355210935697,11.098692772909999,310.2472224254161,5443.85137466155
9960.2573801931,11.098692772909999,310.2472224254161,5444.3364407438785
9960.52154546231,11.105168830603361,310.4739440456033,5444.3364407438785
9963.37966684252,11.105168830603361,310.4739440456033,5445.991433946416
9965.832641454414,11.134609399363399,310.67132942937315,5445.991433946416
9967.615546675399,11.134609399363399,310.67132942937315,5447.246150979772
9967.781527133659,11.135720409452915,310.7672166544944,5447.246150979772
9970.192362774163,11.135720409452915,310.7672166544944,5448.829888146371
9970.654823431745,11.136891651898623,311.06925150193274,5448.829888146371
9972.306496921927,11.136891651898623,311.06925150193274,5450.137634839863
9972.871735561639,11.14348279312253,311.4784637838602,5450.137634839863
9974.02019235678,11.14348279312253,311.4784637838602,5450.5595050845295
9977.146914500743,11.152598639950156,311.55126712843776,5450.5595050845295
9978.939416030422,11.152598639950156,311.55126712843776,5451.766518373042
9979.108843620867,11.153788100928068,311.66959126479924,5451.766518373042
9982.014882946387,11.153788100928068,311.66959126479924,5453.297536592931
9982.456578774378,11.154958562925458,312.01674064062536,5453.297536592931
9985.066856661811,11.154958562925458,312.01674064062536,5455.329722117633
9985.426752941683,11.156338037922978,312.33414955995977,5455.329722117633
9988.739519599825,11.156338037922978,312.33414955995977,5457.387164244428
9990.58721438609,11.160763589665294,312.5009174030274,5457.387164244428
9993.352494172752,11.160763589665294,312.5009174030274,5459.309628620744
9993.572094893083,11.161931781098247,312.6478294804692,5459.309628620744
9995.344110293314,11.161931781098247,312.6478294804692,5460.56191588752
9995.597471302375,11.163117853924632,312.8907554168254,5460.56191588752
9997.174947701395,11.163117853924632,312.8907554168254,5461.7400316149
9997.411205107346,11.164453526958823,313.01367062702775,5461.7400316149
10000.786459637806,11.164453526958823,313.01367062702775,5463.948869982734
10003.620846377686,11.16882985457778,313.39027235098183,5463.948869982734
10006.320583062246,11.16882985457778,313.39027235098183,5466.240192728117
10006.653511118144,11.170045560225844,313.66461690329015,5466.240192728117
10009.276822969317,11.170045560225844,313.66461690329015,5467.958600167185
10009.801198009402,11.17140238545835,314.0115278027952,5467.958600167185
10013.014084406197,11.17140238545835,314.0115278027952,5470.2477841917425
10013.370777485892,11.172696677967906,314.1200552601367,5470.2477841917425
10015.183815738186,11.172696677967906,314.1200552601367,5471.245836101472
10019.013151288033,11.178819570690393,314.1930530462414,5471.245836101472
10020.661512132734,11.178819570690393,314.1930530462414,5472.259877195582
10021.157186346129,11.180013181641698,314.5957399792969,5472.259877195582
10023.74960123375,11.180013181641698,314.5957399792969,5474.208251774311
10023.903736306354,11.18121505342424,314.7069379147142,5474.208251774311
10027.32032994926,11.18121505342424,314.7069379147142,5477.247074700892
10027.453120490536,11.182531787082553,314.75957932695746,5477.247074700892
10029.703257417306,11.182531787082553,314.75957932695746,5478.573135752231
10033.101479565725,11.186966843903065,314.8357136491686,5478.573135752231
10036.09709286876,11.186966843903065,314.8357136491686,5480.711984094232
10036.283224197105,11.188110234215856,314.9707033690065,5480.711984094232
10037.978039661422,11.188110234215856,314.9707033690065,5481.967165350914
10038.177689045668,11.189622489735484,315.13046211376786,5481.967165350914
10039.948952330276,11.189622489735484,315.13046211376786,5483.207109969109
10040.417416343465,11.191012123599648,315.43407400138676,5483.207109969109
10043.191180948168,11.191012123599648,315.43407400138676,5485.048958456144
10045.761898184195,11.195676552131772,315.62935623526573,5485.048958456144
10047.364470168948,11.195676552131772,315.62935623526573,5485.979179792106
10047.778075730428,11.197161199524999,315.90437428839505,5485.979179792106
10049.492119206116,11.197161199524999,315.90437428839505,5486.877076277509
10049.695225911215,11.198306860402226,316.0882443934679,5486.877076277509
10050.816227732226,11.198306860402226,316.0882443934679,5487.416662113741
10051.013048654422,11.199429292231798,316.2750389445573,5487.416662113741
10052.566449489444,11.199429292231798,316.2750389445573,5488.611141078174
10055.111600276083,11.23919041827321,316.63987503387034,5488.611141078174
10057.26538027823,11.23919041827321,316.63987503387034,5490.387088777497
10057.521454695612,11.243079220876098,316.85571680404246,5490.387088777497
10060.026388717815,11.243079220876098,316.85571680404246,5492.1306930128485
10060.469284724444,11.24444624595344,317.08913502655923,5492.1306930128485
10062.326923815534,11.24444624595344,317.08913502655923,5493.558141119778
10062.517547832802,11.245633227750659,317.2172341104597,5493.558141119778
10064.088608222082,11.245633227750659,317.2172341104597,5494.392914289609
10067.01104298234,11.266586780548096,317.3269596789032,5494.392914289609
10068.462167084217,11.266586780548096,317.3269596789032,5495.458890851587
10068.894130580127,11.267937634140253,317.5686279926449,5495.458890851587
10071.247113637626,11.267937634140253,317.5686279926449,5497.134741526097
10071.665127057582,11.269124586135149,317.9310227651149,5497.134741526097
10073.927255753428,11.269124586135149,317.9310227651149,5498.638346236199
10074.304485376924,11.270283699035645,318.22083577886224,5498.638346236199
10075.895118471235,11.270283699035645,318.22083577886224,5499.851348187774
10079.74183779955,11.27478500828147,318.4278359077871,5499.851348187774
10083.013522041962,11.27478500828147,318.4278359077871,5501.627663848922
10083.433608070016,11.276130905374885,318.78297532722354,5501.627663848922
10085.269870297983,11.276130905374885,318.78297532722354,5502.974737033248
10085.699597403407,11.277363186702132,319.1364120747894,5502.974737033248
10088.706903735176,11.277363186702132,319.1364120747894,5504.791454894468
10088.989206213504,11.282604333013296,319.17754903808236,5504.791454894468
10090.047201825306,11.282604333013296,319.17754903808236,5505.332658907399
10091.545254252851,11.297759810462594,319.2381212655455,5505.332658907399
10093.282090744004,11.297759810462594,319.2381212655455,5506.301931077614
10093.402689870447,11.298976162448525,319.31530747935176,5506.301931077614
10094.600540366024,11.298976162448525,319.31530747935176,5506.97453019768
10094.848941301927,11.300213433802128,319.4707623142749,5506.97453019768
10096.319577097893,11.300213433802128,319.4707623142749,5507.877219589427
10096.55700309202,11.301946496590972,319.5008430853486,5507.877219589427
10097.525469465181,11.301946496590972,319.5008430853486,5508.183113139123
10100.104545610026,11.309301370754838,319.56367780454457,5508.183113139123
10101.129263365641,11.309301370754838,319.56367780454457,5508.582918135449
10101.2944805976,11.31040047109127,319.663590952754,5508.582918135449
10102.337160032243,11.31040047109127,319.663590952754,5509.404151715338
10102.392185289413,11.311577595770359,319.69637757353485,5509.404151715338
10104.091292515397,11.311577595770359,319.69637757353485,5510.210465252399
10104.258859861642,11.312798999249935,319.8468290064484,5510.210465252399
10105.88134153746,11.312798999249935,319.8468290064484,5510.983598509803
10108.645268891007,11.317286942154169,319.98389958776534,5510.983598509803
10110.418022165075,11.317286942154169,319.98389958776534,5512.004029735923
10110.624884111807,11.318477673456073,320.15988443791866,5512.004029735923
10112.158392647281,11.318477673456073,320.15988443791866,5512.92288053222
10112.2159500923,11.31967562250793,320.19438476115465,5512.92288053222
10113.32812298648,11.31967562250793,320.19438476115465,5513.523096418008
10113.401867955923,11.320851314812899,320.24838354066014,5513.523096418008
10114.806822028011,11.320851314812899,320.24838354066014,5514.120109053329
10117.022889345884,11.325468527153134,320.35657714121044,5514.120109053329
10117.992052022368,11.325468527153134,320.35657714121044,5514.8243355136365
10118.132977090776,11.326647149398923,320.4822577610612,5514.8243355136365
10119.556513274089,11.326647149398923,320.4822577610612,5515.7567630093545
10119.681531401351,11.327737418934703,320.5986741203815,5515.7567630093545
10121.250033566728,11.327737418934703,320.5986741203815,5516.650589527562
10121.315916063264,11.328912749886513,320.6482152286917,5516.650589527562
10122.683719405904,11.328912749886513,320.6482152286917,5517.5257315039635
10123.755641033873,11.33347132243216,320.80447094887495,5517.5257315039635
10124.860900469124,11.33347132243216,320.80447094887495,5518.192751482129
10125.06031898968,11.334573155269027,320.968349147588,5518.192751482129
10126.821843357757,11.334573155269027,320.968349147588,5519.607222778723
10126.886292465031,11.335805896669626,320.99078018032014,5519.607222778723
10127.792452702299,11.335805896669626,320.99078018032014,5520.27873983793
10128.005510859191,11.336972149088979,321.1726552285254,5520.27873983793
10130.02391464822,11.336972149088979,321.1726552285254,5521.615375686437
10131.116611804813,11.341609036549926,321.252632740885,5521.615375686437
10132.810758449137,11.341609036549926,321.252632740885,5522.740606598556
10133.028152907267,11.34283703006804,321.4294138662517,5522.740606598556
10134.610339840874,11.34283703006804,321.4294138662517,5523.564266113564
10134.66985214129,11.344021642580628,321.47361832484603,5523.564266113564
10136.188078418374,11.344021642580628,321.47361832484603,5524.429984206334
10136.300129204988,11.345158440992236,321.568338079378,5524.429984206334
10137.312489904463,11.345158440992236,321.568338079378,5524.857376217842
10139.908690946177,11.349531991407275,321.6206239964813,5524.857376217842
10141.83988169767,11.349531991407275,321.6206239964813,5526.3393341284245
10141.98327736929,11.350692111998796,321.7442517299205,5526.3393341284245
10143.635467786342,11.350692111998796,321.7442517299205,5527.543914541602
10143.768019692972,11.351876150816679,321.8589124381542,5527.543914541602
10144.825075944886,11.351876150816679,321.8589124381542,5528.19410344027
10145.001342434436,11.353164302185178,322.0135751478374,5528.19410344027
10145.90626254119,11.353164302185178,322.0135751478374,5528.737458702177
10146.988768542185,11.357839388772845,322.0614438634366,5528.737458702177
10148.847334325314,11.357839388772845,322.0614438634366,5530.210095530376
10148.901631917804,11.359050560742617,322.10203827545047,5530.210095530376
10150.686841096729,11.359050560742617,322.10203827545047,5531.4860031511635
10150.833236357197,11.360244445502758,322.19992725737393,5531.4860031511635
10152.20462745428,11.360244445502758,322.19992725737393,5532.427002910525
10152.348613027483,11.361444406211376,322.31085356883705,5532.427002910525
10154.12441649288,11.361444406211376,322.31085356883705,5533.78785841167
10155.219347370788,11.366154363378882,322.33365464769304,5533.78785841167
10156.44843446277,11.366154363378882,322.33365464769304,5534.566465999931
10156.526114786044,11.367321126163006,322.38982937671244,5534.566465999931
10157.669659381732,11.367321126163006,322.38982937671244,5535.322284441441
10157.733561448753,11.368559481576085,322.423675455153,5535.322284441441
10158.854415981099,11.368559481576085,322.423675455153,5535.993371952325
10158.981004469097,11.36978773213923,322.5272274799645,5535.993371952325
10160.117587467656,11.36978773213923,322.5272274799645,5536.683025604114
10161.44794903323,11.374256705865264,322.57158266194165,5536.683025604114
10162.54467818141,11.374256705865264,322.57158266194165,5537.319732135162
10162.680400514975,11.375453397631645,322.67532838881016,5537.319732135162
10164.136054243892,11.375453397631645,322.67532838881016,5538.3331885989755
10164.244020357728,11.376631369814277,322.7532944455743,5538.3331885989755
10165.167740514502,11.376631369814277,322.7532944455743,5538.920694457367
10165.246051995084,11.378406373783946,322.80080962367356,5538.920694457367
10166.472922565416,11.378406373783946,322.80080962367356,5539.778591936454
10167.438149759546,11.382834233343601,322.9089911747724,5539.778591936454
10168.685745479539,11.382834233343601,322.9089911747724,5540.429780693725
10168.88772534579,11.384027123451233,323.04910586960614,5540.429780693725
10170.414526253939,11.384027123451233,323.04910586960614,5541.467649046332
10170.551137054339,11.385308679193258,323.1728507652879,5541.467649046332
10171.771438613534,11.385308679193258,323.1728507652879,5542.380464758724
10171.925339952111,11.386634763330221,323.26585435681045,5542.380464758724
10173.285431109369,11.386634763330221,323.26585435681045,5543.622953834012
10174.388501632959,11.395249677821994,323.29817134700716,5543.622953834012
10175.459372460842,11.395249677821994,323.29817134700716,5544.398205049336
10175.552907593548,11.396393796429038,323.3829287867993,5544.398205049336
10176.688982291147,11.396393796429038,323.3829287867993,5545.116366749629
10176.810637637973,11.397590389475226,323.4930474422872,5545.116366749629
10178.248410537839,11.397590389475226,323.4930474422872,5546.182603292167
10178.358857028186,11.4013537093997,323.58146569877863,5546.182603292167
10179.539937948808,11.4013537093997,323.58146569877863,5546.946280345321
10180.413461813703,11.405807701870799,323.6711326800287,5546.946280345321
10181.487096190453,11.405807701870799,323.6711326800287,5547.868968978524
10181.640055099502,11.407327551394701,323.7633962351829,5547.868968978524
10182.72068727389,11.407327551394701,323.7633962351829,5548.696384200826
10182.775858264416,11.408495843410492,323.80379274487495,5548.696384200826
10183.863862913102,11.408495843410492,323.80379274487495,5549.4753135647625
10183.987728077918,11.409684805199504,323.9012521672994,5549.4753135647625
10185.513793414459,11.409684805199504,323.9012521672994,5550.590005092323
10186.598824970424,11.41417745500803,323.93869862146676,5550.590005092323
10187.791459152475,11.41417745500803,323.93869862146676,5551.396816076711
10187.842567905784,11.415414195507765,323.96838819794357,5551.396816076711
10189.209247125313,11.415414195507765,323.96838819794357,5552.504638418555
10189.260632345453,11.41663339920342,324.0069639235735,5552.504638418555
10190.460008461028,11.41663339920342,324.0069639235735,5553.452660836279
10190.582256989554,11.417811319231987,324.1073690801859,5553.452660836279
10191.926438005641,11.417811319231987,324.1073690801859,5554.443176621571
10192.672966426238,11.42231110110879,324.21643451601267,5554.443176621571
10193.734855635092,11.42231110110879,324.21643451601267,5555.101861665025
10193.937507312745,11.423716427758336,324.33215054124594,5555.101861665025
10195.38755386509,11.423716427758336,324.33215054124594,5556.138644354418
10195.446077996865,11.424858121201396,324.38271794840693,5556.138644354418
10196.956208050251,11.424858121201396,324.38271794840693,5556.98739352636
10197.014701168984,11.426096223294735,324.4055180437863,5556.98739352636
10198.742921672761,11.426096223294735,324.4055180437863,5557.896094841883
10200.210379416123,11.437989559024572,324.49112011119723,5557.896094841883
10200.869204461575,11.437989559024572,324.49112011119723,5558.349740764126
10200.933393614367,11.439137428998947,324.54011319577694,5558.349740764126
10201.99636197649,11.439137428998947,324.54011319577694,5559.266192952171
10202.105790667236,11.440271072089672,324.6223294995725,5559.266192952171
10202.963470172137,11.440271072089672,324.6223294995725,5559.8787663728
10203.097941791639,11.441498942673206,324.7317816838622,5559.8787663728
10204.410117082298,11.441498942673206,324.7317816838622,5560.823949398473
10205.774289181456,11.445883847773075,324.7637898474932,5560.823949398473
10206.644921934232,11.445883847773075,324.7637898474932,5561.38643941842
10206.767626969144,11.447088439017534,324.82101783528924,5561.38643941842
10208.015692936257,11.447088439017534,324.82101783528924,5562.249491460621
10208.129581850022,11.448270440101624,324.9231910035014,5562.249491460621
10208.709513101727,11.448270440101624,324.9231910035014,5562.68595405668
10208.84692786634,11.449510352686048,325.0278904493898,5562.68595405668
10209.88967750594,11.449510352686048,325.0278904493898,5563.319904744625
10210.845681156963,11.453933356329799,325.0673662107438,5563.319904744625
10212.256769938394,11.453933356329799,325.0673662107438,5564.203567193821
10212.28885037452,11.455134207382798,325.0898413900286,5564.203567193821
10213.624678505585,11.455134207382798,325.0898413900286,5565.157460266724
10213.732104280964,11.456399550661445,325.12325054220855,5565.157460266724
10214.840092616156,11.456399550661445,325.12325054220855,5565.966718154028
10215.049221841618,11.457710467278957,325.18411845713854,5565.966718154028
10216.102135827765,11.457710467278957,325.18411845713854,5566.659651830792
10217.765402631834,11.462218219414353,325.2811875436455,5566.659651830792
10218.967499585822,11.462218219414353,325.2811875436455,5567.374447019771
10219.415533086285,11.463523134589195,325.3647155109793,5567.374447019771
10220.35932726413,11.463523134589195,325.3647155109793,5567.854999342933
10220.481774684042,11.470356808975339,325.4673271998763,5567.854999342933
10221.359936861321,11.470356808975339,325.4673271998763,5568.364910902455
10221.557182300836,11.476270467042923,325.615459298715,5568.364910902455
10222.137204352766,11.476270467042923,325.615459298715,5568.836708262563
10223.012942565605,11.482015673071146,325.70193567313254,5568.836708262563
10223.996720097959,11.482015673071146,325.70193567313254,5569.578811833635
10224.033218385652,11.483148582279682,325.72757533192635,5569.578811833635
10224.986730132252,11.483148582279682,325.72757533192635,5570.155502334237
10225.068891914561,11.484366245567799,325.7791899256408,5570.155502334237
10226.568265477195,11.484366245567799,325.7791899256408,5571.207828028128
10226.721582544968,11.485617207363248,325.90412326157093,5571.207828028128
10227.884919280186,11.485617207363248,325.90412326157093,5572.015405187383
10228.923950521275,11.490137491375208,325.9265899602324,5572.015405187383
10230.025272540748,11.490137491375208,325.9265899602324,5572.69729186222
10230.156945001334,11.49127539433539,326.023539384827,5572.69729186222
10231.062214294448,11.49127539433539,326.023539384827,5573.415096485987
10231.206605637446,11.492362961173058,326.1552500538528,5573.415096485987
10232.317405389622,11.492362961173058,326.1552500538528,5574.208344241604
10232.459885656834,11.493603453040123,326.26479259878397,5574.208344241604
10233.902928549796,11.493603453040123,326.26479259878397,5575.343102062121
10234.785725181922,11.49817512743175,326.3982856813818,5575.343102062121
10236.551498670131,11.49817512743175,326.3982856813818,5576.6556104477495
10236.64969464764,11.499415738508105,326.48671832866967,5576.6556104477495
10237.909290034324,11.499415738508105,326.48671832866967,5577.647227352485
10238.001831097528,11.500665742903948,326.5087693799287,5577.647227352485
10238.972083669156,11.500665742903948,326.5087693799287,5578.137029513717
10239.10375729017,11.501808183267713,326.61668497510254,5578.137029513717
10240.39485616982,11.501808183267713,326.61668497510254,5579.078354658559
10241.293535484001,11.517220746725798,326.6956927217543,5579.078354658559
10242.39827699773,11.517220746725798,326.6956927217543,5579.8643298801035
10242.479500921443,11.518368637189269,326.76595618762076,5579.8643298801035
10243.839065397158,11.518368637189269,326.76595618762076,5580.822416990995
10243.956508966163,11.519573928788304,326.849164320156,5580.822416990995
10245.123902216554,11.519573928788304,326.849164320156,5581.736606806517
10245.19602021575,11.520748680457473,326.906826114282,5581.736606806517
10246.350194074214,11.520748680457473,326.906826114282,5582.496196076274
10246.978950757533,11.528990112245083,326.92911186255515,5582.496196076274
10248.61902732402,11.528990112245083,326.92911186255515,5583.598025364801
10248.775267314166,11.530143741518259,327.0406694225967,5583.598025364801
10250.00828306377,11.530143741518259,327.0406694225967,5584.347997287288
10250.054262885824,11.531333213672042,327.0779837947339,5584.347997287288
10251.121285997331,11.531333213672042,327.0779837947339,5584.7292970027775
10251.1965239048,11.532539758831263,327.1283404864371,5584.7292970027775
10251.949160026386,11.532539758831263,327.1283404864371,5585.1205591112375
10253.60986033827,11.537135023623705,327.2588751446456,5585.1205591112375
10254.6904782895,11.537135023623705,327.2588751446456,5585.590378906578
10254.786601277068,11.538379775360227,327.28814524039626,5585.590378906578
10255.542184093967,11.538379775360227,327.28814524039626,5585.991310391575
10255.642709301785,11.53961917757988,327.36391611769795,5585.991310391575
10256.648599175736,11.53961917757988,327.36391611769795,5586.539814176038
10256.749096564949,11.540943952277303,327.43726631067693,5586.539814176038
10257.691643869504,11.540943952277303,327.43726631067693,5587.00231131725
10260.95807313174,11.545346044003963,327.48280581459403,5587.00231131725
10262.423144416884,11.545346044003963,327.48280581459403,5587.716285780072
10262.502819472924,11.546473374590278,327.5448068063706,5587.716285780072
10263.76986434497,11.546473374590278,327.5448068063706,5588.3764512408525
10263.842972094193,11.547602944076061,327.60579626075923,5588.3764512408525
10265.184266600758,11.547602944076061,327.60579626075923,5589.02042350173
10265.321181086823,11.54884658753872,327.69892673380673,5589.02042350173
10266.516383485869,11.54884658753872,327.69892673380673,5589.719569031149
10268.468257294968,11.553354538977146,327.7381807807833,5589.719569031149
10269.552112255245,11.553354538977146,327.7381807807833,5590.075038926676
10269.669288909063,11.554552471265197,327.76391175203025,5590.075038926676
10270.450944481418,11.554552471265197,327.76391175203025,5590.354551170021
10270.58864112012,11.559011232107878,327.87942121364176,5590.354551170021
10271.954630808905,11.559011232107878,327.87942121364176,5591.25860458985
10271.994995290413,11.560173543170094,327.9051425140351,5591.25860458985
10272.632471874356,11.560173543170094,327.9051425140351,5591.652891594917
10273.454220205545,11.56972423940897,328.004650214687,5591.652891594917
10274.794371195138,11.56972423940897,328.004650214687,5592.682170365006
10274.900584477931,11.570872941985726,328.0846090950072,5592.682170365006
10276.298256570473,11.570872941985726,328.0846090950072,5593.652383645996
10276.378731392324,11.578846655786037,328.1346696205437,5593.652383645996
10277.889446422458,11.578846655786037,328.1346696205437,5594.294351309538
10278.014204904437,11.580082839354873,328.2445155400783,5594.294351309538
10279.179933549836,11.580082839354873,328.2445155400783,5595.133743818849
10280.048255344853,11.590795135125518,328.2671369034797,5595.133743818849
10280.791544726118,11.590795135125518,328.2671369034797,5595.739466371015
10280.909446272999,11.592063607648015,328.3739451058209,5595.739466371015
10281.913423482329,11.592063607648015,328.3739451058209,5596.417546335608
10282.052072197199,11.593358628451824,328.3968183733523,5596.417546335608
10283.14076769352,11.593358628451824,328.3968183733523,5597.142672020942
10283.186532191932,11.594522638246417,328.42722300067544,5597.142672020942
10284.418639643118,11.594522638246417,328.42722300067544,5598.025237098336
10285.26350780949,11.599044581875205,328.45627381280065,5598.025237098336
10286.466523639858,11.599044581875205,328.45627381280065,5599.050816209987
10286.60832451284,11.600299652665854,328.5649868901819,5599.050816209987
10288.067005708814,11.600299652665854,328.5649868901819,5600.071689248085
10288.120360365137,11.601516863331199,328.59941426850855,5600.071689248085
10289.186473142356,11.601516863331199,328.59941426850855,5600.815765650943
10289.328416997567,11.605557447299361,328.7062291819602,5600.815765650943
10290.61935490556,11.605557447299361,328.7062291819602,5601.587719881907
10291.79016735591,11.641321118921041,328.86659023724496,5601.587719881907
10293.091574665159,11.641321118921041,328.86659023724496,5602.607637681067
10293.203055473045,11.642520811408758,328.9559191316366,5602.607637681067
10294.597392152995,11.642520811408758,328.9559191316366,5603.614523662254
10294.689516257495,11.643740244209766,329.03171851858497,5603.614523662254
10295.976699298248,11.643740244209766,329.03171851858497,5604.591574085876
10296.068708002567,11.64497028850019,329.0962434988469,5604.591574085876
10297.37432310544,11.64497028850019,329.0962434988469,5605.373550912365
10297.988155186176,11.6513234321028,329.1565245706588,5605.373550912365
10299.051747733727,11.6513234321028,329.1565245706588,5606.049512429163
10299.136904312298,11.652433233335614,329.2161643411964,5606.049512429163
10300.321043936536,11.652433233335614,329.2161643411964,5606.9250508360565
10300.465727660805,11.653667846694589,329.29844641685486,5606.9250508360565
10301.909569438547,11.653667846694589,329.29844641685486,5607.902851903811
10302.039495354518,11.654941810294986,329.41272383742034,5607.902851903811
10303.1522297021,11.654941810294986,329.41272383742034,5608.771581666544
10303.936427306384,11.665339170023799,329.56393435411155,5608.771581666544
10305.091014219448,11.665339170023799,329.56393435411155,5609.480201199651
10305.25359146297,11.666713355109096,329.6798717044294,5609.480201199651
10306.264857374132,11.666713355109096,329.6798717044294,5610.194088170305
10306.377101067454,11.66788775473833,329.77787695638835,5610.194088170305
10307.380143657327,11.66788775473833,329.77787695638835,5610.88910645619
10307.543144378811,11.669066026806831,329.921807218343,5610.88910645619
10308.764302270487,11.669066026806831,329.921807218343,5611.677717084065
10309.68138882704,11.673582699149847,329.953167591244,5611.677717084065
10310.554190516472,11.673582699149847,329.953167591244,5612.224670019001
10310.767600148916,11.67482072301209,330.1075078137219,5612.224670019001
10312.191701512784,11.67482072301209,330.1075078137219,5613.206736475229
10312.234720280394,11.675948783755302,330.14307159371674,5613.206736475229
10313.39836278744,11.675948783755302,330.14307159371674,5614.013732811436
10313.539276605472,11.677114116027951,330.2635681293905,5614.013732811436
10314.810632303357,11.677114116027951,330.2635681293905,5614.852173240855
10315.67304318212,11.681585527956486,330.31483396701515,5614.852173240855
10316.493989448994,11.681585527956486,330.31483396701515,5615.4124326799065
10316.564403718337,11.682779587805271,330.3580647278577,5615.4124326799065
10317.8898162134,11.682779587805271,330.3580647278577,5616.4935647286475
10317.978468578309,11.683948850259185,330.430198777467,5616.4935647286475
10318.950761202723,11.683948850259185,330.430198777467,5617.0691474974155
10319.093757029623,11.685101550072432,330.5510993003845,5617.0691474974155
10320.803360685706,11.685101550072432,330.5510993003845,5618.197310205549
10321.685318360105,11.689565716311336,330.65875930152833,5618.197310205549
10322.769685016945,11.689565716311336,330.65875930152833,5618.938279109076
10322.827030194923,11.690745355561376,330.69570525735617,5618.938279109076
10323.730133777484,11.690745355561376,330.69570525735617,5619.52600560151
10323.834864392877,11.691989740356803,330.77898497879505,5619.52600560151
10324.566450506449,11.691989740356803,330.77898497879505,5619.894105905667
10324.653668262064,11.693107111379504,330.8360952436924,5619.894105905667
10325.81724761054,11.693107111379504,330.8360952436924,5620.541429536417
10326.84735734202,11.702630214393139,330.8735426273197,5620.541429536417
10328.214495712891,11.702630214393139,330.8735426273197,5621.460569931194
10328.29826335609,11.703800346702337,330.9399762749672,5621.460569931194
10329.366754554212,11.703800346702337,330.9399762749672,5622.070185702294
10329.47909085825,11.704995218664408,331.0210482571274,5622.070185702294
10331.030597450212,11.704995218664408,331.0210482571274,5623.238622669131
10331.128121823072,11.706197140738368,331.10646970011294,5623.238622669131
10332.223303169012,11.706197140738368,331.10646970011294,5623.996238745749
10333.087305374444,11.711720634251833,331.17444742284715,5623.996238745749
10333.832460597157,11.711720634251833,331.17444742284715,5624.57366800122
10333.915712209418,11.7129179071635,331.233138917014,5624.57366800122
10334.943705625832,11.7129179071635,331.233138917014,5625.266175219789
10335.042672755197,11.714040096849203,331.31656618230045,5625.266175219789
10336.432653943077,11.714040096849203,331.31656618230045,5626.113531112671
10336.493086889386,11.71519854851067,331.36473119445145,5626.113531112671
10337.359180193394,11.71519854851067,331.36473119445145,5626.626922603697
10338.442772226408,11.719527840614319,331.4028940014541,5626.626922603697
10339.462609542534,11.719527840614319,331.4028940014541,5627.284731326625
10339.555911997333,11.7206588126719,331.4747756291181,5627.284731326625
10340.803842997178,11.7206588126719,331.4747756291181,5628.184219671413
10340.845939198509,11.721809623762965,331.5095003750175,5628.184219671413
10342.10008386895,11.721809623762965,331.5095003750175,5628.976748840883
10342.192305926234,11.72315924987197,331.5833666585386,5628.976748840883
10343.355430474505,11.72315924987197,331.5833666585386,5629.646318020299
10344.473402015865,11.72758274152875,331.6178588196635,5629.646318020299
10345.61231425032,11.72758274152875,331.6178588196635,5630.431899491698
10345.704678408802,11.728706780821085,331.7024838812649,5630.431899491698
10346.760346261784,11.728706780821085,331.7024838812649,5631.097645230591
10346.87575628236,11.729847490787506,331.7885158248246,5631.097645230591
10348.14479095675,11.729847490787506,331.7885158248246,5631.895492296666
10348.231608206406,11.731098804622889,331.8671902436763,5631.895492296666
10349.921877635643,11.731098804622889,331.8671902436763,5632.919970318675
10350.897561103106,11.737595604732633,331.9029252883047,5632.919970318675
10351.911919079721,11.737595604732633,331.9029252883047,5633.643744418398
10351.99007823877,11.738796006888151,331.9694774057716,5633.643744418398
10353.284383226186,11.738796006888151,331.9694774057716,5634.60585760884
10353.423423198983,11.74008991010487,332.07075949013233,5634.60585760884
10354.622870150954,11.74008991010487,332.07075949013233,5635.452006138861
10354.708495076746,11.741311814635992,332.1451322697103,5635.452006138861
10355.86533867009,11.741311814635992,332.1451322697103,5636.023172466084
10356.640825236216,11.74587756767869,332.2190436925739,5636.023172466084
10358.108742829412,11.74587756767869,332.2190436925739,5637.051983097568
10358.284078985453,11.747115129604936,332.35526448488235,5637.051983097568
10359.47173728235,11.747115129604936,332.35526448488235,5637.771542299539
10359.542947012931,11.748211016878486,332.41071585938334,5637.771542299539
10360.89870230481,11.748211016878486,332.41071585938334,5638.72810526751
10361.00294070132,11.749372746795416,332.4774462711066,5638.72810526751
10362.016046365723,11.749372746795416,332.4774462711066,5639.517233602703
10362.904651438817,11.753742126747966,332.58428713679314,5639.517233602703
10363.918345341459,11.753742126747966,332.58428713679314,5640.250020168722
10363.999035229906,11.754926787689328,332.6554634999484,5640.250020168722
10365.326607083902,11.754926787689328,332.6554634999484,5641.198376944289
10365.423563847318,11.756171161308885,332.7017978206277,5641.198376944289
10366.709440259263,11.756171161308885,332.7017978206277,5642.0852346383035
10366.774866005406,11.757356021553278,332.73636917583644,5642.0852346383035
10367.976467536762,11.757356021553278,332.73636917583644,5642.991521446034
10368.785656189546,11.762083558365703,332.78170462325215,5642.991521446034
10369.852516293526,11.762083558365703,332.78170462325215,5643.629944823682
10369.948453528807,11.763271560892463,332.8529977351427,5643.629944823682
10370.978530662134,11.763271560892463,332.8529977351427,5644.447105061263
10371.0597060062,11.764429610222578,332.9227314796299,5644.447105061263
10372.354854609817,11.764429610222578,332.9227314796299,5645.316345753148
10372.453501394019,11.76558125205338,332.99989265203476,5645.316345753148
10373.54765583761,11.76558125205338,332.99989265203476,5645.97416138649
10374.332811381668,11.770127465948462,333.08110652677715,5645.97416138649
10375.628324529156,11.770127465948462,333.08110652677715,5646.8981908895075
10375.773414554074,11.771464791148901,333.15668044798076,5646.8981908895075
10376.754600122571,11.771464791148901,333.15668044798076,5647.464838515967
10376.80854117684,11.772912438958883,333.18629103899,5647.464838515967
10377.69509549439,11.772912438958883,333.18629103899,5648.12131049484
10377.841709217057,11.774106070399284,333.2607071083039,5648.12131049484
10378.954235717654,11.774106070399284,333.2607071083039,5648.912356374785
10380.060856688768,11.778535641729832,333.3123966548592,5648.912356374785
10380.951541142538,11.778535641729832,333.3123966548592,5649.552358230576
10381.04122156091,11.780588880181313,333.3867760952562,5649.552358230576
10382.222763845697,11.780588880181313,333.3867760952562,5650.1100343726575
10382.259160270914,11.781758800148964,333.4155044835061,5650.1100343726575
10383.183088613674,11.781758800148964,333.4155044835061,5650.523540727794
10383.244437206537,11.782942863181233,333.4684185422957,5650.523540727794
10384.08632577397,11.782942863181233,333.4684185422957,5651.207416847348
10384.938053352758,11.787402862682939,333.4908568300307,5651.207416847348
10386.013441855088,11.787402862682939,333.4908568300307,5651.859488554299
10386.094364477322,11.788575943559408,333.54072848148644,5651.859488554299
10387.28763172403,11.788575943559408,333.54072848148644,5652.491471173242
10387.384105710313,11.789746344089508,333.6034598592669,5652.491471173242
10388.690693236887,11.789746344089508,333.6034598592669,5653.227826392278
10388.820670597255,11.79087514616549,333.700854441151,5653.227826392278
10390.15385629423,11.79087514616549,333.700854441151,5654.028692802414
10391.209842639044,11.795311499387026,333.75387847423553,5654.028692802414
10392.428400728852,11.795311499387026,333.75387847423553,5654.799954589456
10392.540881345049,11.79659872315824,333.84714676998556,5654.799954589456
10393.740840015933,11.79659872315824,333.84714676998556,5655.587075518444
10393.864538049325,11.79801501892507,333.9080498944968,5655.587075518444
10394.684333814308,11.79801501892507,333.9080498944968,5655.9907574635
10394.811069354415,11.799238352105021,334.01150986738503,5655.9907574635
10395.969481920823,11.799238352105021,334.01150986738503,5656.79519610852
10396.630250276998,11.804721811786294,334.06672460772097,5656.79519610852
10397.726512381807,11.804721811786294,334.06672460772097,5657.549129331484
10397.836027273908,11.805825851857662,334.16071790643036,5657.549129331484
10398.998161962256,11.805825851857662,334.16071790643036,5658.293720982969
10399.095191206783,11.807013772428036,334.2489028405398,5658.293720982969
10400.21043917723,11.807013772428036,334.2489028405398,5659.2286112029105
10400.296929709613,11.808187814429402,334.3261956758797,5659.2286112029105
10401.668265923858,11.808187814429402,334.3261956758797,5660.07459118031
10402.77779997699,11.81601626612246,334.4148352984339,5660.07459118031
10403.789121117443,11.81601626612246,334.4148352984339,5660.708292752504
10403.8318193499,11.817178066819906,334.4377604778856,5660.708292752504
10405.034179911017,11.817178066819906,334.4377604778856,5661.696332866326
10405.192461526021,11.818334909155965,334.5705088060349,5661.696332866326
10406.468759141862,11.818334909155965,334.5705088060349,5662.577904092148
10406.599883001298,11.819526080042124,334.6770450435579,5662.577904092148
10407.687598207965,11.819526080042124,334.6770450435579,5663.315849840641
10408.46783248894,11.824020901694894,334.70595049113035,5663.315849840641
10409.9008067213,11.824020901694894,334.70595049113035,5664.406487992033
10410.025924609974,11.825159601867199,334.81520850770175,5664.406487992033
10411.153164127842,11.825159601867199,334.81520850770175,5665.195684527978
10411.272395698354,11.826335834339261,334.9246942587197,5665.195684527978
10412.236073486507,11.826335834339261,334.9246942587197,5665.798907022923
10412.370360340923,11.82755776681006,335.04842700995505,5665.798907022923
10413.557819802314,11.82755776681006,335.04842700995505,5666.594142649323
10414.146416665986,11.831962037831545,335.0709958411753,5666.594142649323
10415.184263369069,11.831962037831545,335.0709958411753,5667.296378666535
10415.242490496486,11.833147516474128,335.12091285549104,5667.296378666535
10415.999404748902,11.833147516474128,335.12091285549104,5667.748729823157
10416.152365449816,11.836055060848594,335.24775424413383,5667.748729823157
10417.372829250991,11.836055060848594,335.24775424413383,5668.809928642586
10417.402921361849,11.837206020951271,335.27037894912064,5668.809928642586
10418.3625101652,11.837206020951271,335.27037894912064,5669.395192248747
10419.352863859385,11.846112912520766,335.3272216785699,5669.395192248747
10420.450985746458,11.846112912520766,335.3272216785699,5670.0347458049655
10420.52690220438,11.847425686195493,335.38685175031424,5670.0347458049655
10421.89993049018,11.847425686195493,335.38685175031424,5671.013113530353
10422.031631087884,11.848646590486169,335.50332798063755,5671.013113530353
10423.14808325842,11.848646590486169,335.50332798063755,5671.837718883529
10423.23413460143,11.849848231300712,335.5775011777878,5671.837718883529
10424.51831609197,11.849848231300712,335.5775011777878,5672.691058201715
10425.354431815445,11.854334620758891,335.59965649433434,5672.691058201715
10426.841895993799,11.854334620758891,335.59965649433434,5673.756106555462
10426.995269989595,11.855533003807068,335.7015140261501,5673.756106555462
10428.054079093039,11.855533003807068,335.7015140261501,5674.413025900722
10428.193275401369,11.856904897838831,335.78486775048077,5674.413025900722
10429.586990643293,11.856904897838831,335.78486775048077,5675.380460165441
10429.733716577291,11.85807858966291,335.91114239022136,5675.380460165441
10431.297122783959,11.85807858966291,335.91114239022136,5676.531146002933
10432.524700757116,11.862633472308517,335.9805939793587,5676.531146002933
10433.488334072754,11.862633472308517,335.9805939793587,5677.3015211336315
10433.625211317092,11.863796304911375,336.07847516797483,5677.3015211336315
10434.702736904845,11.863796304911375,336.07847516797483,5677.964158633724
10434.789446482435,11.864994876086712,336.14752694033086,5677.964158633724
10435.822961816564,11.864994876086712,336.14752694033086,5678.537404609844
10435.941810330376,11.866195358335972,336.25050318427384,5678.537404609844
10436.87424476631,11.866195358335972,336.25050318427384,5679.164964077994
10437.959883460775,11.87783757969737,336.30747173540294,5679.164964077994
10439.320189604536,11.87783757969737,336.30747173540294,5679.965476222336
10439.402196103707,11.879207294434309,336.3675211351365,5679.965476222336
10440.389244904742,11.879207294434309,336.3675211351365,5680.527987500653
10440.462228331715,11.880436856299639,336.4271020349115,5680.527987500653
10441.476163337007,11.880436856299639,336.4271020349115,5681.1358443479985
10441.524597743526,11.881694601848722,336.46759930439293,5681.1358443479985
10442.993449129164,11.881694601848722,336.46759930439293,5682.243867974728
10445.019541457295,11.893203904852271,336.5338022559881,5682.243867974728
10445.838749494404,11.893203904852271,336.5338022559881,5682.872563173994
10445.944815421477,11.894551159814,336.6278040856123,5682.872563173994
10447.091156080365,11.894551159814,336.6278040856123,5683.688323494047
10447.181073052809,11.895782163366675,336.70426216721535,5683.688323494047
10448.33800038509,11.895782163366675,336.70426216721535,5684.322914689779
10448.565738542005,11.897191939875484,336.7870419919491,5684.322914689779
10449.379595817998,11.897191939875484,336.7870419919491,5684.813598075882
10450.703991562128,11.901769002899528,336.9466956201941,5684.813598075882
10451.689510885626,11.901769002899528,336.9466956201941,5685.534885277972
10451.818341713399,11.903965223580599,337.045186791569,5685.534885277972
10452.870263893157,11.903965223580599,337.045186791569,5686.253167133778
10453.023615390062,11.905336109921336,337.1715999711305,5686.253167133778
10453.958635749295,11.905336109921336,337.1715999711305,5686.813457388431
10454.109014449641,11.906538892537355,337.29775148816407,5686.813457388431
10455.540505653247,11.906538892537355,337.29775148816407,5687.715214701369
10461.80293951556,11.911139337345958,337.3436709474772,5687.715214701369
10462.345283975825,11.911139337345958,337.3436709474772,5688.044806769118
10462.415478236973,11.912492441013455,337.38178079389036,5688.044806769118
10463.688654186204,11.912492441013455,337.38178079389036,5688.863621916622
10463.795289905742,11.913744581863284,337.47452620975673,5688.863621916622
10465.02925093472,11.913744581863284,337.47452620975673,5689.811267597601
10465.14224224165,11.914977533742785,337.5609335899353,5689.811267597601
10466.105796765536,11.914977533742785,337.5609335899353,5690.425631523132
10466.877362357453,11.919671220704913,337.5874130614102,5690.425631523132
10467.963326830417,11.919671220704913,337.5874130614102,5691.030041938648
10468.032757062465,11.920909000560641,337.64561832509935,5691.030041938648
10469.159858094528,11.920909000560641,337.64561832509935,5691.82397647202
10469.271658020094,11.922322195023298,337.73244361393154,5691.82397647202
10470.449842629954,11.922322195023298,337.73244361393154,5692.612167527899
10470.631268927827,11.923583999276161,337.87496202997863,5692.612167527899
10472.133835779503,11.923583999276161,337.87496202997863,5693.687961215153
10472.94144205004,11.928472178056836,337.9695997796953,5693.687961215153
10474.068451173604,11.928472178056836,337.9695997796953,5694.4401600230485
10474.258400708437,11.929713221266866,338.1402286924422,5694.4401600230485
10475.545999767259,11.929713221266866,338.1402286924422,5695.3398561403155
10475.640761882067,11.931044256314635,338.21295938268304,5695.3398561403155
10476.688588585705,11.931044256314635,338.21295938268304,5696.035922540352
10476.796000709757,11.932372020557523,338.3028850853443,5696.035922540352
10477.86234114319,11.932372020557523,338.3028850853443,5696.699080068618
10478.954836346209,11.936930013820529,338.4216208271682,5696.699080068618
10480.171276314184,11.936930013820529,338.4216208271682,5697.46553946659
10480.32022321783,11.938208349049091,338.5624205041677,5697.46553946659
10481.49458505772,11.938208349049091,338.5624205041677,5698.229571079835
10481.667144512758,11.93947778083384,338.6971716172993,5698.229571079835
10482.708464629948,11.93947778083384,338.6971716172993,5698.922652594745
10482.747390149161,11.943692296743393,338.72457506880164,5698.922652594745
10484.04872142151,11.943692296743393,338.72457506880164,5699.8743536397815
10485.03180712089,11.948177708312869,338.84111002087593,5699.8743536397815
10486.38665849343,11.948177708312869,338.84111002087593,5700.779236858711
10486.490684226155,11.949423579499125,338.9218289088458,5700.779236858711
10487.661989238113,11.949423579499125,338.9218289088458,5701.526702729985
10487.821870693937,11.950748650357127,339.03105303645134,5701.526702729985
10488.95863665454,11.950748650357127,339.03105303645134,5702.2692241594195
10489.054263994098,11.95204558596015,339.1067136786878,5702.2692241594195
10490.201317232102,11.95204558596015,339.1067136786878,5702.861955020577
10491.455228306353,11.966771395877004,339.15981305763125,5702.861955020577
10492.83362429589,11.966771395877004,339.15981305763125,5703.817291222513
10492.940301997587,11.968033228069544,339.2407193481922,5703.817291222513
10494.086080333218,11.968033228069544,339.2407193481922,5704.695317329839
10494.221840364859,11.969431463629007,339.2678419034928,5704.695317329839
10495.285991797224,11.969431463629007,339.2678419034928,5705.52473151125
10495.489993249997,11.970726758241653,339.4306831713766,5705.52473151125
10496.51050275378,11.970726758241653,339.4306831713766,5706.195537569001
10497.46242255345,11.97929959744215,339.5003182850778,5706.195537569001
10498.702053517103,11.97929959744215,339.5003182850778,5706.949739214033
10498.895213760436,11.983965763822198,339.6618206780404,5706.949739214033
10499.748164920136,11.983965763822198,339.6618206780404,5707.530521672219
10499.85033158958,11.985381370410323,339.741231540218,5707.530521672219
10500.733201686293,11.985381370410323,339.741231540218,5708.085680076852
10500.896990990266,11.986596170812845,339.88523658178747,5708.085680076852
10502.084107672796,11.986596170812845,339.88523658178747,5708.8578079696745
10503.042163554579,11.991559432819486,339.9782819338143,5708.8578079696745
10504.553430015221,11.991559432819486,339.9782819338143,5709.849727939814
10504.62964290008,11.992891229689121,340.03242801502347,5709.849727939814
10505.497102234513,11.992891229689121,340.03242801502347,5710.39655627124
10505.57182448171,11.994109874591231,340.09265180677176,5710.39655627124
10506.707811037078,11.994109874591231,340.09265180677176,5711.061431212351
10506.89395208098,11.995377108454704,340.18361501954496,5711.061431212351
10508.0017890241,11.995377108454704,340.18361501954496,5711.601893838495
10508.86069721356,11.999889487400651,340.24896467477083,5711.601893838495
10509.480590710416,11.999889487400651,340.24896467477083,5711.992258409038
10509.620636532083,12.001299491152167,340.3519874010235,5711.992258409038
10510.768617438152,12.001299491152167,340.3519874010235,5712.608742235228
10510.888505998999,12.002610573545098,340.455380262807,5712.608742235228
10511.978936374187,12.002610573545098,340.455380262807,5713.252455638722
10512.148253420368,12.003882417455316,340.591987490654,5713.252455638722
10513.309772441164,12.003882417455316,340.591987490654,5714.0371114090085
10514.06952429749,12.016366433352232,340.6184442471713,5714.0371114090085
10514.822009582072,12.016366433352232,340.6184442471713,5714.582671647891
10514.954502332956,12.017617907375097,340.73575296998024,5714.582671647891
10516.387116253376,12.017617907375097,340.73575296998024,5715.589341521263
10516.504157366231,12.018836207687855,340.82325275056064,5715.589341521263
10517.597755985335,12.018836207687855,340.82325275056064,5716.345299128443
10517.681288193911,12.020074171945453,340.89364136755466,5716.345299128443
10518.765661178157,12.020074171945453,340.89364136755466,5717.1339220404625
10519.498984917998,12.024757195264101,340.94783459976315,5717.1339220404625
10520.488681716844,12.024757195264101,340.94783459976315,5717.999360829592
10520.523538136855,12.025975618511438,340.97530589066446,5717.999360829592
10521.210446858779,12.025975618511438,340.97530589066446,5718.458674360067
10521.338052574545,12.02724706940353,341.06607620976865,5718.458674360067
10522.38773842901,12.02724706940353,341.06607620976865,5719.19420417957
10522.48370815441,12.028453608974814,341.14959236606956,5719.19420417957
10523.496865166351,12.028453608974814,341.14959236606956,5719.8899137135595
10524.553917804733,12.033339636400342,341.2311906479299,5719.8899137135595
10525.77975513786,12.033339636400342,341.2311906479299,5720.80019579269
10525.827325155959,12.034595489501953,341.268305728212,5720.80019579269
10526.846591668203,12.034595489501953,341.268305728212,5721.4424893613905
10526.890515200794,12.035841031000018,341.30059194006026,5721.4424893613905
10527.998146718368,12.035841031000018,341.30059194006026,5722.210129719228
10528.082220844924,12.037101255729795,341.37675503082573,5722.210129719228
10529.183324202895,12.037101255729795,341.37675503082573,5722.9271828029305
10529.914740299806,12.04670918174088,341.44714672863483,5722.9271828029305
10531.000541018322,12.04670918174088,341.44714672863483,5723.59902148135
10531.197525821626,12.047933522611856,341.5806675609201,5723.59902148135
10532.43235143274,12.047933522611856,341.5806675609201,5724.419539717957
10532.550346093252,12.04918921366334,341.683949008584,5724.419539717957
10533.87222949788,12.04918921366334,341.683949008584,5725.4243537560105
10533.9651031252,12.050456637516618,341.7559578474611,5725.4243537560105
10534.987611304969,12.050456637516618,341.7559578474611,5726.14760543406
10535.879690431058,12.055075854063034,341.90022638626397,5726.14760543406
10537.19929019548,12.055075854063034,341.90022638626397,5727.100847937167
10537.342685787007,12.0563001986593,342.0240184981376,5727.100847937167
10538.65658213757,12.0563001986593,342.0240184981376,5728.072867684066
10538.757952941582,12.057549791410565,342.1129818148911,5728.072867684066
10539.721233857796,12.057549791410565,342.1129818148911,5728.704821608961
10539.860698018223,12.058766402304173,342.21587950736284,5728.704821608961
10541.06667438522,12.058766402304173,342.21587950736284,5729.542616762221
10542.232052518055,12.081669580191374,342.28182396292686,5729.542616762221
10543.205284886062,12.081669580191374,342.28182396292686,5730.100424511358
10543.298720575869,12.085408058017492,342.3453550674021,5730.100424511358
10544.187916757539,12.085408058017492,342.3453550674021,5730.676637306809
10544.313146369532,12.086840894073248,342.4485203642398,5730.676637306809
10545.687467820942,12.086840894073248,342.4485203642398,5731.4642301704735
10545.814560797065,12.088198360055685,342.5427362769842,5731.4642301704735
10546.910503489897,12.088198360055685,342.5427362769842,5732.216754712164
10548.004800183699,12.109050190076232,342.6507437042892,5732.216754712164
10549.19912654534,12.109050190076232,342.6507437042892,5733.139138452709
10549.249745162204,12.110230160877109,342.684832977131,5733.139138452709
10550.379204956815,12.110230160877109,342.684832977131,5733.911558095366
10550.471484685317,12.111492333933711,342.7633766233921,5733.911558095366
10551.608490210027,12.111492333933711,342.7633766233921,5734.861692342907
10551.737254893407,12.11270209774375,342.8690796364099,5734.861692342907
10552.765376167372,12.11270209774375,342.8690796364099,5735.521249154583
10554.217274729162,12.119087483733892,342.99809504672885,5735.521249154583
10555.21105039306,12.119087483733892,342.99809504672885,5736.110943039879
10555.279438724741,12.120336037129164,343.0463026985526,5736.110943039879
10556.59930264391,12.120336037129164,343.0463026985526,5736.962564192712
10556.688589405268,12.121600441634655,343.114648418501,5736.962564192712
10557.547481644899,12.121600441634655,343.114648418501,5737.608065050095
10557.624689005315,12.122782433405519,343.15849117934704,5737.608065050095
10558.733850201592,12.122782433405519,343.15849117934704,5738.332906246185
10559.660717591643,12.135503388941288,343.23615836910903,5738.332906246185
10560.951043048874,12.135503388941288,343.23615836910903,5739.09225519374
10561.040426285937,12.13680474460125,343.2972317468375,5739.09225519374
10562.042279677466,12.13680474460125,343.2972317468375,5739.910497266799
10562.149814642966,12.139840880408883,343.38878448307514,5739.910497266799
10563.394819501787,12.139840880408883,343.38878448307514,5740.613513913006
10563.450152173638,12.140965962782502,343.4344197679311,5740.613513913006
10564.644719561562,12.140965962782502,343.4344197679311,5741.368991116062
10565.368671482429,12.145473657175899,343.51390451192856,5741.368991116062
10566.372398177162,12.145473657175899,343.51390451192856,5742.018541526049
10566.45062904805,12.14673464000225,343.5775430649519,5742.018541526049
10567.390495626256,12.14673464000225,343.5775430649519,5742.69002764672
10567.48305061832,12.147994752973318,343.6426976956427,5742.69002764672
10568.553039656952,12.147994752973318,343.6426976956427,5743.395318344235
10568.661931030452,12.149246715009212,343.72929889149964,5743.395318344235
10570.079756997526,12.149246715009212,343.72929889149964,5744.283602340147
10571.116514878348,12.160518260672688,343.85147233866155,5744.283602340147
10572.215686479583,12.160518260672688,343.85147233866155,5744.926188433543
10572.279753942043,12.161798864603043,343.9025737028569,5744.926188433543
10573.50949922204,12.161798864603043,343.9025737028569,5745.852590192109
10573.584464941174,12.16990266367793,343.9431191161275,5745.852590192109
10574.82469060272,12.16990266367793,343.9431191161275,5746.632653968409
10574.883716784418,12.171111242845654,343.99450875632465,5746.632653968409
10575.89638724178,12.171111242845654,343.99450875632465,5747.208101293072
10576.833876704797,12.175646556541324,344.07738304138184,5747.208101293072
10577.974186202511,12.175646556541324,344.07738304138184,5748.001911830157
10578.14327905327,12.176898589357734,344.2266574501991,5748.001911830157
10579.129791483283,12.176898589357734,344.2266574501991,5748.65152787976
10579.202508743852,12.178226282820106,344.2836927417666,5748.65152787976
10579.860221100971,12.178226282820106,344.2836927417666,5749.125873316079
10579.932690666988,12.179548079147935,344.34036017768085,5749.125873316079
10580.656408593059,12.179548079147935,344.34036017768085,5749.596104886383
10581.656939102337,12.188279518857598,344.47691573761404,5749.596104886383
10582.957728378475,12.188279518857598,344.47691573761404,5750.460507884622
10583.119985878468,12.189513858407736,344.6100577618927,5750.460507884622
10584.160966552794,12.189513858407736,344.6100577618927,5751.217479646206
10584.304747123271,12.190744711086154,344.73497338593006,5751.217479646206
10585.55054059811,12.190744711086154,344.73497338593006,5752.1003233511
10585.63665417023,12.192015364766121,344.8132958188653,5752.1003233511
10587.043559068814,12.192015364766121,344.8132958188653,5753.214557858184
10587.815219482407,12.196744153276086,344.8899526707828,5753.214557858184
10588.952214775607,12.196744153276086,344.8899526707828,5753.928382230923
10589.071195222437,12.197975805029273,344.98911717161536,5753.928382230923
10590.127883056179,12.197975805029273,344.98911717161536,5754.596422187984
10590.210195342079,12.199260950088501,345.059953186661,5754.596422187984
10591.34358937852,12.199260950088501,345.059953186661,5755.212443495169
10591.427346820012,12.200523683801293,345.1083575896919,5755.212443495169
10592.301574597135,12.200523683801293,345.1083575896919,5755.8721032477915
10593.255761148408,12.222562039270997,345.27172431722283,5755.8721032477915
10594.082027858123,12.222562039270997,345.27172431722283,5756.5151107646525
10594.212141657248,12.223823910579085,345.3623796142638,5756.5151107646525
10595.472302693874,12.223823910579085,345.3623796142638,5757.380808748305
10595.648501425982,12.22525941953063,345.50279179029167,5757.380808748305
10596.269001381472,12.22525941953063,345.50279179029167,5757.807436430827
10596.355778669938,12.22655607201159,345.5723022893071,5757.807436430827
10597.482674608007,12.22655607201159,345.5723022893071,5758.554510362446
10598.258384102955,12.231210427358747,345.6691807694733,5758.554510362446
10599.693888684735,12.231210427358747,345.6691807694733,5759.474397694692
10599.733679894358,12.232470218092203,345.6965696811676,5759.474397694692
10600.672907039523,12.232470218092203,345.6965696811676,5760.082646729425
10600.83891629614,12.233743391931057,345.84296894073486,5760.082646729425
10602.10430504568,12.233743391931057,345.84296894073486,5760.908533483744
10602.168993659317,12.234953064471483,345.8997246287763,5760.908533483744
10602.898402430117,12.234953064471483,345.8997246287763,5761.4042968302965
10603.756576642394,12.23951805755496,345.9374567680061,5761.4042968302965
10604.886853193864,12.23951805755496,345.9374567680061,5762.0982579719275
10605.06624949351,12.240819901227951,346.0589874200523,5762.0982579719275
10606.148167310283,12.240819901227951,346.0589874200523,5762.784871168435
10606.263979217038,12.242084193974733,346.15360017865896,5762.784871168435
10607.900718478486,12.242084193974733,346.15360017865896,5763.5139771122485
10608.168459933251,12.246799137443304,346.23350249044597,5763.5139771122485
10609.742033472285,12.246799137443304,346.23350249044597,5763.923662412912
10612.79195260629,12.253743005916476,346.285012928769,5763.923662412912
10613.527997925878,12.253743005916476,346.285012928769,5764.348656244576
10613.618900408968,12.255037939175963,346.33621833473444,5764.348656244576
10614.560136562213,12.255037939175963,346.33621833473444,5764.930799679831
10614.70926284045,12.256302282214165,346.45482059568167,5764.930799679831
10615.6284025684,12.256302282214165,346.45482059568167,5765.400798287243
10615.678708948195,12.257542045786977,346.48215630464256,5765.400798287243
10616.72110132873,12.257542045786977,346.48215630464256,5766.120453776792
10619.231682840735,12.263529546558857,346.51143804751337,5766.120453776792
10619.881360681728,12.263529546558857,346.51143804751337,5766.529225151986
10619.99418379739,12.264767987653613,346.61524157598615,5766.529225151986
10620.671519542113,12.264767987653613,346.61524157598615,5766.9219269528985
10620.80248185806,12.266005150973797,346.7155522480607,5766.9219269528985
10622.131063934416,12.266005150973797,346.7155522480607,5767.52246453613
10622.238544989377,12.2672747541219,346.7899342086166,5767.52246453613
10623.549778809771,12.2672747541219,346.7899342086166,5768.60099725984
10624.455901138484,12.27194707095623,346.9568771291524,5768.60099725984
10625.700210683048,12.27194707095623,346.9568771291524,5769.477953758091
10625.758695293218,12.273239485919476,346.99103428423405,5769.477953758091
10626.822167631239,12.273239485919476,346.99103428423405,5770.257892889902
10626.971667805687,12.274481927976012,347.105167100206,5770.257892889902
10628.52645159699,12.274481927976012,347.105167100206,5771.274183906615
10628.63518344611,12.279260862618685,347.1967967748642,5771.274183906615
10629.748316781595,12.279260862618685,347.1967967748642,5771.949036236852
10630.996053969488,12.283849250525236,347.22338619083166,5771.949036236852
10632.226311577484,12.283849250525236,347.22338619083166,5772.261554520577
10632.452409451827,12.285285037010908,347.266141153872,5772.261554520577
10633.716705681756,12.285285037010908,347.266141153872,5772.884928178042
10633.829199809581,12.286517979577184,347.35612310282886,5772.884928178042
10634.497656753287,12.286517979577184,347.35612310282886,5773.295484246686
10634.587709819898,12.287687592208385,347.4304058011621,5773.295484246686
10635.517004422843,12.287687592208385,347.4304058011621,5773.875409839675
10637.769792120904,12.29407449066639,347.5546157527715,5773.875409839675
10638.97435230948,12.29407449066639,347.5546157527715,5774.533247668296
10639.112584358081,12.296036817133427,347.6718193553388,5774.533247668296
10640.458805724978,12.296036817133427,347.6718193553388,5775.565147768706
10640.595275308937,12.297313369810581,347.78637455776334,5775.565147768706
10641.710010176525,12.297313369810581,347.78637455776334,5776.278351251036
10641.804209269583,12.298589220270514,347.81954767368734,5776.278351251036
10642.664309877902,12.298589220270514,347.81954767368734,5776.712137684226
10644.75244494155,12.30345131829381,347.8463532757014,5776.712137684226
10646.011776771396,12.30345131829381,347.8463532757014,5777.560336865485
10646.16057800129,12.312691370025277,347.96156421490014,5777.560336865485
10647.133244460449,12.312691370025277,347.96156421490014,5778.269208749756
10647.306701492518,12.31406737305224,348.0469424780458,5778.269208749756
10648.159058237448,12.31406737305224,348.0469424780458,5778.774912156165
10648.2024876941,12.315240243449807,348.07415949366987,5778.774912156165
10649.672815009952,12.315240243449807,348.07415949366987,5779.6898982562125
10651.613736154512,12.319695055484772,348.10134532116354,5779.6898982562125
10652.375812510028,12.319695055484772,348.10134532116354,5780.138675123453
10652.50661503151,12.320955496281385,348.20771443657577,5780.138675123453
10653.334382357076,12.320955496281385,348.20771443657577,5780.530135313049
10653.600085157901,12.322213741019368,348.3413308802992,5780.530135313049
10654.374359216541,12.322213741019368,348.3413308802992,5780.99400989525
10654.5858208742,12.323516516014934,348.45503157936037,5780.99400989525
10655.923761740327,12.323516516014934,348.45503157936037,5781.715400196612
10658.309456685558,12.331370182335377,348.5076039209962,5781.715400196612
10658.99838593416,12.331370182335377,348.5076039209962,5782.1179359667
10659.149902286008,12.340018402785063,348.6357176247984,5782.1179359667
10660.322809763253,12.340018402785063,348.6357176247984,5782.88886336796
10660.46030042693,12.341298516839743,348.7599280960858,5782.88886336796
10661.423092434183,12.341298516839743,348.7599280960858,5783.553048722446
10661.465350786224,12.342531830072403,348.79425498098135,5783.553048722446
10662.691259553656,12.342531830072403,348.79425498098135,5784.439634256065
10664.356119718403,12.347122095525265,348.8308865018189,5784.439634256065
10665.228361910209,12.347122095525265,348.8308865018189,5784.914911834523
10665.264163265005,12.348370658233762,348.8579103667289,5784.914911834523
10666.188557177782,12.348370658233762,348.8579103667289,5785.412954222411
10666.320910397917,12.349587488919497,348.97838361747563,5785.412954222411
10667.33664882183,12.349587488919497,348.97838361747563,5785.903037374839
10667.557274566963,12.35100364498794,349.15301125124097,5785.903037374839
10668.769335972145,12.35100364498794,349.15301125124097,5786.846029751003
10670.243661802262,12.359610922634602,349.18173226714134,5786.846029751003
10671.10156049952,12.359610922634602,349.18173226714134,5787.3711274098605
10671.27529835701,12.360861955210567,349.3231099136174,5787.3711274098605
10671.951752245426,12.360861955210567,349.3231099136174,5787.861635990441
10672.010818436742,12.362131867557764,349.3503642436117,5787.861635990441
10672.895102437586,12.362131867557764,349.3503642436117,5788.429812990129
10672.991050211713,12.363450502976775,349.4186884444207,5788.429812990129
10673.933980733156,12.363450502976775,349.4186884444207,5789.046511599794
10675.632969141006,12.370145665481687,349.53620798140764,5789.046511599794
10676.627705784515,12.370145665481687,349.53620798140764,5789.765503026545
10676.740941364318,12.37142918817699,349.6371827982366,5789.765503026545
10677.74827538617,12.37142918817699,349.6371827982366,5790.450586205348
10678.013874461874,12.372866293415427,349.73469404131174,5790.450586205348
10678.753842134029,12.372866293415427,349.73469404131174,5790.8501223716885
10679.057224782184,12.374366780743003,349.7840583845973,5790.8501223716885
10679.79875970073,12.374366780743003,349.7840583845973,5791.378131756559
10682.425067804754,12.380013696849346,349.93695177324116,5791.378131756559
10683.482432302088,12.380013696849346,349.93695177324116,5791.964271724224
10683.677381975576,12.38148346170783,349.98038069717586,5791.964271724224
10684.704384965822,12.38148346170783,349.98038069717586,5792.493165357038
10684.837508870289,12.382676573470235,350.0855402518064,5792.493165357038
10685.54154509306,12.382676573470235,350.0855402518064,5792.845392037183
10685.593527365476,12.383949687704444,350.11917346715927,5792.845392037183
10686.965377369896,12.383949687704444,350.11917346715927,5793.624226709828
10688.447587514296,12.395152835175395,350.19826570153236,5793.624226709828
10689.059385471046,12.395152835175395,350.19826570153236,5794.065071351826
10689.14841648005,12.39638153091073,350.25813649594784,5794.065071351826
10690.05600029789,12.39638153091073,350.25813649594784,5794.691512476653
10690.140174675733,12.397609004750848,350.322219427675,5794.691512476653
10690.829199325293,12.397609004750848,350.322219427675,5795.183669386432
10690.948309743777,12.398849297314882,350.40649113990366,5795.183669386432
10691.475714856759,12.398849297314882,350.40649113990366,5795.49877958931
10694.400627532974,12.406853580847383,350.49559595808387,5795.49877958931
10695.871918005869,12.406853580847383,350.49559595808387,5796.36107079871
10696.030757222325,12.40810970403254,350.63674676790833,5796.36107079871
10697.828060477972,12.40810970403254,350.63674676790833,5797.457698322833
10697.978036088869,12.409348715096712,350.7659227605909,5797.457698322833
10698.760070459917,12.409348715096712,350.7659227605909,5797.920543607324
10698.884893832728,12.417307663708925,350.86099850945175,5797.920543607324
10699.688550837338,12.417307663708925,350.86099850945175,5798.54069365561
10701.74856759794,12.422041269019246,350.903717212379,5798.54069365561
10702.846141798422,12.422041269019246,350.903717212379,5799.245624335483
10703.008197762072,12.423337493091822,351.02172650769353,5799.245624335483
10703.853052610531,12.423337493091822,351.02172650769353,5799.7248351778835
10703.931116078049,12.424616886302829,351.0755365602672,5799.7248351778835
10704.749938068911,12.424616886302829,351.0755365602672,5800.345096081495
10704.866817889735,12.425846830010414,351.16455702856183,5800.345096081495
10705.944109506905,12.425846830010414,351.16455702856183,5801.087728410959
10707.870267389342,12.430384961888194,351.30844120681286,5801.087728410959
10709.051738234237,12.430384961888194,351.30844120681286,5801.742808628827
10709.390271443874,12.431865688413382,351.36861862801015,5801.742808628827
10710.665703756735,12.431865688413382,351.36861862801015,5802.4696587994695
10710.773219654337,12.433127211406827,351.44628774933517,5802.4696587994695
10711.816812574863,12.433127211406827,351.44628774933517,5803.089600222185
10711.925023466349,12.434369344264269,351.50898894667625,5803.089600222185
10712.978380676359,12.434369344264269,351.50898894667625,5803.651481216773
10715.212703254074,12.4483483992517,351.5561365298927,5803.651481216773
10716.253570085391,12.4483483992517,351.5561365298927,5804.10887093097
10716.448110001162,12.449806643649936,351.6034903060645,5804.10887093097
10717.196283003315,12.449806643649936,351.6034903060645,5804.512880789116
10717.27446966432,12.458076333627105,351.6577374506742,5804.512880789116
10718.119499895722,12.458076333627105,351.6577374506742,5804.98775999248
10718.28303392604,12.459535310044885,351.7479009795934,5804.98775999248
10719.294763926417,12.459535310044885,351.7479009795934,5805.690323328599
10721.572612477466,12.464092552661896,351.79476243816316,5805.690323328599
10723.109580194578,12.464092552661896,351.79476243816316,5806.454742625356
10723.233836205676,12.465360386297107,351.90270473249257,5806.454742625356
10724.563691973686,12.465360386297107,351.90270473249257,5807.393332537264
10724.722909754142,12.466664522886276,351.9757235571742,5807.393332537264
10725.7222914882,12.466664522886276,351.9757235571742,5808.063216647133
10725.785586066544,12.467922577634454,352.022608993575,5808.063216647133
10726.477203672752,12.467922577634454,352.022608993575,5808.4934909734875
10728.118189489469,12.47260021045804,352.08061039447784,5808.4934909734875
10729.343771008775,12.47260021045804,352.08061039447784,5809.091884935275
10729.606222549453,12.474054396152496,352.27690723352134,5809.091884935275
10730.525453617796,12.474054396152496,352.27690723352134,5809.633092630655
10730.604760507122,12.483866635710001,352.3246408253908,5809.633092630655
10731.47018523328,12.483866635710001,352.3246408253908,5810.213404113427
10731.519517073408,12.485122814774513,352.35161570832133,5810.213404113427
10732.59221214056,12.485122814774513,352.35161570832133,5810.851802887395
10733.868263114244,12.48957922309637,352.510536974296,5810.851802887395
10735.175174290314,12.48957922309637,352.510536974296,5811.642550995573
10735.325745021924,12.490875147283077,352.63667315244675,5811.642550995573
10736.362846501172,12.490875147283077,352.63667315244675,5812.406391028315
10736.424514042214,12.492121551185846,352.68644806556404,5812.406391028315
10737.12380753085,12.492121551185846,352.68644806556404,5812.780017869547
10737.247529936954,12.493516894057393,352.79294062033296,5812.780017869547
10738.284276410937,12.493516894057393,352.79294062033296,5813.340442240238
10739.40260062553,12.498145004734397,352.88244270533323,5813.340442240238
10740.266362441704,12.498145004734397,352.88244270533323,5813.9974443130195
10740.40946639888,12.499453088268638,352.9487779587507,5813.9974443130195
10741.459874033928,12.499453088268638,352.9487779587507,5814.712999969721
10741.494298398495,12.500678207725286,352.97568107023835,5814.712999969721
10742.260464241728,12.500678207725286,352.97568107023835,5815.0367276370525
10742.391221664846,12.502012360841036,353.07751743867993,5815.0367276370525
10743.5866623912,12.502012360841036,353.07751743867993,5815.732296520844
10744.947752892971,12.511562572792172,353.11585163511336,5815.732296520844
10745.7089059297,12.511562572792172,353.11585163511336,5816.301801327616
10746.061067702249,12.516252096742392,353.2687632218003,5816.301801327616
10746.765542417765,12.516252096742392,353.2687632218003,5816.792199907824
10746.82363753207,12.517423767596483,353.31878468953073,5816.792199907824
10747.682719253004,12.517423767596483,353.31878468953073,5817.253516502678
10747.754426686093,12.518925903365016,353.36477427370846,5817.253516502678
10748.523789789528,12.518925903365016,353.36477427370846,5817.616384008899
10750.439435129985,12.523624837398529,353.55353119038045,5817.616384008899
10751.40733887814,12.523624837398529,353.55353119038045,5818.227102672681
10751.650854187086,12.524892419576645,353.6921599153429,5818.227102672681
10752.874387566,12.524892419576645,353.6921599153429,5818.870507529005
10752.983610818163,12.535580802708864,353.76881419867277,5818.870507529005
10753.96968896687,12.535580802708864,353.76881419867277,5819.246849481016
10754.024219278246,12.536860184744,353.8156555779278,5819.246849481016
10754.550424477085,12.536860184744,353.8156555779278,5819.547498157248
10756.871613333002,12.541395738720894,353.94339055754244,5819.547498157248
10758.274215821177,12.541395738720894,353.94339055754244,5819.9913994930685
10758.365570411086,12.542634030804038,354.004961155355,5819.9913994930685
10758.908684629947,12.542634030804038,354.004961155355,5820.3272890895605
10758.985852221027,12.543834302574396,354.07086429186165,5820.3272890895605
10759.551963478327,12.543834302574396,354.07086429186165,5820.634988857433
10759.615805737674,12.544942632317543,354.1237071920186,5820.634988857433
10760.488508157432,12.544942632317543,354.1237071920186,5821.290921403095
10761.892249140888,12.549575066193938,354.22062604129314,5821.290921403095
10762.907807158306,12.549575066193938,354.22062604129314,5821.938899276778
10762.971053313464,12.550814038142562,354.2704677656293,5821.938899276778
10763.675658585504,12.550814038142562,354.2704677656293,5822.419377408922
10763.753207534552,12.552018459886312,354.33927230350673,5822.419377408922
10764.821823174134,12.552018459886312,354.33927230350673,5823.102824278176
10764.956397864968,12.553258690983057,354.3943936470896,5823.102824278176
10766.432326829061,12.553258690983057,354.3943936470896,5823.862598469481
10768.519938088953,12.557850316166878,354.48885862343013,5823.862598469481
10770.077898543328,12.557850316166878,354.48885862343013,5824.559572154656
10770.396048810333,12.559305660426617,354.5480012949556,5824.559572154656
10771.554608073086,12.559305660426617,354.5480012949556,5825.194067504257
10771.646194398403,12.560599893331528,354.61706759780645,5825.194067504257
10772.917652521282,12.560599893331528,354.61706759780645,5826.302172631025
10773.065716288984,12.56181431375444,354.74192108400166,5826.302172631025
10774.272142501548,12.56181431375444,354.74192108400166,5827.148423315957
10775.164966741577,12.566252192482352,354.848505878821,5827.148423315957
10776.280309112743,12.566252192482352,354.848505878821,5827.855488454923
10776.39480108209,12.567507434636354,354.9477797932923,5827.855488454923
10777.818827098235,12.567507434636354,354.9477797932923,5828.917298564687
10777.937331678346,12.568720906972885,355.0449148081243,5828.917298564687
10779.19663647376,12.568720906972885,355.0449148081243,5829.627655604854
10779.301203710958,12.56995065137744,355.1307100765407,5829.627655604854
10780.576717991382,12.56995065137744,355.1307100765407,5830.612551437691
10781.43040539138,12.574417632073164,355.2391112167388,5830.612551437691
10782.456703785807,12.574417632073164,355.2391112167388,5831.244694046676
10782.500091765076,12.575724605470896,355.2682419959456,5831.244694046676
10783.775041505694,12.575724605470896,355.2682419959456,5832.054166343063
10783.952001649886,12.576988499611616,355.41844318434596,5832.054166343063
10785.290043253452,12.576988499611616,355.41844318434596,5833.015482148156
10785.470921669155,12.578227391466498,355.5740581881255,5833.015482148156
10786.531863393262,12.578227391466498,355.5740581881255,5833.771968573332
10787.19089473039,12.582689931616187,355.60374105907977,5833.771968573332
10788.516729338095,12.582689931616187,355.60374105907977,5834.88510944508
10788.622078029439,12.583914935588837,355.6959972642362,5834.88510944508
10789.909104341641,12.583914935588837,355.6959972642362,5835.878298768774
10790.104047462344,12.588882327079773,355.8728667162359,5835.878298768774
10791.309136774391,12.588882327079773,355.8728667162359,5836.751734228805
10791.35468708165,12.590017415583134,355.9040617439896,5836.751734228805
10793.046707447618,12.590017415583134,355.9040617439896,5837.9475281033665
10793.885560112074,12.594458278268576,356.0116796270013,5837.9475281033665
10795.42920463346,12.594458278268576,356.0116796270013,5839.039039013907
10795.56046226807,12.600566087290645,356.0998101606965,5839.039039013907
10796.89961685799,12.600566087290645,356.0998101606965,5840.0282092075795
10797.000717513263,12.601822072640061,356.18563294783235,5840.0282092075795
10798.128715578467,12.601822072640061,356.18563294783235,5840.939887652174
10798.181518225,12.60310797765851,356.22213988006115,5840.939887652174
10799.329245561734,12.60310797765851,356.22213988006115,5841.774867037311
10799.945130225271,12.60782223381102,356.328409999609,5841.774867037311
10801.020262030885,12.60782223381102,356.328409999609,5842.570521725342
10801.06660688296,12.609103418886662,356.35878743231297,5842.570521725342
10802.389494670555,12.609103418886662,356.35878743231297,5843.484170569107
10802.577832870185,12.610344622284174,356.49501330778,5843.484170569107
10803.92724274844,12.610344622284174,356.49501330778,5844.485088549554
10803.985591556877,12.611526004970074,356.54515714757144,5844.485088549554
10805.41251104325,12.611526004970074,356.54515714757144,5845.45943989791
10806.084406064823,12.616200357675552,356.57465801015496,5845.45943989791
10806.777162836865,12.616200357675552,356.57465801015496,5846.0297982972115
10806.902760999277,12.617413299158216,356.6777156610042,5846.0297982972115
10808.11572526209,12.617413299158216,356.6777156610042,5846.966839276254
10808.243463361636,12.626765618100762,356.78206110559404,5846.966839276254
10809.388056369498,12.626765618100762,356.78206110559404,5847.833880437538
10809.491243973374,12.6280133202672,356.8677292726934,5847.833880437538
10811.035012094304,12.6280133202672,356.8677292726934,5848.961301185191
10812.302230561152,12.63250925205648,356.9459350518882,5848.961301185191
10813.112850854173,12.63250925205648,356.9459350518882,5849.552089845762
10813.179626338184,12.633750284090638,356.99372953921556,5849.552089845762
10814.432806501165,12.633750284090638,356.99372953921556,5850.1831998974085
10814.72231245786,12.634966868907213,357.1338032539934,5850.1831998974085
10815.88833975792,12.634966868907213,357.1338032539934,5850.9430381488055
10816.108254034072,12.636205250397325,357.313188733533,5850.9430381488055
10817.566305536777,12.636205250397325,357.313188733533,5852.13552778773
10818.374469568953,12.640603341162205,357.40260468795896,5852.13552778773
10819.905133193359,12.640603341162205,357.40260468795896,5853.303984683007
10819.941141838208,12.641841772943735,357.43012057617307,5853.303984683007
10821.357348842546,12.641841772943735,357.43012057617307,5854.261369774118
10821.432895334437,12.643093695864081,357.4909872021526,5854.261369774118
10822.401526069269,12.643093695864081,357.4909872021526,5854.95020368509
10822.533806692809,12.644351158291101,357.6047335974872,5854.95020368509
10823.608029898256,12.644351158291101,357.6047335974872,5855.495435388759
10825.79689594917,12.648888221010566,357.7178886141628,5855.495435388759
10826.636817028746,12.648888221010566,357.7178886141628,5856.047627380118
10826.743183922023,12.650121632963419,357.8099708966911,5856.047627380118
10827.833577360958,12.650121632963419,357.8099708966911,5856.42445810698
10827.884966203943,12.651389565318823,357.8467097263783,5856.42445810698
10828.554478257895,12.651389565318823,357.8467097263783,5856.78630644083
10828.87427040562,12.652748629450798,357.9862382616848,5856.78630644083
10830.153459455818,12.652748629450798,357.9862382616848,5857.45717981644
10832.824892077595,12.658340590074658,358.103108394891,5857.45717981644
10833.515994073823,12.658340590074658,358.103108394891,5857.717662556097
10833.590921444818,12.65964119322598,358.13087450899184,5857.717662556097
10834.462834885344,12.65964119322598,358.13087450899184,5858.302512239665
10834.498652266338,12.660870375111699,358.158874835819,5858.302512239665
10835.251690438017,12.660870375111699,358.158874835819,5858.789562847465
10835.329520432279,12.662048559635878,358.2153620198369,5858.789562847465
10836.346798414364,12.662048559635878,358.2153620198369,5859.475230755284
10837.718273602426,12.674326332286,358.2464649528265,5859.475230755284
10838.4493664857,12.674326332286,358.2464649528265,5859.918449167162
10838.669720416889,12.67574568837881,358.3542896229774,5859.918449167162
10839.480004590005,12.67574568837881,358.3542896229774,5860.507186513394
10839.614717487246,12.677140712738037,358.4505166206509,5860.507186513394
10840.642019392923,12.677140712738037,358.4505166206509,5861.339963942766
10840.820079827681,12.67842510715127,358.5892603415996,5861.339963942766
10842.248201975599,12.67842510715127,358.5892603415996,5862.267665106803
10844.231820737943,12.68296766281128,358.6188281606883,5862.267665106803
10845.076505552977,12.68296766281128,358.6188281606883,5862.713077409193
10845.1772861965,12.684223216027021,358.70764380320907,5862.713077409193
10846.784162433818,12.684223216027021,358.70764380320907,5863.831702684984
10846.931581351906,12.685504058375955,358.7976115271449,5863.831702684984
10847.565885946155,12.685504058375955,358.7976115271449,5864.220310755074
10847.657051503658,12.686775922775269,358.8587161973119,5864.220310755074
10848.881308509037,12.686775922775269,358.8587161973119,5865.142323449254
10850.115210428834,12.69142248481512,358.9157789964229,5865.142323449254
10851.168948637322,12.69142248481512,358.9157789964229,5865.766258526593
10851.319700125605,12.692615756765008,359.0514792203903,5865.766258526593
10852.436351208016,12.692615756765008,359.0514792203903,5866.3587652835995
10852.643682505935,12.6939813233912,359.0780482441187,5866.3587652835995
10853.628541588783,12.6939813233912,359.0780482441187,5866.987697852775
10853.730952281505,12.695503810420632,359.1156145967543,5866.987697852775
10854.706311115995,12.695503810420632,359.1156145967543,5867.715707801282
10856.298157362267,12.700003443285823,359.235313963145,5867.715707801282
10857.23613190651,12.700003443285823,359.235313963145,5868.30921179615
10857.413897747174,12.701286144554615,359.36723183095455,5868.30921179615
10858.563442267478,12.701286144554615,359.36723183095455,5869.136645451188
10858.632675366476,12.702575309202075,359.4177652578801,5869.136645451188
10859.32603959553,12.702575309202075,359.4177652578801,5869.52627075091
10859.436019813642,12.703878484666348,359.50549378059804,5869.52627075091
10860.76266506128,12.703878484666348,359.50549378059804,5870.376602055505
10862.021212093532,12.708510430529714,359.6061750408262,5870.376602055505
10863.663760285825,12.708510430529714,359.6061750408262,5871.577554201707
10863.744549833238,12.709721632301807,359.6646810732782,5871.577554201707
10864.513349626213,12.709721632301807,359.6646810732782,5872.135499501601
10864.696283018216,12.711039334535599,359.74925667978823,5872.135499501601
10866.103084456176,12.711039334535599,359.74925667978823,5873.08587500453
10866.234262349084,12.712320471182466,359.8727130629122,5873.08587500453
10867.28119154647,12.712320471182466,359.8727130629122,5873.728784468025
10869.005930941552,12.716846011579037,359.92412634938955,5873.728784468025
10869.998305367306,12.716846011579037,359.92412634938955,5874.314953882247
10870.062590206042,12.718243097886443,359.9690459538251,5874.314953882247
10871.359030527994,12.718243097886443,359.9690459538251,5875.146280281246
10871.47650341317,12.719504859298468,360.06116377934813,5875.146280281246
10872.667760964483,12.719504859298468,360.06116377934813,5876.131447998807
10872.702977754176,12.720975436270237,360.08807012811303,5876.131447998807
10873.59799228236,12.720975436270237,360.08807012811303,5876.774167448282
10875.789549261332,12.736630756407976,360.1559116449207,5876.774167448282
10877.050566831604,12.736630756407976,360.1559116449207,5877.360063545406
10877.184977713972,12.737877169623971,360.2562134973705,5877.360063545406
10878.191726192832,12.737877169623971,360.2562134973705,5878.10976947099
10878.26880498603,12.739149663597345,360.31876727566123,5878.10976947099
10879.451458789408,12.739149663597345,360.31876727566123,5878.864636451006
10879.518599350005,12.740364495664835,360.3700359966606,5878.864636451006
10880.849373849109,12.740364495664835,360.3700359966606,5879.622485946864
10882.491130068898,12.745137982070446,360.5859683826566,5879.622485946864
10883.7205906678,12.745137982070446,360.5859683826566,5880.379044217989
10883.848190305755,12.746586740016937,360.69710100255907,5880.379044217989
10884.940808396786,12.746586740016937,360.69710100255907,5881.172091552988
10885.065464444458,12.749932521954179,360.79617884382606,5881.172091552988
10886.398216517642,12.749932521954179,360.79617884382606,5881.935744902119
10886.552632585168,12.751345125958323,360.8994192723185,5881.935744902119
10887.194445982575,12.751345125958323,360.8994192723185,5882.324250264093
10888.93942952156,12.756134953349829,361.01313951797783,5882.324250264093
10890.093297164887,12.756134953349829,361.01313951797783,5883.131706662476
10890.220013098791,12.75751237012446,361.1114848535508,5883.131706662476
10891.263703580946,12.75751237012446,361.1114848535508,5883.747206913307
10891.348222278059,12.758861696347594,361.18536275811493,5883.747206913307
10892.253079358488,12.758861696347594,361.18536275811493,5884.4823345486075
10892.39238609001,12.764908116310835,361.2900026421994,5884.4823345486075
10893.15026203543,12.764908116310835,361.2900026421994,5885.021875269711
10894.35239991732,12.769439840689301,361.42985618487,5885.021875269711
10895.248564269394,12.769439840689301,361.42985618487,5885.737239653245
10895.385471709073,12.770816396921873,361.5540986228734,5885.737239653245
10896.357790365815,12.770816396921873,361.5540986228734,5886.5645499210805
10896.39756388776,12.772227311506867,361.5855240114033,5886.5645499210805
10897.265768770128,12.772227311506867,361.5855240114033,5887.206376420334
10897.468065038323,12.773554036393762,361.7673117555678,5887.206376420334
10898.171123469248,12.773554036393762,361.7673117555678,5887.7390423137695
10898.85165366903,12.778357345610857,361.895878855139,5887.7390423137695
10900.059777313843,12.778357345610857,361.895878855139,5888.670140378177
10900.155190298334,12.779627850279212,361.96699837967753,5888.670140378177
10901.125666921958,12.779627850279212,361.96699837967753,5889.345333592966
10901.174759702757,12.781072365120053,361.9987664204091,5889.345333592966
10902.130735132843,12.781072365120053,361.9987664204091,5890.100011691451
10902.314096977934,12.782380199059844,362.1578140594065,5890.100011691451
10902.893258225173,12.782380199059844,362.1578140594065,5890.439748656005
10903.877341855317,12.807033268734813,362.3020767811686,5890.439748656005
10905.386149916798,12.807033268734813,362.3020767811686,5891.550308449194
10905.547496469691,12.808286799117923,362.4552052747458,5891.550308449194
10906.688692618161,12.808286799117923,362.4552052747458,5892.475287176669
10906.846525928006,12.809614853933454,362.6043059043586,5892.475287176669
10908.445043101907,12.809614853933454,362.6043059043586,5893.511262513697
10908.571388926357,12.811005849391222,362.7220258321613,5893.511262513697
10910.014291629195,12.811005849391222,362.7220258321613,5894.501055531204
10911.104080973193,12.815643813461065,362.9050468094647,5894.501055531204
10912.628161974251,12.815643813461065,362.9050468094647,5895.680858183652
10912.755855085328,12.816962758079171,363.0053471028805,5895.680858183652
10914.498735774308,12.816962758079171,363.0053471028805,5896.988643119112
10914.724252693355,12.818337574601173,363.18364218622446,5896.988643119112
10916.303972708061,12.818337574601173,363.18364218622446,5898.1618721708655
10916.405155237764,12.819692788645625,363.2644510958344,5898.1618721708655
10917.462785225362,12.819692788645625,363.2644510958344,5899.003833509982
10918.562191197649,12.831423293799162,363.3465288206935,5899.003833509982
10919.799791220576,12.831423293799162,363.3465288206935,5899.877341633663
10919.930006228387,12.832690624520183,363.45373626053333,5899.877341633663
10921.493352053687,12.832690624520183,363.45373626053333,5901.038620728999
10921.62498793751,12.834040118381381,363.5233638957143,5901.038620728999
10922.980861401185,12.834040118381381,363.5233638957143,5901.998365249485
10923.067418165505,12.83536746352911,363.57390821538866,5901.998365249485
10924.244351375848,12.83536746352911,363.57390821538866,5902.865018978715
10925.0432496313,12.839974664151669,363.7431936226785,5902.865018978715
10926.221979375929,12.839974664151669,363.7431936226785,5903.595189744607
10926.42448150739,12.841316148638725,363.8974110670388,5903.595189744607
10927.739750726148,12.841316148638725,363.8974110670388,5904.534584285691
10927.80841926299,12.842593602836132,363.95553299598396,5904.534584285691
10928.844368360937,12.842593602836132,363.95553299598396,5905.433764358982
10928.910693038255,12.84418411180377,363.99759718216956,5905.433764358982
10930.255790226161,12.84418411180377,363.99759718216956,5906.475018955767
10931.171151211485,12.848856879398227,364.2223147582263,5906.475018955767
10932.711069086567,12.848856879398227,364.2223147582263,5907.633245354518
10932.758490664884,12.850173952057958,364.2577630132437,5907.633245354518
10933.436366204172,12.850173952057958,364.2577630132437,5908.14609914273
10933.56768724136,12.851518047973514,364.370493222028,5908.14609914273
10934.762396218255,12.851518047973514,364.370493222028,5909.000697404146
10934.956659849733,12.852814871817827,364.51889087073505,5909.000697404146
10936.145657721907,12.852814871817827,364.51889087073505,5909.985750097781
10937.22777505219,12.864453971385956,364.59593993239105,5909.985750097781
10938.418410193175,12.864453971385956,364.59593993239105,5910.863549601287
10938.54220930487,12.865759214386344,364.70681450888515,5910.863549601287
10940.006926581264,12.865759214386344,364.70681450888515,5912.032553290948
10940.212151752785,12.867088349536061,364.8855011090636,5912.032553290948
10941.381462350488,12.867088349536061,364.8855011090636,5912.970872174948
10941.488517826423,12.868534654378891,364.97087148204446,5912.970872174948
10942.389269318432,12.868534654378891,364.97087148204446,5913.630094014108
10943.653458157554,12.876824386417866,365.15651302970946,5913.630094014108
10944.969431120902,12.876824386417866,365.15651302970946,5914.545844998211
10945.139625165612,12.878258902579546,365.29119979962707,5914.545844998211
10946.198037235066,12.878258902579546,365.29119979962707,5915.386249532923
10946.324860101566,12.879560435190797,365.39757279492915,5915.386249532923
10947.618108592927,12.879560435190797,365.39757279492915,5916.265382213518
10947.765090895817,12.880965879186988,365.5266800560057,5916.265382213518
10949.059015097097,12.880965879186988,365.5266800560057,5917.250887798145
10950.033609423786,12.88565013371408,365.6451135389507,5917.250887798145
10951.46938030608,12.88565013371408,365.6451135389507,5918.390477547422
10951.626596726477,12.887014778330922,365.7640813328326,5918.390477547422
10953.093871872872,12.887014778330922,365.7640813328326,5919.414743715897
10953.319136438891,12.888524856418371,365.9490928892046,5919.414743715897
10954.133010793477,12.888524856418371,365.9490928892046,5919.97998101823
10954.281474594027,12.889827501028776,366.06945359893143,5919.97998101823
10955.647191181779,12.889827501028776,366.06945359893143,5920.982015954331
10956.38919294998,12.894766231998801,366.1846550628543,5920.982015954331
10957.948010468856,12.894766231998801,366.1846550628543,5922.118817441165
10958.014438718557,12.896116763353348,366.236205810681,5922.118817441165
10958.940815009177,12.896116763353348,366.236205810681,5922.847122618929
10959.026452675462,12.897536430507898,366.29511271975935,5922.847122618929
10960.224383773282,12.897536430507898,366.29511271975935,5923.623219667003
10960.426467701793,12.898844111710787,366.419501952827,5923.623219667003
10961.705276381224,12.898844111710787,366.419501952827,5924.370549032465
10962.470634752885,12.90804416872561,366.48249373957515,5924.370549032465
10963.844787998125,12.90804416872561,366.48249373957515,5925.458070043474
10963.955761125311,12.909421302378178,366.56479585543275,5925.458070043474
10965.065148478374,12.909421302378178,366.56479585543275,5926.33110091649
10965.136164788157,12.910759067162871,366.61088403500617,5926.33110091649
10966.105840725824,12.910759067162871,366.61088403500617,5926.996508629993
10966.184707282111,12.912049110978842,366.6589170601219,5926.996508629993
10967.397978369147,12.912049110978842,366.6589170601219,5927.900374799967
10968.085153680295,12.91674179956317,366.7983436975628,5927.900374799967
10969.137503672391,12.91674179956317,366.7983436975628,5928.523849353194
10969.29305934161,12.917979799211025,366.9255856927484,5928.523849353194
10970.456422792748,12.917979799211025,366.9255856927484,5929.3968077115715
10970.603501409292,12.919267773628235,367.0449012052268,5929.3968077115715
10971.64308841899,12.919267773628235,367.0449012052268,5930.258794432506
10971.789655135944,12.920610919594765,367.1787588503212,5930.258794432506
10972.851927310228,12.920610919594765,367.1787588503212,5931.117773067206
10973.609162272885,12.937762174755335,367.3500683475286,5931.117773067206
10974.811762781814,12.937762174755335,367.3500683475286,5932.053314357996
10974.924191204831,12.939098758623004,367.45462018996477,5932.053314357996
10976.24023308605,12.939098758623004,367.45462018996477,5933.049889855087
10976.340242473409,12.940377732738853,367.53283199109137,5933.049889855087
10977.549276417121,12.940377732738853,367.53283199109137,5933.961246503517
10977.68236307986,12.94171286933124,367.6334596108645,5933.961246503517
10979.157789502293,12.94171286933124,367.6334596108645,5934.935587549582
10980.05708145909,12.946538597345352,367.8165321983397,5934.935587549582
10981.02219010517,12.946538597345352,367.8165321983397,5935.6662303209305
10981.178711405024,12.94780015014112,367.94586143270135,5935.6662303209305
10982.512989128008,12.94780015014112,367.94586143270135,5936.600320534781
10982.68949055858,12.949142064899206,368.08264634013176,5936.600320534781
10983.728810146451,12.949142064899206,368.08264634013176,5937.364325325936
10983.858648648486,12.95436249859631,368.1656797900796,5937.364325325936
10985.059228610247,12.95436249859631,368.1656797900796,5938.025416251272
10986.253778710961,12.959003113210201,368.26880684681237,5938.025416251272
10987.771129686385,12.959003113210201,368.26880684681237,5939.201949523762
10987.938760355115,12.960314547643065,368.40536281093955,5939.201949523762
10988.97473501414,12.960314547643065,368.40536281093955,5939.890006579459
10989.163515977561,12.961846275255084,368.5528647620231,5939.890006579459
10990.517732515931,12.961846275255084,368.5528647620231,5940.869596991688
10990.690143572167,12.963117618113756,368.69359382241964,5940.869596991688
10991.64410304837,12.963117618113756,368.69359382241964,5941.6925345137715
10992.601944694296,12.97683941014111,368.80508203059435,5941.6925345137715
10993.780882623047,12.97683941014111,368.80508203059435,5942.612470230088
10993.860629966483,12.978222766891122,368.8624254837632,5942.612470230088
10995.102218313143,12.978222766891122,368.8624254837632,5943.470616010949
10995.170225420967,12.979550920426846,368.91275819949806,5943.470616010949
10996.499456014484,12.979550920426846,368.91275819949806,5944.469076897949
10996.59417301789,12.980949925258756,368.9603448957205,5944.469076897949
10997.817613948137,12.980949925258756,368.9603448957205,5945.219514161348
10998.823558028787,12.98604135774076,369.06300851516426,5945.219514161348
11000.057142794132,12.98604135774076,369.06300851516426,5946.092371283099
11000.206985462457,12.987462181597948,369.19502454809844,5946.092371283099
11001.56137460284,12.987462181597948,369.19502454809844,5947.029891001061
11001.713779905811,12.994310704991221,369.30724509991705,5947.029891001061
11002.669875394553,12.994310704991221,369.30724509991705,5947.763446485624
11002.735847493634,12.995622098445892,369.347809297964,5947.763446485624
11003.635711815208,12.995622098445892,369.347809297964,5948.438944267109
11004.528172634542,13.000241462141275,369.42504364438355,5948.438944267109
11005.74626868777,13.000241462141275,369.42504364438355,5949.283518513665
11005.797466117889,13.001518806442618,369.46361307799816,5949.283518513665
11007.045196302235,13.001518806442618,369.46361307799816,5950.213377522305
11007.221363708377,13.002921022474766,369.6068693473935,5950.213377522305
11008.556228637695,13.002921022474766,369.6068693473935,5951.169043911621
11008.726921061054,13.004266656935215,369.7612090948969,5951.169043911621
11009.933183468878,13.004266656935215,369.7612090948969,5951.937424272299
11010.895770445466,13.008817320689559,369.84908862411976,5951.937424272299
11012.018263401464,13.008817320689559,369.84908862411976,5952.76189013198
11012.161373564973,13.010119624435902,369.9683200530708,5952.76189013198
11013.015040209517,13.010119624435902,369.9683200530708,5953.342427724972
11013.168884068727,13.011434299871325,370.09585460461676,5953.342427724972
11014.290746280923,13.011434299871325,370.09585460461676,5954.061916485429
11014.340444298461,13.01279024593532,370.12743526883423,5954.061916485429
11015.26007960178,13.01279024593532,370.12743526883423,5954.569637794048
11016.103063832968,13.02486465871334,370.2442654147744,5954.569637794048
11017.347858844325,13.02486465871334,370.2442654147744,5955.564471427351
11017.463761853054,13.026620483025908,370.34225332923234,5955.564471427351
11018.695112450048,13.026620483025908,370.34225332923234,5956.515847848728
11018.827493749559,13.027946086600423,370.4525759257376,5956.515847848728
11020.22741147317,13.027946086600423,370.4525759257376,5957.524109903723
11020.304000325501,13.029269270598888,370.4904477465898,5957.524109903723
11021.141803821549,13.029269270598888,370.4904477465898,5958.082844251767
11021.879752701148,13.041027955710888,370.6298947315663,5958.082844251767
11023.173698047176,13.041027955710888,370.6298947315663,5959.0535340067
11023.309894245118,13.04233436845243,370.7577650565654,5959.0535340067
11024.606061533093,13.04233436845243,370.7577650565654,5960.007194621488
11024.753527117893,13.043680410832167,370.8655056580901,5960.007194621488
11025.905572000891,13.043680410832167,370.8655056580901,5960.889082740992
11026.060176186264,13.045009503141046,370.9847156275064,5960.889082740992
11027.322173170745,13.045009503141046,370.9847156275064,5961.759864317253
11028.086875738576,13.049776999279857,371.09885503537953,5961.759864317253
11029.135019581765,13.049776999279857,371.09885503537953,5962.5023299288005
11029.243282521144,13.051117366179824,371.1772044599056,5962.5023299288005
11030.618171114475,13.051117366179824,371.1772044599056,5963.492500526831
11030.74109750241,13.05246135033667,371.2823860626668,5963.492500526831
11032.035995265469,13.05246135033667,371.2823860626668,5964.454585066065
11032.157025458291,13.05385316349566,371.3841669950634,5964.454585066065
11033.205623861402,13.05385316349566,371.3841669950634,5965.296728162095
11034.171825384721,13.058714332059026,371.46357178129256,5965.296728162095
11035.511784622446,13.058714332059026,371.46357178129256,5966.320200225338
11035.60389521718,13.060050003230572,371.54755104891956,5966.320200225338
11037.009765664116,13.060050003230572,371.54755104891956,5967.266047369689
11037.092874957249,13.061437670141459,371.59606784395874,5967.266047369689
11037.832883903757,13.061437670141459,371.59606784395874,5967.716072119772
11037.944501604885,13.062750414013863,371.6949111055583,5967.716072119772
11039.074971020222,13.062750414013863,371.6949111055583,5968.363624215126
11040.869234893471,13.067499451339245,371.8364378809929,5968.363624215126
11041.538614777848,13.067499451339245,371.8364378809929,5968.754987418652
11041.613270346075,13.072287229821086,371.8949610274285,5968.754987418652
11042.595473861322,13.072287229821086,371.8949610274285,5969.186037415639
11042.679951298982,13.073599053546786,371.9567244593054,5969.186037415639
11043.451454401016,13.073599053546786,371.9567244593054,5969.767623892054
11043.532194862142,13.074876157566905,372.0158234350383,5969.767623892054
11045.150171529502,13.074876157566905,372.0158234350383,5970.790404109284
11047.270932476968,13.07964494638145,372.09834654815495,5970.790404109284
11048.710398938507,13.07964494638145,372.09834654815495,5971.7959271892905
11048.814460890368,13.080947082489729,372.1839845273644,5971.7959271892905
11050.129977345467,13.080947082489729,372.1839845273644,5972.481232801452
11050.313412284479,13.082590082660317,372.353928424418,5972.481232801452
11051.12975401245,13.082590082660317,372.353928424418,5973.083911791444
11051.258773179725,13.083874337375164,372.47056903876364,5973.083911791444
11052.203970814124,13.083874337375164,372.47056903876364,5973.683918263763
11054.594295369461,13.088908329606056,372.5561382677406,5973.683918263763
11055.843806605786,13.088908329606056,372.5561382677406,5974.242205496877
11055.936486901715,13.090223725885153,372.6162566039711,5974.242205496877
11057.353023186326,13.090223725885153,372.6162566039711,5974.946618076414
11057.598789677024,13.091718481853604,372.67567778378725,5974.946618076414
11058.770477915183,13.091718481853604,372.67567778378725,5975.734367411584
11058.842209970579,13.093104150146246,372.73183989711106,5975.734367411584
11060.284905580804,13.093104150146246,372.73183989711106,5976.691201737151
11061.879033626989,13.097789358347654,372.78663508594036,5976.691201737151
11063.240319246426,13.097789358347654,372.78663508594036,5977.731966672465
11063.424016481265,13.099098043516278,372.92298965901136,5977.731966672465
11064.60390425846,13.099098043516278,372.92298965901136,5978.456373007968
11064.754889758304,13.100433180108666,373.0519777070731,5978.456373007968
11065.763633688912,13.100433180108666,373.0519777070731,5979.10515495576
11065.885077737272,13.101783894002438,373.1524726059288,5979.10515495576
11066.846542602405,13.101783894002438,373.1524726059288,5979.718653663993
11068.439327033237,13.106579579412937,373.18690856173635,5979.718653663993
11069.470680629835,13.106579579412937,373.18690856173635,5980.432018261403
11069.669220082462,13.107897613197565,373.35826945118606,5980.432018261403
11071.29287551716,13.107897613197565,373.35826945118606,5981.397899324074
11071.453242437914,13.10927027836442,373.4943503290415,5981.397899324074
11072.641875686124,13.10927027836442,373.4943503290415,5982.336207365617
11072.800518443808,13.110735733062029,373.57326707430184,5982.336207365617
11073.857915952802,13.110735733062029,373.57326707430184,5983.176200257614
11075.388468414545,13.117953062057495,373.6417889688164,5983.176200257614
11076.141345759854,13.117953062057495,373.6417889688164,5983.6901629325
11076.316595809534,13.119255565106869,373.7937764953822,5983.6901629325
11077.582758799195,13.119255565106869,373.7937764953822,5984.469491127878
11077.772327361628,13.120514737442136,373.95513681322336,5984.469491127878
11078.872791733593,13.120514737442136,373.95513681322336,5985.096294008195
11078.978643869981,13.121846990659833,374.0457263235003,5985.096294008195
11080.201117485762,13.121846990659833,374.0457263235003,5986.036770580336
11082.000319318846,13.12694426253438,374.16856350004673,5986.036770580336
11082.982592551038,13.12694426253438,374.16856350004673,5986.766737159342
11083.173423375934,13.132545754313469,374.32424885593355,5986.766737159342
11083.954128449783,13.132545754313469,374.32424885593355,5987.349456058815
11084.02264629677,13.13479621335864,374.37264111824334,5987.349456058815
11085.146724682301,13.13479621335864,374.37264111824334,5987.962254764512
11085.242034345865,13.136133627966046,374.45566316880286,5987.962254764512
11086.509164273739,13.136133627966046,374.45566316880286,5988.771871484816
11088.43681174703,13.140761164948344,374.4902415163815,5988.771871484816
11089.450397521257,13.140761164948344,374.4902415163815,5989.310578202829
11089.52277042903,13.142165049910545,374.5492194890976,5989.310578202829
11090.74107270874,13.142165049910545,374.5492194890976,5990.114253627136
11090.852586429566,13.143510876223445,374.6484317369759,5990.114253627136
11092.604223148897,13.143510876223445,374.6484317369759,5991.234385419637
11092.676509005949,13.144874872639775,374.7079263199121,5991.234385419637
11093.692765217274,13.144874872639775,374.7079263199121,5991.782010158524
11096.126848854125,13.149620700627565,374.81082206219435,5991.782010158524
11097.096810514107,13.149620700627565,374.81082206219435,5992.291972594336
11097.223919536918,13.150940077379346,374.91868257522583,5992.291972594336
11098.743249589577,13.150940077379346,374.91868257522583,5992.943849962205
11098.835365796462,13.15219710022211,374.9964565318078,5992.943849962205
11099.896208109334,13.15219710022211,374.9964565318078,5993.390176769346
11099.97064849548,13.153440544381738,375.05429304391146,5993.390176769346
11101.07929383032,13.153440544381738,375.05429304391146,5994.04118225351
11102.707277391106,13.158067468553782,375.12067297287285,5994.04118225351
11104.511219926178,13.158067468553782,375.12067297287285,5995.280147340149
11104.677542893216,13.15938581340015,375.19415154121816,5995.280147340149
11105.815532345325,13.15938581340015,375.19415154121816,5995.8194766473025
11105.913228023797,13.16071106866002,375.2815617918968,5995.8194766473025
11106.99120326154,13.16071106866002,375.2815617918968,5996.501175278798
11107.05481620878,13.165001288056374,375.3195270933211,5996.501175278798
11107.856515824795,13.165001288056374,375.3195270933211,5996.86282059364
11109.03104157187,13.171051856130362,375.51549755223095,5996.86282059364
11110.186816865578,13.171051856130362,375.51549755223095,5997.549633806571
11110.371388997883,13.172449244186282,375.65900229662657,5997.549633806571
11111.347909098491,13.172449244186282,375.65900229662657,5997.986158264801
11111.392890485004,13.174489302560687,375.69315156154335,5997.986158264801
11112.071702565998,13.174489302560687,375.69315156154335,5998.356509668753
11112.187021305785,13.175822807475924,375.7995658610016,5998.356509668753
11113.150249075145,13.175822807475924,375.7995658610016,5999.031832024455
11115.494239974767,13.180490370839834,375.90336815081537,5999.031832024455
11116.365461518988,13.180490370839834,375.90336815081537,5999.551368825138
11116.435834281147,13.181798731908202,375.9616668224335,5999.551368825138
11117.289774078876,13.181798731908202,375.9616668224335,6000.060849932954
11117.474093558267,13.183279169723392,376.02659817412496,6000.060849932954
11118.328622205183,13.183279169723392,376.02659817412496,6000.571524104103
11118.491608785465,13.18477700650692,376.0970726367086,6000.571524104103
11119.71428470686,13.18477700650692,376.0970726367086,6001.252774447203
11121.919609265402,13.18957312591374,376.2311569582671,6001.252774447203
11123.10924855806,13.18957312591374,376.2311569582671,6001.930810594931
11123.289575431496,13.190915642306209,376.38974278606474,6001.930810594931
11124.610717769712,13.190915642306209,376.38974278606474,6002.668295884505
11124.706460161135,13.192263698205352,376.47265472635627,6002.668295884505
11125.297748519108,13.192263698205352,376.47265472635627,6002.968609714881
11125.35704276897,13.193552412092686,376.50490059517324,6002.968609714881
11126.335200002417,13.193552412092686,376.50490059517324,6003.719246616587
11127.369090737775,13.198202580213547,376.53796382807195,6003.719246616587
11128.54669275321,13.198202580213547,376.53796382807195,6004.706161661074
11128.798113072291,13.199648147448897,376.76080635376275,6004.706161661074
11129.767154457048,13.199648147448897,376.76080635376275,6005.4654581379145
11129.86624818109,13.200994839891791,376.84815583378077,6005.4654581379145
11130.632079178467,13.200994839891791,376.84815583378077,6006.098316233605
11130.701767517254,13.202380755916238,376.9040803536773,6006.098316233605
11131.689132547006,13.202380755916238,376.9040803536773,6006.786927754059
11133.284142693505,13.206975707784295,377.03362188115716,6006.786927754059
11134.075714530423,13.206975707784295,377.03362188115716,6007.242404188961
11134.296306533739,13.208246881142259,377.24136579595506,6007.242404188961
11135.55671635829,13.208246881142259,377.24136579595506,6007.930441746488
11135.676375064999,13.209672747179866,377.33712269179523,6007.930441746488
11136.55649908632,13.209672747179866,377.33712269179523,6008.547934502363
11136.867799764499,13.211032601073384,377.4158098436892,6008.547934502363
11137.617952765897,13.211032601073384,377.4158098436892,6008.959305573255
11139.251502012834,13.215790927410126,377.52533976733685,6008.959305573255
11140.267009897158,13.215790927410126,377.52533976733685,6009.736975714564
11140.450004000217,13.217278592288494,377.6297666989267,6009.736975714564
11141.482853058726,13.217278592288494,377.6297666989267,6010.303033262491
11141.586078928784,13.218825029209256,377.72382506355643,6010.303033262491
11142.551832966506,13.218825029209256,377.72382506355643,6010.923729598522
11142.597111411393,13.220164926722646,377.75915165804327,6010.923729598522
11143.208212681115,13.220164926722646,377.75915165804327,6011.314570747316
11145.651309363544,13.233258675783873,377.9167676474899,6011.314570747316
11146.859924186021,13.233258675783873,377.9167676474899,6012.138138866052
11146.933094788343,13.23458862863481,377.9658783804625,6012.138138866052
11148.330572970212,13.23458862863481,377.9658783804625,6013.115488873795
11148.468369347975,13.235930955037475,378.09288478270173,6013.115488873795
11149.483488405123,13.235930955037475,378.09288478270173,6013.643251145259
11149.570643441752,13.237262532114983,378.14700434729457,6013.643251145259
11150.552942020819,13.237262532114983,378.14700434729457,6014.20242507942
11151.854093629867,13.242165049538016,378.226257449016,6014.20242507942
11153.007925594226,13.242165049538016,378.226257449016,6014.96014560014
11153.0884369798,13.243477042764425,378.2826409060508,6014.96014560014
11154.056750655174,13.243477042764425,378.2826409060508,6015.517941618338
11154.10972988978,13.244794107973576,378.3238233663142,6015.517941618338
11155.021118368953,13.244794107973576,378.3238233663142,6016.156587257981
11155.187188513577,13.246151333674788,378.4623842202127,6016.156587257981
11156.278451450169,13.246151333674788,378.4623842202127,6016.948856718838
11157.392875576392,13.250541105866432,378.49505298398435,6016.948856718838
11158.374161466956,13.250541105866432,378.49505298398435,6017.53106040135
11158.452363342047,13.251783829182386,378.549583658576,6017.53106040135
11159.485021062195,13.251783829182386,378.549583658576,6018.2039789985865
11159.570983976126,13.261685658246279,378.617895912379,6018.2039789985865
11160.61168980971,13.261685658246279,378.617895912379,6018.853649131954
11160.665784524754,13.263074934482574,378.65248321183026,6018.853649131954
11161.708330424502,13.263074934482574,378.65248321183026,6019.410278240219
11164.307566955686,13.267648933455348,378.7485850546509,6019.410278240219
11165.274803601205,13.267648933455348,378.7485850546509,6020.009482683614
11165.394617306069,13.268908195197582,378.8458846267313,6020.009482683614
11166.414398249239,13.268908195197582,378.8458846267313,6020.717489760369
11166.464373510331,13.270161828026175,378.87769679911435,6020.717489760369
11167.148756153882,13.270161828026175,378.87769679911435,6021.095033507794
11167.22605640255,13.271485324949026,378.94290275499225,6021.095033507794
11167.904156973585,13.271485324949026,378.94290275499225,6021.4758764039725
11168.714609466493,13.27597569487989,379.06093029491603,6021.4758764039725
11169.685964068398,13.27597569487989,379.06093029491603,6022.147605419159
11169.77927639708,13.277459790930152,379.1402456499636,6022.147605419159
11170.684648128226,13.277459790930152,379.1402456499636,6022.8452074453235
11170.84266332537,13.278981011360884,379.2542690280825,6022.8452074453235
11171.612218772992,13.278981011360884,379.2542690280825,6023.315963340923
11171.720071136951,13.28043657541275,379.3407469019294,6023.315963340923
11172.65642283298,13.28043657541275,379.3407469019294,6023.9365913160145
11173.334619656205,13.28500608727336,379.43995348736644,6023.9365913160145
11173.83113613911,13.28500608727336,379.43995348736644,6024.278762580827
11173.888153808191,13.286267030984163,379.48876671493053,6024.278762580827
11174.814988968894,13.286267030984163,379.48876671493053,6024.795446112752
11174.915058782324,13.287622034549713,379.55052492953837,6024.795446112752
11175.70400534384,13.287622034549713,379.55052492953837,6025.2598291412
11175.773471670225,13.288972780108452,379.60673281364143,6025.2598291412
11176.571513865143,13.288972780108452,379.60673281364143,6025.869406985119
11177.261630795896,13.2935874722898,379.69472031854093,6025.869406985119
11178.124265728518,13.2935874722898,379.69472031854093,6026.388144362718
11178.210098681971,13.29483750462532,379.76783298142254,6026.388144362718
11179.192255001515,13.29483750462532,379.76783298142254,6027.191588617861
11179.260949654505,13.296139908954501,379.8072086889297,6027.191588617861
11180.06151341647,13.296139908954501,379.8072086889297,6027.801788911223
11180.116977915168,13.297528555616736,379.8545656912029,6027.801788911223
11181.083804378286,13.297528555616736,379.8545656912029,6028.607716251165
11181.764265881851,13.302099535241723,379.9233996346593,6028.607716251165
11182.637797933072,13.302099535241723,379.9233996346593,6029.126667264849
11182.729418251663,13.303359417244792,380.0036488864571,6029.126667264849
11183.838335610926,13.303359417244792,380.0036488864571,6029.862280614674
11183.952804777771,13.304693330079317,380.0943258590996,6029.862280614674
11185.170473378152,13.304693330079317,380.0943258590996,6030.778605313972
11185.210737589747,13.306021993979812,380.1262873020023,6030.778605313972
11185.72301553376,13.306021993979812,380.1262873020023,6031.163737257943
11186.469003561884,13.315853364765644,380.18566914461553,6031.163737257943
11187.11478084512,13.315853364765644,380.18566914461553,6031.6421503946185
11187.178927212954,13.317132407799363,380.23864579200745,6031.6421503946185
11187.693202782422,13.317132407799363,380.23864579200745,6031.994174815714
11187.746603474021,13.318439591675997,380.28257513418794,6031.994174815714
11188.35947481729,13.318439591675997,380.28257513418794,6032.459136275575
11188.430109625682,13.31976635567844,380.3414149545133,6032.459136275575
11189.135951802135,13.31976635567844,380.3414149545133,6032.985217159614
11189.930976593867,13.324236830696464,380.4127643350512,6032.985217159614
11190.77894568257,13.324236830696464,380.4127643350512,6033.655566461384
11190.855209730566,13.325535973533988,380.47386495769024,6033.655566461384
11191.749921049923,13.325535973533988,380.47386495769024,6034.390233524144
11191.81078328751,13.326849516481161,380.52454676292837,6034.390233524144
11192.427643433213,13.326849516481161,380.52454676292837,6034.780234089121
11192.477200824767,13.328154399991035,380.5564841516316,6034.780234089121
11193.450288044289,13.328154399991035,380.5564841516316,6035.507981656119
11194.023799950257,13.332717103883624,380.61922728456557,6035.507981656119
11194.675740497187,13.332717103883624,380.61922728456557,6035.934306619689
11194.745093598962,13.334029275923967,380.67040896601975,6035.934306619689
11195.401942735538,13.334029275923967,380.67040896601975,6036.373646814376
11195.466783717275,13.335344331339002,380.71869356557727,6036.373646814376
11196.196712343022,13.335344331339002,380.71869356557727,6036.900328669697
11196.26585562341,13.33744670636952,380.77327365987003,6036.900328669697
11196.932385126129,13.33744670636952,380.77327365987003,6037.402445167303
11197.456232437864,13.342060018330812,380.8649155907333,6037.402445167303
11198.30858935602,13.342060018330812,380.8649155907333,6037.999388914555
11198.384727792814,13.343395225703716,380.92463844642043,6037.999388914555
11198.971573194489,13.343395225703716,380.92463844642043,6038.448758721352
11199.031068677083,13.344723328948021,380.9698952715844,6038.448758721352
11199.663515416905,13.344723328948021,380.9698952715844,6038.902351424098
11199.730679972097,13.34603901207447,381.0191707480699,6038.902351424098
11200.607236400247,13.34603901207447,381.0191707480699,6039.569300016388
11201.155661201105,13.350609825924039,381.077481508255,6039.569300016388
11201.771481739357,13.350609825924039,381.077481508255,6039.944737307727
11201.894225966185,13.35208424180746,381.16500398144126,6039.944737307727
11202.988134544343,13.35208424180746,381.16500398144126,6040.722528828308
11203.043253628537,13.353342855349183,381.2084040213376,6040.722528828308
11203.710879622027,13.353342855349183,381.2084040213376,6041.183707958087
11203.788879269734,13.354576895013452,381.2711029648781,6041.183707958087
11204.763772061095,13.354576895013452,381.2711029648781,6041.837239485234
11205.23650156334,13.359273871406913,381.33399752900004,6041.837239485234
11205.876794977114,13.359273871406913,381.33399752900004,6042.310057850555
11205.942936493084,13.360595947131515,381.38593926653266,6042.310057850555
11206.67828063853,13.360595947131515,381.38593926653266,6042.748004740104
11206.743247773498,13.361910920590162,381.4380289763212,6042.748004740104
11207.449597401544,13.361910920590162,381.4380289763212,6043.201653897762
11207.550046069548,13.363198075443506,381.52037428691983,6043.201653897762
11208.42172510922,13.363198075443506,381.52037428691983,6043.8304048310965
11208.987218622118,13.367779577150941,381.57396706193686,6043.8304048310965
11209.647403109819,13.367779577150941,381.57396706193686,6044.32136015594
11209.7169807069,13.369054799899459,381.6319018751383,6044.32136015594
11210.659582149237,13.369054799899459,381.6319018751383,6044.99641860649
11210.741810247302,13.37046118453145,381.6986109614372,6044.99641860649
11211.5628668461,13.37046118453145,381.6986109614372,6045.524692552164
11211.628974661231,13.371754636988044,381.74992235563695,6045.524692552164
11212.354218913242,13.371754636988044,381.74992235563695,6046.072843020782
11212.767389949411,13.37645287066698,381.81648140773177,6046.072843020782
11213.651791682467,13.37645287066698,381.81648140773177,6046.804356858134
11213.724773572758,13.377838054671884,381.8811520356685,6046.804356858134
11214.462722716853,13.377838054671884,381.8811520356685,6047.3338166531175
11214.583625849336,13.379257338121533,381.9744345545769,6047.3338166531175
11215.179842522368,13.379257338121533,381.9744345545769,6047.721738258377
11215.255801925436,13.380613543093204,382.0335120409727,6047.721738258377
11215.858288891613,13.380613543093204,382.0335120409727,6048.128754107282
11216.276771096513,13.38629436865449,382.0951215941459,6048.128754107282
11217.018056802452,13.38629436865449,382.0951215941459,6048.603487305343
11217.153659582138,13.387603921815753,382.1989206150174,6048.603487305343
11218.003834681585,13.387603921815753,382.1989206150174,6049.234034350142
11218.083030743524,13.389077946543694,382.2661366611719,6049.234034350142
11218.800069926307,13.389077946543694,382.2661366611719,6049.762462766841
11218.859266646206,13.390383180230856,382.3122171089053,6049.762462766841
11219.61257627979,13.390383180230856,382.3122171089053,6050.215424500406
11220.148337541148,13.395055240020156,382.357273677364,6050.215424500406
11220.804375361651,13.395055240020156,382.357273677364,6050.614982550964
11220.868740946054,13.396381463855505,382.4044882878661,6050.614982550964
11221.67884067446,13.396381463855505,382.4044882878661,6051.09490644373
11221.753355253488,13.397749558091164,382.45118609815836,6051.09490644373
11222.249392298982,13.397749558091164,382.45118609815836,6051.472192108631
11222.366703037173,13.399102801457047,382.5516083370894,6051.472192108631
11223.149082962424,13.399102801457047,382.5516083370894,6052.034856338054
11224.06102444604,13.404017128050327,382.6174739059061,6052.034856338054
11224.951988877729,13.404017128050327,382.6174739059061,6052.621087387204
11225.00983140245,13.405355453491211,382.6616806332022,6052.621087387204
11225.575950747356,13.405355453491211,382.6616806332022,6053.0129005443305
11225.644562467933,13.406679028645158,382.71769096143544,6053.0129005443305
11226.380138650537,13.406679028645158,382.71769096143544,6053.514067556709
11226.48314788565,13.407920341938734,382.7946106623858,6053.514067556709
11227.266883926466,13.407920341938734,382.7946106623858,6054.068314017728
11228.119904078543,13.412557568401098,382.9043072294444,6054.068314017728
11228.960248287767,13.412557568401098,382.9043072294444,6054.675508931279
11229.043684327975,13.41385018080473,382.962168244645,6054.675508931279
11229.721533097327,13.41385018080473,382.962168244645,6055.0839362517
11229.811292354017,13.415182515978813,383.02373930439353,6055.0839362517
11230.495789205655,13.415182515978813,383.02373930439353,6055.497885743156
11230.566944941878,13.417244143784046,383.0846176221967,6055.497885743156
11231.343180205673,13.417244143784046,383.0846176221967,6055.987421151251
11231.942324301228,13.421848557889462,383.13595728576183,6055.987421151251
11232.949338870123,13.421848557889462,383.13595728576183,6056.6272530294955
11233.022383319214,13.423138560727239,383.1965434793383,6056.6272530294955
11233.623860847205,13.423138560727239,383.1965434793383,6056.99803028442
11233.670940496027,13.424419993534684,383.2276041954756,6056.99803028442
11234.458038477227,13.424419993534684,383.2276041954756,6057.554155727848
11234.516995029524,13.42574873752892,383.2634234186262,6057.554155727848
11235.198778163642,13.42574873752892,383.2634234186262,6058.0296537633985
11235.978492850438,13.430305870249867,383.2982191350311,6058.0296537633985
11236.62319807522,13.430305870249867,383.2982191350311,6058.550138436258
11236.673373619094,13.43159844353795,383.3361287750304,6058.550138436258
11237.428179172799,13.43159844353795,383.3361287750304,6059.102522311732
11237.494610166177,13.432792803272605,383.3899587560445,6059.102522311732
11238.242047654465,13.432792803272605,383.3899587560445,6059.629903271794
11238.325535064563,13.434108948335052,383.45308233611286,6059.629903271794
11239.001194313169,13.434108948335052,383.45308233611286,6060.191031085327
11239.642497949302,13.43886835500598,383.5455073490739,6060.191031085327
11240.3599045109,13.43886835500598,383.5455073490739,6060.69713286683
11240.427757307887,13.440099157392979,383.601777035743,6060.69713286683
11241.117787200958,13.440099157392979,383.601777035743,6061.163316380233
11241.180191397667,13.441395921632648,383.6493232809007,6061.163316380233
11241.836434934288,13.441395921632648,383.6493232809007,6061.6358266007155
11241.904947083443,13.44692588225007,383.701672244817,6061.6358266007155
11242.560544189066,13.44692588225007,383.701672244817,6062.097380112857
11243.162631969899,13.45148540660739,383.76757167465985,6062.097380112857
11243.859172210097,13.45148540660739,383.76757167465985,6062.516508251429
11243.932093959302,13.452806079760194,383.82041489705443,6062.516508251429
11244.558926641941,13.452806079760194,383.82041489705443,6062.941309802234
11244.599032942206,13.454121243208647,383.85221869684756,6062.941309802234
11245.191109521315,13.454121243208647,383.85221869684756,6063.335117286071
11245.253397746012,13.455448467284441,383.9009606167674,6063.335117286071
11245.881089193746,13.455448467284441,383.9009606167674,6063.782939845696
11246.402864459902,13.460073564201593,384.0043610688299,6063.782939845696
11247.231302345172,13.460073564201593,384.0043610688299,6064.428694630042
11247.308122364804,13.461358396336436,384.0593082681298,6064.428694630042
11248.234491713345,13.461358396336436,384.0593082681298,6065.0254734531045
11248.304179284722,13.462727379053831,384.1173872053623,6065.0254734531045
11248.890134889632,13.462727379053831,384.1173872053623,6065.441484246403
11248.949841437861,13.464026052504778,384.16567755304277,6065.441484246403
11249.580660903826,13.464026052504778,384.16567755304277,6065.837143175304
11250.264756977558,13.469020364806056,384.2664391696453,6065.837143175304
11250.991452621296,13.469020364806056,384.2664391696453,6066.415573574603
11251.038682121783,13.470313388854265,384.30196202918887,6066.415573574603
11251.91640003398,13.470313388854265,384.30196202918887,6067.099652567878
11252.007484603673,13.471631672233343,384.38504821434617,6067.099652567878
11252.68674837239,13.471631672233343,384.38504821434617,6067.584178496152
11252.743153937161,13.472960866987705,384.42923119850457,6067.584178496152
11253.480766098946,13.472960866987705,384.42923119850457,6068.117564136162
11254.071141596884,13.481805767863989,384.47324107959867,6068.117564136162
11254.729636877775,13.481805767863989,384.47324107959867,6068.494402712211
11254.799086872488,13.483122020959854,384.5184884238988,6068.494402712211
11255.535987250507,13.483122020959854,384.5184884238988,6068.947004521266
11255.638784494251,13.484629416838288,384.55693557299674,6068.947004521266
11256.405551932752,13.484629416838288,384.55693557299674,6069.541064327583
11256.457866517827,13.48592179082334,384.60121896862984,6069.541064327583
11257.538115072995,13.48592179082334,384.60121896862984,6069.966358127072
11257.973791692406,13.490578815340996,384.65822593681514,6069.966358127072
11258.740569302812,13.490578815340996,384.65822593681514,6070.608696272597
11258.811483945698,13.491861708462238,384.70996237918735,6070.608696272597
11259.300185792148,13.491861708462238,384.70996237918735,6070.953066376969
11259.36303846538,13.493220802396536,384.75443127937615,6070.953066376969
11260.084315009415,13.493220802396536,384.75443127937615,6071.363560276106
11260.177040420473,13.494570776820183,384.8217337857932,6071.363560276106
11260.94387389347,13.494570776820183,384.8217337857932,6071.762071756646
11261.42484548688,13.499269351363182,384.8616501931101,6071.762071756646
11262.06305567734,13.499269351363182,384.8616501931101,6072.197340209037
11262.133575273678,13.501431491225958,384.9159419927746,6072.197340209037
11262.708140602335,13.501431491225958,384.9159419927746,6072.617215940729
11262.768389580771,13.50276287458837,384.9606588091701,6072.617215940729
11263.361048039049,13.50276287458837,384.9606588091701,6073.0500865876675
11263.421116786078,13.504070099443197,385.0096665136516,6073.0500865876675
11263.938470974565,13.504070099443197,385.0096665136516,6073.417081097141
11264.656208612025,13.50864277407527,385.10720628872514,6073.417081097141
11265.437975587323,13.50864277407527,385.10720628872514,6074.005075210705
11265.505285443738,13.509966347366571,385.1574469730258,6074.005075210705
11266.207569621503,13.509966347366571,385.1574469730258,6074.514862589538
11266.300485134125,13.511234290897846,385.2425269521773,6074.514862589538
11267.02416841127,13.511234290897846,385.2425269521773,6075.065923761576
11267.063327785581,13.512452302500606,385.27400590479374,6075.065923761576
11267.630539521575,13.512452302500606,385.27400590479374,6075.44849832356
11268.136951060966,13.52014739997685,385.3528121020645,6075.44849832356
11268.692864920944,13.52014739997685,385.3528121020645,6075.838740885258
11268.778070243075,13.521644420921803,385.39943950250745,6075.838740885258
11269.462683958933,13.521644420921803,385.39943950250745,6076.310981951654
11269.576414020732,13.523121496662498,385.5034582465887,6076.310981951654
11270.181770954281,13.523121496662498,385.5034582465887,6076.738007513806
11270.27885882184,13.5244683008641,385.5921304933727,6076.738007513806
11270.972978331149,13.5244683008641,385.5921304933727,6077.25755520165
11271.848130589351,13.529893897473812,385.65183750912547,6077.25755520165
11272.44170806557,13.529893897473812,385.65183750912547,6077.68187552318
11272.515240706503,13.531365621834993,385.70557159744203,6077.68187552318
11273.161654757336,13.531365621834993,385.70557159744203,6078.135876558721
11273.238819962367,13.532734766602516,385.7504472155124,6078.135876558721
11273.943649737164,13.532734766602516,385.7504472155124,6078.56227536872
11273.99876894243,13.53410561941564,385.79276962578297,6078.56227536872
11274.801053131,13.53410561941564,385.79276962578297,6079.062307279557
11275.34848302789,13.5397615339607,385.88913951441646,6079.062307279557
11276.065609818324,13.5397615339607,385.88913951441646,6079.535128675401
11276.143673239276,13.541165698319674,385.95116680674255,6079.535128675401
11276.627728922293,13.541165698319674,385.95116680674255,6079.8748888392
11276.677490727976,13.542701566591859,385.98796189017594,6079.8748888392
11277.197946872562,13.542701566591859,385.98796189017594,6080.269084295258
11277.274447318166,13.544114362448454,386.047305110842,6080.269084295258
11278.001426054165,13.544114362448454,386.047305110842,6080.776626415551
11278.488827938214,13.548728847876191,386.1126912329346,6080.776626415551
11279.17282188125,13.548728847876191,386.1126912329346,6081.286161612719
11279.239631479606,13.550126165151596,386.16441169567406,6081.286161612719
11279.96946422942,13.550126165151596,386.16441169567406,6081.762215498835
11280.104263897985,13.551555732265115,386.2851308360696,6081.762215498835
11280.938464818522,13.551555732265115,386.2851308360696,6082.393786689267
11281.00197571516,13.552936419844627,386.3387149143964,6082.393786689267
11281.726848784834,13.552936419844627,386.3387149143964,6082.853619048372
11282.372689526528,13.563176468014717,386.39311390556395,6082.853619048372
11283.053238870576,13.563176468014717,386.39311390556395,6083.315128959715
11283.12402931787,13.564551651477814,386.4486077558249,6083.315128959715
11283.731743343174,13.564551651477814,386.4486077558249,6083.725457197055
11283.80136083439,13.565955467522144,386.502509707585,6083.725457197055
11284.544792480767,13.565955467522144,386.502509707585,6084.206406541169
11284.636933442205,13.567249881103635,386.58172899112105,6084.206406541169
11285.55205179751,13.567249881103635,386.58172899112105,6084.692661860958
11288.568904098123,13.572089528664947,386.62458878941834,6084.692661860958
11289.36821589619,13.572089528664947,386.62458878941834,6085.0527955032885
11289.438013248146,13.573402704671025,386.68567845225334,6085.0527955032885
11290.157585369423,13.573402704671025,386.68567845225334,6085.622910961509
11290.31708120741,13.574878241866827,386.7763411719352,6085.622910961509
11291.223946904764,13.574878241866827,386.7763411719352,6086.264868803322
11291.291994413361,13.576251398772001,386.8312200307846,6086.264868803322
11291.859123028815,13.576251398772001,386.8312200307846,6086.589961996302
11294.286423938349,13.580931251868606,386.8862565215677,6086.589961996302
11294.783514328301,13.580931251868606,386.8862565215677,6086.919754818082
11295.004131037742,13.582284856587648,386.92241981998086,6086.919754818082
11295.93388079293,13.582284856587648,386.92241981998086,6087.486783741042
11296.014824068174,13.583720292896032,386.97964260168374,6087.486783741042
11297.140474613756,13.583720292896032,386.97964260168374,6088.139611499384
11297.279661389068,13.585151268169284,387.02423360385,6088.139611499384
11297.960429636762,13.585151268169284,387.02423360385,6088.641585135832
11300.067159183323,13.5898508541286,387.1089561358094,6088.641585135832
11301.025565242395,13.5898508541286,387.1089561358094,6088.999730952084
11301.081228645518,13.591292342171073,387.1458460073918,6088.999730952084
11301.732997152954,13.591292342171073,387.1458460073918,6089.316854719073
11301.794584376737,13.592720897868276,387.18999650143087,6089.316854719073
11302.477327460423,13.592720897868276,387.18999650143087,6089.687393661588
11302.556286057457,13.594199612736702,387.2592693232,6089.687393661588
11303.265850661322,13.594199612736702,387.2592693232,6089.968715930358
11305.17956100963,13.599157331511378,387.3080425001681,6089.968715930358
11306.091200955212,13.599157331511378,387.3080425001681,6090.465530186892
11306.157022414729,13.600543664768338,387.3650405090302,6090.465530186892
11307.40182554163,13.600543664768338,387.3650405090302,6090.962223667651
11307.640717597678,13.602143315598369,387.405297184363,6090.962223667651
11308.559328299016,13.602143315598369,387.405297184363,6091.352653743699
11308.633773237467,13.603739313781261,387.4414477031678,6091.352653743699
11309.61085976474,13.603739313781261,387.4414477031678,6091.832141323015
11311.071656109765,13.608497431501746,387.52296415902674,6091.832141323015
11311.767014713958,13.608497431501746,387.52296415902674,6092.265641415492
11311.858318228275,13.610196132212877,387.6054091323167,6092.265641415492
11312.672320533544,13.610196132212877,387.6054091323167,6092.62664777413
11312.748454682529,13.611573375761509,387.669297516346,6092.62664777413
11313.671721430495,13.611573375761509,387.669297516346,6093.115053804591
11313.723378611729,13.612902188673615,387.712535103783,6093.115053804591
11314.420487817377,13.612902188673615,387.712535103783,6093.484489375725
11315.69722581841,13.61754166521132,387.82183691486716,6093.484489375725
11316.413182577118,13.61754166521132,387.82183691486716,6093.8601188622415
11316.489161111414,13.618889151141047,387.88295527920127,6093.8601188622415
11317.190950464457,13.618889151141047,387.88295527920127,6094.24534442462
11317.258087385446,13.620237754657865,387.94122957997024,6094.24534442462
11318.14157714881,13.620237754657865,387.94122957997024,6094.607562497258
11318.247595153749,13.621585937216878,388.0309926457703,6094.607562497258
11318.873756665736,13.621585937216878,388.0309926457703,6094.907263889909
11321.470140999183,13.626351682469249,388.076151849702,6094.907263889909
11322.295821079984,13.626351682469249,388.076151849702,6095.255328353494
11322.361182982102,13.627741258591413,388.130039870739,6095.255328353494
11323.076786853373,13.627741258591413,388.130039870739,6095.717127749696
11323.154001282528,13.629171065986156,388.19470158964396,6095.717127749696
11323.845034647733,13.629171065986156,388.19470158964396,6096.131622444838
11323.93565357849,13.63054665364325,388.27625817433,6096.131622444838
11324.744566904381,13.63054665364325,388.27625817433,6096.603444624692
11325.98403723538,13.642986088991165,388.3395055476576,6096.603444624692
11326.595217876136,13.642986088991165,388.3395055476576,6096.94841806218
11326.734183389693,13.64443034492433,388.3871475085616,6096.94841806218
11327.620576616377,13.64443034492433,388.3871475085616,6097.463906181976
11327.689606193453,13.645782930776477,388.44510543346405,6097.463906181976
11328.450732126832,13.645782930776477,388.44510543346405,6097.971859131008
11328.576189164072,13.64721447788179,388.5618256740272,6097.971859131008
11329.441805111244,13.64721447788179,388.5618256740272,6098.4562377315015
11331.120820676908,13.651944894343615,388.62719877809286,6098.4562377315015
11331.948794018477,13.651944894343615,388.62719877809286,6099.073465172201
11332.06975441426,13.653351662680507,388.7350968569517,6099.073465172201
11332.828436633572,13.653351662680507,388.7350968569517,6099.478455416858
11332.932095734403,13.654938442632556,388.7970367372036,6099.478455416858
11333.9653278552,13.654938442632556,388.7970367372036,6100.13675567694
11334.07385418564,13.656321879476309,388.8576636631042,6100.13675567694
11334.935414077714,13.656321879476309,388.8576636631042,6100.598106905818
11336.551630560309,13.66297654248774,388.9046537410468,6100.598106905818
11337.710146836936,13.66297654248774,388.9046537410468,6101.224508263171
11337.794459404424,13.664404170587659,388.95689819194376,6101.224508263171
11338.450463762507,13.664404170587659,388.95689819194376,6101.544662930071
11338.524679485708,13.670799490064383,388.99840324930847,6101.544662930071
11339.275618273765,13.670799490064383,388.99840324930847,6101.925998112187
11339.34204217419,13.672171564772725,389.05554845929146,6101.925998112187
11340.227444734424,13.672171564772725,389.05554845929146,6102.415361100808
11341.621743628755,13.682703884318471,389.0908908639103,6102.415361100808
11342.55388788879,13.682703884318471,389.0908908639103,6102.995248751715
11342.652679771185,13.684099867939949,389.1721922941506,6102.995248751715
11343.501318560913,13.684099867939949,389.1721922941506,6103.521177150309
11343.602332361042,13.685429651290178,389.2460931520909,6103.521177150309
11344.342899020761,13.685429651290178,389.2460931520909,6104.021939245984
11344.508111983538,13.689813511446118,389.32497620023787,6104.021939245984
11345.150228910148,13.689813511446118,389.32497620023787,6104.430214168504
11346.651388633996,13.694528678432107,389.3786854594946,6104.430214168504
11347.54512075521,13.694528678432107,389.3786854594946,6105.000223239884
11347.610394855961,13.695939164608717,389.4301722571254,6105.000223239884
11348.44019909203,13.695939164608717,389.4301722571254,6105.46652107127
11348.585737865418,13.702890809625387,389.54571261256933,6105.46652107127
11349.21351053007,13.702890809625387,389.54571261256933,6105.873843116686
11349.27385875769,13.704998929053545,389.59441785886884,6105.873843116686
11349.79942108877,13.704998929053545,389.59441785886884,6106.209072357044
11352.004516018555,13.71351701207459,389.66935063526034,6106.209072357044
11352.606038821861,13.71351701207459,389.66935063526034,6106.614361975342
11352.696760134771,13.714836176484823,389.73571986705065,6106.614361975342
11353.591079689562,13.714836176484823,389.73571986705065,6107.191734761
11353.708675041795,13.716346703469753,389.827787745744,6107.191734761
11354.31644416228,13.716346703469753,389.827787745744,6107.5705860853195
11354.40482882224,13.71843141131103,389.8972717318684,6107.5705860853195
11355.037257069722,13.71843141131103,389.8972717318684,6107.986529326066
11355.760835191235,13.723061326891184,389.99485565163195,6107.986529326066
11356.297584578395,13.723061326891184,389.99485565163195,6108.2852142918855
11356.441430089995,13.724553415551782,390.12541795149446,6108.2852142918855
11356.952576424927,13.724553415551782,390.12541795149446,6108.638575173914
11357.030527938157,13.725997865200043,390.1760729048401,6108.638575173914
11357.677699565887,13.725997865200043,390.1760729048401,6109.090813506395
11357.792466636747,13.727398248389363,390.2776899766177,6109.090813506395
11358.545418893918,13.727398248389363,390.2776899766177,6109.644744694233
11359.229428432882,13.732104614377022,390.33708472177386,6109.644744694233
11359.813627693802,13.732104614377022,390.33708472177386,6110.044047623873
11359.871997166425,13.7334770783782,390.3799844123423,6110.044047623873
11360.540418792516,13.7334770783782,390.3799844123423,6110.548735104501
11360.643187705427,13.734873693436384,390.46661456115544,6110.548735104501
11361.282178964466,13.734873693436384,390.46661456115544,6111.049992332235
11361.404545852914,13.736204598098993,390.57292794808745,6111.049992332235
11362.319552445784,13.736204598098993,390.57292794808745,6111.7574434597045
11363.049765625969,13.741005394607782,390.60946467518806,6111.7574434597045
11363.634221430868,13.741005394607782,390.60946467518806,6112.202944651246
11363.762331157923,13.742765877395868,390.721006879583,6112.202944651246
11364.536179164425,13.742765877395868,390.721006879583,6112.630312711
11364.639864025638,13.74414998292923,390.8120035883039,6112.630312711
11365.341282451525,13.74414998292923,390.8120035883039,6113.084644753486
11365.420741358772,13.745552709326148,390.8720391411334,6113.084644753486
11366.111282749102,13.745552709326148,390.8720391411334,6113.5547766741365
11366.809394985437,13.750070853158832,390.9337467569858,6113.5547766741365
11367.533432746306,13.750070853158832,390.9337467569858,6114.045877257362
11367.59668189846,13.751458900049329,390.9849780406803,6114.045877257362
11368.267211621627,13.751458900049329,390.9849780406803,6114.512153530493
11368.324242511764,13.752900106832385,391.02600107714534,6114.512153530493
11369.3247495424,13.752900106832385,391.02600107714534,6115.151657870039
11369.404772359878,13.75425492413342,391.09744516946375,6115.151657870039
11369.923928353935,13.75425492413342,391.09744516946375,6115.512522738427
11370.535062015057,13.75896904990077,391.13496784493327,6115.512522738427
11371.123821537942,13.75896904990077,391.13496784493327,6115.917981149629
11371.20289077051,13.760383296757936,391.20501147955656,6115.917981149629
11372.241994192824,13.760383296757936,391.20501147955656,6116.642307365313
11372.300948409364,13.761687651276588,391.2556069623679,6116.642307365313
11373.173282241449,13.761687651276588,391.2556069623679,6117.227207986638
11373.261492969468,13.762993423268199,391.3327013272792,6117.227207986638
11374.105569567531,13.762993423268199,391.3327013272792,6117.882090425119
11374.786941200495,13.767856763675809,391.4520813524723,6117.882090425119
11375.448543202132,13.767856763675809,391.4520813524723,6118.365895815194
11375.53272957541,13.769299509003758,391.5284560844302,6118.365895815194
11376.163939103484,13.769299509003758,391.5284560844302,6118.8342914916575
11376.232884502038,13.770672792568803,391.58189038001,6118.8342914916575
11377.110151033849,13.770672792568803,391.58189038001,6119.490537082776
11377.16330515407,13.772100407630205,391.6230152603239,6119.490537082776
11377.842890631407,13.772100407630205,391.6230152603239,6119.991301489994
11378.562321087345,13.77839088998735,391.6989307254553,6119.991301489994
11379.1728744898,13.77839088998735,391.6989307254553,6120.462241694331
11379.229816738516,13.77973068319261,391.7475663609803,6120.462241694331
11379.817696813494,13.77973068319261,391.7475663609803,6120.885932978243
11379.863289555535,13.781080076470971,391.78492509014904,6120.885932978243
11380.40088375844,13.781080076470971,391.78492509014904,6121.265872914344
11380.473756715655,13.782462289556861,391.8491098508239,6121.265872914344
11381.19781803526,13.782462289556861,391.8491098508239,6121.7317821178585
11381.856509665027,13.787244277074933,391.92289781570435,6121.7317821178585
11382.727404814214,13.787244277074933,391.92289781570435,6122.375047266483
11382.83542874083,13.78873960673809,391.999806066975,6122.375047266483
11383.600987749174,13.78873960673809,391.999806066975,6122.927033979446
11383.654782669619,13.79008668102324,392.04245098493993,6122.927033979446
11384.473756249994,13.79008668102324,392.04245098493993,6123.544898683205
11384.540877066553,13.791544267907739,392.09865112788975,6123.544898683205
11385.223020020872,13.791544267907739,392.09865112788975,6124.0227118153125
11386.029475113377,13.801894169300795,392.21791822090745,6124.0227118153125
11386.916130488738,13.801894169300795,392.21791822090745,6124.630172191188
11387.039088901132,13.803650081157684,392.3168536517769,6124.630172191188
11387.695381935686,13.803650081157684,392.3168536517769,6125.177288135514
11387.740304445848,13.804984936490655,392.3532299734652,6125.177288135514
11388.766490073875,13.804984936490655,392.3532299734652,6125.843762403354
11388.81926841475,13.806353311985731,392.39710357412696,6125.843762403354
11389.701427038759,13.806353311985731,392.39710357412696,6126.403637520969
11390.5013467744,13.811457684263587,392.49573225528,6126.403637520969
11391.403492642567,13.811457684263587,392.49573225528,6126.951110493392
11391.53565100953,13.812869491055608,392.6158344633877,6126.951110493392
11392.125295560807,13.812869491055608,392.6158344633877,6127.3681559972465
11392.17974245362,13.81427219696343,392.6619482524693,6127.3681559972465
11392.778683634475,13.81427219696343,392.6619482524693,6127.786880379543
11392.852431608364,13.815644521266222,392.72128620557487,6127.786880379543
11393.561230162159,13.815644521266222,392.72128620557487,6128.27900569886
11394.307705681771,13.820324083790183,392.8261225372553,6128.27900569886
11395.02609422803,13.820324083790183,392.8261225372553,6128.776797534898
11395.100755630061,13.821668760851026,392.88939963281155,6128.776797534898
11395.885407105088,13.821668760851026,392.88939963281155,6129.253354495391
11395.978940948844,13.823072308674455,392.9650695808232,6129.253354495391
11396.82591718249,13.823072308674455,392.9650695808232,6129.854104209691
11396.911840850487,13.824456272646785,393.0404155924916,6129.854104209691
11397.540077062324,13.824456272646785,393.0404155924916,6130.327526200563
11398.051322786137,13.829158378764987,393.1071089487523,6130.327526200563
11398.660606473684,13.829158378764987,393.1071089487523,6130.786884216592
11398.73222929053,13.830539653077722,393.1701202094555,6130.786884216592
11399.34146085754,13.830539653077722,393.1701202094555,6131.22611393407
11399.412690525874,13.831933356821537,393.23013068176806,6131.22611393407
11400.180809257552,13.831933356821537,393.23013068176806,6131.735074773431
11400.27227572538,13.833289913833141,393.3027980476618,6131.735074773431
11400.96487458609,13.833289913833141,393.3027980476618,6132.238432420418
11401.614205542952,13.837800823152065,393.3903989344835,6132.238432420418
11402.350614249706,13.837800823152065,393.3903989344835,6132.763069536537
11402.447422545403,13.839146139100194,393.4713799804449,6132.763069536537
11403.146051742136,13.839146139100194,393.4713799804449,6133.33519259654
11403.22607514076,13.840576384216547,393.52591457404196,6133.33519259654
11403.92832389474,13.840576384216547,393.52591457404196,6133.813195370138
11403.99262270704,13.8419492803514,393.57950013130903,6133.813195370138
11404.697757365182,13.8419492803514,393.57950013130903,6134.348187373951
11405.310058217496,13.846639897674322,393.6545876711607,6134.348187373951
11406.359914349392,13.846639897674322,393.6545876711607,6135.1534916982055
11406.471004985273,13.847961392253637,393.7518757879734,6135.1534916982055
11407.32017006725,13.847961392253637,393.7518757879734,6135.758874926716
11407.418876336887,13.849412137642503,393.81830492056906,6135.758874926716
11407.883993847296,13.849412137642503,393.81830492056906,6136.038880662993
11407.952950226143,13.851419664919376,393.857006713748,6136.038880662993
11408.42991875112,13.851419664919376,393.857006713748,6136.338136548176
11410.314023014158,13.857651550322771,393.91543481871486,6136.338136548176
11410.986504735425,13.857651550322771,393.91543481871486,6136.853568887338
11411.062792917714,13.859003443270922,393.97910854779184,6136.853568887338
11411.708122193813,13.859003443270922,393.97910854779184,6137.318449476734
11411.771329985932,13.860398799180984,394.02652645111084,6137.318449476734
11412.567926142365,13.860398799180984,394.02652645111084,6137.87007744424
11412.680640215054,13.861815676093102,394.11363242939115,6137.87007744424
11413.234110036865,13.861815676093102,394.11363242939115,6138.233070870861
11415.929120216519,13.870853690430522,394.2077892869711,6138.233070870861
11416.42129530944,13.870853690430522,394.2077892869711,6138.57707744278
11416.524691734463,13.872189085930586,394.2997338939458,6138.57707744278
11417.463356239721,13.872189085930586,394.2997338939458,6139.263509238139
11417.536711957306,13.880936164408922,394.34131980873644,6139.263509238139
11418.30031912215,13.880936164408922,394.34131980873644,6139.862139893696
11418.411175562069,13.8823587205261,394.4309260416776,6139.862139893696
11418.96072323434,13.8823587205261,394.4309260416776,6140.24969576858
11420.326815381646,13.887004792690277,394.472274126485,6140.24969576858
11421.13652928546,13.887004792690277,394.472274126485,6140.534518364817
11421.206075901166,13.88841762766242,394.52238311991096,6140.534518364817
11422.144754329696,13.88841762766242,394.52238311991096,6141.011910712346
11422.196062773466,13.889794433489442,394.5583238862455,6141.011910712346
11423.099883252755,13.889794433489442,394.5583238862455,6141.551172664389
11423.216755276546,13.891213217750192,394.65528311394155,6141.551172664389
11424.021168442443,13.891213217750192,394.65528311394155,6142.154503105208
11425.271011253819,13.895920045673847,394.7320105545223,6142.154503105208
11426.142088035122,13.895920045673847,394.7320105545223,6142.61174226366
11426.194276276976,13.897335801273584,394.7678372077644,6142.61174226366
11426.75141777657,13.897335801273584,394.7678372077644,6142.978165267035
11426.8263483122,13.898780370131135,394.8301030918956,6142.978165267035
11427.479405269027,13.898780370131135,394.8301030918956,6143.272668978199
11427.576948329806,13.900190107524395,394.9028197210282,6143.272668978199
11428.30140092969,13.900190107524395,394.9028197210282,6143.799873052165
11429.0718790479,13.904876109212637,394.9617573954165,6143.799873052165
11429.953366681933,13.904876109212637,394.9617573954165,6144.324076980352
11430.074048209935,13.906256714835763,395.0567997675389,6144.324076980352
11430.77009191364,13.906256714835763,395.0567997675389,6144.800027169287
11430.84244967252,13.907609108835459,395.1146895829588,6144.800027169287
11431.4747904744,13.907609108835459,395.1146895829588,6145.249840671197
11431.542611990124,13.909129317849874,395.1737919822335,6145.249840671197
11432.263626277447,13.909129317849874,395.1737919822335,6145.714656617492
11432.971549425274,13.913999184966087,395.21462130732834,6145.714656617492
11433.534189704806,13.913999184966087,395.21462130732834,6146.142931576818
11433.60618631728,13.91543991304934,395.2710166554898,6146.142931576818
11434.318877514452,13.91543991304934,395.2710166554898,6146.67148732394
11434.387151258066,13.916787087917328,395.32792677357793,6146.67148732394
11434.996746961027,13.916787087917328,395.32792677357793,6147.098762026057
11435.068189425394,13.918166693300009,395.387240992859,6147.098762026057
11435.72694443725,13.918166693300009,395.387240992859,6147.569267697632
11436.465084377676,13.92277784831822,395.49918511509895,6147.569267697632
11437.369171241298,13.92277784831822,395.49918511509895,6148.228066502139
11437.439240081236,13.924142953008413,395.53708474710584,6148.228066502139
11438.1363416221,13.924142953008413,395.53708474710584,6148.650040466338
11438.213914956897,13.925489047542214,395.60435840301216,6148.650040466338
11439.016263457015,13.925489047542214,395.60435840301216,6149.246815567836
11439.094286998734,13.92687333188951,395.67397352308035,6149.246815567836
11439.755494765937,13.92687333188951,395.67397352308035,6149.696704840288
11440.226981485263,13.931585889309645,395.73372443020344,6149.696704840288
11440.883865080774,13.931585889309645,395.73372443020344,6150.109014049172
11440.956048717722,13.932984795421362,395.7812097854912,6150.109014049172
11441.69105493091,13.932984795421362,395.7812097854912,6150.565966229886
11441.764768505469,13.934337822720408,395.84298696927726,6150.565966229886
11442.471293289214,13.934337822720408,395.84298696927726,6150.980721684173
11442.588999245316,13.935764057561755,395.9467968028039,6150.980721684173
11443.45181270875,13.935764057561755,395.9467968028039,6151.570321455598
11444.0096122697,13.944210743531585,396.05747693032026,6151.570321455598
11444.870503829792,13.944210743531585,396.05747693032026,6152.170886415988
11444.91931565851,13.945724101737142,396.0932739209384,6152.170886415988
11445.71008682996,13.945724101737142,396.0932739209384,6152.779985193163
11445.758567392826,13.947196399793029,396.1292919367552,6152.779985193163
11446.598175372928,13.947196399793029,396.1292919367552,6153.316805353388
11446.709120085463,13.94852738454938,396.22497340105474,6153.316805353388
11447.36589872092,13.94852738454938,396.22497340105474,6153.812994932756
11448.053042622283,13.953239548951387,396.3288678545505,6153.812994932756
11449.009840618819,13.953239548951387,396.3288678545505,6154.414648624137
11449.139405433089,13.955191595479846,396.4377665091306,6154.414648624137
11450.097100477666,13.955191595479846,396.4377665091306,6155.090842045844
11450.186374073848,13.960780527442694,396.5115142427385,6155.090842045844
11451.00038580969,13.960780527442694,396.5115142427385,6155.672819819301
11451.113364409655,13.962210450321436,396.59969300962985,6155.672819819301
11451.89183293283,13.962210450321436,396.59969300962985,6156.22166290693
11452.505330942571,13.967137647792697,396.65963108092546,6156.22166290693
11453.209237096831,13.967137647792697,396.65963108092546,6156.698791395873
11453.25405636616,13.968563742935658,396.69583780132234,6156.698791395873
11453.83341597952,13.968563742935658,396.69583780132234,6157.101233834401
11453.902847176418,13.97004078887403,396.74911158159375,6157.101233834401
11454.686158342287,13.97004078887403,396.74911158159375,6157.698698848486
11454.75697813183,13.971458403393626,396.8026568777859,6157.698698848486
11455.398275077343,13.971458403393626,396.8026568777859,6158.141206139699
11456.030906653032,13.976107608526945,396.8421711977571,6158.141206139699
11456.656752064824,13.976107608526945,396.8421711977571,6158.588616607711
11456.736486589536,13.977467553690076,396.90902446582913,6158.588616607711
11457.325339727104,13.977467553690076,396.90902446582913,6159.027451759204
11457.39154090546,13.97880288772285,396.9564775824547,6159.027451759204
11458.029707033187,13.97880288772285,396.9564775824547,6159.522757502273
11458.08757352829,13.980333974584937,397.00052149780095,6159.522757502273
11458.698928724974,13.980333974584937,397.00052149780095,6159.8932912275195
11459.599050529301,13.985029462724924,397.0623388644308,6159.8932912275195
11460.26142836921,13.985029462724924,397.0623388644308,6160.327572114766
11460.37255856581,13.986487871035933,397.1455963049084,6160.327572114766
11461.301479576156,13.986487871035933,397.1455963049084,6160.975006572902
11461.491438509896,13.992762167006731,397.2756186854094,6160.975006572902
11462.474971076474,13.992762167006731,397.2756186854094,6161.669208211824
11462.617787659168,13.997811459004879,397.3919969778508,6161.669208211824
11463.3101280462,13.997811459004879,397.3919969778508,6162.150131331757
11464.1242302116,14.002961792051792,397.46644842624664,6162.150131331757
11464.689741725102,14.002961792051792,397.46644842624664,6162.573489123955
11464.764172371477,14.004307148978114,397.5326365735382,6162.573489123955
11465.524706110358,14.004307148978114,397.5326365735382,6163.084734534845
11465.620796242729,14.005692325532436,397.6134802978486,6163.084734534845
11466.445832217112,14.005692325532436,397.6134802978486,6163.568034077063
11466.565737776458,14.007081001996994,397.7096024695784,6163.568034077063
11467.480217412114,14.007081001996994,397.7096024695784,6164.134040499106
11468.192189674824,14.016843909397721,397.7847339697182,6164.134040499106
11468.956210557371,14.016843909397721,397.7847339697182,6164.625859016553
11469.034106399864,14.019778031855822,397.8491008132696,6164.625859016553
11469.853177497163,14.019778031855822,397.8491008132696,6165.206205831841
11469.921409422532,14.021141726523638,397.89727614074945,6165.206205831841
11470.691134918481,14.021141726523638,397.89727614074945,6165.685046065599
11470.812801206484,14.022527541965246,398.00153808295727,6165.685046065599
11471.560791945085,14.022527541965246,398.00153808295727,6166.1041877586395
11472.286819176748,14.027175607159734,398.0870287530124,6166.1041877586395
11472.926891930401,14.027175607159734,398.0870287530124,6166.5462335683405
11473.04726860486,14.028610086068511,398.18232732079923,6166.5462335683405
11473.878565445542,14.028610086068511,398.18232732079923,6167.155321028084
11473.963473433629,14.030139774084091,398.23977086879313,6167.155321028084
11474.75766066648,14.030139774084091,398.23977086879313,6167.719924613833
11474.882842268795,14.031535716727376,398.35232916101813,6167.719924613833
11475.62069350481,14.031535716727376,398.35232916101813,6168.25494813174
11476.37444306165,14.036407915875316,398.4094455521554,6168.25494813174
11477.082461314276,14.036407915875316,398.4094455521554,6168.774046720937
11477.148698961362,14.037780551239848,398.4588086325675,6168.774046720937
11477.732141081244,14.037780551239848,398.4588086325675,6169.198674773797
11477.826025284827,14.04002377204597,398.5313419550657,6169.198674773797
11478.725290773436,14.04002377204597,398.5313419550657,6169.914903026074
11478.79287126474,14.041388219222426,398.58248306810856,6169.914903026074
11479.539061466232,14.041388219222426,398.58248306810856,6170.361793786287
11480.358670901507,14.046424699947238,398.6492327079177,6170.361793786287
11481.041077377275,14.046424699947238,398.6492327079177,6170.845733219758
11481.099653305486,14.047762785106897,398.69146682694554,6170.845733219758
11481.805313184857,14.047762785106897,398.69146682694554,6171.386798446998
11481.889449978247,14.049140581861138,398.7636282835156,6171.386798446998
11482.62702797912,14.049140581861138,398.7636282835156,6171.880178485066
11482.712757023051,14.050538338720798,398.8397244196385,6171.880178485066
11483.455231053755,14.050538338720798,398.8397244196385,6172.445629557595
11484.168478181586,14.0551762226969,398.9573712237179,6172.445629557595
11485.007315348834,14.0551762226969,398.9573712237179,6173.025269448757
11485.14704986848,14.056652111932635,399.0624006781727,6173.025269448757
11485.731984246522,14.056652111932635,399.0624006781727,6173.423923119903
11485.800197670236,14.05816718004644,399.11284773796797,6173.423923119903
11486.454627074301,14.05816718004644,399.11284773796797,6173.893050784245
11486.514384593815,14.059557924047112,399.1510685030371,6173.893050784245
11487.31493415311,14.059557924047112,399.1510685030371,6174.47150558047
11487.903798254207,14.064405422657728,399.2192625198513,6174.47150558047
11488.596067037433,14.064405422657728,399.2192625198513,6174.889310861006
11488.665949624032,14.065759528428316,399.27395473606884,6174.889310861006
11489.576454469934,14.065759528428316,399.27395473606884,6175.428049644455
11489.694417849183,14.067343825474381,399.3489099740982,6175.428049644455
11490.376711662859,14.067343825474381,399.3489099740982,6175.773841060698
11490.52311502397,14.069197200238705,399.4727865830064,6175.773841060698
11491.297082649544,14.069197200238705,399.4727865830064,6176.337854556739
11491.899117637426,14.07392692565918,399.5387092959136,6176.337854556739
11492.661682184786,14.07392692565918,399.5387092959136,6176.896662499756
11492.709534110501,14.075248289853334,399.5749872457236,6176.896662499756
11493.530033893883,14.075248289853334,399.5749872457236,6177.427682152018
11493.59301482141,14.076666455715895,399.61897031776607,6177.427682152018
11494.358230797574,14.076666455715895,399.61897031776607,6177.978608107194
11494.447171557695,14.077971218153834,399.6984402965754,6177.978608107194
11495.363897098228,14.077971218153834,399.6984402965754,6178.700197676197
11495.938941525295,14.082583094015718,399.7754437197,6178.700197676197
11496.491789016873,14.082583094015718,399.7754437197,6179.0693736393005
11496.574009457603,14.083968767896295,399.8401880711317,6179.0693736393005
11497.225051430985,14.083968767896295,399.8401880711317,6179.543035458773
11497.293584652245,14.085408624261618,399.89882679097354,6179.543035458773
11497.891687398776,14.085408624261618,399.89882679097354,6179.992023726925
11497.961732517928,14.086760988458991,399.95829491503537,6179.992023726925
11498.583743941039,14.086760988458991,399.95829491503537,6180.432025151327
11499.045389609411,14.09141806140542,400.0169450454414,6180.432025151327
11499.825594300404,14.09141806140542,400.0169450454414,6181.010322008282
11499.950343172997,14.092800008133054,400.1271451860666,6181.010322008282
11500.552888114005,14.092800008133054,400.1271451860666,6181.428141109645
11500.607087742537,14.09411215223372,400.17237586155534,6181.428141109645
11501.323633830994,14.09411215223372,400.17237586155534,6181.915525430813
11501.412773005664,14.095490086823702,400.2500185687095,6181.915525430813
11502.125672230497,14.095490086823702,400.2500185687095,6182.3609718661755
11502.635591048747,14.100332098081708,400.31269935145974,6182.3609718661755
11503.263850137591,14.100332098081708,400.31269935145974,6182.800878209993
11503.341106325388,14.104257099330425,400.3777622971684,6182.800878209993
11504.04930667393,14.104257099330425,400.3777622971684,6183.334316048771
11504.125912420452,14.105614943429828,400.44189500808716,6183.334316048771
11504.861669270322,14.105614943429828,400.44189500808716,6183.804854450747
11504.934062069282,14.106945248320699,400.50158212706447,6183.804854450747
11505.578668626025,14.106945248320699,400.50158212706447,6184.260258015245
11506.166144190356,14.111632641404867,400.5934694111347,6184.260258015245
11507.023632977158,14.111632641404867,400.5934694111347,6184.829603129998
11507.084973527119,14.11302012577653,400.6424282938242,6184.829603129998
11507.631607238203,14.11302012577653,400.6424282938242,6185.2169927265495
11507.700450332835,14.11439043097198,400.698146160692,6185.2169927265495
11508.287980576977,14.11439043097198,400.698146160692,6185.661154096946
11508.361336424947,14.115694982931018,400.76277557760477,6185.661154096946
11509.034878781065,14.115694982931018,400.76277557760477,6186.098178878427
11509.575726404786,14.12035720795393,400.82228598184884,6186.098178878427
11510.213387245312,14.12035720795393,400.82228598184884,6186.539178760722
11510.278431082144,14.121742151677608,400.87118785455823,6186.539178760722
11510.850797440857,14.121742151677608,400.87118785455823,6186.945307869464
11510.912825694308,14.123169519007206,400.9220409952104,6186.945307869464
11511.482984561473,14.123169519007206,400.9220409952104,6187.34663962014
11511.543028537184,14.124536193907261,400.9734586533159,6187.34663962014
11512.242166167125,14.124536193907261,400.9734586533159,6187.878490779549
11512.744003109634,14.129295729100704,401.036042958498,6187.878490779549
11513.346416616812,14.129295729100704,401.036042958498,6188.278313452378
11513.417572336271,14.130593504756689,401.0901579540223,6188.278313452378
11514.572968870401,14.130593504756689,401.0901579540223,6188.897200779989
11514.681304072961,14.13212976232171,401.13691462762654,6188.897200779989
11515.24199966155,14.13212976232171,401.13691462762654,6189.240807035938
11515.30453801155,14.133509527891874,401.1880006082356,6189.240807035938
11516.166505234316,14.133509527891874,401.1880006082356,6189.64147971198
11518.192546226084,14.138134052976966,401.2906389515847,6189.64147971198
11518.73580947332,14.138134052976966,401.2906389515847,6189.944775892422
11518.859790565446,14.139591459184885,401.39693436026573,6189.944775892422
11519.336335137486,14.139591459184885,401.39693436026573,6190.241132186726
11519.396385962144,14.141113886609674,401.4484291486442,6190.241132186726
11520.006910307333,14.141113886609674,401.4484291486442,6190.708261705935
11520.051986029372,14.142458600923419,401.4851150084287,6190.708261705935
11520.586211694404,14.142458600923419,401.4851150084287,6191.037716927007
11521.372997203842,14.147070653736591,401.5325660444796,6191.037716927007
11522.175940357149,14.147070653736591,401.5325660444796,6191.594935597852
11522.253076735884,14.148442836478353,401.5924292691052,6191.594935597852
11522.91416596435,14.148442836478353,401.5924292691052,6192.015677502379
11523.005163833499,14.150762168690562,401.6628671735525,6192.015677502379
11523.593131717294,14.150762168690562,401.6628671735525,6192.434500720352
11523.66372933425,14.15221262536943,401.7246992941946,6192.434500720352
11524.369433104992,14.15221262536943,401.7246992941946,6192.912925925106
11524.934230778366,14.15697748400271,401.78625332564116,6192.912925925106
11525.470120580867,14.15697748400271,401.78625332564116,6193.30802724883
11525.53017148748,14.158395079895854,401.83740982040763,6193.30802724883
11526.173505511135,14.158395079895854,401.83740982040763,6193.716348476708
11526.28857621923,14.159936718642712,401.93399456329644,6193.716348476708
11526.846349034458,14.159936718642712,401.93399456329644,6194.076302841306
11526.89604206942,14.16138419508934,401.97444662451744,6194.076302841306
11527.516526065767,14.16138419508934,401.97444662451744,6194.508055634797
11528.303267437965,14.16610593907535,402.0636148825288,6194.508055634797
11528.883510788903,14.16610593907535,402.0636148825288,6194.830411454663
11528.972678186372,14.167522255331278,402.1317262556404,6194.830411454663
11529.679398097098,14.167522255331278,402.1317262556404,6195.349031174555
11529.75142462179,14.168832888826728,402.1911033000797,6195.349031174555
11530.573687586933,14.168832888826728,402.1911033000797,6195.891593301669
11530.647253200412,14.170232875272632,402.2559534534812,6195.891593301669
11531.322565747425,14.170232875272632,402.2559534534812,6196.389287348837
11531.98319044523,14.179020218551159,402.29527010954916,6196.389287348837
11532.71203284897,14.179020218551159,402.29527010954916,6196.858521468937
11532.819885287434,14.180433593690395,402.365888716653,6196.858521468937
11533.747814102098,14.180433593690395,402.365888716653,6197.4914379529655
11533.832422465086,14.181829879060388,402.43881664425135,6197.4914379529655
11534.506353316829,14.181829879060388,402.43881664425135,6198.0004050172865
11534.57607902214,14.183137532323599,402.5000893436372,6198.0004050172865
11535.262822804973,14.183137532323599,402.5000893436372,6198.441325651482
11535.78223006986,14.18822442367673,402.5627278294414,6198.441325651482
11536.43717256561,14.18822442367673,402.5627278294414,6198.910870447755
11536.527043055743,14.18961700797081,402.6303851734847,6198.910870447755
11537.169207498431,14.18961700797081,402.6303851734847,6199.379056919366
11537.26819090359,14.191576924175024,402.6970484107733,6199.379056919366
11538.064321376383,14.191576924175024,402.6970484107733,6199.947045778856
11538.15453392081,14.192925987765193,402.7673019114882,6199.947045778856
11538.760334782302,14.192925987765193,402.7673019114882,6200.411009460688
11539.309819981456,14.197762908414006,402.83487259596586,6200.411009460688
11540.157499333844,14.197762908414006,402.83487259596586,6201.024460019544
11540.295188644901,14.199363926425576,402.88030013255775,6201.024460019544
11541.046564722434,14.199363926425576,402.88030013255775,6201.589276405051
11541.151553597301,14.200878344476223,402.97302936576307,6201.589276405051
11541.859177432954,14.200878344476223,402.97302936576307,6202.108744550496
11541.91211414896,14.202250059694052,403.01760743930936,6202.108744550496
11542.743448613212,14.202250059694052,403.01760743930936,6202.67992653884
11543.437721025199,14.20694806240499,403.0758167114109,6202.67992653884
11544.143783492967,14.20694806240499,403.0758167114109,6203.207335390151
11544.223065841943,14.208321368321776,403.1466605439782,6203.207335390151
11544.904226595536,14.208321368321776,403.1466605439782,6203.703129455447
11544.952449534088,14.209669603034854,403.18340215459466,6203.703129455447
11545.535427598283,14.209669603034854,403.18340215459466,6204.124083444476
11545.605663619936,14.211186157539487,403.2383873872459,6204.124083444476
11546.180813210085,14.211186157539487,403.2383873872459,6204.563353905454
11546.605367893353,14.215825071558356,403.2742719426751,6204.563353905454
11547.291310586035,14.215825071558356,403.2742719426751,6205.005157502368
11547.37208638899,14.217286359518766,403.3386112861335,6205.005157502368
11548.246916305274,14.217286359518766,403.3386112861335,6205.605561774224
11548.369877839461,14.218844888731837,403.45166829042137,6205.605561774224
11549.072150610387,14.218844888731837,403.45166829042137,6206.078868398443
11549.165855437517,14.222636006772518,403.5166479870677,6206.078868398443
11549.99141157791,14.222636006772518,403.5166479870677,6206.630529109389
11550.562305022031,14.228075226768851,403.5904596541077,6206.630529109389
11551.172357277945,14.228075226768851,403.5904596541077,6207.085228705779
11551.250225309283,14.229425052180886,403.6539868619293,6207.085228705779
11551.908276341856,14.229425052180886,403.6539868619293,6207.469619754702
11551.968070561066,14.230889299884439,403.69439624994993,6207.469619754702
11552.684274338186,14.230889299884439,403.69439624994993,6208.028303714469
11552.757018122822,14.232224924489856,403.7552785612643,6208.028303714469
11553.524016005918,14.232224924489856,403.7552785612643,6208.561417037621
11554.015205062926,14.236765496432781,403.7982824463397,6208.561417037621
11554.696500189602,14.236765496432781,403.7982824463397,6209.094343399629
11554.744941294193,14.238143119961023,403.8385217022151,6209.094343399629
11555.425104351714,14.238143119961023,403.8385217022151,6209.551494428888
11555.498044772074,14.239557724446058,403.893940275535,6209.551494428888
11556.126110717654,14.239557724446058,403.893940275535,6209.964157246053
11556.23087588884,14.240994159132242,403.977316506207,6209.964157246053
11556.953289946541,14.240994159132242,403.977316506207,6210.483692673966
11557.67702606693,14.245805904269218,404.0307867396623,6210.483692673966
11558.466404786333,14.245805904269218,404.0307867396623,6211.002208722755
11558.592014897615,14.24760765582323,404.1371650919318,6211.002208722755
11559.295696273446,14.24760765582323,404.1371650919318,6211.547876086086
11559.402603324503,14.248982831835747,404.22425086051226,6211.547876086086
11560.118897980079,14.248982831835747,404.22425086051226,6212.007724793628
11560.199177972972,14.250307597219944,404.2918022312224,6212.007724793628
11560.940145380795,14.250307597219944,404.2918022312224,6212.499383512884
11561.351646406576,14.25500493682921,404.34633827768266,6212.499383512884
11561.952535497025,14.25500493682921,404.34633827768266,6212.94805823639
11562.021059738472,14.256306149065495,404.39432408101857,6212.94805823639
11562.689388018101,14.256306149065495,404.39432408101857,6213.400836203247
11562.767031325027,14.257844625040889,404.4555076472461,6213.400836203247
11563.43989019841,14.257844625040889,404.4555076472461,6213.862912602723
11563.515454538167,14.259261380881071,404.5185007750988,6213.862912602723
11564.204767402261,14.259261380881071,404.5185007750988,6214.372239092365
11564.792398929596,14.264055401086807,404.6060515921563,6214.372239092365
11565.518741859123,14.264055401086807,404.6060515921563,6214.889928575605
11565.599427441135,14.265499647706747,404.6778251603246,6214.889928575605
11566.093951391056,14.265499647706747,404.6778251603246,6215.223702032119
11566.222434066236,14.266911454498768,404.79589547403157,6215.223702032119
11566.802337484434,14.266911454498768,404.79589547403157,6215.61440609023
11566.879541151226,14.26838450320065,404.8606423959136,6215.61440609023
11567.60420772247,14.26838450320065,404.8606423959136,6216.087285254151
11568.656815931201,14.273125167936087,404.97420685738325,6216.087285254151
11569.371462577954,14.273125167936087,404.97420685738325,6216.618287920952
11569.491740090773,14.274571403861046,405.0754979066551,6216.618287920952
11570.249693397433,14.274571403861046,405.0754979066551,6217.172551011667
11570.360462898389,14.275968626141548,405.17437016405165,6217.172551011667
11571.050188839436,14.275968626141548,405.17437016405165,6217.6704722344875
11571.129123538733,14.27743506245315,405.22018493898213,6217.6704722344875
11571.787708243355,14.27743506245315,405.22018493898213,6218.197288684547
11572.376705827191,14.282174868509173,405.28523782640696,6218.197288684547
11573.04927646555,14.282174868509173,405.28523782640696,6218.604068217799
11573.12352248095,14.283708237111568,405.3371559046209,6218.604068217799
11573.771195765585,14.283708237111568,405.3371559046209,6219.088455753401
11573.857169853523,14.285295316949487,405.4037480484694,6219.088455753401
11574.596007861197,14.285295316949487,405.4037480484694,6219.609440864995
11574.710384206846,14.286913309246302,405.48345971107483,6219.609440864995
11575.391208758578,14.286913309246302,405.48345971107483,6220.08059755899
11576.260271759704,14.29164718836546,405.5542082041502,6220.08059755899
11577.017756687477,14.29164718836546,405.5542082041502,6220.5601330548525
11577.113570936024,14.294352166354656,405.6321571264416,6220.5601330548525
11577.943523315713,14.294352166354656,405.6321571264416,6221.147914536297
11578.038360605016,14.295860093086958,405.70360398851335,6221.147914536297
11578.639643562958,14.295860093086958,405.70360398851335,6221.582416923717
11578.731298765168,14.297318222001195,405.77980201877654,6221.582416923717
11579.457743957639,14.297318222001195,405.77980201877654,6222.06549833715
11580.17516137287,14.302223032340407,405.8319302517921,6222.06549833715
11580.890593506396,14.302223032340407,405.8319302517921,6222.579129265621
11580.974903903902,14.303642688319087,405.9027780033648,6222.579129265621
11581.704464791343,14.303642688319087,405.9027780033648,6223.022209338844
11581.823353828862,14.305127333849669,406.0049290843308,6223.022209338844
11582.586183335632,14.305127333849669,406.0049290843308,6223.60107235983
11582.640008747578,14.306635050103068,406.0478150360286,6223.60107235983
11583.11301279813,14.306635050103068,406.0478150360286,6223.94271640107
11583.862239543349,14.311240576207638,406.08733227849007,6223.94271640107
11584.508699305356,14.311240576207638,406.08733227849007,6224.363486856222
11584.640075221658,14.312701594084501,406.20656979456544,6224.363486856222
11585.280930683017,14.312701594084501,406.20656979456544,6224.8208928518
11585.333023183048,14.314197951927781,406.246801270172,6224.8208928518
11586.067763738334,14.314197951927781,406.246801270172,6225.3231197446585
11586.145573478192,14.315594797953963,406.31598668918014,6225.3231197446585
11586.798952365294,14.315594797953963,406.31598668918014,6225.737033396959
11587.661562411115,14.322122687473893,406.4099681843072,6225.737033396959
11588.407666381449,14.322122687473893,406.4099681843072,6226.273461043835
11588.493970176205,14.32360740378499,406.4768542125821,6226.273461043835
11589.175311096013,14.32360740378499,406.4768542125821,6226.690620642155
11589.228346653283,14.324995648115873,406.51736534014344,6226.690620642155
11589.843562385067,14.324995648115873,406.51736534014344,6227.083035720512
11589.972462797537,14.326559456065297,406.62187824584544,6227.083035720512
11590.789679246023,14.326559456065297,406.62187824584544,6227.6108462084085
11591.56492064707,14.331289863213897,406.67903153784573,6227.6108462084085
11592.109408950433,14.331289863213897,406.67903153784573,6227.981845686212
11592.171342579648,14.332730678841472,406.7318677119911,6227.981845686212
11592.974226506427,14.332730678841472,406.7318677119911,6228.369498658925
11593.096015987918,14.33488143607974,406.814429378137,6228.369498658925
11593.757757820189,14.33488143607974,406.814429378137,6228.812828876078
11593.88901555352,14.33627424389124,406.92568454518914,6228.812828876078
11594.466683881357,14.33627424389124,406.92568454518914,6229.258051205426
11595.197852442041,14.341125411912799,406.96538416296244,6229.258051205426
11595.988118616864,14.341125411912799,406.96538416296244,6229.844945773482
11596.062253357843,14.342703809961677,407.02370099537075,6229.844945773482
11596.85398613289,14.342703809961677,407.02370099537075,6230.415730044246
11596.976865014061,14.34417999908328,407.1317519079894,6230.415730044246
11597.771450169384,14.34417999908328,407.1317519079894,6230.942285049707
11597.860497733578,14.34564465470612,407.20488912425935,6230.942285049707
11598.45383473672,14.34564465470612,407.20488912425935,6231.31719196029
11599.099434185773,14.350440176203847,407.28289563953876,6231.31719196029
11599.837061870843,14.350440176203847,407.28289563953876,6231.839013600722
11599.937182286754,14.351894292980433,407.3720254264772,6231.839013600722
11600.738654470071,14.351894292980433,407.3720254264772,6232.327241878957
11600.839197993279,14.356257062405348,407.4508331231773,6232.327241878957
11601.46181987226,14.356257062405348,407.4508331231773,6232.773549631238
11601.576204687357,14.35769814811647,407.5565328709781,6232.773549631238
11602.297942765057,14.35769814811647,407.5565328709781,6233.274441508576
11603.076128320768,14.36433956027031,407.62449808977544,6233.274441508576
11603.865103073418,14.36433956027031,407.62449808977544,6233.822025706992
11603.948525205255,14.365804417058825,407.69893105886877,6233.822025706992
11604.72720438987,14.365804417058825,407.69893105886877,6234.3762199655175
11604.870335673913,14.367236902937293,407.8287808354944,6234.3762199655175
11605.53985323757,14.367236902937293,407.8287808354944,6234.834469584748
11605.61267148517,14.36875231191516,407.8843880817294,6234.834469584748
11606.282847389579,14.36875231191516,407.8843880817294,6235.331415539607
11606.847234157845,14.373440338298678,407.9624264650047,6235.331415539607
11607.69712821208,14.373440338298678,407.9624264650047,6235.91830291599
11607.799202874303,14.37485009431839,408.028492949903,6235.91830291599
11608.465210802853,14.37485009431839,408.028492949903,6236.356781242415
11608.59321161732,14.37634114921093,408.1353711485863,6236.356781242415
11609.285715240985,14.37634114921093,408.1353711485863,6236.818719649687
11609.352889478207,14.377810306847095,408.1938548758626,6236.818719649687
11609.986336974427,14.377810306847095,408.1938548758626,6237.171345232055
11610.539608797058,14.382505604997277,408.2445825841278,6237.171345232055
11611.359344800934,14.382505604997277,408.2445825841278,6237.7939427588135
11611.443187069148,14.383928889408708,408.31937414966524,6237.7939427588135
11612.026130154729,14.383928889408708,408.31937414966524,6238.247268311679
11612.11581976153,14.385414455085993,408.39543086849153,6238.247268311679
11612.746843224391,14.385414455085993,408.39543086849153,6238.696110518649
11612.819165114313,14.386838918551803,408.4589694868773,6238.696110518649
11613.458381833509,14.386838918551803,408.4589694868773,6239.1782686356455
11614.0109494254,14.393502028658986,408.5508562345058,6239.1782686356455
11614.81576964818,14.393502028658986,408.5508562345058,6239.823625538498
11614.894313629717,14.394902573898435,408.61746066994965,6239.823625538498
11615.504274517298,14.394902573898435,408.61746066994965,6240.26121799089
11615.588292209432,14.39627411775291,408.6852397285402,6240.26121799089
11616.266288230196,14.39627411775291,408.6852397285402,6240.697318436578
11616.343740032986,14.397720152512193,408.7501736935228,6240.697318436578
11617.109901161864,14.397720152512193,408.7501736935228,6241.253371920437
11617.707590194419,14.402647031471133,408.8339494727552,6241.253371920437
11618.412260830402,14.402647031471133,408.8339494727552,6241.738488111645
11618.55468207784,14.40423408895731,408.9548212066293,6241.738488111645
11619.254816841334,14.40423408895731,408.9548212066293,6242.235928473994
11619.400716014206,14.405887048691511,409.05261916294694,6242.235928473994
11620.232797842473,14.405887048691511,409.05261916294694,6242.768776485696
11620.338920488954,14.407426476478577,409.14411858282983,6242.768776485696
11620.8970199693,14.407426476478577,409.14411858282983,6243.143922463059
11621.5852968283,14.412308614701033,409.2216936983168,6243.143922463059
11622.263593930751,14.412308614701033,409.2216936983168,6243.688791293651
11622.337042260915,14.413746889680624,409.2822754327208,6243.688791293651
11622.960405845195,14.413746889680624,409.2822754327208,6244.1133755892515
11623.048246046528,14.415223417803645,409.3612963054329,6244.1133755892515
11623.759926341474,14.415223417803645,409.3612963054329,6244.6537234298885
11623.827800698578,14.416702745482326,409.4191623721272,6244.6537234298885
11624.50475599058,14.416702745482326,409.4191623721272,6245.139937799424
11625.041570801288,14.421296278014779,409.515636080876,6245.139937799424
11625.795043189079,14.421296278014779,409.515636080876,6245.663128290325
11625.883719164878,14.422814445570111,409.589000120759,6245.663128290325
11626.503366721794,14.422814445570111,409.589000120759,6246.110499341041
11626.615704821423,14.424229661002755,409.6770720984787,6246.110499341041
11627.334599295631,14.424229661002755,409.6770720984787,6246.561905957758
11627.466036934406,14.427067384123802,409.78360477276146,6246.561905957758
11628.162719974294,14.427067384123802,409.78360477276146,6247.05919976905
11628.716552447528,14.431804470717907,409.86129718087614,6247.05919976905
11629.385801037773,14.431804470717907,409.86129718087614,6247.528523888439
11629.463915213943,14.433261256664991,409.9249076899141,6247.528523888439
11630.066105948761,14.433261256664991,409.9249076899141,6247.96951309219
11630.150155533105,14.434710673987865,409.9937547352165,6247.96951309219
11630.834664281458,14.434710673987865,409.9937547352165,6248.48290781863
11630.910941191018,14.436174668371677,410.0613092761487,6248.48290781863
11631.526334749535,14.436174668371677,410.0613092761487,6248.857853958383
11632.546336397529,14.441064465790987,410.1362698227167,6248.857853958383
11633.245511133224,14.441064465790987,410.1362698227167,6249.3265124596655
11633.333970457315,14.442533588036895,410.194237569347,6249.3265124596655
11634.071758378297,14.442533588036895,410.194237569347,6249.845846731216
11634.12487320602,14.444059256464243,410.2348823696375,6249.845846731216
11634.804201129824,14.444059256464243,410.2348823696375,6250.305071268231
11634.884769430384,14.445686433464289,410.29900646954775,6250.305071268231
11635.541296398267,14.445686433464289,410.29900646954775,6250.779112024233
11636.371287548915,14.450572242960334,410.37498207576573,6250.779112024233
11637.07660423778,14.450572242960334,410.37498207576573,6251.253842186183
11637.14971408248,14.45203148946166,410.4202051796019,6251.253842186183
11637.96603087522,14.45203148946166,410.4202051796019,6251.820982081816
11638.036946609616,14.453500226140022,410.4795261118561,6251.820982081816
11638.647031819448,14.453500226140022,410.4795261118561,6252.14302681759
11638.750300712883,14.454939531162381,410.570334430784,6252.14302681759
11639.516192868352,14.454939531162381,410.570334430784,6252.732235906646
11640.074646886438,14.459679519757628,410.6180958636105,6252.732235906646
11640.868175564334,14.459679519757628,410.6180958636105,6253.292703542858
11640.968399452046,14.461159827187657,410.69800676219165,6253.292703542858
11641.539698624983,14.461159827187657,410.69800676219165,6253.660497192293
11641.642296206206,14.4627975076437,410.7613570895046,6253.660497192293
11642.610207594931,14.4627975076437,410.7613570895046,6254.199004897848
11642.726245680824,14.464259516447783,410.8535581622273,6254.199004897848
11643.51532555744,14.464259516447783,410.8535581622273,6254.53186151199
11644.788923254237,14.472088597714901,410.95953231677413,6254.53186151199
11645.391726452857,14.472088597714901,410.95953231677413,6254.890126528218
11645.485180657357,14.473592596128583,411.0246605183929,6254.890126528218
11646.355219142511,14.473592596128583,411.0246605183929,6255.265546655282
11646.66037564911,14.475179335102439,411.1242383569479,6255.265546655282
11647.529522774741,14.475179335102439,411.1242383569479,6255.666962411255
11647.6199700851,14.476754784584045,411.1749090012163,6255.666962411255
11648.689132681116,14.476754784584045,411.1749090012163,6256.105909317732
11649.638380922377,14.481659123674035,411.24169570952654,6256.105909317732
11650.40351727046,14.481659123674035,411.24169570952654,6256.40890092589
11650.461257604882,14.487564889714122,411.2838263195008,6256.40890092589
11651.152200790122,14.487564889714122,411.2838263195008,6256.704551830888
11651.21266380325,14.4890191052109,411.3349366635084,6256.704551830888
11652.408989949152,14.4890191052109,411.3349366635084,6257.152745939791
11652.605407362804,14.490657085552812,411.3832475244999,6257.152745939791
11653.111572109163,14.490657085552812,411.3832475244999,6257.442661147565
11654.668620496988,14.504347773268819,411.4254368133843,6257.442661147565
11655.731797106564,14.504347773268819,411.4254368133843,6258.032638331875
11655.829335482791,14.505855567753315,411.51237419992685,6258.032638331875
11656.638116419315,14.505855567753315,411.51237419992685,6258.440560892224
11656.798220312223,14.514928052201867,411.651109110564,6258.440560892224
11657.693871142343,14.514928052201867,411.651109110564,6258.774480246007
11657.761021267623,14.516417607665062,411.709132488817,6258.774480246007
11658.273061959073,14.516417607665062,411.709132488817,6259.1101136785
11660.214235585183,14.522554390132427,411.8010554071516,6259.1101136785
11661.073851710185,14.522554390132427,411.8010554071516,6259.751467980444
11661.138317884877,14.523986676707864,411.8420942854136,6259.751467980444
11661.804210875183,14.523986676707864,411.8420942854136,6260.105368915945
11661.895058123395,14.5254841838032,411.91725019551814,6260.105368915945
11662.728647921234,14.5254841838032,411.91725019551814,6260.566524000838
11662.861154340208,14.526917450129986,412.03036478720605,6260.566524000838
11663.87992464751,14.526917450129986,412.03036478720605,6261.247957272455
11665.395349137485,14.532623065635562,412.1477035880089,6261.247957272455
11666.371809734032,14.532623065635562,412.1477035880089,6261.890181908384
11666.45670142211,14.534092841669917,412.22308781184256,6261.890181908384
11667.210849082097,14.534092841669917,412.22308781184256,6262.41172767058
11667.267102276906,14.535680511966348,412.26819214597344,6262.41172767058
11668.006606800482,14.535680511966348,412.26819214597344,6262.826432347298
11668.101156665012,14.537167953327298,412.3419672809541,6262.826432347298
11668.933221885934,14.537167953327298,412.3419672809541,6263.294506765902
11670.830556472763,14.542042640969157,412.41156094148755,6263.294506765902
11671.6781453304,14.542042640969157,412.41156094148755,6263.656412130222
11671.758066564798,14.54357204772532,412.45849244482815,6263.656412130222
11672.73294967413,14.54357204772532,412.45849244482815,6264.301201784983
11672.860004061833,14.545044593513012,412.56770033575594,6264.301201784983
11673.547437464818,14.545044593513012,412.56770033575594,6264.726850692183
11673.66752277501,14.546760395169258,412.62072106450796,6264.726850692183
11674.442686639726,14.546760395169258,412.62072106450796,6265.305925829336
11675.809146011248,14.55167705565691,412.7235694807023,6265.305925829336
11676.503824505955,14.55167705565691,412.7235694807023,6265.638907942921
11676.731298927218,14.553360415622592,412.7829996570945,6265.638907942921
11677.303389236331,14.553360415622592,412.7829996570945,6266.079461390153
11677.36603871733,14.55476007051766,412.8326295632869,6266.079461390153
11678.012128384784,14.55476007051766,412.8326295632869,6266.499754467979
11678.127986850217,14.556196838617325,412.9333419315517,6266.499754467979
11679.008093848825,14.556196838617325,412.9333419315517,6267.055599678308
11680.38207772933,14.560914194211364,412.9774379748851,6267.055599678308
11681.141127686948,14.560914194211364,412.9774379748851,6267.539548166096
11681.270714893937,14.562399050220847,413.09319521673024,6267.539548166096
11682.149646708742,14.562399050220847,413.09319521673024,6268.099107183516
11682.301367567852,14.569664813578129,413.1854272503406,6268.099107183516
11682.82087331824,14.569664813578129,413.1854272503406,6268.475631043315
11682.880752669647,14.572820270434022,413.22697169706225,6268.475631043315
11683.65190309845,14.572820270434022,413.22697169706225,6269.024934085086
11684.77469348535,14.57762678898871,413.2977622002363,6269.024934085086
11685.62428592518,14.57762678898871,413.2977622002363,6269.624389173463
11685.744066054001,14.579088313505054,413.40102300420403,6269.624389173463
11686.467943849042,14.579088313505054,413.40102300420403,6270.102725049481
11686.61184491776,14.581228410825133,413.479095287621,6270.102725049481
11687.253229789436,14.581228410825133,413.479095287621,6270.512787241489
11687.35746492073,14.58269471861422,413.56039997190237,6270.512787241489
11687.91326674074,14.58269471861422,413.56039997190237,6270.923155581579
11690.358326165006,14.587434064596891,413.6044690962881,6270.923155581579
11691.297912569717,14.587434064596891,413.6044690962881,6271.275201823562
11691.539316292852,14.589149456471205,413.6603367161006,6271.275201823562
11692.293375173584,14.589149456471205,413.6603367161006,6271.584882335737
11692.346238365397,14.590620502829552,413.7017571721226,6271.584882335737
11692.921915242448,14.590620502829552,413.7017571721226,6271.9762863162905
11693.340493749827,14.592154700309038,413.74396998248994,6271.9762863162905
11693.811561964452,14.592154700309038,413.74396998248994,6272.268943246454
11696.005569756031,14.596748672425747,413.8646950144321,6272.268943246454
11696.662565354258,14.596748672425747,413.8646950144321,6272.696770222858
11696.73394541815,14.598207347095013,413.92697347328067,6272.696770222858
11697.374099098146,14.598207347095013,413.92697347328067,6273.170049889013
11697.45813119039,14.599620321765542,413.9993858747184,6273.170049889013
11698.096052799374,14.599620321765542,413.9993858747184,6273.623931989074
11698.20700058341,14.601114450022578,414.0907047986984,6273.623931989074
11698.805538246408,14.601114450022578,414.0907047986984,6274.013571256772
11699.832669958472,14.605951245874166,414.22775910981,6274.013571256772
11700.694525253028,14.605951245874166,414.22775910981,6274.5471436828375
11700.814464760944,14.607369739562273,414.29653484374285,6274.5471436828375
11701.493625953794,14.607369739562273,414.29653484374285,6274.991468660533
11701.57950546965,14.608786094933748,414.3685191385448,6274.991468660533
11702.26259933412,14.608786094933748,414.3685191385448,6275.43847053498
11702.338294696063,14.610233720391989,414.43147685565054,6275.43847053498
11702.904915835708,14.610233720391989,414.43147685565054,6275.826999204233
11703.652341444045,14.61500783637166,414.567884946242,6275.826999204233
11704.413567492738,14.61500783637166,414.567884946242,6276.39357640408
11704.5536350701,14.616456201300025,414.6891964096576,6276.39357640408
11705.487624961883,14.616456201300025,414.6891964096576,6277.082888782024
11705.618882225826,14.617939498275518,414.80519115924835,6277.082888782024
11706.496322037652,14.617939498275518,414.80519115924835,6277.755331292748
11706.64502174966,14.619334252551198,414.9327282253653,6277.755331292748
11707.434686737135,14.619334252551198,414.9327282253653,6278.316443361342
11708.15311675705,14.624327374622226,415.02772716991603,6278.316443361342
11708.865642538294,14.624327374622226,415.02772716991603,6278.80449045822
11708.914391890168,14.625691547989845,415.0676804985851,6278.80449045822
11709.870261199772,14.625691547989845,415.0676804985851,6279.506878525019
11709.998310565948,14.627151433378458,415.17289972677827,6279.506878525019
11710.680627778172,14.627151433378458,415.17289972677827,6279.975140588358
11710.829078495502,14.62856493704021,415.3043037224561,6279.975140588358
11711.711444854736,14.62856493704021,415.3043037224561,6280.4830356854945
11712.64602519758,14.6333093252033,415.3760050199926,6280.4830356854945
11713.482677936554,14.6333093252033,415.3760050199926,6281.121471613646
11713.565151829273,14.634934045374393,415.44532496482134,6281.121471613646
11714.180135780945,14.634934045374393,415.44532496482134,6281.565902665257
11714.248586041853,14.636305561289191,415.5014719367027,6281.565902665257
11714.919878629968,14.636305561289191,415.5014719367027,6281.97391272895
11715.0610215161,14.637772707268596,415.6236067377031,6281.97391272895
11715.841599637643,14.637772707268596,415.6236067377031,6282.457565192133
11716.537655878812,14.644262414425611,415.6994496714324,6282.457565192133
11717.279237940907,14.644262414425611,415.6994496714324,6282.949515761808
11717.345668492839,14.645812653005123,415.7564747836441,6282.949515761808
11718.360880708322,14.645812653005123,415.7564747836441,6283.611321588978
11718.439571803436,14.647287020459771,415.8063170015812,6283.611321588978
11719.22987017408,14.647287020459771,415.8063170015812,6284.169045744464
11719.362844290212,14.648738525807858,415.9138110727072,6284.169045744464
11720.061661021784,14.648738525807858,415.9138110727072,6284.605098761618
11720.9112067651,14.653709573671222,415.9652877431363,6284.605098761618
11721.699926016852,14.653709573671222,415.9652877431363,6285.112613923848
11721.862369442359,14.655157232657075,416.1086571197957,6285.112613923848
11722.582641873509,14.655157232657075,416.1086571197957,6285.612540926784
11722.654843281955,14.656800063326955,416.1683600395918,6285.612540926784
11723.303220322356,14.656800063326955,416.1683600395918,6286.073199363425
11723.381888287142,14.658180769532919,416.23734487965703,6286.073199363425
11724.002982001752,14.658180769532919,416.23734487965703,6286.52618365176
11724.560566784814,14.663523957133293,416.32317283563316,6286.52618365176
11725.193390052766,14.663523957133293,416.32317283563316,6286.990009466186
11725.268235409632,14.665002943947911,416.3889891747385,6286.990009466186
11725.88438751176,14.665002943947911,416.3889891747385,6287.432630632073
11725.934174509719,14.66643594019115,416.42949020303786,6287.432630632073
11726.886310113594,14.66643594019115,416.42949020303786,6288.13540068455
11726.959352398291,14.667981088161469,416.48290121741593,6288.13540068455
11727.621063292027,14.667981088161469,416.48290121741593,6288.587279748172
11728.261787112802,14.672802643850446,416.55965936742723,6288.587279748172
11729.124617965892,14.672802643850446,416.55965936742723,6289.182237133384
11729.206440579146,14.674219589680433,416.6287752278149,6289.182237133384
11729.977287394926,14.674219589680433,416.6287752278149,6289.664943823591
11730.030234491453,14.675883989781141,416.67224514111876,6289.664943823591
11730.560681909323,14.675883989781141,416.67224514111876,6289.981426136568
11730.668365126476,14.677272215485573,416.75376048870385,6289.981426136568
11731.611795382574,14.677272215485573,416.75376048870385,6290.698061114177
11732.281763965264,14.682508710771799,416.8894262444228,6290.698061114177
11732.830086361617,14.682508710771799,416.8894262444228,6291.088813193142
11732.90123754926,14.683961426839232,416.9517573211342,6291.088813193142
11733.613196831197,14.683961426839232,416.9517573211342,6291.508156694472
11733.691867027432,14.68540646135807,417.0104146338999,6291.508156694472
11734.3529731296,14.68540646135807,417.0104146338999,6291.975051021203
11734.411095032468,14.686870506033301,417.0559204444289,6291.975051021203
11735.206424845383,14.686870506033301,417.0559204444289,6292.540422467515
11735.755745910108,14.691638665273786,417.11884641088545,6292.540422467515
11736.770091857761,14.691638665273786,417.11884641088545,6293.202227503061
11736.91251396574,14.693107211962342,417.242900935933,6293.202227503061
11737.554705414921,14.693107211962342,417.242900935933,6293.68573387526
11737.622644294053,14.694569271057844,417.2986202426255,6293.68573387526
11738.211220165715,14.694569271057844,417.2986202426255,6294.11361682415
11738.292065061629,14.696049477905035,417.37034191191196,6294.11361682415
11739.082078076899,14.696049477905035,417.37034191191196,6294.678317118436
11739.770329104736,14.703861560672522,417.41847226023674,6294.678317118436
11740.4903965462,14.703861560672522,417.41847226023674,6295.118204284459
11740.572842400521,14.70531545765698,417.47199834883213,6295.118204284459
11741.443274563178,14.70531545765698,417.47199834883213,6295.754730012268
11741.573727054521,14.706757321953773,417.5909093860537,6295.754730012268
11742.115060580894,14.706757321953773,417.5909093860537,6296.102950816974
11742.233734088019,14.708278162404895,417.69366815313697,6296.102950816974
11743.004655255005,14.708278162404895,417.69366815313697,6296.647484665737
11743.522197078913,14.713128324598074,417.76319640129805,6296.647484665737
11744.264487804845,14.713128324598074,417.76319640129805,6297.153996130452
11744.334401289001,14.714562410488725,417.82103378884494,6297.153996130452
11744.954291101545,14.714562410488725,417.82103378884494,6297.616204354912
11745.034258501604,14.715973913669586,417.88804234191775,6297.616204354912
11745.667183268815,14.715973913669586,417.88804234191775,6298.072501759976
11745.749582473189,14.717438749969006,417.9541821386665,6298.072501759976
11746.580554718152,14.717438749969006,417.9541821386665,6298.591915637255
11747.872514043003,14.722233209758997,418.0381283611059,6298.591915637255
11748.573384823278,14.722233209758997,418.0381283611059,6298.927598921582
11748.65190522559,14.72368585690856,418.092288069427,6298.927598921582
11749.242750767618,14.72368585690856,418.092288069427,6299.320081425831
11749.310946881771,14.725152453407645,418.1412269733846,6299.320081425831
11749.817655317485,14.725152453407645,418.1412269733846,6299.714019082487
11749.8779361099,14.726626761257648,418.1841447651386,6299.714019082487
11750.834769640118,14.726626761257648,418.1841447651386,6300.406000060961
11751.615626269951,14.731434671208262,418.22792377509177,6300.406000060961
11752.591518897563,14.731434671208262,418.22792377509177,6301.082594109699
11752.744695553556,14.73292793892324,418.33999001793563,6301.082594109699
11753.50503773801,14.73292793892324,418.33999001793563,6301.607607591897
11753.634249165654,14.734447546303272,418.45160640589893,6301.607607591897
11754.880784513429,14.734447546303272,418.45160640589893,6302.214947046712
11754.942369556054,14.735936341807246,418.4961280692369,6302.214947046712
11755.525341654196,14.735936341807246,418.4961280692369,6302.620598318055
11756.593908693641,14.740657357499003,418.5730191320181,6302.620598318055
11757.18542482704,14.740657357499003,418.5730191320181,6302.967563491315
11757.264665503055,14.742089353501797,418.6365082692355,6302.967563491315
11757.897419730201,14.742089353501797,418.6365082692355,6303.386462364346
11757.966902129352,14.743567671626806,418.6969298347831,6303.386462364346
11758.823992799968,14.743567671626806,418.6969298347831,6304.050632884726
11758.8734503109,14.74515031836927,418.73746273480356,6304.050632884726
11759.674229824916,14.74515031836927,418.73746273480356,6304.617193022743
11761.427874134853,14.750025426968932,418.81220923922956,6304.617193022743
11761.966292882338,14.750025426968932,418.81220923922956,6304.990022877231
11762.048174625263,14.751456264406443,418.8707968108356,6304.990022877231
11763.049944985658,14.751456264406443,418.8707968108356,6305.341108832508
11763.141114609316,14.752965273335576,418.94657731615007,6305.341108832508
11764.167026560754,14.752965273335576,418.94657731615007,6305.6277027036995
11764.262950601056,14.754381410777569,419.0016563497484,6305.6277027036995
11765.01340985857,14.754381410777569,419.0016563497484,6305.897675739601
11765.927120001987,14.759747885167599,419.10585738159716,6305.897675739601
11766.676141548902,14.759747885167599,419.10585738159716,6306.4167478606105
11766.74727460742,14.761294452473521,419.16786704212427,6306.4167478606105
11767.743322573602,14.761294452473521,419.16786704212427,6306.906182622537
11767.86109244451,14.762772038578987,419.2654334437102,6306.906182622537
11768.813983773813,14.762772038578987,419.2654334437102,6307.37063372694
11768.888908330351,14.764206632971764,419.3204022087157,6307.37063372694
11769.722768045962,14.764206632971764,419.3204022087157,6307.727177582681
11771.201328409836,14.769126523286104,419.3992129676044,6307.727177582681
11772.185837654397,14.769126523286104,419.3992129676044,6308.1263937577605
11772.251449622214,14.770577918738127,419.44013844430447,6308.1263937577605
11772.914719525725,14.770577918738127,419.44013844430447,6308.565114744008
11772.973711302504,14.77198950573802,419.4821269288659,6308.565114744008
11773.669365176931,14.77198950573802,419.4821269288659,6308.881442796439
11773.727761832997,14.773359840735793,419.524637516588,6308.881442796439
11774.835306733847,14.773359840735793,419.524637516588,6309.378077059984
11776.96264763549,14.778255641460419,419.58956458978355,6309.378077059984
11777.802599005401,14.778255641460419,419.58956458978355,6309.783994987607
11777.888098433614,14.779716456308961,419.6516855042428,6309.783994987607
11778.987675929442,14.779716456308961,419.6516855042428,6310.258248832077
11779.085481705144,14.781154114753008,419.72214500047266,6310.258248832077
11779.986069321632,14.781154114753008,419.72214500047266,6310.671721989289
11780.14134405367,14.7857896219939,419.8276711665094,6310.671721989289
11780.889986738563,14.7857896219939,419.8276711665094,6311.124889979139
11782.748479792848,14.79056891053915,419.9288622122258,6311.124889979139
11783.61840451695,14.79056891053915,419.9288622122258,6311.603067126125
11783.689745308831,14.792055996134877,419.99103342555463,6311.603067126125
11784.865799352527,14.792055996134877,419.99103342555463,6312.29632463865
11784.935282289982,14.79350102134049,420.0513769965619,6312.29632463865
11785.999501252547,14.79350102134049,420.0513769965619,6313.07090492174
11786.078658215702,14.79492529667914,420.1174568608403,6313.07090492174
11787.087197510526,14.79492529667914,420.1174568608403,6313.727516623214
11788.194460237399,14.799752306193113,420.1807928048074,6313.727516623214
11788.698986813426,14.799752306193113,420.1807928048074,6314.023970643058
11788.817297043279,14.801969796419144,420.22807477787137,6314.023970643058
11789.569879718125,14.801969796419144,420.22807477787137,6314.437880605459
11789.752676133066,14.80343647301197,420.38915499672294,6314.437880605459
11790.41623493284,14.80343647301197,420.38915499672294,6314.749806089327
11790.53637081571,14.805081773549318,420.48873931728303,6314.749806089327
11791.492244830355,14.805081773549318,420.48873931728303,6315.3634114880115
11793.192832725123,14.810106134042144,420.5995654370636,6315.3634114880115
11793.876804417,14.810106134042144,420.5995654370636,6315.72422933206
11793.983654858544,14.819919671863317,420.685807229951,6315.72422933206
11794.659663872793,14.819919671863317,420.685807229951,6316.09528504312
11794.724574070424,14.821340687572956,420.7363196518272,6316.09528504312
11795.493777945638,14.821340687572956,420.7363196518272,6316.559937456623
11795.599404703826,14.822799604386091,420.82319666817784,6316.559937456623
11796.56896066852,14.822799604386091,420.82319666817784,6317.315722739324
11797.873369874433,14.827567150816321,420.8919738624245,6317.315722739324
11798.656487453729,14.827567150816321,420.8919738624245,6317.718853848055
11798.840865949169,14.829127741977572,420.9917381424457,6317.718853848055
11799.631906133145,14.829127741977572,420.9917381424457,6318.212844533846
11799.810962473974,14.830652009695768,421.08720666356385,6318.212844533846
11800.555315485224,14.830652009695768,421.08720666356385,6318.708876546472
11800.68093797937,14.832146575674415,421.17694706469774,6318.708876546472
11801.107311090454,14.832146575674415,421.17694706469774,6318.969883389771
11802.813676901162,14.83700511418283,421.26462757214904,6318.969883389771
11803.706314001232,14.83700511418283,421.26462757214904,6319.4673762097955
11803.782747406512,14.838460721075535,421.31763573922217,6319.4673762097955
11804.497984139249,14.838460721075535,421.31763573922217,6319.983379468322
11804.613597000018,14.84004870057106,421.38938273862004,6319.983379468322
11805.270977346227,14.84004870057106,421.38938273862004,6320.407074313611
11805.385014357045,14.84236690402031,421.48364034853876,6320.407074313611
11806.33176282607,14.84236690402031,421.48364034853876,6320.995083402842
11808.191653138027,14.847937846556306,421.56751647777855,6320.995083402842
11808.798145398498,14.847937846556306,421.56751647777855,6321.380027167499
11808.856102854013,14.849457543343306,421.61094279028475,6321.380027167499
11809.630728971213,14.849457543343306,421.61094279028475,6321.709700152278
11809.740818189457,14.850863140076399,421.7033879477531,6321.709700152278
11810.570512114093,14.850863140076399,421.7033879477531,6322.041160950437
11810.81819842197,14.852462260052562,421.7697327286005,6322.041160950437
11811.814224300906,14.852462260052562,421.7697327286005,6322.3281139377505
11813.683145387098,14.857304241508245,421.85586172156036,6322.3281139377505
11814.284510942176,14.857304241508245,421.85586172156036,6322.741748698056
11814.594043061137,14.858892420306802,421.9785289131105,6322.741748698056
11815.273054623976,14.858892420306802,421.9785289131105,6323.207033580169
11815.333833433688,14.860352106392384,422.0306936856359,6323.207033580169
11816.114694664255,14.860352106392384,422.0306936856359,6323.743813589215
11816.1921415478,14.86179037205875,422.09138118475676,6323.743813589215
11817.034805355594,14.86179037205875,422.09138118475676,6324.324237873778
11819.218835312873,14.866934977471828,422.1408597473055,6324.324237873778
11819.831619769335,14.866934977471828,422.1408597473055,6324.651702476665
11819.903138322756,14.870737155899405,422.19706962257624,6324.651702476665
11820.710084268823,14.870737155899405,422.19706962257624,6325.0194694288075
11820.787391642109,14.872409716248512,422.2455994077027,6325.0194694288075
11821.581380441785,14.872409716248512,422.2455994077027,6325.48905129917
11821.850765109062,14.874014876782894,422.32966712117195,6325.48905129917
11822.668782047927,14.874014876782894,422.32966712117195,6326.0185929033905
11825.509080814198,14.879398297518492,422.36932912655175,6326.0185929033905
11826.548174798489,14.879398297518492,422.36932912655175,6326.332547863945
11826.621237941086,14.880916384980083,422.41467233374715,6326.332547863945
11827.394681178033,14.880916384980083,422.41467233374715,6326.645517224446
11827.444599296898,14.882341230288148,422.45567947253585,6326.645517224446
11828.035235565156,14.882341230288148,422.45567947253585,6326.983408331871
11828.093269625679,14.883796906098723,422.4961276408285,6326.983408331871
11828.93089008145,14.883796906098723,422.4961276408285,6327.607780208811
11830.112022738904,14.892684429883957,422.56711212545633,6327.607780208811
11830.899603093043,14.892684429883957,422.56711212545633,6327.866315238178
11830.985351538286,14.894140385091305,422.63761945068836,6327.866315238178
11831.75525165908,14.894140385091305,422.63761945068836,6328.243729306385
11831.911831565201,14.897699041292071,422.6960620973259,6328.243729306385
11832.58592705056,14.897699041292071,422.6960620973259,6328.596180109307
11832.77713335678,14.899270981550217,422.7907900363207,6328.596180109307
11833.492574075237,14.899270981550217,422.7907900363207,6329.009727017954
11835.46818216145,14.904128901660442,422.8444130625576,6329.009727017954
11836.148560980335,14.904128901660442,422.8444130625576,6329.332916235551
11836.265660297126,14.90572733990848,422.92868859134614,6329.332916235551
11837.500214070082,14.90572733990848,422.92868859134614,6329.763417314738
11837.659070337191,14.907359080389142,422.9732873942703,6329.763417314738
11838.34629941918,14.907359080389142,422.9732873942703,6330.176082564518
11838.414999620989,14.908768724650145,423.02678508125246,6330.176082564518
11839.061969850212,14.908768724650145,423.02678508125246,6330.557062668726
11840.429179402068,14.91358888335526,423.06693988479674,6330.557062668726
11841.348375329748,14.91358888335526,423.06693988479674,6331.014923784882
11841.449262041599,14.915080482140183,423.1363554224372,6331.014923784882
11842.123343421146,14.915080482140183,423.1363554224372,6331.452088542283
11842.392924482003,14.916660282760859,423.2581367138773,6331.452088542283
11843.379940306768,14.916660282760859,423.2581367138773,6331.865236032754
11843.443630550057,14.91941623389721,423.30033378489316,6331.865236032754
11843.933389337733,14.91941623389721,423.30033378489316,6332.186458295211
11845.845332242548,14.932932673022151,423.3525779414922,6332.186458295211
11846.835527192801,14.932932673022151,423.3525779414922,6332.596732662991
11846.9364998471,14.934379389509559,423.441056298092,6332.596732662991
11847.72153541632,14.934379389509559,423.441056298092,6333.08807102032
11847.800335973501,14.935828424990177,423.50625032931566,6333.08807102032
11848.845360476524,14.935828424990177,423.50625032931566,6333.8377198223025
11848.895363349468,14.937251679599285,423.5472183879465,6333.8377198223025
11849.822440369055,14.937251679599285,423.5472183879465,6334.301847673953
11851.525932800025,14.94600640796125,423.58614586107433,6334.301847673953
11852.067206067964,14.94600640796125,423.58614586107433,6334.628693981096
11852.156037850305,14.947423703968525,423.65338438749313,6334.628693981096
11853.17033242248,14.947423703968525,423.65338438749313,6335.178896993399
11853.387741880491,14.949182065203786,423.71845883503556,6335.178896993399
11854.231359705329,14.949182065203786,423.71845883503556,6335.731342384592
11854.371917812154,14.950634010136127,423.83006292395294,6335.731342384592
11855.373391089961,14.950634010136127,423.83006292395294,6336.389523766935
11856.74763372168,14.955613931640983,423.9399786479771,6336.389523766935
11857.382642868906,14.955613931640983,423.9399786479771,6336.767209881917
11857.521304432303,14.957203973084688,424.00631406717,6336.767209881917
11858.207787221298,14.957203973084688,424.00631406717,6337.218010820448
11858.267421457916,14.958669040352106,424.05328169465065,6337.218010820448
11859.407761830837,14.958669040352106,424.05328169465065,6337.917754163966
11859.516329081729,14.96013244614005,424.12456366606057,6337.917754163966
11860.457187404856,14.96013244614005,424.12456366606057,6338.5495606753975
11861.894447697327,14.964982153847814,424.21406533010304,6338.5495606753975
11862.790519300848,14.964982153847814,424.21406533010304,6339.217621477321
11862.992880193517,14.972440799698234,424.31828087195754,6339.217621477321
11863.790549283847,14.972440799698234,424.31828087195754,6339.686207050458
11863.860045870766,14.973906176164746,424.37838417850435,6339.686207050458
11864.288648584858,14.973906176164746,424.37838417850435,6339.963633643463
11864.362586993724,14.975333632901311,424.43829124234617,6339.963633643463
11865.483628112823,14.975333632901311,424.43829124234617,6340.698801141232
11866.849325101823,14.98028147406876,424.57755513489246,6340.698801141232
11867.611130753532,14.98028147406876,424.57755513489246,6341.1275249850005
11867.773530868813,14.98186537437141,424.6568231713027,6341.1275249850005
11868.580208711326,14.98186537437141,424.6568231713027,6341.574074015021
11868.685449233279,14.983363339677453,424.736771190539,6341.574074015021
11869.439412143081,14.983363339677453,424.736771190539,6341.900699576363
11869.550872458145,14.984902596101165,424.83203925937414,6341.900699576363
11870.39086586982,14.984902596101165,424.83203925937414,6342.500606607646
11873.006101962179,14.989773018285632,424.937845621258,6342.500606607646
11873.607313733548,14.989773018285632,424.937845621258,6342.896795846522
11873.718933649361,14.991355549544096,425.0304313711822,6342.896795846522
11874.425818720832,14.991355549544096,425.0304313711822,6343.292139351368
11874.507899869233,14.99286069907248,425.1023593246937,6343.292139351368
11875.608884966001,14.99286069907248,425.1023593246937,6343.675028020516
11875.676111593843,14.994513720273972,425.1512796767056,6343.675028020516
11876.223733518273,14.994513720273972,425.1512796767056,6343.991800041869
11878.077292069793,14.99932043813169,425.25048561021686,6343.991800041869
11878.556673197076,14.99932043813169,425.25048561021686,6344.313557174057
11878.613331891596,15.000786205753684,425.2974553462118,6344.313557174057
11879.76657990925,15.000786205753684,425.2974553462118,6344.793785737827
11879.94170551747,15.002310173586011,425.36875148676336,6344.793785737827
11880.984716473147,15.002310173586011,425.36875148676336,6345.517986604944
11881.10376053676,15.008172960951924,425.4505870882422,6345.517986604944
11882.194203829393,15.008172960951924,425.4505870882422,6346.235584922135
11885.728921325877,15.012949736788869,425.5340613722801,6346.235584922135
11886.549732415006,15.012949736788869,425.5340613722801,6346.609897334129
11886.687278205529,15.014392752200365,425.65677626244724,6346.609897334129
11887.396224444732,15.014392752200365,425.65677626244724,6346.981654377654
11887.678366094828,15.016093242913485,425.7366328909993,6346.981654377654
11888.645285382867,15.016093242913485,425.7366328909993,6347.530607078224
11888.726554546505,15.017559980973601,425.80572293139994,6347.530607078224
11889.608138917014,15.017559980973601,425.80572293139994,6348.012604486197
11891.278022766113,15.022423159331083,425.89154026657343,6348.012604486197
11891.997406257316,15.022423159331083,425.89154026657343,6348.4846771825105
11892.079899542034,15.02398694679141,425.9634870402515,6348.4846771825105
11892.727275658399,15.02398694679141,425.9634870402515,6348.868939353153
11892.786394318566,15.025426654145122,426.009688815102,6348.868939353153
11893.598313838243,15.025426654145122,426.009688815102,6349.526259530336
11893.668161571026,15.026891743764281,426.0667666569352,6349.526259530336
11894.715871714056,15.026891743764281,426.0667666569352,6350.007463224232
11896.826144400984,15.032532459124923,426.1598964277655,6350.007463224232
11897.503344101831,15.032532459124923,426.1598964277655,6350.410487020388
11897.60830693692,15.0351651776582,426.21377178281546,6350.410487020388
11898.195273341611,15.0351651776582,426.21377178281546,6350.761671472341
11898.319357424974,15.036703815683722,426.29497163556516,6350.761671472341
11898.963048264384,15.036703815683722,426.29497163556516,6351.164849482477
11899.062692081556,15.038374375551939,426.3637887202203,6351.164849482477
11899.807650798932,15.038374375551939,426.3637887202203,6351.668235370889
11903.089221805334,15.04349896684289,426.4362474232912,6351.668235370889
11903.764543421566,15.04349896684289,426.4362474232912,6352.176261892542
11903.838488021865,15.044927701354027,426.5009867679328,6352.176261892542
11904.435844985768,15.044927701354027,426.5009867679328,6352.530373385176
11904.50631929189,15.046474577859044,426.5550754945725,6352.530373385176
11905.253031190485,15.046474577859044,426.5550754945725,6352.875267021358
11905.349250618368,15.04870698787272,426.63061731494963,6352.875267021358
11906.645170301199,15.04870698787272,426.63061731494963,6353.317293539643
11909.225977825,15.053448542952538,426.6767357867211,6353.317293539643
11909.854217803106,15.053448542952538,426.6767357867211,6353.690496491268
11909.927349807695,15.05508448369801,426.74030240625143,6353.690496491268
11910.571138717234,15.05508448369801,426.74030240625143,6354.114079443738
11910.695624141023,15.056618863716722,426.81539304740727,6354.114079443738
11911.25866455771,15.056618863716722,426.81539304740727,6354.418456548825
11911.376131141558,15.058180762454867,426.9134900588542,6354.418456548825
11912.296566974372,15.058180762454867,426.9134900588542,6354.7865869980305
11914.623063385487,15.063063563778996,426.99509530700743,6354.7865869980305
11915.408805809915,15.063063563778996,426.99509530700743,6355.293044731021
11915.574101066217,15.064607983455062,427.14913835562766,6355.293044731021
11916.159222355112,15.064607983455062,427.14913835562766,6355.700781922787
11916.293906902894,15.066183093935251,427.27084385603666,6355.700781922787
11917.023487269878,15.066183093935251,427.27084385603666,6356.160702006891
11917.173977866769,15.067664951086044,427.34114729985595,6356.160702006891
11918.050761101767,15.067664951086044,427.34114729985595,6356.791270019487
11920.01397263445,15.072480108588934,427.4208288062364,6356.791270019487
11920.690147217363,15.072480108588934,427.4208288062364,6357.183903936297
11920.861686790362,15.074017938226461,427.535493709147,6357.183903936297
11921.853108532727,15.074017938226461,427.535493709147,6357.686452487484
11921.99878862314,15.075628947466612,427.6482531763613,6357.686452487484
11922.547827694565,15.075628947466612,427.6482531763613,6357.970609933138
11922.629767589271,15.077155634760857,427.71665244549513,6357.970609933138
11923.345613164827,15.077155634760857,427.71665244549513,6358.433482833207
11924.771124325693,15.082139555364847,427.84936646930873,6358.433482833207
11925.425573540851,15.082139555364847,427.84936646930873,6358.911743413657
11925.61133258231,15.083712931722403,428.0030805449933,6358.911743413657
11926.653379432857,15.083712931722403,428.0030805449933,6359.492705717683
11926.729527933523,15.08533876016736,428.066648773849,6359.492705717683
11927.368810171261,15.08533876016736,428.066648773849,6359.969851817936
11927.516135782003,15.087318805977702,428.2002319432795,6359.969851817936
11928.109518680722,15.087318805977702,428.2002319432795,6360.33257878013
11929.552096601576,15.092543981969357,428.2739396467805,6360.33257878013
11930.412645488977,15.092543981969357,428.2739396467805,6360.917214430869
11930.572207260877,15.094297513365746,428.3777177799493,6360.917214430869
11931.399920029566,15.094297513365746,428.3777177799493,6361.513634935021
11931.511313833296,15.095930943265557,428.4239004123956,6361.513634935021
11932.273352684453,15.095930943265557,428.4239004123956,6361.999788647518
11932.342210201547,15.097527351230383,428.4803415220231,6361.999788647518
11933.163299607113,15.097527351230383,428.4803415220231,6362.387012816966
11934.87196913734,15.102558782324195,428.55975772067904,6362.387012816966
11935.772892381996,15.102558782324195,428.55975772067904,6363.042313059792
11935.86067931354,15.104041259735823,428.63327969424427,6363.042313059792
11936.605281725526,15.104041259735823,428.63327969424427,6363.510359983891
11936.814032932743,15.105678427964449,428.70775806345046,6363.510359983891
11937.621009534225,15.105678427964449,428.70775806345046,6363.917041795328
11937.68998847343,15.107241205871105,428.7582709956914,6363.917041795328
11938.268119277433,15.107241205871105,428.7582709956914,6364.19827253744
11941.93071710132,15.112189745530486,428.8681951612234,6364.19827253744
11942.47622449696,15.112189745530486,428.8681951612234,6364.556985255331
11942.59153418243,15.113760655745864,428.96002511680126,6364.556985255331
11943.5442882739,15.113760655745864,428.96002511680126,6365.141054747626
11943.667127855122,15.118186326697469,429.0527441408485,6365.141054747626
11944.252107674256,15.118186326697469,429.0527441408485,6365.4715298600495
11944.392322832718,15.119757665321231,429.160162422806,6365.4715298600495
11945.106715220958,15.119757665321231,429.160162422806,6365.988885965198
11945.900647213683,15.124624675139785,429.3180778045207,6365.988885965198
11946.544521545991,15.124624675139785,429.3180778045207,6366.4451738055795
11946.628653980792,15.12617808394134,429.3926939666271,6366.4451738055795
11947.540082240477,15.12617808394134,429.3926939666271,6367.129015156999
11947.634041925892,15.127768253907561,429.46608122624457,6367.129015156999
11948.278609778732,15.127768253907561,429.46608122624457,6367.575722331181
11948.387064589188,15.129392001777887,429.54687670245767,6367.575722331181
11949.122568842024,15.129392001777887,429.54687670245767,6368.138267859817
11949.873668441549,15.134335704147816,429.687503118068,6368.138267859817
11950.78516739048,15.134335704147816,429.687503118068,6368.823550608009
11950.88145519793,15.13578138872981,429.7603201344609,6368.823550608009
11951.799570115283,15.13578138872981,429.7603201344609,6369.514421790838
11951.90946896188,15.137403380125761,429.84696511738,6369.514421790838
11952.694178346545,15.137403380125761,429.84696511738,6370.005873341113
11952.783683460206,15.138942087069154,429.9229382928461,6370.005873341113
11953.699173869565,15.138942087069154,429.9229382928461,6370.634143741801
11954.760258629918,15.143881097435951,430.06806028075516,6370.634143741801
11955.77700205706,15.143881097435951,430.06806028075516,6371.3256771136075
11955.873903086409,15.145436065271497,430.1511885691434,6371.3256771136075
11956.643065605313,15.145436065271497,430.1511885691434,6371.811506852508
11956.792169198394,15.14701410382986,430.26355125010014,6371.811506852508
11957.676669454202,15.14701410382986,430.26355125010014,6372.282150221989
11957.845548106357,15.150137860327959,430.40339456126094,6372.282150221989
11958.644073111936,15.150137860327959,430.40339456126094,6372.763800043613
11960.661825181916,15.155228115618229,430.4961869660765,6372.763800043613
11961.46886572428,15.155228115618229,430.4961869660765,6373.117766674608
11961.538032697514,15.156975226476789,430.55362965352833,6373.117766674608
11962.287385433912,15.156975226476789,430.55362965352833,6373.535425558686
11962.651321569458,15.158637316897511,430.6337218247354,6373.535425558686
11963.459721865132,15.158637316897511,430.6337218247354,6374.015886919573
11963.51848577708,15.160131884738803,430.682779641822,6374.015886919573
11964.2014936544,15.160131884738803,430.682779641822,6374.365376316011
11967.8064479772,15.164908973500133,430.755379145965,6374.365376316011
11968.794155618176,15.164908973500133,430.755379145965,6374.826753588393
11968.858300836757,15.166423050686717,430.81025940924883,6374.826753588393
11969.628066359088,15.166423050686717,430.81025940924883,6375.46765386872
11969.686404554173,15.167943568900228,430.85600873455405,6375.46765386872
11970.307809727266,15.167943568900228,430.85600873455405,6375.870866607875
11970.377152282745,15.16955716907978,430.9056713897735,6375.870866607875
11971.161574721336,15.16955716907978,430.9056713897735,6376.242660123855
11972.792641965672,15.174358354881406,430.972778884694,6376.242660123855
11973.46671040915,15.174358354881406,430.972778884694,6376.518283234909
11973.542222958058,15.175830192863941,431.03513530269265,6376.518283234909
11974.171792009845,15.175830192863941,431.03513530269265,6376.83075853996
11974.247052203864,15.177403911948204,431.0929711200297,6376.83075853996
11975.098795721307,15.177403911948204,431.0929711200297,6377.263548428193
11975.226904150099,15.17889728024602,431.20467191934586,6377.263548428193
11975.972674872726,15.17889728024602,431.20467191934586,6377.710580887273
11977.739460183308,15.183823399245739,431.28231074661016,6377.710580887273
11978.453723480925,15.183823399245739,431.28231074661016,6378.155697893351
11978.551231462508,15.18538878671825,431.36103194206953,6378.155697893351
11979.060724951327,15.18538878671825,431.36103194206953,6378.462906874716
11979.148667978123,15.186982106417418,431.41851015016437,6378.462906874716
11979.923027614132,15.186982106417418,431.41851015016437,6378.922081176192
11979.988481678069,15.188460452482104,431.46328639797866,6378.922081176192
11980.64118143171,15.188460452482104,431.46328639797866,6379.272652715445
11982.015465008095,15.193311603739858,431.5217836070806,6379.272652715445
11982.850903207436,15.193311603739858,431.5217836070806,6379.774719491601
11982.962594157085,15.194930121302605,431.5729988012463,6379.774719491601
11983.640913758427,15.194930121302605,431.5729988012463,6380.213843908161
11983.700082477182,15.196469048038125,431.6198844667524,6380.213843908161
11984.513134460896,15.196469048038125,431.6198844667524,6380.787217404693
11984.642637534067,15.198078237473965,431.7302766311914,6380.787217404693
11985.36995241046,15.198078237473965,431.7302766311914,6381.1883798874915
11986.848314946517,15.207120699808002,431.8041287083179,6381.1883798874915
11987.68784179166,15.207120699808002,431.8041287083179,6381.68659572117
11987.756405113265,15.20861741527915,431.85867117345333,6381.68659572117
11988.341834599152,15.20861741527915,431.85867117345333,6382.068591032177
11988.528198052198,15.21130771562457,431.94495989754796,6382.068591032177
11989.122721374035,15.21130771562457,431.94495989754796,6382.436698680744
11989.243237834424,15.212890034541488,432.01611495763063,6382.436698680744
11990.155832454562,15.212890034541488,432.01611495763063,6383.039842300117
11993.510443810374,15.21782093308866,432.12288888543844,6383.039842300117
11994.132676858455,15.21782093308866,432.12288888543844,6383.353165190667
11994.190779738128,15.219360349699855,432.17195526883006,6383.353165190667
11994.77972782962,15.219360349699855,432.17195526883006,6383.627684440464
11994.833921937272,15.22083286754787,432.21684386208653,6383.627684440464
11995.579663062468,15.22083286754787,432.21684386208653,6383.914411624894
11995.667139308527,15.22233970835805,432.2871048338711,6383.914411624894
11996.378505794331,15.22233970835805,432.2871048338711,6384.222233781591
11998.940134122968,15.227364052087069,432.372758038342,6384.222233781591
11999.820270409808,15.227364052087069,432.372758038342,6384.703931486234
11999.885216875002,15.229015784338117,432.4176683872938,6384.703931486234
12000.774284224957,15.229015784338117,432.4176683872938,6385.190427456051
12000.878316204995,15.230534680187702,432.5040279831737,6385.190427456051
12001.511515401304,15.230534680187702,432.5040279831737,6385.537448329851
12001.635743241757,15.232052449136972,432.6181058976799,6385.537448329851
12002.409585084766,15.232052449136972,432.6181058976799,6386.033583486453
12003.462529817596,15.23732927814126,432.71353744901717,6386.033583486453
12004.050497062504,15.23732927814126,432.71353744901717,6386.40439972654
12004.12786319293,15.239020770415664,432.7743818387389,6386.40439972654
12004.960722265765,15.239020770415664,432.7743818387389,6387.072480959818
12005.04620095715,15.24084834381938,432.84437815472484,6387.072480959818
12005.877845967188,15.24084834381938,432.84437815472484,6387.554128631949
12005.942551288754,15.242450943216681,432.8896644413471,6387.554128631949
12006.618777014315,15.242450943216681,432.8896644413471,6388.0513349901885
12007.425489669666,15.247239720076323,432.99123120494187,6388.0513349901885
12008.135681943968,15.247239720076323,432.99123120494187,6388.480801682919
12008.264252601191,15.248778028413653,433.10719900019467,6388.480801682919
12009.05757980235,15.248778028413653,433.10719900019467,6389.016973191872
12009.143495189026,15.250303097069263,433.1776178535074,6389.016973191872
12009.75878803432,15.250303097069263,433.1776178535074,6389.423856209964
12009.899948049337,15.25189253501594,433.26342962123454,6389.423856209964
12010.551767690107,15.25189253501594,433.26342962123454,6389.854513170198
12011.403474425897,15.256672568619251,433.3336005117744,6389.854513170198
12011.941316243261,15.256672568619251,433.3336005117744,6390.211722910404
12012.09893519245,15.258143305778503,433.4794442038983,6390.211722910404
12012.507888225839,15.258143305778503,433.4794442038983,6390.491249503568
12012.563878988847,15.2596730645746,433.52585410140455,6390.491249503568
12013.246110873297,15.2596730645746,433.52585410140455,6390.921651830897
12013.334239451215,15.261197704821825,433.6042850334197,6390.921651830897
12013.948380962014,15.261197704821825,433.6042850334197,6391.357155820355
12014.757808117196,15.269465696066618,433.70382387936115,6391.357155820355
12015.465157821774,15.269465696066618,433.70382387936115,6391.869103675708
12015.564949791878,15.271045703440905,433.7836991548538,6391.869103675708
12016.352612089366,15.271045703440905,433.7836991548538,6392.296889973804
12016.46428629011,15.272618422284722,433.8799920324236,6392.296889973804
12017.328064037487,15.272618422284722,433.8799920324236,6392.805995779112
12017.428585480899,15.276154896244407,433.9600931350142,6392.805995779112
12018.570372335613,15.276154896244407,433.9600931350142,6393.525150416419
12020.66727055423,15.281159734353423,434.098368357867,6393.525150416419
12021.254431022331,15.281159734353423,434.098368357867,6393.865308387205
12021.435675742105,15.282741542905569,434.2260393779725,6393.865308387205
12022.334380136803,15.282741542905569,434.2260393779725,6394.498509248719
12022.393451834098,15.284382862970233,434.2753006257117,6394.498509248719
12023.28365922533,15.284382862970233,434.2753006257117,6394.967667993158
12023.377681791782,15.287234203889966,434.3553980663419,6394.967667993158
12024.610894434154,15.287234203889966,434.3553980663419,6395.455015631393
12026.30505188927,15.293425587937236,434.45271447487175,6395.455015631393
12027.036186264828,15.293425587937236,434.45271447487175,6395.893001405522
12027.156570846215,15.295005975291133,434.55178449489176,6395.893001405522
12028.07186165452,15.295005975291133,434.55178449489176,6396.480430610478
12028.179998807609,15.29657120257616,434.6293525900692,6396.480430610478
12029.215832497925,15.29657120257616,434.6293525900692,6397.18740253523
12029.327028095722,15.298121258616447,434.72230700589716,6397.18740253523
12030.18277133815,15.298121258616447,434.72230700589716,6397.794554417953
12031.99337035045,15.30304553732276,434.8301252219826,6397.794554417953
12032.63429527916,15.30304553732276,434.8301252219826,6398.170123852789
12032.734670354053,15.305101403966546,434.89279185794294,6398.170123852789
12033.18082410656,15.305101403966546,434.89279185794294,6398.472284918651
12033.299121225253,15.306666674092412,434.95533759891987,6398.472284918651
12034.151880024001,15.306666674092412,434.95533759891987,6398.994125645608
12034.340916913003,15.30835367552936,435.08127844519913,6398.994125645608
12035.095369856805,15.30835367552936,435.08127844519913,6399.495905585587
12036.558081578463,15.313175542280078,435.18800031393766,6399.495905585587
12037.299786869437,15.313175542280078,435.18800031393766,6399.932996196672
12037.37530916743,15.314714903011918,435.25395311787724,6399.932996196672
12038.129865171388,15.314714903011918,435.25395311787724,6400.362731261179
12038.21183437854,15.316277442499995,435.32502352260053,6400.362731261179
12038.956520194188,15.316277442499995,435.32502352260053,6400.837891956791
12039.089086482301,15.317892663180828,435.4443819820881,6400.837891956791
12039.98583337292,15.317892663180828,435.4443819820881,6401.3643983807415
12041.219216996804,15.322624443098903,435.4970684442669,6401.3643983807415
12041.87582780607,15.322624443098903,435.4970684442669,6401.701508544385
12042.021494193003,15.324379295110703,435.5792810153216,6401.701508544385
12042.79057309404,15.324379295110703,435.5792810153216,6402.155977122486
12042.889090482146,15.325962532311678,435.66089024581015,6402.155977122486
12043.647230502218,15.325962532311678,435.66089024581015,6402.584993183613
12043.73705926165,15.327498929575086,435.7413910627365,6402.584993183613
12044.481627393514,15.327498929575086,435.7413910627365,6403.131498819217
12046.09160861373,15.332288878038526,435.8696920648217,6403.131498819217
12046.975493188947,15.332288878038526,435.8696920648217,6403.719669025391
12047.070240939036,15.333808025345206,435.95162068866193,6403.719669025391
12047.781987162307,15.333808025345206,435.95162068866193,6404.126112995669
12047.872626127675,15.335380343720317,436.02032201364636,6404.126112995669
12048.698056077585,15.335380343720317,436.02032201364636,6404.605996765196
12048.858813080937,15.336933370679617,436.14990757778287,6404.605996765196
12049.536473901942,15.336933370679617,436.14990757778287,6405.055779535323
12051.52674726583,15.341970743611455,436.2454126290977,6405.055779535323
12052.569389058277,15.341970743611455,436.2454126290977,6405.625076849014
12052.692572338507,15.343543263152242,436.3136554155499,6405.625076849014
12053.462163418531,15.343543263152242,436.3136554155499,6406.052293218672
12053.532015031204,15.345087889581919,436.37340767867863,6406.052293218672
12054.432284656912,15.345087889581919,436.37340767867863,6406.499617565423
12054.591092316434,15.34679731912911,436.43561701476574,6406.499617565423
12055.709162725136,15.34679731912911,436.43561701476574,6406.91497768648
12057.902334826067,15.351593047380447,436.5657527409494,6406.91497768648
12058.789139343426,15.351593047380447,436.5657527409494,6407.4966017547995
12058.890966113657,15.353144375607371,436.64586467295885,6407.4966017547995
12060.043373750523,15.353144375607371,436.64586467295885,6407.839660268277
12060.155267393216,15.354702953249216,436.72701597586274,6407.839660268277
12060.88314346224,15.354702953249216,436.72701597586274,6408.216148160398
12061.020764654502,15.356264971196651,436.8423968926072,6408.216148160398
12061.912822229788,15.356264971196651,436.8423968926072,6408.643610414118
12064.396532889456,15.361034197732806,436.9260949920863,6408.643610414118
12065.132350472733,15.361034197732806,436.9260949920863,6408.939514677972
12065.221987830475,15.362591536715627,436.9993283599615,6408.939514677972
12066.043109238148,15.362591536715627,436.9993283599615,6409.269451852888
12066.300100762397,15.364152316004038,437.0585442110896,6409.269451852888
12067.333847502246,15.364152316004038,437.0585442110896,6409.6179896947
12067.445340907201,15.365598041564226,437.1464308742434,6409.6179896947
12068.401932409033,15.365598041564226,437.1464308742434,6409.976915746927
12069.687195504084,15.370489763095975,437.2465752623975,6409.976915746927
12070.664655089378,15.370489763095975,437.2465752623975,6410.623956831172
12070.726203972474,15.372109102085233,437.29688835144043,6410.623956831172
12071.278575414792,15.372109102085233,437.29688835144043,6411.002044934779
12071.401575991884,15.373608350753784,437.4035629890859,6411.002044934779
12072.344718538225,15.373608350753784,437.4035629890859,6411.626077666879
12072.503015536815,15.375169498845935,437.5270723029971,6411.626077666879
12073.137892350554,15.375169498845935,437.5270723029971,6411.973950527608
12074.127217609435,15.38023205846548,437.6276241187006,6411.973950527608
12074.843840153888,15.38023205846548,437.6276241187006,6412.465182265267
12074.989806277677,15.381792029365897,437.74596793949604,6412.465182265267
12075.694786617532,15.381792029365897,437.74596793949604,6412.812373925
12075.81575406529,15.383362717926502,437.85362064279616,6412.812373925
12076.503003031015,15.383362717926502,437.85362064279616,6413.204562995583
12076.62009571679,15.3848946262151,437.95033385790884,6413.204562995583
12077.479611929506,15.3848946262151,437.95033385790884,6413.695453917608
12078.824114086106,15.390012668445706,437.99966043792665,6413.695453917608
12079.618443125859,15.390012668445706,437.99966043792665,6414.344161409885
12079.783706301823,15.391549788415432,438.1474294960499,6414.344161409885
12080.348076185212,15.391549788415432,438.1474294960499,6414.657580802217
12080.468806289136,15.393063627183437,438.2548691369593,6414.657580802217
12081.007272049785,15.393063627183437,438.2548691369593,6415.002921357751
12081.132636697963,15.394609864801168,438.3676079455763,6415.002921357751
12081.82892508991,15.394609864801168,438.3676079455763,6415.534544961527
12082.663023628294,15.399336881935596,438.4208600576967,6415.534544961527
12083.412185583264,15.399336881935596,438.4208600576967,6416.057105010375
12083.56063026376,15.401106353849173,438.5482820738107,6416.057105010375
12084.166283009574,15.401106353849173,438.5482820738107,6416.479766415432
12084.24747973308,15.402660831809044,438.61643721722066,6416.479766415432
12084.810773817822,15.402660831809044,438.61643721722066,6416.869445070624
12084.89090600051,15.404161058366299,438.6869957949966,6416.869445070624
12085.547598237172,15.404161058366299,438.6869957949966,6417.258895330131
12086.253794118762,15.409037848934531,438.8045372888446,6417.258895330131
12086.744324686006,15.409037848934531,438.8045372888446,6417.608152445406
12086.821099137887,15.410577349364758,438.86928864195943,6417.608152445406
12087.51277364418,15.410577349364758,438.86928864195943,6418.153480069712
12087.664144966751,15.412137817591429,438.99820737726986,6418.153480069712
12088.303236033767,15.412137817591429,438.99820737726986,6418.571196306497
12088.456563884392,15.413642143830657,439.1352808494121,6418.571196306497
12089.055757714435,15.413642143830657,439.1352808494121,6419.0360430032015
12089.594662008807,15.418439485132694,439.2640849817544,6419.0360430032015
12090.223585361615,15.418439485132694,439.2640849817544,6419.487485915422
12090.283688290045,15.419959712773561,439.3104979265481,6419.487485915422
12090.951357757673,15.419959712773561,439.3104979265481,6420.050326710567
12091.098089426756,15.421659523621202,439.3932012934238,6420.050326710567
12091.605061814189,15.421659523621202,439.3932012934238,6420.423471795395
12091.701506102458,15.423305083066225,439.4719455316663,6420.423471795395
12092.307578828186,15.423305083066225,439.4719455316663,6420.874630782753
12093.010909557343,15.428207449615002,439.59357483126223,6420.874630782753
12093.893435969949,15.428207449615002,439.59357483126223,6421.55235363543
12093.983840430155,15.429747546091676,439.66413122043014,6421.55235363543
12094.68919341825,15.429747546091676,439.66413122043014,6422.039030238986
12094.75766075775,15.43120701238513,439.71943986043334,6422.039030238986
12095.237000057474,15.43120701238513,439.71943986043334,6422.3996142130345
12095.304253494367,15.432703610509634,439.7773250080645,6422.3996142130345
12095.77710409835,15.432703610509634,439.7773250080645,6422.7310853526
12096.371597561985,15.437588540837169,439.8267000876367,6422.7310853526
12096.993358641863,15.437588540837169,439.8267000876367,6423.219326166436
12097.067872811109,15.439094377681613,439.8921789508313,6423.219326166436
12097.567269977182,15.439094377681613,439.8921789508313,6423.590694945306
12097.71601254493,15.441155903041363,440.02239700593054,6423.590694945306
12098.463238475844,15.441155903041363,440.02239700593054,6424.2043521776795
12098.53618240729,15.442621789872646,440.08613552711904,6424.2043521776795
12099.000093085691,15.442621789872646,440.08613552711904,6424.539601758122
12099.581844598055,15.447615932673216,440.1859958190471,6424.539601758122
12100.06360582076,15.447615932673216,440.1859958190471,6424.880712136626
12100.130904221907,15.44913792796433,440.24215878359973,6424.880712136626
12100.54647731781,15.44913792796433,440.24215878359973,6425.190818946809
12100.620667342097,15.450626846402884,440.3042194340378,6425.190818946809
12101.10434890166,15.450626846402884,440.3042194340378,6425.543361732736
12101.162762597203,15.452171415090561,440.3502163439989,6425.543361732736
12101.866457406431,15.452171415090561,440.3502163439989,6426.104743247852
12102.384168924764,15.456960743293166,440.44992600381374,6426.104743247852
12102.932169890031,15.456960743293166,440.44992600381374,6426.473262626678
12103.004526801407,15.45840455032885,440.50854052230716,6426.473262626678
12103.505715671927,15.45840455032885,440.50854052230716,6426.830884765834
12103.575832471251,15.45994264818728,440.56984403915703,6426.830884765834
12104.053168345243,15.45994264818728,440.56984403915703,6427.204026907682
12104.110297597945,15.461598627269268,440.61402967758477,6427.204026907682
12104.630512205884,15.461598627269268,440.61402967758477,6427.542085397989
12105.36275113374,15.46663230098784,440.6730356942862,6427.542085397989
12105.849693844095,15.46663230098784,440.6730356942862,6427.881687937304
12105.927162207663,15.468166541308165,440.7282338514924,6427.881687937304
12106.62880356796,15.468166541308165,440.7282338514924,6428.39498699829
12106.735996292904,15.469627305865288,440.8130185995251,6428.39498699829
12107.49864012748,15.469627305865288,440.8130185995251,6428.912349943072
12107.599047489464,15.471150286495686,440.89232368022203,6428.912349943072
12108.103673893958,15.471150286495686,440.89232368022203,6429.235032754019
12109.11886276491,15.476012667641044,440.9488297905773,6429.235032754019
12109.661870539188,15.476012667641044,440.9488297905773,6429.577664868906
12109.7807328403,15.477562826126814,441.0548713877797,6429.577664868906
12110.435666138306,15.477562826126814,441.0548713877797,6430.040869694203
12110.5442640502,15.479090433567762,441.1502997390926,6430.040869694203
12111.220389701426,15.479090433567762,441.1502997390926,6430.537695795298
12111.324674645439,15.480668194591999,441.23632315918803,6430.537695795298
12112.03043791093,15.480668194591999,441.23632315918803,6431.010501407087
12112.695807185024,15.48555113375187,441.3135302271694,6431.010501407087
12113.251382989809,15.48555113375187,441.3135302271694,6431.362487912178
12113.320539291948,15.487136540934443,441.37343501858413,6431.362487912178
12113.830504352227,15.487136540934443,441.37343501858413,6431.7356495931745
12113.900821596384,15.48866942897439,441.4346845857799,6431.7356495931745
12114.553860196844,15.48866942897439,441.4346845857799,6432.101816089824
12114.674187405035,15.490210089832544,441.5351958516985,6432.101816089824
12115.190072514117,15.490210089832544,441.5351958516985,6432.452564463019
12115.673576589674,15.495024317875504,441.5967421643436,6432.452564463019
12116.165180524811,15.495024317875504,441.5967421643436,6432.8049619253725
12116.232059165835,15.496525157243013,441.6503449641168,6432.8049619253725
12116.8333801236,15.496525157243013,441.6503449641168,6433.25693419762
12116.904245078564,15.498391160741448,441.70864858850837,6433.25693419762
12117.439421087503,15.498391160741448,441.70864858850837,6433.614701395854
12117.523829517886,15.500950338318944,441.77311108633876,6433.614701395854
12118.042569689453,15.500950338318944,441.77311108633876,6433.958455013111
12118.656009757891,15.506279723718762,441.8266790341586,6433.958455013111
12119.175461081788,15.506279723718762,441.8266790341586,6434.321581911296
12119.323323192075,15.5078189317137,441.9349080771208,6434.321581911296
12119.854650842026,15.5078189317137,441.9349080771208,6434.700936447829
12119.929783623666,15.50973198749125,441.99462671764195,6434.700936447829
12120.363979740068,15.50973198749125,441.99462671764195,6435.01218213141
12120.427994569764,15.511309185996652,442.04937383532524,6435.01218213141
12120.968054490164,15.511309185996652,442.04937383532524,6435.321558792144
12121.767712278292,15.520275110378861,442.13383494876325,6435.321558792144
12122.52467829734,15.520275110378861,442.13383494876325,6435.845562679693
12122.59447379224,15.521756099537015,442.1848866622895,6435.845562679693
12123.156982809305,15.521756099537015,442.1848866622895,6436.196154521778
12123.239643959329,15.523462941870093,442.24040633812547,6436.196154521778
12123.796421773732,15.523462941870093,442.24040633812547,6436.5733971484005
12123.881693150848,15.524979136884212,442.30011669918895,6436.5733971484005
12124.356795866042,15.524979136884212,442.30011669918895,6436.883856184781
12124.972220981494,15.52986290678382,442.360328130424,6436.883856184781
12125.492169514298,15.52986290678382,442.360328130424,6437.249325947836
12125.57024184987,15.531406562775373,442.4245231617242,6437.249325947836
12126.096900813282,15.531406562775373,442.4245231617242,6437.643233530223
12126.18794725649,15.53294238075614,442.5059297569096,6437.643233530223
12126.852089760825,15.53294238075614,442.5059297569096,6438.131145639345
12126.952343041077,15.534577248618007,442.59236713685095,6438.131145639345
12127.42074694112,15.534577248618007,442.59236713685095,6438.455289678648
12128.154524737969,15.539523227140307,442.6508555151522,6438.455289678648
12128.651146134362,15.539523227140307,442.6508555151522,6438.769038006663
12128.736346662045,15.541044134646654,442.71791612915695,6438.769038006663
12129.408862277865,15.541044134646654,442.71791612915695,6439.288217062131
12129.479859473184,15.542515773326159,442.78010191209614,6439.288217062131
12129.968156808987,15.542515773326159,442.78010191209614,6439.634992713109
12130.059096598998,15.54405640438199,442.8543679751456,6439.634992713109
12130.622315371409,15.54405640438199,442.8543679751456,6440.017234172672
12131.452728632838,15.548932783305645,442.9672089442611,6440.017234172672
12132.288929929957,15.548932783305645,442.9672089442611,6440.640201127157
12132.367448901758,15.550425130873919,443.0363857578486,6440.640201127157
12132.826375329867,15.550425130873919,443.0363857578486,6440.942635478452
12132.92474903725,15.552381586283445,443.1144759617746,6440.942635478452
12133.440407101065,15.552381586283445,443.1144759617746,6441.316084748134
12133.512663029134,15.55391700193286,443.1766783669591,6441.316084748134
12134.179932121187,15.55391700193286,443.1766783669591,6441.7516720891
12134.934404695407,15.563001919537783,443.27295020595193,6441.7516720891
12135.536587050185,15.563001919537783,443.27295020595193,6442.146119860932
12135.615771755576,15.564538648352027,443.33893563970923,6442.146119860932
12136.246086914092,15.564538648352027,443.33893563970923,6442.508276933804
12136.34906980209,15.566093435510993,443.40610722638667,6442.508276933804
12136.836992010474,15.566093435510993,443.40610722638667,6442.841956494376
12136.903274841607,15.567603413015604,443.4632479492575,6442.841956494376
12137.440505810082,15.567603413015604,443.4632479492575,6443.207586359233
12138.265303848311,15.572426902130246,443.52337544970214,6443.207586359233
12138.975478053093,15.572426902130246,443.52337544970214,6443.678390005603
12139.08425386995,15.573978813365102,443.5938085447997,6443.678390005603
12139.589949209243,15.573978813365102,443.5938085447997,6444.0319458805025
12139.65913147293,15.57543003745377,443.6513150651008,6444.0319458805025
12140.13340039365,15.57543003745377,443.6513150651008,6444.359834026545
12140.205835845321,15.576946137472987,443.7107498012483,6444.359834026545
12140.740896543488,15.576946137472987,443.7107498012483,6444.7148628383875
12141.374656192958,15.582002349197865,443.81291829794645,6444.7148628383875
12141.93850611709,15.582002349197865,443.81291829794645,6445.07657899335
12142.025843733922,15.585172165185213,443.8846835568547,6445.07657899335
12142.442196764052,15.585172165185213,443.8846835568547,6445.373243318871
12142.560492552817,15.58664988167584,443.9939948618412,6445.373243318871
12143.03673700802,15.58664988167584,443.9939948618412,6445.711205199361
12143.107950678095,15.58823755197227,444.05596807412803,6445.711205199361
12143.607820563018,15.58823755197227,444.05596807412803,6446.068314298987
12144.232794133946,15.593116072937846,444.15680973418057,6446.068314298987
12144.759724793956,15.593116072937846,444.15680973418057,6446.432444546372
12144.84594550915,15.594650581479073,444.2174789030105,6446.432444546372
12145.496218450367,15.594650581479073,444.2174789030105,6446.853989101946
12145.583341741934,15.59627427905798,444.2776442207396,6446.853989101946
12146.26299043931,15.59627427905798,444.2776442207396,6447.350112039596
12146.363343901932,15.597811626270413,444.3559055086225,6447.350112039596
12146.952478226274,15.597811626270413,444.3559055086225,6447.7380807846785
12147.545672638342,15.602745905518532,444.4155040066689,6447.7380807846785
12148.095907421783,15.602745905518532,444.4155040066689,6448.148253632709
12148.160719685256,15.604218943044543,444.46834432147443,6448.148253632709
12148.879686061293,15.604218943044543,444.46834432147443,6448.61212772131
12148.95427682437,15.605824302881956,444.5308586023748,6448.61212772131
12149.443429512903,15.605824302881956,444.5308586023748,6448.934768173844
12149.522705072537,15.607404079288244,444.5952052157372,6448.934768173844
12150.10560249351,15.607404079288244,444.5952052157372,6449.347523469478
12150.65245567821,15.612404759973288,444.6492496728897,6449.347523469478
12151.122977508232,15.612404759973288,444.6492496728897,6449.698362065479
12151.188294429332,15.613867437466979,444.70584902726114,6449.698362065479
12151.64674570039,15.613867437466979,444.70584902726114,6450.041395837441
12151.716650916263,15.615369245409966,444.7628407590091,6450.041395837441
12152.252999138087,15.615369245409966,444.7628407590091,6450.39142597653
12152.332896657288,15.616893973201513,444.8297882117331,6450.39142597653
12152.819191984832,15.616893973201513,444.8297882117331,6450.7397167645395
12153.333091406152,15.621745800599456,444.8904385883361,6450.7397167645395
12153.868094624951,15.621745800599456,444.8904385883361,6451.085603768006
12153.95116222091,15.623280657455325,444.95633015036583,6451.085603768006
12154.481458993629,15.623280657455325,444.95633015036583,6451.475575648248
12154.551198415458,15.62472029402852,445.0171931013465,6451.475575648248
12155.030598897487,15.62472029402852,445.0171931013465,6451.821271488443
12155.100285509601,15.627235719934106,445.0760417468846,6451.821271488443
12155.62247832492,15.627235719934106,445.0760417468846,6452.201070373878
12156.30468416959,15.632138447836041,445.1423417273909,6452.201070373878
12156.945687342435,15.632138447836041,445.1423417273909,6452.621308404952
12157.014768542722,15.633589543402195,445.20111822895706,6452.621308404952
12157.565246813,15.633589543402195,445.20111822895706,6453.023289272562
12157.619882829487,15.635146854445338,445.2463436257094,6453.023289272562
12158.311047010124,15.635146854445338,445.2463436257094,6453.48586223647
12158.43528357707,15.636675462126732,445.35760872624815,6453.48586223647
12158.89758447744,15.636675462126732,445.35760872624815,6453.8210891168565
12159.539357244968,15.642646370455623,445.4522510673851,6453.8210891168565
12160.248275227845,15.642646370455623,445.4522510673851,6454.344426540658
12160.306754833087,15.644108947366476,445.5016607269645,6454.344426540658
12160.892269333825,15.644108947366476,445.5016607269645,6454.749784031883
12160.974331561476,15.645679477602243,445.5729589909315,6454.749784031883
12161.566863529384,15.645679477602243,445.5729589909315,6455.098419276997
12161.629228420556,15.647225918248296,445.62305882386863,6455.098419276997
12162.17661758326,15.647225918248296,445.62305882386863,6455.456013636664
12163.022496426478,15.652102500200272,445.6699835304171,6455.456013636664
12163.661288989708,15.652102500200272,445.6699835304171,6455.851631768048
12163.744910525158,15.653603265061975,445.7369211129844,6455.851631768048
12164.263126697391,15.653603265061975,445.7369211129844,6456.186656374484
12164.390927240252,15.655224123969674,445.8329841364175,6456.186656374484
12164.986778717488,15.655224123969674,445.8329841364175,6456.537590652704
12165.052348446101,15.65671961195767,445.88513527810574,6456.537590652704
12165.660613588989,15.65671961195767,445.88513527810574,6456.9461498539895
12166.382498102263,15.661678601056337,445.9686718452722,6456.9461498539895
12167.049899626523,15.661678601056337,445.9686718452722,6457.284385140985
12167.11459719576,15.66324339993298,446.01979269087315,6457.284385140985
12167.920630732551,15.66324339993298,446.01979269087315,6457.842625144869
12167.998358421028,15.6648675724864,446.0847599171102,6457.842625144869
12168.5512159653,15.6648675724864,446.0847599171102,6458.204413531348
12168.616458075121,15.666429633274674,446.1338929235935,6458.204413531348
12169.239484349266,15.666429633274674,446.1338929235935,6458.565499482676
12170.113128041849,15.671391114592552,446.1933258008212,6458.565499482676
12170.795299034566,15.671391114592552,446.1933258008212,6458.9987971726805
12170.937859807163,15.672849329188466,446.3038811199367,6458.9987971726805
12171.403158381581,15.672849329188466,446.3038811199367,6459.310117647052
12171.485600518063,15.674336064606905,446.3643736857921,6459.310117647052
12172.044742865488,15.674336064606905,446.3643736857921,6459.652684371918
12172.115816723555,15.675857273861766,446.42312764935195,6459.652684371918
12172.660677611828,15.675857273861766,446.42312764935195,6459.98954260163
12173.335842708126,15.680742813274264,446.47930312529206,6459.98954260163
12173.801944358274,15.680742813274264,446.47930312529206,6460.301851803437
12173.873134788126,15.682258060202003,446.52754556387663,6460.301851803437
12174.351868348196,15.682258060202003,446.52754556387663,6460.608329677954
12174.479350725189,15.683783037588,446.6078936420381,6460.608329677954
12175.02071559988,15.683783037588,446.6078936420381,6460.964679006487
12175.078415840864,15.685349205508828,446.6563822776079,6460.964679006487
12175.618787849322,15.685349205508828,446.6563822776079,6461.347217630595
12176.422349039465,15.690404376015067,446.74487567320466,6461.347217630595
12177.006618717685,15.690404376015067,446.74487567320466,6461.720167990774
12177.092872262001,15.691930912435055,446.8137939404696,6461.720167990774
12177.720785066485,15.691930912435055,446.8137939404696,6462.135159773752
12177.797641698271,15.693496160209179,446.8751906827092,6462.135159773752
12178.471628524363,15.693496160209179,446.8751906827092,6462.533564498648
12178.526009766385,15.69503595866263,446.9201584234834,6462.533564498648
12179.245139915496,15.69503595866263,446.9201584234834,6463.0141015108675
12179.959673849866,15.700783144682646,446.97864194214344,6463.0141015108675
12180.529693549499,15.700783144682646,446.97864194214344,6463.368012541905
12180.612879006192,15.702502716332674,447.04784206673503,6463.368012541905
12181.165538726375,15.702502716332674,447.04784206673503,6463.800953956321
12181.231325577945,15.704066686332226,447.09706383384764,6463.800953956321
12181.721451018006,15.704066686332226,447.09706383384764,6464.127004759386
12181.846328224987,15.705632546916604,447.1805826574564,6464.127004759386
12182.29326353781,15.705632546916604,447.1805826574564,6464.451265498996
12182.909912554547,15.710653217509389,447.2387089766562,6464.451265498996
12183.372281918302,15.710653217509389,447.2387089766562,6464.790371548384
12183.462616626173,15.712144002318382,447.3089379481971,6464.790371548384
12184.012720337138,15.712144002318382,447.3089379481971,6465.212743550539
12184.092544445768,15.713636288419366,447.3795389086008,6465.212743550539
12184.799353901297,15.713636288419366,447.3795389086008,6465.6913089659065
12184.868181098253,15.715205328539014,447.43916416727006,6465.6913089659065
12185.458683237433,15.715205328539014,447.43916416727006,6466.046868177131
12186.102835178375,15.720374211668968,447.49622485227883,6466.046868177131
12186.813680337742,15.720374211668968,447.49622485227883,6466.563897388056
12186.887509914115,15.722807625308633,447.55696422979236,6466.563897388056
12187.475150324404,15.722807625308633,447.55696422979236,6466.9498125929385
12187.559356821701,15.72437010332942,447.620016053319,6466.9498125929385
12188.132750330493,15.72437010332942,447.620016053319,6467.304055951536
12188.23941549845,15.72696023248136,447.68831249140203,6467.304055951536
12188.917847543955,15.72696023248136,447.68831249140203,6467.705713044852
12189.848198778927,15.73218976892531,447.7326950132847,6467.705713044852
12190.373172784224,15.73218976892531,447.7326950132847,6468.070257430896
12190.45422810316,15.73369867540896,447.79960815794766,6468.070257430896
12191.034761413932,15.73369867540896,447.79960815794766,6468.3927500303835
12191.100038774312,15.735177420079708,447.84926194511354,6468.3927500303835
12191.846259750426,15.735177420079708,447.84926194511354,6468.829011185095
12191.925881640986,15.73677909001708,447.9107708595693,6468.829011185095
12192.490076903254,15.73677909001708,447.9107708595693,6469.236417444423
12193.144145352766,15.747129123657942,448.0163986478001,6469.236417444423
12193.893339643255,15.747129123657942,448.0163986478001,6469.701948873699
12193.98847112991,15.748653212562203,448.0867434926331,6469.701948873699
12194.476604301482,15.748653212562203,448.0867434926331,6470.051522478461
12194.577111948282,15.750158220529556,448.17088181711733,6470.051522478461
12195.194066341966,15.750158220529556,448.17088181711733,6470.474355429411
12195.263602741063,15.751695599406958,448.22734913788736,6470.474355429411
12195.789026394486,15.751695599406958,448.22734913788736,6470.873976364732
12196.312594842166,15.756525836884975,448.2971849925816,6470.873976364732
12196.949928110465,15.756525836884975,448.2971849925816,6471.276444332674
12197.04135426879,15.758013075217605,448.36607091128826,6471.276444332674
12197.511843997985,15.758013075217605,448.36607091128826,6471.620527816936
12197.580512331799,15.759465100243688,448.42171785980463,6471.620527816936
12198.04957067594,15.759465100243688,448.42171785980463,6471.957462396473
12198.112889692187,15.76097383722663,448.4720256384462,6471.957462396473
12198.588281812146,15.76097383722663,448.4720256384462,6472.2947460226715
12199.04884708114,15.765990590676665,448.559113278985,6472.2947460226715
12199.555131493136,15.765990590676665,448.559113278985,6472.668707050383
12199.631308786571,15.767616350203753,448.62579259462655,6472.668707050383
12200.152437610552,15.767616350203753,448.62579259462655,6473.037078524008
12200.227502329275,15.76929253153503,448.69060558639467,6473.037078524008
12200.72391807288,15.76929253153503,448.69060558639467,6473.401250515133
12200.802239000797,15.771126626059413,448.75544125027955,6473.401250515133
12201.273608850315,15.771126626059413,448.75544125027955,6473.758051117882
12202.197009118274,15.776110431179404,448.84387133456767,6473.758051117882
12202.890505449846,15.776110431179404,448.84387133456767,6474.2409311831
12202.990513024852,15.777893483638763,448.93061918765306,6474.2409311831
12203.619922045618,15.777893483638763,448.93061918765306,6474.655926320702
12203.724708570167,15.779431851580739,449.02152863517404,6474.655926320702
12204.243191106245,15.779431851580739,449.02152863517404,6475.062411321327
12204.308686962351,15.780964327976108,449.07773924060166,6475.062411321327
12204.758848322555,15.780964327976108,449.07773924060166,6475.383106146008
12205.651703054085,15.785830158740282,449.15137786604464,6475.383106146008
12206.392711961642,15.785830158740282,449.15137786604464,6475.919533949345
12206.478082101792,15.787584150210023,449.2227647397667,6475.919533949345
12207.097635030746,15.787584150210023,449.2227647397667,6476.35484033823
12207.167249793187,15.789178689941764,449.28168842568994,6476.35484033823
12207.669815476984,15.789178689941764,449.28168842568994,6476.709904070944
12207.738918470219,15.790744019672275,449.34142987802625,6476.709904070944
12208.219946634024,15.790744019672275,449.34142987802625,6477.054043445736
12208.782090906054,15.795694779604673,449.40575076267123,6477.054043445736
12209.344006935135,15.795694779604673,449.40575076267123,6477.385885287076
12209.430977733806,15.797223016619682,449.4830602146685,6477.385885287076
12210.043285652995,15.797223016619682,449.4830602146685,6477.810321407393
12210.11081474647,15.798883877694607,449.53789641708136,6477.810321407393
12210.616440566257,15.798883877694607,449.53789641708136,6478.172740975395
12210.686776991934,15.800432734191418,449.59914817661047,6478.172740975395
12211.169525366277,15.800432734191418,449.59914817661047,6478.51942980662
12211.810983316973,15.80550260283053,449.65593296289444,6478.51942980662
12212.440907128155,15.80550260283053,449.65593296289444,6478.930583914742
12212.548927789554,15.807197852060199,449.7515924908221,6478.930583914742
12213.224428161979,15.807197852060199,449.7515924908221,6479.446245998144
12213.33158705011,15.808808712288737,449.84432048536837,6479.446245998144
12214.056463934481,15.808808712288737,449.84432048536837,6479.91502545774
12214.122235665098,15.810454433783889,449.9006911739707,6479.91502545774
12214.611315933987,15.810454433783889,449.9006911739707,6480.248795831576
12215.1962786261,15.815187500789762,449.9678115621209,6480.248795831576
12215.700496869162,15.815187500789762,449.9678115621209,6480.588563865051
12215.78885968402,15.817070914432406,450.03970092721283,6480.588563865051
12216.428512962535,15.817070914432406,450.03970092721283,6480.931452488527
12216.545467397198,15.818772666156292,450.13338377699256,6480.931452488527
12217.144215820357,15.818772666156292,450.13338377699256,6481.384623652324
12217.214775158092,15.820403715595603,450.1873010881245,6481.384623652324
12217.907996306196,15.820403715595603,450.1873010881245,6481.780779374763
12219.055965613574,15.827723268419504,450.30389779806137,6481.780779374763
12219.775588022545,15.827723268419504,450.30389779806137,6482.216625813395
12219.877014813945,15.829349588602781,450.38119736872613,6482.216625813395
12220.51834732294,15.829349588602781,450.38119736872613,6482.6318284235895
12220.638981778175,15.830997001379728,450.49127458781004,6482.6318284235895
12221.423777345568,15.830997001379728,450.49127458781004,6483.182512976229
12221.513141097501,15.83256034180522,450.5649245008826,6483.182512976229
12222.21141863428,15.83256034180522,450.5649245008826,6483.6731992755085
12223.272723861039,15.837600644677877,450.62336417660117,6483.6731992755085
12224.002419743687,15.837600644677877,450.62336417660117,6484.147107616067
12224.096158064902,15.839342689141631,450.7073204815388,6484.147107616067
12224.820547642186,15.839342689141631,450.7073204815388,6484.620968116447
12224.96689097397,15.84096385911107,450.82069950923324,6484.620968116447
12225.643371125683,15.84096385911107,450.82069950923324,6485.046647807583
12225.751728082076,15.842565558850765,450.9154746197164,6485.046647807583
12226.405876945704,15.842565558850765,450.9154746197164,6485.524831697345
12227.47559747845,15.8474773298949,450.9917244911194,6485.524831697345
12227.990056319162,15.8474773298949,450.9917244911194,6485.888763712719
12228.069837918505,15.849017977714539,451.0619827620685,6485.888763712719
12228.677936689928,15.849017977714539,451.0619827620685,6486.264133043587
12228.741067850962,15.850628467276692,451.11171680130064,6486.264133043587
12229.211043434218,15.850628467276692,451.11171680130064,6486.596538534388
12229.297157954425,15.852196315303445,451.1737593524158,6486.596538534388
12229.823122298345,15.852196315303445,451.1737593524158,6486.933498267084
12230.81365337409,15.860008088871837,451.2599284760654,6486.933498267084
12231.382277006283,15.860008088871837,451.2599284760654,6487.323229983449
12231.468800053,15.8616932220757,451.33259387500584,6487.323229983449
12232.065685961396,15.8616932220757,451.33259387500584,6487.755023516715
12232.197135793045,15.863284898921847,451.4303681794554,6487.755023516715
12232.860451884568,15.863284898921847,451.4303681794554,6488.231828613207
12232.933428324759,15.864933609962463,451.48959500156343,6488.231828613207
12233.67298712954,15.864933609962463,451.48959500156343,6488.738159697503
12234.545861504972,15.874515594914556,451.5614439006895,6488.738159697503
12235.174583733082,15.874515594914556,451.5614439006895,6489.150568233803
12235.267199644819,15.876127514988184,451.63413397595286,6489.150568233803
12235.9639353659,15.876127514988184,451.63413397595286,6489.562363013625
12236.026768645272,15.877726623788476,451.68350356817245,6489.562363013625
12236.534310309216,15.877726623788476,451.68350356817245,6489.897383240983
12236.623121034354,15.879340114071965,451.75933604314923,6489.897383240983
12237.177435273305,15.879340114071965,451.75933604314923,6490.313475677744
12237.84493044205,15.884280553087592,451.8692914918065,6490.313475677744
12238.538587765768,15.884280553087592,451.8692914918065,6490.845600832254
12238.616607800126,15.886546846479177,451.929200604558,6490.845600832254
12239.181591235101,15.886546846479177,451.929200604558,6491.281090576202
12239.264575961977,15.88826452754438,451.99135305918753,6491.281090576202
12239.764160992578,15.88826452754438,451.99135305918753,6491.636516354978
12239.844262866303,15.889874767512083,452.06178815476596,6491.636516354978
12240.268240954727,15.889874767512083,452.06178815476596,6491.948739444837
12240.970832793042,15.8948411680758,452.12986514903605,6491.948739444837
12241.436225609854,15.8948411680758,452.12986514903605,6492.28783935681
12241.505525775254,15.896437207236886,452.186133146286,6492.28783935681
12241.962697001174,15.896437207236886,452.186133146286,6492.617874333635
12242.04176860489,15.89805399812758,452.24774756096303,6492.617874333635
12242.493663446978,15.89805399812758,452.24774756096303,6492.903596311808
12242.571335306391,15.899747489020228,452.30871954374015,6492.903596311808
12243.116670453921,15.899747489020228,452.30871954374015,6493.255919883028
12243.865738648921,15.904731621965766,452.41502376273274,6493.255919883028
12244.528332045302,15.904731621965766,452.41502376273274,6493.7040141727775
12244.660524480045,15.906332472339272,452.5312157943845,6493.7040141727775
12245.177076971158,15.906332472339272,452.5312157943845,6494.074964545667
12245.251462079585,15.907930482178926,452.59228698164225,6494.074964545667
12245.75173392333,15.907930482178926,452.59228698164225,6494.447720671073
12245.819903217256,15.909525031223893,452.6508639100939,6494.447720671073
12246.3117553778,15.909525031223893,452.6508639100939,6494.7733305469155
12246.940945485607,15.91464040800929,452.6995309498161,6494.7733305469155
12247.414291068912,15.91464040800929,452.6995309498161,6495.106680594385
12247.484819145873,15.916142787784338,452.7598717585206,6495.106680594385
12248.032732909545,15.916142787784338,452.7598717585206,6495.465580916032
12248.11879426241,15.91784249059856,452.83276052959263,6495.465580916032
12248.72130793333,15.91784249059856,452.83276052959263,6495.920191595331
12248.779763679951,15.919419510290027,452.8816957734525,6495.920191595331
12249.259090691805,15.919419510290027,452.8816957734525,6496.258371969685
12249.980031184852,15.924248825758696,452.95715511217713,6496.258371969685
12250.505126051605,15.924248825758696,452.95715511217713,6496.586142143235
12250.564471745864,15.925906546413898,453.00682556815445,6496.586142143235
12251.200553368777,15.925906546413898,453.00682556815445,6497.054742649198
12251.273647973314,15.927479546517134,453.0690839346498,6497.054742649198
12251.783503493294,15.927479546517134,453.0690839346498,6497.395102223381
12251.870704133064,15.929072506725788,453.14036981388927,6497.395102223381
12252.346116226166,15.929072506725788,453.14036981388927,6497.735238272697
12253.072717351839,15.933864682912827,453.31933340989053,6497.735238272697
12253.664275201038,15.933864682912827,453.31933340989053,6498.12399360165
12253.73927500099,15.93551979213953,453.3840002901852,6498.12399360165
12254.428777001798,15.93551979213953,453.3840002901852,6498.551252210513
12254.493095126003,15.937135871499777,453.43901510350406,6498.551252210513
12255.020629636943,15.937135871499777,453.43901510350406,6498.8973352294415
12255.096424208954,15.938733199611306,453.50440821796656,6498.8973352294415
12255.622339300811,15.938733199611306,453.50440821796656,6499.2727619335055
12256.316629489884,15.943783964961767,453.6083477344364,6499.2727619335055
12257.003564201295,15.943783964961767,453.6083477344364,6499.7353360001
12257.081672098488,15.945395244285464,453.6757183242589,6499.7353360001
12257.725713778287,15.945395244285464,453.6757183242589,6500.182080317289
12257.803973255679,15.94697768241167,453.73438790626824,6500.182080317289
12258.328672515228,15.94697768241167,453.73438790626824,6500.547075454146
12258.410010229796,15.948631035163999,453.8026498313993,6500.547075454146
12258.914813548326,15.948631035163999,453.8026498313993,6500.918509425595
12259.585385281593,15.953605893999338,453.870966412127,6500.918509425595
12260.14738413319,15.953605893999338,453.870966412127,6501.331896914169
12260.224698293954,15.955279015004635,453.9347934573889,6501.331896914169
12260.744913421571,15.955279015004635,453.9347934573889,6501.727950932458
12260.814860548824,15.956846943125129,453.99500181525946,6501.727950932458
12261.414363585413,15.956846943125129,453.99500181525946,6502.1085402704775
12261.494391046464,15.958385951817036,454.06253714859486,6502.1085402704775
12261.972412545234,15.958385951817036,454.06253714859486,6502.458350848407
12262.624588731676,15.963470038026571,454.14253968186677,6502.458350848407
12263.171895544976,15.963470038026571,454.14253968186677,6502.824335880578
12263.255700966343,15.966201877221465,454.21500314585865,6502.824335880578
12263.72688254714,15.966201877221465,454.21500314585865,6503.153413128108
12263.809540897608,15.967792946845293,454.2825401686132,6503.153413128108
12264.383637109771,15.967792946845293,454.2825401686132,6503.536860959604
12264.446243673563,15.969389494508505,454.3326972629875,6503.536860959604
12264.967450678349,15.969389494508505,454.3326972629875,6503.872911885381
12265.701176935807,15.974502447992563,454.39074713364244,6503.872911885381
12266.25450341776,15.974502447992563,454.39074713364244,6504.248537195846
12266.34693679586,15.976119875907898,454.4702979288995,6504.248537195846
12267.145150698721,15.976119875907898,454.4702979288995,6504.799106718972
12267.252153323963,15.977862246334553,454.55650895275176,6504.799106718972
12267.96475431323,15.977862246334553,454.55650895275176,6505.336294356734
12268.036685908213,15.979438416659832,454.6187208350748,6505.336294356734
12268.600777357817,15.979438416659832,454.6187208350748,6505.681207112968
12269.314644191414,15.984422508627176,454.7178873643279,6505.681207112968
12269.913090758026,15.984422508627176,454.7178873643279,6506.112066138536
12269.992215661332,15.986294033005834,454.78694609738886,6506.112066138536
12270.671461813152,15.986294033005834,454.78694609738886,6506.561257010326
12270.83300666511,15.988127067685127,454.9133388660848,6506.561257010326
12271.380631733686,15.988127067685127,454.9133388660848,6506.900782991201
12271.459712205455,15.989655027166009,454.9791397675872,6506.900782991201
12272.16903001815,15.989655027166009,454.9791397675872,6507.418849632144
12273.018646281213,15.994961543008685,455.0857918635011,6507.418849632144
12273.565089717507,15.994961543008685,455.0857918635011,6507.8380844555795
12273.637802315876,15.99656261317432,455.1485025174916,6507.8380844555795
12274.205026771873,15.99656261317432,455.1485025174916,6508.245574215427
12274.292881585658,15.998221984133124,455.22408369742334,6508.245574215427
12274.825163193047,15.998221984133124,455.22408369742334,6508.634323012084
12274.939041083679,15.999893432483077,455.324987731874,6508.634323012084
12275.588205344975,15.999893432483077,455.324987731874,6509.109211714938
12276.162178765982,16.004898242652416,455.4299137368798,6509.109211714938
12276.848842583597,16.004898242652416,455.4299137368798,6509.565450966358
12276.975278900936,16.006670527160168,455.5289682056755,6509.565450966358
12277.615383990109,16.006670527160168,455.5289682056755,6509.994683651254
12277.682476505637,16.008304607123137,455.578660864383,6509.994683651254
12278.200368782505,16.008304607123137,455.578660864383,6510.346823811531
12278.281994489953,16.009895525872707,455.6458128672093,6510.346823811531
12278.929709037766,16.009895525872707,455.6458128672093,6510.858351690695
12280.097793413326,16.014819474890828,455.69879750721157,6510.858351690695
12280.569111581892,16.014819474890828,455.69879750721157,6511.194884426892
12280.654297456145,16.016424112021923,455.76378197595477,6511.194884426892
12281.253456154838,16.016424112021923,455.76378197595477,6511.595458930358
12281.33491319418,16.018036572262645,455.82153978198767,6511.595458930358
12281.904171157628,16.018036572262645,455.82153978198767,6511.974818257615
12282.02258232981,16.021559769287705,455.9251194037497,6511.974818257615
12282.589219793677,16.021559769287705,455.9251194037497,6512.386723410338
12283.32885786891,16.026642851531506,455.98961024172604,6512.386723410338
12283.903303407133,16.026642851531506,455.98961024172604,6512.765759840608
12283.982240179554,16.028213910758495,456.0548107419163,6512.765759840608
12284.47718616575,16.028213910758495,456.0548107419163,6513.105891400948
12284.557993711904,16.029844362288713,456.1251206062734,6513.105891400948
12285.088793134317,16.029844362288713,456.1251206062734,6513.480183865875
12285.168527219445,16.03140457160771,456.19518904574215,6513.480183865875
12285.773332642391,16.03140457160771,456.19518904574215,6513.903434133157
12286.394716717303,16.03639474324882,456.2614513542503,6513.903434133157
12286.918442301452,16.03639474324882,456.2614513542503,6514.256857728586
12287.015211258084,16.038037411868572,456.327896239236,6514.256857728586
12287.56729824841,16.038037411868572,456.327896239236,6514.620368143544
12287.65318033658,16.039742602035403,456.39698408171535,6514.620368143544
12288.200091831386,16.039742602035403,456.39698408171535,6514.979209465906
12288.297111662105,16.04127779044211,456.47503016516566,6514.979209465906
12289.028447516263,16.04127779044211,456.47503016516566,6515.353183334693
12289.910906037316,16.04622066952288,456.56563956849277,6515.353183334693
12290.416402690113,16.04622066952288,456.56563956849277,6515.688200863078
12290.498813413084,16.04780839756131,456.62790023349226,6515.688200863078
12291.019309826195,16.04780839756131,456.62790023349226,6516.052374733612
12291.10754352808,16.05016092956066,456.70179273188114,6516.052374733612
12291.58258927241,16.05016092956066,456.70179273188114,6516.391100239009
12291.657972667366,16.051750347018242,456.7675862237811,6516.391100239009
12292.169781353325,16.051750347018242,456.7675862237811,6516.72856153734
12292.973458258435,16.056741788983345,456.88257825374603,6516.72856153734
12293.69370549731,16.056741788983345,456.88257825374603,6517.195948630571
12293.759401317686,16.05828337557614,456.938679497689,6517.195948630571
12294.37553278543,16.05828337557614,456.938679497689,6517.583395024762
12294.456977073103,16.05989535525441,457.00626498274505,6517.583395024762
12295.003813797608,16.05989535525441,457.00626498274505,6517.974453015253
12295.071229759604,16.061515405774117,457.0648593623191,6517.974453015253
12295.685924334452,16.061515405774117,457.0648593623191,6518.425575880334
12296.451079534367,16.066628182306886,457.12531901709735,6518.425575880334
12297.081475052983,16.066628182306886,457.12531901709735,6518.845595261082
12297.214483801275,16.06825974956155,457.2349038273096,6518.845595261082
12297.920608434826,16.06825974956155,457.2349038273096,6519.344037299976
12298.049819814041,16.070186864584684,457.3298110309988,6519.344037299976
12298.663857866079,16.070186864584684,457.3298110309988,6519.751339977607
12298.737147245556,16.071679262444377,457.392843272537,6519.751339977607
12299.254992879927,16.071679262444377,457.392843272537,6520.112795716152
12300.203815743327,16.07779702357948,457.482185613364,6520.112795716152
12300.741795064881,16.07779702357948,457.482185613364,6520.472458731383
12300.816072361544,16.079375881701708,457.5470777284354,6520.472458731383
12301.332694886252,16.079375881701708,457.5470777284354,6520.809572884813
12301.399309311062,16.08102344162762,457.6012829579413,6520.809572884813
12302.058028599247,16.08102344162762,457.6012829579413,6521.267413653433
12302.14151841402,16.082570649683475,457.67503834329545,6521.267413653433
12302.61215181835,16.082570649683475,457.67503834329545,6521.6110566183925
12303.390357116237,16.087401669472456,457.7755050789565,6521.6110566183925
12304.106067983434,16.087401669472456,457.7755050789565,6522.152740377933
12304.19866023399,16.089075822383165,457.851788232103,6522.152740377933
12304.756092973053,16.089075822383165,457.851788232103,6522.527270596474
12304.860002279282,16.093939011916518,457.916481282562,6522.527270596474
12305.421606093645,16.093939011916518,457.916481282562,6522.933154756203
12305.503547750413,16.095677964389324,457.97373053617775,6522.933154756203
12306.010341312736,16.095677964389324,457.97373053617775,6523.30248837918
12306.67992267944,16.100483871996403,458.02799539640546,6523.30248837918
12307.284176280722,16.100483871996403,458.02799539640546,6523.685502620414
12307.367755858228,16.102073069661856,458.09889981150627,6523.685502620414
12307.91615072079,16.102073069661856,458.09889981150627,6524.100428875536
12307.98982054554,16.103640146553516,458.157686766237,6524.100428875536
12308.471793828532,16.103640146553516,458.157686766237,6524.4513051100075
12308.5310728997,16.10522172600031,458.2077778112143,6524.4513051100075
12309.017383176833,16.10522172600031,458.2077778112143,6524.7942515630275
12309.898703370243,16.110128216445446,458.2741878647357,6524.7942515630275
12310.365230258554,16.110128216445446,458.2741878647357,6525.141640154645
12310.438752701506,16.111637473106384,458.33837100863457,6525.141640154645
12310.972991446033,16.111637473106384,458.33837100863457,6525.491017812863
12311.062491489574,16.113455533981323,458.3938327524811,6525.491017812863
12311.56860841252,16.113455533981323,458.3938327524811,6525.842472719029
12311.643000189215,16.115075463429093,458.45453432016075,6525.842472719029
12312.137590128928,16.115075463429093,458.45453432016075,6526.204056320712
12312.597932865843,16.12005559168756,458.5305502079427,6526.204056320712
12313.161622427404,16.12005559168756,458.5305502079427,6526.579683599994
12313.233840305358,16.1216723844409,458.5933520719409,6526.579683599994
12313.758675210178,16.1216723844409,458.5933520719409,6526.940598169342
12313.823503553867,16.123219782486558,458.6458763498813,6526.940598169342
12314.420400351286,16.123219782486558,458.6458763498813,6527.323153262958
12314.50939966552,16.124801771715283,458.7223629169166,6527.323153262958
12314.99334780313,16.124801771715283,458.7223629169166,6527.70815182291
12315.585307171568,16.12979593127966,458.81350037269294,6527.70815182291
12316.1678389702,16.12979593127966,458.81350037269294,6528.149679744616
12316.242437709123,16.13139444962144,458.8782647848129,6528.149679744616
12316.69892485626,16.13139444962144,458.8782647848129,6528.485039288178
12316.763001605868,16.13303378969431,458.93239484354854,6528.485039288178
12317.181994196028,16.13303378969431,458.93239484354854,6528.787337008864
12317.253891989589,16.134597217664123,458.99487070553005,6528.787337008864
12317.737808065489,16.134597217664123,458.99487070553005,6529.1334113087505
12318.224637264386,16.139750231057405,459.0624423995614,6529.1334113087505
12318.671551533043,16.139750231057405,459.0624423995614,6529.455940587446
12318.738411525264,16.14135966077447,459.1198932006955,6529.455940587446
12319.299243845046,16.14135966077447,459.1198932006955,6529.832653695717
12319.385069351643,16.142997222021222,459.1925517581403,6529.832653695717
12319.935352509841,16.142997222021222,459.1925517581403,6530.187890680507
12320.013949902728,16.14463398233056,459.26164820976555,6530.187890680507
12320.63758691214,16.14463398233056,459.26164820976555,6530.6837976537645
12321.305233132094,16.149504909291863,459.3524696286768,6530.6837976537645
12321.982700441033,16.149504909291863,459.3524696286768,6531.138225641102
12322.064288942143,16.151172269135714,459.4241674374789,6531.138225641102
12322.672255581245,16.151172269135714,459.4241674374789,6531.606336729601
12322.789011694491,16.152982553467155,459.52697800286114,6531.606336729601
12323.269832544029,16.152982553467155,459.52697800286114,6531.950510311872
12323.34644651413,16.15468844398856,459.59405072778463,6531.950510311872
12323.830788096413,16.15468844398856,459.59405072778463,6532.288474982604
12324.438334597275,16.159951247274876,459.6747608128935,6532.288474982604
12325.143228039145,16.159951247274876,459.6747608128935,6532.8345672842115
12325.214100133628,16.161527747288346,459.7295115608722,6532.8345672842115
12325.716726861894,16.161527747288346,459.7295115608722,6533.1774102039635
12325.82863993384,16.163179256021976,459.7945971302688,6533.1774102039635
12326.447785640135,16.163179256021976,459.7945971302688,6533.55480719544
12326.533334162086,16.1648065764457,459.8662686906755,6533.55480719544
12327.114279609174,16.1648065764457,459.8662686906755,6533.9042901378125
12327.670138230547,16.169652342796326,459.9413925334811,6533.9042901378125
12328.283176153898,16.169652342796326,459.9413925334811,6534.308368345723
12328.367651574314,16.171208629384637,460.0087736528367,6534.308368345723
12329.104435447603,16.171208629384637,460.0087736528367,6534.836915334687
12329.207723524421,16.1728559397161,460.0828097946942,6534.836915334687
12329.778297681361,16.1728559397161,460.0828097946942,6535.243196312338
12329.837416382506,16.17445626668632,460.13237992860377,6535.243196312338
12330.408802453429,16.17445626668632,460.13237992860377,6535.666551981121
12331.267389802262,16.179549038410187,460.2380002271384,6535.666551981121
12331.92918411456,16.179549038410187,460.2380002271384,6536.185734942555
12331.992168884724,16.181145757436752,460.291441090405,6536.185734942555
12332.543514311314,16.181145757436752,460.291441090405,6536.568008853123
12332.630764134228,16.182740228250623,460.3619841467589,6536.568008853123
12333.144193578511,16.182740228250623,460.3619841467589,6536.90669275634
12333.219831969589,16.184406308457255,460.4242865219712,6536.90669275634
12333.694792753085,16.184406308457255,460.4242865219712,6537.258314598352
12334.329352118075,16.189722005277872,460.4826412666589,6537.258314598352
12334.802188782021,16.189722005277872,460.4826412666589,6537.606043437496
12334.879487004131,16.19126926548779,460.54435071349144,6537.606043437496
12335.381210533902,16.19126926548779,460.54435071349144,6537.967093508691
12335.458459755406,16.192882873117924,460.61185377649963,6537.967093508691
12336.003837713972,16.192882873117924,460.61185377649963,6538.339632581919
12336.077322006226,16.19448490999639,460.6716018971056,6538.339632581919
12336.591013893485,16.19448490999639,460.6716018971056,6538.676900770515
12337.096693428233,16.19993767887354,460.73575799912214,6538.676900770515
12337.559192173183,16.19993767887354,460.73575799912214,6539.004730258137
12337.63867547363,16.2014584466815,460.8049409929663,6539.004730258137
12338.12982671149,16.2014584466815,460.8049409929663,6539.349857470021
12338.204351281747,16.20302793569863,460.86934789828956,6539.349857470021
12338.821288468316,16.20302793569863,460.86934789828956,6539.7815172709525
12338.949753744528,16.20581658743322,460.96919916011393,6539.7815172709525
12339.575594222173,16.20581658743322,460.96919916011393,6540.206542139873
12340.642594054341,16.21078291721642,461.03217617981136,6540.206542139873
12341.156874964014,16.21078291721642,461.03217617981136,6540.576254919171
12341.279196247458,16.2123358938843,461.13083937205374,6540.576254919171
12342.198692157865,16.2123358938843,461.13083937205374,6541.056587098166
12342.276021368802,16.213887693360448,461.194965204224,6541.056587098166
12343.396872153506,16.213887693360448,461.194965204224,6541.536282578483
12343.561240386218,16.215711157768965,461.25348894298077,6541.536282578483
12344.461352368817,16.215711157768965,461.25348894298077,6541.819172313437
12347.286329461262,16.220683809369802,461.307318855077,6541.819172313437
12347.852534981444,16.220683809369802,461.307318855077,6542.254719616845
12347.932117566466,16.222288569435477,461.3697022944689,6542.254719616845
12348.499725930393,16.222288569435477,461.3697022944689,6542.553073285148
12348.583352545276,16.223880207166076,461.44358345493674,6542.553073285148
12349.053187945858,16.223880207166076,461.44358345493674,6542.881604403257
12349.129700781778,16.22544631548226,461.5105450190604,6542.881604403257
12349.757815849036,16.22544631548226,461.5105450190604,6543.211967367679
12351.870619317517,16.23062419705093,461.61522268876433,6543.211967367679
12352.376518815756,16.23062419705093,461.61522268876433,6543.527369337156
12352.54641290754,16.232287209481,461.69082224182785,6543.527369337156
12353.20365610905,16.232287209481,461.69082224182785,6543.9334998410195
12353.270809693262,16.233827978372574,461.7484066821635,6543.9334998410195
12354.187270728871,16.233827978372574,461.7484066821635,6544.313239423558
12354.271592857316,16.235362796112895,461.8227262292057,6544.313239423558
12354.695026000962,16.235362796112895,461.8227262292057,6544.604814819992
12355.558813061565,16.240389227867126,461.8930699955672,6544.604814819992
12356.151694176719,16.240389227867126,461.8930699955672,6544.976147620007
12356.236033987254,16.242023287341,461.94472603686154,6544.976147620007
12356.804909756407,16.242023287341,461.94472603686154,6545.378941323608
12356.870942501351,16.243587005883455,462.00125424191356,6545.378941323608
12357.737451473251,16.243587005883455,462.00125424191356,6545.796541659161
12357.887399761006,16.245243536308408,462.0543274823576,6545.796541659161
12358.564755337313,16.245243536308408,462.0543274823576,6546.300325118005
12360.631077289581,16.254026295617223,462.11301495321095,6546.300325118005
12361.241014964879,16.254026295617223,462.11301495321095,6546.679858338088
12361.325679941103,16.255617145448923,462.1623142044991,6546.679858338088
12361.774053238332,16.255617145448923,462.1623142044991,6546.9904595687985
12361.84776257351,16.257279628887773,462.2263677828014,6546.9904595687985
12362.435388246551,16.257279628887773,462.2263677828014,6547.331635100767
12362.546756787226,16.258836487308145,462.32422706112266,6547.331635100767
12363.50304351002,16.258836487308145,462.32422706112266,6547.8336181379855
12367.319983283058,16.270172014832497,462.4021367523819,6547.8336181379855
12368.042952425778,16.270172014832497,462.4021367523819,6548.169178793207
12368.18653045781,16.271813724189997,462.4587205462158,6548.169178793207
12368.889038894325,16.271813724189997,462.4587205462158,6548.7548319566995
12368.948310244828,16.273360224440694,462.50821170955896,6548.7548319566995
12369.447226006538,16.273360224440694,462.50821170955896,6549.043830592185
12369.51459652558,16.274975042790174,462.56529253162444,6549.043830592185
12370.344115654007,16.274975042790174,462.56529253162444,6549.566188661382
12372.114017320797,16.28007396683097,462.64389149844646,6549.566188661382
12372.84439127706,16.28007396683097,462.64389149844646,6549.864804053679
12372.976655142382,16.281772706657648,462.7109834421426,6549.864804053679
12373.649858264253,16.281772706657648,462.7109834421426,6550.148089336231
12373.72497873567,16.283421646803617,462.77032992616296,6550.148089336231
12374.236884402111,16.283421646803617,462.77032992616296,6550.414742963389
12374.316495656967,16.285049995407462,462.8396032191813,6550.414742963389
12374.889089930803,16.285049995407462,462.8396032191813,6550.69635646604
12377.181057302281,16.290211452171206,462.9017899762839,6550.69635646604
12377.740488266572,16.290211452171206,462.9017899762839,6550.99835267663
12377.93966026418,16.291880700737238,463.0197492688894,6550.99835267663
12378.868883229792,16.291880700737238,463.0197492688894,6551.520828707144
12379.006505044177,16.293512182310224,463.1400646343827,6551.520828707144
12379.844094438478,16.293512182310224,463.1400646343827,6552.108269263059
12379.951426988468,16.295077132061124,463.2002492621541,6552.108269263059
12380.670530207455,16.295077132061124,463.2002492621541,6552.503094451502
12382.586440261453,16.30200762860477,463.24881969951093,6552.503094451502
12383.214728605002,16.30200762860477,463.24881969951093,6552.819633571431
12383.3580627013,16.303746841847897,463.2981724385172,6552.819633571431
12383.958951184526,16.303746841847897,463.2981724385172,6553.119066540152
12384.102820290253,16.305325191468,463.4172302223742,6553.119066540152
12384.948352480307,16.305325191468,463.4172302223742,6553.535781998187
12385.019374096766,16.30697395093739,463.4747403692454,6553.535781998187
12385.677597112954,16.30697395093739,463.4747403692454,6553.9945491869
12387.217998361215,16.314385736361146,463.5717530902475,6553.9945491869
12387.960984477773,16.314385736361146,463.5717530902475,6554.468551712111
12388.0570584815,16.315942345187068,463.62435603141785,6554.468551712111
12388.827100943774,16.315942345187068,463.62435603141785,6555.005176929757
12388.947798397392,16.317487044259906,463.73396640457213,6555.005176929757
12389.671171745285,16.317487044259906,463.73396640457213,6555.349114641547
12389.7561285384,16.31919849663973,463.7958297226578,6555.349114641547
12390.349152974784,16.31919849663973,463.7958297226578,6555.647832296789
12392.332678453997,16.324071817100048,463.85036909766495,6555.647832296789
12392.943337773904,16.324071817100048,463.85036909766495,6555.968682654202
12393.018352312967,16.325712487101555,463.91166634485126,6555.968682654202
12393.660770466551,16.325712487101555,463.91166634485126,6556.436085609719
12393.736068150029,16.32733821682632,463.97022768482566,6556.436085609719
12394.362006179988,16.32733821682632,463.97022768482566,6556.759437413886
12394.438792452216,16.328904446214437,464.03760998509824,6556.759437413886
12395.064006447792,16.328904446214437,464.03760998509824,6557.1407688278705
12398.598575297743,16.33391424641013,464.0922511611134,6557.1407688278705
12399.094352241606,16.33391424641013,464.0922511611134,6557.463359748945
12399.516932036728,16.3377534057945,464.1740282960236,6557.463359748945
12400.395517209545,16.3377534057945,464.1740282960236,6557.926066106185
12400.534335764125,16.34095050394535,464.2893528919667,6557.926066106185
12400.978416740894,16.34095050394535,464.2893528919667,6558.233972167596
12401.051833733916,16.342646745964885,464.3465091455728,6558.233972167596
12401.823401611298,16.342646745964885,464.3465091455728,6558.559842187911
12404.131406456232,16.34760830923915,464.401104144752,6558.559842187911
12404.797196760774,16.34760830923915,464.401104144752,6558.926629243419
12404.934483759105,16.349205039441586,464.524535888806,6558.926629243419
12405.534501105547,16.349205039441586,464.524535888806,6559.330280493945
12405.654430875555,16.350803626701236,464.6347773838788,6559.330280493945
12406.159106360748,16.350803626701236,464.6347773838788,6559.6587029304355
12406.222639102489,16.35238023661077,464.68595128692687,6559.6587029304355
12406.687839476392,16.35238023661077,464.68595128692687,6559.982988350093
12408.71385009028,16.357127415016294,464.7734055034816,6559.982988350093
12409.349769040942,16.357127415016294,464.7734055034816,6560.307547105476
12409.463421618566,16.35874367505312,464.8704869374633,6560.307547105476
12410.163151994348,16.35874367505312,464.8704869374633,6560.686461035162
12410.237488422543,16.36032235622406,464.93444904498756,6560.686461035162
12410.669753953815,16.36032235622406,464.93444904498756,6560.986677147448
12410.758800309151,16.361912356689572,465.00782496482134,6560.986677147448
12411.674514202401,16.361912356689572,465.00782496482134,6561.589728178456
12414.906669609249,16.367573391646147,465.06112120859325,6561.589728178456
12415.551022516564,16.367573391646147,465.06112120859325,6562.005303578451
12415.62363678217,16.36919777840376,465.11624361388385,6562.005303578451
12416.372812232003,16.36919777840376,465.11624361388385,6562.312151443213
12416.54004800506,16.370809929445386,465.22437884658575,6562.312151443213
12417.309768280014,16.370809929445386,465.22437884658575,6562.628367146477
12417.392833577469,16.372464468702674,465.2825157865882,6562.628367146477
12418.245376005769,16.372464468702674,465.2825157865882,6562.932158134878
12419.199446026236,16.377379778772593,465.35839325003326,6562.932158134878
12420.029693486169,16.377379778772593,465.35839325003326,6563.478658795357
12420.163495577872,16.378971736878157,465.4748032260686,6563.478658795357
12420.701597474515,16.378971736878157,465.4748032260686,6563.8597393948585
12420.78022984229,16.38058196566999,465.54381987825036,6563.8597393948585
12421.23307360895,16.38058196566999,465.54381987825036,6564.183729922399
12421.314525885507,16.384278243407607,465.61141134239733,6564.183729922399
12421.801991658285,16.384278243407607,465.61141134239733,6564.527287816629
12422.701928090304,16.389456789940596,465.7138439323753,6564.527287816629
12423.478478468955,16.389456789940596,465.7138439323753,6565.031384494156
12423.615282449871,16.391051080077887,465.83437213487923,6565.031384494156
12424.393156291917,16.391051080077887,465.83437213487923,6565.557545620948
12424.486924054101,16.392688939347863,465.9152761027217,6565.557545620948
12425.098705556244,16.392688939347863,465.9152761027217,6565.976608304307
12425.168080581352,16.39436765946448,465.9708999954164,6565.976608304307
12425.689540354535,16.39436765946448,465.9708999954164,6566.329379275441
12426.453681547195,16.399244479835033,466.0280830990523,6566.329379275441
12427.020777253434,16.399244479835033,466.0280830990523,6566.749036369845
12427.118491357192,16.405348103493452,466.1103799138218,6566.749036369845
12427.633771935478,16.405348103493452,466.1103799138218,6567.100209362805
12427.775448393077,16.406969003379345,466.2360901962966,6567.100209362805
12428.409700913355,16.406969003379345,466.2360901962966,6567.587169215083
12428.488199118525,16.408771585673094,466.3008479587734,6567.587169215083
12429.030629741028,16.408771585673094,466.3008479587734,6567.955591300502
12429.977452902123,16.413916708901525,466.38024208694696,6567.955591300502
12430.649337880313,16.413916708901525,466.38024208694696,6568.417194580659
12430.725749593228,16.415720522403717,466.4370740354061,6568.417194580659
12431.326184136793,16.415720522403717,466.4370740354061,6568.842984067276
12431.41324727796,16.41715842857957,466.51095123402774,6568.842984067276
12432.068718697876,16.41715842857957,466.51095123402774,6569.30951933749
12432.14975655824,16.418761955574155,466.57911302894354,6569.30951933749
12432.864586861804,16.418761955574155,466.57911302894354,6569.787173788995
12433.471074193716,16.42385094985366,466.6723288279027,6569.787173788995
12433.963350472972,16.42385094985366,466.6723288279027,6570.1244379282
12434.034683385864,16.425426680594683,466.73392718471587,6570.1244379282
12434.52428956516,16.425426680594683,466.73392718471587,6570.478120116517
12434.60155395791,16.427017917856574,466.80119877308607,6570.478120116517
12435.179999370128,16.427017917856574,466.80119877308607,6570.901172602549
12435.265209816396,16.428560292348266,466.87468509562314,6570.901172602549
12435.777172453701,16.428560292348266,466.87468509562314,6571.251175472513
12436.35473138094,16.433440163731575,466.94142157025635,6571.251175472513
12436.869967598468,16.433440163731575,466.94142157025635,6571.565535701811
12437.035048121586,16.435044204816222,467.0753059964627,6571.565535701811
12437.79391275905,16.435044204816222,467.0753059964627,6572.084772951901
12437.940158719197,16.436666013672948,467.1916962042451,6572.084772951901
12438.534824317321,16.436666013672948,467.1916962042451,6572.501539193094
12438.620914522558,16.43819178082049,467.2593649402261,6572.501539193094
12439.3800887838,16.43819178082049,467.2593649402261,6573.028735857457
12440.148680867627,16.443204075098038,467.37630519643426,6573.028735857457
12440.970534885302,16.443204075098038,467.37630519643426,6573.570137754083
12441.085209738463,16.444838874042034,467.4671589843929,6573.570137754083
12441.893777962774,16.444838874042034,467.4671589843929,6574.166962264106
12441.961312618107,16.44636599160731,467.5244132988155,6574.166962264106
12442.65827701427,16.44636599160731,467.5244132988155,6574.663397030905
12442.805180415511,16.44800808094442,467.65115040168166,6574.663397030905
12443.492804441601,16.44800808094442,467.65115040168166,6575.181630793959
12444.147689569741,16.452853340655565,467.77538966201246,6575.181630793959
12444.822164813057,16.452853340655565,467.77538966201246,6575.674236388877
12444.895015494898,16.454529771581292,467.8338265698403,6575.674236388877
12445.36586532183,16.454529771581292,467.8338265698403,6576.016089702025
12445.44157557562,16.456077387556434,467.90021283365786,6576.016089702025
12445.90732485056,16.456077387556434,467.90021283365786,6576.35172653012
12445.98112292774,16.45763485506177,467.9643106367439,6576.35172653012
12446.469660649076,16.45763485506177,467.9643106367439,6576.6910003349185
12447.060527537018,16.462983950972557,468.07385757751763,6576.6910003349185
12447.650689065456,16.462983950972557,468.07385757751763,6577.141945170239
12447.737452857196,16.464596210047603,468.1504346560687,6577.141945170239
12448.218651285395,16.464596210047603,468.1504346560687,6577.4588380381465
12448.303687289357,16.466188890859485,468.21486423164606,6577.4588380381465
12448.953796969727,16.466188890859485,468.21486423164606,6577.974933711812
12449.031427005306,16.467778777703643,468.2830759976059,6577.974933711812
12449.52397810109,16.467778777703643,468.2830759976059,6578.330326080322
12450.263774799183,16.472842482849956,468.4164416138083,6578.330326080322
12450.885353719816,16.472842482849956,468.4164416138083,6578.834118058905
12450.96537052095,16.474467750638723,468.48603755421937,6578.834118058905
12451.432385869324,16.474467750638723,468.48603755421937,6579.17213781178
12451.504597317427,16.47618282958865,468.54844353348017,6579.17213781178
12451.95673055388,16.47618282958865,468.54844353348017,6579.494252152741
12452.053823765367,16.47991337813437,468.62981948815286,6579.494252152741
12452.593082413077,16.47991337813437,468.62981948815286,6579.912843026221
12453.102701729164,16.484950790181756,468.7030490040779,6579.912843026221
12453.626643016934,16.484950790181756,468.7030490040779,6580.272834258154
12453.699738321826,16.486518001183867,468.7666622828692,6580.272834258154
12454.232070311904,16.486518001183867,468.7666622828692,6580.618211954832
12454.304902290925,16.488135738298297,468.82856629416347,6580.618211954832
12454.91970175691,16.488135738298297,468.82856629416347,6581.019678335637
12454.993852501735,16.489701356738806,468.8892988022417,6581.019678335637
12455.500809408724,16.489701356738806,468.8892988022417,6581.39282190986
12456.070228656754,16.495071463286877,468.9418110623956,6581.39282190986
12456.601799692959,16.495071463286877,468.9418110623956,6581.721524821594
12456.698509600013,16.496723871678114,469.0246230047196,6581.721524821594
12457.351154286414,16.496723871678114,469.0246230047196,6582.127819297835
12457.430836681277,16.498376492410898,469.0947550162673,6582.127819297835
12457.89575432241,16.498376492410898,469.0947550162673,6582.470827849582
12457.969682330266,16.50002725981176,469.1593359336257,6582.470827849582
12458.535385722294,16.50002725981176,469.1593359336257,6582.842690080404
12459.153455166146,16.505047488957644,469.2436519637704,6582.842690080404
12459.686167186126,16.505047488957644,469.2436519637704,6583.21296438016
12459.760080274194,16.50663063675165,469.3076080251485,6583.21296438016
12460.24925188534,16.50663063675165,469.3076080251485,6583.564603121951
12460.326352493837,16.508257135748863,469.37500343471766,6583.564603121951
12460.81683642976,16.508257135748863,469.37500343471766,6583.895073026419
12460.897629885003,16.509918542578816,469.4466933272779,6583.895073026419
12461.770997922868,16.509918542578816,469.4466933272779,6584.4872985016555
12462.322748750448,16.514731463044882,469.51764725521207,6584.4872985016555
12462.852999990806,16.514731463044882,469.51764725521207,6584.877827912569
12462.937479985878,16.516309212893248,469.59268167614937,6584.877827912569
12463.380156448111,16.516309212893248,469.59268167614937,6585.182258412242
12463.456695206463,16.51788144186139,469.65944389253855,6585.182258412242
12463.981006899849,16.51788144186139,469.65944389253855,6585.53551575169
12464.05676607415,16.519440041854978,469.72568116150796,6585.53551575169
12464.630703574046,16.519440041854978,469.72568116150796,6585.898084331304
12465.711631542072,16.524421256035566,469.82178732566535,6585.898084331304
12466.27057825774,16.524421256035566,469.82178732566535,6586.285030459985
12466.406848296523,16.526019014418125,469.9431691132486,6586.285030459985
12467.093362702057,16.526019014418125,469.9431691132486,6586.716134281829
12467.165477989241,16.527657072991133,470.00018703565,6586.716134281829
12467.881087705493,16.527657072991133,470.00018703565,6587.020352637395
12467.984422082081,16.529255893081427,470.0904072113335,6587.020352637395
12468.56688813679,16.529255893081427,470.0904072113335,6587.282622810453
12471.275737414137,16.53437272645533,470.1437726356089,6587.282622810453
12471.711744993925,16.53437272645533,470.1437726356089,6587.554022336379
12471.787875393406,16.536028277128935,470.19334112107754,6587.554022336379
12472.44093522057,16.536028277128935,470.19334112107754,6587.995383976027
12472.555491991341,16.537593744695187,470.29026339016855,6587.995383976027
12473.354244457558,16.537593744695187,470.29026339016855,6588.51518368721
12473.50256661512,16.539256615564227,470.4040699582547,6588.51518368721
12474.102626621723,16.539256615564227,470.4040699582547,6588.982939038426
12474.792553331703,16.544005282223225,470.45926564745605,6588.982939038426
12475.48428956233,16.544005282223225,470.45926564745605,6589.513119228184
12475.557139253244,16.545767853036523,470.5226307325065,6589.513119228184
12476.070123489946,16.545767853036523,470.5226307325065,6589.8432009052485
12476.233441041782,16.54771107621491,470.66383333317935,6589.8432009052485
12477.060293430462,16.54771107621491,470.66383333317935,6590.384391466156
12477.18514274247,16.549344995990396,470.77587842941284,6590.384391466156
12478.056715305895,16.549344995990396,470.77587842941284,6591.02490825206
12478.89459022507,16.55430094525218,470.8675596732646,6591.02490825206
12479.515373460948,16.55430094525218,470.8675596732646,6591.498800976202
12479.597131693736,16.55598215572536,470.93782068416476,6591.498800976202
12480.114561254159,16.55598215572536,470.93782068416476,6591.84413016215
12480.225488478318,16.557602385059,471.0262007378042,6591.84413016215
12481.086693532765,16.557602385059,471.0262007378042,6592.414421964437
12481.210364714265,16.55930794402957,471.12976342998445,6592.414421964437
12481.870111541823,16.55930794402957,471.12976342998445,6592.830478593707
12482.796245882288,16.564233105629683,471.22017120942473,6592.830478593707
12483.329529169947,16.564233105629683,471.22017120942473,6593.177780475467
12483.469751542434,16.56585450656712,471.3508805260062,6593.177780475467
12484.199797021225,16.56585450656712,471.3508805260062,6593.703522905707
12484.340036042035,16.567454148083925,471.4687262773514,6593.703522905707
12485.038982165977,16.567454148083925,471.4687262773514,6594.236156072468
12485.108350111172,16.569019375368953,471.5237117111683,6594.236156072468
12485.737977249548,16.569019375368953,471.5237117111683,6594.60827842541
12486.866184130311,16.581193728372455,471.5790922418237,6594.60827842541
12487.488226540387,16.581193728372455,471.5790922418237,6595.111134365201
12487.566727193072,16.582760866731405,471.64485856331885,6595.111134365201
12487.999219989404,16.582760866731405,471.64485856331885,6595.3926689159125
12488.138990361243,16.58438853919506,471.76865344308317,6595.3926689159125
12488.847594121471,16.58438853919506,471.76865344308317,6595.813942939043
12488.978396629915,16.585937967523932,471.8896259125322,6595.813942939043
12489.48858239688,16.585937967523932,471.8896259125322,6596.094006162137
12491.25884433277,16.590915689244866,471.9691476356238,6596.094006162137
12491.853538822383,16.590915689244866,471.9691476356238,6596.421794658527
12492.010063640773,16.59257446974516,472.0185660198331,6596.421794658527
12492.768016802147,16.59257446974516,472.0185660198331,6596.780508728698
12492.836012152955,16.594174589961767,472.07660861872137,6596.780508728698
12493.537820538506,16.594174589961767,472.07660861872137,6597.228766562417
12493.753534765914,16.595896130427718,472.13288062624633,6597.228766562417
12494.303607562557,16.595896130427718,472.13288062624633,6597.6246951613575
12497.114483870566,16.60098573565483,472.2030844371766,6597.6246951613575
12497.668971642852,16.60098573565483,472.2030844371766,6597.970859162509
12497.734616281465,16.602572914212942,472.252075901255,6597.970859162509
12498.315680572763,16.602572914212942,472.252075901255,6598.268937123939
12498.439010266215,16.604312097653747,472.35418723523617,6598.268937123939
12498.98797301948,16.604312097653747,472.35418723523617,6598.576064031571
12499.072182778269,16.606086688116193,472.4030969887972,6598.576064031571
12499.821686953306,16.606086688116193,472.4030969887972,6598.92821595259
12501.239805528894,16.61115211248398,472.4673524796963,6598.92821595259
12501.732519997284,16.61115211248398,472.4673524796963,6599.271004753187
12501.896068112925,16.612780632451177,472.5507438648492,6599.271004753187
12502.69478651695,16.612780632451177,472.5507438648492,6599.834903579205
12502.774806339294,16.614356761798263,472.6207782737911,6599.834903579205
12503.40752617456,16.614356761798263,472.6207782737911,6600.255537379533
12503.59110737592,16.61610336229205,472.6893600560725,6600.255537379533
12504.421798532829,16.61610336229205,472.6893600560725,6600.776086281985
12506.453578885645,16.621049949899316,472.7383369207382,6600.776086281985
12507.127296237275,16.621049949899316,472.7383369207382,6601.151065468788
12507.192685272545,16.622690830379725,472.78849363699555,6601.151065468788
12507.98768199049,16.622690830379725,472.78849363699555,6601.59135430865
12508.119786571711,16.624329697340727,472.89790240488946,6601.59135430865
12508.869115494192,16.624329697340727,472.89790240488946,6601.868855757639
12508.935180081055,16.625952376052737,472.95347514003515,6601.868855757639
12509.438921108842,16.625952376052737,472.95347514003515,6602.172981981188
12511.103401383385,16.634939251467586,473.02861132100224,6602.172981981188
12511.687316397205,16.634939251467586,473.02861132100224,6602.556024115533
12511.911225166172,16.63677299581468,473.1339096855372,6602.556024115533
12512.48883853294,16.63677299581468,473.1339096855372,6602.864889284596
12512.643259501085,16.64378433302045,473.26535269618034,6602.864889284596
12513.372815605253,16.64378433302045,473.26535269618034,6603.3234614674
12513.504664313048,16.645381214097142,473.37639587558806,6603.3234614674
12514.264976685867,16.645381214097142,473.37639587558806,6603.7899504080415
12516.593547387049,16.650855261832476,473.4328719880432,6603.7899504080415
12517.098210044205,16.650855261832476,473.4328719880432,6604.1511344555765
12517.179107869044,16.652458429336548,473.49798346683383,6604.1511344555765
12518.095626937225,16.652458429336548,473.49798346683383,6604.734978416935
12518.190581601113,16.65409380942583,473.5798603799194,6604.734978416935
12519.08849854581,16.65409380942583,473.5798603799194,6605.304597398266
12519.210663918406,16.655939273536205,473.6549585722387,6605.304597398266
12519.965870490298,16.655939273536205,473.6549585722387,6605.85597146675
12521.284049360082,16.66088735498488,473.70643818192184,6605.85597146675
12522.038423273712,16.66088735498488,473.70643818192184,6606.17419231683
12522.154203070328,16.66267447732389,473.80009845271707,6606.17419231683
12522.905258443207,16.66267447732389,473.80009845271707,6606.596764359623
12523.011723628268,16.66441877745092,473.8967840578407,6606.596764359623
12523.732664860785,16.66441877745092,473.8967840578407,6607.05697992444
12523.824362037703,16.6660110168159,473.9702396504581,6607.05697992444
12524.469022918493,16.6660110168159,473.9702396504581,6607.382071482018
12526.10004908219,16.674296399578452,474.0187007058412,6607.382071482018
12526.724883282557,16.674296399578452,474.0187007058412,6607.755751376972
12526.82768834941,16.6761311031878,474.07191099599004,6607.755751376972
12527.532070541754,16.6761311031878,474.07191099599004,6608.21288870275
12527.676691602916,16.677772572264075,474.1621629539877,6608.21288870275
12528.485971741378,16.677772572264075,474.1621629539877,6608.620405854657
12528.612263327464,16.682598100975156,474.2688967511058,6608.620405854657
12529.260177338496,16.682598100975156,474.2688967511058,6608.955734156072
12531.390992829576,16.694263771176338,474.3742267526686,6608.955734156072
12532.028570471331,16.694263771176338,474.3742267526686,6609.349230732769
12532.104052321985,16.695833740755916,474.423951420933,6609.349230732769
12532.632226835936,16.695833740755916,474.423951420933,6609.648070890456
12532.84590162523,16.69841381907463,474.48120412416756,6609.648070890456
12533.466136801988,16.69841381907463,474.48120412416756,6610.02509117499
12533.696603931487,16.70471935532987,474.54248694330454,6610.02509117499
12534.380002548918,16.70471935532987,474.54248694330454,6610.337343616411
12536.63577738218,16.709650406613946,474.6000324562192,6610.337343616411
12537.270677965134,16.709650406613946,474.6000324562192,6610.680981092155
12537.333708956838,16.711221646517515,474.6534763723612,6610.680981092155
12537.918975615874,16.711221646517515,474.6534763723612,6610.962369140238
12538.130739120767,16.71628694050014,474.7094303444028,6610.962369140238
12538.854517497122,16.71628694050014,474.7094303444028,6611.320833588019
12538.933491649106,16.71788980998099,474.7715562488884,6611.320833588019
12539.695102697238,16.71788980998099,474.7715562488884,6611.643365036696
12542.678352495655,16.722794730216265,474.84794598445296,6611.643365036696
12543.630845077336,16.722794730216265,474.84794598445296,6612.025389611721
12543.69487661682,16.724461091682315,474.9012731090188,6612.025389611721
12544.598887296394,16.724461091682315,474.9012731090188,6612.34105966799
12544.66843983531,16.726049091666937,474.95110553875566,6612.34105966799
12545.405934292823,16.726049091666937,474.95110553875566,6612.657774049789
12545.507807293907,16.72770187072456,475.0314081944525,6612.657774049789
12546.149585520849,16.72770187072456,475.0314081944525,6612.964077981189
12547.86350162141,16.732716852799058,475.12050256319344,6612.964077981189
12548.387829473242,16.732716852799058,475.12050256319344,6613.236637197435
12548.580829178914,16.73465659841895,475.18117704987526,6613.236637197435
12549.182272842154,16.73465659841895,475.18117704987526,6613.572924157605
12549.278928967193,16.736310929059982,475.23042714037,6613.572924157605
12550.596209373325,16.736310929059982,475.23042714037,6613.859428936616
12550.689729681239,16.738620242103934,475.29975405707955,6613.859428936616
12551.375178636983,16.738620242103934,475.29975405707955,6614.1503960080445
12552.194668931887,16.743980260565877,475.36878735758364,6614.1503960080445
12552.741297524422,16.743980260565877,475.36878735758364,6614.517011422664
12552.864671276882,16.745782813057303,475.46428183466196,6614.517011422664
12553.432902233675,16.745782813057303,475.46428183466196,6614.906763890758
12553.551395718008,16.74743941426277,475.55768557079136,6614.906763890758
12554.254784092307,16.74743941426277,475.55768557079136,6615.4071458391845
12554.384030021727,16.74903042241931,475.66698877699673,6615.4071458391845
12554.909883493558,16.74903042241931,475.66698877699673,6615.7788614965975
12555.821242906153,16.754103608429432,475.7843844797462,6615.7788614965975
12556.42368362844,16.754103608429432,475.7843844797462,6616.176900723949
12556.531033277512,16.756557032465935,475.8745107240975,6616.176900723949
12557.037177389488,16.756557032465935,475.8745107240975,6616.518596554175
12557.176266541705,16.75809846818447,475.9977669939399,6616.518596554175
12558.020333193243,16.75809846818447,475.9977669939399,6617.148917540908
12558.105359105393,16.759618006646633,476.0691048055887,6617.148917540908
12558.68422735855,16.759618006646633,476.0691048055887,6617.533254928887
12559.693082129583,16.76454679481685,476.17999586090446,6617.533254928887
12560.496538091451,16.76454679481685,476.17999586090446,6618.034983450547
12560.591818751767,16.76616706326604,476.26408293657005,6618.034983450547
12561.214728346094,16.76616706326604,476.26408293657005,6618.4169330745935
12561.298113608733,16.7678962033242,476.3137397840619,6618.4169330745935
12561.904415290803,16.7678962033242,476.3137397840619,6618.864038638771
12562.041648836806,16.769475031644106,476.43704139627516,6618.864038638771
12562.700361136347,16.769475031644106,476.43704139627516,6619.372481321916
12563.368009477854,16.774491330608726,476.5017636176199,6619.372481321916
12563.883190825582,16.774491330608726,476.5017636176199,6619.733761969954
12563.959240853786,16.776043009012938,476.56869850866497,6619.733761969954
12564.45877225697,16.776043009012938,476.56869850866497,6620.0678331088275
12564.532944429666,16.777635786682367,476.628699734807,6620.0678331088275
12565.06114051491,16.777635786682367,476.628699734807,6620.401833727956
12565.143392458558,16.779306527227163,476.6973916590214,6620.401833727956
12565.656236393377,16.779306527227163,476.6973916590214,6620.756419673562
12566.481762867421,16.784285716712475,476.8281785584986,6620.756419673562
12567.026063516736,16.784285716712475,476.8281785584986,6621.143214467913
12567.105273272842,16.785864206030965,476.89782479964197,6621.143214467913
12567.6716622971,16.785864206030965,476.89782479964197,6621.49002084136
12567.751084398478,16.787438333034515,476.96775432676077,6621.49002084136
12568.286907810718,16.787438333034515,476.96775432676077,6621.839242016897
12568.421098642051,16.788942651823163,477.08401830121875,6621.839242016897
12568.955849297345,16.788942651823163,477.08401830121875,6622.229659188539
12569.587838146836,16.793834844604135,477.16270569711924,6622.229659188539
12570.334309969097,16.793834844604135,477.16270569711924,6622.682210821658
12570.47369000502,16.795616876333952,477.26039377227426,6622.682210821658
12571.2232016325,16.795616876333952,477.26039377227426,6623.251562125981
12571.330701624975,16.797245724126697,477.35218348167837,6623.251562125981
12571.843155292794,16.797245724126697,477.35218348167837,6623.622458647937
12571.91663944535,16.798799332231283,477.41628664173186,6623.622458647937
12572.350504586473,16.798799332231283,477.41628664173186,6623.932072341442
12572.961695067585,16.803817054256797,477.49465968087316,6623.932072341442
12573.582364751026,16.803817054256797,477.49465968087316,6624.299650244415
12573.708413563669,16.80544687435031,477.6008128989488,6624.299650244415
12574.309174505994,16.80544687435031,477.6008128989488,6624.677973253652
12574.432540567592,16.80708814226091,477.71465304866433,6624.677973253652
12574.896717764437,16.80708814226091,477.71465304866433,6624.997935457155
12574.979407204315,16.808672349900007,477.78805048018694,6624.997935457155
12575.745234558359,16.808672349900007,477.78805048018694,6625.544509667903
12576.519865972921,16.81362254731357,477.8734898008406,6625.544509667903
12577.45377741754,16.81362254731357,477.8734898008406,6626.1965694036335
12577.521497514099,16.815235897898674,477.9307921882719,6626.1965694036335
12578.13115029782,16.815235897898674,477.9307921882719,6626.6526431031525
12578.224979870021,16.81684068776667,478.00205874070525,6626.6526431031525
12578.83753625676,16.81684068776667,478.00205874070525,6627.121380992234
12578.916231973097,16.81839259713888,478.0683023482561,6627.121380992234
12579.435618309304,16.81839259713888,478.0683023482561,6627.46637670137
12580.199083149433,16.823363069444895,478.17406366951764,6627.46637670137
12580.753891700879,16.823363069444895,478.17406366951764,6627.846837399527
12580.835184546188,16.82491689734161,478.24249523691833,6627.846837399527
12581.585713362321,16.82491689734161,478.24249523691833,6628.344686970115
12581.658323187381,16.826550444588065,478.30526836030185,6628.344686970115
12582.254081897438,16.826550444588065,478.30526836030185,6628.781336253509
12582.32005049102,16.828130165115,478.3616358488798,6628.781336253509
12582.803889926523,16.828130165115,478.3616358488798,6629.084863035008
12583.479036385193,16.83326250873506,478.4380318019539,6629.084863035008
12583.94860304892,16.83326250873506,478.4380318019539,6629.4227770436555
12584.024463225156,16.834921028465033,478.5005384404212,6629.4227770436555
12584.507247401401,16.834921028465033,478.5005384404212,6629.749205196276
12584.575586369261,16.836546888574958,478.55208772048354,6629.749205196276
12585.070111142471,16.836546888574958,478.55208772048354,6630.11470618099
12585.148769417778,16.83809336833656,478.6215374395251,6630.11470618099
12585.573728907853,16.83809336833656,478.6215374395251,6630.4342982862145
12586.299306478351,16.843026980757713,478.7564764339477,6630.4342982862145
12586.95907357335,16.843026980757713,478.7564764339477,6630.914391683415
12587.087045241147,16.844657611101866,478.8699562139809,6630.914391683415
12587.81011833623,16.844657611101866,478.8699562139809,6631.361357495189
12587.869489721954,16.8462601210922,478.9200153592974,6631.361357495189
12588.365607069805,16.8462601210922,478.9200153592974,6631.7177529633045
12588.448286110535,16.847769241780043,478.9895146563649,6631.7177529633045
12588.963044589385,16.847769241780043,478.9895146563649,6632.049633802846
12589.572694193572,16.852756563574076,479.0545782353729,6632.049633802846
12590.149058667943,16.852756563574076,479.0545782353729,6632.395339356735
12590.217269994318,16.854369822889566,479.10888193547726,6632.395339356735
12590.784211486578,16.854369822889566,479.10888193547726,6632.767546564341
12590.885643837973,16.856005972251296,479.1993998866528,6632.767546564341
12591.365028901026,16.856005972251296,479.1993998866528,6633.110840534791
12591.458988148719,16.857586620375514,479.2793068867177,6633.110840534791
12591.941259885207,16.857586620375514,479.2793068867177,6633.4528736919165
12592.552858743817,16.862488389015198,479.40774831175804,6633.4528736919165
12593.071693168953,16.862488389015198,479.40774831175804,6633.840934528038
12593.145565148443,16.864019764587283,479.4724528733641,6633.840934528038
12593.982688585296,16.864019764587283,479.4724528733641,6634.438372068107
12594.08227899298,16.865636374801397,479.55499265156686,6634.438372068107
12594.940970454365,16.865636374801397,479.55499265156686,6635.048668133095
12595.007437838241,16.867245614528656,479.60951751843095,6635.048668133095
12595.62310127914,16.867245614528656,479.60951751843095,6635.483582485467
12596.523396501318,16.872294194996357,479.7396916151047,6635.483582485467
12597.023673437536,16.872294194996357,479.7396916151047,6635.813706113026
12597.148442585021,16.87392889522016,479.8489272072911,6635.813706113026
12597.709229316562,16.87392889522016,479.8489272072911,6636.210803804919
12597.826777851209,16.875554086640477,479.95056953281164,6636.210803804919
12598.386930942535,16.875554086640477,479.95056953281164,6636.571713656187
12598.500291321427,16.87720280699432,480.04546274617314,6636.571713656187
12599.07980148308,16.87720280699432,480.04546274617314,6636.973199568689
12599.84550802596,16.882370870560408,480.1159066017717,6636.973199568689
12600.341359009966,16.882370870560408,480.1159066017717,6637.323276633397
12600.447488637641,16.884239483624697,480.2046988327056,6637.323276633397
12601.015324950218,16.884239483624697,480.2046988327056,6637.726714771241
12601.102693824098,16.885802114382386,480.278558479622,6637.726714771241
12601.688649322838,16.885802114382386,480.278558479622,6638.170810611919
12601.773055166006,16.887347523123026,480.35326516442,6638.170810611919
12602.51598233357,16.887347523123026,480.35326516442,6638.675001239404
12603.476989561692,16.892324827611446,480.40228745155036,6638.675001239404
12604.200466094539,16.892324827611446,480.40228745155036,6639.083366777748
12604.331974364817,16.894312985241413,480.5153839588165,6639.083366777748
12605.256089169532,16.894312985241413,480.5153839588165,6639.583071852103
12605.3240123,16.895958553999662,480.57041656412184,6639.583071852103
12606.06913668476,16.895958553999662,480.57041656412184,6640.075708640739
12606.19998090528,16.897537905722857,480.68578401207924,6640.075708640739
12606.876168584451,16.897537905722857,480.68578401207924,6640.525989903137
12610.213279264048,16.902490293607116,480.7539239358157,6640.525989903137
12611.211132355034,16.902490293607116,480.7539239358157,6640.86855940707
12611.278233742341,16.904075104743242,480.8032132368535,6640.86855940707
12611.755399012938,16.904075104743242,480.8032132368535,6641.153223985806
12611.846554018557,16.90563601255417,480.8806151282042,6641.153223985806
12612.615221176296,16.90563601255417,480.8806151282042,6641.631213864312
12612.84794078581,16.907493544742465,480.980845278129,6641.631213864312
12613.790891285986,16.907493544742465,480.980845278129,6642.039283975959
12616.681507011876,16.912407107651234,481.04996630363166,6642.039283975959
12617.406310496852,16.912407107651234,481.04996630363166,6642.37522463128
12617.61955386214,16.914181338623166,481.1464548073709,6642.37522463128
12618.074973197654,16.914181338623166,481.1464548073709,6642.673906115815
12618.197923913598,16.915851989760995,481.2126100361347,6642.673906115815
12618.769456189126,16.915851989760995,481.2126100361347,6642.986780630425
12618.963646955788,16.917950969189405,481.26889742538333,6642.986780630425
12619.723467722535,16.917950969189405,481.26889742538333,6643.373635714874
12622.309206230566,16.922825761139393,481.35391728952527,6643.373635714874
12622.909618932754,16.922825761139393,481.35391728952527,6643.671917073429
12622.988693857566,16.924439011141658,481.4192078821361,6643.671917073429
12623.524133058265,16.924439011141658,481.4192078821361,6644.027047617361
12623.61265713349,16.927319962531328,481.4958680123091,6644.027047617361
12624.28971603699,16.927319962531328,481.4958680123091,6644.462534960359
12624.4363219738,16.9289621822536,481.6200780887157,6644.462534960359
12625.050867658108,16.9289621822536,481.6200780887157,6644.874179746956
12625.648310765624,16.937161033973098,481.6762308161706,6644.874179746956
12626.13937863335,16.937161033973098,481.6762308161706,6645.207714738324
12626.212085532025,16.938759772107005,481.735431548208,6645.207714738324
12627.102672345936,16.938759772107005,481.735431548208,6645.701334921643
12627.205662285909,16.940322771668434,481.81718862242997,6645.701334921643
12627.683143746108,16.940322771668434,481.81718862242997,6646.046475473791
12627.931547461078,16.941962564364076,481.90188682824373,6646.046475473791
12628.897602682933,16.941962564364076,481.90188682824373,6646.474998058751
12631.141317578033,16.947230698540807,481.950579944998,6646.474998058751
12631.872023809701,16.947230698540807,481.950579944998,6646.828271729872
12632.164845487103,16.953124536201358,482.0232895426452,6646.828271729872
12632.832083053887,16.953124536201358,482.0232895426452,6647.101775476709
12633.084644606337,16.961082611232996,482.1123254187405,6647.101775476709
12633.869201941416,16.961082611232996,482.1123254187405,6647.387613316998
12634.08631069772,16.96342602558434,482.1748201120645,6647.387613316998
12635.00723827444,16.96342602558434,482.1748201120645,6647.7466624919325
12636.981213642284,16.96874613314867,482.2630043029785,6647.7466624919325
12637.604994233698,16.96874613314867,482.2630043029785,6648.149283263832
12637.739150762558,16.97039264626801,482.38511864468455,6648.149283263832
12638.257054200396,16.97039264626801,482.38511864468455,6648.521441139281
12638.354483630508,16.971961284056306,482.46936885267496,6648.521441139281
12639.159138973802,16.971961284056306,482.46936885267496,6649.013146547601
12639.24945855327,16.973652655258775,482.53854756616056,6649.013146547601
12639.77174337022,16.973652655258775,482.53854756616056,6649.296993158758
12641.53918109648,16.978601545095444,482.5873505156487,6649.296993158758
12642.189471332356,16.978601545095444,482.5873505156487,6649.595768764615
12642.30382937938,16.98020399361849,482.68760711699724,6649.595768764615
12642.859331013635,16.98020399361849,482.68760711699724,6649.879688089713
12642.947587255388,16.981809301301837,482.76632528565824,6649.879688089713
12643.541520811617,16.981809301301837,482.76632528565824,6650.2328383512795
12643.615443751216,16.983455933630466,482.8273881915957,6650.2328383512795
12644.22171083279,16.983455933630466,482.8273881915957,6650.632767695934
12645.93915533647,16.992575250566006,482.90961271338165,6650.632767695934
12646.643810033798,16.992575250566006,482.90961271338165,6651.065034938976
12646.754314580932,16.994657611474395,483.00338930636644,6651.065034938976
12647.318943193182,16.994657611474395,483.00338930636644,6651.353335794061
12647.398030977696,16.99627733975649,483.06938820146024,6651.353335794061
12647.948086110875,16.99627733975649,483.06938820146024,6651.649876080453
12648.044463051483,16.997861798852682,483.14914424717426,6651.649876080453
12648.51192789711,16.997861798852682,483.14914424717426,6651.947401534766
12650.779738271609,17.003884678706527,483.20805693231523,6651.947401534766
12651.620729379356,17.003884678706527,483.20805693231523,6652.409793827683
12651.828736877069,17.005694400519133,483.3255970105529,6652.409793827683
12652.706230841577,17.005694400519133,483.3255970105529,6652.893248056993
12652.766538733616,17.007314970716834,483.37591232918203,6652.893248056993
12653.37003245391,17.007314970716834,483.37591232918203,6653.264049239457
12653.456313090399,17.008903538808227,483.44107297062874,6653.264049239457
12654.134328512475,17.008903538808227,483.44107297062874,6653.726946122944
12656.392093261704,17.013979772105813,483.5217021834105,6653.726946122944
12657.098381049931,17.013979772105813,483.5217021834105,6654.081227712333
12657.188511805609,17.015853464603424,483.5933889430016,6654.081227712333
12657.965668438002,17.015853464603424,483.5933889430016,6654.505737954751
12658.04611145705,17.017332462593913,483.65949802845716,6654.505737954751
12658.625408235937,17.017332462593913,483.65949802845716,6654.821631073952
12658.786550950259,17.019178565591574,483.734126040712,6654.821631073952
12659.595267757773,17.019178565591574,483.734126040712,6655.242084022611
12661.304034762084,17.024301018565893,483.84284981526434,6655.242084022611
12661.932586088777,17.024301018565893,483.84284981526434,6655.643887139857
12662.051466530189,17.025988118723035,483.9154219813645,6655.643887139857
12662.66422062926,17.025988118723035,483.9154219813645,6656.08388928324
12662.736677633598,17.027550799772143,483.974986968562,6656.08388928324
12663.462948314846,17.027550799772143,483.974986968562,6656.421292562038
12663.618852121755,17.02913022786379,484.1012714840472,6656.421292562038
12664.585530636832,17.02913022786379,484.1012714840472,6656.7972392160445
12668.113678956404,17.034095061942935,484.1739520933479,6656.7972392160445
12668.758451500908,17.034095061942935,484.1739520933479,6657.150303492323
12668.832973070443,17.035743691027164,484.23833516798913,6657.150303492323
12669.91314592585,17.035743691027164,484.23833516798913,6657.517298165709
12670.010134667158,17.03753017447889,484.3097180016339,6657.517298165709
12671.69815626368,17.03753017447889,484.3097180016339,6657.876042358577
12671.761300737038,17.03928249888122,484.3592257965356,6657.876042358577
12672.82322140038,17.03928249888122,484.3592257965356,6658.277582332492
12675.689841508865,17.04445486329496,484.45204338245094,6658.277582332492
12676.0912258178,17.04445486329496,484.45204338245094,6658.542712004855
12676.1652851291,17.046025110408664,484.5139653738588,6658.542712004855
12677.13073534146,17.046025110408664,484.5139653738588,6658.8444649763405
12677.259468100965,17.047668661922216,484.62513199448586,6658.8444649763405
12678.047742407769,17.047668661922216,484.62513199448586,6659.363650007173
12678.177429486066,17.049235800281167,484.74109564349055,6659.363650007173
12678.933743447065,17.049235800281167,484.74109564349055,6659.893577625975
12680.903484627604,17.054427227005363,484.80610707215965,6659.893577625975
12681.637099685147,17.054427227005363,484.80610707215965,6660.332545524463
12681.82502358593,17.056149948388338,484.8913745507598,6660.332545524463
12682.288320697844,17.056149948388338,484.8913745507598,6660.621617062017
12682.390074165538,17.058018803596497,484.9722409788519,6660.621617062017
12683.059501849115,17.058018803596497,484.9722409788519,6661.124187089503
12683.159665999934,17.059623513370752,485.0579110831022,6661.124187089503
12684.211403675377,17.059623513370752,485.0579110831022,6661.556993132457
12686.788604069501,17.064832400530577,485.12666941806674,6661.556993132457
12687.511422868818,17.064832400530577,485.12666941806674,6661.855017954484
12687.584700416774,17.06646210886538,485.1841163672507,6661.855017954484
12688.106008848175,17.06646210886538,485.1841163672507,6662.15752806142
12688.288527769968,17.068288821727037,485.24658905901015,6662.15752806142
12689.095363885164,17.068288821727037,485.24658905901015,6662.494773900136
12689.216516727582,17.06988994963467,485.3375308215618,6662.494773900136
12689.930833553895,17.06988994963467,485.3375308215618,6662.822995873168
12693.18410397321,17.074994595721364,485.4457038361579,6662.822995873168
12694.003779890016,17.074994595721364,485.4457038361579,6663.153222613037
12694.081016441807,17.07665729522705,485.49905120022595,6663.153222613037
12695.293770950288,17.07665729522705,485.49905120022595,6663.418123789132
12695.42145241052,17.078342996537685,485.6162898503244,6663.418123789132
12695.824936076999,17.078342996537685,485.6162898503244,6663.691320378333
12695.886276569217,17.07994240708649,485.6682289298624,6663.691320378333
12696.515723403543,17.07994240708649,485.6682289298624,6664.0479866713285
12697.395103514194,17.08509803004563,485.7355697993189,6664.0479866713285
12697.883146585897,17.08509803004563,485.7355697993189,6664.411448299885
12697.955564178526,17.086677610874176,485.7985592186451,6664.411448299885
12698.392254373059,17.086677610874176,485.7985592186451,6664.709578603506
12698.457952702418,17.088295770809054,485.84877144545317,6664.709578603506
12699.008594786748,17.088295770809054,485.84877144545317,6665.020226744935
12699.133214903995,17.089936638250947,485.9554150458425,6665.020226744935
12699.581609722227,17.089936638250947,485.9554150458425,6665.309574749321
12700.391614504158,17.09510798379779,486.0067089535296,6665.309574749321
12700.914175856858,17.09510798379779,486.0067089535296,6665.627982024103
12700.991054588929,17.096743304282427,486.07406093366444,6665.627982024103
12701.420388311148,17.096743304282427,486.07406093366444,6665.93390833959
12701.4936489705,17.098363203927875,486.1297657005489,6665.93390833959
12702.008045533672,17.098363203927875,486.1297657005489,6666.288946572691
12702.077636724338,17.099900852888823,486.19044084846973,6666.288946572691
12702.572473160923,17.099900852888823,486.19044084846973,6666.618362279609
12703.322593858466,17.10489089600742,486.2957054898143,6666.618362279609
12703.926120609045,17.10489089600742,486.2957054898143,6667.085262969136
12703.991790119559,17.10655806399882,486.35217082872987,6667.085262969136
12704.474310660735,17.10655806399882,486.35217082872987,6667.434928674251
12704.596641846001,17.108233893290162,486.4607409723103,6667.434928674251
12705.15508092381,17.108233893290162,486.4607409723103,6667.771879186854
12705.271229425445,17.109849086031318,486.5643116235733,6667.771879186854
12705.834539851174,17.109849086031318,486.5643116235733,6668.143148895353
12706.66205089353,17.115300204604864,486.66439817100763,6668.143148895353
12707.93013260141,17.115300204604864,486.66439817100763,6668.74046895653
12708.145306879655,17.117088807746768,486.7342370059341,6668.74046895653
12708.762683494017,17.117088807746768,486.7342370059341,6669.052034696564
12708.844102971256,17.118660647422075,486.8057667128742,6669.052034696564
12709.430724773556,17.118660647422075,486.8057667128742,6669.461907492951
12709.513437125832,17.120237985625863,486.87900706008077,6669.461907492951
12710.332981482148,17.120237985625863,486.87900706008077,6669.921673897654
12712.864331487566,17.125288989394903,486.933640377596,6669.921673897654
12713.48883732222,17.125288989394903,486.933640377596,6670.211025161669
12713.562946755439,17.12687353976071,486.9972577095032,6670.211025161669
12714.368400225416,17.12687353976071,486.9972577095032,6670.599110342562
12714.527009651065,17.12858210131526,487.0571688618511,6670.599110342562
12715.132571561262,17.12858210131526,487.0571688618511,6670.990461021662
12715.263634933159,17.13019708171487,487.16275407001376,6670.990461021662
12715.908712064847,17.13019708171487,487.16275407001376,6671.385569177568
12717.635389965028,17.141020871698856,487.259532418102,6671.385569177568
12718.218916581944,17.141020871698856,487.259532418102,6671.686250127852
12718.324950318784,17.14258020184934,487.34348564222455,6671.686250127852
12718.926598038524,17.14258020184934,487.34348564222455,6672.112222177908
12719.061833215877,17.144626390188932,487.39696430787444,6672.112222177908
12719.708918413147,17.144626390188932,487.39696430787444,6672.427120579407
12719.868736602366,17.14627306163311,487.52378744259477,6672.427120579407
12720.518485598266,17.14627306163311,487.52378744259477,6672.884443251416
12721.954951578751,17.151139430701733,487.60036189109087,6672.884443251416
12722.709876865149,17.151139430701733,487.60036189109087,6673.409486439079
12722.83289822191,17.152830980718136,487.71019414812326,6673.409486439079
12723.446180460975,17.152830980718136,487.71019414812326,6673.714926887304
12723.520133322105,17.154452892020345,487.77323973178864,6673.714926887304
12724.071210017428,17.154452892020345,487.77323973178864,6674.061866542324
12724.150412773713,17.156189791858196,487.8388933427632,6674.061866542324
12724.707949304953,17.156189791858196,487.8388933427632,6674.383173277602
12726.328142741695,17.16450921446085,487.95447353459895,6674.383173277602
12727.028913360089,17.16450921446085,487.95447353459895,6674.691790184006
12727.099621590227,17.16619637608528,488.0132089089602,6674.691790184006
12727.7315588817,17.16619637608528,488.0132089089602,6675.0123155694455
12727.814649889246,17.16774431616068,488.08686596527696,6675.0123155694455
12728.427689203992,17.16774431616068,488.08686596527696,6675.302005250007
12728.580588536337,17.169437086209655,488.13672005571425,6675.302005250007
12729.268057201058,17.169437086209655,488.13672005571425,6675.776702189818
12730.912915309891,17.17453594878316,488.24441923201084,6675.776702189818
12731.630666738376,17.17453594878316,488.24441923201084,6676.21367694065
12731.694252308458,17.176166977733374,488.29827210865915,6676.21367694065
12732.282885625958,17.176166977733374,488.29827210865915,6676.590916451067
12732.429779170081,17.17785787023604,488.38133859448135,6676.590916451067
12733.249737083912,17.17785787023604,488.38133859448135,6677.179567441344
12733.377050057054,17.179483538493514,488.4521351084113,6677.179567441344
12734.304844541475,17.179483538493514,488.4521351084113,6677.623887516558
12736.210774438456,17.186663581058383,488.55267353728414,6677.623887516558
12736.76161002554,17.186663581058383,488.55267353728414,6677.931691266596
12736.842829640955,17.188547052443027,488.61605920642614,6677.931691266596
12737.380187302828,17.188547052443027,488.61605920642614,6678.348989477381
12737.473477797583,17.1901190020144,488.6974869351834,6678.348989477381
12738.014810821041,17.1901190020144,488.6974869351834,6678.686509249732
12738.090556206182,17.193093866109848,488.7585494313389,6678.686509249732
12738.68554569222,17.193093866109848,488.7585494313389,6679.001693194732
12740.28813037835,17.198459370061755,488.82372922450304,6679.001693194732
12741.016792606562,17.198459370061755,488.82372922450304,6679.479298945516
12741.09344435297,17.200064597651362,488.8896887116134,6679.479298945516
12741.80964731425,17.200064597651362,488.8896887116134,6679.885196689516
12741.928766880184,17.201704977080226,488.9712767601013,6679.885196689516
12742.402548640966,17.201704977080226,488.9712767601013,6680.188153391704
12742.470255717635,17.20333868637681,489.02968701533973,6680.188153391704
12743.230619573966,17.20333868637681,489.02968701533973,6680.557566996664
12744.397200277075,17.20832978747785,489.13116332888603,6680.557566996664
12745.145415602252,17.20832978747785,489.13116332888603,6680.886343352497
12745.395727952942,17.210107581689954,489.1959062013775,6680.886343352497
12745.959702592343,17.210107581689954,489.1959062013775,6681.167680349201
12746.41560367681,17.212112177163363,489.2713831886649,6681.167680349201
12747.616119790822,17.212112177163363,489.2713831886649,6681.502943769097
12747.757640926167,17.21377276815474,489.3801077529788,6681.502943769097
12748.463577207178,17.21377276815474,489.3801077529788,6681.874438352883
12751.782299073413,17.21911270543933,489.4318643081933,6681.874438352883
12752.312141530216,17.21911270543933,489.4318643081933,6682.2452979739755
12752.420069189742,17.220720006152987,489.51205334439874,6682.2452979739755
12753.084773609415,17.220720006152987,489.51205334439874,6682.598742969334
12753.201687153429,17.222342416644096,489.6113878879696,6682.598742969334
12754.239139562473,17.222342416644096,489.6113878879696,6682.991068013012
12754.358190454543,17.223893012851477,489.7117568217218,6682.991068013012
12754.847786646336,17.223893012851477,489.7117568217218,6683.348820026964
12756.913374217227,17.228806322440505,489.7821242567152,6683.348820026964
12758.01473614946,17.228806322440505,489.7821242567152,6683.647888977081
12758.144280385226,17.23051474429667,489.8955834489316,6683.647888977081
12758.974791103974,17.23051474429667,489.8955834489316,6683.986158985645
12759.044303221628,17.232073072344065,489.9554685931653,6683.986158985645
12759.918848684058,17.232073072344065,489.9554685931653,6684.2949517555535
12760.042371500283,17.233803832903504,490.0383811071515,6684.2949517555535
12760.626859253272,17.233803832903504,490.0383811071515,6684.6345281377435
12761.486501131207,17.240669829770923,490.0897845476866,6684.6345281377435
12761.985128087923,17.240669829770923,490.0897845476866,6684.9828403983265
12762.058396935463,17.242196198552847,490.1534903924912,6684.9828403983265
12762.517181713134,17.242196198552847,490.1534903924912,6685.314379543066
12762.57857437618,17.24381155706942,490.2046975158155,6685.314379543066
12763.195335697383,17.24381155706942,490.2046975158155,6685.741528235376
12763.376631660387,17.249731544405222,490.34017579071224,6685.741528235376
12763.836832594126,17.249731544405222,490.34017579071224,6686.03123020567
12764.832662628964,17.25494916923344,490.4079585187137,6686.03123020567
12765.600220277905,17.25494916923344,490.4079585187137,6686.556312255561
12765.708791609854,17.256468376144767,490.4996991660446,6686.556312255561
12766.3155586496,17.256468376144767,490.4996991660446,6686.938099808991
12766.452453801408,17.258162137120962,490.6013308893889,6686.938099808991
12767.041397165507,17.258162137120962,490.6013308893889,6687.308623645455
12767.14031400159,17.259818458929658,490.6787832248956,6687.308623645455
12767.76472513564,17.259818458929658,490.6787832248956,6687.806205661967
12768.659929484129,17.264891734346747,490.7989778406918,6687.806205661967
12769.424949286506,17.264891734346747,490.7989778406918,6688.348199589178
12769.49417279847,17.266467452049255,490.8514960501343,6688.348199589178
12770.144459765404,17.266467452049255,490.8514960501343,6688.803423685953
12770.21984889172,17.26818973571062,490.91728170216084,6688.803423685953
12771.018724242225,17.26818973571062,490.91728170216084,6689.301415670663
12771.113821707666,17.269857045263052,491.00013853795826,6689.301415670663
12771.740096924827,17.269857045263052,491.00013853795826,6689.772647393867
12772.84444868192,17.274825122207403,491.0881840363145,6689.772647393867
12773.536591911688,17.274825122207403,491.0881840363145,6690.263394685462
12773.61727584526,17.27647072263062,491.1520455144346,6690.263394685462
12774.134350229055,17.27647072263062,491.1520455144346,6690.600533055142
12774.225537233055,17.278094751760364,491.2289612405002,6690.600533055142
12774.747372273356,17.278094751760364,491.2289612405002,6690.915605889633
12774.851113207638,17.27984118461609,491.30988520756364,6690.915605889633
12775.564370473847,17.27984118461609,491.30988520756364,6691.413845799863
12776.31278616935,17.284818947315216,491.3586486596614,6691.413845799863
12776.782496109605,17.284818947315216,491.3586486596614,6691.751524478197
12776.941561363637,17.286417426541448,491.4795023780316,6691.751524478197
12777.549822701141,17.286417426541448,491.4795023780316,6692.195238180459
12777.654339320958,17.288005836308002,491.57075424306095,6692.195238180459
12778.193787410855,17.288005836308002,491.57075424306095,6692.584557730705
12778.272817105055,17.289760077372193,491.63994965702295,6692.584557730705
12778.806981561705,17.289760077372193,491.63994965702295,6692.938171857968
12779.632260341197,17.29485627822578,491.7207253612578,6692.938171857968
12780.35686698556,17.29485627822578,491.7207253612578,6693.421666909009
12780.456392692402,17.296422285959125,491.8039277214557,6693.421666909009
12780.946195058525,17.296422285959125,491.8039277214557,6693.7547954227775
12781.018690409139,17.297967733815312,491.8669358808547,6693.7547954227775
12781.50758565776,17.297967733815312,491.8669358808547,6694.080086544156
12781.573498792946,17.29955904185772,491.9221566990018,6694.080086544156
12782.14584036544,17.29955904185772,491.9221566990018,6694.473517598584
12783.048492489383,17.306191014125943,492.0131150390953,6694.473517598584
12783.480703970417,17.306191014125943,492.0131150390953,6694.780591318384
12783.54866078496,17.30778423510492,492.07180385664105,6694.780591318384
12784.03466510959,17.30778423510492,492.07180385664105,6695.096025345847
12784.127708178014,17.309375884011388,492.14736096933484,6695.096025345847
12784.78303895332,17.309375884011388,492.14736096933484,6695.613853733987
12784.860032241791,17.31091601215303,492.2120226379484,6695.613853733987
12785.371617177501,17.31091601215303,492.2120226379484,6695.973063632846
12785.816350907087,17.315963925793767,492.2888300921768,6695.973063632846
12786.308352589607,17.315963925793767,492.2888300921768,6696.330411665142
12786.3764734976,17.31756166368723,492.3475668914616,6696.330411665142
12786.931910853833,17.31756166368723,492.3475668914616,6696.70963127166
12787.00968901813,17.319201283156872,492.41555009409785,6696.70963127166
12787.5970051568,17.319201283156872,492.41555009409785,6697.165700146928
12787.67264657095,17.320780152454972,492.4818398896605,6697.165700146928
12788.186356615275,17.320780152454972,492.4818398896605,6697.523333175108
12788.87621592544,17.325647342950106,492.5508751627058,6697.523333175108
12789.39923449047,17.325647342950106,492.5508751627058,6697.871760806069
12789.484769511968,17.328980473801494,492.6196619234979,6697.871760806069
12790.151315242052,17.328980473801494,492.6196619234979,6698.290766965598
12790.252063957974,17.330633571371436,492.71052805148065,6698.290766965598
12791.085641881451,17.330633571371436,492.71052805148065,6698.9337061513215
12791.183569718152,17.332216829061508,492.7978853955865,6698.9337061513215
12791.751145644113,17.332216829061508,492.7978853955865,6699.363086305559
12792.670006705448,17.33724624104798,492.8567173779011,6699.363086305559
12793.110167665407,17.33724624104798,492.8567173779011,6699.690728342161
12793.181098803878,17.339359488338232,492.9170984160155,6699.690728342161
12793.780621197075,17.339359488338232,492.9170984160155,6700.172186613083
12793.859895538539,17.34090568497777,492.9868180323392,6700.172186613083
12794.364438245073,17.34090568497777,492.9868180323392,6700.516238309443
12794.437272069976,17.34262215346098,493.04987816140056,6700.516238309443
12794.960419416428,17.34262215346098,493.04987816140056,6700.889171717688
12795.614628532901,17.34761186502874,493.16570813953876,6700.889171717688
12796.109368378296,17.34761186502874,493.16570813953876,6701.237796664238
12796.184825129807,17.34926461428404,493.2315331250429,6701.237796664238
12796.7940129973,17.34926461428404,493.2315331250429,6701.677239712328
12796.87250732258,17.350867815315723,493.2967316303402,6701.677239712328
12797.45232000202,17.350867815315723,493.2967316303402,6702.114524178207
12797.537588937208,17.352472195401788,493.36753677763045,6702.114524178207
12798.098078537732,17.352472195401788,493.36753677763045,6702.508317882195
12798.624682445079,17.357499668374658,493.45330010540783,6702.508317882195
12799.26201264374,17.357499668374658,493.45330010540783,6702.989739764482
12799.349723925814,17.359193047508597,493.5233580097556,6702.989739764482
12800.120334425941,17.359193047508597,493.5233580097556,6703.478503923863
12800.205133415759,17.360759815201163,493.59399020671844,6703.478503923863
12800.75213441439,17.360759815201163,493.59399020671844,6703.845343049616
12800.833826934919,17.36233104392886,493.66164697520435,6703.845343049616
12801.490655103698,17.36233104392886,493.66164697520435,6704.300729425624
12802.123649073765,17.36723640933633,493.7660329081118,6704.300729425624
12802.805626425892,17.36723640933633,493.7660329081118,6704.767105506733
12802.893840925768,17.368812007829547,493.84158121049404,6704.767105506733
12803.50694293715,17.368812007829547,493.84158121049404,6705.191196255386
12803.609012557194,17.37042742781341,493.91968642920256,6705.191196255386
12804.282390313223,17.37042742781341,493.91968642920256,6705.65975718759
12804.362243486568,17.372053327038884,493.9899089317769,6705.65975718759
12804.798883641139,17.372053327038884,493.9899089317769,6705.962987715378
12805.731032930315,17.377028856426477,494.04406038857996,6705.962987715378
12806.864939775318,17.377028856426477,494.04406038857996,6706.360711341724
12806.973990621045,17.37863694690168,494.11191154271364,6706.360711341724
12807.700387118384,17.37863694690168,494.11191154271364,6706.637399544939
12807.816254617646,17.380279254168272,494.1618858538568,6706.637399544939
12808.604800105095,17.380279254168272,494.1618858538568,6707.088556542993
12808.749308852479,17.38191848434508,494.2656295970082,6707.088556542993
12809.670804778114,17.38191848434508,494.2656295970082,6707.390669545159
12812.331704694778,17.38687202334404,494.3184973821044,6707.390669545159
12813.20657226257,17.38687202334404,494.3184973821044,6707.666025543585
12813.30602965504,17.388497883453965,494.3980790283531,6707.666025543585
12813.942300597206,17.388497883453965,494.3980790283531,6708.026366256177
12814.007969131693,17.39010952413082,494.45041509345174,6708.026366256177
12814.760218294337,17.39010952413082,494.45041509345174,6708.370283441618
12814.833830581978,17.391671333462,494.51060429029167,6708.370283441618
12815.360695259646,17.391671333462,494.51060429029167,6708.783064860851
12817.594095882028,17.396655585616827,494.5590266343206,6708.783064860851
12818.035588057712,17.396655585616827,494.5590266343206,6709.08295414038
12818.114690333605,17.39820498600602,494.62847263738513,6709.08295414038
12818.622394157574,17.39820498600602,494.62847263738513,6709.403154861182
12818.754112273455,17.399840535596013,494.7368941344321,6709.403154861182
12819.626968514174,17.399840535596013,494.7368941344321,6709.9355293195695
12819.714100886136,17.4014734569937,494.8102154675871,6709.9355293195695
12820.268119025975,17.4014734569937,494.8102154675871,6710.2540908791125
12821.173093724996,17.407815931364894,494.8974633216858,6710.2540908791125
12821.967982981354,17.407815931364894,494.8974633216858,6710.723868407309
12822.045932566747,17.409394619986415,494.96247820556164,6710.723868407309
12822.59814536199,17.409394619986415,494.96247820556164,6711.105414822698
12822.66700880602,17.411385094746947,495.02077635750175,6711.105414822698
12823.361879125237,17.411385094746947,495.02077635750175,6711.43077814579
12823.532039837912,17.413074104115367,495.08866629190743,6711.43077814579
12824.442568570375,17.413074104115367,495.08866629190743,6711.796347524971
12826.226078737527,17.41848629154265,495.13670529052615,6711.796347524971
12827.089101413265,17.41848629154265,495.13670529052615,6712.088561048731
12827.217064684257,17.420127959921956,495.2359636090696,6712.088561048731
12827.85640306212,17.420127959921956,495.2359636090696,6712.566436884925
12827.968246141449,17.421831572428346,495.32769007235765,6712.566436884925
12828.70373640582,17.421831572428346,495.32769007235765,6712.8795044552535
12828.825280599296,17.423415081575513,495.4254853874445,6712.8795044552535
12829.296433893964,17.423415081575513,495.4254853874445,6713.195149293169
12830.818028276786,17.43879139982164,495.52697983942926,6713.195149293169
12831.547136029229,17.43879139982164,495.52697983942926,6713.483921756968
12831.674719231203,17.44041004963219,495.6336465254426,6713.483921756968
12832.202819723636,17.44041004963219,495.6336465254426,6713.757988942787
12832.285746401176,17.441955698654056,495.6955876853317,6713.757988942787
12832.973941633478,17.441955698654056,495.6955876853317,6714.081590875983
12833.05484071374,17.447883617132902,495.7579665686935,6714.081590875983
12833.535265056416,17.447883617132902,495.7579665686935,6714.382194451988
12835.214656788856,17.4571711756289,495.8340690135956,6714.382194451988
12835.647189106792,17.4571711756289,495.8340690135956,6714.680211972445
12835.724698746577,17.458720114082098,495.8973499480635,6714.680211972445
12836.450142472982,17.458720114082098,495.8973499480635,6715.119078984484
12836.620135081932,17.46034181304276,495.9709582384676,6715.119078984484
12837.089927541092,17.46034181304276,495.9709582384676,6715.442622656003
12837.296256525442,17.461984081193805,496.05520163848996,6715.442622656003
12838.15061957948,17.461984081193805,496.05520163848996,6715.997901022434
12840.318360583857,17.469994304701686,496.12903389148414,6715.997901022434
12840.893783900887,17.469994304701686,496.12903389148414,6716.291374091059
12840.973963029683,17.471619023010135,496.1908620148897,6716.291374091059
12842.01353335753,17.471619023010135,496.1908620148897,6716.707831518725
12842.114581853151,17.473269371315837,496.2454133313149,6716.707831518725
12842.748781241477,17.473269371315837,496.2454133313149,6717.084446039051
12842.8479931131,17.47485624998808,496.33087290264666,6717.084446039051
12843.649488093331,17.47485624998808,496.33087290264666,6717.584045659751
12845.442448975518,17.479870131239295,496.4297153968364,6717.584045659751
12846.035968411714,17.479870131239295,496.4297153968364,6717.982159426436
12846.09640343301,17.481510812416673,496.48047281987965,6717.982159426436
12846.851880684495,17.481510812416673,496.48047281987965,6718.445753609762
12846.972837967798,17.48321051336825,496.564668148756,6718.445753609762
12847.605691673234,17.48321051336825,496.564668148756,6718.907346572727
12847.678758013994,17.48473778180778,496.62867236323655,6718.907346572727
12848.231205709279,17.48473778180778,496.62867236323655,6719.252661505714
12850.072268752381,17.489969504997134,496.69833507947624,6719.252661505714
12850.677982600406,17.489969504997134,496.69833507947624,6719.602973142639
12850.82461292483,17.491675816476345,496.7692205104977,6719.602973142639
12851.46716317907,17.491675816476345,496.7692205104977,6719.997303202748
12851.554252162576,17.493370978161693,496.84638277441263,6719.997303202748
12852.196472819895,17.493370978161693,496.84638277441263,6720.304942036048
12852.286901993677,17.495295582339168,496.91365534998477,6720.304942036048
12852.883905053139,17.495295582339168,496.91365534998477,6720.6243500337005
12854.53305371292,17.502021996304393,497.018569720909,6720.6243500337005
12855.225753182545,17.502021996304393,497.018569720909,6721.02380726859
12855.374902656302,17.503619875758886,497.1447595991194,6721.02380726859
12856.013944325969,17.503619875758886,497.1447595991194,6721.403588216752
12856.108861729503,17.50564998202026,497.2293715067208,6721.403588216752
12856.697196874768,17.50564998202026,497.2293715067208,6721.774923352525
12856.815569082275,17.50727643445134,497.3287467416376,6721.774923352525
12857.41063460894,17.50727643445134,497.3287467416376,6722.205007297918
12858.731896162033,17.51902239397168,497.396551406011,6722.205007297918
12859.394428176805,17.51902239397168,497.396551406011,6722.62061291188
12859.51366353035,17.52070316299796,497.46009193360806,6722.62061291188
12860.171377496794,17.52070316299796,497.46009193360806,6722.97422336787
12860.241228129715,17.522301640361547,497.50924281962216,6722.97422336787
12860.78920439817,17.522301640361547,497.50924281962216,6723.365548174828
12860.860714146867,17.52393615990877,497.5712054576725,6723.365548174828
12861.515428233892,17.52393615990877,497.5712054576725,6723.731967162341
12862.870592698455,17.53023039549589,497.6664400175214,6723.731967162341
12863.450869649649,17.53023039549589,497.6664400175214,6724.094791157171
12863.527150858194,17.531857984140515,497.7326869852841,6724.094791157171
12864.198835358024,17.531857984140515,497.7326869852841,6724.533368837088
12864.329416697845,17.53344794176519,497.84955744445324,6724.533368837088
12864.982433611527,17.53344794176519,497.84955744445324,6724.982771873474
12865.089450126514,17.53537579625845,497.9426887165755,6724.982771873474
12865.778630133718,17.53537579625845,497.9426887165755,6725.4304281603545
12867.101316703483,17.540744552388787,498.04270256496966,6725.4304281603545
12867.658588958904,17.540744552388787,498.04270256496966,6725.806772297248
12867.733539042994,17.54237906076014,498.10775179229677,6725.806772297248
12868.511165538803,17.54237906076014,498.10775179229677,6726.166381413117
12868.605662887916,17.544384567067027,498.18276146799326,6726.166381413117
12869.143898559734,17.544384567067027,498.18276146799326,6726.494826745242
12869.20373008214,17.5461123585701,498.23244565725327,6726.494826745242
12869.684320801869,17.5461123585701,498.23244565725327,6726.830871826038
12871.521911535412,17.553252905607224,498.3025663420558,6726.830871826038
12872.022047761828,17.553252905607224,498.3025663420558,6727.167823862284
12872.11569622159,17.554836694151163,498.36663196980953,6727.167823862284
12872.771785406396,17.554836694151163,498.36663196980953,6727.50895563513
12872.855318240821,17.556538324803114,498.4284484889358,6727.50895563513
12873.558927522972,17.556538324803114,498.4284484889358,6727.862151497975
12873.632870160043,17.558215023949742,498.4922171011567,6727.862151497975
12874.285258505493,17.558215023949742,498.4922171011567,6728.183054575697
12876.452186381444,17.565117675811052,498.60772581771016,6728.183054575697
12877.0732952822,17.565117675811052,498.60772581771016,6728.500074641779
12877.394086237997,17.566929657012224,498.6594584938139,6728.500074641779
12878.06817107834,17.566929657012224,498.6594584938139,6728.814175104722
12878.160965882242,17.568598357960582,498.7195882406086,6728.814175104722
12878.626477183774,17.568598357960582,498.7195882406086,6729.131856484339
12878.840541670099,17.570258317515254,498.80881387367845,6729.131856484339
12879.3973900415,17.570258317515254,498.80881387367845,6729.485233908519
12882.980441197753,17.575493339449167,498.9194326028228,6729.485233908519
12883.574900858104,17.575493339449167,498.9194326028228,6729.822881240398
12883.65015414916,17.57707341015339,498.9738989472389,6729.822881240398
12884.140152040869,17.57707341015339,498.9738989472389,6730.151462499052
12884.209003796801,17.578698091208935,499.03193201497197,6730.151462499052
12885.184098735452,17.578698091208935,499.03193201497197,6730.600556952879
12885.281145278364,17.580304751172662,499.10732990689576,6730.600556952879
12885.778736189008,17.580304751172662,499.10732990689576,6730.923915805295
12888.368219541386,17.58534706197679,499.1583723500371,6730.923915805295
12888.927637876943,17.58534706197679,499.1583723500371,6731.221266446635
12888.998151443899,17.586929822340608,499.21316367946565,6731.221266446635
12889.58632542193,17.586929822340608,499.21316367946565,6731.573740936816
12889.664741396904,17.588518779724836,499.2813198007643,6731.573740936816
12890.161555346102,17.588518779724836,499.2813198007643,6731.849492510781
12890.24233680591,17.59015223197639,499.35235079564154,6731.849492510781
12890.921375397593,17.59015223197639,499.35235079564154,6732.1947137489915
12894.238726155832,17.595749523490667,499.47382774204016,6732.1947137489915
12894.764507437125,17.595749523490667,499.47382774204016,6732.565960716456
12894.841987738386,17.597348902374506,499.5377093460411,6732.565960716456
12895.493266226724,17.597348902374506,499.5377093460411,6732.9096705392
12895.559782288969,17.598865818232298,499.588375531137,6732.9096705392
12896.059390010312,17.598865818232298,499.588375531137,6733.248612754047
12896.145038757473,17.600439377129078,499.65576585009694,6733.248612754047
12896.800641775131,17.600439377129078,499.65576585009694,6733.576616812497
12899.297837087885,17.605472138151526,499.7544320318848,6733.576616812497
12899.85115834698,17.605472138151526,499.7544320318848,6733.940067190677
12899.981096005067,17.60719689913094,499.8617093022913,6733.940067190677
12901.058819195256,17.60719689913094,499.8617093022913,6734.386746505275
12901.204529888928,17.610124642029405,499.97124522179365,6734.386746505275
12902.109850682318,17.610124642029405,499.97124522179365,6734.728892128915
12902.383906485513,17.611916257068515,500.0258445497602,6734.728892128915
12902.963862678036,17.611916257068515,500.0258445497602,6735.050985859707
12904.962664075196,17.61684030480683,500.0838222466409,6735.050985859707
12905.760350393131,17.61684030480683,500.0838222466409,6735.412104535848
12905.837370146066,17.61858963407576,500.1465986408293,6735.412104535848
12906.465699993074,17.61858963407576,500.1465986408293,6735.72095002979
12906.68936537765,17.622724667191505,500.20465417020023,6735.72095002979
12907.586511865258,17.622724667191505,500.20465417020023,6736.138717142865
12907.699104379863,17.62432261556387,500.2880780044943,6736.138717142865
12908.149260057136,17.62432261556387,500.2880780044943,6736.400602767244
12910.014076994732,17.62935071438551,500.3455619942397,6736.400602767244
12910.847050134093,17.62935071438551,500.3455619942397,6736.684198055416
12910.978820726275,17.630976663902402,500.44244116544724,6736.684198055416
12911.60318538174,17.630976663902402,500.44244116544724,6737.137396577746
12911.70206316188,17.632568292319775,500.5191963016987,6737.137396577746
12912.097700381652,17.632568292319775,500.5191963016987,6737.403293782845
12912.16310938634,17.63420356065035,500.5739665925503,6737.403293782845
12912.688998881727,17.63420356065035,500.5739665925503,6737.704419527203
12915.118880389258,17.639095226302743,500.65475729480386,6737.704419527203
12916.04677032493,17.639095226302743,500.65475729480386,6738.0739886797965
12916.13922780566,17.640792755410075,500.73697363212705,6738.0739886797965
12916.879635201767,17.640792755410075,500.73697363212705,6738.466749820858
12917.0024221614,17.64236169308424,500.8421607930213,6738.466749820858
12917.793658126146,17.64236169308424,500.8421607930213,6739.017456356436
12917.907825021073,17.64397785998881,500.94273061305285,6739.017456356436
12918.601997442544,17.64397785998881,500.94273061305285,6739.39266414009
12920.555745553225,17.64899455010891,500.9908748753369,6739.39266414009
12921.335303889588,17.64899455010891,500.9908748753369,6739.883649567142
12921.432217370719,17.650561600923538,501.07412273064256,6739.883649567142
12922.014054851606,17.650561600923538,501.07412273064256,6740.272889716551
12922.142322050408,17.65215265005827,501.17890801467,6740.272889716551
12922.858710974455,17.65215265005827,501.17890801467,6740.82718309015
12923.01565368101,17.65376099012792,501.3010274618864,6740.82718309015
12923.856578525156,17.65376099012792,501.3010274618864,6741.325603861362
12925.486090539023,17.658835537731647,501.3761849012226,6741.325603861362
12926.0316936858,17.658835537731647,501.3761849012226,6741.666134007275
12926.23963097483,17.660638650879264,501.457075715065,6741.666134007275
12926.71578538604,17.660638650879264,501.457075715065,6741.934662023559
12926.78829474561,17.6622330006212,501.5151001829654,6741.934662023559
12927.318513974547,17.6622330006212,501.5151001829654,6742.19450930506
12927.404497638345,17.663811799138784,501.58326962403953,6742.19450930506
12927.908599603921,17.663811799138784,501.58326962403953,6742.461872041225
12929.91427603364,17.66928656026721,501.67597055248916,6742.461872041225
12930.650701120496,17.66928656026721,501.67597055248916,6742.844901883975
12930.88837674819,17.67113871499896,501.80876224301755,6742.844901883975
12931.621100097895,17.67113871499896,501.80876224301755,6743.307877384126
12931.717865306884,17.672784473747015,501.8913161046803,6743.307877384126
12932.547983810306,17.672784473747015,501.8913161046803,6743.849089730531
12932.686218930408,17.67455715686083,502.00200292654335,6743.849089730531
12933.450286654755,17.67455715686083,502.00200292654335,6744.38190475665
12935.02709788084,17.679450284689665,502.0517065450549,6744.38190475665
12935.688292777166,17.679450284689665,502.0517065450549,6744.75655261986
12935.824666453525,17.681181063875556,502.1232913788408,6744.75655261986
12936.575130766258,17.681181063875556,502.1232913788408,6745.280842151493
12936.73972959444,17.68298925831914,502.2133069746196,6745.280842151493
12937.38028184697,17.68298925831914,502.2133069746196,6745.599813601002
12937.528636649251,17.684702528640628,502.3475968129933,6745.599813601002
12938.147445591167,17.684702528640628,502.3475968129933,6745.9659081008285
12940.146406553686,17.689583545550704,502.4701522476971,6745.9659081008285
12940.793130401522,17.689583545550704,502.4701522476971,6746.369925778359
12940.865097662434,17.691225526854396,502.53219717927277,6746.369925778359
12941.43486379832,17.691225526854396,502.53219717927277,6746.707916723564
12941.518291546032,17.692837914451957,502.60608067549765,6746.707916723564
12942.285121105611,17.692837914451957,502.60608067549765,6747.16504792124
12942.364020094275,17.6943830139935,502.67292177304626,6747.16504792124
12942.918123265728,17.6943830139935,502.67292177304626,6747.452135244384
12944.879088664427,17.700862849131227,502.72607877478004,6747.452135244384
12945.468681918457,17.700862849131227,502.72607877478004,6747.802747996524
12945.66127154231,17.703751541674137,502.7946425359696,6747.802747996524
12946.104463987052,17.703751541674137,502.7946425359696,6748.097729071975
12946.163574418053,17.70524854771793,502.8439583554864,6748.097729071975
12946.623050469905,17.70524854771793,502.8439583554864,6748.378580505028
12946.716376084834,17.706836875528097,502.8966083675623,6748.378580505028
12947.630196304992,17.706836875528097,502.8966083675623,6748.7261892315
12951.427324822173,17.711874827742577,502.9450991153717,6748.7261892315
12952.136746326461,17.711874827742577,502.9450991153717,6749.037636714056
12952.199329437688,17.71346064656973,502.99776751734316,6749.037636714056
12952.846470093355,17.71346064656973,502.99776751734316,6749.3066542595625
12952.924713818356,17.71506822668016,503.0594918448478,6749.3066542595625
12953.53681417182,17.71506822668016,503.0594918448478,6749.706634815782
12953.751017997041,17.716867806389928,503.10813223570585,6749.706634815782
12954.223714847118,17.716867806389928,503.10813223570585,6750.04573863931
12956.672689421102,17.729771291837096,503.1907144393772,6750.04573863931
12957.216761793941,17.729771291837096,503.1907144393772,6750.383636953309
12957.290692031384,17.731348579749465,503.252234140411,6750.383636953309
12957.894659709185,17.731348579749465,503.252234140411,6750.830785633996
12958.148328248411,17.733109664171934,503.33866388350725,6750.830785633996
12958.838254630566,17.733109664171934,503.33866388350725,6751.113794302568
12958.954939901829,17.73568532988429,503.4409365747124,6751.113794302568
12959.575845014304,17.73568532988429,503.4409365747124,6751.405669974163
12962.764073858038,17.740750320255756,503.5057610273361,6751.405669974163
12963.335496986285,17.740750320255756,503.5057610273361,6751.753284392878
12963.417828265578,17.742375168949366,503.57092570513487,6751.753284392878
12964.098241033033,17.742375168949366,503.57092570513487,6752.035249773413
12964.197162985802,17.743931086733937,503.62060289271176,6752.035249773413
12964.68713947013,17.743931086733937,503.62060289271176,6752.293369183317
12964.75333698839,17.745468275621533,503.67533708550036,6752.293369183317
12965.306850153953,17.745468275621533,503.67533708550036,6752.628945365548
12966.196788284928,17.750288739800453,503.7275218293071,6752.628945365548
12966.856482351199,17.750288739800453,503.7275218293071,6753.068806143478
12966.961718015373,17.751907870173454,503.8159979619086,6753.068806143478
12967.490353241563,17.751907870173454,503.8159979619086,6753.434546822682
12967.560256345198,17.753638990223408,503.8760698605329,6753.434546822682
12968.011072933674,17.753638990223408,503.8760698605329,6753.75744879432
12968.08178499341,17.755237728357315,503.93737465143204,6753.75744879432
12968.545558953658,17.755237728357315,503.93737465143204,6754.0864585172385
12969.52018225938,17.7601550295949,504.0200796108693,6754.0864585172385
12970.113183759153,17.7601550295949,504.0200796108693,6754.382776508108
12970.244806690142,17.76171575859189,504.13711519911885,6754.382776508108
12970.72707680799,17.76171575859189,504.13711519911885,6754.685483966023
12970.827471753582,17.76329563744366,504.2245708145201,6754.685483966023
12971.329845594242,17.76329563744366,504.2245708145201,6755.0371629484
12971.461319474503,17.764864644035697,504.3342532310635,6755.0371629484
12972.079022401944,17.764864644035697,504.3342532310635,6755.432959470898
12972.987195815891,17.770199671387672,504.4149799514562,6755.432959470898
12973.636896790937,17.770199671387672,504.4149799514562,6755.904619857669
12973.724044419825,17.77179289981723,504.4818542804569,6755.904619857669
12974.178410472348,17.77179289981723,504.4818542804569,6756.240220842883
12974.291721381247,17.77341379970312,504.58202390372753,6756.240220842883
12974.768862437457,17.77341379970312,504.58202390372753,6756.557564046234
12974.90376461856,17.77511958219111,504.6902057919651,6756.557564046234
12975.395464066416,17.77511958219111,504.6902057919651,6756.8529910333455
12976.309827791527,17.779963232576847,504.79069387353957,6756.8529910333455
12976.761555345729,17.779963232576847,504.79069387353957,6757.158147733659
12976.835861651227,17.78163387440145,504.84118651784956,6757.158147733659
12977.306705961004,17.78163387440145,504.84118651784956,6757.47727053985
12977.365270832554,17.783204155042768,504.8903862182051,6757.47727053985
12977.987606385723,17.783204155042768,504.8903862182051,6757.929262010381
12978.103829218075,17.784775933250785,504.9866998195648,6757.929262010381
12978.512023093179,17.784775933250785,504.9866998195648,6758.212542239577
12979.463540086523,17.790286261588335,505.0356935188174,6758.212542239577
12979.90713394247,17.790286261588335,505.0356935188174,6758.52967600897
12979.978284910321,17.791888400912285,505.0973364152014,6758.52967600897
12980.445311240852,17.791888400912285,505.0973364152014,6758.8327257446945
12980.508360313252,17.793531708419323,505.15050487592816,6758.8327257446945
12980.946380382404,17.793531708419323,505.15050487592816,6759.145845061168
12981.018231501803,17.795095305889845,505.2125476170331,6759.145845061168
12981.441200586036,17.795095305889845,505.2125476170331,6759.448745273054
12981.978029001504,17.799981886520982,505.261307772249,6759.448745273054
12982.577760465443,17.799981886520982,505.261307772249,6759.775809012353
12982.707631165162,17.801680309697986,505.3699457682669,6759.775809012353
12983.265552124009,17.801680309697986,505.3699457682669,6760.096006916836
12983.32841502875,17.803381821140647,505.4192244205624,6760.096006916836
12983.888105129823,17.803381821140647,505.4192244205624,6760.430762885138
12983.975687555969,17.805631393566728,505.49569239653647,6760.430762885138
12984.758223278448,17.805631393566728,505.49569239653647,6760.9076665285975
12985.649808166549,17.81048906967044,505.59714487195015,6760.9076665285975
12986.280090853572,17.81048906967044,505.59714487195015,6761.377739455551
12986.362523753196,17.81221034191549,505.668143896386,6761.377739455551
12986.788105446845,17.81221034191549,505.668143896386,6761.674155872315
12986.87912494503,17.8139233533293,505.7423827070743,6761.674155872315
12987.51242072694,17.8139233533293,505.7423827070743,6762.09896732308
12987.624420745298,17.815677033737302,505.8435557689518,6762.09896732308
12988.189094536006,17.815677033737302,505.8435557689518,6762.505302237347
12989.009213980287,17.82068263180554,505.9618499521166,6762.505302237347
12989.525415154174,17.82068263180554,505.9618499521166,6762.883789729327
12989.604116477072,17.822301110252738,506.01984361186624,6762.883789729327
12990.058160645887,17.822301110252738,506.01984361186624,6763.213927445933
12990.12614822574,17.823899511247873,506.0783552415669,6763.213927445933
12990.569907588884,17.823899511247873,506.0783552415669,6763.51258898899
12990.644085189328,17.82545781880617,506.1431463137269,6763.51258898899
12991.125604415312,17.82545781880617,506.1431463137269,6763.813410991803
12991.809134317562,17.830320136621594,506.23696760088205,6763.813410991803
12992.412850765511,17.830320136621594,506.23696760088205,6764.222072837874
12992.479441162199,17.831937957555056,506.28608577139676,6764.222072837874
12992.898153841496,17.831937957555056,506.28608577139676,6764.50638705492
12992.96682382375,17.833524057641625,506.34237807802856,6764.50638705492
12993.600283060223,17.833524057641625,506.34237807802856,6764.885736661032
12993.695605685934,17.837046582251787,506.42025241814554,6764.885736661032
12994.166868155822,17.837046582251787,506.42025241814554,6765.224318969995
12994.706173649058,17.84195421077311,506.4690270703286,6765.224318969995
12995.314342757687,17.84195421077311,506.4690270703286,6765.56504390575
12995.376495253295,17.843618409708142,506.518720138818,6765.56504390575
12995.860075816512,17.843618409708142,506.518720138818,6765.9135819058865
12995.930047053844,17.845178216695786,506.57902971096337,6765.9135819058865
12996.392782090232,17.845178216695786,506.57902971096337,6766.241497391835
12996.460402114317,17.8466632720083,506.63711615279317,6766.241497391835
12996.921065142378,17.8466632720083,506.63711615279317,6766.571586318314
12997.589048363268,17.852138681337237,506.710828628391,6766.571586318314
12998.09085595794,17.852138681337237,506.710828628391,6766.928754573688
12998.15656156838,17.853753520175815,506.76679521240294,6766.928754573688
12998.81036873348,17.853753520175815,506.76679521240294,6767.414950275794
12998.895167227834,17.855325208976865,506.82977499999106,6767.414950275794
12999.472245894372,17.855325208976865,506.82977499999106,6767.790800239891
12999.613395189866,17.85692458599806,506.9544064346701,6767.790800239891
13000.113306839019,17.85692458599806,506.9544064346701,6768.146713541821
13000.757720354944,17.863366201519966,507.0063185747713,6768.146713541821
13001.331323038787,17.863366201519966,507.0063185747713,6768.5489857159555
13001.40276014246,17.8650037124753,507.068371610716,6768.5489857159555
13001.86997793056,17.8650037124753,507.068371610716,6768.889633631334
13001.94375881739,17.866555519402027,507.1327051669359,6768.889633631334
13002.406883521006,17.866555519402027,507.1327051669359,6769.221102043986
13002.487132433802,17.868084399029613,507.1991137303412,6769.221102043986
13002.931494249031,17.868084399029613,507.1991137303412,6769.528061121702
13003.578571934253,17.873050417751074,507.2520639002323,6769.528061121702
13004.054998109117,17.873050417751074,507.2520639002323,6769.882594918832
13004.122930957004,17.874567793682218,507.31075502187014,6769.882594918832
13004.558705827221,17.874567793682218,507.31075502187014,6770.216721219942
13004.63106450811,17.876156544312835,507.3660067114979,6770.216721219942
13005.01893780008,17.876156544312835,507.3660067114979,6770.505858516321
13005.087658504024,17.877789236605167,507.42521357536316,6770.505858516321
13005.56078309007,17.877789236605167,507.42521357536316,6770.818536967039
13006.276190251112,17.882823219522834,507.5469940789044,6770.818536967039
13006.739548809826,17.882823219522834,507.5469940789044,6771.120314121246
13006.875459320843,17.884508810937405,507.65970642864704,6771.120314121246
13007.605575360358,17.884508810937405,507.65970642864704,6771.661277312785
13007.684912255034,17.886134130880237,507.7253245562315,6771.661277312785
13008.164979547262,17.886134130880237,507.7253245562315,6772.009104348719
13008.240205219015,17.887695459648967,507.78263902291656,6772.009104348719
13009.534225277603,17.887695459648967,507.78263902291656,6772.585192767903
13013.54224043712,17.894045183435082,507.83081428706646,6772.585192767903
13013.911696378142,17.894045183435082,507.83081428706646,6772.8446739744395
13013.976580912247,17.89560718089342,507.88548734784126,6772.8446739744395
13014.57810118422,17.89560718089342,507.88548734784126,6773.152647059411
13014.71862417832,17.89720233902335,507.9941098932177,6773.152647059411
13015.261455005035,17.89720233902335,507.9941098932177,6773.47174429521
13015.373727969825,17.89882616698742,508.0892677754164,6773.47174429521
13015.95212495327,17.89882616698742,508.0892677754164,6773.890085818246
13016.674236597493,17.90370934456587,508.1571163646877,6773.890085818246
13017.495417717844,17.90370934456587,508.1571163646877,6774.514832329005
13017.629436265677,17.905258933082223,508.27716434933245,6774.514832329005
13018.423446621746,17.905258933082223,508.27716434933245,6775.12240483053
13018.514890847728,17.906885232776403,508.34816679544747,6775.12240483053
13019.308582009748,17.906885232776403,508.34816679544747,6775.706875061616
13019.409086080268,17.90862056426704,508.4194932561368,6775.706875061616
13019.876795198768,17.90862056426704,508.4194932561368,6776.048299364746
13020.563777979463,17.913622615858912,508.5255724284798,6776.048299364746
13021.157656114548,17.913622615858912,508.5255724284798,6776.499563677236
13021.235412111506,17.91523379459977,508.58973034098744,6776.499563677236
13021.78077659756,17.91523379459977,508.58973034098744,6776.820795793086
13021.918437330052,17.916868494823575,508.7033033873886,6776.820795793086
13022.481901263818,17.916868494823575,508.7033033873886,6777.158613761887
13022.588703477755,17.918485574424267,508.78679948858917,6777.158613761887
13023.569563370198,17.918485574424267,508.78679948858917,6777.74133753404
13025.238312199712,17.923457231372595,508.85955828614533,6777.74133753404
13025.864648740739,17.923457231372595,508.85955828614533,6778.037841541693
13026.004455873743,17.925040980800986,508.9806988481432,6778.037841541693
13026.535098545253,17.925040980800986,508.9806988481432,6778.338007038459
13026.638933254406,17.926697531715035,509.03040624782443,6778.338007038459
13027.157238801941,17.926697531715035,509.03040624782443,6778.646966982633
13027.253306629136,17.928332291543484,509.0993793066591,6778.646966982633
13028.12063027732,17.928332291543484,509.0993793066591,6778.963476374745
13030.138105304912,17.93344764597714,509.16286247596145,6778.963476374745
13030.595222685486,17.93344764597714,509.16286247596145,6779.278011910617
13030.89226927422,17.935074707493186,509.2528517860919,6779.278011910617
13031.452037833631,17.935074707493186,509.2528517860919,6779.581971384585
13031.629280174151,17.936643555760384,509.3109129872173,6779.581971384585
13032.251602893695,17.936643555760384,509.3109129872173,6779.862737620249
13032.341704016551,17.93830206617713,509.3872377090156,6779.862737620249
13033.063059499487,17.93830206617713,509.3872377090156,6780.201269540936
13034.848508188501,17.94332787953317,509.47811976633966,6780.201269540936
13035.383377373219,17.94332787953317,509.47811976633966,6780.500443760306
13035.476713156328,17.945019809529185,509.55066560022533,6780.500443760306
13036.012828806415,17.945019809529185,509.55066560022533,6780.845149002969
13036.092619549483,17.946637209504843,509.60032968968153,6780.845149002969
13036.578449890018,17.946637209504843,509.60032968968153,6781.205447020009
13036.65705736354,17.94825826957822,509.66937953978777,6781.205447020009
13037.134120672941,17.94825826957822,509.66937953978777,6781.484831219539
13038.026540350169,17.95327578857541,509.76341450214386,6781.484831219539
13038.680686077103,17.95327578857541,509.76341450214386,6781.942190894857
13038.760029833764,17.95487693697214,509.82291411980987,6781.942190894857
13039.555466501042,17.95487693697214,509.82291411980987,6782.481801299378
13039.652949277312,17.956414794549346,509.90416568145156,6782.481801299378
13040.425898630172,17.956414794549346,509.90416568145156,6783.025692299008
13040.489128444344,17.957942033186555,509.9580863378942,6783.025692299008
13041.15642286092,17.957942033186555,509.9580863378942,6783.504091015086
13042.00709617883,17.963483527302742,510.0847014822066,6783.504091015086
13042.728933034465,17.963483527302742,510.0847014822066,6784.025727473199
13042.844308266416,17.96506905555725,510.18693538568914,6784.025727473199
13043.498369751498,17.96506905555725,510.18693538568914,6784.454992316663
13043.577749649063,17.96675769612193,510.25304298475385,6784.454992316663
13044.256233010441,17.96675769612193,510.25304298475385,6784.928045663983
13044.417941179127,17.96845088712871,510.3762412574142,6784.928045663983
13044.912625258788,17.96845088712871,510.3762412574142,6785.269328724593
13045.378364117816,17.97331714630127,510.4385369345546,6785.269328724593
13045.83002441004,17.97331714630127,510.4385369345546,6785.594452412799
13045.904908405617,17.974906485527754,510.5032684262842,6785.594452412799
13046.487748794258,17.974906485527754,510.5032684262842,6785.9563153181225
13046.619461210445,17.976594507694244,510.61014935187995,6785.9563153181225
13047.116600453854,17.976594507694244,510.61014935187995,6786.334374105558
13047.182158021256,17.97821007668972,510.66638975031674,6786.334374105558
13047.682183489203,17.97821007668972,510.66638975031674,6786.6816308368
13048.282616278157,17.982999693602324,510.7828231584281,6786.6816308368
13048.987456854433,17.982999693602324,510.7828231584281,6787.180313980207
13049.099934633821,17.98470009304583,510.8784227501601,6787.180313980207
13049.733105134219,17.98470009304583,510.8784227501601,6787.664297958836
13049.81748743169,17.986276661977172,510.9528493899852,6787.664297958836
13050.33928547427,17.986276661977172,510.9528493899852,6788.023272352293
13050.430041329935,17.98796820268035,511.0338528454304,6788.023272352293
13050.97522388585,17.98796820268035,511.0338528454304,6788.38432338275
13051.586680602282,17.992854552343488,511.1071018204093,6788.38432338275
13052.171909654513,17.992854552343488,511.1071018204093,6788.792509716004
13052.253732496873,17.994547022506595,511.17230951972306,6788.792509716004
13052.718238331378,17.994547022506595,511.17230951972306,6789.109443988651
13052.794229296967,17.996105330064893,511.2294574957341,6789.109443988651
13053.325949709862,17.996105330064893,511.2294574957341,6789.408586528152
13053.447183577344,17.99784491211176,511.3290282394737,6789.408586528152
13053.922715531662,17.99784491211176,511.3290282394737,6789.745837755501
13054.418799718842,18.002793280407786,511.40272694453597,6789.745837755501
13054.912712557241,18.002793280407786,511.40272694453597,6790.105513572693
13054.987015163526,18.004307616502047,511.46698623895645,6790.105513572693
13055.472546799108,18.004307616502047,511.46698623895645,6790.461577145383
13055.549543634057,18.005837773904204,511.5303300153464,6790.461577145383
13056.01210078597,18.005837773904204,511.5303300153464,6790.794933091849
13056.084786411375,18.007317140698433,511.59370935335755,6790.794933091849
13056.608639772981,18.007317140698433,511.59370935335755,6791.150740196928
13057.310728233308,18.01423371396959,511.7110570091754,6791.150740196928
13057.747294992208,18.01423371396959,511.7110570091754,6791.463828658685
13057.822516886517,18.015938917174935,511.77661278657615,6791.463828658685
13058.289660576731,18.015938917174935,511.77661278657615,6791.804147167131
13058.407394681126,18.01756156794727,511.877458082512,6791.804147167131
13059.16076602228,18.01756156794727,511.877458082512,6792.443325309083
13059.263048164546,18.01919984072447,511.9528402071446,6792.443325309083
13059.75805869326,18.01919984072447,511.9528402071446,6792.804487911984
13060.293223969638,18.02406228892505,512.0273813158274,6792.804487911984
13060.807369723916,18.02406228892505,512.0273813158274,6793.157100239769
13060.866725698113,18.02569011040032,512.0774018317461,6793.157100239769
13061.458333207294,18.02569011040032,512.0774018317461,6793.617667753249
13061.531439293176,18.027193378657103,512.13821654208,6793.617667753249
13062.01033820957,18.027193378657103,512.13821654208,6793.947083311155
13062.083448883146,18.028724126517773,512.2020561173558,6793.947083311155
13062.5895540528,18.028724126517773,512.2020561173558,6794.31060920842
13063.224881766364,18.034046590328217,512.2842852454633,6794.31060920842
13063.881231676787,18.034046590328217,512.2842852454633,6794.81118670851
13063.950664985925,18.03564192727208,512.3437187317759,6794.81118670851
13064.625465933233,18.03564192727208,512.3437187317759,6795.231249168515
13064.742515660822,18.037260795012116,512.4483223985881,6795.231249168515
13065.2809909489,18.037260795012116,512.4483223985881,6795.644921652973
13065.352302132174,18.03882465325296,512.5054869540036,6795.644921652973
13065.868494292721,18.03882465325296,512.5054869540036,6795.9787757620215
13066.577721975744,18.043934335932136,512.6181116364896,6795.9787757620215
13067.188886899501,18.043934335932136,512.6181116364896,6796.457208760083
13067.293297301978,18.0455361045897,512.7045201119035,6796.457208760083
13067.868092997,18.0455361045897,512.7045201119035,6796.82928147167
13068.009450329468,18.04723384603858,512.8290495667607,6796.82928147167
13068.548002358526,18.04723384603858,512.8290495667607,6797.213476752862
13068.623427633196,18.048822823911905,512.8949813172221,6797.213476752862
13069.12128066644,18.048822823911905,512.8949813172221,6797.571156673133
13069.80036327988,18.053896637633443,513.0218423642218,6797.571156673133
13070.460222644731,18.053896637633443,513.0218423642218,6798.051605369896
13070.530981658027,18.055561197921634,513.0789063069969,6798.051605369896
13071.023991873488,18.055561197921634,513.0789063069969,6798.415495751426
13071.097236350179,18.05718875490129,513.1425839792937,6798.415495751426
13071.577581424266,18.05718875490129,513.1425839792937,6798.768684130162
13071.655414832756,18.05873474292457,513.2109014876187,6798.768684130162
13072.108197337016,18.05873474292457,513.2109014876187,6799.099834192544
13072.611548881978,18.06374530121684,513.2894102502614,6799.099834192544
13073.422657797113,18.06374530121684,513.2894102502614,6799.630003659055
13073.540113477036,18.0654001198709,513.3904823530465,6799.630003659055
13073.954026607797,18.0654001198709,513.3904823530465,6799.9219505582005
13074.026747994125,18.06695639900863,513.4462468046695,6799.9219505582005
13074.628422670066,18.06695639900863,513.4462468046695,6800.260973472148
13074.72790890932,18.071868797764182,513.5147788468748,6800.260973472148
13075.474355787039,18.071868797764182,513.5147788468748,6800.654244668782
13078.620985969901,18.077610701322556,513.6036165263504,6800.654244668782
13079.276125513017,18.077610701322556,513.6036165263504,6801.055617801845
13079.409565681592,18.079240892082453,513.7110707145184,6801.055617801845
13080.443917825818,18.079240892082453,513.7110707145184,6801.421075554565
13080.526646414772,18.080832172185183,513.7771440222859,6801.421075554565
13081.58655841276,18.080832172185183,513.7771440222859,6801.772793628275
13081.702832590789,18.082477459684014,513.8811085764319,6801.772793628275
13082.15981525369,18.082477459684014,513.8811085764319,6802.0818864982575
13083.395220393315,18.087418761104345,514.0037281978875,6802.0818864982575
13084.171804647893,18.087418761104345,514.0037281978875,6802.578044079244
13084.305339068174,18.089034989476204,514.1092535294592,6802.578044079244
13085.133350674063,18.089034989476204,514.1092535294592,6802.9776925537735
13085.205491691828,18.090652396902442,514.1587742976844,6802.9776925537735
13086.138301957399,18.090652396902442,514.1587742976844,6803.345518421382
13086.24802166596,18.092261876910925,514.243327088654,6803.345518421382
13086.906379168853,18.092261876910925,514.243327088654,6803.6606474313885
13088.440513763577,18.0973616912961,514.3453401476145,6803.6606474313885
13088.978698218241,18.0973616912961,514.3453401476145,6804.004744147882
13089.042058285326,18.098970979452133,514.3951368704438,6804.004744147882
13089.544656995684,18.098970979452133,514.3951368704438,6804.313552835956
13089.60759178549,18.100634422153234,514.4449609555304,6804.313552835956
13090.039225138724,18.100634422153234,514.4449609555304,6804.609823096544
13090.179179005325,18.1022338103503,514.5683343037963,6804.609823096544
13090.709506969899,18.1022338103503,514.5683343037963,6804.954992512241
13091.605286894366,18.107691867277026,514.6389193627983,6804.954992512241
13092.174280358478,18.107691867277026,514.6389193627983,6805.305886542425
13092.289697259665,18.109747054055333,514.7366438638419,6805.305886542425
13092.83824951388,18.109747054055333,514.7366438638419,6805.626656938344
13092.94319884479,18.111445693299174,514.8178585469723,6805.626656938344
13093.489105559886,18.111445693299174,514.8178585469723,6806.003470767289
13093.567750105634,18.113066542893648,514.8786660060287,6806.003470767289
13094.200987914577,18.113066542893648,514.8786660060287,6806.431218139827
13095.175579817966,18.11778991855681,514.9715497102588,6806.431218139827
13095.850133895874,18.11778991855681,514.9715497102588,6806.914549423382
13095.926636110991,18.119451217353344,515.0358806438744,6806.914549423382
13096.371752401814,18.119451217353344,515.0358806438744,6807.210803490132
13096.43635880202,18.12110658735037,515.0868232883513,6807.210803490132
13097.054189709947,18.12110658735037,515.0868232883513,6807.644312668592
13097.128670530394,18.122791398316622,515.1438098624349,6807.644312668592
13097.680782329291,18.122791398316622,515.1438098624349,6807.965417068452
13098.297014417127,18.127857949584723,515.192005507648,6807.965417068452
13098.794398345053,18.127857949584723,515.192005507648,6808.2739720493555
13098.923628797755,18.129520459100604,515.2922418434173,6808.2739720493555
13099.60221855715,18.129520459100604,515.2922418434173,6808.657592464238
13099.686533255503,18.13115563802421,515.3495696224272,6808.657592464238
13100.369877032936,18.13115563802421,515.3495696224272,6808.999137695879
13100.464026490226,18.132785657420754,515.4295097719878,6808.999137695879
13101.439233617857,18.132785657420754,515.4295097719878,6809.32888957113
13103.487248053774,18.1377358995378,515.4798595272005,6809.32888957113
13104.140229009092,18.1377358995378,515.4798595272005,6809.649270599708
13104.20406841673,18.139312399551272,515.5302885212004,6809.649270599708
13104.738659057766,18.139312399551272,515.5302885212004,6809.970872139558
13104.826996579766,18.140934208407998,515.6089111771435,6809.970872139558
13105.284853149205,18.140934208407998,515.6089111771435,6810.30418583937
13105.371987609193,18.142552508041263,515.6862906813622,6810.30418583937
13105.864471288398,18.142552508041263,515.6862906813622,6810.667977511883
13106.923737009987,18.15062526240945,515.7531222533435,6810.667977511883
13107.6179403048,18.15062526240945,515.7531222533435,6810.942176260054
13107.711127545685,18.15226229466498,515.8246010076255,6810.942176260054
13108.21977044642,18.15226229466498,515.8246010076255,6811.310062710196
13108.305477010086,18.153902174904943,515.8942966703326,6811.310062710196
13108.79365481995,18.153902174904943,515.8942966703326,6811.608004741371
13108.863317862153,18.155524173751473,515.9528818316758,6811.608004741371
13109.48828869313,18.155524173751473,515.9528818316758,6811.898002980277
13110.973814584315,18.160418333485723,516.0417814739048,6811.898002980277
13111.647090740502,18.160418333485723,516.0417814739048,6812.418412616476
13111.798315200955,18.162167504429817,516.1185144037008,6812.418412616476
13112.371992951259,18.162167504429817,516.1185144037008,6812.852538306266
13112.434425674379,18.163796093314886,516.1712389867753,6812.852538306266
13113.221776530147,18.163796093314886,516.1712389867753,6813.244586164132
13113.286419169977,18.165346533060074,516.2264168001711,6813.244586164132
13114.122597388923,18.165346533060074,516.2264168001711,6813.590588498861
13116.788987513632,18.186200020834804,516.2788412105292,6813.590588498861
13117.44571889937,18.186200020834804,516.2788412105292,6813.975287294015
13117.603209495544,18.187837241217494,516.4151420332491,6813.975287294015
13118.28607696481,18.187837241217494,516.4151420332491,6814.263214474544
13118.359542470425,18.18940574862063,516.478977991268,6814.263214474544
13118.86442258209,18.18940574862063,516.478977991268,6814.648361798376
13118.978650392964,18.19119126163423,516.5311089958996,6814.648361798376
13119.689587203786,18.19119126163423,516.5311089958996,6814.99825014174
13121.055229293182,18.196257039904594,516.608177203685,6814.99825014174
13121.800273353234,18.196257039904594,516.608177203685,6815.523631809279
13121.861010545865,18.1978514008224,516.6593516021967,6815.523631809279
13122.67285803333,18.1978514008224,516.6593516021967,6816.007652664557
13122.78633550182,18.19946837052703,516.7507275510579,6816.007652664557
13123.381914181635,18.19946837052703,516.7507275510579,6816.378608921543
13123.44520178996,18.201066000387073,516.803622322157,6816.378608921543
13124.180481782183,18.201066000387073,516.803622322157,6816.821752524003
13126.40925627388,18.206910783424973,516.871779050678,6816.821752524003
13126.940784674138,18.206910783424973,516.871779050678,6817.163059042767
13127.075339032337,18.208668626844883,516.934567919001,6817.163059042767
13127.84369904548,18.208668626844883,516.934567919001,6817.585375782102
13127.960864637047,18.210378048941493,517.0346872732043,6817.585375782102
13128.666931014508,18.210378048941493,517.0346872732043,6818.009358040988
13128.74646914564,18.212003817781806,517.0897811707109,6818.009358040988
13129.370123462752,18.212003817781806,517.0897811707109,6818.424403056502
13130.493908582255,18.216800536960363,517.1572462450713,6818.424403056502
13131.140451906249,18.216800536960363,517.1572462450713,6818.748693658039
13131.216363010928,18.219616789370775,517.2145385816693,6818.748693658039
13131.828852977604,18.219616789370775,517.2145385816693,6819.159619379789
13131.894415447488,18.221251459792256,517.2647396214306,6819.159619379789
13132.429788846523,18.221251459792256,517.2647396214306,6819.49692992866
13132.528214748949,18.22283131815493,517.3536374866962,6819.49692992866
13133.252921072766,18.22283131815493,517.3536374866962,6820.031174186617
13134.877866819501,18.245072903111577,517.4110922589898,6820.031174186617
13135.300771918148,18.245072903111577,517.4110922589898,6820.32843869552
13135.373026808724,18.246598429977894,517.47385747917,6820.32843869552
13135.888607390225,18.246598429977894,517.47385747917,6820.647787448019
13135.961450859904,18.248175809159875,517.5368624199182,6820.647787448019
13136.492872824892,18.248175809159875,517.5368624199182,6820.9710859023035
13136.576661426574,18.249769927933812,517.6074711792171,6820.9710859023035
13137.213543046266,18.249769927933812,517.6074711792171,6821.317973893136
13138.734101392329,18.254755137488246,517.6771467830986,6821.317973893136
13139.237397629768,18.254755137488246,517.6771467830986,6821.640685567632
13139.30119677633,18.25635400414467,517.7313179541379,6821.640685567632
13139.807294692844,18.25635400414467,517.7313179541379,6821.943535409868
13139.880264578387,18.257985873147845,517.7945289928466,6821.943535409868
13140.382294811308,18.257985873147845,517.7945289928466,6822.277185590938
13140.552986888215,18.25968962535262,517.8940942175686,6822.277185590938
13141.443713402376,18.25968962535262,517.8940942175686,6822.790613602847
13143.275974402204,18.264640664681792,517.9430295750499,6822.790613602847
13143.752335589379,18.264640664681792,517.9430295750499,6823.069454958662
13143.931455168873,18.267921943217516,518.0200187992305,6823.069454958662
13144.364414472133,18.267921943217516,518.0200187992305,6823.371501676738
13144.558339109644,18.269735518842936,518.0749339349568,6823.371501676738
13145.474205838516,18.269735518842936,518.0749339349568,6823.7146129217
13145.561383530498,18.271869346499443,518.1382225919515,6823.7146129217
13146.077345727012,18.271869346499443,518.1382225919515,6824.08831096068
13147.33478163369,18.277007028460503,518.2046924289316,6824.08831096068
13148.121743805707,18.277007028460503,518.2046924289316,6824.371701700613
13148.204538738355,18.27857762388885,518.2660809010267,6824.371701700613
13148.75825612247,18.27857762388885,518.2660809010267,6824.764269439504
13148.921288996935,18.280397286638618,518.3218068219721,6824.764269439504
13149.42823802121,18.280397286638618,518.3218068219721,6825.103783715516
13149.564494773746,18.282052747905254,518.4356917347759,6825.103783715516
13150.672556132078,18.282052747905254,518.4356917347759,6825.523016780615
13153.715627215803,18.287605760619044,518.4928491842002,6825.523016780615
13154.290895350277,18.287605760619044,518.4928491842002,6825.786373175681
13154.370743516833,18.29010039381683,518.5528558045626,6825.786373175681
13155.171657316387,18.29010039381683,518.5528558045626,6826.134891537949
13155.252063184977,18.291701395064592,518.6195084452629,6826.134891537949
13156.025940651074,18.291701395064592,518.6195084452629,6826.500252863392
13156.094603417441,18.293339923024178,518.6706918142736,6826.500252863392
13156.75966659002,18.293339923024178,518.6706918142736,6826.813101686537
13158.813146738335,18.29826138354838,518.7308085355908,6826.813101686537
13159.757665289566,18.29826138354838,518.7308085355908,6827.284602658823
13159.868068603799,18.299877654761076,518.8024864457548,6827.284602658823
13160.483298392966,18.299877654761076,518.8024864457548,6827.729671930894
13160.565493665636,18.30149639584124,518.8679997641593,6827.729671930894
13161.14425019361,18.30149639584124,518.8679997641593,6828.128851611167
13161.38657733053,18.304363997653127,519.0423020161688,6828.128851611167
13161.88689122349,18.304363997653127,519.0423020161688,6828.484077455476
13162.785423453897,18.309089181944728,519.1288937553763,6828.484077455476
13163.561560833827,18.309089181944728,519.1288937553763,6829.070951370522
13163.642996620387,18.311294412240386,519.1993549056351,6829.070951370522
13164.606767160818,18.311294412240386,519.1993549056351,6829.496458940208
13164.882219908759,18.313938051462173,519.2744971681386,6829.496458940208
13165.845340169966,18.313938051462173,519.2744971681386,6829.892330950126
13166.024066641927,18.315592404454947,519.375674765557,6829.892330950126
13166.600369527936,18.315592404454947,519.375674765557,6830.1537058297545
13168.949941121042,18.320404049009085,519.440522711724,6830.1537058297545
13169.622745715082,18.320404049009085,519.440522711724,6830.553245197982
13169.70829410851,18.322032978758216,519.5129797644913,6830.553245197982
13170.414669642225,18.322032978758216,519.5129797644913,6830.828060593456
13170.744852682576,18.323768550530076,519.5623195618391,6830.828060593456
13171.41097845696,18.323768550530076,519.5623195618391,6831.1389950960875
13171.600068246946,18.32550542242825,519.639944050461,6831.1389950960875
13172.100040797144,18.32550542242825,519.639944050461,6831.480891758576
13172.728647282347,18.330433789640665,519.6981555558741,6831.480891758576
13173.155507655814,18.330433789640665,519.6981555558741,6831.773783549666
13173.25440995954,18.33200309611857,519.7578521799296,6831.773783549666
13174.01936598681,18.33200309611857,519.7578521799296,6832.314376316965
13174.101158002391,18.333712317049503,519.8258408438414,6832.314376316965
13174.762298565358,18.333712317049503,519.8258408438414,6832.654774552211
13174.845235669985,18.335258405655622,519.8948087766767,6832.654774552211
13175.66287930496,18.335258405655622,519.8948087766767,6833.02284312062
13178.380711641163,18.340268425643444,519.9443453643471,6833.02284312062
13178.928504342213,18.340268425643444,519.9443453643471,6833.337235774845
13179.098780889064,18.35227034240961,520.0161322075874,6833.337235774845
13179.82588924095,18.35227034240961,520.0161322075874,6833.64432168752
13179.943321883678,18.357687830924988,520.1116564478725,6833.64432168752
13180.700199786574,18.357687830924988,520.1116564478725,6834.082525398582
13180.801136117429,18.359357431530952,520.198476491496,6834.082525398582
13181.649242633954,18.359357431530952,520.198476491496,6834.5542994160205
13183.975065084174,18.36452349461615,520.2787438593805,6834.5542994160205
13184.621641665697,18.36452349461615,520.2787438593805,6834.858479145914
13184.72957774438,18.366117794066668,520.3729709181935,6834.858479145914
13185.34187310189,18.366117794066668,520.3729709181935,6835.238135382533
13185.421924255788,18.367736652493477,520.4397068079561,6835.238135382533
13185.924335191026,18.367736652493477,520.4397068079561,6835.539778413251
13186.06639332883,18.369547113776207,520.4977192096412,6835.539778413251
13186.668881250545,18.369547113776207,520.4977192096412,6835.819579888135
13188.856818920001,18.37583328783512,520.5532163847238,6835.819579888135
13189.35342444107,18.37583328783512,520.5532163847238,6836.124040221795
13189.415504585952,18.37738867662847,520.602722171694,6836.124040221795
13189.933057757095,18.37738867662847,520.602722171694,6836.438510807231
13190.039272895083,18.378993414342403,520.6929373778403,6836.438510807231
13190.87084637396,18.378993414342403,520.6929373778403,6837.033787226304
13191.00440470688,18.380654586479068,520.8047043960541,6837.033787226304
13191.736811848357,18.380654586479068,520.8047043960541,6837.321570947766
13193.105311499909,18.385672587901354,520.8662544451654,6837.321570947766
13193.652373356745,18.385672587901354,520.8662544451654,6837.6836601588875
13193.77483072877,18.387323286384344,520.9695953335613,6837.6836601588875
13194.473412632942,18.387323286384344,520.9695953335613,6838.196284439415
13194.587757049128,18.38899347744882,521.0323059428483,6838.196284439415
13195.128178674728,18.38899347744882,521.0323059428483,6838.532174546272
13195.233066350222,18.390607504174113,521.1238619852811,6838.532174546272
13195.93529525213,18.390607504174113,521.1238619852811,6838.896121511236
13197.677731800824,18.395491011440754,521.1860078424215,6838.896121511236
13198.432566886768,18.395491011440754,521.1860078424215,6839.28211815469
13198.561615539715,18.397136721760035,521.2890586722642,6839.28211815469
13199.320294957608,18.397136721760035,521.2890586722642,6839.702493572608
13199.406172946095,18.398762609809637,521.3560861758888,6839.702493572608
13199.903260545805,18.398762609809637,521.3560861758888,6840.057998785749
13199.976401023567,18.400381039828062,521.4192689135671,6840.057998785749
13200.702908948064,18.400381039828062,521.4192689135671,6840.588827159256
13202.54042677395,18.40549104847014,521.5179959144443,6840.588827159256
13203.233491629362,18.40549104847014,521.5179959144443,6840.969062749296
13203.314122242853,18.407760240137577,521.5866148807108,6840.969062749296
13203.97931907326,18.407760240137577,521.5866148807108,6841.2590612098575
13204.046734768897,18.409404430538416,521.6435829140246,6841.2590612098575
13204.590644570068,18.409404430538416,521.6435829140246,6841.559325158596
13204.657542621717,18.41445859335363,521.6933293063194,6841.559325158596
13205.191031865776,18.41445859335363,521.6933293063194,6841.894965061918
13206.696854822338,18.42175466194749,521.7953759785742,6841.894965061918
13207.476975670084,18.42175466194749,521.7953759785742,6842.347323961556
13207.591003039852,18.423433562740684,521.8920724857599,6842.347323961556
13208.258287040517,18.423433562740684,521.8920724857599,6842.680233824998
13208.404311889783,18.42507217079401,521.9674801044166,6842.680233824998
13209.134249126539,18.42507217079401,521.9674801044166,6843.060767451301
13209.254107801244,18.426818361505866,522.0553883090615,6843.060767451301
13209.71427296102,18.426818361505866,522.0553883090615,6843.370166866109
13210.815430777147,18.43174293078482,522.1064675655216,6843.370166866109
13211.293429292738,18.43174293078482,522.1064675655216,6843.6775508746505
13211.362894233316,18.433392709121108,522.1623926721513,6843.6775508746505
13211.956985615194,18.433392709121108,522.1623926721513,6843.99102204293
13212.130135478452,18.435085428878665,522.2381140571088,6843.99102204293
13212.754665501416,18.435085428878665,522.2381140571088,6844.356110678986
13212.82875094749,18.43675221130252,522.2988469824195,6844.356110678986
13213.361765470356,18.43675221130252,522.2988469824195,6844.715518021956
13214.885447844863,18.441833226010203,522.3950218185782,6844.715518021956
13215.463179530576,18.441833226010203,522.3950218185782,6845.061517594382
13215.588663566858,18.443500177934766,522.4560185875744,6845.061517594382
13216.195573601872,18.443500177934766,522.4560185875744,6845.362032959238
13216.273031489924,18.44510010816157,522.5160913877189,6845.362032959238
13216.873668441549,18.44510010816157,522.5160913877189,6845.702737860382
13216.959001630545,18.446748888120055,522.5911285188049,6845.702737860382
13217.910323545337,18.446748888120055,522.5911285188049,6846.1600457485765
13221.232612054795,18.45437147282064,522.6583517808467,6846.1600457485765
13222.159774126485,18.45437147282064,522.6583517808467,6846.518087849021
13222.224656321108,18.455958280712366,522.7129076514393,6846.518087849021
13222.96923512593,18.455958280712366,522.7129076514393,6846.894552320242
13223.05837553367,18.457556329667568,522.7745329793543,6846.894552320242
13223.712510578334,18.457556329667568,522.7745329793543,6847.188342681155
13223.777485186234,18.459961034357548,522.8261830080301,6847.188342681155
13224.282358590513,18.459961034357548,522.8261830080301,6847.51295334287
13225.339253066108,18.464837484061718,522.901111388579,6847.51295334287
13226.00792551227,18.464837484061718,522.901111388579,6847.843408891931
13226.101508550346,18.468176312744617,522.9768046531826,6847.843408891931
13226.745548728853,18.468176312744617,522.9768046531826,6848.139634666964
13226.874349197373,18.46980290301144,523.0771858841181,6848.139634666964
13227.669303549454,18.46980290301144,523.0771858841181,6848.499709194526
13227.795496789739,18.471395252272487,523.1870008856058,6848.499709194526
13228.638145245612,18.471395252272487,523.1870008856058,6849.0555053427815
13230.938640993088,18.476307841017842,523.2359529435635,6849.0555053427815
13231.337817899883,18.476307841017842,523.2359529435635,6849.339522475377
13231.405335126445,18.477880718186498,523.2942027896643,6849.339522475377
13232.104637777433,18.477880718186498,523.2942027896643,6849.610538404435
13232.181165788323,18.47945954836905,523.3611288554966,6849.610538404435
13232.980382176116,18.47945954836905,523.3611288554966,6849.8866112772375
13233.119598193094,18.481144146993756,523.477232793346,6849.8866112772375
13233.678120801225,18.481144146993756,523.477232793346,6850.300807554275
13234.306675201282,18.486065676435828,523.5670532342046,6850.300807554275
13234.756252992898,18.486065676435828,523.5670532342046,6850.593099528924
13234.827477095649,18.487651336938143,523.6248203720897,6850.593099528924
13235.456408862025,18.487651336938143,523.6248203720897,6850.906211262569
13235.552431335673,18.48933576606214,523.6868610102683,6850.906211262569
13235.952689811587,18.48933576606214,523.6868610102683,6851.200807431713
13236.023244451731,18.490910494700074,523.7425204496831,6851.200807431713
13236.5261901021,18.490910494700074,523.7425204496831,6851.463638084009
13238.243947425857,18.495777340605855,523.817429408431,6851.463638084009
13238.681449677795,18.495777340605855,523.817429408431,6851.777653614059
13238.749274129048,18.497391428798437,523.8748507201672,6851.777653614059
13239.304792260751,18.497391428798437,523.8748507201672,6852.093863096088
13239.391985096037,18.49893036670983,523.9475472308695,6852.093863096088
13239.820032298565,18.49893036670983,523.9475472308695,6852.393834045157
13239.893398096785,18.50056086666882,524.0097301285714,6852.393834045157
13240.363894348964,18.50056086666882,524.0097301285714,6852.710794689134
13241.043790642172,18.505430271849036,524.058320980519,6852.710794689134
13241.562227394432,18.505430271849036,524.058320980519,6853.067350113764
13241.637480000034,18.50705104507506,524.1240234617144,6853.067350113764
13242.136410797015,18.50705104507506,524.1240234617144,6853.40178768523
13242.20436402224,18.508596332743764,524.1729530896991,6853.40178768523
13242.625527787954,18.508596332743764,524.1729530896991,6853.701197890565
13242.698221465573,18.510197073221207,524.2320545017719,6853.701197890565
13243.13025029935,18.510197073221207,524.2320545017719,6854.000264089555
13244.009758785367,18.51511383242905,524.3014573920518,6854.000264089555
13244.597046550363,18.51511383242905,524.3014573920518,6854.429573852569
13244.672430507839,18.516691591590643,524.3638309258968,6854.429573852569
13245.16078640148,18.516691591590643,524.3638309258968,6854.724974794313
13245.278841318563,18.518291670829058,524.4687265697867,6854.724974794313
13245.831819156185,18.518291670829058,524.4687265697867,6855.0253498684615
13245.949811948463,18.519942492246628,524.5727435685694,6855.0253498684615
13246.657680090517,18.519942492246628,524.5727435685694,6855.39458040148
13249.648283973336,18.525529434904456,524.6902467794716,6855.39458040148
13250.201233262196,18.525529434904456,524.6902467794716,6855.69629920274
13250.27678799443,18.527128621935844,524.7533814553171,6855.69629920274
13250.71108501777,18.527128621935844,524.7533814553171,6856.004117682576
13250.784292148426,18.528740853071213,524.8172352928668,6856.004117682576
13251.475243242458,18.528740853071213,524.8172352928668,6856.538641758263
13251.60572244227,18.530439235270023,524.9204649869353,6856.538641758263
13252.07389199175,18.530439235270023,524.9204649869353,6856.849447142333
13253.094194445759,18.53537038527429,524.9978216327727,6856.849447142333
13253.657921008766,18.53537038527429,524.9978216327727,6857.1544100008905
13253.746278826147,18.536938732489944,525.0724305864424,6857.1544100008905
13254.425417944789,18.536938732489944,525.0724305864424,6857.547183381394
13254.560821322724,18.5385453235358,525.1858787052333,6857.547183381394
13255.336718462408,18.5385453235358,525.1858787052333,6858.07805085741
13255.420439250767,18.54063070937991,525.2550034914166,6858.07805085741
13256.158244205639,18.54063070937991,525.2550034914166,6858.600241988897
13258.716315701604,18.545541351661086,525.305958095938,6858.600241988897
13259.603719133884,18.545541351661086,525.305958095938,6858.950626982376
13259.769438244402,18.547213619574904,525.3599739577621,6858.950626982376
13260.214405452833,18.547213619574904,525.3599739577621,6859.232390558347
13260.421862449497,18.552321281284094,525.4386673476547,6859.232390558347
13260.982901265845,18.552321281284094,525.4386673476547,6859.551696727052
13261.048287393525,18.553957169875503,525.4895715601742,6859.551696727052
13261.704996237531,18.553957169875503,525.4895715601742,6859.926748516038
13263.2414958179,18.560685623437166,525.5507245901972,6859.926748516038
13263.938643826172,18.560685623437166,525.5507245901972,6860.348332922906
13264.068677676842,18.562325164675713,525.6426022779197,6860.348332922906
13264.66701410897,18.562325164675713,525.6426022779197,6860.699857363477
13264.747076425701,18.563984164968133,525.7046477440745,6860.699857363477
13265.530711174011,18.563984164968133,525.7046477440745,6861.190831236541
13265.726719101891,18.56562072597444,525.8060277849436,6861.190831236541
13266.279256036505,18.56562072597444,525.8060277849436,6861.529296370223
13267.614752385765,18.570564344525337,525.8705689683557,6861.529296370223
13268.269357660785,18.570564344525337,525.8705689683557,6861.930243870243
13268.388154357672,18.572181021794677,525.9752348195761,6861.930243870243
13269.027646342292,18.572181021794677,525.9752348195761,6862.319579390809
13269.196824003011,18.57402330636978,526.0737732499838,6862.319579390809
13269.84787739627,18.57402330636978,526.0737732499838,6862.706445867196
13270.06877148524,18.575807638466358,526.1997971106321,6862.706445867196
13270.801383979619,18.575807638466358,526.1997971106321,6863.124694710597
13272.78655314818,18.583055509254336,526.2685365006328,6863.124694710597
13273.297844862565,18.583055509254336,526.2685365006328,6863.428733082488
13273.39837808907,18.584575468674302,526.3595471717417,6863.428733082488
13274.086401091889,18.584575468674302,526.3595471717417,6863.849261419848
13274.211535353214,18.58628010004759,526.4605094231665,6863.849261419848
13275.00375881046,18.58628010004759,526.4605094231665,6864.278236299753
13275.135386381298,18.587911400943995,526.5265776440501,6864.278236299753
13275.636745415628,18.587911400943995,526.5265776440501,6864.59064486064
13277.867143848911,18.596115401014686,526.6177617870271,6864.59064486064
13278.534965366125,18.596115401014686,526.6177617870271,6864.982983695343
13278.663769453764,18.597684489563107,526.7306303866208,6864.982983695343
13279.369189726189,18.597684489563107,526.7306303866208,6865.508081750944
13279.47403205745,18.599286157637835,526.8218586631119,6865.508081750944
13280.146500302479,18.599286157637835,526.8218586631119,6865.9810217395425
13280.272031689063,18.600882338359952,526.9188465420157,6865.9810217395425
13280.9116464369,18.600882338359952,526.9188465420157,6866.3329537604
13282.268044089898,18.614419385790825,526.9817438032478,6866.3329537604
13282.854026049376,18.614419385790825,526.9817438032478,6866.679438522086
13282.945363650098,18.616007816046476,527.0616405140609,6866.679438522086
13283.527781857178,18.616007816046476,527.0616405140609,6867.059799659997
13283.615291865543,18.61764151416719,527.1321171429008,6867.059799659997
13284.272078193724,18.61764151416719,527.1321171429008,6867.520840531215
13284.3906602785,18.61927107349038,527.2325820866972,6867.520840531215
13285.163810128346,18.61927107349038,527.2325820866972,6867.917448595166
13287.129833701998,18.62778332643211,527.2914545759559,6867.917448595166
13287.917747601867,18.62778332643211,527.2914545759559,6868.252135872841
13288.008652012795,18.629426065832376,527.361946163699,6868.252135872841
13288.804694170132,18.629426065832376,527.361946163699,6868.556562393904
13288.892152257264,18.630968233570457,527.4261274393648,6868.556562393904
13289.49889282696,18.630968233570457,527.4261274393648,6868.815035559237
13289.558093661442,18.632498713210225,527.4756846688688,6868.815035559237
13290.34981014207,18.632498713210225,527.4756846688688,6869.0806505940855
13292.369215387851,18.63748130388558,527.5485973525792,6869.0806505940855
13292.85878945887,18.63748130388558,527.5485973525792,6869.430950915441
13292.92948561348,18.63901981152594,527.6097182650119,6869.430950915441
13293.599302357063,18.63901981152594,527.6097182650119,6869.740147661418
13293.658341201022,18.64064366184175,527.6586087346077,6869.740147661418
13294.501852482557,18.64064366184175,527.6586087346077,6870.075650993735
13294.570843726397,18.64225356094539,527.7140296194702,6870.075650993735
13295.371072838083,18.64225356094539,527.7140296194702,6870.365180931985
13297.770894166082,18.64756951481104,527.7861159797758,6870.365180931985
13298.246028104797,18.64756951481104,527.7861159797758,6870.680385455489
13298.403201889247,18.649137683212757,527.9133117292076,6870.680385455489
13298.949577612802,18.649137683212757,527.9133117292076,6871.00541428104
13299.082847863436,18.650732953101397,528.0327827502042,6871.00541428104
13299.844941055402,18.650732953101397,528.0327827502042,6871.492186153308
13299.954513555393,18.652366945520043,528.1287284810096,6871.492186153308
13300.428151810542,18.652366945520043,528.1287284810096,6871.816984882578
13301.444526350126,18.65726000443101,528.2457454875112,6871.816984882578
13302.060801332816,18.65726000443101,528.2457454875112,6872.1123809963465
13302.208687096834,18.658908922225237,528.3654983919114,6872.1123809963465
13303.00146247819,18.658908922225237,528.3654983919114,6872.551058132201
13303.120997019112,18.660844897851348,528.4274679981172,6872.551058132201
13303.966469045728,18.660844897851348,528.4274679981172,6872.96160245128
13304.0632295236,18.66242085583508,528.4974028971046,6872.96160245128
13304.91249143891,18.66242085583508,528.4974028971046,6873.356950132176
13307.915200969204,18.668610617518425,528.5755744576454,6873.356950132176
13308.637405669317,18.668610617518425,528.5755744576454,6873.641913248226
13308.730232995003,18.67040822096169,528.6385481618345,6873.641913248226
13309.347380865365,18.67040822096169,528.6385481618345,6873.930969569832
13309.422087041661,18.67214858159423,528.6974995322526,6873.930969569832
13310.039864873514,18.67214858159423,528.6974995322526,6874.305807476863
13310.164336714894,18.673764182254672,528.8050005733967,6874.305807476863
13311.00082517974,18.673764182254672,528.8050005733967,6874.914509491995
13312.012843741104,18.68028380908072,528.9058575257659,6874.914509491995
13312.749276239425,18.68028380908072,528.9058575257659,6875.266277262941
13312.862362474203,18.68243869021535,528.9989329148084,6875.266277262941
13313.584225164726,18.68243869021535,528.9989329148084,6875.563277427107
13313.66492813453,18.68405194208026,529.0621060729027,6875.563277427107
13314.379795758054,18.68405194208026,529.0621060729027,6875.87204939872
13314.457266595215,18.685654941946268,529.1291135624051,6875.87204939872
13315.064802970737,18.685654941946268,529.1291135624051,6876.2312190737575
13316.558847351,18.69062751159072,529.1830574702471,6876.2312190737575
13317.045101093128,18.69062751159072,529.1830574702471,6876.508298737928
13317.117240905762,18.69222911261022,529.2454475332052,6876.508298737928
13317.780922021717,18.69222911261022,529.2454475332052,6876.9586545191705
13317.960440194234,18.693994665518403,529.3123566154391,6876.9586545191705
13318.571041906253,18.693994665518403,529.3123566154391,6877.282853677869
13318.652152627707,18.69557777605951,529.3761092349887,6877.282853677869
13319.337029568851,18.69557777605951,529.3761092349887,6877.641578393057
13321.452540379018,18.701568944379687,529.4874773379415,6877.641578393057
13322.022715358064,18.701568944379687,529.4874773379415,6877.926093280315
13322.130447894335,18.703218864277005,529.5665879547596,6877.926093280315
13322.716530911624,18.703218864277005,529.5665879547596,6878.245133906603
13322.787684844807,18.704853504896164,529.6162942759693,6878.245133906603
13323.421901645139,18.704853504896164,529.6162942759693,6878.585444128141
13323.499825121835,18.7063929438591,529.6749799121171,6878.585444128141
13324.4033371564,18.7063929438591,529.6749799121171,6879.032177934423
13326.608486495912,18.71131792664528,529.7817486803979,6879.032177934423
13327.289272043854,18.71131792664528,529.7817486803979,6879.415304785594
13327.405832121149,18.715601984411478,529.88290200755,6879.415304785594
13327.858613226563,18.715601984411478,529.88290200755,6879.706644518301
13327.927420178428,18.71723416261375,529.9325843695551,6879.706644518301
13328.425135910511,18.71723416261375,529.9325843695551,6880.0217518452555
13328.509000722319,18.718816932290792,529.9974787179381,6880.0217518452555
13329.034974386916,18.718816932290792,529.9974787179381,6880.378511635587
13330.338942008093,18.72388224489987,530.0618638582528,6880.378511635587
13331.190842393786,18.72388224489987,530.0618638582528,6880.892854409292
13331.355587737635,18.725570494309068,530.1603163592517,6880.892854409292
13331.932912558317,18.725570494309068,530.1603163592517,6881.225235925987
13332.077582925558,18.733033498749137,530.2809713706374,6881.225235925987
13332.760830707848,18.733033498749137,530.2809713706374,6881.545239960775
13332.839213561267,18.734634878113866,530.339627739042,6881.545239960775
13333.26957304217,18.734634878113866,530.339627739042,6881.845341565087
13334.548704899848,18.73979101330042,530.431264102459,6881.845341565087
13335.265130525455,18.73979101330042,530.431264102459,6882.223540594801
13335.338543320075,18.74137069284916,530.4945591110736,6882.223540594801
13335.82584582083,18.74137069284916,530.4945591110736,6882.512822888792
13335.889713961631,18.742948500439525,530.5446731317788,6882.512822888792
13336.369141824543,18.742948500439525,530.5446731317788,6882.816113378853
13336.434693872929,18.744474109262228,530.6007379107177,6882.816113378853
13337.118185993284,18.744474109262228,530.6007379107177,6883.1977656614035
13338.257306257263,18.749404698610306,530.6528073456138,6883.1977656614035
13338.802870241925,18.749404698610306,530.6528073456138,6883.534872375429
13338.87812294811,18.75097236596048,530.7184030842036,6883.534872375429
13339.584137266502,18.75097236596048,530.7184030842036,6883.947378279641
13339.698557512835,18.75742644444108,530.8055046144873,6883.947378279641
13340.214281802997,18.75742644444108,530.8055046144873,6884.2572032194585
13340.404338246211,18.759034583345056,530.9179096668959,6884.2572032194585
13341.362235961482,18.759034583345056,530.9179096668959,6884.820065407082
13342.87301084958,18.763993721455336,531.0178379751742,6884.820065407082
13343.526123706251,18.763993721455336,531.0178379751742,6885.307806348428
13343.595085119829,18.765674913302064,531.0730473771691,6885.307806348428
13344.1834997423,18.765674913302064,531.0730473771691,6885.7049470525235
13344.308388410136,18.767322313040495,531.1280470378697,6885.7049470525235
13344.964009011164,18.767322313040495,531.1280470378697,6886.008823681623
13345.078085025772,18.76902867294848,531.2157426923513,6886.008823681623
13345.660465138033,18.76902867294848,531.2157426923513,6886.333747893572
13346.7945503816,18.774247016757727,531.3179372604936,6886.333747893572
13347.516434317455,18.774247016757727,531.3179372604936,6886.782721120864
13347.619289457798,18.775913206860423,531.3963289726526,6886.782721120864
13348.208512963727,18.775913206860423,531.3963289726526,6887.18309516646
13348.283838421106,18.77754443511367,531.4622314199805,6887.18309516646
13348.934820001945,18.77754443511367,531.4622314199805,6887.535223275423
13349.058232260868,18.779124652966857,531.5496720597148,6887.535223275423
13349.677808441222,18.779124652966857,531.5496720597148,6887.89974067919
13351.639948561788,18.784179244190454,531.6724956519902,6887.89974067919
13352.33925160952,18.784179244190454,531.6724956519902,6888.206993123516
13352.414257792756,18.785765632987022,531.7253917120397,6888.206993123516
13353.03177257441,18.785765632987022,531.7253917120397,6888.561934342608
13353.212925173342,18.78753935545683,531.7828002143651,6888.561934342608
13353.91693344526,18.78753935545683,531.7828002143651,6888.858977530152
13354.005796091631,18.789172576740384,531.8485628496855,6888.858977530152
13354.449087085202,18.789172576740384,531.8485628496855,6889.165438661352
13357.405449215323,18.794294469058514,531.9358666259795,6889.165438661352
13358.144769800827,18.794294469058514,531.9358666259795,6889.439577534795
13358.226190410554,18.795912850648165,531.9991135168821,6889.439577534795
13358.698485581204,18.795912850648165,531.9991135168821,6889.760665321723
13358.76497958228,18.797497430816293,532.0527127422392,6889.760665321723
13359.567928401753,18.797497430816293,532.0527127422392,6890.055842954665
13359.629925178364,18.79909060895443,532.1016241386533,6890.055842954665
13360.084167022258,18.79909060895443,532.1016241386533,6890.336064178497
13361.161743801087,18.804047409445047,532.1648192573339,6890.336064178497
13361.732893900946,18.804047409445047,532.1648192573339,6890.692551527172
13361.854074083269,18.80562731809914,532.2645558100194,6890.692551527172
13362.321651250124,18.80562731809914,532.2645558100194,6891.005111616105
13362.397145980969,18.80729086883366,532.3260539975017,6891.005111616105
13362.916346438229,18.80729086883366,532.3260539975017,6891.346520399675
13363.048412686214,18.808901470154524,532.4307784624398,6891.346520399675
13363.66815060936,18.808901470154524,532.4307784624398,6891.776256680489
13364.640277024359,18.813908744603395,532.4789749588817,6891.776256680489
13365.1363231875,18.813908744603395,532.4789749588817,6892.11897777766
13365.254447165877,18.815450493246317,532.5770112983882,6892.11897777766
13365.828810701147,18.815450493246317,532.5770112983882,6892.472944971174
13365.891982929781,18.817067271098495,532.6292785778642,6892.472944971174
13366.410234507173,18.817067271098495,532.6292785778642,6892.824499798939
13366.482093622908,18.818700609728694,532.6915216874331,6892.824499798939
13367.278628069907,18.818700609728694,532.6915216874331,6893.406879315153
13368.257331194356,18.824960546568036,532.7437968272716,6893.406879315153
13368.886270223185,18.824960546568036,532.7437968272716,6893.765134043992
13368.950610721484,18.82653926499188,532.7949500866234,6893.765134043992
13369.646923318505,18.82653926499188,532.7949500866234,6894.298311041668
13369.707431904972,18.828094413504004,532.8450402785093,6894.298311041668
13370.232590898871,18.828094413504004,532.8450402785093,6894.664555216208
13370.321094518527,18.82970647327602,532.9194789323956,6894.664555216208
13371.051038352773,18.82970647327602,532.9194789323956,6895.154854169115
13371.782289782539,18.834835534915328,533.0264277346432,6895.154854169115
13372.290072688833,18.834835534915328,533.0264277346432,6895.482390852645
13372.422583537176,18.83644170500338,533.12736453861,6895.482390852645
13373.137370796874,18.83644170500338,533.12736453861,6896.028177641332
13373.27402561158,18.83804768510163,533.2373783774674,6896.028177641332
13373.954024538398,18.83804768510163,533.2373783774674,6896.494502745569
13374.061471860856,18.839681396260858,533.3077384382486,6896.494502745569
13374.509200409055,18.839681396260858,533.3077384382486,6896.818185269833
13375.276051573455,18.84512891434133,533.3744684997946,6896.818185269833
13375.779150838032,18.84512891434133,533.3744684997946,6897.179885873571
13375.858755754307,18.846717312932014,533.4405065383762,6897.179885873571
13376.423479007557,18.846717312932014,533.4405065383762,6897.595311161131
13376.49667632766,18.848289171233773,533.5040065627545,6897.595311161131
13377.085986668244,18.848289171233773,533.5040065627545,6897.954332508147
13377.173340275884,18.849974581971765,533.5813339874148,6897.954332508147
13377.736414536834,18.849974581971765,533.5813339874148,6898.332274869084
13378.359641605988,18.854965914040804,533.6423354558647,6898.332274869084
13378.80738128163,18.854965914040804,533.6423354558647,6898.65729829669
13378.887111801654,18.856645504012704,533.7034294754267,6898.65729829669
13379.27887273021,18.856645504012704,533.7034294754267,6898.938715619966
13379.34793471545,18.85828321054578,533.7626060917974,6898.938715619966
13379.82792897895,18.85828321054578,533.7626060917974,6899.27516582422
13379.908587025478,18.85981653816998,533.8272331357002,6899.27516582422
13380.563612610102,18.85981653816998,533.8272331357002,6899.739514771849
13381.048469871283,18.864707298576832,533.9020403269678,6899.739514771849
13381.515057481825,18.864707298576832,533.9020403269678,6900.044004686177
13381.614366518334,18.866253308951855,533.9712856039405,6900.044004686177
13382.155641634017,18.866253308951855,533.9712856039405,6900.446250265464
13382.245247362182,18.8678048979491,534.0470732133836,6900.446250265464
13382.7448271811,18.8678048979491,534.0470732133836,6900.8013258092105
13382.820133348927,18.869377475231886,534.1099191941321,6900.8013258092105
13383.313116189092,18.869377475231886,534.1099191941321,6901.144683897495
13384.119282651693,18.87448068894446,534.2325095329434,6901.144683897495
13384.694904861972,18.87448068894446,534.2325095329434,6901.554369011894
13384.783739577979,18.876414954662323,534.2930190227926,6901.554369011894
13385.43776711449,18.876414954662323,534.2930190227926,6901.985972676426
13385.509331773967,18.87805635482073,534.3435193710029,6901.985972676426
13386.000593863428,18.87805635482073,534.3435193710029,6902.307160966098
13386.074097849429,18.879654124379158,534.4035261329263,6902.307160966098
13386.563752736896,18.879654124379158,534.4035261329263,6902.652977192774
13387.187717050314,18.884751558303833,534.4571337066591,6902.652977192774
13387.875173512846,18.884751558303833,534.4571337066591,6903.15958327055
13388.000824317336,18.88637550920248,534.5702707208693,6903.15958327055
13388.501690430567,18.88637550920248,534.5702707208693,6903.500011885539
13388.566999927163,18.88804459013045,534.6189742460847,6903.500011885539
13389.068535462022,18.88804459013045,534.6189742460847,6903.842460496351
13389.141471598297,18.889706829562783,534.6820874940604,6903.842460496351
13389.579484399408,18.889706829562783,534.6820874940604,6904.1489009168
13390.60187330097,18.894710198044777,534.8010992370546,6904.1489009168
13391.23239339143,18.894710198044777,534.8010992370546,6904.563877668232
13391.323787434027,18.896324798464775,534.873589925468,6904.563877668232
13391.80250410363,18.896324798464775,534.873589925468,6904.897303238511
13391.877827301621,18.89792624861002,534.9366134610027,6904.897303238511
13392.36816026643,18.89792624861002,534.9366134610027,6905.248519171029
13392.44940165244,18.899514887481928,535.0083241853863,6905.248519171029
13392.899913368747,18.899514887481928,535.0083241853863,6905.585036626086
13393.359535994008,18.904458947479725,535.0698560029268,6905.585036626086
13393.812767451629,18.904458947479725,535.0698560029268,6905.908557638526
13393.883070319891,18.90600361675024,535.1308431513608,6905.908557638526
13394.355347581208,18.90600361675024,535.1308431513608,6906.238215500489
13394.43257922493,18.90795950219035,535.1974535807967,6906.238215500489
13394.949336810037,18.90795950219035,535.1974535807967,6906.57114338316
13395.018860572949,18.909443037584424,535.257673624903,6906.57114338316
13395.50871188566,18.909443037584424,535.257673624903,6906.893305070698
13396.268751770258,18.914508817717433,535.3467086944729,6906.893305070698
13396.782329326496,18.914508817717433,535.3467086944729,6907.2474516462535
13396.863094532862,18.917030420154333,535.4141290877014,6907.2474516462535
13397.3464522399,18.917030420154333,535.4141290877014,6907.605757597834
13397.42483645305,18.918645387515426,535.4799767360091,6907.605757597834
13397.989772332832,18.918645387515426,535.4799767360091,6908.046142812818
13398.061801871285,18.920396778732538,535.5420774668455,6908.046142812818
13398.519676024094,18.920396778732538,535.5420774668455,6908.36958999373
13399.131049197167,18.92543446086347,535.5917007382959,6908.36958999373
13399.569860953838,18.92543446086347,535.5917007382959,6908.685352403671
13399.64074106887,18.926983388140798,535.6527755279094,6908.685352403671
13400.090844532475,18.926983388140798,535.6527755279094,6909.006517931819
13400.16072432138,18.92848013713956,535.7133675385267,6909.006517931819
13400.632458705455,18.92848013713956,535.7133675385267,6909.353392995894
13400.707765135914,18.930079396814108,535.7791332937777,6909.353392995894
13401.285818073899,18.930079396814108,535.7791332937777,6909.6820544190705
13401.972187789157,18.935049837455153,535.8546524960548,6909.6820544190705
13402.493117067963,18.935049837455153,535.8546524960548,6910.02870936133
13402.570603266358,18.936653684824705,535.9180800504982,6910.02870936133
13402.995691433549,18.936653684824705,535.9180800504982,6910.343210507184
13403.072447948158,18.938215602189302,535.9853022918105,6910.343210507184
13403.541794069111,18.938215602189302,535.9853022918105,6910.671599065885
13403.613362269476,18.939767410978675,536.0423861797899,6910.671599065885
13404.063511852175,18.939767410978675,536.0423861797899,6911.003764465451
13404.983119877055,18.944649051874876,536.1462849806994,6911.003764465451
13405.456637693569,18.944649051874876,536.1462849806994,6911.33419769071
13405.539433309808,18.94628680124879,536.2195975333452,6911.33419769071
13406.019483665004,18.94628680124879,536.2195975333452,6911.681841241196
13406.091865781695,18.947869770228863,536.2825058177114,6911.681841241196
13406.51840070635,18.947869770228863,536.2825058177114,6911.99008384347
13406.586316779256,18.949471578001976,536.341212073341,6911.99008384347
13407.120115501806,18.949471578001976,536.341212073341,6912.316998006776
13407.622213348746,18.95442385971546,536.4104294907302,6912.316998006776
13408.091516749933,18.95442385971546,536.4104294907302,6912.6569782774895
13408.168761264533,18.956057468429208,536.4781329389662,6912.6569782774895
13408.621952991933,18.956057468429208,536.4781329389662,6912.9906790442765
13408.69388113916,18.957656217738986,536.5404244419187,6912.9906790442765
13409.161727802828,18.957656217738986,536.5404244419187,6913.322453783825
13409.246698137373,18.959896229207516,536.6029837597162,6913.322453783825
13409.896256206557,18.959896229207516,536.6029837597162,6913.742761883885
13410.891949793324,18.964817870408297,536.6652723029256,6913.742761883885
13411.444931298494,18.964817870408297,536.6652723029256,6914.077162142843
13411.566437525675,18.966419029980898,536.7719458006322,6914.077162142843
13412.288457989693,18.966419029980898,536.7719458006322,6914.470748834312
13412.347691917792,18.968082409352064,536.8216013330966,6914.470748834312
13412.772732334211,18.968082409352064,536.8216013330966,6914.762408386916
13412.886275527999,18.969765800982714,536.9210054092109,6914.762408386916
13413.477446863428,18.969765800982714,536.9210054092109,6915.136536490172
13414.47951724939,18.9746933337301,537.0273293107748,6915.136536490172
13415.110074860975,18.9746933337301,537.0273293107748,6915.519974183291
13415.18919900991,18.97629787400365,537.090386537835,6915.519974183291
13415.650068286806,18.97629787400365,537.090386537835,6915.848000535741
13415.721604268998,18.977896753698587,537.1492954306304,6915.848000535741
13416.184131406248,18.977896753698587,537.1492954306304,6916.174584671855
13416.265219481662,18.97943614050746,537.2093482222408,6916.174584671855
13416.796303305775,18.97943614050746,537.2093482222408,6916.513551471755
13418.342058725655,18.984899628907442,537.3256196863949,6916.513551471755
13418.867723349482,18.984899628907442,537.3256196863949,6916.8887482415885
13418.977896513417,18.986513720825315,537.4143446590751,6916.8887482415885
13419.55284784548,18.986513720825315,537.4143446590751,6917.217427926138
13419.70547042042,18.988598007708788,537.5321142598987,6917.217427926138
13420.271358678117,18.988598007708788,537.5321142598987,6917.630460234359
13420.333828542382,18.99024722725153,537.5812311507761,6917.630460234359
13420.94577194564,18.99024722725153,537.5812311507761,6917.966431399807
13421.771562637761,18.995206769555807,537.640508748591,6917.966431399807
13422.323348309845,18.995206769555807,537.640508748591,6918.344011133537
13422.40293843858,18.996824527159333,537.7059558983892,6918.344011133537
13423.059301609173,18.996824527159333,537.7059558983892,6918.839451329783
13423.179477812722,18.998428424820304,537.7809506207705,6918.839451329783
13423.755474014208,18.998428424820304,537.7809506207705,6919.197029512376
13423.849776558578,19.0000325627625,537.8605903685093,6919.197029512376
13424.358409876004,19.0000325627625,537.8605903685093,6919.577617712319
13425.04536922276,19.00500505976379,537.9600392766297,6919.577617712319
13425.668090425432,19.00500505976379,537.9600392766297,6919.938031923026
13425.781801531091,19.006597777828574,538.0462695937604,6919.938031923026
13426.228219607845,19.006597777828574,538.0462695937604,6920.237203299999
13426.335790744051,19.00817308574915,538.1366556268185,6920.237203299999
13427.010333515704,19.00817308574915,538.1366556268185,6920.629497623071
13427.10706974566,19.009765395894647,538.2203461993486,6920.629497623071
13427.63174075447,19.009765395894647,538.2203461993486,6921.0287248995155
13428.294743336737,19.014751786366105,538.2909554429352,6921.0287248995155
13428.87801351957,19.014751786366105,538.2909554429352,6921.486496470869
13428.942163618281,19.016411647200584,538.3452250789851,6921.486496470869
13429.401302913204,19.016411647200584,538.3452250789851,6921.824519947171
13429.4792101793,19.017991334199905,538.4127703066915,6921.824519947171
13430.056350493804,19.017991334199905,538.4127703066915,6922.159933295101
13430.166732929647,19.019617285579443,538.5043621417135,6922.159933295101
13430.63628684543,19.019617285579443,538.5043621417135,6922.490324411541
13431.36775161326,19.024569023400545,538.5664030201733,6922.490324411541
13431.926936930045,19.024569023400545,538.5664030201733,6922.842188326642
13431.997653173283,19.02619530260563,538.6213669907302,6922.842188326642
13432.582581218332,19.02619530260563,538.6213669907302,6923.242921309546
13432.68742088601,19.02785980142653,538.7062759324908,6923.242921309546
13433.221636937931,19.02785980142653,538.7062759324908,6923.632316507399
13433.296629009768,19.02957033365965,538.7715064976364,6923.632316507399
13433.734662804753,19.02957033365965,538.7715064976364,6923.939167134464
13434.280193522573,19.034494753926992,538.8527771849185,6923.939167134464
13434.820853412151,19.034494753926992,538.8527771849185,6924.321323752403
13434.92674442567,19.036617962643504,538.9339219816029,6924.321323752403
13435.40765465051,19.036617962643504,538.9339219816029,6924.665777275339
13435.485725738108,19.038237972185016,539.0022031143308,6924.665777275339
13436.139242909849,19.038237972185016,539.0022031143308,6925.09867024608
13436.228790737689,19.039883291348815,539.069918114692,6925.09867024608
13436.929162820801,19.039883291348815,539.069918114692,6925.585652159527
13437.72220495902,19.04839077591896,539.1455582305789,6925.585652159527
13438.268551712856,19.04839077591896,539.1455582305789,6925.937317471951
13438.341975457966,19.05006730556488,539.2054854091257,6925.937317471951
13439.10473134555,19.05006730556488,539.2054854091257,6926.473836315796
13439.197265457362,19.051724445074797,539.2883315850049,6926.473836315796
13439.784782379866,19.051724445074797,539.2883315850049,6926.856770200655
13439.856416292489,19.053307415917516,539.3505781870335,6926.856770200655
13440.289303554222,19.053307415917516,539.3505781870335,6927.166481569409
13440.682440450415,19.058596851304173,539.413562182337,6927.166481569409
13441.129647782072,19.058596851304173,539.413562182337,6927.492487795651
13441.20420926623,19.06021524965763,539.4755870625377,6927.492487795651
13441.67851921916,19.06021524965763,539.4755870625377,6927.831083770841
13441.7548518572,19.061820866540074,539.5395952761173,6927.831083770841
13442.310748865828,19.061820866540074,539.5395952761173,6928.1571864094585
13442.389759272337,19.063509427011013,539.5895501654595,6928.1571864094585
13442.832463681698,19.063509427011013,539.5895501654595,6928.481136640534
13443.39785869047,19.06855622678995,539.6642709933221,6928.481136640534
13443.878870895132,19.06855622678995,539.6642709933221,6928.802636045963
13443.977421566844,19.07020345889032,539.7313414737582,6928.802636045963
13444.457571877167,19.07020345889032,539.7313414737582,6929.154967792332
13444.533945554867,19.07181221805513,539.7941079325974,6929.154967792332
13444.990604529157,19.07181221805513,539.7941079325974,6929.490567712113
13445.086724657565,19.073340494185686,539.8705011419952,6929.490567712113
13445.644821703434,19.073340494185686,539.8705011419952,6929.893362516537
13446.156683338806,19.078390315175056,539.9373297467828,6929.893362516537
13446.62265762128,19.078390315175056,539.9373297467828,6930.226018352434
13446.701478816569,19.079996095970273,540.0068334117532,6930.226018352434
13447.155273905024,19.079996095970273,540.0068334117532,6930.550447432324
13447.229873213917,19.081617016345263,540.0688879396766,6930.550447432324
13447.72235526517,19.081617016345263,540.0688879396766,6930.89794893004
13447.8239345029,19.083440478891134,540.1605795770884,6930.89794893004
13448.434014197439,19.083440478891134,540.1605795770884,6931.358856730163
13448.99629936926,19.094589319080114,540.2137824427336,6931.358856730163
13449.505133250728,19.094589319080114,540.2137824427336,6931.669535970315
13449.608481390402,19.09623409807682,540.3042321652174,6931.669535970315
13450.180625803769,19.09623409807682,540.3042321652174,6932.085425792262
13450.253404516727,19.09782393835485,540.3671723809093,6932.085425792262
13450.744403762743,19.09782393835485,540.3671723809093,6932.4543863125145
13450.813637632877,19.09938852675259,540.4269074965268,6932.4543863125145
13451.273445254192,19.09938852675259,540.4269074965268,6932.769942369312
13451.758986212313,19.10426980815828,540.4871126003563,6932.769942369312
13452.55876834318,19.10426980815828,540.4871126003563,6933.362653285265
13452.649184567854,19.10692840628326,540.5624002572149,6933.362653285265
13453.242022186518,19.10692840628326,540.5624002572149,6933.721214445308
13453.384520977736,19.108540574088693,540.6838063169271,6933.721214445308
13453.962806520984,19.108540574088693,540.6838063169271,6934.145276255906
13454.03363138251,19.110025791451335,540.7455300800502,6934.145276255906
13454.554950170219,19.110025791451335,540.7455300800502,6934.488372117281
13455.279211089015,19.114928541705012,540.8242158815265,6934.488372117281
13455.769406082109,19.114928541705012,540.8242158815265,6934.811563985422
13455.837580289692,19.11653833091259,540.8817625977099,6934.811563985422
13456.32378433086,19.11653833091259,540.8817625977099,6935.167426684871
13456.390601646155,19.11813138052821,540.9392316937447,6935.167426684871
13456.831993620843,19.11813138052821,540.9392316937447,6935.492666481063
13456.90551961027,19.119641419500113,541.0033862516284,6935.492666481063
13457.38812639378,19.119641419500113,541.0033862516284,6935.811979277059
13457.820374226198,19.125306045636535,541.0602409355342,6935.811979277059
13458.289878360927,19.125306045636535,541.0602409355342,6936.150251217186
13458.370026897639,19.126843253150582,541.1269411966205,6936.150251217186
13458.829449800774,19.126843253150582,541.1269411966205,6936.475671892986
13458.901188565418,19.128450801596045,541.1891791392118,6936.475671892986
13459.37492571026,19.128450801596045,541.1891791392118,6936.799789926037
13459.438515085727,19.129955299198627,541.2435140591115,6936.799789926037
13459.936654506251,19.129955299198627,541.2435140591115,6937.142280433327
13460.62272506021,19.140955002978444,541.2924862578511,6937.142280433327
13461.107818961143,19.140955002978444,541.2924862578511,6937.483608160168
13461.181692533195,19.142551062628627,541.3527706228197,6937.483608160168
13461.682812016457,19.142551062628627,541.3527706228197,6937.834306275472
13461.799000898376,19.14416984282434,541.4454444069415,6937.834306275472
13462.48743929714,19.14416984282434,541.4454444069415,6938.288133669645
13462.568385869265,19.145646477118134,541.5088076312095,6938.288133669645
13463.399191245437,19.145646477118134,541.5088076312095,6938.642473543063
13466.530644398183,19.150799181312323,541.5980223529041,6938.642473543063
13467.065488252789,19.150799181312323,541.5980223529041,6938.948010759428
13467.189490837976,19.152380319312215,541.7062039989978,6938.948010759428
13467.744725584984,19.152380319312215,541.7062039989978,6939.337275447324
13467.81841852516,19.153938388451934,541.7635195814073,6939.337275447324
13468.36258501932,19.153938388451934,541.7635195814073,6939.749035233632
13468.436278190464,19.15558355860412,541.8272793013602,6939.749035233632
13469.03476370126,19.15558355860412,541.8272793013602,6940.093532029539
13470.188998240978,19.160685904324055,541.924429455772,6940.093532029539
13470.920548565686,19.160685904324055,541.924429455772,6940.426058985293
13471.203277796507,19.16245842911303,542.0267774276435,6940.426058985293
13471.677385197952,19.16245842911303,542.0267774276435,6940.740599896759
13471.750830961391,19.16480158828199,542.088865308091,6940.740599896759
13472.568898759782,19.16480158828199,542.088865308091,6941.040385397151
13472.76691591926,19.16651627793908,542.1499322280288,6941.040385397151
13473.471800778061,19.16651627793908,542.1499322280288,6941.424328649417
13475.05932212621,19.17233144491911,542.2230750694871,6941.424328649417
13476.02547861822,19.17233144491911,542.2230750694871,6941.690387137234
13476.179812481627,19.17409820854664,542.347537683323,6941.690387137234
13476.994742713869,19.17409820854664,542.347537683323,6942.107773024589
13477.108998728916,19.175769874826074,542.4424815885723,6942.107773024589
13477.902445379645,19.175769874826074,542.4424815885723,6942.511041369289
13478.0156145785,19.17738968320191,542.5328014306724,6942.511041369289
13478.652716044337,19.17738968320191,542.5328014306724,6942.8863332327455
13481.987476518378,19.18243858590722,542.6310407873243,6942.8863332327455
13482.960182158276,19.18243858590722,542.6310407873243,6943.259887216613
13483.024626409635,19.183922873809934,542.6806247495115,6943.259887216613
13483.458778142929,19.183922873809934,542.6806247495115,6943.554021714255
13483.541168073192,19.185489904135466,542.7528320513666,6943.554021714255
13483.98953490518,19.185489904135466,542.7528320513666,6943.849215451628
13484.05827588588,19.187030263245106,542.8079297039658,6943.849215451628
13484.47064573504,19.187030263245106,542.8079297039658,6944.1328901629895
13487.04984257184,19.19203356653452,542.880437143147,6944.1328901629895
13487.627921134233,19.19203356653452,542.880437143147,6944.431843621656
13487.811466220766,19.19364439509809,542.9293459523469,6944.431843621656
13488.358383608982,19.19364439509809,542.9293459523469,6944.753704754636
13488.464946037158,19.19525707513094,543.0187840182334,6944.753704754636
13489.337106257677,19.19525707513094,543.0187840182334,6945.1327783465385
13489.464387722313,19.196865452453494,543.129743937403,6945.1327783465385
13490.218335673213,19.196865452453494,543.129743937403,6945.522892152891
13493.135055769235,19.201870573684573,543.2398188691586,6945.522892152891
13493.96952734515,19.201870573684573,543.2398188691586,6945.857520680875
13494.18650976196,19.203598553314805,543.296966118738,6945.857520680875
13495.115114590153,19.203598553314805,543.296966118738,6946.189098730683
13495.24111513421,19.205277552828193,543.4004828818142,6946.189098730683
13495.913307107985,19.205277552828193,543.4004828818142,6946.503515869379
13496.07819993794,19.20688594505191,543.53424853459,6946.503515869379
13496.745902620256,19.20688594505191,543.53424853459,6946.797816280276
13498.260236531496,19.21601609326899,543.586879555136,6946.797816280276
13498.785945640877,19.21601609326899,543.586879555136,6947.086826525629
13498.929862609133,19.217689925804734,543.6572376359254,6947.086826525629
13499.527660133317,19.217689925804734,543.6572376359254,6947.372444132343
13499.722660928965,19.219510968774557,543.7423443030566,6947.372444132343
13500.359006114304,19.219510968774557,543.7423443030566,6947.729263031855
13500.444140689448,19.22115788795054,543.807831345126,6947.729263031855
13501.124472033232,19.22115788795054,543.807831345126,6948.020737841725
13502.977904982865,19.226435091346502,543.8907448239625,6948.020737841725
13503.512828653678,19.226435091346502,543.8907448239625,6948.30543152988
13503.607030745596,19.22805325128138,543.9667882081121,6948.30543152988
13504.111728135496,19.22805325128138,543.9667882081121,6948.632000839338
13504.179008008912,19.229640701785684,544.0161986462772,6948.632000839338
13504.847820973024,19.229640701785684,544.0161986462772,6949.022136542946
13505.00324110873,19.231439735740423,544.0845073182136,6949.022136542946
13505.646153474227,19.231439735740423,544.0845073182136,6949.515522815287
13507.697575245053,19.236727934330702,544.1662304457277,6949.515522815287
13508.371066946536,19.236727934330702,544.1662304457277,6949.981307927519
13508.481096325442,19.238282430917025,544.261943038553,6949.981307927519
13509.149318350479,19.238282430917025,544.261943038553,6950.413632201031
13509.383463237435,19.240002989768982,544.3706864770502,6950.413632201031
13509.975360125303,19.240002989768982,544.3706864770502,6950.7444425765425
13510.107121590525,19.24162299744785,544.4811368267983,6950.7444425765425
13510.961321687326,19.24162299744785,544.4811368267983,6951.361897895113
13512.843529442325,19.24664383009076,544.5538011994213,6951.361897895113
13513.397998347878,19.24664383009076,544.5538011994213,6951.686559768394
13513.467457050458,19.248127717524767,544.6099577117711,6951.686559768394
13513.955215642229,19.248127717524767,544.6099577117711,6952.000429388136
13514.045194650069,19.250047700479627,544.6895753722638,6952.000429388136
13514.625275779516,19.250047700479627,544.6895753722638,6952.315922668204
13514.74212552607,19.251730501651764,544.7953160069883,6952.315922668204
13515.399744177237,19.251730501651764,544.7953160069883,6952.747334256768
13517.11619008705,19.257193211466074,544.9378904402256,6952.747334256768
13517.783514846116,19.257193211466074,544.9378904402256,6953.230098776519
13517.875305365771,19.258873840793967,544.9892930556089,6953.230098776519
13518.638508297503,19.258873840793967,544.9892930556089,6953.721743678674
13518.70149801299,19.260513180866838,545.0423154588789,6953.721743678674
13519.24650156498,19.260513180866838,545.0423154588789,6954.0507485456765
13519.344436038285,19.26206922903657,545.1237844396383,6954.0507485456765
13519.991442035884,19.26206922903657,545.1237844396383,6954.463397582993
13521.809730060399,19.266955446451902,545.1970334742218,6954.463397582993
13522.387419028208,19.266955446451902,545.1970334742218,6954.738143811002
13522.481543710455,19.268607845529914,545.272676050663,6954.738143811002
13523.12556372583,19.268607845529914,545.272676050663,6955.121728757396
13523.192330170423,19.270180894061923,545.3299170807004,6955.121728757396
13523.708350595087,19.270180894061923,545.3299170807004,6955.430609418079
13523.827966369689,19.27175071462989,545.3797426074743,6955.430609418079
13524.33711280115,19.27175071462989,545.3797426074743,6955.710575731471
13526.276646820828,19.276699664071202,545.4452272374183,6955.710575731471
13526.996474375948,19.276699664071202,545.4452272374183,6956.199621327221
13527.069324200973,19.278266431763768,545.5010620318353,6956.199621327221
13527.857132190838,19.278266431763768,545.5010620318353,6956.6424553934485
13527.992440393195,19.282502019777894,545.6171267908067,6956.6424553934485
13528.69842164591,19.282502019777894,545.6171267908067,6957.006124610081
13528.798499073833,19.28415099903941,545.6993675865233,6957.006124610081
13529.389943202958,19.28415099903941,545.6993675865233,6957.360268771648
13531.019317254424,19.296033404767513,545.7950178459287,6957.360268771648
13531.609111141413,19.296033404767513,545.7950178459287,6957.704820849001
13531.672892032191,19.297604024410248,545.8488722052425,6957.704820849001
13532.326058413833,19.297604024410248,545.8488722052425,6958.028092961758
13532.451485913247,19.29919801466167,545.9580422006547,6958.028092961758
13533.104107916355,19.29919801466167,545.9580422006547,6958.5045039244
13533.264821499586,19.300919346511364,546.066542474553,6958.5045039244
13533.764410817996,19.300919346511364,546.066542474553,6958.841746130958
13535.334711531177,19.305845202878118,546.1665913537145,6958.841746130958
13535.902471270412,19.305845202878118,546.1665913537145,6959.189530650154
13535.97780190222,19.307644747197628,546.2319738529623,6959.189530650154
13536.573314933106,19.307644747197628,546.2319738529623,6959.60106876865
13536.655638881028,19.309298494830728,546.3044640403241,6959.60106876865
13537.336161188781,19.309298494830728,546.3044640403241,6960.056674776599
13537.416940869763,19.310908135026693,546.3754699118435,6960.056674776599
13537.870224716142,19.310908135026693,546.3754699118435,6960.379726493731
13541.367296172306,19.31780879199505,546.4286790192127,6960.379726493731
13541.927431400865,19.31780879199505,546.4286790192127,6960.649433169514
13542.024940725416,19.319479512050748,546.5099269747734,6960.649433169514
13542.62883576937,19.319479512050748,546.5099269747734,6960.926499688998
13542.695412792265,19.321155531331897,546.5627277139574,6960.926499688998
13543.53707694076,19.321155531331897,546.5627277139574,6961.226311953738
13543.692524889484,19.323607977479696,546.6514005865902,6961.226311953738
13544.468731062487,19.323607977479696,546.6514005865902,6961.605203675106
13546.524740394205,19.3285955786705,546.7108158282936,6961.605203675106
13547.06102108024,19.3285955786705,546.7108158282936,6961.994990225881
13547.129168149084,19.330244079232216,546.7677727043629,6961.994990225881
13547.724099611863,19.330244079232216,546.7677727043629,6962.362240428105
13547.805760417134,19.33191085793078,546.8323023673147,6962.362240428105
13548.595943294466,19.33191085793078,546.8323023673147,6962.818870736286
13548.716154059395,19.33345098607242,546.9385412484407,6962.818870736286
13549.19155544974,19.33345098607242,546.9385412484407,6963.117420036346
13550.508878082037,19.33842846006155,546.9909544624388,6963.117420036346
13551.06973800622,19.33842846006155,546.9909544624388,6963.461175080389
13551.19910554029,19.340059587731957,547.1020094808191,6963.461175080389
13552.938269870356,19.340059587731957,547.1020094808191,6964.002872304991
13553.053367473185,19.34175320714712,547.1960716638714,6964.002872304991
13553.50785896182,19.34175320714712,547.1960716638714,6964.2928384020925
13553.578811014071,19.343387307599187,547.2575089614838,6964.2928384020925
13554.019358186051,19.343387307599187,547.2575089614838,6964.593796746805
13554.775140006095,19.348289178684354,547.32742533274,6964.593796746805
13555.299628609791,19.348289178684354,547.32742533274,6964.944089487195
13555.438779989257,19.349900119006634,547.4472825545818,6964.944089487195
13556.020676078275,19.349900119006634,547.4472825545818,6965.387808531523
13556.099207114428,19.35155246965587,547.5098912715912,6965.387808531523
13556.576492277905,19.35155246965587,547.5098912715912,6965.693616725504
13556.68963098526,19.35318648815155,547.5962822921574,6965.693616725504
13557.20752524957,19.35318648815155,547.5962822921574,6966.01698409766
13558.181739972904,19.358143279328942,547.7203302998096,6966.01698409766
13558.779734781012,19.358143279328942,547.7203302998096,6966.388474589214
13558.876968389377,19.359752157703042,547.8024537935853,6966.388474589214
13559.394649457186,19.359752157703042,547.8024537935853,6966.7182745765895
13559.464638601989,19.361375588923693,547.8626485690475,6966.7182745765895
13560.159502493218,19.361375588923693,547.8626485690475,6967.133683433756
13560.223255503923,19.363016329705715,547.9114407058805,6967.133683433756
13560.777251614258,19.363016329705715,547.9114407058805,6967.4733616523445
13561.68516840972,19.368233075365424,548.0241348855197,6967.4733616523445
13562.123384132981,19.368233075365424,548.0241348855197,6967.76390054822
13562.196068884805,19.36984962411225,548.0808630697429,6967.76390054822
13562.664238082245,19.36984962411225,548.0808630697429,6968.087672967464
13562.723571462557,19.371590605005622,548.1308226268739,6968.087672967464
13563.25875129737,19.371590605005622,548.1308226268739,6968.402397254482
13563.330606317148,19.37321313470602,548.1840303149074,6968.402397254482
13563.889845589176,19.37321313470602,548.1840303149074,6968.78073499538
13564.716044722125,19.378142204135656,548.2531921733171,6968.78073499538
13565.253025781363,19.378142204135656,548.2531921733171,6969.123935518786
13565.38489574939,19.379749661311507,548.3642419353127,6969.123935518786
13566.033152773976,19.379749661311507,548.3642419353127,6969.623517079279
13566.116398779675,19.382413309067488,548.4315792489797,6969.623517079279
13566.668747717515,19.382413309067488,548.4315792489797,6969.961481178179
13566.75984872505,19.384113548323512,548.5010163523257,6969.961481178179
13567.588035453111,19.384113548323512,548.5010163523257,6970.565049357712
13568.38413403742,19.38910665921867,548.6005362216383,6970.565049357712
13568.884113132954,19.38910665921867,548.6005362216383,6970.919731421396
13568.959106529132,19.39070321060717,548.6618944201618,6970.919731421396
13569.471556054428,19.39070321060717,548.6618944201618,6971.244639514014
13569.599268957973,19.392279397696257,548.7728131879121,6971.244639514014
13570.187527529895,19.392279397696257,548.7728131879121,6971.688352737576
13570.259687552229,19.393822759389877,548.8356042690575,6971.688352737576
13571.070897880942,19.393822759389877,548.8356042690575,6972.223191199824
13572.163524650037,19.398908592760563,548.9455149173737,6972.223191199824
13572.721629293635,19.398908592760563,548.9455149173737,6972.643609147519
13572.796265922487,19.40043992176652,549.0066036693752,6972.643609147519
13573.224144397303,19.40043992176652,549.0066036693752,6972.9488487914205
13573.293536890298,19.40199395827949,549.0635688882321,6972.9488487914205
13573.735840497538,19.40199395827949,549.0635688882321,6973.2730927839875
13573.813661953434,19.40362217091024,549.1204942315817,6973.2730927839875
13574.44597186707,19.40362217091024,549.1204942315817,6973.7705256044865
13575.015608280897,19.40859511308372,549.1939091868699,6973.7705256044865
13575.47242658399,19.40859511308372,549.1939091868699,6974.088490378112
13575.555095437914,19.41011974029243,549.2669987175614,6974.088490378112
13576.051498768851,19.41011974029243,549.2669987175614,6974.422482606024
13576.141941426322,19.411734327673912,549.3419737610966,6974.422482606024
13576.651112357154,19.411734327673912,549.3419737610966,6974.775869756937
13576.723738169298,19.413353567942977,549.3988911081105,6974.775869756937
13577.257896300405,19.413353567942977,549.3988911081105,6975.137386303395
13578.057878432795,19.41852637194097,549.4476157575846,6975.137386303395
13578.501685639843,19.41852637194097,549.4476157575846,6975.430438484997
13578.596388442442,19.42005098052323,549.5143000818789,6975.430438484997
13579.132261602208,19.42005098052323,549.5143000818789,6975.834879342467
13579.209201473743,19.42186920531094,549.5775321647525,6975.834879342467
13579.76978906244,19.42186920531094,549.5775321647525,6976.200282189995
13579.844924429432,19.423425612971187,549.6415300890803,6976.200282189995
13580.35394039005,19.423425612971187,549.6415300890803,6976.602978285402
13580.964930066839,19.428424613550305,549.7435146141797,6976.602978285402
13581.6658439897,19.428424613550305,549.7435146141797,6977.086307208985
13581.734292445704,19.43007069453597,549.8021894618869,6977.086307208985
13582.623550496995,19.43007069453597,549.8021894618869,6977.693608008325
13582.741539632902,19.431640362367034,549.9010868147016,6977.693608008325
13583.37606578879,19.431640362367034,549.9010868147016,6978.187828861177
13583.477940211073,19.43319481983781,549.9863370265812,6978.187828861177
13583.92394214496,19.43319481983781,549.9863370265812,6978.510977271944
13584.56954758428,19.438009660691023,550.0998517200351,6978.510977271944
13585.28586281836,19.438009660691023,550.0998517200351,6978.986851228401
13585.356005754322,19.43959735892713,550.1564024575055,6978.986851228401
13586.078215673566,19.43959735892713,550.1564024575055,6979.464462628588
13586.205402389169,19.441135715693235,550.2618148867041,6979.464462628588
13586.951641498134,19.441135715693235,550.2618148867041,6979.980398144573
13587.028993353248,19.44273125566542,550.3292414117604,6979.980398144573
13587.770896622911,19.44273125566542,550.3292414117604,6980.499721931294
13588.413799641654,19.447806237265468,550.4049842990935,6980.499721931294
13589.011614456773,19.447806237265468,550.4049842990935,6980.941847095266
13589.08147438243,19.449410995468497,550.4654829576612,6980.941847095266
13589.661516025662,19.449410995468497,550.4654829576612,6981.354650657624
13589.776432756335,19.45104057341814,550.565957646817,6981.354650657624
13590.423276266083,19.45104057341814,550.565957646817,6981.765151945874
13590.530400365591,19.452686052769423,550.6596970707178,6981.765151945874
13591.040400573984,19.452686052769423,550.6596970707178,6982.135902581736
13591.794227110222,19.45764860510826,550.7422966528684,6982.135902581736
13592.60562186502,19.45764860510826,550.7422966528684,6982.735327718779
13592.71529644914,19.45931588485837,550.8358111958951,6982.735327718779
13593.416831806302,19.45931588485837,550.8358111958951,6983.262728674337
13593.487950310111,19.46103922650218,550.8862574733794,6983.262728674337
13593.948362117633,19.46103922650218,550.8862574733794,6983.598580826074
13594.02302701585,19.462639186531305,550.9495595861226,6983.598580826074
13594.461185710505,19.462639186531305,550.9495595861226,6983.924467097968
13595.158729841933,19.46757752634585,551.0022221468389,6983.924467097968
13595.62347261794,19.46757752634585,551.0022221468389,6984.256568450481
13595.701823154464,19.469166623428464,551.0707031525671,6984.256568450481
13596.1949477382,19.469166623428464,551.0707031525671,6984.610010499135
13596.276602352038,19.470793280750513,551.134849909693,6984.610010499135
13597.08197331801,19.470793280750513,551.134849909693,6985.118233790621
13597.182671980932,19.472435500472784,551.2090048994869,6985.118233790621
13597.827066095546,19.472435500472784,551.2090048994869,6985.561327083036
13599.012164762244,19.477447021752596,551.3240885138512,6985.561327083036
13599.90154084377,19.477447021752596,551.3240885138512,6986.145463934168
13599.98228156194,19.479056442156434,551.3879665378481,6986.145463934168
13600.70682649687,19.479056442156434,551.3879665378481,6986.637387523428
13600.78874727711,19.480660781264305,551.460024997592,6986.637387523428
13601.391933053732,19.480660781264305,551.460024997592,6987.037210920826
13601.488453600556,19.484884809702635,551.5419515687972,6987.037210920826
13602.16085565649,19.484884809702635,551.5419515687972,6987.4213383719325
13603.021191000938,19.489886201918125,551.6676509846002,6987.4213383719325
13603.808934494853,19.489886201918125,551.6676509846002,6987.959062198177
13603.912886004895,19.491437029093504,551.7501994371414,6987.959062198177
13604.451510528103,19.491437029093504,551.7501994371414,6988.327122107148
13604.523503137752,19.4931022785604,551.8120736125857,6988.327122107148
13605.056436315179,19.4931022785604,551.8120736125857,6988.683401361108
13605.13688554056,19.49466726742685,551.8829032704234,6988.683401361108
13605.627852194011,19.49466726742685,551.8829032704234,6989.02166691795
13606.381215212867,19.499608179554343,551.9521898813546,6989.02166691795
13606.855235269293,19.499608179554343,551.9521898813546,6989.35885383375
13606.917993541807,19.501233279705048,552.0052322465926,6989.35885383375
13607.392839502543,19.501233279705048,552.0052322465926,6989.687792969868
13607.524603290483,19.502817699685693,552.1152381785214,6989.687792969868
13608.145534569398,19.502817699685693,552.1152381785214,6990.155055042356
13608.234793901443,19.504418110474944,552.1770054828376,6990.155055042356
13608.741648225114,19.504418110474944,552.1770054828376,6990.530538775027
13609.670428017154,19.50948714464903,552.296809732914,6990.530538775027
13610.150408241898,19.50948714464903,552.296809732914,6990.8819354996085
13610.230171093717,19.51106941141188,552.3672719951719,6990.8819354996085
13610.703373203054,19.51106941141188,552.3672719951719,6991.237728195265
13610.781491056085,19.51267223805189,552.4318544007838,6991.237728195265
13611.497670607641,19.51267223805189,552.4318544007838,6991.66353742592
13611.569987082854,19.514303857460618,552.4942581448704,6991.66353742592
13612.237369189039,19.514303857460618,552.4942581448704,6992.164611617103
13613.125565251336,19.51922202669084,552.5702651496977,6992.164611617103
13613.711557196453,19.51922202669084,552.5702651496977,6992.516496410593
13613.809744641185,19.52081573754549,552.6418547425419,6992.516496410593
13614.295296948403,19.52081573754549,552.6418547425419,6992.873982736841
13614.367097565904,19.522294403985143,552.7040905244648,6992.873982736841
13614.881471706554,19.522294403985143,552.7040905244648,6993.221558213234
13614.956305624917,19.523945251479745,552.7692826800048,6993.221558213234
13615.39212984778,19.523945251479745,552.7692826800048,6993.538998609409
13616.092501694337,19.528920531272888,552.8313318286091,6993.538998609409
13616.57355539687,19.528920531272888,552.8313318286091,6993.875011654571
13616.645576838404,19.530499380081892,552.8906754273921,6993.875011654571
13617.196149816737,19.530499380081892,552.8906754273921,6994.226470910013
13617.285410702229,19.53202456794679,552.9669964872301,6994.226470910013
13617.856041586027,19.53202456794679,552.9669964872301,6994.638592109084
13617.963478188962,19.53367187641561,553.0337786208838,6994.638592109084
13618.472474522889,19.53367187641561,553.0337786208838,6994.967734917998
13619.460835790262,19.53867674805224,553.0986766200513,6994.967734917998
13619.961839698255,19.53867674805224,553.0986766200513,6995.29803388007
13620.037476044148,19.54028826765716,553.1648175045848,6995.29803388007
13620.50551456213,19.54028826765716,553.1648175045848,6995.6284300442785
13620.580431213602,19.54183572717011,553.2304518911988,6995.6284300442785
13621.038527442142,19.54183572717011,553.2304518911988,6995.945032926276
13621.135453414172,19.543401274830103,553.3177727684379,6995.945032926276
13621.761864554137,19.543401274830103,553.3177727684379,6996.3911659531295
13622.742919508368,19.54845999740064,553.4237002339214,6996.3911659531295
13623.297709994018,19.54845999740064,553.4237002339214,6996.750589624047
13623.423085436225,19.550087738782167,553.5151896066964,6996.750589624047
13623.912412561476,19.550087738782167,553.5151896066964,6997.061738396063
13624.06990681775,19.551820781081915,553.6366877686232,6997.061738396063
13624.540848117322,19.551820781081915,553.6366877686232,6997.414852173999
13624.606623664498,19.55357253178954,553.6925143543631,6997.414852173999
13625.032912481576,19.55357253178954,553.6925143543631,6997.73581860587
13625.70903224498,19.55845650099218,553.7814451418817,6997.73581860587
13626.218069778755,19.55845650099218,553.7814451418817,6998.094923239201
13626.2857476715,19.560028318315744,553.8396936319768,6998.094923239201
13626.77968724072,19.560028318315744,553.8396936319768,6998.425792489201
13626.877382989973,19.561619516462088,553.919114889577,6998.425792489201
13627.2843779549,19.561619516462088,553.919114889577,6998.7348340936005
13627.35788962245,19.563285056501627,553.9830086622387,6998.7348340936005
13627.81869844906,19.563285056501627,553.9830086622387,6999.071302186698
13628.590116098523,19.568237295374274,554.051279425621,6999.071302186698
13629.164557073265,19.568237295374274,554.051279425621,6999.45159878768
13629.269547434524,19.56982196494937,554.1439695730805,6999.45159878768
13629.772537497804,19.56982196494937,554.1439695730805,6999.8012102190405
13629.854583349079,19.57147758640349,554.2138372063637,6999.8012102190405
13630.335931628942,19.57147758640349,554.2138372063637,7000.157793458551
13630.402941159904,19.57308065518737,554.2712111901492,7000.157793458551
13630.874610023573,19.57308065518737,554.2712111901492,7000.487287666649
13631.489405002445,19.57888862863183,554.3340940736234,7000.487287666649
13632.033285969868,19.57888862863183,554.3340940736234,7000.8240834046155
13632.11898946017,19.580517629161477,554.3991377167404,7000.8240834046155
13632.712833708152,19.580517629161477,554.3991377167404,7001.271158551797
13632.79609285295,19.5821101795882,554.4722597450018,7001.271158551797
13633.29028218612,19.5821101795882,554.4722597450018,7001.618936281651
13633.36526392214,19.583701157942414,554.5377929862589,7001.618936281651
13633.862438250333,19.583701157942414,554.5377929862589,7001.981382418424
13634.364443533123,19.58869699947536,554.6001302096993,7001.981382418424
13635.072086414322,19.58869699947536,554.6001302096993,7002.4934632163495
13635.184786513448,19.590315960347652,554.6998120844364,7002.4934632163495
13635.71450035274,19.590315960347652,554.6998120844364,7002.86252088286
13635.787096045911,19.591870298609138,554.7596421837807,7002.86252088286
13636.277852017432,19.591870298609138,554.7596421837807,7003.212707718834
13636.360306609422,19.593434458598495,554.8321465626359,7003.212707718834
13636.891487706453,19.593434458598495,554.8321465626359,7003.618408441544
13637.477826977149,19.598384687677026,554.8910986650735,7003.618408441544
13637.959976240993,19.598384687677026,554.8910986650735,7003.944472806528
13638.038661703467,19.59997465647757,554.9599970187992,7003.944472806528
13638.498803667724,19.59997465647757,554.9599970187992,7004.284020425752
13638.571041582152,19.6014848574996,555.0226343795657,7004.284020425752
13639.13355921954,19.6014848574996,555.0226343795657,7004.633140990511
13639.250250482932,19.603130005300045,555.1218022052199,7004.633140990511
13639.781702365726,19.603130005300045,555.1218022052199,7005.0454433858395
13640.256357714534,19.60809856839478,555.1707414444536,7005.0454433858395
13640.95275223814,19.60809856839478,555.1707414444536,7005.546681005508
13641.028217772022,19.609627936035395,555.2342059072107,7005.546681005508
13641.562684519216,19.609627936035395,555.2342059072107,7005.904862193391
13641.656270833686,19.611169185489416,555.3009971231222,7005.904862193391
13642.25375793688,19.611169185489416,555.3009971231222,7006.289140457287
13642.344053659588,19.61279935389757,555.3744047060609,7006.289140457287
13642.76014520228,19.61279935389757,555.3744047060609,7006.586862595752
13643.382461016998,19.618429774418473,555.4539766665548,7006.586862595752
13644.213829388842,19.618429774418473,555.4539766665548,7007.154877603054
13644.29996992834,19.620013292878866,555.5257262010127,7007.154877603054
13644.86037828587,19.620013292878866,555.5257262010127,7007.533562945202
13644.922699442133,19.621663715690374,555.578117473051,7007.533562945202
13645.711461804807,19.621663715690374,555.578117473051,7008.023710485548
13645.809614121914,19.623247204348445,555.6636572182178,7008.023710485548
13646.513610726222,19.623247204348445,555.6636572182178,7008.534600002691
13647.080459341407,19.628295185044408,555.7391813918948,7008.534600002691
13647.599021028727,19.628295185044408,555.7391813918948,7008.830703141168
13647.677355425432,19.62984585389495,555.8078832607716,7008.830703141168
13648.131467381492,19.62984585389495,555.8078832607716,7009.155273668468
13648.197807157412,19.631424402818084,555.8640929833055,7009.155273668468
13648.689248722047,19.631424402818084,555.8640929833055,7009.4828857295215
13648.807981073856,19.63306939229369,555.9729446060956,7009.4828857295215
13649.305800605565,19.63306939229369,555.9729446060956,7009.849053332582
13649.85502502136,19.637992283329368,556.0419909935445,7009.849053332582
13650.36647403054,19.637992283329368,556.0419909935445,7010.203993622214
13650.44889394939,19.63946327753365,556.1148740313947,7010.203993622214
13650.970993852243,19.63946327753365,556.1148740313947,7010.551343394443
13651.053979761899,19.64105019532144,556.1800543870777,7010.551343394443
13651.582755666226,19.64105019532144,556.1800543870777,7010.911618411541
13651.665295667946,19.642651373520494,556.2441990673542,7010.911618411541
13652.135894881561,19.642651373520494,556.2441990673542,7011.251343103126
13652.75931227021,19.647639034315944,556.32002562657,7011.251343103126
13653.226574294269,19.647639034315944,556.32002562657,7011.589174611494
13653.294976618141,19.649242393672466,556.3784159496427,7011.589174611494
13653.754308797419,19.649242393672466,556.3784159496427,7011.91915034689
13653.856404446065,19.650846203789115,556.4644238241017,7011.91915034689
13654.362882114947,19.650846203789115,556.4644238241017,7012.274336220697
13654.443181077018,19.65238292142749,556.5353997051716,7012.274336220697
13654.93181490153,19.65238292142749,556.5353997051716,7012.620960948989
13655.572119073942,19.657601872459054,556.5912511236966,7012.620960948989
13656.132703457028,19.657601872459054,556.5912511236966,7012.96404344216
13656.270601687953,19.66353305056691,556.6825280636549,7012.96404344216
13656.933214576915,19.66353305056691,556.6825280636549,7013.419812437147
13657.034406429157,19.665234580636024,556.7535839471966,7013.419812437147
13657.918426088989,19.665234580636024,556.7535839471966,7013.863706156611
13657.9980003573,19.666746387258172,556.809110507369,7013.863706156611
13658.582420926541,19.666746387258172,556.809110507369,7014.221273005009
13659.619981920347,19.67178960889578,556.8595971949399,7014.221273005009
13660.348721712828,19.67178960889578,556.8595971949399,7014.5225940570235
13660.459103833884,19.674307191744447,556.9213811606169,7014.5225940570235
13661.114974599332,19.674307191744447,556.9213811606169,7014.82105034031
13661.181772965938,19.675918772816658,556.9709532540292,7014.82105034031
13662.040553025901,19.675918772816658,556.9709532540292,7015.128132380545
13662.158306529745,19.677543884143233,557.0774370525032,7015.128132380545
13662.643813177943,19.677543884143233,557.0774370525032,7015.450962396339
13665.650792108849,19.6824784129858,557.143729608506,7015.450962396339
13666.078094955534,19.6824784129858,557.143729608506,7015.732154296711
13666.140542913228,19.684114983305335,557.1945586241782,7015.732154296711
13666.897592391819,19.684114983305335,557.1945586241782,7016.108084848151
13666.973092477769,19.685731073841453,557.2443320006132,7016.108084848151
13667.733169049025,19.685731073841453,557.2443320006132,7016.480570727959
13667.798722285777,19.687330393120646,557.300453433767,7016.480570727959
13668.969697697088,19.687330393120646,557.300453433767,7016.907737953588
13670.509344093502,19.694054022431374,557.3492926526815,7016.907737953588
13671.14592143707,19.694054022431374,557.3492926526815,7017.168962277472
13671.335009248927,19.69592049717903,557.4064841642976,7017.168962277472
13672.175829585642,19.69592049717903,557.4064841642976,7017.442356724292
13672.253530969843,19.6975224185735,557.4701940566301,7017.442356724292
13672.682407345623,19.6975224185735,557.4701940566301,7017.722659597173
13672.744196241722,19.699119398370385,557.5194589216262,7017.722659597173
13673.127079229802,19.699119398370385,557.5194589216262,7017.992449048907
13674.555471278727,19.704514272511005,557.5679733622819,7017.992449048907
13675.133450489491,19.704514272511005,557.5679733622819,7018.325327998027
13675.286679308861,19.70606144890189,557.6889821272343,7018.325327998027
13676.290297728032,19.70606144890189,557.6889821272343,7018.92126747407
13676.554040489718,19.707820219919086,557.7670920901,7018.92126747407
13677.379994900897,19.707820219919086,557.7670920901,7019.32666692324
13677.461372382939,19.70937567576766,557.8322887681425,7019.32666692324
13678.346570326015,19.70937567576766,557.8322887681425,7019.833691472188
13680.353974524885,19.714445827528834,557.8888186849654,7019.833691472188
13680.950204718858,19.714445827528834,557.8888186849654,7020.155274806544
13681.07469842583,19.719734504818916,557.9960966259241,7020.155274806544
13681.708682816476,19.719734504818916,557.9960966259241,7020.639702953398
13681.834146099165,19.72132452391088,558.096093846485,7020.639702953398
13682.690067458898,19.72132452391088,558.096093846485,7021.140209063888
13682.818864805624,19.722897121682763,558.2064509447664,7021.140209063888
13683.538117945194,19.722897121682763,558.2064509447664,7021.509324282408
13685.59932996519,19.73202418908477,558.3193945605308,7021.509324282408
13686.498503252864,19.73202418908477,558.3193945605308,7022.066995084286
13686.645798515528,19.73379353247583,558.3874051813036,7022.066995084286
13687.496740285307,19.73379353247583,558.3874051813036,7022.440673876554
13687.627624377608,19.735391130670905,558.4858130533248,7022.440673876554
13688.407727567479,19.735391130670905,558.4858130533248,7022.833729770035
13688.47182499431,19.73698483221233,558.5398003477603,7022.833729770035
13689.356701534241,19.73698483221233,558.5398003477603,7023.098591541871
13691.262670857832,19.741832230240107,558.5886555165052,7023.098591541871
13691.84543854557,19.741832230240107,558.5886555165052,7023.477371178567
13691.940005257726,19.743445778265595,558.6527344733477,7023.477371178567
13692.533763214946,19.743445778265595,558.6527344733477,7023.792347021401
13692.593642115593,19.74506470747292,558.7018399890512,7023.792347021401
13693.218155054376,19.74506470747292,558.7018399890512,7024.072870738804
13693.301859818399,19.746613655239344,558.7684049289674,7024.072870738804
13693.914243616164,19.746613655239344,558.7684049289674,7024.389387920499
13695.750790825114,19.754943136125803,558.8362793046981,7024.389387920499
13696.403312144801,19.754943136125803,558.8362793046981,7024.805422004312
13696.507449930534,19.756625035777688,558.9008816611022,7024.805422004312
13697.182717094198,19.756625035777688,558.9008816611022,7025.187477359548
13697.301560485736,19.75821561552584,558.9574325401336,7025.187477359548
13698.066733235493,19.75821561552584,558.9574325401336,7025.674268411472
13698.155621673912,19.76048398576677,559.0349048301578,7025.674268411472
13698.683522883803,19.76048398576677,559.0349048301578,7025.992547385395
13700.080728789791,19.76547822728753,559.1055891364813,7025.992547385395
13700.657731451094,19.76547822728753,559.1055891364813,7026.436651499942
13700.72782583721,19.767020542174578,559.1657343301922,7026.436651499942
13701.432517446578,19.767020542174578,559.1657343301922,7026.874500671402
13701.58456059359,19.76953442580998,559.2386877983809,7026.874500671402
13702.209172686562,19.76953442580998,559.2386877983809,7027.197086144239
13702.406683079898,19.77136041969061,559.3167408388108,7027.197086144239
13702.975556185469,19.77136041969061,559.3167408388108,7027.53997268714
13704.128228317946,19.776379577815533,559.4323802217841,7027.53997268714
13704.69346919842,19.776379577815533,559.4323802217841,7027.908160069957
13704.785137217492,19.777907075360417,559.5102636162192,7027.908160069957
13705.364009736106,19.777907075360417,559.5102636162192,7028.270180640742
13705.474319154397,19.78018499724567,559.6094477511942,7028.270180640742
13706.284835718572,19.78018499724567,559.6094477511942,7028.808837896213
13706.430154694244,19.781794164329767,559.6950682196766,7028.808837896213
13706.952685145661,19.781794164329767,559.6950682196766,7029.136953398585
13708.498025337234,19.78687102906406,559.7980832755566,7029.136953398585
13709.245776848868,19.78687102906406,559.7980832755566,7029.55753907375
13709.373583998531,19.788493188098073,559.8732799254358,7029.55753907375
13710.009049745277,19.788493188098073,559.8732799254358,7029.932705974206
13710.172952249646,19.79030211828649,559.9383777007461,7029.932705974206
13710.78020032309,19.79030211828649,559.9383777007461,7030.219115065411
13710.89751536958,19.79190610907972,560.0445162057877,7030.219115065411
13711.459350768477,19.79190610907972,560.0445162057877,7030.532430449501
13713.377685822546,19.79736470617354,560.094969663769,7030.532430449501
13713.901226591319,19.79736470617354,560.094969663769,7030.834562668577
13714.008994283155,19.798994256183505,560.1876041516662,7030.834562668577
13714.569925565273,19.798994256183505,560.1876041516662,7031.1228582672775
13714.638877401128,19.80066013522446,560.2435477096587,7031.1228582672775
13715.252693485469,19.80066013522446,560.2435477096587,7031.458183662966
13715.360174352303,19.803123140707612,560.323539396748,7031.458183662966
13715.996648048982,19.803123140707612,560.323539396748,7031.734825300053
13718.524184694514,19.808568976819515,560.404181484133,7031.734825300053
13718.930777493864,19.808568976819515,560.404181484133,7032.014840299264
13719.139923801646,19.810701306909323,560.4876589365304,7032.014840299264
13719.732526842505,19.810701306909323,560.4876589365304,7032.315255686641
13719.832247475162,19.812340445816517,560.568292863667,7032.315255686641
13720.518668774515,19.812340445816517,560.568292863667,7032.691629389301
13720.783044695854,19.814159238711,560.6381229050457,7032.691629389301
13721.34934522584,19.814159238711,560.6381229050457,7032.968614503741
13722.93872010149,19.819465022534132,560.7337693348527,7032.968614503741
13723.373403185979,19.819465022534132,560.7337693348527,7033.26943096146
13723.445399833843,19.82115551456809,560.7930678352714,7033.26943096146
13724.030514428392,19.82115551456809,560.7930678352714,7033.593998020515
13724.103996114805,19.82273762114346,560.8574080970138,7033.593998020515
13724.62530131638,19.82273762114346,560.8574080970138,7033.896646259353
13724.775211405009,19.824770338833332,560.9819903373718,7033.896646259353
13725.416533989832,19.824770338833332,560.9819903373718,7034.295037142932
13727.304802777246,19.830069955438375,561.0470106005669,7034.295037142932
13727.777666345239,19.830069955438375,561.0470106005669,7034.584191096947
13727.891345117241,19.831687577068806,561.1335562057793,7034.584191096947
13728.54571454972,19.831687577068806,561.1335562057793,7034.9953927043825
13728.615426637232,19.833273515105247,561.1831500604749,7034.9953927043825
13729.505912289023,19.833273515105247,561.1831500604749,7035.337709648535
13729.571271141991,19.834841085597873,561.2391316182911,7035.337709648535
13730.071638220921,19.834841085597873,561.2391316182911,7035.621914431453
13732.081859329715,19.841662671416998,561.2905773762614,7035.621914431453
13732.77651296556,19.841662671416998,561.2905773762614,7035.910950915888
13733.060637397692,19.844197407364845,561.4030855856836,7035.910950915888
13733.501370811835,19.844197407364845,561.4030855856836,7036.208380099386
13733.569922419265,19.84577206708491,561.4612105246633,7036.208380099386
13734.203093407676,19.84577206708491,561.4612105246633,7036.597639668733
13734.326523372903,19.847421707585454,561.5670806635171,7036.597639668733
13735.203507751226,19.847421707585454,561.5670806635171,7037.0867254231125
13736.452059540898,19.852298038080335,561.6742495130748,7037.0867254231125
13737.063627498224,19.852298038080335,561.6742495130748,7037.509243434295
13737.16272694245,19.85495874658227,561.7424085941166,7037.509243434295
13737.674448549747,19.85495874658227,561.7424085941166,7037.890625346452
13737.754838882014,19.85644012503326,561.8137576635927,7037.890625346452
13738.297503640875,19.85644012503326,561.8137576635927,7038.226864157245
13738.432115133852,19.85803808271885,561.9364521577954,7038.226864157245
13739.015947600827,19.85803808271885,561.9364521577954,7038.629478756338
13739.903514022008,19.86346762254834,562.0033992547542,7038.629478756338
13740.422764426097,19.86346762254834,562.0033992547542,7038.931673226878
13740.483346909285,19.865102181211114,562.0531373172998,7038.931673226878
13741.500807322562,19.865102181211114,562.0531373172998,7039.2507143467665
13741.615656843409,19.866720139980316,562.1542755905539,7039.2507143467665
13742.222224088386,19.866720139980316,562.1542755905539,7039.5684982948005
13742.29768358171,19.868272187188268,562.2167894411832,7039.5684982948005
13743.055237803608,19.868272187188268,562.2167894411832,7039.834416126832
13745.221449293196,19.873212778940797,562.2770097777247,7039.834416126832
13745.786303557456,19.873212778940797,562.2770097777247,7040.124241471291
13745.946833308786,19.8748836889863,562.3986214548349,7040.124241471291
13746.701160404831,19.8748836889863,562.3986214548349,7040.629654696211
13746.767590112984,19.87645741738379,562.4526768792421,7040.629654696211
13747.715693585575,19.87645741738379,562.4526768792421,7041.019881822169
13747.924819134176,19.878141678869724,562.5476479474455,7041.019881822169
13748.61859880574,19.878141678869724,562.5476479474455,7041.387442074716
13750.803039107472,19.883037878200412,562.6276727858931,7041.387442074716
13751.406618857756,19.883037878200412,562.6276727858931,7041.684953670949
13751.546116584912,19.89046330563724,562.7295974809676,7041.684953670949
13752.16215191409,19.89046330563724,562.7295974809676,7042.078335173428
13752.337318252772,19.892128305509686,562.7817527409643,7042.078335173428
13752.751896830276,19.892128305509686,562.7817527409643,7042.375665348023
13753.05077319406,19.897283989936113,562.8944895118475,7042.375665348023
13753.634451249614,19.897283989936113,562.8944895118475,7042.701791405678
13755.8543001879,19.904181582853198,562.9868804756552,7042.701791405678
13756.301441669464,19.904181582853198,562.9868804756552,7043.012597527355
13756.366908149794,19.90575249120593,563.0425856690854,7043.012597527355
13757.04577772133,19.90575249120593,563.0425856690854,7043.294810896739
13757.152390632778,19.907352350652218,563.1144739855081,7043.294810896739
13757.825691912323,19.907352350652218,563.1144739855081,7043.742708751932
13757.896338449791,19.90896388888359,563.175232950598,7043.742708751932
13758.524883294478,19.90896388888359,563.175232950598,7044.027363533154
13759.999977089465,19.913954509422183,563.2231362722814,7044.027363533154
13760.499305302277,19.913954509422183,563.2231362722814,7044.365786675364
13760.693933095783,19.915710870176554,563.3321987595409,7044.365786675364
13761.424889395013,19.915710870176554,563.3321987595409,7044.75005810149
13761.553197022527,19.91730323806405,563.4448874499649,7044.75005810149
13762.329075109214,19.91730323806405,563.4448874499649,7045.034148262814
13762.434862324968,19.91893138922751,563.5180492736399,7045.034148262814
13763.305350035429,19.91893138922751,563.5180492736399,7045.534203078598
13765.515108762309,19.924139032140374,563.6419110186398,7045.534203078598
13766.144021131098,19.924139032140374,563.6419110186398,7045.901901833713
13766.23372203298,19.925847752019763,563.7187310066074,7045.901901833713
13766.766413345933,19.925847752019763,563.7187310066074,7046.190829636529
13766.877915905789,19.9273989405483,563.817513845861,7046.190829636529
13767.34196191281,19.9273989405483,563.817513845861,7046.482938216999
13767.406469030306,19.92892723530531,563.8724120836705,7046.482938216999
13767.952475609258,19.92892723530531,563.8724120836705,7046.808346442878
13770.020813241601,19.93385561555624,563.9452467896044,7046.808346442878
13770.636399539188,19.93385561555624,563.9452467896044,7047.159279882908
13770.712970005348,19.936390904709697,564.0081807263196,7047.159279882908
13771.519130064175,19.936390904709697,564.0081807263196,7047.54217065312
13771.601078325883,19.937923602759838,564.0676579605788,7047.54217065312
13772.322219038382,19.937923602759838,564.0676579605788,7047.936682395637
13772.40556306392,19.93957593291998,564.1372514888644,7047.936682395637
13773.167638679966,19.93957593291998,564.1372514888644,7048.39488475211
13774.797018516809,19.95199028775096,564.2256365884095,7048.39488475211
13775.537158224732,19.95199028775096,564.2256365884095,7048.754293417558
13775.62670494616,19.953645296394825,564.2952273730189,7048.754293417558
13776.384064365178,19.953645296394825,564.2952273730189,7049.156779754907
13776.586242567748,19.960064785555005,564.3441650550812,7049.156779754907
13777.076180279255,19.960064785555005,564.3441650550812,7049.460960015655
13777.207435378805,19.962768325582147,564.4594605751336,7049.460960015655
13777.905400410295,19.962768325582147,564.4594605751336,7049.7507365029305
13782.963556021452,19.96941172517836,564.5490074958652,7049.7507365029305
13783.693253310397,19.96941172517836,564.5490074958652,7050.102911088616
13783.752935945988,19.97101206332445,564.598664700985,7050.102911088616
13784.382530121133,19.97101206332445,564.598664700985,7050.377820724621
13784.441451583058,19.972701735794544,564.6479512900114,7050.377820724621
13784.922097085044,19.972701735794544,564.6479512900114,7050.656758692116
13784.997418785468,19.97430945560336,564.7099868599325,7050.656758692116
13785.68709120527,19.97430945560336,564.7099868599325,7050.93771604076
13786.7842411343,19.979643834754825,564.8281834926456,7050.93771604076
13787.494275033474,19.979643834754825,564.8281834926456,7051.272655459121
13787.59398710914,19.981286242604256,564.9180391207337,7051.272655459121
13788.50913762115,19.981286242604256,564.9180391207337,7051.833528783172
13788.600710522383,19.98292408324778,564.9969573300332,7051.833528783172
13789.247994326055,19.98292408324778,564.9969573300332,7052.17359062843
13789.37871734798,19.98467865586281,565.0884440951049,7052.17359062843
13790.484685556963,19.98467865586281,565.0884440951049,7052.60498528555
13795.171679215506,19.989576272666454,565.1394597124308,7052.60498528555
13795.743003269657,19.989576272666454,565.1394597124308,7052.861981265247
13796.039083242416,19.99124145321548,565.2223949600011,7052.861981265247
13796.896859582514,19.99124145321548,565.2223949600011,7053.206457996741
13797.043792385608,19.992846474051476,565.3322250917554,7053.206457996741
13798.111262792721,19.992846474051476,565.3322250917554,7053.564845271409
13798.180493054911,19.99535950087011,565.3868867270648,7053.564845271409
13798.70808570087,19.99535950087011,565.3868867270648,7053.867260118946
13801.927496090531,20.0002075266093,565.4554566554725,7053.867260118946
13802.831639192998,20.0002075266093,565.4554566554725,7054.164153685793
13802.940769182518,20.001833705231547,565.5058628227562,7054.164153685793
13803.349230449647,20.001833705231547,565.5058628227562,7054.455171884969
13803.67133493349,20.003446923568845,565.5604316461831,7054.455171884969
13804.744844701141,20.003446923568845,565.5604316461831,7054.73392820172
13804.890365721658,20.00576008670032,565.672682389617,7054.73392820172
13806.222916319966,20.00576008670032,565.672682389617,7055.204191274941
13807.82270664163,20.010755110532045,565.7616859208792,7055.204191274941
13808.3041757904,20.010755110532045,565.7616859208792,7055.516141144559
13808.37962837331,20.01236584968865,565.8174235541373,7055.516141144559
13809.479878868908,20.01236584968865,565.8174235541373,7055.983424542472
13809.56608551927,20.013961957767606,565.8937224727124,7055.983424542472
13810.18815481849,20.013961957767606,565.8937224727124,7056.310328153893
13810.31359658204,20.01547588594258,565.9788440726697,7056.310328153893
13811.266424752772,20.01547588594258,565.9788440726697,7056.63963438943
13814.089726958424,20.020610086619854,566.0399673152715,7056.63963438943
13814.577633583918,20.020610086619854,566.0399673152715,7056.955826789141
13814.716397121549,20.02241693995893,566.1242974419147,7056.955826789141
13815.241284769028,20.02241693995893,566.1242974419147,7057.270113492385
13815.315685713664,20.024333273991942,566.1869988944381,7057.270113492385
13815.794360011816,20.024333273991942,566.1869988944381,7057.542288379744
13815.852802826092,20.025912061333656,566.2358052637428,7057.542288379744
13816.620942734182,20.025912061333656,566.2358052637428,7057.911030253395
13819.134967247024,20.031373221427202,566.3123747501522,7057.911030253395
13819.806276394054,20.031373221427202,566.3123747501522,7058.221754623577
13819.936571396887,20.03317842260003,566.3774705771357,7058.221754623577
13820.46581007354,20.03317842260003,566.3774705771357,7058.536322370172
13820.528654677793,20.034773031249642,566.4278635531664,7058.536322370172
13821.510851005092,20.034773031249642,566.4278635531664,7059.046348838136
13821.66479593888,20.036603044718504,566.5195079036057,7059.046348838136
13822.365012072027,20.036603044718504,566.5195079036057,7059.489330595359
13823.895537544042,20.042725326493382,566.6002424247563,7059.489330595359
13824.493967521936,20.042725326493382,566.6002424247563,7059.827554065734
13824.566382208839,20.044464437291026,566.6624212097377,7059.827554065734
13825.12162916176,20.044464437291026,566.6624212097377,7060.19336983934
13825.264437682927,20.046117516234517,566.787539049983,7060.19336983934
13825.982408490032,20.046117516234517,566.787539049983,7060.726679144427
13826.130125578493,20.047802796587348,566.8779066670686,7060.726679144427
13826.826036071405,20.047802796587348,566.8779066670686,7061.183871900663
13829.726181207225,20.062125446274877,566.9701584279537,7061.183871900663
13830.424463013187,20.062125446274877,566.9701584279537,7061.50801422447
13830.486818699166,20.063711024820805,567.0198978446424,7061.50801422447
13831.317432317883,20.063711024820805,567.0198978446424,7061.926295321435
13831.393051244318,20.06544446386397,567.0842257253826,7061.926295321435
13831.987453589216,20.06544446386397,567.0842257253826,7062.221079710871
13832.093584662303,20.06709367223084,567.157329628244,7062.221079710871
13832.653511660174,20.06709367223084,567.157329628244,7062.542791100219
13834.370536370203,20.07231298647821,567.2324029561132,7062.542791100219
13834.86773721315,20.07231298647821,567.2324029561132,7062.882053419948
13835.086566599086,20.074149610474706,567.3316274322569,7062.882053419948
13835.603670688346,20.074149610474706,567.3316274322569,7063.2187022622675
13835.75174030289,20.0758503023535,567.4158639088273,7063.2187022622675
13836.546131720766,20.0758503023535,567.4158639088273,7063.717872744426
13836.78018306382,20.077634554356337,567.4901099000126,7063.717872744426
13837.35279800184,20.077634554356337,567.4901099000126,7064.100538022816
13839.645745201036,20.082558566704392,567.5383126083761,7064.100538022816
13840.241699434817,20.082558566704392,567.5383126083761,7064.388550268486
13840.346769679338,20.084157343953848,567.6081852912903,7064.388550268486
13840.817613424733,20.084157343953848,567.6081852912903,7064.671444609761
13840.900470314547,20.08577622100711,567.6580687109381,7064.671444609761
13841.527540093288,20.08577622100711,567.6580687109381,7064.97450112924
13841.776753142476,20.087472992017865,567.7803887780756,7064.97450112924
13842.62505543232,20.087472992017865,567.7803887780756,7065.493769515306
13843.858178019524,20.092469735071063,567.8571421857923,7065.493769515306
13844.753471005708,20.092469735071063,567.8571421857923,7066.045278958976
13844.86746995151,20.09427449852228,567.9143255781382,7066.045278958976
13845.598820222542,20.09427449852228,567.9143255781382,7066.503616895527
13845.714390344918,20.09585445560515,568.020233348012,7066.503616895527
13846.457438750193,20.09585445560515,568.020233348012,7066.876868216321
13846.532096950337,20.097419325262308,568.0828872006387,7066.876868216321
13847.26576060243,20.097419325262308,568.0828872006387,7067.270184207708
13849.392853269354,20.102615477517247,568.1436677500606,7067.270184207708
13850.225870011374,20.102615477517247,568.1436677500606,7067.575543310493
13850.346112832427,20.104197015985847,568.2481747139245,7067.575543310493
13851.193949284032,20.104197015985847,568.2481747139245,7067.871057312936
13851.403205325827,20.106116950511932,568.2975763920695,7067.871057312936
13852.149044657126,20.106116950511932,568.2975763920695,7068.200433982536
13852.433537239209,20.107926033437252,568.3545668870211,7068.200433982536
13853.314768809825,20.107926033437252,568.3545668870211,7068.5704958904535
13855.687393860891,20.1128661185503,568.4238243289292,7068.5704958904535
13856.361131154,20.1128661185503,568.4238243289292,7068.844291025773
13856.585430268198,20.11477070301771,568.4825810771435,7068.844291025773
13857.321506133303,20.11477070301771,568.4825810771435,7069.133095515892
13857.405426662415,20.116381783038378,568.5459247007966,7069.133095515892
13858.178398201242,20.116381783038378,568.5459247007966,7069.465561179444
13858.249730810523,20.117994040250778,568.6077979765832,7069.465561179444
13859.240918694064,20.117994040250778,568.6077979765832,7069.844572933391
