-109.01500241227964,-105.04544153488177
-111.28990884929328,-107.31819379812508
-112.0966628041237,-108.12280258073616
-112.37051809747778,-108.39452164701031
-112.4628899143165,-108.48476612596839
-112.49438551216784,-108.51414321966493
-112.50557154400379,-108.52321952606016
-112.50999274338663,-108.52553972416148
-112.51216018199003,-108.52561483153985
-112.51357501450161,-108.52494594922774
-112.51473665286281,-108.52403243595411
-112.51581124009098,-108.52304038196226
-112.51685405805584,-108.5220250167815
-112.51788351229621,-108.52100469403968
-112.51890574260875,-108.51998550204718
-112.51992280294157,-108.51896944368653
-112.52093540575505,-108.51795718076873
-112.521943794353,-108.51694890636017
-112.52294806842748,-108.51594467032332
-112.5239482780635,-108.5149444733173
-112.52494445624276,-108.51394829929743
-112.52593663013629,-108.51295612680389
-112.52692482476994,-108.51196793262332
-112.52790906439445,-108.51098369315481
-112.52888937283784,-108.51000338475833
-112.52986577368104,-108.50902698392674
-112.53083829029393,-108.50805446731792
-112.53180694585357,-108.50708581176904
-112.53277176333677,-108.50612099428581
-112.53373276554419,-108.50515999206267
-112.53468997510856,-108.50420278248734
-112.53564341448299,-108.50324934312569
-112.5365931059104,-108.50229965168762
-112.5375390715033,-108.50135368610322
-112.53848133315994,-108.50041142443561
-112.49288935032234,-108.36419761998094,-107.85386146799873
-112.493255281798,-108.36188757653673,-107.83733796223584
-112.493648931424,-108.35967846578667,-107.82092521047264
-112.49407053064003,-108.35756879098282,-107.80462245460014
-112.49451963155265,-108.35555660081872,-107.78842849353474
-112.49499579912903,-108.35363998918346,-107.77234215725674
-112.4954986079317,-108.35181709049192,-107.75636230232327
-112.49602764016564,-108.35008607699397,-107.74048780944362
-112.49658248486807,-108.34844515725759,-107.72471758222278
-112.49716273763919,-108.34689257513391,-107.70905054636725
-112.49776800035994,-108.34542660881914,-107.69348564899524
-112.49839788108486,-108.34404557000997,-107.67802185801648
-112.49905199386676,-108.34274780311979,-107.66265816158582
-112.49972995864597,-108.34153168445997,-107.6473935674938
-112.50043140111408,-108.34039562153286,-107.63222710268504
-112.50115595247715,-108.33933805216809,-107.61715781260082
-112.50190324955837,-108.33835744401625,-107.60218476087286
-112.50267293447862,-108.33745229368245,-107.58730702866087
-112.50346465462972,-108.33662112612932,-107.5725237142465
-112.50427806252948,-108.33586249400695,-107.55783393255538
-112.5051128157396,-108.33517497704051,-107.54323681472803
-112.50596857676453,-108.33455718140564,-107.52873150767198
-112.50684501289295,-108.3340077390977,-107.5143171736113
-112.50774179619343,-108.33352530742931,-107.49999298975209
-112.50865860329748,-108.3331085683707,-107.48575814779531
-112.50959511545537,-108.33275622811861,-107.47161185366191
-112.51055101830582,-108.33246701644296,-107.45755332700324
-112.51152600184004,-108.3322396862321,-107.44358180090501
-112.51251976037268,-108.33207301302672,-107.42969652156904
-112.51353199239507,-108.33196579447443,-107.41589674791892
-112.51456240045768,-108.33191684982356,-107.40218175124097
-112.51561069121304,-108.33192501956633,-107.38855081496646
-112.5166765752041,-108.3319891648865,-107.37500323426761
-112.51775976692848,-108.33210816730788,-107.3615383158292
-112.51885998465539,-108.33228092820895,-107.3481553775106
-112.5199769503997,-108.33250636842236,-107.33485374806901
-112.52111038982629,-108.33278342781261,-107.32163276686751
-112.52195503493523,-108.33228490647903,-107.32120110968766
-112.52279679946665,-108.3317879770484,-107.3207705774452
-112.52363569219325,-108.33129262867887,-107.32034116434521
-112.52447172806326,-108.330798853866,-107.31991286701978
-112.52530492186078,-108.33030664508807,-107.31948568203563
-112.5261352881983,-108.32981599480661,-107.31905960589778
-112.52696284161543,-108.32932689556361,-107.31863463514783
-112.5277875965273,-108.32883933992753,-107.3182107663097
-112.5286095673014,-108.32835332055379,-107.31778799594683
-112.52942876812158,-108.32786883008714,-107.31736632057616
-112.53024521315713,-108.32738586127961,-107.31694573677261
-112.5310589164294,-108.32690440687978,-107.31652624106572
-112.53186989185657,-108.32642445969694,-107.31610783001018
-112.53267815329568,-108.32594601261138,-107.31569050018801
-112.53348371452063,-108.32546905854014,-107.31527424817166
-112.53428658915985,-108.32499359042788,-107.31485907053101
-112.53508679076549,-108.324519601261,-107.31444496383261
-112.53588433280987,-108.32404708408846,-107.31403192466821
-112.53667922867649,-108.32357603200725,-107.31361994963962
-112.53747149165427,-108.32310643814908,-107.31320903534406
-112.53826113497003,-108.32263829571629,-107.31279917841177
-112.53904817166168,-108.32217159787216,-107.3123903754021
-112.53983261480064,-108.32170633792592,-107.31198262297859
-112.54061447730977,-108.32124250917336,-107.31157591775691
-112.54139377203352,-108.32078010496132,-107.31117025636843
-112.5421705117163,-108.32031911867453,-107.31076563545027
-112.5429447090618,-108.31985954376346,-107.31036205166488
-112.54371637661032,-108.31940137366517,-107.3099595016342
-112.54448552692763,-108.3189446019465,-107.30955798207033
-112.54525217238974,-108.31848922211853,-107.30915748959943
-112.54601632535,-108.31803522779273,-107.30875802091528
-112.54677799807821,-108.31758261261189,-107.30835957270861
-112.54753720272954,-108.31713137023951,-107.30796214166314
-112.54829395140271,-108.31668149438802,-107.30756572447575
-112.5490482561234,-108.31623297882132,-107.30717031786536
-112.5251805605778,-108.25288126527515,-107.21679306086511,-106.7094374050859
-112.5256861759453,-108.25191103275587,-107.21570218232607,-106.69427195168207
-112.52620908918276,-108.25099446821746,-107.21468786073393,-106.67919481247286
-112.52674942198166,-108.25013089118441,-107.21374883704281,-106.66420542549473
-112.52730692549797,-108.24931940299145,-107.21288370670604,-106.64930308361176
-112.52788135867966,-108.24855912438903,-107.2120910948119,-106.6344870971943
-112.528472485594,-108.24784919214471,-107.21136965227441,-106.61975679046598
-112.52908007388125,-108.24718875734847,-107.2107180539447,-106.60511149979693
-112.52970389430965,-108.2465769847597,-107.21013499775626,-106.59055057302938
-112.5303437204734,-108.24601305234722,-107.2096192040698,-106.57607336899305
-112.53099932876185,-108.24549615099743,-107.20916941516077,-106.5616792571578
-112.5316704982158,-108.24502548421744,-107.20878439474794,-106.54736761733253
-112.5323570105529,-108.24460026792758,-107.20846292757496,-106.53313783940104
-112.53305865007712,-108.24421973018595,-107.20820381895103,-106.51898932302028
-112.53377520367084,-108.24388311100134,-107.20800589438888,-106.50492147741558
-112.53450646064653,-108.2435896620008,-107.20786799908747,-106.49093372100877
-112.53525221278838,-108.24333864628723,-107.2077889976224,-106.47702548126148
-112.53601225436674,-108.24312933826434,-107.20776777359005,-106.46319619445718
-112.5367863819292,-108.24296102329087,-107.20780322911403,-106.44944530535508
-112.53757439439325,-108.24283299759075,-107.20789428458613,-106.43577226706587
-112.53837609299408,-108.24274456802505,-107.20803987828062,-106.42217654080416
-112.53919128116448,-108.24269505184014,-107.2082389659553,-106.40865759562044
-112.54001976459328,-108.2426837765715,-107.20849052061261,-106.39521490829844
-112.5408613511521,-108.24271007977941,-107.20879353207232,-106.38184796304961
-112.54171585082558,-108.24277330889511,-107.20914700670063,-106.36855625137405
-112.54258307569198,-108.24287282102948,-107.20954996707306,-106.3553392718471
-112.54346284000783,-108.24300798288728,-107.21000145173745,-106.34219652999515
-112.54435495997768,-108.24317817045988,-107.21050051480546,-106.32912753801904
-112.54525925386682,-108.243382768963,-107.21104622574794,-106.31613181470404
-112.54617554187818,-108.24362117260691,-107.21163766904154,-106.30320888517561
-112.54710364624397,-108.24389278454615,-107.21227394399588,-106.2903582808429
-112.54804339106911,-108.24419701660179,-107.21295416436453,-106.27757953912796
-112.54899460236456,-108.24453328919704,-107.21367745816417,-106.26487220338659
-112.54995710799275,-108.24490103115195,-107.21444296735244,-106.25223582269946
-112.55093073773084,-108.24529967964143,-107.2152498476745,-106.23966995182005
-112.55191532310572,-108.2457286799294,-107.2160972682998,-106.22717415092337
-112.55291069744905,-108.24618748531292,-107.21698441165637,-106.21474798553776
-112.55358028406688,-108.24586155810573,-107.21676932068371,-106.21455483564672
-112.5542479212739,-108.2455366121094,-107.21655462432388,-106.21436193776238
-112.55491361134128,-108.24521263939843,-107.2163403203648,-106.2141692916944
-112.5555773631181,-108.2448896355196,-107.21612640840634,-106.21397689815566
-112.5562391852841,-108.24456759592452,-107.21591288791515,-106.21378475771495
-112.55689908643603,-108.24424651606054,-107.21569975831713,-106.2135928708894
-112.55755707512233,-108.24392639142084,-107.2154870190553,-106.21340123820596
-112.55821315977941,-108.24360721747459,-107.21527466951107,-106.2132098601135
-112.55886734885108,-108.24328898975793,-107.21506270909852,-106.21301873709005
-112.55951965072346,-108.24297170384894,-107.21485113723833,-106.21282786960157
-112.56017007370278,-108.24265535531804,-107.21463995331685,-106.21263725808001
-112.56081862604191,-108.24233993976942,-107.21442915671484,-106.21244690293135
-112.56146531597855,-108.2420254528588,-107.21421874683567,-106.21225680458255
-112.56211015169295,-108.24171189026919,-107.21400872307468,-106.21206696343705
-112.56275314128347,-108.24139924767965,-107.21379908479298,-106.2118773798558
-112.56339429285345,-108.24108752084489,-107.21358983139554,-106.21168805423606
-112.56403361440908,-108.24077670550628,-107.21338096224162,-106.21149898691598
-112.56467111393671,-108.2404667974536,-107.21317247670984,-106.21131017824834
-112.56530679937345,-108.24015779251668,-107.21296437418889,-106.21112162858275
-112.56594067860007,-108.23984968651807,-107.21275665402571,-106.21093333822121
-112.56657275943103,-108.23954247532237,-107.21254931558579,-106.21074530747174
-112.56720304967533,-108.23923615482593,-107.21234235823063,-106.21055753663381
-112.5678315570943,-108.23893072096865,-107.21213578133721,-106.21037002600913
-112.56845828937296,-108.23862616968606,-107.2119295842508,-106.21018277586097
-112.56908325417716,-108.23832249696716,-107.21172376634107,-106.20999578646766
-112.56970645910889,-108.23801969879365,-107.21151832693866,-106.2098090580606
-112.57032791172111,-108.23771777118915,-107.21131326539498,-106.20962259088544
-112.57094761958074,-108.23741671024632,-107.2111085810923,-106.20943638520282
-112.57156559010824,-108.23711651198407,-107.21090427332189,-106.20925044118513
-112.57218183076075,-108.23681717252967,-107.21070034144907,-106.20906475906172
-112.572796348939,-108.2365186880278,-107.21049678483821,-106.20887933906107
-112.57340915198066,-108.23622105460565,-107.21029360279303,-106.20869418133103
-112.57402024721576,-108.23592426846673,-107.210090794681,-106.20850928608621
-112.57462964186534,-108.23562832578175,-107.20988835981026,-106.20832465347095
-112.57523734318062,-108.2353332227929,-107.20968629752541,-106.20814028365524
-112.56096965016843,-108.20066037803166,-107.16209179589755,-106.13793643675545,-105.63217524636671
-112.56146103353687,-108.20014835162083,-107.161610608335,-106.13738239896489,-105.61762339476816
-112.56196443444409,-108.19966950226656,-107.16117461207499,-106.13689513968298,-105.60315130684417
-112.56247989402554,-108.19922344431671,-107.16078314061366,-106.13647348561322,-105.5887584825052
-112.56300724897439,-108.1988096743758,-107.1604354487359,-106.1361162228915,-105.5744443773684
-112.5635463425479,-108.19842770074236,-107.16013080707661,-106.13582216239102,-105.56020846053589
-112.56409702167902,-108.19807704027008,-107.15986849884902,-106.13559013622955,-105.54605021123915
-112.56465913553943,-108.19775721695106,-107.15964781839173,-106.13541899616631,-105.53196911739514
-112.56523253513639,-108.19746776149414,-107.15946807070814,-106.13530761299073,-105.51796467514343
-112.5658170730725,-108.1972082109874,-107.15932857104825,-106.13525487592524,-105.50403638839057
-112.56641260359174,-108.19697810883929,-107.15922864476164,-106.135259692301,-105.4901837686276
-112.56701898246618,-108.19677700461916,-107.1591676270836,-106.13532098718741,-105.47640633469695
-112.56763606690913,-108.19660445387711,-107.15914486288072,-106.13543770297333,-105.46270361250654
-112.56826371567578,-108.19646001815103,-107.15915970658048,-106.13560879913551,-105.44907513493146
-112.56890178894893,-108.19634326479229,-107.15921152193398,-106.13583325185003,-105.43552044155723
-112.56955014837982,-108.19625376691032,-107.15929968188935,-106.13611005371041,-105.4220390785209
-112.57020865693839,-108.1961911031859,-107.15942356835602,-106.1364382133556,-105.40863059826665
-112.5708771790808,-108.19615485791672,-107.15958257216545,-106.1368167552776,-105.39529455947607
-112.57155558053725,-108.19614462077946,-107.1597760927877,-106.13724471940455,-105.38203052677292
-112.57224372846937,-108.19615998686976,-107.16000353829489,-106.13772116091718,-105.3688380706519
-112.57294149130648,-108.19620055653553,-107.16026432516111,-106.13824514993671,-105.35571676729255
-112.57364873873456,-108.19626593525416,-107.16055787806357,-106.13881577118441,-105.34266619832995
-112.57436534184265,-108.1963557337067,-107.16088362989774,-106.13943212386448,-105.32968595084563
-112.57509117288195,-108.19646956751075,-107.16124102146908,-106.14009332124125,-105.31677561705936
-112.57582610538701,-108.1966070572617,-107.16162950147692,-106.14079849050836,-105.30393479431167
-112.57657001414927,-108.19676782843524,-107.16204852635317,-106.14154677249019,-105.29116308486398
-112.57732277512763,-108.19695151127112,-107.1624975601185,-106.14233732141109,-105.27846009578303
-112.57808426547176,-108.19715774071047,-107.16297607424758,-106.14316930462267,-105.2658254387635
-112.57885436355627,-108.19738615638391,-107.16348354762232,-106.14404190247,-105.25325873010652
-112.57963294889396,-108.19763640246182,-107.16401946632215,-106.14495430795441,-105.24075959047458
-112.58041990215192,-108.19790812764154,-107.16458332358367,-106.14590572660919,-105.2283276448726
-112.58121510513105,-108.1982009850449,-107.16517461963006,-106.14689537620556,-105.21596252244807
-112.58201844076393,-108.19851463217857,-107.16579286160668,-106.14792248661558,-105.20366385645927
-112.58282979303507,-108.19884873083295,-107.1664375634327,-106.1489862995414,-105.19143128408695
-112.58364904708435,-108.19920294705275,-107.16710824570714,-106.15008606835273,-105.1792644463967
-112.58447608910943,-108.19957695110159,-107.1678044356718,-106.1512210579208,-105.16716298820951
-112.58531080639314,-108.19997041735964,-107.1685256670335,-106.15239054437635,-105.15512655799924
-112.58585427279685,-108.19972165417902,-107.16837403423935,-106.15229585195907,-105.15503164285252
-112.58639634749618,-108.19947361511214,-107.1682226999107,-106.15220118788795,-105.1549367563323
-112.58693703099942,-108.19922629428181,-107.16807166179598,-106.15210655287605,-105.15484189987048
-112.58747632901408,-108.19897968859615,-107.16792091923895,-106.15201194793642,-105.15474707439326
-112.58801424707553,-108.19873379486806,-107.16777047147924,-106.15191737396268,-105.15465228070384
-112.58855079065698,-108.19848860987823,-107.16762031769763,-106.15182283177585,-105.15455751953955
-112.5890859652082,-108.19824413043762,-107.16747045709339,-106.15172832220493,-105.15446279164352
-112.58961977609806,-108.19800035334131,-107.16732088883748,-106.15163384604413,-105.15436809773277
-112.59015222865546,-108.19775727539229,-107.16717161208884,-106.15153940405703,-105.15427343849174
-112.59068332826104,-108.1975148934716,-107.1670226260624,-106.15144499704854,-105.15417881464423
-112.59121308014772,-108.19727320439364,-107.16687392990042,-106.15135062574652,-105.15408422684537
-112.59174148964618,-108.19703220509034,-107.1667255228329,-106.15125629094366,-105.15398967581204
-112.59226856195191,-108.1967918924198,-107.16657740400898,-106.15116199334967,-105.15389516218366
-112.59279430228759,-108.19655226332164,-107.16642957264295,-106.15106773372113,-105.1538006866432
-112.59331871584008,-108.19631331472563,-107.16628202791524,-106.15097351276675,-105.15370624982803
-112.59384180775817,-108.19607504360121,-107.16613476904239,-106.15087933122956,-105.15361185241755
-112.59436358320319,-108.19583744693158,-107.16598779522226,-106.15078518981204,-105.15351749504607
-112.59488404723733,-108.19560052169359,-107.16584110564558,-106.15069108920041,-105.15342317833286
-112.59540320496541,-108.1953642649209,-107.16569469953386,-106.15059703010074,-105.15332890292163
-112.59592106142392,-108.19512867363783,-107.16554857609,-106.15050301319202,-105.1532346694304
-112.59643762162156,-108.19489374488757,-107.16540273451997,-106.15040903914196,-105.15314047846502
-112.59695289055848,-108.19465947574696,-107.16525717404593,-106.1503151086208,-105.15304633063427
-112.59746687323012,-108.19442586332258,-107.1651118939024,-106.15022122230421,-105.15295222655811
-112.59797957453571,-108.19419290468362,-107.16496689327828,-106.15012738081303,-105.15285816680127
-112.59849099943243,-108.19396059698894,-107.16482217142948,-106.1500335848151,-105.15276415197229
-112.59900115279142,-108.19372893736706,-107.16467772757356,-106.14993983493913,-105.15267018264883
-112.59951003947283,-108.19349792296546,-107.16453356092792,-106.14984613179877,-105.15257625939128
-112.60001766430909,-108.19326755095757,-107.16438967072217,-106.14975247600468,-105.15248238275551
-112.60052403216291,-108.19303781857418,-107.16424605622753,-106.14965886820559,-105.15238855334154
-112.60102914775622,-108.19280872297225,-107.16410271663354,-106.14956530895716,-105.152294771656
-112.6015330158785,-108.19258026140393,-107.16395965120681,-106.14947179887994,-105.15220103827009
-112.60203564129634,-108.1923524311253,-107.16381685919822,-106.14937833856554,-105.15210735372592
-112.6025370287013,-108.19212522938881,-107.16367433984978,-106.14928492859298,-105.1520137185605
-112.60303718277879,-108.19189865345533,-107.16353209239242,-106.14919156951555,-105.15192013327938
-112.60353610819959,-108.19167270063542,-107.163390116099,-106.1490982619219,-105.1518265984286
-112.59426036494987,-108.17060021260923,-107.13533649319874,-106.10934613236742,-105.0921233523396,-104.58728849301615
-112.59470176032578,-108.17027888883626,-107.1350758683649,-106.10910254749042,-105.09184085445321,-104.57305363767806
-112.59515193178247,-108.16997976081063,-107.13484448272162,-106.10890025633056,-105.09162046010117,-104.55889465457273
-112.5956108797976,-108.16970258282544,-107.13464193901098,-106.1087386063653,-105.09146104299923,-104.54481107647325
-112.59607848870627,-108.16944704228905,-107.13446779381381,-106.10861691586082,-105.09136147240228,-104.53080242627382
-112.5965546489909,-108.16921283513229,-107.13432161409422,-106.10853451729889,-105.09132064002509,-104.51686823849862
-112.59703925405674,-108.16899966267017,-107.13420297410012,-106.10849075429303,-105.09133745684666,-104.50300805624809
-112.59753219894476,-108.16880723042625,-107.13411145422636,-106.10848498043363,-105.09141085182571,-104.48922143006044
-112.59803337992737,-108.16863524770088,-107.13404664055916,-106.1085165587795,-105.0915397712383,-104.47550791737962
-112.59854269435259,-108.16848342738894,-107.13400812467002,-106.10858486159623,-105.09172317827428,-104.46186708228767
-112.59906004060922,-108.16835148590589,-107.13399550350604,-106.10868927016126,-105.09196005266713,-104.44829849526003
-112.59958531800407,-108.1682391430397,-107.13400837921462,-106.10882917453016,-105.09224939031536,-104.43480173291081
-112.6001184268789,-108.16814612201154,-107.13404635916967,-106.10900397350332,-105.09259020311421,-104.42137637795402
-112.60065926853306,-108.16807214934263,-107.13410905579622,-106.10921307436264,-105.09298151851792,-104.40802201887864
-112.6012077451316,-108.16801695477672,-107.13419608648711,-106.10945589275406,-105.0934223793058,-104.39473824983813
-112.60176375977917,-108.16798027127676,-107.13430707355317,-106.10973185255929,-105.09391184330752,-104.38152467049454
-112.6023272165387,-108.167961835003,-107.13444164416474,-106.11004038576904,-105.09444898313404,-104.36838088585955
-112.60289802029763,-108.1679613851724,-107.13459943020332,-106.11038093229816,-105.09503288587196,-104.35530650610286
-112.60347607687056,-108.1679786640935,-107.1347800682485,-106.11075293989306,-105.09566265285704,-104.34230114644087
-112.60406129289181,-108.16801341705654,-107.13498319945829,-106.11115586397266,-105.09633739939065,-104.32936442695699
-112.60465357588006,-108.16806539234325,-107.13520846953759,-106.11158916752836,-105.09705625451866,-104.31649597249223
-112.60525283419217,-108.1681343411553,-107.13545552865149,-106.1120523209932,-105.0978183607755,-104.30369541249064
-112.60585897700142,-108.16822001756023,-107.13572403133774,-106.11254480209487,-105.0986228739309,-104.29096238085717
-112.60647191430667,-108.16832217847364,-107.13601363647277,-106.1130660957812,-105.09946896279706,-104.27829651586178
-112.60709155690093,-108.16844058359834,-107.1363240071796,-106.1136156940624,-105.10035580895352,-104.26569745996724
-112.60771781637449,-108.16857499539415,-107.13665481078026,-106.11419309593373,-105.10128260657386,-104.25316485975527
-112.6083506051337,-108.16872517905546,-107.13700571874062,-106.11479780725298,-105.10224856218618,-104.24069836578853
-112.60898983631688,-108.16889090241983,-107.1373764065649,-106.11542934060013,-105.10325289443618,-104.22829763246803
-112.60963542386823,-108.16907193601254,-107.13776655381808,-106.11608721525369,-105.104294833959,-104.21596231799802
-112.61028728245162,-108.1692680529171,-107.13817584396995,-106.1167709569859,-105.1053736230792,-104.20369208418806
-112.61094532748669,-108.16947902880482,-107.13860396440833,-106.1174800980354,-105.10648851568357,-104.19148659641138
-112.61160947514799,-108.16970464189141,-107.1390506063704,-106.11821417699355,-105.10763877701356,-104.17934552349155
-112.61227964234806,-108.16994467289737,-107.13951546488536,-106.11897273870653,-105.1088236834736,-104.1672685376013
-112.61295574666819,-108.1701989049772,-107.13999823868942,-106.11975533415402,-105.11004252243205,-104.15525531416027
-112.61363770645752,-108.17046712375463,-107.14049863022584,-106.12056152039268,-105.11129459206177,-104.14330553176083
-112.61432544072835,-108.17074911722388,-107.141016345543,-106.12139086043975,-105.11257920113593,-104.13141887202875
-112.61501886922657,-108.17104467580168,-107.14155109432926,-106.12224292325483,-105.11389566894346,-104.11959501966552
-112.61546970161223,-108.17084255966375,-107.14142708033013,-106.12217335024629,-105.11385458015545,-104.11954189296193
-112.61591949761828,-108.17064100146906,-107.1413033290798,-106.12210382706505,-105.1138134194204,-104.11948876351663
-112.6163682574644,-108.17043999704678,-107.14117983863316,-106.12203435359073,-105.11377218833435,-104.11943563303161
-112.6168159850714,-108.1702395442623,-107.14105660831758,-106.1219649302369,-105.1137308879834,-104.11938250197235
-112.61726268426091,-108.17003964091228,-107.1409336373777,-106.12189555732081,-105.11368951934577,-104.11932937069776
-112.61770835869943,-108.16984028468254,-107.14081092494864,-106.12182623505727,-105.11364808330549,-104.11927623948706
-112.61815301207126,-108.16964147330333,-107.14068847019695,-106.12175696367999,-105.11360658075512,-104.1192231086315
-112.61859664797784,-108.1694432044565,-107.1405662722332,-106.12168774336202,-105.11356501252553,-104.11916997837004
-112.61903927005991,-108.1692454758975,-107.14044433023614,-106.12161857433937,-105.11352337950241,-104.11911684900075
-112.61948088190051,-108.16904828534837,-107.14032264333676,-106.12154945679055,-105.11348168251375,-104.11906372077422
-112.61992148707385,-108.16885163055946,-107.14020121068967,-106.12148039091183,-105.11343992239624,-104.11901059395318
-112.6203610891355,-108.16865550929526,-107.14008003145727,-106.12141137690706,-105.11339809999612,-104.11895746881848
-112.62079969164515,-108.16845991933418,-107.1399591047961,-106.12134241495318,-105.11335621611775,-104.1189043456134
-112.62123729808893,-108.16826485844302,-107.13983842985903,-106.12127350523298,-105.11331427157624,-104.11885122460015
-112.62167391199547,-108.1680703244385,-107.13971800582732,-106.1212046479402,-105.11327226719027,-104.11879810605117
-112.62210953686261,-108.16787631513111,-107.13959783187042,-106.12113584325442,-105.11323020375615,-104.1187449902188
-112.62254417615038,-108.1676828283451,-107.13947790716439,-106.12106709134926,-105.11318808206259,-104.11869187735851
-112.62297783332279,-108.16748986191755,-107.13935823089125,-106.12099839241063,-105.11314590291158,-104.11863876774434
-112.623410511792,-108.16729741367686,-107.13923880221543,-106.12092974658985,-105.11310366705663,-104.11858566160426
-112.62384221503866,-108.16710548152774,-107.13911962036346,-106.120861154096,-105.11306137531035,-104.11853255923415
-112.6242729463836,-108.16691406328734,-107.13900068448176,-106.12079261505637,-105.11301902839985,-104.1184794608515
-112.62470270930659,-108.16672315689368,-107.1388819938055,-106.12072412967294,-105.11297662711964,-104.11842636674274
-112.62513150713148,-108.16653276021648,-107.13876354751558,-106.12065569809363,-105.11293417220487,-104.11837327714137
-112.62555934320403,-108.16634287115181,-107.13864534480376,-106.12058732047299,-105.11289166440217,-104.11832019230339
-112.62598622089973,-108.1661534876432,-107.13852738489301,-106.1205189969793,-105.11284910445391,-104.11826711247629
-112.62641214353222,-108.16596460761662,-107.13840966699212,-106.12045072777263,-105.11280649310437,-104.11821403792611
-112.62683711441939,-108.16577622901683,-107.13829219031466,-106.12038251300444,-105.11276383107177,-104.11816096888778
-112.62726113681995,-108.16558834977916,-107.13817495406505,-106.12031435281963,-105.11272111907742,-104.1181079056127
-112.62768421403588,-108.16540096788107,-107.13805795747078,-106.12024624736907,-105.11267835782945,-104.11805484833468
-112.6281063493498,-108.16521408131794,-107.13794119977464,-106.12017819681837,-105.11263554805994,-104.11800179732897
-112.62852754597952,-108.16502768805708,-107.13782468018778,-106.12011020130008,-105.11259269046046,-104.11794875282739
-112.62894780715969,-108.16484178609211,-107.13770839793357,-106.12004226094712,-105.11254978571506,-104.11789571505899
-112.62936713612913,-108.16465637346302,-107.13759235227857,-106.11997437593064,-105.11250683454513,-104.11784268429817
-112.62978553605181,-108.16447144815216,-107.13747654242455,-106.11990654635551,-105.11246383760096,-104.11778966074998
-112.63020301015304,-108.16428700822685,-107.13736096764464,-106.11983877238423,-105.112420795587,-104.1177366446809
-112.6238199595289,-108.15052392109232,-107.11949254206074,-106.09531184528886,-105.07702829189085,-104.06405317809642,-103.5597858916643
-112.62420766578607,-108.15029596566959,-107.11932462104384,-106.09518081957543,-105.07691056876153,-104.06391995153882,-103.54572852422355
-112.62460195979311,-108.15008357914927,-107.11917668466786,-106.09507707708629,-105.0768321465365,-104.0638463554735,-103.53174506652316
-112.62500282285757,-108.1498865928197,-107.11904847656365,-106.09500022108871,-105.07679238484555,-104.06383129262856,-103.5178350717062
-112.62541016948059,-108.14970479988767,-107.11893971356133,-106.09494983552983,-105.07679063215419,-104.06387367350757,-103.50399809444478
-112.62582391997528,-108.14953800047648,-107.11885012026201,-106.094925513883,-105.07682625010834,-104.06397242971299,-103.49023369990782
-112.62624399732913,-108.14938599863987,-107.11877942614714,-106.09492685637386,-105.07689861083094,-104.06412651116635,-103.47654146112261
-112.62667032574251,-108.1492486011005,-107.11872736439493,-106.09495346885029,-105.07700709580233,-104.06433488487764,-103.46292095788024
-112.62710283030043,-108.1491256169186,-107.1186936715544,-106.09500496245154,-105.07715109548403,-104.06459653443652,-103.44937177635852
-112.62754143685893,-108.14901685735867,-107.11867808738522,-106.09508095340465,-105.07733000904615,-104.06491045958252,-103.43589350881594
-112.627986072004,-108.14892213582276,-107.1186803547862,-106.09518106293021,-105.0775432441997,-104.06527567588243,-103.42248575338873
-112.62843666293983,-108.1488412677585,-107.11870021969202,-106.09530491711315,-105.07779021702109,-104.06569121441974,-103.40914811390334
-112.62889313758147,-108.14877407067068,-107.11873743105441,-106.0954521468427,-105.07807035181418,-104.06615612150966,-103.39588019970724
-112.62935542445753,-108.1487203640522,-107.1187917407684,-106.09562238771036,-105.07838308094745,-104.06666945839696,-103.38268162548476
-112.62982345272552,-108.14867996937068,-107.11886290364936,-106.09581527996801,-105.07872784475958,-104.06723030102675,-103.3695520111368
-112.63029715221596,-108.14865271005556,-107.11895067738206,-106.09603046842801,-105.07910409138782,-104.06783773973649,-103.35649098158792
-112.63077645333307,-108.1486384114264,-107.11905482245704,-106.0962676023867,-105.07951127664231,-104.06849087900962,-103.34349816665163
-112.63126128711608,-108.14863690069862,-107.11917510214836,-106.09652633556607,-105.07994886388622,-104.06918883722007,-103.33057320087663
-112.63175158516893,-108.14864800692213,-107.11931128244723,-106.09680632602786,-105.08041632389904,-104.06993074637928,-103.31771572340706
-112.63224727974188,-108.14867156101701,-107.1194631320724,-106.0971072361418,-105.08091313477819,-104.07071575190987,-103.30492537785457
-112.63274830359057,-108.14870739564772,-107.11963042234702,-106.0974287324588,-105.08143878177982,-104.07154301238006,-103.29220181214052
-112.63325459012452,-108.1487553453231,-107.1198129272706,-106.09777048573937,-105.08199275728,-104.07241169934474,-103.27954467843749
-112.63376607326039,-108.14881524624215,-107.1200104233566,-106.09813217077202,-105.0825745605445,-104.07332099700123,-103.2669536329246
-112.6342826875071,-108.148886936373,-107.12022268970445,-106.09851346642259,-105.08318369773336,-104.07427010209163,-103.25442833578822
-112.6348043679224,-108.14897025537425,-107.12044950789796,-106.09891405550508,-105.08381968172003,-104.07525822360815,-103.24196845102449
-112.63533105006822,-108.14906504455995,-107.12069066197162,-106.09933362473421,-105.08448203200253,-104.07628458260463,-103.22957364634695
-112.63586267008006,-108.14917114693195,-107.12094593842173,-106.09977186470161,-105.08517027462362,-104.07734841201706,-103.21724359310517
-112.63639916464523,-108.1492884071445,-107.1212151261583,-106.10022846981074,-105.08588394206846,-104.07844895645499,-103.20497796616218
-112.63694047093449,-108.1494166714261,-107.12149801642295,-106.10070313817744,-105.08662257312098,-104.07958547196843,-103.19277644375872
-112.63748652664869,-108.14955578762103,-107.1217944028155,-106.10119557162454,-105.08738571280827,-104.08075722589422,-103.18063870745058
-112.63803726999869,-108.14970560513135,-107.12210408122391,-106.10170547560412,-105.08817291229063,-104.0819634966532,-103.1685644419939
-112.63859263971126,-108.14986597493683,-107.12242684983919,-106.10223255918532,-105.08898372880414,-104.08320357360347,-103.15655333528645
-112.63915257497275,-108.15003674951289,-107.12276250906088,-106.10277653493776,-105.0898177254963,-104.08447675678796,-103.14460507820804
-112.63971701557765,-108.15021778293148,-107.12311086157204,-106.10333711898365,-105.09067447144838,-104.0857823568646,-103.13271936462584
-112.64028590166856,-108.15040893066704,-107.1234717121709,-106.10391403083086,-105.09155354147194,-104.08711969482744,-103.12089589121196
-112.64085917393673,-108.150610049705,-107.12384486783392,-106.10450699338962,-105.0924545160744,-104.08848810189382,-103.10913435742378
-112.64143677357957,-108.15082099852066,-107.1242301377015,-106.10511573295851,-105.09337698141766,-104.08988691934196,-103.09743446538076
-112.65032917417177,-108.14774973926448,-107.12187063295724,-106.103301196539,-105.09195711760358,-104.08871316680442,-103.09633083780417
-112.65879976003525,-108.1448087073456,-107.11961104177024,-106.10156331563101,-105.09059692965992,-104.08758815528265,-103.09527185690592
-112.66687818913704,-108.14198999396508,-107.11744529587257,-106.09989743468097,-105.08929279448321,-104.08650892942943,-103.09425482518816
-112.67459134922487,-108.1392862857749,-107.11536778568092,-106.0982992512839,-105.08804136445325,-104.08547275838579,-103.09327724949264
-112.6819637022011,-108.13669082628765,-107.11337332864797,-106.09676479045936,-105.0868395466023,-104.08447711889949,-103.09233682604827
-112.6890175541438,-108.13419736568152,-107.11145713075263,-106.09529037511938,-105.08568447964792,-104.08351967661365,-103.09143142341331
-112.69577328983227,-108.13180011578109,-107.10961475198755,-106.09387259961152,-105.08457351342685,-104.08259826931392,-103.09055906720211
-112.7022495769725,-108.12949370945326,-107.10784207522569,-106.0925083058534,-105.08350419033022,-104.08171089178458,-103.08971792627004
-112.70846354468313,-108.12727316402841,-107.10613527818202,-106.09119456185046,-105.08247422862237,-104.08085568223844,-103.08890630034404
-112.71443094007941,-108.1251338484024,-107.10449080820143,-106.08992864237015,-105.0814815074027,-104.08003091004022,-103.0881226088177
-112.72016626593975,-108.12307145327085,-107.10290535942303,-106.08870801143877,-105.08052405301119,-104.079234964648,-103.08736538067777
-112.72568290202659,-108.12108196423196,-107.10137585217808,-106.0875303065503,-105.07960002673586,-104.07846634557775,-103.08663324534018
-112.73099321254529,-108.11916163753072,-107.09989941437516,-106.08639332439317,-105.07870771372292,-104.07772365336491,-103.0859249244052
-112.73610864124417,-108.1173069780012,-107.09847336459946,-106.08529500789993,-105.07784551290803,-104.0770055813759,-103.08523922420491
-112.74103979605772,-108.1155147191285,-107.09709519681014,-106.08423343450471,-105.07701192787471,-104.07631090832504,-103.08457502894987
-112.74579652449407,-108.11378180497236,-107.0957625664938,-106.08320680553354,-105.07620555860659,-104.07563849157042,-103.08393129463549
-112.7503879809497,-108.1121053737081,-107.09447327804476,-106.08221343654048,-105.07542509398526,-104.0749872609985,-103.0833070434544
-112.75482268702245,-108.11048274268553,-107.09322527327797,-106.08125174846496,-105.07466930488154,-104.07435621337258,-103.08270135863638
-112.75910858543313,-108.10891139476873,-107.09201662099457,-106.08032025967196,-105.07393703799596,-104.07374440733098,-103.08211337989432
-112.7632530886808,-108.10738896594205,-107.09084550744222,-106.07941757860395,-105.07322721011958,-104.07315095869103,-103.08154229913069
-112.76726312275271,-108.1059132339781,-107.08971022763927,-106.07854239714018,-105.07253880297282,-104.07257503624139,-103.08098735659975
-112.77114516658258,-108.10448210809082,-107.08860917744688,-106.07769348452968,-105.07187085850323,-104.07201585792413,-103.08044783743206
-112.77490528769445,-108.10309361942545,-107.08754084624887,-106.07686968174501,-105.07122247445814,-104.07147268719157,-103.0799230682931
-112.77854917449194,-108.10174591241716,-107.08650381035523,-106.07606989646162,-105.07059280051702,-104.07094482988967,-103.0794124145632
-112.78208216557208,-108.10043723684309,-107.08549672688373,-106.0752930983348,-105.06998103458717,-104.0704316312063,-103.07891527753078
-112.7855092762043,-108.09916594042963,-107.0845183280898,-106.07453831465935,-105.06938641943756,-104.06993247293762,-103.07843109190605
-112.78883522269841,-108.09793046229858,-107.08356741635832,-106.07380462653983,-105.06880823972013,-104.0694467710535,-103.07795932359896
-112.79206444429862,-108.09672932665698,-107.08264285934324,-106.07309116515131,-105.06824581906432,-104.06897397334242,-103.07749946757741
-112.79520112335851,-108.09556113716997,-107.08174358566002,-106.07239710843307,-105.06769851748656,-104.06851355727869,-103.07705104591238
-112.7982492037181,-108.09442457172253,-107.08086858086781,-106.0717216780178,-105.06716572902225,-104.06806502809398,-103.07661360601163
-112.80121240754605,-108.09331837759619,-107.08001688376635,-106.07106413638151,-105.06664687949734,-104.06762791697577,-103.07618671899196
-112.80409425070592,-108.09224136697657,-107.07918758294919,-106.07042378420032,-105.06614142446708,-104.06720177935752,-103.07576997809805
-112.80689805693433,-108.09119241285914,-107.07837981366922,-106.06979995795258,-105.06564884735863,-104.06678619343568,-103.07536299737663
-112.80962697077989,-108.09017044518906,-107.07759275486754,-106.06919202763194,-105.0651686576856,-104.06638075868219,-103.0749654102893
-112.81228396966301,-108.08917444741965,-107.07682562654334,-106.06859939473544,-105.0647003894841,-104.06598509459016,-103.07457686858835
-112.80920133033344,-108.08022033814412,-107.06549267248779,-106.05349096904432,-105.04362309081749,-104.03529226055267,-103.0278026692108,-102.52426835823303
-112.81170623879115,-108.07928608908671,-107.06477770014729,-106.05294740909763,-105.04321020759288,-104.03497458719306,-103.02754781502303,-102.51013251104425
-112.81415489943282,-108.07838482798897,-107.06409367420234,-106.05243567041438,-105.04283379595672,-104.03470356242417,-103.02735888236622,-102.49607803229357
-112.81654971485816,-108.07751558845992,-107.0634397640629,-106.05195498312482,-105.04249305103107,-104.03447820142605,-103.02723444724516,-102.48210413877237
-112.8188929220433,-108.07667741580904,-107.06281515071994,-106.05150458732405,-105.04218717655738,-104.034297530749,-103.02717311323488,-102.46821006765475
-112.82118664827658,-108.07586940058081,-107.06221905192027,-106.05108375402752,-105.0419154042886,-104.0341606059947,-103.02717352071899,-102.45439508218927
-112.8234329149277,-108.07509067320306,-107.06165071750512,-106.05069178108774,-105.04167699035777,-104.03406650844853,-103.0272343434699,-102.44065846844855
-112.82563364290412,-108.07434040086615,-107.06110942683577,-106.05032799104612,-105.0414712134217,-104.03401434335743,-103.02735428680417,-102.42699953363662
-112.82779065832943,-108.07361778518225,-107.0605944869075,-106.0499917295817,-105.04129737333461,-104.03400323867763,-103.02753208617722,-102.41341760483206
-112.8299056980892,-108.0729220602406,-107.06010523081453,-106.04968236428024,-105.04115479009737,-104.03403234407482,-103.02776650603315,-102.3999120279774
-112.8319804149543,-108.07225249076906,-107.05964101628885,-106.04939928343724,-105.04104280283168,-104.03410082994807,-103.02805633867729,-102.38648216688883
-112.83401638245827,-108.07160837051292,-107.05920122444213,-106.04914189507156,-105.04096076895472,-104.03420788663173,-103.02840040331625,-102.37312740242785
-112.8360150994295,-108.07098902071067,-107.05878525856431,-106.04890962595306,-105.04090806334867,-104.03435272360083,-103.02879754512605,-102.35984713169776
-112.83797799422584,-108.07039378865704,-107.05839254298888,-106.04870192068165,-105.04088407756755,-104.0345345687059,-103.02924663434457,-102.34664076726489
-112.83990642861065,-108.06982204630864,-107.05802252199707,-106.04851824080849,-105.04088821908601,-104.03475266744141,-103.02974656540046,-102.3335077364075
-112.8418017015267,-108.0692731891069,-107.05767465890604,-106.04835806411337,-105.04091991069238,-104.03500628235655,-103.03029625618204,-102.3204474805057
-112.84366505248894,-108.06874663474493,-107.05734843508318,-106.04822088379969,-105.04097858979075,-104.03529469237591,-103.03089464723928,-102.3074594543623
-112.84549766481035,-108.06824182206913,-107.05704334908953,-106.04810620780111,-105.0410637077975,-104.0356171922009,-103.03154070104684,-102.29454312557898
-112.84730066862643,-108.06775821004145,-107.05675891586283,-106.04801355813032,-105.04117472959189,-104.03597309177798,-103.03223340135612,-102.28169797402272
-112.84907514369056,-108.0672952767332,-107.05649466592077,-106.04794247023047,-105.04131113295688,-104.03636171575128,-103.03297175252833,-102.26892349126842
-112.8508221220189,-108.0668525184091,-107.05625014464914,-106.04789249240307,-105.0414724080764,-104.03678240295183,-103.03375477890012,-102.25621918007315
-112.85254259044461,-108.06642944870651,-107.05602491164039,-106.04786318526101,-105.04165805705982,-104.03723450593067,-103.03458152420797,-102.24358455390517
-112.8542374928943,-108.06602559777988,-107.05581854003233,-106.04785412120779,-105.0418675935032,-104.03771739052469,-103.03545105104104,-102.2310191365047
-112.85590773254445,-108.06564051149634,-107.05563061586156,-106.04786488389685,-105.04210054200041,-104.03823043536103,-103.03636244023474,-102.21852246137337
-112.8575541739193,-108.06527375074614,-107.05546073753214,-106.04789506781962,-105.04235643780389,-104.03877303152413,-103.03731479044137,-102.20609407145297
-112.85917764487681,-108.06492489079564,-107.05530851529116,-106.04794427785619,-105.0426348264152,-104.03934458213256,-103.03830721759242,-102.19373351868146
-112.86077893830571,-108.0645935205347,-107.05517357064203,-106.04801212881074,-105.04293526318116,-104.03994450193841,-103.03933885440571,-102.18144036359564
-112.86235881398437,-108.06427924198476,-107.05505553595235,-106.04809824508968,-105.04325731301621,-104.04057221703772,-103.04040884999849,-102.16921417504754
-112.86391800004382,-108.06398166959416,-107.05495405389928,-106.0482022602507,-105.0436005500066,-104.04122716447532,-103.04151636939335,-102.15705452979688
-112.86545719467752,-108.06370042984146,-107.05486877715072,-106.0483238167329,-105.0439645571584,-104.04190879197128,-103.04266059314736,-102.14496101223327
-112.86697706736538,-108.06343516054024,-107.05479936781492,-106.04846256541744,-105.04434892602765,-104.04261655756102,-103.04384071691875,-102.13293321404107
-112.86847826042556,-108.06318551051568,-107.05474549718868,-106.0486181654124,-105.04475325651093,-104.04334992935374,-103.04505595111227,-102.1209707339244
-112.86996139019074,-108.0629511390536,-107.05470684532065,-106.04879028370154,-105.045177156547,-104.04410838524493,-103.04630552053008,-102.10907317735507
-112.8714270482068,-108.06273171543415,-107.05468310062614,-106.04897859481531,-105.04562024181271,-104.04489141258797,-103.04758866393955,-102.09724015622292
-112.8728758024512,-108.06252691860013,-107.05467395964853,-106.04918278065513,-105.04608213557741,-104.04569850804032,-103.04890463385293,-102.08547128871045
-112.8743081983478,-108.06233643668614,-107.05467912666118,-106.04940253014124,-105.04656246837392,-104.04652917722451,-103.05025269608899,-102.07376619891696
-112.87572475984113,-108.06215996669293,-107.05469831342553,-106.04963753903318,-105.04706087784739,-104.04738293456029,-103.05163212954317,-102.06212451673859
-112.87683341438665,-108.06162931196212,-107.05446410989633,-106.04946216494369,-105.04692932097248,-104.047280196309,-103.05153971082298,-102.06201154764987
-112.87792720525897,-108.06111355360909,-107.05422752951901,-106.04928483957255,-105.04679614319996,-104.0471760837202,-103.05144610239526,-102.06189758777046
-112.87900619127218,-108.06061186228435,-107.05398912528796,-106.04910599157975,-105.04666167771512,-104.04707086050439,-103.05135152379316,-102.06178283909837
-112.88007046459404,-108.06012348433629,-107.05374938399285,-106.04892599841568,-105.04652621798272,-104.04696475885385,-103.05125616770847,-102.06166747822897
-112.88112014194954,-108.05964773033793,-107.05350873304688,-106.048745191726,-105.04639002208235,-104.04685798318323,-103.0511602039634,-102.06155166078895
-112.88215536047906,-108.05918396792858,-107.05326754825221,-106.04856386335891,-105.04625331737097,-104.04675071380953,-103.05106378255682,-102.06143552423816
-112.88317627407673,-108.05873161548938,-107.05302616031035,-106.04838227038309,-105.0461163043458,-104.04664310996914,-103.05096703611599,-102.06131919008907
-112.88418305028485,-108.05829013665038,-107.05278486037592,-106.04820063935735,-105.04597915993286,-104.04653531239043,-103.05087008203157,-102.06120276589176
-112.88517586762295,-108.05785903550597,-107.05254390484984,-106.04801917002754,-105.04584204034475,-104.04642744554694,-103.0507730243058,-102.06108634691142
-112.88615491341868,-108.05743785251657,-107.05230351956965,-106.04783803855541,-105.0457050835636,-104.04631961958275,-103.05067595512537,-102.06097001757394
-112.88712038180645,-108.05702616079051,-107.05206390333137,-106.0476574002272,-105.0455684114334,-104.04621193196178,-103.05057895622392,-102.06085385271658
-112.88807247220879,-108.0566235629843,-107.0518252310887,-106.04747739191143,-105.04543213154308,-104.0461044689282,-103.05048210006,-102.0607379186518
-112.88901138789835,-108.05622968845091,-107.05158765664825,-106.04729813415466,-105.04529633886591,-104.04599730682258,-103.05038545094703,-102.06062227423256
-112.88993733481435,-108.05584419074523,-107.05135131502308,-106.04711973296739,-105.0451611171064,-104.04589051309105,-103.05028906581921,-102.06050697151984
-112.89085052065852,-108.05546674552393,-107.05111632461188,-106.0469422815263,-105.04502654003913,-104.04578414737303,-103.05019299517832,-102.06039205667909
-112.89175115391357,-108.05509704847613,-107.05088278891895,-106.04676586147995,-105.0448926724994,-104.04567826225997,-103.05009728369056,-102.06027757051163
-112.89263944322343,-108.05473481368487,-107.05065079825594,-106.04659054427385,-105.04475957140627,-104.0455729040882,-103.0500019708341,-102.06016354904462
-112.89351559678371,-108.05437977208881,-107.05042043117795,-106.04641639226169,-105.0446272866418,-104.04546811366295,-103.04990709152959,-102.06005002413279
-112.89437982175755,-108.05403167002414,-107.05019175566166,-106.04624345958679,-105.04449586169268,-104.04536392671142,-103.04981267645752,-102.05993702371448
-112.89523232387177,-108.05369026803362,-107.04996483028505,-106.04607179312319,-105.04436533441476,-104.04526037453331,-103.04971875265291,-102.0598245723922
-112.8960733070926,-108.05335533978072,-107.04973970523272,-106.04590143323405,-105.04423573759301,-104.0451574843968,-103.04962534377933,-102.05971269165524
-112.8969029732926,-108.05302667102043,-107.04951642315434,-106.04573241443603,-105.04410709947017,-104.04505527999002,-103.04953247054459,-102.05960140028303
-112.89772152192039,-108.05270405863135,-107.04929501989791,-106.04556476596443,-105.04397944417131,-104.04495378172066,-103.0494401509076,-102.05949071451722
-112.89852914994057,-108.0523873099294,-107.04907552532985,-106.04539851241101,-105.04385279220546,-104.04485300713935,-103.04934840046414,-102.0593806484329
-112.89932605152299,-108.05207624180007,-107.04885796384524,-106.04523367411086,-105.04372716076003,-104.04475297114944,-103.04925723258785,-102.05927121404865
-112.9001124179594,-108.05177068007075,-107.0486423549717,-106.04507026761299,-105.04360256406899,-104.04465368631259,-103.04916665870765,-102.05916242159991
-112.900888437598,-108.05147045893933,-107.04842871390954,-106.04490830609667,-105.04347901372736,-104.04455516308147,-103.04907668848386,-102.05905427969019
-112.90165429568266,-108.05117542034739,-107.04821705192191,-106.04474779967424,-105.04335651893712,-104.04445741000572,-103.04898732998291,-102.05894679545197
-112.9024101742982,-108.05088541347102,-107.04800737673648,-106.04458875569162,-105.04323508672148,-104.0443604338877,-103.04889858980691,-102.05883997466951
-112.90315625235819,-108.05060029428759,-107.0477996929452,-106.04443117905319,-105.04311472219815,-104.04426424001169,-103.04881047328136,-102.05873382194657
-112.90389270558897,-108.05031992515666,-107.0475940023371,-106.04427507247003,-105.04299542876053,-104.04416883228136,-103.04872298457681,-102.05862834082764
-112.90461970645416,-108.05004417437397,-107.0473903041471,-106.04412043665238,-105.04287720822211,-104.04407421332392,-103.04863612677877,-102.05852353384954
-112.9053374241699,-108.04977291581996,-107.04718859532562,-106.04396727051316,-105.04276006098051,-104.04398038463324,-103.04854990202033,-102.05841940267213
-112.90604602474116,-108.04950602866366,-107.04698887082219,-106.04381557140609,-105.0426439862068,-104.04388734671146,-103.04846431159017,-102.05831594817117
-112.9067456709626,-108.04924339702916,-107.04679112376525,-106.04366533523876,-105.04252898192179,-104.0437950991326,-103.04837935599575,-102.05821317050697
-112.90256710115206,-108.043186181222,-107.03988781366083,-106.03415335282398,-105.02916526762579,-104.02457255404973,-103.01990992097502,-102.01444208362965,-101.51117791884951
-112.90324306199675,-108.04293111017407,-107.03970605243308,-106.03402146469949,-105.02907515907705,-104.02451922141061,-103.01989250624769,-102.01446674153674,-101.49733056569875
-112.90391710254931,-108.04268769986767,-107.03953478666602,-106.03390307986733,-105.02900325594587,-104.0244914572286,-103.01991243818725,-102.01454831925054,-101.48355551994773
-112.90458935011989,-108.0424557884525,-107.03937389149846,-106.03379802219659,-105.02894930191022,-104.02448887200406,-103.01996909304587,-102.0146857535507,-101.46985235675075
-112.90525989601348,-108.04223519218996,-107.0392232222255,-106.03370610116993,-105.0289130290426,-104.02451106641097,-103.02006184150137,-102.01487799052289,-101.45622065338935
-112.90592883245121,-108.04202573543591,-107.0390826399803,-106.03362713230132,-105.02889417610757,-104.02455764938583,-103.02019006593929,-102.01512399557046,-101.4426599960827
-112.90659624965069,-108.04182724759238,-107.03895200892777,-106.03356093454963,-105.0288924862062,-104.02462823599082,-103.02035315846,-102.0154227513718,-101.42916997808193
-112.90726223492383,-108.04163956202069,-107.03883119535381,-106.0335073295038,-105.02890770605185,-104.02472244675498,-103.0205505202373,-102.01577325715151,-101.41575019907657
-112.90792687237732,-108.04146251552886,-107.03872006727993,-106.03346614100195,-105.02893958559204,-104.0248399072814,-103.02078156107032,-102.01617452808772,-101.40240026472446
-112.90859024292548,-108.04129594817628,-107.0386184943885,-106.03343719506891,-105.02898787793717,-104.02498024815993,-103.02104569925389,-102.01662559504595,-101.38911978650773
-112.90925242441071,-108.04113970317162,-107.03852634800948,-106.03342031986878,-105.02905233929351,-104.02514310485704,-103.02134236137942,-102.01712550422526,-101.37590838149309
-112.9099134916181,-108.04099362670128,-107.0384435010551,-106.03341534565298,-105.02913272889315,-104.02532811761654,-103.02167098219613,-102.01767331689476,-101.36276567218664
-112.91057351636856,-108.04085756782541,-107.03836982799945,-106.03342210472817,-105.02922880896222,-104.02553493141572,-103.02203100449505,-102.01826810912029,-101.34969128636989
-112.91123256764112,-108.040731378409,-107.03830520488489,-106.03344043143751,-105.02934034466055,-104.02576319584553,-103.02242187892377,-102.01890897145832,-101.33668485690735
-112.91189071161716,-108.04061491299487,-107.03824950927635,-106.03347016212257,-105.02946710404527,-104.0260125650634,-103.02284306388648,-102.01959500871949,-101.32374602161684
-112.91254801182652,-108.040508028774,-107.03820262029713,-106.03351113514341,-105.02960885807126,-104.02628269776065,-103.02329402545092,-102.02032533974702,-101.31087442315591
-112.91320452914516,-108.04041058541922,-107.03816441852739,-106.03356319076607,-105.02976538045745,-104.02657325699762,-103.02377423712787,-102.02109909707573,-101.2980697087887
-112.91386032197724,-108.04032244510381,-107.03813478608181,-106.03362617123571,-105.02993644774986,-104.02688391023966,-103.02428317984523,-102.02191542676844,-101.28533153031736
-112.91451544623062,-108.04024347233384,-107.03811360650212,-106.03369992067168,-105.0301218392149,-104.02721432923353,-103.02482034178956,-102.02277348817039,-101.27265954395142
-112.91516995545837,-108.04017353393554,-107.03810076479257,-106.03378428507794,-105.03032133681276,-104.02756418993955,-103.02538521826257,-102.0236724536176,-101.26005341010735
-112.91582390091628,-108.04011249897317,-107.0380961473875,-106.03387911231853,-105.0305347251831,-104.02793317250519,-103.02597731161653,-102.02461150827293,-101.24751279334379
-112.91647733162314,-108.04006023866975,-107.03809964211736,-106.03398425207286,-105.03076179157378,-104.0283209611648,-103.02659613110539,-102.02558984986653,-101.23503736220269
-112.91713029445006,-108.04001662636956,-107.0381111382136,-106.03409955582845,-105.03100232582138,-104.02872724419215,-103.0272411927834,-102.02660668848996,-101.22262678910067
-112.91778283416734,-108.0399815374538,-107.03813052626386,-106.03422487684172,-105.03125612031194,-104.02915171384586,-103.0279120194071,-102.02766124639267,-101.21028075021903
-112.9184349935239,-108.0399548493029,-107.03815769821287,-106.03436007012765,-105.03152296995074,-104.0295940663155,-103.02860814033106,-102.02875275775824,-101.19799892536658
-112.91908681330874,-108.03993644123457,-107.03819254733259,-106.03450499242139,-105.03180267210841,-104.03005400163443,-103.02932909137955,-102.02988046850668,-101.18578099788783
-112.91973833238617,-108.03992619443163,-107.03823496818674,-106.03465950215,-105.03209502659763,-104.03053122365507,-103.03007441477813,-102.03104363610142,-101.17362665454789
-112.92038958781572,-108.03992399194443,-107.03828485665815,-106.03482345943884,-105.03239983565237,-104.03102543998926,-103.03084365904415,-102.03224152935348,-101.16153558543206
-112.92104061483755,-108.0399297185773,-107.03834210986834,-106.03499672603975,-105.03271690385957,-104.0315363619316,-103.0316363788789,-102.03347342823159,-101.14950748385068
-112.92169144696449,-108.03994326087705,-107.03840662619217,-106.03517916533448,-105.03304603814162,-104.03206370441359,-103.03245213506938,-102.03473862364741,-101.13754204619397
-112.92234211608523,-108.03996450713105,-107.03847830527712,-106.03537064234698,-105.03338704776287,-104.03260718599302,-103.03329049444609,-102.03603641735454,-101.12563897194055
-112.92299265240882,-108.03999334722845,-107.03855704793565,-106.03557102364553,-105.03373974423081,-104.0331665287402,-103.0341510297229,-102.03736612167363,-101.11379796344721
-112.92364308460246,-108.04002967269341,-107.03864275619327,-106.03578017736928,-105.03410394130285,-104.03374145822809,-103.03503331945946,-102.03872705939331,-101.10201872595164
-112.92429343980889,-108.04007337662367,-107.03873533325358,-106.03599797320253,-105.03447945495445,-104.03433170346855,-103.03593694794382,-102.04011856354747,-101.09030096741705
-112.92494374369636,-108.04012435364966,-107.03883468347479,-106.0362242823426,-105.03486610334403,-104.03493699687643,-103.03686150513572,-102.04153997729914,-101.07864439851267
-112.92559402052022,-108.04018249991276,-107.03894071236591,-106.03645897748905,-105.03526370678392,-104.03555707421033,-103.03780658655987,-102.04299065373793,-101.0670487324845
-112.9262442931544,-108.0402477130157,-107.03905332655484,-106.03670193281224,-105.0356720877086,-104.03619167453031,-103.03877179323297,-102.04446995572793,-101.05551368507672
-112.92667665720276,-108.04006931042947,-107.03889605006167,-106.03663733529268,-105.03562499190934,-104.03615672305436,-103.03874249113173,-102.044435909317,-101.05545317391905
-112.92710593964415,-108.0398945668617,-107.03874211043096,-106.03657094178027,-105.03557646489912,-104.03612062228571,-103.03871225259645,-102.04440109437152,-101.0553920915953
-112.92753208398753,-108.03972329950835,-107.03859132058935,-106.03650296474746,-105.03552667092652,-104.0360834994843,-103.03868117806785,-102.04436559448601,-101.05533051451154
-112.92795504693746,-108.03955534303623,-107.03844351237743,-106.03643359503855,-105.03547575751725,-104.03604546892002,-103.03864935752786,-102.04432948383119,-101.05526850970526
-112.92837479471639,-108.03939054588362,-107.03829853278884,-106.03636300345711,-105.03542385674213,-104.03600663292737,-103.03861687159231,-102.0442928288732,-101.05520613716232
-112.92879130192169,-108.03922876881187,-107.03815624230913,-106.03629134331395,-105.03537108720123,-104.03596708345889,-103.0385837927551,-102.04425568941782,-101.05514345078234
-112.92920455045721,-108.03906988355354,-107.03801651337288,-106.0362187524878,-105.03531755560742,-104.03592690330477,-103.03855018633551,-102.04421811937694,-101.05508049907512
-112.92961452862673,-108.03891377166966,-107.03787922906916,-106.03614535526121,-105.03526335820621,-104.03588616718606,-103.0385161113346,-102.04418016747347,-101.05501732580694
-112.93002123032647,-108.03876032351882,-107.03774428197353,-106.03607126385188,-105.03520858195378,-104.03584494266417,-103.03848162115054,-102.0441418778338,-101.05495397054389
-112.93042465424912,-108.0386094372858,-107.03761157307267,-106.03599657970473,-105.03515330551551,-104.03580329091736,-103.03844676418679,-102.04410329048468,-101.05489046911195
-112.93082480336436,-108.03846101826817,-107.03748101094129,-106.03592139469114,-105.03509760016932,-104.03576126741363,-103.0384115843651,-102.04406444176732,-101.05482685396531
-112.93122168431188,-108.03831497813627,-107.03735251093262,-106.03584579212163,-105.03504153061054,-104.03571892255457,-103.03837612164557,-102.04402536476603,-101.05476315457965
-112.93161530696189,-108.03817123433714,-107.03722599450242,-106.03576984762283,-105.03498515560987,-104.0356763021707,-103.03834041240525,-102.04398608963159,-101.05469939776464
-112.93200568400391,-108.03802970956646,-107.03710138862562,-106.03569362994821,-105.03492852864893,-104.03563344801641,-103.03830448982973,-102.04394664388384,-101.05463560791662
-112.93239283058,-108.03789033127757,-107.03697862524723,-106.0356172016344,-105.03487169840305,-104.03559039812451,-103.03826838417747,-102.04390705263084,-101.05457180723072
-112.93277676394231,-108.03775303124307,-107.03685764080791,-106.03554061962815,-105.03481470925486,-104.03554718722813,-103.03823212312905,-102.04386733887478,-101.05450801599092
-112.9331575032442,-108.03761774523615,-107.03673837587716,-106.03546393585002,-105.0347576017009,-104.0355038470519,-103.0381957319941,-102.04382752365028,-101.05444425267491
-112.93353506919992,-108.03748441261413,-107.03662077471247,-106.03538719762523,-105.03470041270086,-104.0354604065968,-103.03815923396316,-102.04378762626877,-101.05438053419756
-112.93390948396458,-108.03735297609963,-107.03650478500411,-106.03531044816714,-105.0346431760374,-104.0354168924013,-103.03812265027307,-102.04374766441344,-101.05431687598235
-112.9342807708725,-108.03722338145812,-107.03639035753481,-106.0352337269243,-105.03458592259476,-104.03537332877167,-103.03808600042231,-102.04370765435064,-101.05425329216773
-112.93464895432959,-108.03709557729898,-107.03627744595227,-106.03515706994583,-105.03452868062757,-104.03532973797668,-103.0380493022998,-102.04366761101204,-101.05418979567271
-112.93501405954444,-108.03696951476711,-107.03616600645529,-106.03508051012791,-105.03447147596228,-104.03528614041126,-103.03801257232709,-102.04362754812301,-101.05412639831654
-112.93537611259065,-108.03684514751167,-107.03605599773044,-106.03500407760754,-105.03441433229125,-104.0352425548172,-103.03797582562554,-102.04358747834364,-101.05406311095717
-112.93573514007521,-108.03672243131888,-107.03594738058618,-106.03492779986182,-105.0343572712512,-104.03519899834689,-103.03793907606334,-102.04354741328925,-101.0539999434918
-112.93609116920916,-108.03660132411582,-107.03584011793654,-106.03485170206832,-105.03430031270833,-104.03515548678054,-103.0379023364276,-102.04350736368612,-101.05393690501118
-112.93644422758705,-108.03648178570438,-107.03573417453048,-106.03477580719783,-105.03424347481727,-104.03511203457762,-103.03786561847276,-102.04346733941452,-101.05387400384319
-112.9367943431792,-108.03636377770036,-107.03562951688086,-106.03470013626496,-105.03418677422606,-104.03506865502771,-103.03782893302649,-102.04342734958708,-101.05381124761549
-112.93714154423884,-108.03624726339338,-107.0355261131157,-106.03462470846439,-105.03413022616854,-104.03502536032195,-103.0377922900501,-102.04338740259695,-101.05374864330098
-112.93748585921549,-108.03613220762108,-107.03542393285078,-106.03454954131752,-105.03407384458842,-104.03498216165242,-103.03775569871455,-102.04334750618186,-101.05368619727665
-112.93782731671452,-108.0360185766842,-107.0353229470978,-106.03447465081628,-105.034017642245,-104.03493906929482,-103.0377191674744,-102.04330766749611,-101.05362391539659
-112.93816594546263,-108.03590633827015,-107.03522312818278,-106.03440005155807,-105.03396163081732,-104.03489609268415,-103.03768270411551,-102.04326789313379,-101.0535618030024
-112.938501774224,-108.03579546133597,-107.03512444962855,-106.03432575683271,-105.03390582097074,-104.03485324046844,-103.03764631580314,-102.04322818917505,-101.05349986497025
-112.93883483175694,-108.03568591602989,-107.03502688607419,-106.03425177872481,-105.03385022244004,-104.03481052057492,-103.03761000913354,-102.0431885612337,-101.05343810576028
-112.9391651468239,-108.03557767365942,-107.03493041323715,-106.03417812823453,-105.03379484411164,-104.03476794026302,-103.03757379016731,-102.04314901446736,-101.05337652940881
-112.93949274811503,-108.03547070658824,-107.03483500781225,-106.03410481533741,-105.03373969408487,-104.0347255061896,-103.03753766449911,-102.04310955366665,-101.05331513963785
-112.93560069025514,-108.03062284758691,-107.02962853157472,-106.02795552613716,-105.02488168754635,-104.02196856781846,-103.0189365008205,-102.01535909502603,-101.01048938661857,-100.5073051430941
-112.93591890735743,-108.03051632868802,-107.02953554518707,-106.0278969061754,-105.0248450020474,-104.02195261344751,-103.01894256521142,-102.01539260696802,-101.01056386308935,-100.49351096744431
-112.93624024295443,-108.03041744930381,-107.02945046802684,-106.02784643470063,-105.02481999739938,-104.02195343031914,-103.01897302407586,-102.0154624167473,-101.01069416378289,-100.47978802609441
-112.93656470103546,-108.0303261419378,-107.02937322071777,-106.02780400818492,-105.02480651529565,-104.02197077767164,-103.01902750264556,-102.01556791657794,-101.01087924634389,-100.46613591376381
-112.93689225983093,-108.03024231907553,-107.02930370641384,-106.02776950957474,-105.02480438692255,-104.0220044052961,-103.01910561732811,-102.01570849329303,-101.01111807706748,-100.45255422654883
-112.93722290131754,-108.03016589795466,-107.02924183317009,-106.0277428276398,-105.02481344930442,-104.02205406932211,-103.0192069922926,-102.01588354478271,-101.0114096407113,-100.43904256873253
-112.93755660831182,-108.03009679775397,-107.02918751120106,-106.02772385431935,-105.02483354299484,-104.02211953024822,-103.01933125779959,-102.0160924785169,-101.011752939017,-100.42560055144789
-112.93789336350403,-108.03003493863312,-107.02914065193325,-106.02771248374953,-105.02486451119151,-104.02220055212798,-103.01947804944143,-102.01633471081364,-101.01214698989479,-100.41222779198965
-112.9382331491645,-108.02998024143878,-107.02910116771643,-106.02770861192943,-105.02490619944794,-104.02229690232585,-103.01964700791359,-102.01660966655355,-101.01259082698222,-100.39892391349181
-112.93857594705788,-108.02993262758987,-107.02906897170061,-106.02771213654172,-105.02495845549691,-104.0224083513278,-103.01983777880308,-102.01691677893875,-101.01308349929597,-100.3856885446988
-112.9389217384391,-108.02989201906561,-107.02904397782414,-106.02772295689373,-105.02502112920651,-104.02253467270333,-103.02005001253569,-102.0172554893706,-101.01362407094857,-100.37252131979189
-112.9392705040864,-108.02985833840447,-107.02902610080046,-106.0277409738453,-105.02509407248948,-104.02267564298829,-103.0202833642154,-102.01762524722709,-101.01421162080152,-100.35942187815618
-112.93962222428985,-108.02983150868175,-107.02901525609403,-106.02776608974335,-105.02517713924969,-104.02283104163718,-103.02053749357313,-102.01802550977114,-101.01484524223953,-100.34638986426097
-112.93997687889537,-108.02981145352773,-107.02901135993093,-106.02779820838892,-105.02527018534796,-104.02300065097117,-103.0208120648728,-102.0184557419797,-101.01552404286619,-100.33342492746849
-112.94033444733081,-108.02979809713334,-107.02901432929733,-106.0278372349881,-105.0253730685342,-104.02318425609693,-103.02110674680924,-102.01891541639458,-101.0162471442275,-100.32052672185583
-112.94069490861757,-108.02979136424686,-107.02902408193361,-106.0278830761168,-105.02548564842986,-104.02338164488499,-103.02142121246536,-102.01940401303165,-101.01701368160475,-100.3076949061175
-112.94105824139318,-108.02979118017139,-107.02904053632412,-106.02793563967025,-105.02560778646125,-104.02359260788822,-103.02175513920649,-102.01992101921678,-101.0178228037188,-100.29492914336576
-112.94142442394471,-108.02979747078028,-107.02906361170609,-106.02799483483709,-105.0257393458307,-104.02381693829894,-103.02210820860091,-102.02046592944558,-101.01867367247915,-100.28222910098768
-112.94179343418686,-108.02981016248299,-107.02909322803492,-106.02806057204006,-105.02588019146465,-104.0240544318984,-103.02248010636586,-102.0210382452993,-101.01956546278781,-100.26959445054263
-112.94216524973712,-108.02982918227215,-107.02912930602078,-106.02813276293823,-105.02603019000004,-104.02430488702154,-103.02287052229595,-102.02163747530493,-101.02049736227707,-100.2570248675994
-112.94253984789125,-108.02985445768942,-107.02917176709299,-106.02821132036725,-105.02618920972972,-104.02456810449458,-103.02327915017833,-102.02226313481255,-101.0214685710886,-100.2445200316119
-112.94291720565504,-108.02988591683336,-107.02922053340153,-106.02829615831445,-105.02635712056785,-104.02484388759869,-103.02370568774404,-102.02291474589497,-101.02247830165918,-100.23207962579932
-112.94329729975787,-108.029923488364,-107.02927552781844,-106.02838719189832,-105.02653379403186,-104.02513204203017,-103.0241498365992,-102.02359183723838,-101.02352577850992,-100.21970333703025
-112.94368010667422,-108.02996710149941,-107.02933667392824,-106.0284843373347,-105.02671910319779,-104.02543237584788,-103.02461130214023,-102.02429394399877,-101.02461023799592,-100.2073908556588
-112.94406560261311,-108.03001668599276,-107.02940389600153,-106.0285875118925,-105.02691292266202,-104.02574469944116,-103.02508979353159,-102.02502060775267,-101.02573092816726,-100.19514187548785
-112.94445376357932,-108.03007217218003,-107.02947711903892,-106.02869663391562,-105.02711512854681,-104.02606882549752,-103.02558502361809,-102.02577137635872,-101.02688710852821,-100.18295609360653
-112.94484456533736,-108.03013349092289,-107.02955626870882,-106.02881162274538,-105.02732559843396,-104.0264045689571,-103.02609670888617,-102.02654580387133,-101.0280780498532,-100.17083321030441
-112.94523798346441,-108.0302005736501,-107.02964127138513,-106.02893239873832,-105.02754421136557,-104.0267517469808,-103.02662456939576,-102.02734345044033,-101.02930303399343,-100.15877292895297
-112.9456339933209,-108.03027335231448,-107.0297320541016,-106.02905888320707,-105.02777084778785,-104.02711017889784,-103.02716832871606,-102.0281638821953,-101.03056135367737,-100.14677495591145
-112.94603257008356,-108.03035175940894,-107.02982854456306,-106.0291909984163,-105.02800538954541,-104.02747968618885,-103.02772771389311,-102.02900667119322,-101.03185231236755,-100.13483900044977
-112.94643368880266,-108.0304357280059,-107.02993067117912,-106.02932866759785,-105.0282477198794,-104.02786009246633,-103.02830245539637,-102.02987139529615,-101.0331752240433,-100.1229647746294
-112.9468373243268,-108.03052519167817,-107.03003836298691,-106.02947181486913,-105.02849772336661,-104.0282512234225,-103.02889228706967,-102.0307576381174,-101.03452941307762,-100.11115199325782
-112.94724345136069,-108.03062008453487,-107.03015154967856,-106.02962036523934,-105.02875528589612,-104.02865290677929,-103.02949694604736,-102.03166498887282,-101.03591421398917,-100.09940037372318
-112.94765204448399,-108.03072034122859,-107.0302701616076,-106.0297742446095,-105.0290202946816,-104.0290649723036,-103.03011617275634,-102.03259304235893,-101.03732897134738,-100.08770963598064
-112.94806307815578,-108.03082589694871,-107.0303941297775,-106.02993337974532,-105.0292926382225,-104.02948725175406,-103.0307497108489,-102.03354139885415,-101.03877303960437,-100.07607950247565
-112.9484765266876,-108.03093668738161,-107.03052338580157,-106.03009769823328,-105.02957220626465,-104.02991957883896,-103.03139730713976,-102.0345096640134,-101.04024578289547,-100.06450969800412
-112.94889236429962,-108.03105264875315,-107.0306578619396,-106.03026712850112,-105.02985888980673,-104.03036178920868,-103.03205871158603,-102.03549744881045,-101.04174657490218,-100.05299994966504
-112.94934554376458,-108.03083580853725,-107.03045579359683,-106.03008502555383,-105.02972798258727,-104.03026194191612,-103.03198145086836,-102.03543342557623,-101.04168260040441,-100.05291126347619
-112.94979637959676,-108.03062169082773,-107.03025625706633,-106.02990509580803,-105.0295963579663,-104.03016147831292,-103.03190365355482,-102.03536893072909,-101.0416182263193,-100.05282233778397
-112.95024484730097,-108.03041020681844,-107.03005916255175,-106.02972725037678,-105.02946414879693,-104.03006050132736,-103.03182539965455,-102.03530402775039,-101.04155350592615,-100.05273322124013
-112.95069092680494,-108.03020127392507,-107.02986442701402,-106.02955140812004,-105.02933147378936,-104.0299591030434,-103.0317467608002,-102.03523877333235,-101.04148848613747,-100.05264395595525
-112.95113460252301,-108.02999481562567,-107.02967197388892,-106.02937749513161,-105.02919843949756,-104.029857366184,-103.03166780141312,-102.03517321853295,-101.0414232092631,-100.05255457984788
-112.95157586289328,-108.02979076089076,-107.02948173245636,-106.02920544397242,-105.0290651418345,-104.02975536526966,-103.03158857958975,-102.03510740945725,-101.04135771354116,-100.05246512711585
-112.95201469987309,-108.02958904358711,-107.02929363719426,-106.0290351929165,-105.0289316673125,-104.02965316758592,-103.0315091478468,-102.03504138783597,-101.04129203361721,-100.0523756286772
-112.95245110860664,-108.0293896020594,-107.02910762731415,-106.02886668538628,-105.02879809417105,-104.02955083405215,-103.0314295538006,-102.0349751915724,-101.04122620100007,-100.05228611258758
-112.95288508693933,-108.02919237857728,-107.02892364617364,-106.02869986929016,-105.02866449321095,-104.02944841985659,-103.03134984065343,-102.0349088551178,-101.04116024436867,-100.05219660432572
-112.95331663516365,-108.0289973190148,-107.02874164092225,-106.02853469659871,-105.02853092865898,-104.02934597512683,-103.03127004769779,-102.03484240984915,-101.04109418986407,-100.05210712704562
-112.9537457556639,-108.02880437244364,-107.02856156207059,-106.02837112286149,-105.02839745881573,-104.02924354542239,-103.03119021070958,-102.03477588440123,-101.04102806139049,-100.05201770187256
-112.95417245275891,-108.0286134909138,-107.02838336324075,-106.02820910689975,-105.02826413672535,-104.02914117225795,-103.03111036234247,-102.03470930495276,-101.04096188082362,-100.05192834807688
-112.9545967323628,-108.0284246290787,-107.02820700077756,-106.02804861038724,-105.02813101063934,-104.0290388934574,-103.03103053241102,-102.03464269547018,-101.0408956682302,-100.05183908328402
-112.95501860188077,-108.02823774404226,-107.02803243357309,-106.02788959763188,-105.02799812454401,-104.02893674355253,-103.0309507481833,-102.03457607791572,-101.04082944202537,-100.05174992361407
-112.95543807000745,-108.02805279512077,-107.02785962281398,-106.02773203529492,-105.02786551856133,-104.02883475409834,-103.03087103462705,-102.03450947244389,-101.04076321913328,-100.05166088382789
-112.9558551465426,-108.02786974362357,-107.02768853174949,-106.02757589213662,-105.0277332292933,-104.02873295394055,-103.03079141462865,-102.03444289758718,-101.04069701515492,-100.05157197748669
-112.95626984233635,-108.0276885527631,-107.02751912558668,-106.02742113888414,-105.02760129020695,-104.02863136949878,-103.03071190919056,-102.03437637039133,-101.04063084445754,-100.05148321702569
-112.95668216907542,-108.02750918741663,-107.02735137124564,-106.02726774797422,-105.02746973185883,-104.02853002495586,-103.0306325375956,-102.0343099065567,-101.04056472031095,-100.05139461388866
-112.95709213926085,-108.02733161406918,-107.02718523728895,-106.02711569346262,-105.0273385822156,-104.02842894249237,-103.0305533175723,-102.03424352055637,-101.0404986549604,-100.05130617857597
-112.95749976606902,-108.02715580065376,-107.02702069375631,-106.02696495084798,-105.02720786685464,-104.02832814244577,-103.03047426543189,-102.03417722575986,-101.04043265975994,-100.051217920795
-112.95790506327337,-108.02698171644825,-107.02685771205385,-106.02681549694853,-105.02707760917397,-104.02822764346827,-103.03039539617477,-102.0341110344968,-101.04036674519216,-100.05112984945079
-112.95830804516595,-108.02680933197392,-107.0266962648468,-106.02666730978865,-105.02694783058567,-104.02812746268383,-103.03031672362427,-102.03404495817618,-101.04030092098684,-100.05104197276835
-112.95870872654265,-108.0266386189571,-107.0265363260135,-106.02652036853934,-105.02681855071218,-104.0280276158306,-103.03023826053078,-102.03397900736296,-101.04023519617957,-100.05095429834752
-112.95910712254476,-108.0264695501568,-107.02637787047166,-106.02637465334476,-105.02668978747108,-104.02792811732691,-103.03016001861826,-102.03391319180615,-101.04016957912188,-100.05086683316146
-112.95950324869074,-108.02630209937207,-107.02622087417863,-106.02623014531258,-105.02656155727604,-104.02782898043418,-103.03008200872127,-102.03384752056753,-101.04010407761663,-100.05077958369726
-112.959897120816,-108.02613624136491,-107.02606531405071,-106.02608682642928,-105.02643387514793,-104.02773021732925,-103.0300042408248,-102.03378200202285,-101.04003869887856,-100.05069255589986
-112.96028875499573,-108.02597195177002,-107.02591116787144,-106.0259446794674,-105.02630675480845,-104.02763183918995,-103.02992672414723,-102.03371664395594,-101.03997344964618,-100.05060575528763
-112.96067816751084,-108.0258092070432,-107.02575841423692,-106.02580368792805,-105.0261802087813,-104.0275338562613,-103.02984946717717,-102.03365145356783,-101.03990833617499,-100.05051918694751
-112.96106537486334,-108.02564798445727,-107.02560703254586,-106.02566383602426,-105.02605424851974,-104.02743627796158,-103.0297724777635,-102.03358643755416,-101.03984336429372,-100.05043285557274
-112.9614503936775,-108.02548826199646,-107.02545700289731,-106.02552510858563,-105.02592888445452,-104.02733911291871,-103.02969576314139,-102.03352160212684,-101.03977853943968,-100.05034676551203
-112.96183324070783,-108.02533001834527,-107.02530830607284,-106.02538749103078,-105.0258041260772,-104.02724236902527,-103.02961932997091,-102.03345695304093,-101.03971386666504,-100.05026092076321
-112.96221393284372,-108.0251732328801,-107.02516092352836,-106.02525096936414,-105.0256799820567,-104.02714605354636,-103.02954318442993,-102.03339249567391,-101.03964935071615,-100.05017532505225
-112.96259248700362,-108.02501788555375,-107.02501483727762,-106.02511553005715,-105.02555646021817,-104.02705017308043,-103.0294673321689,-102.03332823497529,-101.03958499597016,-100.05008998176712
-112.96296892018125,-108.02486395692897,-107.0248700299246,-106.02498116008191,-105.02543356767137,-104.02695473367538,-103.02939177841385,-102.03326417556698,-101.0395208065489,-100.05000489407718
-112.96334324942806,-108.02471142814564,-107.02472648462793,-106.02484784687519,-105.02531131086106,-104.02685974086621,-103.02931652799404,-102.03320032175341,-101.03945678629567,-100.0499200648913
-112.95972054302304,-108.02025612604965,-107.0200854836528,-106.0198381255524,-105.01933884310691,-104.0181863209391,-103.01677159712888,-102.0148665204753,-101.0120727898996,-100.00763500768795,-99.50450847742859
-112.96007911872044,-108.02009661384956,-107.01993598716017,-106.01970159583303,-105.0192275763095,-104.01810837495759,-103.01672380564833,-102.01484862379397,-101.01208913255007,-100.00769867198615,-99.49070691360515
-112.96044117134092,-108.01994439529909,-107.0197939094946,-106.01957276690845,-105.01912451504607,-104.01804214292456,-103.01669280231245,-102.01485512857687,-101.01214177485582,-100.00781815915548,-99.47697668850674
-112.9608067190034,-108.01979944110629,-107.01965921482267,-106.01945158975262,-105.01902957332027,-104.0179874814139,-103.01667835887443,-102.01488567053728,-101.01223011790019,-100.00799243482119,-99.46331740527735
-112.96117576881794,-108.01966171378008,-107.0195318601826,-106.01933800937162,-105.01894266174888,-104.0179442433026,-103.01668024208568,-102.0149398793888,-101.01235355913455,-100.00822047414374,-99.449728669057
-112.96154833128851,-108.01953117966352,-107.01941180645879,-106.0192319748101,-105.01886369662681,-104.01791228706428,-103.01669822472587,-102.01501739224516,-101.01251150665192,-100.0085012702817,-99.43621009265004
-112.96192441752326,-108.01940780623266,-107.01929901573554,-106.01913343658649,-105.01879259742059,-104.01789147463809,-103.0167320838122,-102.0151178521178,-101.01270337788522,-100.0088338330821,-99.4227612953504
-112.9623040384822,-108.01929156136248,-107.01919345057648,-106.01904234598732,-105.01872928599906,-104.01788167077258,-103.01678160005305,-102.015240907456,-101.01292859917524,-100.00921718856627,-99.40938190255534
-112.96268720458471,-108.01918241294672,-107.01909507365431,-106.01895865470489,-105.01867368619324,-104.0178827426405,-103.01684655750206,-102.0153862118168,-101.01318660541286,-100.00965037844624,-99.3960715454011
-112.96307392574656,-108.01908032892253,-107.01900384777257,-106.01888231484868,-105.01862572370851,-104.01789455975671,-103.01692674346886,-102.01555342374971,-101.01347683986076,-100.0101324598021,-99.38282986055381
-112.96346421131142,-108.01898527720358,-107.01891973580193,-106.0188132788805,-105.01858532597814,-104.01791699384368,-103.01702194839193,-102.0157422066622,-101.01379875398167,-100.01066250478573,-99.36965649002357
-112.96385807012227,-108.01889722573769,-107.01884270073383,-106.01875149965521,-105.01855242211538,-104.01794991878955,-103.01713196578598,-102.01595222873571,-101.01415180727979,-100.01123960031188,-99.35655108096515
-112.96425551047071,-108.01881614245734,-107.01877270563422,-106.01869693037396,-105.0185269427955,-104.01799321052837,-103.01725659211547,-102.01618316277843,-101.01453546711267,-100.01186284775706,-99.34351328548422
-112.96465654015446,-108.01874199532561,-107.0187097136861,-106.01864952461585,-105.01850882021226,-104.01804674700288,-103.01739562675628,-102.01643468617193,-101.01494920857833,-100.01253136271119,-99.33054276049958
-112.96506116655654,-108.01867475240707,-107.01865368825861,-106.01860923639906,-105.01849798807085,-104.01811040815352,-103.01754887196148,-102.01670648079391,-101.01539251438146,-100.01324427471314,-99.31763916757214
-112.96546939656112,-108.01861438178169,-107.01860459282312,-106.01857602009508,-105.01849438144515,-104.01818407578267,-103.01771613273783,-102.01699823289776,-101.01586487466611,-100.01400072696781,-99.30480217273333
-112.96588123664802,-108.01856085162947,-107.01856239103427,-106.01854983049819,-105.01849793678208,-104.01826763354988,-103.01789721681571,-102.01730963304044,-101.01636578688975,-100.01479987610136,-99.29203144633742
-112.96629669285075,-108.01851413018257,-107.01852704668222,-106.01853062277483,-105.01850859180402,-104.01836096688635,-103.01809193456927,-102.01764037599033,-101.01689475567832,-100.01564089189749,-99.27932666289819
-112.96671577086873,-108.01847418583,-107.0184985237954,-106.01851835255705,-105.0185262855446,-104.0184639630152,-103.01830009901417,-102.01799016069901,-101.01745129275578,-100.01652295711501,-99.26668750100313
-112.96713847597502,-108.01844098701899,-107.01847678654148,-106.01851297584045,-105.01855095820643,-104.01857651082135,-103.0185215256805,-102.01835869015449,-101.01803491674126,-100.01744526717155,-99.25411364309197
-112.96756481310058,-108.01841450233482,-107.01846179930659,-106.01851444905589,-105.01858255118513,-104.01869850087338,-103.01875603262704,-102.01874567137692,-101.01864515310628,-100.0184070300006,-99.24160477541355
-112.96799478684558,-108.01839470049933,-107.01845352668965,-106.01852272905542,-105.01862100701034,-104.01882982534536,-103.019003440343,-102.01915081529832,-101.01928153400152,-100.01940746576457,-99.22916058783015
-112.96842840144733,-108.01838155034275,-107.01845193347918,-106.01853777309115,-105.01866626929738,-104.01897037799853,-103.0192635717353,-102.01957383672645,-101.01994359818485,-100.02044580668606,-99.21678077373663
-112.96886566085772,-108.01837502086325,-107.01845698470459,-106.01855953885143,-105.01871828273333,-104.0191200541334,-103.01953625206211,-102.02001445426014,-101.0206308908767,-100.02152129679516,-99.20446502990569
-112.96930656871672,-108.01837508120205,-107.01846864561489,-106.01858798444059,-105.01877699303266,-104.0192787505616,-103.01982130890012,-102.02047239023969,-101.02134296368403,-100.02263319176583,-99.19221305641322
-112.96975112835976,-108.01838170063965,-107.01848688167182,-106.018623068365,-105.01884234688836,-104.01944636555422,-103.02011857208848,-102.02094737067108,-101.02207937447515,-100.02378075868266,-99.18002455648735
-112.97019934285436,-108.01839484863174,-107.01851165858582,-106.01866474956367,-105.01891429197255,-104.01962279883404,-103.02042787370597,-102.02143912517833,-101.02283968729212,-100.02496327587374,-99.16789923643786
-112.97065121501058,-108.0184144948061,-107.01854294231029,-106.01871298739788,-105.0189927768972,-104.01980795153379,-103.02074904802637,-102.02194738695029,-101.02362347225366,-100.02618003270763,-99.15583680553608
-112.9711067473539,-108.01844060893555,-107.01858069901438,-106.01876774161919,-105.01907775115933,-104.02000172614757,-103.02108193145887,-102.02247189265076,-101.02443030543112,-100.02743032939138,-99.14383697589626
-112.97156594221057,-108.01847316101401,-107.01862489515771,-106.01882897243911,-105.0191691651811,-104.02020402655633,-103.02142636256718,-102.02301238243086,-101.025259768818,-100.02871347684481,-99.13189946243872
-112.9720288016276,-108.01851212117197,-107.01867549740462,-106.01889664043938,-105.0192669702006,-104.02041475792383,-103.02178218195564,-102.02356859978879,-101.02611145015153,-100.03002879643863,-99.12002398270846
-112.97249532745143,-108.01855745974844,-107.01873247269508,-106.0189707066382,-105.01937111831484,-104.02063382673397,-103.02214923230028,-102.02414029159208,-101.0269849429059,-100.03137561991026,-99.10821025687791
-112.97296552131552,-108.01860914727321,-107.01879578822579,-106.01905113246686,-105.01948156243535,-104.02086114074551,-103.02252735829816,-102.02472720800397,-101.02787984617089,-100.03275328914903,-99.0964580076074
-112.97343938462811,-108.01866715444892,-107.01886541143126,-106.01913787974732,-105.01959825624782,-104.02109660894772,-103.0229164066066,-102.02532910239952,-101.02879576453483,-100.03416115600983,-99.08476695994764
-112.97391691861674,-108.01873145218907,-107.0189413100203,-106.01923091072305,-105.0197211542209,-104.02134014156215,-103.02331622584809,-102.02594573137019,-101.0297323080575,-100.03559858220056,-99.0731368413038
-112.97439812432847,-108.01880201161225,-107.01902345196906,-106.01933018804995,-105.0198502115843,-104.02159165002217,-103.02372666657095,-102.02657685465458,-101.03068909217194,-100.03706493911545,-99.06156738134688
-112.97488300260943,-108.0188788040202,-107.01911180549965,-106.01943567477056,-105.01998538428488,-104.02185104693139,-103.02414758121792,-102.02722223510135,-101.03166573759988,-100.03855960765722,-99.05005831190597
-112.97520409230876,-108.01878516086921,-107.01902014372001,-106.01935040867886,-105.01990666368116,-104.02174639520473,-103.02406661389418,-102.02715822119916,-101.03161082138261,-100.03850199574768,-99.04997486231919
-112.9755232720411,-108.01869198681597,-107.01892888191671,-106.01926540724465,-105.0198279831,-104.02164302340036,-103.02398659325571,-102.02709489969081,-101.03155641933289,-100.03844481512901,-99.04989194635455
-112.97584057927922,-108.0185993001274,-107.01883804037838,-106.01918069494504,-105.0197493771547,-104.02154087254293,-103.02390747434863,-102.0270322364282,-101.03150250536959,-100.03838804531902,-99.04980954494465
-112.97615604915664,-108.01850711675038,-107.01874763692341,-106.01909629350288,-105.01967087696018,-104.0214398893577,-103.02382921663772,-102.02697020064741,-101.03144905585191,-100.03833166710484,-99.04972763951623
-112.97646971443133,-108.01841545035083,-107.01865768697853,-106.01901222201695,-105.01959251035765,-104.0213400254041,-103.023751783294,-102.02690876442597,-101.03139604934552,-100.03827566307416,-99.04964621315479
-112.9767816058939,-108.01832431272605,-107.01856820399803,-106.01892849739818,-105.01951430240707,-104.02124123660026,-103.02367514083497,-102.02684790241958,-101.03134346644194,-100.03822001748755,-99.04956525049441
-112.97709175258069,-108.01823371403822,-107.01847919970997,-106.01884513463808,-105.01943627571383,-104.02114348273676,-103.02359925875551,-102.02678759157111,-101.03129128951078,-100.03816471604988,-99.0494847374918
-112.9774001819949,-108.01814366303644,-107.0183906843449,-106.01876214705494,-105.01935845072475,-104.0210467270587,-103.02352410919362,-102.02672781084325,-101.03123950248738,-100.03810974575023,-99.049404661296
-112.9777069202686,-108.01805416723347,-107.01830266682211,-106.01867954649673,-105.01928084597625,-104.02095093590873,-103.02344966667657,-102.0266685410451,-101.03118809075727,-100.03805509476393,-99.04932501014619
-112.97801199228203,-108.017965233027,-107.0182151548755,-106.01859734347876,-105.01920347826825,-104.02085607835805,-103.02337590781976,-102.02660976458374,-101.03113704094666,-100.038000752284,-99.04924577322782
-112.97831542179664,-108.01787686584406,-107.01812815520735,-106.01851554735359,-105.01912636287378,-104.02076212595782,-103.02330281114895,-102.02655146533824,-101.03108634083289,-100.03794670844668,-99.04916694059793
-112.97861723156565,-108.01778907024959,-107.01804167359877,-106.01843416642897,-105.01904951368307,-104.02066905246369,-103.02323035687621,-102.02649362847748,-101.03103597919281,-100.03789295419773,-99.04908850305956
-112.97891744340365,-108.01770185002759,-107.0179557149987,-106.01835320806897,-105.01897294333513,-104.02057683361365,-103.02315852673792,-102.02643624033989,-101.03098594571541,-100.03783948123562,-99.04901045211825
-112.97921607827908,-108.01761520826992,-107.01787028361473,-106.01827267879293,-105.01889666334137,-104.02048544693196,-103.02308730384237,-102.0263792883199,-101.03093623091196,-100.03778628192558,-99.04893277989406
-112.97951315641559,-108.01752914748289,-107.01778538302408,-106.01819258439247,-105.0188206842213,-104.02039487157943,-103.02301667255325,-102.02632276077807,-101.03088682605194,-100.03773334926396,-99.04885547910375
-112.97980869727571,-108.01744366957449,-107.01770101616523,-106.01811292993376,-105.01874501552962,-104.02030508813782,-103.02294661831885,-102.02626664689426,-101.03083772302784,-100.03768067673842,-99.04877854290919
-112.98010271974002,-108.01735877603112,-107.01761718551562,-106.01803371993701,-105.01866966604832,-104.02021607857246,-103.02287712765838,-102.02621093668618,-101.0307889144019,-100.037628258404,-99.04870196501346
-112.98039524203392,-108.01727446784774,-107.01753389302606,-106.01795495831985,-105.01859464374998,-104.02012782600501,-103.02280818796918,-102.0261556208327,-101.03074039323637,-100.03757608870909,-99.04862573947932
-112.98068628182891,-108.01719074563164,-107.0174511402275,-106.01787664850875,-105.01851995592278,-104.02004031466068,-103.02273978749716,-102.02610069066473,-101.03069215310136,-100.03752416251714,-99.04854986075883
-112.98097585633148,-108.01710760968399,-107.01736892831086,-106.01779879351996,-105.01844560926229,-104.0199535297971,-103.02267191528057,-102.02604613812169,-101.03064418804384,-100.03747247508971,-99.04847432368186
-112.98126398221716,-108.01702505994398,-107.01728725807898,-106.01772139592141,-105.01837160984942,-104.01986745754913,-103.02260456102687,-102.02599195565487,-101.03059649250754,-100.03742102200556,-99.04839912337273
-112.9815506757445,-108.01694309609532,-107.01720613005004,-106.0176444579346,-105.01829796325971,-104.01978208490577,-103.02253771510105,-102.02593813622042,-101.0305490613289,-100.03736979917127,-99.04832425526871
-112.98183595274196,-108.01686171755517,-107.01712554445051,-106.01756798143417,-105.0182246745746,-104.01969739960926,-103.02247136844106,-102.02588467320878,-101.03050188967416,-100.03731880274606,-99.04824971503665
-112.98211982867247,-108.0167809235379,-107.01704550127947,-106.01749196801377,-105.01815174845635,-104.01961339012655,-103.02240551254228,-102.02583156043994,-101.03045497305041,-100.0372680291893,-99.04817549864119
-112.98240231862795,-108.01670071304822,-107.01696600030347,-106.01741641898475,-105.01807918915452,-104.01953004556476,-103.02234013939244,-102.02577879211174,-101.03040830725723,-100.0372174751849,-99.04810160224925
-112.98268343733858,-108.01662108489161,-107.01688704106853,-106.01734133539073,-105.01800700052932,-104.01944735560765,-103.0222752414107,-102.02572636274326,-101.03036188833065,-100.03716713760109,-99.04802802220178
-112.98296319923575,-108.01654203773245,-107.01680862295811,-106.01726671806671,-105.01793518611602,-104.01936531050627,-103.02221081145923,-102.02567426720105,-101.030315712592,-100.03711701356065,-99.04795475509248
-112.98324161845953,-108.01646357010445,-107.01673074520573,-106.01719256765519,-105.01786374914927,-104.01928390103218,-103.02214684279369,-102.02562250064611,-101.03026977657879,-100.03706710034567,-99.04788179765963
-112.98351870881953,-108.01638568036778,-107.01665340685318,-106.01711888456694,-105.0177926925301,-104.01920311838664,-103.02208332899788,-102.02557105849402,-101.03022407703213,-100.03701739541006,-99.04780914680971
-112.98379448391135,-108.01630836682428,-107.01657660686527,-106.0170456690959,-105.0177220189442,-104.01912295425348,-103.02202026402394,-102.02551993643216,-101.03017861089087,-100.03696789636389,-99.04773679959877
-112.984068957034,-108.01623162763511,-107.0165003440498,-106.01697292134263,-105.01765173079335,-104.01904340068658,-103.02195764210815,-102.02546913037754,-101.0301333752898,-100.03691860098658,-99.0476647532475
-112.98434214126591,-108.01615546089491,-107.01642461713172,-106.01690064128874,-105.01758183027319,-104.01896445013743,-103.02189545778984,-102.02541863646823,-101.03008836751849,-100.03686950717197,-99.04759300508405
-112.9846140494341,-108.01607986459719,-107.0163494247189,-106.01682882876545,-105.01751231934553,-104.0188860953796,-103.02183370584555,-102.02536845101771,-101.03004358500013,-100.03682061292156,-99.04752155254307
-112.9848846941838,-108.01600483670536,-107.01627476537406,-106.01675748352503,-105.0174431998151,-104.01880832955344,-103.02177238134753,-102.02531857058315,-101.02999902536104,-100.03677191641471,-99.04745039323458
-112.98515408791127,-108.01593037508468,-107.0162006375487,-106.01668660517979,-105.01737447327432,-104.01873114607088,-103.02171147956138,-102.02526899185052,-101.0299546863127,-100.0367234158923,-99.0473795248307
-112.98120373525111,-108.01147819041353,-107.01165125726179,-106.01195931118744,-105.01228798838662,-104.01269385210978,-103.01302300175252,-102.01276380377173,-101.01172783394695,-100.00953845381913,-99.00543376160502,-98.50235173813788
-112.98145639434777,-108.01139188237674,-107.01156603275139,-106.01187868530904,-105.01221269664134,-104.01262557411634,-103.0129781910145,-102.01274187665015,-101.01173093329437,-100.00957340857441,-99.00551671457582,-98.48857151400819
-112.98171370733833,-108.01131222110007,-107.01148755314445,-106.01180498163791,-105.01214471046188,-104.01256560756626,-103.0129451745579,-102.01273678963116,-101.01175845144905,-100.00964463251212,-99.00565538349964,-98.47486254223526
-112.98197568521908,-108.011239196289,-107.01141580420905,-106.01173817916218,-105.01208399429512,-104.01251386013782,-103.01292380533675,-102.0127483127949,-101.01181002388205,-100.00975152768608,-99.00584873653474,-98.46122442697872
-112.98224234209466,-108.01117280118255,-107.01135077533151,-106.01167826047237,-105.01203051613388,-104.01247024492633,-103.0129139385064,-102.01277621507639,-101.01188528254394,-100.00989349408624,-99.00609575220587,-98.4476567750482
-112.9825136946272,-108.0111130316737,-107.01129245853464,-106.0116252108123,-105.01198424685293,-104.01243468060666,-103.01291543458902,-102.01282027111394,-101.01198386639624,-100.01006994192367,-99.00639542659025,-98.43415920048254
-112.98278975984061,-108.01105988417942,-107.01124084638526,-106.0115790160421,-105.01194515825166,-104.0124070894636,-103.0129281578751,-102.01288025997863,-101.01210542040864,-100.01028029079048,-99.00674677244557,-98.4207313238066
-112.98307055444207,-108.01101335497795,-107.01119593134091,-106.01153966199945,-105.01191322243142,-104.01238739663778,-103.01295197577949,-102.01295596464453,-101.01224959512741,-100.01052396927616,-99.0071488187573,-98.40737277170976
-112.98335609462877,-108.01097344002893,-107.01115770557811,-106.01150713433768,-105.01188841164158,-104.0123755298414,-103.01298675862802,-102.01304717181503,-101.01241604650322,-100.01080041474258,-99.00760061036154,-98.3940831767792
-112.98364639603645,-108.01094013491674,-107.01112616093394,-106.0114814184649,-105.01187069820712,-104.01237141912884,-103.01303237943675,-102.01315367170766,-101.01260443567377,-100.01110907307188,-99.008101207572,-98.38086217724337
-112.98394147379672,-108.0109134349133,-107.01110128897271,-106.01146249961528,-105.01186005460055,-104.01237499683897,-103.0130887138743,-102.01327525801888,-101.01281442890107,-100.01144939854613,-99.00864968592516,-98.36770941682715
-112.984241342515,-108.01089333495231,-107.01108308095853,-106.01145036281787,-105.01185645339886,-104.01238619741974,-103.01315564009145,-102.01341172775186,-101.0130456973921,-100.01182085361606,-99.00924513580946,-98.35462454448823
-112.9845460163227,-108.01087982968293,-107.0110715279111,-106.01144499295464,-105.01185986733711,-104.01240495736407,-103.01323303867508,-102.01356288117613,-101.01329791723478,-100.01222290878479,-99.00988666222473,-98.34160721428285
-112.98485550893886,-108.01087291352854,-107.01106662066331,-106.01144637481596,-105.01187026935551,-104.01243121514365,-103.01332079257959,-102.01372852174316,-101.01357076929058,-100.01265504244438,-99.01057338448473,-98.32865708517372
-112.98516983364227,-108.01087258065945,-107.0110683498354,-106.01145449307546,-105.011887632569,-104.01246491107709,-103.01341878700671,-102.01390845597332,-101.0138639390608,-100.01311674069191,-99.01130443591852,-98.31577382083303
-112.98548900333996,-108.01087882506053,-107.01107670590203,-106.01146933235479,-105.01191193032224,-104.01250598728552,-103.01352690936012,-102.01410249339436,-101.01417711660936,-100.01360749720041,-99.0120789636077,-98.30295708948103
-112.98581303059791,-108.01089164055921,-107.01109167922067,-106.01149087725311,-105.01194313621562,-104.01255438763164,-103.013645049196,-102.01431044649816,-101.014509996496,-100.01412681310737,-99.01289612817378,-98.29020656377662
-112.98614192764421,-108.01091102082847,-107.01111326003401,-106.01151911234629,-105.01198122409467,-104.01261005762245,-103.01377309812544,-102.01453213063469,-101.01486227765659,-100.01467419684496,-99.0137551034731,-98.27752192059964
-112.98647570639201,-108.01093695940958,-107.01114143849406,-106.01155402221306,-105.0120261680722,-104.01267294435654,-103.01391094976967,-102.01476736396134,-101.01523366332341,-100.01524916400082,-99.0146550763567,-98.26490284092105
-112.98681437850014,-108.01096944976706,-107.01117620471459,-106.01159559148233,-105.01207794256551,-104.01274299648252,-103.0140584997097,-102.01501596738332,-101.01562386095448,-100.01585123722633,-99.0155952464771,-98.25234900969541
-112.98715795534113,-108.0110084852629,-107.01121754874872,-106.01164380481495,-105.01213652227685,-104.01282016411852,-103.01421564542363,-102.01527776449245,-101.01603258215148,-100.01647994608355,-99.01657482600685,-98.23986011567776
-112.98750644807535,-108.01105405922006,-107.01126546064819,-106.01169864695645,-105.01220188223418,-104.01290439882149,-103.01438228624163,-102.01555258150924,-101.01645954257751,-100.01713482692925,-99.01759303943659,-98.22743585131234
-112.98785986763201,-108.01110616491007,-107.01131993045448,-106.01176010273142,-105.01227399778412,-104.01299565352652,-103.01455832330132,-102.01584024723826,-101.01690446189886,-100.01781542281263,-99.01864912335849,-98.21507591260624
-112.98821822473664,-108.01116479557234,-107.01138094821484,-106.0118281570552,-105.01235284459358,-104.01309388248637,-103.01474365947224,-102.01614059297818,-101.01736706368028,-100.01852128333348,-99.01974232623664,-98.20277999899534
-112.98858152993678,-108.01122994444455,-107.01144850401496,-106.01190279496775,-105.01243839868194,-104.01319904125853,-103.01493819936178,-102.0164534525343,-101.01784707537124,-100.01925196457164,-99.02087190822226,-98.19054781323776
-112.98894979361837,-108.01130160477156,-107.01152258798555,-106.01198400163729,-105.01253063641438,-104.01331108664056,-103.01514184923171,-102.01677866211332,-101.01834422818615,-100.02000702894034,-99.02203714093159,-98.1783790612938
-112.98932302601852,-108.01137976982068,-107.01160319031881,-106.01207176237669,-105.01262953451635,-104.01342997664545,-103.01535451698622,-102.01711606031603,-101.01885825708094,-100.02078604510946,-99.02323730725846,-98.16627345221535
-112.98970123723507,-108.01146443288823,-107.01169030127376,-106.01216606264681,-105.01273507006898,-104.01355567044943,-103.01557611211598,-102.01746548806965,-101.01938890066694,-100.02158858789852,-99.0244717011889,-98.15423069804537
-112.99008443725599,-108.01155558732633,-107.01178391120281,-106.01226688808222,-105.01284722053065,-104.01368812837343,-103.01580654567333,-102.01782678859688,-101.01993590115892,-100.02241423816272,-99.02573962758738,-98.14225051369239
-112.99047263595838,-108.01165322654192,-107.01188401055096,-106.01237422448892,-105.01296596372862,-104.01382731183735,-103.01604573023351,-102.01819980737078,-101.02049900431888,-100.02326258271708,-99.0270404020488,-98.1303326168731
-112.99086584314252,-108.01175734402666,-107.01199058988419,-106.01248805787161,-105.01309127788183,-104.01397318334546,-103.01629357987574,-102.01858439209057,-101.02107795941113,-100.02413321424513,-99.02837335070467,-98.11847672798459
-112.99126406851501,-108.01186793334196,-107.01210363987558,-106.01260837441859,-105.01322314158035,-104.01412570643244,-103.01655001012739,-102.01898039261994,-101.02167251913085,-100.02502573119384,-99.02973781004668,-98.10668257002517
-112.99166732173646,-108.01198498816207,-107.01222315134709,-106.01273516054238,-105.01336153382155,-104.01428484566732,-103.01681493796451,-102.01938766097405,-101.02228243956374,-100.02593973769798,-99.03113312676675,-98.09494986850518
-112.99207561239744,-108.0121085022474,-107.01234911524165,-106.0128684028494,-105.0135064339732,-104.01445056658378,-103.01708828174112,-102.01980605124749,-101.02290748010216,-100.02687484345913,-99.03255865756104,-98.08327835133888
-112.99248895006126,-108.01223846949053,-107.01248152267118,-106.01300808818898,-105.01365782182131,-104.01462283570503,-103.01736996121686,-102.0202354196337,-101.02354740345163,-100.02783066371451,-99.03401376901303,-98.07166774880717
-112.99290734426944,-108.01237488391406,-107.01262036491137,-106.01315420364496,-105.0138156775541,-104.01480162049566,-103.017659897502,-102.02067562436504,-101.02420197555597,-100.0288068191381,-99.0354978374116,-98.06011779343189
-112.99333080452494,-108.01251773965623,-107.01276563338847,-106.01330673652144,-105.01397998174367,-104.0149868893185,-103.0179580130107,-102.02112652565759,-101.02487096552358,-100.02980293572705,-99.03701024858731,-98.04862821992306
-112.99340945088173,-108.01254899879692,-107.01279396203437,-106.01333065377229,-105.01400293297664,-104.0150055684898,-103.0179030915212,-102.02108343003782,-101.02483573000723,-100.0297701510172,-99.03697046060358,-98.04856091584708
-112.99348660343415,-108.01257897157704,-107.01282100211998,-106.0133532778616,-105.01402452529011,-104.01502280747759,-103.0178505497497,-102.02104215482221,-101.02480188645508,-100.02973845351488,-99.03693159714325,-98.04849460959556
-112.99356235411048,-108.01260775050922,-107.01284684754883,-106.01337470547814,-105.01404486181247,-104.01503872314913,-103.01780021297495,-102.02100256570019,-101.02476933162467,-100.02970776282528,-99.03689359289591,-98.04842924088581
-112.99363678589452,-108.01263541892035,-107.0128715828785,-106.01339502365147,-105.01406403535594,-104.0150534204516,-103.01775192358764,-102.0209645415801,-101.02473797245436,-100.02967800632946,-99.0368563882302,-98.04836475399476
-112.99370997387894,-108.012662052067,-107.0128952844681,-106.01341431094474,-105.01408212969025,-104.01506699388254,-103.01770553899219,-102.02092797291797,-101.02470772477028,-100.02964911836007,-99.03681992922886,-98.04830109845136
-112.99378198625249,-108.0126877181418,-107.01291802149832,-106.01343263850627,-105.01409922065935,-104.01507952877763,-103.01766092986992,-102.02089276037928,-101.02467851226598,-100.02962103940199,-99.03678416701432,-98.04823822840702
-112.99385288514229,-108.01271247913537,-107.01293985684617,-106.01345007097055,-105.0141153771415,-104.0150911024203,-103.01761797868613,-102.02085881368144,-101.02465026557704,-100.02959371534786,-99.03674905713551,-98.04817610207104
-112.99392272731022,-108.01273639155023,-107.01296084781065,-106.01346666720816,-105.01413066184975,-104.01510178497517,-103.01757657838763,-102.02082605060774,-101.02462292156106,-100.02956709696213,-99.03671455913968,-98.04811468132746
-112.9939915647468,-108.0127595070083,-107.01298104672928,-106.01348248096247,-105.01414513201216,-104.01511164027875,-103.01753663124732,-102.02079439611087,-101.02459642258785,-100.0295411393176,-99.03668063610682,-98.04805393130317
-112.99405944512075,-108.01278187271672,-107.01300050145441,-106.01349756134566,-105.01415883990867,-104.01512072647802,-103.0174980478129,-102.02076378149913,-101.02457071590682,-100.02951580127942,-99.036647254211,-98.04799381996177
-112.99412641233748,-108.01280353203498,-107.01301925592661,-106.01351195342697,-105.01417183349183,-104.01512909673374,-103.01746074612903,-102.02073414385018,-101.02454575321337,-100.02949104519945,-99.03661438249509,-98.04793431790895
-112.9941925068432,-108.01282452479,-107.01303735049645,-106.01352569856797,-105.01418415675118,-104.01513679966016,-103.01742465088958,-102.02070542535351,-101.02452149013553,-100.02946683649779,-99.03658199250953,-98.04787539805022
-112.99425776599507,-108.01284488765494,-107.01305482230975,-106.0135388348208,-105.01419585013883,-104.01514387981761,-103.01738969278948,-102.02067757280345,-101.02449788583264,-100.0294431433455,-99.0365500580599,-98.04781703536712
-112.99432222438655,-108.0128646544827,-107.01307170564611,-106.0135513972774,-105.01420695094093,-104.01515037813878,-103.01735580795622,-102.02065053718417,-101.02447490269827,-100.02941993644387,-99.03651855502613,-98.04775920675142
-112.99438591406026,-108.01288385652549,-107.01308803214302,-106.01356341830326,-105.01421749353283,-104.01515633223592,-103.01732293736838,-102.02062427319628,-101.02445250597604,-100.02939718871873,-99.03648746111148,-98.04770189077188
-112.99444886481726,-108.01290252274998,-107.01310383111486,-106.01357492786381,-105.01422750972066,-104.01516177678451,-103.01729102645946,-102.02059873897421,-101.02443066355865,-100.02937487516586,-99.03645675571254,-98.04764506755464
-112.99451110437798,-108.01292068000252,-107.01311912972159,-106.01358595370162,-105.01423702893717,-104.01516674375954,-103.01726002466171,-102.0205738957209,-101.02440934568983,-100.02935297261368,-99.03642641973306,-98.04758871862096
-112.99457265856695,-108.01293835320044,-107.01313395316386,-106.01359652153802,-105.01424607845708,-104.01517126268605,-103.01722988503754,-102.02054970742824,-101.02438852475889,-100.0293314595596,-99.036396435433,-98.04753282673522
-112.99463355149565,-108.01295556551932,-107.01314832487326,-106.01360665526927,-105.01425468360483,-104.01517536087583,-103.01720056396924,-102.02052614064232,-101.02436817512194,-100.02931031604483,-99.03636678634459,-98.04747737583824
-112.99469380573598,-108.01297233856596,-107.01316226668574,-106.01361637714375,-105.01426286794282,-104.01517906364234,-103.01717202087637,-102.02050316424543,-101.02434827293553,-100.02928952351735,-99.03633745715786,-98.04742235094344
-112.99475344241272,-108.01298869247987,-107.01317579894831,-106.01362570787579,-105.01427065339705,-104.0151823944523,-103.01714421793419,-102.0204807492306,-101.02432879596323,-100.02926906466506,-99.03630843356368,-98.04736773798285
-112.99481248133627,-108.01300464606624,-107.01318894065268,-106.01363466678248,-105.01427806040199,-104.01518537509159,-103.01711711984224,-102.02045886854188,-101.02430972348792,-100.02924892337704,-99.0362797022547,-98.04731352382295
-112.99487094112413,-108.01302021691922,-107.01320170955975,-106.01364327191122,-105.01428510803603,-104.01518802581846,-103.01709069362018,-102.02043749689652,-101.02429103614594,-100.02922908459536,-99.03625125077627,-98.04725969611243
-112.99492883927331,-108.01303542149822,-107.01321412227863,-106.013651540123,-105.01429181411186,-104.01519036547155,-103.01706490840071,-102.02041661063637,-101.0242727158157,-100.02920953421552,-99.03622306744928,-98.04720624322103
-112.99498619228248,-108.01305027525208,-107.01322619439186,-106.0136594872207,-105.01429819531238,-104.01519241162187,-103.01703973529108,-102.02039618762866,-101.0242547455633,-100.02919025908393,-99.03619514138934,-98.04715315425531
-112.99504301569472,-108.01306479266252,-107.01323794050003,-106.01366712799611,-105.01430426724338,-104.01519418063947,-103.01701514718047,-102.02037620710145,-101.02423710949024,-100.02917124683782,-99.03616746235025,-98.04710041891735
-112.99509932420003,-108.01307898735035,-107.01324937432983,-106.01367447634087,-105.0143100445491,-104.01519568781887,-103.01699111862753,-102.02035664956828,-101.02421979268874,-100.02915248589478,-99.03614002072803,-98.04704802750175
-112.99515513167991,-108.01309287211922,-107.01326050877799,-106.01368154529212,-105.0143155409633,-104.01519694744354,-103.0169676257142,-102.02033749671122,-101.02420278114569,-100.02913396536435,-99.03611280748282,-98.04699597082845
-112.99521045128745,-108.01310645903916,-107.01327135599647,-106.01368834712024,-105.01432076940165,-104.01519797288714,-103.01694464595053,-102.02031873131487,-101.02418606170082,-100.02911567502464,-99.03608581412516,-98.04694424023019
-112.99526529546995,-108.01311975946902,-107.01328192741572,-106.01369489335399,-105.01432574199086,-104.0151987766526,-103.01692215813976,-102.02030033715155,-101.02416962195184,-100.02909760524729,-99.03605903265047,-98.0468928274917
-112.99531967604855,-108.01313278413932,-107.01329223382866,-106.01370119486621,-105.01433047015784,-104.0151993704676,-103.01690014231053,-102.02028229893757,-101.0241534502157,-100.02907974695832,-99.03603245551332,-98.04684172483093
-112.99537360424024,-108.01314554317223,-107.01330228541043,-106.01370726189448,-105.01433496465356,-104.0151997653175,-103.0168785796057,-102.02026460224496,-101.02413753547323,-100.02906209160595,-99.03600607558761,-98.0467909248478
-112.99542709073785,-108.01315804616411,-107.01331209180238,-106.0137131041271,-105.01433923564208,-104.01519997153892,-103.01685745223674,-102.02024723346052,-101.02412186732279,-100.02904463111521,-99.03597988614376,-98.04674042052133
-112.99548014568828,-108.01317030216569,-107.01332166209302,-106.01371873068551,-105.01434329268652,-104.01519999881384,-103.01683674336549,-102.02023017971594,-101.02410643595182,-100.02902735788332,-99.0359538808435,-98.04669020519599
-112.99553277876616,-108.01318231975533,-107.01333100489163,-106.01372415019877,-105.01434714482538,-104.01519985625016,-103.0168164370615,-102.02021342882233,-101.02409123204873,-100.02901026467782,-99.03592805364312,-98.04664027249244
-112.99558499921645,-108.01319410708078,-107.01334012836985,-106.01372937084564,-105.01435080061647,-104.01519955242941,-103.01679651825356,-102.0201969692609,-101.0240762468266,-100.02899334468881,-99.03590239885264,-98.04659061636345
-112.99563681584264,-108.01320567185144,-107.013349040256,-106.01373440035168,-105.01435426813845,-104.01519909541625,-103.0167769726453,-102.0201807901099,-101.02406147196496,-100.02897659147122,-99.03587691107717,-98.0465412310391
-112.99568823706879,-108.01321702139792,-107.01335774789347,-106.01373924604617,-105.01435755504633,-104.01519849281262,-103.01675778667536,-102.02016488099994,-101.02404689954574,-100.0289599988787,-99.03585158516285,-98.04649211097458
-112.99573927095776,-108.01322816269192,-107.0133662582618,-106.01374391488567,-105.01436066859937,-104.01519775179418,-103.01673894748343,-102.02014923211466,-101.02403252209842,-100.02894356113049,-99.0358264162647,-98.04644325092134
-112.99578992520989,-108.0132391023468,-107.01337457797806,-106.01374841345596,-105.01436361566432,-104.01519687911413,-103.01672044283322,-102.020133834105,-101.02401833249615,-100.02892727270418,-99.03580139974625,-98.04639464582863
-112.99584020721773,-108.01324984666962,-107.013382713348,-106.01375274802325,-105.01436640276688,-104.0151958811584,-103.01670226110478,-102.0201186781024,-101.02400432398973,-100.02891112837692,-99.03577653121724,-98.04634629087568
-112.99589012406283,-108.01326040166104,-107.01339067036744,-106.01375692453679,-105.01436903609756,-104.01519476395457,-103.0166843912366,-102.02010375566248,-101.023990490147,-100.02889512316287,-99.03575180647337,-98.04629818141657
-112.99593968253492,-108.013270773033,-107.01339845473942,-106.0137609486462,-105.0143715215284,-104.0151935331897,-103.01666682268866,-102.02008905874216,-101.02397682484944,-100.02887925233244,-99.03572722153673,-98.04625031302854
-112.99598888918145,-108.01328096626024,-107.01340607192675,-106.01376482575502,-105.0143738646695,-104.01519219427118,-103.01664954544773,-102.0200745797064,-101.02396332229291,-100.02886351139328,-99.03570277260992,-98.04620268145348
-112.99603775025734,-108.01329098652982,-107.0134135271014,-106.01376856097052,-105.01437607081921,-104.01519075227799,-103.01663254993139,-102.02006031124439,-101.02394997691516,-100.02884789604187,-99.03567845605659,-98.04615528259143
-112.99608627181118,-108.01330083882543,-107.01342082522832,-106.01377215918704,-105.01437814504756,-104.0151892120439,-103.01661582701969,-102.02004624640296,-101.02393678343391,-100.02883240219411,-99.03565426842002,-98.04610811251328
-112.99613445964813,-108.01331052789418,-107.01342797103405,-106.01377562505685,-105.01438009217019,-104.01518757813787,-103.01659936800185,-102.02003237854493,-101.02392373680719,-100.02881702595239,-99.03563020639561,-98.04606116743564
-112.99618231936357,-108.01332005827823,-107.01343496903755,-106.01377896301996,-105.01438191677701,-104.01518585488948,-103.01658316455394,-102.02001870133046,-101.02391083222504,-100.02880176360254,-99.03560626683198,-98.04601444372317
-112.99622985634497,-108.01332943431622,-107.01344182355115,-106.01378217730527,-105.01438362323506,-104.0151840463957,-103.01656720871087,-102.02000520868386,-101.02389806506736,-100.02878661156953,-99.03558244668889,-98.04596793784926
-112.99627707581283,-108.01333866018597,-107.01344853872479,-106.01378527197635,-105.01438521573529,-104.01518215656853,-103.01655149288318,-102.01999189483595,-101.02388543096673,-100.02877156648476,-99.03555874309495,-98.04592164644451
-112.9963239827845,-108.01334773986825,-107.01345511850943,-106.01378825089415,-105.01438669825518,-104.01518018909813,-103.01653600978312,-102.01997875423164,-101.02387292570255,-100.0287566250823,-99.03553515326277,-98.0458755662284
-112.99637058210003,-108.01335667717254,-107.01346156668296,-106.01379111774435,-105.01438807458855,-104.0151781474858,-103.01652075243368,-102.01996578156827,-101.0238605452647,-100.02874178427584,-99.0355116745605,-98.04582969406802
-112.99641687846675,-108.01336547578016,-107.01346788689285,-106.01379387607844,-105.01438934838427,-104.01517603508016,-103.01650571417032,-102.01995297177353,-101.02384828580615,-100.0287270410928,-99.03548830444181,-98.04578402691477
-112.99646287639708,-108.01337413918509,-107.01347408259818,-106.01379652925758,-105.01439052309358,-104.01517385502855,-103.01649088857093,-102.01994031995977,-101.02383614362407,-100.02871239267311,-99.03546504045278,-98.04573856181074
-112.99650858030262,-108.01338267078567,-107.01348015716067,-106.01379908054334,-105.01439160205975,-104.01517161036601,-103.01647626952044,-102.01992782148426,-101.0238241152098,-100.02869783631817,-99.03544188027799,-98.0456932959307
-112.99655399441805,-108.0133910738102,-107.01348611377072,-106.01380153302398,-105.01439258844532,-104.01516930394298,-103.01646185111379,-102.01991547185676,-101.02381219716356,-100.02868336940132,-99.03541882165565,-98.04564822650731
-112.99659912285799,-108.01339935137294,-107.01349195550354,-106.0138038896706,-105.01439348528869,-104.01516693848379,-103.01644762769484,-102.01990326678036,-101.02380038623521,-100.02866898941684,-99.0353958624251,-98.04560335086818
-112.9966439696135,-108.0134075064703,-107.013497685315,-106.01380615333336,-105.01439429550084,-104.01516451658291,-103.01643359383199,-102.01989120212922,-101.02378867930878,-100.02865469396598,-99.03537300051343,-98.04555866643052
-112.99668853856015,-108.01341554199077,-107.01350330605246,-106.01380832675255,-105.0143950218767,-104.0151620407176,-103.01641974431348,-102.01987927395125,-101.02377707340156,-100.0286404807531,-99.03535023393763,-98.04551417070147
-112.99673283342861,-108.01342346068387,-107.01350882042316,-106.01381041252726,-105.01439566706425,-104.01515951321642,-103.01640607409571,-102.01986747841187,-101.02376556561202,-100.02862634753558,-99.03532756074586,-98.04546986121638
-112.99677685790189,-108.01343126525727,-107.01351423109116,-106.0138124132115,-105.01439623366066,-104.01515693635679,-103.01639257838676,-102.01985581188377,-101.02375415321116,-100.0286122922229,-99.03530497912854,-98.04542573565331
-112.99682061549012,-108.01343895825414,-107.0135195405563,-106.01381433119538,-105.01439672409526,-104.01515431224945,-103.01637925251698,-102.019844270823,-101.02374283352312,-100.02859831274837,-99.03528248728047,-98.04538179169701
-112.99686410963012,-108.01344654214842,-107.01352475124703,-106.01381616879502,-105.01439714071665,-104.01515164292246,-103.01636609200389,-102.01983285182634,-101.02373160397678,-100.0285844071306,-99.03526008346951,-98.0453380271018
-112.99690734369335,-108.01345401935724,-107.01352986553542,-106.0138179282709,-105.0143974858151,-104.01514893034748,-103.01635309256868,-102.0198215516614,-101.02372046214796,-100.02857057351456,-99.03523776608117,-98.04529443974623
-112.99695032090155,-108.01346139215354,-107.01353488564824,-106.01381961173689,-105.01439776152966,-104.01514617634643,-103.01634025002923,-102.01981036715249,-101.02370940563709,-100.02855681004715,-99.0352155334849,-98.04525102748664
-112.99699304444479,-108.0134686627855,-107.01353981378693,-106.01382122128088,-105.0143979699687,-104.01514338271,-103.01632756040537,-102.0197992952909,-101.02369843218578,-100.02854311499706,-99.03519338416359,-98.04520778830067
-112.99703551738064,-108.01347583337552,-107.0135446520269,-106.0138227588648,-105.0143981131119,-104.01514055110304,-103.01631501981518,-102.01978833313582,-101.0236875395786,-100.0285294866575,-99.03517131660982,-98.0451647201698
-112.99707774273965,-108.01348290602543,-107.01354940242237,-106.01382422642868,-105.01439819291296,-104.01513768316543,-103.01630262456231,-102.01977747789319,-101.02367672571928,-100.02851592342154,-99.0351493294069,-98.04512182117291
-112.99711972342446,-108.01348988271491,-107.0135540669046,-106.01382562578898,-105.01439821119874,-104.0151347804125,-103.01629037103,-102.01976672682599,-101.02366598854607,-100.02850242370084,-99.03512742115016,-98.04507908939993
-112.99716146229329,-108.01349676538752,-107.0135586473692,-106.01382695872711,-105.01439816975838,-104.0151318443232,-103.01627825575527,-102.01975607731663,-101.02365532609828,-100.02848898599193,-99.03510559050396,-98.04503652301321
-112.99720296212122,-108.01350355590868,-107.01356314563263,-106.01382822694475,-105.01439807029826,-104.01512887629677,-103.01626627538072,-102.01974552682667,-101.02364473646685,-100.02847560882708,-99.03508383616153,-98.04499412019987
-112.99724422562728,-108.01351025609489,-107.01356756346227,-106.01382943209423,-105.01439791447227,-104.0151258776816,-103.01625442667292,-102.01973507291784,-101.02363421782947,-100.02846229081104,-99.03506215688066,-98.04495187922052
-112.99731351791588,-108.0135456941367,-107.01360338779955,-106.01386234992636,-105.01442638833663,-104.01515321567642,-103.01627667056783,-102.01966921115454,-101.02357969012077,-100.02841326611112,-99.03501007547487,-98.04488129356248
-112.99738127994306,-108.01357971781866,-107.01363778037573,-106.01389382803103,-105.01445340914755,-104.01517902149548,-103.01629728662974,-102.01960631013603,-101.0235274864077,-100.02836610831659,-99.03495959235309,-98.04481228489192
-112.99744761187952,-108.01361242854915,-107.01367084379072,-106.01392397087606,-105.01447908493284,-104.01520341096993,-103.01631640707949,-102.01954615088928,-101.02347743459083,-100.02832067946322,-99.03491059124201,-98.04474474455681
-112.99751260416654,-108.0136439178065,-107.01370267060017,-106.01395287268876,-105.01450351309444,-104.01522648850373,-103.01633415077457,-102.01948853606775,-101.02342937958963,-100.02827685524196,-99.03486296737512,-98.04467857460949
-112.99757633865613,-108.01367426830078,-107.01373334448985,-106.01398061865227,-105.0145267816494,-104.01524834840977,-103.01635062478786,-102.01943328725793,-101.02338318119423,-100.02823452325485,-99.03481662599934,-98.04461368640285
-112.99763888969908,-108.01370355508487,-107.01376294139891,-106.01400728605063,-105.01454897041762,-104.01526907618333,-103.01636592589722,-102.01938024284556,-101.02333871243091,-100.02819358174612,-99.0347714813527,-98.04454999966589
-112.99770032493255,-108.013731846359,-107.01379153033406,-106.01403294509927,-105.01457015188464,-104.01528874943384,-103.01638014169527,-102.0193292559648,-101.02329585789188,-100.02815393820613,-99.03472745543897,-98.04448744134088
-112.99776070607784,-108.01375920428801,-107.01381917419718,-106.01405765979015,-105.0145903920805,-104.01530743883103,-103.01639335169848,-102.01928019291813,-101.02325451254477,-100.0281155084639,-99.03468447729932,-98.0444259449242
-112.99782008955471,-108.0137856856265,-107.01384593041658,-106.0140814885344,-105.01460975124564,-104.01532520882031,-103.01640562819298,-102.01923293165673,-101.02321458050459,-100.02807821567828,-99.03464248214077,-98.04436544963946
-112.99787852709265,-108.0138113423438,-107.01387185157938,-106.014104484807,-105.01462828449988,-104.01534211834174,-103.01641703707423,-102.01918736057584,-101.02317597409585,-100.02804198958796,-99.03460141071413,-98.04430589987373
-112.9979360661925,-108.01383622209755,-107.01389698591159,-106.01412669763782,-105.01464604235379,-104.01535822138264,-103.01642763850252,-102.01914337739616,-101.02313861298218,-100.02800676581919,-99.03456120873041,-98.04424724462737
-112.99799275057164,-108.01386036868514,-107.0139213777332,-106.01414817207392,-105.01466307118693,-104.01537356748977,-103.01643748750156,-102.01910088818482,-101.02310242338176,-100.02797248525435,-99.03452182632886,-98.04418943702416
-112.99804862055038,-108.0138838224414,-107.01394506786201,-106.01416894959313,-105.01467941367855,-104.01538820223396,-103.0164466345039,-102.01905980654078,-101.02306733744282,-100.02793909353457,-99.03448321765475,-98.04413243391026
-112.99810371337915,-108.0139066205704,-107.01396809394768,-106.01418906844236,-105.01469510915703,-104.01540216758502,-103.01645512579039,-102.01902005281343,-101.02303329260407,-100.02790654053008,-99.03444534041465,-98.04407619545188
-112.9981580635434,-108.01392879745895,-107.01399049079056,-106.01420856396561,-105.01471019394288,-104.0154155022824,-103.01646300392584,-102.0189815534879,-101.02300023114712,-100.02787478000997,-99.03440815560255,-98.04402068487323
-112.99821170299825,-108.0139503849157,-107.01401229058257,-106.01422746884779,-105.01472470160037,-104.01542824210583,-103.01647030807773,-102.0189442405451,-101.02296809965706,-100.02784376918066,-99.03437162709982,-98.0439658680823
-112.99826466145504,-108.01397141246285,-107.0140335232021,-106.01424581341549,-105.01473866324889,-104.01544042020727,-103.01647707439714,-102.01890805101401,-101.0229368486953,-100.0278134684418,-99.03433572148504,-98.04391171350639
-112.99831696653514,-108.01399190749375,-107.01405421637396,-106.01426362580054,-105.01475210773489,-104.0154520672998,-103.01648333624772,-102.01887292645591,-101.02290643238597,-100.02778384104958,-99.03430040773908,-98.04385819180449
-112.99836864397967,-108.01401189548844,-107.01407439588758,-106.01428093216288,-105.01476506186172,-104.0154632119033,-103.0164891244897,-102.01883881258252,-101.02287680811516,-100.02775485287893,-99.03426565705156,-98.04380527569367
-112.99841971782041,-108.01403140018562,-107.01409408577,-106.01429775686556,-105.01477755057068,-104.01547388053702,-103.01649446770055,-102.01880565888182,-101.02284793623112,-100.02772647216926,-99.03423144259831,-98.0437529397415
-112.99847021050732,-108.01405044371614,-107.0141133084225,-106.01431412261644,-105.01478959709084,-104.01548409788512,-103.01649939237423,-102.018773418295,-101.02281977980697,-100.02769866935586,-99.0341977394102,-98.04370116024609
-112.99852014307253,-108.01406904676601,-107.0141320847832,-106.01433005063066,-105.01480122310359,-104.0154938869686,-103.01650392311407,-102.01874204692311,-101.0227923043883,-100.02767141684569,-99.03416452417333,-98.04364991504353
-112.99856953520403,-108.01408722865717,-107.01415043441153,-106.0143455607205,-105.01481244884042,-104.01550326925616,-103.01650808277103,-102.0187115037488,-101.02276547779127,-100.02764468886969,-99.03413177511001,-98.043599183403
-112.99861840537936,-108.0141050074802,-107.01416837562074,-106.0143606714282,-105.01482329321766,-104.01551226480514,-103.01651189260078,-102.0186817504011,-101.0227392699111,-100.02761846132942,-99.03409947185874,-98.04354894591923
-112.99866677099978,-108.01412240023036,-107.01418592561478,-106.01437540016481,-105.01483377398007,-104.01552089241416,-103.01651537243626,-102.01865275098166,-101.02271365258521,-100.02759271167712,-99.03406759535218,-98.04349918438642
-112.99871464839308,-108.01413942281523,-107.01420310049855,-106.01438976322343,-105.01484390771779,-104.01552916964775,-103.0165185407291,-102.01862447179765,-101.02268859938575,-100.02756741875807,-99.03403612770227,-98.04344988170284
-112.99876205298035,-108.01415609021954,-107.01421991544206,-106.01440377594379,-105.01485371003392,-104.01553711301014,-103.01652141473821,-102.01859688126204,-101.02266408553695,-100.02754256273971,-99.03400505213149,-98.04340102179903
-112.99880899926742,-108.01417241650175,-107.01423638467921,-106.01441745271352,-105.01486319554839,-104.01554473795433,-103.01652401054945,-102.01856994965665,-101.02264008773517,-100.0275181249744,-99.03397435286585,-98.04335258954849
-112.99885550098625,-108.0141884149329,-107.01425252164628,-106.01443080710692,-105.01487237803937,-104.01555205902997,-103.01652634323911,-102.01854364906404,-101.02261658408442,-100.02749408793159,-99.03394401506407,-98.04330457068923
-112.99890157109678,-108.01420409800367,-107.01426833899058,-106.01444385189578,-105.01488127045711,-104.01555908990183,-103.01652842690022,-102.01851795318117,-101.02259355396693,-100.02747043511783,-99.03391402476495,-98.04325695178362
-112.9989472218906,-108.01421947752485,-107.01428384867046,-106.01445659914926,-105.01488988502427,-104.01556584345316,-103.01653027475474,-102.01849283723439,-101.02257097796073,-100.02744715099126,-99.03388436880891,-98.04320972014496
-112.99899246497738,-108.01423456461904,-107.01429906194913,-106.01446906023021,-105.0148982332362,-104.01557233179227,-103.01653189917252,-102.01846827782863,-101.02254883772507,-100.02742422087393,-99.0338550347542,-98.04316286374834
-112.99903731138748,-108.01424936982215,-107.01431398949566,-106.01448124589636,-105.01490632596301,-104.01557856635712,-103.01653331178089,-102.01844425289225,-101.02252711596446,-100.02740163093218,-99.03382601088609,-98.04311637126283
-112.99908177159767,-108.01426390310897,-107.014328641411,-106.01449316632666,-105.0149141734768,-104.01558455794505,-103.01653452350044,-102.01842074156346,-101.02250579632893,-100.02737936808063,-99.0337972861019,-98.04307023191467
-112.9991258555454,-108.01427817391,-107.01434302724567,-106.01450483114075,-105.01492178547424,-104.0155903167409,-103.01653554458328,-102.01839772409932,-101.02248486334936,-100.02735741995012,-99.03376884991768,-98.04302443551781
-112.99916957270938,-108.01429219119223,-107.01435715608093,-106.01451624947988,-105.01492917115706,-104.01559585239747,-103.0165363846954,-102.0183751818297,-101.02246430240243,-100.02733577484489,-99.0337406924127,-98.0429789724136
-112.99921293207302,-108.01430596342311,-107.01437103649302,-106.01452742997272,-105.01493633920047,-104.01560117400851,-103.01653705289688,-102.01835309702608,-101.02244409959577,-100.02731442164742,-99.033712804144,-98.04293383338513
-112.99925594223437,-108.01431949868034,-107.01438467666301,-106.01453838084497,-105.01494329786337,-104.01560629022083,-103.0165375577591,-102.01833145291471,-101.02242424179433,-100.02729334985558,-99.03368517619876,-98.04288900971704
-112.99929861138067,-108.01433280462844,-107.01439808435435,-106.01454910989796,-105.01495005496776,-104.01561120921522,-103.01653790734727,-102.01831023356063,-101.02240471651939,-100.02727254948948,-99.03365780009474,-98.04284449309289
-112.9993409473249,-108.01434588855494,-107.01441126694893,-106.01455962454521,-105.01495661793705,-104.01561593874811,-103.01653810927024,-102.0182894238337,-101.02238551192484,-100.02725201108024,-99.03363066779164,-98.04280027561532
-112.99938295752405,-108.01435875738824,-107.01442423146496,-106.01456993183018,-105.0149629938134,-104.01562048616917,-103.01653817069784,-102.01826900934167,-101.02236661674345,-100.02723172561366,-99.03360377161736,-98.04275634972731
-112.99942464912941,-108.01437141775025,-107.01443698461051,-106.01458003848093,-105.0149691893142,-104.0156248584804,-103.0165380984247,-102.01824897641646,-101.02234802027745,-100.02721168454057,-99.03357710430355,-98.0427127082541
-112.9994660289528,-108.01438387592167,-107.0144495327486,-106.01458995087557,-105.01497521079877,-104.01562906230497,-103.0165378988425,-102.01822931202081,-101.02232971231935,-100.02719187969785,-99.0335506589031,-98.04266934432329
-112.9995071035512,-108.0143961379273,-107.0144618819829,-106.01459967512784,-105.01498106435288,-104.01563310397177,-103.01653757802593,-102.01821000376805,-101.02231168317917,-100.02717230333815,-99.03352442881383,-98.04262625138114
-112.99954787918165,-108.01440820949134,-107.01447403811318,-106.0146092170434,-105.01498675574739,-104.01563698947699,-103.01653714169868,-102.01819103982976,-101.02229392360516,-100.02715294807244,-99.03349840774611,-98.04258342317323
-112.99958836185446,-108.01442009609046,-107.01448600668834,-106.0146185821725,-105.01499229049034,-104.01564072453586,-103.0165365952846,-102.0181724089298,-101.0222764247728,-100.02713380683976,-99.0334725896771,-98.04254085369479
-112.99962855734165,-108.01443180296258,-107.01449779301556,-106.01462777582,-105.01499767383783,-104.01564431459546,-103.01653594392484,-102.01815410031082,-101.02225917827019,-100.0271148729222,-99.0334469688782,-98.04249853721505
-112.99966847118675,-108.01444333511886,-107.01450940217316,-106.01463680305898,-105.01500291080934,-104.01564776485225,-103.01653519249632,-102.01813610370512,-101.02224217606656,-100.02709613989931,-99.0334215398709,-98.04245646824295
-112.99970810869719,-108.01445469733271,-107.01452083899814,-106.01464566871694,-105.01500800617201,-104.01565108023479,-103.01653434559613,-102.01811840927654,-101.02222541046876,-100.02707760162079,-99.03339629739811,-98.04241464149055
-112.99974747502004,-108.01446589421823,-107.01453210816611,-106.01465437745739,-105.01501296452469,-104.01565426549061,-103.01653340762941,-102.01810100766437,-101.02220887416597,-100.02705925225018,-99.03337123647735,-98.04237305193526
-112.99978657506355,-108.01447693015216,-107.01454321411317,-106.01466293370153,-105.01501779021922,-104.01565732510805,-103.0165323827334,-102.01808388987023,-101.0221925601175,-100.02704108615767,-99.03334635229322,-98.04233169470581
-112.99982541358072,-108.01448780935613,-107.01455416111777,-106.01467134171014,-105.01502248744268,-104.0156602633992,-103.01653127486205,-102.0180670473087,-101.02217646161836,-100.02702309798687,-99.03332164026229,-98.04229056515489
-112.99986399513197,-108.01449853585957,-107.01456495326387,-106.01467960554675,-105.01502706018094,-104.01566308446371,-103.01653008774954,-102.01805047173512,-101.02216057222469,-100.02700528259021,-99.03329709597882,-98.04224965880063
-112.99990232414318,-108.01450911356078,-107.01457559450304,-106.01468772914095,-105.01503151228287,-104.01566579225471,-103.01652882497858,-102.01803415528272,-101.02214488579237,-100.0269876350599,-99.03327271523804,-98.04220897135328
-112.99994040483975,-108.0145195461567,-107.01458608858285,-106.01469571621546,-105.0150358473866,-104.01566839050444,-103.01652748990553,-102.01801809036081,-101.02212939638886,-100.02697015065299,-99.03324849397023,-98.04216849864702
-112.99997824135727,-108.01452983725687,-107.01459643916189,-106.0147035704024,-105.01504006903697,-104.01567088284342,-103.01652608578182,-102.01800226974639,-101.02211409837699,-100.02695282487032,-99.03322442831661,-98.04212823671692
-113.0000158376477,-108.01453999028855,-107.01460664971472,-106.01471129514782,-105.0150441805899,-104.01567327270469,-103.01652461565855,-102.01798668646657,-101.02209898631136,-100.02693565336175,-99.0332005145455,-98.042088181724
-113.00005319753816,-108.0145500085559,-107.01461672359122,-106.0147188937714,-105.01504818527226,-104.01567556338439,-103.01652308244788,-102.01797133383326,-101.02208405496984,-100.02691863195442,-99.03317674906705,-98.04204832995683
-113.00009032472582,-108.01455989523495,-107.01462666401154,-106.0147263694616,-105.01505208617789,-104.01567775803858,-103.0165214889195,-102.01795620541789,-101.02206929933298,-100.02690175663967,-99.03315312843482,-98.04200867784188
-113.00012722280741,-108.01456965340348,-107.01463647409629,-106.01473372530606,-105.01505588629765,-104.01567985971332,-103.0165198377329,-102.01794129506446,-101.02205471459948,-100.02688502358363,-99.03312964935087,-98.04196922195081
-113.00016389524376,-108.01457928600426,-107.0146461568291,-106.0147409642533,-105.0150595884806,-104.01568187130611,-103.01651813139799,-102.01792659682806,-101.02204029612875,-100.02686842907762,-99.03310630861469,-98.04192995893978
-113.00020034539868,-108.01458879588621,-107.01465571509895,-106.01474808915677,-105.01506319548015,-104.01568379561336,-103.01651637232412,-102.01791210500821,-101.02202603947543,-100.02685196957403,-99.03308310317409,-98.04189088561597
-113.00023657652164,-108.01459818578577,-107.01466515168096,-106.01475510275455,-105.0150667099324,-104.01568563530847,-103.01651456279853,-102.01789781410811,-101.02201194035271,-100.0268356416521,-99.0330600300793,-98.04185199887908
-113.00027259175803,-108.01460745833676,-107.01467446924603,-106.01476200767918,-105.01507013436606,-104.01568739295149,-103.01651270499485,-102.01788371882671,-101.02199799462305,-100.02681944200198,-99.03303708646538,-98.04181329570734
-113.0003083941853,-108.01461661610797,-107.01468367039918,-106.01476880649649,-105.0150734712424,-104.01568907103024,-103.0165108010157,-102.01786981408603,-101.02198419832986,-100.02680336746823,-99.03301426960881,-98.04177477321885
-113.00034398676463,-108.01462566155405,-107.01469275763009,-106.01477550165627,-105.01507672290569,-104.01569067191186,-103.01650885284681,-102.0178560949747,-101.0219705476461,-100.02678741499267,-99.03299157686277,-98.04173642860297
-113.00037937236145,-108.01463459703608,-107.01470173333375,-106.01478209551242,-105.01507989160272,-104.01569219785998,-103.01650686236934,-102.01784255673967,-101.02195703886328,-100.02677158161559,-99.0329690056652,-98.04169825912977
-113.00041455379456,-108.01464342487122,-107.0147105998604,-106.01478859037337,-105.01508297953465,-104.01569365108992,-103.0165048314203,-102.01782919483927,-101.02194366844427,-100.02675586451059,-99.03294655356315,-98.04166026217344
-113.00044953376585,-108.01465214726178,-107.01471935944411,-106.01479498843094,-105.01508598878502,-104.01569503369488,-103.0165027617162,-102.01781600485363,-101.02193043294405,-100.02674026092663,-99.03292421817048,-98.04162243517368
-113.00048431492407,-108.0146607663593,-107.01472801426736,-106.01480129182407,-105.0150889213835,-104.01569634771029,-103.01650065491829,-102.01780298253749,-101.02191732905658,-100.0267247682266,-99.03290199720232,-98.04158477566988
-113.00051889983975,-108.01466928423973,-107.01473656643614,-106.0148075026151,-105.01509177928297,-104.01569759509162,-103.0164985126108,-102.01779012378843,-101.02190435358867,-100.02670938386045,-99.03287988843458,-98.04154728125282
-113.00055329100594,-108.01467770290458,-107.01474501798134,-106.01481362279083,-105.01509456436062,-104.01569877771641,-103.01649633630439,-102.01777742464161,-101.02189150345275,-100.02669410536295,-99.03285788972578,-98.04150994959825
-113.0005934696612,-108.01471857670008,-107.01478610903689,-106.01485506444314,-105.01513303236655,-104.01573263738926,-103.01652867279968,-102.01780333804713,-101.0218102595943,-100.02662225836958,-99.03278681120185,-98.04142633896288
-113.00063213733844,-108.01475791337492,-107.0148256484436,-106.0148949329363,-105.01516991362638,-104.01576488874612,-103.01655931017388,-102.01782745081967,-101.02173284562481,-100.02655355486789,-99.0327184575916,-98.04134534914586
-113.0006694027865,-108.01479582355982,-107.01486374790235,-106.01493334155158,-105.0152053238309,-104.01579565188258,-103.01658837775722,-102.01784991124437,-101.02165897540388,-100.0264877604454,-99.03265262720143,-98.04126679025876
-113.00070536401554,-108.014832406961,-107.0149005080838,-106.01497039238431,-105.01523936723034,-104.01582503497701,-103.01661599200264,-102.01787085245238,-101.02158839126537,-100.02642466404853,-99.03258913845538,-98.04119049133531
-113.00074010963317,-108.01486775371882,-107.01493602000033,-106.01500617773495,-105.01527213805696,-104.01585313577147,-103.01664225808321,-102.017890394308,-101.0215208605374,-100.02636407509611,-99.03252782737908,-98.04111629794787
-113.00077371991664,-108.01490194550018,-107.0149703661096,-106.01504078122915,-105.01530372167267,-104.01588004277099,-103.01666727119284,-102.01790864496093,-101.02145617252685,-100.02630582101058,-99.03246854548807,-98.04104407023608
-113.00080626783992,-108.01493505654112,-107.01500362136599,-106.01507427888268,-105.01533419565583,-104.01590583637244,-103.01669111776289,-102.01792570228226,-101.0213941360275,-100.026249745186,-99.03241115803517,-98.04097368124812
-113.00083781982214,-108.01496715441009,-107.01503585399239,-106.01510673988528,-105.01536363060488,-104.01593058970508,-103.01671387637546,-102.01794165495873,-101.02133457701403,-100.02619570508472,-99.03235554237179,-98.04090501540591
-113.0008684365356,-108.01499830082886,-107.01506712630835,-106.01513822743985,-105.01539209099612,-104.01595436952282,-103.01673561872369,-102.0179565836184,-101.02127733683557,-100.02614357077489,-99.03230158670232,-98.04083796734146
-113.00089817345793,-108.01502855223522,-107.01509749529853,-106.01516879933918,-105.01541963577358,-104.01597723681982,-103.01675641028258,-102.01797056163811,-101.02122227045909,-100.02609322347057,-99.0322491888065,-98.04077244067824
-113.00092708146404,-108.01505796038391,-107.0151270132192,-106.01519850858068,-105.0154463189778,-104.01599924748493,-103.01677631101163,-102.01798365596545,-101.02116924507048,-100.02604455440503,-99.03219825509157,-98.04070834715692
-113.00095520728364,-108.01508657281379,-107.0151557280704,-106.015227403846,-105.01547219023686,-104.01602045281454,-103.01679537591333,-102.01799592778474,-101.0211181387873,-100.02599746375742,-99.03214869964977,-98.04064560573921
-113.00098259393805,-108.01511443328974,-107.01518368404102,-106.01525552995095,-105.01549729522546,-104.01604089998922,-103.01681365554516,-102.0180074331183,-101.02106883955354,-100.0259518597674,-99.03210044352036,-98.04058414192514
-113.00100928109636,-108.0151415821676,-107.01521092187855,-106.01528292822178,-105.015521676051,-104.01606063247777,-103.01683119645928,-102.0180182233489,-101.0210212441584,-100.0259076579133,-99.03205341395446,-98.04052388704598
-113.00103530540578,-108.01516805672841,-107.01523747922565,-106.01530963683598,-105.01554537160149,-104.0160796903986,-103.01684804159059,-102.018028345674,-101.02097525736134,-100.02586478020703,-99.03200754383349,-98.04046477773272
-113.00106070076941,-108.01519389146172,-107.01526339090665,-106.01533569111285,-105.01556841784328,-104.01609811083114,-103.01686423059647,-102.01803784351075,-101.02093079112637,-100.02582315455275,-99.0319627710966,-98.04040675536915
-113.00108549862281,-108.01521911834762,-107.01528868921233,-106.01536112380235,-105.01559084811595,-104.01611592812168,-103.01687980018528,-102.01804675688038,-101.02088776397342,-100.0257827142422,-99.03191903833228,-98.04034976571411
-113.0011097281618,-108.01524376708613,-107.01531340413065,-106.01538596531857,-105.01561269337073,-104.01613317413165,-103.01689478438249,-102.01805512271517,-101.02084610034701,-100.02574339740484,-99.0318762922752,-98.0402937584217
-113.00113341650325,-108.015267865264,-107.01533756351668,-106.01541024391321,-105.0156339823495,-104.0161498784268,-103.01690921474201,-102.01806297512051,-101.0208057300697,-100.02570514657923,-99.03183448345614,-98.04023868671486
-113.00115658892219,-108.01529143859327,-107.01536119333217,-106.01543398591734,-105.0156547418306,-104.01616606853025,-103.01692312061301,-102.01807034567523,-101.02076658790196,-100.02566790835037,-99.03179356589074,-98.04018450709881
-113.001179268975,-108.01531451103774,-107.01538431777362,-106.01545721587189,-105.01567499676264,-104.01618177006303,-103.01693652929501,-102.01807726361997,-101.02072861307585,-100.02563163296662,-99.031753496741,-98.04013117903308
-113.00120147867378,-108.01533710499082,-107.01540695945233,-106.01547995671024,-105.01569477045182,-104.01619700693942,-103.01694946624765,-102.0180837560982,-101.02069174894466,-100.02559627405306,-99.03171423607596,-98.0400786647122
-113.00122323858984,-108.01535924137903,-107.01542913949797,-106.01550222986275,-105.01571408466768,-104.01621180147693,-103.01696195521106,-102.01808984830255,-101.02065594260336,-100.02556178829359,-99.0316757465927,-98.04002692880418
-113.00124456796647,-108.01538093977943,-107.0154508776783,-106.01552405537933,-105.01573295977049,-104.01622617452989,-103.01697401835021,-102.01809556364178,-101.0206211445787,-100.02552813518356,-99.03163799340497,-98.0399759382466
-113.00126548488477,-108.01540221858494,-107.01547219256457,-106.0155454520952,-105.01575141487761,-104.01624014565964,-103.0169856764344,-102.01810092394236,-101.02058730860354,-100.02549527685156,-99.03160094389793,-98.03992566211858
-113.00128600627765,-108.01542309502227,-107.01549310155147,-106.01556643765348,-105.01576946789005,-104.01625373316655,-103.01699694887945,-102.01810594951066,-101.02055439129145,-100.02546317777933,-99.03156456747435,-98.03987607139256
-113.00130614806457,-108.01544358528588,-107.01551362099079,-106.0155870286389,-105.01578713562716,-104.01626695422765,-103.01700785389089,-102.0181106592909,-101.02052235194375,-100.0254318046487,-99.0315288354314,-98.03982713882765
-113.00132592522137,-108.01546370461097,-107.01553376626606,-106.0156072406545,-105.0158044339053,-104.01627982497882,-103.0170184085544,-102.0181150709721,-101.02049115234051,-100.02540112617535,-99.03149372081336,-98.03977883882122
-113.00134535186459,-108.01548346735821,-107.0155535518776,-106.0156270884073,-105.01582137762603,-104.0162923606067,-103.01702862893322,-102.01811920109779,-101.02046075656052,-100.02537111295672,-99.03145919828651,-98.0397311473013
-113.00136444128673,-108.01550288704988,-107.01557299147909,-106.01564658574563,-105.0158379808134,-104.01630457538786,-103.01703853011409,-102.01812306512608,-101.02043113078108,-100.02534173730363,-99.03142524398554,-98.0396840415755
-113.00138320602338,-108.01552197643888,-107.01559209794783,-106.01566574573071,-105.01585425668857,-104.01631648276704,-103.01704812629016,-102.01812667752279,-101.02040224313515,-100.02531297313637,-99.03139183543588,-98.03963750026159
-113.00140165794139,-108.01554074759666,-107.01561088347233,-106.0156845807246,-105.01587021775775,-104.01632809544648,-103.01705743085476,-102.01813005186403,-101.0203740635916,-100.02528479587168,-99.03135895144224,-98.03959150317874
-113.00141980823527,-108.01555921191216,-107.0156293595527,-106.01570310239184,-105.01588587581637,-104.01633942539381,-103.01706645641481,-102.01813320086076,-101.02034656378727,-100.0252571822943,-99.03132657198988,-98.03954603125898
-113.00143766751599,-108.01557738017969,-107.01564753708817,-106.01572132178713,-105.01590124203638,-104.01635048392939,-103.0170752148807,-102.01813613645464,-101.02031971693812,-100.02523011048359,-99.03129467817902,-98.03950106648627
-113.00145524582884,-108.01559526261838,-107.01566542639722,-106.01573924937598,-105.01591632698867,-104.01636128175195,-103.01708371749719,-102.01813886985839,-101.02029349771571,-100.02520355971103,-99.0312632521347,-98.03945659180647
-113.0014725527053,-108.015612868924,-107.01568303726978,-106.01575689508793,-105.01593114069686,-104.01637182899273,-103.01709197489814,-102.01814141161384,-101.02026788215102,-100.02517751035879,-99.03123227693223,-98.03941259105905
-113.00148959717544,-108.01563020828345,-107.01570037898234,-106.01577426833204,-105.01594569265426,-104.016382135236,-103.0170999971345,-102.01814377163066,-101.02024284753684,-100.02515194384179,-99.03120173654005,-98.03936904892828
-113.00150638781858,-108.01564728942475,-107.01571746034797,-106.01579137804727,-105.01595999187425,-104.01639220956862,-103.01710779372155,-102.01814595923348,-101.02021837234277,-100.02512684253527,-99.03117161574636,-98.03932595086589
-113.00152293280819,-108.01566412066236,-107.0157342897617,-106.01580823274804,-105.01597404693662,-104.01640206062882,-103.01711537369445,-102.01814798322754,-101.02019443616857,-100.02510218975094,-99.03114190015454,-98.03928328309472
-113.0015392399001,-108.01568070988587,-107.01575087518971,-106.0158248405142,-105.01598786597849,-104.01641169659791,-103.0171227455997,-102.01814985189081,-101.0201710196235,-100.02507796961832,-99.03111257606318,-98.03924103249132
-113.00155531647131,-108.01569706460123,-107.01576722421144,-106.01584120903372,-105.01600145673773,-104.01642112524588,-103.01712991754505,-102.01815157302973,-101.02014810428095,-100.02505416705071,-99.03108363044485,-98.03919918656769
-113.00157116957517,-108.01571319198236,-107.01578334406994,-106.01585734565226,-105.0160148266021,-104.0164303539789,-103.01713689724593,-102.01815315402888,-101.02012567264246,-100.0250307677368,-99.0310550509456,-98.03915773346989
-113.00158680591551,-108.01572909884979,-107.01579924165229,-106.01587325735551,-105.01602798259346,-104.01643938982765,-103.01714369201959,-102.01815460184909,-101.02010370804241,-100.02500775802953,-99.03102682577249,-98.03911666187254
-113.00160223189303,-108.01574479171504,-107.01581492353321,-106.01588895081176,-105.01604093140975,-104.01644823948781,-103.01715030882373,-102.01815592306758,-101.02008219461602,-100.02498512495414,-99.0309989437234,-98.03907596100925
-113.00161745363144,-108.0157602768074,-107.01583039600241,-106.01590443240015,-105.01605367945412,-104.01645690935099,-103.01715675429111,-102.01815712391647,-101.02006111725966,-100.02496285614788,-99.03097139411314,-98.0390356205985
-113.00163247695372,-108.01577556005077,-107.01584566504135,-106.0159197081876,-105.01606623281216,-104.0164654054824,-103.01716303470812,-102.01815821026358,-101.02004046154592,-100.02494093979833,-99.03094416672727,-98.03899563080176
-113.00164730745409,-108.01579064713634,-107.01586073639642,-106.0159347840022,-105.01607859732582,-104.01647373369573,-103.01716915609077,-102.01815918769032,-101.02002021374034,-100.0249193646711,-99.0309172518565,-98.03895598225809
-113.00166195047287,-108.01580554349664,-107.01587561555284,-106.01594966540719,-105.0160907785673,-104.01648189952718,-103.01717512416062,-102.01816006147145,-101.02000036072234,-100.0248981200288,-99.03089064021835,-98.0389166660132
-113.00167641112293,-108.01582025433325,-107.01589030776262,-106.0159643577294,-105.01610278186833,-104.01648990826558,-103.01718094437504,-102.0181608366037,-101.01998088995663,-100.02487719561456,-99.03086432293969,-98.0388776734925
-113.00169069430174,-108.01583478462746,-107.01590481805499,-106.01597886606913,-105.01611461232955,-104.01649776496197,-103.01718662193863,-102.01816151782225,-101.01996178946231,-100.02485658161942,-99.0308382915291,-98.03883899648241
-113.00170480469231,-108.01584913914479,-107.01591915124213,-106.01599319530756,-105.01612627482976,-104.01650547444066,-103.01719216181576,-102.01816210961336,-101.01994304777848,-100.02483626866609,-99.0308125378754,-98.03880062713296
-113.00171874680784,-108.01586332247514,-107.01593331195795,-106.01600735014391,-105.0161377740612,-104.01651304133271,-103.0171975687632,-102.01816261624803,-101.0199246539532,-100.02481624779293,-99.03078705421906,-98.03876255792197
-113.00173252496307,-108.01587733900881,-107.01594730463543,-106.01602133507443,-105.01614911451071,-104.01652047005955,-103.01720284731667,-102.01816304177093,-101.01990659749248,-100.02479651041293,-99.03076183312658,-98.03872478163966
-113.00174614330147,-108.01589119296047,-107.01596113352971,-106.0160351544142,-105.01616030048015,-104.0165277648521,-103.01720800180895,-102.01816339001847,-101.01988886833732,-100.02477704828793,-99.03073686745556,-98.03868729134163
-113.00175960580779,-108.01590488838396,-107.01597480273401,-106.01604881231479,-105.01617133610586,-104.01653492977297,-103.0172130363953,-102.01816366464736,-101.01987145686395,-100.02475785354804,-99.03071215039274,-98.03865008040535
-113.0017729162997,-108.01591842916339,-107.01598831616995,-106.01606231275336,-105.01618222534665,-104.0165419687019,-103.0172179550358,-102.01816386911418,-101.01985435382238,-100.0247389186195,-99.03068767536969,-98.03861314243336
-113.00178607847312,-108.01593181905793,-107.01600167763267,-106.01607565957848,-105.01619297203018,-104.01654888538435,-103.01722276154848,-102.01816400673317,-101.01983755036598,-100.02472023626265,-99.03066343610868,-98.0385764713026
-113.00179909586211,-108.0159450616629,-107.01601489075222,-106.01608885647165,-105.01620357981491,-104.01655568339325,-103.01722745956951,-102.01816408063564,-101.01982103798454,-100.02470179951331,-99.03063942657181,-98.03854006112213
-113.00181197187906,-108.0159581604499,-107.01602795903358,-106.01610190698726,-105.0162140522301,-104.01656236616927,-103.01723205259412,-102.01816409381068,-101.01980480851321,-100.02468360168973,-99.03061564096355,-98.0385039062269
-113.00182470979303,-108.01597111874484,-107.01604088583491,-106.01611481453125,-105.01622439265466,-104.01656893700014,-103.01723654395765,-102.01816404908901,-101.01978885409463,-100.02466563635679,-99.03059207369057,-98.03846800113786
-113.00183731277639,-108.0159839397747,-107.01605367441394,-106.0161275824069,-105.0162346043626,-104.01657539906556,-103.01724093687932,-102.01816394918495,-101.01977316719417,-100.02464789734964,-99.03056871940487,-98.03843234061685
-113.00184978388046,-108.01599662664387,-107.016066327905,-106.01614021379294,-105.01624469050212,-104.01658175541773,-103.01724523444504,-102.01816379668227,-101.01975774056545,-100.02463037873895,-99.03054557295839,-98.03839691961241
-113.00186212603761,-108.0160091823344,-107.01607884931833,-106.01615271174153,-105.01625465409244,-104.01658800897681,-103.01724943960085,-102.0181635940249,-101.01974256721766,-100.02461307479717,-99.03052262936652,-98.03836173322146
-113.00187434208941,-108.01602160973835,-107.0160912415742,-106.01616507921452,-105.01626449806211,-104.01659416257164,-103.01725355519706,-102.01816334356477,-101.01972764044616,-100.02459598003792,-99.03049988386331,-98.0383267767574
-113.00188643476804,-108.01603391163471,-107.01610350747802,-106.01617731905652,-105.01627422522026,-104.0166002189088,-103.01725758395553,-102.0181630475285,-101.01971295377935,-100.0245790891648,-99.03047733184589,-98.03829204568342
-113.00189840672286,-108.01604609071835,-107.01611564975025,-106.01618943402597,-105.01628383828852,-104.0166061806061,-103.01726152850374,-102.01816270804908,-101.0196985009905,-100.02456239707857,-99.03045496887385,-98.03825753561647
-113.00191026050584,-108.01605814958553,-107.01612767101196,-106.01620142678082,-105.01629333988721,-104.01661205017862,-103.01726539136217,-102.0181623271588,-101.01968427607939,-100.0245458988665,-99.03043279067086,-98.03822324232826
-113.00192199858476,-108.01607009074709,-107.0161395737981,-106.01621329989143,-105.0163027325477,-104.01661783005129,-103.01726917495634,-102.01816190679618,-101.01967027325813,-100.0245295897905,-99.03041079311161,-98.03818916173677
-113.0019336233381,-108.01608191662243,-107.016151360551,-106.01622505583441,-105.01631201870667,-104.01662352255299,-103.01727288161138,-102.0181614488046,-101.01965648693849,-100.02451346527158,-99.03038897220505,-98.03815528988352
-113.00194513709869,-108.01609362958412,-107.01616303366552,-106.01623669703751,-105.0163212007508,-104.01662912996159,-103.01727651359744,-102.01816095497618,-101.01964291176165,-100.02449752092986,-99.03036732413995,-98.03812162298676
-113.00195654206212,-108.01610523186743,-107.01617459539891,-106.01624822579043,-105.01633028092847,-104.01663465441632,-103.01728007304273,-102.01816042696575,-101.01962954249733,-100.02448175247336,-99.03034584516804,-98.03808815731867
-113.00196784042437,-108.0161167257045,-107.01618604800359,-106.01625964437582,-105.01633926147893,-104.01664009804513,-103.01728356205935,-102.01815986641469,-101.01961637415522,-100.02446615581634,-99.03032453172207,-98.03805488932254
-113.0020075650197,-108.016157137584,-107.01622677052998,-106.0163006475486,-105.0163806780035,-104.01667856247101,-103.0173172961757,-102.01819162803629,-101.01964000871449,-100.02435940433865,-99.03022295222114,-98.03794534277066
-113.00204576426015,-108.01619599771855,-107.01626592938321,-106.01634006901469,-105.0164204870965,-104.01671540083241,-103.01734937696503,-102.0182216405664,-101.01966180697748,-100.0242577942214,-99.03012588660323,-98.03784011529464
-113.00208254996836,-108.01623341986414,-107.01630363919323,-106.01637802475065,-105.01645880665745,-104.0167507338864,-103.01737993022358,-102.01825004000135,-101.0196819251351,-100.0241609341182,-99.03003299260037,-98.03773888236935
-113.00211802276567,-108.01626950638364,-107.01634000311012,-106.01641461911935,-105.01649574278058,-104.0167846702817,-103.01740906908951,-102.01827694859753,-101.01970050312434,-100.02406847230299,-99.02994396259544,-98.03764135230304
-113.00215227343688,-108.01630434963263,-107.01637511419939,-106.01644994628047,-105.0165313911883,-104.01681730802972,-103.01743689558332,-102.0183024765466,-101.01971766663407,-100.02398009173243,-99.02985851932179,-98.03754726217669
-113.0021853841385,-108.0163380331895,-107.01640905668212,-106.01648409144599,-105.01656583850715,-104.0168487358126,-103.01746350197305,-102.01832672345405,-101.01973352886331,-100.02389550584253,-99.02977641215448,-98.03745637431363
-113.0022174293975,-108.01637063287018,-107.01644190695681,-106.01651713191286,-105.01659916331741,-104.01687903405993,-103.0174889719024,-102.01834977956804,-101.0197481919942,-100.02381445494532,-99.0296974139737,-98.03736847331162
-113.00224847700301,-108.01640221763654,-107.01647373451546,-106.01654913799095,-105.0166314370968,-104.0169082759175,-103.01751338140254,-102.01837172687637,-101.01976174849636,-100.02373670314239,-99.02962131846883,-98.03728336349145
-113.00227858873566,-108.01643285033819,-107.01650460269083,-106.01658017375864,-105.01666272498855,-104.01693652803458,-103.01753679971709,-102.0183926400053,-101.0197742822045,-100.02366203561607,-99.02954793776252,-98.0372008666414
-113.00230782105267,-108.01646258840977,-107.01653456935931,-106.01661029777411,-105.01669308652458,-104.0169638513067,-103.01755929007771,-102.0184125870594,-101.01978586931179,-100.02359025632798,-99.02947710039828,-98.03712082011202
-113.00233622565158,-108.01649148444247,-107.01656368751604,-106.01663956365651,-105.01672257621522,-104.01699030147891,-103.01758091033506,-102.01843163030743,-101.01979657918939,-100.02352118598728,-99.0294086495692,-98.03704307513655
-113.00236384997619,-108.01651958670126,-107.01659200579714,-106.0166680206151,-105.01675124408847,-104.01701592970015,-103.01760171353769,-102.01844982680946,-101.01980647512791,-100.0234546602853,-99.02934244156604,-98.0369674953619
-113.00239073763122,-108.01654693954536,-107.0166195689029,-106.01669571387727,-105.0167791361245,-104.01704078296935,-103.01762174840145,-102.01846722893218,-101.01981561495964,-100.02339052834459,-99.02927834442745,-98.03689395556701
-113.00241692879894,-108.016573583852,-107.01664641802456,-106.01672268511965,-105.01680629469335,-104.01706490458254,-103.01764105977303,-102.01848388484456,-101.01982405163407,-100.02332865136603,-99.02921623675581,-98.03682234054435
-113.0024424605529,-108.01659955733646,-107.01667259116756,-106.01674897279617,-105.01683275888949,-104.01708833447815,-103.0176596889941,-102.01849983891896,-101.01983183370162,-100.0232689014236,-99.02915600665631,-98.0367525440883
-113.00246736718314,-108.0166248948813,-107.01669812348227,-106.0167746124717,-105.01685856486998,-104.01711110958249,-103.0176776742609,-102.0185151321189,-101.0198390057687,-100.02321116043274,-99.0290975508467,-98.03668446815978
-113.00249168040214,-108.01664962874884,-107.01672304747949,-106.0167996370411,-105.01688374607829,-104.01713326404075,-103.01769505086831,-102.01852980226829,-101.01984560882471,-100.0231553191528,-99.02904077377198,-98.03661802204081
-113.00251542969322,-108.01667378893077,-107.01674739338073,-106.01682407708192,-105.01690833360064,-104.01715482957935,-103.01771185158285,-102.01854388444617,-101.01985168068838,-100.02310127646066,-99.02898558698017,-98.03655312174533
-113.00253864237955,-108.01669740322504,-107.01677118919844,-106.01684796093838,-105.01693235625504,-104.01717583560259,-103.01772810675216,-102.01855741111942,-101.0198572561908,-100.02304893849961,-99.0289319083717,-98.03648968930842
-113.00256134391951,-108.0167204975294,-107.0167944610291,-106.01687131501471,-105.01695584088543,-104.01719630948882,-103.01774384460717,-102.01857041246065,-101.01986236753068,-100.02299821809818,-99.02887966169351,-98.03642765230614
-113.00258355803909,-108.01674309598008,-107.01681723319425,-106.01689416391969,-105.01697881251104,-104.01721627674675,-103.01775909142913,-102.01858291653178,-101.0198670444943,-100.02294903416455,-99.02882877600771,-98.03636694335093
-113.00260530685739,-108.01676522107947,-107.0168395283696,-106.01691653059723,-105.0170012944588,-104.01723576115099,-103.01777387169135,-102.01859494944111,-101.01987131464729,-100.022901311136,-99.02877918521155,-98.03630749964029
-113.00262661105388,-108.01678689386424,-107.01686136775325,-106.01693843649582,-105.017023308535,-104.01725478491721,-103.0177882082406,-102.01860653553553,-101.01987520355087,-100.0228549785259,-99.02873082763662,-98.0362492625703
-113.00264748996963,-108.01680813401066,-107.01688277117296,-106.01695990167788,-105.01704487513723,-104.01727336881814,-103.0178021224207,-102.01861769753944,-101.01987873493293,-100.02280997050626,-99.02868364569738,-98.03619217741137
-113.00266796173005,-108.01682895995731,-107.01690375720885,-106.01698094494309,-105.01706601337878,-104.01729153230968,-103.01781563420182,-102.0186284566905,-101.01988193083885,-100.0227662255055,-99.02863758551857,-98.03613619294556
-113.00268804331765,-108.01684938898113,-107.016924343271,-106.01700158390777,-105.01708674117076,-104.01730929361719,-103.01782876227337,-102.01863883284496,-101.01988481176382,-100.02272368586966,-99.02859259666121,-98.03608126121811
-113.00270775071817,-108.01686943734333,-107.01694454574506,-106.01702183515087,-105.01710707536813,-104.01732666988188,-103.01784152419295,-102.01864884463292,-101.01988739682102,-100.02268229757937,-99.02854863185667,-98.03602733727489
-113.0027270989107,-108.01688912028324,-107.01696437998805,-106.01704171421169,-105.0171270317705,-104.0173436771664,-103.01785393639813,-102.01865850947972,-101.01988970378243,-100.02264200990227,-99.02850564671294,-98.03597437888928
-113.0027461020397,-108.01690845218936,-107.01698386049873,-106.01706123576017,-105.01714662529247,-104.01736033062481,-103.01786601437789,-102.01866784378345,-101.0198917492696,-100.02260277521711,-99.02846359955949,-98.03592234641562
-113.00276477339565,-108.01692744658257,-107.01700300090214,-106.01708041358285,-105.01716586995123,-104.01737664449337,-103.01787777266767,-102.01867686291557,-101.01989354876699,-100.02256454870661,-99.02842245117591,-98.03587120252983
-113.00278312553331,-108.01694611623458,-107.01702181406799,-106.01709926070166,-105.01718477898616,-104.01739263221098,-103.01788922497242,-102.01868558135168,-101.01989511676611,-100.022527288198,-99.02838216465067,-98.03582091209354
-113.00280117029503,-108.01696447319313,-107.01704031213694,-106.01711778940128,-105.01720336488752,-104.01740830645006,-103.01790038420053,-102.01869401270832,-101.0198964668095,-100.02249095393982,-99.02834270519453,-98.03577144198594
-113.00281891888795,-108.01698252885812,-107.01705850659599,-106.01713601130416,-105.01722163947134,-104.01742367919185,-103.0179112625407,-102.01870216982668,-101.01989761158809,-100.02245550845173,-99.02830404000274,-98.03572276096465
-113.00283638189941,-108.01700029400115,-107.01707640829997,-106.01715393739403,-105.01723961390533,-104.01743876175469,-103.01792187149363,-102.0187100648077,-101.01989856298162,-100.02242091634002,-99.02826613809373,-98.03567483951382
-113.00285356936173,-108.01701777882741,-107.0170940275323,-106.01717157807582,-105.01725729876807,-104.0174535648535,-103.01793222193251,-102.01871770907607,-101.01989933213122,-100.02238714416055,-99.02822897018847,-98.03562764973438
-113.00287049077572,-108.01703499300275,-107.01711137403336,-106.01718894320561,-105.01727470408068,-104.0174680986331,-103.0179423241392,-102.01872511342147,-101.01989992948795,-100.02235416028272,-99.02819250859757,-98.03558116523459
-113.0028871551505,-108.0170519456915,-107.01712845703767,-106.01720604212683,-105.01729183934225,-104.0174823727035,-103.01795218783943,-102.0187322880352,-101.01990036485553,-100.02232193475744,-99.02815672709748,-98.03553536100861
-113.00290357106374,-108.0170686456198,-107.01714528533844,-106.0172228837368,-105.01730871359872,-104.01749639621129,-103.01796182227831,-102.01873924259097,-101.01990064747639,-100.02229043924206,-99.02812160087382,-98.03549021339256
-113.00291974662538,-108.01708510103856,-107.01716186725032,-106.01723947644898,-105.01732533540442,-104.01751017780043,-103.01797123618009,-102.01874598620542,-101.01990078599822,-100.0222596468255,-99.02808710635784,-98.03544569989685
-113.00293568958398,-108.01710131982992,-107.01717821071578,-106.01725582829957,-105.01734171292962,-104.01752372572187,-103.01798043786091,-102.0187525275543,-101.01990078859207,-100.02222953200565,-99.02805322121843,-98.03540179921215
-113.00295140729034,-108.01711730947177,-107.01719432327025,-106.01727194691316,-105.01735785392594,-104.01753704779797,-103.01798943519287,-102.01875887483965,-101.01990066292815,-100.02220007054765,-99.02801992422934,-98.03535849107142
-113.00296690675604,-108.01713307709718,-107.01721021210165,-106.01728783956271,-105.01737376578791,-104.01755015148665,-103.01799823567079,-102.01876503585672,-101.01990041624141,-100.02217123942931,-99.0279871952237,-98.0353157562165
-113.00298219465647,-108.01714862949689,-107.01722588405286,-106.01730351317217,-105.01738945555493,-104.01756304388242,-103.01800684641323,-102.01877101799963,-101.01990005534512,-100.02214301675419,-99.02795501501929,-98.0352735763189
-113.00299727736076,-108.0171639731508,-107.01724134565383,-106.01731897434874,-105.01740492994463,-104.01757573175115,-103.01801527419863,-102.01877682829722,-101.01989958666694,-100.02211538168785,-99.02792336536437,-98.03523193393596
-113.0030121609559,-108.0171791142503,-107.01725660314318,-106.01733422940457,-105.01742019537396,-104.01758822155082,-103.01802352548665,-102.01878247343684,-101.01989901627582,-100.02208831439292,-99.02789222887606,-98.03519081244764
-113.00302685124817,-108.01719405870246,-107.01727166247353,-106.0173492843627,-105.01743525796647,-104.01760051944026,-103.01803160642812,-102.0187879597764,-101.01989834989836,-100.02206179596675,-99.0278615889905,-98.03515019600917
-113.00304135378133,-108.01720881214754,-107.01728652932871,-106.0173641449744,-105.01745012356943,-104.01761263129612,-103.0180395228825,-102.01879329336242,-101.01989759293656,-100.02203580837556,-99.02783142990309,-98.03511006950094
-113.00305567386751,-108.01722337998861,-107.01730120915298,-106.01737881674782,-105.01746479778241,-104.0176245627414,-103.01804728044675,-102.01879847996067,-101.01989675050228,-100.02201033442142,-99.02780173653572,-98.03507041848458
-113.0030698165875,-108.01723776739497,-107.01731570715556,-106.01739330495396,-105.0174792859643,-104.0176363191542,-103.01805488446578,-102.01880352506832,-101.01989582743181,-100.02198535769102,-99.0277724945074,-98.0350312291931
-113.00308378679759,-108.01725197930682,-107.0173300283146,-106.01740761462959,-105.01749359323551,-104.01764790566854,-103.01806234003239,-102.01880843391362,-101.01989482828326,-100.02196086248351,-99.02774369004334,-98.03499248842343
-113.00309758917632,-108.01726602048353,-107.01734417742604,-106.01742175062726,-105.01750772452917,-104.0176593272274,-103.01806965204241,-102.01881321151436,-101.01989375740328,-100.02193683383055,-99.02771531002433,-98.03495418360373
-113.00311122816586,-108.01727989544466,-107.01735815904438,-106.01743571755539,-105.01752168453062,-104.01767058852147,-103.01807682513238,-102.01881786261406,-101.01989261885774,-100.0219132573632,-99.02768734184582,-98.03491630264679
-113.00312470807937,-108.01729360857698,-107.0173719775897,-106.0174495198856,-105.017535477785,-104.01768169409729,-103.01808386378947,-102.01882239179415,-101.01989141654853,-100.02189011938495,-99.02765977349472,-98.03487883402437
-113.00313803301714,-108.01730716405253,-107.01738563726641,-106.01746316187226,-105.01754910861762,-104.01769264827836,-103.01809077227234,-102.01882680339658,-101.01989015413936,-100.02186740674917,-99.0276325934393,-98.0348417666701
-113.00315120692697,-108.01732056588715,-107.01739914212118,-106.01747664760956,-105.0175625811906,-104.01770345522142,-103.0180975546683,-102.01883110157992,-101.0198888351078,-100.02184510686564,-99.02760579063123,-98.03480508997185
-113.00316423361811,-108.01733381795628,-107.01741249605932,-106.0174899810488,-105.0175758995206,-104.01771411893463,-103.01810421491119,-102.01883529033888,-101.01988746276936,-100.02182320768509,-99.02757935449667,-98.03476879377116
-113.00317711672982,-108.0173469239616,-107.01742570281067,-106.01750316596345,-105.01758906744327,-104.01772464324205,-103.01811075674665,-102.0188393734706,-101.01988604024389,-100.02180169762961,-99.0275532748737,-98.03473286829706
-113.00318985978153,-108.01735988748366,-107.01743876598356,-106.01751620600436,-105.01760208866989,-104.01773503184072,-103.01811718378951,-102.01884335463161,-101.01988457051212,-100.02178056561013,-99.02752754202973,-98.03469730419073
-113.00320246614447,-108.01737271195229,-107.01745168903416,-106.0175291046683,-105.01761496675513,-104.01774528826873,-103.01812349949243,-102.0188472373087,-101.01988305638913,-100.02175980096882,-99.0275021466041,-98.03466209244141
-113.00321493908432,-108.01738540068916,-107.01746447530951,-106.01754186534133,-105.01762770514048,-104.01775541594802,-103.01812970718792,-102.01885102485964,-101.01988150056351,-100.02173939348549,-99.02747707962467,-98.03462722441206
-113.00322728171851,-108.01739795686625,-107.01747712800622,-106.01755449125785,-105.01764030711414,-104.01776541814576,-103.01813581005173,-102.01885472047917,-101.01987990556606,-100.0217193333185,-99.02745233244458,-98.0345926917697
-113.0032394970787,-108.01741038356712,-107.01748965023137,-106.01756698556099,-105.01765277587052,-104.0177752980324,-103.01814181115915,-102.0188583272535,-101.0198782738222,-100.02169961102746,-99.0274278967721,-98.03455848652304
-113.00325158808238,-108.01742268375983,-107.01750204497581,-106.01757935127672,-105.01766511448544,-104.01778505865862,-103.0181477134641,-102.01886184814171,-101.01987660763648,-100.02168021753472,-99.02740376463035,-98.03452460097635
-113.00326355751926,-108.01743486028313,-107.01751431510043,-106.01759159129952,-105.01767732590125,-104.01779470293948,-103.01815351978216,-102.01886528595847,-101.0198749091738,-100.02166114408007,-99.02737992831868,-98.03449102769811
-113.0032754081237,-108.01744691591749,-107.01752646340663,-106.01760370846311,-105.01768941299753,-104.01780423372524,-103.01815923286172,-102.01886864344532,-101.019873180532,-100.02164238227203,-99.02735638046441,-98.0344577595693
-113.00328714250432,-108.01745885331773,-107.01753849257007,-106.01761570547477,-105.01770137852634,-104.01781365373775,-103.01816485532184,-102.01887192321007,-101.01987142368066,-100.02162392400295,-99.02733311393638,-98.03442478969772
-113.00329876320238,-108.01747067506771,-107.01755040519386,-106.01762758496727,-105.01771322516294,-104.01782296561967,-103.01817038969921,-102.01887512777175,-101.01986964050685,-100.0216057614773,-99.0273101218806,-98.03439211145712
-113.00331027264222,-108.01748238363498,-107.01756220376512,-106.0176393494573,-105.01772495546564,-104.0178321718962,-103.01817583841287,-102.01887825952866,-101.01986783278382,-100.02158788715924,-99.02728739766408,-98.03435971842715
-113.00332167318642,-108.01749398142283,-107.01757389070544,-106.0176510013944,-105.01773657192388,-104.01784127502178,-103.0181812038089,-102.01888132080133,-101.01986600221359,-100.02157029379924,-99.02726493491089,-98.0343276044366
-113.0033329671341,-108.01750547076973,-107.01758546837121,-106.01766254316223,-105.0177480769599,-104.01785027738288,-103.0181864881645,-102.01888431383733,-101.01986415043169,-100.02155297441996,-99.02724272748114,-98.03429576353602
-113.00334415669677,-108.01751685392574,-107.01759693902979,-106.01767397705447,-105.01775947290474,-104.01785918127347,-103.01819169366335,-102.01888724078745,-101.01986227898419,-100.0215359222781,-99.02722076944164,-98.03426418997633
-113.0033552440069,-108.01752813305978,-107.01760830486667,-106.01768530528182,-105.01777076200496,-104.01786798890184,-103.01819682240209,-102.01889010371177,-101.01986038933357,-100.02151913085608,-99.02719905505133,-98.03423287818455
-113.00338960969559,-108.01756309331749,-107.01764353386477,-106.01772086380552,-105.01780658712133,-104.01790418388939,-103.018229930244,-102.0189181001646,-101.01988548971259,-100.0215333353675,-99.02705349324293,-98.03408318660794
-113.00342265175259,-108.01759670704341,-107.01767740598032,-106.01775505275461,-105.01784102419653,-104.01793896520313,-103.01826160745092,-102.01894464503013,-101.01990906103468,-100.0215459950033,-99.0269152268861,-98.03394048304706
-113.00345446988435,-108.01762907566818,-107.01771002342336,-106.01778797529487,-105.0178741778169,-104.01797243940896,-103.01829196344335,-102.018969852584,-101.0199312271295,-100.0215572509036,-99.02678368140974,-98.03380421944237
-113.00348515348989,-108.01766029013744,-107.01774147783865,-106.01781972392848,-105.01790614175903,-104.01800470205932,-103.01832109631621,-102.01899382522829,-101.01995209889785,-100.02156722891456,-99.02665834224102,-98.0336739049654
-113.00351478301755,-108.01769043229201,-107.01777185169638,-106.01785038189718,-105.0179370004119,-104.01803583914172,-103.01834909432765,-102.01901665504914,-101.01997177600042,-100.0215760415948,-99.02653874714093,-98.03354909869665
-113.00354343102197,-108.0177195759418,-107.01780121937381,-106.01788002427399,-105.01796682988332,-104.01806592820614,-103.0183760370592,-102.0190384250376,-101.01999034819666,-100.02158378983388,-99.0264244796316,-98.03342940335725
-113.00357116318818,-108.01774778790838,-107.01782964820622,-106.01790871902404,-105.01799569907564,-104.01809503946073,-103.01840199654151,-102.01905921026622,-101.02000789661884,-100.02159056435906,-99.02631516349497,-98.03331446005961
-113.00359803906711,-108.01777512877283,-107.0178571992403,-106.01793652776504,-105.01802367045627,-104.01812323655709,-103.0184270380638,-102.01907907874231,-101.0200244947111,-100.02159644687929,-99.02621045793151,-98.03320394369732
-113.00362411283916,-108.01780165365311,-107.01788392801778,-106.01796350655825,-105.01805080086007,-104.01815057740795,-103.01845122101388,-102.01909809228773,-101.02004020918325,-100.02160151120852,-99.02611005351108,-98.03309755907645
-113.00364943388654,-108.01782741278585,-107.01790988516147,-106.01798970650002,-105.01807714208856,-104.01817711479748,-103.018474599506,-102.01911630719697,-101.02005510072955,-100.02160582413181,-99.02601366858308,-98.03299503749807
-113.00367404733346,-108.01785245207525,-107.01793511692819,-106.01801517427963,-105.01810274147525,-104.01820289695702,-103.01849722297293,-102.01913377485866,-101.020069224707,-100.02160944621389,-99.0259210462203,-98.03289613383755
-113.0036979945075,-108.01787681356487,-107.01795966568503,-106.01803995266074,-105.01812764237475,-104.01822796806442,-103.01851913668038,-102.01915054229627,-101.02008263172385,-100.02161243249475,-99.02583195155393,-98.03280062400972
-113.00372131332526,-108.01790053582694,-107.0179835703006,-106.01806408087548,-105.01815188456104,-104.01825236864869,-103.0185403821422,-102.01916665260232,-101.02009536811366,-100.02161483306017,-99.02574616940889,-98.03270830270894
-113.00374403865521,-108.01792365433285,-107.01800686651883,-106.01808759500193,-105.01817550461041,-104.01827613598046,-103.01856099752203,-102.01918214535978,-101.02010747639383,-100.02161669358348,-99.02566350228375,-98.03261898148392
-113.00376620262041,-108.01794620176197,-107.01802958727046,-106.01811052827907,-105.01819853622162,-104.01829930439897,-103.01858101797087,-102.01919705699767,-101.02011899565406,-100.02161805578505,-99.02558376855484,-98.03253248702687
-113.00378783487162,-108.01796820827764,-107.01805176295062,-106.01813291138623,-105.01822101049802,-104.01832190559838,-103.0186004759199,-102.01921142109623,-101.02012996188819,-100.02161895782805,-99.02550680089045,-98.0324486596573
-113.0038089628215,-108.01798970176716,-107.01807342166101,-106.01815477268799,-105.01824295619642,-104.01834396888168,-103.01861940134228,-102.01922526866254,-101.02014040829472,-100.02161943467324,-99.02543244485933,-98.03236735199839
-113.00382961186894,-108.01801070806879,-107.0180945894386,-106.018176138465,-105.01826439996115,-104.01836552140017,-103.01863782200026,-102.01923862838999,-101.02015036555947,-100.02161951841084,-99.02536055771394,-98.03228842781748
-113.00384980557703,-108.01803125115262,-107.01811529043741,-106.01819703309683,-105.01828536650869,-104.01838658833951,-103.01865576363487,-102.01925152685615,-101.02015986207167,-100.02161923851797,-99.02529100727448,-98.03221176095896
-113.00386956582238,-108.0180513532745,-107.01813554708467,-106.01821747922085,-105.01830587879017,-104.01840719308784,-103.01867325014086,-102.019263988708,-101.02016892412587,-100.0216186220974,-99.02522367094767,-98.03213723440636
-113.00388891298851,-108.01807103517062,-107.018155380276,-106.01823749792813,-105.01832595818846,-104.01842735743435,-103.01869030376922,-102.01927603687245,-101.02017757615037,-100.02161769414164,-99.0251584349081,-98.03206473950904
-113.00390786605965,-108.01809031615339,-107.01817480947213,-106.01825710886128,-105.01834562461808,-104.01844710167235,-103.01870694523383,-102.01928769266925,-101.02018584083046,-100.02161647768114,-99.02509519327145,-98.03199417518688
-113.00392644276108,-108.01810921425485,-107.01819385284374,-106.018276330361,-105.01836489667383,-104.01846644475042,-103.01872319386717,-102.019298975974,-101.02019373928694,-100.0216149939923,-99.02503384743734,-98.03192544730858
-113.00394465966882,-108.01812774633729,-107.01821252738257,-106.01829517957776,-105.01838379174329,-104.0184854043864,-103.01873906773652,-102.01930990533889,-101.02020129120429,-100.02161326274424,-99.02497430545546,-98.03185846808391
-113.00396253224982,-108.01814592813646,-107.0182308489458,-106.0183136725176,-105.01840232605495,-104.0185039971183,-103.01875458369892,-102.0193204980549,-101.02020851490722,-100.02161130210024,-99.02491648142802,-98.03179315549096
-113.00398007507653,-108.01816377447564,-107.0182488324701,-106.01833182425634,-105.01842051489285,-104.01852223852008,-103.01876975761888,-102.01933077037204,-101.02021542758585,-100.02160912895681,-99.02486029512274,-98.03172943292019
-113.00399730174078,-108.01818129918269,-107.01826649189006,-106.01834964885921,-105.01843837251741,-104.01854014312389,-103.01878460429265,-102.01934073742811,-101.02022204523365,-100.0216067588979,-99.0248056713505,-98.03166722855964
-113.00401422507147,-108.01819851530777,-107.01828384035578,-106.0183671595991,-105.0184559123852,-104.01855772464191,-103.01879913767335,-102.0193504134788,-101.02022838288588,-100.02160420645139,-99.02475253972385,-98.03160647518833
-113.00403085708828,-108.0182154350794,-107.01830089019023,-106.0183843689146,-105.01847314710766,-104.01857499592596,-103.01881337083181,-102.01935981186116,-101.0202344545883,-100.02160148506421,-99.02470083415145,-98.03154710967355
-113.00404720914158,-108.01823207004348,-107.01831765302767,-106.01840128854849,-105.01849008858979,-104.0185919691068,-103.01882731609697,-102.01936894513652,-101.02024027354666,-100.0215986072686,-99.02465049259698,-98.03148907275356
-113.00406329190537,-108.01824843105925,-107.01833413981105,-106.01841792954622,-105.01850674803045,-104.01860865559676,-103.01884098506194,-102.0193778251003,-101.02024585214106,-100.0215955847021,-99.02460145670966,-98.03143230868147
-113.00407911547303,-108.01826452839411,-107.01835036088642,-106.01843430235041,-105.01852313601665,-104.01862506618367,-103.01885438867716,-102.01938646287692,-101.0202512020264,-100.02159242821945,-99.02455367159368,-98.03137676500494
-113.00409468935177,-108.01828037172059,-107.01836632600106,-106.01845041679987,-105.01853926252393,-104.01864121103306,-103.01886753725596,-102.01939486892884,-101.02025633414647,-100.02158914791535,-99.02450708551507,-98.03132239228816
-113.0041100225629,-108.01829597021538,-107.01838204440186,-106.01846628222768,-105.01855513701436,-104.01865709978635,-103.0188804405727,-102.01940305315522,-101.02026125883451,-100.0215857532281,-99.02446164971201,-98.03126914392944
-113.0041251236146,-108.01831133253386,-107.0183975248108,-106.0184819074374,-105.0185707684135,-104.01867274153878,-103.01889310784176,-102.0194110248739,-101.02026598580169,-100.02158225293972,-99.02441731813867,-98.03121697591585
-113.00414000056828,-108.01832646687772,-107.01841277549289,-106.01849730077167,-105.0185861651799,-104.01868814490985,-103.01890554779028,-102.01941879289569,-101.02027052421182,-100.02157865525153,-99.02437404729558,-98.03116584666465
-113.00415466109801,-108.01834138105271,-107.01842780431345,-106.01851247016896,-105.01860133536147,-104.0187033180996,-103.01891776871359,-102.01942636558121,-101.02027488274345,-100.02157496785456,-99.02433179608333,-98.03111571688373
-113.00416911244967,-108.01835608243091,-107.01844261870158,-106.0185274231282,-105.01861628656141,-104.01871826885596,-103.01892977844486,-102.01943375081217,-101.02027906956317,-100.0215711979056,-99.02429052557251,-98.03106654934655
-113.00418336151294,-108.01837057802086,-107.01845722571957,-106.0185421667776,-105.01863102600647,-104.01873300454267,-103.01894158442288,-102.01944095606049,-101.02028309239704,-100.02156735210384,-99.02425019889972,-98.03101830879925
-113.00419741485517,-108.01838487450341,-107.01847163209955,-106.01855670791217,-105.01864556058558,-104.01874753217899,-103.01895319373293,-102.01944798842986,-101.02028695857439,-100.02156343673674,-99.02421078114001,-98.03097096183744
-113.00421127870779,-108.01839897821826,-107.01848584423016,-106.01857105298056,-105.01865989683685,-104.01876185842708,-103.01896461309487,-102.01945485464603,-101.02029067502102,-100.02155945767825,-99.02417223915022,-98.0309244767556
-113.00422495901401,-108.01841289521073,-107.01849986820285,-106.01858520813086,-105.01867404099306,-104.01877598963742,-103.0189758489087,-102.01946156110252,-101.02029424830651,-100.02155542043836,-99.02413454147428,-98.03087882345827
-113.00423846141541,-108.01842663122079,-107.01851370980212,-106.01859917920203,-105.01868799897437,-104.01878993184262,-103.01898690724956,-102.01946811385665,-101.0202976846417,-100.02155133016227,-99.02409765820677,-98.03083397332661
-113.00425179132782,-108.01844019175705,-107.01852737457848,-106.0186129717961,-105.01870177645968,-104.01880369082826,-103.01899779393844,-102.0194745187019,-101.02030098995307,-100.02154719170733,-99.02406156094986,-98.03078989918178
-113.00426495388756,-108.01845358204565,-107.01854086779862,-106.01862659122938,-105.0187153788392,-104.01881727208695,-103.01900851449756,-102.01948078112311,-101.02030416983989,-100.02154300960477,-99.02402622266199,-98.0307465751381
-113.00427795400728,-108.01846680708361,-107.0185541944978,-106.01864004258404,-105.01872881126506,-104.01883068086788,-103.0190190741992,-102.01948690634671,-101.02030722962506,-100.02153878810812,-99.02399161759902,-98.03070397654874
-113.00429079638648,-108.01847987165236,-107.01856735949438,-106.01865333072372,-105.0187420786682,-104.01884392219507,-103.01902947808566,-102.01949289936087,-101.02031017437682,-100.02153453121959,-99.02395772124333,-98.03066207993349
-113.00430348551744,-108.01849278032128,-107.01858036739266,-106.01866646029559,-105.01875518575964,-104.01885700086817,-103.01903973096898,-102.01949876491618,-101.02031300891088,-100.02153024269263,-99.02392451021953,-98.03062086290582
-113.00431602570691,-108.0185055374717,-107.01859322260765,-106.0186794357559,-105.01876813705708,-104.01886992148974,-103.01904983746006,-102.01950450755531,-101.02031573782091,-100.02152592606353,-99.02389196223878,-98.03058030411395
-113.00432842106001,-108.01851814728006,-107.01860592934803,-106.01869226135287,-105.01878093686736,-104.01888268844782,-103.01905980195052,-102.01951013159577,-101.02031836546267,-100.02152158463707,-99.0238600560083,-98.03054038315375
-113.0043406755296,-108.01853061376748,-107.01861849166575,-106.01870494117632,-105.01879358933655,-104.01889530596635,-103.01906962866401,-102.01951564118083,-101.02032089600607,-100.02151722153988,-99.02382877121373,-98.03050108055955
-113.00435279288247,-108.0185429407656,-107.0186309134218,-106.01871747912317,-105.01880609841507,-104.01890777806967,-103.01907932162025,-102.01952104024464,-101.02032333339962,-100.02151283968396,-99.02379808841248,-98.03046237769114
-113.00436477675238,-108.01855513197157,-107.01864319834195,-106.01872987895426,-105.0188184679156,-104.01892010864213,-103.01908888469583,-102.01952633257365,-101.02032568143508,-100.02150844183528,-99.02376798904515,-98.03042425675824
-113.00437663062048,-108.01856719092656,-107.01865534999456,-106.01874214427131,-105.01883070148924,-104.01893230140307,-103.01909832159903,-102.01953152178146,-101.02032794372136,-100.021504030585,-99.02373845534109,-98.03038670071605
-113.00438835782437,-108.01857912102615,-107.01866737180131,-106.01875427852801,-105.01884280263717,-104.01894435991925,-103.0191076358823,-102.01953661132183,-101.02033012369925,-100.02149960836807,-99.02370947029036,-98.03034969325019
-113.00439996159218,-108.01859092555348,-107.01867926707031,-106.01876628506312,-105.01885477474347,-104.01895628763732,-103.0191168309747,-102.0195416045207,-101.02033222467192,-100.02149517748977,-99.02368101761398,-98.03031321874317
-113.00441144499402,-108.01860260763273,-107.01869103895008,-106.01877816705496,-105.01886662103051,-104.01896808784043,-103.01912591013988,-102.01954650453658,-101.02033424977019,-100.0214907400972,-99.02365308169098,-98.03027726220354
-113.00442281100841,-108.0186141702934,-107.01870269049328,-106.0187899275846,-105.0188783446212,-104.0189797637092,-103.01913487653563,-102.01955131441746,-101.0203362020046,-100.0214862982257,-99.02362564755803,-98.03024180926661
-113.00443406249484,-108.01862561644474,-107.01871422463154,-106.01880156961116,-105.01888994851525,-104.01899131829933,-103.0191437331933,-102.0195560370835,-101.0203380842541,-100.02148185379355,-99.02359870086696,-98.03020684615808
-113.00444520219493,-108.01863694887595,-107.01872564417566,-106.0188130959718,-105.01890143558857,-104.01900275454005,-103.01915248301471,-102.01956067532156,-101.02033989925592,-100.02147740858682,-99.02357222782618,-98.030172359631
-113.00445623278354,-108.01864817030757,-107.01873695186676,-106.01882450943302,-105.01891280864508,-104.01901407528689,-103.01916112882657,-102.01956523184153,-101.02034164966618,-100.02147296432393,-99.02354621523162,-98.03013833700338
-113.00446715679547,-108.01865928331914,-107.01874815030456,-106.01883581261919,-105.01892407034532,-104.01902528325014,-103.01916967330828,-102.01956970920428,-101.02034333798723,-100.02146852258277,-99.02352065036055,-98.03010476604913
-113.00447797671268,-108.01867029043429,-107.01875924203165,-106.0188470080962,-105.01893522328949,-104.01903638107729,-103.01917811907416,-102.01957410990263,-101.02034496664736,-100.02146408487724,-99.02349552101144,-98.03007163503945
-113.00448869490108,-108.01868119406102,-107.01877022947498,-106.01885809831421,-105.01894626996156,-104.01904737129868,-103.01918646862067,-102.01957843631095,-101.02034653795288,-100.02145965261393,-99.02347081543768,-98.0300389326822
-113.00449931366941,-108.01869199654766,-107.01878111500079,-106.01886908566138,-105.01895721278179,-104.01905825637878,-103.01919472437629,-102.01958269073373,-101.0203480541369,-100.02145522713877,-99.02344652236012,-98.03000664812883
-113.00450983523083,-108.01870270014547,-107.01879190087755,-106.0188799724274,-105.01896805407092,-104.01906903868104,-103.01920288866715,-102.0195868753714,-101.02034951732341,-100.02145080970003,-99.02342263090664,-98.02997477092173
-113.00452026172012,-108.01871330702602,-107.01880258929349,-106.01889076082081,-105.01897879606732,-104.01907972048464,-103.01921096373349,-102.01959099233741,-101.02035092954694,-100.0214464014706,-99.02339913060955,-98.0299432909887
-113.004530595228,-108.01872381931675,-107.01881318239259,-106.01890145300597,-105.01898944096466,-104.01909030402355,-103.01921895176997,-102.0195950436994,-101.02035229279346,-100.02144200358637,-99.02337601141649,-98.02991219865048
-113.00454083773629,-108.01873423903339,-107.01882368220596,-106.01891205103276,-105.01899999084034,-104.01910079141295,-103.0192268548503,-102.01959903140155,-101.02035360892147,-100.0214376170692,-99.02335326359815,-98.02988148454095
-113.00455099118024,-108.01874456814488,-107.01883409071773,-106.01892255690399,-105.01901044772436,-104.01911118472003,-103.01923467499971,-102.01960295734017,-101.02035487974014,-100.02143324290414,-99.02333087779995,-98.02985113965032
-113.00456105745427,-108.01875480857825,-107.01884440986969,-106.0189329725795,-105.01902081360261,-104.01912148596642,-103.01924241419694,-102.0196068233638,-101.02035610700811,-100.02142888203824,-99.02330884502157,-98.02982115530641
-113.00457103835743,-108.01876496216367,-107.01885464150605,-106.0189432999208,-105.01903109036168,-104.019131697073,-103.01925007431862,-102.01961063121811,-101.0203572923785,-100.02142453532464,-99.02328715654271,-98.02979152310168
