Exud_tot,Exud_liq,Exud_ads,Exud_ads_soil,Exud_ads_roots,Exud_decay
0.0,0.0,0.0,0.0,0.0,0.0
0.0,0.0,0.0,0.0,0.0,0.0
0.0,0.0,0.0,0.0,0.0,0.0
0.0,0.0,0.0,0.0,0.0,0.0
0.0,0.0,0.0,0.0,0.0,0.0
0.0,0.0,0.0,0.0,0.0,0.0
0.0,0.0,0.0,0.0,0.0,0.0
0.0,0.0,0.0,0.0,0.0,0.0
0.0,0.0,0.0,0.0,0.0,0.0
0.0,0.0,0.0,0.0,0.0,0.0
0.0,0.0,0.0,0.0,0.0,0.0
0.0,0.0,0.0,0.0,0.0,0.0
0.0,0.0,0.0,0.0,0.0,0.0
0.0,0.0,0.0,0.0,0.0,0.0
0.0,0.0,0.0,0.0,0.0,0.0
0.0,0.0,0.0,0.0,0.0,0.0
0.0,0.0,0.0,0.0,0.0,0.0
0.0,0.0,0.0,0.0,0.0,0.0
0.0,0.0,0.0,0.0,0.0,0.0
0.0,0.0,0.0,0.0,0.0,0.0
0.0,0.0,0.0,0.0,0.0,0.0
0.0,0.0,0.0,0.0,0.0,0.0
0.0,0.0,0.0,0.0,0.0,0.0
0.0,0.0,0.0,0.0,0.0,0.0
0.0,0.0,0.0,0.0,0.0,0.0
0.0,0.0,0.0,0.0,0.0,0.0
0.0,0.0,0.0,0.0,0.0,0.0
0.0,0.0,0.0,0.0,0.0,0.0
0.0,0.0,0.0,0.0,0.0,0.0
0.0,0.0,0.0,0.0,0.0,0.0
0.0,0.0,0.0,0.0,0.0,0.0
0.0,0.0,0.0,0.0,0.0,0.0
0.0,0.0,0.0,0.0,0.0,0.0
0.0,0.0,0.0,0.0,0.0,0.0
0.0,0.0,0.0,0.0,0.0,0.0
0.0,0.0,0.0,0.0,0.0,0.0
0.0,0.0,0.0,0.0,0.0,0.0
4.545128260899744e-08,1.086701615755102e-10,4.533772868201187e-08,0.0,4.5337728682011876e-08,4.8837654100566495e-12
9.216510084929972e-08,1.1204697236579241e-10,9.204312275598858e-08,0.0,9.20431227559886e-08,9.931120945313522e-12
1.4014145471772198e-07,1.1543784287776e-10,1.4001088560053336e-07,0.0,1.4001088560053336e-07,1.513127431088742e-11
1.8938034421426638e-07,1.1884034659986498e-10,1.8924101912692406e-07,0.0,1.8924101912692409e-07,2.0484740742406555e-11
2.39881769338935e-07,1.2225451150874629e-10,2.3973352279072835e-07,0.0,2.3973352279072835e-07,2.5992036697962216e-11
2.916457300917294e-07,1.2568036598200266e-10,2.914883960456009e-07,0.0,2.914883960456009e-07,3.165368014655668e-11
3.446722264726519e-07,1.2911793887209376e-10,3.445056383431891e-07,0.0,3.445056383431891e-07,3.747019059068524e-11
3.9896125848170423e-07,1.3256725951945308e-10,3.9878524913309784e-07,0.0,3.987852491330979e-07,4.344208908696014e-11
4.5451282611888805e-07,1.3602835768329787e-10,4.543272278629496e-07,0.0,4.543272278629496e-07,4.956989825508607e-11
5.11326929384205e-07,1.3950126377669783e-10,5.111315739781191e-07,0.0,5.111315739781191e-07,5.585414230909631e-11
5.694035682776566e-07,1.429860086420515e-10,5.691982869219452e-07,0.0,5.691982869219452e-07,6.229534706953376e-11
6.287427427992447e-07,1.4648262362283737e-10,6.285273661356435e-07,0.0,6.285273661356436e-07,6.889403997846696e-11
6.893444529489718e-07,1.499911405596374e-10,6.891188110582986e-07,0.0,6.891188110582986e-07,7.565075011356852e-11
7.512086987268377e-07,1.5351159178377784e-10,7.509726211268528e-07,0.0,7.509726211268529e-07,8.256600820134555e-11
8.143354801328451e-07,1.5704401010928804e-10,8.140887957761061e-07,0.0,8.140887957761061e-07,8.964034662962931e-11
8.78724797166995e-07,1.6058842882353255e-10,8.784673344387121e-07,0.0,8.784673344387122e-07,9.687429945941768e-11
9.44376649829289e-07,1.641448816768237e-10,9.441082365451759e-07,0.0,9.441082365451759e-07,1.0426840243615092e-10
1.0112910381197284e-06,1.6771340287128764e-10,1.0110115015238565e-06,0.0,1.0110115015238565e-06,1.1182319300049249e-10
1.0794679620383126e-06,1.7129402704921943e-10,1.0791771288009647e-06,0.0,1.0791771288009647e-06,1.1953921029867711e-10
1.1489074215850474e-06,1.7488678928111767e-10,1.1486051178005738e-06,0.0,1.1486051178005738e-06,1.274169951924803e-10
1.2196094167599283e-06,1.784917250535772e-10,1.2192954679446062e-06,0.0,1.2192954679446062e-06,1.3545709026885562e-10
1.2915739475629621e-06,1.821088702571694e-10,1.2912481786528556e-06,0.0,1.2912481786528556e-06,1.436600398492869e-10
1.3648010139941478e-06,1.8573826117443915e-10,1.3644632493429747e-06,0.0,1.3644632493429747e-06,1.5202638999888547e-10
1.4392906160534863e-06,1.893799344680988e-10,1.4389406794304829e-06,0.0,1.438940679430483e-06,1.6055668853527272e-10
1.5150427537409794e-06,1.9303392716952157e-10,1.5146804683287728e-06,0.0,1.5146804683287728e-06,1.6925148503727173e-10
1.5920574270566244e-06,1.9670027666756578e-10,1.5916826154491033e-06,0.0,1.5916826154491035e-06,1.7811133085343584e-10
1.6703346360004275e-06,2.0037902069781888e-10,1.669947120200619e-06,0.0,1.6699471202006193e-06,1.871367791104395e-10
1.7498743805723878e-06,2.0407019733222275e-10,1.7494739819903343e-06,0.0,1.7494739819903345e-06,1.9632838472134669e-10
1.8306766607725113e-06,2.0777384496922796e-10,1.8302632002231485e-06,0.0,1.8302632002231485e-06,2.056867043937806e-10
1.9127414766007937e-06,2.1149000232437776e-10,1.912314774301831e-06,0.0,1.9123147743018316e-06,2.1521229663800589e-10
1.9960688280572317e-06,2.1521870842139309e-10,1.9956287036270352e-06,0.0,1.9956287036270352e-06,2.249057217749448e-10
2.0806587151418332e-06,2.1896000258375095e-10,2.0802049875973048e-06,0.0,2.0802049875973048e-06,2.3476754194413253e-10
2.1665111378546007e-06,2.2271392442675022e-10,2.1660436256090623e-06,0.0,2.1660436256090627e-06,2.447983211116281e-10
2.2536260961955305e-06,2.2648051385007212e-10,2.2531446170566017e-06,0.0,2.2531446170566017e-06,2.5499862507789097e-10
2.3420035901646224e-06,2.3025981103081267e-10,2.3415079613321054e-06,0.0,2.3415079613321054e-06,2.6536902148563154e-10
2.431643619761883e-06,2.3405185641699014e-10,2.431133657825639e-06,0.0,2.4311336578256393e-06,2.759100798276468e-10
2.522546184987314e-06,2.378923261985612e-10,2.5220216689012375e-06,0.0,2.5220216689012375e-06,2.8662375987823993e-10
2.613448750212891e-06,2.3867260911694645e-10,2.6129127047148115e-06,0.0,2.6129127047148115e-06,2.9737288896323455e-10
2.7043513154385238e-06,2.3945397063195093e-10,2.7038037042905557e-06,0.0,2.7038037042905557e-06,3.081571773367866e-10
2.795253880664212e-06,2.4023633928765126e-10,2.7946946676555878e-06,0.0,2.7946946676555873e-06,3.189766693373125e-10
2.886156445889957e-06,2.4101971569081155e-10,2.8855855947648928e-06,0.0,2.885585594764893e-06,3.2983140937338614e-10
2.9770590111157597e-06,2.418041005618783e-10,2.9764764855732655e-06,0.0,2.9764764855732655e-06,3.407214419317776e-10
3.0679615763416186e-06,2.4258949472613943e-10,3.067367340035315e-06,0.0,3.0673673400353155e-06,3.5164681157763725e-10
3.158864141567534e-06,2.433758991041306e-10,3.158258158105475e-06,0.0,3.1582581581054755e-06,3.6260756295467957e-10
3.249766706793508e-06,2.4416331470296554e-10,3.249148939738019e-06,0.0,3.2491489397380195e-06,3.736037407853677e-10
3.340669272019538e-06,2.449517426084664e-10,3.340039684887059e-06,0.0,3.3400396848870592e-06,3.846353898710958e-10
3.4315718372456257e-06,2.4574118397806165e-10,3.4309303935065554e-06,0.0,3.4309303935065554e-06,3.95702555092375e-10
3.52247440247177e-06,2.465316400343494e-10,3.5218210655503266e-06,0.0,3.521821065550327e-06,4.068052814090165e-10
3.613376967697972e-06,2.473231120592879e-10,3.612711700972053e-06,0.0,3.6127117009720536e-06,4.1794361386031663e-10
3.7042795329242325e-06,2.4811560138893025e-10,3.7036022997252787e-06,0.0,3.7036022997252787e-06,4.291175975652402e-10
3.795182098150552e-06,2.4890910940867633e-10,3.7944928617634207e-06,0.0,3.794492861763421e-06,4.4032727772260675e-10
3.88608466337693e-06,2.497036375489627e-10,3.885383387039769e-06,0.0,3.88538338703977e-06,4.5157269961127413e-10
3.976987228603362e-06,2.504991872813824e-10,3.976273875507492e-06,0.0,3.976273875507492e-06,4.6285390859032527e-10
4.0678897938298545e-06,2.512957601151514e-10,4.0671643271196405e-06,0.0,4.0671643271196405e-06,4.74170950099253e-10
4.158792359056405e-06,2.520933575938191e-10,4.158054741829153e-06,0.0,4.158054741829153e-06,4.855238696581467e-10
4.249694924283017e-06,2.5289198129274e-10,4.2489451195888564e-06,0.0,4.2489451195888564e-06,4.96912712867878e-10
4.340597489509683e-06,2.536916328162314e-10,4.339835460351457e-06,0.0,4.3398354603514575e-06,5.083375254102892e-10
4.431500054736408e-06,2.544923137951902e-10,4.430725764069566e-06,0.0,4.430725764069566e-06,5.197983530483783e-10
4.5224026199631954e-06,2.5529402588501154e-10,4.521616030695683e-06,0.0,4.521616030695683e-06,5.31295241626489e-10
4.613305185190039e-06,2.5609677076367786e-10,4.612506260182203e-06,0.0,4.612506260182203e-06,5.428282370704972e-10
4.70420775041694e-06,2.569005501300261e-10,4.703396452481422e-06,0.0,4.703396452481422e-06,5.543973853880002e-10
4.795110315643898e-06,2.5770536570217957e-10,4.794286607545528e-06,0.0,4.794286607545528e-06,5.660027326685061e-10
4.88601288087092e-06,2.58511219216134e-10,4.885176725326621e-06,0.0,4.885176725326621e-06,5.776443250836239e-10
4.976915446098001e-06,2.593181124326082e-10,4.976066805776681e-06,0.0,4.976066805776681e-06,5.893222088872449e-10
5.067818011325139e-06,2.6012604710789093e-10,5.066956848847615e-06,0.0,5.066956848847615e-06,6.010364304157308e-10
5.158720576552333e-06,2.6093502502630915e-10,5.157846854491218e-06,0.0,5.157846854491218e-06,6.127870360881314e-10
5.249623141779586e-06,2.617450479851103e-10,5.248736822659195e-06,0.0,5.248736822659195e-06,6.245740724063619e-10
5.3405257070069034e-06,2.6255611779276315e-10,5.339626753303154e-06,0.0,5.339626753303154e-06,6.363975859553929e-10
5.43142827223428e-06,2.633682362695498e-10,5.4305166463746075e-06,0.0,5.4305166463746075e-06,6.482576234034428e-10
5.522330837461717e-06,2.641814052468815e-10,5.521406501824967e-06,0.0,5.521406501824967e-06,6.601542315021722e-10
5.6132334026892135e-06,2.649956265666643e-10,5.61229631960556e-06,0.0,5.61229631960556e-06,6.720874570868758e-10
5.704135967906656e-06,2.6581090297573196e-10,5.7031860996566085e-06,0.0,5.7031860996566085e-06,6.840573470733375e-10
5.840489815730525e-06,3.710477060427689e-10,5.839418027825156e-06,0.0,5.839418027825156e-06,7.007401993264308e-10
5.978106199183958e-06,3.75393143519029e-10,5.977013176636163e-06,0.0,5.977013176636164e-06,7.176294042770918e-10
6.116985118265435e-06,3.7974711114885606e-10,6.115870656176336e-06,0.0,6.115870656176337e-06,7.347149779500771e-10
6.257126572974954e-06,3.841084408915597e-10,6.255990467307725e-06,0.0,6.2559904673077255e-06,7.519972263380373e-10
6.398530563312525e-06,3.884776095903089e-10,6.3973726092252735e-06,0.0,6.397372609225274e-06,7.694764776608081e-10
6.541197089278134e-06,3.928550632625887e-10,6.5400170811338216e-06,0.0,6.540017081133822e-06,7.871530810505761e-10
6.685126150871792e-06,3.9724122055679794e-10,6.683923882245997e-06,0.0,6.6839238822459975e-06,8.050274052382821e-10
6.830317748093495e-06,4.0163647571897596e-10,6.829093011780396e-06,0.0,6.829093011780396e-06,8.230998373800584e-10
6.9767718809432435e-06,4.0604120110311493e-10,6.975524468960155e-06,0.0,6.975524468960156e-06,8.413707819853932e-10
7.1244885494210414e-06,4.104557499761288e-10,7.1232182530110376e-06,0.0,7.1232182530110376e-06,8.598406600288079e-10
7.273467753526886e-06,4.148804579776112e-10,7.272174363160812e-06,0.0,7.2721743631608125e-06,8.785099080963587e-10
7.423709493260771e-06,4.193156451109053e-10,7.422392798638027e-06,0.0,7.422392798638027e-06,8.973789776329341e-10
7.575213768622709e-06,4.2376161732792587e-10,7.573873558671116e-06,0.0,7.573873558671116e-06,9.164483342653354e-10
7.727980579612696e-06,4.2821866793682096e-10,7.726616642487566e-06,0.0,7.726616642487566e-06,9.357184571926292e-10
7.882009926230724e-06,4.326870788542274e-10,7.880622049313234e-06,0.0,7.880622049313234e-06,9.551898386363909e-10
8.03730180847681e-06,4.3716712172396164e-10,8.03588977837174e-06,0.0,8.035889778371742e-06,9.748629833443993e-10
8.193856226350945e-06,4.416590589180668e-10,8.192419828883884e-06,0.0,8.192419828883886e-06,9.947384081421513e-10
8.351673179853126e-06,4.461631444341527e-10,8.350212200067164e-06,0.0,8.350212200067166e-06,1.0148166415272626e-09
8.510752668983358e-06,4.5067962470228614e-10,8.509266891135353e-06,0.0,8.509266891135354e-06,1.0350982233024187e-09
8.671094693741643e-06,4.552087393120253e-10,8.669583901298089e-06,0.0,8.669583901298089e-06,1.0555837042430496e-09
8.832699254127982e-06,4.5975072166892445e-10,8.831163229760516e-06,0.0,8.831163229760516e-06,1.0762736457963576e-09
8.995566350142359e-06,4.643057995887645e-10,8.994004875722963e-06,0.0,8.994004875722963e-06,1.0971686198087102e-09
9.159695981784792e-06,4.688741958360286e-10,9.158108838380678e-06,0.0,9.15810883838068e-06,1.118269208278748e-09
9.32508814905528e-06,4.734561286136799e-10,9.323475116923532e-06,0.0,9.323475116923533e-06,1.1395760031338534e-09
9.49174285195382e-06,4.780518120089378e-10,9.490103710535784e-06,0.0,9.490103710535784e-06,1.161089606027884e-09
9.659660090480414e-06,4.826614563999865e-10,9.657994618395858e-06,0.0,9.657994618395858e-06,1.1828106281582978e-09
9.82883986463506e-06,4.8728526882777e-10,9.827147839676132e-06,0.0,9.827147839676132e-06,1.2047396901010002e-09
9.999282174417769e-06,4.919234533365169e-10,9.99756337354277e-06,0.0,9.99756337354277e-06,1.2268774216614132e-09
1.0170987019828525e-05,4.965762112862173e-10,1.0169241219155499e-05,0.0,1.01692412191555e-05,1.2492244617404256e-09
1.0343954400867336e-05,5.012437416399227e-10,1.0342181375667483e-05,0.0,1.0342181375667483e-05,1.2717814582140147e-09
1.0518184317534203e-05,5.059262412283733e-10,1.0516383842225151e-05,0.0,1.0516383842225151e-05,1.2945490678254514e-09
1.0693676769829118e-05,5.106239049942061e-10,1.0691848617968036e-05,0.0,1.0691848617968038e-05,1.3175279560891193e-09
1.08704317577521e-05,5.153369262177287e-10,1.0868575702028679e-05,0.0,1.0868575702028679e-05,1.3407187972050542e-09
1.1048449281303143e-05,5.200654967260519e-10,1.1046565093532434e-05,0.0,1.1046565093532435e-05,1.364122273983406e-09
1.1227729340482244e-05,5.248098070871585e-10,1.1225816791597379e-05,0.0,1.1225816791597379e-05,1.3877390777781102e-09
1.1408271935289399e-05,5.295700467902744e-10,1.1406330795334181e-05,0.0,1.1406330795334181e-05,1.4115699084291027e-09
1.1590077065724617e-05,5.343966121118353e-10,1.1588107051613615e-05,0.0,1.1588107051613616e-05,1.4356174988876407e-09
1.1771882196159931e-05,5.360339901551082e-10,1.1769886423135316e-05,0.0,1.1769886423135316e-05,1.459739034458786e-09
1.1953687326595308e-05,5.376735574215722e-10,1.1951665718790601e-05,0.0,1.1951665718790601e-05,1.4839342472894313e-09
1.2135492457030742e-05,5.393152521528479e-10,1.2133444938546548e-05,0.0,1.213344493854655e-05,1.5082032320402544e-09
1.231729758746624e-05,5.409590782126281e-10,1.2315224082304493e-05,0.0,1.2315224082304493e-05,1.5325460835344019e-09
1.2499102717901794e-05,5.426050394720494e-10,1.2497003149965556e-05,0.0,1.2497003149965556e-05,1.5569628967653975e-09
1.2680907848337407e-05,5.442531398113464e-10,1.2678782141430696e-05,0.0,1.2678782141430696e-05,1.581453766897535e-09
1.2862712978773077e-05,5.459033831199746e-10,1.286056105660069e-05,0.0,1.286056105660069e-05,1.6060187892662771e-09
1.3044518109208815e-05,5.475557732966654e-10,1.3042339895376133e-05,0.0,1.3042339895376135e-05,1.6306580593786574e-09
1.3226323239644603e-05,5.492103142494544e-10,1.3224118657657443e-05,0.0,1.3224118657657444e-05,1.655371672913675e-09
1.3408128370080456e-05,5.50867009895709e-10,1.3405897343344837e-05,0.0,1.3405897343344837e-05,1.680159725722704e-09
1.3589933500516363e-05,5.525258641621614e-10,1.3587675952338372e-05,0.0,1.3587675952338372e-05,1.7050223138298908e-09
1.3771738630952328e-05,5.541868809848931e-10,1.3769454484537915e-05,0.0,1.3769454484537916e-05,1.7299595334325603e-09
1.3953543761388366e-05,5.558500643093775e-10,1.395123293984315e-05,0.0,1.3951232939843154e-05,1.7549714809016208e-09
1.4135348891824454e-05,5.575154180905092e-10,1.413301131815358e-05,0.0,1.413301131815358e-05,1.7800582527819689e-09
1.4317154022260605e-05,5.59182946292608e-10,1.4314789619368516e-05,0.0,1.4314789619368516e-05,1.8052199457928987e-09
1.449895915269681e-05,5.60852652889449e-10,1.4496567843387093e-05,0.0,1.4496567843387093e-05,1.83045665682851e-09
1.4680764283133084e-05,5.625245418642844e-10,1.4678345990108262e-05,0.0,1.4678345990108262e-05,1.855768482958117e-09
1.486256941356942e-05,5.641986172098692e-10,1.4860124059430782e-05,0.0,1.4860124059430782e-05,1.8811555214266608e-09
1.5044374544005813e-05,5.658748829284767e-10,1.504190205125323e-05,0.0,1.504190205125323e-05,1.90661786965512e-09
1.5226179674442272e-05,5.675533430319292e-10,1.5223679965473997e-05,0.0,1.5223679965473997e-05,1.932155625240924e-09
1.5407984804878776e-05,5.692340015416177e-10,1.5405457801991275e-05,0.0,1.5405457801991275e-05,1.957768885958373e-09
1.5589789935315343e-05,5.709168624885319e-10,1.5587235560703093e-05,0.0,1.5587235560703093e-05,1.9834577497590404e-09
1.5771595065751976e-05,5.726019299132801e-10,1.5769013241507287e-05,0.0,1.5769013241507287e-05,2.0092223147722043e-09
1.595340019618867e-05,5.742892078661167e-10,1.5950790844301496e-05,0.0,1.5950790844301496e-05,2.0350626793052553e-09
1.613520532662542e-05,5.759787004069676e-10,1.6132568368983165e-05,0.0,1.6132568368983165e-05,2.0609789418441225e-09
1.6317010457062228e-05,5.776704116054545e-10,1.6314345815449573e-05,0.0,1.6314345815449573e-05,2.08697120105369e-09
1.6498815587499114e-05,5.793643455409213e-10,1.6496123183597795e-05,0.0,1.6496123183597795e-05,2.1130395557782162e-09
1.6680620717936055e-05,5.810605063024638e-10,1.667790047332471e-05,0.0,1.667790047332471e-05,2.1391841050417627e-09
1.6862425848373043e-05,5.827588979889556e-10,1.6859677684527007e-05,0.0,1.6859677684527007e-05,2.165404948048615e-09
1.7044230978810102e-05,5.844595247090737e-10,1.7041454817101212e-05,0.0,1.704145481710121e-05,2.1917021841837066e-09
1.7226036109247222e-05,5.861623905813234e-10,1.722323187094363e-05,0.0,1.722323187094363e-05,2.2180759130130476e-09
1.7407841239684403e-05,5.878674997340707e-10,1.7405008845950387e-05,0.0,1.7405008845950387e-05,2.2445262342841506e-09
1.7589646370121642e-05,5.895748563055684e-10,1.7586785742017407e-05,0.0,1.7586785742017407e-05,2.271053247926462e-09
1.777145150055894e-05,5.91284464443982e-10,1.7768562559040445e-05,0.0,1.7768562559040445e-05,2.297657054051788e-09
1.795325663098854e-05,5.929963337951269e-10,1.79503392969018e-05,0.0,1.79503392969018e-05,2.324337752949833e-09
1.8180513044025193e-05,6.945106146068881e-10,1.817746297833603e-05,0.0,1.8177462978336033e-05,2.3555550745524868e-09
1.840903199269186e-05,6.998549825824599e-10,1.8405945115381397e-05,0.0,1.84059451153814e-05,2.387022327878758e-09
1.8638813476986622e-05,7.052098470647083e-10,1.863568953642272e-05,0.0,1.8635689536422725e-05,2.418730716835416e-09
1.886985749690948e-05,7.105742636870134e-10,1.8866696242001483e-05,0.0,1.8866696242001483e-05,2.4506806443131786e-09
1.9102164052460433e-05,7.159487225429126e-10,1.9098965231201877e-05,0.0,1.9098965231201877e-05,2.482872536016304e-09
1.9335733143639483e-05,7.213336829787184e-10,1.9332496503117385e-05,0.0,1.9332496503117388e-05,2.5153068391168896e-09
1.957056477044663e-05,7.267295770509051e-10,1.9567290056848634e-05,0.0,1.9567290056848637e-05,2.547984020946408e-09
1.9806658932881884e-05,7.321368124666539e-10,1.980334589150159e-05,0.0,1.9803345891501598e-05,2.580904567823651e-09
2.0044015630945228e-05,7.375557752237937e-10,2.0040664006186005e-05,0.0,2.0040664006186005e-05,2.614068983997919e-09
2.0282634864636678e-05,7.429868322356066e-10,2.0279244400013682e-05,0.0,2.0279244400013682e-05,2.647477790757725e-09
2.052251663395622e-05,7.484303329178445e-10,2.051908707209772e-05,0.0,2.051908707209772e-05,2.681131525585072e-09
2.0763660938903872e-05,7.538866111538532e-10,2.0760192021551306e-05,0.0,2.0760192021551306e-05,2.715030741408278e-09
2.1006067779479615e-05,7.59355986883702e-10,2.10025592474868e-05,0.0,2.1002559247486804e-05,2.749176005930661e-09
2.124973715568347e-05,7.648387675156128e-10,2.124618874901493e-05,0.0,2.1246188749014932e-05,2.7835679010265827e-09
2.1494669067515422e-05,7.703352491828528e-10,2.149108052524404e-05,0.0,2.149108052524404e-05,2.8182070221974643e-09
2.1740863514975472e-05,7.758457178658179e-10,2.1737234575279528e-05,0.0,2.173723457527953e-05,2.8530939780813302e-09
2.1988320498063636e-05,7.813704503963014e-10,2.1984650898223227e-05,0.0,2.198465089822323e-05,2.888229390010266e-09
2.2237040016779892e-05,7.869097153584835e-10,2.223332949317292e-05,0.0,2.223332949317292e-05,2.9236138916108476e-09
2.248702207112425e-05,7.924637738991647e-10,2.248327035922191e-05,0.0,2.2483270359221913e-05,2.959248128443197e-09
2.2738266661096726e-05,7.980328804580283e-10,2.273447349545859e-05,0.0,2.2734473495458594e-05,2.995132757674868e-09
2.2990773786697303e-05,8.03617283427317e-10,2.2986938900966085e-05,0.0,2.2986938900966085e-05,3.031268447786159e-09
2.3244543447925976e-05,8.092172257490108e-10,2.3240666574821925e-05,0.0,2.3240666574821925e-05,3.0676558783038905e-09
2.349957564478277e-05,8.148329454566639e-10,2.349565651609775e-05,0.0,2.349565651609775e-05,3.1042957395609964e-09
2.375587037726767e-05,8.204646761679843e-10,2.3751908723859023e-05,0.0,2.3751908723859026e-05,3.1411887324795495e-09
2.401342764538068e-05,8.261126475335866e-10,2.400942319716477e-05,0.0,2.400942319716477e-05,3.1783355683751794e-09
2.4272247449121795e-05,8.317770856466469e-10,2.4268199935067365e-05,0.0,2.4268199935067368e-05,3.215736968780945e-09
2.4532329788491012e-05,8.374582134176207e-10,2.4528238936612303e-05,0.0,2.4528238936612303e-05,3.2533936652890547e-09
2.4793674663488356e-05,8.431562509176908e-10,2.4789540200838027e-05,0.0,2.4789540200838027e-05,3.2913063994088963e-09
2.5056282074113794e-05,8.488714156941418e-10,2.5052103726775663e-05,0.0,2.5052103726775667e-05,3.3294759224400517e-09
2.532015202036736e-05,8.546039230605685e-10,2.5315929513448935e-05,0.0,2.531592951344894e-05,3.36790299535909e-09
2.5585284502249023e-05,8.603539863644062e-10,2.5581017559873943e-05,0.0,2.5581017559873943e-05,3.4065883887190446e-09
2.5851679519758804e-05,8.661218172340598e-10,2.584736786505901e-05,0.0,2.5847367865059013e-05,3.4455328825606164e-09
2.6119337072896706e-05,8.719076258076062e-10,2.611498042800456e-05,0.0,2.611498042800456e-05,3.4847372663342033e-09
2.6388257161662725e-05,8.777116209448824e-10,2.6383855247702947e-05,0.0,2.6383855247702947e-05,3.524202338831964e-09
2.6658439786056836e-05,8.8353401042472e-10,2.6653992323138283e-05,0.0,2.6653992323138283e-05,3.563928908129202e-09
2.692988494607909e-05,8.893750011279693e-10,2.6925391653286426e-05,0.0,2.692539165328643e-05,3.6039177915344113e-09
2.720259264172946e-05,8.952850655740552e-10,2.719805318482439e-05,0.0,2.719805318482439e-05,3.6441718394990815e-09
2.7475300337379953e-05,8.978662315422491e-10,2.7470717929011697e-05,0.0,2.7470717929011697e-05,3.684542136715533e-09
2.7748008033030535e-05,9.004508848981957e-10,2.774338255370503e-05,0.0,2.774338255370503e-05,3.7250284406039485e-09
2.802071572868119e-05,9.030389604995804e-10,2.8016047058817486e-05,0.0,2.8016047058817486e-05,3.765630903206356e-09
2.8293423424331914e-05,9.056304646971946e-10,2.8288711444190385e-05,0.0,2.828871144419039e-05,3.806349676835065e-09
2.856613111998272e-05,9.08225403854689e-10,2.856137570966478e-05,0.0,2.856137570966478e-05,3.847184914081844e-09
2.88388388156336e-05,9.108237843506788e-10,2.8834039855081426e-05,0.0,2.883403985508143e-05,3.888136767818578e-09
2.9111546511284557e-05,9.134256125790101e-10,2.9106703880280778e-05,0.0,2.910670388028078e-05,3.929205391197949e-09
2.9384254206935587e-05,9.160308949488746e-10,2.9379367785102982e-05,0.0,2.9379367785102982e-05,3.9703909376540935e-09
2.96569619025867e-05,9.186396378849012e-10,2.9652031569387912e-05,0.0,2.9652031569387912e-05,4.011693560903273e-09
2.9929669598237898e-05,9.212518478272286e-10,2.9924695232975123e-05,0.0,2.9924695232975126e-05,4.053113414944551e-09
3.0202377293889165e-05,9.238675312315459e-10,3.0197358775703867e-05,0.0,3.019735877570387e-05,4.094650654060459e-09
3.0475084989540513e-05,9.264866945691462e-10,3.047002219741313e-05,0.0,3.0470022197413132e-05,4.136305432817687e-09
3.074779268519194e-05,9.291093443269796e-10,3.074268549794155e-05,0.0,3.074268549794155e-05,4.178077906067745e-09
3.102050038084345e-05,9.31735487007684e-10,3.1015348677127495e-05,0.0,3.1015348677127495e-05,4.2199682289476526e-09
3.1293208076495026e-05,9.343651291296496e-10,3.128801173480901e-05,0.0,3.128801173480901e-05,4.261976556880618e-09
3.156591577214667e-05,9.369982772270521e-10,3.156067467082388e-05,0.0,3.156067467082388e-05,4.30410304557672e-09
3.1838623467798414e-05,9.396349378499017e-10,3.1833337485009534e-05,0.0,3.1833337485009534e-05,4.346347851033601e-09
3.211133116345024e-05,9.422751175640846e-10,3.2106000177203135e-05,0.0,3.2106000177203135e-05,4.388711129537147e-09
3.238403885910213e-05,9.449188229514205e-10,3.237866274724152e-05,0.0,3.237866274724152e-05,4.431193037662176e-09
3.26567465547541e-05,9.475660606096911e-10,3.265132519496122e-05,0.0,3.265132519496122e-05,4.473793732273136e-09
3.292945425040615e-05,9.502168371527013e-10,3.292398752019848e-05,0.0,3.2923987520198484e-05,4.516513370524805e-09
3.32021619460583e-05,9.52871159210319e-10,3.319664972278923e-05,0.0,3.319664972278923e-05,4.559352109862965e-09
3.3474869641710516e-05,9.555290334285165e-10,3.3469311802569056e-05,0.0,3.3469311802569056e-05,4.602310108025122e-09
3.374757733736279e-05,9.581904664694287e-10,3.374197375937328e-05,0.0,3.374197375937328e-05,4.645387523041194e-09
3.4020285033015165e-05,9.608554650113898e-10,3.401463559303692e-05,0.0,3.401463559303692e-05,4.688584513234216e-09
3.42929927286676e-05,9.635240357489877e-10,3.4287297303394636e-05,0.0,3.4287297303394636e-05,4.731901237221042e-09
3.4565700424320125e-05,9.661961853931038e-10,3.4559958890280816e-05,0.0,3.4559958890280816e-05,4.775337853913055e-09
3.4838408119972734e-05,9.688719206709726e-10,3.483262035352954e-05,0.0,3.483262035352955e-05,4.8188945225168666e-09
3.511111581562541e-05,9.71551248326214e-10,3.510528169297455e-05,0.0,3.510528169297455e-05,4.8625714025350415e-09
3.538382351127818e-05,9.742341751188914e-10,3.53779429084493e-05,0.0,3.53779429084493e-05,4.906368653766797e-09
3.565653120693102e-05,9.76920707825561e-10,3.56506039997869e-05,0.0,3.56506039997869e-05,4.950286436308717e-09
3.592923890258394e-05,9.796108532393118e-10,3.592326496682015e-05,0.0,3.592326496682015e-05,4.994324910555479e-09
3.620194659823694e-05,9.823046181698214e-10,3.6195925809381566e-05,0.0,3.6195925809381566e-05,5.038484237200563e-09
3.647465429389003e-05,9.85002009443405e-10,3.6468586527303346e-05,0.0,3.6468586527303346e-05,5.082764577236973e-09
3.674736198953506e-05,9.877030430704735e-10,3.6741247120400036e-05,0.0,3.6741247120400036e-05,5.12716609195079e-09
3.7065520967787015e-05,1.0851678347217036e-09,3.70592598860606e-05,0.0,3.70592598860606e-05,5.175913891698971e-09
3.738494248166894e-05,1.0916107405863374e-09,3.737862591152173e-05,0.0,3.737862591152173e-05,5.224959406627193e-09
3.770562653117898e-05,1.0980664120326686e-09,3.769925416957644e-05,0.0,3.769925416957644e-05,5.2742951905057835e-09
3.802757311631715e-05,1.1045341272992132e-09,3.8021144660433664e-05,0.0,3.8021144660433664e-05,5.323921756179343e-09
3.83507822370834e-05,1.1110143915918874e-09,3.8344297383051836e-05,0.0,3.834429738305184e-05,5.373839639974968e-09
3.867525389347778e-05,1.1175076794685925e-09,3.8668712336397994e-05,0.0,3.8668712336397994e-05,5.4240494003239474e-09
3.9000988085500273e-05,1.1240144382987962e-09,3.899438951944552e-05,0.0,3.899438951944552e-05,5.474551616459386e-09
3.9327984813150894e-05,1.1305350911787764e-09,3.932132893117247e-05,0.0,3.932132893117247e-05,5.525346887246514e-09
3.965624407642963e-05,1.1370700397045014e-09,3.9649530570559776e-05,0.0,3.9649530570559776e-05,5.576435830142049e-09
3.998576587533647e-05,1.143619666412256e-09,3.997899443658976e-05,0.0,3.997899443658976e-05,5.627819080300743e-09
4.0316550209871436e-05,1.1501843364961834e-09,4.03097205282452e-05,0.0,4.03097205282452e-05,5.679497289738448e-09
4.0648597080034525e-05,1.1567643997469408e-09,4.064170884450819e-05,0.0,4.064170884450819e-05,5.7314711265914825e-09
4.098190648582571e-05,1.1633601921453908e-09,4.0974959384359124e-05,0.0,4.097495938435914e-05,5.783741274451927e-09
4.1316478427245055e-05,1.1699720372783622e-09,4.1309472146776e-05,0.0,4.130947214677601e-05,5.836308431770383e-09
4.1652312904292504e-05,1.1766002475996277e-09,4.164524713073359e-05,0.0,4.164524713073359e-05,5.889173311318801e-09
4.198940991696808e-05,1.1832451255560378e-09,4.1982284335202815e-05,0.0,4.198228433520282e-05,5.942336639706941e-09
4.232776946527179e-05,1.1899069645956463e-09,4.2320583759150246e-05,0.0,4.2320583759150246e-05,5.995799156946831e-09
4.2667391549203586e-05,1.1965860500724485e-09,4.266014540153745e-05,0.0,4.266014540153745e-05,6.04956161606031e-09
4.300827616876353e-05,1.203282660060274e-09,4.300096926132074e-05,0.0,4.300096926132074e-05,6.103624782725316e-09
4.33504233239516e-05,1.209997066086665e-09,4.3343055337450545e-05,0.0,4.334305533745055e-05,6.157989434957072e-09
4.3693833014767805e-05,1.2167295337960304e-09,4.3686403628871186e-05,0.0,4.3686403628871186e-05,6.212656362820846e-09
4.403850524121212e-05,1.2234803235503355e-09,4.40310141345204e-05,0.0,4.40310141345204e-05,6.267626368173262e-09
4.4384440003284554e-05,1.2302496909743501e-09,4.437688685332916e-05,0.0,4.437688685332916e-05,6.322900264429541e-09
4.4731637300985126e-05,1.2370378874516563e-09,4.472402178422132e-05,0.0,4.4724021784221326e-05,6.378478876354293e-09
4.508009713431382e-05,1.2438451605767514e-09,4.507241892611337e-05,0.0,4.507241892611337e-05,6.434363039873801e-09
4.542981950327066e-05,1.250671754568102e-09,4.542207827791418e-05,0.0,4.542207827791418e-05,6.490553601907897e-09
4.578080440785562e-05,1.2575179106462177e-09,4.577299983852475e-05,0.0,4.577299983852475e-05,6.547051420219795e-09
4.61330518480687e-05,1.2643838673804305e-09,4.6125183606838036e-05,0.0,4.6125183606838036e-05,6.603857363282342e-09
4.648656182390991e-05,1.2712698610076635e-09,4.647862958173874e-05,0.0,4.647862958173874e-05,6.6609723101593995e-09
4.684133433537926e-05,1.2781761257260237e-09,4.6833337762103134e-05,0.0,4.6833337762103134e-05,6.718397150401102e-09
4.719736938247675e-05,1.2851028939657364e-09,4.7189308146798834e-05,0.0,4.718930814679884e-05,6.776132783951952e-09
4.755466696520237e-05,1.2920503966396892e-09,4.7546540734684664e-05,0.0,4.7546540734684664e-05,6.834180121070756e-09
4.791322708355612e-05,1.2990188633755746e-09,4.7905035524610485e-05,0.0,4.7905035524610485e-05,6.892540082261499e-09
4.827304973753801e-05,1.3060085227314345e-09,4.826479251541706e-05,0.0,4.826479251541706e-05,6.951213598214431e-09
4.863413492714802e-05,1.3130196023964216e-09,4.8625811705935874e-05,0.0,4.8625811705935874e-05,7.010201609756571e-09
4.899648265238618e-05,1.320052329377588e-09,4.898809309498899e-05,0.0,4.8988093094989e-05,7.069505067811012e-09
4.936009291325247e-05,1.3271572553420235e-09,4.9351636629040564e-05,0.0,4.9351636629040564e-05,7.129126956565437e-09
4.9723703174118926e-05,1.3307815642419782e-09,4.971518348080429e-05,0.0,4.971518348080429e-05,7.18891175039678e-09
5.008731343498548e-05,1.3344108520979989e-09,5.00787301648973e-05,0.0,5.00787301648973e-05,7.248859236087668e-09
5.0450923695852126e-05,1.3380450500682327e-09,5.044227668117061e-05,0.0,5.044227668117061e-05,7.308969631441467e-09
5.081453395671885e-05,1.3416841674731347e-09,5.080582302939671e-05,0.0,5.080582302939672e-05,7.369243154660217e-09
5.1178144217585685e-05,1.3453282136531779e-09,5.1169369209347676e-05,0.0,5.1169369209347676e-05,7.429680024355335e-09
5.154175447845262e-05,1.3489771979712878e-09,5.15329152207951e-05,0.0,5.15329152207951e-05,7.490280459548613e-09
5.190536473931964e-05,1.3526311298131759e-09,5.1896461063510144e-05,0.0,5.1896461063510144e-05,7.551044679673208e-09
5.226897500018674e-05,1.356290018587554e-09,5.226000673726358e-05,0.0,5.226000673726358e-05,7.611972904574651e-09
5.2632585261053956e-05,1.359953873726257e-09,5.2623552241825715e-05,0.0,5.2623552241825715e-05,7.673065354511837e-09
5.299619552192126e-05,1.3636227046843601e-09,5.298709757696641e-05,0.0,5.298709757696641e-05,7.73432225015804e-09
5.335980578278865e-05,1.3672965209402668e-09,5.3350642742455094e-05,0.0,5.3350642742455094e-05,7.795743812601923e-09
5.3723416043656165e-05,1.3709753319957836e-09,5.3714187738060816e-05,0.0,5.3714187738060816e-05,7.857330263348542e-09
5.4087026304523764e-05,1.3746591473762005e-09,5.407773256355207e-05,0.0,5.407773256355206e-05,7.919081824320365e-09
5.445063656539144e-05,1.3783479766303621e-09,5.444127721869695e-05,0.0,5.444127721869695e-05,7.980998717858287e-09
5.481424682625924e-05,1.3820418293307342e-09,5.480482170326319e-05,0.0,5.480482170326319e-05,8.043081166722654e-09
5.517785708712712e-05,1.3857407150734832e-09,5.5168366017017955e-05,0.0,5.5168366017017955e-05,8.10532939409428e-09
5.554146734799509e-05,1.3894446434785305e-09,5.553191015972804e-05,0.0,5.553191015972804e-05,8.167743623575486e-09
5.590507760886317e-05,1.3931536241896445e-09,5.589545413115981e-05,0.0,5.589545413115981e-05,8.230324079191113e-09
5.626868786973135e-05,1.3968676668744858e-09,5.6258997931079097e-05,0.0,5.6258997931079097e-05,8.293070985389565e-09
5.663229813059962e-05,1.4005867812246954e-09,5.662254155925135e-05,0.0,5.662254155925135e-05,8.355984567043848e-09
5.699590839146799e-05,1.4043109769559544e-09,5.698608501544158e-05,0.0,5.698608501544158e-05,8.419065049452598e-09
5.7359518652336456e-05,1.40804026380806e-09,5.734962829941431e-05,0.0,5.734962829941431e-05,8.482312658341128e-09
5.7723128913205004e-05,1.411774651544997e-09,5.7713171410933605e-05,0.0,5.7713171410933605e-05,8.545727619862476e-09
5.808673917407366e-05,1.4155141499550017e-09,5.807671434976312e-05,0.0,5.807671434976312e-05,8.609310160598442e-09
5.8450349434942405e-05,1.4192587688506468e-09,5.844025711566601e-05,0.0,5.844025711566601e-05,8.673060507560651e-09
5.881395969581127e-05,1.4230085180688994e-09,5.8803799708405006e-05,0.0,5.8803799708405006e-05,8.736978888191612e-09
5.917756995668019e-05,1.4267634074712057e-09,5.916734212774235e-05,0.0,5.9167342127742353e-05,8.801065530365746e-09
5.954118021754925e-05,1.4305234469435494e-09,5.953088437343992e-05,0.0,5.953088437343992e-05,8.865320662390481e-09
5.99047904784184e-05,1.4342886463965403e-09,5.989442644525899e-05,0.0,5.989442644525899e-05,8.929744513007289e-09
6.026840073928763e-05,1.4380590157654741e-09,6.025796834296048e-05,0.0,6.025796834296048e-05,8.99433731139278e-09
6.063201100015699e-05,1.4418345650104228e-09,6.06215100663048e-05,0.0,6.06215100663048e-05,9.05909928715974e-09
6.099562126102642e-05,1.4456153041162815e-09,6.0985051615051934e-05,0.0,6.0985051615051934e-05,9.124030670358229e-09
6.135923152189597e-05,1.4494012430928789e-09,6.134859298896138e-05,0.0,6.13485929889614e-05,9.189131691476646e-09
6.17228417827656e-05,1.4531923919750107e-09,6.171213418779218e-05,0.0,6.171213418779218e-05,9.254402581442806e-09
6.208645204362707e-05,1.4569887729515596e-09,6.20756752112825e-05,0.0,6.20756752112825e-05,9.31984357161538e-09
6.247278794579166e-05,1.4853496988453584e-09,6.246191606825802e-05,0.0,6.246191606825802e-05,9.386527834807735e-09
6.285975511577103e-05,1.4909551218492604e-09,6.28488106982182e-05,0.0,6.28488106982182e-05,9.453462430995679e-09
6.324735355356452e-05,1.4965650228371336e-09,6.323633633952301e-05,0.0,6.323633633952301e-05,9.520649018654094e-09
6.363558325917206e-05,1.5021802657035416e-09,6.362449299108905e-05,0.0,6.362449299108906e-05,9.588087817325378e-09
6.402444423259375e-05,1.5078012600798487e-09,6.401328065226762e-05,0.0,6.401328065226762e-05,9.65577906604746e-09
6.441393647382956e-05,1.5134283840797878e-09,6.440269932242378e-05,0.0,6.440269932242378e-05,9.723723021707826e-09
6.480405998287943e-05,1.51906198771242e-09,6.479274900093401e-05,0.0,6.479274900093401e-05,9.791919957703797e-09
6.519481475974341e-05,1.5247023957569523e-09,6.518342968718494e-05,0.0,6.518342968718494e-05,9.86037016273106e-09
6.558620080442148e-05,1.5303499106558273e-09,6.55747413805711e-05,0.0,6.557474138057112e-05,9.929073939714567e-09
6.597821811691367e-05,1.5360048147517061e-09,6.596668408049406e-05,0.0,6.596668408049406e-05,9.99803160486734e-09
6.637086669721996e-05,1.5416673721215081e-09,6.635925778636102e-05,0.0,6.635925778636103e-05,1.0067243486816197e-08
6.676414654534036e-05,1.5473378304716292e-09,6.675246249758407e-05,0.0,6.675246249758407e-05,1.013670992582078e-08
6.715805766127484e-05,1.5530164227193538e-09,6.714629821357906e-05,0.0,6.714629821357906e-05,1.0206431273067878e-08
6.755260004502345e-05,1.5587033683958601e-09,6.754076493376502e-05,0.0,6.754076493376502e-05,1.0276407890032584e-08
6.794777369658615e-05,1.5643988748941353e-09,6.793586265756336e-05,0.0,6.793586265756336e-05,1.0346640147898889e-08
6.834357861596297e-05,1.5701031385814695e-09,6.833159138439735e-05,0.0,6.833159138439735e-05,1.0417128427033241e-08
6.874001480315387e-05,1.57581634579375e-09,6.872795111369158e-05,0.0,6.872795111369158e-05,1.0487873116505475e-08
6.913708225815887e-05,1.5815386737258775e-09,6.91249418448715e-05,0.0,6.91249418448715e-05,1.0558874613652131e-08
6.9534780980978e-05,1.5872702912310308e-09,6.952256357736307e-05,0.0,6.952256357736308e-05,1.063013332367785e-08
6.993311097161124e-05,1.5930113595395668e-09,6.99208163105924e-05,0.0,6.99208163105924e-05,1.070164965929099e-08
7.033207223005854e-05,1.5987620329068373e-09,7.031970004398527e-05,0.0,7.031970004398528e-05,1.0773424040370129e-08
7.073166475631999e-05,1.604522459198247e-09,7.071921477696712e-05,0.0,7.071921477696712e-05,1.0845456893658377e-08
7.113188855039553e-05,1.6102927804185259e-09,7.111936050896263e-05,0.0,7.111936050896263e-05,1.0917748652482957e-08
7.153274361228517e-05,1.61607313319144e-09,7.152013723939549e-05,0.0,7.152013723939549e-05,1.0990299756497557e-08
7.193422994198896e-05,1.6218636491953042e-09,7.192154496768832e-05,0.0,7.192154496768832e-05,1.106311065144548e-08
7.233634753950682e-05,1.6276644555591055e-09,7.232358369326232e-05,0.0,7.232358369326232e-05,1.1136181788941644e-08
7.273909640483878e-05,1.6334756752233012e-09,7.272625341553727e-05,0.0,7.272625341553727e-05,1.1209513626271727e-08
7.314247653798483e-05,1.6392974272691317e-09,7.312955413393135e-05,0.0,7.312955413393137e-05,1.128310662620703e-08
7.354648793894503e-05,1.645129827219483e-09,7.353348584786098e-05,0.0,7.353348584786098e-05,1.1356961256833649e-08
7.395113060771931e-05,1.6509729873143226e-09,7.393804855674061e-05,0.0,7.393804855674061e-05,1.1431077991394754e-08
7.435640454430771e-05,1.656827016763169e-09,7.434324225998282e-05,0.0,7.434324225998282e-05,1.1505457308144873e-08
7.47623097487102e-05,1.6626920219768211e-09,7.474906695699801e-05,0.0,7.474906695699801e-05,1.158009969021526e-08
7.51688462209268e-05,1.6685681067804007e-09,7.515552264719452e-05,0.0,7.515552264719453e-05,1.1655005625489325e-08
7.557601396095752e-05,1.6744553726094499e-09,7.556260932997843e-05,0.0,7.556260932997843e-05,1.1730175606487453e-08
7.598381296880235e-05,1.6803539186906856e-09,7.597032700475341e-05,0.0,7.597032700475341e-05,1.180561013026038e-08
7.639224324446131e-05,1.6862638422091627e-09,7.63786756709208e-05,0.0,7.63786756709208e-05,1.1881309698290539e-08
7.680130478793432e-05,1.6922356245293257e-09,7.678765527547096e-05,0.0,7.678765527547096e-05,1.1957276838839953e-08
7.721036633140751e-05,1.696405236277327e-09,7.719663649525683e-05,0.0,7.719663649525683e-05,1.2033430914391552e-08
7.761942787488075e-05,1.7005802412204167e-09,7.760561752270925e-05,0.0,7.760561752270926e-05,1.210977193026102e-08
7.80284894183541e-05,1.7047606073265744e-09,7.801459835762286e-05,0.0,7.801459835762286e-05,1.2186300123905019e-08
7.843755096182756e-05,1.7089463444905847e-09,7.842357899974986e-05,0.0,7.842357899974986e-05,1.2263015733208088e-08
7.884661250530106e-05,1.7131374626382425e-09,7.883255944884194e-05,0.0,7.883255944884194e-05,1.2339918996489089e-08
7.925567404877467e-05,1.7173339717229279e-09,7.924153970465043e-05,0.0,7.924153970465045e-05,1.2417010152502222e-08
7.966473559224837e-05,1.7215358817236753e-09,7.96505197669262e-05,0.0,7.96505197669262e-05,1.2494289440438093e-08
8.007379713572215e-05,1.7257432026443346e-09,8.005949963541957e-05,0.0,8.005949963541959e-05,1.2571757099924742e-08
8.0482858679196e-05,1.729955944513214e-09,8.046847930988048e-05,0.0,8.046847930988048e-05,1.2649413371028726e-08
8.089192022266998e-05,1.7341741173829389e-09,8.087745879005833e-05,0.0,8.087745879005834e-05,1.2727258494256144e-08
8.130098176614403e-05,1.7383977313304366e-09,8.128643807570215e-05,0.0,8.128643807570216e-05,1.28052927105537e-08
8.171004330961816e-05,1.7426267964569669e-09,8.169541716656038e-05,0.0,8.169541716656038e-05,1.2883516261309776e-08
8.211910485309236e-05,1.746861322888172e-09,8.210439606238112e-05,0.0,8.210439606238113e-05,1.2961929388355512e-08
8.252816639656667e-05,1.7511013207741682e-09,8.251337476291193e-05,0.0,8.251337476291193e-05,1.3040532333965823e-08
8.293722794004105e-05,1.755346800289615e-09,8.29223532678999e-05,0.0,8.292235326789991e-05,1.3119325340860521e-08
8.334628948351553e-05,1.7595977716338215e-09,8.333133157709169e-05,0.0,8.33313315770917e-05,1.3198308652205363e-08
8.375535102699011e-05,1.7638542450308276e-09,8.374030969023347e-05,0.0,8.374030969023348e-05,1.3277482511613136e-08
8.416441257046481e-05,1.7681162307295115e-09,8.414928760707093e-05,0.0,8.414928760707093e-05,1.3356847163144727e-08
8.457347411393955e-05,1.772383739003657e-09,8.455826532734923e-05,0.0,8.455826532734924e-05,1.3436402851310233e-08
8.498253565741437e-05,1.776656780152081e-09,8.496724285081315e-05,0.0,8.496724285081316e-05,1.351614982107001e-08
8.539159720088931e-05,1.78093536449869e-09,8.537622017720697e-05,0.0,8.537622017720697e-05,1.3596088317835796e-08
8.580065874436431e-05,1.7852195023925976e-09,8.578519730627443e-05,0.0,8.578519730627445e-05,1.367621858747178e-08
8.620972028783945e-05,1.7895092042082008e-09,8.619417423775893e-05,0.0,8.619417423775894e-05,1.3756540876295723e-08
8.661878183131464e-05,1.7938044803452758e-09,8.660315097140321e-05,0.0,8.660315097140322e-05,1.3837055431080042e-08
8.702784337478995e-05,1.7981053412290544e-09,8.701212750694966e-05,0.0,8.701212750694967e-05,1.3917762499052893e-08
8.74369049182653e-05,1.8024117973103275e-09,8.74211038441401e-05,0.0,8.742110384414012e-05,1.3998662327899331e-08
8.784596646174078e-05,1.8067238590655167e-09,8.783007998271594e-05,0.0,8.783007998271596e-05,1.4079755165762368e-08
8.825502800521637e-05,1.8110415369967707e-09,8.823905592241812e-05,0.0,8.823905592241812e-05,1.4161041261244104e-08
8.866408954869202e-05,1.815364841632039e-09,8.864803166298698e-05,0.0,8.864803166298699e-05,1.4242520863406857e-08
8.907315109216775e-05,1.8196937835251748e-09,8.905700720416248e-05,0.0,8.905700720416248e-05,1.4324194221774253e-08
8.948221263564357e-05,1.8240283732559975e-09,8.9465982545684e-05,0.0,8.9465982545684e-05,1.4406061586332366e-08
8.989127417911947e-05,1.8283686214303938e-09,8.987495768729053e-05,0.0,8.987495768729053e-05,1.4488123207530854e-08
9.03003357225955e-05,1.8327145386803919e-09,9.028393262872052e-05,0.0,9.028393262872054e-05,1.4570379336284077e-08
9.070939726607156e-05,1.8370661356642475e-09,9.069290736971194e-05,0.0,9.069290736971194e-05,1.4652830223972211e-08
9.111845880953933e-05,1.8414234350184008e-09,9.110188190998187e-05,0.0,9.110188190998187e-05,1.4735476122431898e-08
9.155024599431338e-05,1.8652185809825605e-09,9.153356161504457e-05,0.0,9.153356161504457e-05,1.4819160687832246e-08
9.198266444690429e-05,1.8713836495069372e-09,9.196588994413055e-05,0.0,9.196588994413055e-05,1.4903119124241915e-08
9.241571416730932e-05,1.8775542422817544e-09,9.239884925864177e-05,0.0,9.239884925864178e-05,1.4987354425260965e-08
9.28493951555285e-05,1.883730852835624e-09,9.28324395578352e-05,0.0,9.28324395578352e-05,1.5071866840478717e-08
9.328370741156178e-05,1.8899138934923374e-09,9.326666084102924e-05,0.0,9.326666084102925e-05,1.515665663903809e-08
9.371865093540916e-05,1.8961037449960388e-09,9.370151310755613e-05,0.0,9.370151310755613e-05,1.5241724108022614e-08
9.415422572707068e-05,1.9023007599579027e-09,9.41369963567596e-05,0.0,9.413699635675961e-05,1.5327069551117472e-08
9.45904317865463e-05,1.9085052657044216e-09,9.45731105879932e-05,0.0,9.457311058799321e-05,1.541269328739491e-08
9.502726911383603e-05,1.9147175673073752e-09,9.500985580061845e-05,0.0,9.500985580061847e-05,1.5498595650256108e-08
9.54647377089399e-05,1.9209379496277927e-09,9.544723199400377e-05,0.0,9.544723199400378e-05,1.5584776986482038e-08
9.590283757185789e-05,1.927166679283657e-09,9.588523916752324e-05,0.0,9.588523916752324e-05,1.567123765536241e-08
9.634156870258995e-05,1.9334040065155867e-09,9.632387732055552e-05,0.0,9.632387732055554e-05,1.5757978027915457e-08
9.678093110113619e-05,1.939650166770803e-09,9.676314645248325e-05,0.0,9.676314645248325e-05,1.5844998486183137e-08
9.722092476749651e-05,1.9459053821083958e-09,9.720304656269182e-05,0.0,9.720304656269184e-05,1.5932299422593032e-08
9.7661549701671e-05,1.9521698624492372e-09,9.764357765056917e-05,0.0,9.764357765056917e-05,1.6019881239379772e-08
9.810280590365957e-05,1.95844380669042e-09,9.808473971550481e-05,0.0,9.808473971550481e-05,1.6107744348059442e-08
9.854469337346225e-05,1.9647274037011064e-09,9.852653275688957e-05,0.0,9.852653275688957e-05,1.6195889168951295e-08
9.898721211107906e-05,1.971020833214467e-09,9.89689567741151e-05,0.0,9.896895677411511e-05,1.6284316130741958e-08
9.943036211650998e-05,1.977324266628316e-09,9.94120117665733e-05,0.0,9.94120117665733e-05,1.6373025670087608e-08
9.987414338975509e-05,1.983637867725276e-09,9.98556977336561e-05,0.0,9.98556977336561e-05,1.64620182312505e-08
0.00010031855593081424,1.989961793321814e-09,0.00010030001467475517,0.0,0.00010030001467475517,1.6551294265766283e-08
0.00010076359973968754,1.9962961938543664e-09,0.00010074496258926154,0.0,0.00010074496258926154,1.664085423213921e-08
0.00010120927481637498,2.002641213909579e-09,0.0001011905414765655,0.0,0.0001011905414765655,1.6730698595562536e-08
0.00010165558116087653,2.0089969927049406e-09,0.00010163675133605616,0.0,0.00010163675133605616,1.6820827827661817e-08
0.0001021025187731922,2.01536366452515e-09,0.00010208359216712141,0.0,0.00010208359216712141,1.6911242406258918e-08
0.00010255008765332199,2.021741359119027e-09,0.00010253106396914773,0.0,0.00010253106396914773,1.7001942815154896e-08
0.00010299828780126595,2.0281302020610985e-09,0.00010297916674151994,0.0,0.00010297916674151996,1.7092929543930065e-08
0.00010344711921702396,2.0345303150815396e-09,0.00010342790048362112,0.0,0.00010342790048362112,1.718420308775977e-08
0.00010389658190059613,2.0409418163677453e-09,0.00010387726519483253,0.0,0.00010387726519483253,1.727576394724448e-08
0.00010434667585198243,2.047364820840382e-09,0.00010432726087453333,0.0,0.00010432726087453333,1.7367612628252995e-08
0.00010479740107118284,2.053799440406402e-09,0.00010477788752210066,0.0,0.00010477788752210066,1.7459749641777665e-08
0.00010524875755819737,2.0602457841913655e-09,0.00010522914513690939,0.0,0.00010522914513690939,1.75521755038007e-08
0.00010570074531302604,2.066703958752997e-09,0.00010568103371833213,0.0,0.00010568103371833213,1.764489073517058e-08
0.00010615336433566884,2.073174068277795e-09,0.00010613355326573906,0.0,0.00010613355326573906,1.7737895861487802e-08
0.00010660661462612573,2.0796562147622894e-09,0.00010658670377849798,0.0,0.00010658670377849798,1.7831191412999257e-08
0.00010706049618439676,2.086150498180353e-09,0.00010704048525597408,0.0,0.00010704048525597408,1.792477792450056e-08
0.00010751500901048194,2.0927074608277648e-09,0.0001074948976450642,0.0,0.00010749489764506421,1.8018657956914558e-08
0.0001079695218365672,2.0974197533900102e-09,0.00010794931166779511,0.0,0.00010794931166779511,1.8112749018701866e-08
0.0001084240346626526,2.102137829035067e-09,0.0001084037254737024,0.0,0.0001084037254737024,1.820705112114626e-08
0.0001088785474887381,2.106861654252691e-09,0.00010885813906256526,0.0,0.00010885813906256528,1.8301564518589825e-08
0.00010933306031482368,2.111591239303599e-09,0.00010931255243411858,0.0,0.00010931255243411859,1.8396289465817025e-08
0.00010978757314090942,2.1163265944705404e-09,0.00010976696558809688,0.0,0.00010976696558809688,1.8491226218061544e-08
0.00011024208596699523,2.1210677300599044e-09,0.00011022137852423416,0.0,0.00011022137852423417,1.8586375031007288e-08
0.00011069659879308114,2.1258146564021417e-09,0.00011067579124226394,0.0,0.00011067579124226396,1.8681736160789485e-08
0.00011115111161916718,2.130567383852091e-09,0.00011113020374191935,0.0,0.00011113020374191935,1.8777309863995737e-08
0.00011160562444525328,2.135325922789173e-09,0.00011158461602293281,0.0,0.00011158461602293281,1.8873096397667067e-08
0.00011206013727133951,2.1400902836175816e-09,0.00011203902808503663,0.0,0.00011203902808503663,1.896909601929902e-08
0.00011251465009742584,2.144860476766387e-09,0.00011249343992796223,0.0,0.00011249343992796226,1.9065308986842715e-08
0.00011296916292351231,2.1496365126896853e-09,0.00011294785155144091,0.0,0.00011294785155144092,1.9161735558705924e-08
0.00011342367574959884,2.1544184018666464e-09,0.00011340226295520322,0.0,0.00011340226295520322,1.9258375993754165e-08
0.00011387818857568546,2.1592061548016268e-09,0.00011385667413897934,0.0,0.00011385667413897936,1.9355230551311756e-08
0.00011433270140177224,2.1639997820242423e-09,0.00011431108510249903,0.0,0.00011431108510249906,1.945229949116293e-08
0.00011478721422785908,2.1687992940894363e-09,0.00011476549584549146,0.0,0.00011476549584549146,1.9549583073552902e-08
0.00011524172705394604,2.1736047015775594e-09,0.00011521990636768525,0.0,0.00011521990636768527,1.964708155918898e-08
0.00011569623988003307,2.1784160150944373e-09,0.00011567431666880875,0.0,0.00011567431666880877,1.9744795209241636e-08
0.00011615075270612024,2.1832332452714327e-09,0.00011612872674858964,0.0,0.00011612872674858966,1.984272428534562e-08
0.0001166052655322075,2.188056402765542e-09,0.00011658313660675514,0.0,0.00011658313660675514,1.9940869049601056e-08
0.0001170597783582949,2.1928854982594355e-09,0.00011703754624303205,0.0,0.00011703754624303206,2.0039229764574556e-08
0.00011751429118438238,2.1977205424615556e-09,0.00011749195565714662,0.0,0.00011749195565714662,2.0137806693300314e-08
0.00011796880401046994,2.2025615461061783e-09,0.00011794636484882456,0.0,0.00011794636484882456,2.0236600099281224e-08
0.00011842331683655766,2.2074085199534814e-09,0.0001184007738177912,0.0,0.0001184007738177912,2.0335610246489985e-08
0.00011887782966264541,2.2122614747896257e-09,0.00011885518256377126,0.0,0.00011885518256377127,2.043483739937024e-08
0.00011933234248873331,2.2171204214268246e-09,0.00011930959108648906,0.0,0.00011930959108648909,2.053428182283766e-08
0.00011978685531482134,2.221985370703419e-09,0.00011976399938566834,0.0,0.00011976399938566834,2.0633943782281106e-08
0.0001202413681409094,2.226856333483956e-09,0.00012021840746103236,0.0,0.00012021840746103237,2.0733823543563742e-08
0.0001206958809669976,2.2317333206592613e-09,0.00012067281531230392,0.0,0.00012067281531230394,2.083392137302415e-08
0.00012115039379308591,2.236616343146511e-09,0.00012112722293920529,0.0,0.0001211272229392053,2.093423753747748e-08
0.0001216049066191743,2.2415054118893157e-09,0.00012158163034145816,0.0,0.00012158163034145819,2.10347723042166e-08
0.00012205941944526286,2.2464005378577974e-09,0.000122036037518784,0.0,0.000122036037518784,2.1135525941013197e-08
0.0001225139322713515,2.2513017320486575e-09,0.0001224904444709033,0.0,0.0001224904444709033,2.1236498716118952e-08
0.00012296844509744023,2.256209005485262e-09,0.0001229448511975365,0.0,0.0001229448511975365,2.1337690898266684e-08
0.0001234229579235205,2.261122381605017e-09,0.00012339925769838225,0.0,0.00012339925769838225,2.1439102756659062e-08
0.00012390019639090633,2.2840252617227227e-09,0.00012387637085702432,0.0,0.00012387637085702432,2.154150862028282e-08
0.0001243780661261084,2.2907795044433356e-09,0.00012435413113256045,0.0,0.00012435413113256045,2.1644214043506104e-08
0.00012485656712912465,2.2975399462529925e-09,0.00012483252236671874,0.0,0.00012483252236671874,2.1747222459622637e-08
0.000125335699399955,2.304307126933293e-09,0.0001253115445586779,0.0,0.0001253115445586779,2.1850534150176753e-08
0.00012581546293859947,2.311081461627764e-09,0.0001257911977077215,0.0,0.0001257911977077215,2.195414941637138e-08
0.00012629585774505807,2.3178633338656568e-09,0.00012627148181314676,0.0,0.00012627148181314676,2.205806857744735e-08
0.00012677688381933087,2.3246530990153205e-09,0.00012675239687426248,0.0,0.00012675239687426248,2.2162291969345256e-08
0.0001272585411614177,2.331451087105551e-09,0.00012723394289038706,0.0,0.00012723394289038709,2.22668199434877e-08
0.00012774082977131865,2.3382576059953888e-09,0.00012771611986084694,0.0,0.00012771611986084696,2.2371652865732495e-08
0.0001282237496490338,2.3450729432213373e-09,0.00012819892778497514,0.0,0.00012819892778497517,2.2476791115415376e-08
0.00012870730079456304,2.351897368098812e-09,0.00012868236666211048,0.0,0.00012868236666211048,2.2582235084482208e-08
0.00012919148320790648,2.358731133562229e-09,0.00012916643649159618,0.0,0.00012916643649159618,2.2687985176709724e-08
0.00012967629688906396,2.3655744777528673e-09,0.0001296511372727792,0.0,0.00012965113727277924,2.279404180700171e-08
0.00013016174183803564,2.372427625420645e-09,0.0001301364690050095,0.0,0.0001301364690050095,2.2900405400751686e-08
0.00013064781805482143,2.3792907891786874e-09,0.00013062243168763897,0.0,0.00013062243168763897,2.300707639326522e-08
0.00013113452553942132,2.3861641706196093e-09,0.00013110902532002146,0.0,0.00013110902532002146,2.311405522923522e-08
0.00013162186429183535,2.3930479613131283e-09,0.0001315962499015118,0.0,0.0001315962499015118,2.3221342362264543e-08
0.00013210983431206352,2.3999423436995996e-09,0.00013208410543146537,0.0,0.00013208410543146537,2.33289382544311e-08
0.0001325984356001058,2.406847491892045e-09,0.00013257259190923798,0.0,0.000132572591909238,2.3436843375890987e-08
0.00013308766815596222,2.413763572397625e-09,0.00013306170933418532,0.0,0.00013306170933418532,2.3545058204515876e-08
0.00013357753197963286,2.4206907447678383e-09,0.0001335514577056625,0.0,0.00013355145770566252,2.3653583225561324e-08
0.00013406802707111753,2.4276291621856848e-09,0.00013404183702302397,0.0,0.00013404183702302397,2.3762418931362858e-08
0.0001345591534304164,2.43457897199693e-09,0.00013453284728562331,0.0,0.00013453284728562331,2.3871565821057392e-08
0.00013505091105752933,2.4415403161916774e-09,0.0001350244884928128,0.0,0.0001350244884928128,2.398102440032741e-08
0.00013554329995245641,2.4485133318416477e-09,0.0001355167606439434,0.0,0.0001355167606439434,2.409079518116602e-08
0.00013603632011519767,2.455498151497895e-09,0.00013600966373836451,0.0,0.00013600966373836451,2.4200878681660703e-08
0.00013652997154575303,2.4624949035531743e-09,0.0001365031977754237,0.0,0.0001365031977754237,2.4311275425794476e-08
0.00013702425424412252,2.4695037125726314e-09,0.00013699736275446669,0.0,0.00013699736275446669,2.442198594326257e-08
0.00013751916821030618,2.476524699596031e-09,0.00013749215867483728,0.0,0.00013749215867483728,2.4533010769303584e-08
0.00013801471344430398,2.4835579824144246e-09,0.000137987585535877,0.0,0.000137987585535877,2.4644350444543658e-08
0.0001385108899461159,2.490603675823799e-09,0.00013848364333692525,0.0,0.00013848364333692525,2.475600551485274e-08
0.00013900769771574197,2.497661891857983e-09,0.0001389803320773189,0.0,0.0001389803320773189,2.4867976531211916e-08
0.00013950513675318218,2.504732740002766e-09,0.00013947765175639258,0.0,0.00013947765175639258,2.4980264049590855e-08
0.0001400032070584365,2.5118163273930192e-09,0.00013997560237347825,0.0,0.00013997560237347827,2.509286863083462e-08
0.00014050190863150493,2.5189127589944935e-09,0.00014047418392790537,0.0,0.0001404741839279054,2.5205790840559078e-08
0.00014100124147238758,2.5260221377716486e-09,0.00014097339641900073,0.0,0.00014097339641900073,2.531903124905432e-08
0.00014150120558108434,2.5331950693830883e-09,0.00014147323979356283,0.0,0.00014147323979356283,2.543259245208237e-08
0.00014200116968978116,2.53847903992371e-09,0.000141973084820713,0.0,0.000141973084820713,2.554639002823782e-08
0.00014250113379847817,2.543769210015708e-09,0.00014247292960527298,0.0,0.00014247292960527298,2.5660423995180858e-08
0.0001430010979071753,2.549065544420126e-09,0.00014297277414700564,0.0,0.00014297277414700564,2.5774694625265444e-08
0.0001435010620158725,2.554368053779829e-09,0.00014347261844562743,0.0,0.00014347261844562743,2.588920219130359e-08
0.00014400102612456987,2.5596767487607674e-09,0.00014397246250085453,0.0,0.00014397246250085456,2.6003946966572595e-08
0.0001445009902332673,2.564991640053218e-09,0.00014447230631240243,0.0,0.00014447230631240245,2.6118929224816078e-08
0.00014500095434196488,2.5703127383719826e-09,0.0001449721498799863,0.0,0.0001449721498799863,2.6234149240245086e-08
0.00014550091845066254,2.5756400544566597e-09,0.00014547199320332055,0.0,0.00014547199320332055,2.634960728753918e-08
0.00014600088255936034,2.5809735990718193e-09,0.00014597183628211943,0.0,0.00014597183628211943,2.6465303641847464e-08
0.00014650084666805826,2.586313383007179e-09,0.00014647167911609643,0.0,0.00014647167911609643,2.658123857878971e-08
0.00014700081077675622,2.5916594170777347e-09,0.00014697152170496468,0.0,0.00014697152170496468,2.6697412374457486e-08
0.00014750077488545437,2.5970117121238775e-09,0.0001474713640484368,0.0,0.0001474713640484368,2.681382530541517e-08
0.0001480007389941526,2.6023702790114836e-09,0.00014797120614622487,0.0,0.00014797120614622487,2.6930477648701063e-08
0.00014850070310285096,2.6077351286320178e-09,0.00014847104799804045,0.0,0.00014847104799804045,2.7047369681828547e-08
0.00014900066721154935,2.6131062719025882e-09,0.0001489708896035947,0.0,0.0001489708896035947,2.7164501682787096e-08
0.00014950063132024795,2.6184837197660418e-09,0.00014947073096259814,0.0,0.00014947073096259814,2.7281873930043458e-08
0.00015000059542894664,2.623867483191032e-09,0.0001499705720747609,0.0,0.0001499705720747609,2.7399486702542714e-08
0.0001505005595376454,2.6292575731720964e-09,0.0001504704129397925,0.0,0.00015047041293979256,2.751734027970941e-08
0.00015100052364634437,2.634654000729727e-09,0.0001509702535574022,0.0,0.00015097025355740223,2.7635434941448668e-08
0.00015150048775504338,2.640056776910435e-09,0.00015147009392729835,0.0,0.00015147009392729835,2.7753770968147298e-08
0.00015200045186374259,2.6454659127868374e-09,0.0001519699340491891,0.0,0.00015196993404918913,2.7872348640674888e-08
0.00015250041597244182,2.650881419457717e-09,0.000152469773922782,0.0,0.000152469773922782,2.7991168240385015e-08
0.00015300038008114118,2.656303308048098e-09,0.00015296961354778404,0.0,0.00015296961354778404,2.8110230049116283e-08
0.00015350034418984065,2.6617315897093274e-09,0.00015346945292390174,0.0,0.00015346945292390177,2.8229534349193474e-08
0.00015400030829854024,2.6671662756191328e-09,0.00015396929205084122,0.0,0.00015396929205084122,2.8349081423428727e-08
0.00015450027240723995,2.672607376981711e-09,0.00015446913092830787,0.0,0.0001544691309283079,2.8468871555122623e-08
0.00015500023651593978,2.678054905027799e-09,0.0001549689695560067,0.0,0.0001549689695560067,2.858890502806532e-08
0.00015550020062463972,2.6835088710147394e-09,0.00015546880793364219,0.0,0.00015546880793364219,2.8709182126537743e-08
0.00015600016473333979,2.6889692862265836e-09,0.00015596864606091826,0.0,0.00015596864606091826,2.882970313531272e-08
0.00015650012884203994,2.6944361619741293e-09,0.00015646848393753828,0.0,0.0001564684839375383,2.8950468339656064e-08
0.00015700009295074025,2.6999095095950253e-09,0.00015696832156320532,0.0,0.00015696832156320532,2.907147802532782e-08
0.00015750005705944062,2.705389340453846e-09,0.0001574681589376216,0.0,0.0001574681589376216,2.9192732478583362e-08
0.00015800002116814118,2.7108756659421513e-09,0.00015796799606048907,0.0,0.00015796799606048907,2.9314231986174594e-08
0.00015849998527684185,2.716368497478594e-09,0.00015846783293150897,0.0,0.00015846783293150897,2.9435976835351025e-08
0.0001589999493855339,2.7218678595617297e-09,0.0001589676695503605,0.0,0.00015896766955036053,2.9557967313843298e-08
0.00015952263913553163,2.7438416996307603e-09,0.00015949021438830304,0.0,0.00015949021438830304,2.9680905528951815e-08
0.0001600459601533458,2.7512161875320307e-09,0.00016001340476685773,0.0,0.00016001340476685773,2.980417030051077e-08
0.00016056991243897404,2.758597571830159e-09,0.00016053722607587155,0.0,0.00016053722607587158,2.992776553064485e-08
0.00016109449599241644,2.765986464858835e-09,0.00016106167831441662,0.0,0.00016106167831441662,3.005169153494948e-08
0.00016161971081367295,2.773383284748426e-09,0.00016158676148173942,0.0,0.00016158676148173942,3.017594864879693e-08
0.00016214555690274366,2.7807884179804847e-09,0.00016211247557709995,0.0,0.00016211247557709995,3.030053722570135e-08
0.00016267203425962844,2.7882022228486925e-09,0.00016263882059976964,0.0,0.00016263882059976964,3.042545763598151e-08
0.00016319914288432744,2.7956250322524506e-09,0.00016316579654902962,0.0,0.00016316579654902964,3.0550710265539985e-08
0.0001637268827768405,2.80305715700938e-09,0.00016369340342416866,0.0,0.00016369340342416866,3.06762955148278e-08
0.00016425525393716782,2.8104988875017292e-09,0.0001642216412244824,0.0,0.00016422164122448243,3.080221379787898e-08
0.00016478425636530915,2.817950495919677e-09,0.0001647505099492718,0.0,0.0001647505099492718,3.09284655414464e-08
0.00016531389006126473,2.825412238066269e-09,0.00016528000959784245,0.0,0.00016528000959784245,3.105505118422327e-08
0.00016584415502503443,2.832884354941373e-09,0.00016581014016950332,0.0,0.00016581014016950335,3.118197117614003e-08
0.00016637505125661825,2.8403670741615065e-09,0.00016634090166356638,0.0,0.00016634090166356638,3.130922597772818e-08
0.00016690657875601615,2.8478606112148745e-09,0.00016687229407934539,0.0,0.0001668722940793454,3.143681605954387e-08
0.00016743873752322826,2.8553651705692426e-09,0.00016740431741615606,0.0,0.00016740431741615606,3.156474190164389e-08
0.00016797152755825454,2.8628809466745878e-09,0.0001679369716733147,0.0,0.00016793697167331477,3.1693003993109274e-08
0.0001685049488610949,2.8704081248545304e-09,0.00016847025685013845,0.0,0.00016847025685013845,3.1821602831611056e-08
0.00016903900143174945,2.877946882129298e-09,0.00016900417294594435,0.0,0.00016900417294594435,3.1950538923015096e-08
0.00016957368527021819,2.885497387916826e-09,0.00016953871996004924,0.0,0.00016953871996004924,3.2079812781020116e-08
0.00017010900037650096,2.8930598046916914e-09,0.00017007389789176942,0.0,0.00017007389789176945,3.2209424926826995e-08
0.00017064494675059794,2.900634288573403e-09,0.00017060970674042056,0.0,0.00017060970674042056,3.233937588883592e-08
0.0001711815243925091,2.9082209898586545e-09,0.0001711461465053169,0.0,0.0001711461465053169,3.2469666202368855e-08
0.0001717187333022344,2.915820053503888e-09,0.00017168321718577146,0.0,0.00017168321718577149,3.260029640941469e-08
0.00017225657347977373,2.9234316195634628e-09,0.00017222091878109577,0.0,0.00017222091878109577,3.2731267058395364e-08
0.00017279504492512734,2.931055823588227e-09,0.0001727592512905998,0.0,0.0001727592512905998,3.286257870395075e-08
0.00017333414763829507,2.938692796988703e-09,0.00017329821471359131,0.0,0.00017329821471359131,3.299423190674079e-08
0.00017387388161927686,2.9463426673664866e-09,0.00017383780904937625,0.0,0.00017383780904937628,3.312622723326332e-08
0.0001744142468680729,2.9540055588172375e-09,0.0001743780342972584,0.0,0.0001743780342972584,3.325856525568626e-08
0.00017495524338468298,2.96168159220796e-09,0.00017491889045653908,0.0,0.00017491889045653908,3.339124655169289e-08
0.00017549687116910729,2.969370885431327e-09,0.00017546037752651757,0.0,0.00017546037752651757,3.3524271704339335e-08
0.00017603913022134574,2.9770735536391847e-09,0.0001760024955064902,0.0,0.0001760024955064902,3.365764130192283e-08
0.00017658202054139833,2.984789709457241e-09,0.00017654524439575102,0.0,0.00017654524439575102,3.379135593786044e-08
0.00017712554212926515,2.9925194631827784e-09,0.00017708862419359137,0.0,0.00017708862419359137,3.392541621057695e-08
0.00017766969498494599,3.000262922966972e-09,0.00017763263489929963,0.0,0.00017763263489929963,3.405982272340147e-08
0.0001782144791084411,3.0080201949832528e-09,0.0001781772765121616,0.0,0.00017817727651216165,3.419457608447198e-08
0.0001787598944997503,3.015841949123428e-09,0.00017872254897887438,0.0,0.0001787225489788744,3.432967892674136e-08
0.00017930530989105966,3.0217285572597436e-09,0.0001792678231176835,0.0,0.0001792678231176835,3.446504481892153e-08
0.0001798507252823692,3.0276218100736997e-09,0.00017981309698677361,0.0,0.00017981309698677361,3.460067378548097e-08
0.00018039614067367877,3.033521670481993e-09,0.00018035837058589027,0.0,0.00018035837058589033,3.473656611800163e-08
0.00018094155606498852,3.0394281495376085e-09,0.00018090364391473043,0.0,0.00018090364391473043,3.48727221085404e-08
0.00018148697145629834,3.0453412583189564e-09,0.0001814489169729904,0.0,0.0001814489169729904,3.5009142049636804e-08
0.00018203238684760825,3.0512610079302008e-09,0.00018199418976036597,0.0,0.000181994189760366,3.514582623431416e-08
0.00018257780223891835,3.0571874095010373e-09,0.00018253946227655277,0.0,0.00018253946227655277,3.528277495608055e-08
0.00018312321763022858,3.063120474186657e-09,0.00018308473452124547,0.0,0.0001830847345212455,3.5419988508930044e-08
0.00018366863302153895,3.0690602131678495e-09,0.00018363000649413843,0.0,0.00018363000649413843,3.555746718734366e-08
0.0001842140484128494,3.075006637651078e-09,0.00018417527819492545,0.0,0.00018417527819492547,3.569521128629061e-08
0.00018475946380415995,3.0809597588685748e-09,0.00018472054962329987,0.0,0.0001847205496232999,3.5833221101229306e-08
0.00018530487919547067,3.0869195880784325e-09,0.0001852658207789545,0.0,0.0001852658207789545,3.597149692810852e-08
0.00018585029458678147,3.0928861365646923e-09,0.00018581109166158154,0.0,0.00018581109166158154,3.611003906336845e-08
0.00018639570997809246,3.0988594156374078e-09,0.0001863563622708729,0.0,0.00018635636227087293,3.624884780394187e-08
0.00018694112536940354,3.1048394366327415e-09,0.00018690163260651966,0.0,0.00018690163260651966,3.638792344725527e-08
0.00018748654076071474,3.1108262109130117e-09,0.00018744690266821258,0.0,0.00018744690266821258,3.6527266291229884e-08
0.00018803195615202603,3.1168197498668007e-09,0.0001879921724556419,0.0,0.0001879921724556419,3.666687663428293e-08
0.0001885773715433375,3.1228200649089964e-09,0.00018853744196849727,0.0,0.00018853744196849727,3.680675477532867e-08
0.00018912278693464905,3.128827167480873e-09,0.0001890827112064678,0.0,0.0001890827112064678,3.694690101377955e-08
0.00018966820232596074,3.1348410690501724e-09,0.00018962798016924215,0.0,0.00018962798016924215,3.7087315649547346e-08
0.00019021361771727257,3.140861781111167e-09,0.00019017324885650842,0.0,0.00019017324885650845,3.722799898304428e-08
0.00019075903310858454,3.146889315184747e-09,0.00019071851726795418,0.0,0.00019071851726795418,3.736895131518418e-08
0.0001913044484998966,3.1529236828184618e-09,0.0001912637854032664,0.0,0.00019126378540326646,3.7510172947383645e-08
0.0001918498638912088,3.1589648955866353e-09,0.0001918090532621317,0.0,0.0001918090532621317,3.7651664181563144e-08
0.00019239527928252112,3.165012965090412e-09,0.00019235432084423589,0.0,0.0001923543208442359,3.779342532014816e-08
0.0001929406946738336,3.1710679029578408e-09,0.00019289958814926457,0.0,0.00019289958814926457,3.793545666607041e-08
0.0001934861100651462,3.177129720843955e-09,0.00019344485517690257,0.0,0.0001934448551769026,3.807775852276897e-08
0.0001940315254564589,3.1831984304308446e-09,0.00019399012192683425,0.0,0.0001939901219268343,3.822033119419139e-08
0.00019457694084777172,3.1892740434277197e-09,0.00019453538839874347,0.0,0.00019453538839874347,3.8363174984794915e-08
0.00019512235623908472,3.195356571571011e-09,0.00019508065459231358,0.0,0.00019508065459231358,3.850629019954764e-08
0.00019566777163039777,3.2014460266244362e-09,0.00019562592050722724,0.0,0.00019562592050722724,3.864967714392969e-08
0.00019621318702171098,3.207542420379074e-09,0.0001961711861431666,0.0,0.0001961711861431666,3.8793336123934304e-08
0.00019675860241302425,3.213645764653455e-09,0.00019671645149981355,0.0,0.00019671645149981355,3.893726744606918e-08
0.00019730401780433774,3.2197560712936113e-09,0.00019726171657684908,0.0,0.00019726171657684908,3.908147141735748e-08
0.0001978494331956425,3.22587336572243e-09,0.0001978069813739315,0.0,0.0001978069813739315,3.9225948345298235e-08
0.000198417574228253,3.246879377167082e-09,0.00019837495602382182,0.0,0.00019837495602382182,3.9371325054017716e-08
0.00019898634652867992,3.2549072423077185e-09,0.0001989435745647282,0.0,0.00019894357456472822,3.9517056709440644e-08
0.000199555750096921,3.2629427483918823e-09,0.0001995128240064575,0.0,0.0001995128240064575,3.9663147715077866e-08
0.00020012578493297617,3.2709865857947924e-09,0.00020008270434796754,0.0,0.00020008270434796756,3.980959842284458e-08
0.00020069645103684553,3.2790391758046515e-09,0.0002006532155884652,0.0,0.00020065321558846523,3.9956409204559395e-08
0.00020126774840852906,3.287100908040432e-09,0.00020122435772717073,0.0,0.00020122435772717073,4.010358045029416e-08
0.0002018396770480267,3.2951721438847197e-09,0.00020179613076331583,0.0,0.00020179613076331583,4.0251112567035874e-08
0.0002024122369553386,3.30325321936783e-09,0.0002023685346961418,0.0,0.0002023685346961418,4.039900597747025e-08
0.0002029854281304646,3.311344448374906e-09,0.0002029415695248973,0.0,0.00020294156952489732,4.054726111894656e-08
0.00020355925057340474,3.31944612434359e-09,0.0002035152352488379,0.0,0.00020351523524883794,4.0695878442511614e-08
0.0002041337042841591,3.3275585225224034e-09,0.00020408953186722454,0.0,0.00020408953186722457,4.084485841204721e-08
0.00020470878926272755,3.335681901769906e-09,0.00020466445937932225,0.0,0.00020466445937932225,4.09942015034928e-08
0.00020528450550911015,3.3438165061467087e-09,0.00020524001778439983,0.0,0.00020524001778439983,4.1143908204143396e-08
0.0002058608530233069,3.35196256632796e-09,0.00020581620708172852,0.0,0.00020581620708172852,4.129397901201451e-08
0.00020643783180531776,3.360120300859703e-09,0.00020639302727058165,0.0,0.00020639302727058168,4.144441443526635e-08
0.00020701544185514287,3.368289917279087e-09,0.00020697047835023389,0.0,0.0002069704783502339,4.1595214991681185e-08
0.00020759368317278202,3.3764716131155344e-09,0.00020754856031996078,0.0,0.00020754856031996078,4.1746381208187974e-08
0.00020817255575823545,3.3846655767873383e-09,0.00020812727317903824,0.0,0.00020812727317903826,4.1897913620429576e-08
0.000208752059611503,3.3928719884072365e-09,0.0002087066169267422,0.0,0.0002087066169267422,4.204981277236789e-08
0.00020933219473258472,3.401091020505944e-09,0.00020928659156234828,0.0,0.0002092865915623483,4.2202079215923414e-08
0.00020991296112148056,3.4093228386850142e-09,0.00020986719708513115,0.0,0.00020986719708513115,4.235471351064559e-08
0.0002104943587781905,3.4175676021856038e-09,0.00021044843349436488,0.0,0.0002104484334943649,4.250771622341026e-08
0.00021107638770271472,3.425825464454548e-09,0.0002110303007893221,0.0,0.00021103030078932212,4.26610879281436e-08
0.00021165904789505305,3.4340965736423825e-09,0.00021161279896927387,0.0,0.00021161279896927387,4.2814829205569707e-08
0.00021224233935520555,3.4423810729979654e-09,0.0002121959280334896,0.0,0.0002121959280334896,4.296894064297697e-08
0.00021282626208317227,3.4506791012938983e-09,0.00021277968798123697,0.0,0.00021277968798123697,4.31234228340045e-08
0.0002134108160789531,3.4589907931749697e-09,0.00021336407881178147,0.0,0.00021336407881178147,4.3278276378445104e-08
0.00021399600134254805,3.467316279490785e-09,0.00021394910052438654,0.0,0.00021394910052438654,4.343350188206397e-08
0.00021458181787395724,3.475655687616339e-09,0.00021453475311831319,0.0,0.00021453475311831319,4.3589099956432436e-08
0.00021516826567318057,3.4840091417218163e-09,0.00021512103659282009,0.0,0.00021512103659282009,4.37450712187746e-08
0.00021575534474021794,3.4923767630221266e-09,0.00021570795094716312,0.0,0.00021570795094716312,4.390141629182573e-08
0.00021634305507506967,3.5007586700150016e-09,0.00021629549618059596,0.0,0.00021629549618059596,4.405813580370189e-08
0.0002169313966777354,3.509154978696258e-09,0.00021688367229236895,0.0,0.00021688367229236895,4.421523038777974e-08
0.0002175203695482154,3.5175658027555353e-09,0.00021747247928173005,0.0,0.00021747247928173007,4.437270068258566e-08
0.00021810997368650948,3.525991253758315e-09,0.00021806191714792407,0.0,0.00021806191714792407,4.453054733169344e-08
0.00021870020909261782,3.5344314413325156e-09,0.0002186519858901928,0.0,0.00021865198589019285,4.4688770983630665e-08
0.00021929107576654024,3.5429371000789814e-09,0.0002192426854551291,0.0,0.0002192426854551291,4.484737431108015e-08
0.00021988194244046286,3.54945942520561e-09,0.0002198333867122492,0.0,0.00021983338671224925,4.5006268788446e-08
0.00022047280911438558,3.555988871092502e-09,0.000220424087671067,0.0,0.000220424087671067,4.5165454447467495e-08
0.00022106367578830847,3.562525398694265e-09,0.00022101478833130956,0.0,0.00022101478833130956,4.532493160026682e-08
0.00022165454246223152,3.5690690195168448e-09,0.0002216054886926525,0.0,0.0002216054886926525,4.54847005594596e-08
0.00022224540913615463,3.5756197450882044e-09,0.0002221961887547714,0.0,0.0002221961887547714,4.5644761638162976e-08
0.00022283627581007784,3.582177586960989e-09,0.00022278688851734088,0.0,0.0002227868885173409,4.58051151499966e-08
0.00022342714248400127,3.588742556713879e-09,0.00022337758798003545,0.0,0.00022337758798003545,4.596576140908377e-08
0.00022401800915792486,3.5953146659514253e-09,0.00022396828714252884,0.0,0.00022396828714252884,4.6126700730052566e-08
0.00022460887583184848,3.6018939263042445e-09,0.0002245589860044942,0.0,0.0002245589860044942,4.628793342803694e-08
0.00022519974250577234,3.608480349429107e-09,0.00022514968456560424,0.0,0.00022514968456560424,4.644945981867782e-08
0.00022579060917969637,3.615073947009055e-09,0.00022574038282553125,0.0,0.00022574038282553125,4.66112802181243e-08
0.00022638147585362037,3.621674730753469e-09,0.0002263310807839466,0.0,0.0002263310807839466,4.677339494303468e-08
0.0002269723425275446,3.6282827123981716e-09,0.00022692177844052164,0.0,0.00022692177844052164,4.6935804310577674e-08
0.00022756320920146902,3.6348979037055045e-09,0.0002275124757949269,0.0,0.0002275124757949269,4.709850863843349e-08
0.00022815407587539345,3.6415203164644008e-09,0.00022810317284683223,0.0,0.00022810317284683223,4.726150824479501e-08
0.00022874494254931813,3.6481499624898934e-09,0.0002286938695959073,0.0,0.0002286938695959073,4.742480344836883e-08
0.00022933580922324288,3.654786853618424e-09,0.0002292845660418209,0.0,0.00022928456604182093,4.7588394568376275e-08
0.00022992667589716786,3.661431001725531e-09,0.00022987526218424154,0.0,0.00022987526218424157,4.775228192455503e-08
0.0002305175425710929,3.6680824187072375e-09,0.000230465958022837,0.0,0.00023046595802283704,4.791646583715995e-08
0.00023110840924501808,3.674741116486437e-09,0.00023105665355727464,0.0,0.00023105665355727464,4.8080946626964326e-08
0.00023169927591894332,3.6814071070131407e-09,0.00023164734878722108,0.0,0.0002316473487872211,4.824572461526097e-08
0.0002322901425928688,3.6880804022645203e-09,0.00023223804371234265,0.0,0.00023223804371234265,4.8410800123863367e-08
0.0002328810092667944,3.694761014244838e-09,0.00023282873833230507,0.0,0.00023282873833230507,4.857617347510692e-08
0.00023347187594072015,3.7014489549856036e-09,0.00023341943264677323,0.0,0.00023341943264677326,4.8741844991849976e-08
0.00023406274261464602,3.708144236545654e-09,0.000234010126655412,0.0,0.000234010126655412,4.890781499747514e-08
0.00023465360928857205,3.7148468710112185e-09,0.00023460082035788515,0.0,0.00023460082035788515,4.907408381589037e-08
0.00023524447596249821,3.721556870495982e-09,0.00023519151375385618,0.0,0.0002351915137538562,4.924065177153014e-08
0.00023583534263642454,3.72827424714118e-09,0.00023578220684298805,0.0,0.00023578220684298805,4.940751918935666e-08
0.00023642620931035093,3.734999013115683e-09,0.00023637289962494295,0.0,0.000236372899624943,4.957468639486104e-08
0.00023701707598427753,3.741731180616037e-09,0.00023696359209938284,0.0,0.00023696359209938284,4.974215371406449e-08
0.00023760794265820418,3.748470761866576e-09,0.0002375542842659688,0.0,0.00023755428426596882,4.990992147351947e-08
0.00023819880933213103,3.755217769119489e-09,0.00023814497612436163,0.0,0.00023814497612436163,5.007799000031092e-08
0.00023878967600605806,3.761972214654898e-09,0.00023873566767422137,0.0,0.00023873566767422137,5.0246359622057473e-08
0.00023938054267998515,3.768734110780909e-09,0.0002393263589152075,0.0,0.0002393263589152075,5.041503066691258e-08
0.0002399714093539035,3.775503481537487e-09,0.00023991704984695854,0.0,0.00023991704984695854,5.0584003463384146e-08
0.00024058500166912757,3.795500877259694e-09,0.0002405304523419313,0.0,0.0002405304523419313,5.075382631894678e-08
0.0002411992252521681,3.804217499322212e-09,0.00024114449700067113,0.0,0.00024114449700067116,5.092403399757748e-08
0.0002418140801030227,3.812942557965628e-09,0.00024175917252902527,0.0,0.00024175917252902527,5.109463143949146e-08
0.00024242956622169158,3.821676827552417e-09,0.0002423744789258287,0.0,0.0002423744789258287,5.1265619035374344e-08
0.00024304568360817457,3.830420732741667e-09,0.00024299041619024593,0.0,0.00024299041619024593,5.143699719595175e-08
0.00024366243226247181,3.839174666479829e-09,0.000243606984321455,0.0,0.000243606984321455,5.160876635032138e-08
0.0002442798121845832,3.84793899341292e-09,0.0002442241833186451,0.0,0.0002442241833186452,5.178092694461328e-08
0.00024489782337450865,3.856714052924963e-09,0.000244842013181015,0.0,0.000244842013181015,5.1953479440780996e-08
0.0002455164658322484,3.865500162140124e-09,0.0002454604739077707,0.0,0.0002454604739077707,5.212642431556277e-08
0.0002461357395578023,3.874297617760518e-09,0.000246079565498125,0.0,0.000246079565498125,5.2299762059517705e-08
0.00024675564455117034,3.883106698294478e-09,0.0002466992879512959,0.0,0.0002466992879512959,5.247349317616434e-08
0.0002473761808123525,3.89192766585907e-09,0.00024731964126650547,0.0,0.00024731964126650547,5.2647618181204395e-08
0.0002479973483413489,3.900760767775101e-09,0.0002479406254429793,0.0,0.0002479406254429793,5.2822137601821894e-08
0.00024861914713815946,3.909606237982214e-09,0.0002485622404799454,0.0,0.0002485622404799454,5.2997051976049096e-08
0.00024924157720278414,3.918464298297555e-09,0.00024918448637663363,0.0,0.00024918448637663363,5.3172361852191974e-08
0.00024986463853522305,3.927335159538051e-09,0.00024980736313227523,0.0,0.00024980736313227523,5.3348067788308524e-08
0.000250488331135476,3.936219022523489e-09,0.0002504308707461018,0.0,0.0002504308707461018,5.352417035173483e-08
0.0002511126550035433,3.945116078974924e-09,0.00025105500921734566,0.0,0.00025105500921734566,5.370067011865317e-08
0.0002517376101394247,3.9540265123212584e-09,0.0002516797785452386,0.0,0.0002516797785452386,5.3877567673698546e-08
0.00025236319654312024,3.96295049842476e-09,0.0002523051787290122,0.0,0.00025230517872901225,5.405486360959931e-08
0.00025298941421462995,3.971888206235007e-09,0.00025293120976789687,0.0,0.00025293120976789687,5.4232558526848734e-08
0.00025361626315395383,3.980839798379599e-09,0.0002535578716611221,0.0,0.0002535578716611221,5.441065303340454e-08
0.00025424374336109195,3.989805431698595e-09,0.0002541851644079158,0.0,0.0002541851644079158,5.458914774441366e-08
0.0002548718548360442,3.998785257720112e-09,0.0002548130880075045,0.0,0.0002548130880075045,5.476804328195942e-08
0.00025550059757881074,4.007779423122222e-09,0.00025544164245911273,0.0,0.00025544164245911273,5.4947340274830505e-08
0.0002561299715893913,4.016788070109128e-09,0.0002560708277619629,0.0,0.0002560708277619629,5.5127039358307904e-08
0.00025675997686778606,4.025811336797317e-09,0.00025670064391527527,0.0,0.00025670064391527527,5.530714117396971e-08
0.00025739061341399503,4.034849357545233e-09,0.000257331090918268,0.0,0.000257331090918268,5.5487646369511876e-08
0.0002580218812280181,4.043902263242256e-09,0.00025796216877015636,0.0,0.00025796216877015636,5.566855559858234e-08
0.0002584719751794329,3.5692144545661703e-09,0.0002584125775177969,0.0,0.0002584125775177969,5.582844718143871e-08
0.0002589227003986576,3.5763089857749995e-09,0.0002588631354911626,0.0,0.0002588631354911626,5.598859850929901e-08
0.0002593740568856964,3.5834078711730682e-09,0.00025931432441077387,0.0,0.0002593143244107739,5.614906705129407e-08
0.0002598260446405493,3.5905201199596065e-09,0.00025976614426703244,0.0,0.00025976614426703244,5.630985339691195e-08
0.0002602786636632163,3.5976457965113713e-09,0.0002602185950592802,0.0,0.0002602185950592802,5.647095813956451e-08
0.00026073191395369755,3.604784965623207e-09,0.00026067167678685635,0.0,0.00026067167678685635,5.66323818755429e-08
0.00026118579551199285,3.611937692351302e-09,0.0002611253894490965,0.0,0.0002611253894490965,5.679412520402635e-08
0.00026164030833810244,3.6191288415998938e-09,0.00026157973301949944,0.0,0.00026157973301949944,5.695618976139294e-08
0.00026209482116421203,3.624282423335832e-09,0.00026203407839712713,0.0,0.0002620340783971272,5.711848466158779e-08
0.0002625493339903217,3.6294396984952225e-09,0.000262488423540852,0.0,0.000262488423540852,5.7281009771286366e-08
0.00026300384681643153,3.6346006173054307e-09,0.00026294276845056284,0.0,0.00026294276845056284,5.744376525136429e-08
0.0002634583596425414,3.6397651830782862e-09,0.0002633971131260955,0.0,0.0002633971131260955,5.7606751262833825e-08
0.0002639128724686514,3.644933399129414e-09,0.00026385145756728544,0.0,0.00026385145756728544,5.7769967966851726e-08
0.0002643673852947616,3.6501052687786754e-09,0.00026430580177396807,0.0,0.00026430580177396807,5.793341552471925e-08
0.0002648218981208718,3.6552807953497776e-09,0.0002647601457459786,0.0,0.0002647601457459786,5.809709409788247e-08
0.0002652764109469821,3.660459982170286e-09,0.000265214489483152,0.0,0.000265214489483152,5.82610038479323e-08
0.0002657309237730925,3.6656428325714764e-09,0.0002656688329853234,0.0,0.0002656688329853234,5.8425144936604724e-08
0.00026618543659920313,3.670829349888362e-09,0.00026612317625232746,0.0,0.00026612317625232746,5.858951752578092e-08
0.00026663994942531364,3.6760195374597167e-09,0.0002665775192839987,0.0,0.0002665775192839987,5.8754121777487426e-08
0.0002670944622514243,3.6812133986280682e-09,0.00026703186208017183,0.0,0.00026703186208017183,5.891895785389634e-08
0.0002675489750775353,3.6864109367396957e-09,0.00026748620464068124,0.0,0.00026748620464068124,5.908402591732542e-08
0.00026800348790364614,3.691612155144645e-09,0.0002679405469653608,0.0,0.00026794054696536085,5.924932613023817e-08
0.00026845800072975725,3.6968170571967203e-09,0.00026839488905404477,0.0,0.00026839488905404477,5.941485865524418e-08
0.0002689125135558683,3.702025646253483e-09,0.00026884923090656697,0.0,0.000268849230906567,5.9580623655099124e-08
0.00026936702638197957,3.7072379256762502e-09,0.0002693035725227612,0.0,0.0002693035725227612,5.974662129270498e-08
0.000269821539208091,3.7124538988300874e-09,0.000269757913902461,0.0,0.000269757913902461,5.991285173111019e-08
0.00027027605203420237,3.7176735690838102e-09,0.00027021225504549973,0.0,0.0002702122550454998,6.007931513350979e-08
0.0002707305648603139,3.722896939809982e-09,0.0002706665959517108,0.0,0.0002706665959517108,6.024601166324563e-08
0.00027118507768642556,3.72812401438491e-09,0.0002711209366209273,0.0,0.0002711209366209273,6.041294148380637e-08
0.0002716395905125373,3.733354796188648e-09,0.0002715752770529823,0.0,0.0002715752770529823,6.05801047588279e-08
0.00027209410333864923,3.738589288604998e-09,0.00027202961724770853,0.0,0.00027202961724770853,6.074750165209321e-08
0.0002725486161647611,3.743827495021493e-09,0.00027248395720493854,0.0,0.0002724839572049386,6.091513232753281e-08
0.00027300312899087323,3.749069418829425e-09,0.0002729382969245052,0.0,0.0002729382969245052,6.108299694922466e-08
0.0002734576418169855,3.754315063423818e-09,0.0002733926364062407,0.0,0.0002733926364062407,6.125109568139447e-08
0.0002739121546430978,3.759564432203445e-09,0.00027384697564997716,0.0,0.00027384697564997716,6.141942868841587e-08
0.0002743666674692101,3.7648175285708265e-09,0.00027430131465554675,0.0,0.00027430131465554675,6.158799613481045e-08
0.0002748211802953227,3.770074355932231e-09,0.00027475565342278144,0.0,0.00027475565342278144,6.175679818524798e-08
0.00027527569312143526,3.775334917697667e-09,0.000275209991951513,0.0,0.000275209991951513,6.192583500454665e-08
0.00027573020594754793,3.780599217280906e-09,0.000275664330241573,0.0,0.00027566433024157303,6.20951067576731e-08
0.00027618471877366077,3.785867258099462e-09,0.00027611866829279296,0.0,0.00027611866829279296,6.226461360974262e-08
0.0002766392315997737,3.7911390435746086e-09,0.0002765730061050041,0.0,0.0002765730061050041,6.243435572601938e-08
0.0002770937444258867,3.796414577131372e-09,0.00027702734367803764,0.0,0.00027702734367803764,6.260433327191646e-08
0.0002775482572519999,3.801693862198558e-09,0.00027748168101172466,0.0,0.00027748168101172466,6.277454641299616e-08
0.0002780027700781131,3.8069769022087086e-09,0.0002779360181058959,0.0,0.0002779360181058959,6.294499531497002e-08
0.0002784572829042264,3.8122637005981436e-09,0.00027839035496038205,0.0,0.00027839035496038205,6.311568014369906e-08
0.00027891179573033976,3.817554260806955e-09,0.00027884469157501377,0.0,0.00027884469157501377,6.328660106519393e-08
0.00027936630855645325,3.8228485862790045e-09,0.00027929902794962135,0.0,0.00027929902794962135,6.345775824561509e-08
0.0002798208213825669,3.828146680461931e-09,0.00027975336408403515,0.0,0.00027975336408403515,6.362915185127288e-08
0.00028027533420868066,3.833448546807144e-09,0.0002802076999780852,0.0,0.0002802076999780852,6.380078204862777e-08
0.00028072984703479453,3.838754188769854e-09,0.00028066203563160145,0.0,0.00028066203563160145,6.39726490042905e-08
0.0002811843598609084,3.844063609809039e-09,0.0002811163710444136,0.0,0.0002811163710444136,6.414475288502227e-08
0.0002816388726870225,3.849376813387478e-09,0.00028157070621635143,0.0,0.00028157070621635143,6.431709385773481e-08
0.00028209338551313663,3.8546938029717436e-09,0.0002820250411472441,0.0,0.0002820250411472441,6.448967208949058e-08
0.00028254789833925093,3.860014582032201e-09,0.00028247937583692135,0.0,0.00028247937583692146,6.466248774750306e-08
0.0002830024111653653,3.865339154043012e-09,0.00028293371028521207,0.0,0.00028293371028521207,6.48355409991367e-08
0.00028345692399147976,3.8706675224821605e-09,0.0002833880444919454,0.0,0.0002833880444919454,6.500883201190717e-08
0.00028391143681759433,3.875999690831425e-09,0.00028384237845695,0.0,0.00028384237845695005,6.518236095348165e-08
0.000284365949643709,3.881335662576405e-09,0.00028429671218005475,0.0,0.00028429671218005475,6.535612799167878e-08
0.0002848204624698238,3.886675441206516e-09,0.0002847510456610881,0.0,0.0002847510456610881,6.553013329446895e-08
0.00028527497529593865,3.892019030214989e-09,0.00028520537889987845,0.0,0.00028520537889987845,6.570437702997441e-08
0.00028572948812205366,3.897366433098886e-09,0.0002856597118962541,0.0,0.0002856597118962541,6.58788593664695e-08
0.00028618400094816877,3.902717653359093e-09,0.00028611404465004296,0.0,0.00028611404465004307,6.605358047238075e-08
0.00028663851377428405,3.9080726945003435e-09,0.0002865683771610732,0.0,0.0002865683771610732,6.622854051628703e-08
0.00028709302660039933,3.9134315600311964e-09,0.00028702270942917237,0.0,0.00028702270942917237,6.640373966691982e-08
0.0002875475394265147,3.918794253464051e-09,0.0002874770414541681,0.0,0.0002874770414541681,6.657917809316321e-08
0.00028800205225263027,3.9241607783151625e-09,0.0002879313732358879,0.0,0.0002879313732358879,6.675485596405421e-08
0.0002884565650787459,3.929531138104632e-09,0.00028838570477415906,0.0,0.00028838570477415906,6.693077344878285e-08
0.00028891107790486164,3.934905336356418e-09,0.00028884003606880854,0.0,0.00028884003606880854,6.71069307166923e-08
0.0002893655907309775,3.94028337659833e-09,0.0002892943671196636,0.0,0.00028929436711966366,6.72833279372792e-08
0.0002898201035570934,3.945665262362049e-09,0.00028974869792655085,0.0,0.00028974869792655085,6.745996528019358e-08
0.0002902746163832095,3.951050997183121e-09,0.000290203028489297,0.0,0.000290203028489297,6.763684291523922e-08
0.0002907291292093257,3.956440584600965e-09,0.0002906573588077287,0.0,0.0002906573588077287,6.781396101237375e-08
0.00029118364203544194,3.961834028158873e-09,0.0002911116888816722,0.0,0.0002911116888816722,6.799131974170882e-08
0.00029163815486155835,3.967231331404023e-09,0.00029156601871095346,0.0,0.00029156601871095346,6.816891927351022e-08
0.00029209266768767477,3.972632497887472e-09,0.00029202034829539875,0.0,0.00029202034829539875,6.834675977819818e-08
0.0002925471805137914,3.978037531164173e-09,0.0002924746776348339,0.0,0.00029247467763483397,6.852484142634722e-08
0.00029300169333990815,3.983446434792972e-09,0.00029292900672908467,0.0,0.00029292900672908467,6.870316438868679e-08
0.00029345620616602494,3.988859212336603e-09,0.00029338333557797646,0.0,0.00029338333557797646,6.888172883610106e-08
0.0002939107189921419,3.99427586736171e-09,0.00029383766418133485,0.0,0.00029383766418133485,6.906053493962924e-08
0.00029436523181825886,3.999696403442867e-09,0.000294291992538985,0.0,0.000294291992538985,6.923958287046639e-08
0.00029481974464437604,4.005120824148581e-09,0.00029474632065075196,0.0,0.00029474632065075196,6.941887279996221e-08
0.00029527425747049327,4.0105491330576574e-09,0.00029520064851646055,0.0,0.0002952006485164606,6.959840489962188e-08
0.0002957287702966106,4.015981333752514e-09,0.0002956549761359357,0.0,0.0002956549761359357,6.977817934110629e-08
0.00029618328312272805,4.02141742981942e-09,0.0002961093035090019,0.0,0.0002961093035090019,6.995819629623216e-08
0.00029663779594884556,4.026857424848603e-09,0.00029656363063548373,0.0,0.00029656363063548373,7.013845593697217e-08
0.0002970923087749633,4.032301322434246e-09,0.0002970179575152054,0.0,0.0002970179575152054,7.031895843545525e-08
0.00029754682160108105,4.03774912617449e-09,0.00029747228414799096,0.0,0.00029747228414799096,7.049970396396662e-08
0.00029800133442719893,4.04320083967143e-09,0.0002979266105336643,0.0,0.0002979266105336643,7.068069269494807e-08
0.0002984558472533169,4.048656466531112e-09,0.00029838093667204933,0.0,0.00029838093667204933,7.0861924800998e-08
0.0002989103600794349,4.054116010363527e-09,0.00029883526256296975,0.0,0.00029883526256296975,7.10434004548717e-08
0.00029936487290555317,4.059579474782616e-09,0.0002992895882062489,0.0,0.0002992895882062489,7.122511982948146e-08
0.00029981938573167143,4.0650468634062655e-09,0.0002997439136017101,0.0,0.0002997439136017101,7.14070830978968e-08
0.00030027389855778996,4.070518179856315e-09,0.00030019823874917673,0.0,0.00030019823874917673,7.158929043334452e-08
0.00030072841138390844,4.075993427758573e-09,0.00030065256364847137,0.0,0.00030065256364847137,7.177174200920897e-08
0.0003011829242100271,4.081472610742803e-09,0.0003011068882994173,0.0,0.0003011068882994173,7.195443799903225e-08
0.0003016374370361458,4.086955732442737e-09,0.0003015612127018369,0.0,0.0003015612127018369,7.213737857651421e-08
0.0003020919498622647,4.092442796496078e-09,0.0003020155368555527,0.0,0.0003020155368555527,7.232056391551281e-08
0.00030254646268838365,4.097933806544515e-09,0.0003024698607603871,0.0,0.0003024698607603871,7.250399419004422e-08
0.0003030009755145028,4.103428766233718e-09,0.00030292418441616223,0.0,0.00030292418441616223,7.268766957428291e-08
0.0003034554883406219,4.108927679213338e-09,0.0003033785078227002,0.0,0.0003033785078227002,7.287159024256195e-08
0.0003039100011667413,4.114430549137034e-09,0.00030383283097982274,0.0,0.00030383283097982274,7.305575636937303e-08
0.0003043645139928607,4.119937379662456e-09,0.00030428715388735174,0.0,0.00030428715388735174,7.324016812936688e-08
0.0003048190268189802,4.125448174451265e-09,0.00030474147654510847,0.0,0.00030474147654510847,7.342482569735313e-08
0.00030527353964509977,4.1309629371691305e-09,0.0003051957989529143,0.0,0.0003051957989529143,7.360972924830067e-08
0.0003057280524712196,4.136481671485724e-09,0.00030565012111059077,0.0,0.00030565012111059077,7.37948789573378e-08
0.0003061825652973395,4.1420043810747575e-09,0.0003061044430179586,0.0,0.0003061044430179586,7.398027499975242e-08
0.0003066370781234594,4.147531069613958e-09,0.0003065587646748388,0.0,0.00030655876467483876,7.416591755099205e-08
0.00030709159094957937,4.153061740785081e-09,0.000307013086081052,0.0,0.000307013086081052,7.435180678666423e-08
0.00030754610377569964,4.158596398273916e-09,0.00030746740723641886,0.0,0.0003074674072364188,7.453794288253654e-08
0.00030800061660181985,4.164135045770297e-09,0.00030792172814075956,0.0,0.00030792172814075956,7.472432601453672e-08
0.0003084551294279402,4.169677686968104e-09,0.0003083760487938945,0.0,0.00030837604879389456,7.491095635875312e-08
0.00030890964225406076,4.175224325565248e-09,0.0003088303691956438,0.0,0.0003088303691956438,7.509783409143446e-08
0.0003093641550801814,4.180774965263727e-09,0.0003092846893458271,0.0,0.0003092846893458271,7.52849593889904e-08
0.000309818667906302,4.186329609769561e-09,0.00030973900924426433,0.0,0.00030973900924426433,7.547233242799147e-08
0.00031027318073242286,4.191888262792861e-09,0.0003101933288907749,0.0,0.0003101933288907749,7.565995338516931e-08
0.00031072769355854383,4.197450928047791e-09,0.00031064764828517836,0.0,0.00031064764828517836,7.584782243741683e-08
0.00031118220638466475,4.2030176092525945e-09,0.00031110196742729375,0.0,0.00031110196742729375,7.60359397617884e-08
0.000311636719210786,4.20858831012959e-09,0.00031155628631694037,0.0,0.00031155628631694037,7.622430553550002e-08
0.00031209123203690723,4.214163034405172e-09,0.0003120106049539369,0.0,0.0003120106049539369,7.641291993592955e-08
0.00031254574486302863,4.219741785809836e-09,0.0003124649233381022,0.0,0.00031246492333810225,7.660178314061677e-08
0.0003130002576891501,4.225324568078156e-09,0.0003129192414692548,0.0,0.00031291924146925485,7.679089532726359e-08
0.0003134547705152718,4.2309113849488e-09,0.0003133735593472131,0.0,0.0003133735593472131,7.698025667373428e-08
0.00031390928334139344,4.236502240164551e-09,0.0003138278769717952,0.0,0.0003138278769717952,7.71698673580556e-08
0.00031436379616751534,4.242097137472288e-09,0.0003142821943428194,0.0,0.0003142821943428194,7.735972755841698e-08
0.0003148183089936372,4.2476960806229915e-09,0.00031473651146010336,0.0,0.00031473651146010336,7.754983745317075e-08
0.0003152728218197593,4.253299073371779e-09,0.000315190828323465,0.0,0.000315190828323465,7.774019722083212e-08
0.00031572733464588145,4.258906119477872e-09,0.0003156451449327219,0.0,0.0003156451449327219,7.793080704007968e-08
0.0003161818474720036,4.264517222704602e-09,0.0003160994612876912,0.0,0.00031609946128769123,7.812166708975524e-08
0.00031663636029812605,4.270132386819464e-09,0.0003165537773881904,0.0,0.0003165537773881904,7.831277754886424e-08
0.00031709087312424854,4.2757516155940535e-09,0.0003170080932340364,0.0,0.0003170080932340364,7.850413859657584e-08
0.00031754538595037113,4.281374912804125e-09,0.0003174624088250461,0.0,0.0003174624088250461,7.869575041222306e-08
0.00031799989877649373,4.287002282229558e-09,0.0003179167241610363,0.0,0.0003179167241610363,7.888761317530302e-08
0.0003184544116026166,4.292633727654394e-09,0.0003183710392418235,0.0,0.00031837103924182357,7.907972706547711e-08
0.00031890892442873947,4.298269252866825e-09,0.00031882535406722406,0.0,0.00031882535406722406,7.927209226257111e-08
0.00031936343725486255,4.303908861659178e-09,0.0003192796686370543,0.0,0.0003192796686370543,7.94647089465754e-08
0.0003198179500809857,4.309552557827972e-09,0.00031973398295113016,0.0,0.00031973398295113026,7.96575772976452e-08
0.0003202724629071089,4.315200345173873e-09,0.0003201882970092676,0.0,0.0003201882970092676,7.985069749610061e-08
0.00032072697573323224,4.320852227501712e-09,0.00032064261081128236,0.0,0.00032064261081128236,8.004406972242692e-08
0.00032118148855935576,4.326508208620518e-09,0.0003210969243569898,0.0,0.00032109692435698987,8.023769415727473e-08
0.0003216360013854794,4.3321682923434775e-09,0.0003215512376462056,0.0,0.0003215512376462056,8.043157098146007e-08
0.0003220905142116031,4.337832482487962e-09,0.0003220055506787447,0.0,0.0003220055506787447,8.062570037596467e-08
0.0003225450270377269,4.343500782875556e-09,0.0003224598634544221,0.0,0.0003224598634544221,8.082008252193618e-08
0.00032299953986385076,4.349173197332001e-09,0.00032291417597305274,0.0,0.0003229141759730528,8.101471760068817e-08
0.00032345405268997487,4.3548497296872715e-09,0.0003233684882344515,0.0,0.0003233684882344515,8.120960579370044e-08
0.0003239085655160991,4.360530383775515e-09,0.0003238228002384326,0.0,0.0003238228002384326,8.140474728261919e-08
0.00032436307834222326,4.366215163435113e-09,0.00032427711198481057,0.0,0.00032427711198481057,8.160014224925713e-08
0.00032481759116834776,4.371904072508637e-09,0.00032473142347339966,0.0,0.00032473142347339966,8.179579087559377e-08
0.0003252721039944723,4.377597114842894e-09,0.0003251857347040137,0.0,0.0003251857347040137,8.19916933437755e-08
0.00032572661682059686,4.3832942942889025e-09,0.0003256400456764665,0.0,0.0003256400456764665,8.218784983611581e-08
0.00032618112964672157,4.388995614701903e-09,0.00032609435639057176,0.0,0.00032609435639057176,8.238426053509546e-08
0.00032663564247284644,4.394701079941375e-09,0.00032654866684614316,0.0,0.00032654866684614316,8.258092562336266e-08
0.00032709015529897137,4.400410693872435e-09,0.0003270029770429937,0.0,0.0003270029770429938,8.277784528373423e-08
0.0003275446681250964,4.40612446035811e-09,0.00032745728698093686,0.0,0.0003274572869809369,8.297501969919378e-08
0.0003279991809512216,4.4118423832717704e-09,0.00032791159665978545,0.0,0.00032791159665978545,8.317244905289295e-08
0.0003284536937773469,4.41756446649034e-09,0.0003283659060793523,0.0,0.0003283659060793523,8.337013352815154e-08
0.0003289082066034723,4.423290713894789e-09,0.0003288202152394499,0.0,0.0003288202152394499,8.356807330845769e-08
0.00032936271942959775,4.429021129370285e-09,0.00032927452413989095,0.0,0.00032927452413989095,8.37662685774681e-08
0.00032981723225572343,4.434755716806231e-09,0.00032972883278048763,0.0,0.00032972883278048763,8.396471951900823e-08
0.0003302717450818491,4.4404944800963115e-09,0.00033018314116105193,0.0,0.000330183141161052,8.41634263170723e-08
0.000330726257907975,4.446237423138453e-09,0.000330637449281396,0.0,0.00033063744928139605,8.436238915582377e-08
0.00033118077073410093,4.451984549834877e-09,0.0003310917571413315,0.0,0.00033109175714133156,8.456160821959528e-08
0.00033163528356022705,4.457735864092058e-09,0.00033154606474067,0.0,0.0003315460647406701,8.47610836928889e-08
0.0003320897963863533,4.463491369820759e-09,0.000332000372079223,0.0,0.000332000372079223,8.496081576037632e-08
0.00033254430921247956,4.469251070936005e-09,0.0003324546791568017,0.0,0.0003324546791568017,8.516080460689913e-08
0.000332998822038606,4.47501497135712e-09,0.00033290898597321717,0.0,0.00033290898597321717,8.536105041746883e-08
0.0003334533348647325,4.480783075007708e-09,0.0003333632925282803,0.0,0.0003333632925282803,8.556155337726705e-08
0.00033390784769085917,4.48655538581567e-09,0.0003338175988218017,0.0,0.0003338175988218017,8.576231367164584e-08
0.0003343623605169859,4.4923319077132e-09,0.00033427190485359204,0.0,0.00033427190485359204,8.596333148612777e-08
0.00033481687334311266,4.498112644636805e-09,0.00033472621062346174,0.0,0.00033472621062346174,8.616460700640614e-08
0.00033527138616923976,4.503897600526303e-09,0.0003351805161312209,0.0,0.0003351805161312209,8.636614041834511e-08
0.00033572589899536674,4.509686779327625e-09,0.0003356348213766795,0.0,0.0003356348213766795,8.656793190797993e-08
0.0003361804118214939,4.5154801849904325e-09,0.00033608912635964744,0.0,0.00033608912635964744,8.676998166151711e-08
0.00033663492464762126,4.521277821468516e-09,0.0003365434310799345,0.0,0.0003365434310799345,8.697228986533474e-08
0.0003370894374737488,4.527079692720003e-09,0.00033699773553735006,0.0,0.00033699773553735006,8.717485670598237e-08
0.00033754395029987627,4.532885802707333e-09,0.0003374520397317034,0.0,0.0003374520397317034,8.73776823701815e-08
0.0003379984631260039,4.538696155397329e-09,0.00033790634366280363,0.0,0.00033790634366280363,8.758076704482555e-08
0.0003384529759521316,4.544510754761134e-09,0.0003383606473304599,0.0,0.0003383606473304599,8.77841109169802e-08
0.0003389074887782596,4.55032960477426e-09,0.00033881495073448094,0.0,0.00033881495073448094,8.798771417388345e-08
0.00033936200160438753,4.556152709416583e-09,0.0003392692538746752,0.0,0.0003392692538746752,8.81915770029459e-08
0.0003398165144305157,4.561980072672332e-09,0.00033972355675085126,0.0,0.00033972355675085126,8.839569959175089e-08
0.00034027102725664395,4.567811698530124e-09,0.0003401778593628174,0.0,0.0003401778593628174,8.860008212805462e-08
0.0003407255400827723,4.5736475909829425e-09,0.0003406321617103815,0.0,0.0003406321617103815,8.880472479978649e-08
0.00034118005290890074,4.579487754028153e-09,0.0003410864637933517,0.0,0.00034108646379335175,8.900962779504922e-08
0.00034163456573502935,4.585332191667507e-09,0.0003415407656115356,0.0,0.0003415407656115356,8.92147913021189e-08
0.0003420890785611582,4.5911809079071544e-09,0.00034199506716474083,0.0,0.00034199506716474083,8.942021550944539e-08
0.00034254359138728696,4.597033906757642e-09,0.00034244936845277457,0.0,0.00034244936845277457,8.96259006056524e-08
0.0003429981042134158,4.602891192233908e-09,0.00034290366947544414,0.0,0.00034290366947544414,8.983184677953762e-08
0.00034345261703954495,4.608752768355302e-09,0.0003433579702325565,0.0,0.0003433579702325565,9.003805422007307e-08
0.00034390712986567416,4.6146186391455965e-09,0.0003438122707239186,0.0,0.0003438122707239186,9.024452311640509e-08
0.0003443616426918034,4.620488808632958e-09,0.00034426657094933694,0.0,0.00034426657094933694,9.045125365785471e-08
0.0003448161555179328,4.626363280849993e-09,0.0003447208709086181,0.0,0.0003447208709086181,9.06582460339177e-08
0.00034527066834406234,4.632242059833735e-09,0.0003451751706015682,0.0,0.0003451751706015682,9.086550043426486e-08
0.000345725181170192,4.638125149625636e-09,0.0003456294700279936,0.0,0.0003456294700279936,9.10730170487421e-08
0.0003461796939963216,4.6440125542715855e-09,0.0003460837691877,0.0,0.00034608376918770004,9.128079606737068e-08
0.0003466342068224515,4.6499042778219274e-09,0.00034653806808049336,0.0,0.00034653806808049336,9.148883768034749e-08
0.0003470887196485815,4.655800324331445e-09,0.00034699236670617916,0.0,0.00034699236670617916,9.169714207804508e-08
0.00034754323247471164,4.661700697859368e-09,0.00034744666506456273,0.0,0.00034744666506456273,9.190570945101195e-08
0.00034799774530084183,4.667605402469386e-09,0.0003479009631554494,0.0,0.0003479009631554494,9.211453998997272e-08
0.0003484522581269721,4.673514442229646e-09,0.0003483552609786441,0.0,0.0003483552609786441,9.232363388582827e-08
0.00034890677095310253,4.679427821212767e-09,0.0003488095585339516,0.0,0.0003488095585339517,9.253299132965595e-08
0.0003493612837792331,4.685345543495839e-09,0.00034926385582117694,0.0,0.00034926385582117694,9.274261251270988e-08
0.00034981579660536393,4.691267613160414e-09,0.00034971815284012435,0.0,0.00034971815284012435,9.295249762642099e-08
0.0003502703094314947,4.6971940342925355e-09,0.000350172449590598,0.0,0.000350172449590598,9.31626468623973e-08
0.0003507248222576256,4.703124810982737e-09,0.0003506267460724022,0.0,0.00035062674607240225,9.337306041242397e-08
0.0003511793350837566,4.709059947326025e-09,0.0003510810422853408,0.0,0.00035108104228534086,9.358373846846372e-08
0.0003516338479098878,4.714999447421919e-09,0.0003515353382292177,0.0,0.0003515353382292177,9.379468122265683e-08
0.0003520883607360191,4.720943315374434e-09,0.00035198963390383636,0.0,0.00035198963390383636,9.400588886732144e-08
0.0003525428735621505,4.726891555292071e-09,0.0003524439293090002,0.0,0.0003524439293090002,9.421736159495368e-08
0.0003529973863882819,4.732844171287872e-09,0.0003528982244445125,0.0,0.0003528982244445125,9.442909959822784e-08
0.0003534518992144136,4.738801167479369e-09,0.00035335251931017616,0.0,0.00035335251931017616,9.464110306999663e-08
0.00035390641204054526,4.74476254798861e-09,0.000353806813905794,0.0,0.000353806813905794,9.485337220329134e-08
0.0003543609248666772,4.750728316942195e-09,0.00035426110823116896,0.0,0.00035426110823116896,9.506590719132206e-08
0.00035481543769280916,4.756698478471234e-09,0.0003547154022861032,0.0,0.00035471540228610327,9.527870822747785e-08
0.0003552699505189413,4.762673036711374e-09,0.0003551696960703992,0.0,0.00035516969607039925,9.549177550532682e-08
0.00035572446334507343,4.768651995802805e-09,0.000355623989583859,0.0,0.0003556239895838591,9.570510921861651e-08
0.0003561789761712058,4.7746353598902596e-09,0.00035607828282628465,0.0,0.0003560782828262847,9.591870956127404e-08
0.00035663348899733814,4.7806231331230105e-09,0.00035653257579747763,0.0,0.00035653257579747763,9.61325767274062e-08
0.00035708800182347066,4.786615319654901e-09,0.00035698686849723973,0.0,0.00035698686849723973,9.634671091129968e-08
0.0003575425146496033,4.792611923644313e-09,0.0003574411609253723,0.0,0.0003574411609253724,9.656111230742137e-08
0.0003579970274757361,4.798612949254212e-09,0.00035789545308167645,0.0,0.00035789545308167645,9.677578111041839e-08
0.00035845154030186903,4.804618400652113e-09,0.0003583497449659532,0.0,0.00035834974496595323,9.699071751511842e-08
0.000358906053128002,4.8106282820101235e-09,0.00035880403657800343,0.0,0.0003588040365780035,9.720592171652986e-08
0.0003593605659541351,4.816642597504913e-09,0.0003592583279176277,0.0,0.0003592583279176277,9.742139390984185e-08
0.0003598150787802685,4.8226613513208296e-09,0.0003597126189846267,0.0,0.0003597126189846267,9.763713429042583e-08
0.00036026959160640176,4.828684547636716e-09,0.0003601669097788003,0.0,0.0003601669097788003,9.785314305383335e-08
0.00036072410443253525,4.8347121906442175e-09,0.0003606212002999488,0.0,0.0003606212002999488,9.806942039579746e-08
0.00036117861725866896,4.840744284538902e-09,0.00036107549054787216,0.0,0.00036107549054787216,9.828596651223286e-08
0.0003616331300848026,4.846780833520716e-09,0.0003615297805223699,0.0,0.0003615297805223699,9.850278159923615e-08
0.0003620876429109365,4.852821841794136e-09,0.00036198407022324165,0.0,0.00036198407022324165,9.871986585308599e-08
0.0003625421557370705,4.8588673135682524e-09,0.0003624383596502867,0.0,0.00036243835965028674,9.893721947024324e-08
0.00036299666856320456,4.8649172530567344e-09,0.00036289264880330423,0.0,0.00036289264880330423,9.91548426473513e-08
0.00036345118138933876,4.87097166447791e-09,0.000363346937682093,0.0,0.000363346937682093,9.937273558123608e-08
0.0003639056942154731,4.8770305520547045e-09,0.000363801226286452,0.0,0.0003638012262864521,9.959089846890646e-08
0.00036436020704160753,4.883093920014669e-09,0.00036425551461618,0.0,0.00036425551461618003,9.980933150755432e-08
0.00036481471986774206,4.889161772589962e-09,0.0003647098026710749,0.0,0.0003647098026710749,1.0002803489455472e-07
0.0003652692326938769,4.895234114017393e-09,0.00036516409045093533,0.0,0.00036516409045093533,1.0024700882746618e-07
0.00036572374552001165,4.901310948538372e-09,0.00036561837795555906,0.0,0.00036561837795555906,1.004662535040309e-07
0.00036617825834614655,4.907392280398966e-09,0.000366072665184744,0.0,0.000366072665184744,1.0068576912217478e-07
0.0003666327711722816,4.913478113849884e-09,0.00036652695213828775,0.0,0.0003665269521382878,1.0090555588000786e-07
0.0003670872839984168,4.919568453146472e-09,0.0003669812388159878,0.0,0.0003669812388159879,1.011256139758243e-07
0.00036754179682455207,4.925663302548746e-09,0.00036743552521764145,0.0,0.00036743552521764145,1.0134594360810273e-07
0.00036799630965068746,4.931762666321384e-09,0.0003678898113430457,0.0,0.00036788981134304574,1.0156654497550635e-07
0.0003684508224768232,4.937866548733716e-09,0.00036834409719199756,0.0,0.00036834409719199756,1.017874182768832e-07
0.00036890533530295873,4.943974954059771e-09,0.0003687983827642934,0.0,0.0003687983827642934,1.0200856371126631e-07
0.00036935984812909445,4.950087886578223e-09,0.0003692526680597301,0.0,0.0003692526680597301,1.0222998147787389e-07
0.00036981436095523043,4.956205350572473e-09,0.00036970695307810377,0.0,0.00036970695307810377,1.024516717761096e-07
0.0003702688737813664,4.962327350330577e-09,0.00037016123781921054,0.0,0.00037016123781921065,1.0267363480556267e-07
0.0003707233866075026,4.968453890145322e-09,0.0003706155222828464,0.0,0.0003706155222828464,1.0289587076600807e-07
0.00037117789943363883,4.974584974314171e-09,0.0003710698064688072,0.0,0.00037106980646880723,1.031183798574069e-07
0.0003716324122597753,4.9807206071393184e-09,0.00037152409037688824,0.0,0.00037152409037688824,1.0334116227990632e-07
0.0003720869250859118,4.9868607929276535e-09,0.00037197837400688505,0.0,0.00037197837400688505,1.0356421823383996e-07
0.00037254143791204847,4.99300553599079e-09,0.0003724326573585927,0.0,0.00037243265735859276,1.0378754791972802e-07
0.0003729959507381852,4.9991548406450864e-09,0.00037288694043180633,0.0,0.00037288694043180633,1.0401115153827747e-07
0.00037345046356432207,5.005308711211606e-09,0.0003733412232263205,0.0,0.00037334122322632053,1.0423502929038236e-07
0.0003739049763904591,5.011467152016172e-09,0.00037379550574193,0.0,0.00037379550574193,1.0445918137712385e-07
0.00037435948921659627,5.017630167389322e-09,0.0003742497879784291,0.0,0.0003742497879784291,1.046836079997705e-07
0.00037481400204273345,5.023797761666364e-09,0.000374704069935612,0.0,0.00037470406993561205,1.0490830935977847e-07
0.00037526851486887074,5.0299699391873446e-09,0.0003751583516132729,0.0,0.0003751583516132729,1.0513328565879177e-07
0.0003757230276950082,5.036146704297087e-09,0.0003756126330112053,0.0,0.0003756126330112053,1.053585370986423e-07
0.0003761775405211459,5.042328061345148e-09,0.00037606691412920326,0.0,0.00037606691412920326,1.0558406388135028e-07
0.00037663205334728363,5.048514014685877e-09,0.00037652119496705985,0.0,0.0003765211949670599,1.0580986620912421e-07
0.00037708656617342157,5.054704568678383e-09,0.0003769754755245685,0.0,0.0003769754755245685,1.0603594428436126e-07
0.00037754107899955945,5.0608997276865566e-09,0.00037742975580152215,0.0,0.0003774297558015222,1.0626229830964737e-07
0.00037799559182569755,5.067099496079072e-09,0.00037788403579771374,0.0,0.00037788403579771374,1.0648892848775754e-07
0.0003784501046518357,5.0733038782294015e-09,0.0003783383155129359,0.0,0.0003783383155129359,1.0671583502165586e-07
0.0003789046174779741,5.079512878515779e-09,0.0003787925949469811,0.0,0.0003787925949469811,1.0694301811449595e-07
0.0003793591303041125,5.085726501321282e-09,0.0003792468740996416,0.0,0.0003792468740996416,1.0717047796962099e-07
0.00037981364313025104,5.091944751033758e-09,0.0003797011529707094,0.0,0.0003797011529707095,1.0739821479056394e-07
0.0003802681559563898,5.098167632045875e-09,0.0003801554315599767,0.0,0.0003801554315599767,1.0762622878104776e-07
0.0003807226687825286,5.10439514875512e-09,0.0003806097098672349,0.0,0.00038060970986723494,1.0785452014498574e-07
0.00038117718160866757,5.110627305563791e-09,0.0003810639878922756,0.0,0.0003810639878922756,1.0808308908648156e-07
0.0003816316944348066,5.116864106879008e-09,0.0003815182656348899,0.0,0.0003815182656348899,1.0831193580982934e-07
0.00038208620726094583,5.123105557112743e-09,0.0003819725430948692,0.0,0.00038197254309486927,1.0854106051951426e-07
0.00038254072008708513,5.129351660681755e-09,0.00038242682027200424,0.0,0.0003824268202720043,1.0877046342021248e-07
0.0003829952329132247,5.135602422007699e-09,0.00038288109716608584,0.0,0.0003828810971660859,1.0900014471679135e-07
0.00038344974573936415,5.141857845517032e-09,0.0003833353737769043,0.0,0.0003833353737769043,1.0923010461430961e-07
0.0003839042585655039,5.1481179356410904e-09,0.00038378965010425027,0.0,0.00038378965010425027,1.0946034331801774e-07
0.00038435877139164366,5.154382696816037e-09,0.0003842439261479135,0.0,0.0003842439261479135,1.0969086103335805e-07
0.0003848132842177835,5.16065213348292e-09,0.0003846982019076841,0.0,0.0003846982019076841,1.0992165796596489e-07
0.0003852677970439236,5.166926250087639e-09,0.00038515247738335186,0.0,0.00038515247738335197,1.1015273432166485e-07
0.0003857223098700638,5.173205051080965e-09,0.00038560675257470626,0.0,0.00038560675257470626,1.1038409030647705e-07
0.0003861768226962042,5.179488540918544e-09,0.00038606102748153673,0.0,0.00038606102748153673,1.1061572612661322e-07
0.0003866313355223446,5.18577672406091e-09,0.0003865153021036321,0.0,0.0003865153021036321,1.1084764198847797e-07
0.0003870858483484851,5.192069604973465e-09,0.00038696957644078153,0.0,0.00038696957644078153,1.1107983809866901e-07
0.00038754036117462587,5.198367188126527e-09,0.0003874238504927737,0.0,0.0003874238504927738,1.1131231466397735e-07
0.0003879948740007666,5.204669477995288e-09,0.0003878781242593972,0.0,0.0003878781242593972,1.1154507189138745e-07
0.0003884493868269075,5.21097647905985e-09,0.0003883323977404403,0.0,0.00038833239774044043,1.1177810998807752e-07
0.0003889038996530486,5.2172881958052155e-09,0.0003887866709356913,0.0,0.0003887866709356913,1.1201142916141971e-07
0.0003893584124791897,5.223604632721304e-09,0.0003892409438449381,0.0,0.00038924094384493814,1.1224502961898008e-07
0.0003898129253053311,5.229925794302955e-09,0.00038969521646796813,0.0,0.00038969521646796824,1.1247891156851935e-07
0.00039026743813147237,5.2362516850499195e-09,0.0003901494888045694,0.0,0.0003901494888045694,1.1271307521799251e-07
0.000390721950957614,5.2425823094668706e-09,0.000390603760854529,0.0,0.000390603760854529,1.1294752077554935e-07
0.00039117646378375567,5.24891767206343e-09,0.00039105803261763413,0.0,0.00039105803261763413,1.1318224844953464e-07
0.0003916309766098974,5.2552577773541416e-09,0.0003915123040936716,0.0,0.00039151230409367163,1.1341725844848822e-07
0.00039208548943603946,5.261602629858493e-09,0.00039196657528242835,0.0,0.0003919665752824284,1.1365255098114546e-07
0.00039254000226218136,5.267952234100983e-09,0.00039242084618369087,0.0,0.00039242084618369087,1.13888126256438e-07
0.0003929945150883236,5.274306594607073e-09,0.00039287511679724543,0.0,0.00039287511679724543,1.1412398448349239e-07
0.00039344902791446586,5.2806657159119726e-09,0.00039332938712287834,0.0,0.00039332938712287834,1.1436012587163124e-07
0.00039390354074060835,5.287029602553849e-09,0.00039378365716037547,0.0,0.00039378365716037547,1.145965506303732e-07
0.00039435805356675095,5.293398259079512e-09,0.00039423792690952236,0.0,0.0003942379269095224,1.1483325896943345e-07
0.00039481256639289355,5.299771690038464e-09,0.00039469219637010484,0.0,0.0003946921963701049,1.1507025109872376e-07
0.0003952670792190364,5.306149899985145e-09,0.00039514646554190806,0.0,0.00039514646554190806,1.1530752722835277e-07
0.0003957215920451793,5.312532893478963e-09,0.0003956007344247172,0.0,0.00039560073442471724,1.1554508756862613e-07
0.0003961761048713223,5.318920675084295e-09,0.0003960550030183171,0.0,0.00039605500301831723,1.1578293233004674e-07
0.00039663061769746547,5.325313249370519e-09,0.00039650927132249287,0.0,0.00039650927132249287,1.1602106172331496e-07
0.00039708513052360883,5.331710620911972e-09,0.0003969635393370286,0.0,0.0003969635393370286,1.1625947595932876e-07
0.0003975396433497522,5.338112794287986e-09,0.00039741780706170876,0.0,0.00039741780706170876,1.164981752491841e-07
0.0003979941561758958,5.344519774082902e-09,0.0003978720744963175,0.0,0.0003978720744963175,1.1673715980417495e-07
0.0003984486690020394,5.350931564886024e-09,0.00039832634164063875,0.0,0.00039832634164063875,1.1697642983579356e-07
0.00039890318182818325,5.357348171291684e-09,0.00039878060849445616,0.0,0.00039878060849445627,1.1721598555573075e-07
0.0003993576946543272,5.363769597899237e-09,0.00039923487505755343,0.0,0.00039923487505755343,1.1745582717587603e-07
0.00039981220748047127,5.3701958493130115e-09,0.0003996891413297136,0.0,0.0003996891413297136,1.1769595490831782e-07
0.0004002667203066154,5.3766269301424195e-09,0.00040014340731071987,0.0,0.0004001434073107199,1.1793636896534373e-07
0.00040072123313275967,5.383062845001851e-09,0.00040059767300035525,0.0,0.00040059767300035525,1.1817706955944072e-07
0.0004011757459589042,5.3895035985107634e-09,0.0004010519383984024,0.0,0.0004010519383984024,1.1841805690329526e-07
0.0004016302587850487,5.3959491952936305e-09,0.0004015062035046437,0.0,0.0004015062035046437,1.1865933120979365e-07
0.0004020847716111935,5.402399639979995e-09,0.0004019604683188614,0.0,0.0004019604683188615,1.1890089269202222e-07
0.00040253928443733826,5.408854937204452e-09,0.00040241473284083774,0.0,0.0004024147328408378,1.1914274156326739e-07
0.00040299379726348324,5.415315091606639e-09,0.0004028689970703546,0.0,0.00040286899707035463,1.193848780370161e-07
0.00040344831008962834,5.421780107831294e-09,0.00040332326100719353,0.0,0.00040332326100719353,1.196273023269559e-07
0.0004039028229157735,5.4282499905282e-09,0.00040377752465113603,0.0,0.0004037775246511361,1.1987001464697525e-07
0.0004043573357419189,5.4347247443522104e-09,0.00040423178800196344,0.0,0.0004042317880019635,1.201130152111635e-07
0.0004048118485680644,5.4412043739632895e-09,0.00040468605105945654,0.0,0.00040468605105945654,1.2035630423381141e-07
0.00040526636139420985,5.447688884026462e-09,0.0004051403138233965,0.0,0.0004051403138233965,1.2059988192941122e-07
0.0004057208742203556,5.454178279211881e-09,0.00040559457629356377,0.0,0.00040559457629356377,1.2084374851265682e-07
0.0004061753870465015,5.460672564194768e-09,0.0004060488384697389,0.0,0.0004060488384697389,1.21087904198444e-07
0.0004066298998726475,5.4671717436554655e-09,0.000406503100351702,0.0,0.00040650310035170205,1.2133234920187078e-07
0.00040708441269879354,5.473675822279421e-09,0.0004069573619392331,0.0,0.0004069573619392331,1.215770837382375e-07
0.0004075389255249399,5.480184804757195e-09,0.000407411623232112,0.0,0.00040741162323211207,1.2182210802304698e-07
0.00040799343835108616,5.486698695784492e-09,0.00040786588423011836,0.0,0.00040786588423011836,1.2206742227200488e-07
0.0004084479511772326,5.4932175000621235e-09,0.0004083201449330316,0.0,0.0004083201449330316,1.2231302670101983e-07
0.0004089024640033793,5.4997412222960296e-09,0.0004087744053406308,0.0,0.00040877440534063084,1.2255892152620372e-07
0.00040935697682952595,5.506269867197287e-09,0.0004092286654526948,0.0,0.0004092286654526949,1.228051069638718e-07
0.0004098114896556727,5.5128034394821476e-09,0.00040968292526900277,0.0,0.0004096829252690028,1.23051583230543e-07
0.0004102660024818199,5.519341943871971e-09,0.00041013718478933307,0.0,0.00041013718478933307,1.2329835054294007e-07
0.00041072051530796703,5.525885385093291e-09,0.000410591444013464,0.0,0.000410591444013464,1.2354540911798988e-07
0.00041117502813411424,5.532433767877795e-09,0.00041104570294117355,0.0,0.0004110457029411736,1.2379275917282352e-07
0.0004116295409602616,5.538987096962342e-09,0.0004114999615722399,0.0,0.00041149996157224,1.240404009247767e-07
0.00041208405378640904,5.545545377088941e-09,0.00041195421990644057,0.0,0.00041195421990644057,1.2428833459138975e-07
0.0004125385666125567,5.552108613004811e-09,0.0004124084779435533,0.0,0.00041240847794355335,1.24536560390408e-07
0.0004129930794387044,5.558676809462307e-09,0.00041286273568335517,0.0,0.00041286273568335517,1.2478507853978192e-07
0.00041344759226485223,5.565249971219003e-09,0.0004133169931256233,0.0,0.00041331699312562335,1.2503388925766734e-07
0.0004139021050910002,5.571828103037647e-09,0.00041377125027013476,0.0,0.00041377125027013476,1.2528299276242573e-07
0.0004143566179171483,5.578411209686192e-09,0.000414225507116666,0.0,0.000414225507116666,1.2553238927262435e-07
0.0004148111307432965,5.58499929593779e-09,0.0004146797636649935,0.0,0.00041467976366499354,1.2578207900703646e-07
0.000415265643569445,5.5915923665707624e-09,0.00041513401991489384,0.0,0.00041513401991489384,1.260320621846416e-07
0.00041572015639559364,5.5981904263687025e-09,0.0004155882758661426,0.0,0.00041558827586614264,1.2628233902462582e-07
0.00041617466922174226,5.604793480120399e-09,0.00041604253151851576,0.0,0.0004160425315185158,1.265329097463818e-07
0.0004166291820478911,5.6114015326198355e-09,0.000416496786871789,0.0,0.000416496786871789,1.2678377456950917e-07
0.0004170836948740401,5.618014588666263e-09,0.0004169510419257376,0.0,0.0004169510419257376,1.270349337138146e-07
0.0004175382077001891,5.624632653064144e-09,0.00041740529668013665,0.0,0.00041740529668013665,1.2728638739931224e-07
0.00041799272052633825,5.63125573062317e-09,0.00041785955113476144,0.0,0.00041785955113476144,1.275381358462237e-07
0.0004184472333524876,5.637883826158286e-09,0.0004183138052893864,0.0,0.0004183138052893864,1.2779017927497842e-07
0.00041890174617863706,5.644516944489696e-09,0.00041876805914378636,0.0,0.0004187680591437864,1.280425179062139e-07
0.0004193562590047867,5.651155090442835e-09,0.0004192223126977355,0.0,0.0004192223126977355,1.2829515196077578e-07
0.00041981077183093646,5.6577982688484e-09,0.00041967656595100786,0.0,0.0004196765659510079,1.285480816597182e-07
0.0004202652846570863,5.664446484542362e-09,0.00042013081890337746,0.0,0.00042013081890337746,1.2880130722430387e-07
0.00042071979748323625,5.671099742365956e-09,0.0004205850715546179,0.0,0.0004205850715546179,1.290548288760046e-07
0.00042117431030938633,5.6777580471656915e-09,0.0004210393239045026,0.0,0.0004210393239045028,1.293086468365011e-07
0.00042162882313553663,5.684421403793355e-09,0.0004214935759528051,0.0,0.00042149357595280525,1.2956276132768355e-07
0.00042208333596168704,5.69108981710603e-09,0.0004219478276992982,0.0,0.00042194782769929825,1.298171725716516e-07
0.00042253784878783744,5.697763291966054e-09,0.0004224020791437548,0.0,0.00042240207914375486,1.3007188079071475e-07
0.0004229923616139881,5.704441833241109e-09,0.00042285633028594756,0.0,0.0004228563302859476,1.303268862073924e-07
0.0004234468744401389,5.711125445804143e-09,0.00042331058112564867,0.0,0.00042331058112564867,1.3058218904441427e-07
0.00042390138726628975,5.717814134533411e-09,0.00042376483166263056,0.0,0.00042376483166263056,1.3083778952472055e-07
0.0004243559000924408,5.724507904312502e-09,0.000424219081896665,0.0,0.000424219081896665,1.3109368787146198e-07
