n_iter,err,diff1d3dCurrant_rel,maxdiff1d3dCurrant_rel,solve_gave_up,min__soil_solute,dt_inner,real_dt ,failedLoop,cL
1.0,100.0,0.0,0.0,0.0,0.0,0.013888888888888888,0.0,0.0,1.0
2.0,7.0095964354303115,0.0,0.0,0.0,0.0,0.013888888888888888,0.0,0.0,1.0
3.0,6.6742287229033925,0.0,0.0,0.0,0.0,0.013888888888888888,0.0,0.0,1.0
4.0,0.019634872155634944,0.0,0.0,0.0,0.0,0.013888888888888888,0.0,0.0,0.0
1.0,100.0,0.0,0.0,0.0,0.0,0.013888888888888888,0.0,0.0,1.0
2.0,7.160857775860308,0.0,0.0,0.0,0.0,0.013888888888888888,0.0,0.0,1.0
3.0,5.382949492141777,0.0,0.0,0.0,0.0,0.013888888888888888,0.0,0.0,1.0
4.0,4.4832888508283524e-12,0.0,0.0,0.0,0.0,0.013888888888888888,0.0,0.0,0.0
1.0,100.0,0.0,0.0,0.0,0.0,0.013888888888888888,0.0,0.0,1.0
2.0,2.2162702023483942,0.0,0.0,0.0,0.0,0.013888888888888888,0.0,0.0,1.0
3.0,1.5044590992187645,0.0,0.0,0.0,0.0,0.013888888888888888,0.0,0.0,1.0
4.0,1.9549427866692034e-12,0.0,0.0,0.0,0.0,0.013888888888888888,0.0,0.0,0.0
1.0,100.0,0.0,0.0,0.0,0.0,0.013888888888888888,0.0,0.0,1.0
2.0,0.7513931770341755,0.0,0.0,0.0,0.0,0.013888888888888888,0.0,0.0,1.0
3.0,0.5035151470853516,0.0,0.0,0.0,0.0,0.013888888888888888,0.0,0.0,1.0
4.0,2.2585488851605427e-12,0.0,0.0,0.0,0.0,0.013888888888888888,0.0,0.0,0.0
1.0,100.0,0.0,0.0,0.0,0.0,0.013888888888888888,0.0,0.0,1.0
2.0,0.2523729532113317,0.0,0.0,0.0,0.0,0.013888888888888888,0.0,0.0,1.0
3.0,0.16863174171842252,0.0,0.0,0.0,0.0,0.013888888888888888,0.0,0.0,1.0
4.0,3.652548589708884e-11,0.0,0.0,0.0,0.0,0.013888888888888888,0.0,0.0,0.0
1.0,100.0,0.0,0.0,0.0,0.0,0.013888888888888888,0.0,0.0,1.0
2.0,0.08424685797352045,0.0,0.0,0.0,0.0,0.013888888888888888,0.0,0.0,1.0
3.0,0.05624596800573165,0.0,0.0,0.0,0.0,0.013888888888888888,0.0,0.0,1.0
4.0,5.540763286987978e-12,0.0,0.0,0.0,0.0,0.013888888888888888,0.0,0.0,0.0
1.0,100.0,0.0,0.0,0.0,0.0,0.013888888888888888,0.0,0.0,1.0
2.0,0.028057345673866533,0.0,0.0,0.0,0.0,0.013888888888888888,0.0,0.0,1.0
3.0,0.018727114780772807,0.0,0.0,0.0,0.0,0.013888888888888888,0.0,0.0,1.0
4.0,2.352831784827712e-12,0.0,0.0,0.0,0.0,0.013888888888888888,0.0,0.0,0.0
1.0,100.0,0.0,0.0,0.0,0.0,0.013888888888888888,0.0,0.0,1.0
2.0,0.009336550078119723,0.0,0.0,0.0,0.0,0.013888888888888888,0.0,0.0,1.0
3.0,0.006231228173290118,0.0,0.0,0.0,0.0,0.013888888888888888,0.0,0.0,1.0
4.0,3.87643225028266e-12,0.0,0.0,0.0,0.0,0.013888888888888888,0.0,0.0,0.0
1.0,100.0,0.0,0.0,0.0,0.0,0.013888888888888888,0.0,0.0,1.0
2.0,0.003106041485974154,0.0,0.0,0.0,0.0,0.013888888888888888,0.0,0.0,1.0
3.0,0.0020729184529317338,0.0,0.0,0.0,0.0,0.013888888888888888,0.0,0.0,1.0
4.0,2.046706014274464e-12,0.0,0.0,0.0,0.0,0.013888888888888888,0.0,0.0,0.0
1.0,100.0,0.0,0.0,0.0,0.0,0.013888888888888888,0.0,0.0,1.0
2.0,0.0010332092728127088,0.0,0.0,0.0,0.0,0.013888888888888888,0.0,0.0,1.0
3.0,0.0006895395625921337,0.0,0.0,0.0,0.0,0.013888888888888888,0.0,0.0,1.0
4.0,3.3284925002245766e-12,0.0,0.0,0.0,0.0,0.013888888888888888,0.0,0.0,0.0
1.0,100.0,0.0,0.0,0.0,0.0,0.013888888888888888,0.0,0.0,1.0
2.0,0.0003436814411820102,0.0,0.0,0.0,0.0,0.013888888888888888,0.0,0.0,1.0
3.0,0.00022936420090218307,0.0,0.0,0.0,0.0,0.013888888888888888,0.0,0.0,1.0
4.0,3.025188818899095e-12,0.0,0.0,0.0,0.0,0.013888888888888888,0.0,0.0,0.0
1.0,100.0,0.0,0.0,0.0,0.0,0.013888888888888888,0.0,0.0,1.0
2.0,0.00011431926316951106,0.0,0.0,0.0,0.0,0.013888888888888888,0.0,0.0,1.0
3.0,7.629366720176443e-05,0.0,0.0,0.0,0.0,0.013888888888888888,0.0,0.0,1.0
4.0,3.082604356477945e-12,0.0,0.0,0.0,0.0,0.013888888888888888,0.0,0.0,0.0
1.0,100.0,0.0,0.0,0.0,0.0,0.013888888888888888,0.0,0.0,1.0
2.0,3.802605994488429e-05,0.0,0.0,0.0,0.0,0.013888888888888888,0.0,0.0,1.0
3.0,2.53775861148676e-05,0.0,0.0,0.0,0.0,0.013888888888888888,0.0,0.0,1.0
4.0,8.419477266096213e-10,0.0,0.0,0.0,0.0,0.013888888888888888,0.0,0.0,0.0
1.0,100.0,0.0,0.0,0.0,0.0,0.013888888888888888,0.0,0.0,1.0
2.0,1.264860490934519e-05,0.0,0.0,0.0,0.0,0.013888888888888888,0.0,0.0,1.0
3.0,8.44135797558833e-06,0.0,0.0,0.0,0.0,0.013888888888888888,0.0,0.0,1.0
4.0,7.3870410362590685e-09,0.0,0.0,0.0,0.0,0.013888888888888888,0.0,0.0,0.0
1.0,100.0,0.0,0.0,0.0,0.0,0.013888888888888888,0.0,0.0,1.0
2.0,4.207287815799227e-06,0.0,0.0,0.0,0.0,0.013888888888888888,0.0,0.0,1.0
3.0,2.8074067903584265e-06,0.0,0.0,0.0,0.0,0.013888888888888888,0.0,0.0,1.0
4.0,1.0114485660394498e-08,0.0,0.0,0.0,0.0,0.013888888888888888,0.0,0.0,0.0
1.0,100.0,0.0,0.0,0.0,0.0,0.013888888888888888,0.0,0.0,1.0
2.0,1.3998942505433052e-06,0.0,0.0,0.0,0.0,0.013888888888888888,0.0,0.0,1.0
3.0,9.38234576132051e-07,0.0,0.0,0.0,0.0,0.013888888888888888,0.0,0.0,1.0
4.0,6.506358502208994e-09,0.0,0.0,0.0,0.0,0.013888888888888888,0.0,0.0,0.0
1.0,100.0,0.0,0.0,0.0,0.0,0.013888888888888888,0.0,0.0,1.0
2.0,4.616639663395264e-07,0.0,0.0,0.0,0.0,0.013888888888888888,0.0,0.0,1.0
3.0,3.0506291392954146e-07,0.0,0.0,0.0,0.0,0.013888888888888888,0.0,0.0,1.0
4.0,2.7736779780807565e-09,0.0,0.0,0.0,0.0,0.013888888888888888,0.0,0.0,0.0
1.0,100.0,0.0,0.0,0.0,0.0,0.013888888888888888,0.0,0.0,1.0
2.0,1.566027706089003e-07,0.0,0.0,0.0,0.0,0.013888888888888888,0.0,0.0,1.0
3.0,1.039667704784598e-07,0.0,0.0,0.0,0.0,0.013888888888888888,0.0,0.0,1.0
4.0,1.0012685060596379e-09,0.0,0.0,0.0,0.0,0.013888888888888888,0.0,0.0,0.0
1.0,100.0,0.0,0.0,0.0,0.0,0.013888888888888888,0.0,0.0,1.0
2.0,5.2636500478260454e-08,0.0,0.0,0.0,0.0,0.013888888888888888,0.0,0.0,1.0
3.0,3.513016065242673e-08,0.0,0.0,0.0,0.0,0.013888888888888888,0.0,0.0,1.0
4.0,3.4120169527963934e-10,0.0,0.0,0.0,0.0,0.013888888888888888,0.0,0.0,0.0
1.0,100.0,0.0,0.0,0.0,0.0,0.013888888888888888,0.0,0.0,1.0
2.0,1.750635714725509e-08,0.0,0.0,0.0,0.0,0.013888888888888888,0.0,0.0,1.0
3.0,1.1687571301108625e-08,0.0,0.0,0.0,0.0,0.013888888888888888,0.0,0.0,1.0
4.0,1.1342608858045069e-10,0.0,0.0,0.0,0.0,0.013888888888888888,0.0,0.0,0.0
1.0,100.0,0.0,0.0,0.0,0.0,0.013888888888888888,0.0,0.0,1.0
2.0,5.818865457032938e-09,0.0,0.0,0.0,0.0,0.013888888888888888,0.0,0.0,1.0
3.0,3.883910136175458e-09,0.0,0.0,0.0,0.0,0.013888888888888888,0.0,0.0,1.0
4.0,3.823010445075274e-11,0.0,0.0,0.0,0.0,0.013888888888888888,0.0,0.0,0.0
1.0,100.0,0.0,0.0,0.0,0.0,0.013888888888888888,0.0,0.0,1.0
2.0,1.934881341055198e-09,0.0,0.0,0.0,0.0,0.013888888888888888,0.0,0.0,1.0
3.0,1.300301655245277e-09,0.0,0.0,0.0,0.0,0.013888888888888888,0.0,0.0,1.0
4.0,1.3353357967789405e-11,0.0,0.0,0.0,0.0,0.013888888888888888,0.0,0.0,0.0
1.0,100.0,0.0,0.0,0.0,0.0,0.013888888888888888,0.0,0.0,1.0
2.0,6.34533080337798e-10,0.0,0.0,0.0,0.0,0.013888888888888888,0.0,0.0,1.0
3.0,4.2432729992801604e-10,0.0,0.0,0.0,0.0,0.013888888888888888,0.0,0.0,1.0
4.0,4.856757587454603e-12,0.0,0.0,0.0,0.0,0.013888888888888888,0.0,0.0,0.0
1.0,100.0,0.0,0.0,0.0,0.0,0.013888888888888888,0.0,0.0,1.0
2.0,2.1037793813594112e-10,0.0,0.0,0.0,0.0,0.013888888888888888,0.0,0.0,1.0
3.0,1.4731956088736852e-10,0.0,0.0,0.0,0.0,0.013888888888888888,0.0,0.0,1.0
4.0,3.0894345243982203e-12,0.0,0.0,0.0,0.0,0.013888888888888888,0.0,0.0,0.0
1.0,100.0,0.0,0.0,0.0,0.0,0.013888888888888888,0.0,0.0,1.0
2.0,6.301965787159332e-11,0.0,0.0,0.0,0.0,0.013888888888888888,0.0,0.0,1.0
3.0,3.423387067256885e-11,0.0,0.0,0.0,0.0,0.013888888888888888,0.0,0.0,1.0
4.0,2.2059628594901067e-12,0.0,0.0,0.0,0.0,0.013888888888888888,0.0,0.0,0.0
1.0,100.0,0.0,0.0,0.0,0.0,0.013888888888888888,0.0,0.0,1.0
2.0,2.886462505735814e-11,0.0,0.0,0.0,0.0,0.013888888888888888,0.0,0.0,1.0
3.0,2.1582986431277893e-11,0.0,0.0,0.0,0.0,0.013888888888888888,0.0,0.0,1.0
4.0,2.362426723435414e-12,0.0,0.0,0.0,0.0,0.013888888888888888,0.0,0.0,0.0
1.0,100.0,0.0,0.0,0.0,0.0,0.013888888888888888,0.0,0.0,1.0
2.0,7.2555107092005176e-12,0.0,0.0,0.0,0.0,0.013888888888888888,0.0,0.0,1.0
3.0,6.7054539406334184e-12,0.0,0.0,0.0,0.0,0.013888888888888888,0.0,0.0,1.0
4.0,2.201050862625108e-12,0.0,0.0,0.0,0.0,0.013888888888888888,0.0,0.0,0.0
1.0,100.0,0.0,0.0,0.0,0.0,0.013888888888888888,0.0,0.0,1.0
2.0,1.9484021106838984e-12,0.0,0.0,0.0,0.0,0.013888888888888888,0.0,0.0,1.0
3.0,1.9484022561723354e-12,0.0,0.0,0.0,0.0,0.013888888888888888,0.0,0.0,1.0
4.0,1.9484022561723354e-12,0.0,0.0,0.0,0.0,0.013888888888888888,0.0,0.0,0.0
1.0,100.0,0.0,0.0,0.0,0.0,0.013888888888888888,0.0,0.0,1.0
2.0,3.796088197545398e-12,0.0,0.0,0.0,0.0,0.013888888888888888,0.0,0.0,1.0
3.0,1.052984576936767e-11,0.0,0.0,0.0,0.0,0.013888888888888888,0.0,0.0,1.0
4.0,3.796088246064795e-12,0.0,0.0,0.0,0.0,0.013888888888888888,0.0,0.0,0.0
1.0,100.0,0.0,0.0,0.0,0.0,0.013888888888888888,0.0,0.0,1.0
2.0,1.0543035968585985e-11,0.0,0.0,0.0,0.0,0.013888888888888888,0.0,0.0,1.0
3.0,1.9697796393486268e-11,0.0,0.0,0.0,0.0,0.013888888888888888,0.0,0.0,1.0
4.0,9.542901893681248e-12,0.0,0.0,0.0,0.0,0.013888888888888888,0.0,0.0,0.0
1.0,100.0,0.0,0.0,0.0,0.0,0.013888888888888888,0.0,0.0,1.0
2.0,9.558388766626026e-12,0.0,0.0,0.0,0.0,0.013888888888888888,0.0,0.0,1.0
3.0,9.558388766626026e-12,0.0,0.0,0.0,0.0,0.013888888888888888,0.0,0.0,1.0
4.0,9.558388766626026e-12,0.0,0.0,0.0,0.0,0.013888888888888888,0.0,0.0,0.0
1.0,100.0,0.0,0.0,0.0,0.0,0.013888888888888888,0.0,0.0,1.0
2.0,9.5583889609115e-12,0.0,0.0,0.0,0.0,0.013888888888888888,0.0,0.0,1.0
3.0,9.5583889609115e-12,0.0,0.0,0.0,0.0,0.013888888888888888,0.0,0.0,1.0
4.0,9.5583889609115e-12,0.0,0.0,0.0,0.0,0.013888888888888888,0.0,0.0,0.0
1.0,100.0,0.0,0.0,0.0,0.0,0.013888888888888888,0.0,0.0,1.0
2.0,9.558388815099923e-12,0.0,0.0,0.0,0.0,0.013888888888888888,0.0,0.0,1.0
3.0,9.558388815099923e-12,0.0,0.0,0.0,0.0,0.013888888888888888,0.0,0.0,1.0
4.0,9.558388815099923e-12,0.0,0.0,0.0,0.0,0.013888888888888888,0.0,0.0,0.0
1.0,100.0,0.0,0.0,0.0,0.0,0.013888888888888888,0.0,0.0,1.0
2.0,9.558388863688614e-12,0.0,0.0,0.0,0.0,0.013888888888888888,0.0,0.0,1.0
3.0,9.558388863688614e-12,0.0,0.0,0.0,0.0,0.013888888888888888,0.0,0.0,1.0
4.0,9.558388863688614e-12,0.0,0.0,0.0,0.0,0.013888888888888888,0.0,0.0,0.0
1.0,100.0,0.0,0.0,0.0,0.0,0.013888888888888888,0.0,0.0,1.0
2.0,9.558388960979891e-12,0.0,0.0,0.0,0.0,0.013888888888888888,0.0,0.0,1.0
3.0,9.558388960979891e-12,0.0,0.0,0.0,0.0,0.013888888888888888,0.0,0.0,1.0
4.0,9.558388960979891e-12,0.0,0.0,0.0,0.0,0.013888888888888888,0.0,0.0,0.0
1.0,100.0,0.0,0.0,0.0,0.0,0.013888888888888888,0.0,0.0,1.0
2.0,0.0004408076567468696,0.0,0.0,0.0,0.0,0.013888888888888888,0.0,0.0,1.0
3.0,0.00043939998592516425,0.0,0.0,0.0,0.0,0.013888888888888888,0.0,0.0,1.0
4.0,1.323289922873838e-06,0.0,0.0,0.0,0.0,0.013888888888888888,0.0,0.0,0.0
1.0,100.0,0.037627922527382236,3.909912223933279,0.0,0.0,0.013888888888888888,0.0,0.0,1.0
2.0,7.026770575683501e-06,0.0008816499955548027,0.08824219392016713,0.0,0.0,0.013888888888888888,0.0,0.0,1.0
3.0,6.922597647158062e-06,2.0369754920925727e-05,0.0,0.0,0.0,0.013888888888888888,0.0,0.0,1.0
4.0,2.0135726885700738e-07,0.0,0.0,0.0,0.0,0.013888888888888888,0.0,0.0,0.0
1.0,100.0,0.057878282112344547,6.1433837239609215,0.0,0.0,0.013888888888888888,0.0,0.0,1.0
2.0,4.695733451819383e-06,0.0013661554473755764,0.1368020385270295,0.0,0.0,0.013888888888888888,0.0,0.0,1.0
3.0,4.649475489996802e-06,3.154247488067397e-05,0.0,0.0,0.0,0.013888888888888888,0.0,0.0,1.0
4.0,1.4396256969519269e-08,0.0,0.0,0.0,0.0,0.013888888888888888,0.0,0.0,0.0
1.0,100.0,0.06037525142349764,6.425444404296416,0.0,0.0,0.013888888888888888,0.0,0.0,1.0
2.0,4.316964756103178e-06,0.0014261233368727821,0.14281548589099863,0.0,0.0,0.013888888888888888,0.0,0.0,1.0
3.0,4.288511424346425e-06,3.291877880808584e-05,0.0,0.0,0.0,0.013888888888888888,0.0,0.0,1.0
4.0,1.3629344877242751e-08,0.0,0.0,0.0,0.0,0.013888888888888888,0.0,0.0,0.0
1.0,100.0,0.06074120021167375,6.466907270723278,0.0,0.0,0.013888888888888888,0.0,0.0,1.0
2.0,3.988276327006907e-06,0.0014346349770120346,0.14366904979031525,0.0,0.0,0.013888888888888888,0.0,0.0,1.0
3.0,3.966353158469784e-06,3.310721255603708e-05,0.0,0.0,0.0,0.013888888888888888,0.0,0.0,1.0
4.0,1.2884908581854628e-08,0.0,0.0,0.0,0.0,0.013888888888888888,0.0,0.0,0.0
1.0,100.0,0.0608066632793047,6.474327607797859,0.0,0.0,0.013888888888888888,0.0,0.0,1.0
2.0,3.678050113894508e-06,0.0014358839641428157,0.14379429687545553,0.0,0.0,0.013888888888888888,0.0,0.0,1.0
3.0,3.659064468719078e-06,3.312804252023686e-05,0.0,0.0,0.0,0.013888888888888888,0.0,0.0,1.0
4.0,1.2140020541704471e-08,0.0,0.0,0.0,0.0,0.013888888888888888,0.0,0.0,0.0
1.0,100.0,0.06082830211543933,6.476780664839243,0.0,0.0,0.013888888888888888,0.0,0.0,1.0
2.0,3.3784403262311507e-06,0.0014360754688829526,0.1438134995590986,0.0,0.0,0.013888888888888888,0.0,0.0,1.0
3.0,3.3612167128888465e-06,3.3124518068167396e-05,0.0,0.0,0.0,0.013888888888888888,0.0,0.0,1.0
4.0,1.135072067373069e-08,0.0,0.0,0.0,0.0,0.013888888888888888,0.0,0.0,0.0
1.0,100.0,0.06084302843366536,6.478450207013261,0.0,0.0,0.013888888888888888,0.0,0.0,1.0
2.0,3.086809556864762e-06,0.0014361018571501195,0.1438161449614475,0.0,0.0,0.013888888888888888,0.0,0.0,1.0
3.0,3.0709364632230406e-06,3.3117234429824106e-05,0.0,0.0,0.0,0.013888888888888888,0.0,0.0,1.0
4.0,1.056066746048061e-08,0.0,0.0,0.0,0.0,0.013888888888888888,0.0,0.0,0.0
1.0,100.0,0.06085620550329928,6.479944168958688,0.0,0.0,0.013888888888888888,0.0,0.0,1.0
2.0,2.802263101476554e-06,0.0014360926641208468,0.14381522241025652,0.0,0.0,0.013888888888888888,0.0,0.0,1.0
3.0,2.7876202191199996e-06,3.3109177972272686e-05,0.0,0.0,0.0,0.013888888888888888,0.0,0.0,1.0
4.0,9.756585001179312e-09,0.0,0.0,0.0,0.0,0.013888888888888888,0.0,0.0,0.0
1.0,100.0,0.06086864509835171,6.481354560804443,0.0,0.0,0.013888888888888888,0.0,0.0,1.0
2.0,2.524398889036072e-06,0.0014360673933966404,0.14381268756046522,0.0,0.0,0.013888888888888888,0.0,0.0,1.0
3.0,2.510874412037071e-06,3.3100795865764606e-05,0.0,0.0,0.0,0.013888888888888888,0.0,0.0,1.0
4.0,8.922999656966253e-09,0.0,0.0,0.0,0.0,0.013888888888888888,0.0,0.0,0.0
1.0,100.0,0.06088050225771443,6.482698951758439,0.0,0.0,0.013888888888888888,0.0,0.0,1.0
2.0,2.252957940086765e-06,0.0014360297415822669,0.14380891107149466,0.0,0.0,0.013888888888888888,0.0,0.0,1.0
3.0,2.2405145804504656e-06,3.309217213646281e-05,0.0,0.0,0.0,0.013888888888888888,0.0,0.0,1.0
4.0,8.111047305434869e-09,0.0,0.0,0.0,0.0,0.013888888888888888,0.0,0.0,0.0
1.0,100.0,0.06089183655432118,6.483984091004678,0.0,0.0,0.013888888888888888,0.0,0.0,1.0
2.0,1.9878105823809987e-06,0.0014359811926481858,0.14380404175381103,0.0,0.0,0.013888888888888888,0.0,0.0,1.0
3.0,1.9764031191351393e-06,3.30833420412207e-05,0.0,0.0,0.0,0.013888888888888888,0.0,0.0,1.0
4.0,7.251845591694729e-09,0.0,0.0,0.0,0.0,0.013888888888888888,0.0,0.0,0.0
1.0,100.0,0.06090266563511596,6.485211975099821,0.0,0.0,0.013888888888888888,0.0,0.0,1.0
2.0,1.7287959966023162e-06,0.0014359218820476547,0.14379809318926184,0.0,0.0,0.013888888888888888,0.0,0.0,1.0
3.0,1.718389061865644e-06,3.307430170139985e-05,0.0,0.0,0.0,0.013888888888888888,0.0,0.0,1.0
4.0,6.404601972841676e-09,0.0,0.0,0.0,0.0,0.013888888888888888,0.0,0.0,0.0
1.0,100.0,0.06091302798489483,6.486386963938133,0.0,0.0,0.013888888888888888,0.0,0.0,1.0
2.0,1.475716912474779e-06,0.0014358526359378408,0.1437911482301842,0.0,0.0,0.013888888888888888,0.0,0.0,1.0
3.0,1.466274266803995e-06,3.3065067664696616e-05,0.0,0.0,0.0,0.013888888888888888,0.0,0.0,1.0
4.0,5.547223611422465e-09,0.0,0.0,0.0,0.0,0.013888888888888888,0.0,0.0,0.0
1.0,100.0,0.06092295403173907,6.487512504386597,0.0,0.0,0.013888888888888888,0.0,0.0,1.0
2.0,1.2285059968854926e-06,0.0014357741048360523,0.14378327211485192,0.0,0.0,0.013888888888888888,0.0,0.0,1.0
3.0,1.2200062559650955e-06,3.3055652861089884e-05,0.0,0.0,0.0,0.013888888888888888,0.0,0.0,1.0
4.0,4.697597912114884e-09,0.0,0.0,0.0,0.0,0.013888888888888888,0.0,0.0,0.0
1.0,100.0,0.060932470439341184,6.488591616881294,0.0,0.0,0.013888888888888888,0.0,0.0,1.0
2.0,9.8701449607713e-07,0.0014356868546903858,0.14377452160054377,0.0,0.0,0.013888888888888888,0.0,0.0,1.0
3.0,9.79405315069025e-07,3.304606845601719e-05,0.0,0.0,0.0,0.013888888888888888,0.0,0.0,1.0
4.0,3.804996202345729e-09,0.0,0.0,0.0,0.0,0.013888888888888888,0.0,0.0,0.0
1.0,100.0,0.06094160152643562,6.489627056315447,0.0,0.0,0.013888888888888888,0.0,0.0,1.0
2.0,7.510778223114673e-07,0.0014355913999127316,0.14376494827613814,0.0,0.0,0.013888888888888888,0.0,0.0,1.0
3.0,7.443408360605464e-07,3.303632453280933e-05,0.0,0.0,0.0,0.013888888888888888,0.0,0.0,1.0
4.0,2.904220087239127e-09,0.0,0.0,0.0,0.0,0.013888888888888888,0.0,0.0,0.0
1.0,100.0,0.06095036969062586,6.490621360050848,0.0,0.0,0.013888888888888888,0.0,0.0,1.0
2.0,5.205830075443078e-07,0.001435488213170009,0.14375459954397207,0.0,0.0,0.013888888888888888,0.0,0.0,1.0
3.0,5.146837202774596e-07,3.302643034570068e-05,0.0,0.0,0.0,0.013888888888888888,0.0,0.0,1.0
4.0,2.0331523630387434e-09,0.0,0.0,0.0,0.0,0.013888888888888888,0.0,0.0,0.0
1.0,100.0,0.06095879562306868,6.491576872222504,0.0,0.0,0.013888888888888888,0.0,0.0,1.0
2.0,2.954604538121249e-07,0.0014353777303203667,0.14374351911524794,0.0,0.0,0.013888888888888888,0.0,0.0,1.0
3.0,2.903991950187839e-07,3.301639438032163e-05,0.0,0.0,0.0,0.013888888888888888,0.0,0.0,1.0
4.0,1.1499574758775256e-09,0.0,0.0,0.0,0.0,0.013888888888888888,0.0,0.0,0.0
1.0,100.0,0.06096689847235794,6.492495762287382,0.0,0.0,0.013888888888888888,0.0,0.0,1.0
2.0,7.549902118123399e-08,0.0014352603540190158,0.14373174737100114,0.0,0.0,0.013888888888888888,0.0,0.0,1.0
3.0,7.120519465342243e-08,3.300622446187569e-05,0.0033007154545335367,0.0,0.0,0.013888888888888888,0.0,0.0,1.0
4.0,2.5602565447541056e-10,0.0,0.0,0.0,0.0,0.013888888888888888,0.0,0.0,0.0
1.0,100.0,0.06097469598630166,6.493380041072627,0.0,0.0,0.013888888888888888,0.0,0.0,1.0
2.0,1.3934808716312455e-07,0.0014351364569337047,0.14371932168530294,0.0,0.0,0.013888888888888888,0.0,0.0,1.0
3.0,1.4289040823692168e-07,3.2995927842241845e-05,0.003299685718053114,0.0,0.0,0.013888888888888888,0.0,0.0,1.0
4.0,6.43968773469829e-10,0.0,0.0,0.0,0.0,0.013888888888888888,0.0,0.0,0.0
1.0,100.0,0.06098220476044316,6.494231588932249,0.0,0.0,0.013888888888888888,0.0,0.0,1.0
2.0,3.492084011194331e-07,0.001435006389003998,0.14370627715266102,0.0,0.0,0.013888888888888888,0.0,0.0,1.0
3.0,3.5202240650802473e-07,3.2985511346535356e-05,0.003298643993432288,0.0,0.0,0.013888888888888888,0.0,0.0,1.0
4.0,1.5236638494972153e-09,0.0,0.0,0.0,0.0,0.013888888888888888,0.0,0.0,0.0
1.0,100.0,0.060989440110972994,6.495052141311225,0.0,0.0,0.013888888888888888,0.0,0.0,1.0
2.0,5.541824748279964e-07,0.0014348704723884617,0.1436926460814715,0.0,0.0,0.013888888888888888,0.0,0.0,1.0
3.0,5.562772704446774e-07,3.297498124146987e-05,0.0032975909072682254,0.0,0.0,0.013888888888888888,0.0,0.0,1.0
4.0,2.430678806841572e-09,0.0,0.0,0.0,0.0,0.013888888888888888,0.0,0.0,0.0
1.0,100.0,0.06099641596604029,6.495843276397162,0.0,0.0,0.013888888888888888,0.0,0.0,1.0
2.0,7.544265698556228e-07,0.0014347289949468997,0.14367845734069123,0.0,0.0,0.013888888888888888,0.0,0.0,1.0
3.0,7.558634025190456e-07,3.296434299950378e-05,0.0032965270070006887,0.0,0.0,0.013888888888888888,0.0,0.0,1.0
4.0,3.3424409168734648e-09,0.0,0.0,0.0,0.0,0.013888888888888888,0.0,0.0,0.0
1.0,100.0,0.06100314575116799,6.49660651551741,0.0,0.0,0.013888888888888888,0.0,0.0,1.0
2.0,9.499769946537635e-07,0.0014345822377831833,0.1436637391213994,0.0,0.0,0.013888888888888888,0.0,0.0,1.0
3.0,9.507714240606659e-07,3.2953602048690166e-05,0.0032954528352770627,0.0,0.0,0.013888888888888888,0.0,0.0,1.0
4.0,4.237388639532256e-09,0.0,0.0,0.0,0.0,0.013888888888888888,0.0,0.0,0.0
1.0,100.0,0.06100964188872923,6.497343266359732,0.0,0.0,0.013888888888888888,0.0,0.0,1.0
2.0,1.1409666008960873e-06,0.0014344304607398226,0.14364851748280622,0.0,0.0,0.013888888888888888,0.0,0.0,1.0
3.0,1.1411003992812535e-06,3.2942763402627914e-05,0.0032943688936639243,0.0,0.0,0.013888888888888888,0.0,0.0,1.0
4.0,5.1173154952137684e-09,0.0,0.0,0.0,0.0,0.013888888888888888,0.0,0.0,0.0
1.0,100.0,0.0610159159553319,6.498054840806497,0.0,0.0,0.013888888888888888,0.0,0.0,1.0
2.0,1.3275388525829894e-06,0.0014342739058566495,0.14363281669848268,0.0,0.0,0.013888888888888888,0.0,0.0,1.0
3.0,1.3270600535145429e-06,3.2931831737333595e-05,0.0032932756497043103,0.0,0.0,0.013888888888888888,0.0,0.0,1.0
4.0,6.003074676417972e-09,0.0,0.0,0.0,0.0,0.013888888888888888,0.0,0.0,0.0
1.0,100.0,0.061021978771834386,6.498742465131449,0.0,0.0,0.013888888888888888,0.0,0.0,1.0
2.0,1.5097353499068476e-06,0.0014341127993290131,0.14361665945304875,0.0,0.0,0.013888888888888888,0.0,0.0,1.0
3.0,1.5086914934021558e-06,3.2920811421467584e-05,0.0032921735402476463,0.0,0.0,0.013888888888888888,0.0,0.0,1.0
4.0,6.923008609886496e-09,0.0,0.0,0.0,0.0,0.013888888888888888,0.0,0.0,0.0
1.0,100.0,0.06102784769811278,6.4994081073639745,0.0,0.0,0.013888888888888888,0.0,0.0,1.0
2.0,1.6876474873439186e-06,0.0014339476059145794,0.1436000923558859,0.0,0.0,0.013888888888888888,0.0,0.0,1.0
3.0,1.6860307909845531e-06,3.290971422741424e-05,0.0032910637426571375,0.0,0.0,0.013888888888888888,0.0,0.0,1.0
4.0,7.802735150685602e-09,0.0,0.0,0.0,0.0,0.013888888888888888,0.0,0.0,0.0
1.0,100.0,0.06103353050112886,6.500052647613293,0.0,0.0,0.013888888888888888,0.0,0.0,1.0
2.0,1.8613785853979892e-06,0.0014337785241037935,0.14358313531323827,0.0,0.0,0.013888888888888888,0.0,0.0,1.0
3.0,1.8592042039297476e-06,3.2898544989579936e-05,0.0032899467404706867,0.0,0.0,0.013888888888888888,0.0,0.0,1.0
4.0,8.682331052656143e-09,0.0,0.0,0.0,0.0,0.013888888888888888,0.0,0.0,0.0
1.0,100.0,0.06103902200144692,6.500675497638478,0.0,0.0,0.013888888888888888,0.0,0.0,1.0
2.0,2.0310303501457272e-06,0.001433605293190408,0.1435657621796866,0.0,0.0,0.013888888888888888,0.0,0.0,1.0
3.0,2.0283504447257177e-06,3.2887294446628726e-05,0.003288821607237268,0.0,0.0,0.013888888888888888,0.0,0.0,1.0
4.0,9.575878624432831e-09,0.0,0.0,0.0,0.0,0.013888888888888888,0.0,0.0,0.0
1.0,100.0,0.0610443368294275,6.501278316117115,0.0,0.0,0.013888888888888888,0.0,0.0,1.0
2.0,2.1966802524652536e-06,0.0014334282268956672,0.143548004417835,0.0,0.0,0.013888888888888888,0.0,0.0,1.0
3.0,2.193493721806597e-06,3.287596888470295e-05,0.0032876889718094246,0.0,0.0,0.013888888888888888,0.0,0.0,1.0
4.0,1.0463358339533935e-08,0.0,0.0,0.0,0.0,0.013888888888888888,0.0,0.0,0.0
1.0,100.0,0.06104948470389748,6.501862204726606,0.0,0.0,0.013888888888888888,0.0,0.0,1.0
2.0,2.358425935957885e-06,0.0014332475332515767,0.14352988289076776,0.0,0.0,0.013888888888888888,0.0,0.0,1.0
3.0,2.354723898922095e-06,3.2864572462236397e-05,0.003286549250067014,0.0,0.0,0.013888888888888888,0.0,0.0,1.0
4.0,1.132847727534828e-08,0.0,0.0,0.0,0.0,0.013888888888888888,0.0,0.0,0.0
1.0,100.0,0.061054473403062144,6.5024280450954235,0.0,0.0,0.013888888888888888,0.0,0.0,1.0
2.0,2.516363883865689e-06,0.0014330633764493925,0.14351141406490409,0.0,0.0,0.013888888888888888,0.0,0.0,1.0
3.0,2.5122032993154656e-06,3.285310837574359e-05,0.0032854027616744416,0.0,0.0,0.013888888888888888,0.0,0.0,1.0
4.0,1.2213457371398174e-08,0.0,0.0,0.0,0.0,0.013888888888888888,0.0,0.0,0.0
1.0,100.0,0.06105930996006498,6.502976634398289,0.0,0.0,0.013888888888888888,0.0,0.0,1.0
2.0,2.6705369295995648e-06,0.0014328759043810452,0.14349261277192663,0.0,0.0,0.013888888888888888,0.0,0.0,1.0
3.0,2.6659402125424504e-06,3.284157951576381e-05,0.0032842497955617193,0.0,0.0,0.013888888888888888,0.0,0.0,1.0
4.0,1.308415945469844e-08,0.0,0.0,0.0,0.0,0.013888888888888888,0.0,0.0,0.0
1.0,100.0,0.061064000950446284,6.503508717955321,0.0,0.0,0.013888888888888888,0.0,0.0,1.0
2.0,2.8210327702315206e-06,0.0014326852553506674,0.14347349288223069,0.0,0.0,0.013888888888888888,0.0,0.0,1.0
3.0,2.815977474732861e-06,3.282998858045512e-05,0.0032830906216620246,0.0,0.0,0.013888888888888888,0.0,0.0,1.0
4.0,1.3932866880448625e-08,0.0,0.0,0.0,0.0,0.013888888888888888,0.0,0.0,0.0
1.0,100.0,0.061068552568136654,6.504024997846357,0.0,0.0,0.013888888888888888,0.0,0.0,1.0
2.0,2.9679513925710947e-06,0.0014324915598027722,0.14345406747785314,0.0,0.0,0.013888888888888888,0.0,0.0,1.0
3.0,2.9624856724410993e-06,3.2818338104238864e-05,0.0032819254933962616,0.0,0.0,0.013888888888888888,0.0,0.0,1.0
4.0,1.4793881685266582e-08,0.0,0.0,0.0,0.0,0.013888888888888888,0.0,0.0,0.0
1.0,100.0,0.061071853510103795,6.504399417180107,0.0,0.0,0.013888888888888888,0.0,0.0,1.0
2.0,6.183242288120003e-07,0.001432178033982881,0.1434226246857843,0.0,0.0,0.013888888888888888,0.0,0.0,1.0
3.0,6.15997226648464e-07,3.280180409794658e-05,0.003280271981186649,0.0,0.0,0.013888888888888888,0.0,0.0,1.0
4.0,3.0538282965605783e-09,0.0,0.0,0.0,0.0,0.013888888888888888,0.0,0.0,0.0
1.0,100.0,0.06134720904649573,6.535642441083531,0.0,0.0,0.013888888888888888,0.0,0.0,1.0
2.0,6.04984136379523e-07,0.0014384343376335005,0.14405004971617644,0.0,0.0,0.013888888888888888,0.0,0.0,1.0
3.0,6.031512353954785e-07,3.293662295607324e-05,0.003293754626924029,0.0,0.0,0.013888888888888888,0.0,0.0,1.0
4.0,2.9986406179698334e-09,0.0,0.0,0.0,0.0,0.013888888888888888,0.0,0.0,0.0
1.0,100.0,0.06138838130043947,6.540315499500744,0.0,0.0,0.013888888888888888,0.0,0.0,1.0
2.0,6.025980966586048e-07,0.0014390698714182976,0.14411378369538985,0.0,0.0,0.013888888888888888,0.0,0.0,1.0
3.0,6.009195257204032e-07,3.294277641721803e-05,0.0032943699538763712,0.0,0.0,0.013888888888888888,0.0,0.0,1.0
4.0,3.0045161069126387e-09,0.0,0.0,0.0,0.0,0.013888888888888888,0.0,0.0,0.0
1.0,100.0,0.06139428277784675,6.5409853203295745,0.0,0.0,0.013888888888888888,0.0,0.0,1.0
2.0,6.005874200470273e-07,0.0014388584247785273,0.14409257706859915,0.0,0.0,0.013888888888888888,0.0,0.0,1.0
3.0,5.989550967782694e-07,3.292953810728878e-05,0.003293046015175499,0.0,0.0,0.013888888888888888,0.0,0.0,1.0
4.0,2.986093150702423e-09,0.0,0.0,0.0,0.0,0.013888888888888888,0.0,0.0,0.0
1.0,100.0,0.06139491035510293,6.541056535548501,0.0,0.0,0.013888888888888888,0.0,0.0,1.0
2.0,5.986746002692117e-07,0.00143852028447086,0.1440586651444454,0.0,0.0,0.013888888888888888,0.0,0.0,1.0
3.0,5.970698582371542e-07,3.2913401711374493e-05,0.003291432262189912,0.0,0.0,0.013888888888888888,0.0,0.0,1.0
4.0,2.990364910431244e-09,0.0,0.0,0.0,0.0,0.013888888888888888,0.0,0.0,0.0
1.0,100.0,0.06139475241774865,6.541038595137906,0.0,0.0,0.013888888888888888,0.0,0.0,1.0
2.0,5.96807957319253e-07,0.0014381632319132244,0.14402285672618556,0.0,0.0,0.013888888888888888,0.0,0.0,1.0
3.0,5.951981502741437e-07,3.2896835358677906e-05,0.003289775514284638,0.0,0.0,0.013888888888888888,0.0,0.0,1.0
4.0,2.964516667441703e-09,0.0,0.0,0.0,0.0,0.013888888888888888,0.0,0.0,0.0
1.0,100.0,0.06139447779796366,6.541007412031422,0.0,0.0,0.013888888888888888,0.0,0.0,1.0
2.0,5.949363810257668e-07,0.0014378033270058624,0.14398676231413782,0.0,0.0,0.013888888888888888,0.0,0.0,1.0
3.0,5.933552911601875e-07,3.2880206784648083e-05,0.003288112544743599,0.0,0.0,0.013888888888888888,0.0,0.0,1.0
4.0,2.9766690713108993e-09,0.0,0.0,0.0,0.0,0.013888888888888888,0.0,0.0,0.0
1.0,100.0,0.06139418589477476,6.540974267524742,0.0,0.0,0.013888888888888888,0.0,0.0,1.0
2.0,5.930957495640238e-07,0.0014374429563488414,0.14395062122717733,0.0,0.0,0.013888888888888888,0.0,0.0,1.0
3.0,5.915075612778224e-07,3.286357063575508e-05,0.003286448817935106,0.0,0.0,0.013888888888888888,0.0,0.0,1.0
4.0,2.949091318405722e-09,0.0,0.0,0.0,0.0,0.013888888888888888,0.0,0.0,0.0
1.0,100.0,0.061393891452636934,6.540940834933597,0.0,0.0,0.013888888888888888,0.0,0.0,1.0
2.0,5.912449304981141e-07,0.0014370824740136353,0.14391446896808177,0.0,0.0,0.013888888888888888,0.0,0.0,1.0
3.0,5.896571579081473e-07,3.284693501624685e-05,0.003284785144162736,0.0,0.0,0.013888888888888888,0.0,0.0,1.0
4.0,2.9405833175749104e-09,0.0,0.0,0.0,0.0,0.013888888888888888,0.0,0.0,0.0
1.0,100.0,0.0613935966556844,6.54090736211156,0.0,0.0,0.013888888888888888,0.0,0.0,1.0
2.0,5.894337561654873e-07,0.00143672193259911,0.1438783108105424,0.0,0.0,0.013888888888888888,0.0,0.0,1.0
3.0,5.878572976808428e-07,3.2830301133216794e-05,0.0032831216440669646,0.0,0.0,0.013888888888888888,0.0,0.0,1.0
4.0,2.9321765417498125e-09,0.0,0.0,0.0,0.0,0.013888888888888888,0.0,0.0,0.0
1.0,100.0,0.06139330182713461,6.540873885733872,0.0,0.0,0.013888888888888888,0.0,0.0,1.0
2.0,5.876051195262452e-07,0.0014363613400011058,0.1438421475462501,0.0,0.0,0.013888888888888888,0.0,0.0,1.0
3.0,5.86029695364412e-07,3.281366918254203e-05,0.003281458337310322,0.0,0.0,0.013888888888888888,0.0,0.0,1.0
4.0,2.9325972644665807e-09,0.0,0.0,0.0,0.0,0.013888888888888888,0.0,0.0,0.0
1.0,100.0,0.06139300701481419,6.540840411226713,0.0,0.0,0.013888888888888888,0.0,0.0,1.0
2.0,5.857811330539928e-07,0.0014360006975350243,0.14380597930700628,0.0,0.0,0.013888888888888888,0.0,0.0,1.0
3.0,5.842190937217621e-07,3.2797039194726394e-05,0.0032797952268630993,0.0,0.0,0.013888888888888888,0.0,0.0,1.0
4.0,2.9208316615728944e-09,0.0,0.0,0.0,0.0,0.013888888888888888,0.0,0.0,0.0
1.0,100.0,0.06139271222582077,6.540806939395311,0.0,0.0,0.013888888888888888,0.0,0.0,1.0
2.0,5.839771650750135e-07,0.0014356400055066704,0.14376980612352874,0.0,0.0,0.013888888888888888,0.0,0.0,1.0
3.0,5.824011953427601e-07,3.2780411177936054e-05,0.0032781323135892804,0.0,0.0,0.013888888888888888,0.0,0.0,1.0
4.0,2.9034214521902137e-09,0.0,0.0,0.0,0.0,0.013888888888888888,0.0,0.0,0.0
1.0,100.0,0.061392417461248606,6.540773470363834,0.0,0.0,0.013888888888888888,0.0,0.0,1.0
2.0,5.82188618287984e-07,0.0014352792641106169,0.14373362801538708,0.0,0.0,0.013888888888888888,0.0,0.0,1.0
3.0,5.806381056828801e-07,3.276378515319028e-05,0.003276469599638276,0.0,0.0,0.013888888888888888,0.0,0.0,1.0
4.0,2.906721815795572e-09,0.0,0.0,0.0,0.0,0.013888888888888888,0.0,0.0,0.0
1.0,100.0,0.061392122721295246,6.540740004154635,0.0,0.0,0.013888888888888888,0.0,0.0,1.0
2.0,5.804016138651266e-07,0.0014349184735200694,0.14369744499993028,0.0,0.0,0.013888888888888888,0.0,0.0,1.0
3.0,5.788577799818508e-07,3.2747161121350254e-05,0.0032748070850644982,0.0,0.0,0.013888888888888888,0.0,0.0,1.0
4.0,2.9083426628796326e-09,0.0,0.0,0.0,0.0,0.013888888888888888,0.0,0.0,0.0
1.0,100.0,0.06139182800601384,6.540706540773628,0.0,0.0,0.013888888888888888,0.0,0.0,1.0
2.0,5.78613386037581e-07,0.0014345576338580625,0.1436612570894126,0.0,0.0,0.013888888888888888,0.0,0.0,1.0
3.0,5.770660020458103e-07,3.273053909009699e-05,0.003273144770541365,0.0,0.0,0.013888888888888888,0.0,0.0,1.0
4.0,2.8920822767665634e-09,0.0,0.0,0.0,0.0,0.013888888888888888,0.0,0.0,0.0
1.0,100.0,0.06139153331546635,6.540673080227992,0.0,0.0,0.013888888888888888,0.0,0.0,1.0
2.0,5.76849430429203e-07,0.0014341967453091562,0.14362506430249602,0.0,0.0,0.013888888888888888,0.0,0.0,1.0
3.0,5.752951878247832e-07,3.271391907591562e-05,0.003271482657859551,0.0,0.0,0.013888888888888888,0.0,0.0,1.0
4.0,2.872690463738015e-09,0.0,0.0,0.0,0.0,0.013888888888888888,0.0,0.0,0.0
1.0,100.0,0.06139123864969076,6.540639622521918,0.0,0.0,0.013888888888888888,0.0,0.0,1.0
2.0,5.750712566628842e-07,0.001433835808026596,0.14358886665446463,0.0,0.0,0.013888888888888888,0.0,0.0,1.0
3.0,5.735260792163876e-07,3.269730107840874e-05,0.0032698207468846124,0.0,0.0,0.013888888888888888,0.0,0.0,1.0
4.0,2.8739707727962506e-09,0.0,0.0,0.0,0.0,0.013888888888888888,0.0,0.0,0.0
1.0,100.0,0.06139094400873452,6.540606167660903,0.0,0.0,0.013888888888888888,0.0,0.0,1.0
2.0,5.73312808248404e-07,0.0014334748221688236,0.1435526641613291,0.0,0.0,0.013888888888888888,0.0,0.0,1.0
3.0,5.717872904809552e-07,3.2680685108815015e-05,0.003268159038850755,0.0,0.0,0.013888888888888888,0.0,0.0,1.0
4.0,2.883433915736759e-09,0.0,0.0,0.0,0.0,0.013888888888888888,0.0,0.0,0.0
1.0,100.0,0.061390649392634826,6.5405727156489055,0.0,0.0,0.013888888888888888,0.0,0.0,1.0
2.0,5.715498015770153e-07,0.0014331137878806446,0.14351645683740097,0.0,0.0,0.013888888888888888,0.0,0.0,1.0
3.0,5.700378692688435e-07,3.2664071184486905e-05,0.0032664975352728635,0.0,0.0,0.013888888888888888,0.0,0.0,1.0
4.0,2.8657601409422225e-09,0.0,0.0,0.0,0.0,0.013888888888888888,0.0,0.0,0.0
1.0,100.0,0.06139035480143841,6.5405392664915185,0.0,0.0,0.013888888888888888,0.0,0.0,1.0
2.0,5.698213946678184e-07,0.0014327527053302072,0.14348024469982196,0.0,0.0,0.013888888888888888,0.0,0.0,1.0
3.0,5.683041693666434e-07,3.264745930858062e-05,0.003264836236734146,0.0,0.0,0.013888888888888888,0.0,0.0,1.0
4.0,2.8527841396482207e-09,0.0,0.0,0.0,0.0,0.013888888888888888,0.0,0.0,0.0
1.0,100.0,0.06139006023519186,6.540505820193822,0.0,0.0,0.013888888888888888,0.0,0.0,1.0
2.0,5.680527308582943e-07,0.0014323915746692099,0.14344402776364218,0.0,0.0,0.013888888888888888,0.0,0.0,1.0
3.0,5.665348216358502e-07,3.263084948942535e-05,0.003263175143894457,0.0,0.0,0.013888888888888888,0.0,0.0,1.0
4.0,2.8475237813448844e-09,0.0,0.0,0.0,0.0,0.013888888888888888,0.0,0.0,0.0
1.0,100.0,0.061389765693938815,6.540472376760772,0.0,0.0,0.013888888888888888,0.0,0.0,1.0
2.0,5.663329223645294e-07,0.0014320303960609476,0.1434078060452641,0.0,0.0,0.013888888888888888,0.0,0.0,1.0
3.0,5.648214131673859e-07,3.2614241736285337e-05,0.003261514257696055,0.0,0.0,0.013888888888888888,0.0,0.0,1.0
4.0,2.8356846867695333e-09,0.0,0.0,0.0,0.0,0.013888888888888888,0.0,0.0,0.0
1.0,100.0,0.061389471177725516,6.540438936197675,0.0,0.0,0.013888888888888888,0.0,0.0,1.0
2.0,5.646139589408039e-07,0.0014316691696625605,0.14337157956052013,0.0,0.0,0.013888888888888888,0.0,0.0,1.0
3.0,5.631231563900725e-07,3.259763605760209e-05,0.0032598535790459467,0.0,0.0,0.013888888888888888,0.0,0.0,1.0
4.0,2.836094314802144e-09,0.0,0.0,0.0,0.0,0.013888888888888888,0.0,0.0,0.0
1.0,100.0,0.06138917668659163,6.540405498508986,0.0,0.0,0.013888888888888888,0.0,0.0,1.0
2.0,5.628919133203141e-07,0.0014313078956295405,0.14333534832498274,0.0,0.0,0.013888888888888888,0.0,0.0,1.0
3.0,5.613933427028181e-07,3.258103245851038e-05,0.003258193108426194,0.0,0.0,0.013888888888888888,0.0,0.0,1.0
4.0,2.8216038766709018e-09,0.0,0.0,0.0,0.0,0.013888888888888888,0.0,0.0,0.0
1.0,100.0,0.061388882220585986,6.5403720637002145,0.0,0.0,0.013888888888888888,0.0,0.0,1.0
2.0,5.611918376259994e-07,0.0014309465741178917,0.1432991123542915,0.0,0.0,0.013888888888888888,0.0,0.0,1.0
3.0,5.597041998062996e-07,3.256443096791922e-05,0.003256532848712191,0.0,0.0,0.013888888888888888,0.0,0.0,1.0
4.0,2.8148288840121277e-09,0.0,0.0,0.0,0.0,0.013888888888888888,0.0,0.0,0.0
1.0,100.0,0.06138858777975559,6.540338631776789,0.0,0.0,0.013888888888888888,0.0,0.0,1.0
2.0,5.594709886583015e-07,0.0014305852052981843,0.14326287166565677,0.0,0.0,0.013888888888888888,0.0,0.0,1.0
3.0,5.579763656668745e-07,3.2547831568687206e-05,0.003254872798283636,0.0,0.0,0.013888888888888888,0.0,0.0,1.0
4.0,2.807511085124987e-09,0.0,0.0,0.0,0.0,0.013888888888888888,0.0,0.0,0.0
1.0,100.0,0.06138829336413995,6.540305202742985,0.0,0.0,0.013888888888888888,0.0,0.0,1.0
2.0,5.577827029626013e-07,0.001430223789311544,0.14322662627306887,0.0,0.0,0.013888888888888888,0.0,0.0,1.0
3.0,5.562998080231878e-07,3.253123428247521e-05,0.003253212959134466,0.0,0.0,0.013888888888888888,0.0,0.0,1.0
4.0,2.815396314691429e-09,0.0,0.0,0.0,0.0,0.013888888888888888,0.0,0.0,0.0
1.0,100.0,0.06138799897378891,6.540271776604574,0.0,0.0,0.013888888888888888,0.0,0.0,1.0
2.0,5.560984808305774e-07,0.0014298623263351313,0.14319037619441471,0.0,0.0,0.013888888888888888,0.0,0.0,1.0
3.0,5.546199270259615e-07,3.251463911651175e-05,0.0032515533320971934,0.0,0.0,0.013888888888888888,0.0,0.0,1.0
4.0,2.803785599873644e-09,0.0,0.0,0.0,0.0,0.013888888888888888,0.0,0.0,0.0
1.0,100.0,0.06138770460873925,6.54023835336571,0.0,0.0,0.013888888888888888,0.0,0.0,1.0
2.0,5.544129808717816e-07,0.0014295008164986209,0.14315412144270886,0.0,0.0,0.013888888888888888,0.0,0.0,1.0
3.0,5.529250806674307e-07,3.2498046083787705e-05,0.003249893918470932,0.0,0.0,0.013888888888888888,0.0,0.0,1.0
4.0,2.789068915105405e-09,0.0,0.0,0.0,0.0,0.013888888888888888,0.0,0.0,0.0
1.0,100.0,0.06138741026905397,6.540204933033536,0.0,0.0,0.013888888888888888,0.0,0.0,1.0
2.0,5.527246246009116e-07,0.0014291392599994435,0.143117862037761,0.0,0.0,0.013888888888888888,0.0,0.0,1.0
3.0,5.512556745395648e-07,3.248145518494005e-05,0.0032482347183193246,0.0,0.0,0.013888888888888888,0.0,0.0,1.0
4.0,2.781196166984498e-09,0.0,0.0,0.0,0.0,0.013888888888888888,0.0,0.0,0.0
1.0,100.0,0.06138711595476005,6.540171515611045,0.0,0.0,0.013888888888888888,0.0,0.0,1.0
2.0,5.510567206455366e-07,0.0014287776569678289,0.14308159799259432,0.0,0.0,0.013888888888888888,0.0,0.0,1.0
3.0,5.495764291750765e-07,3.2464866438057775e-05,0.003246575733404526,0.0,0.0,0.013888888888888888,0.0,0.0,1.0
4.0,2.752186623913531e-09,0.0,0.0,0.0,0.0,0.013888888888888888,0.0,0.0,0.0
1.0,100.0,0.06138682166591297,6.540138101104559,0.0,0.0,0.013888888888888888,0.0,0.0,1.0
2.0,5.494112002804781e-07,0.001428416007569577,0.14304532932387762,0.0,0.0,0.013888888888888888,0.0,0.0,1.0
3.0,5.479647831458014e-07,3.244827984887414e-05,0.0032449169643311198,0.0,0.0,0.013888888888888888,0.0,0.0,1.0
4.0,2.7664360437566684e-09,0.0,0.0,0.0,0.0,0.013888888888888888,0.0,0.0,0.0
1.0,100.0,0.06138652740256065,6.540104689519589,0.0,0.0,0.013888888888888888,0.0,0.0,1.0
2.0,5.477454359892271e-07,0.001428054311975034,0.1430090560487822,0.0,0.0,0.013888888888888888,0.0,0.0,1.0
3.0,5.462694321613691e-07,3.24316954178255e-05,0.0032432584112206102,0.0,0.0,0.013888888888888888,0.0,0.0,1.0
4.0,2.7416443468417928e-09,0.0,0.0,0.0,0.0,0.013888888888888888,0.0,0.0,0.0
1.0,100.0,0.06138623316474177,6.540071280860301,0.0,0.0,0.013888888888888888,0.0,0.0,1.0
2.0,5.46122938632476e-07,0.0014276925703303914,0.14297277818179155,0.0,0.0,0.013888888888888888,0.0,0.0,1.0
3.0,5.446797353516779e-07,3.241511316369354e-05,0.003241600075764289,0.0,0.0,0.013888888888888888,0.0,0.0,1.0
4.0,2.7521184824281242e-09,0.0,0.0,0.0,0.0,0.013888888888888888,0.0,0.0,0.0
1.0,100.0,0.07114958887841126,92.06022753726141,0.0,0.0,0.013888888888888888,0.0,0.0,1.0
2.0,0.00020871639593629234,0.0019261280257996942,8.975629689488606,0.0,0.0,0.013888888888888888,0.0,0.0,1.0
3.0,0.0002079922582043648,5.126517324434129e-05,0.0034989990953643722,0.0,0.0,0.013888888888888888,0.0,0.0,1.0
4.0,7.334215338320471e-07,0.0,0.0,0.0,0.0,0.013888888888888888,0.0,0.0,0.0
1.0,100.0,0.046192671471253034,7.480857108496182,0.0,0.0,0.013888888888888888,0.0,0.0,1.0
2.0,2.470094621945501e-06,0.0009038193872864779,0.14723637359827751,0.0,0.0,0.013888888888888888,0.0,0.0,1.0
3.0,2.39684167476959e-06,1.7343605486173772e-05,0.0,0.0,0.0,0.013888888888888888,0.0,0.0,1.0
4.0,7.998354469280582e-09,0.0,0.0,0.0,0.0,0.013888888888888888,0.0,0.0,0.0
1.0,100.0,0.05118202877436159,5.654398136454649,0.0,0.0,0.013888888888888888,0.0,0.0,1.0
2.0,1.2708933500145294e-06,0.0010128753011736233,0.11758448042811342,0.0,0.0,0.013888888888888888,0.0,0.0,1.0
3.0,1.2428624419129662e-06,1.969619060007305e-05,0.002588780007972411,0.0,0.0,0.013888888888888888,0.0,0.0,1.0
4.0,3.580364431224049e-09,0.0,0.0,0.0,0.0,0.013888888888888888,0.0,0.0,0.0
1.0,100.0,0.05187842831792576,5.985629759118787,0.0,0.0,0.013888888888888888,0.0,0.0,1.0
2.0,1.0517373080144549e-06,0.0010276230166423274,0.12563009671837327,0.0,0.0,0.013888888888888888,0.0,0.0,1.0
3.0,1.0376643811245427e-06,2.0003290859131554e-05,0.00279914395845124,0.0,0.0,0.013888888888888888,0.0,0.0,1.0
4.0,2.982067243559655e-09,0.0,0.0,0.0,0.0,0.013888888888888888,0.0,0.0,0.0
1.0,100.0,0.05197778570182538,6.020988819877941,0.0,0.0,0.013888888888888888,0.0,0.0,1.0
2.0,8.69326325290785e-07,0.0010292478718341045,0.12620325250492292,0.0,0.0,0.013888888888888888,0.0,0.0,1.0
3.0,8.601959061332344e-07,2.0026395633949864e-05,0.00280850912555424,0.0,0.0,0.013888888888888888,0.0,0.0,1.0
4.0,2.4215860815887563e-09,0.0,0.0,0.0,0.0,0.013888888888888888,0.0,0.0,0.0
1.0,100.0,0.05198866403602454,6.013092285250988,0.0,0.0,0.013888888888888888,0.0,0.0,1.0
2.0,6.994169879717215e-07,0.001028938592143919,0.1256875900195792,0.0,0.0,0.013888888888888888,0.0,0.0,1.0
3.0,6.923605983104436e-07,2.0007929921130086e-05,0.0027886203395038217,0.0,0.0,0.013888888888888888,0.0,0.0,1.0
4.0,1.8536718648047955e-09,0.0,0.0,0.0,0.0,0.013888888888888888,0.0,0.0,0.0
1.0,100.0,0.05198650200844275,5.998798633476346,0.0,0.0,0.013888888888888888,0.0,0.0,1.0
2.0,5.357676239694472e-07,0.0010283590748303812,0.1250129021439985,0.0,0.0,0.013888888888888888,0.0,0.0,1.0
3.0,5.298847550886032e-07,1.9984004398065757e-05,0.0027645068296405987,0.0,0.0,0.013888888888888888,0.0,0.0,1.0
4.0,1.2982782720424437e-09,0.0,0.0,0.0,0.0,0.013888888888888888,0.0,0.0,0.0
1.0,100.0,0.051982507329727715,5.983561874956363,0.0,0.0,0.013888888888888888,0.0,0.0,1.0
2.0,3.7636745619177224e-07,0.0010277572894318656,0.12431696543800162,0.0,0.0,0.013888888888888888,0.0,0.0,1.0
3.0,3.7130433073525115e-07,1.9960010504503394e-05,0.002739881093004736,0.0,0.0,0.013888888888888888,0.0,0.0,1.0
4.0,7.293020250979875e-10,0.0,0.0,0.0,0.0,0.013888888888888888,0.0,0.0,0.0
1.0,100.0,0.05197807258797006,5.968140487993145,0.0,0.0,0.013888888888888888,0.0,0.0,1.0
2.0,2.286724077405593e-07,0.0010271565765566316,0.12361784987390248,0.0,0.0,0.013888888888888888,0.0,0.0,1.0
3.0,2.2028567668859854e-07,1.9936304047290143e-05,0.002715208698493985,0.0,0.0,0.013888888888888888,0.0,0.0,1.0
4.0,3.2563250513269464e-10,0.0,0.0,0.0,0.0,0.013888888888888888,0.0,0.0,0.0
1.0,100.0,0.05197367856233833,5.952701831801278,0.0,0.0,0.013888888888888888,0.0,0.0,1.0
2.0,1.205451499024897e-07,0.0010265682736243635,0.12291988953703555,0.0,0.0,0.013888888888888888,0.0,0.0,1.0
3.0,1.127825865151592e-07,1.991314137720211e-05,0.0026906082302545708,0.0,0.0,0.013888888888888888,0.0,0.0,1.0
4.0,4.095663666222676e-10,0.0,0.0,0.0,0.0,0.013888888888888888,0.0,0.0,0.0
1.0,100.0,0.05196940091763806,5.937268101735836,0.0,0.0,0.013888888888888888,0.0,0.0,1.0
2.0,8.120795500679085e-08,0.001025995203741385,0.12222386749862729,0.0,0.0,0.013888888888888888,0.0,0.0,1.0
3.0,8.419008649385544e-08,1.9890603396859544e-05,0.0026661047195435275,0.0,0.0,0.013888888888888888,0.0,0.0,1.0
4.0,9.99360358879211e-10,0.0,0.0,0.0,0.0,0.013888888888888888,0.0,0.0,0.0
1.0,100.0,0.051965085956648234,5.921811288096009,0.0,0.0,0.013888888888888888,0.0,0.0,1.0
2.0,2.2739160360051128e-07,0.0010254304626808935,0.12152858655374608,0.0,0.0,0.013888888888888888,0.0,0.0,1.0
3.0,2.2975254352997575e-07,1.9868468617778002e-05,0.0026416564045290054,0.0,0.0,0.013888888888888888,0.0,0.0,1.0
4.0,1.5902964358540192e-09,0.0,0.0,0.0,0.0,0.013888888888888888,0.0,0.0,0.0
1.0,100.0,0.05196080915064701,5.906348531111771,0.0,0.0,0.013888888888888888,0.0,0.0,1.0
2.0,3.7052907919828815e-07,0.001024874961596104,0.12083437707300669,0.0,0.0,0.013888888888888888,0.0,0.0,1.0
3.0,3.722791145320539e-07,1.9846739084976125e-05,0.0026172700631251476,0.0,0.0,0.013888888888888888,0.0,0.0,1.0
4.0,2.1772472712650538e-09,0.0,0.0,0.0,0.0,0.013888888888888888,0.0,0.0,0.0
1.0,100.0,0.051956582066294325,5.890882314737143,0.0,0.0,0.013888888888888888,0.0,0.0,1.0
2.0,5.106850361867718e-07,0.0010243283449573272,0.12014123477002356,0.0,0.0,0.013888888888888888,0.0,0.0,1.0
3.0,5.118471073415569e-07,1.9825392751842747e-05,0.0025929441692597705,0.0,0.0,0.013888888888888888,0.0,0.0,1.0
4.0,2.7636728191068815e-09,0.0,0.0,0.0,0.0,0.013888888888888888,0.0,0.0,0.0
1.0,100.0,0.05195240587239936,5.875412757449049,0.0,0.0,0.013888888888888888,0.0,0.0,1.0
2.0,6.479448661389346e-07,0.0010237900814439316,0.1194491045444493,0.0,0.0,0.013888888888888888,0.0,0.0,1.0
3.0,6.485246633599394e-07,1.9804405049290538e-05,0.002568676005160432,0.0,0.0,0.013888888888888888,0.0,0.0,1.0
4.0,3.3454687331888615e-09,0.0,0.0,0.0,0.0,0.013888888888888888,0.0,0.0,0.0
1.0,100.0,0.05194828008789913,5.859939607720243,0.0,0.0,0.013888888888888888,0.0,0.0,1.0
2.0,7.823297358163457e-07,0.001023259640606693,0.11875792636701007,0.0,0.0,0.013888888888888888,0.0,0.0,1.0
3.0,7.823582306994335e-07,1.9783752325416347e-05,0.002544462823578565,0.0,0.0,0.013888888888888888,0.0,0.0,1.0
4.0,3.952083368255272e-09,0.0,0.0,0.0,0.0,0.013888888888888888,0.0,0.0,0.0
1.0,100.0,0.051944203961635585,5.844462556175598,0.0,0.0,0.013888888888888888,0.0,0.0,1.0
2.0,9.138899472830256e-07,0.0010227365184560318,0.11806764221200519,0.0,0.0,0.013888888888888888,0.0,0.0,1.0
3.0,9.133694330207509e-07,1.9763412259938366e-05,0.002520302009072943,0.0,0.0,0.013888888888888888,0.0,0.0,1.0
4.0,4.53939408015778e-09,0.0,0.0,0.0,0.0,0.013888888888888888,0.0,0.0,0.0
1.0,100.0,0.051940176689404836,5.828981283728743,0.0,0.0,0.013888888888888888,0.0,0.0,1.0
2.0,1.0426967287373582e-06,0.0010222202394731203,0.11737819691551711,0.0,0.0,0.013888888888888888,0.0,0.0,1.0
3.0,1.041660866192645e-06,1.9743363872013287e-05,0.0024961910961759015,0.0,0.0,0.013888888888888888,0.0,0.0,1.0
4.0,5.1311792362687305e-09,0.0,0.0,0.0,0.0,0.013888888888888888,0.0,0.0,0.0
1.0,100.0,0.051936197450769,5.813495469075233,0.0,0.0,0.013888888888888888,0.0,0.0,1.0
2.0,1.1688037569362566e-06,0.0010217103550774933,0.11668953809162916,0.0,0.0,0.013888888888888888,0.0,0.0,1.0
3.0,1.167247414040747e-06,1.972358740233673e-05,0.0024721277554264685,0.0,0.0,0.013888888888888888,0.0,0.0,1.0
4.0,5.7262388953944125e-09,0.0,0.0,0.0,0.0,0.013888888888888888,0.0,0.0,0.0
1.0,100.0,0.0519322654178187,5.7980047899462495,0.0,0.0,0.013888888888888888,0.0,0.0,1.0
2.0,1.292267033582097e-06,0.0010212064417889793,0.11600161597322936,0.0,0.0,0.013888888888888888,0.0,0.0,1.0
3.0,1.2902218755282743e-06,1.97040642520654e-05,0.00244810978788346,0.0,0.0,0.013888888888888888,0.0,0.0,1.0
4.0,6.316844654003697e-09,0.0,0.0,0.0,0.0,0.013888888888888888,0.0,0.0,0.0
1.0,100.0,0.05192837995224414,5.782508955440954,0.0,0.0,0.013888888888888888,0.0,0.0,1.0
2.0,1.4131275853527251e-06,0.0010207081051021314,0.11531438401626705,0.0,0.0,0.013888888888888888,0.0,0.0,1.0
3.0,1.4105959177409772e-06,1.968477702111175e-05,0.0024241351488504042,0.0,0.0,0.013888888888888888,0.0,0.0,1.0
4.0,6.913161587727366e-09,0.0,0.0,0.0,0.0,0.013888888888888888,0.0,0.0,0.0
1.0,100.0,0.05192453992636879,5.767007578593971,0.0,0.0,0.013888888888888888,0.0,0.0,1.0
2.0,1.5314303802682614e-06,0.001020214959150336,0.11462779553750961,0.0,0.0,0.013888888888888888,0.0,0.0,1.0
3.0,1.5284464310538504e-06,1.9665708979712868e-05,0.0024002018297634934,0.0,0.0,0.013888888888888888,0.0,0.0,1.0
4.0,7.518320983099103e-09,0.0,0.0,0.0,0.0,0.013888888888888888,0.0,0.0,0.0
1.0,100.0,0.05192074452926253,5.75150034530177,0.0,0.0,0.013888888888888888,0.0,0.0,1.0
2.0,1.647221473654209e-06,0.0010197266453489974,0.11394180770941872,0.0,0.0,0.013888888888888888,0.0,0.0,1.0
3.0,1.6437648062647055e-06,1.964684447261138e-05,0.0,0.0,0.0,0.013888888888888888,0.0,0.0,1.0
4.0,8.083214567839384e-09,0.0,0.0,0.0,0.0,0.013888888888888888,0.0,0.0,0.0
1.0,100.0,0.05191699300038305,5.7359869481178,0.0,0.0,0.013888888888888888,0.0,0.0,1.0
2.0,1.7605733635763627e-06,0.0010192428253752064,0.11325637981549554,0.0,0.0,0.013888888888888888,0.0,0.0,1.0
3.0,1.7566900120631989e-06,1.9628168724089397e-05,0.0,0.0,0.0,0.013888888888888888,0.0,0.0,1.0
4.0,8.690867441134586e-09,0.0,0.0,0.0,0.0,0.013888888888888888,0.0,0.0,0.0
1.0,100.0,0.051913284533596754,5.720467066245299,0.0,0.0,0.013888888888888888,0.0,0.0,1.0
2.0,1.871508847787137e-06,0.0010187631774206515,0.11257147263789573,0.0,0.0,0.013888888888888888,0.0,0.0,1.0
3.0,1.8671969629952373e-06,1.9609667745428417e-05,0.0,0.0,0.0,0.013888888888888888,0.0,0.0,1.0
4.0,9.281337182962305e-09,0.0,0.0,0.0,0.0,0.013888888888888888,0.0,0.0,0.0
1.0,100.0,0.051909618317864885,5.704940375624702,0.0,0.0,0.013888888888888888,0.0,0.0,1.0
2.0,1.9801015118938713e-06,0.001018287395745575,0.11188704856651449,0.0,0.0,0.013888888888888888,0.0,0.0,1.0
3.0,1.9753671872773133e-06,1.959132827321098e-05,0.0,0.0,0.0,0.013888888888888888,0.0,0.0,1.0
4.0,9.857944922933245e-09,0.0,0.0,0.0,0.0,0.013888888888888888,0.0,0.0,0.0
1.0,100.0,0.05190599354821973,5.689406551459842,0.0,0.0,0.013888888888888888,0.0,0.0,1.0
2.0,2.086344810643683e-06,0.0010178151898025383,0.11120307151586542,0.0,0.0,0.013888888888888888,0.0,0.0,1.0
3.0,2.0812223609640246e-06,1.9573137738036746e-05,0.0,0.0,0.0,0.013888888888888888,0.0,0.0,1.0
4.0,1.0448987893507091e-08,0.0,0.0,0.0,0.0,0.013888888888888888,0.0,0.0,0.0
1.0,100.0,0.05190241733270761,5.673866567777226,0.0,0.0,0.013888888888888888,0.0,0.0,1.0
2.0,2.1903244659267952e-06,0.0010173465029858118,0.1105195355879759,0.0,0.0,0.013888888888888888,0.0,0.0,1.0
3.0,2.184808809345114e-06,1.955508970521744e-05,0.0,0.0,0.0,0.013888888888888888,0.0,0.0,1.0
4.0,1.1029817882494066e-08,0.0,0.0,0.0,0.0,0.013888888888888888,0.0,0.0,0.0
1.0,100.0,0.05189887833192046,5.658317651142531,0.0,0.0,0.013888888888888888,0.0,0.0,1.0
2.0,2.2920744292286815e-06,0.0010168808233611375,0.10983634902491946,0.0,0.0,0.013888888888888888,0.0,0.0,1.0
3.0,2.286176684307586e-06,1.9537167228378863e-05,0.0,0.0,0.0,0.013888888888888888,0.0,0.0,1.0
4.0,1.1598288405721838e-08,0.0,0.0,0.0,0.0,0.013888888888888888,0.0,0.0,0.0
1.0,100.0,0.051895374326867354,5.64275942019391,0.0,0.0,0.013888888888888888,0.0,0.0,1.0
2.0,2.391619145124582e-06,0.0010164178434016993,0.10915347870954091,0.0,0.0,0.013888888888888888,0.0,0.0,1.0
3.0,2.385368663198526e-06,1.951935787061641e-05,0.0,0.0,0.0,0.013888888888888888,0.0,0.0,1.0
4.0,1.2192153393899212e-08,0.0,0.0,0.0,0.0,0.013888888888888888,0.0,0.0,0.0
1.0,100.0,0.051891907579822136,5.627192383210003,0.0,0.0,0.013888888888888888,0.0,0.0,1.0
2.0,2.489026355962253e-06,0.001015957383722472,0.10847091344887583,0.0,0.0,0.013888888888888888,0.0,0.0,1.0
3.0,2.4824020319101136e-06,1.950165251341536e-05,0.0,0.0,0.0,0.013888888888888888,0.0,0.0,1.0
4.0,1.2749112491120486e-08,0.0,0.0,0.0,0.0,0.013888888888888888,0.0,0.0,0.0
1.0,100.0,0.05188847817113564,5.611616436735365,0.0,0.0,0.013888888888888888,0.0,0.0,1.0
2.0,2.584304434094231e-06,0.0010154992335804029,0.10778862874319288,0.0,0.0,0.013888888888888888,0.0,0.0,1.0
3.0,2.5773511115115947e-06,1.9484041741745394e-05,0.0,0.0,0.0,0.013888888888888888,0.0,0.0,1.0
4.0,1.3315215223495916e-08,0.0,0.0,0.0,0.0,0.013888888888888888,0.0,0.0,0.0
1.0,100.0,0.051885085530703944,5.596031298520641,0.0,0.0,0.013888888888888888,0.0,0.0,1.0
2.0,2.677523837340944e-06,0.0010150431791730208,0.10710659692122408,0.0,0.0,0.013888888888888888,0.0,0.0,1.0
3.0,2.6702416487983812e-06,1.9466516350026402e-05,0.0,0.0,0.0,0.013888888888888888,0.0,0.0,1.0
4.0,1.3897430965137342e-08,0.0,0.0,0.0,0.0,0.013888888888888888,0.0,0.0,0.0
1.0,100.0,0.051881728959997334,5.580436648823219,0.0,0.0,0.013888888888888888,0.0,0.0,1.0
2.0,2.7687127628457922e-06,0.0010145890134786346,0.10642479039442018,0.0,0.0,0.013888888888888888,0.0,0.0,1.0
3.0,2.7611202879616726e-06,1.944906749962006e-05,0.0,0.0,0.0,0.013888888888888888,0.0,0.0,1.0
4.0,1.445854955173002e-08,0.0,0.0,0.0,0.0,0.013888888888888888,0.0,0.0,0.0
1.0,100.0,0.05187840774426518,5.564832160663336,0.0,0.0,0.013888888888888888,0.0,0.0,1.0
2.0,2.8578824263566116e-06,0.0010141365378465743,0.10574318226963422,0.0,0.0,0.013888888888888888,0.0,0.0,1.0
3.0,2.849960492139867e-06,1.943168674278339e-05,0.0,0.0,0.0,0.013888888888888888,0.0,0.0,1.0
4.0,1.5024833780218598e-08,0.0,0.0,0.0,0.0,0.013888888888888888,0.0,0.0,0.0
1.0,100.0,0.0518751211674863,5.549217504809831,0.0,0.0,0.013888888888888888,0.0,0.0,1.0
2.0,2.945120861778037e-06,0.001013685561444496,0.10506174639598843,0.0,0.0,0.013888888888888888,0.0,0.0,1.0
3.0,2.9369026812742677e-06,1.9414365993044693e-05,0.0,0.0,0.0,0.013888888888888888,0.0,0.0,1.0
4.0,1.558398560481588e-08,0.0,0.0,0.0,0.0,0.013888888888888888,0.0,0.0,0.0
1.0,100.0,0.051871957565395095,5.533606682257908,0.0,0.0,0.013888888888888888,0.0,0.0,1.0
2.0,3.0304157759053698e-06,0.0010132405474551484,0.10438127509034083,0.0,0.0,0.013888888888888888,0.0,0.0,1.0
3.0,3.021899814784014e-06,1.939724503882586e-05,0.0,0.0,0.0,0.013888888888888888,0.0,0.0,1.0
4.0,1.612985624410483e-08,0.0,0.0,0.0,0.0,0.013888888888888888,0.0,0.0,0.0
1.0,100.0,0.05186807633247051,5.517853845520346,0.0,0.0,0.013888888888888888,0.0,0.0,1.0
2.0,6.004850618814121e-07,0.0010127391777449385,0.10368917003078254,0.0,0.0,0.013888888888888888,0.0,0.0,1.0
3.0,5.978116032639582e-07,1.937819707900098e-05,0.0,0.0,0.0,0.013888888888888888,0.0,0.0,1.0
4.0,3.3537686636959194e-09,0.0,0.0,0.0,0.0,0.013888888888888888,0.0,0.0,0.0
1.0,100.0,0.051982085318223625,5.510213585382746,0.0,0.0,0.013888888888888888,0.0,0.0,1.0
2.0,5.859910030295364e-07,0.0010146809346220668,0.10333936797064557,0.0,0.0,0.013888888888888888,0.0,0.0,1.0
3.0,5.841365062440495e-07,1.9408303818756965e-05,0.0,0.0,0.0,0.013888888888888888,0.0,0.0,1.0
4.0,3.2749638863833387e-09,0.0,0.0,0.0,0.0,0.013888888888888888,0.0,0.0,0.0
1.0,100.0,0.05199991309973052,5.50905168380673,0.0,0.0,0.013888888888888888,0.0,0.0,1.0
2.0,5.837560570383816e-07,0.001014770597434961,0.1032643095985428,0.0,0.0,0.013888888888888888,0.0,0.0,1.0
3.0,5.82159779550486e-07,1.940469762726398e-05,0.0,0.0,0.0,0.013888888888888888,0.0,0.0,1.0
4.0,3.272899152380303e-09,0.0,0.0,0.0,0.0,0.013888888888888888,0.0,0.0,0.0
1.0,100.0,0.052002487834529806,5.508862365171452,0.0,0.0,0.013888888888888888,0.0,0.0,1.0
2.0,5.821128604329183e-07,0.0010145661165386157,0.10323125329604714,0.0,0.0,0.013888888888888888,0.0,0.0,1.0
3.0,5.805948460163994e-07,1.939572935206345e-05,0.0,0.0,0.0,0.013888888888888888,0.0,0.0,1.0
4.0,3.2640419082875147e-09,0.0,0.0,0.0,0.0,0.013888888888888888,0.0,0.0,0.0
1.0,100.0,0.05200269663129448,5.508815156718329,0.0,0.0,0.013888888888888888,0.0,0.0,1.0
2.0,5.806384968848622e-07,0.0010143159459685836,0.1032044671366916,0.0,0.0,0.013888888888888888,0.0,0.0,1.0
3.0,5.791547571451711e-07,1.938592882398655e-05,0.0,0.0,0.0,0.013888888888888888,0.0,0.0,1.0
4.0,3.2463090562818344e-09,0.0,0.0,0.0,0.0,0.013888888888888888,0.0,0.0,0.0
1.0,100.0,0.052002542166721816,5.508788395632003,0.0,0.0,0.013888888888888888,0.0,0.0,1.0
2.0,5.792473751322456e-07,0.0010140587286433468,0.10317860333561968,0.0,0.0,0.013888888888888888,0.0,0.0,1.0
3.0,5.777684038833374e-07,1.937600143653834e-05,0.0,0.0,0.0,0.013888888888888888,0.0,0.0,1.0
4.0,3.258738752223556e-09,0.0,0.0,0.0,0.0,0.013888888888888888,0.0,0.0,0.0
1.0,100.0,0.052002332291555896,5.50876454488732,0.0,0.0,0.013888888888888888,0.0,0.0,1.0
2.0,5.778728314238526e-07,0.0010138004088569243,0.10315287167593384,0.0,0.0,0.013888888888888888,0.0,0.0,1.0
3.0,5.76409183429041e-07,1.9366055826826215e-05,0.0,0.0,0.0,0.013888888888888888,0.0,0.0,1.0
4.0,3.2478113467917794e-09,0.0,0.0,0.0,0.0,0.013888888888888888,0.0,0.0,0.0
1.0,100.0,0.05200211401828761,5.508741107221004,0.0,0.0,0.013888888888888888,0.0,0.0,1.0
2.0,5.764933896561811e-07,0.0010135418950233364,0.1031271563889393,0.0,0.0,0.013888888888888888,0.0,0.0,1.0
3.0,5.750350780694798e-07,1.9356108604203527e-05,0.0,0.0,0.0,0.013888888888888888,0.0,0.0,1.0
4.0,3.2301548187862957e-09,0.0,0.0,0.0,0.0,0.013888888888888888,0.0,0.0,0.0
1.0,100.0,0.05200189449452461,5.508717730723638,0.0,0.0,0.013888888888888888,0.0,0.0,1.0
2.0,5.751285810857654e-07,0.0010132833254219925,0.10310144064237398,0.0,0.0,0.013888888888888888,0.0,0.0,1.0
3.0,5.736802897938557e-07,1.9346162313070977e-05,0.0,0.0,0.0,0.013888888888888888,0.0,0.0,1.0
4.0,3.237913208142784e-09,0.0,0.0,0.0,0.0,0.013888888888888888,0.0,0.0,0.0
1.0,100.0,0.05200167480358276,5.5086943663115555,0.0,0.0,0.013888888888888888,0.0,0.0,1.0
2.0,5.737622956018346e-07,0.0010130247211313716,0.10307572199701764,0.0,0.0,0.013888888888888888,0.0,0.0,1.0
3.0,5.723193405181367e-07,1.933621733610226e-05,0.0,0.0,0.0,0.013888888888888888,0.0,0.0,1.0
4.0,3.23278124138774e-09,0.0,0.0,0.0,0.0,0.013888888888888888,0.0,0.0,0.0
1.0,100.0,0.052001455109289246,5.5086710072048115,0.0,0.0,0.013888888888888888,0.0,0.0,1.0
2.0,5.724055043468872e-07,0.0010127660854252249,0.10305000011351839,0.0,0.0,0.013888888888888888,0.0,0.0,1.0
3.0,5.709659032421049e-07,1.9326273737208435e-05,0.0,0.0,0.0,0.013888888888888888,0.0,0.0,1.0
4.0,3.225338991328478e-09,0.0,0.0,0.0,0.0,0.013888888888888888,0.0,0.0,0.0
1.0,100.0,0.05200123543640843,5.508647652490406,0.0,0.0,0.013888888888888888,0.0,0.0,1.0
2.0,5.710593054252452e-07,0.0010125074188956226,0.10302427495597297,0.0,0.0,0.013888888888888888,0.0,0.0,1.0
3.0,5.696242828663392e-07,1.9316331532815618e-05,0.0,0.0,0.0,0.013888888888888888,0.0,0.0,1.0
4.0,3.2181998818503515e-09,0.0,0.0,0.0,0.0,0.013888888888888888,0.0,0.0,0.0
1.0,100.0,0.052001015788693136,5.5086243020600945,0.0,0.0,0.013888888888888888,0.0,0.0,1.0
2.0,5.697004559700381e-07,0.00101224872173301,0.10299854652508116,0.0,0.0,0.013888888888888888,0.0,0.0,1.0
3.0,5.682652017656938e-07,1.9306390728406652e-05,0.0,0.0,0.0,0.013888888888888888,0.0,0.0,1.0
4.0,3.216249771712594e-09,0.0,0.0,0.0,0.0,0.013888888888888888,0.0,0.0,0.0
1.0,100.0,0.05200079616673358,5.508600955893453,0.0,0.0,0.013888888888888888,0.0,0.0,1.0
2.0,5.683593947258989e-07,0.0010119899940663106,0.10297281483349918,0.0,0.0,0.013888888888888888,0.0,0.0,1.0
3.0,5.669125716944105e-07,1.9296451324809464e-05,0.0,0.0,0.0,0.013888888888888888,0.0,0.0,1.0
4.0,3.1918526633562673e-09,0.0,0.0,0.0,0.0,0.013888888888888888,0.0,0.0,0.0
1.0,100.0,0.05200057657063832,5.508577614017705,0.0,0.0,0.013888888888888888,0.0,0.0,1.0
2.0,5.670237363231332e-07,0.0010117312359984021,0.10294707989266721,0.0,0.0,0.013888888888888888,0.0,0.0,1.0
3.0,5.655947099248498e-07,1.928651334069117e-05,0.0,0.0,0.0,0.013888888888888888,0.0,0.0,1.0
4.0,3.1931474127907057e-09,0.0,0.0,0.0,0.0,0.013888888888888888,0.0,0.0,0.0
1.0,100.0,0.05200035700045497,5.508554276431692,0.0,0.0,0.013888888888888888,0.0,0.0,1.0
2.0,5.656706550030747e-07,0.0010114724476617278,0.102921341711319,0.0,0.0,0.013888888888888888,0.0,0.0,1.0
3.0,5.642319030416092e-07,1.9276576770175717e-05,0.0,0.0,0.0,0.013888888888888888,0.0,0.0,1.0
4.0,3.1816911952809896e-09,0.0,0.0,0.0,0.0,0.013888888888888888,0.0,0.0,0.0
1.0,100.0,0.052000137456207025,5.508530943157141,0.0,0.0,0.013888888888888888,0.0,0.0,1.0
2.0,5.643446655957328e-07,0.0010112136291588092,0.10289560030038866,0.0,0.0,0.013888888888888888,0.0,0.0,1.0
3.0,5.62906893891647e-07,1.9266641620258905e-05,0.0,0.0,0.0,0.013888888888888888,0.0,0.0,1.0
4.0,3.176029890252386e-09,0.0,0.0,0.0,0.0,0.013888888888888888,0.0,0.0,0.0
1.0,100.0,0.05199991793792698,5.508507614202034,0.0,0.0,0.013888888888888888,0.0,0.0,1.0
2.0,5.630130697861574e-07,0.0010109547806115438,0.1028698556763221,0.0,0.0,0.013888888888888888,0.0,0.0,1.0
3.0,5.616048856794838e-07,1.9256707896170085e-05,0.0,0.0,0.0,0.013888888888888888,0.0,0.0,1.0
4.0,3.1746105709998537e-09,0.0,0.0,0.0,0.0,0.013888888888888888,0.0,0.0,0.0
1.0,100.0,0.05199969844563635,5.508484289573935,0.0,0.0,0.013888888888888888,0.0,0.0,1.0
2.0,5.616646948457777e-07,0.001010695902123096,0.1028441078411858,0.0,0.0,0.013888888888888888,0.0,0.0,1.0
3.0,5.602509007550239e-07,1.92467756076067e-05,0.0,0.0,0.0,0.013888888888888888,0.0,0.0,1.0
4.0,3.1649979910423146e-09,0.0,0.0,0.0,0.0,0.013888888888888888,0.0,0.0,0.0
1.0,100.0,0.05199947897936779,5.508460969285358,0.0,0.0,0.013888888888888888,0.0,0.0,1.0
2.0,5.603598733013332e-07,0.001010436993815802,0.10281835681808427,0.0,0.0,0.013888888888888888,0.0,0.0,1.0
3.0,5.589463522712018e-07,1.9236844756647744e-05,0.0,0.0,0.0,0.013888888888888888,0.0,0.0,1.0
4.0,3.156988878121674e-09,0.0,0.0,0.0,0.0,0.013888888888888888,0.0,0.0,0.0
1.0,100.0,0.051999259539148975,5.508437653360603,0.0,0.0,0.013888888888888888,0.0,0.0,1.0
2.0,5.590335634058133e-07,0.001010178055806827,0.10279260261385191,0.0,0.0,0.013888888888888888,0.0,0.0,1.0
3.0,5.576371437360991e-07,1.9226915346506798e-05,0.0,0.0,0.0,0.013888888888888888,0.0,0.0,1.0
4.0,3.165745109268663e-09,0.0,0.0,0.0,0.0,0.013888888888888888,0.0,0.0,0.0
1.0,100.0,0.051999040125005246,5.508414341795355,0.0,0.0,0.013888888888888888,0.0,0.0,1.0
2.0,5.577199521032748e-07,0.0010099190882067765,0.10276684523216703,0.0,0.0,0.013888888888888888,0.0,0.0,1.0
3.0,5.563108654108367e-07,1.9216987385237957e-05,0.0,0.0,0.0,0.013888888888888888,0.0,0.0,1.0
4.0,3.1536711487652984e-09,0.0,0.0,0.0,0.0,0.013888888888888888,0.0,0.0,0.0
1.0,100.0,0.051998820736968106,5.50839103460509,0.0,0.0,0.013888888888888888,0.0,0.0,1.0
2.0,5.564134717811145e-07,0.0010096600911310557,0.10274108469571878,0.0,0.0,0.013888888888888888,0.0,0.0,1.0
3.0,5.550001638147823e-07,1.9207060880269072e-05,0.0,0.0,0.0,0.013888888888888888,0.0,0.0,1.0
4.0,3.1256403097297807e-09,0.0,0.0,0.0,0.0,0.013888888888888888,0.0,0.0,0.0
1.0,100.0,0.051998601375063985,5.508367731813206,0.0,0.0,0.013888888888888888,0.0,0.0,1.0
2.0,5.55101498031166e-07,0.0010094010646954945,0.10271532100605282,0.0,0.0,0.013888888888888888,0.0,0.0,1.0
3.0,5.536884756511273e-07,1.9197135832874248e-05,0.0,0.0,0.0,0.013888888888888888,0.0,0.0,1.0
4.0,3.1196264178370593e-09,0.0,0.0,0.0,0.0,0.013888888888888888,0.0,0.0,0.0
1.0,100.0,0.051998382039322284,5.50834443341908,0.0,0.0,0.013888888888888888,0.0,0.0,1.0
2.0,5.537889037552716e-07,0.001009142009019428,0.10268955418384652,0.0,0.0,0.013888888888888888,0.0,0.0,1.0
3.0,5.524058209912364e-07,1.918721224969813e-05,0.0,0.0,0.0,0.013888888888888888,0.0,0.0,1.0
4.0,3.1305542091236435e-09,0.0,0.0,0.0,0.0,0.013888888888888888,0.0,0.0,0.0
1.0,100.0,0.051998162729769835,5.508321139437099,0.0,0.0,0.013888888888888888,0.0,0.0,1.0
2.0,5.524840333607992e-07,0.0010088829242125715,0.10266378423518796,0.0,0.0,0.013888888888888888,0.0,0.0,1.0
3.0,5.510885740473694e-07,1.9177290135096615e-05,0.0,0.0,0.0,0.013888888888888888,0.0,0.0,1.0
4.0,3.1156026280758586e-09,0.0,0.0,0.0,0.0,0.013888888888888888,0.0,0.0,0.0
1.0,100.0,0.0519979434464375,5.508297849881094,0.0,0.0,0.013888888888888888,0.0,0.0,1.0
2.0,5.511893104251743e-07,0.0010086238103909672,0.102638011168575,0.0,0.0,0.013888888888888888,0.0,0.0,1.0
3.0,5.498134638409393e-07,1.9167369497570176e-05,0.0,0.0,0.0,0.013888888888888888,0.0,0.0,1.0
4.0,3.123058823818497e-09,0.0,0.0,0.0,0.0,0.013888888888888888,0.0,0.0,0.0
1.0,100.0,0.05199772418935292,5.508274564762553,0.0,0.0,0.013888888888888888,0.0,0.0,1.0
2.0,5.498923506279432e-07,0.0010083646676725998,0.10261223500421023,0.0,0.0,0.013888888888888888,0.0,0.0,1.0
3.0,5.485121058590651e-07,1.9157450339254433e-05,0.0,0.0,0.0,0.013888888888888888,0.0,0.0,1.0
4.0,3.1153157985439097e-09,0.0,0.0,0.0,0.0,0.013888888888888888,0.0,0.0,0.0
1.0,100.0,0.05199750495854647,5.5082512840992965,0.0,0.0,0.013888888888888888,0.0,0.0,1.0
2.0,5.486140589886038e-07,0.0010081054961756165,0.10258645574441985,0.0,0.0,0.013888888888888888,0.0,0.0,1.0
3.0,5.472289616041211e-07,1.914753266582551e-05,0.0,0.0,0.0,0.013888888888888888,0.0,0.0,1.0
4.0,3.1057929449901004e-09,0.0,0.0,0.0,0.0,0.013888888888888888,0.0,0.0,0.0
1.0,100.0,0.05199728575404107,5.508228007892521,0.0,0.0,0.013888888888888888,0.0,0.0,1.0
2.0,5.473174853263982e-07,0.0010078462960025276,0.10256067340233613,0.0,0.0,0.013888888888888888,0.0,0.0,1.0
3.0,5.4593946482195e-07,1.913761648512736e-05,0.0,0.0,0.0,0.013888888888888888,0.0,0.0,1.0
4.0,3.08559053309917e-09,0.0,0.0,0.0,0.0,0.013888888888888888,0.0,0.0,0.0
1.0,100.0,0.05199706657587481,5.508204736158408,0.0,0.0,0.013888888888888888,0.0,0.0,1.0
2.0,5.460357544404983e-07,0.0010075870672873728,0.10253488799795427,0.0,0.0,0.013888888888888888,0.0,0.0,1.0
3.0,5.446613013285563e-07,1.912770179760664e-05,0.0,0.0,0.0,0.013888888888888888,0.0,0.0,1.0
4.0,3.0904590621197116e-09,0.0,0.0,0.0,0.0,0.013888888888888888,0.0,0.0,0.0
1.0,100.0,0.05199684742406901,5.508181468908369,0.0,0.0,0.013888888888888888,0.0,0.0,1.0
2.0,5.447469766130076e-07,0.00100732781013162,0.10250909953358435,0.0,0.0,0.013888888888888888,0.0,0.0,1.0
3.0,5.433855333116866e-07,1.911778861664698e-05,0.0,0.0,0.0,0.013888888888888888,0.0,0.0,1.0
4.0,3.0929290947610563e-09,0.0,0.0,0.0,0.0,0.013888888888888888,0.0,0.0,0.0
1.0,100.0,0.05199662829865538,5.5081582061566134,0.0,0.0,0.013888888888888888,0.0,0.0,1.0
2.0,5.434751745089875e-07,0.0010070685246554316,0.10248330801791422,0.0,0.0,0.013888888888888888,0.0,0.0,1.0
3.0,5.420973531967292e-07,1.910787693860312e-05,0.0,0.0,0.0,0.013888888888888888,0.0,0.0,1.0
4.0,3.0773095787028404e-09,0.0,0.0,0.0,0.0,0.013888888888888888,0.0,0.0,0.0
1.0,100.0,0.05199640919966456,5.508134947909589,0.0,0.0,0.013888888888888888,0.0,0.0,1.0
2.0,5.422002259053304e-07,0.001006809210978662,0.10245751347409697,0.0,0.0,0.013888888888888888,0.0,0.0,1.0
3.0,5.408502216012495e-07,1.90979667752451e-05,0.0,0.0,0.0,0.013888888888888888,0.0,0.0,1.0
4.0,3.072685344141798e-09,0.0,0.0,0.0,0.0,0.013888888888888888,0.0,0.0,0.0
1.0,100.0,0.05199619012712571,5.508111694186354,0.0,0.0,0.013888888888888888,0.0,0.0,1.0
2.0,5.4092659945459e-07,0.0010065498692131216,0.10243171590601854,0.0,0.0,0.013888888888888888,0.0,0.0,1.0
3.0,5.395860068786756e-07,1.908805812877274e-05,0.0,0.0,0.0,0.013888888888888888,0.0,0.0,1.0
4.0,3.0973349367331004e-09,0.0,0.0,0.0,0.0,0.013888888888888888,0.0,0.0,0.0
1.0,100.0,0.05692993670523081,91.8528841963953,0.0,0.0,0.013888888888888888,0.0,0.0,1.0
2.0,0.00011776908983679346,0.0012425246618329772,8.319897294925378,0.0,0.0,0.013888888888888888,0.0,0.0,1.0
3.0,0.000117271292919765,2.7441233886563007e-05,0.0,0.0,0.0,0.013888888888888888,0.0,0.0,1.0
4.0,4.1797714055750813e-07,0.0,0.0,0.0,0.0,0.013888888888888888,0.0,0.0,0.0
1.0,100.0,0.04493523476287814,6.538319673416376,0.0,0.0,0.013888888888888888,0.0,0.0,1.0
2.0,9.923016215366647e-07,0.0007978358853772418,0.11010894761070023,0.0,0.0,0.013888888888888888,0.0,0.0,1.0
3.0,9.308153902292166e-07,1.3813020535977708e-05,0.0,0.0,0.0,0.013888888888888888,0.0,0.0,1.0
4.0,2.4805800586760445e-09,0.0,0.0,0.0,0.0,0.013888888888888888,0.0,0.0,0.0
1.0,100.0,0.04797857844604637,5.201249489061347,0.0,0.0,0.013888888888888888,0.0,0.0,1.0
2.0,2.8924535081007504e-07,0.0008729725954497338,0.09971436441622401,0.0,0.0,0.013888888888888888,0.0,0.0,1.0
3.0,2.6631014252261524e-07,1.5662961856212368e-05,0.0,0.0,0.0,0.013888888888888888,0.0,0.0,1.0
4.0,3.2068551969087723e-10,0.0,0.0,0.0,0.0,0.013888888888888888,0.0,0.0,0.0
1.0,100.0,0.04842233447693608,5.530558892308185,0.0,0.0,0.013888888888888888,0.0,0.0,1.0
2.0,1.7694917748974295e-07,0.0008840292137932049,0.10755174304808732,0.0,0.0,0.013888888888888888,0.0,0.0,1.0
3.0,1.6448648395829405e-07,1.5939406847312277e-05,0.0,0.0,0.0,0.013888888888888888,0.0,0.0,1.0
4.0,7.473916707697885e-10,0.0,0.0,0.0,0.0,0.013888888888888888,0.0,0.0,0.0
1.0,100.0,0.04850190590819734,5.579782205827075,0.0,0.0,0.013888888888888888,0.0,0.0,1.0
2.0,9.950073553899247e-08,0.0008860544036084854,0.10873619899800266,0.0,0.0,0.013888888888888888,0.0,0.0,1.0
3.0,9.097625972159447e-08,1.5993400814693045e-05,0.0,0.0,0.0,0.013888888888888888,0.0,0.0,1.0
4.0,1.1379994860967814e-09,0.0,0.0,0.0,0.0,0.013888888888888888,0.0,0.0,0.0
1.0,100.0,0.048527310951171784,5.587399658109376,0.0,0.0,0.013888888888888888,0.0,0.0,1.0
2.0,1.4003468558204392e-07,0.0008867341945043139,0.1089362612212749,0.0,0.0,0.013888888888888888,0.0,0.0,1.0
3.0,1.4292061290291812e-07,1.6014213201771382e-05,0.0,0.0,0.0,0.013888888888888888,0.0,0.0,1.0
4.0,1.5254094229124325e-09,0.0,0.0,0.0,0.0,0.013888888888888888,0.0,0.0,0.0
1.0,100.0,0.048544385508127945,5.588710385689908,0.0,0.0,0.013888888888888888,0.0,0.0,1.0
2.0,2.4489780692566774e-07,0.000887206607630784,0.10898775141553806,0.0,0.0,0.013888888888888888,0.0,0.0,1.0
3.0,2.468269214414622e-07,1.6029880235613564e-05,0.0,0.0,0.0,0.013888888888888888,0.0,0.0,1.0
4.0,1.91015164503115e-09,0.0,0.0,0.0,0.0,0.013888888888888888,0.0,0.0,0.0
1.0,100.0,0.048560172713295394,5.5890885311185015,0.0,0.0,0.013888888888888888,0.0,0.0,1.0
2.0,3.4691382385462996e-07,0.0008876505362866378,0.10901910460265934,0.0,0.0,0.013888888888888888,0.0,0.0,1.0
3.0,3.481620207364003e-07,1.6044868628489633e-05,0.0,0.0,0.0,0.013888888888888888,0.0,0.0,1.0
4.0,2.302351017019143e-09,0.0,0.0,0.0,0.0,0.013888888888888888,0.0,0.0,0.0
1.0,100.0,0.048575408869475596,5.589241698157004,0.0,0.0,0.013888888888888888,0.0,0.0,1.0
2.0,4.4675311216960624e-07,0.0008880807524489061,0.10904585632607103,0.0,0.0,0.013888888888888888,0.0,0.0,1.0
3.0,4.474064725345151e-07,1.6059489105699298e-05,0.0,0.0,0.0,0.013888888888888888,0.0,0.0,1.0
4.0,2.682918990740025e-09,0.0,0.0,0.0,0.0,0.013888888888888888,0.0,0.0,0.0
1.0,100.0,0.04859036460710904,5.589333401514376,0.0,0.0,0.013888888888888888,0.0,0.0,1.0
2.0,5.445473997062891e-07,0.0008885029749757524,0.10907168933389635,0.0,0.0,0.013888888888888888,0.0,0.0,1.0
3.0,5.447064964327143e-07,1.607386657166477e-05,0.0,0.0,0.0,0.013888888888888888,0.0,0.0,1.0
4.0,3.0900573251449443e-09,0.0,0.0,0.0,0.0,0.013888888888888888,0.0,0.0,0.0
1.0,100.0,0.048605143137944284,5.589406317470608,0.0,0.0,0.013888888888888888,0.0,0.0,1.0
2.0,6.403998947518551e-07,0.0008889206883312527,0.10909796088755307,0.0,0.0,0.013888888888888888,0.0,0.0,1.0
3.0,6.400292838045689e-07,1.6088101440852597e-05,0.0,0.0,0.0,0.013888888888888888,0.0,0.0,1.0
4.0,3.4810949563906398e-09,0.0,0.0,0.0,0.0,0.013888888888888888,0.0,0.0,0.0
1.0,100.0,0.04861971877958994,5.589451148060273,0.0,0.0,0.013888888888888888,0.0,0.0,1.0
2.0,7.344017866763457e-07,0.0008893332462131368,0.10912444307819157,0.0,0.0,0.013888888888888888,0.0,0.0,1.0
3.0,7.335206881636341e-07,1.6102178382975105e-05,0.0,0.0,0.0,0.013888888888888888,0.0,0.0,1.0
4.0,3.862041221107555e-09,0.0,0.0,0.0,0.0,0.013888888888888888,0.0,0.0,0.0
1.0,100.0,0.04863405574377884,5.5894573148059585,0.0,0.0,0.013888888888888888,0.0,0.0,1.0
2.0,8.26571927318632e-07,0.0008897386643806265,0.10915055119262522,0.0,0.0,0.013888888888888888,0.0,0.0,1.0
3.0,8.252188005784207e-07,1.6116032161226705e-05,0.0,0.0,0.0,0.013888888888888888,0.0,0.0,1.0
4.0,4.272018824488462e-09,0.0,0.0,0.0,0.0,0.013888888888888888,0.0,0.0,0.0
1.0,100.0,0.04864819697618419,5.589439982023274,0.0,0.0,0.013888888888888888,0.0,0.0,1.0
2.0,9.16930331040319e-07,0.0008901377859588853,0.10917662374498235,0.0,0.0,0.013888888888888888,0.0,0.0,1.0
3.0,9.150874824114459e-07,1.6129680321850905e-05,0.0,0.0,0.0,0.013888888888888888,0.0,0.0,1.0
4.0,4.6545338354637355e-09,0.0,0.0,0.0,0.0,0.013888888888888888,0.0,0.0,0.0
1.0,100.0,0.04866215348848564,5.589402395284535,0.0,0.0,0.013888888888888888,0.0,0.0,1.0
2.0,1.0055562204361288e-06,0.0008905307416657556,0.10920271465841727,0.0,0.0,0.013888888888888888,0.0,0.0,1.0
3.0,1.003259710264821e-06,1.6143124282492363e-05,0.0,0.0,0.0,0.013888888888888888,0.0,0.0,1.0
4.0,5.05986855785768e-09,0.0,0.0,0.0,0.0,0.013888888888888888,0.0,0.0,0.0
1.0,100.0,0.04867593112237031,5.589345897264864,0.0,0.0,0.013888888888888888,0.0,0.0,1.0
2.0,1.0924369776316984e-06,0.0008909175536692642,0.1092288338116746,0.0,0.0,0.013888888888888888,0.0,0.0,1.0
3.0,1.0896833650602342e-06,1.6156363112022576e-05,0.0,0.0,0.0,0.013888888888888888,0.0,0.0,1.0
4.0,5.451879795768482e-09,0.0,0.0,0.0,0.0,0.013888888888888888,0.0,0.0,0.0
1.0,100.0,0.04868953472568598,5.5892714817948885,0.0,0.0,0.013888888888888888,0.0,0.0,1.0
2.0,1.1776196095289713e-06,0.0008912982289547887,0.10925498421181971,0.0,0.0,0.013888888888888888,0.0,0.0,1.0
3.0,1.1744414070036095e-06,1.6169395641527244e-05,0.0,0.0,0.0,0.013888888888888888,0.0,0.0,1.0
4.0,5.8513467707225455e-09,0.0,0.0,0.0,0.0,0.013888888888888888,0.0,0.0,0.0
1.0,100.0,0.04870296880979982,5.58918003655068,0.0,0.0,0.013888888888888888,0.0,0.0,1.0
2.0,1.2611182632045472e-06,0.0008916727735045843,0.10928116767515211,0.0,0.0,0.013888888888888888,0.0,0.0,1.0
3.0,1.2575056420833215e-06,1.6182220789653435e-05,0.0,0.0,0.0,0.013888888888888888,0.0,0.0,1.0
4.0,6.25373726497297e-09,0.0,0.0,0.0,0.0,0.013888888888888888,0.0,0.0,0.0
1.0,100.0,0.048716237663321955,5.589072384417868,0.0,0.0,0.013888888888888888,0.0,0.0,1.0
2.0,1.342995978825496e-06,0.0008920411943186012,0.10930738571395446,0.0,0.0,0.013888888888888888,0.0,0.0,1.0
3.0,1.338982372651188e-06,1.61948375825949e-05,0.0,0.0,0.0,0.013888888888888888,0.0,0.0,1.0
4.0,6.6585840448584e-09,0.0,0.0,0.0,0.0,0.013888888888888888,0.0,0.0,0.0
1.0,100.0,0.04872934549234093,5.58894932440998,0.0,0.0,0.013888888888888888,0.0,0.0,1.0
2.0,1.4232321259745825e-06,0.000892403502490493,0.10933364046125066,0.0,0.0,0.013888888888888888,0.0,0.0,1.0
3.0,1.4187972031645586e-06,1.620724523584418e-05,0.0,0.0,0.0,0.013888888888888888,0.0,0.0,1.0
4.0,7.053200084602904e-09,0.0,0.0,0.0,0.0,0.013888888888888888,0.0,0.0,0.0
1.0,100.0,0.048742296002054285,5.5888115023697225,0.0,0.0,0.013888888888888888,0.0,0.0,1.0
2.0,1.5019128470858232e-06,0.0008927597022598028,0.10935993140529321,0.0,0.0,0.013888888888888888,0.0,0.0,1.0
3.0,1.4971013263839066e-06,1.6219442873797556e-05,0.0,0.0,0.0,0.013888888888888888,0.0,0.0,1.0
4.0,7.478890178788409e-09,0.0,0.0,0.0,0.0,0.013888888888888888,0.0,0.0,0.0
1.0,100.0,0.04875509299512432,5.588659614570874,0.0,0.0,0.013888888888888888,0.0,0.0,1.0
2.0,1.5790306164633178e-06,0.0008931098050770495,0.10938626027376165,0.0,0.0,0.013888888888888888,0.0,0.0,1.0
3.0,1.5738231384360311e-06,1.623142986647117e-05,0.0,0.0,0.0,0.013888888888888888,0.0,0.0,1.0
4.0,7.842920634560674e-09,0.0,0.0,0.0,0.0,0.013888888888888888,0.0,0.0,0.0
1.0,100.0,0.04876774010496315,5.588494307432481,0.0,0.0,0.013888888888888888,0.0,0.0,1.0
2.0,1.6546038258294822e-06,0.0008934538230606003,0.1094126285467739,0.0,0.0,0.013888888888888888,0.0,0.0,1.0
3.0,1.649023433921056e-06,1.624320566334417e-05,0.0,0.0,0.0,0.013888888888888888,0.0,0.0,1.0
4.0,8.245624319098061e-09,0.0,0.0,0.0,0.0,0.013888888888888888,0.0,0.0,0.0
1.0,100.0,0.04878024078863497,5.588316176414311,0.0,0.0,0.013888888888888888,0.0,0.0,1.0
2.0,1.7286868948524296e-06,0.0008937917684462656,0.10943903733532125,0.0,0.0,0.013888888888888888,0.0,0.0,1.0
3.0,1.7227240636595756e-06,1.625476978375222e-05,0.0,0.0,0.0,0.013888888888888888,0.0,0.0,1.0
4.0,8.642919333392826e-09,0.0,0.0,0.0,0.0,0.013888888888888888,0.0,0.0,0.0
1.0,100.0,0.048792598359583696,5.58812577830058,0.0,0.0,0.013888888888888888,0.0,0.0,1.0
2.0,1.801285983744802e-06,0.0008941236540058299,0.10946548763759306,0.0,0.0,0.013888888888888888,0.0,0.0,1.0
3.0,1.7949872232365175e-06,1.6266121813235256e-05,0.0,0.0,0.0,0.013888888888888888,0.0,0.0,1.0
4.0,9.0401958703418e-09,0.0,0.0,0.0,0.0,0.013888888888888888,0.0,0.0,0.0
1.0,100.0,0.0488048160014269,5.5879236360280995,0.0,0.0,0.013888888888888888,0.0,0.0,1.0
2.0,1.8724386098121759e-06,0.0008944494930941977,0.10949198040013379,0.0,0.0,0.013888888888888888,0.0,0.0,1.0
3.0,1.865792172681299e-06,1.627726139900033e-05,0.0,0.0,0.0,0.013888888888888888,0.0,0.0,1.0
4.0,9.447110653009806e-09,0.0,0.0,0.0,0.0,0.013888888888888888,0.0,0.0,0.0
1.0,100.0,0.04881690118426472,5.587711497392878,0.0,0.0,0.013888888888888888,0.0,0.0,1.0
2.0,1.942160414369687e-06,0.0008947694052896232,0.10951854443480087,0.0,0.0,0.013888888888888888,0.0,0.0,1.0
3.0,1.935180380668795e-06,1.62881906415663e-05,0.0,0.0,0.0,0.013888888888888888,0.0,0.0,1.0
4.0,9.840171638407972e-09,0.0,0.0,0.0,0.0,0.013888888888888888,0.0,0.0,0.0
1.0,100.0,0.04882884959132099,5.587487160285674,0.0,0.0,0.013888888888888888,0.0,0.0,1.0
2.0,2.010471697207293e-06,0.000895083235029257,0.10954511695602925,0.0,0.0,0.013888888888888888,0.0,0.0,1.0
3.0,2.0031684608241123e-06,1.6298905404809342e-05,0.0,0.0,0.0,0.013888888888888888,0.0,0.0,1.0
4.0,1.0222762016180154e-08,0.0,0.0,0.0,0.0,0.013888888888888888,0.0,0.0,0.0
1.0,100.0,0.04884066418791279,5.587251302919969,0.0,0.0,0.013888888888888888,0.0,0.0,1.0
2.0,2.0774061767780643e-06,0.0008953909964614088,0.10957170514150909,0.0,0.0,0.013888888888888888,0.0,0.0,1.0
3.0,2.0697800582794243e-06,1.6309405491307157e-05,0.0,0.0,0.0,0.013888888888888888,0.0,0.0,1.0
4.0,1.0613690225565094e-08,0.0,0.0,0.0,0.0,0.013888888888888888,0.0,0.0,0.0
1.0,100.0,0.04885234972750306,5.587005172790689,0.0,0.0,0.013888888888888888,0.0,0.0,1.0
2.0,2.142996485945431e-06,0.0008956927496039089,0.10959832990147678,0.0,0.0,0.013888888888888888,0.0,0.0,1.0
3.0,2.1350565031559286e-06,1.6319691784849996e-05,0.0,0.0,0.0,0.013888888888888888,0.0,0.0,1.0
4.0,1.100391799558822e-08,0.0,0.0,0.0,0.0,0.013888888888888888,0.0,0.0,0.0
1.0,100.0,0.048863909396005434,5.586749379669624,0.0,0.0,0.013888888888888888,0.0,0.0,1.0
2.0,2.2072415292982403e-06,0.0008959885220171025,0.10962499738117798,0.0,0.0,0.013888888888888888,0.0,0.0,1.0
3.0,2.1989865511427014e-06,1.6329764471736676e-05,0.0,0.0,0.0,0.013888888888888888,0.0,0.0,1.0
4.0,1.1396462125156238e-08,0.0,0.0,0.0,0.0,0.013888888888888888,0.0,0.0,0.0
1.0,100.0,0.048875345857627726,5.586484335431125,0.0,0.0,0.013888888888888888,0.0,0.0,1.0
2.0,2.270193417230972e-06,0.0008962783318595444,0.1096517094952288,0.0,0.0,0.013888888888888888,0.0,0.0,1.0
3.0,2.2616407419439606e-06,1.6339623567468427e-05,0.0,0.0,0.0,0.013888888888888888,0.0,0.0,1.0
4.0,1.177105034065696e-08,0.0,0.0,0.0,0.0,0.013888888888888888,0.0,0.0,0.0
1.0,100.0,0.04888666159946979,5.586210394823113,0.0,0.0,0.013888888888888888,0.0,0.0,1.0
2.0,2.3318432793787786e-06,0.0008965621954152561,0.10967846728156357,0.0,0.0,0.013888888888888888,0.0,0.0,1.0
3.0,2.3230028079955375e-06,1.634926906637385e-05,0.0,0.0,0.0,0.013888888888888888,0.0,0.0,1.0
4.0,1.2168226963308271e-08,0.0,0.0,0.0,0.0,0.013888888888888888,0.0,0.0,0.0
1.0,100.0,0.04889785900983789,5.585927886916693,0.0,0.0,0.013888888888888888,0.0,0.0,1.0
2.0,2.392230553029057e-06,0.0008968401287090458,0.10970527159000099,0.0,0.0,0.013888888888888888,0.0,0.0,1.0
3.0,2.3831212999239837e-06,1.6358700991298504e-05,0.0,0.0,0.0,0.013888888888888888,0.0,0.0,1.0
4.0,1.2556157296522719e-08,0.0,0.0,0.0,0.0,0.013888888888888888,0.0,0.0,0.0
1.0,100.0,0.04890894039689408,5.5856370966638265,0.0,0.0,0.013888888888888888,0.0,0.0,1.0
2.0,2.451367801834931e-06,0.0008971121473454919,0.10973212575592253,0.0,0.0,0.013888888888888888,0.0,0.0,1.0
3.0,2.4419952244655845e-06,1.6367919419260125e-05,0.0,0.0,0.0,0.013888888888888888,0.0,0.0,1.0
4.0,1.291460762636617e-08,0.0,0.0,0.0,0.0,0.013888888888888888,0.0,0.0,0.0
1.0,100.0,0.048919907993264414,5.585338338568066,0.0,0.0,0.013888888888888888,0.0,0.0,1.0
2.0,2.509266605285719e-06,0.0008973782677168628,0.10975902846940432,0.0,0.0,0.013888888888888888,0.0,0.0,1.0
3.0,2.49965388287222e-06,1.6376924396991716e-05,0.0,0.0,0.0,0.013888888888888888,0.0,0.0,1.0
4.0,1.331484456361196e-08,0.0,0.0,0.0,0.0,0.013888888888888888,0.0,0.0,0.0
1.0,100.0,0.04893076396111952,5.58503189342798,0.0,0.0,0.013888888888888888,0.0,0.0,1.0
2.0,2.5659718030138667e-06,0.0008976385059102704,0.10978598031252877,0.0,0.0,0.013888888888888888,0.0,0.0,1.0
3.0,2.556094768058271e-06,1.6385716022714566e-05,0.0,0.0,0.0,0.013888888888888888,0.0,0.0,1.0
4.0,1.3667210927322539e-08,0.0,0.0,0.0,0.0,0.013888888888888888,0.0,0.0,0.0
1.0,100.0,0.0489411948578462,5.58462297598469,0.0,0.0,0.013888888888888888,0.0,0.0,1.0
2.0,5.09974419669152e-07,0.0008978617074199113,0.1098021079911903,0.0,0.0,0.013888888888888888,0.0,0.0,1.0
3.0,5.071765769342781e-07,1.6393142370505288e-05,0.0,0.0,0.0,0.013888888888888888,0.0,0.0,1.0
4.0,3.0330102413193294e-09,0.0,0.0,0.0,0.0,0.013888888888888888,0.0,0.0,0.0
1.0,100.0,0.04901865942673257,5.58430253299185,0.0,0.0,0.013888888888888888,0.0,0.0,1.0
2.0,4.964172731204676e-07,0.000899211306284646,0.10979332242261439,0.0,0.0,0.013888888888888888,0.0,0.0,1.0
3.0,4.946938813356532e-07,1.6417285172846202e-05,0.0,0.0,0.0,0.013888888888888888,0.0,0.0,1.0
4.0,2.9691779090367638e-09,0.0,0.0,0.0,0.0,0.013888888888888888,0.0,0.0,0.0
1.0,100.0,0.0490311158222368,5.584201508928519,0.0,0.0,0.013888888888888888,0.0,0.0,1.0
2.0,4.943585822450332e-07,0.0008992365295887176,0.10976824115977539,0.0,0.0,0.013888888888888888,0.0,0.0,1.0
3.0,4.929721587485055e-07,1.641406081470592e-05,0.0,0.0,0.0,0.013888888888888888,0.0,0.0,1.0
4.0,2.9580309429279654e-09,0.0,0.0,0.0,0.0,0.013888888888888888,0.0,0.0,0.0
1.0,100.0,0.04903291313115753,5.584160726337074,0.0,0.0,0.013888888888888888,0.0,0.0,1.0
2.0,4.930698121440652e-07,0.000899045523696569,0.10974136108616081,0.0,0.0,0.013888888888888888,0.0,0.0,1.0
3.0,4.917966024999028e-07,1.6406395058709777e-05,0.0,0.0,0.0,0.013888888888888888,0.0,0.0,1.0
4.0,2.960162523435739e-09,0.0,0.0,0.0,0.0,0.013888888888888888,0.0,0.0,0.0
1.0,100.0,0.04903302281708357,5.584132670152814,0.0,0.0,0.013888888888888888,0.0,0.0,1.0
2.0,4.920093797017813e-07,0.0008988204109001582,0.10971431537942322,0.0,0.0,0.013888888888888888,0.0,0.0,1.0
3.0,4.907710128395638e-07,1.6398034111352768e-05,0.0,0.0,0.0,0.013888888888888888,0.0,0.0,1.0
4.0,2.9535470765652365e-09,0.0,0.0,0.0,0.0,0.013888888888888888,0.0,0.0,0.0
1.0,100.0,0.04903286952396619,5.584107036314542,0.0,0.0,0.013888888888888888,0.0,0.0,1.0
2.0,4.910158344017665e-07,0.0008985899862892959,0.10968725870092859,0.0,0.0,0.013888888888888888,0.0,0.0,1.0
3.0,4.897913196950289e-07,1.6389567033488707e-05,0.0,0.0,0.0,0.013888888888888888,0.0,0.0,1.0
4.0,2.9506551999758744e-09,0.0,0.0,0.0,0.0,0.013888888888888888,0.0,0.0,0.0
1.0,100.0,0.04903267566147214,5.5840818398933045,0.0,0.0,0.013888888888888888,0.0,0.0,1.0
2.0,4.900686141919638e-07,0.0008983587256959703,0.109660200113802,0.0,0.0,0.013888888888888888,0.0,0.0,1.0
3.0,4.888622050666344e-07,1.6381084883454382e-05,0.0,0.0,0.0,0.013888888888888888,0.0,0.0,1.0
4.0,2.942765123933905e-09,0.0,0.0,0.0,0.0,0.013888888888888888,0.0,0.0,0.0
1.0,100.0,0.049032475598250504,5.58405672180526,0.0,0.0,0.013888888888888888,0.0,0.0,1.0
2.0,4.891084210626483e-07,0.0008981273178082918,0.10963313882057882,0.0,0.0,0.013888888888888888,0.0,0.0,1.0
3.0,4.878879317009809e-07,1.6372601598850694e-05,0.0,0.0,0.0,0.013888888888888888,0.0,0.0,1.0
4.0,2.9349256457104955e-09,0.0,0.0,0.0,0.0,0.013888888888888888,0.0,0.0,0.0
1.0,100.0,0.049032274608915016,5.5840316196006,0.0,0.0,0.013888888888888888,0.0,0.0,1.0
2.0,4.881497954032965e-07,0.000897895867939871,0.10960607438994813,0.0,0.0,0.013888888888888888,0.0,0.0,1.0
3.0,4.869474871333945e-07,1.636411930071014e-05,0.0,0.0,0.0,0.013888888888888888,0.0,0.0,1.0
4.0,2.9310368868823412e-09,0.0,0.0,0.0,0.0,0.013888888888888888,0.0,0.0,0.0
1.0,100.0,0.04903207349908185,5.5840065227284965,0.0,0.0,0.013888888888888888,0.0,0.0,1.0
2.0,4.872167436011732e-07,0.0008976643921869892,0.10957900671388877,0.0,0.0,0.013888888888888888,0.0,0.0,1.0
3.0,4.860165866820535e-07,1.6355638315177328e-05,0.0023298597406439837,0.0,0.0,0.013888888888888888,0.0,0.0,1.0
4.0,2.9255704879051847e-09,0.0,0.0,0.0,0.0,0.013888888888888888,0.0,0.0,0.0
1.0,100.0,0.049031872391394074,5.583981429445758,0.0,0.0,0.013888888888888888,0.0,0.0,1.0
2.0,4.862671973207044e-07,0.0008974328930769905,0.10955193577550082,0.0,0.0,0.013888888888888888,0.0,0.0,1.0
3.0,4.850486310700819e-07,1.6347158688523698e-05,0.0023287028316761427,0.0,0.0,0.013888888888888888,0.0,0.0,1.0
4.0,2.9198264994275976e-09,0.0,0.0,0.0,0.0,0.013888888888888888,0.0,0.0,0.0
1.0,100.0,0.04903167130449273,5.58395633947812,0.0,0.0,0.013888888888888888,0.0,0.0,1.0
2.0,4.85332597088675e-07,0.0008972013710771909,0.10952486158497964,0.0,0.0,0.013888888888888888,0.0,0.0,1.0
3.0,4.841481779171407e-07,1.633868043888403e-05,0.00232754607470147,0.0,0.0,0.013888888888888888,0.0,0.0,1.0
4.0,2.925681830125298e-09,0.0,0.0,0.0,0.0,0.013888888888888888,0.0,0.0,0.0
1.0,100.0,0.0490314702412351,5.58393125279416,0.0,0.0,0.013888888888888888,0.0,0.0,1.0
2.0,4.843775266566718e-07,0.0008969698263486158,0.10949778415566278,0.0,0.0,0.013888888888888888,0.0,0.0,1.0
3.0,4.831757962961278e-07,1.6330203569829818e-05,0.0023263894663712982,0.0,0.0,0.013888888888888888,0.0,0.0,1.0
4.0,2.909133944223901e-09,0.0,0.0,0.0,0.0,0.013888888888888888,0.0,0.0,0.0
1.0,100.0,0.04903126920207424,5.583906169402748,0.0,0.0,0.013888888888888888,0.0,0.0,1.0
2.0,4.834491526518051e-07,0.0008967382590031689,0.10947070349126074,0.0,0.0,0.013888888888888888,0.0,0.0,1.0
3.0,4.822691872911348e-07,1.632172808419058e-05,0.0023252330070654944,0.0,0.0,0.013888888888888888,0.0,0.0,1.0
4.0,2.921274826493146e-09,0.0,0.0,0.0,0.0,0.013888888888888888,0.0,0.0,0.0
1.0,100.0,0.04903106818710768,5.583881089308678,0.0,0.0,0.013888888888888888,0.0,0.0,1.0
2.0,4.825100648116757e-07,0.0008965066691458922,0.10944361960933802,0.0,0.0,0.013888888888888888,0.0,0.0,1.0
3.0,4.813333233951265e-07,1.631325398996898e-05,0.0023240767021555806,0.0,0.0,0.013888888888888888,0.0,0.0,1.0
4.0,2.9132213876940845e-09,0.0,0.0,0.0,0.0,0.013888888888888888,0.0,0.0,0.0
1.0,100.0,0.04903086719637502,5.583856012529462,0.0,0.0,0.013888888888888888,0.0,0.0,1.0
2.0,4.815624972083718e-07,0.0008962750568822289,0.10941653252588604,0.0,0.0,0.013888888888888888,0.0,0.0,1.0
3.0,4.803707418516789e-07,1.630478128742991e-05,0.002322920541371569,0.0,0.0,0.013888888888888888,0.0,0.0,1.0
4.0,2.90391854508002e-09,0.0,0.0,0.0,0.0,0.013888888888888888,0.0,0.0,0.0
1.0,100.0,0.0490306662299054,5.583830939090099,0.0,0.0,0.013888888888888888,0.0,0.0,1.0
2.0,4.806459797666707e-07,0.0008960434223116587,0.10938944224157039,0.0,0.0,0.013888888888888888,0.0,0.0,1.0
3.0,4.794697162398053e-07,1.6296309984411605e-05,0.0023217645349502,0.0,0.0,0.013888888888888888,0.0,0.0,1.0
4.0,2.8993488043558524e-09,0.0,0.0,0.0,0.0,0.013888888888888888,0.0,0.0,0.0
1.0,100.0,0.04903046528773116,5.583805868988652,0.0,0.0,0.013888888888888888,0.0,0.0,1.0
2.0,4.797059504419412e-07,0.0008958117655437552,0.10936234877400602,0.0,0.0,0.013888888888888888,0.0,0.0,1.0
3.0,4.785309292234357e-07,1.6287840085979336e-05,0.002320608685957221,0.0,0.0,0.013888888888888888,0.0,0.0,1.0
4.0,2.8911189841771135e-09,0.0,0.0,0.0,0.0,0.013888888888888888,0.0,0.0,0.0
1.0,100.0,0.04903026436988243,5.583780802247658,0.0,0.0,0.013888888888888888,0.0,0.0,1.0
2.0,4.787804623262023e-07,0.0008955800866766891,0.10933525213621559,0.0,0.0,0.013888888888888888,0.0,0.0,1.0
3.0,4.776018999685107e-07,1.6279371589964258e-05,0.002319452982039291,0.0,0.0,0.013888888888888888,0.0,0.0,1.0
4.0,2.8977191456326038e-09,0.0,0.0,0.0,0.0,0.013888888888888888,0.0,0.0,0.0
1.0,100.0,0.04903006347639031,5.583755738879515,0.0,0.0,0.013888888888888888,0.0,0.0,1.0
2.0,4.778522873499906e-07,0.0008953483858218641,0.10930815233990349,0.0,0.0,0.013888888888888888,0.0,0.0,1.0
3.0,4.766942270861923e-07,1.6270904509024448e-05,0.0023182974351858903,0.0,0.0,0.013888888888888888,0.0,0.0,1.0
4.0,2.9052911052364114e-09,0.0,0.0,0.0,0.0,0.013888888888888888,0.0,0.0,0.0
1.0,100.0,0.049029862607283634,5.58373067889465,0.0,0.0,0.013888888888888888,0.0,0.0,1.0
2.0,4.76930575759529e-07,0.0008951166630747168,0.1092810493914436,0.0,0.0,0.013888888888888888,0.0,0.0,1.0
3.0,4.757547124956278e-07,1.626243884322807e-05,0.0023171420453915593,0.0,0.0,0.013888888888888888,0.0,0.0,1.0
4.0,2.877662915258842e-09,0.0,0.0,0.0,0.0,0.013888888888888888,0.0,0.0,0.0
1.0,100.0,0.049029661762595815,5.583705622313735,0.0,0.0,0.013888888888888888,0.0,0.0,1.0
2.0,4.760101780472555e-07,0.0008948849185457926,0.10925394331005277,0.0,0.0,0.013888888888888888,0.0,0.0,1.0
3.0,4.748374627831505e-07,1.6253974599552125e-05,0.0023159868054048707,0.0,0.0,0.013888888888888888,0.0,0.0,1.0
4.0,2.891192073032836e-09,0.0,0.0,0.0,0.0,0.013888888888888888,0.0,0.0,0.0
1.0,100.0,0.049029460942354025,5.583680569144808,0.0,0.0,0.013888888888888888,0.0,0.0,1.0
2.0,4.7508335750857223e-07,0.0008946531523402748,0.10922683410005773,0.0,0.0,0.013888888888888888,0.0,0.0,1.0
3.0,4.739434620237339e-07,1.6245511778834136e-05,0.002314831724446564,0.0,0.0,0.013888888888888888,0.0,0.0,1.0
4.0,2.8940312070105027e-09,0.0,0.0,0.0,0.0,0.013888888888888888,0.0,0.0,0.0
1.0,100.0,0.04902926014658768,5.583655519403904,0.0,0.0,0.013888888888888888,0.0,0.0,1.0
2.0,4.7415561688218543e-07,0.0008944213645531539,0.10919972177649334,0.0,0.0,0.013888888888888888,0.0,0.0,1.0
3.0,4.730014776065226e-07,1.6237050389492313e-05,0.0023136767949968827,0.0,0.0,0.013888888888888888,0.0,0.0,1.0
4.0,2.8774972988280464e-09,0.0,0.0,0.0,0.0,0.013888888888888888,0.0,0.0,0.0
1.0,100.0,0.04902905937533404,5.583630473106481,0.0,0.0,0.013888888888888888,0.0,0.0,1.0
2.0,4.73246000947833e-07,0.0008941895552976399,0.10917260635324695,0.0,0.0,0.013888888888888888,0.0,0.0,1.0
3.0,4.7209051647777836e-07,1.622859043229442e-05,0.0023125220252381766,0.0,0.0,0.013888888888888888,0.0,0.0,1.0
4.0,2.867135155427816e-09,0.0,0.0,0.0,0.0,0.013888888888888888,0.0,0.0,0.0
1.0,100.0,0.04902885862861859,5.583605430261705,0.0,0.0,0.013888888888888888,0.0,0.0,1.0
2.0,4.723231341870338e-07,0.0008939577246757304,0.10914548783716434,0.0,0.0,0.013888888888888888,0.0,0.0,1.0
3.0,4.7116526961894465e-07,1.622013191596953e-05,0.0023113674115317006,0.0,0.0,0.013888888888888888,0.0,0.0,1.0
4.0,2.8613166136218668e-09,0.0,0.0,0.0,0.0,0.013888888888888888,0.0,0.0,0.0
1.0,100.0,0.04902865790647465,5.583580390882426,0.0,0.0,0.013888888888888888,0.0,0.0,1.0
2.0,4.7141869470356594e-07,0.0008937258727920012,0.10911836624666557,0.0,0.0,0.013888888888888888,0.0,0.0,1.0
3.0,4.7026378860541024e-07,1.621167483940726e-05,0.002310212955870125,0.0,0.0,0.013888888888888888,0.0,0.0,1.0
4.0,2.8627424427198494e-09,0.0,0.0,0.0,0.0,0.013888888888888888,0.0,0.0,0.0
1.0,100.0,0.04902845720893285,5.583555354992152,0.0,0.0,0.013888888888888888,0.0,0.0,1.0
2.0,4.7051219888120784e-07,0.0008934939997536422,0.10909124159010092,0.0,0.0,0.013888888888888888,0.0,0.0,1.0
3.0,4.693619928631125e-07,1.620321921233313e-05,0.0023090586590680533,0.0,0.0,0.013888888888888888,0.0,0.0,1.0
4.0,2.852140811081191e-09,0.0,0.0,0.0,0.0,0.013888888888888888,0.0,0.0,0.0
1.0,100.0,0.04902825653601996,5.583530322596938,0.0,0.0,0.013888888888888888,0.0,0.0,1.0
2.0,4.6959811887723367e-07,0.0008932621056573207,0.10906411387412625,0.0,0.0,0.013888888888888888,0.0,0.0,1.0
3.0,4.684496975268046e-07,1.6194765034498758e-05,0.0023079045187288745,0.0,0.0,0.013888888888888888,0.0,0.0,1.0
4.0,2.8477486388846023e-09,0.0,0.0,0.0,0.0,0.013888888888888888,0.0,0.0,0.0
1.0,100.0,0.04902805588777375,5.583505293715469,0.0,0.0,0.013888888888888888,0.0,0.0,1.0
2.0,4.686913217360328e-07,0.0008930301906132361,0.10903698311686498,0.0,0.0,0.013888888888888888,0.0,0.0,1.0
3.0,4.6753930867570046e-07,1.6186312316326085e-05,0.002306750544060313,0.0,0.0,0.013888888888888888,0.0,0.0,1.0
4.0,2.8401509213758507e-09,0.0,0.0,0.0,0.0,0.013888888888888888,0.0,0.0,0.0
1.0,100.0,0.04902785526422272,5.583480268350183,0.0,0.0,0.013888888888888888,0.0,0.0,1.0
2.0,4.6778263222017895e-07,0.0008927982547307793,0.1090098493338187,0.0,0.0,0.013888888888888888,0.0,0.0,1.0
3.0,4.6662979135464457e-07,1.6177861056910575e-05,0.0023055967244065305,0.0,0.0,0.013888888888888888,0.0,0.0,1.0
4.0,2.8304709241010415e-09,0.0,0.0,0.0,0.0,0.013888888888888888,0.0,0.0,0.0
1.0,100.0,0.04902765466539613,5.583455246533619,0.0,0.0,0.013888888888888888,0.0,0.0,1.0
2.0,4.6687473845559746e-07,0.0008925662981043406,0.10898271252305623,0.0,0.0,0.013888888888888888,0.0,0.0,1.0
3.0,4.657312418416279e-07,1.6169411259877292e-05,0.0023044430661731583,0.0,0.0,0.013888888888888888,0.0,0.0,1.0
4.0,2.833487191476854e-09,0.0,0.0,0.0,0.0,0.013888888888888888,0.0,0.0,0.0
1.0,100.0,0.04902745409132799,5.583430228260417,0.0,0.0,0.013888888888888888,0.0,0.0,1.0
2.0,4.659716410386955e-07,0.0008923343208473324,0.1089555727077062,0.0,0.0,0.013888888888888888,0.0,0.0,1.0
3.0,4.64837046867575e-07,1.6160962936716043e-05,0.0023032895682993317,0.0,0.0,0.013888888888888888,0.0,0.0,1.0
4.0,2.833525056228537e-09,0.0,0.0,0.0,0.0,0.013888888888888888,0.0,0.0,0.0
1.0,100.0,0.04902725354204775,5.583405213557174,0.0,0.0,0.013888888888888888,0.0,0.0,1.0
2.0,4.6507156039230407e-07,0.0008921023230586031,0.10892842989745506,0.0,0.0,0.013888888888888888,0.0,0.0,1.0
3.0,4.639368324289687e-07,1.6152516083528818e-05,0.0023021362345783847,0.0,0.0,0.013888888888888888,0.0,0.0,1.0
4.0,2.825498572253177e-09,0.0,0.0,0.0,0.0,0.013888888888888888,0.0,0.0,0.0
1.0,100.0,0.04902705301758747,5.583380202427497,0.0,0.0,0.013888888888888888,0.0,0.0,1.0
2.0,4.6417303247772255e-07,0.0008918703048466477,0.10890128410487908,0.0,0.0,0.013888888888888888,0.0,0.0,1.0
3.0,4.6303419533029585e-07,1.6144070708813516e-05,0.002300983061583557,0.0,0.0,0.013888888888888888,0.0,0.0,1.0
4.0,2.8233784702113474e-09,0.0,0.0,0.0,0.0,0.013888888888888888,0.0,0.0,0.0
1.0,100.0,0.05229765217907649,91.70397243942004,0.0,0.0,0.013888888888888888,0.0,0.0,1.0
2.0,7.407857978275158e-05,0.0010503168865574133,8.350340914262127,0.0,0.0,0.013888888888888888,0.0,0.0,1.0
3.0,7.369142194745145e-05,2.1870821170225723e-05,0.00256781042314195,0.0,0.0,0.013888888888888888,0.0,0.0,1.0
4.0,2.507220042743824e-07,0.0,0.0,0.0,0.0,0.013888888888888888,0.0,0.0,0.0
1.0,100.0,0.04459906404855598,6.476207545607964,0.0,0.0,0.013888888888888888,0.0,0.0,1.0
2.0,4.3376505081859656e-07,0.0007639660630796837,0.11000749726122383,0.0,0.0,0.013888888888888888,0.0,0.0,1.0
3.0,3.8099557974310194e-07,1.2847012535031558e-05,0.0,0.0,0.0,0.013888888888888888,0.0,0.0,1.0
4.0,7.392653597005125e-10,0.0,0.0,0.0,0.0,0.013888888888888888,0.0,0.0,0.0
1.0,100.0,0.0467966318483173,5.291757729141736,0.0,0.0,0.013888888888888888,0.0,0.0,1.0
2.0,1.018725632755006e-07,0.0008212457303246215,0.10483474069974603,0.0,0.0,0.013888888888888888,0.0,0.0,1.0
3.0,1.2034754570477776e-07,1.4297766473613303e-05,0.0,0.0,0.0,0.013888888888888888,0.0,0.0,1.0
4.0,1.5912298960787316e-09,0.0,0.0,0.0,0.0,0.013888888888888888,0.0,0.0,0.0
1.0,100.0,0.04711971058639944,5.629244713512108,0.0,0.0,0.013888888888888888,0.0,0.0,1.0
2.0,2.1528687516531405e-07,0.0008297839852671183,0.11300889246720852,0.0,0.0,0.013888888888888888,0.0,0.0,1.0
3.0,2.2199970899454e-07,1.4516898282451379e-05,0.002452415466134383,0.0,0.0,0.013888888888888888,0.0,0.0,1.0
4.0,1.9043540043909286e-09,0.0,0.0,0.0,0.0,0.013888888888888888,0.0,0.0,0.0
1.0,100.0,0.047181840380967836,5.680234455527581,0.0,0.0,0.013888888888888888,0.0,0.0,1.0
2.0,3.0111257451070035e-07,0.0008314235168885207,0.11420919251989253,0.0,0.0,0.013888888888888888,0.0,0.0,1.0
3.0,3.0372760259343797e-07,1.45599751911387e-05,0.002482828960323865,0.0,0.0,0.013888888888888888,0.0,0.0,1.0
4.0,2.1711433605813244e-09,0.0,0.0,0.0,0.0,0.013888888888888888,0.0,0.0,0.0
1.0,100.0,0.047205293776332195,5.688307863618525,0.0,0.0,0.013888888888888888,0.0,0.0,1.0
2.0,3.7787321513691054e-07,0.0008320322518778485,0.1143702353078854,0.0,0.0,0.013888888888888888,0.0,0.0,1.0
3.0,3.788342581798154e-07,1.4576622846240172e-05,0.0024861752289139145,0.0,0.0,0.013888888888888888,0.0,0.0,1.0
4.0,2.445225276044566e-09,0.0,0.0,0.0,0.0,0.013888888888888888,0.0,0.0,0.0
1.0,100.0,0.04722276664141616,5.689815697377562,0.0,0.0,0.013888888888888888,0.0,0.0,1.0
2.0,4.508877311745921e-07,0.000832480742789847,0.11437318822967689,0.0,0.0,0.013888888888888888,0.0,0.0,1.0
3.0,4.5099719500544895e-07,1.4589150574700265e-05,0.0024854244278091266,0.0,0.0,0.013888888888888888,0.0,0.0,1.0
4.0,2.703111946501358e-09,0.0,0.0,0.0,0.0,0.013888888888888888,0.0,0.0,0.0
1.0,100.0,0.047239283597509375,5.69034589254372,0.0,0.0,0.013888888888888888,0.0,0.0,1.0
2.0,5.217703845032054e-07,0.0008329061143434125,0.11435464101668541,0.0,0.0,0.013888888888888888,0.0,0.0,1.0
3.0,5.212806951737226e-07,1.4601126215976104e-05,0.0024841604714426957,0.0,0.0,0.013888888888888888,0.0,0.0,1.0
4.0,2.9593933198263495e-09,0.0,0.0,0.0,0.0,0.013888888888888888,0.0,0.0,0.0
1.0,100.0,0.047255395747477724,5.690648118645662,0.0,0.0,0.013888888888888888,0.0,0.0,1.0
2.0,5.911116933211669e-07,0.0008333213630908134,0.11433157337838423,0.0,0.0,0.013888888888888888,0.0,0.0,1.0
3.0,5.901091199054798e-07,1.4612854132622167e-05,0.002482800829183233,0.0,0.0,0.013888888888888888,0.0,0.0,1.0
4.0,3.2354869844810613e-09,0.0,0.0,0.0,0.0,0.013888888888888888,0.0,0.0,0.0
1.0,100.0,0.047271271215816694,5.690879233577845,0.0,0.0,0.013888888888888888,0.0,0.0,1.0
2.0,6.591240593082502e-07,0.0008337300223314893,0.11430742783508578,0.0,0.0,0.013888888888888888,0.0,0.0,1.0
3.0,6.576593674811624e-07,1.462440890256356e-05,0.00248142753929489,0.0,0.0,0.013888888888888888,0.0,0.0,1.0
4.0,3.4999163038318498e-09,0.0,0.0,0.0,0.0,0.013888888888888888,0.0,0.0,0.0
1.0,100.0,0.04728697765158085,5.691083009356018,0.0,0.0,0.013888888888888888,0.0,0.0,1.0
2.0,7.25819211104115e-07,0.0008341338066251596,0.11428331246977569,0.0,0.0,0.013888888888888888,0.0,0.0,1.0
3.0,7.239102257666276e-07,1.4635832949520285e-05,0.002480070365826803,0.0,0.0,0.013888888888888888,0.0,0.0,1.0
4.0,3.7666778027077184e-09,0.0,0.0,0.0,0.0,0.013888888888888888,0.0,0.0,0.0
1.0,100.0,0.04730256120314171,5.691280626474565,0.0,0.0,0.013888888888888888,0.0,0.0,1.0
2.0,7.912812702625197e-07,0.0008345350298897838,0.11426032329174161,0.0,0.0,0.013888888888888888,0.0,0.0,1.0
3.0,7.889361234621476e-07,1.4647203622517816e-05,0.002478769917760552,0.0,0.0,0.013888888888888888,0.0,0.0,1.0
4.0,4.038749880444394e-09,0.0,0.0,0.0,0.0,0.013888888888888888,0.0,0.0,0.0
1.0,100.0,0.047317934816831754,5.691429295154315,0.0,0.0,0.013888888888888888,0.0,0.0,1.0
2.0,8.555459826197049e-07,0.0008349302709171258,0.11423678875875917,0.0,0.0,0.013888888888888888,0.0,0.0,1.0
3.0,8.527652844746223e-07,1.4658414883238529e-05,0.00247746939957314,0.0,0.0,0.013888888888888888,0.0,0.0,1.0
4.0,4.315640204120466e-09,0.0,0.0,0.0,0.0,0.013888888888888888,0.0,0.0,0.0
1.0,100.0,0.04733314614503858,5.691552792372837,0.0,0.0,0.013888888888888888,0.0,0.0,1.0
2.0,9.186170630328427e-07,0.0008353205431733769,0.11421325462276735,0.0,0.0,0.013888888888888888,0.0,0.0,1.0
3.0,9.154373671442927e-07,1.4669488410325014e-05,0.0024761823446400543,0.0,0.0,0.013888888888888888,0.0,0.0,1.0
4.0,4.603267702922775e-09,0.0,0.0,0.0,0.0,0.013888888888888888,0.0,0.0,0.0
1.0,100.0,0.04734820594258813,5.691655741000119,0.0,0.0,0.013888888888888888,0.0,0.0,1.0
2.0,9.805066701218032e-07,0.0008357060087758672,0.11418980380018043,0.0,0.0,0.013888888888888888,0.0,0.0,1.0
3.0,9.769258982359171e-07,1.4680426289556523e-05,0.002474910251068597,0.0,0.0,0.013888888888888888,0.0,0.0,1.0
4.0,4.875015496502629e-09,0.0,0.0,0.0,0.0,0.013888888888888888,0.0,0.0,0.0
1.0,100.0,0.04736311900237137,5.691739710599329,0.0,0.0,0.013888888888888888,0.0,0.0,1.0
2.0,1.0412562802758796e-06,0.0008360866966533883,0.1141664470861936,0.0,0.0,0.013888888888888888,0.0,0.0,1.0
3.0,1.037253827415941e-06,1.4691227623877094e-05,0.0024736527993224817,0.0,0.0,0.013888888888888888,0.0,0.0,1.0
4.0,5.133912675198891e-09,0.0,0.0,0.0,0.0,0.013888888888888888,0.0,0.0,0.0
1.0,100.0,0.04737788903836548,5.691805740339249,0.0,0.0,0.013888888888888888,0.0,0.0,1.0
2.0,1.1008784564137463e-06,0.000836462615293763,0.11414318417334963,0.0,0.0,0.013888888888888888,0.0,0.0,1.0
3.0,1.0964884273837276e-06,1.4701891139867753e-05,0.0024724094106363336,0.0,0.0,0.013888888888888888,0.0,0.0,1.0
4.0,5.419726236092676e-09,0.0,0.0,0.0,0.0,0.013888888888888888,0.0,0.0,0.0
1.0,100.0,0.04739251945806544,5.691854734314142,0.0,0.0,0.013888888888888888,0.0,0.0,1.0
2.0,1.159393106877619e-06,0.0008368337702165065,0.11412001308800541,0.0,0.0,0.013888888888888888,0.0,0.0,1.0
3.0,1.1546423493503596e-06,1.4712415580175852e-05,0.002471179510622254,0.0,0.0,0.013888888888888888,0.0,0.0,1.0
4.0,5.6899504596428356e-09,0.0,0.0,0.0,0.0,0.013888888888888888,0.0,0.0,0.0
1.0,100.0,0.04740701357041024,5.691887561499384,0.0,0.0,0.013888888888888888,0.0,0.0,1.0
2.0,1.2167965277216972e-06,0.000837200168619047,0.11409693253459487,0.0,0.0,0.013888888888888888,0.0,0.0,1.0
3.0,1.2116685889016498e-06,1.4722799804422262e-05,0.002469962560806902,0.0,0.0,0.013888888888888888,0.0,0.0,1.0
4.0,5.971012365514144e-09,0.0,0.0,0.0,0.0,0.013888888888888888,0.0,0.0,0.0
1.0,100.0,0.0474213742882274,5.691904915092212,0.0,0.0,0.013888888888888888,0.0,0.0,1.0
2.0,1.2731459459993613e-06,0.0008375618117708434,0.11407393818890973,0.0,0.0,0.013888888888888888,0.0,0.0,1.0
3.0,1.2676605176558396e-06,1.4733042603207896e-05,0.002468757984897216,0.0,0.0,0.013888888888888888,0.0,0.0,1.0
4.0,6.2346803562991035e-09,0.0,0.0,0.0,0.0,0.013888888888888888,0.0,0.0,0.0
1.0,100.0,0.04743560462253989,5.691907557327598,0.0,0.0,0.013888888888888888,0.0,0.0,1.0
2.0,1.328404492469126e-06,0.0008379187066384078,0.11405102872486501,0.0,0.0,0.013888888888888888,0.0,0.0,1.0
3.0,1.3225693653397066e-06,1.4743142963204805e-05,0.0024675653037304563,0.0,0.0,0.013888888888888888,0.0,0.0,1.0
4.0,6.520077064105196e-09,0.0,0.0,0.0,0.0,0.013888888888888888,0.0,0.0,0.0
1.0,100.0,0.0474497074229678,5.691896184183866,0.0,0.0,0.013888888888888888,0.0,0.0,1.0
2.0,1.3826459772001244e-06,0.0008382708595133676,0.11402820238857388,0.0,0.0,0.013888888888888888,0.0,0.0,1.0
3.0,1.3764639948936417e-06,1.4753099924763431e-05,0.0024663840608000987,0.0,0.0,0.013888888888888888,0.0,0.0,1.0
4.0,6.786376191596681e-09,0.0,0.0,0.0,0.0,0.013888888888888888,0.0,0.0,0.0
1.0,100.0,0.047463685402202235,5.691871438379973,0.0,0.0,0.013888888888888888,0.0,0.0,1.0
2.0,1.4358671136924737e-06,0.0008386182763408098,0.11400545724204153,0.0,0.0,0.013888888888888888,0.0,0.0,1.0
3.0,1.429341094588178e-06,1.4762912572488886e-05,0.0024652138182709262,0.0,0.0,0.013888888888888888,0.0,0.0,1.0
4.0,7.05922183139437e-09,0.0,0.0,0.0,0.0,0.013888888888888888,0.0,0.0,0.0
1.0,100.0,0.04747754115960442,5.691833921130757,0.0,0.0,0.013888888888888888,0.0,0.0,1.0
2.0,1.4880795580467917e-06,0.0008389609630926762,0.11398279133343876,0.0,0.0,0.013888888888888888,0.0,0.0,1.0
3.0,1.4812198420098265e-06,1.4772580046833277e-05,0.0024640541548763156,0.0,0.0,0.013888888888888888,0.0,0.0,1.0
4.0,7.325943426752206e-09,0.0,0.0,0.0,0.0,0.013888888888888888,0.0,0.0,0.0
1.0,100.0,0.0474912771915843,5.691784196918621,0.0,0.0,0.013888888888888888,0.0,0.0,1.0
2.0,1.5393038762533758e-06,0.0008392989257927185,0.11396020278040574,0.0,0.0,0.013888888888888888,0.0,0.0,1.0
3.0,1.5321446040842422e-06,1.4782101536713521e-05,0.0024629046795647644,0.0,0.0,0.013888888888888888,0.0,0.0,1.0
4.0,7.622936705009559e-09,0.0,0.0,0.0,0.0,0.013888888888888888,0.0,0.0,0.0
1.0,100.0,0.047504898871542085,5.691724143230329,0.0,0.0,0.013888888888888888,0.0,0.0,1.0
2.0,1.5895315331291407e-06,0.0008396322373462676,0.11393772133998789,0.0,0.0,0.013888888888888888,0.0,0.0,1.0
3.0,1.5820406164632406e-06,1.479147778942728e-05,0.0024617658617882136,0.0,0.0,0.013888888888888888,0.0,0.0,1.0
4.0,7.881877590019124e-09,0.0,0.0,0.0,0.0,0.013888888888888888,0.0,0.0,0.0
1.0,100.0,0.04751840288423123,5.691651335361644,0.0,0.0,0.013888888888888888,0.0,0.0,1.0
2.0,1.6388384453184872e-06,0.000839960772330226,0.1139152737305135,0.0,0.0,0.013888888888888888,0.0,0.0,1.0
3.0,1.6310326220627161e-06,1.4800705028669442e-05,0.0024606354449911143,0.0,0.0,0.013888888888888888,0.0,0.0,1.0
4.0,8.146721150229097e-09,0.0,0.0,0.0,0.0,0.013888888888888888,0.0,0.0,0.0
1.0,100.0,0.04753179206816729,5.691566666707848,0.0,0.0,0.013888888888888888,0.0,0.0,1.0
2.0,1.6871709371029105e-06,0.0008402845511431506,0.11389286851866205,0.0,0.0,0.013888888888888888,0.0,0.0,1.0
3.0,1.6790862403635e-06,1.4809782906519574e-05,0.0024595133518707426,0.0,0.0,0.013888888888888888,0.0,0.0,1.0
4.0,8.43006165223138e-09,0.0,0.0,0.0,0.0,0.013888888888888888,0.0,0.0,0.0
1.0,100.0,0.04754507005983904,5.691471405962095,0.0,0.0,0.013888888888888888,0.0,0.0,1.0
2.0,1.7345770860605885e-06,0.0008406036145121448,0.11387052406755817,0.0,0.0,0.013888888888888888,0.0,0.0,1.0
3.0,1.7261857311907096e-06,1.4818711586428403e-05,0.002458399781590108,0.0,0.0,0.013888888888888888,0.0,0.0,1.0
4.0,8.69815400189963e-09,0.0,0.0,0.0,0.0,0.013888888888888888,0.0,0.0,0.0
1.0,100.0,0.047558239327877866,5.691366189418309,0.0,0.0,0.013888888888888888,0.0,0.0,1.0
2.0,1.7811030509556967e-06,0.0008409179778994395,0.11384824410028949,0.0,0.0,0.013888888888888888,0.0,0.0,1.0
3.0,1.7724436702580776e-06,1.482749068253063e-05,0.0024572945744801965,0.0,0.0,0.013888888888888888,0.0,0.0,1.0
4.0,8.979871837876008e-09,0.0,0.0,0.0,0.0,0.013888888888888888,0.0,0.0,0.0
1.0,100.0,0.04757130195517179,5.691251457048607,0.0,0.0,0.013888888888888888,0.0,0.0,1.0
2.0,1.8267059346289382e-06,0.0008412276494887562,0.11382602821034943,0.0,0.0,0.013888888888888888,0.0,0.0,1.0
3.0,1.8177388814697536e-06,1.4836119678343424e-05,0.0024561974655743475,0.0,0.0,0.013888888888888888,0.0,0.0,1.0
4.0,9.243552744049778e-09,0.0,0.0,0.0,0.0,0.013888888888888888,0.0,0.0,0.0
1.0,100.0,0.04758425989089766,5.691127590611298,0.0,0.0,0.013888888888888888,0.0,0.0,1.0
2.0,1.8714597848737505e-06,0.0008415326358814253,0.11380387517913983,0.0,0.0,0.013888888888888888,0.0,0.0,1.0
3.0,1.8622341652582151e-06,1.4844598049443664e-05,0.002455108195635593,0.0,0.0,0.013888888888888888,0.0,0.0,1.0
4.0,9.52214612672875e-09,0.0,0.0,0.0,0.0,0.013888888888888888,0.0,0.0,0.0
1.0,100.0,0.04759711500823049,5.6909949447216865,0.0,0.0,0.013888888888888888,0.0,0.0,1.0
2.0,1.915304202379143e-06,0.0008418329433536002,0.11378178367231179,0.0,0.0,0.013888888888888888,0.0,0.0,1.0
3.0,1.9058070724914441e-06,1.485292529244682e-05,0.0024540265078258636,0.0,0.0,0.013888888888888888,0.0,0.0,1.0
4.0,9.78820475806701e-09,0.0,0.0,0.0,0.0,0.013888888888888888,0.0,0.0,0.0
1.0,100.0,0.047609869117955825,5.690853853823811,0.0,0.0,0.013888888888888888,0.0,0.0,1.0
2.0,1.958307619087898e-06,0.000842128578071041,0.11375975238182814,0.0,0.0,0.013888888888888888,0.0,0.0,1.0
3.0,1.9485315373515094e-06,1.4861100935428988e-05,0.0024529521552480392,0.0,0.0,0.013888888888888888,0.0,0.0,1.0
4.0,1.0037715920760454e-08,0.0,0.0,0.0,0.0,0.013888888888888888,0.0,0.0,0.0
1.0,100.0,0.0476225239735797,5.690704623069559,0.0,0.0,0.013888888888888888,0.0,0.0,1.0
2.0,2.000456037571453e-06,0.0008424195459858578,0.1137377813515521,0.0,0.0,0.013888888888888888,0.0,0.0,1.0
3.0,1.990455320572639e-06,1.4869124535360573e-05,0.002451884978155547,0.0,0.0,0.013888888888888888,0.0,0.0,1.0
4.0,1.0315452533203733e-08,0.0,0.0,0.0,0.0,0.013888888888888888,0.0,0.0,0.0
1.0,100.0,0.04763508127438438,5.6905475421984955,0.0,0.0,0.013888888888888888,0.0,0.0,1.0
2.0,2.0417883223028747e-06,0.0008427058529910319,0.11371587027119168,0.0,0.0,0.013888888888888888,0.0,0.0,1.0
3.0,2.0315383787655133e-06,1.487699566882858e-05,0.002450824904355367,0.0,0.0,0.013888888888888888,0.0,0.0,1.0
4.0,1.0569537144501195e-08,0.0,0.0,0.0,0.0,0.013888888888888888,0.0,0.0,0.0
1.0,100.0,0.04764754266762673,5.6903829156780965,0.0,0.0,0.013888888888888888,0.0,0.0,1.0
2.0,2.082291447967516e-06,0.0008429875052222162,0.11369401586188525,0.0,0.0,0.013888888888888888,0.0,0.0,1.0
3.0,2.0718143141869896e-06,1.4884713911516563e-05,0.002449771518630007,0.0,0.0,0.013888888888888888,0.0,0.0,1.0
4.0,1.0831517579966694e-08,0.0,0.0,0.0,0.0,0.013888888888888888,0.0,0.0,0.0
1.0,100.0,0.04765970543783632,5.690114229962979,0.0,0.0,0.013888888888888888,0.0,0.0,1.0
2.0,4.2839996388969235e-07,0.0008432420802500713,0.11366098980498929,0.0,0.0,0.013888888888888888,0.0,0.0,1.0
3.0,4.25542739634767e-07,1.489142403489895e-05,0.0024482510333635452,0.0,0.0,0.013888888888888888,0.0,0.0,1.0
4.0,2.6555252792455975e-09,0.0,0.0,0.0,0.0,0.013888888888888888,0.0,0.0,0.0
1.0,100.0,0.04771823476025232,5.689894613676079,0.0,0.0,0.013888888888888888,0.0,0.0,1.0
2.0,4.161202327501717e-07,0.0008442089880130511,0.11362913129185852,0.0,0.0,0.013888888888888888,0.0,0.0,1.0
3.0,4.14527506139278e-07,1.4907669982265369e-05,0.0024468623169654844,0.0,0.0,0.013888888888888888,0.0,0.0,1.0
4.0,2.6234627470697247e-09,0.0,0.0,0.0,0.0,0.013888888888888888,0.0,0.0,0.0
1.0,100.0,0.04772794724545371,5.6898245904927265,0.0,0.0,0.013888888888888888,0.0,0.0,1.0
2.0,4.141458621263415e-07,0.0008441894176200432,0.11360054887307358,0.0,0.0,0.013888888888888888,0.0,0.0,1.0
3.0,4.12965840295125e-07,1.4903930203544021e-05,0.0024456302817825793,0.0,0.0,0.013888888888888888,0.0,0.0,1.0
4.0,2.612208925983147e-09,0.0,0.0,0.0,0.0,0.013888888888888888,0.0,0.0,0.0
1.0,100.0,0.047729359002858227,5.689790210465445,0.0,0.0,0.013888888888888888,0.0,0.0,1.0
2.0,4.130325652613058e-07,0.0008440028032625402,0.11357271549745944,0.0,0.0,0.013888888888888888,0.0,0.0,1.0
3.0,4.1199720966900073e-07,1.4896822992253356e-05,0.0024444276427880635,0.0,0.0,0.013888888888888888,0.0,0.0,1.0
4.0,2.6101416815145883e-09,0.0,0.0,0.0,0.0,0.013888888888888888,0.0,0.0,0.0
1.0,100.0,0.0477294241862741,5.689762662655605,0.0,0.0,0.013888888888888888,0.0,0.0,1.0
2.0,4.121998582013377e-07,0.0008437891832413144,0.11354501804372785,0.0,0.0,0.013888888888888888,0.0,0.0,1.0
3.0,4.1117612854819934e-07,1.4889175115642084e-05,0.002443229958514271,0.0,0.0,0.013888888888888888,0.0,0.0,1.0
4.0,2.5779914537626334e-09,0.0,0.0,0.0,0.0,0.013888888888888888,0.0,0.0,0.0
1.0,100.0,0.04772927555293142,5.689736322775825,0.0,0.0,0.013888888888888888,0.0,0.0,1.0
2.0,4.114856507819076e-07,0.0008435712770024756,0.1135173411584067,0.0,0.0,0.013888888888888888,0.0,0.0,1.0
3.0,4.104861025421864e-07,1.4881443258377826e-05,0.0024420331825077005,0.0,0.0,0.013888888888888888,0.0,0.0,1.0
4.0,2.5928586611529284e-09,0.0,0.0,0.0,0.0,0.013888888888888888,0.0,0.0,0.0
1.0,100.0,0.04772909342598623,5.689710189879538,0.0,0.0,0.013888888888888888,0.0,0.0,1.0
2.0,4.107764118565266e-07,0.0008433526868437095,0.11348966502440232,0.0,0.0,0.013888888888888888,0.0,0.0,1.0
3.0,4.0979212346695814e-07,1.4873699531606045e-05,0.0024408366725956693,0.0,0.0,0.013888888888888888,0.0,0.0,1.0
4.0,2.5977570661641765e-09,0.0,0.0,0.0,0.0,0.013888888888888888,0.0,0.0,0.0
1.0,100.0,0.047728906116619896,5.689684093807141,0.0,0.0,0.013888888888888888,0.0,0.0,1.0
2.0,4.1007619189433897e-07,0.0008431339761093895,0.11346198637748035,0.0,0.0,0.013888888888888888,0.0,0.0,1.0
3.0,4.0909838070206747e-07,1.4865955168595603e-05,0.002439640334658128,0.0,0.0,0.013888888888888888,0.0,0.0,1.0
4.0,2.6120310523728896e-09,0.0,0.0,0.0,0.0,0.013888888888888888,0.0,0.0,0.0
1.0,100.0,0.047728718028340195,5.689658006367368,0.0,0.0,0.013888888888888888,0.0,0.0,1.0
2.0,4.093877163565926e-07,0.0008429152321294643,0.11343430471181364,0.0,0.0,0.013888888888888888,0.0,0.0,1.0
3.0,4.0840502563492403e-07,1.4858211904153498e-05,0.002438444158814655,0.0,0.0,0.013888888888888888,0.0,0.0,1.0
4.0,2.5919447228991324e-09,0.0,0.0,0.0,0.0,0.013888888888888888,0.0,0.0,0.0
1.0,100.0,0.04772852984155005,5.689631922986948,0.0,0.0,0.013888888888888888,0.0,0.0,1.0
2.0,4.0869243592335933e-07,0.0008426964684338503,0.11340661994876801,0.0,0.0,0.013888888888888888,0.0,0.0,1.0
3.0,4.077102033143156e-07,1.4850470004225628e-05,0.0024372481461553013,0.0,0.0,0.013888888888888888,0.0,0.0,1.0
4.0,2.568173981324422e-09,0.0,0.0,0.0,0.0,0.013888888888888888,0.0,0.0,0.0
1.0,100.0,0.047728341660889816,5.689605842947577,0.0,0.0,0.013888888888888888,0.0,0.0,1.0
2.0,4.0799853999767897e-07,0.0008424776871632989,0.11337893208839521,0.0,0.0,0.013888888888888888,0.0,0.0,1.0
3.0,4.0702067719913334e-07,1.484272951849839e-05,0.002436052295938774,0.0,0.0,0.013888888888888888,0.0,0.0,1.0
4.0,2.594523813219646e-09,0.0,0.0,0.0,0.0,0.013888888888888888,0.0,0.0,0.0
1.0,100.0,0.0477281535024223,5.68957976613105,0.0,0.0,0.013888888888888888,0.0,0.0,1.0
2.0,4.0733404131450305e-07,0.0008422588887434957,0.11335124114214112,0.0,0.0,0.013888888888888888,0.0,0.0,1.0
3.0,4.063516523324181e-07,1.483499045053921e-05,0.00243485660206201,0.0,0.0,0.013888888888888888,0.0,0.0,1.0
4.0,2.581428435281596e-09,0.0,0.0,0.0,0.0,0.013888888888888888,0.0,0.0,0.0
1.0,100.0,0.04772796536862964,5.689553692539766,0.0,0.0,0.013888888888888888,0.0,0.0,1.0
2.0,4.0664007502922407e-07,0.0008420400733112409,0.1133235471249362,0.0,0.0,0.013888888888888888,0.0,0.0,1.0
3.0,4.056628381426662e-07,1.4827252810731748e-05,0.0024336610687980278,0.0,0.0,0.013888888888888888,0.0,0.0,1.0
4.0,2.578667587777359e-09,0.0,0.0,0.0,0.0,0.013888888888888888,0.0,0.0,0.0
1.0,100.0,0.04772777725991873,5.689527622173325,0.0,0.0,0.013888888888888888,0.0,0.0,1.0
2.0,4.059416003979472e-07,0.0008418212409702029,0.11329585003716604,0.0,0.0,0.013888888888888888,0.0,0.0,1.0
3.0,4.049653767647366e-07,1.4819516600593617e-05,0.002432465699567438,0.0,0.0,0.013888888888888888,0.0,0.0,1.0
4.0,2.5649541239522194e-09,0.0,0.0,0.0,0.0,0.013888888888888888,0.0,0.0,0.0
1.0,100.0,0.04772758917638212,5.68950155505789,0.0,0.0,0.013888888888888888,0.0,0.0,1.0
2.0,4.052582009250984e-07,0.0008416023918272465,0.11326814989408174,0.0,0.0,0.013888888888888888,0.0,0.0,1.0
3.0,4.042853501367336e-07,1.481178182545225e-05,0.0024312704907457233,0.0,0.0,0.013888888888888888,0.0,0.0,1.0
4.0,2.572603441855449e-09,0.0,0.0,0.0,0.0,0.013888888888888888,0.0,0.0,0.0
1.0,100.0,0.04772740111806324,5.689475491204755,0.0,0.0,0.013888888888888888,0.0,0.0,1.0
2.0,4.0457955473768503e-07,0.0008413835259822296,0.11324044671840065,0.0,0.0,0.013888888888888888,0.0,0.0,1.0
3.0,4.0362682107765866e-07,1.4804048487580381e-05,0.002430075449789218,0.0,0.0,0.013888888888888888,0.0,0.0,1.0
4.0,2.574587162595607e-09,0.0,0.0,0.0,0.0,0.013888888888888888,0.0,0.0,0.0
1.0,100.0,0.04772721308499317,5.6894494306221715,0.0,0.0,0.013888888888888888,0.0,0.0,1.0
2.0,4.03896034120175e-07,0.0008411646435279809,0.1132127405085083,0.0,0.0,0.013888888888888888,0.0,0.0,1.0
3.0,4.0292821285252346e-07,1.4796316592897631e-05,0.002428880570649012,0.0,0.0,0.013888888888888888,0.0,0.0,1.0
4.0,2.560053763386745e-09,0.0,0.0,0.0,0.0,0.013888888888888888,0.0,0.0,0.0
1.0,100.0,0.04772702507720947,5.689423373326868,0.0,0.0,0.013888888888888888,0.0,0.0,1.0
2.0,4.0321849064511677e-07,0.0008409457445647129,0.11318503128141821,0.0,0.0,0.013888888888888888,0.0,0.0,1.0
3.0,4.0226756870457326e-07,1.4788586144230007e-05,0.0024276858532609577,0.0,0.0,0.013888888888888888,0.0,0.0,1.0
4.0,2.566643160419125e-09,0.0,0.0,0.0,0.0,0.013888888888888888,0.0,0.0,0.0
1.0,100.0,0.04772683709474587,5.689397319329249,0.0,0.0,0.013888888888888888,0.0,0.0,1.0
2.0,4.0253036935960964e-07,0.0008407268291985106,0.11315731904820384,0.0,0.0,0.013888888888888888,0.0,0.0,1.0
3.0,4.015644860842254e-07,1.4780857147397382e-05,0.002426491300650743,0.0,0.0,0.013888888888888888,0.0,0.0,1.0
4.0,2.5476557840761224e-09,0.0,0.0,0.0,0.0,0.013888888888888888,0.0,0.0,0.0
1.0,100.0,0.04772664913763387,5.68937126864825,0.0,0.0,0.013888888888888888,0.0,0.0,1.0
2.0,4.0185872330581865e-07,0.0008405078975158714,0.11312960382156803,0.0,0.0,0.013888888888888888,0.0,0.0,1.0
3.0,4.008925535138545e-07,1.4773129601164521e-05,0.00242529691854182,0.0,0.0,0.013888888888888888,0.0,0.0,1.0
4.0,2.5578665829450393e-09,0.0,0.0,0.0,0.0,0.013888888888888888,0.0,0.0,0.0
1.0,100.0,0.0477264612059138,5.689345221304323,0.0,0.0,0.013888888888888888,0.0,0.0,1.0
2.0,4.011867704145713e-07,0.0008402889496325752,0.113101885610147,0.0,0.0,0.013888888888888888,0.0,0.0,1.0
3.0,4.0022205537457963e-07,1.47654035136189e-05,0.002424102697386597,0.0,0.0,0.013888888888888888,0.0,0.0,1.0
4.0,2.553440524020282e-09,0.0,0.0,0.0,0.0,0.013888888888888888,0.0,0.0,0.0
1.0,100.0,0.04772627329961,5.689319177290083,0.0,0.0,0.013888888888888888,0.0,0.0,1.0
2.0,4.005091354413008e-07,0.0008400699856303561,0.11307416443284074,0.0,0.0,0.013888888888888888,0.0,0.0,1.0
3.0,3.995525878483255e-07,1.4757678889861167e-05,0.0024229086447915414,0.0,0.0,0.013888888888888888,0.0,0.0,1.0
4.0,2.5436266842605554e-09,0.0,0.0,0.0,0.0,0.013888888888888888,0.0,0.0,0.0
1.0,100.0,0.04772608541876648,5.689293136638568,0.0,0.0,0.013888888888888888,0.0,0.0,1.0
2.0,3.9982999492540825e-07,0.0008398510056198072,0.11304644029259368,0.0,0.0,0.013888888888888888,0.0,0.0,1.0
3.0,3.9887515437678115e-07,1.4749955730201332e-05,0.002421714759344628,0.0,0.0,0.013888888888888888,0.0,0.0,1.0
4.0,2.5569666707017816e-09,0.0,0.0,0.0,0.0,0.013888888888888888,0.0,0.0,0.0
1.0,100.0,0.047725897563412674,5.689267099360787,0.0,0.0,0.013888888888888888,0.0,0.0,1.0
2.0,3.9915206167918255e-07,0.0008396320096965969,0.11301871320359248,0.0,0.0,0.013888888888888888,0.0,0.0,1.0
3.0,3.9819246784611974e-07,1.4742234042714176e-05,0.0024205210434281943,0.0,0.0,0.013888888888888888,0.0,0.0,1.0
4.0,2.531872794174678e-09,0.0,0.0,0.0,0.0,0.013888888888888888,0.0,0.0,0.0
1.0,100.0,0.04772570973358136,5.689241065463168,0.0,0.0,0.013888888888888888,0.0,0.0,1.0
2.0,3.984799916059024e-07,0.0008394129979604738,0.11299098317917557,0.0,0.0,0.013888888888888888,0.0,0.0,1.0
3.0,3.9752472928958736e-07,1.4734513828579643e-05,0.0024193274930688863,0.0,0.0,0.013888888888888888,0.0,0.0,1.0
4.0,2.5365696150291404e-09,0.0,0.0,0.0,0.0,0.013888888888888888,0.0,0.0,0.0
1.0,100.0,0.04772552192931029,5.689215034957716,0.0,0.0,0.013888888888888888,0.0,0.0,1.0
2.0,3.978156394108274e-07,0.0008391939705124194,0.11296325023481885,0.0,0.0,0.013888888888888888,0.0,0.0,1.0
3.0,3.9686197053107957e-07,1.4726795091250747e-05,0.0024181341124967794,0.0,0.0,0.013888888888888888,0.0,0.0,1.0
4.0,2.5328504207206768e-09,0.0,0.0,0.0,0.0,0.013888888888888888,0.0,0.0,0.0
1.0,100.0,0.04772533415063165,5.689189007871687,0.0,0.0,0.013888888888888888,0.0,0.0,1.0
2.0,3.971397252160678e-07,0.0008389749274468995,0.11293551437203274,0.0,0.0,0.013888888888888888,0.0,0.0,1.0
3.0,3.9619494275166576e-07,1.4719077834987788e-05,0.002416940904750087,0.0,0.0,0.013888888888888888,0.0,0.0,1.0
4.0,2.5200339537203855e-09,0.0,0.0,0.0,0.0,0.013888888888888888,0.0,0.0,0.0
1.0,100.0,0.0477251463975797,5.689162984203342,0.0,0.0,0.013888888888888888,0.0,0.0,1.0
2.0,3.964588985978097e-07,0.0008387558688690371,0.11290777561072324,0.0,0.0,0.013888888888888888,0.0,0.0,1.0
3.0,3.9551523003356404e-07,1.4711362066917186e-05,0.002415747863331629,0.0,0.0,0.013888888888888888,0.0,0.0,1.0
4.0,2.5316200385125086e-09,0.0,0.0,0.0,0.0,0.013888888888888888,0.0,0.0,0.0
1.0,100.0,0.04772495867018998,5.6891369639748195,0.0,0.0,0.013888888888888888,0.0,0.0,1.0
2.0,3.958050946023077e-07,0.0008385367948723218,0.11288003395943526,0.0,0.0,0.013888888888888888,0.0,0.0,1.0
3.0,3.9484887511510734e-07,1.4703647788534366e-05,0.0024145550002891277,0.0,0.0,0.013888888888888888,0.0,0.0,1.0
4.0,2.523358650775874e-09,0.0,0.0,0.0,0.0,0.013888888888888888,0.0,0.0,0.0
1.0,100.0,0.04772477096849766,5.689110947198631,0.0,0.0,0.013888888888888888,0.0,0.0,1.0
2.0,3.9514936834540783e-07,0.0008383177055606534,0.11285228943278419,0.0,0.0,0.013888888888888888,0.0,0.0,1.0
3.0,3.942101734486234e-07,1.4695935000121814e-05,0.0024133623006213465,0.0,0.0,0.013888888888888888,0.0,0.0,1.0
4.0,2.5260998087694704e-09,0.0,0.0,0.0,0.0,0.013888888888888888,0.0,0.0,0.0
1.0,100.0,0.047724583292537946,5.689084933886678,0.0,0.0,0.013888888888888888,0.0,0.0,1.0
2.0,3.944676204805285e-07,0.0008380986010375293,0.11282454203587497,0.0,0.0,0.013888888888888888,0.0,0.0,1.0
3.0,3.9353347607303003e-07,1.4688223713025824e-05,0.0024121697744787464,0.0,0.0,0.013888888888888888,0.0,0.0,1.0
4.0,2.521018144676577e-09,0.0,0.0,0.0,0.0,0.013888888888888888,0.0,0.0,0.0
1.0,100.0,0.04772439564234137,5.689058924051739,0.0,0.0,0.013888888888888888,0.0,0.0,1.0
2.0,3.9380037838784054e-07,0.0008378794813962505,0.11279679179304111,0.0,0.0,0.013888888888888888,0.0,0.0,1.0
3.0,3.9285990352152306e-07,1.468051392654653e-05,0.0024109774236301847,0.0,0.0,0.013888888888888888,0.0,0.0,1.0
4.0,2.5106119929951327e-09,0.0,0.0,0.0,0.0,0.013888888888888888,0.0,0.0,0.0
1.0,100.0,0.04772420801794495,5.689032917716357,0.0,0.0,0.013888888888888888,0.0,0.0,1.0
2.0,3.931428977491043e-07,0.0008376603467345405,0.1127690386986802,0.0,0.0,0.013888888888888888,0.0,0.0,1.0
3.0,3.9219726587810906e-07,1.4672805646926995e-05,0.002409785247729528,0.0,0.0,0.013888888888888888,0.0,0.0,1.0
4.0,2.4998652708981682e-09,0.0,0.0,0.0,0.0,0.013888888888888888,0.0,0.0,0.0
1.0,100.0,0.04772402041938399,5.689006914884022,0.0,0.0,0.013888888888888888,0.0,0.0,1.0
2.0,3.924817409874964e-07,0.0008374411971580725,0.11274128277870292,0.0,0.0,0.013888888888888888,0.0,0.0,1.0
3.0,3.915478971963413e-07,1.4665098872357204e-05,0.0024085932413265214,0.0,0.0,0.013888888888888888,0.0,0.0,1.0
4.0,2.507502077167071e-09,0.0,0.0,0.0,0.0,0.013888888888888888,0.0,0.0,0.0
1.0,100.0,0.04772383284669445,5.688980915567529,0.0,0.0,0.013888888888888888,0.0,0.0,1.0
2.0,3.918074704001567e-07,0.000837222032767398,0.11271352404136614,0.0,0.0,0.013888888888888888,0.0,0.0,1.0
3.0,3.9087675914761223e-07,1.4657393613551438e-05,0.00240740141078438,0.0,0.0,0.013888888888888888,0.0,0.0,1.0
4.0,2.507505400150706e-09,0.0,0.0,0.0,0.0,0.013888888888888888,0.0,0.0,0.0
1.0,100.0,0.0501638617104341,91.55128796527794,0.0,0.0,0.013888888888888888,0.0,0.0,1.0
2.0,5.007941630153235e-05,0.0009572447328011763,8.401182348865117,0.0,0.0,0.013888888888888888,0.0,0.0,1.0
3.0,4.975990508186088e-05,1.906111620047046e-05,0.002686748358159859,0.0,0.0,0.013888888888888888,0.0,0.0,1.0
4.0,1.568945775473249e-07,0.0,0.0,0.0,0.0,0.013888888888888888,0.0,0.0,0.0
1.0,100.0,0.04521991557214061,7.638818571445248,0.0,0.0,0.013888888888888888,0.0,0.0,1.0
2.0,2.640060340448275e-07,0.0007551420301372302,0.11841611562320316,0.0,0.0,0.013888888888888888,0.0,0.0,1.0
3.0,2.177637241514138e-07,1.2367795010638109e-05,0.0,0.0,0.0,0.013888888888888888,0.0,0.0,1.0
4.0,7.295723131951197e-10,0.0,0.0,0.0,0.0,0.013888888888888888,0.0,0.0,0.0
1.0,100.0,0.04619891239381613,5.389567956775495,0.0,0.0,0.013888888888888888,0.0,0.0,1.0
2.0,2.10284863823161e-07,0.0007875836905185357,0.10832127674301861,0.0,0.0,0.013888888888888888,0.0,0.0,1.0
3.0,2.2712584340315696e-07,1.395234926912497e-05,0.0,0.0,0.0,0.013888888888888888,0.0,0.0,1.0
4.0,1.906059312018327e-09,0.0,0.0,0.0,0.0,0.013888888888888888,0.0,0.0,0.0
1.0,100.0,0.046317900262993386,5.736256882616122,0.0,0.0,0.013888888888888888,0.0,0.0,1.0
2.0,3.0094518922173805e-07,0.0007919067718188566,0.11684275941728244,0.0,0.0,0.013888888888888888,0.0,0.0,1.0
3.0,3.0647588431972617e-07,1.4766634635548817e-05,0.002566237099523579,0.0,0.0,0.013888888888888888,0.0,0.0,1.0
4.0,2.1478988723395217e-09,0.0,0.0,0.0,0.0,0.013888888888888888,0.0,0.0,0.0
1.0,100.0,0.04634050786359264,5.78915625476099,0.0,0.0,0.013888888888888888,0.0,0.0,1.0
2.0,3.659477892826872e-07,0.0007926095922168293,0.11810701775482174,0.0,0.0,0.013888888888888888,0.0,0.0,1.0
3.0,3.675273631732568e-07,1.4809025772647283e-05,0.002598950762672567,0.0,0.0,0.013888888888888888,0.0,0.0,1.0
4.0,2.347719282665216e-09,0.0,0.0,0.0,0.0,0.013888888888888888,0.0,0.0,0.0
1.0,100.0,0.04635089387573492,5.7976054025579415,0.0,0.0,0.013888888888888888,0.0,0.0,1.0
2.0,4.226097453712098e-07,0.0007928036888461112,0.11827873974095114,0.0,0.0,0.013888888888888888,0.0,0.0,1.0
3.0,4.2260449816955116e-07,1.4729230791003967e-05,0.0026027996248050174,0.0,0.0,0.013888888888888888,0.0,0.0,1.0
4.0,2.5178611342089606e-09,0.0,0.0,0.0,0.0,0.013888888888888888,0.0,0.0,0.0
1.0,100.0,0.04635954973265891,5.799181131192396,0.0,0.0,0.013888888888888888,0.0,0.0,1.0
2.0,4.759657457954697e-07,0.0007929222147246773,0.11828234159280036,0.0,0.0,0.013888888888888888,0.0,0.0,1.0
3.0,4.7515050508927367e-07,1.4630724583211049e-05,0.002602224240081804,0.0,0.0,0.013888888888888888,0.0,0.0,1.0
4.0,2.7009725922475603e-09,0.0,0.0,0.0,0.0,0.013888888888888888,0.0,0.0,0.0
1.0,100.0,0.046367975605475696,5.799725695023442,0.0,0.0,0.013888888888888888,0.0,0.0,1.0
2.0,5.276579700065871e-07,0.0007930331222176608,0.11826281859837265,0.0,0.0,0.013888888888888888,0.0,0.0,1.0
3.0,5.26307971070786e-07,1.4529883196853082e-05,0.002601085529260511,0.0,0.0,0.013888888888888888,0.0,0.0,1.0
4.0,2.8945047146414485e-09,0.0,0.0,0.0,0.0,0.013888888888888888,0.0,0.0,0.0
1.0,100.0,0.04637621357646776,5.800033483435811,0.0,0.0,0.013888888888888888,0.0,0.0,1.0
2.0,5.781638918615632e-07,0.0007931403859735821,0.11823860243387427,0.0,0.0,0.013888888888888888,0.0,0.0,1.0
3.0,5.763473118637571e-07,1.4429043235450056e-05,0.002599847251896419,0.0,0.0,0.013888888888888888,0.0,0.0,1.0
4.0,3.0671782842180214e-09,0.0,0.0,0.0,0.0,0.013888888888888888,0.0,0.0,0.0
1.0,100.0,0.046384330354236177,5.800264436062747,0.0,0.0,0.013888888888888888,0.0,0.0,1.0
2.0,6.277170304316672e-07,0.0007932455678605637,0.11821315945398157,0.0,0.0,0.013888888888888888,0.0,0.0,1.0
3.0,6.254827661873486e-07,1.4328570823656769e-05,0.002598591107560481,0.0,0.0,0.013888888888888888,0.0,0.0,1.0
4.0,3.2646691050009964e-09,0.0,0.0,0.0,0.0,0.013888888888888888,0.0,0.0,0.0
1.0,100.0,0.04639237187055139,5.800464837643536,0.0,0.0,0.013888888888888888,0.0,0.0,1.0
2.0,6.763648437168425e-07,0.0007933497978769633,0.11818758445791008,0.0,0.0,0.013888888888888888,0.0,0.0,1.0
3.0,6.737240399247369e-07,1.422854021676998e-05,0.0025973450780955205,0.0,0.0,0.013888888888888888,0.0,0.0,1.0
4.0,3.4445315317558214e-09,0.0,0.0,0.0,0.0,0.013888888888888888,0.0,0.0,0.0
1.0,100.0,0.04640037223090168,5.800657921015135,0.0,0.0,0.013888888888888888,0.0,0.0,1.0
2.0,7.241436733993771e-07,0.0007934547431657096,0.11816295482901236,0.0,0.0,0.013888888888888888,0.0,0.0,1.0
3.0,7.211232717550108e-07,1.4129012984509323e-05,0.0025961482553674884,0.0,0.0,0.013888888888888888,0.0,0.0,1.0
4.0,3.6436718347935553e-09,0.0,0.0,0.0,0.0,0.013888888888888888,0.0,0.0,0.0
1.0,100.0,0.0464082885425996,5.8008172801703735,0.0,0.0,0.013888888888888888,0.0,0.0,1.0
2.0,7.710526774588256e-07,0.0007935589971752227,0.11813839539215801,0.0,0.0,0.013888888888888888,0.0,0.0,1.0
3.0,7.676394960103649e-07,1.4029944883930083e-05,0.0025949727055639867,0.0,0.0,0.013888888888888888,0.0,0.0,1.0
4.0,3.8282750817608714e-09,0.0,0.0,0.0,0.0,0.013888888888888888,0.0,0.0,0.0
1.0,100.0,0.0464161199593949,5.800942351617805,0.0,0.0,0.013888888888888888,0.0,0.0,1.0
2.0,8.171603845380337e-07,0.000793662074060645,0.11811362022979265,0.0,0.0,0.013888888888888888,0.0,0.0,1.0
3.0,8.133574927155028e-07,1.3931310873664734e-05,0.0025938051089719016,0.0,0.0,0.013888888888888888,0.0,0.0,1.0
4.0,4.0049276865452855e-09,0.0,0.0,0.0,0.0,0.013888888888888888,0.0,0.0,0.0
1.0,100.0,0.0464238866084411,5.801045406462898,0.0,0.0,0.013888888888888888,0.0,0.0,1.0
2.0,8.624241892528667e-07,0.0007937643921257054,0.11808890133841862,0.0,0.0,0.013888888888888888,0.0,0.0,1.0
3.0,8.582632220948253e-07,1.3833115951226108e-05,0.002592652009331256,0.0,0.0,0.013888888888888888,0.0,0.0,1.0
4.0,4.212743385353203e-09,0.0,0.0,0.0,0.0,0.013888888888888888,0.0,0.0,0.0
1.0,100.0,0.04643159338747519,5.80112922719733,0.0,0.0,0.013888888888888888,0.0,0.0,1.0
2.0,9.068977821991081e-07,0.0007938660108898927,0.11806427916195694,0.0,0.0,0.013888888888888888,0.0,0.0,1.0
3.0,9.023730651694092e-07,1.3735356924126566e-05,0.002591513865285888,0.0,0.0,0.013888888888888888,0.0,0.0,1.0
4.0,4.399120413800522e-09,0.0,0.0,0.0,0.0,0.013888888888888888,0.0,0.0,0.0
1.0,100.0,0.04643924266851838,5.801195043629867,0.0,0.0,0.013888888888888888,0.0,0.0,1.0
2.0,9.505618755140836e-07,0.0007939669330941985,0.11803975777285183,0.0,0.0,0.013888888888888888,0.0,0.0,1.0
3.0,9.456988229883237e-07,1.363802944781485e-05,0.0025903901983922303,0.0,0.0,0.013888888888888888,0.0,0.0,1.0
4.0,4.596270738599656e-09,0.0,0.0,0.0,0.0,0.013888888888888888,0.0,0.0,0.0
1.0,100.0,0.04644683639323876,5.801243828416082,0.0,0.0,0.013888888888888888,0.0,0.0,1.0
2.0,9.934498081364796e-07,0.0007940671541656905,0.1180153366685315,0.0,0.0,0.013888888888888888,0.0,0.0,1.0
3.0,9.882292578217726e-07,1.3541129146945769e-05,0.0025892804716670633,0.0,0.0,0.013888888888888888,0.0,0.0,1.0
4.0,4.794832270747384e-09,0.0,0.0,0.0,0.0,0.013888888888888888,0.0,0.0,0.0
1.0,100.0,0.04645437611697035,5.801276322881488,0.0,0.0,0.013888888888888888,0.0,0.0,1.0
2.0,1.035589897159629e-06,0.0007941666629836778,0.11799101096790952,0.0,0.0,0.013888888888888888,0.0,0.0,1.0
3.0,1.0300245199885607e-06,1.3492109847782746e-05,0.0025881840401107328,0.0,0.0,0.013888888888888888,0.0,0.0,1.0
4.0,4.971627362901646e-09,0.0,0.0,0.0,0.0,0.013888888888888888,0.0,0.0,0.0
1.0,100.0,0.046461863515810456,5.801293350638987,0.0,0.0,0.013888888888888888,0.0,0.0,1.0
2.0,1.076958666557263e-06,0.0007942654538073603,0.11796677931540586,0.0,0.0,0.013888888888888888,0.0,0.0,1.0
3.0,1.0710547617363832e-06,1.3494227728066324e-05,0.0025871004015576553,0.0,0.0,0.013888888888888888,0.0,0.0,1.0
4.0,5.162173241826124e-09,0.0,0.0,0.0,0.0,0.013888888888888888,0.0,0.0,0.0
1.0,100.0,0.04646930012288574,5.801295652178844,0.0,0.0,0.013888888888888888,0.0,0.0,1.0
2.0,1.117583260365563e-06,0.0007943635198130163,0.11794263962260519,0.0,0.0,0.013888888888888888,0.0,0.0,1.0
3.0,1.1113452723653744e-06,1.3496340055644697e-05,0.002586029050994838,0.0,0.0,0.013888888888888888,0.0,0.0,1.0
4.0,5.346194210090904e-09,0.0,0.0,0.0,0.0,0.013888888888888888,0.0,0.0,0.0
1.0,100.0,0.04647668737225421,5.801283912161877,0.0,0.0,0.013888888888888888,0.0,0.0,1.0
2.0,1.1574891191579945e-06,0.000794460853968266,0.11791858962008536,0.0,0.0,0.013888888888888888,0.0,0.0,1.0
3.0,1.1509499940688432e-06,1.3498445831789892e-05,0.002584969516154291,0.0,0.0,0.013888888888888888,0.0,0.0,1.0
4.0,5.5640392622056285e-09,0.0,0.0,0.0,0.0,0.013888888888888888,0.0,0.0,0.0
1.0,100.0,0.04648402661775751,5.801258770898091,0.0,0.0,0.013888888888888888,0.0,0.0,1.0
2.0,1.1966557957926172e-06,0.0007945574493067689,0.11789462707977238,0.0,0.0,0.013888888888888888,0.0,0.0,1.0
3.0,1.1898058847463751e-06,1.350054409613067e-05,0.002583921344682078,0.0,0.0,0.013888888888888888,0.0,0.0,1.0
4.0,5.765189971455446e-09,0.0,0.0,0.0,0.0,0.013888888888888888,0.0,0.0,0.0
1.0,100.0,0.04649131914118636,5.8012208291532605,0.0,0.0,0.013888888888888888,0.0,0.0,1.0
2.0,1.235120553080575e-06,0.000794653299017215,0.11787074981715301,0.0,0.0,0.013888888888888888,0.0,0.0,1.0
3.0,1.2279582695209988e-06,1.350263393691813e-05,0.002582884100718704,0.0,0.0,0.013888888888888888,0.0,0.0,1.0
4.0,5.955942329644254e-09,0.0,0.0,0.0,0.0,0.013888888888888888,0.0,0.0,0.0
1.0,100.0,0.04649856849739796,5.801172084593071,0.0,0.0,0.013888888888888888,0.0,0.0,1.0
2.0,1.2728967572999385e-06,0.0007947484453021729,0.11784699052836493,0.0,0.0,0.013888888888888888,0.0,0.0,1.0
3.0,1.2654216754709814e-06,1.3504715554502959e-05,0.002581858349418178,0.0,0.0,0.013888888888888888,0.0,0.0,1.0
4.0,6.135362817623005e-09,0.0,0.0,0.0,0.0,0.013888888888888888,0.0,0.0,0.0
1.0,100.0,0.046505770817116356,5.801109907117236,0.0,0.0,0.013888888888888888,0.0,0.0,1.0
2.0,1.3099876435444996e-06,0.0007948427639714291,0.11782326833800923,0.0,0.0,0.013888888888888888,0.0,0.0,1.0
3.0,1.3022390550846003e-06,1.3506785338490456e-05,0.002580841562925982,0.0,0.0,0.013888888888888888,0.0,0.0,1.0
4.0,6.334185838089187e-09,0.0,0.0,0.0,0.0,0.013888888888888888,0.0,0.0,0.0
1.0,100.0,0.0465129280807941,5.801035371986864,0.0,0.0,0.013888888888888888,0.0,0.0,1.0
2.0,1.3463807267845548e-06,0.000794936271145452,0.11779959521721933,0.0,0.0,0.013888888888888888,0.0,0.0,1.0
3.0,1.3383389400456216e-06,1.350884303256243e-05,0.0025798337324541227,0.0,0.0,0.013888888888888888,0.0,0.0,1.0
4.0,6.519620463937804e-09,0.0,0.0,0.0,0.0,0.013888888888888888,0.0,0.0,0.0
1.0,100.0,0.04652004262386243,5.800949770486449,0.0,0.0,0.013888888888888888,0.0,0.0,1.0
2.0,1.382120915278552e-06,0.0007950289915251191,0.11777598944330636,0.0,0.0,0.013888888888888888,0.0,0.0,1.0
3.0,1.3737901851827674e-06,1.3510888592589263e-05,0.002578835053133957,0.0,0.0,0.013888888888888888,0.0,0.0,1.0
4.0,6.709771647885556e-09,0.0,0.0,0.0,0.0,0.013888888888888888,0.0,0.0,0.0
1.0,100.0,0.04652711578240594,5.800853762467914,0.0,0.0,0.013888888888888888,0.0,0.0,1.0
2.0,1.4172157465655898e-06,0.0007951209272709319,0.11775245454947408,0.0,0.0,0.013888888888888888,0.0,0.0,1.0
3.0,1.408600163991193e-06,1.351292147736612e-05,0.0025778453251018743,0.0,0.0,0.013888888888888888,0.0,0.0,1.0
4.0,6.895353547820118e-09,0.0,0.0,0.0,0.0,0.013888888888888888,0.0,0.0,0.0
1.0,100.0,0.04653414857510771,5.800747811387434,0.0,0.0,0.013888888888888888,0.0,0.0,1.0
2.0,1.4516609240464527e-06,0.0007952120742409547,0.11772898991653678,0.0,0.0,0.013888888888888888,0.0,0.0,1.0
3.0,1.4427844507554144e-06,1.3514941024111413e-05,0.0025768642893839937,0.0,0.0,0.013888888888888888,0.0,0.0,1.0
4.0,7.085487904733461e-09,0.0,0.0,0.0,0.0,0.013888888888888888,0.0,0.0,0.0
1.0,100.0,0.046541141919554115,5.80063232107135,0.0,0.0,0.013888888888888888,0.0,0.0,1.0
2.0,1.4854415915210942e-06,0.0007953024270589327,0.11770559411056083,0.0,0.0,0.013888888888888888,0.0,0.0,1.0
3.0,1.476297518507205e-06,1.351694656119367e-05,0.002575891648657125,0.0,0.0,0.013888888888888888,0.0,0.0,1.0
4.0,7.294797029030283e-09,0.0,0.0,0.0,0.0,0.013888888888888888,0.0,0.0,0.0
1.0,100.0,0.04654809668176388,5.800507666775882,0.0,0.0,0.013888888888888888,0.0,0.0,1.0
2.0,1.5186208117538203e-06,0.0007953919802295387,0.11768226560267124,0.0,0.0,0.013888888888888888,0.0,0.0,1.0
3.0,1.509214541813546e-06,1.351893744115715e-05,0.002574927132248454,0.0,0.0,0.013888888888888888,0.0,0.0,1.0
4.0,7.482504644128755e-09,0.0,0.0,0.0,0.0,0.013888888888888888,0.0,0.0,0.0
1.0,100.0,0.046555013687733716,5.800374202190088,0.0,0.0,0.013888888888888888,0.0,0.0,1.0
2.0,1.5511868320316144e-06,0.0007954807283163999,0.11765900289017457,0.0,0.0,0.013888888888888888,0.0,0.0,1.0
3.0,1.5415200334923575e-06,1.3520913038503125e-05,0.0025739704779679153,0.0,0.0,0.013888888888888888,0.0,0.0,1.0
4.0,7.660937142086173e-09,0.0,0.0,0.0,0.0,0.013888888888888888,0.0,0.0,0.0
1.0,100.0,0.046561893727448275,5.800232261827775,0.0,0.0,0.013888888888888888,0.0,0.0,1.0
2.0,1.5831545328897712e-06,0.0007955686660014986,0.11763580451492554,0.0,0.0,0.013888888888888888,0.0,0.0,1.0
3.0,1.5732441144524771e-06,1.3522872752239682e-05,0.0025730214370649584,0.0,0.0,0.013888888888888888,0.0,0.0,1.0
4.0,7.841789863369054e-09,0.0,0.0,0.0,0.0,0.013888888888888888,0.0,0.0,0.0
1.0,100.0,0.04656873755735908,5.800082162397875,0.0,0.0,0.013888888888888888,0.0,0.0,1.0
2.0,1.6145052610770587e-06,0.0007956557880817046,0.11761266909361304,0.0,0.0,0.013888888888888888,0.0,0.0,1.0
3.0,1.6043592368326702e-06,1.352481599548802e-05,0.0025720797687747723,0.0,0.0,0.013888888888888888,0.0,0.0,1.0
4.0,8.050938454651663e-09,0.0,0.0,0.0,0.0,0.013888888888888888,0.0,0.0,0.0
1.0,100.0,0.046575545902567995,5.799924197489101,0.0,0.0,0.013888888888888888,0.0,0.0,1.0
2.0,1.6452742471758282e-06,0.0007957420893906136,0.11758959609206217,0.0,0.0,0.013888888888888888,0.0,0.0,1.0
3.0,1.63487764462818e-06,1.3526742217339342e-05,0.0025711452848272576,0.0,0.0,0.013888888888888888,0.0,0.0,1.0
4.0,8.227169273325446e-09,0.0,0.0,0.0,0.0,0.013888888888888888,0.0,0.0,0.0
1.0,100.0,0.04658231945888926,5.799758630236193,0.0,0.0,0.013888888888888888,0.0,0.0,1.0
2.0,1.6754667203770462e-06,0.0007958275647352402,0.11756658645369568,0.0,0.0,0.013888888888888888,0.0,0.0,1.0
3.0,1.6648639634565605e-06,1.3528650891973615e-05,0.002570218031239965,0.0,0.0,0.013888888888888888,0.0,0.0,1.0
4.0,8.407258474364742e-09,0.0,0.0,0.0,0.0,0.013888888888888888,0.0,0.0,0.0
1.0,100.0,0.046588902449260804,5.79948724285906,0.0,0.0,0.013888888888888888,0.0,0.0,1.0
2.0,1.0094210821550239e-05,0.0007958926429408057,0.11753202524041124,0.0,0.0,0.013888888888888888,0.0,0.0,1.0
3.0,1.007069916777274e-05,1.3529784457796793e-05,0.0025688006192611237,0.0,0.0,0.013888888888888888,0.0,0.0,1.0
4.0,6.50626155441578e-08,0.0,0.0,0.0,0.0,0.013888888888888888,0.0,0.0,0.0
1.0,100.0,0.04661455284220106,5.799266658213406,0.0,0.0,0.013888888888888888,0.0,0.0,1.0
2.0,9.652667619307378e-06,0.0007962190813250558,0.11749899776079122,0.0,0.0,0.013888888888888888,0.0,0.0,1.0
3.0,9.62815067798618e-06,1.3533666136799478e-05,0.0025674325996821435,0.0,0.0,0.013888888888888888,0.0,0.0,1.0
4.0,6.255837269405939e-08,0.0,0.0,0.0,0.0,0.013888888888888888,0.0,0.0,0.0
1.0,100.0,0.046618716323568905,5.799195567195317,0.0,0.0,0.013888888888888888,0.0,0.0,1.0
2.0,9.203374543098577e-06,0.0007961118477770458,0.11746966110208794,0.0,0.0,0.013888888888888888,0.0,0.0,1.0
3.0,9.179454767758593e-06,1.3528776526763337e-05,0.0025661632336532064,0.0,0.0,0.013888888888888888,0.0,0.0,1.0
4.0,5.991227499678673e-08,0.0,0.0,0.0,0.0,0.013888888888888888,0.0,0.0,0.0
1.0,100.0,0.046619142849741224,5.799160204103302,0.0,0.0,0.013888888888888888,0.0,0.0,1.0
2.0,8.782412061964809e-06,0.0007959295924731936,0.11744119784137978,0.0,0.0,0.013888888888888888,0.0,0.0,1.0
3.0,8.759468463882051e-06,1.3522379763411324e-05,0.0025649173379163636,0.0,0.0,0.013888888888888888,0.0,0.0,1.0
4.0,5.741859444215827e-08,0.0,0.0,0.0,0.0,0.013888888888888888,0.0,0.0,0.0
1.0,100.0,0.04661895371671134,5.799131691161447,0.0,0.0,0.013888888888888888,0.0,0.0,1.0
2.0,8.388598767777676e-06,0.0007957350204283126,0.11741289886051907,0.0,0.0,0.013888888888888888,0.0,0.0,1.0
3.0,8.366751846737243e-06,1.3515737976289809e-05,0.0025636760590039337,0.0,0.0,0.013888888888888888,0.0,0.0,1.0
4.0,5.509137576146089e-08,0.0,0.0,0.0,0.0,0.013888888888888888,0.0,0.0,0.0
1.0,100.0,0.04661866567312337,5.799104387637867,0.0,0.0,0.013888888888888888,0.0,0.0,1.0
2.0,8.019918758240149e-06,0.0007955384642118507,0.11738462627270013,0.0,0.0,0.013888888888888888,0.0,0.0,1.0
3.0,7.999095177235567e-06,1.350905811157135e-05,0.00256243572828432,0.0,0.0,0.013888888888888888,0.0,0.0,1.0
4.0,5.286390723246479e-08,0.0,0.0,0.0,0.0,0.013888888888888888,0.0,0.0,0.0
1.0,100.0,0.046618362047869115,5.799077292170356,0.0,0.0,0.013888888888888888,0.0,0.0,1.0
2.0,7.674468726265483e-06,0.0007953415826510451,0.11735635567934904,0.0,0.0,0.013888888888888888,0.0,0.0,1.0
3.0,7.654639081257386e-06,1.3502373228509813e-05,0.0025611956937587037,0.0,0.0,0.013888888888888888,0.0,0.0,1.0
4.0,5.077978501859483e-08,0.0,0.0,0.0,0.0,0.013888888888888888,0.0,0.0,0.0
1.0,100.0,0.046618056067581175,5.799050235359672,0.0,0.0,0.013888888888888888,0.0,0.0,1.0
2.0,7.350356078141297e-06,0.0007951446379656702,0.11732808298870205,0.0,0.0,0.013888888888888888,0.0,0.0,1.0
3.0,7.331458965866282e-06,1.3495688536283343e-05,0.002559955861415466,0.0,0.0,0.013888888888888888,0.0,0.0,1.0
4.0,4.88229450268194e-08,0.0,0.0,0.0,0.0,0.013888888888888888,0.0,0.0,0.0
1.0,100.0,0.04661774980952476,5.799023189304211,0.0,0.0,0.013888888888888888,0.0,0.0,1.0
2.0,7.045949691337081e-06,0.0007949476712613045,0.11729980753367017,0.0,0.0,0.013888888888888888,0.0,0.0,1.0
3.0,7.027927636787978e-06,1.3489004845952948e-05,0.002558716197697545,0.0,0.0,0.013888888888888888,0.0,0.0,1.0
4.0,4.697265305849953e-08,0.0,0.0,0.0,0.0,0.013888888888888888,0.0,0.0,0.0
1.0,100.0,0.04661744359762406,5.7989961493997475,0.0,0.0,0.013888888888888888,0.0,0.0,1.0
2.0,6.759709758327999e-06,0.0007947506890128028,0.11727152921431994,0.0,0.0,0.013888888888888888,0.0,0.0,1.0
3.0,6.742483555426113e-06,1.3482322287528824e-05,0.002557476723281718,0.0,0.0,0.013888888888888888,0.0,0.0,1.0
4.0,4.520960747525557e-08,0.0,0.0,0.0,0.0,0.013888888888888888,0.0,0.0,0.0
1.0,100.0,0.046617137482281586,5.798969114844354,0.0,0.0,0.013888888888888888,0.0,0.0,1.0
2.0,6.490267527454684e-06,0.0007945536923288268,0.11724324802789257,0.0,0.0,0.013888888888888888,0.0,0.0,1.0
3.0,6.4738099438272775e-06,1.347564087804796e-05,0.0025562374084894973,0.0,0.0,0.013888888888888888,0.0,0.0,1.0
4.0,4.355489430656285e-08,0.0,0.0,0.0,0.0,0.013888888888888888,0.0,0.0,0.0
1.0,100.0,0.04661683147145754,5.798942085434255,0.0,0.0,0.013888888888888888,0.0,0.0,1.0
2.0,6.236325175416188e-06,0.0007943566814797712,0.11721496397317935,0.0,0.0,0.013888888888888888,0.0,0.0,1.0
3.0,6.220582742124237e-06,1.3468960630663961e-05,0.0025549982754056975,0.0,0.0,0.013888888888888888,0.0,0.0,1.0
4.0,4.199035354743668e-08,0.0,0.0,0.0,0.0,0.013888888888888888,0.0,0.0,0.0
1.0,100.0,0.04661652556655297,5.798915061062999,0.0,0.0,0.013888888888888888,0.0,0.0,1.0
2.0,5.996747584694019e-06,0.0007941596566017003,0.11718667706663065,0.0,0.0,0.013888888888888888,0.0,0.0,1.0
3.0,5.981676212342732e-06,1.3462281545991854e-05,0.002553759321044237,0.0,0.0,0.013888888888888888,0.0,0.0,1.0
4.0,4.0499671475130773e-08,0.0,0.0,0.0,0.0,0.013888888888888888,0.0,0.0,0.0
1.0,100.0,0.04661621976794858,5.798888041661039,0.0,0.0,0.013888888888888888,0.0,0.0,1.0
2.0,5.7705030419009555e-06,0.0007939626178170303,0.11715838731107557,0.0,0.0,0.013888888888888888,0.0,0.0,1.0
3.0,5.756045126540963e-06,1.3455603631093206e-05,0.002552520536768511,0.0,0.0,0.013888888888888888,0.0,0.0,1.0
4.0,3.908756513685851e-08,0.0,0.0,0.0,0.0,0.013888888888888888,0.0,0.0,0.0
1.0,100.0,0.04661591407585967,5.7988610271533965,0.0,0.0,0.013888888888888888,0.0,0.0,1.0
2.0,5.556653473830739e-06,0.0007937655652360334,0.11713009472545932,0.0,0.0,0.013888888888888888,0.0,0.0,1.0
3.0,5.54277539801168e-06,1.3448926884085979e-05,0.0025512819312871653,0.0,0.0,0.013888888888888888,0.0,0.0,1.0
4.0,3.773776529210589e-08,0.0,0.0,0.0,0.0,0.013888888888888888,0.0,0.0,0.0
1.0,100.0,0.04661560849046713,5.798834017470746,0.0,0.0,0.013888888888888888,0.0,0.0,1.0
2.0,5.354273995880132e-06,0.0007935684989710257,0.11710179931045056,0.0,0.0,0.013888888888888888,0.0,0.0,1.0
3.0,5.3409601871134066e-06,1.344225131119696e-05,0.0025500435052435368,0.0,0.0,0.013888888888888888,0.0,0.0,1.0
4.0,3.646183734478826e-08,0.0,0.0,0.0,0.0,0.013888888888888888,0.0,0.0,0.0
1.0,100.0,0.046615303011937725,5.798807012566052,0.0,0.0,0.013888888888888888,0.0,0.0,1.0
2.0,5.162601737390767e-06,0.0007933714191267601,0.11707350108059679,0.0,0.0,0.013888888888888888,0.0,0.0,1.0
3.0,5.149816727165556e-06,1.3435576916589963e-05,0.0025488052563127795,0.0,0.0,0.013888888888888888,0.0,0.0,1.0
4.0,3.5260544597679855e-08,0.0,0.0,0.0,0.0,0.013888888888888888,0.0,0.0,0.0
1.0,100.0,0.046614997640434606,5.798780012369683,0.0,0.0,0.013888888888888888,0.0,0.0,1.0
2.0,4.980916033852362e-06,0.0007931743258112773,0.11704520004594482,0.0,0.0,0.013888888888888888,0.0,0.0,1.0
3.0,4.9686269573355695e-06,1.3428903703457167e-05,0.002547567182751083,0.0,0.0,0.013888888888888888,0.0,0.0,1.0
4.0,3.4112721694742395e-08,0.0,0.0,0.0,0.0,0.013888888888888888,0.0,0.0,0.0
1.0,100.0,0.046614692376106076,5.798753016854328,0.0,0.0,0.013888888888888888,0.0,0.0,1.0
2.0,4.808533149699879e-06,0.0007929772191292701,0.11701689620998497,0.0,0.0,0.013888888888888888,0.0,0.0,1.0
3.0,4.796703632469707e-06,1.3422231676621475e-05,0.0025463292899535043,0.0,0.0,0.013888888888888888,0.0,0.0,1.0
4.0,3.301235626070699e-08,0.0,0.0,0.0,0.0,0.013888888888888888,0.0,0.0,0.0
1.0,100.0,0.04661438721909959,5.798726025935006,0.0,0.0,0.013888888888888888,0.0,0.0,1.0
2.0,4.644836380594417e-06,0.0007927800991797426,0.1169885895924937,0.0,0.0,0.013888888888888888,0.0,0.0,1.0
3.0,4.633450029567632e-06,1.341556083719537e-05,0.0025450915752351345,0.0,0.0,0.013888888888888888,0.0,0.0,1.0
4.0,3.1967753998580604e-08,0.0,0.0,0.0,0.0,0.013888888888888888,0.0,0.0,0.0
1.0,100.0,0.04661408216955521,5.798699039587167,0.0,0.0,0.013888888888888888,0.0,0.0,1.0
2.0,4.489258882380633e-06,0.0007925829660666985,0.11696028020771383,0.0,0.0,0.013888888888888888,0.0,0.0,1.0
3.0,4.478298539767949e-06,1.3408891189361629e-05,0.0025438540489288344,0.0,0.0,0.013888888888888888,0.0,0.0,1.0
4.0,3.0964183870461105e-08,0.0,0.0,0.0,0.0,0.013888888888888888,0.0,0.0,0.0
1.0,100.0,0.0466137772276019,5.798672057787165,0.0,0.0,0.013888888888888888,0.0,0.0,1.0
2.0,4.341273223316948e-06,0.0007923858198908932,0.1169319680550553,0.0,0.0,0.013888888888888888,0.0,0.0,1.0
3.0,4.330701900408134e-06,1.3402222736348757e-05,0.0025426166868748883,0.0,0.0,0.013888888888888888,0.0,0.0,1.0
4.0,3.000638695061748e-08,0.0,0.0,0.0,0.0,0.013888888888888888,0.0,0.0,0.0
1.0,100.0,0.0466134723933686,5.798645080467715,0.0,0.0,0.013888888888888888,0.0,0.0,1.0
2.0,4.200425271486324e-06,0.0007921886607519097,0.1169036531356937,0.0,0.0,0.013888888888888888,0.0,0.0,1.0
3.0,4.190243359961559e-06,1.3395555481420869e-05,0.0025413795211247613,0.0,0.0,0.013888888888888888,0.0,0.0,1.0
4.0,2.910009977765965e-08,0.0,0.0,0.0,0.0,0.013888888888888888,0.0,0.0,0.0
1.0,100.0,0.046613167666977866,5.7986181076126915,0.0,0.0,0.013888888888888888,0.0,0.0,1.0
2.0,4.066243557874634e-06,0.0007919914887449867,0.11687533547750206,0.0,0.0,0.013888888888888888,0.0,0.0,1.0
3.0,4.056411343093776e-06,1.3388889427262422e-05,0.002540142524372907,0.0,0.0,0.013888888888888888,0.0,0.0,1.0
4.0,2.823849587210883e-08,0.0,0.0,0.0,0.0,0.013888888888888888,0.0,0.0,0.0
1.0,100.0,0.04661286304854414,5.798591139182598,0.0,0.0,0.013888888888888888,0.0,0.0,1.0
2.0,3.938330064996347e-06,0.0007917943039699607,0.11684701508665805,0.0,0.0,0.013888888888888888,0.0,0.0,1.0
3.0,3.928835369222253e-06,1.338222458072299e-05,0.0025389057188034535,0.0,0.0,0.013888888888888888,0.0,0.0,1.0
4.0,2.7406156802283122e-08,0.0,0.0,0.0,0.0,0.013888888888888888,0.0,0.0,0.0
1.0,100.0,0.04661255853818181,5.798564175157686,0.0,0.0,0.013888888888888888,0.0,0.0,1.0
2.0,3.8163143287474546e-06,0.0007915971065180418,0.11681869197494425,0.0,0.0,0.013888888888888888,0.0,0.0,1.0
3.0,3.8071349975980927e-06,1.3375560939351739e-05,0.0025376690898541304,0.0,0.0,0.013888888888888888,0.0,0.0,1.0
4.0,2.6609098929239032e-08,0.0,0.0,0.0,0.0,0.013888888888888888,0.0,0.0,0.0
1.0,100.0,0.04661225413599764,5.798537215480198,0.0,0.0,0.013888888888888888,0.0,0.0,1.0
2.0,3.699812300350212e-06,0.000791399896488195,0.11679036615135693,0.0,0.0,0.013888888888888888,0.0,0.0,1.0
3.0,3.6909468332696462e-06,1.336889851345499e-05,0.002536432645202856,0.0,0.0,0.013888888888888888,0.0,0.0,1.0
4.0,2.5847189716164792e-08,0.0,0.0,0.0,0.0,0.013888888888888888,0.0,0.0,0.0
1.0,100.0,0.046611949842103234,5.7985102599101745,0.0,0.0,0.013888888888888888,0.0,0.0,1.0
2.0,3.5885390648761004e-06,0.000791202673970454,0.11676203763476568,0.0,0.0,0.013888888888888888,0.0,0.0,1.0
3.0,3.579951919627021e-06,1.336223730001147e-05,0.0025351963848136818,0.0,0.0,0.013888888888888888,0.0,0.0,1.0
4.0,2.5115572337646398e-08,0.0,0.0,0.0,0.0,0.013888888888888888,0.0,0.0,0.0
1.0,100.0,0.04661164565660153,5.798483308221339,0.0,0.0,0.013888888888888888,0.0,0.0,1.0
2.0,3.482155719198995e-06,0.0007910054390639512,0.11673370648953174,0.0,0.0,0.013888888888888888,0.0,0.0,1.0
3.0,3.473854621883919e-06,1.3355577306149606e-05,0.002533960312556938,0.0,0.0,0.013888888888888888,0.0,0.0,1.0
4.0,2.4421699900984117e-08,0.0,0.0,0.0,0.0,0.013888888888888888,0.0,0.0,0.0
1.0,100.0,0.04661134157958126,5.798456360734666,0.0,0.0,0.013888888888888888,0.0,0.0,1.0
2.0,3.380389524801902e-06,0.0007908081918531195,0.11670537268454781,0.0,0.0,0.013888888888888888,0.0,0.0,1.0
3.0,3.372353691472431e-06,1.3348918535766628e-05,0.002532724437348567,0.0,0.0,0.013888888888888888,0.0,0.0,1.0
4.0,2.3759771421950907e-08,0.0,0.0,0.0,0.0,0.013888888888888888,0.0,0.0,0.0
1.0,100.0,0.046611037611140084,5.798429417552001,0.0,0.0,0.013888888888888888,0.0,0.0,1.0
2.0,3.2830129045962565e-06,0.0007906109324403945,0.11667703620049193,0.0,0.0,0.013888888888888888,0.0,0.0,1.0
3.0,3.2752273615707893e-06,1.3342260988560287e-05,0.0025314887392531038,0.0,0.0,0.013888888888888888,0.0,0.0,1.0
4.0,2.3110998161252015e-08,0.0,0.0,0.0,0.0,0.013888888888888888,0.0,0.0,0.0
1.0,100.0,0.046610733751364514,5.79840247865599,0.0,0.0,0.013888888888888888,0.0,0.0,1.0
2.0,3.189749666587961e-06,0.0007904136609128392,0.11664869705448688,0.0,0.0,0.013888888888888888,0.0,0.0,1.0
3.0,3.1821986736551596e-06,1.3335604670636751e-05,0.0025302532248288297,0.0,0.0,0.013888888888888888,0.0,0.0,1.0
4.0,2.2486097660500667e-08,0.0,0.0,0.0,0.0,0.013888888888888888,0.0,0.0,0.0
1.0,100.0,0.04661043000034606,5.798375544031307,0.0,0.0,0.013888888888888888,0.0,0.0,1.0
2.0,3.10037264888127e-06,0.0007902163773660243,0.11662035525650499,0.0,0.0,0.013888888888888888,0.0,0.0,1.0
3.0,3.0930721504489656e-06,1.332894958313595e-05,0.0025290179044181837,0.0,0.0,0.013888888888888888,0.0,0.0,1.0
4.0,2.1898016328386078e-08,0.0,0.0,0.0,0.0,0.013888888888888888,0.0,0.0,0.0
1.0,100.0,0.04661012635817013,5.798348613660175,0.0,0.0,0.013888888888888888,0.0,0.0,1.0
2.0,3.0146694199076676e-06,0.0007900190818925117,0.11659201082588908,0.0,0.0,0.013888888888888888,0.0,0.0,1.0
3.0,3.007578470918676e-06,1.3322295730180774e-05,0.0025277827626353604,0.0,0.0,0.013888888888888888,0.0,0.0,1.0
4.0,2.133218724048909e-08,0.0,0.0,0.0,0.0,0.013888888888888888,0.0,0.0,0.0
1.0,100.0,0.04660982282491944,5.798321687524076,0.0,0.0,0.013888888888888888,0.0,0.0,1.0
2.0,2.932471926185344e-06,0.0007898217745746248,0.1165636637586076,0.0,0.0,0.013888888888888888,0.0,0.0,1.0
3.0,2.9255816442460456e-06,1.3315643117028709e-05,0.002526547813839746,0.0,0.0,0.013888888888888888,0.0,0.0,1.0
4.0,2.077869334324159e-08,0.0,0.0,0.0,0.0,0.013888888888888888,0.0,0.0,0.0
1.0,100.0,0.04877372463514846,91.39455835534721,0.0,0.0,0.013888888888888888,0.0,0.0,1.0
2.0,3.116911012884472e-05,0.0008979250920151577,8.45306503683429,0.0,0.0,0.013888888888888888,0.0,0.0,1.0
3.0,3.0929846502437693e-05,1.7341546734557718e-05,0.002819140493643665,0.0,0.0,0.013888888888888888,0.0,0.0,1.0
4.0,8.979819654382348e-08,0.0,0.0,0.0,0.0,0.013888888888888888,0.0,0.0,0.0
1.0,100.0,0.04501706638814381,5.832522063531188,0.0,0.0,0.013888888888888888,0.0,0.0,1.0
2.0,2.455265794805584e-06,0.0007413474498001394,0.09433373432284711,0.0,0.0,0.013888888888888888,0.0,0.0,1.0
3.0,2.4949703785800674e-06,1.1983873235575455e-05,0.0,0.0,0.0,0.013888888888888888,0.0,0.0,1.0
4.0,1.873409767424258e-08,0.0,0.0,0.0,0.0,0.013888888888888888,0.0,0.0,0.0
1.0,100.0,0.04632617516910061,5.490373681486812,0.0,0.0,0.013888888888888888,0.0,0.0,1.0
2.0,2.6730158819768526e-06,0.0007896208213320117,0.11193403667829559,0.0,0.0,0.013888888888888888,0.0,0.0,1.0
3.0,2.6814496423289945e-06,1.3430129637673343e-05,0.002454981164059386,0.0,0.0,0.013888888888888888,0.0,0.0,1.0
4.0,1.9078361807221846e-08,0.0,0.0,0.0,0.0,0.013888888888888888,0.0,0.0,0.0
1.0,100.0,0.046498979026793855,5.8466016031066825,0.0,0.0,0.013888888888888888,0.0,0.0,1.0
2.0,2.6776056602288e-06,0.0007966376691240303,0.12081797556670527,0.0,0.0,0.013888888888888888,0.0,0.0,1.0
3.0,2.6760390134422654e-06,1.3648251972879208e-05,0.002693001671912845,0.0,0.0,0.013888888888888888,0.0,0.0,1.0
4.0,1.8814464753788762e-08,0.0,0.0,0.0,0.0,0.013888888888888888,0.0,0.0,0.0
1.0,100.0,0.04652879882216961,5.901498508621249,0.0,0.0,0.013888888888888888,0.0,0.0,1.0
2.0,2.6625003257670363e-06,0.0007977462795419362,0.12215012812376233,0.0,0.0,0.013888888888888888,0.0,0.0,1.0
3.0,2.657554058591834e-06,1.3682375554706993e-05,0.0027280203213950536,0.0,0.0,0.013888888888888888,0.0,0.0,1.0
4.0,1.8543004497948204e-08,0.0,0.0,0.0,0.0,0.013888888888888888,0.0,0.0,0.0
1.0,100.0,0.046539291692550555,5.910344052484709,0.0,0.0,0.013888888888888888,0.0,0.0,1.0
2.0,2.6425129680021376e-06,0.0007979762304373632,0.12233399172135134,0.0,0.0,0.013888888888888888,0.0,0.0,1.0
3.0,2.6362974097151926e-06,1.368835295036811e-05,0.0027322407600406306,0.0,0.0,0.013888888888888888,0.0,0.0,1.0
4.0,1.826547970729568e-08,0.0,0.0,0.0,0.0,0.013888888888888888,0.0,0.0,0.0
1.0,100.0,0.046547029681764246,5.9119941156727505,0.0,0.0,0.013888888888888888,0.0,0.0,1.0
2.0,2.622047455164609e-06,0.0007980727266995336,0.12233928523485728,0.0,0.0,0.013888888888888888,0.0,0.0,1.0
3.0,2.615266109180542e-06,1.3689987681801052e-05,0.0027316901610964987,0.0,0.0,0.013888888888888888,0.0,0.0,1.0
4.0,1.801349257246087e-08,0.0,0.0,0.0,0.0,0.013888888888888888,0.0,0.0,0.0
1.0,100.0,0.046554381802041425,5.912546171836664,0.0,0.0,0.013888888888888888,0.0,0.0,1.0
2.0,2.602418454872284e-06,0.0007981517847379353,0.12231931839811594,0.0,0.0,0.013888888888888888,0.0,0.0,1.0
3.0,2.5952879189414796e-06,1.3691077566186628e-05,0.002730508237073613,0.0,0.0,0.013888888888888888,0.0,0.0,1.0
4.0,1.7755187147419473e-08,0.0,0.0,0.0,0.0,0.013888888888888888,0.0,0.0,0.0
1.0,100.0,0.04656156076175367,5.912861731578021,0.0,0.0,0.013888888888888888,0.0,0.0,1.0
2.0,2.583986779838279e-06,0.0007982266461905881,0.12229479280174527,0.0,0.0,0.013888888888888888,0.0,0.0,1.0
3.0,2.5766008484103846e-06,1.3692074872288403e-05,0.0027292333667881547,0.0,0.0,0.013888888888888888,0.0,0.0,1.0
4.0,1.7521610305930322e-08,0.0,0.0,0.0,0.0,0.013888888888888888,0.0,0.0,0.0
1.0,100.0,0.04656862222141733,5.913092297696472,0.0,0.0,0.013888888888888888,0.0,0.0,1.0
2.0,2.5668158419117114e-06,0.0007982991723264586,0.1222688284658487,0.0,0.0,0.013888888888888888,0.0,0.0,1.0
3.0,2.5592079111573038e-06,1.3693029400709026e-05,0.0027279350745864107,0.0,0.0,0.013888888888888888,0.0,0.0,1.0
4.0,1.7308137750156015e-08,0.0,0.0,0.0,0.0,0.013888888888888888,0.0,0.0,0.0
1.0,100.0,0.04657561695188033,5.91329095670644,0.0,0.0,0.013888888888888888,0.0,0.0,1.0
2.0,2.550854580684735e-06,0.000798370755836414,0.12224270588211052,0.0,0.0,0.013888888888888888,0.0,0.0,1.0
3.0,2.542996872276685e-06,1.3693976956210784e-05,0.002726646743415747,0.0,0.0,0.013888888888888888,0.0,0.0,1.0
4.0,1.7083658940033376e-08,0.0,0.0,0.0,0.0,0.013888888888888888,0.0,0.0,0.0
1.0,100.0,0.04658256045408358,5.913471162049026,0.0,0.0,0.013888888888888888,0.0,0.0,1.0
2.0,2.5360878643341255e-06,0.0007984419638587874,0.12221687244010392,0.0,0.0,0.013888888888888888,0.0,0.0,1.0
3.0,2.5280152714426008e-06,1.3694934919365762e-05,0.002725382715462821,0.0,0.0,0.013888888888888888,0.0,0.0,1.0
4.0,1.6916360507816577e-08,0.0,0.0,0.0,0.0,0.013888888888888888,0.0,0.0,0.0
1.0,100.0,0.046589468021207926,5.913644295575153,0.0,0.0,0.013888888888888888,0.0,0.0,1.0
2.0,2.5224157448292873e-06,0.0007985139457829871,0.12219214904238876,0.0,0.0,0.013888888888888888,0.0,0.0,1.0
3.0,2.5141272398035366e-06,1.369594687604743e-05,0.002724176448507891,0.0,0.0,0.013888888888888888,0.0,0.0,1.0
4.0,1.6736957969631787e-08,0.0,0.0,0.0,0.0,0.013888888888888888,0.0,0.0,0.0
1.0,100.0,0.04659628425736325,5.91377056966295,0.0,0.0,0.013888888888888888,0.0,0.0,1.0
2.0,2.5097589148110767e-06,0.0007985844165477521,0.12216690057612759,0.0,0.0,0.013888888888888888,0.0,0.0,1.0
3.0,2.5012480545086224e-06,1.3696938550879254e-05,0.002722970304988346,0.0,0.0,0.013888888888888888,0.0,0.0,1.0
4.0,1.6550577353918795e-08,0.0,0.0,0.0,0.0,0.013888888888888888,0.0,0.0,0.0
1.0,100.0,0.046603041885400674,5.91387278213263,0.0,0.0,0.013888888888888888,0.0,0.0,1.0
2.0,2.498037547623005e-06,0.0007986541155938961,0.12214166557367244,0.0,0.0,0.013888888888888888,0.0,0.0,1.0
3.0,2.4893121327373566e-06,1.3697926503289063e-05,0.0027217780738211183,0.0,0.0,0.013888888888888888,0.0,0.0,1.0
4.0,1.639943313459366e-08,0.0,0.0,0.0,0.0,0.013888888888888888,0.0,0.0,0.0
1.0,100.0,0.046609747695731944,5.913955415487044,0.0,0.0,0.013888888888888888,0.0,0.0,1.0
2.0,2.4872467451773587e-06,0.0007987231570275969,0.12211652719444976,0.0,0.0,0.013888888888888888,0.0,0.0,1.0
3.0,2.478306238938411e-06,1.3698912389009037e-05,0.002720601338405805,0.0,0.0,0.013888888888888888,0.0,0.0,1.0
4.0,1.6249772308462715e-08,0.0,0.0,0.0,0.0,0.013888888888888888,0.0,0.0,0.0
1.0,100.0,0.04661640424980237,5.914020004173291,0.0,0.0,0.013888888888888888,0.0,0.0,1.0
2.0,2.4772750730191346e-06,0.000798791555495494,0.12209149703490978,0.0,0.0,0.013888888888888888,0.0,0.0,1.0
3.0,2.4681336602742467e-06,1.3699895567044013e-05,0.002719439822780971,0.0,0.0,0.013888888888888888,0.0,0.0,1.0
4.0,1.6117499956847948e-08,0.0,0.0,0.0,0.0,0.013888888888888888,0.0,0.0,0.0
1.0,100.0,0.046623013161566515,5.9140674298346285,0.0,0.0,0.013888888888888888,0.0,0.0,1.0
2.0,2.4681106815899104e-06,0.0007988593052080266,0.12206657183864292,0.0,0.0,0.013888888888888888,0.0,0.0,1.0
3.0,2.458761049823872e-06,1.3700874952714153e-05,0.0027182928731201597,0.0,0.0,0.013888888888888888,0.0,0.0,1.0
4.0,1.5985979326375895e-08,0.0,0.0,0.0,0.0,0.013888888888888888,0.0,0.0,0.0
1.0,100.0,0.046629576040250975,5.914098583713842,0.0,0.0,0.013888888888888888,0.0,0.0,1.0
2.0,2.4596479701466234e-06,0.0007989264026881111,0.12204175031168404,0.0,0.0,0.013888888888888888,0.0,0.0,1.0
3.0,2.450096772752082e-06,1.3708072979323487e-05,0.0027171599248712727,0.0,0.0,0.013888888888888888,0.0,0.0,1.0
4.0,1.587273956293979e-08,0.0,0.0,0.0,0.0,0.013888888888888888,0.0,0.0,0.0
1.0,100.0,0.04663609434173798,5.914114257752963,0.0,0.0,0.013888888888888888,0.0,0.0,1.0
2.0,2.451884280819411e-06,0.0007989928429241947,0.12201703008751145,0.0,0.0,0.013888888888888888,0.0,0.0,1.0
3.0,2.442144429424377e-06,1.3750092756243987e-05,0.0027160404377497872,0.0,0.0,0.013888888888888888,0.0,0.0,1.0
4.0,1.5760137041909087e-08,0.0,0.0,0.0,0.0,0.013888888888888888,0.0,0.0,0.0
1.0,100.0,0.04664256942362857,5.914115182674107,0.0,0.0,0.013888888888888888,0.0,0.0,1.0
2.0,2.4447491975252046e-06,0.0007990586205282979,0.12199240864322917,0.0,0.0,0.013888888888888888,0.0,0.0,1.0
3.0,2.434802524550324e-06,1.3791947359482893e-05,0.0027149338788779974,0.0,0.0,0.013888888888888888,0.0,0.0,1.0
4.0,1.5664075960853517e-08,0.0,0.0,0.0,0.0,0.013888888888888888,0.0,0.0,0.0
1.0,100.0,0.04664900256458674,5.9141020411103575,0.0,0.0,0.013888888888888888,0.0,0.0,1.0
2.0,2.4382207915205203e-06,0.0007991237300846899,0.12196788344804418,0.0,0.0,0.013888888888888888,0.0,0.0,1.0
3.0,2.4280609670321547e-06,1.3833637044949843e-05,0.002713839740216138,0.0,0.0,0.013888888888888888,0.0,0.0,1.0
4.0,1.5560277178858015e-08,0.0,0.0,0.0,0.0,0.013888888888888888,0.0,0.0,0.0
1.0,100.0,0.046655394972515196,5.9140754728746625,0.0,0.0,0.013888888888888888,0.0,0.0,1.0
2.0,2.4322574180109245e-06,0.0007991881661955538,0.1219434520734753,0.0,0.0,0.013888888888888888,0.0,0.0,1.0
3.0,2.421914352711494e-06,1.3875162175867286e-05,0.002712757560406309,0.0,0.0,0.013888888888888888,0.0,0.0,1.0
4.0,1.546733955749792e-08,0.0,0.0,0.0,0.0,0.013888888888888888,0.0,0.0,0.0
1.0,100.0,0.046661749851171004,5.914037591179678,0.0,0.0,0.013888888888888888,0.0,0.0,1.0
2.0,2.426785402442998e-06,0.0007992519670461485,0.12191915016358824,0.0,0.0,0.013888888888888888,0.0,0.0,1.0
3.0,2.4162601572914986e-06,1.3916524056746661e-05,0.002711687950086856,0.0,0.0,0.013888888888888888,0.0,0.0,1.0
4.0,1.5394164989446805e-08,0.0,0.0,0.0,0.0,0.013888888888888888,0.0,0.0,0.0
1.0,100.0,0.04666806360882049,5.913985590364977,0.0,0.0,0.013888888888888888,0.0,0.0,1.0
2.0,2.421804172004267e-06,0.0007993150158029738,0.12189488962297615,0.0,0.0,0.013888888888888888,0.0,0.0,1.0
3.0,2.4110864374335287e-06,1.395772036091361e-05,0.00271062813464584,0.0,0.0,0.013888888888888888,0.0,0.0,1.0
4.0,1.530612484236718e-08,0.0,0.0,0.0,0.0,0.013888888888888888,0.0,0.0,0.0
1.0,100.0,0.0466743382638501,5.913920698310584,0.0,0.0,0.013888888888888888,0.0,0.0,1.0
2.0,2.4172657730327738e-06,0.0007993773324857777,0.1218706851735991,0.0,0.0,0.013888888888888888,0.0,0.0,1.0
3.0,2.4063691640554433e-06,1.399875203798134e-05,0.002709578133181342,0.0,0.0,0.013888888888888888,0.0,0.0,1.0
4.0,1.525698602865457e-08,0.0,0.0,0.0,0.0,0.013888888888888888,0.0,0.0,0.0
1.0,100.0,0.04668057594725782,5.913844238197953,0.0,0.0,0.013888888888888888,0.0,0.0,1.0
2.0,2.413169033459088e-06,0.0007994389400863776,0.12184655522430102,0.0,0.0,0.013888888888888888,0.0,0.0,1.0
3.0,2.4020918783982586e-06,1.4039620091246868e-05,0.002708538119211076,0.0,0.0,0.013888888888888888,0.0,0.0,1.0
4.0,1.5190840512819613e-08,0.0,0.0,0.0,0.0,0.013888888888888888,0.0,0.0,0.0
1.0,100.0,0.04668677789144913,5.913756897685471,0.0,0.0,0.013888888888888888,0.0,0.0,1.0
2.0,2.4094361015289214e-06,0.0007994998409884391,0.121822503163758,0.0,0.0,0.013888888888888888,0.0,0.0,1.0
3.0,2.3981836665588863e-06,1.4080325070882292e-05,0.0027075078743394386,0.0,0.0,0.013888888888888888,0.0,0.0,1.0
4.0,1.5138638329441866e-08,0.0,0.0,0.0,0.0,0.013888888888888888,0.0,0.0,0.0
1.0,100.0,0.046692945041971655,5.913659165837338,0.0,0.0,0.013888888888888888,0.0,0.0,1.0
2.0,2.4060610768448946e-06,0.0007995600317873187,0.12179852820259278,0.0,0.0,0.013888888888888888,0.0,0.0,1.0
3.0,2.394625105006902e-06,1.4120867382811486e-05,0.0027064870977111985,0.0,0.0,0.013888888888888888,0.0,0.0,1.0
4.0,1.508717065924623e-08,0.0,0.0,0.0,0.0,0.013888888888888888,0.0,0.0,0.0
1.0,100.0,0.046699078250432915,5.9135514700945055,0.0,0.0,0.013888888888888888,0.0,0.0,1.0
2.0,2.403043285714076e-06,0.0007996195078952086,0.12177462872237765,0.0,0.0,0.013888888888888888,0.0,0.0,1.0
3.0,2.3914409667114008e-06,1.4161247433388075e-05,0.0027054754713647104,0.0,0.0,0.013888888888888888,0.0,0.0,1.0
4.0,1.503958509272724e-08,0.0,0.0,0.0,0.0,0.013888888888888888,0.0,0.0,0.0
1.0,100.0,0.04670517831913731,5.913434207657226,0.0,0.0,0.013888888888888888,0.0,0.0,1.0
2.0,2.4003355325462167e-06,0.0007996782645423421,0.12175080299140255,0.0,0.0,0.013888888888888888,0.0,0.0,1.0
3.0,2.388565937197036e-06,1.4201465591442313e-05,0.0027044726882173007,0.0,0.0,0.013888888888888888,0.0,0.0,1.0
4.0,1.5007628572690846e-08,0.0,0.0,0.0,0.0,0.013888888888888888,0.0,0.0,0.0
1.0,100.0,0.04671124601174153,5.913307752719751,0.0,0.0,0.013888888888888888,0.0,0.0,1.0
2.0,2.397895573393548e-06,0.0007997362969839385,0.12172704932126753,0.0,0.0,0.013888888888888888,0.0,0.0,1.0
3.0,2.385951351311065e-06,1.4241522271210449e-05,0.0027034784642219153,0.0,0.0,0.013888888888888888,0.0,0.0,1.0
4.0,1.4962505590714462e-08,0.0,0.0,0.0,0.0,0.013888888888888888,0.0,0.0,0.0
1.0,100.0,0.04671728205709852,5.913172458975058,0.0,0.0,0.013888888888888888,0.0,0.0,1.0
2.0,2.395725511066323e-06,0.000799793600520456,0.1217033660826635,0.0,0.0,0.013888888888888888,0.0,0.0,1.0
3.0,2.3836183615129262e-06,1.4281417834653444e-05,0.002702492521699931,0.0,0.0,0.013888888888888888,0.0,0.0,1.0
4.0,1.4941862063291802e-08,0.0,0.0,0.0,0.0,0.013888888888888888,0.0,0.0,0.0
1.0,100.0,0.0467232871516852,5.913028661120653,0.0,0.0,0.013888888888888888,0.0,0.0,1.0
2.0,2.39381740203673e-06,0.0007998501705211072,0.12167975171385917,0.0,0.0,0.013888888888888888,0.0,0.0,1.0
3.0,2.3815509030535745e-06,1.4321152722953725e-05,0.002701514601299962,0.0,0.0,0.013888888888888888,0.0,0.0,1.0
4.0,1.4909285780801042e-08,0.0,0.0,0.0,0.0,0.013888888888888888,0.0,0.0,0.0
1.0,100.0,0.04672926196166574,5.912876676159586,0.0,0.0,0.013888888888888888,0.0,0.0,1.0
2.0,2.392090822538255e-06,0.0007999060024034376,0.12165620470802677,0.0,0.0,0.013888888888888888,0.0,0.0,1.0
3.0,2.37967178767818e-06,1.4360727324258005e-05,0.0027005444540500593,0.0,0.0,0.013888888888888888,0.0,0.0,1.0
4.0,1.4902774165033794e-08,0.0,0.0,0.0,0.0,0.013888888888888888,0.0,0.0,0.0
1.0,100.0,0.04673520712476739,5.912716804402001,0.0,0.0,0.013888888888888888,0.0,0.0,1.0
2.0,2.390610579065646e-06,0.000799961091647753,0.12163272363147704,0.0,0.0,0.013888888888888888,0.0,0.0,1.0
3.0,2.3780358755286334e-06,1.440014205972578e-05,0.0026995818504028488,0.0,0.0,0.013888888888888888,0.0,0.0,1.0
4.0,1.4877039973253152e-08,0.0,0.0,0.0,0.0,0.013888888888888888,0.0,0.0,0.0
1.0,100.0,0.04674112325202158,5.912549330755263,0.0,0.0,0.013888888888888888,0.0,0.0,1.0
2.0,2.389304926285104e-06,0.0008000154337885445,0.1216093070841579,0.0,0.0,0.013888888888888888,0.0,0.0,1.0
3.0,2.376565416032348e-06,1.4439397321036793e-05,0.0026986265628209344,0.0,0.0,0.013888888888888888,0.0,0.0,1.0
4.0,1.4859542262655836e-08,0.0,0.0,0.0,0.0,0.013888888888888888,0.0,0.0,0.0
1.0,100.0,0.04674687849347649,5.912274758411875,0.0,0.0,0.013888888888888888,0.0,0.0,1.0
2.0,9.907739416101178e-07,0.0008000517445072986,0.12157403693300418,0.0,0.0,0.013888888888888888,0.0,0.0,1.0
3.0,9.861293970190339e-07,1.4477793155951501e-05,0.002697160195274703,0.0,0.0,0.013888888888888888,0.0,0.0,1.0
4.0,7.372314304869154e-09,0.0,0.0,0.0,0.0,0.013888888888888888,0.0,0.0,0.0
1.0,100.0,0.04676976465884441,5.9120524539317865,0.0,0.0,0.013888888888888888,0.0,0.0,1.0
2.0,9.784166719218885e-07,0.0008003305247152059,0.1215403094344518,0.0,0.0,0.013888888888888888,0.0,0.0,1.0
3.0,9.755023955872913e-07,1.4500191955242674e-05,0.0026957431757482562,0.0,0.0,0.013888888888888888,0.0,0.0,1.0
4.0,7.3459306488323794e-09,0.0,0.0,0.0,0.0,0.013888888888888888,0.0,0.0,0.0
1.0,100.0,0.04677364540925415,5.911979934294327,0.0,0.0,0.013888888888888888,0.0,0.0,1.0
2.0,9.744339481921152e-07,0.0008002296776978144,0.12151033475365036,0.0,0.0,0.013888888888888888,0.0,0.0,1.0
3.0,9.720673536408455e-07,1.4499098091641178e-05,0.002694427103125107,0.0,0.0,0.013888888888888888,0.0,0.0,1.0
4.0,7.345810072837898e-09,0.0,0.0,0.0,0.0,0.013888888888888888,0.0,0.0,0.0
1.0,100.0,0.04677416228293438,5.911943511523054,0.0,0.0,0.013888888888888888,0.0,0.0,1.0
2.0,9.70457029348408e-07,0.0008000620002187734,0.12148125633120999,0.0,0.0,0.013888888888888888,0.0,0.0,1.0
3.0,9.682864100962563e-07,1.4494007016156486e-05,0.0026931352404448794,0.0,0.0,0.013888888888888888,0.0,0.0,1.0
4.0,7.338438997326646e-09,0.0,0.0,0.0,0.0,0.013888888888888888,0.0,0.0,0.0
1.0,100.0,0.04677411802783351,5.911914067998022,0.0,0.0,0.013888888888888888,0.0,0.0,1.0
2.0,9.658343323235005e-07,0.0007998832121820377,0.12145234828300644,0.0,0.0,0.013888888888888888,0.0,0.0,1.0
3.0,9.637309344337742e-07,1.4488272840062913e-05,0.0026918481845678165,0.0,0.0,0.013888888888888888,0.0,0.0,1.0
4.0,7.3114801794436686e-09,0.0,0.0,0.0,0.0,0.013888888888888888,0.0,0.0,0.0
1.0,100.0,0.04677398265662802,5.911885865185849,0.0,0.0,0.013888888888888888,0.0,0.0,1.0
2.0,9.60492024474161e-07,0.0007997026116354853,0.12142346807863146,0.0,0.0,0.013888888888888888,0.0,0.0,1.0
3.0,9.58419917112298e-07,1.448243782912616e-05,0.0026905621286399824,0.0,0.0,0.013888888888888888,0.0,0.0,1.0
4.0,7.292693126085171e-09,0.0,0.0,0.0,0.0,0.013888888888888888,0.0,0.0,0.0
1.0,100.0,0.046773832745879984,5.911857875482087,0.0,0.0,0.013888888888888888,0.0,0.0,1.0
2.0,9.544538399054764e-07,0.0007995217062506977,0.12139459026700054,0.0,0.0,0.013888888888888888,0.0,0.0,1.0
3.0,9.524157666266497e-07,1.4476587007588345e-05,0.002689276390971592,0.0,0.0,0.013888888888888888,0.0,0.0,1.0
4.0,7.269966984395632e-09,0.0,0.0,0.0,0.0,0.013888888888888888,0.0,0.0,0.0
1.0,100.0,0.04677368055744492,5.911829923659652,0.0,0.0,0.013888888888888888,0.0,0.0,1.0
2.0,9.477878744591964e-07,0.0007993407363235596,0.12136571052394116,0.0,0.0,0.013888888888888888,0.0,0.0,1.0
3.0,9.457651273093042e-07,1.4470733480049423e-05,0.002687990857461062,0.0,0.0,0.013888888888888888,0.0,0.0,1.0
4.0,7.229403717976616e-09,0.0,0.0,0.0,0.0,0.013888888888888888,0.0,0.0,0.0
1.0,100.0,0.04677352803188162,5.911801980721905,0.0,0.0,0.013888888888888888,0.0,0.0,1.0
2.0,9.406239689181915e-07,0.0007991597397540316,0.1213368281497509,0.0,0.0,0.013888888888888888,0.0,0.0,1.0
3.0,9.386192035975673e-07,1.4464879204231756e-05,0.002686705517567522,0.0,0.0,0.013888888888888888,0.0,0.0,1.0
4.0,7.2005244422281104e-09,0.0,0.0,0.0,0.0,0.013888888888888888,0.0,0.0,0.0
1.0,100.0,0.04677337547377065,5.9117740419772495,0.0,0.0,0.013888888888888888,0.0,0.0,1.0
2.0,9.329989540458171e-07,0.0007989787225237493,0.1213079430396342,0.0,0.0,0.013888888888888888,0.0,0.0,1.0
3.0,9.310092494189638e-07,1.445902449398117e-05,0.0026854203614001533,0.0,0.0,0.013888888888888888,0.0,0.0,1.0
4.0,7.147186782147923e-09,0.0,0.0,0.0,0.0,0.013888888888888888,0.0,0.0,0.0
1.0,100.0,0.046773222930652246,5.911746106675356,0.0,0.0,0.013888888888888888,0.0,0.0,1.0
2.0,9.249898416335764e-07,0.0007987976856191433,0.12127905518644817,0.0,0.0,0.013888888888888888,0.0,0.0,1.0
3.0,9.230188856418113e-07,1.4453169405282798e-05,0.002684135391478836,0.0,0.0,0.013888888888888888,0.0,0.0,1.0
4.0,7.099994114195457e-09,0.0,0.0,0.0,0.0,0.013888888888888888,0.0,0.0,0.0
1.0,100.0,0.04677307040994471,5.911718174725986,0.0,0.0,0.013888888888888888,0.0,0.0,1.0
2.0,9.166883186821666e-07,0.000798616629260231,0.1212501645966424,0.0,0.0,0.013888888888888888,0.0,0.0,1.0
3.0,9.147348393362494e-07,1.4447313942457177e-05,0.0026828506011982865,0.0,0.0,0.013888888888888888,0.0,0.0,1.0
4.0,7.0505623457778386e-09,0.0,0.0,0.0,0.0,0.013888888888888888,0.0,0.0,0.0
1.0,100.0,0.04677291791282866,5.911690246111942,0.0,0.0,0.013888888888888888,0.0,0.0,1.0
2.0,9.081199171602698e-07,0.0007984355535440728,0.1212212712811423,0.0,0.0,0.013888888888888888,0.0,0.0,1.0
3.0,9.062028845674063e-07,1.4441458123444897e-05,0.0026815660091679453,0.0,0.0,0.013888888888888888,0.0,0.0,1.0
4.0,7.013884218568336e-09,0.0,0.0,0.0,0.0,0.013888888888888888,0.0,0.0,0.0
1.0,100.0,0.046772765439522086,5.91166232084936,0.0,0.0,0.013888888888888888,0.0,0.0,1.0
2.0,8.993423813358407e-07,0.0007982544585446871,0.12119237525584324,0.0,0.0,0.013888888888888888,0.0,0.0,1.0
3.0,8.974375623118219e-07,1.443560191691919e-05,0.002680281599589713,0.0,0.0,0.013888888888888888,0.0,0.0,1.0
4.0,6.9546242028836536e-09,0.0,0.0,0.0,0.0,0.013888888888888888,0.0,0.0,0.0
1.0,100.0,0.04677261299009656,5.911634398966231,0.0,0.0,0.013888888888888888,0.0,0.0,1.0
2.0,8.90403848726091e-07,0.0007980733443445462,0.12116347652598122,0.0,0.0,0.013888888888888888,0.0,0.0,1.0
3.0,8.885292187148276e-07,1.4429745373285414e-05,0.0026789973822790238,0.0,0.0,0.013888888888888888,0.0,0.0,1.0
4.0,6.89454770987097e-09,0.0,0.0,0.0,0.0,0.013888888888888888,0.0,0.0,0.0
1.0,100.0,0.04677246056459668,5.911606480459973,0.0,0.0,0.013888888888888888,0.0,0.0,1.0
2.0,8.813273043332407e-07,0.0007978922110137298,0.12113457510730666,0.0,0.0,0.013888888888888888,0.0,0.0,1.0
3.0,8.794577872716964e-07,1.4423888462243628e-05,0.002677713343094872,0.0,0.0,0.013888888888888888,0.0,0.0,1.0
4.0,6.83232039449142e-09,0.0,0.0,0.0,0.0,0.013888888888888888,0.0,0.0,0.0
1.0,100.0,0.04677230816306761,5.911578565354721,0.0,0.0,0.013888888888888888,0.0,0.0,1.0
2.0,8.721573332938656e-07,0.0007977110586338018,0.12110567101102218,0.0,0.0,0.013888888888888888,0.0,0.0,1.0
3.0,8.703163172844015e-07,1.4418031210993173e-05,0.002676429503346411,0.0,0.0,0.013888888888888888,0.0,0.0,1.0
4.0,6.778805664881515e-09,0.0,0.0,0.0,0.0,0.013888888888888888,0.0,0.0,0.0
1.0,100.0,0.04677215578555315,5.9115506536654205,0.0,0.0,0.013888888888888888,0.0,0.0,1.0
2.0,8.629245971909659e-07,0.0007975298872739251,0.12107676425080599,0.0,0.0,0.013888888888888888,0.0,0.0,1.0
3.0,8.611141585843781e-07,1.4412173619010662e-05,0.0026751458481463347,0.0,0.0,0.013888888888888888,0.0,0.0,1.0
4.0,6.724776398945642e-09,0.0,0.0,0.0,0.0,0.013888888888888888,0.0,0.0,0.0
1.0,100.0,0.04677200343210084,5.911522745405223,0.0,0.0,0.013888888888888888,0.0,0.0,1.0
2.0,8.536303643040887e-07,0.0007973486970192955,0.12104785483221162,0.0,0.0,0.013888888888888888,0.0,0.0,1.0
3.0,8.518310166115771e-07,1.440631567748999e-05,0.002673862386648948,0.0,0.0,0.013888888888888888,0.0,0.0,1.0
4.0,6.649525741296365e-09,0.0,0.0,0.0,0.0,0.013888888888888888,0.0,0.0,0.0
1.0,100.0,0.046771851102751005,5.911494840591235,0.0,0.0,0.013888888888888888,0.0,0.0,1.0
2.0,8.443134518671768e-07,0.000797167487939036,0.12101894277255414,0.0,0.0,0.013888888888888888,0.0,0.0,1.0
3.0,8.425407530679336e-07,1.4400457405681866e-05,0.0026725791178136365,0.0,0.0,0.013888888888888888,0.0,0.0,1.0
4.0,6.593510844909599e-09,0.0,0.0,0.0,0.0,0.013888888888888888,0.0,0.0,0.0
1.0,100.0,0.04677169879755226,5.911466939229621,0.0,0.0,0.013888888888888888,0.0,0.0,1.0
2.0,8.34999710819685e-07,0.0007969862601129261,0.12099002807767521,0.0,0.0,0.013888888888888888,0.0,0.0,1.0
3.0,8.332526659180664e-07,1.4394598796595592e-05,0.0026712960381739307,0.0,0.0,0.013888888888888888,0.0,0.0,1.0
4.0,6.530523956337797e-09,0.0,0.0,0.0,0.0,0.013888888888888888,0.0,0.0,0.0
1.0,100.0,0.04677154651655083,5.91143904133619,0.0,0.0,0.013888888888888888,0.0,0.0,1.0
2.0,8.256908108959873e-07,0.0007968050136178786,0.12096111076107877,0.0,0.0,0.013888888888888888,0.0,0.0,1.0
3.0,8.239709675968797e-07,1.4388739872455274e-05,0.0026700131520483016,0.0,0.0,0.013888888888888888,0.0,0.0,1.0
4.0,6.4836757807118864e-09,0.0,0.0,0.0,0.0,0.013888888888888888,0.0,0.0,0.0
1.0,100.0,0.04677139425979078,5.911411146923149,0.0,0.0,0.013888888888888888,0.0,0.0,1.0
2.0,8.164136343707369e-07,0.000796623748529341,0.12093219083774112,0.0,0.0,0.013888888888888888,0.0,0.0,1.0
3.0,8.147108341016662e-07,1.4382880621883473e-05,0.0026687304577546153,0.0,0.0,0.013888888888888888,0.0,0.0,1.0
4.0,6.399872407146273e-09,0.0,0.0,0.0,0.0,0.013888888888888888,0.0,0.0,0.0
1.0,100.0,0.04677124202732167,5.911383256018069,0.0,0.0,0.013888888888888888,0.0,0.0,1.0
2.0,8.071574898043832e-07,0.0007964424649289813,0.12090326831518908,0.0,0.0,0.013888888888888888,0.0,0.0,1.0
3.0,8.054745265335336e-07,1.4377021055544694e-05,0.0026674479613648114,0.0,0.0,0.013888888888888888,0.0,0.0,1.0
4.0,6.346129285925135e-09,0.0,0.0,0.0,0.0,0.013888888888888888,0.0,0.0,0.0
1.0,100.0,0.046771089819185874,5.91135536861427,0.0,0.0,0.013888888888888888,0.0,0.0,1.0
2.0,7.979603482440879e-07,0.0007962611628857617,0.12087434320711325,0.0,0.0,0.013888888888888888,0.0,0.0,1.0
3.0,7.962942006062299e-07,1.4371161164045563e-05,0.0026661656547916157,0.0,0.0,0.013888888888888888,0.0,0.0,1.0
4.0,6.2656649232438715e-09,0.0,0.0,0.0,0.0,0.013888888888888888,0.0,0.0,0.0
1.0,100.0,0.04677093763543474,5.911327484740983,0.0,0.0,0.013888888888888888,0.0,0.0,1.0
2.0,7.888190577064414e-07,0.0007960798424850815,0.12084541552570839,0.0,0.0,0.013888888888888888,0.0,0.0,1.0
3.0,7.871805376353858e-07,1.4365300977275504e-05,0.002664883546971866,0.0,0.0,0.013888888888888888,0.0,0.0,1.0
4.0,6.2151847556776965e-09,0.0,0.0,0.0,0.0,0.013888888888888888,0.0,0.0,0.0
1.0,100.0,0.04677078547611183,5.911299604399172,0.0,0.0,0.013888888888888888,0.0,0.0,1.0
2.0,7.797432548201967e-07,0.0007958985037985791,0.12081648527741978,0.0,0.0,0.013888888888888888,0.0,0.0,1.0
3.0,7.781174839312011e-07,1.4359440486060336e-05,0.0026636016298270887,0.0,0.0,0.013888888888888888,0.0,0.0,1.0
4.0,6.145875677923644e-09,0.0,0.0,0.0,0.0,0.013888888888888888,0.0,0.0,0.0
1.0,100.0,0.04677063334126876,5.911271727607714,0.0,0.0,0.013888888888888888,0.0,0.0,1.0
2.0,7.707514498521772e-07,0.0007957171469084363,0.12078755248233898,0.0,0.0,0.013888888888888888,0.0,0.0,1.0
3.0,7.691670630987897e-07,1.435357968949224e-05,0.002662319908983204,0.0,0.0,0.013888888888888888,0.0,0.0,1.0
4.0,6.103529308703826e-09,0.0,0.0,0.0,0.0,0.013888888888888888,0.0,0.0,0.0
1.0,100.0,0.04677048123094844,5.911243854383044,0.0,0.0,0.013888888888888888,0.0,0.0,1.0
2.0,7.618276521398356e-07,0.0007955357718858871,0.12075861714277755,0.0,0.0,0.013888888888888888,0.0,0.0,1.0
3.0,7.602503622527506e-07,1.4347718601753906e-05,0.0026610383855469317,0.0,0.0,0.013888888888888888,0.0,0.0,1.0
4.0,6.019143977539121e-09,0.0,0.0,0.0,0.0,0.013888888888888888,0.0,0.0,0.0
1.0,100.0,0.046770329145201114,5.911215984728539,0.0,0.0,0.013888888888888888,0.0,0.0,1.0
2.0,7.529882824854151e-07,0.000795354378815391,0.1207296792828514,0.0,0.0,0.013888888888888888,0.0,0.0,1.0
3.0,7.514412992306095e-07,1.434185723082399e-05,0.0026597570609660647,0.0,0.0,0.013888888888888888,0.0,0.0,1.0
4.0,5.966957235773443e-09,0.0,0.0,0.0,0.0,0.013888888888888888,0.0,0.0,0.0
1.0,100.0,0.046770177084074195,5.911188118666789,0.0,0.0,0.013888888888888888,0.0,0.0,1.0
2.0,7.442392892561177e-07,0.0007951729677702623,0.12070073890136498,0.0,0.0,0.013888888888888888,0.0,0.0,1.0
3.0,7.427029013614249e-07,1.4335995580605668e-05,0.0026584759352832835,0.0,0.0,0.013888888888888888,0.0,0.0,1.0
4.0,5.894557475545603e-09,0.0,0.0,0.0,0.0,0.013888888888888888,0.0,0.0,0.0
1.0,100.0,0.04677002504761559,5.9111602561981575,0.0,0.0,0.013888888888888888,0.0,0.0,1.0
2.0,7.355893772504875e-07,0.0007949915388330291,0.12067179601920015,0.0,0.0,0.013888888888888888,0.0,0.0,1.0
3.0,7.340728481918038e-07,1.4330133621648897e-05,0.0026571950048528644,0.0,0.0,0.013888888888888888,0.0,0.0,1.0
4.0,5.840296440207954e-09,0.0,0.0,0.0,0.0,0.013888888888888888,0.0,0.0,0.0
1.0,100.0,0.04676987303587242,5.911132397350954,0.0,0.0,0.013888888888888888,0.0,0.0,1.0
2.0,7.270400516749254e-07,0.0007948100920735679,0.12064285063667932,0.0,0.0,0.013888888888888888,0.0,0.0,1.0
3.0,7.255448788724872e-07,1.4324271414892806e-05,0.0026559142727580407,0.0,0.0,0.013888888888888888,0.0,0.0,1.0
4.0,5.779831424215527e-09,0.0,0.0,0.0,0.0,0.013888888888888888,0.0,0.0,0.0
1.0,100.0,0.04676972104889297,5.911104542123469,0.0,0.0,0.013888888888888888,0.0,0.0,1.0
2.0,7.18582169688776e-07,0.0007946286275733147,0.1206139027752718,0.0,0.0,0.013888888888888888,0.0,0.0,1.0
3.0,7.171015309028703e-07,1.431840892757678e-05,0.0026546337461166285,0.0,0.0,0.013888888888888888,0.0,0.0,1.0
4.0,5.710481610284446e-09,0.0,0.0,0.0,0.0,0.013888888888888888,0.0,0.0,0.0
1.0,100.0,0.04676956908672831,5.911076690545695,0.0,0.0,0.013888888888888888,0.0,0.0,1.0
2.0,7.10220773629756e-07,0.0007944471454161242,0.12058495244478941,0.0,0.0,0.013888888888888888,0.0,0.0,1.0
3.0,7.087625098697021e-07,1.4312546153360465e-05,0.002653353415261774,0.0,0.0,0.013888888888888888,0.0,0.0,1.0
4.0,5.65281326060179e-09,0.0,0.0,0.0,0.0,0.013888888888888888,0.0,0.0,0.0
1.0,100.0,0.04872031078880721,91.23363875038858,0.0,0.0,0.013888888888888888,0.0,0.0,1.0
2.0,2.4995704786299356e-05,0.0008934337087610596,8.505592159980067,0.0,0.0,0.013888888888888888,0.0,0.0,1.0
3.0,2.4790143854589914e-05,1.805564832755134e-05,0.002960107937562391,0.0,0.0,0.013888888888888888,0.0,0.0,1.0
4.0,8.106730672048394e-08,4.202902862209721e-07,0.0,0.0,0.0,0.013888888888888888,0.0,0.0,0.0
1.0,100.0,0.04537305433610389,6.229929176350102,0.0,0.0,0.013888888888888888,0.0,0.0,1.0
2.0,4.4225425447329586e-07,0.00074970957360356,0.105201056687273,0.0,0.0,0.013888888888888888,0.0,0.0,1.0
3.0,4.839582166426644e-07,1.220612325146471e-05,0.0,0.0,0.0,0.013888888888888888,0.0,0.0,1.0
4.0,4.7588381321671626e-09,0.0,0.0,0.0,0.0,0.013888888888888888,0.0,0.0,0.0
1.0,100.0,0.04658087094862658,5.594259253749333,0.0,0.0,0.013888888888888888,0.0,0.0,1.0
2.0,6.680216846087435e-07,0.000793557938679753,0.11570665407844166,0.0,0.0,0.013888888888888888,0.0,0.0,1.0
3.0,6.803844017375743e-07,1.3493068135209424e-05,0.0025754221597672857,0.0,0.0,0.013888888888888888,0.0,0.0,1.0
4.0,5.341069536972285e-09,0.0,0.0,0.0,0.0,0.013888888888888888,0.0,0.0,0.0
1.0,100.0,0.04674345204788114,5.960365840946114,0.0,0.0,0.013888888888888888,0.0,0.0,1.0
2.0,7.230289489037985e-07,0.0007999953489777532,0.12497157252488363,0.0,0.0,0.013888888888888888,0.0,0.0,1.0
3.0,7.25809599520219e-07,1.4185009962093181e-05,0.002827478555172002,0.0,0.0,0.013888888888888888,0.0,0.0,1.0
4.0,5.469207134555821e-09,0.0,0.0,0.0,0.0,0.013888888888888888,0.0,0.0,0.0
1.0,100.0,0.04677162005661666,6.017348941695043,0.0,0.0,0.013888888888888888,0.0,0.0,1.0
2.0,7.57585088996644e-07,0.0008010104790870125,0.1263757332913499,0.0,0.0,0.013888888888888888,0.0,0.0,1.0
3.0,7.570235089240455e-07,1.4292024782804692e-05,0.0028649810706035676,0.0,0.0,0.013888888888888888,0.0,0.0,1.0
4.0,5.5547127125863754e-09,0.0,0.0,0.0,0.0,0.013888888888888888,0.0,0.0,0.0
1.0,100.0,0.04678115333969758,6.026612815696435,0.0,0.0,0.013888888888888888,0.0,0.0,1.0
2.0,7.854040050983302e-07,0.0008012061570983262,0.1265726373472712,0.0,0.0,0.013888888888888888,0.0,0.0,1.0
3.0,7.835293341943102e-07,1.4304095654223954e-05,0.0028696065070069193,0.0,0.0,0.013888888888888888,0.0,0.0,1.0
4.0,5.6249877439886115e-09,0.0,0.0,0.0,0.0,0.013888888888888888,0.0,0.0,0.0
1.0,100.0,0.04678795969199454,6.028342598737431,0.0,0.0,0.013888888888888888,0.0,0.0,1.0
2.0,8.107281831345822e-07,0.0008012751029183125,0.12657983621257715,0.0,0.0,0.013888888888888888,0.0,0.0,1.0
3.0,8.081993087834691e-07,1.43010230647342e-05,0.0028690854907129533,0.0,0.0,0.013888888888888888,0.0,0.0,1.0
4.0,5.706728212671233e-09,0.0,0.0,0.0,0.0,0.013888888888888888,0.0,0.0,0.0
1.0,100.0,0.04679435920594042,6.028900091213072,0.0,0.0,0.013888888888888888,0.0,0.0,1.0
2.0,8.3493453418216e-07,0.0008013263600267672,0.1265593215153139,0.0,0.0,0.013888888888888888,0.0,0.0,1.0
3.0,8.319723789350247e-07,1.4295675914816482e-05,0.0028678528258992224,0.0,0.0,0.013888888888888888,0.0,0.0,1.0
4.0,5.775591996278254e-09,0.0,0.0,0.0,0.0,0.013888888888888888,0.0,0.0,0.0
1.0,100.0,0.04680061523001445,6.029225437791923,0.0,0.0,0.013888888888888888,0.0,0.0,1.0
2.0,8.584525079812323e-07,0.0008013743306224988,0.12653453357713754,0.0,0.0,0.013888888888888888,0.0,0.0,1.0
3.0,8.551443876075049e-07,1.4290014387812038e-05,0.0028665392551864375,0.0,0.0,0.013888888888888888,0.0,0.0,1.0
4.0,5.848004354966408e-09,0.0,0.0,0.0,0.0,0.013888888888888888,0.0,0.0,0.0
1.0,100.0,0.046806756080175455,6.02945597440868,0.0,0.0,0.013888888888888888,0.0,0.0,1.0
2.0,8.814739677186549e-07,0.0008014199228429028,0.1265080473142807,0.0,0.0,0.013888888888888888,0.0,0.0,1.0
3.0,8.778409428967819e-07,1.4284288621258282e-05,0.0028651952552634684,0.0,0.0,0.013888888888888888,0.0,0.0,1.0
4.0,5.936060523232961e-09,0.0,0.0,0.0,0.0,0.013888888888888888,0.0,0.0,0.0
1.0,100.0,0.04681283654451124,6.029652891520907,0.0,0.0,0.013888888888888888,0.0,0.0,1.0
2.0,9.040064361912754e-07,0.000801464645600852,0.12648136684723127,0.0,0.0,0.013888888888888888,0.0,0.0,1.0
3.0,9.000639160674298e-07,1.4278572747871814e-05,0.002863860813328317,0.0,0.0,0.013888888888888888,0.0,0.0,1.0
4.0,6.013379789556262e-09,0.0,0.0,0.0,0.0,0.013888888888888888,0.0,0.0,0.0
1.0,100.0,0.046818867209494575,6.029827027156019,0.0,0.0,0.013888888888888888,0.0,0.0,1.0
2.0,9.260990075456889e-07,0.0008015087387230119,0.1264547275265877,0.0,0.0,0.013888888888888888,0.0,0.0,1.0
3.0,9.218453469424593e-07,1.4272877038311867e-05,0.0028625414381953226,0.0,0.0,0.013888888888888888,0.0,0.0,1.0
4.0,6.089615812089829e-09,0.0,0.0,0.0,0.0,0.013888888888888888,0.0,0.0,0.0
1.0,100.0,0.04682486816100335,6.029995560729139,0.0,0.0,0.013888888888888888,0.0,0.0,1.0
2.0,9.477653327166003e-07,0.0008015533647857344,0.12642908829242605,0.0,0.0,0.013888888888888888,0.0,0.0,1.0
3.0,9.432154621592741e-07,1.4267244755645527e-05,0.0028612745856405886,0.0,0.0,0.013888888888888888,0.0,0.0,1.0
4.0,6.167273209847113e-09,0.0,0.0,0.0,0.0,0.013888888888888888,0.0,0.0,0.0
1.0,100.0,0.046830807634449946,6.030132858288799,0.0,0.0,0.013888888888888888,0.0,0.0,1.0
2.0,9.690103906039347e-07,0.0008015974825728086,0.12640360329290792,0.0,0.0,0.013888888888888888,0.0,0.0,1.0
3.0,9.641785858853116e-07,1.4261645826245006e-05,0.0028600328824105264,0.0,0.0,0.013888888888888888,0.0,0.0,1.0
4.0,6.245470945723286e-09,0.0,0.0,0.0,0.0,0.013888888888888888,0.0,0.0,0.0
1.0,100.0,0.04683668286087379,6.0302358016378195,0.0,0.0,0.013888888888888888,0.0,0.0,1.0
2.0,9.8983840479418e-07,0.0008016406135963088,0.1263778786943044,0.0,0.0,0.013888888888888888,0.0,0.0,1.0
3.0,9.847200753512622e-07,1.4256058101277413e-05,0.002858798758291196,0.0,0.0,0.013888888888888888,0.0,0.0,1.0
4.0,6.331898926945793e-09,0.0,0.0,0.0,0.0,0.013888888888888888,0.0,0.0,0.0
1.0,100.0,0.04684251087628907,6.030317512020997,0.0,0.0,0.013888888888888888,0.0,0.0,1.0
2.0,1.0102500495571783e-06,0.0008016831351419155,0.12635221757090315,0.0,0.0,0.013888888888888888,0.0,0.0,1.0
3.0,1.0048462684759612e-06,1.4250490767862178e-05,0.0028575798170355844,0.0,0.0,0.013888888888888888,0.0,0.0,1.0
4.0,6.4069107024957896e-09,0.0,0.0,0.0,0.0,0.013888888888888888,0.0,0.0,0.0
1.0,100.0,0.04684829562857187,6.030380793805514,0.0,0.0,0.013888888888888888,0.0,0.0,1.0
2.0,1.0302672436737308e-06,0.0008017251011257734,0.12632666324080924,0.0,0.0,0.013888888888888888,0.0,0.0,1.0
3.0,1.0245904110984084e-06,1.4244942975543681e-05,0.0028563766052367556,0.0,0.0,0.013888888888888888,0.0,0.0,1.0
4.0,6.480084145535345e-09,0.0,0.0,0.0,0.0,0.013888888888888888,0.0,0.0,0.0
1.0,100.0,0.04685403905120609,6.030426892824554,0.0,0.0,0.013888888888888888,0.0,0.0,1.0
2.0,1.0498939205964076e-06,0.0008017665198461309,0.1263012215357537,0.0,0.0,0.013888888888888888,0.0,0.0,1.0
3.0,1.043961911175584e-06,1.4239414561266323e-05,0.002855188708489913,0.0,0.0,0.013888888888888888,0.0,0.0,1.0
4.0,6.58224135106388e-09,0.0,0.0,0.0,0.0,0.013888888888888888,0.0,0.0,0.0
1.0,100.0,0.04685974260866827,6.030456702293298,0.0,0.0,0.013888888888888888,0.0,0.0,1.0
2.0,1.0690956152986112e-06,0.0008018073893072104,0.12627589097525987,0.0,0.0,0.013888888888888888,0.0,0.0,1.0
3.0,1.0628921966649493e-06,1.4233904063399056e-05,0.002854015533506318,0.0,0.0,0.013888888888888888,0.0,0.0,1.0
4.0,6.668703292836425e-09,0.0,0.0,0.0,0.0,0.013888888888888888,0.0,0.0,0.0
1.0,100.0,0.046865407616852435,6.0304710102629215,0.0,0.0,0.013888888888888888,0.0,0.0,1.0
2.0,1.0879393272219756e-06,0.0008018477053622744,0.12625066888549266,0.0,0.0,0.013888888888888888,0.0,0.0,1.0
3.0,1.0814747847819359e-06,1.4228409911584156e-05,0.002852856513929246,0.0,0.0,0.013888888888888888,0.0,0.0,1.0
4.0,6.750709027448329e-09,0.0,0.0,0.0,0.0,0.013888888888888888,0.0,0.0,0.0
1.0,100.0,0.046871035306653486,6.030470546474572,0.0,0.0,0.013888888888888888,0.0,0.0,1.0
2.0,1.1064030128601292e-06,0.0008018874652927806,0.12622555249061806,0.0,0.0,0.013888888888888888,0.0,0.0,1.0
3.0,1.0996976371947386e-06,1.4222932043170711e-05,0.0028517110802135652,0.0,0.0,0.013888888888888888,0.0,0.0,1.0
4.0,6.83810037645766e-09,0.0,0.0,0.0,0.0,0.013888888888888888,0.0,0.0,0.0
1.0,100.0,0.0468766268357408,6.030455993268714,0.0,0.0,0.013888888888888888,0.0,0.0,1.0
2.0,1.124491674960674e-06,0.0008019266645709711,0.12620053904768633,0.0,0.0,0.013888888888888888,0.0,0.0,1.0
3.0,1.1175240486795028e-06,1.4217469081941787e-05,0.002850578714409339,0.0,0.0,0.013888888888888888,0.0,0.0,1.0
4.0,6.912842538509103e-09,0.0,0.0,0.0,0.0,0.013888888888888888,0.0,0.0,0.0
1.0,100.0,0.04688218512174165,6.0304295737655496,0.0,0.0,0.013888888888888888,0.0,0.0,1.0
2.0,1.1422092967330696e-06,0.0008019653376404324,0.12617566716469558,0.0,0.0,0.013888888888888888,0.0,0.0,1.0
3.0,1.1350169519274e-06,1.4212020785601842e-05,0.002849460118382825,0.0,0.0,0.013888888888888888,0.0,0.0,1.0
4.0,7.023225171023016e-09,0.0,0.0,0.0,0.0,0.013888888888888888,0.0,0.0,0.0
1.0,100.0,0.04688770685450018,6.030388342058984,0.0,0.0,0.013888888888888888,0.0,0.0,1.0
2.0,1.1595547517131733e-06,0.0008020033751382384,0.12615084197703386,0.0,0.0,0.013888888888888888,0.0,0.0,1.0
3.0,1.152105221304651e-06,1.4206583957723254e-05,0.002848352233040062,0.0,0.0,0.013888888888888888,0.0,0.0,1.0
4.0,7.089067763071153e-09,0.0,0.0,0.0,0.0,0.013888888888888888,0.0,0.0,0.0
1.0,100.0,0.04689319403990632,6.030333644960244,0.0,0.0,0.013888888888888888,0.0,0.0,1.0
2.0,1.1765705206849334e-06,0.0008020407993683298,0.12612608012972634,0.0,0.0,0.013888888888888888,0.0,0.0,1.0
3.0,1.1688897706008709e-06,1.420115818012456e-05,0.0028472550874892423,0.0,0.0,0.013888888888888888,0.0,0.0,1.0
4.0,7.172881086337746e-09,0.0,0.0,0.0,0.0,0.013888888888888888,0.0,0.0,0.0
1.0,100.0,0.046898648660810595,6.0302668479533885,0.0,0.0,0.013888888888888888,0.0,0.0,1.0
2.0,1.1932054259528561e-06,0.0008020776324153002,0.12610140031369294,0.0,0.0,0.013888888888888888,0.0,0.0,1.0
3.0,1.1853012741152103e-06,1.4195743250263316e-05,0.002846168852442509,0.0,0.0,0.013888888888888888,0.0,0.0,1.0
4.0,7.265956015250056e-09,0.0,0.0,0.0,0.0,0.013888888888888888,0.0,0.0,0.0
1.0,100.0,0.046904071876280165,6.030188671472519,0.0,0.0,0.013888888888888888,0.0,0.0,1.0
2.0,1.2094946864418793e-06,0.0008021138767400736,0.12607680586718747,0.0,0.0,0.013888888888888888,0.0,0.0,1.0
3.0,1.2013621643632183e-06,1.419033814460791e-05,0.0028450932686057344,0.0,0.0,0.013888888888888888,0.0,0.0,1.0
4.0,7.359558455714772e-09,0.0,0.0,0.0,0.0,0.013888888888888888,0.0,0.0,0.0
1.0,100.0,0.04690946458083007,6.0300996327534175,0.0,0.0,0.013888888888888888,0.0,0.0,1.0
2.0,1.2254492315074328e-06,0.0008021495299951549,0.12605229581806496,0.0,0.0,0.013888888888888888,0.0,0.0,1.0
3.0,1.2170974909821575e-06,1.4184942345705974e-05,0.0028440280058669976,0.0,0.0,0.013888888888888888,0.0,0.0,1.0
4.0,7.449699001401212e-09,0.0,0.0,0.0,0.0,0.013888888888888888,0.0,0.0,0.0
1.0,100.0,0.046914827579556145,6.030000184725504,0.0,0.0,0.013888888888888888,0.0,0.0,1.0
2.0,1.2410789457105256e-06,0.0008021845884170027,0.12602786834608445,0.0,0.0,0.013888888888888888,0.0,0.0,1.0
3.0,1.2325166224001316e-06,1.4179555167454466e-05,0.0028429727086242665,0.0,0.0,0.013888888888888888,0.0,0.0,1.0
4.0,7.543689462612166e-09,0.0,0.0,0.0,0.0,0.013888888888888888,0.0,0.0,0.0
1.0,100.0,0.046920161629689504,6.029890748130786,0.0,0.0,0.013888888888888888,0.0,0.0,1.0
2.0,1.2563612574427004e-06,0.000802219048025767,0.12600352151022196,0.0,0.0,0.013888888888888888,0.0,0.0,1.0
3.0,1.2475919529802091e-06,1.4174175961250892e-05,0.002841927043913209,0.0,0.0,0.013888888888888888,0.0,0.0,1.0
4.0,7.629247105063291e-09,0.0,0.0,0.0,0.0,0.013888888888888888,0.0,0.0,0.0
1.0,100.0,0.04692546745050931,6.029771719135995,0.0,0.0,0.013888888888888888,0.0,0.0,1.0
2.0,1.2713283513201275e-06,0.0008022529047104191,0.1259792534125714,0.0,0.0,0.013888888888888888,0.0,0.0,1.0
3.0,1.2623344873519873e-06,1.4168804043431255e-05,0.002840890698055288,0.0,0.0,0.013888888888888888,0.0,0.0,1.0
4.0,7.713004170867394e-09,0.0,0.0,0.0,0.0,0.013888888888888888,0.0,0.0,0.0
1.0,100.0,0.04693074572711083,6.029643471946363,0.0,0.0,0.013888888888888888,0.0,0.0,1.0
2.0,1.285983340896873e-06,0.0008022861542497641,0.1259550622477397,0.0,0.0,0.013888888888888888,0.0,0.0,1.0
3.0,1.2767973378074104e-06,1.4163438792023403e-05,0.002839863356914499,0.0,0.0,0.013888888888888888,0.0,0.0,1.0
4.0,7.807998287119103e-09,0.0,0.0,0.0,0.0,0.013888888888888888,0.0,0.0,0.0
1.0,100.0,0.04693599711314236,6.0295063604826264,0.0,0.0,0.013888888888888888,0.0,0.0,1.0
2.0,1.3002948581782024e-06,0.000802318792666283,0.12593094624782297,0.0,0.0,0.013888888888888888,0.0,0.0,1.0
3.0,1.290900874305754e-06,1.41580795077083e-05,0.002838844745457924,0.0,0.0,0.013888888888888888,0.0,0.0,1.0
4.0,7.889400076391463e-09,0.0,0.0,0.0,0.0,0.013888888888888888,0.0,0.0,0.0
1.0,100.0,0.04694122223255765,6.029360719722053,0.0,0.0,0.013888888888888888,0.0,0.0,1.0
2.0,1.3143161157020226e-06,0.000802350815920173,0.12590690374914287,0.0,0.0,0.013888888888888888,0.0,0.0,1.0
3.0,1.304721553064844e-06,1.4152725507792212e-05,0.0028378345807051142,0.0,0.0,0.013888888888888888,0.0,0.0,1.0
4.0,7.970561829599368e-09,0.0,0.0,0.0,0.0,0.013888888888888888,0.0,0.0,0.0
1.0,100.0,0.046946421681029055,6.029206866982763,0.0,0.0,0.013888888888888888,0.0,0.0,1.0
2.0,1.3280150155692072e-06,0.0008023822194126182,0.12588293312470905,0.0,0.0,0.013888888888888888,0.0,0.0,1.0
3.0,1.3182244949200276e-06,1.4147375619664894e-05,0.002836832612276166,0.0,0.0,0.013888888888888888,0.0,0.0,1.0
4.0,8.055007163396143e-09,0.0,0.0,0.0,0.0,0.013888888888888888,0.0,0.0,0.0
1.0,100.0,0.04695159602778428,6.029045102964037,0.0,0.0,0.013888888888888888,0.0,0.0,1.0
2.0,1.3414217275594063e-06,0.0008024129981128885,0.12585903282343153,0.0,0.0,0.013888888888888888,0.0,0.0,1.0
3.0,1.3314484268730855e-06,1.4142028266854246e-05,0.002835838589281399,0.0,0.0,0.013888888888888888,0.0,0.0,1.0
4.0,8.147316691465852e-09,0.0,0.0,0.0,0.0,0.013888888888888888,0.0,0.0,0.0
1.0,100.0,0.04695674581970172,6.0288757129463955,0.0,0.0,0.013888888888888888,0.0,0.0,1.0
2.0,1.354537565211604e-06,0.0008024431492491908,0.12583520136169485,0.0,0.0,0.013888888888888888,0.0,0.0,1.0
3.0,1.3443801149116322e-06,1.4136684120246074e-05,0.0028348522730390234,0.0,0.0,0.013888888888888888,0.0,0.0,1.0
4.0,8.236567198218469e-09,0.0,0.0,0.0,0.0,0.013888888888888888,0.0,0.0,0.0
1.0,100.0,0.046961758211092254,6.028598060398022,0.0,0.0,0.013888888888888888,0.0,0.0,1.0
2.0,4.0265808805498883e-07,0.0008024569644408758,0.12579916786896295,0.0,0.0,0.013888888888888888,0.0,0.0,1.0
3.0,3.9957684961418993e-07,1.413069708262464e-05,0.0028333317498417067,0.0,0.0,0.013888888888888888,0.0,0.0,1.0
4.0,3.3433174161594274e-09,0.0,0.0,0.0,0.0,0.013888888888888888,0.0,0.0,0.0
1.0,100.0,0.04698238511455752,6.028373953905318,0.0,0.0,0.013888888888888888,0.0,0.0,1.0
2.0,3.9404591535548503e-07,0.0008026962364555284,0.12576472190638283,0.0,0.0,0.013888888888888888,0.0,0.0,1.0
3.0,3.9257128743816303e-07,1.4130663464957536e-05,0.0028318623515388055,0.0,0.0,0.013888888888888888,0.0,0.0,1.0
4.0,3.3093779857031197e-09,0.0,0.0,0.0,0.0,0.013888888888888888,0.0,0.0,0.0
1.0,100.0,0.04698602864093389,6.028299893619494,0.0,0.0,0.013888888888888888,0.0,0.0,1.0
2.0,3.925773171668339e-07,0.00080259949850594,0.12573409021840876,0.0,0.0,0.013888888888888888,0.0,0.0,1.0
3.0,3.916126759293489e-07,1.4126248900541718e-05,0.0028304971293208353,0.0,0.0,0.013888888888888888,0.0,0.0,1.0
4.0,3.290854362963282e-09,0.0,0.0,0.0,0.0,0.013888888888888888,0.0,0.0,0.0
1.0,100.0,0.04698661361794331,6.0282623027106235,0.0,0.0,0.013888888888888888,0.0,0.0,1.0
2.0,3.9186183060086176e-07,0.0008024425840006565,0.12570437753237068,0.0,0.0,0.013888888888888888,0.0,0.0,1.0
3.0,3.910657304935379e-07,1.4121014903748489e-05,0.002829157106521795,0.0,0.0,0.013888888888888888,0.0,0.0,1.0
4.0,3.2991223098182e-09,0.0,0.0,0.0,0.0,0.013888888888888888,0.0,0.0,0.0
1.0,100.0,0.046986682077167566,6.028231826250711,0.0,0.0,0.013888888888888888,0.0,0.0,1.0
2.0,3.9120563095396805e-07,0.0008022755407615599,0.1256748413526412,0.0,0.0,0.013888888888888888,0.0,0.0,1.0
3.0,3.904703017145835e-07,1.4115636994436801e-05,0.0028278221307622966,0.0,0.0,0.013888888888888888,0.0,0.0,1.0
4.0,3.2993617262645335e-09,0.0,0.0,0.0,0.0,0.013888888888888888,0.0,0.0,0.0
1.0,100.0,0.04698666578425643,6.028202626034949,0.0,0.0,0.013888888888888888,0.0,0.0,1.0
2.0,3.903834782367972e-07,0.0008021068258592194,0.12564533452870902,0.0,0.0,0.013888888888888888,0.0,0.0,1.0
3.0,3.896604461808032e-07,1.411023417023092e-05,0.002826488212342922,0.0,0.0,0.013888888888888888,0.0,0.0,1.0
4.0,3.29903495977481e-09,0.0,0.0,0.0,0.0,0.013888888888888888,0.0,0.0,0.0
1.0,100.0,0.04698663580796841,6.028173646973683,0.0,0.0,0.013888888888888888,0.0,0.0,1.0
2.0,3.8937876357992605e-07,0.0008019378243887884,0.12561583055331363,0.0,0.0,0.013888888888888888,0.0,0.0,1.0
3.0,3.8865427443400276e-07,1.4104826782933396e-05,0.0028251546447495388,0.0,0.0,0.013888888888888888,0.0,0.0,1.0
4.0,3.28329306052172e-09,0.0,0.0,0.0,0.0,0.013888888888888888,0.0,0.0,0.0
1.0,100.0,0.04698660362798181,6.028144707503798,0.0,0.0,0.013888888888888888,0.0,0.0,1.0
2.0,3.881702852112328e-07,0.0008017687589893344,0.12558632488970234,0.0,0.0,0.013888888888888888,0.0,0.0,1.0
3.0,3.874423633043668e-07,1.4099418204056012e-05,0.0028238212947741376,0.0,0.0,0.013888888888888888,0.0,0.0,1.0
4.0,3.2802484412816607e-09,0.0,0.0,0.0,0.0,0.013888888888888888,0.0,0.0,0.0
1.0,100.0,0.04698657107512078,6.02811577729039,0.0,0.0,0.013888888888888888,0.0,0.0,1.0
2.0,3.8679635026303024e-07,0.0008015996650346665,0.12555681678051114,0.0,0.0,0.013888888888888888,0.0,0.0,1.0
3.0,3.860830658922082e-07,1.409400901235076e-05,0.0028224881460219347,0.0,0.0,0.013888888888888888,0.0,0.0,1.0
4.0,3.2904168982724806e-09,0.0,0.0,0.0,0.0,0.013888888888888888,0.0,0.0,0.0
1.0,100.0,0.046986538438750045,6.028086851359695,0.0,0.0,0.013888888888888888,0.0,0.0,1.0
2.0,3.8527308016003577e-07,0.0008014305481501959,0.12552730612415913,0.0,0.0,0.013888888888888888,0.0,0.0,1.0
3.0,3.845472775185679e-07,1.4088599307485692e-05,0.0028211552010458723,0.0,0.0,0.013888888888888888,0.0,0.0,1.0
4.0,3.2674775958664226e-09,0.0,0.0,0.0,0.0,0.013888888888888888,0.0,0.0,0.0
1.0,100.0,0.04698650576432434,6.0280579289290035,0.0,0.0,0.013888888888888888,0.0,0.0,1.0
2.0,3.835981987136829e-07,0.0008012614092630548,0.1254977928979414,0.0,0.0,0.013888888888888888,0.0,0.0,1.0
3.0,3.828762618211741e-07,1.408318911761599e-05,0.002819822451071275,0.0,0.0,0.013888888888888888,0.0,0.0,1.0
4.0,3.252617274624963e-09,0.0,0.0,0.0,0.0,0.013888888888888888,0.0,0.0,0.0
1.0,100.0,0.046986473058981314,6.0280290098777956,0.0,0.0,0.013888888888888888,0.0,0.0,1.0
2.0,3.8179189152065e-07,0.000801092248584979,0.1254682771217277,0.0,0.0,0.013888888888888888,0.0,0.0,1.0
3.0,3.8107631188806384e-07,1.407777843582503e-05,0.0028184899080666375,0.0,0.0,0.013888888888888888,0.0,0.0,1.0
4.0,3.2478743963392064e-09,0.0,0.0,0.0,0.0,0.013888888888888888,0.0,0.0,0.0
1.0,100.0,0.04698644032386214,6.028000094203535,0.0,0.0,0.013888888888888888,0.0,0.0,1.0
2.0,3.7989978788396827e-07,0.0008009230662026736,0.1254387588027528,0.0,0.0,0.013888888888888888,0.0,0.0,1.0
3.0,3.79179554801751e-07,1.4072367255559165e-05,0.002817157561663846,0.0,0.0,0.013888888888888888,0.0,0.0,1.0
4.0,3.226634554680521e-09,0.0,0.0,0.0,0.0,0.013888888888888888,0.0,0.0,0.0
1.0,100.0,0.04698640755917738,6.027971181912049,0.0,0.0,0.013888888888888888,0.0,0.0,1.0
2.0,3.778954504574688e-07,0.0008007538621931056,0.12540923795434472,0.0,0.0,0.013888888888888888,0.0,0.0,1.0
3.0,3.7717272830695466e-07,1.4066955606846268e-05,0.0028158254153684984,0.0,0.0,0.013888888888888888,0.0,0.0,1.0
4.0,3.2026139887898924e-09,0.0,0.0,0.0,0.0,0.013888888888888888,0.0,0.0,0.0
1.0,100.0,0.046986374764990596,6.027942273019922,0.0,0.0,0.013888888888888888,0.0,0.0,1.0
2.0,3.7582200385744605e-07,0.0008005846366256153,0.12537971458490305,0.0,0.0,0.013888888888888888,0.0,0.0,1.0
3.0,3.7511276110415677e-07,1.4061543480056308e-05,0.002814493473289387,0.0,0.0,0.013888888888888888,0.0,0.0,1.0
4.0,3.197846444458572e-09,0.0,0.0,0.0,0.0,0.013888888888888888,0.0,0.0,0.0
1.0,100.0,0.046986341941348146,6.027913367537339,0.0,0.0,0.013888888888888888,0.0,0.0,1.0
2.0,3.7367689411650415e-07,0.0008004153895705227,0.12535018870565698,0.0,0.0,0.013888888888888888,0.0,0.0,1.0
3.0,3.729766509347621e-07,1.4056130884786655e-05,0.002813161739792505,0.0,0.0,0.013888888888888888,0.0,0.0,1.0
4.0,3.188297307544779e-09,0.0,0.0,0.0,0.0,0.013888888888888888,0.0,0.0,0.0
1.0,100.0,0.046986309088289484,6.027884465493915,0.0,0.0,0.013888888888888888,0.0,0.0,1.0
2.0,3.7144840655459085e-07,0.0008002461210986435,0.12532066032125974,0.0,0.0,0.013888888888888888,0.0,0.0,1.0
3.0,3.7074943664257293e-07,1.4050717806215731e-05,0.0028118301986928967,0.0,0.0,0.013888888888888888,0.0,0.0,1.0
4.0,3.1689458404636186e-09,0.0,0.0,0.0,0.0,0.013888888888888888,0.0,0.0,0.0
1.0,100.0,0.04698627620585307,6.027855566872903,0.0,0.0,0.013888888888888888,0.0,0.0,1.0
2.0,3.6919422396696435e-07,0.0008000768312819405,0.12529112946780888,0.0,0.0,0.013888888888888888,0.0,0.0,1.0
3.0,3.6849267678240746e-07,1.4045304274972075e-05,0.002810498865324244,0.0,0.0,0.013888888888888888,0.0,0.0,1.0
4.0,3.15451469354649e-09,0.0,0.0,0.0,0.0,0.013888888888888888,0.0,0.0,0.0
1.0,100.0,0.04698624329407971,6.027826671714654,0.0,0.0,0.013888888888888888,0.0,0.0,1.0
2.0,3.668791381719327e-07,0.0007999075201921437,0.12526159612801807,0.0,0.0,0.013888888888888888,0.0,0.0,1.0
3.0,3.661804874638076e-07,1.4039890277982783e-05,0.002809167739922583,0.0,0.0,0.013888888888888888,0.0,0.0,1.0
4.0,3.134597395694139e-09,0.0,0.0,0.0,0.0,0.013888888888888888,0.0,0.0,0.0
1.0,100.0,0.046986210353006486,6.027797780028687,0.0,0.0,0.013888888888888888,0.0,0.0,1.0
2.0,3.6453913773210635e-07,0.0007997381878924996,0.12523206032850648,0.0,0.0,0.013888888888888888,0.0,0.0,1.0
3.0,3.6384415104291543e-07,1.4034475815168306e-05,0.0028078368176137005,0.0,0.0,0.013888888888888888,0.0,0.0,1.0
4.0,3.11532206426208e-09,0.0,0.0,0.0,0.0,0.013888888888888888,0.0,0.0,0.0
1.0,100.0,0.04698617738267655,6.027768891820326,0.0,0.0,0.013888888888888888,0.0,0.0,1.0
2.0,3.6214535663418176e-07,0.0007995688344622119,0.12520252208268726,0.0,0.0,0.013888888888888888,0.0,0.0,1.0
3.0,3.614577963137756e-07,1.4029060922528474e-05,0.0028065061051039215,0.0,0.0,0.013888888888888888,0.0,0.0,1.0
4.0,3.1116501806898567e-09,0.0,0.0,0.0,0.0,0.013888888888888888,0.0,0.0,0.0
1.0,100.0,0.04698614438312697,6.027740007106834,0.0,0.0,0.013888888888888888,0.0,0.0,1.0
2.0,3.5974987704942623e-07,0.0007993994599661668,0.125172981385625,0.0,0.0,0.013888888888888888,0.0,0.0,1.0
3.0,3.59071253016655e-07,1.4023645549012732e-05,0.0028051755859910604,0.0,0.0,0.013888888888888888,0.0,0.0,1.0
4.0,3.0878704294956705e-09,0.0,0.0,0.0,0.0,0.013888888888888888,0.0,0.0,0.0
1.0,100.0,0.04698611135439918,6.027711125907528,0.0,0.0,0.013888888888888888,0.0,0.0,1.0
2.0,3.573069714627683e-07,0.0007992300644782278,0.12514343827236296,0.0,0.0,0.013888888888888888,0.0,0.0,1.0
3.0,3.566268270240213e-07,1.4018229758842894e-05,0.0028038452863348266,0.0,0.0,0.013888888888888888,0.0,0.0,1.0
4.0,3.06366308695453e-09,0.0,0.0,0.0,0.0,0.013888888888888888,0.0,0.0,0.0
1.0,100.0,0.0469860782965444,6.027682248227704,0.0,0.0,0.013888888888888888,0.0,0.0,1.0
2.0,3.54864908949562e-07,0.0007990606480686428,0.12511389273471418,0.0,0.0,0.013888888888888888,0.0,0.0,1.0
3.0,3.541745743171986e-07,1.4012813510430527e-05,0.002802515187388531,0.0,0.0,0.013888888888888888,0.0,0.0,1.0
4.0,3.0430547573297967e-09,0.0,0.0,0.0,0.0,0.013888888888888888,0.0,0.0,0.0
1.0,100.0,0.04698604520958677,6.027653374076979,0.0,0.0,0.013888888888888888,0.0,0.0,1.0
2.0,3.524043867543223e-07,0.0007988912108135837,0.12508434480137684,0.0,0.0,0.013888888888888888,0.0,0.0,1.0
3.0,3.517366283518851e-07,1.4007396824515073e-05,0.002801185301725121,0.0,0.0,0.013888888888888888,0.0,0.0,1.0
4.0,3.038037092667162e-09,0.0,0.0,0.0,0.0,0.013888888888888888,0.0,0.0,0.0
1.0,100.0,0.04698601209357243,6.027624503479693,0.0,0.0,0.013888888888888888,0.0,0.0,1.0
2.0,3.4992697765198493e-07,0.0007987217527813316,0.12505479446649734,0.0,0.0,0.013888888888888888,0.0,0.0,1.0
3.0,3.4925306820585404e-07,1.4001979721440145e-05,0.002799855618736449,0.0,0.0,0.013888888888888888,0.0,0.0,1.0
4.0,3.0073123583782605e-09,0.0,0.0,0.0,0.0,0.013888888888888888,0.0,0.0,0.0
1.0,100.0,0.04698597894854287,6.027595636446445,0.0,0.0,0.013888888888888888,0.0,0.0,1.0
2.0,3.474423704414986e-07,0.0007985522740427107,0.1250252417516047,0.0,0.0,0.013888888888888888,0.0,0.0,1.0
3.0,3.4677173465137804e-07,1.3996562179071036e-05,0.0027985261475042995,0.0,0.0,0.013888888888888888,0.0,0.0,1.0
4.0,2.9896993962503054e-09,0.0,0.0,0.0,0.0,0.013888888888888888,0.0,0.0,0.0
1.0,100.0,0.0469859457745367,6.027566772977525,0.0,0.0,0.013888888888888888,0.0,0.0,1.0
2.0,3.4495618950004784e-07,0.0007983827746668239,0.1249956866706709,0.0,0.0,0.013888888888888888,0.0,0.0,1.0
3.0,3.44296704272254e-07,1.3991144224269224e-05,0.002797196886433036,0.0,0.0,0.013888888888888888,0.0,0.0,1.0
4.0,2.9748926239304748e-09,0.0,0.0,0.0,0.0,0.013888888888888888,0.0,0.0,0.0
1.0,100.0,0.04698591257160002,6.027537913110252,0.0,0.0,0.013888888888888888,0.0,0.0,1.0
2.0,3.4246527624577777e-07,0.0007982132547315643,0.12496612922430472,0.0,0.0,0.013888888888888888,0.0,0.0,1.0
3.0,3.418137454288099e-07,1.398572584323416e-05,0.002795867836403023,0.0,0.0,0.013888888888888888,0.0,0.0,1.0
4.0,2.9588906391099775e-09,0.0,0.0,0.0,0.0,0.013888888888888888,0.0,0.0,0.0
1.0,100.0,0.046985879339766855,6.02750905683659,0.0,0.0,0.013888888888888888,0.0,0.0,1.0
2.0,3.399831193143988e-07,0.0007980437143056313,0.12493656943421325,0.0,0.0,0.013888888888888888,0.0,0.0,1.0
3.0,3.3933658586197e-07,1.3980307043852222e-05,0.0027945389982783884,0.0,0.0,0.013888888888888888,0.0,0.0,1.0
4.0,2.937604008006368e-09,0.0,0.0,0.0,0.0,0.013888888888888888,0.0,0.0,0.0
1.0,100.0,0.04698584607908195,6.0274802041715665,0.0,0.0,0.013888888888888888,0.0,0.0,1.0
2.0,3.3750372890949667e-07,0.0007978741534567138,0.12490700731042813,0.0,0.0,0.013888888888888888,0.0,0.0,1.0
3.0,3.368478860601625e-07,1.3974887840745242e-05,0.002793210369829888,0.0,0.0,0.013888888888888888,0.0,0.0,1.0
4.0,2.9056095622357877e-09,0.0,0.0,0.0,0.0,0.013888888888888888,0.0,0.0,0.0
1.0,100.0,0.046985812789584885,6.027451355137622,0.0,0.0,0.013888888888888888,0.0,0.0,1.0
2.0,3.3502009610075417e-07,0.0007977045722640911,0.12487744286375795,0.0,0.0,0.013888888888888888,0.0,0.0,1.0
3.0,3.343705088492661e-07,1.396946821894727e-05,0.0027918819524096325,0.0,0.0,0.013888888888888888,0.0,0.0,1.0
4.0,2.8912439182369503e-09,0.0,0.0,0.0,0.0,0.013888888888888888,0.0,0.0,0.0
1.0,100.0,0.04698577947131787,6.027422509747071,0.0,0.0,0.013888888888888888,0.0,0.0,1.0
2.0,3.3255363656241903e-07,0.0007975349707964907,0.12484787610142695,0.0,0.0,0.013888888888888888,0.0,0.0,1.0
3.0,3.3192096247791655e-07,1.3964048216446693e-05,0.002790553748947889,0.0,0.0,0.013888888888888888,0.0,0.0,1.0
4.0,2.8824022744119244e-09,0.0,0.0,0.0,0.0,0.013888888888888888,0.0,0.0,0.0
1.0,100.0,0.04698574612431947,6.027393668005042,0.0,0.0,0.013888888888888888,0.0,0.0,1.0
2.0,3.300817764206565e-07,0.0007973653491229423,0.12481830703777745,0.0,0.0,0.013888888888888888,0.0,0.0,1.0
3.0,3.29443353852643e-07,1.3958627784659715e-05,0.0027892257642106095,0.0,0.0,0.013888888888888888,0.0,0.0,1.0
4.0,2.8575303268553986e-09,0.0,0.0,0.0,0.0,0.013888888888888888,0.0,0.0,0.0
1.0,100.0,0.04698571274863189,6.0273648299262215,0.0,0.0,0.013888888888888888,0.0,0.0,1.0
2.0,3.2763777157547794e-07,0.0007971957073179845,0.12478873568716811,0.0,0.0,0.013888888888888888,0.0,0.0,1.0
3.0,3.27015733538506e-07,1.3953207004168462e-05,0.002787897987583406,0.0,0.0,0.013888888888888888,0.0,0.0,1.0
4.0,2.8427876785817813e-09,0.0,0.0,0.0,0.0,0.013888888888888888,0.0,0.0,0.0
1.0,100.0,0.04876406118920892,91.06843343820859,0.0,0.0,0.013888888888888888,0.0,0.0,1.0
2.0,2.0410988772239574e-05,0.0008888706686658361,8.558765556375949,0.0,0.0,0.013888888888888888,0.0,0.0,1.0
3.0,2.0227970130235125e-05,1.747477148791099e-05,0.003109673814438063,0.0,0.0,0.013888888888888888,0.0,0.0,1.0
4.0,6.89928513680545e-08,3.974269473254721e-07,0.0,0.0,0.0,0.013888888888888888,0.0,0.0,0.0
1.0,100.0,0.04574584746632506,6.213238074354101,0.0,0.0,0.013888888888888888,0.0,0.0,1.0
2.0,1.0769715590054844e-07,0.0007570323859668605,0.10192988759483974,0.0,0.0,0.013888888888888888,0.0,0.0,1.0
3.0,1.4832407804569189e-07,1.2344858104903038e-05,0.0,0.0,0.0,0.013888888888888888,0.0,0.0,1.0
4.0,2.1411929040408474e-09,0.0,0.0,0.0,0.0,0.013888888888888888,0.0,0.0,0.0
1.0,100.0,0.046868117691956285,5.701333000476016,0.0,0.0,0.013888888888888888,0.0,0.0,1.0
2.0,3.042184733570081e-07,0.0007984890396643518,0.119647251572166,0.0,0.0,0.013888888888888888,0.0,0.0,1.0
3.0,3.1682194906061275e-07,1.3583655652949663e-05,0.002703060086539094,0.0,0.0,0.013888888888888888,0.0,0.0,1.0
4.0,2.642974779104659e-09,0.0,0.0,0.0,0.0,0.013888888888888888,0.0,0.0,0.0
1.0,100.0,0.047021234210780326,6.077670865624152,0.0,0.0,0.013888888888888888,0.0,0.0,1.0
2.0,3.5726997919727275e-07,0.0008046366153573564,0.12931273064872562,0.0,0.0,0.013888888888888888,0.0,0.0,1.0
3.0,3.606343711856066e-07,1.4049057838732695e-05,0.002970108029768984,0.0,0.0,0.013888888888888888,0.0,0.0,1.0
4.0,2.7990598148619673e-09,0.0,0.0,0.0,0.0,0.013888888888888888,0.0,0.0,0.0
1.0,100.0,0.04704774106045865,6.136832818652607,0.0,0.0,0.013888888888888888,0.0,0.0,1.0
2.0,3.9091319256665576e-07,0.0008055995043159121,0.13079328109968166,0.0,0.0,0.013888888888888888,0.0,0.0,1.0
3.0,3.9103751418393566e-07,1.4155625498812064e-05,0.003010288969692922,0.0,0.0,0.013888888888888888,0.0,0.0,1.0
4.0,2.9020687578734555e-09,0.0,0.0,0.0,0.0,0.013888888888888888,0.0,0.0,0.0
1.0,100.0,0.04705639087433145,6.1465390441949745,0.0,0.0,0.013888888888888888,0.0,0.0,1.0
2.0,4.180906172283534e-07,0.0008057688138160472,0.1310042256492012,0.0,0.0,0.013888888888888888,0.0,0.0,1.0
3.0,4.1694881528145806e-07,1.4172526426148808e-05,0.0030153592180045467,0.0,0.0,0.013888888888888888,0.0,0.0,1.0
4.0,2.997086836598217e-09,0.0,0.0,0.0,0.0,0.013888888888888888,0.0,0.0,0.0
1.0,100.0,0.04706237681626126,6.148350911726549,0.0,0.0,0.013888888888888888,0.0,0.0,1.0
2.0,4.4283707491832627e-07,0.0008058137030908695,0.13101343462605342,0.0,0.0,0.013888888888888888,0.0,0.0,1.0
3.0,4.4106816844468795e-07,1.4174931607907776e-05,0.003014870998435691,0.0,0.0,0.013888888888888888,0.0,0.0,1.0
4.0,3.0882287323146343e-09,0.0,0.0,0.0,0.0,0.013888888888888888,0.0,0.0,0.0
1.0,100.0,0.047067951841693774,6.148915395121636,0.0,0.0,0.013888888888888888,0.0,0.0,1.0
2.0,4.665143940367138e-07,0.000805840405787962,0.130992371372392,0.0,0.0,0.013888888888888888,0.0,0.0,1.0
3.0,4.643271370111606e-07,1.4175093684459806e-05,0.003013585043276059,0.0,0.0,0.013888888888888888,0.0,0.0,1.0
4.0,3.1714553636703366e-09,0.0,0.0,0.0,0.0,0.013888888888888888,0.0,0.0,0.0
1.0,100.0,0.04707340847948952,6.149251689608435,0.0,0.0,0.013888888888888888,0.0,0.0,1.0
2.0,4.895482728902318e-07,0.0008058645460045468,0.13096734585496309,0.0,0.0,0.013888888888888888,0.0,0.0,1.0
3.0,4.870241041236438e-07,1.4174946704652722e-05,0.00301223206300033,0.0,0.0,0.013888888888888888,0.0,0.0,1.0
4.0,3.2529449773059137e-09,0.0,0.0,0.0,0.0,0.013888888888888888,0.0,0.0,0.0
1.0,100.0,0.04707875092325696,6.149482288668405,0.0,0.0,0.013888888888888888,0.0,0.0,1.0
2.0,5.120831410918431e-07,0.000805886228219685,0.13094032582819112,0.0,0.0,0.013888888888888888,0.0,0.0,1.0
3.0,5.092623151260151e-07,1.4174709090811112e-05,0.003010840400165285,0.0,0.0,0.013888888888888888,0.0,0.0,1.0
4.0,3.35952414944058e-09,0.0,0.0,0.0,0.0,0.013888888888888888,0.0,0.0,0.0
1.0,100.0,0.047084037834862404,6.149677418034143,0.0,0.0,0.013888888888888888,0.0,0.0,1.0
2.0,5.341663001368314e-07,0.000805907093144196,0.13091307119022966,0.0,0.0,0.013888888888888888,0.0,0.0,1.0
3.0,5.310485042909895e-07,1.4174460429304989e-05,0.0030094577515338045,0.0,0.0,0.013888888888888888,0.0,0.0,1.0
4.0,3.4472409972769563e-09,0.0,0.0,0.0,0.0,0.013888888888888888,0.0,0.0,0.0
1.0,100.0,0.047089280317034035,6.149849396227335,0.0,0.0,0.013888888888888888,0.0,0.0,1.0
2.0,5.558197974737446e-07,0.0008059274025586644,0.13088585852441423,0.0,0.0,0.013888888888888888,0.0,0.0,1.0
3.0,5.523948038935281e-07,1.4174210778802715e-05,0.0030080908591116756,0.0,0.0,0.013888888888888888,0.0,0.0,1.0
4.0,3.5291565717672983e-09,0.0,0.0,0.0,0.0,0.013888888888888888,0.0,0.0,0.0
1.0,100.0,0.047094482832887884,6.150002387437699,0.0,0.0,0.013888888888888888,0.0,0.0,1.0
2.0,5.770961934138597e-07,0.0008059472800912109,0.13085880518981707,0.0,0.0,0.013888888888888888,0.0,0.0,1.0
3.0,5.734043316553087e-07,1.4173964213499774e-05,0.0030067431550809993,0.0,0.0,0.013888888888888888,0.0,0.0,1.0
4.0,3.630121754833369e-09,0.0,0.0,0.0,0.0,0.013888888888888888,0.0,0.0,0.0
1.0,100.0,0.0470996657225316,6.150156735557238,0.0,0.0,0.013888888888888888,0.0,0.0,1.0
2.0,5.979356719468741e-07,0.0008059681314938666,0.1308332290778458,0.0,0.0,0.013888888888888888,0.0,0.0,1.0
3.0,5.939687650488838e-07,1.4173775660089523e-05,0.003005468535025108,0.0,0.0,0.013888888888888888,0.0,0.0,1.0
4.0,3.7091797988528433e-09,0.0,0.0,0.0,0.0,0.013888888888888888,0.0,0.0,0.0
1.0,100.0,0.04710477394791933,6.150261451954425,0.0,0.0,0.013888888888888888,0.0,0.0,1.0
2.0,6.183738444959274e-07,0.0008059876651703988,0.13080702484180873,0.0,0.0,0.013888888888888888,0.0,0.0,1.0
3.0,6.141374935655202e-07,1.4173567746943916e-05,0.003004191227325644,0.0,0.0,0.013888888888888888,0.0,0.0,1.0
4.0,3.807413163667066e-09,0.0,0.0,0.0,0.0,0.013888888888888888,0.0,0.0,0.0
1.0,100.0,0.04710983740194043,6.150342315312778,0.0,0.0,0.013888888888888888,0.0,0.0,1.0
2.0,6.384342428364063e-07,0.0008060065940834494,0.13078082476656785,0.0,0.0,0.013888888888888888,0.0,0.0,1.0
3.0,6.339255053745075e-07,1.417335796143311e-05,0.0030029280459082635,0.0,0.0,0.013888888888888888,0.0,0.0,1.0
4.0,3.904450461211976e-09,0.0,0.0,0.0,0.0,0.013888888888888888,0.0,0.0,0.0
1.0,100.0,0.0471148622619349,6.150404369232913,0.0,0.0,0.013888888888888888,0.0,0.0,1.0
2.0,6.581158751480179e-07,0.0008060250328081937,0.1307547302145397,0.0,0.0,0.013888888888888888,0.0,0.0,1.0
3.0,6.533512864765484e-07,1.4173146316292024e-05,0.0030016811416701066,0.0,0.0,0.013888888888888888,0.0,0.0,1.0
4.0,3.995460000578794e-09,0.0,0.0,0.0,0.0,0.013888888888888888,0.0,0.0,0.0
1.0,100.0,0.047119850659562396,6.150449168898417,0.0,0.0,0.013888888888888888,0.0,0.0,1.0
2.0,6.773939813563129e-07,0.0008060430022487896,0.13072875480860932,0.0,0.0,0.013888888888888888,0.0,0.0,1.0
3.0,6.723650752277471e-07,1.4172935245603924e-05,0.0030004502954333666,0.0,0.0,0.013888888888888888,0.0,0.0,1.0
4.0,4.099755971266381e-09,0.0,0.0,0.0,0.0,0.013888888888888888,0.0,0.0,0.0
1.0,100.0,0.04712480399643905,6.150477653657649,0.0,0.0,0.013888888888888888,0.0,0.0,1.0
2.0,6.963146661920134e-07,0.0008060605016952878,0.13070289800628826,0.0,0.0,0.013888888888888888,0.0,0.0,1.0
3.0,6.910419286983985e-07,1.4172722481086277e-05,0.0029992349224761523,0.0,0.0,0.013888888888888888,0.0,0.0,1.0
4.0,4.1873290725480414e-09,0.0,0.0,0.0,0.0,0.013888888888888888,0.0,0.0,0.0
1.0,100.0,0.047129723488976344,6.15049061854447,0.0,0.0,0.013888888888888888,0.0,0.0,1.0
2.0,7.148653494623472e-07,0.0008060775297547709,0.13067715709187655,0.0,0.0,0.013888888888888888,0.0,0.0,1.0
3.0,7.093400375556254e-07,1.4172507948271068e-05,0.0029980344264840136,0.0,0.0,0.013888888888888888,0.0,0.0,1.0
4.0,4.280840396440212e-09,0.0,0.0,0.0,0.0,0.013888888888888888,0.0,0.0,0.0
1.0,100.0,0.047134610266772,6.150488794130505,0.0,0.0,0.013888888888888888,0.0,0.0,1.0
2.0,7.330623277631868e-07,0.0008060940833125406,0.13065152906329203,0.0,0.0,0.013888888888888888,0.0,0.0,1.0
3.0,7.27294131679701e-07,1.4172290423157141e-05,0.0029968482142125868,0.0,0.0,0.013888888888888888,0.0,0.0,1.0
4.0,4.370664360780153e-09,0.0,0.0,0.0,0.0,0.013888888888888888,0.0,0.0,0.0
1.0,100.0,0.04713946700729206,6.1504745067620705,0.0,0.0,0.013888888888888888,0.0,0.0,1.0
2.0,7.508867550866966e-07,0.0008061101927370414,0.13062605539430874,0.0,0.0,0.013888888888888888,0.0,0.0,1.0
3.0,7.448846352070811e-07,1.417206900956621e-05,0.002995677073589704,0.0,0.0,0.013888888888888888,0.0,0.0,1.0
4.0,4.477561847103709e-09,0.0,0.0,0.0,0.0,0.013888888888888888,0.0,0.0,0.0
1.0,100.0,0.047144290690564576,6.150444710871677,0.0,0.0,0.013888888888888888,0.0,0.0,1.0
2.0,7.683528771728631e-07,0.0008061257573042075,0.13060063511520317,0.0,0.0,0.013888888888888888,0.0,0.0,1.0
3.0,7.621082918362416e-07,1.4171842008238326e-05,0.002994517665951868,0.0,0.0,0.013888888888888888,0.0,0.0,1.0
4.0,4.555380832755474e-09,0.0,0.0,0.0,0.0,0.013888888888888888,0.0,0.0,0.0
1.0,100.0,0.04714908326919311,6.1504008338086384,0.0,0.0,0.013888888888888888,0.0,0.0,1.0
2.0,7.854916991939176e-07,0.000806140800440658,0.13057528574068827,0.0,0.0,0.013888888888888888,0.0,0.0,1.0
3.0,7.79022894449708e-07,1.4171609397777446e-05,0.0029933700275731343,0.0,0.0,0.013888888888888888,0.0,0.0,1.0
4.0,4.663031694999507e-09,0.0,0.0,0.0,0.0,0.013888888888888888,0.0,0.0,0.0
1.0,100.0,0.04715384662276601,6.15034429446592,0.0,0.0,0.013888888888888888,0.0,0.0,1.0
2.0,8.022725479949644e-07,0.000806155343349873,0.13055002645727629,0.0,0.0,0.013888888888888888,0.0,0.0,1.0
3.0,7.955736244679689e-07,1.4171370639354491e-05,0.002992234284913531,0.0,0.0,0.013888888888888888,0.0,0.0,1.0
4.0,4.753670571755436e-09,0.0,0.0,0.0,0.0,0.013888888888888888,0.0,0.0,0.0
1.0,100.0,0.04715858186088241,6.150275851539049,0.0,0.0,0.013888888888888888,0.0,0.0,1.0
2.0,8.187176714803573e-07,0.0008061693883317535,0.1305248606218786,0.0,0.0,0.013888888888888888,0.0,0.0,1.0
3.0,8.117849694956922e-07,1.417112445809106e-05,0.002991110169838318,0.0,0.0,0.013888888888888888,0.0,0.0,1.0
4.0,4.839124864525726e-09,0.0,0.0,0.0,0.0,0.013888888888888888,0.0,0.0,0.0
1.0,100.0,0.04716328984223735,6.150196053171155,0.0,0.0,0.013888888888888888,0.0,0.0,1.0
2.0,8.34842686536032e-07,0.0008061829358191445,0.1304997870714228,0.0,0.0,0.013888888888888888,0.0,0.0,1.0
3.0,8.276986292043305e-07,1.41708720635161e-05,0.0029899972948195146,0.0,0.0,0.013888888888888888,0.0,0.0,1.0
4.0,4.9383055465840434e-09,0.0,0.0,0.0,0.0,0.013888888888888888,0.0,0.0,0.0
1.0,100.0,0.04716797134227352,6.150105379696616,0.0,0.0,0.013888888888888888,0.0,0.0,1.0
2.0,8.506393416968797e-07,0.0008061959817280822,0.13047480375140794,0.0,0.0,0.013888888888888888,0.0,0.0,1.0
3.0,8.43292373223215e-07,1.4170612069669775e-05,0.0029888952824358448,0.0,0.0,0.013888888888888888,0.0,0.0,1.0
4.0,5.03084208992342e-09,0.0,0.0,0.0,0.0,0.013888888888888888,0.0,0.0,0.0
1.0,100.0,0.047172627086094085,6.150004277056569,0.0,0.0,0.013888888888888888,0.0,0.0,1.0
2.0,8.661046952905303e-07,0.0008062085226889834,0.13044990850234547,0.0,0.0,0.013888888888888888,0.0,0.0,1.0
3.0,8.585394168548291e-07,1.4170343889604987e-05,0.0029878037648334945,0.0,0.0,0.013888888888888888,0.0,0.0,1.0
4.0,5.124208285089258e-09,0.0,0.0,0.0,0.0,0.013888888888888888,0.0,0.0,0.0
1.0,100.0,0.04717725776238747,6.149893164841651,0.0,0.0,0.013888888888888888,0.0,0.0,1.0
2.0,8.812610577928865e-07,0.0008062205552185762,0.1304250992088847,0.0,0.0,0.013888888888888888,0.0,0.0,1.0
3.0,8.734900405069639e-07,1.4170066868841419e-05,0.0029867223837258317,0.0,0.0,0.013888888888888888,0.0,0.0,1.0
4.0,5.216604893987085e-09,0.0,0.0,0.0,0.0,0.013888888888888888,0.0,0.0,0.0
1.0,100.0,0.047181864025739914,6.149772439148647,0.0,0.0,0.013888888888888888,0.0,0.0,1.0
2.0,9.013219013257409e-07,0.0008062320760428592,0.13040037384385955,0.0,0.0,0.013888888888888888,0.0,0.0,1.0
3.0,8.981974854917541e-07,1.4169780810742776e-05,0.0029856508049254833,0.0,0.0,0.013888888888888888,0.0,0.0,1.0
4.0,5.311793922396181e-09,0.0,0.0,0.0,0.0,0.013888888888888888,0.0,0.0,0.0
1.0,100.0,0.04718644649999758,6.149642474346435,0.0,0.0,0.013888888888888888,0.0,0.0,1.0
2.0,9.52553413483678e-07,0.0008062430816045577,0.13037573043724757,0.0,0.0,0.013888888888888888,0.0,0.0,1.0
3.0,9.494686297573496e-07,1.416948505480678e-05,0.002984588718438765,0.0,0.0,0.013888888888888888,0.0,0.0,1.0
4.0,5.406315313673759e-09,0.0,0.0,0.0,0.0,0.013888888888888888,0.0,0.0,0.0
1.0,100.0,0.04719100577923232,6.149503624573704,0.0,0.0,0.013888888888888888,0.0,0.0,1.0
2.0,1.0045778780203918e-06,0.0008062535683434676,0.1303511671157465,0.0,0.0,0.013888888888888888,0.0,0.0,1.0
3.0,1.0015360311925026e-06,1.4169179181867009e-05,0.002983535817520598,0.0,0.0,0.013888888888888888,0.0,0.0,1.0
4.0,5.489814205908405e-09,0.0,0.0,0.0,0.0,0.013888888888888888,0.0,0.0,0.0
1.0,100.0,0.0471955424302276,6.1493562250748335,0.0,0.0,0.013888888888888888,0.0,0.0,1.0
2.0,1.057373431714673e-06,0.000806263532731169,0.13032668208034473,0.0,0.0,0.013888888888888888,0.0,0.0,1.0
3.0,1.054369507387886e-06,1.4168862690563107e-05,0.002982491814104355,0.0,0.0,0.013888888888888888,0.0,0.0,1.0
4.0,5.587894689393658e-09,0.0,0.0,0.0,0.0,0.013888888888888888,0.0,0.0,0.0
1.0,100.0,0.04720005699405625,6.1492005934603124,0.0,0.0,0.013888888888888888,0.0,0.0,1.0
2.0,1.1108908211473315e-06,0.0008062729710969094,0.13030227358035087,0.0,0.0,0.013888888888888888,0.0,0.0,1.0
3.0,1.107913427265214e-06,1.416853511659493e-05,0.0029814564414976023,0.0,0.0,0.013888888888888888,0.0,0.0,1.0
4.0,5.6761857307805514e-09,0.0,0.0,0.0,0.0,0.013888888888888888,0.0,0.0,0.0
1.0,100.0,0.04720454998755154,6.1490370307840925,0.0,0.0,0.013888888888888888,0.0,0.0,1.0
2.0,1.1651043852965932e-06,0.0008062818795909773,0.13027793997054138,0.0,0.0,0.013888888888888888,0.0,0.0,1.0
3.0,1.1621644650357238e-06,1.4168195800395173e-05,0.002980429431238387,0.0,0.0,0.013888888888888888,0.0,0.0,1.0
4.0,5.763582704595808e-09,0.0,0.0,0.0,0.0,0.013888888888888888,0.0,0.0,0.0
1.0,100.0,0.04720902190541401,6.1488658226760755,0.0,0.0,0.013888888888888888,0.0,0.0,1.0
2.0,1.2199648433555385e-06,0.0008062902548532455,0.13025367963664677,0.0,0.0,0.013888888888888888,0.0,0.0,1.0
3.0,1.217048303146942e-06,1.4167844617237197e-05,0.0029794105424246794,0.0,0.0,0.013888888888888888,0.0,0.0,1.0
4.0,5.8471289243935496e-09,0.0,0.0,0.0,0.0,0.013888888888888888,0.0,0.0,0.0
1.0,100.0,0.04721337549450163,6.1485853897443254,0.0,0.0,0.013888888888888888,0.0,0.0,1.0
2.0,7.210188047967193e-07,0.0008062836881123303,0.13021686837961208,0.0,0.0,0.013888888888888888,0.0,0.0,1.0
3.0,7.178138945259863e-07,1.4166886792709922e-05,0.0029778336041013545,0.0,0.0,0.013888888888888888,0.0,0.0,1.0
4.0,6.3627756424560715e-09,0.0,0.0,0.0,0.0,0.013888888888888888,0.0,0.0,0.0
1.0,100.0,0.047232119327622446,6.148359490378519,0.0,0.0,0.013888888888888888,0.0,0.0,1.0
2.0,7.100192722794966e-07,0.0008064896655631354,0.13018168511743863,0.0,0.0,0.013888888888888888,0.0,0.0,1.0
3.0,7.080637494550331e-07,1.4168901123214366e-05,0.0029763095051972793,0.0,0.0,0.013888888888888888,0.0,0.0,1.0
4.0,6.314361537552227e-09,0.0,0.0,0.0,0.0,0.013888888888888888,0.0,0.0,0.0
1.0,100.0,0.0472355579056306,6.148283842634035,0.0,0.0,0.013888888888888888,0.0,0.0,1.0
2.0,7.028840161983453e-07,0.0008063958798420927,0.13015037762146073,0.0,0.0,0.013888888888888888,0.0,0.0,1.0
3.0,7.013539827962521e-07,1.4165014961085192e-05,0.002974892897601921,0.0,0.0,0.013888888888888888,0.0,0.0,1.0
4.0,6.24084782328359e-09,0.0,0.0,0.0,0.0,0.013888888888888888,0.0,0.0,0.0
1.0,100.0,0.04723619231110362,6.148245029444888,0.0,0.0,0.013888888888888888,0.0,0.0,1.0
2.0,6.96462427165712e-07,0.0008062474845045029,0.13012001227042513,0.0,0.0,0.013888888888888888,0.0,0.0,1.0
3.0,6.950659645787069e-07,1.41600655437925e-05,0.0029735025232791286,0.0,0.0,0.013888888888888888,0.0,0.0,1.0
4.0,6.175877639762597e-09,0.0,0.0,0.0,0.0,0.013888888888888888,0.0,0.0,0.0
1.0,100.0,0.04723634727982216,6.148213466481908,0.0,0.0,0.013888888888888888,0.0,0.0,1.0
2.0,6.902431624176108e-07,0.0008060897837038516,0.1300898297234251,0.0,0.0,0.013888888888888888,0.0,0.0,1.0
3.0,6.888945775267721e-07,1.4154936882351696e-05,0.002972117454813986,0.0,0.0,0.013888888888888888,0.0,0.0,1.0
4.0,6.1098009346573225e-09,0.0,0.0,0.0,0.0,0.013888888888888888,0.0,0.0,0.0
1.0,100.0,0.04723642275552492,6.148183216012973,0.0,0.0,0.013888888888888888,0.0,0.0,1.0
2.0,6.840258483602825e-07,0.0008059305295703995,0.13005967812511982,0.0,0.0,0.013888888888888888,0.0,0.0,1.0
3.0,6.826891077209788e-07,1.4149778216005019e-05,0.0029707335180702648,0.0,0.0,0.013888888888888888,0.0,0.0,1.0
4.0,6.047247661252629e-09,0.0,0.0,0.0,0.0,0.013888888888888888,0.0,0.0,0.0
1.0,100.0,0.047236485254603555,6.1481531951050705,0.0,0.0,0.013888888888888888,0.0,0.0,1.0
2.0,6.777987839921687e-07,0.000805771005104753,0.13002952985819638,0.0,0.0,0.013888888888888888,0.0,0.0,1.0
3.0,6.76480052331043e-07,1.4144614351617974e-05,0.0029693499442453837,0.0,0.0,0.013888888888888888,0.0,0.0,1.0
4.0,5.993325790694077e-09,0.0,0.0,0.0,0.0,0.013888888888888888,0.0,0.0,0.0
1.0,100.0,0.04723654561765271,6.148123215656621,0.0,0.0,0.013888888888888888,0.0,0.0,1.0
2.0,6.715150912376347e-07,0.0008056114182743159,0.12999938014998597,0.0,0.0,0.013888888888888888,0.0,0.0,1.0
3.0,6.70197106881974e-07,1.4139449218069933e-05,0.0029679666140377575,0.0,0.0,0.013888888888888888,0.0,0.0,1.0
4.0,5.925778949607664e-09,0.0,0.0,0.0,0.0,0.013888888888888888,0.0,0.0,0.0
1.0,100.0,0.04723660558733236,6.148093245938781,0.0,0.0,0.013888888888888888,0.0,0.0,1.0
2.0,6.652090919371025e-07,0.000805451802342057,0.12996922820254692,0.0,0.0,0.013888888888888888,0.0,0.0,1.0
3.0,6.63897491241365e-07,1.413428341955223e-05,0.0029665834994958436,0.0,0.0,0.013888888888888888,0.0,0.0,1.0
4.0,5.8567481721743125e-09,0.0,0.0,0.0,0.0,0.013888888888888888,0.0,0.0,0.0
1.0,100.0,0.0472366654413858,6.148063280704246,0.0,0.0,0.013888888888888888,0.0,0.0,1.0
2.0,6.588839438139309e-07,0.0008052921626780322,0.12993907389525183,0.0,0.0,0.013888888888888888,0.0,0.0,1.0
3.0,6.575658939026854e-07,1.4129117120695828e-05,0.0029652006028271986,0.0,0.0,0.013888888888888888,0.0,0.0,1.0
4.0,5.7866989745110945e-09,0.0,0.0,0.0,0.0,0.013888888888888888,0.0,0.0,0.0
1.0,100.0,0.04723672522307632,6.148033319108872,0.0,0.0,0.013888888888888888,0.0,0.0,1.0
2.0,6.525257193573599e-07,0.0008051325001427317,0.12990891722035292,0.0,0.0,0.013888888888888888,0.0,0.0,1.0
3.0,6.51221828138689e-07,1.4123950238699369e-05,0.0029638179160390086,0.0,0.0,0.013888888888888888,0.0,0.0,1.0
4.0,5.726841148207284e-09,0.0,0.0,0.0,0.0,0.013888888888888888,0.0,0.0,0.0
1.0,100.0,0.04723678493962134,6.148003361015456,0.0,0.0,0.013888888888888888,0.0,0.0,1.0
2.0,6.461509248867604e-07,0.000804972815250527,0.1298787581783663,0.0,0.0,0.013888888888888888,0.0,0.0,1.0
3.0,6.448529641996805e-07,1.4118782897539596e-05,0.002962435443809694,0.0,0.0,0.013888888888888888,0.0,0.0,1.0
4.0,5.668279749528617e-09,0.0,0.0,0.0,0.0,0.013888888888888888,0.0,0.0,0.0
1.0,100.0,0.04723684459214195,6.147973406426112,0.0,0.0,0.013888888888888888,0.0,0.0,1.0
2.0,6.397859551520643e-07,0.000804813107446936,0.1298485967802401,0.0,0.0,0.013888888888888888,0.0,0.0,1.0
3.0,6.384878482862359e-07,1.4113615249173689e-05,0.002961053187615603,0.0,0.0,0.013888888888888888,0.0,0.0,1.0
4.0,5.6107128149338865e-09,0.0,0.0,0.0,0.0,0.013888888888888888,0.0,0.0,0.0
1.0,100.0,0.04723690418083493,6.147943455345888,0.0,0.0,0.013888888888888888,0.0,0.0,1.0
2.0,6.334185431314446e-07,0.0008046533771402878,0.12981843304467455,0.0,0.0,0.013888888888888888,0.0,0.0,1.0
3.0,6.32128744483475e-07,1.410844685739852e-05,0.002959671147588573,0.0,0.0,0.013888888888888888,0.0,0.0,1.0
4.0,5.538665716771522e-09,0.0,0.0,0.0,0.0,0.013888888888888888,0.0,0.0,0.0
1.0,100.0,0.04723696370574299,6.147913507786256,0.0,0.0,0.013888888888888888,0.0,0.0,1.0
2.0,6.270505377945897e-07,0.0008044936243691759,0.1297882669895382,0.0,0.0,0.013888888888888888,0.0,0.0,1.0
3.0,6.257622661498349e-07,1.4103277954310117e-05,0.002958289326547223,0.0,0.0,0.013888888888888888,0.0,0.0,1.0
4.0,5.469676441162398e-09,0.0,0.0,0.0,0.0,0.013888888888888888,0.0,0.0,0.0
1.0,100.0,0.047237023166895646,6.147883563761709,0.0,0.0,0.013888888888888888,0.0,0.0,1.0
2.0,6.207015900418174e-07,0.0008043338492143378,0.12975809860806625,0.0,0.0,0.013888888888888888,0.0,0.0,1.0
3.0,6.194171350851889e-07,1.409810854073392e-05,0.002956907719276683,0.0,0.0,0.013888888888888888,0.0,0.0,1.0
4.0,5.411419293598866e-09,0.0,0.0,0.0,0.0,0.013888888888888888,0.0,0.0,0.0
1.0,100.0,0.0472370825643332,6.14785362329031,0.0,0.0,0.013888888888888888,0.0,0.0,1.0
2.0,6.143593070663422e-07,0.0008041740517357726,0.12972792791783333,0.0,0.0,0.013888888888888888,0.0,0.0,1.0
3.0,6.130771212994436e-07,1.4092938650408534e-05,0.002955526332123639,0.0,0.0,0.013888888888888888,0.0,0.0,1.0
4.0,5.326264839650131e-09,0.0,0.0,0.0,0.0,0.013888888888888888,0.0,0.0,0.0
1.0,100.0,0.047237141898072724,6.147823686373092,0.0,0.0,0.013888888888888888,0.0,0.0,1.0
2.0,6.08035539444691e-07,0.0008040142320076284,0.129697754940884,0.0,0.0,0.013888888888888888,0.0,0.0,1.0
3.0,6.067615483820669e-07,1.4087768244670429e-05,0.002954145165403836,0.0,0.0,0.013888888888888888,0.0,0.0,1.0
4.0,5.274777342728567e-09,0.0,0.0,0.0,0.0,0.013888888888888888,0.0,0.0,0.0
1.0,100.0,0.047237201168151215,6.147793753033396,0.0,0.0,0.013888888888888888,0.0,0.0,1.0
2.0,6.0174747182028e-07,0.0008038543900706271,0.12966757967289422,0.0,0.0,0.013888888888888888,0.0,0.0,1.0
3.0,6.004831599059915e-07,1.4082597330904266e-05,0.0029527642145016496,0.0,0.0,0.013888888888888888,0.0,0.0,1.0
4.0,5.212043135935387e-09,0.0,0.0,0.0,0.0,0.013888888888888888,0.0,0.0,0.0
1.0,100.0,0.047237260374602644,6.147763823280967,0.0,0.0,0.013888888888888888,0.0,0.0,1.0
2.0,5.954584557356779e-07,0.0008036945260123729,0.12963740213894956,0.0,0.0,0.013888888888888888,0.0,0.0,1.0
3.0,5.94196853161203e-07,1.4077425938188905e-05,0.0029513834860133616,0.0,0.0,0.013888888888888888,0.0,0.0,1.0
4.0,5.143157524482224e-09,0.0,0.0,0.0,0.0,0.013888888888888888,0.0,0.0,0.0
1.0,100.0,0.047237319517450825,6.1477338971320075,0.0,0.0,0.013888888888888888,0.0,0.0,1.0
2.0,5.892182346834917e-07,0.0008035346398849382,0.12960722234513822,0.0,0.0,0.013888888888888888,0.0,0.0,1.0
3.0,5.879696449687124e-07,1.4072254062854076e-05,0.002950002972058981,0.0,0.0,0.013888888888888888,0.0,0.0,1.0
4.0,5.085582531958034e-09,0.0,0.0,0.0,0.0,0.013888888888888888,0.0,0.0,0.0
1.0,100.0,0.04723737859673142,6.147703974588677,0.0,0.0,0.013888888888888888,0.0,0.0,1.0
2.0,5.829939093595399e-07,0.0008033747317323014,0.1295770403000388,0.0,0.0,0.013888888888888888,0.0,0.0,1.0
3.0,5.81743701126367e-07,1.4067081706050564e-05,0.0029486226855808947,0.0,0.0,0.013888888888888888,0.0,0.0,1.0
4.0,5.019805491863224e-09,0.0,0.0,0.0,0.0,0.013888888888888888,0.0,0.0,0.0
1.0,100.0,0.04723743761247948,6.147674055677597,0.0,0.0,0.013888888888888888,0.0,0.0,1.0
2.0,5.768123260815114e-07,0.0008032148017258688,0.12954685601857907,0.0,0.0,0.013888888888888888,0.0,0.0,1.0
3.0,5.755633173660114e-07,1.4061908883093395e-05,0.0029472426170305834,0.0,0.0,0.013888888888888888,0.0,0.0,1.0
4.0,4.956419331173893e-09,0.0,0.0,0.0,0.0,0.013888888888888888,0.0,0.0,0.0
1.0,100.0,0.04723749656469019,6.147644140400637,0.0,0.0,0.013888888888888888,0.0,0.0,1.0
2.0,5.706587395589617e-07,0.0008030548497529814,0.12951666951194446,0.0,0.0,0.013888888888888888,0.0,0.0,1.0
3.0,5.694119241903626e-07,1.405673555807998e-05,0.0029458627688514548,0.0,0.0,0.013888888888888888,0.0,0.0,1.0
4.0,4.883434774528231e-09,0.0,0.0,0.0,0.0,0.013888888888888888,0.0,0.0,0.0
1.0,100.0,0.04723755545344253,6.147614228776418,0.0,0.0,0.013888888888888888,0.0,0.0,1.0
2.0,5.645288716793723e-07,0.0008028948760446931,0.1294864807905002,0.0,0.0,0.013888888888888888,0.0,0.0,1.0
3.0,5.632917979099783e-07,1.4051561721177058e-05,0.0029444831515299235,0.0,0.0,0.013888888888888888,0.0,0.0,1.0
4.0,4.818326213722515e-09,0.0,0.0,0.0,0.0,0.013888888888888888,0.0,0.0,0.0
1.0,100.0,0.04723761427873537,6.147584320816705,0.0,0.0,0.013888888888888888,0.0,0.0,1.0
2.0,5.584368747429844e-07,0.0008027348806178167,0.12945628986321142,0.0,0.0,0.013888888888888888,0.0,0.0,1.0
3.0,5.572105614969883e-07,1.404638749399421e-05,0.0029431037480886777,0.0,0.0,0.013888888888888888,0.0,0.0,1.0
4.0,4.768629246262978e-09,0.0,0.0,0.0,0.0,0.013888888888888888,0.0,0.0,0.0
1.0,100.0,0.047237673040598636,6.147554416524148,0.0,0.0,0.013888888888888888,0.0,0.0,1.0
2.0,5.523796028106835e-07,0.0008025748634941164,0.12942609674530411,0.0,0.0,0.013888888888888888,0.0,0.0,1.0
3.0,5.511556966052934e-07,1.404121279812766e-05,0.0029417245715467177,0.0,0.0,0.013888888888888888,0.0,0.0,1.0
4.0,4.703421087247298e-09,0.0,0.0,0.0,0.0,0.013888888888888888,0.0,0.0,0.0
1.0,100.0,0.047237731739082515,6.147524515926603,0.0,0.0,0.013888888888888888,0.0,0.0,1.0
2.0,5.463702267144256e-07,0.000802414824751736,0.1293959014483325,0.0,0.0,0.013888888888888888,0.0,0.0,1.0
3.0,5.451487526708937e-07,1.4036037624853964e-05,0.0029403456212023222,0.0,0.0,0.013888888888888888,0.0,0.0,1.0
4.0,4.635294829166589e-09,0.0,0.0,0.0,0.0,0.013888888888888888,0.0,0.0,0.0
1.0,100.0,0.047237790374184796,6.14749461903166,0.0,0.0,0.013888888888888888,0.0,0.0,1.0
2.0,5.403920388708903e-07,0.0008022547645148391,0.1293657039858476,0.0,0.0,0.013888888888888888,0.0,0.0,1.0
3.0,5.39183476349848e-07,1.4030861999686797e-05,0.002938966895312217,0.0,0.0,0.013888888888888888,0.0,0.0,1.0
4.0,4.581623908693402e-09,0.0,0.0,0.0,0.0,0.013888888888888888,0.0,0.0,0.0
1.0,100.0,0.047237848945948374,6.147464725847055,0.0,0.0,0.013888888888888888,0.0,0.0,1.0
2.0,5.344412770302053e-07,0.0008020946827981316,0.12933550435961647,0.0,0.0,0.013888888888888888,0.0,0.0,1.0
3.0,5.332368323126579e-07,1.4025685905821556e-05,0.0029375883955610215,0.0,0.0,0.013888888888888888,0.0,0.0,1.0
4.0,4.519851750432642e-09,0.0,0.0,0.0,0.0,0.013888888888888888,0.0,0.0,0.0
1.0,100.0,0.04723790745441118,6.147434836386879,0.0,0.0,0.013888888888888888,0.0,0.0,1.0
2.0,5.285452647397018e-07,0.0008019345796332897,0.12930530259467038,0.0,0.0,0.013888888888888888,0.0,0.0,1.0
3.0,5.2734176755864e-07,1.4020509379065784e-05,0.0029362101195317906,0.0,0.0,0.013888888888888888,0.0,0.0,1.0
4.0,4.451928368109695e-09,0.0,0.0,0.0,0.0,0.013888888888888888,0.0,0.0,0.0
1.0,100.0,0.047237965899592074,6.1474049506698725,0.0,0.0,0.013888888888888888,0.0,0.0,1.0
2.0,5.226853697718678e-07,0.0008017744551724535,0.12927509869312329,0.0,0.0,0.013888888888888888,0.0,0.0,1.0
3.0,5.214843423013101e-07,1.4015332429884332e-05,0.0029348320728715127,0.0,0.0,0.013888888888888888,0.0,0.0,1.0
4.0,4.3928242390261954e-09,0.0,0.0,0.0,0.0,0.013888888888888888,0.0,0.0,0.0
1.0,100.0,0.04723802428154722,6.147375068699548,0.0,0.0,0.013888888888888888,0.0,0.0,1.0
2.0,5.168641702777824e-07,0.0008016143094006091,0.12924489267582367,0.0,0.0,0.013888888888888888,0.0,0.0,1.0
3.0,5.156770855691875e-07,1.4010155004323367e-05,0.002933454251076973,0.0,0.0,0.013888888888888888,0.0,0.0,1.0
4.0,4.330034608684e-09,0.0,0.0,0.0,0.0,0.013888888888888888,0.0,0.0,0.0
1.0,100.0,0.047238082600264526,6.147345190498435,0.0,0.0,0.013888888888888888,0.0,0.0,1.0
2.0,5.110681670136959e-07,0.0008014541424172403,0.12921468453367377,0.0,0.0,0.013888888888888888,0.0,0.0,1.0
3.0,5.098843570274703e-07,1.4004977169075912e-05,0.0029320766579382933,0.0,0.0,0.013888888888888888,0.0,0.0,1.0
4.0,4.2689815331278556e-09,0.0,0.0,0.0,0.0,0.013888888888888888,0.0,0.0,0.0
1.0,100.0,0.047238140855799075,6.147315316060315,0.0,0.0,0.013888888888888888,0.0,0.0,1.0
2.0,5.053297278153209e-07,0.0008012939542987779,0.12918447430253147,0.0,0.0,0.013888888888888888,0.0,0.0,1.0
3.0,5.041560486408461e-07,1.3999798892898394e-05,0.0029306992939254375,0.0,0.0,0.013888888888888888,0.0,0.0,1.0
4.0,4.2184584518465424e-09,0.0,0.0,0.0,0.0,0.013888888888888888,0.0,0.0,0.0
1.0,100.0,0.048874397676870275,90.8988383216936,0.0,0.0,0.013888888888888888,0.0,0.0,1.0
2.0,1.5188874093841557e-05,0.0008869983070113505,8.612589908769177,0.0,0.0,0.013888888888888888,0.0,0.0,1.0
3.0,1.502117408649442e-05,1.7343520778005175e-05,0.003268312585871144,0.0,0.0,0.013888888888888888,0.0,0.0,1.0
4.0,3.76144994522767e-08,3.943171123445535e-07,0.0,0.0,0.0,0.013888888888888888,0.0,0.0,0.0
1.0,100.0,0.04612783216207065,6.18746083731901,0.0,0.0,0.013888888888888888,0.0,0.0,1.0
2.0,3.4798871396268584e-07,0.000764911283533138,0.10467985037380101,0.0,0.0,0.013888888888888888,0.0,0.0,1.0
3.0,3.8387688531746636e-07,1.250647589864476e-05,0.0,0.0,0.0,0.013888888888888888,0.0,0.0,1.0
4.0,3.918335996834129e-09,0.0,0.0,0.0,0.0,0.013888888888888888,0.0,0.0,0.0
1.0,100.0,0.04717969427108544,5.81170876942031,0.0,0.0,0.013888888888888888,0.0,0.0,1.0
2.0,5.042015060746196e-07,0.0008044536693637414,0.12376431357658281,0.0,0.0,0.013888888888888888,0.0,0.0,1.0
3.0,5.149290643695587e-07,1.3705509990922917e-05,0.0028383741332343795,0.0,0.0,0.013888888888888888,0.0,0.0,1.0
4.0,4.1568852170144354e-09,0.0,0.0,0.0,0.0,0.013888888888888888,0.0,0.0,0.0
1.0,100.0,0.047325143012633804,6.198644036987929,0.0,0.0,0.013888888888888888,0.0,0.0,1.0
2.0,5.44228682500052e-07,0.0008103806705574329,0.13385103174003388,0.0,0.0,0.013888888888888888,0.0,0.0,1.0
3.0,5.465840901454772e-07,1.4158530095844614e-05,0.0031214400102098088,0.0,0.0,0.013888888888888888,0.0,0.0,1.0
4.0,4.222075672652128e-09,0.0,0.0,0.0,0.0,0.013888888888888888,0.0,0.0,0.0
1.0,100.0,0.047350292935306064,6.260082151371595,0.0,0.0,0.013888888888888888,0.0,0.0,1.0
2.0,5.669006052506113e-07,0.0008113039550535347,0.135412653409922,0.0,0.0,0.013888888888888888,0.0,0.0,1.0
3.0,5.663186563666285e-07,1.4261392425353666e-05,0.003164510788110539,0.0,0.0,0.013888888888888888,0.0,0.0,1.0
4.0,4.2473608620764754e-09,0.0,0.0,0.0,0.0,0.013888888888888888,0.0,0.0,0.0
1.0,100.0,0.047358187232769584,6.270254065124576,0.0,0.0,0.013888888888888888,0.0,0.0,1.0
2.0,5.836189681365111e-07,0.0008114510507620131,0.13563864196812872,0.0,0.0,0.013888888888888888,0.0,0.0,1.0
3.0,5.818839903505165e-07,1.4277151970278307e-05,0.003170067039277067,0.0,0.0,0.013888888888888888,0.0,0.0,1.0
4.0,4.250617720899828e-09,0.0,0.0,0.0,0.0,0.013888888888888888,0.0,0.0,0.0
1.0,100.0,0.04736346111642424,6.2721537783331405,0.0,0.0,0.013888888888888888,0.0,0.0,1.0
2.0,5.980514899094067e-07,0.0008114747882444165,0.1356500703105089,0.0,0.0,0.013888888888888888,0.0,0.0,1.0
3.0,5.957316386384644e-07,1.4278703843223475e-05,0.0031696181937266527,0.0,0.0,0.013888888888888888,0.0,0.0,1.0
4.0,4.242514489994687e-09,0.0,0.0,0.0,0.0,0.013888888888888888,0.0,0.0,0.0
1.0,100.0,0.04736831846950934,6.272725973686957,0.0,0.0,0.013888888888888888,0.0,0.0,1.0
2.0,6.114172234472569e-07,0.0008114797150964397,0.13562843838107894,0.0,0.0,0.013888888888888888,0.0,0.0,1.0
3.0,6.087274601068709e-07,1.427801685074904e-05,0.003168275775550338,0.0,0.0,0.013888888888888888,0.0,0.0,1.0
4.0,4.247670684234599e-09,0.0,0.0,0.0,0.0,0.013888888888888888,0.0,0.0,0.0
1.0,100.0,0.04737307802870195,6.273074313973423,0.0,0.0,0.013888888888888888,0.0,0.0,1.0
2.0,6.241031304576234e-07,0.0008114827002069155,0.13560320990935404,0.0,0.0,0.013888888888888888,0.0,0.0,1.0
3.0,6.211149630935595e-07,1.4277044244513697e-05,0.0031668831679075573,0.0,0.0,0.013888888888888888,0.0,0.0,1.0
4.0,4.251090652189194e-09,0.0,0.0,0.0,0.0,0.013888888888888888,0.0,0.0,0.0
1.0,100.0,0.04737772274727866,6.273304713979237,0.0,0.0,0.013888888888888888,0.0,0.0,1.0
2.0,6.362346023498149e-07,0.0008114830999330224,0.1355756354611275,0.0,0.0,0.013888888888888888,0.0,0.0,1.0
3.0,6.32971771713181e-07,1.4275977364838826e-05,0.003165441580256262,0.0,0.0,0.013888888888888888,0.0,0.0,1.0
4.0,4.2524221683519585e-09,0.0,0.0,0.0,0.0,0.013888888888888888,0.0,0.0,0.0
1.0,100.0,0.047382315895056336,6.2734979868824965,0.0,0.0,0.013888888888888888,0.0,0.0,1.0
2.0,6.478738393615352e-07,0.0008114827172290101,0.13554778994763955,0.0,0.0,0.013888888888888888,0.0,0.0,1.0
3.0,6.443521479777578e-07,1.4274898089601099e-05,0.0031640085825709475,0.0,0.0,0.013888888888888888,0.0,0.0,1.0
4.0,4.246394214808395e-09,0.0,0.0,0.0,0.0,0.013888888888888888,0.0,0.0,0.0
1.0,100.0,0.04738686879545847,6.273667766894617,0.0,0.0,0.013888888888888888,0.0,0.0,1.0
2.0,6.590221915020938e-07,0.000811481833098478,0.13551998808824484,0.0,0.0,0.013888888888888888,0.0,0.0,1.0
3.0,6.552406600355599e-07,1.427381990448173e-05,0.003162592065041715,0.0,0.0,0.013888888888888888,0.0,0.0,1.0
4.0,4.248077709531063e-09,0.0,0.0,0.0,0.0,0.013888888888888888,0.0,0.0,0.0
1.0,100.0,0.047391384707162275,6.273817282639356,0.0,0.0,0.013888888888888888,0.0,0.0,1.0
2.0,6.697230636499813e-07,0.0008114804920518039,0.1354922770068625,0.0,0.0,0.013888888888888888,0.0,0.0,1.0
3.0,6.656885123738946e-07,1.4272742289256115e-05,0.003161192486961042,0.0,0.0,0.013888888888888888,0.0,0.0,1.0
4.0,4.247333126083577e-09,0.0,0.0,0.0,0.0,0.013888888888888888,0.0,0.0,0.0
1.0,100.0,0.04739587303163799,6.273956916349413,0.0,0.0,0.013888888888888888,0.0,0.0,1.0
2.0,6.799646846659489e-07,0.0008114792691592575,0.13546525902363887,0.0,0.0,0.013888888888888888,0.0,0.0,1.0
3.0,6.756756939628389e-07,1.4271689188810385e-05,0.0031598341435848253,0.0,0.0,0.013888888888888888,0.0,0.0,1.0
4.0,4.2324234317015584e-09,0.0,0.0,0.0,0.0,0.013888888888888888,0.0,0.0,0.0
1.0,100.0,0.04740032601056157,6.274080090236829,0.0,0.0,0.013888888888888888,0.0,0.0,1.0
2.0,6.897424793486445e-07,0.0008114781920912592,0.13543899353280484,0.0,0.0,0.013888888888888888,0.0,0.0,1.0
3.0,6.852076306348865e-07,1.427066386203581e-05,0.0031585237926082567,0.0,0.0,0.013888888888888888,0.0,0.0,1.0
4.0,4.228508512859561e-09,0.0,0.0,0.0,0.0,0.013888888888888888,0.0,0.0,0.0
1.0,100.0,0.04740472158942355,6.274162954742897,0.0,0.0,0.013888888888888888,0.0,0.0,1.0
2.0,6.990828693310873e-07,0.0008114761336881228,0.1354123103627721,0.0,0.0,0.013888888888888888,0.0,0.0,1.0
3.0,6.943211223077573e-07,1.4269628802492095e-05,0.0031572162963918148,0.0,0.0,0.013888888888888888,0.0,0.0,1.0
4.0,4.2333490432522685e-09,0.0,0.0,0.0,0.0,0.013888888888888888,0.0,0.0,0.0
1.0,100.0,0.04740907971185497,6.274224287187481,0.0,0.0,0.013888888888888888,0.0,0.0,1.0
2.0,7.0797846151301e-07,0.000811473572812026,0.1353856703665594,0.0,0.0,0.013888888888888888,0.0,0.0,1.0
3.0,7.029844086711828e-07,1.4268593254527795e-05,0.0031559239374666782,0.0,0.0,0.013888888888888888,0.0,0.0,1.0
4.0,4.224464867700892e-09,0.0,0.0,0.0,0.0,0.013888888888888888,0.0,0.0,0.0
1.0,100.0,0.047413404794953734,6.274267910430406,0.0,0.0,0.013888888888888888,0.0,0.0,1.0
2.0,7.164485320136936e-07,0.000811470588091862,0.1353591461886852,0.0,0.0,0.013888888888888888,0.0,0.0,1.0
3.0,7.112333208505109e-07,1.4267559445443067e-05,0.0031546481255969963,0.0,0.0,0.013888888888888888,0.0,0.0,1.0
4.0,4.217228566567343e-09,0.0,0.0,0.0,0.0,0.013888888888888888,0.0,0.0,0.0
1.0,100.0,0.047417699059265614,6.274295134343566,0.0,0.0,0.013888888888888888,0.0,0.0,1.0
2.0,7.244829957728775e-07,0.0008114672108391656,0.13533274667419665,0.0,0.0,0.013888888888888888,0.0,0.0,1.0
3.0,7.190374197564371e-07,1.4266526139919928e-05,0.0031533885428782563,0.0,0.0,0.013888888888888888,0.0,0.0,1.0
4.0,4.202280838018073e-09,0.0,0.0,0.0,0.0,0.013888888888888888,0.0,0.0,0.0
1.0,100.0,0.04742196313311785,6.274306814122059,0.0,0.0,0.013888888888888888,0.0,0.0,1.0
2.0,7.321036699199267e-07,0.0008114634218002345,0.1353064704232844,0.0,0.0,0.013888888888888888,0.0,0.0,1.0
3.0,7.264402225154192e-07,1.4265492396838909e-05,0.0031521445691205757,0.0,0.0,0.013888888888888888,0.0,0.0,1.0
4.0,4.202088998847017e-09,0.0,0.0,0.0,0.0,0.013888888888888888,0.0,0.0,0.0
1.0,100.0,0.04742619950792968,6.27430538277449,0.0,0.0,0.013888888888888888,0.0,0.0,1.0
2.0,7.393103444806978e-07,0.0008114592491735285,0.13528036195550758,0.0,0.0,0.013888888888888888,0.0,0.0,1.0
3.0,7.334337951667698e-07,1.4264457107648953e-05,0.0031509170891198387,0.0,0.0,0.013888888888888888,0.0,0.0,1.0
4.0,4.1898206211218374e-09,0.0,0.0,0.0,0.0,0.013888888888888888,0.0,0.0,0.0
1.0,100.0,0.0474304055339629,6.2742877435008335,0.0,0.0,0.013888888888888888,0.0,0.0,1.0
2.0,7.461134141176346e-07,0.0008114546025230926,0.13525431514686698,0.0,0.0,0.013888888888888888,0.0,0.0,1.0
3.0,7.400243433526781e-07,1.4263420412880853e-05,0.00314970249646345,0.0,0.0,0.013888888888888888,0.0,0.0,1.0
4.0,4.168671045886296e-09,0.0,0.0,0.0,0.0,0.013888888888888888,0.0,0.0,0.0
1.0,100.0,0.047434583542118915,6.274255361291482,0.0,0.0,0.013888888888888888,0.0,0.0,1.0
2.0,7.525190718641456e-07,0.0008114495203979743,0.13522834707048523,0.0,0.0,0.013888888888888888,0.0,0.0,1.0
3.0,7.462250668978624e-07,1.4262381186651508e-05,0.0031485007647180734,0.0,0.0,0.013888888888888888,0.0,0.0,1.0
4.0,4.164554130505794e-09,0.0,0.0,0.0,0.0,0.013888888888888888,0.0,0.0,0.0
1.0,100.0,0.04743873482638624,6.274209720605464,0.0,0.0,0.013888888888888888,0.0,0.0,1.0
2.0,7.585157234040258e-07,0.0008114440023713136,0.1352024776962617,0.0,0.0,0.013888888888888888,0.0,0.0,1.0
3.0,7.520215284641968e-07,1.4261335368689634e-05,0.0031473120286126485,0.0,0.0,0.013888888888888888,0.0,0.0,1.0
4.0,4.154864418993872e-09,0.0,0.0,0.0,0.0,0.013888888888888888,0.0,0.0,0.0
1.0,100.0,0.04744286068712436,6.274151624396775,0.0,0.0,0.013888888888888888,0.0,0.0,1.0
2.0,7.641372491905642e-07,0.0008114380674778562,0.1351767104439642,0.0,0.0,0.013888888888888888,0.0,0.0,1.0
3.0,7.574324628787749e-07,1.4260288694309458e-05,0.003146135963405121,0.0,0.0,0.013888888888888888,0.0,0.0,1.0
4.0,4.135563991236909e-09,0.0,0.0,0.0,0.0,0.013888888888888888,0.0,0.0,0.0
1.0,100.0,0.04744696177463831,6.2740816547355305,0.0,0.0,0.013888888888888888,0.0,0.0,1.0
2.0,7.693770614718561e-07,0.0008114317043316787,0.1351510439714688,0.0,0.0,0.013888888888888888,0.0,0.0,1.0
3.0,7.624813723252788e-07,1.4259237375500929e-05,0.0031449721649334673,0.0,0.0,0.013888888888888888,0.0,0.0,1.0
4.0,4.119496472734266e-09,0.0,0.0,0.0,0.0,0.013888888888888888,0.0,0.0,0.0
1.0,100.0,0.04745103882409456,6.274000321499088,0.0,0.0,0.013888888888888888,0.0,0.0,1.0
2.0,7.742404601084673e-07,0.0008114249112863695,0.13512547597525154,0.0,0.0,0.013888888888888888,0.0,0.0,1.0
3.0,7.671538950121669e-07,1.4258181719845327e-05,0.0031438202042258444,0.0,0.0,0.013888888888888888,0.0,0.0,1.0
4.0,4.1079323355679245e-09,0.0,0.0,0.0,0.0,0.013888888888888888,0.0,0.0,0.0
1.0,100.0,0.04745509258834277,6.27390809765043,0.0,0.0,0.013888888888888888,0.0,0.0,1.0
2.0,8.021453864831493e-07,0.0008114176873325894,0.13510000405387096,0.0,0.0,0.013888888888888888,0.0,0.0,1.0
3.0,7.982388504491253e-07,1.4257120700931828e-05,0.0031426796620785892,0.0,0.0,0.013888888888888888,0.0,0.0,1.0
4.0,4.096594583941059e-09,0.0,0.0,0.0,0.0,0.013888888888888888,0.0,0.0,0.0
1.0,100.0,0.047459123801301836,6.273805427839646,0.0,0.0,0.013888888888888888,0.0,0.0,1.0
2.0,8.528164389152881e-07,0.0008114100308007337,0.1350746258417678,0.0,0.0,0.013888888888888888,0.0,0.0,1.0
3.0,8.489358603288684e-07,1.4256054483002257e-05,0.003141550163624388,0.0,0.0,0.013888888888888888,0.0,0.0,1.0
4.0,4.073457506654101e-09,0.0,0.0,0.0,0.0,0.013888888888888888,0.0,0.0,0.0
1.0,100.0,0.047463132991899915,6.273692731528602,0.0,0.0,0.013888888888888888,0.0,0.0,1.0
2.0,9.043685407428183e-07,0.0008114019359873006,0.1350493390635591,0.0,0.0,0.013888888888888888,0.0,0.0,1.0
3.0,9.005242639951342e-07,1.4254982002245871e-05,0.003140431328053171,0.0,0.0,0.013888888888888888,0.0,0.0,1.0
4.0,4.050257588932529e-09,0.0,0.0,0.0,0.0,0.013888888888888888,0.0,0.0,0.0
1.0,100.0,0.047467120763569313,6.273570404906573,0.0,0.0,0.013888888888888888,0.0,0.0,1.0
2.0,9.56769456783298e-07,0.0008113934002118414,0.13502414155258463,0.0,0.0,0.013888888888888888,0.0,0.0,1.0
3.0,9.52950568125519e-07,1.4253902906668674e-05,0.003139322811371383,0.0,0.0,0.013888888888888888,0.0,0.0,1.0
4.0,4.036743629530128e-09,0.0,0.0,0.0,0.0,0.013888888888888888,0.0,0.0,0.0
1.0,100.0,0.047471087690062044,6.27343882250986,0.0,0.0,0.013888888888888888,0.0,0.0,1.0
2.0,1.0099645079741935e-06,0.00081138442036463,0.13499903120143925,0.0,0.0,0.013888888888888888,0.0,0.0,1.0
3.0,1.006177339161589e-06,1.4252816755281533e-05,0.0031382242821571343,0.0,0.0,0.013888888888888888,0.0,0.0,1.0
4.0,4.010373872012315e-09,0.0,0.0,0.0,0.0,0.013888888888888888,0.0,0.0,0.0
1.0,100.0,0.047475034317648185,6.273298338676232,0.0,0.0,0.013888888888888888,0.0,0.0,1.0
2.0,1.0639455213952497e-06,0.0008113749935298855,0.134974005998836,0.0,0.0,0.013888888888888888,0.0,0.0,1.0
3.0,1.0601740066295161e-06,1.4251723111176836e-05,0.0031371354176109715,0.0,0.0,0.013888888888888888,0.0,0.0,1.0
4.0,3.990721382020844e-09,0.0,0.0,0.0,0.0,0.013888888888888888,0.0,0.0,0.0
1.0,100.0,0.047478961221102,6.273149288918588,0.0,0.0,0.013888888888888888,0.0,0.0,1.0
2.0,1.1186687207468122e-06,0.0008113651188573378,0.13494906400716744,0.0,0.0,0.013888888888888888,0.0,0.0,1.0
3.0,1.1149160786211235e-06,1.4250621149822181e-05,0.0031360559245888447,0.0,0.0,0.013888888888888888,0.0,0.0,1.0
4.0,3.970326769509255e-09,0.0,0.0,0.0,0.0,0.013888888888888888,0.0,0.0,0.0
1.0,100.0,0.047482868918229344,6.272991991148086,0.0,0.0,0.013888888888888888,0.0,0.0,1.0
2.0,1.1740733668052266e-06,0.0008113547923636695,0.13492420336571434,0.0,0.0,0.013888888888888888,0.0,0.0,1.0
3.0,1.1703583369996716e-06,1.4249511284346255e-05,0.0031349855106727223,0.0,0.0,0.013888888888888888,0.0,0.0,1.0
4.0,3.9402841979223014e-09,0.0,0.0,0.0,0.0,0.013888888888888888,0.0,0.0,0.0
1.0,100.0,0.04748675781276375,6.272826746487298,0.0,0.0,0.013888888888888888,0.0,0.0,1.0
2.0,1.2301465893610353e-06,0.0008113440073196932,0.13489942210689793,0.0,0.0,0.013888888888888888,0.0,0.0,1.0
3.0,1.2264405062725676e-06,1.4248390630943067e-05,0.0031339237172290074,0.0,0.0,0.013888888888888888,0.0,0.0,1.0
4.0,3.925160242699587e-09,0.0,0.0,0.0,0.0,0.013888888888888888,0.0,0.0,0.0
1.0,100.0,0.04749062835554675,6.2726538384644375,0.0,0.0,0.013888888888888888,0.0,0.0,1.0
2.0,1.2868580785190348e-06,0.0008113327598467609,0.13487471605932014,0.0,0.0,0.013888888888888888,0.0,0.0,1.0
3.0,1.2831554801509484e-06,1.4247257934336627e-05,0.0031328678320887236,0.0,0.0,0.013888888888888888,0.0,0.0,1.0
4.0,3.89880344441688e-09,0.0,0.0,0.0,0.0,0.013888888888888888,0.0,0.0,0.0
1.0,100.0,0.047494396754414206,6.272370965560295,0.0,0.0,0.013888888888888888,0.0,0.0,1.0
2.0,3.616698306012266e-07,0.0008113078220728329,0.13483711941853468,0.0,0.0,0.013888888888888888,0.0,0.0,1.0
3.0,3.585305311446585e-07,1.4245606706855506e-05,0.003131234321175993,0.0,0.0,0.013888888888888888,0.0,0.0,1.0
4.0,2.5435214154634185e-09,0.0,0.0,0.0,0.0,0.013888888888888888,0.0,0.0,0.0
1.0,100.0,0.04751154699487524,6.272143303088545,0.0,0.0,0.013888888888888888,0.0,0.0,1.0
2.0,3.500194085561054e-07,0.0008114853734888856,0.13480118104132321,0.0,0.0,0.013888888888888888,0.0,0.0,1.0
3.0,3.481754097574381e-07,1.4246960703663383e-05,0.003129653785382695,0.0,0.0,0.013888888888888888,0.0,0.0,1.0
4.0,2.4879289441279976e-09,0.0,0.0,0.0,0.0,0.013888888888888888,0.0,0.0,0.0
1.0,100.0,0.04751480705678055,6.27206603285973,0.0,0.0,0.013888888888888888,0.0,0.0,1.0
2.0,3.431563853482943e-07,0.0008113937558426117,0.13476917914965564,0.0,0.0,0.013888888888888888,0.0,0.0,1.0
3.0,3.417401166735826e-07,1.4243137249188122e-05,0.0031281836520685954,0.0,0.0,0.013888888888888888,0.0,0.0,1.0
4.0,2.43052549918654e-09,0.0,0.0,0.0,0.0,0.013888888888888888,0.0,0.0,0.0
1.0,100.0,0.047515478373212724,6.272025952032405,0.0,0.0,0.013888888888888888,0.0,0.0,1.0
2.0,3.3727042622396643e-07,0.0008112522614294823,0.1347381428213523,0.0,0.0,0.013888888888888888,0.0,0.0,1.0
3.0,3.360086773778384e-07,1.4238360766121133e-05,0.003126740803630499,0.0,0.0,0.013888888888888888,0.0,0.0,1.0
4.0,2.3915501109068194e-09,0.0,0.0,0.0,0.0,0.013888888888888888,0.0,0.0,0.0
1.0,100.0,0.04751570158189845,6.271993256900739,0.0,0.0,0.013888888888888888,0.0,0.0,1.0
2.0,3.3178437885661837e-07,0.0008111021605605944,0.1347072956423616,0.0,0.0,0.013888888888888888,0.0,0.0,1.0
3.0,3.305822057120582e-07,1.4233419304634219e-05,0.003125303398602068,0.0,0.0,0.013888888888888888,0.0,0.0,1.0
4.0,2.3372165110586955e-09,0.0,0.0,0.0,0.0,0.013888888888888888,0.0,0.0,0.0
1.0,100.0,0.04751584977777816,6.27196191098239,0.0,0.0,0.013888888888888888,0.0,0.0,1.0
2.0,3.264939385578949e-07,0.0008109506095955746,0.13467648104814992,0.0,0.0,0.013888888888888888,0.0,0.0,1.0
3.0,3.2532113964014807e-07,1.422845061963379e-05,0.003123867175609199,0.0,0.0,0.013888888888888888,0.0,0.0,1.0
4.0,2.290858057171283e-09,0.0,0.0,0.0,0.0,0.013888888888888888,0.0,0.0,0.0
1.0,100.0,0.04751598560247563,6.271930803255309,0.0,0.0,0.013888888888888888,0.0,0.0,1.0
2.0,3.2133170762530887e-07,0.0008107988034904231,0.13464567027629287,0.0,0.0,0.013888888888888888,0.0,0.0,1.0
3.0,3.201692640220547e-07,1.422347658367592e-05,0.0031224313558685037,0.0,0.0,0.013888888888888888,0.0,0.0,1.0
4.0,2.2428898423689303e-09,0.0,0.0,0.0,0.0,0.013888888888888888,0.0,0.0,0.0
1.0,100.0,0.04751611934834646,6.271899738931625,0.0,0.0,0.013888888888888888,0.0,0.0,1.0
2.0,3.162813200670558e-07,0.0008106469371898689,0.13461485832513412,0.0,0.0,0.013888888888888888,0.0,0.0,1.0
3.0,3.1514153347165405e-07,1.421850133543539e-05,0.003120995787285179,0.0,0.0,0.013888888888888888,0.0,0.0,1.0
4.0,2.2007960806674665e-09,0.0,0.0,0.0,0.0,0.013888888888888888,0.0,0.0,0.0
1.0,100.0,0.047516252686863325,6.271868684854394,0.0,0.0,0.013888888888888888,0.0,0.0,1.0
2.0,3.113216051183062e-07,0.0008104950417906497,0.13458404434369117,0.0,0.0,0.013888888888888888,0.0,0.0,1.0
3.0,3.102003370783248e-07,1.4213525514147986e-05,0.0031195604519273813,0.0,0.0,0.013888888888888888,0.0,0.0,1.0
4.0,2.158174285827092e-09,0.0,0.0,0.0,0.0,0.013888888888888888,0.0,0.0,0.0
1.0,100.0,0.0475163858861196,6.2718376354714165,0.0,0.0,0.013888888888888888,0.0,0.0,1.0
2.0,3.064504988886076e-07,0.0008103431225056276,0.1345532281993272,0.0,0.0,0.013888888888888888,0.0,0.0,1.0
3.0,3.053406927917066e-07,1.4208549031595297e-05,0.003118125342884933,0.0,0.0,0.013888888888888888,0.0,0.0,1.0
4.0,2.118810565749686e-09,0.0,0.0,0.0,0.0,0.013888888888888888,0.0,0.0,0.0
1.0,100.0,0.04751651898873383,6.2718065898863635,0.0,0.0,0.013888888888888888,0.0,0.0,1.0
2.0,3.0165910745852917e-07,0.0008101911803592638,0.1345224098862064,0.0,0.0,0.013888888888888888,0.0,0.0,1.0
3.0,3.0055120365029737e-07,1.42035720571649e-05,0.0031166904718064334,0.0,0.0,0.013888888888888888,0.0,0.0,1.0
4.0,2.071057301422663e-09,0.0,0.0,0.0,0.0,0.013888888888888888,0.0,0.0,0.0
1.0,100.0,0.047516652002327846,6.271775547986364,0.0,0.0,0.013888888888888888,0.0,0.0,1.0
2.0,2.969523103198344e-07,0.0008100392153905185,0.13449158940025863,0.0,0.0,0.013888888888888888,0.0,0.0,1.0
3.0,2.958664593044164e-07,1.4198594492089856e-05,0.0031152558218451986,0.0,0.0,0.013888888888888888,0.0,0.0,1.0
4.0,2.0312286880230425e-09,0.0,0.0,0.0,0.0,0.013888888888888888,0.0,0.0,0.0
1.0,100.0,0.04751678492633455,6.271744509696014,0.0,0.0,0.013888888888888888,0.0,0.0,1.0
2.0,2.9230901268587023e-07,0.0008098872277452809,0.13446076676756955,0.0,0.0,0.013888888888888888,0.0,0.0,1.0
3.0,2.912278310868667e-07,1.4193616474707214e-05,0.003113821403311734,0.0,0.0,0.013888888888888888,0.0,0.0,1.0
4.0,1.99377761889107e-09,0.0,0.0,0.0,0.0,0.013888888888888888,0.0,0.0,0.0
1.0,100.0,0.047516917761689675,6.271713475057686,0.0,0.0,0.013888888888888888,0.0,0.0,1.0
2.0,2.877421442831951e-07,0.0008097352174713595,0.13442994198632977,0.0,0.0,0.013888888888888888,0.0,0.0,1.0
3.0,2.8668122914268104e-07,1.4188637920477774e-05,0.0031123872211908836,0.0,0.0,0.013888888888888888,0.0,0.0,1.0
4.0,1.95833930267865e-09,0.0,0.0,0.0,0.0,0.013888888888888888,0.0,0.0,0.0
1.0,100.0,0.04751705050850627,6.271682444086671,0.0,0.0,0.013888888888888888,0.0,0.0,1.0
2.0,2.8324055992733464e-07,0.0008095831846149173,0.13439911507345242,0.0,0.0,0.013888888888888888,0.0,0.0,1.0
3.0,2.8218334555870903e-07,1.4183658846681093e-05,0.00311095326693761,0.0,0.0,0.013888888888888888,0.0,0.0,1.0
4.0,1.9111153725093456e-09,0.0,0.0,0.0,0.0,0.013888888888888888,0.0,0.0,0.0
1.0,100.0,0.047517183166699464,6.271651416785754,0.0,0.0,0.013888888888888888,0.0,0.0,1.0
2.0,2.788018061152012e-07,0.000809431129228293,0.13436828604137036,0.0,0.0,0.013888888888888888,0.0,0.0,1.0
3.0,2.777666063812955e-07,1.4178679235650366e-05,0.0031095195441087136,0.0,0.0,0.013888888888888888,0.0,0.0,1.0
4.0,1.8830986658580427e-09,0.0,0.0,0.0,0.0,0.013888888888888888,0.0,0.0,0.0
1.0,100.0,0.047517315736463325,6.27162039316691,0.0,0.0,0.013888888888888888,0.0,0.0,1.0
2.0,2.744240834453374e-07,0.0008092790514301832,0.13433745490294308,0.0,0.0,0.013888888888888888,0.0,0.0,1.0
3.0,2.7339269757360577e-07,1.4173699186869807e-05,0.003108086058501456,0.0,0.0,0.013888888888888888,0.0,0.0,1.0
4.0,1.8392210300742819e-09,0.0,0.0,0.0,0.0,0.013888888888888888,0.0,0.0,0.0
1.0,100.0,0.04751744821780281,6.2715893732415315,0.0,0.0,0.013888888888888888,0.0,0.0,1.0
2.0,2.701037938674065e-07,0.0008091269511997219,0.13430662165315363,0.0,0.0,0.013888888888888888,0.0,0.0,1.0
3.0,2.690801210546115e-07,1.4168718607416855e-05,0.0031066528079258574,0.0,0.0,0.013888888888888888,0.0,0.0,1.0
4.0,1.7944002845165601e-09,0.0,0.0,0.0,0.0,0.013888888888888888,0.0,0.0,0.0
1.0,100.0,0.04751758061052503,6.271558357020391,0.0,0.0,0.013888888888888888,0.0,0.0,1.0
2.0,2.6585291109886964e-07,0.0008089748286607713,0.1342757863334723,0.0,0.0,0.013888888888888888,0.0,0.0,1.0
3.0,2.6483807074582677e-07,1.4163737461909114e-05,0.003105219783480763,0.0,0.0,0.013888888888888888,0.0,0.0,1.0
4.0,1.7629629216172548e-09,0.0,0.0,0.0,0.0,0.013888888888888888,0.0,0.0,0.0
1.0,100.0,0.04751771291480273,6.271527344528353,0.0,0.0,0.013888888888888888,0.0,0.0,1.0
2.0,2.616546929516266e-07,0.0008088226838871934,0.1342449489363251,0.0,0.0,0.013888888888888888,0.0,0.0,1.0
3.0,2.6065394264423177e-07,1.4158755914619023e-05,0.003103786996383251,0.0,0.0,0.013888888888888888,0.0,0.0,1.0
4.0,1.7298780126680327e-09,0.0,0.0,0.0,0.0,0.013888888888888888,0.0,0.0,0.0
1.0,100.0,0.04751784520944492,6.27149633576652,0.0,0.0,0.013888888888888888,0.0,0.0,1.0
2.0,2.575010762809249e-07,0.0008086705189757193,0.1342141094651937,0.0,0.0,0.013888888888888888,0.0,0.0,1.0
3.0,2.5650751057820203e-07,1.4153774200521881e-05,0.0031023544486314648,0.0,0.0,0.013888888888888888,0.0,0.0,1.0
4.0,1.6878754483067577e-09,0.0,0.0,0.0,0.0,0.013888888888888888,0.0,0.0,0.0
1.0,100.0,0.047517977416571024,6.271465330751334,0.0,0.0,0.013888888888888888,0.0,0.0,1.0
2.0,2.534061227881346e-07,0.0008085183322988099,0.1341832679525278,0.0,0.0,0.013888888888888888,0.0,0.0,1.0
3.0,2.524317536614194e-07,1.4148791734228675e-05,0.0031009221349998896,0.0,0.0,0.013888888888888888,0.0,0.0,1.0
4.0,1.6583127919167192e-09,0.0,0.0,0.0,0.0,0.013888888888888888,0.0,0.0,0.0
1.0,100.0,0.04751810953458957,6.271434329478891,0.0,0.0,0.013888888888888888,0.0,0.0,1.0
2.0,2.4935265028886616e-07,0.0008083661235189358,0.1341524243910627,0.0,0.0,0.013888888888888888,0.0,0.0,1.0
3.0,2.4837594409417165e-07,1.4143808803051095e-05,0.00309949006052483,0.0,0.0,0.013888888888888888,0.0,0.0,1.0
4.0,1.612034144697676e-09,0.0,0.0,0.0,0.0,0.013888888888888888,0.0,0.0,0.0
1.0,100.0,0.04751824156362839,6.271403331976383,0.0,0.0,0.013888888888888888,0.0,0.0,1.0
2.0,2.4535246899460325e-07,0.0008082138926850085,0.13412157880709202,0.0,0.0,0.013888888888888888,0.0,0.0,1.0
3.0,2.443893494395253e-07,1.41388253816113e-05,0.0030980582229632025,0.0,0.0,0.013888888888888888,0.0,0.0,1.0
4.0,1.5807612662523254e-09,0.0,0.0,0.0,0.0,0.013888888888888888,0.0,0.0,0.0
1.0,100.0,0.047518373503776086,6.271372338247586,0.0,0.0,0.013888888888888888,0.0,0.0,1.0
2.0,2.4140508778311754e-07,0.0008080616398438138,0.13409073119573864,0.0,0.0,0.013888888888888888,0.0,0.0,1.0
3.0,2.4045425926085333e-07,1.4133841420620626e-05,0.0030966266178060896,0.0,0.0,0.013888888888888888,0.0,0.0,1.0
4.0,1.5501929284041699e-09,0.0,0.0,0.0,0.0,0.013888888888888888,0.0,0.0,0.0
1.0,100.0,0.047518505355010704,6.271341348306869,0.0,0.0,0.013888888888888888,0.0,0.0,1.0
2.0,2.3749879605251475e-07,0.0008079093651316176,0.1340598815843772,0.0,0.0,0.013888888888888888,0.0,0.0,1.0
3.0,2.3656032138024224e-07,1.4128857084120392e-05,0.003095195251195725,0.0,0.0,0.013888888888888888,0.0,0.0,1.0
4.0,1.5202410792094672e-09,0.0,0.0,0.0,0.0,0.013888888888888888,0.0,0.0,0.0
1.0,100.0,0.04751863711748169,6.27131036217323,0.0,0.0,0.013888888888888888,0.0,0.0,1.0
2.0,2.3364067466703186e-07,0.0008077570685322037,0.1340290299858553,0.0,0.0,0.013888888888888888,0.0,0.0,1.0
3.0,2.327076736756055e-07,1.4123872198885229e-05,0.003093764136101772,0.0,0.0,0.013888888888888888,0.0,0.0,1.0
4.0,1.4855601163495394e-09,0.0,0.0,0.0,0.0,0.013888888888888888,0.0,0.0,0.0
1.0,100.0,0.047518768791072294,6.271279379845733,0.0,0.0,0.013888888888888888,0.0,0.0,1.0
2.0,2.2982380528751643e-07,0.0008076047502298929,0.13399817640210157,0.0,0.0,0.013888888888888888,0.0,0.0,1.0
3.0,2.288968942535998e-07,1.4118886962375753e-05,0.0030923332551217415,0.0,0.0,0.013888888888888888,0.0,0.0,1.0
4.0,1.4473701242922742e-09,0.0,0.0,0.0,0.0,0.013888888888888888,0.0,0.0,0.0
1.0,100.0,0.04751890037586106,6.271248401340658,0.0,0.0,0.013888888888888888,0.0,0.0,1.0
2.0,2.2604989802768105e-07,0.000807452410087926,0.13396732083981017,0.0,0.0,0.013888888888888888,0.0,0.0,1.0
3.0,2.2514337788333266e-07,1.4113901158674118e-05,0.003090902614702156,0.0,0.0,0.013888888888888888,0.0,0.0,1.0
4.0,1.422512817880329e-09,0.0,0.0,0.0,0.0,0.013888888888888888,0.0,0.0,0.0
1.0,100.0,0.04751903187198198,6.271217426675226,0.0,0.0,0.013888888888888888,0.0,0.0,1.0
2.0,2.2230916689771032e-07,0.0008073000483089346,0.13393646331341497,0.0,0.0,0.013888888888888888,0.0,0.0,1.0
3.0,2.2141136535184046e-07,1.4108914911463943e-05,0.003089472214793747,0.0,0.0,0.013888888888888888,0.0,0.0,1.0
4.0,1.3962217825805527e-09,0.0,0.0,0.0,0.0,0.013888888888888888,0.0,0.0,0.0
1.0,100.0,0.04751916327929582,6.2711864558525034,0.0,0.0,0.013888888888888888,0.0,0.0,1.0
2.0,2.1862249056459795e-07,0.0008071476649089845,0.1339056038407313,0.0,0.0,0.013888888888888888,0.0,0.0,1.0
3.0,2.1773279125512118e-07,1.410392824220852e-05,0.003088042053830708,0.0,0.0,0.013888888888888888,0.0,0.0,1.0
4.0,1.3580826500924403e-09,0.0,0.0,0.0,0.0,0.013888888888888888,0.0,0.0,0.0
1.0,100.0,0.04751929459795769,6.271155488884701,0.0,0.0,0.013888888888888888,0.0,0.0,1.0
2.0,2.149729137150195e-07,0.0008069952598446742,0.13387474242474337,0.0,0.0,0.013888888888888888,0.0,0.0,1.0
3.0,2.140860465280604e-07,1.4098941022771056e-05,0.003086612132990339,0.0,0.0,0.013888888888888888,0.0,0.0,1.0
4.0,1.3271507517869208e-09,0.0,0.0,0.0,0.0,0.013888888888888888,0.0,0.0,0.0
1.0,100.0,0.04751942582857519,6.271124525863189,0.0,0.0,0.013888888888888888,0.0,0.0,1.0
2.0,2.1136150503456206e-07,0.0008068428341356727,0.13384387915128143,0.0,0.0,0.013888888888888888,0.0,0.0,1.0
3.0,2.104876327205614e-07,1.4093953471317434e-05,0.003085182465494785,0.0,0.0,0.013888888888888888,0.0,0.0,1.0
4.0,1.2937160573532995e-09,0.0,0.0,0.0,0.0,0.013888888888888888,0.0,0.0,0.0
1.0,100.0,0.0475195569699379,6.2710935666507694,0.0,0.0,0.013888888888888888,0.0,0.0,1.0
2.0,2.077760260389562e-07,0.0008066903862043118,0.13381301389725112,0.0,0.0,0.013888888888888888,0.0,0.0,1.0
3.0,2.0691474604098533e-07,1.408896597101201e-05,0.003083753087639362,0.0,0.0,0.013888888888888888,0.0,0.0,1.0
4.0,1.2708719277095366e-09,0.0,0.0,0.0,0.0,0.013888888888888888,0.0,0.0,0.0
1.0,100.0,0.04751968802264814,6.271062611335647,0.0,0.0,0.013888888888888888,0.0,0.0,1.0
2.0,2.0424394594311028e-07,0.0008065379169470255,0.13378214674372568,0.0,0.0,0.013888888888888888,0.0,0.0,1.0
3.0,2.033866802481933e-07,1.4083977498181921e-05,0.0030823239019113083,0.0,0.0,0.013888888888888888,0.0,0.0,1.0
4.0,1.2339158203877535e-09,0.0,0.0,0.0,0.0,0.013888888888888888,0.0,0.0,0.0
1.0,100.0,0.04903701780417356,90.72473816738467,0.0,0.0,0.013888888888888888,0.0,0.0,1.0
2.0,1.2122560919467605e-05,0.000887300408850305,8.667066007452283,0.0,0.0,0.013888888888888888,0.0,0.0,1.0
3.0,1.2021448675678654e-05,1.7284295054466884e-05,0.0034366866040534713,0.0,0.0,0.013888888888888888,0.0,0.0,1.0
4.0,2.8073238949687182e-08,3.921653897115019e-07,0.0,0.0,0.0,0.013888888888888888,0.0,0.0,0.0
1.0,100.0,0.046518311228995766,6.162726705064762,0.0,0.0,0.013888888888888888,0.0,0.0,1.0
2.0,8.564877879680718e-08,0.0007733184048506581,0.10845282862913476,0.0,0.0,0.013888888888888888,0.0,0.0,1.0
3.0,1.1451107036223923e-07,1.2685221733145945e-05,0.0022605551264777753,0.0,0.0,0.013888888888888888,0.0,0.0,1.0
4.0,1.1549535243726196e-09,0.0,0.0,0.0,0.0,0.013888888888888888,0.0,0.0,0.0
1.0,100.0,0.04751145952624665,5.925506417938894,0.0,0.0,0.013888888888888888,0.0,0.0,1.0
2.0,2.08734252105845e-07,0.0008113005171086047,0.12806685562917153,0.0,0.0,0.013888888888888888,0.0,0.0,1.0
3.0,2.1741041503830279e-07,1.3853644013577153e-05,0.002981880982518975,0.0,0.0,0.013888888888888888,0.0,0.0,1.0
4.0,1.2174510409329458e-09,0.0,0.0,0.0,0.0,0.013888888888888888,0.0,0.0,0.0
1.0,100.0,0.04765065220683427,6.323419100353174,0.0,0.0,0.013888888888888888,0.0,0.0,1.0
2.0,2.3939440239380304e-07,0.0008170563528601009,0.13859664594396834,0.0,0.0,0.013888888888888888,0.0,0.0,1.0
3.0,2.413372864111503e-07,1.428996585964244e-05,0.0032820673394378507,0.0,0.0,0.013888888888888888,0.0,0.0,1.0
4.0,1.230076513797216e-09,0.0,0.0,0.0,0.0,0.013888888888888888,0.0,0.0,0.0
1.0,100.0,0.047674693991011464,6.387235833021236,0.0,0.0,0.013888888888888888,0.0,0.0,1.0
2.0,2.562131657305416e-07,0.0008179490286208103,0.14024435432108956,0.0,0.0,0.013888888888888888,0.0,0.0,1.0
3.0,2.5578830824835566e-07,1.4390217752649706e-05,0.003328258283799635,0.0,0.0,0.013888888888888888,0.0,0.0,1.0
4.0,1.23700406338565e-09,0.0,0.0,0.0,0.0,0.013888888888888888,0.0,0.0,0.0
1.0,100.0,0.04768193795700476,6.397896289156928,0.0,0.0,0.013888888888888888,0.0,0.0,1.0
2.0,2.682741379671877e-07,0.0008180771280583536,0.1404864081440913,0.0,0.0,0.013888888888888888,0.0,0.0,1.0
3.0,2.668975100563251e-07,1.4405256355832157e-05,0.003334343769602545,0.0,0.0,0.013888888888888888,0.0,0.0,1.0
4.0,1.2227880383170062e-09,0.0,0.0,0.0,0.0,0.013888888888888888,0.0,0.0,0.0
1.0,100.0,0.04768659049228937,6.399890730066347,0.0,0.0,0.013888888888888888,0.0,0.0,1.0
2.0,2.785250943182236e-07,0.0008180821822463839,0.1405003032991504,0.0,0.0,0.013888888888888888,0.0,0.0,1.0
3.0,2.76682723015578e-07,1.4406263097788295e-05,0.0033339422429039456,0.0,0.0,0.013888888888888888,0.0,0.0,1.0
4.0,1.2100813783157674e-09,2.8592404637154816e-07,0.0,0.0,0.0,0.013888888888888888,0.0,0.0,0.0
1.0,100.0,0.047690821842828614,6.400475636949148,0.0,0.0,0.013888888888888888,0.0,0.0,1.0
2.0,2.8790683306803675e-07,0.0008180679407057416,0.14047835718694032,0.0,0.0,0.013888888888888888,0.0,0.0,1.0
3.0,2.8574891299401386e-07,1.4405022870074126e-05,0.0033325515485536157,0.0,0.0,0.013888888888888888,0.0,0.0,1.0
4.0,1.2021543178545241e-09,2.858319233344621e-07,0.0,0.0,0.0,0.013888888888888888,0.0,0.0,0.0
1.0,100.0,0.04769496000588573,6.400826218858503,0.0,0.0,0.013888888888888888,0.0,0.0,1.0
2.0,2.9676006774065063e-07,0.0008180516474226534,0.1404524767528599,0.0,0.0,0.013888888888888888,0.0,0.0,1.0
3.0,2.943487350476779e-07,1.440348927239329e-05,0.0033311008299021986,0.0,0.0,0.013888888888888888,0.0,0.0,1.0
4.0,1.1901897631315424e-09,2.8573187099921175e-07,0.0,0.0,0.0,0.013888888888888888,0.0,0.0,0.0
1.0,100.0,0.04769899731536969,6.401062606507825,0.0,0.0,0.013888888888888888,0.0,0.0,1.0
2.0,3.051713490125471e-07,0.0008180332023186138,0.1404244973936204,0.0,0.0,0.013888888888888888,0.0,0.0,1.0
3.0,3.025311317986386e-07,1.4401876830469219e-05,0.0033296118272404304,0.0,0.0,0.013888888888888888,0.0,0.0,1.0
4.0,1.1822752701595294e-09,2.856332306079081e-07,0.0,0.0,0.0,0.013888888888888888,0.0,0.0,0.0
1.0,100.0,0.04770298140370522,6.401255028293816,0.0,0.0,0.013888888888888888,0.0,0.0,1.0
2.0,3.1319964374760854e-07,0.000818013875796245,0.14039607213224545,0.0,0.0,0.013888888888888888,0.0,0.0,1.0
3.0,3.103350587269066e-07,1.440024956304015e-05,0.0033281270253169375,0.0,0.0,0.013888888888888888,0.0,0.0,1.0
4.0,1.1708515717609628e-09,2.855348051956833e-07,0.0,0.0,0.0,0.013888888888888888,0.0,0.0,0.0
1.0,100.0,0.04770692789445792,6.401422767310859,0.0,0.0,0.013888888888888888,0.0,0.0,1.0
2.0,3.208583869044141e-07,0.0008179940698320254,0.14036766989961466,0.0,0.0,0.013888888888888888,0.0,0.0,1.0
3.0,3.1778169866717e-07,1.4398622877919165e-05,0.003326658834608942,0.0,0.0,0.013888888888888888,0.0,0.0,1.0
4.0,1.1681442519214595e-09,2.854368293566228e-07,0.0,0.0,0.0,0.013888888888888888,0.0,0.0,0.0
1.0,100.0,0.04771084068718155,6.401569998185966,0.0,0.0,0.013888888888888888,0.0,0.0,1.0
2.0,3.2815691306191093e-07,0.000817973852812598,0.1403393634587773,0.0,0.0,0.013888888888888888,0.0,0.0,1.0
3.0,3.2486385903309843e-07,1.4396998320132256e-05,0.003325208442183393,0.0,0.0,0.013888888888888888,0.0,0.0,1.0
4.0,1.150683257413897e-09,2.8533939229180757e-07,0.0,0.0,0.0,0.013888888888888888,0.0,0.0,0.0
1.0,100.0,0.04771472157647825,6.401698264054636,0.0,0.0,0.013888888888888888,0.0,0.0,1.0
2.0,3.3509196654772046e-07,0.0008179532354206519,0.14031115817828738,0.0,0.0,0.013888888888888888,0.0,0.0,1.0
3.0,3.3159439620140133e-07,1.439537558750215e-05,0.0033237751616649507,0.0,0.0,0.013888888888888888,0.0,0.0,1.0
4.0,1.1449321132846254e-09,2.8524237691916534e-07,0.0,0.0,0.0,0.013888888888888888,0.0,0.0,0.0
1.0,100.0,0.047718583513935,6.401824405466912,0.0,0.0,0.013888888888888888,0.0,0.0,1.0
2.0,3.416883147713685e-07,0.0008179331277835099,0.14028413012500993,0.0,0.0,0.013888888888888888,0.0,0.0,1.0
3.0,3.3798812860682013e-07,1.4393789897590037e-05,0.003322403933842922,0.0,0.0,0.013888888888888888,0.0,0.0,1.0
4.0,1.1300873266696727e-09,2.851457106759979e-07,0.0,0.0,0.0,0.013888888888888888,0.0,0.0,0.0
1.0,100.0,0.04772239970613311,6.4019185883154,0.0,0.0,0.013888888888888888,0.0,0.0,1.0
2.0,3.4793564604774763e-07,0.0008179125560817195,0.14025719351284652,0.0,0.0,0.013888888888888888,0.0,0.0,1.0
3.0,3.440291475458147e-07,1.4392212739011898e-05,0.0033210570192195353,0.0,0.0,0.013888888888888888,0.0,0.0,1.0
4.0,1.125354959428097e-09,2.8505107762642673e-07,0.0,0.0,0.0,0.013888888888888888,0.0,0.0,0.0
1.0,100.0,0.047726172014443985,6.40198080423621,0.0,0.0,0.013888888888888888,0.0,0.0,1.0
2.0,3.8352447218763734e-07,0.0008178912721388391,0.14023003162643996,0.0,0.0,0.013888888888888888,0.0,0.0,1.0
3.0,3.789947323607489e-07,1.4390629496278411e-05,0.0033197181756697237,0.0,0.0,0.013888888888888888,0.0,0.0,1.0
4.0,1.1139061554583088e-09,2.84956844198798e-07,0.0,0.0,0.0,0.013888888888888888,0.0,0.0,0.0
1.0,100.0,0.04772991275349798,6.402023564551724,0.0,0.0,0.013888888888888888,0.0,0.0,1.0
2.0,4.2165911383502847e-07,0.000817869565272882,0.14020294789291052,0.0,0.0,0.013888888888888888,0.0,0.0,1.0
3.0,4.1717348467523964e-07,1.4389045180976843e-05,0.0033183954252527063,0.0,0.0,0.013888888888888888,0.0,0.0,1.0
4.0,1.1067840365541965e-09,2.848613878480581e-07,0.0,0.0,0.0,0.013888888888888888,0.0,0.0,0.0
1.0,100.0,0.04773362490213124,6.402049630496396,0.0,0.0,0.013888888888888888,0.0,0.0,1.0
2.0,4.6112054534729606e-07,0.0008178474873993312,0.14017598944249826,0.0,0.0,0.013888888888888888,0.0,0.0,1.0
3.0,4.5666994470500345e-07,1.4387462954593728e-05,0.00331708950025147,0.0,0.0,0.013888888888888888,0.0,0.0,1.0
4.0,1.0946183409400866e-09,2.847673822107543e-07,0.0,0.0,0.0,0.013888888888888888,0.0,0.0,0.0
1.0,100.0,0.047737311069202364,6.402061824901528,0.0,0.0,0.013888888888888888,0.0,0.0,1.0
2.0,5.018600531498832e-07,0.0008178250719774052,0.14014921134282993,0.0,0.0,0.013888888888888888,0.0,0.0,1.0
3.0,4.974441602479366e-07,1.4385881702751612e-05,0.0033158015564433976,0.0,0.0,0.013888888888888888,0.0,0.0,1.0
4.0,1.0861630166722978e-09,2.846733125843704e-07,0.0,0.0,0.0,0.013888888888888888,0.0,0.0,0.0
1.0,100.0,0.04774096887726829,6.4020571008577525,0.0,0.0,0.013888888888888888,0.0,0.0,1.0
2.0,5.438557564760848e-07,0.0008178022328102005,0.14012250469227128,0.0,0.0,0.013888888888888888,0.0,0.0,1.0
3.0,5.394671188531736e-07,1.4384299355416047e-05,0.003314527795812985,0.0,0.0,0.013888888888888888,0.0,0.0,1.0
4.0,1.0760852108069735e-09,2.8457988774042267e-07,0.0,0.0,0.0,0.013888888888888888,0.0,0.0,0.0
1.0,100.0,0.04774460009653627,6.402036919636601,0.0,0.0,0.013888888888888888,0.0,0.0,1.0
2.0,5.870174154106542e-07,0.0008177789911887806,0.14009588484274774,0.0,0.0,0.013888888888888888,0.0,0.0,1.0
3.0,5.826535399758583e-07,1.4382715317602948e-05,0.003313268090736214,0.0,0.0,0.013888888888888888,0.0,0.0,1.0
4.0,1.0608758536225435e-09,2.844867428027807e-07,0.0,0.0,0.0,0.013888888888888888,0.0,0.0,0.0
1.0,100.0,0.04774820649088828,6.402002845579827,0.0,0.0,0.013888888888888888,0.0,0.0,1.0
2.0,6.313375035173596e-07,0.0008177553676940191,0.1400693728093381,0.0,0.0,0.013888888888888888,0.0,0.0,1.0
3.0,6.270081370417083e-07,1.4381127991098416e-05,0.003312022561739453,0.0,0.0,0.013888888888888888,0.0,0.0,1.0
4.0,1.05174139450626e-09,2.8439222671923214e-07,0.0,0.0,0.0,0.013888888888888888,0.0,0.0,0.0
1.0,100.0,0.0477517893702975,6.401955733190072,0.0,0.0,0.013888888888888888,0.0,0.0,1.0
2.0,6.767539311223187e-07,0.00081773137927259,0.1400429721845516,0.0,0.0,0.013888888888888888,0.0,0.0,1.0
3.0,6.72453687382115e-07,1.4379542582684391e-05,0.0033107908690457656,0.0,0.0,0.013888888888888888,0.0,0.0,1.0
4.0,1.0415378774093433e-09,2.843002067636521e-07,0.0,0.0,0.0,0.013888888888888888,0.0,0.0,0.0
1.0,100.0,0.047755349877128775,6.40189620224036,0.0,0.0,0.013888888888888888,0.0,0.0,1.0
2.0,7.231947610926224e-07,0.0008177070369298177,0.14001668142562346,0.0,0.0,0.013888888888888888,0.0,0.0,1.0
3.0,7.18904922382897e-07,1.4377954393530848e-05,0.0033095725435219672,0.0,0.0,0.013888888888888888,0.0,0.0,1.0
4.0,1.1325202149692996e-09,2.8420897393024177e-07,0.0,0.0,0.0,0.013888888888888888,0.0,0.0,0.0
1.0,100.0,0.04775888821489992,6.401824794610798,0.0,0.0,0.013888888888888888,0.0,0.0,1.0
2.0,7.706722875820534e-07,0.000817682319163075,0.13999049801607502,0.0,0.0,0.013888888888888888,0.0,0.0,1.0
3.0,7.664115168651184e-07,1.4376363410951442e-05,0.0033083671162904673,0.0,0.0,0.013888888888888888,0.0,0.0,1.0
4.0,1.258748178992276e-09,2.8411796886286084e-07,0.0,0.0,0.0,0.013888888888888888,0.0,0.0,0.0
1.0,100.0,0.04776240508131589,6.40174201219003,0.0,0.0,0.013888888888888888,0.0,0.0,1.0
2.0,8.190977337708737e-07,0.0008176572211635074,0.13996441925955302,0.0,0.0,0.013888888888888888,0.0,0.0,1.0
3.0,8.148519409883398e-07,1.4374766268033661e-05,0.0033071741277574964,0.0,0.0,0.013888888888888888,0.0,0.0,1.0
4.0,1.3723397749250169e-09,2.840244880465522e-07,0.0,0.0,0.0,0.013888888888888888,0.0,0.0,0.0
1.0,100.0,0.04776590112923746,6.401648326379666,0.0,0.0,0.013888888888888888,0.0,0.0,1.0
2.0,8.684609497365804e-07,0.0008176317470450453,0.1399384425337089,0.0,0.0,0.013888888888888888,0.0,0.0,1.0
3.0,8.642350493006737e-07,1.4373167980431215e-05,0.0033059931641004955,0.0,0.0,0.013888888888888888,0.0,0.0,1.0
4.0,1.5025792820332779e-09,2.8393382580569057e-07,0.0,0.0,0.0,0.013888888888888888,0.0,0.0,0.0
1.0,100.0,0.047769376984565605,6.401544181620664,0.0,0.0,0.013888888888888888,0.0,0.0,1.0
2.0,9.186861692845139e-07,0.0008176058900857542,0.13991256530780571,0.0,0.0,0.013888888888888888,0.0,0.0,1.0
3.0,9.144777650384943e-07,1.4371564166660134e-05,0.003304823799663193,0.0,0.0,0.013888888888888888,0.0,0.0,1.0
4.0,1.6272025676723307e-09,2.838422276153232e-07,0.0,0.0,0.0,0.013888888888888888,0.0,0.0,0.0
1.0,100.0,0.04777283350415307,6.401429997379705,0.0,0.0,0.013888888888888888,0.0,0.0,1.0
2.0,9.697554693838952e-07,0.0008175796606068299,0.13988678515641953,0.0,0.0,0.013888888888888888,0.0,0.0,1.0
3.0,9.655497535036977e-07,1.4369959033311843e-05,0.003303665657579328,0.0,0.0,0.013888888888888888,0.0,0.0,1.0
4.0,1.751217979515617e-09,2.837529334869683e-07,0.0,0.0,0.0,0.013888888888888888,0.0,0.0,0.0
1.0,100.0,0.052203598516667685,8.234728659405643,0.0,0.0,0.013888888888888888,0.0,0.0,1.0
2.0,1.0216224702880281e-06,0.0008845869723507558,0.17808172314123638,0.0,0.0,0.013888888888888888,0.0,0.0,1.0
3.0,1.0174345666450766e-06,1.4979460746407088e-05,0.004203691408052611,0.0,0.0,0.013888888888888888,0.0,0.0,1.0
4.0,1.9074878148488124e-09,0.0,0.0,0.0,0.0,0.013888888888888888,0.0,0.0,0.0
1.0,100.0,0.04785181618184832,6.728327711558039,0.0,0.0,0.013888888888888888,0.0,0.0,1.0
2.0,1.0742667535816772e-06,0.0007981946357702198,0.1464950755084451,0.0,0.0,0.013888888888888888,0.0,0.0,1.0
3.0,1.0700953798605355e-06,1.330784711165775e-05,0.0,0.0,0.0,0.013888888888888888,0.0,0.0,1.0
4.0,2.048686157902791e-09,0.0,0.0,0.0,0.0,0.013888888888888888,0.0,0.0,0.0
1.0,100.0,0.04704198417405572,6.438379631545185,0.0,0.0,0.013888888888888888,0.0,0.0,1.0
2.0,1.1276191549123079e-06,0.0007822465437786558,0.14040584699980052,0.0,0.0,0.013888888888888888,0.0,0.0,1.0
3.0,1.1234578709776725e-06,1.3001841280296054e-05,0.0,0.0,0.0,0.013888888888888888,0.0,0.0,1.0
4.0,2.1999419727865072e-09,0.0,0.0,0.0,0.0,0.013888888888888888,0.0,0.0,0.0
1.0,100.0,0.04690603519879507,6.3888634468540655,0.0,0.0,0.013888888888888888,0.0,0.0,1.0
2.0,1.181666357025994e-06,0.0007795798188193597,0.1393649876305563,0.0,0.0,0.013888888888888888,0.0,0.0,1.0
3.0,1.1775134726466926e-06,1.2951394483452428e-05,0.0,0.0,0.0,0.013888888888888888,0.0,0.0,1.0
4.0,2.345871740140734e-09,0.0,0.0,0.0,0.0,0.013888888888888888,0.0,0.0,0.0
1.0,100.0,0.04688745213742845,6.380497842331316,0.0,0.0,0.013888888888888888,0.0,0.0,1.0
2.0,1.2363649669557718e-06,0.000779216252541468,0.13918388695012093,0.0,0.0,0.013888888888888888,0.0,0.0,1.0
3.0,1.2322232397833707e-06,1.2945067904572131e-05,0.0,0.0,0.0,0.013888888888888888,0.0,0.0,1.0
4.0,2.518772115915306e-09,0.0,0.0,0.0,0.0,0.013888888888888888,0.0,0.0,0.0
1.0,100.0,0.04688883218937359,6.378984242049535,0.0,0.0,0.013888888888888888,0.0,0.0,1.0
2.0,1.2916844526421992e-06,0.0007792430310886226,0.13914518377949608,0.0,0.0,0.013888888888888888,0.0,0.0,1.0
3.0,1.2875337584349885e-06,1.2946182878003119e-05,0.0,0.0,0.0,0.013888888888888888,0.0,0.0,1.0
4.0,2.676900965082665e-09,0.0,0.0,0.0,0.0,0.013888888888888888,0.0,0.0,0.0
1.0,100.0,0.046893566253386636,6.378603796772348,0.0,0.0,0.013888888888888888,0.0,0.0,1.0
2.0,1.3476063535969605e-06,0.0007793348370187684,0.1391299384128046,0.0,0.0,0.013888888888888888,0.0,0.0,1.0
3.0,1.3434760569228198e-06,1.294852819497731e-05,0.0,0.0,0.0,0.013888888888888888,0.0,0.0,1.0
4.0,2.8397467816725877e-09,0.0,0.0,0.0,0.0,0.013888888888888888,0.0,0.0,0.0
1.0,100.0,0.04689880807593262,6.378310648560899,0.0,0.0,0.013888888888888888,0.0,0.0,1.0
2.0,4.482752364931296e-08,0.0007794300422467068,0.13910708086498838,0.0,0.0,0.013888888888888888,0.0,0.0,1.0
3.0,4.337978884700727e-08,1.295087397121125e-05,0.0,0.0,0.0,0.013888888888888888,0.0,0.0,1.0
4.0,1.1254898800237324e-10,0.0,0.0,0.0,0.0,0.013888888888888888,0.0,0.0,0.0
1.0,100.0,0.046919991869673175,6.378126427270682,0.0,0.0,0.013888888888888888,0.0,0.0,1.0
2.0,3.93561351644984e-08,0.0007797475209539629,0.1390873155033844,0.0,0.0,0.013888888888888888,0.0,0.0,1.0
3.0,3.910181419427949e-08,1.2955754493666282e-05,0.0,0.0,0.0,0.013888888888888888,0.0,0.0,1.0
4.0,1.0356914552996291e-10,0.0,0.0,0.0,0.0,0.013888888888888888,0.0,0.0,0.0
1.0,100.0,0.04692391255506838,6.378078212244179,0.0,0.0,0.013888888888888888,0.0,0.0,1.0
2.0,3.8374516937042085e-08,0.0007797296483168069,0.13907116370856942,0.0,0.0,0.013888888888888888,0.0,0.0,1.0
3.0,3.8094831806035256e-08,1.2954099935968167e-05,0.0,0.0,0.0,0.013888888888888888,0.0,0.0,1.0
4.0,9.569606557682264e-11,0.0,0.0,0.0,0.0,0.013888888888888888,0.0,0.0,0.0
1.0,100.0,0.04692455584601525,6.378062851355354,0.0,0.0,0.013888888888888888,0.0,0.0,1.0
2.0,3.7401100509525626e-08,0.0007796485018326736,0.1390558792718772,0.0,0.0,0.013888888888888888,0.0,0.0,1.0
3.0,3.710532716694355e-08,1.2951218361941208e-05,0.0,0.0,0.0,0.013888888888888888,0.0,0.0,1.0
4.0,9.76328121584022e-11,0.0,0.0,0.0,0.0,0.013888888888888888,0.0,0.0,0.0
1.0,100.0,0.04692462415863214,6.378053977788019,0.0,0.0,0.013888888888888888,0.0,0.0,1.0
2.0,3.64542494973656e-08,0.0007795563171128441,0.139040765534697,0.0,0.0,0.013888888888888888,0.0,0.0,1.0
3.0,3.616270813222287e-08,1.294812276390486e-05,0.0,0.0,0.0,0.013888888888888888,0.0,0.0,1.0
4.0,1.0921586907390139e-10,0.0,0.0,0.0,0.0,0.013888888888888888,0.0,0.0,0.0
1.0,100.0,0.04692459513379309,6.378046284702328,0.0,0.0,0.013888888888888888,0.0,0.0,1.0
2.0,3.5592692619238035e-08,0.000779462279089753,0.13902568293526732,0.0,0.0,0.013888888888888888,0.0,0.0,1.0
3.0,3.531538391843629e-08,1.2944992408863205e-05,0.0,0.0,0.0,0.013888888888888888,0.0,0.0,1.0
4.0,9.589710628200732e-11,0.0,0.0,0.0,0.0,0.013888888888888888,0.0,0.0,0.0
1.0,100.0,0.04692455002046912,6.378038795277124,0.0,0.0,0.013888888888888888,0.0,0.0,1.0
2.0,3.47528749935054e-08,0.0007793679419644369,0.13901060578213265,0.0,0.0,0.013888888888888888,0.0,0.0,1.0
3.0,3.448890036494086e-08,1.2941857208088864e-05,0.0,0.0,0.0,0.013888888888888888,0.0,0.0,1.0
4.0,8.441455390090404e-11,0.0,0.0,0.0,0.0,0.013888888888888888,0.0,0.0,0.0
1.0,100.0,0.04692450227226072,6.378031337436442,0.0,0.0,0.013888888888888888,0.0,0.0,1.0
2.0,3.39968734517194e-08,0.0007792735612619969,0.13899552957374106,0.0,0.0,0.013888888888888888,0.0,0.0,1.0
3.0,3.374965344048847e-08,1.2938720609290147e-05,0.0,0.0,0.0,0.013888888888888888,0.0,0.0,1.0
4.0,8.715621229825982e-11,0.0,0.0,0.0,0.0,0.013888888888888888,0.0,0.0,0.0
1.0,100.0,0.04692445409838824,6.378023881863213,0.0,0.0,0.013888888888888888,0.0,0.0,1.0
2.0,3.3253277398396844e-08,0.0007791791774456474,0.13898045351497385,0.0,0.0,0.013888888888888888,0.0,0.0,1.0
3.0,3.2989882192535554e-08,1.2935583861291302e-05,0.0,0.0,0.0,0.013888888888888888,0.0,0.0,1.0
4.0,8.921872920285529e-11,0.0,0.0,0.0,0.0,0.013888888888888888,0.0,0.0,0.0
1.0,100.0,0.04692440585584328,6.378016423608758,0.0,0.0,0.013888888888888888,0.0,0.0,1.0
2.0,3.256914816694772e-08,0.0007790847990150548,0.1389653775372321,0.0,0.0,0.013888888888888888,0.0,0.0,1.0
3.0,3.231320259992763e-08,1.293244872162635e-05,0.0,0.0,0.0,0.013888888888888888,0.0,0.0,1.0
4.0,8.294293284708213e-11,0.0,0.0,0.0,0.0,0.013888888888888888,0.0,0.0,0.0
1.0,100.0,0.046924357601934245,6.378008961858813,0.0,0.0,0.013888888888888888,0.0,0.0,1.0
2.0,3.194144219529535e-08,0.0007789904268254065,0.13895030162509014,0.0,0.0,0.013888888888888888,0.0,0.0,1.0
3.0,3.168669945733205e-08,1.292931363993322e-05,0.0,0.0,0.0,0.013888888888888888,0.0,0.0,1.0
4.0,8.564685942822243e-11,0.0,0.0,0.0,0.0,0.013888888888888888,0.0,0.0,0.0
1.0,100.0,0.046924309345598256,6.378001496474198,0.0,0.0,0.013888888888888888,0.0,0.0,1.0
2.0,3.134166481225214e-08,0.0007788960601842793,0.13893522573120162,0.0,0.0,0.013888888888888888,0.0,0.0,1.0
3.0,3.1106662465719116e-08,1.2926179061166657e-05,0.0,0.0,0.0,0.013888888888888888,0.0,0.0,1.0
4.0,8.371000923667117e-11,0.0,0.0,0.0,0.0,0.013888888888888888,0.0,0.0,0.0
1.0,100.0,0.04692426108824667,6.377994027429926,0.0,0.0,0.013888888888888888,0.0,0.0,1.0
2.0,3.077019292550085e-08,0.0007788016996667776,0.13892014988637427,0.0,0.0,0.013888888888888888,0.0,0.0,1.0
3.0,3.053365409661475e-08,1.292304519481813e-05,0.0,0.0,0.0,0.013888888888888888,0.0,0.0,1.0
4.0,7.764803163126761e-11,0.0,0.0,0.0,0.0,0.013888888888888888,0.0,0.0,0.0
1.0,100.0,0.04692421283001742,6.377986554742404,0.0,0.0,0.013888888888888888,0.0,0.0,1.0
2.0,3.0238128859981424e-08,0.0007787073451785496,0.1389050740899082,0.0,0.0,0.013888888888888888,0.0,0.0,1.0
3.0,3.002148989133266e-08,1.2919911784697617e-05,0.0,0.0,0.0,0.013888888888888888,0.0,0.0,1.0
4.0,7.786178969869171e-11,0.0,0.0,0.0,0.0,0.013888888888888888,0.0,0.0,0.0
1.0,100.0,0.04692416457088299,6.377979078420065,0.0,0.0,0.013888888888888888,0.0,0.0,1.0
2.0,2.9707281492168877e-08,0.000778612997517279,0.13888999837636415,0.0,0.0,0.013888888888888888,0.0,0.0,1.0
3.0,2.9484076697990528e-08,1.2916779732422888e-05,0.0,0.0,0.0,0.013888888888888888,0.0,0.0,1.0
4.0,7.811327786076544e-11,0.0,0.0,0.0,0.0,0.013888888888888888,0.0,0.0,0.0
1.0,100.0,0.04692411631071804,6.377971598430077,0.0,0.0,0.013888888888888888,0.0,0.0,1.0
2.0,2.923510436329946e-08,0.0007785186551763644,0.13887492267723892,0.0,0.0,0.013888888888888888,0.0,0.0,1.0
3.0,2.901088487224655e-08,1.2913646699858483e-05,0.0,0.0,0.0,0.013888888888888888,0.0,0.0,1.0
4.0,7.606324928436194e-11,0.0,0.0,0.0,0.0,0.013888888888888888,0.0,0.0,0.0
1.0,100.0,0.046924068049541315,6.377964114866151,0.0,0.0,0.013888888888888888,0.0,0.0,1.0
2.0,2.8781869989009533e-08,0.0007784243194779299,0.13885984706637916,0.0,0.0,0.013888888888888888,0.0,0.0,1.0
3.0,2.857127457328019e-08,1.2910515138686972e-05,0.0,0.0,0.0,0.013888888888888888,0.0,0.0,1.0
4.0,6.826572250298391e-11,0.0,0.0,0.0,0.0,0.013888888888888888,0.0,0.0,0.0
1.0,100.0,0.04692401978717633,6.377956627609479,0.0,0.0,0.013888888888888888,0.0,0.0,1.0
2.0,2.8334635412392686e-08,0.0007783299894302786,0.1388447715151099,0.0,0.0,0.013888888888888888,0.0,0.0,1.0
3.0,2.8128547461799442e-08,1.2907385325466962e-05,0.0,0.0,0.0,0.013888888888888888,0.0,0.0,1.0
4.0,7.266748890015364e-11,0.0,0.0,0.0,0.0,0.013888888888888888,0.0,0.0,0.0
1.0,100.0,0.046923971523572625,6.377949136741945,0.0,0.0,0.013888888888888888,0.0,0.0,1.0
2.0,2.7917532915504816e-08,0.0007782356654729614,0.1388296959837767,0.0,0.0,0.013888888888888888,0.0,0.0,1.0
3.0,2.7694559512852922e-08,1.2904254830798226e-05,0.0,0.0,0.0,0.013888888888888888,0.0,0.0,1.0
4.0,7.107022472798123e-11,0.0,0.0,0.0,0.0,0.013888888888888888,0.0,0.0,0.0
1.0,100.0,0.04692392325883551,6.377941642249577,0.0,0.0,0.013888888888888888,0.0,0.0,1.0
2.0,2.7530461102302698e-08,0.0007781413476857594,0.13881462051091226,0.0,0.0,0.013888888888888888,0.0,0.0,1.0
3.0,2.731921310630044e-08,1.2901124800603026e-05,0.0,0.0,0.0,0.013888888888888888,0.0,0.0,1.0
4.0,7.197569973942035e-11,0.0,0.0,0.0,0.0,0.013888888888888888,0.0,0.0,0.0
1.0,100.0,0.046923874992738625,6.377934144136985,0.0,0.0,0.013888888888888888,0.0,0.0,1.0
2.0,2.715660714698e-08,0.0007780470360098123,0.13879954509931056,0.0,0.0,0.013888888888888888,0.0,0.0,1.0
3.0,2.6951576902298078e-08,1.2897995535369303e-05,0.0,0.0,0.0,0.013888888888888888,0.0,0.0,1.0
4.0,7.241584140615013e-11,0.0,0.0,0.0,0.0,0.013888888888888888,0.0,0.0,0.0
1.0,100.0,0.046923826725419365,6.377926642409896,0.0,0.0,0.013888888888888888,0.0,0.0,1.0
2.0,2.6794826063833114e-08,0.0007779527305356308,0.1387844697543375,0.0,0.0,0.013888888888888888,0.0,0.0,1.0
3.0,2.6594027917371746e-08,1.2894866741899775e-05,0.0,0.0,0.0,0.013888888888888888,0.0,0.0,1.0
4.0,7.083115764206707e-11,0.0,0.0,0.0,0.0,0.013888888888888888,0.0,0.0,0.0
1.0,100.0,0.046923778456696305,6.377919137083386,0.0,0.0,0.013888888888888888,0.0,0.0,1.0
2.0,2.6451060372504274e-08,0.0007778584311257654,0.13876939446456418,0.0,0.0,0.013888888888888888,0.0,0.0,1.0
3.0,2.6253291337450634e-08,1.2891738514652839e-05,0.0,0.0,0.0,0.013888888888888888,0.0,0.0,1.0
4.0,6.937224137358958e-11,0.0,0.0,0.0,0.0,0.013888888888888888,0.0,0.0,0.0
1.0,100.0,0.04692373018654555,6.377911628147591,0.0,0.0,0.013888888888888888,0.0,0.0,1.0
2.0,2.6124628896968416e-08,0.0007777641379653206,0.13875431924984552,0.0,0.0,0.013888888888888888,0.0,0.0,1.0
3.0,2.594119421197182e-08,1.2888610930566338e-05,0.0,0.0,0.0,0.013888888888888888,0.0,0.0,1.0
4.0,6.442962481045172e-11,0.0,0.0,0.0,0.0,0.013888888888888888,0.0,0.0,0.0
1.0,100.0,0.04692368191503821,6.377904115619458,0.0,0.0,0.013888888888888888,0.0,0.0,1.0
2.0,2.5794761915840623e-08,0.0007776698510402423,0.1387392441148664,0.0,0.0,0.013888888888888888,0.0,0.0,1.0
3.0,2.5600500189625337e-08,1.2885483852994837e-05,0.0,0.0,0.0,0.013888888888888888,0.0,0.0,1.0
4.0,6.549859763762395e-11,0.0,0.0,0.0,0.0,0.013888888888888888,0.0,0.0,0.0
1.0,100.0,0.046923633642065525,6.377896599508539,0.0,0.0,0.013888888888888888,0.0,0.0,1.0
2.0,2.5507666002715573e-08,0.0007775755702971316,0.13872416904336615,0.0,0.0,0.013888888888888888,0.0,0.0,1.0
3.0,2.5318259630720167e-08,1.2882357456016714e-05,0.0,0.0,0.0,0.013888888888888888,0.0,0.0,1.0
4.0,6.481943211613145e-11,0.0,0.0,0.0,0.0,0.013888888888888888,0.0,0.0,0.0
1.0,100.0,0.04692358536761758,6.377889079805035,0.0,0.0,0.013888888888888888,0.0,0.0,1.0
2.0,2.521239512485223e-08,0.0007774812957511173,0.13870909404630635,0.0,0.0,0.013888888888888888,0.0,0.0,1.0
3.0,2.5028916662577297e-08,1.2879231574262736e-05,0.0,0.0,0.0,0.013888888888888888,0.0,0.0,1.0
4.0,6.025412194664337e-11,0.0,0.0,0.0,0.0,0.013888888888888888,0.0,0.0,0.0
1.0,100.0,0.04692353709169784,6.377881556518496,0.0,0.0,0.013888888888888888,0.0,0.0,1.0
2.0,2.491995016107117e-08,0.0007773870274334431,0.13869401913155194,0.0,0.0,0.013888888888888888,0.0,0.0,1.0
3.0,2.4733645286818105e-08,1.2876106289775743e-05,0.0,0.0,0.0,0.013888888888888888,0.0,0.0,1.0
4.0,5.966299589601893e-11,0.0,0.0,0.0,0.0,0.013888888888888888,0.0,0.0,0.0
1.0,100.0,0.04692348881428415,6.3778740296543415,0.0,0.0,0.013888888888888888,0.0,0.0,1.0
2.0,2.466976910252341e-08,0.0007772927653482287,0.13867894428473876,0.0,0.0,0.013888888888888888,0.0,0.0,1.0
3.0,2.4481594413226678e-08,1.2872981558183933e-05,0.0,0.0,0.0,0.013888888888888888,0.0,0.0,1.0
4.0,6.261844669734035e-11,0.0,0.0,0.0,0.0,0.013888888888888888,0.0,0.0,0.0
1.0,100.0,0.04692344053541341,6.377866499235562,0.0,0.0,0.013888888888888888,0.0,0.0,1.0
2.0,2.4418065837447365e-08,0.000777198509573211,0.1386638695207198,0.0,0.0,0.013888888888888888,0.0,0.0,1.0
3.0,2.424419656525352e-08,1.2869857404991244e-05,0.0,0.0,0.0,0.013888888888888888,0.0,0.0,1.0
4.0,6.348619512043951e-11,0.0,0.0,0.0,0.0,0.013888888888888888,0.0,0.0,0.0
1.0,100.0,0.04692339225491752,6.377858965244966,0.0,0.0,0.013888888888888888,0.0,0.0,1.0
2.0,2.4154114848956608e-08,0.0007771042599641684,0.13864879484454384,0.0,0.0,0.013888888888888888,0.0,0.0,1.0
3.0,2.3984811078750273e-08,1.2866733883647e-05,0.0,0.0,0.0,0.013888888888888888,0.0,0.0,1.0
4.0,5.28014394107462e-11,0.0,0.0,0.0,0.0,0.013888888888888888,0.0,0.0,0.0
1.0,100.0,0.046923343972884446,6.377851427695459,0.0,0.0,0.013888888888888888,0.0,0.0,1.0
2.0,2.3920296437582594e-08,0.0007770100167040901,0.13863372024462498,0.0,0.0,0.013888888888888888,0.0,0.0,1.0
3.0,2.374728212808337e-08,1.2863610913277533e-05,0.0,0.0,0.0,0.013888888888888888,0.0,0.0,1.0
4.0,5.772610069084049e-11,0.0,0.0,0.0,0.0,0.013888888888888888,0.0,0.0,0.0
1.0,100.0,0.04692329568926172,6.377843886589665,0.0,0.0,0.013888888888888888,0.0,0.0,1.0
2.0,2.3690043226495604e-08,0.0007769157797449793,0.13861864574124855,0.0,0.0,0.013888888888888888,0.0,0.0,1.0
3.0,2.3520753775541067e-08,1.2860488473425075e-05,0.0,0.0,0.0,0.013888888888888888,0.0,0.0,1.0
4.0,5.879507472476576e-11,0.0,0.0,0.0,0.0,0.013888888888888888,0.0,0.0,0.0
1.0,100.0,0.0469232474042244,6.377836341995575,0.0,0.0,0.013888888888888888,0.0,0.0,1.0
2.0,2.3477283926977902e-08,0.0007768215491235957,0.13860357132911555,0.0,0.0,0.013888888888888888,0.0,0.0,1.0
3.0,2.331232808548915e-08,1.2857366722277549e-05,0.0,0.0,0.0,0.013888888888888888,0.0,0.0,1.0
4.0,6.258056779941308e-11,0.0,0.0,0.0,0.0,0.013888888888888888,0.0,0.0,0.0
1.0,100.0,0.046923199117419025,6.377828793799314,0.0,0.0,0.013888888888888888,0.0,0.0,1.0
2.0,2.3245928573593664e-08,0.000776727324681167,0.13858849699667375,0.0,0.0,0.013888888888888888,0.0,0.0,1.0
3.0,2.3072058854092545e-08,1.2854245529397328e-05,0.0,0.0,0.0,0.013888888888888888,0.0,0.0,1.0
4.0,5.347517088781454e-11,0.0,0.0,0.0,0.0,0.013888888888888888,0.0,0.0,0.0
1.0,100.0,0.046923150829031944,6.377821242063833,0.0,0.0,0.013888888888888888,0.0,0.0,1.0
2.0,2.3041328809523843e-08,0.0007766331066552338,0.1385734227619469,0.0,0.0,0.013888888888888888,0.0,0.0,1.0
3.0,2.2866198025668908e-08,1.2851124872517696e-05,0.0,0.0,0.0,0.013888888888888888,0.0,0.0,1.0
4.0,5.3965628465357316e-11,0.0,0.0,0.0,0.0,0.013888888888888888,0.0,0.0,0.0
1.0,100.0,0.04692310253904277,6.377813686796495,0.0,0.0,0.013888888888888888,0.0,0.0,1.0
2.0,2.285484626116562e-08,0.0007765388949507615,0.13855834861960312,0.0,0.0,0.013888888888888888,0.0,0.0,1.0
3.0,2.2689165469886182e-08,1.2848004806403915e-05,0.0,0.0,0.0,0.013888888888888888,0.0,0.0,1.0
4.0,5.835478938536629e-11,0.0,0.0,0.0,0.0,0.013888888888888888,0.0,0.0,0.0
1.0,100.0,0.04692305424744804,6.377806128003032,0.0,0.0,0.013888888888888888,0.0,0.0,1.0
2.0,2.2652724441845624e-08,0.0007764446895850421,0.13854327457819998,0.0,0.0,0.013888888888888888,0.0,0.0,1.0
3.0,2.2488101629366856e-08,1.2844885414622482e-05,0.0,0.0,0.0,0.013888888888888888,0.0,0.0,1.0
4.0,5.197849887396187e-11,0.0,0.0,0.0,0.0,0.013888888888888888,0.0,0.0,0.0
1.0,100.0,0.04692300595425953,6.377798565697453,0.0,0.0,0.013888888888888888,0.0,0.0,1.0
2.0,2.2461255452895173e-08,0.0007763504910464197,0.13852820070076344,0.0,0.0,0.013888888888888888,0.0,0.0,1.0
3.0,2.229150168129983e-08,1.2841766532664165e-05,0.0,0.0,0.0,0.013888888888888888,0.0,0.0,1.0
4.0,5.400328414220289e-11,0.0,0.0,0.0,0.0,0.013888888888888888,0.0,0.0,0.0
1.0,100.0,0.04692295765943802,6.377790999868832,0.0,0.0,0.013888888888888888,0.0,0.0,1.0
2.0,2.228094660327796e-08,0.0007762562983972334,0.1385131268529495,0.0,0.0,0.013888888888888888,0.0,0.0,1.0
3.0,2.2117367196073096e-08,1.2838648741732792e-05,0.0,0.0,0.0,0.013888888888888888,0.0,0.0,1.0
4.0,5.1236441771904394e-11,0.0,0.0,0.0,0.0,0.013888888888888888,0.0,0.0,0.0
1.0,100.0,0.04692290936301583,6.377783430536812,0.0,0.0,0.013888888888888888,0.0,0.0,1.0
2.0,2.2111334103524025e-08,0.0007761621121615384,0.13849805310924942,0.0,0.0,0.013888888888888888,0.0,0.0,1.0
3.0,2.195453781596781e-08,1.2835531022348621e-05,0.0,0.0,0.0,0.013888888888888888,0.0,0.0,1.0
4.0,5.44685642043722e-11,0.0,0.0,0.0,0.0,0.013888888888888888,0.0,0.0,0.0
1.0,100.0,0.046922861064950465,6.377775857690975,0.0,0.0,0.013888888888888888,0.0,0.0,1.0
2.0,2.1929923245382418e-08,0.0007760679322519453,0.1384829794820191,0.0,0.0,0.013888888888888888,0.0,0.0,1.0
3.0,2.1762937581578775e-08,1.2832413939506365e-05,0.0,0.0,0.0,0.013888888888888888,0.0,0.0,1.0
4.0,5.4380505097191736e-11,0.0,0.0,0.0,0.0,0.013888888888888888,0.0,0.0,0.0
1.0,100.0,0.0469228127652657,6.377768281348388,0.0,0.0,0.013888888888888888,0.0,0.0,1.0
2.0,2.1782326731984784e-08,0.0007759737596513422,0.13846790599691755,0.0,0.0,0.013888888888888888,0.0,0.0,1.0
3.0,2.1632603378608876e-08,1.2829297352206289e-05,0.0,0.0,0.0,0.013888888888888888,0.0,0.0,1.0
4.0,5.4191834803835774e-11,0.0,0.0,0.0,0.0,0.013888888888888888,0.0,0.0,0.0
1.0,100.0,0.046922764463968765,6.377760701521824,0.0,0.0,0.013888888888888888,0.0,0.0,1.0
2.0,2.160694494970839e-08,0.0007758795918562571,0.13845283254144425,0.0,0.0,0.013888888888888888,0.0,0.0,1.0
3.0,2.1461221878395477e-08,1.282618223923467e-05,0.0,0.0,0.0,0.013888888888888888,0.0,0.0,1.0
4.0,5.067041247251861e-11,0.0,0.0,0.0,0.0,0.013888888888888888,0.0,0.0,0.0
1.0,100.0,0.04692271616105623,6.377753118195637,0.0,0.0,0.013888888888888888,0.0,0.0,1.0
2.0,2.1451622705645418e-08,0.000775785431210722,0.13843775923082613,0.0,0.0,0.013888888888888888,0.0,0.0,1.0
3.0,2.1300913612175267e-08,1.2823066037469542e-05,0.0,0.0,0.0,0.013888888888888888,0.0,0.0,1.0
4.0,5.509728991108319e-11,0.0,0.0,0.0,0.0,0.013888888888888888,0.0,0.0,0.0
1.0,100.0,0.04692266785652952,6.377745531397459,0.0,0.0,0.013888888888888888,0.0,0.0,1.0
2.0,2.1298720768537333e-08,0.0007756912778691104,0.13842268608977618,0.0,0.0,0.013888888888888888,0.0,0.0,1.0
3.0,2.113993841519711e-08,1.2819952087790933e-05,0.0,0.0,0.0,0.013888888888888888,0.0,0.0,1.0
4.0,4.6746527883581495e-11,0.0,0.0,0.0,0.0,0.013888888888888888,0.0,0.0,0.0
1.0,100.0,0.04692261955038915,6.377737941117958,0.0,0.0,0.013888888888888888,0.0,0.0,1.0
2.0,2.115874733711024e-08,0.0007755971293830276,0.13840761296788862,0.0,0.0,0.013888888888888888,0.0,0.0,1.0
3.0,2.100254485044309e-08,1.2816837875957354e-05,0.0,0.0,0.0,0.013888888888888888,0.0,0.0,1.0
4.0,5.282091293588739e-11,0.0,0.0,0.0,0.0,0.013888888888888888,0.0,0.0,0.0
1.0,100.0,0.046922571242713366,6.377730347364929,0.0,0.0,0.013888888888888888,0.0,0.0,1.0
2.0,2.1007178470834707e-08,0.0007755029880520012,0.13839254001134524,0.0,0.0,0.013888888888888888,0.0,0.0,1.0
3.0,2.085841136600083e-08,1.2813724254212497e-05,0.0,0.0,0.0,0.013888888888888888,0.0,0.0,1.0
4.0,4.9010240601422806e-11,0.0,0.0,0.0,0.0,0.013888888888888888,0.0,0.0,0.0
1.0,100.0,0.04692252293337256,6.3777227501614115,0.0,0.0,0.013888888888888888,0.0,0.0,1.0
2.0,2.087604605749012e-08,0.0007754088541674042,0.13837746721582106,0.0,0.0,0.013888888888888888,0.0,0.0,1.0
3.0,2.0725916439232352e-08,1.2810611258204522e-05,0.0,0.0,0.0,0.013888888888888888,0.0,0.0,1.0
4.0,4.878384483300788e-11,0.0,0.0,0.0,0.0,0.013888888888888888,0.0,0.0,0.0
1.0,100.0,0.04692247462242687,6.377715149473779,0.0,0.0,0.013888888888888888,0.0,0.0,1.0
2.0,2.074531930862168e-08,0.0007753147251166273,0.13836239445155413,0.0,0.0,0.013888888888888888,0.0,0.0,1.0
3.0,2.06123216225686e-08,1.2807498831514535e-05,0.0,0.0,0.0,0.013888888888888888,0.0,0.0,1.0
4.0,4.854487299955523e-11,0.0,0.0,0.0,0.0,0.013888888888888888,0.0,0.0,0.0
1.0,100.0,0.046922426309851786,6.37770754535048,0.0,0.0,0.013888888888888888,0.0,0.0,1.0
2.0,2.0595590643554556e-08,0.0007752206040929232,0.13834732190858368,0.0,0.0,0.013888888888888888,0.0,0.0,1.0
3.0,2.0444881120483112e-08,1.280438705029414e-05,0.0,0.0,0.0,0.013888888888888888,0.0,0.0,1.0
4.0,4.4382068834018615e-11,0.0,0.0,0.0,0.0,0.013888888888888888,0.0,0.0,0.0
1.0,100.0,0.04692237799570829,6.3776999377712045,0.0,0.0,0.013888888888888888,0.0,0.0,1.0
2.0,2.0472328010011094e-08,0.0007751264888896345,0.1383322494429781,0.0,0.0,0.013888888888888888,0.0,0.0,1.0
3.0,2.0314603274985732e-08,1.280127579623206e-05,0.0,0.0,0.0,0.013888888888888888,0.0,0.0,1.0
4.0,4.6406847962426317e-11,0.0,0.0,0.0,0.0,0.013888888888888888,0.0,0.0,0.0
1.0,100.0,0.046922329679965555,6.377692326751498,0.0,0.0,0.013888888888888888,0.0,0.0,1.0
2.0,2.0356007892842533e-08,0.0007750323801598246,0.13831717709918068,0.0,0.0,0.013888888888888888,0.0,0.0,1.0
3.0,2.0218806731054243e-08,1.2798165178073014e-05,0.0,0.0,0.0,0.013888888888888888,0.0,0.0,1.0
4.0,4.8544812938342326e-11,0.0,0.0,0.0,0.0,0.013888888888888888,0.0,0.0,0.0
1.0,100.0,0.04692228136268199,6.377684712285009,0.0,0.0,0.013888888888888888,0.0,0.0,1.0
2.0,2.022848368052631e-08,0.00077493827796396,0.13830210490152042,0.0,0.0,0.013888888888888888,0.0,0.0,1.0
3.0,2.0088499586534272e-08,1.27950550683275e-05,0.0,0.0,0.0,0.013888888888888888,0.0,0.0,1.0
4.0,4.9261646340497086e-11,0.0,0.0,0.0,0.0,0.013888888888888888,0.0,0.0,0.0
1.0,100.0,0.04692223304377687,6.377677094395246,0.0,0.0,0.013888888888888888,0.0,0.0,1.0
2.0,2.010738020167387e-08,0.0007748441823782441,0.13828703282778698,0.0,0.0,0.013888888888888888,0.0,0.0,1.0
3.0,1.997209213608932e-08,1.2791945647619003e-05,0.0,0.0,0.0,0.013888888888888888,0.0,0.0,1.0
4.0,4.92364736831453e-11,0.0,0.0,0.0,0.0,0.013888888888888888,0.0,0.0,0.0
1.0,100.0,0.04692218472333386,6.377669473073223,0.0,0.0,0.013888888888888888,0.0,0.0,1.0
2.0,1.9994712149274524e-08,0.0007747500933393919,0.1382719608935748,0.0,0.0,0.013888888888888888,0.0,0.0,1.0
3.0,1.9856728115073605e-08,1.2788836729341995e-05,0.0,0.0,0.0,0.013888888888888888,0.0,0.0,1.0
4.0,4.5840836384684484e-11,0.0,0.0,0.0,0.0,0.013888888888888888,0.0,0.0,0.0
1.0,100.0,0.04692213640129943,6.377661848337836,0.0,0.0,0.013888888888888888,0.0,0.0,1.0
2.0,1.98834064019781e-08,0.0007746560108581775,0.13825688908062606,0.0,0.0,0.013888888888888888,0.0,0.0,1.0
3.0,1.9741059572302334e-08,1.27857284262727e-05,0.0,0.0,0.0,0.013888888888888888,0.0,0.0,1.0
4.0,4.850700557539749e-11,0.0,0.0,0.0,0.0,0.013888888888888888,0.0,0.0,0.0
1.0,100.0,0.04692208807774731,6.3776542201792426,0.0,0.0,0.013888888888888888,0.0,0.0,1.0
2.0,1.9766056460326217e-08,0.0007745619348946333,0.13824181742352587,0.0,0.0,0.013888888888888888,0.0,0.0,1.0
3.0,1.9631318986203188e-08,1.2782620774042897e-05,0.0,0.0,0.0,0.013888888888888888,0.0,0.0,1.0
4.0,4.0785106727411297e-11,0.0,0.0,0.0,0.0,0.013888888888888888,0.0,0.0,0.0
1.0,100.0,0.04692203975259505,6.377646588613593,0.0,0.0,0.013888888888888888,0.0,0.0,1.0
2.0,1.966350489149479e-08,0.0007744678656099544,0.1382267459059008,0.0,0.0,0.013888888888888888,0.0,0.0,1.0
3.0,1.952224499297774e-08,1.2779513614925709e-05,0.0,0.0,0.0,0.013888888888888888,0.0,0.0,1.0
4.0,4.7651775651394743e-11,0.0,0.0,0.0,0.0,0.013888888888888888,0.0,0.0,0.0
1.0,100.0,0.046921991425926284,6.3776389536364375,0.0,0.0,0.013888888888888888,0.0,0.0,1.0
2.0,1.955763403271245e-08,0.0007743738029272778,0.13821167452616684,0.0,0.0,0.013888888888888888,0.0,0.0,1.0
3.0,1.941451881955749e-08,1.2776407157761903e-05,0.0,0.0,0.0,0.013888888888888888,0.0,0.0,1.0
4.0,4.270925486311668e-11,0.0,0.0,0.0,0.0,0.013888888888888888,0.0,0.0,0.0
1.0,100.0,0.04692194309774399,6.377631315266284,0.0,0.0,0.013888888888888888,0.0,0.0,1.0
2.0,1.945674903063271e-08,0.0007742797468758619,0.13819660329377467,0.0,0.0,0.013888888888888888,0.0,0.0,1.0
3.0,1.932680893883067e-08,1.2773301222398757e-05,0.0,0.0,0.0,0.013888888888888888,0.0,0.0,1.0
4.0,3.752778764963366e-11,0.0,0.0,0.0,0.0,0.013888888888888888,0.0,0.0,0.0
1.0,100.0,0.04692189476803358,6.377623673502553,0.0,0.0,0.013888888888888888,0.0,0.0,1.0
2.0,1.9352530245042992e-08,0.0007741856975027065,0.13818153220992901,0.0,0.0,0.013888888888888888,0.0,0.0,1.0
3.0,1.921485021349154e-08,1.277019593095844e-05,0.0,0.0,0.0,0.013888888888888888,0.0,0.0,1.0
4.0,4.4369297438765496e-11,0.0,0.0,0.0,0.0,0.013888888888888888,0.0,0.0,0.0
1.0,100.0,0.04692184643682671,6.377616028351457,0.0,0.0,0.013888888888888888,0.0,0.0,1.0
2.0,1.9264240420003236e-08,0.0007740916547095264,0.13816646126242907,0.0,0.0,0.013888888888888888,0.0,0.0,1.0
3.0,1.91352423328688e-08,1.276709121546166e-05,0.0,0.0,0.0,0.013888888888888888,0.0,0.0,1.0
4.0,3.8835696641958926e-11,0.0,0.0,0.0,0.0,0.013888888888888888,0.0,0.0,0.0
1.0,100.0,0.04692179810407854,6.377608379810051,0.0,0.0,0.013888888888888888,0.0,0.0,1.0
2.0,1.9156455818623428e-08,0.000773997618590823,0.13815139048055874,0.0,0.0,0.013888888888888888,0.0,0.0,1.0
3.0,1.902021058762223e-08,1.276398705577711e-05,0.0,0.0,0.0,0.013888888888888888,0.0,0.0,1.0
4.0,3.938903994304643e-11,0.0,0.0,0.0,0.0,0.013888888888888888,0.0,0.0,0.0
1.0,100.0,0.04692174976986939,6.377600727898451,0.0,0.0,0.013888888888888888,0.0,0.0,1.0
2.0,1.906512198117477e-08,0.0007739035891962528,0.1381363198462397,0.0,0.0,0.013888888888888888,0.0,0.0,1.0
3.0,1.894109528323262e-08,1.2760883526709061e-05,0.0,0.0,0.0,0.013888888888888888,0.0,0.0,1.0
4.0,3.922553284034555e-11,0.0,0.0,0.0,0.0,0.013888888888888888,0.0,0.0,0.0
1.0,100.0,0.046921701434140796,6.3775930726168575,0.0,0.0,0.013888888888888888,0.0,0.0,1.0
2.0,1.8971570418904377e-08,0.000773809566461691,0.13812124936451453,0.0,0.0,0.013888888888888888,0.0,0.0,1.0
3.0,1.8841803968671968e-08,1.2757781273486393e-05,0.0,0.0,0.0,0.013888888888888888,0.0,0.0,1.0
4.0,3.540231907548299e-11,0.0,0.0,0.0,0.0,0.013888888888888888,0.0,0.0,0.0
1.0,100.0,0.04692165309695701,6.377585413957735,0.0,0.0,0.013888888888888888,0.0,0.0,1.0
2.0,1.8888773431873196e-08,0.0007737155503858491,0.13810617904469435,0.0,0.0,0.013888888888888888,0.0,0.0,1.0
3.0,1.8758499627939344e-08,1.2754678245433722e-05,0.0,0.0,0.0,0.013888888888888888,0.0,0.0,1.0
4.0,4.2394732769403585e-11,0.0,0.0,0.0,0.0,0.013888888888888888,0.0,0.0,0.0
1.0,100.0,0.04692160475832226,6.377577751955624,0.0,0.0,0.013888888888888888,0.0,0.0,1.0
2.0,1.87975262218505e-08,0.0007736215411060161,0.13809110888791015,0.0,0.0,0.013888888888888888,0.0,0.0,1.0
3.0,1.8668035047676973e-08,1.2751577152155581e-05,0.0,0.0,0.0,0.013888888888888888,0.0,0.0,1.0
4.0,4.2507903652816835e-11,0.0,0.0,0.0,0.0,0.013888888888888888,0.0,0.0,0.0
1.0,100.0,0.04692155641824582,6.377570086584059,0.0,0.0,0.013888888888888888,0.0,0.0,1.0
2.0,1.871427970121326e-08,0.0007735275384941811,0.13807603888753556,0.0,0.0,0.013888888888888888,0.0,0.0,1.0
3.0,1.858773079423975e-08,1.274847599084513e-05,0.0,0.0,0.0,0.013888888888888888,0.0,0.0,1.0
4.0,3.9426694805321574e-11,0.0,0.0,0.0,0.0,0.013888888888888888,0.0,0.0,0.0
1.0,100.0,0.046921508076778425,6.377562417955537,0.0,0.0,0.013888888888888888,0.0,0.0,1.0
2.0,1.862100308239421e-08,0.0007734335433212905,0.13806096911298738,0.0,0.0,0.013888888888888888,0.0,0.0,1.0
3.0,1.848000339189902e-08,1.2745375471944834e-05,0.0,0.0,0.0,0.013888888888888888,0.0,0.0,1.0
4.0,4.6570014971528116e-11,0.0,0.0,0.0,0.0,0.013888888888888888,0.0,0.0,0.0
1.0,100.0,0.04692145973378284,6.377554745879826,0.0,0.0,0.013888888888888888,0.0,0.0,1.0
2.0,1.855668579828881e-08,0.0007733395541441632,0.13804589943641593,0.0,0.0,0.013888888888888888,0.0,0.0,1.0
3.0,1.8441572719323288e-08,1.274227547128017e-05,0.0,0.0,0.0,0.013888888888888888,0.0,0.0,1.0
4.0,3.7766595624543756e-11,0.0,0.0,0.0,0.0,0.013888888888888888,0.0,0.0,0.0
1.0,100.0,0.04692141138935862,6.3775470704865835,0.0,0.0,0.013888888888888888,0.0,0.0,1.0
2.0,1.845379929857299e-08,0.0007732455718255996,0.13803082993544735,0.0,0.0,0.013888888888888888,0.0,0.0,1.0
3.0,1.832301791416437e-08,1.2739176101257262e-05,0.0,0.0,0.0,0.013888888888888888,0.0,0.0,1.0
4.0,4.127536516037725e-11,0.0,0.0,0.0,0.0,0.013888888888888888,0.0,0.0,0.0
1.0,100.0,0.04692136290324094,6.3775393874962285,0.0,0.0,0.013888888888888888,0.0,0.0,1.0
2.0,4.2763295796043213e-08,0.0007731515844095659,0.13801575943783326,0.0,0.0,0.013888888888888888,0.0,0.0,1.0
3.0,4.246939619102112e-08,1.2736070046185689e-05,0.0,0.0,0.0,0.013888888888888888,0.0,0.0,1.0
4.0,1.062443848410541e-10,0.0,0.0,0.0,0.0,0.013888888888888888,0.0,0.0,0.0
1.0,100.0,0.04692131442462448,6.377531703039853,0.0,0.0,0.013888888888888888,0.0,0.0,1.0
2.0,4.133241060370962e-08,0.000773057610946641,0.13800069007530988,0.0,0.0,0.013888888888888888,0.0,0.0,1.0
3.0,4.105141067053757e-08,1.2732970958013723e-05,0.0,0.0,0.0,0.013888888888888888,0.0,0.0,1.0
4.0,9.881174610651082e-11,0.0,0.0,0.0,0.0,0.013888888888888888,0.0,0.0,0.0
1.0,100.0,0.04692126595245114,6.377524016084131,0.0,0.0,0.013888888888888888,0.0,0.0,1.0
2.0,3.988178162510487e-08,0.000772963645375541,0.137985621037858,0.0,0.0,0.013888888888888888,0.0,0.0,1.0
3.0,3.962105896141138e-08,1.2729873250307385e-05,0.0,0.0,0.0,0.013888888888888888,0.0,0.0,1.0
4.0,9.922670473766704e-11,0.0,0.0,0.0,0.0,0.013888888888888888,0.0,0.0,0.0
1.0,100.0,0.04692121748494023,6.3775163260572185,0.0,0.0,0.013888888888888888,0.0,0.0,1.0
2.0,3.852107252575346e-08,0.0007728696869405924,0.13797055217979945,0.0,0.0,0.013888888888888888,0.0,0.0,1.0
3.0,3.8263132585881723e-08,1.2726776361782999e-05,0.0,0.0,0.0,0.013888888888888888,0.0,0.0,1.0
4.0,9.764203960430134e-11,0.0,0.0,0.0,0.0,0.013888888888888888,0.0,0.0,0.0
1.0,100.0,0.046921169022015825,6.377508632931475,0.0,0.0,0.013888888888888888,0.0,0.0,1.0
2.0,3.727957650572342e-08,0.0007727757355601166,0.13795548352738393,0.0,0.0,0.013888888888888888,0.0,0.0,1.0
3.0,3.705111774889696e-08,1.2723680136092692e-05,0.0,0.0,0.0,0.013888888888888888,0.0,0.0,1.0
4.0,8.857451018170955e-11,0.0,0.0,0.0,0.0,0.013888888888888888,0.0,0.0,0.0
1.0,100.0,0.04692112056240058,6.377500936474098,0.0,0.0,0.013888888888888888,0.0,0.0,1.0
2.0,3.6097649904695146e-08,0.0007726817914594807,0.13794041513431396,0.0,0.0,0.013888888888888888,0.0,0.0,1.0
3.0,3.585600120264837e-08,1.2720584814207391e-05,0.0,0.0,0.0,0.013888888888888888,0.0,0.0,1.0
4.0,9.086333690348568e-11,0.0,0.0,0.0,0.0,0.013888888888888888,0.0,0.0,0.0
1.0,100.0,0.046921072106339036,6.377493236777464,0.0,0.0,0.013888888888888888,0.0,0.0,1.0
2.0,3.503518332459559e-08,0.0007725878539546752,0.1379253468312973,0.0,0.0,0.013888888888888888,0.0,0.0,1.0
3.0,3.481315974105053e-08,1.2717489761387264e-05,0.0,0.0,0.0,0.013888888888888888,0.0,0.0,1.0
4.0,8.677601159397449e-11,0.0,0.0,0.0,0.0,0.013888888888888888,0.0,0.0,0.0
1.0,100.0,0.04692102365439869,6.377485533963243,0.0,0.0,0.013888888888888888,0.0,0.0,1.0
2.0,3.402572068140723e-08,0.0007724939236306653,0.13791027873679323,0.0,0.0,0.013888888888888888,0.0,0.0,1.0
3.0,3.380576964441312e-08,1.2714395273243294e-05,0.0,0.0,0.0,0.013888888888888888,0.0,0.0,1.0
4.0,8.604654406765064e-11,0.0,0.0,0.0,0.0,0.013888888888888888,0.0,0.0,0.0
1.0,100.0,0.046920975204339146,6.377477827773201,0.0,0.0,0.013888888888888888,0.0,0.0,1.0
2.0,3.308381441586734e-08,0.0007724000006908622,0.13789521085167772,0.0,0.0,0.013888888888888888,0.0,0.0,1.0
3.0,3.2872371404025426e-08,1.2711301463737366e-05,0.0,0.0,0.0,0.013888888888888888,0.0,0.0,1.0
4.0,8.193407483097182e-11,0.0,0.0,0.0,0.0,0.013888888888888888,0.0,0.0,0.0
1.0,100.0,0.0469209267571331,6.377470118374255,0.0,0.0,0.013888888888888888,0.0,0.0,1.0
2.0,3.2205043932767974e-08,0.0007723060841420551,0.13788014311226196,0.0,0.0,0.013888888888888888,0.0,0.0,1.0
3.0,3.2001355253875124e-08,1.2708208711410997e-05,0.0,0.0,0.0,0.013888888888888888,0.0,0.0,1.0
4.0,8.164477954245126e-11,0.0,0.0,0.0,0.0,0.013888888888888888,0.0,0.0,0.0
1.0,100.0,0.046920878312008134,6.377462405696329,0.0,0.0,0.013888888888888888,0.0,0.0,1.0
2.0,3.137274091176674e-08,0.0007722121749744604,0.13786507559906613,0.0,0.0,0.013888888888888888,0.0,0.0,1.0
3.0,3.116753020711154e-08,1.270511633998238e-05,0.0,0.0,0.0,0.013888888888888888,0.0,0.0,1.0
4.0,7.679032194021501e-11,0.0,0.0,0.0,0.0,0.013888888888888888,0.0,0.0,0.0
1.0,100.0,0.04692082986907053,6.377454689792551,0.0,0.0,0.013888888888888888,0.0,0.0,1.0
2.0,3.060076205935008e-08,0.0007721182724770872,0.1378500082539039,0.0,0.0,0.013888888888888888,0.0,0.0,1.0
3.0,3.0398363135453994e-08,1.2702025022717869e-05,0.0,0.0,0.0,0.013888888888888888,0.0,0.0,1.0
4.0,7.676513101703229e-11,0.0,0.0,0.0,0.0,0.013888888888888888,0.0,0.0,0.0
1.0,100.0,0.04692078142814491,6.377446970661079,0.0,0.0,0.013888888888888888,0.0,0.0,1.0
2.0,2.9874221823170316e-08,0.00077202437701201,0.13783494109298336,0.0,0.0,0.013888888888888888,0.0,0.0,1.0
3.0,2.968934644502316e-08,1.2698933562860134e-05,0.0,0.0,0.0,0.013888888888888888,0.0,0.0,1.0
4.0,7.369650153050544e-11,0.0,0.0,0.0,0.0,0.013888888888888888,0.0,0.0,0.0
1.0,100.0,0.0469207329890037,6.377439248287893,0.0,0.0,0.013888888888888888,0.0,0.0,1.0
2.0,2.9179133261351548e-08,0.0007719304893454633,0.1378198741878226,0.0,0.0,0.013888888888888888,0.0,0.0,1.0
3.0,2.8995156427467743e-08,1.2695842639900138e-05,0.0,0.0,0.0,0.013888888888888888,0.0,0.0,1.0
4.0,7.690339370993174e-11,0.0,0.0,0.0,0.0,0.013888888888888888,0.0,0.0,0.0
1.0,100.0,0.04692068455158838,6.377431522699517,0.0,0.0,0.013888888888888888,0.0,0.0,1.0
2.0,2.8535976987691355e-08,0.0007718366078964834,0.13780480742485782,0.0,0.0,0.013888888888888888,0.0,0.0,1.0
3.0,2.836007340932581e-08,1.2692752277986955e-05,0.0,0.0,0.0,0.013888888888888888,0.0,0.0,1.0
4.0,7.84628033655985e-11,0.0,0.0,0.0,0.0,0.013888888888888888,0.0,0.0,0.0
1.0,100.0,0.0469206361155753,6.377423793887667,0.0,0.0,0.013888888888888888,0.0,0.0,1.0
2.0,2.7907415618493575e-08,0.0007717427334063303,0.13778974087631865,0.0,0.0,0.013888888888888888,0.0,0.0,1.0
3.0,2.773114958289514e-08,1.268966313060776e-05,0.0,0.0,0.0,0.013888888888888888,0.0,0.0,1.0
4.0,6.48679191611214e-11,0.0,0.0,0.0,0.0,0.013888888888888888,0.0,0.0,0.0
1.0,100.0,0.04692058768089506,6.377416061856997,0.0,0.0,0.013888888888888888,0.0,0.0,1.0
2.0,2.7340657388045056e-08,0.0007716488666008441,0.1377746745555136,0.0,0.0,0.013888888888888888,0.0,0.0,1.0
3.0,2.7166898782711265e-08,1.2686573980772771e-05,0.0,0.0,0.0,0.013888888888888888,0.0,0.0,1.0
4.0,7.240101504259779e-11,0.0,0.0,0.0,0.0,0.013888888888888888,0.0,0.0,0.0
1.0,100.0,0.04692053924745521,6.377408326615955,0.0,0.0,0.013888888888888888,0.0,0.0,1.0
2.0,2.6791030722288e-08,0.0007715550062134656,0.1377596084095554,0.0,0.0,0.013888888888888888,0.0,0.0,1.0
3.0,2.662325820358549e-08,1.2683485475557477e-05,0.0,0.0,0.0,0.013888888888888888,0.0,0.0,1.0
4.0,6.130880405690562e-11,0.0,0.0,0.0,0.0,0.013888888888888888,0.0,0.0,0.0
1.0,100.0,0.04692049081509316,6.377400588160074,0.0,0.0,0.013888888888888888,0.0,0.0,1.0
2.0,2.626482623391198e-08,0.0007714611529632026,0.13774454248337764,0.0,0.0,0.013888888888888888,0.0,0.0,1.0
3.0,2.6095836095903236e-08,1.2680397465273527e-05,0.0,0.0,0.0,0.013888888888888888,0.0,0.0,1.0
4.0,6.74710940184177e-11,0.0,0.0,0.0,0.0,0.013888888888888888,0.0,0.0,0.0
1.0,100.0,0.04692044238377353,6.377392846490632,0.0,0.0,0.013888888888888888,0.0,0.0,1.0
2.0,2.577614702946274e-08,0.0007713673067002549,0.1377294767442243,0.0,0.0,0.013888888888888888,0.0,0.0,1.0
3.0,2.561881029990832e-08,1.2677310145507698e-05,0.0,0.0,0.0,0.013888888888888888,0.0,0.0,1.0
4.0,6.324547594666862e-11,0.0,0.0,0.0,0.0,0.013888888888888888,0.0,0.0,0.0
1.0,100.0,0.046920393953446105,6.377385101687938,0.0,0.0,0.013888888888888888,0.0,0.0,1.0
2.0,2.5301831118774394e-08,0.0007712734676872024,0.13771441127555917,0.0,0.0,0.013888888888888888,0.0,0.0,1.0
3.0,2.5147668581864318e-08,1.2674223542257422e-05,0.0,0.0,0.0,0.013888888888888888,0.0,0.0,1.0
4.0,5.757360499217319e-11,0.0,0.0,0.0,0.0,0.013888888888888888,0.0,0.0,0.0
1.0,100.0,0.04692034552377725,6.377377353615889,0.0,0.0,0.013888888888888888,0.0,0.0,1.0
2.0,2.484603843575552e-08,0.0007711796356250972,0.13769934597377137,0.0,0.0,0.013888888888888888,0.0,0.0,1.0
3.0,2.4683599506825257e-08,1.2671137414363664e-05,0.0,0.0,0.0,0.013888888888888888,0.0,0.0,1.0
4.0,6.73703944201646e-11,0.0,0.0,0.0,0.0,0.013888888888888888,0.0,0.0,0.0
1.0,100.0,0.04692029709493349,6.3773696023747215,0.0,0.0,0.013888888888888888,0.0,0.0,1.0
2.0,2.4430264252481817e-08,0.0007710858107332208,0.13768428088950518,0.0,0.0,0.013888888888888888,0.0,0.0,1.0
3.0,2.427317368206204e-08,1.2668051932708625e-05,0.0,0.0,0.0,0.013888888888888888,0.0,0.0,1.0
4.0,6.174883181145708e-11,0.0,0.0,0.0,0.0,0.013888888888888888,0.0,0.0,0.0
1.0,100.0,0.046920248666667004,6.377361847921255,0.0,0.0,0.013888888888888888,0.0,0.0,1.0
2.0,2.4022041116540207e-08,0.0007709919927699784,0.13766921601200313,0.0,0.0,0.013888888888888888,0.0,0.0,1.0
3.0,2.3880807373516825e-08,1.2664966942371823e-05,0.0,0.0,0.0,0.013888888888888888,0.0,0.0,1.0
4.0,5.377553780720431e-11,0.0,0.0,0.0,0.0,0.013888888888888888,0.0,0.0,0.0
1.0,100.0,0.04692020023901108,6.377354090304942,0.0,0.0,0.013888888888888888,0.0,0.0,1.0
2.0,2.3626789970105113e-08,0.0007708981819742114,0.1376541513588861,0.0,0.0,0.013888888888888888,0.0,0.0,1.0
3.0,2.347314891621409e-08,1.2661882612827537e-05,0.0,0.0,0.0,0.013888888888888888,0.0,0.0,1.0
4.0,6.005100166589331e-11,0.0,0.0,0.0,0.0,0.013888888888888888,0.0,0.0,0.0
1.0,100.0,0.046920151811865186,6.377346329488455,0.0,0.0,0.013888888888888888,0.0,0.0,1.0
2.0,2.326581767809505e-08,0.0007708043784283624,0.1376390869268432,0.0,0.0,0.013888888888888888,0.0,0.0,1.0
3.0,2.3126207170654568e-08,1.2658798948320501e-05,0.0,0.0,0.0,0.013888888888888888,0.0,0.0,1.0
4.0,5.596373700304552e-11,0.0,0.0,0.0,0.0,0.013888888888888888,0.0,0.0,0.0
1.0,100.0,0.04692010338527734,6.37733856551642,0.0,0.0,0.013888888888888888,0.0,0.0,1.0
2.0,2.2900656022672955e-08,0.0007707105819336033,0.13762402272637125,0.0,0.0,0.013888888888888888,0.0,0.0,1.0
3.0,2.2759451055992184e-08,1.2655715793600195e-05,0.0,0.0,0.0,0.013888888888888888,0.0,0.0,1.0
4.0,5.947244972177882e-11,0.0,0.0,0.0,0.0,0.013888888888888888,0.0,0.0,0.0
1.0,100.0,0.046920054959010554,6.377330798366848,0.0,0.0,0.013888888888888888,0.0,0.0,1.0
2.0,2.2562526073277276e-08,0.0007706167926181453,0.1376089587487432,0.0,0.0,0.013888888888888888,0.0,0.0,1.0
3.0,2.242522004678782e-08,1.2652633361504883e-05,0.0,0.0,0.0,0.013888888888888888,0.0,0.0,1.0
4.0,5.4605470376073066e-11,0.0,0.0,0.0,0.0,0.013888888888888888,0.0,0.0,0.0
1.0,100.0,0.046920006533045185,6.377323028043541,0.0,0.0,0.013888888888888888,0.0,0.0,1.0
2.0,2.2246847625961178e-08,0.0007705230104389091,0.13759389499759206,0.0,0.0,0.013888888888888888,0.0,0.0,1.0
3.0,2.2119832604140736e-08,1.2649551382260722e-05,0.0,0.0,0.0,0.013888888888888888,0.0,0.0,1.0
4.0,5.295797814978306e-11,0.0,0.0,0.0,0.0,0.013888888888888888,0.0,0.0,0.0
1.0,100.0,0.046919958107363983,6.37731525457095,0.0,0.0,0.013888888888888888,0.0,0.0,1.0
2.0,2.191205056830119e-08,0.0007704292353011235,0.13757883147614963,0.0,0.0,0.013888888888888888,0.0,0.0,1.0
3.0,2.1772787654128255e-08,1.2646470062645914e-05,0.0,0.0,0.0,0.013888888888888888,0.0,0.0,1.0
4.0,5.195186856888291e-11,0.0,0.0,0.0,0.0,0.013888888888888888,0.0,0.0,0.0
1.0,100.0,0.04691990968195142,6.37730747793058,0.0,0.0,0.013888888888888888,0.0,0.0,1.0
2.0,2.163394101665815e-08,0.0007703354675279992,0.13756376819065583,0.0,0.0,0.013888888888888888,0.0,0.0,1.0
3.0,2.1500316388747954e-08,1.2643389389097117e-05,0.0,0.0,0.0,0.013888888888888888,0.0,0.0,1.0
4.0,5.857944953542532e-11,0.0,0.0,0.0,0.0,0.013888888888888888,0.0,0.0,0.0
1.0,100.0,0.046919861256750336,6.3772996981433945,0.0,0.0,0.013888888888888888,0.0,0.0,1.0
2.0,2.13373071593376e-08,0.0007702417068238443,0.13754870513322853,0.0,0.0,0.013888888888888888,0.0,0.0,1.0
3.0,2.120430573068749e-08,1.2640309320500524e-05,0.0,0.0,0.0,0.013888888888888888,0.0,0.0,1.0
4.0,5.5422827552472016e-11,0.0,0.0,0.0,0.0,0.013888888888888888,0.0,0.0,0.0
1.0,100.0,0.046919812831792015,6.377291915192036,0.0,0.0,0.013888888888888888,0.0,0.0,1.0
2.0,2.1066922471060626e-08,0.0007701479533854282,0.13753364231683957,0.0,0.0,0.013888888888888888,0.0,0.0,1.0
3.0,2.0943864203103253e-08,1.2637229831135148e-05,0.0,0.0,0.0,0.013888888888888888,0.0,0.0,1.0
4.0,5.300819728181799e-11,0.0,0.0,0.0,0.0,0.013888888888888888,0.0,0.0,0.0
1.0,100.0,0.04691976440689749,6.377284129223789,0.0,0.0,0.013888888888888888,0.0,0.0,1.0
2.0,2.0798117352153176e-08,0.0007700542079806011,0.13751857980494628,0.0,0.0,0.013888888888888888,0.0,0.0,1.0
3.0,2.0673841488233866e-08,1.263415099771576e-05,0.0,0.0,0.0,0.013888888888888888,0.0,0.0,1.0
4.0,5.289499170705883e-11,0.0,0.0,0.0,0.0,0.013888888888888888,0.0,0.0,0.0
1.0,100.0,0.04691971598205887,6.377276340015893,0.0,0.0,0.013888888888888888,0.0,0.0,1.0
2.0,2.0534254535905446e-08,0.0007699604680554115,0.13750351739871092,0.0,0.0,0.013888888888888888,0.0,0.0,1.0
3.0,2.040516643715465e-08,1.263107271759887e-05,0.0,0.0,0.0,0.013888888888888888,0.0,0.0,1.0
4.0,5.211525442690546e-11,0.0,0.0,0.0,0.0,0.013888888888888888,0.0,0.0,0.0
1.0,100.0,0.046919667557363716,6.377268547658184,0.0,0.0,0.013888888888888888,0.0,0.0,1.0
2.0,2.029817739034305e-08,0.0007698667370702515,0.13748845536879234,0.0,0.0,0.013888888888888888,0.0,0.0,1.0
3.0,2.0174017367074623e-08,1.2627995121128517e-05,0.0,0.0,0.0,0.013888888888888888,0.0,0.0,1.0
4.0,4.50977871796912e-11,0.0,0.0,0.0,0.0,0.013888888888888888,0.0,0.0,0.0
1.0,100.0,0.04691961913265877,6.377260752171045,0.0,0.0,0.013888888888888888,0.0,0.0,1.0
2.0,2.0054693258724647e-08,0.0007697730127620765,0.13747339361457564,0.0,0.0,0.013888888888888888,0.0,0.0,1.0
3.0,1.9929837441330008e-08,1.2624919204277554e-05,0.0,0.0,0.0,0.013888888888888888,0.0,0.0,1.0
4.0,5.211521426719862e-11,0.0,0.0,0.0,0.0,0.013888888888888888,0.0,0.0,0.0
1.0,100.0,0.04691957070799796,6.377252953575541,0.0,0.0,0.013888888888888888,0.0,0.0,1.0
2.0,1.9827863052700964e-08,0.0007696792954207099,0.13745833200809043,0.0,0.0,0.013888888888888888,0.0,0.0,1.0
3.0,1.9706906206541985e-08,1.2621842748155982e-05,0.0,0.0,0.0,0.013888888888888888,0.0,0.0,1.0
4.0,4.182797699740967e-11,0.0,0.0,0.0,0.0,0.013888888888888888,0.0,0.0,0.0
1.0,100.0,0.046919522283309464,6.377245151850004,0.0,0.0,0.013888888888888888,0.0,0.0,1.0
2.0,1.961649824707164e-08,0.0007695855853403186,0.13744327063963263,0.0,0.0,0.013888888888888888,0.0,0.0,1.0
3.0,1.9503513340494603e-08,1.2618766914882698e-05,0.0,0.0,0.0,0.013888888888888888,0.0,0.0,1.0
4.0,4.538698496133747e-11,0.0,0.0,0.0,0.0,0.013888888888888888,0.0,0.0,0.0
1.0,100.0,0.04691947385857661,6.3772373470151855,0.0,0.0,0.013888888888888888,0.0,0.0,1.0
2.0,1.9387739740067073e-08,0.0007694918825761872,0.13742820953534968,0.0,0.0,0.013888888888888888,0.0,0.0,1.0
3.0,1.9273493757482048e-08,1.261569163784051e-05,0.0,0.0,0.0,0.013888888888888888,0.0,0.0,1.0
4.0,5.051799675325159e-11,0.0,0.0,0.0,0.0,0.013888888888888888,0.0,0.0,0.0
1.0,100.0,0.04691942543389663,6.377229539073456,0.0,0.0,0.013888888888888888,0.0,0.0,1.0
2.0,1.9191144372525493e-08,0.000769398186993728,0.13741314867420296,0.0,0.0,0.013888888888888888,0.0,0.0,1.0
3.0,1.9079681292111885e-08,1.261261709984257e-05,0.0,0.0,0.0,0.013888888888888888,0.0,0.0,1.0
4.0,5.201452748124036e-11,0.0,0.0,0.0,0.0,0.013888888888888888,0.0,0.0,0.0
1.0,100.0,0.04691937700911595,6.377221728047518,0.0,0.0,0.013888888888888888,0.0,0.0,1.0
2.0,1.898017017535994e-08,0.0007693044987999193,0.13739808808303494,0.0,0.0,0.013888888888888888,0.0,0.0,1.0
3.0,1.8862503375960654e-08,1.2609543000165596e-05,0.0,0.0,0.0,0.013888888888888888,0.0,0.0,1.0
4.0,5.2429517664922226e-11,0.0,0.0,0.0,0.0,0.013888888888888888,0.0,0.0,0.0
1.0,100.0,0.04691932858424684,6.377213913892884,0.0,0.0,0.013888888888888888,0.0,0.0,1.0
2.0,1.880212738031397e-08,0.000769210817889689,0.1373830277379483,0.0,0.0,0.013888888888888888,0.0,0.0,1.0
3.0,1.8693621091618015e-08,1.2606469639476821e-05,0.0,0.0,0.0,0.013888888888888888,0.0,0.0,1.0
4.0,4.700922649653442e-11,0.0,0.0,0.0,0.0,0.013888888888888888,0.0,0.0,0.0
1.0,100.0,0.0469192801592214,6.377206096653959,0.0,0.0,0.013888888888888888,0.0,0.0,1.0
2.0,1.860699528111622e-08,0.0007691171442728852,0.13736796765388776,0.0,0.0,0.013888888888888888,0.0,0.0,1.0
3.0,1.8506330505858105e-08,1.2603397492040969e-05,0.0,0.0,0.0,0.013888888888888888,0.0,0.0,1.0
4.0,4.329927982748033e-11,0.0,0.0,0.0,0.0,0.013888888888888888,0.0,0.0,0.0
1.0,100.0,0.046919231734086714,6.3771982763173405,0.0,0.0,0.013888888888888888,0.0,0.0,1.0
2.0,1.841957407399169e-08,0.0007690234779396017,0.13735290782971846,0.0,0.0,0.013888888888888888,0.0,0.0,1.0
3.0,1.8297935606388655e-08,1.2600324674401013e-05,0.0,0.0,0.0,0.013888888888888888,0.0,0.0,1.0
4.0,4.4707779332498505e-11,0.0,0.0,0.0,0.0,0.013888888888888888,0.0,0.0,0.0
1.0,100.0,0.04691918330887603,6.377190452914491,0.0,0.0,0.013888888888888888,0.0,0.0,1.0
2.0,1.8257967502359018e-08,0.0007689298197377391,0.13733784834394622,0.0,0.0,0.013888888888888888,0.0,0.0,1.0
3.0,1.8147475314172967e-08,1.2597253055880807e-05,0.0,0.0,0.0,0.013888888888888888,0.0,0.0,1.0
4.0,4.605339782338133e-11,0.0,0.0,0.0,0.0,0.013888888888888888,0.0,0.0,0.0
1.0,100.0,0.046919134883493537,6.377182626414821,0.0,0.0,0.013888888888888888,0.0,0.0,1.0
2.0,1.8083170670010865e-08,0.0007688361674479591,0.13732278897031705,0.0,0.0,0.013888888888888888,0.0,0.0,1.0
3.0,1.7970243343673844e-08,1.2594182809738505e-05,0.0,0.0,0.0,0.013888888888888888,0.0,0.0,1.0
4.0,4.42298586919726e-11,0.0,0.0,0.0,0.0,0.013888888888888888,0.0,0.0,0.0
1.0,100.0,0.046919086457982054,6.377174796849551,0.0,0.0,0.013888888888888888,0.0,0.0,1.0
2.0,1.7917331299842193e-08,0.0007687425239263385,0.13730773002214486,0.0,0.0,0.013888888888888888,0.0,0.0,1.0
3.0,1.7806752049121964e-08,1.2591112430898652e-05,0.0,0.0,0.0,0.013888888888888888,0.0,0.0,1.0
4.0,4.884524039813319e-11,0.0,0.0,0.0,0.0,0.013888888888888888,0.0,0.0,0.0
1.0,100.0,0.046919038032311754,6.37716696421178,0.0,0.0,0.013888888888888888,0.0,0.0,1.0
2.0,1.7762551122430477e-08,0.0007686488870356396,0.13729267125243466,0.0,0.0,0.013888888888888888,0.0,0.0,1.0
3.0,1.7656711558416573e-08,1.2588042699950865e-05,0.0,0.0,0.0,0.013888888888888888,0.0,0.0,1.0
4.0,4.391542730158813e-11,0.0,0.0,0.0,0.0,0.013888888888888888,0.0,0.0,0.0
1.0,100.0,0.04691898960646577,6.377159128510125,0.0,0.0,0.013888888888888888,0.0,0.0,1.0
2.0,1.7604321054364503e-08,0.0007685552575504624,0.13727761277100844,0.0,0.0,0.013888888888888888,0.0,0.0,1.0
3.0,1.7498814821424415e-08,1.2584973607010527e-05,0.0,0.0,0.0,0.013888888888888888,0.0,0.0,1.0
4.0,4.23182592750707e-11,0.0,0.0,0.0,0.0,0.013888888888888888,0.0,0.0,0.0
1.0,100.0,0.04691894118041904,6.377151289750118,0.0,0.0,0.013888888888888888,0.0,0.0,1.0
2.0,1.7456845812171813e-08,0.0007684616354493339,0.13726255454803063,0.0,0.0,0.013888888888888888,0.0,0.0,1.0
3.0,1.73492668053873e-08,1.2581905079765991e-05,0.0,0.0,0.0,0.013888888888888888,0.0,0.0,1.0
4.0,4.456934887856586e-11,0.0,0.0,0.0,0.0,0.013888888888888888,0.0,0.0,0.0
1.0,100.0,0.04691889275428289,6.3771434479391775,0.0,0.0,0.013888888888888888,0.0,0.0,1.0
2.0,1.7311950447227348e-08,0.000768368020820689,0.13724749660471228,0.0,0.0,0.013888888888888888,0.0,0.0,1.0
3.0,1.720734279188903e-08,1.257883711047363e-05,0.0,0.0,0.0,0.013888888888888888,0.0,0.0,1.0
4.0,4.414174966005222e-11,0.0,0.0,0.0,0.0,0.013888888888888888,0.0,0.0,0.0
1.0,100.0,0.04691884432792183,6.377135603066532,0.0,0.0,0.013888888888888888,0.0,0.0,1.0
2.0,1.7176505415995764e-08,0.0007682744135842965,0.1372324389438367,0.0,0.0,0.013888888888888888,0.0,0.0,1.0
3.0,1.7077898491083398e-08,1.257576989420404e-05,0.0,0.0,0.0,0.013888888888888888,0.0,0.0,1.0
4.0,4.482083819778876e-11,0.0,0.0,0.0,0.0,0.013888888888888888,0.0,0.0,0.0
1.0,100.0,0.04691879590132922,6.37712775515526,0.0,0.0,0.013888888888888888,0.0,0.0,1.0
2.0,1.702292745247172e-08,0.0007681808137448406,0.13721738154927554,0.0,0.0,0.013888888888888888,0.0,0.0,1.0
3.0,1.691791386055516e-08,1.2572703195911403e-05,0.0,0.0,0.0,0.013888888888888888,0.0,0.0,1.0
4.0,5.161185678186881e-11,0.0,0.0,0.0,0.0,0.013888888888888888,0.0,0.0,0.0
1.0,100.0,0.04691874747458141,6.377119904206922,0.0,0.0,0.013888888888888888,0.0,0.0,1.0
2.0,1.6905875805372607e-08,0.0007680872213391196,0.13720232444422645,0.0,0.0,0.013888888888888888,0.0,0.0,1.0
3.0,1.6810008284986365e-08,1.2569637174734481e-05,0.0,0.0,0.0,0.013888888888888888,0.0,0.0,1.0
4.0,3.1540568515378564e-11,0.0,0.0,0.0,0.0,0.013888888888888888,0.0,0.0,0.0
1.0,100.0,0.0469186990476243,6.377112050213932,0.0,0.0,0.013888888888888888,0.0,0.0,1.0
2.0,1.6763965715868885e-08,0.0007679936364426258,0.13718726762748104,0.0,0.0,0.013888888888888888,0.0,0.0,1.0
3.0,1.6659212941105742e-08,1.2566571669626194e-05,0.0,0.0,0.0,0.013888888888888888,0.0,0.0,1.0
4.0,4.763781241285266e-11,0.0,0.0,0.0,0.0,0.013888888888888888,0.0,0.0,0.0
1.0,100.0,0.0469186506204969,6.3771041932128885,0.0,0.0,0.013888888888888888,0.0,0.0,1.0
2.0,1.6646478955142997e-08,0.000767900058988831,0.13717221108707395,0.0,0.0,0.013888888888888888,0.0,0.0,1.0
3.0,1.655355376967378e-08,1.2563506886794943e-05,0.0,0.0,0.0,0.013888888888888888,0.0,0.0,1.0
4.0,4.278346988072783e-11,0.0,0.0,0.0,0.0,0.013888888888888888,0.0,0.0,0.0
1.0,100.0,0.04691860219316998,6.37709633317509,0.0,0.0,0.013888888888888888,0.0,0.0,1.0
2.0,1.6515483047540083e-08,0.0007678064889990319,0.1371571548396488,0.0,0.0,0.013888888888888888,0.0,0.0,1.0
3.0,1.6410208379974695e-08,1.256044266200058e-05,0.0,0.0,0.0,0.013888888888888888,0.0,0.0,1.0
4.0,4.394044513246247e-11,0.0,0.0,0.0,0.0,0.013888888888888888,0.0,0.0,0.0
1.0,100.0,0.04691855376558749,6.377088470111166,0.0,0.0,0.013888888888888888,0.0,0.0,1.0
2.0,1.6401489234948228e-08,0.0007677129265240418,0.1371420988768278,0.0,0.0,0.013888888888888888,0.0,0.0,1.0
3.0,1.630504177209835e-08,1.2557379077263095e-05,0.0,0.0,0.0,0.013888888888888888,0.0,0.0,1.0
4.0,4.1412661213528824e-11,0.0,0.0,0.0,0.0,0.013888888888888888,0.0,0.0,0.0
1.0,100.0,0.04691850533787687,6.377080604031611,0.0,0.0,0.013888888888888888,0.0,0.0,1.0
2.0,1.6286495165686957e-08,0.0007676193715361291,0.13712704321511204,0.0,0.0,0.013888888888888888,0.0,0.0,1.0
3.0,1.619851254825045e-08,1.2554316098271324e-05,0.0,0.0,0.0,0.013888888888888888,0.0,0.0,1.0
4.0,3.4709659164031614e-11,0.0,0.0,0.0,0.0,0.013888888888888888,0.0,0.0,0.0
1.0,100.0,0.04691845690989718,6.377072734956271,0.0,0.0,0.013888888888888888,0.0,0.0,1.0
2.0,1.6164717466248064e-08,0.0007675258240054792,0.13711198784405448,0.0,0.0,0.013888888888888888,0.0,0.0,1.0
3.0,1.6075183883871464e-08,1.2551253703496378e-05,0.0,0.0,0.0,0.013888888888888888,0.0,0.0,1.0
4.0,3.9555955838515056e-11,0.0,0.0,0.0,0.0,0.013888888888888888,0.0,0.0,0.0
1.0,100.0,0.04691840848181182,6.377064862873914,0.0,0.0,0.013888888888888888,0.0,0.0,1.0
2.0,1.6063261174404428e-08,0.0007674322840679533,0.13709693275719734,0.0,0.0,0.013888888888888888,0.0,0.0,1.0
3.0,1.596310295865707e-08,1.2548191945000302e-05,0.0,0.0,0.0,0.013888888888888888,0.0,0.0,1.0
4.0,4.272052024685263e-11,0.0,0.0,0.0,0.0,0.013888888888888888,0.0,0.0,0.0
1.0,100.0,0.0469183600532846,6.377056987796835,0.0,0.0,0.013888888888888888,0.0,0.0,1.0
2.0,1.5959500116872436e-08,0.0007673387517128912,0.13708187798773516,0.0,0.0,0.013888888888888888,0.0,0.0,1.0
3.0,1.586679212800037e-08,1.2545130847913402e-05,0.0,0.0,0.0,0.013888888888888888,0.0,0.0,1.0
4.0,4.053229102408298e-11,0.0,0.0,0.0,0.0,0.013888888888888888,0.0,0.0,0.0
1.0,100.0,0.04691831162471704,6.377049109718211,0.0,0.0,0.013888888888888888,0.0,0.0,1.0
2.0,1.583798295482253e-08,0.0007672452267526675,0.13706682348916033,0.0,0.0,0.013888888888888888,0.0,0.0,1.0
3.0,1.5745318413454703e-08,1.254207027394277e-05,0.0,0.0,0.0,0.013888888888888888,0.0,0.0,1.0
4.0,3.791648107002661e-11,0.0,0.0,0.0,0.0,0.013888888888888888,0.0,0.0,0.0
1.0,100.0,0.04691826319611538,6.377041228758262,0.0,0.0,0.013888888888888888,0.0,0.0,1.0
2.0,1.5746324736404953e-08,0.0007671517094846044,0.13705176932594404,0.0,0.0,0.013888888888888888,0.0,0.0,1.0
3.0,1.5646557758862497e-08,1.253901039937971e-05,0.0,0.0,0.0,0.013888888888888888,0.0,0.0,1.0
4.0,3.8482386505375825e-11,0.0,0.0,0.0,0.0,0.013888888888888888,0.0,0.0,0.0
1.0,100.0,0.046918214767171396,6.377033344692504,0.0,0.0,0.013888888888888888,0.0,0.0,1.0
2.0,1.5650115082031708e-08,0.0007670581997296727,0.13703671545092908,0.0,0.0,0.013888888888888888,0.0,0.0,1.0
3.0,1.5555696609477392e-08,1.2535951145573867e-05,0.0,0.0,0.0,0.013888888888888888,0.0,0.0,1.0
4.0,3.931238638081262e-11,0.0,0.0,0.0,0.0,0.013888888888888888,0.0,0.0,0.0
1.0,100.0,0.04691816633807842,6.377025457655821,0.0,0.0,0.013888888888888888,0.0,0.0,1.0
2.0,1.5551789097718374e-08,0.0007669646975542334,0.1370216618752053,0.0,0.0,0.013888888888888888,0.0,0.0,1.0
3.0,1.5465429644287225e-08,1.2532892417199015e-05,0.0,0.0,0.0,0.013888888888888888,0.0,0.0,1.0
4.0,3.5350954418303214e-11,0.0,0.0,0.0,0.0,0.013888888888888888,0.0,0.0,0.0
1.0,100.0,0.04691811790875695,6.3770175676443195,0.0,0.0,0.013888888888888888,0.0,0.0,1.0
2.0,1.5454637081194125e-08,0.0007668712030867086,0.13700660870787962,0.0,0.0,0.013888888888888888,0.0,0.0,1.0
3.0,1.5365378652246326e-08,1.2529834555944601e-05,0.0,0.0,0.0,0.013888888888888888,0.0,0.0,1.0
4.0,3.9488424871657144e-11,0.0,0.0,0.0,0.0,0.013888888888888888,0.0,0.0,0.0
1.0,100.0,0.046918069479304304,6.377009674660683,0.0,0.0,0.013888888888888888,0.0,0.0,1.0
2.0,1.5358412624565107e-08,0.0007667777161056397,0.1369915557534906,0.0,0.0,0.013888888888888888,0.0,0.0,1.0
3.0,1.5268443920125697e-08,1.2526777089082164e-05,0.0,0.0,0.0,0.013888888888888888,0.0,0.0,1.0
4.0,4.3525285405715045e-11,0.0,0.0,0.0,0.0,0.013888888888888888,0.0,0.0,0.0
1.0,100.0,0.04691802104962403,6.3770017787113344,0.0,0.0,0.013888888888888888,0.0,0.0,1.0
2.0,1.5271276258025562e-08,0.0007666842367432165,0.13697650311925064,0.0,0.0,0.013888888888888888,0.0,0.0,1.0
3.0,1.5183583190337e-08,1.2523720331639555e-05,0.0,0.0,0.0,0.013888888888888888,0.0,0.0,1.0
4.0,3.649533064706505e-11,0.0,0.0,0.0,0.0,0.013888888888888888,0.0,0.0,0.0
1.0,100.0,0.04691797261975137,6.37699387980126,0.0,0.0,0.013888888888888888,0.0,0.0,1.0
2.0,1.5180690053927473e-08,0.0007665907650398854,0.13696145078597366,0.0,0.0,0.013888888888888888,0.0,0.0,1.0
3.0,1.5090069017857467e-08,1.2520664072415381e-05,0.0,0.0,0.0,0.013888888888888888,0.0,0.0,1.0
4.0,3.7413361628189344e-11,0.0,0.0,0.0,0.0,0.013888888888888888,0.0,0.0,0.0
1.0,100.0,0.04691792418972157,6.376985977938214,0.0,0.0,0.013888888888888888,0.0,0.0,1.0
2.0,1.509156772348574e-08,0.0007664973008996948,0.136946398769024,0.0,0.0,0.013888888888888888,0.0,0.0,1.0
3.0,1.5002062747347397e-08,1.2517608561612643e-05,0.0,0.0,0.0,0.013888888888888888,0.0,0.0,1.0
4.0,3.3401633022429967e-11,0.0,0.0,0.0,0.0,0.013888888888888888,0.0,0.0,0.0
1.0,100.0,0.046917875581802805,6.376978068308688,0.0,0.0,0.013888888888888888,0.0,0.0,1.0
2.0,4.440417291614606e-08,0.0007664038320237342,0.1369313452364525,0.0,0.0,0.013888888888888888,0.0,0.0,1.0
3.0,4.417053210232149e-08,1.2514546490987794e-05,0.0,0.0,0.0,0.013888888888888888,0.0,0.0,1.0
4.0,8.938957948284998e-11,0.0,0.0,0.0,0.0,0.013888888888888888,0.0,0.0,0.0
1.0,100.0,0.04691782698616947,6.376970158340694,0.0,0.0,0.013888888888888888,0.0,0.0,1.0
2.0,4.256528877162675e-08,0.0007663103765486745,0.1369162935048287,0.0,0.0,0.013888888888888888,0.0,0.0,1.0
3.0,4.235417261867646e-08,1.2511490316686743e-05,0.0,0.0,0.0,0.013888888888888888,0.0,0.0,1.0
4.0,8.340341703281104e-11,0.0,0.0,0.0,0.0,0.013888888888888888,0.0,0.0,0.0
1.0,100.0,0.04691777839972761,6.376962246369726,0.0,0.0,0.013888888888888888,0.0,0.0,1.0
2.0,4.075440447211426e-08,0.0007662169306408705,0.13690124239931317,0.0,0.0,0.013888888888888888,0.0,0.0,1.0
3.0,4.056694361378638e-08,1.2508436584677632e-05,0.0,0.0,0.0,0.013888888888888888,0.0,0.0,1.0
4.0,7.893850958143694e-11,0.0,0.0,0.0,0.0,0.013888888888888888,0.0,0.0,0.0
1.0,100.0,0.04691772982048291,6.376954331582366,0.0,0.0,0.013888888888888888,0.0,0.0,1.0
2.0,3.9086362428348856e-08,0.0007661234932597842,0.13688619175063776,0.0,0.0,0.013888888888888888,0.0,0.0,1.0
3.0,3.890349627066912e-08,1.2505383902899492e-05,0.0,0.0,0.0,0.013888888888888888,0.0,0.0,1.0
4.0,7.732920370920555e-11,0.0,0.0,0.0,0.0,0.013888888888888888,0.0,0.0,0.0
1.0,100.0,0.046917681248106934,6.376946413982959,0.0,0.0,0.013888888888888888,0.0,0.0,1.0
2.0,3.75422329515131e-08,0.0007660300633883676,0.1368711413480519,0.0,0.0,0.013888888888888888,0.0,0.0,1.0
3.0,3.737307872872952e-08,1.2502331577270152e-05,0.0,0.0,0.0,0.013888888888888888,0.0,0.0,1.0
4.0,7.55937063865262e-11,0.0,0.0,0.0,0.0,0.013888888888888888,0.0,0.0,0.0
1.0,100.0,0.04691763268240673,6.376938493607925,0.0,0.0,0.013888888888888888,0.0,0.0,1.0
2.0,3.611804489831314e-08,0.0007659366417962874,0.13685609131874976,0.0,0.0,0.013888888888888888,0.0,0.0,1.0
3.0,3.595628290071526e-08,1.2499280920141253e-05,0.0,0.0,0.0,0.013888888888888888,0.0,0.0,1.0
4.0,6.934313032082581e-11,0.0,0.0,0.0,0.0,0.013888888888888888,0.0,0.0,0.0
1.0,100.0,0.046917584122322775,6.376930570268335,0.0,0.0,0.013888888888888888,0.0,0.0,1.0
2.0,3.4800927271604676e-08,0.000765843228408544,0.1368410416230683,0.0,0.0,0.013888888888888888,0.0,0.0,1.0
3.0,3.464652852324108e-08,1.2496229765506524e-05,0.0,0.0,0.0,0.013888888888888888,0.0,0.0,1.0
4.0,7.372061329838083e-11,0.0,0.0,0.0,0.0,0.013888888888888888,0.0,0.0,0.0
1.0,100.0,0.04691753556861454,6.376922644268995,0.0,0.0,0.013888888888888888,0.0,0.0,1.0
2.0,3.358040065934453e-08,0.0007657498222693499,0.13682599220080233,0.0,0.0,0.013888888888888888,0.0,0.0,1.0
3.0,3.3431118475856805e-08,1.2493180165344392e-05,0.0,0.0,0.0,0.013888888888888888,0.0,0.0,1.0
4.0,6.30554842926308e-11,0.0,0.0,0.0,0.0,0.013888888888888888,0.0,0.0,0.0
1.0,100.0,0.046917487019221424,6.37691471519842,0.0,0.0,0.013888888888888888,0.0,0.0,1.0
2.0,3.2430983449120287e-08,0.0007656564239946515,0.13681094311835643,0.0,0.0,0.013888888888888888,0.0,0.0,1.0
3.0,3.2284295739218575e-08,1.2490130247005866e-05,0.0,0.0,0.0,0.013888888888888888,0.0,0.0,1.0
4.0,6.066604982300176e-11,0.0,0.0,0.0,0.0,0.013888888888888888,0.0,0.0,0.0
1.0,100.0,0.04691743847492106,6.376906783285066,0.0,0.0,0.013888888888888888,0.0,0.0,1.0
2.0,3.137640393032745e-08,0.0007655630353843081,0.13679589450093307,0.0,0.0,0.013888888888888888,0.0,0.0,1.0
3.0,3.123658667799542e-08,1.248708131124193e-05,0.0,0.0,0.0,0.013888888888888888,0.0,0.0,1.0
4.0,6.330696816809234e-11,0.0,0.0,0.0,0.0,0.013888888888888888,0.0,0.0,0.0
1.0,100.0,0.04691738993505273,6.376898848503959,0.0,0.0,0.013888888888888888,0.0,0.0,1.0
2.0,3.036769876246671e-08,0.0007654696528453913,0.1367808460811331,0.0,0.0,0.013888888888888888,0.0,0.0,1.0
3.0,3.023582459776459e-08,1.2484033160123274e-05,0.0,0.0,0.0,0.013888888888888888,0.0,0.0,1.0
4.0,6.15463295500745e-11,0.0,0.0,0.0,0.0,0.013888888888888888,0.0,0.0,0.0
1.0,100.0,0.04691734139936381,6.376890910854456,0.0,0.0,0.013888888888888888,0.0,0.0,1.0
2.0,2.944275766915413e-08,0.0007653762782732028,0.1367657980029262,0.0,0.0,0.013888888888888888,0.0,0.0,1.0
3.0,2.9316536416164818e-08,1.2480985092369451e-05,0.0,0.0,0.0,0.013888888888888888,0.0,0.0,1.0
4.0,5.690682192795943e-11,0.0,0.0,0.0,0.0,0.013888888888888888,0.0,0.0,0.0
1.0,100.0,0.04691729286768327,6.37688297034136,0.0,0.0,0.013888888888888888,0.0,0.0,1.0
2.0,2.8574620413947897e-08,0.000765282911562672,0.13675075025577943,0.0,0.0,0.013888888888888888,0.0,0.0,1.0
3.0,2.8461937290426802e-08,1.2477937631864672e-05,0.0,0.0,0.0,0.013888888888888888,0.0,0.0,1.0
4.0,5.7022816560001104e-11,0.0,0.0,0.0,0.0,0.013888888888888888,0.0,0.0,0.0
1.0,100.0,0.04691724433982848,6.376875026979952,0.0,0.0,0.013888888888888888,0.0,0.0,1.0
2.0,2.773922565890715e-08,0.0007651895527877262,0.13673570286102799,0.0,0.0,0.013888888888888888,0.0,0.0,1.0
3.0,2.762673090002055e-08,1.2474890857402363e-05,0.0,0.0,0.0,0.013888888888888888,0.0,0.0,1.0
4.0,5.745769795759333e-11,0.0,0.0,0.0,0.0,0.013888888888888888,0.0,0.0,0.0
1.0,100.0,0.04691719581549707,6.376867080758412,0.0,0.0,0.013888888888888888,0.0,0.0,1.0
2.0,2.6961838101006844e-08,0.0007650962018787664,0.13672065582248574,0.0,0.0,0.013888888888888888,0.0,0.0,1.0
3.0,2.6846676215488753e-08,1.2471844569933559e-05,0.0,0.0,0.0,0.013888888888888888,0.0,0.0,1.0
4.0,5.968994521790304e-11,0.0,0.0,0.0,0.0,0.013888888888888888,0.0,0.0,0.0
1.0,100.0,0.04691714729458807,6.376859131706275,0.0,0.0,0.013888888888888888,0.0,0.0,1.0
2.0,2.623809492448939e-08,0.000765002858981429,0.13670560912334184,0.0,0.0,0.013888888888888888,0.0,0.0,1.0
3.0,2.6119106318733215e-08,1.246879908611976e-05,0.0,0.0,0.0,0.013888888888888888,0.0,0.0,1.0
4.0,5.629817494695582e-11,0.0,0.0,0.0,0.0,0.013888888888888888,0.0,0.0,0.0
1.0,100.0,0.04691709877691135,6.376851179803156,0.0,0.0,0.013888888888888888,0.0,0.0,1.0
2.0,2.5564749404294097e-08,0.0007649095240022093,0.13669056276812308,0.0,0.0,0.013888888888888888,0.0,0.0,1.0
3.0,2.546195153763744e-08,1.2465754062332307e-05,0.0,0.0,0.0,0.013888888888888888,0.0,0.0,1.0
4.0,5.364564021512222e-11,0.0,0.0,0.0,0.0,0.013888888888888888,0.0,0.0,0.0
1.0,100.0,0.046917050262265815,6.376843225050635,0.0,0.0,0.013888888888888888,0.0,0.0,1.0
2.0,2.4904723676397344e-08,0.0007648161978936158,0.13667551686471258,0.0,0.0,0.013888888888888888,0.0,0.0,1.0
3.0,2.4800635704143036e-08,1.2462709705358411e-05,0.0,0.0,0.0,0.013888888888888888,0.0,0.0,1.0
4.0,4.789119063099052e-11,0.0,0.0,0.0,0.0,0.013888888888888888,0.0,0.0,0.0
1.0,100.0,0.04691700175070276,6.376835267522278,0.0,0.0,0.013888888888888888,0.0,0.0,1.0
2.0,2.4292254797422653e-08,0.0007647228778270937,0.13666047113059868,0.0,0.0,0.013888888888888888,0.0,0.0,1.0
3.0,2.4189993126990367e-08,1.2459665946520378e-05,0.0,0.0,0.0,0.013888888888888888,0.0,0.0,1.0
4.0,5.15987186443184e-11,0.0,0.0,0.0,0.0,0.013888888888888888,0.0,0.0,0.0
1.0,100.0,0.046916953241802895,6.376827307113716,0.0,0.0,0.013888888888888888,0.0,0.0,1.0
2.0,2.370631073420512e-08,0.0007646295677386809,0.13664542600525323,0.0,0.0,0.013888888888888888,0.0,0.0,1.0
3.0,2.3602556029898493e-08,1.245662394969717e-05,0.0,0.0,0.0,0.013888888888888888,0.0,0.0,1.0
4.0,4.61030620911701e-11,0.0,0.0,0.0,0.0,0.013888888888888888,0.0,0.0,0.0
1.0,100.0,0.04691690473539811,6.3768193438744225,0.0,0.0,0.013888888888888888,0.0,0.0,1.0
2.0,2.316364770283703e-08,0.0007645362646404824,0.13663038106080472,0.0,0.0,0.013888888888888888,0.0,0.0,1.0
3.0,2.30656474321192e-08,1.2453581494883214e-05,0.0,0.0,0.0,0.013888888888888888,0.0,0.0,1.0
4.0,4.663021057705513e-11,0.0,0.0,0.0,0.0,0.013888888888888888,0.0,0.0,0.0
1.0,100.0,0.046916856231558474,6.376811377792429,0.0,0.0,0.013888888888888888,0.0,0.0,1.0
2.0,2.2645828227769616e-08,0.0007644429693419718,0.13661533648502192,0.0,0.0,0.013888888888888888,0.0,0.0,1.0
3.0,2.255697421459592e-08,1.2450539620990632e-05,0.0,0.0,0.0,0.013888888888888888,0.0,0.0,1.0
4.0,4.3774731542883733e-11,0.0,0.0,0.0,0.0,0.013888888888888888,0.0,0.0,0.0
1.0,100.0,0.04691680773002489,6.376803408905015,0.0,0.0,0.013888888888888888,0.0,0.0,1.0
2.0,2.2137371761195198e-08,0.0007643496820598381,0.13660029228945653,0.0,0.0,0.013888888888888888,0.0,0.0,1.0
3.0,2.204406775113767e-08,1.2447498354003743e-05,0.0,0.0,0.0,0.013888888888888888,0.0,0.0,1.0
4.0,4.5650304605346786e-11,0.0,0.0,0.0,0.0,0.013888888888888888,0.0,0.0,0.0
1.0,100.0,0.04691675923081109,6.376795437186872,0.0,0.0,0.013888888888888888,0.0,0.0,1.0
2.0,2.1668558307558184e-08,0.0007642564027782033,0.1365852484287856,0.0,0.0,0.013888888888888888,0.0,0.0,1.0
3.0,2.158413965929298e-08,1.2444457718846003e-05,0.0,0.0,0.0,0.013888888888888888,0.0,0.0,1.0
4.0,4.8181245069955605e-11,0.0,0.0,0.0,0.0,0.013888888888888888,0.0,0.0,0.0
1.0,100.0,0.046916710733748104,6.376787462657703,0.0,0.0,0.013888888888888888,0.0,0.0,1.0
2.0,2.121765999080396e-08,0.000764163131523992,0.13657020495699526,0.0,0.0,0.013888888888888888,0.0,0.0,1.0
3.0,2.1129820487267148e-08,1.2441417685251612e-05,0.0,0.0,0.0,0.013888888888888888,0.0,0.0,1.0
4.0,4.328197098581499e-11,0.0,0.0,0.0,0.0,0.013888888888888888,0.0,0.0,0.0
1.0,100.0,0.046916662238886866,6.376779485323207,0.0,0.0,0.013888888888888888,0.0,0.0,1.0
2.0,2.0796316318771577e-08,0.0007640698682489434,0.1365551618421566,0.0,0.0,0.013888888888888888,0.0,0.0,1.0
3.0,2.0718449313208797e-08,1.2438378387149823e-05,0.0,0.0,0.0,0.013888888888888888,0.0,0.0,1.0
4.0,3.929948282406246e-11,0.0,0.0,0.0,0.0,0.013888888888888888,0.0,0.0,0.0
1.0,100.0,0.04691661374585634,6.376771505333211,0.0,0.0,0.013888888888888888,0.0,0.0,1.0
2.0,2.0376407086868957e-08,0.0007639766129761477,0.1365401191105916,0.0,0.0,0.013888888888888888,0.0,0.0,1.0
3.0,2.0295757006185042e-08,1.2435340287497597e-05,0.0,0.0,0.0,0.013888888888888888,0.0,0.0,1.0
4.0,3.8871897522259e-11,0.0,0.0,0.0,0.0,0.013888888888888888,0.0,0.0,0.0
1.0,100.0,0.046916565254850696,6.376763522394969,0.0,0.0,0.013888888888888888,0.0,0.0,1.0
2.0,1.9986270013536802e-08,0.0007638833663895215,0.13652507701541317,0.0,0.0,0.013888888888888888,0.0,0.0,1.0
3.0,1.990746075682243e-08,1.2432302251008454e-05,0.0,0.0,0.0,0.013888888888888888,0.0,0.0,1.0
4.0,4.6804318021592885e-11,0.0,0.0,0.0,0.0,0.013888888888888888,0.0,0.0,0.0
1.0,100.0,0.04691651676569941,6.376755536650496,0.0,0.0,0.013888888888888888,0.0,0.0,1.0
2.0,1.9611439149535706e-08,0.000763790127180338,0.13651003502079712,0.0,0.0,0.013888888888888888,0.0,0.0,1.0
3.0,1.9527643576147503e-08,1.2429264685298956e-05,0.0,0.0,0.0,0.013888888888888888,0.0,0.0,1.0
4.0,3.628126348911718e-11,0.0,0.0,0.0,0.0,0.013888888888888888,0.0,0.0,0.0
1.0,100.0,0.04691646827844374,6.376747548136893,0.0,0.0,0.013888888888888888,0.0,0.0,1.0
2.0,1.9261872595402255e-08,0.0007636968959676232,0.13649499340061802,0.0,0.0,0.013888888888888888,0.0,0.0,1.0
3.0,1.9186411608360357e-08,1.2426227759516021e-05,0.0,0.0,0.0,0.013888888888888888,0.0,0.0,1.0
4.0,4.056961394927284e-11,0.0,0.0,0.0,0.0,0.013888888888888888,0.0,0.0,0.0
1.0,100.0,0.046916419792796815,6.37673955680462,0.0,0.0,0.013888888888888888,0.0,0.0,1.0
2.0,1.891684253443417e-08,0.0007636036728150166,0.13647995216318273,0.0,0.0,0.013888888888888888,0.0,0.0,1.0
3.0,1.884213525219193e-08,1.2423191578217741e-05,0.0,0.0,0.0,0.013888888888888888,0.0,0.0,1.0
4.0,3.833929998120383e-11,0.0,0.0,0.0,0.0,0.013888888888888888,0.0,0.0,0.0
1.0,100.0,0.04691637130884807,6.376731562689287,0.0,0.0,0.013888888888888888,0.0,0.0,1.0
2.0,1.858793050085881e-08,0.0007635104577556295,0.1364649113040329,0.0,0.0,0.013888888888888888,0.0,0.0,1.0
3.0,1.8512020097341248e-08,1.242015593954334e-05,0.0,0.0,0.0,0.013888888888888888,0.0,0.0,1.0
4.0,3.928149402473867e-11,0.0,0.0,0.0,0.0,0.013888888888888888,0.0,0.0,0.0
1.0,100.0,0.04691632282654191,6.376723565796095,0.0,0.0,0.013888888888888888,0.0,0.0,1.0
2.0,1.8281499841480296e-08,0.0007634172507261649,0.13644987083047272,0.0,0.0,0.013888888888888888,0.0,0.0,1.0
3.0,1.820790860654182e-08,1.2417120961420344e-05,0.0,0.0,0.0,0.013888888888888888,0.0,0.0,1.0
4.0,3.594169245392718e-11,0.0,0.0,0.0,0.0,0.013888888888888888,0.0,0.0,0.0
1.0,100.0,0.04691627434577051,6.376715566130947,0.0,0.0,0.013888888888888888,0.0,0.0,1.0
2.0,1.797101019657268e-08,0.000763324051820921,0.13643483074197216,0.0,0.0,0.013888888888888888,0.0,0.0,1.0
3.0,1.7896244830596e-08,1.2414086562330878e-05,0.0,0.0,0.0,0.013888888888888888,0.0,0.0,1.0
4.0,4.079595237695382e-11,0.0,0.0,0.0,0.0,0.013888888888888888,0.0,0.0,0.0
1.0,100.0,0.04691622586652388,6.376707563701574,0.0,0.0,0.013888888888888888,0.0,0.0,1.0
2.0,1.768339334569747e-08,0.000763230860945801,0.13641979103897356,0.0,0.0,0.013888888888888888,0.0,0.0,1.0
3.0,1.7608874361521734e-08,1.241105281834352e-05,0.0,0.0,0.0,0.013888888888888888,0.0,0.0,1.0
4.0,3.4608644721570544e-11,0.0,0.0,0.0,0.0,0.013888888888888888,0.0,0.0,0.0
1.0,100.0,0.04691617738875561,6.376699558484882,0.0,0.0,0.013888888888888888,0.0,0.0,1.0
2.0,1.7413112220854703e-08,0.0007631376781920635,0.1364047517160438,0.0,0.0,0.013888888888888888,0.0,0.0,1.0
3.0,1.7345608803993247e-08,1.2408019739001754e-05,0.0,0.0,0.0,0.013888888888888888,0.0,0.0,1.0
4.0,3.962944673426855e-11,0.0,0.0,0.0,0.0,0.013888888888888888,0.0,0.0,0.0
1.0,100.0,0.046916128912414576,6.376691550517573,0.0,0.0,0.013888888888888888,0.0,0.0,1.0
2.0,1.7138583723814374e-08,0.0007630445035643833,0.13638971280387,0.0,0.0,0.013888888888888888,0.0,0.0,1.0
3.0,1.7064093663385523e-08,1.2404987273673386e-05,0.0,0.0,0.0,0.013888888888888888,0.0,0.0,1.0
4.0,3.6658491531820886e-11,0.0,0.0,0.0,0.0,0.013888888888888888,0.0,0.0,0.0
1.0,100.0,0.04691608043729152,6.376683539806191,0.0,0.0,0.013888888888888888,0.0,0.0,1.0
2.0,1.6884652380418117e-08,0.0007629513370337713,0.13637467426640645,0.0,0.0,0.013888888888888888,0.0,0.0,1.0
3.0,1.681281488248699e-08,1.2401955399847577e-05,0.0,0.0,0.0,0.013888888888888888,0.0,0.0,1.0
4.0,3.523747993735691e-11,0.0,0.0,0.0,0.0,0.013888888888888888,0.0,0.0,0.0
1.0,100.0,0.04691603196369665,6.376675526318956,0.0,0.0,0.013888888888888888,0.0,0.0,1.0
2.0,1.6637982766748968e-08,0.0007628581786323062,0.13635963612989485,0.0,0.0,0.013888888888888888,0.0,0.0,1.0
3.0,1.6573218827800597e-08,1.2398924165763936e-05,0.0,0.0,0.0,0.013888888888888888,0.0,0.0,1.0
4.0,3.7179833556350385e-11,0.0,0.0,0.0,0.0,0.013888888888888888,0.0,0.0,0.0
1.0,100.0,0.046915983491462025,6.376667510090408,0.0,0.0,0.013888888888888888,0.0,0.0,1.0
2.0,1.6404909242475448e-08,0.0007627650283870528,0.13634459838875918,0.0,0.0,0.013888888888888888,0.0,0.0,1.0
3.0,1.6345059103765762e-08,1.239589362076752e-05,0.0,0.0,0.0,0.013888888888888888,0.0,0.0,1.0
4.0,3.304875518153422e-11,0.0,0.0,0.0,0.0,0.013888888888888888,0.0,0.0,0.0
1.0,100.0,0.046915935020481296,6.376659491103415,0.0,0.0,0.013888888888888888,0.0,0.0,1.0
2.0,1.61677043543954e-08,0.0007626718862976398,0.13632956104260752,0.0,0.0,0.013888888888888888,0.0,0.0,1.0
3.0,1.6110477798655742e-08,1.2392863666622556e-05,0.0,0.0,0.0,0.013888888888888888,0.0,0.0,1.0
4.0,3.174421260527266e-11,0.0,0.0,0.0,0.0,0.013888888888888888,0.0,0.0,0.0
1.0,100.0,0.04691588655079078,6.376651469378884,0.0,0.0,0.013888888888888888,0.0,0.0,1.0
2.0,1.594866153571522e-08,0.0007625787523857563,0.13631452410393888,0.0,0.0,0.013888888888888888,0.0,0.0,1.0
3.0,1.5891434955849142e-08,1.2389834370282419e-05,0.0,0.0,0.0,0.013888888888888888,0.0,0.0,1.0
4.0,3.1164422812308214e-11,0.0,0.0,0.0,0.0,0.013888888888888888,0.0,0.0,0.0
1.0,100.0,0.046915838082245406,6.376643444926031,0.0,0.0,0.013888888888888888,0.0,0.0,1.0
2.0,1.5726603492609753e-08,0.0007624856265740094,0.13629948756569374,0.0,0.0,0.013888888888888888,0.0,0.0,1.0
3.0,1.5663694814952318e-08,1.2386805669902087e-05,0.0,0.0,0.0,0.013888888888888888,0.0,0.0,1.0
4.0,2.8018884690397683e-11,0.0,0.0,0.0,0.0,0.013888888888888888,0.0,0.0,0.0
1.0,100.0,0.046915789614999294,6.376635417744217,0.0,0.0,0.013888888888888888,0.0,0.0,1.0
2.0,1.5526592240474083e-08,0.0007623925090056655,0.13628445143553733,0.0,0.0,0.013888888888888888,0.0,0.0,1.0
3.0,1.5466379623961132e-08,1.2383777586434249e-05,0.0,0.0,0.0,0.013888888888888888,0.0,0.0,1.0
4.0,3.1225709689881235e-11,0.0,0.0,0.0,0.0,0.013888888888888888,0.0,0.0,0.0
1.0,100.0,0.046915741148957836,6.376627387820532,0.0,0.0,0.013888888888888888,0.0,0.0,1.0
2.0,1.5326812687495415e-08,0.0007622993996004902,0.1362694157109275,0.0,0.0,0.013888888888888888,0.0,0.0,1.0
3.0,1.526655656097283e-08,1.238075018262522e-05,0.0,0.0,0.0,0.013888888888888888,0.0,0.0,1.0
4.0,2.978742727820774e-11,0.0,0.0,0.0,0.0,0.013888888888888888,0.0,0.0,0.0
1.0,100.0,0.04691569268404122,6.376619355176085,0.0,0.0,0.013888888888888888,0.0,0.0,1.0
2.0,1.513399056609672e-08,0.0007622062983809196,0.13625438038704785,0.0,0.0,0.013888888888888888,0.0,0.0,1.0
3.0,1.5079344020435033e-08,1.2377723368194724e-05,0.0,0.0,0.0,0.013888888888888888,0.0,0.0,1.0
4.0,3.470127980126423e-11,0.0,0.0,0.0,0.0,0.013888888888888888,0.0,0.0,0.0
1.0,100.0,0.046915644220283,6.376611319802865,0.0,0.0,0.013888888888888888,0.0,0.0,1.0
2.0,1.4953054225762576e-08,0.000762113205462533,0.1362393454833191,0.0,0.0,0.013888888888888888,0.0,0.0,1.0
3.0,1.4892029809565247e-08,1.2374696487240562e-05,0.0,0.0,0.0,0.013888888888888888,0.0,0.0,1.0
4.0,3.120054564557613e-11,0.0,0.0,0.0,0.0,0.013888888888888888,0.0,0.0,0.0
1.0,100.0,0.04691559575767221,6.376603281744707,0.0,0.0,0.013888888888888888,0.0,0.0,1.0
2.0,1.476031866456792e-08,0.0007620201199116599,0.1362243110918177,0.0,0.0,0.013888888888888888,0.0,0.0,1.0
3.0,1.4693365721504125e-08,1.2371670896565867e-05,0.0,0.0,0.0,0.013888888888888888,0.0,0.0,1.0
4.0,3.165327013848585e-11,0.0,0.0,0.0,0.0,0.013888888888888888,0.0,0.0,0.0
1.0,100.0,0.04691554729588548,6.376595240995626,0.0,0.0,0.013888888888888888,0.0,0.0,1.0
2.0,1.4600791224708824e-08,0.0007619270433803294,0.13620927700989957,0.0,0.0,0.013888888888888888,0.0,0.0,1.0
3.0,1.454423125738106e-08,1.2368646133250778e-05,0.0,0.0,0.0,0.013888888888888888,0.0,0.0,1.0
4.0,2.472400521602997e-11,0.0,0.0,0.0,0.0,0.013888888888888888,0.0,0.0,0.0
1.0,100.0,0.046915498835738145,6.376587197467409,0.0,0.0,0.013888888888888888,0.0,0.0,1.0
2.0,1.4424971088158675e-08,0.0007618339751071534,0.13619424334630628,0.0,0.0,0.013888888888888888,0.0,0.0,1.0
3.0,1.4365743995108337e-08,1.236562183541452e-05,0.0,0.0,0.0,0.013888888888888888,0.0,0.0,1.0
4.0,2.9100376825279308e-11,0.0,0.0,0.0,0.0,0.013888888888888888,0.0,0.0,0.0
1.0,100.0,0.04691545037609671,6.376579151313728,0.0,0.0,0.013888888888888888,0.0,0.0,1.0
2.0,1.4261341175172876e-08,0.0007617409151589146,0.13617921009774228,0.0,0.0,0.013888888888888888,0.0,0.0,1.0
3.0,1.4203085232912397e-08,1.2362598237829962e-05,0.0,0.0,0.0,0.013888888888888888,0.0,0.0,1.0
4.0,2.892431216100254e-11,0.0,0.0,0.0,0.0,0.013888888888888888,0.0,0.0,0.0
1.0,100.0,0.04691540191779955,6.376571102418495,0.0,0.0,0.013888888888888888,0.0,0.0,1.0
2.0,1.4096450013872291e-08,0.0007616478632653491,0.13616417728119898,0.0,0.0,0.013888888888888888,0.0,0.0,1.0
3.0,1.4039266689308642e-08,1.2359575157577431e-05,0.0,0.0,0.0,0.013888888888888888,0.0,0.0,1.0
4.0,2.7037940640656378e-11,0.0,0.0,0.0,0.0,0.013888888888888888,0.0,0.0,0.0
1.0,100.0,0.04691535346058448,6.376563050853319,0.0,0.0,0.013888888888888888,0.0,0.0,1.0
2.0,1.3949735593961702e-08,0.0007615548198567705,0.1361491448782304,0.0,0.0,0.013888888888888888,0.0,0.0,1.0
3.0,1.3894509091897609e-08,1.2356552858893509e-05,0.0,0.0,0.0,0.013888888888888888,0.0,0.0,1.0
4.0,2.7905666495924368e-11,0.0,0.0,0.0,0.0,0.013888888888888888,0.0,0.0,0.0
1.0,100.0,0.046915305004325364,6.376554996718328,0.0,0.0,0.013888888888888888,0.0,0.0,1.0
2.0,1.3798715961189732e-08,0.0007614617846691364,0.13613411290658126,0.0,0.0,0.013888888888888888,0.0,0.0,1.0
3.0,1.3747171206131151e-08,1.2353531132616451e-05,0.0,0.0,0.0,0.013888888888888888,0.0,0.0,1.0
4.0,3.1671902603554704e-11,0.0,0.0,0.0,0.0,0.013888888888888888,0.0,0.0,0.0
1.0,100.0,0.04691525654915536,6.3765469397773185,0.0,0.0,0.013888888888888888,0.0,0.0,1.0
2.0,1.3650653185738466e-08,0.0007613687578130459,0.1361190814924112,0.0,0.0,0.013888888888888888,0.0,0.0,1.0
3.0,1.359552810776457e-08,1.2350510021604567e-05,0.0,0.0,0.0,0.013888888888888888,0.0,0.0,1.0
4.0,3.183136133452656e-11,0.0,0.0,0.0,0.0,0.013888888888888888,0.0,0.0,0.0
1.0,100.0,0.04691520809923595,6.37653888014196,0.0,0.0,0.013888888888888888,0.0,0.0,1.0
2.0,1.3523042932327876e-08,0.0007612757393786118,0.13610405036960455,0.0,0.0,0.013888888888888888,0.0,0.0,1.0
3.0,1.3473846354424794e-08,1.2347489643853758e-05,0.0,0.0,0.0,0.013888888888888888,0.0,0.0,1.0
4.0,3.1990820097472875e-11,0.0,0.0,0.0,0.0,0.013888888888888888,0.0,0.0,0.0
1.0,100.0,0.046915159655197394,6.376530817842376,0.0,0.0,0.013888888888888888,0.0,0.0,1.0
2.0,1.3373399893487645e-08,0.0007611827293346765,0.13608901966638878,0.0,0.0,0.013888888888888888,0.0,0.0,1.0
3.0,1.3328696798780808e-08,1.2344469846577423e-05,0.0,0.0,0.0,0.013888888888888888,0.0,0.0,1.0
4.0,2.977307161693341e-11,0.0,0.0,0.0,0.0,0.013888888888888888,0.0,0.0,0.0
1.0,100.0,0.04691511121204138,6.376522752872732,0.0,0.0,0.013888888888888888,0.0,0.0,1.0
2.0,1.324707943877767e-08,0.0007610897277482196,0.13607398940539125,0.0,0.0,0.013888888888888888,0.0,0.0,1.0
3.0,1.3199593254536016e-08,1.2341450675685889e-05,0.0,0.0,0.0,0.013888888888888888,0.0,0.0,1.0
4.0,2.443885948820931e-11,0.0,0.0,0.0,0.0,0.013888888888888888,0.0,0.0,0.0
1.0,100.0,0.04691506276973905,6.376514685234773,0.0,0.0,0.013888888888888888,0.0,0.0,1.0
2.0,1.311145295240855e-08,0.0007609967344817747,0.1360589595783103,0.0,0.0,0.013888888888888888,0.0,0.0,1.0
3.0,1.305186327785804e-08,1.2338432194343166e-05,0.0,0.0,0.0,0.013888888888888888,0.0,0.0,1.0
4.0,2.946504309683508e-11,0.0,0.0,0.0,0.0,0.013888888888888888,0.0,0.0,0.0
1.0,100.0,0.04691501432832391,6.376506614942643,0.0,0.0,0.013888888888888888,0.0,0.0,1.0
2.0,1.2994409156727342e-08,0.0007609037494928317,0.1360439301888147,0.0,0.0,0.013888888888888888,0.0,0.0,1.0
3.0,1.2951996251472428e-08,1.2335414286143785e-05,0.0,0.0,0.0,0.013888888888888888,0.0,0.0,1.0
4.0,2.6381231886820745e-11,0.0,0.0,0.0,0.0,0.013888888888888888,0.0,0.0,0.0
1.0,100.0,0.04691496588774947,6.376498542001172,0.0,0.0,0.013888888888888888,0.0,0.0,1.0
2.0,1.2862116305801792e-08,0.0007608107729073833,0.13602890124122793,0.0,0.0,0.013888888888888888,0.0,0.0,1.0
3.0,1.2806164879911057e-08,1.233239692731611e-05,0.0,0.0,0.0,0.013888888888888888,0.0,0.0,1.0
4.0,2.497548547487156e-11,0.0,0.0,0.0,0.0,0.013888888888888888,0.0,0.0,0.0
1.0,100.0,0.04691491744809849,6.376490466382376,0.0,0.0,0.013888888888888888,0.0,0.0,1.0
2.0,1.2763814554816933e-08,0.0007607178047221895,0.13601387272180102,0.0,0.0,0.013888888888888888,0.0,0.0,1.0
3.0,1.2722575729492272e-08,1.2329380407987837e-05,0.0,0.0,0.0,0.013888888888888888,0.0,0.0,1.0
4.0,2.7685818372055655e-11,0.0,0.0,0.0,0.0,0.013888888888888888,0.0,0.0,0.0
1.0,100.0,0.04691486900929571,6.376482388146974,0.0,0.0,0.013888888888888888,0.0,0.0,1.0
2.0,1.2627680235520824e-08,0.000760624844837709,0.13599884466509898,0.0,0.0,0.013888888888888888,0.0,0.0,1.0
3.0,1.2587166155333164e-08,1.2326364396393932e-05,0.0,0.0,0.0,0.013888888888888888,0.0,0.0,1.0
4.0,2.9164338511480976e-11,0.0,0.0,0.0,0.0,0.013888888888888888,0.0,0.0,0.0
1.0,100.0,0.04691482057132191,6.376474307249386,0.0,0.0,0.013888888888888888,0.0,0.0,1.0
2.0,1.2520608671706374e-08,0.0007605318934093445,0.1359838170303139,0.0,0.0,0.013888888888888888,0.0,0.0,1.0
3.0,1.247480382791955e-08,1.2323348998399572e-05,0.0,0.0,0.0,0.013888888888888888,0.0,0.0,1.0
4.0,2.045273176561682e-11,0.0,0.0,0.0,0.0,0.013888888888888888,0.0,0.0,0.0
1.0,100.0,0.04691477213419093,6.376466223726819,0.0,0.0,0.013888888888888888,0.0,0.0,1.0
2.0,1.2406738750271181e-08,0.00076043895032174,0.13596878986824232,0.0,0.0,0.013888888888888888,0.0,0.0,1.0
3.0,1.2361716631537785e-08,1.232033424991523e-05,0.0,0.0,0.0,0.013888888888888888,0.0,0.0,1.0
4.0,2.925133049228852e-11,0.0,0.0,0.0,0.0,0.013888888888888888,0.0,0.0,0.0
1.0,100.0,0.0469147236980075,6.376458137572949,0.0,0.0,0.013888888888888888,0.0,0.0,1.0
2.0,1.231275615333694e-08,0.0007603460157472379,0.13595376312531474,0.0,0.0,0.013888888888888888,0.0,0.0,1.0
3.0,1.227521354892992e-08,1.2317320196772331e-05,0.0,0.0,0.0,0.013888888888888888,0.0,0.0,1.0
4.0,2.4743329398767374e-11,0.0,0.0,0.0,0.0,0.013888888888888888,0.0,0.0,0.0
1.0,100.0,0.046914675262594685,6.3764500487761335,0.0,0.0,0.013888888888888888,0.0,0.0,1.0
2.0,1.2199306384710227e-08,0.0007602530895027122,0.13593873684735627,0.0,0.0,0.013888888888888888,0.0,0.0,1.0
3.0,1.2158154457781851e-08,1.2314306821193946e-05,0.0,0.0,0.0,0.013888888888888888,0.0,0.0,1.0
4.0,2.942529364343553e-11,0.0,0.0,0.0,0.0,0.013888888888888888,0.0,0.0,0.0
1.0,100.0,0.04691462682816197,6.3764419573654365,0.0,0.0,0.013888888888888888,0.0,0.0,1.0
2.0,1.2103366740587222e-08,0.0007601601718072509,0.13592371101477693,0.0,0.0,0.013888888888888888,0.0,0.0,1.0
3.0,1.2059141811977538e-08,1.2311294017173033e-05,0.0,0.0,0.0,0.013888888888888888,0.0,0.0,1.0
4.0,2.7779862068428947e-11,0.0,0.0,0.0,0.0,0.013888888888888888,0.0,0.0,0.0
1.0,100.0,0.04691457839429415,6.376433863370294,0.0,0.0,0.013888888888888888,0.0,0.0,1.0
2.0,1.199625118294825e-08,0.0007600672624331962,0.13590868564624708,0.0,0.0,0.013888888888888888,0.0,0.0,1.0
3.0,1.1956012426946694e-08,1.2308281833514793e-05,0.0,0.0,0.0,0.013888888888888888,0.0,0.0,1.0
4.0,2.3119889601884024e-11,0.0,0.0,0.0,0.0,0.013888888888888888,0.0,0.0,0.0
1.0,100.0,0.04691452996155276,6.3764257667388895,0.0,0.0,0.013888888888888888,0.0,0.0,1.0
2.0,1.1908573634661633e-08,0.0007599743615776795,0.13589366074568393,0.0,0.0,0.013888888888888888,0.0,0.0,1.0
3.0,1.1871639778115932e-08,1.2305270355204815e-05,0.0,0.0,0.0,0.013888888888888888,0.0,0.0,1.0
4.0,2.667122976562863e-11,0.0,0.0,0.0,0.0,0.013888888888888888,0.0,0.0,0.0
1.0,100.0,0.04691448152963316,6.376417667480416,0.0,0.0,0.013888888888888888,0.0,0.0,1.0
2.0,1.180958971584644e-08,0.0007598814691983963,0.13587863627799054,0.0,0.0,0.013888888888888888,0.0,0.0,1.0
3.0,1.177367051341269e-08,1.2302259467591942e-05,0.0,0.0,0.0,0.013888888888888888,0.0,0.0,1.0
4.0,3.2338877129818384e-11,0.0,0.0,0.0,0.0,0.013888888888888888,0.0,0.0,0.0
1.0,100.0,0.046914433098556606,6.3764095656069095,0.0,0.0,0.013888888888888888,0.0,0.0,1.0
2.0,1.1712417611271438e-08,0.0007597885853934491,0.13586361229306745,0.0,0.0,0.013888888888888888,0.0,0.0,1.0
3.0,1.166800418401983e-08,1.2299249147978968e-05,0.0,0.0,0.0,0.013888888888888888,0.0,0.0,1.0
4.0,2.013389313129298e-11,0.0,0.0,0.0,0.0,0.013888888888888888,0.0,0.0,0.0
1.0,100.0,0.04691438449918938,6.3764014590688225,0.0,0.0,0.013888888888888888,0.0,0.0,1.0
2.0,4.197986639002911e-08,0.0007596956992938433,0.13584858618563206,0.0,0.0,0.013888888888888888,0.0,0.0,1.0
3.0,4.1828637328730155e-08,1.2296234471002483e-05,0.0,0.0,0.0,0.013888888888888888,0.0,0.0,1.0
4.0,8.427543949979227e-11,0.0,0.0,0.0,0.0,0.013888888888888888,0.0,0.0,0.0
1.0,100.0,0.04691433591181314,6.376393352847912,0.0,0.0,0.013888888888888888,0.0,0.0,1.0
2.0,3.9903825657711275e-08,0.0007596028244446504,0.13583356271609062,0.0,0.0,0.013888888888888888,0.0,0.0,1.0
3.0,3.9784848423074845e-08,1.2293222324373383e-05,0.0,0.0,0.0,0.013888888888888888,0.0,0.0,1.0
4.0,7.733229313950911e-11,0.0,0.0,0.0,0.0,0.013888888888888888,0.0,0.0,0.0
1.0,100.0,0.046914287335328424,6.376385244885024,0.0,0.0,0.013888888888888888,0.0,0.0,1.0
2.0,3.7886673291551605e-08,0.000759509961493194,0.13581854014796246,0.0,0.0,0.013888888888888888,0.0,0.0,1.0
3.0,3.777859639382164e-08,1.2290213792675987e-05,0.0,0.0,0.0,0.013888888888888888,0.0,0.0,1.0
4.0,7.35806890124165e-11,0.0,0.0,0.0,0.0,0.013888888888888888,0.0,0.0,0.0
1.0,100.0,0.046914238767671076,6.376377134439529,0.0,0.0,0.013888888888888888,0.0,0.0,1.0
2.0,3.6060780948937295e-08,0.0007594171083816521,0.13580351816498798,0.0,0.0,0.013888888888888888,0.0,0.0,1.0
3.0,3.5962836162934665e-08,1.2287206343412952e-05,0.0,0.0,0.0,0.013888888888888888,0.0,0.0,1.0
4.0,7.636126451743209e-11,0.0,0.0,0.0,0.0,0.013888888888888888,0.0,0.0,0.0
1.0,100.0,0.04691419020825791,6.376369021375478,0.0,0.0,0.013888888888888888,0.0,0.0,1.0
2.0,3.438924441898104e-08,0.0007593242631644869,0.1357884965657235,0.0,0.0,0.013888888888888888,0.0,0.0,1.0
3.0,3.429882261044687e-08,1.2284200157775906e-05,0.0,0.0,0.0,0.013888888888888888,0.0,0.0,1.0
4.0,7.044928482594332e-11,0.0,0.0,0.0,0.0,0.013888888888888888,0.0,0.0,0.0
1.0,100.0,0.046914141656766106,6.376360905746442,0.0,0.0,0.013888888888888888,0.0,0.0,1.0
2.0,3.2844581252377956e-08,0.0007592314281325586,0.13577347562874853,0.0,0.0,0.013888888888888888,0.0,0.0,1.0
3.0,3.276320444817341e-08,1.2281194411970084e-05,0.0,0.0,0.0,0.013888888888888888,0.0,0.0,1.0
4.0,6.604775713896276e-11,0.0,0.0,0.0,0.0,0.013888888888888888,0.0,0.0,0.0
1.0,100.0,0.04691409311207499,6.376352787386619,0.0,0.0,0.013888888888888888,0.0,0.0,1.0
2.0,3.14143695117819e-08,0.0007591386003140944,0.13575845496408442,0.0,0.0,0.013888888888888888,0.0,0.0,1.0
3.0,3.133371740277823e-08,1.2278189701751076e-05,0.0,0.0,0.0,0.013888888888888888,0.0,0.0,1.0
4.0,6.157622523967166e-11,0.0,0.0,0.0,0.0,0.013888888888888888,0.0,0.0,0.0
1.0,100.0,0.046914044575042446,6.3763446666242425,0.0,0.0,0.013888888888888888,0.0,0.0,1.0
2.0,3.0097247132233196e-08,0.0007590457821996145,0.13574343490746393,0.0,0.0,0.013888888888888888,0.0,0.0,1.0
3.0,3.0014551108613453e-08,1.2275184649113625e-05,0.0,0.0,0.0,0.013888888888888888,0.0,0.0,1.0
4.0,6.247621368303221e-11,0.0,0.0,0.0,0.0,0.013888888888888888,0.0,0.0,0.0
1.0,100.0,0.046913996043831355,6.376336543008455,0.0,0.0,0.013888888888888888,0.0,0.0,1.0
2.0,2.8875138847236837e-08,0.0007589529719797881,0.1357284151847123,0.0,0.0,0.013888888888888888,0.0,0.0,1.0
3.0,2.880047318956421e-08,1.2272180995259542e-05,0.0,0.0,0.0,0.013888888888888888,0.0,0.0,1.0
4.0,6.212407676184199e-11,0.0,0.0,0.0,0.0,0.013888888888888888,0.0,0.0,0.0
1.0,100.0,0.04691394752693681,6.376328416734264,0.0,0.0,0.013888888888888888,0.0,0.0,1.0
2.0,2.7727954441568923e-08,0.000758860170904048,0.13571339598137144,0.0,0.0,0.013888888888888888,0.0,0.0,1.0
3.0,2.7649519924381122e-08,1.226917742733773e-05,0.0,0.0,0.0,0.013888888888888888,0.0,0.0,1.0
4.0,5.5144535653944756e-11,0.0,0.0,0.0,0.0,0.013888888888888888,0.0,0.0,0.0
1.0,100.0,0.04691389901688274,6.376320287848084,0.0,0.0,0.013888888888888888,0.0,0.0,1.0
2.0,2.6677335847035825e-08,0.000758767378465217,0.13569837721705313,0.0,0.0,0.013888888888888888,0.0,0.0,1.0
3.0,2.660816382436686e-08,1.226617428145407e-05,0.0,0.0,0.0,0.013888888888888888,0.0,0.0,1.0
4.0,5.628561116111952e-11,0.0,0.0,0.0,0.0,0.013888888888888888,0.0,0.0,0.0
1.0,100.0,0.046913850511555284,6.376312156351281,0.0,0.0,0.013888888888888888,0.0,0.0,1.0
2.0,2.568395737148682e-08,0.0007586745947249124,0.13568335894276315,0.0,0.0,0.013888888888888888,0.0,0.0,1.0
3.0,2.56158434605176e-08,1.2263171868763246e-05,0.0,0.0,0.0,0.013888888888888888,0.0,0.0,1.0
4.0,5.421390543526055e-11,0.0,0.0,0.0,0.0,0.013888888888888888,0.0,0.0,0.0
1.0,100.0,0.046913802010804556,6.37630402226468,0.0,0.0,0.013888888888888888,0.0,0.0,1.0
2.0,2.47631408984853e-08,0.0007585818197585434,0.1356683411711182,0.0,0.0,0.013888888888888888,0.0,0.0,1.0
3.0,2.469647647839426e-08,1.2260170001653958e-05,0.0,0.0,0.0,0.013888888888888888,0.0,0.0,1.0
4.0,4.89510167417043e-11,0.0,0.0,0.0,0.0,0.013888888888888888,0.0,0.0,0.0
1.0,100.0,0.04691375351442204,6.376295885573324,0.0,0.0,0.013888888888888888,0.0,0.0,1.0
2.0,2.389959400281351e-08,0.0007584890535467838,0.13565332384344864,0.0,0.0,0.013888888888888888,0.0,0.0,1.0
3.0,2.3849062943215296e-08,1.2257168818854014e-05,0.0,0.0,0.0,0.013888888888888888,0.0,0.0,1.0
4.0,5.376353382364426e-11,0.0,0.0,0.0,0.0,0.013888888888888888,0.0,0.0,0.0
1.0,100.0,0.04691370502224561,6.37628774627252,0.0,0.0,0.013888888888888888,0.0,0.0,1.0
2.0,2.3080488424987345e-08,0.0007583962960321232,0.13563830703484808,0.0,0.0,0.013888888888888888,0.0,0.0,1.0
3.0,2.3026681361264574e-08,1.2254169248575881e-05,0.0,0.0,0.0,0.013888888888888888,0.0,0.0,1.0
4.0,4.8936591914288487e-11,0.0,0.0,0.0,0.0,0.013888888888888888,0.0,0.0,0.0
1.0,100.0,0.046913656533923244,6.376279604422919,0.0,0.0,0.013888888888888888,0.0,0.0,1.0
2.0,2.2316101599078066e-08,0.0007583035484237272,0.1356232907913217,0.0,0.0,0.013888888888888888,0.0,0.0,1.0
3.0,2.225709063320462e-08,1.2251169411086027e-05,0.0,0.0,0.0,0.013888888888888888,0.0,0.0,1.0
4.0,4.790744922529526e-11,0.0,0.0,0.0,0.0,0.013888888888888888,0.0,0.0,0.0
1.0,100.0,0.046913608049603456,6.376271460026414,0.0,0.0,0.013888888888888888,0.0,0.0,1.0
2.0,2.161475409098946e-08,0.0007582108083844278,0.13560827495583633,0.0,0.0,0.013888888888888888,0.0,0.0,1.0
3.0,2.156357063160342e-08,1.2248170106354418e-05,0.0,0.0,0.0,0.013888888888888888,0.0,0.0,1.0
4.0,4.5080867798135714e-11,0.0,0.0,0.0,0.0,0.013888888888888888,0.0,0.0,0.0
1.0,100.0,0.046913559568885675,6.376263313132253,0.0,0.0,0.013888888888888888,0.0,0.0,1.0
2.0,2.092948077367231e-08,0.0007581180772292107,0.13559325969317126,0.0,0.0,0.013888888888888888,0.0,0.0,1.0
3.0,2.0880978941807136e-08,1.2245171558123514e-05,0.0,0.0,0.0,0.013888888888888888,0.0,0.0,1.0
4.0,4.6253416079957207e-11,0.0,0.0,0.0,0.0,0.013888888888888888,0.0,0.0,0.0
1.0,100.0,0.046913511091537956,6.3762551636055775,0.0,0.0,0.013888888888888888,0.0,0.0,1.0
2.0,2.0283155586910787e-08,0.0007580253547314713,0.1355782448560875,0.0,0.0,0.013888888888888888,0.0,0.0,1.0
3.0,2.0222216606503403e-08,1.2242173561759194e-05,0.0,0.0,0.0,0.013888888888888888,0.0,0.0,1.0
4.0,4.276993903593339e-11,0.0,0.0,0.0,0.0,0.013888888888888888,0.0,0.0,0.0
1.0,100.0,0.046913462617636785,6.376247011513817,0.0,0.0,0.013888888888888888,0.0,0.0,1.0
2.0,1.9696565173986538e-08,0.0007579326409906703,0.13556323049871444,0.0,0.0,0.013888888888888888,0.0,0.0,1.0
3.0,1.9648251721840193e-08,1.223917615821916e-05,0.0,0.0,0.0,0.013888888888888888,0.0,0.0,1.0
4.0,4.206569165956851e-11,0.0,0.0,0.0,0.0,0.013888888888888888,0.0,0.0,0.0
1.0,100.0,0.04691341414694714,6.3762388568879,0.0,0.0,0.013888888888888888,0.0,0.0,1.0
2.0,1.9128339549461194e-08,0.0007578399360349683,0.13554821665432318,0.0,0.0,0.013888888888888888,0.0,0.0,1.0
3.0,1.9078764959725687e-08,1.2236179339866784e-05,0.0,0.0,0.0,0.013888888888888888,0.0,0.0,1.0
4.0,4.734747323299259e-11,0.0,0.0,0.0,0.0,0.013888888888888888,0.0,0.0,0.0
1.0,100.0,0.04691336567950153,6.376230699727505,0.0,0.0,0.013888888888888888,0.0,0.0,1.0
2.0,1.8585668551337575e-08,0.0007577472399513439,0.13553320328561835,0.0,0.0,0.013888888888888888,0.0,0.0,1.0
3.0,1.853931193314552e-08,1.2233183318025705e-05,0.0,0.0,0.0,0.013888888888888888,0.0,0.0,1.0
4.0,4.196506979273207e-11,0.0,0.0,0.0,0.0,0.013888888888888888,0.0,0.0,0.0
1.0,100.0,0.04691331721515408,6.376222540252006,0.0,0.0,0.013888888888888888,0.0,0.0,1.0
2.0,1.8080902432783e-08,0.000757654552697236,0.13551819047065577,0.0,0.0,0.013888888888888888,0.0,0.0,1.0
3.0,1.8038894440359826e-08,1.2230187937250257e-05,0.0,0.0,0.0,0.013888888888888888,0.0,0.0,1.0
4.0,3.841871862356811e-11,0.0,0.0,0.0,0.0,0.013888888888888888,0.0,0.0,0.0
1.0,100.0,0.04691326875373897,6.376214378021125,0.0,0.0,0.013888888888888888,0.0,0.0,1.0
2.0,1.7592066083237826e-08,0.0007575618749111006,0.135503178487684,0.0,0.0,0.013888888888888888,0.0,0.0,1.0
3.0,1.7547100980683606e-08,1.2227193942057977e-05,0.0,0.0,0.0,0.013888888888888888,0.0,0.0,1.0
4.0,3.854358461755304e-11,0.0,0.0,0.0,0.0,0.013888888888888888,0.0,0.0,0.0
1.0,100.0,0.04691322029518017,6.376206213277912,0.0,0.0,0.013888888888888888,0.0,0.0,1.0
2.0,1.7136191801081254e-08,0.0007574692051571383,0.13548816663983757,0.0,0.0,0.013888888888888888,0.0,0.0,1.0
3.0,1.7100779225381846e-08,1.2224199744272807e-05,0.0,0.0,0.0,0.013888888888888888,0.0,0.0,1.0
4.0,3.493524100882441e-11,0.0,0.0,0.0,0.0,0.013888888888888888,0.0,0.0,0.0
1.0,100.0,0.04691317183953158,6.376198046058666,0.0,0.0,0.013888888888888888,0.0,0.0,1.0
2.0,1.6701059930094905e-08,0.0007573765442818162,0.135473155316004,0.0,0.0,0.013888888888888888,0.0,0.0,1.0
3.0,1.666182051339526e-08,1.2221206237919782e-05,0.0,0.0,0.0,0.013888888888888888,0.0,0.0,1.0
4.0,3.433160223377109e-11,0.0,0.0,0.0,0.0,0.013888888888888888,0.0,0.0,0.0
1.0,100.0,0.0469131233865092,6.376189876282526,0.0,0.0,0.013888888888888888,0.0,0.0,1.0
2.0,1.627879944665996e-08,0.0007572838922274939,0.13545814451315022,0.0,0.0,0.013888888888888888,0.0,0.0,1.0
3.0,1.6236979801823095e-08,1.2218213315399508e-05,0.0,0.0,0.0,0.013888888888888888,0.0,0.0,1.0
4.0,3.8569599153031486e-11,0.0,0.0,0.0,0.0,0.013888888888888888,0.0,0.0,0.0
1.0,100.0,0.046913074936165734,6.376181704017974,0.0,0.0,0.013888888888888888,0.0,0.0,1.0
2.0,1.58943572352416e-08,0.0007571912490079633,0.1354431342140833,0.0,0.0,0.013888888888888888,0.0,0.0,1.0
3.0,1.5858524230521003e-08,1.22152210832826e-05,0.0,0.0,0.0,0.013888888888888888,0.0,0.0,1.0
4.0,3.755096294485817e-11,0.0,0.0,0.0,0.0,0.013888888888888888,0.0,0.0,0.0
1.0,100.0,0.046913026488411336,6.376173529264917,0.0,0.0,0.013888888888888888,0.0,0.0,1.0
2.0,1.5509421612997372e-08,0.0007570986146054332,0.13542812444213168,0.0,0.0,0.013888888888888888,0.0,0.0,1.0
3.0,1.5479517272905084e-08,1.2212229516453566e-05,0.0,0.0,0.0,0.013888888888888888,0.0,0.0,1.0
4.0,3.6789728095523426e-11,0.0,0.0,0.0,0.0,0.013888888888888888,0.0,0.0,0.0
1.0,100.0,0.04691297804315614,6.376165352017339,0.0,0.0,0.013888888888888888,0.0,0.0,1.0
2.0,1.514054653253215e-08,0.0007570059891052481,0.13541311518188523,0.0,0.0,0.013888888888888888,0.0,0.0,1.0
3.0,1.5099813988922165e-08,1.2209238563922214e-05,0.0,0.0,0.0,0.013888888888888888,0.0,0.0,1.0
4.0,3.5526267566062346e-11,0.0,0.0,0.0,0.0,0.013888888888888888,0.0,0.0,0.0
1.0,100.0,0.046912929600395774,6.3761571722631025,0.0,0.0,0.013888888888888888,0.0,0.0,1.0
2.0,1.4812287536243466e-08,0.000756913372460056,0.13539810644053593,0.0,0.0,0.013888888888888888,0.0,0.0,1.0
3.0,1.4771670936426611e-08,1.2206248274203257e-05,0.0,0.0,0.0,0.013888888888888888,0.0,0.0,1.0
4.0,3.645686122049287e-11,0.0,0.0,0.0,0.0,0.013888888888888888,0.0,0.0,0.0
1.0,100.0,0.04691288115991306,6.376148990089189,0.0,0.0,0.013888888888888888,0.0,0.0,1.0
2.0,1.4484173037789192e-08,0.0007568207647186437,0.13538309823528824,0.0,0.0,0.013888888888888888,0.0,0.0,1.0
3.0,1.4446962879120812e-08,1.2203258597740552e-05,0.0,0.0,0.0,0.013888888888888888,0.0,0.0,1.0
4.0,2.9741449816633157e-11,0.0,0.0,0.0,0.0,0.013888888888888888,0.0,0.0,0.0
1.0,100.0,0.046912832721936325,6.376140805376437,0.0,0.0,0.013888888888888888,0.0,0.0,1.0
2.0,1.4168683751628995e-08,0.0007567281658200052,0.13536809053424143,0.0,0.0,0.013888888888888888,0.0,0.0,1.0
3.0,1.4147215783417424e-08,1.2200269605639856e-05,0.0,0.0,0.0,0.013888888888888888,0.0,0.0,1.0
4.0,3.3977658872012794e-11,0.0,0.0,0.0,0.0,0.013888888888888888,0.0,0.0,0.0
1.0,100.0,0.046912784286309676,6.376132618218996,0.0,0.0,0.013888888888888888,0.0,0.0,1.0
2.0,1.386463106954338e-08,0.00075663557589863,0.13535308337707772,0.0,0.0,0.013888888888888888,0.0,0.0,1.0
3.0,1.383378444073833e-08,1.2197281275253104e-05,0.0,0.0,0.0,0.013888888888888888,0.0,0.0,1.0
4.0,3.14768819005036e-11,0.0,0.0,0.0,0.0,0.013888888888888888,0.0,0.0,0.0
1.0,100.0,0.04691273585298236,6.3761244285842675,0.0,0.0,0.013888888888888888,0.0,0.0,1.0
2.0,1.357533451216531e-08,0.0007565429948234016,0.13533807672535225,0.0,0.0,0.013888888888888888,0.0,0.0,1.0
3.0,1.3547343502247915e-08,1.2194293501846637e-05,0.0,0.0,0.0,0.013888888888888888,0.0,0.0,1.0
4.0,3.5601693610366066e-11,0.0,0.0,0.0,0.0,0.013888888888888888,0.0,0.0,0.0
1.0,100.0,0.04691268742190616,6.376116236498438,0.0,0.0,0.013888888888888888,0.0,0.0,1.0
2.0,1.3299156107022956e-08,0.0007564504226825802,0.13532307063519425,0.0,0.0,0.013888888888888888,0.0,0.0,1.0
3.0,1.3272498679953021e-08,1.219130649967705e-05,0.0,0.0,0.0,0.013888888888888888,0.0,0.0,1.0
4.0,2.801856640274915e-11,0.0,0.0,0.0,0.0,0.013888888888888888,0.0,0.0,0.0
1.0,100.0,0.046912638992998336,6.376108041961964,0.0,0.0,0.013888888888888888,0.0,0.0,1.0
2.0,1.3034936232782422e-08,0.0007563578595141873,0.13530806506303264,0.0,0.0,0.013888888888888888,0.0,0.0,1.0
3.0,1.3015280175837301e-08,1.2188320087335713e-05,0.0,0.0,0.0,0.013888888888888888,0.0,0.0,1.0
4.0,3.37602895825768e-11,0.0,0.0,0.0,0.0,0.013888888888888888,0.0,0.0,0.0
1.0,100.0,0.04691259056622244,6.3760998449554585,0.0,0.0,0.013888888888888888,0.0,0.0,1.0
2.0,1.2770976947318958e-08,0.000756265304514219,0.13529306016186401,0.0,0.0,0.013888888888888888,0.0,0.0,1.0
3.0,1.2739057584637447e-08,1.21853343294173e-05,0.0,0.0,0.0,0.013888888888888888,0.0,0.0,1.0
4.0,2.9643548300042106e-11,0.0,0.0,0.0,0.0,0.013888888888888888,0.0,0.0,0.0
1.0,100.0,0.046912542141695567,6.3760916455246255,0.0,0.0,0.013888888888888888,0.0,0.0,1.0
2.0,1.2533355896142445e-08,0.0007561727591229424,0.1352780556666435,0.0,0.0,0.013888888888888888,0.0,0.0,1.0
3.0,1.2502088822342767e-08,1.2182348453624556e-05,0.0,0.0,0.0,0.013888888888888888,0.0,0.0,1.0
4.0,2.491236797592143e-11,0.0,0.0,0.0,0.0,0.013888888888888888,0.0,0.0,0.0
1.0,100.0,0.04691249371928064,6.376083443636267,0.0,0.0,0.013888888888888888,0.0,0.0,1.0
2.0,1.2308432729211987e-08,0.0007560802228608318,0.13526305170508238,0.0,0.0,0.013888888888888888,0.0,0.0,1.0
3.0,1.2280412663866028e-08,1.2179364035027139e-05,0.0,0.0,0.0,0.013888888888888888,0.0,0.0,1.0
4.0,3.20679098313944e-11,0.0,0.0,0.0,0.0,0.013888888888888888,0.0,0.0,0.0
1.0,100.0,0.04691244529861683,6.376075239381176,0.0,0.0,0.013888888888888888,0.0,0.0,1.0
2.0,1.2073405825245285e-08,0.0007559876954746523,0.1352480482704701,0.0,0.0,0.013888888888888888,0.0,0.0,1.0
3.0,1.2056851800491748e-08,1.2176380261256468e-05,0.0,0.0,0.0,0.013888888888888888,0.0,0.0,1.0
4.0,2.6048668884649377e-11,0.0,0.0,0.0,0.0,0.013888888888888888,0.0,0.0,0.0
1.0,100.0,0.04691239688024223,6.3760670326346665,0.0,0.0,0.013888888888888888,0.0,0.0,1.0
2.0,1.1842509904203545e-08,0.0007558951769630119,0.13523304541079015,0.0,0.0,0.013888888888888888,0.0,0.0,1.0
3.0,1.180879302454282e-08,1.2173397063991272e-05,0.0,0.0,0.0,0.013888888888888888,0.0,0.0,1.0
4.0,2.7603546131321484e-11,0.0,0.0,0.0,0.0,0.013888888888888888,0.0,0.0,0.0
1.0,100.0,0.04691234846393515,6.376058823449162,0.0,0.0,0.013888888888888888,0.0,0.0,1.0
2.0,1.164791083544182e-08,0.0007558026676292092,0.13521804307923294,0.0,0.0,0.013888888888888888,0.0,0.0,1.0
3.0,1.1618963011706787e-08,1.2170414545890559e-05,0.0,0.0,0.0,0.013888888888888888,0.0,0.0,1.0
4.0,2.3767970446537447e-11,0.0,0.0,0.0,0.0,0.013888888888888888,0.0,0.0,0.0
1.0,100.0,0.04691230004964746,6.376050612047847,0.0,0.0,0.013888888888888888,0.0,0.0,1.0
2.0,1.1445512870901845e-08,0.0007557101672195331,0.13520304129954153,0.0,0.0,0.013888888888888888,0.0,0.0,1.0
3.0,1.1418724888380787e-08,1.216743276542964e-05,0.0,0.0,0.0,0.013888888888888888,0.0,0.0,1.0
4.0,2.428356868066166e-11,0.0,0.0,0.0,0.0,0.013888888888888888,0.0,0.0,0.0
1.0,100.0,0.04691225163738474,6.376042398046558,0.0,0.0,0.013888888888888888,0.0,0.0,1.0
2.0,1.1253218154518579e-08,0.0007556176757895963,0.13518804022247438,0.0,0.0,0.013888888888888888,0.0,0.0,1.0
3.0,1.1232228427568258e-08,1.2164451583550162e-05,0.0,0.0,0.0,0.013888888888888888,0.0,0.0,1.0
4.0,2.2045101134353473e-11,0.0,0.0,0.0,0.0,0.013888888888888888,0.0,0.0,0.0
1.0,100.0,0.046912203227056644,6.376034181619006,0.0,0.0,0.013888888888888888,0.0,0.0,1.0
2.0,1.1057864632848362e-08,0.0007555251933899493,0.135173039528444,0.0,0.0,0.013888888888888888,0.0,0.0,1.0
3.0,1.1036758931862123e-08,1.2161470991907733e-05,0.0,0.0,0.0,0.013888888888888888,0.0,0.0,1.0
4.0,2.3845381946953793e-11,0.0,0.0,0.0,0.0,0.013888888888888888,0.0,0.0,0.0
1.0,100.0,0.046912154818624464,6.376025962806333,0.0,0.0,0.013888888888888888,0.0,0.0,1.0
2.0,1.0873295680087275e-08,0.000755432720030885,0.1351580393914649,0.0,0.0,0.013888888888888888,0.0,0.0,1.0
3.0,1.08531466853067e-08,1.2158491077622226e-05,0.0,0.0,0.0,0.013888888888888888,0.0,0.0,1.0
4.0,2.1806158295344924e-11,0.0,0.0,0.0,0.0,0.013888888888888888,0.0,0.0,0.0
1.0,100.0,0.046912106412169814,6.376017741577286,0.0,0.0,0.013888888888888888,0.0,0.0,1.0
2.0,1.0704265898408092e-08,0.0007553402557463505,0.13514303982448628,0.0,0.0,0.013888888888888888,0.0,0.0,1.0
3.0,1.0680174069273264e-08,1.215551184741305e-05,0.0,0.0,0.0,0.013888888888888888,0.0,0.0,1.0
4.0,2.6836410556687037e-11,0.0,0.0,0.0,0.0,0.013888888888888888,0.0,0.0,0.0
1.0,100.0,0.04691205800763182,6.376009517956533,0.0,0.0,0.013888888888888888,0.0,0.0,1.0
2.0,1.0527611197172326e-08,0.0007552478004290768,0.13512804079840077,0.0,0.0,0.013888888888888888,0.0,0.0,1.0
3.0,1.050782457852436e-08,1.2152533269070098e-05,0.0,0.0,0.0,0.013888888888888888,0.0,0.0,1.0
4.0,2.1994787342706602e-11,0.0,0.0,0.0,0.0,0.013888888888888888,0.0,0.0,0.0
1.0,100.0,0.04691200960500833,6.376001291942636,0.0,0.0,0.013888888888888888,0.0,0.0,1.0
2.0,1.0366684137762598e-08,0.0007551553542092607,0.13511304231366494,0.0,0.0,0.013888888888888888,0.0,0.0,1.0
3.0,1.0345592898668074e-08,1.214955530380803e-05,0.0,0.0,0.0,0.013888888888888888,0.0,0.0,1.0
4.0,2.2648717614083115e-11,0.0,0.0,0.0,0.0,0.013888888888888888,0.0,0.0,0.0
1.0,100.0,0.04691196120424887,6.375993063547623,0.0,0.0,0.013888888888888888,0.0,0.0,1.0
2.0,1.020424935278504e-08,0.00075506291701061,0.135098044415709,0.0,0.0,0.013888888888888888,0.0,0.0,1.0
3.0,1.0180606861949042e-08,1.2146578026317393e-05,0.0,0.0,0.0,0.013888888888888888,0.0,0.0,1.0
4.0,2.4396727820435832e-11,0.0,0.0,0.0,0.0,0.013888888888888888,0.0,0.0,0.0
1.0,100.0,0.046911912805343944,6.375984832763049,0.0,0.0,0.013888888888888888,0.0,0.0,1.0
2.0,1.0058151059811433e-08,0.000754970489021932,0.13508304707151492,0.0,0.0,0.013888888888888888,0.0,0.0,1.0
3.0,1.0039596553201509e-08,1.2143601481186552e-05,0.0,0.0,0.0,0.013888888888888888,0.0,0.0,1.0
4.0,1.9801136445140027e-11,0.0,0.0,0.0,0.0,0.013888888888888888,0.0,0.0,0.0
1.0,100.0,0.046911864408332976,6.375976599592917,0.0,0.0,0.013888888888888888,0.0,0.0,1.0
2.0,9.901238810312213e-09,0.0007548780700283201,0.13506805029327149,0.0,0.0,0.013888888888888888,0.0,0.0,1.0
3.0,9.877987685617508e-09,1.2140625387306578e-05,0.0,0.0,0.0,0.013888888888888888,0.0,0.0,1.0
4.0,2.0473125443313225e-11,0.0,0.0,0.0,0.0,0.013888888888888888,0.0,0.0,0.0
1.0,100.0,0.04691181601288505,6.375968364116952,0.0,0.0,0.013888888888888888,0.0,0.0,1.0
2.0,9.763489740875585e-09,0.0007547856601555939,0.13505305408928622,0.0,0.0,0.013888888888888888,0.0,0.0,1.0
3.0,9.749559354424816e-09,1.2137650092562904e-05,0.0,0.0,0.0,0.013888888888888888,0.0,0.0,1.0
4.0,3.100634191685348e-11,0.0,0.0,0.0,0.0,0.013888888888888888,0.0,0.0,0.0
1.0,100.0,0.046911767619646424,6.375960126208041,0.0,0.0,0.013888888888888888,0.0,0.0,1.0
2.0,9.630219707614561e-09,0.0007546932593789283,0.13503805842621794,0.0,0.0,0.013888888888888888,0.0,0.0,1.0
3.0,9.61666620480051e-09,1.2134675361913742e-05,0.0,0.0,0.0,0.013888888888888888,0.0,0.0,1.0
4.0,2.3591876121135214e-11,0.0,0.0,0.0,0.0,0.013888888888888888,0.0,0.0,0.0
1.0,100.0,0.0469117192280742,6.375951885955154,0.0,0.0,0.013888888888888888,0.0,0.0,1.0
2.0,9.476814969758135e-09,0.0007546008677677869,0.13502306337938746,0.0,0.0,0.013888888888888888,0.0,0.0,1.0
3.0,9.453433357483295e-09,1.2131701348988932e-05,0.0,0.0,0.0,0.013888888888888888,0.0,0.0,1.0
4.0,2.1994768965499398e-11,0.0,0.0,0.0,0.0,0.013888888888888888,0.0,0.0,0.0
1.0,100.0,0.04691167083840291,6.375943643315118,0.0,0.0,0.013888888888888888,0.0,0.0,1.0
2.0,9.35396709164394e-09,0.0007545084853042722,0.13500806884070155,0.0,0.0,0.013888888888888888,0.0,0.0,1.0
3.0,9.324787176975101e-09,1.2128728111082851e-05,0.0,0.0,0.0,0.013888888888888888,0.0,0.0,1.0
4.0,2.7226226061440784e-11,0.0,0.0,0.0,0.0,0.013888888888888888,0.0,0.0,0.0
1.0,100.0,0.046911622450567264,6.375935398318319,0.0,0.0,0.013888888888888888,0.0,0.0,1.0
2.0,9.225480246651841e-09,0.0007544161119678514,0.13499307492740847,0.0,0.0,0.013888888888888888,0.0,0.0,1.0
3.0,9.19925745235685e-09,1.2125754262988185e-05,0.0,0.0,0.0,0.013888888888888888,0.0,0.0,1.0
4.0,2.262354510909937e-11,0.0,0.0,0.0,0.0,0.013888888888888888,0.0,0.0,0.0
1.0,100.0,0.04691157406450209,6.375927150971569,0.0,0.0,0.013888888888888888,0.0,0.0,1.0
2.0,9.104516567443113e-09,0.0007543237465636375,0.13497808171198034,0.0,0.0,0.013888888888888888,0.0,0.0,1.0
3.0,9.085889534177285e-09,1.2122782082395765e-05,0.0,0.0,0.0,0.013888888888888888,0.0,0.0,1.0
4.0,2.4560188254047913e-11,0.0,0.0,0.0,0.0,0.013888888888888888,0.0,0.0,0.0
1.0,100.0,0.04691152568024765,6.375918901309774,0.0,0.0,0.013888888888888888,0.0,0.0,1.0
2.0,8.982842478081096e-09,0.0007542313915147498,0.13496308893994516,0.0,0.0,0.013888888888888888,0.0,0.0,1.0
3.0,8.97421750587971e-09,1.211981075416802e-05,0.0,0.0,0.0,0.013888888888888888,0.0,0.0,1.0
4.0,2.2149506373012187e-11,0.0,0.0,0.0,0.0,0.013888888888888888,0.0,0.0,0.0
1.0,100.0,0.046911477297834445,6.375910649290639,0.0,0.0,0.013888888888888888,0.0,0.0,1.0
2.0,8.865067630041766e-09,0.0007541390457062846,0.13494809675640654,0.0,0.0,0.013888888888888888,0.0,0.0,1.0
3.0,8.849296247436211e-09,1.2116840082995234e-05,0.0,0.0,0.0,0.013888888888888888,0.0,0.0,1.0
4.0,2.1089312164494008e-11,0.0,0.0,0.0,0.0,0.013888888888888888,0.0,0.0,0.0
1.0,100.0,0.0469114289171357,6.375902394929358,0.0,0.0,0.013888888888888888,0.0,0.0,1.0
2.0,8.74742313166133e-09,0.000754046709041624,0.1349331051340512,0.0,0.0,0.013888888888888888,0.0,0.0,1.0
3.0,8.735116230310881e-09,1.2113870034381512e-05,0.0,0.0,0.0,0.013888888888888888,0.0,0.0,1.0
4.0,1.6307730458948327e-11,0.0,0.0,0.0,0.0,0.013888888888888888,0.0,0.0,0.0
1.0,100.0,0.04691138053825491,6.375894138226097,0.0,0.0,0.013888888888888888,0.0,0.0,1.0
2.0,8.637330816828943e-09,0.0007539543815761751,0.1349181141001864,0.0,0.0,0.013888888888888888,0.0,0.0,1.0
3.0,8.624067190726217e-09,1.2110900536231342e-05,0.0,0.0,0.0,0.013888888888888888,0.0,0.0,1.0
4.0,2.3202011075859444e-11,0.0,0.0,0.0,0.0,0.013888888888888888,0.0,0.0,0.0
1.0,100.0,0.046911332161187584,6.37588587920382,0.0,0.0,0.013888888888888888,0.0,0.0,1.0
2.0,8.529427260055272e-09,0.0007538620632797773,0.13490312365635604,0.0,0.0,0.013888888888888888,0.0,0.0,1.0
3.0,8.515714260546917e-09,1.2107931748721573e-05,0.0,0.0,0.0,0.013888888888888888,0.0,0.0,1.0
4.0,1.9102358314990957e-11,0.0,0.0,0.0,0.0,0.013888888888888888,0.0,0.0,0.0
1.0,100.0,0.046911283785837095,6.375877617866594,0.0,0.0,0.013888888888888888,0.0,0.0,1.0
2.0,8.427713299218234e-09,0.0007537697542290527,0.13488813380134343,0.0,0.0,0.013888888888888888,0.0,0.0,1.0
3.0,8.408477404684056e-09,1.2104963609229244e-05,0.0,0.0,0.0,0.013888888888888888,0.0,0.0,1.0
4.0,2.747771464196098e-11,0.0,0.0,0.0,0.0,0.013888888888888888,0.0,0.0,0.0
1.0,100.0,0.046911235412333226,6.375869354190629,0.0,0.0,0.013888888888888888,0.0,0.0,1.0
2.0,8.32233181163155e-09,0.0007536774544065296,0.13487314453423796,0.0,0.0,0.013888888888888888,0.0,0.0,1.0
3.0,8.307937501224478e-09,1.2101996144425688e-05,0.0,0.0,0.0,0.013888888888888888,0.0,0.0,1.0
4.0,2.2497769514823097e-11,0.0,0.0,0.0,0.0,0.013888888888888888,0.0,0.0,0.0
1.0,100.0,0.04691118704053002,6.375861088210705,0.0,0.0,0.013888888888888888,0.0,0.0,1.0
2.0,8.219820394152467e-09,0.0007535851639067147,0.13485815587103953,0.0,0.0,0.013888888888888888,0.0,0.0,1.0
3.0,8.199888689091294e-09,1.2099029352411188e-05,0.0,0.0,0.0,0.013888888888888888,0.0,0.0,1.0
4.0,1.8372966954193087e-11,0.0,0.0,0.0,0.0,0.013888888888888888,0.0,0.0,0.0
1.0,100.0,0.04691113867058278,6.375852819924003,0.0,0.0,0.013888888888888888,0.0,0.0,1.0
2.0,8.13235551453001e-09,0.0007534928825152122,0.13484316777942656,0.0,0.0,0.013888888888888888,0.0,0.0,1.0
3.0,8.119410773579547e-09,1.2096063294128523e-05,0.0,0.0,0.0,0.013888888888888888,0.0,0.0,1.0
4.0,1.902689676278182e-11,0.0,0.0,0.0,0.0,0.013888888888888888,0.0,0.0,0.0
1.0,100.0,0.04691109030233507,6.375844549313174,0.0,0.0,0.013888888888888888,0.0,0.0,1.0
2.0,8.02661135727972e-09,0.000753400610442371,0.1348281802938521,0.0,0.0,0.013888888888888888,0.0,0.0,1.0
3.0,8.0009248087e-09,1.2093097683735806e-05,0.0,0.0,0.0,0.013888888888888888,0.0,0.0,1.0
4.0,2.4912279368416653e-11,0.0,0.0,0.0,0.0,0.013888888888888888,0.0,0.0,0.0
1.0,100.0,0.046911041935910947,6.375836276431107,0.0,0.0,0.013888888888888888,0.0,0.0,1.0
2.0,7.942509336978096e-09,0.0007533083476179509,0.13481319341807435,0.0,0.0,0.013888888888888888,0.0,0.0,1.0
3.0,7.924186646090056e-09,1.2090132973765856e-05,0.0,0.0,0.0,0.013888888888888888,0.0,0.0,1.0
4.0,1.6549498421117348e-11,0.0,0.0,0.0,0.0,0.013888888888888888,0.0,0.0,0.0
1.0,100.0,0.046910993571246555,6.3758280012260995,0.0,0.0,0.013888888888888888,0.0,0.0,1.0
2.0,7.84946332959309e-09,0.000753216094156935,0.13479820710931295,0.0,0.0,0.013888888888888888,0.0,0.0,1.0
3.0,7.829865002073397e-09,1.2087168719450777e-05,0.0,0.0,0.0,0.013888888888888888,0.0,0.0,1.0
4.0,2.26360898239371e-11,0.0,0.0,0.0,0.0,0.013888888888888888,0.0,0.0,0.0
1.0,100.0,0.04691094520835609,6.3758197237379814,0.0,0.0,0.013888888888888888,0.0,0.0,1.0
2.0,7.767361577023583e-09,0.0007531238499091874,0.13478322142841573,0.0,0.0,0.013888888888888888,0.0,0.0,1.0
3.0,7.75319917146431e-09,1.2084205300696172e-05,0.0,0.0,0.0,0.013888888888888888,0.0,0.0,1.0
4.0,2.279957045791106e-11,0.0,0.0,0.0,0.0,0.013888888888888888,0.0,0.0,0.0
1.0,100.0,0.04691089675039487,6.375811464375566,0.0,0.0,0.013888888888888888,0.0,0.0,1.0
2.0,3.1773672219900836e-08,0.0007530316081740413,0.13476823289181253,0.0,0.0,0.013888888888888888,0.0,0.0,1.0
3.0,3.171705149515612e-08,1.2081239089787965e-05,0.0,0.0,0.0,0.013888888888888888,0.0,0.0,1.0
4.0,6.48020688586113e-11,0.0,0.0,0.0,0.0,0.013888888888888888,0.0,0.0,0.0
1.0,100.0,0.04691084830118962,6.375803204689197,0.0,0.0,0.013888888888888888,0.0,0.0,1.0
2.0,2.989578087099932e-08,0.0007529393793478404,0.13475324940555747,0.0,0.0,0.013888888888888888,0.0,0.0,1.0
3.0,2.987044211314241e-08,1.2078276228784919e-05,0.0,0.0,0.0,0.013888888888888888,0.0,0.0,1.0
4.0,6.201325395274358e-11,0.0,0.0,0.0,0.0,0.013888888888888888,0.0,0.0,0.0
1.0,100.0,0.04691079985918812,6.375794941729768,0.0,0.0,0.013888888888888888,0.0,0.0,1.0
2.0,2.815865162697018e-08,0.0007528471606591141,0.13473826649389012,0.0,0.0,0.013888888888888888,0.0,0.0,1.0
3.0,2.8141198589233143e-08,1.2075314608696905e-05,0.0,0.0,0.0,0.013888888888888888,0.0,0.0,1.0
4.0,5.715722304993224e-11,0.0,0.0,0.0,0.0,0.013888888888888888,0.0,0.0,0.0
1.0,100.0,0.0469107514243197,6.375786675527668,0.0,0.0,0.013888888888888888,0.0,0.0,1.0
2.0,2.6595524628653787e-08,0.0007527549508519479,0.13472328404069045,0.0,0.0,0.013888888888888888,0.0,0.0,1.0
3.0,2.658044889472961e-08,1.2072353900899194e-05,0.0,0.0,0.0,0.013888888888888888,0.0,0.0,1.0
4.0,5.708060195195518e-11,0.0,0.0,0.0,0.0,0.013888888888888888,0.0,0.0,0.0
1.0,100.0,0.0469107029950649,6.375778405956302,0.0,0.0,0.013888888888888888,0.0,0.0,1.0
2.0,2.515783967048268e-08,0.0007526627521718527,0.1347083024174148,0.0,0.0,0.013888888888888888,0.0,0.0,1.0
3.0,2.514693874009089e-08,1.2069394138408587e-05,0.0,0.0,0.0,0.013888888888888888,0.0,0.0,1.0
4.0,5.366002746569444e-11,0.0,0.0,0.0,0.0,0.013888888888888888,0.0,0.0,0.0
1.0,100.0,0.04691065457158347,6.3757701331176015,0.0,0.0,0.013888888888888888,0.0,0.0,1.0
2.0,2.385633905269753e-08,0.0007525705620401225,0.13469332121492222,0.0,0.0,0.013888888888888888,0.0,0.0,1.0
3.0,2.385691888410056e-08,1.2066434660698724e-05,0.0,0.0,0.0,0.013888888888888888,0.0,0.0,1.0
4.0,5.4722125785441614e-11,0.0,0.0,0.0,0.0,0.013888888888888888,0.0,0.0,0.0
1.0,100.0,0.04691060615364467,6.375761857117558,0.0,0.0,0.013888888888888888,0.0,0.0,1.0
2.0,2.2649579655811947e-08,0.000752478382514335,0.13467834072559104,0.0,0.0,0.013888888888888888,0.0,0.0,1.0
3.0,2.264956515473756e-08,1.2063475988838879e-05,0.0,0.0,0.0,0.013888888888888888,0.0,0.0,1.0
4.0,4.752311755811471e-11,0.0,0.0,0.0,0.0,0.013888888888888888,0.0,0.0,0.0
1.0,100.0,0.04691055774111149,6.375753577893457,0.0,0.0,0.013888888888888888,0.0,0.0,1.0
2.0,2.1535793552773e-08,0.0007523862112097195,0.13466336065983042,0.0,0.0,0.013888888888888888,0.0,0.0,1.0
3.0,2.1529676252721628e-08,1.2060517739383065e-05,0.0,0.0,0.0,0.013888888888888888,0.0,0.0,1.0
4.0,4.951004745389301e-11,0.0,0.0,0.0,0.0,0.013888888888888888,0.0,0.0,0.0
1.0,100.0,0.04691050933346963,6.375745295687928,0.0,0.0,0.013888888888888888,0.0,0.0,1.0
2.0,2.0523171497365e-08,0.0007522940495333253,0.1346483811197655,0.0,0.0,0.013888888888888888,0.0,0.0,1.0
3.0,2.051819937323872e-08,1.2057561426452596e-05,0.0,0.0,0.0,0.013888888888888888,0.0,0.0,1.0
4.0,5.0440628528655146e-11,0.0,0.0,0.0,0.0,0.013888888888888888,0.0,0.0,0.0
1.0,100.0,0.046910460930646936,6.375737010476697,0.0,0.0,0.013888888888888888,0.0,0.0,1.0
2.0,1.9578141284181424e-08,0.0007522018972200252,0.1346334022261073,0.0,0.0,0.013888888888888888,0.0,0.0,1.0
3.0,1.95689363256911e-08,1.2054604570460268e-05,0.0,0.0,0.0,0.013888888888888888,0.0,0.0,1.0
4.0,5.4401922244050275e-11,0.0,0.0,0.0,0.0,0.013888888888888888,0.0,0.0,0.0
1.0,100.0,0.0469104125327305,6.375728722459511,0.0,0.0,0.013888888888888888,0.0,0.0,1.0
2.0,1.8698615858858712e-08,0.0007521097544171502,0.13461842394591306,0.0,0.0,0.013888888888888888,0.0,0.0,1.0
3.0,1.869897825551761e-08,1.2051648379129585e-05,0.0,0.0,0.0,0.013888888888888888,0.0,0.0,1.0
4.0,4.525947191644894e-11,0.0,0.0,0.0,0.0,0.013888888888888888,0.0,0.0,0.0
1.0,100.0,0.04691036413899179,6.375720431409931,0.0,0.0,0.013888888888888888,0.0,0.0,1.0
2.0,1.7893438130325185e-08,0.0007520176212250256,0.13460344630921844,0.0,0.0,0.013888888888888888,0.0,0.0,1.0
3.0,1.7894815249055185e-08,1.204869301120883e-05,0.0,0.0,0.0,0.013888888888888888,0.0,0.0,1.0
4.0,3.727397786389861e-11,0.0,0.0,0.0,0.0,0.013888888888888888,0.0,0.0,0.0
1.0,100.0,0.04691031574947532,6.375712137496528,0.0,0.0,0.013888888888888888,0.0,0.0,1.0
2.0,1.7131282505984495e-08,0.0007519254973645341,0.13458846920327425,0.0,0.0,0.013888888888888888,0.0,0.0,1.0
3.0,1.712581749823704e-08,1.2045738119273753e-05,0.0,0.0,0.0,0.013888888888888888,0.0,0.0,1.0
4.0,4.4718703755905964e-11,0.0,0.0,0.0,0.0,0.013888888888888888,0.0,0.0,0.0
1.0,100.0,0.04691026736414191,6.375703840786638,0.0,0.0,0.013888888888888888,0.0,0.0,1.0
2.0,1.6424717286223308e-08,0.0007518333830161304,0.1345734926687747,0.0,0.0,0.013888888888888888,0.0,0.0,1.0
3.0,1.6429095089778116e-08,1.2042783845453005e-05,0.0,0.0,0.0,0.013888888888888888,0.0,0.0,1.0
4.0,3.8849406485747966e-11,0.0,0.0,0.0,0.0,0.013888888888888888,0.0,0.0,0.0
1.0,100.0,0.046910218982776725,6.375695541312336,0.0,0.0,0.013888888888888888,0.0,0.0,1.0
2.0,1.577538077052641e-08,0.0007517412781690623,0.13455851675136027,0.0,0.0,0.013888888888888888,0.0,0.0,1.0
3.0,1.577583014589728e-08,1.2039830212865072e-05,0.0,0.0,0.0,0.013888888888888888,0.0,0.0,1.0
4.0,4.40647569504723e-11,0.0,0.0,0.0,0.0,0.013888888888888888,0.0,0.0,0.0
1.0,100.0,0.04691017060540795,6.3756872393843835,0.0,0.0,0.013888888888888888,0.0,0.0,1.0
2.0,1.5152831439259288e-08,0.0007516491838046062,0.1345435416620489,0.0,0.0,0.013888888888888888,0.0,0.0,1.0
3.0,1.5155281273195332e-08,1.2036878142638446e-05,0.0,0.0,0.0,0.013888888888888888,0.0,0.0,1.0
4.0,3.532473703742952e-11,0.0,0.0,0.0,0.0,0.013888888888888888,0.0,0.0,0.0
1.0,100.0,0.046910122231660564,6.375678934456425,0.0,0.0,0.013888888888888888,0.0,0.0,1.0
2.0,1.4577088526403258e-08,0.0007515570981265311,0.13452856721372472,0.0,0.0,0.013888888888888888,0.0,0.0,1.0
3.0,1.4577233485122368e-08,1.2033926017865568e-05,0.0,0.0,0.0,0.013888888888888888,0.0,0.0,1.0
4.0,3.5349881540342496e-11,0.0,0.0,0.0,0.0,0.013888888888888888,0.0,0.0,0.0
1.0,100.0,0.046910073861658415,6.375670626920931,0.0,0.0,0.013888888888888888,0.0,0.0,1.0
2.0,1.403946905078706e-08,0.0007514650217991818,0.1345135931173387,0.0,0.0,0.013888888888888888,0.0,0.0,1.0
3.0,1.4046383686642883e-08,1.2030974418996534e-05,0.0,0.0,0.0,0.013888888888888888,0.0,0.0,1.0
4.0,3.608078313114424e-11,0.0,0.0,0.0,0.0,0.013888888888888888,0.0,0.0,0.0
1.0,100.0,0.04691002549514999,6.375662316694716,0.0,0.0,0.013888888888888888,0.0,0.0,1.0
2.0,1.352994185479397e-08,0.0007513729550839461,0.1344986196538983,0.0,0.0,0.013888888888888888,0.0,0.0,1.0
3.0,1.353339192652696e-08,1.2028023399730583e-05,0.0,0.0,0.0,0.013888888888888888,0.0,0.0,1.0
4.0,3.4645638009449867e-11,0.0,0.0,0.0,0.0,0.013888888888888888,0.0,0.0,0.0
1.0,100.0,0.04690997713208985,6.375654003874005,0.0,0.0,0.013888888888888888,0.0,0.0,1.0
2.0,1.3046666048060886e-08,0.0007512808979344491,0.13448364682138328,0.0,0.0,0.013888888888888888,0.0,0.0,1.0
3.0,1.3048956433070733e-08,1.202507310907995e-05,0.0,0.0,0.0,0.013888888888888888,0.0,0.0,1.0
4.0,2.8963244627711996e-11,0.0,0.0,0.0,0.0,0.013888888888888888,0.0,0.0,0.0
1.0,100.0,0.04690992877233284,6.3756456884527495,0.0,0.0,0.013888888888888888,0.0,0.0,1.0
2.0,1.2596976777420252e-08,0.0007511888503029416,0.1344686745922121,0.0,0.0,0.013888888888888888,0.0,0.0,1.0
3.0,1.2597904528099037e-08,1.202212344289303e-05,0.0,0.0,0.0,0.013888888888888888,0.0,0.0,1.0
4.0,3.0747207120829646e-11,0.0,0.0,0.0,0.0,0.013888888888888888,0.0,0.0,0.0
1.0,100.0,0.04690988041571951,6.375637370513261,0.0,0.0,0.013888888888888888,0.0,0.0,1.0
2.0,1.2176757254257916e-08,0.0007510968122518044,0.1344537029806556,0.0,0.0,0.013888888888888888,0.0,0.0,1.0
3.0,1.2178148882175328e-08,1.2019174443907395e-05,0.0,0.0,0.0,0.013888888888888888,0.0,0.0,1.0
4.0,3.4670771294253845e-11,0.0,0.0,0.0,0.0,0.013888888888888888,0.0,0.0,0.0
1.0,100.0,0.046909832062576304,6.375629050015058,0.0,0.0,0.013888888888888888,0.0,0.0,1.0
2.0,1.1772511662934423e-08,0.0007510047838215589,0.13443873201667317,0.0,0.0,0.013888888888888888,0.0,0.0,1.0
3.0,1.1773584376629841e-08,1.2016226148447167e-05,0.0,0.0,0.0,0.013888888888888888,0.0,0.0,1.0
4.0,3.552590235948957e-11,0.0,0.0,0.0,0.0,0.013888888888888888,0.0,0.0,0.0
1.0,100.0,0.046909783712583975,6.375620726997972,0.0,0.0,0.013888888888888888,0.0,0.0,1.0
2.0,1.1394082962367272e-08,0.0007509127648693292,0.13442376170036008,0.0,0.0,0.013888888888888888,0.0,0.0,1.0
3.0,1.1400823675307308e-08,1.2013278482259634e-05,0.0,0.0,0.0,0.013888888888888888,0.0,0.0,1.0
4.0,3.011841502118626e-11,0.0,0.0,0.0,0.0,0.013888888888888888,0.0,0.0,0.0
1.0,100.0,0.04690973536566438,6.375612401479265,0.0,0.0,0.013888888888888888,0.0,0.0,1.0
2.0,1.1026163280161426e-08,0.0007508207555692487,0.13440879199526504,0.0,0.0,0.013888888888888888,0.0,0.0,1.0
3.0,1.1020799696300894e-08,1.2010331436887764e-05,0.0,0.0,0.0,0.013888888888888888,0.0,0.0,1.0
4.0,3.3526380687681026e-11,0.0,0.0,0.0,0.0,0.013888888888888888,0.0,0.0,0.0
1.0,100.0,0.0469096870217784,6.375604073505689,0.0,0.0,0.013888888888888888,0.0,0.0,1.0
2.0,1.0691250733831323e-08,0.0007507287558724189,0.1343938229486417,0.0,0.0,0.013888888888888888,0.0,0.0,1.0
3.0,1.069017801546205e-08,1.2007385100602542e-05,0.0,0.0,0.0,0.013888888888888888,0.0,0.0,1.0
4.0,3.4016821335923646e-11,0.0,0.0,0.0,0.0,0.013888888888888888,0.0,0.0,0.0
1.0,100.0,0.046909638680954074,6.375595743078584,0.0,0.0,0.013888888888888888,0.0,0.0,1.0
2.0,1.0367079266974081e-08,0.0007506367658807468,0.13437885455280366,0.0,0.0,0.013888888888888888,0.0,0.0,1.0
3.0,1.0368282449497624e-08,1.2004439477134062e-05,0.0,0.0,0.0,0.013888888888888888,0.0,0.0,1.0
4.0,2.5893021979099696e-11,0.0,0.0,0.0,0.0,0.013888888888888888,0.0,0.0,0.0
1.0,100.0,0.046909590342736146,6.37558741026379,0.0,0.0,0.013888888888888888,0.0,0.0,1.0
2.0,1.0053706906781726e-08,0.0007505447846019038,0.13436388692371995,0.0,0.0,0.013888888888888888,0.0,0.0,1.0
3.0,1.004796641179254e-08,1.2001493734846197e-05,0.0,0.0,0.0,0.013888888888888888,0.0,0.0,1.0
4.0,2.9816583738907043e-11,0.0,0.0,0.0,0.0,0.013888888888888888,0.0,0.0,0.0
1.0,100.0,0.04690954200777518,6.37557907496434,0.0,0.0,0.013888888888888888,0.0,0.0,1.0
2.0,9.771384892886464e-09,0.0007504528139137535,0.1343489197869298,0.0,0.0,0.013888888888888888,0.0,0.0,1.0
3.0,9.775356852291759e-09,1.1998549419332779e-05,0.0,0.0,0.0,0.013888888888888888,0.0,0.0,1.0
4.0,2.6622394974679372e-11,0.0,0.0,0.0,0.0,0.013888888888888888,0.0,0.0,0.0
1.0,100.0,0.046909493675637834,6.375570737262154,0.0,0.0,0.013888888888888888,0.0,0.0,1.0
2.0,9.486090684527539e-09,0.0007503608527110823,0.13433395332140205,0.0,0.0,0.013888888888888888,0.0,0.0,1.0
3.0,9.486916967841407e-09,1.1995605774160739e-05,0.0,0.0,0.0,0.013888888888888888,0.0,0.0,1.0
4.0,3.370241294655113e-11,0.0,0.0,0.0,0.0,0.013888888888888888,0.0,0.0,0.0
1.0,100.0,0.04690944534634876,6.375562397406203,0.0,0.0,0.013888888888888888,0.0,0.0,1.0
2.0,9.219873047942712e-09,0.0007502689011439532,0.13431898751124968,0.0,0.0,0.013888888888888888,0.0,0.0,1.0
3.0,9.226396347294075e-09,1.1992662741556812e-05,0.0,0.0,0.0,0.013888888888888888,0.0,0.0,1.0
4.0,2.630799919769875e-11,0.0,0.0,0.0,0.0,0.013888888888888888,0.0,0.0,0.0
1.0,100.0,0.046909397019786,6.375554054934921,0.0,0.0,0.013888888888888888,0.0,0.0,1.0
2.0,8.967556877014893e-09,0.0007501769592601169,0.13430402253643833,0.0,0.0,0.013888888888888888,0.0,0.0,1.0
3.0,8.968600604834319e-09,1.1989720440870423e-05,0.0,0.0,0.0,0.013888888888888888,0.0,0.0,1.0
4.0,2.835780587179896e-11,0.0,0.0,0.0,0.0,0.013888888888888888,0.0,0.0,0.0
1.0,100.0,0.04690934869601922,6.37554571010543,0.0,0.0,0.013888888888888888,0.0,0.0,1.0
2.0,8.730432374462572e-09,0.0007500850270331797,0.1342890580087448,0.0,0.0,0.013888888888888888,0.0,0.0,1.0
3.0,8.735332102456548e-09,1.1986778745743502e-05,0.0,0.0,0.0,0.013888888888888888,0.0,0.0,1.0
4.0,2.4937259997268994e-11,0.0,0.0,0.0,0.0,0.013888888888888888,0.0,0.0,0.0
1.0,100.0,0.04690930037500432,6.375537362930915,0.0,0.0,0.013888888888888888,0.0,0.0,1.0
2.0,8.491741916803431e-09,0.0007499931045583682,0.13427409413505614,0.0,0.0,0.013888888888888888,0.0,0.0,1.0
3.0,8.500541137888519e-09,1.1983837746050259e-05,0.0,0.0,0.0,0.013888888888888888,0.0,0.0,1.0
4.0,2.2862295775860007e-11,0.0,0.0,0.0,0.0,0.013888888888888888,0.0,0.0,0.0
1.0,100.0,0.04690925205668042,6.375529013435349,0.0,0.0,0.013888888888888888,0.0,0.0,1.0
2.0,8.278100636694118e-09,0.0007499011917374149,0.13425913093849823,0.0,0.0,0.013888888888888888,0.0,0.0,1.0
3.0,8.290451444853058e-09,1.1980897393498188e-05,0.0,0.0,0.0,0.013888888888888888,0.0,0.0,1.0
4.0,2.5691784394063328e-11,0.0,0.0,0.0,0.0,0.013888888888888888,0.0,0.0,0.0
1.0,100.0,0.04690920374099778,6.375520661619818,0.0,0.0,0.013888888888888888,0.0,0.0,1.0
2.0,8.052398153702077e-09,0.0007498092885041845,0.1342441683959178,0.0,0.0,0.013888888888888888,0.0,0.0,1.0
3.0,8.060762496269611e-09,1.1977957662722242e-05,0.0,0.0,0.0,0.013888888888888888,0.0,0.0,1.0
4.0,1.8687218102525265e-11,0.0,0.0,0.0,0.0,0.013888888888888888,0.0,0.0,0.0
1.0,100.0,0.04690915542794665,6.3755123074823405,0.0,0.0,0.013888888888888888,0.0,0.0,1.0
2.0,7.865646831598186e-09,0.0007497173952046895,0.1342292065306651,0.0,0.0,0.013888888888888888,0.0,0.0,1.0
3.0,7.875765227080467e-09,1.1975018764285732e-05,0.0,0.0,0.0,0.013888888888888888,0.0,0.0,1.0
4.0,2.129034733722004e-11,0.0,0.0,0.0,0.0,0.013888888888888888,0.0,0.0,0.0
1.0,100.0,0.046909107117527764,6.375503951021322,0.0,0.0,0.013888888888888888,0.0,0.0,1.0
2.0,7.660195046103884e-09,0.0007496255113871825,0.13421424530492232,0.0,0.0,0.013888888888888888,0.0,0.0,1.0
3.0,7.670052513711358e-09,1.1972080450558074e-05,0.0,0.0,0.0,0.013888888888888888,0.0,0.0,1.0
4.0,2.1680185537782483e-11,0.0,0.0,0.0,0.0,0.013888888888888888,0.0,0.0,0.0
1.0,100.0,0.04690905880944586,6.375495592379546,0.0,0.0,0.013888888888888888,0.0,0.0,1.0
2.0,7.474399944987162e-09,0.0007495336374529865,0.13419928476863752,0.0,0.0,0.013888888888888888,0.0,0.0,1.0
3.0,7.467934601813628e-09,1.1969142766288275e-05,0.0,0.0,0.0,0.013888888888888888,0.0,0.0,1.0
4.0,3.384070297315394e-11,0.0,0.0,0.0,0.0,0.013888888888888888,0.0,0.0,0.0
1.0,100.0,0.04690901050424456,6.375487231319966,0.0,0.0,0.013888888888888888,0.0,0.0,1.0
2.0,7.298751998201854e-09,0.0007494417732255499,0.1341843248710694,0.0,0.0,0.013888888888888888,0.0,0.0,1.0
3.0,7.306391542968835e-09,1.1966205743300042e-05,0.0,0.0,0.0,0.013888888888888888,0.0,0.0,1.0
4.0,2.428331078208843e-11,0.0,0.0,0.0,0.0,0.013888888888888888,0.0,0.0,0.0
1.0,100.0,0.04690896220154298,6.375478868102992,0.0,0.0,0.013888888888888888,0.0,0.0,1.0
2.0,7.122741411677937e-09,0.0007493499186039385,0.13416936574186333,0.0,0.0,0.013888888888888888,0.0,0.0,1.0
3.0,7.13012002673312e-09,1.1963269342663313e-05,0.0,0.0,0.0,0.013888888888888888,0.0,0.0,1.0
4.0,1.8636904279599276e-11,0.0,0.0,0.0,0.0,0.013888888888888888,0.0,0.0,0.0
1.0,100.0,0.04690891390148472,6.375470502535699,0.0,0.0,0.013888888888888888,0.0,0.0,1.0
2.0,6.959516339874713e-09,0.0007492580739642016,0.13415440718106247,0.0,0.0,0.013888888888888888,0.0,0.0,1.0
3.0,6.967155891870432e-09,1.196033372937751e-05,0.0,0.0,0.0,0.013888888888888888,0.0,0.0,1.0
4.0,1.6873698458100754e-11,0.0,0.0,0.0,0.0,0.013888888888888888,0.0,0.0,0.0
1.0,100.0,0.046908865603878615,6.3754621347479805,0.0,0.0,0.013888888888888888,0.0,0.0,1.0
2.0,6.8001905680600875e-09,0.0007491662377787334,0.1341394495422569,0.0,0.0,0.013888888888888888,0.0,0.0,1.0
3.0,6.803553711784113e-09,1.1957397500840924e-05,0.0,0.0,0.0,0.013888888888888888,0.0,0.0,1.0
4.0,2.518873838901768e-11,0.0,0.0,0.0,0.0,0.013888888888888888,0.0,0.0,0.0
1.0,100.0,0.04690881730881624,6.375453764730291,0.0,0.0,0.013888888888888888,0.0,0.0,1.0
2.0,6.645256982146323e-09,0.0007490744125449179,0.13412449238287932,0.0,0.0,0.013888888888888888,0.0,0.0,1.0
3.0,6.653099489562025e-09,1.1954463260234375e-05,0.0,0.0,0.0,0.013888888888888888,0.0,0.0,1.0
4.0,2.124002701977799e-11,0.0,0.0,0.0,0.0,0.013888888888888888,0.0,0.0,0.0
1.0,100.0,0.04690876901626443,6.375445392478671,0.0,0.0,0.013888888888888888,0.0,0.0,1.0
2.0,6.4967015898494485e-09,0.0007489825971536249,0.1341095359010169,0.0,0.0,0.013888888888888888,0.0,0.0,1.0
3.0,6.508661056787235e-09,1.1951529579101642e-05,0.0,0.0,0.0,0.013888888888888888,0.0,0.0,1.0
4.0,1.5568472698442107e-11,0.0,0.0,0.0,0.0,0.013888888888888888,0.0,0.0,0.0
1.0,100.0,0.04690872072617726,6.375437018007034,0.0,0.0,0.013888888888888888,0.0,0.0,1.0
2.0,6.355452169777459e-09,0.0007488907916021918,0.13409458008360337,0.0,0.0,0.013888888888888888,0.0,0.0,1.0
3.0,6.3686728226726746e-09,1.1948596614617752e-05,0.0,0.0,0.0,0.013888888888888888,0.0,0.0,1.0
4.0,1.759312665548816e-11,0.0,0.0,0.0,0.0,0.013888888888888888,0.0,0.0,0.0
1.0,100.0,0.04690867243852238,6.3754286413370025,0.0,0.0,0.013888888888888888,0.0,0.0,1.0
2.0,6.2102595789017955e-09,0.0007487989956588701,0.13407962498754394,0.0,0.0,0.013888888888888888,0.0,0.0,1.0
3.0,6.218783424417729e-09,1.1945664231573419e-05,0.0,0.0,0.0,0.013888888888888888,0.0,0.0,1.0
4.0,2.3050891704545227e-11,0.0,0.0,0.0,0.0,0.013888888888888888,0.0,0.0,0.0
1.0,100.0,0.04690862415339901,6.375420262448104,0.0,0.0,0.013888888888888888,0.0,0.0,1.0
2.0,6.07980960236566e-09,0.000748707209730612,0.1340646705871581,0.0,0.0,0.013888888888888888,0.0,0.0,1.0
3.0,6.082114520479336e-09,1.194273254638106e-05,0.0,0.0,0.0,0.013888888888888888,0.0,0.0,1.0
4.0,2.4509646965326192e-11,0.0,0.0,0.0,0.0,0.013888888888888888,0.0,0.0,0.0
1.0,100.0,0.04690857587073675,6.3754118813790255,0.0,0.0,0.013888888888888888,0.0,0.0,1.0
2.0,5.959724365481627e-09,0.0007486154334669837,0.13404971685934855,0.0,0.0,0.013888888888888888,0.0,0.0,1.0
3.0,5.965914306004285e-09,1.1939801688886424e-05,0.0,0.0,0.0,0.013888888888888888,0.0,0.0,1.0
4.0,1.8674613496421358e-11,0.0,0.0,0.0,0.0,0.013888888888888888,0.0,0.0,0.0
1.0,100.0,0.04690852759047519,6.375403498100654,0.0,0.0,0.013888888888888888,0.0,0.0,1.0
2.0,5.823707497566296e-09,0.0007485236672380831,0.1340347638127941,0.0,0.0,0.013888888888888888,0.0,0.0,1.0
3.0,5.81963402159482e-09,1.1936871328838143e-05,0.0,0.0,0.0,0.013888888888888888,0.0,0.0,1.0
4.0,2.8093657895535004e-11,0.0,0.0,0.0,0.0,0.013888888888888888,0.0,0.0,0.0
1.0,100.0,0.046908479312748524,6.375395112660072,0.0,0.0,0.013888888888888888,0.0,0.0,1.0
2.0,5.713508500827732e-09,0.0007484319107642983,0.1340198114710988,0.0,0.0,0.013888888888888888,0.0,0.0,1.0
3.0,5.715581480034964e-09,1.1933941637547303e-05,0.0,0.0,0.0,0.013888888888888888,0.0,0.0,1.0
4.0,2.4899479230529252e-11,0.0,0.0,0.0,0.0,0.013888888888888888,0.0,0.0,0.0
1.0,100.0,0.04690843104397941,6.375386725032596,0.0,0.0,0.013888888888888888,0.0,0.0,1.0
2.0,5.5934518524978275e-09,0.0007483401642463957,0.13400485985439156,0.0,0.0,0.013888888888888888,0.0,0.0,1.0
3.0,5.599598311410761e-09,1.1931012735847929e-05,0.0,0.0,0.0,0.013888888888888888,0.0,0.0,1.0
4.0,2.186878269638965e-11,0.0,0.0,0.0,0.0,0.013888888888888888,0.0,0.0,0.0
1.0,100.0,0.04690838277793876,6.375378335251759,0.0,0.0,0.013888888888888888,0.0,0.0,1.0
2.0,5.474728743078418e-09,0.0007482484277037498,0.13398990889415033,0.0,0.0,0.013888888888888888,0.0,0.0,1.0
3.0,5.485325590517547e-09,1.192808440072478e-05,0.0,0.0,0.0,0.013888888888888888,0.0,0.0,1.0
4.0,1.820931224051725e-11,0.0,0.0,0.0,0.0,0.013888888888888888,0.0,0.0,0.0
1.0,100.0,0.046908334514102736,6.375369943303307,0.0,0.0,0.013888888888888888,0.0,0.0,1.0
2.0,5.366660347769908e-09,0.000748156701026429,0.13397495867451592,0.0,0.0,0.013888888888888888,0.0,0.0,1.0
3.0,5.3696610975808125e-09,1.192515668916645e-05,0.0,0.0,0.0,0.013888888888888888,0.0,0.0,1.0
4.0,1.79074985569756e-11,0.0,0.0,0.0,0.0,0.013888888888888888,0.0,0.0,0.0
1.0,100.0,0.046908286252574954,6.375361549197719,0.0,0.0,0.013888888888888888,0.0,0.0,1.0
2.0,5.266898267555547e-09,0.0007480649842102438,0.13396000912380407,0.0,0.0,0.013888888888888888,0.0,0.0,1.0
3.0,5.277480626694398e-09,1.1922229849656776e-05,0.0,0.0,0.0,0.013888888888888888,0.0,0.0,1.0
4.0,1.4977407702267563e-11,0.0,0.0,0.0,0.0,0.013888888888888888,0.0,0.0,0.0
1.0,100.0,0.04690823799332157,6.375353152953876,0.0,0.0,0.013888888888888888,0.0,0.0,1.0
2.0,5.166904141716997e-09,0.0007479732773318916,0.13394506028752173,0.0,0.0,0.013888888888888888,0.0,0.0,1.0
3.0,5.173224566685927e-09,1.1919303490071745e-05,0.0,0.0,0.0,0.013888888888888888,0.0,0.0,1.0
4.0,2.288738809325888e-11,0.0,0.0,0.0,0.0,0.013888888888888888,0.0,0.0,0.0
1.0,100.0,0.04690818973625983,6.3753447545838045,0.0,0.0,0.013888888888888888,0.0,0.0,1.0
2.0,5.04938377498345e-09,0.0007478815803070171,0.13393011218468803,0.0,0.0,0.013888888888888888,0.0,0.0,1.0
3.0,5.054443016050522e-09,1.1916377813734043e-05,0.0,0.0,0.0,0.013888888888888888,0.0,0.0,1.0
4.0,1.7178114812282905e-11,0.0,0.0,0.0,0.0,0.013888888888888888,0.0,0.0,0.0
1.0,100.0,0.04690814148151946,6.375336354080869,0.0,0.0,0.013888888888888888,0.0,0.0,1.0
2.0,4.967814365524014e-09,0.0007477898932061731,0.1339151647574066,0.0,0.0,0.013888888888888888,0.0,0.0,1.0
3.0,4.970481702640885e-09,1.1913451811882318e-05,0.0,0.0,0.0,0.013888888888888888,0.0,0.0,1.0
4.0,1.944170046020771e-11,0.0,0.0,0.0,0.0,0.013888888888888888,0.0,0.0,0.0
1.0,100.0,0.04690809322900306,6.375327951413007,0.0,0.0,0.013888888888888888,0.0,0.0,1.0
2.0,4.868936166407939e-09,0.0007476982159973202,0.13390021804400132,0.0,0.0,0.013888888888888888,0.0,0.0,1.0
3.0,4.871371562023689e-09,1.1910527491123997e-05,0.0,0.0,0.0,0.013888888888888888,0.0,0.0,1.0
4.0,2.8345141315739e-11,0.0,0.0,0.0,0.0,0.013888888888888888,0.0,0.0,0.0
1.0,100.0,0.046908044978733576,6.375319546664107,0.0,0.0,0.013888888888888888,0.0,0.0,1.0
2.0,4.779813956819001e-09,0.0007476065487297859,0.13388527204862416,0.0,0.0,0.013888888888888888,0.0,0.0,1.0
3.0,4.784539785919835e-09,1.1907603971851325e-05,0.0,0.0,0.0,0.013888888888888888,0.0,0.0,1.0
4.0,2.044773524224996e-11,0.0,0.0,0.0,0.0,0.013888888888888888,0.0,0.0,0.0
1.0,100.0,0.046907996730575066,6.3753111400066125,0.0,0.0,0.013888888888888888,0.0,0.0,1.0
2.0,4.754121672258459e-09,0.0007475148902835604,0.13387032696875967,0.0,0.0,0.013888888888888888,0.0,0.0,1.0
3.0,4.6945332118220315e-09,1.1904680927981255e-05,0.0,0.0,0.0,0.013888888888888888,0.0,0.0,1.0
4.0,2.0397431319501674e-11,0.0,0.0,0.0,0.0,0.013888888888888888,0.0,0.0,0.0
1.0,100.0,0.04690794848484399,6.375302731031429,0.0,0.0,0.013888888888888888,0.0,0.0,1.0
2.0,4.755869762604397e-09,0.0007474232430352769,0.1338553824208051,0.0,0.0,0.013888888888888888,0.0,0.0,1.0
3.0,4.600742988678699e-09,1.190175870701782e-05,0.0,0.0,0.0,0.013888888888888888,0.0,0.0,1.0
4.0,1.1278213967856018e-11,0.0,0.0,0.0,0.0,0.013888888888888888,0.0,0.0,0.0
1.0,100.0,0.0469079002413987,6.37529431995707,0.0,0.0,0.013888888888888888,0.0,0.0,1.0
2.0,4.7576180568330075e-09,0.0007473316056425659,0.13384043855896383,0.0,0.0,0.013888888888888888,0.0,0.0,1.0
3.0,4.526769292516213e-09,1.189883707578547e-05,0.0,0.0,0.0,0.013888888888888888,0.0,0.0,1.0
4.0,2.1793305594951437e-11,0.0,0.0,0.0,0.0,0.013888888888888888,0.0,0.0,0.0
1.0,100.0,0.04690785199877945,6.375285906989671,0.0,0.0,0.013888888888888888,0.0,0.0,1.0
2.0,4.759366554778334e-09,0.0007472399782262102,0.1338254954457023,0.0,0.0,0.013888888888888888,0.0,0.0,1.0
3.0,4.429673723077957e-09,1.1895916203237793e-05,0.0,0.0,0.0,0.013888888888888888,0.0,0.0,1.0
4.0,1.4725884841999698e-11,0.0,0.0,0.0,0.0,0.013888888888888888,0.0,0.0,0.0
1.0,100.0,0.04690780375988239,6.3752774917295145,0.0,0.0,0.013888888888888888,0.0,0.0,1.0
2.0,4.761115256333448e-09,0.0007471483607756856,0.1338105530511664,0.0,0.0,0.013888888888888888,0.0,0.0,1.0
3.0,4.363846877433437e-09,1.1892996044447793e-05,0.0,0.0,0.0,0.013888888888888888,0.0,0.0,1.0
4.0,1.3568939582787089e-11,0.0,0.0,0.0,0.0,0.013888888888888888,0.0,0.0,0.0
1.0,100.0,0.046907755523241626,6.375269074385851,0.0,0.0,0.013888888888888888,0.0,0.0,1.0
2.0,4.762864161392313e-09,0.0007470567532874507,0.13379561139021534,0.0,0.0,0.013888888888888888,0.0,0.0,1.0
3.0,4.279508018983798e-09,1.1890076414802074e-05,0.0,0.0,0.0,0.013888888888888888,0.0,0.0,1.0
4.0,1.872488337128139e-11,0.0,0.0,0.0,0.0,0.013888888888888888,0.0,0.0,0.0
1.0,100.0,0.04690770728887573,6.375260654983977,0.0,0.0,0.013888888888888888,0.0,0.0,1.0
2.0,4.764613269775102e-09,0.0007469651559685147,0.13378067044598047,0.0,0.0,0.013888888888888888,0.0,0.0,1.0
3.0,4.197792944839782e-09,1.1887157394177625e-05,0.0,0.0,0.0,0.013888888888888888,0.0,0.0,1.0
4.0,1.8121258863961645e-11,0.0,0.0,0.0,0.0,0.013888888888888888,0.0,0.0,0.0
1.0,100.0,0.04690765905669469,6.3752522337518425,0.0,0.0,0.013888888888888888,0.0,0.0,1.0
2.0,4.766362581396427e-09,0.0007468735685344164,0.13376573023966812,0.0,0.0,0.013888888888888888,0.0,0.0,1.0
3.0,4.130429284923893e-09,1.1884239261922107e-05,0.0,0.0,0.0,0.013888888888888888,0.0,0.0,1.0
4.0,1.3166520677043624e-11,0.0,0.0,0.0,0.0,0.013888888888888888,0.0,0.0,0.0
1.0,100.0,0.04690761082700346,6.375243809948931,0.0,0.0,0.013888888888888888,0.0,0.0,1.0
2.0,4.768112096153204e-09,0.0007467819911574797,0.13375079073433685,0.0,0.0,0.013888888888888888,0.0,0.0,1.0
3.0,4.0566871277193764e-09,1.1881321697740063e-05,0.0,0.0,0.0,0.013888888888888888,0.0,0.0,1.0
4.0,1.2248510006763483e-11,0.0,0.0,0.0,0.0,0.013888888888888888,0.0,0.0,0.0
1.0,100.0,0.046907562599467136,6.375235384337861,0.0,0.0,0.013888888888888888,0.0,0.0,1.0
2.0,4.7698618138814345e-09,0.0007466904238108492,0.13373585198159355,0.0,0.0,0.013888888888888888,0.0,0.0,1.0
3.0,3.988410073400401e-09,1.1878404689838547e-05,0.0,0.0,0.0,0.013888888888888888,0.0,0.0,1.0
4.0,1.6700225695565426e-11,0.0,0.0,0.0,0.0,0.013888888888888888,0.0,0.0,0.0
1.0,100.0,0.046907514374133374,6.375226956922397,0.0,0.0,0.013888888888888888,0.0,0.0,1.0
2.0,4.7716117344735486e-09,0.0007465988663552466,0.1337209142308477,0.0,0.0,0.013888888888888888,0.0,0.0,1.0
3.0,3.915914492265673e-09,1.1875488440655642e-05,0.0,0.0,0.0,0.013888888888888888,0.0,0.0,1.0
4.0,1.2877281316962595e-11,0.0,0.0,0.0,0.0,0.013888888888888888,0.0,0.0,0.0
1.0,100.0,0.046907466151187106,6.37521852723006,0.0,0.0,0.013888888888888888,0.0,0.0,1.0
2.0,4.773361857799768e-09,0.0007465073191634039,0.13370597695768557,0.0,0.0,0.013888888888888888,0.0,0.0,1.0
3.0,3.8544361666063e-09,1.1872572957278248e-05,0.0,0.0,0.0,0.013888888888888888,0.0,0.0,1.0
4.0,1.396009608723367e-11,0.0,0.0,0.0,0.0,0.013888888888888888,0.0,0.0,0.0
